<?xml version="1.0" encoding="UTF-8"?>
<div xmlns:ecep="http://www.eighteenthcenturypoetry.org/ns"
     xmlns="http://www.tei-c.org/ns/1.0"
     xmlns:tei="http://www.tei-c.org/ns/1.0"
     ana="#anapaest #trimeter #quatrain #tale #cross"
     corresp="#txt_LittJa1759_w0038"
     decls="#semi-diplomatic"
     ecep:syllab="8.8.8.8"
     met="-+|--+|--+/ -+|--+|--+/ -+|--+|--+/ -+|--+|--+/"
     rendition="#lgindent"
     rhyme="abab"
     subtype="eceptext"
     type="poem"
     xml:id="bjl92-w0380">
   <link target="authors.xml#aut_LittJa1759" type="author"/>
   <head type="main">
      <w xml:id="bjl92-226050"
         n="bjl92/000160-a-0010"
         ecep:lem="the"
         ecep:pos="dt"
         ecep:reg="THE"
         ecep:spe="THE"
         ecep:syllab="1"
         ecep:pron="ðiː">THE</w>
      <c> </c>
      <hi>
         <w xml:id="bjl92-226060"
            n="bjl92/000160-a-0020"
            ecep:lem="captivate"
            ecep:pos="vvn"
            ecep:reg="CAPTIVATED"
            ecep:spe="CAPTIVATED"
            ecep:syllab="4"
            ecep:pron="ˈkæptɪveɪtɪd">CAPTIVATED</w>
         <c> </c>
         <w xml:id="bjl92-226070"
            n="bjl92/000160-a-0030"
            ecep:lem="soldier"
            ecep:pos="n1"
            ecep:reg="SOLDIER"
            ecep:spe="SOLDIER"
            ecep:syllab="2"
            ecep:pron="ˈsəʊldʒə">SOLDIER</w>
         <pc xml:id="bjl92-226080"
             n="bjl92/000160-a-0040"
             unit="sentence"
             ecep:lem="."
             ecep:pos="."
             ecep:reg="."
             ecep:spe=".">.</pc>
         <c> </c>
      </hi>
   </head>
   <lg xml:id="bjl92-s01740">
      <l xml:id="bjl92-l09430">
         <w xml:id="bjl92-226110"
            n="bjl92/000160-a-0050"
            ecep:lem="you"
            ecep:pos="pn22"
            ecep:reg="YOU"
            ecep:spe="YE"
            ecep:syllab="1"
            ecep:pron="jiː">YE</w>
         <c> </c>
         <w xml:id="bjl92-226120"
            n="bjl92/000160-a-0060"
            ecep:lem="swain"
            ecep:pos="n2"
            ecep:reg="swains"
            ecep:spe="swains"
            ecep:syllab="1"
            ecep:pron="sweɪnz">swains</w>
         <c> </c>
         <w xml:id="bjl92-226130"
            n="bjl92/000160-a-0070"
            ecep:lem="unacquainted"
            ecep:pos="j"
            ecep:reg="unacquainted"
            ecep:spe="unacquainted"
            ecep:syllab="4"
            ecep:pron="ˌʌnəˈkweɪntɪd">unacquainted</w>
         <c> </c>
         <w xml:id="bjl92-226140"
            n="bjl92/000160-a-0080"
            ecep:lem="with"
            ecep:pos="p-acp"
            ecep:reg="with"
            ecep:spe="with"
            ecep:syllab="1"
            ecep:pron="wɪð">with</w>
         <c> </c>
         <w xml:id="bjl92-226150"
            n="bjl92/000160-a-0090"
            ecep:lem="love"
            ecep:pos="n1"
            ecep:reg="love"
            ecep:spe="love"
            ecep:syllab="1"
            ecep:pron="lʌv">love</w>
         <pc xml:id="bjl92-226160"
             n="bjl92/000160-a-0100"
             ecep:lem=","
             ecep:pos=","
             ecep:reg=","
             ecep:spe=",">,</pc>
      </l>
      <l rendition="#h_4" xml:id="bjl92-l09435">
         <c> </c>
         <w xml:id="bjl92-226170"
            n="bjl92/000160-a-0110"
            ecep:lem="attend"
            ecep:pos="vvb"
            ecep:reg="Attend"
            ecep:spe="Attend"
            ecep:syllab="2"
            ecep:pron="əˈtend">Attend</w>
         <c> </c>
         <w xml:id="bjl92-226180"
            n="bjl92/000160-a-0120"
            ecep:lem="to"
            ecep:pos="p-acp"
            ecep:reg="to"
            ecep:spe="to"
            ecep:syllab="1"
            ecep:pron="tuː">to</w>
         <c> </c>
         <w xml:id="bjl92-226190"
            n="bjl92/000160-a-0130"
            ecep:lem="my"
            ecep:pos="po11"
            ecep:reg="my"
            ecep:spe="my"
            ecep:syllab="1"
            ecep:pron="maɪ">my</w>
         <c> </c>
         <w xml:id="bjl92-226200"
            n="bjl92/000160-a-0140"
            ecep:lem="pitiful"
            ecep:pos="j"
            ecep:reg="pitiful"
            ecep:spe="pitiful"
            ecep:syllab="3"
            ecep:pron="ˈpɪtifl">pitiful</w>
         <c> </c>
         <w xml:id="bjl92-226210"
            n="bjl92/000160-a-0150"
            ecep:lem="lay"
            ecep:pos="n-jn"
            ecep:reg="lay"
            ecep:spe="lay"
            ecep:syllab="1"
            ecep:pron="leɪ">lay</w>
         <pc xml:id="bjl92-226220"
             n="bjl92/000160-a-0160"
             ecep:lem=":"
             ecep:pos=":"
             ecep:reg=":"
             ecep:spe=":">:</pc>
      </l>
      <l xml:id="bjl92-l09440">
         <c> </c>
         <w xml:id="bjl92-226230"
            n="bjl92/000160-a-0170"
            ecep:lem="my"
            ecep:pos="po11"
            ecep:reg="My"
            ecep:spe="My"
            ecep:syllab="1"
            ecep:pron="maɪ">My</w>
         <c> </c>
         <w xml:id="bjl92-226240"
            n="bjl92/000160-a-0180"
            ecep:lem="pipe"
            ecep:pos="n1"
            ecep:reg="pipe"
            ecep:spe="pipe"
            ecep:syllab="1"
            ecep:pron="paɪp">pipe</w>
         <c> </c>
         <w xml:id="bjl92-226250"
            n="bjl92/000160-a-0190"
            ecep:lem="shall"
            ecep:pos="vmb"
            ecep:reg="shall"
            ecep:spe="shall"
            ecep:syllab="1"
            ecep:pron="ʃæl">shall</w>
         <c> </c>
         <w xml:id="bjl92-226260"
            n="bjl92/000160-a-0200"
            ecep:lem="resound"
            ecep:pos="vvi"
            ecep:reg="resound"
            ecep:spe="resound"
            ecep:syllab="2"
            ecep:pron="rɪˈzaʊnd">resound</w>
         <c> </c>
         <w xml:id="bjl92-226270"
            n="bjl92/000160-a-0210"
            ecep:lem="through"
            ecep:pos="p-acp"
            ecep:reg="through"
            ecep:spe="through"
            ecep:syllab="1"
            ecep:pron="θruː">through</w>
         <c> </c>
         <w xml:id="bjl92-226280"
            n="bjl92/000160-a-0220"
            ecep:lem="the"
            ecep:pos="dt"
            ecep:reg="the"
            ecep:spe="the"
            ecep:syllab="1"
            ecep:pron="ðiː">the</w>
         <c> </c>
         <w xml:id="bjl92-226290"
            n="bjl92/000160-a-0230"
            ecep:lem="grove"
            ecep:pos="n1"
            ecep:reg="grove"
            ecep:spe="grove"
            ecep:syllab="1"
            ecep:pron="grəʊv">grove</w>
         <pc xml:id="bjl92-226300"
             n="bjl92/000160-a-0240"
             ecep:lem=","
             ecep:pos=","
             ecep:reg=","
             ecep:spe=",">,</pc>
      </l>
      <l rendition="#h_4" xml:id="bjl92-l09445">
         <c> </c>
         <w xml:id="bjl92-226310"
            n="bjl92/000160-a-0250"
            ecep:lem="and"
            ecep:pos="cc"
            ecep:reg="And"
            ecep:spe="And"
            ecep:syllab="1"
            ecep:pron="ænd">And</w>
         <c> </c>
         <w xml:id="bjl92-226320"
            n="bjl92/000160-a-0260"
            ecep:lem="my"
            ecep:pos="po11"
            ecep:reg="my"
            ecep:spe="my"
            ecep:syllab="1"
            ecep:pron="maɪ">my</w>
         <c> </c>
         <w xml:id="bjl92-226330"
            n="bjl92/000160-a-0270"
            ecep:lem="woe"
            ecep:pos="n2"
            ecep:reg="woes"
            ecep:spe="woes"
            ecep:syllab="1"
            ecep:pron="wəʊz">woes</w>
         <c> </c>
         <w xml:id="bjl92-226340"
            n="bjl92/000160-a-0280"
            ecep:lem="in"
            ecep:pos="p-acp"
            ecep:reg="in"
            ecep:spe="in"
            ecep:syllab="1"
            ecep:pron="ɪn">in</w>
         <c> </c>
         <w xml:id="bjl92-226350"
            n="bjl92/000160-a-0290"
            ecep:lem="sad"
            ecep:pos="j"
            ecep:reg="sad"
            ecep:spe="sad"
            ecep:syllab="1"
            ecep:pron="sæd">sad</w>
         <c> </c>
         <w xml:id="bjl92-226360"
            n="bjl92/000160-a-0300"
            ecep:lem="accent"
            ecep:pos="n2"
            ecep:reg="accents"
            ecep:spe="accents"
            ecep:syllab="2"
            ecep:pron="ˈæksnts">accents</w>
         <c> </c>
         <w xml:id="bjl92-226370"
            n="bjl92/000160-a-0310"
            ecep:lem="display"
            ecep:pos="vvi"
            ecep:reg="display"
            ecep:spe="display"
            ecep:syllab="2"
            ecep:pron="dɪˈspleɪ">display</w>
         <pc xml:id="bjl92-226380"
             n="bjl92/000160-a-0320"
             unit="sentence"
             ecep:lem="."
             ecep:pos="."
             ecep:reg="."
             ecep:spe=".">.</pc>
         <c> </c>
      </l>
   </lg>
   <lg xml:id="bjl92-s01745">
      <l xml:id="bjl92-l09450">
         <w xml:id="bjl92-226410"
            n="bjl92/000160-a-0330"
            ecep:lem="long"
            ecep:pos="j"
            ecep:reg="Long"
            ecep:spe="Long"
            ecep:syllab="1"
            ecep:pron="lɒŋ">Long</w>
         <c> </c>
         <w xml:id="bjl92-226420"
            n="bjl92/000160-a-0340"
            ecep:lem="time"
            ecep:pos="n1"
            ecep:reg="time"
            ecep:spe="time"
            ecep:syllab="1"
            ecep:pron="taɪm">time</w>
         <c> </c>
         <w xml:id="bjl92-226430"
            n="bjl92/000160-a-0350"
            ecep:lem="i"
            ecep:pos="pns11"
            ecep:reg="I"
            ecep:spe="I"
            ecep:syllab="1"
            ecep:pron="aɪ">I</w>
         <c> </c>
         <w xml:id="bjl92-226440"
            n="bjl92/000160-a-0360"
            ecep:lem="with"
            ecep:pos="p-acp"
            ecep:reg="with"
            ecep:spe="with"
            ecep:syllab="1"
            ecep:pron="wɪð">with</w>
         <c> </c>
         <w xml:id="bjl92-226450"
            n="bjl92/000160-a-0370"
            ecep:lem="freedom"
            ecep:pos="n1"
            ecep:reg="freedom"
            ecep:spe="freedom"
            ecep:syllab="2"
            ecep:pron="ˈfriːdəm">freedom</w>
         <c> </c>
         <w xml:id="bjl92-226460"
            n="bjl92/000160-a-0380"
            ecep:lem="do"
            ecep:pos="vdd"
            ecep:reg="did"
            ecep:spe="did"
            ecep:syllab="1"
            ecep:pron="dɪd">did</w>
         <c> </c>
         <w xml:id="bjl92-226470"
            n="bjl92/000160-a-0390"
            ecep:lem="range"
            ecep:pos="vvi"
            ecep:reg="range"
            ecep:spe="range"
            ecep:syllab="1"
            ecep:pron="reɪndʒ">range</w>
         <pc xml:id="bjl92-226480"
             n="bjl92/000160-a-0400"
             ecep:lem=";"
             ecep:pos=";"
             ecep:reg=";"
             ecep:spe=";">;</pc>
      </l>
      <l rendition="#h_4" xml:id="bjl92-l09455">
         <c> </c>
         <w xml:id="bjl92-226490"
            n="bjl92/000160-a-0410"
            ecep:lem="with"
            ecep:pos="p-acp"
            ecep:reg="With"
            ecep:spe="With"
            ecep:syllab="1"
            ecep:pron="wɪð">With</w>
         <c> </c>
         <w xml:id="bjl92-226500"
            n="bjl92/000160-a-0420"
            ecep:lem="indifference"
            ecep:pos="n1"
            ecep:reg="indifference"
            ecep:spe="indiff'rence"
            ecep:syllab="3"
            ecep:pron="ɪndˈɪfrəns">indiff'rence</w>
         <c> </c>
         <w xml:id="bjl92-226510"
            n="bjl92/000160-a-0430"
            ecep:lem="i"
            ecep:pos="pns11"
            ecep:reg="I"
            ecep:spe="I"
            ecep:syllab="1"
            ecep:pron="aɪ">I</w>
         <c> </c>
         <w xml:id="bjl92-226520"
            n="bjl92/000160-a-0440"
            ecep:lem="gaze"
            ecep:pos="vvd"
            ecep:reg="gazed"
            ecep:spe="gaz'd"
            ecep:syllab="1"
            ecep:pron="geɪzd">gaz'd</w>
         <c> </c>
         <w xml:id="bjl92-226530"
            n="bjl92/000160-a-0450"
            ecep:lem="on"
            ecep:pos="p-acp"
            ecep:reg="on"
            ecep:spe="on"
            ecep:syllab="1"
            ecep:pron="ɒn">on</w>
         <c> </c>
         <w xml:id="bjl92-226540"
            n="bjl92/000160-a-0460"
            ecep:lem="the"
            ecep:pos="dt"
            ecep:reg="the"
            ecep:spe="the"
            ecep:syllab="1"
            ecep:pron="ðiː">the</w>
         <c> </c>
         <w xml:id="bjl92-226550"
            n="bjl92/000160-a-0470"
            ecep:lem="fair"
            ecep:pos="j"
            ecep:reg="fair"
            ecep:spe="fair"
            ecep:syllab="1"
            ecep:pron="feə">fair</w>
         <pc xml:id="bjl92-226560"
             n="bjl92/000160-a-0480"
             ecep:lem=":"
             ecep:pos=":"
             ecep:reg=":"
             ecep:spe=":">:</pc>
      </l>
      <l xml:id="bjl92-l09460">
         <c> </c>
         <w xml:id="bjl92-226570"
            n="bjl92/000160-a-0490"
            ecep:lem="now"
            ecep:pos="av"
            ecep:reg="Now"
            ecep:spe="Now"
            ecep:syllab="1"
            ecep:pron="naʊ">Now</w>
         <c> </c>
         <w xml:id="bjl92-226580"
            n="bjl92/000160-a-0500"
            ecep:lem="my"
            ecep:pos="po11"
            ecep:reg="my"
            ecep:spe="my"
            ecep:syllab="1"
            ecep:pron="maɪ">my</w>
         <c> </c>
         <w xml:id="bjl92-226590"
            n="bjl92/000160-a-0510"
            ecep:lem="heart"
            ecep:pos="n1"
            ecep:reg="heart"
            ecep:spe="heart"
            ecep:syllab="1"
            ecep:pron="hɑːt">heart</w>
         <pc xml:id="bjl92-226600"
             n="bjl92/000160-a-0520"
             ecep:lem=","
             ecep:pos=","
             ecep:reg=","
             ecep:spe=",">,</pc>
         <c> </c>
         <w xml:id="bjl92-226610"
            n="bjl92/000160-a-0530"
            ecep:lem="how"
            ecep:pos="c-crq"
            ecep:reg="how"
            ecep:spe="how"
            ecep:syllab="1"
            ecep:pron="haʊ">how</w>
         <c> </c>
         <w xml:id="bjl92-226620"
            n="bjl92/000160-a-0540"
            ecep:lem="affect"
            ecep:pos="vvg"
            ecep:reg="affecting"
            ecep:spe="affecting"
            ecep:syllab="3"
            ecep:pron="əˈfektɪŋ">affecting</w>
         <c> </c>
         <w xml:id="bjl92-226630"
            n="bjl92/000160-a-0550"
            ecep:lem="the"
            ecep:pos="dt"
            ecep:reg="the"
            ecep:spe="the"
            ecep:syllab="1"
            ecep:pron="ðiː">the</w>
         <c> </c>
         <w xml:id="bjl92-226640"
            n="bjl92/000160-a-0560"
            ecep:lem="change"
            ecep:pos="n1"
            ecep:reg="change"
            ecep:spe="change"
            ecep:syllab="1"
            ecep:pron="tʃeɪndʒ">change</w>
         <pc xml:id="bjl92-226650"
             n="bjl92/000160-a-0570"
             unit="sentence"
             ecep:lem="!"
             ecep:pos="!"
             ecep:reg="!"
             ecep:spe="!">!</pc>
         <c> </c>
      </l>
      <l rendition="#h_4" xml:id="bjl92-l09465">
         <w xml:id="bjl92-226660"
            n="bjl92/000160-a-0580"
            ecep:lem="Matilda"
            ecep:pos="np1"
            ecep:reg="Matilda"
            ecep:spe="Matilda"
            ecep:syllab="3"
            ecep:pron="məˈtɪldə">Matilda</w>
         <c> </c>
         <w xml:id="bjl92-226670"
            n="bjl92/000160-a-0590"
            ecep:lem="have"
            ecep:pos="vhz"
            ecep:reg="has"
            ecep:spe="has"
            ecep:syllab="1"
            ecep:pron="hæz">has</w>
         <c> </c>
         <w xml:id="bjl92-226680"
            n="bjl92/000160-a-0600"
            ecep:lem="catch"
            ecep:pos="vvn"
            ecep:reg="caught"
            ecep:spe="caught"
            ecep:syllab="1"
            ecep:pron="kɔːt">caught</w>
         <c> </c>
         <w xml:id="bjl92-226690"
            n="bjl92/000160-a-0610"
            ecep:lem="in"
            ecep:pos="p-acp"
            ecep:reg="in"
            ecep:spe="in"
            ecep:syllab="1"
            ecep:pron="ɪn">in</w>
         <c> </c>
         <w xml:id="bjl92-226700"
            n="bjl92/000160-a-0620"
            ecep:lem="the"
            ecep:pos="dt"
            ecep:reg="the"
            ecep:spe="the"
            ecep:syllab="1"
            ecep:pron="ðiː">the</w>
         <c> </c>
         <w xml:id="bjl92-226710"
            n="bjl92/000160-a-0630"
            ecep:lem="snare"
            ecep:pos="n1"
            ecep:reg="snare"
            ecep:spe="snare"
            ecep:syllab="1"
            ecep:pron="sneə">snare</w>
         <pc xml:id="bjl92-226720"
             n="bjl92/000160-a-0640"
             unit="sentence"
             ecep:lem="."
             ecep:pos="."
             ecep:reg="."
             ecep:spe=".">.</pc>
         <c> </c>
      </l>
   </lg>
   <lg xml:id="bjl92-s01750">
      <l xml:id="bjl92-l09470">
         <w xml:id="bjl92-226750"
            n="bjl92/000160-a-0650"
            ecep:lem="ah"
            ecep:pos="uh"
            ecep:reg="Ah"
            ecep:spe="Ah"
            ecep:syllab="1"
            ecep:pron="ɑː">Ah</w>
         <c> </c>
         <w xml:id="bjl92-226760"
            n="bjl92/000160-a-0660"
            ecep:lem="i"
            ecep:pos="pno11"
            ecep:reg="me"
            ecep:spe="me"
            ecep:syllab="1"
            ecep:pron="miː">me</w>
         <pc xml:id="bjl92-226770"
             n="bjl92/000160-a-0670"
             ecep:lem="!"
             ecep:pos="!"
             ecep:reg="!"
             ecep:spe="!">!</pc>
         <c> </c>
         <w xml:id="bjl92-226780"
            n="bjl92/000160-a-0680"
            ecep:lem="how"
            ecep:pos="q-crq"
            ecep:reg="how"
            ecep:spe="how"
            ecep:syllab="1"
            ecep:pron="haʊ">how</w>
         <c> </c>
         <w xml:id="bjl92-226790"
            n="bjl92/000160-a-0690"
            ecep:lem="unlucky"
            ecep:pos="j"
            ecep:reg="unlucky"
            ecep:spe="unlucky"
            ecep:syllab="3"
            ecep:pron="ʌnˈlʌki">unlucky</w>
         <c> </c>
         <w xml:id="bjl92-226800"
            n="bjl92/000160-a-0700"
            ecep:lem="the"
            ecep:pos="dt"
            ecep:reg="the"
            ecep:spe="the"
            ecep:syllab="1"
            ecep:pron="ðiː">the</w>
         <c> </c>
         <w xml:id="bjl92-226810"
            n="bjl92/000160-a-0710"
            ecep:lem="day"
            ecep:pos="n1"
            ecep:reg="day"
            ecep:spe="day"
            ecep:syllab="1"
            ecep:pron="deɪ">day</w>
         <pc xml:id="bjl92-226820"
             n="bjl92/000160-a-0720"
             ecep:lem=","
             ecep:pos=","
             ecep:reg=","
             ecep:spe=",">,</pc>
      </l>
      <l rendition="#h_4" xml:id="bjl92-l09475">
         <c> </c>
         <w xml:id="bjl92-226830"
            n="bjl92/000160-a-0730"
            ecep:lem="when"
            ecep:pos="c-crq"
            ecep:reg="When"
            ecep:spe="When"
            ecep:syllab="1"
            ecep:pron="wen">When</w>
         <c> </c>
         <w xml:id="bjl92-226840"
            n="bjl92/000160-a-0740"
            ecep:lem="thoughtless"
            ecep:pos="j"
            ecep:reg="thoughtless"
            ecep:spe="thoughtless"
            ecep:syllab="2"
            ecep:pron="ˈθɔːtləs">thoughtless</w>
         <c> </c>
         <w xml:id="bjl92-226850"
            n="bjl92/000160-a-0750"
            ecep:lem="i"
            ecep:pos="pns11"
            ecep:reg="I"
            ecep:spe="I"
            ecep:syllab="1"
            ecep:pron="aɪ">I</w>
         <c> </c>
         <w xml:id="bjl92-226860"
            n="bjl92/000160-a-0760"
            ecep:lem="hasten"
            ecep:pos="vvd"
            ecep:reg="hastened"
            ecep:spe="hasten'd"
            ecep:syllab="2"
            ecep:pron="ˈheɪsnd">hasten'd</w>
         <c> </c>
         <w xml:id="bjl92-226870"
            n="bjl92/000160-a-0770"
            ecep:lem="to"
            ecep:pos="pc-acp"
            ecep:reg="to"
            ecep:spe="to"
            ecep:syllab="1"
            ecep:pron="tuː">to</w>
         <c> </c>
         <w xml:id="bjl92-226880"
            n="bjl92/000160-a-0780"
            ecep:lem="view"
            ecep:pos="vvi"
            ecep:reg="view"
            ecep:spe="view"
            ecep:syllab="1"
            ecep:pron="vjuː">view</w>
      </l>
      <l xml:id="bjl92-l09480">
         <c> </c>
         <w xml:id="bjl92-226890"
            n="bjl92/000160-a-0790"
            ecep:lem="a"
            ecep:pos="dt"
            ecep:reg="A"
            ecep:spe="A"
            ecep:syllab="1"
            ecep:pron="ə">A</w>
         <c> </c>
         <w xml:id="bjl92-226900"
            n="bjl92/000160-a-0800"
            ecep:lem="wedding"
            ecep:pos="n1"
            ecep:reg="wedding"
            ecep:spe="wedding"
            ecep:syllab="2"
            ecep:pron="ˈwedɪŋ">wedding</w>
         <c> </c>
         <w xml:id="bjl92-226910"
            n="bjl92/000160-a-0810"
            ecep:lem="be"
            ecep:pos="vbds"
            ecep:reg="was"
            ecep:spe="was"
            ecep:syllab="1"
            ecep:pron="wɒz">was</w>
         <c> </c>
         <w xml:id="bjl92-226920"
            n="bjl92/000160-a-0820"
            ecep:lem="come"
            ecep:pos="vvg"
            ecep:reg="coming"
            ecep:spe="coming"
            ecep:syllab="2"
            ecep:pron="kʌmɪŋ">coming</w>
         <c> </c>
         <w xml:id="bjl92-226930"
            n="bjl92/000160-a-0830"
            ecep:lem="this"
            ecep:pos="d"
            ecep:reg="this"
            ecep:spe="this"
            ecep:syllab="1"
            ecep:pron="ðɪs">this</w>
         <c> </c>
         <w xml:id="bjl92-226940"
            n="bjl92/000160-a-0840"
            ecep:lem="way"
            ecep:pos="n1"
            ecep:reg="way"
            ecep:spe="way"
            ecep:syllab="1"
            ecep:pron="weɪ">way</w>
         <pc xml:id="bjl92-226950"
             n="bjl92/000160-a-0850"
             ecep:lem=","
             ecep:pos=","
             ecep:reg=","
             ecep:spe=",">,</pc>
      </l>
      <l rendition="#h_4" xml:id="bjl92-l09485">
         <c> </c>
         <w xml:id="bjl92-226960"
            n="bjl92/000160-a-0860"
            ecep:lem="nor"
            ecep:pos="ccx"
            ecep:reg="Nor"
            ecep:spe="Nor"
            ecep:syllab="1"
            ecep:pron="nɔː">Nor</w>
         <c> </c>
         <w xml:id="bjl92-226970"
            n="bjl92/000160-a-0870"
            ecep:lem="dream"
            ecep:pos="vvd"
            ecep:reg="dreamt"
            ecep:spe="dream'd"
            ecep:syllab="1"
            ecep:pron="driːmdremt">dream'd</w>
         <c> </c>
         <w xml:id="bjl92-226980"
            n="bjl92/000160-a-0880"
            ecep:lem="i"
            ecep:pos="pns11"
            ecep:reg="I"
            ecep:spe="I"
            ecep:syllab="1"
            ecep:pron="aɪ">I</w>
         <c> </c>
         <w xml:id="bjl92-226990"
            n="bjl92/000160-a-0890"
            ecep:lem="of"
            ecep:pos="pp-f"
            ecep:reg="of"
            ecep:spe="of"
            ecep:syllab="1"
            ecep:pron="ɒv">of</w>
         <c> </c>
         <w xml:id="bjl92-227000"
            n="bjl92/000160-a-0900"
            ecep:lem="what"
            ecep:pos="q-crq"
            ecep:reg="what"
            ecep:spe="what"
            ecep:syllab="1"
            ecep:pron="wɒt">what</w>
         <c> </c>
         <w xml:id="bjl92-227010"
            n="bjl92/000160-a-0910"
            ecep:lem="do"
            ecep:pos="vdd"
            ecep:reg="did"
            ecep:spe="did"
            ecep:syllab="1"
            ecep:pron="dɪd">did</w>
         <c> </c>
         <w xml:id="bjl92-227020"
            n="bjl92/000160-a-0920"
            ecep:lem="ensue"
            ecep:pos="vvi"
            ecep:reg="ensue"
            ecep:spe="ensue"
            ecep:syllab="2"
            ecep:pron="ɪnˈsjuː">ensue</w>
         <pc xml:id="bjl92-227030"
             n="bjl92/000160-a-0930"
             unit="sentence"
             ecep:lem="."
             ecep:pos="."
             ecep:reg="."
             ecep:spe=".">.</pc>
         <c> </c>
      </l>
   </lg>
   <pb facs="bjl92/000161" n="151" rend="none"/>
   <lg xml:id="bjl92-s01755">
      <l xml:id="bjl92-l09490">
         <w xml:id="bjl92-227060"
            n="bjl92/000161-a-0010"
            ecep:lem="Matilda"
            ecep:pos="np1"
            ecep:reg="Matilda"
            ecep:spe="Matilda"
            ecep:syllab="3"
            ecep:pron="məˈtɪldə">Matilda</w>
         <c> </c>
         <w xml:id="bjl92-227070"
            n="bjl92/000161-a-0020"
            ecep:lem="appear"
            ecep:pos="vvd"
            ecep:reg="appeared"
            ecep:spe="appear'd"
            ecep:syllab="2"
            ecep:pron="əˈpɪəd">appear'd</w>
         <c> </c>
         <w xml:id="bjl92-227080"
            n="bjl92/000161-a-0030"
            ecep:lem="in"
            ecep:pos="p-acp"
            ecep:reg="in"
            ecep:spe="in"
            ecep:syllab="1"
            ecep:pron="ɪn">in</w>
         <c> </c>
         <w xml:id="bjl92-227090"
            n="bjl92/000161-a-0040"
            ecep:lem="her"
            ecep:pos="po31"
            ecep:reg="her"
            ecep:spe="her"
            ecep:syllab="1"
            ecep:pron="hɜː">her</w>
         <c> </c>
         <w xml:id="bjl92-227100"
            n="bjl92/000161-a-0050"
            ecep:lem="charm"
            ecep:pos="n2"
            ecep:reg="charms"
            ecep:spe="charms"
            ecep:syllab="1"
            ecep:pron="tʃɑːmz">charms</w>
         <pc xml:id="bjl92-227110"
             n="bjl92/000161-a-0060"
             ecep:lem=";"
             ecep:pos=";"
             ecep:reg=";"
             ecep:spe=";">;</pc>
      </l>
      <l rendition="#h_4" xml:id="bjl92-l09495">
         <c> </c>
         <w xml:id="bjl92-227120"
            n="bjl92/000161-a-0070"
            ecep:lem="her"
            ecep:pos="po31"
            ecep:reg="Her"
            ecep:spe="Her"
            ecep:syllab="1"
            ecep:pron="hɜː">Her</w>
         <c> </c>
         <w xml:id="bjl92-227130"
            n="bjl92/000161-a-0080"
            ecep:lem="cheek"
            ecep:pos="n2"
            ecep:reg="cheeks"
            ecep:spe="cheeks"
            ecep:syllab="1"
            ecep:pron="tʃiːks">cheeks</w>
         <c> </c>
         <w xml:id="bjl92-227140"
            n="bjl92/000161-a-0090"
            ecep:lem="with"
            ecep:pos="p-acp"
            ecep:reg="with"
            ecep:spe="with"
            ecep:syllab="1"
            ecep:pron="wɪð">with</w>
         <c> </c>
         <w xml:id="bjl92-227150"
            n="bjl92/000161-a-0100"
            ecep:lem="soft"
            ecep:pos="j"
            ecep:reg="soft"
            ecep:spe="soft"
            ecep:syllab="1"
            ecep:pron="sɒft">soft</w>
         <c> </c>
         <w xml:id="bjl92-227160"
            n="bjl92/000161-a-0110"
            ecep:lem="blush"
            ecep:pos="n2"
            ecep:reg="blushes"
            ecep:spe="blushes"
            ecep:syllab="2"
            ecep:pron="blʌʃɪz">blushes</w>
         <c> </c>
         <w xml:id="bjl92-227170"
            n="bjl92/000161-a-0120"
            ecep:lem="do"
            ecep:pos="vdd"
            ecep:reg="did"
            ecep:spe="did"
            ecep:syllab="1"
            ecep:pron="dɪd">did</w>
         <c> </c>
         <w xml:id="bjl92-227180"
            n="bjl92/000161-a-0130"
            ecep:lem="glow"
            ecep:pos="vvi"
            ecep:reg="glow"
            ecep:spe="glow"
            ecep:syllab="1"
            ecep:pron="gləʊ">glow</w>
         <pc xml:id="bjl92-227190"
             n="bjl92/000161-a-0140"
             ecep:lem=":"
             ecep:pos=":"
             ecep:reg=":"
             ecep:spe=":">:</pc>
      </l>
      <l xml:id="bjl92-l09500">
         <c> </c>
         <w xml:id="bjl92-227200"
            n="bjl92/000161-a-0150"
            ecep:lem="my"
            ecep:pos="po11"
            ecep:reg="My"
            ecep:spe="My"
            ecep:syllab="1"
            ecep:pron="maɪ">My</w>
         <c> </c>
         <w xml:id="bjl92-227210"
            n="bjl92/000161-a-0160"
            ecep:lem="bosom"
            ecep:pos="n1"
            ecep:reg="bosom"
            ecep:spe="bosom"
            ecep:syllab="2"
            ecep:pron="ˈbʊzm">bosom</w>
         <c> </c>
         <w xml:id="bjl92-227220"
            n="bjl92/000161-a-0170"
            ecep:lem="be"
            ecep:pos="vbds"
            ecep:reg="was"
            ecep:spe="was"
            ecep:syllab="1"
            ecep:pron="wɒz">was</w>
         <c> </c>
         <w xml:id="bjl92-227230"
            n="bjl92/000161-a-0180"
            ecep:lem="fill"
            ecep:pos="vvn"
            ecep:reg="filled"
            ecep:spe="fill'd"
            ecep:syllab="1"
            ecep:pron="fɪld">fill'd</w>
         <c> </c>
         <w xml:id="bjl92-227240"
            n="bjl92/000161-a-0190"
            ecep:lem="with"
            ecep:pos="p-acp"
            ecep:reg="with"
            ecep:spe="with"
            ecep:syllab="1"
            ecep:pron="wɪð">with</w>
         <c> </c>
         <w xml:id="bjl92-227250"
            n="bjl92/000161-a-0200"
            ecep:lem="alarm"
            ecep:pos="n2"
            ecep:reg="alarms"
            ecep:spe="alarms"
            ecep:syllab="2"
            ecep:pron="əˈlɑːmz">alarms</w>
         <pc xml:id="bjl92-227260"
             n="bjl92/000161-a-0210"
             ecep:lem=","
             ecep:pos=","
             ecep:reg=","
             ecep:spe=",">,</pc>
      </l>
      <l rendition="#h_4" xml:id="bjl92-l09505">
         <c> </c>
         <w xml:id="bjl92-227270"
            n="bjl92/000161-a-0220"
            ecep:lem="nor"
            ecep:pos="ccx"
            ecep:reg="Nor"
            ecep:spe="Nor"
            ecep:syllab="1"
            ecep:pron="nɔː">Nor</w>
         <c> </c>
         <w xml:id="bjl92-227280"
            n="bjl92/000161-a-0230"
            ecep:lem="know"
            ecep:pos="vvd"
            ecep:reg="knew"
            ecep:spe="knew"
            ecep:syllab="1"
            ecep:pron="njuː">knew</w>
         <c> </c>
         <w xml:id="bjl92-227290"
            n="bjl92/000161-a-0240"
            ecep:lem="i"
            ecep:pos="pns11"
            ecep:reg="I"
            ecep:spe="I"
            ecep:syllab="1"
            ecep:pron="aɪ">I</w>
         <c> </c>
         <w xml:id="bjl92-227300"
            n="bjl92/000161-a-0250"
            ecep:lem="who"
            ecep:pos="r-crq"
            ecep:reg="who"
            ecep:spe="who"
            ecep:syllab="1"
            ecep:pron="huː">who</w>
         <c> </c>
         <w xml:id="bjl92-227310"
            n="bjl92/000161-a-0260"
            ecep:lem="wound"
            ecep:pos="vvd"
            ecep:reg="wounded"
            ecep:spe="wounded"
            ecep:syllab="2"
            ecep:pron="wuːndɪd">wounded</w>
         <c> </c>
         <w xml:id="bjl92-227320"
            n="bjl92/000161-a-0270"
            ecep:lem="i"
            ecep:pos="pno11"
            ecep:reg="me"
            ecep:spe="me"
            ecep:syllab="1"
            ecep:pron="miː">me</w>
         <c> </c>
         <w xml:id="bjl92-227330"
            n="bjl92/000161-a-0280"
            ecep:lem="so"
            ecep:pos="av"
            ecep:reg="so"
            ecep:spe="so"
            ecep:syllab="1"
            ecep:pron="səʊ">so</w>
         <pc xml:id="bjl92-227340"
             n="bjl92/000161-a-0290"
             unit="sentence"
             ecep:lem="."
             ecep:pos="."
             ecep:reg="."
             ecep:spe=".">.</pc>
         <c> </c>
      </l>
   </lg>
   <lg xml:id="bjl92-s01760">
      <l xml:id="bjl92-l09510">
         <w xml:id="bjl92-227370"
            n="bjl92/000161-a-0300"
            ecep:lem="her"
            ecep:pos="po31"
            ecep:reg="Her"
            ecep:spe="Her"
            ecep:syllab="1"
            ecep:pron="hɜː">Her</w>
         <c> </c>
         <w xml:id="bjl92-227380"
            n="bjl92/000161-a-0310"
            ecep:lem="shape"
            ecep:pos="n1"
            ecep:reg="shape"
            ecep:spe="shape"
            ecep:syllab="1"
            ecep:pron="ʃeɪp">shape</w>
         <c> </c>
         <w xml:id="bjl92-227390"
            n="bjl92/000161-a-0320"
            ecep:lem="it"
            ecep:pos="pn31"
            ecep:reg="it"
            ecep:spe="it"
            ecep:syllab="1"
            ecep:pron="ɪt">it</w>
         <c> </c>
         <w xml:id="bjl92-227400"
            n="bjl92/000161-a-0330"
            ecep:lem="be"
            ecep:pos="vbz"
            ecep:reg="is"
            ecep:spe="is"
            ecep:syllab="1"
            ecep:pron="ɪz">is</w>
         <c> </c>
         <w xml:id="bjl92-227410"
            n="bjl92/000161-a-0340"
            ecep:lem="handsome"
            ecep:pos="j"
            ecep:reg="handsome"
            ecep:spe="handsome"
            ecep:syllab="2"
            ecep:pron="ˈhænsəm">handsome</w>
         <pc xml:id="bjl92-227420"
             n="bjl92/000161-a-0350"
             ecep:lem=";"
             ecep:pos=";"
             ecep:reg=";"
             ecep:spe=";">;</pc>
         <c> </c>
         <w xml:id="bjl92-227430"
            n="bjl92/000161-a-0360"
            ecep:lem="her"
            ecep:pos="po31"
            ecep:reg="her"
            ecep:spe="her"
            ecep:syllab="1"
            ecep:pron="hɜː">her</w>
         <c> </c>
         <w xml:id="bjl92-227440"
            n="bjl92/000161-a-0370"
            ecep:lem="air"
            ecep:pos="n1"
            ecep:reg="air"
            ecep:spe="air"
            ecep:syllab="1"
            ecep:pron="eə">air</w>
      </l>
      <l rendition="#h_4" xml:id="bjl92-l09515">
         <c> </c>
         <w xml:id="bjl92-227450"
            n="bjl92/000161-a-0380"
            ecep:lem="excel"
            ecep:pos="n2"
            ecep:reg="Excels"
            ecep:spe="Excels"
            ecep:syllab="2"
            ecep:pron="ɪkˈselz">Excels</w>
         <c> </c>
         <w xml:id="bjl92-227460"
            n="bjl92/000161-a-0390"
            ecep:lem="all"
            ecep:pos="d"
            ecep:reg="all"
            ecep:spe="all"
            ecep:syllab="1"
            ecep:pron="ɔːl">all</w>
         <c> </c>
         <w xml:id="bjl92-227470"
            n="bjl92/000161-a-0400"
            ecep:lem="the"
            ecep:pos="dt"
            ecep:reg="the"
            ecep:spe="the"
            ecep:syllab="1"
            ecep:pron="ðiː">the</w>
         <c> </c>
         <w xml:id="bjl92-227480"
            n="bjl92/000161-a-0410"
            ecep:lem="nymph"
            ecep:pos="n2"
            ecep:reg="nymphs"
            ecep:spe="nymphs"
            ecep:syllab="1"
            ecep:pron="nɪmfs">nymphs</w>
         <c> </c>
         <w xml:id="bjl92-227490"
            n="bjl92/000161-a-0420"
            ecep:lem="of"
            ecep:pos="pp-f"
            ecep:reg="of"
            ecep:spe="of"
            ecep:syllab="1"
            ecep:pron="ɒv">of</w>
         <c> </c>
         <w xml:id="bjl92-227500"
            n="bjl92/000161-a-0430"
            ecep:lem="the"
            ecep:pos="dt"
            ecep:reg="the"
            ecep:spe="the"
            ecep:syllab="1"
            ecep:pron="ðiː">the</w>
         <c> </c>
         <w xml:id="bjl92-227510"
            n="bjl92/000161-a-0440"
            ecep:lem="town"
            ecep:pos="n1"
            ecep:reg="town"
            ecep:spe="town"
            ecep:syllab="1"
            ecep:pron="taʊn">town</w>
         <pc xml:id="bjl92-227520"
             n="bjl92/000161-a-0450"
             ecep:lem=":"
             ecep:pos=":"
             ecep:reg=":"
             ecep:spe=":">:</pc>
      </l>
      <l xml:id="bjl92-l09520">
         <c> </c>
         <w xml:id="bjl92-227530"
            n="bjl92/000161-a-0460"
            ecep:lem="her"
            ecep:pos="po31"
            ecep:reg="Her"
            ecep:spe="Her"
            ecep:syllab="1"
            ecep:pron="hɜː">Her</w>
         <c> </c>
         <w xml:id="bjl92-227540"
            n="bjl92/000161-a-0470"
            ecep:lem="eye"
            ecep:pos="n2"
            ecep:reg="eyes"
            ecep:spe="eyes"
            ecep:syllab="1"
            ecep:pron="aɪz">eyes</w>
         <c> </c>
         <w xml:id="bjl92-227550"
            n="bjl92/000161-a-0480"
            ecep:lem="may"
            ecep:pos="vmb"
            ecep:reg="may"
            ecep:spe="may"
            ecep:syllab="1"
            ecep:pron="meɪ">may</w>
         <c> </c>
         <w xml:id="bjl92-227560"
            n="bjl92/000161-a-0490"
            ecep:lem="with"
            ecep:pos="p-acp"
            ecep:reg="with"
            ecep:spe="with"
            ecep:syllab="1"
            ecep:pron="wɪð">with</w>
         <c> </c>
         <w xml:id="bjl92-227570"
            n="bjl92/000161-a-0500"
            ecep:lem="diamond"
            ecep:pos="n2"
            ecep:reg="diamonds"
            ecep:spe="diamonds"
            ecep:syllab="2"
            ecep:pron="ˈdæəməndz">diamonds</w>
         <c> </c>
         <w xml:id="bjl92-227580"
            n="bjl92/000161-a-0510"
            ecep:lem="compare"
            ecep:pos="vvi"
            ecep:reg="compare"
            ecep:spe="compare"
            ecep:syllab="2"
            ecep:pron="kəmˈpeə">compare</w>
         <pc xml:id="bjl92-227590"
             n="bjl92/000161-a-0520"
             ecep:lem=";"
             ecep:pos=";"
             ecep:reg=";"
             ecep:spe=";">;</pc>
      </l>
      <l rendition="#h_4" xml:id="bjl92-l09525">
         <c> </c>
         <w xml:id="bjl92-227600"
            n="bjl92/000161-a-0530"
            ecep:lem="her"
            ecep:pos="po31"
            ecep:reg="Her"
            ecep:spe="Her"
            ecep:syllab="1"
            ecep:pron="hɜː">Her</w>
         <c> </c>
         <w xml:id="bjl92-227610"
            n="bjl92/000161-a-0540"
            ecep:lem="lock"
            ecep:pos="n2"
            ecep:reg="locks"
            ecep:spe="locks"
            ecep:syllab="1"
            ecep:pron="lɒks">locks</w>
         <c> </c>
         <w xml:id="bjl92-227620"
            n="bjl92/000161-a-0550"
            ecep:lem="of"
            ecep:pos="pp-f"
            ecep:reg="of"
            ecep:spe="of"
            ecep:syllab="1"
            ecep:pron="ɒv">of</w>
         <c> </c>
         <w xml:id="bjl92-227630"
            n="bjl92/000161-a-0560"
            ecep:lem="the"
            ecep:pos="dt"
            ecep:reg="the"
            ecep:spe="the"
            ecep:syllab="1"
            ecep:pron="ðiː">the</w>
         <c> </c>
         <w xml:id="bjl92-227640"
            n="bjl92/000161-a-0570"
            ecep:lem="lovely"
            ecep:pos="js"
            ecep:reg="loveliest"
            ecep:spe="loveliest"
            ecep:syllab="3"
            ecep:pron="ˈlʌvliɪst">loveliest</w>
         <c> </c>
         <w xml:id="bjl92-227650"
            n="bjl92/000161-a-0580"
            ecep:lem="brown"
            ecep:pos="j-jn"
            ecep:reg="brown"
            ecep:spe="brown"
            ecep:syllab="1"
            ecep:pron="braʊn">brown</w>
         <pc xml:id="bjl92-227660"
             n="bjl92/000161-a-0590"
             unit="sentence"
             ecep:lem="."
             ecep:pos="."
             ecep:reg="."
             ecep:spe=".">.</pc>
         <c> </c>
      </l>
   </lg>
   <lg xml:id="bjl92-s01765">
      <l xml:id="bjl92-l09530">
         <w xml:id="bjl92-227690"
            n="bjl92/000161-a-0600"
            ecep:lem="she"
            ecep:pos="pns31"
            ecep:reg="She"
            ecep:spe="She"
            ecep:syllab="1"
            ecep:pron="ʃiː">She</w>
         <c> </c>
         <w xml:id="bjl92-227700"
            n="bjl92/000161-a-0610"
            ecep:lem="swift"
            ecep:pos="j"
            ecep:reg="swift"
            ecep:spe="swift"
            ecep:syllab="1"
            ecep:pron="swɪft">swift</w>
         <c> </c>
         <w xml:id="bjl92-227710"
            n="bjl92/000161-a-0620"
            ecep:lem="from"
            ecep:pos="p-acp"
            ecep:reg="from"
            ecep:spe="from"
            ecep:syllab="1"
            ecep:pron="frɒm">from</w>
         <c> </c>
         <w xml:id="bjl92-227720"
            n="bjl92/000161-a-0630"
            ecep:lem="my"
            ecep:pos="po11"
            ecep:reg="my"
            ecep:spe="my"
            ecep:syllab="1"
            ecep:pron="maɪ">my</w>
         <c> </c>
         <w xml:id="bjl92-227730"
            n="bjl92/000161-a-0640"
            ecep:lem="presence"
            ecep:pos="n1"
            ecep:reg="presence"
            ecep:spe="presence"
            ecep:syllab="2"
            ecep:pron="ˈprezns">presence</w>
         <c> </c>
         <w xml:id="bjl92-227740"
            n="bjl92/000161-a-0650"
            ecep:lem="do"
            ecep:pos="vdd"
            ecep:reg="did"
            ecep:spe="did"
            ecep:syllab="1"
            ecep:pron="dɪd">did</w>
         <c> </c>
         <w xml:id="bjl92-227750"
            n="bjl92/000161-a-0660"
            ecep:lem="fly"
            ecep:pos="vvi"
            ecep:reg="fly"
            ecep:spe="fly"
            ecep:syllab="1"
            ecep:pron="flaɪ">fly</w>
         <pc xml:id="bjl92-227760"
             n="bjl92/000161-a-0670"
             unit="sentence"
             ecep:lem="."
             ecep:pos="."
             ecep:reg="."
             ecep:spe=".">.</pc>
         <c> </c>
      </l>
      <l rendition="#h_4" xml:id="bjl92-l09535">
         <w xml:id="bjl92-227770"
            n="bjl92/000161-a-0680"
            ecep:lem="i"
            ecep:pos="pns11"
            ecep:reg="I"
            ecep:spe="I"
            ecep:syllab="1"
            ecep:pron="aɪ">I</w>
         <c> </c>
         <w xml:id="bjl92-227780"
            n="bjl92/000161-a-0690"
            ecep:lem="call"
            ecep:pos="vvd"
            ecep:reg="called"
            ecep:spe="call'd"
            ecep:syllab="1"
            ecep:pron="kɔːld">call'd</w>
         <pc xml:id="bjl92-227790"
             n="bjl92/000161-a-0700"
             ecep:lem=","
             ecep:pos=","
             ecep:reg=","
             ecep:spe=",">,</pc>
         <c> </c>
         <w xml:id="bjl92-227800"
            n="bjl92/000161-a-0710"
            ecep:lem="but"
            ecep:pos="cc-acp"
            ecep:reg="but"
            ecep:spe="but"
            ecep:syllab="1"
            ecep:pron="bʌt">but</w>
         <c> </c>
         <w xml:id="bjl92-227810"
            n="bjl92/000161-a-0720"
            ecep:lem="she"
            ecep:pos="pns31"
            ecep:reg="she"
            ecep:spe="she"
            ecep:syllab="1"
            ecep:pron="ʃiː">she</w>
         <c> </c>
         <w xml:id="bjl92-227820"
            n="bjl92/000161-a-0730"
            ecep:lem="answer"
            ecep:pos="vvd"
            ecep:reg="answered"
            ecep:spe="answer'd"
            ecep:syllab="2"
            ecep:pron="ˈɑːnsəd">answer'd</w>
         <c> </c>
         <w xml:id="bjl92-227830"
            n="bjl92/000161-a-0740"
            ecep:lem="i"
            ecep:pos="pno11"
            ecep:reg="me"
            ecep:spe="me"
            ecep:syllab="1"
            ecep:pron="miː">me</w>
         <c> </c>
         <w xml:id="bjl92-227840"
            n="bjl92/000161-a-0750"
            ecep:lem="not"
            ecep:pos="xx"
            ecep:reg="not"
            ecep:spe="not"
            ecep:syllab="1"
            ecep:pron="nɒt">not</w>
         <pc xml:id="bjl92-227850"
             n="bjl92/000161-a-0760"
             ecep:lem=":"
             ecep:pos=":"
             ecep:reg=":"
             ecep:spe=":">:</pc>
      </l>
      <l xml:id="bjl92-l09540">
         <c> </c>
         <w xml:id="bjl92-227860"
            n="bjl92/000161-a-0770"
            ecep:lem="she"
            ecep:pos="pns31"
            ecep:reg="She"
            ecep:spe="She"
            ecep:syllab="1"
            ecep:pron="ʃiː">She</w>
         <c> </c>
         <w xml:id="bjl92-227870"
            n="bjl92/000161-a-0780"
            ecep:lem="fear"
            ecep:pos="vvd"
            ecep:reg="feared"
            ecep:spe="fear'd"
            ecep:syllab="1"
            ecep:pron="fɪəd">fear'd</w>
         <c> </c>
         <w xml:id="bjl92-227880"
            n="bjl92/000161-a-0790"
            ecep:lem="that"
            ecep:pos="cst"
            ecep:reg="that"
            ecep:spe="that"
            ecep:syllab="1"
            ecep:pron="ðæt">that</w>
         <c> </c>
         <w xml:id="bjl92-227890"
            n="bjl92/000161-a-0800"
            ecep:lem="some"
            ecep:pos="d"
            ecep:reg="some"
            ecep:spe="some"
            ecep:syllab="1"
            ecep:pron="sʌm">some</w>
         <c> </c>
         <w xml:id="bjl92-227900"
            n="bjl92/000161-a-0810"
            ecep:lem="danger"
            ecep:pos="n1"
            ecep:reg="danger"
            ecep:spe="danger"
            ecep:syllab="2"
            ecep:pron="ˈdeɪndʒə">danger</w>
         <c> </c>
         <w xml:id="bjl92-227910"
            n="bjl92/000161-a-0820"
            ecep:lem="may"
            ecep:pos="vmd"
            ecep:reg="might"
            ecep:spe="might"
            ecep:syllab="1"
            ecep:pron="maɪt">might</w>
         <c> </c>
         <w xml:id="bjl92-227920"
            n="bjl92/000161-a-0830"
            ecep:lem="be"
            ecep:pos="vbi"
            ecep:reg="be"
            ecep:spe="be"
            ecep:syllab="1"
            ecep:pron="biː">be</w>
      </l>
      <l rendition="#h_4" xml:id="bjl92-l09545">
         <c> </c>
         <w xml:id="bjl92-227930"
            n="bjl92/000161-a-0840"
            ecep:lem="sly"
            ecep:pos="j"
            ecep:reg="Sly"
            ecep:spe="Sly"
            ecep:syllab="1"
            ecep:pron="slaɪ">Sly</w>
         <c> </c>
         <w xml:id="bjl92-227940"
            n="bjl92/000161-a-0850"
            ecep:lem="lurk"
            ecep:pos="vvg"
            ecep:reg="lurking"
            ecep:spe="lurking"
            ecep:syllab="2"
            ecep:pron="lɜːkɪŋ">lurking</w>
         <c> </c>
         <w xml:id="bjl92-227950"
            n="bjl92/000161-a-0860"
            ecep:lem="beneath"
            ecep:pos="p-acp"
            ecep:reg="beneath"
            ecep:spe="beneath"
            ecep:syllab="2"
            ecep:pron="bɪˈniːθ">beneath</w>
         <c> </c>
         <w xml:id="bjl92-227960"
            n="bjl92/000161-a-0870"
            ecep:lem="the"
            ecep:pos="dt"
            ecep:reg="the"
            ecep:spe="the"
            ecep:syllab="1"
            ecep:pron="ðiː">the</w>
         <c> </c>
         <w xml:id="bjl92-227970"
            n="bjl92/000161-a-0880"
            ecep:lem="red"
            ecep:pos="j-jn"
            ecep:reg="red"
            ecep:spe="red"
            ecep:syllab="1"
            ecep:pron="red">red</w>
         <c> </c>
         <w xml:id="bjl92-227980"
            n="bjl92/000161-a-0890"
            ecep:lem="coat"
            ecep:pos="n1"
            ecep:reg="coat"
            ecep:spe="coat"
            ecep:syllab="1"
            ecep:pron="kəʊt">coat</w>
         <pc xml:id="bjl92-227990"
             n="bjl92/000161-a-0900"
             unit="sentence"
             ecep:lem="."
             ecep:pos="."
             ecep:reg="."
             ecep:spe=".">.</pc>
         <c> </c>
      </l>
   </lg>
   <lg xml:id="bjl92-s01770">
      <l xml:id="bjl92-l09550">
         <w xml:id="bjl92-228020"
            n="bjl92/000161-a-0910"
            ecep:lem="if"
            ecep:pos="cs"
            ecep:reg="If"
            ecep:spe="If"
            ecep:syllab="1"
            ecep:pron="ɪf">If</w>
         <c> </c>
         <w xml:id="bjl92-228030"
            n="bjl92/000161-a-0920"
            ecep:lem="red"
            ecep:pos="j-jn"
            ecep:reg="red"
            ecep:spe="red"
            ecep:syllab="1"
            ecep:pron="red">red</w>
         <c> </c>
         <w xml:id="bjl92-228040"
            n="bjl92/000161-a-0930"
            ecep:lem="will"
            ecep:pos="vmb"
            ecep:reg="will"
            ecep:spe="will"
            ecep:syllab="1"
            ecep:pron="wɪl">will</w>
         <c> </c>
         <w xml:id="bjl92-228050"
            n="bjl92/000161-a-0940"
            ecep:lem="affrighten"
            ecep:pos="vvi"
            ecep:reg="affrighten"
            ecep:spe="affrighten"
            ecep:syllab="3"
            ecep:pron="əˈfraɪtən">affrighten</w>
         <c> </c>
         <w xml:id="bjl92-228060"
            n="bjl92/000161-a-0950"
            ecep:lem="my"
            ecep:pos="po11"
            ecep:reg="my"
            ecep:spe="my"
            ecep:syllab="1"
            ecep:pron="maɪ">my</w>
         <c> </c>
         <w xml:id="bjl92-228070"
            n="bjl92/000161-a-0960"
            ecep:lem="dear"
            ecep:pos="n-jn"
            ecep:reg="dear"
            ecep:spe="dear"
            ecep:syllab="1"
            ecep:pron="dɪə">dear</w>
         <pc xml:id="bjl92-228080"
             n="bjl92/000161-a-0970"
             ecep:lem=","
             ecep:pos=","
             ecep:reg=","
             ecep:spe=",">,</pc>
      </l>
      <l rendition="#h_4" xml:id="bjl92-l09555">
         <c> </c>
         <w xml:id="bjl92-228090"
            n="bjl92/000161-a-0980"
            ecep:lem="i|will"
            ecep:pos="pns11|vmb"
            ecep:reg="I'll"
            ecep:spe="I'll"
            ecep:syllab="1"
            ecep:pron="ˈaɪl">I'll</w>
         <c> </c>
         <w xml:id="bjl92-228100"
            n="bjl92/000161-a-0990"
            ecep:lem="dress"
            ecep:pos="vvi"
            ecep:reg="dress"
            ecep:spe="dress"
            ecep:syllab="1"
            ecep:pron="dres">dress</w>
         <c> </c>
         <w xml:id="bjl92-228110"
            n="bjl92/000161-a-1000"
            ecep:lem="in"
            ecep:pos="p-acp"
            ecep:reg="in"
            ecep:spe="in"
            ecep:syllab="1"
            ecep:pron="ɪn">in</w>
         <c> </c>
         <w xml:id="bjl92-228120"
            n="bjl92/000161-a-1010"
            ecep:lem="the"
            ecep:pos="dt"
            ecep:reg="the"
            ecep:spe="the"
            ecep:syllab="1"
            ecep:pron="ðiː">the</w>
         <c> </c>
         <w xml:id="bjl92-228130"
            n="bjl92/000161-a-1020"
            ecep:lem="good"
            ecep:pos="j"
            ecep:reg="good"
            ecep:spe="good"
            ecep:syllab="1"
            ecep:pron="gʊd">good</w>
         <c> </c>
         <w xml:id="bjl92-228140"
            n="bjl92/000161-a-1030"
            ecep:lem="russet"
            ecep:pos="n1"
            ecep:reg="russet"
            ecep:spe="russet"
            ecep:syllab="2"
            ecep:pron="ˈrʌsɪt">russet</w>
         <c> </c>
         <w xml:id="bjl92-228150"
            n="bjl92/000161-a-1040"
            ecep:lem="grey"
            ecep:pos="j-jn"
            ecep:reg="grey"
            ecep:spe="grey"
            ecep:syllab="1"
            ecep:pron="greɪ">grey</w>
         <pc xml:id="bjl92-228160"
             n="bjl92/000161-a-1050"
             ecep:lem=","
             ecep:pos=","
             ecep:reg=","
             ecep:spe=",">,</pc>
      </l>
      <l xml:id="bjl92-l09560">
         <c> </c>
         <w xml:id="bjl92-228170"
            n="bjl92/000161-a-1060"
            ecep:lem="abandon"
            ecep:pos="vvb"
            ecep:reg="Abandon"
            ecep:spe="Abandon"
            ecep:syllab="3"
            ecep:pron="əˈbændən">Abandon</w>
         <c> </c>
         <w xml:id="bjl92-228180"
            n="bjl92/000161-a-1070"
            ecep:lem="my"
            ecep:pos="po11"
            ecep:reg="my"
            ecep:spe="my"
            ecep:syllab="1"
            ecep:pron="maɪ">my</w>
         <c> </c>
         <w xml:id="bjl92-228190"
            n="bjl92/000161-a-1080"
            ecep:lem="sword"
            ecep:pos="n1"
            ecep:reg="sword"
            ecep:spe="sword"
            ecep:syllab="1"
            ecep:pron="sɔːd">sword</w>
         <c> </c>
         <w xml:id="bjl92-228200"
            n="bjl92/000161-a-1090"
            ecep:lem="and"
            ecep:pos="cc"
            ecep:reg="and"
            ecep:spe="and"
            ecep:syllab="1"
            ecep:pron="ænd">and</w>
         <c> </c>
         <w xml:id="bjl92-228210"
            n="bjl92/000161-a-1100"
            ecep:lem="my"
            ecep:pos="po11"
            ecep:reg="my"
            ecep:spe="my"
            ecep:syllab="1"
            ecep:pron="maɪ">my</w>
         <c> </c>
         <w xml:id="bjl92-228220"
            n="bjl92/000161-a-1110"
            ecep:lem="spear"
            ecep:pos="n1"
            ecep:reg="spear"
            ecep:spe="spear"
            ecep:syllab="1"
            ecep:pron="spɪə">spear</w>
         <pc xml:id="bjl92-228230"
             n="bjl92/000161-a-1120"
             ecep:lem=","
             ecep:pos=","
             ecep:reg=","
             ecep:spe=",">,</pc>
      </l>
      <l rendition="#h_4" xml:id="bjl92-l09565">
         <c> </c>
         <w xml:id="bjl92-228240"
            n="bjl92/000161-a-1130"
            ecep:lem="and"
            ecep:pos="cc"
            ecep:reg="And"
            ecep:spe="And"
            ecep:syllab="1"
            ecep:pron="ænd">And</w>
         <c> </c>
         <w xml:id="bjl92-228250"
            n="bjl92/000161-a-1140"
            ecep:lem="call"
            ecep:pos="vvb"
            ecep:reg="call"
            ecep:spe="call"
            ecep:syllab="1"
            ecep:pron="kɔːl">call</w>
         <c> </c>
         <w xml:id="bjl92-228260"
            n="bjl92/000161-a-1150"
            ecep:lem="my"
            ecep:pos="po11"
            ecep:reg="my"
            ecep:spe="my"
            ecep:syllab="1"
            ecep:pron="maɪ">my</w>
         <c> </c>
         <w xml:id="bjl92-228270"
            n="bjl92/000161-a-1160"
            ecep:lem="bright"
            ecep:pos="j"
            ecep:reg="bright"
            ecep:spe="bright"
            ecep:syllab="1"
            ecep:pron="braɪt">bright</w>
         <c> </c>
         <w xml:id="bjl92-228280"
            n="bjl92/000161-a-1170"
            ecep:lem="armour"
            ecep:pos="n1"
            ecep:reg="armour"
            ecep:spe="armour"
            ecep:syllab="2"
            ecep:pron="ˈɑːmə">armour</w>
         <c> </c>
         <w xml:id="bjl92-228290"
            n="bjl92/000161-a-1180"
            ecep:lem="away"
            ecep:pos="av"
            ecep:reg="away"
            ecep:spe="away"
            ecep:syllab="2"
            ecep:pron="əˈweɪ">away</w>
         <pc xml:id="bjl92-228300"
             n="bjl92/000161-a-1190"
             unit="sentence"
             ecep:lem="."
             ecep:pos="."
             ecep:reg="."
             ecep:spe=".">.</pc>
         <c> </c>
      </l>
   </lg>
   <lg xml:id="bjl92-s01775">
      <l xml:id="bjl92-l09570">
         <w xml:id="bjl92-228330"
            n="bjl92/000161-a-1200"
            ecep:lem="no"
            ecep:pos="av-dx"
            ecep:reg="No"
            ecep:spe="No"
            ecep:syllab="1"
            ecep:pron="nəʊ">No</w>
         <c> </c>
         <w xml:id="bjl92-228340"
            n="bjl92/000161-a-1210"
            ecep:lem="more"
            ecep:pos="av-dc"
            ecep:reg="more"
            ecep:spe="more"
            ecep:syllab="1"
            ecep:pron="mɔː">more</w>
         <c> </c>
         <w xml:id="bjl92-228350"
            n="bjl92/000161-a-1220"
            ecep:lem="i|will"
            ecep:pos="pns11|vmb"
            ecep:reg="I'll"
            ecep:spe="I'll"
            ecep:syllab="1"
            ecep:pron="ˈaɪl">I'll</w>
         <c> </c>
         <w xml:id="bjl92-228360"
            n="bjl92/000161-a-1230"
            ecep:lem="attend"
            ecep:pos="vvi"
            ecep:reg="attend"
            ecep:spe="attend"
            ecep:syllab="2"
            ecep:pron="əˈtend">attend</w>
         <c> </c>
         <w xml:id="bjl92-228370"
            n="bjl92/000161-a-1240"
            ecep:lem="to"
            ecep:pos="p-acp"
            ecep:reg="to"
            ecep:spe="to"
            ecep:syllab="1"
            ecep:pron="tuː">to</w>
         <c> </c>
         <w xml:id="bjl92-228380"
            n="bjl92/000161-a-1250"
            ecep:lem="the"
            ecep:pos="dt"
            ecep:reg="the"
            ecep:spe="the"
            ecep:syllab="1"
            ecep:pron="ðiː">the</w>
         <c> </c>
         <w xml:id="bjl92-228390"
            n="bjl92/000161-a-1260"
            ecep:lem="drum"
            ecep:pos="n1"
            ecep:reg="drum"
            ecep:spe="drum"
            ecep:syllab="1"
            ecep:pron="drʌm">drum</w>
         <pc xml:id="bjl92-228400"
             n="bjl92/000161-a-1270"
             ecep:lem=";"
             ecep:pos=";"
             ecep:reg=";"
             ecep:spe=";">;</pc>
      </l>
      <l rendition="#h_4" xml:id="bjl92-l09575">
         <c> </c>
         <w xml:id="bjl92-228410"
            n="bjl92/000161-a-1280"
            ecep:lem="but"
            ecep:pos="cc-acp"
            ecep:reg="But"
            ecep:spe="But"
            ecep:syllab="1"
            ecep:pron="bʌt">But</w>
         <c> </c>
         <w xml:id="bjl92-228420"
            n="bjl92/000161-a-1290"
            ecep:lem="take"
            ecep:pos="vvb"
            ecep:reg="take"
            ecep:spe="take"
            ecep:syllab="1"
            ecep:pron="teɪk">take</w>
         <c> </c>
         <w xml:id="bjl92-228430"
            n="bjl92/000161-a-1300"
            ecep:lem="up"
            ecep:pos="a-acp"
            ecep:reg="up"
            ecep:spe="up"
            ecep:syllab="1"
            ecep:pron="ʌp">up</w>
         <c> </c>
         <w xml:id="bjl92-228440"
            n="bjl92/000161-a-1310"
            ecep:lem="my"
            ecep:pos="po11"
            ecep:reg="my"
            ecep:spe="my"
            ecep:syllab="1"
            ecep:pron="maɪ">my</w>
         <c> </c>
         <w xml:id="bjl92-228450"
            n="bjl92/000161-a-1320"
            ecep:lem="shuttle"
            ecep:pos="n1"
            ecep:reg="shuttle"
            ecep:spe="shuttle"
            ecep:syllab="2"
            ecep:pron="ˈʃʌtl">shuttle</w>
         <c> </c>
         <w xml:id="bjl92-228460"
            n="bjl92/000161-a-1330"
            ecep:lem="and"
            ecep:pos="cc"
            ecep:reg="and"
            ecep:spe="and"
            ecep:syllab="1"
            ecep:pron="ænd">and</w>
         <c> </c>
         <w xml:id="bjl92-228470"
            n="bjl92/000161-a-1340"
            ecep:lem="weave"
            ecep:pos="vvi"
            ecep:reg="weave"
            ecep:spe="weave"
            ecep:syllab="1"
            ecep:pron="wiːv">weave</w>
         <pc xml:id="bjl92-228480"
             n="bjl92/000161-a-1350"
             ecep:lem=":"
             ecep:pos=":"
             ecep:reg=":"
             ecep:spe=":">:</pc>
      </l>
      <l xml:id="bjl92-l09580">
         <c> </c>
         <w xml:id="bjl92-228490"
            n="bjl92/000161-a-1360"
            ecep:lem="from"
            ecep:pos="p-acp"
            ecep:reg="From"
            ecep:spe="From"
            ecep:syllab="1"
            ecep:pron="frɒm">From</w>
         <c> </c>
         <w xml:id="bjl92-228500"
            n="bjl92/000161-a-1370"
            ecep:lem="that"
            ecep:pos="d"
            ecep:reg="that"
            ecep:spe="that"
            ecep:syllab="1"
            ecep:pron="ðæt">that</w>
         <c> </c>
         <w xml:id="bjl92-228510"
            n="bjl92/000161-a-1380"
            ecep:lem="sure"
            ecep:pos="j"
            ecep:reg="sure"
            ecep:spe="sure"
            ecep:syllab="1"
            ecep:pron="ʃɔː">sure</w>
         <c> </c>
         <w xml:id="bjl92-228520"
            n="bjl92/000161-a-1390"
            ecep:lem="no"
            ecep:pos="dx"
            ecep:reg="no"
            ecep:spe="no"
            ecep:syllab="1"
            ecep:pron="nəʊ">no</w>
         <c> </c>
         <w xml:id="bjl92-228530"
            n="bjl92/000161-a-1400"
            ecep:lem="danger"
            ecep:pos="n1"
            ecep:reg="danger"
            ecep:spe="danger"
            ecep:syllab="2"
            ecep:pron="ˈdeɪndʒə">danger</w>
         <c> </c>
         <w xml:id="bjl92-228540"
            n="bjl92/000161-a-1410"
            ecep:lem="can"
            ecep:pos="vmb"
            ecep:reg="can"
            ecep:spe="can"
            ecep:syllab="1"
            ecep:pron="kæn">can</w>
         <c> </c>
         <w xml:id="bjl92-228550"
            n="bjl92/000161-a-1420"
            ecep:lem="come"
            ecep:pos="vvi"
            ecep:reg="come"
            ecep:spe="come"
            ecep:syllab="1"
            ecep:pron="kʌm">come</w>
         <pc xml:id="bjl92-228560"
             n="bjl92/000161-a-1430"
             ecep:lem=","
             ecep:pos=","
             ecep:reg=","
             ecep:spe=",">,</pc>
      </l>
      <l rendition="#h_4" xml:id="bjl92-l09585">
         <c> </c>
         <w xml:id="bjl92-228570"
            n="bjl92/000161-a-1440"
            ecep:lem="such"
            ecep:pos="d"
            ecep:reg="Such"
            ecep:spe="Such"
            ecep:syllab="1"
            ecep:pron="sʌtʃ">Such</w>
         <c> </c>
         <w xml:id="bjl92-228580"
            n="bjl92/000161-a-1450"
            ecep:lem="clown"
            ecep:pos="n2"
            ecep:reg="clowns"
            ecep:spe="clowns"
            ecep:syllab="1"
            ecep:pron="klaʊnz">clowns</w>
         <c> </c>
         <w xml:id="bjl92-228590"
            n="bjl92/000161-a-1460"
            ecep:lem="have"
            ecep:pos="vhb"
            ecep:reg="have"
            ecep:spe="have"
            ecep:syllab="1"
            ecep:pron="hæv">have</w>
         <c> </c>
         <w xml:id="bjl92-228600"
            n="bjl92/000161-a-1470"
            ecep:lem="no"
            ecep:pos="dx"
            ecep:reg="no"
            ecep:spe="no"
            ecep:syllab="1"
            ecep:pron="nəʊ">no</w>
         <c> </c>
         <w xml:id="bjl92-228610"
            n="bjl92/000161-a-1480"
            ecep:lem="art"
            ecep:pos="n1"
            ecep:reg="art"
            ecep:spe="art"
            ecep:syllab="1"
            ecep:pron="ɑːt">art</w>
         <c> </c>
         <w xml:id="bjl92-228620"
            n="bjl92/000161-a-1490"
            ecep:lem="to"
            ecep:pos="pc-acp"
            ecep:reg="to"
            ecep:spe="to"
            ecep:syllab="1"
            ecep:pron="tuː">to</w>
         <c> </c>
         <w xml:id="bjl92-228630"
            n="bjl92/000161-a-1500"
            ecep:lem="deceive"
            ecep:pos="vvi"
            ecep:reg="deceive"
            ecep:spe="deceive"
            ecep:syllab="2"
            ecep:pron="dɪˈsiːv">deceive</w>
         <pc xml:id="bjl92-228640"
             n="bjl92/000161-a-1510"
             unit="sentence"
             ecep:lem="."
             ecep:pos="."
             ecep:reg="."
             ecep:spe=".">.</pc>
         <c> </c>
      </l>
   </lg>
   <pb facs="bjl92/000162" n="152" rend="none"/>
   <lg xml:id="bjl92-s01780">
      <l xml:id="bjl92-l09590">
         <w xml:id="bjl92-228670"
            n="bjl92/000162-a-0010"
            ecep:lem="no"
            ecep:pos="uh-x"
            ecep:reg="No"
            ecep:spe="No"
            ecep:syllab="1"
            ecep:pron="nəʊ">No</w>
         <c> </c>
         <w xml:id="bjl92-228680"
            n="bjl92/000162-a-0020"
            ecep:lem="razor"
            ecep:pos="n1"
            ecep:reg="razor"
            ecep:spe="razor"
            ecep:syllab="2"
            ecep:pron="ˈreɪzə">razor</w>
         <c> </c>
         <w xml:id="bjl92-228690"
            n="bjl92/000162-a-0030"
            ecep:lem="shall"
            ecep:pos="vmb"
            ecep:reg="shall"
            ecep:spe="shall"
            ecep:syllab="1"
            ecep:pron="ʃæl">shall</w>
         <c> </c>
         <w xml:id="bjl92-228700"
            n="bjl92/000162-a-0040"
            ecep:lem="come"
            ecep:pos="vvi"
            ecep:reg="come"
            ecep:spe="come"
            ecep:syllab="1"
            ecep:pron="kʌm">come</w>
         <c> </c>
         <w xml:id="bjl92-228710"
            n="bjl92/000162-a-0050"
            ecep:lem="on"
            ecep:pos="p-acp"
            ecep:reg="on"
            ecep:spe="on"
            ecep:syllab="1"
            ecep:pron="ɒn">on</w>
         <c> </c>
         <w xml:id="bjl92-228720"
            n="bjl92/000162-a-0060"
            ecep:lem="my"
            ecep:pos="po11"
            ecep:reg="my"
            ecep:spe="my"
            ecep:syllab="1"
            ecep:pron="maɪ">my</w>
         <c> </c>
         <w xml:id="bjl92-228730"
            n="bjl92/000162-a-0070"
            ecep:lem="face"
            ecep:pos="n1"
            ecep:reg="face"
            ecep:spe="face"
            ecep:syllab="1"
            ecep:pron="feɪs">face</w>
         <pc xml:id="bjl92-228740"
             n="bjl92/000162-a-0080"
             ecep:lem=","
             ecep:pos=","
             ecep:reg=","
             ecep:spe=",">,</pc>
      </l>
      <l rendition="#h_4" xml:id="bjl92-l09595">
         <c> </c>
         <w xml:id="bjl92-228750"
            n="bjl92/000162-a-0090"
            ecep:lem="nor"
            ecep:pos="ccx"
            ecep:reg="Nor"
            ecep:spe="Nor"
            ecep:syllab="1"
            ecep:pron="nɔː">Nor</w>
         <c> </c>
         <w xml:id="bjl92-228760"
            n="bjl92/000162-a-0100"
            ecep:lem="powder"
            ecep:pos="n1"
            ecep:reg="powder"
            ecep:spe="powder"
            ecep:syllab="2"
            ecep:pron="ˈpaʊdə">powder</w>
         <c> </c>
         <w xml:id="bjl92-228770"
            n="bjl92/000162-a-0110"
            ecep:lem="be"
            ecep:pos="vbb"
            ecep:reg="be"
            ecep:spe="be"
            ecep:syllab="1"
            ecep:pron="biː">be</w>
         <c> </c>
         <w xml:id="bjl92-228780"
            n="bjl92/000162-a-0120"
            ecep:lem="see"
            ecep:pos="vvn"
            ecep:reg="seen"
            ecep:spe="seen"
            ecep:syllab="1"
            ecep:pron="siːn">seen</w>
         <c> </c>
         <w xml:id="bjl92-228790"
            n="bjl92/000162-a-0130"
            ecep:lem="on"
            ecep:pos="p-acp"
            ecep:reg="on"
            ecep:spe="on"
            ecep:syllab="1"
            ecep:pron="ɒn">on</w>
         <c> </c>
         <w xml:id="bjl92-228800"
            n="bjl92/000162-a-0140"
            ecep:lem="my"
            ecep:pos="po11"
            ecep:reg="my"
            ecep:spe="my"
            ecep:syllab="1"
            ecep:pron="maɪ">my</w>
         <c> </c>
         <w xml:id="bjl92-228810"
            n="bjl92/000162-a-0150"
            ecep:lem="hair"
            ecep:pos="n1"
            ecep:reg="hair"
            ecep:spe="hair"
            ecep:syllab="1"
            ecep:pron="heə">hair</w>
         <pc xml:id="bjl92-228820"
             n="bjl92/000162-a-0160"
             ecep:lem=":"
             ecep:pos=":"
             ecep:reg=":"
             ecep:spe=":">:</pc>
      </l>
      <l xml:id="bjl92-l09600">
         <c> </c>
         <w xml:id="bjl92-228830"
            n="bjl92/000162-a-0170"
            ecep:lem="i|will"
            ecep:pos="pns11|vmb"
            ecep:reg="I'll"
            ecep:spe="I'll"
            ecep:syllab="1"
            ecep:pron="ˈaɪl">I'll</w>
         <c> </c>
         <w xml:id="bjl92-228840"
            n="bjl92/000162-a-0180"
            ecep:lem="walk"
            ecep:pos="vvi"
            ecep:reg="walk"
            ecep:spe="walk"
            ecep:syllab="1"
            ecep:pron="wɔːk">walk</w>
         <c> </c>
         <w xml:id="bjl92-228850"
            n="bjl92/000162-a-0190"
            ecep:lem="at"
            ecep:pos="p-acp"
            ecep:reg="at"
            ecep:spe="at"
            ecep:syllab="1"
            ecep:pron="æt">at</w>
         <c> </c>
         <w xml:id="bjl92-228860"
            n="bjl92/000162-a-0200"
            ecep:lem="no"
            ecep:pos="dx"
            ecep:reg="no"
            ecep:spe="no"
            ecep:syllab="1"
            ecep:pron="nəʊ">no</w>
         <c> </c>
         <w xml:id="bjl92-228870"
            n="bjl92/000162-a-0210"
            ecep:lem="regular"
            ecep:pos="j"
            ecep:reg="regular"
            ecep:spe="regular"
            ecep:syllab="3"
            ecep:pron="ˈregjələ">regular</w>
         <c> </c>
         <w xml:id="bjl92-228880"
            n="bjl92/000162-a-0220"
            ecep:lem="pace"
            ecep:pos="n1"
            ecep:reg="pace"
            ecep:spe="pace"
            ecep:syllab="1"
            ecep:pron="ˈpeɪsi">pace</w>
         <pc xml:id="bjl92-228890"
             n="bjl92/000162-a-0230"
             ecep:lem=";"
             ecep:pos=";"
             ecep:reg=";"
             ecep:spe=";">;</pc>
      </l>
      <l rendition="#h_4" xml:id="bjl92-l09605">
         <c> </c>
         <w xml:id="bjl92-228900"
            n="bjl92/000162-a-0240"
            ecep:lem="in"
            ecep:pos="p-acp"
            ecep:reg="In"
            ecep:spe="In"
            ecep:syllab="1"
            ecep:pron="ɪn">In</w>
         <c> </c>
         <w xml:id="bjl92-228910"
            n="bjl92/000162-a-0250"
            ecep:lem="brogue"
            ecep:pos="n2"
            ecep:reg="brogues"
            ecep:spe="brogues"
            ecep:syllab="1"
            ecep:pron="brəʊgz">brogues</w>
         <c> </c>
         <w xml:id="bjl92-228920"
            n="bjl92/000162-a-0260"
            ecep:lem="to"
            ecep:pos="p-acp"
            ecep:reg="to"
            ecep:spe="to"
            ecep:syllab="1"
            ecep:pron="tuː">to</w>
         <c> </c>
         <w xml:id="bjl92-228930"
            n="bjl92/000162-a-0270"
            ecep:lem="my"
            ecep:pos="po11"
            ecep:reg="my"
            ecep:spe="my"
            ecep:syllab="1"
            ecep:pron="maɪ">my</w>
         <c> </c>
         <w xml:id="bjl92-228940"
            n="bjl92/000162-a-0280"
            ecep:lem="love"
            ecep:pos="n1"
            ecep:reg="love"
            ecep:spe="love"
            ecep:syllab="1"
            ecep:pron="lʌv">love</w>
         <c> </c>
         <w xml:id="bjl92-228950"
            n="bjl92/000162-a-0290"
            ecep:lem="i|will"
            ecep:pos="pns11|vmb"
            ecep:reg="I'll"
            ecep:spe="I'll"
            ecep:syllab="1"
            ecep:pron="ˈaɪl">I'll</w>
         <c> </c>
         <w xml:id="bjl92-228960"
            n="bjl92/000162-a-0300"
            ecep:lem="repair"
            ecep:pos="vvi"
            ecep:reg="repair"
            ecep:spe="repair"
            ecep:syllab="2"
            ecep:pron="rɪˈpeə">repair</w>
         <pc xml:id="bjl92-228970"
             n="bjl92/000162-a-0310"
             unit="sentence"
             ecep:lem="."
             ecep:pos="."
             ecep:reg="."
             ecep:spe=".">.</pc>
         <c> </c>
      </l>
   </lg>
   <lg xml:id="bjl92-s01785">
      <l xml:id="bjl92-l09610">
         <w xml:id="bjl92-229000"
            n="bjl92/000162-a-0320"
            ecep:lem="o"
            ecep:pos="uh"
            ecep:reg="OH"
            ecep:spe="O"
            ecep:syllab="1"
            ecep:pron="əʊ">O</w>
         <c> </c>
         <w xml:id="bjl92-229010"
            n="bjl92/000162-a-0330"
            ecep:lem="then"
            ecep:pos="av"
            ecep:reg="then"
            ecep:spe="then"
            ecep:syllab="1"
            ecep:pron="ðen">then</w>
         <pc xml:id="bjl92-229020"
             n="bjl92/000162-a-0340"
             ecep:lem=","
             ecep:pos=","
             ecep:reg=","
             ecep:spe=",">,</pc>
         <c> </c>
         <w xml:id="bjl92-229030"
            n="bjl92/000162-a-0350"
            ecep:lem="will"
            ecep:pos="vmb"
            ecep:reg="will"
            ecep:spe="will"
            ecep:syllab="1"
            ecep:pron="wɪl">will</w>
         <c> </c>
         <w xml:id="bjl92-229040"
            n="bjl92/000162-a-0360"
            ecep:lem="she"
            ecep:pos="pns31"
            ecep:reg="she"
            ecep:spe="she"
            ecep:syllab="1"
            ecep:pron="ʃiː">she</w>
         <c> </c>
         <w xml:id="bjl92-229050"
            n="bjl92/000162-a-0370"
            ecep:lem="hear"
            ecep:pos="vvi"
            ecep:reg="hear"
            ecep:spe="hear"
            ecep:syllab="1"
            ecep:pron="hɪə">hear</w>
         <c> </c>
         <w xml:id="bjl92-229060"
            n="bjl92/000162-a-0380"
            ecep:lem="my"
            ecep:pos="po11"
            ecep:reg="my"
            ecep:spe="my"
            ecep:syllab="1"
            ecep:pron="maɪ">my</w>
         <c> </c>
         <w xml:id="bjl92-229070"
            n="bjl92/000162-a-0390"
            ecep:lem="soft"
            ecep:pos="j"
            ecep:reg="soft"
            ecep:spe="soft"
            ecep:syllab="1"
            ecep:pron="sɒft">soft</w>
         <c> </c>
         <w xml:id="bjl92-229080"
            n="bjl92/000162-a-0400"
            ecep:lem="tale"
            ecep:pos="n1"
            ecep:reg="tale"
            ecep:spe="tale"
            ecep:syllab="1"
            ecep:pron="teɪl">tale</w>
         <pc xml:id="bjl92-229090"
             n="bjl92/000162-a-0410"
             unit="sentence"
             ecep:lem="?"
             ecep:pos="?"
             ecep:reg="?"
             ecep:spe="?">?</pc>
         <c> </c>
      </l>
      <l rendition="#h_4" xml:id="bjl92-l09615">
         <w xml:id="bjl92-229100"
            n="bjl92/000162-a-0420"
            ecep:lem="o"
            ecep:pos="uh"
            ecep:reg="OH"
            ecep:spe="O"
            ecep:syllab="1"
            ecep:pron="əʊ">O</w>
         <c> </c>
         <w xml:id="bjl92-229110"
            n="bjl92/000162-a-0430"
            ecep:lem="then"
            ecep:pos="av"
            ecep:reg="then"
            ecep:spe="then"
            ecep:syllab="1"
            ecep:pron="ðen">then</w>
         <pc xml:id="bjl92-229120"
             n="bjl92/000162-a-0440"
             ecep:lem=","
             ecep:pos=","
             ecep:reg=","
             ecep:spe=",">,</pc>
         <c> </c>
         <w xml:id="bjl92-229130"
            n="bjl92/000162-a-0450"
            ecep:lem="will"
            ecep:pos="vmb"
            ecep:reg="will"
            ecep:spe="will"
            ecep:syllab="1"
            ecep:pron="wɪl">will</w>
         <c> </c>
         <w xml:id="bjl92-229140"
            n="bjl92/000162-a-0460"
            ecep:lem="Matilda"
            ecep:pos="np1"
            ecep:reg="Matilda"
            ecep:spe="Matilda"
            ecep:syllab="3"
            ecep:pron="məˈtɪldə">Matilda</w>
         <c> </c>
         <w xml:id="bjl92-229150"
            n="bjl92/000162-a-0470"
            ecep:lem="prove"
            ecep:pos="vvi"
            ecep:reg="prove"
            ecep:spe="prove"
            ecep:syllab="1"
            ecep:pron="pruːv">prove</w>
         <c> </c>
         <w xml:id="bjl92-229160"
            n="bjl92/000162-a-0480"
            ecep:lem="kind"
            ecep:pos="n1"
            ecep:reg="kind"
            ecep:spe="kind"
            ecep:syllab="1"
            ecep:pron="kaɪnd">kind</w>
         <pc xml:id="bjl92-229170"
             n="bjl92/000162-a-0490"
             unit="sentence"
             ecep:lem="?"
             ecep:pos="?"
             ecep:reg="?"
             ecep:spe="?">?</pc>
         <c> </c>
      </l>
      <l xml:id="bjl92-l09620">
         <w xml:id="bjl92-229180"
            n="bjl92/000162-a-0500"
            ecep:lem="if"
            ecep:pos="cs"
            ecep:reg="If"
            ecep:spe="If"
            ecep:syllab="1"
            ecep:pron="ɪf">If</w>
         <c> </c>
         <w xml:id="bjl92-229190"
            n="bjl92/000162-a-0510"
            ecep:lem="rustic"
            ecep:pos="n2-jn"
            ecep:reg="rustics"
            ecep:spe="rustics"
            ecep:syllab="2"
            ecep:pron="ˈrʌstɪks">rustics</w>
         <c> </c>
         <w xml:id="bjl92-229200"
            n="bjl92/000162-a-0520"
            ecep:lem="with"
            ecep:pos="p-acp"
            ecep:reg="with"
            ecep:spe="with"
            ecep:syllab="1"
            ecep:pron="wɪð">with</w>
         <c> </c>
         <w xml:id="bjl92-229210"
            n="bjl92/000162-a-0530"
            ecep:lem="she"
            ecep:pos="pno31"
            ecep:reg="her"
            ecep:spe="her"
            ecep:syllab="1"
            ecep:pron="hɜː">her</w>
         <c> </c>
         <w xml:id="bjl92-229220"
            n="bjl92/000162-a-0540"
            ecep:lem="can"
            ecep:pos="vmb"
            ecep:reg="can"
            ecep:spe="can"
            ecep:syllab="1"
            ecep:pron="kæn">can</w>
         <c> </c>
         <w xml:id="bjl92-229230"
            n="bjl92/000162-a-0550"
            ecep:lem="prevail"
            ecep:pos="vvi"
            ecep:reg="prevail"
            ecep:spe="prevail"
            ecep:syllab="2"
            ecep:pron="prɪˈveɪl">prevail</w>
         <pc xml:id="bjl92-229240"
             n="bjl92/000162-a-0560"
             ecep:lem=","
             ecep:pos=","
             ecep:reg=","
             ecep:spe=",">,</pc>
      </l>
      <l rendition="#h_4" xml:id="bjl92-l09625">
         <c> </c>
         <w xml:id="bjl92-229250"
            n="bjl92/000162-a-0570"
            ecep:lem="the"
            ecep:pos="dt"
            ecep:reg="The"
            ecep:spe="The"
            ecep:syllab="1"
            ecep:pron="ðiː">The</w>
         <c> </c>
         <w xml:id="bjl92-229260"
            n="bjl92/000162-a-0580"
            ecep:lem="rustic"
            ecep:pos="j-jn"
            ecep:reg="rustic"
            ecep:spe="rustic"
            ecep:syllab="2"
            ecep:pron="ˈrʌstɪk">rustic</w>
         <c> </c>
         <w xml:id="bjl92-229270"
            n="bjl92/000162-a-0590"
            ecep:lem="in"
            ecep:pos="p-acp"
            ecep:reg="in"
            ecep:spe="in"
            ecep:syllab="1"
            ecep:pron="ɪn">in</w>
         <c> </c>
         <w xml:id="bjl92-229280"
            n="bjl92/000162-a-0600"
            ecep:lem="i"
            ecep:pos="pno11"
            ecep:reg="me"
            ecep:spe="me"
            ecep:syllab="1"
            ecep:pron="miː">me</w>
         <c> </c>
         <w xml:id="bjl92-229290"
            n="bjl92/000162-a-0610"
            ecep:lem="she"
            ecep:pos="pns31"
            ecep:reg="she"
            ecep:spe="she"
            ecep:syllab="1"
            ecep:pron="ʃiː">she</w>
         <c> </c>
         <w xml:id="bjl92-229300"
            n="bjl92/000162-a-0620"
            ecep:lem="shall"
            ecep:pos="vmb"
            ecep:reg="shall"
            ecep:spe="shall"
            ecep:syllab="1"
            ecep:pron="ʃæl">shall</w>
         <c> </c>
         <w xml:id="bjl92-229310"
            n="bjl92/000162-a-0630"
            ecep:lem="find"
            ecep:pos="vvi"
            ecep:reg="find"
            ecep:spe="find"
            ecep:syllab="1"
            ecep:pron="faɪnd">find</w>
         <pc xml:id="bjl92-229320"
             n="bjl92/000162-a-0640"
             unit="sentence"
             ecep:lem="."
             ecep:pos="."
             ecep:reg="."
             ecep:spe=".">.</pc>
         <c> </c>
      </l>
   </lg>
</div>
