<?xml version="1.0" encoding="UTF-8"?>
<div xmlns:ecep="http://www.eighteenthcenturypoetry.org/ns"
     xmlns="http://www.tei-c.org/ns/1.0"
     xmlns:tei="http://www.tei-c.org/ns/1.0"
     ana="#iamb #tetrameter #pair #couplet #elegy #address #occasional"
     corresp="#txt_BerkGe1763_w0018"
     decls="#semi-normalized"
     ecep:syllab="8"
     met="-+|-+|-+|-+/"
     rendition="#lgvspace"
     rhyme="aa"
     subtype="eceptext"
     type="poem"
     xml:id="o5280-w0170">
   <link target="authors.xml#aut_BerkGe1763" type="author"/>
   <head type="main">
      <w xml:id="o5280-2158290"
         n="681-a-0010"
         ecep:lem="to"
         ecep:pos="p-acp"
         ecep:reg="TO"
         ecep:spe="TO"
         ecep:syllab="1"
         ecep:pron="tuː">TO</w>
      <c> </c>
      <w xml:id="o5280-2158300"
         n="681-a-0020"
         ecep:lem="Miranda"
         ecep:pos="np1"
         ecep:reg="MIRANDA"
         ecep:spe="MIRANDA"
         ecep:syllab="3"
         ecep:pron="mɪˈrændə">MIRANDA</w>
      <pc xml:id="o5280-2158310"
          n="681-a-0030"
          ecep:lem=","
          ecep:pos=","
          ecep:reg=","
          ecep:spe=",">,</pc>
      <c> </c>
      <w xml:id="o5280-2158320"
         n="681-a-0040"
         ecep:lem="on"
         ecep:pos="p-acp"
         ecep:reg="ON"
         ecep:spe="ON"
         ecep:syllab="1"
         ecep:pron="ɒn">ON</w>
      <c> </c>
      <w xml:id="o5280-2158330"
         n="681-a-0050"
         ecep:lem="the"
         ecep:pos="dt"
         ecep:reg="THE"
         ecep:spe="THE"
         ecep:syllab="1"
         ecep:pron="ðiː">THE</w>
      <c> </c>
      <w xml:id="o5280-2158340"
         n="681-a-0060"
         ecep:lem="death"
         ecep:pos="n1"
         ecep:reg="DEATH"
         ecep:spe="DEATH"
         ecep:syllab="1"
         ecep:pron="deθ">DEATH</w>
      <c> </c>
      <w xml:id="o5280-2158350"
         n="681-a-0070"
         ecep:lem="of"
         ecep:pos="pp-f"
         ecep:reg="OF"
         ecep:spe="OF"
         ecep:syllab="1"
         ecep:pron="ɒv">OF</w>
      <c> </c>
      <w xml:id="o5280-2158360"
         n="681-a-0080"
         ecep:lem="her"
         ecep:pos="po31"
         ecep:reg="HER"
         ecep:spe="HER"
         ecep:syllab="1"
         ecep:pron="hɜː">HER</w>
      <c> </c>
      <w xml:id="o5280-2158370"
         n="681-a-0090"
         ecep:lem="brother-in-law"
         ecep:pos="n1"
         ecep:reg="BROTHER-IN-LAW"
         ecep:spe="BROTHER-IN-LAW"
         ecep:syllab="4"
         ecep:pron="ˈbrʌðərɪnlɔː">BROTHER-IN-LAW</w>
      <c> </c>
      <w xml:id="o5280-2158380"
         n="681-a-0100"
         ecep:lem="the"
         ecep:pos="dt"
         ecep:reg="THE"
         ecep:spe="THE"
         ecep:syllab="1"
         ecep:pron="ðiː">THE</w>
      <c> </c>
      <w xml:id="o5280-2158390"
         n="681-a-0110"
         ecep:lem="earl"
         ecep:pos="n1"
         ecep:reg="EARL"
         ecep:spe="EARL"
         ecep:syllab="1"
         ecep:pron="ɜːl">EARL</w>
      <c> </c>
      <w xml:id="o5280-2158400"
         n="681-a-0120"
         ecep:lem="of"
         ecep:pos="pp-f"
         ecep:reg="OF"
         ecep:spe="OF"
         ecep:syllab="1"
         ecep:pron="ɒv">OF</w>
      <c> </c>
      <w xml:id="o5280-2158410"
         n="681-a-0130"
         ecep:lem="L—"
         ecep:pos="np1"
         ecep:reg="L—"
         ecep:spe="L—"
         ecep:syllab="1"
         ecep:pron="ˈel">L—</w>
      <pc xml:id="o5280-2158430"
          n="681-a-0150"
          unit="sentence"
          ecep:lem="."
          ecep:pos="."
          ecep:reg="."
          ecep:spe=".">.</pc>
   </head>
   <lg xml:id="o5280-s00145">
      <l xml:id="o5280-l02715">
         <w xml:id="o5280-2158460"
            n="681-a-0160"
            ecep:lem="while"
            ecep:pos="cs"
            ecep:reg="WHILE"
            ecep:spe="WHILST"
            ecep:syllab="1"
            ecep:pron="waɪlst">WHILST</w>
         <pc xml:id="o5280-2158470"
             n="681-a-0170"
             ecep:lem=","
             ecep:pos=","
             ecep:reg=","
             ecep:spe=",">,</pc>
         <c> </c>
         <w xml:id="o5280-2158480"
            n="681-a-0180"
            ecep:lem="sacred"
            ecep:pos="j"
            ecep:reg="sacred"
            ecep:spe="sacred"
            ecep:syllab="1"
            ecep:pron="ˈseɪkrɪd">sacred</w>
         <c> </c>
         <w xml:id="o5280-2158490"
            n="681-a-0190"
            ecep:lem="now"
            ecep:pos="av"
            ecep:reg="now"
            ecep:spe="now"
            ecep:syllab="1"
            ecep:pron="naʊ">now</w>
         <c> </c>
         <w xml:id="o5280-2158500"
            n="681-a-0200"
            ecep:lem="to"
            ecep:pos="p-acp"
            ecep:reg="to"
            ecep:spe="to"
            ecep:syllab="1"
            ecep:pron="tuː">to</w>
         <c> </c>
         <w xml:id="o5280-2158510"
            n="681-a-0210"
            ecep:lem="secret"
            ecep:pos="j-jn"
            ecep:reg="secret"
            ecep:spe="secret"
            ecep:syllab="2"
            ecep:pron="ˈsiːkrət">secret</w>
         <c> </c>
         <w xml:id="o5280-2158520"
            n="681-a-0220"
            ecep:lem="woe"
            ecep:pos="n1"
            ecep:reg="woe"
            ecep:spe="woe"
            ecep:syllab="1"
            ecep:pron="wəʊ">woe</w>
         <pc xml:id="o5280-2158530"
             n="681-a-0230"
             ecep:lem=","
             ecep:pos=","
             ecep:reg=","
             ecep:spe=",">,</pc>
      </l>
      <l xml:id="o5280-l02720">
         <c> </c>
         <w xml:id="o5280-2158540"
            n="681-a-0240"
            ecep:lem="thy"
            ecep:pos="po21"
            ecep:reg="Thy"
            ecep:spe="Thy"
            ecep:syllab="1"
            ecep:pron="ðaɪ">Thy</w>
         <c> </c>
         <w xml:id="o5280-2158550"
            n="681-a-0250"
            ecep:lem="frequent"
            ecep:pos="j"
            ecep:reg="frequent"
            ecep:spe="frequent"
            ecep:syllab="2"
            ecep:pron="ˈfriːkwənt">frequent</w>
         <c> </c>
         <w xml:id="o5280-2158560"
            n="681-a-0260"
            ecep:lem="tear"
            ecep:pos="n2"
            ecep:reg="tears"
            ecep:spe="tears"
            ecep:syllab="1"
            ecep:pron="tɪəz">tears</w>
         <pc xml:id="o5280-2158570"
             n="681-a-0270"
             ecep:lem=","
             ecep:pos=","
             ecep:reg=","
             ecep:spe=",">,</pc>
         <c> </c>
         <w xml:id="o5280-2158580"
            n="681-a-0280"
            ecep:lem="Miranda"
            ecep:pos="np1"
            ecep:reg="Miranda"
            ecep:spe="Miranda"
            ecep:syllab="3"
            ecep:pron="mɪˈrændə">Miranda</w>
         <pc xml:id="o5280-2158590"
             n="681-a-0290"
             ecep:lem=","
             ecep:pos=","
             ecep:reg=","
             ecep:spe=",">,</pc>
         <c> </c>
         <w xml:id="o5280-2158600"
            n="681-a-0300"
            ecep:lem="flow"
            ecep:pos="vvb"
            ecep:reg="flow"
            ecep:spe="flow"
            ecep:syllab="1"
            ecep:pron="fləʊ">flow</w>
         <pc xml:id="o5280-2158610"
             n="681-a-0310"
             ecep:lem=","
             ecep:pos=","
             ecep:reg=","
             ecep:spe=",">,</pc>
      </l>
      <l xml:id="o5280-l02725">
         <c> </c>
         <w xml:id="o5280-2158620"
            n="681-a-0320"
            ecep:lem="the"
            ecep:pos="dt"
            ecep:reg="The"
            ecep:spe="The"
            ecep:syllab="1"
            ecep:pron="ðiː">The</w>
         <c> </c>
         <w xml:id="o5280-2158630"
            n="681-a-0330"
            ecep:lem="pensive"
            ecep:pos="j"
            ecep:reg="pensive"
            ecep:spe="pensive"
            ecep:syllab="2"
            ecep:pron="ˈpensɪv">pensive</w>
         <c> </c>
         <w xml:id="o5280-2158640"
            n="681-a-0340"
            ecep:lem="muse"
            ecep:pos="n1"
            ecep:reg="Muse"
            ecep:spe="Muse"
            ecep:syllab="1"
            ecep:pron="mjuːz">Muse</w>
         <c> </c>
         <w xml:id="o5280-2158650"
            n="681-a-0350"
            ecep:lem="resume"
            ecep:pos="vvz"
            ecep:reg="resumes"
            ecep:spe="resumes"
            ecep:syllab="2"
            ecep:pron="rɪˈzjuːmz">resumes</w>
         <c> </c>
         <w xml:id="o5280-2158660"
            n="681-a-0360"
            ecep:lem="the"
            ecep:pos="dt"
            ecep:reg="the"
            ecep:spe="the"
            ecep:syllab="1"
            ecep:pron="ðiː">the</w>
         <c> </c>
         <w xml:id="o5280-2158670"
            n="681-a-0370"
            ecep:lem="strain"
            ecep:pos="n1"
            ecep:reg="strain"
            ecep:spe="strain"
            ecep:syllab="1"
            ecep:pron="streɪn">strain</w>
         <pc xml:id="o5280-2158680"
             n="681-a-0380"
             ecep:lem=","
             ecep:pos=","
             ecep:reg=","
             ecep:spe=",">,</pc>
      </l>
      <l xml:id="o5280-l02730">
         <c> </c>
         <w xml:id="o5280-2158690"
            n="681-a-0390"
            ecep:lem="and"
            ecep:pos="cc"
            ecep:reg="And"
            ecep:spe="And"
            ecep:syllab="1"
            ecep:pron="ænd">And</w>
         <c> </c>
         <w xml:id="o5280-2158700"
            n="681-a-0400"
            ecep:lem="fond"
            ecep:pos="av-j"
            ecep:reg="fondly"
            ecep:spe="fondly"
            ecep:syllab="2"
            ecep:pron="ˈfɒndli">fondly</w>
         <c> </c>
         <w xml:id="o5280-2158710"
            n="681-a-0410"
            ecep:lem="try"
            ecep:pos="vvz"
            ecep:reg="tries"
            ecep:spe="tries"
            ecep:syllab="1"
            ecep:pron="traɪz">tries</w>
         <c> </c>
         <w xml:id="o5280-2158720"
            n="681-a-0420"
            ecep:lem="to"
            ecep:pos="pc-acp"
            ecep:reg="to"
            ecep:spe="to"
            ecep:syllab="1"
            ecep:pron="tuː">to</w>
         <c> </c>
         <w xml:id="o5280-2158730"
            n="681-a-0430"
            ecep:lem="soothe"
            ecep:pos="vvi"
            ecep:reg="sooth"
            ecep:spe="soothe"
            ecep:syllab="1"
            ecep:pron="suːð">soothe</w>
         <c> </c>
         <w xml:id="o5280-2158740"
            n="681-a-0440"
            ecep:lem="thy"
            ecep:pos="po21"
            ecep:reg="thy"
            ecep:spe="thy"
            ecep:syllab="1"
            ecep:pron="ðaɪ">thy</w>
         <c> </c>
         <w xml:id="o5280-2158750"
            n="681-a-0450"
            ecep:lem="pain"
            ecep:pos="n1"
            ecep:reg="pain"
            ecep:spe="pain"
            ecep:syllab="1"
            ecep:pron="peɪn">pain</w>
         <pc xml:id="o5280-2158760"
             n="681-a-0460"
             unit="sentence"
             ecep:lem="."
             ecep:pos="."
             ecep:reg="."
             ecep:spe=".">.</pc>
         <c> </c>
      </l>
      <l xml:id="o5280-l02735">
         <w xml:id="o5280-2158770"
            n="681-a-0470"
            ecep:lem="wherever"
            ecep:pos="c-crq"
            ecep:reg="Wherever"
            ecep:spe="Where'er"
            ecep:syllab="2"
            ecep:pron="weəˈreə">Where'er</w>
         <c> </c>
         <w xml:id="o5280-2158780"
            n="681-a-0480"
            ecep:lem="our"
            ecep:pos="po12"
            ecep:reg="our"
            ecep:spe="our"
            ecep:syllab="1"
            ecep:pron="æə">our</w>
         <c> </c>
         <w xml:id="o5280-2158790"
            n="681-a-0490"
            ecep:lem="wander"
            ecep:pos="j-vvg"
            ecep:reg="wandering"
            ecep:spe="wand'ring"
            ecep:syllab="2"
            ecep:pron="ˈwɒndrɪŋ">wand'ring</w>
         <c> </c>
         <w xml:id="o5280-2158800"
            n="681-a-0500"
            ecep:lem="footstep"
            ecep:pos="n2"
            ecep:reg="footsteps"
            ecep:spe="footsteps"
            ecep:syllab="2"
            ecep:pron="ˈfʊtsteps">footsteps</w>
         <c> </c>
         <w xml:id="o5280-2158810"
            n="681-a-0510"
            ecep:lem="stray"
            ecep:pos="vvi"
            ecep:reg="stray"
            ecep:spe="stray"
            ecep:syllab="1"
            ecep:pron="streɪ">stray</w>
         <pc xml:id="o5280-2158820"
             n="681-a-0520"
             ecep:lem=","
             ecep:pos=","
             ecep:reg=","
             ecep:spe=",">,</pc>
      </l>
      <l xml:id="o5280-l02740">
         <c> </c>
         <w xml:id="o5280-2158830"
            n="681-a-0530"
            ecep:lem="if"
            ecep:pos="cs"
            ecep:reg="If"
            ecep:spe="If"
            ecep:syllab="1"
            ecep:pron="ɪf">If</w>
         <c> </c>
         <w xml:id="o5280-2158840"
            n="681-a-0540"
            ecep:lem="fate"
            ecep:pos="n1"
            ecep:reg="Fate"
            ecep:spe="Fate"
            ecep:syllab="1"
            ecep:pron="feɪt">Fate</w>
         <pc xml:id="o5280-2158850"
             n="681-a-0550"
             ecep:lem=","
             ecep:pos=","
             ecep:reg=","
             ecep:spe=",">,</pc>
         <c> </c>
         <w xml:id="o5280-2158860"
            n="681-a-0560"
            ecep:lem="or"
            ecep:pos="cc"
            ecep:reg="or"
            ecep:spe="or"
            ecep:syllab="1"
            ecep:pron="ɔː">or</w>
         <c> </c>
         <w xml:id="o5280-2158870"
            n="681-a-0570"
            ecep:lem="chance"
            ecep:pos="n1"
            ecep:reg="Chance"
            ecep:spe="Chance"
            ecep:syllab="1"
            ecep:pron="tʃɑːns">Chance</w>
         <pc xml:id="o5280-2158880"
             n="681-a-0580"
             ecep:lem=","
             ecep:pos=","
             ecep:reg=","
             ecep:spe=",">,</pc>
         <c> </c>
         <w xml:id="o5280-2158890"
            n="681-a-0590"
            ecep:lem="direct"
            ecep:pos="vvb"
            ecep:reg="direct"
            ecep:spe="direct"
            ecep:syllab="2"
            ecep:pron="dɪˈrekt">direct</w>
         <c> </c>
         <w xml:id="o5280-2158900"
            n="681-a-0600"
            ecep:lem="the"
            ecep:pos="dt"
            ecep:reg="the"
            ecep:spe="the"
            ecep:syllab="1"
            ecep:pron="ðiː">the</w>
         <c> </c>
         <w xml:id="o5280-2158910"
            n="681-a-0610"
            ecep:lem="way"
            ecep:pos="n1"
            ecep:reg="way"
            ecep:spe="way"
            ecep:syllab="1"
            ecep:pron="weɪ">way</w>
         <pc xml:id="o5280-2158920"
             n="681-a-0620"
             ecep:lem=";"
             ecep:pos=";"
             ecep:reg=";"
             ecep:spe=";">;</pc>
      </l>
      <l xml:id="o5280-l02745">
         <c> </c>
         <w xml:id="o5280-2158930"
            n="681-a-0630"
            ecep:lem="if"
            ecep:pos="cs"
            ecep:reg="If"
            ecep:spe="If"
            ecep:syllab="1"
            ecep:pron="ɪf">If</w>
         <c> </c>
         <w xml:id="o5280-2158940"
            n="681-a-0640"
            ecep:lem="hope"
            ecep:pos="n1"
            ecep:reg="Hope"
            ecep:spe="Hope"
            ecep:syllab="1"
            ecep:pron="həʊp">Hope</w>
         <c> </c>
         <w xml:id="o5280-2158950"
            n="681-a-0650"
            ecep:lem="dilate"
            ecep:pos="vvb"
            ecep:reg="dilate"
            ecep:spe="dilate"
            ecep:syllab="2"
            ecep:pron="daɪˈleɪt">dilate</w>
         <c> </c>
         <w xml:id="o5280-2158960"
            n="681-a-0660"
            ecep:lem="the"
            ecep:pos="dt"
            ecep:reg="the"
            ecep:spe="the"
            ecep:syllab="1"
            ecep:pron="ðiː">the</w>
         <c> </c>
         <w xml:id="o5280-2158970"
            n="681-a-0670"
            ecep:lem="heart"
            ecep:pos="n1"
            ecep:reg="heart"
            ecep:spe="heart"
            ecep:syllab="1"
            ecep:pron="hɑːt">heart</w>
         <c> </c>
         <w xml:id="o5280-2158980"
            n="681-a-0680"
            ecep:lem="of"
            ecep:pos="pp-f"
            ecep:reg="of"
            ecep:spe="of"
            ecep:syllab="1"
            ecep:pron="ɒv">of</w>
         <c> </c>
         <w xml:id="o5280-2158990"
            n="681-a-0690"
            ecep:lem="youth"
            ecep:pos="n1"
            ecep:reg="youth"
            ecep:spe="youth"
            ecep:syllab="1"
            ecep:pron="juːθ">youth</w>
         <pc xml:id="o5280-2159000"
             n="681-a-0700"
             ecep:lem=","
             ecep:pos=","
             ecep:reg=","
             ecep:spe=",">,</pc>
      </l>
      <l xml:id="o5280-l02750">
         <c> </c>
         <w xml:id="o5280-2159010"
            n="681-a-0710"
            ecep:lem="or"
            ecep:pos="cc"
            ecep:reg="Or"
            ecep:spe="Or"
            ecep:syllab="1"
            ecep:pron="ɔː">Or</w>
         <c> </c>
         <w xml:id="o5280-2159020"
            n="681-a-0720"
            ecep:lem="age"
            ecep:pos="n1"
            ecep:reg="Age"
            ecep:spe="Age"
            ecep:syllab="1"
            ecep:pron="eɪdʒ">Age</w>
         <c> </c>
         <w xml:id="o5280-2159030"
            n="681-a-0730"
            ecep:lem="pursue"
            ecep:pos="vvi"
            ecep:reg="pursue"
            ecep:spe="pursue"
            ecep:syllab="2"
            ecep:pron="pəˈsjuː">pursue</w>
         <c> </c>
         <w xml:id="o5280-2159040"
            n="681-a-0740"
            ecep:lem="the"
            ecep:pos="dt"
            ecep:reg="the"
            ecep:spe="the"
            ecep:syllab="1"
            ecep:pron="ðiː">the</w>
         <c> </c>
         <w xml:id="o5280-2159050"
            n="681-a-0750"
            ecep:lem="hermit"
            ecep:pos="n1"
            ecep:reg="hermit"
            ecep:spe="hermit"
            ecep:syllab="2"
            ecep:pron="ˈhɜːmɪt">hermit</w>
         <c> </c>
         <w xml:id="o5280-2159060"
            n="681-a-0760"
            ecep:lem="truth"
            ecep:pos="n1"
            ecep:reg="Truth"
            ecep:spe="Truth"
            ecep:syllab="1"
            ecep:pron="truːθ">Truth</w>
         <pc xml:id="o5280-2159070"
             n="681-a-0770"
             ecep:lem=";"
             ecep:pos=";"
             ecep:reg=";"
             ecep:spe=";">;</pc>
      </l>
      <l xml:id="o5280-l02755">
         <c> </c>
         <w xml:id="o5280-2159080"
            n="681-a-0780"
            ecep:lem="each"
            ecep:pos="d"
            ecep:reg="Each"
            ecep:spe="Each"
            ecep:syllab="1"
            ecep:pron="iːtʃ">Each</w>
         <c> </c>
         <w xml:id="o5280-2159090"
            n="681-a-0790"
            ecep:lem="pass"
            ecep:pos="j-vvg"
            ecep:reg="passing"
            ecep:spe="passing"
            ecep:syllab="2"
            ecep:pron="pɑːsɪŋ">passing</w>
         <c> </c>
         <w xml:id="o5280-2159100"
            n="681-a-0800"
            ecep:lem="hour"
            ecep:pos="n1"
            ecep:reg="hour"
            ecep:spe="hour"
            ecep:syllab="1"
            ecep:pron="æə">hour</w>
         <c> </c>
         <w xml:id="o5280-2159110"
            n="681-a-0810"
            ecep:lem="this"
            ecep:pos="d"
            ecep:reg="this"
            ecep:spe="this"
            ecep:syllab="1"
            ecep:pron="ðɪs">this</w>
         <c> </c>
         <w xml:id="o5280-2159120"
            n="681-a-0820"
            ecep:lem="moral"
            ecep:pos="n1"
            ecep:reg="moral"
            ecep:spe="moral"
            ecep:syllab="2"
            ecep:pron="ˈmɒrl">moral</w>
         <c> </c>
         <w xml:id="o5280-2159130"
            n="681-a-0830"
            ecep:lem="show"
            ecep:pos="vvz"
            ecep:reg="shows"
            ecep:spe="shews"
            ecep:syllab="1"
            ecep:pron="ʃəʊz">shews</w>
         <pc xml:id="o5280-2159140"
             n="681-a-0840"
             ecep:lem=","
             ecep:pos=","
             ecep:reg=","
             ecep:spe=",">,</pc>
      </l>
      <l xml:id="o5280-l02760">
         <c> </c>
         <w xml:id="o5280-2159150"
            n="681-a-0850"
            ecep:lem="who"
            ecep:pos="q-crq"
            ecep:reg="Who"
            ecep:spe="Who"
            ecep:syllab="1"
            ecep:pron="huː">Who</w>
         <c> </c>
         <w xml:id="o5280-2159160"
            n="681-a-0860"
            ecep:lem="pray"
            ecep:pos="vvz"
            ecep:reg="prays"
            ecep:spe="prays"
            ecep:syllab="1"
            ecep:pron="preɪz">prays</w>
         <c> </c>
         <w xml:id="o5280-2159170"
            n="681-a-0870"
            ecep:lem="for"
            ecep:pos="p-acp"
            ecep:reg="for"
            ecep:spe="for"
            ecep:syllab="1"
            ecep:pron="fɔː">for</w>
         <c> </c>
         <w xml:id="o5280-2159180"
            n="681-a-0880"
            ecep:lem="life"
            ecep:pos="n1"
            ecep:reg="Life"
            ecep:spe="Life"
            ecep:syllab="1"
            ecep:pron="laɪf">Life</w>
         <pc xml:id="o5280-2159190"
             n="681-a-0890"
             ecep:lem=","
             ecep:pos=","
             ecep:reg=","
             ecep:spe=",">,</pc>
         <c> </c>
         <w xml:id="o5280-2159200"
            n="681-a-0900"
            ecep:lem="but"
            ecep:pos="cc-acp"
            ecep:reg="but"
            ecep:spe="but"
            ecep:syllab="1"
            ecep:pron="bʌt">but</w>
         <c> </c>
         <w xml:id="o5280-2159210"
            n="681-a-0910"
            ecep:lem="covet"
            ecep:pos="vvz"
            ecep:reg="covets"
            ecep:spe="covets"
            ecep:syllab="2"
            ecep:pron="ˈkʌvɪts">covets</w>
         <c> </c>
         <w xml:id="o5280-2159220"
            n="681-a-0920"
            ecep:lem="woe"
            ecep:pos="n2"
            ecep:reg="woes"
            ecep:spe="woes"
            ecep:syllab="1"
            ecep:pron="wəʊz">woes</w>
         <pc xml:id="o5280-2159230"
             n="681-a-0930"
             ecep:lem=";"
             ecep:pos=";"
             ecep:reg=";"
             ecep:spe=";">;</pc>
      </l>
      <l xml:id="o5280-l02765">
         <c> </c>
         <w xml:id="o5280-2159240"
            n="681-a-0940"
            ecep:lem="yet"
            ecep:pos="av"
            ecep:reg="Yet"
            ecep:spe="Yet"
            ecep:syllab="1"
            ecep:pron="jet">Yet</w>
         <c> </c>
         <w xml:id="o5280-2159250"
            n="681-a-0950"
            ecep:lem="still"
            ecep:pos="av"
            ecep:reg="still"
            ecep:spe="still"
            ecep:syllab="1"
            ecep:pron="stɪl">still</w>
         <c> </c>
         <w xml:id="o5280-2159260"
            n="681-a-0960"
            ecep:lem="from"
            ecep:pos="p-acp"
            ecep:reg="from"
            ecep:spe="from"
            ecep:syllab="1"
            ecep:pron="frɒm">from</w>
         <c> </c>
         <w xml:id="o5280-2159270"
            n="681-a-0970"
            ecep:lem="death"
            ecep:pos="n1"
            ecep:reg="Death"
            ecep:spe="Death"
            ecep:syllab="1"
            ecep:pron="deθ">Death</w>
         <c> </c>
         <w xml:id="o5280-2159280"
            n="681-a-0980"
            ecep:lem="we"
            ecep:pos="pns12"
            ecep:reg="we"
            ecep:spe="we"
            ecep:syllab="1"
            ecep:pron="wiː">we</w>
         <c> </c>
         <w xml:id="o5280-2159290"
            n="681-a-0990"
            ecep:lem="froward"
            ecep:pos="j"
            ecep:reg="froward"
            ecep:spe="froward"
            ecep:syllab="2"
            ecep:pron="ˈfrəʊəd">froward</w>
         <c> </c>
         <w xml:id="o5280-2159300"
            n="681-a-1000"
            ecep:lem="turn"
            ecep:pos="vvb"
            ecep:reg="turn"
            ecep:spe="turn"
            ecep:syllab="1"
            ecep:pron="tɜːn">turn</w>
         <pc xml:id="o5280-2159310"
             n="681-a-1010"
             ecep:lem=","
             ecep:pos=","
             ecep:reg=","
             ecep:spe=",">,</pc>
      </l>
      <l xml:id="o5280-l02770">
         <c> </c>
         <w xml:id="o5280-2159320"
            n="681-a-1020"
            ecep:lem="and"
            ecep:pos="cc"
            ecep:reg="And"
            ecep:spe="And"
            ecep:syllab="1"
            ecep:pron="ænd">And</w>
         <pc xml:id="o5280-2159330"
             n="681-a-1030"
             ecep:lem=","
             ecep:pos=","
             ecep:reg=","
             ecep:spe=",">,</pc>
         <c> </c>
         <w xml:id="o5280-2159340"
            n="681-a-1040"
            ecep:lem="fright"
            ecep:pos="j-vvn"
            ecep:reg="frighted"
            ecep:spe="frighted"
            ecep:syllab="2"
            ecep:pron="fraɪtɪd">frighted</w>
         <pc xml:id="o5280-2159350"
             n="681-a-1050"
             ecep:lem=","
             ecep:pos=","
             ecep:reg=","
             ecep:spe=",">,</pc>
         <c> </c>
         <w xml:id="o5280-2159360"
            n="681-a-1060"
            ecep:lem="view"
            ecep:pos="n1"
            ecep:reg="view"
            ecep:spe="view"
            ecep:syllab="1"
            ecep:pron="vjuː">view</w>
         <c> </c>
         <w xml:id="o5280-2159370"
            n="681-a-1070"
            ecep:lem="the"
            ecep:pos="dt"
            ecep:reg="the"
            ecep:spe="the"
            ecep:syllab="1"
            ecep:pron="ðiː">the</w>
         <c> </c>
         <w xml:id="o5280-2159380"
            n="681-a-1080"
            ecep:lem="peaceful"
            ecep:pos="j"
            ecep:reg="peaceful"
            ecep:spe="peaceful"
            ecep:syllab="2"
            ecep:pron="ˈpiːsfl">peaceful</w>
         <c> </c>
         <w xml:id="o5280-2159390"
            n="681-a-1090"
            ecep:lem="urn"
            ecep:pos="n1"
            ecep:reg="Urn"
            ecep:spe="Urn"
            ecep:syllab="1"
            ecep:pron="ɜːn">Urn</w>
         <pc xml:id="o5280-2159400"
             n="681-a-1100"
             ecep:lem=";"
             ecep:pos=";"
             ecep:reg=";"
             ecep:spe=";">;</pc>
      </l>
      <pb facs="o5280/0682" n="38" rend="none"/>
      <l xml:id="o5280-l02775">
         <c> </c>
         <w xml:id="o5280-2159410"
            n="682-a-0010"
            ecep:lem="over"
            ecep:pos="p-acp"
            ecep:reg="Over"
            ecep:spe="O'er"
            ecep:syllab="1"
            ecep:pron="ˈɔːə">O'er</w>
         <c> </c>
         <w xml:id="o5280-2159420"
            n="682-a-0020"
            ecep:lem="friendship"
            ecep:pos="ng1"
            ecep:reg="Friendship's"
            ecep:spe="Friendship's"
            ecep:syllab="2"
            ecep:pron="ˈfrenʃɪpz">Friendship's</w>
         <c> </c>
         <w xml:id="o5280-2159430"
            n="682-a-0030"
            ecep:lem="grave"
            ecep:pos="j"
            ecep:reg="grave"
            ecep:spe="grave"
            ecep:syllab="1"
            ecep:pron="grɑːv">grave</w>
         <c> </c>
         <w xml:id="o5280-2159440"
            n="682-a-0040"
            ecep:lem="despond"
            ecep:pos="n-vvg"
            ecep:reg="desponding"
            ecep:spe="desponding"
            ecep:syllab="3"
            ecep:pron="dɪˈspɒndɪŋ">desponding</w>
         <c> </c>
         <w xml:id="o5280-2159450"
            n="682-a-0050"
            ecep:lem="weep"
            ecep:pos="vvi"
            ecep:reg="weep"
            ecep:spe="weep"
            ecep:syllab="1"
            ecep:pron="wiːp">weep</w>
         <pc xml:id="o5280-2159460"
             n="682-a-0060"
             ecep:lem=","
             ecep:pos=","
             ecep:reg=","
             ecep:spe=",">,</pc>
      </l>
      <l xml:id="o5280-l02780">
         <c> </c>
         <w xml:id="o5280-2159470"
            n="682-a-0070"
            ecep:lem="and"
            ecep:pos="cc"
            ecep:reg="And"
            ecep:spe="And"
            ecep:syllab="1"
            ecep:pron="ænd">And</w>
         <c> </c>
         <w xml:id="o5280-2159480"
            n="682-a-0080"
            ecep:lem="mourn"
            ecep:pos="vvi"
            ecep:reg="mourn"
            ecep:spe="mourn"
            ecep:syllab="1"
            ecep:pron="mɔːn">mourn</w>
         <c> </c>
         <w xml:id="o5280-2159490"
            n="682-a-0090"
            ecep:lem="for"
            ecep:pos="p-acp"
            ecep:reg="for"
            ecep:spe="for"
            ecep:syllab="1"
            ecep:pron="fɔː">for</w>
         <c> </c>
         <w xml:id="o5280-2159500"
            n="682-a-0100"
            ecep:lem="those"
            ecep:pos="d"
            ecep:reg="those"
            ecep:spe="those"
            ecep:syllab="1"
            ecep:pron="ðəʊz">those</w>
         <c> </c>
         <w xml:id="o5280-2159510"
            n="682-a-0110"
            ecep:lem="who"
            ecep:pos="r-crq"
            ecep:reg="who"
            ecep:spe="who"
            ecep:syllab="1"
            ecep:pron="huː">who</w>
         <c> </c>
         <w xml:id="o5280-2159520"
            n="682-a-0120"
            ecep:lem="only"
            ecep:pos="j"
            ecep:reg="only"
            ecep:spe="only"
            ecep:syllab="2"
            ecep:pron="ˈəʊnli">only</w>
         <c> </c>
         <w xml:id="o5280-2159530"
            n="682-a-0130"
            ecep:lem="sleep"
            ecep:pos="n1"
            ecep:reg="sleep"
            ecep:spe="sleep"
            ecep:syllab="1"
            ecep:pron="sliːp">sleep</w>
         <pc xml:id="o5280-2159540"
             n="682-a-0140"
             ecep:lem=";"
             ecep:pos=";"
             ecep:reg=";"
             ecep:spe=";">;</pc>
      </l>
      <l xml:id="o5280-l02785">
         <c> </c>
         <w xml:id="o5280-2159550"
            n="682-a-0150"
            ecep:lem="while"
            ecep:pos="cs"
            ecep:reg="While"
            ecep:spe="Whilst"
            ecep:syllab="1"
            ecep:pron="waɪlst">Whilst</w>
         <pc xml:id="o5280-2159560"
             n="682-a-0160"
             ecep:lem=","
             ecep:pos=","
             ecep:reg=","
             ecep:spe=",">,</pc>
         <c> </c>
         <w xml:id="o5280-2159570"
            n="682-a-0170"
            ecep:lem="bribe"
            ecep:pos="vvd"
            ecep:reg="bribed"
            ecep:spe="brib'd"
            ecep:syllab="1"
            ecep:pron="braɪbd">brib'd</w>
         <c> </c>
         <w xml:id="o5280-2159580"
            n="682-a-0180"
            ecep:lem="alone"
            ecep:pos="av-j"
            ecep:reg="alone"
            ecep:spe="alone"
            ecep:syllab="2"
            ecep:pron="əˈləʊn">alone</w>
         <c> </c>
         <w xml:id="o5280-2159590"
            n="682-a-0190"
            ecep:lem="by"
            ecep:pos="p-acp"
            ecep:reg="by"
            ecep:spe="by"
            ecep:syllab="1"
            ecep:pron="baɪ">by</w>
         <c> </c>
         <w xml:id="o5280-2159600"
            n="682-a-0200"
            ecep:lem="grief"
            ecep:pos="n1"
            ecep:reg="grief"
            ecep:spe="grief"
            ecep:syllab="1"
            ecep:pron="griːf">grief</w>
         <c> </c>
         <w xml:id="o5280-2159610"
            n="682-a-0210"
            ecep:lem="and"
            ecep:pos="cc"
            ecep:reg="and"
            ecep:spe="and"
            ecep:syllab="1"
            ecep:pron="ænd">and</w>
         <c> </c>
         <w xml:id="o5280-2159620"
            n="682-a-0220"
            ecep:lem="pain"
            ecep:pos="n1"
            ecep:reg="pain"
            ecep:spe="pain"
            ecep:syllab="1"
            ecep:pron="peɪn">pain</w>
         <pc xml:id="o5280-2159630"
             n="682-a-0230"
             ecep:lem=","
             ecep:pos=","
             ecep:reg=","
             ecep:spe=",">,</pc>
      </l>
      <l xml:id="o5280-l02790">
         <c> </c>
         <w xml:id="o5280-2159640"
            n="682-a-0240"
            ecep:lem="to"
            ecep:pos="p-acp"
            ecep:reg="To"
            ecep:spe="To"
            ecep:syllab="1"
            ecep:pron="tuː">To</w>
         <c> </c>
         <w xml:id="o5280-2159650"
            n="682-a-0250"
            ecep:lem="this"
            ecep:pos="d"
            ecep:reg="this"
            ecep:spe="this"
            ecep:syllab="1"
            ecep:pron="ðɪs">this</w>
         <c> </c>
         <w xml:id="o5280-2159660"
            n="682-a-0260"
            ecep:lem="vile"
            ecep:pos="j"
            ecep:reg="vile"
            ecep:spe="vile"
            ecep:syllab="1"
            ecep:pron="vaɪl">vile</w>
         <c> </c>
         <w xml:id="o5280-2159670"
            n="682-a-0270"
            ecep:lem="spot"
            ecep:pos="n1"
            ecep:reg="spot"
            ecep:spe="spot"
            ecep:syllab="1"
            ecep:pron="spɒt">spot</w>
         <c> </c>
         <w xml:id="o5280-2159680"
            n="682-a-0280"
            ecep:lem="that"
            ecep:pos="cst"
            ecep:reg="that"
            ecep:spe="that"
            ecep:syllab="1"
            ecep:pron="ðæt">that</w>
         <c> </c>
         <w xml:id="o5280-2159690"
            n="682-a-0290"
            ecep:lem="hope"
            ecep:pos="n1"
            ecep:reg="Hope"
            ecep:spe="Hope"
            ecep:syllab="1"
            ecep:pron="həʊp">Hope</w>
         <c> </c>
         <w xml:id="o5280-2159700"
            n="682-a-0300"
            ecep:lem="we"
            ecep:pos="pns12"
            ecep:reg="we"
            ecep:spe="we"
            ecep:syllab="1"
            ecep:pron="wiː">we</w>
         <c> </c>
         <w xml:id="o5280-2159710"
            n="682-a-0310"
            ecep:lem="chain"
            ecep:pos="vvb"
            ecep:reg="chain"
            ecep:spe="chain"
            ecep:syllab="1"
            ecep:pron="tʃeɪn">chain</w>
         <pc xml:id="o5280-2159720"
             n="682-a-0320"
             ecep:lem=";"
             ecep:pos=";"
             ecep:reg=";"
             ecep:spe=";">;</pc>
      </l>
      <l xml:id="o5280-l02795">
         <c> </c>
         <w xml:id="o5280-2159730"
            n="682-a-0330"
            ecep:lem="which"
            ecep:pos="r-crq"
            ecep:reg="Which"
            ecep:spe="Which"
            ecep:syllab="1"
            ecep:pron="wɪtʃ">Which</w>
         <c> </c>
         <w xml:id="o5280-2159740"
            n="682-a-0340"
            ecep:lem="heaven"
            ecep:pos="n1"
            ecep:reg="Heaven"
            ecep:spe="Heav'n"
            ecep:syllab="1"
            ecep:pron="ˈhevn">Heav'n</w>
         <c> </c>
         <w xml:id="o5280-2159750"
            n="682-a-0350"
            ecep:lem="ordain"
            ecep:pos="vvd"
            ecep:reg="ordained"
            ecep:spe="ordain'd"
            ecep:syllab="2"
            ecep:pron="ɔːˈdeɪnd">ordain'd</w>
         <c> </c>
         <w xml:id="o5280-2159760"
            n="682-a-0360"
            ecep:lem="on"
            ecep:pos="p-acp"
            ecep:reg="on"
            ecep:spe="on"
            ecep:syllab="1"
            ecep:pron="ɒn">on</w>
         <c> </c>
         <w xml:id="o5280-2159770"
            n="682-a-0370"
            ecep:lem="cherub"
            ecep:pos="n1"
            ecep:reg="cherub"
            ecep:spe="cherub"
            ecep:syllab="2"
            ecep:pron="ˈtʃerəb">cherub</w>
         <c> </c>
         <w xml:id="o5280-2159780"
            n="682-a-0380"
            ecep:lem="wing"
            ecep:pos="n1"
            ecep:reg="wing"
            ecep:spe="wing"
            ecep:syllab="1"
            ecep:pron="wɪŋ">wing</w>
         <c> </c>
         <w xml:id="o5280-2159790"
            n="682-a-0390"
            ecep:lem="to"
            ecep:pos="pc-acp"
            ecep:reg="to"
            ecep:spe="to"
            ecep:syllab="1"
            ecep:pron="tuː">to</w>
         <c> </c>
         <w xml:id="o5280-2159800"
            n="682-a-0400"
            ecep:lem="soar"
            ecep:pos="vvi"
            ecep:reg="soar"
            ecep:spe="soar"
            ecep:syllab="1"
            ecep:pron="sɔː">soar</w>
         <pc xml:id="o5280-2159810"
             n="682-a-0410"
             ecep:lem=":"
             ecep:pos=":"
             ecep:reg=":"
             ecep:spe=":">:</pc>
      </l>
      <l xml:id="o5280-l02800">
         <c> </c>
         <w xml:id="o5280-2159820"
            n="682-a-0420"
            ecep:lem="a"
            ecep:pos="dt"
            ecep:reg="A"
            ecep:spe="A"
            ecep:syllab="1"
            ecep:pron="ə">A</w>
         <c> </c>
         <w xml:id="o5280-2159830"
            n="682-a-0430"
            ecep:lem="pledge"
            ecep:pos="n1"
            ecep:reg="pledge"
            ecep:spe="pledge"
            ecep:syllab="1"
            ecep:pron="pledʒ">pledge</w>
         <c> </c>
         <w xml:id="o5280-2159840"
            n="682-a-0440"
            ecep:lem="of"
            ecep:pos="pp-f"
            ecep:reg="of"
            ecep:spe="of"
            ecep:syllab="1"
            ecep:pron="ɒv">of</w>
         <c> </c>
         <w xml:id="o5280-2159850"
            n="682-a-0450"
            ecep:lem="joy"
            ecep:pos="n1"
            ecep:reg="joy"
            ecep:spe="joy"
            ecep:syllab="1"
            ecep:pron="dʒɔɪ">joy</w>
         <c> </c>
         <w xml:id="o5280-2159860"
            n="682-a-0460"
            ecep:lem="when"
            ecep:pos="c-crq"
            ecep:reg="when"
            ecep:spe="when"
            ecep:syllab="1"
            ecep:pron="wen">when</w>
         <c> </c>
         <w xml:id="o5280-2159870"
            n="682-a-0470"
            ecep:lem="time"
            ecep:pos="n1"
            ecep:reg="Time"
            ecep:spe="Time"
            ecep:syllab="1"
            ecep:pron="taɪm">Time</w>
         <c> </c>
         <w xml:id="o5280-2159880"
            n="682-a-0480"
            ecep:lem="shall"
            ecep:pos="vmb"
            ecep:reg="shall"
            ecep:spe="shall"
            ecep:syllab="1"
            ecep:pron="ʃæl">shall</w>
         <c> </c>
         <w xml:id="o5280-2159890"
            n="682-a-0490"
            ecep:lem="be"
            ecep:pos="vbi"
            ecep:reg="be"
            ecep:spe="be"
            ecep:syllab="1"
            ecep:pron="biː">be</w>
         <c> </c>
         <w xml:id="o5280-2159900"
            n="682-a-0500"
            ecep:lem="no"
            ecep:pos="dx"
            ecep:reg="no"
            ecep:spe="no"
            ecep:syllab="1"
            ecep:pron="nəʊ">no</w>
         <c> </c>
         <w xml:id="o5280-2159910"
            n="682-a-0510"
            ecep:lem="more"
            ecep:pos="av-dc"
            ecep:reg="more"
            ecep:spe="more"
            ecep:syllab="1"
            ecep:pron="mɔː">more</w>
         <pc xml:id="o5280-2159920"
             n="682-a-0520"
             unit="sentence"
             ecep:lem="."
             ecep:pos="."
             ecep:reg="."
             ecep:spe=".">.</pc>
         <c> </c>
      </l>
   </lg>
</div>
