<?xml version="1.0" encoding="utf-8"?>
<!DOCTYPE div
  SYSTEM "about:legacy-compat">
<div xmlns:tei="http://www.tei-c.org/ns/1.0"
     xmlns="http://www.tei-c.org/ns/1.0"
     xmlns:ecep="http://www.eighteenthcenturypoetry.org/ns"
     ana="#iamb #tetrameter #hexameter #milton #spenser #octet #ode"
     corresp="#txt_GrayTh1716_wotad"
     ecep:syllab="8.8.8.8.8.8.8.12"
     met="-+|-+|-+|-+/ -+|-+|-+|-+/ -+|-+|-+|-+/ -+|-+|-+|-+/ -+|-+|-+|-+/ -+|-+|-+|-+/ -+|-+|-+|-+/ -+|-+|-+|-+|-+|-+/"
     rendition="#lgindent"
     rhyme="ababccdd"
     subtype="eceptext"
     type="poem"
     xml:id="tgaen-wotad"
     decls="#semi-normalized">
   <link target="authors.xml#aut_GrayTh1716" type="author"/>
   <head type="main">
      <w xml:id="tgaen-083200"
         n="a-0010"
         ecep:lem="ode"
         ecep:pos="n1"
         ecep:reg="Ode"
         ecep:spe="Ode"
         ecep:syllab="1"
         ecep:pron="əʊd">Ode</w>
      <c> </c>
      <w xml:id="tgaen-083210"
         n="a-0020"
         ecep:lem="to"
         ecep:pos="p-acp"
         ecep:reg="to"
         ecep:spe="to"
         ecep:syllab="1"
         ecep:pron="tuː">to</w>
      <c> </c>
      <w xml:id="tgaen-083220"
         n="a-0030"
         ecep:lem="adversity"
         ecep:pos="n1"
         ecep:reg="Adversity"
         ecep:spe="Adversity"
         ecep:syllab="4"
         ecep:pron="ədˈvɜːsəti">Adversity</w>
   </head>
   <epigraph>
      <p>
         <pc xml:id="tgaen-083360"
             n="a-0140"
             ecep:lem="—"
             ecep:pos="—"
             ecep:reg="—"
             ecep:spe="—">—</pc>
         <c> </c>
         <pc xml:id="tgaen-083370"
             n="a-0150"
             ecep:lem="—"
             ecep:pos="—"
             ecep:reg="—"
             ecep:spe="—">—</pc>
         <c> </c>
         <w xml:id="tgaen-083380"
            n="a-0160"
            ecep:lem="Ζῆνα"
            ecep:pos="np1"
            ecep:reg="Ζῆνα"
            ecep:spe="Ζῆνα"
            ecep:syllab="1"
            ecep:pron="zˈiːtəlˌetəwˈɒnˈefsˈiːsˈɪksnjˈuːˈælfə">Ζῆνα</w>
         <c> </c>
         <pc xml:id="tgaen-083390"
             n="a-0170"
             ecep:lem="..."
             ecep:pos="..."
             ecep:reg="..."
             ecep:spe="...">...</pc>
         <lb/>
         <w xml:id="tgaen-083400"
            n="a-0180"
            ecep:lem="τὸν"
            ecep:pos="n1"
            ecep:reg="τὸν"
            ecep:spe="τὸν"
            ecep:syllab="1"
            ecep:pron="tˈaʊlˌetəwˈɒnˈefsˈevənˈeɪtnjˈuː">τὸν</w>
         <c> </c>
         <w xml:id="tgaen-083410"
            n="a-0190"
            ecep:lem="ϕρονεῖν"
            ecep:pos="n1"
            ecep:reg="ϕρονεῖν"
            ecep:spe="ϕρονεῖν"
            ecep:syllab="1"
            ecep:pron="lˌetəθrˈiːdˈiːfˈaɪvrˈəʊˈəʊmɪkrˌɒnnjˈuːˈepsɪlˌɒnlˌetəwˈɒnˈefdˈiːsˈɪksnjˈuː">ϕρονεῖν</w>
         <c> </c>
         <w xml:id="tgaen-083420"
            n="a-0200"
            ecep:lem="βροτοὺς"
            ecep:pos="n1"
            ecep:reg="βροτοὺς"
            ecep:spe="βροτοὺς"
            ecep:syllab="1"
            ecep:pron="bˈiːtərˈəʊˈəʊmɪkrˌɒntˈaʊˈəʊmɪkrˌɒnlˌetəwˈɒnˈefsˈevənˈeɪsˈɪgmə">βροτοὺς</w>
         <c> </c>
         <w xml:id="tgaen-083430"
            n="a-0210"
            ecep:lem="ὁδώ"
            ecep:pos="n1"
            ecep:reg="ὁδώ"
            ecep:spe="ὁδώ"
            ecep:syllab="1"
            ecep:pron="lˌetəwˈɒnˈeffˈɔːwˈɒndˈeltəˈəʊmɪgə">ὁδώ</w>
         <c> </c>
         <pc xml:id="tgaen-083440"
             n="a-0220"
             ecep:lem="—"
             ecep:pos="—"
             ecep:reg="—"
             ecep:spe="—">—</pc>
         <lb/>
         <w xml:id="tgaen-083450"
            n="a-0230"
            ecep:lem="σαντα"
            ecep:pos="n1"
            ecep:reg="σαντα"
            ecep:spe="σαντα"
            ecep:syllab="1"
            ecep:pron="sˈɪgməˈælfənjˈuːtˈaʊˈælfə">σαντα</w>
         <pc xml:id="tgaen-083460"
             n="a-0240"
             ecep:lem=","
             ecep:pos=","
             ecep:reg=","
             ecep:spe=",">,</pc>
         <c> </c>
         <w xml:id="tgaen-083470"
            n="a-0250"
            ecep:lem="τῷ"
            ecep:pos="n1"
            ecep:reg="τῷ"
            ecep:spe="τῷ"
            ecep:syllab="1"
            ecep:pron="tˈaʊlˌetəwˈɒnˈefˈefsˈevən">τῷ</w>
         <c> </c>
         <w xml:id="tgaen-083480"
            n="a-0260"
            ecep:lem="πάθει"
            ecep:pos="n1"
            ecep:reg="πάθει"
            ecep:spe="πάθει"
            ecep:syllab="1"
            ecep:pron="pˈaɪˈælfəθˈiːtəˈepsɪlˌɒnaɪˈəʊtə">πάθει</w>
         <c> </c>
         <w xml:id="tgaen-083490"
            n="a-0270"
            ecep:lem="μαθάν"
            ecep:pos="n1"
            ecep:reg="μαθάν"
            ecep:spe="μαθάν"
            ecep:syllab="1"
            ecep:pron="mjˈuːˈælfəθˈiːtəˈælfənjˈuː">μαθάν</w>
         <lb/>
         <w xml:id="tgaen-083500"
            n="a-0280"
            ecep:lem="Θέντα"
            ecep:pos="np1"
            ecep:reg="Θέντα"
            ecep:spe="Θέντα"
            ecep:syllab="1"
            ecep:pron="θˈiːtəˈepsɪlənnjˈuːtˈaʊˈælfə">Θέντα</w>
         <c> </c>
         <w xml:id="tgaen-083510"
            n="a-0290"
            ecep:lem="κυρίως"
            ecep:pos="n1"
            ecep:reg="κυρίως"
            ecep:spe="κυρίως"
            ecep:syllab="1"
            ecep:pron="kˈæpəˈʊpsɪlənrˈəʊaɪˈəʊtəˈəʊmɪgəsˈɪgmə">κυρίως</w>
         <c> </c>
         <w xml:id="tgaen-083520"
            n="a-0300"
            ecep:lem="ἔχειν"
            ecep:pos="n1"
            ecep:reg="ἔχειν"
            ecep:spe="ἔχειν"
            ecep:syllab="1"
            ecep:pron="lˌetəwˈɒnˈefwˈɒnfˈɔːtʃˈaɪˈepsɪlˌɒnaɪˈəʊtənjˈuː">ἔχειν</w>
         <pc xml:id="tgaen-083530"
             n="a-0310"
             unit="sentence"
             ecep:lem="."
             ecep:pos="."
             ecep:reg="."
             ecep:spe=".">.</pc>
      </p>
      <bibl>
         <w xml:id="tgaen-083560"
            n="a-0320"
            ecep:lem="Aeschylus"
            ecep:pos="np1"
            ecep:reg="Aeschylus"
            ecep:spe="Aeschylus"
            ecep:syllab="3"
            ecep:pron="ˈiːskɪləs">Aeschylus</w>
         <pc xml:id="tgaen-083570"
             n="a-0330"
             ecep:lem=","
             ecep:pos=","
             ecep:reg=","
             ecep:spe=",">,</pc>
         <c> </c>
         <w xml:id="tgaen-083580"
            n="a-0340"
            ecep:lem="in"
            ecep:pos="p-acp"
            ecep:reg="in"
            ecep:spe="in"
            ecep:syllab="1"
            ecep:pron="ɪn">in</w>
         <c> </c>
         <w xml:id="tgaen-083590"
            n="a-0350"
            ecep:lem="agamemnone"
            ecep:pos="np1"
            ecep:reg="Agamemnone"
            ecep:spe="Agamemnone"
            ecep:syllab="4"
            ecep:pron="ˈægeɪmmnˌɒn">Agamemnone</w>
         <pc xml:id="tgaen-083600"
             n="a-0360"
             unit="sentence"
             ecep:lem="."
             ecep:pos="."
             ecep:reg="."
             ecep:spe=".">.</pc>
      </bibl>
   </epigraph>
   <lg xml:id="tgaen-s00305">
      <l n="1" xml:id="tgaen-l04125">
         <w xml:id="tgaen-083630"
            n="a-0370"
            ecep:lem="daughter"
            ecep:pos="n1"
            ecep:reg="Daughter"
            ecep:spe="Daughter"
            ecep:syllab="2"
            ecep:pron="ˈdɔːtə">Daughter</w>
         <c> </c>
         <w xml:id="tgaen-083640"
            n="a-0380"
            ecep:lem="of"
            ecep:pos="pp-f"
            ecep:reg="of"
            ecep:spe="of"
            ecep:syllab="1"
            ecep:pron="ɒv">of</w>
         <c> </c>
         <w xml:id="tgaen-083650"
            n="a-0390"
            ecep:lem="Jove"
            ecep:pos="np1"
            ecep:reg="Jove"
            ecep:spe="Jove"
            ecep:syllab="1"
            ecep:pron="ˈdʒəʊv">Jove</w>
         <pc xml:id="tgaen-083660"
             n="a-0400"
             ecep:lem=","
             ecep:pos=","
             ecep:reg=","
             ecep:spe=",">,</pc>
         <c> </c>
         <w xml:id="tgaen-083670"
            n="a-0410"
            ecep:lem="relentless"
            ecep:pos="j"
            ecep:reg="relentless"
            ecep:spe="relentless"
            ecep:syllab="3"
            ecep:pron="rɪˈlentləs">relentless</w>
         <c> </c>
         <w xml:id="tgaen-083680"
            n="a-0420"
            ecep:lem="power"
            ecep:pos="n1"
            ecep:reg="power"
            ecep:spe="power"
            ecep:syllab="1"
            ecep:pron="ˈpaʊə">power</w>
         <pc xml:id="tgaen-083690"
             n="a-0430"
             ecep:lem=","
             ecep:pos=","
             ecep:reg=","
             ecep:spe=",">,</pc>
      </l>
      <l n="2" xml:id="tgaen-l04130">
         <w xml:id="tgaen-083700"
            n="a-0440"
            ecep:lem="thou"
            ecep:pos="pns21"
            ecep:reg="Thou"
            ecep:spe="Thou"
            ecep:syllab="1"
            ecep:pron="θaʊ">Thou</w>
         <c> </c>
         <w xml:id="tgaen-083710"
            n="a-0450"
            ecep:lem="tamer"
            ecep:pos="n1"
            ecep:reg="tamer"
            ecep:spe="tamer"
            ecep:syllab="2"
            ecep:pron="teɪmə">tamer</w>
         <c> </c>
         <w xml:id="tgaen-083720"
            n="a-0460"
            ecep:lem="of"
            ecep:pos="pp-f"
            ecep:reg="of"
            ecep:spe="of"
            ecep:syllab="1"
            ecep:pron="ɒv">of</w>
         <c> </c>
         <w xml:id="tgaen-083730"
            n="a-0470"
            ecep:lem="the"
            ecep:pos="dt"
            ecep:reg="the"
            ecep:spe="the"
            ecep:syllab="1"
            ecep:pron="ðiː">the</w>
         <c> </c>
         <w xml:id="tgaen-083740"
            n="a-0480"
            ecep:lem="human"
            ecep:pos="j"
            ecep:reg="human"
            ecep:spe="human"
            ecep:syllab="2"
            ecep:pron="ˈhjuːmən">human</w>
         <c> </c>
         <w xml:id="tgaen-083750"
            n="a-0490"
            ecep:lem="breast"
            ecep:pos="n1"
            ecep:reg="breast"
            ecep:spe="breast"
            ecep:syllab="1"
            ecep:pron="brest">breast</w>
         <pc xml:id="tgaen-083760"
             n="a-0500"
             ecep:lem=","
             ecep:pos=","
             ecep:reg=","
             ecep:spe=",">,</pc>
      </l>
      <l n="3" xml:id="tgaen-l04135">
         <w xml:id="tgaen-083770"
            n="a-0510"
            ecep:lem="who"
            ecep:pos="r-crq"
            ecep:reg="Whose"
            ecep:spe="Whose"
            ecep:syllab="1"
            ecep:pron="huːz">Whose</w>
         <c> </c>
         <w xml:id="tgaen-083780"
            n="a-0520"
            ecep:lem="iron"
            ecep:pos="n1"
            ecep:reg="iron"
            ecep:spe="iron"
            ecep:syllab="2"
            ecep:pron="æən">iron</w>
         <c> </c>
         <w xml:id="tgaen-083790"
            n="a-0530"
            ecep:lem="scourge"
            ecep:pos="n1"
            ecep:reg="scourge"
            ecep:spe="scourge"
            ecep:syllab="1"
            ecep:pron="skɜːdʒ">scourge</w>
         <c> </c>
         <w xml:id="tgaen-083800"
            n="a-0540"
            ecep:lem="and"
            ecep:pos="cc"
            ecep:reg="and"
            ecep:spe="and"
            ecep:syllab="1"
            ecep:pron="ænd">and</w>
         <c> </c>
         <w xml:id="tgaen-083810"
            n="a-0550"
            ecep:lem="torture"
            ecep:pos="j-vvg"
            ecep:reg="torturing"
            ecep:spe="torturing"
            ecep:syllab="3"
            ecep:pron="ˈtɔːtʃrɪŋ">torturing</w>
         <c> </c>
         <w xml:id="tgaen-083820"
            n="a-0560"
            ecep:lem="hour"
            ecep:pos="n1"
            ecep:reg="hour"
            ecep:spe="hour"
            ecep:syllab="1"
            ecep:pron="æə">hour</w>
         <pc xml:id="tgaen-083830"
             n="a-0570"
             ecep:lem=","
             ecep:pos=","
             ecep:reg=","
             ecep:spe=",">,</pc>
      </l>
      <l n="4" xml:id="tgaen-l04140">
         <w xml:id="tgaen-083840"
            n="a-0580"
            ecep:lem="the"
            ecep:pos="dt"
            ecep:reg="The"
            ecep:spe="The"
            ecep:syllab="1"
            ecep:pron="ðiː">The</w>
         <c> </c>
         <w xml:id="tgaen-083850"
            n="a-0590"
            ecep:lem="bad"
            ecep:pos="j"
            ecep:reg="bad"
            ecep:spe="bad"
            ecep:syllab="1"
            ecep:pron="bæd">bad</w>
         <c> </c>
         <w xml:id="tgaen-083860"
            n="a-0600"
            ecep:lem="affright"
            ecep:pos="n1"
            ecep:reg="affright"
            ecep:spe="affright"
            ecep:syllab="2"
            ecep:pron="əˈfraɪt">affright</w>
         <pc xml:id="tgaen-083870"
             n="a-0610"
             ecep:lem=","
             ecep:pos=","
             ecep:reg=","
             ecep:spe=",">,</pc>
         <c> </c>
         <w xml:id="tgaen-083880"
            n="a-0620"
            ecep:lem="afflict"
            ecep:pos="vvb"
            ecep:reg="afflict"
            ecep:spe="afflict"
            ecep:syllab="2"
            ecep:pron="əˈflɪkt">afflict</w>
         <c> </c>
         <w xml:id="tgaen-083890"
            n="a-0630"
            ecep:lem="the"
            ecep:pos="dt"
            ecep:reg="the"
            ecep:spe="the"
            ecep:syllab="1"
            ecep:pron="ðiː">the</w>
         <c> </c>
         <w xml:id="tgaen-083900"
            n="a-0640"
            ecep:lem="best"
            ecep:pos="js"
            ecep:reg="best"
            ecep:spe="best"
            ecep:syllab="1"
            ecep:pron="best">best</w>
         <pc xml:id="tgaen-083910"
             n="a-0650"
             unit="sentence"
             ecep:lem="!"
             ecep:pos="!"
             ecep:reg="!"
             ecep:spe="!">!</pc>
      </l>
      <l n="5" xml:id="tgaen-l04145">
         <w xml:id="tgaen-083920"
            n="a-0660"
            ecep:lem="bind"
            ecep:pos="vvn"
            ecep:reg="Bound"
            ecep:spe="Bound"
            ecep:syllab="1"
            ecep:pron="baʊnd">Bound</w>
         <c> </c>
         <w xml:id="tgaen-083930"
            n="a-0670"
            ecep:lem="in"
            ecep:pos="p-acp"
            ecep:reg="in"
            ecep:spe="in"
            ecep:syllab="1"
            ecep:pron="ɪn">in</w>
         <c> </c>
         <w xml:id="tgaen-083940"
            n="a-0680"
            ecep:lem="thy"
            ecep:pos="po21"
            ecep:reg="thy"
            ecep:spe="thy"
            ecep:syllab="1"
            ecep:pron="ðaɪ">thy</w>
         <c> </c>
         <w xml:id="tgaen-083950"
            n="a-0690"
            ecep:lem="adamantine"
            ecep:pos="j"
            ecep:reg="adamantine"
            ecep:spe="adamantine"
            ecep:syllab="4"
            ecep:pron="ˌædəˈmæntaɪn">adamantine</w>
         <c> </c>
         <w xml:id="tgaen-083960"
            n="a-0700"
            ecep:lem="chain"
            ecep:pos="n1"
            ecep:reg="chain"
            ecep:spe="chain"
            ecep:syllab="1"
            ecep:pron="tʃeɪn">chain</w>
      </l>
      <l n="6" xml:id="tgaen-l04150">
         <w xml:id="tgaen-083970"
            n="a-0010"
            ecep:lem="the"
            ecep:pos="dt"
            ecep:reg="The"
            ecep:spe="The"
            ecep:syllab="1"
            ecep:pron="ðiː">The</w>
         <c> </c>
         <w xml:id="tgaen-083980"
            n="a-0020"
            ecep:lem="proud"
            ecep:pos="j"
            ecep:reg="proud"
            ecep:spe="proud"
            ecep:syllab="1"
            ecep:pron="praʊd">proud</w>
         <c> </c>
         <w xml:id="tgaen-083990"
            n="a-0030"
            ecep:lem="be"
            ecep:pos="vbr"
            ecep:reg="are"
            ecep:spe="are"
            ecep:syllab="1"
            ecep:pron="ɑː">are</w>
         <c> </c>
         <w xml:id="tgaen-084000"
            n="a-0040"
            ecep:lem="teach"
            ecep:pos="vvn"
            ecep:reg="taught"
            ecep:spe="taught"
            ecep:syllab="1"
            ecep:pron="tɔːt">taught</w>
         <c> </c>
         <w xml:id="tgaen-084010"
            n="a-0050"
            ecep:lem="to"
            ecep:pos="p-acp"
            ecep:reg="to"
            ecep:spe="to"
            ecep:syllab="1"
            ecep:pron="tuː">to</w>
         <c> </c>
         <w xml:id="tgaen-084020"
            n="a-0060"
            ecep:lem="taste"
            ecep:pos="n1"
            ecep:reg="taste"
            ecep:spe="taste"
            ecep:syllab="1"
            ecep:pron="teɪst">taste</w>
         <c> </c>
         <w xml:id="tgaen-084030"
            n="a-0070"
            ecep:lem="of"
            ecep:pos="pp-f"
            ecep:reg="of"
            ecep:spe="of"
            ecep:syllab="1"
            ecep:pron="ɒv">of</w>
         <c> </c>
         <w xml:id="tgaen-084040"
            n="a-0080"
            ecep:lem="pain"
            ecep:pos="n1"
            ecep:reg="pain"
            ecep:spe="pain"
            ecep:syllab="1"
            ecep:pron="peɪn">pain</w>
         <pc xml:id="tgaen-084050"
             n="a-0090"
             ecep:lem=","
             ecep:pos=","
             ecep:reg=","
             ecep:spe=",">,</pc>
      </l>
      <l n="7" xml:id="tgaen-l04155">
         <w xml:id="tgaen-084060"
            n="a-0100"
            ecep:lem="and"
            ecep:pos="cc"
            ecep:reg="And"
            ecep:spe="And"
            ecep:syllab="1"
            ecep:pron="ænd">And</w>
         <c> </c>
         <w xml:id="tgaen-084070"
            n="a-0110"
            ecep:lem="purple"
            ecep:pos="j-jn"
            ecep:reg="purple"
            ecep:spe="purple"
            ecep:syllab="2"
            ecep:pron="ˈpɜːpl">purple</w>
         <c> </c>
         <w xml:id="tgaen-084080"
            n="a-0120"
            ecep:lem="tyrant"
            ecep:pos="n2"
            ecep:reg="tyrants"
            ecep:spe="tyrants"
            ecep:syllab="2"
            ecep:pron="ˈtaɪrənts">tyrants</w>
         <c> </c>
         <w xml:id="tgaen-084090"
            n="a-0130"
            ecep:lem="vain"
            ecep:pos="av-j"
            ecep:reg="vainly"
            ecep:spe="vainly"
            ecep:syllab="2"
            ecep:pron="veɪnli">vainly</w>
         <c> </c>
         <w xml:id="tgaen-084100"
            n="a-0140"
            ecep:lem="groan"
            ecep:pos="vvi"
            ecep:reg="groan"
            ecep:spe="groan"
            ecep:syllab="1"
            ecep:pron="grəʊn">groan</w>
      </l>
      <l n="8" xml:id="tgaen-l04160">
         <w xml:id="tgaen-084110"
            n="a-0150"
            ecep:lem="with"
            ecep:pos="p-acp"
            ecep:reg="With"
            ecep:spe="With"
            ecep:syllab="1"
            ecep:pron="wɪð">With</w>
         <c> </c>
         <w xml:id="tgaen-084120"
            n="a-0160"
            ecep:lem="pang"
            ecep:pos="n2"
            ecep:reg="pangs"
            ecep:spe="pangs"
            ecep:syllab="1"
            ecep:pron="pæŋz">pangs</w>
         <c> </c>
         <w xml:id="tgaen-084130"
            n="a-0170"
            ecep:lem="unfelt"
            ecep:pos="j"
            ecep:reg="unfelt"
            ecep:spe="unfelt"
            ecep:syllab="2"
            ecep:pron="ʌnˈfelt">unfelt</w>
         <c> </c>
         <w xml:id="tgaen-084140"
            n="a-0180"
            ecep:lem="before"
            ecep:pos="a-acp"
            ecep:reg="before"
            ecep:spe="before"
            ecep:syllab="2"
            ecep:pron="bɪˈfɔː">before</w>
         <pc xml:id="tgaen-084150"
             n="a-0190"
             ecep:lem=","
             ecep:pos=","
             ecep:reg=","
             ecep:spe=",">,</pc>
         <c> </c>
         <w xml:id="tgaen-084160"
            n="a-0200"
            ecep:lem="unpitied"
            ecep:pos="j"
            ecep:reg="unpitied"
            ecep:spe="unpitied"
            ecep:syllab="3"
            ecep:pron="ʌnˈpɪtɪd">unpitied</w>
         <c> </c>
         <w xml:id="tgaen-084170"
            n="a-0210"
            ecep:lem="and"
            ecep:pos="cc"
            ecep:reg="and"
            ecep:spe="and"
            ecep:syllab="1"
            ecep:pron="ænd">and</w>
         <c> </c>
         <w xml:id="tgaen-084180"
            n="a-0220"
            ecep:lem="alone"
            ecep:pos="j"
            ecep:reg="alone"
            ecep:spe="alone"
            ecep:syllab="2"
            ecep:pron="əˈləʊn">alone</w>
         <pc xml:id="tgaen-084190"
             n="a-0230"
             unit="sentence"
             ecep:lem="."
             ecep:pos="."
             ecep:reg="."
             ecep:spe=".">.</pc>
      </l>
   </lg>
   <lg xml:id="tgaen-s00310">
      <l n="9" xml:id="tgaen-l04165">
         <w xml:id="tgaen-084220"
            n="a-0240"
            ecep:lem="when"
            ecep:pos="c-crq"
            ecep:reg="When"
            ecep:spe="When"
            ecep:syllab="1"
            ecep:pron="wen">When</w>
         <c> </c>
         <w xml:id="tgaen-084230"
            n="a-0250"
            ecep:lem="first"
            ecep:pos="ord"
            ecep:reg="first"
            ecep:spe="first"
            ecep:syllab="1"
            ecep:pron="ˈfɜːst">first</w>
         <c> </c>
         <w xml:id="tgaen-084240"
            n="a-0260"
            ecep:lem="thy"
            ecep:pos="po21"
            ecep:reg="thy"
            ecep:spe="thy"
            ecep:syllab="1"
            ecep:pron="ðaɪ">thy</w>
         <c> </c>
         <w xml:id="tgaen-084250"
            n="a-0270"
            ecep:lem="sire"
            ecep:pos="n1"
            ecep:reg="Sire"
            ecep:spe="Sire"
            ecep:syllab="1"
            ecep:pron="sæə">Sire</w>
         <c> </c>
         <w xml:id="tgaen-084260"
            n="a-0280"
            ecep:lem="to"
            ecep:pos="pc-acp"
            ecep:reg="to"
            ecep:spe="to"
            ecep:syllab="1"
            ecep:pron="tuː">to</w>
         <c> </c>
         <w xml:id="tgaen-084270"
            n="a-0290"
            ecep:lem="send"
            ecep:pos="vvi"
            ecep:reg="send"
            ecep:spe="send"
            ecep:syllab="1"
            ecep:pron="send">send</w>
         <c> </c>
         <w xml:id="tgaen-084280"
            n="a-0300"
            ecep:lem="on"
            ecep:pos="p-acp"
            ecep:reg="on"
            ecep:spe="on"
            ecep:syllab="1"
            ecep:pron="ɒn">on</w>
         <c> </c>
         <w xml:id="tgaen-084290"
            n="a-0310"
            ecep:lem="earth"
            ecep:pos="n1"
            ecep:reg="earth"
            ecep:spe="earth"
            ecep:syllab="1"
            ecep:pron="ɜːθ">earth</w>
      </l>
      <l n="10" xml:id="tgaen-l04170">
         <w xml:id="tgaen-084300"
            n="a-0320"
            ecep:lem="virtue"
            ecep:pos="n1"
            ecep:reg="Virtue"
            ecep:spe="Virtue"
            ecep:syllab="2"
            ecep:pron="ˈvɜːtʃuː">Virtue</w>
         <pc xml:id="tgaen-084310"
             n="a-0330"
             ecep:lem=","
             ecep:pos=","
             ecep:reg=","
             ecep:spe=",">,</pc>
         <c> </c>
         <w xml:id="tgaen-084320"
            n="a-0340"
            ecep:lem="his"
            ecep:pos="po31"
            ecep:reg="his"
            ecep:spe="his"
            ecep:syllab="1"
            ecep:pron="hɪz">his</w>
         <c> </c>
         <w xml:id="tgaen-084330"
            n="a-0350"
            ecep:lem="darling"
            ecep:pos="j-jn"
            ecep:reg="darling"
            ecep:spe="darling"
            ecep:syllab="2"
            ecep:pron="ˈdɑːlɪŋ">darling</w>
         <c> </c>
         <w xml:id="tgaen-084340"
            n="a-0360"
            ecep:lem="child"
            ecep:pos="n1"
            ecep:reg="child"
            ecep:spe="child"
            ecep:syllab="1"
            ecep:pron="tʃaɪld">child</w>
         <pc xml:id="tgaen-084350"
             n="a-0370"
             ecep:lem=","
             ecep:pos=","
             ecep:reg=","
             ecep:spe=",">,</pc>
         <c> </c>
         <w xml:id="tgaen-084360"
            n="a-0380"
            ecep:lem="design"
            ecep:pos="vvn"
            ecep:reg="designed"
            ecep:spe="designed"
            ecep:syllab="2"
            ecep:pron="dɪˈzaɪnd">designed</w>
         <pc xml:id="tgaen-084370"
             n="a-0390"
             ecep:lem=","
             ecep:pos=","
             ecep:reg=","
             ecep:spe=",">,</pc>
      </l>
      <l n="11" xml:id="tgaen-l04175">
         <w xml:id="tgaen-084380"
            n="a-0400"
            ecep:lem="to"
            ecep:pos="p-acp"
            ecep:reg="To"
            ecep:spe="To"
            ecep:syllab="1"
            ecep:pron="tuː">To</w>
         <c> </c>
         <w xml:id="tgaen-084390"
            n="a-0410"
            ecep:lem="thou"
            ecep:pos="pno21"
            ecep:reg="thee"
            ecep:spe="thee"
            ecep:syllab="1"
            ecep:pron="ðiː">thee</w>
         <c> </c>
         <w xml:id="tgaen-084400"
            n="a-0420"
            ecep:lem="he"
            ecep:pos="pns31"
            ecep:reg="he"
            ecep:spe="he"
            ecep:syllab="1"
            ecep:pron="hiː">he</w>
         <c> </c>
         <w xml:id="tgaen-084410"
            n="a-0430"
            ecep:lem="give"
            ecep:pos="vvd"
            ecep:reg="gave"
            ecep:spe="gave"
            ecep:syllab="1"
            ecep:pron="geɪv">gave</w>
         <c> </c>
         <w xml:id="tgaen-084420"
            n="a-0440"
            ecep:lem="the"
            ecep:pos="dt"
            ecep:reg="the"
            ecep:spe="the"
            ecep:syllab="1"
            ecep:pron="ðiː">the</w>
         <c> </c>
         <w xml:id="tgaen-084430"
            n="a-0450"
            ecep:lem="heavenly"
            ecep:pos="j"
            ecep:reg="heavenly"
            ecep:spe="heavenly"
            ecep:syllab="2"
            ecep:pron="ˈhevnli">heavenly</w>
         <c> </c>
         <w xml:id="tgaen-084440"
            n="a-0460"
            ecep:lem="birth"
            ecep:pos="n1"
            ecep:reg="birth"
            ecep:spe="birth"
            ecep:syllab="1"
            ecep:pron="bɜːθ">birth</w>
         <pc xml:id="tgaen-084450"
             n="a-0470"
             ecep:lem=","
             ecep:pos=","
             ecep:reg=","
             ecep:spe=",">,</pc>
      </l>
      <l n="12" xml:id="tgaen-l04180">
         <w xml:id="tgaen-084460"
            n="a-0480"
            ecep:lem="and"
            ecep:pos="cc"
            ecep:reg="And"
            ecep:spe="And"
            ecep:syllab="1"
            ecep:pron="ænd">And</w>
         <c> </c>
         <w xml:id="tgaen-084470"
            n="a-0490"
            ecep:lem="bid"
            ecep:pos="vvd"
            ecep:reg="bade"
            ecep:spe="bade"
            ecep:syllab="1"
            ecep:pron="bæd">bade</w>
         <c> </c>
         <w xml:id="tgaen-084480"
            n="a-0500"
            ecep:lem="to"
            ecep:pos="pc-acp"
            ecep:reg="to"
            ecep:spe="to"
            ecep:syllab="1"
            ecep:pron="tuː">to</w>
         <c> </c>
         <w xml:id="tgaen-084490"
            n="a-0510"
            ecep:lem="form"
            ecep:pos="vvi"
            ecep:reg="form"
            ecep:spe="form"
            ecep:syllab="1"
            ecep:pron="fɔːm">form</w>
         <c> </c>
         <w xml:id="tgaen-084500"
            n="a-0520"
            ecep:lem="her"
            ecep:pos="po31"
            ecep:reg="her"
            ecep:spe="her"
            ecep:syllab="1"
            ecep:pron="hɜː">her</w>
         <c> </c>
         <w xml:id="tgaen-084510"
            n="a-0530"
            ecep:lem="infant"
            ecep:pos="n1"
            ecep:reg="infant"
            ecep:spe="infant"
            ecep:syllab="2"
            ecep:pron="ˈɪnfənt">infant</w>
         <c> </c>
         <w xml:id="tgaen-084520"
            n="a-0540"
            ecep:lem="mind"
            ecep:pos="n1"
            ecep:reg="mind"
            ecep:spe="mind"
            ecep:syllab="1"
            ecep:pron="maɪnd">mind</w>
         <pc xml:id="tgaen-084530"
             n="a-0550"
             unit="sentence"
             ecep:lem="."
             ecep:pos="."
             ecep:reg="."
             ecep:spe=".">.</pc>
      </l>
      <l n="13" xml:id="tgaen-l04185">
         <w xml:id="tgaen-084540"
            n="a-0560"
            ecep:lem="stern"
            ecep:pos="j"
            ecep:reg="Stern"
            ecep:spe="Stern"
            ecep:syllab="1"
            ecep:pron="stɜːn">Stern</w>
         <c> </c>
         <w xml:id="tgaen-084550"
            n="a-0570"
            ecep:lem="rugged"
            ecep:pos="j"
            ecep:reg="rugged"
            ecep:spe="rugged"
            ecep:syllab="2"
            ecep:pron="ˈrʌgɪd">rugged</w>
         <c> </c>
         <w xml:id="tgaen-084560"
            n="a-0580"
            ecep:lem="nurse"
            ecep:pos="n1"
            ecep:reg="nurse"
            ecep:spe="nurse"
            ecep:syllab="1"
            ecep:pron="nɜːs">nurse</w>
         <pc xml:id="tgaen-084570"
             n="a-0590"
             ecep:lem="!"
             ecep:pos="!"
             ecep:reg="!"
             ecep:spe="!">!</pc>
         <c> </c>
         <w xml:id="tgaen-084580"
            n="a-0600"
            ecep:lem="thy"
            ecep:pos="po21"
            ecep:reg="thy"
            ecep:spe="thy"
            ecep:syllab="1"
            ecep:pron="ðaɪ">thy</w>
         <c> </c>
         <w xml:id="tgaen-084590"
            n="a-0610"
            ecep:lem="rigid"
            ecep:pos="j"
            ecep:reg="rigid"
            ecep:spe="rigid"
            ecep:syllab="2"
            ecep:pron="ˈrɪdʒɪd">rigid</w>
         <c> </c>
         <w xml:id="tgaen-084600"
            n="a-0620"
            ecep:lem="lore"
            ecep:pos="n1"
            ecep:reg="lore"
            ecep:spe="lore"
            ecep:syllab="1"
            ecep:pron="lɔː">lore</w>
      </l>
      <l n="14" xml:id="tgaen-l04190">
         <w xml:id="tgaen-084610"
            n="a-0630"
            ecep:lem="with"
            ecep:pos="p-acp"
            ecep:reg="With"
            ecep:spe="With"
            ecep:syllab="1"
            ecep:pron="wɪð">With</w>
         <c> </c>
         <w xml:id="tgaen-084620"
            n="a-0640"
            ecep:lem="patience"
            ecep:pos="n1"
            ecep:reg="patience"
            ecep:spe="patience"
            ecep:syllab="2"
            ecep:pron="ˈpeɪʃns">patience</w>
         <c> </c>
         <w xml:id="tgaen-084630"
            n="a-0650"
            ecep:lem="many"
            ecep:pos="d"
            ecep:reg="many"
            ecep:spe="many"
            ecep:syllab="2"
            ecep:pron="ˈmeni">many</w>
         <c> </c>
         <w xml:id="tgaen-084640"
            n="a-0660"
            ecep:lem="a"
            ecep:pos="dt"
            ecep:reg="a"
            ecep:spe="a"
            ecep:syllab="1"
            ecep:pron="ə">a</w>
         <c> </c>
         <w xml:id="tgaen-084650"
            n="a-0670"
            ecep:lem="year"
            ecep:pos="n1"
            ecep:reg="year"
            ecep:spe="year"
            ecep:syllab="1"
            ecep:pron="jɪə">year</w>
         <c> </c>
         <w xml:id="tgaen-084660"
            n="a-0680"
            ecep:lem="she"
            ecep:pos="pns31"
            ecep:reg="she"
            ecep:spe="she"
            ecep:syllab="1"
            ecep:pron="ʃiː">she</w>
         <c> </c>
         <w xml:id="tgaen-084670"
            n="a-0690"
            ecep:lem="bear"
            ecep:pos="vvd"
            ecep:reg="bore"
            ecep:spe="bore"
            ecep:syllab="1"
            ecep:pron="bɔː">bore</w>
         <pc xml:id="tgaen-084680"
             n="a-0700"
             ecep:lem=":"
             ecep:pos=":"
             ecep:reg=":"
             ecep:spe=":">:</pc>
      </l>
      <l n="15" xml:id="tgaen-l04195">
         <w xml:id="tgaen-084690"
            n="a-0710"
            ecep:lem="what"
            ecep:pos="q-crq"
            ecep:reg="What"
            ecep:spe="What"
            ecep:syllab="1"
            ecep:pron="wɒt">What</w>
         <c> </c>
         <w xml:id="tgaen-084700"
            n="a-0720"
            ecep:lem="sorrow"
            ecep:pos="n1"
            ecep:reg="sorrow"
            ecep:spe="sorrow"
            ecep:syllab="2"
            ecep:pron="ˈsɒrəʊ">sorrow</w>
         <c> </c>
         <w xml:id="tgaen-084710"
            n="a-0730"
            ecep:lem="be"
            ecep:pos="vbds"
            ecep:reg="was"
            ecep:spe="was"
            ecep:syllab="1"
            ecep:pron="wɒz">was</w>
         <pc xml:id="tgaen-084720"
             n="a-0740"
             ecep:lem=","
             ecep:pos=","
             ecep:reg=","
             ecep:spe=",">,</pc>
         <c> </c>
         <w xml:id="tgaen-084730"
            n="a-0750"
            ecep:lem="thou"
            ecep:pos="pns21"
            ecep:reg="thou"
            ecep:spe="thou"
            ecep:syllab="1"
            ecep:pron="θaʊ">thou</w>
         <c> </c>
         <w xml:id="tgaen-084740"
            n="a-0760"
            ecep:lem="bid"
            ecep:pos="vvd2"
            ecep:reg="badst"
            ecep:spe="bad'st"
            ecep:syllab="1"
            ecep:pron="bædst">bad'st</w>
         <c> </c>
         <w xml:id="tgaen-084750"
            n="a-0770"
            ecep:lem="she"
            ecep:pos="pno31"
            ecep:reg="her"
            ecep:spe="her"
            ecep:syllab="1"
            ecep:pron="hɜː">her</w>
         <c> </c>
         <w xml:id="tgaen-084760"
            n="a-0780"
            ecep:lem="know"
            ecep:pos="vvb"
            ecep:reg="know"
            ecep:spe="know"
            ecep:syllab="1"
            ecep:pron="nəʊ">know</w>
         <pc xml:id="tgaen-084770"
             n="a-0790"
             ecep:lem=","
             ecep:pos=","
             ecep:reg=","
             ecep:spe=",">,</pc>
      </l>
      <l n="16" xml:id="tgaen-l04200">
         <w xml:id="tgaen-084780"
            n="a-0800"
            ecep:lem="and"
            ecep:pos="cc"
            ecep:reg="And"
            ecep:spe="And"
            ecep:syllab="1"
            ecep:pron="ænd">And</w>
         <c> </c>
         <w xml:id="tgaen-084790"
            n="a-0810"
            ecep:lem="from"
            ecep:pos="p-acp"
            ecep:reg="from"
            ecep:spe="from"
            ecep:syllab="1"
            ecep:pron="frɒm">from</w>
         <c> </c>
         <w xml:id="tgaen-084800"
            n="a-0820"
            ecep:lem="her"
            ecep:pos="po31"
            ecep:reg="her"
            ecep:spe="her"
            ecep:syllab="1"
            ecep:pron="hɜː">her</w>
         <c> </c>
         <w xml:id="tgaen-084810"
            n="a-0830"
            ecep:lem="own"
            ecep:pos="d"
            ecep:reg="own"
            ecep:spe="own"
            ecep:syllab="1"
            ecep:pron="əʊn">own</w>
         <c> </c>
         <w xml:id="tgaen-084820"
            n="a-0840"
            ecep:lem="she"
            ecep:pos="pns31"
            ecep:reg="she"
            ecep:spe="she"
            ecep:syllab="1"
            ecep:pron="ʃiː">she</w>
         <c> </c>
         <w xml:id="tgaen-084830"
            n="a-0850"
            ecep:lem="learn"
            ecep:pos="vvd"
            ecep:reg="learnt"
            ecep:spe="learned"
            ecep:syllab="2"
            ecep:pron="ˈlɜːnɪd">learned</w>
         <c> </c>
         <w xml:id="tgaen-084840"
            n="a-0860"
            ecep:lem="to"
            ecep:pos="pc-acp"
            ecep:reg="to"
            ecep:spe="to"
            ecep:syllab="1"
            ecep:pron="tuː">to</w>
         <c> </c>
         <w xml:id="tgaen-084850"
            n="a-0870"
            ecep:lem="melt"
            ecep:pos="vvi"
            ecep:reg="melt"
            ecep:spe="melt"
            ecep:syllab="1"
            ecep:pron="melt">melt</w>
         <c> </c>
         <w xml:id="tgaen-084860"
            n="a-0880"
            ecep:lem="at"
            ecep:pos="p-acp"
            ecep:reg="at"
            ecep:spe="at"
            ecep:syllab="1"
            ecep:pron="æt">at</w>
         <c> </c>
         <w xml:id="tgaen-084870"
            n="a-0890"
            ecep:lem="other"
            ecep:pos="ng2-jn"
            ecep:reg="others'"
            ecep:spe="others'"
            ecep:syllab="2"
            ecep:pron="ˈʌðəz">others'</w>
         <c> </c>
         <w xml:id="tgaen-084890"
            n="a-0910"
            ecep:lem="woe"
            ecep:pos="n1"
            ecep:reg="woe"
            ecep:spe="woe"
            ecep:syllab="1"
            ecep:pron="wəʊ">woe</w>
         <pc xml:id="tgaen-084900"
             n="a-0920"
             unit="sentence"
             ecep:lem="."
             ecep:pos="."
             ecep:reg="."
             ecep:spe=".">.</pc>
      </l>
   </lg>
   <lg xml:id="tgaen-s00315">
      <l n="17" xml:id="tgaen-l04205">
         <w xml:id="tgaen-084930"
            n="a-0930"
            ecep:lem="Scared"
            ecep:pos="np1"
            ecep:reg="Scared"
            ecep:spe="Scared"
            ecep:syllab="1"
            ecep:pron="skeəd">Scared</w>
         <c> </c>
         <w xml:id="tgaen-084940"
            n="a-0940"
            ecep:lem="at"
            ecep:pos="p-acp"
            ecep:reg="at"
            ecep:spe="at"
            ecep:syllab="1"
            ecep:pron="æt">at</w>
         <c> </c>
         <w xml:id="tgaen-084950"
            n="a-0950"
            ecep:lem="thy"
            ecep:pos="po21"
            ecep:reg="thy"
            ecep:spe="thy"
            ecep:syllab="1"
            ecep:pron="ðaɪ">thy</w>
         <c> </c>
         <w xml:id="tgaen-084960"
            n="a-0960"
            ecep:lem="frown"
            ecep:pos="n1"
            ecep:reg="frown"
            ecep:spe="frown"
            ecep:syllab="1"
            ecep:pron="fraʊn">frown</w>
         <c> </c>
         <w xml:id="tgaen-084970"
            n="a-0970"
            ecep:lem="terrific"
            ecep:pos="j"
            ecep:reg="terrific"
            ecep:spe="terrific"
            ecep:syllab="3"
            ecep:pron="təˈrɪfɪk">terrific</w>
         <pc xml:id="tgaen-084980"
             n="a-0980"
             ecep:lem=","
             ecep:pos=","
             ecep:reg=","
             ecep:spe=",">,</pc>
         <c> </c>
         <w xml:id="tgaen-084990"
            n="a-0990"
            ecep:lem="fly"
            ecep:pos="vvb"
            ecep:reg="fly"
            ecep:spe="fly"
            ecep:syllab="1"
            ecep:pron="flaɪ">fly</w>
      </l>
      <l n="18" xml:id="tgaen-l04210">
         <w xml:id="tgaen-085000"
            n="a-1000"
            ecep:lem="self-pleasing"
            ecep:pos="j"
            ecep:reg="Self-pleasing"
            ecep:spe="Self-pleasing"
            ecep:syllab="3"
            ecep:pron="selfˈpliːzɪŋ">Self-pleasing</w>
         <c> </c>
         <w xml:id="tgaen-085010"
            n="a-1010"
            ecep:lem="folly"
            ecep:pos="ng1"
            ecep:reg="Folly's"
            ecep:spe="Folly's"
            ecep:syllab="2"
            ecep:pron="ˈfɒliz">Folly's</w>
         <c> </c>
         <w xml:id="tgaen-085020"
            n="a-1020"
            ecep:lem="idle"
            ecep:pos="j"
            ecep:reg="idle"
            ecep:spe="idle"
            ecep:syllab="2"
            ecep:pron="ˈaɪdl">idle</w>
         <c> </c>
         <w xml:id="tgaen-085030"
            n="a-1030"
            ecep:lem="brood"
            ecep:pos="n1"
            ecep:reg="brood"
            ecep:spe="brood"
            ecep:syllab="1"
            ecep:pron="bruːd">brood</w>
         <pc xml:id="tgaen-085040"
             n="a-1040"
             ecep:lem=","
             ecep:pos=","
             ecep:reg=","
             ecep:spe=",">,</pc>
      </l>
      <l n="19" xml:id="tgaen-l04215">
         <w xml:id="tgaen-085050"
            n="a-1050"
            ecep:lem="wild"
            ecep:pos="j"
            ecep:reg="Wild"
            ecep:spe="Wild"
            ecep:syllab="1"
            ecep:pron="waɪld">Wild</w>
         <c> </c>
         <w xml:id="tgaen-085060"
            n="a-1060"
            ecep:lem="laughter"
            ecep:pos="n1"
            ecep:reg="Laughter"
            ecep:spe="Laughter"
            ecep:syllab="2"
            ecep:pron="ˈlɑːftə">Laughter</w>
         <pc xml:id="tgaen-085070"
             n="a-1070"
             ecep:lem=","
             ecep:pos=","
             ecep:reg=","
             ecep:spe=",">,</pc>
         <c> </c>
         <w xml:id="tgaen-085080"
            n="a-1080"
            ecep:lem="noise"
            ecep:pos="n1"
            ecep:reg="Noise"
            ecep:spe="Noise"
            ecep:syllab="1"
            ecep:pron="nɔɪz">Noise</w>
         <pc xml:id="tgaen-085090"
             n="a-1090"
             ecep:lem=","
             ecep:pos=","
             ecep:reg=","
             ecep:spe=",">,</pc>
         <c> </c>
         <w xml:id="tgaen-085100"
            n="a-1100"
            ecep:lem="and"
            ecep:pos="cc"
            ecep:reg="and"
            ecep:spe="and"
            ecep:syllab="1"
            ecep:pron="ænd">and</w>
         <c> </c>
         <w xml:id="tgaen-085110"
            n="a-1110"
            ecep:lem="thoughtless"
            ecep:pos="j"
            ecep:reg="thoughtless"
            ecep:spe="thoughtless"
            ecep:syllab="2"
            ecep:pron="ˈθɔːtləs">thoughtless</w>
         <c> </c>
         <w xml:id="tgaen-085120"
            n="a-1120"
            ecep:lem="joy"
            ecep:pos="n1"
            ecep:reg="Joy"
            ecep:spe="Joy"
            ecep:syllab="1"
            ecep:pron="dʒɔɪ">Joy</w>
         <pc xml:id="tgaen-085130"
             n="a-1130"
             ecep:lem=","
             ecep:pos=","
             ecep:reg=","
             ecep:spe=",">,</pc>
      </l>
      <l n="20" xml:id="tgaen-l04220">
         <w xml:id="tgaen-085140"
            n="a-1140"
            ecep:lem="and"
            ecep:pos="cc"
            ecep:reg="And"
            ecep:spe="And"
            ecep:syllab="1"
            ecep:pron="ænd">And</w>
         <c> </c>
         <w xml:id="tgaen-085150"
            n="a-1150"
            ecep:lem="leave"
            ecep:pos="vvb"
            ecep:reg="leave"
            ecep:spe="leave"
            ecep:syllab="1"
            ecep:pron="liːv">leave</w>
         <c> </c>
         <w xml:id="tgaen-085160"
            n="a-1160"
            ecep:lem="we"
            ecep:pos="pno12"
            ecep:reg="us"
            ecep:spe="us"
            ecep:syllab="1"
            ecep:pron="ʌs">us</w>
         <c> </c>
         <w xml:id="tgaen-085170"
            n="a-1170"
            ecep:lem="leisure"
            ecep:pos="n1"
            ecep:reg="leisure"
            ecep:spe="leisure"
            ecep:syllab="2"
            ecep:pron="ˈleʒə">leisure</w>
         <c> </c>
         <w xml:id="tgaen-085180"
            n="a-1180"
            ecep:lem="to"
            ecep:pos="pc-acp"
            ecep:reg="to"
            ecep:spe="to"
            ecep:syllab="1"
            ecep:pron="tuː">to</w>
         <c> </c>
         <w xml:id="tgaen-085190"
            n="a-1190"
            ecep:lem="be"
            ecep:pos="vbi"
            ecep:reg="be"
            ecep:spe="be"
            ecep:syllab="1"
            ecep:pron="biː">be</w>
         <c> </c>
         <w xml:id="tgaen-085200"
            n="a-1200"
            ecep:lem="good"
            ecep:pos="j"
            ecep:reg="good"
            ecep:spe="good"
            ecep:syllab="1"
            ecep:pron="gʊd">good</w>
         <pc xml:id="tgaen-085210"
             n="a-1210"
             unit="sentence"
             ecep:lem="."
             ecep:pos="."
             ecep:reg="."
             ecep:spe=".">.</pc>
      </l>
      <l n="21" xml:id="tgaen-l04225">
         <w xml:id="tgaen-085220"
            n="a-1220"
            ecep:lem="light"
            ecep:pos="j"
            ecep:reg="Light"
            ecep:spe="Light"
            ecep:syllab="1"
            ecep:pron="laɪt">Light</w>
         <c> </c>
         <w xml:id="tgaen-085230"
            n="a-1230"
            ecep:lem="they"
            ecep:pos="pns32"
            ecep:reg="they"
            ecep:spe="they"
            ecep:syllab="1"
            ecep:pron="ðeɪ">they</w>
         <c> </c>
         <w xml:id="tgaen-085240"
            n="a-1240"
            ecep:lem="disperse"
            ecep:pos="vvb"
            ecep:reg="disperse"
            ecep:spe="disperse"
            ecep:syllab="2"
            ecep:pron="dɪˈspɜːs">disperse</w>
         <pc xml:id="tgaen-085250"
             n="a-1250"
             ecep:lem=","
             ecep:pos=","
             ecep:reg=","
             ecep:spe=",">,</pc>
         <c> </c>
         <w xml:id="tgaen-085260"
            n="a-1260"
            ecep:lem="and"
            ecep:pos="cc"
            ecep:reg="and"
            ecep:spe="and"
            ecep:syllab="1"
            ecep:pron="ænd">and</w>
         <c> </c>
         <w xml:id="tgaen-085270"
            n="a-1270"
            ecep:lem="with"
            ecep:pos="p-acp"
            ecep:reg="with"
            ecep:spe="with"
            ecep:syllab="1"
            ecep:pron="wɪð">with</w>
         <c> </c>
         <w xml:id="tgaen-085280"
            n="a-1280"
            ecep:lem="they"
            ecep:pos="pno32"
            ecep:reg="them"
            ecep:spe="them"
            ecep:syllab="1"
            ecep:pron="ðem">them</w>
         <c> </c>
         <w xml:id="tgaen-085290"
            n="a-1290"
            ecep:lem="go"
            ecep:pos="vvi"
            ecep:reg="go"
            ecep:spe="go"
            ecep:syllab="1"
            ecep:pron="gəʊ">go</w>
      </l>
      <l n="22" xml:id="tgaen-l04230">
         <w xml:id="tgaen-085300"
            n="a-0010"
            ecep:lem="the"
            ecep:pos="dt"
            ecep:reg="The"
            ecep:spe="The"
            ecep:syllab="1"
            ecep:pron="ðiː">The</w>
         <c> </c>
         <w xml:id="tgaen-085310"
            n="a-0020"
            ecep:lem="summer"
            ecep:pos="n1"
            ecep:reg="summer"
            ecep:spe="summer"
            ecep:syllab="2"
            ecep:pron="ˈsʌmə">summer</w>
         <c> </c>
         <w xml:id="tgaen-085320"
            n="a-0030"
            ecep:lem="friend"
            ecep:pos="n1"
            ecep:reg="friend"
            ecep:spe="friend"
            ecep:syllab="1"
            ecep:pron="frend">friend</w>
         <pc xml:id="tgaen-085330"
             n="a-0040"
             ecep:lem=","
             ecep:pos=","
             ecep:reg=","
             ecep:spe=",">,</pc>
         <c> </c>
         <w xml:id="tgaen-085340"
            n="a-0050"
            ecep:lem="the"
            ecep:pos="dt"
            ecep:reg="the"
            ecep:spe="the"
            ecep:syllab="1"
            ecep:pron="ðiː">the</w>
         <c> </c>
         <w xml:id="tgaen-085350"
            n="a-0060"
            ecep:lem="flatter"
            ecep:pos="j-vvg"
            ecep:reg="flattering"
            ecep:spe="flattering"
            ecep:syllab="3"
            ecep:pron="ˈflætrɪŋ">flattering</w>
         <c> </c>
         <w xml:id="tgaen-085360"
            n="a-0070"
            ecep:lem="foe"
            ecep:pos="n1"
            ecep:reg="foe"
            ecep:spe="foe"
            ecep:syllab="1"
            ecep:pron="fəʊ">foe</w>
         <pc xml:id="tgaen-085370"
             n="a-0080"
             ecep:lem=";"
             ecep:pos=";"
             ecep:reg=";"
             ecep:spe=";">;</pc>
      </l>
      <l n="23" xml:id="tgaen-l04235">
         <w xml:id="tgaen-085380"
            n="a-0090"
            ecep:lem="by"
            ecep:pos="p-acp"
            ecep:reg="By"
            ecep:spe="By"
            ecep:syllab="1"
            ecep:pron="baɪ">By</w>
         <c> </c>
         <w xml:id="tgaen-085390"
            n="a-0100"
            ecep:lem="vain"
            ecep:pos="j"
            ecep:reg="vain"
            ecep:spe="vain"
            ecep:syllab="1"
            ecep:pron="veɪn">vain</w>
         <c> </c>
         <w xml:id="tgaen-085400"
            n="a-0110"
            ecep:lem="prosperity"
            ecep:pos="n1"
            ecep:reg="Prosperity"
            ecep:spe="Prosperity"
            ecep:syllab="4"
            ecep:pron="prɒsˈperəti">Prosperity</w>
         <c> </c>
         <w xml:id="tgaen-085410"
            n="a-0120"
            ecep:lem="receive"
            ecep:pos="vvn"
            ecep:reg="received"
            ecep:spe="received"
            ecep:syllab="2"
            ecep:pron="rɪˈsiːvd">received</w>
         <pc xml:id="tgaen-085420"
             n="a-0130"
             ecep:lem=","
             ecep:pos=","
             ecep:reg=","
             ecep:spe=",">,</pc>
      </l>
      <l n="24" xml:id="tgaen-l04240">
         <w xml:id="tgaen-085430"
            n="a-0140"
            ecep:lem="to"
            ecep:pos="p-acp"
            ecep:reg="To"
            ecep:spe="To"
            ecep:syllab="1"
            ecep:pron="tuː">To</w>
         <c> </c>
         <w xml:id="tgaen-085440"
            n="a-0150"
            ecep:lem="she"
            ecep:pos="pno31"
            ecep:reg="her"
            ecep:spe="her"
            ecep:syllab="1"
            ecep:pron="hɜː">her</w>
         <c> </c>
         <w xml:id="tgaen-085450"
            n="a-0160"
            ecep:lem="they"
            ecep:pos="pns32"
            ecep:reg="they"
            ecep:spe="they"
            ecep:syllab="1"
            ecep:pron="ðeɪ">they</w>
         <c> </c>
         <w xml:id="tgaen-085460"
            n="a-0170"
            ecep:lem="vow"
            ecep:pos="vvb"
            ecep:reg="vow"
            ecep:spe="vow"
            ecep:syllab="1"
            ecep:pron="vaʊ">vow</w>
         <c> </c>
         <w xml:id="tgaen-085470"
            n="a-0180"
            ecep:lem="their"
            ecep:pos="po32"
            ecep:reg="their"
            ecep:spe="their"
            ecep:syllab="1"
            ecep:pron="ðeə">their</w>
         <c> </c>
         <w xml:id="tgaen-085480"
            n="a-0190"
            ecep:lem="truth"
            ecep:pos="n1"
            ecep:reg="truth"
            ecep:spe="truth"
            ecep:syllab="1"
            ecep:pron="truːθ">truth</w>
         <c> </c>
         <w xml:id="tgaen-085490"
            n="a-0200"
            ecep:lem="and"
            ecep:pos="cc"
            ecep:reg="and"
            ecep:spe="and"
            ecep:syllab="1"
            ecep:pron="ænd">and</w>
         <c> </c>
         <w xml:id="tgaen-085500"
            n="a-0210"
            ecep:lem="be"
            ecep:pos="vbb"
            ecep:reg="are"
            ecep:spe="are"
            ecep:syllab="1"
            ecep:pron="ɑː">are</w>
         <c> </c>
         <w xml:id="tgaen-085510"
            n="a-0220"
            ecep:lem="again"
            ecep:pos="av"
            ecep:reg="again"
            ecep:spe="again"
            ecep:syllab="2"
            ecep:pron="əˈgen">again</w>
         <c> </c>
         <w xml:id="tgaen-085520"
            n="a-0230"
            ecep:lem="believe"
            ecep:pos="vvn"
            ecep:reg="believed"
            ecep:spe="believed"
            ecep:syllab="2"
            ecep:pron="bɪˈliːvd">believed</w>
         <pc xml:id="tgaen-085530"
             n="a-0240"
             unit="sentence"
             ecep:lem="."
             ecep:pos="."
             ecep:reg="."
             ecep:spe=".">.</pc>
      </l>
   </lg>
   <lg xml:id="tgaen-s00320">
      <l n="25" xml:id="tgaen-l04245">
         <w xml:id="tgaen-085560"
            n="a-0250"
            ecep:lem="wisdom"
            ecep:pos="n1"
            ecep:reg="Wisdom"
            ecep:spe="Wisdom"
            ecep:syllab="2"
            ecep:pron="ˈwɪzdəm">Wisdom</w>
         <c> </c>
         <w xml:id="tgaen-085570"
            n="a-0260"
            ecep:lem="in"
            ecep:pos="p-acp"
            ecep:reg="in"
            ecep:spe="in"
            ecep:syllab="1"
            ecep:pron="ɪn">in</w>
         <c> </c>
         <w xml:id="tgaen-085580"
            n="a-0270"
            ecep:lem="sable"
            ecep:pos="j-jn"
            ecep:reg="sable"
            ecep:spe="sable"
            ecep:syllab="2"
            ecep:pron="ˈseɪbl">sable</w>
         <c> </c>
         <w xml:id="tgaen-085590"
            n="a-0280"
            ecep:lem="garb"
            ecep:pos="n1"
            ecep:reg="garb"
            ecep:spe="garb"
            ecep:syllab="1"
            ecep:pron="gɑːb">garb</w>
         <c> </c>
         <w xml:id="tgaen-085600"
            n="a-0290"
            ecep:lem="array"
            ecep:pos="vvn"
            ecep:reg="arrayed"
            ecep:spe="arrayed"
            ecep:syllab="2"
            ecep:pron="əˈreɪd">arrayed</w>
         <pc xml:id="tgaen-085610"
             n="a-0300"
             ecep:lem=","
             ecep:pos=","
             ecep:reg=","
             ecep:spe=",">,</pc>
      </l>
      <l n="26" xml:id="tgaen-l04250">
         <w xml:id="tgaen-085620"
            n="a-0310"
            ecep:lem="immerse"
            ecep:pos="vvn"
            ecep:reg="Immersed"
            ecep:spe="Immersed"
            ecep:syllab="2"
            ecep:pron="ɪˈmɜːst">Immersed</w>
         <c> </c>
         <w xml:id="tgaen-085630"
            n="a-0320"
            ecep:lem="in"
            ecep:pos="p-acp"
            ecep:reg="in"
            ecep:spe="in"
            ecep:syllab="1"
            ecep:pron="ɪn">in</w>
         <c> </c>
         <w xml:id="tgaen-085640"
            n="a-0330"
            ecep:lem="rapturous"
            ecep:pos="j"
            ecep:reg="rapturous"
            ecep:spe="rapturous"
            ecep:syllab="2"
            ecep:pron="ˈræptʃrəs">rapturous</w>
         <c> </c>
         <w xml:id="tgaen-085650"
            n="a-0340"
            ecep:lem="thought"
            ecep:pos="n1"
            ecep:reg="thought"
            ecep:spe="thought"
            ecep:syllab="1"
            ecep:pron="θɔːt">thought</w>
         <c> </c>
         <w xml:id="tgaen-085660"
            n="a-0350"
            ecep:lem="profound"
            ecep:pos="j"
            ecep:reg="profound"
            ecep:spe="profound"
            ecep:syllab="2"
            ecep:pron="prəˈfaʊnd">profound</w>
         <pc xml:id="tgaen-085670"
             n="a-0360"
             ecep:lem=","
             ecep:pos=","
             ecep:reg=","
             ecep:spe=",">,</pc>
      </l>
      <l n="27" xml:id="tgaen-l04255">
         <w xml:id="tgaen-085680"
            n="a-0370"
            ecep:lem="and"
            ecep:pos="cc"
            ecep:reg="And"
            ecep:spe="And"
            ecep:syllab="1"
            ecep:pron="ænd">And</w>
         <c> </c>
         <w xml:id="tgaen-085690"
            n="a-0380"
            ecep:lem="melancholy"
            ecep:pos="j-jn"
            ecep:reg="Melancholy"
            ecep:spe="Melancholy"
            ecep:syllab="4"
            ecep:pron="ˈmelənkli">Melancholy</w>
         <pc xml:id="tgaen-085700"
             n="a-0390"
             ecep:lem=","
             ecep:pos=","
             ecep:reg=","
             ecep:spe=",">,</pc>
         <c> </c>
         <w xml:id="tgaen-085710"
            n="a-0400"
            ecep:lem="silent"
            ecep:pos="j"
            ecep:reg="silent"
            ecep:spe="silent"
            ecep:syllab="2"
            ecep:pron="ˈsaɪlənt">silent</w>
         <c> </c>
         <w xml:id="tgaen-085720"
            n="a-0410"
            ecep:lem="maid"
            ecep:pos="n1"
            ecep:reg="maid"
            ecep:spe="maid"
            ecep:syllab="1"
            ecep:pron="meɪd">maid</w>
      </l>
      <l n="28" xml:id="tgaen-l04260">
         <w xml:id="tgaen-085730"
            n="a-0420"
            ecep:lem="with"
            ecep:pos="p-acp"
            ecep:reg="With"
            ecep:spe="With"
            ecep:syllab="1"
            ecep:pron="wɪð">With</w>
         <c> </c>
         <w xml:id="tgaen-085740"
            n="a-0430"
            ecep:lem="leaden"
            ecep:pos="j"
            ecep:reg="leaden"
            ecep:spe="leaden"
            ecep:syllab="2"
            ecep:pron="ˈledn">leaden</w>
         <c> </c>
         <w xml:id="tgaen-085750"
            n="a-0440"
            ecep:lem="eye"
            ecep:pos="n1"
            ecep:reg="eye"
            ecep:spe="eye"
            ecep:syllab="1"
            ecep:pron="aɪ">eye</w>
         <pc xml:id="tgaen-085760"
             n="a-0450"
             ecep:lem=","
             ecep:pos=","
             ecep:reg=","
             ecep:spe=",">,</pc>
         <c> </c>
         <w xml:id="tgaen-085770"
            n="a-0460"
            ecep:lem="that"
            ecep:pos="cst"
            ecep:reg="that"
            ecep:spe="that"
            ecep:syllab="1"
            ecep:pron="ðæt">that</w>
         <c> </c>
         <w xml:id="tgaen-085780"
            n="a-0470"
            ecep:lem="love"
            ecep:pos="vvz"
            ecep:reg="loves"
            ecep:spe="loves"
            ecep:syllab="1"
            ecep:pron="lʌvz">loves</w>
         <c> </c>
         <w xml:id="tgaen-085790"
            n="a-0480"
            ecep:lem="the"
            ecep:pos="dt"
            ecep:reg="the"
            ecep:spe="the"
            ecep:syllab="1"
            ecep:pron="ðiː">the</w>
         <c> </c>
         <w xml:id="tgaen-085800"
            n="a-0490"
            ecep:lem="ground"
            ecep:pos="n1"
            ecep:reg="ground"
            ecep:spe="ground"
            ecep:syllab="1"
            ecep:pron="graʊnd">ground</w>
         <pc xml:id="tgaen-085810"
             n="a-0500"
             ecep:lem=","
             ecep:pos=","
             ecep:reg=","
             ecep:spe=",">,</pc>
      </l>
      <l n="29" xml:id="tgaen-l04265">
         <w xml:id="tgaen-085820"
            n="a-0510"
            ecep:lem="still"
            ecep:pos="av"
            ecep:reg="Still"
            ecep:spe="Still"
            ecep:syllab="1"
            ecep:pron="stɪl">Still</w>
         <c> </c>
         <w xml:id="tgaen-085830"
            n="a-0520"
            ecep:lem="on"
            ecep:pos="p-acp"
            ecep:reg="on"
            ecep:spe="on"
            ecep:syllab="1"
            ecep:pron="ɒn">on</w>
         <c> </c>
         <w xml:id="tgaen-085840"
            n="a-0530"
            ecep:lem="thy"
            ecep:pos="po21"
            ecep:reg="thy"
            ecep:spe="thy"
            ecep:syllab="1"
            ecep:pron="ðaɪ">thy</w>
         <c> </c>
         <w xml:id="tgaen-085850"
            n="a-0540"
            ecep:lem="solemn"
            ecep:pos="j"
            ecep:reg="solemn"
            ecep:spe="solemn"
            ecep:syllab="2"
            ecep:pron="ˈsɒləm">solemn</w>
         <c> </c>
         <w xml:id="tgaen-085860"
            n="a-0550"
            ecep:lem="step"
            ecep:pos="n2"
            ecep:reg="steps"
            ecep:spe="steps"
            ecep:syllab="1"
            ecep:pron="steps">steps</w>
         <c> </c>
         <w xml:id="tgaen-085870"
            n="a-0560"
            ecep:lem="attend"
            ecep:pos="vvi"
            ecep:reg="attend"
            ecep:spe="attend"
            ecep:syllab="2"
            ecep:pron="əˈtend">attend</w>
         <pc xml:id="tgaen-085880"
             n="a-0570"
             ecep:lem=":"
             ecep:pos=":"
             ecep:reg=":"
             ecep:spe=":">:</pc>
      </l>
      <l n="30" xml:id="tgaen-l04270">
         <w xml:id="tgaen-085890"
            n="a-0580"
            ecep:lem="warm"
            ecep:pos="j"
            ecep:reg="Warm"
            ecep:spe="Warm"
            ecep:syllab="1"
            ecep:pron="wɔːm">Warm</w>
         <c> </c>
         <w xml:id="tgaen-085900"
            n="a-0590"
            ecep:lem="charity"
            ecep:pos="n1"
            ecep:reg="Charity"
            ecep:spe="Charity"
            ecep:syllab="3"
            ecep:pron="ˈtʃærɪti">Charity</w>
         <pc xml:id="tgaen-085910"
             n="a-0600"
             ecep:lem=","
             ecep:pos=","
             ecep:reg=","
             ecep:spe=",">,</pc>
         <c> </c>
         <w xml:id="tgaen-085920"
            n="a-0610"
            ecep:lem="the"
            ecep:pos="dt"
            ecep:reg="the"
            ecep:spe="the"
            ecep:syllab="1"
            ecep:pron="ðiː">the</w>
         <c> </c>
         <w xml:id="tgaen-085930"
            n="a-0620"
            ecep:lem="general"
            ecep:pos="j"
            ecep:reg="general"
            ecep:spe="general"
            ecep:syllab="2"
            ecep:pron="ˈdʒenrl">general</w>
         <c> </c>
         <w xml:id="tgaen-085940"
            n="a-0630"
            ecep:lem="friend"
            ecep:pos="n1"
            ecep:reg="friend"
            ecep:spe="friend"
            ecep:syllab="1"
            ecep:pron="frend">friend</w>
         <pc xml:id="tgaen-085950"
             n="a-0640"
             ecep:lem=","
             ecep:pos=","
             ecep:reg=","
             ecep:spe=",">,</pc>
      </l>
      <l n="31" xml:id="tgaen-l04275">
         <w xml:id="tgaen-085960"
            n="a-0650"
            ecep:lem="with"
            ecep:pos="p-acp"
            ecep:reg="With"
            ecep:spe="With"
            ecep:syllab="1"
            ecep:pron="wɪð">With</w>
         <c> </c>
         <w xml:id="tgaen-085970"
            n="a-0660"
            ecep:lem="justice"
            ecep:pos="n1"
            ecep:reg="Justice"
            ecep:spe="Justice"
            ecep:syllab="2"
            ecep:pron="ˈdʒʌstɪs">Justice</w>
         <c> </c>
         <w xml:id="tgaen-085980"
            n="a-0670"
            ecep:lem="to"
            ecep:pos="p-acp"
            ecep:reg="to"
            ecep:spe="to"
            ecep:syllab="1"
            ecep:pron="tuː">to</w>
         <c> </c>
         <w xml:id="tgaen-085990"
            n="a-0680"
            ecep:lem="herself"
            ecep:pos="px31"
            ecep:reg="herself"
            ecep:spe="herself"
            ecep:syllab="2"
            ecep:pron="həˈself">herself</w>
         <c> </c>
         <w xml:id="tgaen-086000"
            n="a-0690"
            ecep:lem="severe"
            ecep:pos="j"
            ecep:reg="severe"
            ecep:spe="severe"
            ecep:syllab="2"
            ecep:pron="sɪˈvɪə">severe</w>
         <pc xml:id="tgaen-086010"
             n="a-0700"
             ecep:lem=","
             ecep:pos=","
             ecep:reg=","
             ecep:spe=",">,</pc>
      </l>
      <l n="32" xml:id="tgaen-l04280">
         <w xml:id="tgaen-086020"
            n="a-0710"
            ecep:lem="and"
            ecep:pos="cc"
            ecep:reg="And"
            ecep:spe="And"
            ecep:syllab="1"
            ecep:pron="ænd">And</w>
         <c> </c>
         <w xml:id="tgaen-086030"
            n="a-0720"
            ecep:lem="pity"
            ecep:pos="vvb"
            ecep:reg="Pity"
            ecep:spe="Pity"
            ecep:syllab="2"
            ecep:pron="ˈpɪti">Pity</w>
         <pc xml:id="tgaen-086040"
             n="a-0730"
             ecep:lem=","
             ecep:pos=","
             ecep:reg=","
             ecep:spe=",">,</pc>
         <c> </c>
         <w xml:id="tgaen-086050"
            n="a-0740"
            ecep:lem="drop"
            ecep:pos="vvg"
            ecep:reg="dropping"
            ecep:spe="dropping"
            ecep:syllab="2"
            ecep:pron="ˈdrɒpɪŋ">dropping</w>
         <c> </c>
         <w xml:id="tgaen-086060"
            n="a-0750"
            ecep:lem="soft"
            ecep:pos="j"
            ecep:reg="soft"
            ecep:spe="soft"
            ecep:syllab="1"
            ecep:pron="sɒft">soft</w>
         <c> </c>
         <w xml:id="tgaen-086070"
            n="a-0760"
            ecep:lem="the"
            ecep:pos="dt"
            ecep:reg="the"
            ecep:spe="the"
            ecep:syllab="1"
            ecep:pron="ðiː">the</w>
         <c> </c>
         <w xml:id="tgaen-086080"
            n="a-0770"
            ecep:lem="sadly-pleasing"
            ecep:pos="j"
            ecep:reg="sadly-pleasing"
            ecep:spe="sadly-pleasing"
            ecep:syllab="4"
            ecep:pron="sædliˌpliːzɪŋ">sadly-pleasing</w>
         <c> </c>
         <w xml:id="tgaen-086090"
            n="a-0780"
            ecep:lem="tear"
            ecep:pos="n1"
            ecep:reg="tear"
            ecep:spe="tear"
            ecep:syllab="1"
            ecep:pron="tɪə">tear</w>
         <pc xml:id="tgaen-086100"
             n="a-0790"
             unit="sentence"
             ecep:lem="."
             ecep:pos="."
             ecep:reg="."
             ecep:spe=".">.</pc>
      </l>
   </lg>
   <lg xml:id="tgaen-s00325">
      <l n="33" xml:id="tgaen-l04285">
         <w xml:id="tgaen-086130"
            n="a-0800"
            ecep:lem="oh"
            ecep:pos="uh"
            ecep:reg="O"
            ecep:spe="Oh"
            ecep:syllab="1"
            ecep:pron="əʊ">Oh</w>
         <pc xml:id="tgaen-086140"
             n="a-0810"
             ecep:lem=","
             ecep:pos=","
             ecep:reg=","
             ecep:spe=",">,</pc>
         <c> </c>
         <w xml:id="tgaen-086150"
            n="a-0820"
            ecep:lem="gentle"
            ecep:pos="av-jn"
            ecep:reg="gently"
            ecep:spe="gently"
            ecep:syllab="2"
            ecep:pron="ˈdʒentli">gently</w>
         <c> </c>
         <w xml:id="tgaen-086160"
            n="a-0830"
            ecep:lem="on"
            ecep:pos="p-acp"
            ecep:reg="on"
            ecep:spe="on"
            ecep:syllab="1"
            ecep:pron="ɒn">on</w>
         <c> </c>
         <w xml:id="tgaen-086170"
            n="a-0840"
            ecep:lem="thy"
            ecep:pos="po21"
            ecep:reg="thy"
            ecep:spe="thy"
            ecep:syllab="1"
            ecep:pron="ðaɪ">thy</w>
         <c> </c>
         <w xml:id="tgaen-086180"
            n="a-0850"
            ecep:lem="suppliant"
            ecep:pos="ng1"
            ecep:reg="suppliant's"
            ecep:spe="suppliant's"
            ecep:syllab="3"
            ecep:pron="ˈsʌpliəntz">suppliant's</w>
         <c> </c>
         <w xml:id="tgaen-086190"
            n="a-0860"
            ecep:lem="head"
            ecep:pos="n1"
            ecep:reg="head"
            ecep:spe="head"
            ecep:syllab="1"
            ecep:pron="hed">head</w>
         <pc xml:id="tgaen-086200"
             n="a-0870"
             ecep:lem=","
             ecep:pos=","
             ecep:reg=","
             ecep:spe=",">,</pc>
      </l>
      <l n="34" xml:id="tgaen-l04290">
         <w xml:id="tgaen-086210"
            n="a-0880"
            ecep:lem="dread"
            ecep:pos="vvb"
            ecep:reg="Dread"
            ecep:spe="Dread"
            ecep:syllab="1"
            ecep:pron="dred">Dread</w>
         <c> </c>
         <w xml:id="tgaen-086220"
            n="a-0890"
            ecep:lem="goddess"
            ecep:pos="n1"
            ecep:reg="goddess"
            ecep:spe="goddess"
            ecep:syllab="2"
            ecep:pron="ˈgɒdes">goddess</w>
         <pc xml:id="tgaen-086230"
             n="a-0900"
             ecep:lem=","
             ecep:pos=","
             ecep:reg=","
             ecep:spe=",">,</pc>
         <c> </c>
         <w xml:id="tgaen-086240"
            n="a-0910"
            ecep:lem="lay"
            ecep:pos="vvb"
            ecep:reg="lay"
            ecep:spe="lay"
            ecep:syllab="1"
            ecep:pron="leɪ">lay</w>
         <c> </c>
         <w xml:id="tgaen-086250"
            n="a-0920"
            ecep:lem="thy"
            ecep:pos="po21"
            ecep:reg="thy"
            ecep:spe="thy"
            ecep:syllab="1"
            ecep:pron="ðaɪ">thy</w>
         <c> </c>
         <w xml:id="tgaen-086260"
            n="a-0930"
            ecep:lem="chasten"
            ecep:pos="j-vvg"
            ecep:reg="chastening"
            ecep:spe="chastening"
            ecep:syllab="3"
            ecep:pron="ˈtʃeɪsnɪŋ">chastening</w>
         <c> </c>
         <w xml:id="tgaen-086270"
            n="a-0940"
            ecep:lem="hand"
            ecep:pos="n1"
            ecep:reg="hand"
            ecep:spe="hand"
            ecep:syllab="1"
            ecep:pron="hænd">hand</w>
         <pc xml:id="tgaen-086280"
             n="a-0950"
             unit="sentence"
             ecep:lem="!"
             ecep:pos="!"
             ecep:reg="!"
             ecep:spe="!">!</pc>
      </l>
      <l n="35" xml:id="tgaen-l04295">
         <w xml:id="tgaen-086290"
            n="a-0010"
            ecep:lem="not"
            ecep:pos="xx"
            ecep:reg="Not"
            ecep:spe="Not"
            ecep:syllab="1"
            ecep:pron="nɒt">Not</w>
         <c> </c>
         <w xml:id="tgaen-086300"
            n="a-0020"
            ecep:lem="in"
            ecep:pos="p-acp"
            ecep:reg="in"
            ecep:spe="in"
            ecep:syllab="1"
            ecep:pron="ɪn">in</w>
         <c> </c>
         <w xml:id="tgaen-086310"
            n="a-0030"
            ecep:lem="thy"
            ecep:pos="po21"
            ecep:reg="thy"
            ecep:spe="thy"
            ecep:syllab="1"
            ecep:pron="ðaɪ">thy</w>
         <c> </c>
         <w xml:id="tgaen-086320"
            n="a-0040"
            ecep:lem="Gorgon"
            ecep:pos="np1"
            ecep:reg="Gorgon"
            ecep:spe="Gorgon"
            ecep:syllab="2"
            ecep:pron="ˈgɔːgən">Gorgon</w>
         <c> </c>
         <w xml:id="tgaen-086330"
            n="a-0050"
            ecep:lem="terror"
            ecep:pos="n2"
            ecep:reg="terrors"
            ecep:spe="terrors"
            ecep:syllab="2"
            ecep:pron="ˈterəz">terrors</w>
         <c> </c>
         <w xml:id="tgaen-086340"
            n="a-0060"
            ecep:lem="clad"
            ecep:pos="vvn"
            ecep:reg="clad"
            ecep:spe="clad"
            ecep:syllab="1"
            ecep:pron="klæd">clad</w>
         <pc xml:id="tgaen-086350"
             n="a-0070"
             ecep:lem=","
             ecep:pos=","
             ecep:reg=","
             ecep:spe=",">,</pc>
      </l>
      <l n="36" xml:id="tgaen-l04300">
         <w xml:id="tgaen-086360"
            n="a-0080"
            ecep:lem="nor"
            ecep:pos="ccx"
            ecep:reg="Nor"
            ecep:spe="Nor"
            ecep:syllab="1"
            ecep:pron="nɔː">Nor</w>
         <c> </c>
         <w xml:id="tgaen-086370"
            n="a-0090"
            ecep:lem="circle"
            ecep:pos="vvn"
            ecep:reg="circled"
            ecep:spe="circled"
            ecep:syllab="2"
            ecep:pron="ˈsɜːkld">circled</w>
         <c> </c>
         <w xml:id="tgaen-086380"
            n="a-0100"
            ecep:lem="with"
            ecep:pos="p-acp"
            ecep:reg="with"
            ecep:spe="with"
            ecep:syllab="1"
            ecep:pron="wɪð">with</w>
         <c> </c>
         <w xml:id="tgaen-086390"
            n="a-0110"
            ecep:lem="the"
            ecep:pos="dt"
            ecep:reg="the"
            ecep:spe="the"
            ecep:syllab="1"
            ecep:pron="ðiː">the</w>
         <c> </c>
         <w xml:id="tgaen-086400"
            n="a-0120"
            ecep:lem="vengeful"
            ecep:pos="j"
            ecep:reg="vengeful"
            ecep:spe="vengeful"
            ecep:syllab="2"
            ecep:pron="ˈvendʒfl">vengeful</w>
         <c> </c>
         <w xml:id="tgaen-086410"
            n="a-0130"
            ecep:lem="band"
            ecep:pos="n1"
            ecep:reg="band"
            ecep:spe="band"
            ecep:syllab="1"
            ecep:pron="bænd">band</w>
      </l>
      <l n="37" xml:id="tgaen-l04305">
         <pc xml:id="tgaen-086420"
             n="a-0140"
             ecep:lem="("
             ecep:pos="("
             ecep:reg="("
             ecep:spe="(">(</pc>
         <w xml:id="tgaen-086430"
            n="a-0150"
            ecep:lem="as"
            ecep:pos="c-acp"
            ecep:reg="As"
            ecep:spe="As"
            ecep:syllab="1"
            ecep:pron="æz">As</w>
         <c> </c>
         <w xml:id="tgaen-086440"
            n="a-0160"
            ecep:lem="by"
            ecep:pos="p-acp"
            ecep:reg="by"
            ecep:spe="by"
            ecep:syllab="1"
            ecep:pron="baɪ">by</w>
         <c> </c>
         <w xml:id="tgaen-086450"
            n="a-0170"
            ecep:lem="the"
            ecep:pos="dt"
            ecep:reg="the"
            ecep:spe="the"
            ecep:syllab="1"
            ecep:pron="ðiː">the</w>
         <c> </c>
         <w xml:id="tgaen-086460"
            n="a-0180"
            ecep:lem="impious"
            ecep:pos="j"
            ecep:reg="impious"
            ecep:spe="impious"
            ecep:syllab="3"
            ecep:pron="ˈɪmpiəs">impious</w>
         <c> </c>
         <w xml:id="tgaen-086470"
            n="a-0190"
            ecep:lem="thou"
            ecep:pos="pns21"
            ecep:reg="thou"
            ecep:spe="thou"
            ecep:syllab="1"
            ecep:pron="θaʊ">thou</w>
         <c> </c>
         <w xml:id="tgaen-086480"
            n="a-0200"
            ecep:lem="be"
            ecep:pos="vb2r"
            ecep:reg="art"
            ecep:spe="art"
            ecep:syllab="1"
            ecep:pron="ɑːt">art</w>
         <c> </c>
         <w xml:id="tgaen-086490"
            n="a-0210"
            ecep:lem="see"
            ecep:pos="vvn"
            ecep:reg="seen"
            ecep:spe="seen"
            ecep:syllab="1"
            ecep:pron="siːn">seen</w>
         <pc xml:id="tgaen-086500"
             n="a-0220"
             ecep:lem=")"
             ecep:pos=")"
             ecep:reg=")"
             ecep:spe=")">)</pc>
      </l>
      <l n="38" xml:id="tgaen-l04310">
         <w xml:id="tgaen-086510"
            n="a-0230"
            ecep:lem="with"
            ecep:pos="p-acp"
            ecep:reg="With"
            ecep:spe="With"
            ecep:syllab="1"
            ecep:pron="wɪð">With</w>
         <c> </c>
         <w xml:id="tgaen-086520"
            n="a-0240"
            ecep:lem="thunder"
            ecep:pos="vvg"
            ecep:reg="thundering"
            ecep:spe="thundering"
            ecep:syllab="3"
            ecep:pron="ˈθʌndrɪŋ">thundering</w>
         <c> </c>
         <w xml:id="tgaen-086530"
            n="a-0250"
            ecep:lem="voice"
            ecep:pos="n1"
            ecep:reg="voice"
            ecep:spe="voice"
            ecep:syllab="1"
            ecep:pron="vɔɪs">voice</w>
         <c> </c>
         <w xml:id="tgaen-086540"
            n="a-0260"
            ecep:lem="and"
            ecep:pos="cc"
            ecep:reg="and"
            ecep:spe="and"
            ecep:syllab="1"
            ecep:pron="ænd">and</w>
         <c> </c>
         <w xml:id="tgaen-086550"
            n="a-0270"
            ecep:lem="threaten"
            ecep:pos="j-vvg"
            ecep:reg="threatening"
            ecep:spe="threatening"
            ecep:syllab="3"
            ecep:pron="ˈθretnɪŋ">threatening</w>
         <c> </c>
         <w xml:id="tgaen-086560"
            n="a-0280"
            ecep:lem="mien"
            ecep:pos="n1"
            ecep:reg="mien"
            ecep:spe="mien"
            ecep:syllab="1"
            ecep:pron="miːn">mien</w>
         <pc xml:id="tgaen-086570"
             n="a-0290"
             ecep:lem=","
             ecep:pos=","
             ecep:reg=","
             ecep:spe=",">,</pc>
      </l>
      <l n="39" xml:id="tgaen-l04315">
         <w xml:id="tgaen-086580"
            n="a-0300"
            ecep:lem="with"
            ecep:pos="p-acp"
            ecep:reg="With"
            ecep:spe="With"
            ecep:syllab="1"
            ecep:pron="wɪð">With</w>
         <c> </c>
         <w xml:id="tgaen-086590"
            n="a-0310"
            ecep:lem="scream"
            ecep:pos="j-vvg"
            ecep:reg="screaming"
            ecep:spe="screaming"
            ecep:syllab="2"
            ecep:pron="skriːmɪŋ">screaming</w>
         <c> </c>
         <w xml:id="tgaen-086600"
            n="a-0320"
            ecep:lem="horror"
            ecep:pos="ng1"
            ecep:reg="Horror's"
            ecep:spe="Horror's"
            ecep:syllab="2"
            ecep:pron="ˈhɒrəz">Horror's</w>
         <c> </c>
         <w xml:id="tgaen-086610"
            n="a-0330"
            ecep:lem="funeral"
            ecep:pos="n1"
            ecep:reg="funeral"
            ecep:spe="funeral"
            ecep:syllab="2"
            ecep:pron="ˈfjuːnrəl">funeral</w>
         <c> </c>
         <w xml:id="tgaen-086620"
            n="a-0340"
            ecep:lem="cry"
            ecep:pos="vvi"
            ecep:reg="cry"
            ecep:spe="cry"
            ecep:syllab="1"
            ecep:pron="kraɪ">cry</w>
         <pc xml:id="tgaen-086630"
             n="a-0350"
             ecep:lem=","
             ecep:pos=","
             ecep:reg=","
             ecep:spe=",">,</pc>
      </l>
      <l n="40" xml:id="tgaen-l04320">
         <w xml:id="tgaen-086640"
            n="a-0360"
            ecep:lem="despair"
            ecep:pos="vvb"
            ecep:reg="Despair"
            ecep:spe="Despair"
            ecep:syllab="2"
            ecep:pron="dɪˈspeə">Despair</w>
         <pc xml:id="tgaen-086650"
             n="a-0370"
             ecep:lem=","
             ecep:pos=","
             ecep:reg=","
             ecep:spe=",">,</pc>
         <c> </c>
         <w xml:id="tgaen-086660"
            n="a-0380"
            ecep:lem="and"
            ecep:pos="cc"
            ecep:reg="and"
            ecep:spe="and"
            ecep:syllab="1"
            ecep:pron="ænd">and</w>
         <c> </c>
         <w xml:id="tgaen-086670"
            n="a-0390"
            ecep:lem="fall"
            ecep:pos="vvd"
            ecep:reg="fell"
            ecep:spe="fell"
            ecep:syllab="1"
            ecep:pron="fel">fell</w>
         <c> </c>
         <w xml:id="tgaen-086680"
            n="a-0400"
            ecep:lem="disease"
            ecep:pos="n1"
            ecep:reg="Disease"
            ecep:spe="Disease"
            ecep:syllab="2"
            ecep:pron="dɪˈziːz">Disease</w>
         <pc xml:id="tgaen-086690"
             n="a-0410"
             ecep:lem=","
             ecep:pos=","
             ecep:reg=","
             ecep:spe=",">,</pc>
         <c> </c>
         <w xml:id="tgaen-086700"
            n="a-0420"
            ecep:lem="and"
            ecep:pos="cc"
            ecep:reg="and"
            ecep:spe="and"
            ecep:syllab="1"
            ecep:pron="ænd">and</w>
         <c> </c>
         <w xml:id="tgaen-086710"
            n="a-0430"
            ecep:lem="ghastly"
            ecep:pos="j"
            ecep:reg="ghastly"
            ecep:spe="ghastly"
            ecep:syllab="2"
            ecep:pron="ˈgɑːstli">ghastly</w>
         <c> </c>
         <w xml:id="tgaen-086720"
            n="a-0440"
            ecep:sound="ɪ"
            ecep:lem="poverty"
            ecep:pos="n1"
            ecep:reg="Poverty"
            ecep:spe="Poverty"
            ecep:syllab="3"
            ecep:pron="ˈpɒvəti">Poverty</w>
         <pc xml:id="tgaen-086730"
             n="a-0450"
             unit="sentence"
             ecep:lem="."
             ecep:pos="."
             ecep:reg="."
             ecep:spe=".">.</pc>
      </l>
   </lg>
   <lg xml:id="tgaen-s00330">
      <l n="41" xml:id="tgaen-l04325">
         <w xml:id="tgaen-086760"
            n="a-0460"
            ecep:lem="thy"
            ecep:pos="po21"
            ecep:reg="Thy"
            ecep:spe="Thy"
            ecep:syllab="1"
            ecep:pron="ðaɪ">Thy</w>
         <c> </c>
         <w xml:id="tgaen-086770"
            n="a-0470"
            ecep:lem="form"
            ecep:pos="n1"
            ecep:reg="form"
            ecep:spe="form"
            ecep:syllab="1"
            ecep:pron="fɔːm">form</w>
         <c> </c>
         <w xml:id="tgaen-086780"
            n="a-0480"
            ecep:lem="benign"
            ecep:pos="j"
            ecep:reg="benign"
            ecep:spe="benign"
            ecep:syllab="2"
            ecep:pron="bɪˈnaɪn">benign</w>
         <pc xml:id="tgaen-086790"
             n="a-0490"
             ecep:lem=","
             ecep:pos=","
             ecep:reg=","
             ecep:spe=",">,</pc>
         <c> </c>
         <w xml:id="tgaen-086800"
            n="a-0500"
            ecep:lem="oh"
            ecep:pos="uh"
            ecep:reg="o"
            ecep:spe="oh"
            ecep:syllab="1"
            ecep:pron="əʊ">oh</w>
         <c> </c>
         <w xml:id="tgaen-086810"
            n="a-0510"
            ecep:lem="goddess"
            ecep:pos="n1"
            ecep:reg="Goddess"
            ecep:spe="Goddess"
            ecep:syllab="2"
            ecep:pron="ˈgɒdes">Goddess</w>
         <pc xml:id="tgaen-086820"
             n="a-0520"
             ecep:lem=","
             ecep:pos=","
             ecep:reg=","
             ecep:spe=",">,</pc>
         <c> </c>
         <w xml:id="tgaen-086830"
            n="a-0530"
            ecep:lem="wear"
            ecep:pos="vvb"
            ecep:reg="wear"
            ecep:spe="wear"
            ecep:syllab="1"
            ecep:pron="weə">wear</w>
         <pc xml:id="tgaen-086840"
             n="a-0540"
             ecep:lem=","
             ecep:pos=","
             ecep:reg=","
             ecep:spe=",">,</pc>
      </l>
      <l n="42" xml:id="tgaen-l04330">
         <w xml:id="tgaen-086850"
            n="a-0550"
            ecep:lem="thy"
            ecep:pos="po21"
            ecep:reg="Thy"
            ecep:spe="Thy"
            ecep:syllab="1"
            ecep:pron="ðaɪ">Thy</w>
         <c> </c>
         <w xml:id="tgaen-086860"
            n="a-0560"
            ecep:lem="mild"
            ecep:pos="jc"
            ecep:reg="milder"
            ecep:spe="milder"
            ecep:syllab="2"
            ecep:pron="maɪldə">milder</w>
         <c> </c>
         <w xml:id="tgaen-086870"
            n="a-0570"
            ecep:lem="influence"
            ecep:pos="n1"
            ecep:reg="influence"
            ecep:spe="influence"
            ecep:syllab="3"
            ecep:pron="ˈɪnfluəns">influence</w>
         <c> </c>
         <w xml:id="tgaen-086880"
            n="a-0580"
            ecep:lem="impart"
            ecep:pos="vvi"
            ecep:reg="impart"
            ecep:spe="impart"
            ecep:syllab="2"
            ecep:pron="ɪmˈpɑːt">impart</w>
         <pc xml:id="tgaen-086890"
             n="a-0590"
             ecep:lem=","
             ecep:pos=","
             ecep:reg=","
             ecep:spe=",">,</pc>
      </l>
      <l n="43" xml:id="tgaen-l04335">
         <w xml:id="tgaen-086900"
            n="a-0600"
            ecep:lem="thy"
            ecep:pos="po21"
            ecep:reg="Thy"
            ecep:spe="Thy"
            ecep:syllab="1"
            ecep:pron="ðaɪ">Thy</w>
         <c> </c>
         <w xml:id="tgaen-086910"
            n="a-0610"
            ecep:lem="philosophic"
            ecep:pos="j"
            ecep:reg="philosophic"
            ecep:spe="philosophic"
            ecep:syllab="4"
            ecep:pron="ˌfɪləˈsɒfɪk">philosophic</w>
         <c> </c>
         <w xml:id="tgaen-086920"
            n="a-0620"
            ecep:lem="train"
            ecep:pos="n1"
            ecep:reg="train"
            ecep:spe="train"
            ecep:syllab="1"
            ecep:pron="treɪn">train</w>
         <c> </c>
         <w xml:id="tgaen-086930"
            n="a-0630"
            ecep:lem="be"
            ecep:pos="vbi"
            ecep:reg="be"
            ecep:spe="be"
            ecep:syllab="1"
            ecep:pron="biː">be</w>
         <c> </c>
         <w xml:id="tgaen-086940"
            n="a-0640"
            ecep:lem="there"
            ecep:pos="a-acp"
            ecep:reg="there"
            ecep:spe="there"
            ecep:syllab="1"
            ecep:pron="ðeə">there</w>
      </l>
      <l n="44" xml:id="tgaen-l04340">
         <w xml:id="tgaen-086950"
            n="a-0650"
            ecep:lem="to"
            ecep:pos="pc-acp"
            ecep:reg="To"
            ecep:spe="To"
            ecep:syllab="1"
            ecep:pron="tuː">To</w>
         <c> </c>
         <w xml:id="tgaen-086960"
            n="a-0660"
            ecep:lem="soften"
            ecep:pos="vvi"
            ecep:reg="soften"
            ecep:spe="soften"
            ecep:syllab="2"
            ecep:pron="ˈsɒfn">soften</w>
         <pc xml:id="tgaen-086970"
             n="a-0670"
             ecep:lem=","
             ecep:pos=","
             ecep:reg=","
             ecep:spe=",">,</pc>
         <c> </c>
         <w xml:id="tgaen-086980"
            n="a-0680"
            ecep:lem="not"
            ecep:pos="xx"
            ecep:reg="not"
            ecep:spe="not"
            ecep:syllab="1"
            ecep:pron="nɒt">not</w>
         <c> </c>
         <w xml:id="tgaen-086990"
            n="a-0690"
            ecep:lem="to"
            ecep:pos="pc-acp"
            ecep:reg="to"
            ecep:spe="to"
            ecep:syllab="1"
            ecep:pron="tuː">to</w>
         <c> </c>
         <w xml:id="tgaen-087000"
            n="a-0700"
            ecep:lem="wound"
            ecep:pos="vvi"
            ecep:reg="wound"
            ecep:spe="wound"
            ecep:syllab="1"
            ecep:pron="waʊnd">wound</w>
         <c> </c>
         <w xml:id="tgaen-087010"
            n="a-0710"
            ecep:lem="my"
            ecep:pos="po11"
            ecep:reg="my"
            ecep:spe="my"
            ecep:syllab="1"
            ecep:pron="maɪ">my</w>
         <c> </c>
         <w xml:id="tgaen-087020"
            n="a-0720"
            ecep:lem="heart"
            ecep:pos="n1"
            ecep:reg="heart"
            ecep:spe="heart"
            ecep:syllab="1"
            ecep:pron="hɑːt">heart</w>
         <pc xml:id="tgaen-087030"
             n="a-0730"
             ecep:lem=","
             ecep:pos=","
             ecep:reg=","
             ecep:spe=",">,</pc>
      </l>
      <l n="45" xml:id="tgaen-l04345">
         <w xml:id="tgaen-087040"
            n="a-0010"
            ecep:lem="the"
            ecep:pos="dt"
            ecep:reg="The"
            ecep:spe="The"
            ecep:syllab="1"
            ecep:pron="ðiː">The</w>
         <c> </c>
         <w xml:id="tgaen-087050"
            n="a-0020"
            ecep:lem="generous"
            ecep:pos="j"
            ecep:reg="generous"
            ecep:spe="generous"
            ecep:syllab="2"
            ecep:pron="ˈdʒenrəs">generous</w>
         <c> </c>
         <w xml:id="tgaen-087060"
            n="a-0030"
            ecep:lem="spark"
            ecep:pos="n1"
            ecep:reg="spark"
            ecep:spe="spark"
            ecep:syllab="1"
            ecep:pron="spɑːk">spark</w>
         <c> </c>
         <w xml:id="tgaen-087070"
            n="a-0040"
            ecep:lem="extinct"
            ecep:pos="j"
            ecep:reg="extinct"
            ecep:spe="extinct"
            ecep:syllab="2"
            ecep:pron="ɪkˈstɪŋkt">extinct</w>
         <c> </c>
         <w xml:id="tgaen-087080"
            n="a-0050"
            ecep:lem="revive"
            ecep:pos="vvi"
            ecep:reg="revive"
            ecep:spe="revive"
            ecep:syllab="2"
            ecep:pron="rɪˈvaɪv">revive</w>
         <pc xml:id="tgaen-087090"
             n="a-0060"
             ecep:lem=","
             ecep:pos=","
             ecep:reg=","
             ecep:spe=",">,</pc>
      </l>
      <l n="46" xml:id="tgaen-l04350">
         <w xml:id="tgaen-087100"
            n="a-0070"
            ecep:lem="teach"
            ecep:pos="vvb"
            ecep:reg="Teach"
            ecep:spe="Teach"
            ecep:syllab="1"
            ecep:pron="tiːtʃ">Teach</w>
         <c> </c>
         <w xml:id="tgaen-087110"
            n="a-0080"
            ecep:lem="i"
            ecep:pos="pno11"
            ecep:reg="me"
            ecep:spe="me"
            ecep:syllab="1"
            ecep:pron="miː">me</w>
         <c> </c>
         <w xml:id="tgaen-087120"
            n="a-0090"
            ecep:lem="to"
            ecep:pos="pc-acp"
            ecep:reg="to"
            ecep:spe="to"
            ecep:syllab="1"
            ecep:pron="tuː">to</w>
         <c> </c>
         <w xml:id="tgaen-087130"
            n="a-0100"
            ecep:lem="love"
            ecep:pos="vvi"
            ecep:reg="love"
            ecep:spe="love"
            ecep:syllab="1"
            ecep:pron="lʌv">love</w>
         <c> </c>
         <w xml:id="tgaen-087140"
            n="a-0110"
            ecep:lem="and"
            ecep:pos="cc"
            ecep:reg="and"
            ecep:spe="and"
            ecep:syllab="1"
            ecep:pron="ænd">and</w>
         <c> </c>
         <w xml:id="tgaen-087150"
            n="a-0120"
            ecep:lem="to"
            ecep:pos="pc-acp"
            ecep:reg="to"
            ecep:spe="to"
            ecep:syllab="1"
            ecep:pron="tuː">to</w>
         <c> </c>
         <w xml:id="tgaen-087160"
            n="a-0130"
            ecep:lem="forgive"
            ecep:pos="vvi"
            ecep:reg="forgive"
            ecep:spe="forgive"
            ecep:syllab="2"
            ecep:pron="fəˈgɪv">forgive</w>
         <pc xml:id="tgaen-087170"
             n="a-0140"
             ecep:lem=","
             ecep:pos=","
             ecep:reg=","
             ecep:spe=",">,</pc>
      </l>
      <l n="47" xml:id="tgaen-l04355">
         <w xml:id="tgaen-087180"
            n="a-0150"
            ecep:lem="exact"
            ecep:pos="vvb"
            ecep:reg="Exact"
            ecep:spe="Exact"
            ecep:syllab="2"
            ecep:pron="ɪgˈzækt">Exact</w>
         <c> </c>
         <w xml:id="tgaen-087190"
            n="a-0160"
            ecep:lem="my"
            ecep:pos="po11"
            ecep:reg="my"
            ecep:spe="my"
            ecep:syllab="1"
            ecep:pron="maɪ">my</w>
         <c> </c>
         <w xml:id="tgaen-087200"
            n="a-0170"
            ecep:lem="own"
            ecep:pos="d"
            ecep:reg="own"
            ecep:spe="own"
            ecep:syllab="1"
            ecep:pron="əʊn">own</w>
         <c> </c>
         <w xml:id="tgaen-087210"
            n="a-0180"
            ecep:lem="defect"
            ecep:pos="n2"
            ecep:reg="defects"
            ecep:spe="defects"
            ecep:syllab="2"
            ecep:pron="ˈdiːfekts">defects</w>
         <c> </c>
         <w xml:id="tgaen-087220"
            n="a-0190"
            ecep:lem="to"
            ecep:pos="pc-acp"
            ecep:reg="to"
            ecep:spe="to"
            ecep:syllab="1"
            ecep:pron="tuː">to</w>
         <c> </c>
         <w xml:id="tgaen-087230"
            n="a-0200"
            ecep:lem="scan"
            ecep:pos="vvi"
            ecep:reg="scan"
            ecep:spe="scan"
            ecep:syllab="1"
            ecep:pron="skæn">scan</w>
         <pc xml:id="tgaen-087240"
             n="a-0210"
             ecep:lem=","
             ecep:pos=","
             ecep:reg=","
             ecep:spe=",">,</pc>
      </l>
      <l n="48" xml:id="tgaen-l04360">
         <w xml:id="tgaen-087250"
            n="a-0220"
            ecep:lem="what"
            ecep:pos="q-crq"
            ecep:reg="What"
            ecep:spe="What"
            ecep:syllab="1"
            ecep:pron="wɒt">What</w>
         <c> </c>
         <w xml:id="tgaen-087260"
            n="a-0230"
            ecep:lem="other"
            ecep:pos="n2-jn"
            ecep:reg="others"
            ecep:spe="others"
            ecep:syllab="2"
            ecep:pron="ˈʌðəz">others</w>
         <c> </c>
         <w xml:id="tgaen-087270"
            n="a-0240"
            ecep:lem="be"
            ecep:pos="vbr"
            ecep:reg="are"
            ecep:spe="are"
            ecep:syllab="1"
            ecep:pron="ɑː">are</w>
         <pc xml:id="tgaen-087280"
             n="a-0250"
             ecep:lem=","
             ecep:pos=","
             ecep:reg=","
             ecep:spe=",">,</pc>
         <c> </c>
         <w xml:id="tgaen-087290"
            n="a-0260"
            ecep:lem="to"
            ecep:pos="pc-acp"
            ecep:reg="to"
            ecep:spe="to"
            ecep:syllab="1"
            ecep:pron="tuː">to</w>
         <c> </c>
         <w xml:id="tgaen-087300"
            n="a-0270"
            ecep:lem="feel"
            ecep:pos="vvi"
            ecep:reg="feel"
            ecep:spe="feel"
            ecep:syllab="1"
            ecep:pron="fiːl">feel</w>
         <pc xml:id="tgaen-087310"
             n="a-0280"
             ecep:lem=","
             ecep:pos=","
             ecep:reg=","
             ecep:spe=",">,</pc>
         <c> </c>
         <w xml:id="tgaen-087320"
            n="a-0290"
            ecep:lem="and"
            ecep:pos="cc"
            ecep:reg="and"
            ecep:spe="and"
            ecep:syllab="1"
            ecep:pron="ænd">and</w>
         <c> </c>
         <w xml:id="tgaen-087330"
            n="a-0300"
            ecep:lem="know"
            ecep:pos="vvb"
            ecep:reg="know"
            ecep:spe="know"
            ecep:syllab="1"
            ecep:pron="nəʊ">know</w>
         <c> </c>
         <w xml:id="tgaen-087340"
            n="a-0310"
            ecep:lem="myself"
            ecep:pos="px11"
            ecep:reg="myself"
            ecep:spe="myself"
            ecep:syllab="2"
            ecep:pron="maɪˈself">myself</w>
         <c> </c>
         <w xml:id="tgaen-087350"
            n="a-0320"
            ecep:lem="a"
            ecep:pos="dt"
            ecep:reg="a"
            ecep:spe="a"
            ecep:syllab="1"
            ecep:pron="ə">a</w>
         <c> </c>
         <w xml:id="tgaen-087360"
            n="a-0330"
            ecep:lem="man"
            ecep:pos="n1"
            ecep:reg="man"
            ecep:spe="man"
            ecep:syllab="1"
            ecep:pron="mæn">man</w>
         <pc xml:id="tgaen-087370"
             n="a-0340"
             unit="sentence"
             ecep:lem="."
             ecep:pos="."
             ecep:reg="."
             ecep:spe=".">.</pc>
      </l>
   </lg>
</div>
