<?xml version="1.0" encoding="utf-8"?>
<!DOCTYPE div
  SYSTEM "about:legacy-compat">
<div xmlns:ecep="http://www.eighteenthcenturypoetry.org/ns"
     xmlns="http://www.tei-c.org/ns/1.0"
     xmlns:tei="http://www.tei-c.org/ns/1.0"
     ana="#iamb #tetrameter #quatrain #pair #hymn"
     corresp="#txt_WeslCh1707_w0019"
     decls="#semi-normalized"
     ecep:syllab="8.8.8.8"
     met="-+|-+|-+|-+/ -+|-+|-+|-+/ -+|-+|-+|-+/ -+|-+|-+|-+/"
     rendition="#lgvspace"
     rhyme="aabb"
     subtype="eceptext"
     type="poem"
     xml:id="o3900-w0670">
   <link target="authors.xml#aut_WeslCh1707" type="author"/>
   <head type="main">
      <q>
         <bibl>
            <w xml:id="o3900-254360"
               n="124-a-0010"
               ecep:lem="rom"
               ecep:pos="np1"
               ecep:reg="ROM"
               ecep:spe="ROM"
               ecep:syllab="1"
               ecep:pron="ˈrɒm">ROM</w>
            <pc xml:id="o3900-254370"
                n="124-a-0020"
                ecep:lem="."
                ecep:pos="."
                ecep:reg="."
                ecep:spe=".">.</pc>
            <c> </c>
            <w xml:id="o3900-254380"
               n="124-a-0030"
               ecep:lem="iv"
               ecep:pos="crd"
               ecep:reg="iv"
               ecep:spe="iv"
               ecep:syllab="1"
               ecep:pron="rˌəʊmənfˈɔː">iv</w>
            <pc xml:id="o3900-254390"
                n="124-a-0040"
                unit="sentence"
                ecep:lem="."
                ecep:pos="."
                ecep:reg="."
                ecep:spe=".">.</pc>
            <c> </c>
            <w xml:id="o3900-254400"
               n="124-a-0050"
               ecep:lem="5"
               ecep:pos="crd"
               ecep:reg="5"
               ecep:spe="5"
               ecep:syllab="1"
               ecep:pron="fˈaɪv">5</w>
            <pc unit="sentence"
                xml:id="o3900-254400-eos"
                n="124-a-0060"
                ecep:lem="."
                ecep:pos="."
                ecep:reg="."
                ecep:spe=".">.</pc>
         </bibl>
         <c> </c>
         <w xml:id="o3900-254130"
            n="124-a-0070"
            ecep:lem="to"
            ecep:pos="p-acp"
            ecep:reg="To"
            ecep:spe="To"
            ecep:syllab="1"
            ecep:pron="tuː">To</w>
         <c> </c>
         <w xml:id="o3900-254140"
            n="124-a-0080"
            ecep:lem="he"
            ecep:pos="pno31"
            ecep:reg="him"
            ecep:spe="him"
            ecep:syllab="1"
            ecep:pron="hɪm">him</w>
         <c> </c>
         <w xml:id="o3900-254150"
            n="124-a-0090"
            ecep:lem="that"
            ecep:pos="cst"
            ecep:reg="that"
            ecep:spe="that"
            ecep:syllab="1"
            ecep:pron="ðæt">that</w>
         <c> </c>
         <w xml:id="o3900-254160"
            n="124-a-0100"
            ecep:lem="work"
            ecep:pos="vvz"
            ecep:reg="works"
            ecep:spe="worketh"
            ecep:syllab="2"
            ecep:pron="wˈɜːkəθ">worketh</w>
         <c> </c>
         <w xml:id="o3900-254170"
            n="124-a-0110"
            ecep:lem="not"
            ecep:pos="xx"
            ecep:reg="not"
            ecep:spe="not"
            ecep:syllab="1"
            ecep:pron="nɒt">not</w>
         <pc xml:id="o3900-254180"
             n="124-a-0120"
             ecep:lem=","
             ecep:pos=","
             ecep:reg=","
             ecep:spe=",">,</pc>
         <c> </c>
         <w xml:id="o3900-254190"
            n="124-a-0130"
            ecep:lem="but"
            ecep:pos="cc-acp"
            ecep:reg="but"
            ecep:spe="but"
            ecep:syllab="1"
            ecep:pron="bʌt">but</w>
         <c> </c>
         <w xml:id="o3900-254200"
            n="124-a-0140"
            ecep:lem="believe"
            ecep:pos="vvz"
            ecep:reg="believeth"
            ecep:spe="believeth"
            ecep:syllab="3"
            ecep:pron="bɪˈliːvɪθ">believeth</w>
         <c> </c>
         <w xml:id="o3900-254210"
            n="124-a-0150"
            ecep:lem="on"
            ecep:pos="p-acp"
            ecep:reg="on"
            ecep:spe="on"
            ecep:syllab="1"
            ecep:pron="ɒn">on</w>
         <c> </c>
         <w xml:id="o3900-254220"
            n="124-a-0160"
            ecep:lem="he"
            ecep:pos="pno31"
            ecep:reg="Him"
            ecep:spe="Him"
            ecep:syllab="1"
            ecep:pron="hɪm">Him</w>
         <c> </c>
         <w xml:id="o3900-254230"
            n="124-a-0170"
            ecep:lem="that"
            ecep:pos="cst"
            ecep:reg="that"
            ecep:spe="that"
            ecep:syllab="1"
            ecep:pron="ðæt">that</w>
         <c> </c>
         <w xml:id="o3900-254240"
            n="124-a-0180"
            ecep:lem="justify"
            ecep:pos="vvz"
            ecep:reg="justifieth"
            ecep:spe="justifieth"
            ecep:syllab="3"
            ecep:pron="dʒˈʌstɪfˌiəθ">justifieth</w>
         <c> </c>
         <w xml:id="o3900-254250"
            n="124-a-0190"
            ecep:lem="the"
            ecep:pos="dt"
            ecep:reg="the"
            ecep:spe="the"
            ecep:syllab="1"
            ecep:pron="ðiː">the</w>
         <c> </c>
         <w xml:id="o3900-254260"
            n="124-a-0200"
            ecep:lem="ungodly"
            ecep:pos="j"
            ecep:reg="Ungodly"
            ecep:spe="Ungodly"
            ecep:syllab="3"
            ecep:pron="ʌnˈgɒdli">Ungodly</w>
         <pc xml:id="o3900-254270"
             n="124-a-0210"
             ecep:lem=","
             ecep:pos=","
             ecep:reg=","
             ecep:spe=",">,</pc>
         <c> </c>
         <w xml:id="o3900-254280"
            n="124-a-0220"
            ecep:lem="his"
            ecep:pos="po31"
            ecep:reg="his"
            ecep:spe="his"
            ecep:syllab="1"
            ecep:pron="hɪz">his</w>
         <c> </c>
         <w xml:id="o3900-254290"
            n="124-a-0230"
            ecep:lem="faith"
            ecep:pos="n1"
            ecep:reg="Faith"
            ecep:spe="Faith"
            ecep:syllab="1"
            ecep:pron="feɪθ">Faith</w>
         <c> </c>
         <w xml:id="o3900-254300"
            n="124-a-0240"
            ecep:lem="be"
            ecep:pos="vbz"
            ecep:reg="is"
            ecep:spe="is"
            ecep:syllab="1"
            ecep:pron="ɪz">is</w>
         <c> </c>
         <w xml:id="o3900-254310"
            n="124-a-0250"
            ecep:lem="count"
            ecep:pos="vvn"
            ecep:reg="counted"
            ecep:spe="counted"
            ecep:syllab="2"
            ecep:pron="kaʊntɪd">counted</w>
         <c> </c>
         <w xml:id="o3900-254320"
            n="124-a-0260"
            ecep:lem="for"
            ecep:pos="p-acp"
            ecep:reg="for"
            ecep:spe="for"
            ecep:syllab="1"
            ecep:pron="fɔː">for</w>
         <c> </c>
         <w xml:id="o3900-254330"
            n="124-a-0270"
            ecep:lem="righteousness"
            ecep:pos="n1"
            ecep:reg="Righteousness"
            ecep:spe="Righteousness"
            ecep:syllab="3"
            ecep:pron="ˈraɪtʃəsnəs">Righteousness</w>
         <pc xml:id="o3900-254340"
             n="124-a-0280"
             unit="sentence"
             ecep:lem="."
             ecep:pos="."
             ecep:reg="."
             ecep:spe=".">.</pc>
      </q>
   </head>
   <lg n="1" xml:id="o3900-s02330">
      <head>
         <w xml:id="o3900-254440"
            n="124-a-0290"
            ecep:lem="i"
            ecep:pos="pns11"
            ecep:reg="I"
            ecep:spe="I."
            ecep:syllab="1"
            ecep:pron="ˈaɪ">I.</w>
         <pc unit="sentence" xml:id="o3900-254440-eos" n="124-a-0300"/>
      </head>
      <l xml:id="o3900-l12350">
         <w xml:id="o3900-254460"
            n="124-a-0310"
            ecep:lem="lord"
            ecep:pos="n1"
            ecep:reg="LORD"
            ecep:spe="LORD"
            ecep:syllab="1"
            ecep:pron="lɔːd">LORD</w>
         <pc xml:id="o3900-254470"
             n="124-a-0320"
             ecep:lem=","
             ecep:pos=","
             ecep:reg=","
             ecep:spe=",">,</pc>
         <c> </c>
         <w xml:id="o3900-254480"
            n="124-a-0330"
            ecep:lem="if"
            ecep:pos="cs"
            ecep:reg="if"
            ecep:spe="if"
            ecep:syllab="1"
            ecep:pron="ɪf">if</w>
         <c> </c>
         <w xml:id="o3900-254490"
            n="124-a-0340"
            ecep:lem="to"
            ecep:pos="p-acp"
            ecep:reg="to"
            ecep:spe="to"
            ecep:syllab="1"
            ecep:pron="tuː">to</w>
         <c> </c>
         <w xml:id="o3900-254500"
            n="124-a-0350"
            ecep:lem="i"
            ecep:pos="pno11"
            ecep:reg="Me"
            ecep:spe="Me"
            ecep:syllab="1"
            ecep:pron="miː">Me</w>
         <c> </c>
         <w xml:id="o3900-254510"
            n="124-a-0360"
            ecep:lem="thy"
            ecep:pos="po21"
            ecep:reg="thy"
            ecep:spe="thy"
            ecep:syllab="1"
            ecep:pron="ðaɪ">thy</w>
         <c> </c>
         <w xml:id="o3900-254520"
            n="124-a-0370"
            ecep:lem="grace"
            ecep:pos="n1"
            ecep:reg="Grace"
            ecep:spe="Grace"
            ecep:syllab="1"
            ecep:pron="greɪs">Grace</w>
         <c> </c>
         <w xml:id="o3900-254530"
            n="124-a-0380"
            ecep:lem="have"
            ecep:pos="vhz"
            ecep:reg="hath"
            ecep:spe="hath"
            ecep:syllab="1"
            ecep:pron="hæθ">hath</w>
         <c> </c>
         <w xml:id="o3900-254540"
            n="124-a-0390"
            ecep:lem="give"
            ecep:pos="vvn"
            ecep:reg="given"
            ecep:spe="given"
            ecep:syllab="2"
            ecep:pron="ˈgɪvn">given</w>
         <pc xml:id="o3900-254550"
             n="124-a-0400"
             ecep:lem=","
             ecep:pos=","
             ecep:reg=","
             ecep:spe=",">,</pc>
      </l>
      <l xml:id="o3900-l12355">
         <c> </c>
         <w xml:id="o3900-254560"
            n="124-a-0410"
            ecep:lem="a"
            ecep:pos="dt"
            ecep:reg="A"
            ecep:spe="A"
            ecep:syllab="1"
            ecep:pron="ə">A</w>
         <c> </c>
         <w xml:id="o3900-254570"
            n="124-a-0420"
            ecep:lem="spark"
            ecep:pos="n1"
            ecep:reg="Spark"
            ecep:spe="Spark"
            ecep:syllab="1"
            ecep:pron="spɑːk">Spark</w>
         <c> </c>
         <w xml:id="o3900-254580"
            n="124-a-0430"
            ecep:lem="of"
            ecep:pos="pp-f"
            ecep:reg="of"
            ecep:spe="of"
            ecep:syllab="1"
            ecep:pron="ɒv">of</w>
         <c> </c>
         <w xml:id="o3900-254590"
            n="124-a-0440"
            ecep:lem="life"
            ecep:pos="n1"
            ecep:reg="Life"
            ecep:spe="Life"
            ecep:syllab="1"
            ecep:pron="laɪf">Life</w>
         <pc xml:id="o3900-254600"
             n="124-a-0450"
             ecep:lem=","
             ecep:pos=","
             ecep:reg=","
             ecep:spe=",">,</pc>
         <c> </c>
         <w xml:id="o3900-254610"
            n="124-a-0460"
            ecep:lem="a"
            ecep:pos="dt"
            ecep:reg="a"
            ecep:spe="a"
            ecep:syllab="1"
            ecep:pron="ə">a</w>
         <c> </c>
         <w xml:id="o3900-254620"
            n="124-a-0470"
            ecep:lem="taste"
            ecep:pos="n1"
            ecep:reg="Taste"
            ecep:spe="Taste"
            ecep:syllab="1"
            ecep:pron="teɪst">Taste</w>
         <c> </c>
         <w xml:id="o3900-254630"
            n="124-a-0480"
            ecep:lem="of"
            ecep:pos="pp-f"
            ecep:reg="of"
            ecep:spe="of"
            ecep:syllab="1"
            ecep:pron="ɒv">of</w>
         <c> </c>
         <w xml:id="o3900-254640"
            n="124-a-0490"
            ecep:lem="heaven"
            ecep:pos="n1"
            ecep:reg="Heaven"
            ecep:spe="Heaven"
            ecep:syllab="1"
            ecep:pron="ˈhevn">Heaven</w>
         <pc xml:id="o3900-254650"
             n="124-a-0500"
             ecep:lem=","
             ecep:pos=","
             ecep:reg=","
             ecep:spe=",">,</pc>
      </l>
      <l xml:id="o3900-l12360">
         <c> </c>
         <w xml:id="o3900-254660"
            n="124-a-0510"
            ecep:lem="the"
            ecep:pos="dt"
            ecep:reg="The"
            ecep:spe="The"
            ecep:syllab="1"
            ecep:pron="ðiː">The</w>
         <c> </c>
         <w xml:id="o3900-254670"
            n="124-a-0520"
            ecep:lem="gospel-pearl"
            ecep:pos="n1"
            ecep:reg="Gospel-pearl"
            ecep:spe="Gospel-pearl"
            ecep:syllab="3"
            ecep:pron="ˈgɒsplˌpɜːl">Gospel-pearl</w>
         <pc xml:id="o3900-254680"
             n="124-a-0530"
             ecep:lem=","
             ecep:pos=","
             ecep:reg=","
             ecep:spe=",">,</pc>
         <c> </c>
         <w xml:id="o3900-254690"
            n="124-a-0540"
            ecep:lem="the"
            ecep:pos="dt"
            ecep:reg="the"
            ecep:spe="the"
            ecep:syllab="1"
            ecep:pron="ðiː">the</w>
         <c> </c>
         <w xml:id="o3900-254700"
            n="124-a-0550"
            ecep:lem="woman"
            ecep:pos="ng1"
            ecep:reg="Woman's"
            ecep:spe="Woman's"
            ecep:syllab="2"
            ecep:pron="ˈwʊmənz">Woman's</w>
         <c> </c>
         <w xml:id="o3900-254710"
            n="124-a-0560"
            ecep:lem="seed"
            ecep:pos="n1"
            ecep:reg="Seed"
            ecep:spe="Seed"
            ecep:syllab="1"
            ecep:pron="siːd">Seed</w>
         <pc xml:id="o3900-254720"
             n="124-a-0570"
             ecep:lem=","
             ecep:pos=","
             ecep:reg=","
             ecep:spe=",">,</pc>
      </l>
      <l xml:id="o3900-l12365">
         <c> </c>
         <w xml:id="o3900-254730"
            n="124-a-0580"
            ecep:lem="the"
            ecep:pos="dt"
            ecep:reg="The"
            ecep:spe="The"
            ecep:syllab="1"
            ecep:pron="ðiː">The</w>
         <c> </c>
         <w xml:id="o3900-254740"
            n="124-a-0590"
            ecep:lem="bruiser"
            ecep:pos="n1"
            ecep:reg="Bruiser"
            ecep:spe="Bruiser"
            ecep:syllab="2"
            ecep:pron="ˈbruːzə">Bruiser</w>
         <c> </c>
         <w xml:id="o3900-254750"
            n="124-a-0600"
            ecep:lem="of"
            ecep:pos="pp-f"
            ecep:reg="of"
            ecep:spe="of"
            ecep:syllab="1"
            ecep:pron="ɒv">of</w>
         <c> </c>
         <w xml:id="o3900-254760"
            n="124-a-0610"
            ecep:lem="the"
            ecep:pos="dt"
            ecep:reg="the"
            ecep:spe="the"
            ecep:syllab="1"
            ecep:pron="ðiː">the</w>
         <c> </c>
         <w xml:id="o3900-254770"
            n="124-a-0620"
            ecep:lem="serpent"
            ecep:pos="ng1"
            ecep:reg="Serpent's"
            ecep:spe="Serpent's"
            ecep:syllab="2"
            ecep:pron="ˈsɜːpənts">Serpent's</w>
         <c> </c>
         <w xml:id="o3900-254780"
            n="124-a-0630"
            ecep:lem="head"
            ecep:pos="n1"
            ecep:reg="Head"
            ecep:spe="Head"
            ecep:syllab="1"
            ecep:pron="hed">Head</w>
         <pc xml:id="o3900-254790"
             n="124-a-0640"
             ecep:lem=";"
             ecep:pos=";"
             ecep:reg=";"
             ecep:spe=";">;</pc>
      </l>
   </lg>
   <lg n="2" xml:id="o3900-s02335">
      <head>
         <w xml:id="o3900-254830"
            n="124-a-0650"
            ecep:lem="ii"
            ecep:pos="crd"
            ecep:reg="II"
            ecep:spe="II"
            ecep:syllab="1"
            ecep:pron="rˌəʊməntˈuː">II</w>
         <pc xml:id="o3900-254840"
             n="124-a-0660"
             unit="sentence"
             ecep:lem="."
             ecep:pos="."
             ecep:reg="."
             ecep:spe=".">.</pc>
      </head>
      <l xml:id="o3900-l12370">
         <w xml:id="o3900-254860"
            n="124-a-0670"
            ecep:lem="why"
            ecep:pos="q-crq"
            ecep:reg="Why"
            ecep:spe="Why"
            ecep:syllab="1"
            ecep:pron="waɪ">Why</w>
         <c> </c>
         <w xml:id="o3900-254870"
            n="124-a-0680"
            ecep:lem="sleep"
            ecep:pos="vvz"
            ecep:reg="sleeps"
            ecep:spe="sleeps"
            ecep:syllab="1"
            ecep:pron="sliːps">sleeps</w>
         <c> </c>
         <w xml:id="o3900-254880"
            n="124-a-0690"
            ecep:lem="my"
            ecep:pos="po11"
            ecep:reg="my"
            ecep:spe="my"
            ecep:syllab="1"
            ecep:pron="maɪ">my</w>
         <c> </c>
         <w xml:id="o3900-254890"
            n="124-a-0700"
            ecep:lem="principle"
            ecep:pos="n1"
            ecep:reg="Principle"
            ecep:spe="Principle"
            ecep:syllab="3"
            ecep:pron="ˈprɪnsəpl">Principle</w>
         <c> </c>
         <w xml:id="o3900-254900"
            n="124-a-0710"
            ecep:lem="divine"
            ecep:pos="j-jn"
            ecep:reg="Divine"
            ecep:spe="Divine"
            ecep:syllab="2"
            ecep:pron="dɪˈvaɪn">Divine</w>
         <pc xml:id="o3900-254910"
             n="124-a-0720"
             unit="sentence"
             ecep:lem="?"
             ecep:pos="?"
             ecep:reg="?"
             ecep:spe="?">?</pc>
         <c> </c>
      </l>
      <l xml:id="o3900-l12375">
         <w xml:id="o3900-254920"
            n="124-a-0730"
            ecep:lem="why"
            ecep:pos="q-crq"
            ecep:reg="Why"
            ecep:spe="Why"
            ecep:syllab="1"
            ecep:pron="waɪ">Why</w>
         <c> </c>
         <w xml:id="o3900-254930"
            n="124-a-0740"
            ecep:lem="hasten"
            ecep:pos="vvz"
            ecep:reg="hastens"
            ecep:spe="hastens"
            ecep:syllab="2"
            ecep:pron="ˈheɪsnz">hastens</w>
         <c> </c>
         <w xml:id="o3900-254940"
            n="124-a-0750"
            ecep:lem="not"
            ecep:pos="xx"
            ecep:reg="not"
            ecep:spe="not"
            ecep:syllab="1"
            ecep:pron="nɒt">not</w>
         <c> </c>
         <w xml:id="o3900-254950"
            n="124-a-0760"
            ecep:lem="my"
            ecep:pos="po11"
            ecep:reg="my"
            ecep:spe="my"
            ecep:syllab="1"
            ecep:pron="maɪ">my</w>
         <c> </c>
         <w xml:id="o3900-254960"
            n="124-a-0770"
            ecep:lem="spark"
            ecep:pos="n1"
            ecep:reg="Spark"
            ecep:spe="Spark"
            ecep:syllab="1"
            ecep:pron="spɑːk">Spark</w>
         <c> </c>
         <w xml:id="o3900-254970"
            n="124-a-0780"
            ecep:lem="to"
            ecep:pos="pc-acp"
            ecep:reg="to"
            ecep:spe="to"
            ecep:syllab="1"
            ecep:pron="tuː">to</w>
         <c> </c>
         <w xml:id="o3900-254980"
            n="124-a-0790"
            ecep:lem="shine"
            ecep:pos="vvi"
            ecep:reg="shine"
            ecep:spe="shine"
            ecep:syllab="1"
            ecep:pron="ʃaɪn">shine</w>
         <pc xml:id="o3900-254990"
             n="124-a-0800"
             unit="sentence"
             ecep:lem="?"
             ecep:pos="?"
             ecep:reg="?"
             ecep:spe="?">?</pc>
         <c> </c>
      </l>
      <l xml:id="o3900-l12380">
         <w xml:id="o3900-255000"
            n="124-a-0810"
            ecep:lem="the"
            ecep:pos="dt"
            ecep:reg="The"
            ecep:spe="The"
            ecep:syllab="1"
            ecep:pron="ðiː">The</w>
         <c> </c>
         <w xml:id="o3900-255010"
            n="124-a-0820"
            ecep:lem="saviour"
            ecep:pos="n1"
            ecep:reg="Saviour"
            ecep:spe="Saviour"
            ecep:syllab="2"
            ecep:pron="ˈseɪvjə">Saviour</w>
         <c> </c>
         <w xml:id="o3900-255020"
            n="124-a-0830"
            ecep:lem="in"
            ecep:pos="p-acp"
            ecep:reg="in"
            ecep:spe="in"
            ecep:syllab="1"
            ecep:pron="ɪn">in</w>
         <c> </c>
         <w xml:id="o3900-255030"
            n="124-a-0840"
            ecep:lem="my"
            ecep:pos="po11"
            ecep:reg="my"
            ecep:spe="my"
            ecep:syllab="1"
            ecep:pron="maɪ">my</w>
         <c> </c>
         <w xml:id="o3900-255040"
            n="124-a-0850"
            ecep:lem="heart"
            ecep:pos="n1"
            ecep:reg="Heart"
            ecep:spe="Heart"
            ecep:syllab="1"
            ecep:pron="hɑːt">Heart</w>
         <c> </c>
         <w xml:id="o3900-255050"
            n="124-a-0860"
            ecep:lem="to"
            ecep:pos="pc-acp"
            ecep:reg="to"
            ecep:spe="to"
            ecep:syllab="1"
            ecep:pron="tuː">to</w>
         <c> </c>
         <w xml:id="o3900-255060"
            n="124-a-0870"
            ecep:lem="move"
            ecep:pos="vvi"
            ecep:reg="move"
            ecep:spe="move"
            ecep:syllab="1"
            ecep:pron="muːv">move</w>
      </l>
      <l xml:id="o3900-l12385">
         <c> </c>
         <w xml:id="o3900-255070"
            n="124-a-0880"
            ecep:lem="and"
            ecep:pos="cc"
            ecep:reg="And"
            ecep:spe="And"
            ecep:syllab="1"
            ecep:pron="ænd">And</w>
         <c> </c>
         <w xml:id="o3900-255080"
            n="124-a-0890"
            ecep:lem="all"
            ecep:pos="d"
            ecep:reg="all"
            ecep:spe="all"
            ecep:syllab="1"
            ecep:pron="ɔːl">all</w>
         <c> </c>
         <w xml:id="o3900-255090"
            n="124-a-0900"
            ecep:lem="my"
            ecep:pos="po11"
            ecep:reg="my"
            ecep:spe="my"
            ecep:syllab="1"
            ecep:pron="maɪ">my</w>
         <c> </c>
         <w xml:id="o3900-255100"
            n="124-a-0910"
            ecep:lem="soul"
            ecep:pos="n1"
            ecep:reg="Soul"
            ecep:spe="Soul"
            ecep:syllab="1"
            ecep:pron="səʊl">Soul</w>
         <c> </c>
         <w xml:id="o3900-255110"
            n="124-a-0920"
            ecep:lem="to"
            ecep:pos="p-acp"
            ecep:reg="to"
            ecep:spe="to"
            ecep:syllab="1"
            ecep:pron="tuː">to</w>
         <c> </c>
         <w xml:id="o3900-255120"
            n="124-a-0930"
            ecep:lem="flame"
            ecep:pos="n1"
            ecep:reg="flame"
            ecep:spe="flame"
            ecep:syllab="1"
            ecep:pron="fleɪm">flame</w>
         <c> </c>
         <w xml:id="o3900-255130"
            n="124-a-0940"
            ecep:lem="with"
            ecep:pos="p-acp"
            ecep:reg="with"
            ecep:spe="with"
            ecep:syllab="1"
            ecep:pron="wɪð">with</w>
         <c> </c>
         <w xml:id="o3900-255140"
            n="124-a-0950"
            ecep:lem="love"
            ecep:pos="n1"
            ecep:reg="Love"
            ecep:spe="Love"
            ecep:syllab="1"
            ecep:pron="lʌv">Love</w>
         <pc xml:id="o3900-255150"
             n="124-a-0960"
             unit="sentence"
             ecep:lem="?"
             ecep:pos="?"
             ecep:reg="?"
             ecep:spe="?">?</pc>
         <c> </c>
      </l>
   </lg>
   <lg n="3" xml:id="o3900-s02340">
      <head>
         <w xml:id="o3900-255190"
            n="124-a-0970"
            ecep:lem="iii"
            ecep:pos="crd"
            ecep:reg="III"
            ecep:spe="III"
            ecep:syllab="1"
            ecep:pron="rˌəʊmənθrˈiː">III</w>
         <pc xml:id="o3900-255200"
             n="124-a-0980"
             unit="sentence"
             ecep:lem="."
             ecep:pos="."
             ecep:reg="."
             ecep:spe=".">.</pc>
      </head>
      <l xml:id="o3900-l12390">
         <w xml:id="o3900-255220"
            n="124-a-0990"
            ecep:lem="bury"
            ecep:pos="j-vvn"
            ecep:reg="Buried"
            ecep:spe="Buried"
            ecep:syllab="2"
            ecep:pron="ˈberid">Buried</w>
         <pc xml:id="o3900-255230"
             n="124-a-1000"
             ecep:lem=","
             ecep:pos=","
             ecep:reg=","
             ecep:spe=",">,</pc>
         <c> </c>
         <w xml:id="o3900-255240"
            n="124-a-1010"
            ecep:lem="overwhelm"
            ecep:pos="j-vvn"
            ecep:reg="overwhelmed"
            ecep:spe="o'erwhelm'd"
            ecep:syllab="2"
            ecep:pron="ˌəʊəˈwelmd">o'erwhelm'd</w>
         <pc xml:id="o3900-255250"
             n="124-a-1020"
             ecep:lem=","
             ecep:pos=","
             ecep:reg=","
             ecep:spe=",">,</pc>
         <c> </c>
         <w xml:id="o3900-255260"
            n="124-a-1030"
            ecep:lem="and"
            ecep:pos="cc"
            ecep:reg="and"
            ecep:spe="and"
            ecep:syllab="1"
            ecep:pron="ænd">and</w>
         <c> </c>
         <w xml:id="o3900-255270"
            n="124-a-1040"
            ecep:lem="lose"
            ecep:pos="vvn"
            ecep:reg="lost"
            ecep:spe="lost"
            ecep:syllab="1"
            ecep:pron="lɒst">lost</w>
         <c> </c>
         <w xml:id="o3900-255280"
            n="124-a-1050"
            ecep:lem="in"
            ecep:pos="p-acp"
            ecep:reg="in"
            ecep:spe="in"
            ecep:syllab="1"
            ecep:pron="ɪn">in</w>
         <c> </c>
         <w xml:id="o3900-255290"
            n="124-a-1060"
            ecep:lem="sin"
            ecep:pos="n1"
            ecep:reg="Sin"
            ecep:spe="Sin"
            ecep:syllab="1"
            ecep:pron="sɪn">Sin</w>
         <pc xml:id="o3900-255300"
             n="124-a-1070"
             ecep:lem=","
             ecep:pos=","
             ecep:reg=","
             ecep:spe=",">,</pc>
      </l>
      <l xml:id="o3900-l12395">
         <c> </c>
         <w xml:id="o3900-255310"
            n="124-a-1080"
            ecep:lem="and"
            ecep:pos="cc"
            ecep:reg="And"
            ecep:spe="And"
            ecep:syllab="1"
            ecep:pron="ænd">And</w>
         <c> </c>
         <w xml:id="o3900-255320"
            n="124-a-1090"
            ecep:lem="seem"
            ecep:pos="av-vvg"
            ecep:reg="seemingly"
            ecep:spe="seemingly"
            ecep:syllab="3"
            ecep:pron="siːmɪŋli">seemingly</w>
         <c> </c>
         <w xml:id="o3900-255330"
            n="124-a-1100"
            ecep:lem="extinct"
            ecep:pos="j"
            ecep:reg="extinct"
            ecep:spe="extinct"
            ecep:syllab="2"
            ecep:pron="ɪkˈstɪŋkt">extinct</w>
         <c> </c>
         <w xml:id="o3900-255340"
            n="124-a-1110"
            ecep:lem="within"
            ecep:pos="p-acp"
            ecep:reg="within"
            ecep:spe="within"
            ecep:syllab="2"
            ecep:pron="wɪˈðɪn">within</w>
         <pc xml:id="o3900-255350"
             n="124-a-1120"
             ecep:lem=","
             ecep:pos=","
             ecep:reg=","
             ecep:spe=",">,</pc>
      </l>
      <l xml:id="o3900-l12400">
         <c> </c>
         <w xml:id="o3900-255360"
            n="124-a-1130"
            ecep:lem="the"
            ecep:pos="dt"
            ecep:reg="The"
            ecep:spe="Th'"
            ecep:syllab="0"
            ecep:pron="ð">Th'</w>
         <c> </c>
         <w xml:id="o3900-255370"
            n="124-a-1140"
            ecep:lem="immortal"
            ecep:pos="j"
            ecep:reg="Immortal"
            ecep:spe="Immortal"
            ecep:syllab="3"
            ecep:pron="ɪˈmɔːtl">Immortal</w>
         <c> </c>
         <w xml:id="o3900-255380"
            n="124-a-1150"
            ecep:lem="seed"
            ecep:pos="n1"
            ecep:reg="Seed"
            ecep:spe="Seed"
            ecep:syllab="1"
            ecep:pron="siːd">Seed</w>
         <c> </c>
         <w xml:id="o3900-255390"
            n="124-a-1160"
            ecep:lem="unactive"
            ecep:pos="j"
            ecep:reg="unactive"
            ecep:spe="unactive"
            ecep:syllab="3"
            ecep:pron="ʌnˈæktɪv">unactive</w>
         <c> </c>
         <w xml:id="o3900-255400"
            n="124-a-1170"
            ecep:lem="lie"
            ecep:pos="vvz"
            ecep:reg="lies"
            ecep:spe="lies"
            ecep:syllab="1"
            ecep:pron="laɪz">lies</w>
         <pc xml:id="o3900-255410"
             n="124-a-1180"
             ecep:lem=","
             ecep:pos=","
             ecep:reg=","
             ecep:spe=",">,</pc>
      </l>
      <l xml:id="o3900-l12405">
         <c> </c>
         <w xml:id="o3900-255420"
            n="124-a-1190"
            ecep:lem="the"
            ecep:pos="dt"
            ecep:reg="The"
            ecep:spe="The"
            ecep:syllab="1"
            ecep:pron="ðiː">The</w>
         <c> </c>
         <w xml:id="o3900-255430"
            n="124-a-1200"
            ecep:lem="heavenly"
            ecep:pos="j"
            ecep:reg="Heavenly"
            ecep:spe="Heav'nly"
            ecep:syllab="2"
            ecep:pron="ˈhevnli">Heav'nly</w>
         <c> </c>
         <hi>
            <w xml:id="o3900-255440"
               n="124-a-1210"
               ecep:lem="Adam"
               ecep:pos="np1"
               ecep:reg="Adam"
               ecep:spe="Adam"
               ecep:syllab="2"
               ecep:pron="ˈædəm">Adam</w>
         </hi>
         <c> </c>
         <w xml:id="o3900-255450"
            n="124-a-1220"
            ecep:lem="sink"
            ecep:pos="vvz"
            ecep:reg="sinks"
            ecep:spe="sinks"
            ecep:syllab="1"
            ecep:pron="sɪŋks">sinks</w>
         <c> </c>
         <w xml:id="o3900-255460"
            n="124-a-1230"
            ecep:lem="and"
            ecep:pos="cc"
            ecep:reg="and"
            ecep:spe="and"
            ecep:syllab="1"
            ecep:pron="ænd">and</w>
         <c> </c>
         <w xml:id="o3900-255470"
            n="124-a-1240"
            ecep:lem="die"
            ecep:pos="vvz"
            ecep:reg="dies"
            ecep:spe="dies"
            ecep:syllab="1"
            ecep:pron="daɪz">dies</w>
         <pc xml:id="o3900-255480"
             n="124-a-1250"
             ecep:lem=":"
             ecep:pos=":"
             ecep:reg=":"
             ecep:spe=":">:</pc>
      </l>
   </lg>
   <lg n="4" xml:id="o3900-s02345">
      <head>
         <w xml:id="o3900-255520"
            n="124-a-1260"
            ecep:lem="iv"
            ecep:pos="crd"
            ecep:reg="IV"
            ecep:spe="IV"
            ecep:syllab="1"
            ecep:pron="rˌəʊmənfˈɔː">IV</w>
         <pc xml:id="o3900-255530"
             n="124-a-1270"
             unit="sentence"
             ecep:lem="."
             ecep:pos="."
             ecep:reg="."
             ecep:spe=".">.</pc>
      </head>
      <l xml:id="o3900-l12410">
         <w xml:id="o3900-255550"
            n="124-a-1280"
            ecep:lem="dies"
            ecep:pos="fw-la"
            ecep:reg="Dies"
            ecep:spe="Dies"
            ecep:syllab="1"
            ecep:pron="daɪz">Dies</w>
         <pc xml:id="o3900-255560"
             n="124-a-1290"
             ecep:lem=","
             ecep:pos=","
             ecep:reg=","
             ecep:spe=",">,</pc>
         <c> </c>
         <w xml:id="o3900-255570"
            n="124-a-1300"
            ecep:lem="and"
            ecep:pos="cc"
            ecep:reg="and"
            ecep:spe="and"
            ecep:syllab="1"
            ecep:pron="ænd">and</w>
         <c> </c>
         <w xml:id="o3900-255580"
            n="124-a-1310"
            ecep:lem="revive"
            ecep:pos="vvz"
            ecep:reg="revives"
            ecep:spe="revives"
            ecep:syllab="2"
            ecep:pron="rɪˈvaɪvz">revives</w>
         <c> </c>
         <w xml:id="o3900-255590"
            n="124-a-1320"
            ecep:lem="the"
            ecep:pos="dt"
            ecep:reg="the"
            ecep:spe="the"
            ecep:syllab="1"
            ecep:pron="ðiː">the</w>
         <c> </c>
         <w xml:id="o3900-255600"
            n="124-a-1330"
            ecep:lem="die"
            ecep:pos="vvg"
            ecep:reg="Dying"
            ecep:spe="Dying"
            ecep:syllab="2"
            ecep:pron="ˈdaɪɪŋ">Dying</w>
         <c> </c>
         <w xml:id="o3900-255610"
            n="124-a-1340"
            ecep:lem="flame"
            ecep:pos="n1"
            ecep:reg="Flame"
            ecep:spe="Flame"
            ecep:syllab="1"
            ecep:pron="fleɪm">Flame</w>
         <pc xml:id="o3900-255620"
             n="124-a-1350"
             unit="sentence"
             ecep:lem="."
             ecep:pos="."
             ecep:reg="."
             ecep:spe=".">.</pc>
         <c> </c>
      </l>
      <l xml:id="o3900-l12415">
         <w xml:id="o3900-255630"
            n="124-a-1360"
            ecep:lem="cast"
            ecep:pos="vvb"
            ecep:reg="Cast"
            ecep:spe="Cast"
            ecep:syllab="1"
            ecep:pron="kɑːst">Cast</w>
         <c> </c>
         <w xml:id="o3900-255640"
            n="124-a-1370"
            ecep:lem="down"
            ecep:pos="a-acp"
            ecep:reg="down"
            ecep:spe="down"
            ecep:syllab="1"
            ecep:pron="daʊn">down</w>
         <pc xml:id="o3900-255650"
             n="124-a-1380"
             ecep:lem=","
             ecep:pos=","
             ecep:reg=","
             ecep:spe=",">,</pc>
         <c> </c>
         <w xml:id="o3900-255660"
            n="124-a-1390"
            ecep:lem="but"
            ecep:pos="cc-acp"
            ecep:reg="but"
            ecep:spe="but"
            ecep:syllab="1"
            ecep:pron="bʌt">but</w>
         <c> </c>
         <w xml:id="o3900-255670"
            n="124-a-1400"
            ecep:lem="not"
            ecep:pos="xx"
            ecep:reg="not"
            ecep:spe="not"
            ecep:syllab="1"
            ecep:pron="nɒt">not</w>
         <c> </c>
         <w xml:id="o3900-255680"
            n="124-a-1410"
            ecep:lem="destroy"
            ecep:pos="vvn"
            ecep:reg="destroyed"
            ecep:spe="destroy'd"
            ecep:syllab="2"
            ecep:pron="dɪˈstrɔɪd">destroy'd</w>
         <c> </c>
         <w xml:id="o3900-255690"
            n="124-a-1420"
            ecep:lem="i"
            ecep:pos="pns11"
            ecep:reg="I"
            ecep:spe="I"
            ecep:syllab="1"
            ecep:pron="aɪ">I</w>
         <c> </c>
         <w xml:id="o3900-255700"
            n="124-a-1430"
            ecep:lem="be"
            ecep:pos="vbm"
            ecep:reg="am"
            ecep:spe="am"
            ecep:syllab="1"
            ecep:pron="æm">am</w>
         <pc xml:id="o3900-255710"
             n="124-a-1440"
             ecep:lem=","
             ecep:pos=","
             ecep:reg=","
             ecep:spe=",">,</pc>
      </l>
      <l xml:id="o3900-l12420">
         <c> </c>
         <w xml:id="o3900-255730"
            n="124-a-1460"
            ecep:lem="amid"
            ecep:pos="p-acp"
            ecep:reg="Midst"
            ecep:spe="'Midst"
            ecep:syllab="1"
            ecep:pron="mˈɪdst">'Midst</w>
         <c> </c>
         <w xml:id="o3900-255740"
            n="124-a-1470"
            ecep:lem="thousand"
            ecep:pos="crd"
            ecep:reg="thousand"
            ecep:spe="thousand"
            ecep:syllab="2"
            ecep:pron="ˈθaʊznd">thousand</w>
         <c> </c>
         <w xml:id="o3900-255750"
            n="124-a-1480"
            ecep:lem="lust"
            ecep:pos="n2"
            ecep:reg="Lusts"
            ecep:spe="Lusts"
            ecep:syllab="1"
            ecep:pron="lʌsts">Lusts</w>
         <c> </c>
         <w xml:id="o3900-255760"
            n="124-a-1490"
            ecep:lem="i"
            ecep:pos="pns11"
            ecep:reg="I"
            ecep:spe="I"
            ecep:syllab="1"
            ecep:pron="aɪ">I</w>
         <c> </c>
         <w xml:id="o3900-255770"
            n="124-a-1500"
            ecep:lem="still"
            ecep:pos="av"
            ecep:reg="still"
            ecep:spe="still"
            ecep:syllab="1"
            ecep:pron="stɪl">still</w>
         <c> </c>
         <w xml:id="o3900-255780"
            n="124-a-1510"
            ecep:lem="respire"
            ecep:pos="vvb"
            ecep:reg="respire"
            ecep:spe="respire"
            ecep:syllab="2"
            ecep:pron="rɪˈspæə">respire</w>
         <pc xml:id="o3900-255790"
             n="124-a-1520"
             ecep:lem=","
             ecep:pos=","
             ecep:reg=","
             ecep:spe=",">,</pc>
      </l>
      <l xml:id="o3900-l12425">
         <c> </c>
         <w xml:id="o3900-255800"
            n="124-a-1530"
            ecep:lem="and"
            ecep:pos="cc"
            ecep:reg="And"
            ecep:spe="And"
            ecep:syllab="1"
            ecep:pron="ænd">And</w>
         <c> </c>
         <w xml:id="o3900-255810"
            n="124-a-1540"
            ecep:lem="tremble"
            ecep:pos="vvi"
            ecep:reg="tremble"
            ecep:spe="tremble"
            ecep:syllab="2"
            ecep:pron="ˈtrembl">tremble</w>
         <pc xml:id="o3900-255820"
             n="124-a-1550"
             ecep:lem=","
             ecep:pos=","
             ecep:reg=","
             ecep:spe=",">,</pc>
         <c> </c>
         <w xml:id="o3900-255830"
            n="124-a-1560"
            ecep:lem="unconsumed"
            ecep:pos="j"
            ecep:reg="unconsumed"
            ecep:spe="unconsum'd"
            ecep:syllab="3"
            ecep:pron="ʌnkənˈsjuːmd">unconsum'd</w>
         <c> </c>
         <w xml:id="o3900-255840"
            n="124-a-1570"
            ecep:lem="in"
            ecep:pos="p-acp"
            ecep:reg="in"
            ecep:spe="in"
            ecep:syllab="1"
            ecep:pron="ɪn">in</w>
         <c> </c>
         <w xml:id="o3900-255850"
            n="124-a-1580"
            ecep:lem="fire"
            ecep:pos="n1"
            ecep:reg="Fire"
            ecep:spe="Fire"
            ecep:syllab="1"
            ecep:pron="fæə">Fire</w>
         <pc xml:id="o3900-255860"
             n="124-a-1590"
             unit="sentence"
             ecep:lem="."
             ecep:pos="."
             ecep:reg="."
             ecep:spe=".">.</pc>
         <c> </c>
      </l>
   </lg>
   <lg n="5" xml:id="o3900-s02350">
      <head>
         <w xml:id="o3900-255900"
            n="124-a-1600"
            ecep:lem="v."
            ecep:pos="crd"
            ecep:reg="V"
            ecep:spe="V."
            ecep:syllab="1"
            ecep:pron="viː">V.</w>
         <pc unit="sentence" xml:id="o3900-255900-eos" n="124-a-1610"/>
      </head>
      <l xml:id="o3900-l12430">
         <w xml:id="o3900-255920"
            n="124-a-1620"
            ecep:lem="suffer"
            ecep:pos="j-vvn"
            ecep:reg="Suffered"
            ecep:spe="Suffer'd"
            ecep:syllab="2"
            ecep:pron="ˈsʌfəd">Suffer'd</w>
         <c> </c>
         <w xml:id="o3900-255930"
            n="124-a-1630"
            ecep:lem="awhile"
            ecep:pos="av"
            ecep:reg="awhile"
            ecep:spe="awhile"
            ecep:syllab="2"
            ecep:pron="əˈwaɪl">awhile</w>
         <c> </c>
         <w xml:id="o3900-255940"
            n="124-a-1640"
            ecep:lem="to"
            ecep:pos="pc-acp"
            ecep:reg="to"
            ecep:spe="to"
            ecep:syllab="1"
            ecep:pron="tuː">to</w>
         <c> </c>
         <w xml:id="o3900-255950"
            n="124-a-1650"
            ecep:lem="want"
            ecep:pos="vvi"
            ecep:reg="want"
            ecep:spe="want"
            ecep:syllab="1"
            ecep:pron="wɒnt">want</w>
         <c> </c>
         <w xml:id="o3900-255960"
            n="124-a-1660"
            ecep:lem="my"
            ecep:pos="po11"
            ecep:reg="my"
            ecep:spe="my"
            ecep:syllab="1"
            ecep:pron="maɪ">my</w>
         <c> </c>
         <w xml:id="o3900-255970"
            n="124-a-1670"
            ecep:lem="god"
            ecep:pos="n1"
            ecep:reg="GOD"
            ecep:spe="GOD"
            ecep:syllab="1"
            ecep:pron="gɒd">GOD</w>
         <pc xml:id="o3900-255980"
             n="124-a-1680"
             ecep:lem=","
             ecep:pos=","
             ecep:reg=","
             ecep:spe=",">,</pc>
      </l>
      <l xml:id="o3900-l12435">
         <c> </c>
         <w xml:id="o3900-255990"
            n="124-a-1690"
            ecep:lem="to"
            ecep:pos="pc-acp"
            ecep:reg="To"
            ecep:spe="To"
            ecep:syllab="1"
            ecep:pron="tuː">To</w>
         <c> </c>
         <w xml:id="o3900-256000"
            n="124-a-1700"
            ecep:lem="groan"
            ecep:pos="vvi"
            ecep:reg="groan"
            ecep:spe="groan"
            ecep:syllab="1"
            ecep:pron="grəʊn">groan</w>
         <c> </c>
         <w xml:id="o3900-256010"
            n="124-a-1710"
            ecep:lem="beneath"
            ecep:pos="p-acp"
            ecep:reg="beneath"
            ecep:spe="beneath"
            ecep:syllab="2"
            ecep:pron="bɪˈniːθ">beneath</w>
         <c> </c>
         <w xml:id="o3900-256020"
            n="124-a-1720"
            ecep:lem="my"
            ecep:pos="po11"
            ecep:reg="my"
            ecep:spe="my"
            ecep:syllab="1"
            ecep:pron="maɪ">my</w>
         <c> </c>
         <w xml:id="o3900-256030"
            n="124-a-1730"
            ecep:lem="nature"
            ecep:pos="ng1"
            ecep:reg="Nature's"
            ecep:spe="Nature's"
            ecep:syllab="2"
            ecep:pron="ˈneɪtʃəz">Nature's</w>
         <c> </c>
         <w xml:id="o3900-256040"
            n="124-a-1740"
            ecep:lem="load"
            ecep:pos="n1"
            ecep:reg="Load"
            ecep:spe="Load"
            ecep:syllab="1"
            ecep:pron="ləʊd">Load</w>
         <pc xml:id="o3900-256050"
             n="124-a-1750"
             ecep:lem=","
             ecep:pos=","
             ecep:reg=","
             ecep:spe=",">,</pc>
      </l>
      <l xml:id="o3900-l12440">
         <c> </c>
         <w xml:id="o3900-256060"
            n="124-a-1760"
            ecep:lem="that"
            ecep:pos="cst"
            ecep:reg="That"
            ecep:spe="That"
            ecep:syllab="1"
            ecep:pron="ðæt">That</w>
         <c> </c>
         <w xml:id="o3900-256070"
            n="124-a-1770"
            ecep:lem="all"
            ecep:pos="d"
            ecep:reg="All"
            ecep:spe="All"
            ecep:syllab="1"
            ecep:pron="ɔːl">All</w>
         <c> </c>
         <w xml:id="o3900-256080"
            n="124-a-1780"
            ecep:lem="may"
            ecep:pos="vmb"
            ecep:reg="may"
            ecep:spe="may"
            ecep:syllab="1"
            ecep:pron="meɪ">may</w>
         <c> </c>
         <w xml:id="o3900-256090"
            n="124-a-1790"
            ecep:lem="own"
            ecep:pos="vvi"
            ecep:reg="own"
            ecep:spe="own"
            ecep:syllab="1"
            ecep:pron="əʊn">own</w>
         <pc xml:id="o3900-256100"
             n="124-a-1800"
             ecep:lem=","
             ecep:pos=","
             ecep:reg=","
             ecep:spe=",">,</pc>
         <c> </c>
         <w xml:id="o3900-256110"
            n="124-a-1810"
            ecep:lem="that"
            ecep:pos="cst"
            ecep:reg="that"
            ecep:spe="that"
            ecep:syllab="1"
            ecep:pron="ðæt">that</w>
         <c> </c>
         <w xml:id="o3900-256120"
            n="124-a-1820"
            ecep:lem="all"
            ecep:pos="d"
            ecep:reg="All"
            ecep:spe="All"
            ecep:syllab="1"
            ecep:pron="ɔːl">All</w>
         <c> </c>
         <w xml:id="o3900-256130"
            n="124-a-1830"
            ecep:lem="may"
            ecep:pos="vmb"
            ecep:reg="may"
            ecep:spe="may"
            ecep:syllab="1"
            ecep:pron="meɪ">may</w>
         <c> </c>
         <w xml:id="o3900-256140"
            n="124-a-1840"
            ecep:lem="see"
            ecep:pos="vvi"
            ecep:reg="see"
            ecep:spe="see"
            ecep:syllab="1"
            ecep:pron="siː">see</w>
      </l>
      <l xml:id="o3900-l12445">
         <c> </c>
         <w xml:id="o3900-256150"
            n="124-a-1850"
            ecep:lem="the"
            ecep:pos="dt"
            ecep:reg="The"
            ecep:spe="Th'"
            ecep:syllab="0"
            ecep:pron="ð">Th'</w>
         <c> </c>
         <w xml:id="o3900-256160"
            n="124-a-1860"
            ecep:lem="ungodly"
            ecep:pos="j"
            ecep:reg="Ungodly"
            ecep:spe="Ungodly"
            ecep:syllab="3"
            ecep:pron="ʌnˈgɒdli">Ungodly</w>
         <c> </c>
         <w xml:id="o3900-256170"
            n="124-a-1870"
            ecep:lem="justify"
            ecep:pos="vvn"
            ecep:reg="justified"
            ecep:spe="justify'd"
            ecep:syllab="3"
            ecep:pron="ˈdʒʌstɪfaɪd">justify'd</w>
         <c> </c>
         <w xml:id="o3900-256180"
            n="124-a-1880"
            ecep:lem="in"
            ecep:pos="p-acp"
            ecep:reg="in"
            ecep:spe="in"
            ecep:syllab="1"
            ecep:pron="ɪn">in</w>
         <c> </c>
         <w xml:id="o3900-256190"
            n="124-a-1890"
            ecep:lem="i"
            ecep:pos="pno11"
            ecep:reg="Me"
            ecep:spe="Me"
            ecep:syllab="1"
            ecep:pron="miː">Me</w>
         <pc xml:id="o3900-256200"
             n="124-a-1900"
             unit="sentence"
             ecep:lem="."
             ecep:pos="."
             ecep:reg="."
             ecep:spe=".">.</pc>
         <c> </c>
      </l>
   </lg>
</div>
