<?xml version="1.0" encoding="UTF-8"?>
<?xml-model href="../tei_all.rnc" type="application/relax-ng-compact-syntax"?>
<TEI xmlns="http://www.tei-c.org/ns/1.0">
   <teiHeader>
      <fileDesc>
         <titleStmt>
            <title corresp="#txt_ChatTh1752_w0025">ACROSTIC ON MISS [ELEANOR HOYLAND]. 1768.</title>
            <author corresp="authors.xml#aut_ChatTh1752">Thomas Chatterton</author>
            <respStmt>
               <name xml:id="AH">Alexander Huber</name>
               <resp>Editor</resp>
            </respStmt>
            <funder>
               <name type="institution" xml:id="BOD">Bodleian Libraries, University of Oxford</name>
               <address>
                  <addrLine>Broad Street</addrLine>
                  <addrLine>Oxford OX1 3BG</addrLine>
                  <addrLine>UK</addrLine>
               </address>
            </funder>
         </titleStmt>
         <publicationStmt>
            <publisher xml:id="ECPA">Eighteenth-Century Poetry Archive</publisher>
            <address>
               <addrLine>Taylor Institution Library</addrLine>
               <addrLine>St Giles'</addrLine>
               <addrLine>Oxford OX1 3NA</addrLine>
               <addrLine>UK</addrLine>
               <addrLine>
                  <email>info@eighteenthcenturypoetry.org</email>
               </addrLine>
               <addrLine>
                  <ref target="https://www.eighteenthcenturypoetry.org/">https://www.eighteenthcenturypoetry.org/</ref>
               </addrLine>
            </address>
            <pubPlace>Oxford</pubPlace>
            <availability status="restricted">
               <licence target="http://creativecommons.org/licenses/by-sa/3.0/">This work is licensed under a Creative Commons Attribution-ShareAlike 3.0 Unported License.</licence>
            </availability>
            <idno type="ESTC">T48948</idno>
            <idno type="TCP">K045459.000</idno>
         </publicationStmt>
         <sourceDesc>
            <bibl>
               <author>Chatterton, Thomas, 1752-1770.</author>
               <title>A Supplement to the Miscellanies of Thomas Chatterton</title>
               <pubPlace>London</pubPlace>
               <publisher>printed for T. Becket, in Pall-Mall; Bookseller to His Royal Highness the Prince of Wales, and Their Royal Highnesses the Princes. MDCCLXXXIV.</publisher>
               <date>1784</date>
               <biblScope>p. 8.</biblScope>
               <extent>[6],ii,88p.; 8⁰.</extent>
            </bibl>
         </sourceDesc>
      </fileDesc>
      <encodingDesc>
         <projectDesc>
            <p>This e-text is part of the Works section of the Eighteenth-Century Poetry Archive (ECPA).</p>
            <p>XML created for the Eighteenth-Century Poetry Archive (ECPA).</p>
         </projectDesc>
         <editorialDecl>
            <p>The text has been typographically modernized, but without any silent modernization of
						spelling, capitalization, or punctuation. The source of the text is given and all editorial interventions
						have been recorded in textual notes. Based on the electronic text originally produced by the TCP project, this  text has been edited to conform to the recommendations found in Level 5 of the
						Best Practices for TEI in Libraries version 4.0.0.
					</p>
         </editorialDecl>
         <classDecl>
            <taxonomy xml:id="LCNAF">
               <bibl>Library of Congress Name Authority File (<abbr>LCNAF</abbr>)</bibl>
            </taxonomy>
         </classDecl>
         <tagsDecl>
            <rendition n="linegroups indented" xml:id="lgindent" scheme="css">text-indent: 1em;</rendition>
            <rendition n="linegroups vertically spaced" xml:id="lgvspace" scheme="css">margin-bottom: 1em;</rendition>
            <rendition n="aligned centrally" xml:id="align-center" scheme="css">text-align: center;</rendition>
            <rendition n="aligned right" xml:id="align-right" scheme="css">text-align: right;</rendition>
            <rendition n="aligned left" xml:id="align-left" scheme="css">text-align: left;</rendition>
            <rendition n="inline" xml:id="inline" scheme="css">display: inline</rendition>
            <rendition n="italic" xml:id="i" scheme="css">font-style: italic;</rendition>
            <rendition n="bold" xml:id="b" scheme="css">font-weight: bold;</rendition>
         </tagsDecl>
      </encodingDesc>
   </teiHeader>
   <text>
      <body>
         <div xmlns:ecep="http://www.eighteenthcenturypoetry.org/ns"
              xmlns:tei="http://www.tei-c.org/ns/1.0"
              ana="#iamb #pentameter #couplet #heroiccouplet #pair #address"
              corresp="#txt_ChatTh1752_w0025"
              decls="#semi-normalized"
              ecep:syllab="10"
              met="-+|-+|-+|-+|-+/"
              rendition="#lgvspace"
              rhyme="aa"
              subtype="eceptext"
              type="poem"
              xml:id="o4198-w0040">
            <link target="authors.xml#aut_ChatTh1752" type="author"/>
            <head type="main">
               <w xml:id="o4198-010770"
                  n="13-a-0010"
                  ecep:lem="acrostic"
                  ecep:pos="j"
                  ecep:reg="ACROSTIC"
                  ecep:spe="ACROSTIC"
                  ecep:syllab="3"
                  ecep:pron="əˈkrɒstɪk">ACROSTIC</w>
               <c> </c>
               <w xml:id="o4198-010780"
                  n="13-a-0020"
                  ecep:lem="on"
                  ecep:pos="p-acp"
                  ecep:reg="ON"
                  ecep:spe="ON"
                  ecep:syllab="1"
                  ecep:pron="ɒn">ON</w>
               <c> </c>
               <w xml:id="o4198-010790"
                  n="13-a-0030"
                  ecep:lem="miss"
                  ecep:pos="n1"
                  ecep:reg="MISS"
                  ecep:spe="MISS"
                  ecep:syllab="1"
                  ecep:pron="mɪs">MISS</w>
               <c> </c>
               <pc xml:id="o4198-010791"
                   n="15-a-0080"
                   ecep:lem="["
                   ecep:pos="["
                   ecep:reg="["
                   ecep:spe="[">[</pc>
               <w xml:id="o4198-10792"
                  n="15-a-0090"
                  ecep:lem="Eleanor"
                  ecep:pos="np1"
                  ecep:reg="ELEANOR"
                  ecep:spe="ELEANOR"
                  ecep:syllab="3"
                  ecep:pron="ˈelɪnə">ELEANOR</w>
               <c> </c>
               <w xml:id="o4198-010793"
                  n="15-a-0090"
                  ecep:lem="Hoyland"
                  ecep:pos="np1"
                  ecep:reg="HOYLAND"
                  ecep:spe="HOYLAND"
                  ecep:syllab="2"
                  ecep:pron="hˈɔɪlænd">HOYLAND</w>
               <pc xml:id="o4198-10794"
                   n="15-a-0100"
                   ecep:lem="]"
                   ecep:pos="]"
                   ecep:reg="]"
                   ecep:spe="]">]</pc>
               <pc xml:id="o4198-010800"
                   n="13-a-0040"
                   unit="sentence"
                   ecep:lem="."
                   ecep:pos="."
                   ecep:reg="."
                   ecep:spe=".">.</pc>
            </head>
            <head type="sub">
               <date>
                  <w xml:id="o4198-010830"
                     n="13-a-0050"
                     ecep:lem="1768."
                     ecep:pos="crd"
                     ecep:reg="1768."
                     ecep:spe="1768."
                     ecep:syllab="1"
                     ecep:pron="wˈɒnθˈaʊzəndsˈevənhˈʌndrədənsˈɪkstiˈeɪt">1768.</w>
                  <pc unit="sentence" xml:id="o4198-010830-eos" n="13-a-0060"/>
               </date>
            </head>
            <lg xml:id="o4198-s00045">
               <l xml:id="o4198-l00365">
                  <w xml:id="o4198-010860"
                     n="13-a-0070"
                     ecep:lem="enchant"
                     ecep:pos="vvg"
                     ecep:reg="ENCHANTING"
                     ecep:spe="ENCHANTING"
                     ecep:syllab="3"
                     ecep:pron="ɪnˈtʃɑːntɪŋ">ENCHANTING</w>
                  <c> </c>
                  <w xml:id="o4198-010870"
                     n="13-a-0080"
                     ecep:lem="be"
                     ecep:pos="vbz"
                     ecep:reg="is"
                     ecep:spe="is"
                     ecep:syllab="1"
                     ecep:pron="ɪz">is</w>
                  <c> </c>
                  <w xml:id="o4198-010880"
                     n="13-a-0090"
                     ecep:lem="the"
                     ecep:pos="dt"
                     ecep:reg="the"
                     ecep:spe="the"
                     ecep:syllab="1"
                     ecep:pron="ðiː">the</w>
                  <c> </c>
                  <w xml:id="o4198-010890"
                     n="13-a-0100"
                     ecep:lem="mighty"
                     ecep:pos="j"
                     ecep:reg="mighty"
                     ecep:spe="mighty"
                     ecep:syllab="2"
                     ecep:pron="ˈmaɪti">mighty</w>
                  <c> </c>
                  <w xml:id="o4198-010900"
                     n="13-a-0110"
                     ecep:lem="power"
                     ecep:pos="n1"
                     ecep:reg="power"
                     ecep:spe="power"
                     ecep:syllab="1"
                     ecep:pron="ˈpaʊə">power</w>
                  <c> </c>
                  <w xml:id="o4198-010910"
                     n="13-a-0120"
                     ecep:lem="of"
                     ecep:pos="pp-f"
                     ecep:reg="of"
                     ecep:spe="of"
                     ecep:syllab="1"
                     ecep:pron="ɒv">of</w>
                  <c> </c>
                  <w xml:id="o4198-010920"
                     n="13-a-0130"
                     ecep:lem="love"
                     ecep:pos="n1"
                     ecep:reg="Love"
                     ecep:spe="Love"
                     ecep:syllab="1"
                     ecep:pron="lʌv">Love</w>
                  <pc xml:id="o4198-010930"
                      n="13-a-0140"
                      ecep:lem=";"
                      ecep:pos=";"
                      ecep:reg=";"
                      ecep:spe=";">;</pc>
               </l>
               <l xml:id="o4198-l00370">
                  <c> </c>
                  <w xml:id="o4198-010940"
                     n="13-a-0150"
                     ecep:lem="life"
                     ecep:pos="n1"
                     ecep:reg="Life"
                     ecep:spe="Life"
                     ecep:syllab="1"
                     ecep:pron="laɪf">Life</w>
                  <c> </c>
                  <w xml:id="o4198-010950"
                     n="13-a-0160"
                     ecep:lem="strip"
                     ecep:pos="vvd"
                     ecep:reg="stripped"
                     ecep:spe="stript"
                     ecep:syllab="1"
                     ecep:pron="ˈstrɪpt">stript</w>
                  <c> </c>
                  <w xml:id="o4198-010960"
                     n="13-a-0170"
                     ecep:lem="of"
                     ecep:pos="pp-f"
                     ecep:reg="of"
                     ecep:spe="of"
                     ecep:syllab="1"
                     ecep:pron="ɒv">of</w>
                  <c> </c>
                  <w xml:id="o4198-010970"
                     n="13-a-0180"
                     ecep:lem="amorous"
                     ecep:pos="j"
                     ecep:reg="amorous"
                     ecep:spe="amorous"
                     ecep:syllab="3"
                     ecep:pron="ˈæmrəs">amorous</w>
                  <c> </c>
                  <w xml:id="o4198-010980"
                     n="13-a-0190"
                     ecep:lem="joy"
                     ecep:pos="n2"
                     ecep:reg="joys"
                     ecep:spe="joys"
                     ecep:syllab="1"
                     ecep:pron="dʒɔɪz">joys</w>
                  <c> </c>
                  <w xml:id="o4198-010990"
                     n="13-a-0200"
                     ecep:lem="will"
                     ecep:pos="vmd"
                     ecep:reg="would"
                     ecep:spe="would"
                     ecep:syllab="1"
                     ecep:pron="wʊd">would</w>
                  <c> </c>
                  <w xml:id="o4198-011000"
                     n="13-a-0210"
                     ecep:lem="irksome"
                     ecep:pos="j"
                     ecep:reg="irksome"
                     ecep:spe="irksome"
                     ecep:syllab="2"
                     ecep:pron="ˈɜːksəm">irksome</w>
                  <c> </c>
                  <w xml:id="o4198-011010"
                     n="13-a-0220"
                     ecep:lem="prove"
                     ecep:pos="vvi"
                     ecep:reg="prove"
                     ecep:spe="prove"
                     ecep:syllab="1"
                     ecep:pron="pruːv">prove</w>
                  <pc xml:id="o4198-011020"
                      n="13-a-0230"
                      ecep:lem=";"
                      ecep:pos=";"
                      ecep:reg=";"
                      ecep:spe=";">;</pc>
               </l>
               <l xml:id="o4198-l00375">
                  <c> </c>
                  <w xml:id="o4198-011030"
                     n="13-a-0240"
                     ecep:lem="even"
                     ecep:pos="av-j"
                     ecep:reg="Even"
                     ecep:spe="Ev'n"
                     ecep:syllab="1"
                     ecep:pron="ˈiːvn">Ev'n</w>
                  <c> </c>
                  <w xml:id="o4198-011040"
                     n="13-a-0250"
                     ecep:lem="heaven"
                     ecep:pos="ng1"
                     ecep:reg="Heaven's"
                     ecep:spe="Heaven's"
                     ecep:syllab="2"
                     ecep:pron="ˈhevnz">Heaven's</w>
                  <c> </c>
                  <w xml:id="o4198-011050"
                     n="13-a-0260"
                     ecep:lem="great"
                     ecep:pos="j"
                     ecep:reg="great"
                     ecep:spe="great"
                     ecep:syllab="1"
                     ecep:pron="greɪt">great</w>
                  <c> </c>
                  <w xml:id="o4198-011060"
                     n="13-a-0270"
                     ecep:lem="thunderer"
                     ecep:pos="n1"
                     ecep:reg="Thunderer"
                     ecep:spe="Thund'rer"
                     ecep:syllab="2"
                     ecep:pron="θˈʌndrə">Thund'rer</w>
                  <c> </c>
                  <w xml:id="o4198-011070"
                     n="13-a-0280"
                     ecep:lem="wore"
                     ecep:pos="vvz"
                     ecep:reg="woreth"
                     ecep:spe="woreth"
                     ecep:syllab="2"
                     ecep:pron="wˈɜːrəθ">woreth</w>
                  <c> </c>
                  <pc xml:id="o4198-011080"
                      n="13-a-0290"
                      ecep:lem="'"
                      ecep:pos="'"
                      ecep:reg="'"
                      ecep:spe="'">'</pc>
                  <w xml:id="o4198-011090"
                     n="13-a-0300"
                     ecep:lem="easy"
                     ecep:pos="j"
                     ecep:reg="easy"
                     ecep:spe="easy"
                     ecep:syllab="2"
                     ecep:pron="ˈiːzi">easy</w>
                  <c> </c>
                  <w xml:id="o4198-011100"
                     n="13-a-0310"
                     ecep:lem="chain"
                     ecep:pos="n1"
                     ecep:reg="chain"
                     ecep:spe="chain"
                     ecep:syllab="1"
                     ecep:pron="tʃeɪn">chain</w>
                  <pc xml:id="o4198-011110"
                      n="13-a-0320"
                      ecep:lem=","
                      ecep:pos=","
                      ecep:reg=","
                      ecep:spe=",">,</pc>
               </l>
               <l xml:id="o4198-l00380">
                  <c> </c>
                  <w xml:id="o4198-011120"
                     n="13-a-0330"
                     ecep:lem="and"
                     ecep:pos="cc"
                     ecep:reg="And"
                     ecep:spe="And"
                     ecep:syllab="1"
                     ecep:pron="ænd">And</w>
                  <c> </c>
                  <w xml:id="o4198-011130"
                     n="13-a-0340"
                     ecep:lem="over"
                     ecep:pos="p-acp"
                     ecep:reg="over"
                     ecep:spe="over"
                     ecep:syllab="2"
                     ecep:pron="ˈəʊvə">over</w>
                  <c> </c>
                  <w xml:id="o4198-011140"
                     n="13-a-0350"
                     ecep:lem="all"
                     ecep:pos="d"
                     ecep:reg="all"
                     ecep:spe="all"
                     ecep:syllab="1"
                     ecep:pron="ɔːl">all</w>
                  <c> </c>
                  <w xml:id="o4198-011150"
                     n="13-a-0360"
                     ecep:lem="the"
                     ecep:pos="dt"
                     ecep:reg="the"
                     ecep:spe="the"
                     ecep:syllab="1"
                     ecep:pron="ðiː">the</w>
                  <c> </c>
                  <w xml:id="o4198-011160"
                     n="13-a-0370"
                     ecep:lem="world"
                     ecep:pos="n1"
                     ecep:reg="world"
                     ecep:spe="world"
                     ecep:syllab="1"
                     ecep:pron="wɜːld">world</w>
                  <pc xml:id="o4198-011170"
                      n="13-a-0380"
                      ecep:lem=","
                      ecep:pos=","
                      ecep:reg=","
                      ecep:spe=",">,</pc>
                  <c> </c>
                  <w xml:id="o4198-011180"
                     n="13-a-0390"
                     ecep:lem="love"
                     ecep:pos="np1-n"
                     ecep:reg="Love"
                     ecep:spe="Love"
                     ecep:syllab="1"
                     ecep:pron="lʌv">Love</w>
                  <c> </c>
                  <w xml:id="o4198-011190"
                     n="13-a-0400"
                     ecep:lem="keep"
                     ecep:pos="vvz"
                     ecep:reg="keeps"
                     ecep:spe="keeps"
                     ecep:syllab="1"
                     ecep:pron="kiːps">keeps</w>
                  <c> </c>
                  <w xml:id="o4198-011200"
                     n="13-a-0410"
                     ecep:lem="his"
                     ecep:pos="po31"
                     ecep:reg="his"
                     ecep:spe="his"
                     ecep:syllab="1"
                     ecep:pron="hɪz">his</w>
                  <c> </c>
                  <w xml:id="o4198-011210"
                     n="13-a-0420"
                     ecep:lem="reign"
                     ecep:pos="n1"
                     ecep:reg="reign"
                     ecep:spe="reign"
                     ecep:syllab="1"
                     ecep:pron="reɪn">reign</w>
                  <pc xml:id="o4198-011220"
                      n="13-a-0430"
                      ecep:lem=";"
                      ecep:pos=";"
                      ecep:reg=";"
                      ecep:spe=";">;</pc>
               </l>
               <l xml:id="o4198-l00385">
                  <c> </c>
                  <w xml:id="o4198-011230"
                     n="13-a-0440"
                     ecep:lem="no"
                     ecep:pos="uh-x"
                     ecep:reg="No"
                     ecep:spe="No"
                     ecep:syllab="1"
                     ecep:pron="nəʊ">No</w>
                  <c> </c>
                  <w xml:id="o4198-011240"
                     n="13-a-0450"
                     ecep:lem="human"
                     ecep:pos="j"
                     ecep:reg="human"
                     ecep:spe="human"
                     ecep:syllab="2"
                     ecep:pron="ˈhjuːmən">human</w>
                  <c> </c>
                  <w xml:id="o4198-011250"
                     n="13-a-0460"
                     ecep:lem="heart"
                     ecep:pos="n1"
                     ecep:reg="heart"
                     ecep:spe="heart"
                     ecep:syllab="1"
                     ecep:pron="hɑːt">heart</w>
                  <c> </c>
                  <w xml:id="o4198-011260"
                     n="13-a-0470"
                     ecep:lem="can"
                     ecep:pos="vmb"
                     ecep:reg="can"
                     ecep:spe="can"
                     ecep:syllab="1"
                     ecep:pron="kæn">can</w>
                  <c> </c>
                  <w xml:id="o4198-011270"
                     n="13-a-0480"
                     ecep:lem="bear"
                     ecep:pos="vvi"
                     ecep:reg="bear"
                     ecep:spe="bear"
                     ecep:syllab="1"
                     ecep:pron="beə">bear</w>
                  <c> </c>
                  <w xml:id="o4198-011280"
                     n="13-a-0490"
                     ecep:lem="the"
                     ecep:pos="dt"
                     ecep:reg="the"
                     ecep:spe="the"
                     ecep:syllab="1"
                     ecep:pron="ðiː">the</w>
                  <c> </c>
                  <w xml:id="o4198-011290"
                     n="13-a-0500"
                     ecep:lem="pierce"
                     ecep:pos="j-vvg"
                     ecep:reg="piercing"
                     ecep:spe="piercing"
                     ecep:syllab="2"
                     ecep:pron="pɪəsɪŋ">piercing</w>
                  <c> </c>
                  <w xml:id="o4198-011300"
                     n="13-a-0510"
                     ecep:lem="blade"
                     ecep:pos="n1"
                     ecep:reg="blade"
                     ecep:spe="blade"
                     ecep:syllab="1"
                     ecep:pron="bleɪd">blade</w>
                  <pc xml:id="o4198-011310"
                      n="13-a-0520"
                      ecep:lem=","
                      ecep:pos=","
                      ecep:reg=","
                      ecep:spe=",">,</pc>
               </l>
               <l xml:id="o4198-l00390">
                  <c> </c>
                  <w xml:id="o4198-011320"
                     n="13-a-0530"
                     ecep:lem="or"
                     ecep:pos="cc"
                     ecep:reg="Or"
                     ecep:spe="Or"
                     ecep:syllab="1"
                     ecep:pron="ɔː">Or</w>
                  <c> </c>
                  <w xml:id="o4198-011330"
                     n="13-a-0540"
                     ecep:lem="i"
                     ecep:pos="pns11"
                     ecep:reg="I"
                     ecep:spe="I"
                     ecep:syllab="1"
                     ecep:pron="aɪ">I</w>
                  <c> </c>
                  <w xml:id="o4198-011340"
                     n="13-a-0550"
                     ecep:lem="than"
                     ecep:pos="cs"
                     ecep:reg="than"
                     ecep:spe="than"
                     ecep:syllab="1"
                     ecep:pron="ðæn">than</w>
                  <c> </c>
                  <w xml:id="o4198-011350"
                     n="13-a-0560"
                     ecep:lem="other"
                     ecep:pos="n2-jn"
                     ecep:reg="others"
                     ecep:spe="others"
                     ecep:syllab="2"
                     ecep:pron="ˈʌðəz">others</w>
                  <pc xml:id="o4198-011360"
                      n="13-a-0570"
                      ecep:lem=","
                      ecep:pos=","
                      ecep:reg=","
                      ecep:spe=",">,</pc>
                  <c> </c>
                  <w xml:id="o4198-011370"
                     n="13-a-0580"
                     ecep:lem="be"
                     ecep:pos="vbm"
                     ecep:reg="am"
                     ecep:spe="am"
                     ecep:syllab="1"
                     ecep:pron="æm">am</w>
                  <c> </c>
                  <w xml:id="o4198-011380"
                     n="13-a-0590"
                     ecep:lem="more"
                     ecep:pos="av-dc"
                     ecep:reg="more"
                     ecep:spe="more"
                     ecep:syllab="1"
                     ecep:pron="mɔː">more</w>
                  <c> </c>
                  <w xml:id="o4198-011390"
                     n="13-a-0600"
                     ecep:lem="tender"
                     ecep:pos="j"
                     ecep:reg="tender"
                     ecep:spe="tender"
                     ecep:syllab="2"
                     ecep:pron="ˈtendə">tender</w>
                  <c> </c>
                  <w xml:id="o4198-011400"
                     n="13-a-0610"
                     ecep:lem="make"
                     ecep:pos="vvn"
                     ecep:reg="made"
                     ecep:spe="made"
                     ecep:syllab="1"
                     ecep:pron="meɪd">made</w>
                  <pc xml:id="o4198-011410"
                      n="13-a-0620"
                      unit="sentence"
                      ecep:lem="."
                      ecep:pos="."
                      ecep:reg="."
                      ecep:spe=".">.</pc>
                  <c> </c>
               </l>
               <l xml:id="o4198-l00395">
                  <w xml:id="o4198-011420"
                     n="13-a-0630"
                     ecep:lem="right"
                     ecep:pos="av-jn"
                     ecep:reg="Right"
                     ecep:spe="Right"
                     ecep:syllab="1"
                     ecep:pron="raɪt">Right</w>
                  <c> </c>
                  <w xml:id="o4198-011430"
                     n="13-a-0640"
                     ecep:lem="through"
                     ecep:pos="p-acp"
                     ecep:reg="through"
                     ecep:spe="thro'"
                     ecep:syllab="1"
                     ecep:pron="θruː">thro'</w>
                  <c> </c>
                  <w xml:id="o4198-011440"
                     n="13-a-0650"
                     ecep:lem="my"
                     ecep:pos="po11"
                     ecep:reg="my"
                     ecep:spe="my"
                     ecep:syllab="1"
                     ecep:pron="maɪ">my</w>
                  <c> </c>
                  <w xml:id="o4198-011450"
                     n="13-a-0660"
                     ecep:lem="heart"
                     ecep:pos="n1"
                     ecep:reg="heart"
                     ecep:spe="heart"
                     ecep:syllab="1"
                     ecep:pron="hɑːt">heart</w>
                  <c> </c>
                  <w xml:id="o4198-011460"
                     n="13-a-0670"
                     ecep:lem="a"
                     ecep:pos="dt"
                     ecep:reg="a"
                     ecep:spe="a"
                     ecep:syllab="1"
                     ecep:pron="ə">a</w>
                  <c> </c>
                  <w xml:id="o4198-011470"
                     n="13-a-0680"
                     ecep:lem="burn"
                     ecep:pos="j-vvg"
                     ecep:reg="burning"
                     ecep:spe="burning"
                     ecep:syllab="2"
                     ecep:pron="bɜːnɪŋ">burning</w>
                  <c> </c>
                  <w xml:id="o4198-011480"
                     n="13-a-0690"
                     ecep:lem="arrow"
                     ecep:pos="n1"
                     ecep:reg="arrow"
                     ecep:spe="arrow"
                     ecep:syllab="2"
                     ecep:pron="ˈærəʊ">arrow</w>
                  <c> </c>
                  <w xml:id="o4198-011490"
                     n="13-a-0700"
                     ecep:lem="drive"
                     ecep:pos="vvd"
                     ecep:reg="drove"
                     ecep:spe="drove"
                     ecep:syllab="1"
                     ecep:pron="drəʊv">drove</w>
                  <pc xml:id="o4198-011500"
                      n="13-a-0710"
                      ecep:lem=","
                      ecep:pos=","
                      ecep:reg=","
                      ecep:spe=",">,</pc>
               </l>
            </lg>
            <lg xml:id="o4198-s00050">
               <l xml:id="o4198-l00400">
                  <w xml:id="o4198-011530"
                     n="13-a-0720"
                     ecep:lem="hoyland"
                     ecep:pos="npg1"
                     ecep:reg="Hoyland's"
                     ecep:spe="Hoyland's"
                     ecep:syllab="2"
                     ecep:pron="hˈɔɪlændz">Hoyland's</w>
                  <c> </c>
                  <w xml:id="o4198-011540"
                     n="13-a-0730"
                     ecep:lem="bright"
                     ecep:pos="j"
                     ecep:reg="bright"
                     ecep:spe="bright"
                     ecep:syllab="1"
                     ecep:pron="braɪt">bright</w>
                  <c> </c>
                  <w xml:id="o4198-011550"
                     n="13-a-0740"
                     ecep:lem="eye"
                     ecep:pos="n2"
                     ecep:reg="eyes"
                     ecep:spe="eyes"
                     ecep:syllab="1"
                     ecep:pron="aɪz">eyes</w>
                  <pc xml:id="o4198-011560"
                      n="13-a-0750"
                      ecep:lem=","
                      ecep:pos=","
                      ecep:reg=","
                      ecep:spe=",">,</pc>
                  <c> </c>
                  <w xml:id="o4198-011570"
                     n="13-a-0760"
                     ecep:lem="be"
                     ecep:pos="vbdr"
                     ecep:reg="were"
                     ecep:spe="were"
                     ecep:syllab="1"
                     ecep:pron="wɜː">were</w>
                  <c> </c>
                  <w xml:id="o4198-011580"
                     n="13-a-0770"
                     ecep:lem="make"
                     ecep:pos="vvn"
                     ecep:reg="made"
                     ecep:spe="made"
                     ecep:syllab="1"
                     ecep:pron="meɪd">made</w>
                  <c> </c>
                  <w xml:id="o4198-011590"
                     n="13-a-0780"
                     ecep:lem="the"
                     ecep:pos="dt"
                     ecep:reg="the"
                     ecep:spe="the"
                     ecep:syllab="1"
                     ecep:pron="ðiː">the</w>
                  <c> </c>
                  <w xml:id="o4198-011600"
                     n="13-a-0790"
                     ecep:lem="bow"
                     ecep:pos="n2"
                     ecep:reg="bows"
                     ecep:spe="bows"
                     ecep:syllab="1"
                     ecep:pron="bəʊz">bows</w>
                  <c> </c>
                  <w xml:id="o4198-011610"
                     n="13-a-0800"
                     ecep:lem="of"
                     ecep:pos="pp-f"
                     ecep:reg="of"
                     ecep:spe="of"
                     ecep:syllab="1"
                     ecep:pron="ɒv">of</w>
                  <c> </c>
                  <w xml:id="o4198-011620"
                     n="13-a-0810"
                     ecep:lem="love"
                     ecep:pos="n1"
                     ecep:reg="Love"
                     ecep:spe="Love"
                     ecep:syllab="1"
                     ecep:pron="lʌv">Love</w>
                  <pc xml:id="o4198-011630"
                      n="13-a-0820"
                      unit="sentence"
                      ecep:lem="."
                      ecep:pos="."
                      ecep:reg="."
                      ecep:spe=".">.</pc>
                  <c> </c>
               </l>
               <l xml:id="o4198-l00405">
                  <w xml:id="o4198-011640"
                     n="13-a-0830"
                     ecep:lem="oh"
                     ecep:pos="uh"
                     ecep:reg="O"
                     ecep:spe="Oh"
                     ecep:syllab="1"
                     ecep:pron="əʊ">Oh</w>
                  <pc xml:id="o4198-011645"
                      n="13-a-0830"
                      ecep:lem="!"
                      ecep:pos="!"
                      ecep:reg="!"
                      ecep:spe="!">!</pc>
                  <c> </c>
                  <w xml:id="o4198-011650"
                     n="13-a-0840"
                     ecep:lem="torture"
                     ecep:pos="n1"
                     ecep:reg="torture"
                     ecep:spe="torture"
                     ecep:syllab="2"
                     ecep:pron="ˈtɔːtʃə">torture</w>
                  <pc xml:id="o4198-011660"
                      n="13-a-0850"
                      ecep:lem=","
                      ecep:pos=","
                      ecep:reg=","
                      ecep:spe=",">,</pc>
                  <c> </c>
                  <w xml:id="o4198-011670"
                     n="13-a-0860"
                     ecep:lem="inexpressible"
                     ecep:pos="av-j"
                     ecep:reg="inexpressibly"
                     ecep:spe="inexpressibly"
                     ecep:syllab="5"
                     ecep:pron="ˌɪnɪkˈspresəbli">inexpressibly</w>
                  <c> </c>
                  <w xml:id="o4198-011680"
                     n="13-a-0870"
                     ecep:lem="severe"
                     ecep:pos="j"
                     ecep:reg="severe"
                     ecep:spe="severe"
                     ecep:syllab="2"
                     ecep:pron="sɪˈvɪə">severe</w>
                  <pc xml:id="o4198-011690"
                      n="13-a-0880"
                      unit="sentence"
                      ecep:lem="!"
                      ecep:pos="!"
                      ecep:reg="!"
                      ecep:spe="!">!</pc>
                  <c> </c>
               </l>
               <l xml:id="o4198-l00410">
                  <w xml:id="o4198-011700"
                     n="13-a-0890"
                     ecep:lem="you"
                     ecep:pos="pn22"
                     ecep:reg="You"
                     ecep:spe="You"
                     ecep:syllab="1"
                     ecep:pron="juː">You</w>
                  <c> </c>
                  <w xml:id="o4198-011710"
                     n="13-a-0900"
                     ecep:lem="be"
                     ecep:pos="vbr"
                     ecep:reg="are"
                     ecep:spe="are"
                     ecep:syllab="1"
                     ecep:pron="ɑː">are</w>
                  <c> </c>
                  <w xml:id="o4198-011720"
                     n="13-a-0910"
                     ecep:lem="the"
                     ecep:pos="dt"
                     ecep:reg="the"
                     ecep:spe="the"
                     ecep:syllab="1"
                     ecep:pron="ðiː">the</w>
                  <c> </c>
                  <w xml:id="o4198-011730"
                     n="13-a-0920"
                     ecep:lem="please"
                     ecep:pos="j-vvg"
                     ecep:reg="pleasing"
                     ecep:spe="pleasing"
                     ecep:syllab="2"
                     ecep:pron="pliːzɪŋ">pleasing</w>
                  <c> </c>
                  <w xml:id="o4198-011740"
                     n="13-a-0930"
                     ecep:lem="author"
                     ecep:pos="n1"
                     ecep:reg="Author"
                     ecep:spe="Author"
                     ecep:syllab="2"
                     ecep:pron="ˈɔːθə">Author</w>
                  <c> </c>
                  <w xml:id="o4198-011750"
                     n="13-a-0940"
                     ecep:lem="of"
                     ecep:pos="pp-f"
                     ecep:reg="of"
                     ecep:spe="of"
                     ecep:syllab="1"
                     ecep:pron="ɒv">of</w>
                  <c> </c>
                  <w xml:id="o4198-011760"
                     n="13-a-0950"
                     ecep:lem="my"
                     ecep:pos="po11"
                     ecep:reg="my"
                     ecep:spe="my"
                     ecep:syllab="1"
                     ecep:pron="maɪ">my</w>
                  <c> </c>
                  <w xml:id="o4198-011770"
                     n="13-a-0960"
                     ecep:lem="care"
                     ecep:pos="n1"
                     ecep:reg="care"
                     ecep:spe="care"
                     ecep:syllab="1"
                     ecep:pron="keə">care</w>
                  <pc xml:id="o4198-011780"
                      n="13-a-0970"
                      ecep:lem=";"
                      ecep:pos=";"
                      ecep:reg=";"
                      ecep:spe=";">;</pc>
               </l>
               <l xml:id="o4198-l00415">
                  <c> </c>
                  <w xml:id="o4198-011790"
                     n="13-a-0980"
                     ecep:lem="look"
                     ecep:pos="vvb"
                     ecep:reg="Look"
                     ecep:spe="Look"
                     ecep:syllab="1"
                     ecep:pron="lʊk">Look</w>
                  <c> </c>
                  <w xml:id="o4198-011800"
                     n="13-a-0990"
                     ecep:lem="down"
                     ecep:pos="a-acp"
                     ecep:reg="down"
                     ecep:spe="down"
                     ecep:syllab="1"
                     ecep:pron="daʊn">down</w>
                  <pc xml:id="o4198-011810"
                      n="13-a-1000"
                      ecep:lem=","
                      ecep:pos=","
                      ecep:reg=","
                      ecep:spe=",">,</pc>
                  <c> </c>
                  <w xml:id="o4198-011820"
                     n="13-a-1010"
                     ecep:lem="fair"
                     ecep:pos="j"
                     ecep:reg="fair"
                     ecep:spe="fair"
                     ecep:syllab="1"
                     ecep:pron="feə">fair</w>
                  <c> </c>
                  <w xml:id="o4198-011830"
                     n="13-a-1020"
                     ecep:lem="angel"
                     ecep:pos="n1"
                     ecep:reg="Angel"
                     ecep:spe="Angel"
                     ecep:syllab="2"
                     ecep:pron="ˈeɪndʒl">Angel</w>
                  <pc xml:id="o4198-011840"
                      n="13-a-1030"
                      ecep:lem=","
                      ecep:pos=","
                      ecep:reg=","
                      ecep:spe=",">,</pc>
                  <c> </c>
                  <w xml:id="o4198-011850"
                     n="13-a-1040"
                     ecep:lem="on"
                     ecep:pos="p-acp"
                     ecep:reg="on"
                     ecep:spe="on"
                     ecep:syllab="1"
                     ecep:pron="ɒn">on</w>
                  <c> </c>
                  <w xml:id="o4198-011860"
                     n="13-a-1050"
                     ecep:lem="a"
                     ecep:pos="dt"
                     ecep:reg="a"
                     ecep:spe="a"
                     ecep:syllab="1"
                     ecep:pron="ə">a</w>
                  <c> </c>
                  <w xml:id="o4198-011870"
                     n="13-a-1060"
                     ecep:lem="Swain"
                     ecep:pos="np1"
                     ecep:reg="Swain"
                     ecep:spe="Swain"
                     ecep:syllab="1"
                     ecep:pron="sweɪn">Swain</w>
                  <c> </c>
                  <w xml:id="o4198-011880"
                     n="13-a-1070"
                     ecep:lem="distress"
                     ecep:pos="vvd"
                     ecep:reg="distressed"
                     ecep:spe="distrest"
                     ecep:syllab="2"
                     ecep:pron="dɪˈstrest">distrest</w>
                  <pc xml:id="o4198-011890"
                      n="13-a-1080"
                      ecep:lem=","
                      ecep:pos=","
                      ecep:reg=","
                      ecep:spe=",">,</pc>
               </l>
               <l xml:id="o4198-l00420">
                  <c> </c>
                  <w xml:id="o4198-011900"
                     n="13-a-1090"
                     ecep:lem="a"
                     ecep:pos="dt"
                     ecep:reg="A"
                     ecep:spe="A"
                     ecep:syllab="1"
                     ecep:pron="ə">A</w>
                  <c> </c>
                  <w xml:id="o4198-011910"
                     n="13-a-1100"
                     ecep:lem="gracious"
                     ecep:pos="j"
                     ecep:reg="gracious"
                     ecep:spe="gracious"
                     ecep:syllab="2"
                     ecep:pron="ˈgreɪʃəs">gracious</w>
                  <c> </c>
                  <w xml:id="o4198-011920"
                     n="13-a-1110"
                     ecep:lem="smile"
                     ecep:pos="n1"
                     ecep:reg="smile"
                     ecep:spe="smile"
                     ecep:syllab="1"
                     ecep:pron="smaɪl">smile</w>
                  <c> </c>
                  <w xml:id="o4198-011930"
                     n="13-a-1120"
                     ecep:lem="from"
                     ecep:pos="p-acp"
                     ecep:reg="from"
                     ecep:spe="from"
                     ecep:syllab="1"
                     ecep:pron="frɒm">from</w>
                  <c> </c>
                  <w xml:id="o4198-011940"
                     n="13-a-1130"
                     ecep:lem="you"
                     ecep:pos="pn22"
                     ecep:reg="you"
                     ecep:spe="you"
                     ecep:syllab="1"
                     ecep:pron="juː">you</w>
                  <c> </c>
                  <w xml:id="o4198-011950"
                     n="13-a-1140"
                     ecep:lem="will"
                     ecep:pos="vmd"
                     ecep:reg="would"
                     ecep:spe="would"
                     ecep:syllab="1"
                     ecep:pron="wʊd">would</w>
                  <c> </c>
                  <w xml:id="o4198-011960"
                     n="13-a-1150"
                     ecep:lem="make"
                     ecep:pos="vvi"
                     ecep:reg="make"
                     ecep:spe="make"
                     ecep:syllab="1"
                     ecep:pron="meɪk">make</w>
                  <c> </c>
                  <w xml:id="o4198-011970"
                     n="13-a-1160"
                     ecep:lem="i"
                     ecep:pos="pno11"
                     ecep:reg="me"
                     ecep:spe="me"
                     ecep:syllab="1"
                     ecep:pron="miː">me</w>
                  <c> </c>
                  <w xml:id="o4198-011980"
                     n="13-a-1170"
                     ecep:lem="bless"
                     ecep:pos="vvn"
                     ecep:reg="blessed"
                     ecep:spe="blest"
                     ecep:syllab="1"
                     ecep:pron="blest">blest</w>
                  <pc xml:id="o4198-011990"
                      n="13-a-1180"
                      unit="sentence"
                      ecep:lem="."
                      ecep:pos="."
                      ecep:reg="."
                      ecep:spe=".">.</pc>
                  <c> </c>
               </l>
               <l xml:id="o4198-l00425">
                  <w xml:id="o4198-012000"
                     n="13-a-1190"
                     ecep:lem="nothing"
                     ecep:pos="pix"
                     ecep:reg="Nothing"
                     ecep:spe="Nothing"
                     ecep:syllab="2"
                     ecep:pron="ˈnʌθɪŋ">Nothing</w>
                  <c> </c>
                  <w xml:id="o4198-012010"
                     n="13-a-1200"
                     ecep:lem="but"
                     ecep:pos="p-acp"
                     ecep:reg="but"
                     ecep:spe="but"
                     ecep:syllab="1"
                     ecep:pron="bʌt">but</w>
                  <c> </c>
                  <w xml:id="o4198-012020"
                     n="13-a-1210"
                     ecep:lem="that"
                     ecep:pos="d"
                     ecep:reg="that"
                     ecep:spe="that"
                     ecep:syllab="1"
                     ecep:pron="ðæt">that</w>
                  <c> </c>
                  <w xml:id="o4198-012030"
                     n="13-a-1220"
                     ecep:lem="bless"
                     ecep:pos="j-vvn"
                     ecep:reg="blessed"
                     ecep:spe="blest"
                     ecep:syllab="1"
                     ecep:pron="blest">blest</w>
                  <c> </c>
                  <w xml:id="o4198-012040"
                     n="13-a-1230"
                     ecep:lem="favour"
                     ecep:pos="n1"
                     ecep:reg="favour"
                     ecep:spe="favour"
                     ecep:syllab="2"
                     ecep:pron="ˈfeɪvə">favour</w>
                  <c> </c>
                  <w xml:id="o4198-012050"
                     n="13-a-1240"
                     ecep:lem="still"
                     ecep:pos="vvz"
                     ecep:reg="stills"
                     ecep:spe="stills"
                     ecep:syllab="1"
                     ecep:pron="stɪlz">stills</w>
                  <c> </c>
                  <w xml:id="o4198-012060"
                     n="13-a-1250"
                     ecep:lem="my"
                     ecep:pos="po11"
                     ecep:reg="my"
                     ecep:spe="my"
                     ecep:syllab="1"
                     ecep:pron="maɪ">my</w>
                  <c> </c>
                  <w xml:id="o4198-012070"
                     n="13-a-1260"
                     ecep:lem="grief"
                     ecep:pos="n1"
                     ecep:reg="grief"
                     ecep:spe="grief"
                     ecep:syllab="1"
                     ecep:pron="griːf">grief</w>
                  <pc xml:id="o4198-012080"
                      n="13-a-1270"
                      ecep:lem=","
                      ecep:pos=","
                      ecep:reg=","
                      ecep:spe=",">,</pc>
               </l>
               <l xml:id="o4198-l00430">
                  <c> </c>
                  <w xml:id="o4198-012090"
                     n="13-a-1280"
                     ecep:lem="death"
                     ecep:pos="n1"
                     ecep:reg="Death"
                     ecep:spe="Death"
                     ecep:syllab="1"
                     ecep:pron="deθ">Death</w>
                  <pc xml:id="o4198-012100"
                      n="13-a-1290"
                      ecep:lem=","
                      ecep:pos=","
                      ecep:reg=","
                      ecep:spe=",">,</pc>
                  <c> </c>
                  <w xml:id="o4198-012110"
                     n="13-a-1300"
                     ecep:lem="that"
                     ecep:pos="cst"
                     ecep:reg="that"
                     ecep:spe="that"
                     ecep:syllab="1"
                     ecep:pron="ðæt">that</w>
                  <c> </c>
                  <w xml:id="o4198-012120"
                     n="13-a-1310"
                     ecep:lem="deny"
                     ecep:pos="vvd"
                     ecep:reg="denied"
                     ecep:spe="denied"
                     ecep:syllab="2"
                     ecep:pron="dɪˈnaɪd">denied</w>
                  <pc xml:id="o4198-012130"
                      n="13-a-1320"
                      ecep:lem=","
                      ecep:pos=","
                      ecep:reg=","
                      ecep:spe=",">,</pc>
                  <c> </c>
                  <w xml:id="o4198-012140"
                     n="13-a-1330"
                     ecep:lem="will"
                     ecep:pos="vmb"
                     ecep:reg="will"
                     ecep:spe="will"
                     ecep:syllab="1"
                     ecep:pron="wɪl">will</w>
                  <c> </c>
                  <w xml:id="o4198-012150"
                     n="13-a-1340"
                     ecep:lem="quick"
                     ecep:pos="av-j"
                     ecep:reg="quickly"
                     ecep:spe="quickly"
                     ecep:syllab="2"
                     ecep:pron="kwɪkli">quickly</w>
                  <c> </c>
                  <w xml:id="o4198-012160"
                     n="13-a-1350"
                     ecep:lem="give"
                     ecep:pos="vvi"
                     ecep:reg="give"
                     ecep:spe="give"
                     ecep:syllab="1"
                     ecep:pron="gɪv">give</w>
                  <c> </c>
                  <w xml:id="o4198-012170"
                     n="13-a-1360"
                     ecep:lem="relief"
                     ecep:pos="n1"
                     ecep:reg="relief"
                     ecep:spe="relief"
                     ecep:syllab="2"
                     ecep:pron="rɪˈliːf">relief</w>
                  <pc xml:id="o4198-012180"
                      n="13-a-1370"
                      unit="sentence"
                      ecep:lem="."
                      ecep:pos="."
                      ecep:reg="."
                      ecep:spe=".">.</pc>
                  <c> </c>
               </l>
            </lg>
         </div>
      </body>
   </text>
</TEI>
