<?xml version="1.0" encoding="utf-8"?>
<!DOCTYPE div
  SYSTEM "about:legacy-compat">
<div xmlns:tei="http://www.tei-c.org/ns/1.0"
     xmlns="http://www.tei-c.org/ns/1.0"
     xmlns:ecep="http://www.eighteenthcenturypoetry.org/ns"
     ana="#trochee #tetrameter #catalexis #quatrain #cross #song #panegyric"
     corresp="#txt_WelsLe1688_w0001"
     ecep:syllab="7.7.7.7"
     met="+-|+-|+-|+/         +-|+-|+-|+/         +-|+-|+-|+/         +-|+-|+-|+/"
     rendition="#lgvspace"
     rhyme="abab"
     subtype="eceptext"
     type="ode"
     xml:id="o5155-w0630"
     decls="#semi-normalized">
   <link target="authors.xml#aut_WelsLe1688" type="author"/>
   <link target="665" type="DMI"/>
   <head type="main">
      <w xml:id="o5155-586150"
         n="278-a-1030"
         ecep:lem="the"
         ecep:pos="dt"
         ecep:reg="The"
         ecep:spe="The"
         ecep:syllab="1"
         ecep:pron="ðiː">The</w>
      <c> </c>
      <w xml:id="o5155-586160"
         n="278-a-1040"
         ecep:lem="genius"
         ecep:pos="n1"
         ecep:reg="GENIUS"
         ecep:spe="GENIUS"
         ecep:syllab="2"
         ecep:pron="ˈdʒiːniəs">GENIUS</w>
      <pc xml:id="o5155-586170"
          n="278-a-1050"
          unit="sentence"
          ecep:lem="."
          ecep:pos="."
          ecep:reg="."
          ecep:spe=".">.</pc>
   </head>
   <head type="sub">
      <w xml:id="o5155-586200"
         n="278-a-1060"
         ecep:lem="a"
         ecep:pos="dt"
         ecep:reg="An"
         ecep:spe="An"
         ecep:syllab="1"
         ecep:pron="æn">An</w>
      <c> </c>
      <w xml:id="o5155-586210"
         n="278-a-1070"
         ecep:lem="ode"
         ecep:pos="n1"
         ecep:reg="ODE"
         ecep:spe="ODE"
         ecep:syllab="1"
         ecep:pron="əʊd">ODE</w>
      <pc xml:id="o5155-586220"
          n="278-a-1080"
          ecep:lem=","
          ecep:pos=","
          ecep:reg=","
          ecep:spe=",">,</pc>
      <c> </c>
      <w xml:id="o5155-586230"
         n="278-a-1090"
         ecep:lem="write"
         ecep:pos="vvn"
         ecep:reg="written"
         ecep:spe="written"
         ecep:syllab="2"
         ecep:pron="ˈrɪtn">written</w>
      <c> </c>
      <w xml:id="o5155-586240"
         n="278-a-1100"
         ecep:lem="in"
         ecep:pos="p-acp"
         ecep:reg="in"
         ecep:spe="in"
         ecep:syllab="1"
         ecep:pron="ɪn">in</w>
      <c> </c>
      <w xml:id="o5155-586250"
         n="278-a-1110"
         ecep:lem="1717"
         ecep:pos="crd"
         ecep:reg="1717"
         ecep:spe="1717"
         ecep:syllab="1"
         ecep:pron="wˈɒnθˈaʊzəndsˈevənhˈʌndrədənsˈevəntˌiːn">1717</w>
      <pc xml:id="o5155-586260"
          n="278-a-1120"
          ecep:lem=","
          ecep:pos=","
          ecep:reg=","
          ecep:spe=",">,</pc>
      <c> </c>
      <w xml:id="o5155-586270"
         n="278-a-1130"
         ecep:lem="on"
         ecep:pos="p-acp"
         ecep:reg="on"
         ecep:spe="on"
         ecep:syllab="1"
         ecep:pron="ɒn">on</w>
      <c> </c>
      <w xml:id="o5155-586280"
         n="278-a-1140"
         ecep:lem="occasion"
         ecep:pos="n1"
         ecep:reg="occasion"
         ecep:spe="occasion"
         ecep:syllab="3"
         ecep:pron="əˈkeɪʒn">occasion</w>
      <c> </c>
      <w xml:id="o5155-586290"
         n="278-a-1150"
         ecep:lem="of"
         ecep:pos="pp-f"
         ecep:reg="of"
         ecep:spe="of"
         ecep:syllab="1"
         ecep:pron="ɒv">of</w>
      <c> </c>
      <w xml:id="o5155-586300"
         n="278-a-1160"
         ecep:lem="the"
         ecep:pos="dt"
         ecep:reg="the"
         ecep:spe="the"
         ecep:syllab="1"
         ecep:pron="ðiː">the</w>
      <c> </c>
      <w xml:id="o5155-586310"
         n="278-a-1170"
         ecep:lem="duke"
         ecep:pos="n1"
         ecep:reg="Duke"
         ecep:spe="Duke"
         ecep:syllab="1"
         ecep:pron="djuːk">Duke</w>
      <c> </c>
      <w xml:id="o5155-586320"
         n="278-a-1180"
         ecep:lem="of"
         ecep:pos="pp-f"
         ecep:reg="of"
         ecep:spe="of"
         ecep:syllab="1"
         ecep:pron="ɒv">of</w>
      <c> </c>
      <w xml:id="o5155-586330"
         n="278-a-1190"
         ecep:lem="Marlborough"
         ecep:pos="npg1"
         ecep:reg="MARLBOROUGH'S"
         ecep:spe="MARLBOROUGH'S"
         ecep:syllab="3"
         ecep:pron="ˈmɑːlbərəz">MARLBOROUGH'S</w>
      <c> </c>
      <w xml:id="o5155-586340"
         n="278-a-1200"
         ecep:lem="apoplexy"
         ecep:pos="n1"
         ecep:reg="Apoplexy"
         ecep:spe="Apoplexy"
         ecep:syllab="4"
         ecep:pron="ˈæpəpleksi">Apoplexy</w>
      <pc xml:id="o5155-586350"
          n="278-a-1210"
          unit="sentence"
          ecep:lem="."
          ecep:pos="."
          ecep:reg="."
          ecep:spe=".">.</pc>
   </head>
   <lg n="1" xml:id="o5155-s03250">
      <head>
         <w xml:id="o5155-586390"
            n="278-a-1220"
            ecep:lem="i"
            ecep:pos="pns11"
            ecep:reg="I"
            ecep:spe="I."
            ecep:syllab="1"
            ecep:pron="ˈaɪ">I.</w>
         <pc unit="sentence" xml:id="o5155-586390-eos" n="278-a-1230"/>
      </head>
      <l xml:id="o5155-l31020">
         <w xml:id="o5155-586410"
            n="278-a-1240"
            ecep:lem="awful"
            ecep:pos="j"
            ecep:reg="AWFUL"
            ecep:spe="AWEFUL"
            ecep:syllab="3"
            ecep:pron="ˈɔːfl">AWEFUL</w>
         <c> </c>
         <corr resp="#AH">
            <w xml:id="o5155-586420"
               n="278-a-1250"
               ecep:lem="hero"
               ecep:pos="n1"
               ecep:reg="hero"
               ecep:spe="hero"
               ecep:syllab="2"
               ecep:pron="ˈhɪərəʊ">hero</w>
         </corr>
         <pc xml:id="o5155-586430"
             n="278-a-1260"
             ecep:lem=","
             ecep:pos=","
             ecep:reg=","
             ecep:spe=",">,</pc>
         <c> </c>
         <w xml:id="o5155-586440"
            n="278-a-1270"
            ecep:lem="marlb'rough"
            ecep:pos="np1"
            ecep:reg="Marlb'rough"
            ecep:spe="Marlb'rough"
            ecep:syllab="2"
            ecep:pron="ˈmɔːlbrə">Marlb'rough</w>
         <pc xml:id="o5155-586450"
             n="278-a-1280"
             ecep:lem=","
             ecep:pos=","
             ecep:reg=","
             ecep:spe=",">,</pc>
         <c> </c>
         <w xml:id="o5155-586460"
            n="278-a-1290"
            ecep:lem="rise"
            ecep:pos="vvb"
            ecep:reg="rise"
            ecep:spe="rise"
            ecep:syllab="1"
            ecep:pron="raɪz">rise</w>
         <pc xml:id="o5155-586470"
             n="278-a-1300"
             ecep:lem=":"
             ecep:pos=":"
             ecep:reg=":"
             ecep:spe=":">:</pc>
      </l>
      <l xml:id="o5155-l31025">
         <w xml:id="o5155-586480"
            n="278-a-1310"
            ecep:lem="sleepy"
            ecep:pos="j"
            ecep:reg="Sleepy"
            ecep:spe="Sleepy"
            ecep:syllab="2"
            ecep:pron="ˈsliːpi">Sleepy</w>
         <c> </c>
         <w xml:id="o5155-586490"
            n="278-a-1320"
            ecep:lem="charm"
            ecep:pos="n2"
            ecep:reg="charms"
            ecep:spe="charms"
            ecep:syllab="1"
            ecep:pron="tʃɑːmz">charms</w>
         <c> </c>
         <w xml:id="o5155-586500"
            n="278-a-1330"
            ecep:lem="i"
            ecep:pos="pns11"
            ecep:reg="I"
            ecep:spe="I"
            ecep:syllab="1"
            ecep:pron="aɪ">I</w>
         <c> </c>
         <w xml:id="o5155-586510"
            n="278-a-1340"
            ecep:lem="come"
            ecep:pos="vvb"
            ecep:reg="come"
            ecep:spe="come"
            ecep:syllab="1"
            ecep:pron="kʌm">come</w>
         <c> </c>
         <w xml:id="o5155-586520"
            n="278-a-1350"
            ecep:lem="to"
            ecep:pos="pc-acp"
            ecep:reg="to"
            ecep:spe="to"
            ecep:syllab="1"
            ecep:pron="tuː">to</w>
         <c> </c>
         <w xml:id="o5155-586530"
            n="278-a-1360"
            ecep:lem="break"
            ecep:pos="vvi"
            ecep:reg="break"
            ecep:spe="break"
            ecep:syllab="1"
            ecep:pron="breɪk">break</w>
         <pc xml:id="o5155-586540"
             n="278-a-1370"
             ecep:lem=":"
             ecep:pos=":"
             ecep:reg=":"
             ecep:spe=":">:</pc>
      </l>
      <l xml:id="o5155-l31030">
         <w xml:id="o5155-586550"
            n="278-a-1380"
            ecep:lem="high"
            ecep:pos="jc"
            ecep:reg="Higher"
            ecep:spe="Higher"
            ecep:syllab="2"
            ecep:pron="ˈhaɪə">Higher</w>
         <c> </c>
         <w xml:id="o5155-586560"
            n="278-a-1390"
            ecep:lem="turn"
            ecep:pos="vvb"
            ecep:reg="turn"
            ecep:spe="turn"
            ecep:syllab="1"
            ecep:pron="tɜːn">turn</w>
         <c> </c>
         <w xml:id="o5155-586570"
            n="278-a-1400"
            ecep:lem="thy"
            ecep:pos="po21"
            ecep:reg="thy"
            ecep:spe="thy"
            ecep:syllab="1"
            ecep:pron="ðaɪ">thy</w>
         <c> </c>
         <w xml:id="o5155-586580"
            n="278-a-1410"
            ecep:lem="languid"
            ecep:pos="j"
            ecep:reg="languid"
            ecep:spe="languid"
            ecep:syllab="2"
            ecep:pron="ˈlæŋgwɪd">languid</w>
         <c> </c>
         <w xml:id="o5155-586590"
            n="278-a-1420"
            ecep:lem="eye"
            ecep:pos="n2"
            ecep:reg="eyes"
            ecep:spe="eyes"
            ecep:syllab="1"
            ecep:pron="aɪz">eyes</w>
         <pc xml:id="o5155-586600"
             n="278-a-1430"
             ecep:lem=":"
             ecep:pos=":"
             ecep:reg=":"
             ecep:spe=":">:</pc>
      </l>
      <l xml:id="o5155-l31035">
         <w xml:id="o5155-586610"
            n="278-a-1440"
            ecep:lem="lo"
            ecep:pos="uh"
            ecep:reg="Lo"
            ecep:spe="Lo"
            ecep:syllab="1"
            ecep:pron="ləʊ">Lo</w>
         <pc xml:id="o5155-586620"
             n="278-a-1450"
             ecep:lem="!"
             ecep:pos="!"
             ecep:reg="!"
             ecep:spe="!">!</pc>
         <c> </c>
         <w xml:id="o5155-586630"
            n="278-a-1460"
            ecep:lem="thy"
            ecep:pos="po21"
            ecep:reg="thy"
            ecep:spe="thy"
            ecep:syllab="1"
            ecep:pron="ðaɪ">thy</w>
         <c> </c>
         <w xml:id="o5155-586640"
            n="278-a-1470"
            ecep:lem="genius"
            ecep:pos="n1"
            ecep:reg="Genius"
            ecep:spe="Genius"
            ecep:syllab="2"
            ecep:pron="ˈdʒiːniəs">Genius</w>
         <c> </c>
         <w xml:id="o5155-586650"
            n="278-a-1480"
            ecep:lem="call"
            ecep:pos="vvz"
            ecep:reg="calls"
            ecep:spe="calls"
            ecep:syllab="1"
            ecep:pron="kɔːlz">calls</w>
         <pc xml:id="o5155-586660"
             n="278-a-1490"
             ecep:lem=":"
             ecep:pos=":"
             ecep:reg=":"
             ecep:spe=":">:</pc>
         <c> </c>
         <w xml:id="o5155-586670"
            n="278-a-1500"
            ecep:lem="awake"
            ecep:pos="j"
            ecep:reg="awake"
            ecep:spe="awake"
            ecep:syllab="2"
            ecep:pron="əˈweɪk">awake</w>
         <pc xml:id="o5155-586680"
             n="278-a-1510"
             unit="sentence"
             ecep:lem="!"
             ecep:pos="!"
             ecep:reg="!"
             ecep:spe="!">!</pc>
      </l>
   </lg>
   <pb facs="o5155/0282_R" n="277" rend="none"/>
   <lg n="2" xml:id="o5155-s03255">
      <head>
         <w xml:id="o5155-586720"
            n="279-a-0010"
            ecep:lem="ii"
            ecep:pos="crd"
            ecep:reg="II"
            ecep:spe="II"
            ecep:syllab="1"
            ecep:pron="rˌəʊməntˈuː">II</w>
         <pc xml:id="o5155-586730"
             n="279-a-0020"
             unit="sentence"
             ecep:lem="."
             ecep:pos="."
             ecep:reg="."
             ecep:spe=".">.</pc>
      </head>
      <l xml:id="o5155-l31040">
         <w xml:id="o5155-586750"
            n="279-a-0030"
            ecep:lem="well"
            ecep:pos="uh-av"
            ecep:reg="Well"
            ecep:spe="Well"
            ecep:syllab="1"
            ecep:pron="wel">Well</w>
         <c> </c>
         <w xml:id="o5155-586760"
            n="279-a-0040"
            ecep:lem="survey"
            ecep:pos="vvb"
            ecep:reg="survey"
            ecep:spe="survey"
            ecep:syllab="2"
            ecep:pron="ˈsɜːveɪ">survey</w>
         <c> </c>
         <w xml:id="o5155-586770"
            n="279-a-0050"
            ecep:lem="this"
            ecep:pos="d"
            ecep:reg="this"
            ecep:spe="this"
            ecep:syllab="1"
            ecep:pron="ðɪs">this</w>
         <c> </c>
         <w xml:id="o5155-586780"
            n="279-a-0060"
            ecep:lem="faithful"
            ecep:pos="j"
            ecep:reg="faithful"
            ecep:spe="faithful"
            ecep:syllab="2"
            ecep:pron="ˈfeɪθfl">faithful</w>
         <c> </c>
         <w xml:id="o5155-586790"
            n="279-a-0070"
            ecep:lem="plan"
            ecep:pos="n1"
            ecep:reg="plan"
            ecep:spe="plan"
            ecep:syllab="1"
            ecep:pron="plæn">plan</w>
         <pc xml:id="o5155-586800"
             n="279-a-0080"
             ecep:lem=","
             ecep:pos=","
             ecep:reg=","
             ecep:spe=",">,</pc>
      </l>
      <l xml:id="o5155-l31045">
         <w xml:id="o5155-586810"
            n="279-a-0090"
            ecep:lem="with"
            ecep:pos="p-acp"
            ecep:reg="With"
            ecep:spe="With"
            ecep:syllab="1"
            ecep:pron="wɪð">With</w>
         <c> </c>
         <w xml:id="o5155-586820"
            n="279-a-0100"
            ecep:lem="record"
            ecep:pos="n2"
            ecep:reg="records"
            ecep:spe="records"
            ecep:syllab="2"
            ecep:pron="ˈrekɔːdz">records</w>
         <c> </c>
         <w xml:id="o5155-586830"
            n="279-a-0110"
            ecep:lem="thy"
            ecep:pos="po21"
            ecep:reg="thy"
            ecep:spe="thy"
            ecep:syllab="1"
            ecep:pron="ðaɪ">thy</w>
         <c> </c>
         <w xml:id="o5155-586840"
            n="279-a-0120"
            ecep:lem="life"
            ecep:pos="ng1"
            ecep:reg="life's"
            ecep:spe="life's"
            ecep:syllab="1"
            ecep:pron="laɪfs">life's</w>
         <c> </c>
         <w xml:id="o5155-586850"
            n="279-a-0130"
            ecep:lem="great"
            ecep:pos="j"
            ecep:reg="great"
            ecep:spe="great"
            ecep:syllab="1"
            ecep:pron="greɪt">great</w>
         <c> </c>
         <w xml:id="o5155-586860"
            n="279-a-0140"
            ecep:lem="story"
            ecep:pos="n1"
            ecep:reg="storey"
            ecep:spe="story"
            ecep:syllab="2"
            ecep:pron="ˈstɔːri">story</w>
         <pc xml:id="o5155-586870"
             n="279-a-0150"
             ecep:lem=";"
             ecep:pos=";"
             ecep:reg=";"
             ecep:spe=";">;</pc>
      </l>
      <l xml:id="o5155-l31050">
         <w xml:id="o5155-586880"
            n="279-a-0160"
            ecep:lem="it|be"
            ecep:pos="pn31|vbz"
            ecep:reg="It's"
            ecep:spe="'Tis"
            ecep:syllab="1"
            ecep:pron="tɪz">'Tis</w>
         <c> </c>
         <w xml:id="o5155-586890"
            n="279-a-0170"
            ecep:lem="a"
            ecep:pos="dt"
            ecep:reg="a"
            ecep:spe="a"
            ecep:syllab="1"
            ecep:pron="ə">a</w>
         <c> </c>
         <w xml:id="o5155-586900"
            n="279-a-0180"
            ecep:lem="short"
            ecep:pos="j"
            ecep:reg="short"
            ecep:spe="short"
            ecep:syllab="1"
            ecep:pron="ʃɔːt">short</w>
         <pc xml:id="o5155-586910"
             n="279-a-0190"
             ecep:lem=","
             ecep:pos=","
             ecep:reg=","
             ecep:spe=",">,</pc>
         <c> </c>
         <w xml:id="o5155-586920"
            n="279-a-0200"
            ecep:lem="but"
            ecep:pos="cc-acp"
            ecep:reg="but"
            ecep:spe="but"
            ecep:syllab="1"
            ecep:pron="bʌt">but</w>
         <c> </c>
         <w xml:id="o5155-586930"
            n="279-a-0210"
            ecep:lem="crowd"
            ecep:pos="vvn"
            ecep:reg="crowded"
            ecep:spe="crowded"
            ecep:syllab="2"
            ecep:pron="ˈkraʊdɪd">crowded</w>
         <c> </c>
         <w xml:id="o5155-586940"
            n="279-a-0220"
            ecep:lem="span"
            ecep:pos="n1"
            ecep:reg="span"
            ecep:spe="span"
            ecep:syllab="1"
            ecep:pron="spæn">span</w>
         <pc xml:id="o5155-586950"
             n="279-a-0230"
             ecep:lem=","
             ecep:pos=","
             ecep:reg=","
             ecep:spe=",">,</pc>
      </l>
      <l xml:id="o5155-l31055">
         <w xml:id="o5155-586960"
            n="279-a-0240"
            ecep:lem="full"
            ecep:pos="j"
            ecep:reg="Full"
            ecep:spe="Full"
            ecep:syllab="1"
            ecep:pron="fʊl">Full</w>
         <c> </c>
         <w xml:id="o5155-586970"
            n="279-a-0250"
            ecep:lem="of"
            ecep:pos="pp-f"
            ecep:reg="of"
            ecep:spe="of"
            ecep:syllab="1"
            ecep:pron="ɒv">of</w>
         <c> </c>
         <w xml:id="o5155-586980"
            n="279-a-0260"
            ecep:lem="triumph"
            ecep:pos="n2"
            ecep:reg="triumphs"
            ecep:spe="triumphs"
            ecep:syllab="2"
            ecep:pron="ˈtraɪəmfs">triumphs</w>
         <pc xml:id="o5155-586990"
             n="279-a-0270"
             ecep:lem=","
             ecep:pos=","
             ecep:reg=","
             ecep:spe=",">,</pc>
         <c> </c>
         <w xml:id="o5155-587000"
            n="279-a-0280"
            ecep:lem="full"
            ecep:pos="j"
            ecep:reg="full"
            ecep:spe="full"
            ecep:syllab="1"
            ecep:pron="fʊl">full</w>
         <c> </c>
         <w xml:id="o5155-587010"
            n="279-a-0290"
            ecep:lem="of"
            ecep:pos="pp-f"
            ecep:reg="of"
            ecep:spe="of"
            ecep:syllab="1"
            ecep:pron="ɒv">of</w>
         <c> </c>
         <w xml:id="o5155-587020"
            n="279-a-0300"
            ecep:lem="glory"
            ecep:pos="n1"
            ecep:reg="glory"
            ecep:spe="glory"
            ecep:syllab="2"
            ecep:pron="ˈglɔːri">glory</w>
         <pc xml:id="o5155-587030"
             n="279-a-0310"
             unit="sentence"
             ecep:lem="."
             ecep:pos="."
             ecep:reg="."
             ecep:spe=".">.</pc>
      </l>
   </lg>
   <lg n="3" xml:id="o5155-s03260">
      <head>
         <w xml:id="o5155-587070"
            n="279-a-0320"
            ecep:lem="iii"
            ecep:pos="crd"
            ecep:reg="III"
            ecep:spe="III"
            ecep:syllab="1"
            ecep:pron="rˌəʊmənθrˈiː">III</w>
         <pc xml:id="o5155-587080"
             n="279-a-0330"
             unit="sentence"
             ecep:lem="."
             ecep:pos="."
             ecep:reg="."
             ecep:spe=".">.</pc>
      </head>
      <l xml:id="o5155-l31060">
         <w xml:id="o5155-587100"
            n="279-a-0340"
            ecep:lem="one"
            ecep:pos="pi"
            ecep:reg="One"
            ecep:spe="One"
            ecep:syllab="1"
            ecep:pron="wʌn">One</w>
         <c> </c>
         <w xml:id="o5155-587110"
            n="279-a-0350"
            ecep:lem="by"
            ecep:pos="p-acp"
            ecep:reg="by"
            ecep:spe="by"
            ecep:syllab="1"
            ecep:pron="baɪ">by</w>
         <c> </c>
         <w xml:id="o5155-587120"
            n="279-a-0360"
            ecep:lem="one"
            ecep:pos="crd"
            ecep:reg="one"
            ecep:spe="one"
            ecep:syllab="1"
            ecep:pron="wʌn">one</w>
         <c> </c>
         <w xml:id="o5155-587130"
            n="279-a-0370"
            ecep:lem="thy"
            ecep:pos="po21"
            ecep:reg="thy"
            ecep:spe="thy"
            ecep:syllab="1"
            ecep:pron="ðaɪ">thy</w>
         <c> </c>
         <w xml:id="o5155-587140"
            n="279-a-0380"
            ecep:lem="deed"
            ecep:pos="n2"
            ecep:reg="deeds"
            ecep:spe="deeds"
            ecep:syllab="1"
            ecep:pron="diːdz">deeds</w>
         <c> </c>
         <w xml:id="o5155-587150"
            n="279-a-0390"
            ecep:lem="review"
            ecep:pos="vvi"
            ecep:reg="review"
            ecep:spe="review"
            ecep:syllab="2"
            ecep:pron="riˈvjuː">review</w>
         <pc xml:id="o5155-587160"
             n="279-a-0400"
             ecep:lem=","
             ecep:pos=","
             ecep:reg=","
             ecep:spe=",">,</pc>
      </l>
      <l xml:id="o5155-l31065">
         <w xml:id="o5155-587170"
            n="279-a-0410"
            ecep:lem="siege"
            ecep:pos="n2"
            ecep:reg="Sieges"
            ecep:spe="Sieges"
            ecep:syllab="2"
            ecep:pron="ˈsiːdʒɪz">Sieges</w>
         <pc xml:id="o5155-587180"
             n="279-a-0420"
             ecep:lem=","
             ecep:pos=","
             ecep:reg=","
             ecep:spe=",">,</pc>
         <c> </c>
         <w xml:id="o5155-587190"
            n="279-a-0430"
            ecep:lem="battle"
            ecep:pos="n2"
            ecep:reg="battles"
            ecep:spe="battles"
            ecep:syllab="2"
            ecep:pron="ˈbætlz">battles</w>
         <pc xml:id="o5155-587200"
             n="279-a-0440"
             ecep:lem=","
             ecep:pos=","
             ecep:reg=","
             ecep:spe=",">,</pc>
         <c> </c>
         <w xml:id="o5155-587210"
            n="279-a-0450"
            ecep:lem="thick"
            ecep:pos="j"
            ecep:reg="thick"
            ecep:spe="thick"
            ecep:syllab="1"
            ecep:pron="θɪk">thick</w>
         <c> </c>
         <w xml:id="o5155-587220"
            n="279-a-0460"
            ecep:lem="appear"
            ecep:pos="vvb"
            ecep:reg="appear"
            ecep:spe="appear"
            ecep:syllab="2"
            ecep:pron="əˈpɪə">appear</w>
         <pc xml:id="o5155-587230"
             n="279-a-0470"
             ecep:lem=";"
             ecep:pos=";"
             ecep:reg=";"
             ecep:spe=";">;</pc>
      </l>
      <l xml:id="o5155-l31070">
         <w xml:id="o5155-587240"
            n="279-a-0480"
            ecep:lem="former"
            ecep:pos="j"
            ecep:reg="Former"
            ecep:spe="Former"
            ecep:syllab="2"
            ecep:pron="ˈfɔːmə">Former</w>
         <c> </c>
         <w xml:id="o5155-587250"
            n="279-a-0490"
            ecep:lem="wonder"
            ecep:pos="n2"
            ecep:reg="wonders"
            ecep:spe="wonders"
            ecep:syllab="2"
            ecep:pron="ˈwʌndəz">wonders</w>
         <pc xml:id="o5155-587260"
             n="279-a-0500"
             ecep:lem=","
             ecep:pos=","
             ecep:reg=","
             ecep:spe=",">,</pc>
         <c> </c>
         <w xml:id="o5155-587270"
            n="279-a-0510"
            ecep:lem="lose"
            ecep:pos="vvn"
            ecep:reg="lost"
            ecep:spe="lost"
            ecep:syllab="1"
            ecep:pron="lɒst">lost</w>
         <c> </c>
         <w xml:id="o5155-587280"
            n="279-a-0520"
            ecep:lem="in"
            ecep:pos="p-acp"
            ecep:reg="in"
            ecep:spe="in"
            ecep:syllab="1"
            ecep:pron="ɪn">in</w>
         <c> </c>
         <w xml:id="o5155-587290"
            n="279-a-0530"
            ecep:lem="new"
            ecep:pos="j"
            ecep:reg="new"
            ecep:spe="new"
            ecep:syllab="1"
            ecep:pron="njuː">new</w>
         <pc xml:id="o5155-587300"
             n="279-a-0540"
             ecep:lem=","
             ecep:pos=","
             ecep:reg=","
             ecep:spe=",">,</pc>
      </l>
      <l xml:id="o5155-l31075">
         <w xml:id="o5155-587310"
            n="279-a-0550"
            ecep:lem="great"
            ecep:pos="av-j"
            ecep:reg="Greatly"
            ecep:spe="Greatly"
            ecep:syllab="2"
            ecep:pron="ˈgreɪtli">Greatly</w>
         <c> </c>
         <w xml:id="o5155-587320"
            n="279-a-0560"
            ecep:lem="fill"
            ecep:pos="vvb"
            ecep:reg="fill"
            ecep:spe="fill"
            ecep:syllab="1"
            ecep:pron="fɪl">fill</w>
         <c> </c>
         <w xml:id="o5155-587330"
            n="279-a-0570"
            ecep:lem="each"
            ecep:pos="d"
            ecep:reg="each"
            ecep:spe="each"
            ecep:syllab="1"
            ecep:pron="iːtʃ">each</w>
         <c> </c>
         <w xml:id="o5155-587340"
            n="279-a-0580"
            ecep:lem="pompous"
            ecep:pos="j"
            ecep:reg="pompous"
            ecep:spe="pompous"
            ecep:syllab="2"
            ecep:pron="ˈpɒmpəs">pompous</w>
         <c> </c>
         <w xml:id="o5155-587350"
            n="279-a-0590"
            ecep:lem="year"
            ecep:pos="n1"
            ecep:reg="year"
            ecep:spe="year"
            ecep:syllab="1"
            ecep:pron="jɪə">year</w>
         <pc xml:id="o5155-587360"
             n="279-a-0600"
             unit="sentence"
             ecep:lem="."
             ecep:pos="."
             ecep:reg="."
             ecep:spe=".">.</pc>
      </l>
   </lg>
   <lg n="4" xml:id="o5155-s03265">
      <head>
         <w xml:id="o5155-587400"
            n="279-a-0610"
            ecep:lem="iv"
            ecep:pos="crd"
            ecep:reg="IV"
            ecep:spe="IV"
            ecep:syllab="1"
            ecep:pron="rˌəʊmənfˈɔː">IV</w>
         <pc xml:id="o5155-587410"
             n="279-a-0620"
             unit="sentence"
             ecep:lem="."
             ecep:pos="."
             ecep:reg="."
             ecep:spe=".">.</pc>
      </head>
      <l xml:id="o5155-l31080">
         <w xml:id="o5155-587430"
            n="279-a-0630"
            ecep:lem="this"
            ecep:pos="d"
            ecep:reg="This"
            ecep:spe="This"
            ecep:syllab="1"
            ecep:pron="ðɪs">This</w>
         <c> </c>
         <w xml:id="o5155-587440"
            n="279-a-0640"
            ecep:lem="be"
            ecep:pos="vbz"
            ecep:reg="is"
            ecep:spe="is"
            ecep:syllab="1"
            ecep:pron="ɪz">is</w>
         <c> </c>
         <w xml:id="o5155-587450"
            n="279-a-0650"
            ecep:lem="blenheim"
            ecep:pos="npg1"
            ecep:reg="Blenheim's"
            ecep:spe="Blenheim's"
            ecep:syllab="2"
            ecep:pron="ˈblenɪmz">Blenheim's</w>
         <c> </c>
         <w xml:id="o5155-587460"
            n="279-a-0660"
            ecep:lem="crimson"
            ecep:pos="j-jn"
            ecep:reg="crimson"
            ecep:spe="crimson"
            ecep:syllab="2"
            ecep:pron="ˈkrɪmzn">crimson</w>
         <c> </c>
         <w xml:id="o5155-587470"
            n="279-a-0670"
            ecep:lem="field"
            ecep:pos="n1"
            ecep:reg="field"
            ecep:spe="field"
            ecep:syllab="1"
            ecep:pron="fiːld">field</w>
         <pc xml:id="o5155-587480"
             n="279-a-0680"
             ecep:lem=","
             ecep:pos=","
             ecep:reg=","
             ecep:spe=",">,</pc>
      </l>
      <l xml:id="o5155-l31085">
         <w xml:id="o5155-587490"
            n="279-a-0690"
            ecep:lem="wet"
            ecep:pos="j"
            ecep:reg="Wet"
            ecep:spe="Wet"
            ecep:syllab="1"
            ecep:pron="wet">Wet</w>
         <c> </c>
         <w xml:id="o5155-587500"
            n="279-a-0700"
            ecep:lem="with"
            ecep:pos="p-acp"
            ecep:reg="with"
            ecep:spe="with"
            ecep:syllab="1"
            ecep:pron="wɪð">with</w>
         <c> </c>
         <w xml:id="o5155-587510"
            n="279-a-0710"
            ecep:lem="gore"
            ecep:pos="n1"
            ecep:reg="gore"
            ecep:spe="gore"
            ecep:syllab="1"
            ecep:pron="gɔː">gore</w>
         <pc xml:id="o5155-587520"
             n="279-a-0720"
             ecep:lem=","
             ecep:pos=","
             ecep:reg=","
             ecep:spe=",">,</pc>
         <c> </c>
         <w xml:id="o5155-587530"
            n="279-a-0730"
            ecep:lem="with"
            ecep:pos="p-acp"
            ecep:reg="with"
            ecep:spe="with"
            ecep:syllab="1"
            ecep:pron="wɪð">with</w>
         <c> </c>
         <w xml:id="o5155-587540"
            n="279-a-0740"
            ecep:lem="slaughter"
            ecep:pos="n1"
            ecep:reg="slaughter"
            ecep:spe="slaughter"
            ecep:syllab="2"
            ecep:pron="ˈslɔːtə">slaughter</w>
         <c> </c>
         <w xml:id="o5155-587550"
            n="279-a-0750"
            ecep:lem="stain"
            ecep:pos="vvn"
            ecep:reg="stained"
            ecep:spe="stain'd"
            ecep:syllab="1"
            ecep:pron="steɪnd">stain'd</w>
         <pc xml:id="o5155-587560"
             n="279-a-0760"
             unit="sentence"
             ecep:lem="!"
             ecep:pos="!"
             ecep:reg="!"
             ecep:spe="!">!</pc>
      </l>
      <l xml:id="o5155-l31090">
         <w xml:id="o5155-587570"
            n="279-a-0770"
            ecep:lem="here"
            ecep:pos="av"
            ecep:reg="Here"
            ecep:spe="Here"
            ecep:syllab="1"
            ecep:pron="hɪə">Here</w>
         <c> </c>
         <w xml:id="o5155-587580"
            n="279-a-0780"
            ecep:lem="retire"
            ecep:pos="vvg"
            ecep:reg="retiring"
            ecep:spe="retiring"
            ecep:syllab="3"
            ecep:pron="riˈtaɪərɪŋ">retiring</w>
         <c> </c>
         <w xml:id="o5155-587590"
            n="279-a-0790"
            ecep:lem="squadron"
            ecep:pos="n2"
            ecep:reg="squadrons"
            ecep:spe="squadrons"
            ecep:syllab="2"
            ecep:pron="ˈskwɒdrənz">squadrons</w>
         <c> </c>
         <w xml:id="o5155-587600"
            n="279-a-0800"
            ecep:lem="yield"
            ecep:pos="vvi"
            ecep:reg="yield"
            ecep:spe="yield"
            ecep:syllab="1"
            ecep:pron="jiːld">yield</w>
         <pc xml:id="o5155-587610"
             n="279-a-0810"
             ecep:lem=","
             ecep:pos=","
             ecep:reg=","
             ecep:spe=",">,</pc>
      </l>
      <l xml:id="o5155-l31095">
         <w xml:id="o5155-587620"
            n="279-a-0820"
            ecep:lem="and"
            ecep:pos="cc"
            ecep:reg="And"
            ecep:spe="And"
            ecep:syllab="1"
            ecep:pron="ænd">And</w>
         <c> </c>
         <w xml:id="o5155-587630"
            n="279-a-0830"
            ecep:lem="a"
            ecep:pos="dt"
            ecep:reg="a"
            ecep:spe="a"
            ecep:syllab="1"
            ecep:pron="ə">a</w>
         <c> </c>
         <w xml:id="o5155-587640"
            n="279-a-0840"
            ecep:lem="bloodless"
            ecep:pos="j"
            ecep:reg="bloodless"
            ecep:spe="bloodless"
            ecep:syllab="2"
            ecep:pron="ˈblʌdləs">bloodless</w>
         <c> </c>
         <w xml:id="o5155-587650"
            n="279-a-0850"
            ecep:lem="wreath"
            ecep:pos="n1"
            ecep:reg="wreathe"
            ecep:spe="wreath"
            ecep:syllab="1"
            ecep:pron="riːθ">wreath</w>
         <c> </c>
         <w xml:id="o5155-587660"
            n="279-a-0860"
            ecep:lem="be"
            ecep:pos="vbz"
            ecep:reg="is"
            ecep:spe="is"
            ecep:syllab="1"
            ecep:pron="ɪz">is</w>
         <c> </c>
         <w xml:id="o5155-587670"
            n="279-a-0870"
            ecep:lem="gain"
            ecep:pos="vvn"
            ecep:reg="gained"
            ecep:spe="gain'd"
            ecep:syllab="1"
            ecep:pron="geɪnd">gain'd</w>
         <pc xml:id="o5155-587680"
             n="279-a-0880"
             unit="sentence"
             ecep:lem="!"
             ecep:pos="!"
             ecep:reg="!"
             ecep:spe="!">!</pc>
      </l>
   </lg>
   <lg n="5" xml:id="o5155-s03270">
      <head>
         <w xml:id="o5155-587720"
            n="279-a-0890"
            ecep:lem="v."
            ecep:pos="crd"
            ecep:reg="V"
            ecep:spe="V."
            ecep:syllab="1"
            ecep:pron="viː">V.</w>
         <pc unit="sentence" xml:id="o5155-587720-eos" n="279-a-0900"/>
      </head>
      <l xml:id="o5155-l31100">
         <w xml:id="o5155-587740"
            n="279-a-0910"
            ecep:lem="ponder"
            ecep:pos="vvi"
            ecep:reg="Ponder"
            ecep:spe="Ponder"
            ecep:syllab="2"
            ecep:pron="ˈpɒndə">Ponder</w>
         <c> </c>
         <w xml:id="o5155-587750"
            n="279-a-0920"
            ecep:lem="in"
            ecep:pos="p-acp"
            ecep:reg="in"
            ecep:spe="in"
            ecep:syllab="1"
            ecep:pron="ɪn">in</w>
         <c> </c>
         <w xml:id="o5155-587760"
            n="279-a-0930"
            ecep:lem="thy"
            ecep:pos="po21"
            ecep:reg="thy"
            ecep:spe="thy"
            ecep:syllab="1"
            ecep:pron="ðaɪ">thy</w>
         <c> </c>
         <w xml:id="o5155-587770"
            n="279-a-0940"
            ecep:lem="godlike"
            ecep:pos="j"
            ecep:reg="godlike"
            ecep:spe="godlike"
            ecep:syllab="2"
            ecep:pron="ˈgɒdlaɪk">godlike</w>
         <c> </c>
         <w xml:id="o5155-587780"
            n="279-a-0950"
            ecep:lem="mind"
            ecep:pos="n1"
            ecep:reg="mind"
            ecep:spe="mind"
            ecep:syllab="1"
            ecep:pron="maɪnd">mind</w>
      </l>
      <l xml:id="o5155-l31105">
         <w xml:id="o5155-587790"
            n="279-a-0960"
            ecep:lem="all"
            ecep:pos="d"
            ecep:reg="All"
            ecep:spe="All"
            ecep:syllab="1"
            ecep:pron="ɔːl">All</w>
         <c> </c>
         <w xml:id="o5155-587800"
            n="279-a-0970"
            ecep:lem="the"
            ecep:pos="dt"
            ecep:reg="the"
            ecep:spe="the"
            ecep:syllab="1"
            ecep:pron="ðiː">the</w>
         <c> </c>
         <w xml:id="o5155-587810"
            n="279-a-0980"
            ecep:lem="wonder"
            ecep:pos="n2"
            ecep:reg="wonders"
            ecep:spe="wonders"
            ecep:syllab="2"
            ecep:pron="ˈwʌndəz">wonders</w>
         <c> </c>
         <w xml:id="o5155-587820"
            n="279-a-0990"
            ecep:lem="thou"
            ecep:pos="pns21"
            ecep:reg="thou"
            ecep:spe="thou"
            ecep:syllab="1"
            ecep:pron="θaʊ">thou</w>
         <c> </c>
         <w xml:id="o5155-587830"
            n="279-a-1000"
            ecep:lem="have"
            ecep:pos="vh2"
            ecep:reg="hast"
            ecep:spe="hast"
            ecep:syllab="1"
            ecep:pron="hæst">hast</w>
         <c> </c>
         <w xml:id="o5155-587840"
            n="279-a-1010"
            ecep:lem="wrought"
            ecep:pos="vvn"
            ecep:reg="wrought"
            ecep:spe="wrought"
            ecep:syllab="1"
            ecep:pron="rɔːt">wrought</w>
         <pc xml:id="o5155-587850"
             n="279-a-1020"
             ecep:lem=";"
             ecep:pos=";"
             ecep:reg=";"
             ecep:spe=";">;</pc>
      </l>
      <l xml:id="o5155-l31110">
         <w xml:id="o5155-587860"
            n="279-a-1030"
            ecep:lem="tyrant"
            ecep:pos="n2"
            ecep:reg="Tyrants"
            ecep:spe="Tyrants"
            ecep:syllab="2"
            ecep:pron="ˈtaɪrənts">Tyrants</w>
         <pc xml:id="o5155-587870"
             n="279-a-1040"
             ecep:lem=","
             ecep:pos=","
             ecep:reg=","
             ecep:spe=",">,</pc>
         <c> </c>
         <w xml:id="o5155-587880"
            n="279-a-1050"
            ecep:lem="from"
            ecep:pos="p-acp"
            ecep:reg="from"
            ecep:spe="from"
            ecep:syllab="1"
            ecep:pron="frɒm">from</w>
         <c> </c>
         <w xml:id="o5155-587890"
            n="279-a-1060"
            ecep:lem="their"
            ecep:pos="po32"
            ecep:reg="their"
            ecep:spe="their"
            ecep:syllab="1"
            ecep:pron="ðeə">their</w>
         <c> </c>
         <w xml:id="o5155-587900"
            n="279-a-1070"
            ecep:lem="pride"
            ecep:pos="n1"
            ecep:reg="pride"
            ecep:spe="pride"
            ecep:syllab="1"
            ecep:pron="praɪd">pride</w>
         <c> </c>
         <w xml:id="o5155-587910"
            n="279-a-1080"
            ecep:lem="decline"
            ecep:pos="vvn"
            ecep:reg="declined"
            ecep:spe="declin'd"
            ecep:syllab="2"
            ecep:pron="diˈklaɪnd">declin'd</w>
         <pc xml:id="o5155-587920"
             n="279-a-1090"
             ecep:lem=","
             ecep:pos=","
             ecep:reg=","
             ecep:spe=",">,</pc>
      </l>
      <l xml:id="o5155-l31115">
         <w xml:id="o5155-587930"
            n="279-a-1100"
            ecep:lem="be"
            ecep:pos="vbb"
            ecep:reg="Be"
            ecep:spe="Be"
            ecep:syllab="1"
            ecep:pron="biː">Be</w>
         <c> </c>
         <w xml:id="o5155-587940"
            n="279-a-1110"
            ecep:lem="the"
            ecep:pos="dt"
            ecep:reg="the"
            ecep:spe="the"
            ecep:syllab="1"
            ecep:pron="ðiː">the</w>
         <c> </c>
         <w xml:id="o5155-587950"
            n="279-a-1120"
            ecep:lem="subject"
            ecep:pos="n-jn"
            ecep:reg="subject"
            ecep:spe="subject"
            ecep:syllab="2"
            ecep:pron="ˈsʌbdʒekt">subject</w>
         <c> </c>
         <w xml:id="o5155-587960"
            n="279-a-1130"
            ecep:lem="of"
            ecep:pos="pp-f"
            ecep:reg="of"
            ecep:spe="of"
            ecep:syllab="1"
            ecep:pron="ɒv">of</w>
         <c> </c>
         <w xml:id="o5155-587970"
            n="279-a-1140"
            ecep:lem="thy"
            ecep:pos="po21"
            ecep:reg="thy"
            ecep:spe="thy"
            ecep:syllab="1"
            ecep:pron="ðaɪ">thy</w>
         <c> </c>
         <w xml:id="o5155-587980"
            n="279-a-1150"
            ecep:lem="thought"
            ecep:pos="n1"
            ecep:reg="thought"
            ecep:spe="thought"
            ecep:syllab="1"
            ecep:pron="θɔːt">thought</w>
         <pc xml:id="o5155-587990"
             n="279-a-1160"
             unit="sentence"
             ecep:lem="!"
             ecep:pos="!"
             ecep:reg="!"
             ecep:spe="!">!</pc>
      </l>
   </lg>
   <lg n="6" xml:id="o5155-s03275">
      <head>
         <w xml:id="o5155-588030"
            n="279-a-1170"
            ecep:lem="vi"
            ecep:pos="crd"
            ecep:reg="VI"
            ecep:spe="VI"
            ecep:syllab="1"
            ecep:pron="ˈvaɪ">VI</w>
         <pc xml:id="o5155-588040"
             n="279-a-1180"
             unit="sentence"
             ecep:lem="."
             ecep:pos="."
             ecep:reg="."
             ecep:spe=".">.</pc>
      </head>
      <l xml:id="o5155-l31120">
         <w xml:id="o5155-588060"
            n="279-a-1190"
            ecep:lem="rest"
            ecep:pos="n1"
            ecep:reg="Rest"
            ecep:spe="Rest"
            ecep:syllab="1"
            ecep:pron="rest">Rest</w>
         <c> </c>
         <w xml:id="o5155-588070"
            n="279-a-1200"
            ecep:lem="thou"
            ecep:pos="pno21"
            ecep:reg="thee"
            ecep:spe="thee"
            ecep:syllab="1"
            ecep:pron="ðiː">thee</w>
         <c> </c>
         <w xml:id="o5155-588080"
            n="279-a-1210"
            ecep:lem="here"
            ecep:pos="av"
            ecep:reg="here"
            ecep:spe="here"
            ecep:syllab="1"
            ecep:pron="hɪə">here</w>
         <pc xml:id="o5155-588090"
             n="279-a-1220"
             ecep:lem=","
             ecep:pos=","
             ecep:reg=","
             ecep:spe=",">,</pc>
         <c> </c>
         <w xml:id="o5155-588100"
            n="279-a-1230"
            ecep:lem="while"
            ecep:pos="cs"
            ecep:reg="while"
            ecep:spe="while"
            ecep:syllab="1"
            ecep:pron="waɪl">while</w>
         <c> </c>
         <w xml:id="o5155-588110"
            n="279-a-1240"
            ecep:lem="life"
            ecep:pos="n1"
            ecep:reg="life"
            ecep:spe="life"
            ecep:syllab="1"
            ecep:pron="laɪf">life</w>
         <c> </c>
         <w xml:id="o5155-588120"
            n="279-a-1250"
            ecep:lem="may"
            ecep:pos="vmb"
            ecep:reg="may"
            ecep:spe="may"
            ecep:syllab="1"
            ecep:pron="meɪ">may</w>
         <c> </c>
         <w xml:id="o5155-588130"
            n="279-a-1260"
            ecep:lem="last"
            ecep:pos="vvi"
            ecep:reg="last"
            ecep:spe="last"
            ecep:syllab="1"
            ecep:pron="lɑːst">last</w>
         <pc xml:id="o5155-588140"
             n="279-a-1270"
             ecep:lem=":"
             ecep:pos=":"
             ecep:reg=":"
             ecep:spe=":">:</pc>
      </l>
      <l xml:id="o5155-l31125">
         <w xml:id="o5155-588150"
            n="279-a-1280"
            ecep:lem="the"
            ecep:pos="dt"
            ecep:reg="The"
            ecep:spe="Th'"
            ecep:syllab="0"
            ecep:pron="ð">Th'</w>
         <c> </c>
         <w xml:id="o5155-588160"
            n="279-a-1290"
            ecep:lem="utmost"
            ecep:pos="j"
            ecep:reg="utmost"
            ecep:spe="utmost"
            ecep:syllab="2"
            ecep:pron="ˈʌtməʊst">utmost</w>
         <c> </c>
         <w xml:id="o5155-588170"
            n="279-a-1300"
            ecep:lem="bliss"
            ecep:pos="n1"
            ecep:reg="bliss"
            ecep:spe="bliss"
            ecep:syllab="1"
            ecep:pron="blɪs">bliss</w>
         <pc xml:id="o5155-588180"
             n="279-a-1310"
             ecep:lem=","
             ecep:pos=","
             ecep:reg=","
             ecep:spe=",">,</pc>
         <c> </c>
         <w xml:id="o5155-588190"
            n="279-a-1320"
            ecep:lem="to"
            ecep:pos="p-acp"
            ecep:reg="to"
            ecep:spe="to"
            ecep:syllab="1"
            ecep:pron="tuː">to</w>
         <c> </c>
         <w xml:id="o5155-588200"
            n="279-a-1330"
            ecep:lem="man"
            ecep:pos="n1"
            ecep:reg="man"
            ecep:spe="man"
            ecep:syllab="1"
            ecep:pron="mæn">man</w>
         <c> </c>
         <w xml:id="o5155-588210"
            n="279-a-1340"
            ecep:lem="allow"
            ecep:pos="vvn"
            ecep:reg="allowed"
            ecep:spe="allow'd"
            ecep:syllab="2"
            ecep:pron="əˈlaʊd">allow'd</w>
         <pc xml:id="o5155-588220"
             n="279-a-1350"
             ecep:lem=","
             ecep:pos=","
             ecep:reg=","
             ecep:spe=",">,</pc>
      </l>
      <l xml:id="o5155-l31130">
         <w xml:id="o5155-588230"
            n="279-a-1360"
            ecep:lem="be"
            ecep:pos="vbz"
            ecep:reg="Is"
            ecep:spe="Is"
            ecep:syllab="1"
            ecep:pron="ɪz">Is</w>
         <c> </c>
         <w xml:id="o5155-588240"
            n="279-a-1370"
            ecep:lem="to"
            ecep:pos="pc-acp"
            ecep:reg="to"
            ecep:spe="to"
            ecep:syllab="1"
            ecep:pron="tuː">to</w>
         <c> </c>
         <w xml:id="o5155-588250"
            n="279-a-1380"
            ecep:lem="trace"
            ecep:pos="vvi"
            ecep:reg="trace"
            ecep:spe="trace"
            ecep:syllab="1"
            ecep:pron="treɪs">trace</w>
         <c> </c>
         <w xml:id="o5155-588260"
            n="279-a-1390"
            ecep:lem="his"
            ecep:pos="po31"
            ecep:reg="his"
            ecep:spe="his"
            ecep:syllab="1"
            ecep:pron="hɪz">his</w>
         <c> </c>
         <w xml:id="o5155-588270"
            n="279-a-1400"
            ecep:lem="action"
            ecep:pos="n2"
            ecep:reg="actions"
            ecep:spe="actions"
            ecep:syllab="2"
            ecep:pron="ˈækʃnz">actions</w>
         <c> </c>
         <w xml:id="o5155-588280"
            n="279-a-1410"
            ecep:lem="past"
            ecep:pos="j"
            ecep:reg="past"
            ecep:spe="past"
            ecep:syllab="1"
            ecep:pron="pɑːst">past</w>
         <pc xml:id="o5155-588290"
             n="279-a-1420"
             ecep:lem=","
             ecep:pos=","
             ecep:reg=","
             ecep:spe=",">,</pc>
      </l>
      <l xml:id="o5155-l31135">
         <w xml:id="o5155-588300"
            n="279-a-1430"
            ecep:lem="and"
            ecep:pos="cc"
            ecep:reg="And"
            ecep:spe="And"
            ecep:syllab="1"
            ecep:pron="ænd">And</w>
         <c> </c>
         <w xml:id="o5155-588310"
            n="279-a-1440"
            ecep:lem="to"
            ecep:pos="pc-acp"
            ecep:reg="to"
            ecep:spe="to"
            ecep:syllab="1"
            ecep:pron="tuː">to</w>
         <c> </c>
         <w xml:id="o5155-588320"
            n="279-a-1450"
            ecep:lem="own"
            ecep:pos="vvi"
            ecep:reg="own"
            ecep:spe="own"
            ecep:syllab="1"
            ecep:pron="əʊn">own</w>
         <c> </c>
         <w xml:id="o5155-588330"
            n="279-a-1460"
            ecep:lem="they"
            ecep:pos="pno32"
            ecep:reg="them"
            ecep:spe="them"
            ecep:syllab="1"
            ecep:pron="ðem">them</w>
         <c> </c>
         <w xml:id="o5155-588340"
            n="279-a-1470"
            ecep:lem="great"
            ecep:pos="j"
            ecep:reg="great"
            ecep:spe="great"
            ecep:syllab="1"
            ecep:pron="greɪt">great</w>
         <c> </c>
         <w xml:id="o5155-588350"
            n="279-a-1480"
            ecep:lem="and"
            ecep:pos="cc"
            ecep:reg="and"
            ecep:spe="and"
            ecep:syllab="1"
            ecep:pron="ænd">and</w>
         <c> </c>
         <w xml:id="o5155-588360"
            n="279-a-1490"
            ecep:lem="good"
            ecep:pos="j"
            ecep:reg="good"
            ecep:spe="good"
            ecep:syllab="1"
            ecep:pron="gʊd">good</w>
         <pc xml:id="o5155-588370"
             n="279-a-1500"
             unit="sentence"
             ecep:lem="."
             ecep:pos="."
             ecep:reg="."
             ecep:spe=".">.</pc>
      </l>
   </lg>
   <lg n="7" xml:id="o5155-s03280">
      <head>
         <w xml:id="o5155-588410"
            n="279-a-1510"
            ecep:lem="vii"
            ecep:pos="crd"
            ecep:reg="VII"
            ecep:spe="VII"
            ecep:syllab="1"
            ecep:pron="rˌəʊmənsˈevən">VII</w>
         <pc xml:id="o5155-588420"
             n="279-a-1520"
             unit="sentence"
             ecep:lem="."
             ecep:pos="."
             ecep:reg="."
             ecep:spe=".">.</pc>
      </head>
      <l xml:id="o5155-l31140">
         <w xml:id="o5155-588440"
            n="279-a-1530"
            ecep:lem="but"
            ecep:pos="p-acp"
            ecep:reg="But"
            ecep:spe="But"
            ecep:syllab="1"
            ecep:pron="bʌt">But</w>
         <c> </c>
         <w xml:id="o5155-588450"
            n="279-a-1540"
            ecep:lem="it|be"
            ecep:pos="pn31|vbz"
            ecep:reg="it's"
            ecep:spe="'tis"
            ecep:syllab="1"
            ecep:pron="tɪz">'tis</w>
         <c> </c>
         <w xml:id="o5155-588460"
            n="279-a-1550"
            ecep:lem="go"
            ecep:pos="vvn"
            ecep:reg="gone"
            ecep:spe="gone"
            ecep:syllab="1"
            ecep:pron="gɒn">gone</w>
         <c> </c>
         <pc xml:id="o5155-588470"
             n="279-a-1560"
             ecep:lem="—"
             ecep:pos="—"
             ecep:reg="—"
             ecep:spe="—">—</pc>
         <c> </c>
         <w xml:id="o5155-588480"
            n="279-a-1570"
            ecep:lem="a"
            ecep:pos="dt"
            ecep:reg="a"
            ecep:spe="a"
            ecep:syllab="1"
            ecep:pron="ə">a</w>
         <c> </c>
         <w xml:id="o5155-588490"
            n="279-a-1580"
            ecep:lem="mortal"
            ecep:pos="j-jn"
            ecep:reg="mortal"
            ecep:spe="mortal"
            ecep:syllab="2"
            ecep:pron="ˈmɔːtl">mortal</w>
         <c> </c>
         <w xml:id="o5155-588500"
            n="279-a-1590"
            ecep:lem="bear"
            ecep:pos="vvn"
            ecep:reg="born"
            ecep:spe="born"
            ecep:syllab="1"
            ecep:pron="bɔːn">born</w>
         <pc xml:id="o5155-588510"
             n="279-a-1600"
             unit="sentence"
             ecep:lem="!"
             ecep:pos="!"
             ecep:reg="!"
             ecep:spe="!">!</pc>
      </l>
      <l xml:id="o5155-l31145">
         <w xml:id="o5155-588520"
            n="279-a-1610"
            ecep:lem="swift"
            ecep:pos="j"
            ecep:reg="Swift"
            ecep:spe="Swift"
            ecep:syllab="1"
            ecep:pron="swɪft">Swift</w>
         <c> </c>
         <w xml:id="o5155-588530"
            n="279-a-1620"
            ecep:lem="the"
            ecep:pos="dt"
            ecep:reg="the"
            ecep:spe="the"
            ecep:syllab="1"
            ecep:pron="ðiː">the</w>
         <c> </c>
         <w xml:id="o5155-588540"
            n="279-a-1630"
            ecep:lem="fade"
            ecep:pos="j-vvg"
            ecep:reg="fading"
            ecep:spe="fading"
            ecep:syllab="2"
            ecep:pron="ˈfeɪdɪŋ">fading</w>
         <c> </c>
         <w xml:id="o5155-588550"
            n="279-a-1640"
            ecep:lem="scene"
            ecep:pos="n2"
            ecep:reg="scenes"
            ecep:spe="scenes"
            ecep:syllab="1"
            ecep:pron="siːnz">scenes</w>
         <c> </c>
         <w xml:id="o5155-588560"
            n="279-a-1650"
            ecep:lem="remove"
            ecep:pos="vvb"
            ecep:reg="remove"
            ecep:spe="remove"
            ecep:syllab="2"
            ecep:pron="riˈmuːv">remove</w>
         <c> </c>
         <pc xml:id="o5155-588570"
             n="279-a-1660"
             ecep:lem="—"
             ecep:pos="—"
             ecep:reg="—"
             ecep:spe="—">—</pc>
      </l>
      <l xml:id="o5155-l31150">
         <w xml:id="o5155-588580"
            n="279-a-1670"
            ecep:lem="let"
            ecep:pos="vvb"
            ecep:reg="Let"
            ecep:spe="Let"
            ecep:syllab="1"
            ecep:pron="let">Let</w>
         <c> </c>
         <w xml:id="o5155-588590"
            n="279-a-1680"
            ecep:lem="they"
            ecep:pos="pno32"
            ecep:reg="them"
            ecep:spe="them"
            ecep:syllab="1"
            ecep:pron="ðem">them</w>
         <c> </c>
         <w xml:id="o5155-588600"
            n="279-a-1690"
            ecep:lem="pass"
            ecep:pos="vvi"
            ecep:reg="pass"
            ecep:spe="pass"
            ecep:syllab="1"
            ecep:pron="pɑːs">pass</w>
         <c> </c>
         <w xml:id="o5155-588610"
            n="279-a-1700"
            ecep:lem="with"
            ecep:pos="p-acp"
            ecep:reg="with"
            ecep:spe="with"
            ecep:syllab="1"
            ecep:pron="wɪð">with</w>
         <c> </c>
         <w xml:id="o5155-588620"
            n="279-a-1710"
            ecep:lem="noble"
            ecep:pos="j"
            ecep:reg="noble"
            ecep:spe="noble"
            ecep:syllab="2"
            ecep:pron="ˈnəʊbl">noble</w>
         <c> </c>
         <w xml:id="o5155-588630"
            n="279-a-1720"
            ecep:lem="scorn"
            ecep:pos="n1"
            ecep:reg="scorn"
            ecep:spe="scorn"
            ecep:syllab="1"
            ecep:pron="skɔːn">scorn</w>
         <pc xml:id="o5155-588640"
             n="279-a-1730"
             ecep:lem=","
             ecep:pos=","
             ecep:reg=","
             ecep:spe=",">,</pc>
      </l>
      <l xml:id="o5155-l31155">
         <w xml:id="o5155-588650"
            n="279-a-1740"
            ecep:lem="thy"
            ecep:pos="po21"
            ecep:reg="Thine"
            ecep:spe="Thine"
            ecep:syllab="1"
            ecep:pron="ðaɪn">Thine</w>
         <c> </c>
         <w xml:id="o5155-588660"
            n="279-a-1750"
            ecep:lem="be"
            ecep:pos="vbb"
            ecep:reg="are"
            ecep:spe="are"
            ecep:syllab="1"
            ecep:pron="ɑː">are</w>
         <c> </c>
         <w xml:id="o5155-588670"
            n="279-a-1760"
            ecep:lem="world"
            ecep:pos="n2"
            ecep:reg="worlds"
            ecep:spe="worlds"
            ecep:syllab="1"
            ecep:pron="wɜːldz">worlds</w>
         <pc xml:id="o5155-588680"
             n="279-a-1770"
             ecep:lem=","
             ecep:pos=","
             ecep:reg=","
             ecep:spe=",">,</pc>
         <c> </c>
         <w xml:id="o5155-588690"
            n="279-a-1780"
            ecep:lem="which"
            ecep:pos="r-crq"
            ecep:reg="which"
            ecep:spe="which"
            ecep:syllab="1"
            ecep:pron="wɪtʃ">which</w>
         <c> </c>
         <w xml:id="o5155-588700"
            n="279-a-1790"
            ecep:lem="roll"
            ecep:pos="n1"
            ecep:reg="roll"
            ecep:spe="roll"
            ecep:syllab="1"
            ecep:pron="rəʊl">roll</w>
         <c> </c>
         <w xml:id="o5155-588710"
            n="279-a-1800"
            ecep:lem="above"
            ecep:pos="a-acp"
            ecep:reg="above"
            ecep:spe="above"
            ecep:syllab="2"
            ecep:pron="əˈbʌv">above</w>
         <pc xml:id="o5155-588720"
             n="279-a-1810"
             unit="sentence"
             ecep:lem="."
             ecep:pos="."
             ecep:reg="."
             ecep:spe=".">.</pc>
      </l>
   </lg>
   <pb facs="o5155/0283_L" n="278" rend="none"/>
   <lg n="8" xml:id="o5155-s03285">
      <head>
         <w xml:id="o5155-588760"
            n="280-a-0010"
            ecep:lem="viii"
            ecep:pos="crd"
            ecep:reg="VIII"
            ecep:spe="VIII"
            ecep:syllab="1"
            ecep:pron="rˌəʊmənˈeɪt">VIII</w>
         <pc xml:id="o5155-588770"
             n="280-a-0020"
             unit="sentence"
             ecep:lem="."
             ecep:pos="."
             ecep:reg="."
             ecep:spe=".">.</pc>
      </head>
      <l xml:id="o5155-l31160">
         <w xml:id="o5155-588790"
            n="280-a-0030"
            ecep:lem="poet"
            ecep:pos="n2"
            ecep:reg="Poets"
            ecep:spe="Poets"
            ecep:syllab="2"
            ecep:pron="ˈpəʊɪts">Poets</w>
         <pc xml:id="o5155-588800"
             n="280-a-0040"
             ecep:lem=","
             ecep:pos=","
             ecep:reg=","
             ecep:spe=",">,</pc>
         <c> </c>
         <w xml:id="o5155-588810"
            n="280-a-0050"
            ecep:lem="prophet"
            ecep:pos="n2"
            ecep:reg="prophets"
            ecep:spe="prophets"
            ecep:syllab="2"
            ecep:pron="ˈprɒfɪts">prophets</w>
         <pc xml:id="o5155-588820"
             n="280-a-0060"
             ecep:lem=","
             ecep:pos=","
             ecep:reg=","
             ecep:spe=",">,</pc>
         <c> </c>
         <w xml:id="o5155-588830"
            n="280-a-0070"
            ecep:lem="hero"
            ecep:pos="n2"
            ecep:reg="heroes"
            ecep:spe="heroes"
            ecep:syllab="2"
            ecep:pron="ˈhɪərəʊz">heroes</w>
         <pc xml:id="o5155-588840"
             n="280-a-0080"
             ecep:lem=","
             ecep:pos=","
             ecep:reg=","
             ecep:spe=",">,</pc>
         <c> </c>
         <w xml:id="o5155-588850"
            n="280-a-0090"
            ecep:lem="king"
            ecep:pos="n2"
            ecep:reg="kings"
            ecep:spe="kings"
            ecep:syllab="1"
            ecep:pron="kɪŋz">kings</w>
         <pc xml:id="o5155-588860"
             n="280-a-0100"
             ecep:lem=","
             ecep:pos=","
             ecep:reg=","
             ecep:spe=",">,</pc>
      </l>
      <l xml:id="o5155-l31165">
         <w xml:id="o5155-588870"
            n="280-a-0110"
            ecep:lem="please"
            ecep:pos="vvn"
            ecep:reg="Pleased"
            ecep:spe="Pleas'd"
            ecep:syllab="1"
            ecep:pron="pliːzd">Pleas'd</w>
         <pc xml:id="o5155-588880"
             n="280-a-0120"
             ecep:lem=","
             ecep:pos=","
             ecep:reg=","
             ecep:spe=",">,</pc>
         <c> </c>
         <w xml:id="o5155-588890"
            n="280-a-0130"
            ecep:lem="thy"
            ecep:pos="po21"
            ecep:reg="thy"
            ecep:spe="thy"
            ecep:syllab="1"
            ecep:pron="ðaɪ">thy</w>
         <c> </c>
         <w xml:id="o5155-588900"
            n="280-a-0140"
            ecep:lem="ripe"
            ecep:pos="j"
            ecep:reg="ripe"
            ecep:spe="ripe"
            ecep:syllab="1"
            ecep:pron="raɪp">ripe</w>
         <c> </c>
         <w xml:id="o5155-588910"
            n="280-a-0150"
            ecep:lem="approach"
            ecep:pos="n1"
            ecep:reg="approach"
            ecep:spe="approach"
            ecep:syllab="2"
            ecep:pron="əˈprəʊtʃ">approach</w>
         <c> </c>
         <w xml:id="o5155-588920"
            n="280-a-0160"
            ecep:lem="foresee"
            ecep:pos="vvi"
            ecep:reg="foresee"
            ecep:spe="foresee"
            ecep:syllab="2"
            ecep:pron="ˌfɔːˈsiː">foresee</w>
         <pc xml:id="o5155-588930"
             n="280-a-0170"
             ecep:lem=";"
             ecep:pos=";"
             ecep:reg=";"
             ecep:spe=";">;</pc>
      </l>
      <l xml:id="o5155-l31170">
         <w xml:id="o5155-588940"
            n="280-a-0180"
            ecep:lem="man"
            ecep:pos="n2"
            ecep:reg="Men"
            ecep:spe="Men"
            ecep:syllab="1"
            ecep:pron="men">Men</w>
         <pc xml:id="o5155-588950"
             n="280-a-0190"
             ecep:lem=","
             ecep:pos=","
             ecep:reg=","
             ecep:spe=",">,</pc>
         <c> </c>
         <w xml:id="o5155-588960"
            n="280-a-0200"
            ecep:lem="who"
            ecep:pos="r-crq"
            ecep:reg="who"
            ecep:spe="who"
            ecep:syllab="1"
            ecep:pron="huː">who</w>
         <c> </c>
         <w xml:id="o5155-588970"
            n="280-a-0210"
            ecep:lem="act"
            ecep:pos="vvd"
            ecep:reg="acted"
            ecep:spe="acted"
            ecep:syllab="2"
            ecep:pron="ˈæktɪd">acted</w>
         <c> </c>
         <w xml:id="o5155-588980"
            n="280-a-0220"
            ecep:lem="wond'rdus"
            ecep:pos="fw-la"
            ecep:reg="wond'rdus"
            ecep:spe="wond'rdus"
            ecep:syllab="2"
            ecep:pron="wˈʌndədəs">wond'rdus</w>
         <c> </c>
         <w xml:id="o5155-588990"
            n="280-a-0230"
            ecep:lem="thing"
            ecep:pos="n2"
            ecep:reg="things"
            ecep:spe="things"
            ecep:syllab="1"
            ecep:pron="θɪŋz">things</w>
         <pc xml:id="o5155-589000"
             n="280-a-0240"
             ecep:lem=","
             ecep:pos=","
             ecep:reg=","
             ecep:spe=",">,</pc>
      </l>
      <l xml:id="o5155-l31175">
         <w xml:id="o5155-589010"
            n="280-a-0250"
            ecep:lem="though"
            ecep:pos="c-acp"
            ecep:reg="Though"
            ecep:spe="Tho'"
            ecep:syllab="1"
            ecep:pron="ðəʊ">Tho'</w>
         <c> </c>
         <w xml:id="o5155-589020"
            n="280-a-0260"
            ecep:lem="they"
            ecep:pos="pns32"
            ecep:reg="they"
            ecep:spe="they"
            ecep:syllab="1"
            ecep:pron="ðeɪ">they</w>
         <c> </c>
         <w xml:id="o5155-589030"
            n="280-a-0270"
            ecep:lem="yield"
            ecep:pos="vvb"
            ecep:reg="yield"
            ecep:spe="yield"
            ecep:syllab="1"
            ecep:pron="jiːld">yield</w>
         <c> </c>
         <w xml:id="o5155-589040"
            n="280-a-0280"
            ecep:lem="in"
            ecep:pos="p-acp"
            ecep:reg="in"
            ecep:spe="in"
            ecep:syllab="1"
            ecep:pron="ɪn">in</w>
         <c> </c>
         <w xml:id="o5155-589050"
            n="280-a-0290"
            ecep:lem="same"
            ecep:pos="d"
            ecep:reg="same"
            ecep:spe="same"
            ecep:syllab="1"
            ecep:pron="seɪm">same</w>
         <c> </c>
         <w xml:id="o5155-589060"
            n="280-a-0300"
            ecep:lem="to"
            ecep:pos="p-acp"
            ecep:reg="to"
            ecep:spe="to"
            ecep:syllab="1"
            ecep:pron="tuː">to</w>
         <c> </c>
         <w xml:id="o5155-589070"
            n="280-a-0310"
            ecep:lem="thou"
            ecep:pos="pno21"
            ecep:reg="thee"
            ecep:spe="thee"
            ecep:syllab="1"
            ecep:pron="ðiː">thee</w>
         <pc xml:id="o5155-589080"
             n="280-a-0320"
             unit="sentence"
             ecep:lem="."
             ecep:pos="."
             ecep:reg="."
             ecep:spe=".">.</pc>
      </l>
   </lg>
   <lg n="9" xml:id="o5155-s03290">
      <head>
         <w xml:id="o5155-589120"
            n="280-a-0330"
            ecep:lem="ix"
            ecep:pos="crd"
            ecep:reg="IX"
            ecep:spe="IX"
            ecep:syllab="1"
            ecep:pron="rˌəʊmənnˈaɪn">IX</w>
         <pc xml:id="o5155-589130"
             n="280-a-0340"
             unit="sentence"
             ecep:lem="."
             ecep:pos="."
             ecep:reg="."
             ecep:spe=".">.</pc>
      </head>
      <l xml:id="o5155-l31180">
         <w xml:id="o5155-589150"
            n="280-a-0350"
            ecep:lem="foremost"
            ecep:pos="js"
            ecep:reg="Foremost"
            ecep:spe="Foremost"
            ecep:syllab="2"
            ecep:pron="ˈfɔːməʊst">Foremost</w>
         <pc xml:id="o5155-589160"
             n="280-a-0360"
             ecep:lem=","
             ecep:pos=","
             ecep:reg=","
             ecep:spe=",">,</pc>
         <c> </c>
         <w xml:id="o5155-589170"
            n="280-a-0370"
            ecep:lem="in"
            ecep:pos="p-acp"
            ecep:reg="in"
            ecep:spe="in"
            ecep:syllab="1"
            ecep:pron="ɪn">in</w>
         <c> </c>
         <w xml:id="o5155-589180"
            n="280-a-0380"
            ecep:lem="the"
            ecep:pos="dt"
            ecep:reg="the"
            ecep:spe="the"
            ecep:syllab="1"
            ecep:pron="ðiː">the</w>
         <c> </c>
         <w xml:id="o5155-589190"
            n="280-a-0390"
            ecep:lem="patriot-band"
            ecep:pos="n1"
            ecep:reg="patriot-band"
            ecep:spe="patriot-band"
            ecep:syllab="4"
            ecep:pron="ˈpætriətˌbænd">patriot-band</w>
         <pc xml:id="o5155-589200"
             n="280-a-0400"
             ecep:lem=","
             ecep:pos=","
             ecep:reg=","
             ecep:spe=",">,</pc>
      </l>
      <l xml:id="o5155-l31185">
         <w xml:id="o5155-589210"
            n="280-a-0410"
            ecep:lem="shine"
            ecep:pos="vvg"
            ecep:reg="Shining"
            ecep:spe="Shining"
            ecep:syllab="2"
            ecep:pron="ˈʃaɪnɪŋ">Shining</w>
         <c> </c>
         <w xml:id="o5155-589220"
            n="280-a-0420"
            ecep:lem="with"
            ecep:pos="p-acp"
            ecep:reg="with"
            ecep:spe="with"
            ecep:syllab="1"
            ecep:pron="wɪð">with</w>
         <c> </c>
         <w xml:id="o5155-589230"
            n="280-a-0430"
            ecep:lem="distinguish"
            ecep:pos="j-vvn"
            ecep:reg="distinguished"
            ecep:spe="distinguish'd"
            ecep:syllab="3"
            ecep:pron="dɪˈstɪŋgwɪʃt">distinguish'd</w>
         <c> </c>
         <w xml:id="o5155-589240"
            n="280-a-0440"
            ecep:lem="day"
            ecep:pos="n1"
            ecep:reg="day"
            ecep:spe="day"
            ecep:syllab="1"
            ecep:pron="deɪ">day</w>
         <pc xml:id="o5155-589250"
             n="280-a-0450"
             ecep:lem=","
             ecep:pos=","
             ecep:reg=","
             ecep:spe=",">,</pc>
      </l>
      <l xml:id="o5155-l31190">
         <w xml:id="o5155-589260"
            n="280-a-0460"
            ecep:lem="see"
            ecep:pos="vvb"
            ecep:reg="See"
            ecep:spe="See"
            ecep:syllab="1"
            ecep:pron="siː">See</w>
         <c> </c>
         <w xml:id="o5155-589270"
            n="280-a-0470"
            ecep:lem="thy"
            ecep:pos="po21"
            ecep:reg="thy"
            ecep:spe="thy"
            ecep:syllab="1"
            ecep:pron="ðaɪ">thy</w>
         <c> </c>
         <w xml:id="o5155-589280"
            n="280-a-0480"
            ecep:lem="friend"
            ecep:pos="n1"
            ecep:reg="friend"
            ecep:spe="friend"
            ecep:syllab="1"
            ecep:pron="frend">friend</w>
         <pc xml:id="o5155-589290"
             n="280-a-0490"
             ecep:lem=","
             ecep:pos=","
             ecep:reg=","
             ecep:spe=",">,</pc>
         <c> </c>
         <w xml:id="o5155-589300"
            n="280-a-0500"
            ecep:lem="Godolphin"
            ecep:pos="np1"
            ecep:reg="Godolphin"
            ecep:spe="Godolphin"
            ecep:syllab="3"
            ecep:pron="gˈɒdəlfˌɪn">Godolphin</w>
         <c> </c>
         <w xml:id="o5155-589310"
            n="280-a-0510"
            ecep:lem="stand"
            ecep:pos="vvb"
            ecep:reg="stand"
            ecep:spe="stand"
            ecep:syllab="1"
            ecep:pron="stænd">stand</w>
         <pc xml:id="o5155-589320"
             n="280-a-0520"
             unit="sentence"
             ecep:lem="!"
             ecep:pos="!"
             ecep:reg="!"
             ecep:spe="!">!</pc>
      </l>
      <l xml:id="o5155-l31195">
         <w xml:id="o5155-589330"
            n="280-a-0530"
            ecep:lem="see"
            ecep:pos="vvb"
            ecep:reg="See"
            ecep:spe="See"
            ecep:syllab="1"
            ecep:pron="siː">See</w>
         <pc xml:id="o5155-589331"
             n="280-a-0531"
             ecep:lem="!"
             ecep:pos="!"
             ecep:reg="!"
             ecep:spe="!">!</pc>
         <c> </c>
         <w xml:id="o5155-589340"
            n="280-a-0540"
            ecep:lem="he"
            ecep:pos="pns31"
            ecep:reg="he"
            ecep:spe="he"
            ecep:syllab="1"
            ecep:pron="hiː">he</w>
         <c> </c>
         <w xml:id="o5155-589350"
            n="280-a-0550"
            ecep:lem="beckon"
            ecep:pos="vvz"
            ecep:reg="beckons"
            ecep:spe="beckons"
            ecep:syllab="2"
            ecep:pron="ˈbekənz">beckons</w>
         <c> </c>
         <w xml:id="o5155-589360"
            n="280-a-0560"
            ecep:lem="thou"
            ecep:pos="pno21"
            ecep:reg="thee"
            ecep:spe="thee"
            ecep:syllab="1"
            ecep:pron="ðiː">thee</w>
         <c> </c>
         <w xml:id="o5155-589370"
            n="280-a-0570"
            ecep:lem="away"
            ecep:pos="av"
            ecep:reg="away"
            ecep:spe="away"
            ecep:syllab="2"
            ecep:pron="əˈweɪ">away</w>
         <pc xml:id="o5155-589380"
             n="280-a-0580"
             unit="sentence"
             ecep:lem="."
             ecep:pos="."
             ecep:reg="."
             ecep:spe=".">.</pc>
      </l>
   </lg>
   <lg n="10" xml:id="o5155-s03295">
      <head>
         <w xml:id="o5155-589420"
            n="280-a-0590"
            ecep:lem="x."
            ecep:pos="crd"
            ecep:reg="X"
            ecep:spe="X."
            ecep:syllab="1"
            ecep:pron="ˈeks">X.</w>
         <pc unit="sentence" xml:id="o5155-589420-eos" n="280-a-0600"/>
      </head>
      <l xml:id="o5155-l31200">
         <w xml:id="o5155-589440"
            n="280-a-0610"
            ecep:lem="yonder"
            ecep:pos="av-d"
            ecep:reg="Yonder"
            ecep:spe="Yonder"
            ecep:syllab="2"
            ecep:pron="ˈjɒndə">Yonder</w>
         <c> </c>
         <w xml:id="o5155-589450"
            n="280-a-0620"
            ecep:lem="seat"
            ecep:pos="n2"
            ecep:reg="seats"
            ecep:spe="seats"
            ecep:syllab="1"
            ecep:pron="siːts">seats</w>
         <c> </c>
         <w xml:id="o5155-589460"
            n="280-a-0630"
            ecep:lem="and"
            ecep:pos="cc"
            ecep:reg="and"
            ecep:spe="and"
            ecep:syllab="1"
            ecep:pron="ænd">and</w>
         <c> </c>
         <w xml:id="o5155-589470"
            n="280-a-0640"
            ecep:lem="field"
            ecep:pos="n2"
            ecep:reg="fields"
            ecep:spe="fields"
            ecep:syllab="1"
            ecep:pron="fiːldz">fields</w>
         <c> </c>
         <w xml:id="o5155-589480"
            n="280-a-0650"
            ecep:lem="of"
            ecep:pos="pp-f"
            ecep:reg="of"
            ecep:spe="of"
            ecep:syllab="1"
            ecep:pron="ɒv">of</w>
         <c> </c>
         <w xml:id="o5155-589490"
            n="280-a-0660"
            ecep:lem="light"
            ecep:pos="n1"
            ecep:reg="light"
            ecep:spe="light"
            ecep:syllab="1"
            ecep:pron="laɪt">light</w>
      </l>
      <l xml:id="o5155-l31205">
         <w xml:id="o5155-589500"
            n="280-a-0670"
            ecep:lem="let"
            ecep:pos="vvb"
            ecep:reg="Let"
            ecep:spe="Let"
            ecep:syllab="1"
            ecep:pron="let">Let</w>
         <c> </c>
         <w xml:id="o5155-589510"
            n="280-a-0680"
            ecep:lem="thy"
            ecep:pos="po21"
            ecep:reg="thy"
            ecep:spe="thy"
            ecep:syllab="1"
            ecep:pron="ðaɪ">thy</w>
         <c> </c>
         <w xml:id="o5155-589520"
            n="280-a-0690"
            ecep:lem="ravish"
            ecep:pos="j-vvn"
            ecep:reg="ravished"
            ecep:spe="ravish'd"
            ecep:syllab="2"
            ecep:pron="ˈrævɪʃt">ravish'd</w>
         <c> </c>
         <w xml:id="o5155-589530"
            n="280-a-0700"
            ecep:lem="thought"
            ecep:pos="n1"
            ecep:reg="thought"
            ecep:spe="thought"
            ecep:syllab="1"
            ecep:pron="θɔːt">thought</w>
         <c> </c>
         <w xml:id="o5155-589540"
            n="280-a-0710"
            ecep:lem="explore"
            ecep:pos="vvi"
            ecep:reg="explore"
            ecep:spe="explore"
            ecep:syllab="2"
            ecep:pron="ɪkˈsplɔː">explore</w>
         <pc xml:id="o5155-589550"
             n="280-a-0720"
             ecep:lem=";"
             ecep:pos=";"
             ecep:reg=";"
             ecep:spe=";">;</pc>
      </l>
      <l xml:id="o5155-l31210">
         <w xml:id="o5155-589560"
            n="280-a-0730"
            ecep:lem="wish"
            ecep:pos="vvg"
            ecep:reg="Wishing"
            ecep:spe="Wishing"
            ecep:syllab="2"
            ecep:pron="ˈwɪʃɪŋ">Wishing</w>
         <pc xml:id="o5155-589570"
             n="280-a-0740"
             ecep:lem=","
             ecep:pos=","
             ecep:reg=","
             ecep:spe=",">,</pc>
         <c> </c>
         <w xml:id="o5155-589580"
            n="280-a-0750"
            ecep:lem="pant"
            ecep:pos="vvg"
            ecep:reg="panting"
            ecep:spe="panting"
            ecep:syllab="2"
            ecep:pron="ˈpæntɪŋ">panting</w>
         <c> </c>
         <w xml:id="o5155-589590"
            n="280-a-0760"
            ecep:lem="for"
            ecep:pos="p-acp"
            ecep:reg="for"
            ecep:spe="for"
            ecep:syllab="1"
            ecep:pron="fɔː">for</w>
         <c> </c>
         <w xml:id="o5155-589600"
            n="280-a-0770"
            ecep:lem="thy"
            ecep:pos="po21"
            ecep:reg="thy"
            ecep:spe="thy"
            ecep:syllab="1"
            ecep:pron="ðaɪ">thy</w>
         <c> </c>
         <w xml:id="o5155-589610"
            n="280-a-0780"
            ecep:lem="flight"
            ecep:pos="n1"
            ecep:reg="flight"
            ecep:spe="flight"
            ecep:syllab="1"
            ecep:pron="flaɪt">flight</w>
         <pc xml:id="o5155-589620"
             n="280-a-0790"
             unit="sentence"
             ecep:lem="!"
             ecep:pos="!"
             ecep:reg="!"
             ecep:spe="!">!</pc>
      </l>
      <l xml:id="o5155-l31215">
         <w xml:id="o5155-589630"
            n="280-a-0800"
            ecep:lem="half"
            ecep:pos="av-jn"
            ecep:reg="Half"
            ecep:spe="Half"
            ecep:syllab="1"
            ecep:pron="hɑːf">Half</w>
         <c> </c>
         <w xml:id="o5155-589640"
            n="280-a-0810"
            ecep:lem="a"
            ecep:pos="dt"
            ecep:reg="an"
            ecep:spe="an"
            ecep:syllab="1"
            ecep:pron="æn">an</w>
         <c> </c>
         <w xml:id="o5155-589650"
            n="280-a-0820"
            ecep:lem="angel"
            ecep:pos="n1"
            ecep:reg="angel"
            ecep:spe="angel"
            ecep:syllab="2"
            ecep:pron="ˈeɪndʒl">angel</w>
         <pc xml:id="o5155-589660"
             n="280-a-0830"
             ecep:lem=";"
             ecep:pos=";"
             ecep:reg=";"
             ecep:spe=";">;</pc>
         <c> </c>
         <w xml:id="o5155-589670"
            n="280-a-0840"
            ecep:lem="man"
            ecep:pos="n1"
            ecep:reg="man"
            ecep:spe="man"
            ecep:syllab="1"
            ecep:pron="mæn">man</w>
         <c> </c>
         <w xml:id="o5155-589680"
            n="280-a-0850"
            ecep:lem="no"
            ecep:pos="dx"
            ecep:reg="no"
            ecep:spe="no"
            ecep:syllab="1"
            ecep:pron="nəʊ">no</w>
         <c> </c>
         <w xml:id="o5155-589690"
            n="280-a-0860"
            ecep:lem="more"
            ecep:pos="av-dc"
            ecep:reg="more"
            ecep:spe="more"
            ecep:syllab="1"
            ecep:pron="mɔː">more</w>
         <pc xml:id="o5155-589700"
             n="280-a-0870"
             unit="sentence"
             ecep:lem="."
             ecep:pos="."
             ecep:reg="."
             ecep:spe=".">.</pc>
      </l>
   </lg>
</div>
