<?xml version="1.0" encoding="UTF-8"?>
<?xml-model href="../tei_all.rnc" type="application/relax-ng-compact-syntax"?>
<TEI xmlns="http://www.tei-c.org/ns/1.0">
   <teiHeader>
      <fileDesc>
         <titleStmt>
            <title corresp="#txt_PrioMa1664_w0065">A SIMILE.</title>
            <author corresp="authors.xml#aut_PrioMa1664">Matthew Prior</author>
            <respStmt>
               <name xml:id="AH">Alexander Huber</name>
               <resp>Editor</resp>
            </respStmt>
            <funder>
               <name type="institution" xml:id="BOD">Bodleian Libraries, University of Oxford</name>
               <address>
                  <addrLine>Broad Street</addrLine>
                  <addrLine>Oxford OX1 3BG</addrLine>
                  <addrLine>UK</addrLine>
               </address>
            </funder>
         </titleStmt>
         <publicationStmt>
            <publisher xml:id="ECPA">Eighteenth-Century Poetry Archive</publisher>
            <address>
               <addrLine>Taylor Institution Library</addrLine>
               <addrLine>St Giles'</addrLine>
               <addrLine>Oxford OX1 3NA</addrLine>
               <addrLine>UK</addrLine>
               <addrLine>
                  <email>info@eighteenthcenturypoetry.org</email>
               </addrLine>
               <addrLine>
                  <ref target="https://www.eighteenthcenturypoetry.org/">https://www.eighteenthcenturypoetry.org/</ref>
               </addrLine>
            </address>
            <pubPlace>Oxford</pubPlace>
            <availability status="restricted">
               <licence target="http://creativecommons.org/licenses/by-sa/3.0/">This work is licensed under a Creative Commons Attribution-ShareAlike 3.0 Unported License.</licence>
            </availability>
            <idno type="ESTC">T075639</idno>
         </publicationStmt>
         <sourceDesc>
            <bibl>
               <author>Prior, Matthew, 1664-1721.</author>
               <title>Poems on Several Occasions [English poems only].</title>
               <pubPlace>London</pubPlace>
               <publisher>Printed for JACOB TONSON at Shakespear's-Head over against Katharine-Street in the Strand, and JOHN BARBER upon Lambeth-Hill. MDCCXVIII.</publisher>
               <date>1718</date>
               <biblScope>pp. 195-196.</biblScope>
               <extent>[42],506,[6]p.: ill.; 2°.</extent>
            </bibl>
         </sourceDesc>
      </fileDesc>
      <encodingDesc>
         <projectDesc>
            <p>This e-text is part of the Works section of the Eighteenth-Century Poetry Archive (ECPA).</p>
            <p>XML created for the Eighteenth-Century Poetry Archive (ECPA).</p>
         </projectDesc>
         <editorialDecl>
            <p>Typography, spelling, capitalization, and punctuation have been cautiously modernized. The source of the text is given and all significant
						editorial interventions have been recorded in textual notes. This  text has been edited to conform to the recommendations found 
						in Level 5 of the
						Best Practices for TEI in Libraries version 4.0.0.
					</p>
         </editorialDecl>
         <classDecl>
            <taxonomy xml:id="LCNAF">
               <bibl>Library of Congress Name Authority File (<abbr>LCNAF</abbr>)</bibl>
            </taxonomy>
         </classDecl>
         <tagsDecl>
            <rendition n="linegroups indented" xml:id="lgindent" scheme="css">text-indent: 1em;</rendition>
            <rendition n="linegroups vertically spaced" xml:id="lgvspace" scheme="css">margin-bottom: 1em;</rendition>
            <rendition n="aligned centrally" xml:id="align-center" scheme="css">text-align: center;</rendition>
            <rendition n="aligned right" xml:id="align-right" scheme="css">text-align: right;</rendition>
            <rendition n="aligned left" xml:id="align-left" scheme="css">text-align: left;</rendition>
            <rendition n="inline" xml:id="inline" scheme="css">display: inline</rendition>
            <rendition n="italic" xml:id="i" scheme="css">font-style: italic;</rendition>
            <rendition n="bold" xml:id="b" scheme="css">font-weight: bold;</rendition>
         </tagsDecl>
      </encodingDesc>
   </teiHeader>
   <text>
      <body>
         <div xmlns:ecep="http://www.eighteenthcenturypoetry.org/ns"
              ana="#iamb #tetrameter #couplet #pair #epigram"
              corresp="#txt_PrioMa1664_w0065"
              decls="#semi-normalized"
              ecep:syllab="8"
              met="-+|-+|-+|-+/"
              rendition="#lgvspace"
              rhyme="aa"
              subtype="eceptext"
              type="poem"
              xml:id="pmp18-w0620">
            <link target="authors.xml#aut_PrioMa1664" type="author"/>
            <head type="main">
               <w xmlns:ecep="http://www.eighteenthcenturypoetry.org/ns"
                  xml:id="pmp18-0406270"
                  n="a-1070"
                  ecep:lem="a"
                  ecep:pos="dt"
                  ecep:reg="A"
                  ecep:spe="A"
                  ecep:syllab="1"
                  ecep:pron="ə">A</w>
               <c> </c>
               <w xmlns:ecep="http://www.eighteenthcenturypoetry.org/ns"
                  xml:id="pmp18-0406280"
                  n="a-1080"
                  ecep:lem="simile"
                  ecep:pos="n1"
                  ecep:reg="SIMILE"
                  ecep:spe="SIMILE"
                  ecep:syllab="3"
                  ecep:pron="ˈsɪmɪli">SIMILE</w>
               <pc xmlns:ecep="http://www.eighteenthcenturypoetry.org/ns"
                   xml:id="pmp18-0406290"
                   n="a-1090"
                   unit="sentence"
                   ecep:lem="."
                   ecep:pos="."
                   ecep:reg="."
                   ecep:spe=".">.</pc>
            </head>
            <lg xml:id="pmp18-s02645">
               <l n="1" xml:id="pmp18-l19375">
                  <hi rendition="#sc">
                     <w xmlns:ecep="http://www.eighteenthcenturypoetry.org/ns"
                        xml:id="pmp18-0406320"
                        n="a-1100"
                        ecep:lem="dear"
                        ecep:pos="j-jn"
                        ecep:reg="Dear"
                        ecep:spe="Dear"
                        ecep:syllab="1"
                        ecep:pron="dɪə">Dear</w>
                     <c> </c>
                     <w xmlns:ecep="http://www.eighteenthcenturypoetry.org/ns"
                        xml:id="pmp18-0406330"
                        n="a-1110"
                        ecep:lem="Thomas"
                        ecep:pos="np1"
                        ecep:reg="Thomas"
                        ecep:spe="Thomas"
                        ecep:syllab="2"
                        ecep:pron="ˈtɒməs">Thomas</w>
                  </hi>
                  <pc xmlns:ecep="http://www.eighteenthcenturypoetry.org/ns"
                      xml:id="pmp18-0406340"
                      n="a-1120"
                      ecep:lem=","
                      ecep:pos=","
                      ecep:reg=","
                      ecep:spe=",">,</pc>
                  <c> </c>
                  <w xmlns:ecep="http://www.eighteenthcenturypoetry.org/ns"
                     xml:id="pmp18-0406350"
                     n="a-1130"
                     ecep:lem="do"
                     ecep:pos="vdd2"
                     ecep:reg="didst"
                     ecep:spe="didst"
                     ecep:syllab="1"
                     ecep:pron="dɪdst">didst</w>
                  <c> </c>
                  <w xmlns:ecep="http://www.eighteenthcenturypoetry.org/ns"
                     xml:id="pmp18-0406360"
                     n="a-1140"
                     ecep:lem="thou"
                     ecep:pos="pns21"
                     ecep:reg="Thou"
                     ecep:spe="Thou"
                     ecep:syllab="1"
                     ecep:pron="θaʊ">Thou</w>
                  <c> </c>
                  <w xmlns:ecep="http://www.eighteenthcenturypoetry.org/ns"
                     xml:id="pmp18-0406370"
                     n="a-1150"
                     ecep:lem="never"
                     ecep:pos="av-x"
                     ecep:reg="never"
                     ecep:spe="never"
                     ecep:syllab="2"
                     ecep:pron="ˈnevə">never</w>
                  <c> </c>
                  <w xmlns:ecep="http://www.eighteenthcenturypoetry.org/ns"
                     xml:id="pmp18-0406380"
                     n="a-1160"
                     ecep:lem="pop"
                     ecep:pos="vvi"
                     ecep:reg="pop"
                     ecep:spe="pop"
                     ecep:syllab="1"
                     ecep:pron="pɒp">pop</w>
               </l>
               <l n="2" xml:id="pmp18-l19380">
                  <c> </c>
                  <w xmlns:ecep="http://www.eighteenthcenturypoetry.org/ns"
                     xml:id="pmp18-0406390"
                     n="a-1170"
                     ecep:lem="thy"
                     ecep:pos="po21"
                     ecep:reg="Thy"
                     ecep:spe="Thy"
                     ecep:syllab="1"
                     ecep:pron="ðaɪ">Thy</w>
                  <c> </c>
                  <w xmlns:ecep="http://www.eighteenthcenturypoetry.org/ns"
                     xml:id="pmp18-0406400"
                     n="a-1180"
                     ecep:lem="head"
                     ecep:pos="n1"
                     ecep:reg="Head"
                     ecep:spe="Head"
                     ecep:syllab="1"
                     ecep:pron="hed">Head</w>
                  <c> </c>
                  <w xmlns:ecep="http://www.eighteenthcenturypoetry.org/ns"
                     xml:id="pmp18-0406410"
                     n="a-1190"
                     ecep:lem="into"
                     ecep:pos="p-acp"
                     ecep:reg="into"
                     ecep:spe="into"
                     ecep:syllab="2"
                     ecep:pron="ˈɪntə">into</w>
                  <c> </c>
                  <w xmlns:ecep="http://www.eighteenthcenturypoetry.org/ns"
                     xml:id="pmp18-0406420"
                     n="a-1200"
                     ecep:lem="a"
                     ecep:pos="dt"
                     ecep:reg="a"
                     ecep:spe="a"
                     ecep:syllab="1"
                     ecep:pron="ə">a</w>
                  <c> </c>
                  <w xmlns:ecep="http://www.eighteenthcenturypoetry.org/ns"
                     xml:id="pmp18-0406430"
                     n="a-1210"
                     ecep:lem="tin-man"
                     ecep:pos="ng1"
                     ecep:reg="Tin-man's"
                     ecep:spe="Tin-man's"
                     ecep:syllab="2"
                     ecep:pron="tɪnˌˈmænz">Tin-man's</w>
                  <c> </c>
                  <w xmlns:ecep="http://www.eighteenthcenturypoetry.org/ns"
                     xml:id="pmp18-0406440"
                     n="a-1220"
                     ecep:lem="shop"
                     ecep:pos="n1"
                     ecep:reg="Shop"
                     ecep:spe="Shop"
                     ecep:syllab="1"
                     ecep:pron="ʃɒp">Shop</w>
                  <pc xmlns:ecep="http://www.eighteenthcenturypoetry.org/ns"
                      xml:id="pmp18-0406450"
                      n="a-1230"
                      unit="sentence"
                      ecep:lem="?"
                      ecep:pos="?"
                      ecep:reg="?"
                      ecep:spe="?">?</pc>
                  <c> </c>
               </l>
               <l n="3" xml:id="pmp18-l19385">
                  <w xmlns:ecep="http://www.eighteenthcenturypoetry.org/ns"
                     xml:id="pmp18-0406460"
                     n="a-1240"
                     ecep:lem="there"
                     ecep:pos="a-acp"
                     ecep:reg="There"
                     ecep:spe="There"
                     ecep:syllab="1"
                     ecep:pron="ðeə">There</w>
                  <pc xmlns:ecep="http://www.eighteenthcenturypoetry.org/ns"
                      xml:id="pmp18-0406470"
                      n="a-1250"
                      ecep:lem=","
                      ecep:pos=","
                      ecep:reg=","
                      ecep:spe=",">,</pc>
                  <c> </c>
                  <hi rendition="#sc">
                     <w xmlns:ecep="http://www.eighteenthcenturypoetry.org/ns"
                        xml:id="pmp18-0406480"
                        n="a-1260"
                        ecep:lem="Thomas"
                        ecep:pos="np1"
                        ecep:reg="Thomas"
                        ecep:spe="Thomas"
                        ecep:syllab="2"
                        ecep:pron="ˈtɒməs">Thomas</w>
                  </hi>
                  <pc xmlns:ecep="http://www.eighteenthcenturypoetry.org/ns"
                      xml:id="pmp18-0406490"
                      n="a-1270"
                      ecep:lem=","
                      ecep:pos=","
                      ecep:reg=","
                      ecep:spe=",">,</pc>
                  <c> </c>
                  <w xmlns:ecep="http://www.eighteenthcenturypoetry.org/ns"
                     xml:id="pmp18-0406500"
                     n="a-1280"
                     ecep:lem="do"
                     ecep:pos="vdd2"
                     ecep:reg="didst"
                     ecep:spe="didst"
                     ecep:syllab="1"
                     ecep:pron="dɪdst">didst</w>
                  <c> </c>
                  <w xmlns:ecep="http://www.eighteenthcenturypoetry.org/ns"
                     xml:id="pmp18-0406510"
                     n="a-1290"
                     ecep:lem="thou"
                     ecep:pos="pns21"
                     ecep:reg="Thou"
                     ecep:spe="Thou"
                     ecep:syllab="1"
                     ecep:pron="θaʊ">Thou</w>
                  <c> </c>
                  <w xmlns:ecep="http://www.eighteenthcenturypoetry.org/ns"
                     xml:id="pmp18-0406520"
                     n="a-1300"
                     ecep:lem="never"
                     ecep:pos="av-x"
                     ecep:reg="never"
                     ecep:spe="never"
                     ecep:syllab="2"
                     ecep:pron="ˈnevə">never</w>
                  <c> </c>
                  <w xmlns:ecep="http://www.eighteenthcenturypoetry.org/ns"
                     xml:id="pmp18-0406530"
                     n="a-1310"
                     ecep:lem="see"
                     ecep:pos="vvi"
                     ecep:reg="see"
                     ecep:spe="see"
                     ecep:syllab="1"
                     ecep:pron="siː">see</w>
               </l>
               <l n="4" xml:id="pmp18-l19390">
                  <c> </c>
                  <pc xmlns:ecep="http://www.eighteenthcenturypoetry.org/ns"
                      xml:id="pmp18-0406540"
                      n="a-1320"
                      ecep:lem="("
                      ecep:pos="("
                      ecep:reg="("
                      ecep:spe="(">(</pc>
                  <w xmlns:ecep="http://www.eighteenthcenturypoetry.org/ns"
                     xml:id="pmp18-0406550"
                     n="a-1330"
                     ecep:lem="it|be"
                     ecep:pos="pn31|vbz"
                     ecep:reg="It's"
                     ecep:spe="'Tis"
                     ecep:syllab="1"
                     ecep:pron="tɪz">'Tis</w>
                  <c> </c>
                  <w xmlns:ecep="http://www.eighteenthcenturypoetry.org/ns"
                     xml:id="pmp18-0406560"
                     n="a-1340"
                     ecep:lem="but"
                     ecep:pos="cc-acp"
                     ecep:reg="but"
                     ecep:spe="but"
                     ecep:syllab="1"
                     ecep:pron="bʌt">but</w>
                  <c> </c>
                  <w xmlns:ecep="http://www.eighteenthcenturypoetry.org/ns"
                     xml:id="pmp18-0406570"
                     n="a-1350"
                     ecep:lem="by"
                     ecep:pos="p-acp"
                     ecep:reg="by"
                     ecep:spe="by"
                     ecep:syllab="1"
                     ecep:pron="baɪ">by</w>
                  <c> </c>
                  <w xmlns:ecep="http://www.eighteenthcenturypoetry.org/ns"
                     xml:id="pmp18-0406580"
                     n="a-1360"
                     ecep:lem="way"
                     ecep:pos="n1"
                     ecep:reg="way"
                     ecep:spe="way"
                     ecep:syllab="1"
                     ecep:pron="weɪ">way</w>
                  <c> </c>
                  <w xmlns:ecep="http://www.eighteenthcenturypoetry.org/ns"
                     xml:id="pmp18-0406590"
                     n="a-1370"
                     ecep:lem="of"
                     ecep:pos="pp-f"
                     ecep:reg="of"
                     ecep:spe="of"
                     ecep:syllab="1"
                     ecep:pron="ɒv">of</w>
                  <c> </c>
                  <w xmlns:ecep="http://www.eighteenthcenturypoetry.org/ns"
                     xml:id="pmp18-0406600"
                     n="a-1380"
                     ecep:lem="simile"
                     ecep:pos="n1"
                     ecep:reg="Simile"
                     ecep:spe="Simile"
                     ecep:syllab="3"
                     ecep:pron="ˈsɪmɪli">Simile</w>
                  <pc xmlns:ecep="http://www.eighteenthcenturypoetry.org/ns"
                      xml:id="pmp18-0406610"
                      n="a-1390"
                      ecep:lem=")"
                      ecep:pos=")"
                      ecep:reg=")"
                      ecep:spe=")">)</pc>
               </l>
               <l n="5" xml:id="pmp18-l19395">
                  <c> </c>
                  <hi rendition="#sc">
                     <w xmlns:ecep="http://www.eighteenthcenturypoetry.org/ns"
                        xml:id="pmp18-0406620"
                        n="a-1400"
                        ecep:lem="a"
                        ecep:pos="dt"
                        ecep:reg="A"
                        ecep:spe="A"
                        ecep:syllab="1"
                        ecep:pron="ə">A</w>
                     <c> </c>
                     <w xmlns:ecep="http://www.eighteenthcenturypoetry.org/ns"
                        xml:id="pmp18-0406630"
                        n="a-1410"
                        ecep:lem="squirrel"
                        ecep:pos="n1"
                        ecep:reg="Squirrel"
                        ecep:spe="Squirrel"
                        ecep:syllab="2"
                        ecep:pron="ˈskwɪrl">Squirrel</w>
                  </hi>
                  <c> </c>
                  <w xmlns:ecep="http://www.eighteenthcenturypoetry.org/ns"
                     xml:id="pmp18-0406640"
                     n="a-1420"
                     ecep:lem="spend"
                     ecep:pos="vvi"
                     ecep:reg="spend"
                     ecep:spe="spend"
                     ecep:syllab="1"
                     ecep:pron="spend">spend</w>
                  <c> </c>
                  <w xmlns:ecep="http://www.eighteenthcenturypoetry.org/ns"
                     xml:id="pmp18-0406650"
                     n="a-1430"
                     ecep:lem="his"
                     ecep:pos="po31"
                     ecep:reg="his"
                     ecep:spe="his"
                     ecep:syllab="1"
                     ecep:pron="hɪz">his</w>
                  <c> </c>
                  <w xmlns:ecep="http://www.eighteenthcenturypoetry.org/ns"
                     xml:id="pmp18-0406660"
                     n="a-1440"
                     ecep:lem="little"
                     ecep:pos="j"
                     ecep:reg="little"
                     ecep:spe="little"
                     ecep:syllab="2"
                     ecep:pron="ˈlɪtl">little</w>
                  <c> </c>
                  <w xmlns:ecep="http://www.eighteenthcenturypoetry.org/ns"
                     xml:id="pmp18-0406670"
                     n="a-1450"
                     ecep:lem="rage"
                     ecep:pos="n1"
                     ecep:reg="Rage"
                     ecep:spe="Rage"
                     ecep:syllab="1"
                     ecep:pron="reɪdʒ">Rage</w>
                  <pc xmlns:ecep="http://www.eighteenthcenturypoetry.org/ns"
                      xml:id="pmp18-0406680"
                      n="a-1460"
                      ecep:lem=","
                      ecep:pos=","
                      ecep:reg=","
                      ecep:spe=",">,</pc>
               </l>
               <l n="6" xml:id="pmp18-l19400">
                  <c> </c>
                  <w xmlns:ecep="http://www.eighteenthcenturypoetry.org/ns"
                     xml:id="pmp18-0406690"
                     n="a-1470"
                     ecep:lem="in"
                     ecep:pos="p-acp"
                     ecep:reg="In"
                     ecep:spe="In"
                     ecep:syllab="1"
                     ecep:pron="ɪn">In</w>
                  <c> </c>
                  <w xmlns:ecep="http://www.eighteenthcenturypoetry.org/ns"
                     xml:id="pmp18-0406700"
                     n="a-1480"
                     ecep:lem="jump"
                     ecep:pos="vvg"
                     ecep:reg="jumping"
                     ecep:spe="jumping"
                     ecep:syllab="2"
                     ecep:pron="dʒʌmpɪŋ">jumping</w>
                  <c> </c>
                  <w xmlns:ecep="http://www.eighteenthcenturypoetry.org/ns"
                     xml:id="pmp18-0406710"
                     n="a-1490"
                     ecep:lem="round"
                     ecep:pos="av-j"
                     ecep:reg="round"
                     ecep:spe="round"
                     ecep:syllab="1"
                     ecep:pron="raʊnd">round</w>
                  <c> </c>
                  <w xmlns:ecep="http://www.eighteenthcenturypoetry.org/ns"
                     xml:id="pmp18-0406720"
                     n="a-1500"
                     ecep:lem="a"
                     ecep:pos="dt"
                     ecep:reg="a"
                     ecep:spe="a"
                     ecep:syllab="1"
                     ecep:pron="ə">a</w>
                  <c> </c>
                  <w xmlns:ecep="http://www.eighteenthcenturypoetry.org/ns"
                     xml:id="pmp18-0406730"
                     n="a-1510"
                     ecep:lem="roll"
                     ecep:pos="j-vvg"
                     ecep:reg="rolling"
                     ecep:spe="rowling"
                     ecep:syllab="2"
                     ecep:pron="rˈəʊlɪŋ">rowling</w>
                  <c> </c>
                  <w xmlns:ecep="http://www.eighteenthcenturypoetry.org/ns"
                     xml:id="pmp18-0406740"
                     n="a-1520"
                     ecep:lem="cage"
                     ecep:pos="n1"
                     ecep:reg="Cage"
                     ecep:spe="Cage"
                     ecep:syllab="1"
                     ecep:pron="keɪdʒ">Cage</w>
                  <pc xmlns:ecep="http://www.eighteenthcenturypoetry.org/ns"
                      xml:id="pmp18-0406750"
                      n="a-1530"
                      unit="sentence"
                      ecep:lem="?"
                      ecep:pos="?"
                      ecep:reg="?"
                      ecep:spe="?">?</pc>
                  <c> </c>
               </l>
               <l n="7" xml:id="pmp18-l19405">
                  <w xmlns:ecep="http://www.eighteenthcenturypoetry.org/ns"
                     xml:id="pmp18-0406760"
                     n="a-1540"
                     ecep:lem="the"
                     ecep:pos="dt"
                     ecep:reg="The"
                     ecep:spe="The"
                     ecep:syllab="1"
                     ecep:pron="ðiː">The</w>
                  <c> </c>
                  <w xmlns:ecep="http://www.eighteenthcenturypoetry.org/ns"
                     xml:id="pmp18-0406770"
                     n="a-1550"
                     ecep:lem="cage"
                     ecep:pos="n1"
                     ecep:reg="Cage"
                     ecep:spe="Cage"
                     ecep:syllab="1"
                     ecep:pron="keɪdʒ">Cage</w>
                  <pc xmlns:ecep="http://www.eighteenthcenturypoetry.org/ns"
                      xml:id="pmp18-0406780"
                      n="a-1560"
                      ecep:lem=","
                      ecep:pos=","
                      ecep:reg=","
                      ecep:spe=",">,</pc>
                  <c> </c>
                  <w xmlns:ecep="http://www.eighteenthcenturypoetry.org/ns"
                     xml:id="pmp18-0406790"
                     n="a-1570"
                     ecep:lem="as"
                     ecep:pos="c-acp"
                     ecep:reg="as"
                     ecep:spe="as"
                     ecep:syllab="1"
                     ecep:pron="æz">as</w>
                  <c> </c>
                  <w xmlns:ecep="http://www.eighteenthcenturypoetry.org/ns"
                     xml:id="pmp18-0406800"
                     n="a-1580"
                     ecep:lem="either"
                     ecep:pos="d"
                     ecep:reg="either"
                     ecep:spe="either"
                     ecep:syllab="2"
                     ecep:pron="ˈaɪðə">either</w>
                  <c> </c>
                  <w xmlns:ecep="http://www.eighteenthcenturypoetry.org/ns"
                     xml:id="pmp18-0406810"
                     n="a-1590"
                     ecep:lem="side"
                     ecep:pos="n1"
                     ecep:reg="Side"
                     ecep:spe="Side"
                     ecep:syllab="1"
                     ecep:pron="saɪd">Side</w>
                  <c> </c>
                  <w xmlns:ecep="http://www.eighteenthcenturypoetry.org/ns"
                     xml:id="pmp18-0406820"
                     n="a-1600"
                     ecep:lem="turn"
                     ecep:pos="vvd"
                     ecep:reg="turned"
                     ecep:spe="turn'd"
                     ecep:syllab="1"
                     ecep:pron="tɜːnd">turn'd</w>
                  <c> </c>
                  <w xmlns:ecep="http://www.eighteenthcenturypoetry.org/ns"
                     xml:id="pmp18-0406830"
                     n="a-1610"
                     ecep:lem="up"
                     ecep:pos="a-acp"
                     ecep:reg="up"
                     ecep:spe="up"
                     ecep:syllab="1"
                     ecep:pron="ʌp">up</w>
                  <pc xmlns:ecep="http://www.eighteenthcenturypoetry.org/ns"
                      xml:id="pmp18-0406840"
                      n="a-1620"
                      ecep:lem=","
                      ecep:pos=","
                      ecep:reg=","
                      ecep:spe=",">,</pc>
               </l>
               <l n="8" xml:id="pmp18-l19410">
                  <c> </c>
                  <w xmlns:ecep="http://www.eighteenthcenturypoetry.org/ns"
                     xml:id="pmp18-0406850"
                     n="a-1630"
                     ecep:lem="strike"
                     ecep:pos="vvg"
                     ecep:reg="Striking"
                     ecep:spe="Striking"
                     ecep:syllab="2"
                     ecep:pron="straɪkɪŋ">Striking</w>
                  <c> </c>
                  <w xmlns:ecep="http://www.eighteenthcenturypoetry.org/ns"
                     xml:id="pmp18-0406860"
                     n="a-1640"
                     ecep:lem="a"
                     ecep:pos="dt"
                     ecep:reg="a"
                     ecep:spe="a"
                     ecep:syllab="1"
                     ecep:pron="ə">a</w>
                  <c> </c>
                  <w xmlns:ecep="http://www.eighteenthcenturypoetry.org/ns"
                     xml:id="pmp18-0406870"
                     n="a-1650"
                     ecep:lem="ring"
                     ecep:pos="n1"
                     ecep:reg="Ring"
                     ecep:spe="Ring"
                     ecep:syllab="1"
                     ecep:pron="rɪŋ">Ring</w>
                  <c> </c>
                  <w xmlns:ecep="http://www.eighteenthcenturypoetry.org/ns"
                     xml:id="pmp18-0406880"
                     n="a-1660"
                     ecep:lem="of"
                     ecep:pos="pp-f"
                     ecep:reg="of"
                     ecep:spe="of"
                     ecep:syllab="1"
                     ecep:pron="ɒv">of</w>
                  <c> </c>
                  <w xmlns:ecep="http://www.eighteenthcenturypoetry.org/ns"
                     xml:id="pmp18-0406890"
                     n="a-1670"
                     ecep:lem="Bell"
                     ecep:pos="np1"
                     ecep:reg="Bells"
                     ecep:spe="Bells"
                     ecep:syllab="1"
                     ecep:pron="belz">Bells</w>
                  <c> </c>
                  <w xmlns:ecep="http://www.eighteenthcenturypoetry.org/ns"
                     xml:id="pmp18-0406900"
                     n="a-1680"
                     ecep:lem="a-top"
                     ecep:pos="av"
                     ecep:reg="atop"
                     ecep:spe="a-top"
                     ecep:syllab="2"
                     ecep:pron="əˌtɒp">a-top</w>
                  <c> </c>
                  <pc xmlns:ecep="http://www.eighteenthcenturypoetry.org/ns"
                      xml:id="pmp18-0406910"
                      n="a-1690"
                      ecep:lem="—"
                      ecep:pos="—"
                      ecep:reg="—"
                      ecep:spe="—">—</pc>
                  <pc xmlns:ecep="http://www.eighteenthcenturypoetry.org/ns"
                      xml:id="pmp18-0406920"
                      n="a-1700"
                      unit="sentence"
                      ecep:lem="?"
                      ecep:pos="?"
                      ecep:reg="?"
                      ecep:spe="?">?</pc>
                  <c> </c>
               </l>
            </lg>
            <lg xml:id="pmp18-s02650">
               <l n="9" xml:id="pmp18-l19415">
                  <w xmlns:ecep="http://www.eighteenthcenturypoetry.org/ns"
                     xml:id="pmp18-0406950"
                     n="a-1710"
                     ecep:lem="move"
                     ecep:pos="vvn"
                     ecep:reg="Moved"
                     ecep:spe="Mov'd"
                     ecep:syllab="1"
                     ecep:pron="muːvd">Mov'd</w>
                  <c> </c>
                  <w xmlns:ecep="http://www.eighteenthcenturypoetry.org/ns"
                     xml:id="pmp18-0406960"
                     n="a-1720"
                     ecep:lem="in"
                     ecep:pos="p-acp"
                     ecep:reg="in"
                     ecep:spe="in"
                     ecep:syllab="1"
                     ecep:pron="ɪn">in</w>
                  <c> </c>
                  <w xmlns:ecep="http://www.eighteenthcenturypoetry.org/ns"
                     xml:id="pmp18-0406970"
                     n="a-1730"
                     ecep:lem="the"
                     ecep:pos="dt"
                     ecep:reg="the"
                     ecep:spe="the"
                     ecep:syllab="1"
                     ecep:pron="ðiː">the</w>
                  <c> </c>
                  <w xmlns:ecep="http://www.eighteenthcenturypoetry.org/ns"
                     xml:id="pmp18-0406980"
                     n="a-1740"
                     ecep:lem="orb"
                     ecep:pos="n1"
                     ecep:reg="Orb"
                     ecep:spe="Orb"
                     ecep:syllab="1"
                     ecep:pron="ɔːb">Orb</w>
                  <pc xmlns:ecep="http://www.eighteenthcenturypoetry.org/ns"
                      xml:id="pmp18-0406990"
                      n="a-1750"
                      ecep:lem=","
                      ecep:pos=","
                      ecep:reg=","
                      ecep:spe=",">,</pc>
                  <c> </c>
                  <w xmlns:ecep="http://www.eighteenthcenturypoetry.org/ns"
                     xml:id="pmp18-0407000"
                     n="a-1760"
                     ecep:lem="please"
                     ecep:pos="vvn"
                     ecep:reg="pleased"
                     ecep:spe="pleas'd"
                     ecep:syllab="1"
                     ecep:pron="pliːzd">pleas'd</w>
                  <c> </c>
                  <w xmlns:ecep="http://www.eighteenthcenturypoetry.org/ns"
                     xml:id="pmp18-0407010"
                     n="a-1770"
                     ecep:lem="with"
                     ecep:pos="p-acp"
                     ecep:reg="with"
                     ecep:spe="with"
                     ecep:syllab="1"
                     ecep:pron="wɪð">with</w>
                  <c> </c>
                  <w xmlns:ecep="http://www.eighteenthcenturypoetry.org/ns"
                     xml:id="pmp18-0407020"
                     n="a-1780"
                     ecep:lem="the"
                     ecep:pos="dt"
                     ecep:reg="the"
                     ecep:spe="the"
                     ecep:syllab="1"
                     ecep:pron="ðiː">the</w>
                  <c> </c>
                  <w xmlns:ecep="http://www.eighteenthcenturypoetry.org/ns"
                     xml:id="pmp18-0407030"
                     n="a-1790"
                     ecep:lem="chime"
                     ecep:pos="n2"
                     ecep:reg="Chimes"
                     ecep:spe="Chimes"
                     ecep:syllab="1"
                     ecep:pron="tʃaɪmz">Chimes</w>
                  <pc xmlns:ecep="http://www.eighteenthcenturypoetry.org/ns"
                      xml:id="pmp18-0407040"
                      n="a-1800"
                      ecep:lem=","
                      ecep:pos=","
                      ecep:reg=","
                      ecep:spe=",">,</pc>
               </l>
               <l n="10" xml:id="pmp18-l19420">
                  <c> </c>
                  <w xmlns:ecep="http://www.eighteenthcenturypoetry.org/ns"
                     xml:id="pmp18-0407050"
                     n="a-1810"
                     ecep:lem="the"
                     ecep:pos="dt"
                     ecep:reg="The"
                     ecep:spe="The"
                     ecep:syllab="1"
                     ecep:pron="ðiː">The</w>
                  <c> </c>
                  <w xmlns:ecep="http://www.eighteenthcenturypoetry.org/ns"
                     xml:id="pmp18-0407060"
                     n="a-1820"
                     ecep:lem="foolish"
                     ecep:pos="j"
                     ecep:reg="foolish"
                     ecep:spe="foolish"
                     ecep:syllab="2"
                     ecep:pron="ˈfuːlɪʃ">foolish</w>
                  <c> </c>
                  <w xmlns:ecep="http://www.eighteenthcenturypoetry.org/ns"
                     xml:id="pmp18-0407070"
                     n="a-1830"
                     ecep:lem="creature"
                     ecep:pos="n1"
                     ecep:reg="Creature"
                     ecep:spe="Creature"
                     ecep:syllab="2"
                     ecep:pron="ˈkriːtʃə">Creature</w>
                  <c> </c>
                  <w xmlns:ecep="http://www.eighteenthcenturypoetry.org/ns"
                     xml:id="pmp18-0407080"
                     n="a-1840"
                     ecep:lem="think"
                     ecep:pos="vvz"
                     ecep:reg="thinks"
                     ecep:spe="thinks"
                     ecep:syllab="1"
                     ecep:pron="θɪŋks">thinks</w>
                  <c> </c>
                  <w xmlns:ecep="http://www.eighteenthcenturypoetry.org/ns"
                     xml:id="pmp18-0407090"
                     n="a-1850"
                     ecep:lem="he"
                     ecep:pos="pns31"
                     ecep:reg="he"
                     ecep:spe="he"
                     ecep:syllab="1"
                     ecep:pron="hiː">he</w>
                  <c> </c>
                  <w xmlns:ecep="http://www.eighteenthcenturypoetry.org/ns"
                     xml:id="pmp18-0407100"
                     n="a-1860"
                     ecep:lem="climb"
                     ecep:pos="vvz"
                     ecep:reg="climbs"
                     ecep:spe="climbs"
                     ecep:syllab="1"
                     ecep:pron="klaɪmz">climbs</w>
                  <pc xmlns:ecep="http://www.eighteenthcenturypoetry.org/ns"
                      xml:id="pmp18-0407110"
                      n="a-1870"
                      ecep:lem=":"
                      ecep:pos=":"
                      ecep:reg=":"
                      ecep:spe=":">:</pc>
               </l>
               <l n="11" xml:id="pmp18-l19425">
                  <c> </c>
                  <w xmlns:ecep="http://www.eighteenthcenturypoetry.org/ns"
                     xml:id="pmp18-0407120"
                     n="a-1880"
                     ecep:lem="but"
                     ecep:pos="cc-acp"
                     ecep:reg="But"
                     ecep:spe="But"
                     ecep:syllab="1"
                     ecep:pron="bʌt">But</w>
                  <c> </c>
                  <w xmlns:ecep="http://www.eighteenthcenturypoetry.org/ns"
                     xml:id="pmp18-0407130"
                     n="a-1890"
                     ecep:lem="here"
                     ecep:pos="av"
                     ecep:reg="here"
                     ecep:spe="here"
                     ecep:syllab="1"
                     ecep:pron="hɪə">here</w>
                  <c> </c>
                  <w xmlns:ecep="http://www.eighteenthcenturypoetry.org/ns"
                     xml:id="pmp18-0407140"
                     n="a-1900"
                     ecep:lem="or"
                     ecep:pos="cc"
                     ecep:reg="or"
                     ecep:spe="or"
                     ecep:syllab="1"
                     ecep:pron="ɔː">or</w>
                  <c> </c>
                  <w xmlns:ecep="http://www.eighteenthcenturypoetry.org/ns"
                     xml:id="pmp18-0407150"
                     n="a-1910"
                     ecep:lem="there"
                     ecep:pos="a-acp"
                     ecep:reg="there"
                     ecep:spe="there"
                     ecep:syllab="1"
                     ecep:pron="ðeə">there</w>
                  <pc xmlns:ecep="http://www.eighteenthcenturypoetry.org/ns"
                      xml:id="pmp18-0407160"
                      n="a-1920"
                      ecep:lem=","
                      ecep:pos=","
                      ecep:reg=","
                      ecep:spe=",">,</pc>
                  <c> </c>
                  <w xmlns:ecep="http://www.eighteenthcenturypoetry.org/ns"
                     xml:id="pmp18-0407170"
                     n="a-1930"
                     ecep:lem="turn"
                     ecep:pos="vvb"
                     ecep:reg="turn"
                     ecep:spe="turn"
                     ecep:syllab="1"
                     ecep:pron="tɜːn">turn</w>
                  <c> </c>
                  <w xmlns:ecep="http://www.eighteenthcenturypoetry.org/ns"
                     xml:id="pmp18-0407180"
                     n="a-1940"
                     ecep:lem="wood"
                     ecep:pos="n1"
                     ecep:reg="Wood"
                     ecep:spe="Wood"
                     ecep:syllab="1"
                     ecep:pron="wʊd">Wood</w>
                  <c> </c>
                  <w xmlns:ecep="http://www.eighteenthcenturypoetry.org/ns"
                     xml:id="pmp18-0407190"
                     n="a-1950"
                     ecep:lem="or"
                     ecep:pos="cc"
                     ecep:reg="or"
                     ecep:spe="or"
                     ecep:syllab="1"
                     ecep:pron="ɔː">or</w>
                  <c> </c>
                  <w xmlns:ecep="http://www.eighteenthcenturypoetry.org/ns"
                     xml:id="pmp18-0407200"
                     n="a-1960"
                     ecep:lem="wire"
                     ecep:pos="n1"
                     ecep:reg="Wire"
                     ecep:spe="Wire"
                     ecep:syllab="2"
                     ecep:pron="wæə">Wire</w>
                  <pc xmlns:ecep="http://www.eighteenthcenturypoetry.org/ns"
                      xml:id="pmp18-0407210"
                      n="a-1970"
                      ecep:lem=","
                      ecep:pos=","
                      ecep:reg=","
                      ecep:spe=",">,</pc>
               </l>
               <l n="12" xml:id="pmp18-l19430">
                  <c> </c>
                  <w xmlns:ecep="http://www.eighteenthcenturypoetry.org/ns"
                     xml:id="pmp18-0407220"
                     n="a-1980"
                     ecep:lem="he"
                     ecep:pos="pns31"
                     ecep:reg="He"
                     ecep:spe="He"
                     ecep:syllab="1"
                     ecep:pron="hiː">He</w>
                  <c> </c>
                  <w xmlns:ecep="http://www.eighteenthcenturypoetry.org/ns"
                     xml:id="pmp18-0407230"
                     n="a-1990"
                     ecep:lem="never"
                     ecep:pos="av-x"
                     ecep:reg="never"
                     ecep:spe="never"
                     ecep:syllab="2"
                     ecep:pron="ˈnevə">never</w>
                  <c> </c>
                  <w xmlns:ecep="http://www.eighteenthcenturypoetry.org/ns"
                     xml:id="pmp18-0407240"
                     n="a-2000"
                     ecep:lem="get"
                     ecep:pos="vvz"
                     ecep:reg="gets"
                     ecep:spe="gets"
                     ecep:syllab="1"
                     ecep:pron="gets">gets</w>
                  <c> </c>
                  <w xmlns:ecep="http://www.eighteenthcenturypoetry.org/ns"
                     xml:id="pmp18-0407250"
                     n="a-2010"
                     ecep:lem="two"
                     ecep:pos="crd"
                     ecep:reg="two"
                     ecep:spe="two"
                     ecep:syllab="1"
                     ecep:pron="tuː">two</w>
                  <c> </c>
                  <w xmlns:ecep="http://www.eighteenthcenturypoetry.org/ns"
                     xml:id="pmp18-0407260"
                     n="a-2020"
                     ecep:lem="inch"
                     ecep:pos="n2"
                     ecep:reg="Inches"
                     ecep:spe="Inches"
                     ecep:syllab="2"
                     ecep:pron="ɪnʃɪz">Inches</w>
                  <c> </c>
                  <w xmlns:ecep="http://www.eighteenthcenturypoetry.org/ns"
                     xml:id="pmp18-0407270"
                     n="a-2030"
                     ecep:lem="high"
                     ecep:pos="jc"
                     ecep:reg="higher"
                     ecep:spe="higher"
                     ecep:syllab="2"
                     ecep:pron="haɪə">higher</w>
                  <pc xmlns:ecep="http://www.eighteenthcenturypoetry.org/ns"
                      xml:id="pmp18-0407280"
                      n="a-2040"
                      unit="sentence"
                      ecep:lem="."
                      ecep:pos="."
                      ecep:reg="."
                      ecep:spe=".">.</pc>
                  <c> </c>
               </l>
            </lg>
            <pb facs="pmp18/0242" n="196" rend="none"/>
            <lg xml:id="pmp18-s02655">
               <l n="13" xml:id="pmp18-l19435">
                  <w xmlns:ecep="http://www.eighteenthcenturypoetry.org/ns"
                     xml:id="pmp18-0407310"
                     n="a-0010"
                     ecep:lem="so"
                     ecep:pos="av"
                     ecep:reg="So"
                     ecep:spe="So"
                     ecep:syllab="1"
                     ecep:pron="səʊ">So</w>
                  <c> </c>
                  <w xmlns:ecep="http://www.eighteenthcenturypoetry.org/ns"
                     xml:id="pmp18-0407320"
                     n="a-0020"
                     ecep:lem="fare"
                     ecep:pos="vvz"
                     ecep:reg="fares"
                     ecep:spe="fares"
                     ecep:syllab="1"
                     ecep:pron="feəz">fares</w>
                  <c> </c>
                  <w xmlns:ecep="http://www.eighteenthcenturypoetry.org/ns"
                     xml:id="pmp18-0407330"
                     n="a-0030"
                     ecep:lem="it"
                     ecep:pos="pn31"
                     ecep:reg="it"
                     ecep:spe="it"
                     ecep:syllab="1"
                     ecep:pron="ɪt">it</w>
                  <c> </c>
                  <w xmlns:ecep="http://www.eighteenthcenturypoetry.org/ns"
                     xml:id="pmp18-0407340"
                     n="a-0040"
                     ecep:lem="with"
                     ecep:pos="p-acp"
                     ecep:reg="with"
                     ecep:spe="with"
                     ecep:syllab="1"
                     ecep:pron="wɪð">with</w>
                  <c> </c>
                  <w xmlns:ecep="http://www.eighteenthcenturypoetry.org/ns"
                     xml:id="pmp18-0407350"
                     n="a-0050"
                     ecep:lem="those"
                     ecep:pos="d"
                     ecep:reg="those"
                     ecep:spe="those"
                     ecep:syllab="1"
                     ecep:pron="ðəʊz">those</w>
                  <c> </c>
                  <w xmlns:ecep="http://www.eighteenthcenturypoetry.org/ns"
                     xml:id="pmp18-0407360"
                     n="a-0060"
                     ecep:lem="merry"
                     ecep:pos="j"
                     ecep:reg="merry"
                     ecep:spe="merry"
                     ecep:syllab="2"
                     ecep:pron="ˈmeri">merry</w>
                  <c> </c>
                  <w xmlns:ecep="http://www.eighteenthcenturypoetry.org/ns"
                     xml:id="pmp18-0407370"
                     n="a-0070"
                     ecep:lem="blade"
                     ecep:pos="n2"
                     ecep:reg="Blades"
                     ecep:spe="Blades"
                     ecep:syllab="1"
                     ecep:pron="bleɪdz">Blades</w>
                  <pc xmlns:ecep="http://www.eighteenthcenturypoetry.org/ns"
                      xml:id="pmp18-0407380"
                      n="a-0080"
                      ecep:lem=","
                      ecep:pos=","
                      ecep:reg=","
                      ecep:spe=",">,</pc>
               </l>
               <l n="14" xml:id="pmp18-l19440">
                  <c> </c>
                  <w xmlns:ecep="http://www.eighteenthcenturypoetry.org/ns"
                     xml:id="pmp18-0407390"
                     n="a-0090"
                     ecep:lem="that"
                     ecep:pos="cst"
                     ecep:reg="That"
                     ecep:spe="That"
                     ecep:syllab="1"
                     ecep:pron="ðæt">That</w>
                  <c> </c>
                  <w xmlns:ecep="http://www.eighteenthcenturypoetry.org/ns"
                     xml:id="pmp18-0407400"
                     n="a-0100"
                     ecep:lem="frisk"
                     ecep:pos="n1"
                     ecep:reg="frisk"
                     ecep:spe="frisk"
                     ecep:syllab="1"
                     ecep:pron="frɪsk">frisk</w>
                  <c> </c>
                  <w xmlns:ecep="http://www.eighteenthcenturypoetry.org/ns"
                     xml:id="pmp18-0407410"
                     n="a-0110"
                     ecep:lem="it"
                     ecep:pos="pn31"
                     ecep:reg="it"
                     ecep:spe="it"
                     ecep:syllab="1"
                     ecep:pron="ɪt">it</w>
                  <c> </c>
                  <w xmlns:ecep="http://www.eighteenthcenturypoetry.org/ns"
                     xml:id="pmp18-0407420"
                     n="a-0120"
                     ecep:lem="under"
                     ecep:pos="p-acp"
                     ecep:reg="under"
                     ecep:spe="under"
                     ecep:syllab="2"
                     ecep:pron="ˈʌndə">under</w>
                  <c> </c>
                  <hi rendition="#sc">
                     <w xmlns:ecep="http://www.eighteenthcenturypoetry.org/ns"
                        xml:id="pmp18-0407430"
                        n="a-0130"
                        ecep:lem="pindus"
                        ecep:pos="npg1"
                        ecep:reg="Pindus'"
                        ecep:spe="Pindus'"
                        ecep:syllab="2"
                        ecep:pron="ˈpɪndəs">Pindus'</w>
                     <c> </c>
                  </hi>
                  <w xmlns:ecep="http://www.eighteenthcenturypoetry.org/ns"
                     xml:id="pmp18-0407450"
                     n="a-0150"
                     ecep:lem="shade"
                     ecep:pos="n2"
                     ecep:reg="Shades"
                     ecep:spe="Shades"
                     ecep:syllab="1"
                     ecep:pron="ʃeɪdz">Shades</w>
                  <pc xmlns:ecep="http://www.eighteenthcenturypoetry.org/ns"
                      xml:id="pmp18-0407460"
                      n="a-0160"
                      unit="sentence"
                      ecep:lem="."
                      ecep:pos="."
                      ecep:reg="."
                      ecep:spe=".">.</pc>
                  <c> </c>
               </l>
               <l n="15" xml:id="pmp18-l19445">
                  <w xmlns:ecep="http://www.eighteenthcenturypoetry.org/ns"
                     xml:id="pmp18-0407470"
                     n="a-0170"
                     ecep:lem="in"
                     ecep:pos="p-acp"
                     ecep:reg="In"
                     ecep:spe="In"
                     ecep:syllab="1"
                     ecep:pron="ɪn">In</w>
                  <c> </c>
                  <w xmlns:ecep="http://www.eighteenthcenturypoetry.org/ns"
                     xml:id="pmp18-0407480"
                     n="a-0180"
                     ecep:lem="noble"
                     ecep:pos="j"
                     ecep:reg="noble"
                     ecep:spe="noble"
                     ecep:syllab="2"
                     ecep:pron="ˈnəʊbl">noble</w>
                  <c> </c>
                  <w xmlns:ecep="http://www.eighteenthcenturypoetry.org/ns"
                     xml:id="pmp18-0407490"
                     n="a-0190"
                     ecep:lem="song"
                     ecep:pos="n2"
                     ecep:reg="Songs"
                     ecep:spe="Songs"
                     ecep:syllab="1"
                     ecep:pron="sɒŋz">Songs</w>
                  <pc xmlns:ecep="http://www.eighteenthcenturypoetry.org/ns"
                      xml:id="pmp18-0407500"
                      n="a-0200"
                      ecep:lem=","
                      ecep:pos=","
                      ecep:reg=","
                      ecep:spe=",">,</pc>
                  <c> </c>
                  <w xmlns:ecep="http://www.eighteenthcenturypoetry.org/ns"
                     xml:id="pmp18-0407510"
                     n="a-0210"
                     ecep:lem="and"
                     ecep:pos="cc"
                     ecep:reg="and"
                     ecep:spe="and"
                     ecep:syllab="1"
                     ecep:pron="ænd">and</w>
                  <c> </c>
                  <w xmlns:ecep="http://www.eighteenthcenturypoetry.org/ns"
                     xml:id="pmp18-0407520"
                     n="a-0220"
                     ecep:lem="lofty"
                     ecep:pos="j"
                     ecep:reg="lofty"
                     ecep:spe="lofty"
                     ecep:syllab="2"
                     ecep:pron="ˈlɒfti">lofty</w>
                  <c> </c>
                  <w xmlns:ecep="http://www.eighteenthcenturypoetry.org/ns"
                     xml:id="pmp18-0407530"
                     n="a-0230"
                     ecep:lem="ode"
                     ecep:pos="n2"
                     ecep:reg="Odes"
                     ecep:spe="Odes"
                     ecep:syllab="1"
                     ecep:pron="əʊdz">Odes</w>
                  <pc xmlns:ecep="http://www.eighteenthcenturypoetry.org/ns"
                      xml:id="pmp18-0407540"
                      n="a-0240"
                      ecep:lem=","
                      ecep:pos=","
                      ecep:reg=","
                      ecep:spe=",">,</pc>
               </l>
               <l n="16" xml:id="pmp18-l19450">
                  <c> </c>
                  <w xmlns:ecep="http://www.eighteenthcenturypoetry.org/ns"
                     xml:id="pmp18-0407550"
                     n="a-0250"
                     ecep:lem="they"
                     ecep:pos="pns32"
                     ecep:reg="They"
                     ecep:spe="They"
                     ecep:syllab="1"
                     ecep:pron="ðeɪ">They</w>
                  <c> </c>
                  <w xmlns:ecep="http://www.eighteenthcenturypoetry.org/ns"
                     xml:id="pmp18-0407560"
                     n="a-0260"
                     ecep:lem="tread"
                     ecep:pos="vvb"
                     ecep:reg="tread"
                     ecep:spe="tread"
                     ecep:syllab="1"
                     ecep:pron="tred">tread</w>
                  <c> </c>
                  <w xmlns:ecep="http://www.eighteenthcenturypoetry.org/ns"
                     xml:id="pmp18-0407570"
                     n="a-0270"
                     ecep:lem="on"
                     ecep:pos="p-acp"
                     ecep:reg="on"
                     ecep:spe="on"
                     ecep:syllab="1"
                     ecep:pron="ɒn">on</w>
                  <c> </c>
                  <w xmlns:ecep="http://www.eighteenthcenturypoetry.org/ns"
                     xml:id="pmp18-0407580"
                     n="a-0280"
                     ecep:lem="star"
                     ecep:pos="n2"
                     ecep:reg="Stars"
                     ecep:spe="Stars"
                     ecep:syllab="1"
                     ecep:pron="stɑːz">Stars</w>
                  <pc xmlns:ecep="http://www.eighteenthcenturypoetry.org/ns"
                      xml:id="pmp18-0407590"
                      n="a-0290"
                      ecep:lem=","
                      ecep:pos=","
                      ecep:reg=","
                      ecep:spe=",">,</pc>
                  <c> </c>
                  <w xmlns:ecep="http://www.eighteenthcenturypoetry.org/ns"
                     xml:id="pmp18-0407600"
                     n="a-0300"
                     ecep:lem="and"
                     ecep:pos="cc"
                     ecep:reg="and"
                     ecep:spe="and"
                     ecep:syllab="1"
                     ecep:pron="ænd">and</w>
                  <c> </c>
                  <w xmlns:ecep="http://www.eighteenthcenturypoetry.org/ns"
                     xml:id="pmp18-0407610"
                     n="a-0310"
                     ecep:lem="talk"
                     ecep:pos="vvi"
                     ecep:reg="talk"
                     ecep:spe="talk"
                     ecep:syllab="1"
                     ecep:pron="tɔːk">talk</w>
                  <c> </c>
                  <w xmlns:ecep="http://www.eighteenthcenturypoetry.org/ns"
                     xml:id="pmp18-0407620"
                     n="a-0320"
                     ecep:lem="with"
                     ecep:pos="p-acp"
                     ecep:reg="with"
                     ecep:spe="with"
                     ecep:syllab="1"
                     ecep:pron="wɪð">with</w>
                  <c> </c>
                  <w xmlns:ecep="http://www.eighteenthcenturypoetry.org/ns"
                     xml:id="pmp18-0407630"
                     n="a-0330"
                     ecep:lem="god"
                     ecep:pos="n2"
                     ecep:reg="Gods"
                     ecep:spe="Gods"
                     ecep:syllab="1"
                     ecep:pron="gɒdz">Gods</w>
                  <pc xmlns:ecep="http://www.eighteenthcenturypoetry.org/ns"
                      xml:id="pmp18-0407640"
                      n="a-0340"
                      ecep:lem=";"
                      ecep:pos=";"
                      ecep:reg=";"
                      ecep:spe=";">;</pc>
               </l>
               <l n="17" xml:id="pmp18-l19455">
                  <c> </c>
                  <w xmlns:ecep="http://www.eighteenthcenturypoetry.org/ns"
                     xml:id="pmp18-0407650"
                     n="a-0350"
                     ecep:lem="still"
                     ecep:pos="av"
                     ecep:reg="Still"
                     ecep:spe="Still"
                     ecep:syllab="1"
                     ecep:pron="stɪl">Still</w>
                  <c> </c>
                  <w xmlns:ecep="http://www.eighteenthcenturypoetry.org/ns"
                     xml:id="pmp18-0407660"
                     n="a-0360"
                     ecep:lem="dance"
                     ecep:pos="vvg"
                     ecep:reg="Dancing"
                     ecep:spe="Dancing"
                     ecep:syllab="2"
                     ecep:pron="dɑːnsɪŋ">Dancing</w>
                  <c> </c>
                  <w xmlns:ecep="http://www.eighteenthcenturypoetry.org/ns"
                     xml:id="pmp18-0407670"
                     n="a-0370"
                     ecep:lem="in"
                     ecep:pos="p-acp"
                     ecep:reg="in"
                     ecep:spe="in"
                     ecep:syllab="1"
                     ecep:pron="ɪn">in</w>
                  <c> </c>
                  <w xmlns:ecep="http://www.eighteenthcenturypoetry.org/ns"
                     xml:id="pmp18-0407680"
                     n="a-0380"
                     ecep:lem="a"
                     ecep:pos="dt"
                     ecep:reg="an"
                     ecep:spe="an"
                     ecep:syllab="1"
                     ecep:pron="æn">an</w>
                  <c> </c>
                  <w xmlns:ecep="http://www.eighteenthcenturypoetry.org/ns"
                     xml:id="pmp18-0407690"
                     n="a-0390"
                     ecep:lem="airy"
                     ecep:pos="j"
                     ecep:reg="airy"
                     ecep:spe="airy"
                     ecep:syllab="2"
                     ecep:pron="ˈeəri">airy</w>
                  <c> </c>
                  <w xmlns:ecep="http://www.eighteenthcenturypoetry.org/ns"
                     xml:id="pmp18-0407700"
                     n="a-0400"
                     ecep:lem="round"
                     ecep:pos="av-j"
                     ecep:reg="Round"
                     ecep:spe="Round"
                     ecep:syllab="1"
                     ecep:pron="raʊnd">Round</w>
                  <pc xmlns:ecep="http://www.eighteenthcenturypoetry.org/ns"
                      xml:id="pmp18-0407710"
                      n="a-0410"
                      ecep:lem=","
                      ecep:pos=","
                      ecep:reg=","
                      ecep:spe=",">,</pc>
               </l>
               <l n="18" xml:id="pmp18-l19460">
                  <c> </c>
                  <w xmlns:ecep="http://www.eighteenthcenturypoetry.org/ns"
                     xml:id="pmp18-0407720"
                     n="a-0420"
                     ecep:lem="still"
                     ecep:pos="av"
                     ecep:reg="Still"
                     ecep:spe="Still"
                     ecep:syllab="1"
                     ecep:pron="stɪl">Still</w>
                  <c> </c>
                  <w xmlns:ecep="http://www.eighteenthcenturypoetry.org/ns"
                     xml:id="pmp18-0407730"
                     n="a-0430"
                     ecep:lem="please"
                     ecep:pos="vvn"
                     ecep:reg="pleased"
                     ecep:spe="pleas'd"
                     ecep:syllab="1"
                     ecep:pron="pliːzd">pleas'd</w>
                  <c> </c>
                  <w xmlns:ecep="http://www.eighteenthcenturypoetry.org/ns"
                     xml:id="pmp18-0407740"
                     n="a-0440"
                     ecep:lem="with"
                     ecep:pos="p-acp"
                     ecep:reg="with"
                     ecep:spe="with"
                     ecep:syllab="1"
                     ecep:pron="wɪð">with</w>
                  <c> </c>
                  <w xmlns:ecep="http://www.eighteenthcenturypoetry.org/ns"
                     xml:id="pmp18-0407750"
                     n="a-0450"
                     ecep:lem="their"
                     ecep:pos="po32"
                     ecep:reg="their"
                     ecep:spe="their"
                     ecep:syllab="1"
                     ecep:pron="ðeə">their</w>
                  <c> </c>
                  <w xmlns:ecep="http://www.eighteenthcenturypoetry.org/ns"
                     xml:id="pmp18-0407760"
                     n="a-0460"
                     ecep:lem="own"
                     ecep:pos="d"
                     ecep:reg="own"
                     ecep:spe="own"
                     ecep:syllab="1"
                     ecep:pron="əʊn">own</w>
                  <c> </c>
                  <w xmlns:ecep="http://www.eighteenthcenturypoetry.org/ns"
                     xml:id="pmp18-0407770"
                     n="a-0470"
                     ecep:lem="verse"
                     ecep:pos="n2"
                     ecep:reg="Verses"
                     ecep:spe="Verses"
                     ecep:syllab="2"
                     ecep:pron="vɜːsɪz">Verses</w>
                  <c> </c>
                  <w xmlns:ecep="http://www.eighteenthcenturypoetry.org/ns"
                     xml:id="pmp18-0407780"
                     n="a-0480"
                     ecep:lem="sound"
                     ecep:pos="vvb"
                     ecep:reg="Sound"
                     ecep:spe="Sound"
                     ecep:syllab="1"
                     ecep:pron="saʊnd">Sound</w>
                  <pc xmlns:ecep="http://www.eighteenthcenturypoetry.org/ns"
                      xml:id="pmp18-0407790"
                      n="a-0490"
                      ecep:lem=";"
                      ecep:pos=";"
                      ecep:reg=";"
                      ecep:spe=";">;</pc>
               </l>
               <l n="19" xml:id="pmp18-l19465">
                  <c> </c>
                  <w xmlns:ecep="http://www.eighteenthcenturypoetry.org/ns"
                     xml:id="pmp18-0407800"
                     n="a-0500"
                     ecep:lem="bring"
                     ecep:pos="vvn"
                     ecep:reg="Brought"
                     ecep:spe="Brought"
                     ecep:syllab="1"
                     ecep:pron="brɔːt">Brought</w>
                  <c> </c>
                  <w xmlns:ecep="http://www.eighteenthcenturypoetry.org/ns"
                     xml:id="pmp18-0407810"
                     n="a-0510"
                     ecep:lem="back"
                     ecep:pos="av"
                     ecep:reg="back"
                     ecep:spe="back"
                     ecep:syllab="1"
                     ecep:pron="bæk">back</w>
                  <pc xmlns:ecep="http://www.eighteenthcenturypoetry.org/ns"
                      xml:id="pmp18-0407820"
                      n="a-0520"
                      ecep:lem=","
                      ecep:pos=","
                      ecep:reg=","
                      ecep:spe=",">,</pc>
                  <c> </c>
                  <w xmlns:ecep="http://www.eighteenthcenturypoetry.org/ns"
                     xml:id="pmp18-0407830"
                     n="a-0530"
                     ecep:lem="how"
                     ecep:pos="c-crq"
                     ecep:reg="how"
                     ecep:spe="how"
                     ecep:syllab="1"
                     ecep:pron="haʊ">how</w>
                  <c> </c>
                  <w xmlns:ecep="http://www.eighteenthcenturypoetry.org/ns"
                     xml:id="pmp18-0407840"
                     n="a-0540"
                     ecep:lem="fast"
                     ecep:pos="av-j"
                     ecep:reg="fast"
                     ecep:spe="fast"
                     ecep:syllab="1"
                     ecep:pron="fɑːst">fast</w>
                  <c> </c>
                  <w xmlns:ecep="http://www.eighteenthcenturypoetry.org/ns"
                     xml:id="pmp18-0407850"
                     n="a-0550"
                     ecep:lem="soever"
                     ecep:pos="av"
                     ecep:reg="soever"
                     ecep:spe="soe'er"
                     ecep:syllab="2"
                     ecep:pron="sˈəʊə">soe'er</w>
                  <c> </c>
                  <w xmlns:ecep="http://www.eighteenthcenturypoetry.org/ns"
                     xml:id="pmp18-0407860"
                     n="a-0560"
                     ecep:lem="they"
                     ecep:pos="pns32"
                     ecep:reg="they"
                     ecep:spe="they"
                     ecep:syllab="1"
                     ecep:pron="ðeɪ">they</w>
                  <c> </c>
                  <w xmlns:ecep="http://www.eighteenthcenturypoetry.org/ns"
                     xml:id="pmp18-0407870"
                     n="a-0570"
                     ecep:lem="go"
                     ecep:pos="vvb"
                     ecep:reg="go"
                     ecep:spe="go"
                     ecep:syllab="1"
                     ecep:pron="gəʊ">go</w>
                  <pc xmlns:ecep="http://www.eighteenthcenturypoetry.org/ns"
                      xml:id="pmp18-0407880"
                      n="a-0580"
                      ecep:lem=";"
                      ecep:pos=";"
                      ecep:reg=";"
                      ecep:spe=";">;</pc>
               </l>
               <l n="20" xml:id="pmp18-l19470">
                  <c> </c>
                  <w xmlns:ecep="http://www.eighteenthcenturypoetry.org/ns"
                     xml:id="pmp18-0407890"
                     n="a-0590"
                     ecep:lem="always"
                     ecep:pos="av"
                     ecep:reg="Always"
                     ecep:spe="Always"
                     ecep:syllab="2"
                     ecep:pron="ˈɔːlweɪz">Always</w>
                  <c> </c>
                  <w xmlns:ecep="http://www.eighteenthcenturypoetry.org/ns"
                     xml:id="pmp18-0407900"
                     n="a-0600"
                     ecep:lem="aspire"
                     ecep:pos="vvg"
                     ecep:reg="aspiring"
                     ecep:spe="aspiring"
                     ecep:syllab="3"
                     ecep:pron="əˈspæəɪŋ">aspiring</w>
                  <pc xmlns:ecep="http://www.eighteenthcenturypoetry.org/ns"
                      xml:id="pmp18-0407910"
                      n="a-0610"
                      ecep:lem=","
                      ecep:pos=","
                      ecep:reg=","
                      ecep:spe=",">,</pc>
                  <c> </c>
                  <w xmlns:ecep="http://www.eighteenthcenturypoetry.org/ns"
                     xml:id="pmp18-0407920"
                     n="a-0620"
                     ecep:lem="always"
                     ecep:pos="av"
                     ecep:reg="always"
                     ecep:spe="always"
                     ecep:syllab="2"
                     ecep:pron="ˈɔːlweɪz">always</w>
                  <c> </c>
                  <w xmlns:ecep="http://www.eighteenthcenturypoetry.org/ns"
                     xml:id="pmp18-0407930"
                     n="a-0630"
                     ecep:lem="low"
                     ecep:pos="j"
                     ecep:reg="low"
                     ecep:spe="low"
                     ecep:syllab="1"
                     ecep:pron="ləʊ">low</w>
                  <pc xmlns:ecep="http://www.eighteenthcenturypoetry.org/ns"
                      xml:id="pmp18-0407940"
                      n="a-0640"
                      unit="sentence"
                      ecep:lem="."
                      ecep:pos="."
                      ecep:reg="."
                      ecep:spe=".">.</pc>
                  <c> </c>
               </l>
            </lg>
         </div>
      </body>
   </text>
</TEI>
