<?xml version="1.0" encoding="utf-8"?>
<!DOCTYPE div
  SYSTEM "about:legacy-compat">
<div xmlns:ecep="http://www.eighteenthcenturypoetry.org/ns"
     xmlns="http://www.tei-c.org/ns/1.0"
     xmlns:tei="http://www.tei-c.org/ns/1.0"
     ana="#iamb #tetrameter #trimeter #quatrain #cross #hymn"
     corresp="#txt_WattIs1674_w0029"
     decls="#semi-normalized"
     ecep:syllab="8.6.8.6"
     met="-+|-+|-+|-+/ -+|-+|-+/ -+|-+|-+|-+/ -+|-+|-+/"
     rendition="#lgvspace"
     rhyme="abab"
     subtype="eceptext"
     type="poem"
     xml:id="o4672-w0290">
   <link target="authors.xml#aut_WattIs1674" type="author"/>
   <head type="main">
      <w xml:id="o4672-139400"
         n="o4672/0103-a-0520"
         ecep:lem="the"
         ecep:pos="dt"
         ecep:reg="THE"
         ecep:spe="THE"
         ecep:syllab="1"
         ecep:pron="ðiː">THE</w>
      <c> </c>
      <w xml:id="o4672-139410"
         n="o4672/0103-a-0530"
         ecep:lem="absence"
         ecep:pos="n1"
         ecep:reg="Absence"
         ecep:spe="Absence"
         ecep:syllab="2"
         ecep:pron="ˈæbsəns">Absence</w>
      <c> </c>
      <w xml:id="o4672-139420"
         n="o4672/0103-a-0540"
         ecep:lem="of"
         ecep:pos="pp-f"
         ecep:reg="of"
         ecep:spe="of"
         ecep:syllab="1"
         ecep:pron="ɒv">of</w>
      <c> </c>
      <w xml:id="o4672-139430"
         n="o4672/0103-a-0550"
         ecep:lem="the"
         ecep:pos="dt"
         ecep:reg="the"
         ecep:spe="the"
         ecep:syllab="1"
         ecep:pron="ðiː">the</w>
      <c> </c>
      <w xml:id="o4672-139440"
         n="o4672/0103-a-0560"
         ecep:lem="belove"
         ecep:pos="j-vvn"
         ecep:reg="Beloved"
         ecep:spe="Beloved"
         ecep:syllab="3"
         ecep:pron="biˈlʌvɪd">Beloved</w>
      <pc xml:id="o4672-139450"
          n="o4672/0103-a-0570"
          unit="sentence"
          ecep:lem="."
          ecep:pos="."
          ecep:reg="."
          ecep:spe=".">.</pc>
   </head>
   <lg n="1" xml:id="o4672-s01380">
      <head>
         <w xml:id="o4672-139490"
            n="o4672/0103-a-0580"
            ecep:lem="i"
            ecep:pos="pns11"
            ecep:reg="I"
            ecep:spe="I."
            ecep:syllab="1"
            ecep:pron="ˈaɪ">I.</w>
         <pc unit="sentence" xml:id="o4672-139490-eos" n="o4672/0103-a-0590"/>
      </head>
      <l xml:id="o4672-l05565">
         <w xml:id="o4672-139510"
            n="o4672/0103-a-0600"
            ecep:lem="come"
            ecep:pos="vvb"
            ecep:reg="COME"
            ecep:spe="COME"
            ecep:syllab="1"
            ecep:pron="kʌm">COME</w>
         <pc xml:id="o4672-139520"
             n="o4672/0103-a-0610"
             ecep:lem=","
             ecep:pos=","
             ecep:reg=","
             ecep:spe=",">,</pc>
         <c> </c>
         <w xml:id="o4672-139530"
            n="o4672/0103-a-0620"
            ecep:lem="lead"
            ecep:pos="vvb"
            ecep:reg="lead"
            ecep:spe="lead"
            ecep:syllab="1"
            ecep:pron="liːd">lead</w>
         <c> </c>
         <w xml:id="o4672-139540"
            n="o4672/0103-a-0630"
            ecep:lem="i"
            ecep:pos="pno11"
            ecep:reg="me"
            ecep:spe="me"
            ecep:syllab="1"
            ecep:pron="miː">me</w>
         <c> </c>
         <w xml:id="o4672-139550"
            n="o4672/0103-a-0640"
            ecep:lem="to"
            ecep:pos="p-acp"
            ecep:reg="to"
            ecep:spe="to"
            ecep:syllab="1"
            ecep:pron="tuː">to</w>
         <c> </c>
         <w xml:id="o4672-139560"
            n="o4672/0103-a-0650"
            ecep:lem="some"
            ecep:pos="d"
            ecep:reg="some"
            ecep:spe="some"
            ecep:syllab="1"
            ecep:pron="sʌm">some</w>
         <c> </c>
         <w xml:id="o4672-139570"
            n="o4672/0103-a-0660"
            ecep:lem="lofty"
            ecep:pos="j"
            ecep:reg="lofty"
            ecep:spe="lofty"
            ecep:syllab="2"
            ecep:pron="ˈlɒfti">lofty</w>
         <c> </c>
         <w xml:id="o4672-139580"
            n="o4672/0103-a-0670"
            ecep:lem="shade"
            ecep:pos="n1"
            ecep:reg="Shade"
            ecep:spe="Shade"
            ecep:syllab="1"
            ecep:pron="ʃeɪd">Shade</w>
      </l>
      <l xml:id="o4672-l05570">
         <c> </c>
         <w xml:id="o4672-139590"
            n="o4672/0103-a-0680"
            ecep:lem="where"
            ecep:pos="q-crq"
            ecep:reg="Where"
            ecep:spe="Where"
            ecep:syllab="1"
            ecep:pron="weə">Where</w>
         <c> </c>
         <w xml:id="o4672-139600"
            n="o4672/0103-a-0690"
            ecep:lem="turtle"
            ecep:pos="n2"
            ecep:reg="Turtles"
            ecep:spe="Turtles"
            ecep:syllab="2"
            ecep:pron="ˈtɜːtlz">Turtles</w>
         <c> </c>
         <w xml:id="o4672-139610"
            n="o4672/0103-a-0700"
            ecep:lem="moan"
            ecep:pos="vvb"
            ecep:reg="moan"
            ecep:spe="moan"
            ecep:syllab="1"
            ecep:pron="məʊn">moan</w>
         <c> </c>
         <w xml:id="o4672-139620"
            n="o4672/0103-a-0710"
            ecep:lem="their"
            ecep:pos="po32"
            ecep:reg="their"
            ecep:spe="their"
            ecep:syllab="1"
            ecep:pron="ðeə">their</w>
         <c> </c>
         <w xml:id="o4672-139630"
            n="o4672/0103-a-0720"
            ecep:lem="love"
            ecep:pos="n2"
            ecep:reg="Loves"
            ecep:spe="Loves"
            ecep:syllab="1"
            ecep:pron="lʌvz">Loves</w>
         <pc xml:id="o4672-139640"
             n="o4672/0103-a-0730"
             ecep:lem=";"
             ecep:pos=";"
             ecep:reg=";"
             ecep:spe=";">;</pc>
      </l>
      <l xml:id="o4672-l05575">
         <c> </c>
         <w xml:id="o4672-139650"
            n="o4672/0103-a-0740"
            ecep:lem="tall"
            ecep:pos="j"
            ecep:reg="Tall"
            ecep:spe="Tall"
            ecep:syllab="1"
            ecep:pron="tɔːl">Tall</w>
         <c> </c>
         <w xml:id="o4672-139660"
            n="o4672/0103-a-0750"
            ecep:lem="shadow"
            ecep:pos="n2"
            ecep:reg="Shadows"
            ecep:spe="Shadows"
            ecep:syllab="2"
            ecep:pron="ˈʃædəʊz">Shadows</w>
         <c> </c>
         <w xml:id="o4672-139670"
            n="o4672/0103-a-0760"
            ecep:lem="be"
            ecep:pos="vbdr"
            ecep:reg="were"
            ecep:spe="were"
            ecep:syllab="1"
            ecep:pron="wɜː">were</w>
         <c> </c>
         <w xml:id="o4672-139680"
            n="o4672/0103-a-0770"
            ecep:lem="for"
            ecep:pos="p-acp"
            ecep:reg="for"
            ecep:spe="for"
            ecep:syllab="1"
            ecep:pron="fɔː">for</w>
         <c> </c>
         <w xml:id="o4672-139690"
            n="o4672/0103-a-0780"
            ecep:lem="lover"
            ecep:pos="n2"
            ecep:reg="Lovers"
            ecep:spe="Lovers"
            ecep:syllab="2"
            ecep:pron="ˈlʌvəz">Lovers</w>
         <c> </c>
         <w xml:id="o4672-139700"
            n="o4672/0103-a-0790"
            ecep:lem="make"
            ecep:pos="vvn"
            ecep:reg="made"
            ecep:spe="made"
            ecep:syllab="1"
            ecep:pron="meɪd">made</w>
         <pc xml:id="o4672-139710"
             n="o4672/0103-a-0800"
             ecep:lem=","
             ecep:pos=","
             ecep:reg=","
             ecep:spe=",">,</pc>
      </l>
      <l xml:id="o4672-l05580">
         <c> </c>
         <w xml:id="o4672-139720"
            n="o4672/0103-a-0810"
            ecep:lem="and"
            ecep:pos="cc"
            ecep:reg="And"
            ecep:spe="And"
            ecep:syllab="1"
            ecep:pron="ænd">And</w>
         <c> </c>
         <w xml:id="o4672-139730"
            n="o4672/0103-a-0820"
            ecep:lem="grief"
            ecep:pos="n1"
            ecep:reg="Grief"
            ecep:spe="Grief"
            ecep:syllab="1"
            ecep:pron="griːf">Grief</w>
         <c> </c>
         <w xml:id="o4672-139740"
            n="o4672/0103-a-0830"
            ecep:lem="become"
            ecep:pos="vvz"
            ecep:reg="becomes"
            ecep:spe="becomes"
            ecep:syllab="2"
            ecep:pron="biˈkʌmz">becomes</w>
         <c> </c>
         <w xml:id="o4672-139750"
            n="o4672/0103-a-0840"
            ecep:lem="the"
            ecep:pos="dt"
            ecep:reg="the"
            ecep:spe="the"
            ecep:syllab="1"
            ecep:pron="ðiː">the</w>
         <c> </c>
         <w xml:id="o4672-139760"
            n="o4672/0103-a-0850"
            ecep:lem="groves"
            ecep:pos="n1"
            ecep:reg="Groves"
            ecep:spe="Groves"
            ecep:syllab="1"
            ecep:pron="grəʊvz">Groves</w>
         <pc xml:id="o4672-139770"
             n="o4672/0103-a-0860"
             unit="sentence"
             ecep:lem="."
             ecep:pos="."
             ecep:reg="."
             ecep:spe=".">.</pc>
         <c> </c>
      </l>
   </lg>
   <lg n="2" xml:id="o4672-s01385">
      <head>
         <w xml:id="o4672-139810"
            n="o4672/0103-a-0870"
            ecep:lem="ii"
            ecep:pos="crd"
            ecep:reg="II"
            ecep:spe="II"
            ecep:syllab="1"
            ecep:pron="rˌəʊməntˈuː">II</w>
         <pc xml:id="o4672-139820"
             n="o4672/0103-a-0880"
             unit="sentence"
             ecep:lem="."
             ecep:pos="."
             ecep:reg="."
             ecep:spe=".">.</pc>
      </head>
      <l xml:id="o4672-l05585">
         <w xml:id="o4672-139840"
            n="o4672/0103-a-0890"
            ecep:lem="it|be"
            ecep:pos="pn31|vbz"
            ecep:reg="Tis"
            ecep:spe="Tis"
            ecep:syllab="1"
            ecep:pron="tiːz">Tis</w>
         <c> </c>
         <w xml:id="o4672-139850"
            n="o4672/0103-a-0900"
            ecep:lem="no"
            ecep:pos="dx"
            ecep:reg="no"
            ecep:spe="no"
            ecep:syllab="1"
            ecep:pron="nəʊ">no</w>
         <c> </c>
         <w xml:id="o4672-139860"
            n="o4672/0103-a-0910"
            ecep:lem="mean"
            ecep:pos="j"
            ecep:reg="mean"
            ecep:spe="mean"
            ecep:syllab="1"
            ecep:pron="miːn">mean</w>
         <c> </c>
         <w xml:id="o4672-139870"
            n="o4672/0103-a-0920"
            ecep:lem="beauty"
            ecep:pos="n1"
            ecep:reg="Beauty"
            ecep:spe="Beauty"
            ecep:syllab="2"
            ecep:pron="ˈbjuːti">Beauty</w>
         <c> </c>
         <w xml:id="o4672-139880"
            n="o4672/0103-a-0930"
            ecep:lem="of"
            ecep:pos="pp-f"
            ecep:reg="of"
            ecep:spe="of"
            ecep:syllab="1"
            ecep:pron="ɒv">of</w>
         <c> </c>
         <w xml:id="o4672-139890"
            n="o4672/0103-a-0940"
            ecep:lem="the"
            ecep:pos="dt"
            ecep:reg="the"
            ecep:spe="the"
            ecep:syllab="1"
            ecep:pron="ðiː">the</w>
         <c> </c>
         <w xml:id="o4672-139900"
            n="o4672/0103-a-0950"
            ecep:lem="ground"
            ecep:pos="n1"
            ecep:reg="Ground"
            ecep:spe="Ground"
            ecep:syllab="1"
            ecep:pron="graʊnd">Ground</w>
      </l>
      <l xml:id="o4672-l05590">
         <c> </c>
         <w xml:id="o4672-139910"
            n="o4672/0103-a-0960"
            ecep:lem="that"
            ecep:pos="cst"
            ecep:reg="That"
            ecep:spe="That"
            ecep:syllab="1"
            ecep:pron="ðæt">That</w>
         <c> </c>
         <w xml:id="o4672-139920"
            n="o4672/0103-a-0970"
            ecep:lem="have"
            ecep:pos="vhz"
            ecep:reg="has"
            ecep:spe="has"
            ecep:syllab="1"
            ecep:pron="hæz">has</w>
         <c> </c>
         <w xml:id="o4672-139930"
            n="o4672/0103-a-0980"
            ecep:lem="enslave"
            ecep:pos="vvn"
            ecep:reg="enslaved"
            ecep:spe="inslav'd"
            ecep:syllab="2"
            ecep:pron="ɪnslˈævd">inslav'd</w>
         <c> </c>
         <w xml:id="o4672-139940"
            n="o4672/0103-a-0990"
            ecep:lem="my"
            ecep:pos="po11"
            ecep:reg="mine"
            ecep:spe="mine"
            ecep:syllab="1"
            ecep:pron="maɪn">mine</w>
         <c> </c>
         <w xml:id="o4672-139950"
            n="o4672/0103-a-1000"
            ecep:lem="eye"
            ecep:pos="n2"
            ecep:reg="Eyes"
            ecep:spe="Eyes"
            ecep:syllab="1"
            ecep:pron="aɪz">Eyes</w>
         <pc xml:id="o4672-139960"
             n="o4672/0103-a-1010"
             ecep:lem=","
             ecep:pos=","
             ecep:reg=","
             ecep:spe=",">,</pc>
      </l>
      <pb facs="o4672/0104" n="85" rend="none"/>
      <l xml:id="o4672-l05595">
         <c> </c>
         <w xml:id="o4672-139970"
            n="o4672/0104-a-0010"
            ecep:lem="i"
            ecep:pos="pns11"
            ecep:reg="I"
            ecep:spe="I"
            ecep:syllab="1"
            ecep:pron="aɪ">I</w>
         <c> </c>
         <w xml:id="o4672-139980"
            n="o4672/0104-a-0020"
            ecep:lem="faint"
            ecep:pos="vvb"
            ecep:reg="faint"
            ecep:spe="faint"
            ecep:syllab="1"
            ecep:pron="feɪnt">faint</w>
         <c> </c>
         <w xml:id="o4672-139990"
            n="o4672/0104-a-0030"
            ecep:lem="beneath"
            ecep:pos="p-acp"
            ecep:reg="beneath"
            ecep:spe="beneath"
            ecep:syllab="2"
            ecep:pron="biˈniːθ">beneath</w>
         <c> </c>
         <w xml:id="o4672-140000"
            n="o4672/0104-a-0040"
            ecep:lem="a"
            ecep:pos="dt"
            ecep:reg="a"
            ecep:spe="a"
            ecep:syllab="1"
            ecep:pron="ə">a</w>
         <c> </c>
         <w xml:id="o4672-140010"
            n="o4672/0104-a-0050"
            ecep:lem="noble"
            ecep:pos="jc"
            ecep:reg="Nobler"
            ecep:spe="Nobler"
            ecep:syllab="2"
            ecep:pron="ˈnəʊblə">Nobler</w>
         <c> </c>
         <w xml:id="o4672-140020"
            n="o4672/0104-a-0060"
            ecep:lem="wound"
            ecep:pos="n1"
            ecep:reg="Wound"
            ecep:spe="Wound"
            ecep:syllab="1"
            ecep:pron="wuːnd">Wound</w>
         <pc xml:id="o4672-140030"
             n="o4672/0104-a-0070"
             ecep:lem=","
             ecep:pos=","
             ecep:reg=","
             ecep:spe=",">,</pc>
      </l>
      <l xml:id="o4672-l05600">
         <c> </c>
         <w xml:id="o4672-140040"
            n="o4672/0104-a-0080"
            ecep:lem="nor"
            ecep:pos="ccx"
            ecep:reg="Nor"
            ecep:spe="Nor"
            ecep:syllab="1"
            ecep:pron="nɔː">Nor</w>
         <c> </c>
         <w xml:id="o4672-140050"
            n="o4672/0104-a-0090"
            ecep:lem="love"
            ecep:pos="vvi"
            ecep:reg="love"
            ecep:spe="love"
            ecep:syllab="1"
            ecep:pron="lʌv">love</w>
         <c> </c>
         <w xml:id="o4672-140060"
            n="o4672/0104-a-0100"
            ecep:lem="below"
            ecep:pos="p-acp"
            ecep:reg="below"
            ecep:spe="below"
            ecep:syllab="2"
            ecep:pron="biˈləʊ">below</w>
         <c> </c>
         <w xml:id="o4672-140070"
            n="o4672/0104-a-0110"
            ecep:lem="the"
            ecep:pos="dt"
            ecep:reg="the"
            ecep:spe="the"
            ecep:syllab="1"
            ecep:pron="ðiː">the</w>
         <c> </c>
         <w xml:id="o4672-140080"
            n="o4672/0104-a-0120"
            ecep:lem="sky"
            ecep:pos="n2"
            ecep:reg="Skies"
            ecep:spe="Skies"
            ecep:syllab="1"
            ecep:pron="skaɪz">Skies</w>
         <pc xml:id="o4672-140090"
             n="o4672/0104-a-0130"
             unit="sentence"
             ecep:lem="."
             ecep:pos="."
             ecep:reg="."
             ecep:spe=".">.</pc>
         <c> </c>
      </l>
   </lg>
   <lg n="3" xml:id="o4672-s01390">
      <head>
         <w xml:id="o4672-140130"
            n="o4672/0104-a-0140"
            ecep:lem="iii"
            ecep:pos="crd"
            ecep:reg="III"
            ecep:spe="III"
            ecep:syllab="1"
            ecep:pron="rˌəʊmənθrˈiː">III</w>
         <pc xml:id="o4672-140140"
             n="o4672/0104-a-0150"
             unit="sentence"
             ecep:lem="."
             ecep:pos="."
             ecep:reg="."
             ecep:spe=".">.</pc>
      </head>
      <l xml:id="o4672-l05605">
         <hi>
            <w xml:id="o4672-140160"
               n="o4672/0104-a-0160"
               ecep:lem="Jesus"
               ecep:pos="np1"
               ecep:reg="Jesus"
               ecep:spe="Jesus"
               ecep:syllab="2"
               ecep:pron="ˈdʒiːzəs">Jesus</w>
         </hi>
         <c> </c>
         <w xml:id="o4672-140170"
            n="o4672/0104-a-0170"
            ecep:lem="the"
            ecep:pos="dt"
            ecep:reg="the"
            ecep:spe="the"
            ecep:syllab="1"
            ecep:pron="ðiː">the</w>
         <c> </c>
         <w xml:id="o4672-140180"
            n="o4672/0104-a-0180"
            ecep:lem="spring"
            ecep:pos="n1"
            ecep:reg="Spring"
            ecep:spe="Spring"
            ecep:syllab="1"
            ecep:pron="sprɪŋ">Spring</w>
         <c> </c>
         <w xml:id="o4672-140190"
            n="o4672/0104-a-0190"
            ecep:lem="of"
            ecep:pos="pp-f"
            ecep:reg="of"
            ecep:spe="of"
            ecep:syllab="1"
            ecep:pron="ɒv">of</w>
         <c> </c>
         <w xml:id="o4672-140200"
            n="o4672/0104-a-0200"
            ecep:lem="all"
            ecep:pos="d"
            ecep:reg="all"
            ecep:spe="all"
            ecep:syllab="1"
            ecep:pron="ɔːl">all</w>
         <c> </c>
         <w xml:id="o4672-140210"
            n="o4672/0104-a-0210"
            ecep:lem="that|be"
            ecep:pos="cst|vbz"
            ecep:reg="that's"
            ecep:spe="that's"
            ecep:syllab="1"
            ecep:pron="ðæts">that's</w>
         <c> </c>
         <w xml:id="o4672-140220"
            n="o4672/0104-a-0220"
            ecep:lem="bright"
            ecep:pos="j"
            ecep:reg="bright"
            ecep:spe="bright"
            ecep:syllab="1"
            ecep:pron="braɪt">bright</w>
         <pc xml:id="o4672-140230"
             n="o4672/0104-a-0230"
             ecep:lem=","
             ecep:pos=","
             ecep:reg=","
             ecep:spe=",">,</pc>
      </l>
      <l xml:id="o4672-l05610">
         <c> </c>
         <w xml:id="o4672-140240"
            n="o4672/0104-a-0240"
            ecep:lem="the"
            ecep:pos="dt"
            ecep:reg="The"
            ecep:spe="The"
            ecep:syllab="1"
            ecep:pron="ðiː">The</w>
         <c> </c>
         <w xml:id="o4672-140250"
            n="o4672/0104-a-0250"
            ecep:lem="everlasting"
            ecep:pos="j"
            ecep:reg="Everlasting"
            ecep:spe="Everlasting"
            ecep:syllab="4"
            ecep:pron="ˌevəˈlɑːstɪŋ">Everlasting</w>
         <c> </c>
         <w xml:id="o4672-140260"
            n="o4672/0104-a-0260"
            ecep:lem="fair"
            ecep:pos="j"
            ecep:reg="Fair"
            ecep:spe="Fair"
            ecep:syllab="1"
            ecep:pron="feə">Fair</w>
         <pc xml:id="o4672-140270"
             n="o4672/0104-a-0270"
             ecep:lem=","
             ecep:pos=","
             ecep:reg=","
             ecep:spe=",">,</pc>
      </l>
      <l xml:id="o4672-l05615">
         <c> </c>
         <w xml:id="o4672-140280"
            n="o4672/0104-a-0280"
            ecep:lem="heaven"
            ecep:pos="n2"
            ecep:reg="Heavens"
            ecep:spe="Heavens"
            ecep:syllab="2"
            ecep:pron="ˈhevnz">Heavens</w>
         <c> </c>
         <w xml:id="o4672-140290"
            n="o4672/0104-a-0290"
            ecep:lem="ornament"
            ecep:pos="n1"
            ecep:reg="Ornament"
            ecep:spe="Ornament"
            ecep:syllab="3"
            ecep:pron="ˈɔːnəmənt">Ornament</w>
         <c> </c>
         <w xml:id="o4672-140300"
            n="o4672/0104-a-0300"
            ecep:lem="and"
            ecep:pos="cc"
            ecep:reg="and"
            ecep:spe="and"
            ecep:syllab="1"
            ecep:pron="ænd">and</w>
         <c> </c>
         <w xml:id="o4672-140310"
            n="o4672/0104-a-0310"
            ecep:lem="heaven"
            ecep:pos="n2"
            ecep:reg="Heavens"
            ecep:spe="Heavens"
            ecep:syllab="2"
            ecep:pron="ˈhevnz">Heavens</w>
         <c> </c>
         <w xml:id="o4672-140320"
            n="o4672/0104-a-0320"
            ecep:lem="delight"
            ecep:pos="n1"
            ecep:reg="Delight"
            ecep:spe="Delight"
            ecep:syllab="2"
            ecep:pron="diˈlaɪt">Delight</w>
      </l>
      <l xml:id="o4672-l05620">
         <c> </c>
         <w xml:id="o4672-140330"
            n="o4672/0104-a-0330"
            ecep:lem="be"
            ecep:pos="vbz"
            ecep:reg="Is"
            ecep:spe="Is"
            ecep:syllab="1"
            ecep:pron="ɪz">Is</w>
         <c> </c>
         <w xml:id="o4672-140340"
            n="o4672/0104-a-0340"
            ecep:lem="my"
            ecep:pos="po11"
            ecep:reg="my"
            ecep:spe="my"
            ecep:syllab="1"
            ecep:pron="maɪ">my</w>
         <c> </c>
         <w xml:id="o4672-140350"
            n="o4672/0104-a-0350"
            ecep:lem="eternal"
            ecep:pos="j"
            ecep:reg="Eternal"
            ecep:spe="Eternal"
            ecep:syllab="3"
            ecep:pron="ɪˈtɜːnl">Eternal</w>
         <c> </c>
         <w xml:id="o4672-140360"
            n="o4672/0104-a-0360"
            ecep:lem="care"
            ecep:pos="n1"
            ecep:reg="Care"
            ecep:spe="Care"
            ecep:syllab="1"
            ecep:pron="keə">Care</w>
         <pc xml:id="o4672-140370"
             n="o4672/0104-a-0370"
             unit="sentence"
             ecep:lem="."
             ecep:pos="."
             ecep:reg="."
             ecep:spe=".">.</pc>
         <c> </c>
      </l>
   </lg>
   <lg n="4" xml:id="o4672-s01395">
      <head>
         <w xml:id="o4672-140410"
            n="o4672/0104-a-0380"
            ecep:lem="iv"
            ecep:pos="crd"
            ecep:reg="IV"
            ecep:spe="IV"
            ecep:syllab="1"
            ecep:pron="rˌəʊmənfˈɔː">IV</w>
         <pc xml:id="o4672-140420"
             n="o4672/0104-a-0390"
             unit="sentence"
             ecep:lem="."
             ecep:pos="."
             ecep:reg="."
             ecep:spe=".">.</pc>
      </head>
      <l xml:id="o4672-l05625">
         <w xml:id="o4672-140440"
            n="o4672/0104-a-0400"
            ecep:lem="but"
            ecep:pos="p-acp"
            ecep:reg="But"
            ecep:spe="But"
            ecep:syllab="1"
            ecep:pron="bʌt">But</w>
         <pc xml:id="o4672-140450"
             n="o4672/0104-a-0410"
             ecep:lem=","
             ecep:pos=","
             ecep:reg=","
             ecep:spe=",">,</pc>
         <c> </c>
         <w xml:id="o4672-140460"
            n="o4672/0104-a-0420"
            ecep:lem="ah"
            ecep:pos="uh"
            ecep:reg="ah"
            ecep:spe="ah"
            ecep:syllab="1"
            ecep:pron="ɑː">ah</w>
         <pc xml:id="o4672-140470"
             n="o4672/0104-a-0430"
             ecep:lem="!"
             ecep:pos="!"
             ecep:reg="!"
             ecep:spe="!">!</pc>
         <c> </c>
         <w xml:id="o4672-140480"
            n="o4672/0104-a-0440"
            ecep:lem="how"
            ecep:pos="q-crq"
            ecep:reg="how"
            ecep:spe="how"
            ecep:syllab="1"
            ecep:pron="haʊ">how</w>
         <c> </c>
         <w xml:id="o4672-140490"
            n="o4672/0104-a-0450"
            ecep:lem="far"
            ecep:pos="av-j"
            ecep:reg="far"
            ecep:spe="far"
            ecep:syllab="1"
            ecep:pron="fɑː">far</w>
         <c> </c>
         <w xml:id="o4672-140500"
            n="o4672/0104-a-0460"
            ecep:lem="above"
            ecep:pos="p-acp"
            ecep:reg="above"
            ecep:spe="above"
            ecep:syllab="2"
            ecep:pron="əˈbʌv">above</w>
         <c> </c>
         <w xml:id="o4672-140510"
            n="o4672/0104-a-0470"
            ecep:lem="this"
            ecep:pos="d"
            ecep:reg="this"
            ecep:spe="this"
            ecep:syllab="1"
            ecep:pron="ðɪs">this</w>
         <c> </c>
         <w xml:id="o4672-140520"
            n="o4672/0104-a-0480"
            ecep:lem="grove"
            ecep:pos="n1"
            ecep:reg="Grove"
            ecep:spe="Grove"
            ecep:syllab="1"
            ecep:pron="grəʊv">Grove</w>
      </l>
      <l xml:id="o4672-l05630">
         <c> </c>
         <w xml:id="o4672-140530"
            n="o4672/0104-a-0490"
            ecep:lem="do"
            ecep:pos="vdz"
            ecep:reg="Does"
            ecep:spe="Does"
            ecep:syllab="1"
            ecep:pron="dʌz">Does</w>
         <c> </c>
         <w xml:id="o4672-140540"
            n="o4672/0104-a-0500"
            ecep:lem="the"
            ecep:pos="dt"
            ecep:reg="the"
            ecep:spe="the"
            ecep:syllab="1"
            ecep:pron="ðiː">the</w>
         <c> </c>
         <w xml:id="o4672-140550"
            n="o4672/0104-a-0510"
            ecep:lem="dear"
            ecep:pos="j-jn"
            ecep:reg="dear"
            ecep:spe="dear"
            ecep:syllab="1"
            ecep:pron="dɪə">dear</w>
         <c> </c>
         <w xml:id="o4672-140560"
            n="o4672/0104-a-0520"
            ecep:lem="charmer"
            ecep:pos="n1"
            ecep:reg="Charmer"
            ecep:spe="Charmer"
            ecep:syllab="2"
            ecep:pron="ˈtʃɑːmə">Charmer</w>
         <c> </c>
         <w xml:id="o4672-140570"
            n="o4672/0104-a-0530"
            ecep:lem="dwell"
            ecep:pos="vvi"
            ecep:reg="dwell"
            ecep:spe="dwell"
            ecep:syllab="1"
            ecep:pron="dwel">dwell</w>
         <pc xml:id="o4672-140580"
             n="o4672/0104-a-0540"
             unit="sentence"
             ecep:lem="?"
             ecep:pos="?"
             ecep:reg="?"
             ecep:spe="?">?</pc>
         <c> </c>
      </l>
      <l xml:id="o4672-l05635">
         <w xml:id="o4672-140590"
            n="o4672/0104-a-0550"
            ecep:lem="absence"
            ecep:pos="n1"
            ecep:reg="Absence"
            ecep:spe="Absence"
            ecep:syllab="2"
            ecep:pron="ˈæbsəns">Absence</w>
         <pc xml:id="o4672-140600"
             n="o4672/0104-a-0560"
             ecep:lem=","
             ecep:pos=","
             ecep:reg=","
             ecep:spe=",">,</pc>
         <c> </c>
         <w xml:id="o4672-140610"
            n="o4672/0104-a-0570"
            ecep:lem="that"
            ecep:pos="cst"
            ecep:reg="that"
            ecep:spe="that"
            ecep:syllab="1"
            ecep:pron="ðæt">that</w>
         <c> </c>
         <w xml:id="o4672-140620"
            n="o4672/0104-a-0580"
            ecep:lem="keen"
            ecep:pos="js"
            ecep:reg="keenest"
            ecep:spe="keenest"
            ecep:syllab="2"
            ecep:pron="ˈkiːnɪst">keenest</w>
         <c> </c>
         <w xml:id="o4672-140630"
            n="o4672/0104-a-0590"
            ecep:lem="wound"
            ecep:pos="n1"
            ecep:reg="Wound"
            ecep:spe="Wound"
            ecep:syllab="1"
            ecep:pron="wuːnd">Wound</w>
         <c> </c>
         <w xml:id="o4672-140640"
            n="o4672/0104-a-0600"
            ecep:lem="to"
            ecep:pos="p-acp"
            ecep:reg="to"
            ecep:spe="to"
            ecep:syllab="1"
            ecep:pron="tuː">to</w>
         <c> </c>
         <w xml:id="o4672-140650"
            n="o4672/0104-a-0610"
            ecep:lem="love"
            ecep:pos="n1"
            ecep:reg="Love"
            ecep:spe="Love"
            ecep:syllab="1"
            ecep:pron="lʌv">Love</w>
         <pc xml:id="o4672-140660"
             n="o4672/0104-a-0620"
             ecep:lem=","
             ecep:pos=","
             ecep:reg=","
             ecep:spe=",">,</pc>
      </l>
      <l xml:id="o4672-l05640">
         <c> </c>
         <w xml:id="o4672-140670"
            n="o4672/0104-a-0630"
            ecep:lem="that"
            ecep:pos="cst"
            ecep:reg="That"
            ecep:spe="That"
            ecep:syllab="1"
            ecep:pron="ðæt">That</w>
         <c> </c>
         <w xml:id="o4672-140680"
            n="o4672/0104-a-0640"
            ecep:lem="sharp"
            ecep:pos="js"
            ecep:reg="sharpest"
            ecep:spe="sharpest"
            ecep:syllab="2"
            ecep:pron="ˈʃɑːpɪst">sharpest</w>
         <c> </c>
         <w xml:id="o4672-140690"
            n="o4672/0104-a-0650"
            ecep:lem="pain"
            ecep:pos="n1"
            ecep:reg="Pain"
            ecep:spe="Pain"
            ecep:syllab="1"
            ecep:pron="peɪn">Pain</w>
         <c> </c>
         <w xml:id="o4672-140700"
            n="o4672/0104-a-0660"
            ecep:lem="i"
            ecep:pos="pns11"
            ecep:reg="I"
            ecep:spe="I"
            ecep:syllab="1"
            ecep:pron="aɪ">I</w>
         <c> </c>
         <w xml:id="o4672-140710"
            n="o4672/0104-a-0670"
            ecep:lem="feel"
            ecep:pos="vvb"
            ecep:reg="feel"
            ecep:spe="feel"
            ecep:syllab="1"
            ecep:pron="fiːl">feel</w>
         <pc xml:id="o4672-140720"
             n="o4672/0104-a-0680"
             unit="sentence"
             ecep:lem="."
             ecep:pos="."
             ecep:reg="."
             ecep:spe=".">.</pc>
         <c> </c>
      </l>
   </lg>
   <lg n="5" xml:id="o4672-s01400">
      <head>
         <w xml:id="o4672-140760"
            n="o4672/0104-a-0690"
            ecep:lem="v."
            ecep:pos="crd"
            ecep:reg="V"
            ecep:spe="V."
            ecep:syllab="1"
            ecep:pron="viː">V.</w>
         <pc unit="sentence" xml:id="o4672-140760-eos" n="o4672/0104-a-0700"/>
      </head>
      <l xml:id="o4672-l05645">
         <w xml:id="o4672-140780"
            n="o4672/0104-a-0710"
            ecep:lem="pensive"
            ecep:pos="j"
            ecep:reg="Pensive"
            ecep:spe="Pensive"
            ecep:syllab="2"
            ecep:pron="ˈpensɪv">Pensive</w>
         <c> </c>
         <w xml:id="o4672-140790"
            n="o4672/0104-a-0720"
            ecep:lem="i"
            ecep:pos="pns11"
            ecep:reg="I"
            ecep:spe="I"
            ecep:syllab="1"
            ecep:pron="aɪ">I</w>
         <c> </c>
         <w xml:id="o4672-140800"
            n="o4672/0104-a-0730"
            ecep:lem="climb"
            ecep:pos="vvb"
            ecep:reg="climb"
            ecep:spe="climb"
            ecep:syllab="1"
            ecep:pron="klaɪm">climb</w>
         <c> </c>
         <w xml:id="o4672-140810"
            n="o4672/0104-a-0740"
            ecep:lem="the"
            ecep:pos="dt"
            ecep:reg="the"
            ecep:spe="the"
            ecep:syllab="1"
            ecep:pron="ðiː">the</w>
         <c> </c>
         <w xml:id="o4672-140820"
            n="o4672/0104-a-0750"
            ecep:lem="sacred"
            ecep:pos="j"
            ecep:reg="Sacred"
            ecep:spe="Sacred"
            ecep:syllab="1"
            ecep:pron="ˈseɪkrɪd">Sacred</w>
         <c> </c>
         <w xml:id="o4672-140830"
            n="o4672/0104-a-0760"
            ecep:lem="hill"
            ecep:pos="n2"
            ecep:reg="Hills"
            ecep:spe="Hills"
            ecep:syllab="1"
            ecep:pron="hɪlz">Hills</w>
         <pc xml:id="o4672-140840"
             n="o4672/0104-a-0770"
             ecep:lem=","
             ecep:pos=","
             ecep:reg=","
             ecep:spe=",">,</pc>
      </l>
      <l xml:id="o4672-l05650">
         <c> </c>
         <w xml:id="o4672-140850"
            n="o4672/0104-a-0780"
            ecep:lem="and"
            ecep:pos="cc"
            ecep:reg="And"
            ecep:spe="And"
            ecep:syllab="1"
            ecep:pron="ænd">And</w>
         <c> </c>
         <w xml:id="o4672-140860"
            n="o4672/0104-a-0790"
            ecep:lem="near"
            ecep:pos="av-j"
            ecep:reg="near"
            ecep:spe="near"
            ecep:syllab="1"
            ecep:pron="nɪə">near</w>
         <c> </c>
         <w xml:id="o4672-140870"
            n="o4672/0104-a-0800"
            ecep:lem="he"
            ecep:pos="pno31"
            ecep:reg="him"
            ecep:spe="him"
            ecep:syllab="1"
            ecep:pron="hɪm">him</w>
         <c> </c>
         <w xml:id="o4672-140880"
            n="o4672/0104-a-0810"
            ecep:lem="vent"
            ecep:pos="vvi"
            ecep:reg="vent"
            ecep:spe="vent"
            ecep:syllab="1"
            ecep:pron="vent">vent</w>
         <c> </c>
         <w xml:id="o4672-140890"
            n="o4672/0104-a-0820"
            ecep:lem="my"
            ecep:pos="po11"
            ecep:reg="my"
            ecep:spe="my"
            ecep:syllab="1"
            ecep:pron="maɪ">my</w>
         <c> </c>
         <w xml:id="o4672-140900"
            n="o4672/0104-a-0830"
            ecep:lem="woe"
            ecep:pos="n2"
            ecep:reg="Woes"
            ecep:spe="Woes"
            ecep:syllab="1"
            ecep:pron="wəʊz">Woes</w>
         <pc xml:id="o4672-140910"
             n="o4672/0104-a-0840"
             ecep:lem=","
             ecep:pos=","
             ecep:reg=","
             ecep:spe=",">,</pc>
      </l>
      <l xml:id="o4672-l05655">
         <c> </c>
         <w xml:id="o4672-140920"
            n="o4672/0104-a-0850"
            ecep:lem="yet"
            ecep:pos="av"
            ecep:reg="Yet"
            ecep:spe="Yet"
            ecep:syllab="1"
            ecep:pron="jet">Yet</w>
         <c> </c>
         <w xml:id="o4672-140930"
            n="o4672/0104-a-0860"
            ecep:lem="his"
            ecep:pos="po31"
            ecep:reg="his"
            ecep:spe="his"
            ecep:syllab="1"
            ecep:pron="hɪz">his</w>
         <c> </c>
         <w xml:id="o4672-140940"
            n="o4672/0104-a-0870"
            ecep:lem="sweet"
            ecep:pos="j"
            ecep:reg="sweet"
            ecep:spe="sweet"
            ecep:syllab="1"
            ecep:pron="swiːt">sweet</w>
         <c> </c>
         <w xml:id="o4672-140950"
            n="o4672/0104-a-0880"
            ecep:lem="face"
            ecep:pos="n1"
            ecep:reg="Face"
            ecep:spe="Face"
            ecep:syllab="1"
            ecep:pron="feɪs">Face</w>
         <c> </c>
         <w xml:id="o4672-140960"
            n="o4672/0104-a-0890"
            ecep:lem="he"
            ecep:pos="pns31"
            ecep:reg="he"
            ecep:spe="he"
            ecep:syllab="1"
            ecep:pron="hiː">he</w>
         <c> </c>
         <w xml:id="o4672-140970"
            n="o4672/0104-a-0900"
            ecep:lem="still"
            ecep:pos="av"
            ecep:reg="still"
            ecep:spe="still"
            ecep:syllab="1"
            ecep:pron="stɪl">still</w>
         <c> </c>
         <w xml:id="o4672-140980"
            n="o4672/0104-a-0910"
            ecep:lem="conceal"
            ecep:pos="vvz"
            ecep:reg="conceals"
            ecep:spe="conceals"
            ecep:syllab="2"
            ecep:pron="kənˈsiːlz">conceals</w>
         <pc xml:id="o4672-140990"
             n="o4672/0104-a-0920"
             ecep:lem=","
             ecep:pos=","
             ecep:reg=","
             ecep:spe=",">,</pc>
      </l>
      <l xml:id="o4672-l05660">
         <c> </c>
         <w xml:id="o4672-141000"
            n="o4672/0104-a-0930"
            ecep:lem="yet"
            ecep:pos="av"
            ecep:reg="Yet"
            ecep:spe="Yet"
            ecep:syllab="1"
            ecep:pron="jet">Yet</w>
         <c> </c>
         <w xml:id="o4672-141010"
            n="o4672/0104-a-0940"
            ecep:lem="still"
            ecep:pos="av"
            ecep:reg="still"
            ecep:spe="still"
            ecep:syllab="1"
            ecep:pron="stɪl">still</w>
         <c> </c>
         <w xml:id="o4672-141020"
            n="o4672/0104-a-0950"
            ecep:lem="my"
            ecep:pos="po11"
            ecep:reg="my"
            ecep:spe="my"
            ecep:syllab="1"
            ecep:pron="maɪ">my</w>
         <c> </c>
         <w xml:id="o4672-141030"
            n="o4672/0104-a-0960"
            ecep:lem="passion"
            ecep:pos="n1"
            ecep:reg="Passion"
            ecep:spe="Passion"
            ecep:syllab="2"
            ecep:pron="ˈpæʃn">Passion</w>
         <c> </c>
         <w xml:id="o4672-141040"
            n="o4672/0104-a-0970"
            ecep:lem="grow"
            ecep:pos="vvz"
            ecep:reg="grows"
            ecep:spe="grows"
            ecep:syllab="1"
            ecep:pron="grəʊz">grows</w>
         <pc xml:id="o4672-141050"
             n="o4672/0104-a-0980"
             unit="sentence"
             ecep:lem="."
             ecep:pos="."
             ecep:reg="."
             ecep:spe=".">.</pc>
         <c> </c>
      </l>
   </lg>
   <lg n="6" xml:id="o4672-s01405">
      <head>
         <w xml:id="o4672-141090"
            n="o4672/0104-a-0990"
            ecep:lem="vi"
            ecep:pos="crd"
            ecep:reg="VI"
            ecep:spe="VI"
            ecep:syllab="1"
            ecep:pron="ˈvaɪ">VI</w>
         <pc xml:id="o4672-141100"
             n="o4672/0104-a-1000"
             unit="sentence"
             ecep:lem="."
             ecep:pos="."
             ecep:reg="."
             ecep:spe=".">.</pc>
      </head>
      <l xml:id="o4672-l05665">
         <w xml:id="o4672-141120"
            n="o4672/0104-a-1010"
            ecep:lem="i"
            ecep:pos="pns11"
            ecep:reg="I"
            ecep:spe="I"
            ecep:syllab="1"
            ecep:pron="aɪ">I</w>
         <c> </c>
         <w xml:id="o4672-141130"
            n="o4672/0104-a-1020"
            ecep:lem="murmur"
            ecep:pos="vvb"
            ecep:reg="murmur"
            ecep:spe="murmur"
            ecep:syllab="2"
            ecep:pron="ˈmɜːmə">murmur</w>
         <c> </c>
         <w xml:id="o4672-141140"
            n="o4672/0104-a-1030"
            ecep:lem="to"
            ecep:pos="p-acp"
            ecep:reg="to"
            ecep:spe="to"
            ecep:syllab="1"
            ecep:pron="tuː">to</w>
         <c> </c>
         <w xml:id="o4672-141150"
            n="o4672/0104-a-1040"
            ecep:lem="the"
            ecep:pos="dt"
            ecep:reg="the"
            ecep:spe="the"
            ecep:syllab="1"
            ecep:pron="ðiː">the</w>
         <c> </c>
         <w xml:id="o4672-141160"
            n="o4672/0104-a-1050"
            ecep:lem="hollow"
            ecep:pos="j-jn"
            ecep:reg="hollow"
            ecep:spe="hollow"
            ecep:syllab="2"
            ecep:pron="ˈhɒləʊ">hollow</w>
         <c> </c>
         <w xml:id="o4672-141170"
            n="o4672/0104-a-1060"
            ecep:lem="vale"
            ecep:pos="n1"
            ecep:reg="Vale"
            ecep:spe="Vale"
            ecep:syllab="1"
            ecep:pron="ˈvɑːleɪ">Vale</w>
         <pc xml:id="o4672-141180"
             n="o4672/0104-a-1070"
             ecep:lem=","
             ecep:pos=","
             ecep:reg=","
             ecep:spe=",">,</pc>
      </l>
      <l xml:id="o4672-l05670">
         <c> </c>
         <w xml:id="o4672-141190"
            n="o4672/0104-a-1080"
            ecep:lem="i"
            ecep:pos="pns11"
            ecep:reg="I"
            ecep:spe="I"
            ecep:syllab="1"
            ecep:pron="aɪ">I</w>
         <c> </c>
         <w xml:id="o4672-141200"
            n="o4672/0104-a-1090"
            ecep:lem="tell"
            ecep:pos="vvb"
            ecep:reg="tell"
            ecep:spe="tell"
            ecep:syllab="1"
            ecep:pron="tel">tell</w>
         <c> </c>
         <w xml:id="o4672-141210"
            n="o4672/0104-a-1100"
            ecep:lem="the"
            ecep:pos="dt"
            ecep:reg="the"
            ecep:spe="the"
            ecep:syllab="1"
            ecep:pron="ðiː">the</w>
         <c> </c>
         <w xml:id="o4672-141220"
            n="o4672/0104-a-1110"
            ecep:lem="rock"
            ecep:pos="n2"
            ecep:reg="Rocks"
            ecep:spe="Rocks"
            ecep:syllab="1"
            ecep:pron="rɒks">Rocks</w>
         <c> </c>
         <w xml:id="o4672-141230"
            n="o4672/0104-a-1120"
            ecep:lem="my"
            ecep:pos="po11"
            ecep:reg="my"
            ecep:spe="my"
            ecep:syllab="1"
            ecep:pron="maɪ">my</w>
         <c> </c>
         <w xml:id="o4672-141240"
            n="o4672/0104-a-1130"
            ecep:lem="flame"
            ecep:pos="n1"
            ecep:reg="Flame"
            ecep:spe="Flame"
            ecep:syllab="1"
            ecep:pron="fleɪm">Flame</w>
         <pc xml:id="o4672-141250"
             n="o4672/0104-a-1140"
             ecep:lem=","
             ecep:pos=","
             ecep:reg=","
             ecep:spe=",">,</pc>
      </l>
      <l xml:id="o4672-l05675">
         <c> </c>
         <w xml:id="o4672-141260"
            n="o4672/0104-a-1150"
            ecep:lem="and"
            ecep:pos="cc"
            ecep:reg="And"
            ecep:spe="And"
            ecep:syllab="1"
            ecep:pron="ænd">And</w>
         <c> </c>
         <w xml:id="o4672-141270"
            n="o4672/0104-a-1160"
            ecep:lem="bless"
            ecep:pos="vvb"
            ecep:reg="bless"
            ecep:spe="bless"
            ecep:syllab="1"
            ecep:pron="bles">bless</w>
         <c> </c>
         <w xml:id="o4672-141280"
            n="o4672/0104-a-1170"
            ecep:lem="the"
            ecep:pos="dt"
            ecep:reg="the"
            ecep:spe="the"
            ecep:syllab="1"
            ecep:pron="ðiː">the</w>
         <c> </c>
         <hi>
            <w xml:id="o4672-141290"
               n="o4672/0104-a-1180"
               ecep:lem="echo"
               ecep:pos="n1"
               ecep:reg="Echo"
               ecep:spe="Eccho"
               ecep:syllab="2"
               ecep:pron="ˈekəʊ">Eccho</w>
         </hi>
         <c> </c>
         <w xml:id="o4672-141300"
            n="o4672/0104-a-1190"
            ecep:lem="in"
            ecep:pos="p-acp"
            ecep:reg="in"
            ecep:spe="in"
            ecep:syllab="1"
            ecep:pron="ɪn">in</w>
         <c> </c>
         <w xml:id="o4672-141310"
            n="o4672/0104-a-1200"
            ecep:lem="her"
            ecep:pos="po31"
            ecep:reg="her"
            ecep:spe="her"
            ecep:syllab="1"
            ecep:pron="hɜː">her</w>
         <c> </c>
         <w xml:id="o4672-141320"
            n="o4672/0104-a-1210"
            ecep:lem="cell"
            ecep:pos="n1"
            ecep:reg="Cell"
            ecep:spe="Cell"
            ecep:syllab="1"
            ecep:pron="sel">Cell</w>
      </l>
      <l xml:id="o4672-l05680">
         <c> </c>
         <w xml:id="o4672-141330"
            n="o4672/0104-a-1220"
            ecep:lem="that"
            ecep:pos="cst"
            ecep:reg="That"
            ecep:spe="That"
            ecep:syllab="1"
            ecep:pron="ðæt">That</w>
         <c> </c>
         <w xml:id="o4672-141340"
            n="o4672/0104-a-1230"
            ecep:lem="best"
            ecep:pos="av-js"
            ecep:reg="best"
            ecep:spe="best"
            ecep:syllab="1"
            ecep:pron="best">best</w>
         <c> </c>
         <w xml:id="o4672-141350"
            n="o4672/0104-a-1240"
            ecep:lem="repeat"
            ecep:pos="vvz"
            ecep:reg="repeats"
            ecep:spe="repeats"
            ecep:syllab="2"
            ecep:pron="riˈpiːts">repeats</w>
         <c> </c>
         <w xml:id="o4672-141360"
            n="o4672/0104-a-1250"
            ecep:lem="his"
            ecep:pos="po31"
            ecep:reg="his"
            ecep:spe="his"
            ecep:syllab="1"
            ecep:pron="hɪz">his</w>
         <c> </c>
         <w xml:id="o4672-141370"
            n="o4672/0104-a-1260"
            ecep:lem="name"
            ecep:pos="n1"
            ecep:reg="Name"
            ecep:spe="Name"
            ecep:syllab="1"
            ecep:pron="neɪm">Name</w>
         <pc xml:id="o4672-141380"
             n="o4672/0104-a-1270"
             unit="sentence"
             ecep:lem="."
             ecep:pos="."
             ecep:reg="."
             ecep:spe=".">.</pc>
         <c> </c>
      </l>
   </lg>
   <pb facs="o4672/0105" n="86" rend="none"/>
   <lg n="7" xml:id="o4672-s01410">
      <head>
         <w xml:id="o4672-141420"
            n="o4672/0105-a-0010"
            ecep:lem="vii"
            ecep:pos="crd"
            ecep:reg="VII"
            ecep:spe="VII"
            ecep:syllab="1"
            ecep:pron="rˌəʊmənsˈevən">VII</w>
         <pc xml:id="o4672-141430"
             n="o4672/0105-a-0020"
             unit="sentence"
             ecep:lem="."
             ecep:pos="."
             ecep:reg="."
             ecep:spe=".">.</pc>
      </head>
      <l xml:id="o4672-l05685">
         <w xml:id="o4672-141450"
            n="o4672/0105-a-0030"
            ecep:lem="my"
            ecep:pos="po11"
            ecep:reg="My"
            ecep:spe="My"
            ecep:syllab="1"
            ecep:pron="maɪ">My</w>
         <c> </c>
         <w xml:id="o4672-141460"
            n="o4672/0105-a-0040"
            ecep:lem="passion"
            ecep:pos="n1"
            ecep:reg="Passion"
            ecep:spe="Passion"
            ecep:syllab="2"
            ecep:pron="ˈpæʃn">Passion</w>
         <c> </c>
         <w xml:id="o4672-141470"
            n="o4672/0105-a-0050"
            ecep:lem="breathe"
            ecep:pos="vvz"
            ecep:reg="breathes"
            ecep:spe="breaths"
            ecep:syllab="1"
            ecep:pron="breθs">breaths</w>
         <c> </c>
         <w xml:id="o4672-141480"
            n="o4672/0105-a-0060"
            ecep:lem="perpetual"
            ecep:pos="j"
            ecep:reg="perpetual"
            ecep:spe="perpetual"
            ecep:syllab="4"
            ecep:pron="pəˈpetjuəl">perpetual</w>
         <c> </c>
         <w xml:id="o4672-141490"
            n="o4672/0105-a-0070"
            ecep:lem="sigh"
            ecep:pos="n2"
            ecep:reg="Sighs"
            ecep:spe="Sighs"
            ecep:syllab="1"
            ecep:pron="saɪz">Sighs</w>
      </l>
      <l xml:id="o4672-l05690">
         <c> </c>
         <w xml:id="o4672-141500"
            n="o4672/0105-a-0080"
            ecep:lem="till"
            ecep:pos="p-acp"
            ecep:reg="Till"
            ecep:spe="Till"
            ecep:syllab="1"
            ecep:pron="tɪl">Till</w>
         <c> </c>
         <w xml:id="o4672-141510"
            n="o4672/0105-a-0090"
            ecep:lem="pity"
            ecep:pos="j-vvg"
            ecep:reg="pitying"
            ecep:spe="pitying"
            ecep:syllab="3"
            ecep:pron="ˈpɪtiɪŋ">pitying</w>
         <c> </c>
         <w xml:id="o4672-141520"
            n="o4672/0105-a-0100"
            ecep:lem="wind"
            ecep:pos="n2"
            ecep:reg="Winds"
            ecep:spe="Winds"
            ecep:syllab="1"
            ecep:pron="wɪndz">Winds</w>
         <c> </c>
         <w xml:id="o4672-141530"
            n="o4672/0105-a-0110"
            ecep:lem="shall"
            ecep:pos="vmb"
            ecep:reg="shall"
            ecep:spe="shall"
            ecep:syllab="1"
            ecep:pron="ʃæl">shall</w>
         <c> </c>
         <w xml:id="o4672-141540"
            n="o4672/0105-a-0120"
            ecep:lem="hear"
            ecep:pos="vvi"
            ecep:reg="hear"
            ecep:spe="hear"
            ecep:syllab="1"
            ecep:pron="hɪə">hear</w>
         <pc xml:id="o4672-141550"
             n="o4672/0105-a-0130"
             ecep:lem=","
             ecep:pos=","
             ecep:reg=","
             ecep:spe=",">,</pc>
      </l>
      <l xml:id="o4672-l05695">
         <c> </c>
         <w xml:id="o4672-141560"
            n="o4672/0105-a-0140"
            ecep:lem="and"
            ecep:pos="cc"
            ecep:reg="And"
            ecep:spe="And"
            ecep:syllab="1"
            ecep:pron="ænd">And</w>
         <c> </c>
         <w xml:id="o4672-141570"
            n="o4672/0105-a-0150"
            ecep:lem="gentle"
            ecep:pos="av-jn"
            ecep:reg="gently"
            ecep:spe="gently"
            ecep:syllab="2"
            ecep:pron="ˈdʒentli">gently</w>
         <c> </c>
         <w xml:id="o4672-141580"
            n="o4672/0105-a-0160"
            ecep:lem="bear"
            ecep:pos="vvi"
            ecep:reg="bear"
            ecep:spe="bear"
            ecep:syllab="1"
            ecep:pron="beə">bear</w>
         <c> </c>
         <w xml:id="o4672-141590"
            n="o4672/0105-a-0170"
            ecep:lem="they"
            ecep:pos="pno32"
            ecep:reg="them"
            ecep:spe="them"
            ecep:syllab="1"
            ecep:pron="ðem">them</w>
         <c> </c>
         <w xml:id="o4672-141600"
            n="o4672/0105-a-0180"
            ecep:lem="up"
            ecep:pos="a-acp"
            ecep:reg="up"
            ecep:spe="up"
            ecep:syllab="1"
            ecep:pron="ʌp">up</w>
         <c> </c>
         <w xml:id="o4672-141610"
            n="o4672/0105-a-0190"
            ecep:lem="the"
            ecep:pos="dt"
            ecep:reg="the"
            ecep:spe="the"
            ecep:syllab="1"
            ecep:pron="ðiː">the</w>
         <c> </c>
         <w xml:id="o4672-141620"
            n="o4672/0105-a-0200"
            ecep:lem="sky"
            ecep:pos="n2"
            ecep:reg="Skies"
            ecep:spe="Skies"
            ecep:syllab="1"
            ecep:pron="skaɪz">Skies</w>
         <pc xml:id="o4672-141630"
             n="o4672/0105-a-0210"
             ecep:lem=","
             ecep:pos=","
             ecep:reg=","
             ecep:spe=",">,</pc>
      </l>
      <l xml:id="o4672-l05700">
         <c> </c>
         <w xml:id="o4672-141640"
            n="o4672/0105-a-0220"
            ecep:lem="and"
            ecep:pos="cc"
            ecep:reg="And"
            ecep:spe="And"
            ecep:syllab="1"
            ecep:pron="ænd">And</w>
         <c> </c>
         <w xml:id="o4672-141650"
            n="o4672/0105-a-0230"
            ecep:lem="gentle"
            ecep:pos="av-jn"
            ecep:reg="gently"
            ecep:spe="gently"
            ecep:syllab="2"
            ecep:pron="ˈdʒentli">gently</w>
         <c> </c>
         <w xml:id="o4672-141660"
            n="o4672/0105-a-0240"
            ecep:lem="wind"
            ecep:pos="vvd"
            ecep:reg="wound"
            ecep:spe="wound"
            ecep:syllab="1"
            ecep:pron="waʊnd">wound</w>
         <c> </c>
         <w xml:id="o4672-141670"
            n="o4672/0105-a-0250"
            ecep:lem="his"
            ecep:pos="po31"
            ecep:reg="his"
            ecep:spe="his"
            ecep:syllab="1"
            ecep:pron="hɪz">his</w>
         <c> </c>
         <w xml:id="o4672-141680"
            n="o4672/0105-a-0260"
            ecep:lem="ear"
            ecep:pos="n1"
            ecep:reg="Ear"
            ecep:spe="Ear"
            ecep:syllab="1"
            ecep:pron="ɪə">Ear</w>
         <pc xml:id="o4672-141690"
             n="o4672/0105-a-0270"
             unit="sentence"
             ecep:lem="."
             ecep:pos="."
             ecep:reg="."
             ecep:spe=".">.</pc>
         <c> </c>
      </l>
   </lg>
</div>
