<?xml version="1.0" encoding="utf-8"?>
<!DOCTYPE div
  SYSTEM "about:legacy-compat">
<div xmlns:tei="http://www.tei-c.org/ns/1.0"
     xmlns="http://www.tei-c.org/ns/1.0"
     xmlns:ecep="http://www.eighteenthcenturypoetry.org/ns"
     ana="#anapaest #tetrameter #catalexis #couplet #pair"
     corresp="#txt_LislTh1709_w0001"
     ecep:syllab="12"
     met="--+|--+|--+|--+/"
     rhyme="aa"
     subtype="eceptext"
     type="poem"
     xml:id="o5157-w0270"
     decls="#semi-normalized">
   <link target="authors.xml#aut_LislTh1709" type="author"/>
   <link target="27845" type="DMI"/>
   <head type="main">
      <w xml:id="o5157-355090"
         n="164-a-1010"
         ecep:lem="a"
         ecep:pos="dt"
         ecep:reg="An"
         ecep:spe="An"
         ecep:syllab="1"
         ecep:pron="æn">An</w>
      <c> </c>
      <w xml:id="o5157-355100"
         n="164-a-1020"
         ecep:lem="excuse"
         ecep:pos="vvb"
         ecep:reg="EXCUSE"
         ecep:spe="EXCUSE"
         ecep:syllab="2"
         ecep:pron="ɪkˈskjuːz">EXCUSE</w>
      <c> </c>
      <w xml:id="o5157-355110"
         n="164-a-1030"
         ecep:lem="for"
         ecep:pos="p-acp"
         ecep:reg="for"
         ecep:spe="for"
         ecep:syllab="1"
         ecep:pron="fɔː">for</w>
      <c> </c>
      <w xml:id="o5157-355120"
         n="164-a-1040"
         ecep:lem="inconstancy"
         ecep:pos="n1"
         ecep:reg="INCONSTANCY"
         ecep:spe="INCONSTANCY"
         ecep:syllab="4"
         ecep:pron="ɪnˈkɒnstənsɪ">INCONSTANCY</w>
      <pc xml:id="o5157-355130"
          n="164-a-1050"
          ecep:lem=","
          ecep:pos=","
          ecep:reg=","
          ecep:spe=",">,</pc>
   </head>
   <head type="sub">
      <w xml:id="o5157-355160"
         n="164-a-1060"
         ecep:lem="1737."
         ecep:pos="crd"
         ecep:reg="1737."
         ecep:spe="1737."
         ecep:syllab="1"
         ecep:pron="wˈɒnθˈaʊzəndsˈevənhˈʌndrədənθˈɜːtisˈevən">1737.</w>
      <pc unit="sentence" xml:id="o5157-355160-eos" n="164-a-1070"/>
   </head>
   <byline>
      <w xml:id="o5157-355190"
         n="164-a-1080"
         ecep:lem="by"
         ecep:pos="p-acp"
         ecep:reg="By"
         ecep:spe="By"
         ecep:syllab="1"
         ecep:pron="baɪ">By</w>
      <c> </c>
      <w xml:id="o5157-355200"
         n="164-a-1090"
         ecep:lem="the"
         ecep:pos="dt"
         ecep:reg="the"
         ecep:spe="the"
         ecep:syllab="1"
         ecep:pron="ðə">the</w>
      <c> </c>
      <w xml:id="o5157-355210"
         n="164-a-1100"
         ecep:lem="reverend"
         ecep:pos="n-jn"
         ecep:reg="Rev."
         ecep:spe="Rev."
         ecep:syllab="1"
         ecep:pron="rˈev">Rev.</w>
      <c> </c>
      <w xml:id="o5157-355220"
         n="164-a-1110"
         ecep:lem="dr."
         ecep:pos="n1"
         ecep:reg="Dr."
         ecep:spe="Dr."
         ecep:syllab="2"
         ecep:pron="dˈɒktə">Dr.</w>
      <c> </c>
      <w xml:id="o5157-355230"
         n="164-a-1120"
         ecep:lem="Lisle"
         ecep:pos="np1"
         ecep:reg="LISLE"
         ecep:spe="LISLE"
         ecep:syllab="2"
         ecep:pron="laɪl">LISLE</w>
      <pc xml:id="o5157-355240"
          n="164-a-1130"
          unit="sentence"
          ecep:lem="."
          ecep:pos="."
          ecep:reg="."
          ecep:spe=".">.</pc>
   </byline>
   <lg xml:id="o5157-s01680">
      <l xml:id="o5157-l19330">
         <w xml:id="o5157-355270"
            n="164-a-1140"
            ecep:lem="when"
            ecep:pos="c-crq"
            ecep:reg="WHEN"
            ecep:spe="WHEN"
            ecep:syllab="1"
            ecep:pron="wen">WHEN</w>
         <c> </c>
         <w xml:id="o5157-355280"
            n="164-a-1150"
            ecep:lem="phoebus"
            ecep:pos="npg1"
            ecep:reg="Phoebus's"
            ecep:spe="Phoebus's"
            ecep:syllab="2"
            ecep:pron="ˈfiːbəsz">Phoebus's</w>
         <c> </c>
         <w xml:id="o5157-355290"
            n="164-a-1160"
            ecep:lem="beam"
            ecep:pos="n2"
            ecep:reg="beams"
            ecep:spe="beams"
            ecep:syllab="1"
            ecep:pron="biːmz">beams</w>
         <c> </c>
         <w xml:id="o5157-355300"
            n="164-a-1170"
            ecep:lem="be"
            ecep:pos="vbr"
            ecep:reg="are"
            ecep:spe="are"
            ecep:syllab="1"
            ecep:pron="ɑː">are</w>
         <c> </c>
         <w xml:id="o5157-355310"
            n="164-a-1180"
            ecep:lem="withdraw"
            ecep:pos="vvn"
            ecep:reg="withdrawn"
            ecep:spe="withdrawn"
            ecep:syllab="2"
            ecep:pron="wɪðˈdrɔːn">withdrawn</w>
         <c> </c>
         <w xml:id="o5157-355320"
            n="164-a-1190"
            ecep:lem="from"
            ecep:pos="p-acp"
            ecep:reg="from"
            ecep:spe="from"
            ecep:syllab="1"
            ecep:pron="frɒm">from</w>
         <c> </c>
         <w xml:id="o5157-355330"
            n="164-a-1200"
            ecep:lem="our"
            ecep:pos="po12"
            ecep:reg="our"
            ecep:spe="our"
            ecep:syllab="2"
            ecep:pron="aʊə">our</w>
         <c> </c>
         <w xml:id="o5157-355340"
            n="164-a-1210"
            ecep:lem="sight"
            ecep:pos="n1"
            ecep:reg="sight"
            ecep:spe="sight"
            ecep:syllab="1"
            ecep:pron="saɪt">sight</w>
         <pc xml:id="o5157-355350"
             n="164-a-1220"
             ecep:lem=","
             ecep:pos=","
             ecep:reg=","
             ecep:spe=",">,</pc>
      </l>
      <l xml:id="o5157-l19335">
         <w xml:id="o5157-355360"
            n="164-a-1230"
            ecep:lem="we"
            ecep:pos="pns12"
            ecep:reg="We"
            ecep:spe="We"
            ecep:syllab="1"
            ecep:pron="wiː">We</w>
         <c> </c>
         <w xml:id="o5157-355370"
            n="164-a-1240"
            ecep:lem="admire"
            ecep:pos="vvb"
            ecep:reg="admire"
            ecep:spe="admire"
            ecep:syllab="2"
            ecep:pron="ədˈmaɪə">admire</w>
         <c> </c>
         <w xml:id="o5157-355380"
            n="164-a-1250"
            ecep:lem="his"
            ecep:pos="po31"
            ecep:reg="his"
            ecep:spe="his"
            ecep:syllab="1"
            ecep:pron="hɪz">his</w>
         <c> </c>
         <w xml:id="o5157-355390"
            n="164-a-1260"
            ecep:lem="fair"
            ecep:pos="j"
            ecep:reg="fair"
            ecep:spe="fair"
            ecep:syllab="1"
            ecep:pron="feə">fair</w>
         <c> </c>
         <w xml:id="o5157-355400"
            n="164-a-1270"
            ecep:lem="sister"
            ecep:pos="n1"
            ecep:reg="sister"
            ecep:spe="sister"
            ecep:syllab="2"
            ecep:pron="ˈsɪstə">sister</w>
         <pc xml:id="o5157-355410"
             n="164-a-1280"
             ecep:lem=","
             ecep:pos=","
             ecep:reg=","
             ecep:spe=",">,</pc>
         <c> </c>
         <w xml:id="o5157-355420"
            n="164-a-1290"
            ecep:lem="the"
            ecep:pos="dt"
            ecep:reg="the"
            ecep:spe="the"
            ecep:syllab="1"
            ecep:pron="ðə">the</w>
         <c> </c>
         <w xml:id="o5157-355430"
            n="164-a-1300"
            ecep:lem="regent"
            ecep:pos="n1"
            ecep:reg="regent"
            ecep:spe="regent"
            ecep:syllab="2"
            ecep:pron="ˈriːdʒənt">regent</w>
         <c> </c>
         <w xml:id="o5157-355440"
            n="164-a-1310"
            ecep:lem="of"
            ecep:pos="pp-f"
            ecep:reg="of"
            ecep:spe="of"
            ecep:syllab="1"
            ecep:pron="ɒv">of</w>
         <c> </c>
         <w xml:id="o5157-355450"
            n="164-a-1320"
            ecep:lem="night"
            ecep:pos="n1"
            ecep:reg="night"
            ecep:spe="night"
            ecep:syllab="1"
            ecep:pron="naɪt">night</w>
         <pc xml:id="o5157-355460"
             n="164-a-1330"
             ecep:lem=";"
             ecep:pos=";"
             ecep:reg=";"
             ecep:spe=";">;</pc>
      </l>
      <l xml:id="o5157-l19340">
         <w xml:id="o5157-355470"
            n="164-a-1340"
            ecep:lem="though"
            ecep:pos="c-acp"
            ecep:reg="Though"
            ecep:spe="Tho'"
            ecep:syllab="1"
            ecep:pron="ðəʊ">Tho'</w>
         <c> </c>
         <w xml:id="o5157-355480"
            n="164-a-1350"
            ecep:lem="languid"
            ecep:pos="j"
            ecep:reg="languid"
            ecep:spe="languid"
            ecep:syllab="2"
            ecep:pron="ˈlæŋgwɪd">languid</w>
         <c> </c>
         <w xml:id="o5157-355490"
            n="164-a-1360"
            ecep:lem="her"
            ecep:pos="po31"
            ecep:reg="her"
            ecep:spe="her"
            ecep:syllab="1"
            ecep:pron="hɜː">her</w>
         <c> </c>
         <w xml:id="o5157-355500"
            n="164-a-1370"
            ecep:lem="beauty"
            ecep:pos="n1"
            ecep:reg="beauty"
            ecep:spe="beauty"
            ecep:syllab="2"
            ecep:pron="ˈbjuːtɪ">beauty</w>
         <pc xml:id="o5157-355510"
             n="164-a-1380"
             ecep:lem=","
             ecep:pos=","
             ecep:reg=","
             ecep:spe=",">,</pc>
         <c> </c>
         <w xml:id="o5157-355520"
            n="164-a-1390"
            ecep:lem="though"
            ecep:pos="c-acp"
            ecep:reg="though"
            ecep:spe="tho'"
            ecep:syllab="1"
            ecep:pron="ðəʊ">tho'</w>
         <c> </c>
         <w xml:id="o5157-355530"
            n="164-a-1400"
            ecep:lem="feeble"
            ecep:pos="j"
            ecep:reg="feeble"
            ecep:spe="feeble"
            ecep:syllab="2"
            ecep:pron="ˈfiːbl">feeble</w>
         <c> </c>
         <w xml:id="o5157-355540"
            n="164-a-1410"
            ecep:lem="her"
            ecep:pos="po31"
            ecep:reg="her"
            ecep:spe="her"
            ecep:syllab="1"
            ecep:pron="hɜː">her</w>
         <c> </c>
         <w xml:id="o5157-355550"
            n="164-a-1420"
            ecep:lem="ray"
            ecep:pos="n1"
            ecep:reg="ray"
            ecep:spe="ray"
            ecep:syllab="1"
            ecep:pron="reɪ">ray</w>
         <pc xml:id="o5157-355560"
             n="164-a-1430"
             ecep:lem=","
             ecep:pos=","
             ecep:reg=","
             ecep:spe=",">,</pc>
      </l>
      <l xml:id="o5157-l19345">
         <w xml:id="o5157-355570"
            n="164-a-1440"
            ecep:lem="yet"
            ecep:pos="av"
            ecep:reg="Yet"
            ecep:spe="Yet"
            ecep:syllab="1"
            ecep:pron="jet">Yet</w>
         <c> </c>
         <w xml:id="o5157-355580"
            n="164-a-1450"
            ecep:lem="still"
            ecep:pos="av"
            ecep:reg="still"
            ecep:spe="still"
            ecep:syllab="1"
            ecep:pron="stɪl">still</w>
         <c> </c>
         <w xml:id="o5157-355590"
            n="164-a-1460"
            ecep:lem="she|be"
            ecep:pos="pns31|vbz"
            ecep:reg="she's"
            ecep:spe="she's"
            ecep:syllab="1"
            ecep:pron="ʃiːz">she's</w>
         <c> </c>
         <w xml:id="o5157-355600"
            n="164-a-1470"
            ecep:lem="akin"
            ecep:pos="j"
            ecep:reg="akin"
            ecep:spe="akin"
            ecep:syllab="2"
            ecep:pron="əˈkɪn">akin</w>
         <c> </c>
         <w xml:id="o5157-355610"
            n="164-a-1480"
            ecep:lem="to"
            ecep:pos="p-acp"
            ecep:reg="to"
            ecep:spe="to"
            ecep:syllab="1"
            ecep:pron="tuː">to</w>
         <c> </c>
         <w xml:id="o5157-355620"
            n="164-a-1490"
            ecep:lem="the"
            ecep:pos="dt"
            ecep:reg="the"
            ecep:spe="the"
            ecep:syllab="1"
            ecep:pron="ðə">the</w>
         <c> </c>
         <w xml:id="o5157-355630"
            n="164-a-1500"
            ecep:lem="god"
            ecep:pos="n1"
            ecep:reg="God"
            ecep:spe="God"
            ecep:syllab="1"
            ecep:pron="gɒd">God</w>
         <c> </c>
         <w xml:id="o5157-355640"
            n="164-a-1510"
            ecep:lem="of"
            ecep:pos="pp-f"
            ecep:reg="of"
            ecep:spe="of"
            ecep:syllab="1"
            ecep:pron="ɒv">of</w>
         <c> </c>
         <w xml:id="o5157-355650"
            n="164-a-1520"
            ecep:lem="the"
            ecep:pos="dt"
            ecep:reg="the"
            ecep:spe="the"
            ecep:syllab="1"
            ecep:pron="ðə">the</w>
         <c> </c>
         <w xml:id="o5157-355660"
            n="164-a-1530"
            ecep:lem="day"
            ecep:pos="n1"
            ecep:reg="day"
            ecep:spe="day"
            ecep:syllab="1"
            ecep:pron="deɪ">day</w>
         <pc xml:id="o5157-355670"
             n="164-a-1540"
             unit="sentence"
             ecep:lem="."
             ecep:pos="."
             ecep:reg="."
             ecep:spe=".">.</pc>
      </l>
      <pb facs="o5157/0168_R" n="163" rend="none"/>
      <l xml:id="o5157-l19350">
         <w xml:id="o5157-355680"
            n="165-a-0010"
            ecep:lem="when"
            ecep:pos="c-crq"
            ecep:reg="When"
            ecep:spe="When"
            ecep:syllab="1"
            ecep:pron="wen">When</w>
         <c> </c>
         <w xml:id="o5157-355690"
            n="165-a-0020"
            ecep:lem="Susan"
            ecep:pos="np1"
            ecep:reg="Susan"
            ecep:spe="Susan"
            ecep:syllab="2"
            ecep:pron="sˈuːzən">Susan</w>
         <pc xml:id="o5157-355700"
             n="165-a-0030"
             ecep:lem=","
             ecep:pos=","
             ecep:reg=","
             ecep:spe=",">,</pc>
         <c> </c>
         <w xml:id="o5157-355710"
            n="165-a-0040"
            ecep:lem="like"
            ecep:pos="vvb"
            ecep:reg="like"
            ecep:spe="like"
            ecep:syllab="1"
            ecep:pron="laɪk">like</w>
         <c> </c>
         <w xml:id="o5157-355720"
            n="165-a-0050"
            ecep:lem="Cynthia"
            ecep:pos="np1"
            ecep:reg="Cynthia"
            ecep:spe="Cynthia"
            ecep:syllab="3"
            ecep:pron="ˈsɪnθiə">Cynthia</w>
         <pc xml:id="o5157-355730"
             n="165-a-0060"
             ecep:lem=","
             ecep:pos=","
             ecep:reg=","
             ecep:spe=",">,</pc>
         <c> </c>
         <w xml:id="o5157-355740"
            n="165-a-0070"
            ecep:lem="have"
            ecep:pos="vhz"
            ecep:reg="has"
            ecep:spe="has"
            ecep:syllab="1"
            ecep:pron="hæz">has</w>
         <c> </c>
         <w xml:id="o5157-355750"
            n="165-a-0080"
            ecep:lem="finish"
            ecep:pos="vvn"
            ecep:reg="finished"
            ecep:spe="finish'd"
            ecep:syllab="2"
            ecep:pron="ˈfɪnɪʃt">finish'd</w>
         <c> </c>
         <w xml:id="o5157-355760"
            n="165-a-0090"
            ecep:lem="her"
            ecep:pos="po31"
            ecep:reg="her"
            ecep:spe="her"
            ecep:syllab="1"
            ecep:pron="hɜː">her</w>
         <c> </c>
         <w xml:id="o5157-355770"
            n="165-a-0100"
            ecep:lem="reign"
            ecep:pos="n1"
            ecep:reg="reign"
            ecep:spe="reign"
            ecep:syllab="1"
            ecep:pron="reɪn">reign</w>
         <pc xml:id="o5157-355780"
             n="165-a-0110"
             ecep:lem=","
             ecep:pos=","
             ecep:reg=","
             ecep:spe=",">,</pc>
      </l>
      <l xml:id="o5157-l19355">
         <w xml:id="o5157-355790"
            n="165-a-0120"
            ecep:lem="then"
            ecep:pos="av"
            ecep:reg="Then"
            ecep:spe="Then"
            ecep:syllab="1"
            ecep:pron="ðen">Then</w>
         <c> </c>
         <w xml:id="o5157-355800"
            n="165-a-0130"
            ecep:lem="Charlotte"
            ecep:pos="np1"
            ecep:reg="Charlotte"
            ecep:spe="Charlotte"
            ecep:syllab="2"
            ecep:pron="ˈʃɑːlət">Charlotte</w>
         <pc xml:id="o5157-355810"
             n="165-a-0140"
             ecep:lem=","
             ecep:pos=","
             ecep:reg=","
             ecep:spe=",">,</pc>
         <c> </c>
         <w xml:id="o5157-355820"
            n="165-a-0150"
            ecep:lem="like"
            ecep:pos="vvb"
            ecep:reg="like"
            ecep:spe="like"
            ecep:syllab="1"
            ecep:pron="laɪk">like</w>
         <c> </c>
         <w xml:id="o5157-355830"
            n="165-a-0160"
            ecep:lem="Phoebus"
            ecep:pos="np1"
            ecep:reg="Phoebus"
            ecep:spe="Phoebus"
            ecep:syllab="2"
            ecep:pron="ˈfiːbəs">Phoebus</w>
         <pc xml:id="o5157-355840"
             n="165-a-0170"
             ecep:lem=","
             ecep:pos=","
             ecep:reg=","
             ecep:spe=",">,</pc>
         <c> </c>
         <w xml:id="o5157-355850"
            n="165-a-0180"
            ecep:lem="shall"
            ecep:pos="vmb"
            ecep:reg="shall"
            ecep:spe="shall"
            ecep:syllab="1"
            ecep:pron="ʃæl">shall</w>
         <c> </c>
         <w xml:id="o5157-355860"
            n="165-a-0190"
            ecep:lem="shine"
            ecep:pos="vvi"
            ecep:reg="shine"
            ecep:spe="shine"
            ecep:syllab="1"
            ecep:pron="ʃaɪn">shine</w>
         <c> </c>
         <w xml:id="o5157-355870"
            n="165-a-0200"
            ecep:lem="out"
            ecep:pos="av"
            ecep:reg="out"
            ecep:spe="out"
            ecep:syllab="1"
            ecep:pron="aʊt">out</w>
         <c> </c>
         <w xml:id="o5157-355880"
            n="165-a-0210"
            ecep:lem="again"
            ecep:pos="av"
            ecep:reg="again"
            ecep:spe="again"
            ecep:syllab="2"
            ecep:pron="əˈgen">again</w>
         <pc xml:id="o5157-355890"
             n="165-a-0220"
             unit="sentence"
             ecep:lem="."
             ecep:pos="."
             ecep:reg="."
             ecep:spe=".">.</pc>
      </l>
      <l xml:id="o5157-l19360">
         <w xml:id="o5157-355900"
            n="165-a-0230"
            ecep:lem="as"
            ecep:pos="p-acp"
            ecep:reg="As"
            ecep:spe="As"
            ecep:syllab="1"
            ecep:pron="æz">As</w>
         <c> </c>
         <w xml:id="o5157-355910"
            n="165-a-0240"
            ecep:lem="catholic"
            ecep:pos="jp"
            ecep:reg="Catholic"
            ecep:spe="Catholic"
            ecep:syllab="2"
            ecep:pron="ˈkæθəlɪk">Catholic</w>
         <c> </c>
         <w xml:id="o5157-355920"
            n="165-a-0250"
            ecep:lem="bigot"
            ecep:pos="n2"
            ecep:reg="bigots"
            ecep:spe="bigots"
            ecep:syllab="2"
            ecep:pron="ˈbɪgəts">bigots</w>
         <c> </c>
         <w xml:id="o5157-355930"
            n="165-a-0260"
            ecep:lem="fall"
            ecep:pos="vvb"
            ecep:reg="fall"
            ecep:spe="fall"
            ecep:syllab="1"
            ecep:pron="fɔːl">fall</w>
         <c> </c>
         <w xml:id="o5157-355940"
            n="165-a-0270"
            ecep:lem="humble"
            ecep:pos="j"
            ecep:reg="humble"
            ecep:spe="humble"
            ecep:syllab="2"
            ecep:pron="ˈhʌmbl">humble</w>
         <c> </c>
         <w xml:id="o5157-355950"
            n="165-a-0280"
            ecep:lem="before"
            ecep:pos="p-acp"
            ecep:reg="before"
            ecep:spe="before"
            ecep:syllab="2"
            ecep:pron="bɪˈfɔː">before</w>
      </l>
      <l xml:id="o5157-l19365">
         <w xml:id="o5157-355960"
            n="165-a-0290"
            ecep:lem="the"
            ecep:pos="dt"
            ecep:reg="The"
            ecep:spe="The"
            ecep:syllab="1"
            ecep:pron="ðə">The</w>
         <c> </c>
         <w xml:id="o5157-355970"
            n="165-a-0300"
            ecep:lem="picture"
            ecep:pos="n2"
            ecep:reg="pictures"
            ecep:spe="pictures"
            ecep:syllab="2"
            ecep:pron="ˈpɪktʃəz">pictures</w>
         <c> </c>
         <w xml:id="o5157-355980"
            n="165-a-0310"
            ecep:lem="of"
            ecep:pos="pp-f"
            ecep:reg="of"
            ecep:spe="of"
            ecep:syllab="1"
            ecep:pron="ɒv">of</w>
         <c> </c>
         <w xml:id="o5157-355990"
            n="165-a-0320"
            ecep:lem="those"
            ecep:pos="d"
            ecep:reg="those"
            ecep:spe="those"
            ecep:syllab="1"
            ecep:pron="ðəʊz">those</w>
         <c> </c>
         <w xml:id="o5157-356000"
            n="165-a-0330"
            ecep:lem="who"
            ecep:pos="r-crq"
            ecep:reg="whom"
            ecep:spe="whom"
            ecep:syllab="1"
            ecep:pron="huːm">whom</w>
         <c> </c>
         <w xml:id="o5157-356010"
            n="165-a-0340"
            ecep:lem="in"
            ecep:pos="p-acp"
            ecep:reg="in"
            ecep:spe="in"
            ecep:syllab="1"
            ecep:pron="ɪn">in</w>
         <c> </c>
         <w xml:id="o5157-356020"
            n="165-a-0350"
            ecep:lem="heart"
            ecep:pos="n1"
            ecep:reg="heart"
            ecep:spe="heart"
            ecep:syllab="1"
            ecep:pron="hɑːt">heart</w>
         <c> </c>
         <w xml:id="o5157-356030"
            n="165-a-0360"
            ecep:lem="they"
            ecep:pos="pns32"
            ecep:reg="they"
            ecep:spe="they"
            ecep:syllab="1"
            ecep:pron="ðeɪ">they</w>
         <c> </c>
         <w xml:id="o5157-356040"
            n="165-a-0370"
            ecep:lem="adore"
            ecep:pos="vvb"
            ecep:reg="adore"
            ecep:spe="adore"
            ecep:syllab="2"
            ecep:pron="əˈdɔː">adore</w>
         <pc xml:id="o5157-356050"
             n="165-a-0380"
             ecep:lem=","
             ecep:pos=","
             ecep:reg=","
             ecep:spe=",">,</pc>
      </l>
      <l xml:id="o5157-l19370">
         <w xml:id="o5157-356060"
            n="165-a-0390"
            ecep:lem="which"
            ecep:pos="r-crq"
            ecep:reg="Which"
            ecep:spe="Which"
            ecep:syllab="1"
            ecep:pron="wɪtʃ">Which</w>
         <c> </c>
         <w xml:id="o5157-356070"
            n="165-a-0400"
            ecep:lem="though"
            ecep:pos="c-acp"
            ecep:reg="though"
            ecep:spe="tho'"
            ecep:syllab="1"
            ecep:pron="ðəʊ">tho'</w>
         <c> </c>
         <w xml:id="o5157-356080"
            n="165-a-0410"
            ecep:lem="know"
            ecep:pos="vvn"
            ecep:reg="known"
            ecep:spe="known"
            ecep:syllab="1"
            ecep:pron="nəʊn">known</w>
         <c> </c>
         <w xml:id="o5157-356090"
            n="165-a-0420"
            ecep:lem="to"
            ecep:pos="pc-acp"
            ecep:reg="to"
            ecep:spe="to"
            ecep:syllab="1"
            ecep:pron="tuː">to</w>
         <c> </c>
         <w xml:id="o5157-356100"
            n="165-a-0430"
            ecep:lem="be"
            ecep:pos="vbi"
            ecep:reg="be"
            ecep:spe="be"
            ecep:syllab="1"
            ecep:pron="biː">be</w>
         <c> </c>
         <w xml:id="o5157-356110"
            n="165-a-0440"
            ecep:lem="nothing"
            ecep:pos="pix"
            ecep:reg="nothing"
            ecep:spe="nothing"
            ecep:syllab="2"
            ecep:pron="ˈnʌθɪŋ">nothing</w>
         <c> </c>
         <w xml:id="o5157-356120"
            n="165-a-0450"
            ecep:lem="but"
            ecep:pos="p-acp"
            ecep:reg="but"
            ecep:spe="but"
            ecep:syllab="1"
            ecep:pron="bʌt">but</w>
         <c> </c>
         <w xml:id="o5157-356130"
            n="165-a-0460"
            ecep:lem="canvas"
            ecep:pos="n1"
            ecep:reg="canvas"
            ecep:spe="canvas"
            ecep:syllab="2"
            ecep:pron="ˈkænvəs">canvas</w>
         <c> </c>
         <w xml:id="o5157-356140"
            n="165-a-0470"
            ecep:lem="and"
            ecep:pos="cc"
            ecep:reg="and"
            ecep:spe="and"
            ecep:syllab="1"
            ecep:pron="ænd">and</w>
         <c> </c>
         <w xml:id="o5157-356150"
            n="165-a-0480"
            ecep:lem="paint"
            ecep:pos="vvi"
            ecep:reg="paint"
            ecep:spe="paint"
            ecep:syllab="1"
            ecep:pron="peɪnt">paint</w>
         <pc xml:id="o5157-356160"
             n="165-a-0490"
             ecep:lem=","
             ecep:pos=","
             ecep:reg=","
             ecep:spe=",">,</pc>
      </l>
      <l xml:id="o5157-l19375">
         <w xml:id="o5157-356170"
            n="165-a-0500"
            ecep:lem="yet"
            ecep:pos="av"
            ecep:reg="Yet"
            ecep:spe="Yet"
            ecep:syllab="1"
            ecep:pron="jet">Yet</w>
         <c> </c>
         <w xml:id="o5157-356180"
            n="165-a-0510"
            ecep:lem="be"
            ecep:pos="vbb"
            ecep:reg="are"
            ecep:spe="are"
            ecep:syllab="1"
            ecep:pron="ɑː">are</w>
         <c> </c>
         <w xml:id="o5157-356190"
            n="165-a-0520"
            ecep:lem="say"
            ecep:pos="vvn"
            ecep:reg="said"
            ecep:spe="said"
            ecep:syllab="1"
            ecep:pron="sed">said</w>
         <c> </c>
         <w xml:id="o5157-356200"
            n="165-a-0530"
            ecep:lem="to"
            ecep:pos="pc-acp"
            ecep:reg="to"
            ecep:spe="to"
            ecep:syllab="1"
            ecep:pron="tuː">to</w>
         <c> </c>
         <w xml:id="o5157-356210"
            n="165-a-0540"
            ecep:lem="enliven"
            ecep:pos="vvi"
            ecep:reg="enliven"
            ecep:spe="enliven"
            ecep:syllab="3"
            ecep:pron="ɪnˈlaɪvn">enliven</w>
         <c> </c>
         <w xml:id="o5157-356220"
            n="165-a-0550"
            ecep:lem="their"
            ecep:pos="po32"
            ecep:reg="their"
            ecep:spe="their"
            ecep:syllab="1"
            ecep:pron="ðeə">their</w>
         <c> </c>
         <w xml:id="o5157-356230"
            n="165-a-0560"
            ecep:lem="zeal"
            ecep:pos="n1"
            ecep:reg="zeal"
            ecep:spe="zeal"
            ecep:syllab="1"
            ecep:pron="ziːl">zeal</w>
         <c> </c>
         <w xml:id="o5157-356240"
            n="165-a-0570"
            ecep:lem="to"
            ecep:pos="p-acp"
            ecep:reg="to"
            ecep:spe="to"
            ecep:syllab="1"
            ecep:pron="tuː">to</w>
         <c> </c>
         <w xml:id="o5157-356250"
            n="165-a-0580"
            ecep:lem="the"
            ecep:pos="dt"
            ecep:reg="the"
            ecep:spe="the"
            ecep:syllab="1"
            ecep:pron="ðə">the</w>
         <c> </c>
         <w xml:id="o5157-356260"
            n="165-a-0590"
            ecep:lem="saint"
            ecep:pos="n1"
            ecep:reg="saint"
            ecep:spe="saint"
            ecep:syllab="1"
            ecep:pron="seɪnt">saint</w>
         <pc xml:id="o5157-356270"
             n="165-a-0600"
             ecep:lem=";"
             ecep:pos=";"
             ecep:reg=";"
             ecep:spe=";">;</pc>
      </l>
      <l xml:id="o5157-l19380">
         <w xml:id="o5157-356280"
            n="165-a-0610"
            ecep:lem="so"
            ecep:pos="av"
            ecep:reg="So"
            ecep:spe="So"
            ecep:syllab="1"
            ecep:pron="səʊ">So</w>
         <c> </c>
         <w xml:id="o5157-356290"
            n="165-a-0620"
            ecep:lem="to"
            ecep:pos="p-acp"
            ecep:reg="to"
            ecep:spe="to"
            ecep:syllab="1"
            ecep:pron="tuː">to</w>
         <c> </c>
         <w xml:id="o5157-356300"
            n="165-a-0630"
            ecep:lem="Susan"
            ecep:pos="np1"
            ecep:reg="Susan"
            ecep:spe="Susan"
            ecep:syllab="2"
            ecep:pron="sˈuːzən">Susan</w>
         <c> </c>
         <w xml:id="o5157-356310"
            n="165-a-0640"
            ecep:lem="i"
            ecep:pos="pns11"
            ecep:reg="I"
            ecep:spe="I"
            ecep:syllab="1"
            ecep:pron="aɪ">I</w>
         <c> </c>
         <w xml:id="o5157-356320"
            n="165-a-0650"
            ecep:lem="bow"
            ecep:pos="vvb"
            ecep:reg="bow"
            ecep:spe="bow"
            ecep:syllab="1"
            ecep:pron="baʊ">bow</w>
         <pc xml:id="o5157-356330"
             n="165-a-0660"
             ecep:lem=","
             ecep:pos=","
             ecep:reg=","
             ecep:spe=",">,</pc>
         <c> </c>
         <w xml:id="o5157-356340"
            n="165-a-0670"
            ecep:lem="charm"
            ecep:pos="vvg"
            ecep:reg="charming"
            ecep:spe="charming"
            ecep:syllab="2"
            ecep:pron="ˈtʃɑːmɪŋ">charming</w>
         <c> </c>
         <w xml:id="o5157-356350"
            n="165-a-0680"
            ecep:lem="Charlotte"
            ecep:pos="np1"
            ecep:reg="Charlotte"
            ecep:spe="Charlotte"
            ecep:syllab="2"
            ecep:pron="ˈʃɑːlət">Charlotte</w>
         <pc xml:id="o5157-356360"
             n="165-a-0690"
             ecep:lem=","
             ecep:pos=","
             ecep:reg=","
             ecep:spe=",">,</pc>
         <c> </c>
         <w xml:id="o5157-356370"
            n="165-a-0700"
            ecep:lem="for"
            ecep:pos="c-acp"
            ecep:reg="for"
            ecep:spe="for"
            ecep:syllab="1"
            ecep:pron="fɔː">for</w>
         <c> </c>
         <w xml:id="o5157-356380"
            n="165-a-0710"
            ecep:lem="she"
            ecep:pos="pns31"
            ecep:reg="she"
            ecep:spe="she"
            ecep:syllab="1"
            ecep:pron="ʃiː">she</w>
      </l>
      <l xml:id="o5157-l19385">
         <w xml:id="o5157-356390"
            n="165-a-0720"
            ecep:lem="have"
            ecep:pos="vhz"
            ecep:reg="Has"
            ecep:spe="Has"
            ecep:syllab="1"
            ecep:pron="hæz">Has</w>
         <c> </c>
         <w xml:id="o5157-356400"
            n="165-a-0730"
            ecep:lem="just"
            ecep:pos="j"
            ecep:reg="just"
            ecep:spe="just"
            ecep:syllab="1"
            ecep:pron="dʒʌst">just</w>
         <c> </c>
         <w xml:id="o5157-356410"
            n="165-a-0740"
            ecep:lem="beauty"
            ecep:pos="n1"
            ecep:reg="beauty"
            ecep:spe="beauty"
            ecep:syllab="2"
            ecep:pron="ˈbjuːtɪ">beauty</w>
         <c> </c>
         <w xml:id="o5157-356420"
            n="165-a-0750"
            ecep:lem="enough"
            ecep:pos="av-d"
            ecep:reg="enough"
            ecep:spe="enough"
            ecep:syllab="2"
            ecep:pron="ɪˈnʌf">enough</w>
         <c> </c>
         <w xml:id="o5157-356430"
            n="165-a-0760"
            ecep:lem="to"
            ecep:pos="pc-acp"
            ecep:reg="to"
            ecep:spe="to"
            ecep:syllab="1"
            ecep:pron="tuː">to</w>
         <c> </c>
         <w xml:id="o5157-356440"
            n="165-a-0770"
            ecep:lem="remind"
            ecep:pos="vvi"
            ecep:reg="remind"
            ecep:spe="remind"
            ecep:syllab="2"
            ecep:pron="rɪˈmaɪnd">remind</w>
         <c> </c>
         <w xml:id="o5157-356450"
            n="165-a-0780"
            ecep:lem="i"
            ecep:pos="pno11"
            ecep:reg="me"
            ecep:spe="me"
            ecep:syllab="1"
            ecep:pron="miː">me</w>
         <c> </c>
         <w xml:id="o5157-356460"
            n="165-a-0790"
            ecep:lem="of"
            ecep:pos="pp-f"
            ecep:reg="of"
            ecep:spe="of"
            ecep:syllab="1"
            ecep:pron="ɒv">of</w>
         <c> </c>
         <w xml:id="o5157-356470"
            n="165-a-0800"
            ecep:lem="thou"
            ecep:pos="pno21"
            ecep:reg="thee"
            ecep:spe="thee"
            ecep:syllab="1"
            ecep:pron="ðiː">thee</w>
         <pc xml:id="o5157-356480"
             n="165-a-0810"
             unit="sentence"
             ecep:lem="."
             ecep:pos="."
             ecep:reg="."
             ecep:spe=".">.</pc>
      </l>
      <l xml:id="o5157-l19390">
         <w xml:id="o5157-356490"
            n="165-a-0820"
            ecep:lem="inconstant"
            ecep:pos="j"
            ecep:reg="Inconstant"
            ecep:spe="Inconstant"
            ecep:syllab="3"
            ecep:pron="ɪnˈkɒnstənt">Inconstant</w>
         <c> </c>
         <w xml:id="o5157-356500"
            n="165-a-0830"
            ecep:lem="and"
            ecep:pos="cc"
            ecep:reg="and"
            ecep:spe="and"
            ecep:syllab="1"
            ecep:pron="ænd">and</w>
         <c> </c>
         <w xml:id="o5157-356510"
            n="165-a-0840"
            ecep:lem="faithless"
            ecep:pos="j"
            ecep:reg="faithless"
            ecep:spe="faithless"
            ecep:syllab="2"
            ecep:pron="ˈfeɪθlɪs">faithless</w>
         <c> </c>
         <w xml:id="o5157-356520"
            n="165-a-0850"
            ecep:lem="in"
            ecep:pos="p-acp"
            ecep:reg="in"
            ecep:spe="in"
            ecep:syllab="1"
            ecep:pron="ɪn">in</w>
         <c> </c>
         <w xml:id="o5157-356530"
            n="165-a-0860"
            ecep:lem="love|be"
            ecep:pos="n1|vbz"
            ecep:reg="love's"
            ecep:spe="love's"
            ecep:syllab="1"
            ecep:pron="ˈlʌvz">love's</w>
         <c> </c>
         <w xml:id="o5157-356540"
            n="165-a-0870"
            ecep:lem="the"
            ecep:pos="dt"
            ecep:reg="the"
            ecep:spe="the"
            ecep:syllab="1"
            ecep:pron="ðə">the</w>
         <c> </c>
         <w xml:id="o5157-356550"
            n="165-a-0880"
            ecep:lem="pretence"
            ecep:pos="n1"
            ecep:reg="pretence"
            ecep:spe="pretence"
            ecep:syllab="2"
            ecep:pron="prɪˈtens">pretence</w>
      </l>
      <l xml:id="o5157-l19395">
         <w xml:id="o5157-356560"
            n="165-a-0890"
            ecep:lem="on"
            ecep:pos="p-acp"
            ecep:reg="On"
            ecep:spe="On"
            ecep:syllab="1"
            ecep:pron="ɒn">On</w>
         <c> </c>
         <w xml:id="o5157-356570"
            n="165-a-0900"
            ecep:lem="which"
            ecep:pos="r-crq"
            ecep:reg="which"
            ecep:spe="which"
            ecep:syllab="1"
            ecep:pron="wɪtʃ">which</w>
         <c> </c>
         <w xml:id="o5157-356580"
            n="165-a-0910"
            ecep:lem="you"
            ecep:pos="pn22"
            ecep:reg="you"
            ecep:spe="you"
            ecep:syllab="1"
            ecep:pron="juː">you</w>
         <c> </c>
         <w xml:id="o5157-356590"
            n="165-a-0920"
            ecep:lem="arraign"
            ecep:pos="vvb"
            ecep:reg="arraign"
            ecep:spe="arraign"
            ecep:syllab="2"
            ecep:pron="əˈreɪn">arraign</w>
         <c> </c>
         <w xml:id="o5157-356600"
            n="165-a-0930"
            ecep:lem="i"
            ecep:pos="pno11"
            ecep:reg="me"
            ecep:spe="me"
            ecep:syllab="1"
            ecep:pron="miː">me</w>
         <pc xml:id="o5157-356610"
             n="165-a-0940"
             ecep:lem=":"
             ecep:pos=":"
             ecep:reg=":"
             ecep:spe=":">:</pc>
         <c> </c>
         <w xml:id="o5157-356620"
            n="165-a-0950"
            ecep:lem="pray"
            ecep:pos="vvb"
            ecep:reg="pray"
            ecep:spe="pray"
            ecep:syllab="1"
            ecep:pron="preɪ">pray</w>
         <c> </c>
         <w xml:id="o5157-356630"
            n="165-a-0960"
            ecep:lem="hear"
            ecep:pos="vvi"
            ecep:reg="hear"
            ecep:spe="hear"
            ecep:syllab="1"
            ecep:pron="hɪə">hear</w>
         <c> </c>
         <w xml:id="o5157-356640"
            n="165-a-0970"
            ecep:lem="my"
            ecep:pos="po11"
            ecep:reg="my"
            ecep:spe="my"
            ecep:syllab="1"
            ecep:pron="maɪ">my</w>
         <c> </c>
         <w xml:id="o5157-356650"
            n="165-a-0980"
            ecep:lem="defence"
            ecep:pos="n1"
            ecep:reg="defence"
            ecep:spe="defence"
            ecep:syllab="2"
            ecep:pron="dɪˈfens">defence</w>
         <pc xml:id="o5157-356660"
             n="165-a-0990"
             unit="sentence"
             ecep:lem="."
             ecep:pos="."
             ecep:reg="."
             ecep:spe=".">.</pc>
      </l>
      <l ana="#cross #quatrain" rhyme="abab" xml:id="o5157-l19400">
         <w xml:id="o5157-356670"
            n="165-a-1000"
            ecep:lem="such"
            ecep:pos="d"
            ecep:reg="Such"
            ecep:spe="Such"
            ecep:syllab="1"
            ecep:pron="sʌtʃ">Such</w>
         <c> </c>
         <w xml:id="o5157-356680"
            n="165-a-1010"
            ecep:lem="censure"
            ecep:pos="vvz"
            ecep:reg="censures"
            ecep:spe="censures"
            ecep:syllab="3"
            ecep:pron="ˈsenʃəz">censures</w>
         <c> </c>
         <w xml:id="o5157-356690"
            n="165-a-1020"
            ecep:lem="as"
            ecep:pos="p-acp"
            ecep:reg="as"
            ecep:spe="as"
            ecep:syllab="1"
            ecep:pron="æz">as</w>
         <c> </c>
         <w xml:id="o5157-356700"
            n="165-a-1030"
            ecep:lem="these"
            ecep:pos="d"
            ecep:reg="these"
            ecep:spe="these"
            ecep:syllab="1"
            ecep:pron="ðiːz">these</w>
         <c> </c>
         <w xml:id="o5157-356710"
            n="165-a-1040"
            ecep:lem="to"
            ecep:pos="p-acp"
            ecep:reg="to"
            ecep:spe="to"
            ecep:syllab="1"
            ecep:pron="tuː">to</w>
         <c> </c>
         <w xml:id="o5157-356720"
            n="165-a-1050"
            ecep:lem="my"
            ecep:pos="po11"
            ecep:reg="my"
            ecep:spe="my"
            ecep:syllab="1"
            ecep:pron="maɪ">my</w>
         <c> </c>
         <w xml:id="o5157-356730"
            n="165-a-1060"
            ecep:lem="credit"
            ecep:pos="n1"
            ecep:reg="credit"
            ecep:spe="credit"
            ecep:syllab="2"
            ecep:pron="ˈkredɪt">credit</w>
         <c> </c>
         <w xml:id="o5157-356740"
            n="165-a-1070"
            ecep:lem="redound"
            ecep:pos="vvi"
            ecep:reg="redound"
            ecep:spe="redound"
            ecep:syllab="2"
            ecep:pron="rɪˈdaʊnd">redound</w>
         <pc xml:id="o5157-356750"
             n="165-a-1080"
             ecep:lem=";"
             ecep:pos=";"
             ecep:reg=";"
             ecep:spe=";">;</pc>
      </l>
      <l ana="#cross #quatrain" rhyme="abab" xml:id="o5157-l19405">
         <w xml:id="o5157-356760"
            n="165-a-1090"
            ecep:lem="i"
            ecep:pos="pns11"
            ecep:reg="I"
            ecep:spe="I"
            ecep:syllab="1"
            ecep:pron="aɪ">I</w>
         <c> </c>
         <w xml:id="o5157-356770"
            n="165-a-1100"
            ecep:lem="acknowledge"
            ecep:pos="vvb"
            ecep:reg="acknowledge"
            ecep:spe="acknowledge"
            ecep:syllab="3"
            ecep:pron="əkˈnɒlɪdʒ">acknowledge</w>
         <pc xml:id="o5157-356780"
             n="165-a-1110"
             ecep:lem=","
             ecep:pos=","
             ecep:reg=","
             ecep:spe=",">,</pc>
         <c> </c>
         <w xml:id="o5157-356790"
            n="165-a-1120"
            ecep:lem="and"
            ecep:pos="cc"
            ecep:reg="and"
            ecep:spe="and"
            ecep:syllab="1"
            ecep:pron="ænd">and</w>
         <c> </c>
         <w xml:id="o5157-356800"
            n="165-a-1130"
            ecep:lem="thank"
            ecep:pos="vvb"
            ecep:reg="thank"
            ecep:spe="thank"
            ecep:syllab="1"
            ecep:pron="θæŋk">thank</w>
         <c> </c>
         <w xml:id="o5157-356810"
            n="165-a-1140"
            ecep:lem="a"
            ecep:pos="dt"
            ecep:reg="a"
            ecep:spe="a"
            ecep:syllab="1"
            ecep:pron="ə">a</w>
         <c> </c>
         <w xml:id="o5157-356820"
            n="165-a-1150"
            ecep:lem="good"
            ecep:pos="j"
            ecep:reg="good"
            ecep:spe="good"
            ecep:syllab="1"
            ecep:pron="gʊd">good</w>
         <c> </c>
         <w xml:id="o5157-356830"
            n="165-a-1160"
            ecep:lem="appetite"
            ecep:pos="n1"
            ecep:reg="appetite"
            ecep:spe="appetite"
            ecep:syllab="3"
            ecep:pron="ˈæpɪˌtaɪt">appetite</w>
         <c> </c>
         <w xml:id="o5157-356840"
            n="165-a-1170"
            ecep:lem="for|it"
            ecep:pos="p-acp|pn31"
            ecep:reg="for't"
            ecep:spe="for't"
            ecep:syllab="1"
            ecep:pron="fɔːt">for't</w>
         <pc xml:id="o5157-356850"
             n="165-a-1180"
             ecep:lem=","
             ecep:pos=","
             ecep:reg=","
             ecep:spe=",">,</pc>
      </l>
      <l ana="#cross #quatrain" rhyme="abab" xml:id="o5157-l19410">
         <w xml:id="o5157-356860"
            n="165-a-1190"
            ecep:lem="when"
            ecep:pos="c-crq"
            ecep:reg="When"
            ecep:spe="When"
            ecep:syllab="1"
            ecep:pron="wen">When</w>
         <c> </c>
         <w xml:id="o5157-356870"
            n="165-a-1200"
            ecep:lem="venison"
            ecep:pos="n1"
            ecep:reg="ven'son"
            ecep:spe="ven'son"
            ecep:syllab="2"
            ecep:pron="ˈvensn">ven'son</w>
         <c> </c>
         <w xml:id="o5157-356880"
            n="165-a-1210"
            ecep:lem="and"
            ecep:pos="cc"
            ecep:reg="and"
            ecep:spe="and"
            ecep:syllab="1"
            ecep:pron="ænd">and</w>
         <c> </c>
         <w xml:id="o5157-356890"
            n="165-a-1220"
            ecep:lem="claret"
            ecep:pos="n1"
            ecep:reg="claret"
            ecep:spe="claret"
            ecep:syllab="2"
            ecep:pron="ˈklærət">claret</w>
         <c> </c>
         <w xml:id="o5157-356900"
            n="165-a-1230"
            ecep:lem="be"
            ecep:pos="vbb"
            ecep:reg="are"
            ecep:spe="are"
            ecep:syllab="1"
            ecep:pron="ɑː">are</w>
         <c> </c>
         <w xml:id="o5157-356910"
            n="165-a-1240"
            ecep:lem="not"
            ecep:pos="xx"
            ecep:reg="not"
            ecep:spe="not"
            ecep:syllab="1"
            ecep:pron="nɒt">not</w>
         <c> </c>
         <w xml:id="o5157-356920"
            n="165-a-1250"
            ecep:lem="to"
            ecep:pos="pc-acp"
            ecep:reg="to"
            ecep:spe="to"
            ecep:syllab="1"
            ecep:pron="tuː">to</w>
         <c> </c>
         <w xml:id="o5157-356930"
            n="165-a-1260"
            ecep:lem="be"
            ecep:pos="vbi"
            ecep:reg="be"
            ecep:spe="be"
            ecep:syllab="1"
            ecep:pron="biː">be</w>
         <c> </c>
         <w xml:id="o5157-356940"
            n="165-a-1270"
            ecep:lem="find"
            ecep:pos="vvn"
            ecep:reg="found"
            ecep:spe="found"
            ecep:syllab="1"
            ecep:pron="faʊnd">found</w>
         <pc xml:id="o5157-356950"
             n="165-a-1280"
             ecep:lem=","
             ecep:pos=","
             ecep:reg=","
             ecep:spe=",">,</pc>
      </l>
      <l ana="#cross #quatrain" rhyme="abab" xml:id="o5157-l19415">
         <w xml:id="o5157-356960"
            n="165-a-1290"
            ecep:lem="i"
            ecep:pos="pns11"
            ecep:reg="I"
            ecep:spe="I"
            ecep:syllab="1"
            ecep:pron="aɪ">I</w>
         <c> </c>
         <w xml:id="o5157-356970"
            n="165-a-1300"
            ecep:lem="can"
            ecep:pos="vmb"
            ecep:reg="can"
            ecep:spe="can"
            ecep:syllab="1"
            ecep:pron="kæn">can</w>
         <c> </c>
         <w xml:id="o5157-356980"
            n="165-a-1310"
            ecep:lem="make"
            ecep:pos="vvi"
            ecep:reg="make"
            ecep:spe="make"
            ecep:syllab="1"
            ecep:pron="meɪk">make</w>
         <c> </c>
         <w xml:id="o5157-356990"
            n="165-a-1320"
            ecep:lem="a"
            ecep:pos="dt"
            ecep:reg="a"
            ecep:spe="a"
            ecep:syllab="1"
            ecep:pron="ə">a</w>
         <c> </c>
         <w xml:id="o5157-357000"
            n="165-a-1330"
            ecep:lem="good"
            ecep:pos="j"
            ecep:reg="good"
            ecep:spe="good"
            ecep:syllab="1"
            ecep:pron="gʊd">good</w>
         <c> </c>
         <w xml:id="o5157-357010"
            n="165-a-1340"
            ecep:lem="meal"
            ecep:pos="n1"
            ecep:reg="meal"
            ecep:spe="meal"
            ecep:syllab="1"
            ecep:pron="miːl">meal</w>
         <c> </c>
         <w xml:id="o5157-357020"
            n="165-a-1350"
            ecep:lem="upon"
            ecep:pos="p-acp"
            ecep:reg="upon"
            ecep:spe="upon"
            ecep:syllab="2"
            ecep:pron="əˈpɒn">upon</w>
         <c> </c>
         <w xml:id="o5157-357030"
            n="165-a-1360"
            ecep:lem="mutton"
            ecep:pos="n1"
            ecep:reg="mutton"
            ecep:spe="mutton"
            ecep:syllab="2"
            ecep:pron="ˈmʌtn">mutton</w>
         <c> </c>
         <w xml:id="o5157-357040"
            n="165-a-1370"
            ecep:lem="and"
            ecep:pos="cc"
            ecep:reg="and"
            ecep:spe="and"
            ecep:syllab="1"
            ecep:pron="ænd">and</w>
         <c> </c>
         <w xml:id="o5157-357050"
            n="165-a-1380"
            ecep:lem="port"
            ecep:pos="n1"
            ecep:reg="port"
            ecep:spe="port"
            ecep:syllab="1"
            ecep:pron="pɔːt">port</w>
         <pc xml:id="o5157-357060"
             n="165-a-1390"
             unit="sentence"
             ecep:lem="."
             ecep:pos="."
             ecep:reg="."
             ecep:spe=".">.</pc>
      </l>
      <l xml:id="o5157-l19420">
         <w xml:id="o5157-357070"
            n="165-a-1400"
            ecep:lem="though"
            ecep:pos="c-acp"
            ecep:reg="Though"
            ecep:spe="Tho'"
            ecep:syllab="1"
            ecep:pron="ðəʊ">Tho'</w>
         <note n="a" place="bottom" xml:id="o5157-n00160">
            <w xml:id="o5157-357200"
               n="165-a-1410"
               ecep:lem="the"
               ecep:pos="dt"
               ecep:reg="The"
               ecep:spe="The"
               ecep:syllab="1"
               ecep:pron="ðə">The</w>
            <c> </c>
            <w xml:id="o5157-357210"
               n="165-a-1420"
               ecep:lem="seat"
               ecep:pos="n1"
               ecep:reg="seat"
               ecep:spe="seat"
               ecep:syllab="1"
               ecep:pron="siːt">seat</w>
            <c> </c>
            <w xml:id="o5157-357220"
               n="165-a-1430"
               ecep:lem="of"
               ecep:pos="pp-f"
               ecep:reg="of"
               ecep:spe="of"
               ecep:syllab="1"
               ecep:pron="ɒv">of</w>
            <c> </c>
            <w xml:id="o5157-357230"
               n="165-a-1440"
               ecep:lem="the"
               ecep:pos="dt"
               ecep:reg="the"
               ecep:spe="the"
               ecep:syllab="1"
               ecep:pron="ðə">the</w>
            <c> </c>
            <w xml:id="o5157-357240"
               n="165-a-1450"
               ecep:lem="honourable"
               ecep:pos="j"
               ecep:reg="honourable"
               ecep:spe="honourable"
               ecep:syllab="4"
               ecep:pron="ˈɒnərəbl">honourable</w>
            <c> </c>
            <w xml:id="o5157-357250"
               n="165-a-1460"
               ecep:lem="R."
               ecep:pos="np1"
               ecep:reg="R."
               ecep:spe="R."
               ecep:syllab="1"
               ecep:pron="ˈɑː">R.</w>
            <pc unit="sentence" xml:id="o5157-357250-eos" n="165-a-1470"/>
            <c> </c>
            <w xml:id="o5157-357260"
               n="165-a-1480"
               ecep:lem="H—t"
               ecep:pos="np1"
               ecep:reg="H—t"
               ecep:spe="H—t"
               ecep:syllab="1"
               ecep:pron="ˈeɪtʃtˈiː">H—t</w>
            <pc unit="sentence"
                xml:id="o5157-357280-eos"
                n="165-a-1510"
                ecep:lem="."
                ecep:pos="."
                ecep:reg="."
                ecep:spe=".">.</pc>
         </note>
         <c> </c>
         <w xml:id="o5157-357080"
            n="165-a-1520"
            ecep:lem="highclear"
            ecep:pos="npg1"
            ecep:reg="Highclear's"
            ecep:spe="Highclear's"
            ecep:syllab="2"
            ecep:pron="hˈaɪkliəz">Highclear's</w>
         <c> </c>
         <w xml:id="o5157-357090"
            n="165-a-1530"
            ecep:lem="so"
            ecep:pos="av"
            ecep:reg="so"
            ecep:spe="so"
            ecep:syllab="1"
            ecep:pron="səʊ">so</w>
         <c> </c>
         <w xml:id="o5157-357100"
            n="165-a-1540"
            ecep:lem="fine"
            ecep:pos="j"
            ecep:reg="fine"
            ecep:spe="fine"
            ecep:syllab="1"
            ecep:pron="faɪn">fine</w>
         <c> </c>
         <w xml:id="o5157-357110"
            n="165-a-1550"
            ecep:lem="that"
            ecep:pos="cst"
            ecep:reg="that"
            ecep:spe="that"
            ecep:syllab="1"
            ecep:pron="ðæt">that</w>
         <c> </c>
         <w xml:id="o5157-357120"
            n="165-a-1560"
            ecep:lem="a"
            ecep:pos="dt"
            ecep:reg="a"
            ecep:spe="a"
            ecep:syllab="1"
            ecep:pron="ə">a</w>
         <c> </c>
         <w xml:id="o5157-357130"
            n="165-a-1570"
            ecep:lem="prince"
            ecep:pos="n1"
            ecep:reg="prince"
            ecep:spe="prince"
            ecep:syllab="1"
            ecep:pron="prɪns">prince</w>
         <c> </c>
         <w xml:id="o5157-357140"
            n="165-a-1580"
            ecep:lem="will"
            ecep:pos="vmd"
            ecep:reg="would"
            ecep:spe="would"
            ecep:syllab="1"
            ecep:pron="wʊd">would</w>
         <c> </c>
         <w xml:id="o5157-357150"
            n="165-a-1590"
            ecep:lem="not"
            ecep:pos="xx"
            ecep:reg="not"
            ecep:spe="not"
            ecep:syllab="1"
            ecep:pron="nɒt">not</w>
         <c> </c>
         <w xml:id="o5157-357160"
            n="165-a-1600"
            ecep:lem="scorn"
            ecep:pos="vvi"
            ecep:reg="scorn"
            ecep:spe="scorn"
            ecep:syllab="1"
            ecep:pron="skɔːn">scorn</w>
         <c> </c>
         <w xml:id="o5157-357170"
            n="165-a-1610"
            ecep:lem="it"
            ecep:pos="pn31"
            ecep:reg="it"
            ecep:spe="it"
            ecep:syllab="1"
            ecep:pron="ɪt">it</w>
         <pc xml:id="o5157-357180"
             n="165-a-1620"
             ecep:lem=","
             ecep:pos=","
             ecep:reg=","
             ecep:spe=",">,</pc>
      </l>
      <l xml:id="o5157-l19425">
         <w xml:id="o5157-357290"
            n="165-a-1630"
            ecep:lem="though"
            ecep:pos="c-acp"
            ecep:reg="Though"
            ecep:spe="Tho'"
            ecep:syllab="1"
            ecep:pron="ðəʊ">Tho'</w>
         <c> </c>
         <w xml:id="o5157-357300"
            n="165-a-1640"
            ecep:lem="nature"
            ecep:pos="n1"
            ecep:reg="nature"
            ecep:spe="nature"
            ecep:syllab="2"
            ecep:pron="ˈneɪtʃə">nature</w>
         <c> </c>
         <w xml:id="o5157-357310"
            n="165-a-1650"
            ecep:lem="and"
            ecep:pos="cc"
            ecep:reg="and"
            ecep:spe="and"
            ecep:syllab="1"
            ecep:pron="ænd">and</w>
         <c> </c>
         <w xml:id="o5157-357320"
            n="165-a-1660"
            ecep:lem="taste"
            ecep:pos="n1"
            ecep:reg="taste"
            ecep:spe="taste"
            ecep:syllab="1"
            ecep:pron="teɪst">taste</w>
         <c> </c>
         <w xml:id="o5157-357330"
            n="165-a-1670"
            ecep:lem="have"
            ecep:pos="vhb"
            ecep:reg="have"
            ecep:spe="have"
            ecep:syllab="1"
            ecep:pron="hæv">have</w>
         <c> </c>
         <w xml:id="o5157-357340"
            n="165-a-1680"
            ecep:lem="combine"
            ecep:pos="vvn"
            ecep:reg="combined"
            ecep:spe="combin'd"
            ecep:syllab="2"
            ecep:pron="kəmˈbaɪnd">combin'd</w>
         <c> </c>
         <w xml:id="o5157-357350"
            n="165-a-1690"
            ecep:lem="to"
            ecep:pos="pc-acp"
            ecep:reg="to"
            ecep:spe="to"
            ecep:syllab="1"
            ecep:pron="tuː">to</w>
         <c> </c>
         <w xml:id="o5157-357360"
            n="165-a-1700"
            ecep:lem="adorn"
            ecep:pos="vvi"
            ecep:reg="adorn"
            ecep:spe="adorn"
            ecep:syllab="2"
            ecep:pron="əˈdɔːn">adorn</w>
         <c> </c>
         <w xml:id="o5157-357370"
            n="165-a-1710"
            ecep:lem="it"
            ecep:pos="pn31"
            ecep:reg="it"
            ecep:spe="it"
            ecep:syllab="1"
            ecep:pron="ɪt">it</w>
         <pc xml:id="o5157-357380"
             n="165-a-1720"
             ecep:lem=","
             ecep:pos=","
             ecep:reg=","
             ecep:spe=",">,</pc>
      </l>
      <l xml:id="o5157-l19430">
         <w xml:id="o5157-357390"
            n="165-a-1730"
            ecep:lem="yet"
            ecep:pos="av"
            ecep:reg="Yet"
            ecep:spe="Yet"
            ecep:syllab="1"
            ecep:pron="jet">Yet</w>
         <c> </c>
         <w xml:id="o5157-357400"
            n="165-a-1740"
            ecep:lem="the"
            ecep:pos="dt"
            ecep:reg="the"
            ecep:spe="the"
            ecep:syllab="1"
            ecep:pron="ðə">the</w>
         <c> </c>
         <w xml:id="o5157-357410"
            n="165-a-1750"
            ecep:lem="artist"
            ecep:pos="n1"
            ecep:reg="artist"
            ecep:spe="artist"
            ecep:syllab="2"
            ecep:pron="ˈɑːtɪst">artist</w>
         <c> </c>
         <w xml:id="o5157-357420"
            n="165-a-1760"
            ecep:lem="that"
            ecep:pos="cst"
            ecep:reg="that"
            ecep:spe="that"
            ecep:syllab="1"
            ecep:pron="ðæt">that</w>
         <c> </c>
         <w xml:id="o5157-357430"
            n="165-a-1770"
            ecep:lem="own"
            ecep:pos="vvz"
            ecep:reg="owns"
            ecep:spe="owns"
            ecep:syllab="1"
            ecep:pron="əʊnz">owns</w>
         <c> </c>
         <w xml:id="o5157-357440"
            n="165-a-1780"
            ecep:lem="it"
            ecep:pos="pn31"
            ecep:reg="it"
            ecep:spe="it"
            ecep:syllab="1"
            ecep:pron="ɪt">it</w>
         <c> </c>
         <w xml:id="o5157-357450"
            n="165-a-1790"
            ecep:lem="will"
            ecep:pos="vmd"
            ecep:reg="would"
            ecep:spe="wou'd"
            ecep:syllab="1"
            ecep:pron="wʊd">wou'd</w>
         <c> </c>
         <w xml:id="o5157-357460"
            n="165-a-1800"
            ecep:lem="think"
            ecep:pos="vvi"
            ecep:reg="think"
            ecep:spe="think"
            ecep:syllab="1"
            ecep:pron="θɪŋk">think</w>
         <c> </c>
         <w xml:id="o5157-357470"
            n="165-a-1810"
            ecep:lem="it"
            ecep:pos="pn31"
            ecep:reg="it"
            ecep:spe="it"
            ecep:syllab="1"
            ecep:pron="ɪt">it</w>
         <c> </c>
         <w xml:id="o5157-357480"
            n="165-a-1820"
            ecep:lem="severe"
            ecep:pos="j"
            ecep:reg="severe"
            ecep:spe="severe"
            ecep:syllab="2"
            ecep:pron="sɪˈvɪə">severe</w>
         <pc xml:id="o5157-357490"
             n="165-a-1830"
             ecep:lem=","
             ecep:pos=","
             ecep:reg=","
             ecep:spe=",">,</pc>
      </l>
      <l xml:id="o5157-l19435">
         <w xml:id="o5157-357500"
            n="165-a-1840"
            ecep:lem="be"
            ecep:pos="vbdr"
            ecep:reg="Were"
            ecep:spe="Were"
            ecep:syllab="1"
            ecep:pron="wɜː">Were</w>
         <c> </c>
         <w xml:id="o5157-357510"
            n="165-a-1850"
            ecep:lem="a"
            ecep:pos="dt"
            ecep:reg="a"
            ecep:spe="a"
            ecep:syllab="1"
            ecep:pron="ə">a</w>
         <c> </c>
         <w xml:id="o5157-357520"
            n="165-a-1860"
            ecep:lem="law"
            ecep:pos="n1"
            ecep:reg="law"
            ecep:spe="law"
            ecep:syllab="1"
            ecep:pron="lɔː">law</w>
         <c> </c>
         <w xml:id="o5157-357530"
            n="165-a-1870"
            ecep:lem="make"
            ecep:pos="vvd"
            ecep:reg="made"
            ecep:spe="made"
            ecep:syllab="1"
            ecep:pron="meɪd">made</w>
         <c> </c>
         <w xml:id="o5157-357540"
            n="165-a-1880"
            ecep:lem="to"
            ecep:pos="pc-acp"
            ecep:reg="to"
            ecep:spe="to"
            ecep:syllab="1"
            ecep:pron="tuː">to</w>
         <c> </c>
         <w xml:id="o5157-357550"
            n="165-a-1890"
            ecep:lem="keep"
            ecep:pos="vvi"
            ecep:reg="keep"
            ecep:spe="keep"
            ecep:syllab="1"
            ecep:pron="kiːp">keep</w>
         <c> </c>
         <w xml:id="o5157-357560"
            n="165-a-1900"
            ecep:lem="he"
            ecep:pos="pno31"
            ecep:reg="him"
            ecep:spe="him"
            ecep:syllab="1"
            ecep:pron="hɪm">him</w>
         <c> </c>
         <w xml:id="o5157-357570"
            n="165-a-1910"
            ecep:lem="there"
            ecep:pos="a-acp"
            ecep:reg="there"
            ecep:spe="there"
            ecep:syllab="1"
            ecep:pron="ðeə">there</w>
         <c> </c>
         <w xml:id="o5157-357580"
            n="165-a-1920"
            ecep:lem="all"
            ecep:pos="d"
            ecep:reg="all"
            ecep:spe="all"
            ecep:syllab="1"
            ecep:pron="ɔːl">all</w>
         <c> </c>
         <w xml:id="o5157-357590"
            n="165-a-1930"
            ecep:lem="round"
            ecep:pos="av-j"
            ecep:reg="round"
            ecep:spe="round"
            ecep:syllab="1"
            ecep:pron="raʊnd">round</w>
         <c> </c>
         <w xml:id="o5157-357600"
            n="165-a-1940"
            ecep:lem="the"
            ecep:pos="dt"
            ecep:reg="the"
            ecep:spe="the"
            ecep:syllab="1"
            ecep:pron="ðə">the</w>
         <c> </c>
         <w xml:id="o5157-357610"
            n="165-a-1950"
            ecep:lem="year"
            ecep:pos="n1"
            ecep:reg="year"
            ecep:spe="year"
            ecep:syllab="1"
            ecep:pron="jɪə">year</w>
         <pc xml:id="o5157-357620"
             n="165-a-1960"
             unit="sentence"
             ecep:lem="."
             ecep:pos="."
             ecep:reg="."
             ecep:spe=".">.</pc>
      </l>
      <l xml:id="o5157-l19440">
         <w xml:id="o5157-357630"
            n="165-a-1970"
            ecep:lem="how"
            ecep:pos="q-crq"
            ecep:reg="How"
            ecep:spe="How"
            ecep:syllab="1"
            ecep:pron="haʊ">How</w>
         <c> </c>
         <w xml:id="o5157-357640"
            n="165-a-1980"
            ecep:lem="enrage"
            ecep:pos="j-vvn"
            ecep:reg="enraged"
            ecep:spe="enrag'd"
            ecep:syllab="2"
            ecep:pron="ɪnˈreɪdʒd">enrag'd</w>
         <c> </c>
         <w xml:id="o5157-357650"
            n="165-a-1990"
            ecep:lem="will"
            ecep:pos="vmd"
            ecep:reg="would"
            ecep:spe="wou'd"
            ecep:syllab="1"
            ecep:pron="wʊd">wou'd</w>
         <c> </c>
         <w xml:id="o5157-357660"
            n="165-a-2000"
            ecep:lem="the"
            ecep:pos="dt"
            ecep:reg="the"
            ecep:spe="the"
            ecep:syllab="1"
            ecep:pron="ðə">the</w>
         <c> </c>
         <w xml:id="o5157-357670"
            n="165-a-2010"
            ecep:lem="rector"
            ecep:pos="n1"
            ecep:reg="rector"
            ecep:spe="rector"
            ecep:syllab="2"
            ecep:pron="ˈrektə">rector</w>
         <c> </c>
         <w xml:id="o5157-357680"
            n="165-a-2020"
            ecep:lem="of"
            ecep:pos="pp-f"
            ecep:reg="of"
            ecep:spe="of"
            ecep:syllab="1"
            ecep:pron="ɒv">of</w>
         <note n="b" place="bottom" xml:id="o5157-n00165">
            <w xml:id="o5157-357730"
               n="165-a-2030"
               ecep:lem="Wotton"
               ecep:pos="np1"
               ecep:reg="Wotton"
               ecep:spe="Wotton"
               ecep:syllab="2"
               ecep:pron="wˈɒtən">Wotton</w>
            <pc xml:id="o5157-357740"
                n="165-a-2040"
                ecep:lem=","
                ecep:pos=","
                ecep:reg=","
                ecep:spe=",">,</pc>
            <c> </c>
            <w xml:id="o5157-357750"
               n="165-a-2050"
               ecep:lem="the"
               ecep:pos="dt"
               ecep:reg="the"
               ecep:spe="the"
               ecep:syllab="1"
               ecep:pron="ðə">the</w>
            <c> </c>
            <w xml:id="o5157-357760"
               n="165-a-2060"
               ecep:lem="author"
               ecep:pos="ng1"
               ecep:reg="author's"
               ecep:spe="author's"
               ecep:syllab="2"
               ecep:pron="ˈɔːθəz">author's</w>
            <c> </c>
            <w xml:id="o5157-357770"
               n="165-a-2070"
               ecep:lem="parish"
               ecep:pos="n1"
               ecep:reg="parish"
               ecep:spe="parish"
               ecep:syllab="2"
               ecep:pron="ˈpærɪʃ">parish</w>
            <c> </c>
            <w xml:id="o5157-357780"
               n="165-a-2080"
               ecep:lem="in"
               ecep:pos="p-acp"
               ecep:reg="in"
               ecep:spe="in"
               ecep:syllab="1"
               ecep:pron="ɪn">in</w>
            <c> </c>
            <w xml:id="o5157-357790"
               n="165-a-2090"
               ecep:lem="the"
               ecep:pos="dt"
               ecep:reg="the"
               ecep:spe="the"
               ecep:syllab="1"
               ecep:pron="ðə">the</w>
            <c> </c>
            <w xml:id="o5157-357800"
               n="165-a-2100"
               ecep:lem="isle"
               ecep:pos="n1"
               ecep:reg="isle"
               ecep:spe="isle"
               ecep:syllab="1"
               ecep:pron="aɪl">isle</w>
            <c> </c>
            <w xml:id="o5157-357810"
               n="165-a-2110"
               ecep:lem="of"
               ecep:pos="pp-f"
               ecep:reg="of"
               ecep:spe="of"
               ecep:syllab="1"
               ecep:pron="ɒv">of</w>
            <c> </c>
            <w xml:id="o5157-357820"
               n="165-a-2120"
               ecep:lem="wight"
               ecep:pos="n1"
               ecep:reg="Wight"
               ecep:spe="Wight"
               ecep:syllab="1"
               ecep:pron="waɪt">Wight</w>
            <pc xml:id="o5157-357830"
                n="165-a-2130"
                unit="sentence"
                ecep:lem="."
                ecep:pos="."
                ecep:reg="."
                ecep:spe=".">.</pc>
         </note>
         <c> </c>
         <w xml:id="o5157-357690"
            n="165-a-2140"
            ecep:lem="boscoville"
            ecep:pos="np1"
            ecep:reg="Boscoville"
            ecep:spe="Boscoville"
            ecep:syllab="3"
            ecep:pron="bˈɒskəvˌɪl">Boscoville</w>
         <c> </c>
         <w xml:id="o5157-357700"
            n="165-a-2150"
            ecep:lem="look"
            ecep:pos="vvi"
            ecep:reg="look"
            ecep:spe="look"
            ecep:syllab="1"
            ecep:pron="lʊk">look</w>
         <pc xml:id="o5157-357710"
             n="165-a-2160"
             ecep:lem=","
             ecep:pos=","
             ecep:reg=","
             ecep:spe=",">,</pc>
      </l>
      <l xml:id="o5157-l19445">
         <w xml:id="o5157-357840"
            n="165-a-2170"
            ecep:lem="if"
            ecep:pos="cs"
            ecep:reg="If"
            ecep:spe="If"
            ecep:syllab="1"
            ecep:pron="ɪf">If</w>
         <c> </c>
         <w xml:id="o5157-357850"
            n="165-a-2180"
            ecep:lem="the"
            ecep:pos="dt"
            ecep:reg="the"
            ecep:spe="the"
            ecep:syllab="1"
            ecep:pron="ðə">the</w>
         <c> </c>
         <w xml:id="o5157-357860"
            n="165-a-2190"
            ecep:lem="king"
            ecep:pos="n1"
            ecep:reg="king"
            ecep:spe="king"
            ecep:syllab="1"
            ecep:pron="kɪŋ">king</w>
         <c> </c>
         <w xml:id="o5157-357870"
            n="165-a-2200"
            ecep:lem="shall"
            ecep:pos="vmd"
            ecep:reg="should"
            ecep:spe="should"
            ecep:syllab="1"
            ecep:pron="ʃʊd">should</w>
         <c> </c>
         <w xml:id="o5157-357880"
            n="165-a-2210"
            ecep:lem="enjoin"
            ecep:pos="vvi"
            ecep:reg="enjoin"
            ecep:spe="enjoin"
            ecep:syllab="2"
            ecep:pron="ɪnˈdʒɔɪn">enjoin</w>
         <c> </c>
         <w xml:id="o5157-357890"
            n="165-a-2220"
            ecep:lem="he"
            ecep:pos="pno31"
            ecep:reg="him"
            ecep:spe="him"
            ecep:syllab="1"
            ecep:pron="hɪm">him</w>
         <c> </c>
         <w xml:id="o5157-357900"
            n="165-a-2230"
            ecep:lem="to"
            ecep:pos="pc-acp"
            ecep:reg="to"
            ecep:spe="to"
            ecep:syllab="1"
            ecep:pron="tuː">to</w>
         <c> </c>
         <w xml:id="o5157-357910"
            n="165-a-2240"
            ecep:lem="read"
            ecep:pos="vvi"
            ecep:reg="read"
            ecep:spe="read"
            ecep:syllab="1"
            ecep:pron="riːd">read</w>
         <c> </c>
         <w xml:id="o5157-357920"
            n="165-a-2250"
            ecep:lem="but"
            ecep:pos="cc-acp"
            ecep:reg="but"
            ecep:spe="but"
            ecep:syllab="1"
            ecep:pron="bʌt">but</w>
         <c> </c>
         <w xml:id="o5157-357930"
            n="165-a-2260"
            ecep:lem="one"
            ecep:pos="crd"
            ecep:reg="one"
            ecep:spe="one"
            ecep:syllab="1"
            ecep:pron="wʌn">one</w>
         <c> </c>
         <w xml:id="o5157-357940"
            n="165-a-2270"
            ecep:lem="book"
            ecep:pos="n1"
            ecep:reg="book"
            ecep:spe="book"
            ecep:syllab="1"
            ecep:pron="bʊk">book</w>
         <pc xml:id="o5157-357950"
             n="165-a-2280"
             unit="sentence"
             ecep:lem="!"
             ecep:pos="!"
             ecep:reg="!"
             ecep:spe="!">!</pc>
      </l>
      <l xml:id="o5157-l19450">
         <w xml:id="o5157-357960"
            n="165-a-2290"
            ecep:lem="and"
            ecep:pos="cc"
            ecep:reg="And"
            ecep:spe="And"
            ecep:syllab="1"
            ecep:pron="ænd">And</w>
         <c> </c>
         <w xml:id="o5157-357970"
            n="165-a-2300"
            ecep:lem="how"
            ecep:pos="q-crq"
            ecep:reg="how"
            ecep:spe="how"
            ecep:syllab="1"
            ecep:pron="haʊ">how</w>
         <c> </c>
         <w xml:id="o5157-357980"
            n="165-a-2310"
            ecep:lem="will"
            ecep:pos="vmd"
            ecep:reg="would"
            ecep:spe="would"
            ecep:syllab="1"
            ecep:pron="wʊd">would</w>
         <c> </c>
         <w xml:id="o5157-357990"
            n="165-a-2320"
            ecep:lem="his"
            ecep:pos="po31"
            ecep:reg="his"
            ecep:spe="his"
            ecep:syllab="1"
            ecep:pron="hɪz">his</w>
         <c> </c>
         <w xml:id="o5157-358000"
            n="165-a-2330"
            ecep:lem="audience"
            ecep:pos="n1"
            ecep:reg="audience"
            ecep:spe="audience"
            ecep:syllab="3"
            ecep:pron="ˈɔːdɪəns">audience</w>
         <c> </c>
         <w xml:id="o5157-358010"
            n="165-a-2340"
            ecep:lem="their"
            ecep:pos="po32"
            ecep:reg="their"
            ecep:spe="their"
            ecep:syllab="1"
            ecep:pron="ðeə">their</w>
         <c> </c>
         <w xml:id="o5157-358020"
            n="165-a-2350"
            ecep:lem="fortune"
            ecep:pos="n1"
            ecep:reg="fortune"
            ecep:spe="fortune"
            ecep:syllab="2"
            ecep:pron="ˈfɔːtʃən">fortune</w>
         <c> </c>
         <w xml:id="o5157-358030"
            n="165-a-2360"
            ecep:lem="bemoan"
            ecep:pos="vvi"
            ecep:reg="bemoan"
            ecep:spe="bemoan"
            ecep:syllab="2"
            ecep:pron="bɪˈməʊn">bemoan</w>
         <pc xml:id="o5157-358040"
             n="165-a-2370"
             ecep:lem=","
             ecep:pos=","
             ecep:reg=","
             ecep:spe=",">,</pc>
      </l>
      <l xml:id="o5157-l19455">
         <w xml:id="o5157-358050"
            n="165-a-2380"
            ecep:lem="if"
            ecep:pos="cs"
            ecep:reg="If"
            ecep:spe="If"
            ecep:syllab="1"
            ecep:pron="ɪf">If</w>
         <c> </c>
         <w xml:id="o5157-358060"
            n="165-a-2390"
            ecep:lem="he"
            ecep:pos="pns31"
            ecep:reg="he"
            ecep:spe="he"
            ecep:syllab="1"
            ecep:pron="hiː">he</w>
         <c> </c>
         <w xml:id="o5157-358070"
            n="165-a-2400"
            ecep:lem="give"
            ecep:pos="vvd"
            ecep:reg="gave"
            ecep:spe="gave"
            ecep:syllab="1"
            ecep:pron="geɪv">gave</w>
         <c> </c>
         <w xml:id="o5157-358080"
            n="165-a-2410"
            ecep:lem="they"
            ecep:pos="pno32"
            ecep:reg="them"
            ecep:spe="them"
            ecep:syllab="1"
            ecep:pron="ðem">them</w>
         <c> </c>
         <w xml:id="o5157-358090"
            n="165-a-2420"
            ecep:lem="no"
            ecep:pos="dx"
            ecep:reg="no"
            ecep:spe="no"
            ecep:syllab="1"
            ecep:pron="nəʊ">no</w>
         <c> </c>
         <w xml:id="o5157-358100"
            n="165-a-2430"
            ecep:lem="sermon"
            ecep:pos="n2"
            ecep:reg="sermons"
            ecep:spe="sermons"
            ecep:syllab="2"
            ecep:pron="ˈsɜːmənz">sermons</w>
         <c> </c>
         <w xml:id="o5157-358110"
            n="165-a-2440"
            ecep:lem="but"
            ecep:pos="cc-acp"
            ecep:reg="but"
            ecep:spe="but"
            ecep:syllab="1"
            ecep:pron="bʌt">but</w>
         <c> </c>
         <w xml:id="o5157-358120"
            n="165-a-2450"
            ecep:lem="what"
            ecep:pos="q-crq"
            ecep:reg="what"
            ecep:spe="what"
            ecep:syllab="1"
            ecep:pron="wɒt">what</w>
         <c> </c>
         <w xml:id="o5157-358130"
            n="165-a-2460"
            ecep:lem="be"
            ecep:pos="vbdr"
            ecep:reg="were"
            ecep:spe="were"
            ecep:syllab="1"
            ecep:pron="wɜː">were</w>
         <c> </c>
         <w xml:id="o5157-358140"
            n="165-a-2470"
            ecep:lem="his"
            ecep:pos="po31"
            ecep:reg="his"
            ecep:spe="his"
            ecep:syllab="1"
            ecep:pron="hɪz">his</w>
         <c> </c>
         <w xml:id="o5157-358150"
            n="165-a-2480"
            ecep:lem="own"
            ecep:pos="d"
            ecep:reg="own"
            ecep:spe="own"
            ecep:syllab="1"
            ecep:pron="əʊn">own</w>
         <pc xml:id="o5157-358160"
             n="165-a-2490"
             unit="sentence"
             ecep:lem="!"
             ecep:pos="!"
             ecep:reg="!"
             ecep:spe="!">!</pc>
      </l>
      <l xml:id="o5157-l19460">
         <w xml:id="o5157-358170"
            n="165-a-2500"
            ecep:lem="it|be"
            ecep:pos="pn31|vbz"
            ecep:reg="It's"
            ecep:spe="'Tis"
            ecep:syllab="1"
            ecep:pron="tɪz">'Tis</w>
         <c> </c>
         <w xml:id="o5157-358180"
            n="165-a-2510"
            ecep:lem="variety"
            ecep:pos="n1"
            ecep:reg="variety"
            ecep:spe="variety"
            ecep:syllab="4"
            ecep:pron="vəˈraɪɪtɪ">variety</w>
         <c> </c>
         <w xml:id="o5157-358190"
            n="165-a-2520"
            ecep:lem="only"
            ecep:pos="av-j"
            ecep:reg="only"
            ecep:spe="only"
            ecep:syllab="2"
            ecep:pron="ˈəʊnlɪ">only</w>
         <c> </c>
         <w xml:id="o5157-358200"
            n="165-a-2530"
            ecep:lem="make"
            ecep:pos="vvz"
            ecep:reg="makes"
            ecep:spe="makes"
            ecep:syllab="1"
            ecep:pron="meɪks">makes</w>
         <c> </c>
         <w xml:id="o5157-358210"
            n="165-a-2540"
            ecep:lem="appetite"
            ecep:pos="n1"
            ecep:reg="appetite"
            ecep:spe="appetite"
            ecep:syllab="3"
            ecep:pron="ˈæpɪˌtaɪt">appetite</w>
         <c> </c>
         <w xml:id="o5157-358220"
            n="165-a-2550"
            ecep:lem="last"
            ecep:pos="ord"
            ecep:reg="last"
            ecep:spe="last"
            ecep:syllab="1"
            ecep:pron="lɑːst">last</w>
         <pc xml:id="o5157-358230"
             n="165-a-2560"
             ecep:lem=","
             ecep:pos=","
             ecep:reg=","
             ecep:spe=",">,</pc>
      </l>
      <l xml:id="o5157-l19465">
         <w xml:id="o5157-358240"
            n="165-a-2570"
            ecep:lem="and"
            ecep:pos="cc"
            ecep:reg="And"
            ecep:spe="And"
            ecep:syllab="1"
            ecep:pron="ænd">And</w>
         <c> </c>
         <w xml:id="o5157-358250"
            n="165-a-2580"
            ecep:lem="by"
            ecep:pos="p-acp"
            ecep:reg="by"
            ecep:spe="by"
            ecep:syllab="1"
            ecep:pron="baɪ">by</w>
         <c> </c>
         <w xml:id="o5157-358260"
            n="165-a-2590"
            ecep:lem="change"
            ecep:pos="vvg"
            ecep:reg="changing"
            ecep:spe="changing"
            ecep:syllab="2"
            ecep:pron="ˈtʃeɪndʒɪŋ">changing</w>
         <c> </c>
         <w xml:id="o5157-358270"
            n="165-a-2600"
            ecep:lem="our"
            ecep:pos="po12"
            ecep:reg="our"
            ecep:spe="our"
            ecep:syllab="2"
            ecep:pron="aʊə">our</w>
         <c> </c>
         <w xml:id="o5157-358280"
            n="165-a-2610"
            ecep:lem="dish"
            ecep:pos="n2"
            ecep:reg="dishes"
            ecep:spe="dishes"
            ecep:syllab="2"
            ecep:pron="ˈdɪʃɪz">dishes</w>
         <c> </c>
         <w xml:id="o5157-358290"
            n="165-a-2620"
            ecep:lem="we"
            ecep:pos="pns12"
            ecep:reg="we"
            ecep:spe="we"
            ecep:syllab="1"
            ecep:pron="wiː">we</w>
         <c> </c>
         <w xml:id="o5157-358300"
            n="165-a-2630"
            ecep:lem="quicken"
            ecep:pos="vvb"
            ecep:reg="quicken"
            ecep:spe="quicken"
            ecep:syllab="2"
            ecep:pron="ˈkwɪkən">quicken</w>
         <c> </c>
         <w xml:id="o5157-358310"
            n="165-a-2640"
            ecep:lem="our"
            ecep:pos="po12"
            ecep:reg="our"
            ecep:spe="our"
            ecep:syllab="2"
            ecep:pron="aʊə">our</w>
         <c> </c>
         <w xml:id="o5157-358320"
            n="165-a-2650"
            ecep:lem="taste"
            ecep:pos="n1"
            ecep:reg="taste"
            ecep:spe="taste"
            ecep:syllab="1"
            ecep:pron="teɪst">taste</w>
         <pc xml:id="o5157-358330"
             n="165-a-2660"
             unit="sentence"
             ecep:lem="."
             ecep:pos="."
             ecep:reg="."
             ecep:spe=".">.</pc>
      </l>
   </lg>
</div>
