<?xml version="1.0" encoding="utf-8"?>
<!DOCTYPE div
  SYSTEM "about:legacy-compat">
<div xmlns:ecep="http://www.eighteenthcenturypoetry.org/ns"
     xmlns="http://www.tei-c.org/ns/1.0"
     xmlns:tei="http://www.tei-c.org/ns/1.0"
     ana="#anapaest #tetrameter #cross #quatrain #acephal #song"
     corresp="#txt_BlamSu1747_w0039"
     decls="#semi-normalized"
     ecep:syllab="12.12.12.12"
     met="--+|--+|--+|--+/ --+|--+|--+|--+/ --+|--+|--+|--+/ --+|--+|--+|--+/"
     rendition="#lgvspace"
     rhyme="abab"
     subtype="eceptext"
     type="poem"
     xml:id="bsb18-w0390">
   <link target="authors.xml#aut_BlamSu1747" type="author"/>
   <head type="main">
      <w xml:id="bsb18-550310"
         n="a-1220"
         ecep:lem="in"
         ecep:pos="p-acp"
         ecep:reg="IN"
         ecep:spe="IN"
         ecep:syllab="1"
         ecep:pron="ɪn">IN</w>
      <c> </c>
      <w xml:id="bsb18-550320"
         n="a-1230"
         ecep:lem="the"
         ecep:pos="dt"
         ecep:reg="THE"
         ecep:spe="THE"
         ecep:syllab="1"
         ecep:pron="ðə">THE</w>
      <c> </c>
      <w xml:id="bsb18-550330"
         n="a-1240"
         ecep:lem="dream"
         ecep:pos="n1"
         ecep:reg="DREAM"
         ecep:spe="DREAM"
         ecep:syllab="1"
         ecep:pron="driːm">DREAM</w>
      <c> </c>
      <w xml:id="bsb18-550340"
         n="a-1250"
         ecep:lem="of"
         ecep:pos="pp-f"
         ecep:reg="OF"
         ecep:spe="OF"
         ecep:syllab="1"
         ecep:pron="ɒv">OF</w>
      <c> </c>
      <w xml:id="bsb18-550350"
         n="a-1260"
         ecep:lem="the"
         ecep:pos="dt"
         ecep:reg="THE"
         ecep:spe="THE"
         ecep:syllab="1"
         ecep:pron="ðə">THE</w>
      <c> </c>
      <w xml:id="bsb18-550360"
         n="a-1270"
         ecep:lem="moment"
         ecep:pos="n1"
         ecep:reg="MOMENT"
         ecep:spe="MOMENT"
         ecep:syllab="2"
         ecep:pron="ˈməʊmənt">MOMENT</w>
      <pc xml:id="bsb18-550370"
          n="a-1280"
          unit="sentence"
          ecep:lem="."
          ecep:pos="."
          ecep:reg="."
          ecep:spe=".">.</pc>
   </head>
   <lg xml:id="bsb18-s01100">
      <l xml:id="bsb18-l24565">
         <w xml:id="bsb18-550400"
            n="a-1290"
            ecep:lem="in"
            ecep:pos="p-acp"
            ecep:reg="IN"
            ecep:spe="IN"
            ecep:syllab="1"
            ecep:pron="ɪn">IN</w>
         <c> </c>
         <w xml:id="bsb18-550410"
            n="a-1300"
            ecep:lem="the"
            ecep:pos="dt"
            ecep:reg="the"
            ecep:spe="the"
            ecep:syllab="1"
            ecep:pron="ðə">the</w>
         <c> </c>
         <w xml:id="bsb18-550420"
            n="a-1310"
            ecep:lem="dream"
            ecep:pos="n1"
            ecep:reg="dream"
            ecep:spe="dream"
            ecep:syllab="1"
            ecep:pron="driːm">dream</w>
         <c> </c>
         <w xml:id="bsb18-550430"
            n="a-1320"
            ecep:lem="of"
            ecep:pos="pp-f"
            ecep:reg="of"
            ecep:spe="of"
            ecep:syllab="1"
            ecep:pron="ɒv">of</w>
         <c> </c>
         <w xml:id="bsb18-550440"
            n="a-1330"
            ecep:lem="the"
            ecep:pos="dt"
            ecep:reg="the"
            ecep:spe="the"
            ecep:syllab="1"
            ecep:pron="ðə">the</w>
         <c> </c>
         <w xml:id="bsb18-550450"
            n="a-1340"
            ecep:lem="moment"
            ecep:pos="n1"
            ecep:reg="moment"
            ecep:spe="moment"
            ecep:syllab="2"
            ecep:pron="ˈməʊmənt">moment</w>
         <c> </c>
         <w xml:id="bsb18-550460"
            n="a-1350"
            ecep:lem="i"
            ecep:pos="pns11"
            ecep:reg="I"
            ecep:spe="I"
            ecep:syllab="1"
            ecep:pron="aɪ">I</w>
         <c> </c>
         <w xml:id="bsb18-550470"
            n="a-1360"
            ecep:lem="call"
            ecep:pos="vvd"
            ecep:reg="called"
            ecep:spe="call'd"
            ecep:syllab="1"
            ecep:pron="kɔːld">call'd</w>
         <c> </c>
         <w xml:id="bsb18-550480"
            n="a-1370"
            ecep:lem="for"
            ecep:pos="p-acp"
            ecep:reg="for"
            ecep:spe="for"
            ecep:syllab="1"
            ecep:pron="fɔː">for</w>
         <c> </c>
         <w xml:id="bsb18-550490"
            n="a-1380"
            ecep:lem="the"
            ecep:pos="dt"
            ecep:reg="the"
            ecep:spe="the"
            ecep:syllab="1"
            ecep:pron="ðə">the</w>
         <c> </c>
         <w xml:id="bsb18-550500"
            n="a-1390"
            ecep:lem="bowl"
            ecep:pos="n1"
            ecep:reg="bowl"
            ecep:spe="bowl"
            ecep:syllab="1"
            ecep:pron="bəʊl">bowl</w>
         <pc xml:id="bsb18-550510"
             n="a-1400"
             ecep:lem=","
             ecep:pos=","
             ecep:reg=","
             ecep:spe=",">,</pc>
      </l>
      <l rendition="#h_3" xml:id="bsb18-l24570">
         <c> </c>
         <w xml:id="bsb18-550520"
            n="a-1410"
            ecep:lem="and"
            ecep:pos="cc"
            ecep:reg="And"
            ecep:spe="And"
            ecep:syllab="1"
            ecep:pron="ænd">And</w>
         <c> </c>
         <w xml:id="bsb18-550530"
            n="a-1420"
            ecep:lem="fond"
            ecep:pos="av-j"
            ecep:reg="fondly"
            ecep:spe="fondly"
            ecep:syllab="2"
            ecep:pron="ˈfɒndlɪ">fondly</w>
         <c> </c>
         <w xml:id="bsb18-550540"
            n="a-1430"
            ecep:lem="imagine"
            ecep:pos="vvn"
            ecep:reg="imagined"
            ecep:spe="imagined"
            ecep:syllab="3"
            ecep:pron="ɪˈmædʒɪnd">imagined</w>
         <c> </c>
         <w xml:id="bsb18-550550"
            n="a-1440"
            ecep:lem="each"
            ecep:pos="d"
            ecep:reg="each"
            ecep:spe="each"
            ecep:syllab="1"
            ecep:pron="iːtʃ">each</w>
         <c> </c>
         <w xml:id="bsb18-550560"
            n="a-1450"
            ecep:lem="grief"
            ecep:pos="n1"
            ecep:reg="grief"
            ecep:spe="grief"
            ecep:syllab="1"
            ecep:pron="griːf">grief</w>
         <c> </c>
         <w xml:id="bsb18-550570"
            n="a-1460"
            ecep:lem="will"
            ecep:pos="vmd"
            ecep:reg="would"
            ecep:spe="would"
            ecep:syllab="1"
            ecep:pron="wʊd">would</w>
         <c> </c>
         <w xml:id="bsb18-550580"
            n="a-1470"
            ecep:lem="depart"
            ecep:pos="vvi"
            ecep:reg="depart"
            ecep:spe="depart"
            ecep:syllab="2"
            ecep:pron="dɪˈpɑːt">depart</w>
         <pc xml:id="bsb18-550590"
             n="a-1480"
             ecep:lem=";"
             ecep:pos=";"
             ecep:reg=";"
             ecep:spe=";">;</pc>
      </l>
      <l xml:id="bsb18-l24575">
         <c> </c>
         <w xml:id="bsb18-550600"
            n="a-1490"
            ecep:lem="but"
            ecep:pos="cc-acp"
            ecep:reg="But"
            ecep:spe="But"
            ecep:syllab="1"
            ecep:pron="bʌt">But</w>
         <c> </c>
         <w xml:id="bsb18-550610"
            n="a-1500"
            ecep:lem="i"
            ecep:pos="pns11"
            ecep:reg="I"
            ecep:spe="I"
            ecep:syllab="1"
            ecep:pron="aɪ">I</w>
         <c> </c>
         <w xml:id="bsb18-550620"
            n="a-1510"
            ecep:lem="find"
            ecep:pos="vvd"
            ecep:reg="found"
            ecep:spe="found"
            ecep:syllab="1"
            ecep:pron="faʊnd">found</w>
         <c> </c>
         <w xml:id="bsb18-550630"
            n="a-1520"
            ecep:lem="that"
            ecep:pos="d"
            ecep:reg="that"
            ecep:spe="that"
            ecep:syllab="1"
            ecep:pron="ðæt">that</w>
         <c> </c>
         <w xml:id="bsb18-550640"
            n="a-1530"
            ecep:lem="a"
            ecep:pos="dt"
            ecep:reg="a"
            ecep:spe="a"
            ecep:syllab="1"
            ecep:pron="ə">a</w>
         <c> </c>
         <w xml:id="bsb18-550650"
            n="a-1540"
            ecep:lem="bumper"
            ecep:pos="n1"
            ecep:reg="bumper"
            ecep:spe="bumper"
            ecep:syllab="2"
            ecep:pron="ˈbʌmpə">bumper</w>
         <c> </c>
         <w xml:id="bsb18-550660"
            n="a-1550"
            ecep:lem="can"
            ecep:pos="vmbx"
            ecep:reg="can't"
            ecep:spe="can't"
            ecep:syllab="1"
            ecep:pron="kɑːnt">can't</w>
         <c> </c>
         <w xml:id="bsb18-550670"
            n="a-1560"
            ecep:lem="reach"
            ecep:pos="vvi"
            ecep:reg="reach"
            ecep:spe="reach"
            ecep:syllab="1"
            ecep:pron="riːtʃ">reach</w>
         <c> </c>
         <w xml:id="bsb18-550680"
            n="a-1570"
            ecep:lem="the"
            ecep:pos="dt"
            ecep:reg="the"
            ecep:spe="the"
            ecep:syllab="1"
            ecep:pron="ðə">the</w>
         <c> </c>
         <w xml:id="bsb18-550690"
            n="a-1580"
            ecep:lem="pure"
            ecep:pos="j"
            ecep:reg="pure"
            ecep:spe="pure"
            ecep:syllab="1"
            ecep:pron="pjʊə">pure</w>
         <c> </c>
         <w xml:id="bsb18-550700"
            n="a-1590"
            ecep:lem="soul"
            ecep:pos="n1"
            ecep:reg="soul"
            ecep:spe="soul"
            ecep:syllab="1"
            ecep:pron="səʊl">soul</w>
         <pc xml:id="bsb18-550710"
             n="a-1600"
             ecep:lem=","
             ecep:pos=","
             ecep:reg=","
             ecep:spe=",">,</pc>
      </l>
      <l rendition="#h_3" xml:id="bsb18-l24580">
         <c> </c>
         <w xml:id="bsb18-550720"
            n="a-1610"
            ecep:lem="nor"
            ecep:pos="ccx"
            ecep:reg="Nor"
            ecep:spe="Nor"
            ecep:syllab="1"
            ecep:pron="nɔː">Nor</w>
         <c> </c>
         <w xml:id="bsb18-550730"
            n="a-1620"
            ecep:lem="wine"
            ecep:pos="n1"
            ecep:reg="wine"
            ecep:spe="wine"
            ecep:syllab="1"
            ecep:pron="waɪn">wine</w>
         <c> </c>
         <w xml:id="bsb18-550740"
            n="a-1630"
            ecep:lem="clear"
            ecep:pos="vvi"
            ecep:reg="clear"
            ecep:spe="clear"
            ecep:syllab="1"
            ecep:pron="klɪə">clear</w>
         <c> </c>
         <w xml:id="bsb18-550750"
            n="a-1640"
            ecep:lem="the"
            ecep:pos="dt"
            ecep:reg="the"
            ecep:spe="the"
            ecep:syllab="1"
            ecep:pron="ðə">the</w>
         <c> </c>
         <w xml:id="bsb18-550760"
            n="a-1650"
            ecep:lem="sorrow"
            ecep:pos="n2"
            ecep:reg="sorrows"
            ecep:spe="sorrows"
            ecep:syllab="2"
            ecep:pron="ˈsɒrəʊz">sorrows</w>
         <c> </c>
         <w xml:id="bsb18-550770"
            n="a-1660"
            ecep:lem="that"
            ecep:pos="cst"
            ecep:reg="that"
            ecep:spe="that"
            ecep:syllab="1"
            ecep:pron="ðæt">that</w>
         <c> </c>
         <w xml:id="bsb18-550780"
            n="a-1670"
            ecep:lem="weigh"
            ecep:pos="vvb"
            ecep:reg="weigh"
            ecep:spe="weigh"
            ecep:syllab="1"
            ecep:pron="weɪ">weigh</w>
         <c> </c>
         <w xml:id="bsb18-550790"
            n="a-1680"
            ecep:lem="down"
            ecep:pos="a-acp"
            ecep:reg="down"
            ecep:spe="down"
            ecep:syllab="1"
            ecep:pron="daʊn">down</w>
         <c> </c>
         <w xml:id="bsb18-550800"
            n="a-1690"
            ecep:lem="the"
            ecep:pos="dt"
            ecep:reg="the"
            ecep:spe="the"
            ecep:syllab="1"
            ecep:pron="ðə">the</w>
         <c> </c>
         <w xml:id="bsb18-550810"
            n="a-1700"
            ecep:lem="heart"
            ecep:pos="n1"
            ecep:reg="heart"
            ecep:spe="heart"
            ecep:syllab="1"
            ecep:pron="hɑːt">heart</w>
         <pc xml:id="bsb18-550820"
             n="a-1710"
             unit="sentence"
             ecep:lem="."
             ecep:pos="."
             ecep:reg="."
             ecep:spe=".">.</pc>
         <c> </c>
      </l>
   </lg>
   <lg xml:id="bsb18-s01105">
      <l xml:id="bsb18-l24585">
         <w xml:id="bsb18-550850"
            n="a-1720"
            ecep:lem="though"
            ecep:pos="c-acp"
            ecep:reg="Though"
            ecep:spe="Though"
            ecep:syllab="1"
            ecep:pron="ðəʊ">Though</w>
         <c> </c>
         <w xml:id="bsb18-550860"
            n="a-1730"
            ecep:lem="fancy"
            ecep:pos="n1"
            ecep:reg="fancy"
            ecep:spe="fancy"
            ecep:syllab="2"
            ecep:pron="ˈfænsɪ">fancy</w>
         <c> </c>
         <w xml:id="bsb18-550870"
            n="a-1740"
            ecep:lem="may"
            ecep:pos="vmb"
            ecep:reg="may"
            ecep:spe="may"
            ecep:syllab="1"
            ecep:pron="meɪ">may</w>
         <c> </c>
         <w xml:id="bsb18-550880"
            n="a-1750"
            ecep:lem="sparkle"
            ecep:pos="vvi"
            ecep:reg="sparkle"
            ecep:spe="sparkle"
            ecep:syllab="2"
            ecep:pron="ˈspɑːkl">sparkle</w>
         <c> </c>
         <w xml:id="bsb18-550890"
            n="a-1760"
            ecep:lem="as"
            ecep:pos="c-acp"
            ecep:reg="as"
            ecep:spe="as"
            ecep:syllab="1"
            ecep:pron="æz">as</w>
         <c> </c>
         <w xml:id="bsb18-550900"
            n="a-1770"
            ecep:lem="shine"
            ecep:pos="vvz"
            ecep:reg="shines"
            ecep:spe="shines"
            ecep:syllab="1"
            ecep:pron="ʃaɪnz">shines</w>
         <c> </c>
         <w xml:id="bsb18-550910"
            n="a-1780"
            ecep:lem="the"
            ecep:pos="dt"
            ecep:reg="the"
            ecep:spe="the"
            ecep:syllab="1"
            ecep:pron="ðə">the</w>
         <c> </c>
         <w xml:id="bsb18-550920"
            n="a-1790"
            ecep:lem="gay"
            ecep:pos="j"
            ecep:reg="gay"
            ecep:spe="gay"
            ecep:syllab="1"
            ecep:pron="geɪ">gay</w>
         <c> </c>
         <w xml:id="bsb18-550930"
            n="a-1800"
            ecep:lem="glass"
            ecep:pos="n1"
            ecep:reg="glass"
            ecep:spe="glass"
            ecep:syllab="1"
            ecep:pron="glɑːs">glass</w>
         <pc xml:id="bsb18-550940"
             n="a-1810"
             ecep:lem=","
             ecep:pos=","
             ecep:reg=","
             ecep:spe=",">,</pc>
      </l>
      <l rendition="#h_3" xml:id="bsb18-l24590">
         <c> </c>
         <w xml:id="bsb18-550950"
            n="a-1820"
            ecep:lem="and"
            ecep:pos="cc"
            ecep:reg="And"
            ecep:spe="And"
            ecep:syllab="1"
            ecep:pron="ænd">And</w>
         <c> </c>
         <w xml:id="bsb18-550960"
            n="a-1830"
            ecep:lem="wit"
            ecep:pos="n1"
            ecep:reg="wit"
            ecep:spe="wit"
            ecep:syllab="1"
            ecep:pron="wɪt">wit</w>
         <pc xml:id="bsb18-550970"
             n="a-1840"
             ecep:lem=","
             ecep:pos=","
             ecep:reg=","
             ecep:spe=",">,</pc>
         <c> </c>
         <w xml:id="bsb18-550980"
            n="a-1850"
            ecep:lem="like"
            ecep:pos="av-j"
            ecep:reg="like"
            ecep:spe="like"
            ecep:syllab="1"
            ecep:pron="laɪk">like</w>
         <c> </c>
         <w xml:id="bsb18-550990"
            n="a-1860"
            ecep:lem="air-bubble"
            ecep:pos="n2"
            ecep:reg="air-bubbles"
            ecep:spe="air-bubbles"
            ecep:syllab="3"
            ecep:pron="eəˌˈbʌblz">air-bubbles</w>
         <pc xml:id="bsb18-551000"
             n="a-1870"
             ecep:lem=","
             ecep:pos=","
             ecep:reg=","
             ecep:spe=",">,</pc>
         <c> </c>
         <w xml:id="bsb18-551010"
            n="a-1880"
            ecep:lem="keep"
            ecep:pos="vvb"
            ecep:reg="keep"
            ecep:spe="keep"
            ecep:syllab="1"
            ecep:pron="kiːp">keep</w>
         <c> </c>
         <w xml:id="bsb18-551020"
            n="a-1890"
            ecep:lem="rise"
            ecep:pos="vvg"
            ecep:reg="rising"
            ecep:spe="rising"
            ecep:syllab="2"
            ecep:pron="ˈraɪzɪŋ">rising</w>
         <c> </c>
         <w xml:id="bsb18-551030"
            n="a-1900"
            ecep:lem="the"
            ecep:pos="dt"
            ecep:reg="the"
            ecep:spe="the"
            ecep:syllab="1"
            ecep:pron="ðə">the</w>
         <c> </c>
         <w xml:id="bsb18-551040"
            n="a-1910"
            ecep:lem="while"
            ecep:pos="n1"
            ecep:reg="while"
            ecep:spe="while"
            ecep:syllab="1"
            ecep:pron="waɪl">while</w>
         <pc xml:id="bsb18-551050"
             n="a-1920"
             ecep:lem=","
             ecep:pos=","
             ecep:reg=","
             ecep:spe=",">,</pc>
      </l>
      <l xml:id="bsb18-l24595">
         <c> </c>
         <w xml:id="bsb18-551060"
            n="a-1930"
            ecep:lem="or"
            ecep:pos="cc"
            ecep:reg="Or"
            ecep:spe="Or"
            ecep:syllab="1"
            ecep:pron="ɔː">Or</w>
         <c> </c>
         <w xml:id="bsb18-551070"
            n="a-1940"
            ecep:lem="mirth"
            ecep:pos="n1"
            ecep:reg="mirth"
            ecep:spe="mirth"
            ecep:syllab="1"
            ecep:pron="mɜːθ">mirth</w>
         <c> </c>
         <w xml:id="bsb18-551080"
            n="a-1950"
            ecep:lem="and"
            ecep:pos="cc"
            ecep:reg="and"
            ecep:spe="and"
            ecep:syllab="1"
            ecep:pron="ænd">and</w>
         <c> </c>
         <w xml:id="bsb18-551090"
            n="a-1960"
            ecep:lem="good"
            ecep:pos="j"
            ecep:reg="good"
            ecep:spe="good"
            ecep:syllab="1"
            ecep:pron="gʊd">good</w>
         <c> </c>
         <w xml:id="bsb18-551100"
            n="a-1970"
            ecep:lem="humour"
            ecep:pos="n1"
            ecep:reg="humour"
            ecep:spe="humour"
            ecep:syllab="1"
            ecep:pron="ˈhjuːmə">humour</w>
         <c> </c>
         <w xml:id="bsb18-551110"
            n="a-1980"
            ecep:lem="shake"
            ecep:pos="vvi"
            ecep:reg="shake"
            ecep:spe="shake"
            ecep:syllab="1"
            ecep:pron="ʃeɪk">shake</w>
         <c> </c>
         <w xml:id="bsb18-551120"
            n="a-1990"
            ecep:lem="hand"
            ecep:pos="n2"
            ecep:reg="hands"
            ecep:spe="hands"
            ecep:syllab="1"
            ecep:pron="hændz">hands</w>
         <c> </c>
         <w xml:id="bsb18-551130"
            n="a-2000"
            ecep:lem="as"
            ecep:pos="c-acp"
            ecep:reg="as"
            ecep:spe="as"
            ecep:syllab="1"
            ecep:pron="æz">as</w>
         <c> </c>
         <w xml:id="bsb18-551140"
            n="a-2010"
            ecep:lem="they"
            ecep:pos="pns32"
            ecep:reg="they"
            ecep:spe="they"
            ecep:syllab="1"
            ecep:pron="ðeɪ">they</w>
         <c> </c>
         <w xml:id="bsb18-551150"
            n="a-2020"
            ecep:lem="pass"
            ecep:pos="vvb"
            ecep:reg="pass"
            ecep:spe="pass"
            ecep:syllab="1"
            ecep:pron="pɑːs">pass</w>
         <pc xml:id="bsb18-551160"
             n="a-2030"
             ecep:lem=","
             ecep:pos=","
             ecep:reg=","
             ecep:spe=",">,</pc>
      </l>
      <l rendition="#h_3" xml:id="bsb18-l24600">
         <c> </c>
         <w xml:id="bsb18-551170"
            n="a-2040"
            ecep:lem="and"
            ecep:pos="cc"
            ecep:reg="And"
            ecep:spe="And"
            ecep:syllab="1"
            ecep:pron="ænd">And</w>
         <c> </c>
         <w xml:id="bsb18-551180"
            n="a-2050"
            ecep:lem="fond"
            ecep:pos="j"
            ecep:reg="fond"
            ecep:spe="fond"
            ecep:syllab="1"
            ecep:pron="fɒnd">fond</w>
         <c> </c>
         <w xml:id="bsb18-551190"
            n="a-2060"
            ecep:lem="recollection"
            ecep:pos="n1"
            ecep:reg="Recollection"
            ecep:spe="Recollection"
            ecep:syllab="4"
            ecep:pron="ˌrekəˈlekʃən">Recollection</w>
         <c> </c>
         <w xml:id="bsb18-551200"
            n="a-2070"
            ecep:lem="come"
            ecep:pos="vvb"
            ecep:reg="come"
            ecep:spe="come"
            ecep:syllab="1"
            ecep:pron="kʌm">come</w>
         <c> </c>
         <w xml:id="bsb18-551210"
            n="a-2080"
            ecep:lem="back"
            ecep:pos="av"
            ecep:reg="back"
            ecep:spe="back"
            ecep:syllab="1"
            ecep:pron="bæk">back</w>
         <c> </c>
         <w xml:id="bsb18-551220"
            n="a-2090"
            ecep:lem="with"
            ecep:pos="p-acp"
            ecep:reg="with"
            ecep:spe="with"
            ecep:syllab="1"
            ecep:pron="wɪð">with</w>
         <c> </c>
         <w xml:id="bsb18-551230"
            n="a-2100"
            ecep:lem="a"
            ecep:pos="dt"
            ecep:reg="a"
            ecep:spe="a"
            ecep:syllab="1"
            ecep:pron="ə">a</w>
         <c> </c>
         <w xml:id="bsb18-551240"
            n="a-2110"
            ecep:lem="smile"
            ecep:pos="n1"
            ecep:reg="smile"
            ecep:spe="smile"
            ecep:syllab="1"
            ecep:pron="smaɪl">smile</w>
         <pc xml:id="bsb18-551250"
             n="a-2120"
             ecep:lem=";"
             ecep:pos=";"
             ecep:reg=";"
             ecep:spe=";">;</pc>
      </l>
   </lg>
   <pb n="180" rend="none"/>
   <lg xml:id="bsb18-s01110">
      <l xml:id="bsb18-l24605">
         <w xml:id="bsb18-551280"
            n="a-0010"
            ecep:lem="yet"
            ecep:pos="av"
            ecep:reg="Yet"
            ecep:spe="Yet"
            ecep:syllab="1"
            ecep:pron="jet">Yet</w>
         <pc xml:id="bsb18-551290"
             n="a-0020"
             ecep:lem=","
             ecep:pos=","
             ecep:reg=","
             ecep:spe=",">,</pc>
         <c> </c>
         <w xml:id="bsb18-551300"
            n="a-0030"
            ecep:lem="right"
            ecep:pos="j-jn"
            ecep:reg="right"
            ecep:spe="right"
            ecep:syllab="1"
            ecep:pron="raɪt">right</w>
         <c> </c>
         <w xml:id="bsb18-551310"
            n="a-0040"
            ecep:lem="if"
            ecep:pos="cs"
            ecep:reg="if"
            ecep:spe="if"
            ecep:syllab="1"
            ecep:pron="ɪf">if</w>
         <c> </c>
         <w xml:id="bsb18-551320"
            n="a-0050"
            ecep:lem="i"
            ecep:pos="pns11"
            ecep:reg="I"
            ecep:spe="I"
            ecep:syllab="1"
            ecep:pron="aɪ">I</w>
         <c> </c>
         <w xml:id="bsb18-551330"
            n="a-0060"
            ecep:lem="ween"
            ecep:pos="vvb"
            ecep:reg="ween"
            ecep:spe="ween"
            ecep:syllab="1"
            ecep:pron="wiːn">ween</w>
         <pc xml:id="bsb18-551340"
             n="a-0070"
             ecep:lem=","
             ecep:pos=","
             ecep:reg=","
             ecep:spe=",">,</pc>
         <c> </c>
         <w xml:id="bsb18-551350"
            n="a-0080"
            ecep:lem="for"
            ecep:pos="p-acp"
            ecep:reg="for"
            ecep:spe="for"
            ecep:syllab="1"
            ecep:pron="fɔː">for</w>
         <c> </c>
         <w xml:id="bsb18-551360"
            n="a-0090"
            ecep:lem="the"
            ecep:pos="dt"
            ecep:reg="the"
            ecep:spe="the"
            ecep:syllab="1"
            ecep:pron="ðə">the</w>
         <c> </c>
         <w xml:id="bsb18-551370"
            n="a-0100"
            ecep:lem="joy"
            ecep:pos="n2"
            ecep:reg="joys"
            ecep:spe="joys"
            ecep:syllab="1"
            ecep:pron="dʒɔɪz">joys</w>
         <c> </c>
         <w xml:id="bsb18-551380"
            n="a-0110"
            ecep:lem="that"
            ecep:pos="cst"
            ecep:reg="that"
            ecep:spe="that"
            ecep:syllab="1"
            ecep:pron="ðæt">that</w>
         <c> </c>
         <w xml:id="bsb18-551390"
            n="a-0120"
            ecep:lem="be"
            ecep:pos="vbr"
            ecep:reg="are"
            ecep:spe="are"
            ecep:syllab="1"
            ecep:pron="ɑː">are</w>
         <c> </c>
         <w xml:id="bsb18-551400"
            n="a-0130"
            ecep:lem="past"
            ecep:pos="j"
            ecep:reg="past"
            ecep:spe="past"
            ecep:syllab="1"
            ecep:pron="pɑːst">past</w>
      </l>
      <l rendition="#h_3" xml:id="bsb18-l24610">
         <c> </c>
         <w xml:id="bsb18-551410"
            n="a-0140"
            ecep:lem="i"
            ecep:pos="pns11"
            ecep:reg="I"
            ecep:spe="I"
            ecep:syllab="1"
            ecep:pron="aɪ">I</w>
         <c> </c>
         <w xml:id="bsb18-551420"
            n="a-0150"
            ecep:lem="see"
            ecep:pos="vvb"
            ecep:reg="see"
            ecep:spe="see"
            ecep:syllab="1"
            ecep:pron="siː">see</w>
         <c> </c>
         <w xml:id="bsb18-551430"
            n="a-0160"
            ecep:lem="a"
            ecep:pos="dt"
            ecep:reg="a"
            ecep:spe="a"
            ecep:syllab="1"
            ecep:pron="ə">a</w>
         <c> </c>
         <w xml:id="bsb18-551440"
            n="a-0170"
            ecep:lem="soft"
            ecep:pos="j"
            ecep:reg="soft"
            ecep:spe="soft"
            ecep:syllab="1"
            ecep:pron="sɒft">soft</w>
         <c> </c>
         <w xml:id="bsb18-551450"
            n="a-0180"
            ecep:lem="tear"
            ecep:pos="n1"
            ecep:reg="tear"
            ecep:spe="tear"
            ecep:syllab="1"
            ecep:pron="tɪə">tear</w>
         <c> </c>
         <w xml:id="bsb18-551460"
            n="a-0190"
            ecep:lem="steal"
            ecep:pos="vvg"
            ecep:reg="stealing"
            ecep:spe="stealing"
            ecep:syllab="2"
            ecep:pron="ˈstiːlɪŋ">stealing</w>
         <c> </c>
         <w xml:id="bsb18-551470"
            n="a-0200"
            ecep:lem="into"
            ecep:pos="p-acp"
            ecep:reg="into"
            ecep:spe="into"
            ecep:syllab="2"
            ecep:pron="ˈɪntuː">into</w>
         <c> </c>
         <w xml:id="bsb18-551480"
            n="a-0210"
            ecep:lem="her"
            ecep:pos="po31"
            ecep:reg="her"
            ecep:spe="her"
            ecep:syllab="1"
            ecep:pron="hɜː">her</w>
         <c> </c>
         <w xml:id="bsb18-551490"
            n="a-0220"
            ecep:lem="eye"
            ecep:pos="n1"
            ecep:reg="eye"
            ecep:spe="eye"
            ecep:syllab="1"
            ecep:pron="aɪ">eye</w>
         <pc xml:id="bsb18-551500"
             n="a-0230"
             ecep:lem=";"
             ecep:pos=";"
             ecep:reg=";"
             ecep:spe=";">;</pc>
         <c> </c>
         <pc xml:id="bsb18-551510"
             n="a-0240"
             ecep:lem="—"
             ecep:pos="—"
             ecep:reg="—"
             ecep:spe="—">—</pc>
      </l>
      <l xml:id="bsb18-l24615">
         <c> </c>
         <w xml:id="bsb18-551520"
            n="a-0250"
            ecep:lem="we"
            ecep:pos="pns12"
            ecep:reg="We"
            ecep:spe="We"
            ecep:syllab="1"
            ecep:pron="wiː">We</w>
         <c> </c>
         <w xml:id="bsb18-551530"
            n="a-0260"
            ecep:lem="know"
            ecep:pos="vvb"
            ecep:reg="know"
            ecep:spe="know"
            ecep:syllab="1"
            ecep:pron="nəʊ">know</w>
         <pc xml:id="bsb18-551540"
             n="a-0270"
             ecep:lem=","
             ecep:pos=","
             ecep:reg=","
             ecep:spe=",">,</pc>
         <c> </c>
         <w xml:id="bsb18-551550"
            n="a-0280"
            ecep:lem="gentle"
            ecep:pos="j-jn"
            ecep:reg="gentle"
            ecep:spe="gentle"
            ecep:syllab="2"
            ecep:pron="ˈdʒentl">gentle</w>
         <c> </c>
         <w xml:id="bsb18-551560"
            n="a-0290"
            ecep:lem="maid"
            ecep:pos="n1"
            ecep:reg="maid"
            ecep:spe="maid"
            ecep:syllab="1"
            ecep:pron="meɪd">maid</w>
         <pc xml:id="bsb18-551570"
             n="a-0300"
             ecep:lem=","
             ecep:pos=","
             ecep:reg=","
             ecep:spe=",">,</pc>
         <c> </c>
         <w xml:id="bsb18-551580"
            n="a-0310"
            ecep:lem="that"
            ecep:pos="cst"
            ecep:reg="that"
            ecep:spe="that"
            ecep:syllab="1"
            ecep:pron="ðæt">that</w>
         <c> </c>
         <w xml:id="bsb18-551590"
            n="a-0320"
            ecep:lem="such"
            ecep:pos="d"
            ecep:reg="such"
            ecep:spe="such"
            ecep:syllab="1"
            ecep:pron="sʌtʃ">such</w>
         <c> </c>
         <w xml:id="bsb18-551600"
            n="a-0330"
            ecep:lem="hour"
            ecep:pos="n2"
            ecep:reg="hours"
            ecep:spe="hours"
            ecep:syllab="2"
            ecep:pron="aʊəz">hours</w>
         <c> </c>
         <w xml:id="bsb18-551610"
            n="a-0340"
            ecep:lem="can"
            ecep:pos="vmbx"
            ecep:reg="cannot"
            ecep:spe="cannot"
            ecep:syllab="2"
            ecep:pron="ˈkænɒt">cannot</w>
         <c> </c>
         <w xml:id="bsb18-551620"
            n="a-0350"
            ecep:lem="last"
            ecep:pos="vvi"
            ecep:reg="last"
            ecep:spe="last"
            ecep:syllab="1"
            ecep:pron="lɑːst">last</w>
         <pc xml:id="bsb18-551630"
             n="a-0360"
             ecep:lem=","
             ecep:pos=","
             ecep:reg=","
             ecep:spe=",">,</pc>
      </l>
      <l rendition="#h_3" xml:id="bsb18-l24620">
         <c> </c>
         <w xml:id="bsb18-551640"
            n="a-0370"
            ecep:lem="though"
            ecep:pos="c-acp"
            ecep:reg="Though"
            ecep:spe="Though"
            ecep:syllab="1"
            ecep:pron="ðəʊ">Though</w>
         <c> </c>
         <w xml:id="bsb18-551650"
            n="a-0380"
            ecep:lem="hold"
            ecep:pos="vvd"
            ecep:reg="held"
            ecep:spe="held"
            ecep:syllab="1"
            ecep:pron="held">held</w>
         <c> </c>
         <w xml:id="bsb18-551660"
            n="a-0390"
            ecep:lem="fast"
            ecep:pos="av-j"
            ecep:reg="fast"
            ecep:spe="fast"
            ecep:syllab="1"
            ecep:pron="fɑːst">fast</w>
         <c> </c>
         <w xml:id="bsb18-551670"
            n="a-0400"
            ecep:lem="by"
            ecep:pos="p-acp"
            ecep:reg="by"
            ecep:spe="by"
            ecep:syllab="1"
            ecep:pron="baɪ">by</w>
         <c> </c>
         <w xml:id="bsb18-551680"
            n="a-0410"
            ecep:lem="friendship"
            ecep:pos="n1"
            ecep:reg="friendship"
            ecep:spe="friendship"
            ecep:syllab="2"
            ecep:pron="ˈfrendʃɪp">friendship</w>
         <c> </c>
         <w xml:id="bsb18-551690"
            n="a-0420"
            ecep:lem="and"
            ecep:pos="cc"
            ecep:reg="and"
            ecep:spe="and"
            ecep:syllab="1"
            ecep:pron="ænd">and</w>
         <c> </c>
         <w xml:id="bsb18-551700"
            n="a-0430"
            ecep:lem="brighten"
            ecep:pos="vvn"
            ecep:reg="brightened"
            ecep:spe="brighten'd"
            ecep:syllab="2"
            ecep:pron="ˈbraɪtnd">brighten'd</w>
         <c> </c>
         <w xml:id="bsb18-551710"
            n="a-0440"
            ecep:lem="by"
            ecep:pos="p-acp"
            ecep:reg="by"
            ecep:spe="by"
            ecep:syllab="1"
            ecep:pron="baɪ">by</w>
         <c> </c>
         <w xml:id="bsb18-551720"
            n="a-0450"
            ecep:lem="joy"
            ecep:pos="n1"
            ecep:reg="joy"
            ecep:spe="joy"
            ecep:syllab="1"
            ecep:pron="dʒɔɪ">joy</w>
         <pc xml:id="bsb18-551730"
             n="a-0460"
             unit="sentence"
             ecep:lem="."
             ecep:pos="."
             ecep:reg="."
             ecep:spe=".">.</pc>
         <c> </c>
      </l>
   </lg>
   <lg xml:id="bsb18-s01115">
      <l xml:id="bsb18-l24625">
         <w xml:id="bsb18-551760"
            n="a-0470"
            ecep:lem="ah"
            ecep:pos="uh"
            ecep:reg="Ah"
            ecep:spe="Ah"
            ecep:syllab="1"
            ecep:pron="ɑː">Ah</w>
         <pc xml:id="bsb18-551765"
             n="a-0470"
             ecep:lem="!"
             ecep:pos="!"
             ecep:reg="!"
             ecep:spe="!">!</pc>
         <c> </c>
         <w xml:id="bsb18-551770"
            n="a-0480"
            ecep:lem="well"
            ecep:pos="av"
            ecep:reg="well"
            ecep:spe="well"
            ecep:syllab="1"
            ecep:pron="wel">well</w>
         <c> </c>
         <w xml:id="bsb18-551780"
            n="a-0490"
            ecep:lem="do"
            ecep:pos="vdb"
            ecep:reg="do"
            ecep:spe="do"
            ecep:syllab="1"
            ecep:pron="duː">do</w>
         <c> </c>
         <w xml:id="bsb18-551790"
            n="a-0500"
            ecep:lem="i"
            ecep:pos="pns11"
            ecep:reg="I"
            ecep:spe="I"
            ecep:syllab="1"
            ecep:pron="aɪ">I</w>
         <c> </c>
         <w xml:id="bsb18-551800"
            n="a-0510"
            ecep:lem="know"
            ecep:pos="vvb"
            ecep:reg="know"
            ecep:spe="know"
            ecep:syllab="1"
            ecep:pron="nəʊ">know</w>
         <pc xml:id="bsb18-551810"
             n="a-0520"
             ecep:lem=","
             ecep:pos=","
             ecep:reg=","
             ecep:spe=",">,</pc>
         <c> </c>
         <w xml:id="bsb18-551820"
            n="a-0530"
            ecep:lem="for"
            ecep:pos="c-acp"
            ecep:reg="for"
            ecep:spe="for"
            ecep:syllab="1"
            ecep:pron="fɔː">for</w>
         <pc xml:id="bsb18-551830"
             n="a-0540"
             ecep:lem=","
             ecep:pos=","
             ecep:reg=","
             ecep:spe=",">,</pc>
         <c> </c>
         <w xml:id="bsb18-551840"
            n="a-0550"
            ecep:lem="since"
            ecep:pos="c-acp"
            ecep:reg="since"
            ecep:spe="since"
            ecep:syllab="1"
            ecep:pron="sɪns">since</w>
         <c> </c>
         <w xml:id="bsb18-551850"
            n="a-0560"
            ecep:lem="reason"
            ecep:pos="ng1"
            ecep:reg="reason's"
            ecep:spe="reason's"
            ecep:syllab="2"
            ecep:pron="ˈriːznz">reason's</w>
         <c> </c>
         <w xml:id="bsb18-551860"
            n="a-0570"
            ecep:lem="young"
            ecep:pos="j"
            ecep:reg="young"
            ecep:spe="young"
            ecep:syllab="1"
            ecep:pron="jʌŋ">young</w>
         <c> </c>
         <w xml:id="bsb18-551870"
            n="a-0580"
            ecep:lem="dawn"
            ecep:pos="n1"
            ecep:reg="dawn"
            ecep:spe="dawn"
            ecep:syllab="1"
            ecep:pron="dɔːn">dawn</w>
      </l>
      <l rendition="#h_3" xml:id="bsb18-l24630">
         <c> </c>
         <w xml:id="bsb18-551880"
            n="a-0590"
            ecep:lem="first"
            ecep:pos="ord"
            ecep:reg="First"
            ecep:spe="First"
            ecep:syllab="1"
            ecep:pron="fɜːst">First</w>
         <c> </c>
         <w xml:id="bsb18-551890"
            n="a-0600"
            ecep:lem="hold"
            ecep:pos="vvd"
            ecep:reg="held"
            ecep:spe="held"
            ecep:syllab="1"
            ecep:pron="held">held</w>
         <c> </c>
         <w xml:id="bsb18-551900"
            n="a-0610"
            ecep:lem="her"
            ecep:pos="po31"
            ecep:reg="her"
            ecep:spe="her"
            ecep:syllab="1"
            ecep:pron="hɜː">her</w>
         <c> </c>
         <w xml:id="bsb18-551910"
            n="a-0620"
            ecep:lem="light"
            ecep:pos="j"
            ecep:reg="light"
            ecep:spe="light"
            ecep:syllab="1"
            ecep:pron="laɪt">light</w>
         <c> </c>
         <w xml:id="bsb18-551920"
            n="a-0630"
            ecep:lem="torch"
            ecep:pos="n1"
            ecep:reg="torch"
            ecep:spe="torch"
            ecep:syllab="1"
            ecep:pron="tɔːtʃ">torch</w>
         <c> </c>
         <w xml:id="bsb18-551930"
            n="a-0640"
            ecep:lem="over"
            ecep:pos="p-acp"
            ecep:reg="over"
            ecep:spe="o'er"
            ecep:syllab="1"
            ecep:pron="əʊə">o'er</w>
         <c> </c>
         <w xml:id="bsb18-551940"
            n="a-0650"
            ecep:lem="this"
            ecep:pos="d"
            ecep:reg="this"
            ecep:spe="this"
            ecep:syllab="1"
            ecep:pron="ðɪs">this</w>
         <c> </c>
         <w xml:id="bsb18-551950"
            n="a-0660"
            ecep:lem="silver-grown"
            ecep:pos="j"
            ecep:reg="silver-grown"
            ecep:spe="silver-grown"
            ecep:syllab="3"
            ecep:pron="ˈsɪlvəˌgrəʊn">silver-grown</w>
         <c> </c>
         <w xml:id="bsb18-551960"
            n="a-0670"
            ecep:lem="head"
            ecep:pos="n1"
            ecep:reg="head"
            ecep:spe="head"
            ecep:syllab="1"
            ecep:pron="hed">head</w>
         <pc xml:id="bsb18-551970"
             n="a-0680"
             ecep:lem=","
             ecep:pos=","
             ecep:reg=","
             ecep:spe=",">,</pc>
      </l>
      <l xml:id="bsb18-l24635">
         <c> </c>
         <w xml:id="bsb18-551980"
            n="a-0690"
            ecep:lem="i"
            ecep:pos="pns11"
            ecep:reg="I"
            ecep:spe="I"
            ecep:syllab="1"
            ecep:pron="aɪ">I</w>
         <c> </c>
         <w xml:id="bsb18-551990"
            n="a-0700"
            ecep:lem="have"
            ecep:pos="vhb"
            ecep:reg="have"
            ecep:spe="have"
            ecep:syllab="1"
            ecep:pron="hæv">have</w>
         <c> </c>
         <w xml:id="bsb18-552000"
            n="a-0710"
            ecep:lem="mark"
            ecep:pos="vvn"
            ecep:reg="marked"
            ecep:spe="mark'd"
            ecep:syllab="1"
            ecep:pron="mɑːkt">mark'd</w>
         <c> </c>
         <w xml:id="bsb18-552010"
            n="a-0720"
            ecep:lem="the"
            ecep:pos="dt"
            ecep:reg="the"
            ecep:spe="the"
            ecep:syllab="1"
            ecep:pron="ðə">the</w>
         <c> </c>
         <w xml:id="bsb18-552020"
            n="a-0730"
            ecep:lem="sweet"
            ecep:pos="j"
            ecep:reg="sweet"
            ecep:spe="sweet"
            ecep:syllab="1"
            ecep:pron="swiːt">sweet</w>
         <c> </c>
         <w xml:id="bsb18-552030"
            n="a-0740"
            ecep:lem="floweret"
            ecep:pos="n1"
            ecep:reg="floweret"
            ecep:spe="floweret"
            ecep:syllab="3"
            ecep:pron="ˈflaʊərɪt">floweret</w>
         <c> </c>
         <w xml:id="bsb18-552040"
            n="a-0750"
            ecep:lem="adorn"
            ecep:pos="vvg"
            ecep:reg="adorning"
            ecep:spe="adorning"
            ecep:syllab="3"
            ecep:pron="əˈdɔːnɪŋ">adorning</w>
         <c> </c>
         <w xml:id="bsb18-552050"
            n="a-0760"
            ecep:lem="the"
            ecep:pos="dt"
            ecep:reg="the"
            ecep:spe="the"
            ecep:syllab="1"
            ecep:pron="ðə">the</w>
         <c> </c>
         <w xml:id="bsb18-552060"
            n="a-0770"
            ecep:lem="lawn"
            ecep:pos="n1"
            ecep:reg="lawn"
            ecep:spe="lawn"
            ecep:syllab="1"
            ecep:pron="lɔːn">lawn</w>
         <pc xml:id="bsb18-552070"
             n="a-0780"
             ecep:lem=","
             ecep:pos=","
             ecep:reg=","
             ecep:spe=",">,</pc>
      </l>
      <l rendition="#h_3" xml:id="bsb18-l24640">
         <c> </c>
         <w xml:id="bsb18-552080"
            n="a-0790"
            ecep:lem="fade"
            ecep:pos="vvb"
            ecep:reg="Fade"
            ecep:spe="Fade"
            ecep:syllab="1"
            ecep:pron="feɪd">Fade</w>
         <c> </c>
         <w xml:id="bsb18-552090"
            n="a-0800"
            ecep:lem="under"
            ecep:pos="p-acp"
            ecep:reg="under"
            ecep:spe="under"
            ecep:syllab="2"
            ecep:pron="ˈʌndə">under</w>
         <c> </c>
         <w xml:id="bsb18-552100"
            n="a-0810"
            ecep:lem="my"
            ecep:pos="po11"
            ecep:reg="mine"
            ecep:spe="mine"
            ecep:syllab="1"
            ecep:pron="maɪn">mine</w>
         <c> </c>
         <w xml:id="bsb18-552110"
            n="a-0820"
            ecep:lem="eye"
            ecep:pos="n1"
            ecep:reg="eye"
            ecep:spe="eye"
            ecep:syllab="1"
            ecep:pron="aɪ">eye</w>
         <pc xml:id="bsb18-552120"
             n="a-0830"
             ecep:lem=","
             ecep:pos=","
             ecep:reg=","
             ecep:spe=",">,</pc>
         <c> </c>
         <w xml:id="bsb18-552130"
            n="a-0840"
            ecep:lem="and"
            ecep:pos="cc"
            ecep:reg="and"
            ecep:spe="and"
            ecep:syllab="1"
            ecep:pron="ænd">and</w>
         <c> </c>
         <w xml:id="bsb18-552140"
            n="a-0850"
            ecep:lem="then"
            ecep:pos="av"
            ecep:reg="then"
            ecep:spe="then"
            ecep:syllab="1"
            ecep:pron="ðen">then</w>
         <c> </c>
         <w xml:id="bsb18-552150"
            n="a-0860"
            ecep:lem="mix"
            ecep:pos="vvb"
            ecep:reg="mix"
            ecep:spe="mix"
            ecep:syllab="1"
            ecep:pron="mɪks">mix</w>
         <c> </c>
         <w xml:id="bsb18-552160"
            n="a-0870"
            ecep:lem="with"
            ecep:pos="p-acp"
            ecep:reg="with"
            ecep:spe="with"
            ecep:syllab="1"
            ecep:pron="wɪð">with</w>
         <c> </c>
         <w xml:id="bsb18-552170"
            n="a-0880"
            ecep:lem="the"
            ecep:pos="dt"
            ecep:reg="the"
            ecep:spe="the"
            ecep:syllab="1"
            ecep:pron="ðə">the</w>
         <c> </c>
         <w xml:id="bsb18-552180"
            n="a-0890"
            ecep:lem="dead"
            ecep:pos="j"
            ecep:reg="dead"
            ecep:spe="dead"
            ecep:syllab="1"
            ecep:pron="ded">dead</w>
         <pc xml:id="bsb18-552190"
             n="a-0900"
             unit="sentence"
             ecep:lem="."
             ecep:pos="."
             ecep:reg="."
             ecep:spe=".">.</pc>
         <c> </c>
      </l>
   </lg>
   <lg xml:id="bsb18-s01120">
      <l xml:id="bsb18-l24645">
         <w xml:id="bsb18-552220"
            n="a-0910"
            ecep:lem="the"
            ecep:pos="dt"
            ecep:reg="The"
            ecep:spe="The"
            ecep:syllab="1"
            ecep:pron="ðə">The</w>
         <c> </c>
         <w xml:id="bsb18-552230"
            n="a-0920"
            ecep:lem="light"
            ecep:pos="j"
            ecep:reg="light"
            ecep:spe="light"
            ecep:syllab="1"
            ecep:pron="laɪt">light</w>
         <c> </c>
         <w xml:id="bsb18-552240"
            n="a-0930"
            ecep:lem="leaf"
            ecep:pos="n2"
            ecep:reg="leaves"
            ecep:spe="leaves"
            ecep:syllab="1"
            ecep:pron="liːvz">leaves</w>
         <c> </c>
         <w xml:id="bsb18-552250"
            n="a-0940"
            ecep:lem="of"
            ecep:pos="pp-f"
            ecep:reg="of"
            ecep:spe="of"
            ecep:syllab="1"
            ecep:pron="ɒv">of</w>
         <c> </c>
         <w xml:id="bsb18-552260"
            n="a-0950"
            ecep:lem="summer"
            ecep:pos="n1"
            ecep:reg="summer"
            ecep:spe="summer"
            ecep:syllab="2"
            ecep:pron="ˈsʌmə">summer</w>
         <c> </c>
         <w xml:id="bsb18-552270"
            n="a-0960"
            ecep:lem="that"
            ecep:pos="cst"
            ecep:reg="that"
            ecep:spe="that"
            ecep:syllab="1"
            ecep:pron="ðæt">that</w>
         <c> </c>
         <w xml:id="bsb18-552280"
            n="a-0970"
            ecep:lem="fan"
            ecep:pos="vvb"
            ecep:reg="fan"
            ecep:spe="fan"
            ecep:syllab="1"
            ecep:pron="fæn">fan</w>
         <c> </c>
         <w xml:id="bsb18-552290"
            n="a-0980"
            ecep:lem="we"
            ecep:pos="pno12"
            ecep:reg="us"
            ecep:spe="us"
            ecep:syllab="2"
            ecep:pron="ʌs">us</w>
         <c> </c>
         <w xml:id="bsb18-552300"
            n="a-0990"
            ecep:lem="today"
            ecep:pos="av-an"
            ecep:reg="today"
            ecep:spe="to-day"
            ecep:syllab="2"
            ecep:pron="təˈdeɪ">to-day</w>
         <pc xml:id="bsb18-552310"
             n="a-1000"
             ecep:lem=","
             ecep:pos=","
             ecep:reg=","
             ecep:spe=",">,</pc>
      </l>
      <l rendition="#h_3" xml:id="bsb18-l24650">
         <c> </c>
         <w xml:id="bsb18-552320"
            n="a-1010"
            ecep:lem="and"
            ecep:pos="cc"
            ecep:reg="And"
            ecep:spe="And"
            ecep:syllab="1"
            ecep:pron="ænd">And</w>
         <c> </c>
         <w xml:id="bsb18-552330"
            n="a-1020"
            ecep:lem="shake"
            ecep:pos="vvi"
            ecep:reg="shake"
            ecep:spe="shake"
            ecep:syllab="1"
            ecep:pron="ʃeɪk">shake</w>
         <c> </c>
         <w xml:id="bsb18-552340"
            n="a-1030"
            ecep:lem="their"
            ecep:pos="po32"
            ecep:reg="their"
            ecep:spe="their"
            ecep:syllab="1"
            ecep:pron="ðeə">their</w>
         <c> </c>
         <w xml:id="bsb18-552350"
            n="a-1040"
            ecep:lem="green"
            ecep:pos="j-jn"
            ecep:reg="green"
            ecep:spe="green"
            ecep:syllab="1"
            ecep:pron="griːn">green</w>
         <c> </c>
         <w xml:id="bsb18-552360"
            n="a-1050"
            ecep:lem="head"
            ecep:pos="n2"
            ecep:reg="heads"
            ecep:spe="heads"
            ecep:syllab="1"
            ecep:pron="hedz">heads</w>
         <c> </c>
         <w xml:id="bsb18-552370"
            n="a-1060"
            ecep:lem="as"
            ecep:pos="c-acp"
            ecep:reg="as"
            ecep:spe="as"
            ecep:syllab="1"
            ecep:pron="æz">as</w>
         <c> </c>
         <w xml:id="bsb18-552380"
            n="a-1070"
            ecep:lem="we"
            ecep:pos="pns12"
            ecep:reg="we"
            ecep:spe="we"
            ecep:syllab="1"
            ecep:pron="wiː">we</w>
         <c> </c>
         <w xml:id="bsb18-552390"
            n="a-1080"
            ecep:lem="frolic"
            ecep:pos="vvb"
            ecep:reg="frolic"
            ecep:spe="frolic"
            ecep:syllab="2"
            ecep:pron="ˈfrɒlɪk">frolic</w>
         <c> </c>
         <w xml:id="bsb18-552400"
            n="a-1090"
            ecep:lem="around"
            ecep:pos="a-acp"
            ecep:reg="around"
            ecep:spe="around"
            ecep:syllab="2"
            ecep:pron="əˈraʊnd">around</w>
         <pc xml:id="bsb18-552410"
             n="a-1100"
             ecep:lem=","
             ecep:pos=","
             ecep:reg=","
             ecep:spe=",">,</pc>
      </l>
      <l xml:id="bsb18-l24655">
         <c> </c>
         <w xml:id="bsb18-552420"
            n="a-1110"
            ecep:lem="one"
            ecep:pos="crd"
            ecep:reg="One"
            ecep:spe="One"
            ecep:syllab="1"
            ecep:pron="wʌn">One</w>
         <c> </c>
         <w xml:id="bsb18-552430"
            n="a-1120"
            ecep:lem="breath"
            ecep:pos="n1"
            ecep:reg="breath"
            ecep:spe="breath"
            ecep:syllab="1"
            ecep:pron="breθ">breath</w>
         <c> </c>
         <w xml:id="bsb18-552440"
            n="a-1130"
            ecep:lem="of"
            ecep:pos="pp-f"
            ecep:reg="of"
            ecep:spe="of"
            ecep:syllab="1"
            ecep:pron="ɒv">of</w>
         <c> </c>
         <w xml:id="bsb18-552450"
            n="a-1140"
            ecep:lem="cold"
            ecep:pos="j-jn"
            ecep:reg="cold"
            ecep:spe="cold"
            ecep:syllab="1"
            ecep:pron="kəʊld">cold</w>
         <c> </c>
         <w xml:id="bsb18-552460"
            n="a-1150"
            ecep:lem="winter"
            ecep:pos="n1"
            ecep:reg="winter"
            ecep:spe="winter"
            ecep:syllab="2"
            ecep:pron="ˈwɪntə">winter</w>
         <c> </c>
         <w xml:id="bsb18-552470"
            n="a-1160"
            ecep:lem="shall"
            ecep:pos="vmb"
            ecep:reg="shall"
            ecep:spe="shall"
            ecep:syllab="1"
            ecep:pron="ʃæl">shall</w>
         <c> </c>
         <w xml:id="bsb18-552480"
            n="a-1170"
            ecep:lem="waft"
            ecep:pos="vvi"
            ecep:reg="waft"
            ecep:spe="waft"
            ecep:syllab="1"
            ecep:pron="wɑːft">waft</w>
         <c> </c>
         <w xml:id="bsb18-552490"
            n="a-1180"
            ecep:lem="they"
            ecep:pos="pno32"
            ecep:reg="them"
            ecep:spe="them"
            ecep:syllab="1"
            ecep:pron="ðem">them</w>
         <c> </c>
         <w xml:id="bsb18-552500"
            n="a-1190"
            ecep:lem="away"
            ecep:pos="av"
            ecep:reg="away"
            ecep:spe="away"
            ecep:syllab="2"
            ecep:pron="əˈweɪ">away</w>
         <pc xml:id="bsb18-552510"
             n="a-1200"
             ecep:lem=","
             ecep:pos=","
             ecep:reg=","
             ecep:spe=",">,</pc>
      </l>
      <l rendition="#h_3" xml:id="bsb18-l24660">
         <c> </c>
         <w xml:id="bsb18-552520"
            n="a-1210"
            ecep:lem="and"
            ecep:pos="cc"
            ecep:reg="And"
            ecep:spe="And"
            ecep:syllab="1"
            ecep:pron="ænd">And</w>
         <c> </c>
         <w xml:id="bsb18-552530"
            n="a-1220"
            ecep:lem="a"
            ecep:pos="dt"
            ecep:reg="a"
            ecep:spe="a"
            ecep:syllab="1"
            ecep:pron="ə">a</w>
         <c> </c>
         <w xml:id="bsb18-552540"
            n="a-1230"
            ecep:lem="new"
            ecep:pos="j"
            ecep:reg="new"
            ecep:spe="new"
            ecep:syllab="1"
            ecep:pron="njuː">new</w>
         <c> </c>
         <w xml:id="bsb18-552550"
            n="a-1240"
            ecep:lem="wave"
            ecep:pos="j-vvg"
            ecep:reg="waving"
            ecep:spe="waving"
            ecep:syllab="2"
            ecep:pron="ˈweɪvɪŋ">waving</w>
         <c> </c>
         <w xml:id="bsb18-552560"
            n="a-1250"
            ecep:lem="race"
            ecep:pos="n1"
            ecep:reg="race"
            ecep:spe="race"
            ecep:syllab="1"
            ecep:pron="reɪs">race</w>
         <c> </c>
         <w xml:id="bsb18-552570"
            n="a-1260"
            ecep:lem="the"
            ecep:pos="dt"
            ecep:reg="the"
            ecep:spe="the"
            ecep:syllab="1"
            ecep:pron="ðə">the</w>
         <c> </c>
         <w xml:id="bsb18-552580"
            n="a-1270"
            ecep:lem="next"
            ecep:pos="ord"
            ecep:reg="next"
            ecep:spe="next"
            ecep:syllab="1"
            ecep:pron="nekst">next</w>
         <c> </c>
         <w xml:id="bsb18-552590"
            n="a-1280"
            ecep:lem="season"
            ecep:pos="n1"
            ecep:reg="season"
            ecep:spe="season"
            ecep:syllab="2"
            ecep:pron="ˈsiːzn">season</w>
         <c> </c>
         <w xml:id="bsb18-552600"
            n="a-1290"
            ecep:lem="be"
            ecep:pos="vbi"
            ecep:reg="be"
            ecep:spe="be"
            ecep:syllab="1"
            ecep:pron="biː">be</w>
         <c> </c>
         <w xml:id="bsb18-552610"
            n="a-1300"
            ecep:lem="find"
            ecep:pos="vvn"
            ecep:reg="found"
            ecep:spe="found"
            ecep:syllab="1"
            ecep:pron="faʊnd">found</w>
         <pc xml:id="bsb18-552620"
             n="a-1310"
             unit="sentence"
             ecep:lem="."
             ecep:pos="."
             ecep:reg="."
             ecep:spe=".">.</pc>
         <c> </c>
      </l>
   </lg>
   <lg xml:id="bsb18-s01125">
      <l xml:id="bsb18-l24665">
         <w xml:id="bsb18-552650"
            n="a-1320"
            ecep:lem="since"
            ecep:pos="p-acp"
            ecep:reg="Since"
            ecep:spe="Since"
            ecep:syllab="1"
            ecep:pron="sɪns">Since</w>
         <c> </c>
         <w xml:id="bsb18-552660"
            n="a-1330"
            ecep:lem="thus"
            ecep:pos="av"
            ecep:reg="thus"
            ecep:spe="thus"
            ecep:syllab="1"
            ecep:pron="ðʌs">thus</w>
         <c> </c>
         <w xml:id="bsb18-552670"
            n="a-1340"
            ecep:lem="it"
            ecep:pos="pn31"
            ecep:reg="it"
            ecep:spe="it"
            ecep:syllab="1"
            ecep:pron="ɪt">it</w>
         <c> </c>
         <w xml:id="bsb18-552680"
            n="a-1350"
            ecep:lem="must"
            ecep:pos="vmb"
            ecep:reg="must"
            ecep:spe="must"
            ecep:syllab="1"
            ecep:pron="mʌst">must</w>
         <c> </c>
         <w xml:id="bsb18-552690"
            n="a-1360"
            ecep:lem="be"
            ecep:pos="vbi"
            ecep:reg="be"
            ecep:spe="be"
            ecep:syllab="1"
            ecep:pron="biː">be</w>
         <c> </c>
         <pc xml:id="bsb18-552700"
             n="a-1370"
             ecep:lem="—"
             ecep:pos="—"
             ecep:reg="—"
             ecep:spe="—">—</pc>
         <c> </c>
         <w xml:id="bsb18-552710"
            n="a-1380"
            ecep:lem="since"
            ecep:pos="p-acp"
            ecep:reg="since"
            ecep:spe="since"
            ecep:syllab="1"
            ecep:pron="sɪns">since</w>
         <c> </c>
         <w xml:id="bsb18-552720"
            n="a-1390"
            ecep:lem="our"
            ecep:pos="po12"
            ecep:reg="our"
            ecep:spe="our"
            ecep:syllab="2"
            ecep:pron="aʊə">our</w>
         <c> </c>
         <w xml:id="bsb18-552730"
            n="a-1400"
            ecep:lem="summer"
            ecep:pos="n2"
            ecep:reg="summers"
            ecep:spe="summers"
            ecep:syllab="2"
            ecep:pron="ˈsʌməz">summers</w>
         <c> </c>
         <w xml:id="bsb18-552740"
            n="a-1410"
            ecep:lem="must"
            ecep:pos="vmb"
            ecep:reg="must"
            ecep:spe="must"
            ecep:syllab="1"
            ecep:pron="mʌst">must</w>
         <c> </c>
         <w xml:id="bsb18-552750"
            n="a-1420"
            ecep:lem="fade"
            ecep:pos="vvi"
            ecep:reg="fade"
            ecep:spe="fade"
            ecep:syllab="1"
            ecep:pron="feɪd">fade</w>
         <pc xml:id="bsb18-552760"
             n="a-1430"
             ecep:lem=","
             ecep:pos=","
             ecep:reg=","
             ecep:spe=",">,</pc>
      </l>
      <l rendition="#h_3" xml:id="bsb18-l24670">
         <c> </c>
         <w xml:id="bsb18-552770"
            n="a-1440"
            ecep:lem="and"
            ecep:pos="cc"
            ecep:reg="And"
            ecep:spe="And"
            ecep:syllab="1"
            ecep:pron="ænd">And</w>
         <c> </c>
         <w xml:id="bsb18-552780"
            n="a-1450"
            ecep:lem="autumn"
            ecep:pos="n1"
            ecep:reg="autumn"
            ecep:spe="autumn"
            ecep:syllab="2"
            ecep:pron="ˈɔːtəm">autumn</w>
         <c> </c>
         <w xml:id="bsb18-552790"
            n="a-1460"
            ecep:lem="and"
            ecep:pos="cc"
            ecep:reg="and"
            ecep:spe="and"
            ecep:syllab="1"
            ecep:pron="ænd">and</w>
         <c> </c>
         <w xml:id="bsb18-552800"
            n="a-1470"
            ecep:lem="winter"
            ecep:pos="n1"
            ecep:reg="winter"
            ecep:spe="winter"
            ecep:syllab="2"
            ecep:pron="ˈwɪntə">winter</w>
         <c> </c>
         <w xml:id="bsb18-552810"
            n="a-1480"
            ecep:lem="succeed"
            ecep:pos="vvi"
            ecep:reg="succeed"
            ecep:spe="succeed"
            ecep:syllab="2"
            ecep:pron="səkˈsiːd">succeed</w>
         <c> </c>
         <w xml:id="bsb18-552820"
            n="a-1490"
            ecep:lem="in"
            ecep:pos="p-acp"
            ecep:reg="in"
            ecep:spe="in"
            ecep:syllab="1"
            ecep:pron="ɪn">in</w>
         <c> </c>
         <w xml:id="bsb18-552830"
            n="a-1500"
            ecep:lem="their"
            ecep:pos="po32"
            ecep:reg="their"
            ecep:spe="their"
            ecep:syllab="1"
            ecep:pron="ðeə">their</w>
         <c> </c>
         <w xml:id="bsb18-552840"
            n="a-1510"
            ecep:lem="turn"
            ecep:pos="n1"
            ecep:reg="turn"
            ecep:spe="turn"
            ecep:syllab="1"
            ecep:pron="tɜːn">turn</w>
         <pc xml:id="bsb18-552850"
             n="a-1520"
             ecep:lem=","
             ecep:pos=","
             ecep:reg=","
             ecep:spe=",">,</pc>
      </l>
      <l xml:id="bsb18-l24675">
         <c> </c>
         <w xml:id="bsb18-552860"
            n="a-1530"
            ecep:lem="let"
            ecep:pos="vvb"
            ecep:reg="Let"
            ecep:spe="Let"
            ecep:syllab="1"
            ecep:pron="let">Let</w>
         <c> </c>
         <w xml:id="bsb18-552870"
            n="a-1540"
            ecep:lem="we"
            ecep:pos="pno12"
            ecep:reg="us"
            ecep:spe="us"
            ecep:syllab="2"
            ecep:pron="ʌs">us</w>
         <c> </c>
         <w xml:id="bsb18-552880"
            n="a-1550"
            ecep:lem="make"
            ecep:pos="vvi"
            ecep:reg="make"
            ecep:spe="make"
            ecep:syllab="1"
            ecep:pron="meɪk">make</w>
         <c> </c>
         <w xml:id="bsb18-552890"
            n="a-1560"
            ecep:lem="much"
            ecep:pos="d"
            ecep:reg="much"
            ecep:spe="much"
            ecep:syllab="1"
            ecep:pron="mʌtʃ">much</w>
         <c> </c>
         <w xml:id="bsb18-552900"
            n="a-1570"
            ecep:lem="of"
            ecep:pos="pp-f"
            ecep:reg="of"
            ecep:spe="of"
            ecep:syllab="1"
            ecep:pron="ɒv">of</w>
         <c> </c>
         <w xml:id="bsb18-552910"
            n="a-1580"
            ecep:lem="life"
            ecep:pos="n1"
            ecep:reg="life"
            ecep:spe="life"
            ecep:syllab="1"
            ecep:pron="laɪf">life</w>
         <pc xml:id="bsb18-552920"
             n="a-1590"
             ecep:lem=","
             ecep:pos=","
             ecep:reg=","
             ecep:spe=",">,</pc>
         <c> </c>
         <w xml:id="bsb18-552930"
            n="a-1600"
            ecep:lem="and"
            ecep:pos="cc"
            ecep:reg="and"
            ecep:spe="and"
            ecep:syllab="1"
            ecep:pron="ænd">and</w>
         <c> </c>
         <w xml:id="bsb18-552940"
            n="a-1610"
            ecep:lem="enjoy"
            ecep:pos="vvi"
            ecep:reg="enjoy"
            ecep:spe="enjoy"
            ecep:syllab="2"
            ecep:pron="ɪnˈdʒɔɪ">enjoy</w>
         <c> </c>
         <w xml:id="bsb18-552950"
            n="a-1620"
            ecep:lem="her"
            ecep:pos="po31"
            ecep:reg="her"
            ecep:spe="her"
            ecep:syllab="1"
            ecep:pron="hɜː">her</w>
         <c> </c>
         <w xml:id="bsb18-552960"
            n="a-1630"
            ecep:lem="green"
            ecep:pos="j-jn"
            ecep:reg="green"
            ecep:spe="green"
            ecep:syllab="1"
            ecep:pron="griːn">green</w>
         <c> </c>
         <w xml:id="bsb18-552970"
            n="a-1640"
            ecep:lem="shade"
            ecep:pos="n1"
            ecep:reg="shade"
            ecep:spe="shade"
            ecep:syllab="1"
            ecep:pron="ʃeɪd">shade</w>
         <pc xml:id="bsb18-552980"
             n="a-1650"
             ecep:lem=","
             ecep:pos=","
             ecep:reg=","
             ecep:spe=",">,</pc>
      </l>
      <l rendition="#h_3" xml:id="bsb18-l24680">
         <c> </c>
         <w xml:id="bsb18-552990"
            n="a-1660"
            ecep:lem="nor"
            ecep:pos="ccx"
            ecep:reg="Nor"
            ecep:spe="Nor"
            ecep:syllab="1"
            ecep:pron="nɔː">Nor</w>
         <c> </c>
         <w xml:id="bsb18-553000"
            n="a-1670"
            ecep:lem="long"
            ecep:pos="j"
            ecep:reg="long"
            ecep:spe="long"
            ecep:syllab="1"
            ecep:pron="lɒŋ">long</w>
         <c> </c>
         <w xml:id="bsb18-553010"
            n="a-1680"
            ecep:lem="for"
            ecep:pos="p-acp"
            ecep:reg="for"
            ecep:spe="for"
            ecep:syllab="1"
            ecep:pron="fɔː">for</w>
         <c> </c>
         <w xml:id="bsb18-553020"
            n="a-1690"
            ecep:lem="lose"
            ecep:pos="j-vvn"
            ecep:reg="lost"
            ecep:spe="lost"
            ecep:syllab="1"
            ecep:pron="lɒst">lost</w>
         <c> </c>
         <w xml:id="bsb18-553030"
            n="a-1700"
            ecep:lem="pleasure"
            ecep:pos="n2"
            ecep:reg="pleasures"
            ecep:spe="pleasures"
            ecep:syllab="2"
            ecep:pron="ˈpleʒəz">pleasures</w>
         <c> </c>
         <w xml:id="bsb18-553040"
            n="a-1710"
            ecep:lem="continue"
            ecep:pos="vvb"
            ecep:reg="continue"
            ecep:spe="continue"
            ecep:syllab="3"
            ecep:pron="kənˈtɪnjuː">continue</w>
         <c> </c>
         <w xml:id="bsb18-553050"
            n="a-1720"
            ecep:lem="to"
            ecep:pos="pc-acp"
            ecep:reg="to"
            ecep:spe="to"
            ecep:syllab="1"
            ecep:pron="tuː">to</w>
         <c> </c>
         <w xml:id="bsb18-553060"
            n="a-1730"
            ecep:lem="mourn"
            ecep:pos="vvi"
            ecep:reg="mourn"
            ecep:spe="mourn"
            ecep:syllab="1"
            ecep:pron="mɔːn">mourn</w>
         <pc xml:id="bsb18-553070"
             n="a-1740"
             unit="sentence"
             ecep:lem="."
             ecep:pos="."
             ecep:reg="."
             ecep:spe=".">.</pc>
         <c> </c>
      </l>
   </lg>
</div>
