<?xml version="1.0" encoding="UTF-8"?>
<?xml-model href="../tei_all.rnc" type="application/relax-ng-compact-syntax"?>
<TEI xmlns="http://www.tei-c.org/ns/1.0">
   <teiHeader>
      <fileDesc>
         <titleStmt>
            <title corresp="#txt_BarbMa1685_w0077">Occasion'd by seeing the Honourable — treat a Person of Merit with Insolence, who came to make a Request to her.</title>
            <author corresp="authors.xml#aut_BarbMa1685">Mary Barber</author>
            <respStmt>
               <name xml:id="AH">Alexander Huber</name>
               <resp>Editor</resp>
            </respStmt>
            <funder>
               <name type="institution" xml:id="BOD">Bodleian Libraries, University of Oxford</name>
               <address>
                  <addrLine>Broad Street</addrLine>
                  <addrLine>Oxford OX1 3BG</addrLine>
                  <addrLine>UK</addrLine>
               </address>
            </funder>
         </titleStmt>
         <publicationStmt>
            <publisher xml:id="ECPA">Eighteenth-Century Poetry Archive</publisher>
            <address>
               <addrLine>Taylor Institution Library</addrLine>
               <addrLine>St Giles'</addrLine>
               <addrLine>Oxford OX1 3NA</addrLine>
               <addrLine>UK</addrLine>
               <addrLine>
                  <email>info@eighteenthcenturypoetry.org</email>
               </addrLine>
               <addrLine>
                  <ref target="https://www.eighteenthcenturypoetry.org/">https://www.eighteenthcenturypoetry.org/</ref>
               </addrLine>
            </address>
            <pubPlace>Oxford</pubPlace>
            <availability status="restricted">
               <licence target="http://creativecommons.org/licenses/by-sa/3.0/">This work is licensed under a Creative Commons Attribution-ShareAlike 3.0 Unported License.</licence>
            </availability>
            <idno type="ESTC">T42622</idno>
            <idno type="DMI">519</idno>
            <idno type="FOXON">p. 45</idno>
         </publicationStmt>
         <sourceDesc>
            <bibl>
               <author>Barber, Mary, ca. 1690-1757.</author>
               <title>Poems on Several Occasions [poems only].</title>
               <pubPlace>London</pubPlace>
               <publisher>Printed for C. Rivington, at the Bible and Crown in St. Paul's Church-Yard</publisher>
               <date>1734</date>
               <biblScope>p. 168.</biblScope>
               <extent>xlviii,283,[7]p.; 8⁰.</extent>
            </bibl>
         </sourceDesc>
      </fileDesc>
      <encodingDesc>
         <projectDesc>
            <p>This e-text is part of the Works section of the Eighteenth-Century Poetry Archive (ECPA).</p>
            <p>XML created for the Eighteenth-Century Poetry Archive (ECPA).</p>
         </projectDesc>
         <editorialDecl>
            <p>Typography, spelling, capitalization, and punctuation have been cautiously modernized. The source of the text is given and all significant
						editorial interventions have been recorded in textual notes. This  text has been edited to conform to the recommendations found 
						in Level 5 of the
						Best Practices for TEI in Libraries version 4.0.0.
					</p>
         </editorialDecl>
         <classDecl>
            <taxonomy xml:id="LCNAF">
               <bibl>Library of Congress Name Authority File (<abbr>LCNAF</abbr>)</bibl>
            </taxonomy>
         </classDecl>
         <tagsDecl>
            <rendition n="linegroups indented" xml:id="lgindent" scheme="css">text-indent: 1em;</rendition>
            <rendition n="linegroups vertically spaced" xml:id="lgvspace" scheme="css">margin-bottom: 1em;</rendition>
            <rendition n="aligned centrally" xml:id="align-center" scheme="css">text-align: center;</rendition>
            <rendition n="aligned right" xml:id="align-right" scheme="css">text-align: right;</rendition>
            <rendition n="aligned left" xml:id="align-left" scheme="css">text-align: left;</rendition>
            <rendition n="inline" xml:id="inline" scheme="css">display: inline</rendition>
            <rendition n="italic" xml:id="i" scheme="css">font-style: italic;</rendition>
            <rendition n="bold" xml:id="b" scheme="css">font-weight: bold;</rendition>
         </tagsDecl>
      </encodingDesc>
   </teiHeader>
   <text>
      <body>
         <div xmlns:ecep="http://www.eighteenthcenturypoetry.org/ns"
              ana="#iamb #tetrameter #couplet #epigram"
              corresp="#txt_BarbMa1685_w0077"
              decls="#semi-normalized"
              ecep:syllab="8"
              met="-+|-+|-+|-+/"
              rendition="#lgvspace"
              rhyme="aa"
              subtype="eceptext"
              type="poem"
              xml:id="pba35-w0820">
            <link target="authors.xml#aut_BarbMa1685" type="author"/>
            <link target="11579" type="DMI"/>
            <head type="main">
               <w xmlns:ecep="http://www.eighteenthcenturypoetry.org/ns"
                  xml:id="pba35-197010"
                  n="a-0010"
                  ecep:lem="occasion"
                  ecep:pos="j-vvn"
                  ecep:reg="Occasioned"
                  ecep:spe="Occasion'd"
                  ecep:syllab="3"
                  ecep:pron="əˈkeɪʒnd">Occasion'd</w>
               <c> </c>
               <w xmlns:ecep="http://www.eighteenthcenturypoetry.org/ns"
                  xml:id="pba35-197020"
                  n="a-0020"
                  ecep:lem="by"
                  ecep:pos="p-acp"
                  ecep:reg="by"
                  ecep:spe="by"
                  ecep:syllab="1"
                  ecep:pron="baɪ">by</w>
               <c> </c>
               <w xmlns:ecep="http://www.eighteenthcenturypoetry.org/ns"
                  xml:id="pba35-197030"
                  n="a-0030"
                  ecep:lem="see"
                  ecep:pos="vvg"
                  ecep:reg="seeing"
                  ecep:spe="seeing"
                  ecep:syllab="2"
                  ecep:pron="siːɪŋ">seeing</w>
               <c> </c>
               <w xmlns:ecep="http://www.eighteenthcenturypoetry.org/ns"
                  xml:id="pba35-197040"
                  n="a-0040"
                  ecep:lem="the"
                  ecep:pos="dt"
                  ecep:reg="the"
                  ecep:spe="the"
                  ecep:syllab="1"
                  ecep:pron="ðiː">the</w>
               <c> </c>
               <w xmlns:ecep="http://www.eighteenthcenturypoetry.org/ns"
                  xml:id="pba35-197050"
                  n="a-0050"
                  ecep:lem="honourable"
                  ecep:pos="j"
                  ecep:reg="Honourable"
                  ecep:spe="Honourable"
                  ecep:syllab="4"
                  ecep:pron="ˈɒnrəbl">Honourable</w>
               <c> </c>
               <w xmlns:ecep="http://www.eighteenthcenturypoetry.org/ns"
                  xml:id="pba35-197060"
                  n="a-0060"
                  ecep:lem="—"
                  ecep:pos="—"
                  ecep:reg="—"
                  ecep:spe="—"
                  ecep:syllab="1"
                  ecep:pron="">—</w>
               <c> </c>
               <w xmlns:ecep="http://www.eighteenthcenturypoetry.org/ns"
                  xml:id="pba35-197070"
                  n="a-0070"
                  ecep:lem="treat"
                  ecep:pos="vvb"
                  ecep:reg="treat"
                  ecep:spe="treat"
                  ecep:syllab="1"
                  ecep:pron="triːt">treat</w>
               <c> </c>
               <w xmlns:ecep="http://www.eighteenthcenturypoetry.org/ns"
                  xml:id="pba35-197080"
                  n="a-0080"
                  ecep:lem="a"
                  ecep:pos="dt"
                  ecep:reg="a"
                  ecep:spe="a"
                  ecep:syllab="1"
                  ecep:pron="ə">a</w>
               <c> </c>
               <w xmlns:ecep="http://www.eighteenthcenturypoetry.org/ns"
                  xml:id="pba35-197090"
                  n="a-0090"
                  ecep:lem="person"
                  ecep:pos="n1"
                  ecep:reg="Person"
                  ecep:spe="Person"
                  ecep:syllab="2"
                  ecep:pron="ˈpɜːsn">Person</w>
               <c> </c>
               <w xmlns:ecep="http://www.eighteenthcenturypoetry.org/ns"
                  xml:id="pba35-197100"
                  n="a-0100"
                  ecep:lem="of"
                  ecep:pos="pp-f"
                  ecep:reg="of"
                  ecep:spe="of"
                  ecep:syllab="1"
                  ecep:pron="ɒv">of</w>
               <c> </c>
               <w xmlns:ecep="http://www.eighteenthcenturypoetry.org/ns"
                  xml:id="pba35-197110"
                  n="a-0110"
                  ecep:lem="merit"
                  ecep:pos="n1"
                  ecep:reg="Merit"
                  ecep:spe="Merit"
                  ecep:syllab="2"
                  ecep:pron="ˈmerɪt">Merit</w>
               <c> </c>
               <w xmlns:ecep="http://www.eighteenthcenturypoetry.org/ns"
                  xml:id="pba35-197120"
                  n="a-0120"
                  ecep:lem="with"
                  ecep:pos="p-acp"
                  ecep:reg="with"
                  ecep:spe="with"
                  ecep:syllab="1"
                  ecep:pron="wɪð">with</w>
               <c> </c>
               <w xmlns:ecep="http://www.eighteenthcenturypoetry.org/ns"
                  xml:id="pba35-197130"
                  n="a-0130"
                  ecep:lem="insolence"
                  ecep:pos="n1"
                  ecep:reg="Insolence"
                  ecep:spe="Insolence"
                  ecep:syllab="3"
                  ecep:pron="ˈɪnsləns">Insolence</w>
               <pc xmlns:ecep="http://www.eighteenthcenturypoetry.org/ns"
                   xml:id="pba35-197140"
                   n="a-0140"
                   ecep:lem=","
                   ecep:pos=","
                   ecep:reg=","
                   ecep:spe=",">,</pc>
               <c> </c>
               <w xmlns:ecep="http://www.eighteenthcenturypoetry.org/ns"
                  xml:id="pba35-197150"
                  n="a-0150"
                  ecep:lem="who"
                  ecep:pos="r-crq"
                  ecep:reg="who"
                  ecep:spe="who"
                  ecep:syllab="1"
                  ecep:pron="huː">who</w>
               <c> </c>
               <w xmlns:ecep="http://www.eighteenthcenturypoetry.org/ns"
                  xml:id="pba35-197160"
                  n="a-0160"
                  ecep:lem="come"
                  ecep:pos="vvd"
                  ecep:reg="came"
                  ecep:spe="came"
                  ecep:syllab="1"
                  ecep:pron="keɪm">came</w>
               <c> </c>
               <w xmlns:ecep="http://www.eighteenthcenturypoetry.org/ns"
                  xml:id="pba35-197170"
                  n="a-0170"
                  ecep:lem="to"
                  ecep:pos="pc-acp"
                  ecep:reg="to"
                  ecep:spe="to"
                  ecep:syllab="1"
                  ecep:pron="tuː">to</w>
               <c> </c>
               <w xmlns:ecep="http://www.eighteenthcenturypoetry.org/ns"
                  xml:id="pba35-197180"
                  n="a-0180"
                  ecep:lem="make"
                  ecep:pos="vvi"
                  ecep:reg="make"
                  ecep:spe="make"
                  ecep:syllab="1"
                  ecep:pron="meɪk">make</w>
               <c> </c>
               <w xmlns:ecep="http://www.eighteenthcenturypoetry.org/ns"
                  xml:id="pba35-197190"
                  n="a-0190"
                  ecep:lem="a"
                  ecep:pos="dt"
                  ecep:reg="a"
                  ecep:spe="a"
                  ecep:syllab="1"
                  ecep:pron="ə">a</w>
               <c> </c>
               <w xmlns:ecep="http://www.eighteenthcenturypoetry.org/ns"
                  xml:id="pba35-197200"
                  n="a-0200"
                  ecep:lem="request"
                  ecep:pos="n1"
                  ecep:reg="Request"
                  ecep:spe="Request"
                  ecep:syllab="2"
                  ecep:pron="rɪˈkwest">Request</w>
               <c> </c>
               <w xmlns:ecep="http://www.eighteenthcenturypoetry.org/ns"
                  xml:id="pba35-197210"
                  n="a-0210"
                  ecep:lem="to"
                  ecep:pos="p-acp"
                  ecep:reg="to"
                  ecep:spe="to"
                  ecep:syllab="1"
                  ecep:pron="tuː">to</w>
               <c> </c>
               <w xmlns:ecep="http://www.eighteenthcenturypoetry.org/ns"
                  xml:id="pba35-197220"
                  n="a-0220"
                  ecep:lem="she"
                  ecep:pos="pno31"
                  ecep:reg="her"
                  ecep:spe="her"
                  ecep:syllab="1"
                  ecep:pron="hɜː">her</w>
               <pc xmlns:ecep="http://www.eighteenthcenturypoetry.org/ns"
                   xml:id="pba35-197230"
                   n="a-0230"
                   unit="sentence"
                   ecep:lem="."
                   ecep:pos="."
                   ecep:reg="."
                   ecep:spe=".">.</pc>
            </head>
            <lg xml:id="pba35-s01300">
               <l n="1" xml:id="pba35-l10090">
                  <hi rendition="#sc">
                     <w xmlns:ecep="http://www.eighteenthcenturypoetry.org/ns"
                        xml:id="pba35-197260"
                        n="a-0240"
                        ecep:lem="content"
                        ecep:pos="j-vvn"
                        ecep:reg="Contented"
                        ecep:spe="Contented"
                        ecep:syllab="3"
                        ecep:pron="kənˈtentɪd">Contented</w>
                  </hi>
                  <c> </c>
                  <w xmlns:ecep="http://www.eighteenthcenturypoetry.org/ns"
                     xml:id="pba35-197270"
                     n="a-0250"
                     ecep:lem="in"
                     ecep:pos="p-acp"
                     ecep:reg="in"
                     ecep:spe="in"
                     ecep:syllab="1"
                     ecep:pron="ɪn">in</w>
                  <c> </c>
                  <w xmlns:ecep="http://www.eighteenthcenturypoetry.org/ns"
                     xml:id="pba35-197280"
                     n="a-0260"
                     ecep:lem="my"
                     ecep:pos="po11"
                     ecep:reg="my"
                     ecep:spe="my"
                     ecep:syllab="1"
                     ecep:pron="maɪ">my</w>
                  <c> </c>
                  <w xmlns:ecep="http://www.eighteenthcenturypoetry.org/ns"
                     xml:id="pba35-197290"
                     n="a-0270"
                     ecep:lem="humble"
                     ecep:pos="j"
                     ecep:reg="humble"
                     ecep:spe="humble"
                     ecep:syllab="2"
                     ecep:pron="ˈhʌmbl">humble</w>
                  <c> </c>
                  <w xmlns:ecep="http://www.eighteenthcenturypoetry.org/ns"
                     xml:id="pba35-197300"
                     n="a-0280"
                     ecep:lem="state"
                     ecep:pos="n1"
                     ecep:reg="State"
                     ecep:spe="State"
                     ecep:syllab="1"
                     ecep:pron="steɪt">State</w>
                  <pc xmlns:ecep="http://www.eighteenthcenturypoetry.org/ns"
                      xml:id="pba35-197310"
                      n="a-0290"
                      ecep:lem=","
                      ecep:pos=","
                      ecep:reg=","
                      ecep:spe=",">,</pc>
               </l>
               <l n="2" xml:id="pba35-l10095">
                  <c> </c>
                  <w xmlns:ecep="http://www.eighteenthcenturypoetry.org/ns"
                     xml:id="pba35-197320"
                     n="a-0300"
                     ecep:lem="i"
                     ecep:pos="pns11"
                     ecep:reg="I"
                     ecep:spe="I"
                     ecep:syllab="1"
                     ecep:pron="aɪ">I</w>
                  <c> </c>
                  <w xmlns:ecep="http://www.eighteenthcenturypoetry.org/ns"
                     xml:id="pba35-197330"
                     n="a-0310"
                     ecep:lem="look"
                     ecep:pos="vvb"
                     ecep:reg="look"
                     ecep:spe="look"
                     ecep:syllab="1"
                     ecep:pron="lʊk">look</w>
                  <c> </c>
                  <w xmlns:ecep="http://www.eighteenthcenturypoetry.org/ns"
                     xml:id="pba35-197340"
                     n="a-0320"
                     ecep:lem="with"
                     ecep:pos="p-acp"
                     ecep:reg="with"
                     ecep:spe="with"
                     ecep:syllab="1"
                     ecep:pron="wɪð">with</w>
                  <c> </c>
                  <w xmlns:ecep="http://www.eighteenthcenturypoetry.org/ns"
                     xml:id="pba35-197350"
                     n="a-0330"
                     ecep:lem="pity"
                     ecep:pos="n1"
                     ecep:reg="Pity"
                     ecep:spe="Pity"
                     ecep:syllab="2"
                     ecep:pron="ˈpɪti">Pity</w>
                  <c> </c>
                  <w xmlns:ecep="http://www.eighteenthcenturypoetry.org/ns"
                     xml:id="pba35-197360"
                     n="a-0340"
                     ecep:lem="on"
                     ecep:pos="p-acp"
                     ecep:reg="on"
                     ecep:spe="on"
                     ecep:syllab="1"
                     ecep:pron="ɒn">on</w>
                  <c> </c>
                  <w xmlns:ecep="http://www.eighteenthcenturypoetry.org/ns"
                     xml:id="pba35-197370"
                     n="a-0350"
                     ecep:lem="the"
                     ecep:pos="dt"
                     ecep:reg="the"
                     ecep:spe="the"
                     ecep:syllab="1"
                     ecep:pron="ðiː">the</w>
                  <c> </c>
                  <w xmlns:ecep="http://www.eighteenthcenturypoetry.org/ns"
                     xml:id="pba35-197380"
                     n="a-0360"
                     ecep:lem="great"
                     ecep:pos="j"
                     ecep:reg="Great"
                     ecep:spe="Great"
                     ecep:syllab="1"
                     ecep:pron="greɪt">Great</w>
                  <pc xmlns:ecep="http://www.eighteenthcenturypoetry.org/ns"
                      xml:id="pba35-197390"
                      n="a-0370"
                      ecep:lem=";"
                      ecep:pos=";"
                      ecep:reg=";"
                      ecep:spe=";">;</pc>
               </l>
               <l n="3" xml:id="pba35-l10100">
                  <c> </c>
                  <w xmlns:ecep="http://www.eighteenthcenturypoetry.org/ns"
                     xml:id="pba35-197400"
                     n="a-0380"
                     ecep:lem="who"
                     ecep:pos="q-crq"
                     ecep:reg="Who"
                     ecep:spe="Who"
                     ecep:syllab="1"
                     ecep:pron="huː">Who</w>
                  <c> </c>
                  <w xmlns:ecep="http://www.eighteenthcenturypoetry.org/ns"
                     xml:id="pba35-197410"
                     n="a-0390"
                     ecep:lem="only"
                     ecep:pos="j"
                     ecep:reg="only"
                     ecep:spe="only"
                     ecep:syllab="2"
                     ecep:pron="ˈəʊnli">only</w>
                  <c> </c>
                  <w xmlns:ecep="http://www.eighteenthcenturypoetry.org/ns"
                     xml:id="pba35-197420"
                     n="a-0400"
                     ecep:lem="birth"
                     ecep:pos="n1"
                     ecep:reg="Birth"
                     ecep:spe="Birth"
                     ecep:syllab="1"
                     ecep:pron="bɜːθ">Birth</w>
                  <pc xmlns:ecep="http://www.eighteenthcenturypoetry.org/ns"
                      xml:id="pba35-197430"
                      n="a-0410"
                      ecep:lem=","
                      ecep:pos=","
                      ecep:reg=","
                      ecep:spe=",">,</pc>
                  <c> </c>
                  <w xmlns:ecep="http://www.eighteenthcenturypoetry.org/ns"
                     xml:id="pba35-197440"
                     n="a-0420"
                     ecep:lem="or"
                     ecep:pos="cc"
                     ecep:reg="or"
                     ecep:spe="or"
                     ecep:syllab="1"
                     ecep:pron="ɔː">or</w>
                  <c> </c>
                  <w xmlns:ecep="http://www.eighteenthcenturypoetry.org/ns"
                     xml:id="pba35-197450"
                     n="a-0430"
                     ecep:lem="wealth"
                     ecep:pos="n1"
                     ecep:reg="Wealth"
                     ecep:spe="Wealth"
                     ecep:syllab="1"
                     ecep:pron="welθ">Wealth</w>
                  <pc xmlns:ecep="http://www.eighteenthcenturypoetry.org/ns"
                      xml:id="pba35-197460"
                      n="a-0440"
                      ecep:lem=","
                      ecep:pos=","
                      ecep:reg=","
                      ecep:spe=",">,</pc>
                  <c> </c>
                  <w xmlns:ecep="http://www.eighteenthcenturypoetry.org/ns"
                     xml:id="pba35-197470"
                     n="a-0450"
                     ecep:lem="respect"
                     ecep:pos="n1"
                     ecep:reg="respect"
                     ecep:spe="respect"
                     ecep:syllab="2"
                     ecep:pron="rɪˈspekt">respect</w>
                  <pc xmlns:ecep="http://www.eighteenthcenturypoetry.org/ns"
                      xml:id="pba35-197480"
                      n="a-0460"
                      ecep:lem=","
                      ecep:pos=","
                      ecep:reg=","
                      ecep:spe=",">,</pc>
               </l>
               <l n="4" xml:id="pba35-l10105">
                  <c> </c>
                  <w xmlns:ecep="http://www.eighteenthcenturypoetry.org/ns"
                     xml:id="pba35-197490"
                     n="a-0470"
                     ecep:lem="and"
                     ecep:pos="cc"
                     ecep:reg="And"
                     ecep:spe="And"
                     ecep:syllab="1"
                     ecep:pron="ænd">And</w>
                  <c> </c>
                  <w xmlns:ecep="http://www.eighteenthcenturypoetry.org/ns"
                     xml:id="pba35-197500"
                     n="a-0480"
                     ecep:lem="treat"
                     ecep:pos="vvi"
                     ecep:reg="treat"
                     ecep:spe="treat"
                     ecep:syllab="1"
                     ecep:pron="triːt">treat</w>
                  <c> </c>
                  <w xmlns:ecep="http://www.eighteenthcenturypoetry.org/ns"
                     xml:id="pba35-197510"
                     n="a-0490"
                     ecep:lem="true"
                     ecep:pos="j"
                     ecep:reg="true"
                     ecep:spe="true"
                     ecep:syllab="1"
                     ecep:pron="truː">true</w>
                  <c> </c>
                  <w xmlns:ecep="http://www.eighteenthcenturypoetry.org/ns"
                     xml:id="pba35-197520"
                     n="a-0500"
                     ecep:lem="merit"
                     ecep:pos="n1"
                     ecep:reg="Merit"
                     ecep:spe="Merit"
                     ecep:syllab="2"
                     ecep:pron="ˈmerɪt">Merit</w>
                  <c> </c>
                  <w xmlns:ecep="http://www.eighteenthcenturypoetry.org/ns"
                     xml:id="pba35-197530"
                     n="a-0510"
                     ecep:lem="with"
                     ecep:pos="p-acp"
                     ecep:reg="with"
                     ecep:spe="with"
                     ecep:syllab="1"
                     ecep:pron="wɪð">with</w>
                  <c> </c>
                  <w xmlns:ecep="http://www.eighteenthcenturypoetry.org/ns"
                     xml:id="pba35-197540"
                     n="a-0520"
                     ecep:lem="neglect"
                     ecep:pos="n1"
                     ecep:reg="neglect"
                     ecep:spe="neglect"
                     ecep:syllab="2"
                     ecep:pron="nɪˈglekt">neglect</w>
                  <pc xmlns:ecep="http://www.eighteenthcenturypoetry.org/ns"
                      xml:id="pba35-197550"
                      n="a-0530"
                      unit="sentence"
                      ecep:lem="."
                      ecep:pos="."
                      ecep:reg="."
                      ecep:spe=".">.</pc>
                  <c> </c>
               </l>
            </lg>
            <lg xml:id="pba35-s01305">
               <l n="5" xml:id="pba35-l10110">
                  <hi rendition="#sc">
                     <w xmlns:ecep="http://www.eighteenthcenturypoetry.org/ns"
                        xml:id="pba35-197580"
                        n="a-0540"
                        ecep:lem="o"
                        ecep:pos="uh"
                        ecep:reg="OH"
                        ecep:spe="O"
                        ecep:syllab="1"
                        ecep:pron="əʊ">O</w>
                     <c> </c>
                     <w xmlns:ecep="http://www.eighteenthcenturypoetry.org/ns"
                        xml:id="pba35-197590"
                        n="a-0550"
                        ecep:lem="power"
                        ecep:pos="n1"
                        ecep:reg="Power"
                        ecep:spe="Pow'r"
                        ecep:syllab="1"
                        ecep:pron="ˈpaʊə">Pow'r</w>
                  </hi>
                  <c> </c>
                  <w xmlns:ecep="http://www.eighteenthcenturypoetry.org/ns"
                     xml:id="pba35-197600"
                     n="a-0560"
                     ecep:lem="supreme"
                     ecep:pos="j"
                     ecep:reg="supreme"
                     ecep:spe="supreme"
                     ecep:syllab="2"
                     ecep:pron="suːˈpriːm">supreme</w>
                  <pc xmlns:ecep="http://www.eighteenthcenturypoetry.org/ns"
                      xml:id="pba35-197610"
                      n="a-0570"
                      ecep:lem="!"
                      ecep:pos="!"
                      ecep:reg="!"
                      ecep:spe="!">!</pc>
                  <c> </c>
                  <w xmlns:ecep="http://www.eighteenthcenturypoetry.org/ns"
                     xml:id="pba35-197620"
                     n="a-0580"
                     ecep:lem="let"
                     ecep:pos="vvb"
                     ecep:reg="let"
                     ecep:spe="let"
                     ecep:syllab="1"
                     ecep:pron="let">let</w>
                  <c> </c>
                  <w xmlns:ecep="http://www.eighteenthcenturypoetry.org/ns"
                     xml:id="pba35-197630"
                     n="a-0590"
                     ecep:lem="i"
                     ecep:pos="pno11"
                     ecep:reg="me"
                     ecep:spe="me"
                     ecep:syllab="1"
                     ecep:pron="miː">me</w>
                  <c> </c>
                  <w xmlns:ecep="http://www.eighteenthcenturypoetry.org/ns"
                     xml:id="pba35-197640"
                     n="a-0600"
                     ecep:lem="implore"
                     ecep:pos="vvi"
                     ecep:reg="implore"
                     ecep:spe="implore"
                     ecep:syllab="2"
                     ecep:pron="ɪmˈplɔː">implore</w>
               </l>
               <l n="6" xml:id="pba35-l10115">
                  <c> </c>
                  <w xmlns:ecep="http://www.eighteenthcenturypoetry.org/ns"
                     xml:id="pba35-197650"
                     n="a-0610"
                     ecep:lem="some"
                     ecep:pos="d"
                     ecep:reg="Some"
                     ecep:spe="Some"
                     ecep:syllab="1"
                     ecep:pron="sʌm">Some</w>
                  <c> </c>
                  <w xmlns:ecep="http://www.eighteenthcenturypoetry.org/ns"
                     xml:id="pba35-197660"
                     n="a-0620"
                     ecep:lem="little"
                     ecep:pos="j"
                     ecep:reg="Little"
                     ecep:spe="Little"
                     ecep:syllab="2"
                     ecep:pron="ˈlɪtl">Little</w>
                  <c> </c>
                  <w xmlns:ecep="http://www.eighteenthcenturypoetry.org/ns"
                     xml:id="pba35-197670"
                     n="a-0630"
                     ecep:lem="from"
                     ecep:pos="p-acp"
                     ecep:reg="from"
                     ecep:spe="from"
                     ecep:syllab="1"
                     ecep:pron="frɒm">from</w>
                  <c> </c>
                  <w xmlns:ecep="http://www.eighteenthcenturypoetry.org/ns"
                     xml:id="pba35-197680"
                     n="a-0640"
                     ecep:lem="thy"
                     ecep:pos="po21"
                     ecep:reg="thy"
                     ecep:spe="thy"
                     ecep:syllab="1"
                     ecep:pron="ðaɪ">thy</w>
                  <c> </c>
                  <w xmlns:ecep="http://www.eighteenthcenturypoetry.org/ns"
                     xml:id="pba35-197690"
                     n="a-0650"
                     ecep:lem="boundless"
                     ecep:pos="j"
                     ecep:reg="boundless"
                     ecep:spe="boundless"
                     ecep:syllab="2"
                     ecep:pron="ˈbaʊndləs">boundless</w>
                  <c> </c>
                  <w xmlns:ecep="http://www.eighteenthcenturypoetry.org/ns"
                     xml:id="pba35-197700"
                     n="a-0660"
                     ecep:lem="store"
                     ecep:pos="n1"
                     ecep:reg="Store"
                     ecep:spe="Store"
                     ecep:syllab="1"
                     ecep:pron="stɔː">Store</w>
                  <pc xmlns:ecep="http://www.eighteenthcenturypoetry.org/ns"
                      xml:id="pba35-197710"
                      n="a-0670"
                      unit="sentence"
                      ecep:lem="!"
                      ecep:pos="!"
                      ecep:reg="!"
                      ecep:spe="!">!</pc>
                  <c> </c>
               </l>
               <l n="7" xml:id="pba35-l10120">
                  <w xmlns:ecep="http://www.eighteenthcenturypoetry.org/ns"
                     xml:id="pba35-197720"
                     n="a-0680"
                     ecep:lem="give"
                     ecep:pos="vvb"
                     ecep:reg="Give"
                     ecep:spe="Give"
                     ecep:syllab="1"
                     ecep:pron="gɪv">Give</w>
                  <c> </c>
                  <w xmlns:ecep="http://www.eighteenthcenturypoetry.org/ns"
                     xml:id="pba35-197730"
                     n="a-0690"
                     ecep:lem="i"
                     ecep:pos="pno11"
                     ecep:reg="me"
                     ecep:spe="me"
                     ecep:syllab="1"
                     ecep:pron="miː">me</w>
                  <c> </c>
                  <w xmlns:ecep="http://www.eighteenthcenturypoetry.org/ns"
                     xml:id="pba35-197740"
                     n="a-0700"
                     ecep:lem="a"
                     ecep:pos="dt"
                     ecep:reg="a"
                     ecep:spe="a"
                     ecep:syllab="1"
                     ecep:pron="ə">a</w>
                  <c> </c>
                  <w xmlns:ecep="http://www.eighteenthcenturypoetry.org/ns"
                     xml:id="pba35-197750"
                     n="a-0710"
                     ecep:lem="constant"
                     ecep:pos="j"
                     ecep:reg="constant"
                     ecep:spe="constant"
                     ecep:syllab="2"
                     ecep:pron="ˈkɒnstənt">constant</w>
                  <pc xmlns:ecep="http://www.eighteenthcenturypoetry.org/ns"
                      xml:id="pba35-197760"
                      n="a-0720"
                      ecep:lem=","
                      ecep:pos=","
                      ecep:reg=","
                      ecep:spe=",">,</pc>
                  <c> </c>
                  <w xmlns:ecep="http://www.eighteenthcenturypoetry.org/ns"
                     xml:id="pba35-197770"
                     n="a-0730"
                     ecep:lem="small"
                     ecep:pos="j"
                     ecep:reg="small"
                     ecep:spe="small"
                     ecep:syllab="1"
                     ecep:pron="smɔːl">small</w>
                  <c> </c>
                  <w xmlns:ecep="http://www.eighteenthcenturypoetry.org/ns"
                     xml:id="pba35-197780"
                     n="a-0740"
                     ecep:lem="support"
                     ecep:pos="n1"
                     ecep:reg="Support"
                     ecep:spe="Support"
                     ecep:syllab="2"
                     ecep:pron="səˈpɔːt">Support</w>
                  <pc xmlns:ecep="http://www.eighteenthcenturypoetry.org/ns"
                      xml:id="pba35-197790"
                      n="a-0750"
                      ecep:lem=","
                      ecep:pos=","
                      ecep:reg=","
                      ecep:spe=",">,</pc>
               </l>
               <l n="8" xml:id="pba35-l10125">
                  <c> </c>
                  <w xmlns:ecep="http://www.eighteenthcenturypoetry.org/ns"
                     xml:id="pba35-197800"
                     n="a-0760"
                     ecep:lem="without"
                     ecep:pos="p-acp"
                     ecep:reg="Without"
                     ecep:spe="Without"
                     ecep:syllab="2"
                     ecep:pron="wɪˈðaʊt">Without</w>
                  <c> </c>
                  <w xmlns:ecep="http://www.eighteenthcenturypoetry.org/ns"
                     xml:id="pba35-197810"
                     n="a-0770"
                     ecep:lem="the"
                     ecep:pos="dt"
                     ecep:reg="the"
                     ecep:spe="the"
                     ecep:syllab="1"
                     ecep:pron="ðiː">the</w>
                  <c> </c>
                  <w xmlns:ecep="http://www.eighteenthcenturypoetry.org/ns"
                     xml:id="pba35-197820"
                     n="a-0780"
                     ecep:lem="plague"
                     ecep:pos="n1"
                     ecep:reg="Plague"
                     ecep:spe="Plague"
                     ecep:syllab="1"
                     ecep:pron="pleɪg">Plague</w>
                  <c> </c>
                  <w xmlns:ecep="http://www.eighteenthcenturypoetry.org/ns"
                     xml:id="pba35-197830"
                     n="a-0790"
                     ecep:lem="of"
                     ecep:pos="pp-f"
                     ecep:reg="of"
                     ecep:spe="of"
                     ecep:syllab="1"
                     ecep:pron="ɒv">of</w>
                  <c> </c>
                  <w xmlns:ecep="http://www.eighteenthcenturypoetry.org/ns"
                     xml:id="pba35-197840"
                     n="a-0800"
                     ecep:lem="pay"
                     ecep:pos="vvg"
                     ecep:reg="paying"
                     ecep:spe="paying"
                     ecep:syllab="2"
                     ecep:pron="peɪɪŋ">paying</w>
                  <c> </c>
                  <w xmlns:ecep="http://www.eighteenthcenturypoetry.org/ns"
                     xml:id="pba35-197850"
                     n="a-0810"
                     ecep:lem="court"
                     ecep:pos="n1"
                     ecep:reg="Court"
                     ecep:spe="Court"
                     ecep:syllab="1"
                     ecep:pron="kɔːt">Court</w>
                  <pc xmlns:ecep="http://www.eighteenthcenturypoetry.org/ns"
                      xml:id="pba35-197860"
                      n="a-0820"
                      unit="sentence"
                      ecep:lem="!"
                      ecep:pos="!"
                      ecep:reg="!"
                      ecep:spe="!">!</pc>
                  <c> </c>
               </l>
               <l n="9" xml:id="pba35-l10130">
                  <w xmlns:ecep="http://www.eighteenthcenturypoetry.org/ns"
                     xml:id="pba35-197870"
                     n="a-0830"
                     ecep:lem="let"
                     ecep:pos="vvb"
                     ecep:reg="Let"
                     ecep:spe="Let"
                     ecep:syllab="1"
                     ecep:pron="let">Let</w>
                  <c> </c>
                  <w xmlns:ecep="http://www.eighteenthcenturypoetry.org/ns"
                     xml:id="pba35-197880"
                     n="a-0840"
                     ecep:lem="none"
                     ecep:pos="pix"
                     ecep:reg="none"
                     ecep:spe="none"
                     ecep:syllab="1"
                     ecep:pron="nəʊn">none</w>
                  <c> </c>
                  <w xmlns:ecep="http://www.eighteenthcenturypoetry.org/ns"
                     xml:id="pba35-197890"
                     n="a-0850"
                     ecep:lem="but"
                     ecep:pos="cc-acp"
                     ecep:reg="but"
                     ecep:spe="but"
                     ecep:syllab="1"
                     ecep:pron="bʌt">but</w>
                  <c> </c>
                  <w xmlns:ecep="http://www.eighteenthcenturypoetry.org/ns"
                     xml:id="pba35-197900"
                     n="a-0860"
                     ecep:lem="fool"
                     ecep:pos="n2"
                     ecep:reg="Fools"
                     ecep:spe="Fools"
                     ecep:syllab="1"
                     ecep:pron="fuːlz">Fools</w>
                  <pc xmlns:ecep="http://www.eighteenthcenturypoetry.org/ns"
                      xml:id="pba35-197910"
                      n="a-0870"
                      ecep:lem=","
                      ecep:pos=","
                      ecep:reg=","
                      ecep:spe=",">,</pc>
                  <c> </c>
                  <w xmlns:ecep="http://www.eighteenthcenturypoetry.org/ns"
                     xml:id="pba35-197920"
                     n="a-0880"
                     ecep:lem="who"
                     ecep:pos="r-crq"
                     ecep:reg="who"
                     ecep:spe="who"
                     ecep:syllab="1"
                     ecep:pron="huː">who</w>
                  <c> </c>
                  <w xmlns:ecep="http://www.eighteenthcenturypoetry.org/ns"
                     xml:id="pba35-197930"
                     n="a-0890"
                     ecep:lem="pine"
                     ecep:pos="vvb"
                     ecep:reg="pine"
                     ecep:spe="pine"
                     ecep:syllab="1"
                     ecep:pron="paɪn">pine</w>
                  <c> </c>
                  <w xmlns:ecep="http://www.eighteenthcenturypoetry.org/ns"
                     xml:id="pba35-197940"
                     n="a-0900"
                     ecep:lem="to"
                     ecep:pos="pc-acp"
                     ecep:reg="to"
                     ecep:spe="to"
                     ecep:syllab="1"
                     ecep:pron="tuː">to</w>
                  <c> </c>
                  <w xmlns:ecep="http://www.eighteenthcenturypoetry.org/ns"
                     xml:id="pba35-197950"
                     n="a-0910"
                     ecep:lem="rise"
                     ecep:pos="vvi"
                     ecep:reg="rise"
                     ecep:spe="rise"
                     ecep:syllab="1"
                     ecep:pron="raɪz">rise</w>
                  <pc xmlns:ecep="http://www.eighteenthcenturypoetry.org/ns"
                      xml:id="pba35-197960"
                      n="a-0920"
                      ecep:lem=","
                      ecep:pos=","
                      ecep:reg=","
                      ecep:spe=",">,</pc>
               </l>
               <l n="10" xml:id="pba35-l10135">
                  <c> </c>
                  <w xmlns:ecep="http://www.eighteenthcenturypoetry.org/ns"
                     xml:id="pba35-197970"
                     n="a-0930"
                     ecep:lem="be"
                     ecep:pos="vbb"
                     ecep:reg="Be"
                     ecep:spe="Be"
                     ecep:syllab="1"
                     ecep:pron="biː">Be</w>
                  <c> </c>
                  <w xmlns:ecep="http://www.eighteenthcenturypoetry.org/ns"
                     xml:id="pba35-197980"
                     n="a-0940"
                     ecep:lem="curse"
                     ecep:pos="vvn"
                     ecep:reg="cursed"
                     ecep:spe="curs'd"
                     ecep:syllab="1"
                     ecep:pron="ˈkɜːsɪd">curs'd</w>
                  <c> </c>
                  <w xmlns:ecep="http://www.eighteenthcenturypoetry.org/ns"
                     xml:id="pba35-197990"
                     n="a-0950"
                     ecep:lem="to"
                     ecep:pos="p-acp"
                     ecep:reg="to"
                     ecep:spe="to"
                     ecep:syllab="1"
                     ecep:pron="tuː">to</w>
                  <c> </c>
                  <hi>
                     <w xmlns:ecep="http://www.eighteenthcenturypoetry.org/ns"
                        xml:id="pba35-198000"
                        n="a-0960"
                        ecep:lem="bow"
                        ecep:pos="n1"
                        ecep:reg="bow"
                        ecep:spe="bow"
                        ecep:syllab="1"
                        ecep:pron="bəʊ">bow</w>
                  </hi>
                  <pc xmlns:ecep="http://www.eighteenthcenturypoetry.org/ns"
                      xml:id="pba35-198010"
                      n="a-0970"
                      ecep:lem=","
                      ecep:pos=","
                      ecep:reg=","
                      ecep:spe=",">,</pc>
                  <c> </c>
                  <w xmlns:ecep="http://www.eighteenthcenturypoetry.org/ns"
                     xml:id="pba35-198020"
                     n="a-0980"
                     ecep:lem="where"
                     ecep:pos="c-crq"
                     ecep:reg="where"
                     ecep:spe="where"
                     ecep:syllab="1"
                     ecep:pron="weə">where</w>
                  <c> </c>
                  <w xmlns:ecep="http://www.eighteenthcenturypoetry.org/ns"
                     xml:id="pba35-198030"
                     n="a-0990"
                     ecep:lem="they"
                     ecep:pos="pns32"
                     ecep:reg="they"
                     ecep:spe="they"
                     ecep:syllab="1"
                     ecep:pron="ðeɪ">they</w>
                  <c> </c>
                  <hi>
                     <w xmlns:ecep="http://www.eighteenthcenturypoetry.org/ns"
                        xml:id="pba35-198040"
                        n="a-1000"
                        ecep:lem="despise"
                        ecep:pos="vvb"
                        ecep:reg="despise"
                        ecep:spe="despise"
                        ecep:syllab="2"
                        ecep:pron="dɪˈspaɪz">despise</w>
                     <pc xmlns:ecep="http://www.eighteenthcenturypoetry.org/ns"
                         xml:id="pba35-198050"
                         n="a-1010"
                         unit="sentence"
                         ecep:lem="."
                         ecep:pos="."
                         ecep:reg="."
                         ecep:spe=".">.</pc>
                     <c> </c>
                  </hi>
               </l>
            </lg>
         </div>
      </body>
   </text>
</TEI>
