<?xml version="1.0" encoding="utf-8"?>
<!DOCTYPE div
  SYSTEM "about:legacy-compat">
<div xmlns:ecep="http://www.eighteenthcenturypoetry.org/ns"
     xmlns="http://www.tei-c.org/ns/1.0"
     xmlns:tei="http://www.tei-c.org/ns/1.0"
     ana="#iamb #tetrameter #sestet #sestarima #song"
     corresp="#txt_HuntAn1741_w0055"
     decls="#semi-normalized"
     ecep:syllab="7.8.7.8.8.7"
     met="+|-+|-+|-+/ -+|-+|-+|-+/ +|-+|-+|-+/ -+|-+|-+|-+/ -+|-+|-+|-+/ +|-+|-+|-+/"
     rendition="#lgvspace"
     rhyme="ababcc"
     subtype="eceptext"
     type="poem"
     xml:id="bah18-w0550">
   <link target="authors.xml#aut_HuntAn1741" type="author"/>
   <head type="main">
      <w xml:id="bah18-147560"
         n="a-0580"
         ecep:lem="fairy"
         ecep:pos="n1"
         ecep:reg="FAIRY"
         ecep:spe="FAIRY"
         ecep:syllab="2"
         ecep:pron="ˈfeərɪ">FAIRY</w>
      <c> </c>
      <w xml:id="bah18-147570"
         n="a-0590"
         ecep:lem="revels"
         ecep:pos="np1"
         ecep:reg="REVELS"
         ecep:spe="REVELS"
         ecep:syllab="2"
         ecep:pron="ˈrevlz">REVELS</w>
      <pc xml:id="bah18-147580"
          n="a-0600"
          ecep:lem=","
          ecep:pos=","
          ecep:reg=","
          ecep:spe=",">,</pc>
   </head>
   <head type="sub">
      <w xml:id="bah18-147610"
         n="a-0610"
         ecep:lem="a"
         ecep:pos="dt"
         ecep:reg="A"
         ecep:spe="A"
         ecep:syllab="1"
         ecep:pron="ə">A</w>
      <c> </c>
      <w xml:id="bah18-147620"
         n="a-0620"
         ecep:lem="song"
         ecep:pos="n1"
         ecep:reg="SONG"
         ecep:spe="SONG"
         ecep:syllab="1"
         ecep:pron="sɒŋ">SONG</w>
      <pc xml:id="bah18-147630"
          n="a-0630"
          unit="sentence"
          ecep:lem="."
          ecep:pos="."
          ecep:reg="."
          ecep:spe=".">.</pc>
   </head>
   <lg xml:id="bah18-s01270">
      <l xml:id="bah18-l07085">
         <w xml:id="bah18-147660"
            n="a-0640"
            ecep:lem="hark"
            ecep:pos="vvb"
            ecep:reg="HARK"
            ecep:spe="HARK"
            ecep:syllab="1"
            ecep:pron="hɑːk">HARK</w>
         <pc xml:id="bah18-147670"
             n="a-0650"
             ecep:lem=","
             ecep:pos=","
             ecep:reg=","
             ecep:spe=",">,</pc>
         <c> </c>
         <w xml:id="bah18-147680"
            n="a-0660"
            ecep:lem="the"
            ecep:pos="dt"
            ecep:reg="the"
            ecep:spe="the"
            ecep:syllab="1"
            ecep:pron="ðə">the</w>
         <c> </c>
         <w xml:id="bah18-147690"
            n="a-0670"
            ecep:lem="raven"
            ecep:pos="n1"
            ecep:reg="raven"
            ecep:spe="raven"
            ecep:syllab="2"
            ecep:pron="ˈreɪvən">raven</w>
         <c> </c>
         <w xml:id="bah18-147700"
            n="a-0680"
            ecep:lem="flap"
            ecep:pos="n2"
            ecep:reg="flaps"
            ecep:spe="flaps"
            ecep:syllab="1"
            ecep:pron="flæps">flaps</w>
         <c> </c>
         <w xml:id="bah18-147710"
            n="a-0690"
            ecep:lem="his"
            ecep:pos="po31"
            ecep:reg="his"
            ecep:spe="his"
            ecep:syllab="1"
            ecep:pron="hɪz">his</w>
         <c> </c>
         <w xml:id="bah18-147720"
            n="a-0700"
            ecep:lem="wing"
            ecep:pos="n2"
            ecep:reg="wings"
            ecep:spe="wings"
            ecep:syllab="1"
            ecep:pron="ˈwɪŋz">wings</w>
         <pc xml:id="bah18-147730"
             n="a-0710"
             ecep:lem=","
             ecep:pos=","
             ecep:reg=","
             ecep:spe=",">,</pc>
      </l>
      <l rendition="#h_3" xml:id="bah18-l07090">
         <c> </c>
         <w xml:id="bah18-147740"
            n="a-0720"
            ecep:lem="the"
            ecep:pos="dt"
            ecep:reg="The"
            ecep:spe="The"
            ecep:syllab="1"
            ecep:pron="ðə">The</w>
         <c> </c>
         <w xml:id="bah18-147750"
            n="a-0730"
            ecep:lem="owlet"
            ecep:pos="n1"
            ecep:reg="owlet"
            ecep:spe="owlet"
            ecep:syllab="2"
            ecep:pron="ˈaʊlɪt">owlet</w>
         <c> </c>
         <w xml:id="bah18-147760"
            n="a-0740"
            ecep:lem="leave"
            ecep:pos="vvz"
            ecep:reg="leaves"
            ecep:spe="leaves"
            ecep:syllab="1"
            ecep:pron="liːvz">leaves</w>
         <c> </c>
         <w xml:id="bah18-147770"
            n="a-0750"
            ecep:lem="her"
            ecep:pos="po31"
            ecep:reg="her"
            ecep:spe="her"
            ecep:syllab="1"
            ecep:pron="hɜː">her</w>
         <c> </c>
         <w xml:id="bah18-147780"
            n="a-0760"
            ecep:lem="oaken"
            ecep:pos="j"
            ecep:reg="oaken"
            ecep:spe="oaken"
            ecep:syllab="2"
            ecep:pron="ˈəʊkən">oaken</w>
         <c> </c>
         <w xml:id="bah18-147790"
            n="a-0770"
            ecep:lem="bower"
            ecep:pos="n1"
            ecep:reg="bower"
            ecep:spe="bower"
            ecep:syllab="2"
            ecep:pron="ˈbaʊə">bower</w>
         <pc xml:id="bah18-147800"
             n="a-0780"
             ecep:lem=","
             ecep:pos=","
             ecep:reg=","
             ecep:spe=",">,</pc>
      </l>
      <l xml:id="bah18-l07095">
         <c> </c>
         <w xml:id="bah18-147810"
            n="a-0790"
            ecep:lem="now"
            ecep:pos="av"
            ecep:reg="Now"
            ecep:spe="Now"
            ecep:syllab="1"
            ecep:pron="naʊ">Now</w>
         <c> </c>
         <w xml:id="bah18-147820"
            n="a-0800"
            ecep:lem="we"
            ecep:pos="pns12"
            ecep:reg="we"
            ecep:spe="we"
            ecep:syllab="1"
            ecep:pron="wiː">we</w>
         <c> </c>
         <w xml:id="bah18-147830"
            n="a-0810"
            ecep:lem="dance"
            ecep:pos="vvb"
            ecep:reg="dance"
            ecep:spe="dance"
            ecep:syllab="1"
            ecep:pron="dɑːns">dance</w>
         <c> </c>
         <w xml:id="bah18-147840"
            n="a-0820"
            ecep:lem="in"
            ecep:pos="p-acp"
            ecep:reg="in"
            ecep:spe="in"
            ecep:syllab="1"
            ecep:pron="ɪn">in</w>
         <c> </c>
         <w xml:id="bah18-147850"
            n="a-0830"
            ecep:lem="airy"
            ecep:pos="j"
            ecep:reg="airy"
            ecep:spe="airy"
            ecep:syllab="2"
            ecep:pron="ˈeərɪ">airy</w>
         <c> </c>
         <w xml:id="bah18-147860"
            n="a-0840"
            ecep:lem="ring"
            ecep:pos="n1"
            ecep:reg="ring"
            ecep:spe="ring"
            ecep:syllab="1"
            ecep:pron="rɪŋ">ring</w>
         <pc xml:id="bah18-147870"
             n="a-0850"
             ecep:lem=","
             ecep:pos=","
             ecep:reg=","
             ecep:spe=",">,</pc>
      </l>
      <l rendition="#h_3" xml:id="bah18-l07100">
         <c> </c>
         <w xml:id="bah18-147880"
            n="a-0860"
            ecep:lem="on"
            ecep:pos="p-acp"
            ecep:reg="On"
            ecep:spe="On"
            ecep:syllab="1"
            ecep:pron="ɒn">On</w>
         <c> </c>
         <w xml:id="bah18-147890"
            n="a-0870"
            ecep:lem="mossy"
            ecep:pos="j"
            ecep:reg="mossy"
            ecep:spe="mossy"
            ecep:syllab="2"
            ecep:pron="ˈmɒsɪ">mossy</w>
         <c> </c>
         <w xml:id="bah18-147900"
            n="a-0880"
            ecep:lem="bank"
            ecep:pos="n2"
            ecep:reg="banks"
            ecep:spe="banks"
            ecep:syllab="1"
            ecep:pron="bæŋks">banks</w>
         <c> </c>
         <w xml:id="bah18-147910"
            n="a-0890"
            ecep:lem="at"
            ecep:pos="p-acp"
            ecep:reg="at"
            ecep:spe="at"
            ecep:syllab="1"
            ecep:pron="æt">at</w>
         <c> </c>
         <w xml:id="bah18-147920"
            n="a-0900"
            ecep:lem="evening"
            ecep:pos="n1"
            ecep:reg="evening"
            ecep:spe="ev'ning"
            ecep:syllab="2"
            ecep:pron="ˈiːvnɪŋ">ev'ning</w>
         <c> </c>
         <w xml:id="bah18-147930"
            n="a-0910"
            ecep:lem="hour"
            ecep:pos="n1"
            ecep:reg="hour"
            ecep:spe="hour"
            ecep:syllab="2"
            ecep:pron="aʊə">hour</w>
         <pc xml:id="bah18-147940"
             n="a-0920"
             ecep:lem=":"
             ecep:pos=":"
             ecep:reg=":"
             ecep:spe=":">:</pc>
      </l>
      <l xml:id="bah18-l07105">
         <c> </c>
         <w xml:id="bah18-147950"
            n="a-0930"
            ecep:lem="and"
            ecep:pos="cc"
            ecep:reg="And"
            ecep:spe="And"
            ecep:syllab="1"
            ecep:pron="ænd">And</w>
         <c> </c>
         <w xml:id="bah18-147960"
            n="a-0940"
            ecep:lem="light"
            ecep:pos="av-j"
            ecep:reg="lightly"
            ecep:spe="lightly"
            ecep:syllab="2"
            ecep:pron="ˈlaɪtlɪ">lightly</w>
         <c> </c>
         <w xml:id="bah18-147970"
            n="a-0950"
            ecep:lem="beat"
            ecep:pos="vvi"
            ecep:reg="beat"
            ecep:spe="beat"
            ecep:syllab="1"
            ecep:pron="biːt">beat</w>
         <c> </c>
         <w xml:id="bah18-147980"
            n="a-0960"
            ecep:lem="the"
            ecep:pos="dt"
            ecep:reg="the"
            ecep:spe="the"
            ecep:syllab="1"
            ecep:pron="ðə">the</w>
         <c> </c>
         <w xml:id="bah18-147990"
            n="a-0970"
            ecep:lem="dewy"
            ecep:pos="j"
            ecep:reg="dewy"
            ecep:spe="dewy"
            ecep:syllab="2"
            ecep:pron="ˈdjuːɪ">dewy</w>
         <c> </c>
         <w xml:id="bah18-148000"
            n="a-0980"
            ecep:lem="ground"
            ecep:pos="n1"
            ecep:reg="ground"
            ecep:spe="ground"
            ecep:syllab="1"
            ecep:pron="graʊnd">ground</w>
      </l>
      <l xml:id="bah18-l07110">
         <c> </c>
         <w xml:id="bah18-148010"
            n="a-0990"
            ecep:lem="with"
            ecep:pos="p-acp"
            ecep:reg="With"
            ecep:spe="With"
            ecep:syllab="1"
            ecep:pron="wɪð">With</w>
         <c> </c>
         <w xml:id="bah18-148020"
            n="a-1000"
            ecep:lem="our"
            ecep:pos="po12"
            ecep:reg="our"
            ecep:spe="our"
            ecep:syllab="2"
            ecep:pron="aʊə">our</w>
         <c> </c>
         <w xml:id="bah18-148030"
            n="a-1010"
            ecep:lem="tiny"
            ecep:pos="j"
            ecep:reg="tiny"
            ecep:spe="tiny"
            ecep:syllab="2"
            ecep:pron="ˈtaɪnɪ">tiny</w>
         <c> </c>
         <w xml:id="bah18-148040"
            n="a-1020"
            ecep:lem="foot"
            ecep:pos="n2"
            ecep:reg="feet"
            ecep:spe="feet"
            ecep:syllab="1"
            ecep:pron="fiːt">feet</w>
         <c> </c>
         <w xml:id="bah18-148050"
            n="a-1030"
            ecep:lem="around"
            ecep:pos="a-acp"
            ecep:reg="around"
            ecep:spe="around"
            ecep:syllab="2"
            ecep:pron="əˈraʊnd">around</w>
         <pc xml:id="bah18-148060"
             n="a-1040"
             unit="sentence"
             ecep:lem="."
             ecep:pos="."
             ecep:reg="."
             ecep:spe=".">.</pc>
         <c> </c>
      </l>
   </lg>
   <pb n="112" rend="none"/>
   <lg xml:id="bah18-s01275">
      <l xml:id="bah18-l07115">
         <w xml:id="bah18-148090"
            n="a-0010"
            ecep:lem="vapour"
            ecep:pos="n2"
            ecep:reg="Vapours"
            ecep:spe="Vapours"
            ecep:syllab="2"
            ecep:pron="ˈveɪpəz">Vapours</w>
         <c> </c>
         <w xml:id="bah18-148100"
            n="a-0020"
            ecep:lem="dark"
            ecep:pos="j"
            ecep:reg="dark"
            ecep:spe="dark"
            ecep:syllab="1"
            ecep:pron="dɑːk">dark</w>
         <pc xml:id="bah18-148110"
             n="a-0030"
             ecep:lem=","
             ecep:pos=","
             ecep:reg=","
             ecep:spe=",">,</pc>
         <c> </c>
         <w xml:id="bah18-148120"
            n="a-0040"
            ecep:lem="or"
            ecep:pos="cc"
            ecep:reg="or"
            ecep:spe="or"
            ecep:syllab="1"
            ecep:pron="ɔː">or</w>
         <c> </c>
         <w xml:id="bah18-148130"
            n="a-0050"
            ecep:lem="sprite"
            ecep:pos="n2"
            ecep:reg="sprites"
            ecep:spe="sprites"
            ecep:syllab="2"
            ecep:pron="spraɪts">sprites</w>
         <c> </c>
         <w xml:id="bah18-148140"
            n="a-0060"
            ecep:lem="impure"
            ecep:pos="j"
            ecep:reg="impure"
            ecep:spe="impure"
            ecep:syllab="2"
            ecep:pron="ɪmˈpjʊə">impure</w>
         <pc xml:id="bah18-148150"
             n="a-0070"
             ecep:lem=","
             ecep:pos=","
             ecep:reg=","
             ecep:spe=",">,</pc>
      </l>
      <l rendition="#h_3" xml:id="bah18-l07120">
         <c> </c>
         <w xml:id="bah18-148160"
            n="a-0080"
            ecep:lem="our"
            ecep:pos="po12"
            ecep:reg="Our"
            ecep:spe="Our"
            ecep:syllab="2"
            ecep:pron="aʊə">Our</w>
         <c> </c>
         <w xml:id="bah18-148170"
            n="a-0090"
            ecep:lem="fairy"
            ecep:pos="n1"
            ecep:reg="fairy"
            ecep:spe="fairy"
            ecep:syllab="2"
            ecep:pron="ˈfeərɪ">fairy</w>
         <c> </c>
         <w xml:id="bah18-148180"
            n="a-0100"
            ecep:lem="revel"
            ecep:pos="vvz"
            ecep:reg="revels"
            ecep:spe="revels"
            ecep:syllab="2"
            ecep:pron="ˈrevlz">revels</w>
         <c> </c>
         <w xml:id="bah18-148190"
            n="a-0110"
            ecep:lem="never"
            ecep:pos="av-x"
            ecep:reg="never"
            ecep:spe="ne'er"
            ecep:syllab="1"
            ecep:pron="neə">ne'er</w>
         <c> </c>
         <w xml:id="bah18-148200"
            n="a-0120"
            ecep:lem="invade"
            ecep:pos="vvb"
            ecep:reg="invade"
            ecep:spe="invade"
            ecep:syllab="2"
            ecep:pron="ɪnˈveɪd">invade</w>
         <pc xml:id="bah18-148210"
             n="a-0130"
             ecep:lem=","
             ecep:pos=","
             ecep:reg=","
             ecep:spe=",">,</pc>
      </l>
      <l xml:id="bah18-l07125">
         <c> </c>
         <w xml:id="bah18-148220"
            n="a-0140"
            ecep:lem="in"
            ecep:pos="p-acp"
            ecep:reg="In"
            ecep:spe="In"
            ecep:syllab="1"
            ecep:pron="ɪn">In</w>
         <c> </c>
         <w xml:id="bah18-148230"
            n="a-0150"
            ecep:lem="the"
            ecep:pos="dt"
            ecep:reg="the"
            ecep:spe="the"
            ecep:syllab="1"
            ecep:pron="ðə">the</w>
         <c> </c>
         <w xml:id="bah18-148240"
            n="a-0160"
            ecep:lem="hawthorn"
            ecep:pos="n1"
            ecep:reg="hawthorn"
            ecep:spe="hawthorn"
            ecep:syllab="2"
            ecep:pron="ˈhɔːˌθɔːn">hawthorn</w>
         <c> </c>
         <w xml:id="bah18-148250"
            n="a-0170"
            ecep:lem="break"
            ecep:pos="vvb"
            ecep:reg="brake"
            ecep:spe="brake"
            ecep:syllab="1"
            ecep:pron="breɪk">brake</w>
         <c> </c>
         <w xml:id="bah18-148260"
            n="a-0180"
            ecep:lem="secure"
            ecep:pos="vvi"
            ecep:reg="secure"
            ecep:spe="secure"
            ecep:syllab="2"
            ecep:pron="sɪˈkjʊə">secure</w>
      </l>
      <l rendition="#h_3" xml:id="bah18-l07130">
         <c> </c>
         <w xml:id="bah18-148270"
            n="a-0190"
            ecep:lem="the"
            ecep:pos="dt"
            ecep:reg="The"
            ecep:spe="The"
            ecep:syllab="1"
            ecep:pron="ðə">The</w>
         <c> </c>
         <w xml:id="bah18-148280"
            n="a-0200"
            ecep:lem="glowworm"
            ecep:pos="n1"
            ecep:reg="glowworm"
            ecep:spe="glow-worm"
            ecep:syllab="2"
            ecep:pron="ˈgləʊwɜːm">glow-worm</w>
         <c> </c>
         <w xml:id="bah18-148290"
            n="a-0210"
            ecep:lem="light"
            ecep:pos="vvz"
            ecep:reg="lights"
            ecep:spe="lights"
            ecep:syllab="1"
            ecep:pron="laɪts">lights</w>
         <c> </c>
         <w xml:id="bah18-148300"
            n="a-0220"
            ecep:lem="we"
            ecep:pos="pno12"
            ecep:reg="us"
            ecep:spe="us"
            ecep:syllab="2"
            ecep:pron="ʌs">us</w>
         <c> </c>
         <w xml:id="bah18-148310"
            n="a-0230"
            ecep:lem="through"
            ecep:pos="p-acp"
            ecep:reg="through"
            ecep:spe="thro'"
            ecep:syllab="1"
            ecep:pron="θruː">thro'</w>
         <c> </c>
         <w xml:id="bah18-148320"
            n="a-0240"
            ecep:lem="the"
            ecep:pos="dt"
            ecep:reg="the"
            ecep:spe="the"
            ecep:syllab="1"
            ecep:pron="ðə">the</w>
         <c> </c>
         <w xml:id="bah18-148330"
            n="a-0250"
            ecep:lem="shade"
            ecep:pos="n1"
            ecep:reg="shade"
            ecep:spe="shade"
            ecep:syllab="1"
            ecep:pron="ʃeɪd">shade</w>
         <pc xml:id="bah18-148340"
             n="a-0260"
             unit="sentence"
             ecep:lem="."
             ecep:pos="."
             ecep:reg="."
             ecep:spe=".">.</pc>
         <c> </c>
      </l>
      <l xml:id="bah18-l07135">
         <w xml:id="bah18-148350"
            n="a-0270"
            ecep:lem="we"
            ecep:pos="pns12"
            ecep:reg="We"
            ecep:spe="We"
            ecep:syllab="1"
            ecep:pron="wiː">We</w>
         <c> </c>
         <w xml:id="bah18-148360"
            n="a-0280"
            ecep:lem="light"
            ecep:pos="av-j"
            ecep:reg="lightly"
            ecep:spe="lightly"
            ecep:syllab="2"
            ecep:pron="ˈlaɪtlɪ">lightly</w>
         <c> </c>
         <w xml:id="bah18-148370"
            n="a-0290"
            ecep:lem="beat"
            ecep:pos="vvb"
            ecep:reg="beat"
            ecep:spe="beat"
            ecep:syllab="1"
            ecep:pron="biːt">beat</w>
         <c> </c>
         <w xml:id="bah18-148380"
            n="a-0300"
            ecep:lem="the"
            ecep:pos="dt"
            ecep:reg="the"
            ecep:spe="the"
            ecep:syllab="1"
            ecep:pron="ðə">the</w>
         <c> </c>
         <w xml:id="bah18-148390"
            n="a-0310"
            ecep:lem="dewy"
            ecep:pos="j"
            ecep:reg="dewy"
            ecep:spe="dewy"
            ecep:syllab="2"
            ecep:pron="ˈdjuːɪ">dewy</w>
         <c> </c>
         <w xml:id="bah18-148400"
            n="a-0320"
            ecep:lem="ground"
            ecep:pos="n1"
            ecep:reg="ground"
            ecep:spe="ground"
            ecep:syllab="1"
            ecep:pron="graʊnd">ground</w>
      </l>
      <l xml:id="bah18-l07140">
         <c> </c>
         <w xml:id="bah18-148410"
            n="a-0330"
            ecep:lem="with"
            ecep:pos="p-acp"
            ecep:reg="With"
            ecep:spe="With"
            ecep:syllab="1"
            ecep:pron="wɪð">With</w>
         <c> </c>
         <w xml:id="bah18-148420"
            n="a-0340"
            ecep:lem="our"
            ecep:pos="po12"
            ecep:reg="our"
            ecep:spe="our"
            ecep:syllab="2"
            ecep:pron="aʊə">our</w>
         <c> </c>
         <w xml:id="bah18-148430"
            n="a-0350"
            ecep:lem="tiny"
            ecep:pos="j"
            ecep:reg="tiny"
            ecep:spe="tiny"
            ecep:syllab="2"
            ecep:pron="ˈtaɪnɪ">tiny</w>
         <c> </c>
         <w xml:id="bah18-148440"
            n="a-0360"
            ecep:lem="foot"
            ecep:pos="n2"
            ecep:reg="feet"
            ecep:spe="feet"
            ecep:syllab="1"
            ecep:pron="fiːt">feet</w>
         <c> </c>
         <w xml:id="bah18-148450"
            n="a-0370"
            ecep:lem="around"
            ecep:pos="a-acp"
            ecep:reg="around"
            ecep:spe="around"
            ecep:syllab="2"
            ecep:pron="əˈraʊnd">around</w>
         <pc xml:id="bah18-148460"
             n="a-0380"
             unit="sentence"
             ecep:lem="."
             ecep:pos="."
             ecep:reg="."
             ecep:spe=".">.</pc>
         <c> </c>
      </l>
   </lg>
</div>
