<?xml version="1.0" encoding="UTF-8"?>
<div xmlns="http://www.tei-c.org/ns/1.0"
     xmlns:tei="http://www.tei-c.org/ns/1.0"
     xmlns:ecep="http://www.eighteenthcenturypoetry.org/ns"
     ana="#iamb #quatrain #song"
     corresp="#txt_WattIs1674_w0102"
     decls="#semi-normalized"
     rendition="#lgvspace"
     subtype="eceptext"
     type="song"
     xml:id="o5454-w0320">
   <link target="authors.xml#aut_WattIs1674" type="author"/>
   <head type="main">
      <pc xml:id="o5454-078920"
          n="50-a-1030"
          ecep:lem="["
          ecep:pos="["
          ecep:reg="["
          ecep:spe="[">[</pc>
      <w xml:id="o5454-078930"
         n="50-a-1040"
         ecep:lem="hymn"
         ecep:pos="n1"
         ecep:reg="Hymn"
         ecep:spe="Hymn"
         ecep:syllab="1"
         ecep:pron="hɪm">Hymn</w>
      <c> </c>
      <w xml:id="o5454-078940"
         n="50-a-1050"
         ecep:lem="i."
         ecep:pos="crd"
         ecep:reg="I"
         ecep:spe="I."
         ecep:syllab="1"
         ecep:pron="ˈaɪ">I.</w>
      <pc xml:id="o5454-078950"
          n="50-a-1060"
          ecep:lem="]"
          ecep:pos="]"
          ecep:reg="]"
          ecep:spe="]">]</pc>
      <c> </c>
      <w xml:id="o5454-078960"
         n="50-a-1070"
         ecep:lem="the"
         ecep:pos="dt"
         ecep:reg="The"
         ecep:spe="The"
         ecep:syllab="1"
         ecep:pron="ðiː">The</w>
      <c> </c>
      <w xml:id="o5454-078970"
         n="50-a-1080"
         ecep:lem="hosanna"
         ecep:pos="fw-la"
         ecep:reg="Hosanna"
         ecep:spe="Hosanna"
         ecep:syllab="3"
         ecep:pron="həˈzænə">Hosanna</w>
      <pc xml:id="o5454-078980"
          n="50-a-1090"
          ecep:lem=";"
          ecep:pos=";"
          ecep:reg=";"
          ecep:spe=";">;</pc>
      <c> </c>
      <w xml:id="o5454-078990"
         n="50-a-1100"
         ecep:lem="or"
         ecep:pos="cc"
         ecep:reg="or"
         ecep:spe="or"
         ecep:syllab="1"
         ecep:pron="ɔː">or</w>
      <c> </c>
      <w xml:id="o5454-079000"
         n="50-a-1110"
         ecep:lem="salvation"
         ecep:pos="n1"
         ecep:reg="Salvation"
         ecep:spe="Salvation"
         ecep:syllab="3"
         ecep:pron="sælˈveɪʃn">Salvation</w>
      <c> </c>
      <w xml:id="o5454-079010"
         n="50-a-1120"
         ecep:lem="ascribe"
         ecep:pos="vvn"
         ecep:reg="ascribed"
         ecep:spe="ascribed"
         ecep:syllab="2"
         ecep:pron="əˈskraɪbd">ascribed</w>
      <c> </c>
      <w xml:id="o5454-079020"
         n="50-a-1130"
         ecep:lem="to"
         ecep:pos="p-acp"
         ecep:reg="to"
         ecep:spe="to"
         ecep:syllab="1"
         ecep:pron="tuː">to</w>
      <c> </c>
      <w xml:id="o5454-079030"
         n="50-a-1140"
         ecep:lem="Christ"
         ecep:pos="np1"
         ecep:reg="CHRIST"
         ecep:spe="CHRIST"
         ecep:syllab="1"
         ecep:pron="ˈkraɪst">CHRIST</w>
      <pc xml:id="o5454-079040"
          n="50-a-1150"
          unit="sentence"
          ecep:lem="."
          ecep:pos="."
          ecep:reg="."
          ecep:spe=".">.</pc>
   </head>
   <div subtype="ecep"
        xml:id="o5454-w0320-1"
        ecep:syllab="8.8.8.8"
        met="-+|-+|-+|-+/ -+|-+|-+|-+/ -+|-+|-+|-+/ -+|-+|-+|-+/"
        rhyme="aabb"
        type="version">
      <head>
         <w xml:id="o5454-079080"
            n="50-a-1160"
            ecep:lem="long"
            ecep:pos="j"
            ecep:reg="Long"
            ecep:spe="Long"
            ecep:syllab="1"
            ecep:pron="lɒŋ">Long</w>
         <c> </c>
         <w xml:id="o5454-079090"
            n="50-a-1170"
            ecep:lem="metre"
            ecep:pos="n1"
            ecep:reg="Metre"
            ecep:spe="Metre"
            ecep:syllab="2"
            ecep:pron="ˈmiːtə">Metre</w>
         <pc xml:id="o5454-079100"
             n="50-a-1180"
             unit="sentence"
             ecep:lem="."
             ecep:pos="."
             ecep:reg="."
             ecep:spe=".">.</pc>
      </head>
      <lg n="1" xml:id="o5454-s00875">
         <head>
            <w xml:id="o5454-079140"
               n="50-a-1190"
               ecep:lem="i"
               ecep:pos="pns11"
               ecep:reg="I"
               ecep:spe="I."
               ecep:syllab="1"
               ecep:pron="ˈaɪ">I.</w>
            <pc unit="sentence" xml:id="o5454-079140-eos" n="50-a-1200"/>
         </head>
         <l xml:id="o5454-l03245">
            <w xml:id="o5454-079160"
               n="50-a-1210"
               ecep:lem="hosanna"
               ecep:pos="fw-la"
               ecep:reg="Hosanna"
               ecep:spe="Hosanna"
               ecep:syllab="3"
               ecep:pron="həˈzænə">Hosanna</w>
            <c> </c>
            <w xml:id="o5454-079170"
               n="50-a-1220"
               ecep:lem="to"
               ecep:pos="p-acp"
               ecep:reg="to"
               ecep:spe="to"
               ecep:syllab="1"
               ecep:pron="tuː">to</w>
            <c> </c>
            <w xml:id="o5454-079180"
               n="50-a-1230"
               ecep:lem="king"
               ecep:pos="n1"
               ecep:reg="King"
               ecep:spe="King"
               ecep:syllab="1"
               ecep:pron="kɪŋ">King</w>
            <c> </c>
            <w xml:id="o5454-079190"
               n="50-a-1240"
               ecep:lem="David"
               ecep:pos="npg1"
               ecep:reg="David's"
               ecep:spe="David's"
               ecep:syllab="2"
               ecep:pron="ˈdeɪvɪdz">David's</w>
            <c> </c>
            <w xml:id="o5454-079200"
               n="50-a-1250"
               ecep:lem="son"
               ecep:pos="n1"
               ecep:reg="Son"
               ecep:spe="Son"
               ecep:syllab="1"
               ecep:pron="sʌn">Son</w>
            <pc xml:id="o5454-079210"
                n="50-a-1260"
                ecep:lem=","
                ecep:pos=","
                ecep:reg=","
                ecep:spe=",">,</pc>
         </l>
         <l xml:id="o5454-l03250">
            <c> </c>
            <w xml:id="o5454-079220"
               n="50-a-1270"
               ecep:lem="who"
               ecep:pos="q-crq"
               ecep:reg="Who"
               ecep:spe="Who"
               ecep:syllab="1"
               ecep:pron="huː">Who</w>
            <c> </c>
            <w xml:id="o5454-079230"
               n="50-a-1280"
               ecep:lem="reign"
               ecep:pos="vvz"
               ecep:reg="reigns"
               ecep:spe="reigns"
               ecep:syllab="1"
               ecep:pron="reɪnz">reigns</w>
            <c> </c>
            <w xml:id="o5454-079240"
               n="50-a-1290"
               ecep:lem="on"
               ecep:pos="p-acp"
               ecep:reg="on"
               ecep:spe="on"
               ecep:syllab="1"
               ecep:pron="ɒn">on</w>
            <c> </c>
            <w xml:id="o5454-079250"
               n="50-a-1300"
               ecep:lem="a"
               ecep:pos="dt"
               ecep:reg="a"
               ecep:spe="a"
               ecep:syllab="1"
               ecep:pron="ə">a</w>
            <c> </c>
            <w xml:id="o5454-079260"
               n="50-a-1310"
               ecep:lem="superior"
               ecep:pos="j-jn"
               ecep:reg="superior"
               ecep:spe="superior"
               ecep:syllab="4"
               ecep:pron="suːˈpɪəriə">superior</w>
            <c> </c>
            <w xml:id="o5454-079270"
               n="50-a-1320"
               ecep:lem="throne"
               ecep:pos="n1"
               ecep:reg="Throne"
               ecep:spe="Throne"
               ecep:syllab="1"
               ecep:pron="θrəʊn">Throne</w>
            <pc xml:id="o5454-079280"
                n="50-a-1330"
                ecep:lem=";"
                ecep:pos=";"
                ecep:reg=";"
                ecep:spe=";">;</pc>
         </l>
         <l xml:id="o5454-l03255">
            <c> </c>
            <w xml:id="o5454-079290"
               n="50-a-1340"
               ecep:lem="we"
               ecep:pos="pns12"
               ecep:reg="We"
               ecep:spe="We"
               ecep:syllab="1"
               ecep:pron="wiː">We</w>
            <c> </c>
            <w xml:id="o5454-079300"
               n="50-a-1350"
               ecep:lem="bless"
               ecep:pos="vvb"
               ecep:reg="bless"
               ecep:spe="bless"
               ecep:syllab="1"
               ecep:pron="bles">bless</w>
            <c> </c>
            <w xml:id="o5454-079310"
               n="50-a-1360"
               ecep:lem="the"
               ecep:pos="dt"
               ecep:reg="the"
               ecep:spe="the"
               ecep:syllab="1"
               ecep:pron="ðiː">the</w>
            <c> </c>
            <w xml:id="o5454-079320"
               n="50-a-1370"
               ecep:lem="prince"
               ecep:pos="n1"
               ecep:reg="Prince"
               ecep:spe="Prince"
               ecep:syllab="1"
               ecep:pron="prɪns">Prince</w>
            <c> </c>
            <w xml:id="o5454-079330"
               n="50-a-1380"
               ecep:lem="of"
               ecep:pos="pp-f"
               ecep:reg="of"
               ecep:spe="of"
               ecep:syllab="1"
               ecep:pron="ɒv">of</w>
            <c> </c>
            <w xml:id="o5454-079340"
               n="50-a-1390"
               ecep:lem="heavenly"
               ecep:pos="j"
               ecep:reg="heavenly"
               ecep:spe="heav'nly"
               ecep:syllab="2"
               ecep:pron="ˈhevnli">heav'nly</w>
            <c> </c>
            <w xml:id="o5454-079350"
               n="50-a-1400"
               ecep:lem="birth"
               ecep:pos="n1"
               ecep:reg="Birth"
               ecep:spe="Birth"
               ecep:syllab="1"
               ecep:pron="bɜːθ">Birth</w>
            <pc xml:id="o5454-079360"
                n="50-a-1410"
                ecep:lem=","
                ecep:pos=","
                ecep:reg=","
                ecep:spe=",">,</pc>
         </l>
         <l xml:id="o5454-l03260">
            <c> </c>
            <w xml:id="o5454-079370"
               n="50-a-1420"
               ecep:lem="who"
               ecep:pos="q-crq"
               ecep:reg="Who"
               ecep:spe="Who"
               ecep:syllab="1"
               ecep:pron="huː">Who</w>
            <c> </c>
            <w xml:id="o5454-079380"
               n="50-a-1430"
               ecep:lem="bring"
               ecep:pos="vvz"
               ecep:reg="brings"
               ecep:spe="brings"
               ecep:syllab="1"
               ecep:pron="brɪŋz">brings</w>
            <c> </c>
            <w xml:id="o5454-079390"
               n="50-a-1440"
               ecep:lem="salvation"
               ecep:pos="n1"
               ecep:reg="Salvation"
               ecep:spe="Salvation"
               ecep:syllab="3"
               ecep:pron="sælˈveɪʃn">Salvation</w>
            <c> </c>
            <w xml:id="o5454-079400"
               n="50-a-1450"
               ecep:lem="down"
               ecep:pos="a-acp"
               ecep:reg="down"
               ecep:spe="down"
               ecep:syllab="1"
               ecep:pron="daʊn">down</w>
            <c> </c>
            <w xml:id="o5454-079410"
               n="50-a-1460"
               ecep:lem="on"
               ecep:pos="p-acp"
               ecep:reg="on"
               ecep:spe="on"
               ecep:syllab="1"
               ecep:pron="ɒn">on</w>
            <c> </c>
            <w xml:id="o5454-079420"
               n="50-a-1470"
               ecep:lem="earth"
               ecep:pos="n1"
               ecep:reg="Earth"
               ecep:spe="Earth"
               ecep:syllab="1"
               ecep:pron="ɜːθ">Earth</w>
            <pc xml:id="o5454-079430"
                n="50-a-1480"
                unit="sentence"
                ecep:lem="."
                ecep:pos="."
                ecep:reg="."
                ecep:spe=".">.</pc>
            <c> </c>
         </l>
      </lg>
      <pb facs="51" n="41" rend="none"/>
      <lg n="2" xml:id="o5454-s00880">
         <head>
            <w xml:id="o5454-079470"
               n="51-a-0010"
               ecep:lem="ii"
               ecep:pos="crd"
               ecep:reg="II"
               ecep:spe="II"
               ecep:syllab="1"
               ecep:pron="rˌəʊməntˈuː">II</w>
            <pc xml:id="o5454-079480"
                n="51-a-0020"
                unit="sentence"
                ecep:lem="."
                ecep:pos="."
                ecep:reg="."
                ecep:spe=".">.</pc>
         </head>
         <l xml:id="o5454-l03265">
            <w xml:id="o5454-079500"
               n="51-a-0030"
               ecep:lem="let"
               ecep:pos="vvb"
               ecep:reg="Let"
               ecep:spe="Let"
               ecep:syllab="1"
               ecep:pron="let">Let</w>
            <c> </c>
            <w xml:id="o5454-079510"
               n="51-a-0040"
               ecep:lem="every"
               ecep:pos="d"
               ecep:reg="every"
               ecep:spe="ev'ry"
               ecep:syllab="2"
               ecep:pron="ˈevri">ev'ry</w>
            <c> </c>
            <w xml:id="o5454-079520"
               n="51-a-0050"
               ecep:lem="nation"
               ecep:pos="n1"
               ecep:reg="Nation"
               ecep:spe="Nation"
               ecep:syllab="2"
               ecep:pron="ˈneɪʃn">Nation</w>
            <pc xml:id="o5454-079530"
                n="51-a-0060"
                ecep:lem=","
                ecep:pos=","
                ecep:reg=","
                ecep:spe=",">,</pc>
            <c> </c>
            <w xml:id="o5454-079540"
               n="51-a-0070"
               ecep:lem="every"
               ecep:pos="d"
               ecep:reg="every"
               ecep:spe="ev'ry"
               ecep:syllab="2"
               ecep:pron="ˈevri">ev'ry</w>
            <c> </c>
            <w xml:id="o5454-079550"
               n="51-a-0080"
               ecep:lem="age"
               ecep:pos="n1"
               ecep:reg="Age"
               ecep:spe="Age"
               ecep:syllab="1"
               ecep:pron="eɪdʒ">Age</w>
            <pc xml:id="o5454-079560"
                n="51-a-0090"
                ecep:lem=","
                ecep:pos=","
                ecep:reg=","
                ecep:spe=",">,</pc>
         </l>
         <l xml:id="o5454-l03270">
            <c> </c>
            <w xml:id="o5454-079570"
               n="51-a-0100"
               ecep:lem="in"
               ecep:pos="p-acp"
               ecep:reg="In"
               ecep:spe="In"
               ecep:syllab="1"
               ecep:pron="ɪn">In</w>
            <c> </c>
            <w xml:id="o5454-079580"
               n="51-a-0110"
               ecep:lem="this"
               ecep:pos="d"
               ecep:reg="this"
               ecep:spe="this"
               ecep:syllab="1"
               ecep:pron="ðɪs">this</w>
            <c> </c>
            <w xml:id="o5454-079590"
               n="51-a-0120"
               ecep:lem="delightful"
               ecep:pos="j"
               ecep:reg="delightful"
               ecep:spe="delightful"
               ecep:syllab="3"
               ecep:pron="dɪˈlaɪtfl">delightful</w>
            <c> </c>
            <w xml:id="o5454-079600"
               n="51-a-0130"
               ecep:lem="work"
               ecep:pos="n1"
               ecep:reg="Work"
               ecep:spe="Work"
               ecep:syllab="1"
               ecep:pron="wɜːk">Work</w>
            <c> </c>
            <w xml:id="o5454-079610"
               n="51-a-0140"
               ecep:lem="engage"
               ecep:pos="vvi"
               ecep:reg="engage"
               ecep:spe="engage"
               ecep:syllab="2"
               ecep:pron="ɪnˈgeɪdʒ">engage</w>
            <pc xml:id="o5454-079620"
                n="51-a-0150"
                ecep:lem=";"
                ecep:pos=";"
                ecep:reg=";"
                ecep:spe=";">;</pc>
         </l>
         <l xml:id="o5454-l03275">
            <c> </c>
            <w xml:id="o5454-079630"
               n="51-a-0160"
               ecep:lem="old"
               ecep:pos="j"
               ecep:reg="Old"
               ecep:spe="Old"
               ecep:syllab="1"
               ecep:pron="əʊld">Old</w>
            <c> </c>
            <w xml:id="o5454-079640"
               n="51-a-0170"
               ecep:lem="man"
               ecep:pos="n2"
               ecep:reg="Men"
               ecep:spe="Men"
               ecep:syllab="1"
               ecep:pron="men">Men</w>
            <c> </c>
            <w xml:id="o5454-079650"
               n="51-a-0180"
               ecep:lem="and"
               ecep:pos="cc"
               ecep:reg="and"
               ecep:spe="and"
               ecep:syllab="1"
               ecep:pron="ænd">and</w>
            <c> </c>
            <w xml:id="o5454-079660"
               n="51-a-0190"
               ecep:lem="babe"
               ecep:pos="n2"
               ecep:reg="Babes"
               ecep:spe="Babes"
               ecep:syllab="1"
               ecep:pron="beɪbz">Babes</w>
            <c> </c>
            <w xml:id="o5454-079670"
               n="51-a-0200"
               ecep:lem="in"
               ecep:pos="p-acp"
               ecep:reg="in"
               ecep:spe="in"
               ecep:syllab="1"
               ecep:pron="ɪn">in</w>
            <c> </c>
            <w xml:id="o5454-079680"
               n="51-a-0210"
               ecep:lem="Sion"
               ecep:pos="np1"
               ecep:reg="Sion"
               ecep:spe="Sion"
               ecep:syllab="2"
               ecep:pron="ʃn">Sion</w>
            <c> </c>
            <w xml:id="o5454-079690"
               n="51-a-0220"
               ecep:lem="sing"
               ecep:pos="vvb"
               ecep:reg="sing"
               ecep:spe="sing"
               ecep:syllab="1"
               ecep:pron="sɪŋ">sing</w>
         </l>
         <l xml:id="o5454-l03280">
            <c> </c>
            <w xml:id="o5454-079700"
               n="51-a-0230"
               ecep:lem="the"
               ecep:pos="dt"
               ecep:reg="The"
               ecep:spe="The"
               ecep:syllab="1"
               ecep:pron="ðiː">The</w>
            <c> </c>
            <w xml:id="o5454-079710"
               n="51-a-0240"
               ecep:lem="grow"
               ecep:pos="j-vvg"
               ecep:reg="growing"
               ecep:spe="growing"
               ecep:syllab="2"
               ecep:pron="grəʊɪŋ">growing</w>
            <c> </c>
            <w xml:id="o5454-079720"
               n="51-a-0250"
               ecep:lem="glory"
               ecep:pos="n2"
               ecep:reg="Glories"
               ecep:spe="Glories"
               ecep:syllab="2"
               ecep:pron="ˈglɔːriz">Glories</w>
            <c> </c>
            <w xml:id="o5454-079730"
               n="51-a-0260"
               ecep:lem="of"
               ecep:pos="pp-f"
               ecep:reg="of"
               ecep:spe="of"
               ecep:syllab="1"
               ecep:pron="ɒv">of</w>
            <c> </c>
            <w xml:id="o5454-079740"
               n="51-a-0270"
               ecep:lem="her"
               ecep:pos="po31"
               ecep:reg="her"
               ecep:spe="her"
               ecep:syllab="1"
               ecep:pron="hɜː">her</w>
            <c> </c>
            <w xml:id="o5454-079750"
               n="51-a-0280"
               ecep:lem="king"
               ecep:pos="n1"
               ecep:reg="King"
               ecep:spe="King"
               ecep:syllab="1"
               ecep:pron="kɪŋ">King</w>
            <pc xml:id="o5454-079760"
                n="51-a-0290"
                unit="sentence"
                ecep:lem="!"
                ecep:pos="!"
                ecep:reg="!"
                ecep:spe="!">!</pc>
            <c> </c>
         </l>
      </lg>
   </div>
   <div subtype="ecep"
        xml:id="o5454-w0320-2"
        ecep:syllab="8.6.8.6"
        met="-+|-+|-+|-+/ -+|-+|-+/ -+|-+|-+|-+/ -+|-+|-+/"
        rhyme="abab"
        type="version">
      <head>
         <w xml:id="o5454-079800"
            n="51-a-0300"
            ecep:lem="common"
            ecep:pos="j"
            ecep:reg="Common"
            ecep:spe="Common"
            ecep:syllab="2"
            ecep:pron="ˈkɒmən">Common</w>
         <c> </c>
         <w xml:id="o5454-079810"
            n="51-a-0310"
            ecep:lem="metre"
            ecep:pos="n1"
            ecep:reg="Metre"
            ecep:spe="Metre"
            ecep:syllab="2"
            ecep:pron="ˈmiːtə">Metre</w>
         <pc xml:id="o5454-079820"
             n="51-a-0320"
             unit="sentence"
             ecep:lem="."
             ecep:pos="."
             ecep:reg="."
             ecep:spe=".">.</pc>
      </head>
      <lg n="1" xml:id="o5454-s00885">
         <head>
            <w xml:id="o5454-079860"
               n="51-a-0330"
               ecep:lem="i"
               ecep:pos="pns11"
               ecep:reg="I"
               ecep:spe="I."
               ecep:syllab="1"
               ecep:pron="ˈaɪ">I.</w>
            <pc unit="sentence" xml:id="o5454-079860-eos" n="51-a-0340"/>
         </head>
         <l xml:id="o5454-l03285">
            <w xml:id="o5454-079880"
               n="51-a-0350"
               ecep:lem="HOsanna"
               ecep:pos="np1"
               ecep:reg="HOsanna"
               ecep:spe="HOsanna"
               ecep:syllab="3"
               ecep:pron="həˈzænə">HOsanna</w>
            <c> </c>
            <w xml:id="o5454-079890"
               n="51-a-0360"
               ecep:lem="to"
               ecep:pos="p-acp"
               ecep:reg="to"
               ecep:spe="to"
               ecep:syllab="1"
               ecep:pron="tuː">to</w>
            <c> </c>
            <w xml:id="o5454-079900"
               n="51-a-0370"
               ecep:lem="the"
               ecep:pos="dt"
               ecep:reg="the"
               ecep:spe="the"
               ecep:syllab="1"
               ecep:pron="ðiː">the</w>
            <c> </c>
            <w xml:id="o5454-079910"
               n="51-a-0380"
               ecep:lem="prince"
               ecep:pos="n1"
               ecep:reg="Prince"
               ecep:spe="Prince"
               ecep:syllab="1"
               ecep:pron="prɪns">Prince</w>
            <c> </c>
            <w xml:id="o5454-079920"
               n="51-a-0390"
               ecep:lem="of"
               ecep:pos="pp-f"
               ecep:reg="of"
               ecep:spe="of"
               ecep:syllab="1"
               ecep:pron="ɒv">of</w>
            <c> </c>
            <w xml:id="o5454-079930"
               n="51-a-0400"
               ecep:lem="grace"
               ecep:pos="n1"
               ecep:reg="Grace"
               ecep:spe="Grace"
               ecep:syllab="1"
               ecep:pron="greɪs">Grace</w>
            <pc xml:id="o5454-079940"
                n="51-a-0410"
                ecep:lem=";"
                ecep:pos=";"
                ecep:reg=";"
                ecep:spe=";">;</pc>
         </l>
         <l xml:id="o5454-l03290">
            <c> </c>
            <w xml:id="o5454-079950"
               n="51-a-0420"
               ecep:lem="Sion"
               ecep:pos="np1"
               ecep:reg="Sion"
               ecep:spe="Sion"
               ecep:syllab="2"
               ecep:pron="ʃn">Sion</w>
            <pc xml:id="o5454-079960"
                n="51-a-0430"
                ecep:lem=","
                ecep:pos=","
                ecep:reg=","
                ecep:spe=",">,</pc>
            <c> </c>
            <w xml:id="o5454-079970"
               n="51-a-0440"
               ecep:lem="behold"
               ecep:pos="vvb"
               ecep:reg="behold"
               ecep:spe="behold"
               ecep:syllab="2"
               ecep:pron="bɪˈhəʊld">behold</w>
            <c> </c>
            <w xml:id="o5454-079980"
               n="51-a-0450"
               ecep:lem="thy"
               ecep:pos="po21"
               ecep:reg="thy"
               ecep:spe="thy"
               ecep:syllab="1"
               ecep:pron="ðaɪ">thy</w>
            <c> </c>
            <w xml:id="o5454-079990"
               n="51-a-0460"
               ecep:lem="king"
               ecep:pos="n1"
               ecep:reg="King"
               ecep:spe="King"
               ecep:syllab="1"
               ecep:pron="kɪŋ">King</w>
            <pc xml:id="o5454-080000"
                n="51-a-0470"
                unit="sentence"
                ecep:lem="!"
                ecep:pos="!"
                ecep:reg="!"
                ecep:spe="!">!</pc>
            <c> </c>
         </l>
         <l xml:id="o5454-l03295">
            <w xml:id="o5454-080010"
               n="51-a-0480"
               ecep:lem="proclaim"
               ecep:pos="vvb"
               ecep:reg="Proclaim"
               ecep:spe="Proclaim"
               ecep:syllab="2"
               ecep:pron="prəˈkleɪm">Proclaim</w>
            <c> </c>
            <w xml:id="o5454-080020"
               n="51-a-0490"
               ecep:lem="the"
               ecep:pos="dt"
               ecep:reg="the"
               ecep:spe="the"
               ecep:syllab="1"
               ecep:pron="ðiː">the</w>
            <c> </c>
            <w xml:id="o5454-080030"
               n="51-a-0500"
               ecep:lem="son"
               ecep:pos="n1"
               ecep:reg="Son"
               ecep:spe="Son"
               ecep:syllab="1"
               ecep:pron="sʌn">Son</w>
            <c> </c>
            <w xml:id="o5454-080040"
               n="51-a-0510"
               ecep:lem="of"
               ecep:pos="pp-f"
               ecep:reg="of"
               ecep:spe="of"
               ecep:syllab="1"
               ecep:pron="ɒv">of</w>
            <c> </c>
            <w xml:id="o5454-080050"
               n="51-a-0520"
               ecep:lem="David"
               ecep:pos="npg1"
               ecep:reg="David's"
               ecep:spe="David's"
               ecep:syllab="2"
               ecep:pron="ˈdeɪvɪdz">David's</w>
            <c> </c>
            <w xml:id="o5454-080060"
               n="51-a-0530"
               ecep:lem="race"
               ecep:pos="n1"
               ecep:reg="Race"
               ecep:spe="Race"
               ecep:syllab="1"
               ecep:pron="reɪs">Race</w>
            <pc xml:id="o5454-080070"
                n="51-a-0540"
                ecep:lem=","
                ecep:pos=","
                ecep:reg=","
                ecep:spe=",">,</pc>
         </l>
         <l xml:id="o5454-l03300">
            <c> </c>
            <w xml:id="o5454-080080"
               n="51-a-0550"
               ecep:lem="and"
               ecep:pos="cc"
               ecep:reg="And"
               ecep:spe="And"
               ecep:syllab="1"
               ecep:pron="ænd">And</w>
            <c> </c>
            <w xml:id="o5454-080090"
               n="51-a-0560"
               ecep:lem="teach"
               ecep:pos="vvi"
               ecep:reg="teach"
               ecep:spe="teach"
               ecep:syllab="1"
               ecep:pron="tiːtʃ">teach</w>
            <c> </c>
            <w xml:id="o5454-080100"
               n="51-a-0570"
               ecep:lem="the"
               ecep:pos="dt"
               ecep:reg="the"
               ecep:spe="the"
               ecep:syllab="1"
               ecep:pron="ðiː">the</w>
            <c> </c>
            <w xml:id="o5454-080110"
               n="51-a-0580"
               ecep:lem="babe"
               ecep:pos="n2"
               ecep:reg="Babes"
               ecep:spe="Babes"
               ecep:syllab="1"
               ecep:pron="beɪbz">Babes</w>
            <c> </c>
            <w xml:id="o5454-080120"
               n="51-a-0590"
               ecep:lem="to"
               ecep:pos="pc-acp"
               ecep:reg="to"
               ecep:spe="to"
               ecep:syllab="1"
               ecep:pron="tuː">to</w>
            <c> </c>
            <w xml:id="o5454-080130"
               n="51-a-0600"
               ecep:lem="sing"
               ecep:pos="vvi"
               ecep:reg="sing"
               ecep:spe="sing"
               ecep:syllab="1"
               ecep:pron="sɪŋ">sing</w>
            <pc xml:id="o5454-080140"
                n="51-a-0610"
                unit="sentence"
                ecep:lem="."
                ecep:pos="."
                ecep:reg="."
                ecep:spe=".">.</pc>
            <c> </c>
         </l>
      </lg>
      <lg n="2" xml:id="o5454-s00890">
         <head>
            <w xml:id="o5454-080180"
               n="51-a-0620"
               ecep:lem="ii"
               ecep:pos="crd"
               ecep:reg="II"
               ecep:spe="II"
               ecep:syllab="1"
               ecep:pron="rˌəʊməntˈuː">II</w>
            <pc xml:id="o5454-080190"
                n="51-a-0630"
                unit="sentence"
                ecep:lem="."
                ecep:pos="."
                ecep:reg="."
                ecep:spe=".">.</pc>
         </head>
         <l xml:id="o5454-l03305">
            <w xml:id="o5454-080210"
               n="51-a-0640"
               ecep:lem="hosanna"
               ecep:pos="fw-la"
               ecep:reg="Hosanna"
               ecep:spe="Hosanna"
               ecep:syllab="3"
               ecep:pron="həˈzænə">Hosanna</w>
            <c> </c>
            <w xml:id="o5454-080220"
               n="51-a-0650"
               ecep:lem="to"
               ecep:pos="p-acp"
               ecep:reg="to"
               ecep:spe="to"
               ecep:syllab="1"
               ecep:pron="tuː">to</w>
            <c> </c>
            <w xml:id="o5454-080230"
               n="51-a-0660"
               ecep:lem="the"
               ecep:pos="dt"
               ecep:reg="the"
               ecep:spe="th'"
               ecep:syllab="0"
               ecep:pron="ð">th'</w>
            <c> </c>
            <w xml:id="o5454-080240"
               n="51-a-0670"
               ecep:lem="eternal"
               ecep:pos="j"
               ecep:reg="Eternal"
               ecep:spe="Eternal"
               ecep:syllab="3"
               ecep:pron="ɪˈtɜːnl">Eternal</w>
            <c> </c>
            <w xml:id="o5454-080250"
               n="51-a-0680"
               ecep:lem="word"
               ecep:pos="n1"
               ecep:reg="Word"
               ecep:spe="Word"
               ecep:syllab="1"
               ecep:pron="wɜːd">Word</w>
            <pc xml:id="o5454-080260"
                n="51-a-0690"
                ecep:lem=","
                ecep:pos=","
                ecep:reg=","
                ecep:spe=",">,</pc>
         </l>
         <l xml:id="o5454-l03310">
            <c> </c>
            <w xml:id="o5454-080270"
               n="51-a-0700"
               ecep:lem="who"
               ecep:pos="r-crq"
               ecep:reg="Who"
               ecep:spe="Who"
               ecep:syllab="1"
               ecep:pron="huː">Who</w>
            <c> </c>
            <w xml:id="o5454-080280"
               n="51-a-0710"
               ecep:lem="from"
               ecep:pos="p-acp"
               ecep:reg="from"
               ecep:spe="from"
               ecep:syllab="1"
               ecep:pron="frɒm">from</w>
            <c> </c>
            <w xml:id="o5454-080290"
               n="51-a-0720"
               ecep:lem="the"
               ecep:pos="dt"
               ecep:reg="the"
               ecep:spe="the"
               ecep:syllab="1"
               ecep:pron="ðiː">the</w>
            <c> </c>
            <w xml:id="o5454-080300"
               n="51-a-0730"
               ecep:lem="father"
               ecep:pos="n1"
               ecep:reg="Father"
               ecep:spe="Father"
               ecep:syllab="2"
               ecep:pron="ˈfɑːðə">Father</w>
            <c> </c>
            <w xml:id="o5454-080310"
               n="51-a-0740"
               ecep:lem="come"
               ecep:pos="vvd"
               ecep:reg="came"
               ecep:spe="came"
               ecep:syllab="1"
               ecep:pron="keɪm">came</w>
            <pc xml:id="o5454-080320"
                n="51-a-0750"
                ecep:lem=";"
                ecep:pos=";"
                ecep:reg=";"
                ecep:spe=";">;</pc>
         </l>
         <l xml:id="o5454-l03315">
            <c> </c>
            <w xml:id="o5454-080330"
               n="51-a-0760"
               ecep:lem="ascribe"
               ecep:pos="vvb"
               ecep:reg="Ascribe"
               ecep:spe="Ascribe"
               ecep:syllab="2"
               ecep:pron="əˈskraɪb">Ascribe</w>
            <c> </c>
            <w xml:id="o5454-080340"
               n="51-a-0770"
               ecep:lem="salvation"
               ecep:pos="n1"
               ecep:reg="Salvation"
               ecep:spe="Salvation"
               ecep:syllab="3"
               ecep:pron="sælˈveɪʃn">Salvation</w>
            <c> </c>
            <w xml:id="o5454-080350"
               n="51-a-0780"
               ecep:lem="to"
               ecep:pos="p-acp"
               ecep:reg="to"
               ecep:spe="to"
               ecep:syllab="1"
               ecep:pron="tuː">to</w>
            <c> </c>
            <w xml:id="o5454-080360"
               n="51-a-0790"
               ecep:lem="the"
               ecep:pos="dt"
               ecep:reg="the"
               ecep:spe="the"
               ecep:syllab="1"
               ecep:pron="ðiː">the</w>
            <c> </c>
            <w xml:id="o5454-080370"
               n="51-a-0800"
               ecep:lem="lord"
               ecep:pos="n1"
               ecep:reg="LORD"
               ecep:spe="LORD"
               ecep:syllab="1"
               ecep:pron="lɔːd">LORD</w>
            <pc xml:id="o5454-080380"
                n="51-a-0810"
                ecep:lem=","
                ecep:pos=","
                ecep:reg=","
                ecep:spe=",">,</pc>
         </l>
         <l xml:id="o5454-l03320">
            <c> </c>
            <w xml:id="o5454-080390"
               n="51-a-0820"
               ecep:lem="with"
               ecep:pos="p-acp"
               ecep:reg="With"
               ecep:spe="With"
               ecep:syllab="1"
               ecep:pron="wɪð">With</w>
            <c> </c>
            <w xml:id="o5454-080400"
               n="51-a-0830"
               ecep:lem="blessing"
               ecep:pos="n2"
               ecep:reg="Blessings"
               ecep:spe="Blessings"
               ecep:syllab="2"
               ecep:pron="ˈblesɪŋz">Blessings</w>
            <c> </c>
            <w xml:id="o5454-080410"
               n="51-a-0840"
               ecep:lem="on"
               ecep:pos="p-acp"
               ecep:reg="on"
               ecep:spe="on"
               ecep:syllab="1"
               ecep:pron="ɒn">on</w>
            <c> </c>
            <w xml:id="o5454-080420"
               n="51-a-0850"
               ecep:lem="his"
               ecep:pos="po31"
               ecep:reg="his"
               ecep:spe="his"
               ecep:syllab="1"
               ecep:pron="hɪz">his</w>
            <c> </c>
            <w xml:id="o5454-080430"
               n="51-a-0860"
               ecep:lem="name"
               ecep:pos="n1"
               ecep:reg="Name"
               ecep:spe="Name"
               ecep:syllab="1"
               ecep:pron="neɪm">Name</w>
            <pc xml:id="o5454-080440"
                n="51-a-0870"
                unit="sentence"
                ecep:lem="."
                ecep:pos="."
                ecep:reg="."
                ecep:spe=".">.</pc>
            <c> </c>
         </l>
      </lg>
   </div>
   <div subtype="ecep"
        xml:id="o5454-w0320-3"
        ecep:syllab="6.6.8.6"
        met="-+|-+|-+/ -+|-+|-+/ -+|-+|-+|-+/ -+|-+|-+/"
        rhyme="abab"
        type="version">
      <head>
         <w xml:id="o5454-080480"
            n="51-a-0880"
            ecep:lem="short"
            ecep:pos="j"
            ecep:reg="Short"
            ecep:spe="Short"
            ecep:syllab="1"
            ecep:pron="ʃɔːt">Short</w>
         <c> </c>
         <w xml:id="o5454-080490"
            n="51-a-0890"
            ecep:lem="metre"
            ecep:pos="n1"
            ecep:reg="Metre"
            ecep:spe="Metre"
            ecep:syllab="2"
            ecep:pron="ˈmiːtə">Metre</w>
         <pc xml:id="o5454-080500"
             n="51-a-0900"
             unit="sentence"
             ecep:lem="."
             ecep:pos="."
             ecep:reg="."
             ecep:spe=".">.</pc>
      </head>
      <lg n="1" xml:id="o5454-s00895">
         <head>
            <w xml:id="o5454-080540"
               n="51-a-0910"
               ecep:lem="i"
               ecep:pos="pns11"
               ecep:reg="I"
               ecep:spe="I."
               ecep:syllab="1"
               ecep:pron="ˈaɪ">I.</w>
            <pc unit="sentence" xml:id="o5454-080540-eos" n="51-a-0920"/>
         </head>
         <l xml:id="o5454-l03325">
            <w xml:id="o5454-080560"
               n="51-a-0930"
               ecep:lem="HOsanna"
               ecep:pos="np1"
               ecep:reg="HOsanna"
               ecep:spe="HOsanna"
               ecep:syllab="3"
               ecep:pron="həˈzænə">HOsanna</w>
            <c> </c>
            <w xml:id="o5454-080570"
               n="51-a-0940"
               ecep:lem="to"
               ecep:pos="p-acp"
               ecep:reg="to"
               ecep:spe="to"
               ecep:syllab="1"
               ecep:pron="tuː">to</w>
            <c> </c>
            <w xml:id="o5454-080580"
               n="51-a-0950"
               ecep:lem="the"
               ecep:pos="dt"
               ecep:reg="the"
               ecep:spe="the"
               ecep:syllab="1"
               ecep:pron="ðiː">the</w>
            <c> </c>
            <w xml:id="o5454-080590"
               n="51-a-0960"
               ecep:lem="son"
               ecep:pos="n1"
               ecep:reg="SON"
               ecep:spe="SON"
               ecep:syllab="1"
               ecep:pron="sʌn">SON</w>
         </l>
         <l xml:id="o5454-l03330">
            <c> </c>
            <w xml:id="o5454-080600"
               n="51-a-0970"
               ecep:lem="of"
               ecep:pos="pp-f"
               ecep:reg="Of"
               ecep:spe="Of"
               ecep:syllab="1"
               ecep:pron="ɒv">Of</w>
            <c> </c>
            <w xml:id="o5454-080610"
               n="51-a-0980"
               ecep:lem="David"
               ecep:pos="np1"
               ecep:reg="David"
               ecep:spe="David"
               ecep:syllab="2"
               ecep:pron="ˈdeɪvɪd">David</w>
            <c> </c>
            <w xml:id="o5454-080620"
               n="51-a-0990"
               ecep:lem="and"
               ecep:pos="cc"
               ecep:reg="and"
               ecep:spe="and"
               ecep:syllab="1"
               ecep:pron="ænd">and</w>
            <c> </c>
            <w xml:id="o5454-080630"
               n="51-a-1000"
               ecep:lem="of"
               ecep:pos="pp-f"
               ecep:reg="of"
               ecep:spe="of"
               ecep:syllab="1"
               ecep:pron="ɒv">of</w>
            <c> </c>
            <w xml:id="o5454-080640"
               n="51-a-1010"
               ecep:lem="god"
               ecep:pos="n1"
               ecep:reg="GOD"
               ecep:spe="GOD"
               ecep:syllab="1"
               ecep:pron="gɒd">GOD</w>
            <pc xml:id="o5454-080650"
                n="51-a-1020"
                ecep:lem=","
                ecep:pos=","
                ecep:reg=","
                ecep:spe=",">,</pc>
         </l>
         <l xml:id="o5454-l03335">
            <c> </c>
            <w xml:id="o5454-080660"
               n="51-a-1030"
               ecep:lem="who"
               ecep:pos="q-crq"
               ecep:reg="Who"
               ecep:spe="Who"
               ecep:syllab="1"
               ecep:pron="huː">Who</w>
            <c> </c>
            <w xml:id="o5454-080670"
               n="51-a-1040"
               ecep:lem="bring"
               ecep:pos="vvd"
               ecep:reg="brought"
               ecep:spe="brought"
               ecep:syllab="1"
               ecep:pron="brɔːt">brought</w>
            <c> </c>
            <w xml:id="o5454-080680"
               n="51-a-1050"
               ecep:lem="the"
               ecep:pos="dt"
               ecep:reg="the"
               ecep:spe="the"
               ecep:syllab="1"
               ecep:pron="ðiː">the</w>
            <c> </c>
            <w xml:id="o5454-080690"
               n="51-a-1060"
               ecep:lem="news"
               ecep:pos="n1"
               ecep:reg="News"
               ecep:spe="News"
               ecep:syllab="1"
               ecep:pron="njuːz">News</w>
            <c> </c>
            <w xml:id="o5454-080700"
               n="51-a-1070"
               ecep:lem="of"
               ecep:pos="pp-f"
               ecep:reg="of"
               ecep:spe="of"
               ecep:syllab="1"
               ecep:pron="ɒv">of</w>
            <c> </c>
            <w xml:id="o5454-080710"
               n="51-a-1080"
               ecep:lem="pardon"
               ecep:pos="n1"
               ecep:reg="Pardon"
               ecep:spe="Pardon"
               ecep:syllab="2"
               ecep:pron="ˈpɑːdn">Pardon</w>
            <c> </c>
            <w xml:id="o5454-080720"
               n="51-a-1090"
               ecep:lem="down"
               ecep:pos="a-acp"
               ecep:reg="down"
               ecep:spe="down"
               ecep:syllab="1"
               ecep:pron="daʊn">down</w>
            <pc xml:id="o5454-080730"
                n="51-a-1100"
                ecep:lem=","
                ecep:pos=","
                ecep:reg=","
                ecep:spe=",">,</pc>
         </l>
         <l xml:id="o5454-l03340">
            <c> </c>
            <w xml:id="o5454-080740"
               n="51-a-1110"
               ecep:lem="and"
               ecep:pos="cc"
               ecep:reg="And"
               ecep:spe="And"
               ecep:syllab="1"
               ecep:pron="ænd">And</w>
            <c> </c>
            <w xml:id="o5454-080750"
               n="51-a-1120"
               ecep:lem="buy"
               ecep:pos="vvd"
               ecep:reg="bought"
               ecep:spe="bought"
               ecep:syllab="1"
               ecep:pron="bɔːt">bought</w>
            <c> </c>
            <w xml:id="o5454-080760"
               n="51-a-1130"
               ecep:lem="it"
               ecep:pos="pn31"
               ecep:reg="it"
               ecep:spe="it"
               ecep:syllab="1"
               ecep:pron="ɪt">it</w>
            <c> </c>
            <w xml:id="o5454-080770"
               n="51-a-1140"
               ecep:lem="with"
               ecep:pos="p-acp"
               ecep:reg="with"
               ecep:spe="with"
               ecep:syllab="1"
               ecep:pron="wɪð">with</w>
            <c> </c>
            <w xml:id="o5454-080780"
               n="51-a-1150"
               ecep:lem="his"
               ecep:pos="po31"
               ecep:reg="his"
               ecep:spe="his"
               ecep:syllab="1"
               ecep:pron="hɪz">his</w>
            <c> </c>
            <w xml:id="o5454-080790"
               n="51-a-1160"
               ecep:lem="blood"
               ecep:pos="n1"
               ecep:reg="Blood"
               ecep:spe="Blood"
               ecep:syllab="1"
               ecep:pron="blʌd">Blood</w>
            <pc xml:id="o5454-080800"
                n="51-a-1170"
                unit="sentence"
                ecep:lem="."
                ecep:pos="."
                ecep:reg="."
                ecep:spe=".">.</pc>
            <c> </c>
         </l>
      </lg>
      <pb facs="52" n="42" rend="none"/>
      <lg n="2" xml:id="o5454-s00900">
         <head>
            <w xml:id="o5454-080840"
               n="52-a-0010"
               ecep:lem="ii"
               ecep:pos="crd"
               ecep:reg="II"
               ecep:spe="II"
               ecep:syllab="1"
               ecep:pron="rˌəʊməntˈuː">II</w>
            <pc xml:id="o5454-080850"
                n="52-a-0020"
                unit="sentence"
                ecep:lem="."
                ecep:pos="."
                ecep:reg="."
                ecep:spe=".">.</pc>
         </head>
         <l xml:id="o5454-l03345">
            <w xml:id="o5454-080870"
               n="52-a-0030"
               ecep:lem="to"
               ecep:pos="p-acp"
               ecep:reg="To"
               ecep:spe="To"
               ecep:syllab="1"
               ecep:pron="tuː">To</w>
            <c> </c>
            <w xml:id="o5454-080880"
               n="52-a-0040"
               ecep:lem="Christ"
               ecep:pos="np1"
               ecep:reg="CHRIST"
               ecep:spe="CHRIST"
               ecep:syllab="1"
               ecep:pron="ˈkraɪst">CHRIST</w>
            <pc xml:id="o5454-080890"
                n="52-a-0050"
                ecep:lem=","
                ecep:pos=","
                ecep:reg=","
                ecep:spe=",">,</pc>
            <c> </c>
            <w xml:id="o5454-080900"
               n="52-a-0060"
               ecep:lem="the"
               ecep:pos="dt"
               ecep:reg="the"
               ecep:spe="th'"
               ecep:syllab="0"
               ecep:pron="ð">th'</w>
            <c> </c>
            <w xml:id="o5454-080910"
               n="52-a-0070"
               ecep:lem="anoint"
               ecep:pos="j-vvn"
               ecep:reg="anointed"
               ecep:spe="anointed"
               ecep:syllab="3"
               ecep:pron="əˈnɔɪntɪd">anointed</w>
            <c> </c>
            <w xml:id="o5454-080920"
               n="52-a-0080"
               ecep:lem="king"
               ecep:pos="n1"
               ecep:reg="King"
               ecep:spe="King"
               ecep:syllab="1"
               ecep:pron="kɪŋ">King</w>
            <pc xml:id="o5454-080930"
                n="52-a-0090"
                ecep:lem=","
                ecep:pos=","
                ecep:reg=","
                ecep:spe=",">,</pc>
         </l>
         <l xml:id="o5454-l03350">
            <c> </c>
            <w xml:id="o5454-080940"
               n="52-a-0100"
               ecep:lem="be"
               ecep:pos="vbb"
               ecep:reg="Be"
               ecep:spe="Be"
               ecep:syllab="1"
               ecep:pron="biː">Be</w>
            <c> </c>
            <w xml:id="o5454-080950"
               n="52-a-0110"
               ecep:lem="endless"
               ecep:pos="j"
               ecep:reg="endless"
               ecep:spe="endless"
               ecep:syllab="2"
               ecep:pron="ˈendləs">endless</w>
            <c> </c>
            <w xml:id="o5454-080960"
               n="52-a-0120"
               ecep:lem="blessing"
               ecep:pos="n2"
               ecep:reg="Blessings"
               ecep:spe="Blessings"
               ecep:syllab="2"
               ecep:pron="ˈblesɪŋz">Blessings</w>
            <c> </c>
            <w xml:id="o5454-080970"
               n="52-a-0130"
               ecep:lem="give"
               ecep:pos="vvn"
               ecep:reg="given"
               ecep:spe="giv'n"
               ecep:syllab="1"
               ecep:pron="gɪvn">giv'n</w>
            <pc xml:id="o5454-080980"
                n="52-a-0140"
                ecep:lem=";"
                ecep:pos=";"
                ecep:reg=";"
                ecep:spe=";">;</pc>
         </l>
         <l xml:id="o5454-l03355">
            <c> </c>
            <w xml:id="o5454-080990"
               n="52-a-0150"
               ecep:lem="let"
               ecep:pos="vvb"
               ecep:reg="Let"
               ecep:spe="Let"
               ecep:syllab="1"
               ecep:pron="let">Let</w>
            <c> </c>
            <w xml:id="o5454-081000"
               n="52-a-0160"
               ecep:lem="the"
               ecep:pos="dt"
               ecep:reg="the"
               ecep:spe="the"
               ecep:syllab="1"
               ecep:pron="ðiː">the</w>
            <c> </c>
            <w xml:id="o5454-081010"
               n="52-a-0170"
               ecep:lem="whole"
               ecep:pos="j-jn"
               ecep:reg="whole"
               ecep:spe="whole"
               ecep:syllab="1"
               ecep:pron="həʊl">whole</w>
            <c> </c>
            <w xml:id="o5454-081020"
               n="52-a-0180"
               ecep:lem="earth"
               ecep:pos="n1"
               ecep:reg="Earth"
               ecep:spe="Earth"
               ecep:syllab="1"
               ecep:pron="ɜːθ">Earth</w>
            <c> </c>
            <w xml:id="o5454-081030"
               n="52-a-0190"
               ecep:lem="his"
               ecep:pos="po31"
               ecep:reg="his"
               ecep:spe="his"
               ecep:syllab="1"
               ecep:pron="hɪz">his</w>
            <c> </c>
            <w xml:id="o5454-081040"
               n="52-a-0200"
               ecep:lem="glory"
               ecep:pos="n1"
               ecep:reg="Glory"
               ecep:spe="Glory"
               ecep:syllab="2"
               ecep:pron="ˈglɔːri">Glory</w>
            <c> </c>
            <w xml:id="o5454-081050"
               n="52-a-0210"
               ecep:lem="sing"
               ecep:pos="vvi"
               ecep:reg="sing"
               ecep:spe="sing"
               ecep:syllab="1"
               ecep:pron="sɪŋ">sing</w>
            <pc xml:id="o5454-081060"
                n="52-a-0220"
                ecep:lem=","
                ecep:pos=","
                ecep:reg=","
                ecep:spe=",">,</pc>
         </l>
         <l xml:id="o5454-l03360">
            <c> </c>
            <w xml:id="o5454-081070"
               n="52-a-0230"
               ecep:lem="who"
               ecep:pos="q-crq"
               ecep:reg="Who"
               ecep:spe="Who"
               ecep:syllab="1"
               ecep:pron="huː">Who</w>
            <c> </c>
            <w xml:id="o5454-081080"
               n="52-a-0240"
               ecep:lem="make"
               ecep:pos="vvd"
               ecep:reg="made"
               ecep:spe="made"
               ecep:syllab="1"
               ecep:pron="meɪd">made</w>
            <c> </c>
            <w xml:id="o5454-081090"
               n="52-a-0250"
               ecep:lem="our"
               ecep:pos="po12"
               ecep:reg="our"
               ecep:spe="our"
               ecep:syllab="1"
               ecep:pron="æə">our</w>
            <c> </c>
            <w xml:id="o5454-081100"
               n="52-a-0260"
               ecep:lem="peace"
               ecep:pos="n1"
               ecep:reg="Peace"
               ecep:spe="Peace"
               ecep:syllab="1"
               ecep:pron="piːs">Peace</w>
            <c> </c>
            <w xml:id="o5454-081110"
               n="52-a-0270"
               ecep:lem="with"
               ecep:pos="p-acp"
               ecep:reg="with"
               ecep:spe="with"
               ecep:syllab="1"
               ecep:pron="wɪð">with</w>
            <c> </c>
            <w xml:id="o5454-081120"
               n="52-a-0280"
               ecep:lem="heaven"
               ecep:pos="n1"
               ecep:reg="Heaven"
               ecep:spe="Heav'n"
               ecep:syllab="1"
               ecep:pron="ˈhevn">Heav'n</w>
            <pc xml:id="o5454-081130"
                n="52-a-0290"
                unit="sentence"
                ecep:lem="."
                ecep:pos="."
                ecep:reg="."
                ecep:spe=".">.</pc>
            <c> </c>
         </l>
      </lg>
   </div>
</div>
