<?xml version="1.0" encoding="UTF-8"?>
<?xml-model href="../tei_all.rnc" type="application/relax-ng-compact-syntax"?>
<TEI xmlns="http://www.tei-c.org/ns/1.0">
   <teiHeader>
      <fileDesc>
         <titleStmt>
            <title corresp="#txt_CrisAn1769_w0023">ELEGY.</title>
            <author corresp="authors.xml#aut_CrisAn1769">Ann Batten Cristall</author>
            <respStmt>
               <name xml:id="AH">Alexander Huber</name>
               <resp>Editor</resp>
            </respStmt>
            <funder>
               <name type="institution" xml:id="BOD">Bodleian Libraries, University of Oxford</name>
               <address>
                  <addrLine>Broad Street</addrLine>
                  <addrLine>Oxford OX1 3BG</addrLine>
                  <addrLine>UK</addrLine>
               </address>
            </funder>
         </titleStmt>
         <publicationStmt>
            <publisher xml:id="ECPA">Eighteenth-Century Poetry Archive</publisher>
            <address>
               <addrLine>Taylor Institution Library</addrLine>
               <addrLine>St Giles'</addrLine>
               <addrLine>Oxford OX1 3NA</addrLine>
               <addrLine>UK</addrLine>
               <addrLine>
                  <email>info@eighteenthcenturypoetry.org</email>
               </addrLine>
               <addrLine>
                  <ref target="https://www.eighteenthcenturypoetry.org/">https://www.eighteenthcenturypoetry.org/</ref>
               </addrLine>
            </address>
            <pubPlace>Oxford</pubPlace>
            <availability status="restricted">
               <licence target="http://creativecommons.org/licenses/by-sa/3.0/">This work is licensed under a Creative Commons Attribution-ShareAlike 3.0 Unported License.</licence>
            </availability>
            <idno type="ESTC">T126557</idno>
         </publicationStmt>
         <sourceDesc>
            <bibl>
               <author>Cristall, Ann Batten.</author>
               <title>Poetical Sketches by Ann Batten Cristall.</title>
               <pubPlace>London</pubPlace>
               <publisher>Printed for J. Johnson, St. Paul's Church Yard</publisher>
               <date>1795</date>
               <biblScope>pp. 151-153.</biblScope>
               <extent>[14],187,[1]p.; 8⁰.</extent>
            </bibl>
         </sourceDesc>
      </fileDesc>
      <encodingDesc>
         <projectDesc>
            <p>This e-text is part of the Works section of the Eighteenth-Century Poetry Archive (ECPA).</p>
            <p>XML created for the Eighteenth-Century Poetry Archive (ECPA).</p>
         </projectDesc>
         <editorialDecl>
            <p>Typography, spelling, capitalization, and punctuation have been cautiously modernized. The source of the text is given and all significant
						editorial interventions have been recorded in textual notes. This  text has been edited to conform to the recommendations found 
						in Level 5 of the
						Best Practices for TEI in Libraries version 4.0.0.
					</p>
         </editorialDecl>
         <classDecl>
            <taxonomy xml:id="LCNAF">
               <bibl>Library of Congress Name Authority File (<abbr>LCNAF</abbr>)</bibl>
            </taxonomy>
         </classDecl>
         <tagsDecl>
            <rendition n="linegroups indented" xml:id="lgindent" scheme="css">text-indent: 1em;</rendition>
            <rendition n="linegroups vertically spaced" xml:id="lgvspace" scheme="css">margin-bottom: 1em;</rendition>
            <rendition n="aligned centrally" xml:id="align-center" scheme="css">text-align: center;</rendition>
            <rendition n="aligned right" xml:id="align-right" scheme="css">text-align: right;</rendition>
            <rendition n="aligned left" xml:id="align-left" scheme="css">text-align: left;</rendition>
            <rendition n="inline" xml:id="inline" scheme="css">display: inline</rendition>
            <rendition n="italic" xml:id="i" scheme="css">font-style: italic;</rendition>
            <rendition n="bold" xml:id="b" scheme="css">font-weight: bold;</rendition>
         </tagsDecl>
      </encodingDesc>
   </teiHeader>
   <text>
      <body>
         <div xmlns:ecep="http://www.eighteenthcenturypoetry.org/ns"
              xmlns:tei="http://www.tei-c.org/ns/1.0"
              ana="#iamb #hexameter #quatrain #pair #song"
              corresp="#txt_CrisAn1769_w0023"
              decls="#semi-normalized"
              ecep:syllab="12.12.12.12"
              met="-+|-+|-+|-+|-+|-+/ -+|-+|-+|-+|-+|-+/ -+|-+|-+|-+|-+|-+/ -+|-+|-+|-+|-+|-+/"
              rendition="#lgvspace"
              rhyme="aabb"
              subtype="eceptext"
              type="poem"
              xml:id="cac95-w0230">
            <link target="authors.xml#aut_CrisAn1769" type="author"/>
            <head type="main">
               <w xml:id="cac95-220300"
                  n="a-0010"
                  ecep:lem="elegy"
                  ecep:pos="n1"
                  ecep:reg="ELEGY"
                  ecep:spe="ELEGY"
                  ecep:syllab="3"
                  ecep:pron="ˈelɪdʒi">ELEGY</w>
               <pc xml:id="cac95-220310"
                   n="a-0020"
                   unit="sentence"
                   ecep:lem="."
                   ecep:pos="."
                   ecep:reg="."
                   ecep:spe=".">.</pc>
            </head>
            <lg xml:id="cac95-s01340">
               <l xml:id="cac95-l11810">
                  <w xml:id="cac95-220340"
                     n="a-0030"
                     ecep:lem="wander"
                     ecep:pos="vvb"
                     ecep:reg="WANDER"
                     ecep:spe="WANDER"
                     ecep:syllab="2"
                     ecep:pron="ˈwɒndə">WANDER</w>
                  <pc xml:id="cac95-220350"
                      n="a-0040"
                      ecep:lem=","
                      ecep:pos=","
                      ecep:reg=","
                      ecep:spe=",">,</pc>
                  <c> </c>
                  <w xml:id="cac95-220360"
                     n="a-0050"
                     ecep:lem="my"
                     ecep:pos="po11"
                     ecep:reg="my"
                     ecep:spe="my"
                     ecep:syllab="1"
                     ecep:pron="maɪ">my</w>
                  <c> </c>
                  <w xml:id="cac95-220370"
                     n="a-0060"
                     ecep:lem="trouble"
                     ecep:pos="j-vvn"
                     ecep:reg="troubled"
                     ecep:spe="troubled"
                     ecep:syllab="2"
                     ecep:pron="ˈtrʌbld">troubled</w>
                  <c> </c>
                  <w xml:id="cac95-220380"
                     n="a-0070"
                     ecep:lem="soul"
                     ecep:pos="n1"
                     ecep:reg="soul"
                     ecep:spe="soul"
                     ecep:syllab="1"
                     ecep:pron="səʊl">soul</w>
                  <pc xml:id="cac95-220390"
                      n="a-0080"
                      ecep:lem=","
                      ecep:pos=","
                      ecep:reg=","
                      ecep:spe=",">,</pc>
                  <c> </c>
                  <w xml:id="cac95-220400"
                     n="a-0090"
                     ecep:lem="sigh"
                     ecep:pos="n1"
                     ecep:reg="sigh"
                     ecep:spe="sigh"
                     ecep:syllab="1"
                     ecep:pron="saɪ">sigh</w>
                  <c> </c>
                  <w xml:id="cac95-220420"
                     n="a-0110"
                     ecep:lem="amid"
                     ecep:pos="p-acp"
                     ecep:reg="amid"
                     ecep:spe="'mid"
                     ecep:syllab="1"
                     ecep:pron="mˈɪd">'mid</w>
                  <c> </c>
                  <w xml:id="cac95-220430"
                     n="a-0120"
                     ecep:lem="the"
                     ecep:pos="dt"
                     ecep:reg="the"
                     ecep:spe="the"
                     ecep:syllab="1"
                     ecep:pron="ðiː">the</w>
                  <c> </c>
                  <w xml:id="cac95-220440"
                     n="a-0130"
                     ecep:lem="night"
                     ecep:pos="n1"
                     ecep:reg="night"
                     ecep:spe="night"
                     ecep:syllab="1"
                     ecep:pron="naɪt">night</w>
                  <c> </c>
                  <w xml:id="cac95-220450"
                     n="a-0140"
                     ecep:lem="thy"
                     ecep:pos="po21"
                     ecep:reg="thy"
                     ecep:spe="thy"
                     ecep:syllab="1"
                     ecep:pron="ðaɪ">thy</w>
                  <c> </c>
                  <w xml:id="cac95-220460"
                     n="a-0150"
                     ecep:lem="pain"
                     ecep:pos="n1"
                     ecep:reg="pain"
                     ecep:spe="pain"
                     ecep:syllab="1"
                     ecep:pron="peɪn">pain</w>
                  <pc xml:id="cac95-220470"
                      n="a-0160"
                      ecep:lem=","
                      ecep:pos=","
                      ecep:reg=","
                      ecep:spe=",">,</pc>
               </l>
               <l xml:id="cac95-l11815">
                  <c> </c>
                  <w xml:id="cac95-220480"
                     n="a-0170"
                     ecep:lem="while"
                     ecep:pos="cs"
                     ecep:reg="While"
                     ecep:spe="While"
                     ecep:syllab="1"
                     ecep:pron="ˈwaɪl">While</w>
                  <c> </c>
                  <w xml:id="cac95-220490"
                     n="a-0180"
                     ecep:lem="from"
                     ecep:pos="p-acp"
                     ecep:reg="from"
                     ecep:spe="from"
                     ecep:syllab="1"
                     ecep:pron="frɒm">from</w>
                  <c> </c>
                  <w xml:id="cac95-220500"
                     n="a-0190"
                     ecep:lem="my"
                     ecep:pos="po11"
                     ecep:reg="my"
                     ecep:spe="my"
                     ecep:syllab="1"
                     ecep:pron="maɪ">my</w>
                  <c> </c>
                  <w xml:id="cac95-220510"
                     n="a-0200"
                     ecep:lem="cloud-hung"
                     ecep:pos="j"
                     ecep:reg="cloud-hung"
                     ecep:spe="cloud-hung"
                     ecep:syllab="2"
                     ecep:pron="klaʊdˌhʌŋ">cloud-hung</w>
                  <c> </c>
                  <w xml:id="cac95-220520"
                     n="a-0210"
                     ecep:lem="brow"
                     ecep:pos="n1"
                     ecep:reg="brow"
                     ecep:spe="brow"
                     ecep:syllab="1"
                     ecep:pron="braʊ">brow</w>
                  <c> </c>
                  <w xml:id="cac95-220530"
                     n="a-0220"
                     ecep:lem="stream"
                     ecep:pos="n1"
                     ecep:reg="stream"
                     ecep:spe="stream"
                     ecep:syllab="1"
                     ecep:pron="striːm">stream</w>
                  <c> </c>
                  <w xml:id="cac95-220540"
                     n="a-0230"
                     ecep:lem="shower"
                     ecep:pos="n2"
                     ecep:reg="showers"
                     ecep:spe="showers"
                     ecep:syllab="1"
                     ecep:pron="ˈʃaʊəz">showers</w>
                  <c> </c>
                  <w xml:id="cac95-220550"
                     n="a-0240"
                     ecep:lem="of"
                     ecep:pos="pp-f"
                     ecep:reg="of"
                     ecep:spe="of"
                     ecep:syllab="1"
                     ecep:pron="ɒv">of</w>
                  <c> </c>
                  <w xml:id="cac95-220560"
                     n="a-0250"
                     ecep:lem="briny"
                     ecep:pos="j"
                     ecep:reg="briny"
                     ecep:spe="briny"
                     ecep:syllab="2"
                     ecep:pron="ˈbraɪni">briny</w>
                  <c> </c>
                  <w xml:id="cac95-220570"
                     n="a-0260"
                     ecep:lem="rain"
                     ecep:pos="n1"
                     ecep:reg="rain"
                     ecep:spe="rain"
                     ecep:syllab="1"
                     ecep:pron="reɪn">rain</w>
                  <pc xml:id="cac95-220580"
                      n="a-0270"
                      ecep:lem=";"
                      ecep:pos=";"
                      ecep:reg=";"
                      ecep:spe=";">;</pc>
               </l>
               <l xml:id="cac95-l11820">
                  <c> </c>
                  <w xml:id="cac95-220590"
                     n="a-0280"
                     ecep:lem="my"
                     ecep:pos="po11"
                     ecep:reg="My"
                     ecep:spe="My"
                     ecep:syllab="1"
                     ecep:pron="maɪ">My</w>
                  <c> </c>
                  <w xml:id="cac95-220600"
                     n="a-0290"
                     ecep:lem="spirit"
                     ecep:pos="n1"
                     ecep:reg="spirit"
                     ecep:spe="spirit"
                     ecep:syllab="2"
                     ecep:pron="ˈspɪrɪt">spirit</w>
                  <c> </c>
                  <w xml:id="cac95-220610"
                     n="a-0300"
                     ecep:lem="fly"
                     ecep:pos="vvz"
                     ecep:reg="flies"
                     ecep:spe="flies"
                     ecep:syllab="1"
                     ecep:pron="flaɪz">flies</w>
                  <c> </c>
                  <w xml:id="cac95-220620"
                     n="a-0310"
                     ecep:lem="the"
                     ecep:pos="dt"
                     ecep:reg="the"
                     ecep:spe="the"
                     ecep:syllab="1"
                     ecep:pron="ðiː">the</w>
                  <c> </c>
                  <w xml:id="cac95-220630"
                     n="a-0320"
                     ecep:lem="earth"
                     ecep:pos="n1"
                     ecep:reg="earth"
                     ecep:spe="earth"
                     ecep:syllab="1"
                     ecep:pron="ɜːθ">earth</w>
                  <pc xml:id="cac95-220640"
                      n="a-0330"
                      ecep:lem=","
                      ecep:pos=","
                      ecep:reg=","
                      ecep:spe=",">,</pc>
                  <c> </c>
                  <w xml:id="cac95-220650"
                     n="a-0340"
                     ecep:lem="the"
                     ecep:pos="dt"
                     ecep:reg="the"
                     ecep:spe="the"
                     ecep:syllab="1"
                     ecep:pron="ðiː">the</w>
                  <c> </c>
                  <w xml:id="cac95-220660"
                     n="a-0350"
                     ecep:lem="dark"
                     ecep:pos="js"
                     ecep:reg="darkest"
                     ecep:spe="darkest"
                     ecep:syllab="2"
                     ecep:pron="dɑːkɪst">darkest</w>
                  <c> </c>
                  <w xml:id="cac95-220670"
                     n="a-0360"
                     ecep:lem="gloom"
                     ecep:pos="n1"
                     ecep:reg="gloom"
                     ecep:spe="gloom"
                     ecep:syllab="1"
                     ecep:pron="gluːm">gloom</w>
                  <c> </c>
                  <w xml:id="cac95-220680"
                     n="a-0370"
                     ecep:lem="pervade"
                     ecep:pos="vvz"
                     ecep:reg="pervades"
                     ecep:spe="pervades"
                     ecep:syllab="2"
                     ecep:pron="pəˈveɪdz">pervades</w>
                  <pc xml:id="cac95-220690"
                      n="a-0380"
                      ecep:lem=","
                      ecep:pos=","
                      ecep:reg=","
                      ecep:spe=",">,</pc>
               </l>
               <l xml:id="cac95-l11825">
                  <c> </c>
                  <w xml:id="cac95-220700"
                     n="a-0390"
                     ecep:lem="hover"
                     ecep:pos="vvz"
                     ecep:reg="Hovers"
                     ecep:spe="Hovers"
                     ecep:syllab="2"
                     ecep:pron="ˈhɒvəz">Hovers</w>
                  <c> </c>
                  <w xml:id="cac95-220710"
                     n="a-0400"
                     ecep:lem="around"
                     ecep:pos="a-acp"
                     ecep:reg="around"
                     ecep:spe="around"
                     ecep:syllab="2"
                     ecep:pron="əˈraʊnd">around</w>
                  <c> </c>
                  <w xml:id="cac95-220720"
                     n="a-0410"
                     ecep:lem="the"
                     ecep:pos="dt"
                     ecep:reg="the"
                     ecep:spe="the"
                     ecep:syllab="1"
                     ecep:pron="ðiː">the</w>
                  <c> </c>
                  <w xml:id="cac95-220730"
                     n="a-0420"
                     ecep:lem="dead"
                     ecep:pos="j"
                     ecep:reg="dead"
                     ecep:spe="dead"
                     ecep:syllab="1"
                     ecep:pron="ded">dead</w>
                  <pc xml:id="cac95-220740"
                      n="a-0430"
                      ecep:lem=","
                      ecep:pos=","
                      ecep:reg=","
                      ecep:spe=",">,</pc>
                  <c> </c>
                  <w xml:id="cac95-220750"
                     n="a-0440"
                     ecep:lem="and"
                     ecep:pos="cc"
                     ecep:reg="and"
                     ecep:spe="and"
                     ecep:syllab="1"
                     ecep:pron="ænd">and</w>
                  <c> </c>
                  <w xml:id="cac95-220760"
                     n="a-0450"
                     ecep:lem="mingle"
                     ecep:pos="vvz"
                     ecep:reg="mingles"
                     ecep:spe="mingles"
                     ecep:syllab="2"
                     ecep:pron="ˈmɪŋglz">mingles</w>
                  <c> </c>
                  <w xml:id="cac95-220770"
                     n="a-0460"
                     ecep:lem="with"
                     ecep:pos="p-acp"
                     ecep:reg="with"
                     ecep:spe="with"
                     ecep:syllab="1"
                     ecep:pron="wɪð">with</w>
                  <c> </c>
                  <w xml:id="cac95-220780"
                     n="a-0470"
                     ecep:lem="the"
                     ecep:pos="dt"
                     ecep:reg="the"
                     ecep:spe="the"
                     ecep:syllab="1"
                     ecep:pron="ðiː">the</w>
                  <c> </c>
                  <w xml:id="cac95-220790"
                     n="a-0480"
                     ecep:lem="shade"
                     ecep:pos="n2"
                     ecep:reg="shades"
                     ecep:spe="shades"
                     ecep:syllab="1"
                     ecep:pron="ʃeɪdz">shades</w>
                  <pc xml:id="cac95-220800"
                      n="a-0490"
                      unit="sentence"
                      ecep:lem="."
                      ecep:pos="."
                      ecep:reg="."
                      ecep:spe=".">.</pc>
                  <c> </c>
               </l>
            </lg>
            <lg xml:id="cac95-s01345">
               <l xml:id="cac95-l11830">
                  <w xml:id="cac95-220830"
                     n="a-0500"
                     ecep:lem="O!"
                     ecep:pos="np1"
                     ecep:reg="O!"
                     ecep:spe="O!"
                     ecep:syllab="1"
                     ecep:pron="ˈəʊ">O!</w>
                  <c> </c>
                  <w xml:id="cac95-220840"
                     n="a-0510"
                     ecep:lem="friend"
                     ecep:pos="n1"
                     ecep:reg="friend"
                     ecep:spe="friend"
                     ecep:syllab="1"
                     ecep:pron="frend">friend</w>
                  <c> </c>
                  <w xml:id="cac95-220850"
                     n="a-0520"
                     ecep:lem="of"
                     ecep:pos="pp-f"
                     ecep:reg="of"
                     ecep:spe="of"
                     ecep:syllab="1"
                     ecep:pron="ɒv">of</w>
                  <c> </c>
                  <w xml:id="cac95-220860"
                     n="a-0530"
                     ecep:lem="my"
                     ecep:pos="po11"
                     ecep:reg="my"
                     ecep:spe="my"
                     ecep:syllab="1"
                     ecep:pron="maɪ">my</w>
                  <c> </c>
                  <w xml:id="cac95-220870"
                     n="a-0540"
                     ecep:lem="breast"
                     ecep:pos="n1"
                     ecep:reg="breast"
                     ecep:spe="breast"
                     ecep:syllab="1"
                     ecep:pron="brest">breast</w>
                  <pc xml:id="cac95-220880"
                      n="a-0550"
                      ecep:lem="!"
                      ecep:pos="!"
                      ecep:reg="!"
                      ecep:spe="!">!</pc>
                  <c> </c>
                  <w xml:id="cac95-220890"
                     n="a-0560"
                     ecep:lem="thou|be"
                     ecep:pos="pns21|vb2r"
                     ecep:reg="thou'rt"
                     ecep:spe="thou'rt"
                     ecep:syllab="1"
                     ecep:pron="ðaʊɑːt">thou'rt</w>
                  <c> </c>
                  <w xml:id="cac95-220900"
                     n="a-0570"
                     ecep:lem="entomb"
                     ecep:pos="j-vvn"
                     ecep:reg="entombed"
                     ecep:spe="entomb'd"
                     ecep:syllab="2"
                     ecep:pron="ɪnˈtuːmd">entomb'd</w>
                  <c> </c>
                  <w xml:id="cac95-220910"
                     n="a-0580"
                     ecep:lem="within"
                     ecep:pos="p-acp"
                     ecep:reg="within"
                     ecep:spe="within"
                     ecep:syllab="2"
                     ecep:pron="wɪˈðɪn">within</w>
                  <c> </c>
                  <w xml:id="cac95-220920"
                     n="a-0590"
                     ecep:lem="my"
                     ecep:pos="po11"
                     ecep:reg="my"
                     ecep:spe="my"
                     ecep:syllab="1"
                     ecep:pron="maɪ">my</w>
                  <c> </c>
                  <w xml:id="cac95-220930"
                     n="a-0600"
                     ecep:lem="heart"
                     ecep:pos="n1"
                     ecep:reg="heart"
                     ecep:spe="heart"
                     ecep:syllab="1"
                     ecep:pron="hɑːt">heart</w>
                  <pc xml:id="cac95-220940"
                      n="a-0610"
                      ecep:lem=","
                      ecep:pos=","
                      ecep:reg=","
                      ecep:spe=",">,</pc>
               </l>
               <l xml:id="cac95-l11835">
                  <c> </c>
                  <w xml:id="cac95-220950"
                     n="a-0620"
                     ecep:lem="i"
                     ecep:pos="pns11"
                     ecep:reg="I"
                     ecep:spe="I"
                     ecep:syllab="1"
                     ecep:pron="aɪ">I</w>
                  <c> </c>
                  <w xml:id="cac95-220960"
                     n="a-0630"
                     ecep:lem="still"
                     ecep:pos="av"
                     ecep:reg="still"
                     ecep:spe="still"
                     ecep:syllab="1"
                     ecep:pron="stɪl">still</w>
                  <c> </c>
                  <w xml:id="cac95-220970"
                     n="a-0640"
                     ecep:lem="to"
                     ecep:pos="p-acp"
                     ecep:reg="to"
                     ecep:spe="to"
                     ecep:syllab="1"
                     ecep:pron="tuː">to</w>
                  <c> </c>
                  <w xml:id="cac95-220980"
                     n="a-0650"
                     ecep:lem="thou"
                     ecep:pos="pno21"
                     ecep:reg="thee"
                     ecep:spe="thee"
                     ecep:syllab="1"
                     ecep:pron="ðiː">thee</w>
                  <c> </c>
                  <w xml:id="cac95-220990"
                     n="a-0660"
                     ecep:lem="alone"
                     ecep:pos="av-j"
                     ecep:reg="alone"
                     ecep:spe="alone"
                     ecep:syllab="2"
                     ecep:pron="əˈləʊn">alone</w>
                  <c> </c>
                  <w xml:id="cac95-221000"
                     n="a-0670"
                     ecep:lem="my"
                     ecep:pos="po11"
                     ecep:reg="my"
                     ecep:spe="my"
                     ecep:syllab="1"
                     ecep:pron="maɪ">my</w>
                  <c> </c>
                  <w xml:id="cac95-221010"
                     n="a-0680"
                     ecep:lem="inmost"
                     ecep:pos="j"
                     ecep:reg="inmost"
                     ecep:spe="inmost"
                     ecep:syllab="2"
                     ecep:pron="ˈɪnməst">inmost</w>
                  <c> </c>
                  <w xml:id="cac95-221020"
                     n="a-0690"
                     ecep:lem="thought"
                     ecep:pos="n2"
                     ecep:reg="thoughts"
                     ecep:spe="thoughts"
                     ecep:syllab="1"
                     ecep:pron="θɔːts">thoughts</w>
                  <c> </c>
                  <w xml:id="cac95-221030"
                     n="a-0700"
                     ecep:lem="impart"
                     ecep:pos="vvi"
                     ecep:reg="impart"
                     ecep:spe="impart"
                     ecep:syllab="2"
                     ecep:pron="ɪmˈpɑːt">impart</w>
                  <pc xml:id="cac95-221040"
                      n="a-0710"
                      ecep:lem=";"
                      ecep:pos=";"
                      ecep:reg=";"
                      ecep:spe=";">;</pc>
               </l>
               <l xml:id="cac95-l11840">
                  <c> </c>
                  <w xml:id="cac95-221050"
                     n="a-0720"
                     ecep:lem="solace"
                     ecep:pos="vvd"
                     ecep:reg="Solaced"
                     ecep:spe="Solac'd"
                     ecep:syllab="2"
                     ecep:pron="ˈsɒləst">Solac'd</w>
                  <c> </c>
                  <w xml:id="cac95-221060"
                     n="a-0730"
                     ecep:lem="no"
                     ecep:pos="dx"
                     ecep:reg="no"
                     ecep:spe="no"
                     ecep:syllab="1"
                     ecep:pron="nəʊ">no</w>
                  <c> </c>
                  <w xml:id="cac95-221070"
                     n="a-0740"
                     ecep:lem="more"
                     ecep:pos="dc"
                     ecep:reg="more"
                     ecep:spe="more"
                     ecep:syllab="1"
                     ecep:pron="mɔː">more</w>
                  <c> </c>
                  <w xml:id="cac95-221080"
                     n="a-0750"
                     ecep:lem="by"
                     ecep:pos="p-acp"
                     ecep:reg="by"
                     ecep:spe="by"
                     ecep:syllab="1"
                     ecep:pron="baɪ">by</w>
                  <c> </c>
                  <w xml:id="cac95-221090"
                     n="a-0760"
                     ecep:lem="thou"
                     ecep:pos="pno21"
                     ecep:reg="thee"
                     ecep:spe="thee"
                     ecep:syllab="1"
                     ecep:pron="ðiː">thee</w>
                  <pc xml:id="cac95-221100"
                      n="a-0770"
                      ecep:lem=","
                      ecep:pos=","
                      ecep:reg=","
                      ecep:spe=",">,</pc>
                  <c> </c>
                  <w xml:id="cac95-221110"
                     n="a-0780"
                     ecep:lem="vain"
                     ecep:pos="j"
                     ecep:reg="vain"
                     ecep:spe="vain"
                     ecep:syllab="1"
                     ecep:pron="veɪn">vain</w>
                  <c> </c>
                  <w xml:id="cac95-221120"
                     n="a-0790"
                     ecep:lem="be"
                     ecep:pos="vbz"
                     ecep:reg="is"
                     ecep:spe="is"
                     ecep:syllab="1"
                     ecep:pron="ɪz">is</w>
                  <c> </c>
                  <w xml:id="cac95-221130"
                     n="a-0800"
                     ecep:lem="the"
                     ecep:pos="dt"
                     ecep:reg="the"
                     ecep:spe="the"
                     ecep:syllab="1"
                     ecep:pron="ðiː">the</w>
                  <c> </c>
                  <w xml:id="cac95-221140"
                     n="a-0810"
                     ecep:lem="power"
                     ecep:pos="n1"
                     ecep:reg="power"
                     ecep:spe="power"
                     ecep:syllab="1"
                     ecep:pron="ˈpaʊə">power</w>
                  <c> </c>
                  <w xml:id="cac95-221150"
                     n="a-0820"
                     ecep:lem="of"
                     ecep:pos="pp-f"
                     ecep:reg="of"
                     ecep:spe="of"
                     ecep:syllab="1"
                     ecep:pron="ɒv">of</w>
                  <c> </c>
                  <w xml:id="cac95-221160"
                     n="a-0830"
                     ecep:lem="song"
                     ecep:pos="n1"
                     ecep:reg="song"
                     ecep:spe="song"
                     ecep:syllab="1"
                     ecep:pron="sɒŋ">song</w>
                  <pc xml:id="cac95-221170"
                      n="a-0840"
                      ecep:lem=","
                      ecep:pos=","
                      ecep:reg=","
                      ecep:spe=",">,</pc>
               </l>
               <l xml:id="cac95-l11845">
                  <c> </c>
                  <w xml:id="cac95-221180"
                     n="a-0850"
                     ecep:lem="sigh"
                     ecep:pos="n2"
                     ecep:reg="Sighs"
                     ecep:spe="Sighs"
                     ecep:syllab="1"
                     ecep:pron="saɪz">Sighs</w>
                  <c> </c>
                  <w xml:id="cac95-221190"
                     n="a-0860"
                     ecep:lem="check"
                     ecep:pos="vvb"
                     ecep:reg="cheque"
                     ecep:spe="check"
                     ecep:syllab="1"
                     ecep:pron="tʃek">check</w>
                  <c> </c>
                  <w xml:id="cac95-221200"
                     n="a-0870"
                     ecep:lem="each"
                     ecep:pos="d"
                     ecep:reg="each"
                     ecep:spe="each"
                     ecep:syllab="1"
                     ecep:pron="iːtʃ">each</w>
                  <c> </c>
                  <w xml:id="cac95-221210"
                     n="a-0880"
                     ecep:lem="tuneful"
                     ecep:pos="j"
                     ecep:reg="tuneful"
                     ecep:spe="tuneful"
                     ecep:syllab="2"
                     ecep:pron="ˈtʃuːnfl">tuneful</w>
                  <c> </c>
                  <w xml:id="cac95-221220"
                     n="a-0890"
                     ecep:lem="lay"
                     ecep:pos="n-jn"
                     ecep:reg="lay"
                     ecep:spe="lay"
                     ecep:syllab="1"
                     ecep:pron="leɪ">lay</w>
                  <pc xml:id="cac95-221230"
                      n="a-0900"
                      ecep:lem=","
                      ecep:pos=","
                      ecep:reg=","
                      ecep:spe=",">,</pc>
                  <c> </c>
                  <w xml:id="cac95-221240"
                     n="a-0910"
                     ecep:lem="and"
                     ecep:pos="cc"
                     ecep:reg="and"
                     ecep:spe="and"
                     ecep:syllab="1"
                     ecep:pron="ænd">and</w>
                  <c> </c>
                  <w xml:id="cac95-221250"
                     n="a-0920"
                     ecep:lem="murmur"
                     ecep:pos="vvg"
                     ecep:reg="murmuring"
                     ecep:spe="murmuring"
                     ecep:syllab="3"
                     ecep:pron="ˈmɜːmrɪŋ">murmuring</w>
                  <c> </c>
                  <w xml:id="cac95-221260"
                     n="a-0930"
                     ecep:lem="glide"
                     ecep:pos="vvi"
                     ecep:reg="glide"
                     ecep:spe="glide"
                     ecep:syllab="1"
                     ecep:pron="glaɪd">glide</w>
                  <c> </c>
                  <w xml:id="cac95-221270"
                     n="a-0940"
                     ecep:lem="along"
                     ecep:pos="a-acp"
                     ecep:reg="along"
                     ecep:spe="along"
                     ecep:syllab="2"
                     ecep:pron="əˈlɒŋ">along</w>
                  <pc xml:id="cac95-221280"
                      n="a-0950"
                      unit="sentence"
                      ecep:lem="."
                      ecep:pos="."
                      ecep:reg="."
                      ecep:spe=".">.</pc>
                  <c> </c>
               </l>
            </lg>
            <lg xml:id="cac95-s01350">
               <l xml:id="cac95-l11850">
                  <w xml:id="cac95-221310"
                     n="a-0960"
                     ecep:lem="thou"
                     ecep:pos="pns21"
                     ecep:reg="Thou"
                     ecep:spe="Thou"
                     ecep:syllab="1"
                     ecep:pron="θaʊ">Thou</w>
                  <c> </c>
                  <w xml:id="cac95-221320"
                     n="a-0970"
                     ecep:lem="be"
                     ecep:pos="vbd2r"
                     ecep:reg="wert"
                     ecep:spe="wert"
                     ecep:syllab="1"
                     ecep:pron="wɜːt">wert</w>
                  <c> </c>
                  <w xml:id="cac95-221330"
                     n="a-0980"
                     ecep:lem="unto"
                     ecep:pos="p-acp"
                     ecep:reg="unto"
                     ecep:spe="unto"
                     ecep:syllab="2"
                     ecep:pron="ˈʌntuː">unto</w>
                  <c> </c>
                  <w xml:id="cac95-221340"
                     n="a-0990"
                     ecep:lem="my"
                     ecep:pos="po11"
                     ecep:reg="my"
                     ecep:spe="my"
                     ecep:syllab="1"
                     ecep:pron="maɪ">my</w>
                  <c> </c>
                  <w xml:id="cac95-221350"
                     n="a-1000"
                     ecep:lem="soul"
                     ecep:pos="n1"
                     ecep:reg="soul"
                     ecep:spe="soul"
                     ecep:syllab="1"
                     ecep:pron="səʊl">soul</w>
                  <c> </c>
                  <w xml:id="cac95-221360"
                     n="a-1010"
                     ecep:lem="what"
                     ecep:pos="r-crq"
                     ecep:reg="what"
                     ecep:spe="what"
                     ecep:syllab="1"
                     ecep:pron="wɒt">what</w>
                  <c> </c>
                  <w xml:id="cac95-221370"
                     n="a-1020"
                     ecep:lem="the"
                     ecep:pos="dt"
                     ecep:reg="the"
                     ecep:spe="the"
                     ecep:syllab="1"
                     ecep:pron="ðiː">the</w>
                  <c> </c>
                  <w xml:id="cac95-221380"
                     n="a-1030"
                     ecep:lem="sun"
                     ecep:pos="n1"
                     ecep:reg="sun"
                     ecep:spe="sun"
                     ecep:syllab="1"
                     ecep:pron="sʌn">sun</w>
                  <c> </c>
                  <w xml:id="cac95-221390"
                     n="a-1040"
                     ecep:lem="be"
                     ecep:pos="vbz"
                     ecep:reg="is"
                     ecep:spe="is"
                     ecep:syllab="1"
                     ecep:pron="ɪz">is</w>
                  <c> </c>
                  <w xml:id="cac95-221400"
                     n="a-1050"
                     ecep:lem="to"
                     ecep:pos="p-acp"
                     ecep:reg="to"
                     ecep:spe="to"
                     ecep:syllab="1"
                     ecep:pron="tuː">to</w>
                  <c> </c>
                  <w xml:id="cac95-221410"
                     n="a-1060"
                     ecep:lem="my"
                     ecep:pos="po11"
                     ecep:reg="my"
                     ecep:spe="my"
                     ecep:syllab="1"
                     ecep:pron="maɪ">my</w>
                  <c> </c>
                  <w xml:id="cac95-221420"
                     n="a-1070"
                     ecep:lem="sight"
                     ecep:pos="n1"
                     ecep:reg="sight"
                     ecep:spe="sight"
                     ecep:syllab="1"
                     ecep:pron="saɪt">sight</w>
                  <pc xml:id="cac95-221430"
                      n="a-1080"
                      ecep:lem=","
                      ecep:pos=","
                      ecep:reg=","
                      ecep:spe=",">,</pc>
               </l>
               <l xml:id="cac95-l11855">
                  <c> </c>
                  <w xml:id="cac95-221440"
                     n="a-1090"
                     ecep:lem="but"
                     ecep:pos="cc-acp"
                     ecep:reg="But"
                     ecep:spe="But"
                     ecep:syllab="1"
                     ecep:pron="bʌt">But</w>
                  <c> </c>
                  <w xml:id="cac95-221450"
                     n="a-1100"
                     ecep:lem="thou"
                     ecep:pos="pns21"
                     ecep:reg="thou"
                     ecep:spe="thou"
                     ecep:syllab="1"
                     ecep:pron="θaʊ">thou</w>
                  <c> </c>
                  <w xml:id="cac95-221460"
                     n="a-1110"
                     ecep:lem="be"
                     ecep:pos="vb2r"
                     ecep:reg="art"
                     ecep:spe="art"
                     ecep:syllab="1"
                     ecep:pron="ɑːt">art</w>
                  <c> </c>
                  <w xml:id="cac95-221470"
                     n="a-1120"
                     ecep:lem="set"
                     ecep:pos="vvn"
                     ecep:reg="set"
                     ecep:spe="set"
                     ecep:syllab="1"
                     ecep:pron="set">set</w>
                  <c> </c>
                  <w xml:id="cac95-221480"
                     n="a-1130"
                     ecep:lem="in"
                     ecep:pos="p-acp"
                     ecep:reg="in"
                     ecep:spe="in"
                     ecep:syllab="1"
                     ecep:pron="ɪn">in</w>
                  <c> </c>
                  <w xml:id="cac95-221490"
                     n="a-1140"
                     ecep:lem="death"
                     ecep:pos="n1"
                     ecep:reg="death"
                     ecep:spe="death"
                     ecep:syllab="1"
                     ecep:pron="deθ">death</w>
                  <pc xml:id="cac95-221500"
                      n="a-1150"
                      ecep:lem=","
                      ecep:pos=","
                      ecep:reg=","
                      ecep:spe=",">,</pc>
                  <c> </c>
                  <w xml:id="cac95-221510"
                     n="a-1160"
                     ecep:lem="and"
                     ecep:pos="cc"
                     ecep:reg="and"
                     ecep:spe="and"
                     ecep:syllab="1"
                     ecep:pron="ænd">and</w>
                  <c> </c>
                  <w xml:id="cac95-221520"
                     n="a-1170"
                     ecep:lem="i"
                     ecep:pos="pns11"
                     ecep:reg="I"
                     ecep:spe="I"
                     ecep:syllab="1"
                     ecep:pron="aɪ">I</w>
                  <c> </c>
                  <w xml:id="cac95-221530"
                     n="a-1180"
                     ecep:lem="be"
                     ecep:pos="vbm"
                     ecep:reg="am"
                     ecep:spe="am"
                     ecep:syllab="1"
                     ecep:pron="æm">am</w>
                  <c> </c>
                  <w xml:id="cac95-221540"
                     n="a-1190"
                     ecep:lem="lose"
                     ecep:pos="vvn"
                     ecep:reg="lost"
                     ecep:spe="lost"
                     ecep:syllab="1"
                     ecep:pron="lɒst">lost</w>
                  <c> </c>
                  <w xml:id="cac95-221550"
                     n="a-1200"
                     ecep:lem="in"
                     ecep:pos="p-acp"
                     ecep:reg="in"
                     ecep:spe="in"
                     ecep:syllab="1"
                     ecep:pron="ɪn">in</w>
                  <c> </c>
                  <w xml:id="cac95-221560"
                     n="a-1210"
                     ecep:lem="night"
                     ecep:pos="n1"
                     ecep:reg="night"
                     ecep:spe="night"
                     ecep:syllab="1"
                     ecep:pron="naɪt">night</w>
                  <pc xml:id="cac95-221570"
                      n="a-1220"
                      ecep:lem=";"
                      ecep:pos=";"
                      ecep:reg=";"
                      ecep:spe=";">;</pc>
               </l>
               <pb n="152" rend="none"/>
               <l xml:id="cac95-l11860">
                  <c> </c>
                  <w xml:id="cac95-221580"
                     n="a-0010"
                     ecep:lem="all"
                     ecep:pos="d"
                     ecep:reg="All"
                     ecep:spe="All"
                     ecep:syllab="1"
                     ecep:pron="ɔːl">All</w>
                  <c> </c>
                  <w xml:id="cac95-221590"
                     n="a-0020"
                     ecep:lem="nature"
                     ecep:pos="n1"
                     ecep:reg="nature"
                     ecep:spe="nature"
                     ecep:syllab="2"
                     ecep:pron="ˈneɪtʃə">nature</w>
                  <c> </c>
                  <w xml:id="cac95-221600"
                     n="a-0030"
                     ecep:lem="seem"
                     ecep:pos="vvz"
                     ecep:reg="seems"
                     ecep:spe="seems"
                     ecep:syllab="1"
                     ecep:pron="siːmz">seems</w>
                  <c> </c>
                  <w xml:id="cac95-221610"
                     n="a-0040"
                     ecep:lem="a"
                     ecep:pos="dt"
                     ecep:reg="a"
                     ecep:spe="a"
                     ecep:syllab="1"
                     ecep:pron="ə">a</w>
                  <c> </c>
                  <w xml:id="cac95-221620"
                     n="a-0050"
                     ecep:lem="void"
                     ecep:pos="j"
                     ecep:reg="void"
                     ecep:spe="void"
                     ecep:syllab="1"
                     ecep:pron="vɔɪd">void</w>
                  <c> </c>
                  <w xml:id="cac95-221630"
                     n="a-0060"
                     ecep:lem="of"
                     ecep:pos="pp-f"
                     ecep:reg="of"
                     ecep:spe="of"
                     ecep:syllab="1"
                     ecep:pron="ɒv">of</w>
                  <c> </c>
                  <w xml:id="cac95-221640"
                     n="a-0070"
                     ecep:lem="element'ry"
                     ecep:pos="n1"
                     ecep:reg="element'ry"
                     ecep:spe="element'ry"
                     ecep:syllab="4"
                     ecep:pron="ˈelɪməntri">element'ry</w>
                  <c> </c>
                  <w xml:id="cac95-221650"
                     n="a-0080"
                     ecep:lem="strife"
                     ecep:pos="n1"
                     ecep:reg="strife"
                     ecep:spe="strife"
                     ecep:syllab="1"
                     ecep:pron="straɪf">strife</w>
                  <pc xml:id="cac95-221660"
                      n="a-0090"
                      ecep:lem=","
                      ecep:pos=","
                      ecep:reg=","
                      ecep:spe=",">,</pc>
               </l>
               <l xml:id="cac95-l11865">
                  <c> </c>
                  <w xml:id="cac95-221670"
                     n="a-0100"
                     ecep:lem="where"
                     ecep:pos="q-crq"
                     ecep:reg="Where"
                     ecep:spe="Where"
                     ecep:syllab="1"
                     ecep:pron="weə">Where</w>
                  <c> </c>
                  <w xml:id="cac95-221680"
                     n="a-0110"
                     ecep:lem="the"
                     ecep:pos="dt"
                     ecep:reg="the"
                     ecep:spe="the"
                     ecep:syllab="1"
                     ecep:pron="ðiː">the</w>
                  <c> </c>
                  <w xml:id="cac95-221690"
                     n="a-0120"
                     ecep:lem="soul"
                     ecep:pos="n1"
                     ecep:reg="soul"
                     ecep:spe="soul"
                     ecep:syllab="1"
                     ecep:pron="səʊl">soul</w>
                  <c> </c>
                  <w xml:id="cac95-221700"
                     n="a-0130"
                     ecep:lem="be"
                     ecep:pos="vbz"
                     ecep:reg="is"
                     ecep:spe="is"
                     ecep:syllab="1"
                     ecep:pron="ɪz">is</w>
                  <c> </c>
                  <w xml:id="cac95-221710"
                     n="a-0140"
                     ecep:lem="all"
                     ecep:pos="d"
                     ecep:reg="all"
                     ecep:spe="all"
                     ecep:syllab="1"
                     ecep:pron="ɔːl">all</w>
                  <c> </c>
                  <w xml:id="cac95-221720"
                     n="a-0150"
                     ecep:lem="cloud"
                     ecep:pos="n1"
                     ecep:reg="cloud"
                     ecep:spe="cloud"
                     ecep:syllab="1"
                     ecep:pron="klaʊd">cloud</w>
                  <pc xml:id="cac95-221730"
                      n="a-0160"
                      ecep:lem=","
                      ecep:pos=","
                      ecep:reg=","
                      ecep:spe=",">,</pc>
                  <c> </c>
                  <w xml:id="cac95-221740"
                     n="a-0170"
                     ecep:lem="and"
                     ecep:pos="cc"
                     ecep:reg="and"
                     ecep:spe="and"
                     ecep:syllab="1"
                     ecep:pron="ænd">and</w>
                  <c> </c>
                  <w xml:id="cac95-221750"
                     n="a-0180"
                     ecep:lem="fraught"
                     ecep:pos="vvn"
                     ecep:reg="fraught"
                     ecep:spe="fraught"
                     ecep:syllab="1"
                     ecep:pron="frɔːt">fraught</w>
                  <c> </c>
                  <w xml:id="cac95-221760"
                     n="a-0190"
                     ecep:lem="with"
                     ecep:pos="p-acp"
                     ecep:reg="with"
                     ecep:spe="with"
                     ecep:syllab="1"
                     ecep:pron="wɪð">with</w>
                  <c> </c>
                  <w xml:id="cac95-221770"
                     n="a-0200"
                     ecep:lem="pain"
                     ecep:pos="n1"
                     ecep:reg="pain"
                     ecep:spe="pain"
                     ecep:syllab="1"
                     ecep:pron="peɪn">pain</w>
                  <c> </c>
                  <w xml:id="cac95-221780"
                     n="a-0210"
                     ecep:lem="all"
                     ecep:pos="d"
                     ecep:reg="all"
                     ecep:spe="all"
                     ecep:syllab="1"
                     ecep:pron="ɔːl">all</w>
                  <c> </c>
                  <w xml:id="cac95-221790"
                     n="a-0220"
                     ecep:lem="life"
                     ecep:pos="n1"
                     ecep:reg="life"
                     ecep:spe="life"
                     ecep:syllab="1"
                     ecep:pron="laɪf">life</w>
                  <pc xml:id="cac95-221800"
                      n="a-0230"
                      unit="sentence"
                      ecep:lem="."
                      ecep:pos="."
                      ecep:reg="."
                      ecep:spe=".">.</pc>
                  <c> </c>
               </l>
            </lg>
            <lg xml:id="cac95-s01355">
               <l xml:id="cac95-l11870">
                  <w xml:id="cac95-221830"
                     n="a-0240"
                     ecep:lem="when"
                     ecep:pos="c-crq"
                     ecep:reg="When"
                     ecep:spe="When"
                     ecep:syllab="1"
                     ecep:pron="wen">When</w>
                  <c> </c>
                  <w xml:id="cac95-221840"
                     n="a-0250"
                     ecep:lem="near"
                     ecep:pos="av-j"
                     ecep:reg="near"
                     ecep:spe="near"
                     ecep:syllab="1"
                     ecep:pron="nɪə">near</w>
                  <c> </c>
                  <w xml:id="cac95-221850"
                     n="a-0260"
                     ecep:lem="thy"
                     ecep:pos="po21"
                     ecep:reg="thy"
                     ecep:spe="thy"
                     ecep:syllab="1"
                     ecep:pron="ðaɪ">thy</w>
                  <c> </c>
                  <w xml:id="cac95-221860"
                     n="a-0270"
                     ecep:lem="faithful"
                     ecep:pos="j"
                     ecep:reg="faithful"
                     ecep:spe="faithful"
                     ecep:syllab="2"
                     ecep:pron="ˈfeɪθfl">faithful</w>
                  <c> </c>
                  <w xml:id="cac95-221870"
                     n="a-0280"
                     ecep:lem="breast"
                     ecep:pos="n1"
                     ecep:reg="breast"
                     ecep:spe="breast"
                     ecep:syllab="1"
                     ecep:pron="brest">breast</w>
                  <c> </c>
                  <w xml:id="cac95-221880"
                     n="a-0290"
                     ecep:lem="i"
                     ecep:pos="pns11"
                     ecep:reg="I"
                     ecep:spe="I"
                     ecep:syllab="1"
                     ecep:pron="aɪ">I</w>
                  <c> </c>
                  <w xml:id="cac95-221890"
                     n="a-0300"
                     ecep:lem="heed"
                     ecep:pos="vvd"
                     ecep:reg="heeded"
                     ecep:spe="heeded"
                     ecep:syllab="2"
                     ecep:pron="hiːdɪd">heeded</w>
                  <c> </c>
                  <w xml:id="cac95-221900"
                     n="a-0310"
                     ecep:lem="not"
                     ecep:pos="xx"
                     ecep:reg="not"
                     ecep:spe="not"
                     ecep:syllab="1"
                     ecep:pron="nɒt">not</w>
                  <c> </c>
                  <w xml:id="cac95-221910"
                     n="a-0320"
                     ecep:lem="the"
                     ecep:pos="dt"
                     ecep:reg="the"
                     ecep:spe="the"
                     ecep:syllab="1"
                     ecep:pron="ðiː">the</w>
                  <c> </c>
                  <w xml:id="cac95-221920"
                     n="a-0330"
                     ecep:lem="storm"
                     ecep:pos="n1"
                     ecep:reg="storm"
                     ecep:spe="storm"
                     ecep:syllab="1"
                     ecep:pron="stɔːm">storm</w>
                  <pc xml:id="cac95-221930"
                      n="a-0340"
                      ecep:lem=","
                      ecep:pos=","
                      ecep:reg=","
                      ecep:spe=",">,</pc>
               </l>
               <l xml:id="cac95-l11875">
                  <c> </c>
                  <w xml:id="cac95-221940"
                     n="a-0350"
                     ecep:lem="nor"
                     ecep:pos="ccx"
                     ecep:reg="Nor"
                     ecep:spe="Nor"
                     ecep:syllab="1"
                     ecep:pron="nɔː">Nor</w>
                  <c> </c>
                  <w xml:id="cac95-221950"
                     n="a-0360"
                     ecep:lem="think"
                     ecep:pos="vvd"
                     ecep:reg="thought"
                     ecep:spe="thought"
                     ecep:syllab="1"
                     ecep:pron="θɔːt">thought</w>
                  <c> </c>
                  <w xml:id="cac95-221960"
                     n="a-0370"
                     ecep:lem="of"
                     ecep:pos="pp-f"
                     ecep:reg="of"
                     ecep:spe="of"
                     ecep:syllab="1"
                     ecep:pron="ɒv">of</w>
                  <c> </c>
                  <w xml:id="cac95-221970"
                     n="a-0380"
                     ecep:lem="waste"
                     ecep:pos="j-vvg"
                     ecep:reg="wasting"
                     ecep:spe="wasting"
                     ecep:syllab="2"
                     ecep:pron="weɪstɪŋ">wasting</w>
                  <c> </c>
                  <w xml:id="cac95-221980"
                     n="a-0390"
                     ecep:lem="time"
                     ecep:pos="n1"
                     ecep:reg="time"
                     ecep:spe="time"
                     ecep:syllab="1"
                     ecep:pron="taɪm">time</w>
                  <pc xml:id="cac95-221990"
                      n="a-0400"
                      ecep:lem=","
                      ecep:pos=","
                      ecep:reg=","
                      ecep:spe=",">,</pc>
                  <c> </c>
                  <w xml:id="cac95-222000"
                     n="a-0410"
                     ecep:lem="nor"
                     ecep:pos="ccx"
                     ecep:reg="nor"
                     ecep:spe="nor"
                     ecep:syllab="1"
                     ecep:pron="nɔː">nor</w>
                  <c> </c>
                  <w xml:id="cac95-222010"
                     n="a-0420"
                     ecep:lem="death"
                     ecep:pos="ng1"
                     ecep:reg="death's"
                     ecep:spe="death's"
                     ecep:syllab="1"
                     ecep:pron="ˈdeθs">death's</w>
                  <c> </c>
                  <w xml:id="cac95-222020"
                     n="a-0430"
                     ecep:lem="consume"
                     ecep:pos="j-vvg"
                     ecep:reg="consuming"
                     ecep:spe="consuming"
                     ecep:syllab="3"
                     ecep:pron="kənˈsjuːmɪŋ">consuming</w>
                  <c> </c>
                  <w xml:id="cac95-222030"
                     n="a-0440"
                     ecep:lem="worm"
                     ecep:pos="n1"
                     ecep:reg="worm"
                     ecep:spe="worm"
                     ecep:syllab="1"
                     ecep:pron="wɜːm">worm</w>
                  <pc xml:id="cac95-222040"
                      n="a-0450"
                      ecep:lem=";"
                      ecep:pos=";"
                      ecep:reg=";"
                      ecep:spe=";">;</pc>
               </l>
               <l xml:id="cac95-l11880">
                  <c> </c>
                  <w xml:id="cac95-222050"
                     n="a-0460"
                     ecep:lem="thy"
                     ecep:pos="po21"
                     ecep:reg="Thy"
                     ecep:spe="Thy"
                     ecep:syllab="1"
                     ecep:pron="ðaɪ">Thy</w>
                  <c> </c>
                  <w xml:id="cac95-222060"
                     n="a-0470"
                     ecep:lem="genius"
                     ecep:pos="n1"
                     ecep:reg="genius"
                     ecep:spe="genius"
                     ecep:syllab="2"
                     ecep:pron="ˈdʒiːniəs">genius</w>
                  <c> </c>
                  <w xml:id="cac95-222070"
                     n="a-0480"
                     ecep:lem="wake"
                     ecep:pos="vvd"
                     ecep:reg="woke"
                     ecep:spe="woke"
                     ecep:syllab="1"
                     ecep:pron="wəʊk">woke</w>
                  <c> </c>
                  <w xml:id="cac95-222080"
                     n="a-0490"
                     ecep:lem="my"
                     ecep:pos="po11"
                     ecep:reg="my"
                     ecep:spe="my"
                     ecep:syllab="1"
                     ecep:pron="maɪ">my</w>
                  <c> </c>
                  <w xml:id="cac95-222090"
                     n="a-0500"
                     ecep:lem="thought"
                     ecep:pos="n1"
                     ecep:reg="thought"
                     ecep:spe="thought"
                     ecep:syllab="1"
                     ecep:pron="θɔːt">thought</w>
                  <pc xml:id="cac95-222100"
                      n="a-0510"
                      ecep:lem=","
                      ecep:pos=","
                      ecep:reg=","
                      ecep:spe=",">,</pc>
                  <c> </c>
                  <w xml:id="cac95-222110"
                     n="a-0520"
                     ecep:lem="as"
                     ecep:pos="c-acp"
                     ecep:reg="as"
                     ecep:spe="as"
                     ecep:syllab="1"
                     ecep:pron="æz">as</w>
                  <c> </c>
                  <w xml:id="cac95-222120"
                     n="a-0530"
                     ecep:lem="oft"
                     ecep:pos="av"
                     ecep:reg="oft"
                     ecep:spe="oft"
                     ecep:syllab="1"
                     ecep:pron="ɒft">oft</w>
                  <c> </c>
                  <w xml:id="cac95-222130"
                     n="a-0540"
                     ecep:lem="we"
                     ecep:pos="pns12"
                     ecep:reg="we"
                     ecep:spe="we"
                     ecep:syllab="1"
                     ecep:pron="wiː">we</w>
                  <c> </c>
                  <w xml:id="cac95-222140"
                     n="a-0550"
                     ecep:lem="stray"
                     ecep:pos="vvd"
                     ecep:reg="strayed"
                     ecep:spe="stray'd"
                     ecep:syllab="1"
                     ecep:pron="streɪd">stray'd</w>
                  <c> </c>
                  <w xml:id="cac95-222150"
                     n="a-0560"
                     ecep:lem="alone"
                     ecep:pos="av-j"
                     ecep:reg="alone"
                     ecep:spe="alone"
                     ecep:syllab="2"
                     ecep:pron="əˈləʊn">alone</w>
                  <pc xml:id="cac95-222160"
                      n="a-0570"
                      ecep:lem=","
                      ecep:pos=","
                      ecep:reg=","
                      ecep:spe=",">,</pc>
               </l>
               <l xml:id="cac95-l11885">
                  <c> </c>
                  <w xml:id="cac95-222170"
                     n="a-0580"
                     ecep:lem="and"
                     ecep:pos="cc"
                     ecep:reg="And"
                     ecep:spe="And"
                     ecep:syllab="1"
                     ecep:pron="ænd">And</w>
                  <c> </c>
                  <w xml:id="cac95-222180"
                     n="a-0590"
                     ecep:lem="raise"
                     ecep:pos="vvd"
                     ecep:reg="raised"
                     ecep:spe="rais'd"
                     ecep:syllab="1"
                     ecep:pron="reɪzd">rais'd</w>
                  <c> </c>
                  <w xml:id="cac95-222190"
                     n="a-0600"
                     ecep:lem="i"
                     ecep:pos="pno11"
                     ecep:reg="me"
                     ecep:spe="me"
                     ecep:syllab="1"
                     ecep:pron="miː">me</w>
                  <c> </c>
                  <w xml:id="cac95-222200"
                     n="a-0610"
                     ecep:lem="to"
                     ecep:pos="p-acp"
                     ecep:reg="to"
                     ecep:spe="to"
                     ecep:syllab="1"
                     ecep:pron="tuː">to</w>
                  <c> </c>
                  <w xml:id="cac95-222210"
                     n="a-0620"
                     ecep:lem="that"
                     ecep:pos="d"
                     ecep:reg="that"
                     ecep:spe="that"
                     ecep:syllab="1"
                     ecep:pron="ðæt">that</w>
                  <c> </c>
                  <w xml:id="cac95-222220"
                     n="a-0630"
                     ecep:lem="heaven"
                     ecep:pos="n1"
                     ecep:reg="heaven"
                     ecep:spe="heaven"
                     ecep:syllab="1"
                     ecep:pron="ˈhevn">heaven</w>
                  <c> </c>
                  <w xml:id="cac95-222230"
                     n="a-0640"
                     ecep:lem="to"
                     ecep:pos="p-acp"
                     ecep:reg="to"
                     ecep:spe="to"
                     ecep:syllab="1"
                     ecep:pron="tuː">to</w>
                  <c> </c>
                  <w xml:id="cac95-222240"
                     n="a-0650"
                     ecep:lem="which"
                     ecep:pos="r-crq"
                     ecep:reg="which"
                     ecep:spe="which"
                     ecep:syllab="1"
                     ecep:pron="wɪtʃ">which</w>
                  <c> </c>
                  <w xml:id="cac95-222250"
                     n="a-0660"
                     ecep:lem="thou"
                     ecep:pos="pns21"
                     ecep:reg="thou"
                     ecep:spe="thou"
                     ecep:syllab="1"
                     ecep:pron="θaʊ">thou</w>
                  <c> </c>
                  <w xml:id="cac95-222260"
                     n="a-0670"
                     ecep:lem="now"
                     ecep:pos="av"
                     ecep:reg="now"
                     ecep:spe="now"
                     ecep:syllab="1"
                     ecep:pron="naʊ">now</w>
                  <c> </c>
                  <w xml:id="cac95-222270"
                     n="a-0680"
                     ecep:lem="be"
                     ecep:pos="vb2r"
                     ecep:reg="art"
                     ecep:spe="art"
                     ecep:syllab="1"
                     ecep:pron="ɑːt">art</w>
                  <c> </c>
                  <w xml:id="cac95-222280"
                     n="a-0690"
                     ecep:lem="fly"
                     ecep:pos="vvn"
                     ecep:reg="flown"
                     ecep:spe="flown"
                     ecep:syllab="1"
                     ecep:pron="fləʊn">flown</w>
                  <pc xml:id="cac95-222290"
                      n="a-0700"
                      unit="sentence"
                      ecep:lem="."
                      ecep:pos="."
                      ecep:reg="."
                      ecep:spe=".">.</pc>
                  <c> </c>
               </l>
            </lg>
            <lg xml:id="cac95-s01360">
               <l xml:id="cac95-l11890">
                  <w xml:id="cac95-222320"
                     n="a-0710"
                     ecep:lem="silent"
                     ecep:pos="j"
                     ecep:reg="Silent"
                     ecep:spe="Silent"
                     ecep:syllab="2"
                     ecep:pron="ˈsaɪlənt">Silent</w>
                  <c> </c>
                  <w xml:id="cac95-222330"
                     n="a-0720"
                     ecep:lem="oft"
                     ecep:pos="av"
                     ecep:reg="oft"
                     ecep:spe="oft"
                     ecep:syllab="1"
                     ecep:pron="ɒft">oft</w>
                  <c> </c>
                  <w xml:id="cac95-222340"
                     n="a-0730"
                     ecep:lem="i"
                     ecep:pos="pns11"
                     ecep:reg="I"
                     ecep:spe="I"
                     ecep:syllab="1"
                     ecep:pron="aɪ">I</w>
                  <c> </c>
                  <w xml:id="cac95-222350"
                     n="a-0740"
                     ecep:lem="mourn"
                     ecep:pos="vvb"
                     ecep:reg="mourn"
                     ecep:spe="mourn"
                     ecep:syllab="1"
                     ecep:pron="mɔːn">mourn</w>
                  <pc xml:id="cac95-222360"
                      n="a-0750"
                      ecep:lem=","
                      ecep:pos=","
                      ecep:reg=","
                      ecep:spe=",">,</pc>
                  <c> </c>
                  <w xml:id="cac95-222370"
                     n="a-0760"
                     ecep:lem="sad"
                     ecep:pos="j"
                     ecep:reg="sad"
                     ecep:spe="sad"
                     ecep:syllab="1"
                     ecep:pron="sæd">sad</w>
                  <c> </c>
                  <w xml:id="cac95-222380"
                     n="a-0770"
                     ecep:lem="wander"
                     ecep:pos="vvg"
                     ecep:reg="wandering"
                     ecep:spe="wandering"
                     ecep:syllab="3"
                     ecep:pron="ˈwɒndrɪŋ">wandering</w>
                  <c> </c>
                  <w xml:id="cac95-222400"
                     n="a-0790"
                     ecep:lem="amid"
                     ecep:pos="p-acp"
                     ecep:reg="amid"
                     ecep:spe="'mid"
                     ecep:syllab="1"
                     ecep:pron="mˈɪd">'mid</w>
                  <c> </c>
                  <w xml:id="cac95-222410"
                     n="a-0800"
                     ecep:lem="the"
                     ecep:pos="dt"
                     ecep:reg="the"
                     ecep:spe="the"
                     ecep:syllab="1"
                     ecep:pron="ðiː">the</w>
                  <c> </c>
                  <w xml:id="cac95-222420"
                     n="a-0810"
                     ecep:lem="gloom"
                     ecep:pos="n1"
                     ecep:reg="gloom"
                     ecep:spe="gloom"
                     ecep:syllab="1"
                     ecep:pron="gluːm">gloom</w>
                  <pc xml:id="cac95-222430"
                      n="a-0820"
                      ecep:lem=","
                      ecep:pos=","
                      ecep:reg=","
                      ecep:spe=",">,</pc>
               </l>
               <l xml:id="cac95-l11895">
                  <c> </c>
                  <w xml:id="cac95-222440"
                     n="a-0830"
                     ecep:lem="or"
                     ecep:pos="cc"
                     ecep:reg="Or"
                     ecep:spe="Or"
                     ecep:syllab="1"
                     ecep:pron="ɔː">Or</w>
                  <c> </c>
                  <w xml:id="cac95-222450"
                     n="a-0840"
                     ecep:lem="on"
                     ecep:pos="p-acp"
                     ecep:reg="on"
                     ecep:spe="on"
                     ecep:syllab="1"
                     ecep:pron="ɒn">on</w>
                  <c> </c>
                  <w xml:id="cac95-222460"
                     n="a-0850"
                     ecep:lem="the"
                     ecep:pos="dt"
                     ecep:reg="the"
                     ecep:spe="the"
                     ecep:syllab="1"
                     ecep:pron="ðiː">the</w>
                  <c> </c>
                  <w xml:id="cac95-222470"
                     n="a-0860"
                     ecep:lem="sea-beat"
                     ecep:pos="fw-la"
                     ecep:reg="sea-beat"
                     ecep:spe="sea-beat"
                     ecep:syllab="2"
                     ecep:pron="siːˌbiːt">sea-beat</w>
                  <c> </c>
                  <w xml:id="cac95-222480"
                     n="a-0870"
                     ecep:lem="shore"
                     ecep:pos="vvb"
                     ecep:reg="shore"
                     ecep:spe="shore"
                     ecep:syllab="1"
                     ecep:pron="ʃɔː">shore</w>
                  <c> </c>
                  <w xml:id="cac95-222490"
                     n="a-0880"
                     ecep:lem="i"
                     ecep:pos="pns11"
                     ecep:reg="I"
                     ecep:spe="I"
                     ecep:syllab="1"
                     ecep:pron="aɪ">I</w>
                  <c> </c>
                  <w xml:id="cac95-222500"
                     n="a-0890"
                     ecep:lem="weep"
                     ecep:pos="vvb"
                     ecep:reg="weep"
                     ecep:spe="weep"
                     ecep:syllab="1"
                     ecep:pron="wiːp">weep</w>
                  <c> </c>
                  <w xml:id="cac95-222510"
                     n="a-0900"
                     ecep:lem="my"
                     ecep:pos="po11"
                     ecep:reg="my"
                     ecep:spe="my"
                     ecep:syllab="1"
                     ecep:pron="maɪ">my</w>
                  <c> </c>
                  <w xml:id="cac95-222520"
                     n="a-0910"
                     ecep:lem="bitter"
                     ecep:pos="j"
                     ecep:reg="bitter"
                     ecep:spe="bitter"
                     ecep:syllab="2"
                     ecep:pron="ˈbɪtə">bitter</w>
                  <c> </c>
                  <w xml:id="cac95-222530"
                     n="a-0920"
                     ecep:lem="doom"
                     ecep:pos="n1"
                     ecep:reg="doom"
                     ecep:spe="doom"
                     ecep:syllab="1"
                     ecep:pron="duːm">doom</w>
                  <pc xml:id="cac95-222540"
                      n="a-0930"
                      ecep:lem=";"
                      ecep:pos=";"
                      ecep:reg=";"
                      ecep:spe=";">;</pc>
               </l>
               <l xml:id="cac95-l11900">
                  <c> </c>
                  <w xml:id="cac95-222550"
                     n="a-0940"
                     ecep:lem="to"
                     ecep:pos="p-acp"
                     ecep:reg="To"
                     ecep:spe="To"
                     ecep:syllab="1"
                     ecep:pron="tuː">To</w>
                  <c> </c>
                  <w xml:id="cac95-222560"
                     n="a-0950"
                     ecep:lem="thou"
                     ecep:pos="pno21"
                     ecep:reg="thee"
                     ecep:spe="thee"
                     ecep:syllab="1"
                     ecep:pron="ðiː">thee</w>
                  <pc xml:id="cac95-222570"
                      n="a-0960"
                      ecep:lem=","
                      ecep:pos=","
                      ecep:reg=","
                      ecep:spe=",">,</pc>
                  <c> </c>
                  <w xml:id="cac95-222580"
                     n="a-0970"
                     ecep:lem="among"
                     ecep:pos="p-acp"
                     ecep:reg="among"
                     ecep:spe="among"
                     ecep:syllab="2"
                     ecep:pron="əˈmʌŋ">among</w>
                  <c> </c>
                  <w xml:id="cac95-222590"
                     n="a-0980"
                     ecep:lem="the"
                     ecep:pos="dt"
                     ecep:reg="the"
                     ecep:spe="the"
                     ecep:syllab="1"
                     ecep:pron="ðiː">the</w>
                  <c> </c>
                  <w xml:id="cac95-222600"
                     n="a-0990"
                     ecep:lem="bless"
                     ecep:pos="j-vvn"
                     ecep:reg="blessed"
                     ecep:spe="bless'd"
                     ecep:syllab="1"
                     ecep:pron="ˈblesɪd">bless'd</w>
                  <pc xml:id="cac95-222610"
                      n="a-1000"
                      ecep:lem=","
                      ecep:pos=","
                      ecep:reg=","
                      ecep:spe=",">,</pc>
                  <c> </c>
                  <w xml:id="cac95-222620"
                     n="a-1010"
                     ecep:lem="my"
                     ecep:pos="po11"
                     ecep:reg="my"
                     ecep:spe="my"
                     ecep:syllab="1"
                     ecep:pron="maɪ">my</w>
                  <c> </c>
                  <w xml:id="cac95-222630"
                     n="a-1020"
                     ecep:lem="feeble"
                     ecep:pos="j"
                     ecep:reg="feeble"
                     ecep:spe="feeble"
                     ecep:syllab="2"
                     ecep:pron="ˈfiːbl">feeble</w>
                  <c> </c>
                  <w xml:id="cac95-222640"
                     n="a-1030"
                     ecep:lem="soul"
                     ecep:pos="n1"
                     ecep:reg="soul"
                     ecep:spe="soul"
                     ecep:syllab="1"
                     ecep:pron="səʊl">soul</w>
                  <c> </c>
                  <w xml:id="cac95-222650"
                     n="a-1040"
                     ecep:lem="will"
                     ecep:pos="vmd"
                     ecep:reg="would"
                     ecep:spe="would"
                     ecep:syllab="1"
                     ecep:pron="wʊd">would</w>
                  <c> </c>
                  <w xml:id="cac95-222660"
                     n="a-1050"
                     ecep:lem="soar"
                     ecep:pos="vvi"
                     ecep:reg="soar"
                     ecep:spe="soar"
                     ecep:syllab="1"
                     ecep:pron="sɔː">soar</w>
                  <pc xml:id="cac95-222670"
                      n="a-1060"
                      ecep:lem=","
                      ecep:pos=","
                      ecep:reg=","
                      ecep:spe=",">,</pc>
               </l>
               <l xml:id="cac95-l11905">
                  <c> </c>
                  <w xml:id="cac95-222680"
                     n="a-1070"
                     ecep:lem="and"
                     ecep:pos="cc"
                     ecep:reg="And"
                     ecep:spe="And"
                     ecep:syllab="1"
                     ecep:pron="ænd">And</w>
                  <c> </c>
                  <w xml:id="cac95-222700"
                     n="a-1090"
                     ecep:lem="amid"
                     ecep:pos="p-acp"
                     ecep:reg="amid"
                     ecep:spe="'mid"
                     ecep:syllab="1"
                     ecep:pron="mˈɪd">'mid</w>
                  <c> </c>
                  <w xml:id="cac95-222710"
                     n="a-1100"
                     ecep:lem="the"
                     ecep:pos="dt"
                     ecep:reg="the"
                     ecep:spe="the"
                     ecep:syllab="1"
                     ecep:pron="ðiː">the</w>
                  <c> </c>
                  <w xml:id="cac95-222720"
                     n="a-1110"
                     ecep:lem="starry"
                     ecep:pos="j"
                     ecep:reg="starry"
                     ecep:spe="starry"
                     ecep:syllab="2"
                     ecep:pron="ˈstɑːri">starry</w>
                  <c> </c>
                  <w xml:id="cac95-222730"
                     n="a-1120"
                     ecep:lem="sphere"
                     ecep:pos="n2"
                     ecep:reg="spheres"
                     ecep:spe="spheres"
                     ecep:syllab="1"
                     ecep:pron="sfɪəz">spheres</w>
                  <c> </c>
                  <w xml:id="cac95-222740"
                     n="a-1130"
                     ecep:lem="the"
                     ecep:pos="dt"
                     ecep:reg="the"
                     ecep:spe="th'"
                     ecep:syllab="0"
                     ecep:pron="ð">th'</w>
                  <c> </c>
                  <w xml:id="cac95-222750"
                     n="a-1140"
                     ecep:lem="almighty"
                     ecep:pos="j-jn"
                     ecep:reg="Almighty"
                     ecep:spe="Almighty"
                     ecep:syllab="3"
                     ecep:pron="ɔːlˈmaɪti">Almighty</w>
                  <c> </c>
                  <w xml:id="cac95-222760"
                     n="a-1150"
                     ecep:lem="power"
                     ecep:pos="n1"
                     ecep:reg="Power"
                     ecep:spe="Pow'r"
                     ecep:syllab="1"
                     ecep:pron="ˈpaʊə">Pow'r</w>
                  <c> </c>
                  <w xml:id="cac95-222770"
                     n="a-1160"
                     ecep:lem="adore"
                     ecep:pos="vvb"
                     ecep:reg="adore"
                     ecep:spe="adore"
                     ecep:syllab="2"
                     ecep:pron="əˈdɔː">adore</w>
                  <pc xml:id="cac95-222780"
                      n="a-1170"
                      unit="sentence"
                      ecep:lem="."
                      ecep:pos="."
                      ecep:reg="."
                      ecep:spe=".">.</pc>
                  <c> </c>
               </l>
               <pb n="153" rend="none"/>
            </lg>
         </div>
      </body>
   </text>
</TEI>
