<?xml version="1.0" encoding="UTF-8"?>
<?xml-model href="../tei_all.rnc" type="application/relax-ng-compact-syntax"?>
<TEI xmlns="http://www.tei-c.org/ns/1.0">
   <teiHeader>
      <fileDesc>
         <titleStmt>
            <title corresp="#txt_TighMa1772_w0013">Sonnet.</title>
            <author corresp="authors.xml#aut_TighMa1772">Mary Tighe (née Blachford)</author>
            <respStmt>
               <name xml:id="AH">Alexander Huber</name>
               <resp>Editor</resp>
            </respStmt>
            <funder>
               <name type="institution" xml:id="BOD">Bodleian Libraries, University of Oxford</name>
               <address>
                  <addrLine>Broad Street</addrLine>
                  <addrLine>Oxford OX1 3BG</addrLine>
                  <addrLine>UK</addrLine>
               </address>
            </funder>
         </titleStmt>
         <publicationStmt>
            <publisher xml:id="ECPA">Eighteenth-Century Poetry Archive</publisher>
            <address>
               <addrLine>Taylor Institution Library</addrLine>
               <addrLine>St Giles'</addrLine>
               <addrLine>Oxford OX1 3NA</addrLine>
               <addrLine>UK</addrLine>
               <addrLine>
                  <email>info@eighteenthcenturypoetry.org</email>
               </addrLine>
               <addrLine>
                  <ref target="https://www.eighteenthcenturypoetry.org/">https://www.eighteenthcenturypoetry.org/</ref>
               </addrLine>
            </address>
            <pubPlace>Oxford</pubPlace>
            <availability status="restricted">
               <licence target="http://creativecommons.org/licenses/by-sa/3.0/">This work is licensed under a Creative Commons Attribution-ShareAlike 3.0 Unported License.</licence>
            </availability>
         </publicationStmt>
         <sourceDesc>
            <bibl>
               <author>Tighe, Mary, 1772-1810.</author>
               <title>Psyche, With Other Poems.</title>
               <pubPlace>London</pubPlace>
               <publisher>Printed for LONGMAN, HURST, REES, ORME, AND BROWN, PATERNOSTER-ROW</publisher>
               <date>1811</date>
               <biblScope>p. 229.</biblScope>
               <extent>314p.</extent>
            </bibl>
         </sourceDesc>
      </fileDesc>
      <encodingDesc>
         <projectDesc>
            <p>This e-text is part of the Works section of the Eighteenth-Century Poetry Archive (ECPA).</p>
            <p>XML created for the Eighteenth-Century Poetry Archive (ECPA).</p>
         </projectDesc>
         <editorialDecl>
            <p>Typography, spelling, capitalization, and punctuation have been cautiously modernized. The source of the text is given and all significant
						editorial interventions have been recorded in textual notes. This  text has been edited to conform to the recommendations found 
						in Level 5 of the
						Best Practices for TEI in Libraries version 4.0.0.
					</p>
         </editorialDecl>
         <classDecl>
            <taxonomy xml:id="LCNAF">
               <bibl>Library of Congress Name Authority File (<abbr>LCNAF</abbr>)</bibl>
            </taxonomy>
         </classDecl>
         <tagsDecl>
            <rendition n="linegroups indented" xml:id="lgindent" scheme="css">text-indent: 1em;</rendition>
            <rendition n="linegroups vertically spaced" xml:id="lgvspace" scheme="css">margin-bottom: 1em;</rendition>
            <rendition n="aligned centrally" xml:id="align-center" scheme="css">text-align: center;</rendition>
            <rendition n="aligned right" xml:id="align-right" scheme="css">text-align: right;</rendition>
            <rendition n="aligned left" xml:id="align-left" scheme="css">text-align: left;</rendition>
            <rendition n="inline" xml:id="inline" scheme="css">display: inline</rendition>
            <rendition n="italic" xml:id="i" scheme="css">font-style: italic;</rendition>
            <rendition n="bold" xml:id="b" scheme="css">font-weight: bold;</rendition>
         </tagsDecl>
      </encodingDesc>
   </teiHeader>
   <text>
      <body>
         <div xmlns:ecep="http://www.eighteenthcenturypoetry.org/ns"
              xmlns:tei="http://www.tei-c.org/ns/1.0"
              ana="#iamb #pentameter #sonnet"
              corresp="#txt_TighMa1772_w0013"
              decls="#semi-normalized"
              ecep:syllab="10"
              met="-+|-+|-+|-+|-+/"
              rendition="#lgvspace"
              rhyme="abbacddcefgefg"
              subtype="eceptext"
              type="poem"
              xml:id="pmt18-w0130">
            <link target="authors.xml#aut_TighMa1772" type="author"/>
            <head type="main">
               <w xml:id="pmt18-341940"
                  n="pmt18/0253-a-0010"
                  ecep:lem="sonnet"
                  ecep:pos="n1"
                  ecep:reg="Sonnet"
                  ecep:spe="Sonnet"
                  ecep:syllab="2"
                  ecep:pron="ˈsɒnɪt">Sonnet</w>
               <pc xml:id="pmt18-341950"
                   n="pmt18/0253-a-0020"
                   unit="sentence"
                   ecep:lem="."
                   ecep:pos="."
                   ecep:reg="."
                   ecep:spe=".">.</pc>
            </head>
            <lg xml:id="pmt18-s02095">
               <l xml:id="pmt18-l17610">
                  <w xml:id="pmt18-341980"
                     n="pmt18/0253-a-0030"
                     ecep:lem="as"
                     ecep:pos="p-acp"
                     ecep:reg="As"
                     ecep:spe="As"
                     ecep:syllab="1"
                     ecep:pron="æz">As</w>
                  <c> </c>
                  <w xml:id="pmt18-341990"
                     n="pmt18/0253-a-0040"
                     ecep:lem="near"
                     ecep:pos="jc"
                     ecep:reg="nearer"
                     ecep:spe="nearer"
                     ecep:syllab="2"
                     ecep:pron="nɪəə">nearer</w>
                  <c> </c>
                  <w xml:id="pmt18-342000"
                     n="pmt18/0253-a-0050"
                     ecep:lem="i"
                     ecep:pos="pns11"
                     ecep:reg="I"
                     ecep:spe="I"
                     ecep:syllab="1"
                     ecep:pron="aɪ">I</w>
                  <c> </c>
                  <w xml:id="pmt18-342010"
                     n="pmt18/0253-a-0060"
                     ecep:lem="approach"
                     ecep:pos="vvb"
                     ecep:reg="approach"
                     ecep:spe="approach"
                     ecep:syllab="2"
                     ecep:pron="əˈprəʊtʃ">approach</w>
                  <c> </c>
                  <w xml:id="pmt18-342020"
                     n="pmt18/0253-a-0070"
                     ecep:lem="that"
                     ecep:pos="d"
                     ecep:reg="that"
                     ecep:spe="that"
                     ecep:syllab="1"
                     ecep:pron="ðæt">that</w>
                  <c> </c>
                  <w xml:id="pmt18-342030"
                     n="pmt18/0253-a-0080"
                     ecep:lem="fatal"
                     ecep:pos="j"
                     ecep:reg="fatal"
                     ecep:spe="fatal"
                     ecep:syllab="2"
                     ecep:pron="ˈfeɪtl">fatal</w>
                  <c> </c>
                  <w xml:id="pmt18-342040"
                     n="pmt18/0253-a-0090"
                     ecep:lem="day"
                     ecep:pos="n1"
                     ecep:reg="day"
                     ecep:spe="day"
                     ecep:syllab="1"
                     ecep:pron="deɪ">day</w>
               </l>
               <l xml:id="pmt18-l17615">
                  <c> </c>
                  <w xml:id="pmt18-342050"
                     n="pmt18/0253-a-0100"
                     ecep:lem="which"
                     ecep:pos="r-crq"
                     ecep:reg="Which"
                     ecep:spe="Which"
                     ecep:syllab="1"
                     ecep:pron="wɪtʃ">Which</w>
                  <c> </c>
                  <w xml:id="pmt18-342060"
                     n="pmt18/0253-a-0110"
                     ecep:lem="make"
                     ecep:pos="vvz"
                     ecep:reg="makes"
                     ecep:spe="makes"
                     ecep:syllab="1"
                     ecep:pron="meɪks">makes</w>
                  <c> </c>
                  <w xml:id="pmt18-342070"
                     n="pmt18/0253-a-0120"
                     ecep:lem="all"
                     ecep:pos="d"
                     ecep:reg="all"
                     ecep:spe="all"
                     ecep:syllab="1"
                     ecep:pron="ɔːl">all</w>
                  <c> </c>
                  <w xml:id="pmt18-342080"
                     n="pmt18/0253-a-0130"
                     ecep:lem="mortal"
                     ecep:pos="j-jn"
                     ecep:reg="mortal"
                     ecep:spe="mortal"
                     ecep:syllab="2"
                     ecep:pron="ˈmɔːtl">mortal</w>
                  <c> </c>
                  <w xml:id="pmt18-342090"
                     n="pmt18/0253-a-0140"
                     ecep:lem="care"
                     ecep:pos="n2"
                     ecep:reg="cares"
                     ecep:spe="cares"
                     ecep:syllab="1"
                     ecep:pron="keəz">cares</w>
                  <c> </c>
                  <w xml:id="pmt18-342100"
                     n="pmt18/0253-a-0150"
                     ecep:lem="appear"
                     ecep:pos="vvb"
                     ecep:reg="appear"
                     ecep:spe="appear"
                     ecep:syllab="2"
                     ecep:pron="əˈpɪə">appear</w>
                  <c> </c>
                  <w xml:id="pmt18-342110"
                     n="pmt18/0253-a-0160"
                     ecep:lem="so"
                     ecep:pos="av"
                     ecep:reg="so"
                     ecep:spe="so"
                     ecep:syllab="1"
                     ecep:pron="səʊ">so</w>
                  <c> </c>
                  <w xml:id="pmt18-342120"
                     n="pmt18/0253-a-0170"
                     ecep:lem="light"
                     ecep:pos="j"
                     ecep:reg="light"
                     ecep:spe="light"
                     ecep:syllab="1"
                     ecep:pron="laɪt">light</w>
                  <pc xml:id="pmt18-342130"
                      n="pmt18/0253-a-0180"
                      ecep:lem=","
                      ecep:pos=","
                      ecep:reg=","
                      ecep:spe=",">,</pc>
               </l>
               <l xml:id="pmt18-l17620">
                  <c> </c>
                  <w xml:id="pmt18-342140"
                     n="pmt18/0253-a-0190"
                     ecep:lem="time"
                     ecep:pos="n1"
                     ecep:reg="Time"
                     ecep:spe="Time"
                     ecep:syllab="1"
                     ecep:pron="taɪm">Time</w>
                  <c> </c>
                  <w xml:id="pmt18-342150"
                     n="pmt18/0253-a-0200"
                     ecep:lem="seem"
                     ecep:pos="vvz"
                     ecep:reg="seems"
                     ecep:spe="seems"
                     ecep:syllab="1"
                     ecep:pron="siːmz">seems</w>
                  <c> </c>
                  <w xml:id="pmt18-342160"
                     n="pmt18/0253-a-0210"
                     ecep:lem="on"
                     ecep:pos="p-acp"
                     ecep:reg="on"
                     ecep:spe="on"
                     ecep:syllab="1"
                     ecep:pron="ɒn">on</w>
                  <c> </c>
                  <w xml:id="pmt18-342170"
                     n="pmt18/0253-a-0220"
                     ecep:lem="swift"
                     ecep:pos="jc"
                     ecep:reg="swifter"
                     ecep:spe="swifter"
                     ecep:syllab="2"
                     ecep:pron="swɪftə">swifter</w>
                  <c> </c>
                  <w xml:id="pmt18-342180"
                     n="pmt18/0253-a-0230"
                     ecep:lem="wing"
                     ecep:pos="n1"
                     ecep:reg="wing"
                     ecep:spe="wing"
                     ecep:syllab="1"
                     ecep:pron="wɪŋ">wing</w>
                  <c> </c>
                  <w xml:id="pmt18-342190"
                     n="pmt18/0253-a-0240"
                     ecep:lem="to"
                     ecep:pos="pc-acp"
                     ecep:reg="to"
                     ecep:spe="to"
                     ecep:syllab="1"
                     ecep:pron="tuː">to</w>
                  <c> </c>
                  <w xml:id="pmt18-342200"
                     n="pmt18/0253-a-0250"
                     ecep:lem="speed"
                     ecep:pos="vvi"
                     ecep:reg="speed"
                     ecep:spe="speed"
                     ecep:syllab="1"
                     ecep:pron="spiːd">speed</w>
                  <c> </c>
                  <w xml:id="pmt18-342210"
                     n="pmt18/0253-a-0260"
                     ecep:lem="his"
                     ecep:pos="po31"
                     ecep:reg="his"
                     ecep:spe="his"
                     ecep:syllab="1"
                     ecep:pron="hɪz">his</w>
                  <c> </c>
                  <w xml:id="pmt18-342220"
                     n="pmt18/0253-a-0270"
                     ecep:lem="flight"
                     ecep:pos="n1"
                     ecep:reg="flight"
                     ecep:spe="flight"
                     ecep:syllab="1"
                     ecep:pron="flaɪt">flight</w>
                  <pc xml:id="pmt18-342230"
                      n="pmt18/0253-a-0280"
                      ecep:lem=","
                      ecep:pos=","
                      ecep:reg=","
                      ecep:spe=",">,</pc>
               </l>
               <l xml:id="pmt18-l17625">
                  <c> </c>
                  <w xml:id="pmt18-342240"
                     n="pmt18/0253-a-0290"
                     ecep:lem="and"
                     ecep:pos="cc"
                     ecep:reg="And"
                     ecep:spe="And"
                     ecep:syllab="1"
                     ecep:pron="ænd">And</w>
                  <c> </c>
                  <w xml:id="pmt18-342250"
                     n="pmt18/0253-a-0300"
                     ecep:lem="hope"
                     ecep:pos="ng1"
                     ecep:reg="Hope's"
                     ecep:spe="Hope's"
                     ecep:syllab="1"
                     ecep:pron="həʊpz">Hope's</w>
                  <c> </c>
                  <w xml:id="pmt18-342260"
                     n="pmt18/0253-a-0310"
                     ecep:lem="fallacious"
                     ecep:pos="j"
                     ecep:reg="fallacious"
                     ecep:spe="fallacious"
                     ecep:syllab="3"
                     ecep:pron="fəˈleɪʃəs">fallacious</w>
                  <c> </c>
                  <w xml:id="pmt18-342270"
                     n="pmt18/0253-a-0320"
                     ecep:lem="vision"
                     ecep:pos="n2"
                     ecep:reg="visions"
                     ecep:spe="visions"
                     ecep:syllab="2"
                     ecep:pron="ˈvɪʒnz">visions</w>
                  <c> </c>
                  <w xml:id="pmt18-342280"
                     n="pmt18/0253-a-0330"
                     ecep:lem="fade"
                     ecep:pos="vvb"
                     ecep:reg="fade"
                     ecep:spe="fade"
                     ecep:syllab="1"
                     ecep:pron="feɪd">fade</w>
                  <c> </c>
                  <w xml:id="pmt18-342290"
                     n="pmt18/0253-a-0340"
                     ecep:lem="away"
                     ecep:pos="av"
                     ecep:reg="away"
                     ecep:spe="away"
                     ecep:syllab="2"
                     ecep:pron="əˈweɪ">away</w>
                  <pc xml:id="pmt18-342300"
                      n="pmt18/0253-a-0350"
                      ecep:lem=";"
                      ecep:pos=";"
                      ecep:reg=";"
                      ecep:spe=";">;</pc>
               </l>
               <l xml:id="pmt18-l17630">
                  <c> </c>
                  <w xml:id="pmt18-342310"
                     n="pmt18/0253-a-0360"
                     ecep:lem="while"
                     ecep:pos="cs"
                     ecep:reg="While"
                     ecep:spe="While"
                     ecep:syllab="1"
                     ecep:pron="ˈwaɪl">While</w>
                  <c> </c>
                  <w xml:id="pmt18-342320"
                     n="pmt18/0253-a-0370"
                     ecep:lem="to"
                     ecep:pos="p-acp"
                     ecep:reg="to"
                     ecep:spe="to"
                     ecep:syllab="1"
                     ecep:pron="tuː">to</w>
                  <c> </c>
                  <w xml:id="pmt18-342330"
                     n="pmt18/0253-a-0380"
                     ecep:lem="my"
                     ecep:pos="po11"
                     ecep:reg="my"
                     ecep:spe="my"
                     ecep:syllab="1"
                     ecep:pron="maɪ">my</w>
                  <c> </c>
                  <w xml:id="pmt18-342340"
                     n="pmt18/0253-a-0390"
                     ecep:lem="fond"
                     ecep:pos="j"
                     ecep:reg="fond"
                     ecep:spe="fond"
                     ecep:syllab="1"
                     ecep:pron="fɒnd">fond</w>
                  <c> </c>
                  <w xml:id="pmt18-342350"
                     n="pmt18/0253-a-0400"
                     ecep:lem="desire"
                     ecep:pos="n2"
                     ecep:reg="desires"
                     ecep:spe="desires"
                     ecep:syllab="2"
                     ecep:pron="dɪˈzæəz">desires</w>
                  <pc xml:id="pmt18-342360"
                      n="pmt18/0253-a-0410"
                      ecep:lem=","
                      ecep:pos=","
                      ecep:reg=","
                      ecep:spe=",">,</pc>
                  <c> </c>
                  <w xml:id="pmt18-342370"
                     n="pmt18/0253-a-0420"
                     ecep:lem="at"
                     ecep:pos="p-acp"
                     ecep:reg="at"
                     ecep:spe="at"
                     ecep:syllab="1"
                     ecep:pron="æt">at</w>
                  <c> </c>
                  <w xml:id="pmt18-342380"
                     n="pmt18/0253-a-0430"
                     ecep:lem="length"
                     ecep:pos="n1"
                     ecep:reg="length"
                     ecep:spe="length"
                     ecep:syllab="1"
                     ecep:pron="leŋθ">length</w>
                  <pc xml:id="pmt18-342390"
                      n="pmt18/0253-a-0440"
                      ecep:lem=","
                      ecep:pos=","
                      ecep:reg=","
                      ecep:spe=",">,</pc>
                  <c> </c>
                  <w xml:id="pmt18-342400"
                     n="pmt18/0253-a-0450"
                     ecep:lem="i"
                     ecep:pos="pns11"
                     ecep:reg="I"
                     ecep:spe="I"
                     ecep:syllab="1"
                     ecep:pron="aɪ">I</w>
                  <c> </c>
                  <w xml:id="pmt18-342410"
                     n="pmt18/0253-a-0460"
                     ecep:lem="say"
                     ecep:pos="vvb"
                     ecep:reg="say"
                     ecep:spe="say"
                     ecep:syllab="1"
                     ecep:pron="seɪ">say</w>
                  <pc xml:id="pmt18-342420"
                      n="pmt18/0253-a-0470"
                      ecep:lem=","
                      ecep:pos=","
                      ecep:reg=","
                      ecep:spe=",">,</pc>
               </l>
               <l xml:id="pmt18-l17635">
                  <c> </c>
                  <w xml:id="pmt18-342430"
                     n="pmt18/0253-a-0480"
                     ecep:lem="behold"
                     ecep:pos="vvb"
                     ecep:reg="Behold"
                     ecep:spe="Behold"
                     ecep:syllab="2"
                     ecep:pron="bɪˈhəʊld">Behold</w>
                  <pc xml:id="pmt18-342440"
                      n="pmt18/0253-a-0490"
                      ecep:lem=","
                      ecep:pos=","
                      ecep:reg=","
                      ecep:spe=",">,</pc>
                  <c> </c>
                  <w xml:id="pmt18-342450"
                     n="pmt18/0253-a-0500"
                     ecep:lem="how"
                     ecep:pos="c-crq"
                     ecep:reg="how"
                     ecep:spe="how"
                     ecep:syllab="1"
                     ecep:pron="haʊ">how</w>
                  <c> </c>
                  <w xml:id="pmt18-342460"
                     n="pmt18/0253-a-0510"
                     ecep:lem="quick"
                     ecep:pos="av-j"
                     ecep:reg="quickly"
                     ecep:spe="quickly"
                     ecep:syllab="2"
                     ecep:pron="kwɪkli">quickly</w>
                  <c> </c>
                  <w xml:id="pmt18-342470"
                     n="pmt18/0253-a-0520"
                     ecep:lem="melt"
                     ecep:pos="vvn"
                     ecep:reg="melted"
                     ecep:spe="melted"
                     ecep:syllab="2"
                     ecep:pron="meltɪd">melted</w>
                  <c> </c>
                  <w xml:id="pmt18-342480"
                     n="pmt18/0253-a-0530"
                     ecep:lem="from"
                     ecep:pos="p-acp"
                     ecep:reg="from"
                     ecep:spe="from"
                     ecep:syllab="1"
                     ecep:pron="frɒm">from</w>
                  <c> </c>
                  <w xml:id="pmt18-342490"
                     n="pmt18/0253-a-0540"
                     ecep:lem="your"
                     ecep:pos="po22"
                     ecep:reg="your"
                     ecep:spe="your"
                     ecep:syllab="1"
                     ecep:pron="jɔː">your</w>
                  <c> </c>
                  <w xml:id="pmt18-342500"
                     n="pmt18/0253-a-0550"
                     ecep:lem="sight"
                     ecep:pos="n1"
                     ecep:reg="sight"
                     ecep:spe="sight"
                     ecep:syllab="1"
                     ecep:pron="saɪt">sight</w>
               </l>
               <l xml:id="pmt18-l17640">
                  <c> </c>
                  <w xml:id="pmt18-342510"
                     n="pmt18/0253-a-0560"
                     ecep:lem="the"
                     ecep:pos="dt"
                     ecep:reg="The"
                     ecep:spe="The"
                     ecep:syllab="1"
                     ecep:pron="ðiː">The</w>
                  <c> </c>
                  <w xml:id="pmt18-342520"
                     n="pmt18/0253-a-0570"
                     ecep:lem="promise"
                     ecep:pos="j-vvn"
                     ecep:reg="promised"
                     ecep:spe="promised"
                     ecep:syllab="2"
                     ecep:pron="ˈprɒmɪst">promised</w>
                  <c> </c>
                  <w xml:id="pmt18-342530"
                     n="pmt18/0253-a-0580"
                     ecep:lem="object"
                     ecep:pos="n2"
                     ecep:reg="objects"
                     ecep:spe="objects"
                     ecep:syllab="2"
                     ecep:pron="ˈɒbdʒɪkts">objects</w>
                  <c> </c>
                  <w xml:id="pmt18-342540"
                     n="pmt18/0253-a-0590"
                     ecep:lem="you"
                     ecep:pos="pn22"
                     ecep:reg="you"
                     ecep:spe="you"
                     ecep:syllab="1"
                     ecep:pron="juː">you</w>
                  <c> </c>
                  <w xml:id="pmt18-342550"
                     n="pmt18/0253-a-0600"
                     ecep:lem="esteem"
                     ecep:pos="vvd"
                     ecep:reg="esteemed"
                     ecep:spe="esteemed"
                     ecep:syllab="2"
                     ecep:pron="ɪˈstiːmd">esteemed</w>
                  <c> </c>
                  <w xml:id="pmt18-342560"
                     n="pmt18/0253-a-0610"
                     ecep:lem="so"
                     ecep:pos="av"
                     ecep:reg="so"
                     ecep:spe="so"
                     ecep:syllab="1"
                     ecep:pron="səʊ">so</w>
                  <c> </c>
                  <w xml:id="pmt18-342570"
                     n="pmt18/0253-a-0620"
                     ecep:lem="bright"
                     ecep:pos="j"
                     ecep:reg="bright"
                     ecep:spe="bright"
                     ecep:syllab="1"
                     ecep:pron="braɪt">bright</w>
                  <pc xml:id="pmt18-342580"
                      n="pmt18/0253-a-0630"
                      ecep:lem=","
                      ecep:pos=","
                      ecep:reg=","
                      ecep:spe=",">,</pc>
               </l>
               <l xml:id="pmt18-l17645">
                  <c> </c>
                  <w xml:id="pmt18-342590"
                     n="pmt18/0253-a-0640"
                     ecep:lem="when"
                     ecep:pos="c-crq"
                     ecep:reg="When"
                     ecep:spe="When"
                     ecep:syllab="1"
                     ecep:pron="wen">When</w>
                  <c> </c>
                  <w xml:id="pmt18-342600"
                     n="pmt18/0253-a-0650"
                     ecep:lem="love"
                     ecep:pos="n1"
                     ecep:reg="love"
                     ecep:spe="love"
                     ecep:syllab="1"
                     ecep:pron="lʌv">love</w>
                  <c> </c>
                  <w xml:id="pmt18-342610"
                     n="pmt18/0253-a-0660"
                     ecep:lem="be"
                     ecep:pos="vbds"
                     ecep:reg="was"
                     ecep:spe="was"
                     ecep:syllab="1"
                     ecep:pron="wɒz">was</w>
                  <c> </c>
                  <w xml:id="pmt18-342620"
                     n="pmt18/0253-a-0670"
                     ecep:lem="all"
                     ecep:pos="d"
                     ecep:reg="all"
                     ecep:spe="all"
                     ecep:syllab="1"
                     ecep:pron="ɔːl">all</w>
                  <c> </c>
                  <w xml:id="pmt18-342630"
                     n="pmt18/0253-a-0680"
                     ecep:lem="your"
                     ecep:pos="po22"
                     ecep:reg="your"
                     ecep:spe="your"
                     ecep:syllab="1"
                     ecep:pron="jɔː">your</w>
                  <c> </c>
                  <w xml:id="pmt18-342640"
                     n="pmt18/0253-a-0690"
                     ecep:lem="song"
                     ecep:pos="n1"
                     ecep:reg="song"
                     ecep:spe="song"
                     ecep:syllab="1"
                     ecep:pron="sɒŋ">song</w>
                  <pc xml:id="pmt18-342650"
                      n="pmt18/0253-a-0700"
                      ecep:lem=","
                      ecep:pos=","
                      ecep:reg=","
                      ecep:spe=",">,</pc>
                  <c> </c>
                  <w xml:id="pmt18-342660"
                     n="pmt18/0253-a-0710"
                     ecep:lem="and"
                     ecep:pos="cc"
                     ecep:reg="and"
                     ecep:spe="and"
                     ecep:syllab="1"
                     ecep:pron="ænd">and</w>
                  <c> </c>
                  <w xml:id="pmt18-342670"
                     n="pmt18/0253-a-0720"
                     ecep:lem="life"
                     ecep:pos="n1"
                     ecep:reg="life"
                     ecep:spe="life"
                     ecep:syllab="1"
                     ecep:pron="laɪf">life</w>
                  <c> </c>
                  <w xml:id="pmt18-342680"
                     n="pmt18/0253-a-0730"
                     ecep:lem="look"
                     ecep:pos="vvd"
                     ecep:reg="looked"
                     ecep:spe="looked"
                     ecep:syllab="1"
                     ecep:pron="lʊkt">looked</w>
                  <c> </c>
                  <w xml:id="pmt18-342690"
                     n="pmt18/0253-a-0740"
                     ecep:lem="gay"
                     ecep:pos="j"
                     ecep:reg="gay"
                     ecep:spe="gay"
                     ecep:syllab="1"
                     ecep:pron="geɪ">gay</w>
                  <pc xml:id="pmt18-342700"
                      n="pmt18/0253-a-0750"
                      unit="sentence"
                      ecep:lem="!"
                      ecep:pos="!"
                      ecep:reg="!"
                      ecep:spe="!">!</pc>
                  <c> </c>
               </l>
               <l xml:id="pmt18-l17650">
                  <w xml:id="pmt18-342710"
                     n="pmt18/0253-a-0760"
                     ecep:lem="now"
                     ecep:pos="av"
                     ecep:reg="Now"
                     ecep:spe="Now"
                     ecep:syllab="1"
                     ecep:pron="naʊ">Now</w>
                  <c> </c>
                  <w xml:id="pmt18-342720"
                     n="pmt18/0253-a-0770"
                     ecep:lem="let"
                     ecep:pos="vvb"
                     ecep:reg="let"
                     ecep:spe="let"
                     ecep:syllab="1"
                     ecep:pron="let">let</w>
                  <c> </c>
                  <w xml:id="pmt18-342730"
                     n="pmt18/0253-a-0780"
                     ecep:lem="we"
                     ecep:pos="pno12"
                     ecep:reg="us"
                     ecep:spe="us"
                     ecep:syllab="1"
                     ecep:pron="ʌs">us</w>
                  <c> </c>
                  <w xml:id="pmt18-342740"
                     n="pmt18/0253-a-0790"
                     ecep:lem="rest"
                     ecep:pos="vvi"
                     ecep:reg="rest"
                     ecep:spe="rest"
                     ecep:syllab="1"
                     ecep:pron="rest">rest</w>
                  <c> </c>
                  <w xml:id="pmt18-342750"
                     n="pmt18/0253-a-0800"
                     ecep:lem="in"
                     ecep:pos="p-acp"
                     ecep:reg="in"
                     ecep:spe="in"
                     ecep:syllab="1"
                     ecep:pron="ɪn">in</w>
                  <c> </c>
                  <w xml:id="pmt18-342760"
                     n="pmt18/0253-a-0810"
                     ecep:lem="peace"
                     ecep:pos="n1"
                     ecep:reg="peace"
                     ecep:spe="peace"
                     ecep:syllab="1"
                     ecep:pron="piːs">peace</w>
                  <pc xml:id="pmt18-342770"
                      n="pmt18/0253-a-0820"
                      ecep:lem="!"
                      ecep:pos="!"
                      ecep:reg="!"
                      ecep:spe="!">!</pc>
                  <c> </c>
                  <w xml:id="pmt18-342780"
                     n="pmt18/0253-a-0830"
                     ecep:lem="those"
                     ecep:pos="d"
                     ecep:reg="those"
                     ecep:spe="those"
                     ecep:syllab="1"
                     ecep:pron="ðəʊz">those</w>
                  <c> </c>
                  <w xml:id="pmt18-342790"
                     n="pmt18/0253-a-0840"
                     ecep:lem="hour"
                     ecep:pos="n2"
                     ecep:reg="hours"
                     ecep:spe="hours"
                     ecep:syllab="1"
                     ecep:pron="æəz">hours</w>
                  <c> </c>
                  <w xml:id="pmt18-342800"
                     n="pmt18/0253-a-0850"
                     ecep:lem="be"
                     ecep:pos="vbr"
                     ecep:reg="are"
                     ecep:spe="are"
                     ecep:syllab="1"
                     ecep:pron="ɑː">are</w>
                  <c> </c>
                  <w xml:id="pmt18-342810"
                     n="pmt18/0253-a-0860"
                     ecep:lem="past"
                     ecep:pos="j"
                     ecep:reg="past"
                     ecep:spe="past"
                     ecep:syllab="1"
                     ecep:pron="pɑːst">past</w>
                  <pc xml:id="pmt18-342820"
                      n="pmt18/0253-a-0870"
                      ecep:lem=","
                      ecep:pos=","
                      ecep:reg=","
                      ecep:spe=",">,</pc>
               </l>
               <l xml:id="pmt18-l17655">
                  <c> </c>
                  <w xml:id="pmt18-342830"
                     n="pmt18/0253-a-0880"
                     ecep:lem="and"
                     ecep:pos="cc"
                     ecep:reg="And"
                     ecep:spe="And"
                     ecep:syllab="1"
                     ecep:pron="ænd">And</w>
                  <c> </c>
                  <w xml:id="pmt18-342840"
                     n="pmt18/0253-a-0890"
                     ecep:lem="with"
                     ecep:pos="p-acp"
                     ecep:reg="with"
                     ecep:spe="with"
                     ecep:syllab="1"
                     ecep:pron="wɪð">with</w>
                  <c> </c>
                  <w xml:id="pmt18-342850"
                     n="pmt18/0253-a-0900"
                     ecep:lem="they"
                     ecep:pos="pno32"
                     ecep:reg="them"
                     ecep:spe="them"
                     ecep:syllab="1"
                     ecep:pron="ðem">them</w>
                  <pc xml:id="pmt18-342860"
                      n="pmt18/0253-a-0910"
                      ecep:lem=","
                      ecep:pos=","
                      ecep:reg=","
                      ecep:spe=",">,</pc>
                  <c> </c>
                  <w xml:id="pmt18-342870"
                     n="pmt18/0253-a-0920"
                     ecep:lem="all"
                     ecep:pos="d"
                     ecep:reg="all"
                     ecep:spe="all"
                     ecep:syllab="1"
                     ecep:pron="ɔːl">all</w>
                  <c> </c>
                  <w xml:id="pmt18-342880"
                     n="pmt18/0253-a-0930"
                     ecep:lem="the"
                     ecep:pos="dt"
                     ecep:reg="the"
                     ecep:spe="the"
                     ecep:syllab="1"
                     ecep:pron="ðiː">the</w>
                  <c> </c>
                  <w xml:id="pmt18-342890"
                     n="pmt18/0253-a-0940"
                     ecep:lem="agitate"
                     ecep:pos="j-vvg"
                     ecep:reg="agitating"
                     ecep:spe="agitating"
                     ecep:syllab="4"
                     ecep:pron="ˈædʒɪteɪtɪŋ">agitating</w>
                  <c> </c>
                  <w xml:id="pmt18-342900"
                     n="pmt18/0253-a-0950"
                     ecep:lem="train"
                     ecep:pos="n1"
                     ecep:reg="train"
                     ecep:spe="train"
                     ecep:syllab="1"
                     ecep:pron="treɪn">train</w>
               </l>
               <l xml:id="pmt18-l17660">
                  <c> </c>
                  <w xml:id="pmt18-342910"
                     n="pmt18/0253-a-0960"
                     ecep:lem="by"
                     ecep:pos="p-acp"
                     ecep:reg="By"
                     ecep:spe="By"
                     ecep:syllab="1"
                     ecep:pron="baɪ">By</w>
                  <c> </c>
                  <w xml:id="pmt18-342920"
                     n="pmt18/0253-a-0970"
                     ecep:lem="which"
                     ecep:pos="r-crq"
                     ecep:reg="which"
                     ecep:spe="which"
                     ecep:syllab="1"
                     ecep:pron="wɪtʃ">which</w>
                  <c> </c>
                  <w xml:id="pmt18-342930"
                     n="pmt18/0253-a-0980"
                     ecep:lem="hope"
                     ecep:pos="n1"
                     ecep:reg="hope"
                     ecep:spe="hope"
                     ecep:syllab="1"
                     ecep:pron="həʊp">hope</w>
                  <c> </c>
                  <w xml:id="pmt18-342940"
                     n="pmt18/0253-a-0990"
                     ecep:lem="lead"
                     ecep:pos="vvd"
                     ecep:reg="led"
                     ecep:spe="led"
                     ecep:syllab="1"
                     ecep:pron="led">led</w>
                  <c> </c>
                  <w xml:id="pmt18-342950"
                     n="pmt18/0253-a-1000"
                     ecep:lem="the"
                     ecep:pos="dt"
                     ecep:reg="the"
                     ecep:spe="the"
                     ecep:syllab="1"
                     ecep:pron="ðiː">the</w>
                  <c> </c>
                  <w xml:id="pmt18-342960"
                     n="pmt18/0253-a-1010"
                     ecep:lem="wander"
                     ecep:pos="j-vvg"
                     ecep:reg="wandering"
                     ecep:spe="wandering"
                     ecep:syllab="3"
                     ecep:pron="ˈwɒndrɪŋ">wandering</w>
                  <c> </c>
                  <w xml:id="pmt18-342970"
                     n="pmt18/0253-a-1020"
                     ecep:lem="cheat"
                     ecep:pos="j-vvn"
                     ecep:reg="cheated"
                     ecep:spe="cheated"
                     ecep:syllab="2"
                     ecep:pron="tʃiːtɪd">cheated</w>
                  <c> </c>
                  <w xml:id="pmt18-342980"
                     n="pmt18/0253-a-1030"
                     ecep:lem="soul"
                     ecep:pos="n1"
                     ecep:reg="soul"
                     ecep:spe="soul"
                     ecep:syllab="1"
                     ecep:pron="səʊl">soul</w>
                  <pc xml:id="pmt18-342990"
                      n="pmt18/0253-a-1040"
                      ecep:lem=";"
                      ecep:pos=";"
                      ecep:reg=";"
                      ecep:spe=";">;</pc>
               </l>
               <l xml:id="pmt18-l17665">
                  <c> </c>
                  <w xml:id="pmt18-343000"
                     n="pmt18/0253-a-1050"
                     ecep:lem="weary"
                     ecep:pos="vvn"
                     ecep:reg="Wearied"
                     ecep:spe="Wearied"
                     ecep:syllab="2"
                     ecep:pron="ˈwɪərid">Wearied</w>
                  <pc xml:id="pmt18-343010"
                      n="pmt18/0253-a-1060"
                      ecep:lem=","
                      ecep:pos=","
                      ecep:reg=","
                      ecep:spe=",">,</pc>
                  <c> </c>
                  <w xml:id="pmt18-343020"
                     n="pmt18/0253-a-1070"
                     ecep:lem="she"
                     ecep:pos="pns31"
                     ecep:reg="she"
                     ecep:spe="she"
                     ecep:syllab="1"
                     ecep:pron="ʃiː">she</w>
                  <c> </c>
                  <w xml:id="pmt18-343030"
                     n="pmt18/0253-a-1080"
                     ecep:lem="seek"
                     ecep:pos="vvz"
                     ecep:reg="seeks"
                     ecep:spe="seeks"
                     ecep:syllab="1"
                     ecep:pron="siːks">seeks</w>
                  <c> </c>
                  <w xml:id="pmt18-343040"
                     n="pmt18/0253-a-1090"
                     ecep:lem="repose"
                     ecep:pos="n1"
                     ecep:reg="repose"
                     ecep:spe="repose"
                     ecep:syllab="2"
                     ecep:pron="rɪˈpəʊz">repose</w>
                  <pc xml:id="pmt18-343050"
                      n="pmt18/0253-a-1100"
                      ecep:lem=","
                      ecep:pos=","
                      ecep:reg=","
                      ecep:spe=",">,</pc>
                  <c> </c>
                  <w xml:id="pmt18-343060"
                     n="pmt18/0253-a-1110"
                     ecep:lem="and"
                     ecep:pos="cc"
                     ecep:reg="and"
                     ecep:spe="and"
                     ecep:syllab="1"
                     ecep:pron="ænd">and</w>
                  <c> </c>
                  <w xml:id="pmt18-343070"
                     n="pmt18/0253-a-1120"
                     ecep:lem="own"
                     ecep:pos="vvz"
                     ecep:reg="owns"
                     ecep:spe="owns"
                     ecep:syllab="1"
                     ecep:pron="əʊnz">owns</w>
                  <c> </c>
                  <w xml:id="pmt18-343080"
                     n="pmt18/0253-a-1130"
                     ecep:lem="at"
                     ecep:pos="p-acp"
                     ecep:reg="at"
                     ecep:spe="at"
                     ecep:syllab="1"
                     ecep:pron="æt">at</w>
                  <c> </c>
                  <w xml:id="pmt18-343090"
                     n="pmt18/0253-a-1140"
                     ecep:lem="last"
                     ecep:pos="ord"
                     ecep:reg="last"
                     ecep:spe="last"
                     ecep:syllab="1"
                     ecep:pron="lɑːst">last</w>
               </l>
               <l xml:id="pmt18-l17670">
                  <c> </c>
                  <w xml:id="pmt18-343100"
                     n="pmt18/0253-a-1150"
                     ecep:lem="how"
                     ecep:pos="q-crq"
                     ecep:reg="How"
                     ecep:spe="How"
                     ecep:syllab="1"
                     ecep:pron="haʊ">How</w>
                  <c> </c>
                  <w xml:id="pmt18-343110"
                     n="pmt18/0253-a-1160"
                     ecep:lem="sigh"
                     ecep:pos="n2"
                     ecep:reg="sighs"
                     ecep:spe="sighs"
                     ecep:syllab="1"
                     ecep:pron="saɪz">sighs</w>
                  <pc xml:id="pmt18-343120"
                      n="pmt18/0253-a-1170"
                      ecep:lem=","
                      ecep:pos=","
                      ecep:reg=","
                      ecep:spe=",">,</pc>
                  <c> </c>
                  <w xml:id="pmt18-343130"
                     n="pmt18/0253-a-1180"
                     ecep:lem="and"
                     ecep:pos="cc"
                     ecep:reg="and"
                     ecep:spe="and"
                     ecep:syllab="1"
                     ecep:pron="ænd">and</w>
                  <c> </c>
                  <w xml:id="pmt18-343140"
                     n="pmt18/0253-a-1190"
                     ecep:lem="tear"
                     ecep:pos="n2"
                     ecep:reg="tears"
                     ecep:spe="tears"
                     ecep:syllab="1"
                     ecep:pron="tɪəz">tears</w>
                  <pc xml:id="pmt18-343150"
                      n="pmt18/0253-a-1200"
                      ecep:lem=","
                      ecep:pos=","
                      ecep:reg=","
                      ecep:spe=",">,</pc>
                  <c> </c>
                  <w xml:id="pmt18-343160"
                     n="pmt18/0253-a-1210"
                     ecep:lem="and"
                     ecep:pos="cc"
                     ecep:reg="and"
                     ecep:spe="and"
                     ecep:syllab="1"
                     ecep:pron="ænd">and</w>
                  <c> </c>
                  <w xml:id="pmt18-343170"
                     n="pmt18/0253-a-1220"
                     ecep:lem="youth"
                     ecep:pos="n1"
                     ecep:reg="youth"
                     ecep:spe="youth"
                     ecep:syllab="1"
                     ecep:pron="juːθ">youth</w>
                  <pc xml:id="pmt18-343180"
                      n="pmt18/0253-a-1230"
                      ecep:lem=","
                      ecep:pos=","
                      ecep:reg=","
                      ecep:spe=",">,</pc>
                  <c> </c>
                  <w xml:id="pmt18-343190"
                     n="pmt18/0253-a-1240"
                     ecep:lem="be"
                     ecep:pos="vbdr"
                     ecep:reg="were"
                     ecep:spe="were"
                     ecep:syllab="1"
                     ecep:pron="wɜː">were</w>
                  <c> </c>
                  <w xml:id="pmt18-343200"
                     n="pmt18/0253-a-1250"
                     ecep:lem="spend"
                     ecep:pos="vvn"
                     ecep:reg="spent"
                     ecep:spe="spent"
                     ecep:syllab="1"
                     ecep:pron="spent">spent</w>
                  <c> </c>
                  <w xml:id="pmt18-343210"
                     n="pmt18/0253-a-1260"
                     ecep:lem="in"
                     ecep:pos="p-acp"
                     ecep:reg="in"
                     ecep:spe="in"
                     ecep:syllab="1"
                     ecep:pron="ɪn">in</w>
                  <c> </c>
                  <w xml:id="pmt18-343220"
                     n="pmt18/0253-a-1270"
                     ecep:lem="vain"
                     ecep:pos="j"
                     ecep:reg="vain"
                     ecep:spe="vain"
                     ecep:syllab="1"
                     ecep:pron="veɪn">vain</w>
                  <pc xml:id="pmt18-343230"
                      n="pmt18/0253-a-1280"
                      ecep:lem=","
                      ecep:pos=","
                      ecep:reg=","
                      ecep:spe=",">,</pc>
               </l>
               <l xml:id="pmt18-l17675">
                  <c> </c>
                  <w xml:id="pmt18-343240"
                     n="pmt18/0253-a-1290"
                     ecep:lem="while"
                     ecep:pos="cs"
                     ecep:reg="While"
                     ecep:spe="While"
                     ecep:syllab="1"
                     ecep:pron="ˈwaɪl">While</w>
                  <c> </c>
                  <w xml:id="pmt18-343250"
                     n="pmt18/0253-a-1300"
                     ecep:lem="languish"
                     ecep:pos="vvg"
                     ecep:reg="languishing"
                     ecep:spe="languishing"
                     ecep:syllab="3"
                     ecep:pron="ˈlæŋgwɪʃɪŋ">languishing</w>
                  <c> </c>
                  <w xml:id="pmt18-343260"
                     n="pmt18/0253-a-1310"
                     ecep:lem="she"
                     ecep:pos="pns31"
                     ecep:reg="she"
                     ecep:spe="she"
                     ecep:syllab="1"
                     ecep:pron="ʃiː">she</w>
                  <c> </c>
                  <w xml:id="pmt18-343270"
                     n="pmt18/0253-a-1320"
                     ecep:lem="mourn"
                     ecep:pos="vvd"
                     ecep:reg="mourned"
                     ecep:spe="mourned"
                     ecep:syllab="1"
                     ecep:pron="mɔːnd">mourned</w>
                  <c> </c>
                  <w xml:id="pmt18-343280"
                     n="pmt18/0253-a-1330"
                     ecep:lem="in"
                     ecep:pos="p-acp"
                     ecep:reg="in"
                     ecep:spe="in"
                     ecep:syllab="1"
                     ecep:pron="ɪn">in</w>
                  <c> </c>
                  <w xml:id="pmt18-343290"
                     n="pmt18/0253-a-1340"
                     ecep:lem="folly"
                     ecep:pos="ng1"
                     ecep:reg="folly's"
                     ecep:spe="folly's"
                     ecep:syllab="2"
                     ecep:pron="ˈfɒliz">folly's</w>
                  <c> </c>
                  <w xml:id="pmt18-343300"
                     n="pmt18/0253-a-1350"
                     ecep:lem="sad"
                     ecep:pos="j"
                     ecep:reg="sad"
                     ecep:spe="sad"
                     ecep:syllab="1"
                     ecep:pron="sæd">sad</w>
                  <c> </c>
                  <w xml:id="pmt18-343310"
                     n="pmt18/0253-a-1360"
                     ecep:lem="control"
                     ecep:pos="n1"
                     ecep:reg="control"
                     ecep:spe="control"
                     ecep:syllab="2"
                     ecep:pron="kənˈtrəʊl">control</w>
                  <pc xml:id="pmt18-343320"
                      n="pmt18/0253-a-1370"
                      unit="sentence"
                      ecep:lem="."
                      ecep:pos="."
                      ecep:reg="."
                      ecep:spe=".">.</pc>
                  <c> </c>
               </l>
            </lg>
         </div>
      </body>
   </text>
</TEI>
