<?xml version="1.0" encoding="utf-8"?>
<!DOCTYPE div
  SYSTEM "about:legacy-compat">
<div xmlns:ecep="http://www.eighteenthcenturypoetry.org/ns"
     xmlns="http://www.tei-c.org/ns/1.0"
     xmlns:tei="http://www.tei-c.org/ns/1.0"
     ana="#iamb #tetrameter #couplet #pair #answer"
     corresp="#txt_BarbMa1685_w0039"
     decls="#semi-normalized"
     ecep:syllab="8"
     met="-+|-+|-+|-+/"
     rendition="#lgvspace"
     rhyme="aa"
     subtype="eceptext"
     type="poem"
     xml:id="pba35-w0400">
   <link target="authors.xml#aut_BarbMa1685" type="author"/>
   <link target="11400" type="DMI"/>
   <link subtype="proposition" target="#pba35-w0390" type="related"/>
   <head type="main">
      <w xml:id="pba35-111540"
         n="a-0010"
         ecep:lem="write"
         ecep:pos="vvn"
         ecep:reg="Written"
         ecep:spe="Written"
         ecep:syllab="2"
         ecep:pron="ˈrɪtn">Written</w>
      <c> </c>
      <w xml:id="pba35-111550"
         n="a-0020"
         ecep:lem="for"
         ecep:pos="p-acp"
         ecep:reg="for"
         ecep:spe="for"
         ecep:syllab="1"
         ecep:pron="fɔː">for</w>
      <c> </c>
      <rs ref="authors.xml#aut_BarbCo1714" type="name">
         <w xml:id="pba35-111560"
            n="a-0030"
            ecep:lem="my"
            ecep:pos="po11"
            ecep:reg="my"
            ecep:spe="my"
            ecep:syllab="1"
            ecep:pron="maɪ">my</w>
         <c> </c>
         <w xml:id="pba35-111570"
            n="a-0040"
            ecep:lem="son"
            ecep:pos="n1"
            ecep:reg="Son"
            ecep:spe="Son"
            ecep:syllab="1"
            ecep:pron="sʌn">Son</w>
      </rs>
      <pc xml:id="pba35-111580"
          n="a-0050"
          ecep:lem=","
          ecep:pos=","
          ecep:reg=","
          ecep:spe=",">,</pc>
      <c> </c>
      <w xml:id="pba35-111590"
         n="a-0060"
         ecep:lem="to"
         ecep:pos="p-acp"
         ecep:reg="to"
         ecep:spe="to"
         ecep:syllab="1"
         ecep:pron="tuː">to</w>
      <c> </c>
      <w xml:id="pba35-111600"
         n="a-0070"
         ecep:lem="mr."
         ecep:pos="n1"
         ecep:reg="Mr."
         ecep:spe="Mr."
         ecep:syllab="2"
         ecep:pron="mɪstə">Mr.</w>
      <c> </c>
      <w xml:id="pba35-111610"
         n="a-0080"
         ecep:lem="Barry"
         ecep:pos="np1"
         ecep:reg="Barry"
         ecep:spe="Barry"
         ecep:syllab="2"
         ecep:pron="ˈbærɪ">Barry</w>
      <note place="bottom"
            n="[ed.]"
            resp="#AH"
            xml:id="app_BarbMa1685_w0039_n1">"Possibly Henry Barry, born 1710, who became Baron Santry on the death of his father in 1735. He was tried for
									murder in 1738." 
									(Tucker [1992], 214)
								</note>
      <pc xml:id="pba35-111620"
          n="a-0090"
          ecep:lem=";"
          ecep:pos=";"
          ecep:reg=";"
          ecep:spe=";">;</pc>
      <c> </c>
      <w xml:id="pba35-111630"
         n="a-0100"
         ecep:lem="occasion"
         ecep:pos="vvn"
         ecep:reg="occasioned"
         ecep:spe="occasion'd"
         ecep:syllab="3"
         ecep:pron="əˈkeɪʒnd">occasion'd</w>
      <c> </c>
      <w xml:id="pba35-111640"
         n="a-0110"
         ecep:lem="by"
         ecep:pos="p-acp"
         ecep:reg="by"
         ecep:spe="by"
         ecep:syllab="1"
         ecep:pron="baɪ">by</w>
      <c> </c>
      <w xml:id="pba35-111650"
         n="a-0120"
         ecep:lem="the"
         ecep:pos="dt"
         ecep:reg="the"
         ecep:spe="the"
         ecep:syllab="1"
         ecep:pron="ðiː">the</w>
      <c> </c>
      <w xml:id="pba35-111660"
         n="a-0130"
         ecep:lem="forgo"
         ecep:pos="j-vvg"
         ecep:reg="foregoing"
         ecep:spe="foregoing"
         ecep:syllab="3"
         ecep:pron="fɔːˈgəʊɪŋ">foregoing</w>
      <c> </c>
      <w xml:id="pba35-111670"
         n="a-0140"
         ecep:lem="verse"
         ecep:pos="n2"
         ecep:reg="Verses"
         ecep:spe="Verses"
         ecep:syllab="2"
         ecep:pron="vɜːsɪz">Verses</w>
      <pc xml:id="pba35-111680"
          n="a-0150"
          unit="sentence"
          ecep:lem="."
          ecep:pos="."
          ecep:reg="."
          ecep:spe=".">.</pc>
   </head>
   <lg xml:id="pba35-s00680">
      <l n="1" xml:id="pba35-l05595">
         <hi rendition="#sc">
            <w xml:id="pba35-111710"
               n="a-0160"
               ecep:lem="since"
               ecep:pos="p-acp"
               ecep:reg="Since"
               ecep:spe="Since"
               ecep:syllab="1"
               ecep:pron="sɪns">Since</w>
            <c> </c>
            <w xml:id="pba35-111720"
               n="a-0170"
               ecep:lem="Phoebus"
               ecep:pos="np1"
               ecep:reg="Phoebus"
               ecep:spe="Phoebus"
               ecep:syllab="2"
               ecep:pron="ˈfiːbəs">Phoebus</w>
         </hi>
         <c> </c>
         <w xml:id="pba35-111730"
            n="a-0180"
            ecep:lem="make"
            ecep:pos="vvz"
            ecep:reg="makes"
            ecep:spe="makes"
            ecep:syllab="1"
            ecep:pron="meɪks">makes</w>
         <c> </c>
         <w xml:id="pba35-111740"
            n="a-0190"
            ecep:lem="your"
            ecep:pos="po22"
            ecep:reg="your"
            ecep:spe="your"
            ecep:syllab="1"
            ecep:pron="jɔː">your</w>
         <c> </c>
         <w xml:id="pba35-111750"
            n="a-0200"
            ecep:lem="verse"
            ecep:pos="n1"
            ecep:reg="Verse"
            ecep:spe="Verse"
            ecep:syllab="1"
            ecep:pron="vɜːs">Verse</w>
         <c> </c>
         <w xml:id="pba35-111760"
            n="a-0210"
            ecep:lem="divine"
            ecep:pos="j-jn"
            ecep:reg="divine"
            ecep:spe="divine"
            ecep:syllab="2"
            ecep:pron="dɪˈvaɪn">divine</w>
         <pc xml:id="pba35-111770"
             n="a-0220"
             ecep:lem=","
             ecep:pos=","
             ecep:reg=","
             ecep:spe=",">,</pc>
      </l>
      <l n="2" xml:id="pba35-l05600">
         <c> </c>
         <w xml:id="pba35-111780"
            n="a-0230"
            ecep:lem="since"
            ecep:pos="c-acp"
            ecep:reg="Since"
            ecep:spe="Since"
            ecep:syllab="1"
            ecep:pron="sɪns">Since</w>
         <c> </c>
         <w xml:id="pba35-111790"
            n="a-0240"
            ecep:lem="the"
            ecep:pos="dt"
            ecep:reg="the"
            ecep:spe="the"
            ecep:syllab="1"
            ecep:pron="ðiː">the</w>
         <c> </c>
         <w xml:id="pba35-111800"
            n="a-0250"
            ecep:lem="god"
            ecep:pos="n1"
            ecep:reg="God"
            ecep:spe="God"
            ecep:syllab="1"
            ecep:pron="gɒd">God</w>
         <c> </c>
         <w xml:id="pba35-111810"
            n="a-0260"
            ecep:lem="glow"
            ecep:pos="vvz"
            ecep:reg="glows"
            ecep:spe="glows"
            ecep:syllab="1"
            ecep:pron="gləʊz">glows</w>
         <c> </c>
         <w xml:id="pba35-111820"
            n="a-0270"
            ecep:lem="in"
            ecep:pos="p-acp"
            ecep:reg="in"
            ecep:spe="in"
            ecep:syllab="1"
            ecep:pron="ɪn">in</w>
         <c> </c>
         <w xml:id="pba35-111830"
            n="a-0280"
            ecep:lem="every"
            ecep:pos="d"
            ecep:reg="every"
            ecep:spe="ev'ry"
            ecep:syllab="2"
            ecep:pron="ˈevri">ev'ry</w>
         <c> </c>
         <w xml:id="pba35-111840"
            n="a-0290"
            ecep:lem="line"
            ecep:pos="n1"
            ecep:reg="Line"
            ecep:spe="Line"
            ecep:syllab="1"
            ecep:pron="laɪn">Line</w>
         <pc xml:id="pba35-111850"
             n="a-0300"
             ecep:lem=";"
             ecep:pos=";"
             ecep:reg=";"
             ecep:spe=";">;</pc>
      </l>
      <l n="3" xml:id="pba35-l05605">
         <c> </c>
         <w xml:id="pba35-111860"
            n="a-0310"
            ecep:lem="why"
            ecep:pos="q-crq"
            ecep:reg="Why"
            ecep:spe="Why"
            ecep:syllab="1"
            ecep:pron="waɪ">Why</w>
         <c> </c>
         <w xml:id="pba35-111870"
            n="a-0320"
            ecep:lem="shall"
            ecep:pos="vmd"
            ecep:reg="should"
            ecep:spe="should"
            ecep:syllab="1"
            ecep:pron="ʃʊd">should</w>
         <c> </c>
         <w xml:id="pba35-111880"
            n="a-0330"
            ecep:lem="you"
            ecep:pos="pn22"
            ecep:reg="you"
            ecep:spe="you"
            ecep:syllab="1"
            ecep:pron="juː">you</w>
         <c> </c>
         <w xml:id="pba35-111890"
            n="a-0340"
            ecep:lem="think"
            ecep:pos="vvi"
            ecep:reg="think"
            ecep:spe="think"
            ecep:syllab="1"
            ecep:pron="θɪŋk">think</w>
         <pc xml:id="pba35-111900"
             n="a-0350"
             ecep:lem=","
             ecep:pos=","
             ecep:reg=","
             ecep:spe=",">,</pc>
         <c> </c>
         <w xml:id="pba35-111910"
            n="a-0360"
            ecep:lem="but"
            ecep:pos="cc-acp"
            ecep:reg="but"
            ecep:spe="but"
            ecep:syllab="1"
            ecep:pron="bʌt">but</w>
         <c> </c>
         <w xml:id="pba35-111920"
            n="a-0370"
            ecep:lem="i"
            ecep:pos="pns11"
            ecep:reg="I"
            ecep:spe="I"
            ecep:syllab="1"
            ecep:pron="aɪ">I</w>
         <pc xml:id="pba35-111930"
             n="a-0380"
             ecep:lem=","
             ecep:pos=","
             ecep:reg=","
             ecep:spe=",">,</pc>
         <c> </c>
         <w xml:id="pba35-111940"
            n="a-0390"
            ecep:lem="with"
            ecep:pos="p-acp"
            ecep:reg="with"
            ecep:spe="with"
            ecep:syllab="1"
            ecep:pron="wɪð">with</w>
         <c> </c>
         <w xml:id="pba35-111950"
            n="a-0400"
            ecep:lem="ease"
            ecep:pos="n1"
            ecep:reg="Ease"
            ecep:spe="Ease"
            ecep:syllab="1"
            ecep:pron="iːz">Ease</w>
         <pc xml:id="pba35-111960"
             n="a-0410"
             ecep:lem=","
             ecep:pos=","
             ecep:reg=","
             ecep:spe=",">,</pc>
      </l>
      <l n="4" xml:id="pba35-l05610">
         <c> </c>
         <w xml:id="pba35-111970"
            n="a-0420"
            ecep:lem="may"
            ecep:pos="vmd"
            ecep:reg="Might"
            ecep:spe="Might"
            ecep:syllab="1"
            ecep:pron="maɪt">Might</w>
         <c> </c>
         <w xml:id="pba35-111980"
            n="a-0430"
            ecep:lem="write"
            ecep:pos="vvi"
            ecep:reg="write"
            ecep:spe="write"
            ecep:syllab="1"
            ecep:pron="raɪt">write</w>
         <c> </c>
         <w xml:id="pba35-111990"
            n="a-0440"
            ecep:lem="my"
            ecep:pos="po11"
            ecep:reg="my"
            ecep:spe="my"
            ecep:syllab="1"
            ecep:pron="maɪ">my</w>
         <c> </c>
         <w xml:id="pba35-112000"
            n="a-0450"
            ecep:lem="native"
            ecep:pos="j-jn"
            ecep:reg="native"
            ecep:spe="native"
            ecep:syllab="2"
            ecep:pron="ˈneɪtɪv">native</w>
         <pc xml:id="pba35-112010"
             n="a-0460"
             ecep:lem=","
             ecep:pos=","
             ecep:reg=","
             ecep:spe=",">,</pc>
         <c> </c>
         <w xml:id="pba35-112020"
            n="a-0470"
            ecep:lem="artless"
            ecep:pos="j"
            ecep:reg="artless"
            ecep:spe="artless"
            ecep:syllab="2"
            ecep:pron="ˈɑːtləs">artless</w>
         <c> </c>
         <w xml:id="pba35-112030"
            n="a-0480"
            ecep:lem="lay"
            ecep:pos="n2"
            ecep:reg="Lays"
            ecep:spe="Lays"
            ecep:syllab="1"
            ecep:pron="leɪz">Lays</w>
         <pc xml:id="pba35-112040"
             n="a-0490"
             unit="sentence"
             ecep:lem="?"
             ecep:pos="?"
             ecep:reg="?"
             ecep:spe="?">?</pc>
         <c> </c>
      </l>
   </lg>
   <lg xml:id="pba35-s00685">
      <l n="5" xml:id="pba35-l05615">
         <hi rendition="#sc">
            <w xml:id="pba35-112070"
               n="a-0500"
               ecep:lem="my"
               ecep:pos="po11"
               ecep:reg="My"
               ecep:spe="My"
               ecep:syllab="1"
               ecep:pron="maɪ">My</w>
         </hi>
         <c> </c>
         <w xml:id="pba35-112080"
            n="a-0510"
            ecep:lem="mother"
            ecep:pos="n1"
            ecep:reg="Mother"
            ecep:spe="Mother"
            ecep:syllab="2"
            ecep:pron="ˈmʌðə">Mother</w>
         <c> </c>
         <w xml:id="pba35-112090"
            n="a-0520"
            ecep:lem="tell"
            ecep:pos="vvd"
            ecep:reg="told"
            ecep:spe="told"
            ecep:syllab="1"
            ecep:pron="təʊld">told</w>
         <c> </c>
         <w xml:id="pba35-112100"
            n="a-0530"
            ecep:lem="i"
            ecep:pos="pno11"
            ecep:reg="me"
            ecep:spe="me"
            ecep:syllab="1"
            ecep:pron="miː">me</w>
         <c> </c>
         <w xml:id="pba35-112110"
            n="a-0540"
            ecep:lem="many"
            ecep:pos="d"
            ecep:reg="many"
            ecep:spe="many"
            ecep:syllab="2"
            ecep:pron="ˈmeni">many</w>
         <c> </c>
         <w xml:id="pba35-112120"
            n="a-0550"
            ecep:lem="a"
            ecep:pos="dt"
            ecep:reg="a"
            ecep:spe="a"
            ecep:syllab="1"
            ecep:pron="ə">a</w>
         <c> </c>
         <w xml:id="pba35-112130"
            n="a-0560"
            ecep:lem="time"
            ecep:pos="n1"
            ecep:reg="Time"
            ecep:spe="Time"
            ecep:syllab="1"
            ecep:pron="taɪm">Time</w>
         <pc xml:id="pba35-112140"
             n="a-0570"
             ecep:lem=","
             ecep:pos=","
             ecep:reg=","
             ecep:spe=",">,</pc>
      </l>
      <l n="6" xml:id="pba35-l05620">
         <c> </c>
         <w xml:id="pba35-112150"
            n="a-0580"
            ecep:lem="that"
            ecep:pos="cst"
            ecep:reg="That"
            ecep:spe="That"
            ecep:syllab="1"
            ecep:pron="ðæt">That</w>
         <c> </c>
         <w xml:id="pba35-112160"
            n="a-0590"
            ecep:lem="double-dealing"
            ecep:pos="j"
            ecep:reg="Double-dealing"
            ecep:spe="Double-dealing"
            ecep:syllab="4"
            ecep:pron="ˌdʌblˈdiːlɪŋ">Double-dealing</w>
         <c> </c>
         <w xml:id="pba35-112170"
            n="a-0600"
            ecep:lem="be"
            ecep:pos="vbds"
            ecep:reg="was"
            ecep:spe="was"
            ecep:syllab="1"
            ecep:pron="wɒz">was</w>
         <c> </c>
         <w xml:id="pba35-112180"
            n="a-0610"
            ecep:lem="a"
            ecep:pos="dt"
            ecep:reg="a"
            ecep:spe="a"
            ecep:syllab="1"
            ecep:pron="ə">a</w>
         <c> </c>
         <w xml:id="pba35-112190"
            n="a-0620"
            ecep:lem="crime"
            ecep:pos="n1"
            ecep:reg="Crime"
            ecep:spe="Crime"
            ecep:syllab="1"
            ecep:pron="kraɪm">Crime</w>
         <pc xml:id="pba35-112200"
             n="a-0630"
             ecep:lem=":"
             ecep:pos=":"
             ecep:reg=":"
             ecep:spe=":">:</pc>
      </l>
      <l n="7" xml:id="pba35-l05625">
         <c> </c>
         <w xml:id="pba35-112210"
            n="a-0640"
            ecep:lem="alas"
            ecep:pos="uh"
            ecep:reg="Alas"
            ecep:spe="Alas"
            ecep:syllab="2"
            ecep:pron="əˈlæs">Alas</w>
         <pc xml:id="pba35-112220"
             n="a-0650"
             ecep:lem="!"
             ecep:pos="!"
             ecep:reg="!"
             ecep:spe="!">!</pc>
         <c> </c>
         <w xml:id="pba35-112230"
            n="a-0660"
            ecep:lem="and"
            ecep:pos="cc"
            ecep:reg="and"
            ecep:spe="and"
            ecep:syllab="1"
            ecep:pron="ænd">and</w>
         <c> </c>
         <w xml:id="pba35-112240"
            n="a-0670"
            ecep:lem="be"
            ecep:pos="vbz"
            ecep:reg="is"
            ecep:spe="is"
            ecep:syllab="1"
            ecep:pron="ɪz">is</w>
         <c> </c>
         <w xml:id="pba35-112250"
            n="a-0680"
            ecep:lem="it"
            ecep:pos="pn31"
            ecep:reg="it"
            ecep:spe="it"
            ecep:syllab="1"
            ecep:pron="ɪt">it</w>
         <c> </c>
         <w xml:id="pba35-112260"
            n="a-0690"
            ecep:lem="only"
            ecep:pos="av-j"
            ecep:reg="only"
            ecep:spe="only"
            ecep:syllab="2"
            ecep:pron="ˈəʊnli">only</w>
         <c> </c>
         <w xml:id="pba35-112270"
            n="a-0700"
            ecep:lem="so"
            ecep:pos="av"
            ecep:reg="so"
            ecep:spe="so"
            ecep:syllab="1"
            ecep:pron="səʊ">so</w>
         <pc xml:id="pba35-112280"
             n="a-0710"
             ecep:lem=","
             ecep:pos=","
             ecep:reg=","
             ecep:spe=",">,</pc>
      </l>
      <l n="8" xml:id="pba35-l05630">
         <c> </c>
         <w xml:id="pba35-112290"
            n="a-0720"
            ecep:lem="in"
            ecep:pos="p-acp"
            ecep:reg="In"
            ecep:spe="In"
            ecep:syllab="1"
            ecep:pron="ɪn">In</w>
         <c> </c>
         <w xml:id="pba35-112300"
            n="a-0730"
            ecep:lem="we"
            ecep:pos="pno12"
            ecep:reg="us"
            ecep:spe="us"
            ecep:syllab="1"
            ecep:pron="ʌs">us</w>
         <pc xml:id="pba35-112310"
             n="a-0740"
             ecep:lem=","
             ecep:pos=","
             ecep:reg=","
             ecep:spe=",">,</pc>
         <c> </c>
         <w xml:id="pba35-112320"
            n="a-0750"
            ecep:lem="who"
            ecep:pos="r-crq"
            ecep:reg="whose"
            ecep:spe="whose"
            ecep:syllab="1"
            ecep:pron="huːz">whose</w>
         <c> </c>
         <w xml:id="pba35-112330"
            n="a-0760"
            ecep:lem="birth"
            ecep:pos="n1"
            ecep:reg="Birth"
            ecep:spe="Birth"
            ecep:syllab="1"
            ecep:pron="bɜːθ">Birth</w>
         <c> </c>
         <w xml:id="pba35-112340"
            n="a-0770"
            ecep:lem="and"
            ecep:pos="cc"
            ecep:reg="and"
            ecep:spe="and"
            ecep:syllab="1"
            ecep:pron="ænd">and</w>
         <c> </c>
         <w xml:id="pba35-112350"
            n="a-0780"
            ecep:lem="Fortune"
            ecep:pos="npg1"
            ecep:reg="Fortune's"
            ecep:spe="Fortune's"
            ecep:syllab="2"
            ecep:pron="ˈfɔːtʃuːnz">Fortune's</w>
         <c> </c>
         <w xml:id="pba35-112360"
            n="a-0790"
            ecep:lem="low"
            ecep:pos="j"
            ecep:reg="low"
            ecep:spe="low"
            ecep:syllab="1"
            ecep:pron="ləʊ">low</w>
         <pc xml:id="pba35-112370"
             n="a-0800"
             unit="sentence"
             ecep:lem="?"
             ecep:pos="?"
             ecep:reg="?"
             ecep:spe="?">?</pc>
         <c> </c>
      </l>
      <l n="9" xml:id="pba35-l05635">
         <w xml:id="pba35-112380"
            n="a-0810"
            ecep:lem="for"
            ecep:pos="p-acp"
            ecep:reg="For"
            ecep:spe="For"
            ecep:syllab="1"
            ecep:pron="fɔː">For</w>
         <c> </c>
         <w xml:id="pba35-112390"
            n="a-0820"
            ecep:lem="you"
            ecep:pos="pn22"
            ecep:reg="you"
            ecep:spe="you"
            ecep:syllab="1"
            ecep:pron="juː">you</w>
         <pc xml:id="pba35-112400"
             n="a-0830"
             ecep:lem=","
             ecep:pos=","
             ecep:reg=","
             ecep:spe=",">,</pc>
         <c> </c>
         <w xml:id="pba35-112410"
            n="a-0840"
            ecep:lem="though"
            ecep:pos="c-acp"
            ecep:reg="though"
            ecep:spe="tho'"
            ecep:syllab="1"
            ecep:pron="ðəʊ">tho'</w>
         <c> </c>
         <w xml:id="pba35-112420"
            n="a-0850"
            ecep:lem="noble"
            ecep:pos="av-j"
            ecep:reg="nobly"
            ecep:spe="nobly"
            ecep:syllab="2"
            ecep:pron="ˈnəʊbli">nobly</w>
         <c> </c>
         <w xml:id="pba35-112430"
            n="a-0860"
            ecep:lem="bear"
            ecep:pos="vvn"
            ecep:reg="born"
            ecep:spe="born"
            ecep:syllab="1"
            ecep:pron="bɔːn">born</w>
         <pc xml:id="pba35-112440"
             n="a-0870"
             ecep:lem=","
             ecep:pos=","
             ecep:reg=","
             ecep:spe=",">,</pc>
         <c> </c>
         <w xml:id="pba35-112450"
            n="a-0880"
            ecep:lem="descend"
            ecep:pos="vvb"
            ecep:reg="descend"
            ecep:spe="descend"
            ecep:syllab="2"
            ecep:pron="dɪˈsend">descend</w>
      </l>
      <l n="10" xml:id="pba35-l05640">
         <c> </c>
         <w xml:id="pba35-112460"
            n="a-0890"
            ecep:lem="to"
            ecep:pos="pc-acp"
            ecep:reg="To"
            ecep:spe="To"
            ecep:syllab="1"
            ecep:pron="tuː">To</w>
         <c> </c>
         <w xml:id="pba35-112470"
            n="a-0900"
            ecep:lem="injure"
            ecep:pos="vvi"
            ecep:reg="injure"
            ecep:spe="injure"
            ecep:syllab="2"
            ecep:pron="ˈɪndʒə">injure</w>
         <pc xml:id="pba35-112480"
             n="a-0910"
             ecep:lem=","
             ecep:pos=","
             ecep:reg=","
             ecep:spe=",">,</pc>
         <c> </c>
         <w xml:id="pba35-112490"
            n="a-0920"
            ecep:lem="yet"
            ecep:pos="av"
            ecep:reg="yet"
            ecep:spe="yet"
            ecep:syllab="1"
            ecep:pron="jet">yet</w>
         <c> </c>
         <w xml:id="pba35-112500"
            n="a-0930"
            ecep:lem="appear"
            ecep:pos="vvb"
            ecep:reg="appear"
            ecep:spe="appear"
            ecep:syllab="2"
            ecep:pron="əˈpɪə">appear</w>
         <c> </c>
         <w xml:id="pba35-112510"
            n="a-0940"
            ecep:lem="a"
            ecep:pos="dt"
            ecep:reg="a"
            ecep:spe="a"
            ecep:syllab="1"
            ecep:pron="ə">a</w>
         <c> </c>
         <w xml:id="pba35-112520"
            n="a-0950"
            ecep:lem="friend"
            ecep:pos="n1"
            ecep:reg="Friend"
            ecep:spe="Friend"
            ecep:syllab="1"
            ecep:pron="frend">Friend</w>
         <pc xml:id="pba35-112530"
             n="a-0960"
             ecep:lem=";"
             ecep:pos=";"
             ecep:reg=";"
             ecep:spe=";">;</pc>
      </l>
      <l n="11" xml:id="pba35-l05645">
         <c> </c>
         <w xml:id="pba35-112540"
            n="a-0970"
            ecep:lem="and"
            ecep:pos="cc"
            ecep:reg="And"
            ecep:spe="And"
            ecep:syllab="1"
            ecep:pron="ænd">And</w>
         <c> </c>
         <w xml:id="pba35-112550"
            n="a-0980"
            ecep:lem="seem"
            ecep:pos="vvb"
            ecep:reg="seem"
            ecep:spe="seem"
            ecep:syllab="1"
            ecep:pron="siːm">seem</w>
         <c> </c>
         <w xml:id="pba35-112560"
            n="a-0990"
            ecep:lem="to"
            ecep:pos="pc-acp"
            ecep:reg="to"
            ecep:spe="to"
            ecep:syllab="1"
            ecep:pron="tuː">to</w>
         <c> </c>
         <w xml:id="pba35-112570"
            n="a-1000"
            ecep:lem="make"
            ecep:pos="vvi"
            ecep:reg="make"
            ecep:spe="make"
            ecep:syllab="1"
            ecep:pron="meɪk">make</w>
         <c> </c>
         <w xml:id="pba35-112580"
            n="a-1010"
            ecep:lem="my"
            ecep:pos="po11"
            ecep:reg="my"
            ecep:spe="my"
            ecep:syllab="1"
            ecep:pron="maɪ">my</w>
         <c> </c>
         <w xml:id="pba35-112590"
            n="a-1020"
            ecep:lem="praise"
            ecep:pos="n1"
            ecep:reg="Praise"
            ecep:spe="Praise"
            ecep:syllab="1"
            ecep:pron="preɪz">Praise</w>
         <c> </c>
         <w xml:id="pba35-112600"
            n="a-1030"
            ecep:lem="your"
            ecep:pos="po22"
            ecep:reg="your"
            ecep:spe="your"
            ecep:syllab="1"
            ecep:pron="jɔː">your</w>
         <c> </c>
         <w xml:id="pba35-112610"
            n="a-1040"
            ecep:lem="aim"
            ecep:pos="n1"
            ecep:reg="Aim"
            ecep:spe="Aim"
            ecep:syllab="1"
            ecep:pron="eɪm">Aim</w>
         <pc xml:id="pba35-112620"
             n="a-1050"
             ecep:lem=","
             ecep:pos=","
             ecep:reg=","
             ecep:spe=",">,</pc>
      </l>
      <l n="12" xml:id="pba35-l05650">
         <c> </c>
         <w xml:id="pba35-112630"
            n="a-1060"
            ecep:lem="with"
            ecep:pos="p-acp"
            ecep:reg="With"
            ecep:spe="With"
            ecep:syllab="1"
            ecep:pron="wɪð">With</w>
         <c> </c>
         <w xml:id="pba35-112640"
            n="a-1070"
            ecep:lem="more"
            ecep:pos="dc"
            ecep:reg="more"
            ecep:spe="more"
            ecep:syllab="1"
            ecep:pron="mɔː">more</w>
         <c> </c>
         <w xml:id="pba35-112650"
            n="a-1080"
            ecep:lem="success"
            ecep:pos="n1"
            ecep:reg="Success"
            ecep:spe="Success"
            ecep:syllab="2"
            ecep:pron="səkˈses">Success</w>
         <c> </c>
         <w xml:id="pba35-112660"
            n="a-1090"
            ecep:lem="to"
            ecep:pos="pc-acp"
            ecep:reg="to"
            ecep:spe="to"
            ecep:syllab="1"
            ecep:pron="tuː">to</w>
         <c> </c>
         <w xml:id="pba35-112670"
            n="a-1100"
            ecep:lem="wound"
            ecep:pos="vvi"
            ecep:reg="wound"
            ecep:spe="wound"
            ecep:syllab="1"
            ecep:pron="waʊnd">wound</w>
         <c> </c>
         <w xml:id="pba35-112680"
            n="a-1110"
            ecep:lem="my"
            ecep:pos="po11"
            ecep:reg="my"
            ecep:spe="my"
            ecep:syllab="1"
            ecep:pron="maɪ">my</w>
         <c> </c>
         <w xml:id="pba35-112690"
            n="a-1120"
            ecep:lem="fame"
            ecep:pos="n1"
            ecep:reg="Fame"
            ecep:spe="Fame"
            ecep:syllab="1"
            ecep:pron="feɪm">Fame</w>
         <pc xml:id="pba35-112700"
             n="a-1130"
             unit="sentence"
             ecep:lem="."
             ecep:pos="."
             ecep:reg="."
             ecep:spe=".">.</pc>
         <c> </c>
      </l>
      <pb n="87" rend="none"/>
   </lg>
   <lg xml:id="pba35-s00690">
      <l n="13" xml:id="pba35-l05655">
         <hi rendition="#sc">
            <w xml:id="pba35-112730"
               n="a-0010"
               ecep:lem="so"
               ecep:pos="av"
               ecep:reg="So"
               ecep:spe="So"
               ecep:syllab="1"
               ecep:pron="səʊ">So</w>
         </hi>
         <c> </c>
         <w xml:id="pba35-112740"
            n="a-0020"
            ecep:lem="your"
            ecep:pos="po22"
            ecep:reg="your"
            ecep:spe="your"
            ecep:syllab="1"
            ecep:pron="jɔː">your</w>
         <c> </c>
         <hi rendition="#sc">
            <w xml:id="pba35-112750"
               n="a-0030"
               rend="plain_apostrophe"
               ecep:lem="apollo"
               ecep:pos="npg1"
               ecep:reg="Apollo's"
               ecep:spe="Apollo's"
               ecep:syllab="3"
               ecep:pron="əˈpɒləʊz">Apollo's</w>
         </hi>
         <c> </c>
         <w xml:id="pba35-112760"
            n="a-0040"
            ecep:lem="priest"
            ecep:pos="n2"
            ecep:reg="Priests"
            ecep:spe="Priests"
            ecep:syllab="1"
            ecep:pron="priːsts">Priests</w>
         <pc xml:id="pba35-112770"
             n="a-0050"
             ecep:lem=","
             ecep:pos=","
             ecep:reg=","
             ecep:spe=",">,</pc>
         <c> </c>
         <w xml:id="pba35-112780"
            n="a-0060"
            ecep:lem="of"
            ecep:pos="pp-f"
            ecep:reg="of"
            ecep:spe="of"
            ecep:syllab="1"
            ecep:pron="ɒv">of</w>
         <c> </c>
         <w xml:id="pba35-112790"
            n="a-0070"
            ecep:lem="old"
            ecep:pos="j"
            ecep:reg="old"
            ecep:spe="old"
            ecep:syllab="1"
            ecep:pron="əʊld">old</w>
         <pc xml:id="pba35-112800"
             n="a-0080"
             ecep:lem=","
             ecep:pos=","
             ecep:reg=","
             ecep:spe=",">,</pc>
      </l>
      <l n="14" xml:id="pba35-l05660">
         <c> </c>
         <pc xml:id="pba35-112810"
             n="a-0090"
             ecep:lem="("
             ecep:pos="("
             ecep:reg="("
             ecep:spe="(">(</pc>
         <w xml:id="pba35-112820"
            n="a-0100"
            ecep:lem="as"
            ecep:pos="c-acp"
            ecep:reg="As"
            ecep:spe="As"
            ecep:syllab="1"
            ecep:pron="æz">As</w>
         <c> </c>
         <w xml:id="pba35-112830"
            n="a-0110"
            ecep:lem="by"
            ecep:pos="p-acp"
            ecep:reg="by"
            ecep:spe="by"
            ecep:syllab="1"
            ecep:pron="baɪ">by</w>
         <c> </c>
         <w xml:id="pba35-112840"
            n="a-0120"
            ecep:lem="his"
            ecep:pos="po31"
            ecep:reg="his"
            ecep:spe="his"
            ecep:syllab="1"
            ecep:pron="hɪz">his</w>
         <c> </c>
         <w xml:id="pba35-112850"
            n="a-0130"
            ecep:lem="poet"
            ecep:pos="n2"
            ecep:reg="Poets"
            ecep:spe="Poets"
            ecep:syllab="2"
            ecep:pron="ˈpəʊɪts">Poets</w>
         <c> </c>
         <w xml:id="pba35-112860"
            n="a-0140"
            ecep:lem="we"
            ecep:pos="pns12"
            ecep:reg="we"
            ecep:spe="we"
            ecep:syllab="1"
            ecep:pron="wiː">we</w>
         <c> </c>
         <w xml:id="pba35-112870"
            n="a-0150"
            ecep:lem="be"
            ecep:pos="vbr"
            ecep:reg="are"
            ecep:spe="are"
            ecep:syllab="1"
            ecep:pron="ɑː">are</w>
         <c> </c>
         <w xml:id="pba35-112880"
            n="a-0160"
            ecep:lem="tell"
            ecep:pos="vvn"
            ecep:reg="told"
            ecep:spe="told"
            ecep:syllab="1"
            ecep:pron="təʊld">told</w>
         <pc xml:id="pba35-112890"
             n="a-0170"
             ecep:lem=")"
             ecep:pos=")"
             ecep:reg=")"
             ecep:spe=")">)</pc>
      </l>
      <l n="15" xml:id="pba35-l05665">
         <c> </c>
         <w xml:id="pba35-112900"
            n="a-0180"
            ecep:lem="with"
            ecep:pos="p-acp"
            ecep:reg="With"
            ecep:spe="With"
            ecep:syllab="1"
            ecep:pron="wɪð">With</w>
         <c> </c>
         <w xml:id="pba35-112910"
            n="a-0190"
            ecep:lem="glorious"
            ecep:pos="j"
            ecep:reg="glorious"
            ecep:spe="glorious"
            ecep:syllab="2"
            ecep:pron="ˈglɔːriəs">glorious</w>
         <c> </c>
         <w xml:id="pba35-112920"
            n="a-0200"
            ecep:lem="wreath"
            ecep:pos="n2"
            ecep:reg="Wreaths"
            ecep:spe="Wreaths"
            ecep:syllab="1"
            ecep:pron="riːðz">Wreaths</w>
         <c> </c>
         <w xml:id="pba35-112930"
            n="a-0210"
            ecep:lem="the"
            ecep:pos="dt"
            ecep:reg="the"
            ecep:spe="the"
            ecep:syllab="1"
            ecep:pron="ðiː">the</w>
         <c> </c>
         <w xml:id="pba35-112940"
            n="a-0220"
            ecep:lem="victim"
            ecep:pos="n1"
            ecep:reg="Victim"
            ecep:spe="Victim"
            ecep:syllab="2"
            ecep:pron="ˈvɪktɪm">Victim</w>
         <c> </c>
         <w xml:id="pba35-112950"
            n="a-0230"
            ecep:lem="dress"
            ecep:pos="vvn"
            ecep:reg="dressed"
            ecep:spe="drest"
            ecep:syllab="1"
            ecep:pron="drest">drest</w>
         <pc xml:id="pba35-112960"
             n="a-0240"
             ecep:lem=";"
             ecep:pos=";"
             ecep:reg=";"
             ecep:spe=";">;</pc>
      </l>
      <l n="16" xml:id="pba35-l05670">
         <c> </c>
         <w xml:id="pba35-112970"
            n="a-0250"
            ecep:lem="then"
            ecep:pos="av"
            ecep:reg="Then"
            ecep:spe="Then"
            ecep:syllab="1"
            ecep:pron="ðen">Then</w>
         <c> </c>
         <w xml:id="pba35-112980"
            n="a-0260"
            ecep:lem="plunge"
            ecep:pos="vvd"
            ecep:reg="plunged"
            ecep:spe="plung'd"
            ecep:syllab="1"
            ecep:pron="plʌndʒd">plung'd</w>
         <c> </c>
         <w xml:id="pba35-112990"
            n="a-0270"
            ecep:lem="the"
            ecep:pos="dt"
            ecep:reg="the"
            ecep:spe="the"
            ecep:syllab="1"
            ecep:pron="ðiː">the</w>
         <c> </c>
         <w xml:id="pba35-113000"
            n="a-0280"
            ecep:lem="poniard"
            ecep:pos="n1"
            ecep:reg="Poniard"
            ecep:spe="Poniard"
            ecep:syllab="2"
            ecep:pron="ˈpɒnjəd">Poniard</w>
         <c> </c>
         <w xml:id="pba35-113010"
            n="a-0290"
            ecep:lem="in"
            ecep:pos="p-acp"
            ecep:reg="in"
            ecep:spe="in"
            ecep:syllab="1"
            ecep:pron="ɪn">in</w>
         <c> </c>
         <w xml:id="pba35-113020"
            n="a-0300"
            ecep:lem="his"
            ecep:pos="po31"
            ecep:reg="his"
            ecep:spe="his"
            ecep:syllab="1"
            ecep:pron="hɪz">his</w>
         <c> </c>
         <w xml:id="pba35-113030"
            n="a-0310"
            ecep:lem="breast"
            ecep:pos="n1"
            ecep:reg="Breast"
            ecep:spe="Breast"
            ecep:syllab="1"
            ecep:pron="brest">Breast</w>
         <pc xml:id="pba35-113040"
             n="a-0320"
             unit="sentence"
             ecep:lem="."
             ecep:pos="."
             ecep:reg="."
             ecep:spe=".">.</pc>
         <c> </c>
      </l>
   </lg>
</div>
