<?xml version="1.0" encoding="utf-8"?>
<!DOCTYPE div
  SYSTEM "about:legacy-compat">
<div xmlns:tei="http://www.tei-c.org/ns/1.0"
     xmlns="http://www.tei-c.org/ns/1.0"
     xmlns:ecep="http://www.eighteenthcenturypoetry.org/ns"
     ana="#anapaest #tetrameter #catalexis #couplet #pair"
     corresp="#txt_WillCh1708_w0007"
     ecep:syllab="12"
     met="--+|--+|--+|--+/"
     rhyme="aa"
     subtype="eceptext"
     type="poem"
     xml:id="o5156-w0600"
     decls="#semi-normalized">
   <link target="authors.xml#aut_WillCh1708" type="author"/>
   <link target="27706" type="DMI"/>
   <link subtype="answer" target="#o5156-w0610" type="related"/>
   <head type="main">
      <w xml:id="o5156-326090"
         n="158-a-0010"
         ecep:lem="to"
         ecep:pos="p-acp"
         ecep:reg="To"
         ecep:spe="To"
         ecep:syllab="1"
         ecep:pron="tuː">To</w>
      <c> </c>
      <w xml:id="o5156-326100"
         n="158-a-0020"
         ecep:lem="mrs."
         ecep:pos="n1"
         ecep:reg="Mrs."
         ecep:spe="Mrs."
         ecep:syllab="2"
         ecep:pron="mɪsɪz">Mrs.</w>
      <c> </c>
      <w xml:id="o5156-326110"
         n="158-a-0030"
         ecep:lem="bindon"
         ecep:pos="np1"
         ecep:reg="BINDON"
         ecep:spe="BINDON"
         ecep:syllab="2"
         ecep:pron="bˈaɪndən">BINDON</w>
      <c> </c>
      <w xml:id="o5156-326120"
         n="158-a-0040"
         ecep:lem="at"
         ecep:pos="p-acp"
         ecep:reg="at"
         ecep:spe="at"
         ecep:syllab="1"
         ecep:pron="æt">at</w>
      <c> </c>
      <w xml:id="o5156-326130"
         n="158-a-0050"
         ecep:lem="bath"
         ecep:pos="n1"
         ecep:reg="BATH"
         ecep:spe="BATH"
         ecep:syllab="1"
         ecep:pron="bɑːθ">BATH</w>
      <pc xml:id="o5156-326140"
          n="158-a-0060"
          unit="sentence"
          ecep:lem="."
          ecep:pos="."
          ecep:reg="."
          ecep:spe=".">.</pc>
   </head>
   <byline>
      <w xml:id="o5156-326170"
         n="158-a-0070"
         ecep:lem="by"
         ecep:pos="p-acp"
         ecep:reg="By"
         ecep:spe="By"
         ecep:syllab="1"
         ecep:pron="baɪ">By</w>
      <c> </c>
      <w xml:id="o5156-326180"
         n="158-a-0080"
         ecep:lem="the"
         ecep:pos="dt"
         ecep:reg="the"
         ecep:spe="the"
         ecep:syllab="1"
         ecep:pron="ðiː">the</w>
      <c> </c>
      <w xml:id="o5156-326190"
         n="158-a-0090"
         ecep:lem="honourable"
         ecep:pos="j"
         ecep:reg="Honourable"
         ecep:spe="Honourable"
         ecep:syllab="4"
         ecep:pron="ˈɒnrəbl">Honourable</w>
      <c> </c>
      <w xml:id="o5156-326200"
         n="158-a-0100"
         ecep:lem="sir"
         ecep:pos="n1"
         ecep:reg="Sir"
         ecep:spe="Sir"
         ecep:syllab="1"
         ecep:pron="sɜː">Sir</w>
      <c> </c>
      <w xml:id="o5156-326210"
         n="158-a-0110"
         ecep:lem="C."
         ecep:pos="np1"
         ecep:reg="C."
         ecep:spe="C."
         ecep:syllab="1"
         ecep:pron="sˈiː">C.</w>
      <c> </c>
      <w xml:id="o5156-326220"
         n="158-a-0120"
         ecep:lem="H."
         ecep:pos="np1"
         ecep:reg="H."
         ecep:spe="H."
         ecep:syllab="1"
         ecep:pron="ˈeɪtʃ">H.</w>
      <c> </c>
      <w xml:id="o5156-326230"
         n="158-a-0130"
         ecep:lem="Williams"
         ecep:pos="np1"
         ecep:reg="WILLIAMS"
         ecep:spe="WILLIAMS"
         ecep:syllab="2"
         ecep:pron="ˈwɪljəmz">WILLIAMS</w>
      <pc xml:id="o5156-326240"
          n="158-a-0140"
          unit="sentence"
          ecep:lem="."
          ecep:pos="."
          ecep:reg="."
          ecep:spe=".">.</pc>
   </byline>
   <lg xml:id="o5156-s02600">
      <l xml:id="o5156-l18215">
         <w xml:id="o5156-326270"
            n="158-a-0150"
            ecep:lem="Apollo"
            ecep:pos="np1"
            ecep:reg="APOLLO"
            ecep:spe="APOLLO"
            ecep:syllab="3"
            ecep:pron="əˈpɒləʊ">APOLLO</w>
         <c> </c>
         <w xml:id="o5156-326280"
            n="158-a-0160"
            ecep:lem="of"
            ecep:pos="pp-f"
            ecep:reg="of"
            ecep:spe="of"
            ecep:syllab="1"
            ecep:pron="ɒv">of</w>
         <c> </c>
         <w xml:id="o5156-326290"
            n="158-a-0170"
            ecep:lem="old"
            ecep:pos="j"
            ecep:reg="old"
            ecep:spe="old"
            ecep:syllab="1"
            ecep:pron="əʊld">old</w>
         <c> </c>
         <w xml:id="o5156-326300"
            n="158-a-0180"
            ecep:lem="on"
            ecep:pos="p-acp"
            ecep:reg="on"
            ecep:spe="on"
            ecep:syllab="1"
            ecep:pron="ɒn">on</w>
         <c> </c>
         <w xml:id="o5156-326310"
            n="158-a-0190"
            ecep:lem="Britannia"
            ecep:pos="np1"
            ecep:reg="Britannia"
            ecep:spe="Britannia"
            ecep:syllab="3"
            ecep:pron="brɪˈtæniə">Britannia</w>
         <c> </c>
         <w xml:id="o5156-326320"
            n="158-a-0200"
            ecep:lem="do"
            ecep:pos="vdd"
            ecep:reg="did"
            ecep:spe="did"
            ecep:syllab="1"
            ecep:pron="dɪd">did</w>
         <c> </c>
         <w xml:id="o5156-326330"
            n="158-a-0210"
            ecep:lem="smile"
            ecep:pos="vvi"
            ecep:reg="smile"
            ecep:spe="smile"
            ecep:syllab="1"
            ecep:pron="smaɪl">smile</w>
         <pc xml:id="o5156-326340"
             n="158-a-0220"
             ecep:lem=","
             ecep:pos=","
             ecep:reg=","
             ecep:spe=",">,</pc>
      </l>
      <l xml:id="o5156-l18220">
         <w xml:id="o5156-326350"
            n="158-a-0230"
            ecep:lem="and"
            ecep:pos="cc"
            ecep:reg="And"
            ecep:spe="And"
            ecep:syllab="1"
            ecep:pron="ænd">And</w>
         <c> </c>
         <w xml:id="o5156-326360"
            n="158-a-0240"
            ecep:lem="Delphi"
            ecep:pos="np1"
            ecep:reg="Delphi"
            ecep:spe="Delphi"
            ecep:syllab="2"
            ecep:pron="ˈdelfaɪ">Delphi</w>
         <c> </c>
         <w xml:id="o5156-326370"
            n="158-a-0250"
            ecep:lem="forsake"
            ecep:pos="vvd"
            ecep:reg="forsook"
            ecep:spe="forsook"
            ecep:syllab="2"
            ecep:pron="fəˈsʊk">forsook</w>
         <c> </c>
         <w xml:id="o5156-326380"
            n="158-a-0260"
            ecep:lem="for"
            ecep:pos="p-acp"
            ecep:reg="for"
            ecep:spe="for"
            ecep:syllab="1"
            ecep:pron="fɔː">for</w>
         <c> </c>
         <w xml:id="o5156-326390"
            n="158-a-0270"
            ecep:lem="the"
            ecep:pos="dt"
            ecep:reg="the"
            ecep:spe="the"
            ecep:syllab="1"
            ecep:pron="ðiː">the</w>
         <c> </c>
         <w xml:id="o5156-326400"
            n="158-a-0280"
            ecep:lem="sake"
            ecep:pos="n1"
            ecep:reg="sake"
            ecep:spe="sake"
            ecep:syllab="1"
            ecep:pron="seɪk">sake</w>
         <c> </c>
         <w xml:id="o5156-326410"
            n="158-a-0290"
            ecep:lem="of"
            ecep:pos="pp-f"
            ecep:reg="of"
            ecep:spe="of"
            ecep:syllab="1"
            ecep:pron="ɒv">of</w>
         <c> </c>
         <w xml:id="o5156-326420"
            n="158-a-0300"
            ecep:lem="this"
            ecep:pos="d"
            ecep:reg="this"
            ecep:spe="this"
            ecep:syllab="1"
            ecep:pron="ðɪs">this</w>
         <c> </c>
         <w xml:id="o5156-326430"
            n="158-a-0310"
            ecep:lem="isle"
            ecep:pos="n1"
            ecep:reg="isle"
            ecep:spe="isle"
            ecep:syllab="1"
            ecep:pron="aɪl">isle</w>
         <pc xml:id="o5156-326440"
             n="158-a-0320"
             ecep:lem=","
             ecep:pos=","
             ecep:reg=","
             ecep:spe=",">,</pc>
      </l>
      <l xml:id="o5156-l18225">
         <w xml:id="o5156-326450"
            n="158-a-0330"
            ecep:lem="around"
            ecep:pos="a-acp"
            ecep:reg="Around"
            ecep:spe="Around"
            ecep:syllab="2"
            ecep:pron="əˈraʊnd">Around</w>
         <c> </c>
         <w xml:id="o5156-326460"
            n="158-a-0340"
            ecep:lem="he"
            ecep:pos="pno31"
            ecep:reg="him"
            ecep:spe="him"
            ecep:syllab="1"
            ecep:pron="hɪm">him</w>
         <c> </c>
         <w xml:id="o5156-326470"
            n="158-a-0350"
            ecep:lem="he"
            ecep:pos="pns31"
            ecep:reg="he"
            ecep:spe="he"
            ecep:syllab="1"
            ecep:pron="hiː">he</w>
         <c> </c>
         <w xml:id="o5156-326480"
            n="158-a-0360"
            ecep:lem="lavish"
            ecep:pos="av-vvn"
            ecep:reg="lavishly"
            ecep:spe="lavishly"
            ecep:syllab="3"
            ecep:pron="ˈlævɪʃli">lavishly</w>
         <c> </c>
         <w xml:id="o5156-326490"
            n="158-a-0370"
            ecep:lem="scatter"
            ecep:pos="n-vvn"
            ecep:reg="scattered"
            ecep:spe="scatter'd"
            ecep:syllab="2"
            ecep:pron="ˈskætəd">scatter'd</w>
         <c> </c>
         <w xml:id="o5156-326500"
            n="158-a-0380"
            ecep:lem="his"
            ecep:pos="po31"
            ecep:reg="his"
            ecep:spe="his"
            ecep:syllab="1"
            ecep:pron="hɪz">his</w>
         <c> </c>
         <w xml:id="o5156-326510"
            n="158-a-0390"
            ecep:lem="lay"
            ecep:pos="n2"
            ecep:reg="lays"
            ecep:spe="lays"
            ecep:syllab="1"
            ecep:pron="leɪz">lays</w>
         <pc xml:id="o5156-326520"
             n="158-a-0400"
             ecep:lem=","
             ecep:pos=","
             ecep:reg=","
             ecep:spe=",">,</pc>
      </l>
      <l xml:id="o5156-l18230">
         <w xml:id="o5156-326530"
            n="158-a-0410"
            ecep:lem="and"
            ecep:pos="cc"
            ecep:reg="And"
            ecep:spe="And"
            ecep:syllab="1"
            ecep:pron="ænd">And</w>
         <c> </c>
         <w xml:id="o5156-326540"
            n="158-a-0420"
            ecep:lem="in"
            ecep:pos="p-acp"
            ecep:reg="in"
            ecep:spe="in"
            ecep:syllab="1"
            ecep:pron="ɪn">in</w>
         <c> </c>
         <w xml:id="o5156-326550"
            n="158-a-0430"
            ecep:lem="every"
            ecep:pos="d"
            ecep:reg="every"
            ecep:spe="every"
            ecep:syllab="2"
            ecep:pron="ˈevri">every</w>
         <c> </c>
         <w xml:id="o5156-326560"
            n="158-a-0440"
            ecep:lem="wilderness"
            ecep:pos="n1"
            ecep:reg="wilderness"
            ecep:spe="wilderness"
            ecep:syllab="3"
            ecep:pron="ˈwɪldənəs">wilderness</w>
         <c> </c>
         <w xml:id="o5156-326570"
            n="158-a-0450"
            ecep:lem="plant"
            ecep:pos="vvn"
            ecep:reg="planted"
            ecep:spe="planted"
            ecep:syllab="2"
            ecep:pron="plɑːntɪd">planted</w>
         <c> </c>
         <w xml:id="o5156-326580"
            n="158-a-0460"
            ecep:lem="his"
            ecep:pos="po31"
            ecep:reg="his"
            ecep:spe="his"
            ecep:syllab="1"
            ecep:pron="hɪz">his</w>
         <c> </c>
         <w xml:id="o5156-326590"
            n="158-a-0470"
            ecep:lem="bay"
            ecep:pos="n2"
            ecep:reg="bays"
            ecep:spe="bays"
            ecep:syllab="1"
            ecep:pron="beɪz">bays</w>
         <pc xml:id="o5156-326600"
             n="158-a-0480"
             ecep:lem=";"
             ecep:pos=";"
             ecep:reg=";"
             ecep:spe=";">;</pc>
      </l>
      <l xml:id="o5156-l18235">
         <w xml:id="o5156-326610"
            n="158-a-0490"
            ecep:lem="then"
            ecep:pos="av"
            ecep:reg="Then"
            ecep:spe="Then"
            ecep:syllab="1"
            ecep:pron="ðen">Then</w>
         <c> </c>
         <w xml:id="o5156-326620"
            n="158-a-0500"
            ecep:lem="Chaucer"
            ecep:pos="np1"
            ecep:reg="Chaucer"
            ecep:spe="Chaucer"
            ecep:syllab="2"
            ecep:pron="ˈtʃɔːsə">Chaucer</w>
         <c> </c>
         <w xml:id="o5156-326630"
            n="158-a-0510"
            ecep:lem="and"
            ecep:pos="cc"
            ecep:reg="and"
            ecep:spe="and"
            ecep:syllab="1"
            ecep:pron="ænd">and</w>
         <c> </c>
         <w xml:id="o5156-326640"
            n="158-a-0520"
            ecep:lem="Spenser"
            ecep:pos="np1"
            ecep:reg="Spenser"
            ecep:spe="Spenser"
            ecep:syllab="2"
            ecep:pron="spˈensə">Spenser</w>
         <c> </c>
         <w xml:id="o5156-326650"
            n="158-a-0530"
            ecep:lem="harmonious"
            ecep:pos="j"
            ecep:reg="harmonious"
            ecep:spe="harmonious"
            ecep:syllab="4"
            ecep:pron="hɑːˈməʊniəs">harmonious</w>
         <c> </c>
         <w xml:id="o5156-326660"
            n="158-a-0540"
            ecep:lem="be"
            ecep:pos="vbdr"
            ecep:reg="were"
            ecep:spe="were"
            ecep:syllab="1"
            ecep:pron="wɜː">were</w>
         <c> </c>
         <w xml:id="o5156-326670"
            n="158-a-0550"
            ecep:lem="hear"
            ecep:pos="vvn"
            ecep:reg="heard"
            ecep:spe="heard"
            ecep:syllab="1"
            ecep:pron="hɜːd">heard</w>
         <pc xml:id="o5156-326680"
             n="158-a-0560"
             ecep:lem=","
             ecep:pos=","
             ecep:reg=","
             ecep:spe=",">,</pc>
      </l>
      <l xml:id="o5156-l18240">
         <w xml:id="o5156-326690"
            n="158-a-0570"
            ecep:lem="then"
            ecep:pos="av"
            ecep:reg="Then"
            ecep:spe="Then"
            ecep:syllab="1"
            ecep:pron="ðen">Then</w>
         <c> </c>
         <w xml:id="o5156-326700"
            n="158-a-0580"
            ecep:lem="Shakespear"
            ecep:pos="np1"
            ecep:reg="Shakespear"
            ecep:spe="Shakespear"
            ecep:syllab="3"
            ecep:pron="ˈʃeɪkspiːə">Shakespear</w>
         <pc xml:id="o5156-326710"
             n="158-a-0590"
             ecep:lem=","
             ecep:pos=","
             ecep:reg=","
             ecep:spe=",">,</pc>
         <c> </c>
         <w xml:id="o5156-326720"
            n="158-a-0600"
            ecep:lem="and"
            ecep:pos="cc"
            ecep:reg="and"
            ecep:spe="and"
            ecep:syllab="1"
            ecep:pron="ænd">and</w>
         <c> </c>
         <w xml:id="o5156-326730"
            n="158-a-0610"
            ecep:lem="Milton"
            ecep:pos="np1"
            ecep:reg="Milton"
            ecep:spe="Milton"
            ecep:syllab="2"
            ecep:pron="ˈmɪltən">Milton</w>
         <pc xml:id="o5156-326740"
             n="158-a-0620"
             ecep:lem=","
             ecep:pos=","
             ecep:reg=","
             ecep:spe=",">,</pc>
         <c> </c>
         <w xml:id="o5156-326750"
            n="158-a-0630"
            ecep:lem="and"
            ecep:pos="cc"
            ecep:reg="and"
            ecep:spe="and"
            ecep:syllab="1"
            ecep:pron="ænd">and</w>
         <c> </c>
         <w xml:id="o5156-326760"
            n="158-a-0640"
            ecep:lem="Waller"
            ecep:pos="np1"
            ecep:reg="Waller"
            ecep:spe="Waller"
            ecep:syllab="2"
            ecep:pron="ˈwɒlə">Waller</w>
         <c> </c>
         <w xml:id="o5156-326770"
            n="158-a-0650"
            ecep:lem="appear"
            ecep:pos="vvd"
            ecep:reg="appeared"
            ecep:spe="appear'd"
            ecep:syllab="2"
            ecep:pron="əˈpɪəd">appear'd</w>
         <pc xml:id="o5156-326780"
             n="158-a-0660"
             ecep:lem=","
             ecep:pos=","
             ecep:reg=","
             ecep:spe=",">,</pc>
      </l>
      <l xml:id="o5156-l18245">
         <w xml:id="o5156-326790"
            n="158-a-0670"
            ecep:lem="and"
            ecep:pos="cc"
            ecep:reg="And"
            ecep:spe="And"
            ecep:syllab="1"
            ecep:pron="ænd">And</w>
         <c> </c>
         <w xml:id="o5156-326800"
            n="158-a-0680"
            ecep:lem="Dryden"
            ecep:pos="np1"
            ecep:reg="Dryden"
            ecep:spe="Dryden"
            ecep:syllab="2"
            ecep:pron="drˈaɪdən">Dryden</w>
         <pc xml:id="o5156-326810"
             n="158-a-0690"
             ecep:lem=","
             ecep:pos=","
             ecep:reg=","
             ecep:spe=",">,</pc>
         <c> </c>
         <w xml:id="o5156-326820"
            n="158-a-0700"
            ecep:lem="who"
            ecep:pos="r-crq"
            ecep:reg="whose"
            ecep:spe="whose"
            ecep:syllab="1"
            ecep:pron="huːz">whose</w>
         <c> </c>
         <w xml:id="o5156-326830"
            n="158-a-0710"
            ecep:lem="brow"
            ecep:pos="n2"
            ecep:reg="brows"
            ecep:spe="brows"
            ecep:syllab="1"
            ecep:pron="braʊz">brows</w>
         <c> </c>
         <w xml:id="o5156-326840"
            n="158-a-0720"
            ecep:lem="by"
            ecep:pos="p-acp"
            ecep:reg="by"
            ecep:spe="by"
            ecep:syllab="1"
            ecep:pron="baɪ">by</w>
         <c> </c>
         <w xml:id="o5156-326850"
            n="158-a-0730"
            ecep:lem="Apollo"
            ecep:pos="np1"
            ecep:reg="Apollo"
            ecep:spe="Apollo"
            ecep:syllab="3"
            ecep:pron="əˈpɒləʊ">Apollo</w>
         <c> </c>
         <w xml:id="o5156-326860"
            n="158-a-0740"
            ecep:lem="be"
            ecep:pos="vbdr"
            ecep:reg="were"
            ecep:spe="were"
            ecep:syllab="1"
            ecep:pron="wɜː">were</w>
         <c> </c>
         <w xml:id="o5156-326870"
            n="158-a-0750"
            ecep:lem="crown"
            ecep:pos="vvn"
            ecep:reg="crowned"
            ecep:spe="crown'd"
            ecep:syllab="1"
            ecep:pron="kraʊnd">crown'd</w>
         <pc xml:id="o5156-326880"
             n="158-a-0760"
             ecep:lem=","
             ecep:pos=","
             ecep:reg=","
             ecep:spe=",">,</pc>
      </l>
      <l xml:id="o5156-l18250">
         <w xml:id="o5156-326890"
            n="158-a-0770"
            ecep:lem="as"
            ecep:pos="c-acp"
            ecep:reg="As"
            ecep:spe="As"
            ecep:syllab="1"
            ecep:pron="æz">As</w>
         <c> </c>
         <w xml:id="o5156-326900"
            n="158-a-0780"
            ecep:lem="he"
            ecep:pos="pns31"
            ecep:reg="he"
            ecep:spe="he"
            ecep:syllab="1"
            ecep:pron="hiː">he</w>
         <c> </c>
         <w xml:id="o5156-326910"
            n="158-a-0790"
            ecep:lem="sing"
            ecep:pos="vvd"
            ecep:reg="sung"
            ecep:spe="sung"
            ecep:syllab="1"
            ecep:pron="sʌŋ">sung</w>
         <c> </c>
         <w xml:id="o5156-326920"
            n="158-a-0800"
            ecep:lem="in"
            ecep:pos="p-acp"
            ecep:reg="in"
            ecep:spe="in"
            ecep:syllab="1"
            ecep:pron="ɪn">in</w>
         <c> </c>
         <w xml:id="o5156-326930"
            n="158-a-0810"
            ecep:lem="such"
            ecep:pos="d"
            ecep:reg="such"
            ecep:spe="such"
            ecep:syllab="1"
            ecep:pron="sʌtʃ">such</w>
         <c> </c>
         <w xml:id="o5156-326940"
            n="158-a-0820"
            ecep:lem="strain"
            ecep:pos="n2"
            ecep:reg="strains"
            ecep:spe="strains"
            ecep:syllab="1"
            ecep:pron="streɪnz">strains</w>
         <c> </c>
         <w xml:id="o5156-326950"
            n="158-a-0830"
            ecep:lem="as"
            ecep:pos="c-acp"
            ecep:reg="as"
            ecep:spe="as"
            ecep:syllab="1"
            ecep:pron="æz">as</w>
         <c> </c>
         <w xml:id="o5156-326960"
            n="158-a-0840"
            ecep:lem="the"
            ecep:pos="dt"
            ecep:reg="the"
            ecep:spe="the"
            ecep:syllab="1"
            ecep:pron="ðiː">the</w>
         <c> </c>
         <w xml:id="o5156-326970"
            n="158-a-0850"
            ecep:lem="god"
            ecep:pos="n1"
            ecep:reg="God"
            ecep:spe="God"
            ecep:syllab="1"
            ecep:pron="gɒd">God</w>
         <c> </c>
         <w xml:id="o5156-326980"
            n="158-a-0860"
            ecep:lem="may"
            ecep:pos="vmd"
            ecep:reg="might"
            ecep:spe="might"
            ecep:syllab="1"
            ecep:pron="maɪt">might</w>
         <c> </c>
         <w xml:id="o5156-326990"
            n="158-a-0870"
            ecep:lem="have"
            ecep:pos="vhi"
            ecep:reg="have"
            ecep:spe="have"
            ecep:syllab="1"
            ecep:pron="hæv">have</w>
         <c> </c>
         <w xml:id="o5156-327000"
            n="158-a-0880"
            ecep:lem="own"
            ecep:pos="vvn"
            ecep:reg="owned"
            ecep:spe="own'd"
            ecep:syllab="1"
            ecep:pron="əʊnd">own'd</w>
         <pc xml:id="o5156-327010"
             n="158-a-0890"
             ecep:lem=":"
             ecep:pos=":"
             ecep:reg=":"
             ecep:spe=":">:</pc>
      </l>
      <l xml:id="o5156-l18255">
         <w xml:id="o5156-327020"
            n="158-a-0900"
            ecep:lem="but"
            ecep:pos="cc-acp"
            ecep:reg="But"
            ecep:spe="But"
            ecep:syllab="1"
            ecep:pron="bʌt">But</w>
         <c> </c>
         <w xml:id="o5156-327030"
            n="158-a-0910"
            ecep:lem="now"
            ecep:pos="av"
            ecep:reg="now"
            ecep:spe="now"
            ecep:syllab="1"
            ecep:pron="naʊ">now</w>
         <pc xml:id="o5156-327040"
             n="158-a-0920"
             ecep:lem=","
             ecep:pos=","
             ecep:reg=","
             ecep:spe=",">,</pc>
         <c> </c>
         <w xml:id="o5156-327050"
            n="158-a-0930"
            ecep:lem="since"
            ecep:pos="c-acp"
            ecep:reg="since"
            ecep:spe="since"
            ecep:syllab="1"
            ecep:pron="sɪns">since</w>
         <c> </c>
         <w xml:id="o5156-327060"
            n="158-a-0940"
            ecep:lem="the"
            ecep:pos="dt"
            ecep:reg="the"
            ecep:spe="the"
            ecep:syllab="1"
            ecep:pron="ðiː">the</w>
         <c> </c>
         <w xml:id="o5156-327070"
            n="158-a-0950"
            ecep:lem="laurel"
            ecep:pos="n1"
            ecep:reg="laurel"
            ecep:spe="laurel"
            ecep:syllab="2"
            ecep:pron="ˈlɒrl">laurel</w>
         <c> </c>
         <w xml:id="o5156-327080"
            n="158-a-0960"
            ecep:lem="be"
            ecep:pos="vbz"
            ecep:reg="is"
            ecep:spe="is"
            ecep:syllab="1"
            ecep:pron="ɪz">is</w>
         <c> </c>
         <w xml:id="o5156-327090"
            n="158-a-0970"
            ecep:lem="give"
            ecep:pos="vvn"
            ecep:reg="given"
            ecep:spe="given"
            ecep:syllab="2"
            ecep:pron="ˈgɪvn">given</w>
         <c> </c>
         <w xml:id="o5156-327100"
            n="158-a-0980"
            ecep:lem="of"
            ecep:pos="pp-f"
            ecep:reg="of"
            ecep:spe="of"
            ecep:syllab="1"
            ecep:pron="ɒv">of</w>
         <c> </c>
         <w xml:id="o5156-327110"
            n="158-a-0990"
            ecep:lem="late"
            ecep:pos="av-j"
            ecep:reg="late"
            ecep:spe="late"
            ecep:syllab="1"
            ecep:pron="leɪt">late</w>
      </l>
      <l xml:id="o5156-l18260">
         <w xml:id="o5156-327120"
            n="158-a-1000"
            ecep:lem="to"
            ecep:pos="p-acp"
            ecep:reg="To"
            ecep:spe="To"
            ecep:syllab="1"
            ecep:pron="tuː">To</w>
         <c> </c>
         <w xml:id="o5156-327130"
            n="158-a-1010"
            ecep:lem="cibber"
            ecep:pos="np1"
            ecep:reg="Cibber"
            ecep:spe="Cibber"
            ecep:syllab="2"
            ecep:pron="ˈsɪbə">Cibber</w>
         <pc xml:id="o5156-327140"
             n="158-a-1020"
             ecep:lem=","
             ecep:pos=","
             ecep:reg=","
             ecep:spe=",">,</pc>
         <c> </c>
         <w xml:id="o5156-327150"
            n="158-a-1030"
            ecep:lem="to"
            ecep:pos="p-acp"
            ecep:reg="to"
            ecep:spe="to"
            ecep:syllab="1"
            ecep:pron="tuː">to</w>
         <c> </c>
         <w xml:id="o5156-327160"
            n="158-a-1040"
            ecep:lem="eusden"
            ecep:pos="np1"
            ecep:reg="Eusden"
            ecep:spe="Eusden"
            ecep:syllab="2"
            ecep:pron="jˈuːsdən">Eusden</w>
         <pc xml:id="o5156-327170"
             n="158-a-1050"
             ecep:lem=","
             ecep:pos=","
             ecep:reg=","
             ecep:spe=",">,</pc>
         <c> </c>
         <w xml:id="o5156-327180"
            n="158-a-1060"
            ecep:lem="to"
            ecep:pos="p-acp"
            ecep:reg="to"
            ecep:spe="to"
            ecep:syllab="1"
            ecep:pron="tuː">to</w>
         <c> </c>
         <w xml:id="o5156-327190"
            n="158-a-1070"
            ecep:lem="Shadwell"
            ecep:pos="np1"
            ecep:reg="Shadwell"
            ecep:spe="Shadwell"
            ecep:syllab="2"
            ecep:pron="ʃˈædwel">Shadwell</w>
         <c> </c>
         <w xml:id="o5156-327200"
            n="158-a-1080"
            ecep:lem="and"
            ecep:pos="cc"
            ecep:reg="and"
            ecep:spe="and"
            ecep:syllab="1"
            ecep:pron="ænd">and</w>
         <c> </c>
         <w xml:id="o5156-327210"
            n="158-a-1090"
            ecep:lem="Tate"
            ecep:pos="np1"
            ecep:reg="Tate"
            ecep:spe="Tate"
            ecep:syllab="1"
            ecep:pron="ˈteɪt">Tate</w>
         <pc xml:id="o5156-327220"
             n="158-a-1100"
             ecep:lem=","
             ecep:pos=","
             ecep:reg=","
             ecep:spe=",">,</pc>
      </l>
      <l xml:id="o5156-l18265">
         <w xml:id="o5156-327230"
            n="158-a-1110"
            ecep:lem="Apollo"
            ecep:pos="np1"
            ecep:reg="Apollo"
            ecep:spe="Apollo"
            ecep:syllab="3"
            ecep:pron="əˈpɒləʊ">Apollo</w>
         <c> </c>
         <w xml:id="o5156-327240"
            n="158-a-1120"
            ecep:lem="have"
            ecep:pos="vhz"
            ecep:reg="hath"
            ecep:spe="hath"
            ecep:syllab="1"
            ecep:pron="hæθ">hath</w>
         <c> </c>
         <w xml:id="o5156-327250"
            n="158-a-1130"
            ecep:lem="quit"
            ecep:pos="vvn"
            ecep:reg="quit"
            ecep:spe="quitted"
            ecep:syllab="2"
            ecep:pron="kwɪtɪd">quitted</w>
         <c> </c>
         <w xml:id="o5156-327260"
            n="158-a-1140"
            ecep:lem="the"
            ecep:pos="dt"
            ecep:reg="the"
            ecep:spe="the"
            ecep:syllab="1"
            ecep:pron="ðiː">the</w>
         <c> </c>
         <w xml:id="o5156-327270"
            n="158-a-1150"
            ecep:lem="isle"
            ecep:pos="n1"
            ecep:reg="isle"
            ecep:spe="isle"
            ecep:syllab="1"
            ecep:pron="aɪl">isle</w>
         <c> </c>
         <w xml:id="o5156-327280"
            n="158-a-1160"
            ecep:lem="he"
            ecep:pos="pns31"
            ecep:reg="he"
            ecep:spe="he"
            ecep:syllab="1"
            ecep:pron="hiː">he</w>
         <c> </c>
         <w xml:id="o5156-327290"
            n="158-a-1170"
            ecep:lem="once"
            ecep:pos="a-acp"
            ecep:reg="once"
            ecep:spe="once"
            ecep:syllab="1"
            ecep:pron="wʌns">once</w>
         <c> </c>
         <w xml:id="o5156-327300"
            n="158-a-1180"
            ecep:lem="love"
            ecep:pos="vvd"
            ecep:reg="loved"
            ecep:spe="lov'd"
            ecep:syllab="1"
            ecep:pron="ˈlʌvd">lov'd</w>
         <pc xml:id="o5156-327310"
             n="158-a-1190"
             ecep:lem=","
             ecep:pos=","
             ecep:reg=","
             ecep:spe=",">,</pc>
      </l>
      <l xml:id="o5156-l18270">
         <w xml:id="o5156-327320"
            n="158-a-1200"
            ecep:lem="and"
            ecep:pos="cc"
            ecep:reg="And"
            ecep:spe="And"
            ecep:syllab="1"
            ecep:pron="ænd">And</w>
         <c> </c>
         <w xml:id="o5156-327330"
            n="158-a-1210"
            ecep:lem="his"
            ecep:pos="po31"
            ecep:reg="his"
            ecep:spe="his"
            ecep:syllab="1"
            ecep:pron="hɪz">his</w>
         <c> </c>
         <w xml:id="o5156-327340"
            n="158-a-1220"
            ecep:lem="harp"
            ecep:pos="n1"
            ecep:reg="harp"
            ecep:spe="harp"
            ecep:syllab="1"
            ecep:pron="hɑːp">harp</w>
         <c> </c>
         <w xml:id="o5156-327350"
            n="158-a-1230"
            ecep:lem="and"
            ecep:pos="cc"
            ecep:reg="and"
            ecep:spe="and"
            ecep:syllab="1"
            ecep:pron="ænd">and</w>
         <c> </c>
         <w xml:id="o5156-327360"
            n="158-a-1240"
            ecep:lem="his"
            ecep:pos="po31"
            ecep:reg="his"
            ecep:spe="his"
            ecep:syllab="1"
            ecep:pron="hɪz">his</w>
         <c> </c>
         <w xml:id="o5156-327370"
            n="158-a-1250"
            ecep:lem="bay"
            ecep:pos="n2"
            ecep:reg="bays"
            ecep:spe="bays"
            ecep:syllab="1"
            ecep:pron="beɪz">bays</w>
         <c> </c>
         <w xml:id="o5156-327380"
            n="158-a-1260"
            ecep:lem="to"
            ecep:pos="p-acp"
            ecep:reg="to"
            ecep:spe="to"
            ecep:syllab="1"
            ecep:pron="tuː">to</w>
         <c> </c>
         <w xml:id="o5156-327390"
            n="158-a-1270"
            ecep:lem="Hibernia"
            ecep:pos="np1"
            ecep:reg="Hibernia"
            ecep:spe="Hibernia"
            ecep:syllab="4"
            ecep:pron="haɪˈbɜːniə">Hibernia</w>
         <c> </c>
         <w xml:id="o5156-327400"
            n="158-a-1280"
            ecep:lem="remove"
            ecep:pos="vvd"
            ecep:reg="removed"
            ecep:spe="remov'd"
            ecep:syllab="2"
            ecep:pron="rɪˈmuːvd">remov'd</w>
         <pc xml:id="o5156-327410"
             n="158-a-1290"
             ecep:lem=";"
             ecep:pos=";"
             ecep:reg=";"
             ecep:spe=";">;</pc>
      </l>
      <l xml:id="o5156-l18275">
         <w xml:id="o5156-327420"
            n="158-a-1300"
            ecep:lem="he"
            ecep:pos="pns31"
            ecep:reg="He"
            ecep:spe="He"
            ecep:syllab="1"
            ecep:pron="hiː">He</w>
         <c> </c>
         <w xml:id="o5156-327430"
            n="158-a-1310"
            ecep:lem="vow"
            ecep:pos="vvz"
            ecep:reg="vows"
            ecep:spe="vows"
            ecep:syllab="1"
            ecep:pron="vaʊz">vows</w>
         <c> </c>
         <w xml:id="o5156-327440"
            n="158-a-1320"
            ecep:lem="and"
            ecep:pos="cc"
            ecep:reg="and"
            ecep:spe="and"
            ecep:syllab="1"
            ecep:pron="ænd">and</w>
         <c> </c>
         <w xml:id="o5156-327450"
            n="158-a-1330"
            ecep:lem="he"
            ecep:pos="pns31"
            ecep:reg="he"
            ecep:spe="he"
            ecep:syllab="1"
            ecep:pron="hiː">he</w>
         <c> </c>
         <w xml:id="o5156-327460"
            n="158-a-1340"
            ecep:lem="swear"
            ecep:pos="vvz"
            ecep:reg="swears"
            ecep:spe="swears"
            ecep:syllab="1"
            ecep:pron="sweəz">swears</w>
         <c> </c>
         <w xml:id="o5156-327470"
            n="158-a-1350"
            ecep:lem="he|will"
            ecep:pos="pns31|vmb"
            ecep:reg="he'll"
            ecep:spe="he'll"
            ecep:syllab="1"
            ecep:pron="hiːl">he'll</w>
         <c> </c>
         <w xml:id="o5156-327480"
            n="158-a-1360"
            ecep:lem="inspire"
            ecep:pos="vvi"
            ecep:reg="inspire"
            ecep:spe="inspire"
            ecep:syllab="2"
            ecep:pron="ɪnˈspæə">inspire</w>
         <c> </c>
         <w xml:id="o5156-327490"
            n="158-a-1370"
            ecep:lem="we"
            ecep:pos="pno12"
            ecep:reg="us"
            ecep:spe="us"
            ecep:syllab="1"
            ecep:pron="ʌs">us</w>
         <c> </c>
         <w xml:id="o5156-327500"
            n="158-a-1380"
            ecep:lem="no"
            ecep:pos="av-dx"
            ecep:reg="no"
            ecep:spe="no"
            ecep:syllab="1"
            ecep:pron="nəʊ">no</w>
         <c> </c>
         <w xml:id="o5156-327510"
            n="158-a-1390"
            ecep:lem="more"
            ecep:pos="av-dc"
            ecep:reg="more"
            ecep:spe="more"
            ecep:syllab="1"
            ecep:pron="mɔː">more</w>
         <pc xml:id="o5156-327520"
             n="158-a-1400"
             ecep:lem=","
             ecep:pos=","
             ecep:reg=","
             ecep:spe=",">,</pc>
      </l>
      <l xml:id="o5156-l18280">
         <w xml:id="o5156-327530"
            n="158-a-1410"
            ecep:lem="and"
            ecep:pos="cc"
            ecep:reg="And"
            ecep:spe="And"
            ecep:syllab="1"
            ecep:pron="ænd">And</w>
         <c> </c>
         <w xml:id="o5156-327540"
            n="158-a-1420"
            ecep:lem="have"
            ecep:pos="vhz"
            ecep:reg="has"
            ecep:spe="has"
            ecep:syllab="1"
            ecep:pron="hæz">has</w>
         <c> </c>
         <w xml:id="o5156-327550"
            n="158-a-1430"
            ecep:lem="put"
            ecep:pos="vvn"
            ecep:reg="put"
            ecep:spe="put"
            ecep:syllab="1"
            ecep:pron="pʊt">put</w>
         <c> </c>
         <w xml:id="o5156-327560"
            n="158-a-1440"
            ecep:lem="out"
            ecep:pos="po12"
            ecep:reg="out"
            ecep:spe="out"
            ecep:syllab="1"
            ecep:pron="aʊt">out</w>
         <c> </c>
         <w xml:id="o5156-327570"
            n="158-a-1450"
            ecep:lem="pope"
            ecep:pos="ng1"
            ecep:reg="Pope's"
            ecep:spe="Pope's"
            ecep:syllab="1"
            ecep:pron="ˈpəʊps">Pope's</w>
         <c> </c>
         <w xml:id="o5156-327580"
            n="158-a-1460"
            ecep:lem="fire"
            ecep:pos="n2"
            ecep:reg="fires"
            ecep:spe="fires"
            ecep:syllab="1"
            ecep:pron="fæəz">fires</w>
         <c> </c>
         <w xml:id="o5156-327590"
            n="158-a-1470"
            ecep:lem="which"
            ecep:pos="r-crq"
            ecep:reg="which"
            ecep:spe="which"
            ecep:syllab="1"
            ecep:pron="wɪtʃ">which</w>
         <c> </c>
         <w xml:id="o5156-327600"
            n="158-a-1480"
            ecep:lem="he"
            ecep:pos="pns31"
            ecep:reg="he"
            ecep:spe="he"
            ecep:syllab="1"
            ecep:pron="hiː">he</w>
         <c> </c>
         <w xml:id="o5156-327610"
            n="158-a-1490"
            ecep:lem="kindle"
            ecep:pos="vvd"
            ecep:reg="kindled"
            ecep:spe="kindled"
            ecep:syllab="2"
            ecep:pron="ˈkɪndld">kindled</w>
         <c> </c>
         <w xml:id="o5156-327620"
            n="158-a-1500"
            ecep:lem="before"
            ecep:pos="a-acp"
            ecep:reg="before"
            ecep:spe="before"
            ecep:syllab="2"
            ecep:pron="bɪˈfɔː">before</w>
         <pc xml:id="o5156-327630"
             n="158-a-1510"
             ecep:lem=";"
             ecep:pos=";"
             ecep:reg=";"
             ecep:spe=";">;</pc>
      </l>
      <l xml:id="o5156-l18285">
         <w xml:id="o5156-327640"
            n="158-a-1520"
            ecep:lem="and"
            ecep:pos="cc"
            ecep:reg="And"
            ecep:spe="And"
            ecep:syllab="1"
            ecep:pron="ænd">And</w>
         <c> </c>
         <w xml:id="o5156-327650"
            n="158-a-1530"
            ecep:lem="further"
            ecep:pos="av-jc"
            ecep:reg="further"
            ecep:spe="further"
            ecep:syllab="2"
            ecep:pron="ˈfɜːðə">further</w>
         <c> </c>
         <w xml:id="o5156-327660"
            n="158-a-1540"
            ecep:lem="he"
            ecep:pos="pns31"
            ecep:reg="he"
            ecep:spe="he"
            ecep:syllab="1"
            ecep:pron="hiː">he</w>
         <c> </c>
         <w xml:id="o5156-327670"
            n="158-a-1550"
            ecep:lem="say"
            ecep:pos="vvz"
            ecep:reg="says"
            ecep:spe="says"
            ecep:syllab="1"
            ecep:pron="sez">says</w>
         <pc xml:id="o5156-327680"
             n="158-a-1560"
             ecep:lem=","
             ecep:pos=","
             ecep:reg=","
             ecep:spe=",">,</pc>
         <c> </c>
         <hi>
            <w xml:id="o5156-327690"
               n="158-a-1570"
               ecep:lem="man"
               ecep:pos="n2"
               ecep:reg="men"
               ecep:spe="men"
               ecep:syllab="1"
               ecep:pron="men">men</w>
         </hi>
         <c> </c>
         <w xml:id="o5156-327700"
            n="158-a-1580"
            ecep:lem="no"
            ecep:pos="av-dx"
            ecep:reg="no"
            ecep:spe="no"
            ecep:syllab="1"
            ecep:pron="nəʊ">no</w>
         <c> </c>
         <w xml:id="o5156-327710"
            n="158-a-1590"
            ecep:lem="long"
            ecep:pos="av-jc"
            ecep:reg="longer"
            ecep:spe="longer"
            ecep:syllab="2"
            ecep:pron="lɒŋgə">longer</w>
         <c> </c>
         <w xml:id="o5156-327720"
            n="158-a-1600"
            ecep:lem="shall"
            ecep:pos="vmb"
            ecep:reg="shall"
            ecep:spe="shall"
            ecep:syllab="1"
            ecep:pron="ʃæl">shall</w>
         <c> </c>
         <w xml:id="o5156-327730"
            n="158-a-1610"
            ecep:lem="boast"
            ecep:pos="vvi"
            ecep:reg="boast"
            ecep:spe="boast"
            ecep:syllab="1"
            ecep:pron="bəʊst">boast</w>
      </l>
      <l xml:id="o5156-l18290">
         <w xml:id="o5156-327740"
            n="158-a-1620"
            ecep:lem="a"
            ecep:pos="dt"
            ecep:reg="A"
            ecep:spe="A"
            ecep:syllab="1"
            ecep:pron="ə">A</w>
         <c> </c>
         <w xml:id="o5156-327750"
            n="158-a-1630"
            ecep:lem="science"
            ecep:pos="n1"
            ecep:reg="science"
            ecep:spe="science"
            ecep:syllab="2"
            ecep:pron="ˈsaɪəns">science</w>
         <c> </c>
         <w xml:id="o5156-327760"
            n="158-a-1640"
            ecep:lem="their"
            ecep:pos="po32"
            ecep:reg="their"
            ecep:spe="their"
            ecep:syllab="1"
            ecep:pron="ðeə">their</w>
         <c> </c>
         <w xml:id="o5156-327770"
            n="158-a-1650"
            ecep:lem="slight"
            ecep:pos="j"
            ecep:reg="slight"
            ecep:spe="slight"
            ecep:syllab="1"
            ecep:pron="slaɪt">slight</w>
         <c> </c>
         <w xml:id="o5156-327780"
            n="158-a-1660"
            ecep:lem="and"
            ecep:pos="cc"
            ecep:reg="and"
            ecep:spe="and"
            ecep:syllab="1"
            ecep:pron="ænd">and</w>
         <c> </c>
         <w xml:id="o5156-327790"
            n="158-a-1670"
            ecep:lem="ill"
            ecep:pos="j-jn"
            ecep:reg="ill"
            ecep:spe="ill"
            ecep:syllab="1"
            ecep:pron="ɪl">ill</w>
         <c> </c>
         <w xml:id="o5156-327800"
            n="158-a-1680"
            ecep:lem="treatment"
            ecep:pos="n1"
            ecep:reg="treatment"
            ecep:spe="treatment"
            ecep:syllab="2"
            ecep:pron="ˈtriːtmənt">treatment</w>
         <c> </c>
         <w xml:id="o5156-327810"
            n="158-a-1690"
            ecep:lem="have"
            ecep:pos="vhz"
            ecep:reg="hath"
            ecep:spe="hath"
            ecep:syllab="1"
            ecep:pron="hæθ">hath</w>
         <c> </c>
         <w xml:id="o5156-327820"
            n="158-a-1700"
            ecep:lem="lose"
            ecep:pos="vvn"
            ecep:reg="lost"
            ecep:spe="lost"
            ecep:syllab="1"
            ecep:pron="lɒst">lost</w>
         <pc xml:id="o5156-327830"
             n="158-a-1710"
             ecep:lem=";"
             ecep:pos=";"
             ecep:reg=";"
             ecep:spe=";">;</pc>
      </l>
      <l xml:id="o5156-l18295">
         <w xml:id="o5156-327840"
            n="158-a-1720"
            ecep:lem="but"
            ecep:pos="cc-acp"
            ecep:reg="But"
            ecep:spe="But"
            ecep:syllab="1"
            ecep:pron="bʌt">But</w>
         <c> </c>
         <w xml:id="o5156-327850"
            n="158-a-1730"
            ecep:lem="that"
            ecep:pos="d"
            ecep:reg="that"
            ecep:spe="that"
            ecep:syllab="1"
            ecep:pron="ðæt">that</w>
         <c> </c>
         <hi>
            <w xml:id="o5156-327860"
               n="158-a-1740"
               ecep:lem="woman"
               ecep:pos="n2"
               ecep:reg="women"
               ecep:spe="women"
               ecep:syllab="2"
               ecep:pron="ˈwɪmɪn">women</w>
         </hi>
         <c> </c>
         <w xml:id="o5156-327870"
            n="158-a-1750"
            ecep:lem="alone"
            ecep:pos="av-j"
            ecep:reg="alone"
            ecep:spe="alone"
            ecep:syllab="2"
            ecep:pron="əˈləʊn">alone</w>
         <c> </c>
         <w xml:id="o5156-327880"
            n="158-a-1760"
            ecep:lem="for"
            ecep:pos="p-acp"
            ecep:reg="for"
            ecep:spe="for"
            ecep:syllab="1"
            ecep:pron="fɔː">for</w>
         <c> </c>
         <w xml:id="o5156-327890"
            n="158-a-1770"
            ecep:lem="the"
            ecep:pos="dt"
            ecep:reg="the"
            ecep:spe="the"
            ecep:syllab="1"
            ecep:pron="ðiː">the</w>
         <c> </c>
         <w xml:id="o5156-327900"
            n="158-a-1780"
            ecep:lem="future"
            ecep:pos="n-jn"
            ecep:reg="future"
            ecep:spe="future"
            ecep:syllab="2"
            ecep:pron="ˈfjuːtʃə">future</w>
         <c> </c>
         <w xml:id="o5156-327910"
            n="158-a-1790"
            ecep:lem="shall"
            ecep:pos="vmb"
            ecep:reg="shall"
            ecep:spe="shall"
            ecep:syllab="1"
            ecep:pron="ʃæl">shall</w>
         <c> </c>
         <w xml:id="o5156-327920"
            n="158-a-1800"
            ecep:lem="write"
            ecep:pos="vvi"
            ecep:reg="write"
            ecep:spe="write"
            ecep:syllab="1"
            ecep:pron="raɪt">write</w>
         <pc xml:id="o5156-327930"
             n="158-a-1810"
             ecep:lem=";"
             ecep:pos=";"
             ecep:reg=";"
             ecep:spe=";">;</pc>
      </l>
      <l xml:id="o5156-l18300">
         <w xml:id="o5156-327940"
            n="158-a-1820"
            ecep:lem="and"
            ecep:pos="cc"
            ecep:reg="And"
            ecep:spe="And"
            ecep:syllab="1"
            ecep:pron="ænd">And</w>
         <c> </c>
         <w xml:id="o5156-327950"
            n="158-a-1830"
            ecep:lem="who"
            ecep:pos="q-crq"
            ecep:reg="who"
            ecep:spe="who"
            ecep:syllab="1"
            ecep:pron="huː">who</w>
         <c> </c>
         <w xml:id="o5156-327960"
            n="158-a-1840"
            ecep:lem="can"
            ecep:pos="vmb"
            ecep:reg="can"
            ecep:spe="can"
            ecep:syllab="1"
            ecep:pron="kæn">can</w>
         <c> </c>
         <w xml:id="o5156-327970"
            n="158-a-1850"
            ecep:lem="resist"
            ecep:pos="vvi"
            ecep:reg="resist"
            ecep:spe="resist"
            ecep:syllab="2"
            ecep:pron="rɪˈzɪst">resist</w>
         <pc xml:id="o5156-327980"
             n="158-a-1860"
             ecep:lem=","
             ecep:pos=","
             ecep:reg=","
             ecep:spe=",">,</pc>
         <c> </c>
         <w xml:id="o5156-327990"
            n="158-a-1870"
            ecep:lem="when"
            ecep:pos="c-crq"
            ecep:reg="when"
            ecep:spe="when"
            ecep:syllab="1"
            ecep:pron="wen">when</w>
         <c> </c>
         <w xml:id="o5156-328000"
            n="158-a-1880"
            ecep:lem="they"
            ecep:pos="pns32"
            ecep:reg="they"
            ecep:spe="they"
            ecep:syllab="1"
            ecep:pron="ðeɪ">they</w>
         <c> </c>
         <w xml:id="o5156-328010"
            n="158-a-1890"
            ecep:lem="double"
            ecep:pos="av-j"
            ecep:reg="doubly"
            ecep:spe="doubly"
            ecep:syllab="2"
            ecep:pron="ˈdʌbli">doubly</w>
         <c> </c>
         <w xml:id="o5156-328020"
            n="158-a-1900"
            ecep:lem="delight"
            ecep:pos="vvb"
            ecep:reg="delight"
            ecep:spe="delight"
            ecep:syllab="2"
            ecep:pron="dɪˈlaɪt">delight</w>
         <pc xml:id="o5156-328030"
             n="158-a-1910"
             unit="sentence"
             ecep:lem="?"
             ecep:pos="?"
             ecep:reg="?"
             ecep:spe="?">?</pc>
      </l>
      <l xml:id="o5156-l18305">
         <w xml:id="o5156-328040"
            n="158-a-1920"
            ecep:lem="and"
            ecep:pos="cc"
            ecep:reg="And"
            ecep:spe="And"
            ecep:syllab="1"
            ecep:pron="ænd">And</w>
         <c> </c>
         <w xml:id="o5156-328050"
            n="158-a-1930"
            ecep:lem="lest"
            ecep:pos="cs"
            ecep:reg="lest"
            ecep:spe="lest"
            ecep:syllab="1"
            ecep:pron="lest">lest</w>
         <c> </c>
         <w xml:id="o5156-328060"
            n="158-a-1940"
            ecep:lem="we"
            ecep:pos="pns12"
            ecep:reg="we"
            ecep:spe="we"
            ecep:syllab="1"
            ecep:pron="wiː">we</w>
         <c> </c>
         <w xml:id="o5156-328070"
            n="158-a-1950"
            ecep:lem="shall"
            ecep:pos="vmd"
            ecep:reg="should"
            ecep:spe="shou'd"
            ecep:syllab="1"
            ecep:pron="ʃʊd">shou'd</w>
         <c> </c>
         <w xml:id="o5156-328080"
            n="158-a-1960"
            ecep:lem="doubt"
            ecep:pos="vvi"
            ecep:reg="doubt"
            ecep:spe="doubt"
            ecep:syllab="1"
            ecep:pron="daʊt">doubt</w>
         <c> </c>
         <w xml:id="o5156-328090"
            n="158-a-1970"
            ecep:lem="what"
            ecep:pos="r-crq"
            ecep:reg="what"
            ecep:spe="what"
            ecep:syllab="1"
            ecep:pron="wɒt">what</w>
         <c> </c>
         <w xml:id="o5156-328100"
            n="158-a-1980"
            ecep:lem="he"
            ecep:pos="pns31"
            ecep:reg="he"
            ecep:spe="he"
            ecep:syllab="1"
            ecep:pron="hiː">he</w>
         <c> </c>
         <w xml:id="o5156-328110"
            n="158-a-1990"
            ecep:lem="say"
            ecep:pos="vvd"
            ecep:reg="said"
            ecep:spe="said"
            ecep:syllab="1"
            ecep:pron="sed">said</w>
         <c> </c>
         <w xml:id="o5156-328120"
            n="158-a-2000"
            ecep:lem="to"
            ecep:pos="pc-acp"
            ecep:reg="to"
            ecep:spe="to"
            ecep:syllab="1"
            ecep:pron="tuː">to</w>
         <c> </c>
         <w xml:id="o5156-328130"
            n="158-a-2010"
            ecep:lem="be"
            ecep:pos="vbi"
            ecep:reg="be"
            ecep:spe="be"
            ecep:syllab="1"
            ecep:pron="biː">be</w>
         <c> </c>
         <w xml:id="o5156-328140"
            n="158-a-2020"
            ecep:lem="true"
            ecep:pos="j"
            ecep:reg="true"
            ecep:spe="true"
            ecep:syllab="1"
            ecep:pron="truː">true</w>
         <pc xml:id="o5156-328150"
             n="158-a-2030"
             ecep:lem=","
             ecep:pos=","
             ecep:reg=","
             ecep:spe=",">,</pc>
      </l>
      <l xml:id="o5156-l18310">
         <w xml:id="o5156-328160"
            n="158-a-2040"
            ecep:lem="have"
            ecep:pos="vhz"
            ecep:reg="Has"
            ecep:spe="Has"
            ecep:syllab="1"
            ecep:pron="hæz">Has</w>
         <c> </c>
         <w xml:id="o5156-328170"
            n="158-a-2050"
            ecep:lem="begin"
            ecep:pos="vvn"
            ecep:reg="begun"
            ecep:spe="begun"
            ecep:syllab="2"
            ecep:pron="bɪˈgʌn">begun</w>
         <c> </c>
         <w xml:id="o5156-328180"
            n="158-a-2060"
            ecep:lem="by"
            ecep:pos="p-acp"
            ecep:reg="by"
            ecep:spe="by"
            ecep:syllab="1"
            ecep:pron="baɪ">by</w>
         <c> </c>
         <w xml:id="o5156-328190"
            n="158-a-2070"
            ecep:lem="inspire"
            ecep:pos="vvg"
            ecep:reg="inspiring"
            ecep:spe="inspiring"
            ecep:syllab="3"
            ecep:pron="ɪnˈspæəɪŋ">inspiring</w>
         <c> </c>
         <w xml:id="o5156-328200"
            n="158-a-2080"
            ecep:lem="saphira"
            ecep:pos="np1"
            ecep:reg="Saphira"
            ecep:spe="Saphira"
            ecep:syllab="3"
            ecep:pron="sæfˈiərə">Saphira</w>
         <c> </c>
         <w xml:id="o5156-328210"
            n="158-a-2090"
            ecep:lem="and"
            ecep:pos="cc"
            ecep:reg="and"
            ecep:spe="and"
            ecep:syllab="1"
            ecep:pron="ænd">and</w>
         <c> </c>
         <w xml:id="o5156-328220"
            n="158-a-2100"
            ecep:lem="you"
            ecep:pos="pn22"
            ecep:reg="You"
            ecep:spe="You"
            ecep:syllab="1"
            ecep:pron="juː">You</w>
         <pc xml:id="o5156-328230"
             n="158-a-2110"
             unit="sentence"
             ecep:lem="."
             ecep:pos="."
             ecep:reg="."
             ecep:spe=".">.</pc>
      </l>
   </lg>
</div>
