<?xml version="1.0" encoding="UTF-8"?>
<div xmlns:ecep="http://www.eighteenthcenturypoetry.org/ns"
     xmlns="http://www.tei-c.org/ns/1.0"
     xmlns:tei="http://www.tei-c.org/ns/1.0"
     ana="#iamb #pentameter #couplet #pair #epigram"
     corresp="#txt_PrioMa1664_w0045"
     decls="#semi-normalized"
     ecep:syllab="10"
     met="-+|-+|-+|-+|-+/"
     rendition="#lgvspace"
     rhyme="aa"
     subtype="eceptext"
     type="poem"
     xml:id="pmp18-w0420">
   <link target="authors.xml#aut_PrioMa1664" type="author"/>
   <head type="main">
      <hi>
         <w xml:id="pmp18-0242100"
            n="a-0010"
            ecep:lem="Pallas"
            ecep:pos="np1"
            ecep:reg="PALLAS"
            ecep:spe="PALLAS"
            ecep:syllab="2"
            ecep:pron="pˈæləz">PALLAS</w>
      </hi>
      <c> </c>
      <w xml:id="pmp18-0242110"
         n="a-0020"
         ecep:lem="and"
         ecep:pos="cc"
         ecep:reg="and"
         ecep:spe="and"
         ecep:syllab="1"
         ecep:pron="ænd">and</w>
      <c> </c>
      <hi>
         <w xml:id="pmp18-0242120"
            n="a-0030"
            ecep:lem="Venus"
            ecep:pos="np1"
            ecep:reg="VENUS"
            ecep:spe="VENUS"
            ecep:syllab="2"
            ecep:pron="ˈviːnəs">VENUS</w>
      </hi>
      <pc xml:id="pmp18-0242130"
          n="a-0040"
          unit="sentence"
          ecep:lem="."
          ecep:pos="."
          ecep:reg="."
          ecep:spe=".">.</pc>
      <c> </c>
      <w xml:id="pmp18-0242140"
         n="a-0050"
         ecep:lem="a"
         ecep:pos="dt"
         ecep:reg="AN"
         ecep:spe="AN"
         ecep:syllab="1"
         ecep:pron="æn">AN</w>
      <c> </c>
      <w xml:id="pmp18-0242150"
         n="a-0060"
         ecep:lem="epigram"
         ecep:pos="n1"
         ecep:reg="EPIGRAM"
         ecep:spe="EPIGRAM"
         ecep:syllab="3"
         ecep:pron="ˈepɪgræm">EPIGRAM</w>
      <pc xml:id="pmp18-0242160"
          n="a-0070"
          unit="sentence"
          ecep:lem="."
          ecep:pos="."
          ecep:reg="."
          ecep:spe=".">.</pc>
   </head>
   <lg xml:id="pmp18-s01760">
      <l n="1" xml:id="pmp18-l10235">
         <hi rendition="#sc">
            <w xml:id="pmp18-0242190"
               n="a-0080"
               ecep:lem="the"
               ecep:pos="dt"
               ecep:reg="The"
               ecep:spe="The"
               ecep:syllab="1"
               ecep:pron="ðiː">The</w>
            <c> </c>
            <w xml:id="pmp18-0242200"
               n="a-0090"
               ecep:lem="trojan"
               ecep:pos="jp"
               ecep:reg="Trojan"
               ecep:spe="Trojan"
               ecep:syllab="2"
               ecep:pron="ˈtrəʊdʒən">Trojan</w>
         </hi>
         <c> </c>
         <w xml:id="pmp18-0242210"
            n="a-0100"
            ecep:lem="Swain"
            ecep:pos="np1"
            ecep:reg="Swain"
            ecep:spe="Swain"
            ecep:syllab="1"
            ecep:pron="sweɪn">Swain</w>
         <c> </c>
         <w xml:id="pmp18-0242220"
            n="a-0110"
            ecep:lem="have"
            ecep:pos="vhd"
            ecep:reg="had"
            ecep:spe="had"
            ecep:syllab="1"
            ecep:pron="hæd">had</w>
         <c> </c>
         <w xml:id="pmp18-0242230"
            n="a-0120"
            ecep:lem="judge"
            ecep:pos="vvn"
            ecep:reg="judged"
            ecep:spe="judg'd"
            ecep:syllab="1"
            ecep:pron="dʒʌdʒd">judg'd</w>
         <c> </c>
         <w xml:id="pmp18-0242240"
            n="a-0130"
            ecep:lem="the"
            ecep:pos="dt"
            ecep:reg="the"
            ecep:spe="the"
            ecep:syllab="1"
            ecep:pron="ðiː">the</w>
         <c> </c>
         <w xml:id="pmp18-0242250"
            n="a-0140"
            ecep:lem="great"
            ecep:pos="j"
            ecep:reg="great"
            ecep:spe="great"
            ecep:syllab="1"
            ecep:pron="greɪt">great</w>
         <c> </c>
         <w xml:id="pmp18-0242260"
            n="a-0150"
            ecep:lem="dispute"
            ecep:pos="n1"
            ecep:reg="Dispute"
            ecep:spe="Dispute"
            ecep:syllab="2"
            ecep:pron="dɪˈspjuːt">Dispute</w>
         <pc xml:id="pmp18-0242270"
             n="a-0160"
             ecep:lem=";"
             ecep:pos=";"
             ecep:reg=";"
             ecep:spe=";">;</pc>
      </l>
      <l n="2" xml:id="pmp18-l10240">
         <c> </c>
         <w xml:id="pmp18-0242280"
            n="a-0170"
            ecep:lem="and"
            ecep:pos="cc"
            ecep:reg="And"
            ecep:spe="And"
            ecep:syllab="1"
            ecep:pron="ænd">And</w>
         <c> </c>
         <w xml:id="pmp18-0242290"
            n="a-0180"
            ecep:lem="beauty"
            ecep:pos="ng1"
            ecep:reg="Beauty's"
            ecep:spe="Beauty's"
            ecep:syllab="3"
            ecep:pron="ˈbjuːtiz">Beauty's</w>
         <c> </c>
         <w xml:id="pmp18-0242300"
            n="a-0190"
            ecep:lem="power"
            ecep:pos="n1"
            ecep:reg="Power"
            ecep:spe="Pow'r"
            ecep:syllab="1"
            ecep:pron="ˈpaʊə">Pow'r</w>
         <c> </c>
         <w xml:id="pmp18-0242310"
            n="a-0200"
            ecep:lem="obtain"
            ecep:pos="vvd"
            ecep:reg="obtained"
            ecep:spe="obtain'd"
            ecep:syllab="2"
            ecep:pron="əbˈteɪnd">obtain'd</w>
         <c> </c>
         <w xml:id="pmp18-0242320"
            n="a-0210"
            ecep:lem="the"
            ecep:pos="dt"
            ecep:reg="the"
            ecep:spe="the"
            ecep:syllab="1"
            ecep:pron="ðiː">the</w>
         <c> </c>
         <w xml:id="pmp18-0242330"
            n="a-0220"
            ecep:lem="golden"
            ecep:pos="j"
            ecep:reg="Golden"
            ecep:spe="Golden"
            ecep:syllab="2"
            ecep:pron="ˈgəʊldn">Golden</w>
         <c> </c>
         <w xml:id="pmp18-0242340"
            n="a-0230"
            ecep:lem="fruit"
            ecep:pos="n1"
            ecep:reg="Fruit"
            ecep:spe="Fruit"
            ecep:syllab="1"
            ecep:pron="fruːt">Fruit</w>
         <pc xml:id="pmp18-0242350"
             n="a-0240"
             ecep:lem=";"
             ecep:pos=";"
             ecep:reg=";"
             ecep:spe=";">;</pc>
      </l>
      <l n="3" xml:id="pmp18-l10245">
         <c> </c>
         <w xml:id="pmp18-0242360"
            n="a-0250"
            ecep:lem="when"
            ecep:pos="c-crq"
            ecep:reg="When"
            ecep:spe="When"
            ecep:syllab="1"
            ecep:pron="wen">When</w>
         <c> </c>
         <hi rendition="#sc">
            <w xml:id="pmp18-0242370"
               n="a-0260"
               ecep:lem="Venus"
               ecep:pos="np1"
               ecep:reg="Venus"
               ecep:spe="Venus"
               ecep:syllab="2"
               ecep:pron="ˈviːnəs">Venus</w>
         </hi>
         <pc xml:id="pmp18-0242380"
             n="a-0270"
             ecep:lem=","
             ecep:pos=","
             ecep:reg=","
             ecep:spe=",">,</pc>
         <c> </c>
         <w xml:id="pmp18-0242390"
            n="a-0280"
            ecep:lem="loose"
            ecep:pos="j"
            ecep:reg="loose"
            ecep:spe="loose"
            ecep:syllab="1"
            ecep:pron="luːs">loose</w>
         <c> </c>
         <w xml:id="pmp18-0242400"
            n="a-0290"
            ecep:lem="in"
            ecep:pos="p-acp"
            ecep:reg="in"
            ecep:spe="in"
            ecep:syllab="1"
            ecep:pron="ɪn">in</w>
         <c> </c>
         <w xml:id="pmp18-0242410"
            n="a-0300"
            ecep:lem="all"
            ecep:pos="d"
            ecep:reg="all"
            ecep:spe="all"
            ecep:syllab="1"
            ecep:pron="ɔːl">all</w>
         <c> </c>
         <w xml:id="pmp18-0242420"
            n="a-0310"
            ecep:lem="her"
            ecep:pos="po31"
            ecep:reg="Her"
            ecep:spe="Her"
            ecep:syllab="1"
            ecep:pron="hɜː">Her</w>
         <c> </c>
         <w xml:id="pmp18-0242430"
            n="a-0320"
            ecep:lem="naked"
            ecep:pos="j"
            ecep:reg="naked"
            ecep:spe="naked"
            ecep:syllab="2"
            ecep:pron="ˈneɪkɪd">naked</w>
         <c> </c>
         <w xml:id="pmp18-0242440"
            n="a-0330"
            ecep:lem="charm"
            ecep:pos="n2"
            ecep:reg="Charms"
            ecep:spe="Charms"
            ecep:syllab="1"
            ecep:pron="tʃɑːmz">Charms</w>
         <pc xml:id="pmp18-0242450"
             n="a-0340"
             ecep:lem=","
             ecep:pos=","
             ecep:reg=","
             ecep:spe=",">,</pc>
      </l>
      <l n="4" xml:id="pmp18-l10250">
         <c> </c>
         <w xml:id="pmp18-0242460"
            n="a-0350"
            ecep:lem="meet"
            ecep:pos="vvn"
            ecep:reg="Met"
            ecep:spe="Met"
            ecep:syllab="1"
            ecep:pron="met">Met</w>
         <c> </c>
         <hi rendition="#sc">
            <w xml:id="pmp18-0242470"
               n="a-0360"
               ecep:lem="Jove"
               ecep:pos="npg1"
               ecep:reg="Jove's"
               ecep:spe="Jove's"
               ecep:syllab="2"
               ecep:pron="ˈdʒəʊvz">Jove's</w>
         </hi>
         <c> </c>
         <w xml:id="pmp18-0242480"
            n="a-0370"
            ecep:lem="great"
            ecep:pos="j"
            ecep:reg="great"
            ecep:spe="great"
            ecep:syllab="1"
            ecep:pron="greɪt">great</w>
         <c> </c>
         <w xml:id="pmp18-0242490"
            n="a-0380"
            ecep:lem="daughter"
            ecep:pos="n1"
            ecep:reg="Daughter"
            ecep:spe="Daughter"
            ecep:syllab="2"
            ecep:pron="ˈdɔːtə">Daughter</w>
         <c> </c>
         <w xml:id="pmp18-0242500"
            n="a-0390"
            ecep:lem="clad"
            ecep:pos="vvn"
            ecep:reg="clad"
            ecep:spe="clad"
            ecep:syllab="1"
            ecep:pron="klæd">clad</w>
         <c> </c>
         <w xml:id="pmp18-0242510"
            n="a-0400"
            ecep:lem="in"
            ecep:pos="p-acp"
            ecep:reg="in"
            ecep:spe="in"
            ecep:syllab="1"
            ecep:pron="ɪn">in</w>
         <c> </c>
         <w xml:id="pmp18-0242520"
            n="a-0410"
            ecep:lem="shine"
            ecep:pos="j-vvg"
            ecep:reg="shining"
            ecep:spe="shining"
            ecep:syllab="2"
            ecep:pron="ʃaɪnɪŋ">shining</w>
         <c> </c>
         <w xml:id="pmp18-0242530"
            n="a-0420"
            ecep:lem="arm"
            ecep:pos="n2"
            ecep:reg="Arms"
            ecep:spe="Arms"
            ecep:syllab="1"
            ecep:pron="ɑːmz">Arms</w>
         <pc xml:id="pmp18-0242535"
             n="a-0425"
             unit="sentence"
             ecep:lem="."
             ecep:pos="."
             ecep:reg="."
             ecep:spe=".">.</pc>
      </l>
      <l n="5" xml:id="pmp18-l10255">
         <c> </c>
         <w xml:id="pmp18-0242540"
            n="a-0430"
            ecep:lem="the"
            ecep:pos="dt"
            ecep:reg="The"
            ecep:spe="The"
            ecep:syllab="1"
            ecep:pron="ðiː">The</w>
         <c> </c>
         <w xml:id="pmp18-0242550"
            n="a-0440"
            ecep:lem="wanton"
            ecep:pos="j-jn"
            ecep:reg="wanton"
            ecep:spe="wanton"
            ecep:syllab="2"
            ecep:pron="ˈwɒntən">wanton</w>
         <c> </c>
         <w xml:id="pmp18-0242560"
            n="a-0450"
            ecep:lem="goddess"
            ecep:pos="n1"
            ecep:reg="Goddess"
            ecep:spe="Goddess"
            ecep:syllab="2"
            ecep:pron="ˈgɒdes">Goddess</w>
         <c> </c>
         <w xml:id="pmp18-0242570"
            n="a-0460"
            ecep:lem="view"
            ecep:pos="vvd"
            ecep:reg="viewed"
            ecep:spe="view'd"
            ecep:syllab="1"
            ecep:pron="vjuːd">view'd</w>
         <c> </c>
         <w xml:id="pmp18-0242580"
            n="a-0470"
            ecep:lem="the"
            ecep:pos="dt"
            ecep:reg="the"
            ecep:spe="the"
            ecep:syllab="1"
            ecep:pron="ðiː">the</w>
         <c> </c>
         <w xml:id="pmp18-0242590"
            n="a-0480"
            ecep:lem="warlike"
            ecep:pos="j"
            ecep:reg="Warlike"
            ecep:spe="Warlike"
            ecep:syllab="2"
            ecep:pron="ˈwɔːlaɪk">Warlike</w>
         <c> </c>
         <w xml:id="pmp18-0242600"
            n="a-0490"
            ecep:lem="maid"
            ecep:pos="n1"
            ecep:reg="Maid"
            ecep:spe="Maid"
            ecep:syllab="1"
            ecep:pron="meɪd">Maid</w>
      </l>
      <l n="6" xml:id="pmp18-l10260">
         <c> </c>
         <w xml:id="pmp18-0242610"
            n="a-0500"
            ecep:lem="from"
            ecep:pos="p-acp"
            ecep:reg="From"
            ecep:spe="From"
            ecep:syllab="1"
            ecep:pron="frɒm">From</w>
         <c> </c>
         <w xml:id="pmp18-0242620"
            n="a-0510"
            ecep:lem="head"
            ecep:pos="n1"
            ecep:reg="Head"
            ecep:spe="Head"
            ecep:syllab="1"
            ecep:pron="hed">Head</w>
         <c> </c>
         <w xml:id="pmp18-0242630"
            n="a-0520"
            ecep:lem="to"
            ecep:pos="p-acp"
            ecep:reg="to"
            ecep:spe="to"
            ecep:syllab="1"
            ecep:pron="tuː">to</w>
         <c> </c>
         <w xml:id="pmp18-0242640"
            n="a-0530"
            ecep:lem="foot"
            ecep:pos="n1"
            ecep:reg="Foot"
            ecep:spe="Foot"
            ecep:syllab="1"
            ecep:pron="fʊt">Foot</w>
         <pc xml:id="pmp18-0242650"
             n="a-0540"
             ecep:lem=","
             ecep:pos=","
             ecep:reg=","
             ecep:spe=",">,</pc>
         <c> </c>
         <w xml:id="pmp18-0242660"
            n="a-0550"
            ecep:lem="and"
            ecep:pos="cc"
            ecep:reg="and"
            ecep:spe="and"
            ecep:syllab="1"
            ecep:pron="ænd">and</w>
         <c> </c>
         <w xml:id="pmp18-0242670"
            n="a-0560"
            ecep:lem="taunt"
            ecep:pos="av-vvg"
            ecep:reg="Tauntingly"
            ecep:spe="Tauntingly"
            ecep:syllab="3"
            ecep:pron="tɔːntɪŋli">Tauntingly</w>
         <c> </c>
         <w xml:id="pmp18-0242680"
            n="a-0570"
            ecep:lem="she"
            ecep:pos="pns31"
            ecep:reg="She"
            ecep:spe="She"
            ecep:syllab="1"
            ecep:pron="ʃiː">She</w>
         <c> </c>
         <w xml:id="pmp18-0242690"
            n="a-0580"
            ecep:lem="say"
            ecep:pos="vvd"
            ecep:reg="said"
            ecep:spe="said"
            ecep:syllab="1"
            ecep:pron="sed">said</w>
         <pc xml:id="pmp18-0242700"
             n="a-0590"
             ecep:lem=":"
             ecep:pos=":"
             ecep:reg=":"
             ecep:spe=":">:</pc>
      </l>
   </lg>
   <lg xml:id="pmp18-s01765">
      <l n="7" xml:id="pmp18-l10265">
         <w xml:id="pmp18-0242730"
            n="a-0600"
            ecep:lem="yield"
            ecep:pos="vvb"
            ecep:reg="Yield"
            ecep:spe="Yield"
            ecep:syllab="1"
            ecep:pron="jiːld">Yield</w>
         <pc xml:id="pmp18-0242740"
             n="a-0610"
             ecep:lem=","
             ecep:pos=","
             ecep:reg=","
             ecep:spe=",">,</pc>
         <c> </c>
         <w xml:id="pmp18-0242750"
            n="a-0620"
            ecep:lem="sister"
            ecep:pos="n1"
            ecep:reg="Sister"
            ecep:spe="Sister"
            ecep:syllab="2"
            ecep:pron="ˈsɪstə">Sister</w>
         <pc xml:id="pmp18-0242760"
             n="a-0630"
             ecep:lem=";"
             ecep:pos=";"
             ecep:reg=";"
             ecep:spe=";">;</pc>
         <c> </c>
         <w xml:id="pmp18-0242770"
            n="a-0640"
            ecep:lem="rival"
            ecep:pos="n1"
            ecep:reg="Rival"
            ecep:spe="Rival"
            ecep:syllab="2"
            ecep:pron="ˈraɪvl">Rival</w>
         <pc xml:id="pmp18-0242780"
             n="a-0650"
             ecep:lem=","
             ecep:pos=","
             ecep:reg=","
             ecep:spe=",">,</pc>
         <c> </c>
         <w xml:id="pmp18-0242790"
            n="a-0660"
            ecep:lem="yield"
            ecep:pos="vvb"
            ecep:reg="yield"
            ecep:spe="yield"
            ecep:syllab="1"
            ecep:pron="jiːld">yield</w>
         <pc xml:id="pmp18-0242800"
             n="a-0670"
             ecep:lem=";"
             ecep:pos=";"
             ecep:reg=";"
             ecep:spe=";">;</pc>
         <c> </c>
         <w xml:id="pmp18-0242810"
            n="a-0680"
            ecep:lem="naked"
            ecep:pos="j"
            ecep:reg="Naked"
            ecep:spe="Naked"
            ecep:syllab="2"
            ecep:pron="ˈneɪkɪd">Naked</w>
         <pc xml:id="pmp18-0242820"
             n="a-0690"
             ecep:lem=","
             ecep:pos=","
             ecep:reg=","
             ecep:spe=",">,</pc>
         <c> </c>
         <w xml:id="pmp18-0242830"
            n="a-0700"
            ecep:lem="you"
            ecep:pos="pn22"
            ecep:reg="You"
            ecep:spe="You"
            ecep:syllab="1"
            ecep:pron="juː">You</w>
         <c> </c>
         <w xml:id="pmp18-0242840"
            n="a-0710"
            ecep:lem="see"
            ecep:pos="vvb"
            ecep:reg="see"
            ecep:spe="see"
            ecep:syllab="1"
            ecep:pron="siː">see</w>
         <pc xml:id="pmp18-0242850"
             n="a-0720"
             ecep:lem=","
             ecep:pos=","
             ecep:reg=","
             ecep:spe=",">,</pc>
      </l>
      <l n="8" xml:id="pmp18-l10270">
         <c> </c>
         <w xml:id="pmp18-0242860"
            n="a-0730"
            ecep:lem="i"
            ecep:pos="pns11"
            ecep:reg="I"
            ecep:spe="I"
            ecep:syllab="1"
            ecep:pron="aɪ">I</w>
         <c> </c>
         <w xml:id="pmp18-0242870"
            n="a-0740"
            ecep:lem="vanquish"
            ecep:pos="vvb"
            ecep:reg="vanquish"
            ecep:spe="vanquish"
            ecep:syllab="2"
            ecep:pron="ˈvæŋkwɪʃ">vanquish</w>
         <pc xml:id="pmp18-0242880"
             n="a-0750"
             ecep:lem=":"
             ecep:pos=":"
             ecep:reg=":"
             ecep:spe=":">:</pc>
         <c> </c>
         <w xml:id="pmp18-0242890"
            n="a-0760"
            ecep:lem="guess"
            ecep:pos="vvb"
            ecep:reg="Guess"
            ecep:spe="Guess"
            ecep:syllab="1"
            ecep:pron="ges">Guess</w>
         <c> </c>
         <w xml:id="pmp18-0242900"
            n="a-0770"
            ecep:lem="how"
            ecep:pos="c-crq"
            ecep:reg="how"
            ecep:spe="how"
            ecep:syllab="1"
            ecep:pron="haʊ">how</w>
         <c> </c>
         <w xml:id="pmp18-0242910"
            n="a-0780"
            ecep:lem="potent"
            ecep:pos="j"
            ecep:reg="Potent"
            ecep:spe="Potent"
            ecep:syllab="2"
            ecep:pron="ˈpəʊtnt">Potent</w>
         <c> </c>
         <w xml:id="pmp18-0242920"
            n="a-0790"
            ecep:lem="i"
            ecep:pos="pns11"
            ecep:reg="I"
            ecep:spe="I"
            ecep:syllab="1"
            ecep:pron="aɪ">I</w>
         <c> </c>
         <w xml:id="pmp18-0242930"
            n="a-0800"
            ecep:lem="shall"
            ecep:pos="vmd"
            ecep:reg="should"
            ecep:spe="should"
            ecep:syllab="1"
            ecep:pron="ʃʊd">should</w>
         <c> </c>
         <w xml:id="pmp18-0242940"
            n="a-0810"
            ecep:lem="be"
            ecep:pos="vbi"
            ecep:reg="be"
            ecep:spe="be"
            ecep:syllab="1"
            ecep:pron="biː">be</w>
         <pc xml:id="pmp18-0242950"
             n="a-0820"
             ecep:lem=";"
             ecep:pos=";"
             ecep:reg=";"
             ecep:spe=";">;</pc>
      </l>
      <l n="9" xml:id="pmp18-l10275">
         <c> </c>
         <w xml:id="pmp18-0242960"
            n="a-0830"
            ecep:lem="if"
            ecep:pos="cs"
            ecep:reg="If"
            ecep:spe="If"
            ecep:syllab="1"
            ecep:pron="ɪf">If</w>
         <c> </c>
         <w xml:id="pmp18-0242970"
            n="a-0840"
            ecep:lem="to"
            ecep:pos="p-acp"
            ecep:reg="to"
            ecep:spe="to"
            ecep:syllab="1"
            ecep:pron="tuː">to</w>
         <c> </c>
         <w xml:id="pmp18-0242980"
            n="a-0850"
            ecep:lem="the"
            ecep:pos="dt"
            ecep:reg="the"
            ecep:spe="the"
            ecep:syllab="1"
            ecep:pron="ðiː">the</w>
         <c> </c>
         <w xml:id="pmp18-0242990"
            n="a-0860"
            ecep:lem="field"
            ecep:pos="n1"
            ecep:reg="Field"
            ecep:spe="Field"
            ecep:syllab="1"
            ecep:pron="ˈfiːld">Field</w>
         <c> </c>
         <w xml:id="pmp18-0243000"
            n="a-0870"
            ecep:lem="i"
            ecep:pos="pns11"
            ecep:reg="I"
            ecep:spe="I"
            ecep:syllab="1"
            ecep:pron="aɪ">I</w>
         <c> </c>
         <w xml:id="pmp18-0243010"
            n="a-0880"
            ecep:lem="come"
            ecep:pos="vvd"
            ecep:reg="came"
            ecep:spe="came"
            ecep:syllab="1"
            ecep:pron="keɪm">came</w>
         <c> </c>
         <w xml:id="pmp18-0243020"
            n="a-0890"
            ecep:lem="in"
            ecep:pos="p-acp"
            ecep:reg="in"
            ecep:spe="in"
            ecep:syllab="1"
            ecep:pron="ɪn">in</w>
         <c> </c>
         <w xml:id="pmp18-0243030"
            n="a-0900"
            ecep:lem="armour"
            ecep:pos="n1"
            ecep:reg="Armour"
            ecep:spe="Armour"
            ecep:syllab="2"
            ecep:pron="ˈɑːmə">Armour</w>
         <c> </c>
         <w xml:id="pmp18-0243040"
            n="a-0910"
            ecep:lem="dress"
            ecep:pos="vvn"
            ecep:reg="dressed"
            ecep:spe="drest"
            ecep:syllab="1"
            ecep:pron="drest">drest</w>
         <pc xml:id="pmp18-0243050"
             n="a-0920"
             ecep:lem=";"
             ecep:pos=";"
             ecep:reg=";"
             ecep:spe=";">;</pc>
      </l>
      <l n="10" xml:id="pmp18-l10280">
         <c> </c>
         <w xml:id="pmp18-0243060"
            n="a-0930"
            ecep:lem="dreadful"
            ecep:pos="j"
            ecep:reg="Dreadful"
            ecep:spe="Dreadful"
            ecep:syllab="2"
            ecep:pron="ˈdredfl">Dreadful</w>
         <pc xml:id="pmp18-0243070"
             n="a-0940"
             ecep:lem=","
             ecep:pos=","
             ecep:reg=","
             ecep:spe=",">,</pc>
         <c> </c>
         <w xml:id="pmp18-0243080"
            n="a-0950"
            ecep:lem="like"
            ecep:pos="vvb"
            ecep:reg="like"
            ecep:spe="like"
            ecep:syllab="1"
            ecep:pron="laɪk">like</w>
         <c> </c>
         <w xml:id="pmp18-0243090"
            n="a-0960"
            ecep:lem="thy"
            ecep:pos="po21"
            ecep:reg="Thine"
            ecep:spe="Thine"
            ecep:syllab="1"
            ecep:pron="ðaɪn">Thine</w>
         <pc xml:id="pmp18-0243100"
             n="a-0970"
             ecep:lem=","
             ecep:pos=","
             ecep:reg=","
             ecep:spe=",">,</pc>
         <c> </c>
         <w xml:id="pmp18-0243110"
            n="a-0980"
            ecep:lem="my"
            ecep:pos="po11"
            ecep:reg="my"
            ecep:spe="my"
            ecep:syllab="1"
            ecep:pron="maɪ">my</w>
         <c> </c>
         <w xml:id="pmp18-0243120"
            n="a-0990"
            ecep:lem="shield"
            ecep:pos="n1"
            ecep:reg="Shield"
            ecep:spe="Shield"
            ecep:syllab="1"
            ecep:pron="ʃiːld">Shield</w>
         <pc xml:id="pmp18-0243130"
             n="a-1000"
             ecep:lem=","
             ecep:pos=","
             ecep:reg=","
             ecep:spe=",">,</pc>
         <c> </c>
         <w xml:id="pmp18-0243140"
            n="a-1010"
            ecep:lem="and"
            ecep:pos="cc"
            ecep:reg="and"
            ecep:spe="and"
            ecep:syllab="1"
            ecep:pron="ænd">and</w>
         <c> </c>
         <w xml:id="pmp18-0243150"
            n="a-1020"
            ecep:lem="terrible"
            ecep:pos="j"
            ecep:reg="terrible"
            ecep:spe="terrible"
            ecep:syllab="3"
            ecep:pron="ˈterəbl">terrible</w>
         <c> </c>
         <w xml:id="pmp18-0243160"
            n="a-1030"
            ecep:lem="my"
            ecep:pos="po11"
            ecep:reg="my"
            ecep:spe="my"
            ecep:syllab="1"
            ecep:pron="maɪ">my</w>
         <c> </c>
         <w xml:id="pmp18-0243170"
            n="a-1040"
            ecep:lem="crest"
            ecep:pos="n1"
            ecep:reg="Crest"
            ecep:spe="Crest"
            ecep:syllab="1"
            ecep:pron="krest">Crest</w>
         <pc xml:id="pmp18-0243180"
             n="a-1050"
             unit="sentence"
             ecep:lem="."
             ecep:pos="."
             ecep:reg="."
             ecep:spe=".">.</pc>
         <c> </c>
      </l>
   </lg>
   <lg xml:id="pmp18-s01770">
      <l n="11" xml:id="pmp18-l10285">
         <w xml:id="pmp18-0243210"
            n="a-1060"
            ecep:lem="the"
            ecep:pos="dt"
            ecep:reg="The"
            ecep:spe="The"
            ecep:syllab="1"
            ecep:pron="ðiː">The</w>
         <c> </c>
         <w xml:id="pmp18-0243220"
            n="a-1070"
            ecep:lem="warrior"
            ecep:pos="n1"
            ecep:reg="Warrior"
            ecep:spe="Warrior"
            ecep:syllab="3"
            ecep:pron="ˈwɒriə">Warrior</w>
         <c> </c>
         <w xml:id="pmp18-0243230"
            n="a-1080"
            ecep:lem="goddess"
            ecep:pos="n1"
            ecep:reg="Goddess"
            ecep:spe="Goddess"
            ecep:syllab="2"
            ecep:pron="ˈgɒdes">Goddess</w>
         <c> </c>
         <w xml:id="pmp18-0243240"
            n="a-1090"
            ecep:lem="with"
            ecep:pos="p-acp"
            ecep:reg="with"
            ecep:spe="with"
            ecep:syllab="1"
            ecep:pron="wɪð">with</w>
         <c> </c>
         <w xml:id="pmp18-0243250"
            n="a-1100"
            ecep:lem="disdain"
            ecep:pos="n1"
            ecep:reg="Disdain"
            ecep:spe="Disdain"
            ecep:syllab="2"
            ecep:pron="dɪsˈdeɪn">Disdain</w>
         <c> </c>
         <w xml:id="pmp18-0243260"
            n="a-1110"
            ecep:lem="reply"
            ecep:pos="vvn"
            ecep:reg="replied"
            ecep:spe="reply'd"
            ecep:syllab="2"
            ecep:pron="rɪˈplaɪd">reply'd</w>
         <pc xml:id="pmp18-0243270"
             n="a-1120"
             ecep:lem=";"
             ecep:pos=";"
             ecep:reg=";"
             ecep:spe=";">;</pc>
      </l>
      <l n="12" xml:id="pmp18-l10290">
         <c> </c>
         <w xml:id="pmp18-0243280"
            n="a-1130"
            ecep:lem="thy"
            ecep:pos="po21"
            ecep:reg="Thy"
            ecep:spe="Thy"
            ecep:syllab="1"
            ecep:pron="ðaɪ">Thy</w>
         <c> </c>
         <w xml:id="pmp18-0243290"
            n="a-1140"
            ecep:lem="folly"
            ecep:pos="n1"
            ecep:reg="Folly"
            ecep:spe="Folly"
            ecep:syllab="2"
            ecep:pron="ˈfɒli">Folly</w>
         <pc xml:id="pmp18-0243300"
             n="a-1150"
             ecep:lem=","
             ecep:pos=","
             ecep:reg=","
             ecep:spe=",">,</pc>
         <c> </c>
         <w xml:id="pmp18-0243310"
            n="a-1160"
            ecep:lem="child"
            ecep:pos="n1"
            ecep:reg="Child"
            ecep:spe="Child"
            ecep:syllab="1"
            ecep:pron="tʃaɪld">Child</w>
         <pc xml:id="pmp18-0243320"
             n="a-1170"
             ecep:lem=","
             ecep:pos=","
             ecep:reg=","
             ecep:spe=",">,</pc>
         <c> </c>
         <w xml:id="pmp18-0243330"
            n="a-1180"
            ecep:lem="be"
            ecep:pos="vbz"
            ecep:reg="is"
            ecep:spe="is"
            ecep:syllab="1"
            ecep:pron="ɪz">is</w>
         <c> </c>
         <w xml:id="pmp18-0243340"
            n="a-1190"
            ecep:lem="equal"
            ecep:pos="j-jn"
            ecep:reg="equal"
            ecep:spe="equal"
            ecep:syllab="2"
            ecep:pron="ˈiːkwəl">equal</w>
         <c> </c>
         <w xml:id="pmp18-0243350"
            n="a-1200"
            ecep:lem="to"
            ecep:pos="p-acp"
            ecep:reg="to"
            ecep:spe="to"
            ecep:syllab="1"
            ecep:pron="tuː">to</w>
         <c> </c>
         <w xml:id="pmp18-0243360"
            n="a-1210"
            ecep:lem="thy"
            ecep:pos="po21"
            ecep:reg="thy"
            ecep:spe="thy"
            ecep:syllab="1"
            ecep:pron="ðaɪ">thy</w>
         <c> </c>
         <w xml:id="pmp18-0243370"
            n="a-1220"
            ecep:lem="pride"
            ecep:pos="n1"
            ecep:reg="Pride"
            ecep:spe="Pride"
            ecep:syllab="1"
            ecep:pron="praɪd">Pride</w>
         <pc xml:id="pmp18-0243380"
             n="a-1230"
             ecep:lem=":"
             ecep:pos=":"
             ecep:reg=":"
             ecep:spe=":">:</pc>
      </l>
      <l n="13" xml:id="pmp18-l10295">
         <c> </c>
         <w xml:id="pmp18-0243390"
            n="a-1240"
            ecep:lem="let"
            ecep:pos="vvb"
            ecep:reg="Let"
            ecep:spe="Let"
            ecep:syllab="1"
            ecep:pron="let">Let</w>
         <c> </c>
         <w xml:id="pmp18-0243400"
            n="a-1250"
            ecep:lem="a"
            ecep:pos="dt"
            ecep:reg="a"
            ecep:spe="a"
            ecep:syllab="1"
            ecep:pron="ə">a</w>
         <c> </c>
         <w xml:id="pmp18-0243410"
            n="a-1260"
            ecep:lem="brave"
            ecep:pos="j"
            ecep:reg="brave"
            ecep:spe="brave"
            ecep:syllab="1"
            ecep:pron="breɪv">brave</w>
         <c> </c>
         <w xml:id="pmp18-0243420"
            n="a-1270"
            ecep:lem="enemy"
            ecep:pos="n1"
            ecep:reg="Enemy"
            ecep:spe="Enemy"
            ecep:syllab="3"
            ecep:pron="ˈenəmi">Enemy</w>
         <c> </c>
         <w xml:id="pmp18-0243430"
            n="a-1280"
            ecep:lem="for"
            ecep:pos="p-acp"
            ecep:reg="for"
            ecep:spe="for"
            ecep:syllab="1"
            ecep:pron="fɔː">for</w>
         <c> </c>
         <w xml:id="pmp18-0243440"
            n="a-1290"
            ecep:lem="once"
            ecep:pos="a-acp"
            ecep:reg="once"
            ecep:spe="once"
            ecep:syllab="1"
            ecep:pron="wʌns">once</w>
         <c> </c>
         <w xml:id="pmp18-0243450"
            n="a-1300"
            ecep:lem="advise"
            ecep:pos="vvi"
            ecep:reg="advise"
            ecep:spe="advise"
            ecep:syllab="2"
            ecep:pron="ədˈvaɪz">advise</w>
         <pc xml:id="pmp18-0243460"
             n="a-1310"
             ecep:lem=","
             ecep:pos=","
             ecep:reg=","
             ecep:spe=",">,</pc>
      </l>
      <l n="14" xml:id="pmp18-l10300">
         <c> </c>
         <w xml:id="pmp18-0243470"
            n="a-1320"
            ecep:lem="and"
            ecep:pos="cc"
            ecep:reg="And"
            ecep:spe="And"
            ecep:syllab="1"
            ecep:pron="ænd">And</w>
         <c> </c>
         <hi rendition="#sc">
            <w xml:id="pmp18-0243480"
               n="a-1330"
               ecep:lem="Venus"
               ecep:pos="np1"
               ecep:reg="Venus"
               ecep:spe="Venus"
               ecep:syllab="2"
               ecep:pron="ˈviːnəs">Venus</w>
         </hi>
         <c> </c>
         <pc xml:id="pmp18-0243490"
             n="a-1340"
             ecep:lem="("
             ecep:pos="("
             ecep:reg="("
             ecep:spe="(">(</pc>
         <w xml:id="pmp18-0243500"
            n="a-1350"
            ecep:lem="if"
            ecep:pos="cs"
            ecep:reg="if"
            ecep:spe="if"
            ecep:syllab="1"
            ecep:pron="ɪf">if</w>
         <c> </c>
         <w xml:id="pmp18-0243510"
            n="a-1360"
            ecep:lem="it|be"
            ecep:pos="pn31|vbz"
            ecep:reg="it's"
            ecep:spe="'tis"
            ecep:syllab="1"
            ecep:pron="tɪz">'tis</w>
         <c> </c>
         <w xml:id="pmp18-0243520"
            n="a-1370"
            ecep:lem="possible"
            ecep:pos="j"
            ecep:reg="possible"
            ecep:spe="possible"
            ecep:syllab="3"
            ecep:pron="ˈpɒsəbl">possible</w>
         <pc xml:id="pmp18-0243530"
             n="a-1380"
             ecep:lem=")"
             ecep:pos=")"
             ecep:reg=")"
             ecep:spe=")">)</pc>
         <c> </c>
         <w xml:id="pmp18-0243540"
            n="a-1390"
            ecep:lem="be"
            ecep:pos="vbi"
            ecep:reg="be"
            ecep:spe="be"
            ecep:syllab="1"
            ecep:pron="biː">be</w>
         <c> </c>
         <w xml:id="pmp18-0243550"
            n="a-1400"
            ecep:lem="wise"
            ecep:pos="j"
            ecep:reg="Wise"
            ecep:spe="Wise"
            ecep:syllab="1"
            ecep:pron="waɪz">Wise</w>
         <pc xml:id="pmp18-0243560"
             n="a-1410"
             unit="sentence"
             ecep:lem="."
             ecep:pos="."
             ecep:reg="."
             ecep:spe=".">.</pc>
         <c> </c>
      </l>
      <l n="15" xml:id="pmp18-l10305">
         <w xml:id="pmp18-0243570"
            n="a-1420"
            ecep:lem="thou"
            ecep:pos="pns21"
            ecep:reg="Thou"
            ecep:spe="Thou"
            ecep:syllab="1"
            ecep:pron="θaʊ">Thou</w>
         <c> </c>
         <w xml:id="pmp18-0243580"
            n="a-1430"
            ecep:lem="to"
            ecep:pos="pc-acp"
            ecep:reg="to"
            ecep:spe="to"
            ecep:syllab="1"
            ecep:pron="tuː">to</w>
         <c> </c>
         <w xml:id="pmp18-0243590"
            n="a-1440"
            ecep:lem="be"
            ecep:pos="vbi"
            ecep:reg="be"
            ecep:spe="be"
            ecep:syllab="1"
            ecep:pron="biː">be</w>
         <c> </c>
         <w xml:id="pmp18-0243600"
            n="a-1450"
            ecep:lem="strong"
            ecep:pos="j"
            ecep:reg="strong"
            ecep:spe="strong"
            ecep:syllab="1"
            ecep:pron="strɒŋ">strong</w>
         <c> </c>
         <w xml:id="pmp18-0243610"
            n="a-1460"
            ecep:lem="must"
            ecep:pos="vmb"
            ecep:reg="must"
            ecep:spe="must"
            ecep:syllab="1"
            ecep:pron="mʌst">must</w>
         <c> </c>
         <w xml:id="pmp18-0243620"
            n="a-1470"
            ecep:lem="put"
            ecep:pos="vvi"
            ecep:reg="put"
            ecep:spe="put"
            ecep:syllab="1"
            ecep:pron="pʊt">put</w>
         <c> </c>
         <w xml:id="pmp18-0243630"
            n="a-1480"
            ecep:lem="off"
            ecep:pos="a-acp"
            ecep:reg="off"
            ecep:spe="off"
            ecep:syllab="1"
            ecep:pron="ɒf">off</w>
         <c> </c>
         <w xml:id="pmp18-0243640"
            n="a-1490"
            ecep:lem="every"
            ecep:pos="d"
            ecep:reg="every"
            ecep:spe="every"
            ecep:syllab="2"
            ecep:pron="ˈevri">every</w>
         <c> </c>
         <w xml:id="pmp18-0243650"
            n="a-1500"
            ecep:lem="dress"
            ecep:pos="n1"
            ecep:reg="Dress"
            ecep:spe="Dress"
            ecep:syllab="1"
            ecep:pron="dres">Dress</w>
         <pc xml:id="pmp18-0243660"
             n="a-1510"
             ecep:lem=":"
             ecep:pos=":"
             ecep:reg=":"
             ecep:spe=":">:</pc>
      </l>
      <l n="16" xml:id="pmp18-l10310">
         <c> </c>
         <w xml:id="pmp18-0243670"
            n="a-1520"
            ecep:lem="thy"
            ecep:pos="po21"
            ecep:reg="Thy"
            ecep:spe="Thy"
            ecep:syllab="1"
            ecep:pron="ðaɪ">Thy</w>
         <c> </c>
         <w xml:id="pmp18-0243680"
            n="a-1530"
            ecep:lem="only"
            ecep:pos="j"
            ecep:reg="only"
            ecep:spe="only"
            ecep:syllab="2"
            ecep:pron="ˈəʊnli">only</w>
         <c> </c>
         <w xml:id="pmp18-0243690"
            n="a-1540"
            ecep:lem="armour"
            ecep:pos="n1"
            ecep:reg="Armour"
            ecep:spe="Armour"
            ecep:syllab="2"
            ecep:pron="ˈɑːmə">Armour</w>
         <c> </c>
         <w xml:id="pmp18-0243700"
            n="a-1550"
            ecep:lem="be"
            ecep:pos="vbz"
            ecep:reg="is"
            ecep:spe="is"
            ecep:syllab="1"
            ecep:pron="ɪz">is</w>
         <c> </c>
         <w xml:id="pmp18-0243710"
            n="a-1560"
            ecep:lem="thy"
            ecep:pos="po21"
            ecep:reg="thy"
            ecep:spe="thy"
            ecep:syllab="1"
            ecep:pron="ðaɪ">thy</w>
         <c> </c>
         <w xml:id="pmp18-0243720"
            n="a-1570"
            ecep:lem="nakedness"
            ecep:pos="n1"
            ecep:reg="Nakedness"
            ecep:spe="Nakedness"
            ecep:syllab="3"
            ecep:pron="ˈneɪkɪdnəs">Nakedness</w>
         <pc xml:id="pmp18-0243730"
             n="a-1580"
             ecep:lem=":"
             ecep:pos=":"
             ecep:reg=":"
             ecep:spe=":">:</pc>
      </l>
      <l n="17" xml:id="pmp18-l10315">
         <c> </c>
         <w xml:id="pmp18-0243740"
            n="a-1590"
            ecep:lem="and"
            ecep:pos="cc"
            ecep:reg="And"
            ecep:spe="And"
            ecep:syllab="1"
            ecep:pron="ænd">And</w>
         <c> </c>
         <w xml:id="pmp18-0243750"
            n="a-1600"
            ecep:lem="more"
            ecep:pos="dc"
            ecep:reg="more"
            ecep:spe="more"
            ecep:syllab="1"
            ecep:pron="mɔː">more</w>
         <c> </c>
         <w xml:id="pmp18-0243760"
            n="a-1610"
            ecep:lem="than"
            ecep:pos="cs"
            ecep:reg="than"
            ecep:spe="than"
            ecep:syllab="1"
            ecep:pron="ðæn">than</w>
         <c> </c>
         <w xml:id="pmp18-0243770"
            n="a-1620"
            ecep:lem="once"
            ecep:pos="a-acp"
            ecep:reg="once"
            ecep:spe="once"
            ecep:syllab="1"
            ecep:pron="wʌns">once</w>
         <pc xml:id="pmp18-0243780"
             n="a-1630"
             ecep:lem=","
             ecep:pos=","
             ecep:reg=","
             ecep:spe=",">,</pc>
         <c> </c>
         <pc xml:id="pmp18-0243790"
             n="a-1640"
             ecep:lem="("
             ecep:pos="("
             ecep:reg="("
             ecep:spe="(">(</pc>
         <w xml:id="pmp18-0243800"
            n="a-1650"
            ecep:lem="or"
            ecep:pos="cc"
            ecep:reg="or"
            ecep:spe="or"
            ecep:syllab="1"
            ecep:pron="ɔː">or</w>
         <c> </c>
         <w xml:id="pmp18-0243810"
            n="a-1660"
            ecep:lem="thou"
            ecep:pos="pns21"
            ecep:reg="Thou"
            ecep:spe="Thou"
            ecep:syllab="1"
            ecep:pron="θaʊ">Thou</w>
         <c> </c>
         <w xml:id="pmp18-0243820"
            n="a-1670"
            ecep:lem="be"
            ecep:pos="vb2r"
            ecep:reg="art"
            ecep:spe="art"
            ecep:syllab="1"
            ecep:pron="ɑːt">art</w>
         <c> </c>
         <w xml:id="pmp18-0243830"
            n="a-1680"
            ecep:lem="much"
            ecep:pos="d"
            ecep:reg="much"
            ecep:spe="much"
            ecep:syllab="1"
            ecep:pron="mʌtʃ">much</w>
         <c> </c>
         <w xml:id="pmp18-0243840"
            n="a-1690"
            ecep:lem="belie"
            ecep:pos="vvn"
            ecep:reg="belied"
            ecep:spe="bely'd"
            ecep:syllab="2"
            ecep:pron="bɪˈlaɪd">bely'd</w>
         <pc xml:id="pmp18-0243850"
             n="a-1700"
             ecep:lem=")"
             ecep:pos=")"
             ecep:reg=")"
             ecep:spe=")">)</pc>
      </l>
      <l n="18" xml:id="pmp18-l10320">
         <c> </c>
         <w xml:id="pmp18-0243860"
            n="a-1710"
            ecep:lem="by"
            ecep:pos="p-acp"
            ecep:reg="By"
            ecep:spe="By"
            ecep:syllab="1"
            ecep:pron="baɪ">By</w>
         <c> </c>
         <hi rendition="#sc">
            <w xml:id="pmp18-0243870"
               n="a-1720"
               ecep:lem="Mars"
               ecep:pos="np1"
               ecep:reg="Mars"
               ecep:spe="Mars"
               ecep:syllab="1"
               ecep:pron="mɑːz">Mars</w>
         </hi>
         <c> </c>
         <w xml:id="pmp18-0243880"
            n="a-1730"
            ecep:lem="himself"
            ecep:pos="px31"
            ecep:reg="himself"
            ecep:spe="himself"
            ecep:syllab="2"
            ecep:pron="hɪmˈself">himself</w>
         <c> </c>
         <w xml:id="pmp18-0243890"
            n="a-1740"
            ecep:lem="that"
            ecep:pos="cst"
            ecep:reg="That"
            ecep:spe="That"
            ecep:syllab="1"
            ecep:pron="ðæt">That</w>
         <c> </c>
         <w xml:id="pmp18-0243900"
            n="a-1750"
            ecep:lem="armour"
            ecep:pos="n1"
            ecep:reg="Armour"
            ecep:spe="Armour"
            ecep:syllab="2"
            ecep:pron="ˈɑːmə">Armour</w>
         <c> </c>
         <w xml:id="pmp18-0243910"
            n="a-1760"
            ecep:lem="have"
            ecep:pos="vhz"
            ecep:reg="has"
            ecep:spe="has"
            ecep:syllab="1"
            ecep:pron="hæz">has</w>
         <c> </c>
         <w xml:id="pmp18-0243920"
            n="a-1770"
            ecep:lem="be"
            ecep:pos="vbn"
            ecep:reg="been"
            ecep:spe="been"
            ecep:syllab="1"
            ecep:pron="biːn">been</w>
         <c> </c>
         <w xml:id="pmp18-0243930"
            n="a-1780"
            ecep:lem="try"
            ecep:pos="vvn"
            ecep:reg="tried"
            ecep:spe="try'd"
            ecep:syllab="1"
            ecep:pron="traɪd">try'd</w>
         <pc xml:id="pmp18-0243940"
             n="a-1790"
             unit="sentence"
             ecep:lem="."
             ecep:pos="."
             ecep:reg="."
             ecep:spe=".">.</pc>
         <c> </c>
      </l>
   </lg>
</div>
