<?xml version="1.0" encoding="UTF-8"?>
<div xmlns:ecep="http://www.eighteenthcenturypoetry.org/ns"
     xmlns="http://www.tei-c.org/ns/1.0"
     xmlns:tei="http://www.tei-c.org/ns/1.0"
     ana="#iamb #tetrameter #quatrain #cross #hymn"
     corresp="#txt_WeslCh1707_w0010"
     decls="#semi-normalized"
     ecep:syllab="8.8.8.8"
     met="-+|-+|-+|-+/ -+|-+|-+|-+/ -+|-+|-+|-+/ -+|-+|-+|-+/"
     rendition="#lgvspace"
     rhyme="abab"
     subtype="eceptext"
     type="poem"
     xml:id="o3900-w0550">
   <link target="authors.xml#aut_WeslCh1707" type="author"/>
   <head type="main">
      <w xml:id="o3900-202140"
         n="99-a-0880"
         ecep:lem="write"
         ecep:pos="vvn"
         ecep:reg="Written"
         ecep:spe="Written"
         ecep:syllab="2"
         ecep:pron="ˈrɪtn">Written</w>
      <c> </c>
      <w xml:id="o3900-202150"
         n="99-a-0890"
         ecep:lem="in"
         ecep:pos="p-acp"
         ecep:reg="in"
         ecep:spe="in"
         ecep:syllab="1"
         ecep:pron="ɪn">in</w>
      <c> </c>
      <w xml:id="o3900-202160"
         n="99-a-0900"
         ecep:lem="the"
         ecep:pos="dt"
         ecep:reg="the"
         ecep:spe="the"
         ecep:syllab="1"
         ecep:pron="ðiː">the</w>
      <c> </c>
      <w xml:id="o3900-202170"
         n="99-a-0910"
         ecep:lem="begin"
         ecep:pos="vvg"
         ecep:reg="Beginning"
         ecep:spe="Beginning"
         ecep:syllab="3"
         ecep:pron="bɪˈgɪnɪŋ">Beginning</w>
      <c> </c>
      <w xml:id="o3900-202180"
         n="99-a-0920"
         ecep:lem="of"
         ecep:pos="pp-f"
         ecep:reg="of"
         ecep:spe="of"
         ecep:syllab="1"
         ecep:pron="ɒv">of</w>
      <c> </c>
      <w xml:id="o3900-202190"
         n="99-a-0930"
         ecep:lem="a"
         ecep:pos="dt"
         ecep:reg="a"
         ecep:spe="a"
         ecep:syllab="1"
         ecep:pron="ə">a</w>
      <c> </c>
      <w xml:id="o3900-202200"
         n="99-a-0940"
         ecep:lem="recovery"
         ecep:pos="n1"
         ecep:reg="Recovery"
         ecep:spe="Recovery"
         ecep:syllab="4"
         ecep:pron="rɪˈkʌvri">Recovery</w>
      <c> </c>
      <w xml:id="o3900-202210"
         n="99-a-0950"
         ecep:lem="from"
         ecep:pos="p-acp"
         ecep:reg="from"
         ecep:spe="from"
         ecep:syllab="1"
         ecep:pron="frɒm">from</w>
      <c> </c>
      <w xml:id="o3900-202220"
         n="99-a-0960"
         ecep:lem="sickness"
         ecep:pos="n1"
         ecep:reg="Sickness"
         ecep:spe="Sickness"
         ecep:syllab="2"
         ecep:pron="ˈsɪknəs">Sickness</w>
      <pc xml:id="o3900-202230"
          n="99-a-0970"
          unit="sentence"
          ecep:lem="."
          ecep:pos="."
          ecep:reg="."
          ecep:spe=".">.</pc>
   </head>
   <lg n="1" xml:id="o3900-s01790">
      <head>
         <w xml:id="o3900-202270"
            n="99-a-0980"
            ecep:lem="i"
            ecep:pos="pns11"
            ecep:reg="I"
            ecep:spe="I."
            ecep:syllab="1"
            ecep:pron="ˈaɪ">I.</w>
         <pc unit="sentence" xml:id="o3900-202270-eos" n="99-a-0990"/>
      </head>
      <l xml:id="o3900-l09505">
         <w xml:id="o3900-202290"
            n="99-a-1000"
            ecep:lem="peace"
            ecep:pos="n1"
            ecep:reg="PEACE"
            ecep:spe="PEACE"
            ecep:syllab="1"
            ecep:pron="piːs">PEACE</w>
         <pc xml:id="o3900-202300"
             n="99-a-1010"
             ecep:lem=","
             ecep:pos=","
             ecep:reg=","
             ecep:spe=",">,</pc>
         <c> </c>
         <w xml:id="o3900-202310"
            n="99-a-1020"
            ecep:lem="flutter"
            ecep:pos="vvg"
            ecep:reg="fluttering"
            ecep:spe="flutt'ring"
            ecep:syllab="2"
            ecep:pron="ˈflʌtrɪŋ">flutt'ring</w>
         <c> </c>
         <w xml:id="o3900-202320"
            n="99-a-1030"
            ecep:lem="soul"
            ecep:pos="n1"
            ecep:reg="Soul"
            ecep:spe="Soul"
            ecep:syllab="1"
            ecep:pron="səʊl">Soul</w>
         <pc xml:id="o3900-202330"
             n="99-a-1040"
             ecep:lem="!"
             ecep:pos="!"
             ecep:reg="!"
             ecep:spe="!">!</pc>
         <c> </c>
         <w xml:id="o3900-202340"
            n="99-a-1050"
            ecep:lem="the"
            ecep:pos="dt"
            ecep:reg="the"
            ecep:spe="the"
            ecep:syllab="1"
            ecep:pron="ðiː">the</w>
         <c> </c>
         <w xml:id="o3900-202350"
            n="99-a-1060"
            ecep:lem="storm"
            ecep:pos="n1"
            ecep:reg="Storm"
            ecep:spe="Storm"
            ecep:syllab="1"
            ecep:pron="stɔːm">Storm</w>
         <c> </c>
         <w xml:id="o3900-202360"
            n="99-a-1070"
            ecep:lem="be"
            ecep:pos="vbz"
            ecep:reg="is"
            ecep:spe="is"
            ecep:syllab="1"
            ecep:pron="ɪz">is</w>
         <c> </c>
         <w xml:id="o3900-202370"
            n="99-a-1080"
            ecep:lem="over"
            ecep:pos="a-acp"
            ecep:reg="over"
            ecep:spe="o'er"
            ecep:syllab="1"
            ecep:pron="ˈɔːə">o'er</w>
         <pc xml:id="o3900-202380"
             n="99-a-1090"
             ecep:lem=","
             ecep:pos=","
             ecep:reg=","
             ecep:spe=",">,</pc>
      </l>
      <l xml:id="o3900-l09510">
         <c> </c>
         <w xml:id="o3900-202390"
            n="99-a-1100"
            ecep:lem="end"
            ecep:pos="vvn"
            ecep:reg="Ended"
            ecep:spe="Ended"
            ecep:syllab="2"
            ecep:pron="endɪd">Ended</w>
         <c> </c>
         <w xml:id="o3900-202400"
            n="99-a-1110"
            ecep:lem="at"
            ecep:pos="p-acp"
            ecep:reg="at"
            ecep:spe="at"
            ecep:syllab="1"
            ecep:pron="æt">at</w>
         <c> </c>
         <w xml:id="o3900-202410"
            n="99-a-1120"
            ecep:lem="last"
            ecep:pos="ord"
            ecep:reg="last"
            ecep:spe="last"
            ecep:syllab="1"
            ecep:pron="lɑːst">last</w>
         <c> </c>
         <w xml:id="o3900-202420"
            n="99-a-1130"
            ecep:lem="the"
            ecep:pos="dt"
            ecep:reg="the"
            ecep:spe="the"
            ecep:syllab="1"
            ecep:pron="ðiː">the</w>
         <c> </c>
         <w xml:id="o3900-202430"
            n="99-a-1140"
            ecep:lem="doubtless"
            ecep:pos="j"
            ecep:reg="doubtless"
            ecep:spe="doubtless"
            ecep:syllab="2"
            ecep:pron="ˈdaʊtləs">doubtless</w>
         <c> </c>
         <w xml:id="o3900-202440"
            n="99-a-1150"
            ecep:lem="strife"
            ecep:pos="n1"
            ecep:reg="Strife"
            ecep:spe="Strife"
            ecep:syllab="1"
            ecep:pron="straɪf">Strife</w>
         <pc xml:id="o3900-202450"
             n="99-a-1160"
             ecep:lem=":"
             ecep:pos=":"
             ecep:reg=":"
             ecep:spe=":">:</pc>
      </l>
      <l xml:id="o3900-l09515">
         <c> </c>
         <w xml:id="o3900-202460"
            n="99-a-1170"
            ecep:lem="respire"
            ecep:pos="vvg"
            ecep:reg="Respiring"
            ecep:spe="Respiring"
            ecep:syllab="3"
            ecep:pron="rɪˈspæəɪŋ">Respiring</w>
         <c> </c>
         <w xml:id="o3900-202470"
            n="99-a-1180"
            ecep:lem="now"
            ecep:pos="av"
            ecep:reg="now"
            ecep:spe="now"
            ecep:syllab="1"
            ecep:pron="naʊ">now</w>
         <pc xml:id="o3900-202480"
             n="99-a-1190"
             ecep:lem=","
             ecep:pos=","
             ecep:reg=","
             ecep:spe=",">,</pc>
         <c> </c>
         <w xml:id="o3900-202490"
            n="99-a-1200"
            ecep:lem="the"
            ecep:pos="dt"
            ecep:reg="the"
            ecep:spe="the"
            ecep:syllab="1"
            ecep:pron="ðiː">the</w>
         <c> </c>
         <w xml:id="o3900-202500"
            n="99-a-1210"
            ecep:lem="cause"
            ecep:pos="n1"
            ecep:reg="Cause"
            ecep:spe="Cause"
            ecep:syllab="1"
            ecep:pron="kɔːz">Cause</w>
         <c> </c>
         <w xml:id="o3900-202510"
            n="99-a-1220"
            ecep:lem="explore"
            ecep:pos="vvi"
            ecep:reg="explore"
            ecep:spe="explore"
            ecep:syllab="2"
            ecep:pron="ɪkˈsplɔː">explore</w>
      </l>
      <l xml:id="o3900-l09520">
         <c> </c>
         <w xml:id="o3900-202520"
            n="99-a-1230"
            ecep:lem="that"
            ecep:pos="d"
            ecep:reg="That"
            ecep:spe="That"
            ecep:syllab="1"
            ecep:pron="ðæt">That</w>
         <c> </c>
         <w xml:id="o3900-202530"
            n="99-a-1240"
            ecep:lem="bind"
            ecep:pos="vvn"
            ecep:reg="bound"
            ecep:spe="bound"
            ecep:syllab="1"
            ecep:pron="baʊnd">bound</w>
         <c> </c>
         <w xml:id="o3900-202540"
            n="99-a-1250"
            ecep:lem="thou"
            ecep:pos="pno21"
            ecep:reg="thee"
            ecep:spe="thee"
            ecep:syllab="1"
            ecep:pron="ðiː">thee</w>
         <c> </c>
         <w xml:id="o3900-202550"
            n="99-a-1260"
            ecep:lem="to"
            ecep:pos="p-acp"
            ecep:reg="to"
            ecep:spe="to"
            ecep:syllab="1"
            ecep:pron="tuː">to</w>
         <c> </c>
         <w xml:id="o3900-202560"
            n="99-a-1270"
            ecep:lem="a"
            ecep:pos="dt"
            ecep:reg="a"
            ecep:spe="a"
            ecep:syllab="1"
            ecep:pron="ə">a</w>
         <c> </c>
         <w xml:id="o3900-202570"
            n="99-a-1280"
            ecep:lem="wretched"
            ecep:pos="j"
            ecep:reg="wretched"
            ecep:spe="wretched"
            ecep:syllab="2"
            ecep:pron="ˈretʃɪd">wretched</w>
         <c> </c>
         <w xml:id="o3900-202580"
            n="99-a-1290"
            ecep:lem="life"
            ecep:pos="n1"
            ecep:reg="Life"
            ecep:spe="Life"
            ecep:syllab="1"
            ecep:pron="laɪf">Life</w>
         <pc xml:id="o3900-202590"
             n="99-a-1300"
             unit="sentence"
             ecep:lem="."
             ecep:pos="."
             ecep:reg="."
             ecep:spe=".">.</pc>
         <c> </c>
      </l>
   </lg>
   <lg n="2" xml:id="o3900-s01795">
      <head>
         <w xml:id="o3900-202630"
            n="99-a-1310"
            ecep:lem="ii"
            ecep:pos="crd"
            ecep:reg="II"
            ecep:spe="II"
            ecep:syllab="1"
            ecep:pron="rˌəʊməntˈuː">II</w>
         <pc xml:id="o3900-202640"
             n="99-a-1320"
             unit="sentence"
             ecep:lem="."
             ecep:pos="."
             ecep:reg="."
             ecep:spe=".">.</pc>
      </head>
      <l xml:id="o3900-l09525">
         <w xml:id="o3900-202660"
            n="99-a-1330"
            ecep:lem="when"
            ecep:pos="c-crq"
            ecep:reg="When"
            ecep:spe="When"
            ecep:syllab="1"
            ecep:pron="wen">When</w>
         <c> </c>
         <w xml:id="o3900-202670"
            n="99-a-1340"
            ecep:lem="on"
            ecep:pos="p-acp"
            ecep:reg="on"
            ecep:spe="on"
            ecep:syllab="1"
            ecep:pron="ɒn">on</w>
         <c> </c>
         <w xml:id="o3900-202680"
            n="99-a-1350"
            ecep:lem="the"
            ecep:pos="dt"
            ecep:reg="the"
            ecep:spe="the"
            ecep:syllab="1"
            ecep:pron="ðiː">the</w>
         <c> </c>
         <w xml:id="o3900-202690"
            n="99-a-1360"
            ecep:lem="margin"
            ecep:pos="n1"
            ecep:reg="Margin"
            ecep:spe="Margin"
            ecep:syllab="2"
            ecep:pron="ˈmɑːdʒɪn">Margin</w>
         <c> </c>
         <w xml:id="o3900-202700"
            n="99-a-1370"
            ecep:lem="of"
            ecep:pos="pp-f"
            ecep:reg="of"
            ecep:spe="of"
            ecep:syllab="1"
            ecep:pron="ɒv">of</w>
         <c> </c>
         <w xml:id="o3900-202710"
            n="99-a-1380"
            ecep:lem="the"
            ecep:pos="dt"
            ecep:reg="the"
            ecep:spe="the"
            ecep:syllab="1"
            ecep:pron="ðiː">the</w>
         <c> </c>
         <w xml:id="o3900-202720"
            n="99-a-1390"
            ecep:lem="grave"
            ecep:pos="n1"
            ecep:reg="Grave"
            ecep:spe="Grave"
            ecep:syllab="1"
            ecep:pron="grɑːv">Grave</w>
         <pc xml:id="o3900-202730"
             n="99-a-1400"
             ecep:lem=","
             ecep:pos=","
             ecep:reg=","
             ecep:spe=",">,</pc>
      </l>
      <l xml:id="o3900-l09530">
         <c> </c>
         <w xml:id="o3900-202740"
            n="99-a-1410"
            ecep:lem="why"
            ecep:pos="q-crq"
            ecep:reg="Why"
            ecep:spe="Why"
            ecep:syllab="1"
            ecep:pron="waɪ">Why</w>
         <c> </c>
         <w xml:id="o3900-202750"
            n="99-a-1420"
            ecep:lem="do"
            ecep:pos="vdd"
            ecep:reg="did"
            ecep:spe="did"
            ecep:syllab="1"
            ecep:pron="dɪd">did</w>
         <c> </c>
         <w xml:id="o3900-202760"
            n="99-a-1430"
            ecep:lem="i"
            ecep:pos="pns11"
            ecep:reg="I"
            ecep:spe="I"
            ecep:syllab="1"
            ecep:pron="aɪ">I</w>
         <c> </c>
         <w xml:id="o3900-202770"
            n="99-a-1440"
            ecep:lem="doubt"
            ecep:pos="vvi"
            ecep:reg="doubt"
            ecep:spe="doubt"
            ecep:syllab="1"
            ecep:pron="daʊt">doubt</w>
         <c> </c>
         <w xml:id="o3900-202780"
            n="99-a-1450"
            ecep:lem="my"
            ecep:pos="po11"
            ecep:reg="my"
            ecep:spe="my"
            ecep:syllab="1"
            ecep:pron="maɪ">my</w>
         <c> </c>
         <w xml:id="o3900-202790"
            n="99-a-1460"
            ecep:lem="saviour"
            ecep:pos="ng1"
            ecep:reg="Saviour's"
            ecep:spe="Saviour's"
            ecep:syllab="3"
            ecep:pron="ˈseɪvjəz">Saviour's</w>
         <c> </c>
         <w xml:id="o3900-202800"
            n="99-a-1470"
            ecep:lem="art"
            ecep:pos="n1"
            ecep:reg="Art"
            ecep:spe="Art"
            ecep:syllab="1"
            ecep:pron="ɑːt">Art</w>
         <pc xml:id="o3900-202810"
             n="99-a-1480"
             unit="sentence"
             ecep:lem="?"
             ecep:pos="?"
             ecep:reg="?"
             ecep:spe="?">?</pc>
         <c> </c>
      </l>
      <l xml:id="o3900-l09535">
         <w xml:id="o3900-202820"
            n="99-a-1490"
            ecep:lem="ah"
            ecep:pos="uh"
            ecep:reg="Ah"
            ecep:spe="Ah"
            ecep:syllab="1"
            ecep:pron="ɑː">Ah</w>
         <pc xml:id="o3900-202825"
             n="99-a-1490"
             ecep:lem="!"
             ecep:pos="!"
             ecep:reg="!"
             ecep:spe="!">!</pc>
         <c> </c>
         <w xml:id="o3900-202830"
            n="99-a-1500"
            ecep:lem="why"
            ecep:pos="q-crq"
            ecep:reg="why"
            ecep:spe="why"
            ecep:syllab="1"
            ecep:pron="waɪ">why</w>
         <c> </c>
         <w xml:id="o3900-202840"
            n="99-a-1510"
            ecep:lem="mistrust"
            ecep:pos="vvb"
            ecep:reg="mistrust"
            ecep:spe="mistrust"
            ecep:syllab="2"
            ecep:pron="mɪˈstrʌst">mistrust</w>
         <c> </c>
         <w xml:id="o3900-202850"
            n="99-a-1520"
            ecep:lem="his"
            ecep:pos="po31"
            ecep:reg="his"
            ecep:spe="his"
            ecep:syllab="1"
            ecep:pron="hɪz">his</w>
         <c> </c>
         <w xml:id="o3900-202860"
            n="99-a-1530"
            ecep:lem="will"
            ecep:pos="n1"
            ecep:reg="Will"
            ecep:spe="Will"
            ecep:syllab="1"
            ecep:pron="wɪl">Will</w>
         <c> </c>
         <w xml:id="o3900-202870"
            n="99-a-1540"
            ecep:lem="to"
            ecep:pos="pc-acp"
            ecep:reg="to"
            ecep:spe="to"
            ecep:syllab="1"
            ecep:pron="tuː">to</w>
         <c> </c>
         <w xml:id="o3900-202880"
            n="99-a-1550"
            ecep:lem="save"
            ecep:pos="vvi"
            ecep:reg="save"
            ecep:spe="save"
            ecep:syllab="1"
            ecep:pron="seɪv">save</w>
         <pc xml:id="o3900-202890"
             n="99-a-1560"
             unit="sentence"
             ecep:lem="?"
             ecep:pos="?"
             ecep:reg="?"
             ecep:spe="?">?</pc>
         <c> </c>
      </l>
      <l xml:id="o3900-l09540">
         <w xml:id="o3900-202900"
            n="99-a-1570"
            ecep:lem="what"
            ecep:pos="q-crq"
            ecep:reg="What"
            ecep:spe="What"
            ecep:syllab="1"
            ecep:pron="wɒt">What</w>
         <c> </c>
         <w xml:id="o3900-202910"
            n="99-a-1580"
            ecep:lem="mean"
            ecep:pos="vvd"
            ecep:reg="meant"
            ecep:spe="meant"
            ecep:syllab="1"
            ecep:pron="ment">meant</w>
         <c> </c>
         <w xml:id="o3900-202920"
            n="99-a-1590"
            ecep:lem="that"
            ecep:pos="cst"
            ecep:reg="that"
            ecep:spe="that"
            ecep:syllab="1"
            ecep:pron="ðæt">that</w>
         <c> </c>
         <w xml:id="o3900-202930"
            n="99-a-1600"
            ecep:lem="falter"
            ecep:pos="j-vvg"
            ecep:reg="Faltering"
            ecep:spe="Fault'ring"
            ecep:syllab="2"
            ecep:pron="fˈɒltrɪŋ">Fault'ring</w>
         <c> </c>
         <w xml:id="o3900-202940"
            n="99-a-1610"
            ecep:lem="of"
            ecep:pos="pp-f"
            ecep:reg="of"
            ecep:spe="of"
            ecep:syllab="1"
            ecep:pron="ɒv">of</w>
         <c> </c>
         <w xml:id="o3900-202950"
            n="99-a-1620"
            ecep:lem="my"
            ecep:pos="po11"
            ecep:reg="my"
            ecep:spe="my"
            ecep:syllab="1"
            ecep:pron="maɪ">my</w>
         <c> </c>
         <w xml:id="o3900-202960"
            n="99-a-1630"
            ecep:lem="heart"
            ecep:pos="n1"
            ecep:reg="Heart"
            ecep:spe="Heart"
            ecep:syllab="1"
            ecep:pron="hɑːt">Heart</w>
         <pc xml:id="o3900-202970"
             n="99-a-1640"
             unit="sentence"
             ecep:lem="?"
             ecep:pos="?"
             ecep:reg="?"
             ecep:spe="?">?</pc>
         <c> </c>
      </l>
   </lg>
   <lg n="3" xml:id="o3900-s01800">
      <head>
         <w xml:id="o3900-203010"
            n="99-a-1650"
            ecep:lem="iii"
            ecep:pos="crd"
            ecep:reg="III"
            ecep:spe="III"
            ecep:syllab="1"
            ecep:pron="rˌəʊmənθrˈiː">III</w>
         <pc xml:id="o3900-203020"
             n="99-a-1660"
             unit="sentence"
             ecep:lem="."
             ecep:pos="."
             ecep:reg="."
             ecep:spe=".">.</pc>
      </head>
      <l xml:id="o3900-l09545">
         <w xml:id="o3900-203040"
            n="99-a-1670"
            ecep:lem="it"
            ecep:pos="pn31"
            ecep:reg="IT"
            ecep:spe="'T"
            ecep:syllab="0"
            ecep:pron="tˈiː">'T</w>
         <c> </c>
         <w xml:id="o3900-203050"
            n="99-a-1680"
            ecep:lem="be"
            ecep:pos="vbds"
            ecep:reg="was"
            ecep:spe="was"
            ecep:syllab="1"
            ecep:pron="wɒz">was</w>
         <c> </c>
         <w xml:id="o3900-203060"
            n="99-a-1690"
            ecep:lem="not"
            ecep:pos="xx"
            ecep:reg="not"
            ecep:spe="not"
            ecep:syllab="1"
            ecep:pron="nɒt">not</w>
         <c> </c>
         <w xml:id="o3900-203070"
            n="99-a-1700"
            ecep:lem="the"
            ecep:pos="dt"
            ecep:reg="the"
            ecep:spe="the"
            ecep:syllab="1"
            ecep:pron="ðiː">the</w>
         <c> </c>
         <w xml:id="o3900-203080"
            n="99-a-1710"
            ecep:lem="search"
            ecep:pos="j-vvg"
            ecep:reg="searching"
            ecep:spe="searching"
            ecep:syllab="2"
            ecep:pron="sɜːtʃɪŋ">searching</w>
         <c> </c>
         <w xml:id="o3900-203090"
            n="99-a-1720"
            ecep:lem="pain"
            ecep:pos="n1"
            ecep:reg="Pain"
            ecep:spe="Pain"
            ecep:syllab="1"
            ecep:pron="peɪn">Pain</w>
         <c> </c>
         <w xml:id="o3900-203100"
            n="99-a-1730"
            ecep:lem="within"
            ecep:pos="p-acp"
            ecep:reg="within"
            ecep:spe="within"
            ecep:syllab="2"
            ecep:pron="wɪˈðɪn">within</w>
      </l>
      <l xml:id="o3900-l09550">
         <c> </c>
         <w xml:id="o3900-203110"
            n="99-a-1740"
            ecep:lem="that"
            ecep:pos="d"
            ecep:reg="That"
            ecep:spe="That"
            ecep:syllab="1"
            ecep:pron="ðæt">That</w>
         <c> </c>
         <w xml:id="o3900-203120"
            n="99-a-1750"
            ecep:lem="fill"
            ecep:pos="vvd"
            ecep:reg="filled"
            ecep:spe="fill'd"
            ecep:syllab="1"
            ecep:pron="fɪld">fill'd</w>
         <c> </c>
         <w xml:id="o3900-203130"
            n="99-a-1760"
            ecep:lem="my"
            ecep:pos="po11"
            ecep:reg="my"
            ecep:spe="my"
            ecep:syllab="1"
            ecep:pron="maɪ">my</w>
         <c> </c>
         <w xml:id="o3900-203140"
            n="99-a-1770"
            ecep:lem="coward"
            ecep:pos="n1"
            ecep:reg="coward"
            ecep:spe="coward"
            ecep:syllab="2"
            ecep:pron="ˈkaʊəd">coward</w>
         <c> </c>
         <w xml:id="o3900-203150"
            n="99-a-1780"
            ecep:lem="flesh"
            ecep:pos="n1"
            ecep:reg="Flesh"
            ecep:spe="Flesh"
            ecep:syllab="1"
            ecep:pron="fleʃ">Flesh</w>
         <c> </c>
         <w xml:id="o3900-203160"
            n="99-a-1790"
            ecep:lem="with"
            ecep:pos="p-acp"
            ecep:reg="with"
            ecep:spe="with"
            ecep:syllab="1"
            ecep:pron="wɪð">with</w>
         <c> </c>
         <w xml:id="o3900-203170"
            n="99-a-1800"
            ecep:lem="fear"
            ecep:pos="n1"
            ecep:reg="Fear"
            ecep:spe="Fear"
            ecep:syllab="1"
            ecep:pron="fɪə">Fear</w>
         <pc xml:id="o3900-203180"
             n="99-a-1810"
             ecep:lem=";"
             ecep:pos=";"
             ecep:reg=";"
             ecep:spe=";">;</pc>
      </l>
      <l xml:id="o3900-l09555">
         <c> </c>
         <w xml:id="o3900-203190"
            n="99-a-1820"
            ecep:lem="nor"
            ecep:pos="ccx"
            ecep:reg="Nor"
            ecep:spe="Nor"
            ecep:syllab="1"
            ecep:pron="nɔː">Nor</w>
         <c> </c>
         <w xml:id="o3900-203200"
            n="99-a-1830"
            ecep:lem="conscience"
            ecep:pos="n1"
            ecep:reg="Conscience"
            ecep:spe="Conscience"
            ecep:syllab="2"
            ecep:pron="ˈkɒnʃns">Conscience</w>
         <c> </c>
         <w xml:id="o3900-203210"
            n="99-a-1840"
            ecep:lem="of"
            ecep:pos="pp-f"
            ecep:reg="of"
            ecep:spe="of"
            ecep:syllab="1"
            ecep:pron="ɒv">of</w>
         <c> </c>
         <w xml:id="o3900-203220"
            n="99-a-1850"
            ecep:lem="uncancel"
            ecep:pos="vvn"
            ecep:reg="uncancelled"
            ecep:spe="uncancel'd"
            ecep:syllab="3"
            ecep:pron="ʌnkˈænsəld">uncancel'd</w>
         <c> </c>
         <w xml:id="o3900-203230"
            n="99-a-1860"
            ecep:lem="sin"
            ecep:pos="n1"
            ecep:reg="Sin"
            ecep:spe="Sin"
            ecep:syllab="1"
            ecep:pron="sɪn">Sin</w>
         <pc xml:id="o3900-203240"
             n="99-a-1870"
             ecep:lem=";"
             ecep:pos=";"
             ecep:reg=";"
             ecep:spe=";">;</pc>
      </l>
      <l xml:id="o3900-l09560">
         <c> </c>
         <w xml:id="o3900-203250"
            n="99-a-1880"
            ecep:lem="nor"
            ecep:pos="ccx"
            ecep:reg="Nor"
            ecep:spe="Nor"
            ecep:syllab="1"
            ecep:pron="nɔː">Nor</w>
         <c> </c>
         <w xml:id="o3900-203260"
            n="99-a-1890"
            ecep:lem="sense"
            ecep:pos="n1"
            ecep:reg="Sense"
            ecep:spe="Sense"
            ecep:syllab="1"
            ecep:pron="sens">Sense</w>
         <c> </c>
         <w xml:id="o3900-203270"
            n="99-a-1900"
            ecep:lem="of"
            ecep:pos="pp-f"
            ecep:reg="of"
            ecep:spe="of"
            ecep:syllab="1"
            ecep:pron="ɒv">of</w>
         <c> </c>
         <w xml:id="o3900-203280"
            n="99-a-1910"
            ecep:lem="dissolution"
            ecep:pos="n1"
            ecep:reg="Dissolution"
            ecep:spe="Dissolution"
            ecep:syllab="4"
            ecep:pron="ˌdɪsəˈluːʃn">Dissolution</w>
         <c> </c>
         <w xml:id="o3900-203290"
            n="99-a-1920"
            ecep:lem="near"
            ecep:pos="av-j"
            ecep:reg="near"
            ecep:spe="near"
            ecep:syllab="1"
            ecep:pron="nɪə">near</w>
         <pc xml:id="o3900-203300"
             n="99-a-1930"
             unit="sentence"
             ecep:lem="."
             ecep:pos="."
             ecep:reg="."
             ecep:spe=".">.</pc>
         <c> </c>
      </l>
   </lg>
   <pb facs="o3900/0107" n="81" rend="none"/>
   <lg n="4" xml:id="o3900-s01805">
      <head>
         <w xml:id="o3900-203340"
            n="100-a-0010"
            ecep:lem="iv"
            ecep:pos="crd"
            ecep:reg="IV"
            ecep:spe="IV"
            ecep:syllab="1"
            ecep:pron="rˌəʊmənfˈɔː">IV</w>
         <pc xml:id="o3900-203350"
             n="100-a-0020"
             unit="sentence"
             ecep:lem="."
             ecep:pos="."
             ecep:reg="."
             ecep:spe=".">.</pc>
      </head>
      <l xml:id="o3900-l09565">
         <w xml:id="o3900-203370"
            n="100-a-0030"
            ecep:lem="of"
            ecep:pos="pns11"
            ecep:reg="Of"
            ecep:spe="Of"
            ecep:syllab="1"
            ecep:pron="ɒv">Of</w>
         <c> </c>
         <w xml:id="o3900-203380"
            n="100-a-0040"
            ecep:lem="hope"
            ecep:pos="n1"
            ecep:reg="Hope"
            ecep:spe="Hope"
            ecep:syllab="1"
            ecep:pron="həʊp">Hope</w>
         <c> </c>
         <w xml:id="o3900-203390"
            n="100-a-0050"
            ecep:lem="i"
            ecep:pos="pns11"
            ecep:reg="I"
            ecep:spe="I"
            ecep:syllab="1"
            ecep:pron="aɪ">I</w>
         <c> </c>
         <w xml:id="o3900-203400"
            n="100-a-0060"
            ecep:lem="feel"
            ecep:pos="vvd"
            ecep:reg="felt"
            ecep:spe="felt"
            ecep:syllab="1"
            ecep:pron="felt">felt</w>
         <c> </c>
         <w xml:id="o3900-203410"
            n="100-a-0070"
            ecep:lem="no"
            ecep:pos="dx"
            ecep:reg="no"
            ecep:spe="no"
            ecep:syllab="1"
            ecep:pron="nəʊ">no</w>
         <c> </c>
         <w xml:id="o3900-203420"
            n="100-a-0080"
            ecep:lem="joyful"
            ecep:pos="j"
            ecep:reg="Joyful"
            ecep:spe="Joyful"
            ecep:syllab="2"
            ecep:pron="ˈdʒɔɪfl">Joyful</w>
         <c> </c>
         <w xml:id="o3900-203430"
            n="100-a-0090"
            ecep:lem="ground"
            ecep:pos="n1"
            ecep:reg="Ground"
            ecep:spe="Ground"
            ecep:syllab="1"
            ecep:pron="graʊnd">Ground</w>
         <pc xml:id="o3900-203440"
             n="100-a-0100"
             ecep:lem=","
             ecep:pos=","
             ecep:reg=","
             ecep:spe=",">,</pc>
      </l>
      <l xml:id="o3900-l09570">
         <c> </c>
         <w xml:id="o3900-203450"
            n="100-a-0110"
            ecep:lem="the"
            ecep:pos="dt"
            ecep:reg="The"
            ecep:spe="The"
            ecep:syllab="1"
            ecep:pron="ðiː">The</w>
         <c> </c>
         <w xml:id="o3900-203460"
            n="100-a-0120"
            ecep:lem="fruit"
            ecep:pos="n1"
            ecep:reg="Fruit"
            ecep:spe="Fruit"
            ecep:syllab="1"
            ecep:pron="fruːt">Fruit</w>
         <c> </c>
         <w xml:id="o3900-203470"
            n="100-a-0130"
            ecep:lem="of"
            ecep:pos="pp-f"
            ecep:reg="of"
            ecep:spe="of"
            ecep:syllab="1"
            ecep:pron="ɒv">of</w>
         <c> </c>
         <w xml:id="o3900-203480"
            n="100-a-0140"
            ecep:lem="righteoufness"
            ecep:pos="n1"
            ecep:reg="Righteoufness"
            ecep:spe="Righteoufness"
            ecep:syllab="4"
            ecep:pron="rˈaɪtɪˌuːfnəs">Righteoufness</w>
         <c> </c>
         <w xml:id="o3900-203490"
            n="100-a-0150"
            ecep:lem="alone"
            ecep:pos="av-j"
            ecep:reg="alone"
            ecep:spe="alone"
            ecep:syllab="2"
            ecep:pron="əˈləʊn">alone</w>
         <pc xml:id="o3900-203500"
             n="100-a-0160"
             ecep:lem=";"
             ecep:pos=";"
             ecep:reg=";"
             ecep:spe=";">;</pc>
      </l>
      <l xml:id="o3900-l09575">
         <c> </c>
         <w xml:id="o3900-203510"
            n="100-a-0170"
            ecep:lem="naked"
            ecep:pos="j"
            ecep:reg="Naked"
            ecep:spe="Naked"
            ecep:syllab="2"
            ecep:pron="ˈneɪkɪd">Naked</w>
         <c> </c>
         <w xml:id="o3900-203520"
            n="100-a-0180"
            ecep:lem="of"
            ecep:pos="pp-f"
            ecep:reg="of"
            ecep:spe="of"
            ecep:syllab="1"
            ecep:pron="ɒv">of</w>
         <c> </c>
         <w xml:id="o3900-203530"
            n="100-a-0190"
            ecep:lem="Christ"
            ecep:pos="np1"
            ecep:reg="CHRIST"
            ecep:spe="CHRIST"
            ecep:syllab="1"
            ecep:pron="ˈkraɪst">CHRIST</w>
         <c> </c>
         <w xml:id="o3900-203540"
            n="100-a-0200"
            ecep:lem="my"
            ecep:pos="po11"
            ecep:reg="my"
            ecep:spe="my"
            ecep:syllab="1"
            ecep:pron="maɪ">my</w>
         <c> </c>
         <w xml:id="o3900-203550"
            n="100-a-0210"
            ecep:lem="soul"
            ecep:pos="n1"
            ecep:reg="Soul"
            ecep:spe="Soul"
            ecep:syllab="1"
            ecep:pron="səʊl">Soul</w>
         <c> </c>
         <w xml:id="o3900-203560"
            n="100-a-0220"
            ecep:lem="i"
            ecep:pos="pns11"
            ecep:reg="I"
            ecep:spe="I"
            ecep:syllab="1"
            ecep:pron="aɪ">I</w>
         <c> </c>
         <w xml:id="o3900-203570"
            n="100-a-0230"
            ecep:lem="find"
            ecep:pos="vvd"
            ecep:reg="found"
            ecep:spe="found"
            ecep:syllab="1"
            ecep:pron="faʊnd">found</w>
         <pc xml:id="o3900-203580"
             n="100-a-0240"
             ecep:lem=","
             ecep:pos=","
             ecep:reg=","
             ecep:spe=",">,</pc>
      </l>
      <l xml:id="o3900-l09580">
         <c> </c>
         <w xml:id="o3900-203590"
            n="100-a-0250"
            ecep:lem="and"
            ecep:pos="cc"
            ecep:reg="And"
            ecep:spe="And"
            ecep:syllab="1"
            ecep:pron="ænd">And</w>
         <c> </c>
         <w xml:id="o3900-203600"
            n="100-a-0260"
            ecep:lem="start"
            ecep:pos="vvd"
            ecep:reg="started"
            ecep:spe="started"
            ecep:syllab="2"
            ecep:pron="stɑːtɪd">started</w>
         <c> </c>
         <w xml:id="o3900-203610"
            n="100-a-0270"
            ecep:lem="from"
            ecep:pos="p-acp"
            ecep:reg="from"
            ecep:spe="from"
            ecep:syllab="1"
            ecep:pron="frɒm">from</w>
         <c> </c>
         <w xml:id="o3900-203620"
            n="100-a-0280"
            ecep:lem="a"
            ecep:pos="dt"
            ecep:reg="a"
            ecep:spe="a"
            ecep:syllab="1"
            ecep:pron="ə">a</w>
         <c> </c>
         <w xml:id="o3900-203630"
            n="100-a-0290"
            ecep:lem="god"
            ecep:pos="n1"
            ecep:reg="GOD"
            ecep:spe="GOD"
            ecep:syllab="1"
            ecep:pron="gɒd">GOD</w>
         <c> </c>
         <w xml:id="o3900-203640"
            n="100-a-0300"
            ecep:lem="unknown"
            ecep:pos="j"
            ecep:reg="unknown"
            ecep:spe="unknown"
            ecep:syllab="2"
            ecep:pron="ʌnˈnəʊn">unknown</w>
         <pc xml:id="o3900-203650"
             n="100-a-0310"
             unit="sentence"
             ecep:lem="."
             ecep:pos="."
             ecep:reg="."
             ecep:spe=".">.</pc>
         <c> </c>
      </l>
   </lg>
   <lg n="5" xml:id="o3900-s01810">
      <head>
         <w xml:id="o3900-203690"
            n="100-a-0320"
            ecep:lem="v."
            ecep:pos="crd"
            ecep:reg="V"
            ecep:spe="V."
            ecep:syllab="1"
            ecep:pron="viː">V.</w>
         <pc unit="sentence" xml:id="o3900-203690-eos" n="100-a-0330"/>
      </head>
      <l xml:id="o3900-l09585">
         <w xml:id="o3900-203710"
            n="100-a-0340"
            ecep:lem="corrupt"
            ecep:pos="j"
            ecep:reg="Corrupt"
            ecep:spe="Corrupt"
            ecep:syllab="2"
            ecep:pron="kəˈrʌpt">Corrupt</w>
         <c> </c>
         <w xml:id="o3900-203720"
            n="100-a-0350"
            ecep:lem="my"
            ecep:pos="po11"
            ecep:reg="my"
            ecep:spe="my"
            ecep:syllab="1"
            ecep:pron="maɪ">my</w>
         <c> </c>
         <w xml:id="o3900-203730"
            n="100-a-0360"
            ecep:lem="will"
            ecep:pos="n1"
            ecep:reg="Will"
            ecep:spe="Will"
            ecep:syllab="1"
            ecep:pron="wɪl">Will</w>
         <pc xml:id="o3900-203740"
             n="100-a-0370"
             ecep:lem=","
             ecep:pos=","
             ecep:reg=","
             ecep:spe=",">,</pc>
         <c> </c>
         <w xml:id="o3900-203750"
            n="100-a-0380"
            ecep:lem="nor"
            ecep:pos="ccx"
            ecep:reg="nor"
            ecep:spe="nor"
            ecep:syllab="1"
            ecep:pron="nɔː">nor</w>
         <c> </c>
         <w xml:id="o3900-203760"
            n="100-a-0390"
            ecep:lem="half"
            ecep:pos="j-jn"
            ecep:reg="half"
            ecep:spe="half"
            ecep:syllab="1"
            ecep:pron="hɑːf">half</w>
         <c> </c>
         <w xml:id="o3900-203770"
            n="100-a-0400"
            ecep:lem="subdue"
            ecep:pos="vvn"
            ecep:reg="subdued"
            ecep:spe="subdu'd"
            ecep:syllab="2"
            ecep:pron="səbˈdʒuːd">subdu'd</w>
         <pc xml:id="o3900-203780"
             n="100-a-0410"
             ecep:lem=","
             ecep:pos=","
             ecep:reg=","
             ecep:spe=",">,</pc>
      </l>
      <l xml:id="o3900-l09590">
         <c> </c>
         <w xml:id="o3900-203790"
            n="100-a-0420"
            ecep:lem="can"
            ecep:pos="vmd"
            ecep:reg="Could"
            ecep:spe="Could"
            ecep:syllab="1"
            ecep:pron="kʊd">Could</w>
         <c> </c>
         <w xml:id="o3900-203800"
            n="100-a-0430"
            ecep:lem="i"
            ecep:pos="pns11"
            ecep:reg="I"
            ecep:spe="I"
            ecep:syllab="1"
            ecep:pron="aɪ">I</w>
         <c> </c>
         <w xml:id="o3900-203810"
            n="100-a-0440"
            ecep:lem="his"
            ecep:pos="po31"
            ecep:reg="his"
            ecep:spe="his"
            ecep:syllab="1"
            ecep:pron="hɪz">his</w>
         <c> </c>
         <w xml:id="o3900-203820"
            n="100-a-0450"
            ecep:lem="pure"
            ecep:pos="jc"
            ecep:reg="purer"
            ecep:spe="purer"
            ecep:syllab="2"
            ecep:pron="pjʊəə">purer</w>
         <c> </c>
         <w xml:id="o3900-203830"
            n="100-a-0460"
            ecep:lem="presence"
            ecep:pos="n1"
            ecep:reg="Presence"
            ecep:spe="Presence"
            ecep:syllab="2"
            ecep:pron="ˈprezns">Presence</w>
         <c> </c>
         <w xml:id="o3900-203840"
            n="100-a-0470"
            ecep:lem="bear"
            ecep:pos="vvi"
            ecep:reg="bear"
            ecep:spe="bear"
            ecep:syllab="1"
            ecep:pron="beə">bear</w>
         <pc xml:id="o3900-203850"
             n="100-a-0480"
             unit="sentence"
             ecep:lem="?"
             ecep:pos="?"
             ecep:reg="?"
             ecep:spe="?">?</pc>
         <c> </c>
      </l>
      <l xml:id="o3900-l09595">
         <w xml:id="o3900-203860"
            n="100-a-0490"
            ecep:lem="unchanged"
            ecep:pos="j"
            ecep:reg="Unchanged"
            ecep:spe="Unchang'd"
            ecep:syllab="2"
            ecep:pron="ʌnˈtʃeɪndʒd">Unchang'd</w>
         <pc xml:id="o3900-203870"
             n="100-a-0500"
             ecep:lem=","
             ecep:pos=","
             ecep:reg=","
             ecep:spe=",">,</pc>
         <c> </c>
         <w xml:id="o3900-203880"
            n="100-a-0510"
            ecep:lem="unhallowed"
            ecep:pos="j"
            ecep:reg="unhallowed"
            ecep:spe="unhallow'd"
            ecep:syllab="3"
            ecep:pron="ʌnˈhæləʊd">unhallow'd</w>
         <pc xml:id="o3900-203890"
             n="100-a-0520"
             ecep:lem=","
             ecep:pos=","
             ecep:reg=","
             ecep:spe=",">,</pc>
         <c> </c>
         <w xml:id="o3900-203900"
            n="100-a-0530"
            ecep:lem="unrenewed"
            ecep:pos="j"
            ecep:reg="unrenewed"
            ecep:spe="unrenew'd"
            ecep:syllab="3"
            ecep:pron="ʌnrɪˈnjuːd">unrenew'd</w>
      </l>
      <l xml:id="o3900-l09600">
         <c> </c>
         <w xml:id="o3900-203910"
            n="100-a-0540"
            ecep:lem="can"
            ecep:pos="vmd"
            ecep:reg="Could"
            ecep:spe="Could"
            ecep:syllab="1"
            ecep:pron="kʊd">Could</w>
         <c> </c>
         <w xml:id="o3900-203920"
            n="100-a-0550"
            ecep:lem="i"
            ecep:pos="pns11"
            ecep:reg="I"
            ecep:spe="I"
            ecep:syllab="1"
            ecep:pron="aɪ">I</w>
         <c> </c>
         <w xml:id="o3900-203930"
            n="100-a-0560"
            ecep:lem="before"
            ecep:pos="p-acp"
            ecep:reg="before"
            ecep:spe="before"
            ecep:syllab="2"
            ecep:pron="bɪˈfɔː">before</w>
         <c> </c>
         <w xml:id="o3900-203940"
            n="100-a-0570"
            ecep:lem="his"
            ecep:pos="po31"
            ecep:reg="his"
            ecep:spe="his"
            ecep:syllab="1"
            ecep:pron="hɪz">his</w>
         <c> </c>
         <w xml:id="o3900-203950"
            n="100-a-0580"
            ecep:lem="face"
            ecep:pos="n1"
            ecep:reg="Face"
            ecep:spe="Face"
            ecep:syllab="1"
            ecep:pron="feɪs">Face</w>
         <c> </c>
         <w xml:id="o3900-203960"
            n="100-a-0590"
            ecep:lem="appear"
            ecep:pos="vvi"
            ecep:reg="appear"
            ecep:spe="appear"
            ecep:syllab="2"
            ecep:pron="əˈpɪə">appear</w>
         <pc xml:id="o3900-203970"
             n="100-a-0600"
             unit="sentence"
             ecep:lem="?"
             ecep:pos="?"
             ecep:reg="?"
             ecep:spe="?">?</pc>
         <c> </c>
      </l>
   </lg>
   <lg n="6" xml:id="o3900-s01815">
      <head>
         <w xml:id="o3900-204010"
            n="100-a-0610"
            ecep:lem="vi"
            ecep:pos="crd"
            ecep:reg="VI"
            ecep:spe="VI"
            ecep:syllab="1"
            ecep:pron="ˈvaɪ">VI</w>
         <pc xml:id="o3900-204020"
             n="100-a-0620"
             unit="sentence"
             ecep:lem="."
             ecep:pos="."
             ecep:reg="."
             ecep:spe=".">.</pc>
      </head>
      <l xml:id="o3900-l09605">
         <w xml:id="o3900-204040"
            n="100-a-0630"
            ecep:lem="father"
            ecep:pos="n1"
            ecep:reg="Father"
            ecep:spe="Father"
            ecep:syllab="2"
            ecep:pron="ˈfɑːðə">Father</w>
         <c> </c>
         <w xml:id="o3900-204050"
            n="100-a-0640"
            ecep:lem="of"
            ecep:pos="pp-f"
            ecep:reg="of"
            ecep:spe="of"
            ecep:syllab="1"
            ecep:pron="ɒv">of</w>
         <c> </c>
         <w xml:id="o3900-204060"
            n="100-a-0650"
            ecep:lem="mercy"
            ecep:pos="n2"
            ecep:reg="Mercies"
            ecep:spe="Mercies"
            ecep:syllab="2"
            ecep:pron="ˈmɜːsiz">Mercies</w>
         <pc xml:id="o3900-204070"
             n="100-a-0660"
             ecep:lem=","
             ecep:pos=","
             ecep:reg=","
             ecep:spe=",">,</pc>
         <c> </c>
         <w xml:id="o3900-204080"
            n="100-a-0670"
            ecep:lem="hear"
            ecep:pos="vvb"
            ecep:reg="hear"
            ecep:spe="hear"
            ecep:syllab="1"
            ecep:pron="hɪə">hear</w>
         <c> </c>
         <w xml:id="o3900-204090"
            n="100-a-0680"
            ecep:lem="my"
            ecep:pos="po11"
            ecep:reg="my"
            ecep:spe="my"
            ecep:syllab="1"
            ecep:pron="maɪ">my</w>
         <c> </c>
         <w xml:id="o3900-204100"
            n="100-a-0690"
            ecep:lem="call"
            ecep:pos="n1"
            ecep:reg="Call"
            ecep:spe="Call"
            ecep:syllab="1"
            ecep:pron="kɔːl">Call</w>
         <pc xml:id="o3900-204110"
             n="100-a-0700"
             unit="sentence"
             ecep:lem="!"
             ecep:pos="!"
             ecep:reg="!"
             ecep:spe="!">!</pc>
         <c> </c>
      </l>
      <l xml:id="o3900-l09610">
         <w xml:id="o3900-204120"
            n="100-a-0710"
            ecep:lem="ere"
            ecep:pos="p-acp"
            ecep:reg="Ere"
            ecep:spe="Ere"
            ecep:syllab="1"
            ecep:pron="eə">Ere</w>
         <c> </c>
         <w xml:id="o3900-204130"
            n="100-a-0720"
            ecep:lem="yet"
            ecep:pos="av"
            ecep:reg="yet"
            ecep:spe="yet"
            ecep:syllab="1"
            ecep:pron="jet">yet</w>
         <c> </c>
         <w xml:id="o3900-204140"
            n="100-a-0730"
            ecep:lem="return"
            ecep:pos="vvz"
            ecep:reg="returns"
            ecep:spe="returns"
            ecep:syllab="2"
            ecep:pron="rɪˈtɜːnz">returns</w>
         <c> </c>
         <w xml:id="o3900-204150"
            n="100-a-0740"
            ecep:lem="the"
            ecep:pos="dt"
            ecep:reg="the"
            ecep:spe="the"
            ecep:syllab="1"
            ecep:pron="ðiː">the</w>
         <c> </c>
         <w xml:id="o3900-204160"
            n="100-a-0750"
            ecep:lem="fatal"
            ecep:pos="j"
            ecep:reg="Fatal"
            ecep:spe="Fatal"
            ecep:syllab="2"
            ecep:pron="ˈfeɪtl">Fatal</w>
         <c> </c>
         <w xml:id="o3900-204170"
            n="100-a-0760"
            ecep:lem="hour"
            ecep:pos="n1"
            ecep:reg="Hour"
            ecep:spe="Hour"
            ecep:syllab="1"
            ecep:pron="æə">Hour</w>
         <pc xml:id="o3900-204180"
             n="100-a-0770"
             ecep:lem=","
             ecep:pos=","
             ecep:reg=","
             ecep:spe=",">,</pc>
      </l>
      <l xml:id="o3900-l09615">
         <c> </c>
         <w xml:id="o3900-204190"
            n="100-a-0780"
            ecep:lem="repair"
            ecep:pos="vvb"
            ecep:reg="Repair"
            ecep:spe="Repair"
            ecep:syllab="2"
            ecep:pron="rɪˈpeə">Repair</w>
         <c> </c>
         <w xml:id="o3900-204200"
            n="100-a-0790"
            ecep:lem="my"
            ecep:pos="po11"
            ecep:reg="my"
            ecep:spe="my"
            ecep:syllab="1"
            ecep:pron="maɪ">my</w>
         <c> </c>
         <w xml:id="o3900-204210"
            n="100-a-0800"
            ecep:lem="loss"
            ecep:pos="n1"
            ecep:reg="Loss"
            ecep:spe="Loss"
            ecep:syllab="1"
            ecep:pron="lɒs">Loss</w>
         <pc xml:id="o3900-204220"
             n="100-a-0810"
             ecep:lem=","
             ecep:pos=","
             ecep:reg=","
             ecep:spe=",">,</pc>
         <c> </c>
         <w xml:id="o3900-204230"
            n="100-a-0820"
            ecep:lem="retrieve"
            ecep:pos="vvb"
            ecep:reg="retrieve"
            ecep:spe="retrieve"
            ecep:syllab="2"
            ecep:pron="rɪˈtriːv">retrieve</w>
         <c> </c>
         <w xml:id="o3900-204240"
            n="100-a-0830"
            ecep:lem="my"
            ecep:pos="po11"
            ecep:reg="my"
            ecep:spe="my"
            ecep:syllab="1"
            ecep:pron="maɪ">my</w>
         <c> </c>
         <w xml:id="o3900-204250"
            n="100-a-0840"
            ecep:lem="fall"
            ecep:pos="n1"
            ecep:reg="Fall"
            ecep:spe="Fall"
            ecep:syllab="1"
            ecep:pron="fɔːl">Fall</w>
         <pc xml:id="o3900-204260"
             n="100-a-0850"
             ecep:lem=","
             ecep:pos=","
             ecep:reg=","
             ecep:spe=",">,</pc>
      </l>
      <l xml:id="o3900-l09620">
         <c> </c>
         <w xml:id="o3900-204270"
            n="100-a-0860"
            ecep:lem="and"
            ecep:pos="cc"
            ecep:reg="And"
            ecep:spe="And"
            ecep:syllab="1"
            ecep:pron="ænd">And</w>
         <c> </c>
         <w xml:id="o3900-204280"
            n="100-a-0870"
            ecep:lem="raise"
            ecep:pos="vvi"
            ecep:reg="raise"
            ecep:spe="raise"
            ecep:syllab="1"
            ecep:pron="reɪz">raise</w>
         <c> </c>
         <w xml:id="o3900-204290"
            n="100-a-0880"
            ecep:lem="i"
            ecep:pos="pno11"
            ecep:reg="me"
            ecep:spe="me"
            ecep:syllab="1"
            ecep:pron="miː">me</w>
         <c> </c>
         <w xml:id="o3900-204300"
            n="100-a-0890"
            ecep:lem="by"
            ecep:pos="p-acp"
            ecep:reg="by"
            ecep:spe="by"
            ecep:syllab="1"
            ecep:pron="baɪ">by</w>
         <c> </c>
         <w xml:id="o3900-204310"
            n="100-a-0900"
            ecep:lem="thy"
            ecep:pos="po21"
            ecep:reg="thy"
            ecep:spe="thy"
            ecep:syllab="1"
            ecep:pron="ðaɪ">thy</w>
         <c> </c>
         <w xml:id="o3900-204320"
            n="100-a-0910"
            ecep:lem="quicken"
            ecep:pos="j-vvg"
            ecep:reg="quickening"
            ecep:spe="quick'ning"
            ecep:syllab="2"
            ecep:pron="kwˈɪknɪŋ">quick'ning</w>
         <c> </c>
         <w xml:id="o3900-204330"
            n="100-a-0920"
            ecep:lem="power"
            ecep:pos="n1"
            ecep:reg="Power"
            ecep:spe="Pow'r"
            ecep:syllab="1"
            ecep:pron="ˈpaʊə">Pow'r</w>
         <pc xml:id="o3900-204340"
             n="100-a-0930"
             unit="sentence"
             ecep:lem="."
             ecep:pos="."
             ecep:reg="."
             ecep:spe=".">.</pc>
         <c> </c>
      </l>
   </lg>
   <lg n="7" xml:id="o3900-s01820">
      <head>
         <w xml:id="o3900-204380"
            n="100-a-0940"
            ecep:lem="vii"
            ecep:pos="crd"
            ecep:reg="VII"
            ecep:spe="VII"
            ecep:syllab="1"
            ecep:pron="rˌəʊmənsˈevən">VII</w>
         <pc xml:id="o3900-204390"
             n="100-a-0950"
             unit="sentence"
             ecep:lem="."
             ecep:pos="."
             ecep:reg="."
             ecep:spe=".">.</pc>
      </head>
      <l xml:id="o3900-l09625">
         <w xml:id="o3900-204410"
            n="100-a-0960"
            ecep:lem="my"
            ecep:pos="po11"
            ecep:reg="My"
            ecep:spe="My"
            ecep:syllab="1"
            ecep:pron="maɪ">My</w>
         <c> </c>
         <w xml:id="o3900-204420"
            n="100-a-0970"
            ecep:lem="nature"
            ecep:pos="n1"
            ecep:reg="Nature"
            ecep:spe="Nature"
            ecep:syllab="2"
            ecep:pron="ˈneɪtʃə">Nature</w>
         <c> </c>
         <w xml:id="o3900-204430"
            n="100-a-0980"
            ecep:lem="re-exchange"
            ecep:pos="vvb"
            ecep:reg="re-exchange"
            ecep:spe="re-exchange"
            ecep:syllab="3"
            ecep:pron="riːˌɪksˈtʃeɪndʒ">re-exchange</w>
         <c> </c>
         <w xml:id="o3900-204440"
            n="100-a-0990"
            ecep:lem="for"
            ecep:pos="p-acp"
            ecep:reg="for"
            ecep:spe="for"
            ecep:syllab="1"
            ecep:pron="fɔː">for</w>
         <c> </c>
         <w xml:id="o3900-204450"
            n="100-a-1000"
            ecep:lem="thy"
            ecep:pos="po21"
            ecep:reg="Thine"
            ecep:spe="Thine"
            ecep:syllab="1"
            ecep:pron="ðaɪn">Thine</w>
         <pc xml:id="o3900-204460"
             n="100-a-1010"
             ecep:lem=";"
             ecep:pos=";"
             ecep:reg=";"
             ecep:spe=";">;</pc>
      </l>
      <l xml:id="o3900-l09630">
         <c> </c>
         <w xml:id="o3900-204470"
            n="100-a-1020"
            ecep:lem="be"
            ecep:pos="vbb"
            ecep:reg="Be"
            ecep:spe="Be"
            ecep:syllab="1"
            ecep:pron="biː">Be</w>
         <c> </c>
         <w xml:id="o3900-204480"
            n="100-a-1030"
            ecep:lem="thou"
            ecep:pos="pns21"
            ecep:reg="Thou"
            ecep:spe="Thou"
            ecep:syllab="1"
            ecep:pron="θaʊ">Thou</w>
         <c> </c>
         <w xml:id="o3900-204490"
            n="100-a-1040"
            ecep:lem="my"
            ecep:pos="po11"
            ecep:reg="my"
            ecep:spe="my"
            ecep:syllab="1"
            ecep:pron="maɪ">my</w>
         <c> </c>
         <w xml:id="o3900-204500"
            n="100-a-1050"
            ecep:lem="life"
            ecep:pos="n1"
            ecep:reg="Life"
            ecep:spe="Life"
            ecep:syllab="1"
            ecep:pron="laɪf">Life</w>
         <pc xml:id="o3900-204510"
             n="100-a-1060"
             ecep:lem=","
             ecep:pos=","
             ecep:reg=","
             ecep:spe=",">,</pc>
         <c> </c>
         <w xml:id="o3900-204520"
            n="100-a-1070"
            ecep:lem="my"
            ecep:pos="po11"
            ecep:reg="my"
            ecep:spe="my"
            ecep:syllab="1"
            ecep:pron="maɪ">my</w>
         <c> </c>
         <w xml:id="o3900-204530"
            n="100-a-1080"
            ecep:lem="hope"
            ecep:pos="n1"
            ecep:reg="Hope"
            ecep:spe="Hope"
            ecep:syllab="1"
            ecep:pron="həʊp">Hope</w>
         <pc xml:id="o3900-204540"
             n="100-a-1090"
             ecep:lem=","
             ecep:pos=","
             ecep:reg=","
             ecep:spe=",">,</pc>
         <c> </c>
         <w xml:id="o3900-204550"
            n="100-a-1100"
            ecep:lem="my"
            ecep:pos="po11"
            ecep:reg="my"
            ecep:spe="my"
            ecep:syllab="1"
            ecep:pron="maɪ">my</w>
         <c> </c>
         <w xml:id="o3900-204560"
            n="100-a-1110"
            ecep:lem="gain"
            ecep:pos="n1"
            ecep:reg="Gain"
            ecep:spe="Gain"
            ecep:syllab="1"
            ecep:pron="geɪn">Gain</w>
         <pc xml:id="o3900-204570"
             n="100-a-1120"
             ecep:lem=";"
             ecep:pos=";"
             ecep:reg=";"
             ecep:spe=";">;</pc>
      </l>
      <l xml:id="o3900-l09635">
         <c> </c>
         <w xml:id="o3900-204580"
            n="100-a-1130"
            ecep:lem="arm"
            ecep:pos="n1"
            ecep:reg="Arm"
            ecep:spe="Arm"
            ecep:syllab="1"
            ecep:pron="ɑːm">Arm</w>
         <c> </c>
         <w xml:id="o3900-204590"
            n="100-a-1140"
            ecep:lem="i"
            ecep:pos="pno11"
            ecep:reg="me"
            ecep:spe="me"
            ecep:syllab="1"
            ecep:pron="miː">me</w>
         <c> </c>
         <w xml:id="o3900-204600"
            n="100-a-1150"
            ecep:lem="in"
            ecep:pos="p-acp"
            ecep:reg="in"
            ecep:spe="in"
            ecep:syllab="1"
            ecep:pron="ɪn">in</w>
         <c> </c>
         <w xml:id="o3900-204610"
            n="100-a-1160"
            ecep:lem="panoply"
            ecep:pos="n1"
            ecep:reg="Panoply"
            ecep:spe="Panoply"
            ecep:syllab="3"
            ecep:pron="ˈpænəpli">Panoply</w>
         <c> </c>
         <w xml:id="o3900-204620"
            n="100-a-1170"
            ecep:lem="divine"
            ecep:pos="j-jn"
            ecep:reg="Divine"
            ecep:spe="Divine"
            ecep:syllab="2"
            ecep:pron="dɪˈvaɪn">Divine</w>
         <pc xml:id="o3900-204630"
             n="100-a-1180"
             ecep:lem=","
             ecep:pos=","
             ecep:reg=","
             ecep:spe=",">,</pc>
      </l>
      <l xml:id="o3900-l09640">
         <c> </c>
         <w xml:id="o3900-204640"
            n="100-a-1190"
            ecep:lem="and"
            ecep:pos="cc"
            ecep:reg="And"
            ecep:spe="And"
            ecep:syllab="1"
            ecep:pron="ænd">And</w>
         <c> </c>
         <w xml:id="o3900-204650"
            n="100-a-1200"
            ecep:lem="death"
            ecep:pos="n1"
            ecep:reg="Death"
            ecep:spe="Death"
            ecep:syllab="1"
            ecep:pron="deθ">Death</w>
         <c> </c>
         <w xml:id="o3900-204660"
            n="100-a-1210"
            ecep:lem="shall"
            ecep:pos="vmb"
            ecep:reg="shall"
            ecep:spe="shall"
            ecep:syllab="1"
            ecep:pron="ʃæl">shall</w>
         <c> </c>
         <w xml:id="o3900-204670"
            n="100-a-1220"
            ecep:lem="shake"
            ecep:pos="vvi"
            ecep:reg="shake"
            ecep:spe="shake"
            ecep:syllab="1"
            ecep:pron="ʃeɪk">shake</w>
         <c> </c>
         <w xml:id="o3900-204680"
            n="100-a-1230"
            ecep:lem="his"
            ecep:pos="po31"
            ecep:reg="his"
            ecep:spe="his"
            ecep:syllab="1"
            ecep:pron="hɪz">his</w>
         <c> </c>
         <w xml:id="o3900-204690"
            n="100-a-1240"
            ecep:lem="dart"
            ecep:pos="n1"
            ecep:reg="Dart"
            ecep:spe="Dart"
            ecep:syllab="1"
            ecep:pron="dɑːt">Dart</w>
         <c> </c>
         <w xml:id="o3900-204700"
            n="100-a-1250"
            ecep:lem="in"
            ecep:pos="p-acp"
            ecep:reg="in"
            ecep:spe="in"
            ecep:syllab="1"
            ecep:pron="ɪn">in</w>
         <c> </c>
         <w xml:id="o3900-204710"
            n="100-a-1260"
            ecep:lem="vain"
            ecep:pos="j"
            ecep:reg="vain"
            ecep:spe="vain"
            ecep:syllab="1"
            ecep:pron="veɪn">vain</w>
         <pc xml:id="o3900-204720"
             n="100-a-1270"
             unit="sentence"
             ecep:lem="."
             ecep:pos="."
             ecep:reg="."
             ecep:spe=".">.</pc>
         <c> </c>
      </l>
   </lg>
   <lg n="8" xml:id="o3900-s01825">
      <head>
         <w xml:id="o3900-204760"
            n="100-a-1280"
            ecep:lem="viii"
            ecep:pos="crd"
            ecep:reg="VIII"
            ecep:spe="VIII"
            ecep:syllab="1"
            ecep:pron="rˌəʊmənˈeɪt">VIII</w>
         <pc xml:id="o3900-204770"
             n="100-a-1290"
             unit="sentence"
             ecep:lem="."
             ecep:pos="."
             ecep:reg="."
             ecep:spe=".">.</pc>
      </head>
      <l xml:id="o3900-l09645">
         <w xml:id="o3900-204790"
            n="100-a-1300"
            ecep:lem="when"
            ecep:pos="c-crq"
            ecep:reg="When"
            ecep:spe="When"
            ecep:syllab="1"
            ecep:pron="wen">When</w>
         <c> </c>
         <w xml:id="o3900-204800"
            n="100-a-1310"
            ecep:lem="i"
            ecep:pos="pns11"
            ecep:reg="I"
            ecep:spe="I"
            ecep:syllab="1"
            ecep:pron="aɪ">I</w>
         <c> </c>
         <w xml:id="o3900-204810"
            n="100-a-1320"
            ecep:lem="thy"
            ecep:pos="po21"
            ecep:reg="thy"
            ecep:spe="thy"
            ecep:syllab="1"
            ecep:pron="ðaɪ">thy</w>
         <c> </c>
         <w xml:id="o3900-204820"
            n="100-a-1330"
            ecep:lem="promise"
            ecep:pos="j-vvn"
            ecep:reg="promised"
            ecep:spe="promis'd"
            ecep:syllab="2"
            ecep:pron="ˈprɒmɪst">promis'd</w>
         <c> </c>
         <w xml:id="o3900-204830"
            n="100-a-1340"
            ecep:lem="Christ"
            ecep:pos="np1"
            ecep:reg="CHRIST"
            ecep:spe="CHRIST"
            ecep:syllab="1"
            ecep:pron="ˈkraɪst">CHRIST</w>
         <c> </c>
         <w xml:id="o3900-204840"
            n="100-a-1350"
            ecep:lem="have"
            ecep:pos="vhi"
            ecep:reg="have"
            ecep:spe="have"
            ecep:syllab="1"
            ecep:pron="hæv">have</w>
         <c> </c>
         <w xml:id="o3900-204850"
            n="100-a-1360"
            ecep:lem="see"
            ecep:pos="vvn"
            ecep:reg="seen"
            ecep:spe="seen"
            ecep:syllab="1"
            ecep:pron="siːn">seen</w>
         <pc xml:id="o3900-204860"
             n="100-a-1370"
             ecep:lem=","
             ecep:pos=","
             ecep:reg=","
             ecep:spe=",">,</pc>
      </l>
      <l xml:id="o3900-l09650">
         <c> </c>
         <w xml:id="o3900-204870"
            n="100-a-1380"
            ecep:lem="and"
            ecep:pos="cc"
            ecep:reg="And"
            ecep:spe="And"
            ecep:syllab="1"
            ecep:pron="ænd">And</w>
         <c> </c>
         <w xml:id="o3900-204880"
            n="100-a-1390"
            ecep:lem="clasp"
            ecep:pos="vvd"
            ecep:reg="clasped"
            ecep:spe="clasp'd"
            ecep:syllab="1"
            ecep:pron="klɑːspt">clasp'd</w>
         <c> </c>
         <w xml:id="o3900-204890"
            n="100-a-1400"
            ecep:lem="he"
            ecep:pos="pno31"
            ecep:reg="him"
            ecep:spe="him"
            ecep:syllab="1"
            ecep:pron="hɪm">him</w>
         <c> </c>
         <w xml:id="o3900-204900"
            n="100-a-1410"
            ecep:lem="in"
            ecep:pos="p-acp"
            ecep:reg="in"
            ecep:spe="in"
            ecep:syllab="1"
            ecep:pron="ɪn">in</w>
         <c> </c>
         <w xml:id="o3900-204910"
            n="100-a-1420"
            ecep:lem="my"
            ecep:pos="po11"
            ecep:reg="my"
            ecep:spe="my"
            ecep:syllab="1"
            ecep:pron="maɪ">my</w>
         <c> </c>
         <w xml:id="o3900-204920"
            n="100-a-1430"
            ecep:lem="soul"
            ecep:pos="ng1"
            ecep:reg="Soul's"
            ecep:spe="Soul's"
            ecep:syllab="1"
            ecep:pron="səʊlz">Soul's</w>
         <c> </c>
         <w xml:id="o3900-204930"
            n="100-a-1440"
            ecep:lem="embrace"
            ecep:pos="n1"
            ecep:reg="Embrace"
            ecep:spe="Embrace"
            ecep:syllab="2"
            ecep:pron="ɪmˈbreɪs">Embrace</w>
         <pc xml:id="o3900-204940"
             n="100-a-1450"
             ecep:lem=","
             ecep:pos=","
             ecep:reg=","
             ecep:spe=",">,</pc>
      </l>
      <l xml:id="o3900-l09655">
         <c> </c>
         <w xml:id="o3900-204950"
            n="100-a-1460"
            ecep:lem="possess"
            ecep:pos="vvn"
            ecep:reg="Possessed"
            ecep:spe="Possest"
            ecep:syllab="2"
            ecep:pron="pəˈzest">Possest</w>
         <c> </c>
         <w xml:id="o3900-204960"
            n="100-a-1470"
            ecep:lem="of"
            ecep:pos="pp-f"
            ecep:reg="of"
            ecep:spe="of"
            ecep:syllab="1"
            ecep:pron="ɒv">of</w>
         <c> </c>
         <w xml:id="o3900-204970"
            n="100-a-1480"
            ecep:lem="my"
            ecep:pos="po11"
            ecep:reg="my"
            ecep:spe="my"
            ecep:syllab="1"
            ecep:pron="maɪ">my</w>
         <c> </c>
         <w xml:id="o3900-204980"
            n="100-a-1490"
            ecep:lem="salvation"
            ecep:pos="n1"
            ecep:reg="Salvation"
            ecep:spe="Salvation"
            ecep:syllab="3"
            ecep:pron="sælˈveɪʃn">Salvation</w>
         <pc xml:id="o3900-204990"
             n="100-a-1500"
             ecep:lem=","
             ecep:pos=","
             ecep:reg=","
             ecep:spe=",">,</pc>
         <c> </c>
         <w xml:id="o3900-205000"
            n="100-a-1510"
            ecep:lem="then"
            ecep:pos="av"
            ecep:reg="Then"
            ecep:spe="Then"
            ecep:syllab="1"
            ecep:pron="ðen">Then</w>
         <c> </c>
         <pc xml:id="o3900-205010"
             n="100-a-1520"
             ecep:lem="—"
             ecep:pos="—"
             ecep:reg="—"
             ecep:spe="—">—</pc>
      </l>
      <l xml:id="o3900-l09660">
         <c> </c>
         <w xml:id="o3900-205020"
            n="100-a-1530"
            ecep:lem="then"
            ecep:pos="av"
            ecep:reg="Then"
            ecep:spe="Then"
            ecep:syllab="1"
            ecep:pron="ðen">Then</w>
         <pc xml:id="o3900-205030"
             n="100-a-1540"
             ecep:lem=","
             ecep:pos=","
             ecep:reg=","
             ecep:spe=",">,</pc>
         <c> </c>
         <w xml:id="o3900-205040"
            n="100-a-1550"
            ecep:lem="let"
            ecep:pos="vvb"
            ecep:reg="let"
            ecep:spe="let"
            ecep:syllab="1"
            ecep:pron="let">let</w>
         <c> </c>
         <w xml:id="o3900-205050"
            n="100-a-1560"
            ecep:lem="i"
            ecep:pos="pno11"
            ecep:reg="me"
            ecep:spe="me"
            ecep:syllab="1"
            ecep:pron="miː">me</w>
         <pc xml:id="o3900-205060"
             n="100-a-1570"
             ecep:lem=","
             ecep:pos=","
             ecep:reg=","
             ecep:spe=",">,</pc>
         <c> </c>
         <w xml:id="o3900-205070"
            n="100-a-1580"
            ecep:lem="lord"
            ecep:pos="n1"
            ecep:reg="LORD"
            ecep:spe="LORD"
            ecep:syllab="1"
            ecep:pron="lɔːd">LORD</w>
         <pc xml:id="o3900-205080"
             n="100-a-1590"
             ecep:lem=","
             ecep:pos=","
             ecep:reg=","
             ecep:spe=",">,</pc>
         <c> </c>
         <w xml:id="o3900-205090"
            n="100-a-1600"
            ecep:lem="depart"
            ecep:pos="vvb"
            ecep:reg="depart"
            ecep:spe="depart"
            ecep:syllab="2"
            ecep:pron="dɪˈpɑːt">depart</w>
         <c> </c>
         <w xml:id="o3900-205100"
            n="100-a-1610"
            ecep:lem="in"
            ecep:pos="p-acp"
            ecep:reg="in"
            ecep:spe="in"
            ecep:syllab="1"
            ecep:pron="ɪn">in</w>
         <c> </c>
         <w xml:id="o3900-205110"
            n="100-a-1620"
            ecep:lem="peace"
            ecep:pos="n1"
            ecep:reg="Peace"
            ecep:spe="Peace"
            ecep:syllab="1"
            ecep:pron="piːs">Peace</w>
         <pc xml:id="o3900-205120"
             n="100-a-1630"
             unit="sentence"
             ecep:lem="!"
             ecep:pos="!"
             ecep:reg="!"
             ecep:spe="!">!</pc>
         <c> </c>
      </l>
   </lg>
</div>
