<?xml version="1.0" encoding="utf-8"?>
<!DOCTYPE div
  SYSTEM "about:legacy-compat">
<div xmlns:ecep="http://www.eighteenthcenturypoetry.org/ns"
     xmlns="http://www.tei-c.org/ns/1.0"
     xmlns:tei="http://www.tei-c.org/ns/1.0"
     ana="#iamb #pentameter #quatrain #cross #lyric"
     corresp="#txt_HammJa1710_w0002"
     decls="#semi-normalized"
     ecep:syllab="10.10.10.10"
     met="-+|-+|-+|-+|-+/ -+|-+|-+|-+|-+/ -+|-+|-+|-+|-+/ -+|-+|-+|-+|-+/"
     n="1"
     rendition="#lgvspace"
     rhyme="abab"
     subtype="eceptext"
     type="elegy"
     xml:id="o4987-w0350">
   <link target="authors.xml#aut_HammJa1710" type="author"/>
   <link target="22610" type="DMI"/>
   <head type="main">
      <w xml:id="o4987-208040"
         n="104-a-0400"
         ecep:lem="elegy"
         ecep:pos="n1"
         ecep:reg="ELEGY"
         ecep:spe="ELEGY"
         ecep:syllab="3"
         ecep:pron="ˈelɪdʒi">ELEGY</w>
      <c> </c>
      <w xml:id="o4987-208050"
         n="104-a-0410"
         ecep:lem="i"
         ecep:pos="pns11"
         ecep:reg="I"
         ecep:spe="I."
         ecep:syllab="1"
         ecep:pron="ˈaɪ">I.</w>
      <pc unit="sentence" xml:id="o4987-208050-eos" n="104-a-0420"/>
   </head>
   <lg xml:id="o4987-s01605">
      <l xml:id="o4987-l11280">
         <w xml:id="o4987-208080"
            n="104-a-0430"
            ecep:lem="while"
            ecep:pos="cs"
            ecep:reg="WHILE"
            ecep:spe="WHILE"
            ecep:syllab="1"
            ecep:pron="ˈwaɪl">WHILE</w>
         <c> </c>
         <w xml:id="o4987-208090"
            n="104-a-0440"
            ecep:lem="calm"
            ecep:pos="vvb"
            ecep:reg="calm"
            ecep:spe="calm"
            ecep:syllab="1"
            ecep:pron="kɑːm">calm</w>
         <c> </c>
         <w xml:id="o4987-208100"
            n="104-a-0450"
            ecep:lem="you"
            ecep:pos="pn22"
            ecep:reg="you"
            ecep:spe="you"
            ecep:syllab="1"
            ecep:pron="juː">you</w>
         <c> </c>
         <w xml:id="o4987-208110"
            n="104-a-0460"
            ecep:lem="sit"
            ecep:pos="vvb"
            ecep:reg="sit"
            ecep:spe="sit"
            ecep:syllab="1"
            ecep:pron="sɪt">sit</w>
         <c> </c>
         <w xml:id="o4987-208120"
            n="104-a-0470"
            ecep:lem="beneath"
            ecep:pos="p-acp"
            ecep:reg="beneath"
            ecep:spe="beneath"
            ecep:syllab="2"
            ecep:pron="bɪˈniːθ">beneath</w>
         <c> </c>
         <w xml:id="o4987-208130"
            n="104-a-0480"
            ecep:lem="your"
            ecep:pos="po22"
            ecep:reg="your"
            ecep:spe="your"
            ecep:syllab="1"
            ecep:pron="jɔː">your</w>
         <c> </c>
         <w xml:id="o4987-208140"
            n="104-a-0490"
            ecep:lem="secret"
            ecep:pos="j-jn"
            ecep:reg="secret"
            ecep:spe="secret"
            ecep:syllab="2"
            ecep:pron="ˈsiːkrət">secret</w>
         <c> </c>
         <w xml:id="o4987-208150"
            n="104-a-0500"
            ecep:lem="shade"
            ecep:pos="n1"
            ecep:reg="shade"
            ecep:spe="shade"
            ecep:syllab="1"
            ecep:pron="ʃeɪd">shade</w>
         <pc xml:id="o4987-208160"
             n="104-a-0510"
             ecep:lem=","
             ecep:pos=","
             ecep:reg=","
             ecep:spe=",">,</pc>
      </l>
      <l xml:id="o4987-l11285">
         <c> </c>
         <w xml:id="o4987-208170"
            n="104-a-0520"
            ecep:lem="and"
            ecep:pos="cc"
            ecep:reg="And"
            ecep:spe="And"
            ecep:syllab="1"
            ecep:pron="ænd">And</w>
         <c> </c>
         <w xml:id="o4987-208180"
            n="104-a-0530"
            ecep:lem="lose"
            ecep:pos="vvi"
            ecep:reg="lose"
            ecep:spe="lose"
            ecep:syllab="1"
            ecep:pron="luːz">lose</w>
         <c> </c>
         <w xml:id="o4987-208190"
            n="104-a-0540"
            ecep:lem="in"
            ecep:pos="p-acp"
            ecep:reg="in"
            ecep:spe="in"
            ecep:syllab="1"
            ecep:pron="ɪn">in</w>
         <c> </c>
         <w xml:id="o4987-208200"
            n="104-a-0550"
            ecep:lem="please"
            ecep:pos="j-vvg"
            ecep:reg="pleasing"
            ecep:spe="pleasing"
            ecep:syllab="2"
            ecep:pron="pliːzɪŋ">pleasing</w>
         <c> </c>
         <w xml:id="o4987-208210"
            n="104-a-0560"
            ecep:lem="thought"
            ecep:pos="n1"
            ecep:reg="thought"
            ecep:spe="thought"
            ecep:syllab="1"
            ecep:pron="θɔːt">thought</w>
         <c> </c>
         <w xml:id="o4987-208220"
            n="104-a-0570"
            ecep:lem="the"
            ecep:pos="dt"
            ecep:reg="the"
            ecep:spe="the"
            ecep:syllab="1"
            ecep:pron="ðiː">the</w>
         <c> </c>
         <w xml:id="o4987-208230"
            n="104-a-0580"
            ecep:lem="summer-day"
            ecep:pos="n1"
            ecep:reg="summer-day"
            ecep:spe="summer-day"
            ecep:syllab="3"
            ecep:pron="ˈsʌməˌdeɪ">summer-day</w>
         <pc xml:id="o4987-208240"
             n="104-a-0590"
             ecep:lem=","
             ecep:pos=","
             ecep:reg=","
             ecep:spe=",">,</pc>
      </l>
      <l xml:id="o4987-l11290">
         <c> </c>
         <w xml:id="o4987-208250"
            n="104-a-0600"
            ecep:lem="or"
            ecep:pos="cc"
            ecep:reg="Or"
            ecep:spe="Or"
            ecep:syllab="1"
            ecep:pron="ɔː">Or</w>
         <c> </c>
         <w xml:id="o4987-208260"
            n="104-a-0610"
            ecep:lem="tempt"
            ecep:pos="vvi"
            ecep:reg="tempt"
            ecep:spe="tempt"
            ecep:syllab="1"
            ecep:pron="tempt">tempt</w>
         <c> </c>
         <w xml:id="o4987-208270"
            n="104-a-0620"
            ecep:lem="the"
            ecep:pos="dt"
            ecep:reg="the"
            ecep:spe="the"
            ecep:syllab="1"
            ecep:pron="ðiː">the</w>
         <c> </c>
         <w xml:id="o4987-208280"
            n="104-a-0630"
            ecep:lem="wish"
            ecep:pos="n1"
            ecep:reg="wish"
            ecep:spe="wish"
            ecep:syllab="1"
            ecep:pron="wɪʃ">wish</w>
         <c> </c>
         <w xml:id="o4987-208290"
            n="104-a-0640"
            ecep:lem="of"
            ecep:pos="pp-f"
            ecep:reg="of"
            ecep:spe="of"
            ecep:syllab="1"
            ecep:pron="ɒv">of</w>
         <c> </c>
         <w xml:id="o4987-208300"
            n="104-a-0650"
            ecep:lem="some"
            ecep:pos="d"
            ecep:reg="some"
            ecep:spe="some"
            ecep:syllab="1"
            ecep:pron="sʌm">some</w>
         <c> </c>
         <w xml:id="o4987-208310"
            n="104-a-0660"
            ecep:lem="unpractised"
            ecep:pos="j"
            ecep:reg="unpractised"
            ecep:spe="unpractis'd"
            ecep:syllab="3"
            ecep:pron="ʌnˈpræktɪst">unpractis'd</w>
         <c> </c>
         <w xml:id="o4987-208320"
            n="104-a-0670"
            ecep:lem="maid"
            ecep:pos="n1"
            ecep:reg="maid"
            ecep:spe="maid"
            ecep:syllab="1"
            ecep:pron="meɪd">maid</w>
         <pc xml:id="o4987-208330"
             n="104-a-0680"
             ecep:lem=","
             ecep:pos=","
             ecep:reg=","
             ecep:spe=",">,</pc>
      </l>
      <l xml:id="o4987-l11295">
         <c> </c>
         <w xml:id="o4987-208340"
            n="104-a-0690"
            ecep:lem="who"
            ecep:pos="r-crq"
            ecep:reg="Whose"
            ecep:spe="Whose"
            ecep:syllab="1"
            ecep:pron="huːz">Whose</w>
         <c> </c>
         <w xml:id="o4987-208350"
            n="104-a-0700"
            ecep:lem="heart"
            ecep:pos="n1"
            ecep:reg="heart"
            ecep:spe="heart"
            ecep:syllab="1"
            ecep:pron="hɑːt">heart</w>
         <c> </c>
         <w xml:id="o4987-208360"
            n="104-a-0710"
            ecep:lem="at"
            ecep:pos="p-acp"
            ecep:reg="at"
            ecep:spe="at"
            ecep:syllab="1"
            ecep:pron="æt">at</w>
         <c> </c>
         <w xml:id="o4987-208370"
            n="104-a-0720"
            ecep:lem="once"
            ecep:pos="a-acp"
            ecep:reg="once"
            ecep:spe="once"
            ecep:syllab="1"
            ecep:pron="wʌns">once</w>
         <c> </c>
         <w xml:id="o4987-208380"
            n="104-a-0730"
            ecep:lem="incline"
            ecep:pos="vvz"
            ecep:reg="inclines"
            ecep:spe="inclines"
            ecep:syllab="2"
            ecep:pron="ˈɪnklaɪnz">inclines</w>
         <c> </c>
         <w xml:id="o4987-208390"
            n="104-a-0740"
            ecep:lem="and"
            ecep:pos="cc"
            ecep:reg="and"
            ecep:spe="and"
            ecep:syllab="1"
            ecep:pron="ænd">and</w>
         <c> </c>
         <w xml:id="o4987-208400"
            n="104-a-0750"
            ecep:lem="fear"
            ecep:pos="vvz"
            ecep:reg="fears"
            ecep:spe="fears"
            ecep:syllab="1"
            ecep:pron="fɪəz">fears</w>
         <c> </c>
         <w xml:id="o4987-208410"
            n="104-a-0760"
            ecep:lem="to"
            ecep:pos="pc-acp"
            ecep:reg="to"
            ecep:spe="to"
            ecep:syllab="1"
            ecep:pron="tuː">to</w>
         <c> </c>
         <w xml:id="o4987-208420"
            n="104-a-0770"
            ecep:lem="stray"
            ecep:pos="vvi"
            ecep:reg="stray"
            ecep:spe="stray"
            ecep:syllab="1"
            ecep:pron="streɪ">stray</w>
         <pc xml:id="o4987-208430"
             n="104-a-0780"
             ecep:lem=":"
             ecep:pos=":"
             ecep:reg=":"
             ecep:spe=":">:</pc>
      </l>
   </lg>
   <lg xml:id="o4987-s01610">
      <l xml:id="o4987-l11300">
         <w xml:id="o4987-208460"
            n="104-a-0790"
            ecep:lem="the"
            ecep:pos="dt"
            ecep:reg="The"
            ecep:spe="The"
            ecep:syllab="1"
            ecep:pron="ðiː">The</w>
         <c> </c>
         <w xml:id="o4987-208470"
            n="104-a-0800"
            ecep:lem="sprightly"
            ecep:pos="j"
            ecep:reg="sprightly"
            ecep:spe="sprightly"
            ecep:syllab="2"
            ecep:pron="ˈspraɪtli">sprightly</w>
         <c> </c>
         <w xml:id="o4987-208480"
            n="104-a-0810"
            ecep:lem="vigour"
            ecep:pos="n1"
            ecep:reg="vigour"
            ecep:spe="vigour"
            ecep:syllab="2"
            ecep:pron="ˈvɪgə">vigour</w>
         <c> </c>
         <w xml:id="o4987-208490"
            n="104-a-0820"
            ecep:lem="of"
            ecep:pos="pp-f"
            ecep:reg="of"
            ecep:spe="of"
            ecep:syllab="1"
            ecep:pron="ɒv">of</w>
         <c> </c>
         <w xml:id="o4987-208500"
            n="104-a-0830"
            ecep:lem="my"
            ecep:pos="po11"
            ecep:reg="my"
            ecep:spe="my"
            ecep:syllab="1"
            ecep:pron="maɪ">my</w>
         <c> </c>
         <w xml:id="o4987-208510"
            n="104-a-0840"
            ecep:lem="youth"
            ecep:pos="n1"
            ecep:reg="youth"
            ecep:spe="youth"
            ecep:syllab="1"
            ecep:pron="juːθ">youth</w>
         <c> </c>
         <w xml:id="o4987-208520"
            n="104-a-0850"
            ecep:lem="be"
            ecep:pos="vbz"
            ecep:reg="is"
            ecep:spe="is"
            ecep:syllab="1"
            ecep:pron="ɪz">is</w>
         <c> </c>
         <w xml:id="o4987-208530"
            n="104-a-0860"
            ecep:lem="flee"
            ecep:pos="vvn"
            ecep:reg="fled"
            ecep:spe="fled"
            ecep:syllab="1"
            ecep:pron="fled">fled</w>
         <pc xml:id="o4987-208540"
             n="104-a-0870"
             ecep:lem=","
             ecep:pos=","
             ecep:reg=","
             ecep:spe=",">,</pc>
      </l>
      <l xml:id="o4987-l11305">
         <c> </c>
         <w xml:id="o4987-208550"
            n="104-a-0880"
            ecep:lem="lonely"
            ecep:pos="j"
            ecep:reg="Lonely"
            ecep:spe="Lonely"
            ecep:syllab="2"
            ecep:pron="ˈləʊnli">Lonely</w>
         <c> </c>
         <w xml:id="o4987-208560"
            n="104-a-0890"
            ecep:lem="and"
            ecep:pos="cc"
            ecep:reg="and"
            ecep:spe="and"
            ecep:syllab="1"
            ecep:pron="ænd">and</w>
         <c> </c>
         <w xml:id="o4987-208570"
            n="104-a-0900"
            ecep:lem="sick"
            ecep:pos="j"
            ecep:reg="sick"
            ecep:spe="sick"
            ecep:syllab="1"
            ecep:pron="sɪk">sick</w>
         <c> </c>
         <w xml:id="o4987-208580"
            n="104-a-0910"
            ecep:lem="on"
            ecep:pos="p-acp"
            ecep:reg="on"
            ecep:spe="on"
            ecep:syllab="1"
            ecep:pron="ɒn">on</w>
         <c> </c>
         <w xml:id="o4987-208590"
            n="104-a-0920"
            ecep:lem="death"
            ecep:pos="n1"
            ecep:reg="Death"
            ecep:spe="Death"
            ecep:syllab="1"
            ecep:pron="deθ">Death</w>
         <c> </c>
         <w xml:id="o4987-208600"
            n="104-a-0930"
            ecep:lem="be"
            ecep:pos="vbz"
            ecep:reg="is"
            ecep:spe="is"
            ecep:syllab="1"
            ecep:pron="ɪz">is</w>
         <c> </c>
         <w xml:id="o4987-208610"
            n="104-a-0940"
            ecep:lem="all"
            ecep:pos="d"
            ecep:reg="all"
            ecep:spe="all"
            ecep:syllab="1"
            ecep:pron="ɔːl">all</w>
         <c> </c>
         <w xml:id="o4987-208620"
            n="104-a-0950"
            ecep:lem="my"
            ecep:pos="po11"
            ecep:reg="my"
            ecep:spe="my"
            ecep:syllab="1"
            ecep:pron="maɪ">my</w>
         <c> </c>
         <w xml:id="o4987-208630"
            n="104-a-0960"
            ecep:lem="thought"
            ecep:pos="n1"
            ecep:reg="thought"
            ecep:spe="thought"
            ecep:syllab="1"
            ecep:pron="θɔːt">thought</w>
         <pc xml:id="o4987-208640"
             n="104-a-0970"
             ecep:lem=","
             ecep:pos=","
             ecep:reg=","
             ecep:spe=",">,</pc>
      </l>
      <l xml:id="o4987-l11310">
         <c> </c>
         <w xml:id="o4987-208650"
            n="104-a-0980"
            ecep:lem="o"
            ecep:pos="uh"
            ecep:reg="OH"
            ecep:spe="O"
            ecep:syllab="1"
            ecep:pron="əʊ">O</w>
         <c> </c>
         <w xml:id="o4987-208660"
            n="104-a-0990"
            ecep:lem="spare"
            ecep:pos="vvb"
            ecep:reg="spare"
            ecep:spe="spare"
            ecep:syllab="1"
            ecep:pron="speə">spare</w>
         <pc xml:id="o4987-208670"
             n="104-a-1000"
             ecep:lem=","
             ecep:pos=","
             ecep:reg=","
             ecep:spe=",">,</pc>
         <c> </c>
         <w xml:id="o4987-208680"
            n="104-a-1010"
            ecep:lem="Persephone"
            ecep:pos="np1"
            ecep:reg="Persephone"
            ecep:spe="Persephone"
            ecep:syllab="4"
            ecep:pron="pəˈsefəni">Persephone</w>
         <note n="a" place="bottom" xml:id="o4987-n00090">
            <w xml:id="o4987-208750"
               n="104-a-1020"
               ecep:lem="the"
               ecep:pos="dt"
               ecep:reg="The"
               ecep:spe="The"
               ecep:syllab="1"
               ecep:pron="ðiː">The</w>
            <c> </c>
            <w xml:id="o4987-208760"
               n="104-a-1030"
               ecep:lem="goddess"
               ecep:pos="n1"
               ecep:reg="Goddess"
               ecep:spe="Goddess"
               ecep:syllab="2"
               ecep:pron="ˈgɒdes">Goddess</w>
            <c> </c>
            <w xml:id="o4987-208770"
               n="104-a-1040"
               ecep:lem="of"
               ecep:pos="pp-f"
               ecep:reg="of"
               ecep:spe="of"
               ecep:syllab="1"
               ecep:pron="ɒv">of</w>
            <c> </c>
            <w xml:id="o4987-208780"
               n="104-a-1050"
               ecep:lem="death"
               ecep:pos="n1"
               ecep:reg="Death"
               ecep:spe="Death"
               ecep:syllab="1"
               ecep:pron="deθ">Death</w>
            <pc xml:id="o4987-208790"
                n="104-a-1060"
                unit="sentence"
                ecep:lem="."
                ecep:pos="."
                ecep:reg="."
                ecep:spe=".">.</pc>
         </note>
         <pc xml:id="o4987-208690"
             n="104-a-1070"
             ecep:lem=","
             ecep:pos=","
             ecep:reg=","
             ecep:spe=",">,</pc>
         <c> </c>
         <w xml:id="o4987-208700"
            n="104-a-1080"
            ecep:lem="this"
            ecep:pos="d"
            ecep:reg="this"
            ecep:spe="this"
            ecep:syllab="1"
            ecep:pron="ðɪs">this</w>
         <c> </c>
         <w xml:id="o4987-208710"
            n="104-a-1090"
            ecep:lem="guiltless"
            ecep:pos="j"
            ecep:reg="guiltless"
            ecep:spe="guiltless"
            ecep:syllab="2"
            ecep:pron="ˈgɪltləs">guiltless</w>
         <c> </c>
         <w xml:id="o4987-208720"
            n="104-a-1100"
            ecep:lem="head"
            ecep:pos="n1"
            ecep:reg="head"
            ecep:spe="head"
            ecep:syllab="1"
            ecep:pron="hed">head</w>
         <pc xml:id="o4987-208730"
             n="104-a-1110"
             ecep:lem=","
             ecep:pos=","
             ecep:reg=","
             ecep:spe=",">,</pc>
      </l>
      <l xml:id="o4987-l11315">
         <c> </c>
         <w xml:id="o4987-208800"
            n="104-a-1120"
            ecep:lem="love"
            ecep:pos="np1-n"
            ecep:reg="Love"
            ecep:spe="Love"
            ecep:syllab="1"
            ecep:pron="lʌv">Love</w>
         <pc xml:id="o4987-208810"
             n="104-a-1130"
             ecep:lem=","
             ecep:pos=","
             ecep:reg=","
             ecep:spe=",">,</pc>
         <c> </c>
         <w xml:id="o4987-208820"
            n="104-a-1140"
            ecep:lem="too"
            ecep:pos="av"
            ecep:reg="too"
            ecep:spe="too"
            ecep:syllab="1"
            ecep:pron="tuː">too</w>
         <c> </c>
         <w xml:id="o4987-208830"
            n="104-a-1150"
            ecep:lem="much"
            ecep:pos="d"
            ecep:reg="much"
            ecep:spe="much"
            ecep:syllab="1"
            ecep:pron="mʌtʃ">much</w>
         <c> </c>
         <w xml:id="o4987-208840"
            n="104-a-1160"
            ecep:lem="love"
            ecep:pos="n1"
            ecep:reg="Love"
            ecep:spe="Love"
            ecep:syllab="1"
            ecep:pron="lʌv">Love</w>
         <pc xml:id="o4987-208850"
             n="104-a-1170"
             ecep:lem=","
             ecep:pos=","
             ecep:reg=","
             ecep:spe=",">,</pc>
         <c> </c>
         <w xml:id="o4987-208860"
            n="104-a-1180"
            ecep:lem="be"
            ecep:pos="vbz"
            ecep:reg="is"
            ecep:spe="is"
            ecep:syllab="1"
            ecep:pron="ɪz">is</w>
         <c> </c>
         <w xml:id="o4987-208870"
            n="104-a-1190"
            ecep:lem="all"
            ecep:pos="d"
            ecep:reg="all"
            ecep:spe="all"
            ecep:syllab="1"
            ecep:pron="ɔːl">all</w>
         <c> </c>
         <w xml:id="o4987-208880"
            n="104-a-1200"
            ecep:lem="thy"
            ecep:pos="po21"
            ecep:reg="thy"
            ecep:spe="thy"
            ecep:syllab="1"
            ecep:pron="ðaɪ">thy</w>
         <c> </c>
         <w xml:id="o4987-208890"
            n="104-a-1210"
            ecep:lem="suppliant"
            ecep:pos="ng1"
            ecep:reg="suppliant's"
            ecep:spe="suppliant's"
            ecep:syllab="3"
            ecep:pron="ˈsʌpliəntz">suppliant's</w>
         <c> </c>
         <w xml:id="o4987-208900"
            n="104-a-1220"
            ecep:lem="fault"
            ecep:pos="n1"
            ecep:reg="fault"
            ecep:spe="fault"
            ecep:syllab="1"
            ecep:pron="fɔːlt">fault</w>
         <pc xml:id="o4987-208910"
             n="104-a-1230"
             unit="sentence"
             ecep:lem="."
             ecep:pos="."
             ecep:reg="."
             ecep:spe=".">.</pc>
         <c> </c>
      </l>
   </lg>
   <lg xml:id="o4987-s01615">
      <l xml:id="o4987-l11320">
         <w xml:id="o4987-208940"
            n="104-a-1240"
            ecep:lem="no"
            ecep:pos="uh-x"
            ecep:reg="No"
            ecep:spe="No"
            ecep:syllab="1"
            ecep:pron="nəʊ">No</w>
         <c> </c>
         <w xml:id="o4987-208950"
            n="104-a-1250"
            ecep:lem="virgin"
            ecep:pos="ng1"
            ecep:reg="virgin's"
            ecep:spe="virgin's"
            ecep:syllab="2"
            ecep:pron="ˈvɜːdʒɪnz">virgin's</w>
         <c> </c>
         <w xml:id="o4987-208960"
            n="104-a-1260"
            ecep:lem="easy"
            ecep:pos="j"
            ecep:reg="easy"
            ecep:spe="easy"
            ecep:syllab="2"
            ecep:pron="ˈiːzi">easy</w>
         <c> </c>
         <w xml:id="o4987-208970"
            n="104-a-1270"
            ecep:lem="faith"
            ecep:pos="n1"
            ecep:reg="faith"
            ecep:spe="faith"
            ecep:syllab="1"
            ecep:pron="feɪθ">faith</w>
         <c> </c>
         <w xml:id="o4987-208980"
            n="104-a-1280"
            ecep:lem="i"
            ecep:pos="pns11"
            ecep:reg="I"
            ecep:spe="I"
            ecep:syllab="1"
            ecep:pron="aɪ">I</w>
         <c> </c>
         <w xml:id="o4987-208990"
            n="104-a-1290"
            ecep:lem="ever"
            ecep:pos="av"
            ecep:reg="ever"
            ecep:spe="e'er"
            ecep:syllab="1"
            ecep:pron="eə">e'er</w>
         <c> </c>
         <w xml:id="o4987-209000"
            n="104-a-1300"
            ecep:lem="betray"
            ecep:pos="vvn"
            ecep:reg="betrayed"
            ecep:spe="betray'd"
            ecep:syllab="2"
            ecep:pron="bɪˈtreɪd">betray'd</w>
         <pc xml:id="o4987-209010"
             n="104-a-1310"
             ecep:lem=","
             ecep:pos=","
             ecep:reg=","
             ecep:spe=",">,</pc>
      </l>
      <l xml:id="o4987-l11325">
         <c> </c>
         <w xml:id="o4987-209020"
            n="104-a-1320"
            ecep:lem="my"
            ecep:pos="po11"
            ecep:reg="My"
            ecep:spe="My"
            ecep:syllab="1"
            ecep:pron="maɪ">My</w>
         <c> </c>
         <w xml:id="o4987-209030"
            n="104-a-1330"
            ecep:lem="tongue"
            ecep:pos="n1"
            ecep:reg="tongue"
            ecep:spe="tongue"
            ecep:syllab="1"
            ecep:pron="tʌŋ">tongue</w>
         <c> </c>
         <w xml:id="o4987-209040"
            n="104-a-1340"
            ecep:lem="never"
            ecep:pos="av-x"
            ecep:reg="never"
            ecep:spe="ne'er"
            ecep:syllab="1"
            ecep:pron="neə">ne'er</w>
         <c> </c>
         <w xml:id="o4987-209050"
            n="104-a-1350"
            ecep:lem="boast"
            ecep:pos="vvd"
            ecep:reg="boasted"
            ecep:spe="boasted"
            ecep:syllab="2"
            ecep:pron="bəʊstɪd">boasted</w>
         <c> </c>
         <w xml:id="o4987-209060"
            n="104-a-1360"
            ecep:lem="of"
            ecep:pos="pp-f"
            ecep:reg="of"
            ecep:spe="of"
            ecep:syllab="1"
            ecep:pron="ɒv">of</w>
         <c> </c>
         <w xml:id="o4987-209070"
            n="104-a-1370"
            ecep:lem="a"
            ecep:pos="dt"
            ecep:reg="a"
            ecep:spe="a"
            ecep:syllab="1"
            ecep:pron="ə">a</w>
         <c> </c>
         <w xml:id="o4987-209080"
            n="104-a-1380"
            ecep:lem="feign"
            ecep:pos="j-vvn"
            ecep:reg="feigned"
            ecep:spe="feign'd"
            ecep:syllab="1"
            ecep:pron="feɪnd">feign'd</w>
         <c> </c>
         <w xml:id="o4987-209090"
            n="104-a-1390"
            ecep:lem="embrace"
            ecep:pos="n1"
            ecep:reg="embrace"
            ecep:spe="embrace"
            ecep:syllab="2"
            ecep:pron="ɪmˈbreɪs">embrace</w>
         <pc xml:id="o4987-209100"
             n="104-a-1400"
             ecep:lem=","
             ecep:pos=","
             ecep:reg=","
             ecep:spe=",">,</pc>
      </l>
      <l xml:id="o4987-l11330">
         <c> </c>
         <w xml:id="o4987-209110"
            n="104-a-1410"
            ecep:lem="no"
            ecep:pos="uh-x"
            ecep:reg="No"
            ecep:spe="No"
            ecep:syllab="1"
            ecep:pron="nəʊ">No</w>
         <c> </c>
         <w xml:id="o4987-209120"
            n="104-a-1420"
            ecep:lem="poison"
            ecep:pos="vvz"
            ecep:reg="poisons"
            ecep:spe="poisons"
            ecep:syllab="2"
            ecep:pron="ˈpɔɪznz">poisons</w>
         <c> </c>
         <w xml:id="o4987-209130"
            n="104-a-1430"
            ecep:lem="in"
            ecep:pos="p-acp"
            ecep:reg="in"
            ecep:spe="in"
            ecep:syllab="1"
            ecep:pron="ɪn">in</w>
         <c> </c>
         <w xml:id="o4987-209140"
            n="104-a-1440"
            ecep:lem="the"
            ecep:pos="dt"
            ecep:reg="the"
            ecep:spe="the"
            ecep:syllab="1"
            ecep:pron="ðiː">the</w>
         <c> </c>
         <w xml:id="o4987-209150"
            n="104-a-1450"
            ecep:lem="cup"
            ecep:pos="n1"
            ecep:reg="cup"
            ecep:spe="cup"
            ecep:syllab="1"
            ecep:pron="kʌp">cup</w>
         <c> </c>
         <w xml:id="o4987-209160"
            n="104-a-1460"
            ecep:lem="have"
            ecep:pos="vhb"
            ecep:reg="have"
            ecep:spe="have"
            ecep:syllab="1"
            ecep:pron="hæv">have</w>
         <c> </c>
         <w xml:id="o4987-209170"
            n="104-a-1470"
            ecep:lem="i"
            ecep:pos="pns11"
            ecep:reg="I"
            ecep:spe="I"
            ecep:syllab="1"
            ecep:pron="aɪ">I</w>
         <c> </c>
         <w xml:id="o4987-209180"
            n="104-a-1480"
            ecep:lem="convey"
            ecep:pos="vvn"
            ecep:reg="conveyed"
            ecep:spe="convey'd"
            ecep:syllab="2"
            ecep:pron="kənˈveɪd">convey'd</w>
         <pc xml:id="o4987-209190"
             n="104-a-1490"
             ecep:lem=","
             ecep:pos=","
             ecep:reg=","
             ecep:spe=",">,</pc>
      </l>
      <l xml:id="o4987-l11335">
         <c> </c>
         <w xml:id="o4987-209200"
            n="104-a-1500"
            ecep:lem="nor"
            ecep:pos="ccx"
            ecep:reg="Nor"
            ecep:spe="Nor"
            ecep:syllab="1"
            ecep:pron="nɔː">Nor</w>
         <c> </c>
         <w xml:id="o4987-209210"
            n="104-a-1510"
            ecep:lem="veil"
            ecep:pos="vvd"
            ecep:reg="veiled"
            ecep:spe="veil'd"
            ecep:syllab="1"
            ecep:pron="veɪld">veil'd</w>
         <c> </c>
         <w xml:id="o4987-209220"
            n="104-a-1520"
            ecep:lem="destruction"
            ecep:pos="n1"
            ecep:reg="destruction"
            ecep:spe="destruction"
            ecep:syllab="3"
            ecep:pron="dɪˈstrʌkʃn">destruction</w>
         <c> </c>
         <w xml:id="o4987-209230"
            n="104-a-1530"
            ecep:lem="with"
            ecep:pos="p-acp"
            ecep:reg="with"
            ecep:spe="with"
            ecep:syllab="1"
            ecep:pron="wɪð">with</w>
         <c> </c>
         <w xml:id="o4987-209240"
            n="104-a-1540"
            ecep:lem="a"
            ecep:pos="dt"
            ecep:reg="a"
            ecep:spe="a"
            ecep:syllab="1"
            ecep:pron="ə">a</w>
         <c> </c>
         <w xml:id="o4987-209250"
            n="104-a-1550"
            ecep:lem="friendly"
            ecep:pos="j"
            ecep:reg="friendly"
            ecep:spe="friendly"
            ecep:syllab="2"
            ecep:pron="ˈfrendli">friendly</w>
         <c> </c>
         <w xml:id="o4987-209260"
            n="104-a-1560"
            ecep:lem="face"
            ecep:pos="n1"
            ecep:reg="face"
            ecep:spe="face"
            ecep:syllab="1"
            ecep:pron="feɪs">face</w>
         <pc xml:id="o4987-209270"
             n="104-a-1570"
             ecep:lem=":"
             ecep:pos=":"
             ecep:reg=":"
             ecep:spe=":">:</pc>
      </l>
   </lg>
   <pb facs="105" n="107" rend="none"/>
   <lg xml:id="o4987-s01620">
      <l xml:id="o4987-l11340">
         <w xml:id="o4987-209300"
            n="105-a-0010"
            ecep:lem="no"
            ecep:pos="dx"
            ecep:reg="No"
            ecep:spe="No"
            ecep:syllab="1"
            ecep:pron="nəʊ">No</w>
         <c> </c>
         <w xml:id="o4987-209310"
            n="105-a-0020"
            ecep:lem="secret"
            ecep:pos="j-jn"
            ecep:reg="secret"
            ecep:spe="secret"
            ecep:syllab="2"
            ecep:pron="ˈsiːkrət">secret</w>
         <c> </c>
         <w xml:id="o4987-209320"
            n="105-a-0030"
            ecep:lem="horror"
            ecep:pos="n2"
            ecep:reg="horrors"
            ecep:spe="horrors"
            ecep:syllab="2"
            ecep:pron="ˈhɒrəz">horrors</w>
         <c> </c>
         <w xml:id="o4987-209330"
            n="105-a-0040"
            ecep:lem="gnaw"
            ecep:pos="vvb"
            ecep:reg="gnaw"
            ecep:spe="gnaw"
            ecep:syllab="1"
            ecep:pron="nɔː">gnaw</w>
         <c> </c>
         <w xml:id="o4987-209340"
            n="105-a-0050"
            ecep:lem="this"
            ecep:pos="d"
            ecep:reg="this"
            ecep:spe="this"
            ecep:syllab="1"
            ecep:pron="ðɪs">this</w>
         <c> </c>
         <w xml:id="o4987-209350"
            n="105-a-0060"
            ecep:lem="quiet"
            ecep:pos="j-jn"
            ecep:reg="quiet"
            ecep:spe="quiet"
            ecep:syllab="2"
            ecep:pron="kwæət">quiet</w>
         <c> </c>
         <w xml:id="o4987-209360"
            n="105-a-0070"
            ecep:lem="breast"
            ecep:pos="n1"
            ecep:reg="breast"
            ecep:spe="breast"
            ecep:syllab="1"
            ecep:pron="brest">breast</w>
         <pc xml:id="o4987-209370"
             n="105-a-0080"
             ecep:lem=","
             ecep:pos=","
             ecep:reg=","
             ecep:spe=",">,</pc>
      </l>
      <l xml:id="o4987-l11345">
         <c> </c>
         <w xml:id="o4987-209380"
            n="105-a-0090"
            ecep:lem="this"
            ecep:pos="d"
            ecep:reg="This"
            ecep:spe="This"
            ecep:syllab="1"
            ecep:pron="ðɪs">This</w>
         <c> </c>
         <w xml:id="o4987-209390"
            n="105-a-0100"
            ecep:lem="pious"
            ecep:pos="j"
            ecep:reg="pious"
            ecep:spe="pious"
            ecep:syllab="2"
            ecep:pron="ˈpaɪəs">pious</w>
         <c> </c>
         <w xml:id="o4987-209400"
            n="105-a-0110"
            ecep:lem="hand"
            ecep:pos="n1"
            ecep:reg="hand"
            ecep:spe="hand"
            ecep:syllab="1"
            ecep:pron="hænd">hand</w>
         <c> </c>
         <w xml:id="o4987-209410"
            n="105-a-0120"
            ecep:lem="never"
            ecep:pos="av-x"
            ecep:reg="never"
            ecep:spe="ne'er"
            ecep:syllab="1"
            ecep:pron="neə">ne'er</w>
         <c> </c>
         <w xml:id="o4987-209420"
            n="105-a-0130"
            ecep:lem="rob"
            ecep:pos="vvd"
            ecep:reg="robbed"
            ecep:spe="robb'd"
            ecep:syllab="1"
            ecep:pron="rɒbd">robb'd</w>
         <c> </c>
         <w xml:id="o4987-209430"
            n="105-a-0140"
            ecep:lem="the"
            ecep:pos="dt"
            ecep:reg="the"
            ecep:spe="the"
            ecep:syllab="1"
            ecep:pron="ðiː">the</w>
         <c> </c>
         <w xml:id="o4987-209440"
            n="105-a-0150"
            ecep:lem="sacred"
            ecep:pos="j"
            ecep:reg="sacred"
            ecep:spe="sacred"
            ecep:syllab="1"
            ecep:pron="ˈseɪkrɪd">sacred</w>
         <c> </c>
         <w xml:id="o4987-209450"
            n="105-a-0160"
            ecep:lem="fane"
            ecep:pos="n1"
            ecep:reg="fane"
            ecep:spe="fane"
            ecep:syllab="1"
            ecep:pron="feɪn">fane</w>
         <pc xml:id="o4987-209460"
             n="105-a-0170"
             ecep:lem=","
             ecep:pos=","
             ecep:reg=","
             ecep:spe=",">,</pc>
      </l>
      <l xml:id="o4987-l11350">
         <c> </c>
         <w xml:id="o4987-209470"
            n="105-a-0180"
            ecep:lem="i"
            ecep:pos="pns11"
            ecep:reg="I"
            ecep:spe="I"
            ecep:syllab="1"
            ecep:pron="aɪ">I</w>
         <c> </c>
         <w xml:id="o4987-209480"
            n="105-a-0190"
            ecep:lem="never"
            ecep:pos="av-x"
            ecep:reg="never"
            ecep:spe="ne'er"
            ecep:syllab="1"
            ecep:pron="neə">ne'er</w>
         <c> </c>
         <w xml:id="o4987-209490"
            n="105-a-0200"
            ecep:lem="disturb"
            ecep:pos="vvd"
            ecep:reg="disturbed"
            ecep:spe="disturb'd"
            ecep:syllab="2"
            ecep:pron="dɪˈstɜːbd">disturb'd</w>
         <c> </c>
         <w xml:id="o4987-209500"
            n="105-a-0210"
            ecep:lem="the"
            ecep:pos="dt"
            ecep:reg="the"
            ecep:spe="the"
            ecep:syllab="1"
            ecep:pron="ðiː">the</w>
         <c> </c>
         <w xml:id="o4987-209510"
            n="105-a-0220"
            ecep:lem="god"
            ecep:pos="n2"
            ecep:reg="Gods"
            ecep:spe="Gods"
            ecep:syllab="1"
            ecep:pron="gɒdz">Gods</w>
         <c> </c>
         <w xml:id="o4987-209520"
            n="105-a-0230"
            ecep:lem="eternal"
            ecep:pos="j"
            ecep:reg="eternal"
            ecep:spe="eternal"
            ecep:syllab="3"
            ecep:pron="ɪˈtɜːnl">eternal</w>
         <c> </c>
         <w xml:id="o4987-209530"
            n="105-a-0240"
            ecep:lem="rest"
            ecep:pos="n1"
            ecep:reg="rest"
            ecep:spe="rest"
            ecep:syllab="1"
            ecep:pron="rest">rest</w>
      </l>
      <l xml:id="o4987-l11355">
         <c> </c>
         <w xml:id="o4987-209540"
            n="105-a-0250"
            ecep:lem="with"
            ecep:pos="p-acp"
            ecep:reg="With"
            ecep:spe="With"
            ecep:syllab="1"
            ecep:pron="wɪð">With</w>
         <c> </c>
         <w xml:id="o4987-209550"
            n="105-a-0260"
            ecep:lem="curse"
            ecep:pos="n2"
            ecep:reg="curses"
            ecep:spe="curses"
            ecep:syllab="2"
            ecep:pron="kɜːsɪz">curses</w>
         <c> </c>
         <w xml:id="o4987-209560"
            n="105-a-0270"
            ecep:lem="loud"
            ecep:pos="j"
            ecep:reg="loud"
            ecep:spe="loud"
            ecep:syllab="1"
            ecep:pron="laʊd">loud</w>
         <pc xml:id="o4987-209570"
             n="105-a-0280"
             ecep:lem=","
             ecep:pos=","
             ecep:reg=","
             ecep:spe=",">,</pc>
         <c> </c>
         <pc xml:id="o4987-209580"
             n="105-a-0290"
             ecep:lem="—"
             ecep:pos="—"
             ecep:reg="—"
             ecep:spe="—">—</pc>
         <c> </c>
         <w xml:id="o4987-209590"
            n="105-a-0300"
            ecep:lem="but"
            ecep:pos="cc-acp"
            ecep:reg="but"
            ecep:spe="but"
            ecep:syllab="1"
            ecep:pron="bʌt">but</w>
         <c> </c>
         <w xml:id="o4987-209600"
            n="105-a-0310"
            ecep:lem="oft"
            ecep:pos="av"
            ecep:reg="oft"
            ecep:spe="oft"
            ecep:syllab="1"
            ecep:pron="ɒft">oft</w>
         <c> </c>
         <w xml:id="o4987-209610"
            n="105-a-0320"
            ecep:lem="have"
            ecep:pos="vhi"
            ecep:reg="have"
            ecep:spe="have"
            ecep:syllab="1"
            ecep:pron="hæv">have</w>
         <c> </c>
         <w xml:id="o4987-209620"
            n="105-a-0330"
            ecep:lem="pray"
            ecep:pos="vvn"
            ecep:reg="prayed"
            ecep:spe="pray'd"
            ecep:syllab="1"
            ecep:pron="preɪd">pray'd</w>
         <c> </c>
         <w xml:id="o4987-209630"
            n="105-a-0340"
            ecep:lem="in"
            ecep:pos="p-acp"
            ecep:reg="in"
            ecep:spe="in"
            ecep:syllab="1"
            ecep:pron="ɪn">in</w>
         <c> </c>
         <w xml:id="o4987-209640"
            n="105-a-0350"
            ecep:lem="vain"
            ecep:pos="j"
            ecep:reg="vain"
            ecep:spe="vain"
            ecep:syllab="1"
            ecep:pron="veɪn">vain</w>
         <pc xml:id="o4987-209650"
             n="105-a-0360"
             unit="sentence"
             ecep:lem="."
             ecep:pos="."
             ecep:reg="."
             ecep:spe=".">.</pc>
         <c> </c>
      </l>
   </lg>
   <lg xml:id="o4987-s01625">
      <l xml:id="o4987-l11360">
         <w xml:id="o4987-209680"
            n="105-a-0370"
            ecep:lem="no"
            ecep:pos="uh-x"
            ecep:reg="No"
            ecep:spe="No"
            ecep:syllab="1"
            ecep:pron="nəʊ">No</w>
         <c> </c>
         <w xml:id="o4987-209690"
            n="105-a-0380"
            ecep:lem="stealth"
            ecep:pos="n1"
            ecep:reg="stealth"
            ecep:spe="stealth"
            ecep:syllab="1"
            ecep:pron="stelθ">stealth</w>
         <c> </c>
         <w xml:id="o4987-209700"
            n="105-a-0390"
            ecep:lem="of"
            ecep:pos="pp-f"
            ecep:reg="of"
            ecep:spe="of"
            ecep:syllab="1"
            ecep:pron="ɒv">of</w>
         <c> </c>
         <w xml:id="o4987-209710"
            n="105-a-0400"
            ecep:lem="time"
            ecep:pos="n1"
            ecep:reg="Time"
            ecep:spe="Time"
            ecep:syllab="1"
            ecep:pron="taɪm">Time</w>
         <c> </c>
         <w xml:id="o4987-209720"
            n="105-a-0410"
            ecep:lem="have"
            ecep:pos="vhz"
            ecep:reg="has"
            ecep:spe="has"
            ecep:syllab="1"
            ecep:pron="hæz">has</w>
         <c> </c>
         <w xml:id="o4987-209730"
            n="105-a-0420"
            ecep:lem="thin"
            ecep:pos="vvn"
            ecep:reg="thinned"
            ecep:spe="thinn'd"
            ecep:syllab="1"
            ecep:pron="θɪnd">thinn'd</w>
         <c> </c>
         <w xml:id="o4987-209740"
            n="105-a-0430"
            ecep:lem="my"
            ecep:pos="po11"
            ecep:reg="my"
            ecep:spe="my"
            ecep:syllab="1"
            ecep:pron="maɪ">my</w>
         <c> </c>
         <w xml:id="o4987-209750"
            n="105-a-0440"
            ecep:lem="flow"
            ecep:pos="j-vvg"
            ecep:reg="flowing"
            ecep:spe="flowing"
            ecep:syllab="2"
            ecep:pron="fləʊɪŋ">flowing</w>
         <c> </c>
         <w xml:id="o4987-209760"
            n="105-a-0450"
            ecep:lem="hair"
            ecep:pos="n1"
            ecep:reg="hair"
            ecep:spe="hair"
            ecep:syllab="1"
            ecep:pron="heə">hair</w>
         <pc xml:id="o4987-209770"
             n="105-a-0460"
             ecep:lem=","
             ecep:pos=","
             ecep:reg=","
             ecep:spe=",">,</pc>
      </l>
      <l xml:id="o4987-l11365">
         <c> </c>
         <w xml:id="o4987-209780"
            n="105-a-0470"
            ecep:lem="nor"
            ecep:pos="ccx"
            ecep:reg="Nor"
            ecep:spe="Nor"
            ecep:syllab="1"
            ecep:pron="nɔː">Nor</w>
         <c> </c>
         <w xml:id="o4987-209790"
            n="105-a-0480"
            ecep:lem="age"
            ecep:pos="n1"
            ecep:reg="Age"
            ecep:spe="Age"
            ecep:syllab="1"
            ecep:pron="eɪdʒ">Age</w>
         <c> </c>
         <w xml:id="o4987-209800"
            n="105-a-0490"
            ecep:lem="yet"
            ecep:pos="av"
            ecep:reg="yet"
            ecep:spe="yet"
            ecep:syllab="1"
            ecep:pron="jet">yet</w>
         <c> </c>
         <w xml:id="o4987-209810"
            n="105-a-0500"
            ecep:lem="bend"
            ecep:pos="vvn"
            ecep:reg="bent"
            ecep:spe="bent"
            ecep:syllab="1"
            ecep:pron="bent">bent</w>
         <c> </c>
         <w xml:id="o4987-209820"
            n="105-a-0510"
            ecep:lem="i"
            ecep:pos="pno11"
            ecep:reg="me"
            ecep:spe="me"
            ecep:syllab="1"
            ecep:pron="miː">me</w>
         <c> </c>
         <w xml:id="o4987-209830"
            n="105-a-0520"
            ecep:lem="with"
            ecep:pos="p-acp"
            ecep:reg="with"
            ecep:spe="with"
            ecep:syllab="1"
            ecep:pron="wɪð">with</w>
         <c> </c>
         <w xml:id="o4987-209840"
            n="105-a-0530"
            ecep:lem="his"
            ecep:pos="po31"
            ecep:reg="his"
            ecep:spe="his"
            ecep:syllab="1"
            ecep:pron="hɪz">his</w>
         <c> </c>
         <w xml:id="o4987-209850"
            n="105-a-0540"
            ecep:lem="iron"
            ecep:pos="n1"
            ecep:reg="iron"
            ecep:spe="iron"
            ecep:syllab="2"
            ecep:pron="æən">iron</w>
         <c> </c>
         <w xml:id="o4987-209860"
            n="105-a-0550"
            ecep:lem="hand"
            ecep:pos="n1"
            ecep:reg="hand"
            ecep:spe="hand"
            ecep:syllab="1"
            ecep:pron="hænd">hand</w>
         <pc xml:id="o4987-209870"
             n="105-a-0560"
             ecep:lem=";"
             ecep:pos=";"
             ecep:reg=";"
             ecep:spe=";">;</pc>
      </l>
      <l xml:id="o4987-l11370">
         <c> </c>
         <w xml:id="o4987-209880"
            n="105-a-0570"
            ecep:lem="ah"
            ecep:pos="uh"
            ecep:reg="Ah"
            ecep:spe="Ah"
            ecep:syllab="1"
            ecep:pron="ɑː">Ah</w>
         <pc xml:id="o4987-209885"
             n="105-a-0575"
             ecep:lem="!"
             ecep:pos="!"
             ecep:reg="!"
             ecep:spe="!">!</pc>
         <c> </c>
         <w xml:id="o4987-209890"
            n="105-a-0580"
            ecep:lem="why"
            ecep:pos="uh-crq"
            ecep:reg="why"
            ecep:spe="why"
            ecep:syllab="1"
            ecep:pron="waɪ">why</w>
         <c> </c>
         <w xml:id="o4987-209900"
            n="105-a-0590"
            ecep:lem="so"
            ecep:pos="av"
            ecep:reg="so"
            ecep:spe="so"
            ecep:syllab="1"
            ecep:pron="səʊ">so</w>
         <c> </c>
         <w xml:id="o4987-209910"
            n="105-a-0600"
            ecep:lem="soon"
            ecep:pos="av"
            ecep:reg="soon"
            ecep:spe="soon"
            ecep:syllab="1"
            ecep:pron="suːn">soon</w>
         <c> </c>
         <w xml:id="o4987-209920"
            n="105-a-0610"
            ecep:lem="the"
            ecep:pos="dt"
            ecep:reg="the"
            ecep:spe="the"
            ecep:syllab="1"
            ecep:pron="ðiː">the</w>
         <c> </c>
         <w xml:id="o4987-209930"
            n="105-a-0620"
            ecep:lem="tender"
            ecep:pos="j"
            ecep:reg="tender"
            ecep:spe="tender"
            ecep:syllab="2"
            ecep:pron="ˈtendə">tender</w>
         <c> </c>
         <w xml:id="o4987-209940"
            n="105-a-0630"
            ecep:lem="blossom"
            ecep:pos="n1"
            ecep:reg="blossom"
            ecep:spe="blossom"
            ecep:syllab="2"
            ecep:pron="ˈblɒsm">blossom</w>
         <c> </c>
         <w xml:id="o4987-209950"
            n="105-a-0640"
            ecep:lem="tear"
            ecep:pos="vvi"
            ecep:reg="tear"
            ecep:spe="tear"
            ecep:syllab="1"
            ecep:pron="teə">tear</w>
         <pc xml:id="o4987-209960"
             n="105-a-0650"
             unit="sentence"
             ecep:lem="?"
             ecep:pos="?"
             ecep:reg="?"
             ecep:spe="?">?</pc>
         <c> </c>
      </l>
      <l xml:id="o4987-l11375">
         <w xml:id="o4987-209970"
            n="105-a-0660"
            ecep:lem="ever"
            ecep:pos="av"
            ecep:reg="Ever"
            ecep:spe="E'er"
            ecep:syllab="1"
            ecep:pron="eə">E'er</w>
         <c> </c>
         <w xml:id="o4987-209980"
            n="105-a-0670"
            ecep:lem="autumn"
            ecep:pos="n1"
            ecep:reg="Autumn"
            ecep:spe="Autumn"
            ecep:syllab="2"
            ecep:pron="ˈɔːtəm">Autumn</w>
         <c> </c>
         <w xml:id="o4987-209990"
            n="105-a-0680"
            ecep:lem="yet"
            ecep:pos="av"
            ecep:reg="yet"
            ecep:spe="yet"
            ecep:syllab="1"
            ecep:pron="jet">yet</w>
         <c> </c>
         <w xml:id="o4987-210000"
            n="105-a-0690"
            ecep:lem="the"
            ecep:pos="dt"
            ecep:reg="the"
            ecep:spe="the"
            ecep:syllab="1"
            ecep:pron="ðiː">the</w>
         <c> </c>
         <w xml:id="o4987-210010"
            n="105-a-0700"
            ecep:lem="ripen"
            ecep:pos="j-vvn"
            ecep:reg="ripened"
            ecep:spe="ripen'd"
            ecep:syllab="2"
            ecep:pron="ˈraɪpnd">ripen'd</w>
         <c> </c>
         <w xml:id="o4987-210020"
            n="105-a-0710"
            ecep:lem="fruit"
            ecep:pos="n1"
            ecep:reg="fruit"
            ecep:spe="fruit"
            ecep:syllab="1"
            ecep:pron="fruːt">fruit</w>
         <c> </c>
         <w xml:id="o4987-210030"
            n="105-a-0720"
            ecep:lem="demand"
            ecep:pos="vvi"
            ecep:reg="demand"
            ecep:spe="demand"
            ecep:syllab="2"
            ecep:pron="dɪˈmɑːnd">demand</w>
         <pc xml:id="o4987-210040"
             n="105-a-0730"
             unit="sentence"
             ecep:lem="."
             ecep:pos="."
             ecep:reg="."
             ecep:spe=".">.</pc>
         <c> </c>
      </l>
   </lg>
   <lg xml:id="o4987-s01630">
      <l xml:id="o4987-l11380">
         <w xml:id="o4987-210070"
            n="105-a-0740"
            ecep:lem="you"
            ecep:pos="pn22"
            ecep:reg="You"
            ecep:spe="Ye"
            ecep:syllab="1"
            ecep:pron="jiː">Ye</w>
         <c> </c>
         <w xml:id="o4987-210080"
            n="105-a-0750"
            ecep:lem="god"
            ecep:pos="n2"
            ecep:reg="Gods"
            ecep:spe="Gods"
            ecep:syllab="1"
            ecep:pron="gɒdz">Gods</w>
         <pc xml:id="o4987-210090"
             n="105-a-0760"
             ecep:lem=","
             ecep:pos=","
             ecep:reg=","
             ecep:spe=",">,</pc>
         <c> </c>
         <w xml:id="o4987-210100"
            n="105-a-0770"
            ecep:lem="whoever"
            ecep:pos="q-crq"
            ecep:reg="whoever"
            ecep:spe="whoe'er"
            ecep:syllab="2"
            ecep:pron="huːˈeə">whoe'er</w>
         <pc xml:id="o4987-210110"
             n="105-a-0780"
             ecep:lem=","
             ecep:pos=","
             ecep:reg=","
             ecep:spe=",">,</pc>
         <c> </c>
         <w xml:id="o4987-210120"
            n="105-a-0790"
            ecep:lem="in"
            ecep:pos="p-acp"
            ecep:reg="in"
            ecep:spe="in"
            ecep:syllab="1"
            ecep:pron="ɪn">in</w>
         <c> </c>
         <w xml:id="o4987-210130"
            n="105-a-0800"
            ecep:lem="gloomy"
            ecep:pos="j"
            ecep:reg="gloomy"
            ecep:spe="gloomy"
            ecep:syllab="2"
            ecep:pron="ˈgluːmi">gloomy</w>
         <c> </c>
         <w xml:id="o4987-210140"
            n="105-a-0810"
            ecep:lem="shade"
            ecep:pos="n2"
            ecep:reg="shades"
            ecep:spe="shades"
            ecep:syllab="1"
            ecep:pron="ʃeɪdz">shades</w>
         <c> </c>
         <w xml:id="o4987-210150"
            n="105-a-0820"
            ecep:lem="below"
            ecep:pos="a-acp"
            ecep:reg="below"
            ecep:spe="below"
            ecep:syllab="2"
            ecep:pron="bɪˈləʊ">below</w>
         <pc xml:id="o4987-210160"
             n="105-a-0830"
             ecep:lem=","
             ecep:pos=","
             ecep:reg=","
             ecep:spe=",">,</pc>
      </l>
      <l xml:id="o4987-l11385">
         <c> </c>
         <w xml:id="o4987-210170"
            n="105-a-0840"
            ecep:lem="now"
            ecep:pos="av"
            ecep:reg="Now"
            ecep:spe="Now"
            ecep:syllab="1"
            ecep:pron="naʊ">Now</w>
         <c> </c>
         <w xml:id="o4987-210180"
            n="105-a-0850"
            ecep:lem="slow"
            ecep:pos="av-j"
            ecep:reg="slowly"
            ecep:spe="slowly"
            ecep:syllab="2"
            ecep:pron="sləʊli">slowly</w>
         <c> </c>
         <w xml:id="o4987-210190"
            n="105-a-0860"
            ecep:lem="tread"
            ecep:pos="vvb"
            ecep:reg="tread"
            ecep:spe="tread"
            ecep:syllab="1"
            ecep:pron="tred">tread</w>
         <c> </c>
         <w xml:id="o4987-210200"
            n="105-a-0870"
            ecep:lem="your"
            ecep:pos="po22"
            ecep:reg="your"
            ecep:spe="your"
            ecep:syllab="1"
            ecep:pron="jɔː">your</w>
         <c> </c>
         <w xml:id="o4987-210210"
            n="105-a-0880"
            ecep:lem="melancholy"
            ecep:pos="j-jn"
            ecep:reg="melancholy"
            ecep:spe="melancholy"
            ecep:syllab="4"
            ecep:pron="ˈmelənkli">melancholy</w>
         <c> </c>
         <w xml:id="o4987-210220"
            n="105-a-0890"
            ecep:lem="round"
            ecep:pos="n1"
            ecep:reg="round"
            ecep:spe="round"
            ecep:syllab="1"
            ecep:pron="raʊnd">round</w>
         <pc xml:id="o4987-210230"
             n="105-a-0900"
             ecep:lem=","
             ecep:pos=","
             ecep:reg=","
             ecep:spe=",">,</pc>
      </l>
      <l xml:id="o4987-l11390">
         <c> </c>
         <w xml:id="o4987-210240"
            n="105-a-0910"
            ecep:lem="now"
            ecep:pos="av"
            ecep:reg="Now"
            ecep:spe="Now"
            ecep:syllab="1"
            ecep:pron="naʊ">Now</w>
         <c> </c>
         <w xml:id="o4987-210250"
            n="105-a-0920"
            ecep:lem="wander"
            ecep:pos="vvg"
            ecep:reg="wandering"
            ecep:spe="wandering"
            ecep:syllab="3"
            ecep:pron="ˈwɒndrɪŋ">wandering</w>
         <c> </c>
         <w xml:id="o4987-210260"
            n="105-a-0930"
            ecep:lem="view"
            ecep:pos="n1"
            ecep:reg="view"
            ecep:spe="view"
            ecep:syllab="1"
            ecep:pron="vjuː">view</w>
         <c> </c>
         <w xml:id="o4987-210270"
            n="105-a-0940"
            ecep:lem="the"
            ecep:pos="dt"
            ecep:reg="the"
            ecep:spe="the"
            ecep:syllab="1"
            ecep:pron="ðiː">the</w>
         <c> </c>
         <w xml:id="o4987-210280"
            n="105-a-0950"
            ecep:lem="paleful"
            ecep:pos="j"
            ecep:reg="paleful"
            ecep:spe="paleful"
            ecep:syllab="3"
            ecep:pron="pˈeɪlfəl">paleful</w>
         <c> </c>
         <w xml:id="o4987-210290"
            n="105-a-0960"
            ecep:lem="river"
            ecep:pos="n2"
            ecep:reg="rivers"
            ecep:spe="rivers"
            ecep:syllab="2"
            ecep:pron="ˈrɪvəz">rivers</w>
         <c> </c>
         <w xml:id="o4987-210300"
            n="105-a-0970"
            ecep:lem="flow"
            ecep:pos="vvb"
            ecep:reg="flow"
            ecep:spe="flow"
            ecep:syllab="1"
            ecep:pron="fləʊ">flow</w>
         <pc xml:id="o4987-210310"
             n="105-a-0980"
             ecep:lem=","
             ecep:pos=","
             ecep:reg=","
             ecep:spe=",">,</pc>
      </l>
      <l xml:id="o4987-l11395">
         <c> </c>
         <w xml:id="o4987-210320"
            n="105-a-0990"
            ecep:lem="and"
            ecep:pos="cc"
            ecep:reg="And"
            ecep:spe="And"
            ecep:syllab="1"
            ecep:pron="ænd">And</w>
         <c> </c>
         <w xml:id="o4987-210330"
            n="105-a-1000"
            ecep:lem="muse"
            ecep:pos="vvg"
            ecep:reg="musing"
            ecep:spe="musing"
            ecep:syllab="2"
            ecep:pron="mjuːzɪŋ">musing</w>
         <c> </c>
         <w xml:id="o4987-210340"
            n="105-a-1010"
            ecep:lem="harken"
            ecep:pos="vvb"
            ecep:reg="harken"
            ecep:spe="hearken"
            ecep:syllab="2"
            ecep:pron="ˈhɑːkn">hearken</w>
         <c> </c>
         <w xml:id="o4987-210350"
            n="105-a-1020"
            ecep:lem="to"
            ecep:pos="p-acp"
            ecep:reg="to"
            ecep:spe="to"
            ecep:syllab="1"
            ecep:pron="tuː">to</w>
         <c> </c>
         <w xml:id="o4987-210360"
            n="105-a-1030"
            ecep:lem="their"
            ecep:pos="po32"
            ecep:reg="their"
            ecep:spe="their"
            ecep:syllab="1"
            ecep:pron="ðeə">their</w>
         <c> </c>
         <w xml:id="o4987-210370"
            n="105-a-1040"
            ecep:lem="solemn"
            ecep:pos="j"
            ecep:reg="solemn"
            ecep:spe="solemn"
            ecep:syllab="2"
            ecep:pron="ˈsɒləm">solemn</w>
         <c> </c>
         <w xml:id="o4987-210380"
            n="105-a-1050"
            ecep:lem="sound"
            ecep:pos="n1"
            ecep:reg="sound"
            ecep:spe="sound"
            ecep:syllab="1"
            ecep:pron="saʊnd">sound</w>
         <pc xml:id="o4987-210390"
             n="105-a-1060"
             ecep:lem=":"
             ecep:pos=":"
             ecep:reg=":"
             ecep:spe=":">:</pc>
      </l>
   </lg>
   <lg xml:id="o4987-s01635">
      <l xml:id="o4987-l11400">
         <w xml:id="o4987-210420"
            n="105-a-1070"
            ecep:lem="o"
            ecep:pos="uh"
            ecep:reg="OH"
            ecep:spe="O"
            ecep:syllab="1"
            ecep:pron="əʊ">O</w>
         <c> </c>
         <w xml:id="o4987-210430"
            n="105-a-1080"
            ecep:lem="let"
            ecep:pos="vvb"
            ecep:reg="let"
            ecep:spe="let"
            ecep:syllab="1"
            ecep:pron="let">let</w>
         <c> </c>
         <w xml:id="o4987-210440"
            n="105-a-1090"
            ecep:lem="i"
            ecep:pos="pno11"
            ecep:reg="me"
            ecep:spe="me"
            ecep:syllab="1"
            ecep:pron="miː">me</w>
         <c> </c>
         <w xml:id="o4987-210450"
            n="105-a-1100"
            ecep:lem="still"
            ecep:pos="av"
            ecep:reg="still"
            ecep:spe="still"
            ecep:syllab="1"
            ecep:pron="stɪl">still</w>
         <c> </c>
         <w xml:id="o4987-210460"
            n="105-a-1110"
            ecep:lem="enjoy"
            ecep:pos="vvi"
            ecep:reg="enjoy"
            ecep:spe="enjoy"
            ecep:syllab="2"
            ecep:pron="ɪnˈdʒɔɪ">enjoy</w>
         <c> </c>
         <w xml:id="o4987-210470"
            n="105-a-1120"
            ecep:lem="the"
            ecep:pos="dt"
            ecep:reg="the"
            ecep:spe="the"
            ecep:syllab="1"
            ecep:pron="ðiː">the</w>
         <c> </c>
         <w xml:id="o4987-210480"
            n="105-a-1130"
            ecep:lem="cheerful"
            ecep:pos="j"
            ecep:reg="cheerful"
            ecep:spe="chearful"
            ecep:syllab="2"
            ecep:pron="ˈtʃɪəfl">chearful</w>
         <c> </c>
         <w xml:id="o4987-210490"
            n="105-a-1140"
            ecep:lem="day"
            ecep:pos="n1"
            ecep:reg="day"
            ecep:spe="day"
            ecep:syllab="1"
            ecep:pron="deɪ">day</w>
         <pc xml:id="o4987-210500"
             n="105-a-1150"
             ecep:lem=","
             ecep:pos=","
             ecep:reg=","
             ecep:spe=",">,</pc>
      </l>
      <l xml:id="o4987-l11405">
         <c> </c>
         <w xml:id="o4987-210510"
            n="105-a-1160"
            ecep:lem="till"
            ecep:pos="c-acp"
            ecep:reg="Till"
            ecep:spe="Till"
            ecep:syllab="1"
            ecep:pron="tɪl">Till</w>
         <c> </c>
         <w xml:id="o4987-210520"
            n="105-a-1170"
            ecep:lem="many"
            ecep:pos="d"
            ecep:reg="many"
            ecep:spe="many"
            ecep:syllab="2"
            ecep:pron="ˈmeni">many</w>
         <c> </c>
         <w xml:id="o4987-210530"
            n="105-a-1180"
            ecep:lem="year"
            ecep:pos="n2"
            ecep:reg="years"
            ecep:spe="years"
            ecep:syllab="1"
            ecep:pron="jɪəz">years</w>
         <c> </c>
         <w xml:id="o4987-210540"
            n="105-a-1190"
            ecep:lem="unheeded"
            ecep:pos="j"
            ecep:reg="unheeded"
            ecep:spe="unheeded"
            ecep:syllab="3"
            ecep:pron="ʌnˈhiːdɪd">unheeded</w>
         <c> </c>
         <w xml:id="o4987-210550"
            n="105-a-1200"
            ecep:lem="over"
            ecep:pos="p-acp"
            ecep:reg="over"
            ecep:spe="o'er"
            ecep:syllab="1"
            ecep:pron="ˈɔːə">o'er</w>
         <c> </c>
         <w xml:id="o4987-210560"
            n="105-a-1210"
            ecep:lem="i"
            ecep:pos="pno11"
            ecep:reg="me"
            ecep:spe="me"
            ecep:syllab="1"
            ecep:pron="miː">me</w>
         <c> </c>
         <w xml:id="o4987-210570"
            n="105-a-1220"
            ecep:lem="roll"
            ecep:pos="vvn"
            ecep:reg="rolled"
            ecep:spe="roll'd"
            ecep:syllab="1"
            ecep:pron="rəʊld">roll'd</w>
         <pc xml:id="o4987-210580"
             n="105-a-1230"
             ecep:lem=","
             ecep:pos=","
             ecep:reg=","
             ecep:spe=",">,</pc>
      </l>
      <l xml:id="o4987-l11410">
         <c> </c>
         <w xml:id="o4987-210590"
            n="105-a-1240"
            ecep:lem="please"
            ecep:pos="vvn"
            ecep:reg="Pleased"
            ecep:spe="Pleas'd"
            ecep:syllab="1"
            ecep:pron="pliːzd">Pleas'd</w>
         <c> </c>
         <w xml:id="o4987-210600"
            n="105-a-1250"
            ecep:lem="in"
            ecep:pos="p-acp"
            ecep:reg="in"
            ecep:spe="in"
            ecep:syllab="1"
            ecep:pron="ɪn">in</w>
         <c> </c>
         <w xml:id="o4987-210610"
            n="105-a-1260"
            ecep:lem="my"
            ecep:pos="po11"
            ecep:reg="my"
            ecep:spe="my"
            ecep:syllab="1"
            ecep:pron="maɪ">my</w>
         <c> </c>
         <w xml:id="o4987-210620"
            n="105-a-1270"
            ecep:lem="age"
            ecep:pos="n1"
            ecep:reg="age"
            ecep:spe="age"
            ecep:syllab="1"
            ecep:pron="eɪdʒ">age</w>
         <c> </c>
         <w xml:id="o4987-210630"
            n="105-a-1280"
            ecep:lem="i"
            ecep:pos="pns11"
            ecep:reg="I"
            ecep:spe="I"
            ecep:syllab="1"
            ecep:pron="aɪ">I</w>
         <c> </c>
         <w xml:id="o4987-210640"
            n="105-a-1290"
            ecep:lem="trifle"
            ecep:pos="vvb"
            ecep:reg="trifle"
            ecep:spe="trifle"
            ecep:syllab="2"
            ecep:pron="ˈtraɪfl">trifle</w>
         <c> </c>
         <w xml:id="o4987-210650"
            n="105-a-1300"
            ecep:lem="life"
            ecep:pos="n1"
            ecep:reg="life"
            ecep:spe="life"
            ecep:syllab="1"
            ecep:pron="laɪf">life</w>
         <c> </c>
         <w xml:id="o4987-210660"
            n="105-a-1310"
            ecep:lem="away"
            ecep:pos="av"
            ecep:reg="away"
            ecep:spe="away"
            ecep:syllab="2"
            ecep:pron="əˈweɪ">away</w>
         <pc xml:id="o4987-210670"
             n="105-a-1320"
             ecep:lem=","
             ecep:pos=","
             ecep:reg=","
             ecep:spe=",">,</pc>
      </l>
      <l xml:id="o4987-l11415">
         <c> </c>
         <w xml:id="o4987-210680"
            n="105-a-1330"
            ecep:lem="and"
            ecep:pos="cc"
            ecep:reg="And"
            ecep:spe="And"
            ecep:syllab="1"
            ecep:pron="ænd">And</w>
         <c> </c>
         <w xml:id="o4987-210690"
            n="105-a-1340"
            ecep:lem="tell"
            ecep:pos="vvb"
            ecep:reg="tell"
            ecep:spe="tell"
            ecep:syllab="1"
            ecep:pron="tel">tell</w>
         <c> </c>
         <w xml:id="o4987-210700"
            n="105-a-1350"
            ecep:lem="how"
            ecep:pos="c-crq"
            ecep:reg="how"
            ecep:spe="how"
            ecep:syllab="1"
            ecep:pron="haʊ">how</w>
         <c> </c>
         <w xml:id="o4987-210710"
            n="105-a-1360"
            ecep:lem="much"
            ecep:pos="av-d"
            ecep:reg="much"
            ecep:spe="much"
            ecep:syllab="1"
            ecep:pron="mʌtʃ">much</w>
         <c> </c>
         <w xml:id="o4987-210720"
            n="105-a-1370"
            ecep:lem="we"
            ecep:pos="pns12"
            ecep:reg="we"
            ecep:spe="we"
            ecep:syllab="1"
            ecep:pron="wiː">we</w>
         <c> </c>
         <w xml:id="o4987-210730"
            n="105-a-1380"
            ecep:lem="love"
            ecep:pos="vvd"
            ecep:reg="loved"
            ecep:spe="lov'd"
            ecep:syllab="1"
            ecep:pron="ˈlʌvd">lov'd</w>
         <pc xml:id="o4987-210740"
             n="105-a-1390"
             ecep:lem=","
             ecep:pos=","
             ecep:reg=","
             ecep:spe=",">,</pc>
         <c> </c>
         <w xml:id="o4987-210750"
            n="105-a-1400"
            ecep:lem="ever"
            ecep:pos="av"
            ecep:reg="ever"
            ecep:spe="e'er"
            ecep:syllab="1"
            ecep:pron="eə">e'er</w>
         <c> </c>
         <w xml:id="o4987-210760"
            n="105-a-1410"
            ecep:lem="i"
            ecep:pos="pns11"
            ecep:reg="I"
            ecep:spe="I"
            ecep:syllab="1"
            ecep:pron="aɪ">I</w>
         <c> </c>
         <w xml:id="o4987-210770"
            n="105-a-1420"
            ecep:lem="grow"
            ecep:pos="vvd"
            ecep:reg="grew"
            ecep:spe="grew"
            ecep:syllab="1"
            ecep:pron="gruː">grew</w>
         <c> </c>
         <w xml:id="o4987-210780"
            n="105-a-1430"
            ecep:lem="old"
            ecep:pos="j"
            ecep:reg="old"
            ecep:spe="old"
            ecep:syllab="1"
            ecep:pron="əʊld">old</w>
         <pc xml:id="o4987-210790"
             n="105-a-1440"
             unit="sentence"
             ecep:lem="."
             ecep:pos="."
             ecep:reg="."
             ecep:spe=".">.</pc>
         <c> </c>
      </l>
   </lg>
   <lg xml:id="o4987-s01640">
      <l xml:id="o4987-l11420">
         <w xml:id="o4987-210820"
            n="105-a-1450"
            ecep:lem="but"
            ecep:pos="p-acp"
            ecep:reg="But"
            ecep:spe="But"
            ecep:syllab="1"
            ecep:pron="bʌt">But</w>
         <c> </c>
         <w xml:id="o4987-210830"
            n="105-a-1460"
            ecep:lem="you"
            ecep:pos="pn22"
            ecep:reg="you"
            ecep:spe="you"
            ecep:syllab="1"
            ecep:pron="juː">you</w>
         <pc xml:id="o4987-210840"
             n="105-a-1470"
             ecep:lem=","
             ecep:pos=","
             ecep:reg=","
             ecep:spe=",">,</pc>
         <c> </c>
         <w xml:id="o4987-210850"
            n="105-a-1480"
            ecep:lem="who"
            ecep:pos="r-crq"
            ecep:reg="who"
            ecep:spe="who"
            ecep:syllab="1"
            ecep:pron="huː">who</w>
         <c> </c>
         <w xml:id="o4987-210860"
            n="105-a-1490"
            ecep:lem="now"
            ecep:pos="av"
            ecep:reg="now"
            ecep:spe="now"
            ecep:syllab="1"
            ecep:pron="naʊ">now</w>
         <c> </c>
         <w xml:id="o4987-210870"
            n="105-a-1500"
            ecep:lem="with"
            ecep:pos="p-acp"
            ecep:reg="with"
            ecep:spe="with"
            ecep:syllab="1"
            ecep:pron="wɪð">with</w>
         <c> </c>
         <w xml:id="o4987-210880"
            n="105-a-1510"
            ecep:lem="festive"
            ecep:pos="j"
            ecep:reg="festive"
            ecep:spe="festive"
            ecep:syllab="2"
            ecep:pron="ˈfestɪv">festive</w>
         <c> </c>
         <w xml:id="o4987-210890"
            n="105-a-1520"
            ecep:lem="garland"
            ecep:pos="n2"
            ecep:reg="garlands"
            ecep:spe="garlands"
            ecep:syllab="2"
            ecep:pron="ˈgɑːləndz">garlands</w>
         <c> </c>
         <w xml:id="o4987-210900"
            n="105-a-1530"
            ecep:lem="crown"
            ecep:pos="vvn"
            ecep:reg="crowned"
            ecep:spe="crown'd"
            ecep:syllab="1"
            ecep:pron="kraʊnd">crown'd</w>
      </l>
      <l xml:id="o4987-l11425">
         <c> </c>
         <w xml:id="o4987-210910"
            n="105-a-1540"
            ecep:lem="in"
            ecep:pos="p-acp"
            ecep:reg="In"
            ecep:spe="In"
            ecep:syllab="1"
            ecep:pron="ɪn">In</w>
         <c> </c>
         <w xml:id="o4987-210920"
            n="105-a-1550"
            ecep:lem="chace"
            ecep:pos="n1"
            ecep:reg="chase"
            ecep:spe="chace"
            ecep:syllab="1"
            ecep:pron="ˈtʃeɪs">chace</w>
         <c> </c>
         <w xml:id="o4987-210930"
            n="105-a-1560"
            ecep:lem="of"
            ecep:pos="pp-f"
            ecep:reg="of"
            ecep:spe="of"
            ecep:syllab="1"
            ecep:pron="ɒv">of</w>
         <c> </c>
         <w xml:id="o4987-210940"
            n="105-a-1570"
            ecep:lem="pleasure"
            ecep:pos="n1"
            ecep:reg="Pleasure"
            ecep:spe="Pleasure"
            ecep:syllab="2"
            ecep:pron="ˈpleʒə">Pleasure</w>
         <c> </c>
         <w xml:id="o4987-210950"
            n="105-a-1580"
            ecep:lem="the"
            ecep:pos="dt"
            ecep:reg="the"
            ecep:spe="the"
            ecep:syllab="1"
            ecep:pron="ðiː">the</w>
         <c> </c>
         <w xml:id="o4987-210960"
            n="105-a-1590"
            ecep:lem="gay"
            ecep:pos="j"
            ecep:reg="gay"
            ecep:spe="gay"
            ecep:syllab="1"
            ecep:pron="geɪ">gay</w>
         <c> </c>
         <w xml:id="o4987-210970"
            n="105-a-1600"
            ecep:lem="moment"
            ecep:pos="n2"
            ecep:reg="moments"
            ecep:spe="moments"
            ecep:syllab="2"
            ecep:pron="ˈməʊmənts">moments</w>
         <c> </c>
         <w xml:id="o4987-210980"
            n="105-a-1610"
            ecep:lem="spend"
            ecep:pos="vvi"
            ecep:reg="spend"
            ecep:spe="spend"
            ecep:syllab="1"
            ecep:pron="spend">spend</w>
         <pc xml:id="o4987-210990"
             n="105-a-1620"
             ecep:lem=","
             ecep:pos=","
             ecep:reg=","
             ecep:spe=",">,</pc>
      </l>
      <l xml:id="o4987-l11430">
         <c> </c>
         <w xml:id="o4987-211000"
            n="105-a-1630"
            ecep:lem="by"
            ecep:pos="p-acp"
            ecep:reg="By"
            ecep:spe="By"
            ecep:syllab="1"
            ecep:pron="baɪ">By</w>
         <c> </c>
         <w xml:id="o4987-211010"
            n="105-a-1640"
            ecep:lem="quick"
            ecep:pos="j"
            ecep:reg="quick"
            ecep:spe="quick"
            ecep:syllab="1"
            ecep:pron="kwɪk">quick</w>
         <c> </c>
         <w xml:id="o4987-211020"
            n="105-a-1650"
            ecep:lem="enjoyment"
            ecep:pos="n1"
            ecep:reg="enjoyment"
            ecep:spe="enjoyment"
            ecep:syllab="3"
            ecep:pron="ɪnˈdʒɔɪmənt">enjoyment</w>
         <c> </c>
         <w xml:id="o4987-211030"
            n="105-a-1660"
            ecep:lem="heal"
            ecep:pos="vvi"
            ecep:reg="heal"
            ecep:spe="heal"
            ecep:syllab="1"
            ecep:pron="hiːl">heal</w>
         <c> </c>
         <w xml:id="o4987-211040"
            n="105-a-1670"
            ecep:lem="love"
            ecep:pos="ng1"
            ecep:reg="Love's"
            ecep:spe="Love's"
            ecep:syllab="1"
            ecep:pron="ˈlʌvz">Love's</w>
         <c> </c>
         <w xml:id="o4987-211050"
            n="105-a-1680"
            ecep:lem="please"
            ecep:pos="j-vvg"
            ecep:reg="pleasing"
            ecep:spe="pleasing"
            ecep:syllab="2"
            ecep:pron="pliːzɪŋ">pleasing</w>
         <c> </c>
         <w xml:id="o4987-211060"
            n="105-a-1690"
            ecep:lem="wound"
            ecep:pos="n1"
            ecep:reg="wound"
            ecep:spe="wound"
            ecep:syllab="1"
            ecep:pron="wuːnd">wound</w>
         <pc xml:id="o4987-211070"
             n="105-a-1700"
             ecep:lem=","
             ecep:pos=","
             ecep:reg=","
             ecep:spe=",">,</pc>
      </l>
      <l xml:id="o4987-l11435">
         <c> </c>
         <w xml:id="o4987-211080"
            n="105-a-1710"
            ecep:lem="and"
            ecep:pos="cc"
            ecep:reg="And"
            ecep:spe="And"
            ecep:syllab="1"
            ecep:pron="ænd">And</w>
         <c> </c>
         <w xml:id="o4987-211090"
            n="105-a-1720"
            ecep:lem="grieve"
            ecep:pos="vvi"
            ecep:reg="grieve"
            ecep:spe="grieve"
            ecep:syllab="1"
            ecep:pron="griːv">grieve</w>
         <c> </c>
         <w xml:id="o4987-211100"
            n="105-a-1730"
            ecep:lem="for"
            ecep:pos="p-acp"
            ecep:reg="for"
            ecep:spe="for"
            ecep:syllab="1"
            ecep:pron="fɔː">for</w>
         <c> </c>
         <w xml:id="o4987-211110"
            n="105-a-1740"
            ecep:lem="nothing"
            ecep:pos="pix"
            ecep:reg="nothing"
            ecep:spe="nothing"
            ecep:syllab="2"
            ecep:pron="ˈnʌθɪŋ">nothing</w>
         <c> </c>
         <w xml:id="o4987-211120"
            n="105-a-1750"
            ecep:lem="but"
            ecep:pos="cc-acp"
            ecep:reg="but"
            ecep:spe="but"
            ecep:syllab="1"
            ecep:pron="bʌt">but</w>
         <c> </c>
         <w xml:id="o4987-211130"
            n="105-a-1760"
            ecep:lem="your"
            ecep:pos="po22"
            ecep:reg="your"
            ecep:spe="your"
            ecep:syllab="1"
            ecep:pron="jɔː">your</w>
         <c> </c>
         <w xml:id="o4987-211140"
            n="105-a-1770"
            ecep:lem="absent"
            ecep:pos="j"
            ecep:reg="absent"
            ecep:spe="absent"
            ecep:syllab="2"
            ecep:pron="ˈæbsnt">absent</w>
         <c> </c>
         <w xml:id="o4987-211150"
            n="105-a-1780"
            ecep:lem="friend"
            ecep:pos="n1"
            ecep:reg="Friend"
            ecep:spe="Friend"
            ecep:syllab="1"
            ecep:pron="frend">Friend</w>
         <pc xml:id="o4987-211160"
             n="105-a-1790"
             unit="sentence"
             ecep:lem="."
             ecep:pos="."
             ecep:reg="."
             ecep:spe=".">.</pc>
         <c> </c>
      </l>
   </lg>
</div>
