<?xml version="1.0" encoding="UTF-8"?>
<?xml-model href="../tei_all.rnc" type="application/relax-ng-compact-syntax"?>
<TEI xmlns="http://www.tei-c.org/ns/1.0">
   <teiHeader>
      <fileDesc>
         <titleStmt>
            <title corresp="#txt_ShenWi1714_w0026">SONG I.</title>
            <author corresp="authors.xml#aut_ShenWi1714">William Shenstone</author>
            <respStmt>
               <name xml:id="AH">Alexander Huber</name>
               <resp>Editor</resp>
            </respStmt>
            <funder>
               <name type="institution" xml:id="BOD">Bodleian Libraries, University of Oxford</name>
               <address>
                  <addrLine>Broad Street</addrLine>
                  <addrLine>Oxford OX1 3BG</addrLine>
                  <addrLine>UK</addrLine>
               </address>
            </funder>
         </titleStmt>
         <publicationStmt>
            <publisher xml:id="ECPA">Eighteenth-Century Poetry Archive</publisher>
            <address>
               <addrLine>Taylor Institution Library</addrLine>
               <addrLine>St Giles'</addrLine>
               <addrLine>Oxford OX1 3NA</addrLine>
               <addrLine>UK</addrLine>
               <addrLine>
                  <email>info@eighteenthcenturypoetry.org</email>
               </addrLine>
               <addrLine>
                  <ref target="https://www.eighteenthcenturypoetry.org/">https://www.eighteenthcenturypoetry.org/</ref>
               </addrLine>
            </address>
            <pubPlace>Oxford</pubPlace>
            <availability status="restricted">
               <licence target="http://creativecommons.org/licenses/by-sa/3.0/">This work is licensed under a Creative Commons Attribution-ShareAlike 3.0 Unported License.</licence>
            </availability>
            <idno type="ESTC">T131163</idno>
            <idno type="TCP">K104099.005</idno>
         </publicationStmt>
         <sourceDesc>
            <bibl>
               <author>Dodsley, Robert, 1703-1764.</author>
               <title>A Collection of Poems in Six Volumes. By Several Hands. Vol. V.</title>
               <pubPlace>London</pubPlace>
               <publisher>printed by J. Hughs, for R. and J. Dodsley</publisher>
               <date>1763 [1st ed. 1758]</date>
               <biblScope>p. 38.</biblScope>
               <extent>6v.: music; 8⁰.</extent>
            </bibl>
         </sourceDesc>
      </fileDesc>
      <encodingDesc>
         <projectDesc>
            <p>This e-text is part of the Works section of the Eighteenth-Century Poetry Archive (ECPA).</p>
            <p>XML created for the Eighteenth-Century Poetry Archive (ECPA).</p>
         </projectDesc>
         <editorialDecl>
            <p>The text has been typographically modernized, but without any silent modernization of
						spelling, capitalization, or punctuation. The source of the text is given and all editorial interventions
						have been recorded in textual notes. Based on the electronic text originally produced by the TCP project, this  text has been edited to conform to the recommendations found in Level 5 of the
						Best Practices for TEI in Libraries version 4.0.0.
					</p>
         </editorialDecl>
         <classDecl>
            <taxonomy xml:id="LCNAF">
               <bibl>Library of Congress Name Authority File (<abbr>LCNAF</abbr>)</bibl>
            </taxonomy>
         </classDecl>
         <tagsDecl>
            <rendition n="linegroups indented" xml:id="lgindent" scheme="css">text-indent: 1em;</rendition>
            <rendition n="linegroups vertically spaced" xml:id="lgvspace" scheme="css">margin-bottom: 1em;</rendition>
            <rendition n="aligned centrally" xml:id="align-center" scheme="css">text-align: center;</rendition>
            <rendition n="aligned right" xml:id="align-right" scheme="css">text-align: right;</rendition>
            <rendition n="aligned left" xml:id="align-left" scheme="css">text-align: left;</rendition>
            <rendition n="inline" xml:id="inline" scheme="css">display: inline</rendition>
            <rendition n="italic" xml:id="i" scheme="css">font-style: italic;</rendition>
            <rendition n="bold" xml:id="b" scheme="css">font-weight: bold;</rendition>
         </tagsDecl>
      </encodingDesc>
   </teiHeader>
   <text>
      <body>
         <div xmlns:tei="http://www.tei-c.org/ns/1.0"
              xmlns:ecep="http://www.eighteenthcenturypoetry.org/ns"
              ana="#iamb #tetrameter #quatrain #song #pair"
              corresp="#txt_ShenWi1714_w0026"
              ecep:syllab="8.8.8.8"
              met="-+|-+|-+|-+/              -+|-+|-+|-+/              -+|-+|-+|-+/              -+|-+|-+|-+/"
              n="1"
              rendition="#lgvspace"
              rhyme="aabb"
              subtype="eceptext"
              type="song"
              xml:id="o5156-w0120"
              decls="#semi-normalized">
            <link target="authors.xml#aut_ShenWi1714" type="author"/>
            <link target="27231" type="DMI"/>
            <head type="main">
               <w xml:id="o5156-068180"
                  n="40-a-0160"
                  ecep:lem="song"
                  ecep:pos="n1"
                  ecep:reg="SONG"
                  ecep:spe="SONG"
                  ecep:syllab="1"
                  ecep:pron="sɒŋ">SONG</w>
               <c> </c>
               <w xml:id="o5156-068200"
                  n="40-a-0180"
                  ecep:lem="i"
                  ecep:pos="pns11"
                  ecep:reg="I"
                  ecep:spe="I."
                  ecep:syllab="1"
                  ecep:pron="ˈaɪ">I.</w>
               <pc unit="sentence" xml:id="o5156-068200-eos" n="40-a-0190"/>
            </head>
            <lg xml:id="o5156-s00675">
               <l xml:id="o5156-l04045">
                  <w xml:id="o5156-068230"
                     n="40-a-0200"
                     ecep:lem="i"
                     ecep:pos="pns11"
                     ecep:reg="I"
                     ecep:spe="I"
                     ecep:syllab="1"
                     ecep:pron="aɪ">I</w>
                  <c> </c>
                  <w xml:id="o5156-068240"
                     n="40-a-0210"
                     ecep:lem="tell"
                     ecep:pos="vvd"
                     ecep:reg="Told"
                     ecep:spe="Told"
                     ecep:syllab="1"
                     ecep:pron="təʊld">Told</w>
                  <c> </c>
                  <w xml:id="o5156-068250"
                     n="40-a-0220"
                     ecep:lem="my"
                     ecep:pos="po11"
                     ecep:reg="my"
                     ecep:spe="my"
                     ecep:syllab="1"
                     ecep:pron="maɪ">my</w>
                  <c> </c>
                  <w xml:id="o5156-068260"
                     n="40-a-0230"
                     ecep:lem="nymph"
                     ecep:pos="n1"
                     ecep:reg="nymph"
                     ecep:spe="nymph"
                     ecep:syllab="1"
                     ecep:pron="nɪmf">nymph</w>
                  <pc xml:id="o5156-068270"
                      n="40-a-0240"
                      ecep:lem=","
                      ecep:pos=","
                      ecep:reg=","
                      ecep:spe=",">,</pc>
                  <c> </c>
                  <w xml:id="o5156-068280"
                     n="40-a-0250"
                     ecep:lem="i"
                     ecep:pos="pns11"
                     ecep:reg="I"
                     ecep:spe="I"
                     ecep:syllab="1"
                     ecep:pron="aɪ">I</w>
                  <c> </c>
                  <w xml:id="o5156-068290"
                     n="40-a-0260"
                     ecep:lem="tell"
                     ecep:pos="vvd"
                     ecep:reg="told"
                     ecep:spe="told"
                     ecep:syllab="1"
                     ecep:pron="təʊld">told</w>
                  <c> </c>
                  <w xml:id="o5156-068300"
                     n="40-a-0270"
                     ecep:lem="she"
                     ecep:pos="pno31"
                     ecep:reg="her"
                     ecep:spe="her"
                     ecep:syllab="1"
                     ecep:pron="hɜː">her</w>
                  <c> </c>
                  <w xml:id="o5156-068310"
                     n="40-a-0280"
                     ecep:lem="true"
                     ecep:pos="j"
                     ecep:reg="true"
                     ecep:spe="true"
                     ecep:syllab="1"
                     ecep:pron="truː">true</w>
                  <pc xml:id="o5156-068320"
                      n="40-a-0290"
                      ecep:lem=","
                      ecep:pos=","
                      ecep:reg=","
                      ecep:spe=",">,</pc>
               </l>
               <l xml:id="o5156-l04050">
                  <w xml:id="o5156-068330"
                     n="40-a-0300"
                     ecep:lem="my"
                     ecep:pos="po11"
                     ecep:reg="My"
                     ecep:spe="My"
                     ecep:syllab="1"
                     ecep:pron="maɪ">My</w>
                  <c> </c>
                  <w xml:id="o5156-068340"
                     n="40-a-0310"
                     ecep:lem="field"
                     ecep:pos="n2"
                     ecep:reg="fields"
                     ecep:spe="fields"
                     ecep:syllab="1"
                     ecep:pron="ˈfiːldz">fields</w>
                  <c> </c>
                  <w xml:id="o5156-068350"
                     n="40-a-0320"
                     ecep:lem="be"
                     ecep:pos="vbdr"
                     ecep:reg="were"
                     ecep:spe="were"
                     ecep:syllab="1"
                     ecep:pron="wɜː">were</w>
                  <c> </c>
                  <w xml:id="o5156-068360"
                     n="40-a-0330"
                     ecep:lem="small"
                     ecep:pos="j"
                     ecep:reg="small"
                     ecep:spe="small"
                     ecep:syllab="1"
                     ecep:pron="smɔːl">small</w>
                  <pc xml:id="o5156-068370"
                      n="40-a-0340"
                      ecep:lem=","
                      ecep:pos=","
                      ecep:reg=","
                      ecep:spe=",">,</pc>
                  <c> </c>
                  <w xml:id="o5156-068380"
                     n="40-a-0350"
                     ecep:lem="my"
                     ecep:pos="po11"
                     ecep:reg="my"
                     ecep:spe="my"
                     ecep:syllab="1"
                     ecep:pron="maɪ">my</w>
                  <c> </c>
                  <w xml:id="o5156-068390"
                     n="40-a-0360"
                     ecep:lem="flock"
                     ecep:pos="n2"
                     ecep:reg="flocks"
                     ecep:spe="flocks"
                     ecep:syllab="1"
                     ecep:pron="flɒks">flocks</w>
                  <c> </c>
                  <w xml:id="o5156-068400"
                     n="40-a-0370"
                     ecep:lem="be"
                     ecep:pos="vbdr"
                     ecep:reg="were"
                     ecep:spe="were"
                     ecep:syllab="1"
                     ecep:pron="wɜː">were</w>
                  <c> </c>
                  <w xml:id="o5156-068410"
                     n="40-a-0380"
                     ecep:lem="few"
                     ecep:pos="d"
                     ecep:reg="few"
                     ecep:spe="few"
                     ecep:syllab="1"
                     ecep:pron="fjuː">few</w>
                  <pc xml:id="o5156-068420"
                      n="40-a-0390"
                      ecep:lem=";"
                      ecep:pos=";"
                      ecep:reg=";"
                      ecep:spe=";">;</pc>
               </l>
               <l xml:id="o5156-l04055">
                  <w xml:id="o5156-068430"
                     n="40-a-0400"
                     ecep:lem="while"
                     ecep:pos="cs"
                     ecep:reg="While"
                     ecep:spe="While"
                     ecep:syllab="1"
                     ecep:pron="ˈwaɪl">While</w>
                  <c> </c>
                  <w xml:id="o5156-068440"
                     n="40-a-0410"
                     ecep:lem="falter"
                     ecep:pos="j-vvg"
                     ecep:reg="faltering"
                     ecep:spe="faltering"
                     ecep:syllab="3"
                     ecep:pron="ˈfɔːltrɪŋ">faltering</w>
                  <c> </c>
                  <w xml:id="o5156-068450"
                     n="40-a-0420"
                     ecep:lem="accent"
                     ecep:pos="n2"
                     ecep:reg="accents"
                     ecep:spe="accents"
                     ecep:syllab="2"
                     ecep:pron="ˈæksnts">accents</w>
                  <c> </c>
                  <w xml:id="o5156-068460"
                     n="40-a-0430"
                     ecep:lem="speak"
                     ecep:pos="vvd"
                     ecep:reg="spoke"
                     ecep:spe="spoke"
                     ecep:syllab="1"
                     ecep:pron="spəʊk">spoke</w>
                  <c> </c>
                  <w xml:id="o5156-068470"
                     n="40-a-0440"
                     ecep:lem="my"
                     ecep:pos="po11"
                     ecep:reg="my"
                     ecep:spe="my"
                     ecep:syllab="1"
                     ecep:pron="maɪ">my</w>
                  <c> </c>
                  <w xml:id="o5156-068480"
                     n="40-a-0450"
                     ecep:lem="fear"
                     ecep:pos="n1"
                     ecep:reg="fear"
                     ecep:spe="fear"
                     ecep:syllab="1"
                     ecep:pron="fɪə">fear</w>
                  <pc xml:id="o5156-068490"
                      n="40-a-0460"
                      ecep:lem=","
                      ecep:pos=","
                      ecep:reg=","
                      ecep:spe=",">,</pc>
               </l>
               <l xml:id="o5156-l04060">
                  <w xml:id="o5156-068500"
                     n="40-a-0470"
                     ecep:lem="that"
                     ecep:pos="cst"
                     ecep:reg="That"
                     ecep:spe="That"
                     ecep:syllab="1"
                     ecep:pron="ðæt">That</w>
                  <c> </c>
                  <w xml:id="o5156-068510"
                     n="40-a-0480"
                     ecep:lem="Flavia"
                     ecep:pos="np1"
                     ecep:reg="Flavia"
                     ecep:spe="Flavia"
                     ecep:syllab="2"
                     ecep:pron="flˈæviə">Flavia</w>
                  <c> </c>
                  <w xml:id="o5156-068520"
                     n="40-a-0490"
                     ecep:lem="may"
                     ecep:pos="vmd"
                     ecep:reg="might"
                     ecep:spe="might"
                     ecep:syllab="1"
                     ecep:pron="maɪt">might</w>
                  <c> </c>
                  <w xml:id="o5156-068530"
                     n="40-a-0500"
                     ecep:lem="not"
                     ecep:pos="xx"
                     ecep:reg="not"
                     ecep:spe="not"
                     ecep:syllab="1"
                     ecep:pron="nɒt">not</w>
                  <c> </c>
                  <w xml:id="o5156-068540"
                     n="40-a-0510"
                     ecep:lem="prove"
                     ecep:pos="vvi"
                     ecep:reg="prove"
                     ecep:spe="prove"
                     ecep:syllab="1"
                     ecep:pron="pruːv">prove</w>
                  <c> </c>
                  <w xml:id="o5156-068550"
                     n="40-a-0520"
                     ecep:lem="sincere"
                     ecep:pos="j"
                     ecep:reg="sincere"
                     ecep:spe="sincere"
                     ecep:syllab="2"
                     ecep:pron="sɪnˈsɪə">sincere</w>
                  <pc xml:id="o5156-068560"
                      n="40-a-0530"
                      unit="sentence"
                      ecep:lem="."
                      ecep:pos="."
                      ecep:reg="."
                      ecep:spe=".">.</pc>
               </l>
            </lg>
            <lg xml:id="o5156-s00680">
               <l xml:id="o5156-l04065">
                  <w xml:id="o5156-068590"
                     n="40-a-0540"
                     ecep:lem="of"
                     ecep:pos="pp-f"
                     ecep:reg="Of"
                     ecep:spe="Of"
                     ecep:syllab="1"
                     ecep:pron="ɒv">Of</w>
                  <c> </c>
                  <w xml:id="o5156-068600"
                     n="40-a-0550"
                     ecep:lem="crop"
                     ecep:pos="n2"
                     ecep:reg="crops"
                     ecep:spe="crops"
                     ecep:syllab="1"
                     ecep:pron="krɒps">crops</w>
                  <c> </c>
                  <w xml:id="o5156-068610"
                     n="40-a-0560"
                     ecep:lem="destroy"
                     ecep:pos="vvn"
                     ecep:reg="destroyed"
                     ecep:spe="destroy'd"
                     ecep:syllab="2"
                     ecep:pron="dɪˈstrɔɪd">destroy'd</w>
                  <c> </c>
                  <w xml:id="o5156-068620"
                     n="40-a-0570"
                     ecep:lem="by"
                     ecep:pos="p-acp"
                     ecep:reg="by"
                     ecep:spe="by"
                     ecep:syllab="1"
                     ecep:pron="baɪ">by</w>
                  <c> </c>
                  <w xml:id="o5156-068630"
                     n="40-a-0580"
                     ecep:lem="vernal"
                     ecep:pos="j"
                     ecep:reg="vernal"
                     ecep:spe="vernal"
                     ecep:syllab="2"
                     ecep:pron="ˈvɜːnl">vernal</w>
                  <c> </c>
                  <w xml:id="o5156-068640"
                     n="40-a-0590"
                     ecep:lem="cold"
                     ecep:pos="j-jn"
                     ecep:reg="cold"
                     ecep:spe="cold"
                     ecep:syllab="1"
                     ecep:pron="kəʊld">cold</w>
                  <pc xml:id="o5156-068650"
                      n="40-a-0600"
                      ecep:lem=","
                      ecep:pos=","
                      ecep:reg=","
                      ecep:spe=",">,</pc>
               </l>
               <l xml:id="o5156-l04070">
                  <w xml:id="o5156-068660"
                     n="40-a-0610"
                     ecep:lem="and"
                     ecep:pos="cc"
                     ecep:reg="And"
                     ecep:spe="And"
                     ecep:syllab="1"
                     ecep:pron="ænd">And</w>
                  <c> </c>
                  <w xml:id="o5156-068670"
                     n="40-a-0620"
                     ecep:lem="vagrant"
                     ecep:pos="j-jn"
                     ecep:reg="vagrant"
                     ecep:spe="vagrant"
                     ecep:syllab="2"
                     ecep:pron="ˈveɪgrnt">vagrant</w>
                  <c> </c>
                  <w xml:id="o5156-068680"
                     n="40-a-0630"
                     ecep:lem="sheep"
                     ecep:pos="n1"
                     ecep:reg="sheep"
                     ecep:spe="sheep"
                     ecep:syllab="1"
                     ecep:pron="ʃiːp">sheep</w>
                  <c> </c>
                  <w xml:id="o5156-068690"
                     n="40-a-0640"
                     ecep:lem="that"
                     ecep:pos="cst"
                     ecep:reg="that"
                     ecep:spe="that"
                     ecep:syllab="1"
                     ecep:pron="ðæt">that</w>
                  <c> </c>
                  <w xml:id="o5156-068700"
                     n="40-a-0650"
                     ecep:lem="leave"
                     ecep:pos="vvd"
                     ecep:reg="left"
                     ecep:spe="left"
                     ecep:syllab="1"
                     ecep:pron="left">left</w>
                  <c> </c>
                  <w xml:id="o5156-068710"
                     n="40-a-0660"
                     ecep:lem="my"
                     ecep:pos="po11"
                     ecep:reg="my"
                     ecep:spe="my"
                     ecep:syllab="1"
                     ecep:pron="maɪ">my</w>
                  <c> </c>
                  <w xml:id="o5156-068720"
                     n="40-a-0670"
                     ecep:lem="fold"
                     ecep:pos="n1"
                     ecep:reg="fold"
                     ecep:spe="fold"
                     ecep:syllab="1"
                     ecep:pron="fəʊld">fold</w>
                  <pc xml:id="o5156-068730"
                      n="40-a-0680"
                      ecep:lem=";"
                      ecep:pos=";"
                      ecep:reg=";"
                      ecep:spe=";">;</pc>
               </l>
               <l xml:id="o5156-l04075">
                  <w xml:id="o5156-068740"
                     n="40-a-0690"
                     ecep:lem="of"
                     ecep:pos="pp-f"
                     ecep:reg="Of"
                     ecep:spe="Of"
                     ecep:syllab="1"
                     ecep:pron="ɒv">Of</w>
                  <c> </c>
                  <w xml:id="o5156-068750"
                     n="40-a-0700"
                     ecep:lem="these"
                     ecep:pos="d"
                     ecep:reg="these"
                     ecep:spe="these"
                     ecep:syllab="1"
                     ecep:pron="ðiːz">these</w>
                  <c> </c>
                  <w xml:id="o5156-068760"
                     n="40-a-0710"
                     ecep:lem="she"
                     ecep:pos="pns31"
                     ecep:reg="she"
                     ecep:spe="she"
                     ecep:syllab="1"
                     ecep:pron="ʃiː">she</w>
                  <c> </c>
                  <w xml:id="o5156-068770"
                     n="40-a-0720"
                     ecep:lem="hear"
                     ecep:pos="vvd"
                     ecep:reg="heard"
                     ecep:spe="heard"
                     ecep:syllab="1"
                     ecep:pron="hɜːd">heard</w>
                  <pc xml:id="o5156-068780"
                      n="40-a-0730"
                      ecep:lem=","
                      ecep:pos=","
                      ecep:reg=","
                      ecep:spe=",">,</pc>
                  <c> </c>
                  <w xml:id="o5156-068790"
                     n="40-a-0740"
                     ecep:lem="yet"
                     ecep:pos="av"
                     ecep:reg="yet"
                     ecep:spe="yet"
                     ecep:syllab="1"
                     ecep:pron="jet">yet</w>
                  <c> </c>
                  <w xml:id="o5156-068800"
                     n="40-a-0750"
                     ecep:lem="bear"
                     ecep:pos="vvd"
                     ecep:reg="bore"
                     ecep:spe="bore"
                     ecep:syllab="1"
                     ecep:pron="bɔː">bore</w>
                  <c> </c>
                  <w xml:id="o5156-068810"
                     n="40-a-0760"
                     ecep:lem="to"
                     ecep:pos="pc-acp"
                     ecep:reg="to"
                     ecep:spe="to"
                     ecep:syllab="1"
                     ecep:pron="tuː">to</w>
                  <c> </c>
                  <w xml:id="o5156-068820"
                     n="40-a-0770"
                     ecep:lem="hear"
                     ecep:pos="vvi"
                     ecep:reg="hear"
                     ecep:spe="hear"
                     ecep:syllab="1"
                     ecep:pron="hɪə">hear</w>
                  <pc xml:id="o5156-068830"
                      n="40-a-0780"
                      ecep:lem=";"
                      ecep:pos=";"
                      ecep:reg=";"
                      ecep:spe=";">;</pc>
               </l>
               <l xml:id="o5156-l04080">
                  <w xml:id="o5156-068840"
                     n="40-a-0790"
                     ecep:lem="and"
                     ecep:pos="cc"
                     ecep:reg="And"
                     ecep:spe="And"
                     ecep:syllab="1"
                     ecep:pron="ænd">And</w>
                  <c> </c>
                  <w xml:id="o5156-068850"
                     n="40-a-0800"
                     ecep:lem="be"
                     ecep:pos="vbz"
                     ecep:reg="is"
                     ecep:spe="is"
                     ecep:syllab="1"
                     ecep:pron="ɪz">is</w>
                  <c> </c>
                  <w xml:id="o5156-068860"
                     n="40-a-0810"
                     ecep:lem="not"
                     ecep:pos="xx"
                     ecep:reg="not"
                     ecep:spe="not"
                     ecep:syllab="1"
                     ecep:pron="nɒt">not</w>
                  <c> </c>
                  <w xml:id="o5156-068870"
                     n="40-a-0820"
                     ecep:lem="Flavia"
                     ecep:pos="np1"
                     ecep:reg="Flavia"
                     ecep:spe="Flavia"
                     ecep:syllab="2"
                     ecep:pron="flˈæviə">Flavia</w>
                  <c> </c>
                  <w xml:id="o5156-068880"
                     n="40-a-0830"
                     ecep:lem="then"
                     ecep:pos="av"
                     ecep:reg="then"
                     ecep:spe="then"
                     ecep:syllab="1"
                     ecep:pron="ðen">then</w>
                  <c> </c>
                  <w xml:id="o5156-068890"
                     n="40-a-0840"
                     ecep:lem="sincere"
                     ecep:pos="j"
                     ecep:reg="sincere"
                     ecep:spe="sincere"
                     ecep:syllab="2"
                     ecep:pron="sɪnˈsɪə">sincere</w>
                  <pc xml:id="o5156-068900"
                      n="40-a-0850"
                      unit="sentence"
                      ecep:lem="?"
                      ecep:pos="?"
                      ecep:reg="?"
                      ecep:spe="?">?</pc>
               </l>
            </lg>
            <lg xml:id="o5156-s00685">
               <l xml:id="o5156-l04085">
                  <w xml:id="o5156-068930"
                     n="40-a-0860"
                     ecep:lem="how"
                     ecep:pos="q-crq"
                     ecep:reg="How"
                     ecep:spe="How"
                     ecep:syllab="1"
                     ecep:pron="haʊ">How</w>
                  <c> </c>
                  <w xml:id="o5156-068940"
                     n="40-a-0870"
                     ecep:lem="change"
                     ecep:pos="vvd"
                     ecep:reg="changed"
                     ecep:spe="chang'd"
                     ecep:syllab="1"
                     ecep:pron="tʃeɪndʒd">chang'd</w>
                  <c> </c>
                  <w xml:id="o5156-068950"
                     n="40-a-0880"
                     ecep:lem="by"
                     ecep:pos="p-acp"
                     ecep:reg="by"
                     ecep:spe="by"
                     ecep:syllab="1"
                     ecep:pron="baɪ">by</w>
                  <c> </c>
                  <w xml:id="o5156-068960"
                     n="40-a-0890"
                     ecep:lem="Fortune"
                     ecep:pos="npg1"
                     ecep:reg="Fortune's"
                     ecep:spe="Fortune's"
                     ecep:syllab="2"
                     ecep:pron="ˈfɔːtʃuːnz">Fortune's</w>
                  <c> </c>
                  <w xml:id="o5156-068970"
                     n="40-a-0900"
                     ecep:lem="fickle"
                     ecep:pos="j"
                     ecep:reg="fickle"
                     ecep:spe="fickle"
                     ecep:syllab="2"
                     ecep:pron="ˈfɪkl">fickle</w>
                  <c> </c>
                  <w xml:id="o5156-068980"
                     n="40-a-0910"
                     ecep:lem="wind"
                     ecep:pos="n1"
                     ecep:reg="wind"
                     ecep:spe="wind"
                     ecep:syllab="1"
                     ecep:pron="wɪnd">wind</w>
                  <pc xml:id="o5156-068990"
                      n="40-a-0920"
                      ecep:lem=","
                      ecep:pos=","
                      ecep:reg=","
                      ecep:spe=",">,</pc>
               </l>
               <l xml:id="o5156-l04090">
                  <w xml:id="o5156-069000"
                     n="40-a-0930"
                     ecep:lem="the"
                     ecep:pos="dt"
                     ecep:reg="The"
                     ecep:spe="The"
                     ecep:syllab="1"
                     ecep:pron="ðiː">The</w>
                  <c> </c>
                  <w xml:id="o5156-069010"
                     n="40-a-0940"
                     ecep:lem="friend"
                     ecep:pos="n2"
                     ecep:reg="friends"
                     ecep:spe="friends"
                     ecep:syllab="1"
                     ecep:pron="frendz">friends</w>
                  <c> </c>
                  <w xml:id="o5156-069020"
                     n="40-a-0950"
                     ecep:lem="i"
                     ecep:pos="pns11"
                     ecep:reg="I"
                     ecep:spe="I"
                     ecep:syllab="1"
                     ecep:pron="aɪ">I</w>
                  <c> </c>
                  <w xml:id="o5156-069030"
                     n="40-a-0960"
                     ecep:lem="love"
                     ecep:pos="vvd"
                     ecep:reg="loved"
                     ecep:spe="lov'd"
                     ecep:syllab="1"
                     ecep:pron="ˈlʌvd">lov'd</w>
                  <c> </c>
                  <w xml:id="o5156-069040"
                     n="40-a-0970"
                     ecep:lem="become"
                     ecep:pos="vvd"
                     ecep:reg="became"
                     ecep:spe="became"
                     ecep:syllab="2"
                     ecep:pron="bɪˈkeɪm">became</w>
                  <c> </c>
                  <w xml:id="o5156-069050"
                     n="40-a-0980"
                     ecep:lem="unkind"
                     ecep:pos="j"
                     ecep:reg="unkind"
                     ecep:spe="unkind"
                     ecep:syllab="2"
                     ecep:pron="ʌnˈkaɪnd">unkind</w>
                  <pc xml:id="o5156-069060"
                      n="40-a-0990"
                      ecep:lem=","
                      ecep:pos=","
                      ecep:reg=","
                      ecep:spe=",">,</pc>
               </l>
               <l xml:id="o5156-l04095">
                  <w xml:id="o5156-069070"
                     n="40-a-1000"
                     ecep:lem="she"
                     ecep:pos="pns31"
                     ecep:reg="She"
                     ecep:spe="She"
                     ecep:syllab="1"
                     ecep:pron="ʃiː">She</w>
                  <c> </c>
                  <w xml:id="o5156-069080"
                     n="40-a-1010"
                     ecep:lem="hear"
                     ecep:pos="vvd"
                     ecep:reg="heard"
                     ecep:spe="heard"
                     ecep:syllab="1"
                     ecep:pron="hɜːd">heard</w>
                  <pc xml:id="o5156-069090"
                      n="40-a-1020"
                      ecep:lem=","
                      ecep:pos=","
                      ecep:reg=","
                      ecep:spe=",">,</pc>
                  <c> </c>
                  <w xml:id="o5156-069100"
                     n="40-a-1030"
                     ecep:lem="and"
                     ecep:pos="cc"
                     ecep:reg="and"
                     ecep:spe="and"
                     ecep:syllab="1"
                     ecep:pron="ænd">and</w>
                  <c> </c>
                  <w xml:id="o5156-069110"
                     n="40-a-1040"
                     ecep:lem="shed"
                     ecep:pos="vvd"
                     ecep:reg="shed"
                     ecep:spe="shed"
                     ecep:syllab="1"
                     ecep:pron="ʃed">shed</w>
                  <c> </c>
                  <w xml:id="o5156-069120"
                     n="40-a-1050"
                     ecep:lem="a"
                     ecep:pos="dt"
                     ecep:reg="a"
                     ecep:spe="a"
                     ecep:syllab="1"
                     ecep:pron="ə">a</w>
                  <c> </c>
                  <w xml:id="o5156-069130"
                     n="40-a-1060"
                     ecep:lem="generous"
                     ecep:pos="j"
                     ecep:reg="generous"
                     ecep:spe="generous"
                     ecep:syllab="2"
                     ecep:pron="ˈdʒenrəs">generous</w>
                  <c> </c>
                  <w xml:id="o5156-069140"
                     n="40-a-1070"
                     ecep:lem="tear"
                     ecep:pos="n1"
                     ecep:reg="tear"
                     ecep:spe="tear"
                     ecep:syllab="1"
                     ecep:pron="tɪə">tear</w>
                  <pc xml:id="o5156-069150"
                      n="40-a-1080"
                      ecep:lem=";"
                      ecep:pos=";"
                      ecep:reg=";"
                      ecep:spe=";">;</pc>
               </l>
               <l xml:id="o5156-l04100">
                  <w xml:id="o5156-069160"
                     n="40-a-1090"
                     ecep:lem="and"
                     ecep:pos="cc"
                     ecep:reg="And"
                     ecep:spe="And"
                     ecep:syllab="1"
                     ecep:pron="ænd">And</w>
                  <c> </c>
                  <w xml:id="o5156-069170"
                     n="40-a-1100"
                     ecep:lem="be"
                     ecep:pos="vbz"
                     ecep:reg="is"
                     ecep:spe="is"
                     ecep:syllab="1"
                     ecep:pron="ɪz">is</w>
                  <c> </c>
                  <w xml:id="o5156-069180"
                     n="40-a-1110"
                     ecep:lem="not"
                     ecep:pos="xx"
                     ecep:reg="not"
                     ecep:spe="not"
                     ecep:syllab="1"
                     ecep:pron="nɒt">not</w>
                  <c> </c>
                  <w xml:id="o5156-069190"
                     n="40-a-1120"
                     ecep:lem="Flavia"
                     ecep:pos="np1"
                     ecep:reg="Flavia"
                     ecep:spe="Flavia"
                     ecep:syllab="2"
                     ecep:pron="flˈæviə">Flavia</w>
                  <c> </c>
                  <w xml:id="o5156-069200"
                     n="40-a-1130"
                     ecep:lem="then"
                     ecep:pos="av"
                     ecep:reg="then"
                     ecep:spe="then"
                     ecep:syllab="1"
                     ecep:pron="ðen">then</w>
                  <c> </c>
                  <w xml:id="o5156-069210"
                     n="40-a-1140"
                     ecep:lem="sincere"
                     ecep:pos="j"
                     ecep:reg="sincere"
                     ecep:spe="sincere"
                     ecep:syllab="2"
                     ecep:pron="sɪnˈsɪə">sincere</w>
                  <pc xml:id="o5156-069220"
                      n="40-a-1150"
                      unit="sentence"
                      ecep:lem="?"
                      ecep:pos="?"
                      ecep:reg="?"
                      ecep:spe="?">?</pc>
               </l>
            </lg>
            <lg xml:id="o5156-s00690">
               <l xml:id="o5156-l04105">
                  <w xml:id="o5156-069250"
                     n="40-a-1160"
                     ecep:lem="how"
                     ecep:pos="uh-crq"
                     ecep:reg="How"
                     ecep:spe="How"
                     ecep:syllab="1"
                     ecep:pron="haʊ">How</w>
                  <pc xml:id="o5156-069260"
                      n="40-a-1170"
                      ecep:lem=","
                      ecep:pos=","
                      ecep:reg=","
                      ecep:spe=",">,</pc>
                  <c> </c>
                  <w xml:id="o5156-069270"
                     n="40-a-1180"
                     ecep:lem="if"
                     ecep:pos="cs"
                     ecep:reg="if"
                     ecep:spe="if"
                     ecep:syllab="1"
                     ecep:pron="ɪf">if</w>
                  <c> </c>
                  <w xml:id="o5156-069280"
                     n="40-a-1190"
                     ecep:lem="she"
                     ecep:pos="pns31"
                     ecep:reg="she"
                     ecep:spe="she"
                     ecep:syllab="1"
                     ecep:pron="ʃiː">she</w>
                  <c> </c>
                  <w xml:id="o5156-069290"
                     n="40-a-1200"
                     ecep:lem="deign"
                     ecep:pos="vvd"
                     ecep:reg="deigned"
                     ecep:spe="deign'd"
                     ecep:syllab="1"
                     ecep:pron="deɪnd">deign'd</w>
                  <c> </c>
                  <w xml:id="o5156-069300"
                     n="40-a-1210"
                     ecep:lem="my"
                     ecep:pos="po11"
                     ecep:reg="my"
                     ecep:spe="my"
                     ecep:syllab="1"
                     ecep:pron="maɪ">my</w>
                  <c> </c>
                  <w xml:id="o5156-069310"
                     n="40-a-1220"
                     ecep:lem="love"
                     ecep:pos="n1"
                     ecep:reg="love"
                     ecep:spe="love"
                     ecep:syllab="1"
                     ecep:pron="lʌv">love</w>
                  <c> </c>
                  <w xml:id="o5156-069320"
                     n="40-a-1230"
                     ecep:lem="to"
                     ecep:pos="pc-acp"
                     ecep:reg="to"
                     ecep:spe="to"
                     ecep:syllab="1"
                     ecep:pron="tuː">to</w>
                  <c> </c>
                  <w xml:id="o5156-069330"
                     n="40-a-1240"
                     ecep:lem="bless"
                     ecep:pos="vvi"
                     ecep:reg="bless"
                     ecep:spe="bless"
                     ecep:syllab="1"
                     ecep:pron="bles">bless</w>
                  <pc xml:id="o5156-069340"
                      n="40-a-1250"
                      ecep:lem=","
                      ecep:pos=","
                      ecep:reg=","
                      ecep:spe=",">,</pc>
               </l>
               <l xml:id="o5156-l04110">
                  <w xml:id="o5156-069350"
                     n="40-a-1260"
                     ecep:lem="my"
                     ecep:pos="po11"
                     ecep:reg="My"
                     ecep:spe="My"
                     ecep:syllab="1"
                     ecep:pron="maɪ">My</w>
                  <c> </c>
                  <w xml:id="o5156-069360"
                     n="40-a-1270"
                     ecep:lem="Flavia"
                     ecep:pos="np1"
                     ecep:reg="Flavia"
                     ecep:spe="Flavia"
                     ecep:syllab="2"
                     ecep:pron="flˈæviə">Flavia</w>
                  <c> </c>
                  <w xml:id="o5156-069370"
                     n="40-a-1280"
                     ecep:lem="must"
                     ecep:pos="vmb"
                     ecep:reg="must"
                     ecep:spe="must"
                     ecep:syllab="1"
                     ecep:pron="mʌst">must</w>
                  <c> </c>
                  <w xml:id="o5156-069380"
                     n="40-a-1290"
                     ecep:lem="not"
                     ecep:pos="xx"
                     ecep:reg="not"
                     ecep:spe="not"
                     ecep:syllab="1"
                     ecep:pron="nɒt">not</w>
                  <c> </c>
                  <w xml:id="o5156-069390"
                     n="40-a-1300"
                     ecep:lem="hope"
                     ecep:pos="vvi"
                     ecep:reg="hope"
                     ecep:spe="hope"
                     ecep:syllab="1"
                     ecep:pron="həʊp">hope</w>
                  <c> </c>
                  <w xml:id="o5156-069400"
                     n="40-a-1310"
                     ecep:lem="for"
                     ecep:pos="p-acp"
                     ecep:reg="for"
                     ecep:spe="for"
                     ecep:syllab="1"
                     ecep:pron="fɔː">for</w>
                  <c> </c>
                  <w xml:id="o5156-069410"
                     n="40-a-1320"
                     ecep:lem="dress"
                     ecep:pos="n1"
                     ecep:reg="dress"
                     ecep:spe="dress"
                     ecep:syllab="1"
                     ecep:pron="dres">dress</w>
                  <pc xml:id="o5156-069420"
                      n="40-a-1330"
                      ecep:lem=";"
                      ecep:pos=";"
                      ecep:reg=";"
                      ecep:spe=";">;</pc>
               </l>
               <l xml:id="o5156-l04115">
                  <w xml:id="o5156-069430"
                     n="40-a-1340"
                     ecep:lem="this"
                     ecep:pos="d"
                     ecep:reg="This"
                     ecep:spe="This"
                     ecep:syllab="1"
                     ecep:pron="ðɪs">This</w>
                  <c> </c>
                  <w xml:id="o5156-069440"
                     n="40-a-1350"
                     ecep:lem="too"
                     ecep:pos="av"
                     ecep:reg="too"
                     ecep:spe="too"
                     ecep:syllab="1"
                     ecep:pron="tuː">too</w>
                  <c> </c>
                  <w xml:id="o5156-069450"
                     n="40-a-1360"
                     ecep:lem="she"
                     ecep:pos="pns31"
                     ecep:reg="she"
                     ecep:spe="she"
                     ecep:syllab="1"
                     ecep:pron="ʃiː">she</w>
                  <c> </c>
                  <w xml:id="o5156-069460"
                     n="40-a-1370"
                     ecep:lem="hear"
                     ecep:pos="vvd"
                     ecep:reg="heard"
                     ecep:spe="heard"
                     ecep:syllab="1"
                     ecep:pron="hɜːd">heard</w>
                  <pc xml:id="o5156-069470"
                      n="40-a-1380"
                      ecep:lem=","
                      ecep:pos=","
                      ecep:reg=","
                      ecep:spe=",">,</pc>
                  <c> </c>
                  <w xml:id="o5156-069480"
                     n="40-a-1390"
                     ecep:lem="and"
                     ecep:pos="cc"
                     ecep:reg="and"
                     ecep:spe="and"
                     ecep:syllab="1"
                     ecep:pron="ænd">and</w>
                  <c> </c>
                  <w xml:id="o5156-069490"
                     n="40-a-1400"
                     ecep:lem="smile"
                     ecep:pos="vvd"
                     ecep:reg="smiled"
                     ecep:spe="smil'd"
                     ecep:syllab="1"
                     ecep:pron="smaɪld">smil'd</w>
                  <c> </c>
                  <w xml:id="o5156-069500"
                     n="40-a-1410"
                     ecep:lem="to"
                     ecep:pos="pc-acp"
                     ecep:reg="to"
                     ecep:spe="to"
                     ecep:syllab="1"
                     ecep:pron="tuː">to</w>
                  <c> </c>
                  <w xml:id="o5156-069510"
                     n="40-a-1420"
                     ecep:lem="hear"
                     ecep:pos="vvi"
                     ecep:reg="hear"
                     ecep:spe="hear"
                     ecep:syllab="1"
                     ecep:pron="hɪə">hear</w>
                  <pc xml:id="o5156-069520"
                      n="40-a-1430"
                      ecep:lem=";"
                      ecep:pos=";"
                      ecep:reg=";"
                      ecep:spe=";">;</pc>
               </l>
               <l xml:id="o5156-l04120">
                  <w xml:id="o5156-069530"
                     n="40-a-1440"
                     ecep:lem="and"
                     ecep:pos="cc"
                     ecep:reg="And"
                     ecep:spe="And"
                     ecep:syllab="1"
                     ecep:pron="ænd">And</w>
                  <c> </c>
                  <w xml:id="o5156-069540"
                     n="40-a-1450"
                     ecep:lem="Flavia"
                     ecep:pos="np1"
                     ecep:reg="Flavia"
                     ecep:spe="Flavia"
                     ecep:syllab="2"
                     ecep:pron="flˈæviə">Flavia</w>
                  <c> </c>
                  <w xml:id="o5156-069550"
                     n="40-a-1460"
                     ecep:lem="sure"
                     ecep:pos="j"
                     ecep:reg="sure"
                     ecep:spe="sure"
                     ecep:syllab="1"
                     ecep:pron="ʃɔː">sure</w>
                  <c> </c>
                  <w xml:id="o5156-069560"
                     n="40-a-1470"
                     ecep:lem="must"
                     ecep:pos="vmb"
                     ecep:reg="must"
                     ecep:spe="must"
                     ecep:syllab="1"
                     ecep:pron="mʌst">must</w>
                  <c> </c>
                  <w xml:id="o5156-069570"
                     n="40-a-1480"
                     ecep:lem="be"
                     ecep:pos="vbi"
                     ecep:reg="be"
                     ecep:spe="be"
                     ecep:syllab="1"
                     ecep:pron="biː">be</w>
                  <c> </c>
                  <w xml:id="o5156-069580"
                     n="40-a-1490"
                     ecep:lem="sincere"
                     ecep:pos="j"
                     ecep:reg="sincere"
                     ecep:spe="sincere"
                     ecep:syllab="2"
                     ecep:pron="sɪnˈsɪə">sincere</w>
                  <pc xml:id="o5156-069590"
                      n="40-a-1500"
                      unit="sentence"
                      ecep:lem="."
                      ecep:pos="."
                      ecep:reg="."
                      ecep:spe=".">.</pc>
               </l>
            </lg>
            <lg xml:id="o5156-s00695">
               <l xml:id="o5156-l04125">
                  <w xml:id="o5156-069620"
                     n="40-a-1510"
                     ecep:lem="go"
                     ecep:pos="vvb"
                     ecep:reg="Go"
                     ecep:spe="Go"
                     ecep:syllab="1"
                     ecep:pron="gəʊ">Go</w>
                  <c> </c>
                  <w xml:id="o5156-069630"
                     n="40-a-1520"
                     ecep:lem="shear"
                     ecep:pos="vvb"
                     ecep:reg="shear"
                     ecep:spe="shear"
                     ecep:syllab="1"
                     ecep:pron="ʃɪə">shear</w>
                  <c> </c>
                  <w xml:id="o5156-069640"
                     n="40-a-1530"
                     ecep:lem="your"
                     ecep:pos="po22"
                     ecep:reg="your"
                     ecep:spe="your"
                     ecep:syllab="1"
                     ecep:pron="jɔː">your</w>
                  <c> </c>
                  <w xml:id="o5156-069650"
                     n="40-a-1540"
                     ecep:lem="flock"
                     ecep:pos="n2"
                     ecep:reg="flocks"
                     ecep:spe="flocks"
                     ecep:syllab="1"
                     ecep:pron="flɒks">flocks</w>
                  <pc xml:id="o5156-069660"
                      n="40-a-1550"
                      ecep:lem=","
                      ecep:pos=","
                      ecep:reg=","
                      ecep:spe=",">,</pc>
                  <c> </c>
                  <w xml:id="o5156-069670"
                     n="40-a-1560"
                     ecep:lem="you"
                     ecep:pos="pn22"
                     ecep:reg="you"
                     ecep:spe="ye"
                     ecep:syllab="1"
                     ecep:pron="jiː">ye</w>
                  <c> </c>
                  <w xml:id="o5156-069680"
                     n="40-a-1570"
                     ecep:lem="jovial"
                     ecep:pos="j"
                     ecep:reg="jovial"
                     ecep:spe="jovial"
                     ecep:syllab="3"
                     ecep:pron="ˈdʒəʊviəl">jovial</w>
                  <c> </c>
                  <w xml:id="o5156-069690"
                     n="40-a-1580"
                     ecep:lem="swain"
                     ecep:pos="n2"
                     ecep:reg="swains"
                     ecep:spe="swains"
                     ecep:syllab="1"
                     ecep:pron="sweɪnz">swains</w>
                  <pc xml:id="o5156-069700"
                      n="40-a-1590"
                      ecep:lem=","
                      ecep:pos=","
                      ecep:reg=","
                      ecep:spe=",">,</pc>
               </l>
               <l xml:id="o5156-l04130">
                  <w xml:id="o5156-069710"
                     n="40-a-1600"
                     ecep:lem="go"
                     ecep:pos="vvb"
                     ecep:reg="Go"
                     ecep:spe="Go"
                     ecep:syllab="1"
                     ecep:pron="gəʊ">Go</w>
                  <c> </c>
                  <w xml:id="o5156-069720"
                     n="40-a-1610"
                     ecep:lem="reap"
                     ecep:pos="vvi"
                     ecep:reg="reap"
                     ecep:spe="reap"
                     ecep:syllab="1"
                     ecep:pron="riːp">reap</w>
                  <c> </c>
                  <w xml:id="o5156-069730"
                     n="40-a-1620"
                     ecep:lem="the"
                     ecep:pos="dt"
                     ecep:reg="the"
                     ecep:spe="the"
                     ecep:syllab="1"
                     ecep:pron="ðiː">the</w>
                  <c> </c>
                  <w xml:id="o5156-069740"
                     n="40-a-1630"
                     ecep:lem="plenty"
                     ecep:pos="n1"
                     ecep:reg="plenty"
                     ecep:spe="plenty"
                     ecep:syllab="2"
                     ecep:pron="ˈplenti">plenty</w>
                  <c> </c>
                  <w xml:id="o5156-069750"
                     n="40-a-1640"
                     ecep:lem="of"
                     ecep:pos="pp-f"
                     ecep:reg="of"
                     ecep:spe="of"
                     ecep:syllab="1"
                     ecep:pron="ɒv">of</w>
                  <c> </c>
                  <w xml:id="o5156-069760"
                     n="40-a-1650"
                     ecep:lem="your"
                     ecep:pos="po22"
                     ecep:reg="your"
                     ecep:spe="your"
                     ecep:syllab="1"
                     ecep:pron="jɔː">your</w>
                  <c> </c>
                  <w xml:id="o5156-069770"
                     n="40-a-1660"
                     ecep:lem="plain"
                     ecep:pos="n2"
                     ecep:reg="plains"
                     ecep:spe="plains"
                     ecep:syllab="1"
                     ecep:pron="pleɪnz">plains</w>
                  <pc xml:id="o5156-069780"
                      n="40-a-1670"
                      ecep:lem=";"
                      ecep:pos=";"
                      ecep:reg=";"
                      ecep:spe=";">;</pc>
               </l>
               <l xml:id="o5156-l04135">
                  <w xml:id="o5156-069790"
                     n="40-a-1680"
                     ecep:lem="despoil"
                     ecep:pos="vvn"
                     ecep:reg="Despoiled"
                     ecep:spe="Despoil'd"
                     ecep:syllab="2"
                     ecep:pron="dɪˈspɔɪld">Despoil'd</w>
                  <c> </c>
                  <w xml:id="o5156-069800"
                     n="40-a-1690"
                     ecep:lem="of"
                     ecep:pos="pp-f"
                     ecep:reg="of"
                     ecep:spe="of"
                     ecep:syllab="1"
                     ecep:pron="ɒv">of</w>
                  <c> </c>
                  <w xml:id="o5156-069810"
                     n="40-a-1700"
                     ecep:lem="all"
                     ecep:pos="d"
                     ecep:reg="all"
                     ecep:spe="all"
                     ecep:syllab="1"
                     ecep:pron="ɔːl">all</w>
                  <c> </c>
                  <w xml:id="o5156-069820"
                     n="40-a-1710"
                     ecep:lem="which"
                     ecep:pos="r-crq"
                     ecep:reg="which"
                     ecep:spe="which"
                     ecep:syllab="1"
                     ecep:pron="wɪtʃ">which</w>
                  <c> </c>
                  <w xml:id="o5156-069830"
                     n="40-a-1720"
                     ecep:lem="you"
                     ecep:pos="pn22"
                     ecep:reg="you"
                     ecep:spe="you"
                     ecep:syllab="1"
                     ecep:pron="juː">you</w>
                  <c> </c>
                  <w xml:id="o5156-069840"
                     n="40-a-1730"
                     ecep:lem="revere"
                     ecep:pos="vvb"
                     ecep:reg="revere"
                     ecep:spe="revere"
                     ecep:syllab="2"
                     ecep:pron="rɪˈvɪə">revere</w>
                  <pc xml:id="o5156-069850"
                      n="40-a-1740"
                      ecep:lem=","
                      ecep:pos=","
                      ecep:reg=","
                      ecep:spe=",">,</pc>
               </l>
               <l xml:id="o5156-l04140">
                  <w xml:id="o5156-069860"
                     n="40-a-1750"
                     ecep:lem="i"
                     ecep:pos="pns11"
                     ecep:reg="I"
                     ecep:spe="I"
                     ecep:syllab="1"
                     ecep:pron="aɪ">I</w>
                  <c> </c>
                  <w xml:id="o5156-069870"
                     n="40-a-1760"
                     ecep:lem="know"
                     ecep:pos="vvb"
                     ecep:reg="know"
                     ecep:spe="know"
                     ecep:syllab="1"
                     ecep:pron="nəʊ">know</w>
                  <c> </c>
                  <w xml:id="o5156-069880"
                     n="40-a-1770"
                     ecep:lem="my"
                     ecep:pos="po11"
                     ecep:reg="my"
                     ecep:spe="my"
                     ecep:syllab="1"
                     ecep:pron="maɪ">my</w>
                  <c> </c>
                  <w xml:id="o5156-069890"
                     n="40-a-1780"
                     ecep:lem="flavia"
                     ecep:pos="npg1"
                     ecep:reg="Flavia's"
                     ecep:spe="Flavia's"
                     ecep:syllab="2"
                     ecep:pron="flˈæviəz">Flavia's</w>
                  <c> </c>
                  <w xml:id="o5156-069900"
                     n="40-a-1790"
                     ecep:lem="love"
                     ecep:pos="n1"
                     ecep:reg="love"
                     ecep:spe="love"
                     ecep:syllab="1"
                     ecep:pron="lʌv">love</w>
                  <c> </c>
                  <w xml:id="o5156-069910"
                     n="40-a-1800"
                     ecep:lem="sincere"
                     ecep:pos="j"
                     ecep:reg="sincere"
                     ecep:spe="sincere"
                     ecep:syllab="2"
                     ecep:pron="sɪnˈsɪə">sincere</w>
                  <pc xml:id="o5156-069920"
                      n="40-a-1810"
                      unit="sentence"
                      ecep:lem="."
                      ecep:pos="."
                      ecep:reg="."
                      ecep:spe=".">.</pc>
               </l>
            </lg>
         </div>
      </body>
   </text>
</TEI>
