<?xml version="1.0" encoding="utf-8"?>
<!DOCTYPE div
  SYSTEM "about:legacy-compat">
<div xmlns:ecep="http://www.eighteenthcenturypoetry.org/ns"
     xmlns="http://www.tei-c.org/ns/1.0"
     xmlns:tei="http://www.tei-c.org/ns/1.0"
     ana="#iamb #tetrameter #pentameter #hexameter #sestarima #sestet #ode #address"
     corresp="#txt_HuntAn1741_w0010"
     decls="#semi-normalized"
     ecep:syllab="8.8.8.8.10.12"
     met="-+|-+|-+|-+/ -+|-+|-+|-+/ -+|-+|-+|-+/ -+|-+|-+|-+/ -+|-+|-+|-+|-+/ -+|-+|-+|-+|-+|-+/"
     rendition="#lgvspace"
     rhyme="ababcc"
     subtype="eceptext"
     type="poem"
     xml:id="bah18-w0100">
   <link target="authors.xml#aut_HuntAn1741" type="author"/>
   <head type="main">
      <pc xml:id="bah18-039810"
          n="a-0010"
          ecep:lem="["
          ecep:pos="["
          ecep:reg="["
          ecep:spe="[">[</pc>
      <w xml:id="bah18-039820"
         n="a-0020"
         ecep:lem="birthday"
         ecep:pos="n1"
         ecep:reg="BIRTHDAY"
         ecep:spe="BIRTHDAY"
         ecep:syllab="2"
         ecep:pron="ˈbɜːθdeɪ">BIRTHDAY</w>
      <c> </c>
      <w xml:id="bah18-039830"
         n="a-0030"
         ecep:lem="ode"
         ecep:pos="n1"
         ecep:reg="ODE"
         ecep:spe="ODE"
         ecep:syllab="1"
         ecep:pron="əʊd">ODE</w>
      <pc xml:id="bah18-039840"
          n="a-0040"
          ecep:lem="]"
          ecep:pos="]"
          ecep:reg="]"
          ecep:spe="]">]</pc>
      <c> </c>
      <w xml:id="bah18-039850"
         n="a-0050"
         ecep:lem="to"
         ecep:pos="p-acp"
         ecep:reg="TO"
         ecep:spe="TO"
         ecep:syllab="1"
         ecep:pron="tuː">TO</w>
      <c> </c>
      <w xml:id="bah18-039860"
         n="a-0060"
         ecep:lem="the"
         ecep:pos="dt"
         ecep:reg="THE"
         ecep:spe="THE"
         ecep:syllab="1"
         ecep:pron="ðiː">THE</w>
      <c> </c>
      <w xml:id="bah18-039870"
         n="a-0070"
         ecep:lem="same"
         ecep:pos="d"
         ecep:reg="SAME"
         ecep:spe="SAME"
         ecep:syllab="1"
         ecep:pron="seɪm">SAME</w>
      <pc xml:id="bah18-039880"
          n="a-0080"
          ecep:lem=","
          ecep:pos=","
          ecep:reg=","
          ecep:spe=",">,</pc>
   </head>
   <head type="sub">
      <w xml:id="bah18-039910"
         n="a-0090"
         ecep:lem="age"
         ecep:pos="vvn"
         ecep:reg="AGED"
         ecep:spe="AGED"
         ecep:syllab="2"
         ecep:pron="ˈeɪdʒɪd">AGED</w>
      <c> </c>
      <w xml:id="bah18-039920"
         n="a-0100"
         ecep:lem="23"
         ecep:pos="crd"
         ecep:reg="23"
         ecep:spe="23"
         ecep:syllab="1"
         ecep:pron="twˈentiθrˈiː">23</w>
      <pc xml:id="bah18-039930"
          n="a-0110"
          ecep:lem=","
          ecep:pos=","
          ecep:reg=","
          ecep:spe=",">,</pc>
      <c> </c>
      <w xml:id="bah18-039940"
         n="a-0120"
         ecep:lem="a"
         ecep:pos="dt"
         ecep:reg="A"
         ecep:spe="A"
         ecep:syllab="1"
         ecep:pron="ə">A</w>
      <c> </c>
      <w xml:id="bah18-039950"
         n="a-0130"
         ecep:lem="lieutenant"
         ecep:pos="n1"
         ecep:reg="LIEUTENANT"
         ecep:spe="LIEUTENANT"
         ecep:syllab="3"
         ecep:pron="lefˈtenənt">LIEUTENANT</w>
      <c> </c>
      <w xml:id="bah18-039960"
         n="a-0140"
         ecep:lem="in"
         ecep:pos="p-acp"
         ecep:reg="IN"
         ecep:spe="IN"
         ecep:syllab="1"
         ecep:pron="ɪn">IN</w>
      <c> </c>
      <w xml:id="bah18-039970"
         n="a-0150"
         ecep:lem="the"
         ecep:pos="dt"
         ecep:reg="THE"
         ecep:spe="THE"
         ecep:syllab="1"
         ecep:pron="ðiː">THE</w>
      <c> </c>
      <w xml:id="bah18-039980"
         n="a-0160"
         ecep:lem="army"
         ecep:pos="n1"
         ecep:reg="ARMY"
         ecep:spe="ARMY"
         ecep:syllab="2"
         ecep:pron="ˈɑːmi">ARMY</w>
      <pc xml:id="bah18-039990"
          n="a-0170"
          ecep:lem=","
          ecep:pos=","
          ecep:reg=","
          ecep:spe=",">,</pc>
      <c> </c>
      <w xml:id="bah18-040000"
         n="a-0180"
         ecep:lem="then"
         ecep:pos="av"
         ecep:reg="THEN"
         ecep:spe="THEN"
         ecep:syllab="1"
         ecep:pron="ðen">THEN</w>
      <c> </c>
      <w xml:id="bah18-040010"
         n="a-0190"
         ecep:lem="with"
         ecep:pos="p-acp"
         ecep:reg="WITH"
         ecep:spe="WITH"
         ecep:syllab="1"
         ecep:pron="wɪð">WITH</w>
      <c> </c>
      <w xml:id="bah18-040020"
         n="a-0200"
         ecep:lem="his"
         ecep:pos="po31"
         ecep:reg="HIS"
         ecep:spe="HIS"
         ecep:syllab="1"
         ecep:pron="hɪz">HIS</w>
      <c> </c>
      <w xml:id="bah18-040030"
         n="a-0210"
         ecep:lem="regiment"
         ecep:pos="n1"
         ecep:reg="REGIMENT"
         ecep:spe="REGIMENT"
         ecep:syllab="3"
         ecep:pron="ˈredʒɪmənt">REGIMENT</w>
      <c> </c>
      <w xml:id="bah18-040040"
         n="a-0220"
         ecep:lem="in"
         ecep:pos="p-acp"
         ecep:reg="IN"
         ecep:spe="IN"
         ecep:syllab="1"
         ecep:pron="ɪn">IN</w>
      <c> </c>
      <w xml:id="bah18-040050"
         n="a-0230"
         ecep:lem="Corsica"
         ecep:pos="np1"
         ecep:reg="CORSICA"
         ecep:spe="CORSICA"
         ecep:syllab="3"
         ecep:pron="ˈkɔːsɪkə">CORSICA</w>
      <pc xml:id="bah18-040060"
          n="a-0240"
          ecep:lem=","
          ecep:pos=","
          ecep:reg=","
          ecep:spe=",">,</pc>
      <c> </c>
      <w xml:id="bah18-040070"
         n="a-0250"
         ecep:lem="1793."
         ecep:pos="crd"
         ecep:reg="1793."
         ecep:spe="1793."
         ecep:syllab="1"
         ecep:pron="wˈɒnθˈaʊzəndsˈevənhˈʌndrədənnˈaɪntiθrˈiː">1793.</w>
      <pc unit="sentence" xml:id="bah18-040070-eos" n="a-0260"/>
   </head>
   <lg xml:id="bah18-s00330">
      <l xml:id="bah18-l01955">
         <w xml:id="bah18-040100"
            n="a-0270"
            ecep:lem="o"
            ecep:pos="uh"
            ecep:reg="OH"
            ecep:spe="O"
            ecep:syllab="1"
            ecep:pron="əʊ">O</w>
         <c> </c>
         <w xml:id="bah18-040110"
            n="a-0280"
            ecep:lem="thou"
            ecep:pos="pns21"
            ecep:reg="THOU"
            ecep:spe="THOU"
            ecep:syllab="1"
            ecep:pron="θaʊ">THOU</w>
         <c> </c>
         <w xml:id="bah18-040120"
            n="a-0290"
            ecep:lem="so"
            ecep:pos="av"
            ecep:reg="so"
            ecep:spe="so"
            ecep:syllab="1"
            ecep:pron="səʊ">so</w>
         <c> </c>
         <w xml:id="bah18-040130"
            n="a-0300"
            ecep:lem="dear"
            ecep:pos="j-jn"
            ecep:reg="dear"
            ecep:spe="dear"
            ecep:syllab="1"
            ecep:pron="dɪə">dear</w>
         <pc xml:id="bah18-040140"
             n="a-0310"
             ecep:lem="!"
             ecep:pos="!"
             ecep:reg="!"
             ecep:spe="!">!</pc>
         <c> </c>
         <w xml:id="bah18-040150"
            n="a-0320"
            ecep:lem="who"
            ecep:pos="q-crq"
            ecep:reg="whose"
            ecep:spe="whose"
            ecep:syllab="1"
            ecep:pron="huːz">whose</w>
         <c> </c>
         <w xml:id="bah18-040160"
            n="a-0330"
            ecep:lem="wander"
            ecep:pos="j-vvg"
            ecep:reg="wandering"
            ecep:spe="wand'ring"
            ecep:syllab="2"
            ecep:pron="ˈwɒndrɪŋ">wand'ring</w>
         <c> </c>
         <w xml:id="bah18-040170"
            n="a-0340"
            ecep:lem="star"
            ecep:pos="n1"
            ecep:reg="star"
            ecep:spe="star"
            ecep:syllab="1"
            ecep:pron="stɑː">star</w>
      </l>
      <l rendition="#h_3" xml:id="bah18-l01960">
         <c> </c>
         <w xml:id="bah18-040180"
            n="a-0350"
            ecep:lem="leave"
            ecep:pos="vvz"
            ecep:reg="Leaves"
            ecep:spe="Leaves"
            ecep:syllab="1"
            ecep:pron="liːvz">Leaves</w>
         <c> </c>
         <w xml:id="bah18-040190"
            n="a-0360"
            ecep:lem="sad"
            ecep:pos="j"
            ecep:reg="sad"
            ecep:spe="sad"
            ecep:syllab="1"
            ecep:pron="sæd">sad</w>
         <c> </c>
         <w xml:id="bah18-040200"
            n="a-0370"
            ecep:lem="maternal"
            ecep:pos="j"
            ecep:reg="maternal"
            ecep:spe="maternal"
            ecep:syllab="3"
            ecep:pron="məˈtɜːnl">maternal</w>
         <c> </c>
         <w xml:id="bah18-040210"
            n="a-0380"
            ecep:lem="love"
            ecep:pos="n1"
            ecep:reg="love"
            ecep:spe="love"
            ecep:syllab="1"
            ecep:pron="lʌv">love</w>
         <c> </c>
         <w xml:id="bah18-040220"
            n="a-0390"
            ecep:lem="to"
            ecep:pos="pc-acp"
            ecep:reg="to"
            ecep:spe="to"
            ecep:syllab="1"
            ecep:pron="tuː">to</w>
         <c> </c>
         <w xml:id="bah18-040230"
            n="a-0400"
            ecep:lem="mourn"
            ecep:pos="vvi"
            ecep:reg="mourn"
            ecep:spe="mourn"
            ecep:syllab="1"
            ecep:pron="mɔːn">mourn</w>
         <pc xml:id="bah18-040240"
             n="a-0410"
             ecep:lem=","
             ecep:pos=","
             ecep:reg=","
             ecep:spe=",">,</pc>
      </l>
      <l xml:id="bah18-l01965">
         <c> </c>
         <w xml:id="bah18-040250"
            n="a-0420"
            ecep:lem="now"
            ecep:pos="av"
            ecep:reg="Now"
            ecep:spe="Now"
            ecep:syllab="1"
            ecep:pron="naʊ">Now</w>
         <c> </c>
         <w xml:id="bah18-040260"
            n="a-0430"
            ecep:lem="chain"
            ecep:pos="vvn"
            ecep:reg="chained"
            ecep:spe="chain'd"
            ecep:syllab="1"
            ecep:pron="tʃeɪnd">chain'd</w>
         <c> </c>
         <w xml:id="bah18-040270"
            n="a-0440"
            ecep:lem="to"
            ecep:pos="p-acp"
            ecep:reg="to"
            ecep:spe="to"
            ecep:syllab="1"
            ecep:pron="tuː">to</w>
         <c> </c>
         <w xml:id="bah18-040280"
            n="a-0450"
            ecep:lem="fierce"
            ecep:pos="j"
            ecep:reg="fierce"
            ecep:spe="fierce"
            ecep:syllab="1"
            ecep:pron="fɪəs">fierce</w>
         <c> </c>
         <w xml:id="bah18-040290"
            n="a-0460"
            ecep:lem="bellona"
            ecep:pos="npg1"
            ecep:reg="Bellona's"
            ecep:spe="Bellona's"
            ecep:syllab="3"
            ecep:pron="belˈəʊnəz">Bellona's</w>
         <c> </c>
         <w xml:id="bah18-040300"
            n="a-0470"
            ecep:lem="car"
            ecep:pos="n1"
            ecep:reg="car"
            ecep:spe="car"
            ecep:syllab="1"
            ecep:pron="kɑː">car</w>
         <pc xml:id="bah18-040310"
             n="a-0480"
             ecep:lem=","
             ecep:pos=","
             ecep:reg=","
             ecep:spe=",">,</pc>
      </l>
      <l rendition="#h_3" xml:id="bah18-l01970">
         <c> </c>
         <w xml:id="bah18-040320"
            n="a-0490"
            ecep:lem="say"
            ecep:pos="vvb"
            ecep:reg="Say"
            ecep:spe="Say"
            ecep:syllab="1"
            ecep:pron="seɪ">Say</w>
         <pc xml:id="bah18-040330"
             n="a-0500"
             ecep:lem=","
             ecep:pos=","
             ecep:reg=","
             ecep:spe=",">,</pc>
         <c> </c>
         <w xml:id="bah18-040340"
            n="a-0510"
            ecep:lem="do"
            ecep:pos="vdz"
            ecep:reg="does"
            ecep:spe="does"
            ecep:syllab="1"
            ecep:pron="dʌz">does</w>
         <c> </c>
         <w xml:id="bah18-040350"
            n="a-0520"
            ecep:lem="not"
            ecep:pos="xx"
            ecep:reg="no"
            ecep:spe="no"
            ecep:syllab="1"
            ecep:pron="nəʊ">no</w>
         <c> </c>
         <w xml:id="bah18-040360"
            n="a-0530"
            ecep:lem="thought"
            ecep:pos="n1"
            ecep:reg="thought"
            ecep:spe="thought"
            ecep:syllab="1"
            ecep:pron="θɔːt">thought</w>
         <c> </c>
         <w xml:id="bah18-040370"
            n="a-0540"
            ecep:lem="of"
            ecep:pos="pp-f"
            ecep:reg="of"
            ecep:spe="of"
            ecep:syllab="1"
            ecep:pron="ɒv">of</w>
         <c> </c>
         <w xml:id="bah18-040380"
            n="a-0550"
            ecep:lem="home"
            ecep:pos="av-an"
            ecep:reg="home"
            ecep:spe="home"
            ecep:syllab="1"
            ecep:pron="həʊm">home</w>
         <c> </c>
         <w xml:id="bah18-040390"
            n="a-0560"
            ecep:lem="return"
            ecep:pos="vvi"
            ecep:reg="return"
            ecep:spe="return"
            ecep:syllab="2"
            ecep:pron="rɪˈtɜːn">return</w>
         <pc xml:id="bah18-040400"
             n="a-0570"
             unit="sentence"
             ecep:lem="?"
             ecep:pos="?"
             ecep:reg="?"
             ecep:spe="?">?</pc>
         <c> </c>
      </l>
      <l xml:id="bah18-l01975">
         <w xml:id="bah18-040410"
            n="a-0580"
            ecep:lem="of"
            ecep:pos="pp-f"
            ecep:reg="Of"
            ecep:spe="Of"
            ecep:syllab="1"
            ecep:pron="ɒv">Of</w>
         <c> </c>
         <w xml:id="bah18-040420"
            n="a-0590"
            ecep:lem="i"
            ecep:pos="pno11"
            ecep:reg="me"
            ecep:spe="me"
            ecep:syllab="1"
            ecep:pron="miː">me</w>
         <pc xml:id="bah18-040430"
             n="a-0600"
             ecep:lem=","
             ecep:pos=","
             ecep:reg=","
             ecep:spe=",">,</pc>
         <c> </c>
         <w xml:id="bah18-040440"
            n="a-0610"
            ecep:lem="beneath"
            ecep:pos="p-acp"
            ecep:reg="beneath"
            ecep:spe="beneath"
            ecep:syllab="2"
            ecep:pron="bɪˈniːθ">beneath</w>
         <c> </c>
         <w xml:id="bah18-040450"
            n="a-0620"
            ecep:lem="a"
            ecep:pos="dt"
            ecep:reg="a"
            ecep:spe="a"
            ecep:syllab="1"
            ecep:pron="ə">a</w>
         <c> </c>
         <w xml:id="bah18-040460"
            n="a-0630"
            ecep:lem="sky"
            ecep:pos="n1"
            ecep:reg="sky"
            ecep:spe="sky"
            ecep:syllab="1"
            ecep:pron="skaɪ">sky</w>
         <c> </c>
         <w xml:id="bah18-040470"
            n="a-0640"
            ecep:lem="so"
            ecep:pos="av"
            ecep:reg="so"
            ecep:spe="so"
            ecep:syllab="1"
            ecep:pron="səʊ">so</w>
         <c> </c>
         <w xml:id="bah18-040480"
            n="a-0650"
            ecep:lem="dark"
            ecep:pos="j"
            ecep:reg="dark"
            ecep:spe="dark"
            ecep:syllab="1"
            ecep:pron="dɑːk">dark</w>
         <c> </c>
         <w xml:id="bah18-040490"
            n="a-0660"
            ecep:lem="and"
            ecep:pos="cc"
            ecep:reg="and"
            ecep:spe="and"
            ecep:syllab="1"
            ecep:pron="ænd">and</w>
         <c> </c>
         <w xml:id="bah18-040500"
            n="a-0670"
            ecep:lem="drear"
            ecep:pos="j-jn"
            ecep:reg="drear"
            ecep:spe="drear"
            ecep:syllab="1"
            ecep:pron="drɪə">drear</w>
         <pc xml:id="bah18-040510"
             n="a-0680"
             ecep:lem=","
             ecep:pos=","
             ecep:reg=","
             ecep:spe=",">,</pc>
      </l>
      <l xml:id="bah18-l01980">
         <c> </c>
         <w xml:id="bah18-040520"
            n="a-0690"
            ecep:lem="where"
            ecep:pos="q-crq"
            ecep:reg="Where"
            ecep:spe="Where"
            ecep:syllab="1"
            ecep:pron="weə">Where</w>
         <c> </c>
         <w xml:id="bah18-040530"
            n="a-0700"
            ecep:lem="fortune"
            ecep:pos="n1"
            ecep:reg="fortune"
            ecep:spe="fortune"
            ecep:syllab="2"
            ecep:pron="ˈfɔːtʃuːn">fortune</w>
         <c> </c>
         <w xml:id="bah18-040540"
            n="a-0710"
            ecep:lem="drive"
            ecep:pos="vvz"
            ecep:reg="drives"
            ecep:spe="drives"
            ecep:syllab="1"
            ecep:pron="draɪvz">drives</w>
         <c> </c>
         <w xml:id="bah18-040550"
            n="a-0720"
            ecep:lem="the"
            ecep:pos="dt"
            ecep:reg="the"
            ecep:spe="the"
            ecep:syllab="1"
            ecep:pron="ðiː">the</w>
         <c> </c>
         <w xml:id="bah18-040560"
            n="a-0730"
            ecep:lem="storm"
            ecep:pos="n1"
            ecep:reg="storm"
            ecep:spe="storm"
            ecep:syllab="1"
            ecep:pron="stɔːm">storm</w>
         <pc xml:id="bah18-040570"
             n="a-0740"
             ecep:lem=","
             ecep:pos=","
             ecep:reg=","
             ecep:spe=",">,</pc>
         <c> </c>
         <w xml:id="bah18-040580"
            n="a-0750"
            ecep:lem="and"
            ecep:pos="cc"
            ecep:reg="and"
            ecep:spe="and"
            ecep:syllab="1"
            ecep:pron="ænd">and</w>
         <c> </c>
         <w xml:id="bah18-040590"
            n="a-0760"
            ecep:lem="sorrow"
            ecep:pos="n1"
            ecep:reg="sorrow"
            ecep:spe="sorrow"
            ecep:syllab="2"
            ecep:pron="ˈsɒrəʊ">sorrow</w>
         <c> </c>
         <w xml:id="bah18-040600"
            n="a-0770"
            ecep:lem="cloud"
            ecep:pos="n2"
            ecep:reg="clouds"
            ecep:spe="clouds"
            ecep:syllab="1"
            ecep:pron="klaʊdz">clouds</w>
         <c> </c>
         <w xml:id="bah18-040610"
            n="a-0780"
            ecep:lem="the"
            ecep:pos="dt"
            ecep:reg="the"
            ecep:spe="the"
            ecep:syllab="1"
            ecep:pron="ðiː">the</w>
         <c> </c>
         <w xml:id="bah18-040620"
            n="a-0790"
            ecep:lem="year"
            ecep:pos="n1"
            ecep:reg="year"
            ecep:spe="year"
            ecep:syllab="1"
            ecep:pron="jɪə">year</w>
         <pc xml:id="bah18-040630"
             n="a-0800"
             unit="sentence"
             ecep:lem="?"
             ecep:pos="?"
             ecep:reg="?"
             ecep:spe="?">?</pc>
         <c> </c>
      </l>
   </lg>
   <lg xml:id="bah18-s00335">
      <l xml:id="bah18-l01985">
         <w xml:id="bah18-040660"
            n="a-0810"
            ecep:lem="but"
            ecep:pos="p-acp"
            ecep:reg="But"
            ecep:spe="But"
            ecep:syllab="1"
            ecep:pron="bʌt">But</w>
         <c> </c>
         <w xml:id="bah18-040670"
            n="a-0820"
            ecep:lem="rise"
            ecep:pos="vvg"
            ecep:reg="rising"
            ecep:spe="rising"
            ecep:syllab="2"
            ecep:pron="ˈraɪzɪŋ">rising</w>
         <c> </c>
         <w xml:id="bah18-040680"
            n="a-0830"
            ecep:lem="from"
            ecep:pos="p-acp"
            ecep:reg="from"
            ecep:spe="from"
            ecep:syllab="1"
            ecep:pron="frɒm">from</w>
         <c> </c>
         <w xml:id="bah18-040690"
            n="a-0840"
            ecep:lem="the"
            ecep:pos="dt"
            ecep:reg="the"
            ecep:spe="the"
            ecep:syllab="1"
            ecep:pron="ðiː">the</w>
         <c> </c>
         <w xml:id="bah18-040700"
            n="a-0850"
            ecep:lem="stroke"
            ecep:pos="n1"
            ecep:reg="stroke"
            ecep:spe="stroke"
            ecep:syllab="1"
            ecep:pron="strəʊk">stroke</w>
         <c> </c>
         <w xml:id="bah18-040710"
            n="a-0860"
            ecep:lem="of"
            ecep:pos="pp-f"
            ecep:reg="of"
            ecep:spe="of"
            ecep:syllab="1"
            ecep:pron="ɒv">of</w>
         <c> </c>
         <w xml:id="bah18-040720"
            n="a-0870"
            ecep:lem="fate"
            ecep:pos="n1"
            ecep:reg="fate"
            ecep:spe="fate"
            ecep:syllab="1"
            ecep:pron="feɪt">fate</w>
         <pc xml:id="bah18-040730"
             n="a-0880"
             ecep:lem=","
             ecep:pos=","
             ecep:reg=","
             ecep:spe=",">,</pc>
      </l>
      <l rendition="#h_3" xml:id="bah18-l01990">
         <c> </c>
         <w xml:id="bah18-040740"
            n="a-0890"
            ecep:lem="i"
            ecep:pos="pns11"
            ecep:reg="I"
            ecep:spe="I"
            ecep:syllab="1"
            ecep:pron="aɪ">I</w>
         <c> </c>
         <w xml:id="bah18-040750"
            n="a-0900"
            ecep:lem="seize"
            ecep:pos="vvb"
            ecep:reg="seize"
            ecep:spe="seize"
            ecep:syllab="1"
            ecep:pron="siːz">seize</w>
         <c> </c>
         <w xml:id="bah18-040760"
            n="a-0910"
            ecep:lem="the"
            ecep:pos="dt"
            ecep:reg="the"
            ecep:spe="the"
            ecep:syllab="1"
            ecep:pron="ðiː">the</w>
         <c> </c>
         <w xml:id="bah18-040770"
            n="a-0920"
            ecep:lem="long"
            ecep:pos="j"
            ecep:reg="long"
            ecep:spe="long"
            ecep:syllab="1"
            ecep:pron="lɒŋ">long</w>
         <c> </c>
         <w xml:id="bah18-040780"
            n="a-0930"
            ecep:lem="neglect"
            ecep:pos="j-vvn"
            ecep:reg="neglected"
            ecep:spe="neglected"
            ecep:syllab="3"
            ecep:pron="nɪˈglektɪd">neglected</w>
         <c> </c>
         <w xml:id="bah18-040790"
            n="a-0940"
            ecep:lem="lyre"
            ecep:pos="n1"
            ecep:reg="lyre"
            ecep:spe="lyre"
            ecep:syllab="1"
            ecep:pron="laɪə">lyre</w>
         <pc xml:id="bah18-040800"
             n="a-0950"
             ecep:lem=";"
             ecep:pos=";"
             ecep:reg=";"
             ecep:spe=";">;</pc>
      </l>
      <l xml:id="bah18-l01995">
         <c> </c>
         <w xml:id="bah18-040810"
            n="a-0960"
            ecep:lem="warm"
            ecep:pos="j"
            ecep:reg="Warm"
            ecep:spe="Warm"
            ecep:syllab="1"
            ecep:pron="wɔːm">Warm</w>
         <c> </c>
         <w xml:id="bah18-040820"
            n="a-0970"
            ecep:lem="at"
            ecep:pos="p-acp"
            ecep:reg="at"
            ecep:spe="at"
            ecep:syllab="1"
            ecep:pron="æt">at</w>
         <c> </c>
         <w xml:id="bah18-040830"
            n="a-0980"
            ecep:lem="my"
            ecep:pos="po11"
            ecep:reg="my"
            ecep:spe="my"
            ecep:syllab="1"
            ecep:pron="maɪ">my</w>
         <c> </c>
         <w xml:id="bah18-040840"
            n="a-0990"
            ecep:lem="heart"
            ecep:pos="n1"
            ecep:reg="heart"
            ecep:spe="heart"
            ecep:syllab="1"
            ecep:pron="hɑːt">heart</w>
         <c> </c>
         <w xml:id="bah18-040850"
            n="a-1000"
            ecep:lem="new"
            ecep:pos="j"
            ecep:reg="new"
            ecep:spe="new"
            ecep:syllab="1"
            ecep:pron="njuː">new</w>
         <c> </c>
         <w xml:id="bah18-040860"
            n="a-1010"
            ecep:lem="hope"
            ecep:pos="n2"
            ecep:reg="hopes"
            ecep:spe="hopes"
            ecep:syllab="1"
            ecep:pron="həʊps">hopes</w>
         <c> </c>
         <w xml:id="bah18-040870"
            n="a-1020"
            ecep:lem="dilate"
            ecep:pos="vvb"
            ecep:reg="dilate"
            ecep:spe="dilate"
            ecep:syllab="2"
            ecep:pron="daɪˈleɪt">dilate</w>
         <pc xml:id="bah18-040880"
             n="a-1030"
             ecep:lem=","
             ecep:pos=","
             ecep:reg=","
             ecep:spe=",">,</pc>
      </l>
      <l rendition="#h_3" xml:id="bah18-l02000">
         <c> </c>
         <w xml:id="bah18-040890"
            n="a-1040"
            ecep:lem="for"
            ecep:pos="p-acp"
            ecep:reg="For"
            ecep:spe="For"
            ecep:syllab="1"
            ecep:pron="fɔː">For</w>
         <c> </c>
         <w xml:id="bah18-040900"
            n="a-1050"
            ecep:lem="thou"
            ecep:pos="pno21"
            ecep:reg="thee"
            ecep:spe="thee"
            ecep:syllab="1"
            ecep:pron="ðiː">thee</w>
         <c> </c>
         <w xml:id="bah18-040910"
            n="a-1060"
            ecep:lem="new"
            ecep:pos="j"
            ecep:reg="new"
            ecep:spe="new"
            ecep:syllab="1"
            ecep:pron="njuː">new</w>
         <c> </c>
         <w xml:id="bah18-040920"
            n="a-1070"
            ecep:lem="wish"
            ecep:pos="n2"
            ecep:reg="wishes"
            ecep:spe="wishes"
            ecep:syllab="2"
            ecep:pron="wɪʃɪz">wishes</w>
         <c> </c>
         <w xml:id="bah18-040930"
            n="a-1080"
            ecep:lem="they"
            ecep:pos="pns32"
            ecep:reg="they"
            ecep:spe="they"
            ecep:syllab="1"
            ecep:pron="ðeɪ">they</w>
         <c> </c>
         <w xml:id="bah18-040940"
            n="a-1090"
            ecep:lem="inspire"
            ecep:pos="vvb"
            ecep:reg="inspire"
            ecep:spe="inspire"
            ecep:syllab="2"
            ecep:pron="ɪnˈspæə">inspire</w>
         <pc xml:id="bah18-040950"
             n="a-1100"
             ecep:lem=";"
             ecep:pos=";"
             ecep:reg=";"
             ecep:spe=";">;</pc>
      </l>
      <l xml:id="bah18-l02005">
         <c> </c>
         <w xml:id="bah18-040960"
            n="a-1110"
            ecep:lem="the"
            ecep:pos="dt"
            ecep:reg="The"
            ecep:spe="The"
            ecep:syllab="1"
            ecep:pron="ðiː">The</w>
         <c> </c>
         <w xml:id="bah18-040970"
            n="a-1120"
            ecep:lem="sullen"
            ecep:pos="j"
            ecep:reg="sullen"
            ecep:spe="sullen"
            ecep:syllab="2"
            ecep:pron="ˈsʌlən">sullen</w>
         <c> </c>
         <w xml:id="bah18-040980"
            n="a-1130"
            ecep:lem="weed"
            ecep:pos="n2"
            ecep:reg="weeds"
            ecep:spe="weeds"
            ecep:syllab="1"
            ecep:pron="wiːdz">weeds</w>
         <c> </c>
         <w xml:id="bah18-040990"
            n="a-1140"
            ecep:lem="of"
            ecep:pos="pp-f"
            ecep:reg="of"
            ecep:spe="of"
            ecep:syllab="1"
            ecep:pron="ɒv">of</w>
         <c> </c>
         <w xml:id="bah18-041000"
            n="a-1150"
            ecep:lem="woe"
            ecep:pos="n1"
            ecep:reg="woe"
            ecep:spe="woe"
            ecep:syllab="1"
            ecep:pron="wəʊ">woe</w>
         <c> </c>
         <w xml:id="bah18-041010"
            n="a-1160"
            ecep:lem="i"
            ecep:pos="pns11"
            ecep:reg="I"
            ecep:spe="I"
            ecep:syllab="1"
            ecep:pron="aɪ">I</w>
         <c> </c>
         <w xml:id="bah18-041020"
            n="a-1170"
            ecep:lem="cast"
            ecep:pos="vvd"
            ecep:reg="cast"
            ecep:spe="cast"
            ecep:syllab="1"
            ecep:pron="kɑːst">cast</w>
         <c> </c>
         <w xml:id="bah18-041030"
            n="a-1180"
            ecep:lem="away"
            ecep:pos="av"
            ecep:reg="away"
            ecep:spe="away"
            ecep:syllab="2"
            ecep:pron="əˈweɪ">away</w>
         <pc xml:id="bah18-041040"
             n="a-1190"
             ecep:lem=","
             ecep:pos=","
             ecep:reg=","
             ecep:spe=",">,</pc>
      </l>
      <l xml:id="bah18-l02010">
         <c> </c>
         <w xml:id="bah18-041050"
            n="a-1200"
            ecep:lem="and"
            ecep:pos="cc"
            ecep:reg="And"
            ecep:spe="And"
            ecep:syllab="1"
            ecep:pron="ænd">And</w>
         <c> </c>
         <w xml:id="bah18-041060"
            n="a-1210"
            ecep:lem="sweep"
            ecep:pos="vvi"
            ecep:reg="sweep"
            ecep:spe="sweep"
            ecep:syllab="1"
            ecep:pron="swiːp">sweep</w>
         <c> </c>
         <w xml:id="bah18-041070"
            n="a-1220"
            ecep:lem="the"
            ecep:pos="dt"
            ecep:reg="the"
            ecep:spe="the"
            ecep:syllab="1"
            ecep:pron="ðiː">the</w>
         <c> </c>
         <w xml:id="bah18-041080"
            n="a-1230"
            ecep:lem="sound"
            ecep:pos="j-vvg"
            ecep:reg="sounding"
            ecep:spe="sounding"
            ecep:syllab="2"
            ecep:pron="saʊndɪŋ">sounding</w>
         <c> </c>
         <w xml:id="bah18-041090"
            n="a-1240"
            ecep:lem="chord"
            ecep:pos="n2"
            ecep:reg="chords"
            ecep:spe="chords"
            ecep:syllab="1"
            ecep:pron="kɔːdz">chords</w>
         <c> </c>
         <w xml:id="bah18-041100"
            n="a-1250"
            ecep:lem="to"
            ecep:pos="pc-acp"
            ecep:reg="to"
            ecep:spe="to"
            ecep:syllab="1"
            ecep:pron="tuː">to</w>
         <c> </c>
         <w xml:id="bah18-041110"
            n="a-1260"
            ecep:lem="hail"
            ecep:pos="vvi"
            ecep:reg="hail"
            ecep:spe="hail"
            ecep:syllab="1"
            ecep:pron="heɪl">hail</w>
         <c> </c>
         <w xml:id="bah18-041120"
            n="a-1270"
            ecep:lem="thy"
            ecep:pos="po21"
            ecep:reg="thy"
            ecep:spe="thy"
            ecep:syllab="1"
            ecep:pron="ðaɪ">thy</w>
         <c> </c>
         <w xml:id="bah18-041130"
            n="a-1280"
            ecep:lem="natal"
            ecep:pos="j"
            ecep:reg="natal"
            ecep:spe="natal"
            ecep:syllab="2"
            ecep:pron="ˈneɪtl">natal</w>
         <c> </c>
         <w xml:id="bah18-041140"
            n="a-1290"
            ecep:lem="day"
            ecep:pos="n1"
            ecep:reg="day"
            ecep:spe="day"
            ecep:syllab="1"
            ecep:pron="deɪ">day</w>
         <pc xml:id="bah18-041150"
             n="a-1300"
             unit="sentence"
             ecep:lem="."
             ecep:pos="."
             ecep:reg="."
             ecep:spe=".">.</pc>
         <c> </c>
      </l>
   </lg>
   <pb n="30" rend="none"/>
   <lg xml:id="bah18-s00340">
      <l xml:id="bah18-l02015">
         <w xml:id="bah18-041180"
            n="a-0010"
            ecep:lem="thy"
            ecep:pos="po21"
            ecep:reg="Thy"
            ecep:spe="Thy"
            ecep:syllab="1"
            ecep:pron="ðaɪ">Thy</w>
         <c> </c>
         <w xml:id="bah18-041190"
            n="a-0020"
            ecep:lem="boyish"
            ecep:pos="j"
            ecep:reg="boyish"
            ecep:spe="boyish"
            ecep:syllab="2"
            ecep:pron="ˈbɔɪɪʃ">boyish</w>
         <c> </c>
         <w xml:id="bah18-041200"
            n="a-0030"
            ecep:lem="year"
            ecep:pos="n2"
            ecep:reg="years"
            ecep:spe="years"
            ecep:syllab="1"
            ecep:pron="jɪəz">years</w>
         <c> </c>
         <w xml:id="bah18-041210"
            n="a-0040"
            ecep:lem="to"
            ecep:pos="p-acp"
            ecep:reg="to"
            ecep:spe="to"
            ecep:syllab="1"
            ecep:pron="tuː">to</w>
         <c> </c>
         <w xml:id="bah18-041220"
            n="a-0050"
            ecep:lem="manhood"
            ecep:pos="n1"
            ecep:reg="manhood"
            ecep:spe="manhood"
            ecep:syllab="2"
            ecep:pron="ˈmænhʊd">manhood</w>
         <c> </c>
         <w xml:id="bah18-041230"
            n="a-0060"
            ecep:lem="bring"
            ecep:pos="vvn"
            ecep:reg="brought"
            ecep:spe="brought"
            ecep:syllab="1"
            ecep:pron="brɔːt">brought</w>
         <pc xml:id="bah18-041240"
             n="a-0070"
             ecep:lem=","
             ecep:pos=","
             ecep:reg=","
             ecep:spe=",">,</pc>
      </l>
      <l rendition="#h_3" xml:id="bah18-l02020">
         <c> </c>
         <w xml:id="bah18-041250"
            n="a-0080"
            ecep:lem="bless"
            ecep:pos="j-vvn"
            ecep:reg="Blessed"
            ecep:spe="Bless'd"
            ecep:syllab="1"
            ecep:pron="ˈblesɪd">Bless'd</w>
         <c> </c>
         <w xml:id="bah18-041260"
            n="a-0090"
            ecep:lem="be"
            ecep:pos="vbb"
            ecep:reg="be"
            ecep:spe="be"
            ecep:syllab="1"
            ecep:pron="biː">be</w>
         <c> </c>
         <w xml:id="bah18-041270"
            n="a-0100"
            ecep:lem="the"
            ecep:pos="dt"
            ecep:reg="the"
            ecep:spe="the"
            ecep:syllab="1"
            ecep:pron="ðiː">the</w>
         <c> </c>
         <w xml:id="bah18-041280"
            n="a-0110"
            ecep:lem="harvest"
            ecep:pos="ng1"
            ecep:reg="harvest's"
            ecep:spe="harvest's"
            ecep:syllab="2"
            ecep:pron="ˈhɑːvɪstz">harvest's</w>
         <c> </c>
         <w xml:id="bah18-041290"
            n="a-0120"
            ecep:lem="happy"
            ecep:pos="j"
            ecep:reg="happy"
            ecep:spe="happy"
            ecep:syllab="2"
            ecep:pron="ˈhæpi">happy</w>
         <c> </c>
         <w xml:id="bah18-041300"
            n="a-0130"
            ecep:lem="time"
            ecep:pos="n1"
            ecep:reg="time"
            ecep:spe="time"
            ecep:syllab="1"
            ecep:pron="taɪm">time</w>
         <pc xml:id="bah18-041310"
             n="a-0140"
             unit="sentence"
             ecep:lem="!"
             ecep:pos="!"
             ecep:reg="!"
             ecep:spe="!">!</pc>
         <c> </c>
      </l>
      <l xml:id="bah18-l02025">
         <w xml:id="bah18-041320"
            n="a-0150"
            ecep:lem="and"
            ecep:pos="cc"
            ecep:reg="And"
            ecep:spe="And"
            ecep:syllab="1"
            ecep:pron="ænd">And</w>
         <c> </c>
         <w xml:id="bah18-041330"
            n="a-0160"
            ecep:lem="o"
            ecep:pos="uh"
            ecep:reg="OH"
            ecep:spe="O"
            ecep:syllab="1"
            ecep:pron="əʊ">O</w>
         <pc xml:id="bah18-041340"
             n="a-0170"
             ecep:lem=","
             ecep:pos=","
             ecep:reg=","
             ecep:spe=",">,</pc>
         <c> </c>
         <w xml:id="bah18-041350"
            n="a-0180"
            ecep:lem="may"
            ecep:pos="vmb"
            ecep:reg="may"
            ecep:spe="may"
            ecep:syllab="1"
            ecep:pron="meɪ">may</w>
         <c> </c>
         <w xml:id="bah18-041360"
            n="a-0190"
            ecep:lem="firm"
            ecep:pos="j"
            ecep:reg="firm"
            ecep:spe="firm"
            ecep:syllab="1"
            ecep:pron="fɜːm">firm</w>
         <c> </c>
         <w xml:id="bah18-041370"
            n="a-0200"
            ecep:lem="collect"
            ecep:pos="vvn"
            ecep:reg="collected"
            ecep:spe="collected"
            ecep:syllab="3"
            ecep:pron="kəˈlektɪd">collected</w>
         <c> </c>
         <w xml:id="bah18-041380"
            n="a-0210"
            ecep:lem="thought"
            ecep:pos="n1"
            ecep:reg="thought"
            ecep:spe="thought"
            ecep:syllab="1"
            ecep:pron="θɔːt">thought</w>
      </l>
      <l rendition="#h_3" xml:id="bah18-l02030">
         <c> </c>
         <w xml:id="bah18-041390"
            n="a-0220"
            ecep:lem="with"
            ecep:pos="p-acp"
            ecep:reg="With"
            ecep:spe="With"
            ecep:syllab="1"
            ecep:pron="wɪð">With</w>
         <c> </c>
         <w xml:id="bah18-041400"
            n="a-0230"
            ecep:lem="judgement"
            ecep:pos="n1"
            ecep:reg="judgement"
            ecep:spe="judgment"
            ecep:syllab="2"
            ecep:pron="ˈdʒʌdʒmənt">judgment</w>
         <c> </c>
         <w xml:id="bah18-041410"
            n="a-0240"
            ecep:lem="mark"
            ecep:pos="vvb"
            ecep:reg="mark"
            ecep:spe="mark"
            ecep:syllab="1"
            ecep:pron="mɑːk">mark</w>
         <c> </c>
         <w xml:id="bah18-041420"
            n="a-0250"
            ecep:lem="thy"
            ecep:pos="po21"
            ecep:reg="thy"
            ecep:spe="thy"
            ecep:syllab="1"
            ecep:pron="ðaɪ">thy</w>
         <c> </c>
         <w xml:id="bah18-041430"
            n="a-0260"
            ecep:lem="ripen"
            ecep:pos="j-vvn"
            ecep:reg="ripened"
            ecep:spe="ripen'd"
            ecep:syllab="2"
            ecep:pron="ˈraɪpnd">ripen'd</w>
         <c> </c>
         <w xml:id="bah18-041440"
            n="a-0270"
            ecep:lem="prime"
            ecep:pos="n-jn"
            ecep:reg="prime"
            ecep:spe="prime"
            ecep:syllab="1"
            ecep:pron="praɪm">prime</w>
         <pc xml:id="bah18-041450"
             n="a-0280"
             unit="sentence"
             ecep:lem="!"
             ecep:pos="!"
             ecep:reg="!"
             ecep:spe="!">!</pc>
         <c> </c>
      </l>
      <l xml:id="bah18-l02035">
         <w xml:id="bah18-041460"
            n="a-0290"
            ecep:lem="may"
            ecep:pos="vmb"
            ecep:reg="May"
            ecep:spe="May"
            ecep:syllab="1"
            ecep:pron="meɪ">May</w>
         <c> </c>
         <w xml:id="bah18-041470"
            n="a-0300"
            ecep:lem="fair"
            ecep:pos="j"
            ecep:reg="fair"
            ecep:spe="fair"
            ecep:syllab="1"
            ecep:pron="feə">fair</w>
         <c> </c>
         <w xml:id="bah18-041480"
            n="a-0310"
            ecep:lem="desert"
            ecep:pos="n1"
            ecep:reg="desert"
            ecep:spe="desert"
            ecep:syllab="2"
            ecep:pron="ˈdezət">desert</w>
         <pc xml:id="bah18-041490"
             n="a-0320"
             ecep:lem=","
             ecep:pos=","
             ecep:reg=","
             ecep:spe=",">,</pc>
         <c> </c>
         <w xml:id="bah18-041500"
            n="a-0330"
            ecep:lem="with"
            ecep:pos="p-acp"
            ecep:reg="with"
            ecep:spe="with"
            ecep:syllab="1"
            ecep:pron="wɪð">with</w>
         <c> </c>
         <w xml:id="bah18-041510"
            n="a-0340"
            ecep:lem="smile"
            ecep:pos="vvg"
            ecep:reg="smiling"
            ecep:spe="smiling"
            ecep:syllab="2"
            ecep:pron="smaɪlɪŋ">smiling</w>
         <c> </c>
         <w xml:id="bah18-041520"
            n="a-0350"
            ecep:lem="fortune"
            ecep:pos="n1"
            ecep:reg="fortune"
            ecep:spe="fortune"
            ecep:syllab="2"
            ecep:pron="ˈfɔːtʃuːn">fortune</w>
         <pc xml:id="bah18-041530"
             n="a-0360"
             ecep:lem=","
             ecep:pos=","
             ecep:reg=","
             ecep:spe=",">,</pc>
         <c> </c>
         <w xml:id="bah18-041540"
            n="a-0370"
            ecep:lem="crown"
            ecep:pos="vvb"
            ecep:reg="crown"
            ecep:spe="crown"
            ecep:syllab="1"
            ecep:pron="kraʊn">crown</w>
      </l>
      <l xml:id="bah18-l02040">
         <c> </c>
         <w xml:id="bah18-041550"
            n="a-0380"
            ecep:lem="thy"
            ecep:pos="po21"
            ecep:reg="Thy"
            ecep:spe="Thy"
            ecep:syllab="1"
            ecep:pron="ðaɪ">Thy</w>
         <c> </c>
         <w xml:id="bah18-041560"
            n="a-0390"
            ecep:lem="long"
            ecep:pos="j"
            ecep:reg="long"
            ecep:spe="long"
            ecep:syllab="1"
            ecep:pron="lɒŋ">long</w>
         <c> </c>
         <w xml:id="bah18-041570"
            n="a-0400"
            ecep:lem="succeed"
            ecep:pos="j-vvg"
            ecep:reg="succeeding"
            ecep:spe="succeeding"
            ecep:syllab="3"
            ecep:pron="səkˈsiːdɪŋ">succeeding</w>
         <c> </c>
         <w xml:id="bah18-041580"
            n="a-0410"
            ecep:lem="year"
            ecep:pos="n2"
            ecep:reg="years"
            ecep:spe="years"
            ecep:syllab="1"
            ecep:pron="jɪəz">years</w>
         <c> </c>
         <w xml:id="bah18-041590"
            n="a-0420"
            ecep:lem="with"
            ecep:pos="p-acp"
            ecep:reg="with"
            ecep:spe="with"
            ecep:syllab="1"
            ecep:pron="wɪð">with</w>
         <c> </c>
         <w xml:id="bah18-041600"
            n="a-0430"
            ecep:lem="honour"
            ecep:pos="n1"
            ecep:reg="honour"
            ecep:spe="honour"
            ecep:syllab="2"
            ecep:pron="ˈɒnə">honour</w>
         <c> </c>
         <w xml:id="bah18-041610"
            n="a-0440"
            ecep:lem="and"
            ecep:pos="cc"
            ecep:reg="and"
            ecep:spe="and"
            ecep:syllab="1"
            ecep:pron="ænd">and</w>
         <c> </c>
         <w xml:id="bah18-041620"
            n="a-0450"
            ecep:lem="renown"
            ecep:pos="n1"
            ecep:reg="renown"
            ecep:spe="renown"
            ecep:syllab="2"
            ecep:pron="rɪˈnaʊn">renown</w>
         <pc xml:id="bah18-041630"
             n="a-0460"
             unit="sentence"
             ecep:lem="."
             ecep:pos="."
             ecep:reg="."
             ecep:spe=".">.</pc>
         <c> </c>
      </l>
   </lg>
   <lg xml:id="bah18-s00345">
      <l xml:id="bah18-l02045">
         <w xml:id="bah18-041660"
            n="a-0470"
            ecep:lem="if"
            ecep:pos="cs"
            ecep:reg="If"
            ecep:spe="If"
            ecep:syllab="1"
            ecep:pron="ɪf">If</w>
         <c> </c>
         <w xml:id="bah18-041670"
            n="a-0480"
            ecep:lem="with"
            ecep:pos="p-acp"
            ecep:reg="with"
            ecep:spe="with"
            ecep:syllab="1"
            ecep:pron="wɪð">with</w>
         <c> </c>
         <w xml:id="bah18-041680"
            n="a-0490"
            ecep:lem="obscurity"
            ecep:pos="n1"
            ecep:reg="obscurity"
            ecep:spe="obscurity"
            ecep:syllab="4"
            ecep:pron="əbˈskjʊərəti">obscurity</w>
         <c> </c>
         <w xml:id="bah18-041690"
            n="a-0500"
            ecep:lem="to"
            ecep:pos="pc-acp"
            ecep:reg="to"
            ecep:spe="to"
            ecep:syllab="1"
            ecep:pron="tuː">to</w>
         <c> </c>
         <w xml:id="bah18-041700"
            n="a-0510"
            ecep:lem="dwell"
            ecep:pos="vvi"
            ecep:reg="dwell"
            ecep:spe="dwell"
            ecep:syllab="1"
            ecep:pron="dwel">dwell</w>
      </l>
      <l rendition="#h_3" xml:id="bah18-l02050">
         <c> </c>
         <w xml:id="bah18-041710"
            n="a-0520"
            ecep:lem="be"
            ecep:pos="vbb"
            ecep:reg="Be"
            ecep:spe="Be"
            ecep:syllab="1"
            ecep:pron="biː">Be</w>
         <c> </c>
         <w xml:id="bah18-041720"
            n="a-0530"
            ecep:lem="mine"
            ecep:pos="n1"
            ecep:reg="mine"
            ecep:spe="mine"
            ecep:syllab="1"
            ecep:pron="maɪn">mine</w>
         <c> </c>
         <w xml:id="bah18-041730"
            n="a-0540"
            ecep:lem="in"
            ecep:pos="p-acp"
            ecep:reg="in"
            ecep:spe="in"
            ecep:syllab="1"
            ecep:pron="ɪn">in</w>
         <c> </c>
         <w xml:id="bah18-041740"
            n="a-0550"
            ecep:lem="unfrequented"
            ecep:pos="j"
            ecep:reg="unfrequented"
            ecep:spe="unfrequented"
            ecep:syllab="4"
            ecep:pron="ˌʌnfrɪˈkwentɪd">unfrequented</w>
         <c> </c>
         <w xml:id="bah18-041750"
            n="a-0560"
            ecep:lem="bower"
            ecep:pos="n2"
            ecep:reg="bowers"
            ecep:spe="bow'rs"
            ecep:syllab="1"
            ecep:pron="ˈbaʊəz">bow'rs</w>
         <pc xml:id="bah18-041760"
             n="a-0570"
             ecep:lem=","
             ecep:pos=","
             ecep:reg=","
             ecep:spe=",">,</pc>
      </l>
      <l xml:id="bah18-l02055">
         <c> </c>
         <w xml:id="bah18-041770"
            n="a-0580"
            ecep:lem="while"
            ecep:pos="cs"
            ecep:reg="While"
            ecep:spe="While"
            ecep:syllab="1"
            ecep:pron="ˈwaɪl">While</w>
         <c> </c>
         <w xml:id="bah18-041780"
            n="a-0590"
            ecep:lem="fancy"
            ecep:pos="n1"
            ecep:reg="fancy"
            ecep:spe="fancy"
            ecep:syllab="2"
            ecep:pron="ˈfænsi">fancy</w>
         <c> </c>
         <w xml:id="bah18-041790"
            n="a-0600"
            ecep:lem="tune"
            ecep:pos="n2"
            ecep:reg="tunes"
            ecep:spe="tunes"
            ecep:syllab="1"
            ecep:pron="tʃuːnz">tunes</w>
         <c> </c>
         <w xml:id="bah18-041800"
            n="a-0610"
            ecep:lem="her"
            ecep:pos="po31"
            ecep:reg="her"
            ecep:spe="her"
            ecep:syllab="1"
            ecep:pron="hɜː">her</w>
         <c> </c>
         <w xml:id="bah18-041810"
            n="a-0620"
            ecep:lem="airy"
            ecep:pos="j"
            ecep:reg="airy"
            ecep:spe="airy"
            ecep:syllab="2"
            ecep:pron="ˈeəri">airy</w>
         <c> </c>
         <w xml:id="bah18-041820"
            n="a-0630"
            ecep:lem="shell"
            ecep:pos="n1"
            ecep:reg="shell"
            ecep:spe="shell"
            ecep:syllab="1"
            ecep:pron="ʃel">shell</w>
         <pc xml:id="bah18-041830"
             n="a-0640"
             ecep:lem=","
             ecep:pos=","
             ecep:reg=","
             ecep:spe=",">,</pc>
      </l>
      <l rendition="#h_3" xml:id="bah18-l02060">
         <c> </c>
         <w xml:id="bah18-041840"
            n="a-0650"
            ecep:lem="while"
            ecep:pos="cs"
            ecep:reg="While"
            ecep:spe="While"
            ecep:syllab="1"
            ecep:pron="ˈwaɪl">While</w>
         <c> </c>
         <w xml:id="bah18-041850"
            n="a-0660"
            ecep:lem="friendship"
            ecep:pos="n1"
            ecep:reg="friendship"
            ecep:spe="friendship"
            ecep:syllab="2"
            ecep:pron="ˈfrenʃɪp">friendship</w>
         <c> </c>
         <w xml:id="bah18-041860"
            n="a-0670"
            ecep:lem="gild"
            ecep:pos="vvz"
            ecep:reg="gilds"
            ecep:spe="gilds"
            ecep:syllab="1"
            ecep:pron="gɪldz">gilds</w>
         <c> </c>
         <w xml:id="bah18-041870"
            n="a-0680"
            ecep:lem="the"
            ecep:pos="dt"
            ecep:reg="the"
            ecep:spe="the"
            ecep:syllab="1"
            ecep:pron="ðiː">the</w>
         <c> </c>
         <w xml:id="bah18-041880"
            n="a-0690"
            ecep:lem="quiet"
            ecep:pos="j-jn"
            ecep:reg="quiet"
            ecep:spe="quiet"
            ecep:syllab="2"
            ecep:pron="kwæət">quiet</w>
         <c> </c>
         <w xml:id="bah18-041890"
            n="a-0700"
            ecep:lem="hour"
            ecep:pos="n2"
            ecep:reg="hours"
            ecep:spe="hours"
            ecep:syllab="1"
            ecep:pron="æəz">hours</w>
         <pc xml:id="bah18-041900"
             n="a-0710"
             ecep:lem=","
             ecep:pos=","
             ecep:reg=","
             ecep:spe=",">,</pc>
      </l>
      <l xml:id="bah18-l02065">
         <c> </c>
         <w xml:id="bah18-041910"
            n="a-0720"
            ecep:lem="content"
            ecep:pos="j"
            ecep:reg="Content"
            ecep:spe="Content"
            ecep:syllab="2"
            ecep:pron="ˈkɒntent">Content</w>
         <c> </c>
         <w xml:id="bah18-041920"
            n="a-0730"
            ecep:lem="may"
            ecep:pos="vmb"
            ecep:reg="may"
            ecep:spe="may"
            ecep:syllab="1"
            ecep:pron="meɪ">may</w>
         <c> </c>
         <w xml:id="bah18-041930"
            n="a-0740"
            ecep:lem="well"
            ecep:pos="av"
            ecep:reg="well"
            ecep:spe="well"
            ecep:syllab="1"
            ecep:pron="wel">well</w>
         <c> </c>
         <w xml:id="bah18-041940"
            n="a-0750"
            ecep:lem="her"
            ecep:pos="po31"
            ecep:reg="her"
            ecep:spe="her"
            ecep:syllab="1"
            ecep:pron="hɜː">her</w>
         <c> </c>
         <w xml:id="bah18-041950"
            n="a-0760"
            ecep:lem="peaceful"
            ecep:pos="j"
            ecep:reg="peaceful"
            ecep:spe="peaceful"
            ecep:syllab="2"
            ecep:pron="ˈpiːsfl">peaceful</w>
         <c> </c>
         <w xml:id="bah18-041960"
            n="a-0770"
            ecep:lem="calm"
            ecep:pos="n-jn"
            ecep:reg="calm"
            ecep:spe="calm"
            ecep:syllab="1"
            ecep:pron="kɑːm">calm</w>
         <c> </c>
         <w xml:id="bah18-041970"
            n="a-0780"
            ecep:lem="impart"
            ecep:pos="vvi"
            ecep:reg="impart"
            ecep:spe="impart"
            ecep:syllab="2"
            ecep:pron="ɪmˈpɑːt">impart</w>
         <pc xml:id="bah18-041980"
             n="a-0790"
             ecep:lem=","
             ecep:pos=","
             ecep:reg=","
             ecep:spe=",">,</pc>
      </l>
      <l xml:id="bah18-l02070">
         <c> </c>
         <w xml:id="bah18-041990"
            n="a-0800"
            ecep:lem="and"
            ecep:pos="cc"
            ecep:reg="And"
            ecep:spe="And"
            ecep:syllab="1"
            ecep:pron="ænd">And</w>
         <c> </c>
         <w xml:id="bah18-042000"
            n="a-0810"
            ecep:lem="soft"
            ecep:pos="j"
            ecep:reg="soft"
            ecep:spe="soft"
            ecep:syllab="1"
            ecep:pron="sɒft">soft</w>
         <c> </c>
         <w xml:id="bah18-042010"
            n="a-0820"
            ecep:lem="affection"
            ecep:pos="n2"
            ecep:reg="affections"
            ecep:spe="affections"
            ecep:syllab="3"
            ecep:pron="əˈfekʃnz">affections</w>
         <c> </c>
         <w xml:id="bah18-042020"
            n="a-0830"
            ecep:lem="still"
            ecep:pos="av"
            ecep:reg="still"
            ecep:spe="still"
            ecep:syllab="1"
            ecep:pron="stɪl">still</w>
         <c> </c>
         <w xml:id="bah18-042030"
            n="a-0840"
            ecep:lem="twine"
            ecep:pos="vvb"
            ecep:reg="twine"
            ecep:spe="twine"
            ecep:syllab="1"
            ecep:pron="twaɪn">twine</w>
         <c> </c>
         <w xml:id="bah18-042040"
            n="a-0850"
            ecep:lem="round"
            ecep:pos="av-j"
            ecep:reg="round"
            ecep:spe="round"
            ecep:syllab="1"
            ecep:pron="raʊnd">round</w>
         <c> </c>
         <w xml:id="bah18-042050"
            n="a-0860"
            ecep:lem="my"
            ecep:pos="po11"
            ecep:reg="my"
            ecep:spe="my"
            ecep:syllab="1"
            ecep:pron="maɪ">my</w>
         <c> </c>
         <w xml:id="bah18-042060"
            n="a-0870"
            ecep:lem="throb"
            ecep:pos="j-vvg"
            ecep:reg="throbbing"
            ecep:spe="throbbing"
            ecep:syllab="2"
            ecep:pron="θrɒbɪŋ">throbbing</w>
         <c> </c>
         <w xml:id="bah18-042070"
            n="a-0880"
            ecep:lem="heart"
            ecep:pos="n1"
            ecep:reg="heart"
            ecep:spe="heart"
            ecep:syllab="1"
            ecep:pron="hɑːt">heart</w>
         <pc xml:id="bah18-042080"
             n="a-0890"
             unit="sentence"
             ecep:lem="."
             ecep:pos="."
             ecep:reg="."
             ecep:spe=".">.</pc>
         <c> </c>
      </l>
   </lg>
   <lg xml:id="bah18-s00350">
      <l xml:id="bah18-l02075">
         <w xml:id="bah18-042110"
            n="a-0900"
            ecep:lem="while"
            ecep:pos="cs"
            ecep:reg="While"
            ecep:spe="While"
            ecep:syllab="1"
            ecep:pron="ˈwaɪl">While</w>
         <c> </c>
         <w xml:id="bah18-042120"
            n="a-0910"
            ecep:lem="thou"
            ecep:pos="pns21"
            ecep:reg="thou"
            ecep:spe="thou"
            ecep:syllab="1"
            ecep:pron="θaʊ">thou</w>
         <pc xml:id="bah18-042130"
             n="a-0920"
             ecep:lem=","
             ecep:pos=","
             ecep:reg=","
             ecep:spe=",">,</pc>
         <c> </c>
         <w xml:id="bah18-042140"
            n="a-0930"
            ecep:lem="dear"
            ecep:pos="j-jn"
            ecep:reg="dear"
            ecep:spe="dear"
            ecep:syllab="1"
            ecep:pron="dɪə">dear</w>
         <c> </c>
         <w xml:id="bah18-042150"
            n="a-0940"
            ecep:lem="object"
            ecep:pos="n1"
            ecep:reg="object"
            ecep:spe="object"
            ecep:syllab="2"
            ecep:pron="ˈɒbdʒɪkt">object</w>
         <c> </c>
         <w xml:id="bah18-042160"
            n="a-0950"
            ecep:lem="of"
            ecep:pos="pp-f"
            ecep:reg="of"
            ecep:spe="of"
            ecep:syllab="1"
            ecep:pron="ɒv">of</w>
         <c> </c>
         <w xml:id="bah18-042170"
            n="a-0960"
            ecep:lem="my"
            ecep:pos="po11"
            ecep:reg="my"
            ecep:spe="my"
            ecep:syllab="1"
            ecep:pron="maɪ">my</w>
         <c> </c>
         <w xml:id="bah18-042180"
            n="a-0970"
            ecep:lem="care"
            ecep:pos="n1"
            ecep:reg="care"
            ecep:spe="care"
            ecep:syllab="1"
            ecep:pron="keə">care</w>
         <pc xml:id="bah18-042190"
             n="a-0980"
             ecep:lem=","
             ecep:pos=","
             ecep:reg=","
             ecep:spe=",">,</pc>
      </l>
      <l rendition="#h_3" xml:id="bah18-l02080">
         <c> </c>
         <w xml:id="bah18-042200"
            n="a-0990"
            ecep:lem="must"
            ecep:pos="vmb"
            ecep:reg="Must"
            ecep:spe="Must"
            ecep:syllab="1"
            ecep:pron="mʌst">Must</w>
         <c> </c>
         <w xml:id="bah18-042210"
            n="a-1000"
            ecep:lem="still"
            ecep:pos="vvi"
            ecep:reg="still"
            ecep:spe="still"
            ecep:syllab="1"
            ecep:pron="stɪl">still</w>
         <c> </c>
         <w xml:id="bah18-042220"
            n="a-1010"
            ecep:lem="the"
            ecep:pos="dt"
            ecep:reg="the"
            ecep:spe="the"
            ecep:syllab="1"
            ecep:pron="ðiː">the</w>
         <c> </c>
         <w xml:id="bah18-042230"
            n="a-1020"
            ecep:lem="busy"
            ecep:pos="j"
            ecep:reg="busy"
            ecep:spe="busy"
            ecep:syllab="2"
            ecep:pron="ˈbɪzi">busy</w>
         <c> </c>
         <w xml:id="bah18-042240"
            n="a-1030"
            ecep:lem="world"
            ecep:pos="n1"
            ecep:reg="world"
            ecep:spe="world"
            ecep:syllab="1"
            ecep:pron="wɜːld">world</w>
         <c> </c>
         <w xml:id="bah18-042250"
            n="a-1040"
            ecep:lem="explore"
            ecep:pos="vvi"
            ecep:reg="explore"
            ecep:spe="explore"
            ecep:syllab="2"
            ecep:pron="ɪkˈsplɔː">explore</w>
         <pc xml:id="bah18-042260"
             n="a-1050"
             ecep:lem=","
             ecep:pos=","
             ecep:reg=","
             ecep:spe=",">,</pc>
      </l>
      <l xml:id="bah18-l02085">
         <c> </c>
         <w xml:id="bah18-042270"
            n="a-1060"
            ecep:lem="may"
            ecep:pos="vmb"
            ecep:reg="May"
            ecep:spe="May"
            ecep:syllab="1"
            ecep:pron="meɪ">May</w>
         <c> </c>
         <w xml:id="bah18-042280"
            n="a-1070"
            ecep:lem="thou"
            ecep:pos="pns21"
            ecep:reg="thou"
            ecep:spe="thou"
            ecep:syllab="1"
            ecep:pron="θaʊ">thou</w>
         <c> </c>
         <w xml:id="bah18-042290"
            n="a-1080"
            ecep:lem="its"
            ecep:pos="po31"
            ecep:reg="its"
            ecep:spe="its"
            ecep:syllab="1"
            ecep:pron="ɪts">its</w>
         <c> </c>
         <w xml:id="bah18-042300"
            n="a-1090"
            ecep:lem="smile"
            ecep:pos="n2"
            ecep:reg="smiles"
            ecep:spe="smiles"
            ecep:syllab="1"
            ecep:pron="smaɪlz">smiles</w>
         <c> </c>
         <w xml:id="bah18-042310"
            n="a-1100"
            ecep:lem="propitious"
            ecep:pos="j"
            ecep:reg="propitious"
            ecep:spe="propitious"
            ecep:syllab="3"
            ecep:pron="prəˈpɪʃəs">propitious</w>
         <c> </c>
         <w xml:id="bah18-042320"
            n="a-1110"
            ecep:lem="share"
            ecep:pos="n1"
            ecep:reg="share"
            ecep:spe="share"
            ecep:syllab="1"
            ecep:pron="ʃeə">share</w>
         <pc xml:id="bah18-042330"
             n="a-1120"
             ecep:lem=","
             ecep:pos=","
             ecep:reg=","
             ecep:spe=",">,</pc>
      </l>
      <l rendition="#h_3" xml:id="bah18-l02090">
         <c> </c>
         <w xml:id="bah18-042340"
            n="a-1130"
            ecep:lem="till"
            ecep:pos="c-acp"
            ecep:reg="Till"
            ecep:spe="Till"
            ecep:syllab="1"
            ecep:pron="tɪl">Till</w>
         <c> </c>
         <w xml:id="bah18-042350"
            n="a-1140"
            ecep:lem="the"
            ecep:pos="dt"
            ecep:reg="the"
            ecep:spe="the"
            ecep:syllab="1"
            ecep:pron="ðiː">the</w>
         <c> </c>
         <w xml:id="bah18-042360"
            n="a-1150"
            ecep:lem="gay"
            ecep:pos="j"
            ecep:reg="gay"
            ecep:spe="gay"
            ecep:syllab="1"
            ecep:pron="geɪ">gay</w>
         <c> </c>
         <w xml:id="bah18-042370"
            n="a-1160"
            ecep:lem="pageant"
            ecep:pos="n1"
            ecep:reg="pageant"
            ecep:spe="pageant"
            ecep:syllab="2"
            ecep:pron="ˈpædʒənt">pageant</w>
         <c> </c>
         <w xml:id="bah18-042380"
            n="a-1170"
            ecep:lem="charm"
            ecep:pos="vvz"
            ecep:reg="charms"
            ecep:spe="charms"
            ecep:syllab="1"
            ecep:pron="tʃɑːmz">charms</w>
         <c> </c>
         <w xml:id="bah18-042390"
            n="a-1180"
            ecep:lem="no"
            ecep:pos="av-dx"
            ecep:reg="no"
            ecep:spe="no"
            ecep:syllab="1"
            ecep:pron="nəʊ">no</w>
         <c> </c>
         <w xml:id="bah18-042400"
            n="a-1190"
            ecep:lem="more"
            ecep:pos="av-dc"
            ecep:reg="more"
            ecep:spe="more"
            ecep:syllab="1"
            ecep:pron="mɔː">more</w>
         <pc xml:id="bah18-042410"
             n="a-1200"
             ecep:lem=";"
             ecep:pos=";"
             ecep:reg=";"
             ecep:spe=";">;</pc>
      </l>
      <l xml:id="bah18-l02095">
         <c> </c>
         <w xml:id="bah18-042420"
            n="a-1210"
            ecep:lem="then"
            ecep:pos="av"
            ecep:reg="Then"
            ecep:spe="Then"
            ecep:syllab="1"
            ecep:pron="ðen">Then</w>
         <c> </c>
         <w xml:id="bah18-042430"
            n="a-1220"
            ecep:lem="when"
            ecep:pos="c-crq"
            ecep:reg="when"
            ecep:spe="when"
            ecep:syllab="1"
            ecep:pron="wen">when</w>
         <c> </c>
         <w xml:id="bah18-042440"
            n="a-1230"
            ecep:lem="existence"
            ecep:pos="n1"
            ecep:reg="existence"
            ecep:spe="existence"
            ecep:syllab="3"
            ecep:pron="ɪgˈzɪstns">existence</w>
         <c> </c>
         <w xml:id="bah18-042450"
            n="a-1240"
            ecep:lem="verges"
            ecep:pos="fw-la"
            ecep:reg="verges"
            ecep:spe="verges"
            ecep:syllab="2"
            ecep:pron="vɜːdʒɪz">verges</w>
         <c> </c>
         <w xml:id="bah18-042460"
            n="a-1250"
            ecep:lem="to"
            ecep:pos="p-acp"
            ecep:reg="to"
            ecep:spe="to"
            ecep:syllab="1"
            ecep:pron="tuː">to</w>
         <c> </c>
         <w xml:id="bah18-042470"
            n="a-1260"
            ecep:lem="its"
            ecep:pos="po31"
            ecep:reg="its"
            ecep:spe="its"
            ecep:syllab="1"
            ecep:pron="ɪts">its</w>
         <c> </c>
         <w xml:id="bah18-042480"
            n="a-1270"
            ecep:lem="close"
            ecep:pos="n1"
            ecep:reg="close"
            ecep:spe="close"
            ecep:syllab="1"
            ecep:pron="kləʊz">close</w>
         <pc xml:id="bah18-042490"
             n="a-1280"
             ecep:lem=","
             ecep:pos=","
             ecep:reg=","
             ecep:spe=",">,</pc>
      </l>
      <l xml:id="bah18-l02100">
         <c> </c>
         <w xml:id="bah18-042500"
            n="a-1290"
            ecep:lem="in"
            ecep:pos="p-acp"
            ecep:reg="In"
            ecep:spe="In"
            ecep:syllab="1"
            ecep:pron="ɪn">In</w>
         <c> </c>
         <w xml:id="bah18-042510"
            n="a-1300"
            ecep:lem="friendship"
            ecep:pos="n1"
            ecep:reg="friendship"
            ecep:spe="friendship"
            ecep:syllab="2"
            ecep:pron="ˈfrenʃɪp">friendship</w>
         <pc xml:id="bah18-042520"
             n="a-1310"
             ecep:lem=","
             ecep:pos=","
             ecep:reg=","
             ecep:spe=",">,</pc>
         <c> </c>
         <w xml:id="bah18-042530"
            n="a-1320"
            ecep:lem="filial"
            ecep:pos="j"
            ecep:reg="filial"
            ecep:spe="filial"
            ecep:syllab="3"
            ecep:pron="ˈfɪliəl">filial</w>
         <c> </c>
         <w xml:id="bah18-042540"
            n="a-1330"
            ecep:lem="love"
            ecep:pos="n1"
            ecep:reg="love"
            ecep:spe="love"
            ecep:syllab="1"
            ecep:pron="lʌv">love</w>
         <pc xml:id="bah18-042550"
             n="a-1340"
             ecep:lem=","
             ecep:pos=","
             ecep:reg=","
             ecep:spe=",">,</pc>
         <c> </c>
         <w xml:id="bah18-042560"
            n="a-1350"
            ecep:lem="and"
            ecep:pos="cc"
            ecep:reg="and"
            ecep:spe="and"
            ecep:syllab="1"
            ecep:pron="ænd">and</w>
         <c> </c>
         <w xml:id="bah18-042570"
            n="a-1360"
            ecep:lem="tranquil"
            ecep:pos="j"
            ecep:reg="tranquil"
            ecep:spe="tranquil"
            ecep:syllab="2"
            ecep:pron="ˈtræŋkwɪl">tranquil</w>
         <c> </c>
         <w xml:id="bah18-042580"
            n="a-1370"
            ecep:lem="hope"
            ecep:pos="n1"
            ecep:reg="hope"
            ecep:spe="hope"
            ecep:syllab="1"
            ecep:pron="həʊp">hope</w>
         <c> </c>
         <w xml:id="bah18-042590"
            n="a-1380"
            ecep:lem="repose"
            ecep:pos="n1"
            ecep:reg="repose"
            ecep:spe="repose"
            ecep:syllab="2"
            ecep:pron="rɪˈpəʊz">repose</w>
         <pc xml:id="bah18-042600"
             n="a-1390"
             unit="sentence"
             ecep:lem="."
             ecep:pos="."
             ecep:reg="."
             ecep:spe=".">.</pc>
         <c> </c>
      </l>
   </lg>
</div>
