<?xml version="1.0" encoding="UTF-8"?>
<div xmlns:ecep="http://www.eighteenthcenturypoetry.org/ns"
     xmlns="http://www.tei-c.org/ns/1.0"
     xmlns:tei="http://www.tei-c.org/ns/1.0"
     ana="#iamb #tetrameter #trimeter #quatrain #cross #address"
     corresp="#txt_ChanMa1687_w0013"
     decls="#semi-normalized"
     ecep:syllab="8.6.8.6"
     met="-+|-+|-+|-+/ -+|-+|-+/ -+|-+|-+|-+/ -+|-+|-+/"
     rendition="#lgvspace"
     rhyme="abab"
     subtype="eceptext"
     type="poem"
     xml:id="pmc36-w0130">
   <link target="authors.xml#aut_ChanMa1687" type="author"/>
   <head type="main">
      <w xml:id="pmc36-77630"
         n="pmc36/0074-a-0010"
         ecep:lem="to"
         ecep:pos="p-acp"
         ecep:reg="To"
         ecep:spe="To"
         ecep:syllab="1"
         ecep:pron="tuː">To</w>
      <c> </c>
      <w xml:id="pmc36-77640"
         n="pmc36/0074-a-0020"
         ecep:lem="mrs."
         ecep:pos="n1"
         ecep:reg="Mrs."
         ecep:spe="Mrs."
         ecep:syllab="2"
         ecep:pron="mɪsɪz">Mrs.</w>
      <c> </c>
      <hi rendition="#sc">
         <w xml:id="pmc36-77650"
            n="pmc36/0074-a-0030"
            ecep:lem="moor"
            ecep:pos="n1"
            ecep:reg="Moor"
            ecep:spe="Moor"
            ecep:syllab="1"
            ecep:pron="mɔː">Moor</w>
      </hi>
      <pc xml:id="pmc36-77660"
          n="pmc36/0074-a-0040"
          ecep:lem=","
          ecep:pos=","
          ecep:reg=","
          ecep:spe=",">,</pc>
      <c> </c>
      <w xml:id="pmc36-77670"
         n="pmc36/0074-a-0050"
         ecep:lem="a"
         ecep:pos="dt"
         ecep:reg="A"
         ecep:spe="A"
         ecep:syllab="1"
         ecep:pron="ə">A</w>
      <c> </c>
      <hi>
         <w xml:id="pmc36-77680"
            n="pmc36/0074-a-0060"
            ecep:lem="poem"
            ecep:pos="n1"
            ecep:reg="Poem"
            ecep:spe="Poem"
            ecep:syllab="2"
            ecep:pron="ˈpəʊɪm">Poem</w>
      </hi>
      <c> </c>
      <w xml:id="pmc36-77690"
         n="pmc36/0074-a-0070"
         ecep:lem="on"
         ecep:pos="p-acp"
         ecep:reg="on"
         ecep:spe="on"
         ecep:syllab="1"
         ecep:pron="ɒn">on</w>
      <c> </c>
      <hi rendition="#sc">
         <w xml:id="pmc36-77700"
            n="pmc36/0074-a-0080"
            ecep:lem="friendship"
            ecep:pos="n1"
            ecep:reg="Friendship"
            ecep:spe="Friendship"
            ecep:syllab="2"
            ecep:pron="ˈfrenʃɪp">Friendship</w>
      </hi>
      <pc xml:id="pmc36-77710"
          n="pmc36/0074-a-0090"
          unit="sentence"
          ecep:lem="."
          ecep:pos="."
          ecep:reg="."
          ecep:spe=".">.</pc>
   </head>
   <head type="sub">
      <w xml:id="pmc36-77740"
         n="pmc36/0074-a-0100"
         ecep:lem="write"
         ecep:pos="vvn"
         ecep:reg="Written"
         ecep:spe="Written"
         ecep:syllab="2"
         ecep:pron="ˈrɪtn">Written</w>
      <c> </c>
      <w xml:id="pmc36-77750"
         n="pmc36/0074-a-0110"
         ecep:lem="in"
         ecep:pos="p-acp"
         ecep:reg="in"
         ecep:spe="in"
         ecep:syllab="1"
         ecep:pron="ɪn">in</w>
      <c> </c>
      <w xml:id="pmc36-77760"
         n="pmc36/0074-a-0120"
         ecep:lem="1729."
         ecep:pos="crd"
         ecep:reg="1729."
         ecep:spe="1729."
         ecep:syllab="1"
         ecep:pron="wˈɒnθˈaʊzəndsˈevənhˈʌndrədəntwˈentinˈaɪn">1729.</w>
      <pc unit="sentence" xml:id="pmc36-77760-eos" n="pmc36/0074-a-0130"/>
   </head>
   <lg xml:id="pmc36-s00430">
      <l n="1" xml:id="pmc36-l04300">
         <hi rendition="#sc">
            <w xml:id="pmc36-77790"
               n="pmc36/0074-a-0140"
               ecep:lem="friendship"
               ecep:pos="n1"
               ecep:reg="Friendship"
               ecep:spe="Friendship"
               ecep:syllab="2"
               ecep:pron="ˈfrenʃɪp">Friendship</w>
            <pc xml:id="pmc36-77800"
                n="pmc36/0074-a-0150"
                ecep:lem="!"
                ecep:pos="!"
                ecep:reg="!"
                ecep:spe="!">!</pc>
         </hi>
         <c> </c>
         <w xml:id="pmc36-77810"
            n="pmc36/0074-a-0160"
            ecep:lem="the"
            ecep:pos="dt"
            ecep:reg="the"
            ecep:spe="the"
            ecep:syllab="1"
            ecep:pron="ðiː">the</w>
         <c> </c>
         <w xml:id="pmc36-77820"
            n="pmc36/0074-a-0170"
            ecep:lem="heavenly"
            ecep:pos="j"
            ecep:reg="heavenly"
            ecep:spe="heav'nly"
            ecep:syllab="2"
            ecep:pron="ˈhevnli">heav'nly</w>
         <c> </c>
         <w xml:id="pmc36-77830"
            n="pmc36/0074-a-0180"
            ecep:lem="theme"
            ecep:pos="n1"
            ecep:reg="Theme"
            ecep:spe="Theme"
            ecep:syllab="1"
            ecep:pron="θiːm">Theme</w>
         <c> </c>
         <w xml:id="pmc36-77840"
            n="pmc36/0074-a-0190"
            ecep:lem="i"
            ecep:pos="pns11"
            ecep:reg="I"
            ecep:spe="I"
            ecep:syllab="1"
            ecep:pron="aɪ">I</w>
         <c> </c>
         <w xml:id="pmc36-77850"
            n="pmc36/0074-a-0200"
            ecep:lem="sing"
            ecep:pos="vvb"
            ecep:reg="sing"
            ecep:spe="sing"
            ecep:syllab="1"
            ecep:pron="sɪŋ">sing</w>
         <pc xml:id="pmc36-77860"
             n="pmc36/0074-a-0210"
             ecep:lem=";"
             ecep:pos=";"
             ecep:reg=";"
             ecep:spe=";">;</pc>
      </l>
      <l n="2" rendition="#h_3" xml:id="pmc36-l04305">
         <c> </c>
         <w xml:id="pmc36-77870"
            n="pmc36/0074-a-0220"
            ecep:lem="source"
            ecep:pos="n1"
            ecep:reg="Source"
            ecep:spe="Source"
            ecep:syllab="1"
            ecep:pron="sɔːs">Source</w>
         <c> </c>
         <w xml:id="pmc36-77880"
            n="pmc36/0074-a-0230"
            ecep:lem="of"
            ecep:pos="pp-f"
            ecep:reg="of"
            ecep:spe="of"
            ecep:syllab="1"
            ecep:pron="ɒv">of</w>
         <c> </c>
         <w xml:id="pmc36-77890"
            n="pmc36/0074-a-0240"
            ecep:lem="the"
            ecep:pos="dt"
            ecep:reg="the"
            ecep:spe="the"
            ecep:syllab="1"
            ecep:pron="ðiː">the</w>
         <c> </c>
         <w xml:id="pmc36-77900"
            n="pmc36/0074-a-0250"
            ecep:lem="true"
            ecep:pos="js"
            ecep:reg="truest"
            ecep:spe="truest"
            ecep:syllab="2"
            ecep:pron="truːɪst">truest</w>
         <c> </c>
         <w xml:id="pmc36-77910"
            n="pmc36/0074-a-0260"
            ecep:lem="joy"
            ecep:pos="n1"
            ecep:reg="Joy"
            ecep:spe="Joy"
            ecep:syllab="1"
            ecep:pron="dʒɔɪ">Joy</w>
         <pc xml:id="pmc36-77920"
             n="pmc36/0074-a-0270"
             ecep:lem=";"
             ecep:pos=";"
             ecep:reg=";"
             ecep:spe=";">;</pc>
      </l>
      <l n="3" xml:id="pmc36-l04310">
         <c> </c>
         <w xml:id="pmc36-77930"
            n="pmc36/0074-a-0280"
            ecep:lem="from"
            ecep:pos="p-acp"
            ecep:reg="From"
            ecep:spe="From"
            ecep:syllab="1"
            ecep:pron="frɒm">From</w>
         <c> </c>
         <w xml:id="pmc36-77940"
            n="pmc36/0074-a-0290"
            ecep:lem="sense"
            ecep:pos="n1"
            ecep:reg="Sense"
            ecep:spe="Sense"
            ecep:syllab="1"
            ecep:pron="sens">Sense</w>
         <c> </c>
         <w xml:id="pmc36-77950"
            n="pmc36/0074-a-0300"
            ecep:lem="such"
            ecep:pos="d"
            ecep:reg="such"
            ecep:spe="such"
            ecep:syllab="1"
            ecep:pron="sʌtʃ">such</w>
         <c> </c>
         <w xml:id="pmc36-77960"
            n="pmc36/0074-a-0310"
            ecep:lem="pleasure"
            ecep:pos="n2"
            ecep:reg="Pleasures"
            ecep:spe="Pleasures"
            ecep:syllab="2"
            ecep:pron="ˈpleʒəz">Pleasures</w>
         <c> </c>
         <w xml:id="pmc36-77970"
            n="pmc36/0074-a-0320"
            ecep:lem="never"
            ecep:pos="av-x"
            ecep:reg="never"
            ecep:spe="never"
            ecep:syllab="2"
            ecep:pron="ˈnevə">never</w>
         <c> </c>
         <w xml:id="pmc36-77980"
            n="pmc36/0074-a-0330"
            ecep:lem="spring"
            ecep:pos="vvb"
            ecep:reg="spring"
            ecep:spe="spring"
            ecep:syllab="1"
            ecep:pron="sprɪŋ">spring</w>
         <pc xml:id="pmc36-77990"
             n="pmc36/0074-a-0340"
             ecep:lem=","
             ecep:pos=","
             ecep:reg=","
             ecep:spe=",">,</pc>
      </l>
      <l n="4" rendition="#h_3" xml:id="pmc36-l04315">
         <c> </c>
         <w xml:id="pmc36-78000"
            n="pmc36/0074-a-0350"
            ecep:lem="still"
            ecep:pos="av"
            ecep:reg="Still"
            ecep:spe="Still"
            ecep:syllab="1"
            ecep:pron="stɪl">Still</w>
         <c> </c>
         <w xml:id="pmc36-78010"
            n="pmc36/0074-a-0360"
            ecep:lem="new"
            ecep:pos="j"
            ecep:reg="new"
            ecep:spe="new"
            ecep:syllab="1"
            ecep:pron="njuː">new</w>
         <pc xml:id="pmc36-78020"
             n="pmc36/0074-a-0370"
             ecep:lem=","
             ecep:pos=","
             ecep:reg=","
             ecep:spe=",">,</pc>
         <c> </c>
         <w xml:id="pmc36-78030"
            n="pmc36/0074-a-0380"
            ecep:lem="that"
            ecep:pos="cst"
            ecep:reg="that"
            ecep:spe="that"
            ecep:syllab="1"
            ecep:pron="ðæt">that</w>
         <c> </c>
         <w xml:id="pmc36-78040"
            n="pmc36/0074-a-0390"
            ecep:lem="never"
            ecep:pos="av-x"
            ecep:reg="never"
            ecep:spe="never"
            ecep:syllab="2"
            ecep:pron="ˈnevə">never</w>
         <c> </c>
         <w xml:id="pmc36-78050"
            n="pmc36/0074-a-0400"
            ecep:lem="cloy"
            ecep:pos="vvb"
            ecep:reg="cloy"
            ecep:spe="cloy"
            ecep:syllab="1"
            ecep:pron="klɔɪ">cloy</w>
         <pc xml:id="pmc36-78060"
             n="pmc36/0074-a-0410"
             unit="sentence"
             ecep:lem="."
             ecep:pos="."
             ecep:reg="."
             ecep:spe=".">.</pc>
         <c> </c>
      </l>
   </lg>
   <lg xml:id="pmc36-s00435">
      <l n="5" xml:id="pmc36-l04320">
         <w xml:id="pmc36-78090"
            n="pmc36/0074-a-0420"
            ecep:lem="it|be"
            ecep:pos="pn31|vbz"
            ecep:reg="It's"
            ecep:spe="'Tis"
            ecep:syllab="1"
            ecep:pron="tɪz">'Tis</w>
         <c> </c>
         <w xml:id="pmc36-78100"
            n="pmc36/0074-a-0430"
            ecep:lem="sacred"
            ecep:pos="j"
            ecep:reg="sacred"
            ecep:spe="sacred"
            ecep:syllab="1"
            ecep:pron="ˈseɪkrɪd">sacred</w>
         <c> </c>
         <w xml:id="pmc36-78110"
            n="pmc36/0074-a-0440"
            ecep:lem="friendship"
            ecep:pos="n1"
            ecep:reg="Friendship"
            ecep:spe="Friendship"
            ecep:syllab="2"
            ecep:pron="ˈfrenʃɪp">Friendship</w>
         <c> </c>
         <w xml:id="pmc36-78120"
            n="pmc36/0074-a-0450"
            ecep:lem="gild"
            ecep:pos="vvz"
            ecep:reg="gilds"
            ecep:spe="gilds"
            ecep:syllab="1"
            ecep:pron="gɪldz">gilds</w>
         <c> </c>
         <w xml:id="pmc36-78130"
            n="pmc36/0074-a-0460"
            ecep:lem="our"
            ecep:pos="po12"
            ecep:reg="our"
            ecep:spe="our"
            ecep:syllab="1"
            ecep:pron="æə">our</w>
         <c> </c>
         <w xml:id="pmc36-78140"
            n="pmc36/0074-a-0470"
            ecep:lem="day"
            ecep:pos="n2"
            ecep:reg="Days"
            ecep:spe="Days"
            ecep:syllab="1"
            ecep:pron="deɪz">Days</w>
         <pc xml:id="pmc36-78150"
             n="pmc36/0074-a-0480"
             ecep:lem=","
             ecep:pos=","
             ecep:reg=","
             ecep:spe=",">,</pc>
      </l>
      <l n="6" rendition="#h_3" xml:id="pmc36-l04325">
         <c> </c>
         <w xml:id="pmc36-78160"
            n="pmc36/0074-a-0490"
            ecep:lem="and"
            ecep:pos="cc"
            ecep:reg="And"
            ecep:spe="And"
            ecep:syllab="1"
            ecep:pron="ænd">And</w>
         <c> </c>
         <w xml:id="pmc36-78170"
            n="pmc36/0074-a-0500"
            ecep:lem="smooth"
            ecep:pos="vvz"
            ecep:reg="smooths"
            ecep:spe="smooths"
            ecep:syllab="1"
            ecep:pron="smuːðz">smooths</w>
         <c> </c>
         <w xml:id="pmc36-78180"
            n="pmc36/0074-a-0510"
            ecep:lem="life"
            ecep:pos="ng1"
            ecep:reg="Life's"
            ecep:spe="Life's"
            ecep:syllab="1"
            ecep:pron="laɪfs">Life's</w>
         <c> </c>
         <w xml:id="pmc36-78190"
            n="pmc36/0074-a-0520"
            ecep:lem="ruffle"
            ecep:pos="j-vvn"
            ecep:reg="ruffled"
            ecep:spe="ruffled"
            ecep:syllab="2"
            ecep:pron="ˈrʌfld">ruffled</w>
         <c> </c>
         <w xml:id="pmc36-78200"
            n="pmc36/0074-a-0530"
            ecep:lem="stream"
            ecep:pos="n1"
            ecep:reg="Stream"
            ecep:spe="Stream"
            ecep:syllab="1"
            ecep:pron="striːm">Stream</w>
         <pc xml:id="pmc36-78210"
             n="pmc36/0074-a-0540"
             ecep:lem=":"
             ecep:pos=":"
             ecep:reg=":"
             ecep:spe=":">:</pc>
      </l>
      <l n="7" xml:id="pmc36-l04330">
         <c> </c>
         <w xml:id="pmc36-78220"
            n="pmc36/0074-a-0550"
            ecep:lem="unite"
            ecep:pos="vvg"
            ecep:reg="Uniting"
            ecep:spe="Uniting"
            ecep:syllab="3"
            ecep:pron="juːˈnaɪtɪŋ">Uniting</w>
         <c> </c>
         <w xml:id="pmc36-78230"
            n="pmc36/0074-a-0560"
            ecep:lem="joy"
            ecep:pos="n2"
            ecep:reg="Joys"
            ecep:spe="Joys"
            ecep:syllab="1"
            ecep:pron="dʒɔɪz">Joys</w>
         <c> </c>
         <w xml:id="pmc36-78240"
            n="pmc36/0074-a-0570"
            ecep:lem="will"
            ecep:pos="vmb"
            ecep:reg="will"
            ecep:spe="will"
            ecep:syllab="1"
            ecep:pron="wɪl">will</w>
         <c> </c>
         <w xml:id="pmc36-78250"
            n="pmc36/0074-a-0580"
            ecep:lem="joy"
            ecep:pos="n2"
            ecep:reg="Joys"
            ecep:spe="Joys"
            ecep:syllab="1"
            ecep:pron="dʒɔɪz">Joys</w>
         <c> </c>
         <w xml:id="pmc36-78260"
            n="pmc36/0074-a-0590"
            ecep:lem="increase"
            ecep:pos="vvi"
            ecep:reg="increase"
            ecep:spe="increase"
            ecep:syllab="2"
            ecep:pron="ˈɪnkriːs">increase</w>
         <pc xml:id="pmc36-78270"
             n="pmc36/0074-a-0600"
             ecep:lem=","
             ecep:pos=","
             ecep:reg=","
             ecep:spe=",">,</pc>
      </l>
      <l n="8" rendition="#h_3" xml:id="pmc36-l04335">
         <c> </c>
         <w xml:id="pmc36-78280"
            n="pmc36/0074-a-0610"
            ecep:lem="and"
            ecep:pos="cc"
            ecep:reg="And"
            ecep:spe="And"
            ecep:syllab="1"
            ecep:pron="ænd">And</w>
         <c> </c>
         <w xml:id="pmc36-78290"
            n="pmc36/0074-a-0620"
            ecep:lem="share"
            ecep:pos="vvg"
            ecep:reg="sharing"
            ecep:spe="sharing"
            ecep:syllab="2"
            ecep:pron="ʃeəɪŋ">sharing</w>
         <c> </c>
         <w xml:id="pmc36-78300"
            n="pmc36/0074-a-0630"
            ecep:lem="lessen"
            ecep:pos="vvb"
            ecep:reg="lessen"
            ecep:spe="lessen"
            ecep:syllab="2"
            ecep:pron="ˈlesn">lessen</w>
         <c> </c>
         <w xml:id="pmc36-78310"
            n="pmc36/0074-a-0640"
            ecep:lem="pain"
            ecep:pos="n1"
            ecep:reg="Pain"
            ecep:spe="Pain"
            ecep:syllab="1"
            ecep:pron="peɪn">Pain</w>
         <pc xml:id="pmc36-78320"
             n="pmc36/0074-a-0650"
             unit="sentence"
             ecep:lem="."
             ecep:pos="."
             ecep:reg="."
             ecep:spe=".">.</pc>
         <c> </c>
      </l>
   </lg>
   <lg xml:id="pmc36-s00440">
      <l n="9" xml:id="pmc36-l04340">
         <w xml:id="pmc36-78350"
            n="pmc36/0074-a-0660"
            ecep:lem="it|be"
            ecep:pos="pn31|vbz"
            ecep:reg="It's"
            ecep:spe="'Tis"
            ecep:syllab="1"
            ecep:pron="tɪz">'Tis</w>
         <c> </c>
         <w xml:id="pmc36-78360"
            n="pmc36/0074-a-0670"
            ecep:lem="pure"
            ecep:pos="j"
            ecep:reg="pure"
            ecep:spe="pure"
            ecep:syllab="1"
            ecep:pron="pjʊə">pure</w>
         <c> </c>
         <w xml:id="pmc36-78370"
            n="pmc36/0074-a-0680"
            ecep:lem="as"
            ecep:pos="c-acp"
            ecep:reg="as"
            ecep:spe="as"
            ecep:syllab="1"
            ecep:pron="æz">as</w>
         <c> </c>
         <w xml:id="pmc36-78380"
            n="pmc36/0074-a-0690"
            ecep:lem="the"
            ecep:pos="dt"
            ecep:reg="the"
            ecep:spe="the"
            ecep:syllab="1"
            ecep:pron="ðiː">the</w>
         <c> </c>
         <w xml:id="pmc36-78390"
            n="pmc36/0074-a-0700"
            ecep:lem="etherial"
            ecep:pos="j"
            ecep:reg="etherial"
            ecep:spe="etherial"
            ecep:syllab="4"
            ecep:pron="iːˈθɪərɪəl">etherial</w>
         <c> </c>
         <w xml:id="pmc36-78400"
            n="pmc36/0074-a-0710"
            ecep:lem="flame"
            ecep:pos="n1"
            ecep:reg="Flame"
            ecep:spe="Flame"
            ecep:syllab="1"
            ecep:pron="fleɪm">Flame</w>
         <pc xml:id="pmc36-78410"
             n="pmc36/0074-a-0720"
             ecep:lem=","
             ecep:pos=","
             ecep:reg=","
             ecep:spe=",">,</pc>
      </l>
      <l n="10" rendition="#h_3" xml:id="pmc36-l04345">
         <c> </c>
         <w xml:id="pmc36-78420"
            n="pmc36/0074-a-0730"
            ecep:lem="that"
            ecep:pos="cst"
            ecep:reg="That"
            ecep:spe="That"
            ecep:syllab="1"
            ecep:pron="ðæt">That</w>
         <c> </c>
         <w xml:id="pmc36-78430"
            n="pmc36/0074-a-0740"
            ecep:lem="light"
            ecep:pos="vvz"
            ecep:reg="lights"
            ecep:spe="lights"
            ecep:syllab="1"
            ecep:pron="laɪts">lights</w>
         <c> </c>
         <w xml:id="pmc36-78440"
            n="pmc36/0074-a-0750"
            ecep:lem="the"
            ecep:pos="dt"
            ecep:reg="the"
            ecep:spe="the"
            ecep:syllab="1"
            ecep:pron="ðiː">the</w>
         <c> </c>
         <w xml:id="pmc36-78450"
            n="pmc36/0074-a-0760"
            ecep:lem="lamp"
            ecep:pos="n2"
            ecep:reg="Lamps"
            ecep:spe="Lamps"
            ecep:syllab="1"
            ecep:pron="læmps">Lamps</w>
         <c> </c>
         <w xml:id="pmc36-78460"
            n="pmc36/0074-a-0770"
            ecep:lem="above"
            ecep:pos="a-acp"
            ecep:reg="above"
            ecep:spe="above"
            ecep:syllab="2"
            ecep:pron="əˈbʌv">above</w>
         <pc xml:id="pmc36-78470"
             n="pmc36/0074-a-0780"
             ecep:lem=";"
             ecep:pos=";"
             ecep:reg=";"
             ecep:spe=";">;</pc>
      </l>
      <l n="11" xml:id="pmc36-l04350">
         <c> </c>
         <w xml:id="pmc36-78480"
            n="pmc36/0074-a-0790"
            ecep:lem="pure"
            ecep:pos="j"
            ecep:reg="Pure"
            ecep:spe="Pure"
            ecep:syllab="1"
            ecep:pron="pjʊə">Pure</w>
         <pc xml:id="pmc36-78490"
             n="pmc36/0074-a-0800"
             ecep:lem=","
             ecep:pos=","
             ecep:reg=","
             ecep:spe=",">,</pc>
         <c> </c>
         <w xml:id="pmc36-78500"
            n="pmc36/0074-a-0810"
            ecep:lem="as"
            ecep:pos="c-acp"
            ecep:reg="as"
            ecep:spe="as"
            ecep:syllab="1"
            ecep:pron="æz">as</w>
         <c> </c>
         <w xml:id="pmc36-78510"
            n="pmc36/0074-a-0820"
            ecep:lem="the"
            ecep:pos="dt"
            ecep:reg="the"
            ecep:spe="the"
            ecep:syllab="1"
            ecep:pron="ðiː">the</w>
         <c> </c>
         <w xml:id="pmc36-78520"
            n="pmc36/0074-a-0830"
            ecep:lem="infant"
            ecep:pos="ng1"
            ecep:reg="Infant's"
            ecep:spe="Infant's"
            ecep:syllab="2"
            ecep:pron="ˈɪnfənts">Infant's</w>
         <c> </c>
         <w xml:id="pmc36-78530"
            n="pmc36/0074-a-0840"
            ecep:lem="thought"
            ecep:pos="n1"
            ecep:reg="Thought"
            ecep:spe="Thought"
            ecep:syllab="1"
            ecep:pron="θɔːt">Thought</w>
         <pc xml:id="pmc36-78540"
             n="pmc36/0074-a-0850"
             ecep:lem=","
             ecep:pos=","
             ecep:reg=","
             ecep:spe=",">,</pc>
         <c> </c>
         <w xml:id="pmc36-78550"
            n="pmc36/0074-a-0860"
            ecep:lem="from"
            ecep:pos="p-acp"
            ecep:reg="from"
            ecep:spe="from"
            ecep:syllab="1"
            ecep:pron="frɒm">from</w>
         <c> </c>
         <w xml:id="pmc36-78560"
            n="pmc36/0074-a-0870"
            ecep:lem="blame"
            ecep:pos="n1"
            ecep:reg="Blame"
            ecep:spe="Blame"
            ecep:syllab="1"
            ecep:pron="bleɪm">Blame</w>
         <pc xml:id="pmc36-78570"
             n="pmc36/0074-a-0880"
             ecep:lem=";"
             ecep:pos=";"
             ecep:reg=";"
             ecep:spe=";">;</pc>
      </l>
      <l n="12" rendition="#h_3" xml:id="pmc36-l04355">
         <c> </c>
         <w xml:id="pmc36-78580"
            n="pmc36/0074-a-0890"
            ecep:lem="or"
            ecep:pos="cc"
            ecep:reg="Or"
            ecep:spe="Or"
            ecep:syllab="1"
            ecep:pron="ɔː">Or</w>
         <pc xml:id="pmc36-78590"
             n="pmc36/0074-a-0900"
             ecep:lem=","
             ecep:pos=","
             ecep:reg=","
             ecep:spe=",">,</pc>
         <c> </c>
         <w xml:id="pmc36-78600"
            n="pmc36/0074-a-0910"
            ecep:lem="as"
            ecep:pos="c-acp"
            ecep:reg="as"
            ecep:spe="as"
            ecep:syllab="1"
            ecep:pron="æz">as</w>
         <c> </c>
         <w xml:id="pmc36-78610"
            n="pmc36/0074-a-0920"
            ecep:lem="his"
            ecep:pos="po31"
            ecep:reg="his"
            ecep:spe="his"
            ecep:syllab="1"
            ecep:pron="hɪz">his</w>
         <c> </c>
         <w xml:id="pmc36-78620"
            n="pmc36/0074-a-0930"
            ecep:lem="mother"
            ecep:pos="ng1"
            ecep:reg="Mother's"
            ecep:spe="Mother's"
            ecep:syllab="2"
            ecep:pron="ˈmʌðəz">Mother's</w>
         <c> </c>
         <w xml:id="pmc36-78630"
            n="pmc36/0074-a-0940"
            ecep:lem="love"
            ecep:pos="n1"
            ecep:reg="Love"
            ecep:spe="Love"
            ecep:syllab="1"
            ecep:pron="lʌv">Love</w>
         <pc xml:id="pmc36-78640"
             n="pmc36/0074-a-0950"
             unit="sentence"
             ecep:lem="."
             ecep:pos="."
             ecep:reg="."
             ecep:spe=".">.</pc>
         <c> </c>
      </l>
      <pb facs="pmc36/0075" n="61" rend="none"/>
   </lg>
   <lg xml:id="pmc36-s00445">
      <l n="13" xml:id="pmc36-l04360">
         <w xml:id="pmc36-78670"
            n="pmc36/0075-a-0010"
            ecep:lem="from"
            ecep:pos="p-acp"
            ecep:reg="From"
            ecep:spe="From"
            ecep:syllab="1"
            ecep:pron="frɒm">From</w>
         <c> </c>
         <w xml:id="pmc36-78680"
            n="pmc36/0075-a-0020"
            ecep:lem="kind"
            ecep:pos="j"
            ecep:reg="kind"
            ecep:spe="kind"
            ecep:syllab="1"
            ecep:pron="kaɪnd">kind</w>
         <c> </c>
         <w xml:id="pmc36-78690"
            n="pmc36/0075-a-0030"
            ecep:lem="benevolence"
            ecep:pos="n1"
            ecep:reg="Benevolence"
            ecep:spe="Benevolence"
            ecep:syllab="4"
            ecep:pron="bɪˈnevləns">Benevolence</w>
         <c> </c>
         <w xml:id="pmc36-78700"
            n="pmc36/0075-a-0040"
            ecep:lem="it"
            ecep:pos="pn31"
            ecep:reg="it"
            ecep:spe="it"
            ecep:syllab="1"
            ecep:pron="ɪt">it</w>
         <c> </c>
         <w xml:id="pmc36-78710"
            n="pmc36/0075-a-0050"
            ecep:lem="flow"
            ecep:pos="vvz"
            ecep:reg="flows"
            ecep:spe="flows"
            ecep:syllab="1"
            ecep:pron="fləʊz">flows</w>
         <pc xml:id="pmc36-78720"
             n="pmc36/0075-a-0060"
             ecep:lem=","
             ecep:pos=","
             ecep:reg=","
             ecep:spe=",">,</pc>
      </l>
      <l n="14" rendition="#h_3" xml:id="pmc36-l04365">
         <c> </c>
         <w xml:id="pmc36-78730"
            n="pmc36/0075-a-0070"
            ecep:lem="and"
            ecep:pos="cc"
            ecep:reg="And"
            ecep:spe="And"
            ecep:syllab="1"
            ecep:pron="ænd">And</w>
         <c> </c>
         <w xml:id="pmc36-78740"
            n="pmc36/0075-a-0080"
            ecep:lem="rise"
            ecep:pos="vvz"
            ecep:reg="rises"
            ecep:spe="rises"
            ecep:syllab="2"
            ecep:pron="raɪzɪz">rises</w>
         <c> </c>
         <w xml:id="pmc36-78750"
            n="pmc36/0075-a-0090"
            ecep:lem="on"
            ecep:pos="p-acp"
            ecep:reg="on"
            ecep:spe="on"
            ecep:syllab="1"
            ecep:pron="ɒn">on</w>
         <c> </c>
         <w xml:id="pmc36-78760"
            n="pmc36/0075-a-0100"
            ecep:lem="esteem"
            ecep:pos="n1"
            ecep:reg="Esteem"
            ecep:spe="Esteem"
            ecep:syllab="2"
            ecep:pron="ɪˈstiːm">Esteem</w>
         <pc xml:id="pmc36-78770"
             n="pmc36/0075-a-0110"
             unit="sentence"
             ecep:lem="."
             ecep:pos="."
             ecep:reg="."
             ecep:spe=".">.</pc>
         <c> </c>
      </l>
      <l n="15" xml:id="pmc36-l04370">
         <w xml:id="pmc36-78780"
            n="pmc36/0075-a-0120"
            ecep:lem="it|be"
            ecep:pos="pn31|vbz"
            ecep:reg="It's"
            ecep:spe="'Tis"
            ecep:syllab="1"
            ecep:pron="tɪz">'Tis</w>
         <c> </c>
         <w xml:id="pmc36-78790"
            n="pmc36/0075-a-0130"
            ecep:lem="false"
            ecep:pos="j"
            ecep:reg="false"
            ecep:spe="false"
            ecep:syllab="1"
            ecep:pron="fɔːls">false</w>
         <c> </c>
         <w xml:id="pmc36-78800"
            n="pmc36/0075-a-0140"
            ecep:lem="pretence"
            ecep:pos="n1"
            ecep:reg="Pretence"
            ecep:spe="Pretence"
            ecep:syllab="2"
            ecep:pron="prɪˈtens">Pretence</w>
         <pc xml:id="pmc36-78810"
             n="pmc36/0075-a-0150"
             ecep:lem=","
             ecep:pos=","
             ecep:reg=","
             ecep:spe=",">,</pc>
         <c> </c>
         <w xml:id="pmc36-78820"
            n="pmc36/0075-a-0160"
            ecep:lem="that"
            ecep:pos="cst"
            ecep:reg="that"
            ecep:spe="that"
            ecep:syllab="1"
            ecep:pron="ðæt">that</w>
         <c> </c>
         <w xml:id="pmc36-78830"
            n="pmc36/0075-a-0170"
            ecep:lem="interest"
            ecep:pos="n1"
            ecep:reg="Interest"
            ecep:spe="Int'rest"
            ecep:syllab="2"
            ecep:pron="ɪntrˈest">Int'rest</w>
         <c> </c>
         <w xml:id="pmc36-78840"
            n="pmc36/0075-a-0180"
            ecep:lem="show"
            ecep:pos="vvz"
            ecep:reg="shows"
            ecep:spe="shews"
            ecep:syllab="1"
            ecep:pron="ʃəʊz">shews</w>
         <pc xml:id="pmc36-78850"
             n="pmc36/0075-a-0190"
             ecep:lem=","
             ecep:pos=","
             ecep:reg=","
             ecep:spe=",">,</pc>
      </l>
      <l n="16" rendition="#h_3" xml:id="pmc36-l04375">
         <c> </c>
         <w xml:id="pmc36-78860"
            n="pmc36/0075-a-0200"
            ecep:lem="and"
            ecep:pos="cc"
            ecep:reg="And"
            ecep:spe="And"
            ecep:syllab="1"
            ecep:pron="ænd">And</w>
         <c> </c>
         <w xml:id="pmc36-78870"
            n="pmc36/0075-a-0210"
            ecep:lem="fleet"
            ecep:pos="vvg"
            ecep:reg="fleeting"
            ecep:spe="fleeting"
            ecep:syllab="2"
            ecep:pron="ˈfliːtɪŋ">fleeting</w>
         <c> </c>
         <w xml:id="pmc36-78880"
            n="pmc36/0075-a-0220"
            ecep:lem="as"
            ecep:pos="p-acp"
            ecep:reg="as"
            ecep:spe="as"
            ecep:syllab="1"
            ecep:pron="æz">as</w>
         <c> </c>
         <w xml:id="pmc36-78890"
            n="pmc36/0075-a-0230"
            ecep:lem="a"
            ecep:pos="dt"
            ecep:reg="a"
            ecep:spe="a"
            ecep:syllab="1"
            ecep:pron="ə">a</w>
         <c> </c>
         <w xml:id="pmc36-78900"
            n="pmc36/0075-a-0240"
            ecep:lem="dream"
            ecep:pos="n1"
            ecep:reg="Dream"
            ecep:spe="Dream"
            ecep:syllab="1"
            ecep:pron="driːm">Dream</w>
         <pc xml:id="pmc36-78910"
             n="pmc36/0075-a-0250"
             unit="sentence"
             ecep:lem="."
             ecep:pos="."
             ecep:reg="."
             ecep:spe=".">.</pc>
         <c> </c>
      </l>
   </lg>
   <lg xml:id="pmc36-s00450">
      <l n="17" xml:id="pmc36-l04380">
         <w xml:id="pmc36-78940"
            n="pmc36/0075-a-0260"
            ecep:lem="the"
            ecep:pos="dt"
            ecep:reg="The"
            ecep:spe="The"
            ecep:syllab="1"
            ecep:pron="ðiː">The</w>
         <c> </c>
         <w xml:id="pmc36-78950"
            n="pmc36/0075-a-0270"
            ecep:lem="wretch"
            ecep:pos="n1"
            ecep:reg="Wretch"
            ecep:spe="Wretch"
            ecep:syllab="1"
            ecep:pron="retʃ">Wretch</w>
         <pc xml:id="pmc36-78960"
             n="pmc36/0075-a-0280"
             ecep:lem=","
             ecep:pos=","
             ecep:reg=","
             ecep:spe=",">,</pc>
         <c> </c>
         <w xml:id="pmc36-78970"
            n="pmc36/0075-a-0290"
            ecep:lem="to"
            ecep:pos="p-acp"
            ecep:reg="to"
            ecep:spe="to"
            ecep:syllab="1"
            ecep:pron="tuː">to</w>
         <c> </c>
         <w xml:id="pmc36-78980"
            n="pmc36/0075-a-0300"
            ecep:lem="sense"
            ecep:pos="n1"
            ecep:reg="Sense"
            ecep:spe="Sense"
            ecep:syllab="1"
            ecep:pron="sens">Sense</w>
         <c> </c>
         <w xml:id="pmc36-78990"
            n="pmc36/0075-a-0310"
            ecep:lem="and"
            ecep:pos="cc"
            ecep:reg="and"
            ecep:spe="and"
            ecep:syllab="1"
            ecep:pron="ænd">and</w>
         <c> </c>
         <w xml:id="pmc36-79000"
            n="pmc36/0075-a-0320"
            ecep:lem="self"
            ecep:pos="n1"
            ecep:reg="Self"
            ecep:spe="Self"
            ecep:syllab="1"
            ecep:pron="self">Self</w>
         <c> </c>
         <w xml:id="pmc36-79010"
            n="pmc36/0075-a-0330"
            ecep:lem="confine"
            ecep:pos="vvd"
            ecep:reg="confined"
            ecep:spe="confin'd"
            ecep:syllab="2"
            ecep:pron="kənˈfaɪnd">confin'd</w>
         <pc xml:id="pmc36-79020"
             n="pmc36/0075-a-0340"
             ecep:lem=","
             ecep:pos=","
             ecep:reg=","
             ecep:spe=",">,</pc>
      </l>
      <l n="18" rendition="#h_3" xml:id="pmc36-l04385">
         <c> </c>
         <w xml:id="pmc36-79030"
            n="pmc36/0075-a-0350"
            ecep:lem="know"
            ecep:pos="vvz"
            ecep:reg="Knows"
            ecep:spe="Knows"
            ecep:syllab="1"
            ecep:pron="nəʊz">Knows</w>
         <c> </c>
         <w xml:id="pmc36-79040"
            n="pmc36/0075-a-0360"
            ecep:lem="not"
            ecep:pos="xx"
            ecep:reg="not"
            ecep:spe="not"
            ecep:syllab="1"
            ecep:pron="nɒt">not</w>
         <c> </c>
         <w xml:id="pmc36-79050"
            n="pmc36/0075-a-0370"
            ecep:lem="the"
            ecep:pos="dt"
            ecep:reg="the"
            ecep:spe="the"
            ecep:syllab="1"
            ecep:pron="ðiː">the</w>
         <c> </c>
         <w xml:id="pmc36-79060"
            n="pmc36/0075-a-0380"
            ecep:lem="dear"
            ecep:pos="j-jn"
            ecep:reg="dear"
            ecep:spe="dear"
            ecep:syllab="1"
            ecep:pron="dɪə">dear</w>
         <c> </c>
         <w xml:id="pmc36-79070"
            n="pmc36/0075-a-0390"
            ecep:lem="delight"
            ecep:pos="n1"
            ecep:reg="Delight"
            ecep:spe="Delight"
            ecep:syllab="2"
            ecep:pron="dɪˈlaɪt">Delight</w>
         <pc xml:id="pmc36-79080"
             n="pmc36/0075-a-0400"
             ecep:lem=";"
             ecep:pos=";"
             ecep:reg=";"
             ecep:spe=";">;</pc>
      </l>
      <l n="19" xml:id="pmc36-l04390">
         <c> </c>
         <w xml:id="pmc36-79090"
            n="pmc36/0075-a-0410"
            ecep:lem="for"
            ecep:pos="p-acp"
            ecep:reg="For"
            ecep:spe="For"
            ecep:syllab="1"
            ecep:pron="fɔː">For</w>
         <c> </c>
         <w xml:id="pmc36-79100"
            n="pmc36/0075-a-0420"
            ecep:lem="generous"
            ecep:pos="j"
            ecep:reg="generous"
            ecep:spe="gen'rous"
            ecep:syllab="2"
            ecep:pron="ˈdʒenrəs">gen'rous</w>
         <c> </c>
         <w xml:id="pmc36-79110"
            n="pmc36/0075-a-0430"
            ecep:lem="friendship"
            ecep:pos="n1"
            ecep:reg="Friendship"
            ecep:spe="Friendship"
            ecep:syllab="2"
            ecep:pron="ˈfrenʃɪp">Friendship</w>
         <c> </c>
         <w xml:id="pmc36-79120"
            n="pmc36/0075-a-0440"
            ecep:lem="wing"
            ecep:pos="n2"
            ecep:reg="wings"
            ecep:spe="wings"
            ecep:syllab="1"
            ecep:pron="wɪŋz">wings</w>
         <c> </c>
         <w xml:id="pmc36-79130"
            n="pmc36/0075-a-0450"
            ecep:lem="the"
            ecep:pos="dt"
            ecep:reg="the"
            ecep:spe="the"
            ecep:syllab="1"
            ecep:pron="ðiː">the</w>
         <c> </c>
         <w xml:id="pmc36-79140"
            n="pmc36/0075-a-0460"
            ecep:lem="mind"
            ecep:pos="n1"
            ecep:reg="Mind"
            ecep:spe="Mind"
            ecep:syllab="1"
            ecep:pron="maɪnd">Mind</w>
         <pc xml:id="pmc36-79150"
             n="pmc36/0075-a-0470"
             ecep:lem=","
             ecep:pos=","
             ecep:reg=","
             ecep:spe=",">,</pc>
      </l>
      <l n="20" rendition="#h_3" xml:id="pmc36-l04395">
         <c> </c>
         <w xml:id="pmc36-79160"
            n="pmc36/0075-a-0480"
            ecep:lem="to"
            ecep:pos="pc-acp"
            ecep:reg="To"
            ecep:spe="To"
            ecep:syllab="1"
            ecep:pron="tuː">To</w>
         <c> </c>
         <w xml:id="pmc36-79170"
            n="pmc36/0075-a-0490"
            ecep:lem="reach"
            ecep:pos="vvi"
            ecep:reg="reach"
            ecep:spe="reach"
            ecep:syllab="1"
            ecep:pron="riːtʃ">reach</w>
         <c> </c>
         <w xml:id="pmc36-79180"
            n="pmc36/0075-a-0500"
            ecep:lem="a"
            ecep:pos="dt"
            ecep:reg="an"
            ecep:spe="an"
            ecep:syllab="1"
            ecep:pron="æn">an</w>
         <c> </c>
         <w xml:id="pmc36-79190"
            n="pmc36/0075-a-0510"
            ecep:lem="angel"
            ecep:pos="ng1"
            ecep:reg="Angel's"
            ecep:spe="Angel's"
            ecep:syllab="2"
            ecep:pron="ˈeɪndʒəlz">Angel's</w>
         <c> </c>
         <w xml:id="pmc36-79200"
            n="pmc36/0075-a-0520"
            ecep:lem="height"
            ecep:pos="n1"
            ecep:reg="Height"
            ecep:spe="Height"
            ecep:syllab="1"
            ecep:pron="haɪt">Height</w>
         <pc xml:id="pmc36-79210"
             n="pmc36/0075-a-0530"
             unit="sentence"
             ecep:lem="."
             ecep:pos="."
             ecep:reg="."
             ecep:spe=".">.</pc>
         <c> </c>
      </l>
   </lg>
   <lg xml:id="pmc36-s00455">
      <l n="21" xml:id="pmc36-l04400">
         <w xml:id="pmc36-79240"
            n="pmc36/0075-a-0540"
            ecep:lem="amid"
            ecep:pos="p-acp"
            ecep:reg="Amid"
            ecep:spe="Amidst"
            ecep:syllab="2"
            ecep:pron="əˈmɪdst">Amidst</w>
         <c> </c>
         <w xml:id="pmc36-79250"
            n="pmc36/0075-a-0550"
            ecep:lem="the"
            ecep:pos="dt"
            ecep:reg="the"
            ecep:spe="the"
            ecep:syllab="1"
            ecep:pron="ðiː">the</w>
         <c> </c>
         <w xml:id="pmc36-79260"
            n="pmc36/0075-a-0560"
            ecep:lem="crowd"
            ecep:pos="n1"
            ecep:reg="Crowd"
            ecep:spe="Crowd"
            ecep:syllab="1"
            ecep:pron="kraʊd">Crowd</w>
         <c> </c>
         <w xml:id="pmc36-79270"
            n="pmc36/0075-a-0570"
            ecep:lem="each"
            ecep:pos="d"
            ecep:reg="each"
            ecep:spe="each"
            ecep:syllab="1"
            ecep:pron="iːtʃ">each</w>
         <c> </c>
         <w xml:id="pmc36-79280"
            n="pmc36/0075-a-0580"
            ecep:lem="kindred"
            ecep:pos="n1"
            ecep:reg="Kindred"
            ecep:spe="Kindred"
            ecep:syllab="2"
            ecep:pron="ˈkɪndrəd">Kindred</w>
         <c> </c>
         <w xml:id="pmc36-79290"
            n="pmc36/0075-a-0590"
            ecep:lem="mind"
            ecep:pos="n1"
            ecep:reg="Mind"
            ecep:spe="Mind"
            ecep:syllab="1"
            ecep:pron="maɪnd">Mind</w>
         <pc xml:id="pmc36-79300"
             n="pmc36/0075-a-0600"
             ecep:lem=","
             ecep:pos=","
             ecep:reg=","
             ecep:spe=",">,</pc>
      </l>
      <l n="22" rendition="#h_3" xml:id="pmc36-l04405">
         <c> </c>
         <w xml:id="pmc36-79310"
            n="pmc36/0075-a-0610"
            ecep:lem="true"
            ecep:pos="j"
            ecep:reg="True"
            ecep:spe="True"
            ecep:syllab="1"
            ecep:pron="truː">True</w>
         <c> </c>
         <w xml:id="pmc36-79320"
            n="pmc36/0075-a-0620"
            ecep:lem="worth"
            ecep:pos="j"
            ecep:reg="Worth"
            ecep:spe="Worth"
            ecep:syllab="1"
            ecep:pron="wɜːθ">Worth</w>
         <c> </c>
         <w xml:id="pmc36-79330"
            n="pmc36/0075-a-0630"
            ecep:lem="superior"
            ecep:pos="j-jn"
            ecep:reg="superior"
            ecep:spe="superior"
            ecep:syllab="4"
            ecep:pron="suːˈpɪəriə">superior</w>
         <c> </c>
         <w xml:id="pmc36-79340"
            n="pmc36/0075-a-0640"
            ecep:lem="spy"
            ecep:pos="n2"
            ecep:reg="spies"
            ecep:spe="spies"
            ecep:syllab="1"
            ecep:pron="spaɪz">spies</w>
         <pc xml:id="pmc36-79350"
             n="pmc36/0075-a-0650"
             ecep:lem=":"
             ecep:pos=":"
             ecep:reg=":"
             ecep:spe=":">:</pc>
      </l>
      <l n="23" xml:id="pmc36-l04410">
         <c> </c>
         <w xml:id="pmc36-79360"
            n="pmc36/0075-a-0660"
            ecep:lem="though"
            ecep:pos="c-acp"
            ecep:reg="Though"
            ecep:spe="Tho'"
            ecep:syllab="1"
            ecep:pron="ðəʊ">Tho'</w>
         <c> </c>
         <w xml:id="pmc36-79370"
            n="pmc36/0075-a-0670"
            ecep:lem="hide"
            ecep:pos="vvd"
            ecep:reg="hid"
            ecep:spe="hid"
            ecep:syllab="1"
            ecep:pron="hɪd">hid</w>
         <pc xml:id="pmc36-79380"
             n="pmc36/0075-a-0680"
             ecep:lem=","
             ecep:pos=","
             ecep:reg=","
             ecep:spe=",">,</pc>
         <c> </c>
         <w xml:id="pmc36-79390"
            n="pmc36/0075-a-0690"
            ecep:lem="the"
            ecep:pos="dt"
            ecep:reg="the"
            ecep:spe="the"
            ecep:syllab="1"
            ecep:pron="ðiː">the</w>
         <c> </c>
         <w xml:id="pmc36-79400"
            n="pmc36/0075-a-0700"
            ecep:lem="modest"
            ecep:pos="j"
            ecep:reg="modest"
            ecep:spe="modest"
            ecep:syllab="2"
            ecep:pron="ˈmɒdɪst">modest</w>
         <c> </c>
         <w xml:id="pmc36-79410"
            n="pmc36/0075-a-0710"
            ecep:lem="veil"
            ecep:pos="n1"
            ecep:reg="Veil"
            ecep:spe="Veil"
            ecep:syllab="1"
            ecep:pron="veɪl">Veil</w>
         <c> </c>
         <w xml:id="pmc36-79420"
            n="pmc36/0075-a-0720"
            ecep:lem="behind"
            ecep:pos="a-acp"
            ecep:reg="behind"
            ecep:spe="behind"
            ecep:syllab="2"
            ecep:pron="bɪˈhaɪnd">behind</w>
         <pc xml:id="pmc36-79430"
             n="pmc36/0075-a-0730"
             ecep:lem=","
             ecep:pos=","
             ecep:reg=","
             ecep:spe=",">,</pc>
      </l>
      <l n="24" rendition="#h_3" xml:id="pmc36-l04415">
         <c> </c>
         <w xml:id="pmc36-79440"
            n="pmc36/0075-a-0740"
            ecep:lem="from"
            ecep:pos="p-acp"
            ecep:reg="From"
            ecep:spe="From"
            ecep:syllab="1"
            ecep:pron="frɒm">From</w>
         <c> </c>
         <w xml:id="pmc36-79450"
            n="pmc36/0075-a-0750"
            ecep:lem="less"
            ecep:pos="dc"
            ecep:reg="less"
            ecep:spe="less"
            ecep:syllab="1"
            ecep:pron="les">less</w>
         <c> </c>
         <w xml:id="pmc36-79460"
            n="pmc36/0075-a-0760"
            ecep:lem="discern"
            ecep:pos="j-vvg"
            ecep:reg="discerning"
            ecep:spe="discerning"
            ecep:syllab="3"
            ecep:pron="dɪˈsɜːnɪŋ">discerning</w>
         <c> </c>
         <w xml:id="pmc36-79470"
            n="pmc36/0075-a-0770"
            ecep:lem="eye"
            ecep:pos="n2"
            ecep:reg="Eyes"
            ecep:spe="Eyes"
            ecep:syllab="1"
            ecep:pron="aɪz">Eyes</w>
         <pc xml:id="pmc36-79480"
             n="pmc36/0075-a-0780"
             unit="sentence"
             ecep:lem="."
             ecep:pos="."
             ecep:reg="."
             ecep:spe=".">.</pc>
         <c> </c>
      </l>
   </lg>
   <lg xml:id="pmc36-s00460">
      <l n="25" xml:id="pmc36-l04420">
         <w xml:id="pmc36-79510"
            n="pmc36/0075-a-0790"
            ecep:lem="from"
            ecep:pos="p-acp"
            ecep:reg="From"
            ecep:spe="From"
            ecep:syllab="1"
            ecep:pron="frɒm">From</w>
         <c> </c>
         <w xml:id="pmc36-79520"
            n="pmc36/0075-a-0800"
            ecep:lem="who"
            ecep:pos="r-crq"
            ecep:reg="whose"
            ecep:spe="whose"
            ecep:syllab="1"
            ecep:pron="huːz">whose</w>
         <c> </c>
         <w xml:id="pmc36-79530"
            n="pmc36/0075-a-0810"
            ecep:lem="discourse"
            ecep:pos="n1"
            ecep:reg="Discourse"
            ecep:spe="Discourse"
            ecep:syllab="2"
            ecep:pron="ˈdɪskɔːs">Discourse</w>
         <c> </c>
         <w xml:id="pmc36-79540"
            n="pmc36/0075-a-0820"
            ecep:lem="instruction"
            ecep:pos="n1"
            ecep:reg="Instruction"
            ecep:spe="Instruction"
            ecep:syllab="3"
            ecep:pron="ɪnˈstrʌkʃn">Instruction</w>
         <c> </c>
         <w xml:id="pmc36-79550"
            n="pmc36/0075-a-0830"
            ecep:lem="flow"
            ecep:pos="vvz"
            ecep:reg="flows"
            ecep:spe="flows"
            ecep:syllab="1"
            ecep:pron="fləʊz">flows</w>
         <pc xml:id="pmc36-79560"
             n="pmc36/0075-a-0840"
             ecep:lem=","
             ecep:pos=","
             ecep:reg=","
             ecep:spe=",">,</pc>
      </l>
      <l n="26" rendition="#h_3" xml:id="pmc36-l04425">
         <c> </c>
         <w xml:id="pmc36-79570"
            n="pmc36/0075-a-0850"
            ecep:lem="but"
            ecep:pos="cc-acp"
            ecep:reg="But"
            ecep:spe="But"
            ecep:syllab="1"
            ecep:pron="bʌt">But</w>
         <c> </c>
         <w xml:id="pmc36-79580"
            n="pmc36/0075-a-0860"
            ecep:lem="satire"
            ecep:pos="n1"
            ecep:reg="Satire"
            ecep:spe="Satire"
            ecep:syllab="2"
            ecep:pron="ˈsætæə">Satire</w>
         <c> </c>
         <w xml:id="pmc36-79590"
            n="pmc36/0075-a-0870"
            ecep:lem="dare"
            ecep:pos="vvz"
            ecep:reg="dares"
            ecep:spe="dares"
            ecep:syllab="1"
            ecep:pron="deəz">dares</w>
         <c> </c>
         <w xml:id="pmc36-79600"
            n="pmc36/0075-a-0880"
            ecep:lem="not"
            ecep:pos="xx"
            ecep:reg="not"
            ecep:spe="not"
            ecep:syllab="1"
            ecep:pron="nɒt">not</w>
         <c> </c>
         <w xml:id="pmc36-79610"
            n="pmc36/0075-a-0890"
            ecep:lem="wound"
            ecep:pos="n1"
            ecep:reg="wound"
            ecep:spe="wound"
            ecep:syllab="1"
            ecep:pron="wuːnd">wound</w>
         <pc xml:id="pmc36-79620"
             n="pmc36/0075-a-0900"
             unit="sentence"
             ecep:lem="."
             ecep:pos="."
             ecep:reg="."
             ecep:spe=".">.</pc>
         <c> </c>
      </l>
      <l n="27" xml:id="pmc36-l04430">
         <w xml:id="pmc36-79630"
            n="pmc36/0075-a-0910"
            ecep:lem="their"
            ecep:pos="po32"
            ecep:reg="Their"
            ecep:spe="Their"
            ecep:syllab="1"
            ecep:pron="ðeə">Their</w>
         <c> </c>
         <w xml:id="pmc36-79640"
            n="pmc36/0075-a-0920"
            ecep:lem="guiltless"
            ecep:pos="j"
            ecep:reg="guiltless"
            ecep:spe="guiltless"
            ecep:syllab="2"
            ecep:pron="ˈgɪltləs">guiltless</w>
         <c> </c>
         <w xml:id="pmc36-79650"
            n="pmc36/0075-a-0930"
            ecep:lem="voice"
            ecep:pos="n1"
            ecep:reg="Voice"
            ecep:spe="Voice"
            ecep:syllab="1"
            ecep:pron="vɔɪs">Voice</w>
         <c> </c>
         <w xml:id="pmc36-79660"
            n="pmc36/0075-a-0940"
            ecep:lem="no"
            ecep:pos="dx"
            ecep:reg="no"
            ecep:spe="no"
            ecep:syllab="1"
            ecep:pron="nəʊ">no</w>
         <c> </c>
         <w xml:id="pmc36-79670"
            n="pmc36/0075-a-0950"
            ecep:lem="flattery"
            ecep:pos="n1"
            ecep:reg="Flattery"
            ecep:spe="Flatt'ry"
            ecep:syllab="2"
            ecep:pron="ˈflætri">Flatt'ry</w>
         <c> </c>
         <w xml:id="pmc36-79680"
            n="pmc36/0075-a-0960"
            ecep:lem="know"
            ecep:pos="vvz"
            ecep:reg="knows"
            ecep:spe="knows"
            ecep:syllab="1"
            ecep:pron="nəʊz">knows</w>
         <pc xml:id="pmc36-79690"
             n="pmc36/0075-a-0970"
             ecep:lem=","
             ecep:pos=","
             ecep:reg=","
             ecep:spe=",">,</pc>
      </l>
      <l n="28" rendition="#h_3" xml:id="pmc36-l04435">
         <c> </c>
         <w xml:id="pmc36-79700"
            n="pmc36/0075-a-0980"
            ecep:lem="but"
            ecep:pos="cc-acp"
            ecep:reg="But"
            ecep:spe="But"
            ecep:syllab="1"
            ecep:pron="bʌt">But</w>
         <c> </c>
         <w xml:id="pmc36-79710"
            n="pmc36/0075-a-0990"
            ecep:lem="scorn"
            ecep:pos="vvz"
            ecep:reg="scorns"
            ecep:spe="scorns"
            ecep:syllab="1"
            ecep:pron="skɔːnz">scorns</w>
         <c> </c>
         <w xml:id="pmc36-79720"
            n="pmc36/0075-a-1000"
            ecep:lem="delusive"
            ecep:pos="j"
            ecep:reg="delusive"
            ecep:spe="delusive"
            ecep:syllab="3"
            ecep:pron="dɪˈluːsɪv">delusive</w>
         <c> </c>
         <w xml:id="pmc36-79730"
            n="pmc36/0075-a-1010"
            ecep:lem="sound"
            ecep:pos="n1"
            ecep:reg="Sound"
            ecep:spe="Sound"
            ecep:syllab="1"
            ecep:pron="saʊnd">Sound</w>
         <pc xml:id="pmc36-79740"
             n="pmc36/0075-a-1020"
             unit="sentence"
             ecep:lem="."
             ecep:pos="."
             ecep:reg="."
             ecep:spe=".">.</pc>
         <c> </c>
      </l>
      <pb facs="pmc36/0076" n="62" rend="none"/>
   </lg>
   <lg xml:id="pmc36-s00465">
      <l n="29" xml:id="pmc36-l04440">
         <w xml:id="pmc36-79770"
            n="pmc36/0076-a-0010"
            ecep:lem="while"
            ecep:pos="cs"
            ecep:reg="While"
            ecep:spe="While"
            ecep:syllab="1"
            ecep:pron="ˈwaɪl">While</w>
         <c> </c>
         <w xml:id="pmc36-79780"
            n="pmc36/0076-a-0020"
            ecep:lem="truth"
            ecep:pos="n1"
            ecep:reg="Truth"
            ecep:spe="Truth"
            ecep:syllab="1"
            ecep:pron="truːθ">Truth</w>
         <c> </c>
         <w xml:id="pmc36-79790"
            n="pmc36/0076-a-0030"
            ecep:lem="divine"
            ecep:pos="j-jn"
            ecep:reg="divine"
            ecep:spe="divine"
            ecep:syllab="2"
            ecep:pron="dɪˈvaɪn">divine</w>
         <c> </c>
         <w xml:id="pmc36-79800"
            n="pmc36/0076-a-0040"
            ecep:lem="inspire"
            ecep:pos="vvz"
            ecep:reg="inspires"
            ecep:spe="inspires"
            ecep:syllab="2"
            ecep:pron="ɪnˈspæəz">inspires</w>
         <c> </c>
         <w xml:id="pmc36-79810"
            n="pmc36/0076-a-0050"
            ecep:lem="each"
            ecep:pos="d"
            ecep:reg="each"
            ecep:spe="each"
            ecep:syllab="1"
            ecep:pron="iːtʃ">each</w>
         <c> </c>
         <w xml:id="pmc36-79820"
            n="pmc36/0076-a-0060"
            ecep:lem="tongue"
            ecep:pos="n1"
            ecep:reg="Tongue"
            ecep:spe="Tongue"
            ecep:syllab="1"
            ecep:pron="tʌŋ">Tongue</w>
         <pc xml:id="pmc36-79830"
             n="pmc36/0076-a-0070"
             ecep:lem=","
             ecep:pos=","
             ecep:reg=","
             ecep:spe=",">,</pc>
      </l>
      <l n="30" rendition="#h_3" xml:id="pmc36-l04445">
         <c> </c>
         <w xml:id="pmc36-79840"
            n="pmc36/0076-a-0080"
            ecep:lem="the"
            ecep:pos="dt"
            ecep:reg="The"
            ecep:spe="The"
            ecep:syllab="1"
            ecep:pron="ðiː">The</w>
         <c> </c>
         <w xml:id="pmc36-79850"
            n="pmc36/0076-a-0090"
            ecep:lem="soul"
            ecep:pos="n1"
            ecep:reg="Soul"
            ecep:spe="Soul"
            ecep:syllab="1"
            ecep:pron="səʊl">Soul</w>
         <c> </c>
         <w xml:id="pmc36-79860"
            n="pmc36/0076-a-0100"
            ecep:lem="bright"
            ecep:pos="j"
            ecep:reg="bright"
            ecep:spe="bright"
            ecep:syllab="1"
            ecep:pron="braɪt">bright</w>
         <c> </c>
         <w xml:id="pmc36-79870"
            n="pmc36/0076-a-0110"
            ecep:lem="knowledge"
            ecep:pos="n1"
            ecep:reg="Knowledge"
            ecep:spe="Knowledge"
            ecep:syllab="2"
            ecep:pron="ˈnɒlɪdʒ">Knowledge</w>
         <c> </c>
         <w xml:id="pmc36-79880"
            n="pmc36/0076-a-0120"
            ecep:lem="gain"
            ecep:pos="vvz"
            ecep:reg="gains"
            ecep:spe="gains"
            ecep:syllab="1"
            ecep:pron="geɪnz">gains</w>
         <pc xml:id="pmc36-79890"
             n="pmc36/0076-a-0130"
             unit="sentence"
             ecep:lem="."
             ecep:pos="."
             ecep:reg="."
             ecep:spe=".">.</pc>
         <c> </c>
      </l>
      <l n="31" xml:id="pmc36-l04450">
         <w xml:id="pmc36-79900"
            n="pmc36/0076-a-0140"
            ecep:lem="such"
            ecep:pos="d"
            ecep:reg="Such"
            ecep:spe="Such"
            ecep:syllab="1"
            ecep:pron="sʌtʃ">Such</w>
         <c> </c>
         <hi rendition="#sc">
            <w xml:id="pmc36-79910"
               n="pmc36/0076-a-0150"
               ecep:lem="Adam"
               ecep:pos="np1"
               ecep:reg="Adam"
               ecep:spe="Adam"
               ecep:syllab="2"
               ecep:pron="ˈædəm">Adam</w>
         </hi>
         <c> </c>
         <w xml:id="pmc36-79920"
            n="pmc36/0076-a-0160"
            ecep:lem="ask"
            ecep:pos="vvd"
            ecep:reg="asked"
            ecep:spe="ask'd"
            ecep:syllab="1"
            ecep:pron="ɑːskt">ask'd</w>
         <pc xml:id="pmc36-79930"
             n="pmc36/0076-a-0170"
             ecep:lem=","
             ecep:pos=","
             ecep:reg=","
             ecep:spe=",">,</pc>
         <c> </c>
         <w xml:id="pmc36-79940"
            n="pmc36/0076-a-0180"
            ecep:lem="and"
            ecep:pos="cc"
            ecep:reg="and"
            ecep:spe="and"
            ecep:syllab="1"
            ecep:pron="ænd">and</w>
         <c> </c>
         <hi rendition="#sc">
            <w xml:id="pmc36-79950"
               n="pmc36/0076-a-0190"
               ecep:lem="Gabriel"
               ecep:pos="np1"
               ecep:reg="Gabriel"
               ecep:spe="Gabriel"
               ecep:syllab="2"
               ecep:pron="ˈgeɪbriəl">Gabriel</w>
         </hi>
         <c> </c>
         <w xml:id="pmc36-79960"
            n="pmc36/0076-a-0200"
            ecep:lem="sing"
            ecep:pos="vvn"
            ecep:reg="sung"
            ecep:spe="sung"
            ecep:syllab="1"
            ecep:pron="sʌŋ">sung</w>
         <pc xml:id="pmc36-79970"
             n="pmc36/0076-a-0210"
             ecep:lem=","
             ecep:pos=","
             ecep:reg=","
             ecep:spe=",">,</pc>
      </l>
      <l n="32" rendition="#h_3" xml:id="pmc36-l04455">
         <c> </c>
         <w xml:id="pmc36-79980"
            n="pmc36/0076-a-0220"
            ecep:lem="in"
            ecep:pos="p-acp"
            ecep:reg="In"
            ecep:spe="In"
            ecep:syllab="1"
            ecep:pron="ɪn">In</w>
         <c> </c>
         <w xml:id="pmc36-79990"
            n="pmc36/0076-a-0230"
            ecep:lem="heavenly"
            ecep:pos="j"
            ecep:reg="heavenly"
            ecep:spe="heav'nly"
            ecep:syllab="2"
            ecep:pron="ˈhevnli">heav'nly</w>
         <c> </c>
         <hi rendition="#sc">
            <w xml:id="pmc36-80000.1"
               n="pmc36/0076-a-0240"
               rend="plain_apostrophe"
               ecep:lem="Milton"
               ecep:pos="npg1"
               ecep:reg="Milton's"
               ecep:spe="Milton's"
               ecep:syllab="2"
               ecep:pron="ˈmɪltənz">Milton's</w>
         </hi>
         <c> </c>
         <w xml:id="pmc36-80010"
            n="pmc36/0076-a-0250"
            ecep:lem="strain"
            ecep:pos="n2"
            ecep:reg="Strains"
            ecep:spe="Strains"
            ecep:syllab="1"
            ecep:pron="streɪnz">Strains</w>
         <pc xml:id="pmc36-80020"
             n="pmc36/0076-a-0260"
             unit="sentence"
             ecep:lem="."
             ecep:pos="."
             ecep:reg="."
             ecep:spe=".">.</pc>
         <c> </c>
      </l>
   </lg>
   <lg xml:id="pmc36-s00470">
      <l n="33" xml:id="pmc36-l04460">
         <w xml:id="pmc36-80050"
            n="pmc36/0076-a-0270"
            ecep:lem="such"
            ecep:pos="d"
            ecep:reg="Such"
            ecep:spe="Such"
            ecep:syllab="1"
            ecep:pron="sʌtʃ">Such</w>
         <c> </c>
         <w xml:id="pmc36-80060"
            n="pmc36/0076-a-0280"
            ecep:lem="the"
            ecep:pos="dt"
            ecep:reg="the"
            ecep:spe="the"
            ecep:syllab="1"
            ecep:pron="ðiː">the</w>
         <c> </c>
         <w xml:id="pmc36-80070"
            n="pmc36/0076-a-0290"
            ecep:lem="companion"
            ecep:pos="n2"
            ecep:reg="Companions"
            ecep:spe="Companions"
            ecep:syllab="3"
            ecep:pron="kəmˈpænjənz">Companions</w>
         <c> </c>
         <w xml:id="pmc36-80080"
            n="pmc36/0076-a-0300"
            ecep:lem="of"
            ecep:pos="pp-f"
            ecep:reg="of"
            ecep:spe="of"
            ecep:syllab="1"
            ecep:pron="ɒv">of</w>
         <c> </c>
         <w xml:id="pmc36-80090"
            n="pmc36/0076-a-0310"
            ecep:lem="your"
            ecep:pos="po22"
            ecep:reg="your"
            ecep:spe="your"
            ecep:syllab="1"
            ecep:pron="jɔː">your</w>
         <c> </c>
         <w xml:id="pmc36-80100"
            n="pmc36/0076-a-0320"
            ecep:lem="hour"
            ecep:pos="n2"
            ecep:reg="Hours"
            ecep:spe="Hours"
            ecep:syllab="1"
            ecep:pron="æəz">Hours</w>
         <pc xml:id="pmc36-80110"
             n="pmc36/0076-a-0330"
             ecep:lem=","
             ecep:pos=","
             ecep:reg=","
             ecep:spe=",">,</pc>
      </l>
      <l n="34" rendition="#h_3" xml:id="pmc36-l04465">
         <c> </c>
         <w xml:id="pmc36-80120"
            n="pmc36/0076-a-0340"
            ecep:lem="and"
            ecep:pos="cc"
            ecep:reg="And"
            ecep:spe="And"
            ecep:syllab="1"
            ecep:pron="ænd">And</w>
         <c> </c>
         <w xml:id="pmc36-80130"
            n="pmc36/0076-a-0350"
            ecep:lem="such"
            ecep:pos="d"
            ecep:reg="such"
            ecep:spe="such"
            ecep:syllab="1"
            ecep:pron="sʌtʃ">such</w>
         <c> </c>
         <w xml:id="pmc36-80140"
            n="pmc36/0076-a-0360"
            ecep:lem="your"
            ecep:pos="po22"
            ecep:reg="your"
            ecep:spe="your"
            ecep:syllab="1"
            ecep:pron="jɔː">your</w>
         <c> </c>
         <w xml:id="pmc36-80150"
            n="pmc36/0076-a-0370"
            ecep:lem="love"
            ecep:pos="j-vvn"
            ecep:reg="loved"
            ecep:spe="lov'd"
            ecep:syllab="1"
            ecep:pron="ˈlʌvd">lov'd</w>
         <c> </c>
         <w xml:id="pmc36-80160"
            n="pmc36/0076-a-0380"
            ecep:lem="employ"
            ecep:pos="n1"
            ecep:reg="Employ"
            ecep:spe="Employ"
            ecep:syllab="2"
            ecep:pron="ɪmˈplɔɪ">Employ</w>
         <pc xml:id="pmc36-80170"
             n="pmc36/0076-a-0390"
             ecep:lem=";"
             ecep:pos=";"
             ecep:reg=";"
             ecep:spe=";">;</pc>
      </l>
      <l n="35" xml:id="pmc36-l04470">
         <c> </c>
         <w xml:id="pmc36-80180"
            n="pmc36/0076-a-0400"
            ecep:lem="who"
            ecep:pos="q-crq"
            ecep:reg="Who"
            ecep:spe="Who"
            ecep:syllab="1"
            ecep:pron="huː">Who</w>
         <c> </c>
         <w xml:id="pmc36-80190"
            n="pmc36/0076-a-0410"
            ecep:lem="will"
            ecep:pos="vmd"
            ecep:reg="would"
            ecep:spe="would"
            ecep:syllab="1"
            ecep:pron="wʊd">would</w>
         <c> </c>
         <w xml:id="pmc36-80200"
            n="pmc36/0076-a-0420"
            ecep:lem="indulge"
            ecep:pos="vvi"
            ecep:reg="indulge"
            ecep:spe="indulge"
            ecep:syllab="2"
            ecep:pron="ɪnˈdʌldʒ">indulge</w>
         <c> </c>
         <w xml:id="pmc36-80210"
            n="pmc36/0076-a-0430"
            ecep:lem="your"
            ecep:pos="po22"
            ecep:reg="your"
            ecep:spe="your"
            ecep:syllab="1"
            ecep:pron="jɔː">your</w>
         <c> </c>
         <w xml:id="pmc36-80220"
            n="pmc36/0076-a-0440"
            ecep:lem="noble"
            ecep:pos="js"
            ecep:reg="noblest"
            ecep:spe="noblest"
            ecep:syllab="2"
            ecep:pron="ˈnəʊblɪst">noblest</w>
         <c> </c>
         <w xml:id="pmc36-80230"
            n="pmc36/0076-a-0450"
            ecep:lem="power"
            ecep:pos="n2"
            ecep:reg="Powers"
            ecep:spe="Pow'rs"
            ecep:syllab="1"
            ecep:pron="ˈpaʊəz">Pow'rs</w>
         <pc xml:id="pmc36-80240"
             n="pmc36/0076-a-0460"
             ecep:lem=","
             ecep:pos=","
             ecep:reg=","
             ecep:spe=",">,</pc>
      </l>
      <l n="36" rendition="#h_3" xml:id="pmc36-l04475">
         <c> </c>
         <w xml:id="pmc36-80250"
            n="pmc36/0076-a-0470"
            ecep:lem="but"
            ecep:pos="cc-acp"
            ecep:reg="But"
            ecep:spe="But"
            ecep:syllab="1"
            ecep:pron="bʌt">But</w>
         <c> </c>
         <w xml:id="pmc36-80260"
            n="pmc36/0076-a-0480"
            ecep:lem="know"
            ecep:pos="vvb"
            ecep:reg="know"
            ecep:spe="know"
            ecep:syllab="1"
            ecep:pron="nəʊ">know</w>
         <c> </c>
         <w xml:id="pmc36-80270"
            n="pmc36/0076-a-0490"
            ecep:lem="no"
            ecep:pos="dx"
            ecep:reg="no"
            ecep:spe="no"
            ecep:syllab="1"
            ecep:pron="nəʊ">no</w>
         <c> </c>
         <w xml:id="pmc36-80280"
            n="pmc36/0076-a-0500"
            ecep:lem="guilty"
            ecep:pos="j"
            ecep:reg="guilty"
            ecep:spe="guilty"
            ecep:syllab="2"
            ecep:pron="ˈgɪlti">guilty</w>
         <c> </c>
         <w xml:id="pmc36-80290"
            n="pmc36/0076-a-0510"
            ecep:lem="joy"
            ecep:pos="n1"
            ecep:reg="Joy"
            ecep:spe="Joy"
            ecep:syllab="1"
            ecep:pron="dʒɔɪ">Joy</w>
         <pc xml:id="pmc36-80300"
             n="pmc36/0076-a-0520"
             unit="sentence"
             ecep:lem="."
             ecep:pos="."
             ecep:reg="."
             ecep:spe=".">.</pc>
         <c> </c>
      </l>
   </lg>
   <lg xml:id="pmc36-s00475">
      <l n="37" xml:id="pmc36-l04480">
         <w xml:id="pmc36-80330"
            n="pmc36/0076-a-0530"
            ecep:lem="and"
            ecep:pos="cc"
            ecep:reg="And"
            ecep:spe="And"
            ecep:syllab="1"
            ecep:pron="ænd">And</w>
         <c> </c>
         <w xml:id="pmc36-80340"
            n="pmc36/0076-a-0540"
            ecep:lem="thus"
            ecep:pos="av"
            ecep:reg="thus"
            ecep:spe="thus"
            ecep:syllab="1"
            ecep:pron="ðʌs">thus</w>
         <c> </c>
         <w xml:id="pmc36-80350"
            n="pmc36/0076-a-0550"
            ecep:lem="as"
            ecep:pos="c-acp"
            ecep:reg="as"
            ecep:spe="as"
            ecep:syllab="1"
            ecep:pron="æz">as</w>
         <c> </c>
         <w xml:id="pmc36-80360"
            n="pmc36/0076-a-0560"
            ecep:lem="swift-winged"
            ecep:pos="j"
            ecep:reg="swift-winged"
            ecep:spe="swift-wing'd"
            ecep:syllab="2"
            ecep:pron="swɪftˌwɪŋd">swift-wing'd</w>
         <c> </c>
         <w xml:id="pmc36-80370"
            n="pmc36/0076-a-0570"
            ecep:lem="time"
            ecep:pos="n1"
            ecep:reg="Time"
            ecep:spe="Time"
            ecep:syllab="1"
            ecep:pron="taɪm">Time</w>
         <c> </c>
         <w xml:id="pmc36-80380"
            n="pmc36/0076-a-0580"
            ecep:lem="bring"
            ecep:pos="vvz"
            ecep:reg="brings"
            ecep:spe="brings"
            ecep:syllab="1"
            ecep:pron="brɪŋz">brings</w>
         <c> </c>
         <w xml:id="pmc36-80390"
            n="pmc36/0076-a-0590"
            ecep:lem="on"
            ecep:pos="p-acp"
            ecep:reg="on"
            ecep:spe="on"
            ecep:syllab="1"
            ecep:pron="ɒn">on</w>
      </l>
      <l n="38" rendition="#h_3" xml:id="pmc36-l04485">
         <c> </c>
         <w xml:id="pmc36-80400"
            n="pmc36/0076-a-0600"
            ecep:lem="death"
            ecep:pos="n1"
            ecep:reg="Death"
            ecep:spe="Death"
            ecep:syllab="1"
            ecep:pron="deθ">Death</w>
         <pc xml:id="pmc36-80410"
             n="pmc36/0076-a-0610"
             ecep:lem=","
             ecep:pos=","
             ecep:reg=","
             ecep:spe=",">,</pc>
         <c> </c>
         <w xml:id="pmc36-80420"
            n="pmc36/0076-a-0620"
            ecep:lem="near"
            ecep:pos="av-jc"
            ecep:reg="nearer"
            ecep:spe="nearer"
            ecep:syllab="2"
            ecep:pron="nɪəə">nearer</w>
         <c> </c>
         <w xml:id="pmc36-80430"
            n="pmc36/0076-a-0630"
            ecep:lem="to"
            ecep:pos="p-acp"
            ecep:reg="to"
            ecep:spe="to"
            ecep:syllab="1"
            ecep:pron="tuː">to</w>
         <c> </c>
         <w xml:id="pmc36-80440"
            n="pmc36/0076-a-0640"
            ecep:lem="our"
            ecep:pos="po12"
            ecep:reg="our"
            ecep:spe="our"
            ecep:syllab="1"
            ecep:pron="æə">our</w>
         <c> </c>
         <w xml:id="pmc36-80450"
            n="pmc36/0076-a-0650"
            ecep:lem="view"
            ecep:pos="n1"
            ecep:reg="View"
            ecep:spe="View"
            ecep:syllab="1"
            ecep:pron="vjuː">View</w>
         <pc xml:id="pmc36-80460"
             n="pmc36/0076-a-0660"
             ecep:lem=";"
             ecep:pos=";"
             ecep:reg=";"
             ecep:spe=";">;</pc>
      </l>
      <l n="39" xml:id="pmc36-l04490">
         <c> </c>
         <w xml:id="pmc36-80470"
            n="pmc36/0076-a-0670"
            ecep:lem="tune"
            ecep:pos="vvn"
            ecep:reg="Tuned"
            ecep:spe="Tun'd"
            ecep:syllab="1"
            ecep:pron="tʃuːnd">Tun'd</w>
         <c> </c>
         <w xml:id="pmc36-80480"
            n="pmc36/0076-a-0680"
            ecep:lem="to"
            ecep:pos="p-acp"
            ecep:reg="to"
            ecep:spe="to"
            ecep:syllab="1"
            ecep:pron="tuː">to</w>
         <c> </c>
         <w xml:id="pmc36-80490"
            n="pmc36/0076-a-0690"
            ecep:lem="sweet"
            ecep:pos="j"
            ecep:reg="sweet"
            ecep:spe="sweet"
            ecep:syllab="1"
            ecep:pron="swiːt">sweet</w>
         <c> </c>
         <w xml:id="pmc36-80500"
            n="pmc36/0076-a-0700"
            ecep:lem="harmony"
            ecep:pos="n1"
            ecep:reg="Harmony"
            ecep:spe="Harmony"
            ecep:syllab="3"
            ecep:pron="ˈhɑːməni">Harmony</w>
         <c> </c>
         <w xml:id="pmc36-80510"
            n="pmc36/0076-a-0710"
            ecep:lem="our"
            ecep:pos="po12"
            ecep:reg="our"
            ecep:spe="our"
            ecep:syllab="1"
            ecep:pron="æə">our</w>
         <c> </c>
         <w xml:id="pmc36-80520"
            n="pmc36/0076-a-0720"
            ecep:lem="soul"
            ecep:pos="n2"
            ecep:reg="Souls"
            ecep:spe="Souls"
            ecep:syllab="1"
            ecep:pron="səʊlz">Souls</w>
         <pc xml:id="pmc36-80530"
             n="pmc36/0076-a-0730"
             ecep:lem=","
             ecep:pos=","
             ecep:reg=","
             ecep:spe=",">,</pc>
      </l>
      <l n="40" rendition="#h_3" xml:id="pmc36-l04495">
         <c> </c>
         <w xml:id="pmc36-80540"
            n="pmc36/0076-a-0740"
            ecep:lem="we"
            ecep:pos="pns12"
            ecep:reg="We"
            ecep:spe="We"
            ecep:syllab="1"
            ecep:pron="wiː">We</w>
         <c> </c>
         <w xml:id="pmc36-80550"
            n="pmc36/0076-a-0750"
            ecep:lem="take"
            ecep:pos="vvb"
            ecep:reg="take"
            ecep:spe="take"
            ecep:syllab="1"
            ecep:pron="teɪk">take</w>
         <c> </c>
         <w xml:id="pmc36-80560"
            n="pmc36/0076-a-0760"
            ecep:lem="a"
            ecep:pos="dt"
            ecep:reg="a"
            ecep:spe="a"
            ecep:syllab="1"
            ecep:pron="ə">a</w>
         <c> </c>
         <w xml:id="pmc36-80570"
            n="pmc36/0076-a-0770"
            ecep:lem="short"
            ecep:pos="j"
            ecep:reg="short"
            ecep:spe="short"
            ecep:syllab="1"
            ecep:pron="ʃɔːt">short</w>
         <c> </c>
         <w xml:id="pmc36-80580"
            n="pmc36/0076-a-0780"
            ecep:lem="adieu"
            ecep:pos="uh-n"
            ecep:reg="Adieu"
            ecep:spe="Adieu"
            ecep:syllab="2"
            ecep:pron="əˈdjuː">Adieu</w>
         <pc xml:id="pmc36-80590"
             n="pmc36/0076-a-0790"
             unit="sentence"
             ecep:lem="."
             ecep:pos="."
             ecep:reg="."
             ecep:spe=".">.</pc>
         <c> </c>
      </l>
   </lg>
   <lg xml:id="pmc36-s00480">
      <l n="41" xml:id="pmc36-l04500">
         <w xml:id="pmc36-80620"
            n="pmc36/0076-a-0800"
            ecep:lem="till"
            ecep:pos="p-acp"
            ecep:reg="Till"
            ecep:spe="Till"
            ecep:syllab="1"
            ecep:pron="tɪl">Till</w>
         <c> </c>
         <w xml:id="pmc36-80630"
            n="pmc36/0076-a-0810"
            ecep:lem="the"
            ecep:pos="dt"
            ecep:reg="the"
            ecep:spe="the"
            ecep:syllab="1"
            ecep:pron="ðiː">the</w>
         <c> </c>
         <w xml:id="pmc36-80640"
            n="pmc36/0076-a-0820"
            ecep:lem="last"
            ecep:pos="ord"
            ecep:reg="last"
            ecep:spe="last"
            ecep:syllab="1"
            ecep:pron="lɑːst">last</w>
         <c> </c>
         <w xml:id="pmc36-80650"
            n="pmc36/0076-a-0830"
            ecep:lem="trump"
            ecep:pos="npg1"
            ecep:reg="Trump's"
            ecep:spe="Trump's"
            ecep:syllab="1"
            ecep:pron="trʌmpz">Trump's</w>
         <c> </c>
         <w xml:id="pmc36-80660"
            n="pmc36/0076-a-0840"
            ecep:lem="delightful"
            ecep:pos="j"
            ecep:reg="delightful"
            ecep:spe="delightful"
            ecep:syllab="3"
            ecep:pron="dɪˈlaɪtfl">delightful</w>
         <c> </c>
         <w xml:id="pmc36-80670"
            n="pmc36/0076-a-0850"
            ecep:lem="sound"
            ecep:pos="n1"
            ecep:reg="Sound"
            ecep:spe="Sound"
            ecep:syllab="1"
            ecep:pron="saʊnd">Sound</w>
      </l>
      <l n="42" rendition="#h_3" xml:id="pmc36-l04505">
         <c> </c>
         <w xml:id="pmc36-80680"
            n="pmc36/0076-a-0860"
            ecep:lem="shall"
            ecep:pos="vmb"
            ecep:reg="Shall"
            ecep:spe="Shall"
            ecep:syllab="1"
            ecep:pron="ʃæl">Shall</w>
         <c> </c>
         <w xml:id="pmc36-80690"
            n="pmc36/0076-a-0870"
            ecep:lem="wake"
            ecep:pos="vvi"
            ecep:reg="wake"
            ecep:spe="wake"
            ecep:syllab="1"
            ecep:pron="weɪk">wake</w>
         <c> </c>
         <w xml:id="pmc36-80700"
            n="pmc36/0076-a-0880"
            ecep:lem="our"
            ecep:pos="po12"
            ecep:reg="our"
            ecep:spe="our"
            ecep:syllab="1"
            ecep:pron="æə">our</w>
         <c> </c>
         <w xml:id="pmc36-80710"
            n="pmc36/0076-a-0890"
            ecep:lem="sleep"
            ecep:pos="j-vvg"
            ecep:reg="sleeping"
            ecep:spe="sleeping"
            ecep:syllab="2"
            ecep:pron="sliːpɪŋ">sleeping</w>
         <c> </c>
         <w xml:id="pmc36-80720"
            n="pmc36/0076-a-0900"
            ecep:lem="clay"
            ecep:pos="n1"
            ecep:reg="Clay"
            ecep:spe="Clay"
            ecep:syllab="1"
            ecep:pron="kleɪ">Clay</w>
         <pc xml:id="pmc36-80730"
             n="pmc36/0076-a-0910"
             ecep:lem=";"
             ecep:pos=";"
             ecep:reg=";"
             ecep:spe=";">;</pc>
      </l>
      <l n="43" xml:id="pmc36-l04510">
         <c> </c>
         <w xml:id="pmc36-80740"
            n="pmc36/0076-a-0920"
            ecep:lem="then"
            ecep:pos="av"
            ecep:reg="Then"
            ecep:spe="Then"
            ecep:syllab="1"
            ecep:pron="ðen">Then</w>
         <c> </c>
         <w xml:id="pmc36-80750"
            n="pmc36/0076-a-0930"
            ecep:lem="swift"
            ecep:pos="j"
            ecep:reg="swift"
            ecep:spe="swift"
            ecep:syllab="1"
            ecep:pron="swɪft">swift</w>
         <pc xml:id="pmc36-80760"
             n="pmc36/0076-a-0940"
             ecep:lem=","
             ecep:pos=","
             ecep:reg=","
             ecep:spe=",">,</pc>
         <c> </c>
         <w xml:id="pmc36-80770"
            n="pmc36/0076-a-0950"
            ecep:lem="to"
            ecep:pos="pc-acp"
            ecep:reg="to"
            ecep:spe="to"
            ecep:syllab="1"
            ecep:pron="tuː">to</w>
         <c> </c>
         <w xml:id="pmc36-80780"
            n="pmc36/0076-a-0960"
            ecep:lem="find"
            ecep:pos="vvi"
            ecep:reg="find"
            ecep:spe="find"
            ecep:syllab="1"
            ecep:pron="faɪnd">find</w>
         <c> </c>
         <w xml:id="pmc36-80790"
            n="pmc36/0076-a-0970"
            ecep:lem="our"
            ecep:pos="po12"
            ecep:reg="our"
            ecep:spe="our"
            ecep:syllab="1"
            ecep:pron="æə">our</w>
         <c> </c>
         <w xml:id="pmc36-80800"
            n="pmc36/0076-a-0980"
            ecep:lem="fellow-soul"
            ecep:pos="n2"
            ecep:reg="Fellow-souls"
            ecep:spe="Fellow-souls"
            ecep:syllab="3"
            ecep:pron="ˈfeləʊˌsəʊlz">Fellow-souls</w>
         <pc xml:id="pmc36-80810"
             n="pmc36/0076-a-0990"
             ecep:lem=","
             ecep:pos=","
             ecep:reg=","
             ecep:spe=",">,</pc>
      </l>
      <l n="44" rendition="#h_3" xml:id="pmc36-l04515">
         <c> </c>
         <w xml:id="pmc36-80820"
            n="pmc36/0076-a-1000"
            ecep:lem="as"
            ecep:pos="c-acp"
            ecep:reg="As"
            ecep:spe="As"
            ecep:syllab="1"
            ecep:pron="æz">As</w>
         <c> </c>
         <w xml:id="pmc36-80830"
            n="pmc36/0076-a-1010"
            ecep:lem="light"
            ecep:pos="n1"
            ecep:reg="Light"
            ecep:spe="Light"
            ecep:syllab="1"
            ecep:pron="laɪt">Light</w>
         <pc xml:id="pmc36-80840"
             n="pmc36/0076-a-1020"
             ecep:lem=","
             ecep:pos=","
             ecep:reg=","
             ecep:spe=",">,</pc>
         <c> </c>
         <w xml:id="pmc36-80850"
            n="pmc36/0076-a-1030"
            ecep:lem="we"
            ecep:pos="pns12"
            ecep:reg="we"
            ecep:spe="we"
            ecep:syllab="1"
            ecep:pron="wiː">we</w>
         <c> </c>
         <w xml:id="pmc36-80860"
            n="pmc36/0076-a-1040"
            ecep:lem="haste"
            ecep:pos="vvb"
            ecep:reg="haste"
            ecep:spe="haste"
            ecep:syllab="1"
            ecep:pron="heɪst">haste</w>
         <c> </c>
         <w xml:id="pmc36-80870"
            n="pmc36/0076-a-1050"
            ecep:lem="away"
            ecep:pos="av"
            ecep:reg="away"
            ecep:spe="away"
            ecep:syllab="2"
            ecep:pron="əˈweɪ">away</w>
         <pc xml:id="pmc36-80880"
             n="pmc36/0076-a-1060"
             unit="sentence"
             ecep:lem="."
             ecep:pos="."
             ecep:reg="."
             ecep:spe=".">.</pc>
         <c> </c>
      </l>
   </lg>
</div>
