<?xml version="1.0" encoding="UTF-8"?>
<?xml-model href="../tei_all.rnc" type="application/relax-ng-compact-syntax"?>
<TEI xmlns="http://www.tei-c.org/ns/1.0">
   <teiHeader>
      <fileDesc>
         <titleStmt>
            <title corresp="#txt_TighMa1772_w0007">Sonnet.</title>
            <author corresp="authors.xml#aut_TighMa1772">Mary Tighe (née Blachford)</author>
            <respStmt>
               <name xml:id="AH">Alexander Huber</name>
               <resp>Editor</resp>
            </respStmt>
            <funder>
               <name type="institution" xml:id="BOD">Bodleian Libraries, University of Oxford</name>
               <address>
                  <addrLine>Broad Street</addrLine>
                  <addrLine>Oxford OX1 3BG</addrLine>
                  <addrLine>UK</addrLine>
               </address>
            </funder>
         </titleStmt>
         <publicationStmt>
            <publisher xml:id="ECPA">Eighteenth-Century Poetry Archive</publisher>
            <address>
               <addrLine>Taylor Institution Library</addrLine>
               <addrLine>St Giles'</addrLine>
               <addrLine>Oxford OX1 3NA</addrLine>
               <addrLine>UK</addrLine>
               <addrLine>
                  <email>info@eighteenthcenturypoetry.org</email>
               </addrLine>
               <addrLine>
                  <ref target="https://www.eighteenthcenturypoetry.org/">https://www.eighteenthcenturypoetry.org/</ref>
               </addrLine>
            </address>
            <pubPlace>Oxford</pubPlace>
            <availability status="restricted">
               <licence target="http://creativecommons.org/licenses/by-sa/3.0/">This work is licensed under a Creative Commons Attribution-ShareAlike 3.0 Unported License.</licence>
            </availability>
         </publicationStmt>
         <sourceDesc>
            <bibl>
               <author>Tighe, Mary, 1772-1810.</author>
               <title>Psyche, With Other Poems.</title>
               <pubPlace>London</pubPlace>
               <publisher>Printed for LONGMAN, HURST, REES, ORME, AND BROWN, PATERNOSTER-ROW</publisher>
               <date>1811</date>
               <biblScope>p. 223.</biblScope>
               <extent>314p.</extent>
            </bibl>
         </sourceDesc>
      </fileDesc>
      <encodingDesc>
         <projectDesc>
            <p>This e-text is part of the Works section of the Eighteenth-Century Poetry Archive (ECPA).</p>
            <p>XML created for the Eighteenth-Century Poetry Archive (ECPA).</p>
         </projectDesc>
         <editorialDecl>
            <p>Typography, spelling, capitalization, and punctuation have been cautiously modernized. The source of the text is given and all significant
						editorial interventions have been recorded in textual notes. This  text has been edited to conform to the recommendations found 
						in Level 5 of the
						Best Practices for TEI in Libraries version 4.0.0.
					</p>
         </editorialDecl>
         <classDecl>
            <taxonomy xml:id="LCNAF">
               <bibl>Library of Congress Name Authority File (<abbr>LCNAF</abbr>)</bibl>
            </taxonomy>
         </classDecl>
         <tagsDecl>
            <rendition n="linegroups indented" xml:id="lgindent" scheme="css">text-indent: 1em;</rendition>
            <rendition n="linegroups vertically spaced" xml:id="lgvspace" scheme="css">margin-bottom: 1em;</rendition>
            <rendition n="aligned centrally" xml:id="align-center" scheme="css">text-align: center;</rendition>
            <rendition n="aligned right" xml:id="align-right" scheme="css">text-align: right;</rendition>
            <rendition n="aligned left" xml:id="align-left" scheme="css">text-align: left;</rendition>
            <rendition n="inline" xml:id="inline" scheme="css">display: inline</rendition>
            <rendition n="italic" xml:id="i" scheme="css">font-style: italic;</rendition>
            <rendition n="bold" xml:id="b" scheme="css">font-weight: bold;</rendition>
         </tagsDecl>
      </encodingDesc>
   </teiHeader>
   <text>
      <body>
         <div xmlns:ecep="http://www.eighteenthcenturypoetry.org/ns"
              ana="#iamb #pentameter #sonnet"
              corresp="#txt_TighMa1772_w0007"
              decls="#semi-normalized"
              ecep:syllab="10"
              met="-+|-+|-+|-+|-+/"
              rendition="#lgvspace"
              rhyme="abbacddceffegg"
              subtype="eceptext"
              type="poem"
              xml:id="pmt18-w0070">
            <link target="authors.xml#aut_TighMa1772" type="author"/>
            <head type="main">
               <w xmlns:ecep="http://www.eighteenthcenturypoetry.org/ns"
                  xml:id="pmt18-333670"
                  n="pmt18/0247-a-0010"
                  ecep:lem="sonnet"
                  ecep:pos="n1"
                  ecep:reg="Sonnet"
                  ecep:spe="Sonnet"
                  ecep:syllab="2"
                  ecep:pron="ˈsɒnɪt">Sonnet</w>
               <pc xmlns:ecep="http://www.eighteenthcenturypoetry.org/ns"
                   xml:id="pmt18-333680"
                   n="pmt18/0247-a-0020"
                   unit="sentence"
                   ecep:lem="."
                   ecep:pos="."
                   ecep:reg="."
                   ecep:spe=".">.</pc>
            </head>
            <lg xml:id="pmt18-s02065">
               <l xml:id="pmt18-l17190">
                  <w xmlns:ecep="http://www.eighteenthcenturypoetry.org/ns"
                     xml:id="pmt18-333710"
                     n="pmt18/0247-a-0030"
                     ecep:lem="poor"
                     ecep:pos="j"
                     ecep:reg="POOR"
                     ecep:spe="POOR"
                     ecep:syllab="1"
                     ecep:pron="pɔː">POOR</w>
                  <pc xmlns:ecep="http://www.eighteenthcenturypoetry.org/ns"
                      xml:id="pmt18-333720"
                      n="pmt18/0247-a-0040"
                      ecep:lem=","
                      ecep:pos=","
                      ecep:reg=","
                      ecep:spe=",">,</pc>
                  <c> </c>
                  <w xmlns:ecep="http://www.eighteenthcenturypoetry.org/ns"
                     xml:id="pmt18-333730"
                     n="pmt18/0247-a-0050"
                     ecep:lem="fond"
                     ecep:pos="j"
                     ecep:reg="fond"
                     ecep:spe="fond"
                     ecep:syllab="1"
                     ecep:pron="fɒnd">fond</w>
                  <c> </c>
                  <w xmlns:ecep="http://www.eighteenthcenturypoetry.org/ns"
                     xml:id="pmt18-333740"
                     n="pmt18/0247-a-0060"
                     ecep:lem="delude"
                     ecep:pos="j-vvn"
                     ecep:reg="deluded"
                     ecep:spe="deluded"
                     ecep:syllab="3"
                     ecep:pron="dɪˈluːdɪd">deluded</w>
                  <c> </c>
                  <w xmlns:ecep="http://www.eighteenthcenturypoetry.org/ns"
                     xml:id="pmt18-333750"
                     n="pmt18/0247-a-0070"
                     ecep:lem="heart"
                     ecep:pos="n1"
                     ecep:reg="heart"
                     ecep:spe="heart"
                     ecep:syllab="1"
                     ecep:pron="hɑːt">heart</w>
                  <pc xmlns:ecep="http://www.eighteenthcenturypoetry.org/ns"
                      xml:id="pmt18-333760"
                      n="pmt18/0247-a-0080"
                      ecep:lem="!"
                      ecep:pos="!"
                      ecep:reg="!"
                      ecep:spe="!">!</pc>
                  <c> </c>
                  <w xmlns:ecep="http://www.eighteenthcenturypoetry.org/ns"
                     xml:id="pmt18-333770"
                     n="pmt18/0247-a-0090"
                     ecep:lem="will"
                     ecep:pos="vm2"
                     ecep:reg="wilt"
                     ecep:spe="wilt"
                     ecep:syllab="1"
                     ecep:pron="wɪlt">wilt</w>
                  <c> </c>
                  <w xmlns:ecep="http://www.eighteenthcenturypoetry.org/ns"
                     xml:id="pmt18-333780"
                     n="pmt18/0247-a-0100"
                     ecep:lem="thou"
                     ecep:pos="pns21"
                     ecep:reg="thou"
                     ecep:spe="thou"
                     ecep:syllab="1"
                     ecep:pron="θaʊ">thou</w>
                  <c> </c>
                  <w xmlns:ecep="http://www.eighteenthcenturypoetry.org/ns"
                     xml:id="pmt18-333790"
                     n="pmt18/0247-a-0110"
                     ecep:lem="again"
                     ecep:pos="av"
                     ecep:reg="again"
                     ecep:spe="again"
                     ecep:syllab="2"
                     ecep:pron="əˈgen">again</w>
               </l>
               <l xml:id="pmt18-l17195">
                  <c> </c>
                  <w xmlns:ecep="http://www.eighteenthcenturypoetry.org/ns"
                     xml:id="pmt18-333800"
                     n="pmt18/0247-a-0120"
                     ecep:lem="listen"
                     ecep:pos="vvb"
                     ecep:reg="Listen"
                     ecep:spe="Listen"
                     ecep:syllab="2"
                     ecep:pron="ˈlɪsn">Listen</w>
                  <pc xmlns:ecep="http://www.eighteenthcenturypoetry.org/ns"
                      xml:id="pmt18-333810"
                      n="pmt18/0247-a-0130"
                      ecep:lem=","
                      ecep:pos=","
                      ecep:reg=","
                      ecep:spe=",">,</pc>
                  <c> </c>
                  <w xmlns:ecep="http://www.eighteenthcenturypoetry.org/ns"
                     xml:id="pmt18-333820"
                     n="pmt18/0247-a-0140"
                     ecep:lem="enchant"
                     ecep:pos="j-vvn"
                     ecep:reg="enchanted"
                     ecep:spe="enchanted"
                     ecep:syllab="3"
                     ecep:pron="ɪnˈtʃɑːntɪd">enchanted</w>
                  <pc xmlns:ecep="http://www.eighteenthcenturypoetry.org/ns"
                      xml:id="pmt18-333830"
                      n="pmt18/0247-a-0150"
                      ecep:lem=","
                      ecep:pos=","
                      ecep:reg=","
                      ecep:spe=",">,</pc>
                  <c> </c>
                  <w xmlns:ecep="http://www.eighteenthcenturypoetry.org/ns"
                     xml:id="pmt18-333840"
                     n="pmt18/0247-a-0160"
                     ecep:lem="to"
                     ecep:pos="p-acp"
                     ecep:reg="to"
                     ecep:spe="to"
                     ecep:syllab="1"
                     ecep:pron="tuː">to</w>
                  <c> </c>
                  <w xmlns:ecep="http://www.eighteenthcenturypoetry.org/ns"
                     xml:id="pmt18-333850"
                     n="pmt18/0247-a-0170"
                     ecep:lem="the"
                     ecep:pos="dt"
                     ecep:reg="the"
                     ecep:spe="the"
                     ecep:syllab="1"
                     ecep:pron="ðiː">the</w>
                  <c> </c>
                  <w xmlns:ecep="http://www.eighteenthcenturypoetry.org/ns"
                     xml:id="pmt18-333860"
                     n="pmt18/0247-a-0180"
                     ecep:lem="siren"
                     ecep:pos="n1"
                     ecep:reg="syren"
                     ecep:spe="syren"
                     ecep:syllab="2"
                     ecep:pron="saɪərɪn">syren</w>
                  <c> </c>
                  <w xmlns:ecep="http://www.eighteenthcenturypoetry.org/ns"
                     xml:id="pmt18-333870"
                     n="pmt18/0247-a-0190"
                     ecep:lem="song"
                     ecep:pos="n1"
                     ecep:reg="song"
                     ecep:spe="song"
                     ecep:syllab="1"
                     ecep:pron="sɒŋ">song</w>
               </l>
               <l xml:id="pmt18-l17200">
                  <c> </c>
                  <w xmlns:ecep="http://www.eighteenthcenturypoetry.org/ns"
                     xml:id="pmt18-333880"
                     n="pmt18/0247-a-0200"
                     ecep:lem="of"
                     ecep:pos="pp-f"
                     ecep:reg="Of"
                     ecep:spe="Of"
                     ecep:syllab="1"
                     ecep:pron="ɒv">Of</w>
                  <c> </c>
                  <w xmlns:ecep="http://www.eighteenthcenturypoetry.org/ns"
                     xml:id="pmt18-333890"
                     n="pmt18/0247-a-0210"
                     ecep:lem="treacherous"
                     ecep:pos="j"
                     ecep:reg="treacherous"
                     ecep:spe="treacherous"
                     ecep:syllab="3"
                     ecep:pron="ˈtretʃrəs">treacherous</w>
                  <c> </c>
                  <w xmlns:ecep="http://www.eighteenthcenturypoetry.org/ns"
                     xml:id="pmt18-333900"
                     n="pmt18/0247-a-0220"
                     ecep:lem="pleasure"
                     ecep:pos="n1"
                     ecep:reg="Pleasure"
                     ecep:spe="Pleasure"
                     ecep:syllab="2"
                     ecep:pron="ˈpleʒə">Pleasure</w>
                  <pc xmlns:ecep="http://www.eighteenthcenturypoetry.org/ns"
                      xml:id="pmt18-333910"
                      n="pmt18/0247-a-0230"
                      unit="sentence"
                      ecep:lem="?"
                      ecep:pos="?"
                      ecep:reg="?"
                      ecep:spe="?">?</pc>
                  <c> </c>
                  <w xmlns:ecep="http://www.eighteenthcenturypoetry.org/ns"
                     xml:id="pmt18-333920"
                     n="pmt18/0247-a-0240"
                     ecep:lem="ah"
                     ecep:pos="uh"
                     ecep:reg="Ah"
                     ecep:spe="Ah"
                     ecep:syllab="1"
                     ecep:pron="ɑː">Ah</w>
                  <pc xmlns:ecep="http://www.eighteenthcenturypoetry.org/ns"
                      xml:id="pmt18-333930"
                      n="pmt18/0247-a-0250"
                      ecep:lem=","
                      ecep:pos=","
                      ecep:reg=","
                      ecep:spe=",">,</pc>
                  <c> </c>
                  <w xmlns:ecep="http://www.eighteenthcenturypoetry.org/ns"
                     xml:id="pmt18-333940"
                     n="pmt18/0247-a-0260"
                     ecep:lem="deceive"
                     ecep:pos="vvn"
                     ecep:reg="deceived"
                     ecep:spe="deceived"
                     ecep:syllab="2"
                     ecep:pron="dɪˈsiːvd">deceived</w>
                  <c> </c>
                  <w xmlns:ecep="http://www.eighteenthcenturypoetry.org/ns"
                     xml:id="pmt18-333950"
                     n="pmt18/0247-a-0270"
                     ecep:lem="too"
                     ecep:pos="av"
                     ecep:reg="too"
                     ecep:spe="too"
                     ecep:syllab="1"
                     ecep:pron="tuː">too</w>
                  <c> </c>
                  <w xmlns:ecep="http://www.eighteenthcenturypoetry.org/ns"
                     xml:id="pmt18-333960"
                     n="pmt18/0247-a-0280"
                     ecep:lem="long"
                     ecep:pos="av-j"
                     ecep:reg="long"
                     ecep:spe="long"
                     ecep:syllab="1"
                     ecep:pron="lɒŋ">long</w>
                  <pc xmlns:ecep="http://www.eighteenthcenturypoetry.org/ns"
                      xml:id="pmt18-333970"
                      n="pmt18/0247-a-0290"
                      ecep:lem=","
                      ecep:pos=","
                      ecep:reg=","
                      ecep:spe=",">,</pc>
               </l>
               <l xml:id="pmt18-l17205">
                  <c> </c>
                  <w xmlns:ecep="http://www.eighteenthcenturypoetry.org/ns"
                     xml:id="pmt18-333980"
                     n="pmt18/0247-a-0300"
                     ecep:lem="cease"
                     ecep:pos="vvb"
                     ecep:reg="Cease"
                     ecep:spe="Cease"
                     ecep:syllab="1"
                     ecep:pron="siːs">Cease</w>
                  <c> </c>
                  <w xmlns:ecep="http://www.eighteenthcenturypoetry.org/ns"
                     xml:id="pmt18-333990"
                     n="pmt18/0247-a-0310"
                     ecep:lem="now"
                     ecep:pos="av"
                     ecep:reg="now"
                     ecep:spe="now"
                     ecep:syllab="1"
                     ecep:pron="naʊ">now</w>
                  <c> </c>
                  <w xmlns:ecep="http://www.eighteenthcenturypoetry.org/ns"
                     xml:id="pmt18-334000"
                     n="pmt18/0247-a-0320"
                     ecep:lem="at"
                     ecep:pos="p-acp"
                     ecep:reg="at"
                     ecep:spe="at"
                     ecep:syllab="1"
                     ecep:pron="æt">at</w>
                  <c> </c>
                  <w xmlns:ecep="http://www.eighteenthcenturypoetry.org/ns"
                     xml:id="pmt18-334010"
                     n="pmt18/0247-a-0330"
                     ecep:lem="length"
                     ecep:pos="n1"
                     ecep:reg="length"
                     ecep:spe="length"
                     ecep:syllab="1"
                     ecep:pron="leŋθ">length</w>
                  <c> </c>
                  <w xmlns:ecep="http://www.eighteenthcenturypoetry.org/ns"
                     xml:id="pmt18-334020"
                     n="pmt18/0247-a-0340"
                     ecep:lem="to"
                     ecep:pos="pc-acp"
                     ecep:reg="to"
                     ecep:spe="to"
                     ecep:syllab="1"
                     ecep:pron="tuː">to</w>
                  <c> </c>
                  <w xmlns:ecep="http://www.eighteenthcenturypoetry.org/ns"
                     xml:id="pmt18-334030"
                     n="pmt18/0247-a-0350"
                     ecep:lem="throb"
                     ecep:pos="vvi"
                     ecep:reg="throb"
                     ecep:spe="throb"
                     ecep:syllab="1"
                     ecep:pron="θrɒb">throb</w>
                  <c> </c>
                  <w xmlns:ecep="http://www.eighteenthcenturypoetry.org/ns"
                     xml:id="pmt18-334040"
                     n="pmt18/0247-a-0360"
                     ecep:lem="with"
                     ecep:pos="p-acp"
                     ecep:reg="with"
                     ecep:spe="with"
                     ecep:syllab="1"
                     ecep:pron="wɪð">with</w>
                  <c> </c>
                  <w xmlns:ecep="http://www.eighteenthcenturypoetry.org/ns"
                     xml:id="pmt18-334050"
                     n="pmt18/0247-a-0370"
                     ecep:lem="wish"
                     ecep:pos="n2"
                     ecep:reg="wishes"
                     ecep:spe="wishes"
                     ecep:syllab="2"
                     ecep:pron="wɪʃɪz">wishes</w>
                  <c> </c>
                  <w xmlns:ecep="http://www.eighteenthcenturypoetry.org/ns"
                     xml:id="pmt18-334060"
                     n="pmt18/0247-a-0380"
                     ecep:lem="vain"
                     ecep:pos="j"
                     ecep:reg="vain"
                     ecep:spe="vain"
                     ecep:syllab="1"
                     ecep:pron="veɪn">vain</w>
                  <pc xmlns:ecep="http://www.eighteenthcenturypoetry.org/ns"
                      xml:id="pmt18-334070"
                      n="pmt18/0247-a-0390"
                      unit="sentence"
                      ecep:lem="!"
                      ecep:pos="!"
                      ecep:reg="!"
                      ecep:spe="!">!</pc>
                  <c> </c>
               </l>
               <l xml:id="pmt18-l17210">
                  <w xmlns:ecep="http://www.eighteenthcenturypoetry.org/ns"
                     xml:id="pmt18-334080"
                     n="pmt18/0247-a-0400"
                     ecep:lem="ah"
                     ecep:pos="uh"
                     ecep:reg="Ah"
                     ecep:spe="Ah"
                     ecep:syllab="1"
                     ecep:pron="ɑː">Ah</w>
                  <pc xmlns:ecep="http://www.eighteenthcenturypoetry.org/ns"
                      xml:id="pmt18-334090"
                      n="pmt18/0247-a-0410"
                      ecep:lem=","
                      ecep:pos=","
                      ecep:reg=","
                      ecep:spe=",">,</pc>
                  <c> </c>
                  <w xmlns:ecep="http://www.eighteenthcenturypoetry.org/ns"
                     xml:id="pmt18-334100"
                     n="pmt18/0247-a-0420"
                     ecep:lem="cease"
                     ecep:pos="vvb"
                     ecep:reg="cease"
                     ecep:spe="cease"
                     ecep:syllab="1"
                     ecep:pron="siːs">cease</w>
                  <c> </c>
                  <w xmlns:ecep="http://www.eighteenthcenturypoetry.org/ns"
                     xml:id="pmt18-334110"
                     n="pmt18/0247-a-0430"
                     ecep:lem="her"
                     ecep:pos="po31"
                     ecep:reg="her"
                     ecep:spe="her"
                     ecep:syllab="1"
                     ecep:pron="hɜː">her</w>
                  <c> </c>
                  <w xmlns:ecep="http://www.eighteenthcenturypoetry.org/ns"
                     xml:id="pmt18-334120"
                     n="pmt18/0247-a-0440"
                     ecep:lem="path"
                     ecep:pos="n2"
                     ecep:reg="paths"
                     ecep:spe="paths"
                     ecep:syllab="1"
                     ecep:pron="pɑːðz">paths</w>
                  <c> </c>
                  <w xmlns:ecep="http://www.eighteenthcenturypoetry.org/ns"
                     xml:id="pmt18-334130"
                     n="pmt18/0247-a-0450"
                     ecep:lem="bewilder"
                     ecep:pos="vvg"
                     ecep:reg="bewildering"
                     ecep:spe="bewildering"
                     ecep:syllab="4"
                     ecep:pron="bɪˈwɪldrɪŋ">bewildering</w>
                  <c> </c>
                  <w xmlns:ecep="http://www.eighteenthcenturypoetry.org/ns"
                     xml:id="pmt18-334140"
                     n="pmt18/0247-a-0460"
                     ecep:lem="to"
                     ecep:pos="pc-acp"
                     ecep:reg="to"
                     ecep:spe="to"
                     ecep:syllab="1"
                     ecep:pron="tuː">to</w>
                  <c> </c>
                  <w xmlns:ecep="http://www.eighteenthcenturypoetry.org/ns"
                     xml:id="pmt18-334150"
                     n="pmt18/0247-a-0470"
                     ecep:lem="explore"
                     ecep:pos="vvi"
                     ecep:reg="explore"
                     ecep:spe="explore"
                     ecep:syllab="2"
                     ecep:pron="ɪkˈsplɔː">explore</w>
                  <pc xmlns:ecep="http://www.eighteenthcenturypoetry.org/ns"
                      xml:id="pmt18-334160"
                      n="pmt18/0247-a-0480"
                      unit="sentence"
                      ecep:lem="!"
                      ecep:pos="!"
                      ecep:reg="!"
                      ecep:spe="!">!</pc>
                  <c> </c>
               </l>
               <l xml:id="pmt18-l17215">
                  <w xmlns:ecep="http://www.eighteenthcenturypoetry.org/ns"
                     xml:id="pmt18-334170"
                     n="pmt18/0247-a-0490"
                     ecep:lem="betray"
                     ecep:pos="j-vvn"
                     ecep:reg="Betrayed"
                     ecep:spe="Betrayed"
                     ecep:syllab="2"
                     ecep:pron="bɪˈtreɪd">Betrayed</w>
                  <c> </c>
                  <w xmlns:ecep="http://www.eighteenthcenturypoetry.org/ns"
                     xml:id="pmt18-334180"
                     n="pmt18/0247-a-0500"
                     ecep:lem="so"
                     ecep:pos="av"
                     ecep:reg="so"
                     ecep:spe="so"
                     ecep:syllab="1"
                     ecep:pron="səʊ">so</w>
                  <c> </c>
                  <w xmlns:ecep="http://www.eighteenthcenturypoetry.org/ns"
                     xml:id="pmt18-334190"
                     n="pmt18/0247-a-0510"
                     ecep:lem="oft"
                     ecep:pos="av"
                     ecep:reg="oft"
                     ecep:spe="oft"
                     ecep:syllab="1"
                     ecep:pron="ɒft">oft</w>
                  <pc xmlns:ecep="http://www.eighteenthcenturypoetry.org/ns"
                      xml:id="pmt18-334200"
                      n="pmt18/0247-a-0520"
                      ecep:lem="!"
                      ecep:pos="!"
                      ecep:reg="!"
                      ecep:spe="!">!</pc>
                  <c> </c>
                  <w xmlns:ecep="http://www.eighteenthcenturypoetry.org/ns"
                     xml:id="pmt18-334210"
                     n="pmt18/0247-a-0530"
                     ecep:lem="yet"
                     ecep:pos="av"
                     ecep:reg="yet"
                     ecep:spe="yet"
                     ecep:syllab="1"
                     ecep:pron="jet">yet</w>
                  <c> </c>
                  <w xmlns:ecep="http://www.eighteenthcenturypoetry.org/ns"
                     xml:id="pmt18-334220"
                     n="pmt18/0247-a-0540"
                     ecep:lem="recollect"
                     ecep:pos="vvb"
                     ecep:reg="recollect"
                     ecep:spe="recollect"
                     ecep:syllab="3"
                     ecep:pron="ˌreklˈekt">recollect</w>
                  <c> </c>
                  <w xmlns:ecep="http://www.eighteenthcenturypoetry.org/ns"
                     xml:id="pmt18-334230"
                     n="pmt18/0247-a-0550"
                     ecep:lem="the"
                     ecep:pos="dt"
                     ecep:reg="the"
                     ecep:spe="the"
                     ecep:syllab="1"
                     ecep:pron="ðiː">the</w>
                  <c> </c>
                  <w xmlns:ecep="http://www.eighteenthcenturypoetry.org/ns"
                     xml:id="pmt18-334240"
                     n="pmt18/0247-a-0560"
                     ecep:lem="woe"
                     ecep:pos="n1"
                     ecep:reg="woe"
                     ecep:spe="woe"
                     ecep:syllab="1"
                     ecep:pron="wəʊ">woe</w>
               </l>
               <l xml:id="pmt18-l17220">
                  <c> </c>
                  <w xmlns:ecep="http://www.eighteenthcenturypoetry.org/ns"
                     xml:id="pmt18-334250"
                     n="pmt18/0247-a-0570"
                     ecep:lem="which"
                     ecep:pos="r-crq"
                     ecep:reg="Which"
                     ecep:spe="Which"
                     ecep:syllab="1"
                     ecep:pron="wɪtʃ">Which</w>
                  <c> </c>
                  <w xmlns:ecep="http://www.eighteenthcenturypoetry.org/ns"
                     xml:id="pmt18-334260"
                     n="pmt18/0247-a-0580"
                     ecep:lem="wait"
                     ecep:pos="vvz"
                     ecep:reg="waits"
                     ecep:spe="waits"
                     ecep:syllab="1"
                     ecep:pron="weɪts">waits</w>
                  <c> </c>
                  <w xmlns:ecep="http://www.eighteenthcenturypoetry.org/ns"
                     xml:id="pmt18-334270"
                     n="pmt18/0247-a-0590"
                     ecep:lem="on"
                     ecep:pos="p-acp"
                     ecep:reg="on"
                     ecep:spe="on"
                     ecep:syllab="1"
                     ecep:pron="ɒn">on</w>
                  <c> </c>
                  <w xmlns:ecep="http://www.eighteenthcenturypoetry.org/ns"
                     xml:id="pmt18-334280"
                     n="pmt18/0247-a-0600"
                     ecep:lem="disappointment"
                     ecep:pos="n1"
                     ecep:reg="disappointment"
                     ecep:spe="disappointment"
                     ecep:syllab="4"
                     ecep:pron="ˌdɪsəˈpɔɪntmənt">disappointment</w>
                  <pc xmlns:ecep="http://www.eighteenthcenturypoetry.org/ns"
                      xml:id="pmt18-334290"
                      n="pmt18/0247-a-0610"
                      ecep:lem=";"
                      ecep:pos=";"
                      ecep:reg=";"
                      ecep:spe=";">;</pc>
                  <c> </c>
                  <w xmlns:ecep="http://www.eighteenthcenturypoetry.org/ns"
                     xml:id="pmt18-334300"
                     n="pmt18/0247-a-0620"
                     ecep:lem="teach"
                     ecep:pos="vvn"
                     ecep:reg="taught"
                     ecep:spe="taught"
                     ecep:syllab="1"
                     ecep:pron="tɔːt">taught</w>
                  <c> </c>
                  <w xmlns:ecep="http://www.eighteenthcenturypoetry.org/ns"
                     xml:id="pmt18-334310"
                     n="pmt18/0247-a-0630"
                     ecep:lem="to"
                     ecep:pos="pc-acp"
                     ecep:reg="to"
                     ecep:spe="to"
                     ecep:syllab="1"
                     ecep:pron="tuː">to</w>
                  <c> </c>
                  <w xmlns:ecep="http://www.eighteenthcenturypoetry.org/ns"
                     xml:id="pmt18-334320"
                     n="pmt18/0247-a-0640"
                     ecep:lem="know"
                     ecep:pos="vvi"
                     ecep:reg="know"
                     ecep:spe="know"
                     ecep:syllab="1"
                     ecep:pron="nəʊ">know</w>
               </l>
               <l xml:id="pmt18-l17225">
                  <c> </c>
                  <w xmlns:ecep="http://www.eighteenthcenturypoetry.org/ns"
                     xml:id="pmt18-334330"
                     n="pmt18/0247-a-0650"
                     ecep:lem="by"
                     ecep:pos="p-acp"
                     ecep:reg="By"
                     ecep:spe="By"
                     ecep:syllab="1"
                     ecep:pron="baɪ">By</w>
                  <c> </c>
                  <w xmlns:ecep="http://www.eighteenthcenturypoetry.org/ns"
                     xml:id="pmt18-334340"
                     n="pmt18/0247-a-0660"
                     ecep:lem="sad"
                     ecep:pos="j"
                     ecep:reg="sad"
                     ecep:spe="sad"
                     ecep:syllab="1"
                     ecep:pron="sæd">sad</w>
                  <c> </c>
                  <w xmlns:ecep="http://www.eighteenthcenturypoetry.org/ns"
                     xml:id="pmt18-334350"
                     n="pmt18/0247-a-0670"
                     ecep:lem="experience"
                     ecep:pos="n1"
                     ecep:reg="experience"
                     ecep:spe="experience"
                     ecep:syllab="4"
                     ecep:pron="ɪkˈspɪəriəns">experience</w>
                  <pc xmlns:ecep="http://www.eighteenthcenturypoetry.org/ns"
                      xml:id="pmt18-334360"
                      n="pmt18/0247-a-0680"
                      ecep:lem=","
                      ecep:pos=","
                      ecep:reg=","
                      ecep:spe=",">,</pc>
                  <c> </c>
                  <w xmlns:ecep="http://www.eighteenthcenturypoetry.org/ns"
                     xml:id="pmt18-334370"
                     n="pmt18/0247-a-0690"
                     ecep:lem="will"
                     ecep:pos="vm2"
                     ecep:reg="wilt"
                     ecep:spe="wilt"
                     ecep:syllab="1"
                     ecep:pron="wɪlt">wilt</w>
                  <c> </c>
                  <w xmlns:ecep="http://www.eighteenthcenturypoetry.org/ns"
                     xml:id="pmt18-334380"
                     n="pmt18/0247-a-0700"
                     ecep:lem="thou"
                     ecep:pos="pns21"
                     ecep:reg="thou"
                     ecep:spe="thou"
                     ecep:syllab="1"
                     ecep:pron="θaʊ">thou</w>
                  <c> </c>
                  <w xmlns:ecep="http://www.eighteenthcenturypoetry.org/ns"
                     xml:id="pmt18-334390"
                     n="pmt18/0247-a-0710"
                     ecep:lem="not"
                     ecep:pos="xx"
                     ecep:reg="not"
                     ecep:spe="not"
                     ecep:syllab="1"
                     ecep:pron="nɒt">not</w>
                  <c> </c>
                  <w xmlns:ecep="http://www.eighteenthcenturypoetry.org/ns"
                     xml:id="pmt18-334400"
                     n="pmt18/0247-a-0720"
                     ecep:lem="give"
                     ecep:pos="vvi"
                     ecep:reg="give"
                     ecep:spe="give"
                     ecep:syllab="1"
                     ecep:pron="gɪv">give</w>
                  <c> </c>
                  <w xmlns:ecep="http://www.eighteenthcenturypoetry.org/ns"
                     xml:id="pmt18-334410"
                     n="pmt18/0247-a-0730"
                     ecep:lem="over"
                     ecep:pos="a-acp"
                     ecep:reg="over"
                     ecep:spe="o'er"
                     ecep:syllab="1"
                     ecep:pron="ˈɔːə">o'er</w>
               </l>
               <l xml:id="pmt18-l17230">
                  <c> </c>
                  <w xmlns:ecep="http://www.eighteenthcenturypoetry.org/ns"
                     xml:id="pmt18-334420"
                     n="pmt18/0247-a-0740"
                     ecep:lem="to"
                     ecep:pos="pc-acp"
                     ecep:reg="To"
                     ecep:spe="To"
                     ecep:syllab="1"
                     ecep:pron="tuː">To</w>
                  <c> </c>
                  <w xmlns:ecep="http://www.eighteenthcenturypoetry.org/ns"
                     xml:id="pmt18-334430"
                     n="pmt18/0247-a-0750"
                     ecep:lem="rest"
                     ecep:pos="vvi"
                     ecep:reg="rest"
                     ecep:spe="rest"
                     ecep:syllab="1"
                     ecep:pron="rest">rest</w>
                  <pc xmlns:ecep="http://www.eighteenthcenturypoetry.org/ns"
                      xml:id="pmt18-334440"
                      n="pmt18/0247-a-0760"
                      ecep:lem=","
                      ecep:pos=","
                      ecep:reg=","
                      ecep:spe=",">,</pc>
                  <c> </c>
                  <w xmlns:ecep="http://www.eighteenthcenturypoetry.org/ns"
                     xml:id="pmt18-334450"
                     n="pmt18/0247-a-0770"
                     ecep:lem="delude"
                     ecep:pos="vvn"
                     ecep:reg="deluded"
                     ecep:spe="deluded"
                     ecep:syllab="3"
                     ecep:pron="dɪˈluːdɪd">deluded</w>
                  <pc xmlns:ecep="http://www.eighteenthcenturypoetry.org/ns"
                      xml:id="pmt18-334460"
                      n="pmt18/0247-a-0780"
                      ecep:lem=","
                      ecep:pos=","
                      ecep:reg=","
                      ecep:spe=",">,</pc>
                  <c> </c>
                  <w xmlns:ecep="http://www.eighteenthcenturypoetry.org/ns"
                     xml:id="pmt18-334470"
                     n="pmt18/0247-a-0790"
                     ecep:lem="on"
                     ecep:pos="p-acp"
                     ecep:reg="on"
                     ecep:spe="on"
                     ecep:syllab="1"
                     ecep:pron="ɒn">on</w>
                  <c> </c>
                  <w xmlns:ecep="http://www.eighteenthcenturypoetry.org/ns"
                     xml:id="pmt18-334480"
                     n="pmt18/0247-a-0800"
                     ecep:lem="the"
                     ecep:pos="dt"
                     ecep:reg="the"
                     ecep:spe="the"
                     ecep:syllab="1"
                     ecep:pron="ðiː">the</w>
                  <c> </c>
                  <w xmlns:ecep="http://www.eighteenthcenturypoetry.org/ns"
                     xml:id="pmt18-334490"
                     n="pmt18/0247-a-0810"
                     ecep:lem="fickle"
                     ecep:pos="j"
                     ecep:reg="fickle"
                     ecep:spe="fickle"
                     ecep:syllab="2"
                     ecep:pron="ˈfɪkl">fickle</w>
                  <c> </c>
                  <w xmlns:ecep="http://www.eighteenthcenturypoetry.org/ns"
                     xml:id="pmt18-334500"
                     n="pmt18/0247-a-0820"
                     ecep:lem="wing"
                     ecep:pos="n1"
                     ecep:reg="wing"
                     ecep:spe="wing"
                     ecep:syllab="1"
                     ecep:pron="wɪŋ">wing</w>
               </l>
               <l xml:id="pmt18-l17235">
                  <c> </c>
                  <w xmlns:ecep="http://www.eighteenthcenturypoetry.org/ns"
                     xml:id="pmt18-334510"
                     n="pmt18/0247-a-0830"
                     ecep:lem="which"
                     ecep:pos="r-crq"
                     ecep:reg="Which"
                     ecep:spe="Which"
                     ecep:syllab="1"
                     ecep:pron="wɪtʃ">Which</w>
                  <c> </c>
                  <w xmlns:ecep="http://www.eighteenthcenturypoetry.org/ns"
                     xml:id="pmt18-334520"
                     n="pmt18/0247-a-0840"
                     ecep:lem="fancy"
                     ecep:pos="n1"
                     ecep:reg="Fancy"
                     ecep:spe="Fancy"
                     ecep:syllab="2"
                     ecep:pron="ˈfænsi">Fancy</w>
                  <c> </c>
                  <w xmlns:ecep="http://www.eighteenthcenturypoetry.org/ns"
                     xml:id="pmt18-334530"
                     n="pmt18/0247-a-0850"
                     ecep:lem="lend"
                     ecep:pos="vvz"
                     ecep:reg="lends"
                     ecep:spe="lends"
                     ecep:syllab="1"
                     ecep:pron="lendz">lends</w>
                  <c> </c>
                  <w xmlns:ecep="http://www.eighteenthcenturypoetry.org/ns"
                     xml:id="pmt18-334540"
                     n="pmt18/0247-a-0860"
                     ecep:lem="thou"
                     ecep:pos="pno21"
                     ecep:reg="thee"
                     ecep:spe="thee"
                     ecep:syllab="1"
                     ecep:pron="ðiː">thee</w>
                  <c> </c>
                  <w xmlns:ecep="http://www.eighteenthcenturypoetry.org/ns"
                     xml:id="pmt18-334550"
                     n="pmt18/0247-a-0870"
                     ecep:lem="in"
                     ecep:pos="p-acp"
                     ecep:reg="in"
                     ecep:spe="in"
                     ecep:syllab="1"
                     ecep:pron="ɪn">in</w>
                  <c> </c>
                  <w xmlns:ecep="http://www.eighteenthcenturypoetry.org/ns"
                     xml:id="pmt18-334560"
                     n="pmt18/0247-a-0880"
                     ecep:lem="her"
                     ecep:pos="po31"
                     ecep:reg="her"
                     ecep:spe="her"
                     ecep:syllab="1"
                     ecep:pron="hɜː">her</w>
                  <c> </c>
                  <w xmlns:ecep="http://www.eighteenthcenturypoetry.org/ns"
                     xml:id="pmt18-334570"
                     n="pmt18/0247-a-0890"
                     ecep:lem="airy"
                     ecep:pos="j"
                     ecep:reg="airy"
                     ecep:spe="airy"
                     ecep:syllab="2"
                     ecep:pron="ˈeəri">airy</w>
                  <c> </c>
                  <w xmlns:ecep="http://www.eighteenthcenturypoetry.org/ns"
                     xml:id="pmt18-334580"
                     n="pmt18/0247-a-0900"
                     ecep:lem="flight"
                     ecep:pos="n1"
                     ecep:reg="flight"
                     ecep:spe="flight"
                     ecep:syllab="1"
                     ecep:pron="flaɪt">flight</w>
                  <pc xmlns:ecep="http://www.eighteenthcenturypoetry.org/ns"
                      xml:id="pmt18-334590"
                      n="pmt18/0247-a-0910"
                      ecep:lem=","
                      ecep:pos=","
                      ecep:reg=","
                      ecep:spe=",">,</pc>
               </l>
               <l xml:id="pmt18-l17240">
                  <c> </c>
                  <w xmlns:ecep="http://www.eighteenthcenturypoetry.org/ns"
                     xml:id="pmt18-334600"
                     n="pmt18/0247-a-0920"
                     ecep:lem="but"
                     ecep:pos="cc-acp"
                     ecep:reg="But"
                     ecep:spe="But"
                     ecep:syllab="1"
                     ecep:pron="bʌt">But</w>
                  <c> </c>
                  <w xmlns:ecep="http://www.eighteenthcenturypoetry.org/ns"
                     xml:id="pmt18-334610"
                     n="pmt18/0247-a-0930"
                     ecep:lem="to"
                     ecep:pos="pc-acp"
                     ecep:reg="to"
                     ecep:spe="to"
                     ecep:syllab="1"
                     ecep:pron="tuː">to</w>
                  <c> </c>
                  <w xmlns:ecep="http://www.eighteenthcenturypoetry.org/ns"
                     xml:id="pmt18-334620"
                     n="pmt18/0247-a-0940"
                     ecep:lem="seduce"
                     ecep:pos="vvi"
                     ecep:reg="seduce"
                     ecep:spe="seduce"
                     ecep:syllab="2"
                     ecep:pron="sɪˈdʒuːs">seduce</w>
                  <c> </c>
                  <w xmlns:ecep="http://www.eighteenthcenturypoetry.org/ns"
                     xml:id="pmt18-334630"
                     n="pmt18/0247-a-0950"
                     ecep:lem="thou"
                     ecep:pos="pno21"
                     ecep:reg="thee"
                     ecep:spe="thee"
                     ecep:syllab="1"
                     ecep:pron="ðiː">thee</w>
                  <c> </c>
                  <w xmlns:ecep="http://www.eighteenthcenturypoetry.org/ns"
                     xml:id="pmt18-334640"
                     n="pmt18/0247-a-0960"
                     ecep:lem="to"
                     ecep:pos="p-acp"
                     ecep:reg="to"
                     ecep:spe="to"
                     ecep:syllab="1"
                     ecep:pron="tuː">to</w>
                  <c> </c>
                  <w xmlns:ecep="http://www.eighteenthcenturypoetry.org/ns"
                     xml:id="pmt18-334650"
                     n="pmt18/0247-a-0970"
                     ecep:lem="some"
                     ecep:pos="d"
                     ecep:reg="some"
                     ecep:spe="some"
                     ecep:syllab="1"
                     ecep:pron="sʌm">some</w>
                  <c> </c>
                  <w xmlns:ecep="http://www.eighteenthcenturypoetry.org/ns"
                     xml:id="pmt18-334660"
                     n="pmt18/0247-a-0980"
                     ecep:lem="giddy"
                     ecep:pos="j"
                     ecep:reg="giddy"
                     ecep:spe="giddy"
                     ecep:syllab="2"
                     ecep:pron="ˈgɪdi">giddy</w>
                  <c> </c>
                  <w xmlns:ecep="http://www.eighteenthcenturypoetry.org/ns"
                     xml:id="pmt18-334670"
                     n="pmt18/0247-a-0990"
                     ecep:lem="height"
                     ecep:pos="n1"
                     ecep:reg="height"
                     ecep:spe="height"
                     ecep:syllab="1"
                     ecep:pron="haɪt">height</w>
                  <pc xmlns:ecep="http://www.eighteenthcenturypoetry.org/ns"
                      xml:id="pmt18-334680"
                      n="pmt18/0247-a-1000"
                      ecep:lem=","
                      ecep:pos=","
                      ecep:reg=","
                      ecep:spe=",">,</pc>
               </l>
               <l xml:id="pmt18-l17245">
                  <c> </c>
                  <w xmlns:ecep="http://www.eighteenthcenturypoetry.org/ns"
                     xml:id="pmt18-334690"
                     n="pmt18/0247-a-1010"
                     ecep:lem="and"
                     ecep:pos="cc"
                     ecep:reg="And"
                     ecep:spe="And"
                     ecep:syllab="1"
                     ecep:pron="ænd">And</w>
                  <c> </c>
                  <w xmlns:ecep="http://www.eighteenthcenturypoetry.org/ns"
                     xml:id="pmt18-334700"
                     n="pmt18/0247-a-1020"
                     ecep:lem="leave"
                     ecep:pos="vvb"
                     ecep:reg="leave"
                     ecep:spe="leave"
                     ecep:syllab="1"
                     ecep:pron="liːv">leave</w>
                  <c> </c>
                  <w xmlns:ecep="http://www.eighteenthcenturypoetry.org/ns"
                     xml:id="pmt18-334710"
                     n="pmt18/0247-a-1030"
                     ecep:lem="thou"
                     ecep:pos="pno21"
                     ecep:reg="thee"
                     ecep:spe="thee"
                     ecep:syllab="1"
                     ecep:pron="ðiː">thee</w>
                  <c> </c>
                  <w xmlns:ecep="http://www.eighteenthcenturypoetry.org/ns"
                     xml:id="pmt18-334720"
                     n="pmt18/0247-a-1040"
                     ecep:lem="there"
                     ecep:pos="a-acp"
                     ecep:reg="there"
                     ecep:spe="there"
                     ecep:syllab="1"
                     ecep:pron="ðeə">there</w>
                  <c> </c>
                  <w xmlns:ecep="http://www.eighteenthcenturypoetry.org/ns"
                     xml:id="pmt18-334730"
                     n="pmt18/0247-a-1050"
                     ecep:lem="a"
                     ecep:pos="dt"
                     ecep:reg="a"
                     ecep:spe="a"
                     ecep:syllab="1"
                     ecep:pron="ə">a</w>
                  <c> </c>
                  <w xmlns:ecep="http://www.eighteenthcenturypoetry.org/ns"
                     xml:id="pmt18-334740"
                     n="pmt18/0247-a-1060"
                     ecep:lem="poor"
                     ecep:pos="j"
                     ecep:reg="poor"
                     ecep:spe="poor"
                     ecep:syllab="1"
                     ecep:pron="pɔː">poor</w>
                  <c> </c>
                  <w xmlns:ecep="http://www.eighteenthcenturypoetry.org/ns"
                     xml:id="pmt18-334750"
                     n="pmt18/0247-a-1070"
                     ecep:lem="forsake"
                     ecep:pos="j-vvn"
                     ecep:reg="forsaken"
                     ecep:spe="forsaken"
                     ecep:syllab="3"
                     ecep:pron="fəˈseɪkn">forsaken</w>
                  <c> </c>
                  <w xmlns:ecep="http://www.eighteenthcenturypoetry.org/ns"
                     xml:id="pmt18-334760"
                     n="pmt18/0247-a-1080"
                     ecep:lem="thing"
                     ecep:pos="n1"
                     ecep:reg="thing"
                     ecep:spe="thing"
                     ecep:syllab="1"
                     ecep:pron="θɪŋ">thing</w>
                  <pc xmlns:ecep="http://www.eighteenthcenturypoetry.org/ns"
                      xml:id="pmt18-334770"
                      n="pmt18/0247-a-1090"
                      unit="sentence"
                      ecep:lem="."
                      ecep:pos="."
                      ecep:reg="."
                      ecep:spe=".">.</pc>
                  <c> </c>
               </l>
               <l xml:id="pmt18-l17250">
                  <w xmlns:ecep="http://www.eighteenthcenturypoetry.org/ns"
                     xml:id="pmt18-334780"
                     n="pmt18/0247-a-1100"
                     ecep:lem="hope"
                     ecep:pos="n1"
                     ecep:reg="Hope"
                     ecep:spe="Hope"
                     ecep:syllab="1"
                     ecep:pron="həʊp">Hope</w>
                  <c> </c>
                  <w xmlns:ecep="http://www.eighteenthcenturypoetry.org/ns"
                     xml:id="pmt18-334790"
                     n="pmt18/0247-a-1110"
                     ecep:lem="warble"
                     ecep:pos="vvz"
                     ecep:reg="warbles"
                     ecep:spe="warbles"
                     ecep:syllab="2"
                     ecep:pron="ˈwɔːblz">warbles</w>
                  <c> </c>
                  <w xmlns:ecep="http://www.eighteenthcenturypoetry.org/ns"
                     xml:id="pmt18-334800"
                     n="pmt18/0247-a-1120"
                     ecep:lem="once"
                     ecep:pos="a-acp"
                     ecep:reg="once"
                     ecep:spe="once"
                     ecep:syllab="1"
                     ecep:pron="wʌns">once</w>
                  <c> </c>
                  <w xmlns:ecep="http://www.eighteenthcenturypoetry.org/ns"
                     xml:id="pmt18-334810"
                     n="pmt18/0247-a-1130"
                     ecep:lem="again"
                     ecep:pos="av"
                     ecep:reg="again"
                     ecep:spe="again"
                     ecep:syllab="2"
                     ecep:pron="əˈgen">again</w>
                  <pc xmlns:ecep="http://www.eighteenthcenturypoetry.org/ns"
                      xml:id="pmt18-334820"
                      n="pmt18/0247-a-1140"
                      ecep:lem=","
                      ecep:pos=","
                      ecep:reg=","
                      ecep:spe=",">,</pc>
                  <c> </c>
                  <w xmlns:ecep="http://www.eighteenthcenturypoetry.org/ns"
                     xml:id="pmt18-334830"
                     n="pmt18/0247-a-1150"
                     ecep:lem="truth"
                     ecep:pos="n1"
                     ecep:reg="Truth"
                     ecep:spe="Truth"
                     ecep:syllab="1"
                     ecep:pron="truːθ">Truth</w>
                  <c> </c>
                  <w xmlns:ecep="http://www.eighteenthcenturypoetry.org/ns"
                     xml:id="pmt18-334840"
                     n="pmt18/0247-a-1160"
                     ecep:lem="plead"
                     ecep:pos="vvz"
                     ecep:reg="pleads"
                     ecep:spe="pleads"
                     ecep:syllab="1"
                     ecep:pron="pliːdz">pleads</w>
                  <c> </c>
                  <w xmlns:ecep="http://www.eighteenthcenturypoetry.org/ns"
                     xml:id="pmt18-334850"
                     n="pmt18/0247-a-1170"
                     ecep:lem="in"
                     ecep:pos="p-acp"
                     ecep:reg="in"
                     ecep:spe="in"
                     ecep:syllab="1"
                     ecep:pron="ɪn">in</w>
                  <c> </c>
                  <w xmlns:ecep="http://www.eighteenthcenturypoetry.org/ns"
                     xml:id="pmt18-334860"
                     n="pmt18/0247-a-1180"
                     ecep:lem="vain"
                     ecep:pos="j"
                     ecep:reg="vain"
                     ecep:spe="vain"
                     ecep:syllab="1"
                     ecep:pron="veɪn">vain</w>
                  <pc xmlns:ecep="http://www.eighteenthcenturypoetry.org/ns"
                      xml:id="pmt18-334870"
                      n="pmt18/0247-a-1190"
                      ecep:lem=","
                      ecep:pos=","
                      ecep:reg=","
                      ecep:spe=",">,</pc>
               </l>
               <l xml:id="pmt18-l17255">
                  <c> </c>
                  <w xmlns:ecep="http://www.eighteenthcenturypoetry.org/ns"
                     xml:id="pmt18-334880"
                     n="pmt18/0247-a-1200"
                     ecep:lem="and"
                     ecep:pos="cc"
                     ecep:reg="And"
                     ecep:spe="And"
                     ecep:syllab="1"
                     ecep:pron="ænd">And</w>
                  <c> </c>
                  <w xmlns:ecep="http://www.eighteenthcenturypoetry.org/ns"
                     xml:id="pmt18-334890"
                     n="pmt18/0247-a-1210"
                     ecep:lem="my"
                     ecep:pos="po11"
                     ecep:reg="my"
                     ecep:spe="my"
                     ecep:syllab="1"
                     ecep:pron="maɪ">my</w>
                  <c> </c>
                  <w xmlns:ecep="http://www.eighteenthcenturypoetry.org/ns"
                     xml:id="pmt18-334900"
                     n="pmt18/0247-a-1220"
                     ecep:lem="charm"
                     ecep:pos="j-vvn"
                     ecep:reg="charmed"
                     ecep:spe="charmed"
                     ecep:syllab="1"
                     ecep:pron="tʃɑːmd">charmed</w>
                  <c> </c>
                  <w xmlns:ecep="http://www.eighteenthcenturypoetry.org/ns"
                     xml:id="pmt18-334910"
                     n="pmt18/0247-a-1230"
                     ecep:lem="soul"
                     ecep:pos="n1"
                     ecep:reg="soul"
                     ecep:spe="soul"
                     ecep:syllab="1"
                     ecep:pron="səʊl">soul</w>
                  <c> </c>
                  <w xmlns:ecep="http://www.eighteenthcenturypoetry.org/ns"
                     xml:id="pmt18-334920"
                     n="pmt18/0247-a-1240"
                     ecep:lem="sink"
                     ecep:pos="vvz"
                     ecep:reg="sinks"
                     ecep:spe="sinks"
                     ecep:syllab="1"
                     ecep:pron="sɪŋks">sinks</w>
                  <c> </c>
                  <w xmlns:ecep="http://www.eighteenthcenturypoetry.org/ns"
                     xml:id="pmt18-334930"
                     n="pmt18/0247-a-1250"
                     ecep:lem="vanquish"
                     ecep:pos="vvn"
                     ecep:reg="vanquished"
                     ecep:spe="vanquished"
                     ecep:syllab="2"
                     ecep:pron="ˈvæŋkwɪʃt">vanquished</w>
                  <c> </c>
                  <w xmlns:ecep="http://www.eighteenthcenturypoetry.org/ns"
                     xml:id="pmt18-334940"
                     n="pmt18/0247-a-1260"
                     ecep:lem="by"
                     ecep:pos="p-acp"
                     ecep:reg="by"
                     ecep:spe="by"
                     ecep:syllab="1"
                     ecep:pron="baɪ">by</w>
                  <c> </c>
                  <w xmlns:ecep="http://www.eighteenthcenturypoetry.org/ns"
                     xml:id="pmt18-334950"
                     n="pmt18/0247-a-1270"
                     ecep:lem="her"
                     ecep:pos="po31"
                     ecep:reg="her"
                     ecep:spe="her"
                     ecep:syllab="1"
                     ecep:pron="hɜː">her</w>
                  <c> </c>
                  <w xmlns:ecep="http://www.eighteenthcenturypoetry.org/ns"
                     xml:id="pmt18-334960"
                     n="pmt18/0247-a-1280"
                     ecep:lem="strain"
                     ecep:pos="n1"
                     ecep:reg="strain"
                     ecep:spe="strain"
                     ecep:syllab="1"
                     ecep:pron="streɪn">strain</w>
                  <pc xmlns:ecep="http://www.eighteenthcenturypoetry.org/ns"
                      xml:id="pmt18-334970"
                      n="pmt18/0247-a-1290"
                      unit="sentence"
                      ecep:lem="."
                      ecep:pos="."
                      ecep:reg="."
                      ecep:spe=".">.</pc>
                  <c> </c>
               </l>
            </lg>
         </div>
      </body>
   </text>
</TEI>
