<?xml version="1.0" encoding="utf-8"?>
<!DOCTYPE div
  SYSTEM "about:legacy-compat">
<div xmlns:tei="http://www.tei-c.org/ns/1.0"
     xmlns="http://www.tei-c.org/ns/1.0"
     xmlns:ecep="http://www.eighteenthcenturypoetry.org/ns"
     ana="#iamb #tetrameter #trimeter #quatrain #ballad #chevy-chase #cross #fragment"
     corresp="#txt_MerrJa1720_w0009"
     ecep:syllab="8.6.8.6"
     met="-+|-+|-+|-+/         -+|-+|-+/         -+|-+|-+|-+/         -+|-+|-+/"
     rendition="#lgvspace"
     rhyme="abab"
     subtype="eceptext"
     type="poem"
     xml:id="o5156-w0760"
     decls="#semi-normalized">
   <link target="authors.xml#aut_MerrJa1720" type="author"/>
   <link target="27723" type="DMI"/>
   <head type="main">
      <w xml:id="o5156-466800"
         n="224-a-0010"
         ecep:lem="a"
         ecep:pos="dt"
         ecep:reg="A"
         ecep:spe="A"
         ecep:syllab="1"
         ecep:pron="ə">A</w>
      <c> </c>
      <w xml:id="o5156-466810"
         n="224-a-0020"
         ecep:lem="fragment"
         ecep:pos="n1"
         ecep:reg="FRAGMENT"
         ecep:spe="FRAGMENT"
         ecep:syllab="2"
         ecep:pron="ˈfrægmənt">FRAGMENT</w>
      <pc xml:id="o5156-466820"
          n="224-a-0030"
          unit="sentence"
          ecep:lem="."
          ecep:pos="."
          ecep:reg="."
          ecep:spe=".">.</pc>
   </head>
   <byline>
      <w xml:id="o5156-466850"
         n="224-a-0040"
         ecep:lem="by"
         ecep:pos="p-acp"
         ecep:reg="By"
         ecep:spe="By"
         ecep:syllab="1"
         ecep:pron="baɪ">By</w>
      <c> </c>
      <w xml:id="o5156-466860"
         n="224-a-0050"
         ecep:lem="the"
         ecep:pos="dt"
         ecep:reg="the"
         ecep:spe="the"
         ecep:syllab="1"
         ecep:pron="ðə">the</w>
      <c> </c>
      <w xml:id="o5156-466870"
         n="224-a-0060"
         ecep:lem="same"
         ecep:pos="d"
         ecep:reg="Same"
         ecep:spe="Same"
         ecep:syllab="1"
         ecep:pron="seɪm">Same</w>
      <pc xml:id="o5156-466880"
          n="224-a-0070"
          unit="sentence"
          ecep:lem="."
          ecep:pos="."
          ecep:reg="."
          ecep:spe=".">.</pc>
   </byline>
   <l>
      <pc xml:id="o5156-466910"
          n="224-a-0080"
          ecep:lem="**************"
          ecep:pos="**************"
          ecep:reg="**************"
          ecep:spe="**************">**************</pc>
      <lb/>
      <pc xml:id="o5156-466911"
          n="224-a-0080"
          ecep:lem="**************"
          ecep:pos="**************"
          ecep:reg="**************"
          ecep:spe="**************">**************</pc>
   </l>
   <lg xml:id="o5156-s03265">
      <l xml:id="o5156-l26590">
         <w xml:id="o5156-466940"
            n="224-a-0090"
            ecep:lem="when"
            ecep:pos="c-crq"
            ecep:reg="When"
            ecep:spe="When"
            ecep:syllab="1"
            ecep:pron="wen">When</w>
         <c> </c>
         <w xml:id="o5156-466950"
            n="224-a-0100"
            ecep:lem="recent"
            ecep:pos="j"
            ecep:reg="recent"
            ecep:spe="recent"
            ecep:syllab="2"
            ecep:pron="ˈriːsnt">recent</w>
         <c> </c>
         <w xml:id="o5156-466960"
            n="224-a-0110"
            ecep:lem="in"
            ecep:pos="p-acp"
            ecep:reg="in"
            ecep:spe="in"
            ecep:syllab="1"
            ecep:pron="ɪn">in</w>
         <c> </c>
         <w xml:id="o5156-466970"
            n="224-a-0120"
            ecep:lem="the"
            ecep:pos="dt"
            ecep:reg="the"
            ecep:spe="the"
            ecep:syllab="1"
            ecep:pron="ðə">the</w>
         <c> </c>
         <w xml:id="o5156-466980"
            n="224-a-0130"
            ecep:lem="womb"
            ecep:pos="n1"
            ecep:reg="womb"
            ecep:spe="womb"
            ecep:syllab="1"
            ecep:pron="wuːm">womb</w>
         <c> </c>
         <w xml:id="o5156-466990"
            n="224-a-0140"
            ecep:lem="i"
            ecep:pos="pns11"
            ecep:reg="I"
            ecep:spe="I"
            ecep:syllab="1"
            ecep:pron="aɪ">I</w>
         <c> </c>
         <w xml:id="o5156-467000"
            n="224-a-0150"
            ecep:lem="lay"
            ecep:pos="vvb"
            ecep:reg="lay"
            ecep:spe="lay"
            ecep:syllab="1"
            ecep:pron="leɪ">lay</w>
         <pc xml:id="o5156-467010"
             n="224-a-0160"
             ecep:lem=","
             ecep:pos=","
             ecep:reg=","
             ecep:spe=",">,</pc>
      </l>
      <l xml:id="o5156-l26595">
         <w xml:id="o5156-467020"
            n="224-a-0170"
            ecep:lem="ere"
            ecep:pos="c-acp"
            ecep:reg="Ere"
            ecep:spe="Ere"
            ecep:syllab="1"
            ecep:pron="eə">Ere</w>
         <c> </c>
         <w xml:id="o5156-467030"
            n="224-a-0180"
            ecep:lem="yet"
            ecep:pos="av"
            ecep:reg="yet"
            ecep:spe="yet"
            ecep:syllab="1"
            ecep:pron="jet">yet</w>
         <c> </c>
         <w xml:id="o5156-467040"
            n="224-a-0190"
            ecep:lem="my"
            ecep:pos="po11"
            ecep:reg="my"
            ecep:spe="my"
            ecep:syllab="1"
            ecep:pron="maɪ">my</w>
         <c> </c>
         <w xml:id="o5156-467050"
            n="224-a-0200"
            ecep:lem="life"
            ecep:pos="n1"
            ecep:reg="life"
            ecep:spe="life"
            ecep:syllab="1"
            ecep:pron="laɪf">life</w>
         <c> </c>
         <w xml:id="o5156-467060"
            n="224-a-0210"
            ecep:lem="begin"
            ecep:pos="vvd"
            ecep:reg="began"
            ecep:spe="began"
            ecep:syllab="2"
            ecep:pron="bɪˈgæn">began</w>
         <pc xml:id="o5156-467070"
             n="224-a-0220"
             ecep:lem=","
             ecep:pos=","
             ecep:reg=","
             ecep:spe=",">,</pc>
      </l>
      <l xml:id="o5156-l26600">
         <w xml:id="o5156-467080"
            n="224-a-0230"
            ecep:lem="thy"
            ecep:pos="po21"
            ecep:reg="Thy"
            ecep:spe="Thy"
            ecep:syllab="1"
            ecep:pron="ðaɪ">Thy</w>
         <c> </c>
         <w xml:id="o5156-467090"
            n="224-a-0240"
            ecep:lem="care"
            ecep:pos="n1"
            ecep:reg="care"
            ecep:spe="care"
            ecep:syllab="1"
            ecep:pron="keə">care</w>
         <c> </c>
         <w xml:id="o5156-467100"
            n="224-a-0250"
            ecep:lem="preserve"
            ecep:pos="vvd"
            ecep:reg="preserved"
            ecep:spe="preserv'd"
            ecep:syllab="2"
            ecep:pron="priˈzɜːvd">preserv'd</w>
         <c> </c>
         <w xml:id="o5156-467110"
            n="224-a-0260"
            ecep:lem="the"
            ecep:pos="dt"
            ecep:reg="the"
            ecep:spe="the"
            ecep:syllab="1"
            ecep:pron="ðə">the</w>
         <c> </c>
         <w xml:id="o5156-467120"
            n="224-a-0270"
            ecep:lem="sleep"
            ecep:pos="j-vvg"
            ecep:reg="sleeping"
            ecep:spe="sleeping"
            ecep:syllab="2"
            ecep:pron="ˈsliːpɪŋ">sleeping</w>
         <c> </c>
         <w xml:id="o5156-467130"
            n="224-a-0280"
            ecep:lem="clay"
            ecep:pos="n1"
            ecep:reg="clay"
            ecep:spe="clay"
            ecep:syllab="1"
            ecep:pron="kleɪ">clay</w>
         <pc xml:id="o5156-467140"
             n="224-a-0290"
             ecep:lem=","
             ecep:pos=","
             ecep:reg=","
             ecep:spe=",">,</pc>
      </l>
      <l xml:id="o5156-l26605">
         <w xml:id="o5156-467150"
            n="224-a-0300"
            ecep:lem="and"
            ecep:pos="cc"
            ecep:reg="And"
            ecep:spe="And"
            ecep:syllab="1"
            ecep:pron="ænd">And</w>
         <c> </c>
         <w xml:id="o5156-467160"
            n="224-a-0310"
            ecep:lem="form"
            ecep:pos="vvd"
            ecep:reg="formed"
            ecep:spe="form'd"
            ecep:syllab="1"
            ecep:pron="fɔːmd">form'd</w>
         <c> </c>
         <w xml:id="o5156-467170"
            n="224-a-0320"
            ecep:lem="it"
            ecep:pos="pn31"
            ecep:reg="it"
            ecep:spe="it"
            ecep:syllab="1"
            ecep:pron="ɪt">it</w>
         <c> </c>
         <w xml:id="o5156-467180"
            n="224-a-0330"
            ecep:lem="into"
            ecep:pos="p-acp"
            ecep:reg="into"
            ecep:spe="into"
            ecep:syllab="2"
            ecep:pron="ˈɪntuː">into</w>
         <c> </c>
         <w xml:id="o5156-467190"
            n="224-a-0340"
            ecep:lem="man"
            ecep:pos="n1"
            ecep:reg="man"
            ecep:spe="man"
            ecep:syllab="1"
            ecep:pron="mæn">man</w>
         <pc xml:id="o5156-467200"
             n="224-a-0350"
             unit="sentence"
             ecep:lem="."
             ecep:pos="."
             ecep:reg="."
             ecep:spe=".">.</pc>
      </l>
   </lg>
   <lg xml:id="o5156-s03270">
      <l xml:id="o5156-l26610">
         <w xml:id="o5156-467230"
            n="224-a-0360"
            ecep:lem="oh"
            ecep:pos="uh"
            ecep:reg="O"
            ecep:spe="Oh"
            ecep:syllab="1"
            ecep:pron="əʊ">Oh</w>
         <pc xml:id="o5156-467231"
             n="224-a-0361"
             ecep:lem="!"
             ecep:pos="!"
             ecep:reg="!"
             ecep:spe="!">!</pc>
         <c> </c>
         <w xml:id="o5156-467240"
            n="224-a-0370"
            ecep:lem="may"
            ecep:pos="vmb"
            ecep:reg="may"
            ecep:spe="may"
            ecep:syllab="1"
            ecep:pron="meɪ">may</w>
         <c> </c>
         <w xml:id="o5156-467250"
            n="224-a-0380"
            ecep:lem="this"
            ecep:pos="d"
            ecep:reg="this"
            ecep:spe="this"
            ecep:syllab="1"
            ecep:pron="ðɪs">this</w>
         <c> </c>
         <w xml:id="o5156-467260"
            n="224-a-0390"
            ecep:lem="frame"
            ecep:pos="n1"
            ecep:reg="frame"
            ecep:spe="frame"
            ecep:syllab="1"
            ecep:pron="freɪm">frame</w>
         <pc xml:id="o5156-467270"
             n="224-a-0400"
             ecep:lem=","
             ecep:pos=","
             ecep:reg=","
             ecep:spe=",">,</pc>
         <c> </c>
         <w xml:id="o5156-467280"
            n="224-a-0410"
            ecep:lem="that"
            ecep:pos="cst"
            ecep:reg="that"
            ecep:spe="that"
            ecep:syllab="1"
            ecep:pron="ðæt">that</w>
         <c> </c>
         <w xml:id="o5156-467290"
            n="224-a-0420"
            ecep:lem="rise"
            ecep:pos="vvg"
            ecep:reg="rising"
            ecep:spe="rising"
            ecep:syllab="2"
            ecep:pron="ˈraɪzɪŋ">rising</w>
         <c> </c>
         <w xml:id="o5156-467300"
            n="224-a-0430"
            ecep:lem="grow"
            ecep:pos="vvd"
            ecep:reg="grew"
            ecep:spe="grew"
            ecep:syllab="1"
            ecep:pron="gruː">grew</w>
      </l>
      <l xml:id="o5156-l26615">
         <w xml:id="o5156-467310"
            n="224-a-0440"
            ecep:lem="beneath"
            ecep:pos="p-acp"
            ecep:reg="Beneath"
            ecep:spe="Beneath"
            ecep:syllab="2"
            ecep:pron="bɪˈniːθ">Beneath</w>
         <c> </c>
         <w xml:id="o5156-467320"
            n="224-a-0450"
            ecep:lem="thy"
            ecep:pos="po21"
            ecep:reg="thy"
            ecep:spe="thy"
            ecep:syllab="1"
            ecep:pron="ðaɪ">thy</w>
         <c> </c>
         <w xml:id="o5156-467330"
            n="224-a-0460"
            ecep:lem="plastic"
            ecep:pos="j"
            ecep:reg="plastic"
            ecep:spe="plastic"
            ecep:syllab="2"
            ecep:pron="ˈplæstɪk">plastic</w>
         <c> </c>
         <w xml:id="o5156-467340"
            n="224-a-0470"
            ecep:lem="hand"
            ecep:pos="n2"
            ecep:reg="hands"
            ecep:spe="hands"
            ecep:syllab="1"
            ecep:pron="hændz">hands</w>
         <pc xml:id="o5156-467350"
             n="224-a-0480"
             ecep:lem=","
             ecep:pos=","
             ecep:reg=","
             ecep:spe=",">,</pc>
      </l>
      <l xml:id="o5156-l26620">
         <w xml:id="o5156-467360"
            n="224-a-0490"
            ecep:lem="be"
            ecep:pos="vbb"
            ecep:reg="Be"
            ecep:spe="Be"
            ecep:syllab="1"
            ecep:pron="biː">Be</w>
         <c> </c>
         <w xml:id="o5156-467370"
            n="224-a-0500"
            ecep:lem="studious"
            ecep:pos="j"
            ecep:reg="studious"
            ecep:spe="studious"
            ecep:syllab="3"
            ecep:pron="ˈstjuːdɪəs">studious</w>
         <c> </c>
         <w xml:id="o5156-467380"
            n="224-a-0510"
            ecep:lem="ever"
            ecep:pos="av"
            ecep:reg="ever"
            ecep:spe="ever"
            ecep:syllab="2"
            ecep:pron="ˈevə">ever</w>
         <c> </c>
         <w xml:id="o5156-467390"
            n="224-a-0520"
            ecep:lem="to"
            ecep:pos="pc-acp"
            ecep:reg="to"
            ecep:spe="to"
            ecep:syllab="1"
            ecep:pron="tuː">to</w>
         <c> </c>
         <w xml:id="o5156-467400"
            n="224-a-0530"
            ecep:lem="pursue"
            ecep:pos="vvi"
            ecep:reg="pursue"
            ecep:spe="pursue"
            ecep:syllab="2"
            ecep:pron="pəˈsjuː">pursue</w>
      </l>
      <l xml:id="o5156-l26625">
         <w xml:id="o5156-467410"
            n="224-a-0540"
            ecep:lem="whatever"
            ecep:pos="r-crq"
            ecep:reg="Whatever"
            ecep:spe="Whate'er"
            ecep:syllab="2"
            ecep:pron="wɒtˈeə">Whate'er</w>
         <c> </c>
         <w xml:id="o5156-467420"
            n="224-a-0550"
            ecep:lem="thy"
            ecep:pos="po21"
            ecep:reg="thy"
            ecep:spe="thy"
            ecep:syllab="1"
            ecep:pron="ðaɪ">thy</w>
         <c> </c>
         <w xml:id="o5156-467430"
            n="224-a-0560"
            ecep:lem="will"
            ecep:pos="n1"
            ecep:reg="will"
            ecep:spe="will"
            ecep:syllab="1"
            ecep:pron="wɪl">will</w>
         <c> </c>
         <w xml:id="o5156-467440"
            n="224-a-0570"
            ecep:lem="command"
            ecep:pos="vvz"
            ecep:reg="commands"
            ecep:spe="commands"
            ecep:syllab="2"
            ecep:pron="kəˈmɑːndz">commands</w>
         <pc xml:id="o5156-467450"
             n="224-a-0580"
             unit="sentence"
             ecep:lem="."
             ecep:pos="."
             ecep:reg="."
             ecep:spe=".">.</pc>
      </l>
   </lg>
   <lg xml:id="o5156-s03275">
      <l xml:id="o5156-l26630">
         <w xml:id="o5156-467480"
            n="224-a-0590"
            ecep:lem="the"
            ecep:pos="dt"
            ecep:reg="The"
            ecep:spe="The"
            ecep:syllab="1"
            ecep:pron="ðə">The</w>
         <c> </c>
         <w xml:id="o5156-467490"
            n="224-a-0600"
            ecep:lem="soul"
            ecep:pos="n1"
            ecep:reg="soul"
            ecep:spe="soul"
            ecep:syllab="1"
            ecep:pron="səʊl">soul</w>
         <c> </c>
         <w xml:id="o5156-467500"
            n="224-a-0610"
            ecep:lem="that"
            ecep:pos="cst"
            ecep:reg="that"
            ecep:spe="that"
            ecep:syllab="1"
            ecep:pron="ðæt">that</w>
         <c> </c>
         <w xml:id="o5156-467510"
            n="224-a-0620"
            ecep:lem="move"
            ecep:pos="vvz"
            ecep:reg="moves"
            ecep:spe="moves"
            ecep:syllab="1"
            ecep:pron="muːvz">moves</w>
         <c> </c>
         <w xml:id="o5156-467520"
            n="224-a-0630"
            ecep:lem="this"
            ecep:pos="d"
            ecep:reg="this"
            ecep:spe="this"
            ecep:syllab="1"
            ecep:pron="ðɪs">this</w>
         <c> </c>
         <w xml:id="o5156-467530"
            n="224-a-0640"
            ecep:lem="earthly"
            ecep:pos="j"
            ecep:reg="earthly"
            ecep:spe="earthly"
            ecep:syllab="2"
            ecep:pron="ˈɜːθlɪ">earthly</w>
         <c> </c>
         <w xml:id="o5156-467540"
            n="224-a-0650"
            ecep:lem="load"
            ecep:pos="n1"
            ecep:reg="load"
            ecep:spe="load"
            ecep:syllab="1"
            ecep:pron="ləʊd">load</w>
      </l>
      <l xml:id="o5156-l26635">
         <w xml:id="o5156-467550"
            n="224-a-0660"
            ecep:lem="thy"
            ecep:pos="po21"
            ecep:reg="Thy"
            ecep:spe="Thy"
            ecep:syllab="1"
            ecep:pron="ðaɪ">Thy</w>
         <c> </c>
         <w xml:id="o5156-467560"
            n="224-a-0670"
            ecep:lem="semblance"
            ecep:pos="n1"
            ecep:reg="semblance"
            ecep:spe="semblance"
            ecep:syllab="2"
            ecep:pron="ˈsembləns">semblance</w>
         <c> </c>
         <w xml:id="o5156-467570"
            n="224-a-0680"
            ecep:lem="let"
            ecep:pos="vvb"
            ecep:reg="let"
            ecep:spe="let"
            ecep:syllab="1"
            ecep:pron="let">let</w>
         <c> </c>
         <w xml:id="o5156-467580"
            n="224-a-0690"
            ecep:lem="it"
            ecep:pos="pn31"
            ecep:reg="it"
            ecep:spe="it"
            ecep:syllab="1"
            ecep:pron="ɪt">it</w>
         <c> </c>
         <w xml:id="o5156-467590"
            n="224-a-0700"
            ecep:lem="bear"
            ecep:pos="vvi"
            ecep:reg="bear"
            ecep:spe="bear"
            ecep:syllab="1"
            ecep:pron="beə">bear</w>
         <pc xml:id="o5156-467600"
             n="224-a-0710"
             ecep:lem=";"
             ecep:pos=";"
             ecep:reg=";"
             ecep:spe=";">;</pc>
      </l>
      <l xml:id="o5156-l26640">
         <w xml:id="o5156-467610"
            n="224-a-0720"
            ecep:lem="nor"
            ecep:pos="ccx"
            ecep:reg="Nor"
            ecep:spe="Nor"
            ecep:syllab="1"
            ecep:pron="nɔː">Nor</w>
         <c> </c>
         <w xml:id="o5156-467620"
            n="224-a-0730"
            ecep:lem="lose"
            ecep:pos="vvb"
            ecep:reg="lose"
            ecep:spe="lose"
            ecep:syllab="1"
            ecep:pron="luːz">lose</w>
         <c> </c>
         <w xml:id="o5156-467630"
            n="224-a-0740"
            ecep:lem="the"
            ecep:pos="dt"
            ecep:reg="the"
            ecep:spe="the"
            ecep:syllab="1"
            ecep:pron="ðə">the</w>
         <c> </c>
         <w xml:id="o5156-467640"
            n="224-a-0750"
            ecep:lem="trace"
            ecep:pos="n2"
            ecep:reg="traces"
            ecep:spe="traces"
            ecep:syllab="2"
            ecep:pron="ˈtreɪsɪz">traces</w>
         <c> </c>
         <w xml:id="o5156-467650"
            n="224-a-0760"
            ecep:lem="of"
            ecep:pos="pp-f"
            ecep:reg="of"
            ecep:spe="of"
            ecep:syllab="1"
            ecep:pron="ɒv">of</w>
         <c> </c>
         <w xml:id="o5156-467660"
            n="224-a-0770"
            ecep:lem="the"
            ecep:pos="dt"
            ecep:reg="the"
            ecep:spe="the"
            ecep:syllab="1"
            ecep:pron="ðə">the</w>
         <c> </c>
         <w xml:id="o5156-467670"
            n="224-a-0780"
            ecep:lem="god"
            ecep:pos="n1"
            ecep:reg="God"
            ecep:spe="God"
            ecep:syllab="1"
            ecep:pron="gɒd">God</w>
         <pc xml:id="o5156-467680"
             n="224-a-0790"
             ecep:lem=","
             ecep:pos=","
             ecep:reg=","
             ecep:spe=",">,</pc>
      </l>
      <l xml:id="o5156-l26645">
         <w xml:id="o5156-467690"
            n="224-a-0800"
            ecep:lem="who"
            ecep:pos="q-crq"
            ecep:reg="Who"
            ecep:spe="Who"
            ecep:syllab="1"
            ecep:pron="huː">Who</w>
         <c> </c>
         <w xml:id="o5156-467700"
            n="224-a-0810"
            ecep:lem="stamp"
            ecep:pos="vvd"
            ecep:reg="stamped"
            ecep:spe="stamp'd"
            ecep:syllab="1"
            ecep:pron="stæmpt">stamp'd</w>
         <c> </c>
         <w xml:id="o5156-467710"
            n="224-a-0820"
            ecep:lem="his"
            ecep:pos="po31"
            ecep:reg="his"
            ecep:spe="his"
            ecep:syllab="1"
            ecep:pron="hɪz">his</w>
         <c> </c>
         <w xml:id="o5156-467720"
            n="224-a-0830"
            ecep:lem="image"
            ecep:pos="n1"
            ecep:reg="image"
            ecep:spe="image"
            ecep:syllab="2"
            ecep:pron="ˈɪmɪdʒ">image</w>
         <c> </c>
         <w xml:id="o5156-467730"
            n="224-a-0840"
            ecep:lem="there"
            ecep:pos="a-acp"
            ecep:reg="there"
            ecep:spe="there"
            ecep:syllab="1"
            ecep:pron="ðeə">there</w>
         <pc xml:id="o5156-467740"
             n="224-a-0850"
             unit="sentence"
             ecep:lem="."
             ecep:pos="."
             ecep:reg="."
             ecep:spe=".">.</pc>
      </l>
   </lg>
</div>
