<?xml version="1.0" encoding="UTF-8"?>
<?xml-model href="../tei_all.rnc" type="application/relax-ng-compact-syntax"?>
<TEI xmlns="http://www.tei-c.org/ns/1.0">
   <teiHeader>
      <fileDesc>
         <titleStmt>
            <title corresp="#txt_DuckSt1705_w0019">On Mrs. L—s.</title>
            <author corresp="authors.xml#aut_DuckSt1705">Stephen Duck</author>
            <respStmt>
               <name xml:id="AH">Alexander Huber</name>
               <resp>Editor</resp>
            </respStmt>
            <funder>
               <name type="institution" xml:id="BOD">Bodleian Libraries, University of Oxford</name>
               <address>
                  <addrLine>Broad Street</addrLine>
                  <addrLine>Oxford OX1 3BG</addrLine>
                  <addrLine>UK</addrLine>
               </address>
            </funder>
         </titleStmt>
         <publicationStmt>
            <publisher xml:id="ECPA">Eighteenth-Century Poetry Archive</publisher>
            <address>
               <addrLine>Taylor Institution Library</addrLine>
               <addrLine>St Giles'</addrLine>
               <addrLine>Oxford OX1 3NA</addrLine>
               <addrLine>UK</addrLine>
               <addrLine>
                  <email>info@eighteenthcenturypoetry.org</email>
               </addrLine>
               <addrLine>
                  <ref target="https://www.eighteenthcenturypoetry.org/">https://www.eighteenthcenturypoetry.org/</ref>
               </addrLine>
            </address>
            <pubPlace>Oxford</pubPlace>
            <availability status="restricted">
               <licence target="http://creativecommons.org/licenses/by-sa/3.0/">This work is licensed under a Creative Commons Attribution-ShareAlike 3.0 Unported License.</licence>
            </availability>
            <idno type="ESTC">T90234</idno>
            <idno type="TCP">K073280.000</idno>
         </publicationStmt>
         <sourceDesc>
            <bibl>
               <author>Duck, Stephen, 1705-1756.</author>
               <title>Poems on several occasions: By Stephen Duck.</title>
               <pubPlace>London</pubPlace>
               <publisher>printed for the author</publisher>
               <date>1736</date>
               <biblScope>p. 148.</biblScope>
               <extent>xl,334,[2]p. ; 4⁰.</extent>
            </bibl>
         </sourceDesc>
      </fileDesc>
      <encodingDesc>
         <projectDesc>
            <p>This e-text is part of the Works section of the Eighteenth-Century Poetry Archive (ECPA).</p>
            <p>XML created for the Eighteenth-Century Poetry Archive (ECPA).</p>
         </projectDesc>
         <editorialDecl>
            <p>The text has been typographically modernized, but without any silent modernization of
						spelling, capitalization, or punctuation. The source of the text is given and all editorial interventions
						have been recorded in textual notes. Based on the electronic text originally produced by the TCP project, this  text has been edited to conform to the recommendations found in Level 5 of the
						Best Practices for TEI in Libraries version 4.0.0.
					</p>
         </editorialDecl>
         <classDecl>
            <taxonomy xml:id="LCNAF">
               <bibl>Library of Congress Name Authority File (<abbr>LCNAF</abbr>)</bibl>
            </taxonomy>
         </classDecl>
         <tagsDecl>
            <rendition n="linegroups indented" xml:id="lgindent" scheme="css">text-indent: 1em;</rendition>
            <rendition n="linegroups vertically spaced" xml:id="lgvspace" scheme="css">margin-bottom: 1em;</rendition>
            <rendition n="aligned centrally" xml:id="align-center" scheme="css">text-align: center;</rendition>
            <rendition n="aligned right" xml:id="align-right" scheme="css">text-align: right;</rendition>
            <rendition n="aligned left" xml:id="align-left" scheme="css">text-align: left;</rendition>
            <rendition n="inline" xml:id="inline" scheme="css">display: inline</rendition>
            <rendition n="italic" xml:id="i" scheme="css">font-style: italic;</rendition>
            <rendition n="bold" xml:id="b" scheme="css">font-weight: bold;</rendition>
         </tagsDecl>
      </encodingDesc>
   </teiHeader>
   <text>
      <body>
         <div xmlns:ecep="http://www.eighteenthcenturypoetry.org/ns"
              ana="#anapaest #tetrameter #couplet #pair #address #acephal"
              corresp="#txt_DuckSt1705_w0019"
              decls="#semi-normalized"
              ecep:syllab="12"
              met="--+|--+|--+|--+/"
              rendition="#lgvspace"
              rhyme="aa"
              subtype="eceptext"
              type="poem"
              xml:id="o4741-w0170">
            <link target="authors.xml#aut_DuckSt1705" type="author"/>
            <head type="main">
               <w xmlns:ecep="http://www.eighteenthcenturypoetry.org/ns"
                  xml:id="o4741-323780"
                  n="192-a-0010"
                  ecep:lem="on"
                  ecep:pos="p-acp"
                  ecep:reg="On"
                  ecep:spe="On"
                  ecep:syllab="1"
                  ecep:pron="ɒn">On</w>
               <c> </c>
               <w xmlns:ecep="http://www.eighteenthcenturypoetry.org/ns"
                  xml:id="o4741-323790"
                  n="192-a-0020"
                  ecep:lem="mrs."
                  ecep:pos="n1"
                  ecep:reg="Mrs."
                  ecep:spe="Mrs."
                  ecep:syllab="2"
                  ecep:pron="mɪsɪz">Mrs.</w>
               <c> </c>
               <hi>
                  <w xmlns:ecep="http://www.eighteenthcenturypoetry.org/ns"
                     xml:id="o4741-323800"
                     n="192-a-0030"
                     ecep:lem="l—s."
                     ecep:pos="n1"
                     ecep:reg="L—s."
                     ecep:spe="L—s."
                     ecep:syllab="1"
                     ecep:pron="ˈelˈes">L—s.</w>
                  <pc unit="sentence" xml:id="o4741-323820-eos" n="192-a-0060"/>
                  <c> </c>
               </hi>
            </head>
            <lg xml:id="o4741-s00905">
               <l xml:id="o4741-l11045">
                  <w xmlns:ecep="http://www.eighteenthcenturypoetry.org/ns"
                     xml:id="o4741-323850"
                     n="192-a-0070"
                     ecep:lem="such"
                     ecep:pos="d"
                     ecep:reg="SUCH"
                     ecep:spe="SUCH"
                     ecep:syllab="1"
                     ecep:pron="sʌtʃ">SUCH</w>
                  <c> </c>
                  <w xmlns:ecep="http://www.eighteenthcenturypoetry.org/ns"
                     xml:id="o4741-323860"
                     n="192-a-0080"
                     ecep:lem="sweetness"
                     ecep:pos="n1"
                     ecep:reg="Sweetness"
                     ecep:spe="Sweetness"
                     ecep:syllab="2"
                     ecep:pron="swiːtnəs">Sweetness</w>
                  <c> </c>
                  <w xmlns:ecep="http://www.eighteenthcenturypoetry.org/ns"
                     xml:id="o4741-323870"
                     n="192-a-0090"
                     ecep:lem="and"
                     ecep:pos="cc"
                     ecep:reg="and"
                     ecep:spe="and"
                     ecep:syllab="1"
                     ecep:pron="ænd">and</w>
                  <c> </c>
                  <w xmlns:ecep="http://www.eighteenthcenturypoetry.org/ns"
                     xml:id="o4741-323880"
                     n="192-a-0100"
                     ecep:lem="goodness"
                     ecep:pos="n1"
                     ecep:reg="Goodness"
                     ecep:spe="Goodness"
                     ecep:syllab="2"
                     ecep:pron="ˈgʊdnəs">Goodness</w>
                  <c> </c>
                  <w xmlns:ecep="http://www.eighteenthcenturypoetry.org/ns"
                     xml:id="o4741-323890"
                     n="192-a-0110"
                     ecep:lem="together"
                     ecep:pos="av"
                     ecep:reg="together"
                     ecep:spe="together"
                     ecep:syllab="3"
                     ecep:pron="təˈgeðə">together</w>
                  <c> </c>
                  <w xmlns:ecep="http://www.eighteenthcenturypoetry.org/ns"
                     xml:id="o4741-323900"
                     n="192-a-0120"
                     ecep:lem="combine"
                     ecep:pos="vvn"
                     ecep:reg="combined"
                     ecep:spe="combin'd"
                     ecep:syllab="2"
                     ecep:pron="ˈkɒmbaɪnd">combin'd</w>
                  <pc xmlns:ecep="http://www.eighteenthcenturypoetry.org/ns"
                      xml:id="o4741-323910"
                      n="192-a-0130"
                      ecep:lem=";"
                      ecep:pos=";"
                      ecep:reg=";"
                      ecep:spe=";">;</pc>
               </l>
               <l xml:id="o4741-l11050">
                  <c> </c>
                  <w xmlns:ecep="http://www.eighteenthcenturypoetry.org/ns"
                     xml:id="o4741-323920"
                     n="192-a-0140"
                     ecep:lem="so"
                     ecep:pos="av"
                     ecep:reg="So"
                     ecep:spe="So"
                     ecep:syllab="1"
                     ecep:pron="səʊ">So</w>
                  <c> </c>
                  <w xmlns:ecep="http://www.eighteenthcenturypoetry.org/ns"
                     xml:id="o4741-323930"
                     n="192-a-0150"
                     ecep:lem="beauteous"
                     ecep:pos="j"
                     ecep:reg="beauteous"
                     ecep:spe="beauteous"
                     ecep:syllab="2"
                     ecep:pron="ˈbjuːtiəs">beauteous</w>
                  <c> </c>
                  <w xmlns:ecep="http://www.eighteenthcenturypoetry.org/ns"
                     xml:id="o4741-323940"
                     n="192-a-0160"
                     ecep:lem="her"
                     ecep:pos="po31"
                     ecep:reg="her"
                     ecep:spe="her"
                     ecep:syllab="1"
                     ecep:pron="hɜː">her</w>
                  <c> </c>
                  <w xmlns:ecep="http://www.eighteenthcenturypoetry.org/ns"
                     xml:id="o4741-323950"
                     n="192-a-0170"
                     ecep:lem="face"
                     ecep:pos="n1"
                     ecep:reg="Face"
                     ecep:spe="Face"
                     ecep:syllab="1"
                     ecep:pron="feɪs">Face</w>
                  <pc xmlns:ecep="http://www.eighteenthcenturypoetry.org/ns"
                      xml:id="o4741-323960"
                      n="192-a-0180"
                      ecep:lem=","
                      ecep:pos=","
                      ecep:reg=","
                      ecep:spe=",">,</pc>
                  <c> </c>
                  <w xmlns:ecep="http://www.eighteenthcenturypoetry.org/ns"
                     xml:id="o4741-323970"
                     n="192-a-0190"
                     ecep:lem="and"
                     ecep:pos="cc"
                     ecep:reg="and"
                     ecep:spe="and"
                     ecep:syllab="1"
                     ecep:pron="ænd">and</w>
                  <c> </c>
                  <w xmlns:ecep="http://www.eighteenthcenturypoetry.org/ns"
                     xml:id="o4741-323980"
                     n="192-a-0200"
                     ecep:lem="so"
                     ecep:pos="av"
                     ecep:reg="so"
                     ecep:spe="so"
                     ecep:syllab="1"
                     ecep:pron="səʊ">so</w>
                  <c> </c>
                  <w xmlns:ecep="http://www.eighteenthcenturypoetry.org/ns"
                     xml:id="o4741-323990"
                     n="192-a-0210"
                     ecep:lem="bright"
                     ecep:pos="j"
                     ecep:reg="bright"
                     ecep:spe="bright"
                     ecep:syllab="1"
                     ecep:pron="braɪt">bright</w>
                  <c> </c>
                  <w xmlns:ecep="http://www.eighteenthcenturypoetry.org/ns"
                     xml:id="o4741-324000"
                     n="192-a-0220"
                     ecep:lem="be"
                     ecep:pos="vbz"
                     ecep:reg="is"
                     ecep:spe="is"
                     ecep:syllab="1"
                     ecep:pron="ɪz">is</w>
                  <c> </c>
                  <w xmlns:ecep="http://www.eighteenthcenturypoetry.org/ns"
                     xml:id="o4741-324010"
                     n="192-a-0230"
                     ecep:lem="her"
                     ecep:pos="po31"
                     ecep:reg="her"
                     ecep:spe="her"
                     ecep:syllab="1"
                     ecep:pron="hɜː">her</w>
                  <c> </c>
                  <w xmlns:ecep="http://www.eighteenthcenturypoetry.org/ns"
                     xml:id="o4741-324020"
                     n="192-a-0240"
                     ecep:lem="mind"
                     ecep:pos="n1"
                     ecep:reg="Mind"
                     ecep:spe="Mind"
                     ecep:syllab="1"
                     ecep:pron="maɪnd">Mind</w>
                  <pc xmlns:ecep="http://www.eighteenthcenturypoetry.org/ns"
                      xml:id="o4741-324030"
                      n="192-a-0250"
                      ecep:lem=";"
                      ecep:pos=";"
                      ecep:reg=";"
                      ecep:spe=";">;</pc>
               </l>
               <l xml:id="o4741-l11055">
                  <c> </c>
                  <w xmlns:ecep="http://www.eighteenthcenturypoetry.org/ns"
                     xml:id="o4741-324040"
                     n="192-a-0260"
                     ecep:lem="so"
                     ecep:pos="av"
                     ecep:reg="So"
                     ecep:spe="So"
                     ecep:syllab="1"
                     ecep:pron="səʊ">So</w>
                  <c> </c>
                  <w xmlns:ecep="http://www.eighteenthcenturypoetry.org/ns"
                     xml:id="o4741-324050"
                     n="192-a-0270"
                     ecep:lem="love"
                     ecep:pos="vvg"
                     ecep:reg="loving"
                     ecep:spe="loving"
                     ecep:syllab="2"
                     ecep:pron="lʌvɪŋ">loving</w>
                  <pc xmlns:ecep="http://www.eighteenthcenturypoetry.org/ns"
                      xml:id="o4741-324060"
                      n="192-a-0280"
                      ecep:lem=","
                      ecep:pos=","
                      ecep:reg=","
                      ecep:spe=",">,</pc>
                  <c> </c>
                  <w xmlns:ecep="http://www.eighteenthcenturypoetry.org/ns"
                     xml:id="o4741-324070"
                     n="192-a-0290"
                     ecep:lem="yet"
                     ecep:pos="av"
                     ecep:reg="yet"
                     ecep:spe="yet"
                     ecep:syllab="1"
                     ecep:pron="jet">yet</w>
                  <c> </c>
                  <w xmlns:ecep="http://www.eighteenthcenturypoetry.org/ns"
                     xml:id="o4741-324080"
                     n="192-a-0300"
                     ecep:lem="chaste"
                     ecep:pos="j"
                     ecep:reg="chaste"
                     ecep:spe="chaste"
                     ecep:syllab="1"
                     ecep:pron="tʃeɪst">chaste</w>
                  <pc xmlns:ecep="http://www.eighteenthcenturypoetry.org/ns"
                      xml:id="o4741-324090"
                      n="192-a-0310"
                      ecep:lem=";"
                      ecep:pos=";"
                      ecep:reg=";"
                      ecep:spe=";">;</pc>
                  <c> </c>
                  <w xmlns:ecep="http://www.eighteenthcenturypoetry.org/ns"
                     xml:id="o4741-324100"
                     n="192-a-0320"
                     ecep:lem="and"
                     ecep:pos="cc"
                     ecep:reg="and"
                     ecep:spe="and"
                     ecep:syllab="1"
                     ecep:pron="ænd">and</w>
                  <c> </c>
                  <w xmlns:ecep="http://www.eighteenthcenturypoetry.org/ns"
                     xml:id="o4741-324110"
                     n="192-a-0330"
                     ecep:lem="so"
                     ecep:pos="av"
                     ecep:reg="so"
                     ecep:spe="so"
                     ecep:syllab="1"
                     ecep:pron="səʊ">so</w>
                  <c> </c>
                  <w xmlns:ecep="http://www.eighteenthcenturypoetry.org/ns"
                     xml:id="o4741-324120"
                     n="192-a-0340"
                     ecep:lem="humble"
                     ecep:pos="j"
                     ecep:reg="humble"
                     ecep:spe="humble"
                     ecep:syllab="2"
                     ecep:pron="ˈhʌmbl">humble</w>
                  <pc xmlns:ecep="http://www.eighteenthcenturypoetry.org/ns"
                      xml:id="o4741-324130"
                      n="192-a-0350"
                      ecep:lem=","
                      ecep:pos=","
                      ecep:reg=","
                      ecep:spe=",">,</pc>
                  <c> </c>
                  <w xmlns:ecep="http://www.eighteenthcenturypoetry.org/ns"
                     xml:id="o4741-324140"
                     n="192-a-0360"
                     ecep:lem="yet"
                     ecep:pos="av"
                     ecep:reg="yet"
                     ecep:spe="yet"
                     ecep:syllab="1"
                     ecep:pron="jet">yet</w>
                  <c> </c>
                  <w xmlns:ecep="http://www.eighteenthcenturypoetry.org/ns"
                     xml:id="o4741-324150"
                     n="192-a-0370"
                     ecep:lem="fair"
                     ecep:pos="j"
                     ecep:reg="fair"
                     ecep:spe="fair"
                     ecep:syllab="1"
                     ecep:pron="feə">fair</w>
                  <pc xmlns:ecep="http://www.eighteenthcenturypoetry.org/ns"
                      xml:id="o4741-324160"
                      n="192-a-0380"
                      ecep:lem=";"
                      ecep:pos=";"
                      ecep:reg=";"
                      ecep:spe=";">;</pc>
               </l>
               <l xml:id="o4741-l11060">
                  <c> </c>
                  <w xmlns:ecep="http://www.eighteenthcenturypoetry.org/ns"
                     xml:id="o4741-324170"
                     n="192-a-0390"
                     ecep:lem="so"
                     ecep:pos="av"
                     ecep:reg="So"
                     ecep:spe="So"
                     ecep:syllab="1"
                     ecep:pron="səʊ">So</w>
                  <c> </c>
                  <w xmlns:ecep="http://www.eighteenthcenturypoetry.org/ns"
                     xml:id="o4741-324180"
                     n="192-a-0400"
                     ecep:lem="comely"
                     ecep:pos="j"
                     ecep:reg="comely"
                     ecep:spe="comely"
                     ecep:syllab="2"
                     ecep:pron="ˈkʌmli">comely</w>
                  <c> </c>
                  <w xmlns:ecep="http://www.eighteenthcenturypoetry.org/ns"
                     xml:id="o4741-324190"
                     n="192-a-0410"
                     ecep:lem="her"
                     ecep:pos="po31"
                     ecep:reg="her"
                     ecep:spe="her"
                     ecep:syllab="1"
                     ecep:pron="hɜː">her</w>
                  <c> </c>
                  <w xmlns:ecep="http://www.eighteenthcenturypoetry.org/ns"
                     xml:id="o4741-324200"
                     n="192-a-0420"
                     ecep:lem="shape"
                     ecep:pos="n1"
                     ecep:reg="Shape"
                     ecep:spe="Shape"
                     ecep:syllab="1"
                     ecep:pron="ʃeɪp">Shape</w>
                  <pc xmlns:ecep="http://www.eighteenthcenturypoetry.org/ns"
                      xml:id="o4741-324210"
                      n="192-a-0430"
                      ecep:lem=","
                      ecep:pos=","
                      ecep:reg=","
                      ecep:spe=",">,</pc>
                  <c> </c>
                  <w xmlns:ecep="http://www.eighteenthcenturypoetry.org/ns"
                     xml:id="o4741-324220"
                     n="192-a-0440"
                     ecep:lem="and"
                     ecep:pos="cc"
                     ecep:reg="and"
                     ecep:spe="and"
                     ecep:syllab="1"
                     ecep:pron="ænd">and</w>
                  <c> </c>
                  <w xmlns:ecep="http://www.eighteenthcenturypoetry.org/ns"
                     xml:id="o4741-324230"
                     n="192-a-0450"
                     ecep:lem="so"
                     ecep:pos="av"
                     ecep:reg="so"
                     ecep:spe="so"
                     ecep:syllab="1"
                     ecep:pron="səʊ">so</w>
                  <c> </c>
                  <w xmlns:ecep="http://www.eighteenthcenturypoetry.org/ns"
                     xml:id="o4741-324240"
                     n="192-a-0460"
                     ecep:lem="decent"
                     ecep:pos="j"
                     ecep:reg="decent"
                     ecep:spe="decent"
                     ecep:syllab="2"
                     ecep:pron="ˈdiːsnt">decent</w>
                  <c> </c>
                  <w xmlns:ecep="http://www.eighteenthcenturypoetry.org/ns"
                     xml:id="o4741-324250"
                     n="192-a-0470"
                     ecep:lem="her"
                     ecep:pos="po31"
                     ecep:reg="her"
                     ecep:spe="her"
                     ecep:syllab="1"
                     ecep:pron="hɜː">her</w>
                  <c> </c>
                  <w xmlns:ecep="http://www.eighteenthcenturypoetry.org/ns"
                     xml:id="o4741-324260"
                     n="192-a-0480"
                     ecep:lem="air"
                     ecep:pos="n1"
                     ecep:reg="Air"
                     ecep:spe="Air"
                     ecep:syllab="1"
                     ecep:pron="eə">Air</w>
                  <pc xmlns:ecep="http://www.eighteenthcenturypoetry.org/ns"
                      xml:id="o4741-324270"
                      n="192-a-0490"
                      ecep:lem=";"
                      ecep:pos=";"
                      ecep:reg=";"
                      ecep:spe=";">;</pc>
               </l>
               <l xml:id="o4741-l11065">
                  <c> </c>
                  <w xmlns:ecep="http://www.eighteenthcenturypoetry.org/ns"
                     xml:id="o4741-324280"
                     n="192-a-0500"
                     ecep:lem="so"
                     ecep:pos="av"
                     ecep:reg="So"
                     ecep:spe="So"
                     ecep:syllab="1"
                     ecep:pron="səʊ">So</w>
                  <c> </c>
                  <w xmlns:ecep="http://www.eighteenthcenturypoetry.org/ns"
                     xml:id="o4741-324290"
                     n="192-a-0510"
                     ecep:lem="skilful"
                     ecep:pos="j"
                     ecep:reg="skilful"
                     ecep:spe="skilful"
                     ecep:syllab="2"
                     ecep:pron="ˈskɪlfl">skilful</w>
                  <pc xmlns:ecep="http://www.eighteenthcenturypoetry.org/ns"
                      xml:id="o4741-324300"
                      n="192-a-0520"
                      ecep:lem=","
                      ecep:pos=","
                      ecep:reg=","
                      ecep:spe=",">,</pc>
                  <c> </c>
                  <w xmlns:ecep="http://www.eighteenthcenturypoetry.org/ns"
                     xml:id="o4741-324310"
                     n="192-a-0530"
                     ecep:lem="that"
                     ecep:pos="cst"
                     ecep:reg="that"
                     ecep:spe="that"
                     ecep:syllab="1"
                     ecep:pron="ðæt">that</w>
                  <c> </c>
                  <w xmlns:ecep="http://www.eighteenthcenturypoetry.org/ns"
                     xml:id="o4741-324320"
                     n="192-a-0540"
                     ecep:lem="nature"
                     ecep:pos="ng1"
                     ecep:reg="Nature's"
                     ecep:spe="Nature's"
                     ecep:syllab="2"
                     ecep:pron="ˈneɪtʃəz">Nature's</w>
                  <c> </c>
                  <w xmlns:ecep="http://www.eighteenthcenturypoetry.org/ns"
                     xml:id="o4741-324330"
                     n="192-a-0550"
                     ecep:lem="improve"
                     ecep:pos="j-vvn"
                     ecep:reg="improved"
                     ecep:spe="improv'd"
                     ecep:syllab="2"
                     ecep:pron="ɪmˈpruːvd">improv'd</w>
                  <c> </c>
                  <w xmlns:ecep="http://www.eighteenthcenturypoetry.org/ns"
                     xml:id="o4741-324340"
                     n="192-a-0560"
                     ecep:lem="by"
                     ecep:pos="p-acp"
                     ecep:reg="by"
                     ecep:spe="by"
                     ecep:syllab="1"
                     ecep:pron="baɪ">by</w>
                  <c> </c>
                  <w xmlns:ecep="http://www.eighteenthcenturypoetry.org/ns"
                     xml:id="o4741-324350"
                     n="192-a-0570"
                     ecep:lem="her"
                     ecep:pos="po31"
                     ecep:reg="her"
                     ecep:spe="her"
                     ecep:syllab="1"
                     ecep:pron="hɜː">her</w>
                  <c> </c>
                  <w xmlns:ecep="http://www.eighteenthcenturypoetry.org/ns"
                     xml:id="o4741-324360"
                     n="192-a-0580"
                     ecep:lem="art"
                     ecep:pos="n1"
                     ecep:reg="Art"
                     ecep:spe="Art"
                     ecep:syllab="1"
                     ecep:pron="ɑːt">Art</w>
                  <pc xmlns:ecep="http://www.eighteenthcenturypoetry.org/ns"
                      xml:id="o4741-324370"
                      n="192-a-0590"
                      ecep:lem=";"
                      ecep:pos=";"
                      ecep:reg=";"
                      ecep:spe=";">;</pc>
               </l>
               <l xml:id="o4741-l11070">
                  <c> </c>
                  <w xmlns:ecep="http://www.eighteenthcenturypoetry.org/ns"
                     xml:id="o4741-324380"
                     n="192-a-0600"
                     ecep:lem="so"
                     ecep:pos="av"
                     ecep:reg="So"
                     ecep:spe="So"
                     ecep:syllab="1"
                     ecep:pron="səʊ">So</w>
                  <c> </c>
                  <w xmlns:ecep="http://www.eighteenthcenturypoetry.org/ns"
                     xml:id="o4741-324390"
                     n="192-a-0610"
                     ecep:lem="prudent"
                     ecep:pos="j"
                     ecep:reg="prudent"
                     ecep:spe="prudent"
                     ecep:syllab="2"
                     ecep:pron="ˈpruːdnt">prudent</w>
                  <c> </c>
                  <w xmlns:ecep="http://www.eighteenthcenturypoetry.org/ns"
                     xml:id="o4741-324400"
                     n="192-a-0620"
                     ecep:lem="her"
                     ecep:pos="po31"
                     ecep:reg="her"
                     ecep:spe="her"
                     ecep:syllab="1"
                     ecep:pron="hɜː">her</w>
                  <c> </c>
                  <w xmlns:ecep="http://www.eighteenthcenturypoetry.org/ns"
                     xml:id="o4741-324410"
                     n="192-a-0630"
                     ecep:lem="head"
                     ecep:pos="n1"
                     ecep:reg="Head"
                     ecep:spe="Head"
                     ecep:syllab="1"
                     ecep:pron="hed">Head</w>
                  <pc xmlns:ecep="http://www.eighteenthcenturypoetry.org/ns"
                      xml:id="o4741-324420"
                      n="192-a-0640"
                      ecep:lem=","
                      ecep:pos=","
                      ecep:reg=","
                      ecep:spe=",">,</pc>
                  <c> </c>
                  <w xmlns:ecep="http://www.eighteenthcenturypoetry.org/ns"
                     xml:id="o4741-324430"
                     n="192-a-0650"
                     ecep:lem="and"
                     ecep:pos="cc"
                     ecep:reg="and"
                     ecep:spe="and"
                     ecep:syllab="1"
                     ecep:pron="ænd">and</w>
                  <c> </c>
                  <w xmlns:ecep="http://www.eighteenthcenturypoetry.org/ns"
                     xml:id="o4741-324440"
                     n="192-a-0660"
                     ecep:lem="so"
                     ecep:pos="av"
                     ecep:reg="so"
                     ecep:spe="so"
                     ecep:syllab="1"
                     ecep:pron="səʊ">so</w>
                  <c> </c>
                  <w xmlns:ecep="http://www.eighteenthcenturypoetry.org/ns"
                     xml:id="o4741-324450"
                     n="192-a-0670"
                     ecep:lem="bounteous"
                     ecep:pos="j"
                     ecep:reg="bounteous"
                     ecep:spe="bounteous"
                     ecep:syllab="2"
                     ecep:pron="ˈbaʊntiəs">bounteous</w>
                  <c> </c>
                  <w xmlns:ecep="http://www.eighteenthcenturypoetry.org/ns"
                     xml:id="o4741-324460"
                     n="192-a-0680"
                     ecep:lem="her"
                     ecep:pos="po31"
                     ecep:reg="her"
                     ecep:spe="her"
                     ecep:syllab="1"
                     ecep:pron="hɜː">her</w>
                  <c> </c>
                  <w xmlns:ecep="http://www.eighteenthcenturypoetry.org/ns"
                     xml:id="o4741-324470"
                     n="192-a-0690"
                     ecep:lem="heart"
                     ecep:pos="n1"
                     ecep:reg="Heart"
                     ecep:spe="Heart"
                     ecep:syllab="1"
                     ecep:pron="hɑːt">Heart</w>
                  <pc xmlns:ecep="http://www.eighteenthcenturypoetry.org/ns"
                      xml:id="o4741-324480"
                      n="192-a-0700"
                      ecep:lem=";"
                      ecep:pos=";"
                      ecep:reg=";"
                      ecep:spe=";">;</pc>
               </l>
               <l xml:id="o4741-l11075">
                  <c> </c>
                  <w xmlns:ecep="http://www.eighteenthcenturypoetry.org/ns"
                     xml:id="o4741-324490"
                     n="192-a-0710"
                     ecep:lem="so"
                     ecep:pos="av"
                     ecep:reg="So"
                     ecep:spe="So"
                     ecep:syllab="1"
                     ecep:pron="səʊ">So</w>
                  <c> </c>
                  <w xmlns:ecep="http://www.eighteenthcenturypoetry.org/ns"
                     xml:id="o4741-324500"
                     n="192-a-0720"
                     ecep:lem="wise"
                     ecep:pos="j"
                     ecep:reg="wise"
                     ecep:spe="wise"
                     ecep:syllab="1"
                     ecep:pron="waɪz">wise</w>
                  <c> </c>
                  <w xmlns:ecep="http://www.eighteenthcenturypoetry.org/ns"
                     xml:id="o4741-324510"
                     n="192-a-0730"
                     ecep:lem="without"
                     ecep:pos="p-acp"
                     ecep:reg="without"
                     ecep:spe="without"
                     ecep:syllab="2"
                     ecep:pron="wɪˈðaʊt">without</w>
                  <c> </c>
                  <w xmlns:ecep="http://www.eighteenthcenturypoetry.org/ns"
                     xml:id="o4741-324520"
                     n="192-a-0740"
                     ecep:lem="pride"
                     ecep:pos="n1"
                     ecep:reg="Pride"
                     ecep:spe="Pride"
                     ecep:syllab="1"
                     ecep:pron="praɪd">Pride</w>
                  <pc xmlns:ecep="http://www.eighteenthcenturypoetry.org/ns"
                      xml:id="o4741-324530"
                      n="192-a-0750"
                      ecep:lem=","
                      ecep:pos=","
                      ecep:reg=","
                      ecep:spe=",">,</pc>
                  <c> </c>
                  <w xmlns:ecep="http://www.eighteenthcenturypoetry.org/ns"
                     xml:id="o4741-324540"
                     n="192-a-0760"
                     ecep:lem="and"
                     ecep:pos="cc"
                     ecep:reg="and"
                     ecep:spe="and"
                     ecep:syllab="1"
                     ecep:pron="ænd">and</w>
                  <c> </c>
                  <w xmlns:ecep="http://www.eighteenthcenturypoetry.org/ns"
                     xml:id="o4741-324550"
                     n="192-a-0770"
                     ecep:lem="so"
                     ecep:pos="av"
                     ecep:reg="so"
                     ecep:spe="so"
                     ecep:syllab="1"
                     ecep:pron="səʊ">so</w>
                  <c> </c>
                  <w xmlns:ecep="http://www.eighteenthcenturypoetry.org/ns"
                     xml:id="o4741-324560"
                     n="192-a-0780"
                     ecep:lem="modest"
                     ecep:pos="av-j"
                     ecep:reg="modestly"
                     ecep:spe="modestly"
                     ecep:syllab="3"
                     ecep:pron="ˈmɒdɪstli">modestly</w>
                  <c> </c>
                  <w xmlns:ecep="http://www.eighteenthcenturypoetry.org/ns"
                     xml:id="o4741-324570"
                     n="192-a-0790"
                     ecep:lem="neat"
                     ecep:pos="j"
                     ecep:reg="neat"
                     ecep:spe="neat"
                     ecep:syllab="1"
                     ecep:pron="niːt">neat</w>
                  <pc xmlns:ecep="http://www.eighteenthcenturypoetry.org/ns"
                      xml:id="o4741-324580"
                      n="192-a-0800"
                      ecep:lem=";"
                      ecep:pos=";"
                      ecep:reg=";"
                      ecep:spe=";">;</pc>
               </l>
               <l xml:id="o4741-l11080">
                  <c> </c>
                  <w xmlns:ecep="http://www.eighteenthcenturypoetry.org/ns"
                     xml:id="o4741-324590"
                     n="192-a-0810"
                     ecep:lem="it|be"
                     ecep:pos="pn31|vbz"
                     ecep:reg="It's"
                     ecep:spe="'Tis"
                     ecep:syllab="1"
                     ecep:pron="tɪz">'Tis</w>
                  <c> </c>
                  <w xmlns:ecep="http://www.eighteenthcenturypoetry.org/ns"
                     xml:id="o4741-324600"
                     n="192-a-0820"
                     ecep:lem="strange"
                     ecep:pos="j"
                     ecep:reg="strange"
                     ecep:spe="strange"
                     ecep:syllab="1"
                     ecep:pron="streɪndʒ">strange</w>
                  <pc xmlns:ecep="http://www.eighteenthcenturypoetry.org/ns"
                      xml:id="o4741-324610"
                      n="192-a-0830"
                      ecep:lem=","
                      ecep:pos=","
                      ecep:reg=","
                      ecep:spe=",">,</pc>
                  <c> </c>
                  <w xmlns:ecep="http://www.eighteenthcenturypoetry.org/ns"
                     xml:id="o4741-324620"
                     n="192-a-0840"
                     ecep:lem="this"
                     ecep:pos="d"
                     ecep:reg="this"
                     ecep:spe="this"
                     ecep:syllab="1"
                     ecep:pron="ðɪs">this</w>
                  <c> </c>
                  <w xmlns:ecep="http://www.eighteenthcenturypoetry.org/ns"
                     xml:id="o4741-324630"
                     n="192-a-0850"
                     ecep:lem="agreeable"
                     ecep:pos="j"
                     ecep:reg="agreeable"
                     ecep:spe="agreeable"
                     ecep:syllab="4"
                     ecep:pron="əˈgriːəbl">agreeable</w>
                  <c> </c>
                  <w xmlns:ecep="http://www.eighteenthcenturypoetry.org/ns"
                     xml:id="o4741-324640"
                     n="192-a-0860"
                     ecep:lem="creature|be"
                     ecep:pos="n1|vbz"
                     ecep:reg="Creature's"
                     ecep:spe="Creature's"
                     ecep:syllab="3"
                     ecep:pron="ˈkriːtʃəz">Creature's</w>
                  <c> </c>
                  <w xmlns:ecep="http://www.eighteenthcenturypoetry.org/ns"
                     xml:id="o4741-324650"
                     n="192-a-0870"
                     ecep:lem="a"
                     ecep:pos="dt"
                     ecep:reg="a"
                     ecep:spe="a"
                     ecep:syllab="1"
                     ecep:pron="ə">a</w>
                  <c> </c>
                  <w xmlns:ecep="http://www.eighteenthcenturypoetry.org/ns"
                     xml:id="o4741-324660"
                     n="192-a-0880"
                     ecep:lem="cheat"
                     ecep:pos="vvi"
                     ecep:reg="Cheat"
                     ecep:spe="Cheat"
                     ecep:syllab="1"
                     ecep:pron="tʃiːt">Cheat</w>
                  <pc xmlns:ecep="http://www.eighteenthcenturypoetry.org/ns"
                      xml:id="o4741-324670"
                      n="192-a-0890"
                      unit="sentence"
                      ecep:lem="!"
                      ecep:pos="!"
                      ecep:reg="!"
                      ecep:spe="!">!</pc>
                  <c> </c>
               </l>
               <l xml:id="o4741-l11085">
                  <w xmlns:ecep="http://www.eighteenthcenturypoetry.org/ns"
                     xml:id="o4741-324680"
                     n="192-a-0900"
                     ecep:lem="for"
                     ecep:pos="p-acp"
                     ecep:reg="For"
                     ecep:spe="For"
                     ecep:syllab="1"
                     ecep:pron="fɔː">For</w>
                  <pc xmlns:ecep="http://www.eighteenthcenturypoetry.org/ns"
                      xml:id="o4741-324690"
                      n="192-a-0910"
                      ecep:lem=","
                      ecep:pos=","
                      ecep:reg=","
                      ecep:spe=",">,</pc>
                  <c> </c>
                  <w xmlns:ecep="http://www.eighteenthcenturypoetry.org/ns"
                     xml:id="o4741-324700"
                     n="192-a-0920"
                     ecep:lem="though"
                     ecep:pos="c-acp"
                     ecep:reg="though"
                     ecep:spe="tho'"
                     ecep:syllab="1"
                     ecep:pron="ðəʊ">tho'</w>
                  <c> </c>
                  <w xmlns:ecep="http://www.eighteenthcenturypoetry.org/ns"
                     xml:id="o4741-324710"
                     n="192-a-0930"
                     ecep:lem="she"
                     ecep:pos="pns31"
                     ecep:reg="she"
                     ecep:spe="she"
                     ecep:syllab="1"
                     ecep:pron="ʃiː">she</w>
                  <c> </c>
                  <w xmlns:ecep="http://www.eighteenthcenturypoetry.org/ns"
                     xml:id="o4741-324720"
                     n="192-a-0940"
                     ecep:lem="to"
                     ecep:pos="p-acp"
                     ecep:reg="to"
                     ecep:spe="to"
                     ecep:syllab="1"
                     ecep:pron="tuː">to</w>
                  <c> </c>
                  <w xmlns:ecep="http://www.eighteenthcenturypoetry.org/ns"
                     xml:id="o4741-324730"
                     n="192-a-0950"
                     ecep:lem="man"
                     ecep:pos="n1"
                     ecep:reg="Man"
                     ecep:spe="Man"
                     ecep:syllab="1"
                     ecep:pron="mæn">Man</w>
                  <pc xmlns:ecep="http://www.eighteenthcenturypoetry.org/ns"
                      xml:id="o4741-324740"
                      n="192-a-0960"
                      ecep:lem=","
                      ecep:pos=","
                      ecep:reg=","
                      ecep:spe=",">,</pc>
                  <c> </c>
                  <w xmlns:ecep="http://www.eighteenthcenturypoetry.org/ns"
                     xml:id="o4741-324750"
                     n="192-a-0970"
                     ecep:lem="for"
                     ecep:pos="p-acp"
                     ecep:reg="for"
                     ecep:spe="for"
                     ecep:syllab="1"
                     ecep:pron="fɔː">for</w>
                  <c> </c>
                  <w xmlns:ecep="http://www.eighteenthcenturypoetry.org/ns"
                     xml:id="o4741-324760"
                     n="192-a-0980"
                     ecep:lem="a"
                     ecep:pos="dt"
                     ecep:reg="a"
                     ecep:spe="a"
                     ecep:syllab="1"
                     ecep:pron="ə">a</w>
                  <c> </c>
                  <w xmlns:ecep="http://www.eighteenthcenturypoetry.org/ns"
                     xml:id="o4741-324770"
                     n="192-a-0990"
                     ecep:lem="mortal"
                     ecep:pos="j-jn"
                     ecep:reg="Mortal"
                     ecep:spe="Mortal"
                     ecep:syllab="2"
                     ecep:pron="ˈmɔːtl">Mortal</w>
                  <pc xmlns:ecep="http://www.eighteenthcenturypoetry.org/ns"
                      xml:id="o4741-324780"
                      n="192-a-1000"
                      ecep:lem=","
                      ecep:pos=","
                      ecep:reg=","
                      ecep:spe=",">,</pc>
                  <c> </c>
                  <w xmlns:ecep="http://www.eighteenthcenturypoetry.org/ns"
                     xml:id="o4741-324790"
                     n="192-a-1010"
                     ecep:lem="be"
                     ecep:pos="vbds"
                     ecep:reg="was"
                     ecep:spe="was"
                     ecep:syllab="1"
                     ecep:pron="wɒz">was</w>
                  <c> </c>
                  <w xmlns:ecep="http://www.eighteenthcenturypoetry.org/ns"
                     xml:id="o4741-324800"
                     n="192-a-1020"
                     ecep:lem="give"
                     ecep:pos="vvn"
                     ecep:reg="given"
                     ecep:spe="giv'n"
                     ecep:syllab="1"
                     ecep:pron="gɪvn">giv'n</w>
                  <pc xmlns:ecep="http://www.eighteenthcenturypoetry.org/ns"
                      xml:id="o4741-324810"
                      n="192-a-1030"
                      ecep:lem=","
                      ecep:pos=","
                      ecep:reg=","
                      ecep:spe=",">,</pc>
               </l>
               <l xml:id="o4741-l11090">
                  <c> </c>
                  <w xmlns:ecep="http://www.eighteenthcenturypoetry.org/ns"
                     xml:id="o4741-324820"
                     n="192-a-1040"
                     ecep:lem="these"
                     ecep:pos="d"
                     ecep:reg="These"
                     ecep:spe="These"
                     ecep:syllab="1"
                     ecep:pron="ðiːz">These</w>
                  <c> </c>
                  <w xmlns:ecep="http://www.eighteenthcenturypoetry.org/ns"
                     xml:id="o4741-324830"
                     n="192-a-1050"
                     ecep:lem="virtue"
                     ecep:pos="n2"
                     ecep:reg="Virtues"
                     ecep:spe="Virtues"
                     ecep:syllab="2"
                     ecep:pron="ˈvɜːtʃuːz">Virtues</w>
                  <c> </c>
                  <w xmlns:ecep="http://www.eighteenthcenturypoetry.org/ns"
                     xml:id="o4741-324840"
                     n="192-a-1060"
                     ecep:lem="betray"
                     ecep:pos="vvi"
                     ecep:reg="betray"
                     ecep:spe="betray"
                     ecep:syllab="2"
                     ecep:pron="bɪˈtreɪ">betray</w>
                  <c> </c>
                  <w xmlns:ecep="http://www.eighteenthcenturypoetry.org/ns"
                     xml:id="o4741-324850"
                     n="192-a-1070"
                     ecep:lem="her"
                     ecep:pos="po31"
                     ecep:reg="her"
                     ecep:spe="her"
                     ecep:syllab="1"
                     ecep:pron="hɜː">her</w>
                  <c> </c>
                  <w xmlns:ecep="http://www.eighteenthcenturypoetry.org/ns"
                     xml:id="o4741-324860"
                     n="192-a-1080"
                     ecep:lem="extraction"
                     ecep:pos="n1"
                     ecep:reg="Extraction"
                     ecep:spe="Extraction"
                     ecep:syllab="3"
                     ecep:pron="ɪkˈstrækʃn">Extraction</w>
                  <c> </c>
                  <w xmlns:ecep="http://www.eighteenthcenturypoetry.org/ns"
                     xml:id="o4741-324870"
                     n="192-a-1090"
                     ecep:lem="from"
                     ecep:pos="p-acp"
                     ecep:reg="from"
                     ecep:spe="from"
                     ecep:syllab="1"
                     ecep:pron="frɒm">from</w>
                  <c> </c>
                  <w xmlns:ecep="http://www.eighteenthcenturypoetry.org/ns"
                     xml:id="o4741-324880"
                     n="192-a-1100"
                     ecep:lem="heaven"
                     ecep:pos="n1"
                     ecep:reg="Heaven"
                     ecep:spe="Heav'n"
                     ecep:syllab="1"
                     ecep:pron="ˈhevn">Heav'n</w>
                  <pc xmlns:ecep="http://www.eighteenthcenturypoetry.org/ns"
                      xml:id="o4741-324890"
                      n="192-a-1110"
                      unit="sentence"
                      ecep:lem="."
                      ecep:pos="."
                      ecep:reg="."
                      ecep:spe=".">.</pc>
                  <c> </c>
               </l>
            </lg>
         </div>
      </body>
   </text>
</TEI>
