<?xml version="1.0" encoding="UTF-8"?>
<div xmlns:ecep="http://www.eighteenthcenturypoetry.org/ns"
     xmlns="http://www.tei-c.org/ns/1.0"
     xmlns:tei="http://www.tei-c.org/ns/1.0"
     ana="#iamb #tetrameter #couplet #epigram"
     corresp="#txt_BarbMa1685_w0079"
     decls="#semi-normalized"
     ecep:syllab="8"
     met="-+|-+|-+|-+/"
     rendition="#lgvspace"
     rhyme="aa"
     subtype="eceptext"
     type="poem"
     xml:id="pba35-w0840">
   <link target="authors.xml#aut_BarbMa1685" type="author"/>
   <link target="11581" type="DMI"/>
   <head type="main">
      <w xml:id="pba35-199520"
         n="a-0010"
         ecep:lem="to"
         ecep:pos="p-acp"
         ecep:reg="To"
         ecep:spe="To"
         ecep:syllab="1"
         ecep:pron="tuː">To</w>
      <c> </c>
      <w xml:id="pba35-199530"
         n="a-0020"
         ecep:lem="dr."
         ecep:pos="n1"
         ecep:reg="Dr."
         ecep:spe="Dr."
         ecep:syllab="2"
         ecep:pron="dˈɒktə">Dr.</w>
      <c> </c>
      <w xml:id="pba35-199540"
         n="a-0030"
         ecep:lem="Mead"
         ecep:pos="np1"
         ecep:reg="Mead"
         ecep:spe="Mead"
         ecep:syllab="1"
         ecep:pron="miːd">Mead</w>
      <note place="bottom"
            n="[ed.]"
            resp="#AH"
            xml:id="app_BarbMa1685_w0079_n1">"Dr Mead (1673-1754), celebrated physician who attended Queen Anne in her last illness. Medical advisor
									to the famous including <persName ref="#aut_PopeAl1688">Pope</persName>." 
									(Tucker [1992], 220)
								</note>
      <pc xml:id="pba35-199550"
          n="a-0040"
          ecep:lem=","
          ecep:pos=","
          ecep:reg=","
          ecep:spe=",">,</pc>
      <c> </c>
      <w xml:id="pba35-199560"
         n="a-0050"
         ecep:lem="on"
         ecep:pos="p-acp"
         ecep:reg="on"
         ecep:spe="on"
         ecep:syllab="1"
         ecep:pron="ɒn">on</w>
      <c> </c>
      <w xml:id="pba35-199570"
         n="a-0060"
         ecep:lem="his"
         ecep:pos="po31"
         ecep:reg="his"
         ecep:spe="his"
         ecep:syllab="1"
         ecep:pron="hɪz">his</w>
      <c> </c>
      <w xml:id="pba35-199580"
         n="a-0070"
         ecep:lem="cape"
         ecep:pos="n1"
         ecep:reg="Cape"
         ecep:spe="Cape"
         ecep:syllab="1"
         ecep:pron="keɪp">Cape</w>
      <c> </c>
      <w xml:id="pba35-199590"
         n="a-0080"
         ecep:lem="wine"
         ecep:pos="n1"
         ecep:reg="Wine"
         ecep:spe="Wine"
         ecep:syllab="1"
         ecep:pron="waɪn">Wine</w>
      <pc xml:id="pba35-199600"
          n="a-0090"
          unit="sentence"
          ecep:lem="."
          ecep:pos="."
          ecep:reg="."
          ecep:spe=".">.</pc>
   </head>
   <lg xml:id="pba35-s01315">
      <l n="1" xml:id="pba35-l10190">
         <hi rendition="#sc">
            <w xml:id="pba35-199630"
               n="a-0100"
               ecep:lem="your"
               ecep:pos="po22"
               ecep:reg="Your"
               ecep:spe="Your"
               ecep:syllab="1"
               ecep:pron="jɔː">Your</w>
         </hi>
         <c> </c>
         <w xml:id="pba35-199640"
            n="a-0110"
            ecep:lem="wine"
            ecep:pos="n1"
            ecep:reg="Wine"
            ecep:spe="Wine"
            ecep:syllab="1"
            ecep:pron="waɪn">Wine</w>
         <pc xml:id="pba35-199650"
             n="a-0120"
             ecep:lem=","
             ecep:pos=","
             ecep:reg=","
             ecep:spe=",">,</pc>
         <c> </c>
         <w xml:id="pba35-199660"
            n="a-0130"
            ecep:lem="by"
            ecep:pos="p-acp"
            ecep:reg="by"
            ecep:spe="by"
            ecep:syllab="1"
            ecep:pron="baɪ">by</w>
         <c> </c>
         <hi>
            <w xml:id="pba35-199670"
               n="a-0140"
               ecep:lem="southern"
               ecep:pos="j"
               ecep:reg="Southern"
               ecep:spe="Southern"
               ecep:syllab="2"
               ecep:pron="ˈsʌðən">Southern</w>
         </hi>
         <c> </c>
         <w xml:id="pba35-199680"
            n="a-0150"
            ecep:lem="sun"
            ecep:pos="n2"
            ecep:reg="Suns"
            ecep:spe="Suns"
            ecep:syllab="1"
            ecep:pron="sʌnz">Suns</w>
         <c> </c>
         <w xml:id="pba35-199690"
            n="a-0160"
            ecep:lem="refine"
            ecep:pos="vvn"
            ecep:reg="refined"
            ecep:spe="refin'd"
            ecep:syllab="2"
            ecep:pron="rɪˈfaɪnd">refin'd</w>
         <pc xml:id="pba35-199700"
             n="a-0170"
             ecep:lem=","
             ecep:pos=","
             ecep:reg=","
             ecep:spe=",">,</pc>
      </l>
      <l n="2" xml:id="pba35-l10195">
         <c> </c>
         <w xml:id="pba35-199710"
            n="a-0180"
            ecep:lem="be"
            ecep:pos="vbz"
            ecep:reg="Is"
            ecep:spe="Is"
            ecep:syllab="1"
            ecep:pron="ɪz">Is</w>
         <c> </c>
         <w xml:id="pba35-199720"
            n="a-0190"
            ecep:lem="a"
            ecep:pos="dt"
            ecep:reg="a"
            ecep:spe="a"
            ecep:syllab="1"
            ecep:pron="ə">a</w>
         <c> </c>
         <w xml:id="pba35-199730"
            n="a-0200"
            ecep:lem="just"
            ecep:pos="j"
            ecep:reg="just"
            ecep:spe="just"
            ecep:syllab="1"
            ecep:pron="dʒʌst">just</w>
         <c> </c>
         <w xml:id="pba35-199740"
            n="a-0210"
            ecep:lem="emblem"
            ecep:pos="n1"
            ecep:reg="Emblem"
            ecep:spe="Emblem"
            ecep:syllab="2"
            ecep:pron="ˈembləm">Emblem</w>
         <c> </c>
         <w xml:id="pba35-199750"
            n="a-0220"
            ecep:lem="of"
            ecep:pos="pp-f"
            ecep:reg="of"
            ecep:spe="of"
            ecep:syllab="1"
            ecep:pron="ɒv">of</w>
         <c> </c>
         <w xml:id="pba35-199760"
            n="a-0230"
            ecep:lem="your"
            ecep:pos="po22"
            ecep:reg="your"
            ecep:spe="your"
            ecep:syllab="1"
            ecep:pron="jɔː">your</w>
         <c> </c>
         <w xml:id="pba35-199770"
            n="a-0240"
            ecep:lem="mind"
            ecep:pos="n1"
            ecep:reg="Mind"
            ecep:spe="Mind"
            ecep:syllab="1"
            ecep:pron="maɪnd">Mind</w>
         <pc xml:id="pba35-199780"
             n="a-0250"
             ecep:lem=":"
             ecep:pos=":"
             ecep:reg=":"
             ecep:spe=":">:</pc>
      </l>
      <l n="3" xml:id="pba35-l10200">
         <c> </c>
         <w xml:id="pba35-199790"
            n="a-0260"
            ecep:lem="like"
            ecep:pos="vvb"
            ecep:reg="Like"
            ecep:spe="Like"
            ecep:syllab="1"
            ecep:pron="laɪk">Like</w>
         <c> </c>
         <w xml:id="pba35-199800"
            n="a-0270"
            ecep:lem="you"
            ecep:pos="pn22"
            ecep:reg="You"
            ecep:spe="You"
            ecep:syllab="1"
            ecep:pron="juː">You</w>
         <pc xml:id="pba35-199810"
             n="a-0280"
             ecep:lem=","
             ecep:pos=","
             ecep:reg=","
             ecep:spe=",">,</pc>
         <c> </c>
         <w xml:id="pba35-199820"
            n="a-0290"
            ecep:lem="the"
            ecep:pos="dt"
            ecep:reg="the"
            ecep:spe="the"
            ecep:syllab="1"
            ecep:pron="ðiː">the</w>
         <c> </c>
         <w xml:id="pba35-199830"
            n="a-0300"
            ecep:lem="generous"
            ecep:pos="j"
            ecep:reg="generous"
            ecep:spe="gen'rous"
            ecep:syllab="2"
            ecep:pron="ˈdʒenrəs">gen'rous</w>
         <c> </c>
         <w xml:id="pba35-199840"
            n="a-0310"
            ecep:lem="juice"
            ecep:pos="n1"
            ecep:reg="Juice"
            ecep:spe="Juice"
            ecep:syllab="1"
            ecep:pron="dʒuːs">Juice</w>
         <c> </c>
         <w xml:id="pba35-199850"
            n="a-0320"
            ecep:lem="display"
            ecep:pos="vvz"
            ecep:reg="displays"
            ecep:spe="displays"
            ecep:syllab="2"
            ecep:pron="dɪˈspleɪz">displays</w>
      </l>
      <l n="4" xml:id="pba35-l10205">
         <c> </c>
         <w xml:id="pba35-199860"
            n="a-0330"
            ecep:lem="its"
            ecep:pos="po31"
            ecep:reg="Its"
            ecep:spe="Its"
            ecep:syllab="1"
            ecep:pron="ɪts">Its</w>
         <c> </c>
         <w xml:id="pba35-199870"
            n="a-0340"
            ecep:lem="influence"
            ecep:pos="n1"
            ecep:reg="Influence"
            ecep:spe="Influence"
            ecep:syllab="3"
            ecep:pron="ˈɪnfluəns">Influence</w>
         <c> </c>
         <w xml:id="pba35-199880"
            n="a-0350"
            ecep:lem="a"
            ecep:pos="dt"
            ecep:reg="a"
            ecep:spe="a"
            ecep:syllab="1"
            ecep:pron="ə">a</w>
         <c> </c>
         <w xml:id="pba35-199890"
            n="a-0360"
            ecep:lem="thousand"
            ecep:pos="crd"
            ecep:reg="thousand"
            ecep:spe="thousand"
            ecep:syllab="2"
            ecep:pron="ˈθaʊznd">thousand</w>
         <c> </c>
         <w xml:id="pba35-199900"
            n="a-0370"
            ecep:lem="way"
            ecep:pos="n2"
            ecep:reg="Ways"
            ecep:spe="Ways"
            ecep:syllab="1"
            ecep:pron="weɪz">Ways</w>
         <pc xml:id="pba35-199910"
             n="a-0380"
             ecep:lem=";"
             ecep:pos=";"
             ecep:reg=";"
             ecep:spe=";">;</pc>
      </l>
      <l n="5" xml:id="pba35-l10210">
         <c> </c>
         <w xml:id="pba35-199920"
            n="a-0390"
            ecep:lem="like"
            ecep:pos="vvb"
            ecep:reg="Like"
            ecep:spe="Like"
            ecep:syllab="1"
            ecep:pron="laɪk">Like</w>
         <c> </c>
         <w xml:id="pba35-199930"
            n="a-0400"
            ecep:lem="you"
            ecep:pos="pn22"
            ecep:reg="You"
            ecep:spe="You"
            ecep:syllab="1"
            ecep:pron="juː">You</w>
         <pc xml:id="pba35-199940"
             n="a-0410"
             ecep:lem=","
             ecep:pos=","
             ecep:reg=","
             ecep:spe=",">,</pc>
         <c> </c>
         <w xml:id="pba35-199950"
            n="a-0420"
            ecep:lem="it"
            ecep:pos="pn31"
            ecep:reg="it"
            ecep:spe="it"
            ecep:syllab="1"
            ecep:pron="ɪt">it</w>
         <c> </c>
         <w xml:id="pba35-199960"
            n="a-0430"
            ecep:lem="raise"
            ecep:pos="vvz"
            ecep:reg="raises"
            ecep:spe="raises"
            ecep:syllab="2"
            ecep:pron="reɪzɪz">raises</w>
         <c> </c>
         <w xml:id="pba35-199970"
            n="a-0440"
            ecep:lem="sink"
            ecep:pos="vvg"
            ecep:reg="sinking"
            ecep:spe="sinking"
            ecep:syllab="2"
            ecep:pron="sɪŋkɪŋ">sinking</w>
         <c> </c>
         <w xml:id="pba35-199980"
            n="a-0450"
            ecep:lem="heart"
            ecep:pos="n2"
            ecep:reg="Hearts"
            ecep:spe="Hearts"
            ecep:syllab="1"
            ecep:pron="hɑːts">Hearts</w>
         <pc xml:id="pba35-199990"
             n="a-0460"
             ecep:lem=","
             ecep:pos=","
             ecep:reg=","
             ecep:spe=",">,</pc>
      </l>
      <l n="6" xml:id="pba35-l10215">
         <c> </c>
         <w xml:id="pba35-200000"
            n="a-0470"
            ecep:lem="inspire"
            ecep:pos="vvg"
            ecep:reg="Inspiring"
            ecep:spe="Inspiring"
            ecep:syllab="3"
            ecep:pron="ɪnˈspæəɪŋ">Inspiring</w>
         <pc xml:id="pba35-200010"
             n="a-0480"
             ecep:lem=","
             ecep:pos=","
             ecep:reg=","
             ecep:spe=",">,</pc>
         <c> </c>
         <w xml:id="pba35-200020"
            n="a-0490"
            ecep:lem="and"
            ecep:pos="cc"
            ecep:reg="and"
            ecep:spe="and"
            ecep:syllab="1"
            ecep:pron="ænd">and</w>
         <c> </c>
         <w xml:id="pba35-200030"
            n="a-0500"
            ecep:lem="reward"
            ecep:pos="j-vvg"
            ecep:reg="rewarding"
            ecep:spe="rewarding"
            ecep:syllab="3"
            ecep:pron="rɪˈwɔːdɪŋ">rewarding</w>
         <c> </c>
         <w xml:id="pba35-200040"
            n="a-0510"
            ecep:lem="art"
            ecep:pos="n2"
            ecep:reg="Arts"
            ecep:spe="Arts"
            ecep:syllab="1"
            ecep:pron="ɑːts">Arts</w>
         <pc xml:id="pba35-200050"
             n="a-0520"
             ecep:lem=";"
             ecep:pos=";"
             ecep:reg=";"
             ecep:spe=";">;</pc>
      </l>
      <l n="7" xml:id="pba35-l10220">
         <c> </c>
         <w xml:id="pba35-200060"
            n="a-0530"
            ecep:lem="dispel"
            ecep:pos="vvz"
            ecep:reg="Dispels"
            ecep:spe="Dispels"
            ecep:syllab="2"
            ecep:pron="dɪˈspelz">Dispels</w>
         <c> </c>
         <w xml:id="pba35-200070"
            n="a-0540"
            ecep:lem="the"
            ecep:pos="dt"
            ecep:reg="the"
            ecep:spe="the"
            ecep:syllab="1"
            ecep:pron="ðiː">the</w>
         <c> </c>
         <w xml:id="pba35-200080"
            n="a-0550"
            ecep:lem="spleen"
            ecep:pos="n1"
            ecep:reg="Spleen"
            ecep:spe="Spleen"
            ecep:syllab="1"
            ecep:pron="spliːn">Spleen</w>
         <pc xml:id="pba35-200090"
             n="a-0560"
             ecep:lem=","
             ecep:pos=","
             ecep:reg=","
             ecep:spe=",">,</pc>
         <c> </c>
         <w xml:id="pba35-200100"
            n="a-0570"
            ecep:lem="and"
            ecep:pos="cc"
            ecep:reg="and"
            ecep:spe="and"
            ecep:syllab="1"
            ecep:pron="ænd">and</w>
         <c> </c>
         <w xml:id="pba35-200110"
            n="a-0580"
            ecep:lem="conquer"
            ecep:pos="vvz"
            ecep:reg="conquers"
            ecep:spe="conquers"
            ecep:syllab="2"
            ecep:pron="ˈkɒŋkəz">conquers</w>
         <c> </c>
         <w xml:id="pba35-200120"
            n="a-0590"
            ecep:lem="pain"
            ecep:pos="n1"
            ecep:reg="Pain"
            ecep:spe="Pain"
            ecep:syllab="1"
            ecep:pron="peɪn">Pain</w>
         <pc xml:id="pba35-200130"
             n="a-0600"
             ecep:lem=","
             ecep:pos=","
             ecep:reg=","
             ecep:spe=",">,</pc>
      </l>
      <l n="8" xml:id="pba35-l10225">
         <c> </c>
         <w xml:id="pba35-200140"
            n="a-0610"
            ecep:lem="call"
            ecep:pos="vvz"
            ecep:reg="Calls"
            ecep:spe="Calls"
            ecep:syllab="1"
            ecep:pron="kɔːlz">Calls</w>
         <c> </c>
         <w xml:id="pba35-200150"
            n="a-0620"
            ecep:lem="back"
            ecep:pos="av"
            ecep:reg="back"
            ecep:spe="back"
            ecep:syllab="1"
            ecep:pron="bæk">back</w>
         <c> </c>
         <w xml:id="pba35-200160"
            n="a-0630"
            ecep:lem="depart"
            ecep:pos="vvg"
            ecep:reg="departing"
            ecep:spe="departing"
            ecep:syllab="3"
            ecep:pron="dɪˈpɑːtɪŋ">departing</w>
         <c> </c>
         <w xml:id="pba35-200170"
            n="a-0640"
            ecep:lem="life"
            ecep:pos="n1"
            ecep:reg="Life"
            ecep:spe="Life"
            ecep:syllab="1"
            ecep:pron="laɪf">Life</w>
         <c> </c>
         <w xml:id="pba35-200180"
            n="a-0650"
            ecep:lem="again"
            ecep:pos="av"
            ecep:reg="again"
            ecep:spe="again"
            ecep:syllab="2"
            ecep:pron="əˈgen">again</w>
         <pc xml:id="pba35-200190"
             n="a-0660"
             unit="sentence"
             ecep:lem="."
             ecep:pos="."
             ecep:reg="."
             ecep:spe=".">.</pc>
         <c> </c>
      </l>
   </lg>
</div>
