<?xml version="1.0" encoding="utf-8"?>
<!DOCTYPE div
  SYSTEM "about:legacy-compat">
<div xmlns:tei="http://www.tei-c.org/ns/1.0"
     xmlns="http://www.tei-c.org/ns/1.0"
     xmlns:ecep="http://www.eighteenthcenturypoetry.org/ns"
     ana="#iamb #pentameter #sonnet"
     corresp="#txt_WartTh1728_w0003"
     ecep:syllab="10"
     met="-+|-+|-+|-+|-+/"
     rhyme="abbaabbacdcdcd"
     subtype="eceptext"
     type="sonnet"
     xml:id="o5155-w0410"
     decls="#semi-normalized">
   <link target="authors.xml#aut_WartTh1728" type="author"/>
   <link target="25787" type="DMI"/>
   <head type="main">
      <w xml:id="o5155-479080"
         n="224-a-0930"
         ecep:lem="on"
         ecep:pos="p-acp"
         ecep:reg="On"
         ecep:spe="On"
         ecep:syllab="1"
         ecep:pron="ɒn">On</w>
      <c> </c>
      <w xml:id="o5155-479090"
         n="224-a-0940"
         ecep:lem="bathe"
         ecep:pos="vvg"
         ecep:reg="BATHING"
         ecep:spe="BATHING"
         ecep:syllab="2"
         ecep:pron="ˈbeɪðɪŋ">BATHING</w>
      <pc xml:id="o5155-479100"
          n="224-a-0950"
          unit="sentence"
          ecep:lem="."
          ecep:pos="."
          ecep:reg="."
          ecep:spe=".">.</pc>
   </head>
   <head type="sub">
      <w xml:id="o5155-479130"
         n="224-a-0960"
         ecep:lem="a"
         ecep:pos="dt"
         ecep:reg="A"
         ecep:spe="A"
         ecep:syllab="1"
         ecep:pron="ə">A</w>
      <c> </c>
      <w xml:id="o5155-479140"
         n="224-a-0970"
         ecep:lem="sonnet"
         ecep:pos="n1"
         ecep:reg="SONNET"
         ecep:spe="SONNET"
         ecep:syllab="2"
         ecep:pron="ˈsɒnɪt">SONNET</w>
      <pc xml:id="o5155-479150"
          n="224-a-0980"
          unit="sentence"
          ecep:lem="."
          ecep:pos="."
          ecep:reg="."
          ecep:spe=".">.</pc>
   </head>
   <byline>
      <w xml:id="o5155-479180"
         n="224-a-0990"
         ecep:lem="by"
         ecep:pos="p-acp"
         ecep:reg="By"
         ecep:spe="By"
         ecep:syllab="1"
         ecep:pron="baɪ">By</w>
      <c> </c>
      <w xml:id="o5155-479190"
         n="224-a-1000"
         ecep:lem="the"
         ecep:pos="dt"
         ecep:reg="the"
         ecep:spe="the"
         ecep:syllab="1"
         ecep:pron="ðə">the</w>
      <c> </c>
      <w xml:id="o5155-479200"
         n="224-a-1010"
         ecep:lem="same"
         ecep:pos="d"
         ecep:reg="Same"
         ecep:spe="Same"
         ecep:syllab="1"
         ecep:pron="seɪm">Same</w>
      <pc xml:id="o5155-479210"
          n="224-a-1020"
          unit="sentence"
          ecep:lem="."
          ecep:pos="."
          ecep:reg="."
          ecep:spe=".">.</pc>
   </byline>
   <lg xml:id="o5155-s02575">
      <l xml:id="o5155-l24955">
         <w xml:id="o5155-479240"
            n="224-a-1030"
            ecep:lem="when"
            ecep:pos="c-crq"
            ecep:reg="WHEN"
            ecep:spe="WHEN"
            ecep:syllab="1"
            ecep:pron="wen">WHEN</w>
         <c> </c>
         <w xml:id="o5155-479250"
            n="224-a-1040"
            ecep:lem="late"
            ecep:pos="av-j"
            ecep:reg="late"
            ecep:spe="late"
            ecep:syllab="1"
            ecep:pron="leɪt">late</w>
         <c> </c>
         <w xml:id="o5155-479260"
            n="224-a-1050"
            ecep:lem="the"
            ecep:pos="dt"
            ecep:reg="the"
            ecep:spe="the"
            ecep:syllab="1"
            ecep:pron="ðə">the</w>
         <c> </c>
         <w xml:id="o5155-479270"
            n="224-a-1060"
            ecep:lem="tree"
            ecep:pos="n2"
            ecep:reg="trees"
            ecep:spe="trees"
            ecep:syllab="1"
            ecep:pron="triːz">trees</w>
         <c> </c>
         <w xml:id="o5155-479280"
            n="224-a-1070"
            ecep:lem="be"
            ecep:pos="vbdr"
            ecep:reg="were"
            ecep:spe="were"
            ecep:syllab="1"
            ecep:pron="wɜː">were</w>
         <c> </c>
         <w xml:id="o5155-479290"
            n="224-a-1080"
            ecep:lem="strip"
            ecep:pos="vvn"
            ecep:reg="stripped"
            ecep:spe="stript"
            ecep:syllab="1"
            ecep:pron="ˈstrɪpt">stript</w>
         <c> </c>
         <w xml:id="o5155-479300"
            n="224-a-1090"
            ecep:lem="by"
            ecep:pos="p-acp"
            ecep:reg="by"
            ecep:spe="by"
            ecep:syllab="1"
            ecep:pron="baɪ">by</w>
         <c> </c>
         <w xml:id="o5155-479310"
            n="224-a-1100"
            ecep:lem="winter"
            ecep:pos="n1"
            ecep:reg="Winter"
            ecep:spe="Winter"
            ecep:syllab="2"
            ecep:pron="ˈwɪntə">Winter</w>
         <c> </c>
         <w xml:id="o5155-479320"
            n="224-a-1110"
            ecep:lem="pale"
            ecep:pos="j"
            ecep:reg="pale"
            ecep:spe="pale"
            ecep:syllab="1"
            ecep:pron="peɪl">pale</w>
         <pc xml:id="o5155-479330"
             n="224-a-1120"
             ecep:lem=","
             ecep:pos=","
             ecep:reg=","
             ecep:spe=",">,</pc>
      </l>
      <l xml:id="o5155-l24960">
         <w xml:id="o5155-479340"
            n="224-a-1130"
            ecep:lem="fair"
            ecep:pos="j"
            ecep:reg="Fair"
            ecep:spe="Fair"
            ecep:syllab="1"
            ecep:pron="feə">Fair</w>
         <c> </c>
         <w xml:id="o5155-479350"
            n="224-a-1140"
            ecep:lem="health"
            ecep:pos="n1"
            ecep:reg="HEALTH"
            ecep:spe="HEALTH"
            ecep:syllab="1"
            ecep:pron="helθ">HEALTH</w>
         <pc xml:id="o5155-479360"
             n="224-a-1150"
             ecep:lem=","
             ecep:pos=","
             ecep:reg=","
             ecep:spe=",">,</pc>
         <c> </c>
         <w xml:id="o5155-479370"
            n="224-a-1160"
            ecep:lem="a"
            ecep:pos="dt"
            ecep:reg="a"
            ecep:spe="a"
            ecep:syllab="1"
            ecep:pron="ə">a</w>
         <c> </c>
         <w xml:id="o5155-479380"
            n="224-a-1170"
            ecep:lem="dryad-maid"
            ecep:pos="n1"
            ecep:reg="Dryad-maid"
            ecep:spe="Dryad-maid"
            ecep:syllab="2"
            ecep:pron="ˈdraɪədˌmeɪd">Dryad-maid</w>
         <c> </c>
         <w xml:id="o5155-479390"
            n="224-a-1180"
            ecep:lem="in"
            ecep:pos="p-acp"
            ecep:reg="in"
            ecep:spe="in"
            ecep:syllab="1"
            ecep:pron="ɪn">in</w>
         <c> </c>
         <w xml:id="o5155-479400"
            n="224-a-1190"
            ecep:lem="vesture"
            ecep:pos="n1"
            ecep:reg="vesture"
            ecep:spe="vesture"
            ecep:syllab="2"
            ecep:pron="ˈvestʃə">vesture</w>
         <c> </c>
         <w xml:id="o5155-479410"
            n="224-a-1200"
            ecep:lem="green"
            ecep:pos="j-jn"
            ecep:reg="green"
            ecep:spe="green"
            ecep:syllab="1"
            ecep:pron="griːn">green</w>
         <pc xml:id="o5155-479420"
             n="224-a-1210"
             ecep:lem=","
             ecep:pos=","
             ecep:reg=","
             ecep:spe=",">,</pc>
      </l>
      <l xml:id="o5155-l24965">
         <w xml:id="o5155-479430"
            n="224-a-1220"
            ecep:lem="rejoice"
            ecep:pos="vvd"
            ecep:reg="Rejoiced"
            ecep:spe="Rejoyc'd"
            ecep:syllab="2"
            ecep:pron="rɪdʒˈɔɪkd">Rejoyc'd</w>
         <c> </c>
         <w xml:id="o5155-479440"
            n="224-a-1230"
            ecep:lem="to"
            ecep:pos="pc-acp"
            ecep:reg="to"
            ecep:spe="to"
            ecep:syllab="1"
            ecep:pron="tuː">to</w>
         <c> </c>
         <w xml:id="o5155-479450"
            n="224-a-1240"
            ecep:lem="rove"
            ecep:pos="vvi"
            ecep:reg="rove"
            ecep:spe="rove"
            ecep:syllab="1"
            ecep:pron="rəʊv">rove</w>
         <c> </c>
         <w xml:id="o5155-479470"
            n="224-a-1260"
            ecep:lem="amid"
            ecep:pos="p-acp"
            ecep:reg="amid"
            ecep:spe="'mid"
            ecep:syllab="1"
            ecep:pron="mˈɪd">'mid</w>
         <c> </c>
         <w xml:id="o5155-479480"
            n="224-a-1270"
            ecep:lem="the"
            ecep:pos="dt"
            ecep:reg="the"
            ecep:spe="the"
            ecep:syllab="1"
            ecep:pron="ðə">the</w>
         <c> </c>
         <w xml:id="o5155-479490"
            n="224-a-1280"
            ecep:lem="bleak"
            ecep:pos="j"
            ecep:reg="bleak"
            ecep:spe="bleak"
            ecep:syllab="1"
            ecep:pron="bliːk">bleak</w>
         <c> </c>
         <w xml:id="o5155-479500"
            n="224-a-1290"
            ecep:lem="sylvan"
            ecep:pos="j"
            ecep:reg="sylvan"
            ecep:spe="sylvan"
            ecep:syllab="2"
            ecep:pron="ˈsɪlvən">sylvan</w>
         <c> </c>
         <w xml:id="o5155-479510"
            n="224-a-1300"
            ecep:lem="scene"
            ecep:pos="n1"
            ecep:reg="scene"
            ecep:spe="scene"
            ecep:syllab="1"
            ecep:pron="siːn">scene</w>
         <pc xml:id="o5155-479520"
             n="224-a-1310"
             ecep:lem=","
             ecep:pos=","
             ecep:reg=","
             ecep:spe=",">,</pc>
      </l>
      <l xml:id="o5155-l24970">
         <w xml:id="o5155-479530"
            n="224-a-1320"
            ecep:lem="on"
            ecep:pos="p-acp"
            ecep:reg="On"
            ecep:spe="On"
            ecep:syllab="1"
            ecep:pron="ɒn">On</w>
         <c> </c>
         <w xml:id="o5155-479540"
            n="224-a-1330"
            ecep:lem="airy"
            ecep:pos="j"
            ecep:reg="airy"
            ecep:spe="airy"
            ecep:syllab="2"
            ecep:pron="ˈeərɪ">airy</w>
         <c> </c>
         <w xml:id="o5155-479550"
            n="224-a-1340"
            ecep:lem="upland"
            ecep:pos="n2"
            ecep:reg="uplands"
            ecep:spe="uplands"
            ecep:syllab="2"
            ecep:pron="ˈʌpləndz">uplands</w>
         <c> </c>
         <w xml:id="o5155-479560"
            n="224-a-1350"
            ecep:lem="catch"
            ecep:pos="vvd"
            ecep:reg="caught"
            ecep:spe="caught"
            ecep:syllab="1"
            ecep:pron="kɔːt">caught</w>
         <c> </c>
         <w xml:id="o5155-479570"
            n="224-a-1360"
            ecep:lem="the"
            ecep:pos="dt"
            ecep:reg="the"
            ecep:spe="the"
            ecep:syllab="1"
            ecep:pron="ðə">the</w>
         <c> </c>
         <w xml:id="o5155-479580"
            n="224-a-1370"
            ecep:lem="fragrant"
            ecep:pos="j"
            ecep:reg="fragrant"
            ecep:spe="fragrant"
            ecep:syllab="2"
            ecep:pron="ˈfreɪgrənt">fragrant</w>
         <c> </c>
         <w xml:id="o5155-479590"
            n="224-a-1380"
            ecep:lem="gale"
            ecep:pos="n1"
            ecep:reg="gale"
            ecep:spe="gale"
            ecep:syllab="1"
            ecep:pron="geɪl">gale</w>
         <pc xml:id="o5155-479600"
             n="224-a-1390"
             ecep:lem=","
             ecep:pos=","
             ecep:reg=","
             ecep:spe=",">,</pc>
      </l>
      <l xml:id="o5155-l24975">
         <w xml:id="o5155-479610"
            n="224-a-1400"
            ecep:lem="and"
            ecep:pos="cc"
            ecep:reg="And"
            ecep:spe="And"
            ecep:syllab="1"
            ecep:pron="ænd">And</w>
         <c> </c>
         <w xml:id="o5155-479620"
            n="224-a-1410"
            ecep:lem="ere"
            ecep:pos="p-acp"
            ecep:reg="ere"
            ecep:spe="ere"
            ecep:syllab="1"
            ecep:pron="eə">ere</w>
         <c> </c>
         <w xml:id="o5155-479630"
            n="224-a-1420"
            ecep:lem="fresh"
            ecep:pos="j"
            ecep:reg="fresh"
            ecep:spe="fresh"
            ecep:syllab="1"
            ecep:pron="freʃ">fresh</w>
         <c> </c>
         <w xml:id="o5155-479640"
            n="224-a-1430"
            ecep:lem="morn"
            ecep:pos="n1"
            ecep:reg="morn"
            ecep:spe="morn"
            ecep:syllab="1"
            ecep:pron="mɔːn">morn</w>
         <c> </c>
         <w xml:id="o5155-479650"
            n="224-a-1440"
            ecep:lem="the"
            ecep:pos="dt"
            ecep:reg="the"
            ecep:spe="the"
            ecep:syllab="1"
            ecep:pron="ðə">the</w>
         <c> </c>
         <w xml:id="o5155-479660"
            n="224-a-1450"
            ecep:lem="low-couched"
            ecep:pos="j"
            ecep:reg="low-couched"
            ecep:spe="low-couch'd"
            ecep:syllab="2"
            ecep:pron="ləʊˌkaʊtʃt">low-couch'd</w>
         <c> </c>
         <w xml:id="o5155-479670"
            n="224-a-1460"
            ecep:lem="lark"
            ecep:pos="n1"
            ecep:reg="lark"
            ecep:spe="lark"
            ecep:syllab="1"
            ecep:pron="lɑːk">lark</w>
         <c> </c>
         <w xml:id="o5155-479680"
            n="224-a-1470"
            ecep:lem="do"
            ecep:pos="vdd"
            ecep:reg="did"
            ecep:spe="did"
            ecep:syllab="1"
            ecep:pron="dɪd">did</w>
         <c> </c>
         <w xml:id="o5155-479690"
            n="224-a-1480"
            ecep:lem="hail"
            ecep:pos="vvi"
            ecep:reg="hail"
            ecep:spe="hail"
            ecep:syllab="1"
            ecep:pron="heɪl">hail</w>
      </l>
      <l xml:id="o5155-l24980">
         <w xml:id="o5155-479700"
            n="224-a-1490"
            ecep:lem="watch"
            ecep:pos="vvg"
            ecep:reg="Watching"
            ecep:spe="Watching"
            ecep:syllab="2"
            ecep:pron="ˈwɒtʃɪŋ">Watching</w>
         <c> </c>
         <w xml:id="o5155-479710"
            n="224-a-1500"
            ecep:lem="the"
            ecep:pos="dt"
            ecep:reg="the"
            ecep:spe="the"
            ecep:syllab="1"
            ecep:pron="ðə">the</w>
         <c> </c>
         <w xml:id="o5155-479720"
            n="224-a-1510"
            ecep:lem="sound"
            ecep:pos="n1"
            ecep:reg="sound"
            ecep:spe="sound"
            ecep:syllab="1"
            ecep:pron="saʊnd">sound</w>
         <c> </c>
         <w xml:id="o5155-479730"
            n="224-a-1520"
            ecep:lem="of"
            ecep:pos="pp-f"
            ecep:reg="of"
            ecep:spe="of"
            ecep:syllab="1"
            ecep:pron="ɒv">of</w>
         <c> </c>
         <w xml:id="o5155-479740"
            n="224-a-1530"
            ecep:lem="early"
            ecep:pos="js"
            ecep:reg="earliest"
            ecep:spe="earliest"
            ecep:syllab="3"
            ecep:pron="ˈɜːlɪɪst">earliest</w>
         <c> </c>
         <w xml:id="o5155-479750"
            n="224-a-1540"
            ecep:lem="horn"
            ecep:pos="n1"
            ecep:reg="horn"
            ecep:spe="horn"
            ecep:syllab="1"
            ecep:pron="hɔːn">horn</w>
         <c> </c>
         <w xml:id="o5155-479760"
            n="224-a-1550"
            ecep:lem="be"
            ecep:pos="vbds"
            ecep:reg="was"
            ecep:spe="was"
            ecep:syllab="1"
            ecep:pron="wɒz">was</w>
         <c> </c>
         <w xml:id="o5155-479770"
            n="224-a-1560"
            ecep:lem="see"
            ecep:pos="vvn"
            ecep:reg="seen"
            ecep:spe="seen"
            ecep:syllab="1"
            ecep:pron="siːn">seen</w>
         <pc xml:id="o5155-479780"
             n="224-a-1570"
             unit="sentence"
             ecep:lem="."
             ecep:pos="."
             ecep:reg="."
             ecep:spe=".">.</pc>
      </l>
      <l xml:id="o5155-l24985">
         <w xml:id="o5155-479790"
            n="224-a-1580"
            ecep:lem="but"
            ecep:pos="p-acp"
            ecep:reg="But"
            ecep:spe="But"
            ecep:syllab="1"
            ecep:pron="bʌt">But</w>
         <c> </c>
         <w xml:id="o5155-479800"
            n="224-a-1590"
            ecep:lem="since"
            ecep:pos="a-acp"
            ecep:reg="since"
            ecep:spe="since"
            ecep:syllab="1"
            ecep:pron="sɪns">since</w>
         <c> </c>
         <w xml:id="o5155-479810"
            n="224-a-1600"
            ecep:lem="gay"
            ecep:pos="j"
            ecep:reg="gay"
            ecep:spe="gay"
            ecep:syllab="1"
            ecep:pron="geɪ">gay</w>
         <c> </c>
         <w xml:id="o5155-479820"
            n="224-a-1610"
            ecep:lem="summer"
            ecep:pos="n1"
            ecep:reg="Summer"
            ecep:spe="Summer"
            ecep:syllab="2"
            ecep:pron="ˈsʌmə">Summer</w>
         <pc xml:id="o5155-479830"
             n="224-a-1620"
             ecep:lem=","
             ecep:pos=","
             ecep:reg=","
             ecep:spe=",">,</pc>
         <c> </c>
         <w xml:id="o5155-479840"
            n="224-a-1630"
            ecep:lem="throne"
            ecep:pos="vvn"
            ecep:reg="throned"
            ecep:spe="thron'd"
            ecep:syllab="1"
            ecep:pron="θrəʊnd">thron'd</w>
         <c> </c>
         <w xml:id="o5155-479850"
            n="224-a-1640"
            ecep:lem="in"
            ecep:pos="p-acp"
            ecep:reg="in"
            ecep:spe="in"
            ecep:syllab="1"
            ecep:pron="ɪn">in</w>
         <c> </c>
         <w xml:id="o5155-479860"
            n="224-a-1650"
            ecep:lem="chariot"
            ecep:pos="n1"
            ecep:reg="chariot"
            ecep:spe="chariot"
            ecep:syllab="3"
            ecep:pron="ˈtʃærɪət">chariot</w>
         <c> </c>
         <w xml:id="o5155-479870"
            n="224-a-1660"
            ecep:lem="sheen"
            ecep:pos="n1"
            ecep:reg="sheen"
            ecep:spe="sheen"
            ecep:syllab="1"
            ecep:pron="ʃiːn">sheen</w>
         <pc xml:id="o5155-479880"
             n="224-a-1670"
             ecep:lem=","
             ecep:pos=","
             ecep:reg=","
             ecep:spe=",">,</pc>
      </l>
      <l xml:id="o5155-l24990">
         <w xml:id="o5155-479890"
            n="224-a-1680"
            ecep:lem="be"
            ecep:pos="vbz"
            ecep:reg="Is"
            ecep:spe="Is"
            ecep:syllab="1"
            ecep:pron="ɪz">Is</w>
         <c> </c>
         <w xml:id="o5155-479900"
            n="224-a-1690"
            ecep:lem="come"
            ecep:pos="vvn"
            ecep:reg="come"
            ecep:spe="come"
            ecep:syllab="1"
            ecep:pron="kʌm">come</w>
         <c> </c>
         <w xml:id="o5155-479910"
            n="224-a-1700"
            ecep:lem="to"
            ecep:pos="pc-acp"
            ecep:reg="to"
            ecep:spe="to"
            ecep:syllab="1"
            ecep:pron="tuː">to</w>
         <c> </c>
         <w xml:id="o5155-479920"
            n="224-a-1710"
            ecep:lem="scorch"
            ecep:pos="vvi"
            ecep:reg="scorch"
            ecep:spe="scorch"
            ecep:syllab="1"
            ecep:pron="skɔːtʃ">scorch</w>
         <c> </c>
         <w xml:id="o5155-479930"
            n="224-a-1720"
            ecep:lem="each"
            ecep:pos="d"
            ecep:reg="each"
            ecep:spe="each"
            ecep:syllab="1"
            ecep:pron="iːtʃ">each</w>
         <c> </c>
         <w xml:id="o5155-479940"
            n="224-a-1730"
            ecep:lem="primrose"
            ecep:pos="n1"
            ecep:reg="primrose"
            ecep:spe="primrose"
            ecep:syllab="2"
            ecep:pron="ˈprɪmˌrəʊz">primrose</w>
         <c> </c>
         <w xml:id="o5155-479950"
            n="224-a-1740"
            ecep:lem="sprinkle"
            ecep:pos="vvn"
            ecep:reg="sprinkled"
            ecep:spe="sprinkled"
            ecep:syllab="2"
            ecep:pron="ˈsprɪŋkld">sprinkled</w>
         <c> </c>
         <w xml:id="o5155-479960"
            n="224-a-1750"
            ecep:lem="dale"
            ecep:pos="n1"
            ecep:reg="dale"
            ecep:spe="dale"
            ecep:syllab="1"
            ecep:pron="deɪl">dale</w>
         <pc xml:id="o5155-479970"
             n="224-a-1760"
             ecep:lem=","
             ecep:pos=","
             ecep:reg=","
             ecep:spe=",">,</pc>
      </l>
      <pb facs="o5155/0228_R" n="223" rend="none"/>
      <l xml:id="o5155-l24995">
         <w xml:id="o5155-479980"
            n="225-a-0010"
            ecep:lem="she"
            ecep:pos="pns31"
            ecep:reg="She"
            ecep:spe="She"
            ecep:syllab="1"
            ecep:pron="ʃiː">She</w>
         <c> </c>
         <w xml:id="o5155-479990"
            n="225-a-0020"
            ecep:lem="choose"
            ecep:pos="vvz"
            ecep:reg="chooses"
            ecep:spe="chuses"
            ecep:syllab="2"
            ecep:pron="tʃˈuːsɪz">chuses</w>
         <c> </c>
         <w xml:id="o5155-480000"
            n="225-a-0030"
            ecep:lem="that"
            ecep:pos="d"
            ecep:reg="that"
            ecep:spe="that"
            ecep:syllab="1"
            ecep:pron="ðæt">that</w>
         <c> </c>
         <w xml:id="o5155-480010"
            n="225-a-0040"
            ecep:lem="delightful"
            ecep:pos="j"
            ecep:reg="delightful"
            ecep:spe="delightful"
            ecep:syllab="3"
            ecep:pron="dɪˈlaɪtfʊl">delightful</w>
         <c> </c>
         <w xml:id="o5155-480020"
            n="225-a-0050"
            ecep:lem="cave"
            ecep:pos="n1"
            ecep:reg="cave"
            ecep:spe="cave"
            ecep:syllab="1"
            ecep:pron="keɪv">cave</w>
         <c> </c>
         <w xml:id="o5155-480030"
            n="225-a-0060"
            ecep:lem="beneath"
            ecep:pos="p-acp"
            ecep:reg="beneath"
            ecep:spe="beneath"
            ecep:syllab="2"
            ecep:pron="bɪˈniːθ">beneath</w>
      </l>
      <l xml:id="o5155-l25000">
         <w xml:id="o5155-480040"
            n="225-a-0070"
            ecep:lem="the"
            ecep:pos="dt"
            ecep:reg="The"
            ecep:spe="The"
            ecep:syllab="1"
            ecep:pron="ðə">The</w>
         <c> </c>
         <w xml:id="o5155-480050"
            n="225-a-0080"
            ecep:lem="crystal"
            ecep:pos="n1"
            ecep:reg="crystal"
            ecep:spe="crystal"
            ecep:syllab="2"
            ecep:pron="ˈkrɪstl">crystal</w>
         <c> </c>
         <w xml:id="o5155-480060"
            n="225-a-0090"
            ecep:lem="treasure"
            ecep:pos="n2"
            ecep:reg="treasures"
            ecep:spe="treasures"
            ecep:syllab="2"
            ecep:pron="ˈtreʒəz">treasures</w>
         <c> </c>
         <w xml:id="o5155-480070"
            n="225-a-0100"
            ecep:lem="of"
            ecep:pos="pp-f"
            ecep:reg="of"
            ecep:spe="of"
            ecep:syllab="1"
            ecep:pron="ɒv">of</w>
         <c> </c>
         <w xml:id="o5155-480080"
            n="225-a-0110"
            ecep:lem="meek"
            ecep:pos="j"
            ecep:reg="meek"
            ecep:spe="meek"
            ecep:syllab="1"
            ecep:pron="miːk">meek</w>
         <c> </c>
         <w xml:id="o5155-480090"
            n="225-a-0120"
            ecep:lem="isis"
            ecep:pos="ng1"
            ecep:reg="Isis'"
            ecep:spe="Isis'"
            ecep:syllab="2"
            ecep:pron="ˈɪsiz">Isis'</w>
         <c> </c>
         <w xml:id="o5155-480110"
            n="225-a-0140"
            ecep:lem="stream"
            ecep:pos="n1"
            ecep:reg="stream"
            ecep:spe="stream"
            ecep:syllab="1"
            ecep:pron="striːm">stream</w>
         <pc xml:id="o5155-480120"
             n="225-a-0150"
             ecep:lem=";"
             ecep:pos=";"
             ecep:reg=";"
             ecep:spe=";">;</pc>
      </l>
      <l xml:id="o5155-l25005">
         <w xml:id="o5155-480130"
            n="225-a-0160"
            ecep:lem="and"
            ecep:pos="cc"
            ecep:reg="And"
            ecep:spe="And"
            ecep:syllab="1"
            ecep:pron="ænd">And</w>
         <c> </c>
         <w xml:id="o5155-480140"
            n="225-a-0170"
            ecep:lem="now"
            ecep:pos="av"
            ecep:reg="now"
            ecep:spe="now"
            ecep:syllab="1"
            ecep:pron="naʊ">now</w>
         <c> </c>
         <w xml:id="o5155-480150"
            n="225-a-0180"
            ecep:lem="all"
            ecep:pos="d"
            ecep:reg="all"
            ecep:spe="all"
            ecep:syllab="1"
            ecep:pron="ɔːl">all</w>
         <c> </c>
         <w xml:id="o5155-480160"
            n="225-a-0190"
            ecep:lem="glad"
            ecep:pos="j"
            ecep:reg="glad"
            ecep:spe="glad"
            ecep:syllab="1"
            ecep:pron="glæd">glad</w>
         <c> </c>
         <w xml:id="o5155-480170"
            n="225-a-0200"
            ecep:lem="the"
            ecep:pos="dt"
            ecep:reg="the"
            ecep:spe="the"
            ecep:syllab="1"
            ecep:pron="ðə">the</w>
         <c> </c>
         <w xml:id="o5155-480180"
            n="225-a-0210"
            ecep:lem="temperate"
            ecep:pos="j"
            ecep:reg="temperate"
            ecep:spe="temperate"
            ecep:syllab="2"
            ecep:pron="ˈtempərɪt">temperate</w>
         <c> </c>
         <w xml:id="o5155-480190"
            n="225-a-0220"
            ecep:lem="air"
            ecep:pos="n1"
            ecep:reg="air"
            ecep:spe="air"
            ecep:syllab="1"
            ecep:pron="eə">air</w>
         <c> </c>
         <w xml:id="o5155-480200"
            n="225-a-0230"
            ecep:lem="to"
            ecep:pos="pc-acp"
            ecep:reg="to"
            ecep:spe="to"
            ecep:syllab="1"
            ecep:pron="tuː">to</w>
         <c> </c>
         <w xml:id="o5155-480210"
            n="225-a-0240"
            ecep:lem="breathe"
            ecep:pos="vvi"
            ecep:reg="breathe"
            ecep:spe="breathe"
            ecep:syllab="1"
            ecep:pron="briːð">breathe</w>
         <pc xml:id="o5155-480220"
             n="225-a-0250"
             ecep:lem=","
             ecep:pos=","
             ecep:reg=","
             ecep:spe=",">,</pc>
      </l>
      <l xml:id="o5155-l25010">
         <w xml:id="o5155-480230"
            n="225-a-0260"
            ecep:lem="while"
            ecep:pos="cs"
            ecep:reg="While"
            ecep:spe="While"
            ecep:syllab="1"
            ecep:pron="waɪl">While</w>
         <c> </c>
         <w xml:id="o5155-480240"
            n="225-a-0270"
            ecep:lem="cool"
            ecep:pos="j-vvg"
            ecep:reg="cooling"
            ecep:spe="cooling"
            ecep:syllab="2"
            ecep:pron="ˈkuːlɪŋ">cooling</w>
         <c> </c>
         <w xml:id="o5155-480250"
            n="225-a-0280"
            ecep:lem="drop"
            ecep:pos="n2"
            ecep:reg="drops"
            ecep:spe="drops"
            ecep:syllab="1"
            ecep:pron="drɒps">drops</w>
         <c> </c>
         <w xml:id="o5155-480260"
            n="225-a-0290"
            ecep:lem="distil"
            ecep:pos="vvb"
            ecep:reg="distil"
            ecep:spe="distil"
            ecep:syllab="2"
            ecep:pron="dɪsˈtɪl">distil</w>
         <c> </c>
         <w xml:id="o5155-480270"
            n="225-a-0300"
            ecep:lem="from"
            ecep:pos="p-acp"
            ecep:reg="from"
            ecep:spe="from"
            ecep:syllab="1"
            ecep:pron="frɒm">from</w>
         <c> </c>
         <w xml:id="o5155-480280"
            n="225-a-0310"
            ecep:lem="arch"
            ecep:pos="n2"
            ecep:reg="arches"
            ecep:spe="arches"
            ecep:syllab="2"
            ecep:pron="ˈɑːtʃɪz">arches</w>
         <c> </c>
         <w xml:id="o5155-480290"
            n="225-a-0320"
            ecep:lem="dim"
            ecep:pos="j"
            ecep:reg="dim"
            ecep:spe="dim"
            ecep:syllab="1"
            ecep:pron="dɪm">dim</w>
         <pc xml:id="o5155-480300"
             n="225-a-0330"
             ecep:lem=","
             ecep:pos=","
             ecep:reg=","
             ecep:spe=",">,</pc>
      </l>
      <l xml:id="o5155-l25015">
         <w xml:id="o5155-480310"
            n="225-a-0340"
            ecep:lem="bind"
            ecep:pos="vvg"
            ecep:reg="Binding"
            ecep:spe="Binding"
            ecep:syllab="2"
            ecep:pron="ˈbaɪndɪŋ">Binding</w>
         <c> </c>
         <w xml:id="o5155-480320"
            n="225-a-0350"
            ecep:lem="her"
            ecep:pos="po31"
            ecep:reg="her"
            ecep:spe="her"
            ecep:syllab="1"
            ecep:pron="hɜː">her</w>
         <c> </c>
         <w xml:id="o5155-480330"
            n="225-a-0360"
            ecep:lem="dewy"
            ecep:pos="j"
            ecep:reg="dewy"
            ecep:spe="dewy"
            ecep:syllab="2"
            ecep:pron="ˈdjuːɪ">dewy</w>
         <c> </c>
         <w xml:id="o5155-480340"
            n="225-a-0370"
            ecep:lem="lock"
            ecep:pos="n2"
            ecep:reg="locks"
            ecep:spe="locks"
            ecep:syllab="1"
            ecep:pron="lɒks">locks</w>
         <c> </c>
         <w xml:id="o5155-480350"
            n="225-a-0380"
            ecep:lem="with"
            ecep:pos="p-acp"
            ecep:reg="with"
            ecep:spe="with"
            ecep:syllab="1"
            ecep:pron="wɪð">with</w>
         <c> </c>
         <w xml:id="o5155-480360"
            n="225-a-0390"
            ecep:lem="sedgy"
            ecep:pos="j"
            ecep:reg="sedgy"
            ecep:spe="sedgy"
            ecep:syllab="2"
            ecep:pron="ˈsedʒɪ">sedgy</w>
         <c> </c>
         <w xml:id="o5155-480370"
            n="225-a-0400"
            ecep:lem="wreath"
            ecep:pos="n1"
            ecep:reg="wreathe"
            ecep:spe="wreath"
            ecep:syllab="1"
            ecep:pron="riːθ">wreath</w>
      </l>
      <l xml:id="o5155-l25020">
         <w xml:id="o5155-480380"
            n="225-a-0410"
            ecep:lem="she"
            ecep:pos="pns31"
            ecep:reg="She"
            ecep:spe="She"
            ecep:syllab="1"
            ecep:pron="ʃiː">She</w>
         <c> </c>
         <w xml:id="o5155-480390"
            n="225-a-0420"
            ecep:lem="sit"
            ecep:pos="vvz"
            ecep:reg="sits"
            ecep:spe="sits"
            ecep:syllab="1"
            ecep:pron="sɪts">sits</w>
         <c> </c>
         <w xml:id="o5155-480400"
            n="225-a-0430"
            ecep:lem="amid"
            ecep:pos="p-acp"
            ecep:reg="amid"
            ecep:spe="amid"
            ecep:syllab="2"
            ecep:pron="əˈmɪd">amid</w>
         <c> </c>
         <w xml:id="o5155-480410"
            n="225-a-0440"
            ecep:lem="the"
            ecep:pos="dt"
            ecep:reg="the"
            ecep:spe="the"
            ecep:syllab="1"
            ecep:pron="ðə">the</w>
         <c> </c>
         <w xml:id="o5155-480420"
            n="225-a-0450"
            ecep:lem="choir"
            ecep:pos="n1"
            ecep:reg="quire"
            ecep:spe="quire"
            ecep:syllab="1"
            ecep:pron="kwaɪə">quire</w>
         <c> </c>
         <w xml:id="o5155-480430"
            n="225-a-0460"
            ecep:lem="of"
            ecep:pos="pp-f"
            ecep:reg="of"
            ecep:spe="of"
            ecep:syllab="1"
            ecep:pron="ɒv">of</w>
         <c> </c>
         <w xml:id="o5155-480440"
            n="225-a-0470"
            ecep:lem="naiad"
            ecep:pos="n2"
            ecep:reg="Naiads"
            ecep:spe="Naiads"
            ecep:syllab="3"
            ecep:pron="ˈnaɪædz">Naiads</w>
         <c> </c>
         <w xml:id="o5155-480450"
            n="225-a-0480"
            ecep:lem="trim"
            ecep:pos="j"
            ecep:reg="trim"
            ecep:spe="trim"
            ecep:syllab="1"
            ecep:pron="trɪm">trim</w>
         <pc xml:id="o5155-480460"
             n="225-a-0490"
             unit="sentence"
             ecep:lem="."
             ecep:pos="."
             ecep:reg="."
             ecep:spe=".">.</pc>
      </l>
   </lg>
</div>
