<?xml version="1.0" encoding="utf-8"?>
<!DOCTYPE div
  SYSTEM "about:legacy-compat">
<div xmlns:ecep="http://www.eighteenthcenturypoetry.org/ns"
     xmlns="http://www.tei-c.org/ns/1.0"
     xmlns:tei="http://www.tei-c.org/ns/1.0"
     ana="#iamb #tetrameter #ballad #quatrain #cross #address"
     corresp="#txt_OpieAm1769_w0018"
     decls="#semi-normalized"
     ecep:syllab="8.8.8.8"
     met="-+|-+|-+|-+/ -+|-+|-+|-+/ -+|-+|-+|-+/ -+|-+|-+|-+/"
     rendition="#lgvspace"
     rhyme="abab"
     subtype="eceptext"
     type="poem"
     xml:id="bao18-w0180">
   <link target="authors.xml#aut_OpieAm1769" type="author"/>
   <head type="main">
      <w xml:id="bao18-102190"
         n="a-0010"
         ecep:lem="to"
         ecep:pos="p-acp"
         ecep:reg="TO"
         ecep:spe="TO"
         ecep:syllab="1"
         ecep:pron="tuː">TO</w>
      <c> </c>
      <w xml:id="bao18-102200"
         n="a-0020"
         ecep:lem="HENRY"
         ecep:pos="np1"
         ecep:reg="HENRY"
         ecep:spe="HENRY"
         ecep:syllab="2"
         ecep:pron="ˈhenri">HENRY</w>
      <pc xml:id="bao18-102210"
          n="a-0030"
          unit="sentence"
          ecep:lem="."
          ecep:pos="."
          ecep:reg="."
          ecep:spe=".">.</pc>
   </head>
   <lg xml:id="bao18-s01165">
      <l xml:id="bao18-l05045">
         <hi rendition="#sc">
            <w xml:id="bao18-102240"
               n="a-0040"
               ecep:lem="think"
               ecep:pos="vvb"
               ecep:reg="THINK"
               ecep:spe="THINK"
               ecep:syllab="1"
               ecep:pron="θɪŋk">THINK</w>
         </hi>
         <c> </c>
         <w xml:id="bao18-102250"
            n="a-0050"
            ecep:lem="not"
            ecep:pos="xx"
            ecep:reg="not"
            ecep:spe="not"
            ecep:syllab="1"
            ecep:pron="ˈdɪdnt">not</w>
         <pc xml:id="bao18-102260"
             n="a-0060"
             ecep:lem=","
             ecep:pos=","
             ecep:reg=","
             ecep:spe=",">,</pc>
         <c> </c>
         <w xml:id="bao18-102270"
            n="a-0070"
            ecep:lem="while"
            ecep:pos="cs"
            ecep:reg="while"
            ecep:spe="while"
            ecep:syllab="1"
            ecep:pron="waɪl">while</w>
         <c> </c>
         <w xml:id="bao18-102280"
            n="a-0080"
            ecep:lem="fair"
            ecep:pos="jc"
            ecep:reg="fairer"
            ecep:spe="fairer"
            ecep:syllab="2"
            ecep:pron="ˈfeərə">fairer</w>
         <c> </c>
         <w xml:id="bao18-102290"
            n="a-0090"
            ecep:lem="nymph"
            ecep:pos="n2"
            ecep:reg="nymphs"
            ecep:spe="nymphs"
            ecep:syllab="1"
            ecep:pron="nɪmfs">nymphs</w>
         <c> </c>
         <w xml:id="bao18-102300"
            n="a-0100"
            ecep:lem="invite"
            ecep:pos="vvb"
            ecep:reg="invite"
            ecep:spe="invite"
            ecep:syllab="2"
            ecep:pron="ˈɪnvaɪt">invite</w>
      </l>
      <l xml:id="bao18-l05050">
         <c> </c>
         <w xml:id="bao18-102310"
            n="a-0110"
            ecep:lem="thy"
            ecep:pos="po21"
            ecep:reg="Thy"
            ecep:spe="Thy"
            ecep:syllab="1"
            ecep:pron="ðaɪ">Thy</w>
         <c> </c>
         <w xml:id="bao18-102320"
            n="a-0120"
            ecep:lem="foot"
            ecep:pos="n2"
            ecep:reg="feet"
            ecep:spe="feet"
            ecep:syllab="1"
            ecep:pron="fiːt">feet</w>
         <pc xml:id="bao18-102330"
             n="a-0130"
             ecep:lem=","
             ecep:pos=","
             ecep:reg=","
             ecep:spe=",">,</pc>
         <c> </c>
         <w xml:id="bao18-102340"
            n="a-0140"
            ecep:lem="dear"
            ecep:pos="j-jn"
            ecep:reg="dear"
            ecep:spe="dear"
            ecep:syllab="1"
            ecep:pron="dɪə">dear</w>
         <c> </c>
         <w xml:id="bao18-102350"
            n="a-0150"
            ecep:lem="youth"
            ecep:pos="n1"
            ecep:reg="youth"
            ecep:spe="youth"
            ecep:syllab="1"
            ecep:pron="juːθ">youth</w>
         <pc xml:id="bao18-102360"
             n="a-0160"
             ecep:lem=","
             ecep:pos=","
             ecep:reg=","
             ecep:spe=",">,</pc>
         <c> </c>
         <w xml:id="bao18-102370"
            n="a-0170"
            ecep:lem="to"
            ecep:pos="p-acp"
            ecep:reg="to"
            ecep:spe="to"
            ecep:syllab="1"
            ecep:pron="tuː">to</w>
         <c> </c>
         <w xml:id="bao18-102380"
            n="a-0180"
            ecep:lem="pleasure"
            ecep:pos="ng1"
            ecep:reg="Pleasure's"
            ecep:spe="Pleasure's"
            ecep:syllab="2"
            ecep:pron="ˈpleʒəz">Pleasure's</w>
         <c> </c>
         <w xml:id="bao18-102390"
            n="a-0190"
            ecep:lem="bower"
            ecep:pos="n2"
            ecep:reg="bowers"
            ecep:spe="bowers"
            ecep:syllab="2"
            ecep:pron="ˈbaʊəz">bowers</w>
         <pc xml:id="bao18-102400"
             n="a-0200"
             ecep:lem=","
             ecep:pos=","
             ecep:reg=","
             ecep:spe=",">,</pc>
      </l>
      <l xml:id="bao18-l05055">
         <c> </c>
         <w xml:id="bao18-102410"
            n="a-0210"
            ecep:lem="my"
            ecep:pos="po11"
            ecep:reg="My"
            ecep:spe="My"
            ecep:syllab="1"
            ecep:pron="maɪ">My</w>
         <c> </c>
         <w xml:id="bao18-102420"
            n="a-0220"
            ecep:lem="fade"
            ecep:pos="j-vvn"
            ecep:reg="faded"
            ecep:spe="faded"
            ecep:syllab="2"
            ecep:pron="ˈfeɪdɪd">faded</w>
         <c> </c>
         <w xml:id="bao18-102430"
            n="a-0230"
            ecep:lem="form"
            ecep:pos="n1"
            ecep:reg="form"
            ecep:spe="form"
            ecep:syllab="1"
            ecep:pron="fɔːm">form</w>
         <c> </c>
         <w xml:id="bao18-102440"
            n="a-0240"
            ecep:lem="shall"
            ecep:pos="vmb"
            ecep:reg="shall"
            ecep:spe="shall"
            ecep:syllab="1"
            ecep:pron="ʃæl">shall</w>
         <c> </c>
         <w xml:id="bao18-102450"
            n="a-0250"
            ecep:lem="meet"
            ecep:pos="vvi"
            ecep:reg="meet"
            ecep:spe="meet"
            ecep:syllab="1"
            ecep:pron="miːt">meet</w>
         <c> </c>
         <w xml:id="bao18-102460"
            n="a-0260"
            ecep:lem="thy"
            ecep:pos="po21"
            ecep:reg="thy"
            ecep:spe="thy"
            ecep:syllab="1"
            ecep:pron="ðaɪ">thy</w>
         <c> </c>
         <w xml:id="bao18-102470"
            n="a-0270"
            ecep:lem="sight"
            ecep:pos="n1"
            ecep:reg="sight"
            ecep:spe="sight"
            ecep:syllab="1"
            ecep:pron="saɪt">sight</w>
         <pc xml:id="bao18-102480"
             n="a-0280"
             ecep:lem=","
             ecep:pos=","
             ecep:reg=","
             ecep:spe=",">,</pc>
      </l>
      <l xml:id="bao18-l05060">
         <c> </c>
         <w xml:id="bao18-102490"
            n="a-0290"
            ecep:lem="and"
            ecep:pos="cc"
            ecep:reg="And"
            ecep:spe="And"
            ecep:syllab="1"
            ecep:pron="ænd">And</w>
         <c> </c>
         <w xml:id="bao18-102500"
            n="a-0300"
            ecep:lem="cloud"
            ecep:pos="vvb"
            ecep:reg="cloud"
            ecep:spe="cloud"
            ecep:syllab="1"
            ecep:pron="klaʊd">cloud</w>
         <c> </c>
         <w xml:id="bao18-102510"
            n="a-0310"
            ecep:lem="my"
            ecep:pos="po11"
            ecep:reg="my"
            ecep:spe="my"
            ecep:syllab="1"
            ecep:pron="maɪ">my</w>
         <c> </c>
         <w xml:id="bao18-102520"
            n="a-0320"
            ecep:lem="Henry"
            ecep:pos="npg1"
            ecep:reg="Henry's"
            ecep:spe="Henry's"
            ecep:syllab="2"
            ecep:pron="ˈhenriz">Henry's</w>
         <c> </c>
         <w xml:id="bao18-102530"
            n="a-0330"
            ecep:lem="smile"
            ecep:pos="j-vvg"
            ecep:reg="smiling"
            ecep:spe="smiling"
            ecep:syllab="2"
            ecep:pron="ˈsmaɪlɪŋ">smiling</w>
         <c> </c>
         <w xml:id="bao18-102540"
            n="a-0340"
            ecep:lem="hour"
            ecep:pos="n2"
            ecep:reg="hours"
            ecep:spe="hours"
            ecep:syllab="1"
            ecep:pron="ˈaʊəz">hours</w>
         <pc xml:id="bao18-102550"
             n="a-0350"
             unit="sentence"
             ecep:lem="."
             ecep:pos="."
             ecep:reg="."
             ecep:spe=".">.</pc>
         <c> </c>
      </l>
   </lg>
   <lg xml:id="bao18-s01170">
      <l xml:id="bao18-l05065">
         <w xml:id="bao18-102580"
            n="a-0360"
            ecep:lem="thou"
            ecep:pos="pns21"
            ecep:reg="Thou"
            ecep:spe="Thou"
            ecep:syllab="1"
            ecep:pron="θaʊ">Thou</w>
         <c> </c>
         <w xml:id="bao18-102590"
            n="a-0370"
            ecep:lem="be"
            ecep:pos="vb2r"
            ecep:reg="art"
            ecep:spe="art"
            ecep:syllab="1"
            ecep:pron="ɑːt">art</w>
         <c> </c>
         <w xml:id="bao18-102600"
            n="a-0380"
            ecep:lem="the"
            ecep:pos="dt"
            ecep:reg="the"
            ecep:spe="the"
            ecep:syllab="1"
            ecep:pron="ðiː">the</w>
         <c> </c>
         <w xml:id="bao18-102610"
            n="a-0390"
            ecep:lem="world"
            ecep:pos="ng1"
            ecep:reg="world's"
            ecep:spe="world's"
            ecep:syllab="1"
            ecep:pron="ˈwɜːldz">world's</w>
         <c> </c>
         <w xml:id="bao18-102620"
            n="a-0400"
            ecep:lem="delight"
            ecep:pos="j-vvn"
            ecep:reg="delighted"
            ecep:spe="delighted"
            ecep:syllab="3"
            ecep:pron="diˈlaɪtɪd">delighted</w>
         <c> </c>
         <w xml:id="bao18-102630"
            n="a-0410"
            ecep:lem="guest"
            ecep:pos="n1"
            ecep:reg="guest"
            ecep:spe="guest"
            ecep:syllab="1"
            ecep:pron="gest">guest</w>
         <pc xml:id="bao18-102640"
             n="a-0420"
             ecep:lem=","
             ecep:pos=","
             ecep:reg=","
             ecep:spe=",">,</pc>
      </l>
      <l xml:id="bao18-l05070">
         <c> </c>
         <w xml:id="bao18-102650"
            n="a-0430"
            ecep:lem="and"
            ecep:pos="cc"
            ecep:reg="And"
            ecep:spe="And"
            ecep:syllab="1"
            ecep:pron="ænd">And</w>
         <c> </c>
         <w xml:id="bao18-102660"
            n="a-0440"
            ecep:lem="all"
            ecep:pos="d"
            ecep:reg="all"
            ecep:spe="all"
            ecep:syllab="1"
            ecep:pron="ɔːl">all</w>
         <c> </c>
         <w xml:id="bao18-102670"
            n="a-0450"
            ecep:lem="that"
            ecep:pos="cst"
            ecep:reg="that"
            ecep:spe="that"
            ecep:syllab="1"
            ecep:pron="ðæt">that</w>
         <c> </c>
         <w xml:id="bao18-102680"
            n="a-0460"
            ecep:lem="pride"
            ecep:pos="n1"
            ecep:reg="pride"
            ecep:spe="pride"
            ecep:syllab="1"
            ecep:pron="praɪd">pride</w>
         <c> </c>
         <w xml:id="bao18-102690"
            n="a-0470"
            ecep:lem="desire"
            ecep:pos="vvz"
            ecep:reg="desires"
            ecep:spe="desires"
            ecep:syllab="2"
            ecep:pron="diˈzaɪəz">desires</w>
         <c> </c>
         <w xml:id="bao18-102700"
            n="a-0480"
            ecep:lem="be"
            ecep:pos="vbz"
            ecep:reg="is"
            ecep:spe="is"
            ecep:syllab="1"
            ecep:pron="ɪz">is</w>
         <c> </c>
         <w xml:id="bao18-102710"
            n="a-0490"
            ecep:lem="thy"
            ecep:pos="po21"
            ecep:reg="thine"
            ecep:spe="thine"
            ecep:syllab="1"
            ecep:pron="ðaɪn">thine</w>
         <pc xml:id="bao18-102720"
             n="a-0500"
             ecep:lem=";"
             ecep:pos=";"
             ecep:reg=";"
             ecep:spe=";">;</pc>
      </l>
      <l xml:id="bao18-l05075">
         <c> </c>
         <w xml:id="bao18-102730"
            n="a-0510"
            ecep:lem="then"
            ecep:pos="av"
            ecep:reg="Then"
            ecep:spe="Then"
            ecep:syllab="1"
            ecep:pron="ðen">Then</w>
         <c> </c>
         <w xml:id="bao18-102740"
            n="a-0520"
            ecep:lem="i|will"
            ecep:pos="pns11|vmb"
            ecep:reg="I'll"
            ecep:spe="I'll"
            ecep:syllab="1"
            ecep:pron="ˈaɪl">I'll</w>
         <c> </c>
         <w xml:id="bao18-102750"
            n="a-0530"
            ecep:lem="not"
            ecep:pos="xx"
            ecep:reg="not"
            ecep:spe="not"
            ecep:syllab="1"
            ecep:pron="ˈdɪdnt">not</w>
         <c> </c>
         <w xml:id="bao18-102760"
            n="a-0540"
            ecep:lem="wound"
            ecep:pos="vvi"
            ecep:reg="wound"
            ecep:spe="wound"
            ecep:syllab="1"
            ecep:pron="waʊnd">wound</w>
         <c> </c>
         <w xml:id="bao18-102770"
            n="a-0550"
            ecep:lem="thy"
            ecep:pos="po21"
            ecep:reg="thy"
            ecep:spe="thy"
            ecep:syllab="1"
            ecep:pron="ðaɪ">thy</w>
         <c> </c>
         <w xml:id="bao18-102780"
            n="a-0560"
            ecep:lem="generous"
            ecep:pos="j"
            ecep:reg="generous"
            ecep:spe="generous"
            ecep:syllab="2"
            ecep:pron="ˈdʒenrəs">generous</w>
         <c> </c>
         <w xml:id="bao18-102790"
            n="a-0570"
            ecep:lem="breast"
            ecep:pos="n1"
            ecep:reg="breast"
            ecep:spe="breast"
            ecep:syllab="1"
            ecep:pron="brest">breast</w>
         <pc xml:id="bao18-102800"
             n="a-0580"
             ecep:lem=","
             ecep:pos=","
             ecep:reg=","
             ecep:spe=",">,</pc>
      </l>
      <l xml:id="bao18-l05080">
         <c> </c>
         <w xml:id="bao18-102810"
            n="a-0590"
            ecep:lem="by"
            ecep:pos="p-acp"
            ecep:reg="By"
            ecep:spe="By"
            ecep:syllab="1"
            ecep:pron="baɪ">By</w>
         <c> </c>
         <w xml:id="bao18-102820"
            n="a-0600"
            ecep:lem="number"
            ecep:pos="vvg"
            ecep:reg="numbering"
            ecep:spe="numbering"
            ecep:syllab="3"
            ecep:pron="ˈnʌmbərɪŋ">numbering</w>
         <c> </c>
         <w xml:id="bao18-102830"
            n="a-0610"
            ecep:lem="over"
            ecep:pos="p-acp"
            ecep:reg="over"
            ecep:spe="o'er"
            ecep:syllab="1"
            ecep:pron="ˈɔːə">o'er</w>
         <c> </c>
         <w xml:id="bao18-102840"
            n="a-0620"
            ecep:lem="the"
            ecep:pos="dt"
            ecep:reg="the"
            ecep:spe="the"
            ecep:syllab="1"
            ecep:pron="ðiː">the</w>
         <c> </c>
         <w xml:id="bao18-102850"
            n="a-0630"
            ecep:lem="woe"
            ecep:pos="n2"
            ecep:reg="woes"
            ecep:spe="woes"
            ecep:syllab="1"
            ecep:pron="wəʊz">woes</w>
         <c> </c>
         <w xml:id="bao18-102860"
            n="a-0640"
            ecep:lem="of"
            ecep:pos="pp-f"
            ecep:reg="of"
            ecep:spe="of"
            ecep:syllab="1"
            ecep:pron="ɒv">of</w>
         <c> </c>
         <w xml:id="bao18-102870"
            n="a-0650"
            ecep:lem="i"
            ecep:pos="png11"
            ecep:reg="mine"
            ecep:spe="mine"
            ecep:syllab="1"
            ecep:pron="maɪn">mine</w>
         <pc xml:id="bao18-102880"
             n="a-0660"
             unit="sentence"
             ecep:lem="."
             ecep:pos="."
             ecep:reg="."
             ecep:spe=".">.</pc>
         <c> </c>
      </l>
   </lg>
   <pb n="116" rend="none"/>
   <lg xml:id="bao18-s01175">
      <l xml:id="bao18-l05085">
         <w xml:id="bao18-102910"
            n="a-0010"
            ecep:lem="i"
            ecep:pos="pns11"
            ecep:reg="I"
            ecep:spe="I"
            ecep:syllab="1"
            ecep:pron="aɪ">I</w>
         <c> </c>
         <w xml:id="bao18-102920"
            n="a-0020"
            ecep:lem="will"
            ecep:pos="vmb"
            ecep:reg="will"
            ecep:spe="will"
            ecep:syllab="1"
            ecep:pron="wɪl">will</w>
         <c> </c>
         <w xml:id="bao18-102930"
            n="a-0030"
            ecep:lem="not"
            ecep:pos="xx"
            ecep:reg="not"
            ecep:spe="not"
            ecep:syllab="1"
            ecep:pron="ˈdɪdnt">not</w>
         <c> </c>
         <w xml:id="bao18-102940"
            n="a-0040"
            ecep:lem="say"
            ecep:pos="vvi"
            ecep:reg="say"
            ecep:spe="say"
            ecep:syllab="1"
            ecep:pron="seɪ">say</w>
         <c> </c>
         <w xml:id="bao18-102950"
            n="a-0050"
            ecep:lem="how"
            ecep:pos="c-crq"
            ecep:reg="how"
            ecep:spe="how"
            ecep:syllab="1"
            ecep:pron="haʊ">how</w>
         <c> </c>
         <w xml:id="bao18-102960"
            n="a-0060"
            ecep:lem="well"
            ecep:pos="av"
            ecep:reg="well"
            ecep:spe="well"
            ecep:syllab="1"
            ecep:pron="wel">well</w>
         <pc xml:id="bao18-102970"
             n="a-0070"
             ecep:lem=","
             ecep:pos=","
             ecep:reg=","
             ecep:spe=",">,</pc>
         <c> </c>
         <w xml:id="bao18-102980"
            n="a-0080"
            ecep:lem="how"
            ecep:pos="c-crq"
            ecep:reg="how"
            ecep:spe="how"
            ecep:syllab="1"
            ecep:pron="haʊ">how</w>
         <c> </c>
         <w xml:id="bao18-102990"
            n="a-0090"
            ecep:lem="long"
            ecep:pos="av-j"
            ecep:reg="long"
            ecep:spe="long"
            ecep:syllab="1"
            ecep:pron="lɒŋ">long</w>
      </l>
      <l xml:id="bao18-l05090">
         <c> </c>
         <w xml:id="bao18-103000"
            n="a-0100"
            ecep:lem="this"
            ecep:pos="d"
            ecep:reg="This"
            ecep:spe="This"
            ecep:syllab="1"
            ecep:pron="ðɪs">This</w>
         <c> </c>
         <w xml:id="bao18-103010"
            n="a-0110"
            ecep:lem="faithful"
            ecep:pos="j"
            ecep:reg="faithful"
            ecep:spe="faithful"
            ecep:syllab="2"
            ecep:pron="ˈfeɪθfl">faithful</w>
         <c> </c>
         <w xml:id="bao18-103020"
            n="a-0120"
            ecep:lem="heart"
            ecep:pos="n1"
            ecep:reg="heart"
            ecep:spe="heart"
            ecep:syllab="1"
            ecep:pron="hɑːt">heart</w>
         <c> </c>
         <w xml:id="bao18-103030"
            n="a-0130"
            ecep:lem="have"
            ecep:pos="vhz"
            ecep:reg="has"
            ecep:spe="has"
            ecep:syllab="1"
            ecep:pron="hæz">has</w>
         <c> </c>
         <w xml:id="bao18-103040"
            n="a-0140"
            ecep:lem="sigh"
            ecep:pos="vvn"
            ecep:reg="sighed"
            ecep:spe="sighed"
            ecep:syllab="1"
            ecep:pron="saɪd">sighed</w>
         <c> </c>
         <w xml:id="bao18-103050"
            n="a-0150"
            ecep:lem="for"
            ecep:pos="p-acp"
            ecep:reg="for"
            ecep:spe="for"
            ecep:syllab="1"
            ecep:pron="fɔː">for</w>
         <c> </c>
         <w xml:id="bao18-103060"
            n="a-0160"
            ecep:lem="thou"
            ecep:pos="pno21"
            ecep:reg="thee"
            ecep:spe="thee"
            ecep:syllab="1"
            ecep:pron="ðiː">thee</w>
         <pc xml:id="bao18-103070"
             n="a-0170"
             ecep:lem=";"
             ecep:pos=";"
             ecep:reg=";"
             ecep:spe=";">;</pc>
      </l>
      <l xml:id="bao18-l05095">
         <c> </c>
         <w xml:id="bao18-103080"
            n="a-0180"
            ecep:lem="but"
            ecep:pos="cc-acp"
            ecep:reg="But"
            ecep:spe="But"
            ecep:syllab="1"
            ecep:pron="bʌt">But</w>
         <c> </c>
         <w xml:id="bao18-103090"
            n="a-0190"
            ecep:lem="leave"
            ecep:pos="vvb"
            ecep:reg="leave"
            ecep:spe="leave"
            ecep:syllab="1"
            ecep:pron="liːv">leave</w>
         <c> </c>
         <w xml:id="bao18-103100"
            n="a-0200"
            ecep:lem="thou"
            ecep:pos="pno21"
            ecep:reg="thee"
            ecep:spe="thee"
            ecep:syllab="1"
            ecep:pron="ðiː">thee</w>
         <c> </c>
         <w xml:id="bao18-103110"
            n="a-0210"
            ecep:lem="happy"
            ecep:pos="jc"
            ecep:reg="happier"
            ecep:spe="happier"
            ecep:syllab="2"
            ecep:pron="ˈhæpiə">happier</w>
         <c> </c>
         <w xml:id="bao18-103120"
            n="a-0220"
            ecep:lem="nymph"
            ecep:pos="n2"
            ecep:reg="nymphs"
            ecep:spe="nymphs"
            ecep:syllab="1"
            ecep:pron="nɪmfs">nymphs</w>
         <c> </c>
         <w xml:id="bao18-103130"
            n="a-0230"
            ecep:lem="among"
            ecep:pos="p-acp"
            ecep:reg="among"
            ecep:spe="among"
            ecep:syllab="2"
            ecep:pron="əˈmʌŋ">among</w>
         <pc xml:id="bao18-103140"
             n="a-0240"
             ecep:lem=","
             ecep:pos=","
             ecep:reg=","
             ecep:spe=",">,</pc>
      </l>
      <l xml:id="bao18-l05100">
         <c> </c>
         <w xml:id="bao18-103150"
            n="a-0250"
            ecep:lem="content"
            ecep:pos="j"
            ecep:reg="Content"
            ecep:spe="Content"
            ecep:syllab="2"
            ecep:pron="ˈkɒntent">Content</w>
         <c> </c>
         <w xml:id="bao18-103160"
            n="a-0260"
            ecep:lem="if"
            ecep:pos="cs"
            ecep:reg="if"
            ecep:spe="if"
            ecep:syllab="1"
            ecep:pron="ɪf">if</w>
         <c> </c>
         <w xml:id="bao18-103170"
            n="a-0270"
            ecep:lem="thou"
            ecep:pos="pns21"
            ecep:reg="thou"
            ecep:spe="thou"
            ecep:syllab="1"
            ecep:pron="θaʊ">thou</w>
         <c> </c>
         <w xml:id="bao18-103180"
            n="a-0280"
            ecep:lem="content"
            ecep:pos="vvd"
            ecep:reg="contented"
            ecep:spe="contented"
            ecep:syllab="3"
            ecep:pron="kənˈtentɪd">contented</w>
         <c> </c>
         <w xml:id="bao18-103190"
            n="a-0290"
            ecep:lem="be"
            ecep:pos="vbi"
            ecep:reg="be"
            ecep:spe="be"
            ecep:syllab="1"
            ecep:pron="biː">be</w>
         <pc xml:id="bao18-103200"
             n="a-0300"
             unit="sentence"
             ecep:lem="."
             ecep:pos="."
             ecep:reg="."
             ecep:spe=".">.</pc>
         <c> </c>
      </l>
   </lg>
   <lg xml:id="bao18-s01180">
      <l xml:id="bao18-l05105">
         <w xml:id="bao18-103230"
            n="a-0310"
            ecep:lem="but"
            ecep:pos="p-acp"
            ecep:reg="But"
            ecep:spe="But"
            ecep:syllab="1"
            ecep:pron="bʌt">But</w>
         <pc xml:id="bao18-103240"
             n="a-0320"
             ecep:lem=","
             ecep:pos=","
             ecep:reg=","
             ecep:spe=",">,</pc>
         <c> </c>
         <w xml:id="bao18-103250"
            n="a-0330"
            ecep:lem="Henry"
            ecep:pos="np1"
            ecep:reg="Henry"
            ecep:spe="Henry"
            ecep:syllab="2"
            ecep:pron="ˈhenri">Henry</w>
         <pc xml:id="bao18-103260"
             n="a-0340"
             ecep:lem=","
             ecep:pos=","
             ecep:reg=","
             ecep:spe=",">,</pc>
         <c> </c>
         <w xml:id="bao18-103270"
            n="a-0350"
            ecep:lem="shall"
            ecep:pos="vmd"
            ecep:reg="should"
            ecep:spe="should"
            ecep:syllab="1"
            ecep:pron="ʃʊd">should</w>
         <c> </c>
         <w xml:id="bao18-103280"
            n="a-0360"
            ecep:lem="misfortune"
            ecep:pos="ng1"
            ecep:reg="Misfortune's"
            ecep:spe="Misfortune's"
            ecep:syllab="4"
            ecep:pron="mɪsˈfɔːtʃənz">Misfortune's</w>
         <c> </c>
         <w xml:id="bao18-103290"
            n="a-0370"
            ecep:lem="hand"
            ecep:pos="n1"
            ecep:reg="hand"
            ecep:spe="hand"
            ecep:syllab="1"
            ecep:pron="hænd">hand</w>
      </l>
      <l xml:id="bao18-l05110">
         <c> </c>
         <w xml:id="bao18-103300"
            n="a-0380"
            ecep:lem="bid"
            ecep:pos="vvb"
            ecep:reg="Bid"
            ecep:spe="Bid"
            ecep:syllab="1"
            ecep:pron="bɪd">Bid</w>
         <c> </c>
         <w xml:id="bao18-103310"
            n="a-0390"
            ecep:lem="all"
            ecep:pos="d"
            ecep:reg="all"
            ecep:spe="all"
            ecep:syllab="1"
            ecep:pron="ɔːl">all</w>
         <c> </c>
         <w xml:id="bao18-103320"
            n="a-0400"
            ecep:lem="thy"
            ecep:pos="po21"
            ecep:reg="thy"
            ecep:spe="thy"
            ecep:syllab="1"
            ecep:pron="ðaɪ">thy</w>
         <c> </c>
         <w xml:id="bao18-103330"
            n="a-0410"
            ecep:lem="youth"
            ecep:pos="ng1"
            ecep:reg="youth's"
            ecep:spe="youth's"
            ecep:syllab="1"
            ecep:pron="ˈjuːθs">youth's</w>
         <c> </c>
         <w xml:id="bao18-103340"
            n="a-0420"
            ecep:lem="fond"
            ecep:pos="j"
            ecep:reg="fond"
            ecep:spe="fond"
            ecep:syllab="1"
            ecep:pron="fɒnd">fond</w>
         <c> </c>
         <w xml:id="bao18-103350"
            n="a-0430"
            ecep:lem="triumph"
            ecep:pos="n2"
            ecep:reg="triumphs"
            ecep:spe="triumphs"
            ecep:syllab="2"
            ecep:pron="ˈtraɪəmfs">triumphs</w>
         <c> </c>
         <w xml:id="bao18-103360"
            n="a-0440"
            ecep:lem="fly"
            ecep:pos="vvi"
            ecep:reg="fly"
            ecep:spe="fly"
            ecep:syllab="1"
            ecep:pron="flaɪ">fly</w>
         <pc xml:id="bao18-103370"
             n="a-0450"
             ecep:lem=","
             ecep:pos=","
             ecep:reg=","
             ecep:spe=",">,</pc>
      </l>
      <l xml:id="bao18-l05115">
         <c> </c>
         <w xml:id="bao18-103380"
            n="a-0460"
            ecep:lem="the"
            ecep:pos="dt"
            ecep:reg="The"
            ecep:spe="The"
            ecep:syllab="1"
            ecep:pron="ðiː">The</w>
         <c> </c>
         <w xml:id="bao18-103390"
            n="a-0470"
            ecep:lem="crimson"
            ecep:pos="j-jn"
            ecep:reg="crimson"
            ecep:spe="crimson"
            ecep:syllab="2"
            ecep:pron="ˈkrɪmzn">crimson</w>
         <c> </c>
         <w xml:id="bao18-103400"
            n="a-0480"
            ecep:lem="from"
            ecep:pos="p-acp"
            ecep:reg="from"
            ecep:spe="from"
            ecep:syllab="1"
            ecep:pron="frɒm">from</w>
         <c> </c>
         <w xml:id="bao18-103410"
            n="a-0490"
            ecep:lem="thy"
            ecep:pos="po21"
            ecep:reg="thy"
            ecep:spe="thy"
            ecep:syllab="1"
            ecep:pron="ðaɪ">thy</w>
         <c> </c>
         <w xml:id="bao18-103420"
            n="a-0500"
            ecep:lem="lip"
            ecep:pos="n1"
            ecep:reg="lip"
            ecep:spe="lip"
            ecep:syllab="1"
            ecep:pron="lɪp">lip</w>
         <c> </c>
         <w xml:id="bao18-103430"
            n="a-0510"
            ecep:lem="command"
            ecep:pos="n1"
            ecep:reg="command"
            ecep:spe="command"
            ecep:syllab="2"
            ecep:pron="kəˈmɑːnd">command</w>
         <pc xml:id="bao18-103440"
             n="a-0520"
             ecep:lem=","
             ecep:pos=","
             ecep:reg=","
             ecep:spe=",">,</pc>
      </l>
      <l xml:id="bao18-l05120">
         <c> </c>
         <w xml:id="bao18-103450"
            n="a-0530"
            ecep:lem="and"
            ecep:pos="cc"
            ecep:reg="And"
            ecep:spe="And"
            ecep:syllab="1"
            ecep:pron="ænd">And</w>
         <c> </c>
         <w xml:id="bao18-103460"
            n="a-0540"
            ecep:lem="force"
            ecep:pos="vvi"
            ecep:reg="force"
            ecep:spe="force"
            ecep:syllab="1"
            ecep:pron="fɔːs">force</w>
         <c> </c>
         <w xml:id="bao18-103470"
            n="a-0550"
            ecep:lem="the"
            ecep:pos="dt"
            ecep:reg="the"
            ecep:spe="the"
            ecep:syllab="1"
            ecep:pron="ðiː">the</w>
         <c> </c>
         <w xml:id="bao18-103480"
            n="a-0560"
            ecep:lem="lustre"
            ecep:pos="n1"
            ecep:reg="lustre"
            ecep:spe="lustre"
            ecep:syllab="2"
            ecep:pron="ˈlʌstə">lustre</w>
         <c> </c>
         <w xml:id="bao18-103490"
            n="a-0570"
            ecep:lem="from"
            ecep:pos="p-acp"
            ecep:reg="from"
            ecep:spe="from"
            ecep:syllab="1"
            ecep:pron="frɒm">from</w>
         <c> </c>
         <w xml:id="bao18-103500"
            n="a-0580"
            ecep:lem="thy"
            ecep:pos="po21"
            ecep:reg="thine"
            ecep:spe="thine"
            ecep:syllab="1"
            ecep:pron="ðaɪn">thine</w>
         <c> </c>
         <w xml:id="bao18-103510"
            n="a-0590"
            ecep:lem="eye"
            ecep:pos="n1"
            ecep:reg="eye"
            ecep:spe="eye"
            ecep:syllab="1"
            ecep:pron="aɪ">eye</w>
         <pc xml:id="bao18-103520"
             n="a-0600"
             ecep:lem=","
             ecep:pos=","
             ecep:reg=","
             ecep:spe=",">,</pc>
         <c> </c>
         <pc xml:id="bao18-103530"
             n="a-0610"
             unit="sentence"
             ecep:lem="...."
             ecep:pos="...."
             ecep:reg="...."
             ecep:spe="....">....</pc>
         <c> </c>
      </l>
   </lg>
   <lg xml:id="bao18-s01185">
      <l xml:id="bao18-l05125">
         <w xml:id="bao18-103560"
            n="a-0620"
            ecep:lem="then"
            ecep:pos="av"
            ecep:reg="Then"
            ecep:spe="Then"
            ecep:syllab="1"
            ecep:pron="ðen">Then</w>
         <pc xml:id="bao18-103570"
             n="a-0630"
             ecep:lem=","
             ecep:pos=","
             ecep:reg=","
             ecep:spe=",">,</pc>
         <c> </c>
         <w xml:id="bao18-103580"
            n="a-0640"
            ecep:lem="thoughtless"
            ecep:pos="j"
            ecep:reg="thoughtless"
            ecep:spe="thoughtless"
            ecep:syllab="2"
            ecep:pron="ˈθɔːtləs">thoughtless</w>
         <c> </c>
         <w xml:id="bao18-103590"
            n="a-0650"
            ecep:lem="of"
            ecep:pos="pp-f"
            ecep:reg="of"
            ecep:spe="of"
            ecep:syllab="1"
            ecep:pron="ɒv">of</w>
         <c> </c>
         <w xml:id="bao18-103600"
            n="a-0660"
            ecep:lem="my"
            ecep:pos="po11"
            ecep:reg="my"
            ecep:spe="my"
            ecep:syllab="1"
            ecep:pron="maɪ">my</w>
         <c> </c>
         <w xml:id="bao18-103610"
            n="a-0670"
            ecep:lem="own"
            ecep:pos="d"
            ecep:reg="own"
            ecep:spe="own"
            ecep:syllab="1"
            ecep:pron="əʊn">own</w>
         <c> </c>
         <w xml:id="bao18-103620"
            n="a-0680"
            ecep:lem="distress"
            ecep:pos="n1"
            ecep:reg="distress"
            ecep:spe="distress"
            ecep:syllab="2"
            ecep:pron="dɪˈstres">distress</w>
         <pc xml:id="bao18-103630"
             n="a-0690"
             ecep:lem=","
             ecep:pos=","
             ecep:reg=","
             ecep:spe=",">,</pc>
      </l>
      <l xml:id="bao18-l05130">
         <c> </c>
         <w xml:id="bao18-103640"
            n="a-0700"
            ecep:lem="i|will"
            ecep:pos="pns11|vmb"
            ecep:reg="I'll"
            ecep:spe="I'll"
            ecep:syllab="1"
            ecep:pron="ˈaɪl">I'll</w>
         <c> </c>
         <w xml:id="bao18-103650"
            n="a-0710"
            ecep:lem="haste"
            ecep:pos="vvi"
            ecep:reg="haste"
            ecep:spe="haste"
            ecep:syllab="1"
            ecep:pron="heɪst">haste</w>
         <c> </c>
         <w xml:id="bao18-103660"
            n="a-0720"
            ecep:lem="thy"
            ecep:pos="po21"
            ecep:reg="thy"
            ecep:spe="thy"
            ecep:syllab="1"
            ecep:pron="ðaɪ">thy</w>
         <c> </c>
         <w xml:id="bao18-103670"
            n="a-0730"
            ecep:lem="comforter"
            ecep:pos="n1"
            ecep:reg="comforter"
            ecep:spe="comforter"
            ecep:syllab="3"
            ecep:pron="ˈkʌmfətə">comforter</w>
         <c> </c>
         <w xml:id="bao18-103680"
            n="a-0740"
            ecep:lem="to"
            ecep:pos="pc-acp"
            ecep:reg="to"
            ecep:spe="to"
            ecep:syllab="1"
            ecep:pron="tuː">to</w>
         <c> </c>
         <w xml:id="bao18-103690"
            n="a-0750"
            ecep:lem="prove"
            ecep:pos="vvi"
            ecep:reg="prove"
            ecep:spe="prove"
            ecep:syllab="1"
            ecep:pron="pruːv">prove</w>
         <pc xml:id="bao18-103700"
             n="a-0760"
             ecep:lem=";"
             ecep:pos=";"
             ecep:reg=";"
             ecep:spe=";">;</pc>
      </l>
      <l xml:id="bao18-l05135">
         <c> </c>
         <w xml:id="bao18-103710"
            n="a-0770"
            ecep:lem="and"
            ecep:pos="cc"
            ecep:reg="And"
            ecep:spe="And"
            ecep:syllab="1"
            ecep:pron="ænd">And</w>
         <c> </c>
         <w xml:id="bao18-103720"
            n="a-0780"
            ecep:lem="Henry"
            ecep:pos="np1"
            ecep:reg="Henry"
            ecep:spe="Henry"
            ecep:syllab="2"
            ecep:pron="ˈhenri">Henry</w>
         <c> </c>
         <w xml:id="bao18-103730"
            n="a-0790"
            ecep:lem="shall"
            ecep:pos="vmb"
            ecep:reg="shall"
            ecep:spe="shall"
            ecep:syllab="1"
            ecep:pron="ʃæl">shall</w>
         <c> </c>
         <w xml:id="bao18-103740"
            n="a-0800"
            ecep:lem="my"
            ecep:pos="po11"
            ecep:reg="my"
            ecep:spe="my"
            ecep:syllab="1"
            ecep:pron="maɪ">my</w>
         <c> </c>
         <w xml:id="bao18-103750"
            n="a-0810"
            ecep:lem="friendship"
            ecep:pos="n1"
            ecep:reg="friendship"
            ecep:spe="friendship"
            ecep:syllab="2"
            ecep:pron="ˈfrendʃɪp">friendship</w>
         <c> </c>
         <w xml:id="bao18-103760"
            n="a-0820"
            ecep:lem="bless"
            ecep:pos="vvb"
            ecep:reg="bless"
            ecep:spe="bless"
            ecep:syllab="1"
            ecep:pron="bles">bless</w>
         <pc xml:id="bao18-103770"
             n="a-0830"
             ecep:lem=","
             ecep:pos=","
             ecep:reg=","
             ecep:spe=",">,</pc>
      </l>
      <l xml:id="bao18-l05140">
         <c> </c>
         <w xml:id="bao18-103780"
            n="a-0840"
            ecep:lem="although"
            ecep:pos="cs"
            ecep:reg="Although"
            ecep:spe="Although"
            ecep:syllab="2"
            ecep:pron="ɔːlˈðəʊ">Although</w>
         <pc xml:id="bao18-103790"
             n="a-0850"
             ecep:lem=","
             ecep:pos=","
             ecep:reg=","
             ecep:spe=",">,</pc>
         <c> </c>
         <w xml:id="bao18-103800"
            n="a-0860"
            ecep:lem="alas"
            ecep:pos="uh"
            ecep:reg="alas"
            ecep:spe="alas"
            ecep:syllab="2"
            ecep:pron="əˈlæs">alas</w>
         <pc xml:id="bao18-103810"
             n="a-0870"
             ecep:lem="!"
             ecep:pos="!"
             ecep:reg="!"
             ecep:spe="!">!</pc>
         <c> </c>
         <w xml:id="bao18-103820"
            n="a-0880"
            ecep:lem="he"
            ecep:pos="pns31"
            ecep:reg="he"
            ecep:spe="he"
            ecep:syllab="1"
            ecep:pron="hiː">he</w>
         <c> </c>
         <w xml:id="bao18-103830"
            n="a-0890"
            ecep:lem="scorn"
            ecep:pos="vvz"
            ecep:reg="scorns"
            ecep:spe="scorns"
            ecep:syllab="1"
            ecep:pron="skɔːnz">scorns</w>
         <c> </c>
         <w xml:id="bao18-103840"
            n="a-0900"
            ecep:lem="my"
            ecep:pos="po11"
            ecep:reg="my"
            ecep:spe="my"
            ecep:syllab="1"
            ecep:pron="maɪ">my</w>
         <c> </c>
         <w xml:id="bao18-103850"
            n="a-0910"
            ecep:lem="love"
            ecep:pos="n1"
            ecep:reg="love"
            ecep:spe="love"
            ecep:syllab="1"
            ecep:pron="lʌv">love</w>
         <pc xml:id="bao18-103860"
             n="a-0920"
             unit="sentence"
             ecep:lem="."
             ecep:pos="."
             ecep:reg="."
             ecep:spe=".">.</pc>
         <c> </c>
      </l>
   </lg>
</div>
