<?xml version="1.0" encoding="utf-8"?>
<!DOCTYPE div
  SYSTEM "about:legacy-compat">
<div xmlns:ecep="http://www.eighteenthcenturypoetry.org/ns"
     xmlns="http://www.tei-c.org/ns/1.0"
     xmlns:tei="http://www.tei-c.org/ns/1.0"
     ana="#iamb #tetrameter #dimeter #sestet #hypercatalexis #tail #address"
     corresp="#txt_BurnRo1759_w0021"
     decls="#semi-normalized"
     ecep:syllab="8.8.8.4.8.4"
     met="-+|-+|-+|-+/ -+|-+|-+|-+/ -+|-+|-+|-+/ -+|-+/ -+|-+|-+|-+/ -+|-+/"
     rendition="#lgvspace"
     rhyme="aaabab"
     subtype="eceptext"
     type="poem"
     xml:id="cbu86-w0210">
   <link target="authors.xml#aut_BurnRo1759" type="author"/>
   <head type="main">
      <w xml:id="cbu86-236010"
         n="176-a-0010"
         ecep:lem="to"
         ecep:pos="p-acp"
         ecep:reg="TO"
         ecep:spe="TO"
         ecep:syllab="1"
         ecep:pron="tuː">TO</w>
      <c> </c>
      <w xml:id="cbu86-236020"
         n="176-a-0020"
         ecep:lem="a"
         ecep:pos="dt"
         ecep:reg="A"
         ecep:spe="A"
         ecep:syllab="1"
         ecep:pron="ə">A</w>
      <c> </c>
      <w xml:id="cbu86-236030"
         n="176-a-0030"
         ecep:lem="mountain-daisy"
         ecep:pos="j"
         ecep:reg="MOUNTAIN-DAISY"
         ecep:spe="MOUNTAIN-DAISY"
         ecep:syllab="4"
         ecep:pron="ˈmaʊntɪnˌˈdeɪzi">MOUNTAIN-DAISY</w>
      <pc xml:id="cbu86-236040"
          n="176-a-0040"
          ecep:lem=","
          ecep:pos=","
          ecep:reg=","
          ecep:spe=",">,</pc>
   </head>
   <head type="sub">
      <w xml:id="cbu86-236070"
         n="176-a-0050"
         ecep:lem="on"
         ecep:pos="p-acp"
         ecep:reg="On"
         ecep:spe="On"
         ecep:syllab="1"
         ecep:pron="ɒn">On</w>
      <c> </c>
      <w xml:id="cbu86-236080"
         n="176-a-0060"
         ecep:lem="turn"
         ecep:pos="vvg"
         ecep:reg="turning"
         ecep:spe="turning"
         ecep:syllab="2"
         ecep:pron="ˈtɜːnɪŋ">turning</w>
      <c> </c>
      <w xml:id="cbu86-236090"
         n="176-a-0070"
         ecep:lem="one"
         ecep:pos="crd"
         ecep:reg="one"
         ecep:spe="one"
         ecep:syllab="1"
         ecep:pron="wʌn">one</w>
      <c> </c>
      <w xml:id="cbu86-236100"
         n="176-a-0080"
         ecep:lem="down"
         ecep:pos="n1"
         ecep:reg="down"
         ecep:spe="down"
         ecep:syllab="1"
         ecep:pron="daʊn">down</w>
      <pc xml:id="cbu86-236110"
          n="176-a-0090"
          ecep:lem=","
          ecep:pos=","
          ecep:reg=","
          ecep:spe=",">,</pc>
      <c> </c>
      <w xml:id="cbu86-236120"
         n="176-a-0100"
         ecep:lem="with"
         ecep:pos="p-acp"
         ecep:reg="with"
         ecep:spe="with"
         ecep:syllab="1"
         ecep:pron="wɪð">with</w>
      <c> </c>
      <w xml:id="cbu86-236130"
         n="176-a-0110"
         ecep:lem="the"
         ecep:pos="dt"
         ecep:reg="the"
         ecep:spe="the"
         ecep:syllab="1"
         ecep:pron="ðiː">the</w>
      <c> </c>
      <w xml:id="cbu86-236140"
         n="176-a-0120"
         ecep:lem="plough"
         ecep:pos="n1"
         ecep:reg="Plough"
         ecep:spe="Plough"
         ecep:syllab="1"
         ecep:pron="plaʊ">Plough</w>
      <pc xml:id="cbu86-236150"
          n="176-a-0130"
          ecep:lem=","
          ecep:pos=","
          ecep:reg=","
          ecep:spe=",">,</pc>
      <c> </c>
      <w xml:id="cbu86-236160"
         n="176-a-0140"
         ecep:lem="in"
         ecep:pos="p-acp"
         ecep:reg="in"
         ecep:spe="in"
         ecep:syllab="1"
         ecep:pron="ɪn">in</w>
      <c> </c>
      <w xml:id="cbu86-236170"
         n="176-a-0150"
         ecep:lem="April"
         ecep:pos="np1"
         ecep:reg="April"
         ecep:spe="April"
         ecep:syllab="2"
         ecep:pron="ˈeɪprɪl">April</w>
      <c> </c>
      <pc xml:id="cbu86-236180"
          n="176-a-0160"
          ecep:lem="—"
          ecep:pos="—"
          ecep:reg="—"
          ecep:spe="—">—</pc>
      <c> </c>
      <w xml:id="cbu86-236190"
         n="176-a-0170"
         ecep:lem="1786."
         ecep:pos="crd"
         ecep:reg="1786."
         ecep:spe="1786."
         ecep:syllab="1"
         ecep:pron="wˈɒnθˈaʊzəndsˈevənhˈʌndrədənˈeɪtisˈɪks">1786.</w>
      <pc unit="sentence" xml:id="cbu86-236190-eos" n="176-a-0180"/>
   </head>
   <lg xml:id="cbu86-s01840">
      <l xml:id="cbu86-l13230">
         <w xml:id="cbu86-236220"
            n="176-a-0190"
            ecep:lem="we"
            ecep:pos="pns12"
            ecep:reg="WE"
            ecep:spe="WEE"
            ecep:syllab="1"
            ecep:pron="wiː">WEE</w>
         <pc xml:id="cbu86-236230"
             n="176-a-0200"
             ecep:lem=","
             ecep:pos=","
             ecep:reg=","
             ecep:spe=",">,</pc>
         <c> </c>
         <w xml:id="cbu86-236240"
            n="176-a-0210"
            ecep:lem="modest"
            ecep:pos="j"
            ecep:reg="modest"
            ecep:spe="modest"
            ecep:syllab="2"
            ecep:pron="ˈmɒdɪst">modest</w>
         <pc xml:id="cbu86-236250"
             n="176-a-0220"
             ecep:lem=","
             ecep:pos=","
             ecep:reg=","
             ecep:spe=",">,</pc>
         <c> </c>
         <w xml:id="cbu86-236260"
            n="176-a-0230"
            ecep:lem="crimson-tipped"
            ecep:pos="j"
            ecep:reg="crimson-tipped"
            ecep:spe="crimson-tipped"
            ecep:syllab="4"
            ecep:pron="ˈkrɪmznˌtɪpt">crimson-tipped</w>
         <c> </c>
         <w xml:id="cbu86-236270"
            n="176-a-0240"
            ecep:lem="flower"
            ecep:pos="n1"
            ecep:reg="flower"
            ecep:spe="flow'r"
            ecep:syllab="1"
            ecep:pron="flæə">flow'r</w>
         <pc xml:id="cbu86-236280"
             n="176-a-0250"
             ecep:lem=","
             ecep:pos=","
             ecep:reg=","
             ecep:spe=",">,</pc>
      </l>
      <l xml:id="cbu86-l13235">
         <c> </c>
         <w xml:id="cbu86-236290"
            n="176-a-0260"
            ecep:lem="thou'"
            ecep:pos="vvz"
            ecep:reg="Thou's"
            ecep:spe="Thou's"
            ecep:syllab="1"
            ecep:pron="θaʊz">Thou's</w>
         <c> </c>
         <w xml:id="cbu86-236300"
            n="176-a-0270"
            ecep:lem="meet"
            ecep:pos="vvn"
            ecep:reg="met"
            ecep:spe="met"
            ecep:syllab="1"
            ecep:pron="met">met</w>
         <c> </c>
         <w xml:id="cbu86-236310"
            n="176-a-0280"
            ecep:lem="i"
            ecep:pos="pno11"
            ecep:reg="me"
            ecep:spe="me"
            ecep:syllab="1"
            ecep:pron="miː">me</w>
         <c> </c>
         <w xml:id="cbu86-236320"
            n="176-a-0290"
            ecep:lem="in"
            ecep:pos="p-acp"
            ecep:reg="in"
            ecep:spe="in"
            ecep:syllab="1"
            ecep:pron="ɪn">in</w>
         <c> </c>
         <w xml:id="cbu86-236330"
            n="176-a-0300"
            ecep:lem="a"
            ecep:pos="dt"
            ecep:reg="an"
            ecep:spe="an"
            ecep:syllab="1"
            ecep:pron="æn">an</w>
         <c> </c>
         <w xml:id="cbu86-236340"
            n="176-a-0310"
            ecep:lem="evil"
            ecep:pos="j-jn"
            ecep:reg="evil"
            ecep:spe="evil"
            ecep:syllab="2"
            ecep:pron="ˈiːvl">evil</w>
         <c> </c>
         <w xml:id="cbu86-236350"
            n="176-a-0320"
            ecep:lem="hour"
            ecep:pos="n1"
            ecep:reg="hour"
            ecep:spe="hour"
            ecep:syllab="1"
            ecep:pron="æə">hour</w>
         <pc xml:id="cbu86-236360"
             n="176-a-0330"
             ecep:lem=";"
             ecep:pos=";"
             ecep:reg=";"
             ecep:spe=";">;</pc>
      </l>
      <l xml:id="cbu86-l13240">
         <c> </c>
         <w xml:id="cbu86-236370"
            n="176-a-0340"
            ecep:lem="for"
            ecep:pos="c-acp"
            ecep:reg="For"
            ecep:spe="For"
            ecep:syllab="1"
            ecep:pron="fɔː">For</w>
         <c> </c>
         <w xml:id="cbu86-236380"
            n="176-a-0350"
            ecep:lem="i"
            ecep:pos="pns11"
            ecep:reg="I"
            ecep:spe="I"
            ecep:syllab="1"
            ecep:pron="aɪ">I</w>
         <c> </c>
         <w xml:id="cbu86-236390"
            n="176-a-0360"
            ecep:lem="must"
            ecep:pos="vmb"
            ecep:reg="maun"
            ecep:spe="maun"
            ecep:syllab="1"
            ecep:pron="mʌn">maun</w>
         <c> </c>
         <w xml:id="cbu86-236400"
            n="176-a-0370"
            ecep:lem="crush"
            ecep:pos="vvi"
            ecep:reg="crush"
            ecep:spe="crush"
            ecep:syllab="1"
            ecep:pron="krʌʃ">crush</w>
         <c> </c>
         <w xml:id="cbu86-236410"
            n="176-a-0380"
            ecep:lem="among"
            ecep:pos="p-acp"
            ecep:reg="among"
            ecep:spe="amang"
            ecep:syllab="2"
            ecep:pron="ˈæmæŋ">amang</w>
         <c> </c>
         <w xml:id="cbu86-236420"
            n="176-a-0390"
            ecep:lem="the"
            ecep:pos="dt"
            ecep:reg="the"
            ecep:spe="the"
            ecep:syllab="1"
            ecep:pron="ðiː">the</w>
         <c> </c>
         <w xml:id="cbu86-236430"
            n="176-a-0400"
            ecep:lem="stour"
            ecep:pos="n1"
            ecep:reg="stour"
            ecep:spe="stoure"
            ecep:syllab="1"
            ecep:pron="stˈaʊə">stoure</w>
      </l>
      <l xml:id="cbu86-l13245">
         <c> </c>
         <w xml:id="cbu86-236440"
            n="176-a-0410"
            ecep:lem="thy"
            ecep:pos="po21"
            ecep:reg="Thy"
            ecep:spe="Thy"
            ecep:syllab="1"
            ecep:pron="ðaɪ">Thy</w>
         <c> </c>
         <w xml:id="cbu86-236450"
            n="176-a-0420"
            ecep:lem="slender"
            ecep:pos="j"
            ecep:reg="slender"
            ecep:spe="slender"
            ecep:syllab="2"
            ecep:pron="ˈslendə">slender</w>
         <c> </c>
         <w xml:id="cbu86-236460"
            n="176-a-0430"
            ecep:lem="stem"
            ecep:pos="n1"
            ecep:reg="stem"
            ecep:spe="stem"
            ecep:syllab="1"
            ecep:pron="stem">stem</w>
         <pc xml:id="cbu86-236470"
             n="176-a-0440"
             ecep:lem=":"
             ecep:pos=":"
             ecep:reg=":"
             ecep:spe=":">:</pc>
      </l>
      <l xml:id="cbu86-l13250">
         <c> </c>
         <w xml:id="cbu86-236480"
            n="176-a-0450"
            ecep:lem="to"
            ecep:pos="pc-acp"
            ecep:reg="To"
            ecep:spe="To"
            ecep:syllab="1"
            ecep:pron="tuː">To</w>
         <c> </c>
         <w xml:id="cbu86-236490"
            n="176-a-0460"
            ecep:lem="spare"
            ecep:pos="vvi"
            ecep:reg="spare"
            ecep:spe="spare"
            ecep:syllab="1"
            ecep:pron="speə">spare</w>
         <c> </c>
         <w xml:id="cbu86-236500"
            n="176-a-0470"
            ecep:lem="thou"
            ecep:pos="pno21"
            ecep:reg="thee"
            ecep:spe="thee"
            ecep:syllab="1"
            ecep:pron="ðiː">thee</w>
         <c> </c>
         <w xml:id="cbu86-236510"
            n="176-a-0480"
            ecep:lem="now"
            ecep:pos="av"
            ecep:reg="now"
            ecep:spe="now"
            ecep:syllab="1"
            ecep:pron="naʊ">now</w>
         <c> </c>
         <w xml:id="cbu86-236520"
            n="176-a-0490"
            ecep:lem="be"
            ecep:pos="vbz"
            ecep:reg="is"
            ecep:spe="is"
            ecep:syllab="1"
            ecep:pron="ɪz">is</w>
         <c> </c>
         <w xml:id="cbu86-236530"
            n="176-a-0500"
            ecep:lem="past"
            ecep:pos="p-acp"
            ecep:reg="past"
            ecep:spe="past"
            ecep:syllab="1"
            ecep:pron="pɑːst">past</w>
         <c> </c>
         <w xml:id="cbu86-236540"
            n="176-a-0510"
            ecep:lem="my"
            ecep:pos="po11"
            ecep:reg="my"
            ecep:spe="my"
            ecep:syllab="1"
            ecep:pron="maɪ">my</w>
         <c> </c>
         <w xml:id="cbu86-236550"
            n="176-a-0520"
            ecep:lem="power"
            ecep:pos="n1"
            ecep:reg="power"
            ecep:spe="pow'r"
            ecep:syllab="1"
            ecep:pron="ˈpaʊə">pow'r</w>
         <pc xml:id="cbu86-236560"
             n="176-a-0530"
             ecep:lem=","
             ecep:pos=","
             ecep:reg=","
             ecep:spe=",">,</pc>
      </l>
      <l xml:id="cbu86-l13255">
         <c> </c>
         <w xml:id="cbu86-236570"
            n="176-a-0540"
            ecep:lem="thou"
            ecep:pos="pns21"
            ecep:reg="Thou"
            ecep:spe="Thou"
            ecep:syllab="1"
            ecep:pron="θaʊ">Thou</w>
         <c> </c>
         <w xml:id="cbu86-236580"
            n="176-a-0550"
            ecep:lem="bony"
            ecep:pos="j"
            ecep:reg="bony"
            ecep:spe="bonie"
            ecep:syllab="2"
            ecep:pron="bˈəʊni">bonie</w>
         <c> </c>
         <w xml:id="cbu86-236590"
            n="176-a-0560"
            ecep:lem="gem"
            ecep:pos="n1"
            ecep:reg="gem"
            ecep:spe="gem"
            ecep:syllab="1"
            ecep:pron="dʒem">gem</w>
         <pc xml:id="cbu86-236600"
             n="176-a-0570"
             unit="sentence"
             ecep:lem="."
             ecep:pos="."
             ecep:reg="."
             ecep:spe=".">.</pc>
         <c> </c>
      </l>
   </lg>
   <lg xml:id="cbu86-s01845">
      <l xml:id="cbu86-l13260">
         <w xml:id="cbu86-236630"
            n="176-a-0580"
            ecep:lem="alas"
            ecep:pos="uh"
            ecep:reg="Alas"
            ecep:spe="Alas"
            ecep:syllab="2"
            ecep:pron="əˈlæs">Alas</w>
         <pc xml:id="cbu86-236640"
             n="176-a-0590"
             ecep:lem="!"
             ecep:pos="!"
             ecep:reg="!"
             ecep:spe="!">!</pc>
         <c> </c>
         <w xml:id="cbu86-236650"
            n="176-a-0600"
            ecep:lem="it|be"
            ecep:pos="pn31|vbz"
            ecep:reg="it's"
            ecep:spe="it's"
            ecep:syllab="1"
            ecep:pron="ɪts">it's</w>
         <c> </c>
         <w xml:id="cbu86-236660"
            n="176-a-0610"
            ecep:lem="not"
            ecep:pos="xx"
            ecep:reg="no"
            ecep:spe="no"
            ecep:syllab="1"
            ecep:pron="nəʊ">no</w>
         <c> </c>
         <w xml:id="cbu86-236670"
            n="176-a-0620"
            ecep:lem="thy"
            ecep:pos="po21"
            ecep:reg="thy"
            ecep:spe="thy"
            ecep:syllab="1"
            ecep:pron="ðaɪ">thy</w>
         <c> </c>
         <w xml:id="cbu86-236680"
            n="176-a-0630"
            ecep:lem="neebour"
            ecep:pos="fw-la"
            ecep:reg="neebour"
            ecep:spe="neebor"
            ecep:syllab="2"
            ecep:pron="nˈiːbə">neebor</w>
         <c> </c>
         <w xml:id="cbu86-236690"
            n="176-a-0640"
            ecep:lem="sweet"
            ecep:pos="j"
            ecep:reg="sweet"
            ecep:spe="sweet"
            ecep:syllab="1"
            ecep:pron="swiːt">sweet</w>
         <pc xml:id="cbu86-236700"
             n="176-a-0650"
             ecep:lem=","
             ecep:pos=","
             ecep:reg=","
             ecep:spe=",">,</pc>
      </l>
      <l xml:id="cbu86-l13265">
         <c> </c>
         <w xml:id="cbu86-236710"
            n="176-a-0660"
            ecep:lem="the"
            ecep:pos="dt"
            ecep:reg="The"
            ecep:spe="The"
            ecep:syllab="1"
            ecep:pron="ðiː">The</w>
         <c> </c>
         <w xml:id="cbu86-236720"
            n="176-a-0670"
            ecep:lem="bony"
            ecep:pos="j"
            ecep:reg="bony"
            ecep:spe="bonie"
            ecep:syllab="2"
            ecep:pron="bˈəʊni">bonie</w>
         <c> </c>
         <w xml:id="cbu86-236730"
            n="176-a-0680"
            ecep:lem="lark"
            ecep:pos="n1"
            ecep:reg="Lark"
            ecep:spe="Lark"
            ecep:syllab="1"
            ecep:pron="lɑːk">Lark</w>
         <pc xml:id="cbu86-236740"
             n="176-a-0690"
             ecep:lem=","
             ecep:pos=","
             ecep:reg=","
             ecep:spe=",">,</pc>
         <c> </c>
         <w xml:id="cbu86-236750"
            n="176-a-0700"
            ecep:lem="companion"
            ecep:pos="n1"
            ecep:reg="companion"
            ecep:spe="companion"
            ecep:syllab="3"
            ecep:pron="kəmˈpænjən">companion</w>
         <c> </c>
         <w xml:id="cbu86-236760"
            n="176-a-0710"
            ecep:lem="meet"
            ecep:pos="vvb"
            ecep:reg="meet"
            ecep:spe="meet"
            ecep:syllab="1"
            ecep:pron="miːt">meet</w>
         <pc xml:id="cbu86-236770"
             n="176-a-0720"
             unit="sentence"
             ecep:lem="!"
             ecep:pos="!"
             ecep:reg="!"
             ecep:spe="!">!</pc>
         <c> </c>
      </l>
      <pb facs="cbu86/0177" n="171" rend="none"/>
      <l xml:id="cbu86-l13270">
         <w xml:id="cbu86-236780"
            n="177-a-0010"
            ecep:lem="bend"
            ecep:pos="vvg"
            ecep:reg="Bending"
            ecep:spe="Bending"
            ecep:syllab="2"
            ecep:pron="bendɪŋ">Bending</w>
         <c> </c>
         <w xml:id="cbu86-236790"
            n="177-a-0020"
            ecep:lem="thou"
            ecep:pos="pno21"
            ecep:reg="thee"
            ecep:spe="thee"
            ecep:syllab="1"
            ecep:pron="ðiː">thee</w>
         <c> </c>
         <w xml:id="cbu86-236810"
            n="177-a-0040"
            ecep:lem="among"
            ecep:pos="p-acp"
            ecep:reg="among"
            ecep:spe="'mang"
            ecep:syllab="1"
            ecep:pron="mˈæŋ">'mang</w>
         <c> </c>
         <w xml:id="cbu86-236820"
            n="177-a-0050"
            ecep:lem="the"
            ecep:pos="dt"
            ecep:reg="the"
            ecep:spe="the"
            ecep:syllab="1"
            ecep:pron="ðiː">the</w>
         <c> </c>
         <w xml:id="cbu86-236830"
            n="177-a-0060"
            ecep:lem="dewy"
            ecep:pos="j"
            ecep:reg="dewy"
            ecep:spe="dewy"
            ecep:syllab="2"
            ecep:pron="ˈdʒuːi">dewy</w>
         <c> </c>
         <w xml:id="cbu86-236840"
            n="177-a-0070"
            ecep:lem="weet"
            ecep:pos="j"
            ecep:reg="weet"
            ecep:spe="weet"
            ecep:syllab="1"
            ecep:pron="wˈiːt">weet</w>
         <pc xml:id="cbu86-236850"
             n="177-a-0080"
             unit="sentence"
             ecep:lem="!"
             ecep:pos="!"
             ecep:reg="!"
             ecep:spe="!">!</pc>
         <c> </c>
      </l>
      <l xml:id="cbu86-l13275">
         <w xml:id="cbu86-236860"
            n="177-a-0090"
            ecep:lem="wi"
            ecep:pos="npg1"
            ecep:reg="Wi's"
            ecep:spe="Wi's"
            ecep:syllab="1"
            ecep:pron="wˈaɪz">Wi's</w>
         <c> </c>
         <w xml:id="cbu86-236870"
            n="177-a-0100"
            ecep:lem="spreckle"
            ecep:pos="j-vvn"
            ecep:reg="spreckled"
            ecep:spe="spreckl'd"
            ecep:syllab="1"
            ecep:pron="ˈsprekld">spreckl'd</w>
         <c> </c>
         <w xml:id="cbu86-236880"
            n="177-a-0110"
            ecep:lem="breast"
            ecep:pos="n1"
            ecep:reg="breast"
            ecep:spe="breast"
            ecep:syllab="1"
            ecep:pron="brest">breast</w>
         <pc xml:id="cbu86-236890"
             n="177-a-0120"
             ecep:lem=","
             ecep:pos=","
             ecep:reg=","
             ecep:spe=",">,</pc>
      </l>
      <l xml:id="cbu86-l13280">
         <c> </c>
         <w xml:id="cbu86-236900"
            n="177-a-0130"
            ecep:lem="when"
            ecep:pos="c-crq"
            ecep:reg="When"
            ecep:spe="When"
            ecep:syllab="1"
            ecep:pron="wen">When</w>
         <c> </c>
         <w xml:id="cbu86-236910"
            n="177-a-0140"
            ecep:lem="upward-springing"
            ecep:pos="j"
            ecep:reg="upward-springing"
            ecep:spe="upward-springing"
            ecep:syllab="4"
            ecep:pron="ˈʌpwədˌsprɪŋɪŋ">upward-springing</w>
         <pc xml:id="cbu86-236920"
             n="177-a-0150"
             ecep:lem=","
             ecep:pos=","
             ecep:reg=","
             ecep:spe=",">,</pc>
         <c> </c>
         <w xml:id="cbu86-236930"
            n="177-a-0160"
            ecep:lem="blythe"
            ecep:pos="j"
            ecep:reg="blithe"
            ecep:spe="blythe"
            ecep:syllab="1"
            ecep:pron="ˈblaɪð">blythe</w>
         <pc xml:id="cbu86-236940"
             n="177-a-0170"
             ecep:lem=","
             ecep:pos=","
             ecep:reg=","
             ecep:spe=",">,</pc>
         <c> </c>
         <w xml:id="cbu86-236950"
            n="177-a-0180"
            ecep:lem="to"
            ecep:pos="pc-acp"
            ecep:reg="to"
            ecep:spe="to"
            ecep:syllab="1"
            ecep:pron="tuː">to</w>
         <c> </c>
         <w xml:id="cbu86-236960"
            n="177-a-0190"
            ecep:lem="greet"
            ecep:pos="vvi"
            ecep:reg="greet"
            ecep:spe="greet"
            ecep:syllab="1"
            ecep:pron="griːt">greet</w>
      </l>
      <l xml:id="cbu86-l13285">
         <c> </c>
         <w xml:id="cbu86-236970"
            n="177-a-0200"
            ecep:lem="the"
            ecep:pos="dt"
            ecep:reg="The"
            ecep:spe="The"
            ecep:syllab="1"
            ecep:pron="ðiː">The</w>
         <c> </c>
         <w xml:id="cbu86-236980"
            n="177-a-0210"
            ecep:lem="purple"
            ecep:pos="j-vvg"
            ecep:reg="purpling"
            ecep:spe="purpling"
            ecep:syllab="2"
            ecep:pron="ˈpɜːplɪŋ">purpling</w>
         <c> </c>
         <w xml:id="cbu86-236990"
            n="177-a-0220"
            ecep:lem="east"
            ecep:pos="n-jn"
            ecep:reg="East"
            ecep:spe="East"
            ecep:syllab="1"
            ecep:pron="iːst">East</w>
         <pc xml:id="cbu86-237000"
             n="177-a-0230"
             unit="sentence"
             ecep:lem="."
             ecep:pos="."
             ecep:reg="."
             ecep:spe=".">.</pc>
         <c> </c>
      </l>
   </lg>
   <lg xml:id="cbu86-s01850">
      <l xml:id="cbu86-l13290">
         <w xml:id="cbu86-237030"
            n="177-a-0240"
            ecep:lem="cauld"
            ecep:pos="j"
            ecep:reg="Cauld"
            ecep:spe="Cauld"
            ecep:syllab="1"
            ecep:pron="kɔːld">Cauld</w>
         <c> </c>
         <w xml:id="cbu86-237040"
            n="177-a-0250"
            ecep:lem="blow"
            ecep:pos="vvd"
            ecep:reg="blew"
            ecep:spe="blew"
            ecep:syllab="1"
            ecep:pron="bluː">blew</w>
         <c> </c>
         <w xml:id="cbu86-237050"
            n="177-a-0260"
            ecep:lem="the"
            ecep:pos="dt"
            ecep:reg="the"
            ecep:spe="the"
            ecep:syllab="1"
            ecep:pron="ðiː">the</w>
         <c> </c>
         <w xml:id="cbu86-237060"
            n="177-a-0270"
            ecep:lem="bitter-biting"
            ecep:pos="j"
            ecep:reg="bitter-biting"
            ecep:spe="bitter-biting"
            ecep:syllab="4"
            ecep:pron="ˈbɪtəˌbaɪtɪŋ">bitter-biting</w>
         <c> </c>
         <w xml:id="cbu86-237070"
            n="177-a-0280"
            ecep:lem="north"
            ecep:pos="n1"
            ecep:reg="North"
            ecep:spe="North"
            ecep:syllab="1"
            ecep:pron="nɔːθ">North</w>
      </l>
      <l xml:id="cbu86-l13295">
         <c> </c>
         <w xml:id="cbu86-237080"
            n="177-a-0290"
            ecep:lem="upon"
            ecep:pos="p-acp"
            ecep:reg="Upon"
            ecep:spe="Upon"
            ecep:syllab="2"
            ecep:pron="əˈpɒn">Upon</w>
         <c> </c>
         <w xml:id="cbu86-237090"
            n="177-a-0300"
            ecep:lem="thy"
            ecep:pos="po21"
            ecep:reg="thy"
            ecep:spe="thy"
            ecep:syllab="1"
            ecep:pron="ðaɪ">thy</w>
         <c> </c>
         <w xml:id="cbu86-237100"
            n="177-a-0310"
            ecep:lem="early"
            ecep:pos="j"
            ecep:reg="early"
            ecep:spe="early"
            ecep:syllab="2"
            ecep:pron="ˈɜːli">early</w>
         <pc xml:id="cbu86-237110"
             n="177-a-0320"
             ecep:lem=","
             ecep:pos=","
             ecep:reg=","
             ecep:spe=",">,</pc>
         <c> </c>
         <w xml:id="cbu86-237120"
            n="177-a-0330"
            ecep:lem="humble"
            ecep:pos="j"
            ecep:reg="humble"
            ecep:spe="humble"
            ecep:syllab="2"
            ecep:pron="ˈhʌmbl">humble</w>
         <c> </c>
         <w xml:id="cbu86-237130"
            n="177-a-0340"
            ecep:lem="birth"
            ecep:pos="n1"
            ecep:reg="birth"
            ecep:spe="birth"
            ecep:syllab="1"
            ecep:pron="bɜːθ">birth</w>
         <pc xml:id="cbu86-237140"
             n="177-a-0350"
             ecep:lem=";"
             ecep:pos=";"
             ecep:reg=";"
             ecep:spe=";">;</pc>
      </l>
      <l xml:id="cbu86-l13300">
         <c> </c>
         <w xml:id="cbu86-237150"
            n="177-a-0360"
            ecep:lem="yet"
            ecep:pos="av"
            ecep:reg="Yet"
            ecep:spe="Yet"
            ecep:syllab="1"
            ecep:pron="jet">Yet</w>
         <c> </c>
         <w xml:id="cbu86-237160"
            n="177-a-0370"
            ecep:lem="cheerful"
            ecep:pos="av-j"
            ecep:reg="cheerfully"
            ecep:spe="chearfully"
            ecep:syllab="3"
            ecep:pron="tʃˈiəfəlɪ">chearfully</w>
         <c> </c>
         <w xml:id="cbu86-237170"
            n="177-a-0380"
            ecep:lem="thou"
            ecep:pos="pns21"
            ecep:reg="thou"
            ecep:spe="thou"
            ecep:syllab="1"
            ecep:pron="θaʊ">thou</w>
         <c> </c>
         <w xml:id="cbu86-237180"
            n="177-a-0390"
            ecep:lem="glint"
            ecep:pos="vvn"
            ecep:reg="glinted"
            ecep:spe="glinted"
            ecep:syllab="2"
            ecep:pron="glɪntɪd">glinted</w>
         <c> </c>
         <w xml:id="cbu86-237190"
            n="177-a-0400"
            ecep:lem="forth"
            ecep:pos="av"
            ecep:reg="forth"
            ecep:spe="forth"
            ecep:syllab="1"
            ecep:pron="fɔːθ">forth</w>
      </l>
      <l xml:id="cbu86-l13305">
         <c> </c>
         <w xml:id="cbu86-237200"
            n="177-a-0410"
            ecep:lem="amid"
            ecep:pos="p-acp"
            ecep:reg="Amid"
            ecep:spe="Amid"
            ecep:syllab="2"
            ecep:pron="əˈmɪd">Amid</w>
         <c> </c>
         <w xml:id="cbu86-237210"
            n="177-a-0420"
            ecep:lem="the"
            ecep:pos="dt"
            ecep:reg="the"
            ecep:spe="the"
            ecep:syllab="1"
            ecep:pron="ðiː">the</w>
         <c> </c>
         <w xml:id="cbu86-237220"
            n="177-a-0430"
            ecep:lem="storm"
            ecep:pos="n1"
            ecep:reg="storm"
            ecep:spe="storm"
            ecep:syllab="1"
            ecep:pron="stɔːm">storm</w>
         <pc xml:id="cbu86-237230"
             n="177-a-0440"
             ecep:lem=","
             ecep:pos=","
             ecep:reg=","
             ecep:spe=",">,</pc>
      </l>
      <l xml:id="cbu86-l13310">
         <c> </c>
         <w xml:id="cbu86-237240"
            n="177-a-0450"
            ecep:lem="scarce"
            ecep:pos="av-j"
            ecep:reg="Scarce"
            ecep:spe="Scarce"
            ecep:syllab="1"
            ecep:pron="skeəs">Scarce</w>
         <c> </c>
         <w xml:id="cbu86-237250"
            n="177-a-0460"
            ecep:lem="rear"
            ecep:pos="vvn"
            ecep:reg="reared"
            ecep:spe="rear'd"
            ecep:syllab="1"
            ecep:pron="rɪəd">rear'd</w>
         <c> </c>
         <w xml:id="cbu86-237260"
            n="177-a-0470"
            ecep:lem="above"
            ecep:pos="p-acp"
            ecep:reg="above"
            ecep:spe="above"
            ecep:syllab="2"
            ecep:pron="əˈbʌv">above</w>
         <c> </c>
         <w xml:id="cbu86-237270"
            n="177-a-0480"
            ecep:lem="the"
            ecep:pos="dt"
            ecep:reg="the"
            ecep:spe="the"
            ecep:syllab="1"
            ecep:pron="ðiː">the</w>
         <c> </c>
         <w xml:id="cbu86-237280"
            n="177-a-0490"
            ecep:lem="parent-earth"
            ecep:pos="n1"
            ecep:reg="Parent-earth"
            ecep:spe="Parent-earth"
            ecep:syllab="3"
            ecep:pron="ˈpeərntˌɜːθ">Parent-earth</w>
      </l>
      <l xml:id="cbu86-l13315">
         <c> </c>
         <w xml:id="cbu86-237290"
            n="177-a-0500"
            ecep:lem="thy"
            ecep:pos="po21"
            ecep:reg="Thy"
            ecep:spe="Thy"
            ecep:syllab="1"
            ecep:pron="ðaɪ">Thy</w>
         <c> </c>
         <w xml:id="cbu86-237300"
            n="177-a-0510"
            ecep:lem="tender"
            ecep:pos="j"
            ecep:reg="tender"
            ecep:spe="tender"
            ecep:syllab="2"
            ecep:pron="ˈtendə">tender</w>
         <c> </c>
         <w xml:id="cbu86-237310"
            n="177-a-0520"
            ecep:lem="form"
            ecep:pos="n1"
            ecep:reg="form"
            ecep:spe="form"
            ecep:syllab="1"
            ecep:pron="fɔːm">form</w>
         <pc xml:id="cbu86-237320"
             n="177-a-0530"
             unit="sentence"
             ecep:lem="."
             ecep:pos="."
             ecep:reg="."
             ecep:spe=".">.</pc>
         <c> </c>
      </l>
   </lg>
   <lg xml:id="cbu86-s01855">
      <l xml:id="cbu86-l13320">
         <w xml:id="cbu86-237350"
            n="177-a-0540"
            ecep:lem="the"
            ecep:pos="dt"
            ecep:reg="The"
            ecep:spe="The"
            ecep:syllab="1"
            ecep:pron="ðiː">The</w>
         <c> </c>
         <w xml:id="cbu86-237360"
            n="177-a-0550"
            ecep:lem="flaunt"
            ecep:pos="j-vvg"
            ecep:reg="flaunting"
            ecep:spe="flaunting"
            ecep:syllab="2"
            ecep:pron="flɔːntɪŋ">flaunting</w>
         <c> </c>
         <w xml:id="cbu86-237370"
            n="177-a-0560"
            ecep:lem="flower"
            ecep:pos="n2"
            ecep:reg="flowers"
            ecep:spe="flow'rs"
            ecep:syllab="1"
            ecep:pron="flæəz">flow'rs</w>
         <c> </c>
         <w xml:id="cbu86-237380"
            n="177-a-0570"
            ecep:lem="our"
            ecep:pos="po12"
            ecep:reg="our"
            ecep:spe="our"
            ecep:syllab="1"
            ecep:pron="æə">our</w>
         <c> </c>
         <w xml:id="cbu86-237390"
            n="177-a-0580"
            ecep:lem="garden"
            ecep:pos="n2"
            ecep:reg="Gardens"
            ecep:spe="Gardens"
            ecep:syllab="2"
            ecep:pron="ˈgɑːdnz">Gardens</w>
         <c> </c>
         <w xml:id="cbu86-237400"
            n="177-a-0590"
            ecep:lem="yield"
            ecep:pos="vvi"
            ecep:reg="yield"
            ecep:spe="yield"
            ecep:syllab="1"
            ecep:pron="jiːld">yield</w>
         <pc xml:id="cbu86-237410"
             n="177-a-0600"
             ecep:lem=","
             ecep:pos=","
             ecep:reg=","
             ecep:spe=",">,</pc>
      </l>
      <l xml:id="cbu86-l13325">
         <c> </c>
         <w xml:id="cbu86-237420"
            n="177-a-0610"
            ecep:lem="high-shelt'ring"
            ecep:pos="j"
            ecep:reg="High-shelt'ring"
            ecep:spe="High-shelt'ring"
            ecep:syllab="3"
            ecep:pron="hˈaɪʃˈeltrɪŋ">High-shelt'ring</w>
         <c> </c>
         <w xml:id="cbu86-237430"
            n="177-a-0620"
            ecep:lem="wood"
            ecep:pos="n2"
            ecep:reg="woods"
            ecep:spe="woods"
            ecep:syllab="1"
            ecep:pron="wʊdz">woods</w>
         <c> </c>
         <w xml:id="cbu86-237440"
            n="177-a-0630"
            ecep:lem="and"
            ecep:pos="cc"
            ecep:reg="and"
            ecep:spe="and"
            ecep:syllab="1"
            ecep:pron="ænd">and</w>
         <c> </c>
         <w xml:id="cbu86-237450"
            n="177-a-0640"
            ecep:lem="wall"
            ecep:pos="n2"
            ecep:reg="wa's"
            ecep:spe="wa's"
            ecep:syllab="1"
            ecep:pron="wˈɑːz">wa's</w>
         <c> </c>
         <w xml:id="cbu86-237460"
            n="177-a-0650"
            ecep:lem="must"
            ecep:pos="vmb"
            ecep:reg="maun"
            ecep:spe="maun"
            ecep:syllab="1"
            ecep:pron="mʌn">maun</w>
         <c> </c>
         <w xml:id="cbu86-237470"
            n="177-a-0660"
            ecep:lem="shield"
            ecep:pos="vvi"
            ecep:reg="shield"
            ecep:spe="shield"
            ecep:syllab="1"
            ecep:pron="ʃiːld">shield</w>
         <pc xml:id="cbu86-237480"
             n="177-a-0670"
             ecep:lem=","
             ecep:pos=","
             ecep:reg=","
             ecep:spe=",">,</pc>
      </l>
      <l xml:id="cbu86-l13330">
         <c> </c>
         <w xml:id="cbu86-237490"
            n="177-a-0680"
            ecep:lem="but"
            ecep:pos="cc-acp"
            ecep:reg="But"
            ecep:spe="But"
            ecep:syllab="1"
            ecep:pron="bʌt">But</w>
         <c> </c>
         <w xml:id="cbu86-237500"
            n="177-a-0690"
            ecep:lem="thou"
            ecep:pos="pns21"
            ecep:reg="thou"
            ecep:spe="thou"
            ecep:syllab="1"
            ecep:pron="θaʊ">thou</w>
         <pc xml:id="cbu86-237510"
             n="177-a-0700"
             ecep:lem=","
             ecep:pos=","
             ecep:reg=","
             ecep:spe=",">,</pc>
         <c> </c>
         <w xml:id="cbu86-237520"
            n="177-a-0710"
            ecep:lem="beneath"
            ecep:pos="p-acp"
            ecep:reg="beneath"
            ecep:spe="beneath"
            ecep:syllab="2"
            ecep:pron="bɪˈniːθ">beneath</w>
         <c> </c>
         <w xml:id="cbu86-237530"
            n="177-a-0720"
            ecep:lem="the"
            ecep:pos="dt"
            ecep:reg="the"
            ecep:spe="the"
            ecep:syllab="1"
            ecep:pron="ðiː">the</w>
         <c> </c>
         <w xml:id="cbu86-237540"
            n="177-a-0730"
            ecep:lem="random"
            ecep:pos="j"
            ecep:reg="random"
            ecep:spe="random"
            ecep:syllab="2"
            ecep:pron="ˈrændəm">random</w>
         <c> </c>
         <w xml:id="cbu86-237550"
            n="177-a-0740"
            ecep:lem="bield"
            ecep:pos="n1"
            ecep:reg="bield"
            ecep:spe="bield"
            ecep:syllab="1"
            ecep:pron="biːld">bield</w>
      </l>
      <l xml:id="cbu86-l13335">
         <c> </c>
         <w xml:id="cbu86-237560"
            n="177-a-0750"
            ecep:lem="of"
            ecep:pos="pp-f"
            ecep:reg="OF"
            ecep:spe="O'"
            ecep:syllab="1"
            ecep:pron="əʊ">O'</w>
         <c> </c>
         <w xml:id="cbu86-237570"
            n="177-a-0760"
            ecep:lem="clod"
            ecep:pos="n1"
            ecep:reg="clod"
            ecep:spe="clod"
            ecep:syllab="1"
            ecep:pron="klɒd">clod</w>
         <c> </c>
         <w xml:id="cbu86-237580"
            n="177-a-0770"
            ecep:lem="or"
            ecep:pos="cc"
            ecep:reg="or"
            ecep:spe="or"
            ecep:syllab="1"
            ecep:pron="ɔː">or</w>
         <c> </c>
         <w xml:id="cbu86-237590"
            n="177-a-0780"
            ecep:lem="stane"
            ecep:pos="n1"
            ecep:reg="stane"
            ecep:spe="stane"
            ecep:syllab="1"
            ecep:pron="steɪn">stane</w>
         <pc xml:id="cbu86-237600"
             n="177-a-0790"
             ecep:lem=","
             ecep:pos=","
             ecep:reg=","
             ecep:spe=",">,</pc>
      </l>
      <l xml:id="cbu86-l13340">
         <c> </c>
         <w xml:id="cbu86-237610"
            n="177-a-0800"
            ecep:lem="adorn"
            ecep:pos="vvz"
            ecep:reg="Adorns"
            ecep:spe="Adorns"
            ecep:syllab="2"
            ecep:pron="əˈdɔːnz">Adorns</w>
         <c> </c>
         <w xml:id="cbu86-237620"
            n="177-a-0810"
            ecep:lem="the"
            ecep:pos="dt"
            ecep:reg="the"
            ecep:spe="the"
            ecep:syllab="1"
            ecep:pron="ðiː">the</w>
         <c> </c>
         <w xml:id="cbu86-237630"
            n="177-a-0820"
            ecep:lem="histie"
            ecep:pos="j"
            ecep:reg="histie"
            ecep:spe="histie"
            ecep:syllab="2"
            ecep:pron="hˈɪsti">histie</w>
         <c> </c>
         <w xml:id="cbu86-237640"
            n="177-a-0830"
            ecep:lem="stibble-field"
            ecep:pos="n1"
            ecep:reg="stibble-field"
            ecep:spe="stibble-field"
            ecep:syllab="3"
            ecep:pron="stˈɪbəlfˈiːld">stibble-field</w>
         <pc xml:id="cbu86-237650"
             n="177-a-0840"
             ecep:lem=","
             ecep:pos=","
             ecep:reg=","
             ecep:spe=",">,</pc>
      </l>
      <l xml:id="cbu86-l13345">
         <c> </c>
         <w xml:id="cbu86-237660"
            n="177-a-0850"
            ecep:lem="unseen"
            ecep:pos="j"
            ecep:reg="Unseen"
            ecep:spe="Unseen"
            ecep:syllab="2"
            ecep:pron="ʌnˈsiːn">Unseen</w>
         <pc xml:id="cbu86-237670"
             n="177-a-0860"
             ecep:lem=","
             ecep:pos=","
             ecep:reg=","
             ecep:spe=",">,</pc>
         <c> </c>
         <w xml:id="cbu86-237680"
            n="177-a-0870"
            ecep:lem="alone"
            ecep:pos="j"
            ecep:reg="alane"
            ecep:spe="alane"
            ecep:syllab="2"
            ecep:pron="ʌlˈeɪn">alane</w>
         <pc xml:id="cbu86-237690"
             n="177-a-0880"
             unit="sentence"
             ecep:lem="."
             ecep:pos="."
             ecep:reg="."
             ecep:spe=".">.</pc>
         <c> </c>
      </l>
   </lg>
   <lg xml:id="cbu86-s01860">
      <l xml:id="cbu86-l13350">
         <w xml:id="cbu86-237720"
            n="177-a-0890"
            ecep:lem="there"
            ecep:pos="a-acp"
            ecep:reg="There"
            ecep:spe="There"
            ecep:syllab="1"
            ecep:pron="ðeə">There</w>
         <pc xml:id="cbu86-237730"
             n="177-a-0900"
             ecep:lem=","
             ecep:pos=","
             ecep:reg=","
             ecep:spe=",">,</pc>
         <c> </c>
         <w xml:id="cbu86-237740"
            n="177-a-0910"
            ecep:lem="in"
            ecep:pos="p-acp"
            ecep:reg="in"
            ecep:spe="in"
            ecep:syllab="1"
            ecep:pron="ɪn">in</w>
         <c> </c>
         <w xml:id="cbu86-237750"
            n="177-a-0920"
            ecep:lem="thy"
            ecep:pos="po21"
            ecep:reg="thy"
            ecep:spe="thy"
            ecep:syllab="1"
            ecep:pron="ðaɪ">thy</w>
         <c> </c>
         <w xml:id="cbu86-237760"
            n="177-a-0930"
            ecep:lem="scanty"
            ecep:pos="j"
            ecep:reg="scanty"
            ecep:spe="scanty"
            ecep:syllab="2"
            ecep:pron="ˈskænti">scanty</w>
         <c> </c>
         <w xml:id="cbu86-237770"
            n="177-a-0940"
            ecep:lem="mantle"
            ecep:pos="n1"
            ecep:reg="mantle"
            ecep:spe="mantle"
            ecep:syllab="2"
            ecep:pron="ˈmæntl">mantle</w>
         <c> </c>
         <w xml:id="cbu86-237780"
            n="177-a-0950"
            ecep:lem="clad"
            ecep:pos="vvn"
            ecep:reg="clad"
            ecep:spe="clad"
            ecep:syllab="1"
            ecep:pron="klæd">clad</w>
         <pc xml:id="cbu86-237790"
             n="177-a-0960"
             ecep:lem=","
             ecep:pos=","
             ecep:reg=","
             ecep:spe=",">,</pc>
      </l>
      <l xml:id="cbu86-l13355">
         <c> </c>
         <w xml:id="cbu86-237800"
            n="177-a-0970"
            ecep:lem="thy"
            ecep:pos="po21"
            ecep:reg="Thy"
            ecep:spe="Thy"
            ecep:syllab="1"
            ecep:pron="ðaɪ">Thy</w>
         <c> </c>
         <w xml:id="cbu86-237810"
            n="177-a-0980"
            ecep:lem="snawie"
            ecep:pos="j"
            ecep:reg="snawie"
            ecep:spe="snawie"
            ecep:syllab="2"
            ecep:pron="snˈæwi">snawie</w>
         <c> </c>
         <w xml:id="cbu86-237820"
            n="177-a-0990"
            ecep:lem="bosom"
            ecep:pos="n1"
            ecep:reg="bosom"
            ecep:spe="bosom"
            ecep:syllab="2"
            ecep:pron="ˈbʊzm">bosom</w>
         <c> </c>
         <w xml:id="cbu86-237830"
            n="177-a-1000"
            ecep:lem="sunward"
            ecep:pos="n1"
            ecep:reg="sunward"
            ecep:spe="sun-ward"
            ecep:syllab="2"
            ecep:pron="sʌnˌwɔːd">sun-ward</w>
         <c> </c>
         <w xml:id="cbu86-237840"
            n="177-a-1010"
            ecep:lem="spread"
            ecep:pos="vvn"
            ecep:reg="spread"
            ecep:spe="spread"
            ecep:syllab="1"
            ecep:pron="spred">spread</w>
         <pc xml:id="cbu86-237850"
             n="177-a-1020"
             ecep:lem=","
             ecep:pos=","
             ecep:reg=","
             ecep:spe=",">,</pc>
      </l>
      <l xml:id="cbu86-l13360">
         <c> </c>
         <w xml:id="cbu86-237860"
            n="177-a-1030"
            ecep:lem="thou"
            ecep:pos="pns21"
            ecep:reg="Thou"
            ecep:spe="Thou"
            ecep:syllab="1"
            ecep:pron="θaʊ">Thou</w>
         <c> </c>
         <w xml:id="cbu86-237870"
            n="177-a-1040"
            ecep:lem="lift"
            ecep:pos="vvz"
            ecep:reg="lifts"
            ecep:spe="lifts"
            ecep:syllab="1"
            ecep:pron="lɪfts">lifts</w>
         <c> </c>
         <w xml:id="cbu86-237880"
            n="177-a-1050"
            ecep:lem="thy"
            ecep:pos="po21"
            ecep:reg="thy"
            ecep:spe="thy"
            ecep:syllab="1"
            ecep:pron="ðaɪ">thy</w>
         <c> </c>
         <w xml:id="cbu86-237890"
            n="177-a-1060"
            ecep:lem="unassuming"
            ecep:pos="j"
            ecep:reg="unassuming"
            ecep:spe="unassuming"
            ecep:syllab="4"
            ecep:pron="ˌʌnəˈsjuːmɪŋ">unassuming</w>
         <c> </c>
         <w xml:id="cbu86-237900"
            n="177-a-1070"
            ecep:lem="head"
            ecep:pos="n1"
            ecep:reg="head"
            ecep:spe="head"
            ecep:syllab="1"
            ecep:pron="hed">head</w>
      </l>
      <l xml:id="cbu86-l13365">
         <c> </c>
         <w xml:id="cbu86-237910"
            n="177-a-1080"
            ecep:lem="in"
            ecep:pos="p-acp"
            ecep:reg="In"
            ecep:spe="In"
            ecep:syllab="1"
            ecep:pron="ɪn">In</w>
         <c> </c>
         <w xml:id="cbu86-237920"
            n="177-a-1090"
            ecep:lem="humble"
            ecep:pos="j"
            ecep:reg="humble"
            ecep:spe="humble"
            ecep:syllab="2"
            ecep:pron="ˈhʌmbl">humble</w>
         <c> </c>
         <w xml:id="cbu86-237930"
            n="177-a-1100"
            ecep:lem="guise"
            ecep:pos="n1"
            ecep:reg="guise"
            ecep:spe="guise"
            ecep:syllab="1"
            ecep:pron="gaɪz">guise</w>
         <pc xml:id="cbu86-237940"
             n="177-a-1110"
             ecep:lem=";"
             ecep:pos=";"
             ecep:reg=";"
             ecep:spe=";">;</pc>
      </l>
      <pb facs="cbu86/0178" n="172" rend="none"/>
      <l xml:id="cbu86-l13370">
         <c> </c>
         <w xml:id="cbu86-237950"
            n="178-a-0010"
            ecep:lem="but"
            ecep:pos="cc-acp"
            ecep:reg="But"
            ecep:spe="But"
            ecep:syllab="1"
            ecep:pron="bʌt">But</w>
         <c> </c>
         <w xml:id="cbu86-237960"
            n="178-a-0020"
            ecep:lem="now"
            ecep:pos="av"
            ecep:reg="now"
            ecep:spe="now"
            ecep:syllab="1"
            ecep:pron="naʊ">now</w>
         <c> </c>
         <w xml:id="cbu86-237970"
            n="178-a-0030"
            ecep:lem="the"
            ecep:pos="dt"
            ecep:reg="the"
            ecep:spe="the"
            ecep:syllab="1"
            ecep:pron="ðiː">the</w>
         <c> </c>
         <w xml:id="cbu86-237980"
            n="178-a-0040"
            ecep:lem="share"
            ecep:pos="n1"
            ecep:reg="share"
            ecep:spe="share"
            ecep:syllab="1"
            ecep:pron="ʃeə">share</w>
         <c> </c>
         <w xml:id="cbu86-237990"
            n="178-a-0050"
            ecep:lem="uptear"
            ecep:pos="vvz"
            ecep:reg="uptears"
            ecep:spe="uptears"
            ecep:syllab="2"
            ecep:pron="ˈʌptiəz">uptears</w>
         <c> </c>
         <w xml:id="cbu86-238000"
            n="178-a-0060"
            ecep:lem="thy"
            ecep:pos="po21"
            ecep:reg="thy"
            ecep:spe="thy"
            ecep:syllab="1"
            ecep:pron="ðaɪ">thy</w>
         <c> </c>
         <w xml:id="cbu86-238010"
            n="178-a-0070"
            ecep:lem="bed"
            ecep:pos="n1"
            ecep:reg="bed"
            ecep:spe="bed"
            ecep:syllab="1"
            ecep:pron="bed">bed</w>
         <pc xml:id="cbu86-238020"
             n="178-a-0080"
             ecep:lem=","
             ecep:pos=","
             ecep:reg=","
             ecep:spe=",">,</pc>
      </l>
      <l xml:id="cbu86-l13375">
         <c> </c>
         <w xml:id="cbu86-238030"
            n="178-a-0090"
            ecep:lem="and"
            ecep:pos="cc"
            ecep:reg="And"
            ecep:spe="And"
            ecep:syllab="1"
            ecep:pron="ænd">And</w>
         <c> </c>
         <w xml:id="cbu86-238040"
            n="178-a-0100"
            ecep:lem="low"
            ecep:pos="av-j"
            ecep:reg="low"
            ecep:spe="low"
            ecep:syllab="1"
            ecep:pron="ləʊ">low</w>
         <c> </c>
         <w xml:id="cbu86-238050"
            n="178-a-0110"
            ecep:lem="thou"
            ecep:pos="pns21"
            ecep:reg="thou"
            ecep:spe="thou"
            ecep:syllab="1"
            ecep:pron="θaʊ">thou</w>
         <c> </c>
         <w xml:id="cbu86-238060"
            n="178-a-0120"
            ecep:lem="lie"
            ecep:pos="n2"
            ecep:reg="lies"
            ecep:spe="lies"
            ecep:syllab="1"
            ecep:pron="laɪz">lies</w>
         <pc xml:id="cbu86-238070"
             n="178-a-0130"
             unit="sentence"
             ecep:lem="!"
             ecep:pos="!"
             ecep:reg="!"
             ecep:spe="!">!</pc>
         <c> </c>
      </l>
   </lg>
   <lg xml:id="cbu86-s01865">
      <l xml:id="cbu86-l13380">
         <w xml:id="cbu86-238100"
            n="178-a-0140"
            ecep:lem="such"
            ecep:pos="d"
            ecep:reg="Such"
            ecep:spe="Such"
            ecep:syllab="1"
            ecep:pron="sʌtʃ">Such</w>
         <c> </c>
         <w xml:id="cbu86-238110"
            n="178-a-0150"
            ecep:lem="be"
            ecep:pos="vbz"
            ecep:reg="is"
            ecep:spe="is"
            ecep:syllab="1"
            ecep:pron="ɪz">is</w>
         <c> </c>
         <w xml:id="cbu86-238120"
            n="178-a-0160"
            ecep:lem="the"
            ecep:pos="dt"
            ecep:reg="the"
            ecep:spe="the"
            ecep:syllab="1"
            ecep:pron="ðiː">the</w>
         <c> </c>
         <w xml:id="cbu86-238130"
            n="178-a-0170"
            ecep:lem="fate"
            ecep:pos="n1"
            ecep:reg="fate"
            ecep:spe="fate"
            ecep:syllab="1"
            ecep:pron="feɪt">fate</w>
         <c> </c>
         <w xml:id="cbu86-238140"
            n="178-a-0180"
            ecep:lem="of"
            ecep:pos="pp-f"
            ecep:reg="of"
            ecep:spe="of"
            ecep:syllab="1"
            ecep:pron="ɒv">of</w>
         <c> </c>
         <w xml:id="cbu86-238150"
            n="178-a-0190"
            ecep:lem="artless"
            ecep:pos="j"
            ecep:reg="artless"
            ecep:spe="artless"
            ecep:syllab="2"
            ecep:pron="ˈɑːtləs">artless</w>
         <c> </c>
         <w xml:id="cbu86-238160"
            n="178-a-0200"
            ecep:lem="maid"
            ecep:pos="n1"
            ecep:reg="Maid"
            ecep:spe="Maid"
            ecep:syllab="1"
            ecep:pron="meɪd">Maid</w>
         <pc xml:id="cbu86-238170"
             n="178-a-0210"
             ecep:lem=","
             ecep:pos=","
             ecep:reg=","
             ecep:spe=",">,</pc>
      </l>
      <l xml:id="cbu86-l13385">
         <c> </c>
         <w xml:id="cbu86-238180"
            n="178-a-0220"
            ecep:lem="sweet"
            ecep:pos="j"
            ecep:reg="Sweet"
            ecep:spe="Sweet"
            ecep:syllab="1"
            ecep:pron="swiːt">Sweet</w>
         <c> </c>
         <w xml:id="cbu86-238190"
            n="178-a-0230"
            ecep:lem="floweret"
            ecep:pos="n1"
            ecep:reg="floweret"
            ecep:spe="flow'ret"
            ecep:syllab="2"
            ecep:pron="flˈəʊrɪt">flow'ret</w>
         <c> </c>
         <w xml:id="cbu86-238200"
            n="178-a-0240"
            ecep:lem="of"
            ecep:pos="pp-f"
            ecep:reg="of"
            ecep:spe="of"
            ecep:syllab="1"
            ecep:pron="ɒv">of</w>
         <c> </c>
         <w xml:id="cbu86-238210"
            n="178-a-0250"
            ecep:lem="the"
            ecep:pos="dt"
            ecep:reg="the"
            ecep:spe="the"
            ecep:syllab="1"
            ecep:pron="ðiː">the</w>
         <c> </c>
         <w xml:id="cbu86-238220"
            n="178-a-0260"
            ecep:lem="rural"
            ecep:pos="j"
            ecep:reg="rural"
            ecep:spe="rural"
            ecep:syllab="2"
            ecep:pron="ˈrʊərl">rural</w>
         <c> </c>
         <w xml:id="cbu86-238230"
            n="178-a-0270"
            ecep:lem="shade"
            ecep:pos="n1"
            ecep:reg="shade"
            ecep:spe="shade"
            ecep:syllab="1"
            ecep:pron="ʃeɪd">shade</w>
         <pc xml:id="cbu86-238240"
             n="178-a-0280"
             unit="sentence"
             ecep:lem="!"
             ecep:pos="!"
             ecep:reg="!"
             ecep:spe="!">!</pc>
         <c> </c>
      </l>
      <l xml:id="cbu86-l13390">
         <w xml:id="cbu86-238250"
            n="178-a-0290"
            ecep:lem="by"
            ecep:pos="p-acp"
            ecep:reg="By"
            ecep:spe="By"
            ecep:syllab="1"
            ecep:pron="baɪ">By</w>
         <c> </c>
         <w xml:id="cbu86-238260"
            n="178-a-0300"
            ecep:lem="love"
            ecep:pos="ng1"
            ecep:reg="Love's"
            ecep:spe="Love's"
            ecep:syllab="1"
            ecep:pron="ˈlʌvz">Love's</w>
         <c> </c>
         <w xml:id="cbu86-238270"
            n="178-a-0310"
            ecep:lem="simplicity"
            ecep:pos="n1"
            ecep:reg="simplicity"
            ecep:spe="simplicity"
            ecep:syllab="4"
            ecep:pron="sɪmˈplɪsəti">simplicity</w>
         <c> </c>
         <w xml:id="cbu86-238280"
            n="178-a-0320"
            ecep:lem="betray"
            ecep:pos="vvn"
            ecep:reg="betrayed"
            ecep:spe="betray'd"
            ecep:syllab="2"
            ecep:pron="bɪˈtreɪd">betray'd</w>
         <pc xml:id="cbu86-238290"
             n="178-a-0330"
             ecep:lem=","
             ecep:pos=","
             ecep:reg=","
             ecep:spe=",">,</pc>
      </l>
      <l xml:id="cbu86-l13395">
         <c> </c>
         <w xml:id="cbu86-238300"
            n="178-a-0340"
            ecep:lem="and"
            ecep:pos="cc"
            ecep:reg="And"
            ecep:spe="And"
            ecep:syllab="1"
            ecep:pron="ænd">And</w>
         <c> </c>
         <w xml:id="cbu86-238310"
            n="178-a-0350"
            ecep:lem="guileless"
            ecep:pos="j"
            ecep:reg="guileless"
            ecep:spe="guileless"
            ecep:syllab="2"
            ecep:pron="ˈgaɪlləs">guileless</w>
         <c> </c>
         <w xml:id="cbu86-238320"
            n="178-a-0360"
            ecep:lem="trust"
            ecep:pos="n1"
            ecep:reg="trust"
            ecep:spe="trust"
            ecep:syllab="1"
            ecep:pron="trʌst">trust</w>
         <pc xml:id="cbu86-238330"
             n="178-a-0370"
             ecep:lem=","
             ecep:pos=","
             ecep:reg=","
             ecep:spe=",">,</pc>
      </l>
      <l xml:id="cbu86-l13400">
         <c> </c>
         <w xml:id="cbu86-238340"
            n="178-a-0380"
            ecep:lem="till"
            ecep:pos="c-acp"
            ecep:reg="Till"
            ecep:spe="Till"
            ecep:syllab="1"
            ecep:pron="tɪl">Till</w>
         <c> </c>
         <w xml:id="cbu86-238350"
            n="178-a-0390"
            ecep:lem="she"
            ecep:pos="pns31"
            ecep:reg="she"
            ecep:spe="she"
            ecep:syllab="1"
            ecep:pron="ʃiː">she</w>
         <pc xml:id="cbu86-238360"
             n="178-a-0400"
             ecep:lem=","
             ecep:pos=","
             ecep:reg=","
             ecep:spe=",">,</pc>
         <c> </c>
         <w xml:id="cbu86-238370"
            n="178-a-0410"
            ecep:lem="like"
            ecep:pos="vvb"
            ecep:reg="like"
            ecep:spe="like"
            ecep:syllab="1"
            ecep:pron="laɪk">like</w>
         <c> </c>
         <w xml:id="cbu86-238380"
            n="178-a-0420"
            ecep:lem="thou"
            ecep:pos="pno21"
            ecep:reg="thee"
            ecep:spe="thee"
            ecep:syllab="1"
            ecep:pron="ðiː">thee</w>
         <pc xml:id="cbu86-238390"
             n="178-a-0430"
             ecep:lem=","
             ecep:pos=","
             ecep:reg=","
             ecep:spe=",">,</pc>
         <c> </c>
         <w xml:id="cbu86-238400"
            n="178-a-0440"
            ecep:lem="all"
            ecep:pos="d"
            ecep:reg="all"
            ecep:spe="all"
            ecep:syllab="1"
            ecep:pron="ɔːl">all</w>
         <c> </c>
         <w xml:id="cbu86-238410"
            n="178-a-0450"
            ecep:lem="soil"
            ecep:pos="vvn"
            ecep:reg="soiled"
            ecep:spe="soil'd"
            ecep:syllab="1"
            ecep:pron="sɔɪld">soil'd</w>
         <pc xml:id="cbu86-238420"
             n="178-a-0460"
             ecep:lem=","
             ecep:pos=","
             ecep:reg=","
             ecep:spe=",">,</pc>
         <c> </c>
         <w xml:id="cbu86-238430"
            n="178-a-0470"
            ecep:lem="be"
            ecep:pos="vbz"
            ecep:reg="is"
            ecep:spe="is"
            ecep:syllab="1"
            ecep:pron="ɪz">is</w>
         <c> </c>
         <w xml:id="cbu86-238440"
            n="178-a-0480"
            ecep:lem="lay"
            ecep:pos="vvn"
            ecep:reg="laid"
            ecep:spe="laid"
            ecep:syllab="1"
            ecep:pron="leɪd">laid</w>
      </l>
      <l xml:id="cbu86-l13405">
         <c> </c>
         <w xml:id="cbu86-238450"
            n="178-a-0490"
            ecep:lem="low"
            ecep:pos="j"
            ecep:reg="Low"
            ecep:spe="Low"
            ecep:syllab="1"
            ecep:pron="ləʊ">Low</w>
         <c> </c>
         <w xml:id="cbu86-238460"
            n="178-a-0500"
            ecep:lem="in"
            ecep:pos="p-acp"
            ecep:reg="in"
            ecep:spe="i'"
            ecep:syllab="1"
            ecep:pron="aɪ">i'</w>
         <c> </c>
         <w xml:id="cbu86-238470"
            n="178-a-0510"
            ecep:lem="the"
            ecep:pos="dt"
            ecep:reg="the"
            ecep:spe="the"
            ecep:syllab="1"
            ecep:pron="ðiː">the</w>
         <c> </c>
         <w xml:id="cbu86-238480"
            n="178-a-0520"
            ecep:lem="dust"
            ecep:pos="n1"
            ecep:reg="dust"
            ecep:spe="dust"
            ecep:syllab="1"
            ecep:pron="dʌst">dust</w>
         <pc xml:id="cbu86-238490"
             n="178-a-0530"
             unit="sentence"
             ecep:lem="."
             ecep:pos="."
             ecep:reg="."
             ecep:spe=".">.</pc>
         <c> </c>
      </l>
   </lg>
   <lg xml:id="cbu86-s01870">
      <l xml:id="cbu86-l13410">
         <w xml:id="cbu86-238520"
            n="178-a-0540"
            ecep:lem="such"
            ecep:pos="d"
            ecep:reg="Such"
            ecep:spe="Such"
            ecep:syllab="1"
            ecep:pron="sʌtʃ">Such</w>
         <c> </c>
         <w xml:id="cbu86-238530"
            n="178-a-0550"
            ecep:lem="be"
            ecep:pos="vbz"
            ecep:reg="is"
            ecep:spe="is"
            ecep:syllab="1"
            ecep:pron="ɪz">is</w>
         <c> </c>
         <w xml:id="cbu86-238540"
            n="178-a-0560"
            ecep:lem="the"
            ecep:pos="dt"
            ecep:reg="the"
            ecep:spe="the"
            ecep:syllab="1"
            ecep:pron="ðiː">the</w>
         <c> </c>
         <w xml:id="cbu86-238550"
            n="178-a-0570"
            ecep:lem="fate"
            ecep:pos="n1"
            ecep:reg="fate"
            ecep:spe="fate"
            ecep:syllab="1"
            ecep:pron="feɪt">fate</w>
         <c> </c>
         <w xml:id="cbu86-238560"
            n="178-a-0580"
            ecep:lem="of"
            ecep:pos="pp-f"
            ecep:reg="of"
            ecep:spe="of"
            ecep:syllab="1"
            ecep:pron="ɒv">of</w>
         <c> </c>
         <w xml:id="cbu86-238570"
            n="178-a-0590"
            ecep:lem="simple"
            ecep:pos="j"
            ecep:reg="simple"
            ecep:spe="simple"
            ecep:syllab="2"
            ecep:pron="ˈsɪmpl">simple</w>
         <c> </c>
         <w xml:id="cbu86-238580"
            n="178-a-0600"
            ecep:lem="bard"
            ecep:pos="n1"
            ecep:reg="Bard"
            ecep:spe="Bard"
            ecep:syllab="1"
            ecep:pron="bɑːd">Bard</w>
         <pc xml:id="cbu86-238590"
             n="178-a-0610"
             ecep:lem=","
             ecep:pos=","
             ecep:reg=","
             ecep:spe=",">,</pc>
      </l>
      <l xml:id="cbu86-l13415">
         <c> </c>
         <w xml:id="cbu86-238600"
            n="178-a-0620"
            ecep:lem="on"
            ecep:pos="p-acp"
            ecep:reg="On"
            ecep:spe="On"
            ecep:syllab="1"
            ecep:pron="ɒn">On</w>
         <c> </c>
         <w xml:id="cbu86-238610"
            n="178-a-0630"
            ecep:lem="life"
            ecep:pos="ng1"
            ecep:reg="Life's"
            ecep:spe="Life's"
            ecep:syllab="1"
            ecep:pron="laɪfs">Life's</w>
         <c> </c>
         <w xml:id="cbu86-238620"
            n="178-a-0640"
            ecep:lem="rough"
            ecep:pos="j"
            ecep:reg="rough"
            ecep:spe="rough"
            ecep:syllab="1"
            ecep:pron="rʌf">rough</w>
         <c> </c>
         <w xml:id="cbu86-238630"
            n="178-a-0650"
            ecep:lem="ocean"
            ecep:pos="n1"
            ecep:reg="ocean"
            ecep:spe="ocean"
            ecep:syllab="2"
            ecep:pron="ˈəʊʃn">ocean</w>
         <c> </c>
         <w xml:id="cbu86-238640"
            n="178-a-0660"
            ecep:lem="luckless"
            ecep:pos="j"
            ecep:reg="luckless"
            ecep:spe="luckless"
            ecep:syllab="2"
            ecep:pron="ˈlʌkləs">luckless</w>
         <c> </c>
         <w xml:id="cbu86-238650"
            n="178-a-0670"
            ecep:lem="starred"
            ecep:pos="j"
            ecep:reg="starred"
            ecep:spe="starr'd"
            ecep:syllab="1"
            ecep:pron="stɑːd">starr'd</w>
         <pc xml:id="cbu86-238660"
             n="178-a-0680"
             unit="sentence"
             ecep:lem="!"
             ecep:pos="!"
             ecep:reg="!"
             ecep:spe="!">!</pc>
         <c> </c>
      </l>
      <l xml:id="cbu86-l13420">
         <w xml:id="cbu86-238670"
            n="178-a-0690"
            ecep:lem="unskilful"
            ecep:pos="j"
            ecep:reg="Unskilful"
            ecep:spe="Unskilful"
            ecep:syllab="3"
            ecep:pron="ʌnˈskɪlfl">Unskilful</w>
         <c> </c>
         <w xml:id="cbu86-238680"
            n="178-a-0700"
            ecep:lem="he"
            ecep:pos="pns31"
            ecep:reg="he"
            ecep:spe="he"
            ecep:syllab="1"
            ecep:pron="hiː">he</w>
         <c> </c>
         <w xml:id="cbu86-238690"
            n="178-a-0710"
            ecep:lem="to"
            ecep:pos="p-acp"
            ecep:reg="to"
            ecep:spe="to"
            ecep:syllab="1"
            ecep:pron="tuː">to</w>
         <c> </c>
         <w xml:id="cbu86-238700"
            n="178-a-0720"
            ecep:lem="note"
            ecep:pos="n1"
            ecep:reg="note"
            ecep:spe="note"
            ecep:syllab="1"
            ecep:pron="nəʊt">note</w>
         <c> </c>
         <w xml:id="cbu86-238710"
            n="178-a-0730"
            ecep:lem="the"
            ecep:pos="dt"
            ecep:reg="the"
            ecep:spe="the"
            ecep:syllab="1"
            ecep:pron="ðiː">the</w>
         <c> </c>
         <w xml:id="cbu86-238720"
            n="178-a-0740"
            ecep:lem="card"
            ecep:pos="n1"
            ecep:reg="card"
            ecep:spe="card"
            ecep:syllab="1"
            ecep:pron="kɑːd">card</w>
      </l>
      <l xml:id="cbu86-l13425">
         <c> </c>
         <w xml:id="cbu86-238730"
            n="178-a-0750"
            ecep:lem="of"
            ecep:pos="pp-f"
            ecep:reg="Of"
            ecep:spe="Of"
            ecep:syllab="1"
            ecep:pron="ɒv">Of</w>
         <c> </c>
         <w xml:id="cbu86-238740"
            n="178-a-0760"
            ecep:lem="prudent"
            ecep:pos="j"
            ecep:reg="prudent"
            ecep:spe="prudent"
            ecep:syllab="2"
            ecep:pron="ˈpruːdnt">prudent</w>
         <c> </c>
         <w xml:id="cbu86-238750"
            n="178-a-0770"
            ecep:lem="lore"
            ecep:pos="n1"
            ecep:reg="Lore"
            ecep:spe="Lore"
            ecep:syllab="1"
            ecep:pron="lɔː">Lore</w>
         <pc xml:id="cbu86-238760"
             n="178-a-0780"
             ecep:lem=","
             ecep:pos=","
             ecep:reg=","
             ecep:spe=",">,</pc>
      </l>
      <l xml:id="cbu86-l13430">
         <c> </c>
         <w xml:id="cbu86-238770"
            n="178-a-0790"
            ecep:lem="till"
            ecep:pos="c-acp"
            ecep:reg="Till"
            ecep:spe="Till"
            ecep:syllab="1"
            ecep:pron="tɪl">Till</w>
         <c> </c>
         <w xml:id="cbu86-238780"
            n="178-a-0800"
            ecep:lem="billow"
            ecep:pos="n2"
            ecep:reg="billows"
            ecep:spe="billows"
            ecep:syllab="2"
            ecep:pron="ˈbɪləʊz">billows</w>
         <c> </c>
         <w xml:id="cbu86-238790"
            n="178-a-0810"
            ecep:lem="rage"
            ecep:pos="n1"
            ecep:reg="rage"
            ecep:spe="rage"
            ecep:syllab="1"
            ecep:pron="reɪdʒ">rage</w>
         <pc xml:id="cbu86-238800"
             n="178-a-0820"
             ecep:lem=","
             ecep:pos=","
             ecep:reg=","
             ecep:spe=",">,</pc>
         <c> </c>
         <w xml:id="cbu86-238810"
            n="178-a-0830"
            ecep:lem="and"
            ecep:pos="cc"
            ecep:reg="and"
            ecep:spe="and"
            ecep:syllab="1"
            ecep:pron="ænd">and</w>
         <c> </c>
         <w xml:id="cbu86-238820"
            n="178-a-0840"
            ecep:lem="gale"
            ecep:pos="n2"
            ecep:reg="gales"
            ecep:spe="gales"
            ecep:syllab="1"
            ecep:pron="geɪlz">gales</w>
         <c> </c>
         <w xml:id="cbu86-238830"
            n="178-a-0850"
            ecep:lem="blow"
            ecep:pos="vvb"
            ecep:reg="blow"
            ecep:spe="blow"
            ecep:syllab="1"
            ecep:pron="bləʊ">blow</w>
         <c> </c>
         <w xml:id="cbu86-238840"
            n="178-a-0860"
            ecep:lem="hard"
            ecep:pos="j"
            ecep:reg="hard"
            ecep:spe="hard"
            ecep:syllab="1"
            ecep:pron="hɑːd">hard</w>
         <pc xml:id="cbu86-238850"
             n="178-a-0870"
             ecep:lem=","
             ecep:pos=","
             ecep:reg=","
             ecep:spe=",">,</pc>
      </l>
      <l xml:id="cbu86-l13435">
         <c> </c>
         <w xml:id="cbu86-238860"
            n="178-a-0880"
            ecep:lem="and"
            ecep:pos="cc"
            ecep:reg="And"
            ecep:spe="And"
            ecep:syllab="1"
            ecep:pron="ænd">And</w>
         <c> </c>
         <w xml:id="cbu86-238870"
            n="178-a-0890"
            ecep:lem="whelm"
            ecep:pos="vvb"
            ecep:reg="whelm"
            ecep:spe="whelm"
            ecep:syllab="1"
            ecep:pron="welm">whelm</w>
         <c> </c>
         <w xml:id="cbu86-238880"
            n="178-a-0900"
            ecep:lem="he"
            ecep:pos="pno31"
            ecep:reg="him"
            ecep:spe="him"
            ecep:syllab="1"
            ecep:pron="hɪm">him</w>
         <c> </c>
         <w xml:id="cbu86-238890"
            n="178-a-0910"
            ecep:lem="over"
            ecep:pos="a-acp"
            ecep:reg="over"
            ecep:spe="o'er"
            ecep:syllab="1"
            ecep:pron="ˈɔːə">o'er</w>
         <pc xml:id="cbu86-238900"
             n="178-a-0920"
             unit="sentence"
             ecep:lem="!"
             ecep:pos="!"
             ecep:reg="!"
             ecep:spe="!">!</pc>
         <c> </c>
      </l>
   </lg>
   <lg xml:id="cbu86-s01875">
      <l xml:id="cbu86-l13440">
         <w xml:id="cbu86-238930"
            n="178-a-0930"
            ecep:lem="such"
            ecep:pos="d"
            ecep:reg="Such"
            ecep:spe="Such"
            ecep:syllab="1"
            ecep:pron="sʌtʃ">Such</w>
         <c> </c>
         <w xml:id="cbu86-238940"
            n="178-a-0940"
            ecep:lem="fate"
            ecep:pos="n1"
            ecep:reg="fate"
            ecep:spe="fate"
            ecep:syllab="1"
            ecep:pron="feɪt">fate</w>
         <c> </c>
         <w xml:id="cbu86-238950"
            n="178-a-0950"
            ecep:lem="to"
            ecep:pos="p-acp"
            ecep:reg="to"
            ecep:spe="to"
            ecep:syllab="1"
            ecep:pron="tuː">to</w>
         <c> </c>
         <w xml:id="cbu86-238960"
            n="178-a-0960"
            ecep:lem="suffer"
            ecep:pos="vvg"
            ecep:reg="suffering"
            ecep:spe="suffering"
            ecep:syllab="3"
            ecep:pron="ˈsʌfrɪŋ">suffering</w>
         <c> </c>
         <w xml:id="cbu86-238970"
            n="178-a-0970"
            ecep:lem="worth"
            ecep:pos="j"
            ecep:reg="worth"
            ecep:spe="worth"
            ecep:syllab="1"
            ecep:pron="wɜːθ">worth</w>
         <c> </c>
         <w xml:id="cbu86-238980"
            n="178-a-0980"
            ecep:lem="be"
            ecep:pos="vbz"
            ecep:reg="is"
            ecep:spe="is"
            ecep:syllab="1"
            ecep:pron="ɪz">is</w>
         <c> </c>
         <w xml:id="cbu86-238990"
            n="178-a-0990"
            ecep:lem="give"
            ecep:pos="vvn"
            ecep:reg="given"
            ecep:spe="giv'n"
            ecep:syllab="1"
            ecep:pron="gɪvn">giv'n</w>
         <pc xml:id="cbu86-239000"
             n="178-a-1000"
             ecep:lem=","
             ecep:pos=","
             ecep:reg=","
             ecep:spe=",">,</pc>
      </l>
      <l xml:id="cbu86-l13445">
         <c> </c>
         <w xml:id="cbu86-239010"
            n="178-a-1010"
            ecep:lem="who"
            ecep:pos="q-crq"
            ecep:reg="Who"
            ecep:spe="Who"
            ecep:syllab="1"
            ecep:pron="huː">Who</w>
         <c> </c>
         <w xml:id="cbu86-239020"
            n="178-a-1020"
            ecep:lem="long"
            ecep:pos="av-j"
            ecep:reg="long"
            ecep:spe="long"
            ecep:syllab="1"
            ecep:pron="lɒŋ">long</w>
         <c> </c>
         <w xml:id="cbu86-239030"
            n="178-a-1030"
            ecep:lem="with"
            ecep:pos="p-acp"
            ecep:reg="with"
            ecep:spe="with"
            ecep:syllab="1"
            ecep:pron="wɪð">with</w>
         <c> </c>
         <w xml:id="cbu86-239040"
            n="178-a-1040"
            ecep:lem="want"
            ecep:pos="n2"
            ecep:reg="wants"
            ecep:spe="wants"
            ecep:syllab="1"
            ecep:pron="wɒnts">wants</w>
         <c> </c>
         <w xml:id="cbu86-239050"
            n="178-a-1050"
            ecep:lem="and"
            ecep:pos="cc"
            ecep:reg="and"
            ecep:spe="and"
            ecep:syllab="1"
            ecep:pron="ænd">and</w>
         <c> </c>
         <w xml:id="cbu86-239060"
            n="178-a-1060"
            ecep:lem="woe"
            ecep:pos="n2"
            ecep:reg="woes"
            ecep:spe="woes"
            ecep:syllab="1"
            ecep:pron="wəʊz">woes</w>
         <c> </c>
         <w xml:id="cbu86-239070"
            n="178-a-1070"
            ecep:lem="have"
            ecep:pos="vhz"
            ecep:reg="has"
            ecep:spe="has"
            ecep:syllab="1"
            ecep:pron="hæz">has</w>
         <c> </c>
         <w xml:id="cbu86-239080"
            n="178-a-1080"
            ecep:lem="strive"
            ecep:pos="vvn"
            ecep:reg="striven"
            ecep:spe="striv'n"
            ecep:syllab="1"
            ecep:pron="strˈɪvn">striv'n</w>
         <pc xml:id="cbu86-239090"
             n="178-a-1090"
             ecep:lem=","
             ecep:pos=","
             ecep:reg=","
             ecep:spe=",">,</pc>
      </l>
      <l xml:id="cbu86-l13450">
         <c> </c>
         <w xml:id="cbu86-239100"
            n="178-a-1100"
            ecep:lem="by"
            ecep:pos="p-acp"
            ecep:reg="By"
            ecep:spe="By"
            ecep:syllab="1"
            ecep:pron="baɪ">By</w>
         <c> </c>
         <w xml:id="cbu86-239110"
            n="178-a-1110"
            ecep:lem="human"
            ecep:pos="j"
            ecep:reg="human"
            ecep:spe="human"
            ecep:syllab="2"
            ecep:pron="ˈhjuːmən">human</w>
         <c> </c>
         <w xml:id="cbu86-239120"
            n="178-a-1120"
            ecep:lem="pride"
            ecep:pos="n1"
            ecep:reg="pride"
            ecep:spe="pride"
            ecep:syllab="1"
            ecep:pron="praɪd">pride</w>
         <c> </c>
         <w xml:id="cbu86-239130"
            n="178-a-1130"
            ecep:lem="or"
            ecep:pos="cc"
            ecep:reg="or"
            ecep:spe="or"
            ecep:syllab="1"
            ecep:pron="ɔː">or</w>
         <c> </c>
         <w xml:id="cbu86-239140"
            n="178-a-1140"
            ecep:lem="cunning"
            ecep:pos="n-jn"
            ecep:reg="cunning"
            ecep:spe="cunning"
            ecep:syllab="2"
            ecep:pron="ˈkʌnɪŋ">cunning</w>
         <c> </c>
         <w xml:id="cbu86-239150"
            n="178-a-1150"
            ecep:lem="drive"
            ecep:pos="vvn"
            ecep:reg="driven"
            ecep:spe="driv'n"
            ecep:syllab="1"
            ecep:pron="ˈdrɪvn">driv'n</w>
      </l>
      <l xml:id="cbu86-l13455">
         <c> </c>
         <w xml:id="cbu86-239160"
            n="178-a-1160"
            ecep:lem="to"
            ecep:pos="p-acp"
            ecep:reg="To"
            ecep:spe="To"
            ecep:syllab="1"
            ecep:pron="tuː">To</w>
         <c> </c>
         <w xml:id="cbu86-239170"
            n="178-a-1170"
            ecep:lem="misery"
            ecep:pos="ng1"
            ecep:reg="Misery's"
            ecep:spe="Mis'ry's"
            ecep:syllab="2"
            ecep:pron="ˈmɪzriz">Mis'ry's</w>
         <c> </c>
         <w xml:id="cbu86-239180"
            n="178-a-1180"
            ecep:lem="brink"
            ecep:pos="n1"
            ecep:reg="brink"
            ecep:spe="brink"
            ecep:syllab="1"
            ecep:pron="brɪŋk">brink</w>
         <pc xml:id="cbu86-239190"
             n="178-a-1190"
             ecep:lem=","
             ecep:pos=","
             ecep:reg=","
             ecep:spe=",">,</pc>
      </l>
      <l xml:id="cbu86-l13460">
         <c> </c>
         <w xml:id="cbu86-239200"
            n="178-a-1200"
            ecep:lem="till"
            ecep:pos="c-acp"
            ecep:reg="Till"
            ecep:spe="Till"
            ecep:syllab="1"
            ecep:pron="tɪl">Till</w>
         <c> </c>
         <w xml:id="cbu86-239210"
            n="178-a-1210"
            ecep:lem="wrench"
            ecep:pos="vvn"
            ecep:reg="wrenched"
            ecep:spe="wrench'd"
            ecep:syllab="1"
            ecep:pron="renʃt">wrench'd</w>
         <c> </c>
         <w xml:id="cbu86-239220"
            n="178-a-1220"
            ecep:lem="of"
            ecep:pos="pp-f"
            ecep:reg="of"
            ecep:spe="of"
            ecep:syllab="1"
            ecep:pron="ɒv">of</w>
         <c> </c>
         <w xml:id="cbu86-239230"
            n="178-a-1230"
            ecep:lem="every"
            ecep:pos="d"
            ecep:reg="every"
            ecep:spe="ev'ry"
            ecep:syllab="2"
            ecep:pron="ˈevri">ev'ry</w>
         <c> </c>
         <w xml:id="cbu86-239240"
            n="178-a-1240"
            ecep:lem="stay"
            ecep:pos="n1"
            ecep:reg="stay"
            ecep:spe="stay"
            ecep:syllab="1"
            ecep:pron="steɪ">stay</w>
         <c> </c>
         <w xml:id="cbu86-239250"
            n="178-a-1250"
            ecep:lem="but"
            ecep:pos="p-acp"
            ecep:reg="but"
            ecep:spe="but"
            ecep:syllab="1"
            ecep:pron="bʌt">but</w>
         <c> </c>
         <w xml:id="cbu86-239260"
            n="178-a-1260"
            ecep:lem="heaven"
            ecep:pos="n1"
            ecep:reg="HEAV'N"
            ecep:spe="HEAV'N"
            ecep:syllab="1"
            ecep:pron="ˈhevn">HEAV'N</w>
         <pc xml:id="cbu86-239270"
             n="178-a-1270"
             ecep:lem=","
             ecep:pos=","
             ecep:reg=","
             ecep:spe=",">,</pc>
      </l>
      <l xml:id="cbu86-l13465">
         <c> </c>
         <w xml:id="cbu86-239280"
            n="178-a-1280"
            ecep:lem="he"
            ecep:pos="pns31"
            ecep:reg="He"
            ecep:spe="He"
            ecep:syllab="1"
            ecep:pron="hiː">He</w>
         <pc xml:id="cbu86-239290"
             n="178-a-1290"
             ecep:lem=","
             ecep:pos=","
             ecep:reg=","
             ecep:spe=",">,</pc>
         <c> </c>
         <w xml:id="cbu86-239300"
            n="178-a-1300"
            ecep:lem="ruin"
            ecep:pos="j-vvn"
            ecep:reg="ruined"
            ecep:spe="ruin'd"
            ecep:syllab="1"
            ecep:pron="ˈruːɪnd">ruin'd</w>
         <pc xml:id="cbu86-239310"
             n="178-a-1310"
             ecep:lem=","
             ecep:pos=","
             ecep:reg=","
             ecep:spe=",">,</pc>
         <c> </c>
         <w xml:id="cbu86-239320"
            n="178-a-1320"
            ecep:lem="sink"
            ecep:pos="vvb"
            ecep:reg="sink"
            ecep:spe="sink"
            ecep:syllab="1"
            ecep:pron="sɪŋk">sink</w>
         <pc xml:id="cbu86-239330"
             n="178-a-1330"
             unit="sentence"
             ecep:lem="!"
             ecep:pos="!"
             ecep:reg="!"
             ecep:spe="!">!</pc>
         <c> </c>
      </l>
   </lg>
   <pb facs="cbu86/0179" n="173" rend="none"/>
   <lg xml:id="cbu86-s01880">
      <l xml:id="cbu86-l13470">
         <w xml:id="cbu86-239360"
            n="179-a-0010"
            ecep:lem="even"
            ecep:pos="av-j"
            ecep:reg="Even"
            ecep:spe="Ev'n"
            ecep:syllab="1"
            ecep:pron="ˈiːvn">Ev'n</w>
         <c> </c>
         <w xml:id="cbu86-239370"
            n="179-a-0020"
            ecep:lem="thou"
            ecep:pos="pns21"
            ecep:reg="thou"
            ecep:spe="thou"
            ecep:syllab="1"
            ecep:pron="θaʊ">thou</w>
         <c> </c>
         <w xml:id="cbu86-239380"
            n="179-a-0030"
            ecep:lem="who"
            ecep:pos="r-crq"
            ecep:reg="who"
            ecep:spe="who"
            ecep:syllab="1"
            ecep:pron="huː">who</w>
         <c> </c>
         <w xml:id="cbu86-239390"
            n="179-a-0040"
            ecep:lem="mourn"
            ecep:pos="vv2"
            ecep:reg="mournest"
            ecep:spe="mourn'st"
            ecep:syllab="1"
            ecep:pron="mɔːnst">mourn'st</w>
         <c> </c>
         <w xml:id="cbu86-239400"
            n="179-a-0050"
            ecep:lem="the"
            ecep:pos="dt"
            ecep:reg="the"
            ecep:spe="the"
            ecep:syllab="1"
            ecep:pron="ðiː">the</w>
         <c> </c>
         <w xml:id="cbu86-239410"
            n="179-a-0060"
            ecep:lem="daisy"
            ecep:pos="ng1"
            ecep:reg="Daisy's"
            ecep:spe="Daisy's"
            ecep:syllab="2"
            ecep:pron="ˈdeɪziz">Daisy's</w>
         <c> </c>
         <w xml:id="cbu86-239420"
            n="179-a-0070"
            ecep:lem="fate"
            ecep:pos="n1"
            ecep:reg="fate"
            ecep:spe="fate"
            ecep:syllab="1"
            ecep:pron="feɪt">fate</w>
         <pc xml:id="cbu86-239430"
             n="179-a-0080"
             ecep:lem=","
             ecep:pos=","
             ecep:reg=","
             ecep:spe=",">,</pc>
      </l>
      <l xml:id="cbu86-l13475">
         <c> </c>
         <w xml:id="cbu86-239440"
            n="179-a-0090"
            ecep:lem="that"
            ecep:pos="cst"
            ecep:reg="That"
            ecep:spe="That"
            ecep:syllab="1"
            ecep:pron="ðæt">That</w>
         <c> </c>
         <w xml:id="cbu86-239450"
            n="179-a-0100"
            ecep:lem="fate"
            ecep:pos="n1"
            ecep:reg="fate"
            ecep:spe="fate"
            ecep:syllab="1"
            ecep:pron="feɪt">fate</w>
         <c> </c>
         <w xml:id="cbu86-239460"
            n="179-a-0110"
            ecep:lem="be"
            ecep:pos="vbz"
            ecep:reg="is"
            ecep:spe="is"
            ecep:syllab="1"
            ecep:pron="ɪz">is</w>
         <c> </c>
         <w xml:id="cbu86-239470"
            n="179-a-0120"
            ecep:lem="thy"
            ecep:pos="po21"
            ecep:reg="thine"
            ecep:spe="thine"
            ecep:syllab="1"
            ecep:pron="ðaɪn">thine</w>
         <c> </c>
         <pc xml:id="cbu86-239480"
             n="179-a-0130"
             ecep:lem="—"
             ecep:pos="—"
             ecep:reg="—"
             ecep:spe="—">—</pc>
         <c> </c>
         <w xml:id="cbu86-239490"
            n="179-a-0140"
            ecep:lem="no"
            ecep:pos="uh-x"
            ecep:reg="no"
            ecep:spe="no"
            ecep:syllab="1"
            ecep:pron="nəʊ">no</w>
         <c> </c>
         <w xml:id="cbu86-239500"
            n="179-a-0150"
            ecep:lem="distant"
            ecep:pos="j"
            ecep:reg="distant"
            ecep:spe="distant"
            ecep:syllab="2"
            ecep:pron="ˈdɪstnt">distant</w>
         <c> </c>
         <w xml:id="cbu86-239510"
            n="179-a-0160"
            ecep:lem="date"
            ecep:pos="n1"
            ecep:reg="date"
            ecep:spe="date"
            ecep:syllab="1"
            ecep:pron="deɪt">date</w>
         <pc xml:id="cbu86-239520"
             n="179-a-0170"
             ecep:lem=";"
             ecep:pos=";"
             ecep:reg=";"
             ecep:spe=";">;</pc>
      </l>
      <l xml:id="cbu86-l13480">
         <c> </c>
         <w xml:id="cbu86-239530"
            n="179-a-0180"
            ecep:lem="stern"
            ecep:pos="j"
            ecep:reg="Stern"
            ecep:spe="Stern"
            ecep:syllab="1"
            ecep:pron="stɜːn">Stern</w>
         <c> </c>
         <w xml:id="cbu86-239540"
            n="179-a-0190"
            ecep:lem="ruin"
            ecep:pos="ng1"
            ecep:reg="Ruin's"
            ecep:spe="Ruin's"
            ecep:syllab="1"
            ecep:pron="ˈruːɪnz">Ruin's</w>
         <c> </c>
         <w xml:id="cbu86-239550"
            n="179-a-0200"
            ecep:lem="plough-share"
            ecep:pos="n1"
            ecep:reg="ploughshare"
            ecep:spe="plough-share"
            ecep:syllab="2"
            ecep:pron="plaʊˌʃeə">plough-share</w>
         <c> </c>
         <w xml:id="cbu86-239560"
            n="179-a-0210"
            ecep:lem="drive"
            ecep:pos="vvz"
            ecep:reg="drives"
            ecep:spe="drives"
            ecep:syllab="1"
            ecep:pron="draɪvz">drives</w>
         <pc xml:id="cbu86-239570"
             n="179-a-0220"
             ecep:lem=","
             ecep:pos=","
             ecep:reg=","
             ecep:spe=",">,</pc>
         <c> </c>
         <w xml:id="cbu86-239580"
            n="179-a-0230"
            ecep:lem="elate"
            ecep:pos="vvb"
            ecep:reg="elate"
            ecep:spe="elate"
            ecep:syllab="2"
            ecep:pron="iˈleɪt">elate</w>
         <pc xml:id="cbu86-239590"
             n="179-a-0240"
             ecep:lem=","
             ecep:pos=","
             ecep:reg=","
             ecep:spe=",">,</pc>
      </l>
      <l xml:id="cbu86-l13485">
         <c> </c>
         <w xml:id="cbu86-239600"
            n="179-a-0250"
            ecep:lem="full"
            ecep:pos="av-j"
            ecep:reg="Full"
            ecep:spe="Full"
            ecep:syllab="1"
            ecep:pron="fʊl">Full</w>
         <c> </c>
         <w xml:id="cbu86-239610"
            n="179-a-0260"
            ecep:lem="on"
            ecep:pos="p-acp"
            ecep:reg="on"
            ecep:spe="on"
            ecep:syllab="1"
            ecep:pron="ɒn">on</w>
         <c> </c>
         <w xml:id="cbu86-239620"
            n="179-a-0270"
            ecep:lem="thy"
            ecep:pos="po21"
            ecep:reg="thy"
            ecep:spe="thy"
            ecep:syllab="1"
            ecep:pron="ðaɪ">thy</w>
         <c> </c>
         <w xml:id="cbu86-239630"
            n="179-a-0280"
            ecep:lem="bloom"
            ecep:pos="n1"
            ecep:reg="bloom"
            ecep:spe="bloom"
            ecep:syllab="1"
            ecep:pron="bluːm">bloom</w>
         <pc xml:id="cbu86-239640"
             n="179-a-0290"
             ecep:lem=","
             ecep:pos=","
             ecep:reg=","
             ecep:spe=",">,</pc>
      </l>
      <l xml:id="cbu86-l13490">
         <c> </c>
         <w xml:id="cbu86-239650"
            n="179-a-0300"
            ecep:lem="till"
            ecep:pos="c-acp"
            ecep:reg="Till"
            ecep:spe="Till"
            ecep:syllab="1"
            ecep:pron="tɪl">Till</w>
         <c> </c>
         <w xml:id="cbu86-239660"
            n="179-a-0310"
            ecep:lem="crush"
            ecep:pos="vvn"
            ecep:reg="crushed"
            ecep:spe="crush'd"
            ecep:syllab="1"
            ecep:pron="krʌʃt">crush'd</w>
         <c> </c>
         <w xml:id="cbu86-239670"
            n="179-a-0320"
            ecep:lem="beneath"
            ecep:pos="p-acp"
            ecep:reg="beneath"
            ecep:spe="beneath"
            ecep:syllab="2"
            ecep:pron="bɪˈniːθ">beneath</w>
         <c> </c>
         <w xml:id="cbu86-239680"
            n="179-a-0330"
            ecep:lem="the"
            ecep:pos="dt"
            ecep:reg="the"
            ecep:spe="the"
            ecep:syllab="1"
            ecep:pron="ðiː">the</w>
         <c> </c>
         <w xml:id="cbu86-239690"
            n="179-a-0340"
            ecep:lem="furrow"
            ecep:pos="n2"
            ecep:reg="furrows"
            ecep:spe="furrows"
            ecep:syllab="2"
            ecep:pron="ˈfʌrəʊz">furrows</w>
         <c> </c>
         <w xml:id="cbu86-239700"
            n="179-a-0350"
            ecep:lem="weight"
            ecep:pos="n1"
            ecep:reg="weight"
            ecep:spe="weight"
            ecep:syllab="1"
            ecep:pron="weɪt">weight</w>
         <pc xml:id="cbu86-239710"
             n="179-a-0360"
             ecep:lem=","
             ecep:pos=","
             ecep:reg=","
             ecep:spe=",">,</pc>
      </l>
      <l xml:id="cbu86-l13495">
         <c> </c>
         <w xml:id="cbu86-239720"
            n="179-a-0370"
            ecep:lem="shall"
            ecep:pos="vmb"
            ecep:reg="Shall"
            ecep:spe="Shall"
            ecep:syllab="1"
            ecep:pron="ʃæl">Shall</w>
         <c> </c>
         <w xml:id="cbu86-239730"
            n="179-a-0380"
            ecep:lem="be"
            ecep:pos="vbi"
            ecep:reg="be"
            ecep:spe="be"
            ecep:syllab="1"
            ecep:pron="biː">be</w>
         <c> </c>
         <w xml:id="cbu86-239740"
            n="179-a-0390"
            ecep:lem="thy"
            ecep:pos="po21"
            ecep:reg="thy"
            ecep:spe="thy"
            ecep:syllab="1"
            ecep:pron="ðaɪ">thy</w>
         <c> </c>
         <w xml:id="cbu86-239750"
            n="179-a-0400"
            ecep:lem="doom"
            ecep:pos="n1"
            ecep:reg="doom"
            ecep:spe="doom"
            ecep:syllab="1"
            ecep:pron="duːm">doom</w>
         <pc xml:id="cbu86-239760"
             n="179-a-0410"
             unit="sentence"
             ecep:lem="!"
             ecep:pos="!"
             ecep:reg="!"
             ecep:spe="!">!</pc>
         <c> </c>
      </l>
   </lg>
</div>
