<?xml version="1.0" encoding="utf-8"?>
<!DOCTYPE div
  SYSTEM "about:legacy-compat">
<div xmlns:ecep="http://www.eighteenthcenturypoetry.org/ns"
     xmlns="http://www.tei-c.org/ns/1.0"
     xmlns:tei="http://www.tei-c.org/ns/1.0"
     ana="#iamb #pentameter #couplet #heroiccouplet #pair"
     corresp="#txt_LeapMa1722_w0062"
     decls="#semi-normalized"
     ecep:syllab="10"
     met="-+|-+|-+|-+|-+/"
     rendition="#lgvspace"
     rhyme="aa"
     subtype="eceptext"
     type="poem"
     xml:id="o5125-w0620">
   <link target="authors.xml#aut_LeapMa1722" type="author"/>
   <link target="23753" type="DMI"/>
   <head type="main">
      <w xml:id="o5125-490950"
         n="274-a-0010"
         ecep:lem="on"
         ecep:pos="p-acp"
         ecep:reg="On"
         ecep:spe="On"
         ecep:syllab="1"
         ecep:pron="ɒn">On</w>
      <c> </c>
      <w xml:id="o5125-490960"
         n="274-a-0020"
         ecep:lem="winter"
         ecep:pos="n1"
         ecep:reg="WINTER"
         ecep:spe="WINTER"
         ecep:syllab="2"
         ecep:pron="ˈwɪntə">WINTER</w>
      <pc xml:id="o5125-490970"
          n="274-a-0030"
          unit="sentence"
          ecep:lem="."
          ecep:pos="."
          ecep:reg="."
          ecep:spe=".">.</pc>
   </head>
   <lg xml:id="o5125-s01865">
      <l xml:id="o5125-l24420">
         <w xml:id="o5125-491000"
            n="274-a-0040"
            ecep:lem="what"
            ecep:pos="q-crq"
            ecep:reg="WHAT"
            ecep:spe="WHAT"
            ecep:syllab="1"
            ecep:pron="wɒt">WHAT</w>
         <c> </c>
         <w xml:id="o5125-491010"
            n="274-a-0050"
            ecep:lem="picture"
            ecep:pos="n2"
            ecep:reg="Pictures"
            ecep:spe="Pictures"
            ecep:syllab="2"
            ecep:pron="ˈpɪktʃəz">Pictures</w>
         <c> </c>
         <w xml:id="o5125-491020"
            n="274-a-0060"
            ecep:lem="now"
            ecep:pos="av"
            ecep:reg="now"
            ecep:spe="now"
            ecep:syllab="1"
            ecep:pron="naʊ">now</w>
         <c> </c>
         <w xml:id="o5125-491030"
            n="274-a-0070"
            ecep:lem="shall"
            ecep:pos="vmb"
            ecep:reg="shall"
            ecep:spe="shall"
            ecep:syllab="1"
            ecep:pron="ʃæl">shall</w>
         <c> </c>
         <w xml:id="o5125-491040"
            n="274-a-0080"
            ecep:lem="wanton"
            ecep:pos="j-jn"
            ecep:reg="wanton"
            ecep:spe="wanton"
            ecep:syllab="2"
            ecep:pron="ˈwɒntən">wanton</w>
         <c> </c>
         <w xml:id="o5125-491050"
            n="274-a-0090"
            ecep:lem="fancy"
            ecep:pos="n1"
            ecep:reg="Fancy"
            ecep:spe="Fancy"
            ecep:syllab="2"
            ecep:pron="ˈfænsi">Fancy</w>
         <c> </c>
         <w xml:id="o5125-491060"
            n="274-a-0100"
            ecep:lem="bring"
            ecep:pos="vvi"
            ecep:reg="bring"
            ecep:spe="bring"
            ecep:syllab="1"
            ecep:pron="brɪŋ">bring</w>
         <pc xml:id="o5125-491070"
             n="274-a-0110"
             unit="sentence"
             ecep:lem="?"
             ecep:pos="?"
             ecep:reg="?"
             ecep:spe="?">?</pc>
         <c> </c>
      </l>
      <l xml:id="o5125-l24425">
         <w xml:id="o5125-491080"
            n="274-a-0120"
            ecep:lem="or"
            ecep:pos="cc"
            ecep:reg="Or"
            ecep:spe="Or"
            ecep:syllab="1"
            ecep:pron="ɔː">Or</w>
         <c> </c>
         <w xml:id="o5125-491090"
            n="274-a-0130"
            ecep:lem="how"
            ecep:pos="c-crq"
            ecep:reg="how"
            ecep:spe="how"
            ecep:syllab="1"
            ecep:pron="haʊ">how</w>
         <c> </c>
         <w xml:id="o5125-491100"
            n="274-a-0140"
            ecep:lem="the"
            ecep:pos="dt"
            ecep:reg="the"
            ecep:spe="the"
            ecep:syllab="1"
            ecep:pron="ðiː">the</w>
         <c> </c>
         <w xml:id="o5125-491110"
            n="274-a-0150"
            ecep:lem="muse"
            ecep:pos="n1"
            ecep:reg="Muse"
            ecep:spe="Muse"
            ecep:syllab="1"
            ecep:pron="mjuːz">Muse</w>
         <c> </c>
         <w xml:id="o5125-491120"
            n="274-a-0160"
            ecep:lem="to"
            ecep:pos="p-acp"
            ecep:reg="to"
            ecep:spe="to"
            ecep:syllab="1"
            ecep:pron="tuː">to</w>
         <c> </c>
         <hi>
            <w xml:id="o5125-491130"
               n="274-a-0170"
               ecep:lem="Artemisia"
               ecep:pos="np1"
               ecep:reg="Artemisia"
               ecep:spe="Artemisia"
               ecep:syllab="5"
               ecep:pron="ˌɑːtɪˈmɪziə">Artemisia</w>
         </hi>
         <c> </c>
         <w xml:id="o5125-491140"
            n="274-a-0180"
            ecep:lem="sing"
            ecep:pos="vvi"
            ecep:reg="sing"
            ecep:spe="sing"
            ecep:syllab="1"
            ecep:pron="sɪŋ">sing</w>
         <pc xml:id="o5125-491150"
             n="274-a-0190"
             unit="sentence"
             ecep:lem="?"
             ecep:pos="?"
             ecep:reg="?"
             ecep:spe="?">?</pc>
         <c> </c>
      </l>
      <l xml:id="o5125-l24430">
         <w xml:id="o5125-491160"
            n="274-a-0200"
            ecep:lem="now"
            ecep:pos="av"
            ecep:reg="Now"
            ecep:spe="Now"
            ecep:syllab="1"
            ecep:pron="naʊ">Now</w>
         <c> </c>
         <w xml:id="o5125-491170"
            n="274-a-0210"
            ecep:lem="shiver"
            ecep:pos="vvg"
            ecep:reg="shivering"
            ecep:spe="shiv'ring"
            ecep:syllab="2"
            ecep:pron="ˈʃɪvrɪŋ">shiv'ring</w>
         <c> </c>
         <w xml:id="o5125-491180"
            n="274-a-0220"
            ecep:lem="nature"
            ecep:pos="n1"
            ecep:reg="Nature"
            ecep:spe="Nature"
            ecep:syllab="2"
            ecep:pron="ˈneɪtʃə">Nature</w>
         <c> </c>
         <w xml:id="o5125-491190"
            n="274-a-0230"
            ecep:lem="mourn"
            ecep:pos="vvz"
            ecep:reg="mourns"
            ecep:spe="mourns"
            ecep:syllab="1"
            ecep:pron="mɔːnz">mourns</w>
         <c> </c>
         <w xml:id="o5125-491200"
            n="274-a-0240"
            ecep:lem="her"
            ecep:pos="po31"
            ecep:reg="her"
            ecep:spe="her"
            ecep:syllab="1"
            ecep:pron="hɜː">her</w>
         <c> </c>
         <w xml:id="o5125-491210"
            n="274-a-0250"
            ecep:lem="ravish"
            ecep:pos="j-vvn"
            ecep:reg="ravished"
            ecep:spe="ravish'd"
            ecep:syllab="2"
            ecep:pron="ˈrævɪʃt">ravish'd</w>
         <c> </c>
         <w xml:id="o5125-491220"
            n="274-a-0260"
            ecep:lem="charm"
            ecep:pos="n2"
            ecep:reg="Charms"
            ecep:spe="Charms"
            ecep:syllab="1"
            ecep:pron="tʃɑːmz">Charms</w>
         <pc xml:id="o5125-491230"
             n="274-a-0270"
             ecep:lem=","
             ecep:pos=","
             ecep:reg=","
             ecep:spe=",">,</pc>
      </l>
      <l xml:id="o5125-l24435">
         <c> </c>
         <w xml:id="o5125-491240"
            n="274-a-0280"
            ecep:lem="and"
            ecep:pos="cc"
            ecep:reg="And"
            ecep:spe="And"
            ecep:syllab="1"
            ecep:pron="ænd">And</w>
         <c> </c>
         <w xml:id="o5125-491250"
            n="274-a-0290"
            ecep:lem="sink"
            ecep:pos="vvz"
            ecep:reg="sinks"
            ecep:spe="sinks"
            ecep:syllab="1"
            ecep:pron="sɪŋks">sinks</w>
         <c> </c>
         <w xml:id="o5125-491260"
            n="274-a-0300"
            ecep:lem="supine"
            ecep:pos="j"
            ecep:reg="supine"
            ecep:spe="supine"
            ecep:syllab="2"
            ecep:pron="ˈsuːpaɪn">supine</w>
         <c> </c>
         <w xml:id="o5125-491270"
            n="274-a-0310"
            ecep:lem="in"
            ecep:pos="p-acp"
            ecep:reg="in"
            ecep:spe="in"
            ecep:syllab="1"
            ecep:pron="ɪn">in</w>
         <c> </c>
         <w xml:id="o5125-491280"
            n="274-a-0320"
            ecep:lem="winter"
            ecep:pos="ng1"
            ecep:reg="Winter's"
            ecep:spe="Winter's"
            ecep:syllab="2"
            ecep:pron="ˈwɪntəz">Winter's</w>
         <c> </c>
         <w xml:id="o5125-491290"
            n="274-a-0330"
            ecep:lem="freeze"
            ecep:pos="j-vvn"
            ecep:reg="frozen"
            ecep:spe="frozen"
            ecep:syllab="2"
            ecep:pron="ˈfrəʊzn">frozen</w>
         <c> </c>
         <w xml:id="o5125-491300"
            n="274-a-0340"
            ecep:lem="arm"
            ecep:pos="n2"
            ecep:reg="Arms"
            ecep:spe="Arms"
            ecep:syllab="1"
            ecep:pron="ɑːmz">Arms</w>
         <pc xml:id="o5125-491305"
             n="274-a-0345"
             unit="sentence"
             ecep:lem="."
             ecep:pos="."
             ecep:reg="."
             ecep:spe=".">.</pc>
      </l>
      <l xml:id="o5125-l24440">
         <c> </c>
         <w xml:id="o5125-491310"
            n="274-a-0350"
            ecep:lem="no"
            ecep:pos="uh-x"
            ecep:reg="No"
            ecep:spe="No"
            ecep:syllab="1"
            ecep:pron="nəʊ">No</w>
         <c> </c>
         <w xml:id="o5125-491320"
            n="274-a-0360"
            ecep:lem="gaudy"
            ecep:pos="j"
            ecep:reg="gaudy"
            ecep:spe="gaudy"
            ecep:syllab="2"
            ecep:pron="ˈgɔːdi">gaudy</w>
         <c> </c>
         <w xml:id="o5125-491330"
            n="274-a-0370"
            ecep:lem="bank"
            ecep:pos="n2"
            ecep:reg="Banks"
            ecep:spe="Banks"
            ecep:syllab="1"
            ecep:pron="bæŋks">Banks</w>
         <c> </c>
         <w xml:id="o5125-491340"
            n="274-a-0380"
            ecep:lem="delight"
            ecep:pos="vvb"
            ecep:reg="delight"
            ecep:spe="delight"
            ecep:syllab="2"
            ecep:pron="diˈlaɪt">delight</w>
         <c> </c>
         <w xml:id="o5125-491350"
            n="274-a-0390"
            ecep:lem="the"
            ecep:pos="dt"
            ecep:reg="the"
            ecep:spe="the"
            ecep:syllab="1"
            ecep:pron="ðiː">the</w>
         <c> </c>
         <w xml:id="o5125-491360"
            n="274-a-0400"
            ecep:lem="ravish"
            ecep:pos="j-vvn"
            ecep:reg="ravished"
            ecep:spe="ravish'd"
            ecep:syllab="2"
            ecep:pron="ˈrævɪʃt">ravish'd</w>
         <c> </c>
         <w xml:id="o5125-491370"
            n="274-a-0410"
            ecep:lem="eye"
            ecep:pos="n1"
            ecep:reg="Eye"
            ecep:spe="Eye"
            ecep:syllab="1"
            ecep:pron="aɪ">Eye</w>
         <pc xml:id="o5125-491380"
             n="274-a-0420"
             ecep:lem=","
             ecep:pos=","
             ecep:reg=","
             ecep:spe=",">,</pc>
      </l>
      <l xml:id="o5125-l24445">
         <c> </c>
         <w xml:id="o5125-491390"
            n="274-a-0430"
            ecep:lem="but"
            ecep:pos="cc-acp"
            ecep:reg="But"
            ecep:spe="But"
            ecep:syllab="1"
            ecep:pron="bʌt">But</w>
         <c> </c>
         <w xml:id="o5125-491400"
            n="274-a-0440"
            ecep:lem="northern"
            ecep:pos="j"
            ecep:reg="northern"
            ecep:spe="northern"
            ecep:syllab="2"
            ecep:pron="ˈnɔːðn">northern</w>
         <c> </c>
         <w xml:id="o5125-491410"
            n="274-a-0450"
            ecep:lem="breeze"
            ecep:pos="vvz"
            ecep:reg="Breezes"
            ecep:spe="Breezes"
            ecep:syllab="2"
            ecep:pron="ˈbriːzɪz">Breezes</w>
         <c> </c>
         <w xml:id="o5125-491420"
            n="274-a-0460"
            ecep:lem="whistle"
            ecep:pos="n1"
            ecep:reg="whistle"
            ecep:spe="whistle"
            ecep:syllab="2"
            ecep:pron="ˈwɪsl">whistle</w>
         <c> </c>
         <w xml:id="o5125-491430"
            n="274-a-0470"
            ecep:lem="through"
            ecep:pos="p-acp"
            ecep:reg="through"
            ecep:spe="thro'"
            ecep:syllab="1"
            ecep:pron="θruː">thro'</w>
         <c> </c>
         <w xml:id="o5125-491440"
            n="274-a-0480"
            ecep:lem="the"
            ecep:pos="dt"
            ecep:reg="the"
            ecep:spe="the"
            ecep:syllab="1"
            ecep:pron="ðiː">the</w>
         <c> </c>
         <w xml:id="o5125-491450"
            n="274-a-0490"
            ecep:lem="sky"
            ecep:pos="n1"
            ecep:reg="Sky"
            ecep:spe="Sky"
            ecep:syllab="1"
            ecep:pron="skaɪ">Sky</w>
         <pc xml:id="o5125-491460"
             n="274-a-0500"
             unit="sentence"
             ecep:lem="."
             ecep:pos="."
             ecep:reg="."
             ecep:spe=".">.</pc>
         <c> </c>
      </l>
      <l xml:id="o5125-l24450">
         <w xml:id="o5125-491470"
            n="274-a-0510"
            ecep:lem="no"
            ecep:pos="uh-x"
            ecep:reg="No"
            ecep:spe="No"
            ecep:syllab="1"
            ecep:pron="nəʊ">No</w>
         <c> </c>
         <w xml:id="o5125-491480"
            n="274-a-0520"
            ecep:lem="joyful"
            ecep:pos="j"
            ecep:reg="joyful"
            ecep:spe="joyful"
            ecep:syllab="2"
            ecep:pron="ˈdʒɔɪfl">joyful</w>
         <c> </c>
         <w xml:id="o5125-491490"
            n="274-a-0530"
            ecep:lem="choirs"
            ecep:pos="fw-fr"
            ecep:reg="Choirs"
            ecep:spe="Choirs"
            ecep:syllab="1"
            ecep:pron="ˈkwaɪəz">Choirs</w>
         <c> </c>
         <w xml:id="o5125-491500"
            n="274-a-0540"
            ecep:lem="hail"
            ecep:pos="n1"
            ecep:reg="hail"
            ecep:spe="hail"
            ecep:syllab="1"
            ecep:pron="heɪl">hail</w>
         <c> </c>
         <w xml:id="o5125-491510"
            n="274-a-0550"
            ecep:lem="the"
            ecep:pos="dt"
            ecep:reg="the"
            ecep:spe="the"
            ecep:syllab="1"
            ecep:pron="ðiː">the</w>
         <c> </c>
         <w xml:id="o5125-491520"
            n="274-a-0560"
            ecep:lem="rise"
            ecep:pos="j-vvg"
            ecep:reg="rising"
            ecep:spe="rising"
            ecep:syllab="2"
            ecep:pron="ˈraɪzɪŋ">rising</w>
         <c> </c>
         <w xml:id="o5125-491530"
            n="274-a-0570"
            ecep:lem="day"
            ecep:pos="n1"
            ecep:reg="Day"
            ecep:spe="Day"
            ecep:syllab="1"
            ecep:pron="deɪ">Day</w>
         <pc xml:id="o5125-491540"
             n="274-a-0580"
             ecep:lem=","
             ecep:pos=","
             ecep:reg=","
             ecep:spe=",">,</pc>
      </l>
      <l xml:id="o5125-l24455">
         <c> </c>
         <w xml:id="o5125-491550"
            n="274-a-0590"
            ecep:lem="but"
            ecep:pos="cc-acp"
            ecep:reg="But"
            ecep:spe="But"
            ecep:syllab="1"
            ecep:pron="bʌt">But</w>
         <c> </c>
         <w xml:id="o5125-491560"
            n="274-a-0600"
            ecep:lem="the"
            ecep:pos="dt"
            ecep:reg="the"
            ecep:spe="the"
            ecep:syllab="1"
            ecep:pron="ðiː">the</w>
         <c> </c>
         <w xml:id="o5125-491570"
            n="274-a-0610"
            ecep:lem="freeze"
            ecep:pos="vvn"
            ecep:reg="froze"
            ecep:spe="froze"
            ecep:syllab="1"
            ecep:pron="frəʊz">froze</w>
         <c> </c>
         <w xml:id="o5125-491580"
            n="274-a-0620"
            ecep:lem="crystal"
            ecep:pos="n1"
            ecep:reg="Crystal"
            ecep:spe="Crystal"
            ecep:syllab="2"
            ecep:pron="ˈkrɪstl">Crystal</w>
         <c> </c>
         <w xml:id="o5125-491590"
            n="274-a-0630"
            ecep:lem="wrap"
            ecep:pos="vvz"
            ecep:reg="wraps"
            ecep:spe="wraps"
            ecep:syllab="1"
            ecep:pron="ræps">wraps</w>
         <c> </c>
         <w xml:id="o5125-491600"
            n="274-a-0640"
            ecep:lem="the"
            ecep:pos="dt"
            ecep:reg="the"
            ecep:spe="the"
            ecep:syllab="1"
            ecep:pron="ðiː">the</w>
         <c> </c>
         <w xml:id="o5125-491610"
            n="274-a-0650"
            ecep:lem="leafless"
            ecep:pos="j"
            ecep:reg="leafless"
            ecep:spe="leafless"
            ecep:syllab="2"
            ecep:pron="ˈliːfləs">leafless</w>
         <c> </c>
         <w xml:id="o5125-491620"
            n="274-a-0660"
            ecep:lem="spray"
            ecep:pos="n1"
            ecep:reg="Spray"
            ecep:spe="Spray"
            ecep:syllab="1"
            ecep:pron="spreɪ">Spray</w>
         <pc xml:id="o5125-491630"
             n="274-a-0670"
             ecep:lem=":"
             ecep:pos=":"
             ecep:reg=":"
             ecep:spe=":">:</pc>
      </l>
      <l xml:id="o5125-l24460">
         <c> </c>
         <w xml:id="o5125-491640"
            n="274-a-0680"
            ecep:lem="brown"
            ecep:pos="j-jn"
            ecep:reg="Brown"
            ecep:spe="Brown"
            ecep:syllab="1"
            ecep:pron="braʊn">Brown</w>
         <c> </c>
         <w xml:id="o5125-491650"
            n="274-a-0690"
            ecep:lem="look"
            ecep:pos="n1"
            ecep:reg="look"
            ecep:spe="look"
            ecep:syllab="1"
            ecep:pron="lʊk">look</w>
         <c> </c>
         <w xml:id="o5125-491660"
            n="274-a-0700"
            ecep:lem="the"
            ecep:pos="dt"
            ecep:reg="the"
            ecep:spe="the"
            ecep:syllab="1"
            ecep:pron="ðiː">the</w>
         <c> </c>
         <w xml:id="o5125-491670"
            n="274-a-0710"
            ecep:lem="meadow"
            ecep:pos="n2"
            ecep:reg="Meadows"
            ecep:spe="Meadows"
            ecep:syllab="2"
            ecep:pron="ˈmedəʊz">Meadows</w>
         <pc xml:id="o5125-491680"
             n="274-a-0720"
             ecep:lem=","
             ecep:pos=","
             ecep:reg=","
             ecep:spe=",">,</pc>
         <c> </c>
         <w xml:id="o5125-491690"
            n="274-a-0730"
            ecep:lem="that"
            ecep:pos="cst"
            ecep:reg="that"
            ecep:spe="that"
            ecep:syllab="1"
            ecep:pron="ðæt">that</w>
         <c> </c>
         <w xml:id="o5125-491700"
            n="274-a-0740"
            ecep:lem="be"
            ecep:pos="vbdr"
            ecep:reg="were"
            ecep:spe="were"
            ecep:syllab="1"
            ecep:pron="wɜː">were</w>
         <c> </c>
         <w xml:id="o5125-491710"
            n="274-a-0750"
            ecep:lem="late"
            ecep:pos="j"
            ecep:reg="late"
            ecep:spe="late"
            ecep:syllab="1"
            ecep:pron="leɪt">late</w>
         <c> </c>
         <w xml:id="o5125-491720"
            n="274-a-0760"
            ecep:lem="so"
            ecep:pos="av"
            ecep:reg="so"
            ecep:spe="so"
            ecep:syllab="1"
            ecep:pron="səʊ">so</w>
         <c> </c>
         <w xml:id="o5125-491730"
            n="274-a-0770"
            ecep:lem="fine"
            ecep:pos="j"
            ecep:reg="fine"
            ecep:spe="fine"
            ecep:syllab="1"
            ecep:pron="ˈfɪnə">fine</w>
         <pc xml:id="o5125-491740"
             n="274-a-0780"
             ecep:lem=","
             ecep:pos=","
             ecep:reg=","
             ecep:spe=",">,</pc>
      </l>
      <l xml:id="o5125-l24465">
         <c> </c>
         <w xml:id="o5125-491750"
            n="274-a-0790"
            ecep:lem="and"
            ecep:pos="cc"
            ecep:reg="And"
            ecep:spe="And"
            ecep:syllab="1"
            ecep:pron="ænd">And</w>
         <c> </c>
         <w xml:id="o5125-491760"
            n="274-a-0800"
            ecep:lem="cape"
            ecep:pos="vvd"
            ecep:reg="caped"
            ecep:spe="cap'd"
            ecep:syllab="1"
            ecep:pron="keɪpt">cap'd</w>
         <c> </c>
         <w xml:id="o5125-491770"
            n="274-a-0810"
            ecep:lem="with"
            ecep:pos="p-acp"
            ecep:reg="with"
            ecep:spe="with"
            ecep:syllab="1"
            ecep:pron="wɪð">with</w>
         <c> </c>
         <w xml:id="o5125-491780"
            n="274-a-0820"
            ecep:lem="ice"
            ecep:pos="n1"
            ecep:reg="Ice"
            ecep:spe="Ice"
            ecep:syllab="1"
            ecep:pron="aɪs">Ice</w>
         <c> </c>
         <w xml:id="o5125-491790"
            n="274-a-0830"
            ecep:lem="the"
            ecep:pos="dt"
            ecep:reg="the"
            ecep:spe="the"
            ecep:syllab="1"
            ecep:pron="ðiː">the</w>
         <c> </c>
         <w xml:id="o5125-491800"
            n="274-a-0840"
            ecep:lem="distant"
            ecep:pos="j"
            ecep:reg="distant"
            ecep:spe="distant"
            ecep:syllab="2"
            ecep:pron="ˈdɪstənt">distant</w>
         <c> </c>
         <w xml:id="o5125-491810"
            n="274-a-0850"
            ecep:lem="mountain"
            ecep:pos="n2"
            ecep:reg="Mountains"
            ecep:spe="Mountains"
            ecep:syllab="2"
            ecep:pron="ˈmaʊntɪnz">Mountains</w>
         <c> </c>
         <w xml:id="o5125-491820"
            n="274-a-0860"
            ecep:lem="shine"
            ecep:pos="vvb"
            ecep:reg="shine"
            ecep:spe="shine"
            ecep:syllab="1"
            ecep:pron="ʃaɪn">shine</w>
         <pc xml:id="o5125-491830"
             n="274-a-0870"
             ecep:lem=";"
             ecep:pos=";"
             ecep:reg=";"
             ecep:spe=";">;</pc>
      </l>
      <l xml:id="o5125-l24470">
         <c> </c>
         <w xml:id="o5125-491840"
            n="274-a-0880"
            ecep:lem="the"
            ecep:pos="dt"
            ecep:reg="The"
            ecep:spe="The"
            ecep:syllab="1"
            ecep:pron="ðiː">The</w>
         <c> </c>
         <w xml:id="o5125-491850"
            n="274-a-0890"
            ecep:lem="silent"
            ecep:pos="j"
            ecep:reg="silent"
            ecep:spe="silent"
            ecep:syllab="2"
            ecep:pron="ˈsaɪlənt">silent</w>
         <c> </c>
         <w xml:id="o5125-491860"
            n="274-a-0900"
            ecep:lem="linnet"
            ecep:pos="n1"
            ecep:reg="Linnet"
            ecep:spe="Linnet"
            ecep:syllab="2"
            ecep:pron="ˈlɪnɪt">Linnet</w>
         <c> </c>
         <w xml:id="o5125-491870"
            n="274-a-0910"
            ecep:lem="view"
            ecep:pos="vvz"
            ecep:reg="views"
            ecep:spe="views"
            ecep:syllab="1"
            ecep:pron="vjuːz">views</w>
         <c> </c>
         <w xml:id="o5125-491880"
            n="274-a-0920"
            ecep:lem="the"
            ecep:pos="dt"
            ecep:reg="the"
            ecep:spe="the"
            ecep:syllab="1"
            ecep:pron="ðiː">the</w>
         <c> </c>
         <w xml:id="o5125-491890"
            n="274-a-0930"
            ecep:lem="gloomy"
            ecep:pos="j"
            ecep:reg="gloomy"
            ecep:spe="gloomy"
            ecep:syllab="2"
            ecep:pron="ˈgluːmi">gloomy</w>
         <c> </c>
         <w xml:id="o5125-491900"
            n="274-a-0940"
            ecep:lem="sky"
            ecep:pos="n1"
            ecep:reg="Sky"
            ecep:spe="Sky"
            ecep:syllab="1"
            ecep:pron="skaɪ">Sky</w>
         <pc xml:id="o5125-491910"
             n="274-a-0950"
             ecep:lem=","
             ecep:pos=","
             ecep:reg=","
             ecep:spe=",">,</pc>
      </l>
      <l xml:id="o5125-l24475">
         <c> </c>
         <w xml:id="o5125-491920"
            n="274-a-0960"
            ecep:lem="skulk"
            ecep:pos="vvz"
            ecep:reg="Skulks"
            ecep:spe="Sculks"
            ecep:syllab="1"
            ecep:pron="skˈʌlks">Sculks</w>
         <c> </c>
         <w xml:id="o5125-491930"
            n="274-a-0970"
            ecep:lem="to"
            ecep:pos="p-acp"
            ecep:reg="to"
            ecep:spe="to"
            ecep:syllab="1"
            ecep:pron="tuː">to</w>
         <c> </c>
         <w xml:id="o5125-491940"
            n="274-a-0980"
            ecep:lem="his"
            ecep:pos="po31"
            ecep:reg="his"
            ecep:spe="his"
            ecep:syllab="1"
            ecep:pron="hɪz">his</w>
         <c> </c>
         <w xml:id="o5125-491950"
            n="274-a-0990"
            ecep:lem="hawthorn"
            ecep:pos="n1"
            ecep:reg="Hawthorn"
            ecep:spe="Hawthorn"
            ecep:syllab="2"
            ecep:pron="ˈhɔːθɔːn">Hawthorn</w>
         <pc xml:id="o5125-491960"
             n="274-a-1000"
             ecep:lem=","
             ecep:pos=","
             ecep:reg=","
             ecep:spe=",">,</pc>
         <c> </c>
         <w xml:id="o5125-491970"
            n="274-a-1010"
            ecep:lem="nor"
            ecep:pos="ccx"
            ecep:reg="nor"
            ecep:spe="nor"
            ecep:syllab="1"
            ecep:pron="nɔː">nor</w>
         <c> </c>
         <w xml:id="o5125-491980"
            n="274-a-1020"
            ecep:lem="attempt"
            ecep:pos="n2"
            ecep:reg="attempts"
            ecep:spe="attempts"
            ecep:syllab="2"
            ecep:pron="əˈtempts">attempts</w>
         <c> </c>
         <w xml:id="o5125-491990"
            n="274-a-1030"
            ecep:lem="to"
            ecep:pos="pc-acp"
            ecep:reg="to"
            ecep:spe="to"
            ecep:syllab="1"
            ecep:pron="tuː">to</w>
         <c> </c>
         <w xml:id="o5125-492000"
            n="274-a-1040"
            ecep:lem="fly"
            ecep:pos="vvi"
            ecep:reg="fly"
            ecep:spe="fly"
            ecep:syllab="1"
            ecep:pron="flaɪ">fly</w>
         <pc xml:id="o5125-492010"
             n="274-a-1050"
             ecep:lem=":"
             ecep:pos=":"
             ecep:reg=":"
             ecep:spe=":">:</pc>
      </l>
      <l xml:id="o5125-l24480">
         <c> </c>
         <w xml:id="o5125-492020"
            n="274-a-1060"
            ecep:lem="then"
            ecep:pos="av"
            ecep:reg="Then"
            ecep:spe="Then"
            ecep:syllab="1"
            ecep:pron="ðen">Then</w>
         <c> </c>
         <w xml:id="o5125-492030"
            n="274-a-1070"
            ecep:lem="heavy"
            ecep:pos="j"
            ecep:reg="heavy"
            ecep:spe="heavy"
            ecep:syllab="2"
            ecep:pron="ˈhevi">heavy</w>
         <c> </c>
         <w xml:id="o5125-492040"
            n="274-a-1080"
            ecep:lem="cloud"
            ecep:pos="n2"
            ecep:reg="Clouds"
            ecep:spe="Clouds"
            ecep:syllab="1"
            ecep:pron="klaʊdz">Clouds</w>
         <c> </c>
         <w xml:id="o5125-492050"
            n="274-a-1090"
            ecep:lem="send"
            ecep:pos="vvb"
            ecep:reg="send"
            ecep:spe="send"
            ecep:syllab="1"
            ecep:pron="send">send</w>
         <c> </c>
         <w xml:id="o5125-492060"
            n="274-a-1100"
            ecep:lem="down"
            ecep:pos="a-acp"
            ecep:reg="down"
            ecep:spe="down"
            ecep:syllab="1"
            ecep:pron="daʊn">down</w>
         <c> </c>
         <w xml:id="o5125-492070"
            n="274-a-1110"
            ecep:lem="the"
            ecep:pos="dt"
            ecep:reg="the"
            ecep:spe="the"
            ecep:syllab="1"
            ecep:pron="ðiː">the</w>
         <c> </c>
         <w xml:id="o5125-492080"
            n="274-a-1120"
            ecep:lem="feather"
            ecep:pos="j-vvn"
            ecep:reg="feathered"
            ecep:spe="feather'd"
            ecep:syllab="2"
            ecep:pron="ˈfeðəd">feather'd</w>
         <c> </c>
         <w xml:id="o5125-492090"
            n="274-a-1130"
            ecep:lem="snow"
            ecep:pos="n1"
            ecep:reg="Snow"
            ecep:spe="Snow"
            ecep:syllab="1"
            ecep:pron="snəʊ">Snow</w>
         <pc xml:id="o5125-492100"
             n="274-a-1140"
             ecep:lem=";"
             ecep:pos=";"
             ecep:reg=";"
             ecep:spe=";">;</pc>
      </l>
      <l xml:id="o5125-l24485">
         <c> </c>
         <w xml:id="o5125-492110"
            n="274-a-1150"
            ecep:lem="through"
            ecep:pos="p-acp"
            ecep:reg="Through"
            ecep:spe="Through"
            ecep:syllab="1"
            ecep:pron="θruː">Through</w>
         <c> </c>
         <w xml:id="o5125-492120"
            n="274-a-1160"
            ecep:lem="naked"
            ecep:pos="j"
            ecep:reg="naked"
            ecep:spe="naked"
            ecep:syllab="2"
            ecep:pron="ˈneɪkɪd">naked</w>
         <c> </c>
         <w xml:id="o5125-492130"
            n="274-a-1170"
            ecep:lem="tree"
            ecep:pos="n2"
            ecep:reg="Trees"
            ecep:spe="Trees"
            ecep:syllab="1"
            ecep:pron="triːz">Trees</w>
         <c> </c>
         <w xml:id="o5125-492140"
            n="274-a-1180"
            ecep:lem="the"
            ecep:pos="dt"
            ecep:reg="the"
            ecep:spe="the"
            ecep:syllab="1"
            ecep:pron="ðiː">the</w>
         <c> </c>
         <w xml:id="o5125-492150"
            n="274-a-1190"
            ecep:lem="hollow"
            ecep:pos="j-jn"
            ecep:reg="hollow"
            ecep:spe="hollow"
            ecep:syllab="2"
            ecep:pron="ˈhɒləʊ">hollow</w>
         <c> </c>
         <w xml:id="o5125-492160"
            n="274-a-1200"
            ecep:lem="tempest"
            ecep:pos="n2"
            ecep:reg="Tempests"
            ecep:spe="Tempests"
            ecep:syllab="2"
            ecep:pron="ˈtempɪsts">Tempests</w>
         <c> </c>
         <w xml:id="o5125-492170"
            n="274-a-1210"
            ecep:lem="blow"
            ecep:pos="vvb"
            ecep:reg="blow"
            ecep:spe="blow"
            ecep:syllab="1"
            ecep:pron="bləʊ">blow</w>
         <pc xml:id="o5125-492180"
             n="274-a-1220"
             ecep:lem=";"
             ecep:pos=";"
             ecep:reg=";"
             ecep:spe=";">;</pc>
      </l>
      <l xml:id="o5125-l24490">
         <c> </c>
         <w xml:id="o5125-492190"
            n="274-a-1230"
            ecep:lem="the"
            ecep:pos="dt"
            ecep:reg="The"
            ecep:spe="The"
            ecep:syllab="1"
            ecep:pron="ðiː">The</w>
         <c> </c>
         <w xml:id="o5125-492200"
            n="274-a-1240"
            ecep:lem="shepherd"
            ecep:pos="n1"
            ecep:reg="Shepherd"
            ecep:spe="Shepherd"
            ecep:syllab="2"
            ecep:pron="ˈʃepəd">Shepherd</w>
         <c> </c>
         <w xml:id="o5125-492210"
            n="274-a-1250"
            ecep:lem="sigh"
            ecep:pos="n2"
            ecep:reg="sighs"
            ecep:spe="sighs"
            ecep:syllab="1"
            ecep:pron="saɪz">sighs</w>
         <pc xml:id="o5125-492220"
             n="274-a-1260"
             ecep:lem=","
             ecep:pos=","
             ecep:reg=","
             ecep:spe=",">,</pc>
         <c> </c>
         <w xml:id="o5125-492230"
            n="274-a-1270"
            ecep:lem="but"
            ecep:pos="cc-acp"
            ecep:reg="but"
            ecep:spe="but"
            ecep:syllab="1"
            ecep:pron="bʌt">but</w>
         <c> </c>
         <w xml:id="o5125-492240"
            n="274-a-1280"
            ecep:lem="not"
            ecep:pos="xx"
            ecep:reg="not"
            ecep:spe="not"
            ecep:syllab="1"
            ecep:pron="ˈdɪdnt">not</w>
         <c> </c>
         <w xml:id="o5125-492250"
            n="274-a-1290"
            ecep:lem="his"
            ecep:pos="po31"
            ecep:reg="his"
            ecep:spe="his"
            ecep:syllab="1"
            ecep:pron="hɪz">his</w>
         <c> </c>
         <w xml:id="o5125-492260"
            n="274-a-1300"
            ecep:lem="sigh"
            ecep:pos="n2"
            ecep:reg="Sighs"
            ecep:spe="Sighs"
            ecep:syllab="1"
            ecep:pron="saɪz">Sighs</w>
         <c> </c>
         <w xml:id="o5125-492270"
            n="274-a-1310"
            ecep:lem="prevail"
            ecep:pos="vvi"
            ecep:reg="prevail"
            ecep:spe="prevail"
            ecep:syllab="2"
            ecep:pron="priˈveɪl">prevail</w>
         <pc xml:id="o5125-492280"
             n="274-a-1320"
             ecep:lem=";"
             ecep:pos=";"
             ecep:reg=";"
             ecep:spe=";">;</pc>
      </l>
      <l xml:id="o5125-l24495">
         <c> </c>
         <w xml:id="o5125-492290"
            n="274-a-1330"
            ecep:lem="to"
            ecep:pos="p-acp"
            ecep:reg="To"
            ecep:spe="To"
            ecep:syllab="1"
            ecep:pron="tuː">To</w>
         <c> </c>
         <w xml:id="o5125-492300"
            n="274-a-1340"
            ecep:lem="the"
            ecep:pos="dt"
            ecep:reg="the"
            ecep:spe="the"
            ecep:syllab="1"
            ecep:pron="ðiː">the</w>
         <c> </c>
         <w xml:id="o5125-492310"
            n="274-a-1350"
            ecep:lem="soft"
            ecep:pos="j"
            ecep:reg="soft"
            ecep:spe="soft"
            ecep:syllab="1"
            ecep:pron="sɒft">soft</w>
         <c> </c>
         <w xml:id="o5125-492320"
            n="274-a-1360"
            ecep:lem="snow"
            ecep:pos="n1"
            ecep:reg="Snow"
            ecep:spe="Snow"
            ecep:syllab="1"
            ecep:pron="snəʊ">Snow</w>
         <c> </c>
         <w xml:id="o5125-492330"
            n="274-a-1370"
            ecep:lem="succeed"
            ecep:pos="vvz"
            ecep:reg="succeeds"
            ecep:spe="succeeds"
            ecep:syllab="2"
            ecep:pron="səkˈsiːdz">succeeds</w>
         <c> </c>
         <w xml:id="o5125-492340"
            n="274-a-1380"
            ecep:lem="the"
            ecep:pos="dt"
            ecep:reg="the"
            ecep:spe="the"
            ecep:syllab="1"
            ecep:pron="ðiː">the</w>
         <c> </c>
         <w xml:id="o5125-492350"
            n="274-a-1390"
            ecep:lem="rush"
            ecep:pos="j-vvg"
            ecep:reg="rushing"
            ecep:spe="rushing"
            ecep:syllab="2"
            ecep:pron="ˈrʌʃɪŋ">rushing</w>
         <c> </c>
         <w xml:id="o5125-492360"
            n="274-a-1400"
            ecep:lem="hail"
            ecep:pos="uh-v"
            ecep:reg="Hail"
            ecep:spe="Hail"
            ecep:syllab="1"
            ecep:pron="heɪl">Hail</w>
         <pc xml:id="o5125-492370"
             n="274-a-1410"
             ecep:lem=";"
             ecep:pos=";"
             ecep:reg=";"
             ecep:spe=";">;</pc>
      </l>
      <pb facs="o5125/0281" n="257" rend="none"/>
      <l xml:id="o5125-l24500">
         <c> </c>
         <w xml:id="o5125-492380"
            n="275-a-0010"
            ecep:lem="and"
            ecep:pos="cc"
            ecep:reg="And"
            ecep:spe="And"
            ecep:syllab="1"
            ecep:pron="ænd">And</w>
         <c> </c>
         <w xml:id="o5125-492390"
            n="275-a-0020"
            ecep:lem="these"
            ecep:pos="d"
            ecep:reg="these"
            ecep:spe="these"
            ecep:syllab="1"
            ecep:pron="ðiːz">these</w>
         <c> </c>
         <w xml:id="o5125-492400"
            n="275-a-0030"
            ecep:lem="white"
            ecep:pos="j-jn"
            ecep:reg="white"
            ecep:spe="white"
            ecep:syllab="1"
            ecep:pron="waɪt">white</w>
         <c> </c>
         <w xml:id="o5125-492410"
            n="275-a-0040"
            ecep:lem="prospect"
            ecep:pos="n2"
            ecep:reg="Prospects"
            ecep:spe="Prospects"
            ecep:syllab="2"
            ecep:pron="ˈprɒspekts">Prospects</w>
         <c> </c>
         <w xml:id="o5125-492420"
            n="275-a-0050"
            ecep:lem="soon"
            ecep:pos="av"
            ecep:reg="soon"
            ecep:spe="soon"
            ecep:syllab="1"
            ecep:pron="suːn">soon</w>
         <c> </c>
         <w xml:id="o5125-492430"
            n="275-a-0060"
            ecep:lem="resign"
            ecep:pos="vvi"
            ecep:reg="resign"
            ecep:spe="resign"
            ecep:syllab="2"
            ecep:pron="riˈzaɪn">resign</w>
         <c> </c>
         <w xml:id="o5125-492440"
            n="275-a-0070"
            ecep:lem="their"
            ecep:pos="po32"
            ecep:reg="their"
            ecep:spe="their"
            ecep:syllab="1"
            ecep:pron="ðeə">their</w>
         <c> </c>
         <w xml:id="o5125-492450"
            n="275-a-0080"
            ecep:lem="room"
            ecep:pos="n1"
            ecep:reg="room"
            ecep:spe="room"
            ecep:syllab="1"
            ecep:pron="ruːm">room</w>
      </l>
      <l xml:id="o5125-l24505">
         <c> </c>
         <w xml:id="o5125-492460"
            n="275-a-0090"
            ecep:lem="to"
            ecep:pos="p-acp"
            ecep:reg="To"
            ecep:spe="To"
            ecep:syllab="1"
            ecep:pron="tuː">To</w>
         <c> </c>
         <w xml:id="o5125-492470"
            n="275-a-0100"
            ecep:lem="melt"
            ecep:pos="j-vvg"
            ecep:reg="melting"
            ecep:spe="melting"
            ecep:syllab="2"
            ecep:pron="ˈmeltɪŋ">melting</w>
         <c> </c>
         <w xml:id="o5125-492480"
            n="275-a-0110"
            ecep:lem="shower"
            ecep:pos="n2"
            ecep:reg="Showers"
            ecep:spe="Showers"
            ecep:syllab="1"
            ecep:pron="ˈʃəʊəz">Showers</w>
         <c> </c>
         <w xml:id="o5125-492490"
            n="275-a-0120"
            ecep:lem="or"
            ecep:pos="cc"
            ecep:reg="or"
            ecep:spe="or"
            ecep:syllab="1"
            ecep:pron="ɔː">or</w>
         <c> </c>
         <w xml:id="o5125-492500"
            n="275-a-0130"
            ecep:lem="unplease"
            ecep:pos="j-vvg"
            ecep:reg="unpleasing"
            ecep:spe="unpleasing"
            ecep:syllab="3"
            ecep:pron="ʌnˈpliːzɪŋ">unpleasing</w>
         <c> </c>
         <w xml:id="o5125-492510"
            n="275-a-0140"
            ecep:lem="gloom"
            ecep:pos="n1"
            ecep:reg="Gloom"
            ecep:spe="Gloom"
            ecep:syllab="1"
            ecep:pron="gluːm">Gloom</w>
         <pc xml:id="o5125-492520"
             n="275-a-0150"
             ecep:lem=";"
             ecep:pos=";"
             ecep:reg=";"
             ecep:spe=";">;</pc>
      </l>
      <l xml:id="o5125-l24510">
         <c> </c>
         <w xml:id="o5125-492530"
            n="275-a-0160"
            ecep:lem="the"
            ecep:pos="dt"
            ecep:reg="The"
            ecep:spe="The"
            ecep:syllab="1"
            ecep:pron="ðiː">The</w>
         <c> </c>
         <w xml:id="o5125-492540"
            n="275-a-0170"
            ecep:lem="nymph"
            ecep:pos="n2"
            ecep:reg="Nymphs"
            ecep:spe="Nymphs"
            ecep:syllab="1"
            ecep:pron="nɪmfs">Nymphs</w>
         <c> </c>
         <w xml:id="o5125-492550"
            n="275-a-0180"
            ecep:lem="and"
            ecep:pos="cc"
            ecep:reg="and"
            ecep:spe="and"
            ecep:syllab="1"
            ecep:pron="ænd">and</w>
         <c> </c>
         <w xml:id="o5125-492560"
            n="275-a-0190"
            ecep:lem="swain"
            ecep:pos="n2"
            ecep:reg="Swains"
            ecep:spe="Swains"
            ecep:syllab="1"
            ecep:pron="sweɪnz">Swains</w>
         <c> </c>
         <w xml:id="o5125-492570"
            n="275-a-0200"
            ecep:lem="their"
            ecep:pos="po32"
            ecep:reg="their"
            ecep:spe="their"
            ecep:syllab="1"
            ecep:pron="ðeə">their</w>
         <c> </c>
         <w xml:id="o5125-492580"
            n="275-a-0210"
            ecep:lem="ache"
            ecep:pos="j-vvg"
            ecep:reg="aching"
            ecep:spe="aking"
            ecep:syllab="2"
            ecep:pron="ˈeɪkɪŋ">aking</w>
         <c> </c>
         <w xml:id="o5125-492590"
            n="275-a-0220"
            ecep:lem="finger"
            ecep:pos="n2"
            ecep:reg="Fingers"
            ecep:spe="Fingers"
            ecep:syllab="2"
            ecep:pron="ˈfɪŋgəz">Fingers</w>
         <c> </c>
         <w xml:id="o5125-492600"
            n="275-a-0230"
            ecep:lem="blow"
            ecep:pos="vvb"
            ecep:reg="blow"
            ecep:spe="blow"
            ecep:syllab="1"
            ecep:pron="bləʊ">blow</w>
         <pc xml:id="o5125-492610"
             n="275-a-0240"
             ecep:lem=","
             ecep:pos=","
             ecep:reg=","
             ecep:spe=",">,</pc>
      </l>
      <l xml:id="o5125-l24515">
         <c> </c>
         <w xml:id="o5125-492620"
            n="275-a-0250"
            ecep:lem="shun"
            ecep:pos="vvb"
            ecep:reg="Shun"
            ecep:spe="Shun"
            ecep:syllab="1"
            ecep:pron="ʃʌn">Shun</w>
         <c> </c>
         <w xml:id="o5125-492630"
            n="275-a-0260"
            ecep:lem="the"
            ecep:pos="dt"
            ecep:reg="the"
            ecep:spe="the"
            ecep:syllab="1"
            ecep:pron="ðiː">the</w>
         <c> </c>
         <w xml:id="o5125-492640"
            n="275-a-0270"
            ecep:lem="cold"
            ecep:pos="j-jn"
            ecep:reg="cold"
            ecep:spe="cold"
            ecep:syllab="1"
            ecep:pron="kəʊld">cold</w>
         <c> </c>
         <w xml:id="o5125-492650"
            n="275-a-0280"
            ecep:lem="rain"
            ecep:pos="n2"
            ecep:reg="Rains"
            ecep:spe="Rains"
            ecep:syllab="1"
            ecep:pron="reɪnz">Rains</w>
         <c> </c>
         <w xml:id="o5125-492660"
            n="275-a-0290"
            ecep:lem="and"
            ecep:pos="cc"
            ecep:reg="and"
            ecep:spe="and"
            ecep:syllab="1"
            ecep:pron="ænd">and</w>
         <c> </c>
         <w xml:id="o5125-492670"
            n="275-a-0300"
            ecep:lem="bless"
            ecep:pos="vvb"
            ecep:reg="bless"
            ecep:spe="bless"
            ecep:syllab="1"
            ecep:pron="bles">bless</w>
         <c> </c>
         <w xml:id="o5125-492680"
            n="275-a-0310"
            ecep:lem="the"
            ecep:pos="dt"
            ecep:reg="the"
            ecep:spe="the"
            ecep:syllab="1"
            ecep:pron="ðiː">the</w>
         <c> </c>
         <w xml:id="o5125-492690"
            n="275-a-0320"
            ecep:lem="kind"
            ecep:pos="jc"
            ecep:reg="kinder"
            ecep:spe="kinder"
            ecep:syllab="2"
            ecep:pron="kaɪndə">kinder</w>
         <c> </c>
         <w xml:id="o5125-492700"
            n="275-a-0330"
            ecep:lem="snow"
            ecep:pos="n1"
            ecep:reg="Snow"
            ecep:spe="Snow"
            ecep:syllab="1"
            ecep:pron="snəʊ">Snow</w>
         <pc xml:id="o5125-492710"
             n="275-a-0340"
             ecep:lem=";"
             ecep:pos=";"
             ecep:reg=";"
             ecep:spe=";">;</pc>
      </l>
      <l xml:id="o5125-l24520">
         <c> </c>
         <w xml:id="o5125-492720"
            n="275-a-0350"
            ecep:lem="while"
            ecep:pos="cs"
            ecep:reg="While"
            ecep:spe="While"
            ecep:syllab="1"
            ecep:pron="waɪl">While</w>
         <c> </c>
         <w xml:id="o5125-492730"
            n="275-a-0360"
            ecep:lem="the"
            ecep:pos="dt"
            ecep:reg="the"
            ecep:spe="the"
            ecep:syllab="1"
            ecep:pron="ðiː">the</w>
         <c> </c>
         <w xml:id="o5125-492740"
            n="275-a-0370"
            ecep:lem="faint"
            ecep:pos="j"
            ecep:reg="faint"
            ecep:spe="faint"
            ecep:syllab="1"
            ecep:pron="feɪnt">faint</w>
         <c> </c>
         <w xml:id="o5125-492750"
            n="275-a-0380"
            ecep:lem="traveller"
            ecep:pos="n2"
            ecep:reg="Travellers"
            ecep:spe="Travellers"
            ecep:syllab="3"
            ecep:pron="ˈtrævləz">Travellers</w>
         <c> </c>
         <w xml:id="o5125-492760"
            n="275-a-0390"
            ecep:lem="around"
            ecep:pos="a-acp"
            ecep:reg="around"
            ecep:spe="around"
            ecep:syllab="2"
            ecep:pron="əˈraʊnd">around</w>
         <c> </c>
         <w xml:id="o5125-492770"
            n="275-a-0400"
            ecep:lem="they"
            ecep:pos="pno32"
            ecep:reg="them"
            ecep:spe="them"
            ecep:syllab="1"
            ecep:pron="ðem">them</w>
         <c> </c>
         <w xml:id="o5125-492780"
            n="275-a-0410"
            ecep:lem="see"
            ecep:pos="vvi"
            ecep:reg="see"
            ecep:spe="see"
            ecep:syllab="1"
            ecep:pron="siː">see</w>
         <pc xml:id="o5125-492790"
             n="275-a-0420"
             ecep:lem=","
             ecep:pos=","
             ecep:reg=","
             ecep:spe=",">,</pc>
      </l>
      <l xml:id="o5125-l24525">
         <c> </c>
         <w xml:id="o5125-492800"
            n="275-a-0430"
            ecep:lem="here"
            ecep:pos="av"
            ecep:reg="Here"
            ecep:spe="Here"
            ecep:syllab="1"
            ecep:pron="hɪə">Here</w>
         <c> </c>
         <w xml:id="o5125-492810"
            n="275-a-0440"
            ecep:lem="sea"
            ecep:pos="n2"
            ecep:reg="Seas"
            ecep:spe="Seas"
            ecep:syllab="1"
            ecep:pron="siːz">Seas</w>
         <c> </c>
         <w xml:id="o5125-492820"
            n="275-a-0450"
            ecep:lem="of"
            ecep:pos="pp-f"
            ecep:reg="of"
            ecep:spe="of"
            ecep:syllab="1"
            ecep:pron="ɒv">of</w>
         <c> </c>
         <w xml:id="o5125-492830"
            n="275-a-0460"
            ecep:lem="mud"
            ecep:pos="n1"
            ecep:reg="Mud"
            ecep:spe="Mud"
            ecep:syllab="1"
            ecep:pron="mʌd">Mud</w>
         <c> </c>
         <w xml:id="o5125-492840"
            n="275-a-0470"
            ecep:lem="and"
            ecep:pos="cc"
            ecep:reg="and"
            ecep:spe="and"
            ecep:syllab="1"
            ecep:pron="ænd">and</w>
         <c> </c>
         <w xml:id="o5125-492850"
            n="275-a-0480"
            ecep:lem="there"
            ecep:pos="a-acp"
            ecep:reg="there"
            ecep:spe="there"
            ecep:syllab="1"
            ecep:pron="ðeə">there</w>
         <c> </c>
         <w xml:id="o5125-492860"
            n="275-a-0490"
            ecep:lem="a"
            ecep:pos="dt"
            ecep:reg="a"
            ecep:spe="a"
            ecep:syllab="1"
            ecep:pron="ə">a</w>
         <c> </c>
         <w xml:id="o5125-492870"
            n="275-a-0500"
            ecep:lem="leafless"
            ecep:pos="j"
            ecep:reg="leafless"
            ecep:spe="leafless"
            ecep:syllab="2"
            ecep:pron="ˈliːfləs">leafless</w>
         <c> </c>
         <w xml:id="o5125-492880"
            n="275-a-0510"
            ecep:lem="tree"
            ecep:pos="n1"
            ecep:reg="Tree"
            ecep:spe="Tree"
            ecep:syllab="1"
            ecep:pron="triː">Tree</w>
         <pc xml:id="o5125-492890"
             n="275-a-0520"
             ecep:lem=":"
             ecep:pos=":"
             ecep:reg=":"
             ecep:spe=":">:</pc>
      </l>
      <l xml:id="o5125-l24530">
         <c> </c>
         <w xml:id="o5125-492900"
            n="275-a-0530"
            ecep:lem="no"
            ecep:pos="dx"
            ecep:reg="No"
            ecep:spe="No"
            ecep:syllab="1"
            ecep:pron="nəʊ">No</w>
         <c> </c>
         <w xml:id="o5125-492910"
            n="275-a-0540"
            ecep:lem="bud"
            ecep:pos="j-vvg"
            ecep:reg="budding"
            ecep:spe="budding"
            ecep:syllab="2"
            ecep:pron="ˈbʌdɪŋ">budding</w>
         <c> </c>
         <w xml:id="o5125-492920"
            n="275-a-0550"
            ecep:lem="leaf"
            ecep:pos="n2"
            ecep:reg="Leaves"
            ecep:spe="Leaves"
            ecep:syllab="1"
            ecep:pron="liːvz">Leaves</w>
         <c> </c>
         <w xml:id="o5125-492930"
            n="275-a-0560"
            ecep:lem="nor"
            ecep:pos="ccx"
            ecep:reg="nor"
            ecep:spe="nor"
            ecep:syllab="1"
            ecep:pron="nɔː">nor</w>
         <c> </c>
         <w xml:id="o5125-492940"
            n="275-a-0570"
            ecep:lem="honeysuckle"
            ecep:pos="n2"
            ecep:reg="Honeysuckles"
            ecep:spe="Honeysuckles"
            ecep:syllab="4"
            ecep:pron="ˈhʌniˌsʌklz">Honeysuckles</w>
         <c> </c>
         <w xml:id="o5125-492950"
            n="275-a-0580"
            ecep:lem="gay"
            ecep:pos="j"
            ecep:reg="gay"
            ecep:spe="gay"
            ecep:syllab="1"
            ecep:pron="geɪ">gay</w>
         <pc xml:id="o5125-492960"
             n="275-a-0590"
             ecep:lem=","
             ecep:pos=","
             ecep:reg=","
             ecep:spe=",">,</pc>
      </l>
      <l xml:id="o5125-l24535">
         <c> </c>
         <w xml:id="o5125-492970"
            n="275-a-0600"
            ecep:lem="no"
            ecep:pos="uh-x"
            ecep:reg="No"
            ecep:spe="No"
            ecep:syllab="1"
            ecep:pron="nəʊ">No</w>
         <c> </c>
         <w xml:id="o5125-492980"
            n="275-a-0610"
            ecep:lem="yellow"
            ecep:pos="j-jn"
            ecep:reg="yellow"
            ecep:spe="yellow"
            ecep:syllab="2"
            ecep:pron="ˈjeləʊ">yellow</w>
         <c> </c>
         <w xml:id="o5125-492990"
            n="275-a-0620"
            ecep:lem="crowfoot"
            ecep:pos="n2"
            ecep:reg="Crowfoots"
            ecep:spe="Crow-foots"
            ecep:syllab="2"
            ecep:pron="krəʊˌfʊts">Crow-foots</w>
         <c> </c>
         <w xml:id="o5125-493000"
            n="275-a-0630"
            ecep:lem="paint"
            ecep:pos="vvb"
            ecep:reg="paint"
            ecep:spe="paint"
            ecep:syllab="1"
            ecep:pron="peɪnt">paint</w>
         <c> </c>
         <w xml:id="o5125-493010"
            n="275-a-0640"
            ecep:lem="the"
            ecep:pos="dt"
            ecep:reg="the"
            ecep:spe="the"
            ecep:syllab="1"
            ecep:pron="ðiː">the</w>
         <c> </c>
         <w xml:id="o5125-493020"
            n="275-a-0650"
            ecep:lem="dirty"
            ecep:pos="j"
            ecep:reg="dirty"
            ecep:spe="dirty"
            ecep:syllab="2"
            ecep:pron="ˈdɜːti">dirty</w>
         <c> </c>
         <w xml:id="o5125-493030"
            n="275-a-0660"
            ecep:lem="way"
            ecep:pos="n1"
            ecep:reg="Way"
            ecep:spe="Way"
            ecep:syllab="1"
            ecep:pron="weɪ">Way</w>
         <pc xml:id="o5125-493040"
             n="275-a-0670"
             ecep:lem=";"
             ecep:pos=";"
             ecep:reg=";"
             ecep:spe=";">;</pc>
      </l>
      <l xml:id="o5125-l24540">
         <c> </c>
         <w xml:id="o5125-493050"
            n="275-a-0680"
            ecep:lem="the"
            ecep:pos="dt"
            ecep:reg="The"
            ecep:spe="The"
            ecep:syllab="1"
            ecep:pron="ðiː">The</w>
         <c> </c>
         <w xml:id="o5125-493060"
            n="275-a-0690"
            ecep:lem="lark"
            ecep:pos="n1"
            ecep:reg="Lark"
            ecep:spe="Lark"
            ecep:syllab="1"
            ecep:pron="lɑːk">Lark</w>
         <c> </c>
         <w xml:id="o5125-493070"
            n="275-a-0700"
            ecep:lem="sit"
            ecep:pos="vvz"
            ecep:reg="sits"
            ecep:spe="sits"
            ecep:syllab="1"
            ecep:pron="sɪts">sits</w>
         <c> </c>
         <w xml:id="o5125-493080"
            n="275-a-0710"
            ecep:lem="mournful"
            ecep:pos="j"
            ecep:reg="mournful"
            ecep:spe="mournful"
            ecep:syllab="2"
            ecep:pron="ˈmɔːnfl">mournful</w>
         <c> </c>
         <w xml:id="o5125-493090"
            n="275-a-0720"
            ecep:lem="as"
            ecep:pos="c-acp"
            ecep:reg="as"
            ecep:spe="as"
            ecep:syllab="1"
            ecep:pron="æz">as</w>
         <c> </c>
         <w xml:id="o5125-493100"
            n="275-a-0730"
            ecep:lem="afraid"
            ecep:pos="j"
            ecep:reg="afraid"
            ecep:spe="afraid"
            ecep:syllab="2"
            ecep:pron="əˈfreɪd">afraid</w>
         <c> </c>
         <w xml:id="o5125-493110"
            n="275-a-0740"
            ecep:lem="to"
            ecep:pos="pc-acp"
            ecep:reg="to"
            ecep:spe="to"
            ecep:syllab="1"
            ecep:pron="tuː">to</w>
         <c> </c>
         <w xml:id="o5125-493120"
            n="275-a-0750"
            ecep:lem="rise"
            ecep:pos="vvi"
            ecep:reg="rise"
            ecep:spe="rise"
            ecep:syllab="1"
            ecep:pron="raɪz">rise</w>
         <pc xml:id="o5125-493130"
             n="275-a-0760"
             ecep:lem=","
             ecep:pos=","
             ecep:reg=","
             ecep:spe=",">,</pc>
      </l>
      <l xml:id="o5125-l24545">
         <c> </c>
         <w xml:id="o5125-493140"
            n="275-a-0770"
            ecep:lem="and"
            ecep:pos="cc"
            ecep:reg="And"
            ecep:spe="And"
            ecep:syllab="1"
            ecep:pron="ænd">And</w>
         <c> </c>
         <w xml:id="o5125-493150"
            n="275-a-0780"
            ecep:lem="the"
            ecep:pos="dt"
            ecep:reg="the"
            ecep:spe="the"
            ecep:syllab="1"
            ecep:pron="ðiː">the</w>
         <c> </c>
         <w xml:id="o5125-493160"
            n="275-a-0790"
            ecep:lem="sad"
            ecep:pos="j"
            ecep:reg="sad"
            ecep:spe="sad"
            ecep:syllab="1"
            ecep:pron="sæd">sad</w>
         <c> </c>
         <w xml:id="o5125-493170"
            n="275-a-0800"
            ecep:lem="Finch"
            ecep:pos="np1"
            ecep:reg="Finch"
            ecep:spe="Finch"
            ecep:syllab="1"
            ecep:pron="fɪntʃ">Finch</w>
         <c> </c>
         <w xml:id="o5125-493180"
            n="275-a-0810"
            ecep:lem="his"
            ecep:pos="po31"
            ecep:reg="his"
            ecep:spe="his"
            ecep:syllab="1"
            ecep:pron="hɪz">his</w>
         <c> </c>
         <w xml:id="o5125-493190"
            n="275-a-0820"
            ecep:lem="soft"
            ecep:pos="jc"
            ecep:reg="softer"
            ecep:spe="softer"
            ecep:syllab="2"
            ecep:pron="ˈsɒftə">softer</w>
         <c> </c>
         <w xml:id="o5125-493200"
            n="275-a-0830"
            ecep:lem="song"
            ecep:pos="n1"
            ecep:reg="Song"
            ecep:spe="Song"
            ecep:syllab="1"
            ecep:pron="sɒŋ">Song</w>
         <c> </c>
         <w xml:id="o5125-493210"
            n="275-a-0840"
            ecep:lem="deny"
            ecep:pos="vvz"
            ecep:reg="denies"
            ecep:spe="denies"
            ecep:syllab="2"
            ecep:pron="diˈnaɪz">denies</w>
         <pc xml:id="o5125-493220"
             n="275-a-0850"
             unit="sentence"
             ecep:lem="."
             ecep:pos="."
             ecep:reg="."
             ecep:spe=".">.</pc>
         <c> </c>
      </l>
   </lg>
   <lg xml:id="o5125-s01870">
      <l xml:id="o5125-l24550">
         <w xml:id="o5125-493250"
            n="275-a-0860"
            ecep:lem="poor"
            ecep:pos="j"
            ecep:reg="Poor"
            ecep:spe="Poor"
            ecep:syllab="1"
            ecep:pron="pɔː">Poor</w>
         <c> </c>
         <w xml:id="o5125-493260"
            n="275-a-0870"
            ecep:lem="daggle"
            ecep:pos="j-vvn"
            ecep:reg="daggled"
            ecep:spe="daggled"
            ecep:syllab="2"
            ecep:pron="dˈægəld">daggled</w>
         <c> </c>
         <hi>
            <w xml:id="o5125-493270"
               n="275-a-0880"
               ecep:lem="ursula"
               ecep:pos="np1"
               ecep:reg="Urs'la"
               ecep:spe="Urs'la"
               ecep:syllab="2"
               ecep:pron="ˈɜːslə">Urs'la</w>
         </hi>
         <c> </c>
         <w xml:id="o5125-493280"
            n="275-a-0890"
            ecep:lem="stalk"
            ecep:pos="vvz"
            ecep:reg="stalks"
            ecep:spe="stalks"
            ecep:syllab="1"
            ecep:pron="stɔːks">stalks</w>
         <c> </c>
         <w xml:id="o5125-493290"
            n="275-a-0900"
            ecep:lem="from"
            ecep:pos="p-acp"
            ecep:reg="from"
            ecep:spe="from"
            ecep:syllab="1"
            ecep:pron="frɒm">from</w>
         <c> </c>
         <w xml:id="o5125-493300"
            n="275-a-0910"
            ecep:lem="cow"
            ecep:pos="n1"
            ecep:reg="Cow"
            ecep:spe="Cow"
            ecep:syllab="1"
            ecep:pron="kaʊ">Cow</w>
         <c> </c>
         <w xml:id="o5125-493310"
            n="275-a-0920"
            ecep:lem="to"
            ecep:pos="p-acp"
            ecep:reg="to"
            ecep:spe="to"
            ecep:syllab="1"
            ecep:pron="tuː">to</w>
         <c> </c>
         <w xml:id="o5125-493320"
            n="275-a-0930"
            ecep:lem="cow"
            ecep:pos="n1"
            ecep:reg="Cow"
            ecep:spe="Cow"
            ecep:syllab="1"
            ecep:pron="kaʊ">Cow</w>
         <pc xml:id="o5125-493330"
             n="275-a-0940"
             ecep:lem=","
             ecep:pos=","
             ecep:reg=","
             ecep:spe=",">,</pc>
      </l>
      <l xml:id="o5125-l24555">
         <c> </c>
         <w xml:id="o5125-493340"
            n="275-a-0950"
            ecep:lem="who"
            ecep:pos="r-crq"
            ecep:reg="Who"
            ecep:spe="Who"
            ecep:syllab="1"
            ecep:pron="huː">Who</w>
         <c> </c>
         <w xml:id="o5125-493350"
            n="275-a-0960"
            ecep:lem="to"
            ecep:pos="p-acp"
            ecep:reg="to"
            ecep:spe="to"
            ecep:syllab="1"
            ecep:pron="tuː">to</w>
         <c> </c>
         <w xml:id="o5125-493360"
            n="275-a-0970"
            ecep:lem="her"
            ecep:pos="po31"
            ecep:reg="her"
            ecep:spe="her"
            ecep:syllab="1"
            ecep:pron="hɜː">her</w>
         <c> </c>
         <w xml:id="o5125-493370"
            n="275-a-0980"
            ecep:lem="sigh"
            ecep:pos="n2"
            ecep:reg="Sighs"
            ecep:spe="Sighs"
            ecep:syllab="1"
            ecep:pron="saɪz">Sighs</w>
         <c> </c>
         <w xml:id="o5125-493380"
            n="275-a-0990"
            ecep:lem="return"
            ecep:pos="vvi"
            ecep:reg="return"
            ecep:spe="return"
            ecep:syllab="2"
            ecep:pron="riˈtɜːn">return</w>
         <c> </c>
         <w xml:id="o5125-493390"
            n="275-a-1000"
            ecep:lem="a"
            ecep:pos="dt"
            ecep:reg="a"
            ecep:spe="a"
            ecep:syllab="1"
            ecep:pron="ə">a</w>
         <c> </c>
         <w xml:id="o5125-493400"
            n="275-a-1010"
            ecep:lem="mournful"
            ecep:pos="j"
            ecep:reg="mournful"
            ecep:spe="mournful"
            ecep:syllab="2"
            ecep:pron="ˈmɔːnfl">mournful</w>
         <c> </c>
         <w xml:id="o5125-493410"
            n="275-a-1020"
            ecep:lem="low"
            ecep:pos="j"
            ecep:reg="Low"
            ecep:spe="Low"
            ecep:syllab="1"
            ecep:pron="ləʊ">Low</w>
         <pc xml:id="o5125-493420"
             n="275-a-1030"
             ecep:lem=";"
             ecep:pos=";"
             ecep:reg=";"
             ecep:spe=";">;</pc>
      </l>
      <l xml:id="o5125-l24560">
         <c> </c>
         <w xml:id="o5125-493430"
            n="275-a-1040"
            ecep:lem="while"
            ecep:pos="cs"
            ecep:reg="While"
            ecep:spe="While"
            ecep:syllab="1"
            ecep:pron="waɪl">While</w>
         <c> </c>
         <w xml:id="o5125-493440"
            n="275-a-1050"
            ecep:lem="their"
            ecep:pos="po32"
            ecep:reg="their"
            ecep:spe="their"
            ecep:syllab="1"
            ecep:pron="ðeə">their</w>
         <c> </c>
         <w xml:id="o5125-493450"
            n="275-a-1060"
            ecep:lem="full"
            ecep:pos="j"
            ecep:reg="full"
            ecep:spe="full"
            ecep:syllab="1"
            ecep:pron="fʊl">full</w>
         <c> </c>
         <w xml:id="o5125-493460"
            n="275-a-1070"
            ecep:lem="udder"
            ecep:pos="n2"
            ecep:reg="Udders"
            ecep:spe="Udders"
            ecep:syllab="2"
            ecep:pron="ˈʌdəz">Udders</w>
         <c> </c>
         <w xml:id="o5125-493470"
            n="275-a-1080"
            ecep:lem="her"
            ecep:pos="po31"
            ecep:reg="her"
            ecep:spe="her"
            ecep:syllab="1"
            ecep:pron="hɜː">her</w>
         <c> </c>
         <w xml:id="o5125-493480"
            n="275-a-1090"
            ecep:lem="broad"
            ecep:pos="j"
            ecep:reg="broad"
            ecep:spe="broad"
            ecep:syllab="1"
            ecep:pron="brɔːd">broad</w>
         <c> </c>
         <w xml:id="o5125-493490"
            n="275-a-1100"
            ecep:lem="hand"
            ecep:pos="n2"
            ecep:reg="Hands"
            ecep:spe="Hands"
            ecep:syllab="1"
            ecep:pron="hændz">Hands</w>
         <c> </c>
         <w xml:id="o5125-493500"
            n="275-a-1110"
            ecep:lem="assail"
            ecep:pos="vvb"
            ecep:reg="assail"
            ecep:spe="assail"
            ecep:syllab="2"
            ecep:pron="əˈseɪl">assail</w>
         <pc xml:id="o5125-493510"
             n="275-a-1120"
             ecep:lem=","
             ecep:pos=","
             ecep:reg=","
             ecep:spe=",">,</pc>
      </l>
      <l xml:id="o5125-l24565">
         <c> </c>
         <w xml:id="o5125-493520"
            n="275-a-1130"
            ecep:lem="and"
            ecep:pos="cc"
            ecep:reg="And"
            ecep:spe="And"
            ecep:syllab="1"
            ecep:pron="ænd">And</w>
         <c> </c>
         <w xml:id="o5125-493530"
            n="275-a-1140"
            ecep:lem="her"
            ecep:pos="po31"
            ecep:reg="her"
            ecep:spe="her"
            ecep:syllab="1"
            ecep:pron="hɜː">her</w>
         <c> </c>
         <w xml:id="o5125-493540"
            n="275-a-1150"
            ecep:lem="sharp"
            ecep:pos="j"
            ecep:reg="sharp"
            ecep:spe="sharp"
            ecep:syllab="1"
            ecep:pron="ʃɑːp">sharp</w>
         <c> </c>
         <w xml:id="o5125-493550"
            n="275-a-1160"
            ecep:lem="nose"
            ecep:pos="n1"
            ecep:reg="Nose"
            ecep:spe="Nose"
            ecep:syllab="1"
            ecep:pron="nəʊz">Nose</w>
         <c> </c>
         <w xml:id="o5125-493560"
            n="275-a-1170"
            ecep:lem="hang"
            ecep:pos="vvz"
            ecep:reg="hangs"
            ecep:spe="hangs"
            ecep:syllab="1"
            ecep:pron="hæŋz">hangs</w>
         <c> </c>
         <w xml:id="o5125-493570"
            n="275-a-1180"
            ecep:lem="drop"
            ecep:pos="vvg"
            ecep:reg="dropping"
            ecep:spe="dropping"
            ecep:syllab="2"
            ecep:pron="ˈdrɒpɪŋ">dropping</w>
         <c> </c>
         <w xml:id="o5125-493580"
            n="275-a-1190"
            ecep:lem="over"
            ecep:pos="p-acp"
            ecep:reg="over"
            ecep:spe="o'er"
            ecep:syllab="1"
            ecep:pron="ˈɔːə">o'er</w>
         <c> </c>
         <w xml:id="o5125-493590"
            n="275-a-1200"
            ecep:lem="the"
            ecep:pos="dt"
            ecep:reg="the"
            ecep:spe="the"
            ecep:syllab="1"
            ecep:pron="ðiː">the</w>
         <c> </c>
         <w xml:id="o5125-493600"
            n="275-a-1210"
            ecep:lem="pail"
            ecep:pos="n1"
            ecep:reg="Pail"
            ecep:spe="Pail"
            ecep:syllab="1"
            ecep:pron="peɪl">Pail</w>
         <pc xml:id="o5125-493610"
             n="275-a-1220"
             unit="sentence"
             ecep:lem="."
             ecep:pos="."
             ecep:reg="."
             ecep:spe=".">.</pc>
         <c> </c>
      </l>
      <l xml:id="o5125-l24570">
         <w xml:id="o5125-493620"
            n="275-a-1230"
            ecep:lem="with"
            ecep:pos="p-acp"
            ecep:reg="With"
            ecep:spe="With"
            ecep:syllab="1"
            ecep:pron="wɪð">With</w>
         <c> </c>
         <w xml:id="o5125-493630"
            n="275-a-1240"
            ecep:lem="garment"
            ecep:pos="n2"
            ecep:reg="Garments"
            ecep:spe="Garments"
            ecep:syllab="2"
            ecep:pron="ˈgɑːmənts">Garments</w>
         <c> </c>
         <w xml:id="o5125-493640"
            n="275-a-1250"
            ecep:lem="trickle"
            ecep:pos="vvg"
            ecep:reg="trickling"
            ecep:spe="trickling"
            ecep:syllab="2"
            ecep:pron="ˈtrɪklɪŋ">trickling</w>
         <c> </c>
         <w xml:id="o5125-493650"
            n="275-a-1260"
            ecep:lem="like"
            ecep:pos="av-j"
            ecep:reg="like"
            ecep:spe="like"
            ecep:syllab="1"
            ecep:pron="laɪk">like</w>
         <c> </c>
         <w xml:id="o5125-493660"
            n="275-a-1270"
            ecep:lem="a"
            ecep:pos="dt"
            ecep:reg="a"
            ecep:spe="a"
            ecep:syllab="1"
            ecep:pron="ə">a</w>
         <c> </c>
         <w xml:id="o5125-493670"
            n="275-a-1280"
            ecep:lem="shallow"
            ecep:pos="j"
            ecep:reg="shallow"
            ecep:spe="shallow"
            ecep:syllab="2"
            ecep:pron="ˈʃæləʊ">shallow</w>
         <c> </c>
         <w xml:id="o5125-493680"
            n="275-a-1290"
            ecep:lem="spring"
            ecep:pos="n1"
            ecep:reg="Spring"
            ecep:spe="Spring"
            ecep:syllab="1"
            ecep:pron="sprɪŋ">Spring</w>
         <pc xml:id="o5125-493690"
             n="275-a-1300"
             ecep:lem=","
             ecep:pos=","
             ecep:reg=","
             ecep:spe=",">,</pc>
      </l>
      <l xml:id="o5125-l24575">
         <c> </c>
         <w xml:id="o5125-493700"
            n="275-a-1310"
            ecep:lem="and"
            ecep:pos="cc"
            ecep:reg="And"
            ecep:spe="And"
            ecep:syllab="1"
            ecep:pron="ænd">And</w>
         <c> </c>
         <w xml:id="o5125-493710"
            n="275-a-1320"
            ecep:lem="his"
            ecep:pos="po31"
            ecep:reg="his"
            ecep:spe="his"
            ecep:syllab="1"
            ecep:pron="hɪz">his</w>
         <c> </c>
         <w xml:id="o5125-493720"
            n="275-a-1330"
            ecep:lem="wet"
            ecep:pos="j"
            ecep:reg="wet"
            ecep:spe="wet"
            ecep:syllab="1"
            ecep:pron="wet">wet</w>
         <c> </c>
         <w xml:id="o5125-493730"
            n="275-a-1340"
            ecep:lem="lock"
            ecep:pos="n2"
            ecep:reg="Locks"
            ecep:spe="Locks"
            ecep:syllab="1"
            ecep:pron="lɒks">Locks</w>
         <c> </c>
         <w xml:id="o5125-493740"
            n="275-a-1350"
            ecep:lem="all"
            ecep:pos="d"
            ecep:reg="all"
            ecep:spe="all"
            ecep:syllab="1"
            ecep:pron="ɔːl">all</w>
         <c> </c>
         <w xml:id="o5125-493750"
            n="275-a-1360"
            ecep:lem="twist"
            ecep:pos="vvn"
            ecep:reg="twisted"
            ecep:spe="twisted"
            ecep:syllab="2"
            ecep:pron="ˈtwɪstɪd">twisted</w>
         <c> </c>
         <w xml:id="o5125-493760"
            n="275-a-1370"
            ecep:lem="in"
            ecep:pos="p-acp"
            ecep:reg="in"
            ecep:spe="in"
            ecep:syllab="1"
            ecep:pron="ɪn">in</w>
         <c> </c>
         <w xml:id="o5125-493770"
            n="275-a-1380"
            ecep:lem="a"
            ecep:pos="dt"
            ecep:reg="a"
            ecep:spe="a"
            ecep:syllab="1"
            ecep:pron="ə">a</w>
         <c> </c>
         <w xml:id="o5125-493780"
            n="275-a-1390"
            ecep:lem="string"
            ecep:pos="n1"
            ecep:reg="String"
            ecep:spe="String"
            ecep:syllab="1"
            ecep:pron="strɪŋ">String</w>
         <pc xml:id="o5125-493790"
             n="275-a-1400"
             ecep:lem=","
             ecep:pos=","
             ecep:reg=","
             ecep:spe=",">,</pc>
      </l>
      <l xml:id="o5125-l24580">
         <c> </c>
         <w xml:id="o5125-493800"
            n="275-a-1410"
            ecep:lem="afflict"
            ecep:pos="vvn"
            ecep:reg="Afflicted"
            ecep:spe="Afflicted"
            ecep:syllab="3"
            ecep:pron="əˈflɪktɪd">Afflicted</w>
         <c> </c>
         <hi>
            <w xml:id="o5125-493810"
               n="275-a-1420"
               ecep:lem="Cymon"
               ecep:pos="np1"
               ecep:reg="Cymon"
               ecep:spe="Cymon"
               ecep:syllab="2"
               ecep:pron="sˈaɪmən">Cymon</w>
         </hi>
         <c> </c>
         <w xml:id="o5125-493820"
            n="275-a-1430"
            ecep:lem="waddle"
            ecep:pos="vvz"
            ecep:reg="waddles"
            ecep:spe="waddles"
            ecep:syllab="2"
            ecep:pron="ˈwɒdlz">waddles</w>
         <c> </c>
         <w xml:id="o5125-493830"
            n="275-a-1440"
            ecep:lem="through"
            ecep:pos="p-acp"
            ecep:reg="through"
            ecep:spe="through"
            ecep:syllab="1"
            ecep:pron="θruː">through</w>
         <c> </c>
         <w xml:id="o5125-493840"
            n="275-a-1450"
            ecep:lem="the"
            ecep:pos="dt"
            ecep:reg="the"
            ecep:spe="the"
            ecep:syllab="1"
            ecep:pron="ðiː">the</w>
         <c> </c>
         <w xml:id="o5125-493850"
            n="275-a-1460"
            ecep:lem="mire"
            ecep:pos="n1"
            ecep:reg="Mire"
            ecep:spe="Mire"
            ecep:syllab="1"
            ecep:pron="ˈmaɪə">Mire</w>
         <pc xml:id="o5125-493860"
             n="275-a-1470"
             ecep:lem=","
             ecep:pos=","
             ecep:reg=","
             ecep:spe=",">,</pc>
      </l>
      <l xml:id="o5125-l24585">
         <c> </c>
         <w xml:id="o5125-493870"
            n="275-a-1480"
            ecep:lem="and"
            ecep:pos="cc"
            ecep:reg="And"
            ecep:spe="And"
            ecep:syllab="1"
            ecep:pron="ænd">And</w>
         <c> </c>
         <w xml:id="o5125-493880"
            n="275-a-1490"
            ecep:lem="rail"
            ecep:pos="vvz"
            ecep:reg="rails"
            ecep:spe="rails"
            ecep:syllab="1"
            ecep:pron="reɪlz">rails</w>
         <c> </c>
         <w xml:id="o5125-493890"
            n="275-a-1500"
            ecep:lem="at"
            ecep:pos="p-acp"
            ecep:reg="at"
            ecep:spe="at"
            ecep:syllab="1"
            ecep:pron="æt">at</w>
         <c> </c>
         <hi>
            <w xml:id="o5125-493900"
               n="275-a-1510"
               ecep:lem="win'fred"
               ecep:pos="np1"
               ecep:reg="Win'fred"
               ecep:spe="Win'fred"
               ecep:syllab="2"
               ecep:pron="wˈɪnfrəd">Win'fred</w>
         </hi>
         <c> </c>
         <w xml:id="o5125-493910"
            n="275-a-1520"
            ecep:lem="creep"
            ecep:pos="vvg"
            ecep:reg="creeping"
            ecep:spe="creeping"
            ecep:syllab="2"
            ecep:pron="ˈkriːpɪŋ">creeping</w>
         <c> </c>
         <w xml:id="o5125-493920"
            n="275-a-1530"
            ecep:lem="over"
            ecep:pos="p-acp"
            ecep:reg="over"
            ecep:spe="o'er"
            ecep:syllab="1"
            ecep:pron="ˈɔːə">o'er</w>
         <c> </c>
         <w xml:id="o5125-493930"
            n="275-a-1540"
            ecep:lem="the"
            ecep:pos="dt"
            ecep:reg="the"
            ecep:spe="the"
            ecep:syllab="1"
            ecep:pron="ðiː">the</w>
         <c> </c>
         <w xml:id="o5125-493940"
            n="275-a-1550"
            ecep:lem="fire"
            ecep:pos="n1"
            ecep:reg="Fire"
            ecep:spe="Fire"
            ecep:syllab="1"
            ecep:pron="ˈfaɪə">Fire</w>
         <pc xml:id="o5125-493950"
             n="275-a-1560"
             unit="sentence"
             ecep:lem="."
             ecep:pos="."
             ecep:reg="."
             ecep:spe=".">.</pc>
         <c> </c>
      </l>
   </lg>
   <lg xml:id="o5125-s01875">
      <l xml:id="o5125-l24590">
         <w xml:id="o5125-493980"
            n="275-a-1570"
            ecep:lem="say"
            ecep:pos="vvb"
            ecep:reg="Say"
            ecep:spe="Say"
            ecep:syllab="1"
            ecep:pron="seɪ">Say</w>
         <c> </c>
         <w xml:id="o5125-493990"
            n="275-a-1580"
            ecep:lem="gentle"
            ecep:pos="j-jn"
            ecep:reg="gentle"
            ecep:spe="gentle"
            ecep:syllab="2"
            ecep:pron="ˈdʒentl">gentle</w>
         <c> </c>
         <w xml:id="o5125-494000"
            n="275-a-1590"
            ecep:lem="muse"
            ecep:pos="n2"
            ecep:reg="Muses"
            ecep:spe="Muses"
            ecep:syllab="2"
            ecep:pron="ˈmjuːzɪz">Muses</w>
         <pc xml:id="o5125-494010"
             n="275-a-1600"
             ecep:lem=","
             ecep:pos=","
             ecep:reg=","
             ecep:spe=",">,</pc>
         <c> </c>
         <w xml:id="o5125-494020"
            n="275-a-1610"
            ecep:lem="say"
            ecep:pos="vvb"
            ecep:reg="say"
            ecep:spe="say"
            ecep:syllab="1"
            ecep:pron="seɪ">say</w>
         <pc xml:id="o5125-494030"
             n="275-a-1620"
             ecep:lem=","
             ecep:pos=","
             ecep:reg=","
             ecep:spe=",">,</pc>
         <c> </c>
         <w xml:id="o5125-494040"
            n="275-a-1630"
            ecep:lem="be"
            ecep:pos="vbz"
            ecep:reg="is"
            ecep:spe="is"
            ecep:syllab="1"
            ecep:pron="ɪz">is</w>
         <c> </c>
         <w xml:id="o5125-494050"
            n="275-a-1640"
            ecep:lem="this"
            ecep:pos="d"
            ecep:reg="this"
            ecep:spe="this"
            ecep:syllab="1"
            ecep:pron="ðɪs">this</w>
         <c> </c>
         <w xml:id="o5125-494060"
            n="275-a-1650"
            ecep:lem="a"
            ecep:pos="dt"
            ecep:reg="a"
            ecep:spe="a"
            ecep:syllab="1"
            ecep:pron="ə">a</w>
         <c> </c>
         <w xml:id="o5125-494070"
            n="275-a-1660"
            ecep:lem="time"
            ecep:pos="n1"
            ecep:reg="Time"
            ecep:spe="Time"
            ecep:syllab="1"
            ecep:pron="taɪm">Time</w>
      </l>
      <l xml:id="o5125-l24595">
         <c> </c>
         <w xml:id="o5125-494080"
            n="275-a-1670"
            ecep:lem="to"
            ecep:pos="pc-acp"
            ecep:reg="To"
            ecep:spe="To"
            ecep:syllab="1"
            ecep:pron="tuː">To</w>
         <c> </c>
         <w xml:id="o5125-494090"
            n="275-a-1680"
            ecep:lem="sport"
            ecep:pos="vvi"
            ecep:reg="sport"
            ecep:spe="sport"
            ecep:syllab="1"
            ecep:pron="spɔːt">sport</w>
         <c> </c>
         <w xml:id="o5125-494100"
            n="275-a-1690"
            ecep:lem="with"
            ecep:pos="p-acp"
            ecep:reg="with"
            ecep:spe="with"
            ecep:syllab="1"
            ecep:pron="wɪð">with</w>
         <c> </c>
         <w xml:id="o5125-494110"
            n="275-a-1700"
            ecep:lem="poesy"
            ecep:pos="n1"
            ecep:reg="Poesy"
            ecep:spe="Poesy"
            ecep:syllab="3"
            ecep:pron="ˈpəʊəzi">Poesy</w>
         <c> </c>
         <w xml:id="o5125-494120"
            n="275-a-1710"
            ecep:lem="and"
            ecep:pos="cc"
            ecep:reg="and"
            ecep:spe="and"
            ecep:syllab="1"
            ecep:pron="ænd">and</w>
         <c> </c>
         <w xml:id="o5125-494130"
            n="275-a-1720"
            ecep:lem="laugh"
            ecep:pos="n1"
            ecep:reg="laugh"
            ecep:spe="laugh"
            ecep:syllab="1"
            ecep:pron="lɑːf">laugh</w>
         <c> </c>
         <w xml:id="o5125-494140"
            n="275-a-1730"
            ecep:lem="in"
            ecep:pos="p-acp"
            ecep:reg="in"
            ecep:spe="in"
            ecep:syllab="1"
            ecep:pron="ɪn">in</w>
         <c> </c>
         <w xml:id="o5125-494150"
            n="275-a-1740"
            ecep:lem="rhyme"
            ecep:pos="n1"
            ecep:reg="Rhyme"
            ecep:spe="Rhyme"
            ecep:syllab="1"
            ecep:pron="raɪm">Rhyme</w>
         <pc xml:id="o5125-494160"
             n="275-a-1750"
             ecep:lem=";"
             ecep:pos=";"
             ecep:reg=";"
             ecep:spe=";">;</pc>
      </l>
      <pb facs="o5125/0282" n="258" rend="none"/>
      <l xml:id="o5125-l24600">
         <c> </c>
         <w xml:id="o5125-494170"
            n="276-a-0010"
            ecep:lem="while"
            ecep:pos="cs"
            ecep:reg="While"
            ecep:spe="While"
            ecep:syllab="1"
            ecep:pron="waɪl">While</w>
         <c> </c>
         <w xml:id="o5125-494180"
            n="276-a-0020"
            ecep:lem="the"
            ecep:pos="dt"
            ecep:reg="the"
            ecep:spe="the"
            ecep:syllab="1"
            ecep:pron="ðiː">the</w>
         <c> </c>
         <w xml:id="o5125-494190"
            n="276-a-0030"
            ecep:lem="chill"
            ecep:pos="j-vvn"
            ecep:reg="chilled"
            ecep:spe="chill'd"
            ecep:syllab="1"
            ecep:pron="tʃɪld">chill'd</w>
         <c> </c>
         <w xml:id="o5125-494200"
            n="276-a-0040"
            ecep:lem="blood"
            ecep:pos="n1"
            ecep:reg="Blood"
            ecep:spe="Blood"
            ecep:syllab="1"
            ecep:pron="blʌd">Blood</w>
         <pc xml:id="o5125-494210"
             n="276-a-0050"
             ecep:lem=","
             ecep:pos=","
             ecep:reg=","
             ecep:spe=",">,</pc>
         <c> </c>
         <w xml:id="o5125-494220"
            n="276-a-0060"
            ecep:lem="that"
            ecep:pos="cst"
            ecep:reg="that"
            ecep:spe="that"
            ecep:syllab="1"
            ecep:pron="ðæt">that</w>
         <c> </c>
         <w xml:id="o5125-494230"
            n="276-a-0070"
            ecep:lem="have"
            ecep:pos="vhz"
            ecep:reg="hath"
            ecep:spe="hath"
            ecep:syllab="1"
            ecep:pron="hæθ">hath</w>
         <c> </c>
         <w xml:id="o5125-494240"
            n="276-a-0080"
            ecep:lem="forget"
            ecep:pos="vvn"
            ecep:reg="forgot"
            ecep:spe="forgot"
            ecep:syllab="2"
            ecep:pron="fəˈgɒt">forgot</w>
         <c> </c>
         <w xml:id="o5125-494250"
            n="276-a-0090"
            ecep:lem="to"
            ecep:pos="pc-acp"
            ecep:reg="to"
            ecep:spe="to"
            ecep:syllab="1"
            ecep:pron="tuː">to</w>
         <c> </c>
         <w xml:id="o5125-494260"
            n="276-a-0100"
            ecep:lem="glide"
            ecep:pos="vvi"
            ecep:reg="glide"
            ecep:spe="glide"
            ecep:syllab="1"
            ecep:pron="glaɪd">glide</w>
         <pc xml:id="o5125-494270"
             n="276-a-0110"
             ecep:lem=","
             ecep:pos=","
             ecep:reg=","
             ecep:spe=",">,</pc>
      </l>
      <l xml:id="o5125-l24605">
         <c> </c>
         <w xml:id="o5125-494280"
            n="276-a-0120"
            ecep:lem="steal"
            ecep:pos="vvz"
            ecep:reg="Steals"
            ecep:spe="Steals"
            ecep:syllab="1"
            ecep:pron="stiːlz">Steals</w>
         <c> </c>
         <w xml:id="o5125-494290"
            n="276-a-0130"
            ecep:lem="through"
            ecep:pos="p-acp"
            ecep:reg="through"
            ecep:spe="through"
            ecep:syllab="1"
            ecep:pron="θruː">through</w>
         <c> </c>
         <w xml:id="o5125-494300"
            n="276-a-0140"
            ecep:lem="its"
            ecep:pos="po31"
            ecep:reg="its"
            ecep:spe="its"
            ecep:syllab="1"
            ecep:pron="ɪts">its</w>
         <c> </c>
         <w xml:id="o5125-494310"
            n="276-a-0150"
            ecep:lem="channel"
            ecep:pos="n2"
            ecep:reg="Channels"
            ecep:spe="Channels"
            ecep:syllab="2"
            ecep:pron="ˈtʃænlz">Channels</w>
         <c> </c>
         <w xml:id="o5125-494320"
            n="276-a-0160"
            ecep:lem="in"
            ecep:pos="p-acp"
            ecep:reg="in"
            ecep:spe="in"
            ecep:syllab="1"
            ecep:pron="ɪn">in</w>
         <c> </c>
         <w xml:id="o5125-494330"
            n="276-a-0170"
            ecep:lem="a"
            ecep:pos="dt"
            ecep:reg="a"
            ecep:spe="a"
            ecep:syllab="1"
            ecep:pron="ə">a</w>
         <c> </c>
         <w xml:id="o5125-494340"
            n="276-a-0180"
            ecep:lem="lazy"
            ecep:pos="j"
            ecep:reg="lazy"
            ecep:spe="lazy"
            ecep:syllab="2"
            ecep:pron="ˈleɪzi">lazy</w>
         <c> </c>
         <w xml:id="o5125-494350"
            n="276-a-0190"
            ecep:lem="tide"
            ecep:pos="n1"
            ecep:reg="Tide"
            ecep:spe="Tide"
            ecep:syllab="1"
            ecep:pron="taɪd">Tide</w>
         <pc xml:id="o5125-494360"
             n="276-a-0200"
             ecep:lem=":"
             ecep:pos=":"
             ecep:reg=":"
             ecep:spe=":">:</pc>
      </l>
      <l xml:id="o5125-l24610">
         <c> </c>
         <w xml:id="o5125-494370"
            n="276-a-0210"
            ecep:lem="and"
            ecep:pos="cc"
            ecep:reg="And"
            ecep:spe="And"
            ecep:syllab="1"
            ecep:pron="ænd">And</w>
         <c> </c>
         <w xml:id="o5125-494380"
            n="276-a-0220"
            ecep:lem="how"
            ecep:pos="q-crq"
            ecep:reg="how"
            ecep:spe="how"
            ecep:syllab="1"
            ecep:pron="haʊ">how</w>
         <c> </c>
         <w xml:id="o5125-494390"
            n="276-a-0230"
            ecep:lem="can"
            ecep:pos="vmb"
            ecep:reg="can"
            ecep:spe="can"
            ecep:syllab="1"
            ecep:pron="kæn">can</w>
         <c> </c>
         <hi>
            <w xml:id="o5125-494400"
               n="276-a-0240"
               ecep:lem="Phoebus"
               ecep:pos="np1"
               ecep:reg="Phoebus"
               ecep:spe="Phoebus"
               ecep:syllab="2"
               ecep:pron="ˈfiːbəs">Phoebus</w>
            <pc xml:id="o5125-494410"
                n="276-a-0250"
                ecep:lem=","
                ecep:pos=","
                ecep:reg=","
                ecep:spe=",">,</pc>
         </hi>
         <c> </c>
         <w xml:id="o5125-494420"
            n="276-a-0260"
            ecep:lem="who"
            ecep:pos="r-crq"
            ecep:reg="who"
            ecep:spe="who"
            ecep:syllab="1"
            ecep:pron="huː">who</w>
         <c> </c>
         <w xml:id="o5125-494430"
            n="276-a-0270"
            ecep:lem="the"
            ecep:pos="dt"
            ecep:reg="the"
            ecep:spe="the"
            ecep:syllab="1"
            ecep:pron="ðiː">the</w>
         <c> </c>
         <w xml:id="o5125-494440"
            n="276-a-0280"
            ecep:lem="muse"
            ecep:pos="n1"
            ecep:reg="Muse"
            ecep:spe="Muse"
            ecep:syllab="1"
            ecep:pron="mjuːz">Muse</w>
         <c> </c>
         <w xml:id="o5125-494450"
            n="276-a-0290"
            ecep:lem="refine"
            ecep:pos="vvz"
            ecep:reg="refines"
            ecep:spe="refines"
            ecep:syllab="2"
            ecep:pron="rɪˈfaɪnz">refines</w>
         <pc xml:id="o5125-494460"
             n="276-a-0300"
             ecep:lem=","
             ecep:pos=","
             ecep:reg=","
             ecep:spe=",">,</pc>
      </l>
      <l xml:id="o5125-l24615">
         <c> </c>
         <w xml:id="o5125-494470"
            n="276-a-0310"
            ecep:lem="smoothe"
            ecep:pos="vvz"
            ecep:reg="Smooth"
            ecep:spe="Smooth"
            ecep:syllab="1"
            ecep:pron="smuːð">Smooth</w>
         <c> </c>
         <w xml:id="o5125-494480"
            n="276-a-0320"
            ecep:lem="the"
            ecep:pos="dt"
            ecep:reg="the"
            ecep:spe="the"
            ecep:syllab="1"
            ecep:pron="ðiː">the</w>
         <c> </c>
         <w xml:id="o5125-494490"
            n="276-a-0330"
            ecep:lem="dull"
            ecep:pos="j"
            ecep:reg="dull"
            ecep:spe="dull"
            ecep:syllab="1"
            ecep:pron="dʌl">dull</w>
         <c> </c>
         <w xml:id="o5125-494500"
            n="276-a-0340"
            ecep:lem="number"
            ecep:pos="n2"
            ecep:reg="Numbers"
            ecep:spe="Numbers"
            ecep:syllab="2"
            ecep:pron="ˈnʌmbəz">Numbers</w>
         <c> </c>
         <w xml:id="o5125-494510"
            n="276-a-0350"
            ecep:lem="when"
            ecep:pos="c-crq"
            ecep:reg="when"
            ecep:spe="when"
            ecep:syllab="1"
            ecep:pron="wen">when</w>
         <c> </c>
         <w xml:id="o5125-494520"
            n="276-a-0360"
            ecep:lem="he"
            ecep:pos="pns31"
            ecep:reg="he"
            ecep:spe="he"
            ecep:syllab="1"
            ecep:pron="hiː">he</w>
         <c> </c>
         <w xml:id="o5125-494530"
            n="276-a-0370"
            ecep:lem="seldom"
            ecep:pos="av"
            ecep:reg="seldom"
            ecep:spe="seldom"
            ecep:syllab="2"
            ecep:pron="ˈseldəm">seldom</w>
         <c> </c>
         <w xml:id="o5125-494540"
            n="276-a-0380"
            ecep:lem="shine"
            ecep:pos="vvz"
            ecep:reg="shines"
            ecep:spe="shines"
            ecep:syllab="1"
            ecep:pron="ʃaɪnz">shines</w>
         <pc xml:id="o5125-494550"
             n="276-a-0390"
             unit="sentence"
             ecep:lem="."
             ecep:pos="."
             ecep:reg="."
             ecep:spe=".">.</pc>
         <c> </c>
      </l>
   </lg>
</div>
