<?xml version="1.0" encoding="utf-8"?>
<!DOCTYPE div
  SYSTEM "about:legacy-compat">
<div xmlns:tei="http://www.tei-c.org/ns/1.0"
     xmlns="http://www.tei-c.org/ns/1.0"
     xmlns:ecep="http://www.eighteenthcenturypoetry.org/ns"
     ana="#trochee #tetrameter #catalexis #ballad #quatrain #cross"
     corresp="#txt_CottNa1705_w0004"
     ecep:syllab="8.7.8.7"
     met="+-|+-|+-|+-/         +-|+-|+-|+/         +-|+-|+-|+-/         +-|+-|+-|+/"
     rhyme="abab"
     subtype="eceptext"
     type="poem"
     xml:id="o5155-w0540"
     decls="#semi-normalized">
   <link target="authors.xml#aut_CottNa1705" type="author"/>
   <link target="25833" type="DMI"/>
   <head type="main">
      <w xml:id="o5155-548670"
         n="259-a-0260"
         ecep:lem="to"
         ecep:pos="p-acp"
         ecep:reg="To"
         ecep:spe="To"
         ecep:syllab="1"
         ecep:pron="tuː">To</w>
      <c> </c>
      <w xml:id="o5155-548680"
         n="259-a-0270"
         ecep:lem="a"
         ecep:pos="dt"
         ecep:reg="a"
         ecep:spe="a"
         ecep:syllab="1"
         ecep:pron="ə">a</w>
      <c> </c>
      <w xml:id="o5155-548690"
         n="259-a-0280"
         ecep:lem="child"
         ecep:pos="n1"
         ecep:reg="Child"
         ecep:spe="Child"
         ecep:syllab="1"
         ecep:pron="tʃaɪld">Child</w>
      <c> </c>
      <w xml:id="o5155-548700"
         n="259-a-0290"
         ecep:lem="of"
         ecep:pos="pp-f"
         ecep:reg="of"
         ecep:spe="of"
         ecep:syllab="1"
         ecep:pron="ɒv">of</w>
      <c> </c>
      <w xml:id="o5155-548710"
         n="259-a-0300"
         ecep:lem="five"
         ecep:pos="crd"
         ecep:reg="Five"
         ecep:spe="Five"
         ecep:syllab="1"
         ecep:pron="faɪv">Five</w>
      <c> </c>
      <w xml:id="o5155-548720"
         n="259-a-0310"
         ecep:lem="year"
         ecep:pos="n2"
         ecep:reg="Years"
         ecep:spe="Years"
         ecep:syllab="1"
         ecep:pron="ˈjɪəz">Years</w>
      <c> </c>
      <w xml:id="o5155-548730"
         n="259-a-0320"
         ecep:lem="old"
         ecep:pos="j"
         ecep:reg="old"
         ecep:spe="old"
         ecep:syllab="1"
         ecep:pron="əʊld">old</w>
      <pc xml:id="o5155-548740"
          n="259-a-0330"
          unit="sentence"
          ecep:lem="."
          ecep:pos="."
          ecep:reg="."
          ecep:spe=".">.</pc>
   </head>
   <byline>
      <w xml:id="o5155-548770"
         n="259-a-0340"
         ecep:lem="by"
         ecep:pos="p-acp"
         ecep:reg="By"
         ecep:spe="By"
         ecep:syllab="1"
         ecep:pron="baɪ">By</w>
      <c> </c>
      <w xml:id="o5155-548780"
         n="259-a-0350"
         ecep:lem="the"
         ecep:pos="dt"
         ecep:reg="the"
         ecep:spe="the"
         ecep:syllab="1"
         ecep:pron="ðə">the</w>
      <c> </c>
      <w xml:id="o5155-548790"
         n="259-a-0360"
         ecep:lem="same"
         ecep:pos="d"
         ecep:reg="Same"
         ecep:spe="Same"
         ecep:syllab="1"
         ecep:pron="seɪm">Same</w>
      <pc xml:id="o5155-548800"
          n="259-a-0370"
          unit="sentence"
          ecep:lem="."
          ecep:pos="."
          ecep:reg="."
          ecep:spe=".">.</pc>
   </byline>
   <lg xml:id="o5155-s02945">
      <l xml:id="o5155-l29040">
         <w xml:id="o5155-548830"
            n="259-a-0380"
            ecep:lem="fair"
            ecep:pos="js"
            ecep:reg="FAIREST"
            ecep:spe="FAIREST"
            ecep:syllab="2"
            ecep:pron="ˈfeərɪst">FAIREST</w>
         <c> </c>
         <w xml:id="o5155-548840"
            n="259-a-0390"
            ecep:lem="flower"
            ecep:pos="n1"
            ecep:reg="flower"
            ecep:spe="flow'r"
            ecep:syllab="1"
            ecep:pron="ˈflaʊə">flow'r</w>
         <pc xml:id="o5155-548850"
             n="259-a-0400"
             ecep:lem=","
             ecep:pos=","
             ecep:reg=","
             ecep:spe=",">,</pc>
         <c> </c>
         <w xml:id="o5155-548860"
            n="259-a-0410"
            ecep:lem="all"
            ecep:pos="d"
            ecep:reg="all"
            ecep:spe="all"
            ecep:syllab="1"
            ecep:pron="ɔːl">all</w>
         <c> </c>
         <w xml:id="o5155-548870"
            n="259-a-0420"
            ecep:lem="flower"
            ecep:pos="n2"
            ecep:reg="flowers"
            ecep:spe="flow'rs"
            ecep:syllab="1"
            ecep:pron="ˈflaʊəz">flow'rs</w>
         <c> </c>
         <w xml:id="o5155-548880"
            n="259-a-0430"
            ecep:lem="excel"
            ecep:pos="vvg"
            ecep:reg="excelling"
            ecep:spe="excelling"
            ecep:syllab="3"
            ecep:pron="ɪkˈselɪŋ">excelling</w>
         <pc xml:id="o5155-548890"
             n="259-a-0440"
             ecep:lem=","
             ecep:pos=","
             ecep:reg=","
             ecep:spe=",">,</pc>
      </l>
      <l xml:id="o5155-l29045">
         <w xml:id="o5155-548900"
            n="259-a-0450"
            ecep:lem="which"
            ecep:pos="r-crq"
            ecep:reg="Which"
            ecep:spe="Which"
            ecep:syllab="1"
            ecep:pron="wɪtʃ">Which</w>
         <c> </c>
         <w xml:id="o5155-548910"
            n="259-a-0460"
            ecep:lem="in"
            ecep:pos="p-acp"
            ecep:reg="in"
            ecep:spe="in"
            ecep:syllab="1"
            ecep:pron="ɪn">in</w>
         <c> </c>
         <w xml:id="o5155-548920"
            n="259-a-0470"
            ecep:lem="eden"
            ecep:pos="npg1"
            ecep:reg="Eden's"
            ecep:spe="Eden's"
            ecep:syllab="2"
            ecep:pron="ˈiːdənz">Eden's</w>
         <c> </c>
         <w xml:id="o5155-548930"
            n="259-a-0480"
            ecep:lem="garden"
            ecep:pos="n1"
            ecep:reg="garden"
            ecep:spe="garden"
            ecep:syllab="2"
            ecep:pron="ˈgɑːdn">garden</w>
         <c> </c>
         <w xml:id="o5155-548940"
            n="259-a-0490"
            ecep:lem="grow"
            ecep:pos="vvd"
            ecep:reg="grew"
            ecep:spe="grew"
            ecep:syllab="1"
            ecep:pron="gruː">grew</w>
         <pc xml:id="o5155-548950"
             n="259-a-0500"
             ecep:lem=";"
             ecep:pos=";"
             ecep:reg=";"
             ecep:spe=";">;</pc>
      </l>
      <l xml:id="o5155-l29050">
         <w xml:id="o5155-548960"
            n="259-a-0510"
            ecep:lem="flower"
            ecep:pos="n2"
            ecep:reg="Flowers"
            ecep:spe="Flow'rs"
            ecep:syllab="1"
            ecep:pron="ˈflaʊəz">Flow'rs</w>
         <c> </c>
         <w xml:id="o5155-548970"
            n="259-a-0520"
            ecep:lem="of"
            ecep:pos="pp-f"
            ecep:reg="of"
            ecep:spe="of"
            ecep:syllab="1"
            ecep:pron="ɒv">of</w>
         <c> </c>
         <w xml:id="o5155-548980"
            n="259-a-0530"
            ecep:lem="eve's"
            ecep:pos="npg1"
            ecep:reg="Eve's'"
            ecep:spe="Eve's'"
            ecep:syllab="2"
            ecep:pron="ˈiːvz">Eve's'</w>
         <c> </c>
         <w xml:id="o5155-549000"
            n="259-a-0550"
            ecep:lem="imbower"
            ecep:pos="j-vvn"
            ecep:reg="imbowered"
            ecep:spe="imbower'd"
            ecep:syllab="3"
            ecep:pron="ɪmbˈaʊəd">imbower'd</w>
         <c> </c>
         <w xml:id="o5155-549010"
            n="259-a-0560"
            ecep:lem="dwelling"
            ecep:pos="n1"
            ecep:reg="dwelling"
            ecep:spe="dwelling"
            ecep:syllab="2"
            ecep:pron="ˈdwelɪŋ">dwelling</w>
         <note n="a" place="bottom" xml:id="o5155-n00540">
            <w xml:id="o5155-549040"
               n="259-a-0570"
               ecep:lem="allude"
               ecep:pos="vvg"
               ecep:reg="Alluding"
               ecep:spe="Alluding"
               ecep:syllab="3"
               ecep:pron="əˈluːdɪŋ">Alluding</w>
            <c> </c>
            <w xml:id="o5155-549050"
               n="259-a-0580"
               ecep:lem="to"
               ecep:pos="p-acp"
               ecep:reg="to"
               ecep:spe="to"
               ecep:syllab="1"
               ecep:pron="tuː">to</w>
            <c> </c>
            <w xml:id="o5155-549060"
               n="259-a-0590"
               ecep:lem="Milton"
               ecep:pos="npg1"
               ecep:reg="Milton's"
               ecep:spe="Milton's"
               ecep:syllab="2"
               ecep:pron="ˈmɪltənz">Milton's</w>
            <c> </c>
            <w xml:id="o5155-549070"
               n="259-a-0600"
               ecep:lem="description"
               ecep:pos="n1"
               ecep:reg="description"
               ecep:spe="description"
               ecep:syllab="3"
               ecep:pron="dɪˈskrɪpʃən">description</w>
            <c> </c>
            <w xml:id="o5155-549080"
               n="259-a-0610"
               ecep:lem="of"
               ecep:pos="pp-f"
               ecep:reg="of"
               ecep:spe="of"
               ecep:syllab="1"
               ecep:pron="ɒv">of</w>
            <c> </c>
            <w xml:id="o5155-549090"
               n="259-a-0620"
               ecep:lem="eve"
               ecep:pos="npg1"
               ecep:reg="Eve's"
               ecep:spe="Eve's"
               ecep:syllab="1"
               ecep:pron="ˈiːvz">Eve's</w>
            <c> </c>
            <w xml:id="o5155-549100"
               n="259-a-0630"
               ecep:lem="bower"
               ecep:pos="n1"
               ecep:reg="bower"
               ecep:spe="bower"
               ecep:syllab="2"
               ecep:pron="ˈbaʊə">bower</w>
            <pc xml:id="o5155-549110"
                n="259-a-0640"
                unit="sentence"
                ecep:lem="."
                ecep:pos="."
                ecep:reg="."
                ecep:spe=".">.</pc>
         </note>
         <pc xml:id="o5155-549020"
             n="259-a-0650"
             ecep:lem=","
             ecep:pos=","
             ecep:reg=","
             ecep:spe=",">,</pc>
      </l>
      <l xml:id="o5155-l29055">
         <w xml:id="o5155-549120"
            n="259-a-0660"
            ecep:lem="be"
            ecep:pos="vbb"
            ecep:reg="Are"
            ecep:spe="Are"
            ecep:syllab="1"
            ecep:pron="ɑː">Are</w>
         <pc xml:id="o5155-549130"
             n="259-a-0670"
             ecep:lem=","
             ecep:pos=","
             ecep:reg=","
             ecep:spe=",">,</pc>
         <c> </c>
         <w xml:id="o5155-549140"
            n="259-a-0680"
            ecep:lem="my"
            ecep:pos="po11"
            ecep:reg="my"
            ecep:spe="my"
            ecep:syllab="1"
            ecep:pron="maɪ">my</w>
         <c> </c>
         <w xml:id="o5155-549150"
            n="259-a-0690"
            ecep:lem="fair-one"
            ecep:pos="j"
            ecep:reg="Fair-one"
            ecep:spe="Fair-one"
            ecep:syllab="2"
            ecep:pron="feəˌwʌn">Fair-one</w>
         <pc xml:id="o5155-549160"
             n="259-a-0700"
             ecep:lem=","
             ecep:pos=","
             ecep:reg=","
             ecep:spe=",">,</pc>
         <c> </c>
         <w xml:id="o5155-549170"
            n="259-a-0710"
            ecep:lem="type"
            ecep:pos="n2"
            ecep:reg="types"
            ecep:spe="types"
            ecep:syllab="1"
            ecep:pron="taɪps">types</w>
         <c> </c>
         <w xml:id="o5155-549180"
            n="259-a-0720"
            ecep:lem="of"
            ecep:pos="pp-f"
            ecep:reg="of"
            ecep:spe="of"
            ecep:syllab="1"
            ecep:pron="ɒv">of</w>
         <c> </c>
         <w xml:id="o5155-549190"
            n="259-a-0730"
            ecep:lem="you"
            ecep:pos="pn22"
            ecep:reg="you"
            ecep:spe="you"
            ecep:syllab="1"
            ecep:pron="juː">you</w>
         <pc xml:id="o5155-549200"
             n="259-a-0740"
             unit="sentence"
             ecep:lem="."
             ecep:pos="."
             ecep:reg="."
             ecep:spe=".">.</pc>
      </l>
      <l xml:id="o5155-l29060">
         <w xml:id="o5155-549210"
            n="259-a-0750"
            ecep:lem="Mark"
            ecep:pos="np1"
            ecep:reg="Mark"
            ecep:spe="Mark"
            ecep:syllab="1"
            ecep:pron="mɑːk">Mark</w>
         <pc xml:id="o5155-549220"
             n="259-a-0760"
             ecep:lem=","
             ecep:pos=","
             ecep:reg=","
             ecep:spe=",">,</pc>
         <c> </c>
         <w xml:id="o5155-549230"
            n="259-a-0770"
            ecep:lem="my"
            ecep:pos="po11"
            ecep:reg="my"
            ecep:spe="my"
            ecep:syllab="1"
            ecep:pron="maɪ">my</w>
         <c> </c>
         <w xml:id="o5155-549240"
            n="259-a-0780"
            ecep:lem="Polly"
            ecep:pos="np1"
            ecep:reg="Polly"
            ecep:spe="Polly"
            ecep:syllab="2"
            ecep:pron="ˈpɒlɪ">Polly</w>
         <pc xml:id="o5155-549250"
             n="259-a-0790"
             ecep:lem=","
             ecep:pos=","
             ecep:reg=","
             ecep:spe=",">,</pc>
         <c> </c>
         <w xml:id="o5155-549260"
            n="259-a-0800"
            ecep:lem="how"
            ecep:pos="c-crq"
            ecep:reg="how"
            ecep:spe="how"
            ecep:syllab="1"
            ecep:pron="haʊ">how</w>
         <c> </c>
         <w xml:id="o5155-549270"
            n="259-a-0810"
            ecep:lem="the"
            ecep:pos="dt"
            ecep:reg="the"
            ecep:spe="the"
            ecep:syllab="1"
            ecep:pron="ðə">the</w>
         <c> </c>
         <w xml:id="o5155-549280"
            n="259-a-0820"
            ecep:lem="rose"
            ecep:pos="n2"
            ecep:reg="roses"
            ecep:spe="roses"
            ecep:syllab="2"
            ecep:pron="ˈrəʊzɪz">roses</w>
      </l>
      <l xml:id="o5155-l29065">
         <w xml:id="o5155-549290"
            n="259-a-0830"
            ecep:lem="emulate"
            ecep:pos="vvb"
            ecep:reg="Emulate"
            ecep:spe="Emulate"
            ecep:syllab="3"
            ecep:pron="ˈemjʊˌleɪt">Emulate</w>
         <c> </c>
         <w xml:id="o5155-549300"
            n="259-a-0840"
            ecep:lem="thy"
            ecep:pos="po21"
            ecep:reg="thy"
            ecep:spe="thy"
            ecep:syllab="1"
            ecep:pron="ðaɪ">thy</w>
         <c> </c>
         <w xml:id="o5155-549310"
            n="259-a-0850"
            ecep:lem="damask"
            ecep:pos="n1"
            ecep:reg="damask"
            ecep:spe="damask"
            ecep:syllab="2"
            ecep:pron="ˈdæməsk">damask</w>
         <c> </c>
         <w xml:id="o5155-549320"
            n="259-a-0860"
            ecep:lem="cheek"
            ecep:pos="n1"
            ecep:reg="cheek"
            ecep:spe="cheek"
            ecep:syllab="1"
            ecep:pron="tʃiːk">cheek</w>
         <pc xml:id="o5155-549330"
             n="259-a-0870"
             ecep:lem=";"
             ecep:pos=";"
             ecep:reg=";"
             ecep:spe=";">;</pc>
      </l>
      <l xml:id="o5155-l29070">
         <w xml:id="o5155-549340"
            n="259-a-0880"
            ecep:lem="how"
            ecep:pos="c-crq"
            ecep:reg="How"
            ecep:spe="How"
            ecep:syllab="1"
            ecep:pron="haʊ">How</w>
         <c> </c>
         <w xml:id="o5155-549350"
            n="259-a-0890"
            ecep:lem="the"
            ecep:pos="dt"
            ecep:reg="the"
            ecep:spe="the"
            ecep:syllab="1"
            ecep:pron="ðə">the</w>
         <c> </c>
         <w xml:id="o5155-549360"
            n="259-a-0900"
            ecep:lem="bud"
            ecep:pos="n1"
            ecep:reg="bud"
            ecep:spe="bud"
            ecep:syllab="1"
            ecep:pron="bʌd">bud</w>
         <c> </c>
         <w xml:id="o5155-549370"
            n="259-a-0910"
            ecep:lem="its"
            ecep:pos="po31"
            ecep:reg="its"
            ecep:spe="its"
            ecep:syllab="1"
            ecep:pron="ɪts">its</w>
         <c> </c>
         <w xml:id="o5155-549380"
            n="259-a-0920"
            ecep:lem="sweet"
            ecep:pos="n2-j"
            ecep:reg="sweets"
            ecep:spe="sweets"
            ecep:syllab="1"
            ecep:pron="swiːts">sweets</w>
         <c> </c>
         <w xml:id="o5155-549390"
            n="259-a-0930"
            ecep:lem="disclose"
            ecep:pos="vvz"
            ecep:reg="discloses"
            ecep:spe="discloses"
            ecep:syllab="3"
            ecep:pron="dɪsˈkləʊzɪz">discloses</w>
         <pc xml:id="o5155-549400"
             n="259-a-0940"
             ecep:lem=","
             ecep:pos=","
             ecep:reg=","
             ecep:spe=",">,</pc>
      </l>
      <l xml:id="o5155-l29075">
         <w xml:id="o5155-549410"
            n="259-a-0950"
            ecep:lem="bud"
            ecep:pos="n2"
            ecep:reg="Buds"
            ecep:spe="Buds"
            ecep:syllab="1"
            ecep:pron="bʌdz">Buds</w>
         <c> </c>
         <w xml:id="o5155-549420"
            n="259-a-0960"
            ecep:lem="thy"
            ecep:pos="po21"
            ecep:reg="thy"
            ecep:spe="thy"
            ecep:syllab="1"
            ecep:pron="ðaɪ">thy</w>
         <c> </c>
         <w xml:id="o5155-549430"
            n="259-a-0970"
            ecep:lem="open"
            ecep:pos="vvg"
            ecep:reg="opening"
            ecep:spe="opening"
            ecep:syllab="3"
            ecep:pron="ˈəʊpənɪŋ">opening</w>
         <c> </c>
         <w xml:id="o5155-549440"
            n="259-a-0980"
            ecep:lem="bloom"
            ecep:pos="n1"
            ecep:reg="bloom"
            ecep:spe="bloom"
            ecep:syllab="1"
            ecep:pron="bluːm">bloom</w>
         <c> </c>
         <w xml:id="o5155-549450"
            n="259-a-0990"
            ecep:lem="bespeak"
            ecep:pos="vvi"
            ecep:reg="bespeak"
            ecep:spe="bespeak"
            ecep:syllab="2"
            ecep:pron="bɪˈspiːk">bespeak</w>
         <pc xml:id="o5155-549460"
             n="259-a-1000"
             unit="sentence"
             ecep:lem="."
             ecep:pos="."
             ecep:reg="."
             ecep:spe=".">.</pc>
      </l>
      <l xml:id="o5155-l29080">
         <w xml:id="o5155-549470"
            n="259-a-1010"
            ecep:lem="lily"
            ecep:pos="n2"
            ecep:reg="Lilies"
            ecep:spe="Lilies"
            ecep:syllab="2"
            ecep:pron="ˈlɪlɪz">Lilies</w>
         <c> </c>
         <w xml:id="o5155-549480"
            n="259-a-1020"
            ecep:lem="be"
            ecep:pos="vbr"
            ecep:reg="are"
            ecep:spe="are"
            ecep:syllab="1"
            ecep:pron="ɑː">are</w>
         <pc xml:id="o5155-549490"
             n="259-a-1030"
             ecep:lem=","
             ecep:pos=","
             ecep:reg=","
             ecep:spe=",">,</pc>
         <c> </c>
         <w xml:id="o5155-549500"
            n="259-a-1040"
            ecep:lem="by"
            ecep:pos="p-acp"
            ecep:reg="by"
            ecep:spe="by"
            ecep:syllab="1"
            ecep:pron="baɪ">by</w>
         <c> </c>
         <w xml:id="o5155-549510"
            n="259-a-1050"
            ecep:lem="plain"
            ecep:pos="j"
            ecep:reg="plain"
            ecep:spe="plain"
            ecep:syllab="1"
            ecep:pron="pleɪn">plain</w>
         <c> </c>
         <w xml:id="o5155-549520"
            n="259-a-1060"
            ecep:lem="direction"
            ecep:pos="n1"
            ecep:reg="direction"
            ecep:spe="direction"
            ecep:syllab="3"
            ecep:pron="dɪˈrekʃən">direction</w>
         <pc xml:id="o5155-549530"
             n="259-a-1070"
             ecep:lem=","
             ecep:pos=","
             ecep:reg=","
             ecep:spe=",">,</pc>
      </l>
      <l xml:id="o5155-l29085">
         <w xml:id="o5155-549540"
            n="259-a-1080"
            ecep:lem="emblem"
            ecep:pos="n2"
            ecep:reg="Emblems"
            ecep:spe="Emblems"
            ecep:syllab="2"
            ecep:pron="ˈembləmz">Emblems</w>
         <c> </c>
         <w xml:id="o5155-549550"
            n="259-a-1090"
            ecep:lem="of"
            ecep:pos="pp-f"
            ecep:reg="of"
            ecep:spe="of"
            ecep:syllab="1"
            ecep:pron="ɒv">of</w>
         <c> </c>
         <w xml:id="o5155-549560"
            n="259-a-1100"
            ecep:lem="a"
            ecep:pos="dt"
            ecep:reg="a"
            ecep:spe="a"
            ecep:syllab="1"
            ecep:pron="ə">a</w>
         <c> </c>
         <w xml:id="o5155-549570"
            n="259-a-1110"
            ecep:lem="double"
            ecep:pos="j"
            ecep:reg="double"
            ecep:spe="double"
            ecep:syllab="2"
            ecep:pron="ˈdʌbl">double</w>
         <c> </c>
         <w xml:id="o5155-549580"
            n="259-a-1120"
            ecep:lem="kind"
            ecep:pos="n1"
            ecep:reg="kind"
            ecep:spe="kind"
            ecep:syllab="1"
            ecep:pron="kaɪnd">kind</w>
         <pc xml:id="o5155-549590"
             n="259-a-1130"
             ecep:lem=";"
             ecep:pos=";"
             ecep:reg=";"
             ecep:spe=";">;</pc>
      </l>
      <l xml:id="o5155-l29090">
         <w xml:id="o5155-549600"
            n="259-a-1140"
            ecep:lem="emblem"
            ecep:pos="n2"
            ecep:reg="Emblems"
            ecep:spe="Emblems"
            ecep:syllab="2"
            ecep:pron="ˈembləmz">Emblems</w>
         <c> </c>
         <w xml:id="o5155-549610"
            n="259-a-1150"
            ecep:lem="of"
            ecep:pos="pp-f"
            ecep:reg="of"
            ecep:spe="of"
            ecep:syllab="1"
            ecep:pron="ɒv">of</w>
         <c> </c>
         <w xml:id="o5155-549620"
            n="259-a-1160"
            ecep:lem="thy"
            ecep:pos="po21"
            ecep:reg="thy"
            ecep:spe="thy"
            ecep:syllab="1"
            ecep:pron="ðaɪ">thy</w>
         <c> </c>
         <w xml:id="o5155-549630"
            n="259-a-1170"
            ecep:lem="fair"
            ecep:pos="j"
            ecep:reg="fair"
            ecep:spe="fair"
            ecep:syllab="1"
            ecep:pron="feə">fair</w>
         <c> </c>
         <w xml:id="o5155-549640"
            n="259-a-1180"
            ecep:lem="complexion"
            ecep:pos="n1"
            ecep:reg="complexion"
            ecep:spe="complexion"
            ecep:syllab="3"
            ecep:pron="kəmˈplekʃən">complexion</w>
         <pc xml:id="o5155-549650"
             n="259-a-1190"
             ecep:lem=","
             ecep:pos=","
             ecep:reg=","
             ecep:spe=",">,</pc>
      </l>
      <l xml:id="o5155-l29095">
         <w xml:id="o5155-549660"
            n="259-a-1200"
            ecep:lem="emblem"
            ecep:pos="n2"
            ecep:reg="Emblems"
            ecep:spe="Emblems"
            ecep:syllab="2"
            ecep:pron="ˈembləmz">Emblems</w>
         <c> </c>
         <w xml:id="o5155-549670"
            n="259-a-1210"
            ecep:lem="of"
            ecep:pos="pp-f"
            ecep:reg="of"
            ecep:spe="of"
            ecep:syllab="1"
            ecep:pron="ɒv">of</w>
         <c> </c>
         <w xml:id="o5155-549680"
            n="259-a-1220"
            ecep:lem="thy"
            ecep:pos="po21"
            ecep:reg="thy"
            ecep:spe="thy"
            ecep:syllab="1"
            ecep:pron="ðaɪ">thy</w>
         <c> </c>
         <w xml:id="o5155-549690"
            n="259-a-1230"
            ecep:lem="fair"
            ecep:pos="jc"
            ecep:reg="fairer"
            ecep:spe="fairer"
            ecep:syllab="2"
            ecep:pron="ˈfeərə">fairer</w>
         <c> </c>
         <w xml:id="o5155-549700"
            n="259-a-1240"
            ecep:lem="mind"
            ecep:pos="n1"
            ecep:reg="mind"
            ecep:spe="mind"
            ecep:syllab="1"
            ecep:pron="maɪnd">mind</w>
         <pc xml:id="o5155-549710"
             n="259-a-1250"
             unit="sentence"
             ecep:lem="."
             ecep:pos="."
             ecep:reg="."
             ecep:spe=".">.</pc>
      </l>
      <l xml:id="o5155-l29100">
         <w xml:id="o5155-549720"
            n="259-a-1260"
            ecep:lem="but"
            ecep:pos="p-acp"
            ecep:reg="But"
            ecep:spe="But"
            ecep:syllab="1"
            ecep:pron="bʌt">But</w>
         <pc xml:id="o5155-549730"
             n="259-a-1270"
             ecep:lem=","
             ecep:pos=","
             ecep:reg=","
             ecep:spe=",">,</pc>
         <c> </c>
         <w xml:id="o5155-549740"
            n="259-a-1280"
            ecep:lem="dear"
            ecep:pos="j-jn"
            ecep:reg="dear"
            ecep:spe="dear"
            ecep:syllab="1"
            ecep:pron="dɪə">dear</w>
         <c> </c>
         <w xml:id="o5155-549750"
            n="259-a-1290"
            ecep:lem="girl"
            ecep:pos="n1"
            ecep:reg="girl"
            ecep:spe="girl"
            ecep:syllab="1"
            ecep:pron="gɜːl">girl</w>
         <pc xml:id="o5155-549760"
             n="259-a-1300"
             ecep:lem=","
             ecep:pos=","
             ecep:reg=","
             ecep:spe=",">,</pc>
         <c> </c>
         <w xml:id="o5155-549770"
            n="259-a-1310"
            ecep:lem="both"
            ecep:pos="d"
            ecep:reg="both"
            ecep:spe="both"
            ecep:syllab="1"
            ecep:pron="bəʊθ">both</w>
         <c> </c>
         <w xml:id="o5155-549780"
            n="259-a-1320"
            ecep:lem="flower"
            ecep:pos="n2"
            ecep:reg="flowers"
            ecep:spe="flow'rs"
            ecep:syllab="1"
            ecep:pron="ˈflaʊəz">flow'rs</w>
         <c> </c>
         <w xml:id="o5155-549790"
            n="259-a-1330"
            ecep:lem="and"
            ecep:pos="cc"
            ecep:reg="and"
            ecep:spe="and"
            ecep:syllab="1"
            ecep:pron="ænd">and</w>
         <c> </c>
         <w xml:id="o5155-549800"
            n="259-a-1340"
            ecep:lem="beauty"
            ecep:pos="n1"
            ecep:reg="beauty"
            ecep:spe="beauty"
            ecep:syllab="2"
            ecep:pron="ˈbjuːtɪ">beauty</w>
      </l>
      <l xml:id="o5155-l29105">
         <w xml:id="o5155-549810"
            n="259-a-1350"
            ecep:lem="blossom"
            ecep:pos="n1"
            ecep:reg="Blossom"
            ecep:spe="Blossom"
            ecep:syllab="2"
            ecep:pron="ˈblɒsəm">Blossom</w>
         <pc xml:id="o5155-549820"
             n="259-a-1360"
             ecep:lem=","
             ecep:pos=","
             ecep:reg=","
             ecep:spe=",">,</pc>
         <c> </c>
         <w xml:id="o5155-549830"
            n="259-a-1370"
            ecep:lem="fade"
            ecep:pos="vvb"
            ecep:reg="fade"
            ecep:spe="fade"
            ecep:syllab="1"
            ecep:pron="feɪd">fade</w>
         <pc xml:id="o5155-549840"
             n="259-a-1380"
             ecep:lem=","
             ecep:pos=","
             ecep:reg=","
             ecep:spe=",">,</pc>
         <c> </c>
         <w xml:id="o5155-549850"
            n="259-a-1390"
            ecep:lem="and"
            ecep:pos="cc"
            ecep:reg="and"
            ecep:spe="and"
            ecep:syllab="1"
            ecep:pron="ænd">and</w>
         <c> </c>
         <w xml:id="o5155-549860"
            n="259-a-1400"
            ecep:lem="die"
            ecep:pos="vvi"
            ecep:reg="die"
            ecep:spe="die"
            ecep:syllab="1"
            ecep:pron="daɪ">die</w>
         <c> </c>
         <w xml:id="o5155-549870"
            n="259-a-1410"
            ecep:lem="away"
            ecep:pos="av"
            ecep:reg="away"
            ecep:spe="away"
            ecep:syllab="2"
            ecep:pron="əˈweɪ">away</w>
         <pc xml:id="o5155-549880"
             n="259-a-1420"
             ecep:lem=";"
             ecep:pos=";"
             ecep:reg=";"
             ecep:spe=";">;</pc>
      </l>
      <l xml:id="o5155-l29110">
         <w xml:id="o5155-549890"
            n="259-a-1430"
            ecep:lem="then"
            ecep:pos="av"
            ecep:reg="Then"
            ecep:spe="Then"
            ecep:syllab="1"
            ecep:pron="ðen">Then</w>
         <c> </c>
         <w xml:id="o5155-549900"
            n="259-a-1440"
            ecep:lem="pursue"
            ecep:pos="vvb"
            ecep:reg="pursue"
            ecep:spe="pursue"
            ecep:syllab="2"
            ecep:pron="pəˈsjuː">pursue</w>
         <c> </c>
         <w xml:id="o5155-549910"
            n="259-a-1450"
            ecep:lem="good"
            ecep:pos="j"
            ecep:reg="good"
            ecep:spe="good"
            ecep:syllab="1"
            ecep:pron="gʊd">good</w>
         <c> </c>
         <w xml:id="o5155-549920"
            n="259-a-1460"
            ecep:lem="sense"
            ecep:pos="n1"
            ecep:reg="sense"
            ecep:spe="sense"
            ecep:syllab="1"
            ecep:pron="sens">sense</w>
         <c> </c>
         <w xml:id="o5155-549930"
            n="259-a-1470"
            ecep:lem="and"
            ecep:pos="cc"
            ecep:reg="and"
            ecep:spe="and"
            ecep:syllab="1"
            ecep:pron="ænd">and</w>
         <c> </c>
         <w xml:id="o5155-549940"
            n="259-a-1480"
            ecep:lem="duty"
            ecep:pos="n1"
            ecep:reg="duty"
            ecep:spe="duty"
            ecep:syllab="2"
            ecep:pron="ˈdjuːtɪ">duty</w>
         <pc xml:id="o5155-549950"
             n="259-a-1490"
             ecep:lem=","
             ecep:pos=","
             ecep:reg=","
             ecep:spe=",">,</pc>
      </l>
      <l xml:id="o5155-l29115">
         <w xml:id="o5155-549960"
            n="259-a-1500"
            ecep:lem="evergreen"
            ecep:pos="n2"
            ecep:reg="Evergreens"
            ecep:spe="Evergreens"
            ecep:syllab="3"
            ecep:pron="ˈevəgriːnz">Evergreens</w>
         <pc xml:id="o5155-549970"
             n="259-a-1510"
             ecep:lem=","
             ecep:pos=","
             ecep:reg=","
             ecep:spe=",">,</pc>
         <c> </c>
         <w xml:id="o5155-549980"
            n="259-a-1520"
            ecep:lem="that"
            ecep:pos="cst"
            ecep:reg="that"
            ecep:spe="that"
            ecep:syllab="1"
            ecep:pron="ðæt">that</w>
         <c> </c>
         <w xml:id="o5155-549990"
            n="259-a-1530"
            ecep:lem="never"
            ecep:pos="av-x"
            ecep:reg="never"
            ecep:spe="ne'er"
            ecep:syllab="1"
            ecep:pron="neə">ne'er</w>
         <c> </c>
         <w xml:id="o5155-550000"
            n="259-a-1540"
            ecep:lem="decay"
            ecep:pos="n1"
            ecep:reg="decay"
            ecep:spe="decay"
            ecep:syllab="2"
            ecep:pron="dɪˈkeɪ">decay</w>
         <pc xml:id="o5155-550010"
             n="259-a-1550"
             unit="sentence"
             ecep:lem="."
             ecep:pos="."
             ecep:reg="."
             ecep:spe=".">.</pc>
      </l>
   </lg>
</div>
