<?xml version="1.0" encoding="utf-8"?>
<!DOCTYPE div
  SYSTEM "about:legacy-compat">
<div xmlns:tei="http://www.tei-c.org/ns/1.0"
     xmlns="http://www.tei-c.org/ns/1.0"
     xmlns:ecep="http://www.eighteenthcenturypoetry.org/ns"
     ana="#iamb #pentameter #blankverse #imitation"
     corresp="#txt_JagoRi1715_w0007"
     ecep:syllab="10"
     met="-+|-+|-+|-+|-+/"
     rhyme=""
     subtype="eceptext"
     type="poem"
     xml:id="o5156-w0360"
     decls="#semi-normalized">
   <link target="authors.xml#aut_JagoRi1715" type="author"/>
   <link target="27524" type="DMI"/>
   <head type="main">
      <w xml:id="o5156-163960"
         n="84-a-0380"
         ecep:lem="hamlet"
         ecep:pos="npg1"
         ecep:reg="HAMLET's"
         ecep:spe="HAMLET's"
         ecep:syllab="2"
         ecep:pron="ˈhæmlɪts">HAMLET's</w>
      <c> </c>
      <w xml:id="o5156-163970"
         n="84-a-0390"
         ecep:lem="soliloquy"
         ecep:pos="n1"
         ecep:reg="SOLILOQUY"
         ecep:spe="SOLILOQUY"
         ecep:syllab="4"
         ecep:pron="səˈlɪləkwi">SOLILOQUY</w>
      <pc xml:id="o5156-163980"
          n="84-a-0400"
          ecep:lem=","
          ecep:pos=","
          ecep:reg=","
          ecep:spe=",">,</pc>
      <c> </c>
      <w xml:id="o5156-163990"
         n="84-a-0410"
         ecep:lem="imitate"
         ecep:pos="vvn"
         ecep:reg="Imitated"
         ecep:spe="Imitated"
         ecep:syllab="4"
         ecep:pron="ˈɪmɪteɪtɪd">Imitated</w>
      <pc xml:id="o5156-164000"
          n="84-a-0420"
          unit="sentence"
          ecep:lem="."
          ecep:pos="."
          ecep:reg="."
          ecep:spe=".">.</pc>
   </head>
   <byline>
      <w xml:id="o5156-164030"
         n="84-a-0430"
         ecep:lem="by"
         ecep:pos="p-acp"
         ecep:reg="By"
         ecep:spe="By"
         ecep:syllab="1"
         ecep:pron="baɪ">By</w>
      <c> </c>
      <w xml:id="o5156-164040"
         n="84-a-0440"
         ecep:lem="the"
         ecep:pos="dt"
         ecep:reg="the"
         ecep:spe="the"
         ecep:syllab="1"
         ecep:pron="ðiː">the</w>
      <c> </c>
      <w xml:id="o5156-164050"
         n="84-a-0450"
         ecep:lem="same"
         ecep:pos="d"
         ecep:reg="Same"
         ecep:spe="Same"
         ecep:syllab="1"
         ecep:pron="seɪm">Same</w>
      <pc xml:id="o5156-164060"
          n="84-a-0460"
          unit="sentence"
          ecep:lem="."
          ecep:pos="."
          ecep:reg="."
          ecep:spe=".">.</pc>
   </byline>
   <lg xml:id="o5156-s01695">
      <l xml:id="o5156-l09355">
         <w xml:id="o5156-164090"
            n="84-a-0470"
            ecep:lem="to"
            ecep:pos="p-acp"
            ecep:reg="TO"
            ecep:spe="TO"
            ecep:syllab="1"
            ecep:pron="tuː">TO</w>
         <c> </c>
         <hi>
            <w xml:id="o5156-164100"
               n="84-a-0480"
               ecep:lem="print"
               ecep:pos="n1"
               ecep:reg="print"
               ecep:spe="print"
               ecep:syllab="1"
               ecep:pron="prɪnt">print</w>
            <pc xml:id="o5156-164110"
                n="84-a-0490"
                ecep:lem=","
                ecep:pos=","
                ecep:reg=","
                ecep:spe=",">,</pc>
         </hi>
         <c> </c>
         <w xml:id="o5156-164120"
            n="84-a-0500"
            ecep:lem="or"
            ecep:pos="cc"
            ecep:reg="or"
            ecep:spe="or"
            ecep:syllab="1"
            ecep:pron="ɔː">or</w>
         <c> </c>
         <w xml:id="o5156-164130"
            n="84-a-0510"
            ecep:lem="not"
            ecep:pos="xx"
            ecep:reg="not"
            ecep:spe="not"
            ecep:syllab="1"
            ecep:pron="ˈdɪdnt">not</w>
         <c> </c>
         <w xml:id="o5156-164140"
            n="84-a-0520"
            ecep:lem="to"
            ecep:pos="pc-acp"
            ecep:reg="to"
            ecep:spe="to"
            ecep:syllab="1"
            ecep:pron="tuː">to</w>
         <c> </c>
         <hi>
            <w xml:id="o5156-164150"
               n="84-a-0530"
               ecep:lem="print"
               ecep:pos="vvi"
               ecep:reg="print"
               ecep:spe="print"
               ecep:syllab="1"
               ecep:pron="prɪnt">print</w>
         </hi>
         <c> </c>
         <pc xml:id="o5156-164160"
             n="84-a-0540"
             ecep:lem="—"
             ecep:pos="—"
             ecep:reg="—"
             ecep:spe="—">—</pc>
         <c> </c>
         <w xml:id="o5156-164170"
            n="84-a-0550"
            ecep:lem="that"
            ecep:pos="d"
            ecep:reg="that"
            ecep:spe="that"
            ecep:syllab="1"
            ecep:pron="ðæt">that</w>
         <c> </c>
         <w xml:id="o5156-164180"
            n="84-a-0560"
            ecep:lem="be"
            ecep:pos="vbz"
            ecep:reg="is"
            ecep:spe="is"
            ecep:syllab="1"
            ecep:pron="ɪz">is</w>
         <c> </c>
         <w xml:id="o5156-164190"
            n="84-a-0570"
            ecep:lem="the"
            ecep:pos="dt"
            ecep:reg="the"
            ecep:spe="the"
            ecep:syllab="1"
            ecep:pron="ðiː">the</w>
         <c> </c>
         <w xml:id="o5156-164200"
            n="84-a-0580"
            ecep:lem="question"
            ecep:pos="n1"
            ecep:reg="question"
            ecep:spe="question"
            ecep:syllab="2"
            ecep:pron="ˈkwestʃən">question</w>
         <pc xml:id="o5156-164210"
             n="84-a-0590"
             unit="sentence"
             ecep:lem="."
             ecep:pos="."
             ecep:reg="."
             ecep:spe=".">.</pc>
      </l>
      <l xml:id="o5156-l09360">
         <w xml:id="o5156-164220"
            n="84-a-0600"
            ecep:lem="whether"
            ecep:pos="cs"
            ecep:reg="Whether"
            ecep:spe="Whether"
            ecep:syllab="2"
            ecep:pron="ˈweðə">Whether</w>
         <c> </c>
         <w xml:id="o5156-164230"
            n="84-a-0610"
            ecep:lem="it|be"
            ecep:pos="pn31|vbz"
            ecep:reg="it's"
            ecep:spe="'tis"
            ecep:syllab="1"
            ecep:pron="tɪz">'tis</w>
         <c> </c>
         <w xml:id="o5156-164240"
            n="84-a-0620"
            ecep:lem="better"
            ecep:pos="jc"
            ecep:reg="better"
            ecep:spe="better"
            ecep:syllab="2"
            ecep:pron="ˈbetə">better</w>
         <c> </c>
         <w xml:id="o5156-164250"
            n="84-a-0630"
            ecep:lem="in"
            ecep:pos="p-acp"
            ecep:reg="in"
            ecep:spe="in"
            ecep:syllab="1"
            ecep:pron="ɪn">in</w>
         <c> </c>
         <w xml:id="o5156-164260"
            n="84-a-0640"
            ecep:lem="a"
            ecep:pos="dt"
            ecep:reg="a"
            ecep:spe="a"
            ecep:syllab="1"
            ecep:pron="ə">a</w>
         <c> </c>
         <w xml:id="o5156-164270"
            n="84-a-0650"
            ecep:lem="trunk"
            ecep:pos="n1"
            ecep:reg="trunk"
            ecep:spe="trunk"
            ecep:syllab="1"
            ecep:pron="trʌŋk">trunk</w>
         <c> </c>
         <w xml:id="o5156-164280"
            n="84-a-0660"
            ecep:lem="to"
            ecep:pos="pc-acp"
            ecep:reg="to"
            ecep:spe="to"
            ecep:syllab="1"
            ecep:pron="tuː">to</w>
         <c> </c>
         <w xml:id="o5156-164290"
            n="84-a-0670"
            ecep:lem="bury"
            ecep:pos="vvi"
            ecep:reg="bury"
            ecep:spe="bury"
            ecep:syllab="2"
            ecep:pron="ˈberi">bury</w>
      </l>
      <l xml:id="o5156-l09365">
         <w xml:id="o5156-164300"
            n="84-a-0680"
            ecep:lem="the"
            ecep:pos="dt"
            ecep:reg="The"
            ecep:spe="The"
            ecep:syllab="1"
            ecep:pron="ðiː">The</w>
         <c> </c>
         <w xml:id="o5156-164310"
            n="84-a-0690"
            ecep:lem="quirk"
            ecep:pos="n2"
            ecep:reg="quirks"
            ecep:spe="quirks"
            ecep:syllab="1"
            ecep:pron="ˈkwɜːks">quirks</w>
         <c> </c>
         <w xml:id="o5156-164320"
            n="84-a-0700"
            ecep:lem="and"
            ecep:pos="cc"
            ecep:reg="and"
            ecep:spe="and"
            ecep:syllab="1"
            ecep:pron="ænd">and</w>
         <c> </c>
         <w xml:id="o5156-164330"
            n="84-a-0710"
            ecep:lem="crotchet"
            ecep:pos="n2"
            ecep:reg="crotchets"
            ecep:spe="crotchets"
            ecep:syllab="2"
            ecep:pron="ˈkrɒtʃɪts">crotchets</w>
         <c> </c>
         <w xml:id="o5156-164340"
            n="84-a-0720"
            ecep:lem="of"
            ecep:pos="pp-f"
            ecep:reg="of"
            ecep:spe="of"
            ecep:syllab="1"
            ecep:pron="ɒv">of</w>
         <c> </c>
         <w xml:id="o5156-164350"
            n="84-a-0730"
            ecep:lem="outrageous"
            ecep:pos="j"
            ecep:reg="outrageous"
            ecep:spe="outrageous"
            ecep:syllab="3"
            ecep:pron="ˌaʊtˈreɪdʒəs">outrageous</w>
         <c> </c>
         <w xml:id="o5156-164360"
            n="84-a-0740"
            ecep:lem="fancy"
            ecep:pos="n1"
            ecep:reg="Fancy"
            ecep:spe="Fancy"
            ecep:syllab="2"
            ecep:pron="ˈfænsi">Fancy</w>
         <pc xml:id="o5156-164370"
             n="84-a-0750"
             ecep:lem=","
             ecep:pos=","
             ecep:reg=","
             ecep:spe=",">,</pc>
      </l>
      <l xml:id="o5156-l09370">
         <w xml:id="o5156-164380"
            n="84-a-0760"
            ecep:lem="or"
            ecep:pos="cc"
            ecep:reg="Or"
            ecep:spe="Or"
            ecep:syllab="1"
            ecep:pron="ɔː">Or</w>
         <c> </c>
         <w xml:id="o5156-164390"
            n="84-a-0770"
            ecep:lem="send"
            ecep:pos="vvi"
            ecep:reg="send"
            ecep:spe="send"
            ecep:syllab="1"
            ecep:pron="send">send</w>
         <c> </c>
         <w xml:id="o5156-164400"
            n="84-a-0780"
            ecep:lem="a"
            ecep:pos="dt"
            ecep:reg="a"
            ecep:spe="a"
            ecep:syllab="1"
            ecep:pron="ə">a</w>
         <c> </c>
         <w xml:id="o5156-164410"
            n="84-a-0790"
            ecep:lem="well-wrote"
            ecep:pos="j"
            ecep:reg="well-wrote"
            ecep:spe="well-wrote"
            ecep:syllab="2"
            ecep:pron="welˌrəʊt">well-wrote</w>
         <c> </c>
         <w xml:id="o5156-164420"
            n="84-a-0800"
            ecep:lem="copy"
            ecep:pos="n1"
            ecep:reg="copy"
            ecep:spe="copy"
            ecep:syllab="2"
            ecep:pron="ˈkɒpi">copy</w>
         <c> </c>
         <w xml:id="o5156-164430"
            n="84-a-0810"
            ecep:lem="to"
            ecep:pos="p-acp"
            ecep:reg="to"
            ecep:spe="to"
            ecep:syllab="1"
            ecep:pron="tuː">to</w>
         <c> </c>
         <w xml:id="o5156-164440"
            n="84-a-0820"
            ecep:lem="the"
            ecep:pos="dt"
            ecep:reg="the"
            ecep:spe="the"
            ecep:syllab="1"
            ecep:pron="ðiː">the</w>
         <c> </c>
         <w xml:id="o5156-164450"
            n="84-a-0830"
            ecep:lem="press"
            ecep:pos="n1"
            ecep:reg="press"
            ecep:spe="press"
            ecep:syllab="1"
            ecep:pron="pres">press</w>
         <pc xml:id="o5156-164460"
             n="84-a-0840"
             ecep:lem=","
             ecep:pos=","
             ecep:reg=","
             ecep:spe=",">,</pc>
      </l>
      <l xml:id="o5156-l09375">
         <w xml:id="o5156-164470"
            n="84-a-0850"
            ecep:lem="and"
            ecep:pos="cc"
            ecep:reg="And"
            ecep:spe="And"
            ecep:syllab="1"
            ecep:pron="ænd">And</w>
         <c> </c>
         <w xml:id="o5156-164480"
            n="84-a-0860"
            ecep:lem="by"
            ecep:pos="p-acp"
            ecep:reg="by"
            ecep:spe="by"
            ecep:syllab="1"
            ecep:pron="baɪ">by</w>
         <c> </c>
         <w xml:id="o5156-164490"
            n="84-a-0870"
            ecep:lem="disclose"
            ecep:pos="vvg"
            ecep:reg="disclosing"
            ecep:spe="disclosing"
            ecep:syllab="3"
            ecep:pron="dɪsˈkləʊzɪŋ">disclosing</w>
         <pc xml:id="o5156-164500"
             n="84-a-0880"
             ecep:lem=","
             ecep:pos=","
             ecep:reg=","
             ecep:spe=",">,</pc>
         <c> </c>
         <w xml:id="o5156-164510"
            n="84-a-0890"
            ecep:lem="end"
            ecep:pos="vvb"
            ecep:reg="end"
            ecep:spe="end"
            ecep:syllab="1"
            ecep:pron="end">end</w>
         <c> </c>
         <w xml:id="o5156-164520"
            n="84-a-0900"
            ecep:lem="they"
            ecep:pos="pno32"
            ecep:reg="them"
            ecep:spe="them"
            ecep:syllab="1"
            ecep:pron="ðem">them</w>
         <pc xml:id="o5156-164530"
             n="84-a-0910"
             unit="sentence"
             ecep:lem="."
             ecep:pos="."
             ecep:reg="."
             ecep:spe=".">.</pc>
         <c> </c>
         <w xml:id="o5156-164540"
            n="84-a-0920"
            ecep:lem="to"
            ecep:pos="p-acp"
            ecep:reg="To"
            ecep:spe="To"
            ecep:syllab="1"
            ecep:pron="tuː">To</w>
         <c> </c>
         <w xml:id="o5156-164550"
            n="84-a-0930"
            ecep:lem="print"
            ecep:pos="n1"
            ecep:reg="print"
            ecep:spe="print"
            ecep:syllab="1"
            ecep:pron="prɪnt">print</w>
         <pc xml:id="o5156-164560"
             n="84-a-0940"
             ecep:lem=","
             ecep:pos=","
             ecep:reg=","
             ecep:spe=",">,</pc>
         <c> </c>
         <w xml:id="o5156-164570"
            n="84-a-0950"
            ecep:lem="to"
            ecep:pos="pc-acp"
            ecep:reg="to"
            ecep:spe="to"
            ecep:syllab="1"
            ecep:pron="tuː">to</w>
         <c> </c>
         <w xml:id="o5156-164580"
            n="84-a-0960"
            ecep:lem="doubt"
            ecep:pos="vvi"
            ecep:reg="doubt"
            ecep:spe="doubt"
            ecep:syllab="1"
            ecep:pron="daʊt">doubt</w>
      </l>
      <l xml:id="o5156-l09380">
         <w xml:id="o5156-164590"
            n="84-a-0970"
            ecep:lem="no"
            ecep:pos="av-dx"
            ecep:reg="No"
            ecep:spe="No"
            ecep:syllab="1"
            ecep:pron="nəʊ">No</w>
         <c> </c>
         <w xml:id="o5156-164600"
            n="84-a-0980"
            ecep:lem="more"
            ecep:pos="av-dc"
            ecep:reg="more"
            ecep:spe="more"
            ecep:syllab="1"
            ecep:pron="mɔː">more</w>
         <pc xml:id="o5156-164610"
             n="84-a-0990"
             ecep:lem=";"
             ecep:pos=";"
             ecep:reg=";"
             ecep:spe=";">;</pc>
         <c> </c>
         <w xml:id="o5156-164620"
            n="84-a-1000"
            ecep:lem="and"
            ecep:pos="cc"
            ecep:reg="and"
            ecep:spe="and"
            ecep:syllab="1"
            ecep:pron="ænd">and</w>
         <c> </c>
         <w xml:id="o5156-164630"
            n="84-a-1010"
            ecep:lem="by"
            ecep:pos="p-acp"
            ecep:reg="by"
            ecep:spe="by"
            ecep:syllab="1"
            ecep:pron="baɪ">by</w>
         <c> </c>
         <w xml:id="o5156-164640"
            n="84-a-1020"
            ecep:lem="one"
            ecep:pos="crd"
            ecep:reg="one"
            ecep:spe="one"
            ecep:syllab="1"
            ecep:pron="wʌn">one</w>
         <c> </c>
         <w xml:id="o5156-164650"
            n="84-a-1030"
            ecep:lem="act"
            ecep:pos="n1"
            ecep:reg="act"
            ecep:spe="act"
            ecep:syllab="1"
            ecep:pron="ækt">act</w>
         <c> </c>
         <w xml:id="o5156-164660"
            n="84-a-1040"
            ecep:lem="to"
            ecep:pos="pc-acp"
            ecep:reg="to"
            ecep:spe="to"
            ecep:syllab="1"
            ecep:pron="tuː">to</w>
         <c> </c>
         <w xml:id="o5156-164670"
            n="84-a-1050"
            ecep:lem="say"
            ecep:pos="vvi"
            ecep:reg="say"
            ecep:spe="say"
            ecep:syllab="1"
            ecep:pron="seɪ">say</w>
         <c> </c>
         <w xml:id="o5156-164680"
            n="84-a-1060"
            ecep:lem="we"
            ecep:pos="pns12"
            ecep:reg="we"
            ecep:spe="we"
            ecep:syllab="1"
            ecep:pron="wiː">we</w>
         <c> </c>
         <w xml:id="o5156-164690"
            n="84-a-1070"
            ecep:lem="end"
            ecep:pos="vvb"
            ecep:reg="end"
            ecep:spe="end"
            ecep:syllab="1"
            ecep:pron="end">end</w>
      </l>
      <l xml:id="o5156-l09385">
         <w xml:id="o5156-164700"
            n="84-a-1080"
            ecep:lem="the"
            ecep:pos="dt"
            ecep:reg="The"
            ecep:spe="The"
            ecep:syllab="1"
            ecep:pron="ðiː">The</w>
         <c> </c>
         <w xml:id="o5156-164710"
            n="84-a-1090"
            ecep:lem="headache"
            ecep:pos="n1"
            ecep:reg="headache"
            ecep:spe="head-ach"
            ecep:syllab="2"
            ecep:pron="hedˌɑːx">head-ach</w>
         <pc xml:id="o5156-164720"
             n="84-a-1100"
             ecep:lem=","
             ecep:pos=","
             ecep:reg=","
             ecep:spe=",">,</pc>
         <c> </c>
         <w xml:id="o5156-164730"
            n="84-a-1110"
            ecep:lem="and"
            ecep:pos="cc"
            ecep:reg="and"
            ecep:spe="and"
            ecep:syllab="1"
            ecep:pron="ænd">and</w>
         <c> </c>
         <w xml:id="o5156-164740"
            n="84-a-1120"
            ecep:lem="a"
            ecep:pos="dt"
            ecep:reg="a"
            ecep:spe="a"
            ecep:syllab="1"
            ecep:pron="ə">a</w>
         <c> </c>
         <w xml:id="o5156-164750"
            n="84-a-1130"
            ecep:lem="thousand"
            ecep:pos="crd"
            ecep:reg="thousand"
            ecep:spe="thousand"
            ecep:syllab="2"
            ecep:pron="ˈθaʊznd">thousand</w>
         <c> </c>
         <w xml:id="o5156-164760"
            n="84-a-1140"
            ecep:lem="natural"
            ecep:pos="j"
            ecep:reg="natural"
            ecep:spe="natural"
            ecep:syllab="3"
            ecep:pron="ˈnætʃrəl">natural</w>
         <c> </c>
         <w xml:id="o5156-164770"
            n="84-a-1150"
            ecep:lem="shock"
            ecep:pos="n2"
            ecep:reg="shocks"
            ecep:spe="shocks"
            ecep:syllab="1"
            ecep:pron="ʃɒks">shocks</w>
      </l>
      <l xml:id="o5156-l09390">
         <w xml:id="o5156-164780"
            n="84-a-1160"
            ecep:lem="of"
            ecep:pos="pp-f"
            ecep:reg="Of"
            ecep:spe="Of"
            ecep:syllab="1"
            ecep:pron="ɒv">Of</w>
         <c> </c>
         <w xml:id="o5156-164790"
            n="84-a-1170"
            ecep:lem="scribble"
            ecep:pos="j-vvg"
            ecep:reg="scribbling"
            ecep:spe="scribbling"
            ecep:syllab="3"
            ecep:pron="ˈskrɪblɪŋ">scribbling</w>
         <c> </c>
         <w xml:id="o5156-164800"
            n="84-a-1180"
            ecep:lem="frenzy"
            ecep:pos="n1"
            ecep:reg="frenzy"
            ecep:spe="frenzy"
            ecep:syllab="2"
            ecep:pron="ˈfrenzi">frenzy</w>
         <c> </c>
         <pc xml:id="o5156-164810"
             n="84-a-1190"
             ecep:lem="—"
             ecep:pos="—"
             ecep:reg="—"
             ecep:spe="—">—</pc>
         <c> </c>
         <w xml:id="o5156-164820"
            n="84-a-1200"
            ecep:lem="it|be"
            ecep:pos="pn31|vbz"
            ecep:reg="it's"
            ecep:spe="'tis"
            ecep:syllab="1"
            ecep:pron="tɪz">'tis</w>
         <c> </c>
         <w xml:id="o5156-164830"
            n="84-a-1210"
            ecep:lem="a"
            ecep:pos="dt"
            ecep:reg="a"
            ecep:spe="a"
            ecep:syllab="1"
            ecep:pron="ə">a</w>
         <c> </c>
         <w xml:id="o5156-164840"
            n="84-a-1220"
            ecep:lem="consummation"
            ecep:pos="n1"
            ecep:reg="consummation"
            ecep:spe="consummation"
            ecep:syllab="4"
            ecep:pron="ˌkɒnsəˈmeɪʃn">consummation</w>
      </l>
      <l xml:id="o5156-l09395">
         <w xml:id="o5156-164850"
            n="84-a-1230"
            ecep:lem="devout"
            ecep:pos="av-j"
            ecep:reg="Devoutly"
            ecep:spe="Devoutly"
            ecep:syllab="3"
            ecep:pron="diˈvaʊtli">Devoutly</w>
         <c> </c>
         <w xml:id="o5156-164860"
            n="84-a-1240"
            ecep:lem="to"
            ecep:pos="pc-acp"
            ecep:reg="to"
            ecep:spe="to"
            ecep:syllab="1"
            ecep:pron="tuː">to</w>
         <c> </c>
         <w xml:id="o5156-164870"
            n="84-a-1250"
            ecep:lem="be"
            ecep:pos="vbi"
            ecep:reg="be"
            ecep:spe="be"
            ecep:syllab="1"
            ecep:pron="biː">be</w>
         <c> </c>
         <w xml:id="o5156-164880"
            n="84-a-1260"
            ecep:lem="wish"
            ecep:pos="vvn"
            ecep:reg="wished"
            ecep:spe="wish'd"
            ecep:syllab="1"
            ecep:pron="wɪʃt">wish'd</w>
         <pc xml:id="o5156-164890"
             n="84-a-1270"
             unit="sentence"
             ecep:lem="."
             ecep:pos="."
             ecep:reg="."
             ecep:spe=".">.</pc>
         <c> </c>
         <w xml:id="o5156-164900"
            n="84-a-1280"
            ecep:lem="to"
            ecep:pos="p-acp"
            ecep:reg="To"
            ecep:spe="To"
            ecep:syllab="1"
            ecep:pron="tuː">To</w>
         <c> </c>
         <w xml:id="o5156-164910"
            n="84-a-1290"
            ecep:lem="print"
            ecep:pos="n1"
            ecep:reg="print"
            ecep:spe="print"
            ecep:syllab="1"
            ecep:pron="prɪnt">print</w>
         <c> </c>
         <pc xml:id="o5156-164920"
             n="84-a-1300"
             ecep:lem="—"
             ecep:pos="—"
             ecep:reg="—"
             ecep:spe="—">—</pc>
         <c> </c>
         <w xml:id="o5156-164930"
            n="84-a-1310"
            ecep:lem="to"
            ecep:pos="p-acp"
            ecep:reg="to"
            ecep:spe="to"
            ecep:syllab="1"
            ecep:pron="tuː">to</w>
         <c> </c>
         <w xml:id="o5156-164940"
            n="84-a-1320"
            ecep:lem="beam"
            ecep:pos="n1"
            ecep:reg="beam"
            ecep:spe="beam"
            ecep:syllab="1"
            ecep:pron="biːm">beam</w>
      </l>
      <l xml:id="o5156-l09400">
         <w xml:id="o5156-164950"
            n="84-a-1330"
            ecep:lem="from"
            ecep:pos="p-acp"
            ecep:reg="From"
            ecep:spe="From"
            ecep:syllab="1"
            ecep:pron="frɒm">From</w>
         <c> </c>
         <w xml:id="o5156-164960"
            n="84-a-1340"
            ecep:lem="the"
            ecep:pos="dt"
            ecep:reg="the"
            ecep:spe="the"
            ecep:syllab="1"
            ecep:pron="ðiː">the</w>
         <c> </c>
         <w xml:id="o5156-164970"
            n="84-a-1350"
            ecep:lem="same"
            ecep:pos="d"
            ecep:reg="same"
            ecep:spe="same"
            ecep:syllab="1"
            ecep:pron="seɪm">same</w>
         <c> </c>
         <w xml:id="o5156-164980"
            n="84-a-1360"
            ecep:lem="shelf"
            ecep:pos="n1"
            ecep:reg="shelf"
            ecep:spe="shelf"
            ecep:syllab="1"
            ecep:pron="ʃelf">shelf</w>
         <c> </c>
         <w xml:id="o5156-164990"
            n="84-a-1370"
            ecep:lem="with"
            ecep:pos="p-acp"
            ecep:reg="with"
            ecep:spe="with"
            ecep:syllab="1"
            ecep:pron="wɪð">with</w>
         <c> </c>
         <w xml:id="o5156-165000"
            n="84-a-1380"
            ecep:lem="pope"
            ecep:pos="n1"
            ecep:reg="Pope"
            ecep:spe="Pope"
            ecep:syllab="1"
            ecep:pron="pəʊp">Pope</w>
         <pc xml:id="o5156-165010"
             n="84-a-1390"
             ecep:lem=","
             ecep:pos=","
             ecep:reg=","
             ecep:spe=",">,</pc>
         <c> </c>
         <w xml:id="o5156-165020"
            n="84-a-1400"
            ecep:lem="in"
            ecep:pos="p-acp"
            ecep:reg="in"
            ecep:spe="in"
            ecep:syllab="1"
            ecep:pron="ɪn">in</w>
         <c> </c>
         <w xml:id="o5156-165030"
            n="84-a-1410"
            ecep:lem="calf"
            ecep:pos="n1"
            ecep:reg="calf"
            ecep:spe="calf"
            ecep:syllab="1"
            ecep:pron="kɑːf">calf</w>
         <c> </c>
         <w xml:id="o5156-165040"
            n="84-a-1420"
            ecep:lem="well"
            ecep:pos="av"
            ecep:reg="well"
            ecep:spe="well"
            ecep:syllab="1"
            ecep:pron="wel">well</w>
         <c> </c>
         <w xml:id="o5156-165050"
            n="84-a-1430"
            ecep:lem="bind"
            ecep:pos="vvn"
            ecep:reg="bound"
            ecep:spe="bound"
            ecep:syllab="1"
            ecep:pron="baʊnd">bound</w>
         <pc xml:id="o5156-165060"
             n="84-a-1440"
             ecep:lem=":"
             ecep:pos=":"
             ecep:reg=":"
             ecep:spe=":">:</pc>
      </l>
      <l xml:id="o5156-l09405">
         <w xml:id="o5156-165070"
            n="84-a-1450"
            ecep:lem="to"
            ecep:pos="pc-acp"
            ecep:reg="To"
            ecep:spe="To"
            ecep:syllab="1"
            ecep:pron="tuː">To</w>
         <c> </c>
         <w xml:id="o5156-165080"
            n="84-a-1460"
            ecep:lem="sleep"
            ecep:pos="vvi"
            ecep:reg="sleep"
            ecep:spe="sleep"
            ecep:syllab="1"
            ecep:pron="sliːp">sleep</w>
         <pc xml:id="o5156-165090"
             n="84-a-1470"
             ecep:lem=","
             ecep:pos=","
             ecep:reg=","
             ecep:spe=",">,</pc>
         <c> </c>
         <w xml:id="o5156-165100"
            n="84-a-1480"
            ecep:lem="perchance"
            ecep:pos="av"
            ecep:reg="perchance"
            ecep:spe="perchance"
            ecep:syllab="2"
            ecep:pron="pəˈtʃɑːns">perchance</w>
         <pc xml:id="o5156-165110"
             n="84-a-1490"
             ecep:lem=","
             ecep:pos=","
             ecep:reg=","
             ecep:spe=",">,</pc>
         <c> </c>
         <w xml:id="o5156-165120"
            n="84-a-1500"
            ecep:lem="with"
            ecep:pos="p-acp"
            ecep:reg="with"
            ecep:spe="with"
            ecep:syllab="1"
            ecep:pron="wɪð">with</w>
         <c> </c>
         <w xml:id="o5156-165130"
            n="84-a-1510"
            ecep:lem="Quarles"
            ecep:pos="np1"
            ecep:reg="Quarles"
            ecep:spe="Quarles"
            ecep:syllab="1"
            ecep:pron="kwˈɑːlz">Quarles</w>
         <c> </c>
         <pc xml:id="o5156-165140"
             n="84-a-1520"
             ecep:lem="—"
             ecep:pos="—"
             ecep:reg="—"
             ecep:spe="—">—</pc>
         <c> </c>
         <w xml:id="o5156-165150"
            n="84-a-1530"
            ecep:lem="ay"
            ecep:pos="uh"
            ecep:reg="Ay"
            ecep:spe="Ay"
            ecep:syllab="1"
            ecep:pron="eɪ">Ay</w>
         <pc xml:id="o5156-165160"
             n="84-a-1540"
             ecep:lem=","
             ecep:pos=","
             ecep:reg=","
             ecep:spe=",">,</pc>
         <c> </c>
         <w xml:id="o5156-165170"
            n="84-a-1550"
            ecep:lem="there|be"
            ecep:pos="pc-acp|vbz"
            ecep:reg="there's"
            ecep:spe="there's"
            ecep:syllab="1"
            ecep:pron="ðeəz">there's</w>
         <c> </c>
         <w xml:id="o5156-165180"
            n="84-a-1560"
            ecep:lem="the"
            ecep:pos="dt"
            ecep:reg="the"
            ecep:spe="the"
            ecep:syllab="1"
            ecep:pron="ðiː">the</w>
         <c> </c>
         <w xml:id="o5156-165190"
            n="84-a-1570"
            ecep:lem="rub"
            ecep:pos="n1"
            ecep:reg="rub"
            ecep:spe="rub"
            ecep:syllab="1"
            ecep:pron="rʌb">rub</w>
         <c> </c>
         <pc xml:id="o5156-165200"
             n="84-a-1580"
             ecep:lem="—"
             ecep:pos="—"
             ecep:reg="—"
             ecep:spe="—">—</pc>
      </l>
      <l xml:id="o5156-l09410">
         <w xml:id="o5156-165210"
            n="84-a-1590"
            ecep:lem="for"
            ecep:pos="p-acp"
            ecep:reg="For"
            ecep:spe="For"
            ecep:syllab="1"
            ecep:pron="fɔː">For</w>
         <c> </c>
         <w xml:id="o5156-165220"
            n="84-a-1600"
            ecep:lem="to"
            ecep:pos="p-acp"
            ecep:reg="to"
            ecep:spe="to"
            ecep:syllab="1"
            ecep:pron="tuː">to</w>
         <c> </c>
         <w xml:id="o5156-165230"
            n="84-a-1610"
            ecep:lem="what"
            ecep:pos="r-crq"
            ecep:reg="what"
            ecep:spe="what"
            ecep:syllab="1"
            ecep:pron="wɒt">what</w>
         <c> </c>
         <w xml:id="o5156-165240"
            n="84-a-1620"
            ecep:lem="class"
            ecep:pos="n1"
            ecep:reg="class"
            ecep:spe="class"
            ecep:syllab="1"
            ecep:pron="klɑːs">class</w>
         <c> </c>
         <w xml:id="o5156-165250"
            n="84-a-1630"
            ecep:lem="a"
            ecep:pos="dt"
            ecep:reg="a"
            ecep:spe="a"
            ecep:syllab="1"
            ecep:pron="ə">a</w>
         <c> </c>
         <w xml:id="o5156-165260"
            n="84-a-1640"
            ecep:lem="writer"
            ecep:pos="n1"
            ecep:reg="writer"
            ecep:spe="writer"
            ecep:syllab="2"
            ecep:pron="ˈraɪtə">writer</w>
         <c> </c>
         <w xml:id="o5156-165270"
            n="84-a-1650"
            ecep:lem="may"
            ecep:pos="vmb"
            ecep:reg="may"
            ecep:spe="may"
            ecep:syllab="1"
            ecep:pron="meɪ">may</w>
         <c> </c>
         <w xml:id="o5156-165280"
            n="84-a-1660"
            ecep:lem="be"
            ecep:pos="vbi"
            ecep:reg="be"
            ecep:spe="be"
            ecep:syllab="1"
            ecep:pron="biː">be</w>
         <c> </c>
         <w xml:id="o5156-165290"
            n="84-a-1670"
            ecep:lem="doom"
            ecep:pos="vvn"
            ecep:reg="doomed"
            ecep:spe="doom'd"
            ecep:syllab="1"
            ecep:pron="duːmd">doom'd</w>
         <pc xml:id="o5156-165300"
             n="84-a-1680"
             ecep:lem=","
             ecep:pos=","
             ecep:reg=","
             ecep:spe=",">,</pc>
      </l>
      <l xml:id="o5156-l09415">
         <w xml:id="o5156-165310"
            n="84-a-1690"
            ecep:lem="when"
            ecep:pos="c-crq"
            ecep:reg="When"
            ecep:spe="When"
            ecep:syllab="1"
            ecep:pron="wen">When</w>
         <c> </c>
         <w xml:id="o5156-165320"
            n="84-a-1700"
            ecep:lem="he"
            ecep:pos="pns31"
            ecep:reg="he"
            ecep:spe="he"
            ecep:syllab="1"
            ecep:pron="hiː">he</w>
         <c> </c>
         <w xml:id="o5156-165330"
            n="84-a-1710"
            ecep:lem="have"
            ecep:pos="vhz"
            ecep:reg="hath"
            ecep:spe="hath"
            ecep:syllab="1"
            ecep:pron="hæθ">hath</w>
         <c> </c>
         <w xml:id="o5156-165340"
            n="84-a-1720"
            ecep:lem="shuffle"
            ecep:pos="vvn"
            ecep:reg="shuffled"
            ecep:spe="shuffled"
            ecep:syllab="2"
            ecep:pron="ˈʃʌfld">shuffled</w>
         <c> </c>
         <w xml:id="o5156-165350"
            n="84-a-1730"
            ecep:lem="off"
            ecep:pos="a-acp"
            ecep:reg="off"
            ecep:spe="off"
            ecep:syllab="1"
            ecep:pron="ɒf">off</w>
         <c> </c>
         <w xml:id="o5156-165360"
            n="84-a-1740"
            ecep:lem="some"
            ecep:pos="d"
            ecep:reg="some"
            ecep:spe="some"
            ecep:syllab="1"
            ecep:pron="sʌm">some</w>
         <c> </c>
         <w xml:id="o5156-165370"
            n="84-a-1750"
            ecep:lem="paltry"
            ecep:pos="j"
            ecep:reg="paltry"
            ecep:spe="paltry"
            ecep:syllab="2"
            ecep:pron="ˈpɔːltri">paltry</w>
         <c> </c>
         <w xml:id="o5156-165380"
            n="84-a-1760"
            ecep:lem="stuff"
            ecep:pos="n1"
            ecep:reg="stuff"
            ecep:spe="stuff"
            ecep:syllab="1"
            ecep:pron="stʌf">stuff</w>
         <pc xml:id="o5156-165390"
             n="84-a-1770"
             ecep:lem=","
             ecep:pos=","
             ecep:reg=","
             ecep:spe=",">,</pc>
      </l>
      <l xml:id="o5156-l09420">
         <w xml:id="o5156-165400"
            n="84-a-1780"
            ecep:lem="must"
            ecep:pos="vmb"
            ecep:reg="Must"
            ecep:spe="Must"
            ecep:syllab="1"
            ecep:pron="mʌst">Must</w>
         <c> </c>
         <w xml:id="o5156-165410"
            n="84-a-1790"
            ecep:lem="give"
            ecep:pos="vvi"
            ecep:reg="give"
            ecep:spe="give"
            ecep:syllab="1"
            ecep:pron="gɪv">give</w>
         <c> </c>
         <w xml:id="o5156-165420"
            n="84-a-1800"
            ecep:lem="we"
            ecep:pos="pno12"
            ecep:reg="us"
            ecep:spe="us"
            ecep:syllab="1"
            ecep:pron="ʌs">us</w>
         <c> </c>
         <w xml:id="o5156-165430"
            n="84-a-1810"
            ecep:lem="pause"
            ecep:pos="vvi"
            ecep:reg="pause"
            ecep:spe="pause"
            ecep:syllab="1"
            ecep:pron="pɔːz">pause</w>
         <pc xml:id="o5156-165440"
             n="84-a-1820"
             unit="sentence"
             ecep:lem="."
             ecep:pos="."
             ecep:reg="."
             ecep:spe=".">.</pc>
         <c> </c>
         <w xml:id="o5156-165450"
            n="84-a-1830"
            ecep:lem="there|be"
            ecep:pos="pc-acp|vbz"
            ecep:reg="There's"
            ecep:spe="There's"
            ecep:syllab="1"
            ecep:pron="ðeəz">There's</w>
         <c> </c>
         <w xml:id="o5156-165460"
            n="84-a-1840"
            ecep:lem="the"
            ecep:pos="dt"
            ecep:reg="the"
            ecep:spe="the"
            ecep:syllab="1"
            ecep:pron="ðiː">the</w>
         <c> </c>
         <w xml:id="o5156-165470"
            n="84-a-1850"
            ecep:lem="respect"
            ecep:pos="n1"
            ecep:reg="respect"
            ecep:spe="respect"
            ecep:syllab="2"
            ecep:pron="riˈspekt">respect</w>
         <c> </c>
         <w xml:id="o5156-165480"
            n="84-a-1860"
            ecep:lem="that"
            ecep:pos="cst"
            ecep:reg="that"
            ecep:spe="that"
            ecep:syllab="1"
            ecep:pron="ðæt">that</w>
         <c> </c>
         <w xml:id="o5156-165490"
            n="84-a-1870"
            ecep:lem="make"
            ecep:pos="vvz"
            ecep:reg="makes"
            ecep:spe="makes"
            ecep:syllab="1"
            ecep:pron="meɪks">makes</w>
      </l>
      <l xml:id="o5156-l09425">
         <w xml:id="o5156-165500"
            n="84-a-1880"
            ecep:lem="the"
            ecep:pos="dt"
            ecep:reg="The"
            ecep:spe="Th'"
            ecep:syllab="0"
            ecep:pron="ð">Th'</w>
         <c> </c>
         <w xml:id="o5156-165510"
            n="84-a-1890"
            ecep:lem="unwilling"
            ecep:pos="j"
            ecep:reg="unwilling"
            ecep:spe="unwilling"
            ecep:syllab="3"
            ecep:pron="ˌʌnˈwɪlɪŋ">unwilling</w>
         <c> </c>
         <w xml:id="o5156-165520"
            n="84-a-1900"
            ecep:lem="poet"
            ecep:pos="n1"
            ecep:reg="poet"
            ecep:spe="poet"
            ecep:syllab="2"
            ecep:pron="ˈpəʊɪt">poet</w>
         <c> </c>
         <w xml:id="o5156-165530"
            n="84-a-1910"
            ecep:lem="keep"
            ecep:pos="vvi"
            ecep:reg="keep"
            ecep:spe="keep"
            ecep:syllab="1"
            ecep:pron="kiːp">keep</w>
         <c> </c>
         <w xml:id="o5156-165540"
            n="84-a-1920"
            ecep:lem="his"
            ecep:pos="po31"
            ecep:reg="his"
            ecep:spe="his"
            ecep:syllab="1"
            ecep:pron="hɪz">his</w>
         <c> </c>
         <w xml:id="o5156-165550"
            n="84-a-1930"
            ecep:lem="piece"
            ecep:pos="n1"
            ecep:reg="piece"
            ecep:spe="piece"
            ecep:syllab="1"
            ecep:pron="piːs">piece</w>
         <c> </c>
         <w xml:id="o5156-165560"
            n="84-a-1940"
            ecep:lem="nine"
            ecep:pos="crd"
            ecep:reg="nine"
            ecep:spe="nine"
            ecep:syllab="1"
            ecep:pron="naɪn">nine</w>
         <c> </c>
         <w xml:id="o5156-165570"
            n="84-a-1950"
            ecep:lem="year"
            ecep:pos="n2"
            ecep:reg="years"
            ecep:spe="years"
            ecep:syllab="1"
            ecep:pron="jɪəz">years</w>
         <pc xml:id="o5156-165580"
             n="84-a-1960"
             unit="sentence"
             ecep:lem="."
             ecep:pos="."
             ecep:reg="."
             ecep:spe=".">.</pc>
      </l>
      <l xml:id="o5156-l09430">
         <w xml:id="o5156-165590"
            n="84-a-1970"
            ecep:lem="for"
            ecep:pos="p-acp"
            ecep:reg="For"
            ecep:spe="For"
            ecep:syllab="1"
            ecep:pron="fɔː">For</w>
         <c> </c>
         <w xml:id="o5156-165600"
            n="84-a-1980"
            ecep:lem="who"
            ecep:pos="r-crq"
            ecep:reg="who"
            ecep:spe="who"
            ecep:syllab="1"
            ecep:pron="huː">who</w>
         <c> </c>
         <w xml:id="o5156-165610"
            n="84-a-1990"
            ecep:lem="will"
            ecep:pos="vmd"
            ecep:reg="would"
            ecep:spe="would"
            ecep:syllab="1"
            ecep:pron="wʊd">would</w>
         <c> </c>
         <w xml:id="o5156-165620"
            n="84-a-2000"
            ecep:lem="bear"
            ecep:pos="vvi"
            ecep:reg="bear"
            ecep:spe="bear"
            ecep:syllab="1"
            ecep:pron="beə">bear</w>
         <c> </c>
         <w xml:id="o5156-165630"
            n="84-a-2010"
            ecep:lem="the"
            ecep:pos="dt"
            ecep:reg="the"
            ecep:spe="th'"
            ecep:syllab="0"
            ecep:pron="ð">th'</w>
         <c> </c>
         <w xml:id="o5156-165640"
            n="84-a-2020"
            ecep:lem="impatient"
            ecep:pos="j"
            ecep:reg="impatient"
            ecep:spe="impatient"
            ecep:syllab="3"
            ecep:pron="ɪmˈpeɪʃnt">impatient</w>
         <c> </c>
         <w xml:id="o5156-165650"
            n="84-a-2030"
            ecep:lem="thirst"
            ecep:pos="n1"
            ecep:reg="thirst"
            ecep:spe="thirst"
            ecep:syllab="1"
            ecep:pron="θɜːst">thirst</w>
         <c> </c>
         <w xml:id="o5156-165660"
            n="84-a-2040"
            ecep:lem="of"
            ecep:pos="pp-f"
            ecep:reg="of"
            ecep:spe="of"
            ecep:syllab="1"
            ecep:pron="ɒv">of</w>
         <c> </c>
         <w xml:id="o5156-165670"
            n="84-a-2050"
            ecep:lem="fame"
            ecep:pos="n1"
            ecep:reg="fame"
            ecep:spe="fame"
            ecep:syllab="1"
            ecep:pron="feɪm">fame</w>
         <pc xml:id="o5156-165680"
             n="84-a-2060"
             ecep:lem=","
             ecep:pos=","
             ecep:reg=","
             ecep:spe=",">,</pc>
      </l>
      <l xml:id="o5156-l09435">
         <w xml:id="o5156-165690"
            n="84-a-2070"
            ecep:lem="the"
            ecep:pos="dt"
            ecep:reg="The"
            ecep:spe="The"
            ecep:syllab="1"
            ecep:pron="ðiː">The</w>
         <c> </c>
         <w xml:id="o5156-165700"
            n="84-a-2080"
            ecep:lem="pride"
            ecep:pos="n1"
            ecep:reg="pride"
            ecep:spe="pride"
            ecep:syllab="1"
            ecep:pron="praɪd">pride</w>
         <c> </c>
         <w xml:id="o5156-165710"
            n="84-a-2090"
            ecep:lem="of"
            ecep:pos="pp-f"
            ecep:reg="of"
            ecep:spe="of"
            ecep:syllab="1"
            ecep:pron="ɒv">of</w>
         <c> </c>
         <w xml:id="o5156-165720"
            n="84-a-2100"
            ecep:lem="conscious"
            ecep:pos="j"
            ecep:reg="conscious"
            ecep:spe="conscious"
            ecep:syllab="2"
            ecep:pron="ˈkɒnʃəs">conscious</w>
         <c> </c>
         <w xml:id="o5156-165730"
            n="84-a-2110"
            ecep:lem="merit"
            ecep:pos="n1"
            ecep:reg="merit"
            ecep:spe="merit"
            ecep:syllab="2"
            ecep:pron="ˈmerɪt">merit</w>
         <pc xml:id="o5156-165740"
             n="84-a-2120"
             ecep:lem=","
             ecep:pos=","
             ecep:reg=","
             ecep:spe=",">,</pc>
         <c> </c>
         <w xml:id="o5156-165750"
            n="84-a-2130"
            ecep:lem="and"
            ecep:pos="cc"
            ecep:reg="and"
            ecep:spe="and"
            ecep:syllab="1"
            ecep:pron="ænd">and</w>
         <c> </c>
         <w xml:id="o5156-165760"
            n="84-a-2140"
            ecep:lem="above"
            ecep:pos="p-acp"
            ecep:reg="above"
            ecep:spe="'bove"
            ecep:syllab="1"
            ecep:pron="bˈəʊv">'bove</w>
         <c> </c>
         <w xml:id="o5156-165770"
            n="84-a-2150"
            ecep:lem="all"
            ecep:pos="d"
            ecep:reg="all"
            ecep:spe="all"
            ecep:syllab="1"
            ecep:pron="ɔːl">all</w>
         <pc xml:id="o5156-165780"
             n="84-a-2160"
             ecep:lem=","
             ecep:pos=","
             ecep:reg=","
             ecep:spe=",">,</pc>
      </l>
      <pb facs="o5156/0088_R" n="83" rend="none"/>
      <l xml:id="o5156-l09440">
         <w xml:id="o5156-165790"
            n="85-a-0010"
            ecep:lem="the"
            ecep:pos="dt"
            ecep:reg="The"
            ecep:spe="The"
            ecep:syllab="1"
            ecep:pron="ðiː">The</w>
         <c> </c>
         <w xml:id="o5156-165800"
            n="85-a-0020"
            ecep:lem="tedious"
            ecep:pos="j"
            ecep:reg="tedious"
            ecep:spe="tedious"
            ecep:syllab="3"
            ecep:pron="ˈtiːdiəs">tedious</w>
         <c> </c>
         <w xml:id="o5156-165810"
            n="85-a-0030"
            ecep:lem="importunity"
            ecep:pos="n1"
            ecep:reg="importunity"
            ecep:spe="importunity"
            ecep:syllab="5"
            ecep:pron="ˌɪmpəˈtjuːnəti">importunity</w>
         <c> </c>
         <w xml:id="o5156-165820"
            n="85-a-0040"
            ecep:lem="of"
            ecep:pos="pp-f"
            ecep:reg="of"
            ecep:spe="of"
            ecep:syllab="1"
            ecep:pron="ɒv">of</w>
         <c> </c>
         <w xml:id="o5156-165830"
            n="85-a-0050"
            ecep:lem="friend"
            ecep:pos="n2"
            ecep:reg="friends"
            ecep:spe="friends"
            ecep:syllab="1"
            ecep:pron="frendz">friends</w>
         <pc xml:id="o5156-165840"
             n="85-a-0060"
             ecep:lem=","
             ecep:pos=","
             ecep:reg=","
             ecep:spe=",">,</pc>
      </l>
      <l xml:id="o5156-l09445">
         <w xml:id="o5156-165850"
            n="85-a-0070"
            ecep:lem="when"
            ecep:pos="c-crq"
            ecep:reg="When"
            ecep:spe="When"
            ecep:syllab="1"
            ecep:pron="wen">When</w>
         <c> </c>
         <w xml:id="o5156-165860"
            n="85-a-0080"
            ecep:lem="as"
            ecep:pos="p-acp"
            ecep:reg="as"
            ecep:spe="as"
            ecep:syllab="1"
            ecep:pron="æz">as</w>
         <c> </c>
         <w xml:id="o5156-165870"
            n="85-a-0090"
            ecep:lem="himself"
            ecep:pos="px31"
            ecep:reg="himself"
            ecep:spe="himself"
            ecep:syllab="2"
            ecep:pron="hɪmˈself">himself</w>
         <c> </c>
         <w xml:id="o5156-165880"
            n="85-a-0100"
            ecep:lem="may"
            ecep:pos="vmd"
            ecep:reg="might"
            ecep:spe="might"
            ecep:syllab="1"
            ecep:pron="maɪt">might</w>
         <c> </c>
         <w xml:id="o5156-165890"
            n="85-a-0110"
            ecep:lem="his"
            ecep:pos="po31"
            ecep:reg="his"
            ecep:spe="his"
            ecep:syllab="1"
            ecep:pron="hɪz">his</w>
         <c> </c>
         <w xml:id="o5156-165900"
            n="85-a-0120"
            ecep:lem="quietus"
            ecep:pos="fw-la"
            ecep:reg="quietus"
            ecep:spe="quietus"
            ecep:syllab="3"
            ecep:pron="kwaɪˈiːtəs">quietus</w>
         <c> </c>
         <w xml:id="o5156-165910"
            n="85-a-0130"
            ecep:lem="make"
            ecep:pos="n1"
            ecep:reg="make"
            ecep:spe="make"
            ecep:syllab="1"
            ecep:pron="meɪk">make</w>
      </l>
      <l xml:id="o5156-l09450">
         <w xml:id="o5156-165920"
            n="85-a-0140"
            ecep:lem="with"
            ecep:pos="p-acp"
            ecep:reg="With"
            ecep:spe="With"
            ecep:syllab="1"
            ecep:pron="wɪð">With</w>
         <c> </c>
         <w xml:id="o5156-165930"
            n="85-a-0150"
            ecep:lem="a"
            ecep:pos="dt"
            ecep:reg="a"
            ecep:spe="a"
            ecep:syllab="1"
            ecep:pron="ə">a</w>
         <c> </c>
         <w xml:id="o5156-165940"
            n="85-a-0160"
            ecep:lem="bare"
            ecep:pos="j"
            ecep:reg="bare"
            ecep:spe="bare"
            ecep:syllab="1"
            ecep:pron="beə">bare</w>
         <c> </c>
         <w xml:id="o5156-165950"
            n="85-a-0170"
            ecep:lem="inkhorn"
            ecep:pos="n1"
            ecep:reg="inkhorn"
            ecep:spe="inkhorn"
            ecep:syllab="2"
            ecep:pron="ˈɪŋkhɔːn">inkhorn</w>
         <pc xml:id="o5156-165960"
             n="85-a-0180"
             unit="sentence"
             ecep:lem="?"
             ecep:pos="?"
             ecep:reg="?"
             ecep:spe="?">?</pc>
         <c> </c>
         <w xml:id="o5156-165970"
            n="85-a-0190"
            ecep:lem="who"
            ecep:pos="q-crq"
            ecep:reg="Who"
            ecep:spe="Who"
            ecep:syllab="1"
            ecep:pron="huː">Who</w>
         <c> </c>
         <w xml:id="o5156-165980"
            n="85-a-0200"
            ecep:lem="will"
            ecep:pos="vmd"
            ecep:reg="would"
            ecep:spe="would"
            ecep:syllab="1"
            ecep:pron="wʊd">would</w>
         <c> </c>
         <w xml:id="o5156-165990"
            n="85-a-0210"
            ecep:lem="farthel"
            ecep:pos="n2"
            ecep:reg="farthels"
            ecep:spe="fardles"
            ecep:syllab="2"
            ecep:pron="fˈɑːdəlz">fardles</w>
         <c> </c>
         <w xml:id="o5156-166000"
            n="85-a-0220"
            ecep:lem="bear"
            ecep:pos="vvi"
            ecep:reg="bear"
            ecep:spe="bear"
            ecep:syllab="1"
            ecep:pron="beə">bear</w>
         <pc xml:id="o5156-166010"
             n="85-a-0230"
             unit="sentence"
             ecep:lem="?"
             ecep:pos="?"
             ecep:reg="?"
             ecep:spe="?">?</pc>
      </l>
      <l xml:id="o5156-l09455">
         <w xml:id="o5156-166020"
            n="85-a-0240"
            ecep:lem="to"
            ecep:pos="p-acp"
            ecep:reg="To"
            ecep:spe="To"
            ecep:syllab="1"
            ecep:pron="tuː">To</w>
         <c> </c>
         <w xml:id="o5156-166030"
            n="85-a-0250"
            ecep:lem="groan"
            ecep:pos="n1"
            ecep:reg="groan"
            ecep:spe="groan"
            ecep:syllab="1"
            ecep:pron="grəʊn">groan</w>
         <c> </c>
         <w xml:id="o5156-166040"
            n="85-a-0260"
            ecep:lem="and"
            ecep:pos="cc"
            ecep:reg="and"
            ecep:spe="and"
            ecep:syllab="1"
            ecep:pron="ænd">and</w>
         <c> </c>
         <w xml:id="o5156-166050"
            n="85-a-0270"
            ecep:lem="sweat"
            ecep:pos="vvi"
            ecep:reg="sweat"
            ecep:spe="sweat"
            ecep:syllab="1"
            ecep:pron="swet">sweat</w>
         <c> </c>
         <w xml:id="o5156-166060"
            n="85-a-0280"
            ecep:lem="under"
            ecep:pos="p-acp"
            ecep:reg="under"
            ecep:spe="under"
            ecep:syllab="2"
            ecep:pron="ˈʌndə">under</w>
         <c> </c>
         <w xml:id="o5156-166070"
            n="85-a-0290"
            ecep:lem="a"
            ecep:pos="dt"
            ecep:reg="a"
            ecep:spe="a"
            ecep:syllab="1"
            ecep:pron="ə">a</w>
         <c> </c>
         <w xml:id="o5156-166080"
            n="85-a-0300"
            ecep:lem="load"
            ecep:pos="n1"
            ecep:reg="load"
            ecep:spe="load"
            ecep:syllab="1"
            ecep:pron="ləʊd">load</w>
         <c> </c>
         <w xml:id="o5156-166090"
            n="85-a-0310"
            ecep:lem="of"
            ecep:pos="pp-f"
            ecep:reg="of"
            ecep:spe="of"
            ecep:syllab="1"
            ecep:pron="ɒv">of</w>
         <c> </c>
         <w xml:id="o5156-166100"
            n="85-a-0320"
            ecep:lem="wit"
            ecep:pos="n1"
            ecep:reg="wit"
            ecep:spe="wit"
            ecep:syllab="1"
            ecep:pron="wɪt">wit</w>
         <pc xml:id="o5156-166110"
             n="85-a-0330"
             unit="sentence"
             ecep:lem="?"
             ecep:pos="?"
             ecep:reg="?"
             ecep:spe="?">?</pc>
      </l>
      <l xml:id="o5156-l09460">
         <w xml:id="o5156-166120"
            n="85-a-0340"
            ecep:lem="but"
            ecep:pos="p-acp"
            ecep:reg="But"
            ecep:spe="But"
            ecep:syllab="1"
            ecep:pron="bʌt">But</w>
         <c> </c>
         <w xml:id="o5156-166130"
            n="85-a-0350"
            ecep:lem="that"
            ecep:pos="d"
            ecep:reg="that"
            ecep:spe="that"
            ecep:syllab="1"
            ecep:pron="ðæt">that</w>
         <c> </c>
         <w xml:id="o5156-166140"
            n="85-a-0360"
            ecep:lem="the"
            ecep:pos="dt"
            ecep:reg="the"
            ecep:spe="the"
            ecep:syllab="1"
            ecep:pron="ðiː">the</w>
         <c> </c>
         <w xml:id="o5156-166150"
            n="85-a-0370"
            ecep:lem="tread"
            ecep:pos="n1"
            ecep:reg="tread"
            ecep:spe="tread"
            ecep:syllab="1"
            ecep:pron="tred">tread</w>
         <c> </c>
         <w xml:id="o5156-166160"
            n="85-a-0380"
            ecep:lem="of"
            ecep:pos="pp-f"
            ecep:reg="of"
            ecep:spe="of"
            ecep:syllab="1"
            ecep:pron="ɒv">of</w>
         <c> </c>
         <w xml:id="o5156-166170"
            n="85-a-0390"
            ecep:lem="steep"
            ecep:pos="j"
            ecep:reg="steep"
            ecep:spe="steep"
            ecep:syllab="1"
            ecep:pron="stiːp">steep</w>
         <c> </c>
         <w xml:id="o5156-166180"
            n="85-a-0400"
            ecep:lem="parnassus"
            ecep:pos="npg1"
            ecep:reg="Parnassus'"
            ecep:spe="Parnassus'"
            ecep:syllab="3"
            ecep:pron="pɑːnæsəs">Parnassus'</w>
         <c> </c>
         <w xml:id="o5156-166200"
            n="85-a-0420"
            ecep:lem="hill"
            ecep:pos="n1"
            ecep:reg="hill"
            ecep:spe="hill"
            ecep:syllab="1"
            ecep:pron="hɪl">hill</w>
         <pc xml:id="o5156-166210"
             n="85-a-0430"
             ecep:lem=","
             ecep:pos=","
             ecep:reg=","
             ecep:spe=",">,</pc>
      </l>
      <l xml:id="o5156-l09465">
         <w xml:id="o5156-166220"
            n="85-a-0440"
            ecep:lem="that"
            ecep:pos="cst"
            ecep:reg="That"
            ecep:spe="That"
            ecep:syllab="1"
            ecep:pron="ðæt">That</w>
         <c> </c>
         <w xml:id="o5156-166230"
            n="85-a-0450"
            ecep:lem="undiscovered"
            ecep:pos="j"
            ecep:reg="undiscovered"
            ecep:spe="undiscover'd"
            ecep:syllab="4"
            ecep:pron="ˌʌndɪˈskʌvəd">undiscover'd</w>
         <c> </c>
         <w xml:id="o5156-166240"
            n="85-a-0460"
            ecep:lem="country"
            ecep:pos="n1"
            ecep:reg="country"
            ecep:spe="country"
            ecep:syllab="2"
            ecep:pron="ˈkʌntri">country</w>
         <pc xml:id="o5156-166250"
             n="85-a-0470"
             ecep:lem=","
             ecep:pos=","
             ecep:reg=","
             ecep:spe=",">,</pc>
         <c> </c>
         <w xml:id="o5156-166260"
            n="85-a-0480"
            ecep:lem="with"
            ecep:pos="p-acp"
            ecep:reg="with"
            ecep:spe="with"
            ecep:syllab="1"
            ecep:pron="wɪð">with</w>
         <c> </c>
         <w xml:id="o5156-166270"
            n="85-a-0490"
            ecep:lem="who"
            ecep:pos="r-crq"
            ecep:reg="whose"
            ecep:spe="whose"
            ecep:syllab="1"
            ecep:pron="huːz">whose</w>
         <c> </c>
         <w xml:id="o5156-166280"
            n="85-a-0500"
            ecep:lem="bay"
            ecep:pos="n2"
            ecep:reg="bays"
            ecep:spe="bays"
            ecep:syllab="1"
            ecep:pron="beɪz">bays</w>
      </l>
      <l xml:id="o5156-l09470">
         <w xml:id="o5156-166290"
            n="85-a-0510"
            ecep:lem="few"
            ecep:pos="d"
            ecep:reg="Few"
            ecep:spe="Few"
            ecep:syllab="1"
            ecep:pron="fjuː">Few</w>
         <c> </c>
         <w xml:id="o5156-166300"
            n="85-a-0520"
            ecep:lem="traveller"
            ecep:pos="n2"
            ecep:reg="travellers"
            ecep:spe="travellers"
            ecep:syllab="3"
            ecep:pron="ˈtrævləz">travellers</w>
         <c> </c>
         <w xml:id="o5156-166310"
            n="85-a-0530"
            ecep:lem="return"
            ecep:pos="vvi"
            ecep:reg="return"
            ecep:spe="return"
            ecep:syllab="2"
            ecep:pron="riˈtɜːn">return</w>
         <pc xml:id="o5156-166320"
             n="85-a-0540"
             ecep:lem=","
             ecep:pos=","
             ecep:reg=","
             ecep:spe=",">,</pc>
         <c> </c>
         <w xml:id="o5156-166330"
            n="85-a-0550"
            ecep:lem="puzzle"
            ecep:pos="n2"
            ecep:reg="puzzles"
            ecep:spe="puzzles"
            ecep:syllab="2"
            ecep:pron="ˈpʌzlz">puzzles</w>
         <c> </c>
         <w xml:id="o5156-166340"
            n="85-a-0560"
            ecep:lem="the"
            ecep:pos="dt"
            ecep:reg="the"
            ecep:spe="the"
            ecep:syllab="1"
            ecep:pron="ðiː">the</w>
         <c> </c>
         <w xml:id="o5156-166350"
            n="85-a-0570"
            ecep:lem="will"
            ecep:pos="n1"
            ecep:reg="will"
            ecep:spe="will"
            ecep:syllab="1"
            ecep:pron="wɪl">will</w>
         <pc xml:id="o5156-166360"
             n="85-a-0580"
             ecep:lem=","
             ecep:pos=","
             ecep:reg=","
             ecep:spe=",">,</pc>
      </l>
      <l xml:id="o5156-l09475">
         <w xml:id="o5156-166370"
            n="85-a-0590"
            ecep:lem="and"
            ecep:pos="cc"
            ecep:reg="And"
            ecep:spe="And"
            ecep:syllab="1"
            ecep:pron="ænd">And</w>
         <c> </c>
         <w xml:id="o5156-166380"
            n="85-a-0600"
            ecep:lem="make"
            ecep:pos="vvz"
            ecep:reg="makes"
            ecep:spe="makes"
            ecep:syllab="1"
            ecep:pron="meɪks">makes</w>
         <c> </c>
         <w xml:id="o5156-166390"
            n="85-a-0610"
            ecep:lem="we"
            ecep:pos="pno12"
            ecep:reg="us"
            ecep:spe="us"
            ecep:syllab="1"
            ecep:pron="ʌs">us</w>
         <c> </c>
         <w xml:id="o5156-166400"
            n="85-a-0620"
            ecep:lem="rather"
            ecep:pos="av-c"
            ecep:reg="rather"
            ecep:spe="rather"
            ecep:syllab="2"
            ecep:pron="ˈrɑːðə">rather</w>
         <c> </c>
         <w xml:id="o5156-166410"
            n="85-a-0630"
            ecep:lem="bear"
            ecep:pos="vvi"
            ecep:reg="bear"
            ecep:spe="bear"
            ecep:syllab="1"
            ecep:pron="beə">bear</w>
         <c> </c>
         <w xml:id="o5156-166420"
            n="85-a-0640"
            ecep:lem="to"
            ecep:pos="pc-acp"
            ecep:reg="to"
            ecep:spe="to"
            ecep:syllab="1"
            ecep:pron="tuː">to</w>
         <c> </c>
         <w xml:id="o5156-166430"
            n="85-a-0650"
            ecep:lem="live"
            ecep:pos="vvi"
            ecep:reg="live"
            ecep:spe="live"
            ecep:syllab="1"
            ecep:pron="lɪv">live</w>
         <c> </c>
         <w xml:id="o5156-166440"
            n="85-a-0660"
            ecep:lem="unknown"
            ecep:pos="j"
            ecep:reg="unknown"
            ecep:spe="unknown"
            ecep:syllab="2"
            ecep:pron="ˌʌnˈnəʊn">unknown</w>
         <pc xml:id="o5156-166450"
             n="85-a-0670"
             ecep:lem=","
             ecep:pos=","
             ecep:reg=","
             ecep:spe=",">,</pc>
      </l>
      <l xml:id="o5156-l09480">
         <w xml:id="o5156-166460"
            n="85-a-0680"
            ecep:lem="than"
            ecep:pos="cs"
            ecep:reg="Than"
            ecep:spe="Than"
            ecep:syllab="1"
            ecep:pron="ðæn">Than</w>
         <c> </c>
         <w xml:id="o5156-166470"
            n="85-a-0690"
            ecep:lem="run"
            ecep:pos="vvi"
            ecep:reg="run"
            ecep:spe="run"
            ecep:syllab="1"
            ecep:pron="rʌn">run</w>
         <c> </c>
         <w xml:id="o5156-166480"
            n="85-a-0700"
            ecep:lem="the"
            ecep:pos="dt"
            ecep:reg="the"
            ecep:spe="the"
            ecep:syllab="1"
            ecep:pron="ðiː">the</w>
         <c> </c>
         <w xml:id="o5156-166490"
            n="85-a-0710"
            ecep:lem="hazard"
            ecep:pos="n1"
            ecep:reg="hazard"
            ecep:spe="hazard"
            ecep:syllab="2"
            ecep:pron="ˈhæzəd">hazard</w>
         <c> </c>
         <w xml:id="o5156-166500"
            n="85-a-0720"
            ecep:lem="to"
            ecep:pos="pc-acp"
            ecep:reg="to"
            ecep:spe="to"
            ecep:syllab="1"
            ecep:pron="tuː">to</w>
         <c> </c>
         <w xml:id="o5156-166510"
            n="85-a-0730"
            ecep:lem="be"
            ecep:pos="vbi"
            ecep:reg="be"
            ecep:spe="be"
            ecep:syllab="1"
            ecep:pron="biː">be</w>
         <c> </c>
         <w xml:id="o5156-166520"
            n="85-a-0740"
            ecep:lem="know"
            ecep:pos="vvn"
            ecep:reg="known"
            ecep:spe="known"
            ecep:syllab="1"
            ecep:pron="nəʊn">known</w>
         <pc xml:id="o5156-166530"
             n="85-a-0750"
             ecep:lem=","
             ecep:pos=","
             ecep:reg=","
             ecep:spe=",">,</pc>
         <c> </c>
         <w xml:id="o5156-166540"
            n="85-a-0760"
            ecep:lem="and"
            ecep:pos="cc"
            ecep:reg="and"
            ecep:spe="and"
            ecep:syllab="1"
            ecep:pron="ænd">and</w>
         <c> </c>
         <w xml:id="o5156-166550"
            n="85-a-0770"
            ecep:lem="damn"
            ecep:pos="vvn"
            ecep:reg="damned"
            ecep:spe="damn'd"
            ecep:syllab="1"
            ecep:pron="dæmd">damn'd</w>
         <pc xml:id="o5156-166560"
             n="85-a-0780"
             unit="sentence"
             ecep:lem="."
             ecep:pos="."
             ecep:reg="."
             ecep:spe=".">.</pc>
      </l>
      <l xml:id="o5156-l09485">
         <w xml:id="o5156-166570"
            n="85-a-0790"
            ecep:lem="thus"
            ecep:pos="av"
            ecep:reg="Thus"
            ecep:spe="Thus"
            ecep:syllab="1"
            ecep:pron="ðʌs">Thus</w>
         <c> </c>
         <w xml:id="o5156-166580"
            n="85-a-0800"
            ecep:lem="critic"
            ecep:pos="n2"
            ecep:reg="critics"
            ecep:spe="critics"
            ecep:syllab="2"
            ecep:pron="ˈkrɪtɪks">critics</w>
         <c> </c>
         <w xml:id="o5156-166590"
            n="85-a-0810"
            ecep:lem="do"
            ecep:pos="vdb"
            ecep:reg="do"
            ecep:spe="do"
            ecep:syllab="1"
            ecep:pron="duː">do</w>
         <c> </c>
         <w xml:id="o5156-166600"
            n="85-a-0820"
            ecep:lem="make"
            ecep:pos="vvi"
            ecep:reg="make"
            ecep:spe="make"
            ecep:syllab="1"
            ecep:pron="meɪk">make</w>
         <c> </c>
         <w xml:id="o5156-166610"
            n="85-a-0830"
            ecep:lem="coward"
            ecep:pos="n2"
            ecep:reg="cowards"
            ecep:spe="cowards"
            ecep:syllab="2"
            ecep:pron="ˈkaʊədz">cowards</w>
         <c> </c>
         <w xml:id="o5156-166620"
            n="85-a-0840"
            ecep:lem="of"
            ecep:pos="pp-f"
            ecep:reg="of"
            ecep:spe="of"
            ecep:syllab="1"
            ecep:pron="ɒv">of</w>
         <c> </c>
         <w xml:id="o5156-166630"
            n="85-a-0850"
            ecep:lem="we"
            ecep:pos="pno12"
            ecep:reg="us"
            ecep:spe="us"
            ecep:syllab="1"
            ecep:pron="ʌs">us</w>
         <c> </c>
         <w xml:id="o5156-166640"
            n="85-a-0860"
            ecep:lem="all"
            ecep:pos="d"
            ecep:reg="all"
            ecep:spe="all"
            ecep:syllab="1"
            ecep:pron="ɔːl">all</w>
         <pc xml:id="o5156-166650"
             n="85-a-0870"
             unit="sentence"
             ecep:lem="."
             ecep:pos="."
             ecep:reg="."
             ecep:spe=".">.</pc>
      </l>
      <l xml:id="o5156-l09490">
         <w xml:id="o5156-166660"
            n="85-a-0880"
            ecep:lem="and"
            ecep:pos="cc"
            ecep:reg="And"
            ecep:spe="And"
            ecep:syllab="1"
            ecep:pron="ænd">And</w>
         <c> </c>
         <w xml:id="o5156-166670"
            n="85-a-0890"
            ecep:lem="thus"
            ecep:pos="av"
            ecep:reg="thus"
            ecep:spe="thus"
            ecep:syllab="1"
            ecep:pron="ðʌs">thus</w>
         <c> </c>
         <w xml:id="o5156-166680"
            n="85-a-0900"
            ecep:lem="the"
            ecep:pos="dt"
            ecep:reg="the"
            ecep:spe="the"
            ecep:syllab="1"
            ecep:pron="ðiː">the</w>
         <c> </c>
         <w xml:id="o5156-166690"
            n="85-a-0910"
            ecep:lem="healthful"
            ecep:pos="j"
            ecep:reg="healthful"
            ecep:spe="healthful"
            ecep:syllab="2"
            ecep:pron="ˈhelθfl">healthful</w>
         <c> </c>
         <w xml:id="o5156-166700"
            n="85-a-0920"
            ecep:lem="face"
            ecep:pos="n1"
            ecep:reg="face"
            ecep:spe="face"
            ecep:syllab="1"
            ecep:pron="feɪs">face</w>
         <c> </c>
         <w xml:id="o5156-166710"
            n="85-a-0930"
            ecep:lem="of"
            ecep:pos="pp-f"
            ecep:reg="of"
            ecep:spe="of"
            ecep:syllab="1"
            ecep:pron="ɒv">of</w>
         <c> </c>
         <w xml:id="o5156-166720"
            n="85-a-0940"
            ecep:lem="many"
            ecep:pos="d"
            ecep:reg="many"
            ecep:spe="many"
            ecep:syllab="1"
            ecep:pron="ˈmeni">many</w>
         <c> </c>
         <w xml:id="o5156-166730"
            n="85-a-0950"
            ecep:lem="a"
            ecep:pos="dt"
            ecep:reg="a"
            ecep:spe="a"
            ecep:syllab="1"
            ecep:pron="ə">a</w>
         <c> </c>
         <w xml:id="o5156-166740"
            n="85-a-0960"
            ecep:lem="poem"
            ecep:pos="n1"
            ecep:reg="poem"
            ecep:spe="poem"
            ecep:syllab="2"
            ecep:pron="ˈpəʊɪm">poem</w>
      </l>
      <l xml:id="o5156-l09495">
         <w xml:id="o5156-166750"
            n="85-a-0970"
            ecep:lem="be"
            ecep:pos="vbz"
            ecep:reg="Is"
            ecep:spe="Is"
            ecep:syllab="1"
            ecep:pron="ɪz">Is</w>
         <c> </c>
         <w xml:id="o5156-166760"
            n="85-a-0980"
            ecep:lem="sickly"
            ecep:pos="vvn"
            ecep:reg="sicklied"
            ecep:spe="sickly'd"
            ecep:syllab="2"
            ecep:pron="sˈɪklid">sickly'd</w>
         <c> </c>
         <w xml:id="o5156-166770"
            n="85-a-0990"
            ecep:lem="over"
            ecep:pos="a-acp"
            ecep:reg="over"
            ecep:spe="o'er"
            ecep:syllab="1"
            ecep:pron="ˈɔːə">o'er</w>
         <c> </c>
         <w xml:id="o5156-166780"
            n="85-a-1000"
            ecep:lem="with"
            ecep:pos="p-acp"
            ecep:reg="with"
            ecep:spe="with"
            ecep:syllab="1"
            ecep:pron="wɪð">with</w>
         <c> </c>
         <w xml:id="o5156-166790"
            n="85-a-1010"
            ecep:lem="a"
            ecep:pos="dt"
            ecep:reg="a"
            ecep:spe="a"
            ecep:syllab="1"
            ecep:pron="ə">a</w>
         <c> </c>
         <w xml:id="o5156-166800"
            n="85-a-1020"
            ecep:lem="pale"
            ecep:pos="j"
            ecep:reg="pale"
            ecep:spe="pale"
            ecep:syllab="1"
            ecep:pron="peɪl">pale</w>
         <c> </c>
         <w xml:id="o5156-166810"
            n="85-a-1030"
            ecep:lem="manuscript"
            ecep:pos="n1"
            ecep:reg="manuscript"
            ecep:spe="manuscript"
            ecep:syllab="3"
            ecep:pron="ˈmænjuskrɪpt">manuscript</w>
         <pc xml:id="o5156-166820"
             n="85-a-1040"
             ecep:lem=";"
             ecep:pos=";"
             ecep:reg=";"
             ecep:spe=";">;</pc>
      </l>
      <l xml:id="o5156-l09500">
         <w xml:id="o5156-166830"
            n="85-a-1050"
            ecep:lem="and"
            ecep:pos="cc"
            ecep:reg="And"
            ecep:spe="And"
            ecep:syllab="1"
            ecep:pron="ænd">And</w>
         <c> </c>
         <w xml:id="o5156-166840"
            n="85-a-1060"
            ecep:lem="enterprizer"
            ecep:pos="n2"
            ecep:reg="enterprizers"
            ecep:spe="enterprizers"
            ecep:syllab="4"
            ecep:pron="ˈentəprˌaɪzəz">enterprizers</w>
         <c> </c>
         <w xml:id="o5156-166850"
            n="85-a-1070"
            ecep:lem="of"
            ecep:pos="pp-f"
            ecep:reg="of"
            ecep:spe="of"
            ecep:syllab="1"
            ecep:pron="ɒv">of</w>
         <c> </c>
         <w xml:id="o5156-166860"
            n="85-a-1080"
            ecep:lem="great"
            ecep:pos="j"
            ecep:reg="great"
            ecep:spe="great"
            ecep:syllab="1"
            ecep:pron="greɪt">great</w>
         <c> </c>
         <w xml:id="o5156-166870"
            n="85-a-1090"
            ecep:lem="fire"
            ecep:pos="n1"
            ecep:reg="fire"
            ecep:spe="fire"
            ecep:syllab="1"
            ecep:pron="ˈfaɪə">fire</w>
         <c> </c>
         <w xml:id="o5156-166880"
            n="85-a-1100"
            ecep:lem="and"
            ecep:pos="cc"
            ecep:reg="and"
            ecep:spe="and"
            ecep:syllab="1"
            ecep:pron="ænd">and</w>
         <c> </c>
         <w xml:id="o5156-166890"
            n="85-a-1110"
            ecep:lem="spirit"
            ecep:pos="n1"
            ecep:reg="spirit"
            ecep:spe="spirit"
            ecep:syllab="2"
            ecep:pron="ˈspɪrɪt">spirit</w>
         <pc xml:id="o5156-166900"
             n="85-a-1120"
             ecep:lem=","
             ecep:pos=","
             ecep:reg=","
             ecep:spe=",">,</pc>
      </l>
      <l xml:id="o5156-l09505">
         <w xml:id="o5156-166910"
            n="85-a-1130"
            ecep:lem="with"
            ecep:pos="p-acp"
            ecep:reg="With"
            ecep:spe="With"
            ecep:syllab="1"
            ecep:pron="wɪð">With</w>
         <c> </c>
         <w xml:id="o5156-166920"
            n="85-a-1140"
            ecep:lem="this"
            ecep:pos="d"
            ecep:reg="this"
            ecep:spe="this"
            ecep:syllab="1"
            ecep:pron="ðɪs">this</w>
         <c> </c>
         <w xml:id="o5156-166930"
            n="85-a-1150"
            ecep:lem="regard"
            ecep:pos="n1"
            ecep:reg="regard"
            ecep:spe="regard"
            ecep:syllab="2"
            ecep:pron="riˈgɑːd">regard</w>
         <c> </c>
         <w xml:id="o5156-166940"
            n="85-a-1160"
            ecep:lem="from"
            ecep:pos="p-acp"
            ecep:reg="from"
            ecep:spe="from"
            ecep:syllab="1"
            ecep:pron="frɒm">from</w>
         <c> </c>
         <w xml:id="o5156-166950"
            n="85-a-1170"
            ecep:lem="Dodsley"
            ecep:pos="np1"
            ecep:reg="DODSLEY"
            ecep:spe="DODSLEY"
            ecep:syllab="2"
            ecep:pron="dˈɒdslɪ">DODSLEY</w>
         <c> </c>
         <w xml:id="o5156-166960"
            n="85-a-1180"
            ecep:lem="turn"
            ecep:pos="vvi"
            ecep:reg="turn"
            ecep:spe="turn"
            ecep:syllab="1"
            ecep:pron="tɜːn">turn</w>
         <c> </c>
         <w xml:id="o5156-166970"
            n="85-a-1190"
            ecep:lem="away"
            ecep:pos="av"
            ecep:reg="away"
            ecep:spe="away"
            ecep:syllab="2"
            ecep:pron="əˈweɪ">away</w>
         <pc xml:id="o5156-166980"
             n="85-a-1200"
             ecep:lem=","
             ecep:pos=","
             ecep:reg=","
             ecep:spe=",">,</pc>
      </l>
      <l xml:id="o5156-l09510"
         ana="#trimeter"
         ecep:syllab="7"
         real="-+|-+|-+|-/">
         <w xml:id="o5156-166990"
            n="85-a-1210"
            ecep:lem="and"
            ecep:pos="cc"
            ecep:reg="And"
            ecep:spe="And"
            ecep:syllab="1"
            ecep:pron="ænd">And</w>
         <c> </c>
         <w xml:id="o5156-167000"
            n="85-a-1220"
            ecep:lem="lose"
            ecep:pos="vvi"
            ecep:reg="lose"
            ecep:spe="lose"
            ecep:syllab="1"
            ecep:pron="luːz">lose</w>
         <c> </c>
         <w xml:id="o5156-167010"
            n="85-a-1230"
            ecep:lem="the"
            ecep:pos="dt"
            ecep:reg="the"
            ecep:spe="the"
            ecep:syllab="1"
            ecep:pron="ðiː">the</w>
         <c> </c>
         <w xml:id="o5156-167020"
            n="85-a-1240"
            ecep:lem="name"
            ecep:pos="n1"
            ecep:reg="name"
            ecep:spe="name"
            ecep:syllab="1"
            ecep:pron="neɪm">name</w>
         <c> </c>
         <w xml:id="o5156-167030"
            n="85-a-1250"
            ecep:lem="of"
            ecep:pos="pp-f"
            ecep:reg="of"
            ecep:spe="of"
            ecep:syllab="1"
            ecep:pron="ɒv">of</w>
         <c> </c>
         <w xml:id="o5156-167040"
            n="85-a-1260"
            ecep:lem="author"
            ecep:pos="n2"
            ecep:reg="Authors"
            ecep:spe="Authors"
            ecep:syllab="2"
            ecep:pron="ˈɔːθəz">Authors</w>
         <pc xml:id="o5156-167050"
             n="85-a-1270"
             unit="sentence"
             ecep:lem="."
             ecep:pos="."
             ecep:reg="."
             ecep:spe=".">.</pc>
      </l>
   </lg>
</div>
