<?xml version="1.0" encoding="utf-8"?>
<!DOCTYPE div
  SYSTEM "about:legacy-compat">
<div xmlns:tei="http://www.tei-c.org/ns/1.0"
     xmlns="http://www.tei-c.org/ns/1.0"
     xmlns:ecep="http://www.eighteenthcenturypoetry.org/ns"
     ana="#iamb #tetrameter #catalexis #ballad #quatrain #cross #song"
     corresp="#txt_WhitWi1715_w0008"
     ecep:syllab="8.7.8.7"
     met="-+|-+|-+|-+/     -+|-+|-+|-/     -+|-+|-+|-+/     -+|-+|-+|-/"
     rendition="#lgvspace"
     rhyme="abab"
     subtype="eceptext"
     type="song"
     xml:id="o5153-w0550"
     decls="#semi-normalized">
   <link target="authors.xml#aut_WhitWi1715" type="author"/>
   <link target="22459" type="DMI"/>
   <head type="main">
      <w xml:id="o5153-579490"
         n="266-a-0620"
         ecep:lem="the"
         ecep:pos="dt"
         ecep:reg="The"
         ecep:spe="The"
         ecep:syllab="1"
         ecep:pron="ðiː">The</w>
      <c> </c>
      <hi>
         <w xml:id="o5153-579500"
            n="266-a-0630"
            ecep:lem="je"
            ecep:pos="fw-fr"
            ecep:reg="Je"
            ecep:spe="Je"
            ecep:syllab="1"
            ecep:pron="dʒˈiː">Je</w>
         <c> </c>
         <w xml:id="o5153-579510"
            n="266-a-0640"
            ecep:lem="ne"
            ecep:pos="fw-fr"
            ecep:reg="ne"
            ecep:spe="ne"
            ecep:syllab="1"
            ecep:pron="neɪ">ne</w>
         <c> </c>
         <w xml:id="o5153-579520"
            n="266-a-0650"
            ecep:lem="scai"
            ecep:pos="fw-fr"
            ecep:reg="scai"
            ecep:spe="scai"
            ecep:syllab="1"
            ecep:pron="skˈaɪ">scai</w>
         <c> </c>
         <w xml:id="o5153-579530"
            n="266-a-0660"
            ecep:lem="quoi"
            ecep:pos="fw-fr"
            ecep:reg="Quoi"
            ecep:spe="Quoi"
            ecep:syllab="2"
            ecep:pron="ˈkwɑː">Quoi</w>
         <pc xml:id="o5153-579540"
             n="266-a-0670"
             unit="sentence"
             ecep:lem="."
             ecep:pos="."
             ecep:reg="."
             ecep:spe=".">.</pc>
         <c> </c>
      </hi>
   </head>
   <head type="sub">
      <w xml:id="o5153-579570"
         n="266-a-0680"
         ecep:lem="a"
         ecep:pos="dt"
         ecep:reg="A"
         ecep:spe="A"
         ecep:syllab="1"
         ecep:pron="ə">A</w>
      <c> </c>
      <w xml:id="o5153-579580"
         n="266-a-0690"
         ecep:lem="song"
         ecep:pos="n1"
         ecep:reg="SONG"
         ecep:spe="SONG"
         ecep:syllab="1"
         ecep:pron="sɒŋ">SONG</w>
      <pc xml:id="o5153-579590"
          n="266-a-0700"
          unit="sentence"
          ecep:lem="."
          ecep:pos="."
          ecep:reg="."
          ecep:spe=".">.</pc>
   </head>
   <byline>
      <w xml:id="o5153-579620"
         n="266-a-0710"
         ecep:lem="by"
         ecep:pos="p-acp"
         ecep:reg="By"
         ecep:spe="By"
         ecep:syllab="1"
         ecep:pron="baɪ">By</w>
      <c> </c>
      <w xml:id="o5153-579630"
         n="266-a-0720"
         ecep:lem="the"
         ecep:pos="dt"
         ecep:reg="the"
         ecep:spe="the"
         ecep:syllab="1"
         ecep:pron="ðiː">the</w>
      <c> </c>
      <w xml:id="o5153-579640"
         n="266-a-0730"
         ecep:lem="same"
         ecep:pos="d"
         ecep:reg="Same"
         ecep:spe="Same"
         ecep:syllab="1"
         ecep:pron="seɪm">Same</w>
      <pc xml:id="o5153-579650"
          n="266-a-0740"
          unit="sentence"
          ecep:lem="."
          ecep:pos="."
          ecep:reg="."
          ecep:spe=".">.</pc>
   </byline>
   <lg n="1" xml:id="o5153-s02965">
      <head>
         <w xml:id="o5153-579690"
            n="266-a-0750"
            ecep:lem="i"
            ecep:pos="pns11"
            ecep:reg="I"
            ecep:spe="I."
            ecep:syllab="1"
            ecep:pron="ˈaɪ">I.</w>
         <pc unit="sentence" xml:id="o5153-579690-eos" n="266-a-0760"/>
      </head>
      <l xml:id="o5153-l30695">
         <w xml:id="o5153-579710"
            n="266-a-0770"
            ecep:lem="yes"
            ecep:pos="uh"
            ecep:reg="YES"
            ecep:spe="YES"
            ecep:syllab="1"
            ecep:pron="yes">YES</w>
         <pc xml:id="o5153-579720"
             n="266-a-0780"
             ecep:lem=","
             ecep:pos=","
             ecep:reg=","
             ecep:spe=",">,</pc>
         <c> </c>
         <w xml:id="o5153-579730"
            n="266-a-0790"
            ecep:lem="i|be"
            ecep:pos="pns11|vbm"
            ecep:reg="I'm"
            ecep:spe="I'm"
            ecep:syllab="1"
            ecep:pron="ˈaɪm">I'm</w>
         <c> </c>
         <w xml:id="o5153-579740"
            n="266-a-0800"
            ecep:lem="in"
            ecep:pos="p-acp"
            ecep:reg="in"
            ecep:spe="in"
            ecep:syllab="1"
            ecep:pron="ɪn">in</w>
         <c> </c>
         <w xml:id="o5153-579750"
            n="266-a-0810"
            ecep:lem="love"
            ecep:pos="n1"
            ecep:reg="love"
            ecep:spe="love"
            ecep:syllab="1"
            ecep:pron="lʌv">love</w>
         <pc xml:id="o5153-579760"
             n="266-a-0820"
             ecep:lem=","
             ecep:pos=","
             ecep:reg=","
             ecep:spe=",">,</pc>
         <c> </c>
         <w xml:id="o5153-579770"
            n="266-a-0830"
            ecep:lem="i"
            ecep:pos="pns11"
            ecep:reg="I"
            ecep:spe="I"
            ecep:syllab="1"
            ecep:pron="aɪ">I</w>
         <c> </c>
         <w xml:id="o5153-579780"
            n="266-a-0840"
            ecep:lem="feel"
            ecep:pos="vvb"
            ecep:reg="feel"
            ecep:spe="feel"
            ecep:syllab="1"
            ecep:pron="fiːl">feel</w>
         <c> </c>
         <w xml:id="o5153-579790"
            n="266-a-0850"
            ecep:lem="it"
            ecep:pos="pn31"
            ecep:reg="it"
            ecep:spe="it"
            ecep:syllab="1"
            ecep:pron="ɪt">it</w>
         <c> </c>
         <w xml:id="o5153-579800"
            n="266-a-0860"
            ecep:lem="now"
            ecep:pos="av"
            ecep:reg="now"
            ecep:spe="now"
            ecep:syllab="1"
            ecep:pron="naʊ">now</w>
         <pc xml:id="o5153-579810"
             n="266-a-0870"
             ecep:lem=","
             ecep:pos=","
             ecep:reg=","
             ecep:spe=",">,</pc>
      </l>
      <l xml:id="o5153-l30700">
         <w xml:id="o5153-579820"
            n="266-a-0880"
            ecep:lem="and"
            ecep:pos="cc"
            ecep:reg="And"
            ecep:spe="And"
            ecep:syllab="1"
            ecep:pron="ænd">And</w>
         <c> </c>
         <w xml:id="o5153-579830"
            n="266-a-0890"
            ecep:lem="Caelia"
            ecep:pos="np1"
            ecep:reg="CAELIA"
            ecep:spe="CAELIA"
            ecep:syllab="3"
            ecep:pron="kˈeɪliə">CAELIA</w>
         <c> </c>
         <w xml:id="o5153-579840"
            n="266-a-0900"
            ecep:lem="have"
            ecep:pos="vhz"
            ecep:reg="has"
            ecep:spe="has"
            ecep:syllab="1"
            ecep:pron="hæz">has</w>
         <c> </c>
         <w xml:id="o5153-579850"
            n="266-a-0910"
            ecep:lem="undo"
            ecep:pos="vvn"
            ecep:reg="undone"
            ecep:spe="undone"
            ecep:syllab="2"
            ecep:pron="ˌʌnˈdʌn">undone</w>
         <c> </c>
         <w xml:id="o5153-579860"
            n="266-a-0920"
            ecep:lem="i"
            ecep:pos="pno11"
            ecep:reg="me"
            ecep:spe="me"
            ecep:syllab="1"
            ecep:pron="miː">me</w>
         <pc xml:id="o5153-579870"
             n="266-a-0930"
             ecep:lem=";"
             ecep:pos=";"
             ecep:reg=";"
             ecep:spe=";">;</pc>
      </l>
      <l xml:id="o5153-l30705">
         <w xml:id="o5153-579880"
            n="266-a-0940"
            ecep:lem="and"
            ecep:pos="cc"
            ecep:reg="And"
            ecep:spe="And"
            ecep:syllab="1"
            ecep:pron="ænd">And</w>
         <c> </c>
         <w xml:id="o5153-579890"
            n="266-a-0950"
            ecep:lem="yet"
            ecep:pos="av"
            ecep:reg="yet"
            ecep:spe="yet"
            ecep:syllab="1"
            ecep:pron="jet">yet</w>
         <c> </c>
         <w xml:id="o5153-579900"
            n="266-a-0960"
            ecep:lem="i|will"
            ecep:pos="pns11|vmb"
            ecep:reg="I'll"
            ecep:spe="I'll"
            ecep:syllab="1"
            ecep:pron="ˈaɪl">I'll</w>
         <c> </c>
         <w xml:id="o5153-579910"
            n="266-a-0970"
            ecep:lem="swear"
            ecep:pos="vvi"
            ecep:reg="swear"
            ecep:spe="swear"
            ecep:syllab="1"
            ecep:pron="sweə">swear</w>
         <c> </c>
         <w xml:id="o5153-579920"
            n="266-a-0980"
            ecep:lem="i"
            ecep:pos="pns11"
            ecep:reg="I"
            ecep:spe="I"
            ecep:syllab="1"
            ecep:pron="aɪ">I</w>
         <c> </c>
         <w xml:id="o5153-579930"
            n="266-a-0990"
            ecep:lem="can"
            ecep:pos="vmbx"
            ecep:reg="can't"
            ecep:spe="can't"
            ecep:syllab="1"
            ecep:pron="kɑːnt">can't</w>
         <c> </c>
         <w xml:id="o5153-579940"
            n="266-a-1000"
            ecep:lem="tell"
            ecep:pos="vvi"
            ecep:reg="tell"
            ecep:spe="tell"
            ecep:syllab="1"
            ecep:pron="tel">tell</w>
         <c> </c>
         <w xml:id="o5153-579950"
            n="266-a-1010"
            ecep:lem="how"
            ecep:pos="c-crq"
            ecep:reg="how"
            ecep:spe="how"
            ecep:syllab="1"
            ecep:pron="haʊ">how</w>
      </l>
      <l xml:id="o5153-l30710">
         <w xml:id="o5153-579960"
            n="266-a-1020"
            ecep:lem="the"
            ecep:pos="dt"
            ecep:reg="The"
            ecep:spe="The"
            ecep:syllab="1"
            ecep:pron="ðiː">The</w>
         <c> </c>
         <w xml:id="o5153-579970"
            n="266-a-1030"
            ecep:lem="please"
            ecep:pos="j-vvg"
            ecep:reg="pleasing"
            ecep:spe="pleasing"
            ecep:syllab="2"
            ecep:pron="ˈpliːzɪŋ">pleasing</w>
         <c> </c>
         <w xml:id="o5153-579980"
            n="266-a-1040"
            ecep:lem="plague"
            ecep:pos="n1"
            ecep:reg="plague"
            ecep:spe="plague"
            ecep:syllab="1"
            ecep:pron="pleɪg">plague</w>
         <c> </c>
         <w xml:id="o5153-579990"
            n="266-a-1050"
            ecep:lem="steal"
            ecep:pos="vvd"
            ecep:reg="stole"
            ecep:spe="stole"
            ecep:syllab="1"
            ecep:pron="stəʊl">stole</w>
         <c> </c>
         <w xml:id="o5153-580000"
            n="266-a-1060"
            ecep:lem="on"
            ecep:pos="p-acp"
            ecep:reg="on"
            ecep:spe="on"
            ecep:syllab="1"
            ecep:pron="ɒn">on</w>
         <c> </c>
         <w xml:id="o5153-580010"
            n="266-a-1070"
            ecep:lem="i"
            ecep:pos="pno11"
            ecep:reg="me"
            ecep:spe="me"
            ecep:syllab="1"
            ecep:pron="miː">me</w>
         <pc xml:id="o5153-580020"
             n="266-a-1080"
             unit="sentence"
             ecep:lem="."
             ecep:pos="."
             ecep:reg="."
             ecep:spe=".">.</pc>
      </l>
   </lg>
   <lg n="2" xml:id="o5153-s02970">
      <head>
         <w xml:id="o5153-580060"
            n="266-a-1090"
            ecep:lem="ii"
            ecep:pos="crd"
            ecep:reg="II"
            ecep:spe="II"
            ecep:syllab="1"
            ecep:pron="rˌəʊməntˈuː">II</w>
         <pc xml:id="o5153-580070"
             n="266-a-1100"
             unit="sentence"
             ecep:lem="."
             ecep:pos="."
             ecep:reg="."
             ecep:spe=".">.</pc>
      </head>
      <l xml:id="o5153-l30715">
         <w xml:id="o5153-580090"
            n="266-a-1110"
            ecep:lem="it|be"
            ecep:pos="pn31|vbz"
            ecep:reg="It's"
            ecep:spe="'Tis"
            ecep:syllab="1"
            ecep:pron="tɪz">'Tis</w>
         <c> </c>
         <w xml:id="o5153-580100"
            n="266-a-1120"
            ecep:lem="not"
            ecep:pos="xx"
            ecep:reg="not"
            ecep:spe="not"
            ecep:syllab="1"
            ecep:pron="ˈdɪdnt">not</w>
         <c> </c>
         <w xml:id="o5153-580110"
            n="266-a-1130"
            ecep:lem="her"
            ecep:pos="po31"
            ecep:reg="her"
            ecep:spe="her"
            ecep:syllab="1"
            ecep:pron="hɜː">her</w>
         <c> </c>
         <w xml:id="o5153-580120"
            n="266-a-1140"
            ecep:lem="face"
            ecep:pos="n1"
            ecep:reg="face"
            ecep:spe="face"
            ecep:syllab="1"
            ecep:pron="feɪs">face</w>
         <c> </c>
         <w xml:id="o5153-580130"
            n="266-a-1150"
            ecep:lem="which"
            ecep:pos="r-crq"
            ecep:reg="which"
            ecep:spe="which"
            ecep:syllab="1"
            ecep:pron="wɪtʃ">which</w>
         <c> </c>
         <w xml:id="o5153-580140"
            n="266-a-1160"
            ecep:lem="love"
            ecep:pos="n1"
            ecep:reg="love"
            ecep:spe="love"
            ecep:syllab="1"
            ecep:pron="lʌv">love</w>
         <c> </c>
         <w xml:id="o5153-580150"
            n="266-a-1170"
            ecep:lem="create"
            ecep:pos="vvz"
            ecep:reg="creates"
            ecep:spe="creates"
            ecep:syllab="2"
            ecep:pron="kriˈeɪts">creates</w>
         <pc xml:id="o5153-580160"
             n="266-a-1180"
             ecep:lem=","
             ecep:pos=","
             ecep:reg=","
             ecep:spe=",">,</pc>
      </l>
      <l xml:id="o5153-l30720">
         <w xml:id="o5153-580170"
            n="266-a-1190"
            ecep:lem="for"
            ecep:pos="c-acp"
            ecep:reg="For"
            ecep:spe="For"
            ecep:syllab="1"
            ecep:pron="fɔː">For</w>
         <c> </c>
         <w xml:id="o5153-580180"
            n="266-a-1200"
            ecep:lem="there"
            ecep:pos="a-acp"
            ecep:reg="there"
            ecep:spe="there"
            ecep:syllab="1"
            ecep:pron="ðeə">there</w>
         <c> </c>
         <w xml:id="o5153-580190"
            n="266-a-1210"
            ecep:lem="no"
            ecep:pos="dx"
            ecep:reg="no"
            ecep:spe="no"
            ecep:syllab="1"
            ecep:pron="nəʊ">no</w>
         <c> </c>
         <w xml:id="o5153-580200"
            n="266-a-1220"
            ecep:lem="grace"
            ecep:pos="n2"
            ecep:reg="graces"
            ecep:spe="graces"
            ecep:syllab="2"
            ecep:pron="greɪsɪz">graces</w>
         <c> </c>
         <w xml:id="o5153-580210"
            n="266-a-1230"
            ecep:lem="revel"
            ecep:pos="vvi"
            ecep:reg="revel"
            ecep:spe="revel"
            ecep:syllab="2"
            ecep:pron="ˈrevl">revel</w>
         <pc xml:id="o5153-580220"
             n="266-a-1240"
             ecep:lem=";"
             ecep:pos=";"
             ecep:reg=";"
             ecep:spe=";">;</pc>
      </l>
      <l xml:id="o5153-l30725">
         <w xml:id="o5153-580230"
            n="266-a-1250"
            ecep:lem="it|be"
            ecep:pos="pn31|vbz"
            ecep:reg="It's"
            ecep:spe="'Tis"
            ecep:syllab="1"
            ecep:pron="tɪz">'Tis</w>
         <c> </c>
         <w xml:id="o5153-580240"
            n="266-a-1260"
            ecep:lem="not"
            ecep:pos="xx"
            ecep:reg="not"
            ecep:spe="not"
            ecep:syllab="1"
            ecep:pron="ˈdɪdnt">not</w>
         <c> </c>
         <w xml:id="o5153-580250"
            n="266-a-1270"
            ecep:lem="her"
            ecep:pos="po31"
            ecep:reg="her"
            ecep:spe="her"
            ecep:syllab="1"
            ecep:pron="hɜː">her</w>
         <c> </c>
         <w xml:id="o5153-580260"
            n="266-a-1280"
            ecep:lem="shape"
            ecep:pos="n1"
            ecep:reg="shape"
            ecep:spe="shape"
            ecep:syllab="1"
            ecep:pron="ʃeɪp">shape</w>
         <pc xml:id="o5153-580270"
             n="266-a-1290"
             ecep:lem=","
             ecep:pos=","
             ecep:reg=","
             ecep:spe=",">,</pc>
         <c> </c>
         <w xml:id="o5153-580280"
            n="266-a-1300"
            ecep:lem="for"
            ecep:pos="c-acp"
            ecep:reg="for"
            ecep:spe="for"
            ecep:syllab="1"
            ecep:pron="fɔː">for</w>
         <c> </c>
         <w xml:id="o5153-580290"
            n="266-a-1310"
            ecep:lem="there"
            ecep:pos="a-acp"
            ecep:reg="there"
            ecep:spe="there"
            ecep:syllab="1"
            ecep:pron="ðeə">there</w>
         <c> </c>
         <w xml:id="o5153-580300"
            n="266-a-1320"
            ecep:lem="the"
            ecep:pos="dt"
            ecep:reg="the"
            ecep:spe="the"
            ecep:syllab="1"
            ecep:pron="ðiː">the</w>
         <c> </c>
         <w xml:id="o5153-580310"
            n="266-a-1330"
            ecep:lem="fate"
            ecep:pos="n2"
            ecep:reg="fates"
            ecep:spe="fates"
            ecep:syllab="1"
            ecep:pron="feɪts">fates</w>
      </l>
      <l xml:id="o5153-l30730">
         <w xml:id="o5153-580320"
            n="266-a-1340"
            ecep:lem="have"
            ecep:pos="vhb"
            ecep:reg="Have"
            ecep:spe="Have"
            ecep:syllab="1"
            ecep:pron="hæv">Have</w>
         <c> </c>
         <w xml:id="o5153-580330"
            n="266-a-1350"
            ecep:lem="rather"
            ecep:pos="av"
            ecep:reg="rather"
            ecep:spe="rather"
            ecep:syllab="2"
            ecep:pron="ˈrɑːðə">rather</w>
         <c> </c>
         <w xml:id="o5153-580340"
            n="266-a-1360"
            ecep:lem="be"
            ecep:pos="vbn"
            ecep:reg="been"
            ecep:spe="been"
            ecep:syllab="1"
            ecep:pron="biːn">been</w>
         <c> </c>
         <w xml:id="o5153-580350"
            n="266-a-1370"
            ecep:lem="uncivil"
            ecep:pos="j"
            ecep:reg="uncivil"
            ecep:spe="uncivil"
            ecep:syllab="3"
            ecep:pron="ʌnˈsɪvl">uncivil</w>
         <pc xml:id="o5153-580360"
             n="266-a-1380"
             unit="sentence"
             ecep:lem="."
             ecep:pos="."
             ecep:reg="."
             ecep:spe=".">.</pc>
      </l>
   </lg>
   <lg n="3" xml:id="o5153-s02975">
      <head>
         <w xml:id="o5153-580400"
            n="266-a-1390"
            ecep:lem="iii"
            ecep:pos="crd"
            ecep:reg="III"
            ecep:spe="III"
            ecep:syllab="1"
            ecep:pron="rˌəʊmənθrˈiː">III</w>
         <pc xml:id="o5153-580410"
             n="266-a-1400"
             unit="sentence"
             ecep:lem="."
             ecep:pos="."
             ecep:reg="."
             ecep:spe=".">.</pc>
      </head>
      <l xml:id="o5153-l30735">
         <w xml:id="o5153-580430"
            n="266-a-1410"
            ecep:lem="it|be"
            ecep:pos="pn31|vbz"
            ecep:reg="It's"
            ecep:spe="'Tis"
            ecep:syllab="1"
            ecep:pron="tɪz">'Tis</w>
         <c> </c>
         <w xml:id="o5153-580440"
            n="266-a-1420"
            ecep:lem="not"
            ecep:pos="xx"
            ecep:reg="not"
            ecep:spe="not"
            ecep:syllab="1"
            ecep:pron="ˈdɪdnt">not</w>
         <c> </c>
         <w xml:id="o5153-580450"
            n="266-a-1430"
            ecep:lem="her"
            ecep:pos="po31"
            ecep:reg="her"
            ecep:spe="her"
            ecep:syllab="1"
            ecep:pron="hɜː">her</w>
         <c> </c>
         <w xml:id="o5153-580460"
            n="266-a-1440"
            ecep:lem="air"
            ecep:pos="n1"
            ecep:reg="air"
            ecep:spe="air"
            ecep:syllab="1"
            ecep:pron="eə">air</w>
         <pc xml:id="o5153-580470"
             n="266-a-1450"
             ecep:lem=","
             ecep:pos=","
             ecep:reg=","
             ecep:spe=",">,</pc>
         <c> </c>
         <w xml:id="o5153-580480"
            n="266-a-1460"
            ecep:lem="for"
            ecep:pos="p-acp"
            ecep:reg="for"
            ecep:spe="for"
            ecep:syllab="1"
            ecep:pron="fɔː">for</w>
         <c> </c>
         <w xml:id="o5153-580490"
            n="266-a-1470"
            ecep:lem="sure"
            ecep:pos="j"
            ecep:reg="sure"
            ecep:spe="sure"
            ecep:syllab="1"
            ecep:pron="ʃɔː">sure</w>
         <c> </c>
         <w xml:id="o5153-580500"
            n="266-a-1480"
            ecep:lem="in"
            ecep:pos="p-acp"
            ecep:reg="in"
            ecep:spe="in"
            ecep:syllab="1"
            ecep:pron="ɪn">in</w>
         <c> </c>
         <w xml:id="o5153-580510"
            n="266-a-1490"
            ecep:lem="that"
            ecep:pos="cst"
            ecep:reg="that"
            ecep:spe="that"
            ecep:syllab="1"
            ecep:pron="ðæt">that</w>
      </l>
      <l xml:id="o5153-l30740">
         <w xml:id="o5153-580520"
            n="266-a-1500"
            ecep:lem="there|be"
            ecep:pos="pc-acp|vbz"
            ecep:reg="There's"
            ecep:spe="There's"
            ecep:syllab="1"
            ecep:pron="ðeəz">There's</w>
         <c> </c>
         <w xml:id="o5153-580530"
            n="266-a-1510"
            ecep:lem="nothing"
            ecep:pos="pix"
            ecep:reg="nothing"
            ecep:spe="nothing"
            ecep:syllab="2"
            ecep:pron="ˈnʌθɪŋ">nothing</w>
         <c> </c>
         <w xml:id="o5153-580540"
            n="266-a-1520"
            ecep:lem="more"
            ecep:pos="av-dc"
            ecep:reg="more"
            ecep:spe="more"
            ecep:syllab="1"
            ecep:pron="mɔː">more</w>
         <c> </c>
         <w xml:id="o5153-580550"
            n="266-a-1530"
            ecep:lem="than"
            ecep:pos="cs"
            ecep:reg="than"
            ecep:spe="than"
            ecep:syllab="1"
            ecep:pron="ðæn">than</w>
         <c> </c>
         <w xml:id="o5153-580560"
            n="266-a-1540"
            ecep:lem="common"
            ecep:pos="j"
            ecep:reg="common"
            ecep:spe="common"
            ecep:syllab="2"
            ecep:pron="ˈkɒmən">common</w>
         <pc xml:id="o5153-580570"
             n="266-a-1550"
             ecep:lem=";"
             ecep:pos=";"
             ecep:reg=";"
             ecep:spe=";">;</pc>
      </l>
      <l xml:id="o5153-l30745">
         <w xml:id="o5153-580580"
            n="266-a-1560"
            ecep:lem="and"
            ecep:pos="cc"
            ecep:reg="And"
            ecep:spe="And"
            ecep:syllab="1"
            ecep:pron="ænd">And</w>
         <c> </c>
         <w xml:id="o5153-580590"
            n="266-a-1570"
            ecep:lem="all"
            ecep:pos="d"
            ecep:reg="all"
            ecep:spe="all"
            ecep:syllab="1"
            ecep:pron="ɔːl">all</w>
         <c> </c>
         <w xml:id="o5153-580600"
            n="266-a-1580"
            ecep:lem="her"
            ecep:pos="po31"
            ecep:reg="her"
            ecep:spe="her"
            ecep:syllab="1"
            ecep:pron="hɜː">her</w>
         <c> </c>
         <w xml:id="o5153-580610"
            n="266-a-1590"
            ecep:lem="sense"
            ecep:pos="n1"
            ecep:reg="sense"
            ecep:spe="sense"
            ecep:syllab="1"
            ecep:pron="sens">sense</w>
         <c> </c>
         <w xml:id="o5153-580620"
            n="266-a-1600"
            ecep:lem="be"
            ecep:pos="vbz"
            ecep:reg="is"
            ecep:spe="is"
            ecep:syllab="1"
            ecep:pron="ɪz">is</w>
         <c> </c>
         <w xml:id="o5153-580630"
            n="266-a-1610"
            ecep:lem="only"
            ecep:pos="j"
            ecep:reg="only"
            ecep:spe="only"
            ecep:syllab="2"
            ecep:pron="ˈəʊnli">only</w>
         <c> </c>
         <w xml:id="o5153-580640"
            n="266-a-1620"
            ecep:lem="chat"
            ecep:pos="n1"
            ecep:reg="chat"
            ecep:spe="chat"
            ecep:syllab="1"
            ecep:pron="tʃæt">chat</w>
         <pc xml:id="o5153-580650"
             n="266-a-1630"
             ecep:lem=","
             ecep:pos=","
             ecep:reg=","
             ecep:spe=",">,</pc>
      </l>
      <l xml:id="o5153-l30750">
         <w xml:id="o5153-580660"
            n="266-a-1640"
            ecep:lem="like"
            ecep:pos="av-j"
            ecep:reg="Like"
            ecep:spe="Like"
            ecep:syllab="1"
            ecep:pron="laɪk">Like</w>
         <c> </c>
         <w xml:id="o5153-580670"
            n="266-a-1650"
            ecep:lem="any"
            ecep:pos="d"
            ecep:reg="any"
            ecep:spe="any"
            ecep:syllab="2"
            ecep:pron="ˈeni">any</w>
         <c> </c>
         <w xml:id="o5153-580680"
            n="266-a-1660"
            ecep:lem="other"
            ecep:pos="j-jn"
            ecep:reg="other"
            ecep:spe="other"
            ecep:syllab="2"
            ecep:pron="ˈʌðə">other</w>
         <c> </c>
         <w xml:id="o5153-580690"
            n="266-a-1670"
            ecep:lem="woman"
            ecep:pos="n1"
            ecep:reg="woman"
            ecep:spe="woman"
            ecep:syllab="2"
            ecep:pron="ˈwʊmən">woman</w>
         <pc xml:id="o5153-580700"
             n="266-a-1680"
             unit="sentence"
             ecep:lem="."
             ecep:pos="."
             ecep:reg="."
             ecep:spe=".">.</pc>
      </l>
   </lg>
   <pb facs="o5153/0271_L" n="266" rend="none"/>
   <lg n="4" xml:id="o5153-s02980">
      <head>
         <w xml:id="o5153-580740"
            n="267-a-0010"
            ecep:lem="iv"
            ecep:pos="crd"
            ecep:reg="IV"
            ecep:spe="IV"
            ecep:syllab="1"
            ecep:pron="rˌəʊmənfˈɔː">IV</w>
         <pc xml:id="o5153-580750"
             n="267-a-0020"
             unit="sentence"
             ecep:lem="."
             ecep:pos="."
             ecep:reg="."
             ecep:spe=".">.</pc>
      </head>
      <l xml:id="o5153-l30755">
         <w xml:id="o5153-580770"
            n="267-a-0030"
            ecep:lem="her"
            ecep:pos="po31"
            ecep:reg="Her"
            ecep:spe="Her"
            ecep:syllab="1"
            ecep:pron="hɜː">Her</w>
         <c> </c>
         <w xml:id="o5153-580780"
            n="267-a-0040"
            ecep:lem="voice"
            ecep:pos="n1"
            ecep:reg="voice"
            ecep:spe="voice"
            ecep:syllab="1"
            ecep:pron="vɔɪs">voice</w>
         <pc xml:id="o5153-580790"
             n="267-a-0050"
             ecep:lem=","
             ecep:pos=","
             ecep:reg=","
             ecep:spe=",">,</pc>
         <c> </c>
         <w xml:id="o5153-580800"
            n="267-a-0060"
            ecep:lem="her"
            ecep:pos="po31"
            ecep:reg="her"
            ecep:spe="her"
            ecep:syllab="1"
            ecep:pron="hɜː">her</w>
         <c> </c>
         <w xml:id="o5153-580810"
            n="267-a-0070"
            ecep:lem="touch"
            ecep:pos="n1"
            ecep:reg="touch"
            ecep:spe="touch"
            ecep:syllab="1"
            ecep:pron="tʌtʃ">touch</w>
         <c> </c>
         <w xml:id="o5153-580820"
            n="267-a-0080"
            ecep:lem="may"
            ecep:pos="vmd"
            ecep:reg="might"
            ecep:spe="might"
            ecep:syllab="1"
            ecep:pron="maɪt">might</w>
         <c> </c>
         <w xml:id="o5153-580830"
            n="267-a-0090"
            ecep:lem="give"
            ecep:pos="vvi"
            ecep:reg="give"
            ecep:spe="give"
            ecep:syllab="1"
            ecep:pron="gɪv">give</w>
         <c> </c>
         <w xml:id="o5153-580840"
            n="267-a-0100"
            ecep:lem="the"
            ecep:pos="dt"
            ecep:reg="the"
            ecep:spe="th'"
            ecep:syllab="0"
            ecep:pron="ð">th'</w>
         <c> </c>
         <w xml:id="o5153-580850"
            n="267-a-0110"
            ecep:lem="alarm"
            ecep:pos="n1"
            ecep:reg="alarm"
            ecep:spe="alarm"
            ecep:syllab="2"
            ecep:pron="əˈlɑːm">alarm</w>
         <c> </c>
         <pc xml:id="o5153-580860"
             n="267-a-0120"
             ecep:lem="—"
             ecep:pos="—"
             ecep:reg="—"
             ecep:spe="—">—</pc>
      </l>
      <l xml:id="o5153-l30760">
         <w xml:id="o5153-580870"
            n="267-a-0130"
            ecep:lem="it|be"
            ecep:pos="pn31|vbds"
            ecep:reg="'Twas"
            ecep:spe="'Twas"
            ecep:syllab="1"
            ecep:pron="twɒz">'Twas</w>
         <c> </c>
         <w xml:id="o5153-580880"
            n="267-a-0140"
            ecep:lem="both"
            ecep:pos="av-d"
            ecep:reg="both"
            ecep:spe="both"
            ecep:syllab="1"
            ecep:pron="bəʊθ">both</w>
         <c> </c>
         <w xml:id="o5153-580890"
            n="267-a-0150"
            ecep:lem="perhaps"
            ecep:pos="av"
            ecep:reg="perhaps"
            ecep:spe="perhaps"
            ecep:syllab="2"
            ecep:pron="pəˈhæps">perhaps</w>
         <pc xml:id="o5153-580900"
             n="267-a-0160"
             ecep:lem=","
             ecep:pos=","
             ecep:reg=","
             ecep:spe=",">,</pc>
         <c> </c>
         <w xml:id="o5153-580910"
            n="267-a-0170"
            ecep:lem="or"
            ecep:pos="cc"
            ecep:reg="or"
            ecep:spe="or"
            ecep:syllab="1"
            ecep:pron="ɔː">or</w>
         <c> </c>
         <w xml:id="o5153-580920"
            n="267-a-0180"
            ecep:lem="neither"
            ecep:pos="av-dx"
            ecep:reg="neither"
            ecep:spe="neither"
            ecep:syllab="2"
            ecep:pron="ˈnaɪðə">neither</w>
         <pc xml:id="o5153-580930"
             n="267-a-0190"
             ecep:lem=";"
             ecep:pos=";"
             ecep:reg=";"
             ecep:spe=";">;</pc>
      </l>
      <l xml:id="o5153-l30765">
         <w xml:id="o5153-580940"
            n="267-a-0200"
            ecep:lem="in"
            ecep:pos="p-acp"
            ecep:reg="In"
            ecep:spe="In"
            ecep:syllab="1"
            ecep:pron="ɪn">In</w>
         <c> </c>
         <w xml:id="o5153-580950"
            n="267-a-0210"
            ecep:lem="short"
            ecep:pos="j"
            ecep:reg="short"
            ecep:spe="short"
            ecep:syllab="1"
            ecep:pron="ʃɔːt">short</w>
         <pc xml:id="o5153-580960"
             n="267-a-0220"
             ecep:lem=","
             ecep:pos=","
             ecep:reg=","
             ecep:spe=",">,</pc>
         <c> </c>
         <w xml:id="o5153-580970"
            n="267-a-0230"
            ecep:lem="it|be"
            ecep:pos="pn31|vbds"
            ecep:reg="'twas"
            ecep:spe="'twas"
            ecep:syllab="1"
            ecep:pron="twɒz">'twas</w>
         <c> </c>
         <w xml:id="o5153-580980"
            n="267-a-0240"
            ecep:lem="that"
            ecep:pos="d"
            ecep:reg="that"
            ecep:spe="that"
            ecep:syllab="1"
            ecep:pron="ðæt">that</w>
         <c> </c>
         <w xml:id="o5153-580990"
            n="267-a-0250"
            ecep:lem="provoke"
            ecep:pos="j-vvg"
            ecep:reg="provoking"
            ecep:spe="provoking"
            ecep:syllab="3"
            ecep:pron="prəˈvəʊkɪŋ">provoking</w>
         <c> </c>
         <w xml:id="o5153-581000"
            n="267-a-0260"
            ecep:lem="charm"
            ecep:pos="n1"
            ecep:reg="charm"
            ecep:spe="charm"
            ecep:syllab="1"
            ecep:pron="tʃɑːm">charm</w>
      </l>
      <l xml:id="o5153-l30770">
         <w xml:id="o5153-581010"
            n="267-a-0270"
            ecep:lem="of"
            ecep:pos="pp-f"
            ecep:reg="Of"
            ecep:spe="Of"
            ecep:syllab="1"
            ecep:pron="ɒv">Of</w>
         <c> </c>
         <w xml:id="o5153-581020"
            n="267-a-0280"
            ecep:lem="Caelia"
            ecep:pos="np1"
            ecep:reg="CAELIA"
            ecep:spe="CAELIA"
            ecep:syllab="3"
            ecep:pron="kˈeɪliə">CAELIA</w>
         <c> </c>
         <w xml:id="o5153-581030"
            n="267-a-0290"
            ecep:lem="altogether"
            ecep:pos="av"
            ecep:reg="altogether"
            ecep:spe="altogether"
            ecep:syllab="4"
            ecep:pron="ˌɔːltəˈgeðə">altogether</w>
         <pc xml:id="o5153-581040"
             n="267-a-0300"
             unit="sentence"
             ecep:lem="."
             ecep:pos="."
             ecep:reg="."
             ecep:spe=".">.</pc>
      </l>
   </lg>
</div>
