<?xml version="1.0" encoding="utf-8"?>
<!DOCTYPE div
  SYSTEM "about:legacy-compat">
<div xmlns:ecep="http://www.eighteenthcenturypoetry.org/ns"
     xmlns="http://www.tei-c.org/ns/1.0"
     xmlns:tei="http://www.tei-c.org/ns/1.0"
     ana="#iamb #pentameter #sonnet"
     corresp="#txt_SmitCh1749_w0018"
     decls="#semi-normalized"
     ecep:syllab="10"
     met="-+|-+|-+|-+|-+/"
     n="17"
     rendition="#lgvspace"
     rhyme="ababcdcdefefgg"
     subtype="eceptext"
     type="sonnet"
     xml:id="n22cs-w0170">
   <link target="authors.xml#aut_SmitCh1749" type="author"/>
   <head type="main">
      <w xml:id="n22cs-053680"
         n="0036-a-0010"
         ecep:lem="sonnet"
         ecep:pos="n1"
         ecep:reg="SONNET"
         ecep:spe="SONNET"
         ecep:syllab="2"
         ecep:pron="ˈsɒnɪt">SONNET</w>
      <c> </c>
      <pc xml:id="n22cs-053681"
          ecep:lem="["
          ecep:pos="["
          ecep:reg="["
          ecep:spe="[">[</pc>
      <w xml:id="n22cs-053682"
         ecep:lem="17"
         ecep:pos="crd"
         ecep:reg="17"
         ecep:spe="17"
         ecep:syllab="1"
         ecep:pron="sˈevəntˌiːn">17</w>
      <pc xml:id="n22cs-053683"
          ecep:lem="]"
          ecep:pos="]"
          ecep:reg="]"
          ecep:spe="]">]</pc>
      <c> </c>
      <w xml:id="n22cs-053690"
         n="0036-a-0020"
         ecep:lem="xvii"
         ecep:pos="crd"
         ecep:reg="XVII"
         ecep:spe="XVII"
         ecep:syllab="1"
         ecep:pron="rˌəʊmənsˈevəntˌiːn">XVII</w>
      <pc xml:id="n22cs-053700"
          n="0036-a-0030"
          unit="sentence"
          ecep:lem="."
          ecep:pos="."
          ecep:reg="."
          ecep:spe=".">.</pc>
      <c> </c>
      <hi>
         <w xml:id="n22cs-053710"
            n="0036-a-0040"
            ecep:lem="from"
            ecep:pos="p-acp"
            ecep:reg="From"
            ecep:spe="From"
            ecep:syllab="1"
            ecep:pron="frɒm">From</w>
         <c> </c>
         <w xml:id="n22cs-053720"
            n="0036-a-0050"
            ecep:lem="the"
            ecep:pos="dt"
            ecep:reg="the"
            ecep:spe="the"
            ecep:syllab="1"
            ecep:pron="ðiː">the</w>
         <c> </c>
         <w xml:id="n22cs-053730"
            n="0036-a-0060"
            ecep:lem="thirteenth"
            ecep:pos="ord"
            ecep:reg="thirteenth"
            ecep:spe="thirteenth"
            ecep:syllab="2"
            ecep:pron="θɜːˈtiːnθ">thirteenth</w>
         <c> </c>
         <w xml:id="n22cs-053740"
            n="0036-a-0070"
            ecep:lem="cantata"
            ecep:pos="n1"
            ecep:reg="Cantata"
            ecep:spe="Cantata"
            ecep:syllab="3"
            ecep:pron="kænˈtɑːtə">Cantata</w>
         <c> </c>
         <w xml:id="n22cs-053750"
            n="0036-a-0080"
            ecep:lem="of"
            ecep:pos="pp-f"
            ecep:reg="of"
            ecep:spe="of"
            ecep:syllab="1"
            ecep:pron="ɒv">of</w>
         <c> </c>
         <w xml:id="n22cs-053760"
            n="0036-a-0090"
            ecep:lem="Metastasio"
            ecep:pos="np1"
            ecep:reg="Metastasio"
            ecep:spe="Metastasio"
            ecep:syllab="4"
            ecep:pron="mˌetəstˈæsɪˌəʊ">Metastasio</w>
         <pc xml:id="n22cs-053770"
             n="0036-a-0100"
             unit="sentence"
             ecep:lem="."
             ecep:pos="."
             ecep:reg="."
             ecep:spe=".">.</pc>
         <c> </c>
      </hi>
   </head>
   <lg xml:id="n22cs-s00385">
      <l xml:id="n22cs-l01245">
         <w xml:id="n22cs-053800"
            n="0036-a-0110"
            ecep:lem="on"
            ecep:pos="p-acp"
            ecep:reg="ON"
            ecep:spe="ON"
            ecep:syllab="1"
            ecep:pron="ɒn">ON</w>
         <c> </c>
         <w xml:id="n22cs-053810"
            n="0036-a-0120"
            ecep:lem="thy"
            ecep:pos="po21"
            ecep:reg="thy"
            ecep:spe="thy"
            ecep:syllab="1"
            ecep:pron="ðaɪ">thy</w>
         <c> </c>
         <w xml:id="n22cs-053820"
            n="0036-a-0130"
            ecep:lem="grey"
            ecep:pos="j-jn"
            ecep:reg="grey"
            ecep:spe="gray"
            ecep:syllab="1"
            ecep:pron="greɪ">gray</w>
         <c> </c>
         <w xml:id="n22cs-053830"
            n="0036-a-0140"
            ecep:lem="bark"
            ecep:pos="n1"
            ecep:reg="bark"
            ecep:spe="bark"
            ecep:syllab="1"
            ecep:pron="bɑːk">bark</w>
         <pc xml:id="n22cs-053840"
             n="0036-a-0150"
             ecep:lem=","
             ecep:pos=","
             ecep:reg=","
             ecep:spe=",">,</pc>
         <c> </c>
         <w xml:id="n22cs-053850"
            n="0036-a-0160"
            ecep:lem="in"
            ecep:pos="p-acp"
            ecep:reg="in"
            ecep:spe="in"
            ecep:syllab="1"
            ecep:pron="ɪn">in</w>
         <c> </c>
         <w xml:id="n22cs-053860"
            n="0036-a-0170"
            ecep:lem="witness"
            ecep:pos="n1"
            ecep:reg="witness"
            ecep:spe="witness"
            ecep:syllab="2"
            ecep:pron="ˈwɪtnəs">witness</w>
         <c> </c>
         <w xml:id="n22cs-053870"
            n="0036-a-0180"
            ecep:lem="of"
            ecep:pos="pp-f"
            ecep:reg="of"
            ecep:spe="of"
            ecep:syllab="1"
            ecep:pron="ɒv">of</w>
         <c> </c>
         <w xml:id="n22cs-053880"
            n="0036-a-0190"
            ecep:lem="my"
            ecep:pos="po11"
            ecep:reg="my"
            ecep:spe="my"
            ecep:syllab="1"
            ecep:pron="maɪ">my</w>
         <c> </c>
         <w xml:id="n22cs-053890"
            n="0036-a-0200"
            ecep:lem="flame"
            ecep:pos="n1"
            ecep:reg="flame"
            ecep:spe="flame"
            ecep:syllab="1"
            ecep:pron="fleɪm">flame</w>
         <pc xml:id="n22cs-053900"
             n="0036-a-0210"
             ecep:lem=","
             ecep:pos=","
             ecep:reg=","
             ecep:spe=",">,</pc>
         <note n="[*]" place="bottom" xml:id="n22cs-n00125">
            <p xml:id="n22cs-s00390">
               <label>
                  <w xml:id="n22cs-053940"
                     n="0036-a-0220"
                     ecep:lem="line"
                     ecep:pos="n1"
                     ecep:reg="LINE"
                     ecep:spe="LINE"
                     ecep:syllab="1"
                     ecep:pron="laɪn">LINE</w>
                  <c> </c>
                  <w xml:id="n22cs-053950"
                     n="0036-a-0230"
                     ecep:lem="1."
                     ecep:pos="crd"
                     ecep:reg="1."
                     ecep:spe="1."
                     ecep:syllab="1"
                     ecep:pron="wˈɒn">1.</w>
                  <pc unit="sentence" xml:id="n22cs-053950-eos" n="0036-a-0240"/>
                  <c> </c>
               </label>
               <q>
                  <l xml:id="n22cs-l01250">
                     <w xml:id="n22cs-053980"
                        n="0036-a-0250"
                        ecep:lem="scrivo"
                        ecep:pos="fw-la"
                        ecep:reg="Scrivo"
                        ecep:spe="Scrivo"
                        ecep:syllab="2"
                        ecep:pron="skrˈiːvəʊ">Scrivo</w>
                     <c> </c>
                     <w xml:id="n22cs-053990"
                        n="0036-a-0260"
                        ecep:lem="in"
                        ecep:pos="p-acp"
                        ecep:reg="in"
                        ecep:spe="in"
                        ecep:syllab="1"
                        ecep:pron="ɪn">in</w>
                     <c> </c>
                     <w xml:id="n22cs-054000"
                        n="0036-a-0270"
                        ecep:lem="te"
                        ecep:pos="fw-la"
                        ecep:reg="tae"
                        ecep:spe="te"
                        ecep:syllab="1"
                        ecep:pron="tiː">te</w>
                     <c> </c>
                     <w xml:id="n22cs-054010"
                        n="0036-a-0280"
                        ecep:lem="l'amato"
                        ecep:pos="fw-la"
                        ecep:reg="l'amato"
                        ecep:spe="l'amato"
                        ecep:syllab="3"
                        ecep:pron="ˈelæmˈɑːtəʊ">l'amato</w>
                     <c> </c>
                     <w xml:id="n22cs-054020"
                        n="0036-a-0290"
                        ecep:lem="nome"
                        ecep:pos="n1"
                        ecep:reg="nome"
                        ecep:spe="nome"
                        ecep:syllab="1"
                        ecep:pron="nəʊm">nome</w>
                  </l>
                  <l xml:id="n22cs-l01255">
                     <c> </c>
                     <w xml:id="n22cs-054030"
                        n="0036-a-0300"
                        ecep:lem="di"
                        ecep:pos="crd"
                        ecep:reg="Di"
                        ecep:spe="Di"
                        ecep:syllab="1"
                        ecep:pron="ˈdaɪ">Di</w>
                     <c> </c>
                     <w xml:id="n22cs-054040"
                        n="0036-a-0310"
                        ecep:lem="colei"
                        ecep:pos="fw-la"
                        ecep:reg="colei"
                        ecep:spe="colei"
                        ecep:syllab="2"
                        ecep:pron="kˈəʊlaɪ">colei</w>
                     <pc xml:id="n22cs-054050"
                         n="0036-a-0320"
                         ecep:lem=","
                         ecep:pos=","
                         ecep:reg=","
                         ecep:spe=",">,</pc>
                     <c> </c>
                     <w xml:id="n22cs-054060"
                        n="0036-a-0330"
                        ecep:lem="per"
                        ecep:pos="fw-la"
                        ecep:reg="per"
                        ecep:spe="per"
                        ecep:syllab="1"
                        ecep:pron="pɜː">per</w>
                     <c> </c>
                     <w xml:id="n22cs-054070"
                        n="0036-a-0340"
                        ecep:lem="cui"
                        ecep:pos="fw-la"
                        ecep:reg="cui"
                        ecep:spe="cui"
                        ecep:syllab="1"
                        ecep:pron="kjˈuːi">cui</w>
                     <pc xml:id="n22cs-054080"
                         n="0036-a-0350"
                         ecep:lem=","
                         ecep:pos=","
                         ecep:reg=","
                         ecep:spe=",">,</pc>
                     <c> </c>
                     <w xml:id="n22cs-054090"
                        n="0036-a-0360"
                        ecep:lem="mi"
                        ecep:pos="fw-mi"
                        ecep:reg="mi"
                        ecep:spe="mi"
                        ecep:syllab="1"
                        ecep:pron="miː">mi</w>
                     <c> </c>
                     <w xml:id="n22cs-054100"
                        n="0036-a-0370"
                        ecep:lem="moro"
                        ecep:pos="fw-la"
                        ecep:reg="moro"
                        ecep:spe="moro"
                        ecep:syllab="2"
                        ecep:pron="mˈɔːrəʊ">moro</w>
                     <pc xml:id="n22cs-054110"
                         n="0036-a-0380"
                         unit="sentence"
                         ecep:lem="."
                         ecep:pos="."
                         ecep:reg="."
                         ecep:spe=".">.</pc>
                     <c> </c>
                  </l>
               </q>
            </p>
            <p xml:id="n22cs-s00395">
               <w xml:id="n22cs-054140"
                  n="0117-a-0010"
                  ecep:lem="this"
                  ecep:pos="d"
                  ecep:reg="This"
                  ecep:spe="This"
                  ecep:syllab="1"
                  ecep:pron="ðɪs">This</w>
               <c> </c>
               <w xml:id="n22cs-054150"
                  n="0117-a-0020"
                  ecep:lem="be"
                  ecep:pos="vbz"
                  ecep:reg="is"
                  ecep:spe="is"
                  ecep:syllab="1"
                  ecep:pron="ɪz">is</w>
               <c> </c>
               <w xml:id="n22cs-054160"
                  n="0117-a-0030"
                  ecep:lem="not"
                  ecep:pos="xx"
                  ecep:reg="not"
                  ecep:spe="not"
                  ecep:syllab="1"
                  ecep:pron="nɒt">not</w>
               <c> </c>
               <w xml:id="n22cs-054170"
                  n="0117-a-0040"
                  ecep:lem="mean"
                  ecep:pos="vvn"
                  ecep:reg="meant"
                  ecep:spe="meant"
                  ecep:syllab="1"
                  ecep:pron="ment">meant</w>
               <c> </c>
               <w xml:id="n22cs-054180"
                  n="0117-a-0050"
                  ecep:lem="as"
                  ecep:pos="p-acp"
                  ecep:reg="as"
                  ecep:spe="as"
                  ecep:syllab="1"
                  ecep:pron="æz">as</w>
               <c> </c>
               <w xml:id="n22cs-054190"
                  n="0117-a-0060"
                  ecep:lem="a"
                  ecep:pos="dt"
                  ecep:reg="a"
                  ecep:spe="a"
                  ecep:syllab="1"
                  ecep:pron="ə">a</w>
               <c> </c>
               <w xml:id="n22cs-054200"
                  n="0117-a-0070"
                  ecep:lem="translation"
                  ecep:pos="n1"
                  ecep:reg="translation"
                  ecep:spe="translation"
                  ecep:syllab="3"
                  ecep:pron="trænzˈleɪʃn">translation</w>
               <pc xml:id="n22cs-054210"
                   n="0117-a-0080"
                   ecep:lem=";"
                   ecep:pos=";"
                   ecep:reg=";"
                   ecep:spe=";">;</pc>
               <c> </c>
               <w xml:id="n22cs-054220"
                  n="0117-a-0090"
                  ecep:lem="the"
                  ecep:pos="dt"
                  ecep:reg="the"
                  ecep:spe="the"
                  ecep:syllab="1"
                  ecep:pron="ðiː">the</w>
               <c> </c>
               <w xml:id="n22cs-054230"
                  n="0117-a-0100"
                  ecep:lem="original"
                  ecep:pos="n-jn"
                  ecep:reg="original"
                  ecep:spe="original"
                  ecep:syllab="4"
                  ecep:pron="əˈrɪdʒnl">original</w>
               <c> </c>
               <w xml:id="n22cs-054240"
                  n="0117-a-0110"
                  ecep:lem="be"
                  ecep:pos="vbz"
                  ecep:reg="is"
                  ecep:spe="is"
                  ecep:syllab="1"
                  ecep:pron="ɪz">is</w>
               <c> </c>
               <w xml:id="n22cs-054250"
                  n="0117-a-0120"
                  ecep:lem="much"
                  ecep:pos="d"
                  ecep:reg="much"
                  ecep:spe="much"
                  ecep:syllab="1"
                  ecep:pron="mʌtʃ">much</w>
               <c> </c>
               <w xml:id="n22cs-054260"
                  n="0117-a-0130"
                  ecep:lem="long"
                  ecep:pos="jc"
                  ecep:reg="longer"
                  ecep:spe="longer"
                  ecep:syllab="2"
                  ecep:pron="lɒŋgə">longer</w>
               <pc xml:id="n22cs-054270"
                   n="0117-a-0140"
                   ecep:lem=","
                   ecep:pos=","
                   ecep:reg=","
                   ecep:spe=",">,</pc>
               <c> </c>
               <w xml:id="n22cs-054280"
                  n="0117-a-0150"
                  ecep:lem="and"
                  ecep:pos="cc"
                  ecep:reg="and"
                  ecep:spe="and"
                  ecep:syllab="1"
                  ecep:pron="ænd">and</w>
               <c> </c>
               <w xml:id="n22cs-054290"
                  n="0117-a-0160"
                  ecep:lem="full"
                  ecep:pos="j"
                  ecep:reg="full"
                  ecep:spe="full"
                  ecep:syllab="1"
                  ecep:pron="fʊl">full</w>
               <c> </c>
               <w xml:id="n22cs-054300"
                  n="0117-a-0170"
                  ecep:lem="of"
                  ecep:pos="pp-f"
                  ecep:reg="of"
                  ecep:spe="of"
                  ecep:syllab="1"
                  ecep:pron="ɒv">of</w>
               <c> </c>
               <w xml:id="n22cs-054310"
                  n="0117-a-0180"
                  ecep:lem="image"
                  ecep:pos="n2"
                  ecep:reg="images"
                  ecep:spe="images"
                  ecep:syllab="3"
                  ecep:pron="ˈɪmɪdʒɪz">images</w>
               <pc xml:id="n22cs-054320"
                   n="0117-a-0190"
                   ecep:lem=","
                   ecep:pos=","
                   ecep:reg=","
                   ecep:spe=",">,</pc>
               <c> </c>
               <w xml:id="n22cs-054330"
                  n="0117-a-0200"
                  ecep:lem="which"
                  ecep:pos="r-crq"
                  ecep:reg="which"
                  ecep:spe="which"
                  ecep:syllab="1"
                  ecep:pron="wɪtʃ">which</w>
               <c> </c>
               <w xml:id="n22cs-054340"
                  n="0117-a-0210"
                  ecep:lem="can"
                  ecep:pos="vmd"
                  ecep:reg="could"
                  ecep:spe="could"
                  ecep:syllab="1"
                  ecep:pron="kʊd">could</w>
               <c> </c>
               <w xml:id="n22cs-054350"
                  n="0117-a-0220"
                  ecep:lem="not"
                  ecep:pos="xx"
                  ecep:reg="not"
                  ecep:spe="not"
                  ecep:syllab="1"
                  ecep:pron="nɒt">not</w>
               <c> </c>
               <w xml:id="n22cs-054360"
                  n="0117-a-0230"
                  ecep:lem="be"
                  ecep:pos="vbi"
                  ecep:reg="be"
                  ecep:spe="be"
                  ecep:syllab="1"
                  ecep:pron="biː">be</w>
               <c> </c>
               <w xml:id="n22cs-054370"
                  n="0117-a-0240"
                  ecep:lem="introduce"
                  ecep:pos="vvn"
                  ecep:reg="introduced"
                  ecep:spe="introduced"
                  ecep:syllab="3"
                  ecep:pron="ˌɪntrəˈdʒuːst">introduced</w>
               <c> </c>
               <w xml:id="n22cs-054380"
                  n="0117-a-0250"
                  ecep:lem="in"
                  ecep:pos="p-acp"
                  ecep:reg="in"
                  ecep:spe="in"
                  ecep:syllab="1"
                  ecep:pron="ɪn">in</w>
               <c> </c>
               <w xml:id="n22cs-054390"
                  n="0117-a-0260"
                  ecep:lem="a"
                  ecep:pos="dt"
                  ecep:reg="a"
                  ecep:spe="a"
                  ecep:syllab="1"
                  ecep:pron="ə">a</w>
               <c> </c>
               <w xml:id="n22cs-054400"
                  n="0117-a-0270"
                  ecep:lem="sonnet"
                  ecep:pos="n1"
                  ecep:reg="Sonnet"
                  ecep:spe="Sonnet"
                  ecep:syllab="2"
                  ecep:pron="ˈsɒnɪt">Sonnet</w>
               <pc xml:id="n22cs-054410"
                   n="0117-a-0280"
                   unit="sentence"
                   ecep:lem="."
                   ecep:pos="."
                   ecep:reg="."
                   ecep:spe=".">.</pc>
               <c> </c>
               <pc xml:id="n22cs-054420"
                   n="0117-a-0290"
                   ecep:lem="—"
                   ecep:pos="—"
                   ecep:reg="—"
                   ecep:spe="—">—</pc>
               <c> </c>
               <w xml:id="n22cs-054430"
                  n="0117-a-0300"
                  ecep:lem="and"
                  ecep:pos="cc"
                  ecep:reg="And"
                  ecep:spe="And"
                  ecep:syllab="1"
                  ecep:pron="ænd">And</w>
               <c> </c>
               <w xml:id="n22cs-054440"
                  n="0117-a-0310"
                  ecep:lem="some"
                  ecep:pos="d"
                  ecep:reg="some"
                  ecep:spe="some"
                  ecep:syllab="1"
                  ecep:pron="sʌm">some</w>
               <c> </c>
               <w xml:id="n22cs-054450"
                  n="0117-a-0320"
                  ecep:lem="of"
                  ecep:pos="pp-f"
                  ecep:reg="of"
                  ecep:spe="of"
                  ecep:syllab="1"
                  ecep:pron="ɒv">of</w>
               <c> </c>
               <w xml:id="n22cs-054460"
                  n="0117-a-0330"
                  ecep:lem="they"
                  ecep:pos="pno32"
                  ecep:reg="them"
                  ecep:spe="them"
                  ecep:syllab="1"
                  ecep:pron="ðem">them</w>
               <pc xml:id="n22cs-054470"
                   n="0117-a-0340"
                   ecep:lem=","
                   ecep:pos=","
                   ecep:reg=","
                   ecep:spe=",">,</pc>
               <c> </c>
               <w xml:id="n22cs-054480"
                  n="0117-a-0350"
                  ecep:lem="though"
                  ecep:pos="c-acp"
                  ecep:reg="though"
                  ecep:spe="though"
                  ecep:syllab="1"
                  ecep:pron="ðəʊ">though</w>
               <c> </c>
               <w xml:id="n22cs-054490"
                  n="0117-a-0360"
                  ecep:lem="very"
                  ecep:pos="av"
                  ecep:reg="very"
                  ecep:spe="very"
                  ecep:syllab="2"
                  ecep:pron="ˈveri">very</w>
               <c> </c>
               <w xml:id="n22cs-054500"
                  n="0117-a-0370"
                  ecep:lem="beautiful"
                  ecep:pos="j"
                  ecep:reg="beautiful"
                  ecep:spe="beautiful"
                  ecep:syllab="3"
                  ecep:pron="ˈbjuːtɪfl">beautiful</w>
               <c> </c>
               <w xml:id="n22cs-054510"
                  n="0117-a-0380"
                  ecep:lem="in"
                  ecep:pos="p-acp"
                  ecep:reg="in"
                  ecep:spe="in"
                  ecep:syllab="1"
                  ecep:pron="ɪn">in</w>
               <c> </c>
               <w xml:id="n22cs-054520"
                  n="0117-a-0390"
                  ecep:lem="the"
                  ecep:pos="dt"
                  ecep:reg="the"
                  ecep:spe="the"
                  ecep:syllab="1"
                  ecep:pron="ðiː">the</w>
               <c> </c>
               <w xml:id="n22cs-054530"
                  n="0117-a-0400"
                  ecep:lem="italian"
                  ecep:pos="jp"
                  ecep:reg="Italian"
                  ecep:spe="Italian"
                  ecep:syllab="3"
                  ecep:pron="ɪˈtæliən">Italian</w>
               <pc xml:id="n22cs-054540"
                   n="0117-a-0410"
                   ecep:lem=","
                   ecep:pos=","
                   ecep:reg=","
                   ecep:spe=",">,</pc>
               <c> </c>
               <w xml:id="n22cs-054550"
                  n="0117-a-0420"
                  ecep:lem="will"
                  ecep:pos="vmd"
                  ecep:reg="would"
                  ecep:spe="would"
                  ecep:syllab="1"
                  ecep:pron="wʊd">would</w>
               <c> </c>
               <w xml:id="n22cs-054560"
                  n="0117-a-0430"
                  ecep:lem="not"
                  ecep:pos="xx"
                  ecep:reg="not"
                  ecep:spe="not"
                  ecep:syllab="1"
                  ecep:pron="nɒt">not</w>
               <c> </c>
               <w xml:id="n22cs-054570"
                  n="0117-a-0440"
                  ecep:lem="appear"
                  ecep:pos="vvi"
                  ecep:reg="appear"
                  ecep:spe="appear"
                  ecep:syllab="2"
                  ecep:pron="əˈpɪə">appear</w>
               <c> </c>
               <w xml:id="n22cs-054580"
                  n="0117-a-0450"
                  ecep:lem="to"
                  ecep:pos="pc-acp"
                  ecep:reg="to"
                  ecep:spe="to"
                  ecep:syllab="1"
                  ecep:pron="tuː">to</w>
               <c> </c>
               <w xml:id="n22cs-054590"
                  n="0117-a-0460"
                  ecep:lem="advantage"
                  ecep:pos="vvi"
                  ecep:reg="advantage"
                  ecep:spe="advantage"
                  ecep:syllab="3"
                  ecep:pron="ədˈvɑːntɪdʒ">advantage</w>
               <c> </c>
               <w xml:id="n22cs-054600"
                  n="0117-a-0470"
                  ecep:lem="in"
                  ecep:pos="p-acp"
                  ecep:reg="in"
                  ecep:spe="in"
                  ecep:syllab="1"
                  ecep:pron="ɪn">in</w>
               <c> </c>
               <w xml:id="n22cs-054610"
                  n="0117-a-0480"
                  ecep:lem="a"
                  ecep:pos="dt"
                  ecep:reg="an"
                  ecep:spe="an"
                  ecep:syllab="1"
                  ecep:pron="æn">an</w>
               <c> </c>
               <w xml:id="n22cs-054620"
                  n="0117-a-0490"
                  ecep:lem="english"
                  ecep:pos="jp"
                  ecep:reg="English"
                  ecep:spe="English"
                  ecep:syllab="2"
                  ecep:pron="ˈɪŋglɪʃ">English</w>
               <c> </c>
               <w xml:id="n22cs-054630"
                  n="0117-a-0500"
                  ecep:lem="dress"
                  ecep:pos="n1"
                  ecep:reg="dress"
                  ecep:spe="dress"
                  ecep:syllab="1"
                  ecep:pron="dres">dress</w>
               <pc xml:id="n22cs-054640"
                   n="0117-a-0510"
                   unit="sentence"
                   ecep:lem="."
                   ecep:pos="."
                   ecep:reg="."
                   ecep:spe=".">.</pc>
            </p>
         </note>
         <milestone n="1" type="tcpmilestone" unit="unspecified"/>
      </l>
      <l xml:id="n22cs-l01260">
         <c> </c>
         <w xml:id="n22cs-054660"
            n="0117-a-0520"
            ecep:lem="i"
            ecep:pos="pns11"
            ecep:reg="I"
            ecep:spe="I"
            ecep:syllab="1"
            ecep:pron="aɪ">I</w>
         <c> </c>
         <w xml:id="n22cs-054670"
            n="0117-a-0530"
            ecep:lem="carve"
            ecep:pos="vvb"
            ecep:reg="carve"
            ecep:spe="carve"
            ecep:syllab="1"
            ecep:pron="kɑːv">carve</w>
         <c> </c>
         <w xml:id="n22cs-054680"
            n="0117-a-0540"
            ecep:lem="miranda"
            ecep:pos="fw-la"
            ecep:reg="Miranda's"
            ecep:spe="Miranda's"
            ecep:syllab="3"
            ecep:pron="mɪˈrændəz">Miranda's</w>
         <c> </c>
         <w xml:id="n22cs-054690"
            n="0117-a-0550"
            ecep:lem="cypher"
            ecep:pos="n1"
            ecep:reg="cypher"
            ecep:spe="cypher"
            ecep:syllab="2"
            ecep:pron="ˈsaɪfə">cypher</w>
         <c> </c>
         <pc xml:id="n22cs-054700"
             n="0117-a-0560"
             ecep:lem="—"
             ecep:pos="—"
             ecep:reg="—"
             ecep:spe="—">—</pc>
         <c> </c>
         <w xml:id="n22cs-054710"
            n="0117-a-0570"
            ecep:lem="beauteous"
            ecep:pos="j"
            ecep:reg="beauteous"
            ecep:spe="beauteous"
            ecep:syllab="2"
            ecep:pron="ˈbjuːtiəs">beauteous</w>
         <c> </c>
         <w xml:id="n22cs-054720"
            n="0117-a-0580"
            ecep:lem="tree"
            ecep:pos="n1"
            ecep:reg="tree"
            ecep:spe="tree"
            ecep:syllab="1"
            ecep:pron="triː">tree</w>
         <pc xml:id="n22cs-054730"
             n="0117-a-0590"
             unit="sentence"
             ecep:lem="!"
             ecep:pos="!"
             ecep:reg="!"
             ecep:spe="!">!</pc>
         <c> </c>
      </l>
      <l xml:id="n22cs-l01265">
         <w xml:id="n22cs-054740"
            n="0117-a-0600"
            ecep:lem="grace"
            ecep:pos="j-vvn"
            ecep:reg="Graced"
            ecep:spe="Grac'd"
            ecep:syllab="1"
            ecep:pron="greɪst">Grac'd</w>
         <c> </c>
         <w xml:id="n22cs-054750"
            n="0117-a-0610"
            ecep:lem="with"
            ecep:pos="p-acp"
            ecep:reg="with"
            ecep:spe="with"
            ecep:syllab="1"
            ecep:pron="wɪð">with</w>
         <c> </c>
         <w xml:id="n22cs-054760"
            n="0117-a-0620"
            ecep:lem="the"
            ecep:pos="dt"
            ecep:reg="the"
            ecep:spe="the"
            ecep:syllab="1"
            ecep:pron="ðiː">the</w>
         <c> </c>
         <w xml:id="n22cs-054770"
            n="0117-a-0630"
            ecep:lem="lovely"
            ecep:pos="j"
            ecep:reg="lovely"
            ecep:spe="lovely"
            ecep:syllab="2"
            ecep:pron="ˈlʌvli">lovely</w>
         <c> </c>
         <w xml:id="n22cs-054780"
            n="0117-a-0640"
            ecep:lem="letter"
            ecep:pos="n2"
            ecep:reg="letters"
            ecep:spe="letters"
            ecep:syllab="2"
            ecep:pron="ˈletəz">letters</w>
         <c> </c>
         <w xml:id="n22cs-054790"
            n="0117-a-0650"
            ecep:lem="of"
            ecep:pos="pp-f"
            ecep:reg="of"
            ecep:spe="of"
            ecep:syllab="1"
            ecep:pron="ɒv">of</w>
         <c> </c>
         <w xml:id="n22cs-054800"
            n="0117-a-0660"
            ecep:lem="her"
            ecep:pos="po31"
            ecep:reg="her"
            ecep:spe="her"
            ecep:syllab="1"
            ecep:pron="hɜː">her</w>
         <c> </c>
         <w xml:id="n22cs-054810"
            n="0117-a-0670"
            ecep:lem="name"
            ecep:pos="n1"
            ecep:reg="name"
            ecep:spe="name"
            ecep:syllab="1"
            ecep:pron="neɪm">name</w>
         <pc xml:id="n22cs-054820"
             n="0117-a-0680"
             ecep:lem=","
             ecep:pos=","
             ecep:reg=","
             ecep:spe=",">,</pc>
      </l>
      <l xml:id="n22cs-l01270">
         <c> </c>
         <w xml:id="n22cs-054830"
            n="0117-a-0690"
            ecep:lem="henceforth"
            ecep:pos="av"
            ecep:reg="Henceforth"
            ecep:spe="Henceforth"
            ecep:syllab="2"
            ecep:pron="ˌhensˈfɔːθ">Henceforth</w>
         <c> </c>
         <w xml:id="n22cs-054840"
            n="0117-a-0700"
            ecep:lem="be"
            ecep:pos="vbi"
            ecep:reg="be"
            ecep:spe="be"
            ecep:syllab="1"
            ecep:pron="biː">be</w>
         <c> </c>
         <w xml:id="n22cs-054850"
            n="0117-a-0710"
            ecep:lem="sacred"
            ecep:pos="j"
            ecep:reg="sacred"
            ecep:spe="sacred"
            ecep:syllab="1"
            ecep:pron="ˈseɪkrɪd">sacred</w>
         <c> </c>
         <w xml:id="n22cs-054860"
            n="0117-a-0720"
            ecep:lem="to"
            ecep:pos="p-acp"
            ecep:reg="to"
            ecep:spe="to"
            ecep:syllab="1"
            ecep:pron="tuː">to</w>
         <c> </c>
         <w xml:id="n22cs-054870"
            n="0117-a-0730"
            ecep:lem="my"
            ecep:pos="po11"
            ecep:reg="my"
            ecep:spe="my"
            ecep:syllab="1"
            ecep:pron="maɪ">my</w>
         <c> </c>
         <w xml:id="n22cs-054880"
            n="0117-a-0740"
            ecep:lem="love"
            ecep:pos="n1"
            ecep:reg="love"
            ecep:spe="love"
            ecep:syllab="1"
            ecep:pron="lʌv">love</w>
         <c> </c>
         <w xml:id="n22cs-054890"
            n="0117-a-0750"
            ecep:lem="and"
            ecep:pos="cc"
            ecep:reg="and"
            ecep:spe="and"
            ecep:syllab="1"
            ecep:pron="ænd">and</w>
         <c> </c>
         <w xml:id="n22cs-054900"
            n="0117-a-0760"
            ecep:lem="i"
            ecep:pos="pno11"
            ecep:reg="me"
            ecep:spe="me"
            ecep:syllab="1"
            ecep:pron="miː">me</w>
         <pc xml:id="n22cs-054910"
             n="0117-a-0770"
             unit="sentence"
             ecep:lem="!"
             ecep:pos="!"
             ecep:reg="!"
             ecep:spe="!">!</pc>
         <c> </c>
      </l>
      <l xml:id="n22cs-l01275">
         <w xml:id="n22cs-054920"
            n="0117-a-0780"
            ecep:lem="though"
            ecep:pos="c-acp"
            ecep:reg="Though"
            ecep:spe="Tho'"
            ecep:syllab="1"
            ecep:pron="ðəʊ">Tho'</w>
         <c> </c>
         <w xml:id="n22cs-054930"
            n="0117-a-0790"
            ecep:lem="the"
            ecep:pos="dt"
            ecep:reg="the"
            ecep:spe="the"
            ecep:syllab="1"
            ecep:pron="ðiː">the</w>
         <c> </c>
         <w xml:id="n22cs-054940"
            n="0117-a-0800"
            ecep:lem="tall"
            ecep:pos="j"
            ecep:reg="tall"
            ecep:spe="tall"
            ecep:syllab="1"
            ecep:pron="tɔːl">tall</w>
         <c> </c>
         <w xml:id="n22cs-054950"
            n="0117-a-0810"
            ecep:lem="elm"
            ecep:pos="n1"
            ecep:reg="elm"
            ecep:spe="elm"
            ecep:syllab="1"
            ecep:pron="elm">elm</w>
         <pc xml:id="n22cs-054960"
             n="0117-a-0820"
             ecep:lem=","
             ecep:pos=","
             ecep:reg=","
             ecep:spe=",">,</pc>
         <c> </c>
         <w xml:id="n22cs-054970"
            n="0117-a-0830"
            ecep:lem="the"
            ecep:pos="dt"
            ecep:reg="the"
            ecep:spe="the"
            ecep:syllab="1"
            ecep:pron="ðiː">the</w>
         <c> </c>
         <w xml:id="n22cs-054980"
            n="0117-a-0840"
            ecep:lem="oak"
            ecep:pos="n1"
            ecep:reg="oak"
            ecep:spe="oak"
            ecep:syllab="1"
            ecep:pron="əʊk">oak</w>
         <c> </c>
         <w xml:id="n22cs-054990"
            n="0117-a-0850"
            ecep:lem="and"
            ecep:pos="cc"
            ecep:reg="and"
            ecep:spe="and"
            ecep:syllab="1"
            ecep:pron="ænd">and</w>
         <c> </c>
         <w xml:id="n22cs-055000"
            n="0117-a-0860"
            ecep:lem="dark"
            ecep:pos="jc"
            ecep:reg="darker"
            ecep:spe="darker"
            ecep:syllab="2"
            ecep:pron="dɑːkə">darker</w>
         <c> </c>
         <w xml:id="n22cs-055010"
            n="0117-a-0870"
            ecep:lem="pine"
            ecep:pos="n1"
            ecep:reg="pine"
            ecep:spe="pine"
            ecep:syllab="1"
            ecep:pron="paɪn">pine</w>
         <pc xml:id="n22cs-055020"
             n="0117-a-0880"
             ecep:lem=","
             ecep:pos=","
             ecep:reg=","
             ecep:spe=",">,</pc>
      </l>
      <l xml:id="n22cs-l01280">
         <c> </c>
         <w xml:id="n22cs-055030"
            n="0117-a-0890"
            ecep:lem="with"
            ecep:pos="p-acp"
            ecep:reg="With"
            ecep:spe="With"
            ecep:syllab="1"
            ecep:pron="wɪð">With</w>
         <c> </c>
         <w xml:id="n22cs-055040"
            n="0117-a-0900"
            ecep:lem="broad"
            ecep:pos="jc"
            ecep:reg="broader"
            ecep:spe="broader"
            ecep:syllab="2"
            ecep:pron="brɔːdə">broader</w>
         <c> </c>
         <w xml:id="n22cs-055050"
            n="0117-a-0910"
            ecep:lem="arm"
            ecep:pos="n2"
            ecep:reg="arms"
            ecep:spe="arms"
            ecep:syllab="1"
            ecep:pron="ɑːmz">arms</w>
         <pc xml:id="n22cs-055060"
             n="0117-a-0920"
             ecep:lem=","
             ecep:pos=","
             ecep:reg=","
             ecep:spe=",">,</pc>
         <c> </c>
         <w xml:id="n22cs-055070"
            n="0117-a-0930"
            ecep:lem="may"
            ecep:pos="vmb"
            ecep:reg="may"
            ecep:spe="may"
            ecep:syllab="1"
            ecep:pron="meɪ">may</w>
         <c> </c>
         <w xml:id="n22cs-055080"
            n="0117-a-0940"
            ecep:lem="noon"
            ecep:pos="ng1"
            ecep:reg="noon's"
            ecep:spe="noon's"
            ecep:syllab="1"
            ecep:pron="ˈnuːnz">noon's</w>
         <c> </c>
         <w xml:id="n22cs-055090"
            n="0117-a-0950"
            ecep:lem="fierce"
            ecep:pos="j"
            ecep:reg="fierce"
            ecep:spe="fierce"
            ecep:syllab="1"
            ecep:pron="fɪəs">fierce</w>
         <c> </c>
         <w xml:id="n22cs-055100"
            n="0117-a-0960"
            ecep:lem="ardour"
            ecep:pos="n2"
            ecep:reg="ardours"
            ecep:spe="ardors"
            ecep:syllab="2"
            ecep:pron="ˈɑːdɔːz">ardors</w>
         <c> </c>
         <w xml:id="n22cs-055110"
            n="0117-a-0970"
            ecep:lem="break"
            ecep:pos="vvi"
            ecep:reg="break"
            ecep:spe="break"
            ecep:syllab="1"
            ecep:pron="breɪk">break</w>
         <pc xml:id="n22cs-055120"
             n="0117-a-0980"
             ecep:lem=","
             ecep:pos=","
             ecep:reg=","
             ecep:spe=",">,</pc>
      </l>
      <l xml:id="n22cs-l01285">
         <c> </c>
         <w xml:id="n22cs-055130"
            n="0117-a-0990"
            ecep:lem="to"
            ecep:pos="pc-acp"
            ecep:reg="To"
            ecep:spe="To"
            ecep:syllab="1"
            ecep:pron="tuː">To</w>
         <c> </c>
         <w xml:id="n22cs-055140"
            n="0117-a-1000"
            ecep:lem="shelter"
            ecep:pos="vvi"
            ecep:reg="shelter"
            ecep:spe="shelter"
            ecep:syllab="2"
            ecep:pron="ˈʃeltə">shelter</w>
         <c> </c>
         <w xml:id="n22cs-055150"
            n="0117-a-1010"
            ecep:lem="i"
            ecep:pos="pno11"
            ecep:reg="me"
            ecep:spe="me"
            ecep:syllab="1"
            ecep:pron="miː">me</w>
         <pc xml:id="n22cs-055160"
             n="0117-a-1020"
             ecep:lem=","
             ecep:pos=","
             ecep:reg=","
             ecep:spe=",">,</pc>
         <c> </c>
         <w xml:id="n22cs-055170"
            n="0117-a-1030"
            ecep:lem="and"
            ecep:pos="cc"
            ecep:reg="and"
            ecep:spe="and"
            ecep:syllab="1"
            ecep:pron="ænd">and</w>
         <c> </c>
         <w xml:id="n22cs-055180"
            n="0117-a-1040"
            ecep:lem="she"
            ecep:pos="pno31"
            ecep:reg="her"
            ecep:spe="her"
            ecep:syllab="1"
            ecep:pron="hɜː">her</w>
         <c> </c>
         <w xml:id="n22cs-055190"
            n="0117-a-1050"
            ecep:lem="i"
            ecep:pos="pns11"
            ecep:reg="I"
            ecep:spe="I"
            ecep:syllab="1"
            ecep:pron="aɪ">I</w>
         <c> </c>
         <w xml:id="n22cs-055200"
            n="0117-a-1060"
            ecep:lem="love"
            ecep:pos="vvb"
            ecep:reg="love"
            ecep:spe="love"
            ecep:syllab="1"
            ecep:pron="lʌv">love</w>
         <pc xml:id="n22cs-055210"
             n="0117-a-1070"
             ecep:lem=","
             ecep:pos=","
             ecep:reg=","
             ecep:spe=",">,</pc>
         <c> </c>
         <w xml:id="n22cs-055220"
            n="0117-a-1080"
            ecep:lem="be"
            ecep:pos="vbb"
            ecep:reg="be"
            ecep:spe="be"
            ecep:syllab="1"
            ecep:pron="biː">be</w>
         <c> </c>
         <w xml:id="n22cs-055230"
            n="0117-a-1090"
            ecep:lem="thy"
            ecep:pos="po21"
            ecep:reg="thine"
            ecep:spe="thine"
            ecep:syllab="1"
            ecep:pron="ðaɪn">thine</w>
         <pc xml:id="n22cs-055240"
             n="0117-a-1100"
             ecep:lem=";"
             ecep:pos=";"
             ecep:reg=";"
             ecep:spe=";">;</pc>
      </l>
      <l xml:id="n22cs-l01290">
         <c> </c>
         <w xml:id="n22cs-055250"
            n="0117-a-1110"
            ecep:lem="and"
            ecep:pos="cc"
            ecep:reg="And"
            ecep:spe="And"
            ecep:syllab="1"
            ecep:pron="ænd">And</w>
         <c> </c>
         <w xml:id="n22cs-055260"
            n="0117-a-1120"
            ecep:lem="thy"
            ecep:pos="po21"
            ecep:reg="thine"
            ecep:spe="thine"
            ecep:syllab="1"
            ecep:pron="ðaɪn">thine</w>
         <c> </c>
         <w xml:id="n22cs-055270"
            n="0117-a-1130"
            ecep:lem="to"
            ecep:pos="pc-acp"
            ecep:reg="to"
            ecep:spe="to"
            ecep:syllab="1"
            ecep:pron="tuː">to</w>
         <c> </c>
         <w xml:id="n22cs-055280"
            n="0117-a-1140"
            ecep:lem="see"
            ecep:pos="vvi"
            ecep:reg="see"
            ecep:spe="see"
            ecep:syllab="1"
            ecep:pron="siː">see</w>
         <c> </c>
         <w xml:id="n22cs-055290"
            n="0117-a-1150"
            ecep:lem="her"
            ecep:pos="po31"
            ecep:reg="her"
            ecep:spe="her"
            ecep:syllab="1"
            ecep:pron="hɜː">her</w>
         <c> </c>
         <w xml:id="n22cs-055300"
            n="0117-a-1160"
            ecep:lem="smile"
            ecep:pos="n1"
            ecep:reg="smile"
            ecep:spe="smile"
            ecep:syllab="1"
            ecep:pron="smaɪl">smile</w>
         <c> </c>
         <w xml:id="n22cs-055310"
            n="0117-a-1170"
            ecep:lem="and"
            ecep:pos="cc"
            ecep:reg="and"
            ecep:spe="and"
            ecep:syllab="1"
            ecep:pron="ænd">and</w>
         <c> </c>
         <w xml:id="n22cs-055320"
            n="0117-a-1180"
            ecep:lem="hear"
            ecep:pos="vvi"
            ecep:reg="hear"
            ecep:spe="hear"
            ecep:syllab="1"
            ecep:pron="hɪə">hear</w>
         <c> </c>
         <w xml:id="n22cs-055330"
            n="0117-a-1190"
            ecep:lem="she"
            ecep:pos="pno31"
            ecep:reg="her"
            ecep:spe="her"
            ecep:syllab="1"
            ecep:pron="hɜː">her</w>
         <c> </c>
         <w xml:id="n22cs-055340"
            n="0117-a-1200"
            ecep:lem="speak"
            ecep:pos="vvi"
            ecep:reg="speak"
            ecep:spe="speak"
            ecep:syllab="1"
            ecep:pron="spiːk">speak</w>
         <pc xml:id="n22cs-055350"
             n="0117-a-1210"
             unit="sentence"
             ecep:lem="."
             ecep:pos="."
             ecep:reg="."
             ecep:spe=".">.</pc>
         <c> </c>
      </l>
      <l xml:id="n22cs-l01295">
         <w xml:id="n22cs-055360"
            n="0117-a-1220"
            ecep:lem="no"
            ecep:pos="uh-x"
            ecep:reg="No"
            ecep:spe="No"
            ecep:syllab="1"
            ecep:pron="nəʊ">No</w>
         <c> </c>
         <w xml:id="n22cs-055370"
            n="0117-a-1230"
            ecep:lem="bird"
            ecep:pos="n1"
            ecep:reg="bird"
            ecep:spe="bird"
            ecep:syllab="1"
            ecep:pron="bɜːd">bird</w>
         <pc xml:id="n22cs-055380"
             n="0117-a-1240"
             ecep:lem=","
             ecep:pos=","
             ecep:reg=","
             ecep:spe=",">,</pc>
         <c> </c>
         <w xml:id="n22cs-055390"
            n="0117-a-1250"
            ecep:lem="ill"
            ecep:pos="av-jn"
            ecep:reg="ill"
            ecep:spe="ill"
            ecep:syllab="1"
            ecep:pron="ɪl">ill</w>
         <c> </c>
         <w xml:id="n22cs-055400"
            n="0117-a-1260"
            ecep:lem="omened"
            ecep:pos="j"
            ecep:reg="omened"
            ecep:spe="omen'd"
            ecep:syllab="2"
            ecep:pron="ˈəʊmənd">omen'd</w>
         <pc xml:id="n22cs-055410"
             n="0117-a-1270"
             ecep:lem=","
             ecep:pos=","
             ecep:reg=","
             ecep:spe=",">,</pc>
         <c> </c>
         <w xml:id="n22cs-055420"
            n="0117-a-1280"
            ecep:lem="round"
            ecep:pos="av-j"
            ecep:reg="round"
            ecep:spe="round"
            ecep:syllab="1"
            ecep:pron="raʊnd">round</w>
         <c> </c>
         <w xml:id="n22cs-055430"
            n="0117-a-1290"
            ecep:lem="thy"
            ecep:pos="po21"
            ecep:reg="thy"
            ecep:spe="thy"
            ecep:syllab="1"
            ecep:pron="ðaɪ">thy</w>
         <c> </c>
         <w xml:id="n22cs-055440"
            n="0117-a-1300"
            ecep:lem="graceful"
            ecep:pos="j"
            ecep:reg="graceful"
            ecep:spe="graceful"
            ecep:syllab="2"
            ecep:pron="ˈgreɪsfl">graceful</w>
         <c> </c>
         <w xml:id="n22cs-055450"
            n="0117-a-1310"
            ecep:lem="head"
            ecep:pos="n1"
            ecep:reg="head"
            ecep:spe="head"
            ecep:syllab="1"
            ecep:pron="hed">head</w>
      </l>
      <l xml:id="n22cs-l01300">
         <c> </c>
         <w xml:id="n22cs-055460"
            n="0117-a-1320"
            ecep:lem="shall"
            ecep:pos="vmb"
            ecep:reg="Shall"
            ecep:spe="Shall"
            ecep:syllab="1"
            ecep:pron="ʃæl">Shall</w>
         <c> </c>
         <w xml:id="n22cs-055470"
            n="0117-a-1330"
            ecep:lem="clamour"
            ecep:pos="n1"
            ecep:reg="clamour"
            ecep:spe="clamour"
            ecep:syllab="2"
            ecep:pron="ˈklæmə">clamour</w>
         <c> </c>
         <w xml:id="n22cs-055480"
            n="0117-a-1340"
            ecep:lem="harsh"
            ecep:pos="j"
            ecep:reg="harsh"
            ecep:spe="harsh"
            ecep:syllab="1"
            ecep:pron="hɑːʃ">harsh</w>
         <pc xml:id="n22cs-055490"
             n="0117-a-1350"
             ecep:lem=","
             ecep:pos=","
             ecep:reg=","
             ecep:spe=",">,</pc>
         <c> </c>
         <w xml:id="n22cs-055500"
            n="0117-a-1360"
            ecep:lem="or"
            ecep:pos="cc"
            ecep:reg="or"
            ecep:spe="or"
            ecep:syllab="1"
            ecep:pron="ɔː">or</w>
         <c> </c>
         <w xml:id="n22cs-055510"
            n="0117-a-1370"
            ecep:lem="wave"
            ecep:pos="vvi"
            ecep:reg="wave"
            ecep:spe="wave"
            ecep:syllab="1"
            ecep:pron="weɪv">wave</w>
         <c> </c>
         <w xml:id="n22cs-055520"
            n="0117-a-1380"
            ecep:lem="his"
            ecep:pos="po31"
            ecep:reg="his"
            ecep:spe="his"
            ecep:syllab="1"
            ecep:pron="hɪz">his</w>
         <c> </c>
         <w xml:id="n22cs-055530"
            n="0117-a-1390"
            ecep:lem="heavy"
            ecep:pos="j"
            ecep:reg="heavy"
            ecep:spe="heavy"
            ecep:syllab="2"
            ecep:pron="ˈhevi">heavy</w>
         <c> </c>
         <w xml:id="n22cs-055540"
            n="0117-a-1400"
            ecep:lem="wing"
            ecep:pos="n1"
            ecep:reg="wing"
            ecep:spe="wing"
            ecep:syllab="1"
            ecep:pron="wɪŋ">wing</w>
         <pc xml:id="n22cs-055550"
             n="0117-a-1410"
             ecep:lem=","
             ecep:pos=","
             ecep:reg=","
             ecep:spe=",">,</pc>
      </l>
      <l xml:id="n22cs-l01305">
         <c> </c>
         <w xml:id="n22cs-055560"
            n="0117-a-1420"
            ecep:lem="but"
            ecep:pos="cc-acp"
            ecep:reg="But"
            ecep:spe="But"
            ecep:syllab="1"
            ecep:pron="bʌt">But</w>
         <c> </c>
         <w xml:id="n22cs-055570"
            n="0117-a-1430"
            ecep:lem="fern"
            ecep:pos="n1"
            ecep:reg="fern"
            ecep:spe="fern"
            ecep:syllab="1"
            ecep:pron="fɜːn">fern</w>
         <c> </c>
         <w xml:id="n22cs-055580"
            n="0117-a-1440"
            ecep:lem="and"
            ecep:pos="cc"
            ecep:reg="and"
            ecep:spe="and"
            ecep:syllab="1"
            ecep:pron="ænd">and</w>
         <c> </c>
         <w xml:id="n22cs-055590"
            n="0117-a-1450"
            ecep:lem="flower"
            ecep:pos="n2"
            ecep:reg="flowers"
            ecep:spe="flow'rs"
            ecep:syllab="1"
            ecep:pron="flæəz">flow'rs</w>
         <c> </c>
         <w xml:id="n22cs-055600"
            n="0117-a-1460"
            ecep:lem="arise"
            ecep:pos="vvb"
            ecep:reg="arise"
            ecep:spe="arise"
            ecep:syllab="2"
            ecep:pron="əˈraɪz">arise</w>
         <c> </c>
         <w xml:id="n22cs-055610"
            n="0117-a-1470"
            ecep:lem="beneath"
            ecep:pos="p-acp"
            ecep:reg="beneath"
            ecep:spe="beneath"
            ecep:syllab="2"
            ecep:pron="bɪˈniːθ">beneath</w>
         <c> </c>
         <w xml:id="n22cs-055620"
            n="0117-a-1480"
            ecep:lem="thy"
            ecep:pos="po21"
            ecep:reg="thy"
            ecep:spe="thy"
            ecep:syllab="1"
            ecep:pron="ðaɪ">thy</w>
         <c> </c>
         <w xml:id="n22cs-055630"
            n="0117-a-1490"
            ecep:lem="shade"
            ecep:pos="n1"
            ecep:reg="shade"
            ecep:spe="shade"
            ecep:syllab="1"
            ecep:pron="ʃeɪd">shade</w>
         <pc xml:id="n22cs-055640"
             n="0117-a-1500"
             ecep:lem=","
             ecep:pos=","
             ecep:reg=","
             ecep:spe=",">,</pc>
      </l>
      <l xml:id="n22cs-l01310">
         <c> </c>
         <w xml:id="n22cs-055650"
            n="0117-a-1510"
            ecep:lem="where"
            ecep:pos="q-crq"
            ecep:reg="Where"
            ecep:spe="Where"
            ecep:syllab="1"
            ecep:pron="weə">Where</w>
         <c> </c>
         <w xml:id="n22cs-055660"
            n="0117-a-1520"
            ecep:lem="the"
            ecep:pos="dt"
            ecep:reg="the"
            ecep:spe="the"
            ecep:syllab="1"
            ecep:pron="ðiː">the</w>
         <c> </c>
         <w xml:id="n22cs-055670"
            n="0117-a-1530"
            ecep:lem="wild"
            ecep:pos="j"
            ecep:reg="wild"
            ecep:spe="wild"
            ecep:syllab="1"
            ecep:pron="waɪld">wild</w>
         <c> </c>
         <w xml:id="n22cs-055680"
            n="0117-a-1540"
            ecep:lem="bee"
            ecep:pos="n2"
            ecep:reg="bees"
            ecep:spe="bees"
            ecep:syllab="1"
            ecep:pron="biːz">bees</w>
         <pc xml:id="n22cs-055690"
             n="0117-a-1550"
             ecep:lem=","
             ecep:pos=","
             ecep:reg=","
             ecep:spe=",">,</pc>
         <c> </c>
         <w xml:id="n22cs-055700"
            n="0117-a-1560"
            ecep:lem="their"
            ecep:pos="po32"
            ecep:reg="their"
            ecep:spe="their"
            ecep:syllab="1"
            ecep:pron="ðeə">their</w>
         <c> </c>
         <w xml:id="n22cs-055710"
            n="0117-a-1570"
            ecep:lem="lullaby"
            ecep:pos="n2"
            ecep:reg="lullabies"
            ecep:spe="lullabies"
            ecep:syllab="3"
            ecep:pron="ˈlʌləbaɪz">lullabies</w>
         <c> </c>
         <w xml:id="n22cs-055720"
            n="0117-a-1580"
            ecep:lem="shall"
            ecep:pos="vmb"
            ecep:reg="shall"
            ecep:spe="shall"
            ecep:syllab="1"
            ecep:pron="ʃæl">shall</w>
         <c> </c>
         <w xml:id="n22cs-055730"
            n="0117-a-1590"
            ecep:lem="sing"
            ecep:pos="vvi"
            ecep:reg="sing"
            ecep:spe="sing"
            ecep:syllab="1"
            ecep:pron="sɪŋ">sing</w>
         <pc xml:id="n22cs-055740"
             n="0117-a-1600"
             ecep:lem=","
             ecep:pos=","
             ecep:reg=","
             ecep:spe=",">,</pc>
      </l>
      <l xml:id="n22cs-l01315">
         <c> </c>
         <w xml:id="n22cs-055750"
            n="0117-a-1610"
            ecep:lem="and"
            ecep:pos="cc"
            ecep:reg="And"
            ecep:spe="And"
            ecep:syllab="1"
            ecep:pron="ænd">And</w>
         <c> </c>
         <w xml:id="n22cs-055760"
            n="0117-a-1620"
            ecep:lem="in"
            ecep:pos="p-acp"
            ecep:reg="in"
            ecep:spe="in"
            ecep:syllab="1"
            ecep:pron="ɪn">in</w>
         <c> </c>
         <w xml:id="n22cs-055770"
            n="0117-a-1630"
            ecep:lem="thy"
            ecep:pos="po21"
            ecep:reg="thy"
            ecep:spe="thy"
            ecep:syllab="1"
            ecep:pron="ðaɪ">thy</w>
         <c> </c>
         <w xml:id="n22cs-055780"
            n="0117-a-1640"
            ecep:lem="bough"
            ecep:pos="n2"
            ecep:reg="boughs"
            ecep:spe="boughs"
            ecep:syllab="1"
            ecep:pron="baʊz">boughs</w>
         <c> </c>
         <w xml:id="n22cs-055790"
            n="0117-a-1650"
            ecep:lem="the"
            ecep:pos="dt"
            ecep:reg="the"
            ecep:spe="the"
            ecep:syllab="1"
            ecep:pron="ðiː">the</w>
         <c> </c>
         <w xml:id="n22cs-055800"
            n="0117-a-1660"
            ecep:lem="murmur"
            ecep:pos="j-vvg"
            ecep:reg="murmuring"
            ecep:spe="murmuring"
            ecep:syllab="3"
            ecep:pron="ˈmɜːmrɪŋ">murmuring</w>
         <c> </c>
         <w xml:id="n22cs-055810"
            n="0117-a-1670"
            ecep:lem="ringdove"
            ecep:pos="n1"
            ecep:reg="ringdove"
            ecep:spe="ringdove"
            ecep:syllab="2"
            ecep:pron="ˈrɪŋˌdʌv">ringdove</w>
         <c> </c>
         <w xml:id="n22cs-055820"
            n="0117-a-1680"
            ecep:lem="rest"
            ecep:pos="vvi"
            ecep:reg="rest"
            ecep:spe="rest"
            ecep:syllab="1"
            ecep:pron="rest">rest</w>
         <pc xml:id="n22cs-055830"
             n="0117-a-1690"
             ecep:lem=";"
             ecep:pos=";"
             ecep:reg=";"
             ecep:spe=";">;</pc>
      </l>
      <l xml:id="n22cs-l01320">
         <c> </c>
         <w xml:id="n22cs-055840"
            n="0117-a-1700"
            ecep:lem="and"
            ecep:pos="cc"
            ecep:reg="And"
            ecep:spe="And"
            ecep:syllab="1"
            ecep:pron="ænd">And</w>
         <c> </c>
         <w xml:id="n22cs-055850"
            n="0117-a-1710"
            ecep:lem="there"
            ecep:pos="a-acp"
            ecep:reg="there"
            ecep:spe="there"
            ecep:syllab="1"
            ecep:pron="ðeə">there</w>
         <c> </c>
         <w xml:id="n22cs-055860"
            n="0117-a-1720"
            ecep:lem="the"
            ecep:pos="dt"
            ecep:reg="the"
            ecep:spe="the"
            ecep:syllab="1"
            ecep:pron="ðiː">the</w>
         <c> </c>
         <w xml:id="n22cs-055870"
            n="0117-a-1730"
            ecep:lem="nightingale"
            ecep:pos="n1"
            ecep:reg="nightingale"
            ecep:spe="nightingale"
            ecep:syllab="3"
            ecep:pron="ˈnaɪtɪŋgeɪl">nightingale</w>
         <c> </c>
         <w xml:id="n22cs-055880"
            n="0117-a-1740"
            ecep:lem="shall"
            ecep:pos="vmb"
            ecep:reg="shall"
            ecep:spe="shall"
            ecep:syllab="1"
            ecep:pron="ʃæl">shall</w>
         <c> </c>
         <w xml:id="n22cs-055890"
            n="0117-a-1750"
            ecep:lem="build"
            ecep:pos="vvi"
            ecep:reg="build"
            ecep:spe="build"
            ecep:syllab="1"
            ecep:pron="bɪld">build</w>
         <c> </c>
         <w xml:id="n22cs-055900"
            n="0117-a-1760"
            ecep:lem="her"
            ecep:pos="po31"
            ecep:reg="her"
            ecep:spe="her"
            ecep:syllab="1"
            ecep:pron="hɜː">her</w>
         <c> </c>
         <w xml:id="n22cs-055910"
            n="0117-a-1770"
            ecep:lem="nest"
            ecep:pos="n1"
            ecep:reg="nest"
            ecep:spe="nest"
            ecep:syllab="1"
            ecep:pron="nest">nest</w>
         <pc xml:id="n22cs-055920"
             n="0117-a-1780"
             unit="sentence"
             ecep:lem="."
             ecep:pos="."
             ecep:reg="."
             ecep:spe=".">.</pc>
         <c> </c>
      </l>
   </lg>
</div>
