<?xml version="1.0" encoding="UTF-8"?>
<div xmlns:ecep="http://www.eighteenthcenturypoetry.org/ns"
     xmlns="http://www.tei-c.org/ns/1.0"
     xmlns:tei="http://www.tei-c.org/ns/1.0"
     ana="#iamb #tetrameter #trimeter #pentameter #address #ode"
     corresp="#txt_WattIs1674_w0066"
     decls="#semi-normalized"
     ecep:syllab=""
     met="irregular"
     rendition="#lgvspace"
     rhyme="irregular"
     subtype="eceptext"
     type="poem"
     xml:id="o4672-w0660">
   <link target="authors.xml#aut_WattIs1674" type="author"/>
   <head type="main">
      <w xml:id="o4672-282800"
         n="o4672/0220-a-0380"
         ecep:lem="to"
         ecep:pos="p-acp"
         ecep:reg="TO"
         ecep:spe="TO"
         ecep:syllab="1"
         ecep:pron="tuː">TO</w>
      <c> </c>
      <hi>
         <w xml:id="o4672-282810"
            n="o4672/0220-a-0390"
            ecep:lem="John"
            ecep:pos="np1"
            ecep:reg="John"
            ecep:spe="John"
            ecep:syllab="1"
            ecep:pron="dʒɒn">John</w>
         <c> </c>
         <w xml:id="o4672-282820"
            n="o4672/0220-a-0400"
            ecep:lem="Hartopp"
            ecep:pos="np1"
            ecep:reg="Hartopp"
            ecep:spe="Hartopp"
            ecep:syllab="2"
            ecep:pron="hˈɑːtɒp">Hartopp</w>
      </hi>
      <abbr>
         <c> </c>
         <w xml:id="o4672-282830"
            n="o4672/0220-a-0410"
            ecep:lem="ESQ"
            ecep:pos="np1"
            ecep:reg="Esq"
            ecep:spe="Esq"
            ecep:syllab="1"
            ecep:pron="ˈesk">Esq</w>
      </abbr>
   </head>
   <head>
      <w xml:id="o4672-282860"
         n="o4672/0220-a-0420"
         ecep:lem="the"
         ecep:pos="dt"
         ecep:reg="THE"
         ecep:spe="THE"
         ecep:syllab="1"
         ecep:pron="ðiː">THE</w>
      <c> </c>
      <w xml:id="o4672-282870"
         n="o4672/0220-a-0430"
         ecep:lem="disdain"
         ecep:pos="n1"
         ecep:reg="Disdain"
         ecep:spe="Disdain"
         ecep:syllab="2"
         ecep:pron="dɪsˈdeɪn">Disdain</w>
      <c> </c>
      <w xml:id="o4672-282880"
         n="o4672/0220-a-0440"
         ecep:lem="of"
         ecep:pos="pp-f"
         ecep:reg="of"
         ecep:spe="of"
         ecep:syllab="1"
         ecep:pron="ɒv">of</w>
      <c> </c>
      <w xml:id="o4672-282890"
         n="o4672/0220-a-0450"
         ecep:lem="sensual"
         ecep:pos="j"
         ecep:reg="Sensual"
         ecep:spe="Sensual"
         ecep:syllab="3"
         ecep:pron="ˈsensjʊəl">Sensual</w>
      <c> </c>
      <w xml:id="o4672-282900"
         n="o4672/0220-a-0460"
         ecep:lem="joy"
         ecep:pos="n2"
         ecep:reg="Joys"
         ecep:spe="Joys"
         ecep:syllab="1"
         ecep:pron="dʒɔɪz">Joys</w>
      <pc xml:id="o4672-282910"
          n="o4672/0220-a-0470"
          unit="sentence"
          ecep:lem="."
          ecep:pos="."
          ecep:reg="."
          ecep:spe=".">.</pc>
   </head>
   <opener>
      <dateline>
         <date>
            <w xml:id="o4672-282960"
               n="o4672/0220-a-0480"
               ecep:lem="1704."
               ecep:pos="crd"
               ecep:reg="1704."
               ecep:spe="1704."
               ecep:syllab="1"
               ecep:pron="wˈɒnθˈaʊzəndsˈevənhˈʌndrədənfˈɔː">1704.</w>
            <pc unit="sentence" xml:id="o4672-282960-eos" n="o4672/0220-a-0490"/>
         </date>
      </dateline>
   </opener>
   <lg n="1" xml:id="o4672-s02585">
      <l xml:id="o4672-l13445">
         <hi>
            <w xml:id="o4672-282990"
               n="o4672/0220-a-0500"
               ecep:lem="Hartopp"
               ecep:pos="np1"
               ecep:reg="HARTOPP"
               ecep:spe="HARTOPP"
               ecep:syllab="2"
               ecep:pron="hˈɑːtɒp">HARTOPP</w>
            <pc xml:id="o4672-283000"
                n="o4672/0220-a-0510"
                ecep:lem=","
                ecep:pos=","
                ecep:reg=","
                ecep:spe=",">,</pc>
         </hi>
         <c> </c>
         <w xml:id="o4672-283010"
            n="o4672/0220-a-0520"
            ecep:lem="i"
            ecep:pos="pns11"
            ecep:reg="I"
            ecep:spe="I"
            ecep:syllab="1"
            ecep:pron="aɪ">I</w>
         <c> </c>
         <w xml:id="o4672-283020"
            n="o4672/0220-a-0530"
            ecep:lem="love"
            ecep:pos="vvb"
            ecep:reg="love"
            ecep:spe="love"
            ecep:syllab="1"
            ecep:pron="lʌv">love</w>
         <c> </c>
         <w xml:id="o4672-283030"
            n="o4672/0220-a-0540"
            ecep:lem="the"
            ecep:pos="dt"
            ecep:reg="the"
            ecep:spe="the"
            ecep:syllab="1"
            ecep:pron="ðiː">the</w>
         <c> </c>
         <w xml:id="o4672-283040"
            n="o4672/0220-a-0550"
            ecep:lem="soul"
            ecep:pos="n1"
            ecep:reg="Soul"
            ecep:spe="Soul"
            ecep:syllab="1"
            ecep:pron="səʊl">Soul</w>
         <c> </c>
         <w xml:id="o4672-283050"
            n="o4672/0220-a-0560"
            ecep:lem="that"
            ecep:pos="cst"
            ecep:reg="that"
            ecep:spe="that"
            ecep:syllab="1"
            ecep:pron="ðæt">that</w>
         <c> </c>
         <w xml:id="o4672-283060"
            n="o4672/0220-a-0570"
            ecep:lem="dare"
            ecep:pos="vvz"
            ecep:reg="dares"
            ecep:spe="dares"
            ecep:syllab="1"
            ecep:pron="deəz">dares</w>
      </l>
      <l xml:id="o4672-l13450">
         <c> </c>
         <w xml:id="o4672-283070"
            n="o4672/0220-a-0580"
            ecep:lem="tread"
            ecep:pos="vvb"
            ecep:reg="Tread"
            ecep:spe="Tread"
            ecep:syllab="1"
            ecep:pron="tred">Tread</w>
         <c> </c>
         <w xml:id="o4672-283080"
            n="o4672/0220-a-0590"
            ecep:lem="the"
            ecep:pos="dt"
            ecep:reg="the"
            ecep:spe="the"
            ecep:syllab="1"
            ecep:pron="ðiː">the</w>
         <c> </c>
         <w xml:id="o4672-283090"
            n="o4672/0220-a-0600"
            ecep:lem="temptation"
            ecep:pos="n2"
            ecep:reg="Temptations"
            ecep:spe="Temptations"
            ecep:syllab="3"
            ecep:pron="tempˈteɪʃnz">Temptations</w>
         <c> </c>
         <w xml:id="o4672-283100"
            n="o4672/0220-a-0610"
            ecep:lem="of"
            ecep:pos="pp-f"
            ecep:reg="of"
            ecep:spe="of"
            ecep:syllab="1"
            ecep:pron="ɒv">of</w>
         <c> </c>
         <w xml:id="o4672-283110"
            n="o4672/0220-a-0620"
            ecep:lem="his"
            ecep:pos="po31"
            ecep:reg="his"
            ecep:spe="his"
            ecep:syllab="1"
            ecep:pron="hɪz">his</w>
         <c> </c>
         <w xml:id="o4672-283120"
            n="o4672/0220-a-0630"
            ecep:lem="year"
            ecep:pos="n2"
            ecep:reg="Years"
            ecep:spe="Years"
            ecep:syllab="1"
            ecep:pron="jɪəz">Years</w>
      </l>
      <l xml:id="o4672-l13455">
         <c> </c>
         <w xml:id="o4672-283130"
            n="o4672/0220-a-0640"
            ecep:lem="beneath"
            ecep:pos="p-acp"
            ecep:reg="Beneath"
            ecep:spe="Beneath"
            ecep:syllab="2"
            ecep:pron="bɪˈniːθ">Beneath</w>
         <c> </c>
         <w xml:id="o4672-283140"
            n="o4672/0220-a-0650"
            ecep:lem="his"
            ecep:pos="po31"
            ecep:reg="his"
            ecep:spe="his"
            ecep:syllab="1"
            ecep:pron="hɪz">his</w>
         <c> </c>
         <w xml:id="o4672-283150"
            n="o4672/0220-a-0660"
            ecep:lem="youthful"
            ecep:pos="j"
            ecep:reg="Youthful"
            ecep:spe="Youthful"
            ecep:syllab="2"
            ecep:pron="ˈjuːθfl">Youthful</w>
         <c> </c>
         <w xml:id="o4672-283160"
            n="o4672/0220-a-0670"
            ecep:lem="foot"
            ecep:pos="n2"
            ecep:reg="Feet"
            ecep:spe="Feet"
            ecep:syllab="1"
            ecep:pron="fiːt">Feet</w>
         <pc xml:id="o4672-283170"
             n="o4672/0220-a-0680"
             ecep:lem=":"
             ecep:pos=":"
             ecep:reg=":"
             ecep:spe=":">:</pc>
      </l>
      <l xml:id="o4672-l13460">
         <c> </c>
         <hi>
            <w xml:id="o4672-283180"
               n="o4672/0220-a-0690"
               ecep:lem="Fleetwood"
               ecep:pos="np1"
               ecep:reg="FLEETWOOD"
               ecep:spe="FLEETWOOD"
               ecep:syllab="2"
               ecep:pron="ˈfliːtwʊd">FLEETWOOD</w>
         </hi>
         <c> </c>
         <w xml:id="o4672-283190"
            n="o4672/0220-a-0700"
            ecep:lem="and"
            ecep:pos="cc"
            ecep:reg="and"
            ecep:spe="and"
            ecep:syllab="1"
            ecep:pron="ænd">and</w>
         <c> </c>
         <w xml:id="o4672-283200"
            n="o4672/0220-a-0710"
            ecep:lem="all"
            ecep:pos="d"
            ecep:reg="all"
            ecep:spe="all"
            ecep:syllab="1"
            ecep:pron="ɔːl">all</w>
         <c> </c>
         <w xml:id="o4672-283210"
            n="o4672/0220-a-0720"
            ecep:lem="thy"
            ecep:pos="po21"
            ecep:reg="thy"
            ecep:spe="thy"
            ecep:syllab="1"
            ecep:pron="ðaɪ">thy</w>
         <c> </c>
         <w xml:id="o4672-283220"
            n="o4672/0220-a-0730"
            ecep:lem="heavenly"
            ecep:pos="j"
            ecep:reg="Heavenly"
            ecep:spe="Heavenly"
            ecep:syllab="2"
            ecep:pron="ˈhevnli">Heavenly</w>
         <c> </c>
         <w xml:id="o4672-283230"
            n="o4672/0220-a-0740"
            ecep:lem="line"
            ecep:pos="n1"
            ecep:reg="Line"
            ecep:spe="Line"
            ecep:syllab="1"
            ecep:pron="laɪn">Line</w>
      </l>
      <l xml:id="o4672-l13465">
         <c> </c>
         <w xml:id="o4672-283240"
            n="o4672/0220-a-0750"
            ecep:lem="look"
            ecep:pos="vvb"
            ecep:reg="Look"
            ecep:spe="Look"
            ecep:syllab="1"
            ecep:pron="lʊk">Look</w>
         <c> </c>
         <w xml:id="o4672-283250"
            n="o4672/0220-a-0760"
            ecep:lem="through"
            ecep:pos="p-acp"
            ecep:reg="through"
            ecep:spe="thro'"
            ecep:syllab="1"
            ecep:pron="θruː">thro'</w>
         <c> </c>
         <w xml:id="o4672-283260"
            n="o4672/0220-a-0770"
            ecep:lem="the"
            ecep:pos="dt"
            ecep:reg="the"
            ecep:spe="the"
            ecep:syllab="1"
            ecep:pron="ðiː">the</w>
         <c> </c>
         <w xml:id="o4672-283270"
            n="o4672/0220-a-0780"
            ecep:lem="star"
            ecep:pos="n2"
            ecep:reg="Stars"
            ecep:spe="Stars"
            ecep:syllab="1"
            ecep:pron="stɑːz">Stars</w>
         <pc xml:id="o4672-283280"
             n="o4672/0220-a-0790"
             ecep:lem=","
             ecep:pos=","
             ecep:reg=","
             ecep:spe=",">,</pc>
         <c> </c>
         <w xml:id="o4672-283290"
            n="o4672/0220-a-0800"
            ecep:lem="and"
            ecep:pos="cc"
            ecep:reg="and"
            ecep:spe="and"
            ecep:syllab="1"
            ecep:pron="ænd">and</w>
         <c> </c>
         <w xml:id="o4672-283300"
            n="o4672/0220-a-0810"
            ecep:lem="smile"
            ecep:pos="vvb"
            ecep:reg="Smile"
            ecep:spe="Smile"
            ecep:syllab="1"
            ecep:pron="smaɪl">Smile</w>
         <c> </c>
         <w xml:id="o4672-283310"
            n="o4672/0220-a-0820"
            ecep:lem="divine"
            ecep:pos="j-jn"
            ecep:reg="Divine"
            ecep:spe="Divine"
            ecep:syllab="2"
            ecep:pron="dɪˈvaɪn">Divine</w>
      </l>
      <l xml:id="o4672-l13470">
         <c> </c>
         <w xml:id="o4672-283320"
            n="o4672/0220-a-0830"
            ecep:lem="upon"
            ecep:pos="p-acp"
            ecep:reg="Upon"
            ecep:spe="Upon"
            ecep:syllab="2"
            ecep:pron="əˈpɒn">Upon</w>
         <c> </c>
         <w xml:id="o4672-283330"
            n="o4672/0220-a-0840"
            ecep:lem="a"
            ecep:pos="dt"
            ecep:reg="an"
            ecep:spe="an"
            ecep:syllab="1"
            ecep:pron="æn">an</w>
         <c> </c>
         <w xml:id="o4672-283340"
            n="o4672/0220-a-0850"
            ecep:lem="heir"
            ecep:pos="n1"
            ecep:reg="Heir"
            ecep:spe="Heir"
            ecep:syllab="1"
            ecep:pron="eə">Heir</w>
         <c> </c>
         <w xml:id="o4672-283350"
            n="o4672/0220-a-0860"
            ecep:lem="so"
            ecep:pos="av"
            ecep:reg="so"
            ecep:spe="so"
            ecep:syllab="1"
            ecep:pron="səʊ">so</w>
         <c> </c>
         <w xml:id="o4672-283360"
            n="o4672/0220-a-0870"
            ecep:lem="great"
            ecep:pos="j"
            ecep:reg="Great"
            ecep:spe="Great"
            ecep:syllab="1"
            ecep:pron="greɪt">Great</w>
         <pc xml:id="o4672-283370"
             n="o4672/0220-a-0880"
             unit="sentence"
             ecep:lem="."
             ecep:pos="."
             ecep:reg="."
             ecep:spe=".">.</pc>
         <c> </c>
      </l>
      <pb facs="o4672/0221" n="202" rend="none"/>
      <l xml:id="o4672-l13475">
         <w xml:id="o4672-283380"
            n="o4672/0221-a-0010"
            ecep:lem="young"
            ecep:pos="j"
            ecep:reg="Young"
            ecep:spe="Young"
            ecep:syllab="1"
            ecep:pron="jʌŋ">Young</w>
         <c> </c>
         <hi>
            <w xml:id="o4672-283390"
               n="o4672/0221-a-0020"
               ecep:lem="Hartopp"
               ecep:pos="np1"
               ecep:reg="HARTOPP"
               ecep:spe="HARTOPP"
               ecep:syllab="2"
               ecep:pron="hˈɑːtɒp">HARTOPP</w>
         </hi>
         <c> </c>
         <w xml:id="o4672-283400"
            n="o4672/0221-a-0030"
            ecep:lem="know"
            ecep:pos="vvz"
            ecep:reg="knows"
            ecep:spe="knows"
            ecep:syllab="1"
            ecep:pron="nəʊz">knows</w>
         <c> </c>
         <w xml:id="o4672-283410"
            n="o4672/0221-a-0040"
            ecep:lem="this"
            ecep:pos="d"
            ecep:reg="this"
            ecep:spe="this"
            ecep:syllab="1"
            ecep:pron="ðɪs">this</w>
         <c> </c>
         <w xml:id="o4672-283420"
            n="o4672/0221-a-0050"
            ecep:lem="noble"
            ecep:pos="j"
            ecep:reg="Noble"
            ecep:spe="Noble"
            ecep:syllab="2"
            ecep:pron="ˈnəʊbl">Noble</w>
         <c> </c>
         <w xml:id="o4672-283430"
            n="o4672/0221-a-0060"
            ecep:lem="theme"
            ecep:pos="n1"
            ecep:reg="Theme"
            ecep:spe="Theme"
            ecep:syllab="1"
            ecep:pron="θiːm">Theme</w>
         <pc xml:id="o4672-283440"
             n="o4672/0221-a-0070"
             ecep:lem=","
             ecep:pos=","
             ecep:reg=","
             ecep:spe=",">,</pc>
      </l>
      <l xml:id="o4672-l13480">
         <c> </c>
         <w xml:id="o4672-283450"
            n="o4672/0221-a-0080"
            ecep:lem="that"
            ecep:pos="cst"
            ecep:reg="That"
            ecep:spe="That"
            ecep:syllab="1"
            ecep:pron="ðæt">That</w>
         <c> </c>
         <w xml:id="o4672-283460"
            n="o4672/0221-a-0090"
            ecep:lem="the"
            ecep:pos="dt"
            ecep:reg="the"
            ecep:spe="the"
            ecep:syllab="1"
            ecep:pron="ðiː">the</w>
         <c> </c>
         <w xml:id="o4672-283470"
            n="o4672/0221-a-0100"
            ecep:lem="wild"
            ecep:pos="j"
            ecep:reg="wild"
            ecep:spe="wild"
            ecep:syllab="1"
            ecep:pron="waɪld">wild</w>
         <c> </c>
         <w xml:id="o4672-283480"
            n="o4672/0221-a-0110"
            ecep:lem="scene"
            ecep:pos="n2"
            ecep:reg="Scenes"
            ecep:spe="Scenes"
            ecep:syllab="1"
            ecep:pron="siːnz">Scenes</w>
         <c> </c>
         <w xml:id="o4672-283490"
            n="o4672/0221-a-0120"
            ecep:lem="of"
            ecep:pos="pp-f"
            ecep:reg="of"
            ecep:spe="of"
            ecep:syllab="1"
            ecep:pron="ɒv">of</w>
         <c> </c>
         <w xml:id="o4672-283500"
            n="o4672/0221-a-0130"
            ecep:lem="Busie"
            ecep:pos="np1"
            ecep:reg="Busie"
            ecep:spe="Busie"
            ecep:syllab="2"
            ecep:pron="bˈɪzi">Busie</w>
         <c> </c>
         <w xml:id="o4672-283510"
            n="o4672/0221-a-0140"
            ecep:lem="life"
            ecep:pos="n1"
            ecep:reg="Life"
            ecep:spe="Life"
            ecep:syllab="1"
            ecep:pron="laɪf">Life</w>
         <pc xml:id="o4672-283520"
             n="o4672/0221-a-0150"
             ecep:lem=","
             ecep:pos=","
             ecep:reg=","
             ecep:spe=",">,</pc>
      </l>
      <l xml:id="o4672-l13485">
         <c> </c>
         <w xml:id="o4672-283530"
            n="o4672/0221-a-0160"
            ecep:lem="the"
            ecep:pos="dt"
            ecep:reg="The"
            ecep:spe="The"
            ecep:syllab="1"
            ecep:pron="ðiː">The</w>
         <c> </c>
         <w xml:id="o4672-283540"
            n="o4672/0221-a-0170"
            ecep:lem="noise"
            ecep:pos="n1"
            ecep:reg="Noise"
            ecep:spe="Noise"
            ecep:syllab="1"
            ecep:pron="nɔɪz">Noise</w>
         <pc xml:id="o4672-283550"
             n="o4672/0221-a-0180"
             ecep:lem=","
             ecep:pos=","
             ecep:reg=","
             ecep:spe=",">,</pc>
         <c> </c>
         <w xml:id="o4672-283560"
            n="o4672/0221-a-0190"
            ecep:lem="the"
            ecep:pos="dt"
            ecep:reg="the"
            ecep:spe="th'"
            ecep:syllab="0"
            ecep:pron="ð">th'</w>
         <c> </c>
         <w xml:id="o4672-283570"
            n="o4672/0221-a-0200"
            ecep:lem="amusement"
            ecep:pos="n2"
            ecep:reg="Amusements"
            ecep:spe="Amusements"
            ecep:syllab="3"
            ecep:pron="əˈmjuːzmənts">Amusements</w>
         <pc xml:id="o4672-283580"
             n="o4672/0221-a-0210"
             ecep:lem=","
             ecep:pos=","
             ecep:reg=","
             ecep:spe=",">,</pc>
         <c> </c>
         <w xml:id="o4672-283590"
            n="o4672/0221-a-0220"
            ecep:lem="and"
            ecep:pos="cc"
            ecep:reg="and"
            ecep:spe="and"
            ecep:syllab="1"
            ecep:pron="ænd">and</w>
         <c> </c>
         <w xml:id="o4672-283600"
            n="o4672/0221-a-0230"
            ecep:lem="the"
            ecep:pos="dt"
            ecep:reg="the"
            ecep:spe="the"
            ecep:syllab="1"
            ecep:pron="ðiː">the</w>
         <c> </c>
         <w xml:id="o4672-283610"
            n="o4672/0221-a-0240"
            ecep:lem="strife"
            ecep:pos="n1"
            ecep:reg="Strife"
            ecep:spe="Strife"
            ecep:syllab="1"
            ecep:pron="straɪf">Strife</w>
      </l>
      <l xml:id="o4672-l13490">
         <c> </c>
         <w xml:id="o4672-283620"
            n="o4672/0221-a-0250"
            ecep:lem="be"
            ecep:pos="vbb"
            ecep:reg="Are"
            ecep:spe="Are"
            ecep:syllab="1"
            ecep:pron="ɑː">Are</w>
         <c> </c>
         <w xml:id="o4672-283630"
            n="o4672/0221-a-0260"
            ecep:lem="but"
            ecep:pos="p-acp"
            ecep:reg="but"
            ecep:spe="but"
            ecep:syllab="1"
            ecep:pron="bʌt">but</w>
         <c> </c>
         <w xml:id="o4672-283640"
            n="o4672/0221-a-0270"
            ecep:lem="the"
            ecep:pos="dt"
            ecep:reg="the"
            ecep:spe="the"
            ecep:syllab="1"
            ecep:pron="ðiː">the</w>
         <c> </c>
         <w xml:id="o4672-283650"
            n="o4672/0221-a-0280"
            ecep:lem="vision"
            ecep:pos="n2"
            ecep:reg="Visions"
            ecep:spe="Visions"
            ecep:syllab="2"
            ecep:pron="ˈvɪʒnz">Visions</w>
         <c> </c>
         <w xml:id="o4672-283660"
            n="o4672/0221-a-0290"
            ecep:lem="of"
            ecep:pos="pp-f"
            ecep:reg="of"
            ecep:spe="of"
            ecep:syllab="1"
            ecep:pron="ɒv">of</w>
         <c> </c>
         <w xml:id="o4672-283670"
            n="o4672/0221-a-0300"
            ecep:lem="the"
            ecep:pos="dt"
            ecep:reg="the"
            ecep:spe="the"
            ecep:syllab="1"
            ecep:pron="ðiː">the</w>
         <c> </c>
         <w xml:id="o4672-283680"
            n="o4672/0221-a-0310"
            ecep:lem="night"
            ecep:pos="n1"
            ecep:reg="Night"
            ecep:spe="Night"
            ecep:syllab="1"
            ecep:pron="naɪt">Night</w>
         <pc xml:id="o4672-283690"
             n="o4672/0221-a-0320"
             ecep:lem=","
             ecep:pos=","
             ecep:reg=","
             ecep:spe=",">,</pc>
      </l>
      <l xml:id="o4672-l13495">
         <c> </c>
         <w xml:id="o4672-283700"
            n="o4672/0221-a-0330"
            ecep:lem="gay"
            ecep:pos="j"
            ecep:reg="Gay"
            ecep:spe="Gay"
            ecep:syllab="1"
            ecep:pron="geɪ">Gay</w>
         <c> </c>
         <w xml:id="o4672-283710"
            n="o4672/0221-a-0340"
            ecep:lem="phantom"
            ecep:pos="n2"
            ecep:reg="Phantoms"
            ecep:spe="Phantoms"
            ecep:syllab="2"
            ecep:pron="ˈfæntəmz">Phantoms</w>
         <c> </c>
         <w xml:id="o4672-283720"
            n="o4672/0221-a-0350"
            ecep:lem="of"
            ecep:pos="pp-f"
            ecep:reg="of"
            ecep:spe="of"
            ecep:syllab="1"
            ecep:pron="ɒv">of</w>
         <c> </c>
         <w xml:id="o4672-283730"
            n="o4672/0221-a-0360"
            ecep:lem="delusive"
            ecep:pos="j"
            ecep:reg="delusive"
            ecep:spe="delusive"
            ecep:syllab="3"
            ecep:pron="dɪˈluːsɪv">delusive</w>
         <c> </c>
         <w xml:id="o4672-283740"
            n="o4672/0221-a-0370"
            ecep:lem="light"
            ecep:pos="n1"
            ecep:reg="Light"
            ecep:spe="Light"
            ecep:syllab="1"
            ecep:pron="laɪt">Light</w>
         <pc xml:id="o4672-283750"
             n="o4672/0221-a-0380"
             ecep:lem=","
             ecep:pos=","
             ecep:reg=","
             ecep:spe=",">,</pc>
      </l>
      <l xml:id="o4672-l13500">
         <c> </c>
         <w xml:id="o4672-283760"
            n="o4672/0221-a-0390"
            ecep:lem="or"
            ecep:pos="cc"
            ecep:reg="Or"
            ecep:spe="Or"
            ecep:syllab="1"
            ecep:pron="ɔː">Or</w>
         <c> </c>
         <w xml:id="o4672-283770"
            n="o4672/0221-a-0400"
            ecep:lem="a"
            ecep:pos="dt"
            ecep:reg="a"
            ecep:spe="a"
            ecep:syllab="1"
            ecep:pron="ə">a</w>
         <c> </c>
         <w xml:id="o4672-283780"
            n="o4672/0221-a-0410"
            ecep:lem="vexatious"
            ecep:pos="j"
            ecep:reg="Vexatious"
            ecep:spe="Vexatious"
            ecep:syllab="3"
            ecep:pron="vekˈseɪʃəs">Vexatious</w>
         <c> </c>
         <w xml:id="o4672-283790"
            n="o4672/0221-a-0420"
            ecep:lem="dream"
            ecep:pos="n1"
            ecep:reg="Dream"
            ecep:spe="Dream"
            ecep:syllab="1"
            ecep:pron="driːm">Dream</w>
         <pc xml:id="o4672-283800"
             n="o4672/0221-a-0430"
             unit="sentence"
             ecep:lem="."
             ecep:pos="."
             ecep:reg="."
             ecep:spe=".">.</pc>
         <c> </c>
      </l>
   </lg>
   <lg n="2" xml:id="o4672-s02590">
      <head>
         <w xml:id="o4672-283840"
            n="o4672/0221-a-0440"
            ecep:lem="ii"
            ecep:pos="crd"
            ecep:reg="II"
            ecep:spe="II"
            ecep:syllab="1"
            ecep:pron="rˌəʊməntˈuː">II</w>
         <pc xml:id="o4672-283850"
             n="o4672/0221-a-0450"
             unit="sentence"
             ecep:lem="."
             ecep:pos="."
             ecep:reg="."
             ecep:spe=".">.</pc>
      </head>
      <l xml:id="o4672-l13505">
         <w xml:id="o4672-283870"
            n="o4672/0221-a-0460"
            ecep:lem="flesh"
            ecep:pos="n1"
            ecep:reg="Flesh"
            ecep:spe="Flesh"
            ecep:syllab="1"
            ecep:pron="fleʃ">Flesh</w>
         <c> </c>
         <w xml:id="o4672-283880"
            n="o4672/0221-a-0470"
            ecep:lem="be"
            ecep:pos="vbz"
            ecep:reg="is"
            ecep:spe="is"
            ecep:syllab="1"
            ecep:pron="ɪz">is</w>
         <c> </c>
         <w xml:id="o4672-283890"
            n="o4672/0221-a-0480"
            ecep:lem="the"
            ecep:pos="dt"
            ecep:reg="the"
            ecep:spe="the"
            ecep:syllab="1"
            ecep:pron="ðiː">the</w>
         <c> </c>
         <w xml:id="o4672-283900"
            n="o4672/0221-a-0490"
            ecep:lem="vile"
            ecep:pos="js"
            ecep:reg="vilest"
            ecep:spe="vilest"
            ecep:syllab="2"
            ecep:pron="vaɪlɪst">vilest</w>
         <c> </c>
         <w xml:id="o4672-283910"
            n="o4672/0221-a-0500"
            ecep:lem="and"
            ecep:pos="cc"
            ecep:reg="and"
            ecep:spe="and"
            ecep:syllab="1"
            ecep:pron="ænd">and</w>
         <c> </c>
         <w xml:id="o4672-283920"
            n="o4672/0221-a-0510"
            ecep:lem="the"
            ecep:pos="dt"
            ecep:reg="the"
            ecep:spe="the"
            ecep:syllab="1"
            ecep:pron="ðiː">the</w>
         <c> </c>
         <w xml:id="o4672-283930"
            n="o4672/0221-a-0520"
            ecep:lem="least"
            ecep:pos="av-ds"
            ecep:reg="least"
            ecep:spe="least"
            ecep:syllab="1"
            ecep:pron="liːst">least</w>
      </l>
      <l xml:id="o4672-l13510">
         <c> </c>
         <w xml:id="o4672-283940"
            n="o4672/0221-a-0530"
            ecep:lem="ingredient"
            ecep:pos="j"
            ecep:reg="Ingredient"
            ecep:spe="Ingredient"
            ecep:syllab="4"
            ecep:pron="ɪnˈgriːdiənt">Ingredient</w>
         <c> </c>
         <w xml:id="o4672-283950"
            n="o4672/0221-a-0540"
            ecep:lem="of"
            ecep:pos="pp-f"
            ecep:reg="of"
            ecep:spe="of"
            ecep:syllab="1"
            ecep:pron="ɒv">of</w>
         <c> </c>
         <w xml:id="o4672-283960"
            n="o4672/0221-a-0550"
            ecep:lem="our"
            ecep:pos="po12"
            ecep:reg="our"
            ecep:spe="our"
            ecep:syllab="1"
            ecep:pron="æə">our</w>
         <c> </c>
         <w xml:id="o4672-283970"
            n="o4672/0221-a-0560"
            ecep:lem="frame"
            ecep:pos="n1"
            ecep:reg="Frame"
            ecep:spe="Frame"
            ecep:syllab="1"
            ecep:pron="freɪm">Frame</w>
         <pc xml:id="o4672-283980"
             n="o4672/0221-a-0570"
             ecep:lem=","
             ecep:pos=","
             ecep:reg=","
             ecep:spe=",">,</pc>
      </l>
      <l xml:id="o4672-l13515">
         <c> </c>
         <w xml:id="o4672-283990"
            n="o4672/0221-a-0580"
            ecep:lem="we|be"
            ecep:pos="pns12|vbb"
            ecep:reg="We're"
            ecep:spe="We're"
            ecep:syllab="1"
            ecep:pron="wɪə">We're</w>
         <c> </c>
         <w xml:id="o4672-284000"
            n="o4672/0221-a-0590"
            ecep:lem="bear"
            ecep:pos="vvn"
            ecep:reg="born"
            ecep:spe="born"
            ecep:syllab="1"
            ecep:pron="bɔːn">born</w>
         <c> </c>
         <w xml:id="o4672-284010"
            n="o4672/0221-a-0600"
            ecep:lem="to"
            ecep:pos="pc-acp"
            ecep:reg="to"
            ecep:spe="to"
            ecep:syllab="1"
            ecep:pron="tuː">to</w>
         <c> </c>
         <w xml:id="o4672-284020"
            n="o4672/0221-a-0610"
            ecep:lem="live"
            ecep:pos="vvi"
            ecep:reg="live"
            ecep:spe="live"
            ecep:syllab="1"
            ecep:pron="lɪv">live</w>
         <c> </c>
         <w xml:id="o4672-284030"
            n="o4672/0221-a-0620"
            ecep:lem="above"
            ecep:pos="p-acp"
            ecep:reg="above"
            ecep:spe="above"
            ecep:syllab="2"
            ecep:pron="əˈbʌv">above</w>
         <c> </c>
         <w xml:id="o4672-284040"
            n="o4672/0221-a-0630"
            ecep:lem="the"
            ecep:pos="dt"
            ecep:reg="the"
            ecep:spe="the"
            ecep:syllab="1"
            ecep:pron="ðiː">the</w>
         <c> </c>
         <w xml:id="o4672-284050"
            n="o4672/0221-a-0640"
            ecep:lem="beast"
            ecep:pos="n1"
            ecep:reg="Beast"
            ecep:spe="Beast"
            ecep:syllab="1"
            ecep:pron="biːst">Beast</w>
         <pc xml:id="o4672-284060"
             n="o4672/0221-a-0650"
             ecep:lem=","
             ecep:pos=","
             ecep:reg=","
             ecep:spe=",">,</pc>
      </l>
      <l xml:id="o4672-l13520">
         <c> </c>
         <w xml:id="o4672-284070"
            n="o4672/0221-a-0660"
            ecep:lem="or"
            ecep:pos="cc"
            ecep:reg="Or"
            ecep:spe="Or"
            ecep:syllab="1"
            ecep:pron="ɔː">Or</w>
         <c> </c>
         <w xml:id="o4672-284080"
            n="o4672/0221-a-0670"
            ecep:lem="quit"
            ecep:pos="vvi"
            ecep:reg="quit"
            ecep:spe="quit"
            ecep:syllab="1"
            ecep:pron="kwɪt">quit</w>
         <c> </c>
         <w xml:id="o4672-284090"
            n="o4672/0221-a-0680"
            ecep:lem="the"
            ecep:pos="dt"
            ecep:reg="the"
            ecep:spe="the"
            ecep:syllab="1"
            ecep:pron="ðiː">the</w>
         <c> </c>
         <w xml:id="o4672-284100"
            n="o4672/0221-a-0690"
            ecep:lem="manly"
            ecep:pos="j"
            ecep:reg="Manly"
            ecep:spe="Manly"
            ecep:syllab="2"
            ecep:pron="ˈmænli">Manly</w>
         <c> </c>
         <w xml:id="o4672-284110"
            n="o4672/0221-a-0700"
            ecep:lem="name"
            ecep:pos="n1"
            ecep:reg="Name"
            ecep:spe="Name"
            ecep:syllab="1"
            ecep:pron="neɪm">Name</w>
         <pc xml:id="o4672-284120"
             n="o4672/0221-a-0710"
             ecep:lem=":"
             ecep:pos=":"
             ecep:reg=":"
             ecep:spe=":">:</pc>
      </l>
      <l xml:id="o4672-l13525">
         <c> </c>
         <w xml:id="o4672-284130"
            n="o4672/0221-a-0720"
            ecep:lem="pleasure"
            ecep:pos="n2"
            ecep:reg="Pleasures"
            ecep:spe="Pleasures"
            ecep:syllab="2"
            ecep:pron="ˈpleʒəz">Pleasures</w>
         <c> </c>
         <w xml:id="o4672-284140"
            n="o4672/0221-a-0730"
            ecep:lem="of"
            ecep:pos="pp-f"
            ecep:reg="of"
            ecep:spe="of"
            ecep:syllab="1"
            ecep:pron="ɒv">of</w>
         <c> </c>
         <w xml:id="o4672-284150"
            n="o4672/0221-a-0740"
            ecep:lem="sense"
            ecep:pos="n1"
            ecep:reg="Sense"
            ecep:spe="Sence"
            ecep:syllab="1"
            ecep:pron="sˈens">Sence</w>
         <c> </c>
         <w xml:id="o4672-284160"
            n="o4672/0221-a-0750"
            ecep:lem="we"
            ecep:pos="pns12"
            ecep:reg="we"
            ecep:spe="we"
            ecep:syllab="1"
            ecep:pron="wiː">we</w>
         <c> </c>
         <w xml:id="o4672-284170"
            n="o4672/0221-a-0760"
            ecep:lem="leave"
            ecep:pos="vvb"
            ecep:reg="leave"
            ecep:spe="leave"
            ecep:syllab="1"
            ecep:pron="liːv">leave</w>
         <c> </c>
         <w xml:id="o4672-284180"
            n="o4672/0221-a-0770"
            ecep:lem="for"
            ecep:pos="p-acp"
            ecep:reg="for"
            ecep:spe="for"
            ecep:syllab="1"
            ecep:pron="fɔː">for</w>
         <c> </c>
         <w xml:id="o4672-284190"
            n="o4672/0221-a-0780"
            ecep:lem="boy"
            ecep:pos="n2"
            ecep:reg="Boys"
            ecep:spe="Boys"
            ecep:syllab="1"
            ecep:pron="bɔɪz">Boys</w>
         <pc xml:id="o4672-284200"
             n="o4672/0221-a-0790"
             ecep:lem=","
             ecep:pos=","
             ecep:reg=","
             ecep:spe=",">,</pc>
      </l>
      <l xml:id="o4672-l13530">
         <c> </c>
         <w xml:id="o4672-284210"
            n="o4672/0221-a-0800"
            ecep:lem="be"
            ecep:pos="vbb"
            ecep:reg="Be"
            ecep:spe="Be"
            ecep:syllab="1"
            ecep:pron="biː">Be</w>
         <c> </c>
         <w xml:id="o4672-284220"
            n="o4672/0221-a-0810"
            ecep:lem="shine"
            ecep:pos="vvg"
            ecep:reg="shining"
            ecep:spe="shining"
            ecep:syllab="2"
            ecep:pron="ʃaɪnɪŋ">shining</w>
         <c> </c>
         <w xml:id="o4672-284230"
            n="o4672/0221-a-0820"
            ecep:lem="dust"
            ecep:pos="n1"
            ecep:reg="Dust"
            ecep:spe="Dust"
            ecep:syllab="1"
            ecep:pron="dʌst">Dust</w>
         <c> </c>
         <w xml:id="o4672-284240"
            n="o4672/0221-a-0830"
            ecep:lem="the"
            ecep:pos="dt"
            ecep:reg="the"
            ecep:spe="the"
            ecep:syllab="1"
            ecep:pron="ðiː">the</w>
         <c> </c>
         <w xml:id="o4672-284250"
            n="o4672/0221-a-0840"
            ecep:lem="miser"
            ecep:pos="ng1"
            ecep:reg="Miser's"
            ecep:spe="Miser's"
            ecep:syllab="2"
            ecep:pron="ˈmaɪzəz">Miser's</w>
         <c> </c>
         <w xml:id="o4672-284260"
            n="o4672/0221-a-0850"
            ecep:lem="food"
            ecep:pos="n1"
            ecep:reg="Food"
            ecep:spe="Food"
            ecep:syllab="1"
            ecep:pron="fuːd">Food</w>
         <pc xml:id="o4672-284270"
             n="o4672/0221-a-0860"
             ecep:lem=","
             ecep:pos=","
             ecep:reg=","
             ecep:spe=",">,</pc>
      </l>
      <l xml:id="o4672-l13535">
         <c> </c>
         <w xml:id="o4672-284280"
            n="o4672/0221-a-0870"
            ecep:lem="let"
            ecep:pos="vvb"
            ecep:reg="Let"
            ecep:spe="Let"
            ecep:syllab="1"
            ecep:pron="let">Let</w>
         <c> </c>
         <w xml:id="o4672-284290"
            n="o4672/0221-a-0880"
            ecep:lem="fancy"
            ecep:pos="n1"
            ecep:reg="Fancy"
            ecep:spe="Fancy"
            ecep:syllab="2"
            ecep:pron="ˈfænsi">Fancy</w>
         <c> </c>
         <w xml:id="o4672-284300"
            n="o4672/0221-a-0890"
            ecep:lem="feed"
            ecep:pos="vvi"
            ecep:reg="feed"
            ecep:spe="feed"
            ecep:syllab="1"
            ecep:pron="fiːd">feed</w>
         <c> </c>
         <w xml:id="o4672-284310"
            n="o4672/0221-a-0900"
            ecep:lem="on"
            ecep:pos="p-acp"
            ecep:reg="on"
            ecep:spe="on"
            ecep:syllab="1"
            ecep:pron="ɒn">on</w>
         <c> </c>
         <w xml:id="o4672-284320"
            n="o4672/0221-a-0910"
            ecep:lem="fame"
            ecep:pos="n1"
            ecep:reg="Fame"
            ecep:spe="Fame"
            ecep:syllab="1"
            ecep:pron="feɪm">Fame</w>
         <c> </c>
         <w xml:id="o4672-284330"
            n="o4672/0221-a-0920"
            ecep:lem="and"
            ecep:pos="cc"
            ecep:reg="and"
            ecep:spe="and"
            ecep:syllab="1"
            ecep:pron="ænd">and</w>
         <c> </c>
         <w xml:id="o4672-284340"
            n="o4672/0221-a-0930"
            ecep:lem="noise"
            ecep:pos="n1"
            ecep:reg="Noise"
            ecep:spe="Noise"
            ecep:syllab="1"
            ecep:pron="nɔɪz">Noise</w>
         <pc xml:id="o4672-284350"
             n="o4672/0221-a-0940"
             ecep:lem=";"
             ecep:pos=";"
             ecep:reg=";"
             ecep:spe=";">;</pc>
      </l>
      <l xml:id="o4672-l13540">
         <c> </c>
         <w xml:id="o4672-284360"
            n="o4672/0221-a-0950"
            ecep:lem="soul"
            ecep:pos="n2"
            ecep:reg="Souls"
            ecep:spe="Souls"
            ecep:syllab="1"
            ecep:pron="səʊlz">Souls</w>
         <c> </c>
         <w xml:id="o4672-284370"
            n="o4672/0221-a-0960"
            ecep:lem="must"
            ecep:pos="vmb"
            ecep:reg="must"
            ecep:spe="must"
            ecep:syllab="1"
            ecep:pron="mʌst">must</w>
         <c> </c>
         <w xml:id="o4672-284380"
            n="o4672/0221-a-0970"
            ecep:lem="pursue"
            ecep:pos="vvi"
            ecep:reg="pursue"
            ecep:spe="pursue"
            ecep:syllab="2"
            ecep:pron="pəˈsjuː">pursue</w>
         <c> </c>
         <w xml:id="o4672-284390"
            n="o4672/0221-a-0980"
            ecep:lem="divine"
            ecep:pos="jc-jn"
            ecep:reg="Diviner"
            ecep:spe="Diviner"
            ecep:syllab="3"
            ecep:pron="dɪˈvaɪnə">Diviner</w>
         <c> </c>
         <w xml:id="o4672-284400"
            n="o4672/0221-a-0990"
            ecep:lem="joy"
            ecep:pos="n2"
            ecep:reg="Joys"
            ecep:spe="Joys"
            ecep:syllab="1"
            ecep:pron="dʒɔɪz">Joys</w>
         <pc xml:id="o4672-284410"
             n="o4672/0221-a-1000"
             ecep:lem=","
             ecep:pos=","
             ecep:reg=","
             ecep:spe=",">,</pc>
      </l>
      <l xml:id="o4672-l13545">
         <c> </c>
         <w xml:id="o4672-284420"
            n="o4672/0221-a-1010"
            ecep:lem="and"
            ecep:pos="cc"
            ecep:reg="And"
            ecep:spe="And"
            ecep:syllab="1"
            ecep:pron="ænd">And</w>
         <c> </c>
         <w xml:id="o4672-284430"
            n="o4672/0221-a-1020"
            ecep:lem="seize"
            ecep:pos="vvi"
            ecep:reg="seize"
            ecep:spe="seize"
            ecep:syllab="1"
            ecep:pron="siːz">seize</w>
         <c> </c>
         <w xml:id="o4672-284440"
            n="o4672/0221-a-1030"
            ecep:lem="the"
            ecep:pos="dt"
            ecep:reg="the"
            ecep:spe="th'"
            ecep:syllab="0"
            ecep:pron="ð">th'</w>
         <c> </c>
         <w xml:id="o4672-284450"
            n="o4672/0221-a-1040"
            ecep:lem="immortal"
            ecep:pos="j"
            ecep:reg="Immortal"
            ecep:spe="Immortal"
            ecep:syllab="3"
            ecep:pron="ɪˈmɔːtl">Immortal</w>
         <c> </c>
         <w xml:id="o4672-284460"
            n="o4672/0221-a-1050"
            ecep:lem="good"
            ecep:pos="j"
            ecep:reg="Good"
            ecep:spe="Good"
            ecep:syllab="1"
            ecep:pron="gʊd">Good</w>
         <pc xml:id="o4672-284470"
             n="o4672/0221-a-1060"
             unit="sentence"
             ecep:lem="."
             ecep:pos="."
             ecep:reg="."
             ecep:spe=".">.</pc>
         <c> </c>
      </l>
   </lg>
</div>
