<?xml version="1.0" encoding="UTF-8"?>
<div xmlns:tei="http://www.tei-c.org/ns/1.0"
     xmlns="http://www.tei-c.org/ns/1.0"
     xmlns:ecep="http://www.eighteenthcenturypoetry.org/ns"
     ana="#iamb #pentameter #quatrain #epigram #pair"
     corresp="#txt_Anon000006_w0001"
     ecep:syllab="10.10.10.10"
     met="-+|-+|-+|-+|-+/         -+|-+|-+|-+|-+/         -+|-+|-+|-+|-+/         -+|-+|-+|-+|-+/"
     rhyme="aabb"
     subtype="eceptext"
     type="poem"
     xml:id="o5156-w0630"
     decls="#semi-normalized">
   <link target="authors.xml#aut_Anon000006" type="author"/>
   <link target="27709" type="DMI"/>
   <head type="main">
      <w xml:id="o5156-331220"
         n="160-a-0730"
         ecep:lem="to"
         ecep:pos="p-acp"
         ecep:reg="To"
         ecep:spe="To"
         ecep:syllab="1"
         ecep:pron="tuː">To</w>
      <c> </c>
      <w xml:id="o5156-331230"
         n="160-a-0740"
         ecep:lem="a"
         ecep:pos="dt"
         ecep:reg="a"
         ecep:spe="a"
         ecep:syllab="1"
         ecep:pron="ə">a</w>
      <c> </c>
      <w xml:id="o5156-331240"
         n="160-a-0750"
         ecep:lem="lady"
         ecep:pos="n1"
         ecep:reg="LADY"
         ecep:spe="LADY"
         ecep:syllab="2"
         ecep:pron="ˈleɪdi">LADY</w>
      <pc xml:id="o5156-331250"
          n="160-a-0760"
          ecep:lem=","
          ecep:pos=","
          ecep:reg=","
          ecep:spe=",">,</pc>
      <c> </c>
      <w xml:id="o5156-331260"
         n="160-a-0770"
         ecep:lem="who"
         ecep:pos="r-crq"
         ecep:reg="who"
         ecep:spe="who"
         ecep:syllab="1"
         ecep:pron="huː">who</w>
      <c> </c>
      <w xml:id="o5156-331270"
         n="160-a-0780"
         ecep:lem="send"
         ecep:pos="vvd"
         ecep:reg="sent"
         ecep:spe="sent"
         ecep:syllab="1"
         ecep:pron="sent">sent</w>
      <c> </c>
      <w xml:id="o5156-331280"
         n="160-a-0790"
         ecep:lem="compliment"
         ecep:pos="n2"
         ecep:reg="Compliments"
         ecep:spe="Compliments"
         ecep:syllab="3"
         ecep:pron="ˈkɒmplɪmənts">Compliments</w>
      <c> </c>
      <w xml:id="o5156-331290"
         n="160-a-0800"
         ecep:lem="to"
         ecep:pos="p-acp"
         ecep:reg="to"
         ecep:spe="to"
         ecep:syllab="1"
         ecep:pron="tuː">to</w>
      <c> </c>
      <w xml:id="o5156-331300"
         n="160-a-0810"
         ecep:lem="a"
         ecep:pos="dt"
         ecep:reg="a"
         ecep:spe="a"
         ecep:syllab="1"
         ecep:pron="ə">a</w>
      <c> </c>
      <w xml:id="o5156-331310"
         n="160-a-0820"
         ecep:lem="clergyman"
         ecep:pos="n1"
         ecep:reg="CLERGYMAN"
         ecep:spe="CLERGYMAN"
         ecep:syllab="3"
         ecep:pron="ˈklɜːdʒɪmən">CLERGYMAN</w>
      <c> </c>
      <w xml:id="o5156-331320"
         n="160-a-0830"
         ecep:lem="upon"
         ecep:pos="p-acp"
         ecep:reg="upon"
         ecep:spe="upon"
         ecep:syllab="2"
         ecep:pron="əˈpɒn">upon</w>
      <c> </c>
      <w xml:id="o5156-331330"
         n="160-a-0840"
         ecep:lem="the"
         ecep:pos="dt"
         ecep:reg="the"
         ecep:spe="the"
         ecep:syllab="1"
         ecep:pron="ðiː">the</w>
      <c> </c>
      <w xml:id="o5156-331340"
         n="160-a-0850"
         ecep:lem="ten"
         ecep:pos="crd"
         ecep:reg="Ten"
         ecep:spe="Ten"
         ecep:syllab="1"
         ecep:pron="ten">Ten</w>
      <c> </c>
      <w xml:id="o5156-331350"
         n="160-a-0860"
         ecep:lem="of"
         ecep:pos="pp-f"
         ecep:reg="of"
         ecep:spe="of"
         ecep:syllab="1"
         ecep:pron="ɒv">of</w>
      <c> </c>
      <w xml:id="o5156-331360"
         n="160-a-0870"
         ecep:lem="heart"
         ecep:pos="n2"
         ecep:reg="Hearts"
         ecep:spe="Hearts"
         ecep:syllab="1"
         ecep:pron="hɑːts">Hearts</w>
      <pc xml:id="o5156-331370"
          n="160-a-0880"
          unit="sentence"
          ecep:lem="."
          ecep:pos="."
          ecep:reg="."
          ecep:spe=".">.</pc>
   </head>
   <lg xml:id="o5156-s02615">
      <l xml:id="o5156-l18445">
         <w xml:id="o5156-331400"
            n="160-a-0890"
            ecep:lem="your"
            ecep:pos="po22"
            ecep:reg="YOUR"
            ecep:spe="YOUR"
            ecep:syllab="1"
            ecep:pron="jɔː">YOUR</w>
         <c> </c>
         <w xml:id="o5156-331410"
            n="160-a-0900"
            ecep:lem="compliment"
            ecep:pos="n2"
            ecep:reg="compliments"
            ecep:spe="compliments"
            ecep:syllab="3"
            ecep:pron="ˈkɒmplɪmənts">compliments</w>
         <pc xml:id="o5156-331420"
             n="160-a-0910"
             ecep:lem=","
             ecep:pos=","
             ecep:reg=","
             ecep:spe=",">,</pc>
         <c> </c>
         <w xml:id="o5156-331430"
            n="160-a-0920"
            ecep:lem="dear"
            ecep:pos="j-jn"
            ecep:reg="dear"
            ecep:spe="dear"
            ecep:syllab="1"
            ecep:pron="dɪə">dear</w>
         <c> </c>
         <w xml:id="o5156-331440"
            n="160-a-0930"
            ecep:lem="lady"
            ecep:pos="n1"
            ecep:reg="lady"
            ecep:spe="lady"
            ecep:syllab="2"
            ecep:pron="ˈleɪdi">lady</w>
         <pc xml:id="o5156-331450"
             n="160-a-0940"
             ecep:lem=","
             ecep:pos=","
             ecep:reg=","
             ecep:spe=",">,</pc>
         <c> </c>
         <w xml:id="o5156-331460"
            n="160-a-0950"
            ecep:lem="pray"
            ecep:pos="vvb"
            ecep:reg="pray"
            ecep:spe="pray"
            ecep:syllab="1"
            ecep:pron="preɪ">pray</w>
         <c> </c>
         <w xml:id="o5156-331470"
            n="160-a-0960"
            ecep:lem="forbear"
            ecep:pos="vvb"
            ecep:reg="forbear"
            ecep:spe="forbear"
            ecep:syllab="2"
            ecep:pron="ˈfɔːbeə">forbear</w>
         <pc xml:id="o5156-331480"
             n="160-a-0970"
             ecep:lem=","
             ecep:pos=","
             ecep:reg=","
             ecep:spe=",">,</pc>
      </l>
      <l xml:id="o5156-l18450">
         <w xml:id="o5156-331490"
            n="160-a-0980"
            ecep:lem="old"
            ecep:pos="j"
            ecep:reg="Old"
            ecep:spe="Old"
            ecep:syllab="1"
            ecep:pron="əʊld">Old</w>
         <c> </c>
         <w xml:id="o5156-331500"
            n="160-a-0990"
            ecep:lem="english"
            ecep:pos="jp"
            ecep:reg="English"
            ecep:spe="English"
            ecep:syllab="2"
            ecep:pron="ˈɪŋglɪʃ">English</w>
         <c> </c>
         <w xml:id="o5156-331510"
            n="160-a-1000"
            ecep:lem="service"
            ecep:pos="n2"
            ecep:reg="services"
            ecep:spe="services"
            ecep:syllab="3"
            ecep:pron="ˈsɜːvɪsɪz">services</w>
         <c> </c>
         <w xml:id="o5156-331520"
            n="160-a-1010"
            ecep:lem="be"
            ecep:pos="vbr"
            ecep:reg="are"
            ecep:spe="are"
            ecep:syllab="1"
            ecep:pron="ɑː">are</w>
         <c> </c>
         <w xml:id="o5156-331530"
            n="160-a-1020"
            ecep:lem="more"
            ecep:pos="av-dc"
            ecep:reg="more"
            ecep:spe="more"
            ecep:syllab="1"
            ecep:pron="mɔː">more</w>
         <c> </c>
         <w xml:id="o5156-331540"
            n="160-a-1030"
            ecep:lem="sincere"
            ecep:pos="j"
            ecep:reg="sincere"
            ecep:spe="sincere"
            ecep:syllab="2"
            ecep:pron="sɪnˈsɪə">sincere</w>
         <pc xml:id="o5156-331550"
             n="160-a-1040"
             ecep:lem=";"
             ecep:pos=";"
             ecep:reg=";"
             ecep:spe=";">;</pc>
      </l>
      <l xml:id="o5156-l18455">
         <w xml:id="o5156-331560"
            n="160-a-1050"
            ecep:lem="you"
            ecep:pos="pn22"
            ecep:reg="You"
            ecep:spe="You"
            ecep:syllab="1"
            ecep:pron="juː">You</w>
         <c> </c>
         <w xml:id="o5156-331570"
            n="160-a-1060"
            ecep:lem="send"
            ecep:pos="vvb"
            ecep:reg="send"
            ecep:spe="send"
            ecep:syllab="1"
            ecep:pron="send">send</w>
         <c> </c>
         <w xml:id="o5156-331580"
            n="160-a-1070"
            ecep:lem="ten"
            ecep:pos="crd"
            ecep:reg="Ten"
            ecep:spe="Ten"
            ecep:syllab="1"
            ecep:pron="ten">Ten</w>
         <c> </c>
         <w xml:id="o5156-331590"
            n="160-a-1080"
            ecep:lem="heart"
            ecep:pos="n2"
            ecep:reg="Hearts"
            ecep:spe="Hearts"
            ecep:syllab="1"
            ecep:pron="hɑːts">Hearts</w>
         <pc xml:id="o5156-331600"
             n="160-a-1090"
             ecep:lem=","
             ecep:pos=","
             ecep:reg=","
             ecep:spe=",">,</pc>
         <c> </c>
         <w xml:id="o5156-331610"
            n="160-a-1100"
            ecep:lem="the"
            ecep:pos="dt"
            ecep:reg="the"
            ecep:spe="the"
            ecep:syllab="1"
            ecep:pron="ðiː">the</w>
         <c> </c>
         <w xml:id="o5156-331620"
            n="160-a-1110"
            ecep:lem="tithe"
            ecep:pos="n1"
            ecep:reg="tithe"
            ecep:spe="tythe"
            ecep:syllab="1"
            ecep:pron="tˈaɪð">tythe</w>
         <c> </c>
         <w xml:id="o5156-331630"
            n="160-a-1120"
            ecep:lem="be"
            ecep:pos="vbz"
            ecep:reg="is"
            ecep:spe="is"
            ecep:syllab="1"
            ecep:pron="ɪz">is</w>
         <c> </c>
         <w xml:id="o5156-331640"
            n="160-a-1130"
            ecep:lem="only"
            ecep:pos="av-j"
            ecep:reg="only"
            ecep:spe="only"
            ecep:syllab="2"
            ecep:pron="ˈəʊnli">only</w>
         <c> </c>
         <w xml:id="o5156-331650"
            n="160-a-1140"
            ecep:lem="i"
            ecep:pos="png11"
            ecep:reg="mine"
            ecep:spe="mine"
            ecep:syllab="1"
            ecep:pron="maɪn">mine</w>
         <pc xml:id="o5156-331660"
             n="160-a-1150"
             ecep:lem=","
             ecep:pos=","
             ecep:reg=","
             ecep:spe=",">,</pc>
      </l>
      <l xml:id="o5156-l18460">
         <w xml:id="o5156-331670"
            n="160-a-1160"
            ecep:lem="give"
            ecep:pos="vvb"
            ecep:reg="Give"
            ecep:spe="Give"
            ecep:syllab="1"
            ecep:pron="gɪv">Give</w>
         <c> </c>
         <w xml:id="o5156-331680"
            n="160-a-1170"
            ecep:lem="i"
            ecep:pos="pno11"
            ecep:reg="me"
            ecep:spe="me"
            ecep:syllab="1"
            ecep:pron="miː">me</w>
         <c> </c>
         <w xml:id="o5156-331690"
            n="160-a-1180"
            ecep:lem="but"
            ecep:pos="p-acp"
            ecep:reg="but"
            ecep:spe="but"
            ecep:syllab="1"
            ecep:pron="bʌt">but</w>
         <c> </c>
         <w xml:id="o5156-331700"
            n="160-a-1190"
            ecep:lem="one"
            ecep:pos="crd"
            ecep:reg="One"
            ecep:spe="One"
            ecep:syllab="1"
            ecep:pron="wʌn">One</w>
         <pc xml:id="o5156-331710"
             n="160-a-1200"
             ecep:lem=","
             ecep:pos=","
             ecep:reg=","
             ecep:spe=",">,</pc>
         <c> </c>
         <w xml:id="o5156-331720"
            n="160-a-1210"
            ecep:lem="and"
            ecep:pos="cc"
            ecep:reg="and"
            ecep:spe="and"
            ecep:syllab="1"
            ecep:pron="ænd">and</w>
         <c> </c>
         <w xml:id="o5156-331730"
            n="160-a-1220"
            ecep:lem="burn"
            ecep:pos="vvb"
            ecep:reg="burn"
            ecep:spe="burn"
            ecep:syllab="1"
            ecep:pron="bɜːn">burn</w>
         <c> </c>
         <w xml:id="o5156-331740"
            n="160-a-1230"
            ecep:lem="the"
            ecep:pos="dt"
            ecep:reg="the"
            ecep:spe="the"
            ecep:syllab="1"
            ecep:pron="ðiː">the</w>
         <c> </c>
         <w xml:id="o5156-331750"
            n="160-a-1240"
            ecep:lem="other"
            ecep:pos="j-jn"
            ecep:reg="other"
            ecep:spe="other"
            ecep:syllab="2"
            ecep:pron="ˈʌðə">other</w>
         <c> </c>
         <w xml:id="o5156-331760"
            n="160-a-1250"
            ecep:lem="nine"
            ecep:pos="crd"
            ecep:reg="Nine"
            ecep:spe="Nine"
            ecep:syllab="1"
            ecep:pron="naɪn">Nine</w>
         <pc xml:id="o5156-331770"
             n="160-a-1260"
             unit="sentence"
             ecep:lem="."
             ecep:pos="."
             ecep:reg="."
             ecep:spe=".">.</pc>
      </l>
   </lg>
</div>
