<?xml version="1.0" encoding="utf-8"?>
<!DOCTYPE div
  SYSTEM "about:legacy-compat">
<div xmlns:ecep="http://www.eighteenthcenturypoetry.org/ns"
     xmlns="http://www.tei-c.org/ns/1.0"
     xmlns:tei="http://www.tei-c.org/ns/1.0"
     ana="#anapaest #tetrameter #couplet #pair #epigram"
     corresp="#txt_Anon000023_w0001"
     decls="#semi-normalized"
     ecep:syllab="12"
     met="--+|--+|--+|--+/"
     rendition="#lgindent"
     rhyme="aa"
     subtype="eceptext"
     type="poem"
     xml:id="o5089-w0510">
   <link target="authors.xml#aut_Anon000023" type="author"/>
   <link target="31261" type="DMI"/>
   <head type="main">
      <w xml:id="o5089-442550"
         n="204-a-0010"
         ecep:lem="Petrarch"
         ecep:pos="np1"
         ecep:reg="PETRARCH"
         ecep:spe="PETRARCH"
         ecep:syllab="2"
         ecep:pron="ˈpetrɑːk">PETRARCH</w>
      <c> </c>
      <w xml:id="o5089-442560"
         n="204-a-0020"
         ecep:lem="and"
         ecep:pos="cc"
         ecep:reg="AND"
         ecep:spe="AND"
         ecep:syllab="1"
         ecep:pron="ænd">AND</w>
      <c> </c>
      <w xml:id="o5089-442570"
         n="204-a-0030"
         ecep:lem="Laura"
         ecep:pos="np1"
         ecep:reg="LAURA"
         ecep:spe="LAURA"
         ecep:syllab="2"
         ecep:pron="ˈlɔːrə">LAURA</w>
      <pc xml:id="o5089-442580"
          n="204-a-0040"
          unit="sentence"
          ecep:lem="."
          ecep:pos="."
          ecep:reg="."
          ecep:spe=".">.</pc>
   </head>
   <head type="sub">
      <w xml:id="o5089-442610"
         n="204-a-0050"
         ecep:lem="a"
         ecep:pos="dt"
         ecep:reg="AN"
         ecep:spe="AN"
         ecep:syllab="1"
         ecep:pron="æn">AN</w>
      <c> </c>
      <w xml:id="o5089-442620"
         n="204-a-0060"
         ecep:lem="epigrammatic"
         ecep:pos="j"
         ecep:reg="EPIGRAMMATIC"
         ecep:spe="EPIGRAMMATIC"
         ecep:syllab="5"
         ecep:pron="ˌepɪgrəˈmætɪk">EPIGRAMMATIC</w>
      <c> </c>
      <w xml:id="o5089-442630"
         n="204-a-0070"
         ecep:lem="tale"
         ecep:pos="n1"
         ecep:reg="TALE"
         ecep:spe="TALE"
         ecep:syllab="1"
         ecep:pron="teɪl">TALE</w>
      <pc xml:id="o5089-442640"
          n="204-a-0080"
          unit="sentence"
          ecep:lem="."
          ecep:pos="."
          ecep:reg="."
          ecep:spe=".">.</pc>
   </head>
   <lg xml:id="o5089-s02900">
      <l xml:id="o5089-l23960">
         <w xml:id="o5089-442670"
            n="204-a-0090"
            ecep:lem="dan"
            ecep:pos="np1"
            ecep:reg="DAN"
            ecep:spe="DAN"
            ecep:syllab="1"
            ecep:pron="dæn">DAN</w>
         <c> </c>
         <w xml:id="o5089-442680"
            n="204-a-0100"
            ecep:lem="Petrarch"
            ecep:pos="np1"
            ecep:reg="Petrarch"
            ecep:spe="Petrarch"
            ecep:syllab="2"
            ecep:pron="ˈpetrɑːk">Petrarch</w>
         <c> </c>
         <w xml:id="o5089-442690"
            n="204-a-0110"
            ecep:lem="of"
            ecep:pos="pp-f"
            ecep:reg="of"
            ecep:spe="of"
            ecep:syllab="1"
            ecep:pron="ɒv">of</w>
         <c> </c>
         <w xml:id="o5089-442700"
            n="204-a-0120"
            ecep:lem="old"
            ecep:pos="j"
            ecep:reg="old"
            ecep:spe="old"
            ecep:syllab="1"
            ecep:pron="əʊld">old</w>
         <pc xml:id="o5089-442710"
             n="204-a-0130"
             ecep:lem=","
             ecep:pos=","
             ecep:reg=","
             ecep:spe=",">,</pc>
         <c> </c>
         <w xml:id="o5089-442720"
            n="204-a-0140"
            ecep:lem="it"
            ecep:pos="pn31"
            ecep:reg="it"
            ecep:spe="it"
            ecep:syllab="1"
            ecep:pron="ɪt">it</w>
         <c> </c>
         <w xml:id="o5089-442730"
            n="204-a-0150"
            ecep:lem="have"
            ecep:pos="vhz"
            ecep:reg="has"
            ecep:spe="has"
            ecep:syllab="1"
            ecep:pron="hæz">has</w>
         <c> </c>
         <w xml:id="o5089-442740"
            n="204-a-0160"
            ecep:lem="often"
            ecep:pos="av"
            ecep:reg="often"
            ecep:spe="often"
            ecep:syllab="2"
            ecep:pron="ˈɒfn">often</w>
         <c> </c>
         <w xml:id="o5089-442750"
            n="204-a-0170"
            ecep:lem="be"
            ecep:pos="vbn"
            ecep:reg="been"
            ecep:spe="been"
            ecep:syllab="1"
            ecep:pron="biːn">been</w>
         <c> </c>
         <w xml:id="o5089-442760"
            n="204-a-0180"
            ecep:lem="say"
            ecep:pos="vvn"
            ecep:reg="said"
            ecep:spe="said"
            ecep:syllab="1"
            ecep:pron="sed">said</w>
         <pc xml:id="o5089-442770"
             n="204-a-0190"
             ecep:lem=","
             ecep:pos=","
             ecep:reg=","
             ecep:spe=",">,</pc>
      </l>
      <l xml:id="o5089-l23965">
         <c> </c>
         <w xml:id="o5089-442780"
            n="204-a-0200"
            ecep:lem="by"
            ecep:pos="p-acp"
            ecep:reg="By"
            ecep:spe="By"
            ecep:syllab="1"
            ecep:pron="baɪ">By</w>
         <c> </c>
         <w xml:id="o5089-442790"
            n="204-a-0210"
            ecep:lem="some"
            ecep:pos="d"
            ecep:reg="some"
            ecep:spe="some"
            ecep:syllab="1"
            ecep:pron="sʌm">some</w>
         <c> </c>
         <w xml:id="o5089-442800"
            n="204-a-0220"
            ecep:lem="cardinal"
            ecep:pos="n1"
            ecep:reg="Cardinal"
            ecep:spe="Cardinal"
            ecep:syllab="3"
            ecep:pron="ˈkɑːdɪnl">Cardinal</w>
         <c> </c>
         <w xml:id="o5089-442810"
            n="204-a-0230"
            ecep:lem="urge"
            ecep:pos="vvd"
            ecep:reg="urged"
            ecep:spe="urg'd"
            ecep:syllab="1"
            ecep:pron="ɜːdʒd">urg'd</w>
         <pc xml:id="o5089-442820"
             n="204-a-0240"
             ecep:lem=","
             ecep:pos=","
             ecep:reg=","
             ecep:spe=",">,</pc>
         <c> </c>
         <w xml:id="o5089-442830"
            n="204-a-0250"
            ecep:lem="his"
            ecep:pos="po31"
            ecep:reg="his"
            ecep:spe="his"
            ecep:syllab="1"
            ecep:pron="hɪz">his</w>
         <c> </c>
         <w xml:id="o5089-442840"
            n="204-a-0260"
            ecep:lem="fair"
            ecep:pos="j"
            ecep:reg="fair"
            ecep:spe="fair"
            ecep:syllab="1"
            ecep:pron="feə">fair</w>
         <c> </c>
         <w xml:id="o5089-442850"
            n="204-a-0270"
            ecep:lem="Laura"
            ecep:pos="np1"
            ecep:reg="Laura"
            ecep:spe="Laura"
            ecep:syllab="2"
            ecep:pron="ˈlɔːrə">Laura</w>
         <c> </c>
         <w xml:id="o5089-442860"
            n="204-a-0280"
            ecep:lem="to"
            ecep:pos="pc-acp"
            ecep:reg="to"
            ecep:spe="to"
            ecep:syllab="1"
            ecep:pron="tuː">to</w>
         <c> </c>
         <w xml:id="o5089-442870"
            n="204-a-0290"
            ecep:lem="wed"
            ecep:pos="vvi"
            ecep:reg="wed"
            ecep:spe="wed"
            ecep:syllab="1"
            ecep:pron="wed">wed</w>
         <pc xml:id="o5089-442880"
             n="204-a-0300"
             ecep:lem=","
             ecep:pos=","
             ecep:reg=","
             ecep:spe=",">,</pc>
      </l>
      <l xml:id="o5089-l23970">
         <c> </c>
         <w xml:id="o5089-442890"
            n="204-a-0310"
            ecep:lem="with"
            ecep:pos="p-acp"
            ecep:reg="With"
            ecep:spe="With"
            ecep:syllab="1"
            ecep:pron="wɪð">With</w>
         <c> </c>
         <w xml:id="o5089-442900"
            n="204-a-0320"
            ecep:lem="a"
            ecep:pos="dt"
            ecep:reg="an"
            ecep:spe="an"
            ecep:syllab="1"
            ecep:pron="æn">an</w>
         <c> </c>
         <w xml:id="o5089-442910"
            n="204-a-0330"
            ecep:lem="offer"
            ecep:pos="n1"
            ecep:reg="offer"
            ecep:spe="offer"
            ecep:syllab="2"
            ecep:pron="ˈɒfə">offer</w>
         <c> </c>
         <w xml:id="o5089-442920"
            n="204-a-0340"
            ecep:lem="of"
            ecep:pos="pp-f"
            ecep:reg="of"
            ecep:spe="of"
            ecep:syllab="1"
            ecep:pron="ɒv">of</w>
         <c> </c>
         <w xml:id="o5089-442930"
            n="204-a-0350"
            ecep:lem="fortune"
            ecep:pos="n1"
            ecep:reg="fortune"
            ecep:spe="fortune"
            ecep:syllab="2"
            ecep:pron="ˈfɔːtʃuːn">fortune</w>
         <c> </c>
         <pc xml:id="o5089-442940"
             n="204-a-0360"
             ecep:lem="("
             ecep:pos="("
             ecep:reg="("
             ecep:spe="(">(</pc>
         <w xml:id="o5089-442950"
            n="204-a-0370"
            ecep:lem="and"
            ecep:pos="cc"
            ecep:reg="and"
            ecep:spe="and"
            ecep:syllab="1"
            ecep:pron="ænd">and</w>
         <c> </c>
         <w xml:id="o5089-442960"
            n="204-a-0380"
            ecep:lem="well-timed"
            ecep:pos="j"
            ecep:reg="well-timed"
            ecep:spe="well-tim'd"
            ecep:syllab="2"
            ecep:pron="ˌwelˈtaɪmd">well-tim'd</w>
         <c> </c>
         <w xml:id="o5089-442970"
            n="204-a-0390"
            ecep:lem="it"
            ecep:pos="pn31"
            ecep:reg="it"
            ecep:spe="it"
            ecep:syllab="1"
            ecep:pron="ɪt">it</w>
         <c> </c>
         <w xml:id="o5089-442980"
            n="204-a-0400"
            ecep:lem="be"
            ecep:pos="vbds"
            ecep:reg="was"
            ecep:spe="was"
            ecep:syllab="1"
            ecep:pron="wɒz">was</w>
         <pc xml:id="o5089-442990"
             n="204-a-0410"
             ecep:lem=","
             ecep:pos=","
             ecep:reg=","
             ecep:spe=",">,</pc>
      </l>
      <l xml:id="o5089-l23975">
         <c> </c>
         <w xml:id="o5089-443000"
            n="204-a-0420"
            ecep:lem="for"
            ecep:pos="c-acp"
            ecep:reg="For"
            ecep:spe="For"
            ecep:syllab="1"
            ecep:pron="fɔː">For</w>
         <c> </c>
         <w xml:id="o5089-443010"
            n="204-a-0430"
            ecep:lem="poet"
            ecep:pos="n2"
            ecep:reg="poets"
            ecep:spe="poets"
            ecep:syllab="2"
            ecep:pron="ˈpəʊɪts">poets</w>
         <c> </c>
         <w xml:id="o5089-443020"
            n="204-a-0440"
            ecep:lem="have"
            ecep:pos="vhb"
            ecep:reg="have"
            ecep:spe="have"
            ecep:syllab="1"
            ecep:pron="hæv">have</w>
         <c> </c>
         <w xml:id="o5089-443030"
            n="204-a-0450"
            ecep:lem="seldom"
            ecep:pos="av"
            ecep:reg="seldom"
            ecep:spe="seldom"
            ecep:syllab="2"
            ecep:pron="ˈseldəm">seldom</w>
         <c> </c>
         <w xml:id="o5089-443040"
            n="204-a-0460"
            ecep:lem="much"
            ecep:pos="av-d"
            ecep:reg="much"
            ecep:spe="much"
            ecep:syllab="1"
            ecep:pron="mʌtʃ">much</w>
         <c> </c>
         <w xml:id="o5089-443050"
            n="204-a-0470"
            ecep:lem="rend"
            ecep:pos="vvn"
            ecep:reg="rent"
            ecep:spe="rent"
            ecep:syllab="1"
            ecep:pron="rent">rent</w>
         <c> </c>
         <w xml:id="o5089-443060"
            n="204-a-0480"
            ecep:lem="from"
            ecep:pos="p-acp"
            ecep:reg="from"
            ecep:spe="from"
            ecep:syllab="1"
            ecep:pron="frɒm">from</w>
         <c> </c>
         <w xml:id="o5089-443070"
            n="204-a-0490"
            ecep:lem="parnass"
            ecep:pos="ng1"
            ecep:reg="Parnass'"
            ecep:spe="Parnass'"
            ecep:syllab="2"
            ecep:pron="pˈɑːnæs">Parnass'</w>
         <pc xml:id="o5089-443090"
             n="204-a-0510"
             ecep:lem=")"
             ecep:pos=")"
             ecep:reg=")"
             ecep:spe=")">)</pc>
      </l>
      <l xml:id="o5089-l23980">
         <c> </c>
         <w xml:id="o5089-443100"
            n="204-a-0520"
            ecep:lem="cry"
            ecep:pos="vvd"
            ecep:reg="Cried"
            ecep:spe="Cried"
            ecep:syllab="1"
            ecep:pron="kraɪd">Cried</w>
         <pc xml:id="o5089-443110"
             n="204-a-0530"
             ecep:lem=","
             ecep:pos=","
             ecep:reg=","
             ecep:spe=",">,</pc>
         <c> </c>
         <w xml:id="o5089-443120"
            n="204-a-0540"
            ecep:lem="my"
            ecep:pos="po11"
            ecep:reg="my"
            ecep:spe="my"
            ecep:syllab="1"
            ecep:pron="maɪ">my</w>
         <c> </c>
         <w xml:id="o5089-443130"
            n="204-a-0550"
            ecep:lem="lord"
            ecep:pos="n1"
            ecep:reg="lord"
            ecep:spe="lord"
            ecep:syllab="1"
            ecep:pron="lɔːd">lord</w>
         <c> </c>
         <w xml:id="o5089-443140"
            n="204-a-0560"
            ecep:lem="you|will"
            ecep:pos="pn22|vmb"
            ecep:reg="you'll"
            ecep:spe="you'll"
            ecep:syllab="1"
            ecep:pron="juːl">you'll</w>
         <c> </c>
         <w xml:id="o5089-443150"
            n="204-a-0570"
            ecep:lem="excuse"
            ecep:pos="vvi"
            ecep:reg="excuse"
            ecep:spe="excuse"
            ecep:syllab="2"
            ecep:pron="ɪkˈskjuːz">excuse</w>
         <c> </c>
         <w xml:id="o5089-443160"
            n="204-a-0580"
            ecep:lem="i"
            ecep:pos="pno11"
            ecep:reg="me"
            ecep:spe="me"
            ecep:syllab="1"
            ecep:pron="miː">me</w>
         <pc xml:id="o5089-443170"
             n="204-a-0590"
             ecep:lem=","
             ecep:pos=","
             ecep:reg=","
             ecep:spe=",">,</pc>
         <c> </c>
         <w xml:id="o5089-443180"
            n="204-a-0600"
            ecep:lem="but"
            ecep:pos="cc-acp"
            ecep:reg="but"
            ecep:spe="but"
            ecep:syllab="1"
            ecep:pron="bʌt">but</w>
         <c> </c>
         <w xml:id="o5089-443190"
            n="204-a-0610"
            ecep:lem="i"
            ecep:pos="pns11"
            ecep:reg="I"
            ecep:spe="I"
            ecep:syllab="1"
            ecep:pron="aɪ">I</w>
         <c> </c>
         <w xml:id="o5089-443200"
            n="204-a-0620"
            ecep:lem="have"
            ecep:pos="vhb"
            ecep:reg="have"
            ecep:spe="have"
            ecep:syllab="1"
            ecep:pron="hæv">have</w>
         <c> </c>
         <w xml:id="o5089-443210"
            n="204-a-0630"
            ecep:lem="a"
            ecep:pos="dt"
            ecep:reg="a"
            ecep:spe="a"
            ecep:syllab="1"
            ecep:pron="ə">a</w>
         <c> </c>
         <w xml:id="o5089-443220"
            n="204-a-0640"
            ecep:lem="reason"
            ecep:pos="n1"
            ecep:reg="reason"
            ecep:spe="reason"
            ecep:syllab="2"
            ecep:pron="ˈriːzn">reason</w>
      </l>
      <l xml:id="o5089-l23985">
         <c> </c>
         <w xml:id="o5089-443230"
            n="204-a-0650"
            ecep:lem="why"
            ecep:pos="c-crq"
            ecep:reg="Why"
            ecep:spe="Why"
            ecep:syllab="1"
            ecep:pron="waɪ">Why</w>
         <c> </c>
         <w xml:id="o5089-443240"
            n="204-a-0660"
            ecep:lem="even"
            ecep:pos="av-j"
            ecep:reg="even"
            ecep:spe="even"
            ecep:syllab="2"
            ecep:pron="ˈiːvn">even</w>
         <c> </c>
         <w xml:id="o5089-443250"
            n="204-a-0670"
            ecep:lem="this"
            ecep:pos="d"
            ecep:reg="this"
            ecep:spe="this"
            ecep:syllab="1"
            ecep:pron="ðɪs">this</w>
         <c> </c>
         <w xml:id="o5089-443260"
            n="204-a-0680"
            ecep:lem="offer"
            ecep:pos="n1"
            ecep:reg="offer"
            ecep:spe="offer"
            ecep:syllab="2"
            ecep:pron="ˈɒfə">offer</w>
         <c> </c>
         <w xml:id="o5089-443270"
            n="204-a-0690"
            ecep:lem="become"
            ecep:pos="vvz"
            ecep:reg="becomes"
            ecep:spe="becomes"
            ecep:syllab="2"
            ecep:pron="bɪˈkʌmz">becomes</w>
         <c> </c>
         <w xml:id="o5089-443280"
            n="204-a-0700"
            ecep:lem="out"
            ecep:pos="av"
            ecep:reg="out"
            ecep:spe="out"
            ecep:syllab="1"
            ecep:pron="aʊt">out</w>
         <c> </c>
         <w xml:id="o5089-443290"
            n="204-a-0710"
            ecep:lem="of"
            ecep:pos="pp-f"
            ecep:reg="of"
            ecep:spe="of"
            ecep:syllab="1"
            ecep:pron="ɒv">of</w>
         <c> </c>
         <w xml:id="o5089-443300"
            n="204-a-0720"
            ecep:lem="season"
            ecep:pos="n1"
            ecep:reg="season"
            ecep:spe="season"
            ecep:syllab="2"
            ecep:pron="ˈsiːzn">season</w>
         <pc xml:id="o5089-443310"
             n="204-a-0730"
             ecep:lem=";"
             ecep:pos=";"
             ecep:reg=";"
             ecep:spe=";">;</pc>
      </l>
      <l xml:id="o5089-l23990">
         <c> </c>
         <w xml:id="o5089-443320"
            n="204-a-0740"
            ecep:lem="i|have"
            ecep:pos="pns11|vhb"
            ecep:reg="I've"
            ecep:spe="I've"
            ecep:syllab="1"
            ecep:pron="ˈaɪv">I've</w>
         <c> </c>
         <w xml:id="o5089-443330"
            n="204-a-0750"
            ecep:lem="a"
            ecep:pos="dt"
            ecep:reg="a"
            ecep:spe="a"
            ecep:syllab="1"
            ecep:pron="ə">a</w>
         <c> </c>
         <w xml:id="o5089-443340"
            n="204-a-0760"
            ecep:lem="new"
            ecep:pos="j"
            ecep:reg="new"
            ecep:spe="new"
            ecep:syllab="1"
            ecep:pron="njuː">new</w>
         <c> </c>
         <w xml:id="o5089-443350"
            n="204-a-0770"
            ecep:lem="book"
            ecep:pos="n1"
            ecep:reg="book"
            ecep:spe="book"
            ecep:syllab="1"
            ecep:pron="bʊk">book</w>
         <c> </c>
         <w xml:id="o5089-443360"
            n="204-a-0780"
            ecep:lem="of"
            ecep:pos="pp-f"
            ecep:reg="of"
            ecep:spe="of"
            ecep:syllab="1"
            ecep:pron="ɒv">of</w>
         <c> </c>
         <w xml:id="o5089-443370"
            n="204-a-0790"
            ecep:lem="sonnet"
            ecep:pos="n2"
            ecep:reg="sonnets"
            ecep:spe="sonnets"
            ecep:syllab="2"
            ecep:pron="ˈsɒnɪts">sonnets</w>
         <c> </c>
         <w xml:id="o5089-443380"
            n="204-a-0800"
            ecep:lem="just"
            ecep:pos="av-j"
            ecep:reg="just"
            ecep:spe="just"
            ecep:syllab="1"
            ecep:pron="dʒʌst">just</w>
         <c> </c>
         <w xml:id="o5089-443390"
            n="204-a-0810"
            ecep:lem="ripe"
            ecep:pos="j"
            ecep:reg="ripe"
            ecep:spe="ripe"
            ecep:syllab="1"
            ecep:pron="raɪp">ripe</w>
         <c> </c>
         <w xml:id="o5089-443400"
            n="204-a-0820"
            ecep:lem="for"
            ecep:pos="p-acp"
            ecep:reg="for"
            ecep:spe="for"
            ecep:syllab="1"
            ecep:pron="fɔː">for</w>
         <c> </c>
         <w xml:id="o5089-443410"
            n="204-a-0830"
            ecep:lem="the"
            ecep:pos="dt"
            ecep:reg="the"
            ecep:spe="the"
            ecep:syllab="1"
            ecep:pron="ðiː">the</w>
         <c> </c>
         <w xml:id="o5089-443420"
            n="204-a-0840"
            ecep:lem="press"
            ecep:pos="n1"
            ecep:reg="press"
            ecep:spe="press"
            ecep:syllab="1"
            ecep:pron="pres">press</w>
         <pc xml:id="o5089-443430"
             n="204-a-0850"
             ecep:lem=","
             ecep:pos=","
             ecep:reg=","
             ecep:spe=",">,</pc>
      </l>
      <l xml:id="o5089-l23995">
         <c> </c>
         <w xml:id="o5089-443440"
            n="204-a-0860"
            ecep:lem="upon"
            ecep:pos="p-acp"
            ecep:reg="Upon"
            ecep:spe="Upon"
            ecep:syllab="2"
            ecep:pron="əˈpɒn">Upon</w>
         <c> </c>
         <w xml:id="o5089-443450"
            n="204-a-0870"
            ecep:lem="the"
            ecep:pos="dt"
            ecep:reg="the"
            ecep:spe="the"
            ecep:syllab="1"
            ecep:pron="ðiː">the</w>
         <c> </c>
         <w xml:id="o5089-443460"
            n="204-a-0880"
            ecep:lem="same"
            ecep:pos="d"
            ecep:reg="same"
            ecep:spe="same"
            ecep:syllab="1"
            ecep:pron="seɪm">same</w>
         <c> </c>
         <w xml:id="o5089-443470"
            n="204-a-0890"
            ecep:lem="plan"
            ecep:pos="n1"
            ecep:reg="plan"
            ecep:spe="plan"
            ecep:syllab="1"
            ecep:pron="plæn">plan</w>
         <c> </c>
         <w xml:id="o5089-443480"
            n="204-a-0900"
            ecep:lem="as"
            ecep:pos="c-acp"
            ecep:reg="as"
            ecep:spe="as"
            ecep:syllab="1"
            ecep:pron="æz">as</w>
         <c> </c>
         <w xml:id="o5089-443490"
            n="204-a-0910"
            ecep:lem="the"
            ecep:pos="dt"
            ecep:reg="the"
            ecep:spe="the"
            ecep:syllab="1"
            ecep:pron="ðiː">the</w>
         <c> </c>
         <w xml:id="o5089-443500"
            n="204-a-0920"
            ecep:lem="last"
            ecep:pos="ord"
            ecep:reg="last"
            ecep:spe="last"
            ecep:syllab="1"
            ecep:pron="lɑːst">last</w>
         <pc xml:id="o5089-443510"
             n="204-a-0930"
             ecep:lem=","
             ecep:pos=","
             ecep:reg=","
             ecep:spe=",">,</pc>
         <c> </c>
         <w xml:id="o5089-443520"
            n="204-a-0940"
            ecep:lem="you"
            ecep:pos="pn22"
            ecep:reg="you"
            ecep:spe="you"
            ecep:syllab="1"
            ecep:pron="juː">you</w>
         <c> </c>
         <w xml:id="o5089-443530"
            n="204-a-0950"
            ecep:lem="may"
            ecep:pos="vmb"
            ecep:reg="may"
            ecep:spe="may"
            ecep:syllab="1"
            ecep:pron="meɪ">may</w>
         <c> </c>
         <w xml:id="o5089-443540"
            n="204-a-0960"
            ecep:lem="guess"
            ecep:pos="vvi"
            ecep:reg="guess"
            ecep:spe="guess"
            ecep:syllab="1"
            ecep:pron="ges">guess</w>
         <pc xml:id="o5089-443550"
             n="204-a-0970"
             ecep:lem=";"
             ecep:pos=";"
             ecep:reg=";"
             ecep:spe=";">;</pc>
      </l>
      <l xml:id="o5089-l24000">
         <c> </c>
         <w xml:id="o5089-443560"
            n="204-a-0980"
            ecep:lem="i"
            ecep:pos="pns11"
            ecep:reg="I"
            ecep:spe="I"
            ecep:syllab="1"
            ecep:pron="aɪ">I</w>
         <c> </c>
         <w xml:id="o5089-443570"
            n="204-a-0990"
            ecep:lem="have"
            ecep:pos="vhb"
            ecep:reg="have"
            ecep:spe="have"
            ecep:syllab="1"
            ecep:pron="hæv">have</w>
         <c> </c>
         <w xml:id="o5089-443580"
            n="204-a-1000"
            ecep:lem="there"
            ecep:pos="a-acp"
            ecep:reg="there"
            ecep:spe="there"
            ecep:syllab="1"
            ecep:pron="ðeə">there</w>
         <pc xml:id="o5089-443590"
             n="204-a-1010"
             ecep:lem=","
             ecep:pos=","
             ecep:reg=","
             ecep:spe=",">,</pc>
         <c> </c>
         <w xml:id="o5089-443600"
            n="204-a-1020"
            ecep:lem="all"
            ecep:pos="d"
            ecep:reg="all"
            ecep:spe="all"
            ecep:syllab="1"
            ecep:pron="ɔːl">all</w>
         <c> </c>
         <w xml:id="o5089-443610"
            n="204-a-1030"
            ecep:lem="along"
            ecep:pos="a-acp"
            ecep:reg="along"
            ecep:spe="along"
            ecep:syllab="2"
            ecep:pron="əˈlɒŋ">along</w>
         <pc xml:id="o5089-443620"
             n="204-a-1040"
             ecep:lem=","
             ecep:pos=","
             ecep:reg=","
             ecep:spe=",">,</pc>
         <c> </c>
         <w xml:id="o5089-443630"
            n="204-a-1050"
            ecep:lem="make"
            ecep:pos="vvd"
            ecep:reg="made"
            ecep:spe="made"
            ecep:syllab="1"
            ecep:pron="meɪd">made</w>
         <c> </c>
         <w xml:id="o5089-443640"
            n="204-a-1060"
            ecep:lem="my"
            ecep:pos="po11"
            ecep:reg="my"
            ecep:spe="my"
            ecep:syllab="1"
            ecep:pron="maɪ">my</w>
         <c> </c>
         <w xml:id="o5089-443650"
            n="204-a-1070"
            ecep:lem="Laura"
            ecep:pos="np1"
            ecep:reg="Laura"
            ecep:spe="Laura"
            ecep:syllab="2"
            ecep:pron="ˈlɔːrə">Laura</w>
         <c> </c>
         <w xml:id="o5089-443660"
            n="204-a-1080"
            ecep:lem="a"
            ecep:pos="dt"
            ecep:reg="a"
            ecep:spe="a"
            ecep:syllab="1"
            ecep:pron="ə">a</w>
         <c> </c>
         <w xml:id="o5089-443670"
            n="204-a-1090"
            ecep:lem="goddess"
            ecep:pos="n1"
            ecep:reg="goddess"
            ecep:spe="goddess"
            ecep:syllab="2"
            ecep:pron="ˈgɒdes">goddess</w>
         <pc xml:id="o5089-443680"
             n="204-a-1100"
             ecep:lem=","
             ecep:pos=","
             ecep:reg=","
             ecep:spe=",">,</pc>
      </l>
      <l xml:id="o5089-l24005">
         <c> </c>
         <w xml:id="o5089-443690"
            n="204-a-1110"
            ecep:lem="and"
            ecep:pos="cc"
            ecep:reg="And"
            ecep:spe="And"
            ecep:syllab="1"
            ecep:pron="ænd">And</w>
         <c> </c>
         <w xml:id="o5089-443700"
            n="204-a-1120"
            ecep:lem="Venus"
            ecep:pos="np1"
            ecep:reg="Venus"
            ecep:spe="Venus"
            ecep:syllab="2"
            ecep:pron="ˈviːnəs">Venus</w>
         <pc xml:id="o5089-443710"
             n="204-a-1130"
             ecep:lem=","
             ecep:pos=","
             ecep:reg=","
             ecep:spe=",">,</pc>
         <c> </c>
         <w xml:id="o5089-443720"
            n="204-a-1140"
            ecep:lem="to"
            ecep:pos="pc-acp"
            ecep:reg="to"
            ecep:spe="to"
            ecep:syllab="1"
            ecep:pron="tuː">to</w>
         <c> </c>
         <w xml:id="o5089-443730"
            n="204-a-1150"
            ecep:lem="please"
            ecep:pos="vvi"
            ecep:reg="please"
            ecep:spe="please"
            ecep:syllab="1"
            ecep:pron="pliːz">please</w>
         <c> </c>
         <w xml:id="o5089-443740"
            n="204-a-1160"
            ecep:lem="i"
            ecep:pos="pno11"
            ecep:reg="me"
            ecep:spe="me"
            ecep:syllab="1"
            ecep:pron="miː">me</w>
         <pc xml:id="o5089-443750"
             n="204-a-1170"
             ecep:lem=","
             ecep:pos=","
             ecep:reg=","
             ecep:spe=",">,</pc>
         <c> </c>
         <w xml:id="o5089-443760"
            n="204-a-1180"
            ecep:lem="have"
            ecep:pos="vhz"
            ecep:reg="has"
            ecep:spe="has"
            ecep:syllab="1"
            ecep:pron="hæz">has</w>
         <c> </c>
         <w xml:id="o5089-443770"
            n="204-a-1190"
            ecep:lem="lend"
            ecep:pos="vvn"
            ecep:reg="lent"
            ecep:spe="lent"
            ecep:syllab="1"
            ecep:pron="lent">lent</w>
         <c> </c>
         <w xml:id="o5089-443780"
            n="204-a-1200"
            ecep:lem="she"
            ecep:pos="pno31"
            ecep:reg="her"
            ecep:spe="her"
            ecep:syllab="1"
            ecep:pron="hɜː">her</w>
         <c> </c>
         <w xml:id="o5089-443790"
            n="204-a-1210"
            ecep:lem="the"
            ecep:pos="dt"
            ecep:reg="the"
            ecep:spe="the"
            ecep:syllab="1"
            ecep:pron="ðiː">the</w>
         <c> </c>
         <w xml:id="o5089-443800"
            n="204-a-1220"
            ecep:lem="boddice"
            ecep:pos="n1"
            ecep:reg="bodice"
            ecep:spe="boddice"
            ecep:syllab="2"
            ecep:pron="bˈɒdɪs">boddice</w>
         <pc xml:id="o5089-443810"
             n="204-a-1230"
             ecep:lem=";"
             ecep:pos=";"
             ecep:reg=";"
             ecep:spe=";">;</pc>
      </l>
      <l xml:id="o5089-l24010">
         <c> </c>
         <w xml:id="o5089-443820"
            n="204-a-1240"
            ecep:lem="while"
            ecep:pos="cs"
            ecep:reg="While"
            ecep:spe="While"
            ecep:syllab="1"
            ecep:pron="ˈwaɪl">While</w>
         <c> </c>
         <w xml:id="o5089-443830"
            n="204-a-1250"
            ecep:lem="Hebe"
            ecep:pos="np1"
            ecep:reg="Hebe"
            ecep:spe="Hebe"
            ecep:syllab="1"
            ecep:pron="ˈhiːbiː">Hebe</w>
         <pc xml:id="o5089-443840"
             n="204-a-1260"
             ecep:lem=","
             ecep:pos=","
             ecep:reg=","
             ecep:spe=",">,</pc>
         <c> </c>
         <w xml:id="o5089-443850"
            n="204-a-1270"
            ecep:lem="Minerva"
            ecep:pos="np1"
            ecep:reg="Minerva"
            ecep:spe="Minerva"
            ecep:syllab="3"
            ecep:pron="mɪˈnɜːvə">Minerva</w>
         <pc xml:id="o5089-443860"
             n="204-a-1280"
             ecep:lem=","
             ecep:pos=","
             ecep:reg=","
             ecep:spe=",">,</pc>
         <c> </c>
         <w xml:id="o5089-443870"
            n="204-a-1290"
            ecep:lem="and"
            ecep:pos="cc"
            ecep:reg="and"
            ecep:spe="and"
            ecep:syllab="1"
            ecep:pron="ænd">and</w>
         <c> </c>
         <w xml:id="o5089-443880"
            n="204-a-1300"
            ecep:lem="twenty"
            ecep:pos="crd"
            ecep:reg="twenty"
            ecep:spe="twenty"
            ecep:syllab="2"
            ecep:pron="ˈtwenti">twenty</w>
         <c> </c>
         <w xml:id="o5089-443890"
            n="204-a-1310"
            ecep:lem="to"
            ecep:pos="p-acp"
            ecep:reg="to"
            ecep:spe="to"
            ecep:syllab="1"
            ecep:pron="tuː">to</w>
         <c> </c>
         <w xml:id="o5089-443900"
            n="204-a-1320"
            ecep:lem="boot"
            ecep:pos="n1"
            ecep:reg="boot"
            ecep:spe="boot"
            ecep:syllab="1"
            ecep:pron="buːt">boot</w>
         <pc xml:id="o5089-443910"
             n="204-a-1330"
             ecep:lem=","
             ecep:pos=","
             ecep:reg=","
             ecep:spe=",">,</pc>
      </l>
      <l xml:id="o5089-l24015">
         <c> </c>
         <w xml:id="o5089-443920"
            n="204-a-1340"
            ecep:lem="with"
            ecep:pos="p-acp"
            ecep:reg="With"
            ecep:spe="With"
            ecep:syllab="1"
            ecep:pron="wɪð">With</w>
         <c> </c>
         <w xml:id="o5089-443930"
            n="204-a-1350"
            ecep:lem="gift"
            ecep:pos="n2"
            ecep:reg="gifts"
            ecep:spe="gifts"
            ecep:syllab="1"
            ecep:pron="gɪfts">gifts</w>
         <c> </c>
         <w xml:id="o5089-443940"
            n="204-a-1360"
            ecep:lem="all"
            ecep:pos="d"
            ecep:reg="all"
            ecep:spe="all"
            ecep:syllab="1"
            ecep:pron="ɔːl">all</w>
         <c> </c>
         <w xml:id="o5089-443950"
            n="204-a-1370"
            ecep:lem="celestial"
            ecep:pos="j"
            ecep:reg="celestial"
            ecep:spe="celestial"
            ecep:syllab="3"
            ecep:pron="səˈlestiəl">celestial</w>
         <c> </c>
         <w xml:id="o5089-443960"
            n="204-a-1380"
            ecep:lem="have"
            ecep:pos="vhb"
            ecep:reg="have"
            ecep:spe="have"
            ecep:syllab="1"
            ecep:pron="hæv">have</w>
         <c> </c>
         <w xml:id="o5089-443970"
            n="204-a-1390"
            ecep:lem="trick"
            ecep:pos="vvn"
            ecep:reg="tricked"
            ecep:spe="trick'd"
            ecep:syllab="1"
            ecep:pron="trɪkt">trick'd</w>
         <c> </c>
         <w xml:id="o5089-443980"
            n="204-a-1400"
            ecep:lem="i"
            ecep:pos="pno11"
            ecep:reg="me"
            ecep:spe="me"
            ecep:syllab="1"
            ecep:pron="miː">me</w>
         <c> </c>
         <w xml:id="o5089-443990"
            n="204-a-1410"
            ecep:lem="her"
            ecep:pos="po31"
            ecep:reg="her"
            ecep:spe="her"
            ecep:syllab="1"
            ecep:pron="hɜː">her</w>
         <c> </c>
         <w xml:id="o5089-444000"
            n="204-a-1420"
            ecep:lem="out"
            ecep:pos="av"
            ecep:reg="out"
            ecep:spe="out"
            ecep:syllab="1"
            ecep:pron="aʊt">out</w>
         <pc xml:id="o5089-444010"
             n="204-a-1430"
             unit="sentence"
             ecep:lem="."
             ecep:pos="."
             ecep:reg="."
             ecep:spe=".">.</pc>
         <c> </c>
      </l>
      <l xml:id="o5089-l24020">
         <w xml:id="o5089-444020"
            n="204-a-1440"
            ecep:lem="now"
            ecep:pos="av"
            ecep:reg="Now"
            ecep:spe="Now"
            ecep:syllab="1"
            ecep:pron="naʊ">Now</w>
         <c> </c>
         <w xml:id="o5089-444030"
            n="204-a-1450"
            ecep:lem="marriage"
            ecep:pos="n1"
            ecep:reg="marriage"
            ecep:spe="marriage"
            ecep:syllab="2"
            ecep:pron="ˈmærɪdʒ">marriage</w>
         <pc xml:id="o5089-444040"
             n="204-a-1460"
             ecep:lem=","
             ecep:pos=","
             ecep:reg=","
             ecep:spe=",">,</pc>
         <c> </c>
         <w xml:id="o5089-444050"
            n="204-a-1470"
            ecep:lem="my"
            ecep:pos="po11"
            ecep:reg="my"
            ecep:spe="my"
            ecep:syllab="1"
            ecep:pron="maɪ">my</w>
         <c> </c>
         <w xml:id="o5089-444060"
            n="204-a-1480"
            ecep:lem="lord"
            ecep:pos="n1"
            ecep:reg="lord"
            ecep:spe="lord"
            ecep:syllab="1"
            ecep:pron="lɔːd">lord</w>
         <pc xml:id="o5089-444070"
             n="204-a-1490"
             ecep:lem=","
             ecep:pos=","
             ecep:reg=","
             ecep:spe=",">,</pc>
         <c> </c>
         <w xml:id="o5089-444080"
            n="204-a-1500"
            ecep:lem="the"
            ecep:pos="dt"
            ecep:reg="the"
            ecep:spe="the"
            ecep:syllab="1"
            ecep:pron="ðiː">the</w>
         <c> </c>
         <w xml:id="o5089-444090"
            n="204-a-1510"
            ecep:lem="whole"
            ecep:pos="j-jn"
            ecep:reg="whole"
            ecep:spe="whole"
            ecep:syllab="1"
            ecep:pron="həʊl">whole</w>
         <c> </c>
         <w xml:id="o5089-444100"
            n="204-a-1520"
            ecep:lem="charm"
            ecep:pos="n1"
            ecep:reg="charm"
            ecep:spe="charm"
            ecep:syllab="1"
            ecep:pron="tʃɑːm">charm</w>
         <c> </c>
         <w xml:id="o5089-444110"
            n="204-a-1530"
            ecep:lem="will"
            ecep:pos="vmd"
            ecep:reg="would"
            ecep:spe="would"
            ecep:syllab="1"
            ecep:pron="wʊd">would</w>
         <c> </c>
         <w xml:id="o5089-444120"
            n="204-a-1540"
            ecep:lem="destroy"
            ecep:pos="vvi"
            ecep:reg="destroy"
            ecep:spe="destroy"
            ecep:syllab="2"
            ecep:pron="dɪˈstrɔɪ">destroy</w>
         <pc xml:id="o5089-444130"
             n="204-a-1550"
             ecep:lem=","
             ecep:pos=","
             ecep:reg=","
             ecep:spe=",">,</pc>
      </l>
      <l xml:id="o5089-l24025">
         <c> </c>
         <w xml:id="o5089-444140"
            n="204-a-1560"
            ecep:lem="and"
            ecep:pos="cc"
            ecep:reg="And"
            ecep:spe="And"
            ecep:syllab="1"
            ecep:pron="ænd">And</w>
         <c> </c>
         <w xml:id="o5089-444150"
            n="204-a-1570"
            ecep:lem="hurl"
            ecep:pos="vvi"
            ecep:reg="hurl"
            ecep:spe="hurl"
            ecep:syllab="1"
            ecep:pron="hɜːl">hurl</w>
         <c> </c>
         <w xml:id="o5089-444160"
            n="204-a-1580"
            ecep:lem="her"
            ecep:pos="po31"
            ecep:reg="her"
            ecep:spe="her"
            ecep:syllab="1"
            ecep:pron="hɜː">her</w>
         <c> </c>
         <w xml:id="o5089-444170"
            n="204-a-1590"
            ecep:lem="divinity"
            ecep:pos="n1"
            ecep:reg="divinity"
            ecep:spe="divinity"
            ecep:syllab="4"
            ecep:pron="dɪˈvɪnəti">divinity</w>
         <c> </c>
         <w xml:id="o5089-444180"
            n="204-a-1600"
            ecep:lem="quite"
            ecep:pos="av"
            ecep:reg="quite"
            ecep:spe="quite"
            ecep:syllab="1"
            ecep:pron="kwaɪt">quite</w>
         <c> </c>
         <w xml:id="o5089-444190"
            n="204-a-1610"
            ecep:lem="from"
            ecep:pos="p-acp"
            ecep:reg="from"
            ecep:spe="from"
            ecep:syllab="1"
            ecep:pron="frɒm">from</w>
         <c> </c>
         <w xml:id="o5089-444200"
            n="204-a-1620"
            ecep:lem="the"
            ecep:pos="dt"
            ecep:reg="the"
            ecep:spe="the"
            ecep:syllab="1"
            ecep:pron="ðiː">the</w>
         <c> </c>
         <w xml:id="o5089-444210"
            n="204-a-1630"
            ecep:lem="sky"
            ecep:pos="n1"
            ecep:reg="sky"
            ecep:spe="sky"
            ecep:syllab="1"
            ecep:pron="skaɪ">sky</w>
         <pc xml:id="o5089-444220"
             n="204-a-1640"
             ecep:lem=","
             ecep:pos=","
             ecep:reg=","
             ecep:spe=",">,</pc>
      </l>
      <l xml:id="o5089-l24030">
         <c> </c>
         <w xml:id="o5089-444230"
            n="204-a-1650"
            ecep:lem="to"
            ecep:pos="p-acp"
            ecep:reg="To"
            ecep:spe="To"
            ecep:syllab="1"
            ecep:pron="tuː">To</w>
         <c> </c>
         <w xml:id="o5089-444240"
            n="204-a-1660"
            ecep:lem="my"
            ecep:pos="po11"
            ecep:reg="my"
            ecep:spe="my"
            ecep:syllab="1"
            ecep:pron="maɪ">my</w>
         <c> </c>
         <w xml:id="o5089-444250"
            n="204-a-1670"
            ecep:lem="cost"
            ecep:pos="n1"
            ecep:reg="cost"
            ecep:spe="cost"
            ecep:syllab="1"
            ecep:pron="kɒst">cost</w>
         <c> </c>
         <w xml:id="o5089-444260"
            n="204-a-1680"
            ecep:lem="i"
            ecep:pos="pns11"
            ecep:reg="I"
            ecep:spe="I"
            ecep:syllab="1"
            ecep:pron="aɪ">I</w>
         <c> </c>
         <w xml:id="o5089-444270"
            n="204-a-1690"
            ecep:lem="shall"
            ecep:pos="vmd"
            ecep:reg="should"
            ecep:spe="should"
            ecep:syllab="1"
            ecep:pron="ʃʊd">should</w>
         <c> </c>
         <w xml:id="o5089-444280"
            n="204-a-1700"
            ecep:lem="find"
            ecep:pos="vvi"
            ecep:reg="find"
            ecep:spe="find"
            ecep:syllab="1"
            ecep:pron="faɪnd">find</w>
         <c> </c>
         <w xml:id="o5089-444290"
            n="204-a-1710"
            ecep:lem="she"
            ecep:pos="pno31"
            ecep:reg="her"
            ecep:spe="her"
            ecep:syllab="1"
            ecep:pron="hɜː">her</w>
         <c> </c>
         <w xml:id="o5089-444300"
            n="204-a-1720"
            ecep:lem="no"
            ecep:pos="av-dx"
            ecep:reg="no"
            ecep:spe="no"
            ecep:syllab="1"
            ecep:pron="nəʊ">no</w>
         <c> </c>
         <w xml:id="o5089-444310"
            n="204-a-1730"
            ecep:lem="more"
            ecep:pos="dc"
            ecep:reg="more"
            ecep:spe="more"
            ecep:syllab="1"
            ecep:pron="mɔː">more</w>
         <c> </c>
         <w xml:id="o5089-444320"
            n="204-a-1740"
            ecep:lem="than"
            ecep:pos="cs"
            ecep:reg="than"
            ecep:spe="than"
            ecep:syllab="1"
            ecep:pron="ðæn">than</w>
         <c> </c>
         <w xml:id="o5089-444330"
            n="204-a-1750"
            ecep:lem="a"
            ecep:pos="dt"
            ecep:reg="a"
            ecep:spe="a"
            ecep:syllab="1"
            ecep:pron="ə">a</w>
         <c> </c>
         <w xml:id="o5089-444340"
            n="204-a-1760"
            ecep:lem="woman"
            ecep:pos="n1"
            ecep:reg="woman"
            ecep:spe="woman"
            ecep:syllab="2"
            ecep:pron="ˈwʊmən">woman</w>
         <pc xml:id="o5089-444350"
             n="204-a-1770"
             ecep:lem=","
             ecep:pos=","
             ecep:reg=","
             ecep:spe=",">,</pc>
      </l>
      <l xml:id="o5089-l24035">
         <c> </c>
         <w xml:id="o5089-444360"
            n="204-a-1780"
            ecep:lem="and"
            ecep:pos="cc"
            ecep:reg="And"
            ecep:spe="And"
            ecep:syllab="1"
            ecep:pron="ænd">And</w>
         <c> </c>
         <w xml:id="o5089-444370"
            n="204-a-1790"
            ecep:lem="my"
            ecep:pos="po11"
            ecep:reg="my"
            ecep:spe="my"
            ecep:syllab="1"
            ecep:pron="maɪ">my</w>
         <c> </c>
         <w xml:id="o5089-444380"
            n="204-a-1800"
            ecep:lem="sonnet"
            ecep:pos="n2"
            ecep:reg="sonnets"
            ecep:spe="sonnets"
            ecep:syllab="2"
            ecep:pron="ˈsɒnɪts">sonnets</w>
         <pc xml:id="o5089-444390"
             n="204-a-1810"
             ecep:lem=","
             ecep:pos=","
             ecep:reg=","
             ecep:spe=",">,</pc>
         <c> </c>
         <w xml:id="o5089-444400"
            n="204-a-1820"
            ecep:lem="alas"
            ecep:pos="uh"
            ecep:reg="alas"
            ecep:spe="alas"
            ecep:syllab="2"
            ecep:pron="əˈlæs">alas</w>
         <pc xml:id="o5089-444410"
             n="204-a-1830"
             ecep:lem="!"
             ecep:pos="!"
             ecep:reg="!"
             ecep:spe="!">!</pc>
         <c> </c>
         <w xml:id="o5089-444420"
            n="204-a-1840"
            ecep:lem="will"
            ecep:pos="vmd"
            ecep:reg="would"
            ecep:spe="would"
            ecep:syllab="1"
            ecep:pron="wʊd">would</w>
         <c> </c>
         <w xml:id="o5089-444430"
            n="204-a-1850"
            ecep:lem="gain"
            ecep:pos="n1"
            ecep:reg="gain"
            ecep:spe="gain"
            ecep:syllab="1"
            ecep:pron="geɪn">gain</w>
         <c> </c>
         <w xml:id="o5089-444440"
            n="204-a-1860"
            ecep:lem="credit"
            ecep:pos="vvi"
            ecep:reg="credit"
            ecep:spe="credit"
            ecep:syllab="2"
            ecep:pron="ˈkredɪt">credit</w>
         <c> </c>
         <w xml:id="o5089-444450"
            n="204-a-1870"
            ecep:lem="with"
            ecep:pos="p-acp"
            ecep:reg="with"
            ecep:spe="with"
            ecep:syllab="1"
            ecep:pron="wɪð">with</w>
         <c> </c>
         <w xml:id="o5089-444460"
            n="204-a-1880"
            ecep:lem="no"
            ecep:pos="dx"
            ecep:reg="no"
            ecep:spe="no"
            ecep:syllab="1"
            ecep:pron="nəʊ">no</w>
         <c> </c>
         <w xml:id="o5089-444470"
            n="204-a-1890"
            ecep:lem="man"
            ecep:pos="n1"
            ecep:reg="man"
            ecep:spe="man"
            ecep:syllab="1"
            ecep:pron="mæn">man</w>
         <pc xml:id="o5089-444480"
             n="204-a-1900"
             unit="sentence"
             ecep:lem="."
             ecep:pos="."
             ecep:reg="."
             ecep:spe=".">.</pc>
         <c> </c>
      </l>
   </lg>
</div>
