<?xml version="1.0" encoding="utf-8"?>
<!DOCTYPE div
  SYSTEM "about:legacy-compat">
<div xmlns:ecep="http://www.eighteenthcenturypoetry.org/ns"
     xmlns="http://www.tei-c.org/ns/1.0"
     xmlns:tei="http://www.tei-c.org/ns/1.0"
     ana="#iamb #tetrameter #sestet #pair #hymn #imitation"
     corresp="#txt_LennCh1730_w0005"
     decls="#semi-normalized"
     ecep:syllab="8.8.8.8.8.8"
     met="-+|-+|-+|-+/ -+|-+|-+|-+/ -+|-+|-+|-+/ -+|-+|-+|-+/ -+|-+|-+|-+/ -+|-+|-+|-+/"
     rendition="#lgvspace"
     rhyme="aabbcc"
     subtype="eceptext"
     type="hymn"
     xml:id="o5247-w0040">
   <link target="authors.xml#aut_LennCh1730" type="author"/>
   <head type="main">
      <w xml:id="o5247-018990"
         n="18-a-0010"
         ecep:lem="a"
         ecep:pos="dt"
         ecep:reg="A"
         ecep:spe="A"
         ecep:syllab="1"
         ecep:pron="ə">A</w>
      <c> </c>
      <w xml:id="o5247-019000"
         n="18-a-0020"
         ecep:lem="hymn"
         ecep:pos="n1"
         ecep:reg="HYMN"
         ecep:spe="HYMN"
         ecep:syllab="1"
         ecep:pron="hɪm">HYMN</w>
      <c> </c>
      <w xml:id="o5247-019010"
         n="18-a-0030"
         ecep:lem="to"
         ecep:pos="p-acp"
         ecep:reg="to"
         ecep:spe="to"
         ecep:syllab="1"
         ecep:pron="tuː">to</w>
      <c> </c>
      <hi>
         <w xml:id="o5247-019020"
            n="18-a-0040"
            ecep:lem="Venus"
            ecep:pos="np1"
            ecep:reg="VENUS"
            ecep:spe="VENUS"
            ecep:syllab="2"
            ecep:pron="ˈviːnəs">VENUS</w>
         <pc xml:id="o5247-019030"
             n="18-a-0050"
             ecep:lem=","
             ecep:pos=","
             ecep:reg=","
             ecep:spe=",">,</pc>
      </hi>
      <c> </c>
      <w xml:id="o5247-019040"
         n="18-a-0060"
         ecep:lem="in"
         ecep:pos="p-acp"
         ecep:reg="IN"
         ecep:spe="IN"
         ecep:syllab="1"
         ecep:pron="ɪn">IN</w>
      <c> </c>
      <w xml:id="o5247-019050"
         n="18-a-0070"
         ecep:lem="imitation"
         ecep:pos="n1"
         ecep:reg="IMITATION"
         ecep:spe="IMITATION"
         ecep:syllab="4"
         ecep:pron="ˌɪmɪˈteɪʃn">IMITATION</w>
      <c> </c>
      <w xml:id="o5247-019060"
         n="18-a-0080"
         ecep:lem="of"
         ecep:pos="pp-f"
         ecep:reg="of"
         ecep:spe="of"
         ecep:syllab="1"
         ecep:pron="ɒv">of</w>
      <c> </c>
      <hi>
         <w xml:id="o5247-019070"
            n="18-a-0090"
            ecep:lem="sapho"
            ecep:pos="np1"
            ecep:reg="SAPHO"
            ecep:spe="SAPHO"
            ecep:syllab="2"
            ecep:pron="sˈæfəʊ">SAPHO</w>
         <pc xml:id="o5247-019080"
             n="18-a-0100"
             unit="sentence"
             ecep:lem="."
             ecep:pos="."
             ecep:reg="."
             ecep:spe=".">.</pc>
         <c> </c>
      </hi>
   </head>
   <lg xml:id="o5247-s00105">
      <l xml:id="o5247-l00865">
         <w xml:id="o5247-019110"
            n="18-a-0110"
            ecep:lem="Venus"
            ecep:pos="np1"
            ecep:reg="VENUS"
            ecep:spe="VENUS"
            ecep:syllab="2"
            ecep:pron="ˈviːnəs">VENUS</w>
         <pc xml:id="o5247-019120"
             n="18-a-0120"
             ecep:lem=","
             ecep:pos=","
             ecep:reg=","
             ecep:spe=",">,</pc>
         <c> </c>
         <w xml:id="o5247-019130"
            n="18-a-0130"
            ecep:lem="queen"
            ecep:pos="n1"
            ecep:reg="Queen"
            ecep:spe="Queen"
            ecep:syllab="1"
            ecep:pron="kwiːn">Queen</w>
         <c> </c>
         <w xml:id="o5247-019140"
            n="18-a-0140"
            ecep:lem="of"
            ecep:pos="pp-f"
            ecep:reg="of"
            ecep:spe="of"
            ecep:syllab="1"
            ecep:pron="ɒv">of</w>
         <c> </c>
         <w xml:id="o5247-019150"
            n="18-a-0150"
            ecep:lem="tender"
            ecep:pos="j"
            ecep:reg="tender"
            ecep:spe="tender"
            ecep:syllab="2"
            ecep:pron="ˈtendə">tender</w>
         <c> </c>
         <w xml:id="o5247-019160"
            n="18-a-0160"
            ecep:lem="fire"
            ecep:pos="n2"
            ecep:reg="Fires"
            ecep:spe="Fires"
            ecep:syllab="1"
            ecep:pron="fæəz">Fires</w>
         <pc xml:id="o5247-019170"
             n="18-a-0170"
             ecep:lem=","
             ecep:pos=","
             ecep:reg=","
             ecep:spe=",">,</pc>
      </l>
      <l xml:id="o5247-l00870">
         <c> </c>
         <w xml:id="o5247-019180"
            n="18-a-0180"
            ecep:lem="please"
            ecep:pos="vvg"
            ecep:reg="Pleasing"
            ecep:spe="Pleasing"
            ecep:syllab="2"
            ecep:pron="pliːzɪŋ">Pleasing</w>
         <c> </c>
         <w xml:id="o5247-019190"
            n="18-a-0190"
            ecep:lem="pain"
            ecep:pos="n2"
            ecep:reg="Pains"
            ecep:spe="Pains"
            ecep:syllab="1"
            ecep:pron="peɪnz">Pains</w>
         <pc xml:id="o5247-019200"
             n="18-a-0200"
             ecep:lem=","
             ecep:pos=","
             ecep:reg=","
             ecep:spe=",">,</pc>
         <c> </c>
         <w xml:id="o5247-019210"
            n="18-a-0210"
            ecep:lem="and"
            ecep:pos="cc"
            ecep:reg="and"
            ecep:spe="and"
            ecep:syllab="1"
            ecep:pron="ænd">and</w>
         <c> </c>
         <w xml:id="o5247-019220"
            n="18-a-0220"
            ecep:lem="soft"
            ecep:pos="j"
            ecep:reg="soft"
            ecep:spe="soft"
            ecep:syllab="1"
            ecep:pron="sɒft">soft</w>
         <c> </c>
         <w xml:id="o5247-019230"
            n="18-a-0230"
            ecep:lem="desire"
            ecep:pos="n2"
            ecep:reg="Desires"
            ecep:spe="Desires"
            ecep:syllab="2"
            ecep:pron="dɪˈzæəz">Desires</w>
         <pc xml:id="o5247-019240"
             n="18-a-0240"
             ecep:lem=";"
             ecep:pos=";"
             ecep:reg=";"
             ecep:spe=";">;</pc>
      </l>
      <l xml:id="o5247-l00875">
         <c> </c>
         <w xml:id="o5247-019250"
            n="18-a-0250"
            ecep:lem="sweet"
            ecep:pos="j"
            ecep:reg="Sweet"
            ecep:spe="Sweet"
            ecep:syllab="1"
            ecep:pron="swiːt">Sweet</w>
         <c> </c>
         <w xml:id="o5247-019260"
            n="18-a-0260"
            ecep:lem="enslaver"
            ecep:pos="vvb"
            ecep:reg="Enslaver"
            ecep:spe="Enslaver"
            ecep:syllab="3"
            ecep:pron="ɪnˈsleɪvə">Enslaver</w>
         <c> </c>
         <w xml:id="o5247-019270"
            n="18-a-0270"
            ecep:lem="of"
            ecep:pos="pp-f"
            ecep:reg="of"
            ecep:spe="of"
            ecep:syllab="1"
            ecep:pron="ɒv">of</w>
         <c> </c>
         <w xml:id="o5247-019280"
            n="18-a-0280"
            ecep:lem="the"
            ecep:pos="dt"
            ecep:reg="the"
            ecep:spe="the"
            ecep:syllab="1"
            ecep:pron="ðiː">the</w>
         <c> </c>
         <w xml:id="o5247-019290"
            n="18-a-0290"
            ecep:lem="heart"
            ecep:pos="n1"
            ecep:reg="Heart"
            ecep:spe="Heart"
            ecep:syllab="1"
            ecep:pron="hɑːt">Heart</w>
         <pc xml:id="o5247-019300"
             n="18-a-0300"
             ecep:lem=","
             ecep:pos=","
             ecep:reg=","
             ecep:spe=",">,</pc>
      </l>
      <l xml:id="o5247-l00880">
         <c> </c>
         <w xml:id="o5247-019310"
            n="18-a-0310"
            ecep:lem="here"
            ecep:pos="av"
            ecep:reg="Here"
            ecep:spe="Here"
            ecep:syllab="1"
            ecep:pron="hɪə">Here</w>
         <c> </c>
         <w xml:id="o5247-019320"
            n="18-a-0320"
            ecep:lem="thy"
            ecep:pos="po21"
            ecep:reg="thy"
            ecep:spe="thy"
            ecep:syllab="1"
            ecep:pron="ðaɪ">thy</w>
         <c> </c>
         <w xml:id="o5247-019330"
            n="18-a-0330"
            ecep:lem="gentle"
            ecep:pos="j-jn"
            ecep:reg="gentle"
            ecep:spe="gentle"
            ecep:syllab="2"
            ecep:pron="ˈdʒentl">gentle</w>
         <c> </c>
         <w xml:id="o5247-019340"
            n="18-a-0340"
            ecep:lem="aid"
            ecep:pos="n1"
            ecep:reg="Aid"
            ecep:spe="Aid"
            ecep:syllab="1"
            ecep:pron="eɪd">Aid</w>
         <c> </c>
         <w xml:id="o5247-019350"
            n="18-a-0350"
            ecep:lem="impart"
            ecep:pos="vvi"
            ecep:reg="impart"
            ecep:spe="impart"
            ecep:syllab="2"
            ecep:pron="ɪmˈpɑːt">impart</w>
         <pc xml:id="o5247-019360"
             n="18-a-0360"
             ecep:lem=";"
             ecep:pos=";"
             ecep:reg=";"
             ecep:spe=";">;</pc>
      </l>
      <l xml:id="o5247-l00885">
         <c> </c>
         <w xml:id="o5247-019370"
            n="18-a-0370"
            ecep:lem="to"
            ecep:pos="p-acp"
            ecep:reg="To"
            ecep:spe="To"
            ecep:syllab="1"
            ecep:pron="tuː">To</w>
         <c> </c>
         <w xml:id="o5247-019380"
            n="18-a-0380"
            ecep:lem="my"
            ecep:pos="po11"
            ecep:reg="my"
            ecep:spe="my"
            ecep:syllab="1"
            ecep:pron="maɪ">my</w>
         <c> </c>
         <w xml:id="o5247-019390"
            n="18-a-0390"
            ecep:lem="mourn"
            ecep:pos="j-vvg"
            ecep:reg="mourning"
            ecep:spe="mourning"
            ecep:syllab="2"
            ecep:pron="mɔːnɪŋ">mourning</w>
         <c> </c>
         <w xml:id="o5247-019400"
            n="18-a-0400"
            ecep:lem="soul"
            ecep:pos="n1"
            ecep:reg="Soul"
            ecep:spe="Soul"
            ecep:syllab="1"
            ecep:pron="səʊl">Soul</w>
         <c> </c>
         <w xml:id="o5247-019410"
            n="18-a-0410"
            ecep:lem="give"
            ecep:pos="vvi"
            ecep:reg="give"
            ecep:spe="give"
            ecep:syllab="1"
            ecep:pron="gɪv">give</w>
         <c> </c>
         <w xml:id="o5247-019420"
            n="18-a-0420"
            ecep:lem="ease"
            ecep:pos="n1"
            ecep:reg="Ease"
            ecep:spe="Ease"
            ecep:syllab="1"
            ecep:pron="iːz">Ease</w>
         <pc xml:id="o5247-019430"
             n="18-a-0430"
             ecep:lem=","
             ecep:pos=","
             ecep:reg=","
             ecep:spe=",">,</pc>
      </l>
      <l xml:id="o5247-l00890">
         <c> </c>
         <w xml:id="o5247-019440"
            n="18-a-0440"
            ecep:lem="and"
            ecep:pos="cc"
            ecep:reg="And"
            ecep:spe="And"
            ecep:syllab="1"
            ecep:pron="ænd">And</w>
         <c> </c>
         <w xml:id="o5247-019450"
            n="18-a-0450"
            ecep:lem="bid"
            ecep:pos="vvb"
            ecep:reg="bid"
            ecep:spe="bid"
            ecep:syllab="1"
            ecep:pron="bɪd">bid</w>
         <c> </c>
         <w xml:id="o5247-019460"
            n="18-a-0460"
            ecep:lem="my"
            ecep:pos="po11"
            ecep:reg="my"
            ecep:spe="my"
            ecep:syllab="1"
            ecep:pron="maɪ">my</w>
         <c> </c>
         <w xml:id="o5247-019470"
            n="18-a-0470"
            ecep:lem="soft"
            ecep:pos="j"
            ecep:reg="soft"
            ecep:spe="soft"
            ecep:syllab="1"
            ecep:pron="sɒft">soft</w>
         <c> </c>
         <w xml:id="o5247-019480"
            n="18-a-0480"
            ecep:lem="complain"
            ecep:pos="n2-vvg"
            ecep:reg="Complainings"
            ecep:spe="Complainings"
            ecep:syllab="3"
            ecep:pron="kəmˈpleɪnɪŋz">Complainings</w>
         <c> </c>
         <w xml:id="o5247-019490"
            n="18-a-0490"
            ecep:lem="cease"
            ecep:pos="vvi"
            ecep:reg="cease"
            ecep:spe="cease"
            ecep:syllab="1"
            ecep:pron="siːs">cease</w>
         <pc xml:id="o5247-019500"
             n="18-a-0500"
             unit="sentence"
             ecep:lem="."
             ecep:pos="."
             ecep:reg="."
             ecep:spe=".">.</pc>
         <c> </c>
      </l>
   </lg>
   <pb facs="19" n="14" rend="none"/>
   <lg n="2" xml:id="o5247-s00110">
      <head>
         <w xml:id="o5247-019540"
            n="19-a-0010"
            ecep:lem="ii"
            ecep:pos="crd"
            ecep:reg="II"
            ecep:spe="II"
            ecep:syllab="1"
            ecep:pron="rˌəʊməntˈuː">II</w>
         <pc xml:id="o5247-019550"
             n="19-a-0020"
             unit="sentence"
             ecep:lem="."
             ecep:pos="."
             ecep:reg="."
             ecep:spe=".">.</pc>
      </head>
      <l xml:id="o5247-l00895">
         <w xml:id="o5247-019570"
            n="19-a-0030"
            ecep:lem="hither"
            ecep:pos="av"
            ecep:reg="Hither"
            ecep:spe="Hither"
            ecep:syllab="2"
            ecep:pron="ˈhɪðə">Hither</w>
         <c> </c>
         <w xml:id="o5247-019580"
            n="19-a-0040"
            ecep:lem="beauteous"
            ecep:pos="j"
            ecep:reg="beauteous"
            ecep:spe="beauteous"
            ecep:syllab="2"
            ecep:pron="ˈbjuːtiəs">beauteous</w>
         <c> </c>
         <w xml:id="o5247-019590"
            n="19-a-0050"
            ecep:lem="goddess"
            ecep:pos="n1"
            ecep:reg="Goddess"
            ecep:spe="Goddess"
            ecep:syllab="2"
            ecep:pron="ˈgɒdes">Goddess</w>
         <c> </c>
         <w xml:id="o5247-019600"
            n="19-a-0060"
            ecep:lem="move"
            ecep:pos="vvi"
            ecep:reg="move"
            ecep:spe="move"
            ecep:syllab="1"
            ecep:pron="muːv">move</w>
         <pc xml:id="o5247-019610"
             n="19-a-0070"
             ecep:lem=","
             ecep:pos=","
             ecep:reg=","
             ecep:spe=",">,</pc>
      </l>
      <l xml:id="o5247-l00900">
         <c> </c>
         <w xml:id="o5247-019620"
            n="19-a-0080"
            ecep:lem="leave"
            ecep:pos="vvb"
            ecep:reg="Leave"
            ecep:spe="Leave"
            ecep:syllab="1"
            ecep:pron="liːv">Leave</w>
         <c> </c>
         <w xml:id="o5247-019630"
            n="19-a-0090"
            ecep:lem="a"
            ecep:pos="dt"
            ecep:reg="a"
            ecep:spe="a"
            ecep:syllab="1"
            ecep:pron="ə">a</w>
         <c> </c>
         <w xml:id="o5247-019640"
            n="19-a-0100"
            ecep:lem="while"
            ecep:pos="n1"
            ecep:reg="while"
            ecep:spe="while"
            ecep:syllab="1"
            ecep:pron="ˈwaɪl">while</w>
         <c> </c>
         <w xml:id="o5247-019650"
            n="19-a-0110"
            ecep:lem="the"
            ecep:pos="dt"
            ecep:reg="the"
            ecep:spe="th'"
            ecep:syllab="0"
            ecep:pron="ð">th'</w>
         <c> </c>
         <hi>
            <w xml:id="o5247-019660"
               n="19-a-0120"
               ecep:lem="idalian"
               ecep:pos="jp"
               ecep:reg="Idalian"
               ecep:spe="Idalian"
               ecep:syllab="4"
               ecep:pron="aɪdeɪljən">Idalian</w>
         </hi>
         <c> </c>
         <w xml:id="o5247-019670"
            n="19-a-0130"
            ecep:lem="grove"
            ecep:pos="n1"
            ecep:reg="Grove"
            ecep:spe="Grove"
            ecep:syllab="1"
            ecep:pron="grəʊv">Grove</w>
         <pc xml:id="o5247-019680"
             n="19-a-0140"
             ecep:lem=";"
             ecep:pos=";"
             ecep:reg=";"
             ecep:spe=";">;</pc>
      </l>
      <l xml:id="o5247-l00905">
         <c> </c>
         <w xml:id="o5247-019690"
            n="19-a-0150"
            ecep:lem="once"
            ecep:pos="a-acp"
            ecep:reg="Once"
            ecep:spe="Once"
            ecep:syllab="1"
            ecep:pron="wʌns">Once</w>
         <c> </c>
         <w xml:id="o5247-019700"
            n="19-a-0160"
            ecep:lem="more"
            ecep:pos="av-dc"
            ecep:reg="more"
            ecep:spe="more"
            ecep:syllab="1"
            ecep:pron="mɔː">more</w>
         <c> </c>
         <w xml:id="o5247-019710"
            n="19-a-0170"
            ecep:lem="to"
            ecep:pos="p-acp"
            ecep:reg="to"
            ecep:spe="to"
            ecep:syllab="1"
            ecep:pron="tuː">to</w>
         <c> </c>
         <w xml:id="o5247-019720"
            n="19-a-0180"
            ecep:lem="my"
            ecep:pos="po11"
            ecep:reg="my"
            ecep:spe="my"
            ecep:syllab="1"
            ecep:pron="maɪ">my</w>
         <c> </c>
         <w xml:id="o5247-019730"
            n="19-a-0190"
            ecep:lem="transport"
            ecep:pos="j-vvn"
            ecep:reg="transported"
            ecep:spe="transported"
            ecep:syllab="3"
            ecep:pron="trænˈspɔːtɪd">transported</w>
         <c> </c>
         <w xml:id="o5247-019740"
            n="19-a-0200"
            ecep:lem="breast"
            ecep:pos="n1"
            ecep:reg="Breast"
            ecep:spe="Breast"
            ecep:syllab="1"
            ecep:pron="brest">Breast</w>
         <pc xml:id="o5247-019750"
             n="19-a-0210"
             ecep:lem=","
             ecep:pos=","
             ecep:reg=","
             ecep:spe=",">,</pc>
      </l>
      <l xml:id="o5247-l00910">
         <c> </c>
         <w xml:id="o5247-019760"
            n="19-a-0220"
            ecep:lem="come"
            ecep:pos="vvb"
            ecep:reg="Come"
            ecep:spe="Come"
            ecep:syllab="1"
            ecep:pron="kʌm">Come</w>
         <c> </c>
         <w xml:id="o5247-019770"
            n="19-a-0230"
            ecep:lem="a"
            ecep:pos="dt"
            ecep:reg="a"
            ecep:spe="a"
            ecep:syllab="1"
            ecep:pron="ə">a</w>
         <c> </c>
         <w xml:id="o5247-019780"
            n="19-a-0240"
            ecep:lem="mild"
            ecep:pos="j"
            ecep:reg="mild"
            ecep:spe="mild"
            ecep:syllab="1"
            ecep:pron="maɪld">mild</w>
         <pc xml:id="o5247-019790"
             n="19-a-0250"
             ecep:lem=","
             ecep:pos=","
             ecep:reg=","
             ecep:spe=",">,</pc>
         <c> </c>
         <w xml:id="o5247-019800"
            n="19-a-0260"
            ecep:lem="a"
            ecep:pos="dt"
            ecep:reg="a"
            ecep:spe="a"
            ecep:syllab="1"
            ecep:pron="ə">a</w>
         <c> </c>
         <w xml:id="o5247-019810"
            n="19-a-0270"
            ecep:lem="grateful"
            ecep:pos="j"
            ecep:reg="grateful"
            ecep:spe="grateful"
            ecep:syllab="2"
            ecep:pron="ˈgreɪtfl">grateful</w>
         <c> </c>
         <w xml:id="o5247-019820"
            n="19-a-0280"
            ecep:lem="guest"
            ecep:pos="n1"
            ecep:reg="Guest"
            ecep:spe="Guest"
            ecep:syllab="1"
            ecep:pron="gest">Guest</w>
         <pc xml:id="o5247-019830"
             n="19-a-0290"
             ecep:lem=";"
             ecep:pos=";"
             ecep:reg=";"
             ecep:spe=";">;</pc>
      </l>
      <l xml:id="o5247-l00915">
         <c> </c>
         <w xml:id="o5247-019840"
            n="19-a-0300"
            ecep:lem="there"
            ecep:pos="pc-acp"
            ecep:reg="There"
            ecep:spe="There"
            ecep:syllab="1"
            ecep:pron="ðeə">There</w>
         <c> </c>
         <w xml:id="o5247-019850"
            n="19-a-0310"
            ecep:lem="confirm"
            ecep:pos="vvi"
            ecep:reg="confirm"
            ecep:spe="confirm"
            ecep:syllab="2"
            ecep:pron="kənˈfɜːm">confirm</w>
         <c> </c>
         <w xml:id="o5247-019860"
            n="19-a-0320"
            ecep:lem="thy"
            ecep:pos="po21"
            ecep:reg="thy"
            ecep:spe="thy"
            ecep:syllab="1"
            ecep:pron="ðaɪ">thy</w>
         <c> </c>
         <w xml:id="o5247-019870"
            n="19-a-0330"
            ecep:lem="please"
            ecep:pos="j-vvg"
            ecep:reg="pleasing"
            ecep:spe="pleasing"
            ecep:syllab="2"
            ecep:pron="pliːzɪŋ">pleasing</w>
         <c> </c>
         <w xml:id="o5247-019880"
            n="19-a-0340"
            ecep:lem="reign"
            ecep:pos="n1"
            ecep:reg="Reign"
            ecep:spe="Reign"
            ecep:syllab="1"
            ecep:pron="reɪn">Reign</w>
         <pc xml:id="o5247-019890"
             n="19-a-0350"
             ecep:lem=","
             ecep:pos=","
             ecep:reg=","
             ecep:spe=",">,</pc>
      </l>
      <l xml:id="o5247-l00920">
         <c> </c>
         <w xml:id="o5247-019900"
            n="19-a-0360"
            ecep:lem="free"
            ecep:pos="j"
            ecep:reg="Free"
            ecep:spe="Free"
            ecep:syllab="1"
            ecep:pron="friː">Free</w>
         <c> </c>
         <w xml:id="o5247-019910"
            n="19-a-0370"
            ecep:lem="from"
            ecep:pos="p-acp"
            ecep:reg="from"
            ecep:spe="from"
            ecep:syllab="1"
            ecep:pron="frɒm">from</w>
         <c> </c>
         <w xml:id="o5247-019920"
            n="19-a-0380"
            ecep:lem="care"
            ecep:pos="n2"
            ecep:reg="Cares"
            ecep:spe="Cares"
            ecep:syllab="1"
            ecep:pron="keəz">Cares</w>
         <pc xml:id="o5247-019930"
             n="19-a-0390"
             ecep:lem=","
             ecep:pos=","
             ecep:reg=","
             ecep:spe=",">,</pc>
         <c> </c>
         <w xml:id="o5247-019940"
            n="19-a-0400"
            ecep:lem="and"
            ecep:pos="cc"
            ecep:reg="and"
            ecep:spe="and"
            ecep:syllab="1"
            ecep:pron="ænd">and</w>
         <c> </c>
         <w xml:id="o5247-019950"
            n="19-a-0410"
            ecep:lem="free"
            ecep:pos="j"
            ecep:reg="free"
            ecep:spe="free"
            ecep:syllab="1"
            ecep:pron="friː">free</w>
         <c> </c>
         <w xml:id="o5247-019960"
            n="19-a-0420"
            ecep:lem="from"
            ecep:pos="p-acp"
            ecep:reg="from"
            ecep:spe="from"
            ecep:syllab="1"
            ecep:pron="frɒm">from</w>
         <c> </c>
         <w xml:id="o5247-019970"
            n="19-a-0430"
            ecep:lem="pain"
            ecep:pos="n1"
            ecep:reg="Pain"
            ecep:spe="Pain"
            ecep:syllab="1"
            ecep:pron="peɪn">Pain</w>
         <pc xml:id="o5247-019980"
             n="19-a-0440"
             unit="sentence"
             ecep:lem="."
             ecep:pos="."
             ecep:reg="."
             ecep:spe=".">.</pc>
         <c> </c>
      </l>
   </lg>
   <lg n="3" xml:id="o5247-s00115">
      <head>
         <w xml:id="o5247-020020"
            n="19-a-0450"
            ecep:lem="iii"
            ecep:pos="crd"
            ecep:reg="III"
            ecep:spe="III"
            ecep:syllab="1"
            ecep:pron="rˌəʊmənθrˈiː">III</w>
         <pc xml:id="o5247-020030"
             n="19-a-0460"
             unit="sentence"
             ecep:lem="."
             ecep:pos="."
             ecep:reg="."
             ecep:spe=".">.</pc>
      </head>
      <l xml:id="o5247-l00925">
         <w xml:id="o5247-020050"
            n="19-a-0470"
            ecep:lem="oh"
            ecep:pos="uh"
            ecep:reg="O"
            ecep:spe="Oh"
            ecep:syllab="1"
            ecep:pron="əʊ">Oh</w>
         <pc xml:id="o5247-020055"
             n="19-a-0470"
             ecep:lem="!"
             ecep:pos="!"
             ecep:reg="!"
             ecep:spe="!">!</pc>
         <c> </c>
         <w xml:id="o5247-020060"
            n="19-a-0480"
            ecep:lem="if"
            ecep:pos="cs"
            ecep:reg="if"
            ecep:spe="if"
            ecep:syllab="1"
            ecep:pron="ɪf">if</w>
         <c> </c>
         <w xml:id="o5247-020070"
            n="19-a-0490"
            ecep:lem="ever"
            ecep:pos="av"
            ecep:reg="ever"
            ecep:spe="e'er"
            ecep:syllab="1"
            ecep:pron="eə">e'er</w>
         <c> </c>
         <w xml:id="o5247-020080"
            n="19-a-0500"
            ecep:lem="my"
            ecep:pos="po11"
            ecep:reg="my"
            ecep:spe="my"
            ecep:syllab="1"
            ecep:pron="maɪ">my</w>
         <c> </c>
         <w xml:id="o5247-020090"
            n="19-a-0510"
            ecep:lem="artless"
            ecep:pos="j"
            ecep:reg="artless"
            ecep:spe="artless"
            ecep:syllab="2"
            ecep:pron="ˈɑːtləs">artless</w>
         <c> </c>
         <w xml:id="o5247-020100"
            n="19-a-0520"
            ecep:lem="strain"
            ecep:pos="n2"
            ecep:reg="Strains"
            ecep:spe="Strains"
            ecep:syllab="1"
            ecep:pron="streɪnz">Strains</w>
         <pc xml:id="o5247-020110"
             n="19-a-0530"
             ecep:lem=","
             ecep:pos=","
             ecep:reg=","
             ecep:spe=",">,</pc>
      </l>
      <l xml:id="o5247-l00930">
         <c> </c>
         <w xml:id="o5247-020120"
            n="19-a-0540"
            ecep:lem="by"
            ecep:pos="p-acp"
            ecep:reg="By"
            ecep:spe="By"
            ecep:syllab="1"
            ecep:pron="baɪ">By</w>
         <c> </c>
         <w xml:id="o5247-020130"
            n="19-a-0550"
            ecep:lem="thou"
            ecep:pos="pno21"
            ecep:reg="Thee"
            ecep:spe="Thee"
            ecep:syllab="1"
            ecep:pron="ðiː">Thee</w>
         <c> </c>
         <w xml:id="o5247-020140"
            n="19-a-0560"
            ecep:lem="inspire"
            ecep:pos="vvn"
            ecep:reg="inspired"
            ecep:spe="inspired"
            ecep:syllab="2"
            ecep:pron="ɪnˈspæəd">inspired</w>
         <pc xml:id="o5247-020150"
             n="19-a-0570"
             ecep:lem=","
             ecep:pos=","
             ecep:reg=","
             ecep:spe=",">,</pc>
         <c> </c>
         <w xml:id="o5247-020160"
            n="19-a-0580"
            ecep:lem="breathe"
            ecep:pos="j-vvn"
            ecep:reg="breathed"
            ecep:spe="breath'd"
            ecep:syllab="1"
            ecep:pron="briːðd">breath'd</w>
         <c> </c>
         <w xml:id="o5247-020170"
            n="19-a-0590"
            ecep:lem="thy"
            ecep:pos="po21"
            ecep:reg="thy"
            ecep:spe="thy"
            ecep:syllab="1"
            ecep:pron="ðaɪ">thy</w>
         <c> </c>
         <w xml:id="o5247-020180"
            n="19-a-0600"
            ecep:lem="pain"
            ecep:pos="n2"
            ecep:reg="Pains"
            ecep:spe="Pains"
            ecep:syllab="1"
            ecep:pron="peɪnz">Pains</w>
         <pc xml:id="o5247-020190"
             n="19-a-0610"
             ecep:lem=";"
             ecep:pos=";"
             ecep:reg=";"
             ecep:spe=";">;</pc>
      </l>
      <l xml:id="o5247-l00935">
         <c> </c>
         <w xml:id="o5247-020200"
            n="19-a-0620"
            ecep:lem="propitious"
            ecep:pos="j"
            ecep:reg="Propitious"
            ecep:spe="Propitious"
            ecep:syllab="3"
            ecep:pron="prəˈpɪʃəs">Propitious</w>
         <c> </c>
         <w xml:id="o5247-020210"
            n="19-a-0630"
            ecep:lem="now"
            ecep:pos="av"
            ecep:reg="now"
            ecep:spe="now"
            ecep:syllab="1"
            ecep:pron="naʊ">now</w>
         <c> </c>
         <w xml:id="o5247-020220"
            n="19-a-0640"
            ecep:lem="thy"
            ecep:pos="po21"
            ecep:reg="thy"
            ecep:spe="thy"
            ecep:syllab="1"
            ecep:pron="ðaɪ">thy</w>
         <c> </c>
         <w xml:id="o5247-020230"
            n="19-a-0650"
            ecep:lem="suppliant"
            ecep:pos="n1"
            ecep:reg="Suppliant"
            ecep:spe="Suppliant"
            ecep:syllab="3"
            ecep:pron="ˈsʌpliənt">Suppliant</w>
         <c> </c>
         <w xml:id="o5247-020240"
            n="19-a-0660"
            ecep:lem="hear"
            ecep:pos="vvi"
            ecep:reg="hear"
            ecep:spe="hear"
            ecep:syllab="1"
            ecep:pron="hɪə">hear</w>
         <pc xml:id="o5247-020250"
             n="19-a-0670"
             ecep:lem=","
             ecep:pos=","
             ecep:reg=","
             ecep:spe=",">,</pc>
      </l>
      <l xml:id="o5247-l00940">
         <c> </c>
         <w xml:id="o5247-020260"
            n="19-a-0680"
            ecep:lem="and"
            ecep:pos="cc"
            ecep:reg="And"
            ecep:spe="And"
            ecep:syllab="1"
            ecep:pron="ænd">And</w>
         <c> </c>
         <w xml:id="o5247-020270"
            n="19-a-0690"
            ecep:lem="grant"
            ecep:pos="vvb"
            ecep:reg="grant"
            ecep:spe="grant"
            ecep:syllab="1"
            ecep:pron="grɑːnt">grant</w>
         <c> </c>
         <w xml:id="o5247-020280"
            n="19-a-0700"
            ecep:lem="a"
            ecep:pos="dt"
            ecep:reg="a"
            ecep:spe="a"
            ecep:syllab="1"
            ecep:pron="ə">a</w>
         <c> </c>
         <w xml:id="o5247-020290"
            n="19-a-0710"
            ecep:lem="lover"
            ecep:pos="ng1"
            ecep:reg="Lover's"
            ecep:spe="Lover's"
            ecep:syllab="2"
            ecep:pron="ˈlʌvəz">Lover's</w>
         <c> </c>
         <w xml:id="o5247-020300"
            n="19-a-0720"
            ecep:lem="ardent"
            ecep:pos="j"
            ecep:reg="ardent"
            ecep:spe="ardent"
            ecep:syllab="2"
            ecep:pron="ˈɑːdnt">ardent</w>
         <c> </c>
         <w xml:id="o5247-020310"
            n="19-a-0730"
            ecep:lem="prayer"
            ecep:pos="n1"
            ecep:reg="Prayer"
            ecep:spe="Pray'r"
            ecep:syllab="1"
            ecep:pron="ˈpreɪə">Pray'r</w>
         <pc xml:id="o5247-020320"
             n="19-a-0740"
             unit="sentence"
             ecep:lem="?"
             ecep:pos="?"
             ecep:reg="?"
             ecep:spe="?">?</pc>
         <c> </c>
      </l>
      <l xml:id="o5247-l00945">
         <w xml:id="o5247-020330"
            n="19-a-0750"
            ecep:lem="ah"
            ecep:pos="uh"
            ecep:reg="Ah"
            ecep:spe="Ah"
            ecep:syllab="1"
            ecep:pron="ɑː">Ah</w>
         <pc xml:id="o5247-020335"
             n="19-a-0750"
             ecep:lem="!"
             ecep:pos="!"
             ecep:reg="!"
             ecep:spe="!">!</pc>
         <c> </c>
         <w xml:id="o5247-020340"
            n="19-a-0760"
            ecep:lem="let"
            ecep:pos="vvb"
            ecep:reg="let"
            ecep:spe="let"
            ecep:syllab="1"
            ecep:pron="let">let</w>
         <c> </c>
         <w xml:id="o5247-020350"
            n="19-a-0770"
            ecep:lem="i"
            ecep:pos="pno11"
            ecep:reg="me"
            ecep:spe="me"
            ecep:syllab="1"
            ecep:pron="miː">me</w>
         <c> </c>
         <w xml:id="o5247-020360"
            n="19-a-0780"
            ecep:lem="not"
            ecep:pos="xx"
            ecep:reg="not"
            ecep:spe="not"
            ecep:syllab="1"
            ecep:pron="nɒt">not</w>
         <c> </c>
         <w xml:id="o5247-020370"
            n="19-a-0790"
            ecep:lem="despair"
            ecep:pos="vvg"
            ecep:reg="despairing"
            ecep:spe="despairing"
            ecep:syllab="3"
            ecep:pron="dɪˈspeəɪŋ">despairing</w>
         <c> </c>
         <w xml:id="o5247-020380"
            n="19-a-0800"
            ecep:lem="mourn"
            ecep:pos="vvb"
            ecep:reg="mourn"
            ecep:spe="mourn"
            ecep:syllab="1"
            ecep:pron="mɔːn">mourn</w>
         <pc xml:id="o5247-020390"
             n="19-a-0810"
             ecep:lem=","
             ecep:pos=","
             ecep:reg=","
             ecep:spe=",">,</pc>
      </l>
      <l xml:id="o5247-l00950">
         <c> </c>
         <w xml:id="o5247-020400"
            n="19-a-0820"
            ecep:lem="but"
            ecep:pos="cc-acp"
            ecep:reg="But"
            ecep:spe="But"
            ecep:syllab="1"
            ecep:pron="bʌt">But</w>
         <c> </c>
         <w xml:id="o5247-020410"
            n="19-a-0830"
            ecep:lem="meet"
            ecep:pos="vvb"
            ecep:reg="meet"
            ecep:spe="meet"
            ecep:syllab="1"
            ecep:pron="miːt">meet</w>
         <c> </c>
         <w xml:id="o5247-020420"
            n="19-a-0840"
            ecep:lem="a"
            ecep:pos="dt"
            ecep:reg="a"
            ecep:spe="a"
            ecep:syllab="1"
            ecep:pron="ə">a</w>
         <c> </c>
         <w xml:id="o5247-020430"
            n="19-a-0850"
            ecep:lem="kind"
            ecep:pos="n1"
            ecep:reg="kind"
            ecep:spe="kind"
            ecep:syllab="1"
            ecep:pron="kaɪnd">kind</w>
         <pc xml:id="o5247-020440"
             n="19-a-0860"
             ecep:lem=","
             ecep:pos=","
             ecep:reg=","
             ecep:spe=",">,</pc>
         <c> </c>
         <w xml:id="o5247-020450"
            n="19-a-0870"
            ecep:lem="a"
            ecep:pos="dt"
            ecep:reg="a"
            ecep:spe="a"
            ecep:syllab="1"
            ecep:pron="ə">a</w>
         <c> </c>
         <w xml:id="o5247-020460"
            n="19-a-0880"
            ecep:lem="wish"
            ecep:pos="j-vvn"
            ecep:reg="wished"
            ecep:spe="wish'd"
            ecep:syllab="1"
            ecep:pron="wɪʃt">wish'd</w>
         <c> </c>
         <w xml:id="o5247-020470"
            n="19-a-0890"
            ecep:lem="return"
            ecep:pos="n1"
            ecep:reg="Return"
            ecep:spe="Return"
            ecep:syllab="2"
            ecep:pron="rɪˈtɜːn">Return</w>
         <pc xml:id="o5247-020480"
             n="19-a-0900"
             unit="sentence"
             ecep:lem="."
             ecep:pos="."
             ecep:reg="."
             ecep:spe=".">.</pc>
         <c> </c>
      </l>
   </lg>
   <pb facs="20" n="15" rend="none"/>
   <lg n="4" xml:id="o5247-s00120">
      <head>
         <w xml:id="o5247-020520"
            n="20-a-0010"
            ecep:lem="iv"
            ecep:pos="crd"
            ecep:reg="IV"
            ecep:spe="IV"
            ecep:syllab="1"
            ecep:pron="rˌəʊmənfˈɔː">IV</w>
         <pc xml:id="o5247-020530"
             n="20-a-0020"
             unit="sentence"
             ecep:lem="."
             ecep:pos="."
             ecep:reg="."
             ecep:spe=".">.</pc>
      </head>
      <l xml:id="o5247-l00955">
         <w xml:id="o5247-020550"
            n="20-a-0030"
            ecep:lem="make"
            ecep:pos="vvb"
            ecep:reg="Make"
            ecep:spe="Make"
            ecep:syllab="1"
            ecep:pron="meɪk">Make</w>
         <c> </c>
         <hi>
            <w xml:id="o5247-020560"
               n="20-a-0040"
               ecep:lem="Philander"
               ecep:pos="np1"
               ecep:reg="Philander"
               ecep:spe="Philander"
               ecep:syllab="3"
               ecep:pron="fɪˈlændə">Philander</w>
         </hi>
         <c> </c>
         <w xml:id="o5247-020570"
            n="20-a-0050"
            ecep:lem="feel"
            ecep:pos="vvi"
            ecep:reg="feel"
            ecep:spe="feel"
            ecep:syllab="1"
            ecep:pron="fiːl">feel</w>
         <c> </c>
         <w xml:id="o5247-020580"
            n="20-a-0060"
            ecep:lem="my"
            ecep:pos="po11"
            ecep:reg="my"
            ecep:spe="my"
            ecep:syllab="1"
            ecep:pron="maɪ">my</w>
         <c> </c>
         <w xml:id="o5247-020590"
            n="20-a-0070"
            ecep:lem="power"
            ecep:pos="n1"
            ecep:reg="Power"
            ecep:spe="Pow'r"
            ecep:syllab="1"
            ecep:pron="ˈpaʊə">Pow'r</w>
         <pc xml:id="o5247-020600"
             n="20-a-0080"
             ecep:lem=","
             ecep:pos=","
             ecep:reg=","
             ecep:spe=",">,</pc>
      </l>
      <l xml:id="o5247-l00960">
         <c> </c>
         <w xml:id="o5247-020610"
            n="20-a-0090"
            ecep:lem="fear"
            ecep:pos="vvb"
            ecep:reg="Fear"
            ecep:spe="Fear"
            ecep:syllab="1"
            ecep:pron="fɪə">Fear</w>
         <c> </c>
         <w xml:id="o5247-020620"
            n="20-a-0100"
            ecep:lem="my"
            ecep:pos="po11"
            ecep:reg="my"
            ecep:spe="my"
            ecep:syllab="1"
            ecep:pron="maɪ">my</w>
         <c> </c>
         <w xml:id="o5247-020630"
            n="20-a-0110"
            ecep:lem="scorn"
            ecep:pos="n1"
            ecep:reg="Scorn"
            ecep:spe="Scorn"
            ecep:syllab="1"
            ecep:pron="skɔːn">Scorn</w>
         <pc xml:id="o5247-020640"
             n="20-a-0120"
             ecep:lem=","
             ecep:pos=","
             ecep:reg=","
             ecep:spe=",">,</pc>
         <c> </c>
         <w xml:id="o5247-020650"
            n="20-a-0130"
            ecep:lem="my"
            ecep:pos="po11"
            ecep:reg="my"
            ecep:spe="my"
            ecep:syllab="1"
            ecep:pron="maɪ">my</w>
         <c> </c>
         <w xml:id="o5247-020660"
            n="20-a-0140"
            ecep:lem="smile"
            ecep:pos="n2"
            ecep:reg="Smiles"
            ecep:spe="Smiles"
            ecep:syllab="1"
            ecep:pron="smaɪlz">Smiles</w>
         <c> </c>
         <w xml:id="o5247-020670"
            n="20-a-0150"
            ecep:lem="adore"
            ecep:pos="vvb"
            ecep:reg="adore"
            ecep:spe="adore"
            ecep:syllab="2"
            ecep:pron="əˈdɔː">adore</w>
         <pc xml:id="o5247-020680"
             n="20-a-0160"
             ecep:lem=","
             ecep:pos=","
             ecep:reg=","
             ecep:spe=",">,</pc>
      </l>
      <l xml:id="o5247-l00965">
         <c> </c>
         <w xml:id="o5247-020690"
            n="20-a-0170"
            ecep:lem="let"
            ecep:pos="vvb"
            ecep:reg="Let"
            ecep:spe="Let"
            ecep:syllab="1"
            ecep:pron="let">Let</w>
         <c> </c>
         <w xml:id="o5247-020700"
            n="20-a-0180"
            ecep:lem="the"
            ecep:pos="dt"
            ecep:reg="the"
            ecep:spe="the"
            ecep:syllab="1"
            ecep:pron="ðiː">the</w>
         <c> </c>
         <w xml:id="o5247-020710"
            n="20-a-0190"
            ecep:lem="dear"
            ecep:pos="j-jn"
            ecep:reg="dear"
            ecep:spe="dear"
            ecep:syllab="1"
            ecep:pron="dɪə">dear</w>
         <c> </c>
         <w xml:id="o5247-020720"
            n="20-a-0200"
            ecep:lem="deceiver"
            ecep:pos="n1"
            ecep:reg="Deceiver"
            ecep:spe="Deceiver"
            ecep:syllab="3"
            ecep:pron="dɪˈsiːvə">Deceiver</w>
         <c> </c>
         <w xml:id="o5247-020730"
            n="20-a-0210"
            ecep:lem="know"
            ecep:pos="vvi"
            ecep:reg="know"
            ecep:spe="know"
            ecep:syllab="1"
            ecep:pron="nəʊ">know</w>
         <pc xml:id="o5247-020740"
             n="20-a-0220"
             ecep:lem=","
             ecep:pos=","
             ecep:reg=","
             ecep:spe=",">,</pc>
      </l>
      <l xml:id="o5247-l00970">
         <c> </c>
         <w xml:id="o5247-020750"
            n="20-a-0230"
            ecep:lem="all"
            ecep:pos="d"
            ecep:reg="All"
            ecep:spe="All"
            ecep:syllab="1"
            ecep:pron="ɔːl">All</w>
         <c> </c>
         <w xml:id="o5247-020760"
            n="20-a-0240"
            ecep:lem="the"
            ecep:pos="dt"
            ecep:reg="the"
            ecep:spe="the"
            ecep:syllab="1"
            ecep:pron="ðiː">the</w>
         <c> </c>
         <w xml:id="o5247-020770"
            n="20-a-0250"
            ecep:lem="pain"
            ecep:pos="n2"
            ecep:reg="Pains"
            ecep:spe="Pains"
            ecep:syllab="1"
            ecep:pron="peɪnz">Pains</w>
         <c> </c>
         <w xml:id="o5247-020780"
            n="20-a-0260"
            ecep:lem="he"
            ecep:pos="pns31"
            ecep:reg="he"
            ecep:spe="he"
            ecep:syllab="1"
            ecep:pron="hiː">he</w>
         <c> </c>
         <w xml:id="o5247-020790"
            n="20-a-0270"
            ecep:lem="can"
            ecep:pos="vmb"
            ecep:reg="can"
            ecep:spe="can"
            ecep:syllab="1"
            ecep:pron="kæn">can</w>
         <c> </c>
         <w xml:id="o5247-020800"
            n="20-a-0280"
            ecep:lem="bestow"
            ecep:pos="vvi"
            ecep:reg="bestow"
            ecep:spe="bestow"
            ecep:syllab="2"
            ecep:pron="bɪˈstəʊ">bestow</w>
         <pc xml:id="o5247-020810"
             n="20-a-0290"
             ecep:lem=":"
             ecep:pos=":"
             ecep:reg=":"
             ecep:spe=":">:</pc>
      </l>
      <l xml:id="o5247-l00975">
         <c> </c>
         <w xml:id="o5247-020820"
            n="20-a-0300"
            ecep:lem="to"
            ecep:pos="pc-acp"
            ecep:reg="To"
            ecep:spe="To"
            ecep:syllab="1"
            ecep:pron="tuː">To</w>
         <c> </c>
         <w xml:id="o5247-020830"
            n="20-a-0310"
            ecep:lem="i"
            ecep:pos="pno11"
            ecep:reg="me"
            ecep:spe="me"
            ecep:syllab="1"
            ecep:pron="miː">me</w>
         <c> </c>
         <w xml:id="o5247-020840"
            n="20-a-0320"
            ecep:lem="that"
            ecep:pos="d"
            ecep:reg="that"
            ecep:spe="that"
            ecep:syllab="1"
            ecep:pron="ðæt">that</w>
         <c> </c>
         <w xml:id="o5247-020850"
            n="20-a-0330"
            ecep:lem="value"
            ecep:pos="j-vvn"
            ecep:reg="valued"
            ecep:spe="valued"
            ecep:syllab="2"
            ecep:pron="ˈvæljuːd">valued</w>
         <c> </c>
         <w xml:id="o5247-020860"
            n="20-a-0340"
            ecep:lem="heart"
            ecep:pos="n1"
            ecep:reg="Heart"
            ecep:spe="Heart"
            ecep:syllab="1"
            ecep:pron="hɑːt">Heart</w>
         <c> </c>
         <w xml:id="o5247-020870"
            n="20-a-0350"
            ecep:lem="resign"
            ecep:pos="vvi"
            ecep:reg="resign"
            ecep:spe="resign"
            ecep:syllab="2"
            ecep:pron="rɪˈzaɪn">resign</w>
         <pc xml:id="o5247-020880"
             n="20-a-0360"
             ecep:lem=","
             ecep:pos=","
             ecep:reg=","
             ecep:spe=",">,</pc>
      </l>
      <l xml:id="o5247-l00980">
         <c> </c>
         <w xml:id="o5247-020890"
            n="20-a-0370"
            ecep:lem="and"
            ecep:pos="cc"
            ecep:reg="And"
            ecep:spe="And"
            ecep:syllab="1"
            ecep:pron="ænd">And</w>
         <c> </c>
         <w xml:id="o5247-020900"
            n="20-a-0380"
            ecep:lem="fix"
            ecep:pos="vvi"
            ecep:reg="fix"
            ecep:spe="fix"
            ecep:syllab="1"
            ecep:pron="fɪks">fix</w>
         <c> </c>
         <w xml:id="o5247-020910"
            n="20-a-0390"
            ecep:lem="the"
            ecep:pos="dt"
            ecep:reg="the"
            ecep:spe="the"
            ecep:syllab="1"
            ecep:pron="ðiː">the</w>
         <c> </c>
         <w xml:id="o5247-020920"
            n="20-a-0400"
            ecep:lem="lovely"
            ecep:pos="j"
            ecep:reg="lovely"
            ecep:spe="lovely"
            ecep:syllab="2"
            ecep:pron="ˈlʌvli">lovely</w>
         <c> </c>
         <w xml:id="o5247-020930"
            n="20-a-0410"
            ecep:lem="wanderer"
            ecep:pos="n1"
            ecep:reg="Wanderer"
            ecep:spe="Wand'rer"
            ecep:syllab="2"
            ecep:pron="wˈɒndrə">Wand'rer</w>
         <c> </c>
         <w xml:id="o5247-020940"
            n="20-a-0420"
            ecep:lem="mine"
            ecep:pos="n1"
            ecep:reg="mine"
            ecep:spe="mine"
            ecep:syllab="1"
            ecep:pron="maɪn">mine</w>
         <pc xml:id="o5247-020950"
             n="20-a-0430"
             unit="sentence"
             ecep:lem="."
             ecep:pos="."
             ecep:reg="."
             ecep:spe=".">.</pc>
         <c> </c>
      </l>
   </lg>
</div>
