<?xml version="1.0" encoding="UTF-8"?>
<?xml-model href="../tei_all.rnc" type="application/relax-ng-compact-syntax"?>
<TEI xmlns="http://www.tei-c.org/ns/1.0">
   <teiHeader>
      <fileDesc>
         <titleStmt>
            <title corresp="#txt_ParnTh1679_w0004">A SONG.</title>
            <author corresp="authors.xml#aut_ParnTh1679">Thomas Parnell</author>
            <respStmt>
               <name xml:id="AH">Alexander Huber</name>
               <resp>Editor</resp>
            </respStmt>
            <funder>
               <name type="institution" xml:id="BOD">Bodleian Libraries, University of Oxford</name>
               <address>
                  <addrLine>Broad Street</addrLine>
                  <addrLine>Oxford OX1 3BG</addrLine>
                  <addrLine>UK</addrLine>
               </address>
            </funder>
         </titleStmt>
         <publicationStmt>
            <publisher xml:id="ECPA">Eighteenth-Century Poetry Archive</publisher>
            <address>
               <addrLine>Taylor Institution Library</addrLine>
               <addrLine>St Giles'</addrLine>
               <addrLine>Oxford OX1 3NA</addrLine>
               <addrLine>UK</addrLine>
               <addrLine>
                  <email>info@eighteenthcenturypoetry.org</email>
               </addrLine>
               <addrLine>
                  <ref target="https://www.eighteenthcenturypoetry.org/">https://www.eighteenthcenturypoetry.org/</ref>
               </addrLine>
            </address>
            <pubPlace>Oxford</pubPlace>
            <availability status="restricted">
               <licence target="http://creativecommons.org/licenses/by-sa/3.0/">This work is licensed under a Creative Commons Attribution-ShareAlike 3.0 Unported License.</licence>
            </availability>
            <idno type="ESTC">T42652</idno>
            <idno type="FOXON">p. 554</idno>
            <idno type="TCP">K041605.000</idno>
         </publicationStmt>
         <sourceDesc>
            <bibl>
               <author>Parnell, Thomas, 1679-1718.</author>
               <title>Poems on Several Occasions: Written by Dr. Thomas Parnell, Late Arch-Deacon of Clogher: and Published by Mr. Pope.</title>
               <pubPlace>London</pubPlace>
               <publisher>printed for B. Lintot</publisher>
               <date>1722 [1721]</date>
               <biblScope>pp. 19-20.</biblScope>
               <extent>[8],221,[3]p.; 8⁰.</extent>
            </bibl>
         </sourceDesc>
      </fileDesc>
      <encodingDesc>
         <projectDesc>
            <p>This e-text is part of the Works section of the Eighteenth-Century Poetry Archive (ECPA).</p>
            <p>XML created for the Eighteenth-Century Poetry Archive (ECPA).</p>
         </projectDesc>
         <editorialDecl>
            <p>The text has been typographically modernized, but without any silent modernization of
						spelling, capitalization, or punctuation. The source of the text is given and all editorial interventions
						have been recorded in textual notes. Based on the electronic text originally produced by the TCP project, this  text has been edited to conform to the recommendations found in Level 5 of the
						Best Practices for TEI in Libraries version 4.0.0.
					</p>
         </editorialDecl>
         <classDecl>
            <taxonomy xml:id="LCNAF">
               <bibl>Library of Congress Name Authority File (<abbr>LCNAF</abbr>)</bibl>
            </taxonomy>
         </classDecl>
         <tagsDecl>
            <rendition n="linegroups indented" xml:id="lgindent" scheme="css">text-indent: 1em;</rendition>
            <rendition n="linegroups vertically spaced" xml:id="lgvspace" scheme="css">margin-bottom: 1em;</rendition>
            <rendition n="aligned centrally" xml:id="align-center" scheme="css">text-align: center;</rendition>
            <rendition n="aligned right" xml:id="align-right" scheme="css">text-align: right;</rendition>
            <rendition n="aligned left" xml:id="align-left" scheme="css">text-align: left;</rendition>
            <rendition n="inline" xml:id="inline" scheme="css">display: inline</rendition>
            <rendition n="italic" xml:id="i" scheme="css">font-style: italic;</rendition>
            <rendition n="bold" xml:id="b" scheme="css">font-weight: bold;</rendition>
         </tagsDecl>
      </encodingDesc>
   </teiHeader>
   <text>
      <body>
         <div xmlns:ecep="http://www.eighteenthcenturypoetry.org/ns"
              xmlns:tei="http://www.tei-c.org/ns/1.0"
              ana="#iamb #trimeter #tetrameter #sestet #octet #tail #song"
              corresp="#txt_ParnTh1679_w0004"
              decls="#semi-normalized"
              ecep:syllab="8.8.6.8.8.6"
              met="-+|-+|-+|-+/ -+|-+|-+|-+/ -+|-+|-+/ -+|-+|-+|-+/ -+|-+|-+|-+/ -+|-+|-+/"
              rendition="#lgvspace"
              rhyme="aabccb"
              subtype="eceptext"
              type="song"
              xml:id="o4106-w0030">
            <link target="authors.xml#aut_ParnTh1679" type="author"/>
            <head type="main">
               <w xml:id="o4106-031200"
                  n="25-a-0300"
                  ecep:lem="a"
                  ecep:pos="dt"
                  ecep:reg="A"
                  ecep:spe="A"
                  ecep:syllab="1"
                  ecep:pron="ə">A</w>
               <c> </c>
               <w xml:id="o4106-031210"
                  n="25-a-0310"
                  ecep:lem="song"
                  ecep:pos="n1"
                  ecep:reg="SONG"
                  ecep:spe="SONG"
                  ecep:syllab="1"
                  ecep:pron="sɒŋ">SONG</w>
               <pc xml:id="o4106-031220"
                   n="25-a-0320"
                   unit="sentence"
                   ecep:lem="."
                   ecep:pos="."
                   ecep:reg="."
                   ecep:spe=".">.</pc>
            </head>
            <lg xml:id="o4106-s00205">
               <l xml:id="o4106-l01560">
                  <hi>
                     <w xml:id="o4106-031250"
                        n="25-a-0330"
                        ecep:lem="thyrsis"
                        ecep:pos="fw-la"
                        ecep:reg="THYRSIS"
                        ecep:spe="THYRSIS"
                        ecep:syllab="2"
                        ecep:pron="θˈɪəsˌɪs">THYRSIS</w>
                     <pc xml:id="o4106-031260"
                         n="25-a-0340"
                         ecep:lem=","
                         ecep:pos=","
                         ecep:reg=","
                         ecep:spe=",">,</pc>
                  </hi>
                  <c> </c>
                  <w xml:id="o4106-031270"
                     n="25-a-0350"
                     ecep:lem="a"
                     ecep:pos="dt"
                     ecep:reg="a"
                     ecep:spe="a"
                     ecep:syllab="1"
                     ecep:pron="ə">a</w>
                  <c> </c>
                  <w xml:id="o4106-031280"
                     n="25-a-0360"
                     ecep:lem="young"
                     ecep:pos="j"
                     ecep:reg="young"
                     ecep:spe="young"
                     ecep:syllab="1"
                     ecep:pron="jʌŋ">young</w>
                  <c> </c>
                  <w xml:id="o4106-031290"
                     n="25-a-0370"
                     ecep:lem="and"
                     ecep:pos="cc"
                     ecep:reg="and"
                     ecep:spe="and"
                     ecep:syllab="1"
                     ecep:pron="ænd">and</w>
                  <c> </c>
                  <w xml:id="o4106-031300"
                     n="25-a-0380"
                     ecep:lem="amorous"
                     ecep:pos="j"
                     ecep:reg="amorous"
                     ecep:spe="am'rous"
                     ecep:syllab="2"
                     ecep:pron="ˈæmrəs">am'rous</w>
                  <c> </c>
                  <w xml:id="o4106-031310"
                     n="25-a-0390"
                     ecep:lem="Swain"
                     ecep:pos="np1"
                     ecep:reg="Swain"
                     ecep:spe="Swain"
                     ecep:syllab="1"
                     ecep:pron="sweɪn">Swain</w>
                  <pc xml:id="o4106-031320"
                      n="25-a-0400"
                      ecep:lem=","
                      ecep:pos=","
                      ecep:reg=","
                      ecep:spe=",">,</pc>
               </l>
               <l xml:id="o4106-l01565">
                  <c> </c>
                  <w xml:id="o4106-031330"
                     n="25-a-0410"
                     ecep:lem="see"
                     ecep:pos="vvd"
                     ecep:reg="Saw"
                     ecep:spe="Saw"
                     ecep:syllab="1"
                     ecep:pron="sɔː">Saw</w>
                  <c> </c>
                  <w xml:id="o4106-031340"
                     n="25-a-0420"
                     ecep:lem="two"
                     ecep:pos="crd"
                     ecep:reg="two"
                     ecep:spe="two"
                     ecep:syllab="1"
                     ecep:pron="tuː">two</w>
                  <pc xml:id="o4106-031350"
                      n="25-a-0430"
                      ecep:lem=","
                      ecep:pos=","
                      ecep:reg=","
                      ecep:spe=",">,</pc>
                  <c> </c>
                  <w xml:id="o4106-031360"
                     n="25-a-0440"
                     ecep:lem="the"
                     ecep:pos="dt"
                     ecep:reg="the"
                     ecep:spe="the"
                     ecep:syllab="1"
                     ecep:pron="ðiː">the</w>
                  <c> </c>
                  <w xml:id="o4106-031370"
                     n="25-a-0450"
                     ecep:lem="beauty"
                     ecep:pos="n2"
                     ecep:reg="Beauties"
                     ecep:spe="Beauties"
                     ecep:syllab="2"
                     ecep:pron="ˈbjuːtiz">Beauties</w>
                  <c> </c>
                  <w xml:id="o4106-031380"
                     n="25-a-0460"
                     ecep:lem="of"
                     ecep:pos="pp-f"
                     ecep:reg="of"
                     ecep:spe="of"
                     ecep:syllab="1"
                     ecep:pron="ɒv">of</w>
                  <c> </c>
                  <w xml:id="o4106-031390"
                     n="25-a-0470"
                     ecep:lem="the"
                     ecep:pos="dt"
                     ecep:reg="the"
                     ecep:spe="the"
                     ecep:syllab="1"
                     ecep:pron="ðiː">the</w>
                  <c> </c>
                  <w xml:id="o4106-031400"
                     n="25-a-0480"
                     ecep:lem="plain"
                     ecep:pos="n1"
                     ecep:reg="Plain"
                     ecep:spe="Plain"
                     ecep:syllab="1"
                     ecep:pron="pleɪn">Plain</w>
                  <pc xml:id="o4106-031410"
                      n="25-a-0490"
                      ecep:lem=";"
                      ecep:pos=";"
                      ecep:reg=";"
                      ecep:spe=";">;</pc>
               </l>
               <l xml:id="o4106-l01570">
                  <c> </c>
                  <w xml:id="o4106-031420"
                     n="25-a-0500"
                     ecep:lem="who"
                     ecep:pos="q-crq"
                     ecep:reg="Who"
                     ecep:spe="Who"
                     ecep:syllab="1"
                     ecep:pron="huː">Who</w>
                  <c> </c>
                  <w xml:id="o4106-031430"
                     n="25-a-0510"
                     ecep:lem="both"
                     ecep:pos="d"
                     ecep:reg="both"
                     ecep:spe="both"
                     ecep:syllab="1"
                     ecep:pron="bəʊθ">both</w>
                  <c> </c>
                  <w xml:id="o4106-031440"
                     n="25-a-0520"
                     ecep:lem="his"
                     ecep:pos="po31"
                     ecep:reg="his"
                     ecep:spe="his"
                     ecep:syllab="1"
                     ecep:pron="hɪz">his</w>
                  <c> </c>
                  <w xml:id="o4106-031450"
                     n="25-a-0530"
                     ecep:lem="heart"
                     ecep:pos="n1"
                     ecep:reg="Heart"
                     ecep:spe="Heart"
                     ecep:syllab="1"
                     ecep:pron="hɑːt">Heart</w>
                  <c> </c>
                  <w xml:id="o4106-031460"
                     n="25-a-0540"
                     ecep:lem="subdue"
                     ecep:pos="vvi"
                     ecep:reg="subdue"
                     ecep:spe="subdue"
                     ecep:syllab="2"
                     ecep:pron="səbˈdʒuː">subdue</w>
                  <pc xml:id="o4106-031470"
                      n="25-a-0550"
                      ecep:lem=":"
                      ecep:pos=":"
                      ecep:reg=":"
                      ecep:spe=":">:</pc>
               </l>
               <l xml:id="o4106-l01575">
                  <c> </c>
                  <w xml:id="o4106-031480"
                     n="25-a-0560"
                     ecep:lem="gay"
                     ecep:pos="j"
                     ecep:reg="Gay"
                     ecep:spe="Gay"
                     ecep:syllab="1"
                     ecep:pron="geɪ">Gay</w>
                  <c> </c>
                  <hi>
                     <w xml:id="o4106-031490"
                        n="25-a-0570"
                        ecep:lem="caelia"
                        ecep:pos="fw-la"
                        ecep:reg="Caelia's"
                        ecep:spe="Caelia's"
                        ecep:syllab="3"
                        ecep:pron="kˈeɪliəz">Caelia's</w>
                  </hi>
                  <c> </c>
                  <w xml:id="o4106-031500"
                     n="25-a-0580"
                     ecep:lem="eye"
                     ecep:pos="n2"
                     ecep:reg="Eyes"
                     ecep:spe="Eyes"
                     ecep:syllab="1"
                     ecep:pron="aɪz">Eyes</w>
                  <c> </c>
                  <w xml:id="o4106-031510"
                     n="25-a-0590"
                     ecep:lem="be"
                     ecep:pos="vbdr"
                     ecep:reg="were"
                     ecep:spe="were"
                     ecep:syllab="1"
                     ecep:pron="wɜː">were</w>
                  <c> </c>
                  <w xml:id="o4106-031520"
                     n="25-a-0600"
                     ecep:lem="dazzle"
                     ecep:pos="vvg"
                     ecep:reg="dazzling"
                     ecep:spe="dazzling"
                     ecep:syllab="3"
                     ecep:pron="ˈdæzlɪŋ">dazzling</w>
                  <c> </c>
                  <w xml:id="o4106-031530"
                     n="25-a-0610"
                     ecep:lem="fair"
                     ecep:pos="j"
                     ecep:reg="fair"
                     ecep:spe="fair"
                     ecep:syllab="1"
                     ecep:pron="feə">fair</w>
                  <pc xml:id="o4106-031540"
                      n="25-a-0620"
                      ecep:lem=","
                      ecep:pos=","
                      ecep:reg=","
                      ecep:spe=",">,</pc>
               </l>
               <l xml:id="o4106-l01580">
                  <c> </c>
                  <hi>
                     <w xml:id="o4106-031550"
                        n="25-a-0630"
                        ecep:lem="sabina"
                        ecep:pos="npg1"
                        ecep:reg="Sabina's"
                        ecep:spe="Sabina's"
                        ecep:syllab="3"
                        ecep:pron="səˈbiːnəz">Sabina's</w>
                  </hi>
                  <c> </c>
                  <w xml:id="o4106-031560"
                     n="25-a-0640"
                     ecep:lem="easy"
                     ecep:pos="j"
                     ecep:reg="easy"
                     ecep:spe="easy"
                     ecep:syllab="2"
                     ecep:pron="ˈiːzi">easy</w>
                  <c> </c>
                  <w xml:id="o4106-031570"
                     n="25-a-0650"
                     ecep:lem="shape"
                     ecep:pos="n1"
                     ecep:reg="Shape"
                     ecep:spe="Shape"
                     ecep:syllab="1"
                     ecep:pron="ʃeɪp">Shape</w>
                  <c> </c>
                  <w xml:id="o4106-031580"
                     n="25-a-0660"
                     ecep:lem="and"
                     ecep:pos="cc"
                     ecep:reg="and"
                     ecep:spe="and"
                     ecep:syllab="1"
                     ecep:pron="ænd">and</w>
                  <c> </c>
                  <w xml:id="o4106-031590"
                     n="25-a-0670"
                     ecep:lem="air"
                     ecep:pos="n1"
                     ecep:reg="Air"
                     ecep:spe="Air"
                     ecep:syllab="1"
                     ecep:pron="eə">Air</w>
               </l>
               <l xml:id="o4106-l01585">
                  <c> </c>
                  <w xml:id="o4106-031600"
                     n="25-a-0680"
                     ecep:lem="with"
                     ecep:pos="p-acp"
                     ecep:reg="With"
                     ecep:spe="With"
                     ecep:syllab="1"
                     ecep:pron="wɪð">With</w>
                  <c> </c>
                  <w xml:id="o4106-031610"
                     n="25-a-0690"
                     ecep:lem="soft"
                     ecep:pos="jc"
                     ecep:reg="softer"
                     ecep:spe="softer"
                     ecep:syllab="2"
                     ecep:pron="sɒftə">softer</w>
                  <c> </c>
                  <w xml:id="o4106-031620"
                     n="25-a-0700"
                     ecep:lem="magic"
                     ecep:pos="n-jn"
                     ecep:reg="Magic"
                     ecep:spe="Magick"
                     ecep:syllab="2"
                     ecep:pron="ˈmædʒɪk">Magick</w>
                  <c> </c>
                  <w xml:id="o4106-031630"
                     n="25-a-0710"
                     ecep:lem="draw"
                     ecep:pos="vvd"
                     ecep:reg="drew"
                     ecep:spe="drew"
                     ecep:syllab="1"
                     ecep:pron="druː">drew</w>
                  <pc xml:id="o4106-031640"
                      n="25-a-0720"
                      unit="sentence"
                      ecep:lem="."
                      ecep:pos="."
                      ecep:reg="."
                      ecep:spe=".">.</pc>
                  <c> </c>
               </l>
            </lg>
            <lg xml:id="o4106-s00210">
               <l xml:id="o4106-l01590">
                  <w xml:id="o4106-031670"
                     n="25-a-0730"
                     ecep:lem="he"
                     ecep:pos="pns31"
                     ecep:reg="He"
                     ecep:spe="He"
                     ecep:syllab="1"
                     ecep:pron="hiː">He</w>
                  <c> </c>
                  <w xml:id="o4106-031680"
                     n="25-a-0740"
                     ecep:lem="haunt"
                     ecep:pos="vvz"
                     ecep:reg="haunts"
                     ecep:spe="haunts"
                     ecep:syllab="1"
                     ecep:pron="hɔːnts">haunts</w>
                  <c> </c>
                  <w xml:id="o4106-031690"
                     n="25-a-0750"
                     ecep:lem="the"
                     ecep:pos="dt"
                     ecep:reg="the"
                     ecep:spe="the"
                     ecep:syllab="1"
                     ecep:pron="ðiː">the</w>
                  <c> </c>
                  <w xml:id="o4106-031700"
                     n="25-a-0760"
                     ecep:lem="stream"
                     ecep:pos="n1"
                     ecep:reg="Stream"
                     ecep:spe="Stream"
                     ecep:syllab="1"
                     ecep:pron="striːm">Stream</w>
                  <pc xml:id="o4106-031710"
                      n="25-a-0770"
                      ecep:lem=","
                      ecep:pos=","
                      ecep:reg=","
                      ecep:spe=",">,</pc>
                  <c> </c>
                  <w xml:id="o4106-031720"
                     n="25-a-0780"
                     ecep:lem="he"
                     ecep:pos="pns31"
                     ecep:reg="he"
                     ecep:spe="he"
                     ecep:syllab="1"
                     ecep:pron="hiː">he</w>
                  <c> </c>
                  <w xml:id="o4106-031730"
                     n="25-a-0790"
                     ecep:lem="haunt"
                     ecep:pos="vvz"
                     ecep:reg="haunts"
                     ecep:spe="haunts"
                     ecep:syllab="1"
                     ecep:pron="hɔːnts">haunts</w>
                  <c> </c>
                  <w xml:id="o4106-031740"
                     n="25-a-0800"
                     ecep:lem="the"
                     ecep:pos="dt"
                     ecep:reg="the"
                     ecep:spe="the"
                     ecep:syllab="1"
                     ecep:pron="ðiː">the</w>
                  <c> </c>
                  <w xml:id="o4106-031750"
                     n="25-a-0810"
                     ecep:lem="grove"
                     ecep:pos="n1"
                     ecep:reg="Grove"
                     ecep:spe="Grove"
                     ecep:syllab="1"
                     ecep:pron="grəʊv">Grove</w>
                  <pc xml:id="o4106-031760"
                      n="25-a-0820"
                      ecep:lem=","
                      ecep:pos=","
                      ecep:reg=","
                      ecep:spe=",">,</pc>
               </l>
               <l xml:id="o4106-l01595">
                  <c> </c>
                  <w xml:id="o4106-031770"
                     n="25-a-0830"
                     ecep:lem="live"
                     ecep:pos="vvz"
                     ecep:reg="Lives"
                     ecep:spe="Lives"
                     ecep:syllab="1"
                     ecep:pron="lɪvz">Lives</w>
                  <c> </c>
                  <w xml:id="o4106-031780"
                     n="25-a-0840"
                     ecep:lem="in"
                     ecep:pos="p-acp"
                     ecep:reg="in"
                     ecep:spe="in"
                     ecep:syllab="1"
                     ecep:pron="ɪn">in</w>
                  <c> </c>
                  <w xml:id="o4106-031790"
                     n="25-a-0850"
                     ecep:lem="a"
                     ecep:pos="dt"
                     ecep:reg="a"
                     ecep:spe="a"
                     ecep:syllab="1"
                     ecep:pron="ə">a</w>
                  <c> </c>
                  <w xml:id="o4106-031800"
                     n="25-a-0860"
                     ecep:lem="fond"
                     ecep:pos="j"
                     ecep:reg="fond"
                     ecep:spe="fond"
                     ecep:syllab="1"
                     ecep:pron="fɒnd">fond</w>
                  <c> </c>
                  <w xml:id="o4106-031810"
                     n="25-a-0870"
                     ecep:lem="romance"
                     ecep:pos="n1"
                     ecep:reg="Romance"
                     ecep:spe="Romance"
                     ecep:syllab="2"
                     ecep:pron="rəˈmæns">Romance</w>
                  <c> </c>
                  <w xml:id="o4106-031820"
                     n="25-a-0880"
                     ecep:lem="of"
                     ecep:pos="pp-f"
                     ecep:reg="of"
                     ecep:spe="of"
                     ecep:syllab="1"
                     ecep:pron="ɒv">of</w>
                  <c> </c>
                  <w xml:id="o4106-031830"
                     n="25-a-0890"
                     ecep:lem="love"
                     ecep:pos="n1"
                     ecep:reg="Love"
                     ecep:spe="Love"
                     ecep:syllab="1"
                     ecep:pron="lʌv">Love</w>
                  <pc xml:id="o4106-031840"
                      n="25-a-0900"
                      ecep:lem=","
                      ecep:pos=","
                      ecep:reg=","
                      ecep:spe=",">,</pc>
               </l>
               <l xml:id="o4106-l01600">
                  <c> </c>
                  <w xml:id="o4106-031850"
                     n="25-a-0910"
                     ecep:lem="and"
                     ecep:pos="cc"
                     ecep:reg="And"
                     ecep:spe="And"
                     ecep:syllab="1"
                     ecep:pron="ænd">And</w>
                  <c> </c>
                  <w xml:id="o4106-031860"
                     n="25-a-0920"
                     ecep:lem="seem"
                     ecep:pos="vvz"
                     ecep:reg="seems"
                     ecep:spe="seems"
                     ecep:syllab="1"
                     ecep:pron="siːmz">seems</w>
                  <c> </c>
                  <w xml:id="o4106-031870"
                     n="25-a-0930"
                     ecep:lem="for"
                     ecep:pos="p-acp"
                     ecep:reg="for"
                     ecep:spe="for"
                     ecep:syllab="1"
                     ecep:pron="fɔː">for</w>
                  <c> </c>
                  <w xml:id="o4106-031880"
                     n="25-a-0940"
                     ecep:lem="each"
                     ecep:pos="d"
                     ecep:reg="each"
                     ecep:spe="each"
                     ecep:syllab="1"
                     ecep:pron="iːtʃ">each</w>
                  <c> </c>
                  <w xml:id="o4106-031890"
                     n="25-a-0950"
                     ecep:lem="to"
                     ecep:pos="pc-acp"
                     ecep:reg="to"
                     ecep:spe="to"
                     ecep:syllab="1"
                     ecep:pron="tuː">to</w>
                  <c> </c>
                  <w xml:id="o4106-031900"
                     n="25-a-0960"
                     ecep:lem="die"
                     ecep:pos="vvi"
                     ecep:reg="die"
                     ecep:spe="dye"
                     ecep:syllab="1"
                     ecep:pron="daɪ">dye</w>
                  <pc xml:id="o4106-031910"
                      n="25-a-0970"
                      ecep:lem=";"
                      ecep:pos=";"
                      ecep:reg=";"
                      ecep:spe=";">;</pc>
               </l>
               <l xml:id="o4106-l01605">
                  <c> </c>
                  <w xml:id="o4106-031920"
                     n="25-a-0980"
                     ecep:lem="until"
                     ecep:pos="c-acp"
                     ecep:reg="Till"
                     ecep:spe="'Till"
                     ecep:syllab="1"
                     ecep:pron="tˈɪl">'Till</w>
                  <c> </c>
                  <w xml:id="o4106-031930"
                     n="25-a-0990"
                     ecep:lem="each"
                     ecep:pos="d"
                     ecep:reg="each"
                     ecep:spe="each"
                     ecep:syllab="1"
                     ecep:pron="iːtʃ">each</w>
                  <c> </c>
                  <w xml:id="o4106-031940"
                     n="25-a-1000"
                     ecep:lem="a"
                     ecep:pos="dt"
                     ecep:reg="a"
                     ecep:spe="a"
                     ecep:syllab="1"
                     ecep:pron="ə">a</w>
                  <c> </c>
                  <w xml:id="o4106-031950"
                     n="25-a-1010"
                     ecep:lem="little"
                     ecep:pos="j"
                     ecep:reg="little"
                     ecep:spe="little"
                     ecep:syllab="2"
                     ecep:pron="ˈlɪtl">little</w>
                  <c> </c>
                  <w xml:id="o4106-031960"
                     n="25-a-1020"
                     ecep:lem="spiteful"
                     ecep:pos="j"
                     ecep:reg="spiteful"
                     ecep:spe="spiteful"
                     ecep:syllab="2"
                     ecep:pron="ˈspaɪtfl">spiteful</w>
                  <c> </c>
                  <w xml:id="o4106-031970"
                     n="25-a-1030"
                     ecep:lem="grow"
                     ecep:pos="vvn"
                     ecep:reg="grown"
                     ecep:spe="grown"
                     ecep:syllab="1"
                     ecep:pron="grəʊn">grown</w>
                  <pc xml:id="o4106-031980"
                      n="25-a-1040"
                      ecep:lem=","
                      ecep:pos=","
                      ecep:reg=","
                      ecep:spe=",">,</pc>
               </l>
               <l xml:id="o4106-l01610">
                  <c> </c>
                  <hi>
                     <w xml:id="o4106-031990"
                        n="25-a-1050"
                        ecep:lem="Sabina"
                        ecep:pos="np1"
                        ecep:reg="Sabina"
                        ecep:spe="Sabina"
                        ecep:syllab="3"
                        ecep:pron="səˈbiːnə">Sabina</w>
                     <c> </c>
                     <w xml:id="o4106-032000.1"
                        n="25-a-1060"
                        rend="plain_apostrophe"
                        ecep:lem="caelia"
                        ecep:pos="fw-la"
                        ecep:reg="Caelia's"
                        ecep:spe="Caelia's"
                        ecep:syllab="3"
                        ecep:pron="kˈeɪliəz">Caelia's</w>
                  </hi>
                  <c> </c>
                  <w xml:id="o4106-032010"
                     n="25-a-1070"
                     ecep:lem="shape"
                     ecep:pos="n1"
                     ecep:reg="Shape"
                     ecep:spe="Shape"
                     ecep:syllab="1"
                     ecep:pron="ʃeɪp">Shape</w>
                  <c> </c>
                  <w xml:id="o4106-032020"
                     n="25-a-1080"
                     ecep:lem="run"
                     ecep:pos="vvd"
                     ecep:reg="ran"
                     ecep:spe="ran"
                     ecep:syllab="1"
                     ecep:pron="ræn">ran</w>
                  <c> </c>
                  <w xml:id="o4106-032030"
                     n="25-a-1090"
                     ecep:lem="down"
                     ecep:pos="a-acp"
                     ecep:reg="down"
                     ecep:spe="down"
                     ecep:syllab="1"
                     ecep:pron="daʊn">down</w>
                  <pc xml:id="o4106-032040"
                      n="25-a-1100"
                      ecep:lem=","
                      ecep:pos=","
                      ecep:reg=","
                      ecep:spe=",">,</pc>
               </l>
               <l xml:id="o4106-l01615">
                  <c> </c>
                  <w xml:id="o4106-032050"
                     n="25-a-1110"
                     ecep:lem="and"
                     ecep:pos="cc"
                     ecep:reg="And"
                     ecep:spe="And"
                     ecep:syllab="1"
                     ecep:pron="ænd">And</w>
                  <c> </c>
                  <w xml:id="o4106-032060"
                     n="25-a-1120"
                     ecep:lem="she"
                     ecep:pos="pns31"
                     ecep:reg="she"
                     ecep:spe="she"
                     ecep:syllab="1"
                     ecep:pron="ʃiː">she</w>
                  <c> </c>
                  <hi>
                     <w xml:id="o4106-032070.1"
                        n="25-a-1130"
                        rend="plain_apostrophe"
                        ecep:lem="sabina"
                        ecep:pos="npg1"
                        ecep:reg="Sabina's"
                        ecep:spe="Sabina's"
                        ecep:syllab="3"
                        ecep:pron="səˈbiːnəz">Sabina's</w>
                  </hi>
                  <c> </c>
                  <w xml:id="o4106-032080"
                     n="25-a-1140"
                     ecep:lem="eye"
                     ecep:pos="n1"
                     ecep:reg="Eye"
                     ecep:spe="Eye"
                     ecep:syllab="1"
                     ecep:pron="aɪ">Eye</w>
                  <pc xml:id="o4106-032090"
                      n="25-a-1150"
                      unit="sentence"
                      ecep:lem="."
                      ecep:pos="."
                      ecep:reg="."
                      ecep:spe=".">.</pc>
                  <c> </c>
               </l>
            </lg>
            <pb facs="o4106/0031" n="20" rend="none"/>
            <lg xml:id="o4106-s00215">
               <l xml:id="o4106-l01620">
                  <w xml:id="o4106-032120"
                     n="26-a-0010"
                     ecep:lem="their"
                     ecep:pos="po32"
                     ecep:reg="Their"
                     ecep:spe="Their"
                     ecep:syllab="1"
                     ecep:pron="ðeə">Their</w>
                  <c> </c>
                  <w xml:id="o4106-032130"
                     n="26-a-0020"
                     ecep:lem="envy"
                     ecep:pos="n1"
                     ecep:reg="Envy"
                     ecep:spe="Envy"
                     ecep:syllab="2"
                     ecep:pron="ˈenvi">Envy</w>
                  <c> </c>
                  <w xml:id="o4106-032140"
                     n="26-a-0030"
                     ecep:lem="make"
                     ecep:pos="vvd"
                     ecep:reg="made"
                     ecep:spe="made"
                     ecep:syllab="1"
                     ecep:pron="meɪd">made</w>
                  <c> </c>
                  <w xml:id="o4106-032150"
                     n="26-a-0040"
                     ecep:lem="the"
                     ecep:pos="dt"
                     ecep:reg="the"
                     ecep:spe="the"
                     ecep:syllab="1"
                     ecep:pron="ðiː">the</w>
                  <c> </c>
                  <w xml:id="o4106-032160"
                     n="26-a-0050"
                     ecep:lem="shepherd"
                     ecep:pos="n1"
                     ecep:reg="Shepherd"
                     ecep:spe="Shepherd"
                     ecep:syllab="2"
                     ecep:pron="ˈʃepəd">Shepherd</w>
                  <c> </c>
                  <w xml:id="o4106-032170"
                     n="26-a-0060"
                     ecep:lem="find"
                     ecep:pos="vvi"
                     ecep:reg="find"
                     ecep:spe="find"
                     ecep:syllab="1"
                     ecep:pron="faɪnd">find</w>
               </l>
               <l xml:id="o4106-l01625">
                  <c> </c>
                  <w xml:id="o4106-032180"
                     n="26-a-0070"
                     ecep:lem="those"
                     ecep:pos="d"
                     ecep:reg="Those"
                     ecep:spe="Those"
                     ecep:syllab="1"
                     ecep:pron="ðəʊz">Those</w>
                  <c> </c>
                  <w xml:id="o4106-032190"
                     n="26-a-0080"
                     ecep:lem="eye"
                     ecep:pos="n2"
                     ecep:reg="Eyes"
                     ecep:spe="Eyes"
                     ecep:syllab="1"
                     ecep:pron="aɪz">Eyes</w>
                  <pc xml:id="o4106-032200"
                      n="26-a-0090"
                      ecep:lem=","
                      ecep:pos=","
                      ecep:reg=","
                      ecep:spe=",">,</pc>
                  <c> </c>
                  <w xml:id="o4106-032210"
                     n="26-a-0100"
                     ecep:lem="which"
                     ecep:pos="r-crq"
                     ecep:reg="which"
                     ecep:spe="which"
                     ecep:syllab="1"
                     ecep:pron="wɪtʃ">which</w>
                  <c> </c>
                  <w xml:id="o4106-032220"
                     n="26-a-0110"
                     ecep:lem="love"
                     ecep:pos="n1"
                     ecep:reg="Love"
                     ecep:spe="Love"
                     ecep:syllab="1"
                     ecep:pron="lʌv">Love</w>
                  <c> </c>
                  <w xml:id="o4106-032230"
                     n="26-a-0120"
                     ecep:lem="can"
                     ecep:pos="vmd"
                     ecep:reg="could"
                     ecep:spe="cou'd"
                     ecep:syllab="1"
                     ecep:pron="kʊd">cou'd</w>
                  <c> </c>
                  <w xml:id="o4106-032240"
                     n="26-a-0130"
                     ecep:lem="only"
                     ecep:pos="av-j"
                     ecep:reg="only"
                     ecep:spe="only"
                     ecep:syllab="2"
                     ecep:pron="ˈəʊnli">only</w>
                  <c> </c>
                  <w xml:id="o4106-032250"
                     n="26-a-0140"
                     ecep:lem="blind"
                     ecep:pos="vvi"
                     ecep:reg="blind"
                     ecep:spe="blind"
                     ecep:syllab="1"
                     ecep:pron="blaɪnd">blind</w>
                  <pc xml:id="o4106-032260"
                      n="26-a-0150"
                      ecep:lem=";"
                      ecep:pos=";"
                      ecep:reg=";"
                      ecep:spe=";">;</pc>
               </l>
               <l xml:id="o4106-l01630">
                  <c> </c>
                  <w xml:id="o4106-032270"
                     n="26-a-0160"
                     ecep:lem="so"
                     ecep:pos="av"
                     ecep:reg="So"
                     ecep:spe="So"
                     ecep:syllab="1"
                     ecep:pron="səʊ">So</w>
                  <c> </c>
                  <w xml:id="o4106-032280"
                     n="26-a-0170"
                     ecep:lem="set"
                     ecep:pos="vvd"
                     ecep:reg="set"
                     ecep:spe="set"
                     ecep:syllab="1"
                     ecep:pron="set">set</w>
                  <c> </c>
                  <w xml:id="o4106-032290"
                     n="26-a-0180"
                     ecep:lem="the"
                     ecep:pos="dt"
                     ecep:reg="the"
                     ecep:spe="the"
                     ecep:syllab="1"
                     ecep:pron="ðiː">the</w>
                  <c> </c>
                  <w xml:id="o4106-032300"
                     n="26-a-0190"
                     ecep:lem="lover"
                     ecep:pos="n1"
                     ecep:reg="Lover"
                     ecep:spe="Lover"
                     ecep:syllab="2"
                     ecep:pron="ˈlʌvə">Lover</w>
                  <c> </c>
                  <w xml:id="o4106-032310"
                     n="26-a-0200"
                     ecep:lem="free"
                     ecep:pos="j"
                     ecep:reg="free"
                     ecep:spe="free"
                     ecep:syllab="1"
                     ecep:pron="friː">free</w>
                  <pc xml:id="o4106-032320"
                      n="26-a-0210"
                      ecep:lem=":"
                      ecep:pos=":"
                      ecep:reg=":"
                      ecep:spe=":">:</pc>
               </l>
               <l xml:id="o4106-l01635">
                  <c> </c>
                  <w xml:id="o4106-032330"
                     n="26-a-0220"
                     ecep:lem="no"
                     ecep:pos="uh-x"
                     ecep:reg="No"
                     ecep:spe="No"
                     ecep:syllab="1"
                     ecep:pron="nəʊ">No</w>
                  <c> </c>
                  <w xml:id="o4106-032340"
                     n="26-a-0230"
                     ecep:lem="more"
                     ecep:pos="av-dc"
                     ecep:reg="more"
                     ecep:spe="more"
                     ecep:syllab="1"
                     ecep:pron="mɔː">more</w>
                  <c> </c>
                  <w xml:id="o4106-032350"
                     n="26-a-0240"
                     ecep:lem="he"
                     ecep:pos="pns31"
                     ecep:reg="he"
                     ecep:spe="he"
                     ecep:syllab="1"
                     ecep:pron="hiː">he</w>
                  <c> </c>
                  <w xml:id="o4106-032360"
                     n="26-a-0250"
                     ecep:lem="haunt"
                     ecep:pos="vvz"
                     ecep:reg="haunts"
                     ecep:spe="haunts"
                     ecep:syllab="1"
                     ecep:pron="hɔːnts">haunts</w>
                  <c> </c>
                  <w xml:id="o4106-032370"
                     n="26-a-0260"
                     ecep:lem="the"
                     ecep:pos="dt"
                     ecep:reg="the"
                     ecep:spe="the"
                     ecep:syllab="1"
                     ecep:pron="ðiː">the</w>
                  <c> </c>
                  <w xml:id="o4106-032380"
                     n="26-a-0270"
                     ecep:lem="grove"
                     ecep:pos="n1"
                     ecep:reg="Grove"
                     ecep:spe="Grove"
                     ecep:syllab="1"
                     ecep:pron="grəʊv">Grove</w>
                  <c> </c>
                  <w xml:id="o4106-032390"
                     n="26-a-0280"
                     ecep:lem="or"
                     ecep:pos="cc"
                     ecep:reg="or"
                     ecep:spe="or"
                     ecep:syllab="1"
                     ecep:pron="ɔː">or</w>
                  <c> </c>
                  <w xml:id="o4106-032400"
                     n="26-a-0290"
                     ecep:lem="stream"
                     ecep:pos="n1"
                     ecep:reg="Stream"
                     ecep:spe="Stream"
                     ecep:syllab="1"
                     ecep:pron="striːm">Stream</w>
                  <pc xml:id="o4106-032410"
                      n="26-a-0300"
                      ecep:lem=","
                      ecep:pos=","
                      ecep:reg=","
                      ecep:spe=",">,</pc>
               </l>
               <l xml:id="o4106-l01640">
                  <c> </c>
                  <w xml:id="o4106-032420"
                     n="26-a-0310"
                     ecep:lem="or"
                     ecep:pos="cc"
                     ecep:reg="Or"
                     ecep:spe="Or"
                     ecep:syllab="1"
                     ecep:pron="ɔː">Or</w>
                  <c> </c>
                  <w xml:id="o4106-032430"
                     n="26-a-0320"
                     ecep:lem="with"
                     ecep:pos="p-acp"
                     ecep:reg="with"
                     ecep:spe="with"
                     ecep:syllab="1"
                     ecep:pron="wɪð">with</w>
                  <c> </c>
                  <w xml:id="o4106-032440"
                     n="26-a-0330"
                     ecep:lem="a"
                     ecep:pos="dt"
                     ecep:reg="a"
                     ecep:spe="a"
                     ecep:syllab="1"
                     ecep:pron="ə">a</w>
                  <c> </c>
                  <w xml:id="o4106-032450"
                     n="26-a-0340"
                     ecep:lem="true-love"
                     ecep:pos="n1"
                     ecep:reg="Truelove"
                     ecep:spe="True-love"
                     ecep:syllab="2"
                     ecep:pron="truːˈlʌv">True-love</w>
                  <c> </c>
                  <w xml:id="o4106-032460"
                     n="26-a-0350"
                     ecep:lem="knot"
                     ecep:pos="n1"
                     ecep:reg="Knot"
                     ecep:spe="Knot"
                     ecep:syllab="1"
                     ecep:pron="nɒt">Knot</w>
                  <c> </c>
                  <w xml:id="o4106-032470"
                     n="26-a-0360"
                     ecep:lem="and"
                     ecep:pos="cc"
                     ecep:reg="and"
                     ecep:spe="and"
                     ecep:syllab="1"
                     ecep:pron="ænd">and</w>
                  <c> </c>
                  <w xml:id="o4106-032480"
                     n="26-a-0370"
                     ecep:lem="name"
                     ecep:pos="n1"
                     ecep:reg="Name"
                     ecep:spe="Name"
                     ecep:syllab="1"
                     ecep:pron="neɪm">Name</w>
               </l>
               <l xml:id="o4106-l01645">
                  <c> </c>
                  <w xml:id="o4106-032490"
                     n="26-a-0380"
                     ecep:lem="engrave"
                     ecep:pos="vvz"
                     ecep:reg="Engraves"
                     ecep:spe="Engraves"
                     ecep:syllab="3"
                     ecep:pron="ɪnˈgreɪvz">Engraves</w>
                  <c> </c>
                  <w xml:id="o4106-032500"
                     n="26-a-0390"
                     ecep:lem="a"
                     ecep:pos="dt"
                     ecep:reg="a"
                     ecep:spe="a"
                     ecep:syllab="1"
                     ecep:pron="ə">a</w>
                  <c> </c>
                  <w xml:id="o4106-032510"
                     n="26-a-0400"
                     ecep:lem="wound"
                     ecep:pos="j-vvn"
                     ecep:reg="wounded"
                     ecep:spe="wounded"
                     ecep:syllab="2"
                     ecep:pron="wuːndɪd">wounded</w>
                  <c> </c>
                  <w xml:id="o4106-032520"
                     n="26-a-0410"
                     ecep:lem="tree"
                     ecep:pos="n1"
                     ecep:reg="Tree"
                     ecep:spe="Tree"
                     ecep:syllab="1"
                     ecep:pron="triː">Tree</w>
                  <pc xml:id="o4106-032530"
                      n="26-a-0420"
                      unit="sentence"
                      ecep:lem="."
                      ecep:pos="."
                      ecep:reg="."
                      ecep:spe=".">.</pc>
                  <c> </c>
               </l>
            </lg>
            <lg ecep:syllab="8.8.8.6.8.8.8.6"
                met="-+|-+|-+|-+/ -+|-+|-+|-+/ -+|-+|-+|-+/ -+|-+|-+/ -+|-+|-+|-+/ -+|-+|-+|-+/ -+|-+|-+|-+/ -+|-+|-+/"
                rhyme="aaabcccb"
                xml:id="o4106-s00220">
               <l xml:id="o4106-l01650">
                  <w xml:id="o4106-032560"
                     n="26-a-0430"
                     ecep:lem="ah"
                     ecep:pos="uh"
                     ecep:reg="Ah"
                     ecep:spe="Ah"
                     ecep:syllab="1"
                     ecep:pron="ɑː">Ah</w>
                  <c> </c>
                  <hi>
                     <w xml:id="o4106-032570"
                        n="26-a-0440"
                        ecep:lem="Caelia"
                        ecep:pos="np1"
                        ecep:reg="Caelia"
                        ecep:spe="Caelia"
                        ecep:syllab="3"
                        ecep:pron="kˈeɪliə">Caelia</w>
                     <pc xml:id="o4106-032580"
                         n="26-a-0450"
                         unit="sentence"
                         ecep:lem="!"
                         ecep:pos="!"
                         ecep:reg="!"
                         ecep:spe="!">!</pc>
                     <c> </c>
                  </hi>
                  <pc xml:id="o4106-032590"
                      n="26-a-0460"
                      ecep:lem="("
                      ecep:pos="("
                      ecep:reg="("
                      ecep:spe="(">(</pc>
                  <w xml:id="o4106-032600"
                     n="26-a-0470"
                     ecep:lem="sly"
                     ecep:pos="j"
                     ecep:reg="sly"
                     ecep:spe="sly"
                     ecep:syllab="1"
                     ecep:pron="slaɪ">sly</w>
                  <c> </c>
                  <hi>
                     <w xml:id="o4106-032610"
                        n="26-a-0480"
                        ecep:lem="Sabina"
                        ecep:pos="np1"
                        ecep:reg="Sabina"
                        ecep:spe="Sabina"
                        ecep:syllab="3"
                        ecep:pron="səˈbiːnə">Sabina</w>
                  </hi>
                  <c> </c>
                  <w xml:id="o4106-032620"
                     n="26-a-0490"
                     ecep:lem="cry"
                     ecep:pos="vvd"
                     ecep:reg="cried"
                     ecep:spe="cry'd"
                     ecep:syllab="1"
                     ecep:pron="kraɪd">cry'd</w>
                  <pc xml:id="o4106-032630"
                      n="26-a-0500"
                      ecep:lem=")"
                      ecep:pos=")"
                      ecep:reg=")"
                      ecep:spe=")">)</pc>
               </l>
               <l xml:id="o4106-l01655">
                  <c> </c>
                  <w xml:id="o4106-032640"
                     n="26-a-0510"
                     ecep:lem="though"
                     ecep:pos="c-acp"
                     ecep:reg="Though"
                     ecep:spe="Tho'"
                     ecep:syllab="1"
                     ecep:pron="ðəʊ">Tho'</w>
                  <c> </c>
                  <w xml:id="o4106-032650"
                     n="26-a-0520"
                     ecep:lem="neither"
                     ecep:pos="dx"
                     ecep:reg="neither"
                     ecep:spe="neither"
                     ecep:syllab="2"
                     ecep:pron="ˈnaɪðə">neither</w>
                  <c> </c>
                  <w xml:id="o4106-032660"
                     n="26-a-0530"
                     ecep:lem="love"
                     ecep:pos="n1"
                     ecep:reg="love"
                     ecep:spe="love"
                     ecep:syllab="1"
                     ecep:pron="lʌv">love</w>
                  <pc xml:id="o4106-032670"
                      n="26-a-0540"
                      ecep:lem=","
                      ecep:pos=","
                      ecep:reg=","
                      ecep:spe=",">,</pc>
                  <c> </c>
                  <w xml:id="o4106-032680"
                     n="26-a-0550"
                     ecep:lem="we|be"
                     ecep:pos="pns12|vbr"
                     ecep:reg="we're"
                     ecep:spe="we're"
                     ecep:syllab="1"
                     ecep:pron="wɪə">we're</w>
                  <c> </c>
                  <w xml:id="o4106-032690"
                     n="26-a-0560"
                     ecep:lem="both"
                     ecep:pos="d"
                     ecep:reg="both"
                     ecep:spe="both"
                     ecep:syllab="1"
                     ecep:pron="bəʊθ">both</w>
                  <c> </c>
                  <w xml:id="o4106-032700"
                     n="26-a-0570"
                     ecep:lem="deny"
                     ecep:pos="vvn"
                     ecep:reg="denied"
                     ecep:spe="deny'd"
                     ecep:syllab="2"
                     ecep:pron="dɪˈnaɪd">deny'd</w>
                  <pc xml:id="o4106-032710"
                      n="26-a-0580"
                      ecep:lem=";"
                      ecep:pos=";"
                      ecep:reg=";"
                      ecep:spe=";">;</pc>
               </l>
               <l xml:id="o4106-l01660">
                  <c> </c>
                  <w xml:id="o4106-032720"
                     n="26-a-0590"
                     ecep:lem="now"
                     ecep:pos="av"
                     ecep:reg="Now"
                     ecep:spe="Now"
                     ecep:syllab="1"
                     ecep:pron="naʊ">Now</w>
                  <pc xml:id="o4106-032730"
                      n="26-a-0600"
                      ecep:lem=","
                      ecep:pos=","
                      ecep:reg=","
                      ecep:spe=",">,</pc>
                  <c> </c>
                  <w xml:id="o4106-032740"
                     n="26-a-0610"
                     ecep:lem="to"
                     ecep:pos="pc-acp"
                     ecep:reg="to"
                     ecep:spe="to"
                     ecep:syllab="1"
                     ecep:pron="tuː">to</w>
                  <c> </c>
                  <w xml:id="o4106-032750"
                     n="26-a-0620"
                     ecep:lem="support"
                     ecep:pos="vvi"
                     ecep:reg="support"
                     ecep:spe="support"
                     ecep:syllab="2"
                     ecep:pron="səˈpɔːt">support</w>
                  <c> </c>
                  <w xml:id="o4106-032760"
                     n="26-a-0630"
                     ecep:lem="the"
                     ecep:pos="dt"
                     ecep:reg="the"
                     ecep:spe="the"
                     ecep:syllab="1"
                     ecep:pron="ðiː">the</w>
                  <c> </c>
                  <w xml:id="o4106-032770"
                     n="26-a-0640"
                     ecep:lem="sex"
                     ecep:pos="ng1"
                     ecep:reg="Sex's"
                     ecep:spe="Sex's"
                     ecep:syllab="1"
                     ecep:pron="seksz">Sex's</w>
                  <c> </c>
                  <w xml:id="o4106-032780"
                     n="26-a-0650"
                     ecep:lem="pride"
                     ecep:pos="n1"
                     ecep:reg="Pride"
                     ecep:spe="Pride"
                     ecep:syllab="1"
                     ecep:pron="praɪd">Pride</w>
                  <pc xml:id="o4106-032790"
                      n="26-a-0660"
                      ecep:lem=","
                      ecep:pos=","
                      ecep:reg=","
                      ecep:spe=",">,</pc>
               </l>
               <l xml:id="o4106-l01665">
                  <c> </c>
                  <w xml:id="o4106-032800"
                     n="26-a-0670"
                     ecep:lem="let"
                     ecep:pos="vvb"
                     ecep:reg="Let"
                     ecep:spe="Let"
                     ecep:syllab="1"
                     ecep:pron="let">Let</w>
                  <c> </c>
                  <w xml:id="o4106-032810"
                     n="26-a-0680"
                     ecep:lem="either"
                     ecep:pos="d"
                     ecep:reg="either"
                     ecep:spe="either"
                     ecep:syllab="2"
                     ecep:pron="ˈaɪðə">either</w>
                  <c> </c>
                  <w xml:id="o4106-032820"
                     n="26-a-0690"
                     ecep:lem="fix"
                     ecep:pos="vvi"
                     ecep:reg="fix"
                     ecep:spe="fix"
                     ecep:syllab="1"
                     ecep:pron="fɪks">fix</w>
                  <c> </c>
                  <w xml:id="o4106-032830"
                     n="26-a-0700"
                     ecep:lem="the"
                     ecep:pos="dt"
                     ecep:reg="the"
                     ecep:spe="the"
                     ecep:syllab="1"
                     ecep:pron="ðiː">the</w>
                  <c> </c>
                  <w xml:id="o4106-032840"
                     n="26-a-0710"
                     ecep:lem="dart"
                     ecep:pos="n1"
                     ecep:reg="Dart"
                     ecep:spe="Dart"
                     ecep:syllab="1"
                     ecep:pron="dɑːt">Dart</w>
                  <pc xml:id="o4106-032850"
                      n="26-a-0720"
                      unit="sentence"
                      ecep:lem="."
                      ecep:pos="."
                      ecep:reg="."
                      ecep:spe=".">.</pc>
                  <c> </c>
               </l>
               <l xml:id="o4106-l01670">
                  <w xml:id="o4106-032860"
                     n="26-a-0730"
                     ecep:lem="poor"
                     ecep:pos="j"
                     ecep:reg="Poor"
                     ecep:spe="Poor"
                     ecep:syllab="1"
                     ecep:pron="pɔː">Poor</w>
                  <c> </c>
                  <w xml:id="o4106-032870"
                     n="26-a-0740"
                     ecep:lem="girl"
                     ecep:pos="n1"
                     ecep:reg="Girl"
                     ecep:spe="Girl"
                     ecep:syllab="1"
                     ecep:pron="gɜːl">Girl</w>
                  <pc xml:id="o4106-032880"
                      n="26-a-0750"
                      unit="sentence"
                      ecep:lem="!"
                      ecep:pos="!"
                      ecep:reg="!"
                      ecep:spe="!">!</pc>
                  <c> </c>
                  <pc xml:id="o4106-032890"
                      n="26-a-0760"
                      ecep:lem="("
                      ecep:pos="("
                      ecep:reg="("
                      ecep:spe="(">(</pc>
                  <w xml:id="o4106-032900"
                     n="26-a-0770"
                     ecep:lem="say"
                     ecep:pos="vvz"
                     ecep:reg="says"
                     ecep:spe="says"
                     ecep:syllab="1"
                     ecep:pron="sez">says</w>
                  <c> </c>
                  <hi>
                     <w xml:id="o4106-032910"
                        n="26-a-0780"
                        ecep:lem="Caelia"
                        ecep:pos="np1"
                        ecep:reg="Caelia"
                        ecep:spe="Caelia"
                        ecep:syllab="3"
                        ecep:pron="kˈeɪliə">Caelia</w>
                  </hi>
                  <pc xml:id="o4106-032920"
                      n="26-a-0790"
                      ecep:lem=")"
                      ecep:pos=")"
                      ecep:reg=")"
                      ecep:spe=")">)</pc>
                  <c> </c>
                  <w xml:id="o4106-032930"
                     n="26-a-0800"
                     ecep:lem="say"
                     ecep:pos="vvb"
                     ecep:reg="say"
                     ecep:spe="say"
                     ecep:syllab="1"
                     ecep:pron="seɪ">say</w>
                  <c> </c>
                  <w xml:id="o4106-032940"
                     n="26-a-0810"
                     ecep:lem="no"
                     ecep:pos="dx"
                     ecep:reg="no"
                     ecep:spe="no"
                     ecep:syllab="1"
                     ecep:pron="nəʊ">no</w>
                  <c> </c>
                  <w xml:id="o4106-032950"
                     n="26-a-0820"
                     ecep:lem="more"
                     ecep:pos="av-dc"
                     ecep:reg="more"
                     ecep:spe="more"
                     ecep:syllab="1"
                     ecep:pron="mɔː">more</w>
                  <pc xml:id="o4106-032960"
                      n="26-a-0830"
                      ecep:lem=";"
                      ecep:pos=";"
                      ecep:reg=";"
                      ecep:spe=";">;</pc>
               </l>
               <l xml:id="o4106-l01675">
                  <c> </c>
                  <w xml:id="o4106-032970"
                     n="26-a-0840"
                     ecep:lem="for"
                     ecep:pos="c-acp"
                     ecep:reg="For"
                     ecep:spe="For"
                     ecep:syllab="1"
                     ecep:pron="fɔː">For</w>
                  <c> </c>
                  <w xml:id="o4106-032980"
                     n="26-a-0850"
                     ecep:lem="shall"
                     ecep:pos="vmd"
                     ecep:reg="should"
                     ecep:spe="shou'd"
                     ecep:syllab="1"
                     ecep:pron="ʃʊd">shou'd</w>
                  <c> </c>
                  <w xml:id="o4106-032990"
                     n="26-a-0860"
                     ecep:lem="the"
                     ecep:pos="dt"
                     ecep:reg="the"
                     ecep:spe="the"
                     ecep:syllab="1"
                     ecep:pron="ðiː">the</w>
                  <c> </c>
                  <w xml:id="o4106-033000"
                     n="26-a-0870"
                     ecep:lem="Swain"
                     ecep:pos="np1"
                     ecep:reg="Swain"
                     ecep:spe="Swain"
                     ecep:syllab="1"
                     ecep:pron="sweɪn">Swain</w>
                  <c> </c>
                  <w xml:id="o4106-033010"
                     n="26-a-0880"
                     ecep:lem="but"
                     ecep:pos="p-acp"
                     ecep:reg="but"
                     ecep:spe="but"
                     ecep:syllab="1"
                     ecep:pron="bʌt">but</w>
                  <c> </c>
                  <w xml:id="o4106-033020"
                     n="26-a-0890"
                     ecep:lem="one"
                     ecep:pos="crd"
                     ecep:reg="one"
                     ecep:spe="one"
                     ecep:syllab="1"
                     ecep:pron="wʌn">one</w>
                  <c> </c>
                  <w xml:id="o4106-033030"
                     n="26-a-0900"
                     ecep:lem="adore"
                     ecep:pos="vvb"
                     ecep:reg="adore"
                     ecep:spe="adore"
                     ecep:syllab="2"
                     ecep:pron="əˈdɔː">adore</w>
                  <pc xml:id="o4106-033040"
                      n="26-a-0910"
                      ecep:lem=","
                      ecep:pos=","
                      ecep:reg=","
                      ecep:spe=",">,</pc>
               </l>
               <l xml:id="o4106-l01680">
                  <c> </c>
                  <w xml:id="o4106-033050"
                     n="26-a-0920"
                     ecep:lem="that"
                     ecep:pos="cst"
                     ecep:reg="That"
                     ecep:spe="That"
                     ecep:syllab="1"
                     ecep:pron="ðæt">That</w>
                  <c> </c>
                  <w xml:id="o4106-033060"
                     n="26-a-0930"
                     ecep:lem="spite"
                     ecep:pos="n1"
                     ecep:reg="Spite"
                     ecep:spe="Spite"
                     ecep:syllab="1"
                     ecep:pron="spaɪt">Spite</w>
                  <c> </c>
                  <w xml:id="o4106-033070"
                     n="26-a-0940"
                     ecep:lem="which"
                     ecep:pos="r-crq"
                     ecep:reg="which"
                     ecep:spe="which"
                     ecep:syllab="1"
                     ecep:pron="wɪtʃ">which</w>
                  <c> </c>
                  <w xml:id="o4106-033080"
                     n="26-a-0950"
                     ecep:lem="break"
                     ecep:pos="vvd"
                     ecep:reg="broke"
                     ecep:spe="broke"
                     ecep:syllab="1"
                     ecep:pron="brəʊk">broke</w>
                  <c> </c>
                  <w xml:id="o4106-033090"
                     n="26-a-0960"
                     ecep:lem="his"
                     ecep:pos="po31"
                     ecep:reg="his"
                     ecep:spe="his"
                     ecep:syllab="1"
                     ecep:pron="hɪz">his</w>
                  <c> </c>
                  <w xml:id="o4106-033100"
                     n="26-a-0970"
                     ecep:lem="chain"
                     ecep:pos="n2"
                     ecep:reg="Chains"
                     ecep:spe="Chains"
                     ecep:syllab="1"
                     ecep:pron="tʃeɪnz">Chains</w>
                  <c> </c>
                  <w xml:id="o4106-033110"
                     n="26-a-0980"
                     ecep:lem="before"
                     ecep:pos="a-acp"
                     ecep:reg="before"
                     ecep:spe="before"
                     ecep:syllab="2"
                     ecep:pron="bɪˈfɔː">before</w>
                  <pc xml:id="o4106-033120"
                      n="26-a-0990"
                      ecep:lem=","
                      ecep:pos=","
                      ecep:reg=","
                      ecep:spe=",">,</pc>
               </l>
               <l xml:id="o4106-l01685">
                  <c> </c>
                  <w xml:id="o4106-033130"
                     n="26-a-1000"
                     ecep:lem="will"
                     ecep:pos="vmd"
                     ecep:reg="Would"
                     ecep:spe="Wou'd"
                     ecep:syllab="1"
                     ecep:pron="wʊd">Wou'd</w>
                  <c> </c>
                  <w xml:id="o4106-033140"
                     n="26-a-1010"
                     ecep:lem="break"
                     ecep:pos="vvi"
                     ecep:reg="break"
                     ecep:spe="break"
                     ecep:syllab="1"
                     ecep:pron="breɪk">break</w>
                  <c> </c>
                  <w xml:id="o4106-033150"
                     n="26-a-1020"
                     ecep:lem="the"
                     ecep:pos="dt"
                     ecep:reg="the"
                     ecep:spe="the"
                     ecep:syllab="1"
                     ecep:pron="ðiː">the</w>
                  <c> </c>
                  <w xml:id="o4106-033160"
                     n="26-a-1030"
                     ecep:lem="other"
                     ecep:pos="ng1-jn"
                     ecep:reg="other's"
                     ecep:spe="other's"
                     ecep:syllab="2"
                     ecep:pron="ˈʌðəz">other's</w>
                  <c> </c>
                  <w xml:id="o4106-033170"
                     n="26-a-1040"
                     ecep:lem="heart"
                     ecep:pos="n1"
                     ecep:reg="Heart"
                     ecep:spe="Heart"
                     ecep:syllab="1"
                     ecep:pron="hɑːt">Heart</w>
                  <pc xml:id="o4106-033180"
                      n="26-a-1050"
                      unit="sentence"
                      ecep:lem="."
                      ecep:pos="."
                      ecep:reg="."
                      ecep:spe=".">.</pc>
                  <c> </c>
               </l>
            </lg>
         </div>
      </body>
   </text>
</TEI>
