<?xml version="1.0" encoding="utf-8"?>
<!DOCTYPE div
  SYSTEM "about:legacy-compat">
<div xmlns:ecep="http://www.eighteenthcenturypoetry.org/ns"
     xmlns="http://www.tei-c.org/ns/1.0"
     xmlns:tei="http://www.tei-c.org/ns/1.0"
     ana="#iamb #tetrameter #trimeter #cross #quatrain #epigram"
     corresp="#txt_RoweEl1674_w0046"
     decls="#semi-normalized"
     ecep:syllab="8.6.8.6"
     met="-+|-+|-+|-+/ -+|-+|-+/ -+|-+|-+|-+/ -+|-+|-+/"
     rendition="#lgvspace"
     rhyme="abab"
     subtype="eceptext"
     type="poem"
     xml:id="oar96-w0450">
   <link target="authors.xml#aut_RoweEl1674" type="author"/>
   <head type="main">
      <w xml:id="oar96-182700"
         n="72-a-0010"
         ecep:lem="to"
         ecep:pos="p-acp"
         ecep:reg="To"
         ecep:spe="To"
         ecep:syllab="1"
         ecep:pron="tuː">To</w>
      <c> </c>
      <name type="person">
         <w xml:id="oar96-182710"
            n="72-a-0020"
            ecep:lem="madam"
            ecep:pos="n1"
            ecep:reg="Madam"
            ecep:spe="Madam"
            ecep:syllab="2"
            ecep:pron="ˈmædəm">Madam</w>
         <c> </c>
         <hi>
            <w xml:id="oar96-182720"
               n="72-a-0030"
               ecep:lem="s"
               ecep:pos="zz"
               ecep:reg="S"
               ecep:spe="S—"
               ecep:syllab="1"
               ecep:pron="ˈes">S—</w>
         </hi>
      </name>
      <c> </c>
      <w xml:id="oar96-182740"
         n="72-a-0050"
         ecep:lem="at"
         ecep:pos="p-acp"
         ecep:reg="at"
         ecep:spe="at"
         ecep:syllab="1"
         ecep:pron="æt">at</w>
      <c> </c>
      <w xml:id="oar96-182750"
         n="72-a-0060"
         ecep:lem="the"
         ecep:pos="dt"
         ecep:reg="the"
         ecep:spe="the"
         ecep:syllab="1"
         ecep:pron="ðə">the</w>
      <c> </c>
      <w xml:id="oar96-182760"
         n="72-a-0070"
         ecep:lem="court"
         ecep:pos="n1"
         ecep:reg="Court"
         ecep:spe="Court"
         ecep:syllab="1"
         ecep:pron="kɔːt">Court</w>
      <pc xml:id="oar96-182770"
          n="72-a-0080"
          unit="sentence"
          ecep:lem="."
          ecep:pos="."
          ecep:reg="."
          ecep:spe=".">.</pc>
   </head>
   <lg n="1" xml:id="oar96-s00790">
      <head>
         <w xml:id="oar96-182810"
            n="72-a-0090"
            ecep:lem="i"
            ecep:pos="pns11"
            ecep:reg="I"
            ecep:spe="I."
            ecep:syllab="1"
            ecep:pron="ˈaɪ">I.</w>
         <pc unit="sentence" xml:id="oar96-182810-eos" n="72-a-0100"/>
      </head>
      <l xml:id="oar96-l08540">
         <w xml:id="oar96-182830"
            n="72-a-0110"
            ecep:lem="come"
            ecep:pos="vvb"
            ecep:reg="COme"
            ecep:spe="COme"
            ecep:syllab="1"
            ecep:pron="kʌm">COme</w>
         <c> </c>
         <w xml:id="oar96-182840"
            n="72-a-0120"
            ecep:lem="prithee"
            ecep:pos="uh"
            ecep:reg="prithee"
            ecep:spe="prethee"
            ecep:syllab="2"
            ecep:pron="prɪθˈiː">prethee</w>
         <c> </c>
         <w xml:id="oar96-182850"
            n="72-a-0130"
            ecep:lem="leave"
            ecep:pos="vvb"
            ecep:reg="leave"
            ecep:spe="leave"
            ecep:syllab="1"
            ecep:pron="liːv">leave</w>
         <c> </c>
         <w xml:id="oar96-182860"
            n="72-a-0140"
            ecep:lem="the"
            ecep:pos="dt"
            ecep:reg="the"
            ecep:spe="the"
            ecep:syllab="1"
            ecep:pron="ðə">the</w>
         <c> </c>
         <w xml:id="oar96-182870"
            n="72-a-0150"
            ecep:lem="court"
            ecep:pos="n2"
            ecep:reg="Courts"
            ecep:spe="Courts"
            ecep:syllab="1"
            ecep:pron="kɔːts">Courts</w>
      </l>
      <l xml:id="oar96-l08545">
         <c> </c>
         <w xml:id="oar96-182880"
            n="72-a-0160"
            ecep:lem="and"
            ecep:pos="cc"
            ecep:reg="And"
            ecep:spe="And"
            ecep:syllab="1"
            ecep:pron="ænd">And</w>
         <c> </c>
         <w xml:id="oar96-182890"
            n="72-a-0170"
            ecep:lem="range"
            ecep:pos="vvi"
            ecep:reg="range"
            ecep:spe="range"
            ecep:syllab="1"
            ecep:pron="reɪndʒ">range</w>
         <c> </c>
         <w xml:id="oar96-182900"
            n="72-a-0180"
            ecep:lem="the"
            ecep:pos="dt"
            ecep:reg="the"
            ecep:spe="the"
            ecep:syllab="1"
            ecep:pron="ðə">the</w>
         <c> </c>
         <w xml:id="oar96-182910"
            n="72-a-0190"
            ecep:lem="field"
            ecep:pos="n2"
            ecep:reg="Fields"
            ecep:spe="Fields"
            ecep:syllab="1"
            ecep:pron="fiːldz">Fields</w>
         <c> </c>
         <w xml:id="oar96-182920"
            n="72-a-0200"
            ecep:lem="with"
            ecep:pos="p-acp"
            ecep:reg="with"
            ecep:spe="with"
            ecep:syllab="1"
            ecep:pron="wɪð">with</w>
         <c> </c>
         <w xml:id="oar96-182930"
            n="72-a-0210"
            ecep:lem="i"
            ecep:pos="pno11"
            ecep:reg="me"
            ecep:spe="me"
            ecep:syllab="1"
            ecep:pron="miː">me</w>
         <pc xml:id="oar96-182940"
             n="72-a-0220"
             ecep:lem=";"
             ecep:pos=";"
             ecep:reg=";"
             ecep:spe=";">;</pc>
      </l>
      <l xml:id="oar96-l08550">
         <c> </c>
         <w xml:id="oar96-182950"
            n="72-a-0230"
            ecep:lem="a"
            ecep:pos="dt"
            ecep:reg="A"
            ecep:spe="A"
            ecep:syllab="1"
            ecep:pron="ə">A</w>
         <c> </c>
         <w xml:id="oar96-182960"
            n="72-a-0240"
            ecep:lem="thousand"
            ecep:pos="crd"
            ecep:reg="thousand"
            ecep:spe="thousand"
            ecep:syllab="2"
            ecep:pron="ˈθaʊzənd">thousand</w>
         <c> </c>
         <w xml:id="oar96-182970"
            n="72-a-0250"
            ecep:lem="pretty"
            ecep:pos="j"
            ecep:reg="pretty"
            ecep:spe="pretty"
            ecep:syllab="2"
            ecep:pron="ˈprɪtɪ">pretty</w>
         <c> </c>
         <w xml:id="oar96-182980"
            n="72-a-0260"
            ecep:lem="rural"
            ecep:pos="j"
            ecep:reg="Rural"
            ecep:spe="Rural"
            ecep:syllab="2"
            ecep:pron="ˈrʊərəl">Rural</w>
         <c> </c>
         <w xml:id="oar96-182990"
            n="72-a-0270"
            ecep:lem="sport"
            ecep:pos="n2"
            ecep:reg="sports"
            ecep:spe="sports"
            ecep:syllab="1"
            ecep:pron="spɔːts">sports</w>
      </l>
      <l xml:id="oar96-l08555">
         <c> </c>
         <w xml:id="oar96-183000"
            n="72-a-0280"
            ecep:lem="i|will"
            ecep:pos="pns11|vmb"
            ecep:reg="I'll"
            ecep:spe="I'le"
            ecep:syllab="1"
            ecep:pron="aɪlˈe">I'le</w>
         <c> </c>
         <w xml:id="oar96-183010"
            n="72-a-0290"
            ecep:lem="here"
            ecep:pos="av"
            ecep:reg="here"
            ecep:spe="here"
            ecep:syllab="1"
            ecep:pron="hɪə">here</w>
         <c> </c>
         <w xml:id="oar96-183020"
            n="72-a-0300"
            ecep:lem="invent"
            ecep:pos="vvi"
            ecep:reg="invent"
            ecep:spe="invent"
            ecep:syllab="2"
            ecep:pron="ɪnˈvent">invent</w>
         <c> </c>
         <w xml:id="oar96-183030"
            n="72-a-0310"
            ecep:lem="for"
            ecep:pos="p-acp"
            ecep:reg="for"
            ecep:spe="for"
            ecep:syllab="1"
            ecep:pron="fɔː">for</w>
         <c> </c>
         <w xml:id="oar96-183040"
            n="72-a-0320"
            ecep:lem="thou"
            ecep:pos="pno21"
            ecep:reg="thee"
            ecep:spe="thee"
            ecep:syllab="1"
            ecep:pron="ðiː">thee</w>
         <pc xml:id="oar96-183050"
             n="72-a-0330"
             unit="sentence"
             ecep:lem="."
             ecep:pos="."
             ecep:reg="."
             ecep:spe=".">.</pc>
         <c> </c>
      </l>
   </lg>
   <lg n="2" xml:id="oar96-s00795">
      <head>
         <w xml:id="oar96-183090"
            n="72-a-0340"
            ecep:lem="ii"
            ecep:pos="crd"
            ecep:reg="II"
            ecep:spe="II"
            ecep:syllab="1"
            ecep:pron="rˌəʊməntˈuː">II</w>
         <pc xml:id="oar96-183100"
             n="72-a-0350"
             unit="sentence"
             ecep:lem="."
             ecep:pos="."
             ecep:reg="."
             ecep:spe=".">.</pc>
      </head>
      <l xml:id="oar96-l08560">
         <w xml:id="oar96-183120"
            n="72-a-0360"
            ecep:lem="involve"
            ecep:pos="vvn"
            ecep:reg="Involved"
            ecep:spe="Involv'd"
            ecep:syllab="2"
            ecep:pron="ɪnˈvɒlvd">Involv'd</w>
         <c> </c>
         <w xml:id="oar96-183130"
            n="72-a-0370"
            ecep:lem="in"
            ecep:pos="p-acp"
            ecep:reg="in"
            ecep:spe="in"
            ecep:syllab="1"
            ecep:pron="ɪn">in</w>
         <c> </c>
         <hi>
            <w xml:id="oar96-183140"
               n="72-a-0380"
               ecep:lem="blissful"
               ecep:pos="j"
               ecep:reg="blissful"
               ecep:spe="blissful"
               ecep:syllab="2"
               ecep:pron="ˈblɪsfʊl">blissful</w>
            <c> </c>
            <w xml:id="oar96-183150"
               n="72-a-0390"
               ecep:lem="innocence"
               ecep:pos="n1"
               ecep:reg="innocence"
               ecep:spe="innocence"
               ecep:syllab="3"
               ecep:pron="ˈɪnəsəns">innocence</w>
         </hi>
      </l>
      <l xml:id="oar96-l08565">
         <c> </c>
         <w xml:id="oar96-183160"
            n="72-a-0400"
            ecep:lem="we|will"
            ecep:pos="pns12|vmb"
            ecep:reg="We'll"
            ecep:spe="Wee'l"
            ecep:syllab="1"
            ecep:pron="wˈiːl">Wee'l</w>
         <c> </c>
         <w xml:id="oar96-183170"
            n="72-a-0410"
            ecep:lem="spend"
            ecep:pos="vvi"
            ecep:reg="spend"
            ecep:spe="spend"
            ecep:syllab="1"
            ecep:pron="spend">spend</w>
         <c> </c>
         <w xml:id="oar96-183180"
            n="72-a-0420"
            ecep:lem="the"
            ecep:pos="dt"
            ecep:reg="the"
            ecep:spe="the"
            ecep:syllab="1"
            ecep:pron="ðə">the</w>
         <c> </c>
         <w xml:id="oar96-183190"
            n="72-a-0430"
            ecep:lem="shine"
            ecep:pos="j-vvg"
            ecep:reg="shining"
            ecep:spe="shining"
            ecep:syllab="2"
            ecep:pron="ˈʃaɪnɪŋ">shining</w>
         <c> </c>
         <w xml:id="oar96-183200"
            n="72-a-0440"
            ecep:lem="day"
            ecep:pos="n1"
            ecep:reg="day"
            ecep:spe="day"
            ecep:syllab="1"
            ecep:pron="deɪ">day</w>
         <pc xml:id="oar96-183210"
             n="72-a-0450"
             ecep:lem=","
             ecep:pos=","
             ecep:reg=","
             ecep:spe=",">,</pc>
      </l>
      <l xml:id="oar96-l08570">
         <c> </c>
         <w xml:id="oar96-183220"
            n="72-a-0460"
            ecep:lem="untouched"
            ecep:pos="j"
            ecep:reg="Untouched"
            ecep:spe="Untoucht"
            ecep:syllab="2"
            ecep:pron="ʌntˈʌtʃt">Untoucht</w>
         <c> </c>
         <w xml:id="oar96-183230"
            n="72-a-0470"
            ecep:lem="with"
            ecep:pos="p-acp"
            ecep:reg="with"
            ecep:spe="with"
            ecep:syllab="1"
            ecep:pron="wɪð">with</w>
         <c> </c>
         <w xml:id="oar96-183240"
            n="72-a-0480"
            ecep:lem="that"
            ecep:pos="d"
            ecep:reg="that"
            ecep:spe="that"
            ecep:syllab="1"
            ecep:pron="ðæt">that</w>
         <c> </c>
         <w xml:id="oar96-183250"
            n="72-a-0490"
            ecep:lem="mean"
            ecep:pos="j"
            ecep:reg="mean"
            ecep:spe="mean"
            ecep:syllab="1"
            ecep:pron="miːn">mean</w>
         <c> </c>
         <w xml:id="oar96-183260"
            n="72-a-0500"
            ecep:lem="influence"
            ecep:pos="n1"
            ecep:reg="influence"
            ecep:spe="influence"
            ecep:syllab="3"
            ecep:pron="ˈɪnflʊəns">influence</w>
      </l>
      <l xml:id="oar96-l08575">
         <c> </c>
         <w xml:id="oar96-183270"
            n="72-a-0510"
            ecep:lem="the"
            ecep:pos="dt"
            ecep:reg="The"
            ecep:spe="The"
            ecep:syllab="1"
            ecep:pron="ðə">The</w>
         <c> </c>
         <w xml:id="oar96-183280"
            n="72-a-0520"
            ecep:lem="dull"
            ecep:pos="jc"
            ecep:reg="duller"
            ecep:spe="duller"
            ecep:syllab="2"
            ecep:pron="ˈdʌlə">duller</w>
         <c> </c>
         <w xml:id="oar96-183290"
            n="72-a-0530"
            ecep:lem="world"
            ecep:pos="n1"
            ecep:reg="world"
            ecep:spe="world"
            ecep:syllab="1"
            ecep:pron="wɜːld">world</w>
         <c> </c>
         <w xml:id="oar96-183300"
            n="72-a-0540"
            ecep:lem="obey"
            ecep:pos="vvi"
            ecep:reg="obey"
            ecep:spe="obey"
            ecep:syllab="2"
            ecep:pron="əˈbeɪ">obey</w>
         <pc xml:id="oar96-183310"
             n="72-a-0550"
             unit="sentence"
             ecep:lem="."
             ecep:pos="."
             ecep:reg="."
             ecep:spe=".">.</pc>
         <c> </c>
      </l>
   </lg>
   <lg n="3" xml:id="oar96-s00800">
      <head>
         <w xml:id="oar96-183350"
            n="72-a-0560"
            ecep:lem="iii"
            ecep:pos="crd"
            ecep:reg="III"
            ecep:spe="III"
            ecep:syllab="1"
            ecep:pron="rˌəʊmənθrˈiː">III</w>
         <pc xml:id="oar96-183360"
             n="72-a-0570"
             unit="sentence"
             ecep:lem="."
             ecep:pos="."
             ecep:reg="."
             ecep:spe=".">.</pc>
      </head>
      <l xml:id="oar96-l08580">
         <w xml:id="oar96-183380"
            n="72-a-0580"
            ecep:lem="about"
            ecep:pos="p-acp"
            ecep:reg="About"
            ecep:spe="About"
            ecep:syllab="2"
            ecep:pron="əˈbaʊt">About</w>
         <c> </c>
         <w xml:id="oar96-183390"
            n="72-a-0590"
            ecep:lem="the"
            ecep:pos="dt"
            ecep:reg="the"
            ecep:spe="the"
            ecep:syllab="1"
            ecep:pron="ðə">the</w>
         <c> </c>
         <w xml:id="oar96-183400"
            n="72-a-0600"
            ecep:lem="flowery"
            ecep:pos="j"
            ecep:reg="flowery"
            ecep:spe="flowry"
            ecep:syllab="2"
            ecep:pron="flˈəʊri">flowry</w>
         <c> </c>
         <w xml:id="oar96-183410"
            n="72-a-0610"
            ecep:lem="plain"
            ecep:pos="n2"
            ecep:reg="Plains"
            ecep:spe="Plains"
            ecep:syllab="1"
            ecep:pron="pleɪnz">Plains</w>
         <c> </c>
         <w xml:id="oar96-183420"
            n="72-a-0620"
            ecep:lem="we|will"
            ecep:pos="pns12|vmb"
            ecep:reg="we'll"
            ecep:spe="wee'l"
            ecep:syllab="1"
            ecep:pron="wˈiːl">wee'l</w>
         <c> </c>
         <w xml:id="oar96-183430"
            n="72-a-0630"
            ecep:lem="rove"
            ecep:pos="vvi"
            ecep:reg="rove"
            ecep:spe="rove"
            ecep:syllab="1"
            ecep:pron="rəʊv">rove</w>
         <pc xml:id="oar96-183440"
             n="72-a-0640"
             ecep:lem=","
             ecep:pos=","
             ecep:reg=","
             ecep:spe=",">,</pc>
      </l>
      <l xml:id="oar96-l08585">
         <c> </c>
         <w xml:id="oar96-183450"
            n="72-a-0650"
            ecep:lem="as"
            ecep:pos="c-acp"
            ecep:reg="As"
            ecep:spe="As"
            ecep:syllab="1"
            ecep:pron="æz">As</w>
         <c> </c>
         <w xml:id="oar96-183460"
            n="72-a-0660"
            ecep:lem="gay"
            ecep:pos="j"
            ecep:reg="gay"
            ecep:spe="gay"
            ecep:syllab="1"
            ecep:pron="geɪ">gay</w>
         <c> </c>
         <w xml:id="oar96-183470"
            n="72-a-0670"
            ecep:lem="and"
            ecep:pos="cc"
            ecep:reg="and"
            ecep:spe="and"
            ecep:syllab="1"
            ecep:pron="ænd">and</w>
         <c> </c>
         <w xml:id="oar96-183480"
            n="72-a-0680"
            ecep:lem="unconfined"
            ecep:pos="j"
            ecep:reg="unconfined"
            ecep:spe="unconsin'd"
            ecep:syllab="3"
            ecep:pron="ʌnkənsˈɪnd">unconsin'd</w>
         <pc xml:id="oar96-183490"
             n="72-a-0690"
             ecep:lem=":"
             ecep:pos=":"
             ecep:reg=":"
             ecep:spe=":">:</pc>
      </l>
      <l xml:id="oar96-l08590">
         <c> </c>
         <w xml:id="oar96-183500"
            n="72-a-0700"
            ecep:lem="as"
            ecep:pos="a-acp"
            ecep:reg="As"
            ecep:spe="As"
            ecep:syllab="1"
            ecep:pron="æz">As</w>
         <c> </c>
         <w xml:id="oar96-183510"
            n="72-a-0710"
            ecep:lem="be"
            ecep:pos="vbr"
            ecep:reg="are"
            ecep:spe="are"
            ecep:syllab="1"
            ecep:pron="ɑː">are</w>
         <c> </c>
         <w xml:id="oar96-183520"
            n="72-a-0720"
            ecep:lem="inspire"
            ecep:pos="vvn"
            ecep:reg="inspired"
            ecep:spe="inspir'd"
            ecep:syllab="2"
            ecep:pron="ɪnˈspaɪəd">inspir'd</w>
         <c> </c>
         <w xml:id="oar96-183530"
            n="72-a-0730"
            ecep:lem="by"
            ecep:pos="p-acp"
            ecep:reg="by"
            ecep:spe="by"
            ecep:syllab="1"
            ecep:pron="baɪ">by</w>
         <c> </c>
         <w xml:id="oar96-183540"
            n="72-a-0740"
            ecep:lem="thou"
            ecep:pos="pno21"
            ecep:reg="thee"
            ecep:spe="thee"
            ecep:syllab="1"
            ecep:pron="ðiː">thee</w>
         <c> </c>
         <w xml:id="oar96-183550"
            n="72-a-0750"
            ecep:lem="and"
            ecep:pos="cc"
            ecep:reg="and"
            ecep:spe="and"
            ecep:syllab="1"
            ecep:pron="ænd">and</w>
         <c> </c>
         <w xml:id="oar96-183560"
            n="72-a-0760"
            ecep:lem="love"
            ecep:pos="vvi"
            ecep:reg="love"
            ecep:spe="love"
            ecep:syllab="1"
            ecep:pron="lʌv">love</w>
      </l>
      <l xml:id="oar96-l08595">
         <c> </c>
         <w xml:id="oar96-183570"
            n="72-a-0770"
            ecep:lem="the"
            ecep:pos="dt"
            ecep:reg="The"
            ecep:spe="The"
            ecep:syllab="1"
            ecep:pron="ðə">The</w>
         <c> </c>
         <w xml:id="oar96-183580"
            n="72-a-0780"
            ecep:lem="saleys"
            ecep:pos="fw-la"
            ecep:reg="saleys"
            ecep:spe="saleys"
            ecep:syllab="2"
            ecep:pron="sˈeɪlɪz">saleys</w>
         <c> </c>
         <w xml:id="oar96-183590"
            n="72-a-0790"
            ecep:lem="of"
            ecep:pos="pp-f"
            ecep:reg="of"
            ecep:spe="of"
            ecep:syllab="1"
            ecep:pron="ɒv">of</w>
         <c> </c>
         <w xml:id="oar96-183600"
            n="72-a-0800"
            ecep:lem="my"
            ecep:pos="po11"
            ecep:reg="my"
            ecep:spe="my"
            ecep:syllab="1"
            ecep:pron="maɪ">my</w>
         <c> </c>
         <w xml:id="oar96-183610"
            n="72-a-0810"
            ecep:lem="mind"
            ecep:pos="n1"
            ecep:reg="mind"
            ecep:spe="mind"
            ecep:syllab="1"
            ecep:pron="maɪnd">mind</w>
         <pc xml:id="oar96-183620"
             n="72-a-0820"
             unit="sentence"
             ecep:lem="."
             ecep:pos="."
             ecep:reg="."
             ecep:spe=".">.</pc>
         <c> </c>
      </l>
   </lg>
   <pb facs="72" n="47" rend="none"/>
   <lg n="4" xml:id="oar96-s00805">
      <head>
         <w xml:id="oar96-183660"
            n="72-b-0010"
            ecep:lem="iv"
            ecep:pos="crd"
            ecep:reg="IV"
            ecep:spe="IV"
            ecep:syllab="1"
            ecep:pron="rˌəʊmənfˈɔː">IV</w>
         <pc xml:id="oar96-183670"
             n="72-b-0020"
             unit="sentence"
             ecep:lem="."
             ecep:pos="."
             ecep:reg="."
             ecep:spe=".">.</pc>
      </head>
      <l xml:id="oar96-l08600">
         <w xml:id="oar96-183690"
            n="72-b-0030"
            ecep:lem="now"
            ecep:pos="av"
            ecep:reg="Now"
            ecep:spe="Now"
            ecep:syllab="1"
            ecep:pron="naʊ">Now</w>
         <c> </c>
         <w xml:id="oar96-183700"
            n="72-b-0040"
            ecep:lem="seat"
            ecep:pos="vvn"
            ecep:reg="seated"
            ecep:spe="seated"
            ecep:syllab="2"
            ecep:pron="ˈsiːtɪd">seated</w>
         <c> </c>
         <w xml:id="oar96-183710"
            n="72-b-0050"
            ecep:lem="by"
            ecep:pos="p-acp"
            ecep:reg="by"
            ecep:spe="by"
            ecep:syllab="1"
            ecep:pron="baɪ">by</w>
         <c> </c>
         <w xml:id="oar96-183720"
            n="72-b-0060"
            ecep:lem="a"
            ecep:pos="dt"
            ecep:reg="a"
            ecep:spe="a"
            ecep:syllab="1"
            ecep:pron="ə">a</w>
         <c> </c>
         <w xml:id="oar96-183730"
            n="72-b-0070"
            ecep:lem="lovely"
            ecep:pos="j"
            ecep:reg="lovely"
            ecep:spe="lovely"
            ecep:syllab="2"
            ecep:pron="ˈlʌvlɪ">lovely</w>
         <c> </c>
         <w xml:id="oar96-183740"
            n="72-b-0080"
            ecep:lem="stream"
            ecep:pos="n1"
            ecep:reg="Stream"
            ecep:spe="Stream"
            ecep:syllab="1"
            ecep:pron="striːm">Stream</w>
         <pc xml:id="oar96-183750"
             n="72-b-0090"
             ecep:lem=","
             ecep:pos=","
             ecep:reg=","
             ecep:spe=",">,</pc>
      </l>
      <l xml:id="oar96-l08605">
         <c> </c>
         <w xml:id="oar96-183760"
            n="72-b-0100"
            ecep:lem="where"
            ecep:pos="q-crq"
            ecep:reg="Where"
            ecep:spe="Where"
            ecep:syllab="1"
            ecep:pron="weə">Where</w>
         <c> </c>
         <w xml:id="oar96-183770"
            n="72-b-0110"
            ecep:lem="beauteous"
            ecep:pos="j"
            ecep:reg="beauteous"
            ecep:spe="beauteous"
            ecep:syllab="3"
            ecep:pron="ˈbjuːtɪəs">beauteous</w>
         <c> </c>
         <w xml:id="oar96-183780"
            n="72-b-0120"
            ecep:lem="mermaid"
            ecep:pos="n2"
            ecep:reg="Mermaids"
            ecep:spe="Mermaids"
            ecep:syllab="2"
            ecep:pron="ˈmɜːmeɪdz">Mermaids</w>
         <c> </c>
         <w xml:id="oar96-183790"
            n="72-b-0130"
            ecep:lem="haunt"
            ecep:pos="vvi"
            ecep:reg="haunt"
            ecep:spe="haunt"
            ecep:syllab="1"
            ecep:pron="hɔːnt">haunt</w>
         <pc xml:id="oar96-183800"
             n="72-b-0140"
             ecep:lem=";"
             ecep:pos=";"
             ecep:reg=";"
             ecep:spe=";">;</pc>
      </l>
      <l xml:id="oar96-l08610">
         <c> </c>
         <w xml:id="oar96-183810"
            n="72-b-0150"
            ecep:lem="my"
            ecep:pos="po11"
            ecep:reg="My"
            ecep:spe="My"
            ecep:syllab="1"
            ecep:pron="maɪ">My</w>
         <c> </c>
         <w xml:id="oar96-183820"
            n="72-b-0160"
            ecep:lem="song"
            ecep:pos="n1"
            ecep:reg="Song"
            ecep:spe="Song"
            ecep:syllab="1"
            ecep:pron="sɒŋ">Song</w>
         <c> </c>
         <w xml:id="oar96-183830"
            n="72-b-0170"
            ecep:lem="while"
            ecep:pos="cs"
            ecep:reg="while"
            ecep:spe="while"
            ecep:syllab="1"
            ecep:pron="waɪl">while</w>
         <c> </c>
         <hi>
            <w xml:id="oar96-183840"
               n="72-b-0180"
               ecep:lem="William"
               ecep:pos="np1"
               ecep:reg="William"
               ecep:spe="William"
               ecep:syllab="2"
               ecep:pron="ˈwɪljəm">William</w>
         </hi>
         <c> </c>
         <w xml:id="oar96-183850"
            n="72-b-0190"
            ecep:lem="be"
            ecep:pos="vbz"
            ecep:reg="is"
            ecep:spe="is"
            ecep:syllab="1"
            ecep:pron="ɪz">is</w>
         <c> </c>
         <w xml:id="oar96-183860"
            n="72-b-0200"
            ecep:lem="my"
            ecep:pos="po11"
            ecep:reg="my"
            ecep:spe="my"
            ecep:syllab="1"
            ecep:pron="maɪ">my</w>
         <c> </c>
         <w xml:id="oar96-183870"
            n="72-b-0210"
            ecep:lem="theam"
            ecep:pos="fw-la"
            ecep:reg="Theam"
            ecep:spe="Theam"
            ecep:syllab="1"
            ecep:pron="θˈiːm">Theam</w>
         <pc xml:id="oar96-183880"
             n="72-b-0220"
             ecep:lem=","
             ecep:pos=","
             ecep:reg=","
             ecep:spe=",">,</pc>
      </l>
      <l xml:id="oar96-l08615">
         <c> </c>
         <w xml:id="oar96-183890"
            n="72-b-0230"
            ecep:lem="shall"
            ecep:pos="vmb"
            ecep:reg="Shall"
            ecep:spe="Shall"
            ecep:syllab="1"
            ecep:pron="ʃæl">Shall</w>
         <c> </c>
         <w xml:id="oar96-183900"
            n="72-b-0240"
            ecep:lem="they"
            ecep:pos="pno32"
            ecep:reg="them"
            ecep:spe="them"
            ecep:syllab="1"
            ecep:pron="ðem">them</w>
         <c> </c>
         <w xml:id="oar96-183910"
            n="72-b-0250"
            ecep:lem="and"
            ecep:pos="cc"
            ecep:reg="and"
            ecep:spe="and"
            ecep:syllab="1"
            ecep:pron="ænd">and</w>
         <c> </c>
         <w xml:id="oar96-183920"
            n="72-b-0260"
            ecep:lem="thou"
            ecep:pos="pno21"
            ecep:reg="thee"
            ecep:spe="thee"
            ecep:syllab="1"
            ecep:pron="ðiː">thee</w>
         <c> </c>
         <w xml:id="oar96-183930"
            n="72-b-0270"
            ecep:lem="inchant"
            ecep:pos="vvb"
            ecep:reg="inchant"
            ecep:spe="inchant"
            ecep:syllab="2"
            ecep:pron="ˈɪntʃənt">inchant</w>
         <pc xml:id="oar96-183940"
             n="72-b-0280"
             unit="sentence"
             ecep:lem="."
             ecep:pos="."
             ecep:reg="."
             ecep:spe=".">.</pc>
         <c> </c>
      </l>
   </lg>
   <lg n="5" xml:id="oar96-s00810">
      <head>
         <w xml:id="oar96-183980"
            n="72-b-0290"
            ecep:lem="v."
            ecep:pos="crd"
            ecep:reg="V"
            ecep:spe="V."
            ecep:syllab="1"
            ecep:pron="viː">V.</w>
         <pc unit="sentence" xml:id="oar96-183980-eos" n="72-b-0300"/>
      </head>
      <l xml:id="oar96-l08620">
         <w xml:id="oar96-184000"
            n="72-b-0310"
            ecep:lem="then"
            ecep:pos="av"
            ecep:reg="Then"
            ecep:spe="Then"
            ecep:syllab="1"
            ecep:pron="ðen">Then</w>
         <c> </c>
         <w xml:id="oar96-184010"
            n="72-b-0320"
            ecep:lem="in"
            ecep:pos="p-acp"
            ecep:reg="in"
            ecep:spe="in"
            ecep:syllab="1"
            ecep:pron="ɪn">in</w>
         <c> </c>
         <w xml:id="oar96-184020"
            n="72-b-0330"
            ecep:lem="some"
            ecep:pos="d"
            ecep:reg="some"
            ecep:spe="some"
            ecep:syllab="1"
            ecep:pron="sʌm">some</w>
         <c> </c>
         <w xml:id="oar96-184030"
            n="72-b-0340"
            ecep:lem="gentle"
            ecep:pos="j-jn"
            ecep:reg="gentle"
            ecep:spe="gentle"
            ecep:syllab="2"
            ecep:pron="ˈdʒentl">gentle</w>
         <c> </c>
         <w xml:id="oar96-184040"
            n="72-b-0350"
            ecep:lem="soft"
            ecep:pos="j"
            ecep:reg="soft"
            ecep:spe="soft"
            ecep:syllab="1"
            ecep:pron="sɒft">soft</w>
         <c> </c>
         <w xml:id="oar96-184050"
            n="72-b-0360"
            ecep:lem="retreat"
            ecep:pos="n1"
            ecep:reg="retreat"
            ecep:spe="retreat"
            ecep:syllab="2"
            ecep:pron="rɪˈtriːt">retreat</w>
         <pc xml:id="oar96-184060"
             n="72-b-0370"
             ecep:lem=";"
             ecep:pos=";"
             ecep:reg=";"
             ecep:spe=";">;</pc>
      </l>
      <l xml:id="oar96-l08625">
         <c> </c>
         <hi>
            <w xml:id="oar96-184070"
               n="72-b-0380"
               ecep:lem="secure"
               ecep:pos="vvb"
               ecep:reg="Secure"
               ecep:spe="Secure"
               ecep:syllab="2"
               ecep:pron="sɪˈkjʊə">Secure</w>
            <c> </c>
            <w xml:id="oar96-184080"
               n="72-b-0390"
               ecep:lem="as"
               ecep:pos="p-acp"
               ecep:reg="as"
               ecep:spe="as"
               ecep:syllab="1"
               ecep:pron="æz">as</w>
         </hi>
         <c> </c>
         <w xml:id="oar96-184090"
            n="72-b-0400"
            ecep:lem="Venus"
            ecep:pos="np1"
            ecep:reg="Venus"
            ecep:spe="Venus"
            ecep:syllab="2"
            ecep:pron="ˈviːnəs">Venus</w>
         <c> </c>
         <hi>
            <w xml:id="oar96-184100"
               n="72-b-0410"
               ecep:lem="groves"
               ecep:pos="n1"
               ecep:reg="Groves"
               ecep:spe="Groves"
               ecep:syllab="1"
               ecep:pron="grəʊvz">Groves</w>
            <pc xml:id="oar96-184110"
                n="72-b-0420"
                ecep:lem=","
                ecep:pos=","
                ecep:reg=","
                ecep:spe=",">,</pc>
         </hi>
      </l>
      <l xml:id="oar96-l08630">
         <c> </c>
         <w xml:id="oar96-184120"
            n="72-b-0430"
            ecep:lem="we|will"
            ecep:pos="pns12|vmb"
            ecep:reg="We'll"
            ecep:spe="We'l"
            ecep:syllab="1"
            ecep:pron="wˈel">We'l</w>
         <c> </c>
         <w xml:id="oar96-184130"
            n="72-b-0440"
            ecep:lem="all"
            ecep:pos="d"
            ecep:reg="all"
            ecep:spe="all"
            ecep:syllab="1"
            ecep:pron="ɔːl">all</w>
         <c> </c>
         <w xml:id="oar96-184140"
            n="72-b-0450"
            ecep:lem="the"
            ecep:pos="dt"
            ecep:reg="the"
            ecep:spe="the"
            ecep:syllab="1"
            ecep:pron="ðə">the</w>
         <c> </c>
         <w xml:id="oar96-184150"
            n="72-b-0460"
            ecep:lem="charm"
            ecep:pos="j-vvg"
            ecep:reg="charming"
            ecep:spe="charming"
            ecep:syllab="2"
            ecep:pron="ˈtʃɑːmɪŋ">charming</w>
         <c> </c>
         <w xml:id="oar96-184160"
            n="72-b-0470"
            ecep:lem="thing"
            ecep:pos="n2"
            ecep:reg="things"
            ecep:spe="things"
            ecep:syllab="1"
            ecep:pron="θɪŋz">things</w>
         <c> </c>
         <w xml:id="oar96-184170"
            n="72-b-0480"
            ecep:lem="repeat"
            ecep:pos="vvi"
            ecep:reg="repeat"
            ecep:spe="repeat"
            ecep:syllab="2"
            ecep:pron="rɪˈpiːt">repeat</w>
         <pc xml:id="oar96-184180"
             n="72-b-0490"
             ecep:lem=","
             ecep:pos=","
             ecep:reg=","
             ecep:spe=",">,</pc>
      </l>
      <l xml:id="oar96-l08635">
         <c> </c>
         <w xml:id="oar96-184190"
            n="72-b-0500"
            ecep:lem="that"
            ecep:pos="cst"
            ecep:reg="That"
            ecep:spe="That"
            ecep:syllab="1"
            ecep:pron="ðæt">That</w>
         <c> </c>
         <w xml:id="oar96-184200"
            n="72-b-0510"
            ecep:lem="introduuce"
            ecep:pos="vvd"
            ecep:reg="introduuced"
            ecep:spe="introduuc'd"
            ecep:syllab="3"
            ecep:pron="ˌɪntrədˈʌʌkd">introduuc'd</w>
         <c> </c>
         <w xml:id="oar96-184210"
            n="72-b-0520"
            ecep:lem="our"
            ecep:pos="po12"
            ecep:reg="our"
            ecep:spe="our"
            ecep:syllab="2"
            ecep:pron="aʊə">our</w>
         <c> </c>
         <w xml:id="oar96-184220"
            n="72-b-0530"
            ecep:lem="love"
            ecep:pos="n2"
            ecep:reg="loves"
            ecep:spe="loves"
            ecep:syllab="1"
            ecep:pron="lʌvz">loves</w>
         <pc xml:id="oar96-184230"
             n="72-b-0540"
             unit="sentence"
             ecep:lem="."
             ecep:pos="."
             ecep:reg="."
             ecep:spe=".">.</pc>
         <c> </c>
      </l>
   </lg>
   <lg n="6" xml:id="oar96-s00815">
      <head>
         <w xml:id="oar96-184270"
            n="72-b-0550"
            ecep:lem="vi"
            ecep:pos="crd"
            ecep:reg="VI"
            ecep:spe="VI"
            ecep:syllab="1"
            ecep:pron="ˈvaɪ">VI</w>
         <pc xml:id="oar96-184280"
             n="72-b-0560"
             unit="sentence"
             ecep:lem="."
             ecep:pos="."
             ecep:reg="."
             ecep:spe=".">.</pc>
      </head>
      <l xml:id="oar96-l08640">
         <w xml:id="oar96-184300"
            n="72-b-0570"
            ecep:lem="i|will"
            ecep:pos="pns11|vmb"
            ecep:reg="I'll"
            ecep:spe="I'le"
            ecep:syllab="1"
            ecep:pron="aɪlˈe">I'le</w>
         <c> </c>
         <w xml:id="oar96-184310"
            n="72-b-0580"
            ecep:lem="pluck"
            ecep:pos="vvb"
            ecep:reg="pluck"
            ecep:spe="pluck"
            ecep:syllab="1"
            ecep:pron="plʌk">pluck</w>
         <c> </c>
         <w xml:id="oar96-184320"
            n="72-b-0590"
            ecep:lem="fresh"
            ecep:pos="j"
            ecep:reg="fresh"
            ecep:spe="fresh"
            ecep:syllab="1"
            ecep:pron="freʃ">fresh</w>
         <c> </c>
         <w xml:id="oar96-184330"
            n="72-b-0600"
            ecep:lem="garland"
            ecep:pos="n2"
            ecep:reg="Garlands"
            ecep:spe="Garlands"
            ecep:syllab="2"
            ecep:pron="ˈgɑːləndz">Garlands</w>
         <c> </c>
         <w xml:id="oar96-184340"
            n="72-b-0610"
            ecep:lem="for"
            ecep:pos="p-acp"
            ecep:reg="for"
            ecep:spe="for"
            ecep:syllab="1"
            ecep:pron="fɔː">for</w>
         <c> </c>
         <w xml:id="oar96-184350"
            n="72-b-0620"
            ecep:lem="thy"
            ecep:pos="po21"
            ecep:reg="thy"
            ecep:spe="thy"
            ecep:syllab="1"
            ecep:pron="ðaɪ">thy</w>
         <c> </c>
         <w xml:id="oar96-184360"
            n="72-b-0630"
            ecep:lem="brow"
            ecep:pos="n2"
            ecep:reg="brows"
            ecep:spe="brows"
            ecep:syllab="1"
            ecep:pron="braʊz">brows</w>
         <pc xml:id="oar96-184370"
             n="72-b-0640"
             ecep:lem=","
             ecep:pos=","
             ecep:reg=","
             ecep:spe=",">,</pc>
      </l>
      <l xml:id="oar96-l08645">
         <c> </c>
         <hi>
            <w xml:id="oar96-184380"
               n="72-b-0650"
               ecep:lem="sweet"
               ecep:pos="j"
               ecep:reg="Sweet"
               ecep:spe="Sweet"
               ecep:syllab="1"
               ecep:pron="swiːt">Sweet</w>
            <c> </c>
            <w xml:id="oar96-184390"
               n="72-b-0660"
               ecep:lem="as"
               ecep:pos="c-acp"
               ecep:reg="as"
               ecep:spe="as"
               ecep:syllab="1"
               ecep:pron="æz">as</w>
            <c> </c>
            <w xml:id="oar96-184400"
               n="72-b-0670"
               ecep:lem="a"
               ecep:pos="dt"
               ecep:reg="a"
               ecep:spe="a"
               ecep:syllab="1"
               ecep:pron="ə">a</w>
         </hi>
         <c> </c>
         <w xml:id="oar96-184410"
            n="72-b-0680"
            ecep:lem="zephir"
            ecep:pos="n2"
            ecep:reg="Zephirs"
            ecep:spe="Zephirs"
            ecep:syllab="2"
            ecep:pron="zˈefiəz">Zephirs</w>
         <c> </c>
         <hi>
            <w xml:id="oar96-184420"
               n="72-b-0690"
               ecep:lem="breath"
               ecep:pos="n1"
               ecep:reg="breath"
               ecep:spe="breath"
               ecep:syllab="1"
               ecep:pron="breθ">breath</w>
            <pc xml:id="oar96-184430"
                n="72-b-0700"
                unit="sentence"
                ecep:lem="."
                ecep:pos="."
                ecep:reg="."
                ecep:spe=".">.</pc>
            <c> </c>
         </hi>
      </l>
      <l xml:id="oar96-l08650">
         <w xml:id="oar96-184440"
            n="72-b-0710"
            ecep:lem="as"
            ecep:pos="p-acp"
            ecep:reg="As"
            ecep:spe="As"
            ecep:syllab="1"
            ecep:pron="æz">As</w>
         <c> </c>
         <w xml:id="oar96-184450"
            n="72-b-0720"
            ecep:lem="fair"
            ecep:pos="j"
            ecep:reg="fair"
            ecep:spe="fair"
            ecep:syllab="1"
            ecep:pron="feə">fair</w>
         <c> </c>
         <w xml:id="oar96-184460"
            n="72-b-0730"
            ecep:lem="and"
            ecep:pos="cc"
            ecep:reg="and"
            ecep:spe="and"
            ecep:syllab="1"
            ecep:pron="ænd">and</w>
         <c> </c>
         <w xml:id="oar96-184470"
            n="72-b-0740"
            ecep:lem="well"
            ecep:pos="av"
            ecep:reg="well"
            ecep:spe="well"
            ecep:syllab="1"
            ecep:pron="wel">well</w>
         <c> </c>
         <w xml:id="oar96-184480"
            n="72-b-0750"
            ecep:lem="design"
            ecep:pos="vvn"
            ecep:reg="designed"
            ecep:spe="design'd"
            ecep:syllab="2"
            ecep:pron="diˈzaɪnd">design'd</w>
         <c> </c>
         <w xml:id="oar96-184490"
            n="72-b-0760"
            ecep:lem="as"
            ecep:pos="p-acp"
            ecep:reg="as"
            ecep:spe="as"
            ecep:syllab="1"
            ecep:pron="æz">as</w>
         <c> </c>
         <w xml:id="oar96-184500"
            n="72-b-0770"
            ecep:lem="those"
            ecep:pos="d"
            ecep:reg="those"
            ecep:spe="those"
            ecep:syllab="1"
            ecep:pron="ðəʊz">those</w>
      </l>
      <l xml:id="oar96-l08655">
         <c> </c>
         <w xml:id="oar96-184510"
            n="72-b-0780"
            ecep:lem="the"
            ecep:pos="dt"
            ecep:reg="The"
            ecep:spe="The"
            ecep:syllab="1"
            ecep:pron="ðə">The</w>
         <c> </c>
         <w xml:id="oar96-184520"
            n="72-b-0790"
            ecep:lem="elisyum"
            ecep:pos="fw-la"
            ecep:reg="Elisyum"
            ecep:spe="Elisyum"
            ecep:syllab="3"
            ecep:pron="ɪlˈɪsɪəm">Elisyum</w>
         <c> </c>
         <w xml:id="oar96-184530"
            n="72-b-0800"
            ecep:lem="lover"
            ecep:pos="n2"
            ecep:reg="Lovers"
            ecep:spe="Lovers"
            ecep:syllab="2"
            ecep:pron="ˈlʌvəz">Lovers</w>
         <c> </c>
         <w xml:id="oar96-184540"
            n="72-b-0810"
            ecep:lem="wreath"
            ecep:pos="n1"
            ecep:reg="wreathe"
            ecep:spe="wreath"
            ecep:syllab="1"
            ecep:pron="riːθ">wreath</w>
         <pc xml:id="oar96-184550"
             n="72-b-0820"
             unit="sentence"
             ecep:lem="."
             ecep:pos="."
             ecep:reg="."
             ecep:spe=".">.</pc>
         <c> </c>
      </l>
   </lg>
   <lg n="7" xml:id="oar96-s00820">
      <head>
         <w xml:id="oar96-184590"
            n="72-b-0830"
            ecep:lem="vii"
            ecep:pos="crd"
            ecep:reg="VII"
            ecep:spe="VII"
            ecep:syllab="1"
            ecep:pron="rˌəʊmənsˈevən">VII</w>
         <pc xml:id="oar96-184600"
             n="72-b-0840"
             unit="sentence"
             ecep:lem="."
             ecep:pos="."
             ecep:reg="."
             ecep:spe=".">.</pc>
      </head>
      <l xml:id="oar96-l08660">
         <w xml:id="oar96-184620"
            n="72-b-0850"
            ecep:lem="and"
            ecep:pos="cc"
            ecep:reg="And"
            ecep:spe="And"
            ecep:syllab="1"
            ecep:pron="ænd">And</w>
         <c> </c>
         <w xml:id="oar96-184630"
            n="72-b-0860"
            ecep:lem="like"
            ecep:pos="av-j"
            ecep:reg="like"
            ecep:spe="like"
            ecep:syllab="1"
            ecep:pron="laɪk">like</w>
         <c> </c>
         <w xml:id="oar96-184640"
            n="72-b-0870"
            ecep:lem="those"
            ecep:pos="d"
            ecep:reg="those"
            ecep:spe="those"
            ecep:syllab="1"
            ecep:pron="ðəʊz">those</w>
         <c> </c>
         <w xml:id="oar96-184650"
            n="72-b-0880"
            ecep:lem="happy"
            ecep:pos="j"
            ecep:reg="happy"
            ecep:spe="happy"
            ecep:syllab="2"
            ecep:pron="ˈhæpɪ">happy</w>
         <c> </c>
         <w xml:id="oar96-184660"
            n="72-b-0890"
            ecep:lem="lover"
            ecep:pos="n2"
            ecep:reg="Lovers"
            ecep:spe="Lovers"
            ecep:syllab="2"
            ecep:pron="ˈlʌvəz">Lovers</w>
         <c> </c>
         <w xml:id="oar96-184670"
            n="72-b-0900"
            ecep:lem="we"
            ecep:pos="pns12"
            ecep:reg="we"
            ecep:spe="we"
            ecep:syllab="1"
            ecep:pron="wiː">we</w>
         <pc xml:id="oar96-184680"
             n="72-b-0910"
             ecep:lem=","
             ecep:pos=","
             ecep:reg=","
             ecep:spe=",">,</pc>
      </l>
      <l xml:id="oar96-l08665">
         <c> </c>
         <w xml:id="oar96-184690"
            n="72-b-0920"
            ecep:lem="as"
            ecep:pos="c-acp"
            ecep:reg="As"
            ecep:spe="As"
            ecep:syllab="1"
            ecep:pron="æz">As</w>
         <c> </c>
         <w xml:id="oar96-184700"
            n="72-b-0930"
            ecep:lem="careless"
            ecep:pos="j"
            ecep:reg="careless"
            ecep:spe="careless"
            ecep:syllab="2"
            ecep:pron="ˈkeəlɪs">careless</w>
         <c> </c>
         <w xml:id="oar96-184710"
            n="72-b-0940"
            ecep:lem="and"
            ecep:pos="cc"
            ecep:reg="and"
            ecep:spe="and"
            ecep:syllab="1"
            ecep:pron="ænd">and</w>
         <c> </c>
         <w xml:id="oar96-184720"
            n="72-b-0950"
            ecep:lem="as"
            ecep:pos="a-acp"
            ecep:reg="as"
            ecep:spe="as"
            ecep:syllab="1"
            ecep:pron="æz">as</w>
         <c> </c>
         <w xml:id="oar96-184730"
            n="72-b-0960"
            ecep:lem="bless"
            ecep:pos="vvn"
            ecep:reg="blessed"
            ecep:spe="blest"
            ecep:syllab="1"
            ecep:pron="blest">blest</w>
         <pc xml:id="oar96-184740"
             n="72-b-0970"
             ecep:lem=";"
             ecep:pos=";"
             ecep:reg=";"
             ecep:spe=";">;</pc>
      </l>
      <l xml:id="oar96-l08670">
         <c> </c>
         <w xml:id="oar96-184750"
            n="72-b-0980"
            ecep:lem="shall"
            ecep:pos="vmb"
            ecep:reg="Shall"
            ecep:spe="Shall"
            ecep:syllab="1"
            ecep:pron="ʃæl">Shall</w>
         <c> </c>
         <w xml:id="oar96-184760"
            n="72-b-0990"
            ecep:lem="in"
            ecep:pos="p-acp"
            ecep:reg="in"
            ecep:spe="in"
            ecep:syllab="1"
            ecep:pron="ɪn">in</w>
         <c> </c>
         <w xml:id="oar96-184770"
            n="72-b-1000"
            ecep:lem="each"
            ecep:pos="d"
            ecep:reg="each"
            ecep:spe="each"
            ecep:syllab="1"
            ecep:pron="iːtʃ">each</w>
         <c> </c>
         <w xml:id="oar96-184780"
            n="72-b-1010"
            ecep:lem="other"
            ecep:pos="n2-jn"
            ecep:reg="others"
            ecep:spe="others"
            ecep:syllab="2"
            ecep:pron="ˈʌðəz">others</w>
         <c> </c>
         <w xml:id="oar96-184790"
            n="72-b-1020"
            ecep:lem="converse"
            ecep:pos="vvi"
            ecep:reg="converse"
            ecep:spe="converse"
            ecep:syllab="2"
            ecep:pron="kənˈvɜːs">converse</w>
         <c> </c>
         <w xml:id="oar96-184800"
            n="72-b-1030"
            ecep:lem="be"
            ecep:pos="vbi"
            ecep:reg="be"
            ecep:spe="be"
            ecep:syllab="1"
            ecep:pron="biː">be</w>
      </l>
      <l xml:id="oar96-l08675">
         <c> </c>
         <w xml:id="oar96-184810"
            n="72-b-1040"
            ecep:lem="of"
            ecep:pos="pp-f"
            ecep:reg="Of"
            ecep:spe="Of"
            ecep:syllab="1"
            ecep:pron="ɒv">Of</w>
         <c> </c>
         <w xml:id="oar96-184820"
            n="72-b-1050"
            ecep:lem="the"
            ecep:pos="dt"
            ecep:reg="the"
            ecep:spe="the"
            ecep:syllab="1"
            ecep:pron="ðə">the</w>
         <c> </c>
         <w xml:id="oar96-184830"
            n="72-b-1060"
            ecep:lem="whole"
            ecep:pos="j-jn"
            ecep:reg="whole"
            ecep:spe="whole"
            ecep:syllab="1"
            ecep:pron="həʊl">whole</w>
         <c> </c>
         <w xml:id="oar96-184840"
            n="72-b-1070"
            ecep:lem="world"
            ecep:pos="n1"
            ecep:reg="world"
            ecep:spe="world"
            ecep:syllab="1"
            ecep:pron="wɜːld">world</w>
         <c> </c>
         <w xml:id="oar96-184850"
            n="72-b-1080"
            ecep:lem="possess"
            ecep:pos="vvn"
            ecep:reg="possessed"
            ecep:spe="possest"
            ecep:syllab="2"
            ecep:pron="pəˈzest">possest</w>
         <pc xml:id="oar96-184860"
             n="72-b-1090"
             unit="sentence"
             ecep:lem="."
             ecep:pos="."
             ecep:reg="."
             ecep:spe=".">.</pc>
         <c> </c>
      </l>
   </lg>
   <pb facs="73" n="48" rend="none"/>
   <lg n="8" xml:id="oar96-s00825">
      <head>
         <w xml:id="oar96-184900"
            n="73-a-0010"
            ecep:lem="viii"
            ecep:pos="crd"
            ecep:reg="VIII"
            ecep:spe="VIII"
            ecep:syllab="1"
            ecep:pron="rˌəʊmənˈeɪt">VIII</w>
         <pc xml:id="oar96-184910"
             n="73-a-0020"
             unit="sentence"
             ecep:lem="."
             ecep:pos="."
             ecep:reg="."
             ecep:spe=".">.</pc>
      </head>
      <l xml:id="oar96-l08680">
         <w xml:id="oar96-184930"
            n="73-a-0030"
            ecep:lem="then"
            ecep:pos="av"
            ecep:reg="Then"
            ecep:spe="Then"
            ecep:syllab="1"
            ecep:pron="ðen">Then</w>
         <c> </c>
         <w xml:id="oar96-184940"
            n="73-a-0040"
            ecep:lem="prithee"
            ecep:pos="uh"
            ecep:reg="prithee"
            ecep:spe="prethee"
            ecep:syllab="2"
            ecep:pron="prɪθˈiː">prethee</w>
         <c> </c>
         <hi>
            <w xml:id="oar96-184950"
               n="73-a-0050"
               ecep:lem="Phillis"
               ecep:pos="np1"
               ecep:reg="Phillis"
               ecep:spe="Phillis"
               ecep:syllab="2"
               ecep:pron="fˈɪliz">Phillis</w>
            <c> </c>
            <w xml:id="oar96-184960"
               n="73-a-0060"
               ecep:lem="leave"
               ecep:pos="vvb"
               ecep:reg="leave"
               ecep:spe="leave"
               ecep:syllab="1"
               ecep:pron="liːv">leave</w>
            <c> </c>
            <w xml:id="oar96-184970"
               n="73-a-0070"
               ecep:lem="the"
               ecep:pos="dt"
               ecep:reg="the"
               ecep:spe="the"
               ecep:syllab="1"
               ecep:pron="ðə">the</w>
            <c> </c>
            <w xml:id="oar96-184980"
               n="73-a-0080"
               ecep:lem="court"
               ecep:pos="n2"
               ecep:reg="Courts"
               ecep:spe="Courts"
               ecep:syllab="1"
               ecep:pron="kɔːts">Courts</w>
            <pc xml:id="oar96-184990"
                n="73-a-0090"
                ecep:lem=","
                ecep:pos=","
                ecep:reg=","
                ecep:spe=",">,</pc>
         </hi>
      </l>
      <l xml:id="oar96-l08685">
         <c> </c>
         <w xml:id="oar96-185000"
            n="73-a-0100"
            ecep:lem="and"
            ecep:pos="cc"
            ecep:reg="And"
            ecep:spe="And"
            ecep:syllab="1"
            ecep:pron="ænd">And</w>
         <c> </c>
         <w xml:id="oar96-185010"
            n="73-a-0110"
            ecep:lem="range"
            ecep:pos="vvi"
            ecep:reg="range"
            ecep:spe="range"
            ecep:syllab="1"
            ecep:pron="reɪndʒ">range</w>
         <c> </c>
         <w xml:id="oar96-185020"
            n="73-a-0120"
            ecep:lem="the"
            ecep:pos="dt"
            ecep:reg="the"
            ecep:spe="the"
            ecep:syllab="1"
            ecep:pron="ðə">the</w>
         <c> </c>
         <w xml:id="oar96-185030"
            n="73-a-0130"
            ecep:lem="field"
            ecep:pos="n2"
            ecep:reg="Fields"
            ecep:spe="Fields"
            ecep:syllab="1"
            ecep:pron="fiːldz">Fields</w>
         <c> </c>
         <w xml:id="oar96-185040"
            n="73-a-0140"
            ecep:lem="with"
            ecep:pos="p-acp"
            ecep:reg="with"
            ecep:spe="with"
            ecep:syllab="1"
            ecep:pron="wɪð">with</w>
         <c> </c>
         <w xml:id="oar96-185050"
            n="73-a-0150"
            ecep:lem="i"
            ecep:pos="pno11"
            ecep:reg="me"
            ecep:spe="me"
            ecep:syllab="1"
            ecep:pron="miː">me</w>
         <pc xml:id="oar96-185060"
             n="73-a-0160"
             ecep:lem=";"
             ecep:pos=";"
             ecep:reg=";"
             ecep:spe=";">;</pc>
      </l>
      <l xml:id="oar96-l08690">
         <c> </c>
         <w xml:id="oar96-185070"
            n="73-a-0170"
            ecep:lem="since"
            ecep:pos="c-acp"
            ecep:reg="Since"
            ecep:spe="Since"
            ecep:syllab="1"
            ecep:pron="sɪns">Since</w>
         <c> </c>
         <w xml:id="oar96-185080"
            n="73-a-0180"
            ecep:lem="i"
            ecep:pos="pns11"
            ecep:reg="I"
            ecep:spe="I"
            ecep:syllab="1"
            ecep:pron="aɪ">I</w>
         <c> </c>
         <w xml:id="oar96-185090"
            n="73-a-0190"
            ecep:lem="so"
            ecep:pos="av"
            ecep:reg="so"
            ecep:spe="so"
            ecep:syllab="1"
            ecep:pron="səʊ">so</w>
         <c> </c>
         <w xml:id="oar96-185100"
            n="73-a-0200"
            ecep:lem="many"
            ecep:pos="d"
            ecep:reg="many"
            ecep:spe="many"
            ecep:syllab="2"
            ecep:pron="ˈmenɪ">many</w>
         <c> </c>
         <w xml:id="oar96-185110"
            n="73-a-0210"
            ecep:lem="harmless"
            ecep:pos="j"
            ecep:reg="harmless"
            ecep:spe="harmless"
            ecep:syllab="2"
            ecep:pron="ˈhɑːmlɪs">harmless</w>
         <c> </c>
         <w xml:id="oar96-185120"
            n="73-a-0220"
            ecep:lem="sport"
            ecep:pos="n2"
            ecep:reg="sports"
            ecep:spe="sports"
            ecep:syllab="1"
            ecep:pron="spɔːts">sports</w>
      </l>
      <l xml:id="oar96-l08695">
         <c> </c>
         <w xml:id="oar96-185130"
            n="73-a-0230"
            ecep:lem="can"
            ecep:pos="vmb"
            ecep:reg="Can"
            ecep:spe="Can"
            ecep:syllab="1"
            ecep:pron="kæn">Can</w>
         <c> </c>
         <w xml:id="oar96-185140"
            n="73-a-0240"
            ecep:lem="here"
            ecep:pos="av"
            ecep:reg="here"
            ecep:spe="here"
            ecep:syllab="1"
            ecep:pron="hɪə">here</w>
         <c> </c>
         <w xml:id="oar96-185150"
            n="73-a-0250"
            ecep:lem="procure"
            ecep:pos="vvi"
            ecep:reg="procure"
            ecep:spe="procure"
            ecep:syllab="2"
            ecep:pron="prəˈkjʊə">procure</w>
         <c> </c>
         <w xml:id="oar96-185160"
            n="73-a-0260"
            ecep:lem="for"
            ecep:pos="p-acp"
            ecep:reg="for"
            ecep:spe="for"
            ecep:syllab="1"
            ecep:pron="fɔː">for</w>
         <c> </c>
         <w xml:id="oar96-185170"
            n="73-a-0270"
            ecep:lem="thou"
            ecep:pos="pno21"
            ecep:reg="thee"
            ecep:spe="thee"
            ecep:syllab="1"
            ecep:pron="ðiː">thee</w>
         <pc xml:id="oar96-185180"
             n="73-a-0280"
             unit="sentence"
             ecep:lem="."
             ecep:pos="."
             ecep:reg="."
             ecep:spe=".">.</pc>
         <c> </c>
      </l>
   </lg>
</div>
