<?xml version="1.0" encoding="UTF-8"?>
<?xml-model href="../tei_all.rnc" type="application/relax-ng-compact-syntax"?>
<TEI xmlns="http://www.tei-c.org/ns/1.0">
   <teiHeader>
      <fileDesc>
         <titleStmt>
            <title corresp="#txt_YearAn1753_w0004">Another VALENTINE. TO ANOTHER PERSON.</title>
            <author corresp="authors.xml#aut_YearAn1753">Ann Yearsley (née Cromartie)</author>
            <respStmt>
               <name xml:id="AH">Alexander Huber</name>
               <resp>Editor</resp>
            </respStmt>
            <funder>
               <name type="institution" xml:id="BOD">Bodleian Libraries, University of Oxford</name>
               <address>
                  <addrLine>Broad Street</addrLine>
                  <addrLine>Oxford OX1 3BG</addrLine>
                  <addrLine>UK</addrLine>
               </address>
            </funder>
         </titleStmt>
         <publicationStmt>
            <publisher xml:id="ECPA">Eighteenth-Century Poetry Archive</publisher>
            <address>
               <addrLine>Taylor Institution Library</addrLine>
               <addrLine>St Giles'</addrLine>
               <addrLine>Oxford OX1 3NA</addrLine>
               <addrLine>UK</addrLine>
               <addrLine>
                  <email>info@eighteenthcenturypoetry.org</email>
               </addrLine>
               <addrLine>
                  <ref target="https://www.eighteenthcenturypoetry.org/">https://www.eighteenthcenturypoetry.org/</ref>
               </addrLine>
            </address>
            <pubPlace>Oxford</pubPlace>
            <availability status="restricted">
               <licence target="http://creativecommons.org/licenses/by-sa/3.0/">This work is licensed under a Creative Commons Attribution-ShareAlike 3.0 Unported License.</licence>
            </availability>
            <idno type="ESTC">N22108</idno>
         </publicationStmt>
         <sourceDesc>
            <bibl>
               <author>Yearsley, Ann, 1753-1806.</author>
               <title>Poems, on several occasions. By Ann Yearsley, a milkwoman of Bristol [poems only].</title>
               <edition>The second edition.</edition>
               <pubPlace>London</pubPlace>
               <publisher>printed for T. Cadell, in the Strand</publisher>
               <date>1785</date>
               <biblScope>pp. 27-28.</biblScope>
               <extent>xxxii, 127p.</extent>
            </bibl>
         </sourceDesc>
      </fileDesc>
      <encodingDesc>
         <projectDesc>
            <p>This e-text is part of the Works section of the Eighteenth-Century Poetry Archive (ECPA).</p>
            <p>XML created for the Eighteenth-Century Poetry Archive (ECPA).</p>
         </projectDesc>
         <editorialDecl>
            <p>Typography, spelling, capitalization, and punctuation have been cautiously modernized. The source of the text is given and all significant
						editorial interventions have been recorded in textual notes. This  text has been edited to conform to the recommendations found 
						in Level 5 of the
						Best Practices for TEI in Libraries version 4.0.0.
					</p>
         </editorialDecl>
         <classDecl>
            <taxonomy xml:id="LCNAF">
               <bibl>Library of Congress Name Authority File (<abbr>LCNAF</abbr>)</bibl>
            </taxonomy>
         </classDecl>
         <tagsDecl>
            <rendition n="linegroups indented" xml:id="lgindent" scheme="css">text-indent: 1em;</rendition>
            <rendition n="linegroups vertically spaced" xml:id="lgvspace" scheme="css">margin-bottom: 1em;</rendition>
            <rendition n="aligned centrally" xml:id="align-center" scheme="css">text-align: center;</rendition>
            <rendition n="aligned right" xml:id="align-right" scheme="css">text-align: right;</rendition>
            <rendition n="aligned left" xml:id="align-left" scheme="css">text-align: left;</rendition>
            <rendition n="inline" xml:id="inline" scheme="css">display: inline</rendition>
            <rendition n="italic" xml:id="i" scheme="css">font-style: italic;</rendition>
            <rendition n="bold" xml:id="b" scheme="css">font-weight: bold;</rendition>
         </tagsDecl>
      </encodingDesc>
   </teiHeader>
   <text>
      <body>
         <div xmlns:ecep="http://www.eighteenthcenturypoetry.org/ns"
              xmlns:tei="http://www.tei-c.org/ns/1.0"
              ana="#iamb #tetrameter #quatrain #pair #address #occasional"
              corresp="#txt_YearAn1753_w0004"
              decls="#semi-normalized"
              ecep:syllab="8.8.8.8"
              met="-+|-+|-+|-+/ -+|-+|-+|-+/ -+|-+|-+|-+/ -+|-+|-+|-+/"
              rendition="#lgvspace"
              rhyme="aabb"
              subtype="eceptext"
              type="poem"
              xml:id="pye85-w0040">
            <link target="authors.xml#aut_YearAn1753" type="author"/>
            <head type="main">
               <w xml:id="pye85-031290"
                  n="a-0010"
                  ecep:lem="another"
                  ecep:pos="j-jn"
                  ecep:reg="Another"
                  ecep:spe="Another"
                  ecep:syllab="3"
                  ecep:pron="əˈnʌðə">Another</w>
               <c> </c>
               <w xml:id="pye85-031300"
                  n="a-0020"
                  ecep:lem="valentine"
                  ecep:pos="n1"
                  ecep:reg="VALENTINE"
                  ecep:spe="VALENTINE"
                  ecep:syllab="3"
                  ecep:pron="ˈvæləntaɪn">VALENTINE</w>
               <pc xml:id="pye85-031310"
                   n="a-0030"
                   unit="sentence"
                   ecep:lem="."
                   ecep:pos="."
                   ecep:reg="."
                   ecep:spe=".">.</pc>
            </head>
            <head type="sub">
               <w xml:id="pye85-031340"
                  n="a-0040"
                  ecep:lem="to"
                  ecep:pos="p-acp"
                  ecep:reg="TO"
                  ecep:spe="TO"
                  ecep:syllab="1"
                  ecep:pron="tuː">TO</w>
               <c> </c>
               <w xml:id="pye85-031350"
                  n="a-0050"
                  ecep:lem="another"
                  ecep:pos="j-jn"
                  ecep:reg="ANOTHER"
                  ecep:spe="ANOTHER"
                  ecep:syllab="3"
                  ecep:pron="əˈnʌðə">ANOTHER</w>
               <c> </c>
               <w xml:id="pye85-031360"
                  n="a-0060"
                  ecep:lem="person"
                  ecep:pos="n1"
                  ecep:reg="PERSON"
                  ecep:spe="PERSON"
                  ecep:syllab="2"
                  ecep:pron="ˈpɜːsn">PERSON</w>
               <pc xml:id="pye85-031370"
                   n="a-0070"
                   unit="sentence"
                   ecep:lem="."
                   ecep:pos="."
                   ecep:reg="."
                   ecep:spe=".">.</pc>
            </head>
            <lg xml:id="pye85-s00125">
               <l xml:id="pye85-l01660">
                  <hi rendition="#sc">
                     <w xml:id="pye85-031400"
                        n="a-0080"
                        ecep:lem="say"
                        ecep:pos="vvb"
                        ecep:reg="Say"
                        ecep:spe="Say"
                        ecep:syllab="1"
                        ecep:pron="seɪ">Say</w>
                  </hi>
                  <pc xml:id="pye85-031410"
                      n="a-0090"
                      ecep:lem=","
                      ecep:pos=","
                      ecep:reg=","
                      ecep:spe=",">,</pc>
                  <c> </c>
                  <w xml:id="pye85-031420"
                     n="a-0100"
                     ecep:lem="gentle"
                     ecep:pos="j-jn"
                     ecep:reg="gentle"
                     ecep:spe="gentle"
                     ecep:syllab="2"
                     ecep:pron="ˈdʒentl">gentle</w>
                  <c> </c>
                  <w xml:id="pye85-031430"
                     n="a-0110"
                     ecep:lem="shepherd"
                     ecep:pos="n1"
                     ecep:reg="Shepherd"
                     ecep:spe="Shepherd"
                     ecep:syllab="2"
                     ecep:pron="ˈʃepəd">Shepherd</w>
                  <pc xml:id="pye85-031440"
                      n="a-0120"
                      ecep:lem=","
                      ecep:pos=","
                      ecep:reg=","
                      ecep:spe=",">,</pc>
                  <c> </c>
                  <w xml:id="pye85-031450"
                     n="a-0130"
                     ecep:lem="shall"
                     ecep:pos="vmb"
                     ecep:reg="shall"
                     ecep:spe="shall"
                     ecep:syllab="1"
                     ecep:pron="ʃæl">shall</w>
                  <c> </c>
                  <w xml:id="pye85-031460"
                     n="a-0140"
                     ecep:lem="this"
                     ecep:pos="d"
                     ecep:reg="this"
                     ecep:spe="this"
                     ecep:syllab="1"
                     ecep:pron="ðɪs">this</w>
                  <c> </c>
                  <w xml:id="pye85-031470"
                     n="a-0150"
                     ecep:lem="day"
                     ecep:pos="n1"
                     ecep:reg="day"
                     ecep:spe="day"
                     ecep:syllab="1"
                     ecep:pron="deɪ">day</w>
                  <pc xml:id="pye85-031480"
                      n="a-0160"
                      ecep:lem=","
                      ecep:pos=","
                      ecep:reg=","
                      ecep:spe=",">,</pc>
               </l>
               <l xml:id="pye85-l01665">
                  <c> </c>
                  <w xml:id="pye85-031490"
                     n="a-0170"
                     ecep:lem="propitious"
                     ecep:pos="j"
                     ecep:reg="Propitious"
                     ecep:spe="Propitious"
                     ecep:syllab="3"
                     ecep:pron="prəˈpɪʃəs">Propitious</w>
                  <c> </c>
                  <w xml:id="pye85-031500"
                     n="a-0180"
                     ecep:lem="to"
                     ecep:pos="p-acp"
                     ecep:reg="to"
                     ecep:spe="to"
                     ecep:syllab="1"
                     ecep:pron="tuː">to</w>
                  <c> </c>
                  <w xml:id="pye85-031510"
                     n="a-0190"
                     ecep:lem="my"
                     ecep:pos="po11"
                     ecep:reg="my"
                     ecep:spe="my"
                     ecep:syllab="1"
                     ecep:pron="maɪ">my</w>
                  <c> </c>
                  <w xml:id="pye85-031520"
                     n="a-0200"
                     ecep:lem="amorous"
                     ecep:pos="j"
                     ecep:reg="amorous"
                     ecep:spe="amorous"
                     ecep:syllab="3"
                     ecep:pron="ˈæmrəs">amorous</w>
                  <c> </c>
                  <w xml:id="pye85-031530"
                     n="a-0210"
                     ecep:lem="lay"
                     ecep:pos="n-jn"
                     ecep:reg="lay"
                     ecep:spe="lay"
                     ecep:syllab="1"
                     ecep:pron="leɪ">lay</w>
                  <pc xml:id="pye85-031540"
                      n="a-0220"
                      ecep:lem=","
                      ecep:pos=","
                      ecep:reg=","
                      ecep:spe=",">,</pc>
               </l>
               <l xml:id="pye85-l01670">
                  <c> </c>
                  <w xml:id="pye85-031550"
                     n="a-0230"
                     ecep:lem="infuse"
                     ecep:pos="vvb"
                     ecep:reg="Infuse"
                     ecep:spe="Infuse"
                     ecep:syllab="2"
                     ecep:pron="ɪnˈfjuːz">Infuse</w>
                  <c> </c>
                  <w xml:id="pye85-031560"
                     n="a-0240"
                     ecep:lem="through"
                     ecep:pos="p-acp"
                     ecep:reg="through"
                     ecep:spe="thro'"
                     ecep:syllab="1"
                     ecep:pron="θruː">thro'</w>
                  <c> </c>
                  <w xml:id="pye85-031570"
                     n="a-0250"
                     ecep:lem="all"
                     ecep:pos="d"
                     ecep:reg="all"
                     ecep:spe="all"
                     ecep:syllab="1"
                     ecep:pron="ɔːl">all</w>
                  <c> </c>
                  <w xml:id="pye85-031580"
                     n="a-0260"
                     ecep:lem="thy"
                     ecep:pos="po21"
                     ecep:reg="thy"
                     ecep:spe="thy"
                     ecep:syllab="1"
                     ecep:pron="ðaɪ">thy</w>
                  <c> </c>
                  <w xml:id="pye85-031590"
                     n="a-0270"
                     ecep:lem="vital"
                     ecep:pos="j"
                     ecep:reg="vital"
                     ecep:spe="vital"
                     ecep:syllab="2"
                     ecep:pron="ˈvaɪtl">vital</w>
                  <c> </c>
                  <w xml:id="pye85-031600"
                     n="a-0280"
                     ecep:lem="frame"
                     ecep:pos="n1"
                     ecep:reg="frame"
                     ecep:spe="frame"
                     ecep:syllab="1"
                     ecep:pron="freɪm">frame</w>
               </l>
               <l xml:id="pye85-l01675">
                  <c> </c>
                  <w xml:id="pye85-031610"
                     n="a-0290"
                     ecep:lem="the"
                     ecep:pos="dt"
                     ecep:reg="The"
                     ecep:spe="The"
                     ecep:syllab="1"
                     ecep:pron="ðiː">The</w>
                  <c> </c>
                  <w xml:id="pye85-031620"
                     n="a-0300"
                     ecep:lem="tender"
                     ecep:pos="j"
                     ecep:reg="tender"
                     ecep:spe="tender"
                     ecep:syllab="2"
                     ecep:pron="ˈtendə">tender</w>
                  <pc xml:id="pye85-031630"
                      n="a-0310"
                      ecep:lem=","
                      ecep:pos=","
                      ecep:reg=","
                      ecep:spe=",">,</pc>
                  <c> </c>
                  <w xml:id="pye85-031640"
                     n="a-0320"
                     ecep:lem="tremble"
                     ecep:pos="vvg"
                     ecep:reg="trembling"
                     ecep:spe="trembling"
                     ecep:syllab="2"
                     ecep:pron="ˈtremblɪŋ">trembling</w>
                  <pc xml:id="pye85-031650"
                      n="a-0330"
                      ecep:lem=","
                      ecep:pos=","
                      ecep:reg=","
                      ecep:spe=",">,</pc>
                  <c> </c>
                  <w xml:id="pye85-031660"
                     n="a-0340"
                     ecep:lem="thrill"
                     ecep:pos="j-vvg"
                     ecep:reg="thrilling"
                     ecep:spe="thrilling"
                     ecep:syllab="2"
                     ecep:pron="θrɪlɪŋ">thrilling</w>
                  <c> </c>
                  <w xml:id="pye85-031670"
                     n="a-0350"
                     ecep:lem="flame"
                     ecep:pos="n1"
                     ecep:reg="flame"
                     ecep:spe="flame"
                     ecep:syllab="1"
                     ecep:pron="fleɪm">flame</w>
                  <pc xml:id="pye85-031680"
                      n="a-0360"
                      unit="sentence"
                      ecep:lem="?"
                      ecep:pos="?"
                      ecep:reg="?"
                      ecep:spe="?">?</pc>
                  <c> </c>
               </l>
            </lg>
            <lg xml:id="pye85-s00130">
               <l xml:id="pye85-l01680">
                  <w xml:id="pye85-031710"
                     n="a-0370"
                     ecep:lem="this"
                     ecep:pos="d"
                     ecep:reg="This"
                     ecep:spe="This"
                     ecep:syllab="1"
                     ecep:pron="ðɪs">This</w>
                  <c> </c>
                  <w xml:id="pye85-031720"
                     n="a-0380"
                     ecep:lem="day"
                     ecep:pos="n1"
                     ecep:reg="day"
                     ecep:spe="day"
                     ecep:syllab="1"
                     ecep:pron="deɪ">day</w>
                  <c> </c>
                  <w xml:id="pye85-031730"
                     n="a-0390"
                     ecep:lem="prefer"
                     ecep:pos="vvz"
                     ecep:reg="prefers"
                     ecep:spe="prefers"
                     ecep:syllab="2"
                     ecep:pron="prɪˈfɜːz">prefers</w>
                  <c> </c>
                  <w xml:id="pye85-031740"
                     n="a-0400"
                     ecep:lem="the"
                     ecep:pos="dt"
                     ecep:reg="the"
                     ecep:spe="the"
                     ecep:syllab="1"
                     ecep:pron="ðiː">the</w>
                  <c> </c>
                  <w xml:id="pye85-031750"
                     n="a-0410"
                     ecep:lem="lover"
                     ecep:pos="ng1"
                     ecep:reg="lover's"
                     ecep:spe="lover's"
                     ecep:syllab="2"
                     ecep:pron="ˈlʌvəz">lover's</w>
                  <c> </c>
                  <w xml:id="pye85-031760"
                     n="a-0420"
                     ecep:lem="prayer"
                     ecep:pos="n2"
                     ecep:reg="prayers"
                     ecep:spe="prayers"
                     ecep:syllab="2"
                     ecep:pron="ˈpreɪəz">prayers</w>
                  <pc xml:id="pye85-031770"
                      n="a-0430"
                      ecep:lem=","
                      ecep:pos=","
                      ecep:reg=","
                      ecep:spe=",">,</pc>
               </l>
               <l xml:id="pye85-l01685">
                  <c> </c>
                  <w xml:id="pye85-031780"
                     n="a-0440"
                     ecep:lem="this"
                     ecep:pos="d"
                     ecep:reg="This"
                     ecep:spe="This"
                     ecep:syllab="1"
                     ecep:pron="ðɪs">This</w>
                  <c> </c>
                  <w xml:id="pye85-031790"
                     n="a-0450"
                     ecep:lem="day"
                     ecep:pos="n1"
                     ecep:reg="day"
                     ecep:spe="day"
                     ecep:syllab="1"
                     ecep:pron="deɪ">day</w>
                  <c> </c>
                  <w xml:id="pye85-031800"
                     n="a-0460"
                     ecep:lem="the"
                     ecep:pos="dt"
                     ecep:reg="the"
                     ecep:spe="the"
                     ecep:syllab="1"
                     ecep:pron="ðiː">the</w>
                  <c> </c>
                  <w xml:id="pye85-031810"
                     n="a-0470"
                     ecep:lem="yield"
                     ecep:pos="j-vvg"
                     ecep:reg="yielding"
                     ecep:spe="yielding"
                     ecep:syllab="2"
                     ecep:pron="jiːldɪŋ">yielding</w>
                  <c> </c>
                  <w xml:id="pye85-031820"
                     n="a-0480"
                     ecep:lem="fair"
                     ecep:pos="j"
                     ecep:reg="fair"
                     ecep:spe="fair"
                     ecep:syllab="1"
                     ecep:pron="feə">fair</w>
                  <c> </c>
                  <w xml:id="pye85-031830"
                     n="a-0490"
                     ecep:lem="one"
                     ecep:pos="pi"
                     ecep:reg="one"
                     ecep:spe="one"
                     ecep:syllab="1"
                     ecep:pron="wʌn">one</w>
                  <c> </c>
                  <w xml:id="pye85-031840"
                     n="a-0500"
                     ecep:lem="hear"
                     ecep:pos="vvz"
                     ecep:reg="hears"
                     ecep:spe="hears"
                     ecep:syllab="1"
                     ecep:pron="hɪəz">hears</w>
                  <pc xml:id="pye85-031850"
                      n="a-0510"
                      ecep:lem=";"
                      ecep:pos=";"
                      ecep:reg=";"
                      ecep:spe=";">;</pc>
               </l>
               <l xml:id="pye85-l01690">
                  <c> </c>
                  <w xml:id="pye85-031860"
                     n="a-0520"
                     ecep:lem="shall"
                     ecep:pos="vmb"
                     ecep:reg="Shall"
                     ecep:spe="Shall"
                     ecep:syllab="1"
                     ecep:pron="ʃæl">Shall</w>
                  <c> </c>
                  <w xml:id="pye85-031870"
                     n="a-0530"
                     ecep:lem="bloom"
                     ecep:pos="j-vvg"
                     ecep:reg="blooming"
                     ecep:spe="blooming"
                     ecep:syllab="2"
                     ecep:pron="bluːmɪŋ">blooming</w>
                  <c> </c>
                  <hi rendition="#sc">
                     <w xml:id="pye85-031880"
                        n="a-0540"
                        ecep:lem="Strephon"
                        ecep:pos="np1"
                        ecep:reg="Strephon"
                        ecep:spe="Strephon"
                        ecep:syllab="2"
                        ecep:pron="strˈefɒn">Strephon</w>
                  </hi>
                  <c> </c>
                  <w xml:id="pye85-031890"
                     n="a-0550"
                     ecep:lem="then"
                     ecep:pos="av"
                     ecep:reg="then"
                     ecep:spe="then"
                     ecep:syllab="1"
                     ecep:pron="ðen">then</w>
                  <c> </c>
                  <w xml:id="pye85-031900"
                     n="a-0560"
                     ecep:lem="repine"
                     ecep:pos="vvi"
                     ecep:reg="repine"
                     ecep:spe="repine"
                     ecep:syllab="2"
                     ecep:pron="rɪˈpaɪn">repine</w>
               </l>
               <l xml:id="pye85-l01695">
                  <c> </c>
                  <w xml:id="pye85-031910"
                     n="a-0570"
                     ecep:lem="at"
                     ecep:pos="p-acp"
                     ecep:reg="At"
                     ecep:spe="At"
                     ecep:syllab="1"
                     ecep:pron="æt">At</w>
                  <c> </c>
                  <w xml:id="pye85-031920"
                     n="a-0580"
                     ecep:lem="be"
                     ecep:pos="vbg"
                     ecep:reg="being"
                     ecep:spe="being"
                     ecep:syllab="2"
                     ecep:pron="ˈbiːɪŋ">being</w>
                  <c> </c>
                  <w xml:id="pye85-031930"
                     n="a-0590"
                     ecep:lem="hail"
                     ecep:pos="vvn"
                     ecep:reg="hailed"
                     ecep:spe="hail'd"
                     ecep:syllab="1"
                     ecep:pron="heɪld">hail'd</w>
                  <c> </c>
                  <w xml:id="pye85-031940"
                     n="a-0600"
                     ecep:lem="a"
                     ecep:pos="dt"
                     ecep:reg="a"
                     ecep:spe="a"
                     ecep:syllab="1"
                     ecep:pron="ə">a</w>
                  <c> </c>
                  <w xml:id="pye85-031950"
                     n="a-0610"
                     ecep:lem="valentine"
                     ecep:pos="n1"
                     ecep:reg="Valentine"
                     ecep:spe="Valentine"
                     ecep:syllab="3"
                     ecep:pron="ˈvæləntaɪn">Valentine</w>
                  <pc xml:id="pye85-031960"
                      n="a-0620"
                      unit="sentence"
                      ecep:lem="?"
                      ecep:pos="?"
                      ecep:reg="?"
                      ecep:spe="?">?</pc>
                  <c> </c>
               </l>
               <pb n="28" rend="none"/>
            </lg>
            <lg xml:id="pye85-s00135">
               <l xml:id="pye85-l01700">
                  <w xml:id="pye85-031990"
                     n="a-0010"
                     ecep:lem="o"
                     ecep:pos="uh"
                     ecep:reg="OH"
                     ecep:spe="O"
                     ecep:syllab="1"
                     ecep:pron="əʊ">O</w>
                  <pc xml:id="pye85-031995"
                      n="a-0015"
                      ecep:lem="!"
                      ecep:pos="!"
                      ecep:reg="!"
                      ecep:spe="!">!</pc>
                  <c> </c>
                  <w xml:id="pye85-032000"
                     n="a-0020"
                     ecep:lem="turn"
                     ecep:pos="vvb"
                     ecep:reg="turn"
                     ecep:spe="turn"
                     ecep:syllab="1"
                     ecep:pron="tɜːn">turn</w>
                  <c> </c>
                  <w xml:id="pye85-032010"
                     n="a-0030"
                     ecep:lem="thy"
                     ecep:pos="po21"
                     ecep:reg="thine"
                     ecep:spe="thine"
                     ecep:syllab="1"
                     ecep:pron="ðaɪn">thine</w>
                  <c> </c>
                  <w xml:id="pye85-032020"
                     n="a-0040"
                     ecep:lem="eye"
                     ecep:pos="n2"
                     ecep:reg="eyes"
                     ecep:spe="eyes"
                     ecep:syllab="1"
                     ecep:pron="aɪz">eyes</w>
                  <pc xml:id="pye85-032030"
                      n="a-0050"
                      ecep:lem=","
                      ecep:pos=","
                      ecep:reg=","
                      ecep:spe=",">,</pc>
                  <c> </c>
                  <w xml:id="pye85-032040"
                     n="a-0060"
                     ecep:lem="and"
                     ecep:pos="cc"
                     ecep:reg="and"
                     ecep:spe="and"
                     ecep:syllab="1"
                     ecep:pron="ænd">and</w>
                  <c> </c>
                  <w xml:id="pye85-032050"
                     n="a-0070"
                     ecep:lem="view"
                     ecep:pos="vvi"
                     ecep:reg="view"
                     ecep:spe="view"
                     ecep:syllab="1"
                     ecep:pron="vjuː">view</w>
                  <c> </c>
                  <w xml:id="pye85-032060"
                     n="a-0080"
                     ecep:lem="yond"
                     ecep:pos="d"
                     ecep:reg="yonder"
                     ecep:spe="yon"
                     ecep:syllab="1"
                     ecep:pron="jɒn">yon</w>
                  <c> </c>
                  <w xml:id="pye85-032070"
                     n="a-0090"
                     ecep:lem="dove"
                     ecep:pos="n1"
                     ecep:reg="dove"
                     ecep:spe="dove"
                     ecep:syllab="1"
                     ecep:pron="dəʊv">dove</w>
                  <pc xml:id="pye85-032080"
                      n="a-0100"
                      ecep:lem=","
                      ecep:pos=","
                      ecep:reg=","
                      ecep:spe=",">,</pc>
               </l>
               <l xml:id="pye85-l01705">
                  <c> </c>
                  <w xml:id="pye85-032090"
                     n="a-0110"
                     ecep:lem="he|will"
                     ecep:pos="pns31|vmb"
                     ecep:reg="He'll"
                     ecep:spe="He'll"
                     ecep:syllab="1"
                     ecep:pron="hiːl">He'll</w>
                  <c> </c>
                  <w xml:id="pye85-032100"
                     n="a-0120"
                     ecep:lem="charm"
                     ecep:pos="vvi"
                     ecep:reg="charm"
                     ecep:spe="charm"
                     ecep:syllab="1"
                     ecep:pron="tʃɑːm">charm</w>
                  <c> </c>
                  <w xml:id="pye85-032110"
                     n="a-0130"
                     ecep:lem="thy"
                     ecep:pos="po21"
                     ecep:reg="thy"
                     ecep:spe="thy"
                     ecep:syllab="1"
                     ecep:pron="ðaɪ">thy</w>
                  <c> </c>
                  <w xml:id="pye85-032120"
                     n="a-0140"
                     ecep:lem="every"
                     ecep:pos="d"
                     ecep:reg="every"
                     ecep:spe="every"
                     ecep:syllab="2"
                     ecep:pron="ˈevri">every</w>
                  <c> </c>
                  <w xml:id="pye85-032130"
                     n="a-0150"
                     ecep:lem="sense"
                     ecep:pos="n1"
                     ecep:reg="sense"
                     ecep:spe="sense"
                     ecep:syllab="1"
                     ecep:pron="sens">sense</w>
                  <c> </c>
                  <w xml:id="pye85-032140"
                     n="a-0160"
                     ecep:lem="to"
                     ecep:pos="pc-acp"
                     ecep:reg="to"
                     ecep:spe="to"
                     ecep:syllab="1"
                     ecep:pron="tuː">to</w>
                  <c> </c>
                  <w xml:id="pye85-032150"
                     n="a-0170"
                     ecep:lem="love"
                     ecep:pos="vvi"
                     ecep:reg="love"
                     ecep:spe="love"
                     ecep:syllab="1"
                     ecep:pron="lʌv">love</w>
                  <pc xml:id="pye85-032160"
                      n="a-0180"
                      ecep:lem=";"
                      ecep:pos=";"
                      ecep:reg=";"
                      ecep:spe=";">;</pc>
               </l>
               <l xml:id="pye85-l01710">
                  <c> </c>
                  <w xml:id="pye85-032170"
                     n="a-0190"
                     ecep:lem="while"
                     ecep:pos="cs"
                     ecep:reg="While"
                     ecep:spe="While"
                     ecep:syllab="1"
                     ecep:pron="ˈwaɪl">While</w>
                  <pc xml:id="pye85-032180"
                      n="a-0200"
                      ecep:lem=","
                      ecep:pos=","
                      ecep:reg=","
                      ecep:spe=",">,</pc>
                  <c> </c>
                  <w xml:id="pye85-032190"
                     n="a-0210"
                     ecep:lem="from"
                     ecep:pos="p-acp"
                     ecep:reg="from"
                     ecep:spe="from"
                     ecep:syllab="1"
                     ecep:pron="frɒm">from</w>
                  <c> </c>
                  <w xml:id="pye85-032200"
                     n="a-0220"
                     ecep:lem="the"
                     ecep:pos="dt"
                     ecep:reg="the"
                     ecep:spe="the"
                     ecep:syllab="1"
                     ecep:pron="ðiː">the</w>
                  <c> </c>
                  <w xml:id="pye85-032210"
                     n="a-0230"
                     ecep:lem="bend"
                     ecep:pos="j-vvg"
                     ecep:reg="bending"
                     ecep:spe="bending"
                     ecep:syllab="2"
                     ecep:pron="bendɪŋ">bending</w>
                  <c> </c>
                  <w xml:id="pye85-032220"
                     n="a-0240"
                     ecep:lem="spray"
                     ecep:pos="n1"
                     ecep:reg="spray"
                     ecep:spe="spray"
                     ecep:syllab="1"
                     ecep:pron="spreɪ">spray</w>
                  <pc xml:id="pye85-032230"
                      n="a-0250"
                      ecep:lem=","
                      ecep:pos=","
                      ecep:reg=","
                      ecep:spe=",">,</pc>
                  <c> </c>
                  <w xml:id="pye85-032240"
                     n="a-0260"
                     ecep:lem="his"
                     ecep:pos="po31"
                     ecep:reg="his"
                     ecep:spe="his"
                     ecep:syllab="1"
                     ecep:pron="hɪz">his</w>
                  <c> </c>
                  <w xml:id="pye85-032250"
                     n="a-0270"
                     ecep:lem="mate"
                     ecep:pos="n1"
                     ecep:reg="mate"
                     ecep:spe="mate"
                     ecep:syllab="1"
                     ecep:pron="meɪt">mate</w>
               </l>
               <l xml:id="pye85-l01715">
                  <c> </c>
                  <w xml:id="pye85-032260"
                     n="a-0280"
                     ecep:lem="shall"
                     ecep:pos="vmb"
                     ecep:reg="Shall"
                     ecep:spe="Shall"
                     ecep:syllab="1"
                     ecep:pron="ʃæl">Shall</w>
                  <c> </c>
                  <w xml:id="pye85-032270"
                     n="a-0290"
                     ecep:lem="love-inspired"
                     ecep:pos="j"
                     ecep:reg="love-inspired"
                     ecep:spe="love-inspired"
                     ecep:syllab="4"
                     ecep:pron="lʌvˌɪnˈspæəd">love-inspired</w>
                  <c> </c>
                  <w xml:id="pye85-032280"
                     n="a-0300"
                     ecep:lem="note"
                     ecep:pos="n2"
                     ecep:reg="notes"
                     ecep:spe="notes"
                     ecep:syllab="1"
                     ecep:pron="nəʊts">notes</w>
                  <c> </c>
                  <w xml:id="pye85-032290"
                     n="a-0310"
                     ecep:lem="repeat"
                     ecep:pos="vvi"
                     ecep:reg="repeat"
                     ecep:spe="repeat"
                     ecep:syllab="2"
                     ecep:pron="rɪˈpiːt">repeat</w>
                  <pc xml:id="pye85-032300"
                      n="a-0320"
                      unit="sentence"
                      ecep:lem="."
                      ecep:pos="."
                      ecep:reg="."
                      ecep:spe=".">.</pc>
                  <c> </c>
               </l>
            </lg>
            <lg xml:id="pye85-s00140">
               <l xml:id="pye85-l01720">
                  <w xml:id="pye85-032330"
                     n="a-0330"
                     ecep:lem="then"
                     ecep:pos="av"
                     ecep:reg="Then"
                     ecep:spe="Then"
                     ecep:syllab="1"
                     ecep:pron="ðen">Then</w>
                  <pc xml:id="pye85-032340"
                      n="a-0340"
                      ecep:lem=","
                      ecep:pos=","
                      ecep:reg=","
                      ecep:spe=",">,</pc>
                  <c> </c>
                  <w xml:id="pye85-032350"
                     n="a-0350"
                     ecep:lem="while"
                     ecep:pos="cs"
                     ecep:reg="while"
                     ecep:spe="whilst"
                     ecep:syllab="1"
                     ecep:pron="waɪlst">whilst</w>
                  <c> </c>
                  <w xml:id="pye85-032360"
                     n="a-0360"
                     ecep:lem="thy"
                     ecep:pos="po21"
                     ecep:reg="thy"
                     ecep:spe="thy"
                     ecep:syllab="1"
                     ecep:pron="ðaɪ">thy</w>
                  <c> </c>
                  <w xml:id="pye85-032370"
                     n="a-0370"
                     ecep:lem="eager"
                     ecep:pos="j"
                     ecep:reg="eager"
                     ecep:spe="eager"
                     ecep:syllab="2"
                     ecep:pron="ˈiːgə">eager</w>
                  <c> </c>
                  <w xml:id="pye85-032380"
                     n="a-0380"
                     ecep:lem="charm"
                     ecep:pos="j-vvg"
                     ecep:reg="charming"
                     ecep:spe="charming"
                     ecep:syllab="2"
                     ecep:pron="ˈtʃɑːmɪŋ">charming</w>
                  <c> </c>
                  <w xml:id="pye85-032390"
                     n="a-0390"
                     ecep:lem="eye"
                     ecep:pos="n2"
                     ecep:reg="eyes"
                     ecep:spe="eyes"
                     ecep:syllab="1"
                     ecep:pron="aɪz">eyes</w>
               </l>
               <l xml:id="pye85-l01725">
                  <c> </c>
                  <w xml:id="pye85-032400"
                     n="a-0400"
                     ecep:lem="run"
                     ecep:pos="vvb"
                     ecep:reg="Run"
                     ecep:spe="Run"
                     ecep:syllab="1"
                     ecep:pron="rʌn">Run</w>
                  <c> </c>
                  <w xml:id="pye85-032410"
                     n="a-0410"
                     ecep:lem="over"
                     ecep:pos="p-acp"
                     ecep:reg="over"
                     ecep:spe="o'er"
                     ecep:syllab="1"
                     ecep:pron="ˈɔːə">o'er</w>
                  <c> </c>
                  <w xml:id="pye85-032420"
                     n="a-0420"
                     ecep:lem="these"
                     ecep:pos="d"
                     ecep:reg="these"
                     ecep:spe="these"
                     ecep:syllab="1"
                     ecep:pron="ðiːz">these</w>
                  <c> </c>
                  <w xml:id="pye85-032430"
                     n="a-0430"
                     ecep:lem="line"
                     ecep:pos="n2"
                     ecep:reg="lines"
                     ecep:spe="lines"
                     ecep:syllab="1"
                     ecep:pron="laɪnz">lines</w>
                  <pc xml:id="pye85-032440"
                      n="a-0440"
                      ecep:lem=","
                      ecep:pos=","
                      ecep:reg=","
                      ecep:spe=",">,</pc>
                  <c> </c>
                  <w xml:id="pye85-032450"
                     n="a-0450"
                     ecep:lem="may"
                     ecep:pos="vmb"
                     ecep:reg="may"
                     ecep:spe="may"
                     ecep:syllab="1"
                     ecep:pron="meɪ">may</w>
                  <c> </c>
                  <w xml:id="pye85-032460"
                     n="a-0460"
                     ecep:lem="love"
                     ecep:pos="vvi"
                     ecep:reg="love"
                     ecep:spe="love"
                     ecep:syllab="1"
                     ecep:pron="lʌv">love</w>
                  <c> </c>
                  <w xml:id="pye85-032470"
                     n="a-0470"
                     ecep:lem="arise"
                     ecep:pos="vvi"
                     ecep:reg="arise"
                     ecep:spe="arise"
                     ecep:syllab="2"
                     ecep:pron="əˈraɪz">arise</w>
               </l>
               <l xml:id="pye85-l01730">
                  <c> </c>
                  <w xml:id="pye85-032480"
                     n="a-0480"
                     ecep:lem="within"
                     ecep:pos="p-acp"
                     ecep:reg="Within"
                     ecep:spe="Within"
                     ecep:syllab="2"
                     ecep:pron="wɪˈðɪn">Within</w>
                  <c> </c>
                  <w xml:id="pye85-032490"
                     n="a-0490"
                     ecep:lem="thy"
                     ecep:pos="po21"
                     ecep:reg="thy"
                     ecep:spe="thy"
                     ecep:syllab="1"
                     ecep:pron="ðaɪ">thy</w>
                  <c> </c>
                  <w xml:id="pye85-032500"
                     n="a-0500"
                     ecep:lem="breast"
                     ecep:pos="n1"
                     ecep:reg="breast"
                     ecep:spe="breast"
                     ecep:syllab="1"
                     ecep:pron="brest">breast</w>
                  <c> </c>
                  <w xml:id="pye85-032510"
                     n="a-0510"
                     ecep:lem="to"
                     ecep:pos="p-acp"
                     ecep:reg="to"
                     ecep:spe="to"
                     ecep:syllab="1"
                     ecep:pron="tuː">to</w>
                  <c> </c>
                  <w xml:id="pye85-032520"
                     n="a-0520"
                     ecep:lem="equal"
                     ecep:pos="j-jn"
                     ecep:reg="equal"
                     ecep:spe="equal"
                     ecep:syllab="2"
                     ecep:pron="ˈiːkwəl">equal</w>
                  <c> </c>
                  <w xml:id="pye85-032530"
                     n="a-0530"
                     ecep:lem="mine"
                     ecep:pos="n1"
                     ecep:reg="mine"
                     ecep:spe="mine"
                     ecep:syllab="1"
                     ecep:pron="maɪn">mine</w>
                  <pc xml:id="pye85-032540"
                      n="a-0540"
                      ecep:lem=","
                      ecep:pos=","
                      ecep:reg=","
                      ecep:spe=",">,</pc>
               </l>
               <l xml:id="pye85-l01735">
                  <c> </c>
                  <w xml:id="pye85-032550"
                     n="a-0550"
                     ecep:lem="nor"
                     ecep:pos="ccx"
                     ecep:reg="Nor"
                     ecep:spe="Nor"
                     ecep:syllab="1"
                     ecep:pron="nɔː">Nor</w>
                  <c> </c>
                  <w xml:id="pye85-032560"
                     n="a-0560"
                     ecep:lem="read"
                     ecep:pos="vvi"
                     ecep:reg="read"
                     ecep:spe="read"
                     ecep:syllab="1"
                     ecep:pron="riːd">read</w>
                  <c> </c>
                  <w xml:id="pye85-032570"
                     n="a-0570"
                     ecep:lem="in"
                     ecep:pos="p-acp"
                     ecep:reg="in"
                     ecep:spe="in"
                     ecep:syllab="1"
                     ecep:pron="ɪn">in</w>
                  <c> </c>
                  <w xml:id="pye85-032580"
                     n="a-0580"
                     ecep:lem="vain"
                     ecep:pos="j"
                     ecep:reg="vain"
                     ecep:spe="vain"
                     ecep:syllab="1"
                     ecep:pron="veɪn">vain</w>
                  <c> </c>
                  <w xml:id="pye85-032590"
                     n="a-0590"
                     ecep:lem="my"
                     ecep:pos="po11"
                     ecep:reg="my"
                     ecep:spe="my"
                     ecep:syllab="1"
                     ecep:pron="maɪ">my</w>
                  <c> </c>
                  <w xml:id="pye85-032600"
                     n="a-0600"
                     ecep:lem="valentine"
                     ecep:pos="n1"
                     ecep:reg="Valentine"
                     ecep:spe="Valentine"
                     ecep:syllab="3"
                     ecep:pron="ˈvæləntaɪn">Valentine</w>
                  <pc xml:id="pye85-032610"
                      n="a-0610"
                      unit="sentence"
                      ecep:lem="."
                      ecep:pos="."
                      ecep:reg="."
                      ecep:spe=".">.</pc>
                  <c> </c>
               </l>
            </lg>
            <lg xml:id="pye85-s00145">
               <l xml:id="pye85-l01740">
                  <w xml:id="pye85-032640"
                     n="a-0620"
                     ecep:lem="my"
                     ecep:pos="po11"
                     ecep:reg="My"
                     ecep:spe="My"
                     ecep:syllab="1"
                     ecep:pron="maɪ">My</w>
                  <c> </c>
                  <w xml:id="pye85-032650"
                     n="a-0630"
                     ecep:lem="powerless"
                     ecep:pos="j"
                     ecep:reg="powerless"
                     ecep:spe="powerless"
                     ecep:syllab="3"
                     ecep:pron="ˈpaʊələs">powerless</w>
                  <c> </c>
                  <w xml:id="pye85-032660"
                     n="a-0640"
                     ecep:lem="pen"
                     ecep:pos="n1"
                     ecep:reg="pen"
                     ecep:spe="pen"
                     ecep:syllab="1"
                     ecep:pron="pen">pen</w>
                  <c> </c>
                  <w xml:id="pye85-032670"
                     n="a-0650"
                     ecep:lem="despair"
                     ecep:pos="vvz"
                     ecep:reg="despairs"
                     ecep:spe="despairs"
                     ecep:syllab="2"
                     ecep:pron="dɪˈspeəz">despairs</w>
                  <c> </c>
                  <w xml:id="pye85-032680"
                     n="a-0660"
                     ecep:lem="to"
                     ecep:pos="pc-acp"
                     ecep:reg="to"
                     ecep:spe="to"
                     ecep:syllab="1"
                     ecep:pron="tuː">to</w>
                  <c> </c>
                  <w xml:id="pye85-032690"
                     n="a-0670"
                     ecep:lem="name"
                     ecep:pos="vvi"
                     ecep:reg="name"
                     ecep:spe="name"
                     ecep:syllab="1"
                     ecep:pron="neɪm">name</w>
               </l>
               <l xml:id="pye85-l01745">
                  <c> </c>
                  <w xml:id="pye85-032700"
                     n="a-0680"
                     ecep:lem="what"
                     ecep:pos="q-crq"
                     ecep:reg="What"
                     ecep:spe="What"
                     ecep:syllab="1"
                     ecep:pron="wɒt">What</w>
                  <c> </c>
                  <w xml:id="pye85-032710"
                     n="a-0690"
                     ecep:lem="rapture"
                     ecep:pos="n2"
                     ecep:reg="raptures"
                     ecep:spe="raptures"
                     ecep:syllab="2"
                     ecep:pron="ˈræptʃəz">raptures</w>
                  <c> </c>
                  <w xml:id="pye85-032720"
                     n="a-0700"
                     ecep:lem="wait"
                     ecep:pos="vvb"
                     ecep:reg="wait"
                     ecep:spe="wait"
                     ecep:syllab="1"
                     ecep:pron="weɪt">wait</w>
                  <c> </c>
                  <w xml:id="pye85-032730"
                     n="a-0710"
                     ecep:lem="a"
                     ecep:pos="dt"
                     ecep:reg="a"
                     ecep:spe="a"
                     ecep:syllab="1"
                     ecep:pron="ə">a</w>
                  <c> </c>
                  <w xml:id="pye85-032740"
                     n="a-0720"
                     ecep:lem="mutual"
                     ecep:pos="j"
                     ecep:reg="mutual"
                     ecep:spe="mutual"
                     ecep:syllab="3"
                     ecep:pron="ˈmjuːtʃuəl">mutual</w>
                  <c> </c>
                  <w xml:id="pye85-032750"
                     n="a-0730"
                     ecep:lem="flame"
                     ecep:pos="n1"
                     ecep:reg="flame"
                     ecep:spe="flame"
                     ecep:syllab="1"
                     ecep:pron="fleɪm">flame</w>
                  <pc xml:id="pye85-032760"
                      n="a-0740"
                      ecep:lem=";"
                      ecep:pos=";"
                      ecep:reg=";"
                      ecep:spe=";">;</pc>
               </l>
               <l xml:id="pye85-l01750">
                  <c> </c>
                  <w xml:id="pye85-032770"
                     n="a-0750"
                     ecep:lem="then"
                     ecep:pos="av"
                     ecep:reg="Then"
                     ecep:spe="Then"
                     ecep:syllab="1"
                     ecep:pron="ðen">Then</w>
                  <c> </c>
                  <w xml:id="pye85-032780"
                     n="a-0760"
                     ecep:lem="be"
                     ecep:pos="vbb"
                     ecep:reg="be"
                     ecep:spe="be"
                     ecep:syllab="1"
                     ecep:pron="biː">be</w>
                  <c> </c>
                  <w xml:id="pye85-032790"
                     n="a-0770"
                     ecep:lem="thy"
                     ecep:pos="po21"
                     ecep:reg="thy"
                     ecep:spe="thy"
                     ecep:syllab="1"
                     ecep:pron="ðaɪ">thy</w>
                  <c> </c>
                  <w xml:id="pye85-032800"
                     n="a-0780"
                     ecep:lem="soft"
                     ecep:pos="jc"
                     ecep:reg="softer"
                     ecep:spe="softer"
                     ecep:syllab="2"
                     ecep:pron="sɒftə">softer</w>
                  <c> </c>
                  <w xml:id="pye85-032810"
                     n="a-0790"
                     ecep:lem="wish"
                     ecep:pos="n2"
                     ecep:reg="wishes"
                     ecep:spe="wishes"
                     ecep:syllab="2"
                     ecep:pron="wɪʃɪz">wishes</w>
                  <c> </c>
                  <w xml:id="pye85-032820"
                     n="a-0800"
                     ecep:lem="mine"
                     ecep:pos="n1"
                     ecep:reg="mine"
                     ecep:spe="mine"
                     ecep:syllab="1"
                     ecep:pron="maɪn">mine</w>
                  <pc xml:id="pye85-032830"
                      n="a-0810"
                      ecep:lem=","
                      ecep:pos=","
                      ecep:reg=","
                      ecep:spe=",">,</pc>
               </l>
               <l xml:id="pye85-l01755">
                  <c> </c>
                  <w xml:id="pye85-032840"
                     n="a-0820"
                     ecep:lem="i|will"
                     ecep:pos="pns11|vmb"
                     ecep:reg="I'll"
                     ecep:spe="I'll"
                     ecep:syllab="1"
                     ecep:pron="ˈaɪl">I'll</w>
                  <c> </c>
                  <w xml:id="pye85-032850"
                     n="a-0830"
                     ecep:lem="bless"
                     ecep:pos="vvb"
                     ecep:reg="bless"
                     ecep:spe="bless"
                     ecep:syllab="1"
                     ecep:pron="bles">bless</w>
                  <c> </c>
                  <w xml:id="pye85-032860"
                     n="a-0840"
                     ecep:lem="the"
                     ecep:pos="dt"
                     ecep:reg="the"
                     ecep:spe="the"
                     ecep:syllab="1"
                     ecep:pron="ðiː">the</w>
                  <c> </c>
                  <w xml:id="pye85-032870"
                     n="a-0850"
                     ecep:lem="day"
                     ecep:pos="n1"
                     ecep:reg="day"
                     ecep:spe="day"
                     ecep:syllab="1"
                     ecep:pron="deɪ">day</w>
                  <c> </c>
                  <w xml:id="pye85-032880"
                     n="a-0860"
                     ecep:lem="of"
                     ecep:pos="pp-f"
                     ecep:reg="of"
                     ecep:spe="of"
                     ecep:syllab="1"
                     ecep:pron="ɒv">of</w>
                  <c> </c>
                  <w xml:id="pye85-032890"
                     n="a-0870"
                     ecep:lem="valentine"
                     ecep:pos="n1"
                     ecep:reg="Valentine"
                     ecep:spe="Valentine"
                     ecep:syllab="3"
                     ecep:pron="ˈvæləntaɪn">Valentine</w>
                  <pc xml:id="pye85-032900"
                      n="a-0880"
                      unit="sentence"
                      ecep:lem="."
                      ecep:pos="."
                      ecep:reg="."
                      ecep:spe=".">.</pc>
                  <c> </c>
               </l>
            </lg>
         </div>
      </body>
   </text>
</TEI>
