<?xml version="1.0" encoding="utf-8"?>
<!DOCTYPE div
  SYSTEM "about:legacy-compat">
<div xmlns:ecep="http://www.eighteenthcenturypoetry.org/ns"
     xmlns="http://www.tei-c.org/ns/1.0"
     xmlns:tei="http://www.tei-c.org/ns/1.0"
     ana="#iamb #tetrameter #trimeter #nine-line #intermittent #song"
     corresp="#txt_BailJo1762_w0064"
     decls="#semi-normalized"
     ecep:syllab="8.6.8.6.8.7.7.8.6"
     met="-+|-+|-+|-+/ -+|-+|-+/ -+|-+|-+|-+/ -+|-+|-+/ -+|-+|-+|-+/ -+|-+|-+|-/ -+|-+|-+|-/ -+|-+|-+|-+/ -+|-+|-+/"
     rendition="#lgvspace"
     rhyme="abxbxcxac"
     subtype="eceptext"
     type="poem"
     xml:id="bjb18-w0640">
   <link target="authors.xml#aut_BailJo1762" type="author"/>
   <head type="main">
      <w xml:id="bjb18-492790"
         n="a-0010"
         ecep:lem="song"
         ecep:pos="n1"
         ecep:reg="SONG"
         ecep:spe="SONG"
         ecep:syllab="1"
         ecep:pron="sɒŋ">SONG</w>
      <pc xml:id="bjb18-492800"
          n="a-0020"
          ecep:lem=","
          ecep:pos=","
          ecep:reg=","
          ecep:spe=",">,</pc>
   </head>
   <head type="sub">
      <w xml:id="bjb18-492830"
         n="a-0030"
         ecep:lem="a"
         ecep:pos="dt"
         ecep:reg="A"
         ecep:spe="A"
         ecep:syllab="1"
         ecep:pron="ə">A</w>
      <c> </c>
      <w xml:id="bjb18-492840"
         n="a-0040"
         ecep:lem="new"
         ecep:pos="j"
         ecep:reg="NEW"
         ecep:spe="NEW"
         ecep:syllab="1"
         ecep:pron="njuː">NEW</w>
      <c> </c>
      <w xml:id="bjb18-492850"
         n="a-0050"
         ecep:lem="version"
         ecep:pos="n1"
         ecep:reg="VERSION"
         ecep:spe="VERSION"
         ecep:syllab="2"
         ecep:pron="ˈvɜːʃn">VERSION</w>
      <c> </c>
      <w xml:id="bjb18-492860"
         n="a-0060"
         ecep:lem="of"
         ecep:pos="pp-f"
         ecep:reg="OF"
         ecep:spe="OF"
         ecep:syllab="1"
         ecep:pron="ɒv">OF</w>
      <c> </c>
      <w xml:id="bjb18-492870"
         n="a-0070"
         ecep:lem="a"
         ecep:pos="dt"
         ecep:reg="AN"
         ecep:spe="AN"
         ecep:syllab="1"
         ecep:pron="æn">AN</w>
      <c> </c>
      <w xml:id="bjb18-492880"
         n="a-0080"
         ecep:lem="old"
         ecep:pos="j"
         ecep:reg="OLD"
         ecep:spe="OLD"
         ecep:syllab="1"
         ecep:pron="əʊld">OLD</w>
      <c> </c>
      <w xml:id="bjb18-492890"
         n="a-0090"
         ecep:lem="scotch"
         ecep:pos="jp"
         ecep:reg="SCOTCH"
         ecep:spe="SCOTCH"
         ecep:syllab="1"
         ecep:pron="skɒtʃ">SCOTCH</w>
      <c> </c>
      <w xml:id="bjb18-492900"
         n="a-0100"
         ecep:lem="song"
         ecep:pos="n1"
         ecep:reg="SONG"
         ecep:spe="SONG"
         ecep:syllab="1"
         ecep:pron="sɒŋ">SONG</w>
      <pc xml:id="bjb18-492910"
          n="a-0110"
          unit="sentence"
          ecep:lem="."
          ecep:pos="."
          ecep:reg="."
          ecep:spe=".">.</pc>
   </head>
   <lg xml:id="bjb18-s03215">
      <l xml:id="bjb18-l26705">
         <c> </c>
         <pc xml:id="bjb18-492940"
             n="a-0120"
             ecep:lem="&#34;"
             ecep:pos="&#34;"
             ecep:reg="&#34;"
             ecep:spe="&#34;">"</pc>
         <hi rendition="#sc">
            <w xml:id="bjb18-492950"
               n="a-0130"
               ecep:lem="see"
               ecep:pos="vvd"
               ecep:reg="SAW"
               ecep:spe="SAW"
               ecep:syllab="1"
               ecep:pron="sɔː">SAW</w>
         </hi>
         <c> </c>
         <w xml:id="bjb18-492960"
            n="a-0140"
            ecep:lem="you"
            ecep:pos="pn22"
            ecep:reg="you"
            ecep:spe="ye"
            ecep:syllab="1"
            ecep:pron="jiː">ye</w>
         <c> </c>
         <w xml:id="bjb18-492970"
            n="a-0150"
            ecep:lem="Johnny"
            ecep:pos="np1"
            ecep:reg="Johnny"
            ecep:spe="Johnny"
            ecep:syllab="2"
            ecep:pron="ˈdʒɒni">Johnny</w>
         <c> </c>
         <w xml:id="bjb18-492980"
            n="a-0160"
            ecep:lem="come"
            ecep:pos="vvg"
            ecep:reg="coming"
            ecep:spe="comin"
            ecep:syllab="2"
            ecep:pron="kˈɒmɪn">comin</w>
         <pc xml:id="bjb18-492990"
             n="a-0170"
             ecep:lem="?"
             ecep:pos="?"
             ecep:reg="?"
             ecep:spe="?">?</pc>
         <pc xml:id="bjb18-493000"
             n="a-0180"
             ecep:lem="&#34;"
             ecep:pos="&#34;"
             ecep:reg="&#34;"
             ecep:spe="&#34;">"</pc>
         <c> </c>
         <w xml:id="bjb18-493010"
            n="a-0190"
            ecep:lem="quo"
            ecep:pos="fw-la"
            ecep:reg="quo"
            ecep:spe="quo"
            ecep:syllab="1"
            ecep:pron="kwəʊ">quo</w>
         <pc xml:id="bjb18-493020"
             n="a-0200"
             ecep:lem="'"
             ecep:pos="'"
             ecep:reg="'"
             ecep:spe="'">'</pc>
         <c> </c>
         <w xml:id="bjb18-493030"
            n="a-0210"
            ecep:lem="she"
            ecep:pos="pns31"
            ecep:reg="she"
            ecep:spe="she"
            ecep:syllab="1"
            ecep:pron="ʃiː">she</w>
         <pc xml:id="bjb18-493040"
             n="a-0220"
             ecep:lem=","
             ecep:pos=","
             ecep:reg=","
             ecep:spe=",">,</pc>
      </l>
      <l xml:id="bjb18-l26710">
         <c> </c>
         <pc xml:id="bjb18-493050"
             n="a-0230"
             ecep:lem="&#34;"
             ecep:pos="&#34;"
             ecep:reg="&#34;"
             ecep:spe="&#34;">"</pc>
         <w xml:id="bjb18-493060"
            n="a-0240"
            ecep:lem="see"
            ecep:pos="vvd"
            ecep:reg="Saw"
            ecep:spe="Saw"
            ecep:syllab="1"
            ecep:pron="sɔː">Saw</w>
         <c> </c>
         <w xml:id="bjb18-493070"
            n="a-0250"
            ecep:lem="you"
            ecep:pos="pn22"
            ecep:reg="you"
            ecep:spe="ye"
            ecep:syllab="1"
            ecep:pron="jiː">ye</w>
         <c> </c>
         <w xml:id="bjb18-493080"
            n="a-0260"
            ecep:lem="Johnny"
            ecep:pos="np1"
            ecep:reg="Johnny"
            ecep:spe="Johnny"
            ecep:syllab="2"
            ecep:pron="ˈdʒɒni">Johnny</w>
         <c> </c>
         <w xml:id="bjb18-493090"
            n="a-0270"
            ecep:lem="come"
            ecep:pos="vvg"
            ecep:reg="coming"
            ecep:spe="comin"
            ecep:syllab="2"
            ecep:pron="kˈɒmɪn">comin</w>
         <pc xml:id="bjb18-493100"
             n="a-0280"
             unit="sentence"
             ecep:lem="?"
             ecep:pos="?"
             ecep:reg="?"
             ecep:spe="?">?</pc>
         <c> </c>
      </l>
      <l xml:id="bjb18-l26715">
         <w xml:id="bjb18-493110"
            n="a-0290"
            ecep:lem="with"
            ecep:pos="p-acp"
            ecep:reg="With"
            ecep:spe="Wi'"
            ecep:syllab="1"
            ecep:pron="wˈaɪ">Wi'</w>
         <c> </c>
         <w xml:id="bjb18-493120"
            n="a-0300"
            ecep:lem="his"
            ecep:pos="po31"
            ecep:reg="his"
            ecep:spe="his"
            ecep:syllab="1"
            ecep:pron="hɪz">his</w>
         <c> </c>
         <w xml:id="bjb18-493130"
            n="a-0310"
            ecep:lem="blue"
            ecep:pos="j-jn"
            ecep:reg="blue"
            ecep:spe="blue"
            ecep:syllab="1"
            ecep:pron="bluː">blue</w>
         <c> </c>
         <w xml:id="bjb18-493140"
            n="a-0320"
            ecep:lem="bonnet"
            ecep:pos="n1"
            ecep:reg="bonnet"
            ecep:spe="bonnet"
            ecep:syllab="2"
            ecep:pron="ˈbɒnɪt">bonnet</w>
         <c> </c>
         <w xml:id="bjb18-493150"
            n="a-0330"
            ecep:lem="on"
            ecep:pos="p-acp"
            ecep:reg="on"
            ecep:spe="on"
            ecep:syllab="1"
            ecep:pron="ɒn">on</w>
         <c> </c>
         <w xml:id="bjb18-493160"
            n="a-0340"
            ecep:lem="his"
            ecep:pos="po31"
            ecep:reg="his"
            ecep:spe="his"
            ecep:syllab="1"
            ecep:pron="hɪz">his</w>
         <c> </c>
         <w xml:id="bjb18-493170"
            n="a-0350"
            ecep:lem="head"
            ecep:pos="n1"
            ecep:reg="head"
            ecep:spe="head"
            ecep:syllab="1"
            ecep:pron="hed">head</w>
         <pc xml:id="bjb18-493180"
             n="a-0360"
             ecep:lem=","
             ecep:pos=","
             ecep:reg=","
             ecep:spe=",">,</pc>
      </l>
      <l xml:id="bjb18-l26720">
         <c> </c>
         <w xml:id="bjb18-493190"
            n="a-0370"
            ecep:lem="and"
            ecep:pos="cc"
            ecep:reg="And"
            ecep:spe="And"
            ecep:syllab="1"
            ecep:pron="ænd">And</w>
         <c> </c>
         <w xml:id="bjb18-493200"
            n="a-0380"
            ecep:lem="his"
            ecep:pos="po31"
            ecep:reg="his"
            ecep:spe="his"
            ecep:syllab="1"
            ecep:pron="hɪz">his</w>
         <c> </c>
         <w xml:id="bjb18-493210"
            n="a-0390"
            ecep:lem="doggie"
            ecep:pos="n1"
            ecep:reg="doggie"
            ecep:spe="doggie"
            ecep:syllab="2"
            ecep:pron="ˈdɒgi">doggie</w>
         <c> </c>
         <w xml:id="bjb18-493220"
            n="a-0400"
            ecep:lem="runnin"
            ecep:pos="j"
            ecep:reg="runnin"
            ecep:spe="runnin"
            ecep:syllab="2"
            ecep:pron="rˈʌnɪn">runnin</w>
         <pc xml:id="bjb18-493230"
             n="a-0410"
             unit="sentence"
             ecep:lem="."
             ecep:pos="."
             ecep:reg="."
             ecep:spe=".">.</pc>
         <c> </c>
      </l>
      <l xml:id="bjb18-l26725">
         <w xml:id="bjb18-493240"
            n="a-0420"
            ecep:lem="yestreen"
            ecep:pos="n1"
            ecep:reg="Yestreen"
            ecep:spe="Yestreen"
            ecep:syllab="2"
            ecep:pron="jeˈstriːn">Yestreen</w>
         <c> </c>
         <w xml:id="bjb18-493250"
            n="a-0430"
            ecep:lem="about"
            ecep:pos="p-acp"
            ecep:reg="about"
            ecep:spe="about"
            ecep:syllab="2"
            ecep:pron="əˈbaʊt">about</w>
         <c> </c>
         <w xml:id="bjb18-493260"
            n="a-0440"
            ecep:lem="the"
            ecep:pos="dt"
            ecep:reg="the"
            ecep:spe="the"
            ecep:syllab="1"
            ecep:pron="ðiː">the</w>
         <c> </c>
         <w xml:id="bjb18-493270"
            n="a-0450"
            ecep:lem="gloamin"
            ecep:pos="n1"
            ecep:reg="gloamin"
            ecep:spe="gloamin"
            ecep:syllab="2"
            ecep:pron="glˈəʊmɪn">gloamin</w>
         <c> </c>
         <w xml:id="bjb18-493280"
            n="a-0460"
            ecep:lem="time"
            ecep:pos="n1"
            ecep:reg="time"
            ecep:spe="time"
            ecep:syllab="1"
            ecep:pron="taɪm">time</w>
      </l>
      <l xml:id="bjb18-l26730">
         <c> </c>
         <w xml:id="bjb18-493290"
            n="a-0470"
            ecep:lem="i"
            ecep:pos="pns11"
            ecep:reg="I"
            ecep:spe="I"
            ecep:syllab="1"
            ecep:pron="aɪ">I</w>
         <c> </c>
         <w xml:id="bjb18-493300"
            n="a-0480"
            ecep:lem="chance"
            ecep:pos="vvd"
            ecep:reg="chanced"
            ecep:spe="chanced"
            ecep:syllab="2"
            ecep:pron="tʃɑːnst">chanced</w>
         <c> </c>
         <w xml:id="bjb18-493310"
            n="a-0490"
            ecep:lem="to"
            ecep:pos="pc-acp"
            ecep:reg="to"
            ecep:spe="to"
            ecep:syllab="1"
            ecep:pron="tuː">to</w>
         <c> </c>
         <w xml:id="bjb18-493320"
            n="a-0500"
            ecep:lem="see"
            ecep:pos="vvi"
            ecep:reg="see"
            ecep:spe="see"
            ecep:syllab="1"
            ecep:pron="siː">see</w>
         <c> </c>
         <w xml:id="bjb18-493330"
            n="a-0510"
            ecep:lem="he"
            ecep:pos="pno31"
            ecep:reg="him"
            ecep:spe="him"
            ecep:syllab="1"
            ecep:pron="hɪm">him</w>
         <c> </c>
         <w xml:id="bjb18-493340"
            n="a-0520"
            ecep:lem="come"
            ecep:pos="vvg"
            ecep:reg="coming"
            ecep:spe="comin"
            ecep:syllab="2"
            ecep:pron="kˈɒmɪn">comin</w>
         <pc xml:id="bjb18-493350"
             n="a-0530"
             ecep:lem=","
             ecep:pos=","
             ecep:reg=","
             ecep:spe=",">,</pc>
      </l>
      <l xml:id="bjb18-l26735">
         <c> </c>
         <w xml:id="bjb18-493360"
            n="a-0540"
            ecep:lem="whistle"
            ecep:pos="j-vvg"
            ecep:reg="Whistling"
            ecep:spe="Whistling"
            ecep:syllab="2"
            ecep:pron="ˈwɪslɪŋ">Whistling</w>
         <c> </c>
         <w xml:id="bjb18-493370"
            n="a-0550"
            ecep:lem="merry"
            ecep:pos="av-j"
            ecep:reg="merrily"
            ecep:spe="merrily"
            ecep:syllab="3"
            ecep:pron="ˈmerli">merrily</w>
         <c> </c>
         <w xml:id="bjb18-493380"
            n="a-0560"
            ecep:lem="the"
            ecep:pos="dt"
            ecep:reg="the"
            ecep:spe="the"
            ecep:syllab="1"
            ecep:pron="ðiː">the</w>
         <c> </c>
         <w xml:id="bjb18-493390"
            n="a-0570"
            ecep:lem="tune"
            ecep:pos="n1"
            ecep:reg="tune"
            ecep:spe="tune"
            ecep:syllab="1"
            ecep:pron="tʃuːn">tune</w>
      </l>
      <l xml:id="bjb18-l26740">
         <c> </c>
         <w xml:id="bjb18-493400"
            n="a-0580"
            ecep:lem="that"
            ecep:pos="cst"
            ecep:reg="That"
            ecep:spe="That"
            ecep:syllab="1"
            ecep:pron="ðæt">That</w>
         <c> </c>
         <w xml:id="bjb18-493410"
            n="a-0590"
            ecep:lem="i"
            ecep:pos="pns11"
            ecep:reg="I"
            ecep:spe="I"
            ecep:syllab="1"
            ecep:pron="aɪ">I</w>
         <c> </c>
         <w xml:id="bjb18-493420"
            n="a-0600"
            ecep:lem="be"
            ecep:pos="vbm"
            ecep:reg="am"
            ecep:spe="am"
            ecep:syllab="1"
            ecep:pron="æm">am</w>
         <c> </c>
         <w xml:id="bjb18-493430"
            n="a-0610"
            ecep:lem="all"
            ecep:pos="d"
            ecep:reg="of"
            ecep:spe="a'"
            ecep:syllab="1"
            ecep:pron="ə">a'</w>
         <c> </c>
         <w xml:id="bjb18-493440"
            n="a-0620"
            ecep:lem="day"
            ecep:pos="n1"
            ecep:reg="day"
            ecep:spe="day"
            ecep:syllab="1"
            ecep:pron="deɪ">day</w>
         <c> </c>
         <w xml:id="bjb18-493450"
            n="a-0630"
            ecep:lem="hummin"
            ecep:pos="n1"
            ecep:reg="hummin"
            ecep:spe="hummin"
            ecep:syllab="2"
            ecep:pron="hˈʌmɪn">hummin</w>
         <pc xml:id="bjb18-493460"
             n="a-0640"
             ecep:lem=","
             ecep:pos=","
             ecep:reg=","
             ecep:spe=",">,</pc>
         <pc xml:id="bjb18-493470"
             n="a-0650"
             ecep:lem="&#34;"
             ecep:pos="&#34;"
             ecep:reg="&#34;"
             ecep:spe="&#34;">"</pc>
         <c> </c>
         <w xml:id="bjb18-493480"
            n="a-0660"
            ecep:lem="quo"
            ecep:pos="fw-la"
            ecep:reg="quo"
            ecep:spe="quo"
            ecep:syllab="1"
            ecep:pron="kwəʊ">quo</w>
         <pc xml:id="bjb18-493490"
             n="a-0670"
             ecep:lem="'"
             ecep:pos="'"
             ecep:reg="'"
             ecep:spe="'">'</pc>
         <c> </c>
         <w xml:id="bjb18-493500"
            n="a-0680"
            ecep:lem="she"
            ecep:pos="pns31"
            ecep:reg="she"
            ecep:spe="she"
            ecep:syllab="1"
            ecep:pron="ʃiː">she</w>
         <pc xml:id="bjb18-493510"
             n="a-0690"
             ecep:lem=","
             ecep:pos=","
             ecep:reg=","
             ecep:spe=",">,</pc>
      </l>
      <l rendition="#h_6" xml:id="bjb18-l26745">
         <c> </c>
         <pc xml:id="bjb18-493520"
             n="a-0700"
             ecep:lem="&#34;"
             ecep:pos="&#34;"
             ecep:reg="&#34;"
             ecep:spe="&#34;">"</pc>
         <w xml:id="bjb18-493530"
            n="a-0710"
            ecep:lem="i"
            ecep:pos="pns11"
            ecep:reg="I"
            ecep:spe="I"
            ecep:syllab="1"
            ecep:pron="aɪ">I</w>
         <c> </c>
         <w xml:id="bjb18-493540"
            n="a-0720"
            ecep:lem="be"
            ecep:pos="vbm"
            ecep:reg="am"
            ecep:spe="am"
            ecep:syllab="1"
            ecep:pron="æm">am</w>
         <c> </c>
         <w xml:id="bjb18-493550"
            n="a-0730"
            ecep:lem="all"
            ecep:pos="d"
            ecep:reg="of"
            ecep:spe="a'"
            ecep:syllab="1"
            ecep:pron="ə">a'</w>
         <c> </c>
         <w xml:id="bjb18-493560"
            n="a-0740"
            ecep:lem="day"
            ecep:pos="n1"
            ecep:reg="day"
            ecep:spe="day"
            ecep:syllab="1"
            ecep:pron="deɪ">day</w>
         <c> </c>
         <w xml:id="bjb18-493570"
            n="a-0750"
            ecep:lem="hummin"
            ecep:pos="n1"
            ecep:reg="hummin"
            ecep:spe="hummin"
            ecep:syllab="2"
            ecep:pron="hˈʌmɪn">hummin</w>
         <pc xml:id="bjb18-493580"
             n="a-0760"
             ecep:lem="."
             ecep:pos="."
             ecep:reg="."
             ecep:spe=".">.</pc>
         <pc xml:id="bjb18-493590"
             n="a-0770"
             unit="sentence"
             ecep:lem="&#34;"
             ecep:pos="&#34;"
             ecep:reg="&#34;"
             ecep:spe="&#34;">"</pc>
         <c> </c>
      </l>
   </lg>
   <lg xml:id="bjb18-s03220">
      <l xml:id="bjb18-l26750">
         <c> </c>
         <pc xml:id="bjb18-493620"
             n="a-0780"
             ecep:lem="&#34;"
             ecep:pos="&#34;"
             ecep:reg="&#34;"
             ecep:spe="&#34;">"</pc>
         <w xml:id="bjb18-493630"
            n="a-0790"
            ecep:lem="fee"
            ecep:pos="n1"
            ecep:reg="Fee"
            ecep:spe="Fee"
            ecep:syllab="1"
            ecep:pron="fiː">Fee</w>
         <c> </c>
         <w xml:id="bjb18-493640"
            n="a-0800"
            ecep:lem="he"
            ecep:pos="pno31"
            ecep:reg="him"
            ecep:spe="him"
            ecep:syllab="1"
            ecep:pron="hɪm">him</w>
         <pc xml:id="bjb18-493650"
             n="a-0810"
             ecep:lem=","
             ecep:pos=","
             ecep:reg=","
             ecep:spe=",">,</pc>
         <c> </c>
         <w xml:id="bjb18-493660"
            n="a-0820"
            ecep:lem="faither"
            ecep:pos="av"
            ecep:reg="faither"
            ecep:spe="faither"
            ecep:syllab="2"
            ecep:pron="ˈfeðər">faither</w>
         <pc xml:id="bjb18-493670"
             n="a-0830"
             ecep:lem=","
             ecep:pos=","
             ecep:reg=","
             ecep:spe=",">,</pc>
         <c> </c>
         <w xml:id="bjb18-493680"
            n="a-0840"
            ecep:lem="fee"
            ecep:pos="n1"
            ecep:reg="fee"
            ecep:spe="fee"
            ecep:syllab="1"
            ecep:pron="fiː">fee</w>
         <c> </c>
         <w xml:id="bjb18-493690"
            n="a-0850"
            ecep:lem="he"
            ecep:pos="pno31"
            ecep:reg="him"
            ecep:spe="him"
            ecep:syllab="1"
            ecep:pron="hɪm">him</w>
         <pc xml:id="bjb18-493700"
             n="a-0860"
             ecep:lem=","
             ecep:pos=","
             ecep:reg=","
             ecep:spe=",">,</pc>
         <pc xml:id="bjb18-493710"
             n="a-0870"
             ecep:lem="&#34;"
             ecep:pos="&#34;"
             ecep:reg="&#34;"
             ecep:spe="&#34;">"</pc>
         <c> </c>
         <w xml:id="bjb18-493720"
            n="a-0880"
            ecep:lem="quo"
            ecep:pos="fw-la"
            ecep:reg="quo"
            ecep:spe="quo"
            ecep:syllab="1"
            ecep:pron="kwəʊ">quo</w>
         <pc xml:id="bjb18-493730"
             n="a-0890"
             ecep:lem="'"
             ecep:pos="'"
             ecep:reg="'"
             ecep:spe="'">'</pc>
         <c> </c>
         <w xml:id="bjb18-493740"
            n="a-0900"
            ecep:lem="she"
            ecep:pos="pns31"
            ecep:reg="she"
            ecep:spe="she"
            ecep:syllab="1"
            ecep:pron="ʃiː">she</w>
         <pc xml:id="bjb18-493750"
             n="a-0910"
             ecep:lem=","
             ecep:pos=","
             ecep:reg=","
             ecep:spe=",">,</pc>
      </l>
      <l xml:id="bjb18-l26755">
         <c> </c>
         <pc xml:id="bjb18-493760"
             n="a-0920"
             ecep:lem="&#34;"
             ecep:pos="&#34;"
             ecep:reg="&#34;"
             ecep:spe="&#34;">"</pc>
         <w xml:id="bjb18-493770"
            n="a-0930"
            ecep:lem="fee"
            ecep:pos="n1"
            ecep:reg="Fee"
            ecep:spe="Fee"
            ecep:syllab="1"
            ecep:pron="fiː">Fee</w>
         <c> </c>
         <w xml:id="bjb18-493780"
            n="a-0940"
            ecep:lem="he"
            ecep:pos="pno31"
            ecep:reg="him"
            ecep:spe="him"
            ecep:syllab="1"
            ecep:pron="hɪm">him</w>
         <pc xml:id="bjb18-493790"
             n="a-0950"
             ecep:lem=","
             ecep:pos=","
             ecep:reg=","
             ecep:spe=",">,</pc>
         <c> </c>
         <w xml:id="bjb18-493800"
            n="a-0960"
            ecep:lem="faither"
            ecep:pos="av"
            ecep:reg="faither"
            ecep:spe="faither"
            ecep:syllab="2"
            ecep:pron="ˈfeðər">faither</w>
         <pc xml:id="bjb18-493810"
             n="a-0970"
             ecep:lem=","
             ecep:pos=","
             ecep:reg=","
             ecep:spe=",">,</pc>
         <c> </c>
         <w xml:id="bjb18-493820"
            n="a-0980"
            ecep:lem="fee"
            ecep:pos="n1"
            ecep:reg="fee"
            ecep:spe="fee"
            ecep:syllab="1"
            ecep:pron="fiː">fee</w>
         <c> </c>
         <w xml:id="bjb18-493830"
            n="a-0990"
            ecep:lem="he"
            ecep:pos="pno31"
            ecep:reg="him"
            ecep:spe="him"
            ecep:syllab="1"
            ecep:pron="hɪm">him</w>
         <pc xml:id="bjb18-493840"
             n="a-1000"
             ecep:lem=";"
             ecep:pos=";"
             ecep:reg=";"
             ecep:spe=";">;</pc>
      </l>
      <pb n="329" rend="none"/>
      <l xml:id="bjb18-l26760">
         <c> </c>
         <w xml:id="bjb18-493850"
            n="a-0010"
            ecep:lem="of"
            ecep:pos="pp-f"
            ecep:reg="OF"
            ecep:spe="A'"
            ecep:syllab="1"
            ecep:pron="ə">A'</w>
         <c> </c>
         <w xml:id="bjb18-493860"
            n="a-0020"
            ecep:lem="the"
            ecep:pos="dt"
            ecep:reg="the"
            ecep:spe="the"
            ecep:syllab="1"
            ecep:pron="ðiː">the</w>
         <c> </c>
         <w xml:id="bjb18-493870"
            n="a-0030"
            ecep:lem="wark"
            ecep:pos="n1"
            ecep:reg="work"
            ecep:spe="wark"
            ecep:syllab="1"
            ecep:pron="wɑːrk">wark</w>
         <c> </c>
         <w xml:id="bjb18-493880"
            n="a-0040"
            ecep:lem="about"
            ecep:pos="p-acp"
            ecep:reg="about"
            ecep:spe="about"
            ecep:syllab="2"
            ecep:pron="əˈbaʊt">about</w>
         <c> </c>
         <w xml:id="bjb18-493890"
            n="a-0050"
            ecep:lem="the"
            ecep:pos="dt"
            ecep:reg="the"
            ecep:spe="the"
            ecep:syllab="1"
            ecep:pron="ðiː">the</w>
         <c> </c>
         <w xml:id="bjb18-493900"
            n="a-0060"
            ecep:lem="house"
            ecep:pos="n1"
            ecep:reg="house"
            ecep:spe="house"
            ecep:syllab="1"
            ecep:pron="haʊz">house</w>
      </l>
      <l xml:id="bjb18-l26765">
         <c> </c>
         <w xml:id="bjb18-493910"
            n="a-0070"
            ecep:lem="Gaes"
            ecep:pos="np1"
            ecep:reg="Gaes"
            ecep:spe="Gaes"
            ecep:syllab="1"
            ecep:pron="gˈiːz">Gaes</w>
         <c> </c>
         <w xml:id="bjb18-493920"
            n="a-0080"
            ecep:lem="with"
            ecep:pos="p-acp"
            ecep:reg="with"
            ecep:spe="wi'"
            ecep:syllab="1"
            ecep:pron="wˈaɪ">wi'</w>
         <c> </c>
         <w xml:id="bjb18-493930"
            n="a-0090"
            ecep:lem="i"
            ecep:pos="pno11"
            ecep:reg="me"
            ecep:spe="me"
            ecep:syllab="1"
            ecep:pron="miː">me</w>
         <c> </c>
         <w xml:id="bjb18-493940"
            n="a-0100"
            ecep:lem="when"
            ecep:pos="c-crq"
            ecep:reg="when"
            ecep:spe="whan"
            ecep:syllab="1"
            ecep:pron="wˈæn">whan</w>
         <c> </c>
         <w xml:id="bjb18-493950"
            n="a-0110"
            ecep:lem="i"
            ecep:pos="pns11"
            ecep:reg="I"
            ecep:spe="I"
            ecep:syllab="1"
            ecep:pron="aɪ">I</w>
         <c> </c>
         <w xml:id="bjb18-493960"
            n="a-0120"
            ecep:lem="see"
            ecep:pos="vvb"
            ecep:reg="see"
            ecep:spe="see"
            ecep:syllab="1"
            ecep:pron="siː">see</w>
         <c> </c>
         <w xml:id="bjb18-493970"
            n="a-0130"
            ecep:lem="he"
            ecep:pos="pno31"
            ecep:reg="him"
            ecep:spe="him"
            ecep:syllab="1"
            ecep:pron="hɪm">him</w>
         <pc xml:id="bjb18-493980"
             n="a-0140"
             ecep:lem=":"
             ecep:pos=":"
             ecep:reg=":"
             ecep:spe=":">:</pc>
      </l>
      <l xml:id="bjb18-l26770">
         <c> </c>
         <w xml:id="bjb18-493990"
            n="a-0150"
            ecep:lem="of"
            ecep:pos="pp-f"
            ecep:reg="OF"
            ecep:spe="A'"
            ecep:syllab="1"
            ecep:pron="ə">A'</w>
         <c> </c>
         <w xml:id="bjb18-494000"
            n="a-0160"
            ecep:lem="the"
            ecep:pos="dt"
            ecep:reg="the"
            ecep:spe="the"
            ecep:syllab="1"
            ecep:pron="ðiː">the</w>
         <c> </c>
         <w xml:id="bjb18-494010"
            n="a-0170"
            ecep:lem="wark"
            ecep:pos="n1"
            ecep:reg="work"
            ecep:spe="wark"
            ecep:syllab="1"
            ecep:pron="wɑːrk">wark</w>
         <c> </c>
         <w xml:id="bjb18-494020"
            n="a-0180"
            ecep:lem="about"
            ecep:pos="p-acp"
            ecep:reg="about"
            ecep:spe="about"
            ecep:syllab="2"
            ecep:pron="əˈbaʊt">about</w>
         <c> </c>
         <w xml:id="bjb18-494030"
            n="a-0190"
            ecep:lem="the"
            ecep:pos="dt"
            ecep:reg="the"
            ecep:spe="the"
            ecep:syllab="1"
            ecep:pron="ðiː">the</w>
         <c> </c>
         <w xml:id="bjb18-494040"
            n="a-0200"
            ecep:lem="house"
            ecep:pos="n1"
            ecep:reg="house"
            ecep:spe="house"
            ecep:syllab="1"
            ecep:pron="haʊz">house</w>
         <pc xml:id="bjb18-494050"
             n="a-0210"
             ecep:lem=","
             ecep:pos=","
             ecep:reg=","
             ecep:spe=",">,</pc>
      </l>
      <l xml:id="bjb18-l26775">
         <c> </c>
         <w xml:id="bjb18-494060"
            n="a-0220"
            ecep:lem="i"
            ecep:pos="pns11"
            ecep:reg="I"
            ecep:spe="I"
            ecep:syllab="1"
            ecep:pron="aɪ">I</w>
         <c> </c>
         <w xml:id="bjb18-494070"
            n="a-0230"
            ecep:lem="go"
            ecep:pos="vvb"
            ecep:reg="gang"
            ecep:spe="gang"
            ecep:syllab="1"
            ecep:pron="gæŋ">gang</w>
         <c> </c>
         <w xml:id="bjb18-494080"
            n="a-0240"
            ecep:lem="so"
            ecep:pos="av"
            ecep:reg="sae"
            ecep:spe="sae"
            ecep:syllab="1"
            ecep:pron="ˌeseɪˈiː">sae</w>
         <c> </c>
         <w xml:id="bjb18-494090"
            n="a-0250"
            ecep:lem="light"
            ecep:pos="av-j"
            ecep:reg="lightly"
            ecep:spe="lightly"
            ecep:syllab="2"
            ecep:pron="laɪtli">lightly</w>
         <c> </c>
         <w xml:id="bjb18-494100"
            n="a-0260"
            ecep:lem="through"
            ecep:pos="p-acp"
            ecep:reg="through"
            ecep:spe="through"
            ecep:syllab="1"
            ecep:pron="θruː">through</w>
         <c> </c>
         <w xml:id="bjb18-494110"
            n="a-0270"
            ecep:lem="it"
            ecep:pos="pn31"
            ecep:reg="it"
            ecep:spe="it"
            ecep:syllab="1"
            ecep:pron="ɪt">it</w>
         <pc xml:id="bjb18-494120"
             n="a-0280"
             ecep:lem=";"
             ecep:pos=";"
             ecep:reg=";"
             ecep:spe=";">;</pc>
      </l>
      <l xml:id="bjb18-l26780">
         <c> </c>
         <w xml:id="bjb18-494130"
            n="a-0290"
            ecep:lem="and"
            ecep:pos="cc"
            ecep:reg="And"
            ecep:spe="And"
            ecep:syllab="1"
            ecep:pron="ænd">And</w>
         <c> </c>
         <w xml:id="bjb18-494140"
            n="a-0300"
            ecep:lem="though"
            ecep:pos="c-acp"
            ecep:reg="though"
            ecep:spe="though"
            ecep:syllab="1"
            ecep:pron="ðəʊ">though</w>
         <c> </c>
         <w xml:id="bjb18-494150"
            n="a-0310"
            ecep:lem="you"
            ecep:pos="pn22"
            ecep:reg="you"
            ecep:spe="ye"
            ecep:syllab="1"
            ecep:pron="jiː">ye</w>
         <c> </c>
         <w xml:id="bjb18-494160"
            n="a-0320"
            ecep:lem="pay"
            ecep:pos="vvb"
            ecep:reg="pay"
            ecep:spe="pay"
            ecep:syllab="1"
            ecep:pron="peɪ">pay</w>
         <c> </c>
         <w xml:id="bjb18-494170"
            n="a-0330"
            ecep:lem="some"
            ecep:pos="d"
            ecep:reg="some"
            ecep:spe="some"
            ecep:syllab="1"
            ecep:pron="sʌm">some</w>
         <c> </c>
         <w xml:id="bjb18-494180"
            n="a-0340"
            ecep:lem="mark"
            ecep:pos="n2"
            ecep:reg="marks"
            ecep:spe="merks"
            ecep:syllab="1"
            ecep:pron="mˈɜːks">merks</w>
         <c> </c>
         <w xml:id="bjb18-494190"
            n="a-0350"
            ecep:lem="of"
            ecep:pos="pp-f"
            ecep:reg="oF"
            ecep:spe="o'"
            ecep:syllab="1"
            ecep:pron="əʊ">o'</w>
         <c> </c>
         <w xml:id="bjb18-494200"
            n="a-0360"
            ecep:lem="gere"
            ecep:pos="n1"
            ecep:reg="gere"
            ecep:spe="geer"
            ecep:syllab="1"
            ecep:pron="dʒˈiə">geer</w>
         <pc xml:id="bjb18-494210"
             n="a-0370"
             ecep:lem=","
             ecep:pos=","
             ecep:reg=","
             ecep:spe=",">,</pc>
      </l>
      <l xml:id="bjb18-l26785">
         <c> </c>
         <w xml:id="bjb18-494220"
            n="a-0380"
            ecep:lem="hoot"
            ecep:pos="vvb"
            ecep:reg="Hoot"
            ecep:spe="Hoot"
            ecep:syllab="1"
            ecep:pron="huːt">Hoot</w>
         <pc xml:id="bjb18-494230"
             n="a-0390"
             ecep:lem="!"
             ecep:pos="!"
             ecep:reg="!"
             ecep:spe="!">!</pc>
         <c> </c>
         <w xml:id="bjb18-494240"
            n="a-0400"
            ecep:lem="you"
            ecep:pos="pn22"
            ecep:reg="you"
            ecep:spe="ye"
            ecep:syllab="1"
            ecep:pron="jiː">ye</w>
         <c> </c>
         <w xml:id="bjb18-494250"
            n="a-0410"
            ecep:lem="will"
            ecep:pos="vmbx"
            ecep:reg="winna"
            ecep:spe="winna"
            ecep:syllab="2"
            ecep:pron="ˈwɪnə">winna</w>
         <c> </c>
         <w xml:id="bjb18-494260"
            n="a-0420"
            ecep:lem="rue"
            ecep:pos="vvi"
            ecep:reg="rue"
            ecep:spe="rue"
            ecep:syllab="1"
            ecep:pron="ruː">rue</w>
         <c> </c>
         <w xml:id="bjb18-494270"
            n="a-0430"
            ecep:lem="it"
            ecep:pos="pn31"
            ecep:reg="it"
            ecep:spe="it"
            ecep:syllab="1"
            ecep:pron="ɪt">it</w>
         <pc xml:id="bjb18-494280"
             n="a-0440"
             ecep:lem=","
             ecep:pos=","
             ecep:reg=","
             ecep:spe=",">,</pc>
         <pc xml:id="bjb18-494290"
             n="a-0450"
             ecep:lem="&#34;"
             ecep:pos="&#34;"
             ecep:reg="&#34;"
             ecep:spe="&#34;">"</pc>
         <c> </c>
         <w xml:id="bjb18-494300"
            n="a-0460"
            ecep:lem="quo"
            ecep:pos="fw-la"
            ecep:reg="quo"
            ecep:spe="quo"
            ecep:syllab="1"
            ecep:pron="kwəʊ">quo</w>
         <pc xml:id="bjb18-494310"
             n="a-0470"
             ecep:lem="'"
             ecep:pos="'"
             ecep:reg="'"
             ecep:spe="'">'</pc>
         <c> </c>
         <w xml:id="bjb18-494320"
            n="a-0480"
            ecep:lem="she"
            ecep:pos="pns31"
            ecep:reg="she"
            ecep:spe="she"
            ecep:syllab="1"
            ecep:pron="ʃiː">she</w>
         <pc xml:id="bjb18-494330"
             n="a-0490"
             ecep:lem=","
             ecep:pos=","
             ecep:reg=","
             ecep:spe=",">,</pc>
      </l>
      <l rendition="#h_6" xml:id="bjb18-l26790">
         <c> </c>
         <pc xml:id="bjb18-494340"
             n="a-0500"
             ecep:lem="&#34;"
             ecep:pos="&#34;"
             ecep:reg="&#34;"
             ecep:spe="&#34;">"</pc>
         <w xml:id="bjb18-494350"
            n="a-0510"
            ecep:lem="no"
            ecep:pos="uh-x"
            ecep:reg="No"
            ecep:spe="No"
            ecep:syllab="1"
            ecep:pron="nəʊ">No</w>
         <pc xml:id="bjb18-494360"
             n="a-0520"
             ecep:lem=";"
             ecep:pos=";"
             ecep:reg=";"
             ecep:spe=";">;</pc>
         <c> </c>
         <w xml:id="bjb18-494370"
            n="a-0530"
            ecep:lem="you"
            ecep:pos="pn22"
            ecep:reg="you"
            ecep:spe="ye"
            ecep:syllab="1"
            ecep:pron="jiː">ye</w>
         <c> </c>
         <w xml:id="bjb18-494380"
            n="a-0540"
            ecep:lem="will"
            ecep:pos="vmbx"
            ecep:reg="winna"
            ecep:spe="winna"
            ecep:syllab="2"
            ecep:pron="ˈwɪnə">winna</w>
         <c> </c>
         <w xml:id="bjb18-494390"
            n="a-0550"
            ecep:lem="rue"
            ecep:pos="vvi"
            ecep:reg="rue"
            ecep:spe="rue"
            ecep:syllab="1"
            ecep:pron="ruː">rue</w>
         <c> </c>
         <w xml:id="bjb18-494400"
            n="a-0560"
            ecep:lem="it"
            ecep:pos="pn31"
            ecep:reg="it"
            ecep:spe="it"
            ecep:syllab="1"
            ecep:pron="ɪt">it</w>
         <pc xml:id="bjb18-494410"
             n="a-0570"
             ecep:lem="."
             ecep:pos="."
             ecep:reg="."
             ecep:spe=".">.</pc>
         <pc xml:id="bjb18-494420"
             n="a-0580"
             unit="sentence"
             ecep:lem="&#34;"
             ecep:pos="&#34;"
             ecep:reg="&#34;"
             ecep:spe="&#34;">"</pc>
         <c> </c>
      </l>
   </lg>
   <lg xml:id="bjb18-s03225">
      <l xml:id="bjb18-l26795">
         <c> </c>
         <pc xml:id="bjb18-494450"
             n="a-0590"
             ecep:lem="&#34;"
             ecep:pos="&#34;"
             ecep:reg="&#34;"
             ecep:spe="&#34;">"</pc>
         <w xml:id="bjb18-494460"
            n="a-0600"
            ecep:lem="what"
            ecep:pos="q-crq"
            ecep:reg="What"
            ecep:spe="What"
            ecep:syllab="1"
            ecep:pron="wɒt">What</w>
         <c> </c>
         <w xml:id="bjb18-494470"
            n="a-0610"
            ecep:lem="will|have"
            ecep:pos="vmd|vhi"
            ecep:reg="would"
            ecep:spe="wad"
            ecep:syllab="1"
            ecep:pron="wɒd">wad</w>
         <c> </c>
         <w xml:id="bjb18-494480"
            n="a-0620"
            ecep:lem="i"
            ecep:pos="pns11"
            ecep:reg="I"
            ecep:spe="I"
            ecep:syllab="1"
            ecep:pron="aɪ">I</w>
         <c> </c>
         <w xml:id="bjb18-494490"
            n="a-0630"
            ecep:lem="do"
            ecep:pos="vdi"
            ecep:reg="do"
            ecep:spe="do"
            ecep:syllab="1"
            ecep:pron="duː">do</w>
         <c> </c>
         <w xml:id="bjb18-494500"
            n="a-0640"
            ecep:lem="with"
            ecep:pos="p-acp"
            ecep:reg="with"
            ecep:spe="wi'"
            ecep:syllab="1"
            ecep:pron="wˈaɪ">wi'</w>
         <c> </c>
         <w xml:id="bjb18-494510"
            n="a-0650"
            ecep:lem="he"
            ecep:pos="pno31"
            ecep:reg="him"
            ecep:spe="him"
            ecep:syllab="1"
            ecep:pron="hɪm">him</w>
         <pc xml:id="bjb18-494520"
             n="a-0660"
             ecep:lem=","
             ecep:pos=","
             ecep:reg=","
             ecep:spe=",">,</pc>
         <c> </c>
         <w xml:id="bjb18-494530"
            n="a-0670"
            ecep:lem="hizzy"
            ecep:pos="j"
            ecep:reg="hizzy"
            ecep:spe="hizzy"
            ecep:syllab="2"
            ecep:pron="hˈɪzi">hizzy</w>
         <pc xml:id="bjb18-494540"
             n="a-0680"
             unit="sentence"
             ecep:lem="?"
             ecep:pos="?"
             ecep:reg="?"
             ecep:spe="?">?</pc>
         <c> </c>
      </l>
      <l xml:id="bjb18-l26800">
         <w xml:id="bjb18-494550"
            n="a-0690"
            ecep:lem="what"
            ecep:pos="q-crq"
            ecep:reg="What"
            ecep:spe="What"
            ecep:syllab="1"
            ecep:pron="wɒt">What</w>
         <c> </c>
         <w xml:id="bjb18-494560"
            n="a-0700"
            ecep:lem="will|have"
            ecep:pos="vmd|vhi"
            ecep:reg="would"
            ecep:spe="wad"
            ecep:syllab="1"
            ecep:pron="wɒd">wad</w>
         <c> </c>
         <w xml:id="bjb18-494570"
            n="a-0710"
            ecep:lem="i"
            ecep:pos="pns11"
            ecep:reg="I"
            ecep:spe="I"
            ecep:syllab="1"
            ecep:pron="aɪ">I</w>
         <c> </c>
         <w xml:id="bjb18-494580"
            n="a-0720"
            ecep:lem="do"
            ecep:pos="vdi"
            ecep:reg="do"
            ecep:spe="do"
            ecep:syllab="1"
            ecep:pron="duː">do</w>
         <c> </c>
         <w xml:id="bjb18-494590"
            n="a-0730"
            ecep:lem="with"
            ecep:pos="p-acp"
            ecep:reg="with"
            ecep:spe="wi'"
            ecep:syllab="1"
            ecep:pron="wˈaɪ">wi'</w>
         <c> </c>
         <w xml:id="bjb18-494600"
            n="a-0740"
            ecep:lem="he"
            ecep:pos="pno31"
            ecep:reg="him"
            ecep:spe="him"
            ecep:syllab="1"
            ecep:pron="hɪm">him</w>
         <pc xml:id="bjb18-494610"
             n="a-0750"
             unit="sentence"
             ecep:lem="?"
             ecep:pos="?"
             ecep:reg="?"
             ecep:spe="?">?</pc>
         <c> </c>
      </l>
      <l xml:id="bjb18-l26805">
         <w xml:id="bjb18-494620"
            n="a-0760"
            ecep:lem="he|be"
            ecep:pos="pns31|vbz"
            ecep:reg="He's"
            ecep:spe="He's"
            ecep:syllab="1"
            ecep:pron="hiːz">He's</w>
         <c> </c>
         <w xml:id="bjb18-494630"
            n="a-0770"
            ecep:lem="never"
            ecep:pos="av-x"
            ecep:reg="never"
            ecep:spe="ne'er"
            ecep:syllab="1"
            ecep:pron="neə">ne'er</w>
         <c> </c>
         <w xml:id="bjb18-494640"
            n="a-0780"
            ecep:lem="a"
            ecep:pos="dt"
            ecep:reg="a"
            ecep:spe="a"
            ecep:syllab="1"
            ecep:pron="ə">a</w>
         <c> </c>
         <w xml:id="bjb18-494650"
            n="a-0790"
            ecep:lem="sark"
            ecep:pos="n1"
            ecep:reg="sark"
            ecep:spe="sark"
            ecep:syllab="1"
            ecep:pron="særk">sark</w>
         <c> </c>
         <w xml:id="bjb18-494660"
            n="a-0800"
            ecep:lem="upon"
            ecep:pos="p-acp"
            ecep:reg="upon"
            ecep:spe="upon"
            ecep:syllab="2"
            ecep:pron="əˈpɒn">upon</w>
         <c> </c>
         <w xml:id="bjb18-494670"
            n="a-0810"
            ecep:lem="his"
            ecep:pos="po31"
            ecep:reg="his"
            ecep:spe="his"
            ecep:syllab="1"
            ecep:pron="hɪz">his</w>
         <c> </c>
         <w xml:id="bjb18-494680"
            n="a-0820"
            ecep:lem="back"
            ecep:pos="n1"
            ecep:reg="back"
            ecep:spe="back"
            ecep:syllab="1"
            ecep:pron="bæk">back</w>
         <pc xml:id="bjb18-494690"
             n="a-0830"
             ecep:lem=","
             ecep:pos=","
             ecep:reg=","
             ecep:spe=",">,</pc>
      </l>
      <l xml:id="bjb18-l26810">
         <c> </c>
         <w xml:id="bjb18-494700"
            n="a-0840"
            ecep:lem="and"
            ecep:pos="cc"
            ecep:reg="And"
            ecep:spe="And"
            ecep:syllab="1"
            ecep:pron="ænd">And</w>
         <c> </c>
         <w xml:id="bjb18-494710"
            n="a-0850"
            ecep:lem="i"
            ecep:pos="pns11"
            ecep:reg="I"
            ecep:spe="I"
            ecep:syllab="1"
            ecep:pron="aɪ">I</w>
         <c> </c>
         <w xml:id="bjb18-494720"
            n="a-0860"
            ecep:lem="have"
            ecep:pos="vhb"
            ecep:reg="hae"
            ecep:spe="hae"
            ecep:syllab="1"
            ecep:pron="heɪ">hae</w>
         <c> </c>
         <w xml:id="bjb18-494730"
            n="a-0870"
            ecep:lem="none"
            ecep:pos="pix"
            ecep:reg="nane"
            ecep:spe="nane"
            ecep:syllab="1"
            ecep:pron="nen">nane</w>
         <c> </c>
         <w xml:id="bjb18-494740"
            n="a-0880"
            ecep:lem="to"
            ecep:pos="pc-acp"
            ecep:reg="to"
            ecep:spe="to"
            ecep:syllab="1"
            ecep:pron="tuː">to</w>
         <c> </c>
         <w xml:id="bjb18-494750"
            n="a-0890"
            ecep:lem="give"
            ecep:pos="vvi"
            ecep:reg="gie"
            ecep:spe="gie"
            ecep:syllab="1"
            ecep:pron="giː">gie</w>
         <c> </c>
         <w xml:id="bjb18-494760"
            n="a-0900"
            ecep:lem="he"
            ecep:pos="pno31"
            ecep:reg="him"
            ecep:spe="him"
            ecep:syllab="1"
            ecep:pron="hɪm">him</w>
         <pc xml:id="bjb18-494770"
             n="a-0910"
             ecep:lem="."
             ecep:pos="."
             ecep:reg="."
             ecep:spe=".">.</pc>
         <pc xml:id="bjb18-494780"
             n="a-0920"
             unit="sentence"
             ecep:lem="&#34;"
             ecep:pos="&#34;"
             ecep:reg="&#34;"
             ecep:spe="&#34;">"</pc>
         <c> </c>
      </l>
      <l xml:id="bjb18-l26815">
         <c> </c>
         <pc xml:id="bjb18-494790"
             n="a-0930"
             ecep:lem="&#34;"
             ecep:pos="&#34;"
             ecep:reg="&#34;"
             ecep:spe="&#34;">"</pc>
         <w xml:id="bjb18-494800"
            n="a-0940"
            ecep:lem="i"
            ecep:pos="pns11"
            ecep:reg="I"
            ecep:spe="I"
            ecep:syllab="1"
            ecep:pron="aɪ">I</w>
         <c> </c>
         <w xml:id="bjb18-494810"
            n="a-0950"
            ecep:lem="have"
            ecep:pos="vhb"
            ecep:reg="hae"
            ecep:spe="hae"
            ecep:syllab="1"
            ecep:pron="heɪ">hae</w>
         <c> </c>
         <w xml:id="bjb18-494820"
            n="a-0960"
            ecep:lem="two"
            ecep:pos="crd"
            ecep:reg="twa"
            ecep:spe="twa"
            ecep:syllab="1"
            ecep:pron="twɔː">twa</w>
         <c> </c>
         <w xml:id="bjb18-494830"
            n="a-0970"
            ecep:lem="sark"
            ecep:pos="n2"
            ecep:reg="sarks"
            ecep:spe="sarks"
            ecep:syllab="1"
            ecep:pron="sˈɑːks">sarks</w>
         <c> </c>
         <w xml:id="bjb18-494840"
            n="a-0980"
            ecep:lem="into"
            ecep:pos="p-acp"
            ecep:reg="into"
            ecep:spe="into"
            ecep:syllab="2"
            ecep:pron="ˈɪntə">into</w>
         <c> </c>
         <w xml:id="bjb18-494850"
            n="a-0990"
            ecep:lem="my"
            ecep:pos="po11"
            ecep:reg="my"
            ecep:spe="my"
            ecep:syllab="1"
            ecep:pron="maɪ">my</w>
         <c> </c>
         <w xml:id="bjb18-494860"
            n="a-1000"
            ecep:lem="kiss"
            ecep:pos="j-vvn"
            ecep:reg="kissed"
            ecep:spe="kist"
            ecep:syllab="1"
            ecep:pron="kɪst">kist</w>
         <pc xml:id="bjb18-494870"
             n="a-1010"
             ecep:lem=","
             ecep:pos=","
             ecep:reg=","
             ecep:spe=",">,</pc>
      </l>
      <l xml:id="bjb18-l26820">
         <c> </c>
         <w xml:id="bjb18-494880"
            n="a-1020"
            ecep:lem="and"
            ecep:pos="cc"
            ecep:reg="And"
            ecep:spe="And"
            ecep:syllab="1"
            ecep:pron="ænd">And</w>
         <c> </c>
         <w xml:id="bjb18-494890"
            n="a-1030"
            ecep:lem="one"
            ecep:pos="pi"
            ecep:reg="ane"
            ecep:spe="ane"
            ecep:syllab="1"
            ecep:pron="eɪn">ane</w>
         <c> </c>
         <w xml:id="bjb18-494900"
            n="a-1040"
            ecep:lem="of"
            ecep:pos="pp-f"
            ecep:reg="oF"
            ecep:spe="o'"
            ecep:syllab="1"
            ecep:pron="əʊ">o'</w>
         <c> </c>
         <w xml:id="bjb18-494910"
            n="a-1050"
            ecep:lem="they"
            ecep:pos="pno32"
            ecep:reg="them"
            ecep:spe="them"
            ecep:syllab="1"
            ecep:pron="ðem">them</w>
         <c> </c>
         <w xml:id="bjb18-494920"
            n="a-1060"
            ecep:lem="i|will"
            ecep:pos="pns11|vmb"
            ecep:reg="I'll"
            ecep:spe="I'll"
            ecep:syllab="1"
            ecep:pron="ˈaɪl">I'll</w>
         <c> </c>
         <w xml:id="bjb18-494930"
            n="a-1070"
            ecep:lem="give"
            ecep:pos="vvi"
            ecep:reg="gie"
            ecep:spe="gie"
            ecep:syllab="1"
            ecep:pron="giː">gie</w>
         <c> </c>
         <w xml:id="bjb18-494940"
            n="a-1080"
            ecep:lem="he"
            ecep:pos="pno31"
            ecep:reg="him"
            ecep:spe="him"
            ecep:syllab="1"
            ecep:pron="hɪm">him</w>
         <pc xml:id="bjb18-494950"
             n="a-1090"
             ecep:lem=";"
             ecep:pos=";"
             ecep:reg=";"
             ecep:spe=";">;</pc>
      </l>
      <l xml:id="bjb18-l26825">
         <c> </c>
         <w xml:id="bjb18-494960"
            n="a-1100"
            ecep:lem="and"
            ecep:pos="cc"
            ecep:reg="And"
            ecep:spe="And"
            ecep:syllab="1"
            ecep:pron="ænd">And</w>
         <c> </c>
         <w xml:id="bjb18-494970"
            n="a-1110"
            ecep:lem="for"
            ecep:pos="p-acp"
            ecep:reg="for"
            ecep:spe="for"
            ecep:syllab="1"
            ecep:pron="fɔː">for</w>
         <c> </c>
         <w xml:id="bjb18-494980"
            n="a-1120"
            ecep:lem="a"
            ecep:pos="dt"
            ecep:reg="a"
            ecep:spe="a"
            ecep:syllab="1"
            ecep:pron="ə">a</w>
         <c> </c>
         <w xml:id="bjb18-494990"
            n="a-1130"
            ecep:lem="merk"
            ecep:pos="n1"
            ecep:reg="mark"
            ecep:spe="merk"
            ecep:syllab="1"
            ecep:pron="mɜːk">merk</w>
         <c> </c>
         <w xml:id="bjb18-495000"
            n="a-1140"
            ecep:lem="of"
            ecep:pos="pp-f"
            ecep:reg="oF"
            ecep:spe="o'"
            ecep:syllab="1"
            ecep:pron="əʊ">o'</w>
         <c> </c>
         <w xml:id="bjb18-495010"
            n="a-1150"
            ecep:lem="more"
            ecep:pos="av-dc"
            ecep:reg="more"
            ecep:spe="mair"
            ecep:syllab="1"
            ecep:pron="ˈmeə">mair</w>
         <c> </c>
         <w xml:id="bjb18-495020"
            n="a-1160"
            ecep:lem="fee"
            ecep:pos="n1"
            ecep:reg="fee"
            ecep:spe="fee"
            ecep:syllab="1"
            ecep:pron="fiː">fee</w>
         <pc xml:id="bjb18-495030"
             n="a-1170"
             ecep:lem=","
             ecep:pos=","
             ecep:reg=","
             ecep:spe=",">,</pc>
      </l>
      <l xml:id="bjb18-l26830">
         <c> </c>
         <w xml:id="bjb18-495040"
            n="a-1180"
            ecep:lem="o"
            ecep:pos="uh"
            ecep:reg="OH"
            ecep:spe="O"
            ecep:syllab="1"
            ecep:pron="əʊ">O</w>
         <pc xml:id="bjb18-495050"
             n="a-1190"
             ecep:lem=","
             ecep:pos=","
             ecep:reg=","
             ecep:spe=",">,</pc>
         <c> </c>
         <w xml:id="bjb18-495060"
            n="a-1200"
            ecep:lem="do"
            ecep:pos="vdbx"
            ecep:reg="dinna"
            ecep:spe="dinna"
            ecep:syllab="2"
            ecep:pron="ˈdɪnə">dinna</w>
         <c> </c>
         <w xml:id="bjb18-495070"
            n="a-1210"
            ecep:lem="stand"
            ecep:pos="vvb"
            ecep:reg="stand"
            ecep:spe="stand"
            ecep:syllab="1"
            ecep:pron="stænd">stand</w>
         <c> </c>
         <w xml:id="bjb18-495080"
            n="a-1220"
            ecep:lem="with"
            ecep:pos="p-acp"
            ecep:reg="with"
            ecep:spe="wi'"
            ecep:syllab="1"
            ecep:pron="wˈaɪ">wi'</w>
         <c> </c>
         <w xml:id="bjb18-495090"
            n="a-1230"
            ecep:lem="he"
            ecep:pos="pno31"
            ecep:reg="him"
            ecep:spe="him"
            ecep:syllab="1"
            ecep:pron="hɪm">him</w>
         <pc xml:id="bjb18-495100"
             n="a-1240"
             ecep:lem=","
             ecep:pos=","
             ecep:reg=","
             ecep:spe=",">,</pc>
         <pc xml:id="bjb18-495110"
             n="a-1250"
             ecep:lem="&#34;"
             ecep:pos="&#34;"
             ecep:reg="&#34;"
             ecep:spe="&#34;">"</pc>
         <c> </c>
         <w xml:id="bjb18-495120"
            n="a-1260"
            ecep:lem="quo"
            ecep:pos="fw-la"
            ecep:reg="quo"
            ecep:spe="quo"
            ecep:syllab="1"
            ecep:pron="kwəʊ">quo</w>
         <pc xml:id="bjb18-495130"
             n="a-1270"
             ecep:lem="'"
             ecep:pos="'"
             ecep:reg="'"
             ecep:spe="'">'</pc>
         <c> </c>
         <w xml:id="bjb18-495140"
            n="a-1280"
            ecep:lem="she"
            ecep:pos="pns31"
            ecep:reg="she"
            ecep:spe="she"
            ecep:syllab="1"
            ecep:pron="ʃiː">she</w>
         <pc xml:id="bjb18-495150"
             n="a-1290"
             ecep:lem=","
             ecep:pos=","
             ecep:reg=","
             ecep:spe=",">,</pc>
      </l>
      <l rendition="#h_6" xml:id="bjb18-l26835">
         <c> </c>
         <pc xml:id="bjb18-495160"
             n="a-1300"
             ecep:lem="&#34;"
             ecep:pos="&#34;"
             ecep:reg="&#34;"
             ecep:spe="&#34;">"</pc>
         <w xml:id="bjb18-495170"
            n="a-1310"
            ecep:lem="do"
            ecep:pos="vdbx"
            ecep:reg="Dinna"
            ecep:spe="Dinna"
            ecep:syllab="2"
            ecep:pron="ˈdɪnə">Dinna</w>
         <c> </c>
         <w xml:id="bjb18-495180"
            n="a-1320"
            ecep:lem="stand"
            ecep:pos="vvb"
            ecep:reg="stand"
            ecep:spe="stand"
            ecep:syllab="1"
            ecep:pron="stænd">stand</w>
         <c> </c>
         <w xml:id="bjb18-495190"
            n="a-1330"
            ecep:lem="with"
            ecep:pos="p-acp"
            ecep:reg="with"
            ecep:spe="wi'"
            ecep:syllab="1"
            ecep:pron="wˈaɪ">wi'</w>
         <c> </c>
         <w xml:id="bjb18-495200"
            n="a-1340"
            ecep:lem="he"
            ecep:pos="pno31"
            ecep:reg="him"
            ecep:spe="him"
            ecep:syllab="1"
            ecep:pron="hɪm">him</w>
         <pc xml:id="bjb18-495210"
             n="a-1350"
             ecep:lem="."
             ecep:pos="."
             ecep:reg="."
             ecep:spe=".">.</pc>
         <pc xml:id="bjb18-495220"
             n="a-1360"
             unit="sentence"
             ecep:lem="&#34;"
             ecep:pos="&#34;"
             ecep:reg="&#34;"
             ecep:spe="&#34;">"</pc>
         <c> </c>
      </l>
   </lg>
   <lg xml:id="bjb18-s03230">
      <l xml:id="bjb18-l26840">
         <c> </c>
         <pc xml:id="bjb18-495250"
             n="a-1370"
             ecep:lem="&#34;"
             ecep:pos="&#34;"
             ecep:reg="&#34;"
             ecep:spe="&#34;">"</pc>
         <w xml:id="bjb18-495260"
            n="a-1380"
            ecep:lem="well"
            ecep:pos="av"
            ecep:reg="Weel"
            ecep:spe="Weel"
            ecep:syllab="1"
            ecep:pron="wiːl">Weel</w>
         <c> </c>
         <w xml:id="bjb18-495270"
            n="a-1390"
            ecep:lem="do"
            ecep:pos="vdb"
            ecep:reg="do"
            ecep:spe="do"
            ecep:syllab="1"
            ecep:pron="duː">do</w>
         <c> </c>
         <w xml:id="bjb18-495280"
            n="a-1400"
            ecep:lem="i"
            ecep:pos="pns11"
            ecep:reg="I"
            ecep:spe="I"
            ecep:syllab="1"
            ecep:pron="aɪ">I</w>
         <c> </c>
         <w xml:id="bjb18-495290"
            n="a-1410"
            ecep:lem="lo'e"
            ecep:pos="vdb"
            ecep:reg="lo'e"
            ecep:spe="lo'e"
            ecep:syllab="1"
            ecep:pron="lˈɒ">lo'e</w>
         <c> </c>
         <w xml:id="bjb18-495300"
            n="a-1420"
            ecep:lem="he"
            ecep:pos="pno31"
            ecep:reg="him"
            ecep:spe="him"
            ecep:syllab="1"
            ecep:pron="hɪm">him</w>
         <pc xml:id="bjb18-495310"
             n="a-1430"
             ecep:lem=","
             ecep:pos=","
             ecep:reg=","
             ecep:spe=",">,</pc>
         <pc xml:id="bjb18-495320"
             n="a-1440"
             ecep:lem="&#34;"
             ecep:pos="&#34;"
             ecep:reg="&#34;"
             ecep:spe="&#34;">"</pc>
         <c> </c>
         <w xml:id="bjb18-495330"
            n="a-1450"
            ecep:lem="quo"
            ecep:pos="fw-la"
            ecep:reg="quo"
            ecep:spe="quo"
            ecep:syllab="1"
            ecep:pron="kwəʊ">quo</w>
         <pc xml:id="bjb18-495340"
             n="a-1460"
             ecep:lem="'"
             ecep:pos="'"
             ecep:reg="'"
             ecep:spe="'">'</pc>
         <c> </c>
         <w xml:id="bjb18-495350"
            n="a-1470"
            ecep:lem="she"
            ecep:pos="pns31"
            ecep:reg="she"
            ecep:spe="she"
            ecep:syllab="1"
            ecep:pron="ʃiː">she</w>
         <pc xml:id="bjb18-495360"
             n="a-1480"
             ecep:lem=","
             ecep:pos=","
             ecep:reg=","
             ecep:spe=",">,</pc>
      </l>
      <l xml:id="bjb18-l26845">
         <c> </c>
         <pc xml:id="bjb18-495370"
             n="a-1490"
             ecep:lem="&#34;"
             ecep:pos="&#34;"
             ecep:reg="&#34;"
             ecep:spe="&#34;">"</pc>
         <w xml:id="bjb18-495380"
            n="a-1500"
            ecep:lem="well"
            ecep:pos="av"
            ecep:reg="Weel"
            ecep:spe="Weel"
            ecep:syllab="1"
            ecep:pron="wiːl">Weel</w>
         <c> </c>
         <w xml:id="bjb18-495390"
            n="a-1510"
            ecep:lem="do"
            ecep:pos="vdb"
            ecep:reg="do"
            ecep:spe="do"
            ecep:syllab="1"
            ecep:pron="duː">do</w>
         <c> </c>
         <w xml:id="bjb18-495400"
            n="a-1520"
            ecep:lem="i"
            ecep:pos="pns11"
            ecep:reg="I"
            ecep:spe="I"
            ecep:syllab="1"
            ecep:pron="aɪ">I</w>
         <c> </c>
         <w xml:id="bjb18-495410"
            n="a-1530"
            ecep:lem="lo'e"
            ecep:pos="vdb"
            ecep:reg="lo'e"
            ecep:spe="lo'e"
            ecep:syllab="1"
            ecep:pron="lˈɒ">lo'e</w>
         <c> </c>
         <w xml:id="bjb18-495420"
            n="a-1540"
            ecep:lem="he"
            ecep:pos="pno31"
            ecep:reg="him"
            ecep:spe="him"
            ecep:syllab="1"
            ecep:pron="hɪm">him</w>
         <pc xml:id="bjb18-495430"
             n="a-1550"
             ecep:lem=","
             ecep:pos=","
             ecep:reg=","
             ecep:spe=",">,</pc>
      </l>
      <pb n="330" rend="none"/>
      <l xml:id="bjb18-l26850">
         <c> </c>
         <w xml:id="bjb18-495440"
            n="a-0010"
            ecep:lem="the"
            ecep:pos="dt"
            ecep:reg="The"
            ecep:spe="The"
            ecep:syllab="1"
            ecep:pron="ðiː">The</w>
         <c> </c>
         <w xml:id="bjb18-495450"
            n="a-0020"
            ecep:lem="braw"
            ecep:pos="vv2"
            ecep:reg="brawest"
            ecep:spe="brawest"
            ecep:syllab="2"
            ecep:pron="brˈɔːst">brawest</w>
         <c> </c>
         <w xml:id="bjb18-495460"
            n="a-0030"
            ecep:lem="lad"
            ecep:pos="n2"
            ecep:reg="lads"
            ecep:spe="lads"
            ecep:syllab="1"
            ecep:pron="lædz">lads</w>
         <c> </c>
         <w xml:id="bjb18-495470"
            n="a-0040"
            ecep:lem="about"
            ecep:pos="p-acp"
            ecep:reg="about"
            ecep:spe="about"
            ecep:syllab="2"
            ecep:pron="əˈbaʊt">about</w>
         <c> </c>
         <w xml:id="bjb18-495480"
            n="a-0050"
            ecep:lem="the"
            ecep:pos="dt"
            ecep:reg="the"
            ecep:spe="the"
            ecep:syllab="1"
            ecep:pron="ðiː">the</w>
         <c> </c>
         <w xml:id="bjb18-495490"
            n="a-0060"
            ecep:lem="place"
            ecep:pos="n1"
            ecep:reg="place"
            ecep:spe="place"
            ecep:syllab="1"
            ecep:pron="pleɪs">place</w>
      </l>
      <l xml:id="bjb18-l26855">
         <c> </c>
         <w xml:id="bjb18-495500"
            n="a-0070"
            ecep:lem="be"
            ecep:pos="vbb"
            ecep:reg="Are"
            ecep:spe="Are"
            ecep:syllab="1"
            ecep:pron="ɑː">Are</w>
         <c> </c>
         <w xml:id="bjb18-495510"
            n="a-0080"
            ecep:lem="all"
            ecep:pos="d"
            ecep:reg="of"
            ecep:spe="a'"
            ecep:syllab="1"
            ecep:pron="ə">a'</w>
         <c> </c>
         <w xml:id="bjb18-495520"
            n="a-0090"
            ecep:lem="but"
            ecep:pos="p-acp"
            ecep:reg="but"
            ecep:spe="but"
            ecep:syllab="1"
            ecep:pron="bʌt">but</w>
         <c> </c>
         <w xml:id="bjb18-495530"
            n="a-0100"
            ecep:lem="haverel"
            ecep:pos="n2"
            ecep:reg="haverels"
            ecep:spe="haverels"
            ecep:syllab="3"
            ecep:pron="hˈævərəlz">haverels</w>
         <c> </c>
         <w xml:id="bjb18-495540"
            n="a-0110"
            ecep:lem="to"
            ecep:pos="p-acp"
            ecep:reg="to"
            ecep:spe="to"
            ecep:syllab="1"
            ecep:pron="tuː">to</w>
         <c> </c>
         <w xml:id="bjb18-495550"
            n="a-0120"
            ecep:lem="he"
            ecep:pos="pno31"
            ecep:reg="him"
            ecep:spe="him"
            ecep:syllab="1"
            ecep:pron="hɪm">him</w>
         <pc xml:id="bjb18-495560"
             n="a-0130"
             unit="sentence"
             ecep:lem="."
             ecep:pos="."
             ecep:reg="."
             ecep:spe=".">.</pc>
         <c> </c>
      </l>
      <l xml:id="bjb18-l26860">
         <w xml:id="bjb18-495570"
            n="a-0140"
            ecep:lem="o"
            ecep:pos="uh"
            ecep:reg="OH"
            ecep:spe="O"
            ecep:syllab="1"
            ecep:pron="əʊ">O</w>
         <c> </c>
         <w xml:id="bjb18-495580"
            n="a-0150"
            ecep:lem="fee"
            ecep:pos="n1"
            ecep:reg="fee"
            ecep:spe="fee"
            ecep:syllab="1"
            ecep:pron="fiː">fee</w>
         <c> </c>
         <w xml:id="bjb18-495590"
            n="a-0160"
            ecep:lem="he"
            ecep:pos="pno31"
            ecep:reg="him"
            ecep:spe="him"
            ecep:syllab="1"
            ecep:pron="hɪm">him</w>
         <pc xml:id="bjb18-495600"
             n="a-0170"
             ecep:lem=","
             ecep:pos=","
             ecep:reg=","
             ecep:spe=",">,</pc>
         <c> </c>
         <w xml:id="bjb18-495610"
            n="a-0180"
            ecep:lem="faither"
            ecep:pos="av-dx"
            ecep:reg="faither"
            ecep:spe="faither"
            ecep:syllab="2"
            ecep:pron="ˈfeðər">faither</w>
         <pc xml:id="bjb18-495620"
             n="a-0190"
             ecep:lem=";"
             ecep:pos=";"
             ecep:reg=";"
             ecep:spe=";">;</pc>
         <c> </c>
         <w xml:id="bjb18-495630"
            n="a-0200"
            ecep:lem="long"
            ecep:pos="av-j"
            ecep:reg="long"
            ecep:spe="lang"
            ecep:syllab="1"
            ecep:pron="læŋ">lang</w>
         <c> </c>
         <w xml:id="bjb18-495640"
            n="a-0210"
            ecep:lem="i"
            ecep:pos="pns11"
            ecep:reg="I"
            ecep:spe="I"
            ecep:syllab="1"
            ecep:pron="aɪ">I</w>
         <c> </c>
         <w xml:id="bjb18-495650"
            n="a-0220"
            ecep:lem="trow"
            ecep:pos="vvb"
            ecep:reg="trow"
            ecep:spe="trow"
            ecep:syllab="1"
            ecep:pron="trəʊ">trow</w>
      </l>
      <l xml:id="bjb18-l26865">
         <c> </c>
         <w xml:id="bjb18-495660"
            n="a-0230"
            ecep:lem="we|have"
            ecep:pos="pns12|vhb"
            ecep:reg="We've"
            ecep:spe="We've"
            ecep:syllab="1"
            ecep:pron="wiːv">We've</w>
         <c> </c>
         <w xml:id="bjb18-495670"
            n="a-0240"
            ecep:lem="dull"
            ecep:pos="j"
            ecep:reg="dull"
            ecep:spe="dull"
            ecep:syllab="1"
            ecep:pron="dʌl">dull</w>
         <c> </c>
         <w xml:id="bjb18-495680"
            n="a-0250"
            ecep:lem="and"
            ecep:pos="cc"
            ecep:reg="and"
            ecep:spe="and"
            ecep:syllab="1"
            ecep:pron="ænd">and</w>
         <c> </c>
         <w xml:id="bjb18-495690"
            n="a-0260"
            ecep:lem="dowie"
            ecep:pos="j"
            ecep:reg="dowie"
            ecep:spe="dowie"
            ecep:syllab="2"
            ecep:pron="ˈdaʊɪ">dowie</w>
         <c> </c>
         <w xml:id="bjb18-495700"
            n="a-0270"
            ecep:lem="be"
            ecep:pos="vbn"
            ecep:reg="been"
            ecep:spe="been"
            ecep:syllab="1"
            ecep:pron="biːn">been</w>
         <pc xml:id="bjb18-495710"
             n="a-0280"
             ecep:lem=";"
             ecep:pos=";"
             ecep:reg=";"
             ecep:spe=";">;</pc>
      </l>
      <l xml:id="bjb18-l26870">
         <c> </c>
         <w xml:id="bjb18-495720"
            n="a-0290"
            ecep:lem="he|will"
            ecep:pos="pns31|vmb"
            ecep:reg="He'll"
            ecep:spe="He'll"
            ecep:syllab="1"
            ecep:pron="hiːl">He'll</w>
         <c> </c>
         <w xml:id="bjb18-495730"
            n="a-0300"
            ecep:lem="haud"
            ecep:pos="fw-la"
            ecep:reg="haud"
            ecep:spe="haud"
            ecep:syllab="1"
            ecep:pron="hɔːd">haud</w>
         <c> </c>
         <w xml:id="bjb18-495740"
            n="a-0310"
            ecep:lem="the"
            ecep:pos="dt"
            ecep:reg="the"
            ecep:spe="the"
            ecep:syllab="1"
            ecep:pron="ðiː">the</w>
         <c> </c>
         <w xml:id="bjb18-495750"
            n="a-0320"
            ecep:lem="plough"
            ecep:pos="n1"
            ecep:reg="plough"
            ecep:spe="plough"
            ecep:syllab="1"
            ecep:pron="plaʊ">plough</w>
         <pc xml:id="bjb18-495760"
             n="a-0330"
             ecep:lem=","
             ecep:pos=","
             ecep:reg=","
             ecep:spe=",">,</pc>
         <c> </c>
         <w xml:id="bjb18-495770"
            n="a-0340"
            ecep:lem="thrash"
            ecep:pos="vvb"
            ecep:reg="thrash"
            ecep:spe="thrash"
            ecep:syllab="1"
            ecep:pron="θræʃ">thrash</w>
         <c> </c>
         <w xml:id="bjb18-495780"
            n="a-0350"
            ecep:lem="in"
            ecep:pos="p-acp"
            ecep:reg="in"
            ecep:spe="i'"
            ecep:syllab="1"
            ecep:pron="aɪ">i'</w>
         <c> </c>
         <w xml:id="bjb18-495790"
            n="a-0360"
            ecep:lem="the"
            ecep:pos="dt"
            ecep:reg="the"
            ecep:spe="the"
            ecep:syllab="1"
            ecep:pron="ðiː">the</w>
         <c> </c>
         <w xml:id="bjb18-495800"
            n="a-0370"
            ecep:lem="barn"
            ecep:pos="n1"
            ecep:reg="barn"
            ecep:spe="barn"
            ecep:syllab="1"
            ecep:pron="bɑːn">barn</w>
         <pc xml:id="bjb18-495810"
             n="a-0380"
             ecep:lem=","
             ecep:pos=","
             ecep:reg=","
             ecep:spe=",">,</pc>
      </l>
      <l xml:id="bjb18-l26875">
         <c> </c>
         <w xml:id="bjb18-495820"
            n="a-0390"
            ecep:lem="and"
            ecep:pos="cc"
            ecep:reg="And"
            ecep:spe="And"
            ecep:syllab="1"
            ecep:pron="ænd">And</w>
         <c> </c>
         <w xml:id="bjb18-495830"
            n="a-0400"
            ecep:lem="crack"
            ecep:pos="vvb"
            ecep:reg="crack"
            ecep:spe="crack"
            ecep:syllab="1"
            ecep:pron="kræk">crack</w>
         <c> </c>
         <w xml:id="bjb18-495840"
            n="a-0410"
            ecep:lem="with"
            ecep:pos="p-acp"
            ecep:reg="with"
            ecep:spe="wi'"
            ecep:syllab="1"
            ecep:pron="wˈaɪ">wi'</w>
         <c> </c>
         <w xml:id="bjb18-495850"
            n="a-0420"
            ecep:lem="i"
            ecep:pos="pno11"
            ecep:reg="me"
            ecep:spe="me"
            ecep:syllab="1"
            ecep:pron="miː">me</w>
         <c> </c>
         <w xml:id="bjb18-495860"
            n="a-0430"
            ecep:lem="at"
            ecep:pos="p-acp"
            ecep:reg="at"
            ecep:spe="at"
            ecep:syllab="1"
            ecep:pron="æt">at</w>
         <c> </c>
         <w xml:id="bjb18-495870"
            n="a-0440"
            ecep:lem="even"
            ecep:pos="j"
            ecep:reg="even"
            ecep:spe="e'en"
            ecep:syllab="1"
            ecep:pron="iːn">e'en</w>
         <pc xml:id="bjb18-495880"
             n="a-0450"
             ecep:lem=","
             ecep:pos=","
             ecep:reg=","
             ecep:spe=",">,</pc>
         <pc xml:id="bjb18-495890"
             n="a-0460"
             ecep:lem="&#34;"
             ecep:pos="&#34;"
             ecep:reg="&#34;"
             ecep:spe="&#34;">"</pc>
         <c> </c>
         <w xml:id="bjb18-495900"
            n="a-0470"
            ecep:lem="quo"
            ecep:pos="fw-la"
            ecep:reg="quo"
            ecep:spe="quo"
            ecep:syllab="1"
            ecep:pron="kwəʊ">quo</w>
         <pc xml:id="bjb18-495910"
             n="a-0480"
             ecep:lem="'"
             ecep:pos="'"
             ecep:reg="'"
             ecep:spe="'">'</pc>
         <c> </c>
         <w xml:id="bjb18-495920"
            n="a-0490"
            ecep:lem="she"
            ecep:pos="pns31"
            ecep:reg="she"
            ecep:spe="she"
            ecep:syllab="1"
            ecep:pron="ʃiː">she</w>
         <pc xml:id="bjb18-495930"
             n="a-0500"
             ecep:lem=","
             ecep:pos=","
             ecep:reg=","
             ecep:spe=",">,</pc>
      </l>
      <l rendition="#h_6" xml:id="bjb18-l26880">
         <c> </c>
         <pc xml:id="bjb18-495940"
             n="a-0510"
             ecep:lem="&#34;"
             ecep:pos="&#34;"
             ecep:reg="&#34;"
             ecep:spe="&#34;">"</pc>
         <w xml:id="bjb18-495950"
            n="a-0520"
            ecep:lem="crack"
            ecep:pos="vvb"
            ecep:reg="Crack"
            ecep:spe="Crack"
            ecep:syllab="1"
            ecep:pron="kræk">Crack</w>
         <c> </c>
         <w xml:id="bjb18-495960"
            n="a-0530"
            ecep:lem="with"
            ecep:pos="p-acp"
            ecep:reg="with"
            ecep:spe="wi'"
            ecep:syllab="1"
            ecep:pron="wˈaɪ">wi'</w>
         <c> </c>
         <w xml:id="bjb18-495970"
            n="a-0540"
            ecep:lem="i"
            ecep:pos="pno11"
            ecep:reg="me"
            ecep:spe="me"
            ecep:syllab="1"
            ecep:pron="miː">me</w>
         <c> </c>
         <w xml:id="bjb18-495980"
            n="a-0550"
            ecep:lem="at"
            ecep:pos="p-acp"
            ecep:reg="at"
            ecep:spe="at"
            ecep:syllab="1"
            ecep:pron="æt">at</w>
         <c> </c>
         <w xml:id="bjb18-495990"
            n="a-0560"
            ecep:lem="even"
            ecep:pos="j"
            ecep:reg="even"
            ecep:spe="e'en"
            ecep:syllab="1"
            ecep:pron="iːn">e'en</w>
         <pc xml:id="bjb18-496000"
             n="a-0570"
             ecep:lem="."
             ecep:pos="."
             ecep:reg="."
             ecep:spe=".">.</pc>
         <pc xml:id="bjb18-496010"
             n="a-0580"
             unit="sentence"
             ecep:lem="&#34;"
             ecep:pos="&#34;"
             ecep:reg="&#34;"
             ecep:spe="&#34;">"</pc>
         <c> </c>
      </l>
   </lg>
</div>
