<?xml version="1.0" encoding="utf-8"?>
<!DOCTYPE div
  SYSTEM "about:legacy-compat">
<div xmlns:ecep="http://www.eighteenthcenturypoetry.org/ns"
     xmlns="http://www.tei-c.org/ns/1.0"
     xmlns:tei="http://www.tei-c.org/ns/1.0"
     ana="#iamb #pentameter #couplet #heroiccouplet #pair"
     corresp="#txt_SmitCh1749_w0068"
     decls="#semi-normalized"
     ecep:syllab="10"
     met="-+|-+|-+|-+|-+/"
     rendition="#lgvspace"
     rhyme="aa"
     subtype="eceptext"
     type="verses"
     xml:id="n22cs-w0670">
   <link target="authors.xml#aut_SmitCh1749" type="author"/>
   <head type="main">
      <hi>
         <w xml:id="n22cs-167920"
            n="0109-a-0010"
            ecep:lem="verse"
            ecep:pos="n2"
            ecep:reg="Verses"
            ecep:spe="Verses"
            ecep:syllab="2"
            ecep:pron="ˈvɜːsɪz">Verses</w>
         <pc xml:id="n22cs-167930"
             n="0109-a-0020"
             unit="sentence"
             ecep:lem="."
             ecep:pos="."
             ecep:reg="."
             ecep:spe=".">.</pc>
         <c> </c>
      </hi>
      <w xml:id="n22cs-167940"
         n="0109-a-0030"
         ecep:lem="intend"
         ecep:pos="j-vvn"
         ecep:reg="Intended"
         ecep:spe="Intended"
         ecep:syllab="3"
         ecep:pron="ɪnˈtendɪd">Intended</w>
      <c> </c>
      <w xml:id="n22cs-167950"
         n="0109-a-0040"
         ecep:lem="to"
         ecep:pos="pc-acp"
         ecep:reg="to"
         ecep:spe="to"
         ecep:syllab="1"
         ecep:pron="tuː">to</w>
      <c> </c>
      <w xml:id="n22cs-167960"
         n="0109-a-0050"
         ecep:lem="have"
         ecep:pos="vhi"
         ecep:reg="have"
         ecep:spe="have"
         ecep:syllab="1"
         ecep:pron="hæv">have</w>
      <c> </c>
      <w xml:id="n22cs-167970"
         n="0109-a-0060"
         ecep:lem="be"
         ecep:pos="vbn"
         ecep:reg="been"
         ecep:spe="been"
         ecep:syllab="1"
         ecep:pron="biːn">been</w>
      <c> </c>
      <w xml:id="n22cs-167980"
         n="0109-a-0070"
         ecep:lem="prefix"
         ecep:pos="vvn"
         ecep:reg="prefixed"
         ecep:spe="prefixed"
         ecep:syllab="3"
         ecep:pron="ˈpriːfɪkst">prefixed</w>
      <c> </c>
      <w xml:id="n22cs-167990"
         n="0109-a-0080"
         ecep:lem="to"
         ecep:pos="p-acp"
         ecep:reg="to"
         ecep:spe="to"
         ecep:syllab="1"
         ecep:pron="tuː">to</w>
      <c> </c>
      <w xml:id="n22cs-168000"
         n="0109-a-0090"
         ecep:lem="the"
         ecep:pos="dt"
         ecep:reg="the"
         ecep:spe="the"
         ecep:syllab="1"
         ecep:pron="ðə">the</w>
      <c> </c>
      <w xml:id="n22cs-168010"
         n="0109-a-0100"
         ecep:lem="novel"
         ecep:pos="n1"
         ecep:reg="Novel"
         ecep:spe="Novel"
         ecep:syllab="2"
         ecep:pron="ˈnɒvl">Novel</w>
      <c> </c>
      <w xml:id="n22cs-168020"
         n="0109-a-0110"
         ecep:lem="of"
         ecep:pos="pp-f"
         ecep:reg="of"
         ecep:spe="of"
         ecep:syllab="1"
         ecep:pron="ɒv">of</w>
      <c> </c>
      <w xml:id="n22cs-168030"
         n="0109-a-0120"
         ecep:lem="Emmeline"
         ecep:pos="np1"
         ecep:reg="Emmeline"
         ecep:spe="Emmeline"
         ecep:syllab="3"
         ecep:pron="ˈemɪlˌaɪn">Emmeline</w>
      <pc xml:id="n22cs-168040"
          n="0109-a-0130"
          ecep:lem=","
          ecep:pos=","
          ecep:reg=","
          ecep:spe=",">,</pc>
      <c> </c>
      <w xml:id="n22cs-168050"
         n="0109-a-0140"
         ecep:lem="but"
         ecep:pos="cc-acp"
         ecep:reg="but"
         ecep:spe="but"
         ecep:syllab="1"
         ecep:pron="bʌt">but</w>
      <c> </c>
      <w xml:id="n22cs-168060"
         n="0109-a-0150"
         ecep:lem="these"
         ecep:pos="d"
         ecep:reg="these"
         ecep:spe="these"
         ecep:syllab="1"
         ecep:pron="ðiːz">these</w>
      <c> </c>
      <w xml:id="n22cs-168070"
         n="0109-a-0160"
         ecep:lem="suppress"
         ecep:pos="vvn"
         ecep:reg="suppressed"
         ecep:spe="suppressed"
         ecep:syllab="2"
         ecep:pron="səˈprest">suppressed</w>
      <pc xml:id="n22cs-168080"
          n="0109-a-0170"
          unit="sentence"
          ecep:lem="."
          ecep:pos="."
          ecep:reg="."
          ecep:spe=".">.</pc>
   </head>
   <lg xml:id="n22cs-s01130">
      <l xml:id="n22cs-l06225">
         <w xml:id="n22cs-168110"
            n="0109-a-0180"
            ecep:lem="over"
            ecep:pos="a-acp"
            ecep:reg="OVER"
            ecep:spe="O'ER"
            ecep:syllab="1"
            ecep:pron="əʊə">O'ER</w>
         <c> </c>
         <w xml:id="n22cs-168120"
            n="0109-a-0190"
            ecep:lem="whelm"
            ecep:pos="vvd"
            ecep:reg="WHELMED"
            ecep:spe="WHELM'D"
            ecep:syllab="1"
            ecep:pron="welmd">WHELM'D</w>
         <c> </c>
         <w xml:id="n22cs-168130"
            n="0109-a-0200"
            ecep:lem="with"
            ecep:pos="p-acp"
            ecep:reg="with"
            ecep:spe="with"
            ecep:syllab="1"
            ecep:pron="wɪð">with</w>
         <c> </c>
         <w xml:id="n22cs-168140"
            n="0109-a-0210"
            ecep:lem="sorrow"
            ecep:pos="n1"
            ecep:reg="Sorrow"
            ecep:spe="Sorrow"
            ecep:syllab="2"
            ecep:pron="ˈsɒrəʊ">Sorrow</w>
         <pc xml:id="n22cs-168150"
             n="0109-a-0220"
             ecep:lem=","
             ecep:pos=","
             ecep:reg=","
             ecep:spe=",">,</pc>
         <c> </c>
         <w xml:id="n22cs-168160"
            n="0109-a-0230"
            ecep:lem="and"
            ecep:pos="cc"
            ecep:reg="and"
            ecep:spe="and"
            ecep:syllab="1"
            ecep:pron="ænd">and</w>
         <c> </c>
         <w xml:id="n22cs-168170"
            n="0109-a-0240"
            ecep:lem="sustain"
            ecep:pos="vvg"
            ecep:reg="sustaining"
            ecep:spe="sustaining"
            ecep:syllab="3"
            ecep:pron="səsˈteɪnɪŋ">sustaining</w>
         <c> </c>
         <w xml:id="n22cs-168180"
            n="0109-a-0250"
            ecep:lem="long"
            ecep:pos="av-j"
            ecep:reg="long"
            ecep:spe="long"
            ecep:syllab="1"
            ecep:pron="lɒŋ">long</w>
         <pc xml:id="n22cs-168190"
             n="0109-a-0260"
             ecep:lem=","
             ecep:pos=","
             ecep:reg=","
             ecep:spe=",">,</pc>
      </l>
      <l xml:id="n22cs-l06230">
         <c> </c>
         <pc xml:id="n22cs-168200"
             n="0109-a-0270"
             ecep:lem="'"
             ecep:pos="'"
             ecep:reg="'"
             ecep:spe="'">'</pc>
         <w xml:id="n22cs-168210"
            n="0109-a-0280"
            ecep:lem="the"
            ecep:pos="dt"
            ecep:reg="The"
            ecep:spe="The"
            ecep:syllab="1"
            ecep:pron="ðə">The</w>
         <c> </c>
         <w xml:id="n22cs-168220"
            n="0109-a-0290"
            ecep:lem="proud"
            ecep:pos="j"
            ecep:reg="proud"
            ecep:spe="proud"
            ecep:syllab="1"
            ecep:pron="praʊd">proud</w>
         <c> </c>
         <w xml:id="n22cs-168230"
            n="0109-a-0300"
            ecep:lem="man"
            ecep:pos="ng1"
            ecep:reg="man's"
            ecep:spe="man's"
            ecep:syllab="1"
            ecep:pron="ˈmænz">man's</w>
         <c> </c>
         <w xml:id="n22cs-168240"
            n="0109-a-0310"
            ecep:lem="contumely"
            ecep:pos="n1"
            ecep:reg="contumely"
            ecep:spe="contumely"
            ecep:syllab="4"
            ecep:pron="ˈkɒntjʊmɪlɪ">contumely</w>
         <pc xml:id="n22cs-168250"
             n="0109-a-0320"
             ecep:lem=","
             ecep:pos=","
             ecep:reg=","
             ecep:spe=",">,</pc>
         <c> </c>
         <w xml:id="n22cs-168260"
            n="0109-a-0330"
            ecep:lem="the"
            ecep:pos="dt"
            ecep:reg="the"
            ecep:spe="the"
            ecep:syllab="1"
            ecep:pron="ðə">the</w>
         <c> </c>
         <w xml:id="n22cs-168270"
            n="0109-a-0340"
            ecep:lem="oppressor"
            ecep:pos="n1|vbz"
            ecep:reg="oppressor's"
            ecep:spe="oppressor's"
            ecep:syllab="3"
            ecep:pron="əˈpresəz">oppressor's</w>
         <c> </c>
         <w xml:id="n22cs-168280"
            n="0109-a-0350"
            ecep:lem="wrong"
            ecep:pos="n-jn"
            ecep:reg="wrong"
            ecep:spe="wrong"
            ecep:syllab="1"
            ecep:pron="rɒŋ">wrong</w>
         <pc xml:id="n22cs-168290"
             n="0109-a-0360"
             ecep:lem=","
             ecep:pos=","
             ecep:reg=","
             ecep:spe=",">,</pc>
         <pc xml:id="n22cs-168300"
             n="0109-a-0370"
             ecep:lem="'"
             ecep:pos="'"
             ecep:reg="'"
             ecep:spe="'">'</pc>
      </l>
      <l xml:id="n22cs-l06235">
         <c> </c>
         <w xml:id="n22cs-168310"
            n="0109-a-0380"
            ecep:lem="languid"
            ecep:pos="j"
            ecep:reg="Languid"
            ecep:spe="Languid"
            ecep:syllab="2"
            ecep:pron="ˈlæŋgwɪd">Languid</w>
         <c> </c>
         <w xml:id="n22cs-168320"
            n="0109-a-0390"
            ecep:lem="despondency"
            ecep:pos="n1"
            ecep:reg="Despondency"
            ecep:spe="Despondency"
            ecep:syllab="4"
            ecep:pron="dɪˈspɒndənsɪ">Despondency</w>
         <c> </c>
         <w xml:id="n22cs-168330"
            n="0109-a-0400"
            ecep:lem="and"
            ecep:pos="cc"
            ecep:reg="and"
            ecep:spe="and"
            ecep:syllab="1"
            ecep:pron="ænd">and</w>
         <c> </c>
         <w xml:id="n22cs-168340"
            n="0109-a-0410"
            ecep:lem="vain"
            ecep:pos="j"
            ecep:reg="vain"
            ecep:spe="vain"
            ecep:syllab="1"
            ecep:pron="veɪn">vain</w>
         <c> </c>
         <w xml:id="n22cs-168350"
            n="0109-a-0420"
            ecep:lem="regret"
            ecep:pos="n1"
            ecep:reg="Regret"
            ecep:spe="Regret"
            ecep:syllab="2"
            ecep:pron="rɪˈgret">Regret</w>
         <pc xml:id="n22cs-168360"
             n="0109-a-0430"
             ecep:lem=","
             ecep:pos=","
             ecep:reg=","
             ecep:spe=",">,</pc>
      </l>
      <l xml:id="n22cs-l06240">
         <c> </c>
         <w xml:id="n22cs-168370"
            n="0109-a-0440"
            ecep:lem="must"
            ecep:pos="vmb"
            ecep:reg="Must"
            ecep:spe="Must"
            ecep:syllab="1"
            ecep:pron="mʌst">Must</w>
         <c> </c>
         <w xml:id="n22cs-168380"
            n="0109-a-0450"
            ecep:lem="my"
            ecep:pos="po11"
            ecep:reg="my"
            ecep:spe="my"
            ecep:syllab="1"
            ecep:pron="maɪ">my</w>
         <c> </c>
         <w xml:id="n22cs-168390"
            n="0109-a-0460"
            ecep:lem="exhaust"
            ecep:pos="j-vvn"
            ecep:reg="exhausted"
            ecep:spe="exhausted"
            ecep:syllab="3"
            ecep:pron="ɪgˈzɔːstɪd">exhausted</w>
         <c> </c>
         <w xml:id="n22cs-168400"
            n="0109-a-0470"
            ecep:lem="spirit"
            ecep:pos="n1"
            ecep:reg="spirit"
            ecep:spe="spirit"
            ecep:syllab="2"
            ecep:pron="ˈspɪrɪt">spirit</w>
         <c> </c>
         <w xml:id="n22cs-168410"
            n="0109-a-0480"
            ecep:lem="struggle"
            ecep:pos="vvi"
            ecep:reg="struggle"
            ecep:spe="struggle"
            ecep:syllab="2"
            ecep:pron="ˈstrʌgl">struggle</w>
         <c> </c>
         <w xml:id="n22cs-168420"
            n="0109-a-0490"
            ecep:lem="yet"
            ecep:pos="av"
            ecep:reg="yet"
            ecep:spe="yet"
            ecep:syllab="1"
            ecep:pron="jet">yet</w>
         <pc xml:id="n22cs-168430"
             n="0109-a-0500"
             unit="sentence"
             ecep:lem="?"
             ecep:pos="?"
             ecep:reg="?"
             ecep:spe="?">?</pc>
         <c> </c>
      </l>
      <l xml:id="n22cs-l06245">
         <w xml:id="n22cs-168440"
            n="0109-a-0510"
            ecep:lem="yes"
            ecep:pos="uh"
            ecep:reg="Yes"
            ecep:spe="Yes"
            ecep:syllab="1"
            ecep:pron="jes">Yes</w>
         <pc xml:id="n22cs-168450"
             n="0109-a-0520"
             ecep:lem="!"
             ecep:pos="!"
             ecep:reg="!"
             ecep:spe="!">!</pc>
         <c> </c>
         <w xml:id="n22cs-168460"
            n="0109-a-0530"
            ecep:lem="rob"
            ecep:pos="vvn"
            ecep:reg="robbed"
            ecep:spe="robb'd"
            ecep:syllab="1"
            ecep:pron="rɒbd">robb'd</w>
         <c> </c>
         <w xml:id="n22cs-168470"
            n="0109-a-0540"
            ecep:lem="myself"
            ecep:pos="px11"
            ecep:reg="myself"
            ecep:spe="myself"
            ecep:syllab="2"
            ecep:pron="maɪˈself">myself</w>
         <pc xml:id="n22cs-168480"
             n="0109-a-0550"
             ecep:lem=","
             ecep:pos=","
             ecep:reg=","
             ecep:spe=",">,</pc>
         <c> </c>
         <w xml:id="n22cs-168490"
            n="0109-a-0560"
            ecep:lem="of"
            ecep:pos="pp-f"
            ecep:reg="of"
            ecep:spe="of"
            ecep:syllab="1"
            ecep:pron="ɒv">of</w>
         <c> </c>
         <w xml:id="n22cs-168500"
            n="0109-a-0570"
            ecep:lem="all"
            ecep:pos="d"
            ecep:reg="all"
            ecep:spe="all"
            ecep:syllab="1"
            ecep:pron="ɔːl">all</w>
         <c> </c>
         <w xml:id="n22cs-168510"
            n="0109-a-0580"
            ecep:lem="that"
            ecep:pos="cst"
            ecep:reg="that"
            ecep:spe="that"
            ecep:syllab="1"
            ecep:pron="ðæt">that</w>
         <c> </c>
         <w xml:id="n22cs-168520"
            n="0109-a-0590"
            ecep:lem="fortune"
            ecep:pos="n1"
            ecep:reg="Fortune"
            ecep:spe="Fortune"
            ecep:syllab="2"
            ecep:pron="ˈfɔːtʃən">Fortune</w>
         <c> </c>
         <w xml:id="n22cs-168530"
            n="0109-a-0600"
            ecep:lem="give"
            ecep:pos="vvd"
            ecep:reg="gave"
            ecep:spe="gave"
            ecep:syllab="1"
            ecep:pron="geɪv">gave</w>
         <pc xml:id="n22cs-168540"
             n="0109-a-0610"
             ecep:lem=","
             ecep:pos=","
             ecep:reg=","
             ecep:spe=",">,</pc>
      </l>
      <l xml:id="n22cs-l06250">
         <c> </c>
         <w xml:id="n22cs-168550"
            n="0109-a-0620"
            ecep:lem="even"
            ecep:pos="av-j"
            ecep:reg="Even"
            ecep:spe="E'en"
            ecep:syllab="1"
            ecep:pron="iːn">E'en</w>
         <c> </c>
         <w xml:id="n22cs-168560"
            n="0109-a-0630"
            ecep:lem="of"
            ecep:pos="pp-f"
            ecep:reg="of"
            ecep:spe="of"
            ecep:syllab="1"
            ecep:pron="ɒv">of</w>
         <c> </c>
         <w xml:id="n22cs-168570"
            n="0109-a-0640"
            ecep:lem="all"
            ecep:pos="d"
            ecep:reg="all"
            ecep:spe="all"
            ecep:syllab="1"
            ecep:pron="ɔːl">all</w>
         <c> </c>
         <w xml:id="n22cs-168580"
            n="0109-a-0650"
            ecep:lem="hope"
            ecep:pos="n1"
            ecep:reg="hope"
            ecep:spe="hope"
            ecep:syllab="1"
            ecep:pron="həʊp">hope</w>
         <c> </c>
         <pc xml:id="n22cs-168590"
             n="0109-a-0660"
             ecep:lem="—"
             ecep:pos="—"
             ecep:reg="—"
             ecep:spe="—">—</pc>
         <c> </c>
         <w xml:id="n22cs-168600"
            n="0109-a-0670"
            ecep:lem="but"
            ecep:pos="cc-acp"
            ecep:reg="but"
            ecep:spe="but"
            ecep:syllab="1"
            ecep:pron="bʌt">but</w>
         <c> </c>
         <w xml:id="n22cs-168610"
            n="0109-a-0680"
            ecep:lem="shelter"
            ecep:pos="n1"
            ecep:reg="shelter"
            ecep:spe="shelter"
            ecep:syllab="2"
            ecep:pron="ˈʃeltə">shelter</w>
         <c> </c>
         <w xml:id="n22cs-168620"
            n="0109-a-0690"
            ecep:lem="in"
            ecep:pos="p-acp"
            ecep:reg="in"
            ecep:spe="in"
            ecep:syllab="1"
            ecep:pron="ɪn">in</w>
         <c> </c>
         <w xml:id="n22cs-168630"
            n="0109-a-0700"
            ecep:lem="the"
            ecep:pos="dt"
            ecep:reg="the"
            ecep:spe="the"
            ecep:syllab="1"
            ecep:pron="ðə">the</w>
         <c> </c>
         <w xml:id="n22cs-168640"
            n="0109-a-0710"
            ecep:lem="grave"
            ecep:pos="n1"
            ecep:reg="grave"
            ecep:spe="grave"
            ecep:syllab="1"
            ecep:pron="greɪv">grave</w>
         <pc xml:id="n22cs-168650"
             n="0109-a-0720"
             ecep:lem=","
             ecep:pos=","
             ecep:reg=","
             ecep:spe=",">,</pc>
      </l>
      <l xml:id="n22cs-l06255">
         <c> </c>
         <w xml:id="n22cs-168660"
            n="0109-a-0730"
            ecep:lem="still"
            ecep:pos="av"
            ecep:reg="Still"
            ecep:spe="Still"
            ecep:syllab="1"
            ecep:pron="stɪl">Still</w>
         <c> </c>
         <w xml:id="n22cs-168670"
            n="0109-a-0740"
            ecep:lem="shall"
            ecep:pos="vmb"
            ecep:reg="shall"
            ecep:spe="shall"
            ecep:syllab="1"
            ecep:pron="ʃæl">shall</w>
         <c> </c>
         <w xml:id="n22cs-168680"
            n="0109-a-0750"
            ecep:lem="the"
            ecep:pos="dt"
            ecep:reg="the"
            ecep:spe="the"
            ecep:syllab="1"
            ecep:pron="ðə">the</w>
         <c> </c>
         <w xml:id="n22cs-168690"
            n="0109-a-0760"
            ecep:lem="plaintive"
            ecep:pos="j"
            ecep:reg="plaintive"
            ecep:spe="plaintive"
            ecep:syllab="2"
            ecep:pron="ˈpleɪntɪv">plaintive</w>
         <c> </c>
         <w xml:id="n22cs-168700"
            n="0109-a-0770"
            ecep:lem="lyre"
            ecep:pos="n1"
            ecep:reg="lyre"
            ecep:spe="lyre"
            ecep:syllab="1"
            ecep:pron="laɪə">lyre</w>
         <c> </c>
         <w xml:id="n22cs-168710"
            n="0109-a-0780"
            ecep:lem="essay"
            ecep:pos="n1"
            ecep:reg="essay"
            ecep:spe="essay"
            ecep:syllab="2"
            ecep:pron="ˈeseɪ">essay</w>
         <c> </c>
         <w xml:id="n22cs-168720"
            n="0109-a-0790"
            ecep:lem="its"
            ecep:pos="po31"
            ecep:reg="its"
            ecep:spe="its"
            ecep:syllab="1"
            ecep:pron="ɪts">its</w>
         <c> </c>
         <w xml:id="n22cs-168730"
            n="0109-a-0800"
            ecep:lem="power"
            ecep:pos="n2"
            ecep:reg="powers"
            ecep:spe="pow'rs"
            ecep:syllab="1"
            ecep:pron="ˈpaʊəz">pow'rs</w>
      </l>
      <l xml:id="n22cs-l06260">
         <c> </c>
         <w xml:id="n22cs-168740"
            n="0109-a-0810"
            ecep:lem="to"
            ecep:pos="pc-acp"
            ecep:reg="To"
            ecep:spe="To"
            ecep:syllab="1"
            ecep:pron="tuː">To</w>
         <c> </c>
         <w xml:id="n22cs-168750"
            n="0109-a-0820"
            ecep:lem="dress"
            ecep:pos="vvi"
            ecep:reg="dress"
            ecep:spe="dress"
            ecep:syllab="1"
            ecep:pron="dres">dress</w>
         <c> </c>
         <w xml:id="n22cs-168760"
            n="0109-a-0830"
            ecep:lem="the"
            ecep:pos="dt"
            ecep:reg="the"
            ecep:spe="the"
            ecep:syllab="1"
            ecep:pron="ðə">the</w>
         <c> </c>
         <w xml:id="n22cs-168770"
            n="0109-a-0840"
            ecep:lem="cave"
            ecep:pos="n1"
            ecep:reg="cave"
            ecep:spe="cave"
            ecep:syllab="1"
            ecep:pron="keɪv">cave</w>
         <c> </c>
         <w xml:id="n22cs-168780"
            n="0109-a-0850"
            ecep:lem="of"
            ecep:pos="pp-f"
            ecep:reg="of"
            ecep:spe="of"
            ecep:syllab="1"
            ecep:pron="ɒv">of</w>
         <c> </c>
         <w xml:id="n22cs-168790"
            n="0109-a-0860"
            ecep:lem="care"
            ecep:pos="n1"
            ecep:reg="Care"
            ecep:spe="Care"
            ecep:syllab="1"
            ecep:pron="keə">Care</w>
         <pc xml:id="n22cs-168800"
             n="0109-a-0870"
             ecep:lem=","
             ecep:pos=","
             ecep:reg=","
             ecep:spe=",">,</pc>
         <c> </c>
         <w xml:id="n22cs-168810"
            n="0109-a-0880"
            ecep:lem="with"
            ecep:pos="p-acp"
            ecep:reg="with"
            ecep:spe="with"
            ecep:syllab="1"
            ecep:pron="wɪð">with</w>
         <c> </c>
         <w xml:id="n22cs-168820"
            n="0109-a-0890"
            ecep:lem="fancy"
            ecep:pos="ng1"
            ecep:reg="Fancy's"
            ecep:spe="Fancy's"
            ecep:syllab="2"
            ecep:pron="ˈfænsɪz">Fancy's</w>
         <c> </c>
         <w xml:id="n22cs-168830"
            n="0109-a-0900"
            ecep:lem="flower"
            ecep:pos="n2"
            ecep:reg="flowers"
            ecep:spe="flow'rs"
            ecep:syllab="1"
            ecep:pron="ˈflaʊəz">flow'rs</w>
         <pc xml:id="n22cs-168840"
             n="0109-a-0910"
             ecep:lem=","
             ecep:pos=","
             ecep:reg=","
             ecep:spe=",">,</pc>
      </l>
      <l xml:id="n22cs-l06265">
         <c> </c>
         <w xml:id="n22cs-168850"
            n="0109-a-0920"
            ecep:lem="maternal"
            ecep:pos="j"
            ecep:reg="Maternal"
            ecep:spe="Maternal"
            ecep:syllab="3"
            ecep:pron="məˈtɜːnl">Maternal</w>
         <c> </c>
         <w xml:id="n22cs-168860"
            n="0109-a-0930"
            ecep:lem="love"
            ecep:pos="np1-n"
            ecep:reg="Love"
            ecep:spe="Love"
            ecep:syllab="1"
            ecep:pron="lʌv">Love</w>
         <pc xml:id="n22cs-168870"
             n="0109-a-0940"
             ecep:lem=","
             ecep:pos=","
             ecep:reg=","
             ecep:spe=",">,</pc>
         <c> </c>
         <w xml:id="n22cs-168880"
            n="0109-a-0950"
            ecep:lem="the"
            ecep:pos="dt"
            ecep:reg="the"
            ecep:spe="the"
            ecep:syllab="1"
            ecep:pron="ðə">the</w>
         <c> </c>
         <w xml:id="n22cs-168890"
            n="0109-a-0960"
            ecep:lem="fiend"
            ecep:pos="n1"
            ecep:reg="fiend"
            ecep:spe="fiend"
            ecep:syllab="1"
            ecep:pron="fiːnd">fiend</w>
         <c> </c>
         <w xml:id="n22cs-168900"
            n="0109-a-0970"
            ecep:lem="despair"
            ecep:pos="vvb"
            ecep:reg="Despair"
            ecep:spe="Despair"
            ecep:syllab="2"
            ecep:pron="dɪˈspeə">Despair</w>
         <c> </c>
         <w xml:id="n22cs-168910"
            n="0109-a-0980"
            ecep:lem="withstand"
            ecep:pos="vvi"
            ecep:reg="withstand"
            ecep:spe="withstand"
            ecep:syllab="2"
            ecep:pron="wɪðˈstænd">withstand</w>
         <pc xml:id="n22cs-168920"
             n="0109-a-0990"
             ecep:lem=","
             ecep:pos=","
             ecep:reg=","
             ecep:spe=",">,</pc>
      </l>
      <l xml:id="n22cs-l06270">
         <c> </c>
         <w xml:id="n22cs-168930"
            n="0109-a-1000"
            ecep:lem="still"
            ecep:pos="av"
            ecep:reg="Still"
            ecep:spe="Still"
            ecep:syllab="1"
            ecep:pron="stɪl">Still</w>
         <c> </c>
         <w xml:id="n22cs-168940"
            n="0109-a-1010"
            ecep:lem="animate"
            ecep:pos="j"
            ecep:reg="animate"
            ecep:spe="animate"
            ecep:syllab="3"
            ecep:pron="ˈænɪˌmeɪt">animate</w>
         <c> </c>
         <w xml:id="n22cs-168950"
            n="0109-a-1020"
            ecep:lem="the"
            ecep:pos="dt"
            ecep:reg="the"
            ecep:spe="the"
            ecep:syllab="1"
            ecep:pron="ðə">the</w>
         <c> </c>
         <w xml:id="n22cs-168960"
            n="0109-a-1030"
            ecep:lem="heart"
            ecep:pos="n1"
            ecep:reg="heart"
            ecep:spe="heart"
            ecep:syllab="1"
            ecep:pron="hɑːt">heart</w>
         <c> </c>
         <w xml:id="n22cs-168970"
            n="0109-a-1040"
            ecep:lem="and"
            ecep:pos="cc"
            ecep:reg="and"
            ecep:spe="and"
            ecep:syllab="1"
            ecep:pron="ænd">and</w>
         <c> </c>
         <w xml:id="n22cs-168980"
            n="0109-a-1050"
            ecep:lem="guide"
            ecep:pos="vvi"
            ecep:reg="guide"
            ecep:spe="guide"
            ecep:syllab="1"
            ecep:pron="gaɪd">guide</w>
         <c> </c>
         <w xml:id="n22cs-168990"
            n="0109-a-1060"
            ecep:lem="the"
            ecep:pos="dt"
            ecep:reg="the"
            ecep:spe="the"
            ecep:syllab="1"
            ecep:pron="ðə">the</w>
         <c> </c>
         <w xml:id="n22cs-169000"
            n="0109-a-1070"
            ecep:lem="hand"
            ecep:pos="n1"
            ecep:reg="hand"
            ecep:spe="hand"
            ecep:syllab="1"
            ecep:pron="hænd">hand</w>
         <pc xml:id="n22cs-169010"
             n="0109-a-1080"
             unit="sentence"
             ecep:lem="."
             ecep:pos="."
             ecep:reg="."
             ecep:spe=".">.</pc>
         <c> </c>
      </l>
      <l xml:id="n22cs-l06275">
         <pc xml:id="n22cs-169020"
             n="0109-a-1090"
             ecep:lem="—"
             ecep:pos="—"
             ecep:reg="—"
             ecep:spe="—">—</pc>
         <c> </c>
         <w xml:id="n22cs-169030"
            n="0109-a-1100"
            ecep:lem="may"
            ecep:pos="vmb"
            ecep:reg="May"
            ecep:spe="May"
            ecep:syllab="1"
            ecep:pron="meɪ">May</w>
         <c> </c>
         <w xml:id="n22cs-169040"
            n="0109-a-1110"
            ecep:lem="you"
            ecep:pos="pn22"
            ecep:reg="you"
            ecep:spe="you"
            ecep:syllab="1"
            ecep:pron="juː">you</w>
         <pc xml:id="n22cs-169050"
             n="0109-a-1120"
             ecep:lem=","
             ecep:pos=","
             ecep:reg=","
             ecep:spe=",">,</pc>
         <c> </c>
         <w xml:id="n22cs-169060"
            n="0109-a-1130"
            ecep:lem="dear"
            ecep:pos="j-jn"
            ecep:reg="dear"
            ecep:spe="dear"
            ecep:syllab="1"
            ecep:pron="dɪə">dear</w>
         <c> </c>
         <w xml:id="n22cs-169070"
            n="0109-a-1140"
            ecep:lem="object"
            ecep:pos="n2"
            ecep:reg="objects"
            ecep:spe="objects"
            ecep:syllab="2"
            ecep:pron="ˈɒbdʒekts">objects</w>
         <c> </c>
         <w xml:id="n22cs-169080"
            n="0109-a-1150"
            ecep:lem="of"
            ecep:pos="pp-f"
            ecep:reg="of"
            ecep:spe="of"
            ecep:syllab="1"
            ecep:pron="ɒv">of</w>
         <c> </c>
         <w xml:id="n22cs-169090"
            n="0109-a-1160"
            ecep:lem="my"
            ecep:pos="po11"
            ecep:reg="my"
            ecep:spe="my"
            ecep:syllab="1"
            ecep:pron="maɪ">my</w>
         <c> </c>
         <w xml:id="n22cs-169100"
            n="0109-a-1170"
            ecep:lem="anxious"
            ecep:pos="j"
            ecep:reg="anxious"
            ecep:spe="anxious"
            ecep:syllab="2"
            ecep:pron="ˈæŋkʃəs">anxious</w>
         <c> </c>
         <w xml:id="n22cs-169110"
            n="0109-a-1180"
            ecep:lem="care"
            ecep:pos="n1"
            ecep:reg="care"
            ecep:spe="care"
            ecep:syllab="1"
            ecep:pron="keə">care</w>
         <pc xml:id="n22cs-169120"
             n="0109-a-1190"
             ecep:lem=","
             ecep:pos=","
             ecep:reg=","
             ecep:spe=",">,</pc>
      </l>
      <l xml:id="n22cs-l06280">
         <c> </c>
         <w xml:id="n22cs-169130"
            n="0109-a-1200"
            ecep:lem="escape"
            ecep:pos="n1"
            ecep:reg="Escape"
            ecep:spe="Escape"
            ecep:syllab="2"
            ecep:pron="ɪˈskeɪp">Escape</w>
         <c> </c>
         <w xml:id="n22cs-169140"
            n="0109-a-1210"
            ecep:lem="the"
            ecep:pos="dt"
            ecep:reg="the"
            ecep:spe="the"
            ecep:syllab="1"
            ecep:pron="ðə">the</w>
         <c> </c>
         <w xml:id="n22cs-169150"
            n="0109-a-1220"
            ecep:lem="evil"
            ecep:pos="n2-jn"
            ecep:reg="evils"
            ecep:spe="evils"
            ecep:syllab="2"
            ecep:pron="ˈiːvlz">evils</w>
         <c> </c>
         <pc xml:id="n22cs-169160"
             n="0109-a-1230"
             ecep:lem="—"
             ecep:pos="—"
             ecep:reg="—"
             ecep:spe="—">—</pc>
         <c> </c>
         <w xml:id="n22cs-169170"
            n="0109-a-1240"
            ecep:lem="i"
            ecep:pos="pns11"
            ecep:reg="I"
            ecep:spe="I"
            ecep:syllab="1"
            ecep:pron="aɪ">I</w>
         <c> </c>
         <w xml:id="n22cs-169180"
            n="0109-a-1250"
            ecep:lem="be"
            ecep:pos="vbds"
            ecep:reg="was"
            ecep:spe="was"
            ecep:syllab="1"
            ecep:pron="wɒz">was</w>
         <c> </c>
         <w xml:id="n22cs-169190"
            n="0109-a-1260"
            ecep:lem="bear"
            ecep:pos="vvn"
            ecep:reg="born"
            ecep:spe="born"
            ecep:syllab="1"
            ecep:pron="bɔːn">born</w>
         <c> </c>
         <w xml:id="n22cs-169200"
            n="0109-a-1270"
            ecep:lem="to"
            ecep:pos="pc-acp"
            ecep:reg="to"
            ecep:spe="to"
            ecep:syllab="1"
            ecep:pron="tuː">to</w>
         <c> </c>
         <w xml:id="n22cs-169210"
            n="0109-a-1280"
            ecep:lem="bear"
            ecep:pos="vvi"
            ecep:reg="bear"
            ecep:spe="bear"
            ecep:syllab="1"
            ecep:pron="beə">bear</w>
         <pc xml:id="n22cs-169220"
             n="0109-a-1290"
             unit="sentence"
             ecep:lem="!"
             ecep:pos="!"
             ecep:reg="!"
             ecep:spe="!">!</pc>
         <c> </c>
      </l>
      <l xml:id="n22cs-l06285">
         <w xml:id="n22cs-169230"
            n="0109-a-1300"
            ecep:lem="round"
            ecep:pos="av-j"
            ecep:reg="Round"
            ecep:spe="Round"
            ecep:syllab="1"
            ecep:pron="raʊnd">Round</w>
         <c> </c>
         <w xml:id="n22cs-169240"
            n="0109-a-1310"
            ecep:lem="my"
            ecep:pos="po11"
            ecep:reg="my"
            ecep:spe="my"
            ecep:syllab="1"
            ecep:pron="maɪ">my</w>
         <c> </c>
         <w xml:id="n22cs-169250"
            n="0109-a-1320"
            ecep:lem="devote"
            ecep:pos="j-vvn"
            ecep:reg="devoted"
            ecep:spe="devoted"
            ecep:syllab="3"
            ecep:pron="dɪˈvəʊtɪd">devoted</w>
         <c> </c>
         <w xml:id="n22cs-169260"
            n="0109-a-1330"
            ecep:lem="head"
            ecep:pos="n1"
            ecep:reg="head"
            ecep:spe="head"
            ecep:syllab="1"
            ecep:pron="hed">head</w>
         <pc xml:id="n22cs-169270"
             n="0109-a-1340"
             ecep:lem=","
             ecep:pos=","
             ecep:reg=","
             ecep:spe=",">,</pc>
         <c> </c>
         <w xml:id="n22cs-169280"
            n="0109-a-1350"
            ecep:lem="while"
            ecep:pos="cs"
            ecep:reg="while"
            ecep:spe="while"
            ecep:syllab="1"
            ecep:pron="waɪl">while</w>
         <c> </c>
         <w xml:id="n22cs-169290"
            n="0109-a-1360"
            ecep:lem="tempest"
            ecep:pos="n2"
            ecep:reg="tempests"
            ecep:spe="tempests"
            ecep:syllab="2"
            ecep:pron="ˈtempɪsts">tempests</w>
         <c> </c>
         <w xml:id="n22cs-169300"
            n="0109-a-1370"
            ecep:lem="roll"
            ecep:pos="vvb"
            ecep:reg="roll"
            ecep:spe="roll"
            ecep:syllab="1"
            ecep:pron="rəʊl">roll</w>
         <pc xml:id="n22cs-169310"
             n="0109-a-1380"
             ecep:lem=","
             ecep:pos=","
             ecep:reg=","
             ecep:spe=",">,</pc>
      </l>
      <l xml:id="n22cs-l06290">
         <c> </c>
         <w xml:id="n22cs-169320"
            n="0109-a-1390"
            ecep:lem="yet"
            ecep:pos="av"
            ecep:reg="Yet"
            ecep:spe="Yet"
            ecep:syllab="1"
            ecep:pron="jet">Yet</w>
         <c> </c>
         <w xml:id="n22cs-169330"
            n="0109-a-1400"
            ecep:lem="there"
            ecep:pos="a-acp"
            ecep:reg="there"
            ecep:spe="there"
            ecep:syllab="1"
            ecep:pron="ðeə">there</w>
         <pc xml:id="n22cs-169340"
             n="0109-a-1410"
             ecep:lem=","
             ecep:pos=","
             ecep:reg=","
             ecep:spe=",">,</pc>
         <c> </c>
         <w xml:id="n22cs-169350"
            n="0109-a-1420"
            ecep:lem="where"
            ecep:pos="c-crq"
            ecep:reg="where"
            ecep:spe="where"
            ecep:syllab="1"
            ecep:pron="weə">where</w>
         <c> </c>
         <w xml:id="n22cs-169360"
            n="0109-a-1430"
            ecep:lem="i"
            ecep:pos="pns11"
            ecep:reg="I"
            ecep:spe="I"
            ecep:syllab="1"
            ecep:pron="aɪ">I</w>
         <c> </c>
         <w xml:id="n22cs-169370"
            n="0109-a-1440"
            ecep:lem="have"
            ecep:pos="vhb"
            ecep:reg="have"
            ecep:spe="have"
            ecep:syllab="1"
            ecep:pron="hæv">have</w>
         <c> </c>
         <w xml:id="n22cs-169380"
            n="0109-a-1450"
            ecep:lem="treasure"
            ecep:pos="vvn"
            ecep:reg="treasured"
            ecep:spe="treasur'd"
            ecep:syllab="2"
            ecep:pron="ˈtreʒəd">treasur'd</w>
         <c> </c>
         <w xml:id="n22cs-169390"
            n="0109-a-1460"
            ecep:lem="up"
            ecep:pos="a-acp"
            ecep:reg="up"
            ecep:spe="up"
            ecep:syllab="1"
            ecep:pron="ʌp">up</w>
         <c> </c>
         <w xml:id="n22cs-169400"
            n="0109-a-1470"
            ecep:lem="my"
            ecep:pos="po11"
            ecep:reg="my"
            ecep:spe="my"
            ecep:syllab="1"
            ecep:pron="maɪ">my</w>
         <c> </c>
         <w xml:id="n22cs-169410"
            n="0109-a-1480"
            ecep:lem="soul"
            ecep:pos="n1"
            ecep:reg="soul"
            ecep:spe="soul"
            ecep:syllab="1"
            ecep:pron="səʊl">soul</w>
         <pc xml:id="n22cs-169420"
             n="0109-a-1490"
             ecep:lem=","
             ecep:pos=","
             ecep:reg=","
             ecep:spe=",">,</pc>
      </l>
      <pb facs="unknown:029523_0110_0FE1BAA20CACE368" n="107" rend="none"/>
      <l xml:id="n22cs-l06295">
         <c> </c>
         <w xml:id="n22cs-169430"
            n="0110-a-0010"
            ecep:lem="may"
            ecep:pos="vmb"
            ecep:reg="May"
            ecep:spe="May"
            ecep:syllab="1"
            ecep:pron="meɪ">May</w>
         <c> </c>
         <w xml:id="n22cs-169440"
            n="0110-a-0020"
            ecep:lem="the"
            ecep:pos="dt"
            ecep:reg="the"
            ecep:spe="the"
            ecep:syllab="1"
            ecep:pron="ðə">the</w>
         <c> </c>
         <w xml:id="n22cs-169450"
            n="0110-a-0030"
            ecep:lem="soft"
            ecep:pos="j"
            ecep:reg="soft"
            ecep:spe="soft"
            ecep:syllab="1"
            ecep:pron="sɒft">soft</w>
         <c> </c>
         <w xml:id="n22cs-169460"
            n="0110-a-0040"
            ecep:lem="ray"
            ecep:pos="n2"
            ecep:reg="rays"
            ecep:spe="rays"
            ecep:syllab="1"
            ecep:pron="reɪz">rays</w>
         <c> </c>
         <w xml:id="n22cs-169470"
            n="0110-a-0050"
            ecep:lem="of"
            ecep:pos="pp-f"
            ecep:reg="of"
            ecep:spe="of"
            ecep:syllab="1"
            ecep:pron="ɒv">of</w>
         <c> </c>
         <w xml:id="n22cs-169480"
            n="0110-a-0060"
            ecep:lem="dawn"
            ecep:pos="j-vvg"
            ecep:reg="dawning"
            ecep:spe="dawning"
            ecep:syllab="2"
            ecep:pron="ˈdɔːnɪŋ">dawning</w>
         <c> </c>
         <w xml:id="n22cs-169490"
            n="0110-a-0070"
            ecep:lem="hope"
            ecep:pos="n1"
            ecep:reg="Hope"
            ecep:spe="Hope"
            ecep:syllab="1"
            ecep:pron="həʊp">Hope</w>
         <c> </c>
         <w xml:id="n22cs-169500"
            n="0110-a-0080"
            ecep:lem="impart"
            ecep:pos="vvb"
            ecep:reg="impart"
            ecep:spe="impart"
            ecep:syllab="2"
            ecep:pron="ɪmˈpɑːt">impart</w>
      </l>
      <l xml:id="n22cs-l06300">
         <c> </c>
         <w xml:id="n22cs-169510"
            n="0110-a-0090"
            ecep:lem="revive"
            ecep:pos="vvg"
            ecep:reg="Reviving"
            ecep:spe="Reviving"
            ecep:syllab="3"
            ecep:pron="rɪˈvaɪvɪŋ">Reviving</w>
         <c> </c>
         <w xml:id="n22cs-169520"
            n="0110-a-0100"
            ecep:lem="patience"
            ecep:pos="n1"
            ecep:reg="Patience"
            ecep:spe="Patience"
            ecep:syllab="2"
            ecep:pron="ˈpeɪʃəns">Patience</w>
         <c> </c>
         <w xml:id="n22cs-169530"
            n="0110-a-0110"
            ecep:lem="to"
            ecep:pos="p-acp"
            ecep:reg="to"
            ecep:spe="to"
            ecep:syllab="1"
            ecep:pron="tuː">to</w>
         <c> </c>
         <w xml:id="n22cs-169540"
            n="0110-a-0120"
            ecep:lem="my"
            ecep:pos="po11"
            ecep:reg="my"
            ecep:spe="my"
            ecep:syllab="1"
            ecep:pron="maɪ">my</w>
         <c> </c>
         <w xml:id="n22cs-169550"
            n="0110-a-0130"
            ecep:lem="faint"
            ecep:pos="j-vvg"
            ecep:reg="fainting"
            ecep:spe="fainting"
            ecep:syllab="2"
            ecep:pron="ˈfeɪntɪŋ">fainting</w>
         <c> </c>
         <w xml:id="n22cs-169560"
            n="0110-a-0140"
            ecep:lem="heart"
            ecep:pos="n1"
            ecep:reg="heart"
            ecep:spe="heart"
            ecep:syllab="1"
            ecep:pron="hɑːt">heart</w>
         <pc xml:id="n22cs-169570"
             n="0110-a-0150"
             ecep:lem=";"
             ecep:pos=";"
             ecep:reg=";"
             ecep:spe=";">;</pc>
      </l>
      <l xml:id="n22cs-l06305">
         <c> </c>
         <w xml:id="n22cs-169580"
            n="0110-a-0160"
            ecep:lem="and"
            ecep:pos="cc"
            ecep:reg="And"
            ecep:spe="And"
            ecep:syllab="1"
            ecep:pron="ænd">And</w>
         <pc xml:id="n22cs-169590"
             n="0110-a-0170"
             ecep:lem=","
             ecep:pos=","
             ecep:reg=","
             ecep:spe=",">,</pc>
         <c> </c>
         <w xml:id="n22cs-169600"
            n="0110-a-0180"
            ecep:lem="when"
            ecep:pos="c-crq"
            ecep:reg="when"
            ecep:spe="when"
            ecep:syllab="1"
            ecep:pron="wen">when</w>
         <c> </c>
         <w xml:id="n22cs-169610"
            n="0110-a-0190"
            ecep:lem="its"
            ecep:pos="po31"
            ecep:reg="its"
            ecep:spe="its"
            ecep:syllab="1"
            ecep:pron="ɪts">its</w>
         <c> </c>
         <w xml:id="n22cs-169620"
            n="0110-a-0200"
            ecep:lem="sharp"
            ecep:pos="j"
            ecep:reg="sharp"
            ecep:spe="sharp"
            ecep:syllab="1"
            ecep:pron="ʃɑːp">sharp</w>
         <c> </c>
         <w xml:id="n22cs-169630"
            n="0110-a-0210"
            ecep:lem="solicitude"
            ecep:pos="n2"
            ecep:reg="solicitudes"
            ecep:spe="solicitudes"
            ecep:syllab="5"
            ecep:pron="səlˈɪsɪtjˌuːdz">solicitudes</w>
         <c> </c>
         <w xml:id="n22cs-169640"
            n="0110-a-0220"
            ecep:lem="shall"
            ecep:pos="vmb"
            ecep:reg="shall"
            ecep:spe="shall"
            ecep:syllab="1"
            ecep:pron="ʃæl">shall</w>
         <c> </c>
         <w xml:id="n22cs-169650"
            n="0110-a-0230"
            ecep:lem="cease"
            ecep:pos="vvi"
            ecep:reg="cease"
            ecep:spe="cease"
            ecep:syllab="1"
            ecep:pron="siːs">cease</w>
         <pc xml:id="n22cs-169660"
             n="0110-a-0240"
             ecep:lem=","
             ecep:pos=","
             ecep:reg=","
             ecep:spe=",">,</pc>
      </l>
      <l xml:id="n22cs-l06310">
         <c> </c>
         <w xml:id="n22cs-169670"
            n="0110-a-0250"
            ecep:lem="may"
            ecep:pos="vmb"
            ecep:reg="May"
            ecep:spe="May"
            ecep:syllab="1"
            ecep:pron="meɪ">May</w>
         <c> </c>
         <w xml:id="n22cs-169680"
            n="0110-a-0260"
            ecep:lem="i"
            ecep:pos="pns11"
            ecep:reg="I"
            ecep:spe="I"
            ecep:syllab="1"
            ecep:pron="aɪ">I</w>
         <c> </c>
         <w xml:id="n22cs-169690"
            n="0110-a-0270"
            ecep:lem="be"
            ecep:pos="vbi"
            ecep:reg="be"
            ecep:spe="be"
            ecep:syllab="1"
            ecep:pron="biː">be</w>
         <c> </c>
         <w xml:id="n22cs-169700"
            n="0110-a-0280"
            ecep:lem="conscious"
            ecep:pos="j"
            ecep:reg="conscious"
            ecep:spe="conscious"
            ecep:syllab="2"
            ecep:pron="ˈkɒnʃəs">conscious</w>
         <c> </c>
         <w xml:id="n22cs-169710"
            n="0110-a-0290"
            ecep:lem="in"
            ecep:pos="p-acp"
            ecep:reg="in"
            ecep:spe="in"
            ecep:syllab="1"
            ecep:pron="ɪn">in</w>
         <c> </c>
         <w xml:id="n22cs-169720"
            n="0110-a-0300"
            ecep:lem="the"
            ecep:pos="dt"
            ecep:reg="the"
            ecep:spe="the"
            ecep:syllab="1"
            ecep:pron="ðə">the</w>
         <c> </c>
         <w xml:id="n22cs-169730"
            n="0110-a-0310"
            ecep:lem="realm"
            ecep:pos="n2"
            ecep:reg="realms"
            ecep:spe="realms"
            ecep:syllab="1"
            ecep:pron="relmz">realms</w>
         <c> </c>
         <w xml:id="n22cs-169740"
            n="0110-a-0320"
            ecep:lem="of"
            ecep:pos="pp-f"
            ecep:reg="of"
            ecep:spe="of"
            ecep:syllab="1"
            ecep:pron="ɒv">of</w>
         <c> </c>
         <w xml:id="n22cs-169750"
            n="0110-a-0330"
            ecep:lem="peace"
            ecep:pos="n1"
            ecep:reg="Peace"
            ecep:spe="Peace"
            ecep:syllab="1"
            ecep:pron="piːs">Peace</w>
      </l>
      <l xml:id="n22cs-l06315">
         <c> </c>
         <w xml:id="n22cs-169760"
            n="0110-a-0340"
            ecep:lem="that"
            ecep:pos="cst"
            ecep:reg="That"
            ecep:spe="That"
            ecep:syllab="1"
            ecep:pron="ðæt">That</w>
         <c> </c>
         <w xml:id="n22cs-169770"
            n="0110-a-0350"
            ecep:lem="every"
            ecep:pos="d"
            ecep:reg="every"
            ecep:spe="ev'ry"
            ecep:syllab="2"
            ecep:pron="ˈevri">ev'ry</w>
         <c> </c>
         <w xml:id="n22cs-169780"
            n="0110-a-0360"
            ecep:lem="tear"
            ecep:pos="n1"
            ecep:reg="tear"
            ecep:spe="tear"
            ecep:syllab="1"
            ecep:pron="tɪə">tear</w>
         <c> </c>
         <w xml:id="n22cs-169790"
            n="0110-a-0370"
            ecep:lem="which"
            ecep:pos="r-crq"
            ecep:reg="which"
            ecep:spe="which"
            ecep:syllab="1"
            ecep:pron="wɪtʃ">which</w>
         <c> </c>
         <w xml:id="n22cs-169800"
            n="0110-a-0380"
            ecep:lem="swell"
            ecep:pos="vvz"
            ecep:reg="swells"
            ecep:spe="swells"
            ecep:syllab="1"
            ecep:pron="swelz">swells</w>
         <c> </c>
         <w xml:id="n22cs-169810"
            n="0110-a-0390"
            ecep:lem="my"
            ecep:pos="po11"
            ecep:reg="my"
            ecep:spe="my"
            ecep:syllab="1"
            ecep:pron="maɪ">my</w>
         <c> </c>
         <w xml:id="n22cs-169820"
            n="0110-a-0400"
            ecep:lem="child"
            ecep:pos="ng1"
            ecep:reg="children's"
            ecep:spe="children's"
            ecep:syllab="2"
            ecep:pron="ˈtʃɪldrənz">children's</w>
         <c> </c>
         <w xml:id="n22cs-169830"
            n="0110-a-0410"
            ecep:lem="eye"
            ecep:pos="n2"
            ecep:reg="eyes"
            ecep:spe="eyes"
            ecep:syllab="1"
            ecep:pron="aɪz">eyes</w>
         <pc xml:id="n22cs-169840"
             n="0110-a-0420"
             ecep:lem=","
             ecep:pos=","
             ecep:reg=","
             ecep:spe=",">,</pc>
      </l>
      <l xml:id="n22cs-l06320">
         <c> </c>
         <w xml:id="n22cs-169850"
            n="0110-a-0430"
            ecep:lem="from"
            ecep:pos="p-acp"
            ecep:reg="From"
            ecep:spe="From"
            ecep:syllab="1"
            ecep:pron="frɒm">From</w>
         <c> </c>
         <w xml:id="n22cs-169860"
            n="0110-a-0440"
            ecep:lem="sorrow"
            ecep:pos="n2"
            ecep:reg="sorrows"
            ecep:spe="sorrows"
            ecep:syllab="2"
            ecep:pron="ˈsɒrəʊz">sorrows</w>
         <c> </c>
         <w xml:id="n22cs-169870"
            n="0110-a-0450"
            ecep:lem="past"
            ecep:pos="j"
            ecep:reg="past"
            ecep:spe="past"
            ecep:syllab="1"
            ecep:pron="pɑːst">past</w>
         <pc xml:id="n22cs-169880"
             n="0110-a-0460"
             ecep:lem=","
             ecep:pos=","
             ecep:reg=","
             ecep:spe=",">,</pc>
         <c> </c>
         <w xml:id="n22cs-169890"
            n="0110-a-0470"
            ecep:lem="not"
            ecep:pos="xx"
            ecep:reg="not"
            ecep:spe="not"
            ecep:syllab="1"
            ecep:pron="nɒt">not</w>
         <c> </c>
         <w xml:id="n22cs-169900"
            n="0110-a-0480"
            ecep:lem="present"
            ecep:pos="j"
            ecep:reg="present"
            ecep:spe="present"
            ecep:syllab="2"
            ecep:pron="ˈpreznt">present</w>
         <c> </c>
         <w xml:id="n22cs-169910"
            n="0110-a-0490"
            ecep:lem="ill"
            ecep:pos="n2-jn"
            ecep:reg="ills"
            ecep:spe="ills"
            ecep:syllab="1"
            ecep:pron="ɪlz">ills</w>
         <c> </c>
         <w xml:id="n22cs-169920"
            n="0110-a-0500"
            ecep:lem="arise"
            ecep:pos="vvi"
            ecep:reg="arise"
            ecep:spe="arise"
            ecep:syllab="2"
            ecep:pron="əˈraɪz">arise</w>
         <pc xml:id="n22cs-169930"
             n="0110-a-0510"
             unit="sentence"
             ecep:lem="."
             ecep:pos="."
             ecep:reg="."
             ecep:spe=".">.</pc>
         <c> </c>
      </l>
      <l xml:id="n22cs-l06325">
         <w xml:id="n22cs-169940"
            n="0110-a-0520"
            ecep:lem="then"
            ecep:pos="av"
            ecep:reg="Then"
            ecep:spe="Then"
            ecep:syllab="1"
            ecep:pron="ðen">Then</w>
         <pc xml:id="n22cs-169950"
             n="0110-a-0530"
             ecep:lem=","
             ecep:pos=","
             ecep:reg=","
             ecep:spe=",">,</pc>
         <c> </c>
         <w xml:id="n22cs-169960"
            n="0110-a-0540"
            ecep:lem="with"
            ecep:pos="p-acp"
            ecep:reg="with"
            ecep:spe="with"
            ecep:syllab="1"
            ecep:pron="wɪð">with</w>
         <c> </c>
         <w xml:id="n22cs-169970"
            n="0110-a-0550"
            ecep:lem="some"
            ecep:pos="d"
            ecep:reg="some"
            ecep:spe="some"
            ecep:syllab="1"
            ecep:pron="sʌm">some</w>
         <c> </c>
         <w xml:id="n22cs-169980"
            n="0110-a-0560"
            ecep:lem="friend"
            ecep:pos="n1"
            ecep:reg="friend"
            ecep:spe="friend"
            ecep:syllab="1"
            ecep:pron="frend">friend</w>
         <c> </c>
         <w xml:id="n22cs-169990"
            n="0110-a-0570"
            ecep:lem="who"
            ecep:pos="r-crq"
            ecep:reg="who"
            ecep:spe="who"
            ecep:syllab="1"
            ecep:pron="huː">who</w>
         <c> </c>
         <w xml:id="n22cs-170000"
            n="0110-a-0580"
            ecep:lem="love"
            ecep:pos="vvz"
            ecep:reg="loves"
            ecep:spe="loves"
            ecep:syllab="1"
            ecep:pron="lʌvz">loves</w>
         <c> </c>
         <w xml:id="n22cs-170010"
            n="0110-a-0590"
            ecep:lem="to"
            ecep:pos="pc-acp"
            ecep:reg="to"
            ecep:spe="to"
            ecep:syllab="1"
            ecep:pron="tuː">to</w>
         <c> </c>
         <w xml:id="n22cs-170020"
            n="0110-a-0600"
            ecep:lem="share"
            ecep:pos="vvi"
            ecep:reg="share"
            ecep:spe="share"
            ecep:syllab="1"
            ecep:pron="ʃeə">share</w>
         <c> </c>
         <w xml:id="n22cs-170030"
            n="0110-a-0610"
            ecep:lem="your"
            ecep:pos="po22"
            ecep:reg="your"
            ecep:spe="your"
            ecep:syllab="1"
            ecep:pron="jɔː">your</w>
         <c> </c>
         <w xml:id="n22cs-170040"
            n="0110-a-0620"
            ecep:lem="pain"
            ecep:pos="n1"
            ecep:reg="pain"
            ecep:spe="pain"
            ecep:syllab="1"
            ecep:pron="peɪn">pain</w>
         <pc xml:id="n22cs-170050"
             n="0110-a-0630"
             ecep:lem=","
             ecep:pos=","
             ecep:reg=","
             ecep:spe=",">,</pc>
      </l>
      <l xml:id="n22cs-l06330">
         <c> </c>
         <w xml:id="n22cs-170060"
            n="0110-a-0640"
            ecep:lem="for"
            ecep:pos="c-acp"
            ecep:reg="For"
            ecep:spe="For"
            ecep:syllab="1"
            ecep:pron="fɔː">For</w>
         <c> </c>
         <w xml:id="n22cs-170070"
            n="0110-a-0650"
            ecep:lem="it|be"
            ecep:pos="pn31|vbz"
            ecep:reg="it's"
            ecep:spe="'tis"
            ecep:syllab="1"
            ecep:pron="tɪz">'tis</w>
         <c> </c>
         <w xml:id="n22cs-170080"
            n="0110-a-0660"
            ecep:lem="my"
            ecep:pos="po11"
            ecep:reg="my"
            ecep:spe="my"
            ecep:syllab="1"
            ecep:pron="maɪ">my</w>
         <c> </c>
         <w xml:id="n22cs-170090"
            n="0110-a-0670"
            ecep:lem="boast"
            ecep:pos="n1"
            ecep:reg="boast"
            ecep:spe="boast"
            ecep:syllab="1"
            ecep:pron="bəʊst">boast</w>
         <c> </c>
         <w xml:id="n22cs-170100"
            n="0110-a-0680"
            ecep:lem="that"
            ecep:pos="cst"
            ecep:reg="that"
            ecep:spe="that"
            ecep:syllab="1"
            ecep:pron="ðæt">that</w>
         <c> </c>
         <hi>
            <w xml:id="n22cs-170110"
               n="0110-a-0690"
               ecep:lem="some"
               ecep:pos="d"
               ecep:reg="some"
               ecep:spe="some"
               ecep:syllab="1"
               ecep:pron="sʌm">some</w>
         </hi>
         <c> </c>
         <w xml:id="n22cs-170120"
            n="0110-a-0700"
            ecep:lem="such"
            ecep:pos="d"
            ecep:reg="such"
            ecep:spe="such"
            ecep:syllab="1"
            ecep:pron="sʌtʃ">such</w>
         <c> </c>
         <w xml:id="n22cs-170130"
            n="0110-a-0710"
            ecep:lem="friend"
            ecep:pos="n2"
            ecep:reg="friends"
            ecep:spe="friends"
            ecep:syllab="1"
            ecep:pron="frendz">friends</w>
         <c> </c>
         <w xml:id="n22cs-170140"
            n="0110-a-0720"
            ecep:lem="remain"
            ecep:pos="vvi"
            ecep:reg="remain"
            ecep:spe="remain"
            ecep:syllab="2"
            ecep:pron="rɪˈmeɪn">remain</w>
         <pc xml:id="n22cs-170150"
             n="0110-a-0730"
             ecep:lem=","
             ecep:pos=","
             ecep:reg=","
             ecep:spe=",">,</pc>
      </l>
      <l xml:id="n22cs-l06335">
         <c> </c>
         <w xml:id="n22cs-170160"
            n="0110-a-0740"
            ecep:lem="by"
            ecep:pos="p-acp"
            ecep:reg="By"
            ecep:spe="By"
            ecep:syllab="1"
            ecep:pron="baɪ">By</w>
         <c> </c>
         <w xml:id="n22cs-170170"
            n="0110-a-0750"
            ecep:lem="filial"
            ecep:pos="j"
            ecep:reg="filial"
            ecep:spe="filial"
            ecep:syllab="3"
            ecep:pron="ˈfɪljəl">filial</w>
         <c> </c>
         <w xml:id="n22cs-170180"
            n="0110-a-0760"
            ecep:lem="grief"
            ecep:pos="n1"
            ecep:reg="grief"
            ecep:spe="grief"
            ecep:syllab="1"
            ecep:pron="griːf">grief</w>
         <pc xml:id="n22cs-170190"
             n="0110-a-0770"
             ecep:lem=","
             ecep:pos=","
             ecep:reg=","
             ecep:spe=",">,</pc>
         <c> </c>
         <w xml:id="n22cs-170200"
            n="0110-a-0780"
            ecep:lem="and"
            ecep:pos="cc"
            ecep:reg="and"
            ecep:spe="and"
            ecep:syllab="1"
            ecep:pron="ænd">and</w>
         <c> </c>
         <w xml:id="n22cs-170210"
            n="0110-a-0790"
            ecep:lem="fond"
            ecep:pos="j"
            ecep:reg="fond"
            ecep:spe="fond"
            ecep:syllab="1"
            ecep:pron="fɒnd">fond</w>
         <c> </c>
         <w xml:id="n22cs-170220"
            n="0110-a-0800"
            ecep:lem="remembrance"
            ecep:pos="n1"
            ecep:reg="remembrance"
            ecep:spe="remembrance"
            ecep:syllab="3"
            ecep:pron="rɪˈmembrəns">remembrance</w>
         <c> </c>
         <w xml:id="n22cs-170230"
            n="0110-a-0810"
            ecep:lem="press"
            ecep:pos="vvd"
            ecep:reg="pressed"
            ecep:spe="prest"
            ecep:syllab="1"
            ecep:pron="prest">prest</w>
         <pc xml:id="n22cs-170240"
             n="0110-a-0820"
             ecep:lem=","
             ecep:pos=","
             ecep:reg=","
             ecep:spe=",">,</pc>
      </l>
      <l xml:id="n22cs-l06340">
         <c> </c>
         <w xml:id="n22cs-170250"
            n="0110-a-0830"
            ecep:lem="you|will"
            ecep:pos="pn22|vmb"
            ecep:reg="You'll"
            ecep:spe="You'll"
            ecep:syllab="1"
            ecep:pron="juːl">You'll</w>
         <c> </c>
         <w xml:id="n22cs-170260"
            n="0110-a-0840"
            ecep:lem="seek"
            ecep:pos="vvi"
            ecep:reg="seek"
            ecep:spe="seek"
            ecep:syllab="1"
            ecep:pron="siːk">seek</w>
         <c> </c>
         <w xml:id="n22cs-170270"
            n="0110-a-0850"
            ecep:lem="the"
            ecep:pos="dt"
            ecep:reg="the"
            ecep:spe="the"
            ecep:syllab="1"
            ecep:pron="ðə">the</w>
         <c> </c>
         <w xml:id="n22cs-170280"
            n="0110-a-0860"
            ecep:lem="spot"
            ecep:pos="n1"
            ecep:reg="spot"
            ecep:spe="spot"
            ecep:syllab="1"
            ecep:pron="spɒt">spot</w>
         <pc xml:id="n22cs-170290"
             n="0110-a-0870"
             ecep:lem=","
             ecep:pos=","
             ecep:reg=","
             ecep:spe=",">,</pc>
         <c> </c>
         <w xml:id="n22cs-170300"
            n="0110-a-0880"
            ecep:lem="where"
            ecep:pos="c-crq"
            ecep:reg="where"
            ecep:spe="where"
            ecep:syllab="1"
            ecep:pron="weə">where</w>
         <c> </c>
         <w xml:id="n22cs-170310"
            n="0110-a-0890"
            ecep:lem="all"
            ecep:pos="d"
            ecep:reg="all"
            ecep:spe="all"
            ecep:syllab="1"
            ecep:pron="ɔːl">all</w>
         <c> </c>
         <w xml:id="n22cs-170320"
            n="0110-a-0900"
            ecep:lem="my"
            ecep:pos="po11"
            ecep:reg="my"
            ecep:spe="my"
            ecep:syllab="1"
            ecep:pron="maɪ">my</w>
         <c> </c>
         <w xml:id="n22cs-170330"
            n="0110-a-0910"
            ecep:lem="sorrow"
            ecep:pos="n2"
            ecep:reg="sorrows"
            ecep:spe="sorrows"
            ecep:syllab="2"
            ecep:pron="ˈsɒrəʊz">sorrows</w>
         <c> </c>
         <w xml:id="n22cs-170340"
            n="0110-a-0920"
            ecep:lem="rest"
            ecep:pos="vvi"
            ecep:reg="rest"
            ecep:spe="rest"
            ecep:syllab="1"
            ecep:pron="rest">rest</w>
         <pc xml:id="n22cs-170350"
             n="0110-a-0930"
             ecep:lem=";"
             ecep:pos=";"
             ecep:reg=";"
             ecep:spe=";">;</pc>
      </l>
      <l xml:id="n22cs-l06345">
         <c> </c>
         <w xml:id="n22cs-170360"
            n="0110-a-0940"
            ecep:lem="recall"
            ecep:pos="vvb"
            ecep:reg="Recall"
            ecep:spe="Recall"
            ecep:syllab="2"
            ecep:pron="rɪˈkɔːl">Recall</w>
         <c> </c>
         <w xml:id="n22cs-170370"
            n="0110-a-0950"
            ecep:lem="my"
            ecep:pos="po11"
            ecep:reg="my"
            ecep:spe="my"
            ecep:syllab="1"
            ecep:pron="maɪ">my</w>
         <c> </c>
         <w xml:id="n22cs-170380"
            n="0110-a-0960"
            ecep:lem="hapless"
            ecep:pos="j"
            ecep:reg="hapless"
            ecep:spe="hapless"
            ecep:syllab="2"
            ecep:pron="ˈhæplɪs">hapless</w>
         <c> </c>
         <w xml:id="n22cs-170390"
            n="0110-a-0970"
            ecep:lem="day"
            ecep:pos="n2"
            ecep:reg="days"
            ecep:spe="days"
            ecep:syllab="1"
            ecep:pron="deɪz">days</w>
         <c> </c>
         <w xml:id="n22cs-170400"
            n="0110-a-0980"
            ecep:lem="in"
            ecep:pos="p-acp"
            ecep:reg="in"
            ecep:spe="in"
            ecep:syllab="1"
            ecep:pron="ɪn">in</w>
         <c> </c>
         <w xml:id="n22cs-170410"
            n="0110-a-0990"
            ecep:lem="sad"
            ecep:pos="j"
            ecep:reg="sad"
            ecep:spe="sad"
            ecep:syllab="1"
            ecep:pron="sæd">sad</w>
         <c> </c>
         <w xml:id="n22cs-170420"
            n="0110-a-1000"
            ecep:lem="review"
            ecep:pos="n1"
            ecep:reg="review"
            ecep:spe="review"
            ecep:syllab="2"
            ecep:pron="rɪˈvjuː">review</w>
         <pc xml:id="n22cs-170430"
             n="0110-a-1010"
             ecep:lem=","
             ecep:pos=","
             ecep:reg=","
             ecep:spe=",">,</pc>
      </l>
      <l xml:id="n22cs-l06350">
         <c> </c>
         <w xml:id="n22cs-170440"
            n="0110-a-1020"
            ecep:lem="the"
            ecep:pos="dt"
            ecep:reg="The"
            ecep:spe="The"
            ecep:syllab="1"
            ecep:pron="ðə">The</w>
         <c> </c>
         <w xml:id="n22cs-170450"
            n="0110-a-1030"
            ecep:lem="long"
            ecep:pos="j"
            ecep:reg="long"
            ecep:spe="long"
            ecep:syllab="1"
            ecep:pron="lɒŋ">long</w>
         <c> </c>
         <w xml:id="n22cs-170460"
            n="0110-a-1040"
            ecep:lem="calamity"
            ecep:pos="n2"
            ecep:reg="calamities"
            ecep:spe="calamities"
            ecep:syllab="4"
            ecep:pron="kəˈlæmɪtɪz">calamities</w>
         <c> </c>
         <w xml:id="n22cs-170470"
            n="0110-a-1050"
            ecep:lem="i"
            ecep:pos="pns11"
            ecep:reg="I"
            ecep:spe="I"
            ecep:syllab="1"
            ecep:pron="aɪ">I</w>
         <c> </c>
         <w xml:id="n22cs-170480"
            n="0110-a-1060"
            ecep:lem="bear"
            ecep:pos="vvd"
            ecep:reg="bore"
            ecep:spe="bore"
            ecep:syllab="1"
            ecep:pron="bɔː">bore</w>
         <c> </c>
         <w xml:id="n22cs-170490"
            n="0110-a-1070"
            ecep:lem="for"
            ecep:pos="p-acp"
            ecep:reg="for"
            ecep:spe="for"
            ecep:syllab="1"
            ecep:pron="fɔː">for</w>
         <c> </c>
         <w xml:id="n22cs-170500"
            n="0110-a-1080"
            ecep:lem="you"
            ecep:pos="pn22"
            ecep:reg="you"
            ecep:spe="you"
            ecep:syllab="1"
            ecep:pron="juː">you</w>
         <pc xml:id="n22cs-170510"
             n="0110-a-1090"
             ecep:lem=","
             ecep:pos=","
             ecep:reg=","
             ecep:spe=",">,</pc>
      </l>
      <l xml:id="n22cs-l06355">
         <c> </c>
         <w xml:id="n22cs-170520"
            n="0110-a-1100"
            ecep:lem="and"
            ecep:pos="cc"
            ecep:reg="And"
            ecep:spe="And"
            ecep:syllab="1"
            ecep:pron="ænd">And</w>
         <c> </c>
         <pc xml:id="n22cs-170530"
             n="0110-a-1110"
             ecep:lem="—"
             ecep:pos="—"
             ecep:reg="—"
             ecep:spe="—">—</pc>
         <c> </c>
         <w xml:id="n22cs-170540"
            n="0110-a-1120"
            ecep:lem="with"
            ecep:pos="p-acp"
            ecep:reg="with"
            ecep:spe="with"
            ecep:syllab="1"
            ecep:pron="wɪð">with</w>
         <c> </c>
         <w xml:id="n22cs-170550"
            n="0110-a-1130"
            ecep:lem="a"
            ecep:pos="dt"
            ecep:reg="a"
            ecep:spe="a"
            ecep:syllab="1"
            ecep:pron="ə">a</w>
         <c> </c>
         <w xml:id="n22cs-170560"
            n="0110-a-1140"
            ecep:lem="happy"
            ecep:pos="jc"
            ecep:reg="happier"
            ecep:spe="happier"
            ecep:syllab="3"
            ecep:pron="ˈhæpɪə">happier</w>
         <c> </c>
         <w xml:id="n22cs-170570"
            n="0110-a-1150"
            ecep:lem="fate"
            ecep:pos="n1"
            ecep:reg="fate"
            ecep:spe="fate"
            ecep:syllab="1"
            ecep:pron="feɪt">fate</w>
         <c> </c>
         <pc xml:id="n22cs-170580"
             n="0110-a-1160"
             ecep:lem="—"
             ecep:pos="—"
             ecep:reg="—"
             ecep:spe="—">—</pc>
         <c> </c>
         <w xml:id="n22cs-170590"
            n="0110-a-1170"
            ecep:lem="resolve"
            ecep:pos="vvb"
            ecep:reg="resolve"
            ecep:spe="resolve"
            ecep:syllab="2"
            ecep:pron="rɪˈzɒlv">resolve</w>
         <c> </c>
         <w xml:id="n22cs-170600"
            n="0110-a-1180"
            ecep:lem="to"
            ecep:pos="pc-acp"
            ecep:reg="to"
            ecep:spe="to"
            ecep:syllab="1"
            ecep:pron="tuː">to</w>
         <c> </c>
         <w xml:id="n22cs-170610"
            n="0110-a-1190"
            ecep:lem="prove"
            ecep:pos="vvi"
            ecep:reg="prove"
            ecep:spe="prove"
            ecep:syllab="1"
            ecep:pron="pruːv">prove</w>
      </l>
      <l xml:id="n22cs-l06360">
         <c> </c>
         <w xml:id="n22cs-170620"
            n="0110-a-1200"
            ecep:lem="how"
            ecep:pos="c-crq"
            ecep:reg="How"
            ecep:spe="How"
            ecep:syllab="1"
            ecep:pron="haʊ">How</w>
         <c> </c>
         <w xml:id="n22cs-170630"
            n="0110-a-1210"
            ecep:lem="well"
            ecep:pos="av"
            ecep:reg="well"
            ecep:spe="well"
            ecep:syllab="1"
            ecep:pron="wel">well</w>
         <c> </c>
         <w xml:id="n22cs-170640"
            n="0110-a-1220"
            ecep:lem="you"
            ecep:pos="pn22"
            ecep:reg="you"
            ecep:spe="you"
            ecep:syllab="1"
            ecep:pron="juː">you</w>
         <c> </c>
         <w xml:id="n22cs-170650"
            n="0110-a-1230"
            ecep:lem="merit"
            ecep:pos="vvd"
            ecep:reg="merited"
            ecep:spe="merited"
            ecep:syllab="3"
            ecep:pron="ˈmerɪtɪd">merited</w>
         <c> </c>
         <pc xml:id="n22cs-170660"
             n="0110-a-1240"
             ecep:lem="—"
             ecep:pos="—"
             ecep:reg="—"
             ecep:spe="—">—</pc>
         <c> </c>
         <w xml:id="n22cs-170670"
            n="0110-a-1250"
            ecep:lem="your"
            ecep:pos="po22"
            ecep:reg="your"
            ecep:spe="your"
            ecep:syllab="1"
            ecep:pron="jɔː">your</w>
         <c> </c>
         <w xml:id="n22cs-170680"
            n="0110-a-1260"
            ecep:lem="mother|be"
            ecep:pos="n1|vbz"
            ecep:reg="mother's"
            ecep:spe="mother's"
            ecep:syllab="2"
            ecep:pron="ˈmʌðəz">mother's</w>
         <c> </c>
         <w xml:id="n22cs-170690"
            n="0110-a-1270"
            ecep:lem="love"
            ecep:pos="n1"
            ecep:reg="love"
            ecep:spe="love"
            ecep:syllab="1"
            ecep:pron="lʌv">love</w>
         <pc xml:id="n22cs-170700"
             n="0110-a-1280"
             unit="sentence"
             ecep:lem="."
             ecep:pos="."
             ecep:reg="."
             ecep:spe=".">.</pc>
         <c> </c>
      </l>
   </lg>
</div>
