<?xml version="1.0" encoding="utf-8"?>
<!DOCTYPE div
  SYSTEM "about:legacy-compat">
<div xmlns:ecep="http://www.eighteenthcenturypoetry.org/ns"
     xmlns="http://www.tei-c.org/ns/1.0"
     xmlns:tei="http://www.tei-c.org/ns/1.0"
     ana="#iamb #tetrameter #trimeter #quatrain #cross #address"
     corresp="#txt_WattIs1674_w0041"
     decls="#semi-normalized"
     ecep:syllab="8.6.8.6"
     met="-+|-+|-+|-+/ -+|-+|-+/ -+|-+|-+|-+/ -+|-+|-+/"
     rendition="#lgvspace"
     rhyme="abab"
     subtype="eceptext"
     type="poem"
     xml:id="o4672-w0410">
   <link target="authors.xml#aut_WattIs1674" type="author"/>
   <head type="main">
      <w xml:id="o4672-180690"
         n="o4672/0140-a-0010"
         ecep:lem="friendship"
         ecep:pos="n1"
         ecep:reg="FRIENDSHIP"
         ecep:spe="FRIENDSHIP"
         ecep:syllab="2"
         ecep:pron="ˈfrenʃɪp">FRIENDSHIP</w>
      <pc xml:id="o4672-180700"
          n="o4672/0140-a-0020"
          unit="sentence"
          ecep:lem="."
          ecep:pos="."
          ecep:reg="."
          ecep:spe=".">.</pc>
   </head>
   <head>
      <w xml:id="o4672-180730"
         n="o4672/0140-a-0030"
         ecep:lem="to"
         ecep:pos="p-acp"
         ecep:reg="TO"
         ecep:spe="TO"
         ecep:syllab="1"
         ecep:pron="tuː">TO</w>
      <c> </c>
      <w xml:id="o4672-180740"
         n="o4672/0140-a-0040"
         ecep:lem="mr."
         ecep:pos="n1"
         ecep:reg="Mr."
         ecep:spe="Mr."
         ecep:syllab="2"
         ecep:pron="mɪstə">Mr.</w>
      <c> </c>
      <hi>
         <w xml:id="o4672-180750"
            n="o4672/0140-a-0050"
            ecep:lem="William"
            ecep:pos="np1"
            ecep:reg="William"
            ecep:spe="William"
            ecep:syllab="2"
            ecep:pron="ˈwɪljəm">William</w>
         <c> </c>
         <w xml:id="o4672-180760"
            n="o4672/0140-a-0060"
            ecep:lem="Nokes"
            ecep:pos="np1"
            ecep:reg="Nokes"
            ecep:spe="Nokes"
            ecep:syllab="1"
            ecep:pron="nˈəʊks">Nokes</w>
         <pc xml:id="o4672-180770"
             n="o4672/0140-a-0070"
             unit="sentence"
             ecep:lem="."
             ecep:pos="."
             ecep:reg="."
             ecep:spe=".">.</pc>
         <c> </c>
      </hi>
   </head>
   <opener>
      <dateline>
         <date>
            <w xml:id="o4672-180820"
               n="o4672/0140-a-0080"
               ecep:lem="1702."
               ecep:pos="crd"
               ecep:reg="1702."
               ecep:spe="1702."
               ecep:syllab="1"
               ecep:pron="wˈɒnθˈaʊzəndsˈevənhˈʌndrədəntˈuː">1702.</w>
            <pc unit="sentence" xml:id="o4672-180820-eos" n="o4672/0140-a-0090"/>
         </date>
      </dateline>
   </opener>
   <lg n="1" xml:id="o4672-s01835">
      <head>
         <w xml:id="o4672-180860"
            n="o4672/0140-a-0100"
            ecep:lem="i"
            ecep:pos="pns11"
            ecep:reg="I"
            ecep:spe="I."
            ecep:syllab="1"
            ecep:pron="ˈaɪ">I.</w>
         <pc unit="sentence" xml:id="o4672-180860-eos" n="o4672/0140-a-0110"/>
      </head>
      <l xml:id="o4672-l07905">
         <w xml:id="o4672-180880"
            n="o4672/0140-a-0120"
            ecep:lem="friendship"
            ecep:pos="n1"
            ecep:reg="FRIENDSHIP"
            ecep:spe="FRIENDSHIP"
            ecep:syllab="2"
            ecep:pron="ˈfrenʃɪp">FRIENDSHIP</w>
         <pc xml:id="o4672-180890"
             n="o4672/0140-a-0130"
             ecep:lem=","
             ecep:pos=","
             ecep:reg=","
             ecep:spe=",">,</pc>
         <c> </c>
         <w xml:id="o4672-180900"
            n="o4672/0140-a-0140"
            ecep:lem="thou"
            ecep:pos="pns21"
            ecep:reg="thou"
            ecep:spe="thou"
            ecep:syllab="1"
            ecep:pron="θaʊ">thou</w>
         <c> </c>
         <w xml:id="o4672-180910"
            n="o4672/0140-a-0150"
            ecep:lem="charmer"
            ecep:pos="n1"
            ecep:reg="Charmer"
            ecep:spe="Charmer"
            ecep:syllab="2"
            ecep:pron="tʃɑːmə">Charmer</w>
         <c> </c>
         <w xml:id="o4672-180920"
            n="o4672/0140-a-0160"
            ecep:lem="of"
            ecep:pos="pp-f"
            ecep:reg="of"
            ecep:spe="of"
            ecep:syllab="1"
            ecep:pron="ɒv">of</w>
         <c> </c>
         <w xml:id="o4672-180930"
            n="o4672/0140-a-0170"
            ecep:lem="the"
            ecep:pos="dt"
            ecep:reg="the"
            ecep:spe="the"
            ecep:syllab="1"
            ecep:pron="ðiː">the</w>
         <c> </c>
         <w xml:id="o4672-180940"
            n="o4672/0140-a-0180"
            ecep:lem="mind"
            ecep:pos="n1"
            ecep:reg="Mind"
            ecep:spe="Mind"
            ecep:syllab="1"
            ecep:pron="maɪnd">Mind</w>
         <pc xml:id="o4672-180950"
             n="o4672/0140-a-0190"
             ecep:lem=","
             ecep:pos=","
             ecep:reg=","
             ecep:spe=",">,</pc>
      </l>
      <l xml:id="o4672-l07910">
         <c> </c>
         <w xml:id="o4672-180960"
            n="o4672/0140-a-0200"
            ecep:lem="thou"
            ecep:pos="pns21"
            ecep:reg="Thou"
            ecep:spe="Thou"
            ecep:syllab="1"
            ecep:pron="θaʊ">Thou</w>
         <c> </c>
         <w xml:id="o4672-180970"
            n="o4672/0140-a-0210"
            ecep:lem="sweet"
            ecep:pos="j"
            ecep:reg="sweet"
            ecep:spe="sweet"
            ecep:syllab="1"
            ecep:pron="swiːt">sweet</w>
         <c> </c>
         <w xml:id="o4672-180980"
            n="o4672/0140-a-0220"
            ecep:lem="delude"
            ecep:pos="j-vvg"
            ecep:reg="deluding"
            ecep:spe="deluding"
            ecep:syllab="3"
            ecep:pron="dɪˈluːdɪŋ">deluding</w>
         <c> </c>
         <w xml:id="o4672-180990"
            n="o4672/0140-a-0230"
            ecep:lem="iii"
            ecep:pos="crd"
            ecep:reg="III"
            ecep:spe="III"
            ecep:syllab="1"
            ecep:pron="rˌəʊmənθrˈiː">III</w>
         <pc xml:id="o4672-181000"
             n="o4672/0140-a-0240"
             ecep:lem=","
             ecep:pos=","
             ecep:reg=","
             ecep:spe=",">,</pc>
      </l>
      <l xml:id="o4672-l07915">
         <c> </c>
         <w xml:id="o4672-181010"
            n="o4672/0140-a-0250"
            ecep:lem="the"
            ecep:pos="dt"
            ecep:reg="The"
            ecep:spe="The"
            ecep:syllab="1"
            ecep:pron="ðiː">The</w>
         <c> </c>
         <w xml:id="o4672-181020"
            n="o4672/0140-a-0260"
            ecep:lem="bright"
            ecep:pos="js"
            ecep:reg="brightest"
            ecep:spe="brightest"
            ecep:syllab="2"
            ecep:pron="braɪtɪst">brightest</w>
         <c> </c>
         <w xml:id="o4672-181030"
            n="o4672/0140-a-0270"
            ecep:lem="minute"
            ecep:pos="j"
            ecep:reg="Minute"
            ecep:spe="Minute"
            ecep:syllab="2"
            ecep:pron="maɪˈnjuːt">Minute</w>
         <c> </c>
         <w xml:id="o4672-181040"
            n="o4672/0140-a-0280"
            ecep:lem="mortal"
            ecep:pos="n2-jn"
            ecep:reg="Mortals"
            ecep:spe="Mortals"
            ecep:syllab="2"
            ecep:pron="ˈmɔːtlz">Mortals</w>
         <c> </c>
         <w xml:id="o4672-181050"
            n="o4672/0140-a-0290"
            ecep:lem="find"
            ecep:pos="vvb"
            ecep:reg="find"
            ecep:spe="find"
            ecep:syllab="1"
            ecep:pron="faɪnd">find</w>
         <pc xml:id="o4672-181060"
             n="o4672/0140-a-0300"
             ecep:lem=","
             ecep:pos=","
             ecep:reg=","
             ecep:spe=",">,</pc>
      </l>
      <l xml:id="o4672-l07920">
         <c> </c>
         <w xml:id="o4672-181070"
            n="o4672/0140-a-0310"
            ecep:lem="and"
            ecep:pos="cc"
            ecep:reg="And"
            ecep:spe="And"
            ecep:syllab="1"
            ecep:pron="ænd">And</w>
         <c> </c>
         <w xml:id="o4672-181080"
            n="o4672/0140-a-0320"
            ecep:lem="sharp"
            ecep:pos="js"
            ecep:reg="sharpest"
            ecep:spe="sharpest"
            ecep:syllab="2"
            ecep:pron="ʃɑːpɪst">sharpest</w>
         <c> </c>
         <w xml:id="o4672-181090"
            n="o4672/0140-a-0330"
            ecep:lem="hour"
            ecep:pos="n1"
            ecep:reg="Hour"
            ecep:spe="Hour"
            ecep:syllab="1"
            ecep:pron="æə">Hour</w>
         <c> </c>
         <w xml:id="o4672-181100"
            n="o4672/0140-a-0340"
            ecep:lem="we"
            ecep:pos="pns12"
            ecep:reg="we"
            ecep:spe="we"
            ecep:syllab="1"
            ecep:pron="wiː">we</w>
         <c> </c>
         <w xml:id="o4672-181110"
            n="o4672/0140-a-0350"
            ecep:lem="feel"
            ecep:pos="vvb"
            ecep:reg="feel"
            ecep:spe="feel"
            ecep:syllab="1"
            ecep:pron="fiːl">feel</w>
         <pc xml:id="o4672-181120"
             n="o4672/0140-a-0360"
             unit="sentence"
             ecep:lem="."
             ecep:pos="."
             ecep:reg="."
             ecep:spe=".">.</pc>
         <c> </c>
      </l>
   </lg>
   <lg n="2" xml:id="o4672-s01840">
      <head>
         <w xml:id="o4672-181160"
            n="o4672/0140-a-0370"
            ecep:lem="ii"
            ecep:pos="crd"
            ecep:reg="II"
            ecep:spe="II"
            ecep:syllab="1"
            ecep:pron="rˌəʊməntˈuː">II</w>
         <pc xml:id="o4672-181170"
             n="o4672/0140-a-0380"
             unit="sentence"
             ecep:lem="."
             ecep:pos="."
             ecep:reg="."
             ecep:spe=".">.</pc>
      </head>
      <l xml:id="o4672-l07925">
         <w xml:id="o4672-181190"
            n="o4672/0140-a-0390"
            ecep:lem="fate"
            ecep:pos="n1"
            ecep:reg="Fate"
            ecep:spe="Fate"
            ecep:syllab="1"
            ecep:pron="feɪt">Fate</w>
         <c> </c>
         <w xml:id="o4672-181200"
            n="o4672/0140-a-0400"
            ecep:lem="have"
            ecep:pos="vhz"
            ecep:reg="has"
            ecep:spe="has"
            ecep:syllab="1"
            ecep:pron="hæz">has</w>
         <c> </c>
         <w xml:id="o4672-181210"
            n="o4672/0140-a-0410"
            ecep:lem="divide"
            ecep:pos="vvn"
            ecep:reg="divided"
            ecep:spe="divided"
            ecep:syllab="3"
            ecep:pron="dɪˈvaɪdɪd">divided</w>
         <c> </c>
         <w xml:id="o4672-181220"
            n="o4672/0140-a-0420"
            ecep:lem="all"
            ecep:pos="d"
            ecep:reg="all"
            ecep:spe="all"
            ecep:syllab="1"
            ecep:pron="ɔːl">all</w>
         <c> </c>
         <w xml:id="o4672-181230"
            n="o4672/0140-a-0430"
            ecep:lem="our"
            ecep:pos="po12"
            ecep:reg="our"
            ecep:spe="our"
            ecep:syllab="1"
            ecep:pron="æə">our</w>
         <c> </c>
         <w xml:id="o4672-181240"
            n="o4672/0140-a-0440"
            ecep:lem="share"
            ecep:pos="n2"
            ecep:reg="shares"
            ecep:spe="shares"
            ecep:syllab="1"
            ecep:pron="ʃeəz">shares</w>
      </l>
      <l xml:id="o4672-l07930">
         <c> </c>
         <w xml:id="o4672-181250"
            n="o4672/0140-a-0450"
            ecep:lem="of"
            ecep:pos="pp-f"
            ecep:reg="Of"
            ecep:spe="Of"
            ecep:syllab="1"
            ecep:pron="ɒv">Of</w>
         <c> </c>
         <w xml:id="o4672-181260"
            n="o4672/0140-a-0460"
            ecep:lem="pleasure"
            ecep:pos="n1"
            ecep:reg="Pleasure"
            ecep:spe="Pleasure"
            ecep:syllab="2"
            ecep:pron="ˈpleʒə">Pleasure</w>
         <c> </c>
         <w xml:id="o4672-181270"
            n="o4672/0140-a-0470"
            ecep:lem="and"
            ecep:pos="cc"
            ecep:reg="and"
            ecep:spe="and"
            ecep:syllab="1"
            ecep:pron="ænd">and</w>
         <c> </c>
         <w xml:id="o4672-181280"
            n="o4672/0140-a-0480"
            ecep:lem="of"
            ecep:pos="pp-f"
            ecep:reg="of"
            ecep:spe="of"
            ecep:syllab="1"
            ecep:pron="ɒv">of</w>
         <c> </c>
         <w xml:id="o4672-181290"
            n="o4672/0140-a-0490"
            ecep:lem="pain"
            ecep:pos="n1"
            ecep:reg="Pain"
            ecep:spe="Pain"
            ecep:syllab="1"
            ecep:pron="peɪn">Pain</w>
         <pc xml:id="o4672-181300"
             n="o4672/0140-a-0500"
             ecep:lem=","
             ecep:pos=","
             ecep:reg=","
             ecep:spe=",">,</pc>
      </l>
      <l xml:id="o4672-l07935">
         <c> </c>
         <w xml:id="o4672-181310"
            n="o4672/0140-a-0510"
            ecep:lem="in"
            ecep:pos="p-acp"
            ecep:reg="In"
            ecep:spe="In"
            ecep:syllab="1"
            ecep:pron="ɪn">In</w>
         <c> </c>
         <w xml:id="o4672-181320"
            n="o4672/0140-a-0520"
            ecep:lem="love"
            ecep:pos="n1"
            ecep:reg="Love"
            ecep:spe="Love"
            ecep:syllab="1"
            ecep:pron="lʌv">Love</w>
         <c> </c>
         <w xml:id="o4672-181330"
            n="o4672/0140-a-0530"
            ecep:lem="the"
            ecep:pos="dt"
            ecep:reg="the"
            ecep:spe="the"
            ecep:syllab="1"
            ecep:pron="ðiː">the</w>
         <c> </c>
         <w xml:id="o4672-181340"
            n="o4672/0140-a-0540"
            ecep:lem="comfort"
            ecep:pos="n2"
            ecep:reg="Comforts"
            ecep:spe="Comforts"
            ecep:syllab="2"
            ecep:pron="ˈkʌmfəts">Comforts</w>
         <c> </c>
         <w xml:id="o4672-181350"
            n="o4672/0140-a-0550"
            ecep:lem="and"
            ecep:pos="cc"
            ecep:reg="and"
            ecep:spe="and"
            ecep:syllab="1"
            ecep:pron="ænd">and</w>
         <c> </c>
         <w xml:id="o4672-181360"
            n="o4672/0140-a-0560"
            ecep:lem="the"
            ecep:pos="dt"
            ecep:reg="the"
            ecep:spe="the"
            ecep:syllab="1"
            ecep:pron="ðiː">the</w>
         <c> </c>
         <w xml:id="o4672-181370"
            n="o4672/0140-a-0570"
            ecep:lem="care"
            ecep:pos="n2"
            ecep:reg="Cares"
            ecep:spe="Cares"
            ecep:syllab="1"
            ecep:pron="keəz">Cares</w>
      </l>
      <l xml:id="o4672-l07940">
         <c> </c>
         <w xml:id="o4672-181380"
            n="o4672/0140-a-0580"
            ecep:lem="be"
            ecep:pos="vbb"
            ecep:reg="Are"
            ecep:spe="Are"
            ecep:syllab="1"
            ecep:pron="ɑː">Are</w>
         <c> </c>
         <w xml:id="o4672-181390"
            n="o4672/0140-a-0590"
            ecep:lem="mix"
            ecep:pos="vvn"
            ecep:reg="mixed"
            ecep:spe="mix'd"
            ecep:syllab="1"
            ecep:pron="mɪkst">mix'd</w>
         <c> </c>
         <w xml:id="o4672-181400"
            n="o4672/0140-a-0600"
            ecep:lem="and"
            ecep:pos="cc"
            ecep:reg="and"
            ecep:spe="and"
            ecep:syllab="1"
            ecep:pron="ænd">and</w>
         <c> </c>
         <w xml:id="o4672-181410"
            n="o4672/0140-a-0610"
            ecep:lem="join"
            ecep:pos="vvd"
            ecep:reg="joined"
            ecep:spe="joyn'd"
            ecep:syllab="1"
            ecep:pron="dʒˈɔɪnd">joyn'd</w>
         <c> </c>
         <w xml:id="o4672-181420"
            n="o4672/0140-a-0620"
            ecep:lem="again"
            ecep:pos="av"
            ecep:reg="again"
            ecep:spe="again"
            ecep:syllab="2"
            ecep:pron="əˈgen">again</w>
         <pc xml:id="o4672-181430"
             n="o4672/0140-a-0630"
             unit="sentence"
             ecep:lem="."
             ecep:pos="."
             ecep:reg="."
             ecep:spe=".">.</pc>
         <c> </c>
      </l>
   </lg>
   <pb facs="o4672/0141" n="122" rend="none"/>
   <lg n="3" xml:id="o4672-s01845">
      <head>
         <w xml:id="o4672-181470"
            n="o4672/0141-a-0010"
            ecep:lem="iii"
            ecep:pos="crd"
            ecep:reg="III"
            ecep:spe="III"
            ecep:syllab="1"
            ecep:pron="rˌəʊmənθrˈiː">III</w>
         <pc xml:id="o4672-181480"
             n="o4672/0141-a-0020"
             unit="sentence"
             ecep:lem="."
             ecep:pos="."
             ecep:reg="."
             ecep:spe=".">.</pc>
      </head>
      <l xml:id="o4672-l07945">
         <w xml:id="o4672-181500"
            n="o4672/0141-a-0030"
            ecep:lem="but"
            ecep:pos="p-acp"
            ecep:reg="But"
            ecep:spe="But"
            ecep:syllab="1"
            ecep:pron="bʌt">But</w>
         <c> </c>
         <w xml:id="o4672-181510"
            n="o4672/0141-a-0040"
            ecep:lem="while"
            ecep:pos="cs"
            ecep:reg="while"
            ecep:spe="whilst"
            ecep:syllab="1"
            ecep:pron="waɪlst">whilst</w>
         <c> </c>
         <w xml:id="o4672-181520"
            n="o4672/0141-a-0050"
            ecep:lem="in"
            ecep:pos="p-acp"
            ecep:reg="in"
            ecep:spe="in"
            ecep:syllab="1"
            ecep:pron="ɪn">in</w>
         <c> </c>
         <w xml:id="o4672-181530"
            n="o4672/0141-a-0060"
            ecep:lem="flood"
            ecep:pos="n2"
            ecep:reg="Floods"
            ecep:spe="Floods"
            ecep:syllab="1"
            ecep:pron="flʌdz">Floods</w>
         <c> </c>
         <w xml:id="o4672-181540"
            n="o4672/0141-a-0070"
            ecep:lem="our"
            ecep:pos="po12"
            ecep:reg="our"
            ecep:spe="our"
            ecep:syllab="1"
            ecep:pron="æə">our</w>
         <c> </c>
         <w xml:id="o4672-181550"
            n="o4672/0141-a-0080"
            ecep:lem="sorrow"
            ecep:pos="n1"
            ecep:reg="Sorrow"
            ecep:spe="Sorrow"
            ecep:syllab="2"
            ecep:pron="ˈsɒrəʊ">Sorrow</w>
         <c> </c>
         <w xml:id="o4672-181560"
            n="o4672/0141-a-0090"
            ecep:lem="roll"
            ecep:pos="vvz"
            ecep:reg="rolls"
            ecep:spe="rolls"
            ecep:syllab="1"
            ecep:pron="rəʊlz">rolls</w>
         <pc xml:id="o4672-181570"
             n="o4672/0141-a-0100"
             ecep:lem=","
             ecep:pos=","
             ecep:reg=","
             ecep:spe=",">,</pc>
      </l>
      <l xml:id="o4672-l07950">
         <c> </c>
         <w xml:id="o4672-181580"
            n="o4672/0141-a-0110"
            ecep:lem="and"
            ecep:pos="cc"
            ecep:reg="And"
            ecep:spe="And"
            ecep:syllab="1"
            ecep:pron="ænd">And</w>
         <c> </c>
         <w xml:id="o4672-181590"
            n="o4672/0141-a-0120"
            ecep:lem="drop"
            ecep:pos="n2"
            ecep:reg="Drops"
            ecep:spe="Drops"
            ecep:syllab="1"
            ecep:pron="drɒps">Drops</w>
         <c> </c>
         <w xml:id="o4672-181600"
            n="o4672/0141-a-0130"
            ecep:lem="of"
            ecep:pos="pp-f"
            ecep:reg="of"
            ecep:spe="of"
            ecep:syllab="1"
            ecep:pron="ɒv">of</w>
         <c> </c>
         <w xml:id="o4672-181610"
            n="o4672/0141-a-0140"
            ecep:lem="joy"
            ecep:pos="n1"
            ecep:reg="Joy"
            ecep:spe="Joy"
            ecep:syllab="1"
            ecep:pron="dʒɔɪ">Joy</w>
         <c> </c>
         <w xml:id="o4672-181620"
            n="o4672/0141-a-0150"
            ecep:lem="be"
            ecep:pos="vbr"
            ecep:reg="are"
            ecep:spe="are"
            ecep:syllab="1"
            ecep:pron="ɑː">are</w>
         <c> </c>
         <w xml:id="o4672-181630"
            n="o4672/0141-a-0160"
            ecep:lem="few"
            ecep:pos="d"
            ecep:reg="few"
            ecep:spe="few"
            ecep:syllab="1"
            ecep:pron="fjuː">few</w>
         <pc xml:id="o4672-181640"
             n="o4672/0141-a-0170"
             ecep:lem=","
             ecep:pos=","
             ecep:reg=","
             ecep:spe=",">,</pc>
      </l>
      <l xml:id="o4672-l07955">
         <c> </c>
         <w xml:id="o4672-181650"
            n="o4672/0141-a-0180"
            ecep:lem="this"
            ecep:pos="d"
            ecep:reg="This"
            ecep:spe="This"
            ecep:syllab="1"
            ecep:pron="ðɪs">This</w>
         <c> </c>
         <w xml:id="o4672-181660"
            n="o4672/0141-a-0190"
            ecep:lem="dear"
            ecep:pos="j-jn"
            ecep:reg="dear"
            ecep:spe="dear"
            ecep:syllab="1"
            ecep:pron="dɪə">dear</w>
         <c> </c>
         <w xml:id="o4672-181670"
            n="o4672/0141-a-0200"
            ecep:lem="delight"
            ecep:pos="n1"
            ecep:reg="Delight"
            ecep:spe="Delight"
            ecep:syllab="2"
            ecep:pron="dɪˈlaɪt">Delight</w>
         <c> </c>
         <w xml:id="o4672-181680"
            n="o4672/0141-a-0210"
            ecep:lem="of"
            ecep:pos="pp-f"
            ecep:reg="of"
            ecep:spe="of"
            ecep:syllab="1"
            ecep:pron="ɒv">of</w>
         <c> </c>
         <w xml:id="o4672-181690"
            n="o4672/0141-a-0220"
            ecep:lem="mingle"
            ecep:pos="vvg"
            ecep:reg="Mingling"
            ecep:spe="Mingling"
            ecep:syllab="3"
            ecep:pron="ˈmɪŋglɪŋ">Mingling</w>
         <c> </c>
         <w xml:id="o4672-181700"
            n="o4672/0141-a-0230"
            ecep:lem="soul"
            ecep:pos="n2"
            ecep:reg="Souls"
            ecep:spe="Souls"
            ecep:syllab="1"
            ecep:pron="səʊlz">Souls</w>
      </l>
      <l xml:id="o4672-l07960">
         <c> </c>
         <w xml:id="o4672-181710"
            n="o4672/0141-a-0240"
            ecep:lem="serve"
            ecep:pos="vvz"
            ecep:reg="Serves"
            ecep:spe="Serves"
            ecep:syllab="1"
            ecep:pron="sɜːvz">Serves</w>
         <c> </c>
         <w xml:id="o4672-181720"
            n="o4672/0141-a-0250"
            ecep:lem="but"
            ecep:pos="cc-acp"
            ecep:reg="but"
            ecep:spe="but"
            ecep:syllab="1"
            ecep:pron="bʌt">but</w>
         <c> </c>
         <w xml:id="o4672-181730"
            n="o4672/0141-a-0260"
            ecep:lem="to"
            ecep:pos="pc-acp"
            ecep:reg="to"
            ecep:spe="to"
            ecep:syllab="1"
            ecep:pron="tuː">to</w>
         <c> </c>
         <w xml:id="o4672-181740"
            n="o4672/0141-a-0270"
            ecep:lem="swell"
            ecep:pos="vvi"
            ecep:reg="swell"
            ecep:spe="swell"
            ecep:syllab="1"
            ecep:pron="swel">swell</w>
         <c> </c>
         <w xml:id="o4672-181750"
            n="o4672/0141-a-0280"
            ecep:lem="our"
            ecep:pos="po12"
            ecep:reg="our"
            ecep:spe="our"
            ecep:syllab="1"
            ecep:pron="æə">our</w>
         <c> </c>
         <w xml:id="o4672-181760"
            n="o4672/0141-a-0290"
            ecep:lem="woe"
            ecep:pos="n1"
            ecep:reg="Woe"
            ecep:spe="Woe"
            ecep:syllab="1"
            ecep:pron="wəʊ">Woe</w>
         <pc xml:id="o4672-181770"
             n="o4672/0141-a-0300"
             unit="sentence"
             ecep:lem="."
             ecep:pos="."
             ecep:reg="."
             ecep:spe=".">.</pc>
         <c> </c>
      </l>
   </lg>
   <lg n="4" xml:id="o4672-s01850">
      <head>
         <w xml:id="o4672-181810"
            n="o4672/0141-a-0310"
            ecep:lem="iv"
            ecep:pos="crd"
            ecep:reg="IV"
            ecep:spe="IV"
            ecep:syllab="1"
            ecep:pron="rˌəʊmənfˈɔː">IV</w>
         <pc xml:id="o4672-181820"
             n="o4672/0141-a-0320"
             unit="sentence"
             ecep:lem="."
             ecep:pos="."
             ecep:reg="."
             ecep:spe=".">.</pc>
      </head>
      <l xml:id="o4672-l07965">
         <w xml:id="o4672-181840"
            n="o4672/0141-a-0330"
            ecep:lem="oh"
            ecep:pos="uh"
            ecep:reg="O"
            ecep:spe="Oh"
            ecep:syllab="1"
            ecep:pron="əʊ">Oh</w>
         <pc xml:id="o4672-181845"
             n="o4672/0141-a-0330"
             ecep:lem="!"
             ecep:pos="!"
             ecep:reg="!"
             ecep:spe="!">!</pc>
         <c> </c>
         <w xml:id="o4672-181850"
            n="o4672/0141-a-0340"
            ecep:lem="why"
            ecep:pos="q-crq"
            ecep:reg="why"
            ecep:spe="why"
            ecep:syllab="1"
            ecep:pron="waɪ">why</w>
         <c> </c>
         <w xml:id="o4672-181860"
            n="o4672/0141-a-0350"
            ecep:lem="shall"
            ecep:pos="vmd"
            ecep:reg="should"
            ecep:spe="should"
            ecep:syllab="1"
            ecep:pron="ʃʊd">should</w>
         <c> </c>
         <w xml:id="o4672-181870"
            n="o4672/0141-a-0360"
            ecep:lem="bliss"
            ecep:pos="n1"
            ecep:reg="Bliss"
            ecep:spe="Bliss"
            ecep:syllab="1"
            ecep:pron="blɪs">Bliss</w>
         <c> </c>
         <w xml:id="o4672-181880"
            n="o4672/0141-a-0370"
            ecep:lem="depart"
            ecep:pos="vvi"
            ecep:reg="depart"
            ecep:spe="depart"
            ecep:syllab="2"
            ecep:pron="dɪˈpɑːt">depart</w>
         <c> </c>
         <w xml:id="o4672-181890"
            n="o4672/0141-a-0380"
            ecep:lem="in"
            ecep:pos="p-acp"
            ecep:reg="in"
            ecep:spe="in"
            ecep:syllab="1"
            ecep:pron="ɪn">in</w>
         <c> </c>
         <w xml:id="o4672-181900"
            n="o4672/0141-a-0390"
            ecep:lem="haste"
            ecep:pos="n1"
            ecep:reg="haste"
            ecep:spe="haste"
            ecep:syllab="1"
            ecep:pron="heɪst">haste</w>
         <pc xml:id="o4672-181910"
             n="o4672/0141-a-0400"
             ecep:lem=","
             ecep:pos=","
             ecep:reg=","
             ecep:spe=",">,</pc>
      </l>
      <l xml:id="o4672-l07970">
         <c> </c>
         <w xml:id="o4672-181920"
            n="o4672/0141-a-0410"
            ecep:lem="and"
            ecep:pos="cc"
            ecep:reg="And"
            ecep:spe="And"
            ecep:syllab="1"
            ecep:pron="ænd">And</w>
         <c> </c>
         <w xml:id="o4672-181930"
            n="o4672/0141-a-0420"
            ecep:lem="friendship"
            ecep:pos="n1"
            ecep:reg="Friendship"
            ecep:spe="Friendship"
            ecep:syllab="2"
            ecep:pron="ˈfrenʃɪp">Friendship</w>
         <c> </c>
         <w xml:id="o4672-181940"
            n="o4672/0141-a-0430"
            ecep:lem="stay"
            ecep:pos="vvb"
            ecep:reg="stay"
            ecep:spe="stay"
            ecep:syllab="1"
            ecep:pron="steɪ">stay</w>
         <c> </c>
         <w xml:id="o4672-181950"
            n="o4672/0141-a-0440"
            ecep:lem="to"
            ecep:pos="pc-acp"
            ecep:reg="to"
            ecep:spe="to"
            ecep:syllab="1"
            ecep:pron="tuː">to</w>
         <c> </c>
         <w xml:id="o4672-181960"
            n="o4672/0141-a-0450"
            ecep:lem="moan"
            ecep:pos="vvi"
            ecep:reg="moan"
            ecep:spe="moan"
            ecep:syllab="1"
            ecep:pron="məʊn">moan</w>
         <pc xml:id="o4672-181970"
             n="o4672/0141-a-0460"
             unit="sentence"
             ecep:lem="?"
             ecep:pos="?"
             ecep:reg="?"
             ecep:spe="?">?</pc>
         <c> </c>
      </l>
      <l xml:id="o4672-l07975">
         <w xml:id="o4672-181980"
            n="o4672/0141-a-0470"
            ecep:lem="why"
            ecep:pos="q-crq"
            ecep:reg="Why"
            ecep:spe="Why"
            ecep:syllab="1"
            ecep:pron="waɪ">Why</w>
         <c> </c>
         <w xml:id="o4672-181990"
            n="o4672/0141-a-0480"
            ecep:lem="the"
            ecep:pos="dt"
            ecep:reg="the"
            ecep:spe="the"
            ecep:syllab="1"
            ecep:pron="ðiː">the</w>
         <c> </c>
         <w xml:id="o4672-182000"
            n="o4672/0141-a-0490"
            ecep:lem="fond"
            ecep:pos="j"
            ecep:reg="fond"
            ecep:spe="fond"
            ecep:syllab="1"
            ecep:pron="fɒnd">fond</w>
         <c> </c>
         <w xml:id="o4672-182010"
            n="o4672/0141-a-0500"
            ecep:lem="passion"
            ecep:pos="n1"
            ecep:reg="Passion"
            ecep:spe="Passion"
            ecep:syllab="2"
            ecep:pron="ˈpæʃn">Passion</w>
         <c> </c>
         <w xml:id="o4672-182020"
            n="o4672/0141-a-0510"
            ecep:lem="cling"
            ecep:pos="vvb"
            ecep:reg="cling"
            ecep:spe="cling"
            ecep:syllab="1"
            ecep:pron="klɪŋ">cling</w>
         <c> </c>
         <w xml:id="o4672-182030"
            n="o4672/0141-a-0520"
            ecep:lem="so"
            ecep:pos="av"
            ecep:reg="so"
            ecep:spe="so"
            ecep:syllab="1"
            ecep:pron="səʊ">so</w>
         <c> </c>
         <w xml:id="o4672-182040"
            n="o4672/0141-a-0530"
            ecep:lem="fast"
            ecep:pos="av-j"
            ecep:reg="fast"
            ecep:spe="fast"
            ecep:syllab="1"
            ecep:pron="fɑːst">fast</w>
         <pc xml:id="o4672-182050"
             n="o4672/0141-a-0540"
             ecep:lem=","
             ecep:pos=","
             ecep:reg=","
             ecep:spe=",">,</pc>
      </l>
      <l xml:id="o4672-l07980">
         <c> </c>
         <w xml:id="o4672-182060"
            n="o4672/0141-a-0550"
            ecep:lem="when"
            ecep:pos="c-crq"
            ecep:reg="When"
            ecep:spe="When"
            ecep:syllab="1"
            ecep:pron="wen">When</w>
         <c> </c>
         <w xml:id="o4672-182070"
            n="o4672/0141-a-0560"
            ecep:lem="every"
            ecep:pos="d"
            ecep:reg="every"
            ecep:spe="every"
            ecep:syllab="2"
            ecep:pron="ˈevri">every</w>
         <c> </c>
         <w xml:id="o4672-182080"
            n="o4672/0141-a-0570"
            ecep:lem="joy"
            ecep:pos="n1"
            ecep:reg="Joy"
            ecep:spe="Joy"
            ecep:syllab="1"
            ecep:pron="dʒɔɪ">Joy</w>
         <c> </c>
         <w xml:id="o4672-182090"
            n="o4672/0141-a-0580"
            ecep:lem="be"
            ecep:pos="vbz"
            ecep:reg="is"
            ecep:spe="is"
            ecep:syllab="1"
            ecep:pron="ɪz">is</w>
         <c> </c>
         <w xml:id="o4672-182100"
            n="o4672/0141-a-0590"
            ecep:lem="go"
            ecep:pos="vvn"
            ecep:reg="gone"
            ecep:spe="gone"
            ecep:syllab="1"
            ecep:pron="gɒn">gone</w>
         <pc xml:id="o4672-182110"
             n="o4672/0141-a-0600"
             unit="sentence"
             ecep:lem="?"
             ecep:pos="?"
             ecep:reg="?"
             ecep:spe="?">?</pc>
         <c> </c>
      </l>
   </lg>
   <lg n="5" xml:id="o4672-s01855">
      <head>
         <w xml:id="o4672-182150"
            n="o4672/0141-a-0610"
            ecep:lem="v."
            ecep:pos="crd"
            ecep:reg="V"
            ecep:spe="V."
            ecep:syllab="1"
            ecep:pron="viː">V.</w>
         <pc unit="sentence" xml:id="o4672-182150-eos" n="o4672/0141-a-0620"/>
      </head>
      <l xml:id="o4672-l07985">
         <w xml:id="o4672-182170"
            n="o4672/0141-a-0630"
            ecep:lem="yet"
            ecep:pos="av"
            ecep:reg="Yet"
            ecep:spe="Yet"
            ecep:syllab="1"
            ecep:pron="jet">Yet</w>
         <c> </c>
         <w xml:id="o4672-182180"
            n="o4672/0141-a-0640"
            ecep:lem="never"
            ecep:pos="av-x"
            ecep:reg="never"
            ecep:spe="never"
            ecep:syllab="2"
            ecep:pron="ˈnevə">never</w>
         <c> </c>
         <w xml:id="o4672-182190"
            n="o4672/0141-a-0650"
            ecep:lem="let"
            ecep:pos="vvb"
            ecep:reg="let"
            ecep:spe="let"
            ecep:syllab="1"
            ecep:pron="let">let</w>
         <c> </c>
         <w xml:id="o4672-182200"
            n="o4672/0141-a-0660"
            ecep:lem="our"
            ecep:pos="po12"
            ecep:reg="our"
            ecep:spe="our"
            ecep:syllab="1"
            ecep:pron="æə">our</w>
         <c> </c>
         <w xml:id="o4672-182210"
            n="o4672/0141-a-0670"
            ecep:lem="heart"
            ecep:pos="n2"
            ecep:reg="Hearts"
            ecep:spe="Hearts"
            ecep:syllab="1"
            ecep:pron="hɑːts">Hearts</w>
         <c> </c>
         <w xml:id="o4672-182220"
            n="o4672/0141-a-0680"
            ecep:lem="divide"
            ecep:pos="vvi"
            ecep:reg="divide"
            ecep:spe="divide"
            ecep:syllab="2"
            ecep:pron="dɪˈvaɪd">divide</w>
         <pc xml:id="o4672-182230"
             n="o4672/0141-a-0690"
             ecep:lem=","
             ecep:pos=","
             ecep:reg=","
             ecep:spe=",">,</pc>
      </l>
      <l xml:id="o4672-l07990">
         <c> </c>
         <w xml:id="o4672-182240"
            n="o4672/0141-a-0700"
            ecep:lem="not"
            ecep:pos="xx"
            ecep:reg="Not"
            ecep:spe="Not"
            ecep:syllab="1"
            ecep:pron="nɒt">Not</w>
         <c> </c>
         <w xml:id="o4672-182250"
            n="o4672/0141-a-0710"
            ecep:lem="death"
            ecep:pos="n1"
            ecep:reg="Death"
            ecep:spe="Death"
            ecep:syllab="1"
            ecep:pron="deθ">Death</w>
         <c> </c>
         <w xml:id="o4672-182260"
            n="o4672/0141-a-0720"
            ecep:lem="dissolve"
            ecep:pos="vvi"
            ecep:reg="dissolve"
            ecep:spe="dissolve"
            ecep:syllab="2"
            ecep:pron="dɪˈzɒlv">dissolve</w>
         <c> </c>
         <w xml:id="o4672-182270"
            n="o4672/0141-a-0730"
            ecep:lem="the"
            ecep:pos="dt"
            ecep:reg="the"
            ecep:spe="the"
            ecep:syllab="1"
            ecep:pron="ðiː">the</w>
         <c> </c>
         <w xml:id="o4672-182280"
            n="o4672/0141-a-0740"
            ecep:lem="chain"
            ecep:pos="n1"
            ecep:reg="Chain"
            ecep:spe="Chain"
            ecep:syllab="1"
            ecep:pron="tʃeɪn">Chain</w>
         <pc xml:id="o4672-182290"
             n="o4672/0141-a-0750"
             ecep:lem=":"
             ecep:pos=":"
             ecep:reg=":"
             ecep:spe=":">:</pc>
      </l>
      <l xml:id="o4672-l07995">
         <c> </c>
         <w xml:id="o4672-182300"
            n="o4672/0141-a-0760"
            ecep:lem="for"
            ecep:pos="p-acp"
            ecep:reg="For"
            ecep:spe="For"
            ecep:syllab="1"
            ecep:pron="fɔː">For</w>
         <c> </c>
         <w xml:id="o4672-182310"
            n="o4672/0141-a-0770"
            ecep:lem="love"
            ecep:pos="n1"
            ecep:reg="Love"
            ecep:spe="Love"
            ecep:syllab="1"
            ecep:pron="lʌv">Love</w>
         <c> </c>
         <w xml:id="o4672-182320"
            n="o4672/0141-a-0780"
            ecep:lem="and"
            ecep:pos="cc"
            ecep:reg="and"
            ecep:spe="and"
            ecep:syllab="1"
            ecep:pron="ænd">and</w>
         <c> </c>
         <w xml:id="o4672-182330"
            n="o4672/0141-a-0790"
            ecep:lem="joy"
            ecep:pos="n1"
            ecep:reg="Joy"
            ecep:spe="Joy"
            ecep:syllab="1"
            ecep:pron="dʒɔɪ">Joy</w>
         <c> </c>
         <w xml:id="o4672-182340"
            n="o4672/0141-a-0800"
            ecep:lem="be"
            ecep:pos="vbdr"
            ecep:reg="were"
            ecep:spe="were"
            ecep:syllab="1"
            ecep:pron="wɜː">were</w>
         <c> </c>
         <w xml:id="o4672-182350"
            n="o4672/0141-a-0810"
            ecep:lem="once"
            ecep:pos="a-acp"
            ecep:reg="once"
            ecep:spe="once"
            ecep:syllab="1"
            ecep:pron="wʌns">once</w>
         <c> </c>
         <w xml:id="o4672-182360"
            n="o4672/0141-a-0820"
            ecep:lem="ally"
            ecep:pos="vvn"
            ecep:reg="allied"
            ecep:spe="ally'd"
            ecep:syllab="2"
            ecep:pron="əˈlaɪd">ally'd</w>
         <pc xml:id="o4672-182370"
             n="o4672/0141-a-0830"
             ecep:lem=","
             ecep:pos=","
             ecep:reg=","
             ecep:spe=",">,</pc>
      </l>
      <l xml:id="o4672-l08000">
         <c> </c>
         <w xml:id="o4672-182380"
            n="o4672/0141-a-0840"
            ecep:lem="and"
            ecep:pos="cc"
            ecep:reg="And"
            ecep:spe="And"
            ecep:syllab="1"
            ecep:pron="ænd">And</w>
         <c> </c>
         <w xml:id="o4672-182390"
            n="o4672/0141-a-0850"
            ecep:lem="must"
            ecep:pos="vmb"
            ecep:reg="must"
            ecep:spe="must"
            ecep:syllab="1"
            ecep:pron="mʌst">must</w>
         <c> </c>
         <w xml:id="o4672-182400"
            n="o4672/0141-a-0860"
            ecep:lem="be"
            ecep:pos="vbi"
            ecep:reg="be"
            ecep:spe="be"
            ecep:syllab="1"
            ecep:pron="biː">be</w>
         <c> </c>
         <w xml:id="o4672-182410"
            n="o4672/0141-a-0870"
            ecep:lem="join"
            ecep:pos="vvn"
            ecep:reg="joined"
            ecep:spe="joyn'd"
            ecep:syllab="1"
            ecep:pron="dʒˈɔɪnd">joyn'd</w>
         <c> </c>
         <w xml:id="o4672-182420"
            n="o4672/0141-a-0880"
            ecep:lem="again"
            ecep:pos="av"
            ecep:reg="again"
            ecep:spe="again"
            ecep:syllab="2"
            ecep:pron="əˈgen">again</w>
         <pc xml:id="o4672-182430"
             n="o4672/0141-a-0890"
             unit="sentence"
             ecep:lem="."
             ecep:pos="."
             ecep:reg="."
             ecep:spe=".">.</pc>
         <c> </c>
      </l>
   </lg>
</div>
