<?xml version="1.0" encoding="UTF-8"?>
<?xml-model href="../tei_all.rnc" type="application/relax-ng-compact-syntax"?>
<TEI xmlns="http://www.tei-c.org/ns/1.0">
   <teiHeader>
      <fileDesc>
         <titleStmt>
            <title corresp="#txt_BlamSu1747_w0084">O DONALD! YE ARE JUST THE MAN.</title>
            <author corresp="authors.xml#aut_BlamSu1747">Susanna Blamire</author>
            <respStmt>
               <name xml:id="AH">Alexander Huber</name>
               <resp>Editor</resp>
            </respStmt>
            <funder>
               <name type="institution" xml:id="BOD">Bodleian Libraries, University of Oxford</name>
               <address>
                  <addrLine>Broad Street</addrLine>
                  <addrLine>Oxford OX1 3BG</addrLine>
                  <addrLine>UK</addrLine>
               </address>
            </funder>
         </titleStmt>
         <publicationStmt>
            <publisher xml:id="ECPA">Eighteenth-Century Poetry Archive</publisher>
            <address>
               <addrLine>Taylor Institution Library</addrLine>
               <addrLine>St Giles'</addrLine>
               <addrLine>Oxford OX1 3NA</addrLine>
               <addrLine>UK</addrLine>
               <addrLine>
                  <email>info@eighteenthcenturypoetry.org</email>
               </addrLine>
               <addrLine>
                  <ref target="https://www.eighteenthcenturypoetry.org/">https://www.eighteenthcenturypoetry.org/</ref>
               </addrLine>
            </address>
            <pubPlace>Oxford</pubPlace>
            <availability status="restricted">
               <licence target="http://creativecommons.org/licenses/by-sa/3.0/">This work is licensed under a Creative Commons Attribution-ShareAlike 3.0 Unported License.</licence>
            </availability>
         </publicationStmt>
         <sourceDesc>
            <bibl>
               <author>Blamire, Susanna, 1747-1794.</author>
               <title>The Poetical Works of Miss Susanna Blamire “The muse of Cumberland.” Now for the first time collected by Henry Lonsdale, M.D. with a preface, memoir, and notes by Patrick Maxwell, ...</title>
               <pubPlace>Edinburgh</pubPlace>
               <publisher>John Menzies, 61 Princes Street; R. Tyas, London; D. Robertson, Glasgow; and C. Thurnam, Carlisle. MDCCCXLII.</publisher>
               <date>1842</date>
               <biblScope>pp. 252-253.</biblScope>
               <extent/>
            </bibl>
         </sourceDesc>
      </fileDesc>
      <encodingDesc>
         <projectDesc>
            <p>This e-text is part of the Works section of the Eighteenth-Century Poetry Archive (ECPA).</p>
            <p>XML created for the Eighteenth-Century Poetry Archive (ECPA).</p>
         </projectDesc>
         <editorialDecl>
            <p>Typography, spelling, capitalization, and punctuation have been cautiously modernized. The source of the text is given and all significant
						editorial interventions have been recorded in textual notes. This  text has been edited to conform to the recommendations found 
						in Level 5 of the
						Best Practices for TEI in Libraries version 4.0.0.
					</p>
         </editorialDecl>
         <classDecl>
            <taxonomy xml:id="LCNAF">
               <bibl>Library of Congress Name Authority File (<abbr>LCNAF</abbr>)</bibl>
            </taxonomy>
         </classDecl>
         <tagsDecl>
            <rendition n="linegroups indented" xml:id="lgindent" scheme="css">text-indent: 1em;</rendition>
            <rendition n="linegroups vertically spaced" xml:id="lgvspace" scheme="css">margin-bottom: 1em;</rendition>
            <rendition n="aligned centrally" xml:id="align-center" scheme="css">text-align: center;</rendition>
            <rendition n="aligned right" xml:id="align-right" scheme="css">text-align: right;</rendition>
            <rendition n="aligned left" xml:id="align-left" scheme="css">text-align: left;</rendition>
            <rendition n="inline" xml:id="inline" scheme="css">display: inline</rendition>
            <rendition n="italic" xml:id="i" scheme="css">font-style: italic;</rendition>
            <rendition n="bold" xml:id="b" scheme="css">font-weight: bold;</rendition>
         </tagsDecl>
      </encodingDesc>
   </teiHeader>
   <text>
      <body>
         <div xmlns:ecep="http://www.eighteenthcenturypoetry.org/ns"
              ana="#iamb #tetrameter #trimeter #quatrain #intermittent #song"
              corresp="#txt_BlamSu1747_w0084"
              decls="#semi-normalized"
              ecep:syllab="8.6.8.6"
              met="-+|-+|-+|-+/ -+|-+|-+/ -+|-+|-+|-+/ -+|-+|-+/"
              rendition="#lgindent"
              rhyme="xaxa"
              subtype="eceptext"
              type="poem"
              xml:id="bsb18-w0840">
            <link target="authors.xml#aut_BlamSu1747" type="author"/>
            <head type="main">
               <w xmlns:ecep="http://www.eighteenthcenturypoetry.org/ns"
                  xml:id="bsb18-708380"
                  n="a-1540"
                  ecep:lem="o"
                  ecep:pos="uh"
                  ecep:reg="OH"
                  ecep:spe="O"
                  ecep:syllab="1"
                  ecep:pron="əʊ">O</w>
               <c> </c>
               <w xmlns:ecep="http://www.eighteenthcenturypoetry.org/ns"
                  xml:id="bsb18-708390"
                  n="a-1550"
                  ecep:lem="Donald"
                  ecep:pos="np1"
                  ecep:reg="DONALD"
                  ecep:spe="DONALD"
                  ecep:syllab="2"
                  ecep:pron="ˈdɒnld">DONALD</w>
               <pc xmlns:ecep="http://www.eighteenthcenturypoetry.org/ns"
                   xml:id="bsb18-708400"
                   n="a-1560"
                   unit="sentence"
                   ecep:lem="!"
                   ecep:pos="!"
                   ecep:reg="!"
                   ecep:spe="!">!</pc>
               <c> </c>
               <w xmlns:ecep="http://www.eighteenthcenturypoetry.org/ns"
                  xml:id="bsb18-708410"
                  n="a-1570"
                  ecep:lem="you"
                  ecep:pos="pn22"
                  ecep:reg="YOU"
                  ecep:spe="YE"
                  ecep:syllab="1"
                  ecep:pron="jiː">YE</w>
               <c> </c>
               <w xmlns:ecep="http://www.eighteenthcenturypoetry.org/ns"
                  xml:id="bsb18-708420"
                  n="a-1580"
                  ecep:lem="be"
                  ecep:pos="vbb"
                  ecep:reg="ARE"
                  ecep:spe="ARE"
                  ecep:syllab="1"
                  ecep:pron="ɑː">ARE</w>
               <c> </c>
               <w xmlns:ecep="http://www.eighteenthcenturypoetry.org/ns"
                  xml:id="bsb18-708430"
                  n="a-1590"
                  ecep:lem="just"
                  ecep:pos="av-j"
                  ecep:reg="JUST"
                  ecep:spe="JUST"
                  ecep:syllab="1"
                  ecep:pron="dʒʌst">JUST</w>
               <c> </c>
               <w xmlns:ecep="http://www.eighteenthcenturypoetry.org/ns"
                  xml:id="bsb18-708440"
                  n="a-1600"
                  ecep:lem="the"
                  ecep:pos="dt"
                  ecep:reg="THE"
                  ecep:spe="THE"
                  ecep:syllab="1"
                  ecep:pron="ðiː">THE</w>
               <c> </c>
               <w xmlns:ecep="http://www.eighteenthcenturypoetry.org/ns"
                  xml:id="bsb18-708450"
                  n="a-1610"
                  ecep:lem="man"
                  ecep:pos="n1"
                  ecep:reg="MAN"
                  ecep:spe="MAN"
                  ecep:syllab="1"
                  ecep:pron="mæn">MAN</w>
               <pc xmlns:ecep="http://www.eighteenthcenturypoetry.org/ns"
                   xml:id="bsb18-708460"
                   n="a-1620"
                   unit="sentence"
                   ecep:lem="."
                   ecep:pos="."
                   ecep:reg="."
                   ecep:spe=".">.</pc>
            </head>
            <lg xml:id="bsb18-s02185">
               <l xml:id="bsb18-l32030">
                  <w xmlns:ecep="http://www.eighteenthcenturypoetry.org/ns"
                     xml:id="bsb18-708490"
                     n="a-1630"
                     ecep:lem="o"
                     ecep:pos="uh"
                     ecep:reg="OH"
                     ecep:spe="O"
                     ecep:syllab="1"
                     ecep:pron="əʊ">O</w>
                  <c> </c>
                  <w xmlns:ecep="http://www.eighteenthcenturypoetry.org/ns"
                     xml:id="bsb18-708500"
                     n="a-1640"
                     ecep:lem="Donald"
                     ecep:pos="np1"
                     ecep:reg="DONALD"
                     ecep:spe="DONALD"
                     ecep:syllab="2"
                     ecep:pron="ˈdɒnld">DONALD</w>
                  <pc xmlns:ecep="http://www.eighteenthcenturypoetry.org/ns"
                      xml:id="bsb18-708510"
                      n="a-1650"
                      ecep:lem="!"
                      ecep:pos="!"
                      ecep:reg="!"
                      ecep:spe="!">!</pc>
                  <c> </c>
                  <w xmlns:ecep="http://www.eighteenthcenturypoetry.org/ns"
                     xml:id="bsb18-708520"
                     n="a-1660"
                     ecep:lem="you"
                     ecep:pos="pn22"
                     ecep:reg="you"
                     ecep:spe="ye"
                     ecep:syllab="1"
                     ecep:pron="jiː">ye</w>
                  <c> </c>
                  <w xmlns:ecep="http://www.eighteenthcenturypoetry.org/ns"
                     xml:id="bsb18-708530"
                     n="a-1670"
                     ecep:lem="be"
                     ecep:pos="vbr"
                     ecep:reg="are"
                     ecep:spe="are"
                     ecep:syllab="1"
                     ecep:pron="ɑː">are</w>
                  <c> </c>
                  <w xmlns:ecep="http://www.eighteenthcenturypoetry.org/ns"
                     xml:id="bsb18-708540"
                     n="a-1680"
                     ecep:lem="just"
                     ecep:pos="av-j"
                     ecep:reg="just"
                     ecep:spe="just"
                     ecep:syllab="1"
                     ecep:pron="dʒʌst">just</w>
                  <c> </c>
                  <w xmlns:ecep="http://www.eighteenthcenturypoetry.org/ns"
                     xml:id="bsb18-708550"
                     n="a-1690"
                     ecep:lem="the"
                     ecep:pos="dt"
                     ecep:reg="the"
                     ecep:spe="the"
                     ecep:syllab="1"
                     ecep:pron="ðiː">the</w>
                  <c> </c>
                  <w xmlns:ecep="http://www.eighteenthcenturypoetry.org/ns"
                     xml:id="bsb18-708560"
                     n="a-1700"
                     ecep:lem="man"
                     ecep:pos="n1"
                     ecep:reg="man"
                     ecep:spe="man"
                     ecep:syllab="1"
                     ecep:pron="mæn">man</w>
               </l>
               <l rendition="#h_3" xml:id="bsb18-l32035">
                  <c> </c>
                  <w xmlns:ecep="http://www.eighteenthcenturypoetry.org/ns"
                     xml:id="bsb18-708570"
                     n="a-1710"
                     ecep:lem="who"
                     ecep:pos="q-crq"
                     ecep:reg="Who"
                     ecep:spe="Who"
                     ecep:syllab="1"
                     ecep:pron="huː">Who</w>
                  <pc xmlns:ecep="http://www.eighteenthcenturypoetry.org/ns"
                      xml:id="bsb18-708580"
                      n="a-1720"
                      ecep:lem=","
                      ecep:pos=","
                      ecep:reg=","
                      ecep:spe=",">,</pc>
                  <c> </c>
                  <w xmlns:ecep="http://www.eighteenthcenturypoetry.org/ns"
                     xml:id="bsb18-708590"
                     n="a-1730"
                     ecep:lem="when"
                     ecep:pos="c-crq"
                     ecep:reg="when"
                     ecep:spe="when"
                     ecep:syllab="1"
                     ecep:pron="wen">when</w>
                  <c> </c>
                  <w xmlns:ecep="http://www.eighteenthcenturypoetry.org/ns"
                     xml:id="bsb18-708600"
                     n="a-1740"
                     ecep:lem="he|be"
                     ecep:pos="pns31|vbz"
                     ecep:reg="he's"
                     ecep:spe="he's"
                     ecep:syllab="1"
                     ecep:pron="hiːz">he's</w>
                  <c> </c>
                  <w xmlns:ecep="http://www.eighteenthcenturypoetry.org/ns"
                     xml:id="bsb18-708610"
                     n="a-1750"
                     ecep:lem="get"
                     ecep:pos="vvn"
                     ecep:reg="got"
                     ecep:spe="got"
                     ecep:syllab="1"
                     ecep:pron="gɒt">got</w>
                  <c> </c>
                  <w xmlns:ecep="http://www.eighteenthcenturypoetry.org/ns"
                     xml:id="bsb18-708620"
                     n="a-1760"
                     ecep:lem="a"
                     ecep:pos="dt"
                     ecep:reg="a"
                     ecep:spe="a"
                     ecep:syllab="1"
                     ecep:pron="ə">a</w>
                  <c> </c>
                  <w xmlns:ecep="http://www.eighteenthcenturypoetry.org/ns"
                     xml:id="bsb18-708630"
                     n="a-1770"
                     ecep:lem="wife"
                     ecep:pos="n1"
                     ecep:reg="wife"
                     ecep:spe="wife"
                     ecep:syllab="1"
                     ecep:pron="waɪf">wife</w>
                  <pc xmlns:ecep="http://www.eighteenthcenturypoetry.org/ns"
                      xml:id="bsb18-708640"
                      n="a-1780"
                      ecep:lem=","
                      ecep:pos=","
                      ecep:reg=","
                      ecep:spe=",">,</pc>
               </l>
               <l xml:id="bsb18-l32040">
                  <c> </c>
                  <w xmlns:ecep="http://www.eighteenthcenturypoetry.org/ns"
                     xml:id="bsb18-708650"
                     n="a-1790"
                     ecep:lem="begin"
                     ecep:pos="vvz"
                     ecep:reg="Begins"
                     ecep:spe="Begins"
                     ecep:syllab="2"
                     ecep:pron="bɪˈgɪnz">Begins</w>
                  <c> </c>
                  <w xmlns:ecep="http://www.eighteenthcenturypoetry.org/ns"
                     xml:id="bsb18-708660"
                     n="a-1800"
                     ecep:lem="to"
                     ecep:pos="pc-acp"
                     ecep:reg="to"
                     ecep:spe="to"
                     ecep:syllab="1"
                     ecep:pron="tuː">to</w>
                  <c> </c>
                  <w xmlns:ecep="http://www.eighteenthcenturypoetry.org/ns"
                     xml:id="bsb18-708670"
                     n="a-1810"
                     ecep:lem="fratch"
                     ecep:pos="vvi"
                     ecep:reg="fratch"
                     ecep:spe="fratch"
                     ecep:syllab="1"
                     ecep:pron="frætʃ">fratch</w>
                  <c> </c>
                  <pc xmlns:ecep="http://www.eighteenthcenturypoetry.org/ns"
                      xml:id="bsb18-708680"
                      n="a-1820"
                      ecep:lem="—"
                      ecep:pos="—"
                      ecep:reg="—"
                      ecep:spe="—">—</pc>
                  <c> </c>
                  <w xmlns:ecep="http://www.eighteenthcenturypoetry.org/ns"
                     xml:id="bsb18-708690"
                     n="a-1830"
                     ecep:lem="no"
                     ecep:pos="dx"
                     ecep:reg="nae"
                     ecep:spe="nae"
                     ecep:syllab="1"
                     ecep:pron="neɪ">nae</w>
                  <c> </c>
                  <w xmlns:ecep="http://www.eighteenthcenturypoetry.org/ns"
                     xml:id="bsb18-708700"
                     n="a-1840"
                     ecep:lem="notice"
                     ecep:pos="n1"
                     ecep:reg="notice"
                     ecep:spe="notice"
                     ecep:syllab="2"
                     ecep:pron="ˈnəʊtɪs">notice</w>
                  <c> </c>
                  <w xmlns:ecep="http://www.eighteenthcenturypoetry.org/ns"
                     xml:id="bsb18-708710"
                     n="a-1850"
                     ecep:lem="take"
                     ecep:pos="vvn"
                     ecep:reg="taken"
                     ecep:spe="ta'en"
                     ecep:syllab="1"
                     ecep:pron="teɪn">ta'en</w>
                  <c> </c>
                  <pc xmlns:ecep="http://www.eighteenthcenturypoetry.org/ns"
                      xml:id="bsb18-708720"
                      n="a-1860"
                      ecep:lem="—"
                      ecep:pos="—"
                      ecep:reg="—"
                      ecep:spe="—">—</pc>
               </l>
               <l rendition="#h_3" xml:id="bsb18-l32045">
                  <c> </c>
                  <w xmlns:ecep="http://www.eighteenthcenturypoetry.org/ns"
                     xml:id="bsb18-708730"
                     n="a-1870"
                     ecep:lem="they|be"
                     ecep:pos="pns32|vbb"
                     ecep:reg="They're"
                     ecep:spe="They're"
                     ecep:syllab="1"
                     ecep:pron="ðeə">They're</w>
                  <c> </c>
                  <w xmlns:ecep="http://www.eighteenthcenturypoetry.org/ns"
                     xml:id="bsb18-708740"
                     n="a-1880"
                     ecep:lem="stranger"
                     ecep:pos="n2"
                     ecep:reg="strangers"
                     ecep:spe="strangers"
                     ecep:syllab="2"
                     ecep:pron="ˈstreɪndʒəz">strangers</w>
                  <c> </c>
                  <w xmlns:ecep="http://www.eighteenthcenturypoetry.org/ns"
                     xml:id="bsb18-708750"
                     n="a-1890"
                     ecep:lem="all"
                     ecep:pos="d"
                     ecep:reg="of"
                     ecep:spe="a'"
                     ecep:syllab="1"
                     ecep:pron="ə">a'</w>
                  <c> </c>
                  <w xmlns:ecep="http://www.eighteenthcenturypoetry.org/ns"
                     xml:id="bsb18-708760"
                     n="a-1900"
                     ecep:lem="their"
                     ecep:pos="po32"
                     ecep:reg="their"
                     ecep:spe="their"
                     ecep:syllab="1"
                     ecep:pron="ðeə">their</w>
                  <c> </c>
                  <w xmlns:ecep="http://www.eighteenthcenturypoetry.org/ns"
                     xml:id="bsb18-708770"
                     n="a-1910"
                     ecep:lem="life"
                     ecep:pos="n1"
                     ecep:reg="life"
                     ecep:spe="life"
                     ecep:syllab="1"
                     ecep:pron="laɪf">life</w>
                  <pc xmlns:ecep="http://www.eighteenthcenturypoetry.org/ns"
                      xml:id="bsb18-708780"
                      n="a-1920"
                      unit="sentence"
                      ecep:lem="."
                      ecep:pos="."
                      ecep:reg="."
                      ecep:spe=".">.</pc>
                  <c> </c>
               </l>
            </lg>
            <pb facs="bsb18/0305" n="253" rend="none"/>
            <lg xml:id="bsb18-s02190">
               <l xml:id="bsb18-l32050">
                  <w xmlns:ecep="http://www.eighteenthcenturypoetry.org/ns"
                     xml:id="bsb18-708810"
                     n="a-0010"
                     ecep:lem="the"
                     ecep:pos="dt"
                     ecep:reg="The"
                     ecep:spe="The"
                     ecep:syllab="1"
                     ecep:pron="ðiː">The</w>
                  <c> </c>
                  <w xmlns:ecep="http://www.eighteenthcenturypoetry.org/ns"
                     xml:id="bsb18-708820"
                     n="a-0020"
                     ecep:lem="fan"
                     ecep:pos="n1"
                     ecep:reg="fan"
                     ecep:spe="fan"
                     ecep:syllab="1"
                     ecep:pron="fæn">fan</w>
                  <c> </c>
                  <w xmlns:ecep="http://www.eighteenthcenturypoetry.org/ns"
                     xml:id="bsb18-708830"
                     n="a-0030"
                     ecep:lem="may"
                     ecep:pos="vmb"
                     ecep:reg="may"
                     ecep:spe="may"
                     ecep:syllab="1"
                     ecep:pron="meɪ">may</w>
                  <c> </c>
                  <w xmlns:ecep="http://www.eighteenthcenturypoetry.org/ns"
                     xml:id="bsb18-708840"
                     n="a-0040"
                     ecep:lem="drop"
                     ecep:pos="vvi"
                     ecep:reg="drop"
                     ecep:spe="drop"
                     ecep:syllab="1"
                     ecep:pron="drɒp">drop</w>
                  <c> </c>
                  <pc xmlns:ecep="http://www.eighteenthcenturypoetry.org/ns"
                      xml:id="bsb18-708850"
                      n="a-0050"
                      ecep:lem="—"
                      ecep:pos="—"
                      ecep:reg="—"
                      ecep:spe="—">—</pc>
                  <c> </c>
                  <w xmlns:ecep="http://www.eighteenthcenturypoetry.org/ns"
                     xml:id="bsb18-708860"
                     n="a-0060"
                     ecep:lem="she"
                     ecep:pos="pns31"
                     ecep:reg="she"
                     ecep:spe="she"
                     ecep:syllab="1"
                     ecep:pron="ʃiː">she</w>
                  <c> </c>
                  <w xmlns:ecep="http://www.eighteenthcenturypoetry.org/ns"
                     xml:id="bsb18-708870"
                     n="a-0070"
                     ecep:lem="take"
                     ecep:pos="vvz"
                     ecep:reg="takes"
                     ecep:spe="takes"
                     ecep:syllab="1"
                     ecep:pron="teɪks">takes</w>
                  <c> </c>
                  <w xmlns:ecep="http://www.eighteenthcenturypoetry.org/ns"
                     xml:id="bsb18-708880"
                     n="a-0080"
                     ecep:lem="it"
                     ecep:pos="pn31"
                     ecep:reg="it"
                     ecep:spe="it"
                     ecep:syllab="1"
                     ecep:pron="ɪt">it</w>
                  <c> </c>
                  <w xmlns:ecep="http://www.eighteenthcenturypoetry.org/ns"
                     xml:id="bsb18-708890"
                     n="a-0090"
                     ecep:lem="up"
                     ecep:pos="a-acp"
                     ecep:reg="up"
                     ecep:spe="up"
                     ecep:syllab="1"
                     ecep:pron="ʌp">up</w>
                  <pc xmlns:ecep="http://www.eighteenthcenturypoetry.org/ns"
                      xml:id="bsb18-708900"
                      n="a-0100"
                      ecep:lem=","
                      ecep:pos=","
                      ecep:reg=","
                      ecep:spe=",">,</pc>
               </l>
               <l rendition="#h_3" xml:id="bsb18-l32055">
                  <c> </c>
                  <w xmlns:ecep="http://www.eighteenthcenturypoetry.org/ns"
                     xml:id="bsb18-708910"
                     n="a-0110"
                     ecep:lem="the"
                     ecep:pos="dt"
                     ecep:reg="The"
                     ecep:spe="The"
                     ecep:syllab="1"
                     ecep:pron="ðiː">The</w>
                  <c> </c>
                  <w xmlns:ecep="http://www.eighteenthcenturypoetry.org/ns"
                     xml:id="bsb18-708920"
                     n="a-0120"
                     ecep:lem="husband"
                     ecep:pos="n1"
                     ecep:reg="husband"
                     ecep:spe="husband"
                     ecep:syllab="2"
                     ecep:pron="ˈhʌzbənd">husband</w>
                  <c> </c>
                  <w xmlns:ecep="http://www.eighteenthcenturypoetry.org/ns"
                     xml:id="bsb18-708930"
                     n="a-0130"
                     ecep:lem="keep"
                     ecep:pos="vvz"
                     ecep:reg="keeps"
                     ecep:spe="keeps"
                     ecep:syllab="1"
                     ecep:pron="kiːps">keeps</w>
                  <c> </c>
                  <w xmlns:ecep="http://www.eighteenthcenturypoetry.org/ns"
                     xml:id="bsb18-708940"
                     n="a-0140"
                     ecep:lem="his"
                     ecep:pos="po31"
                     ecep:reg="his"
                     ecep:spe="his"
                     ecep:syllab="1"
                     ecep:pron="hɪz">his</w>
                  <c> </c>
                  <w xmlns:ecep="http://www.eighteenthcenturypoetry.org/ns"
                     xml:id="bsb18-708950"
                     n="a-0150"
                     ecep:lem="chair"
                     ecep:pos="n1"
                     ecep:reg="chair"
                     ecep:spe="chair"
                     ecep:syllab="1"
                     ecep:pron="tʃeə">chair</w>
                  <pc xmlns:ecep="http://www.eighteenthcenturypoetry.org/ns"
                      xml:id="bsb18-708960"
                      n="a-0160"
                      ecep:lem=";"
                      ecep:pos=";"
                      ecep:reg=";"
                      ecep:spe=";">;</pc>
               </l>
               <l xml:id="bsb18-l32060">
                  <c> </c>
                  <w xmlns:ecep="http://www.eighteenthcenturypoetry.org/ns"
                     xml:id="bsb18-708970"
                     n="a-0170"
                     ecep:lem="she"
                     ecep:pos="pns31"
                     ecep:reg="She"
                     ecep:spe="She"
                     ecep:syllab="1"
                     ecep:pron="ʃiː">She</w>
                  <c> </c>
                  <w xmlns:ecep="http://www.eighteenthcenturypoetry.org/ns"
                     xml:id="bsb18-708980"
                     n="a-0180"
                     ecep:lem="hand"
                     ecep:pos="vvz"
                     ecep:reg="hands"
                     ecep:spe="hands"
                     ecep:syllab="1"
                     ecep:pron="hændz">hands</w>
                  <c> </c>
                  <w xmlns:ecep="http://www.eighteenthcenturypoetry.org/ns"
                     xml:id="bsb18-708990"
                     n="a-0190"
                     ecep:lem="the"
                     ecep:pos="dt"
                     ecep:reg="the"
                     ecep:spe="the"
                     ecep:syllab="1"
                     ecep:pron="ðiː">the</w>
                  <c> </c>
                  <w xmlns:ecep="http://www.eighteenthcenturypoetry.org/ns"
                     xml:id="bsb18-709000"
                     n="a-0200"
                     ecep:lem="kettle"
                     ecep:pos="n1"
                     ecep:reg="kettle"
                     ecep:spe="kettle"
                     ecep:syllab="2"
                     ecep:pron="ˈketl">kettle</w>
                  <c> </c>
                  <pc xmlns:ecep="http://www.eighteenthcenturypoetry.org/ns"
                      xml:id="bsb18-709010"
                      n="a-0210"
                      ecep:lem="—"
                      ecep:pos="—"
                      ecep:reg="—"
                      ecep:spe="—">—</pc>
                  <c> </c>
                  <w xmlns:ecep="http://www.eighteenthcenturypoetry.org/ns"
                     xml:id="bsb18-709020"
                     n="a-0220"
                     ecep:lem="give"
                     ecep:pos="vvz"
                     ecep:reg="gives"
                     ecep:spe="gives"
                     ecep:syllab="1"
                     ecep:pron="gɪvz">gives</w>
                  <c> </c>
                  <w xmlns:ecep="http://www.eighteenthcenturypoetry.org/ns"
                     xml:id="bsb18-709030"
                     n="a-0230"
                     ecep:lem="his"
                     ecep:pos="po31"
                     ecep:reg="his"
                     ecep:spe="his"
                     ecep:syllab="1"
                     ecep:pron="hɪz">his</w>
                  <c> </c>
                  <w xmlns:ecep="http://www.eighteenthcenturypoetry.org/ns"
                     xml:id="bsb18-709040"
                     n="a-0240"
                     ecep:lem="cup"
                     ecep:pos="n1"
                     ecep:reg="cup"
                     ecep:spe="cup"
                     ecep:syllab="1"
                     ecep:pron="kʌp">cup</w>
                  <c> </c>
                  <pc xmlns:ecep="http://www.eighteenthcenturypoetry.org/ns"
                      xml:id="bsb18-709050"
                      n="a-0250"
                      ecep:lem="—"
                      ecep:pos="—"
                      ecep:reg="—"
                      ecep:spe="—">—</pc>
               </l>
               <l rendition="#h_3" xml:id="bsb18-l32065">
                  <c> </c>
                  <w xmlns:ecep="http://www.eighteenthcenturypoetry.org/ns"
                     xml:id="bsb18-709060"
                     n="a-0260"
                     ecep:lem="without"
                     ecep:pos="p-acp"
                     ecep:reg="Without"
                     ecep:spe="Without"
                     ecep:syllab="2"
                     ecep:pron="wɪˈðaʊt">Without</w>
                  <c> </c>
                  <w xmlns:ecep="http://www.eighteenthcenturypoetry.org/ns"
                     xml:id="bsb18-709070"
                     n="a-0270"
                     ecep:lem="even"
                     ecep:pos="av-j"
                     ecep:reg="even"
                     ecep:spe="e'en"
                     ecep:syllab="1"
                     ecep:pron="iːn">e'en</w>
                  <c> </c>
                  <pc xmlns:ecep="http://www.eighteenthcenturypoetry.org/ns"
                      xml:id="bsb18-709080"
                      n="a-0280"
                      ecep:lem="—"
                      ecep:pos="—"
                      ecep:reg="—"
                      ecep:spe="—">—</pc>
                  <c> </c>
                  <pc xmlns:ecep="http://www.eighteenthcenturypoetry.org/ns"
                      xml:id="bsb18-709090"
                      n="a-0290"
                      ecep:lem="&#34;"
                      ecep:pos="&#34;"
                      ecep:reg="&#34;"
                      ecep:spe="&#34;">"</pc>
                  <w xmlns:ecep="http://www.eighteenthcenturypoetry.org/ns"
                     xml:id="bsb18-709100"
                     n="a-0300"
                     ecep:lem="thank"
                     ecep:pos="vvb"
                     ecep:reg="Thank"
                     ecep:spe="Thank"
                     ecep:syllab="1"
                     ecep:pron="θæŋk">Thank</w>
                  <c> </c>
                  <w xmlns:ecep="http://www.eighteenthcenturypoetry.org/ns"
                     xml:id="bsb18-709110"
                     n="a-0310"
                     ecep:lem="you"
                     ecep:pos="pn22"
                     ecep:reg="you"
                     ecep:spe="ye"
                     ecep:syllab="1"
                     ecep:pron="jiː">ye</w>
                  <pc xmlns:ecep="http://www.eighteenthcenturypoetry.org/ns"
                      xml:id="bsb18-709120"
                      n="a-0320"
                      ecep:lem=","
                      ecep:pos=","
                      ecep:reg=","
                      ecep:spe=",">,</pc>
                  <c> </c>
                  <w xmlns:ecep="http://www.eighteenthcenturypoetry.org/ns"
                     xml:id="bsb18-709130"
                     n="a-0330"
                     ecep:lem="dear"
                     ecep:pos="j-jn"
                     ecep:reg="dear"
                     ecep:spe="dear"
                     ecep:syllab="1"
                     ecep:pron="dɪə">dear</w>
                  <pc xmlns:ecep="http://www.eighteenthcenturypoetry.org/ns"
                      xml:id="bsb18-709140"
                      n="a-0340"
                      ecep:lem="."
                      ecep:pos="."
                      ecep:reg="."
                      ecep:spe=".">.</pc>
                  <pc xmlns:ecep="http://www.eighteenthcenturypoetry.org/ns"
                      xml:id="bsb18-709150"
                      n="a-0350"
                      unit="sentence"
                      ecep:lem="&#34;"
                      ecep:pos="&#34;"
                      ecep:reg="&#34;"
                      ecep:spe="&#34;">"</pc>
                  <c> </c>
               </l>
            </lg>
            <lg xml:id="bsb18-s02195">
               <l xml:id="bsb18-l32070">
                  <w xmlns:ecep="http://www.eighteenthcenturypoetry.org/ns"
                     xml:id="bsb18-709180"
                     n="a-0360"
                     ecep:lem="now"
                     ecep:pos="av"
                     ecep:reg="Now"
                     ecep:spe="Now"
                     ecep:syllab="1"
                     ecep:pron="naʊ">Now</w>
                  <pc xmlns:ecep="http://www.eighteenthcenturypoetry.org/ns"
                      xml:id="bsb18-709190"
                      n="a-0370"
                      ecep:lem=","
                      ecep:pos=","
                      ecep:reg=","
                      ecep:spe=",">,</pc>
                  <c> </c>
                  <w xmlns:ecep="http://www.eighteenthcenturypoetry.org/ns"
                     xml:id="bsb18-709200"
                     n="a-0380"
                     ecep:lem="true"
                     ecep:pos="av-j"
                     ecep:reg="truly"
                     ecep:spe="truly"
                     ecep:syllab="2"
                     ecep:pron="ˈtruːli">truly</w>
                  <pc xmlns:ecep="http://www.eighteenthcenturypoetry.org/ns"
                      xml:id="bsb18-709210"
                      n="a-0390"
                      ecep:lem=","
                      ecep:pos=","
                      ecep:reg=","
                      ecep:spe=",">,</pc>
                  <c> </c>
                  <w xmlns:ecep="http://www.eighteenthcenturypoetry.org/ns"
                     xml:id="bsb18-709220"
                     n="a-0400"
                     ecep:lem="these"
                     ecep:pos="d"
                     ecep:reg="these"
                     ecep:spe="these"
                     ecep:syllab="1"
                     ecep:pron="ðiːz">these</w>
                  <c> </c>
                  <w xmlns:ecep="http://www.eighteenthcenturypoetry.org/ns"
                     xml:id="bsb18-709230"
                     n="a-0410"
                     ecep:lem="slight"
                     ecep:pos="n2"
                     ecep:reg="slights"
                     ecep:spe="slights"
                     ecep:syllab="1"
                     ecep:pron="slaɪts">slights</w>
                  <c> </c>
                  <w xmlns:ecep="http://www.eighteenthcenturypoetry.org/ns"
                     xml:id="bsb18-709240"
                     n="a-0420"
                     ecep:lem="be"
                     ecep:pos="vbr"
                     ecep:reg="are"
                     ecep:spe="are"
                     ecep:syllab="1"
                     ecep:pron="ɑː">are</w>
                  <c> </c>
                  <w xmlns:ecep="http://www.eighteenthcenturypoetry.org/ns"
                     xml:id="bsb18-709250"
                     n="a-0430"
                     ecep:lem="but"
                     ecep:pos="p-acp"
                     ecep:reg="but"
                     ecep:spe="but"
                     ecep:syllab="1"
                     ecep:pron="bʌt">but</w>
                  <c> </c>
                  <w xmlns:ecep="http://www.eighteenthcenturypoetry.org/ns"
                     xml:id="bsb18-709260"
                     n="a-0440"
                     ecep:lem="toy"
                     ecep:pos="n2"
                     ecep:reg="toys"
                     ecep:spe="toys"
                     ecep:syllab="1"
                     ecep:pron="tɔɪz">toys</w>
                  <pc xmlns:ecep="http://www.eighteenthcenturypoetry.org/ns"
                      xml:id="bsb18-709270"
                      n="a-0450"
                      ecep:lem=";"
                      ecep:pos=";"
                      ecep:reg=";"
                      ecep:spe=";">;</pc>
               </l>
               <l rendition="#h_3" xml:id="bsb18-l32075">
                  <c> </c>
                  <w xmlns:ecep="http://www.eighteenthcenturypoetry.org/ns"
                     xml:id="bsb18-709280"
                     n="a-0460"
                     ecep:lem="but"
                     ecep:pos="cc-acp"
                     ecep:reg="But"
                     ecep:spe="But"
                     ecep:syllab="1"
                     ecep:pron="bʌt">But</w>
                  <c> </c>
                  <w xmlns:ecep="http://www.eighteenthcenturypoetry.org/ns"
                     xml:id="bsb18-709290"
                     n="a-0470"
                     ecep:lem="from"
                     ecep:pos="p-acp"
                     ecep:reg="frae"
                     ecep:spe="frae"
                     ecep:syllab="1"
                     ecep:pron="freɪ">frae</w>
                  <c> </c>
                  <w xmlns:ecep="http://www.eighteenthcenturypoetry.org/ns"
                     xml:id="bsb18-709300"
                     n="a-0480"
                     ecep:lem="neglect"
                     ecep:pos="vvz"
                     ecep:reg="neglects"
                     ecep:spe="neglects"
                     ecep:syllab="2"
                     ecep:pron="nɪˈglekts">neglects</w>
                  <c> </c>
                  <w xmlns:ecep="http://www.eighteenthcenturypoetry.org/ns"
                     xml:id="bsb18-709310"
                     n="a-0490"
                     ecep:lem="like"
                     ecep:pos="av-j"
                     ecep:reg="like"
                     ecep:spe="like"
                     ecep:syllab="1"
                     ecep:pron="laɪk">like</w>
                  <c> </c>
                  <w xmlns:ecep="http://www.eighteenthcenturypoetry.org/ns"
                     xml:id="bsb18-709320"
                     n="a-0500"
                     ecep:lem="these"
                     ecep:pos="d"
                     ecep:reg="these"
                     ecep:spe="these"
                     ecep:syllab="1"
                     ecep:pron="ðiːz">these</w>
                  <pc xmlns:ecep="http://www.eighteenthcenturypoetry.org/ns"
                      xml:id="bsb18-709330"
                      n="a-0510"
                      ecep:lem=","
                      ecep:pos=","
                      ecep:reg=","
                      ecep:spe=",">,</pc>
               </l>
               <l xml:id="bsb18-l32080">
                  <c> </c>
                  <w xmlns:ecep="http://www.eighteenthcenturypoetry.org/ns"
                     xml:id="bsb18-709340"
                     n="a-0520"
                     ecep:lem="the"
                     ecep:pos="dt"
                     ecep:reg="The"
                     ecep:spe="The"
                     ecep:syllab="1"
                     ecep:pron="ðiː">The</w>
                  <c> </c>
                  <w xmlns:ecep="http://www.eighteenthcenturypoetry.org/ns"
                     xml:id="bsb18-709350"
                     n="a-0530"
                     ecep:lem="wife"
                     ecep:pos="n1"
                     ecep:reg="wife"
                     ecep:spe="wife"
                     ecep:syllab="1"
                     ecep:pron="waɪf">wife</w>
                  <c> </c>
                  <w xmlns:ecep="http://www.eighteenthcenturypoetry.org/ns"
                     xml:id="bsb18-709360"
                     n="a-0540"
                     ecep:lem="may"
                     ecep:pos="vmb"
                     ecep:reg="may"
                     ecep:spe="may"
                     ecep:syllab="1"
                     ecep:pron="meɪ">may</w>
                  <c> </c>
                  <w xmlns:ecep="http://www.eighteenthcenturypoetry.org/ns"
                     xml:id="bsb18-709370"
                     n="a-0550"
                     ecep:lem="soon"
                     ecep:pos="av"
                     ecep:reg="soon"
                     ecep:spe="soon"
                     ecep:syllab="1"
                     ecep:pron="suːn">soon</w>
                  <c> </c>
                  <w xmlns:ecep="http://www.eighteenthcenturypoetry.org/ns"
                     xml:id="bsb18-709380"
                     n="a-0560"
                     ecep:lem="a"
                     ecep:pos="dt"
                     ecep:reg="a"
                     ecep:spe="a"
                     ecep:syllab="1"
                     ecep:pron="ə">a</w>
                  <c> </c>
                  <w xmlns:ecep="http://www.eighteenthcenturypoetry.org/ns"
                     xml:id="bsb18-709390"
                     n="a-0570"
                     ecep:lem="slattern"
                     ecep:pos="n1"
                     ecep:reg="slattern"
                     ecep:spe="slattern"
                     ecep:syllab="2"
                     ecep:pron="ˈslætən">slattern</w>
                  <c> </c>
                  <w xmlns:ecep="http://www.eighteenthcenturypoetry.org/ns"
                     xml:id="bsb18-709400"
                     n="a-0580"
                     ecep:lem="grow"
                     ecep:pos="vvi"
                     ecep:reg="grow"
                     ecep:spe="grow"
                     ecep:syllab="1"
                     ecep:pron="grəʊ">grow</w>
                  <pc xmlns:ecep="http://www.eighteenthcenturypoetry.org/ns"
                      xml:id="bsb18-709410"
                      n="a-0590"
                      ecep:lem=","
                      ecep:pos=","
                      ecep:reg=","
                      ecep:spe=",">,</pc>
               </l>
               <l rendition="#h_3" xml:id="bsb18-l32085">
                  <c> </c>
                  <w xmlns:ecep="http://www.eighteenthcenturypoetry.org/ns"
                     xml:id="bsb18-709420"
                     n="a-0600"
                     ecep:lem="and"
                     ecep:pos="cc"
                     ecep:reg="And"
                     ecep:spe="And"
                     ecep:syllab="1"
                     ecep:pron="ænd">And</w>
                  <c> </c>
                  <w xmlns:ecep="http://www.eighteenthcenturypoetry.org/ns"
                     xml:id="bsb18-709430"
                     n="a-0610"
                     ecep:lem="strive"
                     ecep:pos="vvi"
                     ecep:reg="strive"
                     ecep:spe="strive"
                     ecep:syllab="1"
                     ecep:pron="straɪv">strive</w>
                  <c> </c>
                  <w xmlns:ecep="http://www.eighteenthcenturypoetry.org/ns"
                     xml:id="bsb18-709440"
                     n="a-0620"
                     ecep:lem="nae"
                     ecep:pos="fw-la"
                     ecep:reg="nae"
                     ecep:spe="nae"
                     ecep:syllab="1"
                     ecep:pron="neɪ">nae</w>
                  <c> </c>
                  <w xmlns:ecep="http://www.eighteenthcenturypoetry.org/ns"
                     xml:id="bsb18-709450"
                     n="a-0630"
                     ecep:lem="muir"
                     ecep:pos="fw-mi"
                     ecep:reg="muir"
                     ecep:spe="muir"
                     ecep:syllab="1"
                     ecep:pron="muːr">muir</w>
                  <c> </c>
                  <w xmlns:ecep="http://www.eighteenthcenturypoetry.org/ns"
                     xml:id="bsb18-709460"
                     n="a-0640"
                     ecep:lem="to"
                     ecep:pos="p-acp"
                     ecep:reg="to"
                     ecep:spe="to"
                     ecep:syllab="1"
                     ecep:pron="tuː">to</w>
                  <c> </c>
                  <w xmlns:ecep="http://www.eighteenthcenturypoetry.org/ns"
                     xml:id="bsb18-709470"
                     n="a-0650"
                     ecep:lem="please"
                     ecep:pos="vvb"
                     ecep:reg="please"
                     ecep:spe="please"
                     ecep:syllab="1"
                     ecep:pron="pliːz">please</w>
                  <pc xmlns:ecep="http://www.eighteenthcenturypoetry.org/ns"
                      xml:id="bsb18-709480"
                      n="a-0660"
                      unit="sentence"
                      ecep:lem="."
                      ecep:pos="."
                      ecep:reg="."
                      ecep:spe=".">.</pc>
                  <c> </c>
               </l>
            </lg>
            <lg xml:id="bsb18-s02200">
               <l xml:id="bsb18-l32090">
                  <w xmlns:ecep="http://www.eighteenthcenturypoetry.org/ns"
                     xml:id="bsb18-709510"
                     n="a-0670"
                     ecep:lem="for"
                     ecep:pos="p-acp"
                     ecep:reg="For"
                     ecep:spe="For"
                     ecep:syllab="1"
                     ecep:pron="fɔː">For</w>
                  <c> </c>
                  <w xmlns:ecep="http://www.eighteenthcenturypoetry.org/ns"
                     xml:id="bsb18-709520"
                     n="a-0680"
                     ecep:lem="wooer"
                     ecep:pos="n2"
                     ecep:reg="wooers"
                     ecep:spe="wooers"
                     ecep:syllab="2"
                     ecep:pron="wuːəz">wooers</w>
                  <c> </c>
                  <w xmlns:ecep="http://www.eighteenthcenturypoetry.org/ns"
                     xml:id="bsb18-709530"
                     n="a-0690"
                     ecep:lem="ay"
                     ecep:pos="uh"
                     ecep:reg="ay"
                     ecep:spe="ay"
                     ecep:syllab="1"
                     ecep:pron="aɪ">ay</w>
                  <c> </c>
                  <w xmlns:ecep="http://www.eighteenthcenturypoetry.org/ns"
                     xml:id="bsb18-709540"
                     n="a-0700"
                     ecep:lem="do"
                     ecep:pos="vdi"
                     ecep:reg="do"
                     ecep:spe="do"
                     ecep:syllab="1"
                     ecep:pron="duː">do</w>
                  <c> </c>
                  <w xmlns:ecep="http://www.eighteenthcenturypoetry.org/ns"
                     xml:id="bsb18-709550"
                     n="a-0710"
                     ecep:lem="all"
                     ecep:pos="av-d"
                     ecep:reg="all"
                     ecep:spe="all"
                     ecep:syllab="1"
                     ecep:pron="ɔːl">all</w>
                  <c> </c>
                  <w xmlns:ecep="http://www.eighteenthcenturypoetry.org/ns"
                     xml:id="bsb18-709560"
                     n="a-0720"
                     ecep:lem="they"
                     ecep:pos="pns32"
                     ecep:reg="they"
                     ecep:spe="they"
                     ecep:syllab="1"
                     ecep:pron="ðeɪ">they</w>
                  <c> </c>
                  <w xmlns:ecep="http://www.eighteenthcenturypoetry.org/ns"
                     xml:id="bsb18-709570"
                     n="a-0730"
                     ecep:lem="can"
                     ecep:pos="vmb"
                     ecep:reg="can"
                     ecep:spe="can"
                     ecep:syllab="1"
                     ecep:pron="kæn">can</w>
               </l>
               <l rendition="#h_3" xml:id="bsb18-l32095">
                  <c> </c>
                  <w xmlns:ecep="http://www.eighteenthcenturypoetry.org/ns"
                     xml:id="bsb18-709580"
                     n="a-0740"
                     ecep:lem="to"
                     ecep:pos="p-acp"
                     ecep:reg="To"
                     ecep:spe="To"
                     ecep:syllab="1"
                     ecep:pron="tuː">To</w>
                  <c> </c>
                  <w xmlns:ecep="http://www.eighteenthcenturypoetry.org/ns"
                     xml:id="bsb18-709590"
                     n="a-0750"
                     ecep:lem="trifle"
                     ecep:pos="n1"
                     ecep:reg="trifle"
                     ecep:spe="trifle"
                     ecep:syllab="2"
                     ecep:pron="ˈtraɪfl">trifle</w>
                  <c> </c>
                  <w xmlns:ecep="http://www.eighteenthcenturypoetry.org/ns"
                     xml:id="bsb18-709600"
                     n="a-0760"
                     ecep:lem="with"
                     ecep:pos="p-acp"
                     ecep:reg="with"
                     ecep:spe="wi'"
                     ecep:syllab="1"
                     ecep:pron="wˈaɪ">wi'</w>
                  <c> </c>
                  <w xmlns:ecep="http://www.eighteenthcenturypoetry.org/ns"
                     xml:id="bsb18-709610"
                     n="a-0770"
                     ecep:lem="the"
                     ecep:pos="dt"
                     ecep:reg="the"
                     ecep:spe="the"
                     ecep:syllab="1"
                     ecep:pron="ðiː">the</w>
                  <c> </c>
                  <w xmlns:ecep="http://www.eighteenthcenturypoetry.org/ns"
                     xml:id="bsb18-709620"
                     n="a-0780"
                     ecep:lem="mind"
                     ecep:pos="n1"
                     ecep:reg="mind"
                     ecep:spe="mind"
                     ecep:syllab="1"
                     ecep:pron="maɪnd">mind</w>
                  <pc xmlns:ecep="http://www.eighteenthcenturypoetry.org/ns"
                      xml:id="bsb18-709630"
                      n="a-0790"
                      ecep:lem=";"
                      ecep:pos=";"
                      ecep:reg=";"
                      ecep:spe=";">;</pc>
               </l>
               <l xml:id="bsb18-l32100">
                  <c> </c>
                  <w xmlns:ecep="http://www.eighteenthcenturypoetry.org/ns"
                     xml:id="bsb18-709640"
                     n="a-0800"
                     ecep:lem="they"
                     ecep:pos="pns32"
                     ecep:reg="They"
                     ecep:spe="They"
                     ecep:syllab="1"
                     ecep:pron="ðeɪ">They</w>
                  <c> </c>
                  <w xmlns:ecep="http://www.eighteenthcenturypoetry.org/ns"
                     xml:id="bsb18-709650"
                     n="a-0810"
                     ecep:lem="hold"
                     ecep:pos="vvb"
                     ecep:reg="hold"
                     ecep:spe="hold"
                     ecep:syllab="1"
                     ecep:pron="həʊld">hold</w>
                  <c> </c>
                  <w xmlns:ecep="http://www.eighteenthcenturypoetry.org/ns"
                     xml:id="bsb18-709660"
                     n="a-0820"
                     ecep:lem="the"
                     ecep:pos="dt"
                     ecep:reg="the"
                     ecep:spe="the"
                     ecep:syllab="1"
                     ecep:pron="ðiː">the</w>
                  <c> </c>
                  <w xmlns:ecep="http://www.eighteenthcenturypoetry.org/ns"
                     xml:id="bsb18-709670"
                     n="a-0830"
                     ecep:lem="blaze"
                     ecep:pos="n1"
                     ecep:reg="blaze"
                     ecep:spe="blaze"
                     ecep:syllab="1"
                     ecep:pron="bleɪz">blaze</w>
                  <c> </c>
                  <w xmlns:ecep="http://www.eighteenthcenturypoetry.org/ns"
                     xml:id="bsb18-709680"
                     n="a-0840"
                     ecep:lem="of"
                     ecep:pos="pp-f"
                     ecep:reg="of"
                     ecep:spe="of"
                     ecep:syllab="1"
                     ecep:pron="ɒv">of</w>
                  <c> </c>
                  <w xmlns:ecep="http://www.eighteenthcenturypoetry.org/ns"
                     xml:id="bsb18-709690"
                     n="a-0850"
                     ecep:lem="beauty"
                     ecep:pos="n1"
                     ecep:reg="beauty"
                     ecep:spe="beauty"
                     ecep:syllab="2"
                     ecep:pron="ˈbjuːti">beauty</w>
                  <c> </c>
                  <w xmlns:ecep="http://www.eighteenthcenturypoetry.org/ns"
                     xml:id="bsb18-709700"
                     n="a-0860"
                     ecep:lem="up"
                     ecep:pos="a-acp"
                     ecep:reg="up"
                     ecep:spe="up"
                     ecep:syllab="1"
                     ecep:pron="ʌp">up</w>
                  <pc xmlns:ecep="http://www.eighteenthcenturypoetry.org/ns"
                      xml:id="bsb18-709710"
                      n="a-0870"
                      ecep:lem=","
                      ecep:pos=","
                      ecep:reg=","
                      ecep:spe=",">,</pc>
               </l>
               <l rendition="#h_3" xml:id="bsb18-l32105">
                  <c> </c>
                  <w xmlns:ecep="http://www.eighteenthcenturypoetry.org/ns"
                     xml:id="bsb18-709720"
                     n="a-0880"
                     ecep:lem="and"
                     ecep:pos="cc"
                     ecep:reg="And"
                     ecep:spe="And"
                     ecep:syllab="1"
                     ecep:pron="ænd">And</w>
                  <c> </c>
                  <w xmlns:ecep="http://www.eighteenthcenturypoetry.org/ns"
                     xml:id="bsb18-709730"
                     n="a-0890"
                     ecep:lem="keep"
                     ecep:pos="vvi"
                     ecep:reg="keep"
                     ecep:spe="keep"
                     ecep:syllab="1"
                     ecep:pron="kiːp">keep</w>
                  <c> </c>
                  <w xmlns:ecep="http://www.eighteenthcenturypoetry.org/ns"
                     xml:id="bsb18-709740"
                     n="a-0900"
                     ecep:lem="the"
                     ecep:pos="dt"
                     ecep:reg="the"
                     ecep:spe="the"
                     ecep:syllab="1"
                     ecep:pron="ðiː">the</w>
                  <c> </c>
                  <w xmlns:ecep="http://www.eighteenthcenturypoetry.org/ns"
                     xml:id="bsb18-709750"
                     n="a-0910"
                     ecep:lem="poor"
                     ecep:pos="j"
                     ecep:reg="poor"
                     ecep:spe="poor"
                     ecep:syllab="1"
                     ecep:pron="pɔː">poor</w>
                  <c> </c>
                  <w xmlns:ecep="http://www.eighteenthcenturypoetry.org/ns"
                     xml:id="bsb18-709760"
                     n="a-0920"
                     ecep:lem="thing"
                     ecep:pos="n2"
                     ecep:reg="things"
                     ecep:spe="things"
                     ecep:syllab="1"
                     ecep:pron="θɪŋz">things</w>
                  <c> </c>
                  <w xmlns:ecep="http://www.eighteenthcenturypoetry.org/ns"
                     xml:id="bsb18-709770"
                     n="a-0930"
                     ecep:lem="blind"
                     ecep:pos="j"
                     ecep:reg="blind"
                     ecep:spe="blind"
                     ecep:syllab="1"
                     ecep:pron="blaɪnd">blind</w>
                  <pc xmlns:ecep="http://www.eighteenthcenturypoetry.org/ns"
                      xml:id="bsb18-709780"
                      n="a-0940"
                      unit="sentence"
                      ecep:lem="."
                      ecep:pos="."
                      ecep:reg="."
                      ecep:spe=".">.</pc>
                  <c> </c>
               </l>
            </lg>
            <lg xml:id="bsb18-s02205">
               <l xml:id="bsb18-l32110">
                  <w xmlns:ecep="http://www.eighteenthcenturypoetry.org/ns"
                     xml:id="bsb18-709810"
                     n="a-0950"
                     ecep:lem="but"
                     ecep:pos="p-acp"
                     ecep:reg="But"
                     ecep:spe="But"
                     ecep:syllab="1"
                     ecep:pron="bʌt">But</w>
                  <c> </c>
                  <w xmlns:ecep="http://www.eighteenthcenturypoetry.org/ns"
                     xml:id="bsb18-709820"
                     n="a-0960"
                     ecep:lem="wedlock"
                     ecep:pos="n1"
                     ecep:reg="wedlock"
                     ecep:spe="wedlock"
                     ecep:syllab="2"
                     ecep:pron="ˈwedlɒk">wedlock</w>
                  <c> </c>
                  <w xmlns:ecep="http://www.eighteenthcenturypoetry.org/ns"
                     xml:id="bsb18-709830"
                     n="a-0970"
                     ecep:lem="tear"
                     ecep:pos="n2"
                     ecep:reg="tears"
                     ecep:spe="tears"
                     ecep:syllab="1"
                     ecep:pron="tɪəz">tears</w>
                  <c> </c>
                  <w xmlns:ecep="http://www.eighteenthcenturypoetry.org/ns"
                     xml:id="bsb18-709840"
                     n="a-0980"
                     ecep:lem="away"
                     ecep:pos="av"
                     ecep:reg="away"
                     ecep:spe="away"
                     ecep:syllab="2"
                     ecep:pron="əˈweɪ">away</w>
                  <c> </c>
                  <w xmlns:ecep="http://www.eighteenthcenturypoetry.org/ns"
                     xml:id="bsb18-709850"
                     n="a-0990"
                     ecep:lem="the"
                     ecep:pos="dt"
                     ecep:reg="the"
                     ecep:spe="the"
                     ecep:syllab="1"
                     ecep:pron="ðiː">the</w>
                  <c> </c>
                  <w xmlns:ecep="http://www.eighteenthcenturypoetry.org/ns"
                     xml:id="bsb18-709860"
                     n="a-1000"
                     ecep:lem="veil"
                     ecep:pos="n1"
                     ecep:reg="veil"
                     ecep:spe="veil"
                     ecep:syllab="1"
                     ecep:pron="veɪl">veil</w>
                  <pc xmlns:ecep="http://www.eighteenthcenturypoetry.org/ns"
                      xml:id="bsb18-709870"
                      n="a-1010"
                      ecep:lem=","
                      ecep:pos=","
                      ecep:reg=","
                      ecep:spe=",">,</pc>
               </l>
               <l rendition="#h_3" xml:id="bsb18-l32115">
                  <c> </c>
                  <w xmlns:ecep="http://www.eighteenthcenturypoetry.org/ns"
                     xml:id="bsb18-709880"
                     n="a-1020"
                     ecep:lem="the"
                     ecep:pos="dt"
                     ecep:reg="The"
                     ecep:spe="The"
                     ecep:syllab="1"
                     ecep:pron="ðiː">The</w>
                  <c> </c>
                  <w xmlns:ecep="http://www.eighteenthcenturypoetry.org/ns"
                     xml:id="bsb18-709890"
                     n="a-1030"
                     ecep:lem="goddess"
                     ecep:pos="n1"
                     ecep:reg="goddess"
                     ecep:spe="goddess"
                     ecep:syllab="2"
                     ecep:pron="ˈgɒdes">goddess</w>
                  <c> </c>
                  <w xmlns:ecep="http://www.eighteenthcenturypoetry.org/ns"
                     xml:id="bsb18-709900"
                     n="a-1040"
                     ecep:lem="be"
                     ecep:pos="vbz"
                     ecep:reg="is"
                     ecep:spe="is"
                     ecep:syllab="1"
                     ecep:pron="ɪz">is</w>
                  <c> </c>
                  <w xmlns:ecep="http://www.eighteenthcenturypoetry.org/ns"
                     xml:id="bsb18-709910"
                     n="a-1050"
                     ecep:lem="no"
                     ecep:pos="dx"
                     ecep:reg="nae"
                     ecep:spe="nae"
                     ecep:syllab="1"
                     ecep:pron="neɪ">nae</w>
                  <c> </c>
                  <w xmlns:ecep="http://www.eighteenthcenturypoetry.org/ns"
                     xml:id="bsb18-709920"
                     n="a-1060"
                     ecep:lem="more"
                     ecep:pos="av-dc"
                     ecep:reg="more"
                     ecep:spe="mair"
                     ecep:syllab="1"
                     ecep:pron="ˈmeə">mair</w>
                  <pc xmlns:ecep="http://www.eighteenthcenturypoetry.org/ns"
                      xml:id="bsb18-709930"
                      n="a-1070"
                      ecep:lem=";"
                      ecep:pos=";"
                      ecep:reg=";"
                      ecep:spe=";">;</pc>
               </l>
               <l xml:id="bsb18-l32120">
                  <c> </c>
                  <w xmlns:ecep="http://www.eighteenthcenturypoetry.org/ns"
                     xml:id="bsb18-709940"
                     n="a-1080"
                     ecep:lem="he"
                     ecep:pos="pns31"
                     ecep:reg="He"
                     ecep:spe="He"
                     ecep:syllab="1"
                     ecep:pron="hiː">He</w>
                  <c> </c>
                  <w xmlns:ecep="http://www.eighteenthcenturypoetry.org/ns"
                     xml:id="bsb18-709950"
                     n="a-1090"
                     ecep:lem="think"
                     ecep:pos="vvz"
                     ecep:reg="thinks"
                     ecep:spe="thinks"
                     ecep:syllab="1"
                     ecep:pron="θɪŋks">thinks</w>
                  <c> </c>
                  <w xmlns:ecep="http://www.eighteenthcenturypoetry.org/ns"
                     xml:id="bsb18-709960"
                     n="a-1100"
                     ecep:lem="his"
                     ecep:pos="po31"
                     ecep:reg="his"
                     ecep:spe="his"
                     ecep:syllab="1"
                     ecep:pron="hɪz">his</w>
                  <c> </c>
                  <w xmlns:ecep="http://www.eighteenthcenturypoetry.org/ns"
                     xml:id="bsb18-709970"
                     n="a-1110"
                     ecep:lem="wife"
                     ecep:pos="n1"
                     ecep:reg="wife"
                     ecep:spe="wife"
                     ecep:syllab="1"
                     ecep:pron="waɪf">wife</w>
                  <c> </c>
                  <w xmlns:ecep="http://www.eighteenthcenturypoetry.org/ns"
                     xml:id="bsb18-709980"
                     n="a-1120"
                     ecep:lem="a"
                     ecep:pos="dt"
                     ecep:reg="a"
                     ecep:spe="a"
                     ecep:syllab="1"
                     ecep:pron="ə">a</w>
                  <c> </c>
                  <w xmlns:ecep="http://www.eighteenthcenturypoetry.org/ns"
                     xml:id="bsb18-709990"
                     n="a-1130"
                     ecep:lem="silly"
                     ecep:pos="j"
                     ecep:reg="silly"
                     ecep:spe="silly"
                     ecep:syllab="2"
                     ecep:pron="ˈsɪli">silly</w>
                  <c> </c>
                  <w xmlns:ecep="http://www.eighteenthcenturypoetry.org/ns"
                     xml:id="bsb18-710000"
                     n="a-1140"
                     ecep:lem="thing"
                     ecep:pos="n1"
                     ecep:reg="thing"
                     ecep:spe="thing"
                     ecep:syllab="1"
                     ecep:pron="θɪŋ">thing</w>
                  <pc xmlns:ecep="http://www.eighteenthcenturypoetry.org/ns"
                      xml:id="bsb18-710010"
                      n="a-1150"
                      ecep:lem=","
                      ecep:pos=","
                      ecep:reg=","
                      ecep:spe=",">,</pc>
               </l>
               <l rendition="#h_3" xml:id="bsb18-l32125">
                  <c> </c>
                  <w xmlns:ecep="http://www.eighteenthcenturypoetry.org/ns"
                     xml:id="bsb18-710020"
                     n="a-1160"
                     ecep:lem="she"
                     ecep:pos="pns31"
                     ecep:reg="She"
                     ecep:spe="She"
                     ecep:syllab="1"
                     ecep:pron="ʃiː">She</w>
                  <c> </c>
                  <w xmlns:ecep="http://www.eighteenthcenturypoetry.org/ns"
                     xml:id="bsb18-710030"
                     n="a-1170"
                     ecep:lem="think"
                     ecep:pos="vvz"
                     ecep:reg="thinks"
                     ecep:spe="thinks"
                     ecep:syllab="1"
                     ecep:pron="θɪŋks">thinks</w>
                  <c> </c>
                  <w xmlns:ecep="http://www.eighteenthcenturypoetry.org/ns"
                     xml:id="bsb18-710040"
                     n="a-1180"
                     ecep:lem="her"
                     ecep:pos="po31"
                     ecep:reg="her"
                     ecep:spe="her"
                     ecep:syllab="1"
                     ecep:pron="hɜː">her</w>
                  <c> </c>
                  <w xmlns:ecep="http://www.eighteenthcenturypoetry.org/ns"
                     xml:id="bsb18-710050"
                     n="a-1190"
                     ecep:lem="man"
                     ecep:pos="n1"
                     ecep:reg="man"
                     ecep:spe="man"
                     ecep:syllab="1"
                     ecep:pron="mæn">man</w>
                  <c> </c>
                  <w xmlns:ecep="http://www.eighteenthcenturypoetry.org/ns"
                     xml:id="bsb18-710060"
                     n="a-1200"
                     ecep:lem="a"
                     ecep:pos="dt"
                     ecep:reg="a"
                     ecep:spe="a"
                     ecep:syllab="1"
                     ecep:pron="ə">a</w>
                  <c> </c>
                  <w xmlns:ecep="http://www.eighteenthcenturypoetry.org/ns"
                     xml:id="bsb18-710070"
                     n="a-1210"
                     ecep:lem="bear"
                     ecep:pos="n1"
                     ecep:reg="bear"
                     ecep:spe="bear"
                     ecep:syllab="1"
                     ecep:pron="beə">bear</w>
                  <pc xmlns:ecep="http://www.eighteenthcenturypoetry.org/ns"
                      xml:id="bsb18-710080"
                      n="a-1220"
                      unit="sentence"
                      ecep:lem="."
                      ecep:pos="."
                      ecep:reg="."
                      ecep:spe=".">.</pc>
                  <c> </c>
               </l>
            </lg>
            <lg xml:id="bsb18-s02210">
               <l xml:id="bsb18-l32130">
                  <w xmlns:ecep="http://www.eighteenthcenturypoetry.org/ns"
                     xml:id="bsb18-710110"
                     n="a-1230"
                     ecep:lem="let"
                     ecep:pos="vvb"
                     ecep:reg="Let"
                     ecep:spe="Let"
                     ecep:syllab="1"
                     ecep:pron="let">Let</w>
                  <c> </c>
                  <w xmlns:ecep="http://www.eighteenthcenturypoetry.org/ns"
                     xml:id="bsb18-710120"
                     n="a-1240"
                     ecep:lem="then"
                     ecep:pos="av"
                     ecep:reg="then"
                     ecep:spe="then"
                     ecep:syllab="1"
                     ecep:pron="ðen">then</w>
                  <c> </c>
                  <w xmlns:ecep="http://www.eighteenthcenturypoetry.org/ns"
                     xml:id="bsb18-710130"
                     n="a-1250"
                     ecep:lem="the"
                     ecep:pos="dt"
                     ecep:reg="the"
                     ecep:spe="the"
                     ecep:syllab="1"
                     ecep:pron="ðiː">the</w>
                  <c> </c>
                  <w xmlns:ecep="http://www.eighteenthcenturypoetry.org/ns"
                     xml:id="bsb18-710140"
                     n="a-1260"
                     ecep:lem="lover"
                     ecep:pos="n1"
                     ecep:reg="lover"
                     ecep:spe="lover"
                     ecep:syllab="2"
                     ecep:pron="ˈlʌvə">lover</w>
                  <c> </c>
                  <w xmlns:ecep="http://www.eighteenthcenturypoetry.org/ns"
                     xml:id="bsb18-710150"
                     n="a-1270"
                     ecep:lem="be"
                     ecep:pos="vbi"
                     ecep:reg="be"
                     ecep:spe="be"
                     ecep:syllab="1"
                     ecep:pron="biː">be</w>
                  <c> </c>
                  <w xmlns:ecep="http://www.eighteenthcenturypoetry.org/ns"
                     xml:id="bsb18-710160"
                     n="a-1280"
                     ecep:lem="the"
                     ecep:pos="dt"
                     ecep:reg="the"
                     ecep:spe="the"
                     ecep:syllab="1"
                     ecep:pron="ðiː">the</w>
                  <c> </c>
                  <w xmlns:ecep="http://www.eighteenthcenturypoetry.org/ns"
                     xml:id="bsb18-710170"
                     n="a-1290"
                     ecep:lem="friend"
                     ecep:pos="n1"
                     ecep:reg="friend"
                     ecep:spe="friend"
                     ecep:syllab="1"
                     ecep:pron="frend">friend</w>
                  <c> </c>
                  <pc xmlns:ecep="http://www.eighteenthcenturypoetry.org/ns"
                      xml:id="bsb18-710180"
                      n="a-1300"
                      ecep:lem="—"
                      ecep:pos="—"
                      ecep:reg="—"
                      ecep:spe="—">—</pc>
               </l>
               <l rendition="#h_3" xml:id="bsb18-l32135">
                  <c> </c>
                  <w xmlns:ecep="http://www.eighteenthcenturypoetry.org/ns"
                     xml:id="bsb18-710190"
                     n="a-1310"
                     ecep:lem="the"
                     ecep:pos="dt"
                     ecep:reg="The"
                     ecep:spe="The"
                     ecep:syllab="1"
                     ecep:pron="ðiː">The</w>
                  <c> </c>
                  <w xmlns:ecep="http://www.eighteenthcenturypoetry.org/ns"
                     xml:id="bsb18-710200"
                     n="a-1320"
                     ecep:lem="love"
                     ecep:pos="j-vvg"
                     ecep:reg="loving"
                     ecep:spe="loving"
                     ecep:syllab="2"
                     ecep:pron="lʌvɪŋ">loving</w>
                  <c> </c>
                  <w xmlns:ecep="http://www.eighteenthcenturypoetry.org/ns"
                     xml:id="bsb18-710210"
                     n="a-1330"
                     ecep:lem="friend"
                     ecep:pos="n1"
                     ecep:reg="friend"
                     ecep:spe="friend"
                     ecep:syllab="1"
                     ecep:pron="frend">friend</w>
                  <c> </c>
                  <w xmlns:ecep="http://www.eighteenthcenturypoetry.org/ns"
                     xml:id="bsb18-710220"
                     n="a-1340"
                     ecep:lem="for"
                     ecep:pos="p-acp"
                     ecep:reg="for"
                     ecep:spe="for"
                     ecep:syllab="1"
                     ecep:pron="fɔː">for</w>
                  <c> </c>
                  <w xmlns:ecep="http://www.eighteenthcenturypoetry.org/ns"
                     xml:id="bsb18-710230"
                     n="a-1350"
                     ecep:lem="life"
                     ecep:pos="n1"
                     ecep:reg="life"
                     ecep:spe="life"
                     ecep:syllab="1"
                     ecep:pron="laɪf">life</w>
                  <pc xmlns:ecep="http://www.eighteenthcenturypoetry.org/ns"
                      xml:id="bsb18-710240"
                      n="a-1360"
                      ecep:lem=";"
                      ecep:pos=";"
                      ecep:reg=";"
                      ecep:spe=";">;</pc>
               </l>
               <l xml:id="bsb18-l32140">
                  <c> </c>
                  <w xmlns:ecep="http://www.eighteenthcenturypoetry.org/ns"
                     xml:id="bsb18-710250"
                     n="a-1370"
                     ecep:lem="think"
                     ecep:pos="vvb"
                     ecep:reg="Think"
                     ecep:spe="Think"
                     ecep:syllab="1"
                     ecep:pron="θɪŋk">Think</w>
                  <c> </c>
                  <w xmlns:ecep="http://www.eighteenthcenturypoetry.org/ns"
                     xml:id="bsb18-710260"
                     n="a-1380"
                     ecep:lem="but"
                     ecep:pos="p-acp"
                     ecep:reg="but"
                     ecep:spe="but"
                     ecep:syllab="1"
                     ecep:pron="bʌt">but</w>
                  <c> </c>
                  <w xmlns:ecep="http://www.eighteenthcenturypoetry.org/ns"
                     xml:id="bsb18-710270"
                     n="a-1390"
                     ecep:lem="thyself"
                     ecep:pos="px21"
                     ecep:reg="thysel"
                     ecep:spe="thysel"
                     ecep:syllab="2"
                     ecep:pron="θˈaɪsəl">thysel</w>
                  <c> </c>
                  <w xmlns:ecep="http://www.eighteenthcenturypoetry.org/ns"
                     xml:id="bsb18-710280"
                     n="a-1400"
                     ecep:lem="the"
                     ecep:pos="dt"
                     ecep:reg="the"
                     ecep:spe="the"
                     ecep:syllab="1"
                     ecep:pron="ðiː">the</w>
                  <c> </c>
                  <w xmlns:ecep="http://www.eighteenthcenturypoetry.org/ns"
                     xml:id="bsb18-710290"
                     n="a-1410"
                     ecep:lem="happy"
                     ecep:pos="js"
                     ecep:reg="happiest"
                     ecep:spe="happiest"
                     ecep:syllab="2"
                     ecep:pron="ˈhæpiɪst">happiest</w>
                  <c> </c>
                  <w xmlns:ecep="http://www.eighteenthcenturypoetry.org/ns"
                     xml:id="bsb18-710300"
                     n="a-1420"
                     ecep:lem="spouse"
                     ecep:pos="n1"
                     ecep:reg="spouse"
                     ecep:spe="spouse"
                     ecep:syllab="1"
                     ecep:pron="spaʊs">spouse</w>
                  <pc xmlns:ecep="http://www.eighteenthcenturypoetry.org/ns"
                      xml:id="bsb18-710310"
                      n="a-1430"
                      ecep:lem=","
                      ecep:pos=","
                      ecep:reg=","
                      ecep:spe=",">,</pc>
               </l>
               <l rendition="#h_3" xml:id="bsb18-l32145">
                  <c> </c>
                  <w xmlns:ecep="http://www.eighteenthcenturypoetry.org/ns"
                     xml:id="bsb18-710320"
                     n="a-1440"
                     ecep:lem="she|will"
                     ecep:pos="pns31|vmb"
                     ecep:reg="She'll"
                     ecep:spe="She'll"
                     ecep:syllab="1"
                     ecep:pron="ʃiːl">She'll</w>
                  <c> </c>
                  <w xmlns:ecep="http://www.eighteenthcenturypoetry.org/ns"
                     xml:id="bsb18-710330"
                     n="a-1450"
                     ecep:lem="be"
                     ecep:pos="vbi"
                     ecep:reg="be"
                     ecep:spe="be"
                     ecep:syllab="1"
                     ecep:pron="biː">be</w>
                  <c> </c>
                  <w xmlns:ecep="http://www.eighteenthcenturypoetry.org/ns"
                     xml:id="bsb18-710340"
                     n="a-1460"
                     ecep:lem="the"
                     ecep:pos="dt"
                     ecep:reg="the"
                     ecep:spe="the"
                     ecep:syllab="1"
                     ecep:pron="ðiː">the</w>
                  <c> </c>
                  <w xmlns:ecep="http://www.eighteenthcenturypoetry.org/ns"
                     xml:id="bsb18-710350"
                     n="a-1470"
                     ecep:lem="happy"
                     ecep:pos="js"
                     ecep:reg="happiest"
                     ecep:spe="happiest"
                     ecep:syllab="2"
                     ecep:pron="ˈhæpiɪst">happiest</w>
                  <c> </c>
                  <w xmlns:ecep="http://www.eighteenthcenturypoetry.org/ns"
                     xml:id="bsb18-710360"
                     n="a-1480"
                     ecep:lem="wife"
                     ecep:pos="n1"
                     ecep:reg="wife"
                     ecep:spe="wife"
                     ecep:syllab="1"
                     ecep:pron="waɪf">wife</w>
                  <pc xmlns:ecep="http://www.eighteenthcenturypoetry.org/ns"
                      xml:id="bsb18-710370"
                      n="a-1490"
                      unit="sentence"
                      ecep:lem="."
                      ecep:pos="."
                      ecep:reg="."
                      ecep:spe=".">.</pc>
                  <c> </c>
               </l>
            </lg>
         </div>
      </body>
   </text>
</TEI>
