<?xml version="1.0" encoding="utf-8"?>
<!DOCTYPE div
  SYSTEM "about:legacy-compat">
<div xmlns:tei="http://www.tei-c.org/ns/1.0"
     xmlns="http://www.tei-c.org/ns/1.0"
     xmlns:ecep="http://www.eighteenthcenturypoetry.org/ns"
     ana="#iamb #pentameter #tetrameter #quatrain #cross"
     corresp="#txt_BerkGe1685_w0001"
     ecep:syllab="10.8.10.8"
     met="-+|-+|-+|-+|-+/         -+|-+|-+|-+/         -+|-+|-+|-+|-+/         -+|-+|-+|-+/"
     rendition="#lgvspace"
     rhyme="abab"
     subtype="eceptext"
     type="poem"
     xml:id="o5157-w0840"
     decls="#semi-normalized">
   <link target="authors.xml#aut_BerkGe1685" type="author"/>
   <link target="27944" type="DMI"/>
   <head type="main">
      <w xml:id="o5157-694220"
         n="313-a-0010"
         ecep:lem="verse"
         ecep:pos="n2"
         ecep:reg="Verses"
         ecep:spe="Verses"
         ecep:syllab="2"
         ecep:pron="ˈvɜːsɪz">Verses</w>
      <c> </c>
      <w xml:id="o5157-694230"
         n="313-a-0020"
         ecep:lem="on"
         ecep:pos="p-acp"
         ecep:reg="on"
         ecep:spe="on"
         ecep:syllab="1"
         ecep:pron="ɒn">on</w>
      <c> </c>
      <w xml:id="o5157-694240"
         n="313-a-0030"
         ecep:lem="the"
         ecep:pos="dt"
         ecep:reg="the"
         ecep:spe="the"
         ecep:syllab="1"
         ecep:pron="ðiː">the</w>
      <c> </c>
      <w xml:id="o5157-694250"
         n="313-a-0040"
         ecep:lem="prospect"
         ecep:pos="n1"
         ecep:reg="Prospect"
         ecep:spe="Prospect"
         ecep:syllab="2"
         ecep:pron="ˈprɒspekt">Prospect</w>
      <c> </c>
      <w xml:id="o5157-694260"
         n="313-a-0050"
         ecep:lem="of"
         ecep:pos="pp-f"
         ecep:reg="of"
         ecep:spe="of"
         ecep:syllab="1"
         ecep:pron="ɒv">of</w>
      <c> </c>
      <w xml:id="o5157-694270"
         n="313-a-0060"
         ecep:lem="plant"
         ecep:pos="j-vvg"
         ecep:reg="planting"
         ecep:spe="planting"
         ecep:syllab="2"
         ecep:pron="ˈplɑːntɪŋ">planting</w>
      <c> </c>
      <w xml:id="o5157-694280"
         n="313-a-0070"
         ecep:lem="art"
         ecep:pos="n2"
         ecep:reg="ARTS"
         ecep:spe="ARTS"
         ecep:syllab="1"
         ecep:pron="ɑːts">ARTS</w>
      <c> </c>
      <w xml:id="o5157-694290"
         n="313-a-0080"
         ecep:lem="and"
         ecep:pos="cc"
         ecep:reg="and"
         ecep:spe="and"
         ecep:syllab="1"
         ecep:pron="ænd">and</w>
      <c> </c>
      <w xml:id="o5157-694300"
         n="313-a-0090"
         ecep:lem="learning"
         ecep:pos="n1"
         ecep:reg="LEARNING"
         ecep:spe="LEARNING"
         ecep:syllab="2"
         ecep:pron="ˈlɜːnɪŋ">LEARNING</w>
      <c> </c>
      <w xml:id="o5157-694310"
         n="313-a-0100"
         ecep:lem="in"
         ecep:pos="p-acp"
         ecep:reg="in"
         ecep:spe="in"
         ecep:syllab="1"
         ecep:pron="ɪn">in</w>
      <c> </c>
      <w xml:id="o5157-694320"
         n="313-a-0110"
         ecep:lem="America"
         ecep:pos="np1"
         ecep:reg="AMERICA"
         ecep:spe="AMERICA"
         ecep:syllab="4"
         ecep:pron="əˈmerɪkə">AMERICA</w>
      <pc xml:id="o5157-694330"
          n="313-a-0120"
          unit="sentence"
          ecep:lem="."
          ecep:pos="."
          ecep:reg="."
          ecep:spe=".">.</pc>
   </head>
   <byline>
      <w xml:id="o5157-694360"
         n="313-a-0130"
         ecep:lem="by"
         ecep:pos="p-acp"
         ecep:reg="By"
         ecep:spe="By"
         ecep:syllab="1"
         ecep:pron="baɪ">By</w>
      <c> </c>
      <w xml:id="o5157-694370"
         n="313-a-0140"
         ecep:lem="the"
         ecep:pos="dt"
         ecep:reg="the"
         ecep:spe="the"
         ecep:syllab="1"
         ecep:pron="ðiː">the</w>
      <c> </c>
      <w xml:id="o5157-694380"
         n="313-a-0150"
         ecep:lem="late"
         ecep:pos="j"
         ecep:reg="late"
         ecep:spe="late"
         ecep:syllab="1"
         ecep:pron="leɪt">late</w>
      <c> </c>
      <w xml:id="o5157-694390"
         n="313-a-0160"
         ecep:lem="dr."
         ecep:pos="n1"
         ecep:reg="Dr."
         ecep:spe="Dr."
         ecep:syllab="2"
         ecep:pron="dˈɒktə">Dr.</w>
      <c> </c>
      <w xml:id="o5157-694400"
         n="313-a-0170"
         ecep:lem="Berkeley"
         ecep:pos="np1"
         ecep:reg="BERKELEY"
         ecep:spe="BERKELEY"
         ecep:syllab="2"
         ecep:pron="ˈbɜːkli">BERKELEY</w>
      <pc xml:id="o5157-694410"
          n="313-a-0180"
          ecep:lem=","
          ecep:pos=","
          ecep:reg=","
          ecep:spe=",">,</pc>
      <c> </c>
      <w xml:id="o5157-694420"
         n="313-a-0190"
         ecep:lem="bishop"
         ecep:pos="n1"
         ecep:reg="Bishop"
         ecep:spe="Bishop"
         ecep:syllab="2"
         ecep:pron="ˈbɪʃəp">Bishop</w>
      <c> </c>
      <w xml:id="o5157-694430"
         n="313-a-0200"
         ecep:lem="of"
         ecep:pos="pp-f"
         ecep:reg="of"
         ecep:spe="of"
         ecep:syllab="1"
         ecep:pron="ɒv">of</w>
      <c> </c>
      <w xml:id="o5157-694440"
         n="313-a-0210"
         ecep:lem="cloyne"
         ecep:pos="np1"
         ecep:reg="CLOYNE"
         ecep:spe="CLOYNE"
         ecep:syllab="1"
         ecep:pron="klˈɔɪn">CLOYNE</w>
      <pc xml:id="o5157-694450"
          n="313-a-0220"
          unit="sentence"
          ecep:lem="."
          ecep:pos="."
          ecep:reg="."
          ecep:spe=".">.</pc>
   </byline>
   <lg xml:id="o5157-s03545">
      <l xml:id="o5157-l37615">
         <w xml:id="o5157-694480"
            n="313-a-0230"
            ecep:lem="the"
            ecep:pos="dt"
            ecep:reg="THE"
            ecep:spe="THE"
            ecep:syllab="1"
            ecep:pron="ðiː">THE</w>
         <c> </c>
         <w xml:id="o5157-694490"
            n="313-a-0240"
            ecep:lem="muse"
            ecep:pos="n1"
            ecep:reg="Muse"
            ecep:spe="Muse"
            ecep:syllab="1"
            ecep:pron="mjuːz">Muse</w>
         <pc xml:id="o5157-694500"
             n="313-a-0250"
             ecep:lem=","
             ecep:pos=","
             ecep:reg=","
             ecep:spe=",">,</pc>
         <c> </c>
         <w xml:id="o5157-694510"
            n="313-a-0260"
            ecep:lem="disgust"
            ecep:pos="vvn"
            ecep:reg="disgusted"
            ecep:spe="disgusted"
            ecep:syllab="3"
            ecep:pron="dɪsˈgʌstɪd">disgusted</w>
         <c> </c>
         <w xml:id="o5157-694520"
            n="313-a-0270"
            ecep:lem="at"
            ecep:pos="p-acp"
            ecep:reg="at"
            ecep:spe="at"
            ecep:syllab="1"
            ecep:pron="æt">at</w>
         <c> </c>
         <w xml:id="o5157-694530"
            n="313-a-0280"
            ecep:lem="a"
            ecep:pos="dt"
            ecep:reg="an"
            ecep:spe="an"
            ecep:syllab="1"
            ecep:pron="æn">an</w>
         <c> </c>
         <w xml:id="o5157-694540"
            n="313-a-0290"
            ecep:lem="age"
            ecep:pos="n1"
            ecep:reg="age"
            ecep:spe="age"
            ecep:syllab="1"
            ecep:pron="eɪdʒ">age</w>
         <c> </c>
         <w xml:id="o5157-694550"
            n="313-a-0300"
            ecep:lem="and"
            ecep:pos="cc"
            ecep:reg="and"
            ecep:spe="and"
            ecep:syllab="1"
            ecep:pron="ænd">and</w>
         <c> </c>
         <w xml:id="o5157-694560"
            n="313-a-0310"
            ecep:lem="clime"
            ecep:pos="n1"
            ecep:reg="clime"
            ecep:spe="clime"
            ecep:syllab="1"
            ecep:pron="klaɪm">clime</w>
         <pc xml:id="o5157-694570"
             n="313-a-0320"
             ecep:lem=","
             ecep:pos=","
             ecep:reg=","
             ecep:spe=",">,</pc>
      </l>
      <l xml:id="o5157-l37620">
         <w xml:id="o5157-694580"
            n="313-a-0330"
            ecep:lem="barren"
            ecep:pos="j"
            ecep:reg="Barren"
            ecep:spe="Barren"
            ecep:syllab="2"
            ecep:pron="ˈbærən">Barren</w>
         <c> </c>
         <w xml:id="o5157-694590"
            n="313-a-0340"
            ecep:lem="of"
            ecep:pos="pp-f"
            ecep:reg="of"
            ecep:spe="of"
            ecep:syllab="1"
            ecep:pron="ɒv">of</w>
         <c> </c>
         <w xml:id="o5157-694600"
            n="313-a-0350"
            ecep:lem="every"
            ecep:pos="d"
            ecep:reg="every"
            ecep:spe="every"
            ecep:syllab="2"
            ecep:pron="ˈevri">every</w>
         <c> </c>
         <w xml:id="o5157-694610"
            n="313-a-0360"
            ecep:lem="glorious"
            ecep:pos="j"
            ecep:reg="glorious"
            ecep:spe="glorious"
            ecep:syllab="2"
            ecep:pron="ˈglɔːriəs">glorious</w>
         <c> </c>
         <w xml:id="o5157-694620"
            n="313-a-0370"
            ecep:lem="theme"
            ecep:pos="n1"
            ecep:reg="theme"
            ecep:spe="theme"
            ecep:syllab="1"
            ecep:pron="θiːm">theme</w>
         <pc xml:id="o5157-694630"
             n="313-a-0380"
             ecep:lem=","
             ecep:pos=","
             ecep:reg=","
             ecep:spe=",">,</pc>
      </l>
      <l xml:id="o5157-l37625">
         <w xml:id="o5157-694640"
            n="313-a-0390"
            ecep:lem="in"
            ecep:pos="p-acp"
            ecep:reg="In"
            ecep:spe="In"
            ecep:syllab="1"
            ecep:pron="ɪn">In</w>
         <c> </c>
         <w xml:id="o5157-694650"
            n="313-a-0400"
            ecep:lem="distant"
            ecep:pos="j"
            ecep:reg="distant"
            ecep:spe="distant"
            ecep:syllab="2"
            ecep:pron="ˈdɪstənt">distant</w>
         <c> </c>
         <w xml:id="o5157-694660"
            n="313-a-0410"
            ecep:lem="land"
            ecep:pos="n2"
            ecep:reg="lands"
            ecep:spe="lands"
            ecep:syllab="1"
            ecep:pron="lændz">lands</w>
         <c> </c>
         <w xml:id="o5157-694670"
            n="313-a-0420"
            ecep:lem="now"
            ecep:pos="av"
            ecep:reg="now"
            ecep:spe="now"
            ecep:syllab="1"
            ecep:pron="naʊ">now</w>
         <c> </c>
         <w xml:id="o5157-694680"
            n="313-a-0430"
            ecep:lem="wait"
            ecep:pos="vvz"
            ecep:reg="waits"
            ecep:spe="waits"
            ecep:syllab="1"
            ecep:pron="weɪts">waits</w>
         <c> </c>
         <w xml:id="o5157-694690"
            n="313-a-0440"
            ecep:lem="a"
            ecep:pos="dt"
            ecep:reg="a"
            ecep:spe="a"
            ecep:syllab="1"
            ecep:pron="ə">a</w>
         <c> </c>
         <w xml:id="o5157-694700"
            n="313-a-0450"
            ecep:lem="better"
            ecep:pos="jc"
            ecep:reg="better"
            ecep:spe="better"
            ecep:syllab="2"
            ecep:pron="ˈbetə">better</w>
         <c> </c>
         <w xml:id="o5157-694710"
            n="313-a-0460"
            ecep:lem="time"
            ecep:pos="n1"
            ecep:reg="time"
            ecep:spe="time"
            ecep:syllab="1"
            ecep:pron="taɪm">time</w>
         <pc xml:id="o5157-694720"
             n="313-a-0470"
             ecep:lem=","
             ecep:pos=","
             ecep:reg=","
             ecep:spe=",">,</pc>
      </l>
      <l xml:id="o5157-l37630">
         <w xml:id="o5157-694730"
            n="313-a-0480"
            ecep:lem="produce"
            ecep:pos="vvg"
            ecep:reg="Producing"
            ecep:spe="Producing"
            ecep:syllab="3"
            ecep:pron="prəˈdjuːsɪŋ">Producing</w>
         <c> </c>
         <w xml:id="o5157-694740"
            n="313-a-0490"
            ecep:lem="subject"
            ecep:pos="n2-jn"
            ecep:reg="subjects"
            ecep:spe="subjects"
            ecep:syllab="2"
            ecep:pron="ˈsʌbdʒekts">subjects</w>
         <c> </c>
         <w xml:id="o5157-694750"
            n="313-a-0500"
            ecep:lem="worthy"
            ecep:pos="j-jn"
            ecep:reg="worthy"
            ecep:spe="worthy"
            ecep:syllab="2"
            ecep:pron="ˈwɜːði">worthy</w>
         <c> </c>
         <w xml:id="o5157-694760"
            n="313-a-0510"
            ecep:lem="fame"
            ecep:pos="n1"
            ecep:reg="fame"
            ecep:spe="fame"
            ecep:syllab="1"
            ecep:pron="feɪm">fame</w>
         <pc xml:id="o5157-694770"
             n="313-a-0520"
             ecep:lem=":"
             ecep:pos=":"
             ecep:reg=":"
             ecep:spe=":">:</pc>
      </l>
   </lg>
   <lg xml:id="o5157-s03550">
      <l xml:id="o5157-l37635">
         <w xml:id="o5157-694800"
            n="313-a-0530"
            ecep:lem="in"
            ecep:pos="p-acp"
            ecep:reg="In"
            ecep:spe="In"
            ecep:syllab="1"
            ecep:pron="ɪn">In</w>
         <c> </c>
         <w xml:id="o5157-694810"
            n="313-a-0540"
            ecep:lem="happy"
            ecep:pos="j"
            ecep:reg="happy"
            ecep:spe="happy"
            ecep:syllab="2"
            ecep:pron="ˈhæpi">happy</w>
         <c> </c>
         <w xml:id="o5157-694820"
            n="313-a-0550"
            ecep:lem="clime"
            ecep:pos="n2"
            ecep:reg="climes"
            ecep:spe="climes"
            ecep:syllab="1"
            ecep:pron="klaɪmz">climes</w>
         <pc xml:id="o5157-694830"
             n="313-a-0560"
             ecep:lem=","
             ecep:pos=","
             ecep:reg=","
             ecep:spe=",">,</pc>
         <c> </c>
         <w xml:id="o5157-694840"
            n="313-a-0570"
            ecep:lem="where"
            ecep:pos="c-crq"
            ecep:reg="where"
            ecep:spe="where"
            ecep:syllab="1"
            ecep:pron="weə">where</w>
         <c> </c>
         <w xml:id="o5157-694850"
            n="313-a-0580"
            ecep:lem="from"
            ecep:pos="p-acp"
            ecep:reg="from"
            ecep:spe="from"
            ecep:syllab="1"
            ecep:pron="frɒm">from</w>
         <c> </c>
         <w xml:id="o5157-694860"
            n="313-a-0590"
            ecep:lem="the"
            ecep:pos="dt"
            ecep:reg="the"
            ecep:spe="the"
            ecep:syllab="1"
            ecep:pron="ðiː">the</w>
         <c> </c>
         <w xml:id="o5157-694870"
            n="313-a-0600"
            ecep:lem="genial"
            ecep:pos="j"
            ecep:reg="genial"
            ecep:spe="genial"
            ecep:syllab="2"
            ecep:pron="ˈdʒiːniəl">genial</w>
         <c> </c>
         <w xml:id="o5157-694880"
            n="313-a-0610"
            ecep:lem="sun"
            ecep:pos="n1"
            ecep:reg="sun"
            ecep:spe="sun"
            ecep:syllab="1"
            ecep:pron="sʌn">sun</w>
      </l>
      <l xml:id="o5157-l37640">
         <w xml:id="o5157-694890"
            n="313-a-0620"
            ecep:lem="and"
            ecep:pos="cc"
            ecep:reg="And"
            ecep:spe="And"
            ecep:syllab="1"
            ecep:pron="ænd">And</w>
         <c> </c>
         <w xml:id="o5157-694900"
            n="313-a-0630"
            ecep:lem="virgin"
            ecep:pos="n1"
            ecep:reg="virgin"
            ecep:spe="virgin"
            ecep:syllab="2"
            ecep:pron="ˈvɜːdʒɪn">virgin</w>
         <c> </c>
         <w xml:id="o5157-694910"
            n="313-a-0640"
            ecep:lem="earth"
            ecep:pos="n1"
            ecep:reg="earth"
            ecep:spe="earth"
            ecep:syllab="1"
            ecep:pron="ɜːθ">earth</w>
         <c> </c>
         <w xml:id="o5157-694920"
            n="313-a-0650"
            ecep:lem="such"
            ecep:pos="d"
            ecep:reg="such"
            ecep:spe="such"
            ecep:syllab="1"
            ecep:pron="sʌtʃ">such</w>
         <c> </c>
         <w xml:id="o5157-694930"
            n="313-a-0660"
            ecep:lem="scene"
            ecep:pos="n2"
            ecep:reg="scenes"
            ecep:spe="scenes"
            ecep:syllab="1"
            ecep:pron="siːnz">scenes</w>
         <c> </c>
         <w xml:id="o5157-694940"
            n="313-a-0670"
            ecep:lem="ensue"
            ecep:pos="vvi"
            ecep:reg="ensue"
            ecep:spe="ensue"
            ecep:syllab="2"
            ecep:pron="ɪnˈsjuː">ensue</w>
         <pc xml:id="o5157-694950"
             n="313-a-0680"
             ecep:lem=","
             ecep:pos=","
             ecep:reg=","
             ecep:spe=",">,</pc>
      </l>
      <l xml:id="o5157-l37645">
         <w xml:id="o5157-694960"
            n="313-a-0690"
            ecep:lem="the"
            ecep:pos="dt"
            ecep:reg="The"
            ecep:spe="The"
            ecep:syllab="1"
            ecep:pron="ðiː">The</w>
         <c> </c>
         <w xml:id="o5157-694970"
            n="313-a-0700"
            ecep:lem="force"
            ecep:pos="n1"
            ecep:reg="force"
            ecep:spe="force"
            ecep:syllab="1"
            ecep:pron="fɔːs">force</w>
         <c> </c>
         <w xml:id="o5157-694980"
            n="313-a-0710"
            ecep:lem="of"
            ecep:pos="pp-f"
            ecep:reg="of"
            ecep:spe="of"
            ecep:syllab="1"
            ecep:pron="ɒv">of</w>
         <c> </c>
         <w xml:id="o5157-694990"
            n="313-a-0720"
            ecep:lem="art"
            ecep:pos="n1"
            ecep:reg="art"
            ecep:spe="art"
            ecep:syllab="1"
            ecep:pron="ɑːt">art</w>
         <c> </c>
         <w xml:id="o5157-695000"
            n="313-a-0730"
            ecep:lem="by"
            ecep:pos="p-acp"
            ecep:reg="by"
            ecep:spe="by"
            ecep:syllab="1"
            ecep:pron="baɪ">by</w>
         <c> </c>
         <w xml:id="o5157-695010"
            n="313-a-0740"
            ecep:lem="nature"
            ecep:pos="n1"
            ecep:reg="nature"
            ecep:spe="nature"
            ecep:syllab="2"
            ecep:pron="ˈneɪtʃə">nature</w>
         <c> </c>
         <w xml:id="o5157-695020"
            n="313-a-0750"
            ecep:lem="seem"
            ecep:pos="vvz"
            ecep:reg="seems"
            ecep:spe="seems"
            ecep:syllab="1"
            ecep:pron="siːmz">seems</w>
         <c> </c>
         <w xml:id="o5157-695030"
            n="313-a-0760"
            ecep:lem="outdo"
            ecep:pos="vvn"
            ecep:reg="outdone"
            ecep:spe="outdone"
            ecep:syllab="2"
            ecep:pron="ˌaʊtˈdʌn">outdone</w>
         <pc xml:id="o5157-695040"
             n="313-a-0770"
             ecep:lem=","
             ecep:pos=","
             ecep:reg=","
             ecep:spe=",">,</pc>
      </l>
      <l xml:id="o5157-l37650">
         <w xml:id="o5157-695050"
            n="313-a-0780"
            ecep:lem="and"
            ecep:pos="cc"
            ecep:reg="And"
            ecep:spe="And"
            ecep:syllab="1"
            ecep:pron="ænd">And</w>
         <c> </c>
         <w xml:id="o5157-695060"
            n="313-a-0790"
            ecep:lem="fancy"
            ecep:pos="vvd"
            ecep:reg="fancied"
            ecep:spe="fancied"
            ecep:syllab="2"
            ecep:pron="ˈfænsid">fancied</w>
         <c> </c>
         <w xml:id="o5157-695070"
            n="313-a-0800"
            ecep:lem="beauty"
            ecep:pos="n2"
            ecep:reg="beauties"
            ecep:spe="beauties"
            ecep:syllab="2"
            ecep:pron="ˈbjuːtiz">beauties</w>
         <c> </c>
         <w xml:id="o5157-695080"
            n="313-a-0810"
            ecep:lem="by"
            ecep:pos="p-acp"
            ecep:reg="by"
            ecep:spe="by"
            ecep:syllab="1"
            ecep:pron="baɪ">by</w>
         <c> </c>
         <w xml:id="o5157-695090"
            n="313-a-0820"
            ecep:lem="the"
            ecep:pos="dt"
            ecep:reg="the"
            ecep:spe="the"
            ecep:syllab="1"
            ecep:pron="ðiː">the</w>
         <c> </c>
         <w xml:id="o5157-695100"
            n="313-a-0830"
            ecep:lem="true"
            ecep:pos="j"
            ecep:reg="true"
            ecep:spe="true"
            ecep:syllab="1"
            ecep:pron="truː">true</w>
         <pc xml:id="o5157-695110"
             n="313-a-0840"
             ecep:lem=":"
             ecep:pos=":"
             ecep:reg=":"
             ecep:spe=":">:</pc>
      </l>
   </lg>
   <lg xml:id="o5157-s03555">
      <l xml:id="o5157-l37655">
         <w xml:id="o5157-695140"
            n="313-a-0850"
            ecep:lem="in"
            ecep:pos="p-acp"
            ecep:reg="In"
            ecep:spe="In"
            ecep:syllab="1"
            ecep:pron="ɪn">In</w>
         <c> </c>
         <w xml:id="o5157-695150"
            n="313-a-0860"
            ecep:lem="happy"
            ecep:pos="j"
            ecep:reg="happy"
            ecep:spe="happy"
            ecep:syllab="2"
            ecep:pron="ˈhæpi">happy</w>
         <c> </c>
         <w xml:id="o5157-695160"
            n="313-a-0870"
            ecep:lem="clime"
            ecep:pos="n2"
            ecep:reg="climes"
            ecep:spe="climes"
            ecep:syllab="1"
            ecep:pron="klaɪmz">climes</w>
         <c> </c>
         <w xml:id="o5157-695170"
            n="313-a-0880"
            ecep:lem="the"
            ecep:pos="dt"
            ecep:reg="the"
            ecep:spe="the"
            ecep:syllab="1"
            ecep:pron="ðiː">the</w>
         <c> </c>
         <w xml:id="o5157-695180"
            n="313-a-0890"
            ecep:lem="seat"
            ecep:pos="n1"
            ecep:reg="seat"
            ecep:spe="seat"
            ecep:syllab="1"
            ecep:pron="siːt">seat</w>
         <c> </c>
         <w xml:id="o5157-695190"
            n="313-a-0900"
            ecep:lem="of"
            ecep:pos="pp-f"
            ecep:reg="of"
            ecep:spe="of"
            ecep:syllab="1"
            ecep:pron="ɒv">of</w>
         <c> </c>
         <w xml:id="o5157-695200"
            n="313-a-0910"
            ecep:lem="innocence"
            ecep:pos="n1"
            ecep:reg="innocence"
            ecep:spe="innocence"
            ecep:syllab="3"
            ecep:pron="ˈɪnəsəns">innocence</w>
         <pc xml:id="o5157-695210"
             n="313-a-0920"
             ecep:lem=","
             ecep:pos=","
             ecep:reg=","
             ecep:spe=",">,</pc>
      </l>
      <l xml:id="o5157-l37660">
         <w xml:id="o5157-695220"
            n="313-a-0930"
            ecep:lem="where"
            ecep:pos="q-crq"
            ecep:reg="Where"
            ecep:spe="Where"
            ecep:syllab="1"
            ecep:pron="weə">Where</w>
         <c> </c>
         <w xml:id="o5157-695230"
            n="313-a-0940"
            ecep:lem="nature"
            ecep:pos="n1"
            ecep:reg="nature"
            ecep:spe="nature"
            ecep:syllab="2"
            ecep:pron="ˈneɪtʃə">nature</w>
         <c> </c>
         <w xml:id="o5157-695240"
            n="313-a-0950"
            ecep:pos="vvz"
            ecep:lem="guide"
            ecep:reg="guides"
            ecep:spe="guides"
            ecep:syllab="1"
            ecep:pron="gaɪdz">guides</w>
         <c> </c>
         <w xml:id="o5157-695250"
            n="313-a-0960"
            ecep:lem="and"
            ecep:pos="cc"
            ecep:reg="and"
            ecep:spe="and"
            ecep:syllab="1"
            ecep:pron="ænd">and</w>
         <c> </c>
         <w xml:id="o5157-695260"
            n="313-a-0970"
            ecep:lem="virtue"
            ecep:pos="n1"
            ecep:reg="virtue"
            ecep:spe="virtue"
            ecep:syllab="2"
            ecep:pron="ˈvɜːtʃuː">virtue</w>
         <c> </c>
         <w xml:id="o5157-695270"
            n="313-a-0980"
            ecep:pos="vvz"
            ecep:lem="rule"
            ecep:reg="rules"
            ecep:spe="rules"
            ecep:syllab="1"
            ecep:pron="ruːlz">rules</w>
         <pc xml:id="o5157-695280"
             n="313-a-0990"
             ecep:lem=","
             ecep:pos=","
             ecep:reg=","
             ecep:spe=",">,</pc>
      </l>
      <l xml:id="o5157-l37665">
         <w xml:id="o5157-695290"
            n="313-a-1000"
            ecep:lem="where"
            ecep:pos="q-crq"
            ecep:reg="Where"
            ecep:spe="Where"
            ecep:syllab="1"
            ecep:pron="weə">Where</w>
         <c> </c>
         <w xml:id="o5157-695300"
            n="313-a-1010"
            ecep:lem="man"
            ecep:pos="n2"
            ecep:reg="men"
            ecep:spe="men"
            ecep:syllab="1"
            ecep:pron="men">men</w>
         <c> </c>
         <w xml:id="o5157-695310"
            n="313-a-1020"
            ecep:lem="shall"
            ecep:pos="vmb"
            ecep:reg="shall"
            ecep:spe="shall"
            ecep:syllab="1"
            ecep:pron="ʃæl">shall</w>
         <c> </c>
         <w xml:id="o5157-695320"
            n="313-a-1030"
            ecep:lem="not"
            ecep:pos="xx"
            ecep:reg="not"
            ecep:spe="not"
            ecep:syllab="1"
            ecep:pron="ˈdɪdnt">not</w>
         <c> </c>
         <w xml:id="o5157-695330"
            n="313-a-1040"
            ecep:lem="impose"
            ecep:pos="vvi"
            ecep:reg="impose"
            ecep:spe="impose"
            ecep:syllab="2"
            ecep:pron="ɪmˈpəʊz">impose</w>
         <c> </c>
         <w xml:id="o5157-695340"
            n="313-a-1050"
            ecep:lem="for"
            ecep:pos="p-acp"
            ecep:reg="for"
            ecep:spe="for"
            ecep:syllab="1"
            ecep:pron="fɔː">for</w>
         <c> </c>
         <w xml:id="o5157-695350"
            n="313-a-1060"
            ecep:lem="truth"
            ecep:pos="n1"
            ecep:reg="truth"
            ecep:spe="truth"
            ecep:syllab="1"
            ecep:pron="truːθ">truth</w>
         <c> </c>
         <w xml:id="o5157-695360"
            n="313-a-1070"
            ecep:lem="and"
            ecep:pos="cc"
            ecep:reg="and"
            ecep:spe="and"
            ecep:syllab="1"
            ecep:pron="ænd">and</w>
         <c> </c>
         <w xml:id="o5157-695370"
            n="313-a-1080"
            ecep:lem="sense"
            ecep:pos="n1"
            ecep:reg="sense"
            ecep:spe="sense"
            ecep:syllab="1"
            ecep:pron="sens">sense</w>
      </l>
      <l xml:id="o5157-l37670">
         <w xml:id="o5157-695380"
            n="313-a-1090"
            ecep:lem="the"
            ecep:pos="dt"
            ecep:reg="The"
            ecep:spe="The"
            ecep:syllab="1"
            ecep:pron="ðiː">The</w>
         <c> </c>
         <w xml:id="o5157-695390"
            n="313-a-1100"
            ecep:lem="pedantry"
            ecep:pos="n1"
            ecep:reg="pedantry"
            ecep:spe="pedantry"
            ecep:syllab="3"
            ecep:pron="ˈpedntri">pedantry</w>
         <c> </c>
         <w xml:id="o5157-695400"
            n="313-a-1110"
            ecep:lem="of"
            ecep:pos="pp-f"
            ecep:reg="of"
            ecep:spe="of"
            ecep:syllab="1"
            ecep:pron="ɒv">of</w>
         <c> </c>
         <w xml:id="o5157-695410"
            n="313-a-1120"
            ecep:lem="court"
            ecep:pos="n2"
            ecep:reg="courts"
            ecep:spe="courts"
            ecep:syllab="1"
            ecep:pron="kɔːts">courts</w>
         <c> </c>
         <w xml:id="o5157-695420"
            n="313-a-1130"
            ecep:lem="and"
            ecep:pos="cc"
            ecep:reg="and"
            ecep:spe="and"
            ecep:syllab="1"
            ecep:pron="ænd">and</w>
         <c> </c>
         <w xml:id="o5157-695430"
            n="313-a-1140"
            ecep:lem="school"
            ecep:pos="n2"
            ecep:reg="schools"
            ecep:spe="schools"
            ecep:syllab="1"
            ecep:pron="skuːlz">schools</w>
         <pc xml:id="o5157-695440"
             n="313-a-1150"
             ecep:lem=":"
             ecep:pos=":"
             ecep:reg=":"
             ecep:spe=":">:</pc>
      </l>
   </lg>
   <lg xml:id="o5157-s03560">
      <l xml:id="o5157-l37675">
         <w xml:id="o5157-695470"
            n="313-a-1160"
            ecep:lem="there"
            ecep:pos="pc-acp"
            ecep:reg="There"
            ecep:spe="There"
            ecep:syllab="1"
            ecep:pron="ðeə">There</w>
         <c> </c>
         <w xml:id="o5157-695480"
            n="313-a-1170"
            ecep:lem="shall"
            ecep:pos="vmb"
            ecep:reg="shall"
            ecep:spe="shall"
            ecep:syllab="1"
            ecep:pron="ʃæl">shall</w>
         <c> </c>
         <w xml:id="o5157-695490"
            n="313-a-1180"
            ecep:lem="be"
            ecep:pos="vbi"
            ecep:reg="be"
            ecep:spe="be"
            ecep:syllab="1"
            ecep:pron="biː">be</w>
         <c> </c>
         <w xml:id="o5157-695500"
            n="313-a-1190"
            ecep:lem="sing"
            ecep:pos="vvn"
            ecep:reg="sung"
            ecep:spe="sung"
            ecep:syllab="1"
            ecep:pron="sʌŋ">sung</w>
         <c> </c>
         <w xml:id="o5157-695510"
            n="313-a-1200"
            ecep:lem="another"
            ecep:pos="j-jn"
            ecep:reg="another"
            ecep:spe="another"
            ecep:syllab="3"
            ecep:pron="əˈnʌðə">another</w>
         <c> </c>
         <w xml:id="o5157-695520"
            n="313-a-1210"
            ecep:lem="golden"
            ecep:pos="j"
            ecep:reg="golden"
            ecep:spe="golden"
            ecep:syllab="2"
            ecep:pron="ˈgəʊldən">golden</w>
         <c> </c>
         <w xml:id="o5157-695530"
            n="313-a-1220"
            ecep:lem="age"
            ecep:pos="n1"
            ecep:reg="age"
            ecep:spe="age"
            ecep:syllab="1"
            ecep:pron="eɪdʒ">age</w>
         <pc xml:id="o5157-695540"
             n="313-a-1230"
             ecep:lem=","
             ecep:pos=","
             ecep:reg=","
             ecep:spe=",">,</pc>
      </l>
      <l xml:id="o5157-l37680">
         <w xml:id="o5157-695550"
            n="313-a-1240"
            ecep:lem="the"
            ecep:pos="dt"
            ecep:reg="The"
            ecep:spe="The"
            ecep:syllab="1"
            ecep:pron="ðiː">The</w>
         <c> </c>
         <w xml:id="o5157-695560"
            n="313-a-1250"
            ecep:lem="rise"
            ecep:pos="n1"
            ecep:reg="rise"
            ecep:spe="rise"
            ecep:syllab="1"
            ecep:pron="raɪz">rise</w>
         <c> </c>
         <w xml:id="o5157-695570"
            n="313-a-1260"
            ecep:lem="of"
            ecep:pos="pp-f"
            ecep:reg="of"
            ecep:spe="of"
            ecep:syllab="1"
            ecep:pron="ɒv">of</w>
         <c> </c>
         <w xml:id="o5157-695580"
            n="313-a-1270"
            ecep:lem="empire"
            ecep:pos="n1"
            ecep:reg="empire"
            ecep:spe="empire"
            ecep:syllab="1"
            ecep:pron="ˈempaɪə">empire</w>
         <c> </c>
         <w xml:id="o5157-695590"
            n="313-a-1280"
            ecep:lem="and"
            ecep:pos="cc"
            ecep:reg="and"
            ecep:spe="and"
            ecep:syllab="1"
            ecep:pron="ænd">and</w>
         <c> </c>
         <w xml:id="o5157-695600"
            n="313-a-1290"
            ecep:lem="of"
            ecep:pos="pp-f"
            ecep:reg="of"
            ecep:spe="of"
            ecep:syllab="1"
            ecep:pron="ɒv">of</w>
         <c> </c>
         <w xml:id="o5157-695610"
            n="313-a-1300"
            ecep:lem="art"
            ecep:pos="n2"
            ecep:reg="arts"
            ecep:spe="arts"
            ecep:syllab="1"
            ecep:pron="ɑːts">arts</w>
         <pc xml:id="o5157-695620"
             n="313-a-1310"
             ecep:lem=","
             ecep:pos=","
             ecep:reg=","
             ecep:spe=",">,</pc>
      </l>
      <l xml:id="o5157-l37685">
         <w xml:id="o5157-695630"
            n="313-a-1320"
            ecep:lem="the"
            ecep:pos="dt"
            ecep:reg="The"
            ecep:spe="The"
            ecep:syllab="1"
            ecep:pron="ðiː">The</w>
         <c> </c>
         <w xml:id="o5157-695640"
            n="313-a-1330"
            ecep:lem="good"
            ecep:pos="j"
            ecep:reg="good"
            ecep:spe="good"
            ecep:syllab="1"
            ecep:pron="gʊd">good</w>
         <c> </c>
         <w xml:id="o5157-695650"
            n="313-a-1340"
            ecep:lem="and"
            ecep:pos="cc"
            ecep:reg="and"
            ecep:spe="and"
            ecep:syllab="1"
            ecep:pron="ænd">and</w>
         <c> </c>
         <w xml:id="o5157-695660"
            n="313-a-1350"
            ecep:lem="great"
            ecep:pos="j"
            ecep:reg="great"
            ecep:spe="great"
            ecep:syllab="1"
            ecep:pron="greɪt">great</w>
         <c> </c>
         <w xml:id="o5157-695670"
            n="313-a-1360"
            ecep:lem="inspire"
            ecep:pos="j-vvg"
            ecep:reg="inspiring"
            ecep:spe="inspiring"
            ecep:syllab="3"
            ecep:pron="ɪnˈspaɪərɪŋ">inspiring</w>
         <c> </c>
         <w xml:id="o5157-695680"
            n="313-a-1370"
            ecep:lem="epic"
            ecep:pos="n1"
            ecep:reg="epic"
            ecep:spe="epic"
            ecep:syllab="2"
            ecep:pron="ˈepɪk">epic</w>
         <c> </c>
         <w xml:id="o5157-695690"
            n="313-a-1380"
            ecep:lem="rage"
            ecep:pos="n1"
            ecep:reg="rage"
            ecep:spe="rage"
            ecep:syllab="1"
            ecep:pron="reɪdʒ">rage</w>
         <pc xml:id="o5157-695700"
             n="313-a-1390"
             ecep:lem=","
             ecep:pos=","
             ecep:reg=","
             ecep:spe=",">,</pc>
      </l>
      <l xml:id="o5157-l37690">
         <w xml:id="o5157-695710"
            n="313-a-1400"
            ecep:lem="the"
            ecep:pos="dt"
            ecep:reg="The"
            ecep:spe="The"
            ecep:syllab="1"
            ecep:pron="ðiː">The</w>
         <c> </c>
         <w xml:id="o5157-695720"
            n="313-a-1410"
            ecep:lem="wise"
            ecep:pos="js"
            ecep:reg="wisest"
            ecep:spe="wisest"
            ecep:syllab="2"
            ecep:pron="ˈwaɪzɪst">wisest</w>
         <c> </c>
         <w xml:id="o5157-695730"
            n="313-a-1420"
            ecep:lem="head"
            ecep:pos="n2"
            ecep:reg="heads"
            ecep:spe="heads"
            ecep:syllab="1"
            ecep:pron="hedz">heads</w>
         <c> </c>
         <w xml:id="o5157-695740"
            n="313-a-1430"
            ecep:lem="and"
            ecep:pos="cc"
            ecep:reg="and"
            ecep:spe="and"
            ecep:syllab="1"
            ecep:pron="ænd">and</w>
         <c> </c>
         <w xml:id="o5157-695750"
            n="313-a-1440"
            ecep:lem="noble"
            ecep:pos="js"
            ecep:reg="noblest"
            ecep:spe="noblest"
            ecep:syllab="2"
            ecep:pron="ˈnəʊblɪst">noblest</w>
         <c> </c>
         <w xml:id="o5157-695760"
            n="313-a-1450"
            ecep:lem="heart"
            ecep:pos="n2"
            ecep:reg="hearts"
            ecep:spe="hearts"
            ecep:syllab="1"
            ecep:pron="hɑːts">hearts</w>
         <pc xml:id="o5157-695770"
             n="313-a-1460"
             unit="sentence"
             ecep:lem="."
             ecep:pos="."
             ecep:reg="."
             ecep:spe=".">.</pc>
      </l>
   </lg>
   <lg xml:id="o5157-s03565">
      <l xml:id="o5157-l37695">
         <w xml:id="o5157-695800"
            n="313-a-1470"
            ecep:lem="not"
            ecep:pos="xx"
            ecep:reg="Not"
            ecep:spe="Not"
            ecep:syllab="1"
            ecep:pron="ˈdɪdnt">Not</w>
         <c> </c>
         <w xml:id="o5157-695810"
            n="313-a-1480"
            ecep:lem="such"
            ecep:pos="d"
            ecep:reg="such"
            ecep:spe="such"
            ecep:syllab="1"
            ecep:pron="sʌtʃ">such</w>
         <c> </c>
         <w xml:id="o5157-695820"
            n="313-a-1490"
            ecep:lem="as"
            ecep:pos="c-acp"
            ecep:reg="as"
            ecep:spe="as"
            ecep:syllab="1"
            ecep:pron="æz">as</w>
         <c> </c>
         <w xml:id="o5157-695830"
            n="313-a-1500"
            ecep:lem="Europe"
            ecep:pos="np1"
            ecep:reg="Europe"
            ecep:spe="Europe"
            ecep:syllab="2"
            ecep:pron="ˈjʊərəp">Europe</w>
         <c> </c>
         <w xml:id="o5157-695840"
            n="313-a-1510"
            ecep:lem="breed"
            ecep:pos="vvz"
            ecep:reg="breeds"
            ecep:spe="breeds"
            ecep:syllab="1"
            ecep:pron="briːdz">breeds</w>
         <c> </c>
         <w xml:id="o5157-695850"
            n="313-a-1520"
            ecep:lem="in"
            ecep:pos="p-acp"
            ecep:reg="in"
            ecep:spe="in"
            ecep:syllab="1"
            ecep:pron="ɪn">in</w>
         <c> </c>
         <w xml:id="o5157-695860"
            n="313-a-1530"
            ecep:lem="her"
            ecep:pos="po31"
            ecep:reg="her"
            ecep:spe="her"
            ecep:syllab="1"
            ecep:pron="hɜː">her</w>
         <c> </c>
         <w xml:id="o5157-695870"
            n="313-a-1540"
            ecep:lem="decay"
            ecep:pos="n1"
            ecep:reg="decay"
            ecep:spe="decay"
            ecep:syllab="2"
            ecep:pron="diˈkeɪ">decay</w>
         <pc xml:id="o5157-695880"
             n="313-a-1550"
             ecep:lem=";"
             ecep:pos=";"
             ecep:reg=";"
             ecep:spe=";">;</pc>
      </l>
      <l xml:id="o5157-l37700">
         <w xml:id="o5157-695890"
            n="313-a-1560"
            ecep:lem="such"
            ecep:pos="d"
            ecep:reg="Such"
            ecep:spe="Such"
            ecep:syllab="1"
            ecep:pron="sʌtʃ">Such</w>
         <c> </c>
         <w xml:id="o5157-695900"
            n="313-a-1570"
            ecep:lem="as"
            ecep:pos="c-acp"
            ecep:reg="as"
            ecep:spe="as"
            ecep:syllab="1"
            ecep:pron="æz">as</w>
         <c> </c>
         <w xml:id="o5157-695910"
            n="313-a-1580"
            ecep:lem="she"
            ecep:pos="pns31"
            ecep:reg="she"
            ecep:spe="she"
            ecep:syllab="1"
            ecep:pron="ʃiː">she</w>
         <c> </c>
         <w xml:id="o5157-695920"
            n="313-a-1590"
            ecep:lem="breed"
            ecep:pos="vvd"
            ecep:reg="bred"
            ecep:spe="bred"
            ecep:syllab="1"
            ecep:pron="bred">bred</w>
         <c> </c>
         <w xml:id="o5157-695930"
            n="313-a-1600"
            ecep:lem="when"
            ecep:pos="c-crq"
            ecep:reg="when"
            ecep:spe="when"
            ecep:syllab="1"
            ecep:pron="wen">when</w>
         <c> </c>
         <w xml:id="o5157-695940"
            n="313-a-1610"
            ecep:lem="fresh"
            ecep:pos="j"
            ecep:reg="fresh"
            ecep:spe="fresh"
            ecep:syllab="1"
            ecep:pron="freʃ">fresh</w>
         <c> </c>
         <w xml:id="o5157-695950"
            n="313-a-1620"
            ecep:lem="and"
            ecep:pos="cc"
            ecep:reg="and"
            ecep:spe="and"
            ecep:syllab="1"
            ecep:pron="ænd">and</w>
         <c> </c>
         <w xml:id="o5157-695960"
            n="313-a-1630"
            ecep:lem="young"
            ecep:pos="j"
            ecep:reg="young"
            ecep:spe="young"
            ecep:syllab="1"
            ecep:pron="jʌŋ">young</w>
         <pc xml:id="o5157-695970"
             n="313-a-1640"
             ecep:lem=","
             ecep:pos=","
             ecep:reg=","
             ecep:spe=",">,</pc>
      </l>
      <l xml:id="o5157-l37705">
         <w xml:id="o5157-695980"
            n="313-a-1650"
            ecep:lem="when"
            ecep:pos="c-crq"
            ecep:reg="When"
            ecep:spe="When"
            ecep:syllab="1"
            ecep:pron="wen">When</w>
         <c> </c>
         <w xml:id="o5157-695990"
            n="313-a-1660"
            ecep:lem="heavenly"
            ecep:pos="j"
            ecep:reg="heavenly"
            ecep:spe="heav'nly"
            ecep:syllab="2"
            ecep:pron="ˈhevnli">heav'nly</w>
         <c> </c>
         <w xml:id="o5157-696000"
            n="313-a-1670"
            ecep:lem="flame"
            ecep:pos="n1"
            ecep:reg="flame"
            ecep:spe="flame"
            ecep:syllab="1"
            ecep:pron="fleɪm">flame</w>
         <c> </c>
         <w xml:id="o5157-696010"
            n="313-a-1680"
            ecep:lem="do"
            ecep:pos="vdd"
            ecep:reg="did"
            ecep:spe="did"
            ecep:syllab="1"
            ecep:pron="dɪd">did</w>
         <c> </c>
         <w xml:id="o5157-696020"
            n="313-a-1690"
            ecep:lem="animate"
            ecep:pos="vvi"
            ecep:reg="animate"
            ecep:spe="animate"
            ecep:syllab="3"
            ecep:pron="ˈænɪmət">animate</w>
         <c> </c>
         <w xml:id="o5157-696030"
            n="313-a-1700"
            ecep:lem="her"
            ecep:pos="po31"
            ecep:reg="her"
            ecep:spe="her"
            ecep:syllab="1"
            ecep:pron="hɜː">her</w>
         <c> </c>
         <w xml:id="o5157-696040"
            n="313-a-1710"
            ecep:lem="clay"
            ecep:pos="n1"
            ecep:reg="clay"
            ecep:spe="clay"
            ecep:syllab="1"
            ecep:pron="kleɪ">clay</w>
         <pc xml:id="o5157-696050"
             n="313-a-1720"
             ecep:lem=","
             ecep:pos=","
             ecep:reg=","
             ecep:spe=",">,</pc>
      </l>
      <l xml:id="o5157-l37710">
         <w xml:id="o5157-696060"
            n="313-a-1730"
            ecep:lem="by"
            ecep:pos="p-acp"
            ecep:reg="By"
            ecep:spe="By"
            ecep:syllab="1"
            ecep:pron="baɪ">By</w>
         <c> </c>
         <w xml:id="o5157-696070"
            n="313-a-1740"
            ecep:lem="future"
            ecep:pos="j-jn"
            ecep:reg="future"
            ecep:spe="future"
            ecep:syllab="2"
            ecep:pron="ˈfjuːtʃə">future</w>
         <c> </c>
         <w xml:id="o5157-696080"
            n="313-a-1750"
            ecep:lem="poet"
            ecep:pos="n2"
            ecep:reg="poets"
            ecep:spe="poets"
            ecep:syllab="2"
            ecep:pron="ˈpəʊɪts">poets</w>
         <c> </c>
         <w xml:id="o5157-696090"
            n="313-a-1760"
            ecep:lem="shall"
            ecep:pos="vmb"
            ecep:reg="shall"
            ecep:spe="shall"
            ecep:syllab="1"
            ecep:pron="ʃæl">shall</w>
         <c> </c>
         <w xml:id="o5157-696100"
            n="313-a-1770"
            ecep:lem="be"
            ecep:pos="vbi"
            ecep:reg="be"
            ecep:spe="be"
            ecep:syllab="1"
            ecep:pron="biː">be</w>
         <c> </c>
         <w xml:id="o5157-696110"
            n="313-a-1780"
            ecep:lem="sing"
            ecep:pos="vvn"
            ecep:reg="sung"
            ecep:spe="sung"
            ecep:syllab="1"
            ecep:pron="sʌŋ">sung</w>
         <pc xml:id="o5157-696120"
             n="313-a-1790"
             unit="sentence"
             ecep:lem="."
             ecep:pos="."
             ecep:reg="."
             ecep:spe=".">.</pc>
      </l>
   </lg>
   <pb facs="o5157/0317_L" n="312" rend="none"/>
   <lg xml:id="o5157-s03570">
      <l xml:id="o5157-l37715">
         <w xml:id="o5157-696150"
            n="314-a-0010"
            ecep:lem="westward"
            ecep:pos="av"
            ecep:reg="Westward"
            ecep:spe="Westward"
            ecep:syllab="2"
            ecep:pron="ˈwestwəd">Westward</w>
         <c> </c>
         <w xml:id="o5157-696160"
            n="314-a-0020"
            ecep:lem="the"
            ecep:pos="dt"
            ecep:reg="the"
            ecep:spe="the"
            ecep:syllab="1"
            ecep:pron="ðiː">the</w>
         <c> </c>
         <w xml:id="o5157-696170"
            n="314-a-0030"
            ecep:lem="course"
            ecep:pos="n1"
            ecep:reg="course"
            ecep:spe="course"
            ecep:syllab="1"
            ecep:pron="kɔːs">course</w>
         <c> </c>
         <w xml:id="o5157-696180"
            n="314-a-0040"
            ecep:lem="of"
            ecep:pos="pp-f"
            ecep:reg="of"
            ecep:spe="of"
            ecep:syllab="1"
            ecep:pron="ɒv">of</w>
         <c> </c>
         <w xml:id="o5157-696190"
            n="314-a-0050"
            ecep:lem="empire"
            ecep:pos="n1"
            ecep:reg="empire"
            ecep:spe="empire"
            ecep:syllab="1"
            ecep:pron="ˈempaɪə">empire</w>
         <c> </c>
         <w xml:id="o5157-696200"
            n="314-a-0060"
            ecep:lem="take"
            ecep:pos="vvz"
            ecep:reg="takes"
            ecep:spe="takes"
            ecep:syllab="1"
            ecep:pron="teɪks">takes</w>
         <c> </c>
         <w xml:id="o5157-696210"
            n="314-a-0070"
            ecep:lem="its"
            ecep:pos="po31"
            ecep:reg="its"
            ecep:spe="its"
            ecep:syllab="1"
            ecep:pron="ɪts">its</w>
         <c> </c>
         <w xml:id="o5157-696220"
            n="314-a-0080"
            ecep:lem="way"
            ecep:pos="n1"
            ecep:reg="way"
            ecep:spe="way"
            ecep:syllab="1"
            ecep:pron="weɪ">way</w>
         <pc xml:id="o5157-696230"
             n="314-a-0090"
             ecep:lem=";"
             ecep:pos=";"
             ecep:reg=";"
             ecep:spe=";">;</pc>
      </l>
      <l xml:id="o5157-l37720">
         <w xml:id="o5157-696240"
            n="314-a-0100"
            ecep:lem="the"
            ecep:pos="dt"
            ecep:reg="The"
            ecep:spe="The"
            ecep:syllab="1"
            ecep:pron="ðiː">The</w>
         <c> </c>
         <w xml:id="o5157-696250"
            n="314-a-0110"
            ecep:lem="four"
            ecep:pos="crd"
            ecep:reg="four"
            ecep:spe="four"
            ecep:syllab="1"
            ecep:pron="fɔː">four</w>
         <c> </c>
         <w xml:id="o5157-696260"
            n="314-a-0120"
            ecep:lem="first"
            ecep:pos="ord"
            ecep:reg="first"
            ecep:spe="first"
            ecep:syllab="1"
            ecep:pron="fɜːst">first</w>
         <c> </c>
         <w xml:id="o5157-696270"
            n="314-a-0130"
            ecep:lem="act"
            ecep:pos="n2"
            ecep:reg="acts"
            ecep:spe="acts"
            ecep:syllab="1"
            ecep:pron="ækts">acts</w>
         <c> </c>
         <w xml:id="o5157-696280"
            n="314-a-0140"
            ecep:lem="already"
            ecep:pos="av"
            ecep:reg="already"
            ecep:spe="already"
            ecep:syllab="3"
            ecep:pron="ɔːlˈredi">already</w>
         <c> </c>
         <w xml:id="o5157-696290"
            n="314-a-0150"
            ecep:lem="past"
            ecep:pos="j"
            ecep:reg="past"
            ecep:spe="past"
            ecep:syllab="1"
            ecep:pron="pɑːst">past</w>
         <pc xml:id="o5157-696300"
             n="314-a-0160"
             ecep:lem=","
             ecep:pos=","
             ecep:reg=","
             ecep:spe=",">,</pc>
      </l>
      <l xml:id="o5157-l37725">
         <w xml:id="o5157-696310"
            n="314-a-0170"
            ecep:lem="a"
            ecep:pos="dt"
            ecep:reg="A"
            ecep:spe="A"
            ecep:syllab="1"
            ecep:pron="ə">A</w>
         <c> </c>
         <w xml:id="o5157-696320"
            n="314-a-0180"
            ecep:lem="five"
            ecep:pos="ord"
            ecep:reg="fifth"
            ecep:spe="fifth"
            ecep:syllab="1"
            ecep:pron="fɪfθ">fifth</w>
         <c> </c>
         <w xml:id="o5157-696330"
            n="314-a-0190"
            ecep:lem="shall"
            ecep:pos="vmb"
            ecep:reg="shall"
            ecep:spe="shall"
            ecep:syllab="1"
            ecep:pron="ʃæl">shall</w>
         <c> </c>
         <w xml:id="o5157-696340"
            n="314-a-0200"
            ecep:lem="close"
            ecep:pos="vvi"
            ecep:reg="close"
            ecep:spe="close"
            ecep:syllab="1"
            ecep:pron="kləʊz">close</w>
         <c> </c>
         <w xml:id="o5157-696350"
            n="314-a-0210"
            ecep:lem="the"
            ecep:pos="dt"
            ecep:reg="the"
            ecep:spe="the"
            ecep:syllab="1"
            ecep:pron="ðiː">the</w>
         <c> </c>
         <w xml:id="o5157-696360"
            n="314-a-0220"
            ecep:lem="drama"
            ecep:pos="n1"
            ecep:reg="drama"
            ecep:spe="drama"
            ecep:syllab="2"
            ecep:pron="ˈdrɑːmə">drama</w>
         <c> </c>
         <w xml:id="o5157-696370"
            n="314-a-0230"
            ecep:lem="with"
            ecep:pos="p-acp"
            ecep:reg="with"
            ecep:spe="with"
            ecep:syllab="1"
            ecep:pron="wɪð">with</w>
         <c> </c>
         <w xml:id="o5157-696380"
            n="314-a-0240"
            ecep:lem="the"
            ecep:pos="dt"
            ecep:reg="the"
            ecep:spe="the"
            ecep:syllab="1"
            ecep:pron="ðiː">the</w>
         <c> </c>
         <w xml:id="o5157-696390"
            n="314-a-0250"
            ecep:lem="day"
            ecep:pos="n1"
            ecep:reg="day"
            ecep:spe="day"
            ecep:syllab="1"
            ecep:pron="deɪ">day</w>
         <pc xml:id="o5157-696400"
             n="314-a-0260"
             ecep:lem=";"
             ecep:pos=";"
             ecep:reg=";"
             ecep:spe=";">;</pc>
      </l>
      <l xml:id="o5157-l37730">
         <w xml:id="o5157-696410"
            n="314-a-0270"
            ecep:lem="time|be"
            ecep:pos="n1|vbz"
            ecep:reg="Time's"
            ecep:spe="Time's"
            ecep:syllab="1"
            ecep:pron="ˈtaɪmz">Time's</w>
         <c> </c>
         <w xml:id="o5157-696420"
            n="314-a-0280"
            ecep:lem="noble"
            ecep:pos="js"
            ecep:reg="noblest"
            ecep:spe="noblest"
            ecep:syllab="2"
            ecep:pron="ˈnəʊblɪst">noblest</w>
         <c> </c>
         <w xml:id="o5157-696430"
            n="314-a-0290"
            ecep:lem="offspring"
            ecep:pos="n1"
            ecep:reg="offspring"
            ecep:spe="offspring"
            ecep:syllab="2"
            ecep:pron="ˈɒfsprɪŋ">offspring</w>
         <c> </c>
         <w xml:id="o5157-696440"
            n="314-a-0300"
            ecep:lem="be"
            ecep:pos="vbz"
            ecep:reg="is"
            ecep:spe="is"
            ecep:syllab="1"
            ecep:pron="ɪz">is</w>
         <c> </c>
         <w xml:id="o5157-696450"
            n="314-a-0310"
            ecep:lem="the"
            ecep:pos="dt"
            ecep:reg="the"
            ecep:spe="the"
            ecep:syllab="1"
            ecep:pron="ðiː">the</w>
         <c> </c>
         <w xml:id="o5157-696460"
            n="314-a-0320"
            ecep:lem="last"
            ecep:pos="ord"
            ecep:reg="last"
            ecep:spe="last"
            ecep:syllab="1"
            ecep:pron="lɑːst">last</w>
         <pc xml:id="o5157-696470"
             n="314-a-0330"
             unit="sentence"
             ecep:lem="."
             ecep:pos="."
             ecep:reg="."
             ecep:spe=".">.</pc>
      </l>
   </lg>
</div>
