<?xml version="1.0" encoding="utf-8"?>
<!DOCTYPE div
  SYSTEM "about:legacy-compat">
<div xmlns:ecep="http://www.eighteenthcenturypoetry.org/ns"
     xmlns="http://www.tei-c.org/ns/1.0"
     xmlns:tei="http://www.tei-c.org/ns/1.0"
     ana="#iamb #trimeter #tetrameter #pentameter #hexameter #ode"
     corresp="#txt_RoweEl1674_w0004"
     decls="#semi-normalized"
     ecep:syllab=""
     met="irregular"
     rendition="#lgvspace"
     rhyme="irregular"
     subtype="eceptext"
     type="poem"
     xml:id="oar96-w0030">
   <link target="authors.xml#aut_RoweEl1674" type="author"/>
   <head type="main">
      <w xml:id="oar96-026490"
         n="15-b-0010"
         ecep:lem="to"
         ecep:pos="p-acp"
         ecep:reg="To"
         ecep:spe="To"
         ecep:syllab="1"
         ecep:pron="tuː">To</w>
      <c> </c>
      <name type="person">
         <w xml:id="oar96-026500"
            n="15-b-0020"
            ecep:lem="mr."
            ecep:pos="n1"
            ecep:reg="Mr."
            ecep:spe="Mr."
            ecep:syllab="2"
            ecep:pron="mɪstə">Mr.</w>
         <c> </c>
         <pc xml:id="oar96-026510"
             n="15-b-0030"
             ecep:lem="—"
             ecep:pos="—"
             ecep:reg="—"
             ecep:spe="—">—</pc>
         <c> </c>
         <pc xml:id="oar96-026520"
             n="15-b-0040"
             ecep:lem="—"
             ecep:pos="—"
             ecep:reg="—"
             ecep:spe="—">—</pc>
      </name>
      <c> </c>
      <w xml:id="oar96-026530"
         n="15-b-0050"
         ecep:lem="on"
         ecep:pos="p-acp"
         ecep:reg="on"
         ecep:spe="on"
         ecep:syllab="1"
         ecep:pron="ɒn">on</w>
      <c> </c>
      <w xml:id="oar96-026540"
         n="15-b-0060"
         ecep:lem="his"
         ecep:pos="po31"
         ecep:reg="his"
         ecep:spe="his"
         ecep:syllab="1"
         ecep:pron="hɪz">his</w>
      <c> </c>
      <w xml:id="oar96-026550"
         n="15-b-0070"
         ecep:lem="poem"
         ecep:pos="n1"
         ecep:reg="POEM"
         ecep:spe="POEM"
         ecep:syllab="2"
         ecep:pron="ˈpəʊɪm">POEM</w>
      <pc xml:id="oar96-026560"
          n="15-b-0080"
          unit="sentence"
          ecep:lem="."
          ecep:pos="."
          ecep:reg="."
          ecep:spe=".">.</pc>
   </head>
   <lg n="1" xml:id="oar96-s00070">
      <head>
         <w xml:id="oar96-026600"
            n="15-b-0090"
            ecep:lem="i"
            ecep:pos="pns11"
            ecep:reg="I"
            ecep:spe="I."
            ecep:syllab="1"
            ecep:pron="ˈaɪ">I.</w>
         <pc unit="sentence" xml:id="oar96-026600-eos" n="15-b-0100"/>
      </head>
      <l xml:id="oar96-l00500">
         <w xml:id="oar96-026620"
            n="15-b-0110"
            ecep:lem="some"
            ecep:pos="d"
            ecep:reg="SOme"
            ecep:spe="SOme"
            ecep:syllab="1"
            ecep:pron="sʌm">SOme</w>
         <c> </c>
         <w xml:id="oar96-026630"
            n="15-b-0120"
            ecep:lem="tuneful"
            ecep:pos="j"
            ecep:reg="Tuneful"
            ecep:spe="Tuneful"
            ecep:syllab="2"
            ecep:pron="ˈtjuːnfʊl">Tuneful</w>
         <c> </c>
         <w xml:id="oar96-026640"
            n="15-b-0130"
            ecep:lem="be"
            ecep:pos="vbg"
            ecep:reg="Being"
            ecep:spe="Being"
            ecep:syllab="2"
            ecep:pron="ˈbiːɪŋ">Being</w>
         <c> </c>
         <w xml:id="oar96-026650"
            n="15-b-0140"
            ecep:lem="now"
            ecep:pos="av"
            ecep:reg="now"
            ecep:spe="now"
            ecep:syllab="1"
            ecep:pron="naʊ">now</w>
         <c> </c>
         <w xml:id="oar96-026660"
            n="15-b-0150"
            ecep:lem="my"
            ecep:pos="po11"
            ecep:reg="my"
            ecep:spe="my"
            ecep:syllab="1"
            ecep:pron="maɪ">my</w>
         <c> </c>
         <w xml:id="oar96-026670"
            n="15-b-0160"
            ecep:lem="breast"
            ecep:pos="n1"
            ecep:reg="Breast"
            ecep:spe="Breast"
            ecep:syllab="1"
            ecep:pron="brest">Breast</w>
         <c> </c>
         <w xml:id="oar96-026680"
            n="15-b-0170"
            ecep:lem="inspire"
            ecep:pos="vvi"
            ecep:reg="inspire"
            ecep:spe="inspire"
            ecep:syllab="2"
            ecep:pron="ɪnˈspaɪə">inspire</w>
      </l>
      <l xml:id="oar96-l00505">
         <c> </c>
         <hi>
            <w xml:id="oar96-026690"
               n="15-b-0180"
               ecep:lem="with"
               ecep:pos="p-acp"
               ecep:reg="With"
               ecep:spe="With"
               ecep:syllab="1"
               ecep:pron="wɪð">With</w>
            <c> </c>
            <w xml:id="oar96-026700"
               n="15-b-0190"
               ecep:lem="thought"
               ecep:pos="n2"
               ecep:reg="Thoughts"
               ecep:spe="Thoughts"
               ecep:syllab="1"
               ecep:pron="θɔːts">Thoughts</w>
            <c> </c>
            <w xml:id="oar96-026710"
               n="15-b-0200"
               ecep:lem="as"
               ecep:pos="c-acp"
               ecep:reg="as"
               ecep:spe="as"
               ecep:syllab="1"
               ecep:pron="æz">as</w>
         </hi>
         <c> </c>
         <w xml:id="oar96-026720"
            n="15-b-0210"
            ecep:lem="gay"
            ecep:pos="j"
            ecep:reg="Gay"
            ecep:spe="Gay"
            ecep:syllab="1"
            ecep:pron="geɪ">Gay</w>
         <c> </c>
         <w xml:id="oar96-026730"
            n="15-b-0220"
            ecep:lem="and"
            ecep:pos="cc"
            ecep:reg="and"
            ecep:spe="and"
            ecep:syllab="1"
            ecep:pron="ænd">and</w>
         <c> </c>
         <w xml:id="oar96-026740"
            n="15-b-0230"
            ecep:lem="noble"
            ecep:pos="j"
            ecep:reg="Noble"
            ecep:spe="Noble"
            ecep:syllab="2"
            ecep:pron="ˈnəʊbl">Noble</w>
         <c> </c>
         <w xml:id="oar96-026750"
            n="15-b-0240"
            ecep:lem="as"
            ecep:pos="c-acp"
            ecep:reg="as"
            ecep:spe="as"
            ecep:syllab="1"
            ecep:pron="æz">as</w>
         <c> </c>
         <w xml:id="oar96-026760"
            n="15-b-0250"
            ecep:lem="celestial"
            ecep:pos="j"
            ecep:reg="Celestial"
            ecep:spe="Celestial"
            ecep:syllab="3"
            ecep:pron="sɪˈlestɪəl">Celestial</w>
         <c> </c>
         <w xml:id="oar96-026770"
            n="15-b-0260"
            ecep:lem="fire"
            ecep:pos="n1"
            ecep:reg="Fire"
            ecep:spe="Fire"
            ecep:syllab="2"
            ecep:pron="faɪə">Fire</w>
         <pc xml:id="oar96-026780"
             n="15-b-0270"
             ecep:lem=";"
             ecep:pos=";"
             ecep:reg=";"
             ecep:spe=";">;</pc>
      </l>
      <l xml:id="oar96-l00510">
         <c> </c>
         <w xml:id="oar96-026790"
            n="15-b-0280"
            ecep:lem="for"
            ecep:pos="p-acp"
            ecep:reg="For"
            ecep:spe="For"
            ecep:syllab="1"
            ecep:pron="fɔː">For</w>
         <c> </c>
         <hi>
            <w xml:id="oar96-026800"
               n="15-b-0290"
               ecep:lem="Clitus"
               ecep:pos="np1"
               ecep:reg="Clitus"
               ecep:spe="Clitus"
               ecep:syllab="2"
               ecep:pron="klˈɪtəs">Clitus</w>
         </hi>
         <c> </c>
         <w xml:id="oar96-026810"
            n="15-b-0300"
            ecep:lem="be"
            ecep:pos="vbz"
            ecep:reg="is"
            ecep:spe="is"
            ecep:syllab="1"
            ecep:pron="ɪz">is</w>
         <c> </c>
         <w xml:id="oar96-026820"
            n="15-b-0310"
            ecep:lem="my"
            ecep:pos="po11"
            ecep:reg="my"
            ecep:spe="my"
            ecep:syllab="1"
            ecep:pron="maɪ">my</w>
         <c> </c>
         <w xml:id="oar96-026830"
            n="15-b-0320"
            ecep:lem="theam"
            ecep:pos="fw-la"
            ecep:reg="Theam"
            ecep:spe="Theam"
            ecep:syllab="1"
            ecep:pron="θˈiːm">Theam</w>
         <pc xml:id="oar96-026840"
             n="15-b-0330"
             ecep:lem=";"
             ecep:pos=";"
             ecep:reg=";"
             ecep:spe=";">;</pc>
      </l>
      <l xml:id="oar96-l00515">
         <c> </c>
         <w xml:id="oar96-026850"
            n="15-b-0340"
            ecep:lem="but"
            ecep:pos="cc-acp"
            ecep:reg="But"
            ecep:spe="But"
            ecep:syllab="1"
            ecep:pron="bʌt">But</w>
         <c> </c>
         <w xml:id="oar96-026860"
            n="15-b-0350"
            ecep:lem="ah"
            ecep:pos="uh"
            ecep:reg="ah"
            ecep:spe="ah"
            ecep:syllab="1"
            ecep:pron="ɑː">ah</w>
         <c> </c>
         <w xml:id="oar96-026870"
            n="15-b-0360"
            ecep:lem="in"
            ecep:pos="p-acp"
            ecep:reg="in"
            ecep:spe="in"
            ecep:syllab="1"
            ecep:pron="ɪn">in</w>
         <c> </c>
         <w xml:id="oar96-026880"
            n="15-b-0370"
            ecep:lem="vain"
            ecep:pos="j"
            ecep:reg="vain"
            ecep:spe="vain"
            ecep:syllab="1"
            ecep:pron="veɪn">vain</w>
         <c> </c>
         <w xml:id="oar96-026890"
            n="15-b-0380"
            ecep:lem="bear"
            ecep:pos="vvn"
            ecep:reg="born"
            ecep:spe="born"
            ecep:syllab="1"
            ecep:pron="bɔːn">born</w>
         <c> </c>
         <w xml:id="oar96-026900"
            n="15-b-0390"
            ecep:lem="on"
            ecep:pos="p-acp"
            ecep:reg="on"
            ecep:spe="on"
            ecep:syllab="1"
            ecep:pron="ɒn">on</w>
         <c> </c>
         <hi>
            <w xml:id="oar96-026910"
               n="15-b-0400"
               ecep:lem="pindaric"
               ecep:pos="jp"
               ecep:reg="Pindaric"
               ecep:spe="Pindarick"
               ecep:syllab="3"
               ecep:pron="pɪndærɪk">Pindarick</w>
         </hi>
         <c> </c>
         <w xml:id="oar96-026920"
            n="15-b-0410"
            ecep:lem="wing"
            ecep:pos="n2"
            ecep:reg="Wings"
            ecep:spe="Wings"
            ecep:syllab="1"
            ecep:pron="ˈwɪŋz">Wings</w>
         <pc xml:id="oar96-026930"
             n="15-b-0420"
             ecep:lem=","
             ecep:pos=","
             ecep:reg=","
             ecep:spe=",">,</pc>
      </l>
      <l xml:id="oar96-l00520">
         <c> </c>
         <w xml:id="oar96-026940"
            n="15-b-0430"
            ecep:lem="my"
            ecep:pos="po11"
            ecep:reg="My"
            ecep:spe="My"
            ecep:syllab="1"
            ecep:pron="maɪ">My</w>
         <c> </c>
         <w xml:id="oar96-026950"
            n="15-b-0440"
            ecep:lem="venturous"
            ecep:pos="j"
            ecep:reg="venturous"
            ecep:spe="ventrous"
            ecep:syllab="2"
            ecep:pron="ˈventrəs">ventrous</w>
         <c> </c>
         <w xml:id="oar96-026960"
            n="15-b-0450"
            ecep:lem="muse"
            ecep:pos="n1"
            ecep:reg="Muse"
            ecep:spe="Muse"
            ecep:syllab="1"
            ecep:pron="mjuːz">Muse</w>
      </l>
      <l xml:id="oar96-l00525">
         <c> </c>
         <w xml:id="oar96-026970"
            n="15-b-0460"
            ecep:lem="the"
            ecep:pos="dt"
            ecep:reg="The"
            ecep:spe="The"
            ecep:syllab="1"
            ecep:pron="ðə">The</w>
         <c> </c>
         <w xml:id="oar96-026980"
            n="15-b-0470"
            ecep:lem="mighty"
            ecep:pos="j"
            ecep:reg="mighty"
            ecep:spe="mighty"
            ecep:syllab="2"
            ecep:pron="ˈmaɪtɪ">mighty</w>
         <c> </c>
         <w xml:id="oar96-026990"
            n="15-b-0480"
            ecep:lem="aim"
            ecep:pos="n1"
            ecep:reg="Aim"
            ecep:spe="Aim"
            ecep:syllab="1"
            ecep:pron="eɪm">Aim</w>
         <c> </c>
         <w xml:id="oar96-027000"
            n="15-b-0490"
            ecep:lem="pursue"
            ecep:pos="vvz"
            ecep:reg="pursues"
            ecep:spe="pursues"
            ecep:syllab="2"
            ecep:pron="pəˈsjuːz">pursues</w>
         <pc xml:id="oar96-027010"
             n="15-b-0500"
             ecep:lem=";"
             ecep:pos=";"
             ecep:reg=";"
             ecep:spe=";">;</pc>
      </l>
      <l xml:id="oar96-l00530">
         <c> </c>
         <w xml:id="oar96-027020"
            n="15-b-0510"
            ecep:lem="for"
            ecep:pos="c-acp"
            ecep:reg="For"
            ecep:spe="For"
            ecep:syllab="1"
            ecep:pron="fɔː">For</w>
         <c> </c>
         <w xml:id="oar96-027030"
            n="15-b-0520"
            ecep:lem="to"
            ecep:pos="p-acp"
            ecep:reg="to"
            ecep:spe="to"
            ecep:syllab="1"
            ecep:pron="tuː">to</w>
         <c> </c>
         <w xml:id="oar96-027040"
            n="15-b-0530"
            ecep:lem="his"
            ecep:pos="po31"
            ecep:reg="his"
            ecep:spe="his"
            ecep:syllab="1"
            ecep:pron="hɪz">his</w>
         <c> </c>
         <w xml:id="oar96-027050"
            n="15-b-0540"
            ecep:lem="native"
            ecep:pos="j-jn"
            ecep:reg="Native"
            ecep:spe="Native"
            ecep:syllab="2"
            ecep:pron="ˈneɪtɪv">Native</w>
         <c> </c>
         <w xml:id="oar96-027060"
            n="15-b-0550"
            ecep:lem="sky"
            ecep:pos="n2"
            ecep:reg="Skies"
            ecep:spe="Skies"
            ecep:syllab="1"
            ecep:pron="skaɪz">Skies</w>
         <c> </c>
         <w xml:id="oar96-027070"
            n="15-b-0560"
            ecep:lem="still"
            ecep:pos="av"
            ecep:reg="still"
            ecep:spe="still"
            ecep:syllab="1"
            ecep:pron="stɪl">still</w>
         <c> </c>
         <hi>
            <w xml:id="oar96-027080"
               n="15-b-0570"
               ecep:lem="Clitus"
               ecep:pos="np1"
               ecep:reg="Clitus"
               ecep:spe="Clitus"
               ecep:syllab="2"
               ecep:pron="klˈɪtəs">Clitus</w>
         </hi>
         <c> </c>
         <w xml:id="oar96-027090"
            n="15-b-0580"
            ecep:lem="mount"
            ecep:pos="vvz"
            ecep:reg="mounts"
            ecep:spe="mounts"
            ecep:syllab="1"
            ecep:pron="maʊnts">mounts</w>
         <c> </c>
         <w xml:id="oar96-027100"
            n="15-b-0590"
            ecep:lem="and"
            ecep:pos="cc"
            ecep:reg="and"
            ecep:spe="and"
            ecep:syllab="1"
            ecep:pron="ænd">and</w>
         <c> </c>
         <w xml:id="oar96-027110"
            n="15-b-0600"
            ecep:lem="sing"
            ecep:pos="vvz"
            ecep:reg="Sings"
            ecep:spe="Sings"
            ecep:syllab="1"
            ecep:pron="sɪŋz">Sings</w>
         <pc xml:id="oar96-027120"
             n="15-b-0610"
             ecep:lem=","
             ecep:pos=","
             ecep:reg=","
             ecep:spe=",">,</pc>
      </l>
      <l xml:id="oar96-l00535">
         <c> </c>
         <w xml:id="oar96-027130"
            n="15-b-0620"
            ecep:lem="and"
            ecep:pos="cc"
            ecep:reg="And"
            ecep:spe="And"
            ecep:syllab="1"
            ecep:pron="ænd">And</w>
         <c> </c>
         <w xml:id="oar96-027140"
            n="15-b-0630"
            ecep:lem="we"
            ecep:pos="pns12"
            ecep:reg="we"
            ecep:spe="we"
            ecep:syllab="1"
            ecep:pron="wiː">we</w>
         <c> </c>
         <w xml:id="oar96-027150"
            n="15-b-0640"
            ecep:lem="be"
            ecep:pos="vbr"
            ecep:reg="are"
            ecep:spe="are"
            ecep:syllab="1"
            ecep:pron="ɑː">are</w>
         <c> </c>
         <w xml:id="oar96-027160"
            n="15-b-0650"
            ecep:lem="distant"
            ecep:pos="j"
            ecep:reg="distant"
            ecep:spe="distant"
            ecep:syllab="2"
            ecep:pron="ˈdɪstənt">distant</w>
         <c> </c>
         <w xml:id="oar96-027170"
            n="15-b-0660"
            ecep:lem="still"
            ecep:pos="av"
            ecep:reg="still"
            ecep:spe="still"
            ecep:syllab="1"
            ecep:pron="stɪl">still</w>
         <c> </c>
         <w xml:id="oar96-027180"
            n="15-b-0670"
            ecep:lem="to"
            ecep:pos="p-acp"
            ecep:reg="to"
            ecep:spe="to"
            ecep:syllab="1"
            ecep:pron="tuː">to</w>
         <c> </c>
         <w xml:id="oar96-027190"
            n="15-b-0680"
            ecep:lem="a"
            ecep:pos="dt"
            ecep:reg="an"
            ecep:spe="an"
            ecep:syllab="1"
            ecep:pron="æn">an</w>
         <c> </c>
         <w xml:id="oar96-027200"
            n="15-b-0690"
            ecep:lem="extreme"
            ecep:pos="j-jn"
            ecep:reg="extreme"
            ecep:spe="extream"
            ecep:syllab="2"
            ecep:pron="ekstrˈiːm">extream</w>
         <pc xml:id="oar96-027210"
             n="15-b-0700"
             unit="sentence"
             ecep:lem="."
             ecep:pos="."
             ecep:reg="."
             ecep:spe=".">.</pc>
         <c> </c>
      </l>
   </lg>
   <pb facs="16" n="" rend="none"/>
   <lg n="2" xml:id="oar96-s00075">
      <head>
         <w xml:id="oar96-027250"
            n="16-a-0010"
            ecep:lem="ii"
            ecep:pos="crd"
            ecep:reg="II"
            ecep:spe="II"
            ecep:syllab="1"
            ecep:pron="rˌəʊməntˈuː">II</w>
         <pc xml:id="oar96-027260"
             n="16-a-0020"
             unit="sentence"
             ecep:lem="."
             ecep:pos="."
             ecep:reg="."
             ecep:spe=".">.</pc>
      </head>
      <l xml:id="oar96-l00540">
         <w xml:id="oar96-027280"
            n="16-a-0030"
            ecep:lem="behold"
            ecep:pos="vvb"
            ecep:reg="Behold"
            ecep:spe="Behold"
            ecep:syllab="2"
            ecep:pron="bɪˈhəʊld">Behold</w>
         <c> </c>
         <w xml:id="oar96-027290"
            n="16-a-0040"
            ecep:lem="the"
            ecep:pos="dt"
            ecep:reg="the"
            ecep:spe="the"
            ecep:syllab="1"
            ecep:pron="ðə">the</w>
         <c> </c>
         <hi>
            <w xml:id="oar96-027300"
               n="16-a-0050"
               ecep:lem="heavenly"
               ecep:pos="j"
               ecep:reg="Heavenly"
               ecep:spe="Heavenly"
               ecep:syllab="3"
               ecep:pron="ˈhevnlɪ">Heavenly</w>
            <c> </c>
            <w xml:id="oar96-027310"
               n="16-a-0060"
               ecep:lem="charmer"
               ecep:pos="n1"
               ecep:reg="Charmer"
               ecep:spe="Charmer"
               ecep:syllab="2"
               ecep:pron="ˈtʃɑːmə">Charmer</w>
            <pc xml:id="oar96-027320"
                n="16-a-0070"
                ecep:lem=","
                ecep:pos=","
                ecep:reg=","
                ecep:spe=",">,</pc>
         </hi>
         <c> </c>
         <w xml:id="oar96-027330"
            n="16-a-0080"
            ecep:lem="how"
            ecep:pos="c-crq"
            ecep:reg="how"
            ecep:spe="how"
            ecep:syllab="1"
            ecep:pron="haʊ">how</w>
         <c> </c>
         <w xml:id="oar96-027340"
            n="16-a-0090"
            ecep:lem="he"
            ecep:pos="pns31"
            ecep:reg="he"
            ecep:spe="he"
            ecep:syllab="1"
            ecep:pron="hiː">he</w>
         <c> </c>
         <w xml:id="oar96-027350"
            n="16-a-0100"
            ecep:lem="keep"
            ecep:pos="vvz"
            ecep:reg="keeps"
            ecep:spe="keeps"
            ecep:syllab="1"
            ecep:pron="kiːps">keeps</w>
         <c> </c>
         <w xml:id="oar96-027360"
            n="16-a-0110"
            ecep:lem="aloft"
            ecep:pos="av"
            ecep:reg="aloft"
            ecep:spe="aloft"
            ecep:syllab="2"
            ecep:pron="əˈlɒft">aloft</w>
         <pc xml:id="oar96-027370"
             n="16-a-0120"
             ecep:lem=";"
             ecep:pos=";"
             ecep:reg=";"
             ecep:spe=";">;</pc>
      </l>
      <l xml:id="oar96-l00545">
         <c> </c>
         <w xml:id="oar96-027380"
            n="16-a-0130"
            ecep:lem="while"
            ecep:pos="cs"
            ecep:reg="While"
            ecep:spe="While"
            ecep:syllab="1"
            ecep:pron="waɪl">While</w>
         <c> </c>
         <w xml:id="oar96-027390"
            n="16-a-0140"
            ecep:lem="angel"
            ecep:pos="n2"
            ecep:reg="Angels"
            ecep:spe="Angels"
            ecep:syllab="2"
            ecep:pron="ˈeɪndʒlz">Angels</w>
         <c> </c>
         <w xml:id="oar96-027400"
            n="16-a-0150"
            ecep:lem="crowd"
            ecep:pos="n1"
            ecep:reg="Crowd"
            ecep:spe="Crowd"
            ecep:syllab="1"
            ecep:pron="kraʊd">Crowd</w>
         <pc xml:id="oar96-027410"
             n="16-a-0160"
             ecep:lem=","
             ecep:pos=","
             ecep:reg=","
             ecep:spe=",">,</pc>
         <c> </c>
         <w xml:id="oar96-027420"
            n="16-a-0170"
            ecep:lem="and"
            ecep:pos="cc"
            ecep:reg="and"
            ecep:spe="and"
            ecep:syllab="1"
            ecep:pron="ænd">and</w>
         <c> </c>
         <w xml:id="oar96-027430"
            n="16-a-0180"
            ecep:lem="listen"
            ecep:pos="vvb"
            ecep:reg="Listen"
            ecep:spe="Listen"
            ecep:syllab="2"
            ecep:pron="ˈlɪsn">Listen</w>
         <c> </c>
         <w xml:id="oar96-027440"
            n="16-a-0190"
            ecep:lem="to"
            ecep:pos="p-acp"
            ecep:reg="to"
            ecep:spe="to"
            ecep:syllab="1"
            ecep:pron="tuː">to</w>
         <c> </c>
         <w xml:id="oar96-027450"
            n="16-a-0200"
            ecep:lem="his"
            ecep:pos="po31"
            ecep:reg="his"
            ecep:spe="his"
            ecep:syllab="1"
            ecep:pron="hɪz">his</w>
         <c> </c>
         <w xml:id="oar96-027460"
            n="16-a-0210"
            ecep:lem="song"
            ecep:pos="n1"
            ecep:reg="Song"
            ecep:spe="Song"
            ecep:syllab="1"
            ecep:pron="sɒŋ">Song</w>
         <pc xml:id="oar96-027470"
             n="16-a-0220"
             ecep:lem=";"
             ecep:pos=";"
             ecep:reg=";"
             ecep:spe=";">;</pc>
      </l>
      <l xml:id="oar96-l00550">
         <c> </c>
         <w xml:id="oar96-027480"
            n="16-a-0230"
            ecep:lem="and"
            ecep:pos="cc"
            ecep:reg="And"
            ecep:spe="And"
            ecep:syllab="1"
            ecep:pron="ænd">And</w>
         <c> </c>
         <w xml:id="oar96-027490"
            n="16-a-0240"
            ecep:lem="not"
            ecep:pos="xx"
            ecep:reg="not"
            ecep:spe="not"
            ecep:syllab="1"
            ecep:pron="nɒt">not</w>
         <c> </c>
         <w xml:id="oar96-027500"
            n="16-a-0250"
            ecep:lem="a"
            ecep:pos="dt"
            ecep:reg="an"
            ecep:spe="an"
            ecep:syllab="1"
            ecep:pron="æn">an</w>
         <c> </c>
         <hi>
            <w xml:id="oar96-027510"
               n="16-a-0260"
               ecep:lem="angel-critick"
               ecep:pos="n1"
               ecep:reg="Angel-Critick"
               ecep:spe="Angel-Critick"
               ecep:syllab="4"
               ecep:pron="ˈeɪndʒəlˌˈkrɪtɪk">Angel-Critick</w>
         </hi>
         <c> </c>
         <w xml:id="oar96-027520"
            n="16-a-0270"
            ecep:lem="in"
            ecep:pos="p-acp"
            ecep:reg="in"
            ecep:spe="in"
            ecep:syllab="1"
            ecep:pron="ɪn">in</w>
         <c> </c>
         <w xml:id="oar96-027530"
            n="16-a-0280"
            ecep:lem="the"
            ecep:pos="dt"
            ecep:reg="the"
            ecep:spe="the"
            ecep:syllab="1"
            ecep:pron="ðə">the</w>
         <c> </c>
         <w xml:id="oar96-027540"
            n="16-a-0290"
            ecep:lem="throng"
            ecep:pos="n1"
            ecep:reg="throng"
            ecep:spe="throng"
            ecep:syllab="1"
            ecep:pron="θrɒŋ">throng</w>
      </l>
      <l xml:id="oar96-l00555">
         <c> </c>
         <w xml:id="oar96-027550"
            n="16-a-0300"
            ecep:lem="that"
            ecep:pos="cst"
            ecep:reg="That"
            ecep:spe="That"
            ecep:syllab="1"
            ecep:pron="ðæt">That</w>
         <c> </c>
         <w xml:id="oar96-027560"
            n="16-a-0310"
            ecep:lem="dare"
            ecep:pos="vvd"
            ecep:reg="durst"
            ecep:spe="durst"
            ecep:syllab="1"
            ecep:pron="dɜːst">durst</w>
         <c> </c>
         <w xml:id="oar96-027570"
            n="16-a-0320"
            ecep:lem="correct"
            ecep:pos="vvi"
            ecep:reg="correct"
            ecep:spe="correct"
            ecep:syllab="2"
            ecep:pron="kəˈrekt">correct</w>
         <c> </c>
         <w xml:id="oar96-027580"
            n="16-a-0330"
            ecep:lem="a"
            ecep:pos="dt"
            ecep:reg="a"
            ecep:spe="a"
            ecep:syllab="1"
            ecep:pron="ə">a</w>
         <c> </c>
         <w xml:id="oar96-027590"
            n="16-a-0340"
            ecep:lem="thought"
            ecep:pos="n1"
            ecep:reg="Thought"
            ecep:spe="Thought"
            ecep:syllab="1"
            ecep:pron="θɔːt">Thought</w>
         <pc xml:id="oar96-027600"
             n="16-a-0350"
             unit="sentence"
             ecep:lem="."
             ecep:pos="."
             ecep:reg="."
             ecep:spe=".">.</pc>
         <c> </c>
      </l>
      <l xml:id="oar96-l00560">
         <w xml:id="oar96-027610"
            n="16-a-0360"
            ecep:lem="so"
            ecep:pos="av"
            ecep:reg="So"
            ecep:spe="So"
            ecep:syllab="1"
            ecep:pron="səʊ">So</w>
         <c> </c>
         <w xml:id="oar96-027620"
            n="16-a-0370"
            ecep:lem="noble"
            ecep:pos="av-j"
            ecep:reg="Nobly"
            ecep:spe="Nobly"
            ecep:syllab="2"
            ecep:pron="ˈnəʊblɪ">Nobly</w>
         <c> </c>
         <w xml:id="oar96-027630"
            n="16-a-0380"
            ecep:lem="be"
            ecep:pos="vbb"
            ecep:reg="are"
            ecep:spe="are"
            ecep:syllab="1"
            ecep:pron="ɑː">are</w>
         <c> </c>
         <w xml:id="oar96-027640"
            n="16-a-0390"
            ecep:lem="they"
            ecep:pos="pns32"
            ecep:reg="they"
            ecep:spe="they"
            ecep:syllab="1"
            ecep:pron="ðeɪ">they</w>
         <c> </c>
         <w xml:id="oar96-027650"
            n="16-a-0400"
            ecep:lem="dress"
            ecep:pos="vvn"
            ecep:reg="Dressed"
            ecep:spe="Drest"
            ecep:syllab="1"
            ecep:pron="drest">Drest</w>
         <pc xml:id="oar96-027660"
             n="16-a-0410"
             ecep:lem=","
             ecep:pos=","
             ecep:reg=","
             ecep:spe=",">,</pc>
      </l>
      <l xml:id="oar96-l00565">
         <c> </c>
         <w xml:id="oar96-027670"
            n="16-a-0420"
            ecep:lem="and"
            ecep:pos="cc"
            ecep:reg="And"
            ecep:spe="And"
            ecep:syllab="1"
            ecep:pron="ænd">And</w>
         <c> </c>
         <w xml:id="oar96-027680"
            n="16-a-0430"
            ecep:lem="graceful"
            ecep:pos="av-j"
            ecep:reg="Gracefully"
            ecep:spe="Gracefully"
            ecep:syllab="3"
            ecep:pron="ˈgreɪsfʊlɪ">Gracefully</w>
         <c> </c>
         <w xml:id="oar96-027690"
            n="16-a-0440"
            ecep:lem="express"
            ecep:pos="vvn"
            ecep:reg="expressed"
            ecep:spe="exprest"
            ecep:syllab="2"
            ecep:pron="ɪkˈsprest">exprest</w>
         <pc xml:id="oar96-027700"
             n="16-a-0450"
             ecep:lem=";"
             ecep:pos=";"
             ecep:reg=";"
             ecep:spe=";">;</pc>
      </l>
      <l xml:id="oar96-l00570">
         <c> </c>
         <w xml:id="oar96-027710"
            n="16-a-0460"
            ecep:lem="so"
            ecep:pos="av"
            ecep:reg="So"
            ecep:spe="So"
            ecep:syllab="1"
            ecep:pron="səʊ">So</w>
         <c> </c>
         <w xml:id="oar96-027720"
            n="16-a-0470"
            ecep:lem="smooth"
            ecep:pos="av-j"
            ecep:reg="smoothly"
            ecep:spe="smoothly"
            ecep:syllab="2"
            ecep:pron="ˈsmuːðlɪ">smoothly</w>
         <c> </c>
         <w xml:id="oar96-027730"
            n="16-a-0480"
            ecep:lem="glide"
            ecep:pos="vvi"
            ecep:reg="glide"
            ecep:spe="glide"
            ecep:syllab="1"
            ecep:pron="glaɪd">glide</w>
         <c> </c>
         <w xml:id="oar96-027740"
            n="16-a-0490"
            ecep:lem="the"
            ecep:pos="dt"
            ecep:reg="the"
            ecep:spe="the"
            ecep:syllab="1"
            ecep:pron="ðə">the</w>
         <c> </c>
         <w xml:id="oar96-027750"
            n="16-a-0500"
            ecep:lem="number"
            ecep:pos="n2"
            ecep:reg="Numbers"
            ecep:spe="Numbers"
            ecep:syllab="2"
            ecep:pron="ˈnʌmbəs">Numbers</w>
         <c> </c>
         <w xml:id="oar96-027760"
            n="16-a-0510"
            ecep:lem="from"
            ecep:pos="p-acp"
            ecep:reg="from"
            ecep:spe="from"
            ecep:syllab="1"
            ecep:pron="frɒm">from</w>
         <c> </c>
         <w xml:id="oar96-027770"
            n="16-a-0520"
            ecep:lem="his"
            ecep:pos="po31"
            ecep:reg="his"
            ecep:spe="his"
            ecep:syllab="1"
            ecep:pron="hɪz">his</w>
         <c> </c>
         <w xml:id="oar96-027780"
            n="16-a-0530"
            ecep:lem="tongue"
            ecep:pos="n1"
            ecep:reg="Tongue"
            ecep:spe="Tongue"
            ecep:syllab="1"
            ecep:pron="tʌŋ">Tongue</w>
         <pc xml:id="oar96-027790"
             n="16-a-0540"
             ecep:lem=";"
             ecep:pos=";"
             ecep:reg=";"
             ecep:spe=";">;</pc>
      </l>
      <l xml:id="oar96-l00575">
         <c> </c>
         <w xml:id="oar96-027800"
            n="16-a-0550"
            ecep:lem="so"
            ecep:pos="av"
            ecep:reg="So"
            ecep:spe="So"
            ecep:syllab="1"
            ecep:pron="səʊ">So</w>
         <c> </c>
         <w xml:id="oar96-027810"
            n="16-a-0560"
            ecep:lem="well"
            ecep:pos="av"
            ecep:reg="well"
            ecep:spe="well"
            ecep:syllab="1"
            ecep:pron="wel">well</w>
         <c> </c>
         <w xml:id="oar96-027820"
            n="16-a-0570"
            ecep:lem="his"
            ecep:pos="po31"
            ecep:reg="his"
            ecep:spe="his"
            ecep:syllab="1"
            ecep:pron="hɪz">his</w>
         <c> </c>
         <w xml:id="oar96-027830"
            n="16-a-0580"
            ecep:lem="touch"
            ecep:pos="n1"
            ecep:reg="Touch"
            ecep:spe="Touch"
            ecep:syllab="1"
            ecep:pron="tʌtʃ">Touch</w>
         <c> </c>
         <w xml:id="oar96-027840"
            n="16-a-0590"
            ecep:lem="the"
            ecep:pos="dt"
            ecep:reg="the"
            ecep:spe="the"
            ecep:syllab="1"
            ecep:pron="ðə">the</w>
         <c> </c>
         <w xml:id="oar96-027850"
            n="16-a-0600"
            ecep:lem="charm"
            ecep:pos="j-vvg"
            ecep:reg="Charming"
            ecep:spe="Charming"
            ecep:syllab="2"
            ecep:pron="ˈtʃɑːmɪŋ">Charming</w>
         <c> </c>
         <w xml:id="oar96-027860"
            n="16-a-0610"
            ecep:lem="string"
            ecep:pos="n2"
            ecep:reg="Strings"
            ecep:spe="Strings"
            ecep:syllab="1"
            ecep:pron="strɪŋz">Strings</w>
         <c> </c>
         <w xml:id="oar96-027870"
            n="16-a-0620"
            ecep:lem="obey"
            ecep:pos="vvi"
            ecep:reg="obey"
            ecep:spe="obey"
            ecep:syllab="2"
            ecep:pron="əˈbeɪ">obey</w>
         <pc xml:id="oar96-027880"
             n="16-a-0630"
             ecep:lem=","
             ecep:pos=","
             ecep:reg=","
             ecep:spe=",">,</pc>
      </l>
      <l xml:id="oar96-l00580">
         <c> </c>
         <w xml:id="oar96-027890"
            n="16-a-0640"
            ecep:lem="that"
            ecep:pos="cst"
            ecep:reg="That"
            ecep:spe="That"
            ecep:syllab="1"
            ecep:pron="ðæt">That</w>
         <c> </c>
         <w xml:id="oar96-027900"
            n="16-a-0650"
            ecep:lem="all"
            ecep:pos="d"
            ecep:reg="all"
            ecep:spe="all"
            ecep:syllab="1"
            ecep:pron="ɔːl">all</w>
         <c> </c>
         <w xml:id="oar96-027910"
            n="16-a-0660"
            ecep:lem="his"
            ecep:pos="po31"
            ecep:reg="his"
            ecep:spe="his"
            ecep:syllab="1"
            ecep:pron="hɪz">his</w>
         <c> </c>
         <hi>
            <w xml:id="oar96-027920"
               n="16-a-0670"
               ecep:lem="heavenly"
               ecep:pos="j"
               ecep:reg="Heavenly"
               ecep:spe="Heavenly"
               ecep:syllab="3"
               ecep:pron="ˈhevnlɪ">Heavenly</w>
            <c> </c>
            <w xml:id="oar96-027930"
               n="16-a-0680"
               ecep:lem="auditor"
               ecep:pos="n2"
               ecep:reg="Auditors"
               ecep:spe="Auditors"
               ecep:syllab="3"
               ecep:pron="ˈɔːdɪtəz">Auditors</w>
         </hi>
         <c> </c>
         <w xml:id="oar96-027940"
            n="16-a-0690"
            ecep:lem="admire"
            ecep:pos="vvb"
            ecep:reg="Admire"
            ecep:spe="Admire"
            ecep:syllab="2"
            ecep:pron="ədˈmaɪə">Admire</w>
         <pc xml:id="oar96-027950"
             n="16-a-0700"
             ecep:lem=","
             ecep:pos=","
             ecep:reg=","
             ecep:spe=",">,</pc>
      </l>
      <l xml:id="oar96-l00585">
         <c> </c>
         <w xml:id="oar96-027960"
            n="16-a-0710"
            ecep:lem="to"
            ecep:pos="pc-acp"
            ecep:reg="To"
            ecep:spe="To"
            ecep:syllab="1"
            ecep:pron="tuː">To</w>
         <c> </c>
         <w xml:id="oar96-027970"
            n="16-a-0720"
            ecep:lem="hear"
            ecep:pos="vvi"
            ecep:reg="hear"
            ecep:spe="hear"
            ecep:syllab="1"
            ecep:pron="hɪə">hear</w>
         <c> </c>
         <w xml:id="oar96-027980"
            n="16-a-0730"
            ecep:lem="he"
            ecep:pos="pno31"
            ecep:reg="him"
            ecep:spe="him"
            ecep:syllab="1"
            ecep:pron="hɪm">him</w>
         <c> </c>
         <w xml:id="oar96-027990"
            n="16-a-0740"
            ecep:lem="wield"
            ecep:pos="vvi"
            ecep:reg="wield"
            ecep:spe="weild"
            ecep:syllab="1"
            ecep:pron="wˈaɪld">weild</w>
         <c> </c>
         <w xml:id="oar96-028000"
            n="16-a-0750"
            ecep:lem="a"
            ecep:pos="dt"
            ecep:reg="an"
            ecep:spe="an"
            ecep:syllab="1"
            ecep:pron="æn">an</w>
         <c> </c>
         <w xml:id="oar96-028010"
            n="16-a-0760"
            ecep:lem="equal"
            ecep:pos="j-jn"
            ecep:reg="equal"
            ecep:spe="equal"
            ecep:syllab="2"
            ecep:pron="ˈiːkwəl">equal</w>
         <c> </c>
         <w xml:id="oar96-028020"
            n="16-a-0770"
            ecep:lem="theam"
            ecep:pos="fw-la"
            ecep:reg="Theam"
            ecep:spe="Theam"
            ecep:syllab="1"
            ecep:pron="θˈiːm">Theam</w>
         <c> </c>
         <w xml:id="oar96-028030"
            n="16-a-0780"
            ecep:lem="with"
            ecep:pos="p-acp"
            ecep:reg="with"
            ecep:spe="with"
            ecep:syllab="1"
            ecep:pron="wɪð">with</w>
         <c> </c>
         <w xml:id="oar96-028040"
            n="16-a-0790"
            ecep:lem="as"
            ecep:pos="c-acp"
            ecep:reg="as"
            ecep:spe="as"
            ecep:syllab="1"
            ecep:pron="æz">as</w>
         <c> </c>
         <w xml:id="oar96-028050"
            n="16-a-0800"
            ecep:lem="much"
            ecep:pos="d"
            ecep:reg="much"
            ecep:spe="much"
            ecep:syllab="1"
            ecep:pron="mʌtʃ">much</w>
         <c> </c>
         <w xml:id="oar96-028060"
            n="16-a-0810"
            ecep:lem="skill"
            ecep:pos="n1"
            ecep:reg="skill"
            ecep:spe="skill"
            ecep:syllab="1"
            ecep:pron="skɪl">skill</w>
         <c> </c>
         <w xml:id="oar96-028070"
            n="16-a-0820"
            ecep:lem="as"
            ecep:pos="c-acp"
            ecep:reg="as"
            ecep:spe="as"
            ecep:syllab="1"
            ecep:pron="æz">as</w>
         <c> </c>
         <w xml:id="oar96-028080"
            n="16-a-0830"
            ecep:lem="they"
            ecep:pos="pns32"
            ecep:reg="they"
            ecep:spe="they"
            ecep:syllab="1"
            ecep:pron="ðeɪ">they</w>
         <pc xml:id="oar96-028090"
             n="16-a-0840"
             unit="sentence"
             ecep:lem="."
             ecep:pos="."
             ecep:reg="."
             ecep:spe=".">.</pc>
         <c> </c>
      </l>
      <l xml:id="oar96-l00590">
         <w xml:id="oar96-028100"
            n="16-a-0850"
            ecep:lem="his"
            ecep:pos="po31"
            ecep:reg="His"
            ecep:spe="His"
            ecep:syllab="1"
            ecep:pron="hɪz">His</w>
         <c> </c>
         <hi>
            <w xml:id="oar96-028110"
               n="16-a-0860"
               ecep:lem="voice"
               ecep:pos="n1"
               ecep:reg="Voice"
               ecep:spe="Voice"
               ecep:syllab="1"
               ecep:pron="vɔɪs">Voice</w>
            <c> </c>
            <w xml:id="oar96-028120"
               n="16-a-0870"
               ecep:lem="and"
               ecep:pos="cc"
               ecep:reg="and"
               ecep:spe="and"
               ecep:syllab="1"
               ecep:pron="ænd">and</w>
            <c> </c>
            <w xml:id="oar96-028130"
               n="16-a-0880"
               ecep:lem="theam"
               ecep:pos="fw-la"
               ecep:reg="Theam"
               ecep:spe="Theam"
               ecep:syllab="1"
               ecep:pron="θˈiːm">Theam</w>
         </hi>
         <c> </c>
         <w xml:id="oar96-028140"
            n="16-a-0890"
            ecep:lem="do"
            ecep:pos="vdd"
            ecep:reg="did"
            ecep:spe="did"
            ecep:syllab="1"
            ecep:pron="dɪd">did</w>
         <c> </c>
         <w xml:id="oar96-028150"
            n="16-a-0900"
            ecep:lem="even"
            ecep:pos="vvi"
            ecep:reg="even"
            ecep:spe="even"
            ecep:syllab="2"
            ecep:pron="ˈiːvn">even</w>
         <c> </c>
         <w xml:id="oar96-028160"
            n="16-a-0910"
            ecep:lem="their"
            ecep:pos="po32"
            ecep:reg="their"
            ecep:spe="their"
            ecep:syllab="1"
            ecep:pron="ðeə">their</w>
         <c> </c>
         <w xml:id="oar96-028170"
            n="16-a-0920"
            ecep:lem="harp"
            ecep:pos="n2"
            ecep:reg="Harps"
            ecep:spe="Harps"
            ecep:syllab="1"
            ecep:pron="hɑːps">Harps</w>
         <c> </c>
         <w xml:id="oar96-028180"
            n="16-a-0930"
            ecep:lem="inspire"
            ecep:pos="vvi"
            ecep:reg="inspire"
            ecep:spe="inspire"
            ecep:syllab="2"
            ecep:pron="ɪnˈspaɪə">inspire</w>
         <pc xml:id="oar96-028190"
             n="16-a-0940"
             ecep:lem=";"
             ecep:pos=";"
             ecep:reg=";"
             ecep:spe=";">;</pc>
      </l>
      <l xml:id="oar96-l00595">
         <c> </c>
         <w xml:id="oar96-028200"
            n="16-a-0950"
            ecep:lem="and"
            ecep:pos="cc"
            ecep:reg="And"
            ecep:spe="And"
            ecep:syllab="1"
            ecep:pron="ænd">And</w>
         <c> </c>
         <w xml:id="oar96-028210"
            n="16-a-0960"
            ecep:lem="the"
            ecep:pos="dt"
            ecep:reg="the"
            ecep:spe="the"
            ecep:syllab="1"
            ecep:pron="ðə">the</w>
         <c> </c>
         <w xml:id="oar96-028220"
            n="16-a-0970"
            ecep:lem="glad"
            ecep:pos="j"
            ecep:reg="Glad"
            ecep:spe="Glad"
            ecep:syllab="1"
            ecep:pron="glæd">Glad</w>
         <c> </c>
         <w xml:id="oar96-028230"
            n="16-a-0980"
            ecep:lem="anthem"
            ecep:pos="n1"
            ecep:reg="Anthem"
            ecep:spe="Anthem"
            ecep:syllab="2"
            ecep:pron="ˈænθəm">Anthem</w>
         <c> </c>
         <w xml:id="oar96-028240"
            n="16-a-0990"
            ecep:lem="they"
            ecep:pos="pns32"
            ecep:reg="they"
            ecep:spe="they"
            ecep:syllab="1"
            ecep:pron="ðeɪ">they</w>
         <c> </c>
         <w xml:id="oar96-028250"
            n="16-a-1000"
            ecep:lem="repeat"
            ecep:pos="vvb"
            ecep:reg="repeat"
            ecep:spe="repeat"
            ecep:syllab="2"
            ecep:pron="rɪˈpiːt">repeat</w>
         <c> </c>
         <w xml:id="oar96-028260"
            n="16-a-1010"
            ecep:lem="again"
            ecep:pos="av"
            ecep:reg="again"
            ecep:spe="agen"
            ecep:syllab="2"
            ecep:pron="ˈeɪdʒən">agen</w>
         <pc xml:id="oar96-028270"
             n="16-a-1020"
             ecep:lem=","
             ecep:pos=","
             ecep:reg=","
             ecep:spe=",">,</pc>
      </l>
      <l xml:id="oar96-l00600">
         <c> </c>
         <pc xml:id="oar96-028280"
             n="16-a-1030"
             ecep:lem="&#34;"
             ecep:pos="&#34;"
             ecep:reg="&#34;"
             ecep:spe="&#34;">"</pc>
         <w xml:id="oar96-028290"
            n="16-a-1040"
            ecep:lem="glory"
            ecep:pos="n1"
            ecep:reg="Glory"
            ecep:spe="Glory"
            ecep:syllab="2"
            ecep:pron="ˈglɔːrɪ">Glory</w>
         <c> </c>
         <w xml:id="oar96-028300"
            n="16-a-1050"
            ecep:lem="to"
            ecep:pos="p-acp"
            ecep:reg="to"
            ecep:spe="to"
            ecep:syllab="1"
            ecep:pron="tuː">to</w>
         <c> </c>
         <w xml:id="oar96-028310"
            n="16-a-1060"
            ecep:lem="god"
            ecep:pos="n1"
            ecep:reg="God"
            ecep:spe="God"
            ecep:syllab="1"
            ecep:pron="gɒd">God</w>
         <pc xml:id="oar96-028320"
             n="16-a-1070"
             ecep:lem=","
             ecep:pos=","
             ecep:reg=","
             ecep:spe=",">,</pc>
         <c> </c>
         <w xml:id="oar96-028330"
            n="16-a-1080"
            ecep:lem="peace"
            ecep:pos="n1"
            ecep:reg="Peace"
            ecep:spe="Peace"
            ecep:syllab="1"
            ecep:pron="piːs">Peace</w>
         <c> </c>
         <w xml:id="oar96-028340"
            n="16-a-1090"
            ecep:lem="and"
            ecep:pos="cc"
            ecep:reg="and"
            ecep:spe="and"
            ecep:syllab="1"
            ecep:pron="ænd">and</w>
         <c> </c>
         <w xml:id="oar96-028350"
            n="16-a-1100"
            ecep:lem="goodwill"
            ecep:pos="j"
            ecep:reg="Goodwill"
            ecep:spe="Good-will"
            ecep:syllab="2"
            ecep:pron="gʊdˈwɪl">Good-will</w>
         <c> </c>
         <w xml:id="oar96-028360"
            n="16-a-1110"
            ecep:lem="to"
            ecep:pos="p-acp"
            ecep:reg="to"
            ecep:spe="to"
            ecep:syllab="1"
            ecep:pron="tuː">to</w>
         <c> </c>
         <w xml:id="oar96-028370"
            n="16-a-1120"
            ecep:lem="man"
            ecep:pos="n2"
            ecep:reg="Men"
            ecep:spe="Men"
            ecep:syllab="1"
            ecep:pron="men">Men</w>
         <pc xml:id="oar96-028380"
             n="16-a-1130"
             unit="sentence"
             ecep:lem="."
             ecep:pos="."
             ecep:reg="."
             ecep:spe=".">.</pc>
         <c> </c>
      </l>
   </lg>
</div>
