<?xml version="1.0" encoding="UTF-8"?>
<?xml-model href="../tei_all.rnc" type="application/relax-ng-compact-syntax"?>
<TEI xmlns="http://www.tei-c.org/ns/1.0">
   <teiHeader>
      <fileDesc>
         <titleStmt>
            <title corresp="#txt_BrooFr1724_w0003">ODE TO FRIENDSHIP.</title>
            <author corresp="authors.xml#aut_BrooFr1724">Frances Brooke (née Moore)</author>
            <respStmt>
               <name xml:id="AH">Alexander Huber</name>
               <resp>Editor</resp>
            </respStmt>
            <funder>
               <name type="institution" xml:id="BOD">Bodleian Libraries, University of Oxford</name>
               <address>
                  <addrLine>Broad Street</addrLine>
                  <addrLine>Oxford OX1 3BG</addrLine>
                  <addrLine>UK</addrLine>
               </address>
            </funder>
         </titleStmt>
         <publicationStmt>
            <publisher xml:id="ECPA">Eighteenth-Century Poetry Archive</publisher>
            <address>
               <addrLine>Taylor Institution Library</addrLine>
               <addrLine>St Giles'</addrLine>
               <addrLine>Oxford OX1 3NA</addrLine>
               <addrLine>UK</addrLine>
               <addrLine>
                  <email>info@eighteenthcenturypoetry.org</email>
               </addrLine>
               <addrLine>
                  <ref target="https://www.eighteenthcenturypoetry.org/">https://www.eighteenthcenturypoetry.org/</ref>
               </addrLine>
            </address>
            <pubPlace>Oxford</pubPlace>
            <availability status="restricted">
               <licence target="http://creativecommons.org/licenses/by-sa/3.0/">This work is licensed under a Creative Commons Attribution-ShareAlike 3.0 Unported License.</licence>
            </availability>
            <idno type="ESTC">T116245</idno>
            <idno type="DMI">1137</idno>
            <idno type="TCP">K093079.004</idno>
         </publicationStmt>
         <sourceDesc>
            <bibl>
               <author>Pearch, G.</author>
               <title>A collection of poems in four volumes. By several hands. Vol. IV.</title>
               <edition>[The second edition].</edition>
               <pubPlace>London</pubPlace>
               <publisher>printed for G. Pearch</publisher>
               <date>1770</date>
               <biblScope>pp. 96-97.</biblScope>
               <extent>4v. ; 8⁰.</extent>
            </bibl>
         </sourceDesc>
      </fileDesc>
      <encodingDesc>
         <projectDesc>
            <p>This e-text is part of the Works section of the Eighteenth-Century Poetry Archive (ECPA).</p>
            <p>XML created for the Eighteenth-Century Poetry Archive (ECPA).</p>
         </projectDesc>
         <editorialDecl>
            <p>The text has been typographically modernized, but without any silent modernization of
						spelling, capitalization, or punctuation. The source of the text is given and all editorial interventions
						have been recorded in textual notes. Based on the electronic text originally produced by the TCP project, this  text has been edited to conform to the recommendations found in Level 5 of the
						Best Practices for TEI in Libraries version 4.0.0.
					</p>
         </editorialDecl>
         <classDecl>
            <taxonomy xml:id="LCNAF">
               <bibl>Library of Congress Name Authority File (<abbr>LCNAF</abbr>)</bibl>
            </taxonomy>
         </classDecl>
         <tagsDecl>
            <rendition n="linegroups indented" xml:id="lgindent" scheme="css">text-indent: 1em;</rendition>
            <rendition n="linegroups vertically spaced" xml:id="lgvspace" scheme="css">margin-bottom: 1em;</rendition>
            <rendition n="aligned centrally" xml:id="align-center" scheme="css">text-align: center;</rendition>
            <rendition n="aligned right" xml:id="align-right" scheme="css">text-align: right;</rendition>
            <rendition n="aligned left" xml:id="align-left" scheme="css">text-align: left;</rendition>
            <rendition n="inline" xml:id="inline" scheme="css">display: inline</rendition>
            <rendition n="italic" xml:id="i" scheme="css">font-style: italic;</rendition>
            <rendition n="bold" xml:id="b" scheme="css">font-weight: bold;</rendition>
         </tagsDecl>
      </encodingDesc>
   </teiHeader>
   <text>
      <body>
         <div xmlns:ecep="http://www.eighteenthcenturypoetry.org/ns"
              xmlns:tei="http://www.tei-c.org/ns/1.0"
              ana="#iamb #tetrameter #sestet #tail #ode"
              corresp="#txt_BrooFr1724_w0003"
              decls="#semi-normalized"
              ecep:syllab="8.8.8.8.8.8"
              met="-+|-+|-+|-+/ -+|-+|-+|-+/ -+|-+|-+|-+/ -+|-+|-+|-+/ -+|-+|-+|-+/ -+|-+|-+|-+/"
              rendition="#lgvspace"
              rhyme="aabccb"
              subtype="eceptext"
              type="ode"
              xml:id="o4987-w0310">
            <link target="authors.xml#aut_BrooFr1724" type="author"/>
            <link target="32639" type="DMI"/>
            <head type="main">
               <w xml:id="o4987-188780"
                  n="94-a-0010"
                  ecep:lem="ode"
                  ecep:pos="n1"
                  ecep:reg="ODE"
                  ecep:spe="ODE"
                  ecep:syllab="1"
                  ecep:pron="əʊd">ODE</w>
               <c> </c>
               <w xml:id="o4987-188790"
                  n="94-a-0020"
                  ecep:lem="to"
                  ecep:pos="p-acp"
                  ecep:reg="TO"
                  ecep:spe="TO"
                  ecep:syllab="1"
                  ecep:pron="tuː">TO</w>
               <c> </c>
               <w xml:id="o4987-188800"
                  n="94-a-0030"
                  ecep:lem="friendship"
                  ecep:pos="n1"
                  ecep:reg="FRIENDSHIP"
                  ecep:spe="FRIENDSHIP"
                  ecep:syllab="2"
                  ecep:pron="ˈfrenʃɪp">FRIENDSHIP</w>
               <pc xml:id="o4987-188810"
                   n="94-a-0040"
                   unit="sentence"
                   ecep:lem="."
                   ecep:pos="."
                   ecep:reg="."
                   ecep:spe=".">.</pc>
            </head>
            <byline>
               <w xml:id="o4987-188840"
                  n="94-a-0050"
                  ecep:lem="by"
                  ecep:pos="p-acp"
                  ecep:reg="BY"
                  ecep:spe="BY"
                  ecep:syllab="1"
                  ecep:pron="baɪ">BY</w>
               <c> </c>
               <w xml:id="o4987-188850"
                  n="94-a-0060"
                  ecep:lem="the"
                  ecep:pos="dt"
                  ecep:reg="THE"
                  ecep:spe="THE"
                  ecep:syllab="1"
                  ecep:pron="ðiː">THE</w>
               <c> </c>
               <w xml:id="o4987-188860"
                  n="94-a-0070"
                  ecep:lem="same"
                  ecep:pos="d"
                  ecep:reg="SAME"
                  ecep:spe="SAME"
                  ecep:syllab="1"
                  ecep:pron="seɪm">SAME</w>
               <pc xml:id="o4987-188870"
                   n="94-a-0080"
                   unit="sentence"
                   ecep:lem="."
                   ecep:pos="."
                   ecep:reg="."
                   ecep:spe=".">.</pc>
            </byline>
            <lg xml:id="o4987-s01470">
               <l xml:id="o4987-l10070">
                  <w xml:id="o4987-188900"
                     n="94-a-0090"
                     ecep:lem="no"
                     ecep:pos="uh-x"
                     ecep:reg="NO"
                     ecep:spe="NO"
                     ecep:syllab="1"
                     ecep:pron="nəʊ">NO</w>
                  <c> </c>
                  <w xml:id="o4987-188910"
                     n="94-a-0100"
                     ecep:lem="more"
                     ecep:pos="av-dc"
                     ecep:reg="more"
                     ecep:spe="more"
                     ecep:syllab="1"
                     ecep:pron="mɔː">more</w>
                  <c> </c>
                  <w xml:id="o4987-188920"
                     n="94-a-0110"
                     ecep:lem="fond"
                     ecep:pos="j"
                     ecep:reg="fond"
                     ecep:spe="fond"
                     ecep:syllab="1"
                     ecep:pron="fɒnd">fond</w>
                  <c> </c>
                  <w xml:id="o4987-188930"
                     n="94-a-0120"
                     ecep:lem="love"
                     ecep:pos="n1"
                     ecep:reg="Love"
                     ecep:spe="Love"
                     ecep:syllab="1"
                     ecep:pron="lʌv">Love</w>
                  <c> </c>
                  <w xml:id="o4987-188940"
                     n="94-a-0130"
                     ecep:lem="shall"
                     ecep:pos="vmb"
                     ecep:reg="shall"
                     ecep:spe="shall"
                     ecep:syllab="1"
                     ecep:pron="ʃæl">shall</w>
                  <c> </c>
                  <w xml:id="o4987-188950"
                     n="94-a-0140"
                     ecep:lem="wound"
                     ecep:pos="vvi"
                     ecep:reg="wound"
                     ecep:spe="wound"
                     ecep:syllab="1"
                     ecep:pron="waʊnd">wound</w>
                  <c> </c>
                  <w xml:id="o4987-188960"
                     n="94-a-0150"
                     ecep:lem="my"
                     ecep:pos="po11"
                     ecep:reg="my"
                     ecep:spe="my"
                     ecep:syllab="1"
                     ecep:pron="maɪ">my</w>
                  <c> </c>
                  <w xml:id="o4987-188970"
                     n="94-a-0160"
                     ecep:lem="breast"
                     ecep:pos="n1"
                     ecep:reg="breast"
                     ecep:spe="breast"
                     ecep:syllab="1"
                     ecep:pron="brest">breast</w>
                  <pc xml:id="o4987-188980"
                      n="94-a-0170"
                      ecep:lem=","
                      ecep:pos=","
                      ecep:reg=","
                      ecep:spe=",">,</pc>
               </l>
               <l xml:id="o4987-l10075">
                  <c> </c>
                  <w xml:id="o4987-188990"
                     n="94-a-0180"
                     ecep:lem="in"
                     ecep:pos="p-acp"
                     ecep:reg="In"
                     ecep:spe="In"
                     ecep:syllab="1"
                     ecep:pron="ɪn">In</w>
                  <c> </c>
                  <w xml:id="o4987-189000"
                     n="94-a-0190"
                     ecep:lem="all"
                     ecep:pos="d"
                     ecep:reg="all"
                     ecep:spe="all"
                     ecep:syllab="1"
                     ecep:pron="ɔːl">all</w>
                  <c> </c>
                  <w xml:id="o4987-189010"
                     n="94-a-0200"
                     ecep:lem="his"
                     ecep:pos="po31"
                     ecep:reg="his"
                     ecep:spe="his"
                     ecep:syllab="1"
                     ecep:pron="hɪz">his</w>
                  <c> </c>
                  <w xml:id="o4987-189020"
                     n="94-a-0210"
                     ecep:lem="smile"
                     ecep:pos="n2"
                     ecep:reg="smiles"
                     ecep:spe="smiles"
                     ecep:syllab="1"
                     ecep:pron="smaɪlz">smiles</w>
                  <c> </c>
                  <w xml:id="o4987-189030"
                     n="94-a-0220"
                     ecep:lem="deceitful"
                     ecep:pos="j"
                     ecep:reg="deceitful"
                     ecep:spe="deceitful"
                     ecep:syllab="3"
                     ecep:pron="dɪˈsiːtfl">deceitful</w>
                  <c> </c>
                  <w xml:id="o4987-189040"
                     n="94-a-0230"
                     ecep:lem="dress"
                     ecep:pos="vvn"
                     ecep:reg="dressed"
                     ecep:spe="drest"
                     ecep:syllab="1"
                     ecep:pron="drest">drest</w>
                  <pc xml:id="o4987-189050"
                      n="94-a-0240"
                      ecep:lem=","
                      ecep:pos=","
                      ecep:reg=","
                      ecep:spe=",">,</pc>
               </l>
               <l xml:id="o4987-l10080">
                  <c> </c>
                  <w xml:id="o4987-189060"
                     n="94-a-0250"
                     ecep:lem="i"
                     ecep:pos="pns11"
                     ecep:reg="I"
                     ecep:spe="I"
                     ecep:syllab="1"
                     ecep:pron="aɪ">I</w>
                  <c> </c>
                  <w xml:id="o4987-189070"
                     n="94-a-0260"
                     ecep:lem="scorn"
                     ecep:pos="vvb"
                     ecep:reg="scorn"
                     ecep:spe="scorn"
                     ecep:syllab="1"
                     ecep:pron="skɔːn">scorn</w>
                  <c> </c>
                  <w xml:id="o4987-189080"
                     n="94-a-0270"
                     ecep:lem="his"
                     ecep:pos="po31"
                     ecep:reg="his"
                     ecep:spe="his"
                     ecep:syllab="1"
                     ecep:pron="hɪz">his</w>
                  <c> </c>
                  <w xml:id="o4987-189090"
                     n="94-a-0280"
                     ecep:lem="coward"
                     ecep:pos="n1"
                     ecep:reg="coward"
                     ecep:spe="coward"
                     ecep:syllab="2"
                     ecep:pron="ˈkaʊəd">coward</w>
                  <c> </c>
                  <w xml:id="o4987-189100"
                     n="94-a-0290"
                     ecep:lem="sway"
                     ecep:pos="vvi"
                     ecep:reg="sway"
                     ecep:spe="sway"
                     ecep:syllab="1"
                     ecep:pron="sweɪ">sway</w>
                  <pc xml:id="o4987-189110"
                      n="94-a-0300"
                      ecep:lem=";"
                      ecep:pos=";"
                      ecep:reg=";"
                      ecep:spe=";">;</pc>
               </l>
               <l xml:id="o4987-l10085">
                  <c> </c>
                  <w xml:id="o4987-189120"
                     n="94-a-0310"
                     ecep:lem="and"
                     ecep:pos="cc"
                     ecep:reg="And"
                     ecep:spe="And"
                     ecep:syllab="1"
                     ecep:pron="ænd">And</w>
                  <c> </c>
                  <w xml:id="o4987-189130"
                     n="94-a-0320"
                     ecep:lem="now"
                     ecep:pos="av"
                     ecep:reg="now"
                     ecep:spe="now"
                     ecep:syllab="1"
                     ecep:pron="naʊ">now</w>
                  <c> </c>
                  <w xml:id="o4987-189140"
                     n="94-a-0330"
                     ecep:lem="with"
                     ecep:pos="p-acp"
                     ecep:reg="with"
                     ecep:spe="with"
                     ecep:syllab="1"
                     ecep:pron="wɪð">with</w>
                  <c> </c>
                  <w xml:id="o4987-189150"
                     n="94-a-0340"
                     ecep:lem="pleasure"
                     ecep:pos="n1"
                     ecep:reg="pleasure"
                     ecep:spe="pleasure"
                     ecep:syllab="2"
                     ecep:pron="ˈpleʒə">pleasure</w>
                  <c> </c>
                  <w xml:id="o4987-189160"
                     n="94-a-0350"
                     ecep:lem="can"
                     ecep:pos="vmb"
                     ecep:reg="can"
                     ecep:spe="can"
                     ecep:syllab="1"
                     ecep:pron="kæn">can</w>
                  <c> </c>
                  <w xml:id="o4987-189170"
                     n="94-a-0360"
                     ecep:lem="explore"
                     ecep:pos="vvi"
                     ecep:reg="explore"
                     ecep:spe="explore"
                     ecep:syllab="2"
                     ecep:pron="ɪkˈsplɔː">explore</w>
               </l>
               <l xml:id="o4987-l10090">
                  <c> </c>
                  <w xml:id="o4987-189180"
                     n="94-a-0370"
                     ecep:lem="the"
                     ecep:pos="dt"
                     ecep:reg="The"
                     ecep:spe="The"
                     ecep:syllab="1"
                     ecep:pron="ðiː">The</w>
                  <c> </c>
                  <w xml:id="o4987-189190"
                     n="94-a-0380"
                     ecep:lem="gall"
                     ecep:pos="j-vvg"
                     ecep:reg="galling"
                     ecep:spe="galling"
                     ecep:syllab="2"
                     ecep:pron="gɔːlɪŋ">galling</w>
                  <c> </c>
                  <w xml:id="o4987-189200"
                     n="94-a-0390"
                     ecep:lem="chain"
                     ecep:pos="n2"
                     ecep:reg="chains"
                     ecep:spe="chains"
                     ecep:syllab="1"
                     ecep:pron="tʃeɪnz">chains</w>
                  <c> </c>
                  <w xml:id="o4987-189210"
                     n="94-a-0400"
                     ecep:lem="i"
                     ecep:pos="pns11"
                     ecep:reg="I"
                     ecep:spe="I"
                     ecep:syllab="1"
                     ecep:pron="aɪ">I</w>
                  <c> </c>
                  <w xml:id="o4987-189220"
                     n="94-a-0410"
                     ecep:lem="feel"
                     ecep:pos="vvd"
                     ecep:reg="felt"
                     ecep:spe="felt"
                     ecep:syllab="1"
                     ecep:pron="felt">felt</w>
                  <c> </c>
                  <w xml:id="o4987-189230"
                     n="94-a-0420"
                     ecep:lem="before"
                     ecep:pos="a-acp"
                     ecep:reg="before"
                     ecep:spe="before"
                     ecep:syllab="2"
                     ecep:pron="bɪˈfɔː">before</w>
                  <pc xml:id="o4987-189240"
                      n="94-a-0430"
                      ecep:lem=","
                      ecep:pos=","
                      ecep:reg=","
                      ecep:spe=",">,</pc>
               </l>
               <l xml:id="o4987-l10095">
                  <c> </c>
                  <w xml:id="o4987-189250"
                     n="94-a-0440"
                     ecep:lem="since"
                     ecep:pos="c-acp"
                     ecep:reg="Since"
                     ecep:spe="Since"
                     ecep:syllab="1"
                     ecep:pron="sɪns">Since</w>
                  <c> </c>
                  <w xml:id="o4987-189260"
                     n="94-a-0450"
                     ecep:lem="i"
                     ecep:pos="pns11"
                     ecep:reg="I"
                     ecep:spe="I"
                     ecep:syllab="1"
                     ecep:pron="aɪ">I</w>
                  <c> </c>
                  <w xml:id="o4987-189270"
                     n="94-a-0460"
                     ecep:lem="be"
                     ecep:pos="vbm"
                     ecep:reg="am"
                     ecep:spe="am"
                     ecep:syllab="1"
                     ecep:pron="æm">am</w>
                  <c> </c>
                  <w xml:id="o4987-189280"
                     n="94-a-0470"
                     ecep:lem="free"
                     ecep:pos="j"
                     ecep:reg="free"
                     ecep:spe="free"
                     ecep:syllab="1"
                     ecep:pron="friː">free</w>
                  <c> </c>
                  <w xml:id="o4987-189290"
                     n="94-a-0480"
                     ecep:lem="today"
                     ecep:pos="av-an"
                     ecep:reg="today"
                     ecep:spe="to-day"
                     ecep:syllab="2"
                     ecep:pron="təˈdeɪ">to-day</w>
                  <pc xml:id="o4987-189300"
                      n="94-a-0490"
                      unit="sentence"
                      ecep:lem="."
                      ecep:pos="."
                      ecep:reg="."
                      ecep:spe=".">.</pc>
                  <c> </c>
               </l>
            </lg>
            <lg xml:id="o4987-s01475">
               <l xml:id="o4987-l10100">
                  <w xml:id="o4987-189330"
                     n="94-a-0500"
                     ecep:lem="today"
                     ecep:pos="av-an"
                     ecep:reg="Today"
                     ecep:spe="To-day"
                     ecep:syllab="2"
                     ecep:pron="təˈdeɪ">To-day</w>
                  <c> </c>
                  <w xml:id="o4987-189340"
                     n="94-a-0510"
                     ecep:lem="with"
                     ecep:pos="p-acp"
                     ecep:reg="with"
                     ecep:spe="with"
                     ecep:syllab="1"
                     ecep:pron="wɪð">with</w>
                  <c> </c>
                  <w xml:id="o4987-189350"
                     n="94-a-0520"
                     ecep:lem="friendship"
                     ecep:pos="n1"
                     ecep:reg="Friendship"
                     ecep:spe="Friendship"
                     ecep:syllab="2"
                     ecep:pron="ˈfrenʃɪp">Friendship</w>
                  <c> </c>
                  <w xml:id="o4987-189360"
                     n="94-a-0530"
                     ecep:lem="i|will"
                     ecep:pos="pns11|vmb"
                     ecep:reg="I'll"
                     ecep:spe="I'll"
                     ecep:syllab="1"
                     ecep:pron="ˈaɪl">I'll</w>
                  <c> </c>
                  <w xml:id="o4987-189370"
                     n="94-a-0540"
                     ecep:lem="rejoice"
                     ecep:pos="vvi"
                     ecep:reg="rejoice"
                     ecep:spe="rejoice"
                     ecep:syllab="2"
                     ecep:pron="rɪˈdʒɔɪs">rejoice</w>
                  <pc xml:id="o4987-189380"
                      n="94-a-0550"
                      ecep:lem=","
                      ecep:pos=","
                      ecep:reg=","
                      ecep:spe=",">,</pc>
               </l>
               <l xml:id="o4987-l10105">
                  <c> </c>
                  <w xml:id="o4987-189390"
                     n="94-a-0560"
                     ecep:lem="while"
                     ecep:pos="cs"
                     ecep:reg="While"
                     ecep:spe="Whilst"
                     ecep:syllab="1"
                     ecep:pron="waɪlst">Whilst</w>
                  <c> </c>
                  <w xml:id="o4987-189400"
                     n="94-a-0570"
                     ecep:lem="dear"
                     ecep:pos="j-jn"
                     ecep:reg="dear"
                     ecep:spe="dear"
                     ecep:syllab="1"
                     ecep:pron="dɪə">dear</w>
                  <c> </c>
                  <w xml:id="o4987-189410"
                     n="94-a-0580"
                     ecep:lem="lucinda"
                     ecep:pos="np1|vbz"
                     ecep:reg="Lucinda's"
                     ecep:spe="Lucinda's"
                     ecep:syllab="3"
                     ecep:pron="luˈsɪndəz">Lucinda's</w>
                  <c> </c>
                  <w xml:id="o4987-189420"
                     n="94-a-0590"
                     ecep:lem="gentle"
                     ecep:pos="j"
                     ecep:reg="gentle"
                     ecep:spe="gentle"
                     ecep:syllab="2"
                     ecep:pron="ˈdʒentl">gentle</w>
                  <c> </c>
                  <w xml:id="o4987-189430"
                     n="94-a-0600"
                     ecep:lem="voice"
                     ecep:pos="n1"
                     ecep:reg="voice"
                     ecep:spe="voice"
                     ecep:syllab="1"
                     ecep:pron="vɔɪs">voice</w>
               </l>
               <l xml:id="o4987-l10110">
                  <c> </c>
                  <w xml:id="o4987-189440"
                     n="94-a-0610"
                     ecep:lem="shall"
                     ecep:pos="vmb"
                     ecep:reg="Shall"
                     ecep:spe="Shall"
                     ecep:syllab="1"
                     ecep:pron="ʃæl">Shall</w>
                  <c> </c>
                  <w xml:id="o4987-189450"
                     n="94-a-0620"
                     ecep:lem="soften"
                     ecep:pos="vvi"
                     ecep:reg="soften"
                     ecep:spe="soften"
                     ecep:syllab="2"
                     ecep:pron="ˈsɒfn">soften</w>
                  <c> </c>
                  <w xml:id="o4987-189460"
                     n="94-a-0630"
                     ecep:lem="every"
                     ecep:pos="d"
                     ecep:reg="every"
                     ecep:spe="every"
                     ecep:syllab="2"
                     ecep:pron="ˈevri">every</w>
                  <c> </c>
                  <w xml:id="o4987-189470"
                     n="94-a-0640"
                     ecep:lem="care"
                     ecep:pos="n1"
                     ecep:reg="care"
                     ecep:spe="care"
                     ecep:syllab="1"
                     ecep:pron="keə">care</w>
                  <pc xml:id="o4987-189480"
                      n="94-a-0650"
                      ecep:lem=":"
                      ecep:pos=":"
                      ecep:reg=":"
                      ecep:spe=":">:</pc>
               </l>
               <l xml:id="o4987-l10115">
                  <c> </c>
                  <w xml:id="o4987-189490"
                     n="94-a-0660"
                     ecep:lem="o"
                     ecep:pos="uh"
                     ecep:reg="OH"
                     ecep:spe="O"
                     ecep:syllab="1"
                     ecep:pron="əʊ">O</w>
                  <c> </c>
                  <w xml:id="o4987-189500"
                     n="94-a-0670"
                     ecep:lem="goddess"
                     ecep:pos="n1"
                     ecep:reg="Goddess"
                     ecep:spe="Goddess"
                     ecep:syllab="2"
                     ecep:pron="ˈgɒdes">Goddess</w>
                  <c> </c>
                  <w xml:id="o4987-189510"
                     n="94-a-0680"
                     ecep:lem="of"
                     ecep:pos="pp-f"
                     ecep:reg="of"
                     ecep:spe="of"
                     ecep:syllab="1"
                     ecep:pron="ɒv">of</w>
                  <c> </c>
                  <w xml:id="o4987-189520"
                     n="94-a-0690"
                     ecep:lem="the"
                     ecep:pos="dt"
                     ecep:reg="the"
                     ecep:spe="the"
                     ecep:syllab="1"
                     ecep:pron="ðiː">the</w>
                  <c> </c>
                  <w xml:id="o4987-189530"
                     n="94-a-0700"
                     ecep:lem="joy"
                     ecep:pos="n1"
                     ecep:reg="joy"
                     ecep:spe="joy"
                     ecep:syllab="1"
                     ecep:pron="dʒɔɪ">joy</w>
                  <c> </c>
                  <w xml:id="o4987-189540"
                     n="94-a-0710"
                     ecep:lem="sincere"
                     ecep:pos="j"
                     ecep:reg="sincere"
                     ecep:spe="sincere"
                     ecep:syllab="2"
                     ecep:pron="sɪnˈsɪə">sincere</w>
                  <pc xml:id="o4987-189550"
                      n="94-a-0720"
                      unit="sentence"
                      ecep:lem="!"
                      ecep:pos="!"
                      ecep:reg="!"
                      ecep:spe="!">!</pc>
                  <c> </c>
               </l>
               <l xml:id="o4987-l10120">
                  <w xml:id="o4987-189560"
                     n="94-a-0730"
                     ecep:lem="the"
                     ecep:pos="dt"
                     ecep:reg="The"
                     ecep:spe="The"
                     ecep:syllab="1"
                     ecep:pron="ðiː">The</w>
                  <c> </c>
                  <w xml:id="o4987-189570"
                     n="94-a-0740"
                     ecep:lem="social"
                     ecep:pos="j"
                     ecep:reg="social"
                     ecep:spe="social"
                     ecep:syllab="2"
                     ecep:pron="ˈsəʊʃl">social</w>
                  <c> </c>
                  <w xml:id="o4987-189580"
                     n="94-a-0750"
                     ecep:lem="sigh"
                     ecep:pos="n1"
                     ecep:reg="sigh"
                     ecep:spe="sigh"
                     ecep:syllab="1"
                     ecep:pron="saɪ">sigh</w>
                  <pc xml:id="o4987-189590"
                      n="94-a-0760"
                      ecep:lem="!"
                      ecep:pos="!"
                      ecep:reg="!"
                      ecep:spe="!">!</pc>
                  <c> </c>
                  <w xml:id="o4987-189600"
                     n="94-a-0770"
                     ecep:lem="the"
                     ecep:pos="dt"
                     ecep:reg="the"
                     ecep:spe="the"
                     ecep:syllab="1"
                     ecep:pron="ðiː">the</w>
                  <c> </c>
                  <w xml:id="o4987-189610"
                     n="94-a-0780"
                     ecep:lem="please"
                     ecep:pos="j-vvg"
                     ecep:reg="pleasing"
                     ecep:spe="pleasing"
                     ecep:syllab="2"
                     ecep:pron="pliːzɪŋ">pleasing</w>
                  <c> </c>
                  <w xml:id="o4987-189620"
                     n="94-a-0790"
                     ecep:lem="tear"
                     ecep:pos="n1"
                     ecep:reg="tear"
                     ecep:spe="tear"
                     ecep:syllab="1"
                     ecep:pron="tɪə">tear</w>
                  <pc xml:id="o4987-189630"
                      n="94-a-0800"
                      unit="sentence"
                      ecep:lem="!"
                      ecep:pos="!"
                      ecep:reg="!"
                      ecep:spe="!">!</pc>
                  <c> </c>
               </l>
               <l xml:id="o4987-l10125">
                  <w xml:id="o4987-189640"
                     n="94-a-0810"
                     ecep:lem="thy"
                     ecep:pos="po21"
                     ecep:reg="Thy"
                     ecep:spe="Thy"
                     ecep:syllab="1"
                     ecep:pron="ðaɪ">Thy</w>
                  <c> </c>
                  <w xml:id="o4987-189650"
                     n="94-a-0820"
                     ecep:lem="noble"
                     ecep:pos="j"
                     ecep:reg="noble"
                     ecep:spe="noble"
                     ecep:syllab="2"
                     ecep:pron="ˈnəʊbl">noble</w>
                  <c> </c>
                  <w xml:id="o4987-189660"
                     n="94-a-0830"
                     ecep:lem="bond"
                     ecep:pos="n2"
                     ecep:reg="bonds"
                     ecep:spe="bonds"
                     ecep:syllab="1"
                     ecep:pron="bɒndz">bonds</w>
                  <c> </c>
                  <w xml:id="o4987-189670"
                     n="94-a-0840"
                     ecep:lem="i|will"
                     ecep:pos="pns11|vmb"
                     ecep:reg="I'll"
                     ecep:spe="I'll"
                     ecep:syllab="1"
                     ecep:pron="ˈaɪl">I'll</w>
                  <c> </c>
                  <w xml:id="o4987-189680"
                     n="94-a-0850"
                     ecep:lem="wear"
                     ecep:pos="vvi"
                     ecep:reg="wear"
                     ecep:spe="wear"
                     ecep:syllab="1"
                     ecep:pron="weə">wear</w>
                  <pc xml:id="o4987-189690"
                      n="94-a-0860"
                      unit="sentence"
                      ecep:lem="."
                      ecep:pos="."
                      ecep:reg="."
                      ecep:spe=".">.</pc>
                  <c> </c>
               </l>
            </lg>
            <lg xml:id="o4987-s01480">
               <l xml:id="o4987-l10130">
                  <w xml:id="o4987-189720"
                     n="94-a-0870"
                     ecep:lem="when"
                     ecep:pos="c-crq"
                     ecep:reg="When"
                     ecep:spe="When"
                     ecep:syllab="1"
                     ecep:pron="wen">When</w>
                  <c> </c>
                  <w xml:id="o4987-189730"
                     n="94-a-0880"
                     ecep:lem="first"
                     ecep:pos="ord"
                     ecep:reg="first"
                     ecep:spe="first"
                     ecep:syllab="1"
                     ecep:pron="ˈfɜːst">first</w>
                  <pc xml:id="o4987-189740"
                      n="94-a-0890"
                      ecep:lem=","
                      ecep:pos=","
                      ecep:reg=","
                      ecep:spe=",">,</pc>
                  <c> </c>
                  <w xml:id="o4987-189750"
                     n="94-a-0900"
                     ecep:lem="ill-fated"
                     ecep:pos="j"
                     ecep:reg="ill-fated"
                     ecep:spe="ill-fated"
                     ecep:syllab="3"
                     ecep:pron="ˌɪlˈfeɪtɪd">ill-fated</w>
                  <pc xml:id="o4987-189760"
                      n="94-a-0910"
                      ecep:lem=","
                      ecep:pos=","
                      ecep:reg=","
                      ecep:spe=",">,</pc>
                  <c> </c>
                  <w xml:id="o4987-189770"
                     n="94-a-0920"
                     ecep:lem="hapless"
                     ecep:pos="j"
                     ecep:reg="hapless"
                     ecep:spe="hapless"
                     ecep:syllab="2"
                     ecep:pron="ˈhæpləs">hapless</w>
                  <c> </c>
                  <w xml:id="o4987-189780"
                     n="94-a-0930"
                     ecep:lem="hour"
                     ecep:pos="n1"
                     ecep:reg="hour"
                     ecep:spe="hour"
                     ecep:syllab="1"
                     ecep:pron="æə">hour</w>
                  <pc xml:id="o4987-189790"
                      n="94-a-0940"
                      unit="sentence"
                      ecep:lem="!"
                      ecep:pos="!"
                      ecep:reg="!"
                      ecep:spe="!">!</pc>
                  <c> </c>
               </l>
               <l xml:id="o4987-l10135">
                  <w xml:id="o4987-189800"
                     n="94-a-0950"
                     ecep:lem="my"
                     ecep:pos="po11"
                     ecep:reg="My"
                     ecep:spe="My"
                     ecep:syllab="1"
                     ecep:pron="maɪ">My</w>
                  <c> </c>
                  <w xml:id="o4987-189810"
                     n="94-a-0960"
                     ecep:lem="soul"
                     ecep:pos="n1"
                     ecep:reg="soul"
                     ecep:spe="soul"
                     ecep:syllab="1"
                     ecep:pron="səʊl">soul</w>
                  <c> </c>
                  <w xml:id="o4987-189820"
                     n="94-a-0970"
                     ecep:lem="confess"
                     ecep:pos="vvd"
                     ecep:reg="confessed"
                     ecep:spe="confest"
                     ecep:syllab="2"
                     ecep:pron="kənˈfest">confest</w>
                  <c> </c>
                  <w xml:id="o4987-189830"
                     n="94-a-0980"
                     ecep:lem="amintor"
                     ecep:pos="npg1"
                     ecep:reg="Amintor's"
                     ecep:spe="Amintor's"
                     ecep:syllab="3"
                     ecep:pron="ˈæmɪntˌɔːz">Amintor's</w>
                  <c> </c>
                  <w xml:id="o4987-189840"
                     n="94-a-0990"
                     ecep:lem="power"
                     ecep:pos="n1"
                     ecep:reg="power"
                     ecep:spe="power"
                     ecep:syllab="1"
                     ecep:pron="ˈpaʊə">power</w>
                  <pc xml:id="o4987-189850"
                      n="94-a-1000"
                      ecep:lem=","
                      ecep:pos=","
                      ecep:reg=","
                      ecep:spe=",">,</pc>
               </l>
               <l xml:id="o4987-l10140">
                  <c> </c>
                  <w xml:id="o4987-189860"
                     n="94-a-1010"
                     ecep:lem="Lucinda"
                     ecep:pos="np1"
                     ecep:reg="Lucinda"
                     ecep:spe="Lucinda"
                     ecep:syllab="3"
                     ecep:pron="luˈsɪndə">Lucinda</w>
                  <c> </c>
                  <w xml:id="o4987-189870"
                     n="94-a-1020"
                     ecep:lem="share"
                     ecep:pos="vvd"
                     ecep:reg="shared"
                     ecep:spe="shar'd"
                     ecep:syllab="1"
                     ecep:pron="ʃeəd">shar'd</w>
                  <c> </c>
                  <w xml:id="o4987-189880"
                     n="94-a-1030"
                     ecep:lem="my"
                     ecep:pos="po11"
                     ecep:reg="my"
                     ecep:spe="my"
                     ecep:syllab="1"
                     ecep:pron="maɪ">my</w>
                  <c> </c>
                  <w xml:id="o4987-189890"
                     n="94-a-1040"
                     ecep:lem="grief"
                     ecep:pos="n1"
                     ecep:reg="grief"
                     ecep:spe="grief"
                     ecep:syllab="1"
                     ecep:pron="griːf">grief</w>
                  <pc xml:id="o4987-189900"
                      n="94-a-1050"
                      ecep:lem=";"
                      ecep:pos=";"
                      ecep:reg=";"
                      ecep:spe=";">;</pc>
               </l>
               <l xml:id="o4987-l10145">
                  <c> </c>
                  <w xml:id="o4987-189910"
                     n="94-a-1060"
                     ecep:lem="and"
                     ecep:pos="cc"
                     ecep:reg="And"
                     ecep:spe="And"
                     ecep:syllab="1"
                     ecep:pron="ænd">And</w>
                  <c> </c>
                  <w xml:id="o4987-189920"
                     n="94-a-1070"
                     ecep:lem="lean"
                     ecep:pos="vvg"
                     ecep:reg="leaning"
                     ecep:spe="leaning"
                     ecep:syllab="2"
                     ecep:pron="liːnɪŋ">leaning</w>
                  <c> </c>
                  <w xml:id="o4987-189930"
                     n="94-a-1080"
                     ecep:lem="on"
                     ecep:pos="p-acp"
                     ecep:reg="on"
                     ecep:spe="on"
                     ecep:syllab="1"
                     ecep:pron="ɒn">on</w>
                  <c> </c>
                  <w xml:id="o4987-189940"
                     n="94-a-1090"
                     ecep:lem="her"
                     ecep:pos="po31"
                     ecep:reg="her"
                     ecep:spe="her"
                     ecep:syllab="1"
                     ecep:pron="hɜː">her</w>
                  <c> </c>
                  <w xml:id="o4987-189950"
                     n="94-a-1100"
                     ecep:lem="faithful"
                     ecep:pos="j"
                     ecep:reg="faithful"
                     ecep:spe="faithful"
                     ecep:syllab="2"
                     ecep:pron="ˈfeɪθfl">faithful</w>
                  <c> </c>
                  <w xml:id="o4987-189960"
                     n="94-a-1110"
                     ecep:lem="breast"
                     ecep:pos="n1"
                     ecep:reg="breast"
                     ecep:spe="breast"
                     ecep:syllab="1"
                     ecep:pron="brest">breast</w>
                  <pc xml:id="o4987-189970"
                      n="94-a-1120"
                      ecep:lem=","
                      ecep:pos=","
                      ecep:reg=","
                      ecep:spe=",">,</pc>
               </l>
               <l xml:id="o4987-l10150">
                  <c> </c>
                  <w xml:id="o4987-189980"
                     n="94-a-1130"
                     ecep:lem="the"
                     ecep:pos="dt"
                     ecep:reg="The"
                     ecep:spe="The"
                     ecep:syllab="1"
                     ecep:pron="ðiː">The</w>
                  <c> </c>
                  <w xml:id="o4987-189990"
                     n="94-a-1140"
                     ecep:lem="fatal"
                     ecep:pos="j"
                     ecep:reg="fatal"
                     ecep:spe="fatal"
                     ecep:syllab="2"
                     ecep:pron="ˈfeɪtl">fatal</w>
                  <c> </c>
                  <w xml:id="o4987-190000"
                     n="94-a-1150"
                     ecep:lem="passion"
                     ecep:pos="n1"
                     ecep:reg="passion"
                     ecep:spe="passion"
                     ecep:syllab="2"
                     ecep:pron="ˈpæʃn">passion</w>
                  <c> </c>
                  <w xml:id="o4987-190010"
                     n="94-a-1160"
                     ecep:lem="i"
                     ecep:pos="pns11"
                     ecep:reg="I"
                     ecep:spe="I"
                     ecep:syllab="1"
                     ecep:pron="aɪ">I</w>
                  <c> </c>
                  <w xml:id="o4987-190020"
                     n="94-a-1170"
                     ecep:lem="confess"
                     ecep:pos="vvd"
                     ecep:reg="confessed"
                     ecep:spe="confest"
                     ecep:syllab="2"
                     ecep:pron="kənˈfest">confest</w>
                  <pc xml:id="o4987-190030"
                      n="94-a-1180"
                      ecep:lem=","
                      ecep:pos=","
                      ecep:reg=","
                      ecep:spe=",">,</pc>
               </l>
               <l xml:id="o4987-l10155">
                  <c> </c>
                  <w xml:id="o4987-190040"
                     n="94-a-1190"
                     ecep:lem="and"
                     ecep:pos="cc"
                     ecep:reg="And"
                     ecep:spe="And"
                     ecep:syllab="1"
                     ecep:pron="ænd">And</w>
                  <c> </c>
                  <w xml:id="o4987-190050"
                     n="94-a-1200"
                     ecep:lem="find"
                     ecep:pos="vvd"
                     ecep:reg="found"
                     ecep:spe="found"
                     ecep:syllab="1"
                     ecep:pron="faʊnd">found</w>
                  <c> </c>
                  <w xml:id="o4987-190060"
                     n="94-a-1210"
                     ecep:lem="a"
                     ecep:pos="dt"
                     ecep:reg="a"
                     ecep:spe="a"
                     ecep:syllab="1"
                     ecep:pron="ə">a</w>
                  <c> </c>
                  <w xml:id="o4987-190070"
                     n="94-a-1220"
                     ecep:lem="soft"
                     ecep:pos="j"
                     ecep:reg="soft"
                     ecep:spe="soft"
                     ecep:syllab="1"
                     ecep:pron="sɒft">soft</w>
                  <c> </c>
                  <w xml:id="o4987-190080"
                     n="94-a-1230"
                     ecep:lem="relief"
                     ecep:pos="n1"
                     ecep:reg="relief"
                     ecep:spe="relief"
                     ecep:syllab="2"
                     ecep:pron="rɪˈliːf">relief</w>
                  <pc xml:id="o4987-190090"
                      n="94-a-1240"
                      unit="sentence"
                      ecep:lem="."
                      ecep:pos="."
                      ecep:reg="."
                      ecep:spe=".">.</pc>
                  <c> </c>
               </l>
            </lg>
            <pb facs="o4987/0095" n="97" rend="none"/>
            <lg xml:id="o4987-s01485">
               <l xml:id="o4987-l10160">
                  <w xml:id="o4987-190120"
                     n="95-a-0010"
                     ecep:lem="my"
                     ecep:pos="po11"
                     ecep:reg="My"
                     ecep:spe="My"
                     ecep:syllab="1"
                     ecep:pron="maɪ">My</w>
                  <c> </c>
                  <w xml:id="o4987-190130"
                     n="95-a-0020"
                     ecep:lem="step"
                     ecep:pos="n2"
                     ecep:reg="steps"
                     ecep:spe="steps"
                     ecep:syllab="1"
                     ecep:pron="steps">steps</w>
                  <c> </c>
                  <w xml:id="o4987-190140"
                     n="95-a-0030"
                     ecep:lem="she"
                     ecep:pos="pns31"
                     ecep:reg="she"
                     ecep:spe="she"
                     ecep:syllab="1"
                     ecep:pron="ʃiː">she</w>
                  <c> </c>
                  <w xml:id="o4987-190150"
                     n="95-a-0040"
                     ecep:lem="oft"
                     ecep:pos="av"
                     ecep:reg="oft"
                     ecep:spe="oft"
                     ecep:syllab="1"
                     ecep:pron="ɒft">oft</w>
                  <c> </c>
                  <w xml:id="o4987-190160"
                     n="95-a-0050"
                     ecep:lem="be"
                     ecep:pos="vbds"
                     ecep:reg="was"
                     ecep:spe="was"
                     ecep:syllab="1"
                     ecep:pron="wɒz">was</w>
                  <c> </c>
                  <w xml:id="o4987-190170"
                     n="95-a-0060"
                     ecep:lem="wont"
                     ecep:pos="j"
                     ecep:reg="wont"
                     ecep:spe="wont"
                     ecep:syllab="1"
                     ecep:pron="wəʊnt">wont</w>
                  <c> </c>
                  <w xml:id="o4987-190180"
                     n="95-a-0070"
                     ecep:lem="to"
                     ecep:pos="pc-acp"
                     ecep:reg="to"
                     ecep:spe="to"
                     ecep:syllab="1"
                     ecep:pron="tuː">to</w>
                  <c> </c>
                  <w xml:id="o4987-190190"
                     n="95-a-0080"
                     ecep:lem="lead"
                     ecep:pos="vvi"
                     ecep:reg="lead"
                     ecep:spe="lead"
                     ecep:syllab="1"
                     ecep:pron="liːd">lead</w>
               </l>
               <l xml:id="o4987-l10165">
                  <c> </c>
                  <w xml:id="o4987-190200"
                     n="95-a-0090"
                     ecep:lem="along"
                     ecep:pos="a-acp"
                     ecep:reg="Along"
                     ecep:spe="Along"
                     ecep:syllab="2"
                     ecep:pron="əˈlɒŋ">Along</w>
                  <c> </c>
                  <w xml:id="o4987-190210"
                     n="95-a-0100"
                     ecep:lem="the"
                     ecep:pos="dt"
                     ecep:reg="the"
                     ecep:spe="the"
                     ecep:syllab="1"
                     ecep:pron="ðiː">the</w>
                  <c> </c>
                  <w xml:id="o4987-190220"
                     n="95-a-0110"
                     ecep:lem="fair"
                     ecep:pos="j"
                     ecep:reg="fair"
                     ecep:spe="fair"
                     ecep:syllab="1"
                     ecep:pron="feə">fair</w>
                  <c> </c>
                  <w xml:id="o4987-190230"
                     n="95-a-0120"
                     ecep:lem="enamel"
                     ecep:pos="j-vvn"
                     ecep:reg="enamelled"
                     ecep:spe="enamell'd"
                     ecep:syllab="3"
                     ecep:pron="ɪˈnæmld">enamell'd</w>
                  <c> </c>
                  <w xml:id="o4987-190240"
                     n="95-a-0130"
                     ecep:lem="mead"
                     ecep:pos="n1"
                     ecep:reg="mead"
                     ecep:spe="mead"
                     ecep:syllab="1"
                     ecep:pron="miːd">mead</w>
                  <pc xml:id="o4987-190250"
                      n="95-a-0140"
                      ecep:lem=","
                      ecep:pos=","
                      ecep:reg=","
                      ecep:spe=",">,</pc>
               </l>
               <l xml:id="o4987-l10170">
                  <c> </c>
                  <w xml:id="o4987-190260"
                     n="95-a-0150"
                     ecep:lem="to"
                     ecep:pos="pc-acp"
                     ecep:reg="To"
                     ecep:spe="To"
                     ecep:syllab="1"
                     ecep:pron="tuː">To</w>
                  <c> </c>
                  <w xml:id="o4987-190270"
                     n="95-a-0160"
                     ecep:lem="soothe"
                     ecep:pos="vvi"
                     ecep:reg="sooth"
                     ecep:spe="soothe"
                     ecep:syllab="1"
                     ecep:pron="suːð">soothe</w>
                  <c> </c>
                  <w xml:id="o4987-190280"
                     n="95-a-0170"
                     ecep:lem="my"
                     ecep:pos="po11"
                     ecep:reg="my"
                     ecep:spe="my"
                     ecep:syllab="1"
                     ecep:pron="maɪ">my</w>
                  <c> </c>
                  <w xml:id="o4987-190290"
                     n="95-a-0180"
                     ecep:lem="rage"
                     ecep:pos="j-vvg"
                     ecep:reg="raging"
                     ecep:spe="raging"
                     ecep:syllab="2"
                     ecep:pron="reɪdʒɪŋ">raging</w>
                  <c> </c>
                  <w xml:id="o4987-190300"
                     n="95-a-0190"
                     ecep:lem="pain"
                     ecep:pos="n1"
                     ecep:reg="pain"
                     ecep:spe="pain"
                     ecep:syllab="1"
                     ecep:pron="peɪn">pain</w>
                  <pc xml:id="o4987-190310"
                      n="95-a-0200"
                      ecep:lem=";"
                      ecep:pos=";"
                      ecep:reg=";"
                      ecep:spe=";">;</pc>
               </l>
               <l xml:id="o4987-l10175">
                  <c> </c>
                  <w xml:id="o4987-190320"
                     n="95-a-0210"
                     ecep:lem="and"
                     ecep:pos="cc"
                     ecep:reg="And"
                     ecep:spe="And"
                     ecep:syllab="1"
                     ecep:pron="ænd">And</w>
                  <c> </c>
                  <w xml:id="o4987-190330"
                     n="95-a-0220"
                     ecep:lem="oft"
                     ecep:pos="av"
                     ecep:reg="oft"
                     ecep:spe="oft"
                     ecep:syllab="1"
                     ecep:pron="ɒft">oft</w>
                  <c> </c>
                  <w xml:id="o4987-190340"
                     n="95-a-0230"
                     ecep:lem="with"
                     ecep:pos="p-acp"
                     ecep:reg="with"
                     ecep:spe="with"
                     ecep:syllab="1"
                     ecep:pron="wɪð">with</w>
                  <c> </c>
                  <w xml:id="o4987-190350"
                     n="95-a-0240"
                     ecep:lem="tender"
                     ecep:pos="j"
                     ecep:reg="tender"
                     ecep:spe="tender"
                     ecep:syllab="2"
                     ecep:pron="ˈtendə">tender</w>
                  <c> </c>
                  <w xml:id="o4987-190360"
                     n="95-a-0250"
                     ecep:lem="converse"
                     ecep:pos="n1"
                     ecep:reg="converse"
                     ecep:spe="converse"
                     ecep:syllab="2"
                     ecep:pron="ˈkɒnvɜːs">converse</w>
                  <c> </c>
                  <w xml:id="o4987-190370"
                     n="95-a-0260"
                     ecep:lem="strive"
                     ecep:pos="vvd"
                     ecep:reg="strove"
                     ecep:spe="strove"
                     ecep:syllab="1"
                     ecep:pron="strəʊv">strove</w>
               </l>
               <l xml:id="o4987-l10180">
                  <c> </c>
                  <w xml:id="o4987-190380"
                     n="95-a-0270"
                     ecep:lem="to"
                     ecep:pos="pc-acp"
                     ecep:reg="To"
                     ecep:spe="To"
                     ecep:syllab="1"
                     ecep:pron="tuː">To</w>
                  <c> </c>
                  <w xml:id="o4987-190390"
                     n="95-a-0280"
                     ecep:lem="draw"
                     ecep:pos="vvi"
                     ecep:reg="draw"
                     ecep:spe="draw"
                     ecep:syllab="1"
                     ecep:pron="drɔː">draw</w>
                  <c> </c>
                  <w xml:id="o4987-190400"
                     n="95-a-0290"
                     ecep:lem="the"
                     ecep:pos="dt"
                     ecep:reg="the"
                     ecep:spe="the"
                     ecep:syllab="1"
                     ecep:pron="ðiː">the</w>
                  <c> </c>
                  <w xml:id="o4987-190410"
                     n="95-a-0300"
                     ecep:lem="sting"
                     ecep:pos="n1"
                     ecep:reg="sting"
                     ecep:spe="sting"
                     ecep:syllab="1"
                     ecep:pron="stɪŋ">sting</w>
                  <c> </c>
                  <w xml:id="o4987-190420"
                     n="95-a-0310"
                     ecep:lem="of"
                     ecep:pos="pp-f"
                     ecep:reg="of"
                     ecep:spe="of"
                     ecep:syllab="1"
                     ecep:pron="ɒv">of</w>
                  <c> </c>
                  <w xml:id="o4987-190430"
                     n="95-a-0320"
                     ecep:lem="hopeless"
                     ecep:pos="j"
                     ecep:reg="hopeless"
                     ecep:spe="hopeless"
                     ecep:syllab="2"
                     ecep:pron="ˈhəʊpləs">hopeless</w>
                  <c> </c>
                  <w xml:id="o4987-190440"
                     n="95-a-0330"
                     ecep:lem="love"
                     ecep:pos="n1"
                     ecep:reg="Love"
                     ecep:spe="Love"
                     ecep:syllab="1"
                     ecep:pron="lʌv">Love</w>
                  <pc xml:id="o4987-190450"
                      n="95-a-0340"
                      ecep:lem=","
                      ecep:pos=","
                      ecep:reg=","
                      ecep:spe=",">,</pc>
               </l>
               <l xml:id="o4987-l10185">
                  <c> </c>
                  <w xml:id="o4987-190460"
                     n="95-a-0350"
                     ecep:lem="and"
                     ecep:pos="cc"
                     ecep:reg="And"
                     ecep:spe="And"
                     ecep:syllab="1"
                     ecep:pron="ænd">And</w>
                  <c> </c>
                  <w xml:id="o4987-190470"
                     n="95-a-0360"
                     ecep:lem="make"
                     ecep:pos="vvb"
                     ecep:reg="make"
                     ecep:spe="make"
                     ecep:syllab="1"
                     ecep:pron="meɪk">make</w>
                  <c> </c>
                  <w xml:id="o4987-190480"
                     n="95-a-0370"
                     ecep:lem="i"
                     ecep:pos="pno11"
                     ecep:reg="me"
                     ecep:spe="me"
                     ecep:syllab="1"
                     ecep:pron="miː">me</w>
                  <c> </c>
                  <w xml:id="o4987-190490"
                     n="95-a-0380"
                     ecep:lem="smile"
                     ecep:pos="vvi"
                     ecep:reg="smile"
                     ecep:spe="smile"
                     ecep:syllab="1"
                     ecep:pron="smaɪl">smile</w>
                  <c> </c>
                  <w xml:id="o4987-190500"
                     n="95-a-0390"
                     ecep:lem="again"
                     ecep:pos="av"
                     ecep:reg="again"
                     ecep:spe="again"
                     ecep:syllab="2"
                     ecep:pron="əˈgen">again</w>
                  <pc xml:id="o4987-190510"
                      n="95-a-0400"
                      unit="sentence"
                      ecep:lem="."
                      ecep:pos="."
                      ecep:reg="."
                      ecep:spe=".">.</pc>
                  <c> </c>
               </l>
            </lg>
            <lg xml:id="o4987-s01490">
               <l xml:id="o4987-l10190">
                  <w xml:id="o4987-190540"
                     n="95-a-0410"
                     ecep:lem="o"
                     ecep:pos="uh"
                     ecep:reg="OH"
                     ecep:spe="O"
                     ecep:syllab="1"
                     ecep:pron="əʊ">O</w>
                  <pc xml:id="o4987-190545"
                      n="95-a-0415"
                      ecep:lem="!"
                      ecep:pos="!"
                      ecep:reg="!"
                      ecep:spe="!">!</pc>
                  <c> </c>
                  <w xml:id="o4987-190550"
                     n="95-a-0420"
                     ecep:lem="much-loved"
                     ecep:pos="j"
                     ecep:reg="much-loved"
                     ecep:spe="much-lov'd"
                     ecep:syllab="2"
                     ecep:pron="mʌtʃˈlʌvd">much-lov'd</w>
                  <c> </c>
                  <w xml:id="o4987-190560"
                     n="95-a-0430"
                     ecep:lem="maid"
                     ecep:pos="n1"
                     ecep:reg="Maid"
                     ecep:spe="Maid"
                     ecep:syllab="1"
                     ecep:pron="meɪd">Maid</w>
                  <pc xml:id="o4987-190570"
                      n="95-a-0440"
                      ecep:lem="!"
                      ecep:pos="!"
                      ecep:reg="!"
                      ecep:spe="!">!</pc>
                  <c> </c>
                  <w xml:id="o4987-190580"
                     n="95-a-0450"
                     ecep:lem="while"
                     ecep:pos="cs"
                     ecep:reg="while"
                     ecep:spe="whilst"
                     ecep:syllab="1"
                     ecep:pron="waɪlst">whilst</w>
                  <c> </c>
                  <w xml:id="o4987-190590"
                     n="95-a-0460"
                     ecep:lem="life"
                     ecep:pos="n1"
                     ecep:reg="life"
                     ecep:spe="life"
                     ecep:syllab="1"
                     ecep:pron="laɪf">life</w>
                  <c> </c>
                  <w xml:id="o4987-190600"
                     n="95-a-0470"
                     ecep:lem="remain"
                     ecep:pos="vvz"
                     ecep:reg="remains"
                     ecep:spe="remains"
                     ecep:syllab="2"
                     ecep:pron="rɪˈmeɪnz">remains</w>
               </l>
               <l xml:id="o4987-l10195">
                  <c> </c>
                  <w xml:id="o4987-190610"
                     n="95-a-0480"
                     ecep:lem="to"
                     ecep:pos="p-acp"
                     ecep:reg="To"
                     ecep:spe="To"
                     ecep:syllab="1"
                     ecep:pron="tuː">To</w>
                  <c> </c>
                  <w xml:id="o4987-190620"
                     n="95-a-0490"
                     ecep:lem="thou"
                     ecep:pos="pno21"
                     ecep:reg="thee"
                     ecep:spe="thee"
                     ecep:syllab="1"
                     ecep:pron="ðiː">thee</w>
                  <c> </c>
                  <w xml:id="o4987-190630"
                     n="95-a-0500"
                     ecep:lem="i|will"
                     ecep:pos="pns11|vmb"
                     ecep:reg="I'll"
                     ecep:spe="I'll"
                     ecep:syllab="1"
                     ecep:pron="ˈaɪl">I'll</w>
                  <c> </c>
                  <w xml:id="o4987-190640"
                     n="95-a-0510"
                     ecep:lem="consecrate"
                     ecep:pos="vvi"
                     ecep:reg="consecrate"
                     ecep:spe="consecrate"
                     ecep:syllab="3"
                     ecep:pron="ˈkɒnsɪkreɪt">consecrate</w>
                  <c> </c>
                  <w xml:id="o4987-190650"
                     n="95-a-0520"
                     ecep:lem="my"
                     ecep:pos="po11"
                     ecep:reg="my"
                     ecep:spe="my"
                     ecep:syllab="1"
                     ecep:pron="maɪ">my</w>
                  <c> </c>
                  <w xml:id="o4987-190660"
                     n="95-a-0530"
                     ecep:lem="strain"
                     ecep:pos="n2"
                     ecep:reg="strains"
                     ecep:spe="strains"
                     ecep:syllab="1"
                     ecep:pron="streɪnz">strains</w>
                  <pc xml:id="o4987-190670"
                      n="95-a-0540"
                      ecep:lem=","
                      ecep:pos=","
                      ecep:reg=","
                      ecep:spe=",">,</pc>
               </l>
               <l xml:id="o4987-l10200">
                  <c> </c>
                  <w xml:id="o4987-190680"
                     n="95-a-0550"
                     ecep:lem="for"
                     ecep:pos="p-acp"
                     ecep:reg="For"
                     ecep:spe="For"
                     ecep:syllab="1"
                     ecep:pron="fɔː">For</w>
                  <c> </c>
                  <w xml:id="o4987-190690"
                     n="95-a-0560"
                     ecep:lem="thou"
                     ecep:pos="pno21"
                     ecep:reg="thee"
                     ecep:spe="thee"
                     ecep:syllab="1"
                     ecep:pron="ðiː">thee</w>
                  <c> </c>
                  <w xml:id="o4987-190700"
                     n="95-a-0570"
                     ecep:lem="i|will"
                     ecep:pos="pns11|vmb"
                     ecep:reg="I'll"
                     ecep:spe="I'll"
                     ecep:syllab="1"
                     ecep:pron="ˈaɪl">I'll</w>
                  <c> </c>
                  <w xml:id="o4987-190710"
                     n="95-a-0580"
                     ecep:lem="tune"
                     ecep:pos="vvi"
                     ecep:reg="tune"
                     ecep:spe="tune"
                     ecep:syllab="1"
                     ecep:pron="tʃuːn">tune</w>
                  <c> </c>
                  <w xml:id="o4987-190720"
                     n="95-a-0590"
                     ecep:lem="my"
                     ecep:pos="po11"
                     ecep:reg="my"
                     ecep:spe="my"
                     ecep:syllab="1"
                     ecep:pron="maɪ">my</w>
                  <c> </c>
                  <w xml:id="o4987-190730"
                     n="95-a-0600"
                     ecep:lem="lyre"
                     ecep:pos="n1"
                     ecep:reg="lyre"
                     ecep:spe="lyre"
                     ecep:syllab="1"
                     ecep:pron="laɪə">lyre</w>
                  <pc xml:id="o4987-190740"
                      n="95-a-0610"
                      ecep:lem=";"
                      ecep:pos=";"
                      ecep:reg=";"
                      ecep:spe=";">;</pc>
               </l>
               <l xml:id="o4987-l10205">
                  <c> </c>
                  <w xml:id="o4987-190750"
                     n="95-a-0620"
                     ecep:lem="and"
                     ecep:pos="cc"
                     ecep:reg="And"
                     ecep:spe="And"
                     ecep:syllab="1"
                     ecep:pron="ænd">And</w>
                  <pc xml:id="o4987-190760"
                      n="95-a-0630"
                      ecep:lem=","
                      ecep:pos=","
                      ecep:reg=","
                      ecep:spe=",">,</pc>
                  <c> </c>
                  <w xml:id="o4987-190770"
                     n="95-a-0640"
                     ecep:lem="echo"
                     ecep:pos="vvg"
                     ecep:reg="echoing"
                     ecep:spe="echoing"
                     ecep:syllab="2"
                     ecep:pron="ˈekəʊɪŋ">echoing</w>
                  <c> </c>
                  <w xml:id="o4987-190780"
                     n="95-a-0650"
                     ecep:lem="with"
                     ecep:pos="p-acp"
                     ecep:reg="with"
                     ecep:spe="with"
                     ecep:syllab="1"
                     ecep:pron="wɪð">with</w>
                  <c> </c>
                  <w xml:id="o4987-190790"
                     n="95-a-0660"
                     ecep:lem="my"
                     ecep:pos="po11"
                     ecep:reg="my"
                     ecep:spe="my"
                     ecep:syllab="1"
                     ecep:pron="maɪ">my</w>
                  <c> </c>
                  <w xml:id="o4987-190800"
                     n="95-a-0670"
                     ecep:lem="sweet"
                     ecep:pos="js"
                     ecep:reg="sweetest"
                     ecep:spe="sweetest"
                     ecep:syllab="2"
                     ecep:pron="swiːtɪst">sweetest</w>
                  <c> </c>
                  <w xml:id="o4987-190810"
                     n="95-a-0680"
                     ecep:lem="lay"
                     ecep:pos="n2"
                     ecep:reg="lays"
                     ecep:spe="lays"
                     ecep:syllab="1"
                     ecep:pron="leɪz">lays</w>
                  <pc xml:id="o4987-190820"
                      n="95-a-0690"
                      ecep:lem=","
                      ecep:pos=","
                      ecep:reg=","
                      ecep:spe=",">,</pc>
               </l>
               <l xml:id="o4987-l10210">
                  <c> </c>
                  <w xml:id="o4987-190830"
                     n="95-a-0700"
                     ecep:lem="the"
                     ecep:pos="dt"
                     ecep:reg="The"
                     ecep:spe="The"
                     ecep:syllab="1"
                     ecep:pron="ðiː">The</w>
                  <c> </c>
                  <w xml:id="o4987-190840"
                     n="95-a-0710"
                     ecep:lem="vocal"
                     ecep:pos="j"
                     ecep:reg="vocal"
                     ecep:spe="vocal"
                     ecep:syllab="2"
                     ecep:pron="ˈvəʊkl">vocal</w>
                  <c> </c>
                  <w xml:id="o4987-190850"
                     n="95-a-0720"
                     ecep:lem="hill"
                     ecep:pos="n2"
                     ecep:reg="hills"
                     ecep:spe="hills"
                     ecep:syllab="1"
                     ecep:pron="hɪlz">hills</w>
                  <c> </c>
                  <w xml:id="o4987-190860"
                     n="95-a-0730"
                     ecep:lem="shall"
                     ecep:pos="vmb"
                     ecep:reg="shall"
                     ecep:spe="shall"
                     ecep:syllab="1"
                     ecep:pron="ʃæl">shall</w>
                  <c> </c>
                  <w xml:id="o4987-190870"
                     n="95-a-0740"
                     ecep:lem="speak"
                     ecep:pos="vvi"
                     ecep:reg="speak"
                     ecep:spe="speak"
                     ecep:syllab="1"
                     ecep:pron="spiːk">speak</w>
                  <c> </c>
                  <w xml:id="o4987-190880"
                     n="95-a-0750"
                     ecep:lem="the"
                     ecep:pos="dt"
                     ecep:reg="the"
                     ecep:spe="the"
                     ecep:syllab="1"
                     ecep:pron="ðiː">the</w>
                  <c> </c>
                  <w xml:id="o4987-190890"
                     n="95-a-0760"
                     ecep:lem="praise"
                     ecep:pos="n1"
                     ecep:reg="praise"
                     ecep:spe="praise"
                     ecep:syllab="1"
                     ecep:pron="preɪz">praise</w>
               </l>
               <l xml:id="o4987-l10215">
                  <c> </c>
                  <w xml:id="o4987-190900"
                     n="95-a-0770"
                     ecep:lem="of"
                     ecep:pos="pp-f"
                     ecep:reg="Of"
                     ecep:spe="Of"
                     ecep:syllab="1"
                     ecep:pron="ɒv">Of</w>
                  <c> </c>
                  <w xml:id="o4987-190910"
                     n="95-a-0780"
                     ecep:lem="friendship"
                     ecep:pos="ng1"
                     ecep:reg="Friendship's"
                     ecep:spe="Friendship's"
                     ecep:syllab="2"
                     ecep:pron="ˈfrenʃɪpz">Friendship's</w>
                  <c> </c>
                  <w xml:id="o4987-190920"
                     n="95-a-0790"
                     ecep:lem="sacred"
                     ecep:pos="j"
                     ecep:reg="sacred"
                     ecep:spe="sacred"
                     ecep:syllab="1"
                     ecep:pron="ˈseɪkrɪd">sacred</w>
                  <c> </c>
                  <w xml:id="o4987-190930"
                     n="95-a-0800"
                     ecep:lem="fire"
                     ecep:pos="n1"
                     ecep:reg="fire"
                     ecep:spe="fire"
                     ecep:syllab="1"
                     ecep:pron="fæə">fire</w>
                  <pc xml:id="o4987-190940"
                      n="95-a-0810"
                      unit="sentence"
                      ecep:lem="."
                      ecep:pos="."
                      ecep:reg="."
                      ecep:spe=".">.</pc>
                  <c> </c>
               </l>
            </lg>
         </div>
      </body>
   </text>
</TEI>
