<?xml version="1.0" encoding="UTF-8"?>
<div xmlns:tei="http://www.tei-c.org/ns/1.0"
     xmlns="http://www.tei-c.org/ns/1.0"
     xmlns:ecep="http://www.eighteenthcenturypoetry.org/ns"
     ana="#iamb #pentameter #quatrain #cross #ode #imitation #translation #paraphrase"
     corresp="#txt_LyttGe1709_w0013"
     ecep:syllab="10.10.10.10"
     met="-+|-+|-+|-+|-+/     -+|-+|-+|-+|-+/     -+|-+|-+|-+|-+/     -+|-+|-+|-+|-+/"
     rendition="#lgvspace"
     rhyme="abab"
     subtype="eceptext"
     type="ode"
     xml:id="o5153-w0130"
     decls="#semi-diplomatic">
   <link target="authors.xml#aut_LyttGe1709" type="author"/>
   <link target="22314" type="DMI"/>
   <head rendition="#Large" type="main">
      <seg rendition="#lsn">
         <w xml:id="o5153-113820"
            n="53-a-0010"
            ecep:lem="ode"
            ecep:pos="n1"
            ecep:reg="ODE"
            ecep:spe="ODE"
            ecep:syllab="1"
            ecep:pron="əʊd">ODE</w>
      </seg>
      <pc xml:id="o5153-113830"
          n="53-a-0020"
          ecep:lem=","
          ecep:pos=","
          ecep:reg=","
          ecep:spe=",">,</pc>
      <c> </c>
      <w xml:id="o5153-113840"
         n="53-a-0030"
         ecep:lem="in"
         ecep:pos="p-acp"
         ecep:reg="in"
         ecep:spe="in"
         ecep:syllab="1"
         ecep:pron="ɪn">in</w>
      <c> </c>
      <w xml:id="o5153-113850"
         n="53-a-0040"
         ecep:lem="imitation"
         ecep:pos="n1"
         ecep:reg="Imitation"
         ecep:spe="Imitation"
         ecep:syllab="4"
         ecep:pron="ˌɪmɪˈteɪʃn">Imitation</w>
      <c> </c>
      <w xml:id="o5153-113860"
         n="53-a-0050"
         ecep:lem="of"
         ecep:pos="pp-f"
         ecep:reg="of"
         ecep:spe="of"
         ecep:syllab="1"
         ecep:pron="ɒv">of</w>
      <seg rendition="#sc">
         <c> </c>
         <w xml:id="o5153-113870"
            n="53-a-0060"
            ecep:lem="pastor"
            ecep:pos="n1"
            ecep:reg="Pastor"
            ecep:spe="Pastor"
            ecep:syllab="2"
            ecep:pron="ˈpɑːstə">Pastor</w>
         <c> </c>
         <w xml:id="o5153-113880"
            n="53-a-0070"
            ecep:lem="Fido"
            ecep:pos="np1"
            ecep:reg="Fido"
            ecep:spe="Fido"
            ecep:syllab="2"
            ecep:pron="ˈfaɪdəʊ">Fido</w>
      </seg>
      <pc xml:id="o5153-113890"
          n="53-a-0080"
          unit="sentence"
          ecep:lem="."
          ecep:pos="."
          ecep:reg="."
          ecep:spe=".">.</pc>
   </head>
   <head type="sub">
      <seg rendition="#i">
         <pc xml:id="o5153-113920"
             n="53-a-0090"
             ecep:lem="("
             ecep:pos="("
             ecep:reg="("
             ecep:spe="(">(</pc>
         <w xml:id="o5153-113930"
            n="53-a-0100"
            ecep:lem="o"
            ecep:pos="uh"
            ecep:reg="OH"
            ecep:spe="O"
            ecep:syllab="1"
            ecep:pron="əʊ">O</w>
         <c> </c>
         <w xml:id="o5153-113940"
            n="53-a-0110"
            ecep:lem="primavera"
            ecep:pos="fw-it"
            ecep:reg="Primavera"
            ecep:spe="Primavera"
            ecep:syllab="4"
            ecep:pron="ˌpriːməˈveərə">Primavera</w>
         <c> </c>
         <w xml:id="o5153-113950"
            n="53-a-0120"
            ecep:lem="gioventu"
            ecep:pos="fw-la"
            ecep:reg="Gioventu"
            ecep:spe="Gioventu"
            ecep:syllab="4"
            ecep:pron="dʒɪəʊvˈentuː">Gioventu</w>
         <c> </c>
         <w xml:id="o5153-113960"
            n="53-a-0130"
            ecep:lem="del"
            ecep:pos="fw-mi"
            ecep:reg="del"
            ecep:spe="del"
            ecep:syllab="1"
            ecep:pron="del">del</w>
         <c> </c>
         <w xml:id="o5153-113970"
            n="53-a-0140"
            ecep:lem="Anno."
            ecep:pos="np1"
            ecep:reg="Anno."
            ecep:spe="Anno."
            ecep:syllab="2"
            ecep:pron="ˈænəʊ">Anno.</w>
         <pc xml:id="o5153-113980"
             n="53-a-0150"
             unit="sentence"
             ecep:lem=")"
             ecep:pos=")"
             ecep:reg=")"
             ecep:spe=")">)</pc>
         <c> </c>
      </seg>
      <space rendition="#v1"/>
      <w xml:id="o5153-114010"
         n="53-a-0160"
         ecep:lem="write"
         ecep:pos="vvn"
         ecep:reg="Written"
         ecep:spe="Written"
         ecep:syllab="2"
         ecep:pron="ˈrɪtn">Written</w>
      <c> </c>
      <w xml:id="o5153-114020"
         n="53-a-0170"
         ecep:lem="abroad"
         ecep:pos="av"
         ecep:reg="Abroad"
         ecep:spe="Abroad"
         ecep:syllab="2"
         ecep:pron="əˈbrɔːd">Abroad</w>
      <c> </c>
      <w xml:id="o5153-114030"
         n="53-a-0180"
         ecep:lem="in"
         ecep:pos="p-acp"
         ecep:reg="in"
         ecep:spe="in"
         ecep:syllab="1"
         ecep:pron="ɪn">in</w>
      <c> </c>
      <w xml:id="o5153-114040"
         n="53-a-0190"
         ecep:lem="1729."
         ecep:pos="crd"
         ecep:reg="1729."
         ecep:spe="1729."
         ecep:syllab="1"
         ecep:pron="wˈɒnθˈaʊzəndsˈevənhˈʌndrədəntwˈentinˈaɪn">1729.</w>
      <pc unit="sentence" xml:id="o5153-114040-eos" n="53-a-0200"/>
   </head>
   <byline rend="inline">
      <w xml:id="o5153-114070"
         n="53-a-0210"
         ecep:lem="by"
         ecep:pos="p-acp"
         ecep:reg="By"
         ecep:spe="By"
         ecep:syllab="1"
         ecep:pron="baɪ">By</w>
      <rs ref="authors.xml#aut_LyttGe1709" type="name">
         <c> </c>
         <w xml:id="o5153-114080"
            n="53-a-0220"
            ecep:lem="the"
            ecep:pos="dt"
            ecep:reg="the"
            ecep:spe="the"
            ecep:syllab="1"
            ecep:pron="ðiː">the</w>
         <c> </c>
         <w xml:id="o5153-114090"
            n="53-a-0230"
            ecep:lem="same"
            ecep:pos="d"
            ecep:reg="Same"
            ecep:spe="Same"
            ecep:syllab="1"
            ecep:pron="seɪm">Same</w>
      </rs>
      <pc xml:id="o5153-114100"
          n="53-a-0240"
          unit="sentence"
          ecep:lem="."
          ecep:pos="."
          ecep:reg="."
          ecep:spe=".">.</pc>
   </byline>
   <lg n="1" xml:id="o5153-s00485">
      <head>
         <w xml:id="o5153-114140"
            n="53-a-0250"
            ecep:lem="i"
            ecep:pos="pns11"
            ecep:reg="I"
            ecep:spe="I."
            ecep:syllab="1"
            ecep:pron="ˈaɪ">I.</w>
         <pc unit="sentence" xml:id="o5153-114140-eos" n="53-a-0260"/>
      </head>
      <l rendition="#decorInit #h_0" xml:id="o5153-l06000">
         <w xml:id="o5153-114160"
            n="53-a-0270"
            ecep:lem="parent"
            ecep:pos="n1"
            ecep:reg="PArent"
            ecep:spe="PArent"
            ecep:syllab="2"
            ecep:pron="ˈpeərnt">PArent</w>
         <c> </c>
         <w xml:id="o5153-114170"
            n="53-a-0280"
            ecep:lem="of"
            ecep:pos="pp-f"
            ecep:reg="of"
            ecep:spe="of"
            ecep:syllab="1"
            ecep:pron="ɒv">of</w>
         <c> </c>
         <w xml:id="o5153-114180"
            n="53-a-0290"
            ecep:lem="bloom"
            ecep:pos="j-vvg"
            ecep:reg="blooming"
            ecep:spe="blooming"
            ecep:syllab="2"
            ecep:pron="bluːmɪŋ">blooming</w>
         <c> </c>
         <w xml:id="o5153-114190"
            n="53-a-0300"
            ecep:lem="flower"
            ecep:pos="n2"
            ecep:reg="flowers"
            ecep:spe="flow'rs"
            ecep:syllab="1"
            ecep:pron="flæəz">flow'rs</w>
         <c> </c>
         <w xml:id="o5153-114200"
            n="53-a-0310"
            ecep:lem="and"
            ecep:pos="cc"
            ecep:reg="and"
            ecep:spe="and"
            ecep:syllab="1"
            ecep:pron="ænd">and</w>
         <c> </c>
         <w xml:id="o5153-114210"
            n="53-a-0320"
            ecep:lem="gay"
            ecep:pos="j"
            ecep:reg="gay"
            ecep:spe="gay"
            ecep:syllab="1"
            ecep:pron="geɪ">gay</w>
         <c> </c>
         <w xml:id="o5153-114220"
            n="53-a-0330"
            ecep:lem="desire"
            ecep:pos="n2"
            ecep:reg="desires"
            ecep:spe="desires"
            ecep:syllab="2"
            ecep:pron="dɪˈzæəz">desires</w>
         <pc xml:id="o5153-114230"
             n="53-a-0340"
             ecep:lem=","
             ecep:pos=","
             ecep:reg=","
             ecep:spe=",">,</pc>
      </l>
      <l rendition="#h_1" xml:id="o5153-l06005">
         <w xml:id="o5153-114240"
            n="53-a-0350"
            ecep:lem="youth"
            ecep:pos="n1"
            ecep:reg="Youth"
            ecep:spe="Youth"
            ecep:syllab="1"
            ecep:pron="juːθ">Youth</w>
         <c> </c>
         <w xml:id="o5153-114250"
            n="53-a-0360"
            ecep:lem="of"
            ecep:pos="pp-f"
            ecep:reg="of"
            ecep:spe="of"
            ecep:syllab="1"
            ecep:pron="ɒv">of</w>
         <c> </c>
         <w xml:id="o5153-114260"
            n="53-a-0370"
            ecep:lem="the"
            ecep:pos="dt"
            ecep:reg="the"
            ecep:spe="the"
            ecep:syllab="1"
            ecep:pron="ðiː">the</w>
         <c> </c>
         <w xml:id="o5153-114270"
            n="53-a-0380"
            ecep:lem="tender"
            ecep:pos="j"
            ecep:reg="tender"
            ecep:spe="tender"
            ecep:syllab="2"
            ecep:pron="ˈtendə">tender</w>
         <c> </c>
         <w xml:id="o5153-114280"
            n="53-a-0390"
            ecep:lem="year"
            ecep:pos="n1"
            ecep:reg="year"
            ecep:spe="year"
            ecep:syllab="1"
            ecep:pron="jɪə">year</w>
         <pc xml:id="o5153-114290"
             n="53-a-0400"
             ecep:lem=","
             ecep:pos=","
             ecep:reg=","
             ecep:spe=",">,</pc>
         <c> </c>
         <w xml:id="o5153-114300"
            n="53-a-0410"
            ecep:lem="delightful"
            ecep:pos="j"
            ecep:reg="delightful"
            ecep:spe="delightful"
            ecep:syllab="3"
            ecep:pron="dɪˈlaɪtfl">delightful</w>
         <c> </c>
         <w xml:id="o5153-114310"
            n="53-a-0420"
            ecep:lem="spring"
            ecep:pos="n1"
            ecep:reg="Spring"
            ecep:spe="Spring"
            ecep:syllab="1"
            ecep:pron="sprɪŋ">Spring</w>
         <pc xml:id="o5153-114320"
             n="53-a-0430"
             ecep:lem=","
             ecep:pos=","
             ecep:reg=","
             ecep:spe=",">,</pc>
      </l>
      <l xml:id="o5153-l06010">
         <w xml:id="o5153-114330"
            n="53-a-0440"
            ecep:lem="at"
            ecep:pos="p-acp"
            ecep:reg="At"
            ecep:spe="At"
            ecep:syllab="1"
            ecep:pron="æt">At</w>
         <c> </c>
         <w xml:id="o5153-114340"
            n="53-a-0450"
            ecep:lem="who"
            ecep:pos="r-crq"
            ecep:reg="whose"
            ecep:spe="whose"
            ecep:syllab="1"
            ecep:pron="huːz">whose</w>
         <c> </c>
         <w xml:id="o5153-114350"
            n="53-a-0460"
            ecep:lem="approach"
            ecep:pos="n1"
            ecep:reg="approach"
            ecep:spe="approach"
            ecep:syllab="2"
            ecep:pron="əˈprəʊtʃ">approach</w>
         <pc xml:id="o5153-114360"
             n="53-a-0470"
             ecep:lem=","
             ecep:pos=","
             ecep:reg=","
             ecep:spe=",">,</pc>
         <c> </c>
         <w xml:id="o5153-114370"
            n="53-a-0480"
            ecep:lem="inspire"
            ecep:pos="vvn"
            ecep:reg="inspired"
            ecep:spe="inspir'd"
            ecep:syllab="2"
            ecep:pron="ɪnˈspæəd">inspir'd</w>
         <c> </c>
         <w xml:id="o5153-114380"
            n="53-a-0490"
            ecep:lem="with"
            ecep:pos="p-acp"
            ecep:reg="with"
            ecep:spe="with"
            ecep:syllab="1"
            ecep:pron="wɪð">with</w>
         <c> </c>
         <w xml:id="o5153-114390"
            n="53-a-0500"
            ecep:lem="equal"
            ecep:pos="j-jn"
            ecep:reg="equal"
            ecep:spe="equal"
            ecep:syllab="2"
            ecep:pron="ˈiːkwəl">equal</w>
         <c> </c>
         <w xml:id="o5153-114400"
            n="53-a-0510"
            ecep:lem="fire"
            ecep:pos="n2"
            ecep:reg="fires"
            ecep:spe="fires"
            ecep:syllab="1"
            ecep:pron="fæəz">fires</w>
         <pc xml:id="o5153-114410"
             n="53-a-0520"
             ecep:lem=","
             ecep:pos=","
             ecep:reg=","
             ecep:spe=",">,</pc>
      </l>
      <l rendition="#h_1" xml:id="o5153-l06015">
         <w xml:id="o5153-114420"
            n="53-a-0530"
            ecep:lem="the"
            ecep:pos="dt"
            ecep:reg="The"
            ecep:spe="The"
            ecep:syllab="1"
            ecep:pron="ðiː">The</w>
         <c> </c>
         <w xml:id="o5153-114430"
            n="53-a-0540"
            ecep:lem="amorous"
            ecep:pos="j"
            ecep:reg="amorous"
            ecep:spe="am'rous"
            ecep:syllab="2"
            ecep:pron="ˈæmrəs">am'rous</w>
         <c> </c>
         <w xml:id="o5153-114440"
            n="53-a-0550"
            ecep:lem="nightingale"
            ecep:pos="n1"
            ecep:reg="Nightingale"
            ecep:spe="Nightingale"
            ecep:syllab="3"
            ecep:pron="ˈnaɪtɪŋgeɪl">Nightingale</w>
         <c> </c>
         <w xml:id="o5153-114450"
            n="53-a-0560"
            ecep:lem="and"
            ecep:pos="cc"
            ecep:reg="and"
            ecep:spe="and"
            ecep:syllab="1"
            ecep:pron="ænd">and</w>
         <c> </c>
         <w xml:id="o5153-114460"
            n="53-a-0570"
            ecep:lem="poet"
            ecep:pos="n1"
            ecep:reg="Poet"
            ecep:spe="Poet"
            ecep:syllab="2"
            ecep:pron="ˈpəʊɪt">Poet</w>
         <c> </c>
         <w xml:id="o5153-114470"
            n="53-a-0580"
            ecep:lem="sing"
            ecep:pos="vvi"
            ecep:reg="sing"
            ecep:spe="sing"
            ecep:syllab="1"
            ecep:pron="sɪŋ">sing</w>
         <pc xml:id="o5153-114480"
             n="53-a-0590"
             unit="sentence"
             ecep:lem="."
             ecep:pos="."
             ecep:reg="."
             ecep:spe=".">.</pc>
      </l>
   </lg>
   <lg n="2" xml:id="o5153-s00490">
      <head>
         <w xml:id="o5153-114520"
            n="53-a-0600"
            ecep:lem="ii"
            ecep:pos="crd"
            ecep:reg="II"
            ecep:spe="II"
            ecep:syllab="1"
            ecep:pron="rˌəʊməntˈuː">II</w>
         <pc xml:id="o5153-114530"
             n="53-a-0610"
             unit="sentence"
             ecep:lem="."
             ecep:pos="."
             ecep:reg="."
             ecep:spe=".">.</pc>
      </head>
      <l xml:id="o5153-l06020">
         <w xml:id="o5153-114550"
            n="53-a-0620"
            ecep:lem="again"
            ecep:pos="av"
            ecep:reg="Again"
            ecep:spe="Again"
            ecep:syllab="2"
            ecep:pron="əˈgen">Again</w>
         <c> </c>
         <w xml:id="o5153-114560"
            n="53-a-0630"
            ecep:lem="do"
            ecep:pos="vd2"
            ecep:reg="dost"
            ecep:spe="dost"
            ecep:syllab="1"
            ecep:pron="dʌst">dost</w>
         <c> </c>
         <w xml:id="o5153-114570"
            n="53-a-0640"
            ecep:lem="thou"
            ecep:pos="pns21"
            ecep:reg="thou"
            ecep:spe="thou"
            ecep:syllab="1"
            ecep:pron="θaʊ">thou</w>
         <c> </c>
         <w xml:id="o5153-114580"
            n="53-a-0650"
            ecep:lem="return"
            ecep:pos="vvi"
            ecep:reg="return"
            ecep:spe="return"
            ecep:syllab="2"
            ecep:pron="rɪˈtɜːn">return</w>
         <pc xml:id="o5153-114590"
             n="53-a-0660"
             ecep:lem=","
             ecep:pos=","
             ecep:reg=","
             ecep:spe=",">,</pc>
         <c> </c>
         <w xml:id="o5153-114600"
            n="53-a-0670"
            ecep:lem="but"
            ecep:pos="cc-acp"
            ecep:reg="but"
            ecep:spe="but"
            ecep:syllab="1"
            ecep:pron="bʌt">but</w>
         <c> </c>
         <w xml:id="o5153-114610"
            n="53-a-0680"
            ecep:lem="not"
            ecep:pos="xx"
            ecep:reg="not"
            ecep:spe="not"
            ecep:syllab="1"
            ecep:pron="nɒt">not</w>
         <c> </c>
         <w xml:id="o5153-114620"
            n="53-a-0690"
            ecep:lem="with"
            ecep:pos="p-acp"
            ecep:reg="with"
            ecep:spe="with"
            ecep:syllab="1"
            ecep:pron="wɪð">with</w>
         <c> </c>
         <w xml:id="o5153-114630"
            n="53-a-0700"
            ecep:lem="thou"
            ecep:pos="pno21"
            ecep:reg="thee"
            ecep:spe="thee"
            ecep:syllab="1"
            ecep:pron="ðiː">thee</w>
      </l>
      <l rendition="#h_1" xml:id="o5153-l06025">
         <w xml:id="o5153-114640"
            n="53-a-0710"
            ecep:lem="return"
            ecep:pos="vvb"
            ecep:reg="Return"
            ecep:spe="Return"
            ecep:syllab="2"
            ecep:pron="rɪˈtɜːn">Return</w>
         <c> </c>
         <w xml:id="o5153-114650"
            n="53-a-0720"
            ecep:lem="the"
            ecep:pos="dt"
            ecep:reg="the"
            ecep:spe="the"
            ecep:syllab="1"
            ecep:pron="ðiː">the</w>
         <c> </c>
         <w xml:id="o5153-114660"
            n="53-a-0730"
            ecep:lem="smile"
            ecep:pos="j-vvg"
            ecep:reg="smiling"
            ecep:spe="smiling"
            ecep:syllab="2"
            ecep:pron="smaɪlɪŋ">smiling</w>
         <c> </c>
         <w xml:id="o5153-114670"
            n="53-a-0740"
            ecep:lem="hour"
            ecep:pos="n2"
            ecep:reg="hours"
            ecep:spe="hours"
            ecep:syllab="1"
            ecep:pron="æəz">hours</w>
         <c> </c>
         <w xml:id="o5153-114680"
            n="53-a-0750"
            ecep:lem="i"
            ecep:pos="pns11"
            ecep:reg="I"
            ecep:spe="I"
            ecep:syllab="1"
            ecep:pron="aɪ">I</w>
         <c> </c>
         <w xml:id="o5153-114690"
            n="53-a-0760"
            ecep:lem="once"
            ecep:pos="a-acp"
            ecep:reg="once"
            ecep:spe="once"
            ecep:syllab="1"
            ecep:pron="wʌns">once</w>
         <c> </c>
         <w xml:id="o5153-114700"
            n="53-a-0770"
            ecep:lem="possess"
            ecep:pos="vvd"
            ecep:reg="possessed"
            ecep:spe="possess'd"
            ecep:syllab="2"
            ecep:pron="pəˈzest">possess'd</w>
         <pc xml:id="o5153-114710"
             n="53-a-0780"
             ecep:lem=";"
             ecep:pos=";"
             ecep:reg=";"
             ecep:spe=";">;</pc>
      </l>
      <l xml:id="o5153-l06030">
         <w xml:id="o5153-114720"
            n="53-a-0790"
            ecep:lem="blessing"
            ecep:pos="n2"
            ecep:reg="Blessings"
            ecep:spe="Blessings"
            ecep:syllab="2"
            ecep:pron="ˈblesɪŋz">Blessings</w>
         <c> </c>
         <w xml:id="o5153-114730"
            n="53-a-0800"
            ecep:lem="thou"
            ecep:pos="pns21"
            ecep:reg="thou"
            ecep:spe="thou"
            ecep:syllab="1"
            ecep:pron="θaʊ">thou</w>
         <c> </c>
         <w xml:id="o5153-114740"
            n="53-a-0810"
            ecep:lem="bring"
            ecep:pos="vv2"
            ecep:reg="bringest"
            ecep:spe="bring'st"
            ecep:syllab="1"
            ecep:pron="brɪŋst">bring'st</w>
         <c> </c>
         <w xml:id="o5153-114750"
            n="53-a-0820"
            ecep:lem="to"
            ecep:pos="pc-acp"
            ecep:reg="to"
            ecep:spe="to"
            ecep:syllab="1"
            ecep:pron="tuː">to</w>
         <c> </c>
         <w xml:id="o5153-114760"
            n="53-a-0830"
            ecep:lem="other"
            ecep:pos="n2-jn"
            ecep:reg="others"
            ecep:spe="others"
            ecep:syllab="2"
            ecep:pron="ˈʌðəz">others</w>
         <pc xml:id="o5153-114770"
             n="53-a-0840"
             ecep:lem=","
             ecep:pos=","
             ecep:reg=","
             ecep:spe=",">,</pc>
         <c> </c>
         <w xml:id="o5153-114780"
            n="53-a-0850"
            ecep:lem="but"
            ecep:pos="cc-acp"
            ecep:reg="but"
            ecep:spe="but"
            ecep:syllab="1"
            ecep:pron="bʌt">but</w>
         <c> </c>
         <w xml:id="o5153-114790"
            n="53-a-0860"
            ecep:lem="to"
            ecep:pos="p-acp"
            ecep:reg="to"
            ecep:spe="to"
            ecep:syllab="1"
            ecep:pron="tuː">to</w>
         <c> </c>
         <w xml:id="o5153-114800"
            n="53-a-0870"
            ecep:lem="i"
            ecep:pos="pno11"
            ecep:reg="me"
            ecep:spe="me"
            ecep:syllab="1"
            ecep:pron="miː">me</w>
      </l>
      <l rendition="#h_1" xml:id="o5153-l06035">
         <w xml:id="o5153-114810"
            n="53-a-0880"
            ecep:lem="the"
            ecep:pos="dt"
            ecep:reg="The"
            ecep:spe="The"
            ecep:syllab="1"
            ecep:pron="ðiː">The</w>
         <c> </c>
         <w xml:id="o5153-114820"
            n="53-a-0890"
            ecep:lem="sad"
            ecep:pos="j"
            ecep:reg="sad"
            ecep:spe="sad"
            ecep:syllab="1"
            ecep:pron="sæd">sad</w>
         <c> </c>
         <w xml:id="o5153-114830"
            n="53-a-0900"
            ecep:lem="remembrance"
            ecep:pos="n1"
            ecep:reg="remembrance"
            ecep:spe="remembrance"
            ecep:syllab="3"
            ecep:pron="rɪˈmembrns">remembrance</w>
         <pc xml:id="o5153-114840"
             n="53-a-0910"
             ecep:lem=","
             ecep:pos=","
             ecep:reg=","
             ecep:spe=",">,</pc>
         <c> </c>
         <w xml:id="o5153-114850"
            n="53-a-0920"
            ecep:lem="that"
            ecep:pos="cst"
            ecep:reg="that"
            ecep:spe="that"
            ecep:syllab="1"
            ecep:pron="ðæt">that</w>
         <c> </c>
         <w xml:id="o5153-114860"
            n="53-a-0930"
            ecep:lem="i"
            ecep:pos="pns11"
            ecep:reg="I"
            ecep:spe="I"
            ecep:syllab="1"
            ecep:pron="aɪ">I</w>
         <c> </c>
         <w xml:id="o5153-114870"
            n="53-a-0940"
            ecep:lem="once"
            ecep:pos="a-acp"
            ecep:reg="once"
            ecep:spe="once"
            ecep:syllab="1"
            ecep:pron="wʌns">once</w>
         <c> </c>
         <w xml:id="o5153-114880"
            n="53-a-0950"
            ecep:lem="be"
            ecep:pos="vbds"
            ecep:reg="was"
            ecep:spe="was"
            ecep:syllab="1"
            ecep:pron="wɒz">was</w>
         <c> </c>
         <w xml:id="o5153-114890"
            n="53-a-0960"
            ecep:lem="bless"
            ecep:pos="vvn"
            ecep:reg="blessed"
            ecep:spe="bless'd"
            ecep:syllab="1"
            ecep:pron="ˈblesɪd">bless'd</w>
         <pc xml:id="o5153-114900"
             n="53-a-0970"
             unit="sentence"
             ecep:lem="."
             ecep:pos="."
             ecep:reg="."
             ecep:spe=".">.</pc>
      </l>
   </lg>
   <lg n="3" xml:id="o5153-s00495">
      <head>
         <w xml:id="o5153-114940"
            n="53-a-0980"
            ecep:lem="iii"
            ecep:pos="crd"
            ecep:reg="III"
            ecep:spe="III"
            ecep:syllab="1"
            ecep:pron="rˌəʊmənθrˈiː">III</w>
         <pc xml:id="o5153-114950"
             n="53-a-0990"
             unit="sentence"
             ecep:lem="."
             ecep:pos="."
             ecep:reg="."
             ecep:spe=".">.</pc>
      </head>
      <l xml:id="o5153-l06040">
         <w xml:id="o5153-114970"
            n="53-a-1000"
            ecep:lem="thy"
            ecep:pos="po21"
            ecep:reg="Thy"
            ecep:spe="Thy"
            ecep:syllab="1"
            ecep:pron="ðaɪ">Thy</w>
         <c> </c>
         <w xml:id="o5153-114980"
            n="53-a-1010"
            ecep:lem="fade"
            ecep:pos="vvn"
            ecep:reg="faded"
            ecep:spe="faded"
            ecep:syllab="2"
            ecep:pron="feɪdɪd">faded</w>
         <c> </c>
         <w xml:id="o5153-114990"
            n="53-a-1020"
            ecep:lem="charm"
            ecep:pos="n2"
            ecep:reg="charms"
            ecep:spe="charms"
            ecep:syllab="1"
            ecep:pron="tʃɑːmz">charms</w>
         <pc xml:id="o5153-115000"
             n="53-a-1030"
             ecep:lem=","
             ecep:pos=","
             ecep:reg=","
             ecep:spe=",">,</pc>
         <c> </c>
         <w xml:id="o5153-115010"
            n="53-a-1040"
            ecep:lem="which"
            ecep:pos="r-crq"
            ecep:reg="which"
            ecep:spe="which"
            ecep:syllab="1"
            ecep:pron="wɪtʃ">which</w>
         <c> </c>
         <w xml:id="o5153-115020"
            n="53-a-1050"
            ecep:lem="winter"
            ecep:pos="n1"
            ecep:reg="Winter"
            ecep:spe="Winter"
            ecep:syllab="2"
            ecep:pron="ˈwɪntə">Winter</w>
         <c> </c>
         <w xml:id="o5153-115030"
            n="53-a-1060"
            ecep:lem="snatch"
            ecep:pos="vvd"
            ecep:reg="snatched"
            ecep:spe="snatch'd"
            ecep:syllab="1"
            ecep:pron="snætʃt">snatch'd</w>
         <c> </c>
         <w xml:id="o5153-115040"
            n="53-a-1070"
            ecep:lem="away"
            ecep:pos="av"
            ecep:reg="away"
            ecep:spe="away"
            ecep:syllab="2"
            ecep:pron="əˈweɪ">away</w>
         <pc xml:id="o5153-115050"
             n="53-a-1080"
             ecep:lem=","
             ecep:pos=","
             ecep:reg=","
             ecep:spe=",">,</pc>
      </l>
      <l rendition="#h_1" xml:id="o5153-l06045">
         <w xml:id="o5153-115060"
            n="53-a-1090"
            ecep:lem="renew"
            ecep:pos="vvn"
            ecep:reg="Renewed"
            ecep:spe="Renew'd"
            ecep:syllab="2"
            ecep:pron="rɪˈnjuːd">Renew'd</w>
         <c> </c>
         <w xml:id="o5153-115070"
            n="53-a-1100"
            ecep:lem="in"
            ecep:pos="p-acp"
            ecep:reg="in"
            ecep:spe="in"
            ecep:syllab="1"
            ecep:pron="ɪn">in</w>
         <c> </c>
         <w xml:id="o5153-115080"
            n="53-a-1110"
            ecep:lem="all"
            ecep:pos="d"
            ecep:reg="all"
            ecep:spe="all"
            ecep:syllab="1"
            ecep:pron="ɔːl">all</w>
         <c> </c>
         <w xml:id="o5153-115090"
            n="53-a-1120"
            ecep:lem="their"
            ecep:pos="po32"
            ecep:reg="their"
            ecep:spe="their"
            ecep:syllab="1"
            ecep:pron="ðeə">their</w>
         <c> </c>
         <w xml:id="o5153-115100"
            n="53-a-1130"
            ecep:lem="former"
            ecep:pos="j"
            ecep:reg="former"
            ecep:spe="former"
            ecep:syllab="2"
            ecep:pron="ˈfɔːmə">former</w>
         <c> </c>
         <w xml:id="o5153-115110"
            n="53-a-1140"
            ecep:lem="lustre"
            ecep:pos="n1"
            ecep:reg="lustre"
            ecep:spe="lustre"
            ecep:syllab="2"
            ecep:pron="ˈlʌstə">lustre</w>
         <c> </c>
         <w xml:id="o5153-115120"
            n="53-a-1150"
            ecep:lem="shine"
            ecep:pos="vvi"
            ecep:reg="shine"
            ecep:spe="shine"
            ecep:syllab="1"
            ecep:pron="ʃaɪn">shine</w>
         <pc xml:id="o5153-115130"
             n="53-a-1160"
             ecep:lem=";"
             ecep:pos=";"
             ecep:reg=";"
             ecep:spe=";">;</pc>
      </l>
      <l xml:id="o5153-l06050">
         <w xml:id="o5153-115140"
            n="53-a-1170"
            ecep:lem="but"
            ecep:pos="cc-acp"
            ecep:reg="But"
            ecep:spe="But"
            ecep:syllab="1"
            ecep:pron="bʌt">But</w>
         <c> </c>
         <w xml:id="o5153-115150"
            n="53-a-1180"
            ecep:lem="ah"
            ecep:pos="uh"
            ecep:reg="ah"
            ecep:spe="ah"
            ecep:syllab="1"
            ecep:pron="ɑː">ah</w>
         <pc xml:id="o5153-115160"
             n="53-a-1190"
             ecep:lem="!"
             ecep:pos="!"
             ecep:reg="!"
             ecep:spe="!">!</pc>
         <c> </c>
         <w xml:id="o5153-115170"
            n="53-a-1200"
            ecep:lem="no"
            ecep:pos="av-dx"
            ecep:reg="no"
            ecep:spe="no"
            ecep:syllab="1"
            ecep:pron="nəʊ">no</w>
         <c> </c>
         <w xml:id="o5153-115180"
            n="53-a-1210"
            ecep:lem="more"
            ecep:pos="dc"
            ecep:reg="more"
            ecep:spe="more"
            ecep:syllab="1"
            ecep:pron="mɔː">more</w>
         <c> </c>
         <w xml:id="o5153-115190"
            n="53-a-1220"
            ecep:lem="shall"
            ecep:pos="vmb"
            ecep:reg="shall"
            ecep:spe="shall"
            ecep:syllab="1"
            ecep:pron="ʃæl">shall</w>
         <c> </c>
         <w xml:id="o5153-115200"
            n="53-a-1230"
            ecep:lem="hapless"
            ecep:pos="j"
            ecep:reg="hapless"
            ecep:spe="hapless"
            ecep:syllab="2"
            ecep:pron="ˈhæpləs">hapless</w>
         <c> </c>
         <w xml:id="o5153-115210"
            n="53-a-1240"
            ecep:lem="i"
            ecep:pos="pns11"
            ecep:reg="I"
            ecep:spe="I"
            ecep:syllab="1"
            ecep:pron="aɪ">I</w>
         <c> </c>
         <w xml:id="o5153-115220"
            n="53-a-1250"
            ecep:lem="be"
            ecep:pos="vbi"
            ecep:reg="be"
            ecep:spe="be"
            ecep:syllab="1"
            ecep:pron="biː">be</w>
         <c> </c>
         <w xml:id="o5153-115230"
            n="53-a-1260"
            ecep:lem="gay"
            ecep:pos="j"
            ecep:reg="gay"
            ecep:spe="gay"
            ecep:syllab="1"
            ecep:pron="geɪ">gay</w>
         <pc xml:id="o5153-115240"
             n="53-a-1270"
             ecep:lem=","
             ecep:pos=","
             ecep:reg=","
             ecep:spe=",">,</pc>
      </l>
      <l rendition="#h_1" xml:id="o5153-l06055">
         <w xml:id="o5153-115250"
            n="53-a-1280"
            ecep:lem="or"
            ecep:pos="cc"
            ecep:reg="Or"
            ecep:spe="Or"
            ecep:syllab="1"
            ecep:pron="ɔː">Or</w>
         <c> </c>
         <w xml:id="o5153-115260"
            n="53-a-1290"
            ecep:lem="know"
            ecep:pos="vvb"
            ecep:reg="know"
            ecep:spe="know"
            ecep:syllab="1"
            ecep:pron="nəʊ">know</w>
         <c> </c>
         <w xml:id="o5153-115270"
            n="53-a-1300"
            ecep:lem="the"
            ecep:pos="dt"
            ecep:reg="the"
            ecep:spe="the"
            ecep:syllab="1"
            ecep:pron="ðiː">the</w>
         <c> </c>
         <w xml:id="o5153-115280"
            n="53-a-1310"
            ecep:lem="vernal"
            ecep:pos="j"
            ecep:reg="vernal"
            ecep:spe="vernal"
            ecep:syllab="2"
            ecep:pron="ˈvɜːnl">vernal</w>
         <c> </c>
         <w xml:id="o5153-115290"
            n="53-a-1320"
            ecep:lem="joy"
            ecep:pos="n2"
            ecep:reg="joys"
            ecep:spe="joys"
            ecep:syllab="1"
            ecep:pron="dʒɔɪz">joys</w>
         <c> </c>
         <w xml:id="o5153-115300"
            n="53-a-1330"
            ecep:lem="that"
            ecep:pos="cst"
            ecep:reg="that"
            ecep:spe="that"
            ecep:syllab="1"
            ecep:pron="ðæt">that</w>
         <c> </c>
         <w xml:id="o5153-115310"
            n="53-a-1340"
            ecep:lem="have"
            ecep:pos="vhb"
            ecep:reg="have"
            ecep:spe="have"
            ecep:syllab="1"
            ecep:pron="hæv">have</w>
         <c> </c>
         <w xml:id="o5153-115320"
            n="53-a-1350"
            ecep:lem="be"
            ecep:pos="vbn"
            ecep:reg="been"
            ecep:spe="been"
            ecep:syllab="1"
            ecep:pron="biːn">been</w>
         <c> </c>
         <w xml:id="o5153-115330"
            n="53-a-1360"
            ecep:lem="i"
            ecep:pos="png11"
            ecep:reg="mine"
            ecep:spe="mine"
            ecep:syllab="1"
            ecep:pron="maɪn">mine</w>
         <pc xml:id="o5153-115340"
             n="53-a-1370"
             unit="sentence"
             ecep:lem="."
             ecep:pos="."
             ecep:reg="."
             ecep:spe=".">.</pc>
      </l>
   </lg>
   <lg n="4" xml:id="o5153-s00500">
      <head>
         <w xml:id="o5153-115380"
            n="53-a-1380"
            ecep:lem="iv"
            ecep:pos="crd"
            ecep:reg="IV"
            ecep:spe="IV"
            ecep:syllab="1"
            ecep:pron="rˌəʊmənfˈɔː">IV</w>
         <pc xml:id="o5153-115390"
             n="53-a-1390"
             unit="sentence"
             ecep:lem="."
             ecep:pos="."
             ecep:reg="."
             ecep:spe=".">.</pc>
      </head>
      <l xml:id="o5153-l06060">
         <w xml:id="o5153-115410"
            n="53-a-1400"
            ecep:lem="though"
            ecep:pos="c-acp"
            ecep:reg="Though"
            ecep:spe="Tho'"
            ecep:syllab="1"
            ecep:pron="ðəʊ">Tho'</w>
         <c> </c>
         <w xml:id="o5153-115420"
            n="53-a-1410"
            ecep:lem="linnet"
            ecep:pos="n2"
            ecep:reg="linnets"
            ecep:spe="linnets"
            ecep:syllab="2"
            ecep:pron="ˈlɪnɪts">linnets</w>
         <c> </c>
         <w xml:id="o5153-115430"
            n="53-a-1420"
            ecep:lem="sing"
            ecep:pos="vvb"
            ecep:reg="sing"
            ecep:spe="sing"
            ecep:syllab="1"
            ecep:pron="sɪŋ">sing</w>
         <pc xml:id="o5153-115440"
             n="53-a-1430"
             ecep:lem=","
             ecep:pos=","
             ecep:reg=","
             ecep:spe=",">,</pc>
         <c> </c>
         <w xml:id="o5153-115450"
            n="53-a-1440"
            ecep:lem="though"
            ecep:pos="c-acp"
            ecep:reg="though"
            ecep:spe="tho'"
            ecep:syllab="1"
            ecep:pron="ðəʊ">tho'</w>
         <c> </c>
         <w xml:id="o5153-115460"
            n="53-a-1450"
            ecep:lem="flower"
            ecep:pos="n2"
            ecep:reg="flowers"
            ecep:spe="flow'rs"
            ecep:syllab="1"
            ecep:pron="flæəz">flow'rs</w>
         <c> </c>
         <w xml:id="o5153-115470"
            n="53-a-1460"
            ecep:lem="adorn"
            ecep:pos="vvb"
            ecep:reg="adorn"
            ecep:spe="adorn"
            ecep:syllab="2"
            ecep:pron="əˈdɔːn">adorn</w>
         <c> </c>
         <w xml:id="o5153-115480"
            n="53-a-1470"
            ecep:lem="the"
            ecep:pos="dt"
            ecep:reg="the"
            ecep:spe="the"
            ecep:syllab="1"
            ecep:pron="ðiː">the</w>
         <c> </c>
         <w xml:id="o5153-115490"
            n="53-a-1480"
            ecep:lem="green"
            ecep:pos="j-jn"
            ecep:reg="green"
            ecep:spe="green"
            ecep:syllab="1"
            ecep:pron="griːn">green</w>
         <pc xml:id="o5153-115500"
             n="53-a-1490"
             ecep:lem=","
             ecep:pos=","
             ecep:reg=","
             ecep:spe=",">,</pc>
      </l>
      <l rendition="#h_1" xml:id="o5153-l06065">
         <w xml:id="o5153-115510"
            n="53-a-1500"
            ecep:lem="though"
            ecep:pos="c-acp"
            ecep:reg="Though"
            ecep:spe="Tho'"
            ecep:syllab="1"
            ecep:pron="ðəʊ">Tho'</w>
         <c> </c>
         <w xml:id="o5153-115520"
            n="53-a-1510"
            ecep:lem="on"
            ecep:pos="p-acp"
            ecep:reg="on"
            ecep:spe="on"
            ecep:syllab="1"
            ecep:pron="ɒn">on</w>
         <c> </c>
         <w xml:id="o5153-115530"
            n="53-a-1520"
            ecep:lem="their"
            ecep:pos="po32"
            ecep:reg="their"
            ecep:spe="their"
            ecep:syllab="1"
            ecep:pron="ðeə">their</w>
         <c> </c>
         <w xml:id="o5153-115540"
            n="53-a-1530"
            ecep:lem="wing"
            ecep:pos="n2"
            ecep:reg="wings"
            ecep:spe="wings"
            ecep:syllab="1"
            ecep:pron="wɪŋz">wings</w>
         <c> </c>
         <w xml:id="o5153-115550"
            n="53-a-1540"
            ecep:lem="soft"
            ecep:pos="j"
            ecep:reg="soft"
            ecep:spe="soft"
            ecep:syllab="1"
            ecep:pron="sɒft">soft</w>
         <c> </c>
         <choice>
            <corr resp="#AH">
               <w xml:id="o5153-115561"
                  n="53-a-1550"
                  ecep:lem="zephyr"
                  ecep:pos="n2"
                  ecep:reg="zephyrs"
                  ecep:spe="zephyrs"
                  ecep:syllab="2"
                  ecep:pron="ˈzefəz">zephyrs</w>
            </corr>
         </choice>
         <c> </c>
         <w xml:id="o5153-115570"
            n="53-a-1560"
            ecep:lem="fragrance"
            ecep:pos="n1"
            ecep:reg="fragrance"
            ecep:spe="fragrance"
            ecep:syllab="2"
            ecep:pron="ˈfreɪgrəns">fragrance</w>
         <c> </c>
         <w xml:id="o5153-115580"
            n="53-a-1570"
            ecep:lem="bear"
            ecep:pos="vvi"
            ecep:reg="bear"
            ecep:spe="bear"
            ecep:syllab="1"
            ecep:pron="beə">bear</w>
         <pc xml:id="o5153-115590"
             n="53-a-1580"
             ecep:lem=";"
             ecep:pos=";"
             ecep:reg=";"
             ecep:spe=";">;</pc>
      </l>
      <l xml:id="o5153-l06070">
         <w xml:id="o5153-115600"
            n="53-a-1590"
            ecep:lem="harsh"
            ecep:pos="j"
            ecep:reg="Harsh"
            ecep:spe="Harsh"
            ecep:syllab="1"
            ecep:pron="hɑːʃ">Harsh</w>
         <c> </c>
         <w xml:id="o5153-115610"
            n="53-a-1600"
            ecep:lem="be"
            ecep:pos="vbz"
            ecep:reg="is"
            ecep:spe="is"
            ecep:syllab="1"
            ecep:pron="ɪz">is</w>
         <c> </c>
         <w xml:id="o5153-115620"
            n="53-a-1610"
            ecep:lem="the"
            ecep:pos="dt"
            ecep:reg="the"
            ecep:spe="the"
            ecep:syllab="1"
            ecep:pron="ðiː">the</w>
         <c> </c>
         <w xml:id="o5153-115630"
            n="53-a-1620"
            ecep:lem="music"
            ecep:pos="n1"
            ecep:reg="music"
            ecep:spe="musick"
            ecep:syllab="2"
            ecep:pron="mjˈuːzɪk">musick</w>
         <pc xml:id="o5153-115640"
             n="53-a-1630"
             ecep:lem=","
             ecep:pos=","
             ecep:reg=","
             ecep:spe=",">,</pc>
         <c> </c>
         <w xml:id="o5153-115650"
            n="53-a-1640"
            ecep:lem="joyless"
            ecep:pos="j"
            ecep:reg="joyless"
            ecep:spe="joyless"
            ecep:syllab="2"
            ecep:pron="ˈdʒɔɪləs">joyless</w>
         <c> </c>
         <w xml:id="o5153-115660"
            n="53-a-1650"
            ecep:lem="be"
            ecep:pos="vbz"
            ecep:reg="is"
            ecep:spe="is"
            ecep:syllab="1"
            ecep:pron="ɪz">is</w>
         <c> </c>
         <w xml:id="o5153-115670"
            n="53-a-1660"
            ecep:lem="the"
            ecep:pos="dt"
            ecep:reg="the"
            ecep:spe="the"
            ecep:syllab="1"
            ecep:pron="ðiː">the</w>
         <c> </c>
         <w xml:id="o5153-115680"
            n="53-a-1670"
            ecep:lem="scene"
            ecep:pos="n1"
            ecep:reg="scene"
            ecep:spe="scene"
            ecep:syllab="1"
            ecep:pron="siːn">scene</w>
         <pc xml:id="o5153-115690"
             n="53-a-1680"
             ecep:lem=","
             ecep:pos=","
             ecep:reg=","
             ecep:spe=",">,</pc>
      </l>
      <l rendition="#h_1" xml:id="o5153-l06075">
         <w xml:id="o5153-115700"
            n="53-a-1690"
            ecep:lem="the"
            ecep:pos="dt"
            ecep:reg="The"
            ecep:spe="The"
            ecep:syllab="1"
            ecep:pron="ðiː">The</w>
         <c> </c>
         <w xml:id="o5153-115710"
            n="53-a-1700"
            ecep:lem="odour"
            ecep:pos="n1"
            ecep:reg="odour"
            ecep:spe="odour"
            ecep:syllab="2"
            ecep:pron="ˈəʊdə">odour</w>
         <c> </c>
         <w xml:id="o5153-115720"
            n="53-a-1710"
            ecep:lem="faint"
            ecep:pos="j"
            ecep:reg="faint"
            ecep:spe="faint"
            ecep:syllab="1"
            ecep:pron="feɪnt">faint</w>
         <pc xml:id="o5153-115730"
             n="53-a-1720"
             ecep:lem=";"
             ecep:pos=";"
             ecep:reg=";"
             ecep:spe=";">;</pc>
         <c> </c>
         <w xml:id="o5153-115740"
            n="53-a-1730"
            ecep:lem="for"
            ecep:pos="p-acp"
            ecep:reg="for"
            ecep:spe="for"
            ecep:syllab="1"
            ecep:pron="fɔː">for</w>
         <c> </c>
         <w xml:id="o5153-115750"
            n="53-a-1740"
            ecep:lem="Delia"
            ecep:pos="np1"
            ecep:reg="Delia"
            ecep:spe="Delia"
            ecep:syllab="2"
            ecep:pron="ˈdiːliə">Delia</w>
         <c> </c>
         <w xml:id="o5153-115760"
            n="53-a-1750"
            ecep:lem="be"
            ecep:pos="vbz"
            ecep:reg="is"
            ecep:spe="is"
            ecep:syllab="1"
            ecep:pron="ɪz">is</w>
         <c> </c>
         <w xml:id="o5153-115770"
            n="53-a-1760"
            ecep:lem="not"
            ecep:pos="xx"
            ecep:reg="not"
            ecep:spe="not"
            ecep:syllab="1"
            ecep:pron="nɒt">not</w>
         <c> </c>
         <w xml:id="o5153-115780"
            n="53-a-1770"
            ecep:lem="there"
            ecep:pos="a-acp"
            ecep:reg="there"
            ecep:spe="there"
            ecep:syllab="1"
            ecep:pron="ðeə">there</w>
         <pc xml:id="o5153-115790"
             n="53-a-1780"
             unit="sentence"
             ecep:lem="."
             ecep:pos="."
             ecep:reg="."
             ecep:spe=".">.</pc>
      </l>
   </lg>
   <pb facs="o5153/0057_L" n="52" rend="none"/>
   <lg n="5" xml:id="o5153-s00505">
      <head>
         <w xml:id="o5153-115830"
            n="54-a-0010"
            ecep:lem="v."
            ecep:pos="crd"
            ecep:reg="V"
            ecep:spe="V."
            ecep:syllab="1"
            ecep:pron="viː">V.</w>
         <pc unit="sentence" xml:id="o5153-115830-eos" n="54-a-0020"/>
      </head>
      <l xml:id="o5153-l06080">
         <w xml:id="o5153-115850"
            n="54-a-0030"
            ecep:lem="cheerless"
            ecep:pos="j"
            ecep:reg="Cheerless"
            ecep:spe="Cheerless"
            ecep:syllab="2"
            ecep:pron="ˈtʃɪələs">Cheerless</w>
         <c> </c>
         <w xml:id="o5153-115860"
            n="54-a-0040"
            ecep:lem="and"
            ecep:pos="cc"
            ecep:reg="and"
            ecep:spe="and"
            ecep:syllab="1"
            ecep:pron="ænd">and</w>
         <c> </c>
         <w xml:id="o5153-115870"
            n="54-a-0050"
            ecep:lem="cold"
            ecep:pos="n-jn"
            ecep:reg="cold"
            ecep:spe="cold"
            ecep:syllab="1"
            ecep:pron="kəʊld">cold</w>
         <c> </c>
         <w xml:id="o5153-115880"
            n="54-a-0060"
            ecep:lem="i"
            ecep:pos="pns11"
            ecep:reg="I"
            ecep:spe="I"
            ecep:syllab="1"
            ecep:pron="aɪ">I</w>
         <c> </c>
         <w xml:id="o5153-115890"
            n="54-a-0070"
            ecep:lem="feel"
            ecep:pos="vvb"
            ecep:reg="feel"
            ecep:spe="feel"
            ecep:syllab="1"
            ecep:pron="fiːl">feel</w>
         <c> </c>
         <w xml:id="o5153-115900"
            n="54-a-0080"
            ecep:lem="the"
            ecep:pos="dt"
            ecep:reg="the"
            ecep:spe="the"
            ecep:syllab="1"
            ecep:pron="ðiː">the</w>
         <c> </c>
         <w xml:id="o5153-115910"
            n="54-a-0090"
            ecep:lem="genial"
            ecep:pos="j"
            ecep:reg="genial"
            ecep:spe="genial"
            ecep:syllab="2"
            ecep:pron="ˈdʒiːniəl">genial</w>
         <c> </c>
         <w xml:id="o5153-115920"
            n="54-a-0100"
            ecep:lem="sun"
            ecep:pos="n1"
            ecep:reg="sun"
            ecep:spe="sun"
            ecep:syllab="1"
            ecep:pron="sʌn">sun</w>
         <pc xml:id="o5153-115930"
             n="54-a-0110"
             ecep:lem=","
             ecep:pos=","
             ecep:reg=","
             ecep:spe=",">,</pc>
      </l>
      <l rendition="#h_1" xml:id="o5153-l06085">
         <w xml:id="o5153-115940"
            n="54-a-0120"
            ecep:lem="from"
            ecep:pos="p-acp"
            ecep:reg="From"
            ecep:spe="From"
            ecep:syllab="1"
            ecep:pron="frɒm">From</w>
         <c> </c>
         <w xml:id="o5153-115950"
            n="54-a-0130"
            ecep:lem="thou"
            ecep:pos="pno21"
            ecep:reg="thee"
            ecep:spe="thee"
            ecep:syllab="1"
            ecep:pron="ðiː">thee</w>
         <c> </c>
         <w xml:id="o5153-115960"
            n="54-a-0140"
            ecep:lem="while"
            ecep:pos="cs"
            ecep:reg="while"
            ecep:spe="while"
            ecep:syllab="1"
            ecep:pron="ˈwaɪl">while</w>
         <c> </c>
         <w xml:id="o5153-115970"
            n="54-a-0150"
            ecep:lem="absent"
            ecep:pos="vvb"
            ecep:reg="absent"
            ecep:spe="absent"
            ecep:syllab="2"
            ecep:pron="ˈæbsnt">absent</w>
         <c> </c>
         <w xml:id="o5153-115980"
            n="54-a-0160"
            ecep:lem="i"
            ecep:pos="pns11"
            ecep:reg="I"
            ecep:spe="I"
            ecep:syllab="1"
            ecep:pron="aɪ">I</w>
         <c> </c>
         <w xml:id="o5153-115990"
            n="54-a-0170"
            ecep:lem="in"
            ecep:pos="p-acp"
            ecep:reg="in"
            ecep:spe="in"
            ecep:syllab="1"
            ecep:pron="ɪn">in</w>
         <c> </c>
         <w xml:id="o5153-116000"
            n="54-a-0180"
            ecep:lem="exile"
            ecep:pos="n1"
            ecep:reg="exile"
            ecep:spe="exile"
            ecep:syllab="2"
            ecep:pron="ˈeksaɪl">exile</w>
         <c> </c>
         <w xml:id="o5153-116010"
            n="54-a-0190"
            ecep:lem="rove"
            ecep:pos="vvb"
            ecep:reg="rove"
            ecep:spe="rove"
            ecep:syllab="1"
            ecep:pron="rəʊv">rove</w>
         <pc xml:id="o5153-116020"
             n="54-a-0200"
             ecep:lem=";"
             ecep:pos=";"
             ecep:reg=";"
             ecep:spe=";">;</pc>
      </l>
      <l xml:id="o5153-l06090">
         <w xml:id="o5153-116030"
            n="54-a-0210"
            ecep:lem="thy"
            ecep:pos="po21"
            ecep:reg="Thy"
            ecep:spe="Thy"
            ecep:syllab="1"
            ecep:pron="ðaɪ">Thy</w>
         <c> </c>
         <w xml:id="o5153-116040"
            n="54-a-0220"
            ecep:lem="lovely"
            ecep:pos="j"
            ecep:reg="lovely"
            ecep:spe="lovely"
            ecep:syllab="2"
            ecep:pron="ˈlʌvli">lovely</w>
         <c> </c>
         <w xml:id="o5153-116050"
            n="54-a-0230"
            ecep:lem="presence"
            ecep:pos="n1"
            ecep:reg="presence"
            ecep:spe="presence"
            ecep:syllab="2"
            ecep:pron="ˈprezns">presence</w>
         <pc xml:id="o5153-116060"
             n="54-a-0240"
             ecep:lem=","
             ecep:pos=","
             ecep:reg=","
             ecep:spe=",">,</pc>
         <c> </c>
         <w xml:id="o5153-116070"
            n="54-a-0250"
            ecep:lem="fair"
            ecep:pos="js"
            ecep:reg="fairest"
            ecep:spe="fairest"
            ecep:syllab="2"
            ecep:pron="feəɪst">fairest</w>
         <c> </c>
         <w xml:id="o5153-116080"
            n="54-a-0260"
            ecep:lem="light"
            ecep:pos="n1"
            ecep:reg="light"
            ecep:spe="light"
            ecep:syllab="1"
            ecep:pron="laɪt">light</w>
         <pc xml:id="o5153-116090"
             n="54-a-0270"
             ecep:lem=","
             ecep:pos=","
             ecep:reg=","
             ecep:spe=",">,</pc>
         <c> </c>
         <w xml:id="o5153-116100"
            n="54-a-0280"
            ecep:lem="alone"
            ecep:pos="av-j"
            ecep:reg="alone"
            ecep:spe="alone"
            ecep:syllab="2"
            ecep:pron="əˈləʊn">alone</w>
      </l>
      <l rendition="#h_1" xml:id="o5153-l06095">
         <w xml:id="o5153-116110"
            n="54-a-0290"
            ecep:lem="can"
            ecep:pos="vmb"
            ecep:reg="Can"
            ecep:spe="Can"
            ecep:syllab="1"
            ecep:pron="kæn">Can</w>
         <c> </c>
         <w xml:id="o5153-116120"
            n="54-a-0300"
            ecep:lem="warm"
            ecep:pos="vvi"
            ecep:reg="warm"
            ecep:spe="warm"
            ecep:syllab="1"
            ecep:pron="wɔːm">warm</w>
         <c> </c>
         <w xml:id="o5153-116130"
            n="54-a-0310"
            ecep:lem="my"
            ecep:pos="po11"
            ecep:reg="my"
            ecep:spe="my"
            ecep:syllab="1"
            ecep:pron="maɪ">my</w>
         <c> </c>
         <w xml:id="o5153-116140"
            n="54-a-0320"
            ecep:lem="heart"
            ecep:pos="n1"
            ecep:reg="heart"
            ecep:spe="heart"
            ecep:syllab="1"
            ecep:pron="hɑːt">heart</w>
         <c> </c>
         <w xml:id="o5153-116150"
            n="54-a-0330"
            ecep:lem="to"
            ecep:pos="p-acp"
            ecep:reg="to"
            ecep:spe="to"
            ecep:syllab="1"
            ecep:pron="tuː">to</w>
         <c> </c>
         <w xml:id="o5153-116160"
            n="54-a-0340"
            ecep:lem="gladness"
            ecep:pos="n1"
            ecep:reg="gladness"
            ecep:spe="gladness"
            ecep:syllab="2"
            ecep:pron="glædnəs">gladness</w>
         <c> </c>
         <w xml:id="o5153-116170"
            n="54-a-0350"
            ecep:lem="and"
            ecep:pos="cc"
            ecep:reg="and"
            ecep:spe="and"
            ecep:syllab="1"
            ecep:pron="ænd">and</w>
         <c> </c>
         <w xml:id="o5153-116180"
            n="54-a-0360"
            ecep:lem="to"
            ecep:pos="pc-acp"
            ecep:reg="to"
            ecep:spe="to"
            ecep:syllab="1"
            ecep:pron="tuː">to</w>
         <c> </c>
         <w xml:id="o5153-116190"
            n="54-a-0370"
            ecep:lem="love"
            ecep:pos="vvi"
            ecep:reg="love"
            ecep:spe="love"
            ecep:syllab="1"
            ecep:pron="lʌv">love</w>
         <pc xml:id="o5153-116200"
             n="54-a-0380"
             unit="sentence"
             ecep:lem="."
             ecep:pos="."
             ecep:reg="."
             ecep:spe=".">.</pc>
      </l>
   </lg>
</div>
