<?xml version="1.0" encoding="UTF-8"?>
<?xml-model href="../tei_all.rnc" type="application/relax-ng-compact-syntax"?>
<TEI xmlns="http://www.tei-c.org/ns/1.0">
   <teiHeader>
      <fileDesc>
         <titleStmt>
            <title corresp="#txt_CottNa1705_w0007">TO THE MEMORY OF THE LATE DUKE OF BRIDGEWATER, MDCCXLVIII.</title>
            <author corresp="authors.xml#aut_CottNa1705">Nathaniel Cotton</author>
            <respStmt>
               <name xml:id="AH">Alexander Huber</name>
               <resp>Editor</resp>
            </respStmt>
            <funder>
               <name type="institution" xml:id="BOD">Bodleian Libraries, University of Oxford</name>
               <address>
                  <addrLine>Broad Street</addrLine>
                  <addrLine>Oxford OX1 3BG</addrLine>
                  <addrLine>UK</addrLine>
               </address>
            </funder>
         </titleStmt>
         <publicationStmt>
            <publisher xml:id="ECPA">Eighteenth-Century Poetry Archive</publisher>
            <address>
               <addrLine>Taylor Institution Library</addrLine>
               <addrLine>St Giles'</addrLine>
               <addrLine>Oxford OX1 3NA</addrLine>
               <addrLine>UK</addrLine>
               <addrLine>
                  <email>info@eighteenthcenturypoetry.org</email>
               </addrLine>
               <addrLine>
                  <ref target="https://www.eighteenthcenturypoetry.org/">https://www.eighteenthcenturypoetry.org/</ref>
               </addrLine>
            </address>
            <pubPlace>Oxford</pubPlace>
            <availability status="restricted">
               <licence target="http://creativecommons.org/licenses/by-sa/3.0/">This work is licensed under a Creative Commons Attribution-ShareAlike 3.0 Unported License.</licence>
            </availability>
            <idno type="ESTC">T116245</idno>
            <idno type="DMI">1137</idno>
            <idno type="TCP">K093079.004</idno>
         </publicationStmt>
         <sourceDesc>
            <bibl>
               <author>Pearch, G.</author>
               <title>A collection of poems in four volumes. By several hands. Vol. IV.</title>
               <edition>[The second edition].</edition>
               <pubPlace>London</pubPlace>
               <publisher>printed for G. Pearch</publisher>
               <date>1770</date>
               <biblScope>pp. 206-207.</biblScope>
               <extent>4v. ; 8⁰.</extent>
            </bibl>
         </sourceDesc>
      </fileDesc>
      <encodingDesc>
         <projectDesc>
            <p>This e-text is part of the Works section of the Eighteenth-Century Poetry Archive (ECPA).</p>
            <p>XML created for the Eighteenth-Century Poetry Archive (ECPA).</p>
         </projectDesc>
         <editorialDecl>
            <p>The text has been typographically modernized, but without any silent modernization of
						spelling, capitalization, or punctuation. The source of the text is given and all editorial interventions
						have been recorded in textual notes. Based on the electronic text originally produced by the TCP project, this  text has been edited to conform to the recommendations found in Level 5 of the
						Best Practices for TEI in Libraries version 4.0.0.
					</p>
         </editorialDecl>
         <classDecl>
            <taxonomy xml:id="LCNAF">
               <bibl>Library of Congress Name Authority File (<abbr>LCNAF</abbr>)</bibl>
            </taxonomy>
         </classDecl>
         <tagsDecl>
            <rendition n="linegroups indented" xml:id="lgindent" scheme="css">text-indent: 1em;</rendition>
            <rendition n="linegroups vertically spaced" xml:id="lgvspace" scheme="css">margin-bottom: 1em;</rendition>
            <rendition n="aligned centrally" xml:id="align-center" scheme="css">text-align: center;</rendition>
            <rendition n="aligned right" xml:id="align-right" scheme="css">text-align: right;</rendition>
            <rendition n="aligned left" xml:id="align-left" scheme="css">text-align: left;</rendition>
            <rendition n="inline" xml:id="inline" scheme="css">display: inline</rendition>
            <rendition n="italic" xml:id="i" scheme="css">font-style: italic;</rendition>
            <rendition n="bold" xml:id="b" scheme="css">font-weight: bold;</rendition>
         </tagsDecl>
      </encodingDesc>
   </teiHeader>
   <text>
      <body>
         <div xmlns:ecep="http://www.eighteenthcenturypoetry.org/ns"
              xmlns:tei="http://www.tei-c.org/ns/1.0"
              ana="#iamb #pentameter #couplet #heroiccouplet #elegy"
              corresp="#txt_CottNa1705_w0007"
              decls="#semi-normalized"
              ecep:syllab="10"
              met="-+|-+|-+|-+|-+/"
              rendition="#lgindent"
              rhyme="aa"
              subtype="eceptext"
              type="poem"
              xml:id="o4987-w0730">
            <link target="authors.xml#aut_CottNa1705" type="author"/>
            <link target="30842" type="DMI"/>
            <head type="main">
               <w xml:id="o4987-412860"
                  n="204-a-0850"
                  ecep:lem="to"
                  ecep:pos="p-acp"
                  ecep:reg="TO"
                  ecep:spe="TO"
                  ecep:syllab="1"
                  ecep:pron="tuː">TO</w>
               <c> </c>
               <w xml:id="o4987-412870"
                  n="204-a-0860"
                  ecep:lem="the"
                  ecep:pos="dt"
                  ecep:reg="THE"
                  ecep:spe="THE"
                  ecep:syllab="1"
                  ecep:pron="ðiː">THE</w>
               <c> </c>
               <w xml:id="o4987-412880"
                  n="204-a-0870"
                  ecep:lem="memory"
                  ecep:pos="n1"
                  ecep:reg="MEMORY"
                  ecep:spe="MEMORY"
                  ecep:syllab="3"
                  ecep:pron="ˈmemri">MEMORY</w>
               <c> </c>
               <w xml:id="o4987-412890"
                  n="204-a-0880"
                  ecep:lem="of"
                  ecep:pos="pp-f"
                  ecep:reg="OF"
                  ecep:spe="OF"
                  ecep:syllab="1"
                  ecep:pron="ɒv">OF</w>
               <c> </c>
               <w xml:id="o4987-412900"
                  n="204-a-0890"
                  ecep:lem="the"
                  ecep:pos="dt"
                  ecep:reg="THE"
                  ecep:spe="THE"
                  ecep:syllab="1"
                  ecep:pron="ðiː">THE</w>
               <c> </c>
               <w xml:id="o4987-412910"
                  n="204-a-0900"
                  ecep:lem="late"
                  ecep:pos="av-j"
                  ecep:reg="LATE"
                  ecep:spe="LATE"
                  ecep:syllab="1"
                  ecep:pron="leɪt">LATE</w>
               <c> </c>
               <w xml:id="o4987-412920"
                  n="204-a-0910"
                  ecep:lem="duke"
                  ecep:pos="n1"
                  ecep:reg="DUKE"
                  ecep:spe="DUKE"
                  ecep:syllab="1"
                  ecep:pron="dʒuːk">DUKE</w>
               <c> </c>
               <w xml:id="o4987-412930"
                  n="204-a-0920"
                  ecep:lem="of"
                  ecep:pos="pp-f"
                  ecep:reg="OF"
                  ecep:spe="OF"
                  ecep:syllab="1"
                  ecep:pron="ɒv">OF</w>
               <c> </c>
               <w xml:id="o4987-412940"
                  n="204-a-0930"
                  ecep:lem="Bridgewater"
                  ecep:pos="np1"
                  ecep:reg="BRIDGEWATER"
                  ecep:spe="BRIDGEWATER"
                  ecep:syllab="3"
                  ecep:pron="ˈbrɪdʒˌwɔːtə">BRIDGEWATER</w>
               <pc xml:id="o4987-412950"
                   n="204-a-0940"
                   ecep:lem=","
                   ecep:pos=","
                   ecep:reg=","
                   ecep:spe=",">,</pc>
               <c> </c>
               <w xml:id="o4987-412960"
                  n="204-a-0950"
                  ecep:lem="mdccxlviii"
                  ecep:pos="crd"
                  ecep:reg="MDCCXLVIII"
                  ecep:spe="MDCCXLVIII"
                  ecep:syllab="3"
                  ecep:pron="ˌemdˌiːsˈiːsˌiːˌeksˈelvˈɪɪˌaɪ">MDCCXLVIII</w>
               <pc xml:id="o4987-412970"
                   n="204-a-0960"
                   unit="sentence"
                   ecep:lem="."
                   ecep:pos="."
                   ecep:reg="."
                   ecep:spe=".">.</pc>
            </head>
            <byline>
               <w xml:id="o4987-413000"
                  n="204-a-0970"
                  ecep:lem="by"
                  ecep:pos="p-acp"
                  ecep:reg="BY"
                  ecep:spe="BY"
                  ecep:syllab="1"
                  ecep:pron="baɪ">BY</w>
               <c> </c>
               <w xml:id="o4987-413010"
                  n="204-a-0980"
                  ecep:lem="the"
                  ecep:pos="dt"
                  ecep:reg="THE"
                  ecep:spe="THE"
                  ecep:syllab="1"
                  ecep:pron="ðiː">THE</w>
               <c> </c>
               <w xml:id="o4987-413020"
                  n="204-a-0990"
                  ecep:lem="same"
                  ecep:pos="d"
                  ecep:reg="SAME"
                  ecep:spe="SAME"
                  ecep:syllab="1"
                  ecep:pron="seɪm">SAME</w>
               <pc xml:id="o4987-413030"
                   n="204-a-1000"
                   unit="sentence"
                   ecep:lem="."
                   ecep:pos="."
                   ecep:reg="."
                   ecep:spe=".">.</pc>
            </byline>
            <lg xml:id="o4987-s03105">
               <l xml:id="o4987-l22390">
                  <w xml:id="o4987-413060"
                     n="204-a-1010"
                     ecep:lem="patient"
                     ecep:pos="j"
                     ecep:reg="PAtient"
                     ecep:spe="PAtient"
                     ecep:syllab="2"
                     ecep:pron="ˈpeɪʃnt">PAtient</w>
                  <c> </c>
                  <w xml:id="o4987-413070"
                     n="204-a-1020"
                     ecep:lem="to"
                     ecep:pos="pc-acp"
                     ecep:reg="to"
                     ecep:spe="to"
                     ecep:syllab="1"
                     ecep:pron="tuː">to</w>
                  <c> </c>
                  <w xml:id="o4987-413080"
                     n="204-a-1030"
                     ecep:lem="hear"
                     ecep:pos="vvi"
                     ecep:reg="hear"
                     ecep:spe="hear"
                     ecep:syllab="1"
                     ecep:pron="hɪə">hear</w>
                  <pc xml:id="o4987-413090"
                      n="204-a-1040"
                      ecep:lem=","
                      ecep:pos=","
                      ecep:reg=","
                      ecep:spe=",">,</pc>
                  <c> </c>
                  <w xml:id="o4987-413100"
                     n="204-a-1050"
                     ecep:lem="and"
                     ecep:pos="cc"
                     ecep:reg="and"
                     ecep:spe="and"
                     ecep:syllab="1"
                     ecep:pron="ænd">and</w>
                  <c> </c>
                  <w xml:id="o4987-413110"
                     n="204-a-1060"
                     ecep:lem="bounteous"
                     ecep:pos="j"
                     ecep:reg="bounteous"
                     ecep:spe="bounteous"
                     ecep:syllab="2"
                     ecep:pron="ˈbaʊntiəs">bounteous</w>
                  <c> </c>
                  <w xml:id="o4987-413120"
                     n="204-a-1070"
                     ecep:lem="to"
                     ecep:pos="pc-acp"
                     ecep:reg="to"
                     ecep:spe="to"
                     ecep:syllab="1"
                     ecep:pron="tuː">to</w>
                  <c> </c>
                  <w xml:id="o4987-413130"
                     n="204-a-1080"
                     ecep:lem="bestow"
                     ecep:pos="vvi"
                     ecep:reg="bestow"
                     ecep:spe="bestow"
                     ecep:syllab="2"
                     ecep:pron="bɪˈstəʊ">bestow</w>
                  <pc xml:id="o4987-413140"
                      n="204-a-1090"
                      ecep:lem=";"
                      ecep:pos=";"
                      ecep:reg=";"
                      ecep:spe=";">;</pc>
               </l>
               <l xml:id="o4987-l22395">
                  <c> </c>
                  <w xml:id="o4987-413150"
                     n="204-a-1100"
                     ecep:lem="a"
                     ecep:pos="dt"
                     ecep:reg="A"
                     ecep:spe="A"
                     ecep:syllab="1"
                     ecep:pron="ə">A</w>
                  <c> </c>
                  <w xml:id="o4987-413160"
                     n="204-a-1110"
                     ecep:lem="mind"
                     ecep:pos="n1"
                     ecep:reg="mind"
                     ecep:spe="mind"
                     ecep:syllab="1"
                     ecep:pron="maɪnd">mind</w>
                  <c> </c>
                  <w xml:id="o4987-413170"
                     n="204-a-1120"
                     ecep:lem="that"
                     ecep:pos="cst"
                     ecep:reg="that"
                     ecep:spe="that"
                     ecep:syllab="1"
                     ecep:pron="ðæt">that</w>
                  <c> </c>
                  <w xml:id="o4987-413180"
                     n="204-a-1130"
                     ecep:lem="melt"
                     ecep:pos="vvd"
                     ecep:reg="melted"
                     ecep:spe="melted"
                     ecep:syllab="2"
                     ecep:pron="meltɪd">melted</w>
                  <c> </c>
                  <w xml:id="o4987-413190"
                     n="204-a-1140"
                     ecep:lem="at"
                     ecep:pos="p-acp"
                     ecep:reg="at"
                     ecep:spe="at"
                     ecep:syllab="1"
                     ecep:pron="æt">at</w>
                  <c> </c>
                  <w xml:id="o4987-413200"
                     n="204-a-1150"
                     ecep:lem="another"
                     ecep:pos="ng1-jn"
                     ecep:reg="another's"
                     ecep:spe="another's"
                     ecep:syllab="3"
                     ecep:pron="əˈnʌðəz">another's</w>
                  <c> </c>
                  <w xml:id="o4987-413210"
                     n="204-a-1160"
                     ecep:lem="woe"
                     ecep:pos="n1"
                     ecep:reg="woe"
                     ecep:spe="woe"
                     ecep:syllab="1"
                     ecep:pron="wəʊ">woe</w>
                  <pc xml:id="o4987-413220"
                      n="204-a-1170"
                      ecep:lem=";"
                      ecep:pos=";"
                      ecep:reg=";"
                      ecep:spe=";">;</pc>
               </l>
               <l xml:id="o4987-l22400">
                  <c> </c>
                  <w xml:id="o4987-413230"
                     n="204-a-1180"
                     ecep:lem="studious"
                     ecep:pos="j"
                     ecep:reg="Studious"
                     ecep:spe="Studious"
                     ecep:syllab="3"
                     ecep:pron="ˈstjuːdiəs">Studious</w>
                  <c> </c>
                  <w xml:id="o4987-413240"
                     n="204-a-1190"
                     ecep:lem="to"
                     ecep:pos="pc-acp"
                     ecep:reg="to"
                     ecep:spe="to"
                     ecep:syllab="1"
                     ecep:pron="tuː">to</w>
                  <c> </c>
                  <w xml:id="o4987-413250"
                     n="204-a-1200"
                     ecep:lem="act"
                     ecep:pos="vvi"
                     ecep:reg="act"
                     ecep:spe="act"
                     ecep:syllab="1"
                     ecep:pron="ækt">act</w>
                  <c> </c>
                  <w xml:id="o4987-413260"
                     n="204-a-1210"
                     ecep:lem="the"
                     ecep:pos="dt"
                     ecep:reg="the"
                     ecep:spe="the"
                     ecep:syllab="1"
                     ecep:pron="ðiː">the</w>
                  <c> </c>
                  <w xml:id="o4987-413270"
                     n="204-a-1220"
                     ecep:lem="self-approving"
                     ecep:pos="j"
                     ecep:reg="self-approving"
                     ecep:spe="self-approving"
                     ecep:syllab="4"
                     ecep:pron="ˌselfəˈpruːvɪŋ">self-approving</w>
                  <c> </c>
                  <w xml:id="o4987-413280"
                     n="204-a-1230"
                     ecep:lem="part"
                     ecep:pos="n1"
                     ecep:reg="part"
                     ecep:spe="part"
                     ecep:syllab="1"
                     ecep:pron="pɑːt">part</w>
                  <pc xml:id="o4987-413290"
                      n="204-a-1240"
                      ecep:lem=","
                      ecep:pos=","
                      ecep:reg=","
                      ecep:spe=",">,</pc>
               </l>
               <l xml:id="o4987-l22405">
                  <c> </c>
                  <w xml:id="o4987-413300"
                     n="204-a-1250"
                     ecep:lem="that"
                     ecep:pos="cst"
                     ecep:reg="That"
                     ecep:spe="That"
                     ecep:syllab="1"
                     ecep:pron="ðæt">That</w>
                  <c> </c>
                  <w xml:id="o4987-413310"
                     n="204-a-1260"
                     ecep:lem="midnight"
                     ecep:pos="n1"
                     ecep:reg="midnight"
                     ecep:spe="midnight"
                     ecep:syllab="2"
                     ecep:pron="ˈmɪdnaɪt">midnight</w>
                  <c> </c>
                  <w xml:id="o4987-413320"
                     n="204-a-1270"
                     ecep:lem="music"
                     ecep:pos="n1"
                     ecep:reg="music"
                     ecep:spe="music"
                     ecep:syllab="2"
                     ecep:pron="ˈmjuːzɪk">music</w>
                  <c> </c>
                  <w xml:id="o4987-413330"
                     n="204-a-1280"
                     ecep:lem="of"
                     ecep:pos="pp-f"
                     ecep:reg="of"
                     ecep:spe="of"
                     ecep:syllab="1"
                     ecep:pron="ɒv">of</w>
                  <c> </c>
                  <w xml:id="o4987-413340"
                     n="204-a-1290"
                     ecep:lem="the"
                     ecep:pos="dt"
                     ecep:reg="the"
                     ecep:spe="the"
                     ecep:syllab="1"
                     ecep:pron="ðiː">the</w>
                  <c> </c>
                  <w xml:id="o4987-413350"
                     n="204-a-1300"
                     ecep:lem="honest"
                     ecep:pos="j"
                     ecep:reg="honest"
                     ecep:spe="honest"
                     ecep:syllab="2"
                     ecep:pron="ˈɒnɪst">honest</w>
                  <c> </c>
                  <w xml:id="o4987-413360"
                     n="204-a-1310"
                     ecep:lem="heart"
                     ecep:pos="n1"
                     ecep:reg="heart"
                     ecep:spe="heart"
                     ecep:syllab="1"
                     ecep:pron="hɑːt">heart</w>
                  <pc xml:id="o4987-413370"
                      n="204-a-1320"
                      ecep:lem=";"
                      ecep:pos=";"
                      ecep:reg=";"
                      ecep:spe=";">;</pc>
               </l>
               <pb facs="o4987/0205" n="207" rend="none"/>
               <l xml:id="o4987-l22410">
                  <c> </c>
                  <w xml:id="o4987-413380"
                     n="205-a-0010"
                     ecep:lem="these"
                     ecep:pos="d"
                     ecep:reg="These"
                     ecep:spe="These"
                     ecep:syllab="1"
                     ecep:pron="ðiːz">These</w>
                  <c> </c>
                  <w xml:id="o4987-413390"
                     n="205-a-0020"
                     ecep:lem="silent"
                     ecep:pos="j"
                     ecep:reg="silent"
                     ecep:spe="silent"
                     ecep:syllab="2"
                     ecep:pron="ˈsaɪlənt">silent</w>
                  <c> </c>
                  <w xml:id="o4987-413400"
                     n="205-a-0030"
                     ecep:lem="joy"
                     ecep:pos="n2"
                     ecep:reg="joys"
                     ecep:spe="joys"
                     ecep:syllab="1"
                     ecep:pron="dʒɔɪz">joys</w>
                  <c> </c>
                  <w xml:id="o4987-413410"
                     n="205-a-0040"
                     ecep:lem="the"
                     ecep:pos="dt"
                     ecep:reg="the"
                     ecep:spe="th'"
                     ecep:syllab="0"
                     ecep:pron="ð">th'</w>
                  <c> </c>
                  <w xml:id="o4987-413420"
                     n="205-a-0050"
                     ecep:lem="illustrious"
                     ecep:pos="j"
                     ecep:reg="illustrious"
                     ecep:spe="illustrious"
                     ecep:syllab="4"
                     ecep:pron="ɪˈlʌstriəs">illustrious</w>
                  <c> </c>
                  <w xml:id="o4987-413430"
                     n="205-a-0060"
                     ecep:lem="youth"
                     ecep:pos="n1"
                     ecep:reg="youth"
                     ecep:spe="youth"
                     ecep:syllab="1"
                     ecep:pron="juːθ">youth</w>
                  <c> </c>
                  <w xml:id="o4987-413440"
                     n="205-a-0070"
                     ecep:lem="possess"
                     ecep:pos="vvd"
                     ecep:reg="possessed"
                     ecep:spe="possest"
                     ecep:syllab="2"
                     ecep:pron="pəˈzest">possest</w>
                  <pc xml:id="o4987-413450"
                      n="205-a-0080"
                      ecep:lem=","
                      ecep:pos=","
                      ecep:reg=","
                      ecep:spe=",">,</pc>
               </l>
               <l xml:id="o4987-l22415">
                  <c> </c>
                  <w xml:id="o4987-413460"
                     n="205-a-0090"
                     ecep:lem="this"
                     ecep:pos="d"
                     ecep:reg="This"
                     ecep:spe="This"
                     ecep:syllab="1"
                     ecep:pron="ðɪs">This</w>
                  <c> </c>
                  <w xml:id="o4987-413470"
                     n="205-a-0100"
                     ecep:lem="cloudless"
                     ecep:pos="j"
                     ecep:reg="cloudless"
                     ecep:spe="cloudless"
                     ecep:syllab="2"
                     ecep:pron="ˈklaʊdləs">cloudless</w>
                  <c> </c>
                  <w xml:id="o4987-413480"
                     n="205-a-0110"
                     ecep:lem="sunshine"
                     ecep:pos="n1"
                     ecep:reg="sunshine"
                     ecep:spe="sunshine"
                     ecep:syllab="2"
                     ecep:pron="ˈsʌnʃaɪn">sunshine</w>
                  <c> </c>
                  <w xml:id="o4987-413490"
                     n="205-a-0120"
                     ecep:lem="of"
                     ecep:pos="pp-f"
                     ecep:reg="of"
                     ecep:spe="of"
                     ecep:syllab="1"
                     ecep:pron="ɒv">of</w>
                  <c> </c>
                  <w xml:id="o4987-413500"
                     n="205-a-0130"
                     ecep:lem="the"
                     ecep:pos="dt"
                     ecep:reg="the"
                     ecep:spe="th'"
                     ecep:syllab="0"
                     ecep:pron="ð">th'</w>
                  <c> </c>
                  <w xml:id="o4987-413510"
                     n="205-a-0140"
                     ecep:lem="unsullied"
                     ecep:pos="j"
                     ecep:reg="unsullied"
                     ecep:spe="unsullied"
                     ecep:syllab="3"
                     ecep:pron="ʌnˈsʌlɪd">unsullied</w>
                  <c> </c>
                  <w xml:id="o4987-413520"
                     n="205-a-0150"
                     ecep:lem="breast"
                     ecep:pos="n1"
                     ecep:reg="breast"
                     ecep:spe="breast"
                     ecep:syllab="1"
                     ecep:pron="brest">breast</w>
                  <pc xml:id="o4987-413530"
                      n="205-a-0160"
                      ecep:lem=":"
                      ecep:pos=":"
                      ecep:reg=":"
                      ecep:spe=":">:</pc>
               </l>
               <l xml:id="o4987-l22420">
                  <c> </c>
                  <w xml:id="o4987-413540"
                     n="205-a-0170"
                     ecep:lem="from"
                     ecep:pos="p-acp"
                     ecep:reg="From"
                     ecep:spe="From"
                     ecep:syllab="1"
                     ecep:pron="frɒm">From</w>
                  <c> </c>
                  <w xml:id="o4987-413550"
                     n="205-a-0180"
                     ecep:lem="pride"
                     ecep:pos="n1"
                     ecep:reg="pride"
                     ecep:spe="pride"
                     ecep:syllab="1"
                     ecep:pron="praɪd">pride</w>
                  <c> </c>
                  <w xml:id="o4987-413560"
                     n="205-a-0190"
                     ecep:lem="of"
                     ecep:pos="pp-f"
                     ecep:reg="of"
                     ecep:spe="of"
                     ecep:syllab="1"
                     ecep:pron="ɒv">of</w>
                  <c> </c>
                  <w xml:id="o4987-413570"
                     n="205-a-0200"
                     ecep:lem="peerage"
                     ecep:pos="n1"
                     ecep:reg="peerage"
                     ecep:spe="peerage"
                     ecep:syllab="2"
                     ecep:pron="ˈpɪərɪdʒ">peerage</w>
                  <pc xml:id="o4987-413580"
                      n="205-a-0210"
                      ecep:lem=","
                      ecep:pos=","
                      ecep:reg=","
                      ecep:spe=",">,</pc>
                  <c> </c>
                  <w xml:id="o4987-413590"
                     n="205-a-0220"
                     ecep:lem="and"
                     ecep:pos="cc"
                     ecep:reg="and"
                     ecep:spe="and"
                     ecep:syllab="1"
                     ecep:pron="ænd">and</w>
                  <c> </c>
                  <w xml:id="o4987-413600"
                     n="205-a-0230"
                     ecep:lem="from"
                     ecep:pos="p-acp"
                     ecep:reg="from"
                     ecep:spe="from"
                     ecep:syllab="1"
                     ecep:pron="frɒm">from</w>
                  <c> </c>
                  <w xml:id="o4987-413610"
                     n="205-a-0240"
                     ecep:lem="folly"
                     ecep:pos="n1"
                     ecep:reg="folly"
                     ecep:spe="folly"
                     ecep:syllab="2"
                     ecep:pron="ˈfɒli">folly</w>
                  <c> </c>
                  <w xml:id="o4987-413620"
                     n="205-a-0250"
                     ecep:lem="free"
                     ecep:pos="j"
                     ecep:reg="free"
                     ecep:spe="free"
                     ecep:syllab="1"
                     ecep:pron="friː">free</w>
                  <pc xml:id="o4987-413630"
                      n="205-a-0260"
                      ecep:lem=";"
                      ecep:pos=";"
                      ecep:reg=";"
                      ecep:spe=";">;</pc>
               </l>
               <l xml:id="o4987-l22425">
                  <c> </c>
                  <w xml:id="o4987-413640"
                     n="205-a-0270"
                     ecep:lem="life"
                     ecep:pos="ng1"
                     ecep:reg="Life's"
                     ecep:spe="Life's"
                     ecep:syllab="1"
                     ecep:pron="laɪfs">Life's</w>
                  <c> </c>
                  <w xml:id="o4987-413650"
                     n="205-a-0280"
                     ecep:lem="early"
                     ecep:pos="j"
                     ecep:reg="early"
                     ecep:spe="early"
                     ecep:syllab="2"
                     ecep:pron="ˈɜːli">early</w>
                  <c> </c>
                  <w xml:id="o4987-413660"
                     n="205-a-0290"
                     ecep:lem="morn"
                     ecep:pos="n1"
                     ecep:reg="morn"
                     ecep:spe="morn"
                     ecep:syllab="1"
                     ecep:pron="mɔːn">morn</w>
                  <c> </c>
                  <w xml:id="o4987-413670"
                     n="205-a-0300"
                     ecep:lem="fair"
                     ecep:pos="j"
                     ecep:reg="fair"
                     ecep:spe="fair"
                     ecep:syllab="1"
                     ecep:pron="feə">fair</w>
                  <c> </c>
                  <w xml:id="o4987-413680"
                     n="205-a-0310"
                     ecep:lem="virtue"
                     ecep:pos="n1"
                     ecep:reg="Virtue"
                     ecep:spe="Virtue"
                     ecep:syllab="2"
                     ecep:pron="ˈvɜːtʃuː">Virtue</w>
                  <c> </c>
                  <w xml:id="o4987-413690"
                     n="205-a-0320"
                     ecep:lem="give"
                     ecep:pos="vvd"
                     ecep:reg="gave"
                     ecep:spe="gave"
                     ecep:syllab="1"
                     ecep:pron="geɪv">gave</w>
                  <c> </c>
                  <w xml:id="o4987-413700"
                     n="205-a-0330"
                     ecep:lem="to"
                     ecep:pos="p-acp"
                     ecep:reg="to"
                     ecep:spe="to"
                     ecep:syllab="1"
                     ecep:pron="tuː">to</w>
                  <c> </c>
                  <w xml:id="o4987-413710"
                     n="205-a-0340"
                     ecep:lem="thou"
                     ecep:pos="pno21"
                     ecep:reg="thee"
                     ecep:spe="thee"
                     ecep:syllab="1"
                     ecep:pron="ðiː">thee</w>
                  <pc xml:id="o4987-413720"
                      n="205-a-0350"
                      unit="sentence"
                      ecep:lem="."
                      ecep:pos="."
                      ecep:reg="."
                      ecep:spe=".">.</pc>
                  <c> </c>
               </l>
               <l xml:id="o4987-l22430">
                  <w xml:id="o4987-413730"
                     n="205-a-0360"
                     ecep:lem="the"
                     ecep:pos="dt"
                     ecep:reg="The"
                     ecep:spe="The"
                     ecep:syllab="1"
                     ecep:pron="ðiː">The</w>
                  <c> </c>
                  <w xml:id="o4987-413740"
                     n="205-a-0370"
                     ecep:lem="tear"
                     ecep:pos="n1"
                     ecep:reg="tear"
                     ecep:spe="tear"
                     ecep:syllab="1"
                     ecep:pron="tɪə">tear</w>
                  <c> </c>
                  <w xml:id="o4987-413750"
                     n="205-a-0380"
                     ecep:lem="no"
                     ecep:pos="av-dx"
                     ecep:reg="no"
                     ecep:spe="no"
                     ecep:syllab="1"
                     ecep:pron="nəʊ">no</w>
                  <c> </c>
                  <w xml:id="o4987-413760"
                     n="205-a-0390"
                     ecep:lem="long"
                     ecep:pos="av-jc"
                     ecep:reg="longer"
                     ecep:spe="longer"
                     ecep:syllab="2"
                     ecep:pron="lɒŋgə">longer</w>
                  <c> </c>
                  <w xml:id="o4987-413770"
                     n="205-a-0400"
                     ecep:lem="steal"
                     ecep:pos="vvd"
                     ecep:reg="stole"
                     ecep:spe="stole"
                     ecep:syllab="1"
                     ecep:pron="stəʊl">stole</w>
                  <c> </c>
                  <w xml:id="o4987-413780"
                     n="205-a-0410"
                     ecep:lem="from"
                     ecep:pos="p-acp"
                     ecep:reg="from"
                     ecep:spe="from"
                     ecep:syllab="1"
                     ecep:pron="frɒm">from</w>
                  <c> </c>
                  <w xml:id="o4987-413790"
                     n="205-a-0420"
                     ecep:lem="sorrow"
                     ecep:pos="ng1"
                     ecep:reg="Sorrow's"
                     ecep:spe="Sorrow's"
                     ecep:syllab="2"
                     ecep:pron="ˈsɒrəʊz">Sorrow's</w>
                  <c> </c>
                  <w xml:id="o4987-413800"
                     n="205-a-0430"
                     ecep:lem="eye"
                     ecep:pos="n1"
                     ecep:reg="eye"
                     ecep:spe="eye"
                     ecep:syllab="1"
                     ecep:pron="aɪ">eye</w>
                  <pc xml:id="o4987-413810"
                      n="205-a-0440"
                      ecep:lem=","
                      ecep:pos=","
                      ecep:reg=","
                      ecep:spe=",">,</pc>
               </l>
               <l xml:id="o4987-l22435">
                  <c> </c>
                  <w xml:id="o4987-413820"
                     n="205-a-0450"
                     ecep:lem="and"
                     ecep:pos="cc"
                     ecep:reg="And"
                     ecep:spe="And"
                     ecep:syllab="1"
                     ecep:pron="ænd">And</w>
                  <c> </c>
                  <w xml:id="o4987-413830"
                     n="205-a-0460"
                     ecep:lem="poverty"
                     ecep:pos="n1"
                     ecep:reg="Poverty"
                     ecep:spe="Poverty"
                     ecep:syllab="3"
                     ecep:pron="ˈpɒvəti">Poverty</w>
                  <c> </c>
                  <w xml:id="o4987-413840"
                     n="205-a-0470"
                     ecep:lem="rejoice"
                     ecep:pos="vvd"
                     ecep:reg="rejoiced"
                     ecep:spe="rejoic'd"
                     ecep:syllab="2"
                     ecep:pron="rɪˈdʒɔɪst">rejoic'd</w>
                  <pc xml:id="o4987-413850"
                      n="205-a-0480"
                      ecep:lem=","
                      ecep:pos=","
                      ecep:reg=","
                      ecep:spe=",">,</pc>
                  <c> </c>
                  <w xml:id="o4987-413860"
                     n="205-a-0490"
                     ecep:lem="when"
                     ecep:pos="c-crq"
                     ecep:reg="when"
                     ecep:spe="when"
                     ecep:syllab="1"
                     ecep:pron="wen">when</w>
                  <c> </c>
                  <w xml:id="o4987-413870"
                     n="205-a-0500"
                     ecep:lem="he"
                     ecep:pos="pns31"
                     ecep:reg="he"
                     ecep:spe="he"
                     ecep:syllab="1"
                     ecep:pron="hiː">he</w>
                  <c> </c>
                  <w xml:id="o4987-413880"
                     n="205-a-0510"
                     ecep:lem="be"
                     ecep:pos="vbds"
                     ecep:reg="was"
                     ecep:spe="was"
                     ecep:syllab="1"
                     ecep:pron="wɒz">was</w>
                  <c> </c>
                  <w xml:id="o4987-413890"
                     n="205-a-0520"
                     ecep:lem="nigh"
                     ecep:pos="av-j"
                     ecep:reg="nigh"
                     ecep:spe="nigh"
                     ecep:syllab="1"
                     ecep:pron="naɪ">nigh</w>
                  <pc xml:id="o4987-413900"
                      n="205-a-0530"
                      ecep:lem=";"
                      ecep:pos=";"
                      ecep:reg=";"
                      ecep:spe=";">;</pc>
               </l>
               <l xml:id="o4987-l22440">
                  <c> </c>
                  <w xml:id="o4987-413910"
                     n="205-a-0540"
                     ecep:lem="like"
                     ecep:pos="vvb"
                     ecep:reg="Like"
                     ecep:spe="Like"
                     ecep:syllab="1"
                     ecep:pron="laɪk">Like</w>
                  <c> </c>
                  <w xml:id="o4987-413920"
                     n="205-a-0550"
                     ecep:lem="Titus"
                     ecep:pos="np1"
                     ecep:reg="Titus"
                     ecep:spe="Titus"
                     ecep:syllab="2"
                     ecep:pron="ˈtaɪtəs">Titus</w>
                  <pc xml:id="o4987-413930"
                      n="205-a-0560"
                      ecep:lem=","
                      ecep:pos=","
                      ecep:reg=","
                      ecep:spe=",">,</pc>
                  <c> </c>
                  <w xml:id="o4987-413940"
                     n="205-a-0570"
                     ecep:lem="know"
                     ecep:pos="vvd"
                     ecep:reg="knew"
                     ecep:spe="knew"
                     ecep:syllab="1"
                     ecep:pron="njuː">knew</w>
                  <c> </c>
                  <w xml:id="o4987-413950"
                     n="205-a-0580"
                     ecep:lem="the"
                     ecep:pos="dt"
                     ecep:reg="the"
                     ecep:spe="the"
                     ecep:syllab="1"
                     ecep:pron="ðiː">the</w>
                  <c> </c>
                  <w xml:id="o4987-413960"
                     n="205-a-0590"
                     ecep:lem="value"
                     ecep:pos="n1"
                     ecep:reg="value"
                     ecep:spe="value"
                     ecep:syllab="2"
                     ecep:pron="ˈvæljuː">value</w>
                  <c> </c>
                  <w xml:id="o4987-413970"
                     n="205-a-0600"
                     ecep:lem="of"
                     ecep:pos="pp-f"
                     ecep:reg="of"
                     ecep:spe="of"
                     ecep:syllab="1"
                     ecep:pron="ɒv">of</w>
                  <c> </c>
                  <w xml:id="o4987-413980"
                     n="205-a-0610"
                     ecep:lem="a"
                     ecep:pos="dt"
                     ecep:reg="a"
                     ecep:spe="a"
                     ecep:syllab="1"
                     ecep:pron="ə">a</w>
                  <c> </c>
                  <w xml:id="o4987-413990"
                     n="205-a-0620"
                     ecep:lem="day"
                     ecep:pos="n1"
                     ecep:reg="day"
                     ecep:spe="day"
                     ecep:syllab="1"
                     ecep:pron="deɪ">day</w>
                  <pc xml:id="o4987-414000"
                      n="205-a-0630"
                      ecep:lem=","
                      ecep:pos=","
                      ecep:reg=","
                      ecep:spe=",">,</pc>
               </l>
               <l xml:id="o4987-l22445">
                  <c> </c>
                  <w xml:id="o4987-414010"
                     n="205-a-0640"
                     ecep:lem="and"
                     ecep:pos="cc"
                     ecep:reg="And"
                     ecep:spe="And"
                     ecep:syllab="1"
                     ecep:pron="ænd">And</w>
                  <c> </c>
                  <w xml:id="o4987-414020"
                     n="205-a-0650"
                     ecep:lem="want"
                     ecep:pos="vvb"
                     ecep:reg="Want"
                     ecep:spe="Want"
                     ecep:syllab="1"
                     ecep:pron="wɒnt">Want</w>
                  <c> </c>
                  <w xml:id="o4987-414030"
                     n="205-a-0660"
                     ecep:lem="go"
                     ecep:pos="vvd"
                     ecep:reg="went"
                     ecep:spe="went"
                     ecep:syllab="1"
                     ecep:pron="went">went</w>
                  <c> </c>
                  <w xml:id="o4987-414040"
                     n="205-a-0670"
                     ecep:lem="smile"
                     ecep:pos="vvg"
                     ecep:reg="smiling"
                     ecep:spe="smiling"
                     ecep:syllab="2"
                     ecep:pron="smaɪlɪŋ">smiling</w>
                  <c> </c>
                  <w xml:id="o4987-414050"
                     n="205-a-0680"
                     ecep:lem="from"
                     ecep:pos="p-acp"
                     ecep:reg="from"
                     ecep:spe="from"
                     ecep:syllab="1"
                     ecep:pron="frɒm">from</w>
                  <c> </c>
                  <w xml:id="o4987-414060"
                     n="205-a-0690"
                     ecep:lem="his"
                     ecep:pos="po31"
                     ecep:reg="his"
                     ecep:spe="his"
                     ecep:syllab="1"
                     ecep:pron="hɪz">his</w>
                  <c> </c>
                  <w xml:id="o4987-414070"
                     n="205-a-0700"
                     ecep:lem="gate"
                     ecep:pos="n2"
                     ecep:reg="gates"
                     ecep:spe="gates"
                     ecep:syllab="1"
                     ecep:pron="geɪts">gates</w>
                  <c> </c>
                  <w xml:id="o4987-414080"
                     n="205-a-0710"
                     ecep:lem="away"
                     ecep:pos="av"
                     ecep:reg="away"
                     ecep:spe="away"
                     ecep:syllab="2"
                     ecep:pron="əˈweɪ">away</w>
                  <pc xml:id="o4987-414090"
                      n="205-a-0720"
                      unit="sentence"
                      ecep:lem="."
                      ecep:pos="."
                      ecep:reg="."
                      ecep:spe=".">.</pc>
                  <c> </c>
               </l>
               <l xml:id="o4987-l22450">
                  <w xml:id="o4987-414100"
                     n="205-a-0730"
                     ecep:lem="title"
                     ecep:pos="n2"
                     ecep:reg="Titles"
                     ecep:spe="Titles"
                     ecep:syllab="2"
                     ecep:pron="ˈtaɪtlz">Titles</w>
                  <c> </c>
                  <w xml:id="o4987-414110"
                     n="205-a-0740"
                     ecep:lem="and"
                     ecep:pos="cc"
                     ecep:reg="and"
                     ecep:spe="and"
                     ecep:syllab="1"
                     ecep:pron="ænd">and</w>
                  <c> </c>
                  <w xml:id="o4987-414120"
                     n="205-a-0750"
                     ecep:lem="rank"
                     ecep:pos="n1"
                     ecep:reg="rank"
                     ecep:spe="rank"
                     ecep:syllab="1"
                     ecep:pron="ræŋk">rank</w>
                  <c> </c>
                  <w xml:id="o4987-414130"
                     n="205-a-0760"
                     ecep:lem="be"
                     ecep:pos="vbr"
                     ecep:reg="are"
                     ecep:spe="are"
                     ecep:syllab="1"
                     ecep:pron="ɑː">are</w>
                  <c> </c>
                  <w xml:id="o4987-414140"
                     n="205-a-0770"
                     ecep:lem="borrow"
                     ecep:pos="vvn"
                     ecep:reg="borrowed"
                     ecep:spe="borrow'd"
                     ecep:syllab="2"
                     ecep:pron="ˈbɒrəʊd">borrow'd</w>
                  <c> </c>
                  <w xml:id="o4987-414150"
                     n="205-a-0780"
                     ecep:lem="from"
                     ecep:pos="p-acp"
                     ecep:reg="from"
                     ecep:spe="from"
                     ecep:syllab="1"
                     ecep:pron="frɒm">from</w>
                  <c> </c>
                  <w xml:id="o4987-414160"
                     n="205-a-0790"
                     ecep:lem="the"
                     ecep:pos="dt"
                     ecep:reg="the"
                     ecep:spe="the"
                     ecep:syllab="1"
                     ecep:pron="ðiː">the</w>
                  <c> </c>
                  <w xml:id="o4987-414170"
                     n="205-a-0800"
                     ecep:lem="throne"
                     ecep:pos="n1"
                     ecep:reg="throne"
                     ecep:spe="throne"
                     ecep:syllab="1"
                     ecep:pron="θrəʊn">throne</w>
                  <pc xml:id="o4987-414180"
                      n="205-a-0810"
                      ecep:lem=":"
                      ecep:pos=":"
                      ecep:reg=":"
                      ecep:spe=":">:</pc>
               </l>
               <l xml:id="o4987-l22455">
                  <c> </c>
                  <w xml:id="o4987-414190"
                     n="205-a-0820"
                     ecep:lem="these"
                     ecep:pos="d"
                     ecep:reg="These"
                     ecep:spe="These"
                     ecep:syllab="1"
                     ecep:pron="ðiːz">These</w>
                  <c> </c>
                  <w xml:id="o4987-414200"
                     n="205-a-0830"
                     ecep:lem="honour"
                     ecep:pos="n2"
                     ecep:reg="honours"
                     ecep:spe="honours"
                     ecep:syllab="2"
                     ecep:pron="ˈɒnəz">honours</w>
                  <pc xml:id="o4987-414210"
                      n="205-a-0840"
                      ecep:lem=","
                      ecep:pos=","
                      ecep:reg=","
                      ecep:spe=",">,</pc>
                  <c> </c>
                  <w xml:id="o4987-414220"
                     n="205-a-0850"
                     ecep:lem="Egerton"
                     ecep:pos="np1"
                     ecep:reg="Egerton"
                     ecep:spe="Egerton"
                     ecep:syllab="3"
                     ecep:pron="ˈedʒətən">Egerton</w>
                  <pc xml:id="o4987-414230"
                      n="205-a-0860"
                      ecep:lem=","
                      ecep:pos=","
                      ecep:reg=","
                      ecep:spe=",">,</pc>
                  <c> </c>
                  <w xml:id="o4987-414240"
                     n="205-a-0870"
                     ecep:lem="be"
                     ecep:pos="vbdr"
                     ecep:reg="were"
                     ecep:spe="were"
                     ecep:syllab="1"
                     ecep:pron="wɜː">were</w>
                  <c> </c>
                  <w xml:id="o4987-414250"
                     n="205-a-0880"
                     ecep:lem="all"
                     ecep:pos="d"
                     ecep:reg="all"
                     ecep:spe="all"
                     ecep:syllab="1"
                     ecep:pron="ɔːl">all</w>
                  <c> </c>
                  <w xml:id="o4987-414260"
                     n="205-a-0890"
                     ecep:lem="thy"
                     ecep:pos="po21"
                     ecep:reg="thy"
                     ecep:spe="thy"
                     ecep:syllab="1"
                     ecep:pron="ðaɪ">thy</w>
                  <c> </c>
                  <w xml:id="o4987-414270"
                     n="205-a-0900"
                     ecep:lem="own"
                     ecep:pos="d"
                     ecep:reg="own"
                     ecep:spe="own"
                     ecep:syllab="1"
                     ecep:pron="əʊn">own</w>
                  <pc xml:id="o4987-414280"
                      n="205-a-0910"
                      unit="sentence"
                      ecep:lem="."
                      ecep:pos="."
                      ecep:reg="."
                      ecep:spe=".">.</pc>
                  <c> </c>
               </l>
            </lg>
         </div>
      </body>
   </text>
</TEI>
