<?xml version="1.0" encoding="utf-8"?>
<!DOCTYPE div
  SYSTEM "about:legacy-compat">
<div xmlns:ecep="http://www.eighteenthcenturypoetry.org/ns"
     xmlns="http://www.tei-c.org/ns/1.0"
     xmlns:tei="http://www.tei-c.org/ns/1.0"
     ana="#iamb #tetrameter #quatrain #cross #elegy"
     corresp="#txt_WattIs1674_w0046"
     decls="#semi-normalized"
     ecep:syllab="8.8.8.8"
     met="-+|-+|-+|-+/ -+|-+|-+|-+/ -+|-+|-+|-+/ -+|-+|-+|-+/"
     rendition="#lgvspace"
     rhyme="abab"
     subtype="eceptext"
     type="poem"
     xml:id="o4672-w0460">
   <link target="authors.xml#aut_WattIs1674" type="author"/>
   <head type="main">
      <w xml:id="o4672-194240"
         n="o4672/0152-a-0010"
         ecep:lem="on"
         ecep:pos="p-acp"
         ecep:reg="ON"
         ecep:spe="ON"
         ecep:syllab="1"
         ecep:pron="ɒn">ON</w>
      <c> </c>
      <w xml:id="o4672-194250"
         n="o4672/0152-a-0020"
         ecep:lem="the"
         ecep:pos="dt"
         ecep:reg="The"
         ecep:spe="The"
         ecep:syllab="1"
         ecep:pron="ðiː">The</w>
      <c> </c>
      <w xml:id="o4672-194260"
         n="o4672/0152-a-0030"
         ecep:lem="sudden"
         ecep:pos="j"
         ecep:reg="Sudden"
         ecep:spe="Sudden"
         ecep:syllab="2"
         ecep:pron="ˈsʌdn">Sudden</w>
      <c> </c>
      <w xml:id="o4672-194270"
         n="o4672/0152-a-0040"
         ecep:lem="death"
         ecep:pos="n1"
         ecep:reg="Death"
         ecep:spe="Death"
         ecep:syllab="1"
         ecep:pron="deθ">Death</w>
      <c> </c>
      <w xml:id="o4672-194280"
         n="o4672/0152-a-0050"
         ecep:lem="of"
         ecep:pos="pp-f"
         ecep:reg="OF"
         ecep:spe="OF"
         ecep:syllab="1"
         ecep:pron="ɒv">OF</w>
      <c> </c>
      <w xml:id="o4672-194290"
         n="o4672/0152-a-0060"
         ecep:lem="mrs."
         ecep:pos="n1"
         ecep:reg="Mrs."
         ecep:spe="Mrs."
         ecep:syllab="2"
         ecep:pron="mɪsɪz">Mrs.</w>
      <c> </c>
      <hi>
         <w xml:id="o4672-194300"
            n="o4672/0152-a-0070"
            ecep:lem="marry"
            ecep:pos="vvi"
            ecep:reg="Mary"
            ecep:spe="Mary"
            ecep:syllab="2"
            ecep:pron="ˈmeəri">Mary</w>
         <c> </c>
         <w xml:id="o4672-194310"
            n="o4672/0152-a-0080"
            ecep:lem="peacock"
            ecep:pos="n1"
            ecep:reg="Peacock"
            ecep:spe="Peacock"
            ecep:syllab="2"
            ecep:pron="ˈpiːkɒk">Peacock</w>
         <pc xml:id="o4672-194320"
             n="o4672/0152-a-0090"
             unit="sentence"
             ecep:lem="."
             ecep:pos="."
             ecep:reg="."
             ecep:spe=".">.</pc>
         <c> </c>
      </hi>
   </head>
   <opener>
      <dateline>
         <date>
            <w xml:id="o4672-194370"
               n="o4672/0152-a-0100"
               ecep:lem="1695."
               ecep:pos="crd"
               ecep:reg="1695."
               ecep:spe="1695."
               ecep:syllab="1"
               ecep:pron="wˈɒnθˈaʊzəndsˈɪkshˈʌndrədənnˈaɪntifˈaɪv">1695.</w>
            <pc unit="sentence" xml:id="o4672-194370-eos" n="o4672/0152-a-0110"/>
         </date>
      </dateline>
   </opener>
   <head>
      <w xml:id="o4672-194400"
         n="o4672/0152-a-0120"
         ecep:lem="a"
         ecep:pos="dt"
         ecep:reg="An"
         ecep:spe="An"
         ecep:syllab="1"
         ecep:pron="æn">An</w>
      <c> </c>
      <w xml:id="o4672-194410"
         n="o4672/0152-a-0130"
         ecep:lem="elegiac"
         ecep:pos="j"
         ecep:reg="Elegiac"
         ecep:spe="Elegiack"
         ecep:syllab="4"
         ecep:pron="ˈelɪdʒˌɪæk">Elegiack</w>
      <c> </c>
      <w xml:id="o4672-194420"
         n="o4672/0152-a-0140"
         ecep:lem="song"
         ecep:pos="n1"
         ecep:reg="Song"
         ecep:spe="Song"
         ecep:syllab="1"
         ecep:pron="sɒŋ">Song</w>
      <pc xml:id="o4672-194430"
          n="o4672/0152-a-0150"
          unit="sentence"
          ecep:lem="."
          ecep:pos="."
          ecep:reg="."
          ecep:spe=".">.</pc>
   </head>
   <lg n="1" xml:id="o4672-s01935">
      <head>
         <w xml:id="o4672-194470"
            n="o4672/0152-a-0160"
            ecep:lem="i"
            ecep:pos="pns11"
            ecep:reg="I"
            ecep:spe="I."
            ecep:syllab="1"
            ecep:pron="ˈaɪ">I.</w>
         <pc unit="sentence" xml:id="o4672-194470-eos" n="o4672/0152-a-0170"/>
      </head>
      <l xml:id="o4672-l08700">
         <w xml:id="o4672-194490"
            n="o4672/0152-a-0180"
            ecep:lem="hark"
            ecep:pos="vvb"
            ecep:reg="HARK"
            ecep:spe="HARK"
            ecep:syllab="1"
            ecep:pron="hɑːk">HARK</w>
         <pc xml:id="o4672-194500"
             n="o4672/0152-a-0190"
             unit="sentence"
             ecep:lem="!"
             ecep:pos="!"
             ecep:reg="!"
             ecep:spe="!">!</pc>
         <c> </c>
         <w xml:id="o4672-194510"
            n="o4672/0152-a-0200"
            ecep:lem="she"
            ecep:pos="pns31"
            ecep:reg="She"
            ecep:spe="She"
            ecep:syllab="1"
            ecep:pron="ʃiː">She</w>
         <c> </c>
         <w xml:id="o4672-194520"
            n="o4672/0152-a-0210"
            ecep:lem="bid"
            ecep:pos="vvz"
            ecep:reg="bids"
            ecep:spe="bids"
            ecep:syllab="1"
            ecep:pron="bɪdz">bids</w>
         <c> </c>
         <w xml:id="o4672-194530"
            n="o4672/0152-a-0220"
            ecep:lem="all"
            ecep:pos="d"
            ecep:reg="all"
            ecep:spe="all"
            ecep:syllab="1"
            ecep:pron="ɔːl">all</w>
         <c> </c>
         <w xml:id="o4672-194540"
            n="o4672/0152-a-0230"
            ecep:lem="her"
            ecep:pos="po31"
            ecep:reg="her"
            ecep:spe="her"
            ecep:syllab="1"
            ecep:pron="hɜː">her</w>
         <c> </c>
         <w xml:id="o4672-194550"
            n="o4672/0152-a-0240"
            ecep:lem="friend"
            ecep:pos="n2"
            ecep:reg="Friends"
            ecep:spe="Friends"
            ecep:syllab="1"
            ecep:pron="frendz">Friends</w>
         <c> </c>
         <w xml:id="o4672-194560"
            n="o4672/0152-a-0250"
            ecep:lem="adieu"
            ecep:pos="uh-n"
            ecep:reg="Adieu"
            ecep:spe="Adieu"
            ecep:syllab="2"
            ecep:pron="əˈdjuː">Adieu</w>
         <pc xml:id="o4672-194570"
             n="o4672/0152-a-0260"
             ecep:lem=";"
             ecep:pos=";"
             ecep:reg=";"
             ecep:spe=";">;</pc>
      </l>
      <l xml:id="o4672-l08705">
         <c> </c>
         <w xml:id="o4672-194580"
            n="o4672/0152-a-0270"
            ecep:lem="some"
            ecep:pos="d"
            ecep:reg="Some"
            ecep:spe="Some"
            ecep:syllab="1"
            ecep:pron="sʌm">Some</w>
         <c> </c>
         <w xml:id="o4672-194590"
            n="o4672/0152-a-0280"
            ecep:lem="angel"
            ecep:pos="n1"
            ecep:reg="Angel"
            ecep:spe="Angel"
            ecep:syllab="2"
            ecep:pron="ˈeɪndʒl">Angel</w>
         <c> </c>
         <w xml:id="o4672-194600"
            n="o4672/0152-a-0290"
            ecep:lem="call"
            ecep:pos="vvz"
            ecep:reg="calls"
            ecep:spe="calls"
            ecep:syllab="1"
            ecep:pron="kɔːlz">calls</w>
         <c> </c>
         <w xml:id="o4672-194610"
            n="o4672/0152-a-0300"
            ecep:lem="she"
            ecep:pos="pno31"
            ecep:reg="her"
            ecep:spe="her"
            ecep:syllab="1"
            ecep:pron="hɜː">her</w>
         <c> </c>
         <w xml:id="o4672-194620"
            n="o4672/0152-a-0310"
            ecep:lem="to"
            ecep:pos="p-acp"
            ecep:reg="to"
            ecep:spe="to"
            ecep:syllab="1"
            ecep:pron="tuː">to</w>
         <c> </c>
         <w xml:id="o4672-194630"
            n="o4672/0152-a-0320"
            ecep:lem="the"
            ecep:pos="dt"
            ecep:reg="the"
            ecep:spe="the"
            ecep:syllab="1"
            ecep:pron="ðiː">the</w>
         <c> </c>
         <w xml:id="o4672-194640"
            n="o4672/0152-a-0330"
            ecep:lem="sphere"
            ecep:pos="n2"
            ecep:reg="Spheres"
            ecep:spe="Spheres"
            ecep:syllab="1"
            ecep:pron="sfɪəz">Spheres</w>
         <pc xml:id="o4672-194650"
             n="o4672/0152-a-0340"
             ecep:lem=";"
             ecep:pos=";"
             ecep:reg=";"
             ecep:spe=";">;</pc>
      </l>
      <l xml:id="o4672-l08710">
         <c> </c>
         <w xml:id="o4672-194660"
            n="o4672/0152-a-0350"
            ecep:lem="our"
            ecep:pos="po12"
            ecep:reg="Our"
            ecep:spe="Our"
            ecep:syllab="1"
            ecep:pron="ˈaʊə">Our</w>
         <c> </c>
         <w xml:id="o4672-194670"
            n="o4672/0152-a-0360"
            ecep:lem="eye"
            ecep:pos="n2"
            ecep:reg="Eyes"
            ecep:spe="Eyes"
            ecep:syllab="1"
            ecep:pron="aɪz">Eyes</w>
         <c> </c>
         <w xml:id="o4672-194680"
            n="o4672/0152-a-0370"
            ecep:lem="the"
            ecep:pos="dt"
            ecep:reg="the"
            ecep:spe="the"
            ecep:syllab="1"
            ecep:pron="ðiː">the</w>
         <c> </c>
         <w xml:id="o4672-194690"
            n="o4672/0152-a-0380"
            ecep:lem="radiant"
            ecep:pos="j"
            ecep:reg="radiant"
            ecep:spe="radiant"
            ecep:syllab="3"
            ecep:pron="ˈreɪdiənt">radiant</w>
         <c> </c>
         <w xml:id="o4672-194700"
            n="o4672/0152-a-0390"
            ecep:lem="saint"
            ecep:pos="n1"
            ecep:reg="Saint"
            ecep:spe="Saint"
            ecep:syllab="1"
            ecep:pron="seɪnt">Saint</w>
         <c> </c>
         <w xml:id="o4672-194710"
            n="o4672/0152-a-0400"
            ecep:lem="pursue"
            ecep:pos="vvi"
            ecep:reg="pursue"
            ecep:spe="pursue"
            ecep:syllab="2"
            ecep:pron="pəˈsjuː">pursue</w>
      </l>
      <l xml:id="o4672-l08715">
         <c> </c>
         <w xml:id="o4672-194720"
            n="o4672/0152-a-0410"
            ecep:lem="through"
            ecep:pos="p-acp"
            ecep:reg="Through"
            ecep:spe="Thro'"
            ecep:syllab="1"
            ecep:pron="θruː">Thro'</w>
         <c> </c>
         <w xml:id="o4672-194730"
            n="o4672/0152-a-0420"
            ecep:lem="liquid"
            ecep:pos="j-jn"
            ecep:reg="liquid"
            ecep:spe="liquid"
            ecep:syllab="2"
            ecep:pron="ˈlɪkwɪd">liquid</w>
         <c> </c>
         <w xml:id="o4672-194740"
            n="o4672/0152-a-0430"
            ecep:lem="telescope"
            ecep:pos="n2"
            ecep:reg="Telescopes"
            ecep:spe="Telescopes"
            ecep:syllab="3"
            ecep:pron="ˈtelɪskəʊps">Telescopes</w>
         <c> </c>
         <w xml:id="o4672-194750"
            n="o4672/0152-a-0440"
            ecep:lem="of"
            ecep:pos="pp-f"
            ecep:reg="of"
            ecep:spe="of"
            ecep:syllab="1"
            ecep:pron="ɒv">of</w>
         <c> </c>
         <w xml:id="o4672-194760"
            n="o4672/0152-a-0450"
            ecep:lem="tear"
            ecep:pos="n2"
            ecep:reg="Tears"
            ecep:spe="Tears"
            ecep:syllab="1"
            ecep:pron="tɪəz">Tears</w>
         <pc xml:id="o4672-194770"
             n="o4672/0152-a-0460"
             unit="sentence"
             ecep:lem="."
             ecep:pos="."
             ecep:reg="."
             ecep:spe=".">.</pc>
         <c> </c>
      </l>
   </lg>
   <lg n="2" xml:id="o4672-s01940">
      <head>
         <w xml:id="o4672-194810"
            n="o4672/0152-a-0470"
            ecep:lem="ii"
            ecep:pos="crd"
            ecep:reg="II"
            ecep:spe="II"
            ecep:syllab="1"
            ecep:pron="rˌəʊməntˈuː">II</w>
         <pc xml:id="o4672-194820"
             n="o4672/0152-a-0480"
             unit="sentence"
             ecep:lem="."
             ecep:pos="."
             ecep:reg="."
             ecep:spe=".">.</pc>
      </head>
      <l xml:id="o4672-l08720">
         <w xml:id="o4672-194840"
            n="o4672/0152-a-0490"
            ecep:lem="farewell"
            ecep:pos="uh-n"
            ecep:reg="Farewell"
            ecep:spe="Farewell"
            ecep:syllab="2"
            ecep:pron="ˌfeəˈwel">Farewell</w>
         <pc xml:id="o4672-194850"
             n="o4672/0152-a-0500"
             ecep:lem=","
             ecep:pos=","
             ecep:reg=","
             ecep:spe=",">,</pc>
         <c> </c>
         <w xml:id="o4672-194860"
            n="o4672/0152-a-0510"
            ecep:lem="bright"
            ecep:pos="j"
            ecep:reg="bright"
            ecep:spe="bright"
            ecep:syllab="1"
            ecep:pron="braɪt">bright</w>
         <c> </c>
         <w xml:id="o4672-194870"
            n="o4672/0152-a-0520"
            ecep:lem="soul"
            ecep:pos="n1"
            ecep:reg="Soul"
            ecep:spe="Soul"
            ecep:syllab="1"
            ecep:pron="səʊl">Soul</w>
         <pc xml:id="o4672-194880"
             n="o4672/0152-a-0530"
             ecep:lem=","
             ecep:pos=","
             ecep:reg=","
             ecep:spe=",">,</pc>
         <c> </c>
         <w xml:id="o4672-194890"
            n="o4672/0152-a-0540"
            ecep:lem="a"
            ecep:pos="dt"
            ecep:reg="a"
            ecep:spe="a"
            ecep:syllab="1"
            ecep:pron="ə">a</w>
         <c> </c>
         <w xml:id="o4672-194900"
            n="o4672/0152-a-0550"
            ecep:lem="short"
            ecep:pos="j"
            ecep:reg="short"
            ecep:spe="short"
            ecep:syllab="1"
            ecep:pron="ʃɔːt">short</w>
         <c> </c>
         <w xml:id="o4672-194910"
            n="o4672/0152-a-0560"
            ecep:lem="farewell"
            ecep:pos="uh-n"
            ecep:reg="Farewell"
            ecep:spe="Farewel"
            ecep:syllab="3"
            ecep:pron="ˌfeəˈwel">Farewel</w>
      </l>
      <l xml:id="o4672-l08725">
         <c> </c>
         <w xml:id="o4672-194920"
            n="o4672/0152-a-0570"
            ecep:lem="till"
            ecep:pos="p-acp"
            ecep:reg="Till"
            ecep:spe="Till"
            ecep:syllab="1"
            ecep:pron="tɪl">Till</w>
         <c> </c>
         <w xml:id="o4672-194930"
            n="o4672/0152-a-0580"
            ecep:lem="we"
            ecep:pos="pns12"
            ecep:reg="We"
            ecep:spe="We"
            ecep:syllab="1"
            ecep:pron="wiː">We</w>
         <c> </c>
         <w xml:id="o4672-194940"
            n="o4672/0152-a-0590"
            ecep:lem="shall"
            ecep:pos="vmb"
            ecep:reg="shall"
            ecep:spe="shall"
            ecep:syllab="1"
            ecep:pron="ʃæl">shall</w>
         <c> </c>
         <w xml:id="o4672-194950"
            n="o4672/0152-a-0600"
            ecep:lem="meet"
            ecep:pos="vvi"
            ecep:reg="meet"
            ecep:spe="meet"
            ecep:syllab="1"
            ecep:pron="miːt">meet</w>
         <c> </c>
         <w xml:id="o4672-194960"
            n="o4672/0152-a-0610"
            ecep:lem="again"
            ecep:pos="av"
            ecep:reg="again"
            ecep:spe="again"
            ecep:syllab="2"
            ecep:pron="əˈgen">again</w>
         <c> </c>
         <w xml:id="o4672-194970"
            n="o4672/0152-a-0620"
            ecep:lem="above"
            ecep:pos="a-acp"
            ecep:reg="above"
            ecep:spe="above"
            ecep:syllab="2"
            ecep:pron="əˈbʌv">above</w>
      </l>
      <l xml:id="o4672-l08730">
         <c> </c>
         <w xml:id="o4672-194980"
            n="o4672/0152-a-0630"
            ecep:lem="in"
            ecep:pos="p-acp"
            ecep:reg="In"
            ecep:spe="In"
            ecep:syllab="1"
            ecep:pron="ɪn">In</w>
         <c> </c>
         <w xml:id="o4672-194990"
            n="o4672/0152-a-0640"
            ecep:lem="the"
            ecep:pos="dt"
            ecep:reg="the"
            ecep:spe="the"
            ecep:syllab="1"
            ecep:pron="ðiː">the</w>
         <c> </c>
         <w xml:id="o4672-195000"
            n="o4672/0152-a-0650"
            ecep:lem="sweet"
            ecep:pos="j"
            ecep:reg="sweet"
            ecep:spe="sweet"
            ecep:syllab="1"
            ecep:pron="swiːt">sweet</w>
         <c> </c>
         <w xml:id="o4672-195010"
            n="o4672/0152-a-0660"
            ecep:lem="groves"
            ecep:pos="n1"
            ecep:reg="Groves"
            ecep:spe="Groves"
            ecep:syllab="1"
            ecep:pron="grəʊvz">Groves</w>
         <c> </c>
         <w xml:id="o4672-195020"
            n="o4672/0152-a-0670"
            ecep:lem="where"
            ecep:pos="c-crq"
            ecep:reg="where"
            ecep:spe="where"
            ecep:syllab="1"
            ecep:pron="weə">where</w>
         <c> </c>
         <w xml:id="o4672-195030"
            n="o4672/0152-a-0680"
            ecep:lem="pleasure"
            ecep:pos="n2"
            ecep:reg="Pleasures"
            ecep:spe="Pleasures"
            ecep:syllab="2"
            ecep:pron="ˈpleʒəz">Pleasures</w>
         <c> </c>
         <w xml:id="o4672-195040"
            n="o4672/0152-a-0690"
            ecep:lem="dwell"
            ecep:pos="vvb"
            ecep:reg="dwell"
            ecep:spe="dwell"
            ecep:syllab="1"
            ecep:pron="dwel">dwell</w>
         <pc xml:id="o4672-195050"
             n="o4672/0152-a-0700"
             ecep:lem=","
             ecep:pos=","
             ecep:reg=","
             ecep:spe=",">,</pc>
      </l>
      <l xml:id="o4672-l08735">
         <c> </c>
         <w xml:id="o4672-195060"
            n="o4672/0152-a-0710"
            ecep:lem="and"
            ecep:pos="cc"
            ecep:reg="And"
            ecep:spe="And"
            ecep:syllab="1"
            ecep:pron="ænd">And</w>
         <c> </c>
         <w xml:id="o4672-195070"
            n="o4672/0152-a-0720"
            ecep:lem="tree"
            ecep:pos="n2"
            ecep:reg="Trees"
            ecep:spe="Trees"
            ecep:syllab="1"
            ecep:pron="triːz">Trees</w>
         <c> </c>
         <w xml:id="o4672-195080"
            n="o4672/0152-a-0730"
            ecep:lem="of"
            ecep:pos="pp-f"
            ecep:reg="of"
            ecep:spe="of"
            ecep:syllab="1"
            ecep:pron="ɒv">of</w>
         <c> </c>
         <w xml:id="o4672-195090"
            n="o4672/0152-a-0740"
            ecep:lem="life"
            ecep:pos="n1"
            ecep:reg="Life"
            ecep:spe="Life"
            ecep:syllab="1"
            ecep:pron="laɪf">Life</w>
         <c> </c>
         <w xml:id="o4672-195100"
            n="o4672/0152-a-0750"
            ecep:lem="bear"
            ecep:pos="vvi"
            ecep:reg="bear"
            ecep:spe="bear"
            ecep:syllab="1"
            ecep:pron="beə">bear</w>
         <c> </c>
         <w xml:id="o4672-195110"
            n="o4672/0152-a-0760"
            ecep:lem="fruit"
            ecep:pos="n2"
            ecep:reg="Fruits"
            ecep:spe="Fruits"
            ecep:syllab="1"
            ecep:pron="fruːts">Fruits</w>
         <c> </c>
         <w xml:id="o4672-195120"
            n="o4672/0152-a-0770"
            ecep:lem="of"
            ecep:pos="pp-f"
            ecep:reg="of"
            ecep:spe="of"
            ecep:syllab="1"
            ecep:pron="ɒv">of</w>
         <c> </c>
         <w xml:id="o4672-195130"
            n="o4672/0152-a-0780"
            ecep:lem="love"
            ecep:pos="n1"
            ecep:reg="Love"
            ecep:spe="Love"
            ecep:syllab="1"
            ecep:pron="lʌv">Love</w>
         <pc xml:id="o4672-195140"
             n="o4672/0152-a-0790"
             unit="sentence"
             ecep:lem="."
             ecep:pos="."
             ecep:reg="."
             ecep:spe=".">.</pc>
         <c> </c>
      </l>
   </lg>
   <pb facs="o4672/0153" n="134" rend="none"/>
   <lg n="3" xml:id="o4672-s01945">
      <head>
         <w xml:id="o4672-195180"
            n="o4672/0153-a-0010"
            ecep:lem="iii"
            ecep:pos="crd"
            ecep:reg="III"
            ecep:spe="III"
            ecep:syllab="1"
            ecep:pron="rˌəʊmənθrˈiː">III</w>
         <pc xml:id="o4672-195190"
             n="o4672/0153-a-0020"
             unit="sentence"
             ecep:lem="."
             ecep:pos="."
             ecep:reg="."
             ecep:spe=".">.</pc>
      </head>
      <l xml:id="o4672-l08740">
         <w xml:id="o4672-195210"
            n="o4672/0153-a-0030"
            ecep:lem="there"
            ecep:pos="a-acp"
            ecep:reg="There"
            ecep:spe="There"
            ecep:syllab="1"
            ecep:pron="ðeə">There</w>
         <c> </c>
         <w xml:id="o4672-195220"
            n="o4672/0153-a-0040"
            ecep:lem="glory"
            ecep:pos="n1"
            ecep:reg="Glory"
            ecep:spe="Glory"
            ecep:syllab="2"
            ecep:pron="ˈglɔːri">Glory</w>
         <c> </c>
         <w xml:id="o4672-195230"
            n="o4672/0153-a-0050"
            ecep:lem="sit"
            ecep:pos="vvz"
            ecep:reg="sits"
            ecep:spe="sits"
            ecep:syllab="1"
            ecep:pron="sɪts">sits</w>
         <c> </c>
         <w xml:id="o4672-195240"
            n="o4672/0153-a-0060"
            ecep:lem="on"
            ecep:pos="p-acp"
            ecep:reg="on"
            ecep:spe="on"
            ecep:syllab="1"
            ecep:pron="ɒn">on</w>
         <c> </c>
         <w xml:id="o4672-195250"
            n="o4672/0153-a-0070"
            ecep:lem="every"
            ecep:pos="d"
            ecep:reg="every"
            ecep:spe="every"
            ecep:syllab="2"
            ecep:pron="ˈevri">every</w>
         <c> </c>
         <w xml:id="o4672-195260"
            n="o4672/0153-a-0080"
            ecep:lem="face"
            ecep:pos="n1"
            ecep:reg="Face"
            ecep:spe="Face"
            ecep:syllab="1"
            ecep:pron="feɪs">Face</w>
         <pc xml:id="o4672-195270"
             n="o4672/0153-a-0090"
             ecep:lem=","
             ecep:pos=","
             ecep:reg=","
             ecep:spe=",">,</pc>
      </l>
      <l xml:id="o4672-l08745">
         <c> </c>
         <w xml:id="o4672-195280"
            n="o4672/0153-a-0100"
            ecep:lem="there"
            ecep:pos="pc-acp"
            ecep:reg="There"
            ecep:spe="There"
            ecep:syllab="1"
            ecep:pron="ðeə">There</w>
         <c> </c>
         <w xml:id="o4672-195290"
            n="o4672/0153-a-0110"
            ecep:lem="friendship"
            ecep:pos="n1"
            ecep:reg="Friendship"
            ecep:spe="Friendship"
            ecep:syllab="2"
            ecep:pron="ˈfrendʃɪp">Friendship</w>
         <c> </c>
         <w xml:id="o4672-195300"
            n="o4672/0153-a-0120"
            ecep:lem="smile"
            ecep:pos="vvz"
            ecep:reg="smiles"
            ecep:spe="smiles"
            ecep:syllab="1"
            ecep:pron="smaɪlz">smiles</w>
         <c> </c>
         <w xml:id="o4672-195310"
            n="o4672/0153-a-0130"
            ecep:lem="in"
            ecep:pos="p-acp"
            ecep:reg="in"
            ecep:spe="in"
            ecep:syllab="1"
            ecep:pron="ɪn">in</w>
         <c> </c>
         <w xml:id="o4672-195320"
            n="o4672/0153-a-0140"
            ecep:lem="every"
            ecep:pos="d"
            ecep:reg="every"
            ecep:spe="every"
            ecep:syllab="2"
            ecep:pron="ˈevri">every</w>
         <c> </c>
         <w xml:id="o4672-195330"
            n="o4672/0153-a-0150"
            ecep:lem="eye"
            ecep:pos="n1"
            ecep:reg="Eye"
            ecep:spe="Eye"
            ecep:syllab="1"
            ecep:pron="aɪ">Eye</w>
         <pc xml:id="o4672-195340"
             n="o4672/0153-a-0160"
             ecep:lem=","
             ecep:pos=","
             ecep:reg=","
             ecep:spe=",">,</pc>
      </l>
      <l xml:id="o4672-l08750">
         <c> </c>
         <w xml:id="o4672-195350"
            n="o4672/0153-a-0170"
            ecep:lem="there"
            ecep:pos="pc-acp"
            ecep:reg="There"
            ecep:spe="There"
            ecep:syllab="1"
            ecep:pron="ðeə">There</w>
         <c> </c>
         <w xml:id="o4672-195360"
            n="o4672/0153-a-0180"
            ecep:lem="shall"
            ecep:pos="vmb"
            ecep:reg="shall"
            ecep:spe="shall"
            ecep:syllab="1"
            ecep:pron="ʃæl">shall</w>
         <c> </c>
         <w xml:id="o4672-195370"
            n="o4672/0153-a-0190"
            ecep:lem="our"
            ecep:pos="po12"
            ecep:reg="our"
            ecep:spe="our"
            ecep:syllab="1"
            ecep:pron="ˈaʊə">our</w>
         <c> </c>
         <w xml:id="o4672-195380"
            n="o4672/0153-a-0200"
            ecep:lem="tongue"
            ecep:pos="n2"
            ecep:reg="Tongues"
            ecep:spe="Tongues"
            ecep:syllab="1"
            ecep:pron="tʌŋz">Tongues</w>
         <c> </c>
         <w xml:id="o4672-195390"
            n="o4672/0153-a-0210"
            ecep:lem="relate"
            ecep:pos="vvi"
            ecep:reg="relate"
            ecep:spe="relate"
            ecep:syllab="2"
            ecep:pron="riˈleɪt">relate</w>
         <c> </c>
         <w xml:id="o4672-195400"
            n="o4672/0153-a-0220"
            ecep:lem="the"
            ecep:pos="dt"
            ecep:reg="the"
            ecep:spe="the"
            ecep:syllab="1"
            ecep:pron="ðiː">the</w>
         <c> </c>
         <w xml:id="o4672-195410"
            n="o4672/0153-a-0230"
            ecep:lem="grace"
            ecep:pos="n1"
            ecep:reg="Grace"
            ecep:spe="Grace"
            ecep:syllab="1"
            ecep:pron="greɪs">Grace</w>
      </l>
      <l xml:id="o4672-l08755">
         <c> </c>
         <w xml:id="o4672-195420"
            n="o4672/0153-a-0240"
            ecep:lem="that"
            ecep:pos="cst"
            ecep:reg="That"
            ecep:spe="That"
            ecep:syllab="1"
            ecep:pron="ðæt">That</w>
         <c> </c>
         <w xml:id="o4672-195430"
            n="o4672/0153-a-0250"
            ecep:lem="lead"
            ecep:pos="vvd"
            ecep:reg="led"
            ecep:spe="led"
            ecep:syllab="1"
            ecep:pron="led">led</w>
         <c> </c>
         <w xml:id="o4672-195440"
            n="o4672/0153-a-0260"
            ecep:lem="we"
            ecep:pos="pno12"
            ecep:reg="us"
            ecep:spe="us"
            ecep:syllab="1"
            ecep:pron="ʌs">us</w>
         <c> </c>
         <w xml:id="o4672-195450"
            n="o4672/0153-a-0270"
            ecep:lem="homeward"
            ecep:pos="av"
            ecep:reg="homeward"
            ecep:spe="homeward"
            ecep:syllab="2"
            ecep:pron="ˈhəʊmwəd">homeward</w>
         <c> </c>
         <w xml:id="o4672-195460"
            n="o4672/0153-a-0280"
            ecep:lem="to"
            ecep:pos="p-acp"
            ecep:reg="to"
            ecep:spe="to"
            ecep:syllab="1"
            ecep:pron="tuː">to</w>
         <c> </c>
         <w xml:id="o4672-195470"
            n="o4672/0153-a-0290"
            ecep:lem="the"
            ecep:pos="dt"
            ecep:reg="the"
            ecep:spe="the"
            ecep:syllab="1"
            ecep:pron="ðiː">the</w>
         <c> </c>
         <w xml:id="o4672-195480"
            n="o4672/0153-a-0300"
            ecep:lem="sky"
            ecep:pos="n1"
            ecep:reg="Sky"
            ecep:spe="Sky"
            ecep:syllab="1"
            ecep:pron="skaɪ">Sky</w>
         <pc xml:id="o4672-195490"
             n="o4672/0153-a-0310"
             unit="sentence"
             ecep:lem="."
             ecep:pos="."
             ecep:reg="."
             ecep:spe=".">.</pc>
         <c> </c>
      </l>
   </lg>
   <lg n="4" xml:id="o4672-s01950">
      <head>
         <w xml:id="o4672-195530"
            n="o4672/0153-a-0320"
            ecep:lem="iv"
            ecep:pos="crd"
            ecep:reg="IV"
            ecep:spe="IV"
            ecep:syllab="1"
            ecep:pron="rˌəʊmənfˈɔː">IV</w>
         <pc xml:id="o4672-195540"
             n="o4672/0153-a-0330"
             unit="sentence"
             ecep:lem="."
             ecep:pos="."
             ecep:reg="."
             ecep:spe=".">.</pc>
      </head>
      <l xml:id="o4672-l08760">
         <w xml:id="o4672-195560"
            n="o4672/0153-a-0340"
            ecep:lem="over"
            ecep:pos="p-acp"
            ecep:reg="Over"
            ecep:spe="O're"
            ecep:syllab="1"
            ecep:pron="əʊrˈiː">O're</w>
         <c> </c>
         <w xml:id="o4672-195570"
            n="o4672/0153-a-0350"
            ecep:lem="all"
            ecep:pos="d"
            ecep:reg="all"
            ecep:spe="all"
            ecep:syllab="1"
            ecep:pron="ɔːl">all</w>
         <c> </c>
         <w xml:id="o4672-195580"
            n="o4672/0153-a-0360"
            ecep:lem="the"
            ecep:pos="dt"
            ecep:reg="the"
            ecep:spe="the"
            ecep:syllab="1"
            ecep:pron="ðiː">the</w>
         <c> </c>
         <w xml:id="o4672-195590"
            n="o4672/0153-a-0370"
            ecep:lem="name"
            ecep:pos="n2"
            ecep:reg="Names"
            ecep:spe="Names"
            ecep:syllab="1"
            ecep:pron="neɪmz">Names</w>
         <c> </c>
         <w xml:id="o4672-195600"
            n="o4672/0153-a-0380"
            ecep:lem="of"
            ecep:pos="pp-f"
            ecep:reg="of"
            ecep:spe="of"
            ecep:syllab="1"
            ecep:pron="ɒv">of</w>
         <c> </c>
         <w xml:id="o4672-195610"
            n="o4672/0153-a-0390"
            ecep:lem="Christ"
            ecep:pos="np1"
            ecep:reg="Christ"
            ecep:spe="Christ"
            ecep:syllab="1"
            ecep:pron="ˈkraɪst">Christ</w>
         <c> </c>
         <w xml:id="o4672-195620"
            n="o4672/0153-a-0400"
            ecep:lem="our"
            ecep:pos="po12"
            ecep:reg="our"
            ecep:spe="our"
            ecep:syllab="1"
            ecep:pron="ˈaʊə">our</w>
         <c> </c>
         <w xml:id="o4672-195630"
            n="o4672/0153-a-0410"
            ecep:lem="king"
            ecep:pos="n1"
            ecep:reg="King"
            ecep:spe="King"
            ecep:syllab="1"
            ecep:pron="kɪŋ">King</w>
      </l>
      <l xml:id="o4672-l08765">
         <c> </c>
         <w xml:id="o4672-195640"
            n="o4672/0153-a-0420"
            ecep:lem="shall"
            ecep:pos="vmb"
            ecep:reg="Shall"
            ecep:spe="Shall"
            ecep:syllab="1"
            ecep:pron="ʃæl">Shall</w>
         <c> </c>
         <w xml:id="o4672-195650"
            n="o4672/0153-a-0430"
            ecep:lem="our"
            ecep:pos="po12"
            ecep:reg="our"
            ecep:spe="our"
            ecep:syllab="1"
            ecep:pron="ˈaʊə">our</w>
         <c> </c>
         <w xml:id="o4672-195660"
            n="o4672/0153-a-0440"
            ecep:lem="harmonious"
            ecep:pos="j"
            ecep:reg="harmonious"
            ecep:spe="harmonious"
            ecep:syllab="4"
            ecep:pron="hɑːˈməʊniəs">harmonious</w>
         <c> </c>
         <w xml:id="o4672-195670"
            n="o4672/0153-a-0450"
            ecep:lem="voice"
            ecep:pos="n2"
            ecep:reg="Voices"
            ecep:spe="Voices"
            ecep:syllab="2"
            ecep:pron="ˈvɔɪsɪz">Voices</w>
         <c> </c>
         <w xml:id="o4672-195680"
            n="o4672/0153-a-0460"
            ecep:lem="rove"
            ecep:pos="vvb"
            ecep:reg="rove"
            ecep:spe="rove"
            ecep:syllab="1"
            ecep:pron="rəʊv">rove</w>
         <pc xml:id="o4672-195690"
             n="o4672/0153-a-0470"
             ecep:lem=","
             ecep:pos=","
             ecep:reg=","
             ecep:spe=",">,</pc>
      </l>
      <l xml:id="o4672-l08770">
         <c> </c>
         <w xml:id="o4672-195700"
            n="o4672/0153-a-0480"
            ecep:lem="our"
            ecep:pos="po12"
            ecep:reg="Our"
            ecep:spe="Our"
            ecep:syllab="1"
            ecep:pron="ˈaʊə">Our</w>
         <c> </c>
         <w xml:id="o4672-195710"
            n="o4672/0153-a-0490"
            ecep:lem="harp"
            ecep:pos="n2"
            ecep:reg="Harps"
            ecep:spe="Harps"
            ecep:syllab="1"
            ecep:pron="hɑːps">Harps</w>
         <c> </c>
         <w xml:id="o4672-195720"
            n="o4672/0153-a-0500"
            ecep:lem="shall"
            ecep:pos="vmb"
            ecep:reg="shall"
            ecep:spe="shall"
            ecep:syllab="1"
            ecep:pron="ʃæl">shall</w>
         <c> </c>
         <w xml:id="o4672-195730"
            n="o4672/0153-a-0510"
            ecep:lem="sound"
            ecep:pos="vvi"
            ecep:reg="sound"
            ecep:spe="sound"
            ecep:syllab="1"
            ecep:pron="saʊnd">sound</w>
         <c> </c>
         <w xml:id="o4672-195740"
            n="o4672/0153-a-0520"
            ecep:lem="from"
            ecep:pos="p-acp"
            ecep:reg="from"
            ecep:spe="from"
            ecep:syllab="1"
            ecep:pron="frɒm">from</w>
         <c> </c>
         <w xml:id="o4672-195750"
            n="o4672/0153-a-0530"
            ecep:lem="every"
            ecep:pos="d"
            ecep:reg="every"
            ecep:spe="every"
            ecep:syllab="2"
            ecep:pron="ˈevri">every</w>
         <c> </c>
         <w xml:id="o4672-195760"
            n="o4672/0153-a-0540"
            ecep:lem="string"
            ecep:pos="n1"
            ecep:reg="String"
            ecep:spe="String"
            ecep:syllab="1"
            ecep:pron="strɪŋ">String</w>
      </l>
      <l xml:id="o4672-l08775">
         <c> </c>
         <w xml:id="o4672-195770"
            n="o4672/0153-a-0550"
            ecep:lem="the"
            ecep:pos="dt"
            ecep:reg="The"
            ecep:spe="The"
            ecep:syllab="1"
            ecep:pron="ðiː">The</w>
         <c> </c>
         <w xml:id="o4672-195780"
            n="o4672/0153-a-0560"
            ecep:lem="wonder"
            ecep:pos="n2"
            ecep:reg="Wonders"
            ecep:spe="Wonders"
            ecep:syllab="2"
            ecep:pron="ˈwʌndəz">Wonders</w>
         <c> </c>
         <w xml:id="o4672-195790"
            n="o4672/0153-a-0570"
            ecep:lem="of"
            ecep:pos="pp-f"
            ecep:reg="of"
            ecep:spe="of"
            ecep:syllab="1"
            ecep:pron="ɒv">of</w>
         <c> </c>
         <w xml:id="o4672-195800"
            n="o4672/0153-a-0580"
            ecep:lem="his"
            ecep:pos="po31"
            ecep:reg="his"
            ecep:spe="his"
            ecep:syllab="1"
            ecep:pron="hɪz">his</w>
         <c> </c>
         <w xml:id="o4672-195810"
            n="o4672/0153-a-0590"
            ecep:lem="bleed"
            ecep:pos="j-vvg"
            ecep:reg="bleeding"
            ecep:spe="bleeding"
            ecep:syllab="2"
            ecep:pron="ˈbliːdɪŋ">bleeding</w>
         <c> </c>
         <w xml:id="o4672-195820"
            n="o4672/0153-a-0600"
            ecep:lem="love"
            ecep:pos="n1"
            ecep:reg="Love"
            ecep:spe="Love"
            ecep:syllab="1"
            ecep:pron="lʌv">Love</w>
         <pc xml:id="o4672-195830"
             n="o4672/0153-a-0610"
             unit="sentence"
             ecep:lem="."
             ecep:pos="."
             ecep:reg="."
             ecep:spe=".">.</pc>
         <c> </c>
      </l>
   </lg>
   <lg n="5" xml:id="o4672-s01955">
      <head>
         <w xml:id="o4672-195870"
            n="o4672/0153-a-0620"
            ecep:lem="v."
            ecep:pos="crd"
            ecep:reg="V"
            ecep:spe="V."
            ecep:syllab="1"
            ecep:pron="viː">V.</w>
         <pc unit="sentence" xml:id="o4672-195870-eos" n="o4672/0153-a-0630"/>
      </head>
      <l xml:id="o4672-l08780">
         <w xml:id="o4672-195890"
            n="o4672/0153-a-0640"
            ecep:lem="come"
            ecep:pos="vvb"
            ecep:reg="Come"
            ecep:spe="Come"
            ecep:syllab="1"
            ecep:pron="kʌm">Come</w>
         <c> </c>
         <w xml:id="o4672-195900"
            n="o4672/0153-a-0650"
            ecep:lem="sovereign"
            ecep:pos="j-jn"
            ecep:reg="Sovereign"
            ecep:spe="Sovereign"
            ecep:syllab="2"
            ecep:pron="ˈsɒvrɪn">Sovereign</w>
         <c> </c>
         <w xml:id="o4672-195910"
            n="o4672/0153-a-0660"
            ecep:lem="lord"
            ecep:pos="n1"
            ecep:reg="Lord"
            ecep:spe="Lord"
            ecep:syllab="1"
            ecep:pron="lɔːd">Lord</w>
         <pc xml:id="o4672-195920"
             n="o4672/0153-a-0670"
             ecep:lem=","
             ecep:pos=","
             ecep:reg=","
             ecep:spe=",">,</pc>
         <c> </c>
         <w xml:id="o4672-195930"
            n="o4672/0153-a-0680"
            ecep:lem="dear"
            ecep:pos="j-jn"
            ecep:reg="Dear"
            ecep:spe="Dear"
            ecep:syllab="1"
            ecep:pron="dɪə">Dear</w>
         <c> </c>
         <w xml:id="o4672-195940"
            n="o4672/0153-a-0690"
            ecep:lem="saviour"
            ecep:pos="n1"
            ecep:reg="Saviour"
            ecep:spe="Saviour"
            ecep:syllab="2"
            ecep:pron="ˈseɪvjə">Saviour</w>
         <c> </c>
         <w xml:id="o4672-195950"
            n="o4672/0153-a-0700"
            ecep:lem="come"
            ecep:pos="vvi"
            ecep:reg="come"
            ecep:spe="come"
            ecep:syllab="1"
            ecep:pron="kʌm">come</w>
         <pc xml:id="o4672-195960"
             n="o4672/0153-a-0710"
             ecep:lem=","
             ecep:pos=","
             ecep:reg=","
             ecep:spe=",">,</pc>
      </l>
      <l xml:id="o4672-l08785">
         <c> </c>
         <w xml:id="o4672-195970"
            n="o4672/0153-a-0720"
            ecep:lem="remove"
            ecep:pos="vvb"
            ecep:reg="Remove"
            ecep:spe="Remove"
            ecep:syllab="2"
            ecep:pron="riˈmuːv">Remove</w>
         <c> </c>
         <w xml:id="o4672-195980"
            n="o4672/0153-a-0730"
            ecep:lem="these"
            ecep:pos="d"
            ecep:reg="these"
            ecep:spe="these"
            ecep:syllab="1"
            ecep:pron="ðiːz">these</w>
         <c> </c>
         <w xml:id="o4672-195990"
            n="o4672/0153-a-0740"
            ecep:lem="separate"
            ecep:pos="j-vvg"
            ecep:reg="separating"
            ecep:spe="separating"
            ecep:syllab="4"
            ecep:pron="ˈsepəreɪtɪŋ">separating</w>
         <c> </c>
         <w xml:id="o4672-196000"
            n="o4672/0153-a-0750"
            ecep:lem="day"
            ecep:pos="n2"
            ecep:reg="Days"
            ecep:spe="Days"
            ecep:syllab="1"
            ecep:pron="deɪz">Days</w>
         <pc xml:id="o4672-196010"
             n="o4672/0153-a-0760"
             ecep:lem=","
             ecep:pos=","
             ecep:reg=","
             ecep:spe=",">,</pc>
      </l>
      <l xml:id="o4672-l08790">
         <c> </c>
         <w xml:id="o4672-196020"
            n="o4672/0153-a-0770"
            ecep:lem="send"
            ecep:pos="vvb"
            ecep:reg="Send"
            ecep:spe="Send"
            ecep:syllab="1"
            ecep:pron="send">Send</w>
         <c> </c>
         <w xml:id="o4672-196030"
            n="o4672/0153-a-0780"
            ecep:lem="thy"
            ecep:pos="po21"
            ecep:reg="thy"
            ecep:spe="thy"
            ecep:syllab="1"
            ecep:pron="ðaɪ">thy</w>
         <c> </c>
         <w xml:id="o4672-196040"
            n="o4672/0153-a-0790"
            ecep:lem="bright"
            ecep:pos="j"
            ecep:reg="bright"
            ecep:spe="bright"
            ecep:syllab="1"
            ecep:pron="braɪt">bright</w>
         <c> </c>
         <w xml:id="o4672-196050"
            n="o4672/0153-a-0800"
            ecep:lem="wheel"
            ecep:pos="n2"
            ecep:reg="Wheels"
            ecep:spe="Wheels"
            ecep:syllab="1"
            ecep:pron="wiːlz">Wheels</w>
         <c> </c>
         <w xml:id="o4672-196060"
            n="o4672/0153-a-0810"
            ecep:lem="to"
            ecep:pos="pc-acp"
            ecep:reg="to"
            ecep:spe="to"
            ecep:syllab="1"
            ecep:pron="tuː">to</w>
         <c> </c>
         <w xml:id="o4672-196070"
            n="o4672/0153-a-0820"
            ecep:lem="fetch"
            ecep:pos="vvi"
            ecep:reg="fetch"
            ecep:spe="fetch"
            ecep:syllab="1"
            ecep:pron="fetʃ">fetch</w>
         <c> </c>
         <w xml:id="o4672-196080"
            n="o4672/0153-a-0830"
            ecep:lem="we"
            ecep:pos="pno12"
            ecep:reg="us"
            ecep:spe="us"
            ecep:syllab="1"
            ecep:pron="ʌs">us</w>
         <c> </c>
         <w xml:id="o4672-196090"
            n="o4672/0153-a-0840"
            ecep:lem="home"
            ecep:pos="av-an"
            ecep:reg="home"
            ecep:spe="home"
            ecep:syllab="1"
            ecep:pron="həʊm">home</w>
         <pc xml:id="o4672-196100"
             n="o4672/0153-a-0850"
             ecep:lem=";"
             ecep:pos=";"
             ecep:reg=";"
             ecep:spe=";">;</pc>
      </l>
      <l xml:id="o4672-l08795">
         <c> </c>
         <w xml:id="o4672-196110"
            n="o4672/0153-a-0860"
            ecep:lem="that"
            ecep:pos="d"
            ecep:reg="That"
            ecep:spe="That"
            ecep:syllab="1"
            ecep:pron="ðæt">That</w>
         <c> </c>
         <w xml:id="o4672-196120"
            n="o4672/0153-a-0870"
            ecep:lem="golden"
            ecep:pos="j"
            ecep:reg="Golden"
            ecep:spe="Golden"
            ecep:syllab="2"
            ecep:pron="ˈgəʊldən">Golden</w>
         <c> </c>
         <w xml:id="o4672-196130"
            n="o4672/0153-a-0880"
            ecep:lem="hour"
            ecep:pos="n1"
            ecep:reg="Hour"
            ecep:spe="Hour"
            ecep:syllab="1"
            ecep:pron="ˈaʊə">Hour</w>
         <pc xml:id="o4672-196140"
             n="o4672/0153-a-0890"
             ecep:lem=","
             ecep:pos=","
             ecep:reg=","
             ecep:spe=",">,</pc>
         <c> </c>
         <w xml:id="o4672-196150"
            n="o4672/0153-a-0900"
            ecep:lem="how"
            ecep:pos="c-crq"
            ecep:reg="how"
            ecep:spe="how"
            ecep:syllab="1"
            ecep:pron="haʊ">how</w>
         <c> </c>
         <w xml:id="o4672-196160"
            n="o4672/0153-a-0910"
            ecep:lem="long"
            ecep:pos="av-j"
            ecep:reg="long"
            ecep:spe="long"
            ecep:syllab="1"
            ecep:pron="lɒŋ">long</w>
         <c> </c>
         <w xml:id="o4672-196170"
            n="o4672/0153-a-0920"
            ecep:lem="it"
            ecep:pos="pn31"
            ecep:reg="it"
            ecep:spe="it"
            ecep:syllab="1"
            ecep:pron="ɪt">it</w>
         <c> </c>
         <w xml:id="o4672-196180"
            n="o4672/0153-a-0930"
            ecep:lem="stay"
            ecep:pos="vvz"
            ecep:reg="stays"
            ecep:spe="stays"
            ecep:syllab="1"
            ecep:pron="steɪz">stays</w>
         <pc xml:id="o4672-196190"
             n="o4672/0153-a-0940"
             unit="sentence"
             ecep:lem="!"
             ecep:pos="!"
             ecep:reg="!"
             ecep:spe="!">!</pc>
         <c> </c>
      </l>
   </lg>
   <lg n="6" xml:id="o4672-s01960">
      <head>
         <w xml:id="o4672-196230"
            n="o4672/0153-a-0950"
            ecep:lem="vi"
            ecep:pos="crd"
            ecep:reg="VI"
            ecep:spe="VI"
            ecep:syllab="1"
            ecep:pron="ˈvaɪ">VI</w>
         <pc xml:id="o4672-196240"
             n="o4672/0153-a-0960"
             unit="sentence"
             ecep:lem="."
             ecep:pos="."
             ecep:reg="."
             ecep:spe=".">.</pc>
      </head>
      <l xml:id="o4672-l08800">
         <w xml:id="o4672-196260"
            n="o4672/0153-a-0970"
            ecep:lem="how"
            ecep:pos="q-crq"
            ecep:reg="How"
            ecep:spe="How"
            ecep:syllab="1"
            ecep:pron="haʊ">How</w>
         <c> </c>
         <w xml:id="o4672-196270"
            n="o4672/0153-a-0980"
            ecep:lem="long"
            ecep:pos="av-j"
            ecep:reg="long"
            ecep:spe="long"
            ecep:syllab="1"
            ecep:pron="lɒŋ">long</w>
         <c> </c>
         <w xml:id="o4672-196280"
            n="o4672/0153-a-0990"
            ecep:lem="must"
            ecep:pos="vmb"
            ecep:reg="must"
            ecep:spe="must"
            ecep:syllab="1"
            ecep:pron="mʌst">must</w>
         <c> </c>
         <w xml:id="o4672-196290"
            n="o4672/0153-a-1000"
            ecep:lem="we"
            ecep:pos="pns12"
            ecep:reg="we"
            ecep:spe="we"
            ecep:syllab="1"
            ecep:pron="wiː">we</w>
         <c> </c>
         <w xml:id="o4672-196300"
            n="o4672/0153-a-1010"
            ecep:lem="lie"
            ecep:pos="vvi"
            ecep:reg="lie"
            ecep:spe="lie"
            ecep:syllab="1"
            ecep:pron="laɪ">lie</w>
         <c> </c>
         <w xml:id="o4672-196310"
            n="o4672/0153-a-1020"
            ecep:lem="linger"
            ecep:pos="vvg"
            ecep:reg="lingering"
            ecep:spe="ling'ring"
            ecep:syllab="2"
            ecep:pron="ˈlɪŋgrɪŋ">ling'ring</w>
         <c> </c>
         <w xml:id="o4672-196320"
            n="o4672/0153-a-1030"
            ecep:lem="here"
            ecep:pos="av"
            ecep:reg="here"
            ecep:spe="here"
            ecep:syllab="1"
            ecep:pron="hɪə">here</w>
         <pc xml:id="o4672-196330"
             n="o4672/0153-a-1040"
             ecep:lem=","
             ecep:pos=","
             ecep:reg=","
             ecep:spe=",">,</pc>
      </l>
      <l xml:id="o4672-l08805">
         <c> </c>
         <w xml:id="o4672-196340"
            n="o4672/0153-a-1050"
            ecep:lem="while"
            ecep:pos="cs"
            ecep:reg="While"
            ecep:spe="While"
            ecep:syllab="1"
            ecep:pron="waɪl">While</w>
         <c> </c>
         <w xml:id="o4672-196350"
            n="o4672/0153-a-1060"
            ecep:lem="saint"
            ecep:pos="n2"
            ecep:reg="Saints"
            ecep:spe="Saints"
            ecep:syllab="1"
            ecep:pron="seɪnts">Saints</w>
         <c> </c>
         <w xml:id="o4672-196360"
            n="o4672/0153-a-1070"
            ecep:lem="around"
            ecep:pos="p-acp"
            ecep:reg="around"
            ecep:spe="around"
            ecep:syllab="2"
            ecep:pron="əˈraʊnd">around</w>
         <c> </c>
         <w xml:id="o4672-196370"
            n="o4672/0153-a-1080"
            ecep:lem="we"
            ecep:pos="pno12"
            ecep:reg="us"
            ecep:spe="us"
            ecep:syllab="1"
            ecep:pron="ʌs">us</w>
         <c> </c>
         <w xml:id="o4672-196380"
            n="o4672/0153-a-1090"
            ecep:lem="take"
            ecep:pos="vvi"
            ecep:reg="take"
            ecep:spe="take"
            ecep:syllab="1"
            ecep:pron="teɪk">take</w>
         <c> </c>
         <w xml:id="o4672-196390"
            n="o4672/0153-a-1100"
            ecep:lem="their"
            ecep:pos="po32"
            ecep:reg="their"
            ecep:spe="their"
            ecep:syllab="1"
            ecep:pron="ðeə">their</w>
         <c> </c>
         <w xml:id="o4672-196400"
            n="o4672/0153-a-1110"
            ecep:lem="flight"
            ecep:pos="n1"
            ecep:reg="Flight"
            ecep:spe="Flight"
            ecep:syllab="1"
            ecep:pron="flaɪt">Flight</w>
         <pc xml:id="o4672-196410"
             n="o4672/0153-a-1120"
             unit="sentence"
             ecep:lem="?"
             ecep:pos="?"
             ecep:reg="?"
             ecep:spe="?">?</pc>
         <c> </c>
      </l>
      <l xml:id="o4672-l08810">
         <w xml:id="o4672-196420"
            n="o4672/0153-a-1130"
            ecep:lem="smile"
            ecep:pos="vvg"
            ecep:reg="Smiling"
            ecep:spe="Smiling"
            ecep:syllab="2"
            ecep:pron="ˈsmaɪlɪŋ">Smiling</w>
         <c> </c>
         <w xml:id="o4672-196430"
            n="o4672/0153-a-1140"
            ecep:lem="they"
            ecep:pos="pns32"
            ecep:reg="they"
            ecep:spe="they"
            ecep:syllab="1"
            ecep:pron="ðeɪ">they</w>
         <c> </c>
         <w xml:id="o4672-196440"
            n="o4672/0153-a-1150"
            ecep:lem="quit"
            ecep:pos="vvd"
            ecep:reg="quit"
            ecep:spe="quit"
            ecep:syllab="1"
            ecep:pron="kwɪt">quit</w>
         <c> </c>
         <w xml:id="o4672-196450"
            n="o4672/0153-a-1160"
            ecep:lem="this"
            ecep:pos="d"
            ecep:reg="this"
            ecep:spe="this"
            ecep:syllab="1"
            ecep:pron="ðɪs">this</w>
         <c> </c>
         <w xml:id="o4672-196460"
            n="o4672/0153-a-1170"
            ecep:lem="dusky"
            ecep:pos="j"
            ecep:reg="dusky"
            ecep:spe="dusky"
            ecep:syllab="2"
            ecep:pron="ˈdʌski">dusky</w>
         <c> </c>
         <w xml:id="o4672-196470"
            n="o4672/0153-a-1180"
            ecep:lem="sphere"
            ecep:pos="n1"
            ecep:reg="Sphere"
            ecep:spe="Sphere"
            ecep:syllab="1"
            ecep:pron="sfɪə">Sphere</w>
         <pc xml:id="o4672-196480"
             n="o4672/0153-a-1190"
             ecep:lem=","
             ecep:pos=","
             ecep:reg=","
             ecep:spe=",">,</pc>
      </l>
      <l xml:id="o4672-l08815">
         <c> </c>
         <w xml:id="o4672-196490"
            n="o4672/0153-a-1200"
            ecep:lem="and"
            ecep:pos="cc"
            ecep:reg="And"
            ecep:spe="And"
            ecep:syllab="1"
            ecep:pron="ænd">And</w>
         <c> </c>
         <w xml:id="o4672-196500"
            n="o4672/0153-a-1210"
            ecep:lem="mount"
            ecep:pos="vvi"
            ecep:reg="mount"
            ecep:spe="mount"
            ecep:syllab="1"
            ecep:pron="maʊnt">mount</w>
         <c> </c>
         <w xml:id="o4672-196510"
            n="o4672/0153-a-1220"
            ecep:lem="the"
            ecep:pos="dt"
            ecep:reg="the"
            ecep:spe="the"
            ecep:syllab="1"
            ecep:pron="ðiː">the</w>
         <c> </c>
         <w xml:id="o4672-196520"
            n="o4672/0153-a-1230"
            ecep:lem="hill"
            ecep:pos="n2"
            ecep:reg="Hills"
            ecep:spe="Hills"
            ecep:syllab="1"
            ecep:pron="hɪlz">Hills</w>
         <c> </c>
         <w xml:id="o4672-196530"
            n="o4672/0153-a-1240"
            ecep:lem="of"
            ecep:pos="pp-f"
            ecep:reg="of"
            ecep:spe="of"
            ecep:syllab="1"
            ecep:pron="ɒv">of</w>
         <c> </c>
         <w xml:id="o4672-196540"
            n="o4672/0153-a-1250"
            ecep:lem="heavenly"
            ecep:pos="j"
            ecep:reg="Heavenly"
            ecep:spe="Heavenly"
            ecep:syllab="2"
            ecep:pron="ˈhevnli">Heavenly</w>
         <c> </c>
         <w xml:id="o4672-196550"
            n="o4672/0153-a-1260"
            ecep:lem="light"
            ecep:pos="n1"
            ecep:reg="Light"
            ecep:spe="Light"
            ecep:syllab="1"
            ecep:pron="laɪt">Light</w>
         <pc xml:id="o4672-196560"
             n="o4672/0153-a-1270"
             unit="sentence"
             ecep:lem="."
             ecep:pos="."
             ecep:reg="."
             ecep:spe=".">.</pc>
         <c> </c>
      </l>
   </lg>
   <pb facs="o4672/0154" n="135" rend="none"/>
   <lg n="7" xml:id="o4672-s01965">
      <head>
         <w xml:id="o4672-196600"
            n="o4672/0154-a-0010"
            ecep:lem="vii"
            ecep:pos="crd"
            ecep:reg="VII"
            ecep:spe="VII"
            ecep:syllab="1"
            ecep:pron="rˌəʊmənsˈevən">VII</w>
         <pc xml:id="o4672-196610"
             n="o4672/0154-a-0020"
             unit="sentence"
             ecep:lem="."
             ecep:pos="."
             ecep:reg="."
             ecep:spe=".">.</pc>
      </head>
      <l xml:id="o4672-l08820">
         <w xml:id="o4672-196630"
            n="o4672/0154-a-0030"
            ecep:lem="sweet"
            ecep:pos="j"
            ecep:reg="Sweet"
            ecep:spe="Sweet"
            ecep:syllab="1"
            ecep:pron="swiːt">Sweet</w>
         <c> </c>
         <w xml:id="o4672-196640"
            n="o4672/0154-a-0040"
            ecep:lem="soul"
            ecep:pos="n1"
            ecep:reg="Soul"
            ecep:spe="Soul"
            ecep:syllab="1"
            ecep:pron="səʊl">Soul</w>
         <pc xml:id="o4672-196650"
             n="o4672/0154-a-0050"
             ecep:lem=","
             ecep:pos=","
             ecep:reg=","
             ecep:spe=",">,</pc>
         <c> </c>
         <w xml:id="o4672-196660"
            n="o4672/0154-a-0060"
            ecep:lem="we"
            ecep:pos="pns12"
            ecep:reg="we"
            ecep:spe="we"
            ecep:syllab="1"
            ecep:pron="wiː">we</w>
         <c> </c>
         <w xml:id="o4672-196670"
            n="o4672/0154-a-0070"
            ecep:lem="leave"
            ecep:pos="vvb"
            ecep:reg="leave"
            ecep:spe="leave"
            ecep:syllab="1"
            ecep:pron="liːv">leave</w>
         <c> </c>
         <w xml:id="o4672-196680"
            n="o4672/0154-a-0080"
            ecep:lem="thou"
            ecep:pos="pno21"
            ecep:reg="thee"
            ecep:spe="thee"
            ecep:syllab="1"
            ecep:pron="ðiː">thee</w>
         <c> </c>
         <w xml:id="o4672-196690"
            n="o4672/0154-a-0090"
            ecep:lem="to"
            ecep:pos="p-acp"
            ecep:reg="to"
            ecep:spe="to"
            ecep:syllab="1"
            ecep:pron="tuː">to</w>
         <c> </c>
         <w xml:id="o4672-196700"
            n="o4672/0154-a-0100"
            ecep:lem="thy"
            ecep:pos="po21"
            ecep:reg="thy"
            ecep:spe="thy"
            ecep:syllab="1"
            ecep:pron="ðaɪ">thy</w>
         <c> </c>
         <w xml:id="o4672-196710"
            n="o4672/0154-a-0110"
            ecep:lem="rest"
            ecep:pos="n1"
            ecep:reg="Rest"
            ecep:spe="Rest"
            ecep:syllab="1"
            ecep:pron="rest">Rest</w>
         <pc xml:id="o4672-196720"
             n="o4672/0154-a-0120"
             ecep:lem=","
             ecep:pos=","
             ecep:reg=","
             ecep:spe=",">,</pc>
      </l>
      <l xml:id="o4672-l08825">
         <c> </c>
         <w xml:id="o4672-196730"
            n="o4672/0154-a-0130"
            ecep:lem="enjoy"
            ecep:pos="vvb"
            ecep:reg="Enjoy"
            ecep:spe="Enjoy"
            ecep:syllab="2"
            ecep:pron="ɪnˈdʒɔɪ">Enjoy</w>
         <c> </c>
         <w xml:id="o4672-196740"
            n="o4672/0154-a-0140"
            ecep:lem="thy"
            ecep:pos="po21"
            ecep:reg="thy"
            ecep:spe="thy"
            ecep:syllab="1"
            ecep:pron="ðaɪ">thy</w>
         <c> </c>
         <hi>
            <w xml:id="o4672-196750"
               n="o4672/0154-a-0150"
               ecep:lem="Jesus"
               ecep:pos="np1"
               ecep:reg="Jesus"
               ecep:spe="Jesus"
               ecep:syllab="2"
               ecep:pron="ˈdʒiːzəs">Jesus</w>
         </hi>
         <c> </c>
         <w xml:id="o4672-196760"
            n="o4672/0154-a-0160"
            ecep:lem="and"
            ecep:pos="cc"
            ecep:reg="and"
            ecep:spe="and"
            ecep:syllab="1"
            ecep:pron="ænd">and</w>
         <c> </c>
         <w xml:id="o4672-196770"
            n="o4672/0154-a-0170"
            ecep:lem="thy"
            ecep:pos="po21"
            ecep:reg="thy"
            ecep:spe="thy"
            ecep:syllab="1"
            ecep:pron="ðaɪ">thy</w>
         <c> </c>
         <w xml:id="o4672-196780"
            n="o4672/0154-a-0180"
            ecep:lem="god"
            ecep:pos="n1"
            ecep:reg="God"
            ecep:spe="God"
            ecep:syllab="1"
            ecep:pron="gɒd">God</w>
         <pc xml:id="o4672-196790"
             n="o4672/0154-a-0190"
             ecep:lem=","
             ecep:pos=","
             ecep:reg=","
             ecep:spe=",">,</pc>
      </l>
      <l xml:id="o4672-l08830">
         <c> </c>
         <w xml:id="o4672-196800"
            n="o4672/0154-a-0200"
            ecep:lem="till"
            ecep:pos="c-acp"
            ecep:reg="Till"
            ecep:spe="Till"
            ecep:syllab="1"
            ecep:pron="tɪl">Till</w>
         <c> </c>
         <w xml:id="o4672-196810"
            n="o4672/0154-a-0210"
            ecep:lem="we"
            ecep:pos="pns12"
            ecep:reg="we"
            ecep:spe="we"
            ecep:syllab="1"
            ecep:pron="wiː">we</w>
         <c> </c>
         <w xml:id="o4672-196820"
            n="o4672/0154-a-0220"
            ecep:lem="from"
            ecep:pos="p-acp"
            ecep:reg="from"
            ecep:spe="from"
            ecep:syllab="1"
            ecep:pron="frɒm">from</w>
         <c> </c>
         <w xml:id="o4672-196830"
            n="o4672/0154-a-0230"
            ecep:lem="band"
            ecep:pos="n2"
            ecep:reg="Bands"
            ecep:spe="Bands"
            ecep:syllab="1"
            ecep:pron="bændz">Bands</w>
         <c> </c>
         <w xml:id="o4672-196840"
            n="o4672/0154-a-0240"
            ecep:lem="of"
            ecep:pos="pp-f"
            ecep:reg="of"
            ecep:spe="of"
            ecep:syllab="1"
            ecep:pron="ɒv">of</w>
         <c> </c>
         <w xml:id="o4672-196850"
            n="o4672/0154-a-0250"
            ecep:lem="clay"
            ecep:pos="n1"
            ecep:reg="Clay"
            ecep:spe="Clay"
            ecep:syllab="1"
            ecep:pron="kleɪ">Clay</w>
         <c> </c>
         <w xml:id="o4672-196860"
            n="o4672/0154-a-0260"
            ecep:lem="release"
            ecep:pos="vvd"
            ecep:reg="released"
            ecep:spe="releas'd"
            ecep:syllab="2"
            ecep:pron="riˈliːst">releas'd</w>
      </l>
      <l xml:id="o4672-l08835">
         <c> </c>
         <w xml:id="o4672-196870"
            n="o4672/0154-a-0270"
            ecep:lem="spring"
            ecep:pos="n1"
            ecep:reg="Spring"
            ecep:spe="Spring"
            ecep:syllab="1"
            ecep:pron="sprɪŋ">Spring</w>
         <c> </c>
         <w xml:id="o4672-196880"
            n="o4672/0154-a-0280"
            ecep:lem="out"
            ecep:pos="av"
            ecep:reg="out"
            ecep:spe="out"
            ecep:syllab="1"
            ecep:pron="aʊt">out</w>
         <c> </c>
         <w xml:id="o4672-196890"
            n="o4672/0154-a-0290"
            ecep:lem="and"
            ecep:pos="cc"
            ecep:reg="and"
            ecep:spe="and"
            ecep:syllab="1"
            ecep:pron="ænd">and</w>
         <c> </c>
         <w xml:id="o4672-196900"
            n="o4672/0154-a-0300"
            ecep:lem="climb"
            ecep:pos="vvi"
            ecep:reg="climb"
            ecep:spe="climb"
            ecep:syllab="1"
            ecep:pron="klaɪm">climb</w>
         <c> </c>
         <w xml:id="o4672-196910"
            n="o4672/0154-a-0310"
            ecep:lem="the"
            ecep:pos="dt"
            ecep:reg="the"
            ecep:spe="the"
            ecep:syllab="1"
            ecep:pron="ðiː">the</w>
         <c> </c>
         <w xml:id="o4672-196920"
            n="o4672/0154-a-0320"
            ecep:lem="shine"
            ecep:pos="j-vvg"
            ecep:reg="shining"
            ecep:spe="shining"
            ecep:syllab="2"
            ecep:pron="ˈʃaɪnɪŋ">shining</w>
         <c> </c>
         <w xml:id="o4672-196930"
            n="o4672/0154-a-0330"
            ecep:lem="road"
            ecep:pos="n1"
            ecep:reg="Road"
            ecep:spe="Road"
            ecep:syllab="1"
            ecep:pron="rəʊd">Road</w>
         <pc xml:id="o4672-196940"
             n="o4672/0154-a-0340"
             unit="sentence"
             ecep:lem="."
             ecep:pos="."
             ecep:reg="."
             ecep:spe=".">.</pc>
         <c> </c>
      </l>
   </lg>
   <lg n="8" xml:id="o4672-s01970">
      <head>
         <w xml:id="o4672-196980"
            n="o4672/0154-a-0350"
            ecep:lem="viii"
            ecep:pos="crd"
            ecep:reg="VIII"
            ecep:spe="VIII"
            ecep:syllab="1"
            ecep:pron="rˌəʊmənˈeɪt">VIII</w>
         <pc xml:id="o4672-196990"
             n="o4672/0154-a-0360"
             unit="sentence"
             ecep:lem="."
             ecep:pos="."
             ecep:reg="."
             ecep:spe=".">.</pc>
      </head>
      <l xml:id="o4672-l08840">
         <w xml:id="o4672-197010"
            n="o4672/0154-a-0370"
            ecep:lem="while"
            ecep:pos="cs"
            ecep:reg="While"
            ecep:spe="While"
            ecep:syllab="1"
            ecep:pron="waɪl">While</w>
         <c> </c>
         <w xml:id="o4672-197020"
            n="o4672/0154-a-0380"
            ecep:lem="the"
            ecep:pos="dt"
            ecep:reg="the"
            ecep:spe="the"
            ecep:syllab="1"
            ecep:pron="ðiː">the</w>
         <c> </c>
         <w xml:id="o4672-197030"
            n="o4672/0154-a-0390"
            ecep:lem="dear"
            ecep:pos="j-jn"
            ecep:reg="Dear"
            ecep:spe="Dear"
            ecep:syllab="1"
            ecep:pron="dɪə">Dear</w>
         <c> </c>
         <w xml:id="o4672-197040"
            n="o4672/0154-a-0400"
            ecep:lem="dust"
            ecep:pos="n1"
            ecep:reg="Dust"
            ecep:spe="Dust"
            ecep:syllab="1"
            ecep:pron="dʌst">Dust</w>
         <c> </c>
         <w xml:id="o4672-197050"
            n="o4672/0154-a-0410"
            ecep:lem="she"
            ecep:pos="pns31"
            ecep:reg="she"
            ecep:spe="she"
            ecep:syllab="1"
            ecep:pron="ʃiː">she</w>
         <c> </c>
         <w xml:id="o4672-197060"
            n="o4672/0154-a-0420"
            ecep:lem="leave"
            ecep:pos="vvz"
            ecep:reg="leaves"
            ecep:spe="leaves"
            ecep:syllab="1"
            ecep:pron="liːvz">leaves</w>
         <c> </c>
         <w xml:id="o4672-197070"
            n="o4672/0154-a-0430"
            ecep:lem="behind"
            ecep:pos="a-acp"
            ecep:reg="behind"
            ecep:spe="behind"
            ecep:syllab="2"
            ecep:pron="biˈhaɪnd">behind</w>
      </l>
      <l xml:id="o4672-l08845">
         <c> </c>
         <w xml:id="o4672-197080"
            n="o4672/0154-a-0440"
            ecep:lem="sleep"
            ecep:pos="vvz"
            ecep:reg="Sleeps"
            ecep:spe="Sleeps"
            ecep:syllab="1"
            ecep:pron="sliːps">Sleeps</w>
         <c> </c>
         <w xml:id="o4672-197090"
            n="o4672/0154-a-0450"
            ecep:lem="in"
            ecep:pos="p-acp"
            ecep:reg="in"
            ecep:spe="in"
            ecep:syllab="1"
            ecep:pron="ɪn">in</w>
         <c> </c>
         <w xml:id="o4672-197100"
            n="o4672/0154-a-0460"
            ecep:lem="thy"
            ecep:pos="po21"
            ecep:reg="thy"
            ecep:spe="thy"
            ecep:syllab="1"
            ecep:pron="ðaɪ">thy</w>
         <c> </c>
         <w xml:id="o4672-197110"
            n="o4672/0154-a-0470"
            ecep:lem="bosom"
            ecep:pos="n1"
            ecep:reg="Bosom"
            ecep:spe="Bosom"
            ecep:syllab="2"
            ecep:pron="ˈbʊzəm">Bosom</w>
         <pc xml:id="o4672-197120"
             n="o4672/0154-a-0480"
             ecep:lem=","
             ecep:pos=","
             ecep:reg=","
             ecep:spe=",">,</pc>
         <c> </c>
         <w xml:id="o4672-197130"
            n="o4672/0154-a-0490"
            ecep:lem="sacred"
            ecep:pos="j"
            ecep:reg="Sacred"
            ecep:spe="Sacred"
            ecep:syllab="1"
            ecep:pron="ˈseɪkrɪd">Sacred</w>
         <c> </c>
         <w xml:id="o4672-197140"
            n="o4672/0154-a-0500"
            ecep:lem="tomb"
            ecep:pos="n1"
            ecep:reg="Tomb"
            ecep:spe="Tomb"
            ecep:syllab="1"
            ecep:pron="tuːm">Tomb</w>
         <pc xml:id="o4672-197150"
             n="o4672/0154-a-0510"
             ecep:lem=";"
             ecep:pos=";"
             ecep:reg=";"
             ecep:spe=";">;</pc>
      </l>
      <l xml:id="o4672-l08850">
         <c> </c>
         <w xml:id="o4672-197160"
            n="o4672/0154-a-0520"
            ecep:lem="soft"
            ecep:pos="j"
            ecep:reg="Soft"
            ecep:spe="Soft"
            ecep:syllab="1"
            ecep:pron="sɒft">Soft</w>
         <c> </c>
         <w xml:id="o4672-197170"
            n="o4672/0154-a-0530"
            ecep:lem="be"
            ecep:pos="vbb"
            ecep:reg="be"
            ecep:spe="be"
            ecep:syllab="1"
            ecep:pron="biː">be</w>
         <c> </c>
         <w xml:id="o4672-197180"
            n="o4672/0154-a-0540"
            ecep:lem="her"
            ecep:pos="po31"
            ecep:reg="her"
            ecep:spe="her"
            ecep:syllab="1"
            ecep:pron="hɜː">her</w>
         <c> </c>
         <w xml:id="o4672-197190"
            n="o4672/0154-a-0550"
            ecep:lem="bed"
            ecep:pos="n1"
            ecep:reg="Bed"
            ecep:spe="Bed"
            ecep:syllab="1"
            ecep:pron="bed">Bed</w>
         <pc xml:id="o4672-197200"
             n="o4672/0154-a-0560"
             ecep:lem=","
             ecep:pos=","
             ecep:reg=","
             ecep:spe=",">,</pc>
         <c> </c>
         <w xml:id="o4672-197210"
            n="o4672/0154-a-0570"
            ecep:lem="her"
            ecep:pos="po31"
            ecep:reg="her"
            ecep:spe="her"
            ecep:syllab="1"
            ecep:pron="hɜː">her</w>
         <c> </c>
         <w xml:id="o4672-197220"
            n="o4672/0154-a-0580"
            ecep:lem="slumber"
            ecep:pos="n2"
            ecep:reg="Slumbers"
            ecep:spe="Slumbers"
            ecep:syllab="2"
            ecep:pron="ˈslʌmbəz">Slumbers</w>
         <c> </c>
         <w xml:id="o4672-197230"
            n="o4672/0154-a-0590"
            ecep:lem="kind"
            ecep:pos="j"
            ecep:reg="Kind"
            ecep:spe="Kind"
            ecep:syllab="1"
            ecep:pron="kaɪnd">Kind</w>
         <pc xml:id="o4672-197240"
             n="o4672/0154-a-0600"
             ecep:lem=","
             ecep:pos=","
             ecep:reg=","
             ecep:spe=",">,</pc>
      </l>
      <l xml:id="o4672-l08855">
         <c> </c>
         <w xml:id="o4672-197250"
            n="o4672/0154-a-0610"
            ecep:lem="and"
            ecep:pos="cc"
            ecep:reg="And"
            ecep:spe="And"
            ecep:syllab="1"
            ecep:pron="ænd">And</w>
         <c> </c>
         <w xml:id="o4672-197260"
            n="o4672/0154-a-0620"
            ecep:lem="all"
            ecep:pos="d"
            ecep:reg="all"
            ecep:spe="all"
            ecep:syllab="1"
            ecep:pron="ɔːl">all</w>
         <c> </c>
         <w xml:id="o4672-197270"
            n="o4672/0154-a-0630"
            ecep:lem="her"
            ecep:pos="po31"
            ecep:reg="her"
            ecep:spe="her"
            ecep:syllab="1"
            ecep:pron="hɜː">her</w>
         <c> </c>
         <w xml:id="o4672-197280"
            n="o4672/0154-a-0640"
            ecep:lem="dream"
            ecep:pos="n2"
            ecep:reg="Dreams"
            ecep:spe="Dreams"
            ecep:syllab="1"
            ecep:pron="driːmz">Dreams</w>
         <c> </c>
         <w xml:id="o4672-197290"
            n="o4672/0154-a-0650"
            ecep:lem="of"
            ecep:pos="pp-f"
            ecep:reg="of"
            ecep:spe="of"
            ecep:syllab="1"
            ecep:pron="ɒv">of</w>
         <c> </c>
         <w xml:id="o4672-197300"
            n="o4672/0154-a-0660"
            ecep:lem="joy"
            ecep:pos="n1"
            ecep:reg="Joy"
            ecep:spe="Joy"
            ecep:syllab="1"
            ecep:pron="dʒɔɪ">Joy</w>
         <c> </c>
         <w xml:id="o4672-197310"
            n="o4672/0154-a-0670"
            ecep:lem="to"
            ecep:pos="pc-acp"
            ecep:reg="to"
            ecep:spe="to"
            ecep:syllab="1"
            ecep:pron="tuː">to</w>
         <c> </c>
         <w xml:id="o4672-197320"
            n="o4672/0154-a-0680"
            ecep:lem="come"
            ecep:pos="vvi"
            ecep:reg="come"
            ecep:spe="come"
            ecep:syllab="1"
            ecep:pron="kʌm">come</w>
         <pc xml:id="o4672-197330"
             n="o4672/0154-a-0690"
             unit="sentence"
             ecep:lem="."
             ecep:pos="."
             ecep:reg="."
             ecep:spe=".">.</pc>
         <c> </c>
      </l>
   </lg>
</div>
