<?xml version="1.0" encoding="UTF-8"?>
<div xmlns:tei="http://www.tei-c.org/ns/1.0"
     xmlns="http://www.tei-c.org/ns/1.0"
     xmlns:ecep="http://www.eighteenthcenturypoetry.org/ns"
     ana="#iamb #tetrameter #quatrain #cross #song"
     corresp="#txt_ShenWi1714_w0029"
     ecep:syllab="8.8.8.8"
     met="-+|-+|-+|-+/          -+|-+|-+|-+/          -+|-+|-+|-+/          -+|-+|-+|-+/"
     n="4"
     rendition="#lgvspace"
     rhyme="abab"
     subtype="eceptext"
     type="song"
     xml:id="o5156-w0123"
     decls="#semi-normalized">
   <link target="authors.xml#aut_ShenWi1714" type="author"/>
   <link target="27234" type="DMI"/>
   <head type="main">
      <w xml:id="o5156-072610"
         n="42-a-0320"
         ecep:lem="song"
         ecep:pos="n1"
         ecep:reg="SONG"
         ecep:spe="SONG"
         ecep:syllab="1"
         ecep:pron="sɒŋ">SONG</w>
      <c> </c>
      <w xml:id="o5156-072620"
         n="42-a-0330"
         ecep:lem="iv"
         ecep:pos="crd"
         ecep:reg="IV"
         ecep:spe="IV"
         ecep:syllab="1"
         ecep:pron="rˌəʊmənfˈɔː">IV</w>
      <pc xml:id="o5156-072630"
          n="42-a-0340"
          unit="sentence"
          ecep:lem="."
          ecep:pos="."
          ecep:reg="."
          ecep:spe=".">.</pc>
      <c> </c>
      <w xml:id="o5156-072640"
         n="42-a-0350"
         ecep:lem="the"
         ecep:pos="dt"
         ecep:reg="The"
         ecep:spe="The"
         ecep:syllab="1"
         ecep:pron="ðiː">The</w>
      <c> </c>
      <w xml:id="o5156-072650"
         n="42-a-0360"
         ecep:lem="skylark"
         ecep:pos="n1"
         ecep:reg="SKY-LARK"
         ecep:spe="SKY-LARK"
         ecep:syllab="2"
         ecep:pron="skaɪˌlɑːk">SKY-LARK</w>
      <pc xml:id="o5156-072660"
          n="42-a-0370"
          unit="sentence"
          ecep:lem="."
          ecep:pos="."
          ecep:reg="."
          ecep:spe=".">.</pc>
   </head>
   <lg xml:id="o5156-s00740">
      <l xml:id="o5156-l04305">
         <w xml:id="o5156-072690"
            n="42-a-0380"
            ecep:lem="go"
            ecep:pos="vvb"
            ecep:reg="GO"
            ecep:spe="GO"
            ecep:syllab="1"
            ecep:pron="gəʊ">GO</w>
         <pc xml:id="o5156-072700"
             n="42-a-0390"
             ecep:lem=","
             ecep:pos=","
             ecep:reg=","
             ecep:spe=",">,</pc>
         <c> </c>
         <w xml:id="o5156-072710"
            n="42-a-0400"
            ecep:lem="tuneful"
            ecep:pos="j"
            ecep:reg="tuneful"
            ecep:spe="tuneful"
            ecep:syllab="2"
            ecep:pron="ˈtʃuːnfl">tuneful</w>
         <c> </c>
         <w xml:id="o5156-072720"
            n="42-a-0410"
            ecep:lem="bird"
            ecep:pos="n1"
            ecep:reg="bird"
            ecep:spe="bird"
            ecep:syllab="1"
            ecep:pron="bɜːd">bird</w>
         <pc xml:id="o5156-072730"
             n="42-a-0420"
             ecep:lem=","
             ecep:pos=","
             ecep:reg=","
             ecep:spe=",">,</pc>
         <c> </c>
         <w xml:id="o5156-072740"
            n="42-a-0430"
            ecep:lem="that"
            ecep:pos="cst"
            ecep:reg="that"
            ecep:spe="that"
            ecep:syllab="1"
            ecep:pron="ðæt">that</w>
         <c> </c>
         <w xml:id="o5156-072750"
            n="42-a-0440"
            ecep:lem="glade"
            ecep:pos="vv2"
            ecep:reg="gladest"
            ecep:spe="glad'st"
            ecep:syllab="1"
            ecep:pron="glædst">glad'st</w>
         <c> </c>
         <w xml:id="o5156-072760"
            n="42-a-0450"
            ecep:lem="the"
            ecep:pos="dt"
            ecep:reg="the"
            ecep:spe="the"
            ecep:syllab="1"
            ecep:pron="ðiː">the</w>
         <c> </c>
         <w xml:id="o5156-072770"
            n="42-a-0460"
            ecep:lem="sky"
            ecep:pos="n2"
            ecep:reg="skies"
            ecep:spe="skies"
            ecep:syllab="1"
            ecep:pron="skaɪz">skies</w>
         <pc xml:id="o5156-072780"
             n="42-a-0470"
             ecep:lem=","
             ecep:pos=","
             ecep:reg=","
             ecep:spe=",">,</pc>
      </l>
      <l xml:id="o5156-l04310">
         <w xml:id="o5156-072790"
            n="42-a-0480"
            ecep:lem="to"
            ecep:pos="p-acp"
            ecep:reg="To"
            ecep:spe="To"
            ecep:syllab="1"
            ecep:pron="tuː">To</w>
         <c> </c>
         <w xml:id="o5156-072800"
            n="42-a-0490"
            ecep:lem="daphne"
            ecep:pos="npg1"
            ecep:reg="Daphne's"
            ecep:spe="Daphne's"
            ecep:syllab="2"
            ecep:pron="ˈdæfniz">Daphne's</w>
         <c> </c>
         <w xml:id="o5156-072810"
            n="42-a-0500"
            ecep:lem="window"
            ecep:pos="n1"
            ecep:reg="window"
            ecep:spe="window"
            ecep:syllab="2"
            ecep:pron="ˈwɪndəʊ">window</w>
         <c> </c>
         <w xml:id="o5156-072820"
            n="42-a-0510"
            ecep:lem="speed"
            ecep:pos="vvb"
            ecep:reg="speed"
            ecep:spe="speed"
            ecep:syllab="1"
            ecep:pron="spiːd">speed</w>
         <c> </c>
         <w xml:id="o5156-072830"
            n="42-a-0520"
            ecep:lem="thy"
            ecep:pos="po21"
            ecep:reg="thy"
            ecep:spe="thy"
            ecep:syllab="1"
            ecep:pron="ðaɪ">thy</w>
         <c> </c>
         <w xml:id="o5156-072840"
            n="42-a-0530"
            ecep:lem="way"
            ecep:pos="n1"
            ecep:reg="way"
            ecep:spe="way"
            ecep:syllab="1"
            ecep:pron="weɪ">way</w>
         <pc xml:id="o5156-072850"
             n="42-a-0540"
             ecep:lem=";"
             ecep:pos=";"
             ecep:reg=";"
             ecep:spe=";">;</pc>
      </l>
      <l xml:id="o5156-l04315">
         <w xml:id="o5156-072860"
            n="42-a-0550"
            ecep:lem="and"
            ecep:pos="cc"
            ecep:reg="And"
            ecep:spe="And"
            ecep:syllab="1"
            ecep:pron="ænd">And</w>
         <c> </c>
         <w xml:id="o5156-072870"
            n="42-a-0560"
            ecep:lem="there"
            ecep:pos="a-acp"
            ecep:reg="there"
            ecep:spe="there"
            ecep:syllab="1"
            ecep:pron="ðeə">there</w>
         <c> </c>
         <w xml:id="o5156-072880"
            n="42-a-0570"
            ecep:lem="on"
            ecep:pos="p-acp"
            ecep:reg="on"
            ecep:spe="on"
            ecep:syllab="1"
            ecep:pron="ɒn">on</w>
         <c> </c>
         <w xml:id="o5156-072890"
            n="42-a-0580"
            ecep:lem="quiver"
            ecep:pos="j-vvg"
            ecep:reg="quivering"
            ecep:spe="quivering"
            ecep:syllab="3"
            ecep:pron="ˈkwɪvrɪŋ">quivering</w>
         <c> </c>
         <w xml:id="o5156-072900"
            n="42-a-0590"
            ecep:lem="pinion"
            ecep:pos="n2"
            ecep:reg="pinions"
            ecep:spe="pinions"
            ecep:syllab="2"
            ecep:pron="ˈpɪnjənz">pinions</w>
         <c> </c>
         <w xml:id="o5156-072910"
            n="42-a-0600"
            ecep:lem="rise"
            ecep:pos="vvi"
            ecep:reg="rise"
            ecep:spe="rise"
            ecep:syllab="1"
            ecep:pron="raɪz">rise</w>
         <pc xml:id="o5156-072920"
             n="42-a-0610"
             ecep:lem=","
             ecep:pos=","
             ecep:reg=","
             ecep:spe=",">,</pc>
      </l>
      <l xml:id="o5156-l04320">
         <w xml:id="o5156-072930"
            n="42-a-0620"
            ecep:lem="and"
            ecep:pos="cc"
            ecep:reg="And"
            ecep:spe="And"
            ecep:syllab="1"
            ecep:pron="ænd">And</w>
         <c> </c>
         <w xml:id="o5156-072940"
            n="42-a-0630"
            ecep:lem="there"
            ecep:pos="a-acp"
            ecep:reg="there"
            ecep:spe="there"
            ecep:syllab="1"
            ecep:pron="ðeə">there</w>
         <c> </c>
         <w xml:id="o5156-072950"
            n="42-a-0640"
            ecep:lem="thy"
            ecep:pos="po21"
            ecep:reg="thy"
            ecep:spe="thy"
            ecep:syllab="1"
            ecep:pron="ðaɪ">thy</w>
         <c> </c>
         <w xml:id="o5156-072960"
            n="42-a-0650"
            ecep:lem="vocal"
            ecep:pos="j"
            ecep:reg="vocal"
            ecep:spe="vocal"
            ecep:syllab="2"
            ecep:pron="ˈvəʊkl">vocal</w>
         <c> </c>
         <w xml:id="o5156-072970"
            n="42-a-0660"
            ecep:lem="art"
            ecep:pos="n1"
            ecep:reg="art"
            ecep:spe="art"
            ecep:syllab="1"
            ecep:pron="ɑːt">art</w>
         <c> </c>
         <w xml:id="o5156-072980"
            n="42-a-0670"
            ecep:lem="display"
            ecep:pos="n1"
            ecep:reg="display"
            ecep:spe="display"
            ecep:syllab="2"
            ecep:pron="dɪˈspleɪ">display</w>
         <pc xml:id="o5156-072990"
             n="42-a-0680"
             unit="sentence"
             ecep:lem="."
             ecep:pos="."
             ecep:reg="."
             ecep:spe=".">.</pc>
      </l>
   </lg>
   <lg xml:id="o5156-s00745">
      <l xml:id="o5156-l04325">
         <w xml:id="o5156-073020"
            n="42-a-0690"
            ecep:lem="and"
            ecep:pos="cc"
            ecep:reg="And"
            ecep:spe="And"
            ecep:syllab="1"
            ecep:pron="ænd">And</w>
         <c> </c>
         <w xml:id="o5156-073030"
            n="42-a-0700"
            ecep:lem="if"
            ecep:pos="cs"
            ecep:reg="if"
            ecep:spe="if"
            ecep:syllab="1"
            ecep:pron="ɪf">if</w>
         <c> </c>
         <w xml:id="o5156-073040"
            n="42-a-0710"
            ecep:lem="she"
            ecep:pos="pns31"
            ecep:reg="she"
            ecep:spe="she"
            ecep:syllab="1"
            ecep:pron="ʃiː">she</w>
         <c> </c>
         <w xml:id="o5156-073050"
            n="42-a-0720"
            ecep:lem="deign"
            ecep:pos="vvi"
            ecep:reg="deign"
            ecep:spe="deign"
            ecep:syllab="1"
            ecep:pron="deɪn">deign</w>
         <c> </c>
         <w xml:id="o5156-073060"
            n="42-a-0730"
            ecep:lem="thy"
            ecep:pos="po21"
            ecep:reg="thy"
            ecep:spe="thy"
            ecep:syllab="1"
            ecep:pron="ðaɪ">thy</w>
         <c> </c>
         <w xml:id="o5156-073070"
            n="42-a-0740"
            ecep:lem="note"
            ecep:pos="n2"
            ecep:reg="notes"
            ecep:spe="notes"
            ecep:syllab="1"
            ecep:pron="nəʊts">notes</w>
         <c> </c>
         <w xml:id="o5156-073080"
            n="42-a-0750"
            ecep:lem="to"
            ecep:pos="pc-acp"
            ecep:reg="to"
            ecep:spe="to"
            ecep:syllab="1"
            ecep:pron="tuː">to</w>
         <c> </c>
         <w xml:id="o5156-073090"
            n="42-a-0760"
            ecep:lem="hear"
            ecep:pos="vvi"
            ecep:reg="hear"
            ecep:spe="hear"
            ecep:syllab="1"
            ecep:pron="hɪə">hear</w>
         <pc xml:id="o5156-073100"
             n="42-a-0770"
             ecep:lem=","
             ecep:pos=","
             ecep:reg=","
             ecep:spe=",">,</pc>
      </l>
      <l xml:id="o5156-l04330">
         <w xml:id="o5156-073110"
            n="42-a-0780"
            ecep:lem="and"
            ecep:pos="cc"
            ecep:reg="And"
            ecep:spe="And"
            ecep:syllab="1"
            ecep:pron="ænd">And</w>
         <c> </c>
         <w xml:id="o5156-073120"
            n="42-a-0790"
            ecep:lem="if"
            ecep:pos="cs"
            ecep:reg="if"
            ecep:spe="if"
            ecep:syllab="1"
            ecep:pron="ɪf">if</w>
         <c> </c>
         <w xml:id="o5156-073130"
            n="42-a-0800"
            ecep:lem="she"
            ecep:pos="pns31"
            ecep:reg="she"
            ecep:spe="she"
            ecep:syllab="1"
            ecep:pron="ʃiː">she</w>
         <c> </c>
         <w xml:id="o5156-073140"
            n="42-a-0810"
            ecep:lem="praise"
            ecep:pos="vvi"
            ecep:reg="praise"
            ecep:spe="praise"
            ecep:syllab="1"
            ecep:pron="preɪz">praise</w>
         <c> </c>
         <w xml:id="o5156-073150"
            n="42-a-0820"
            ecep:lem="thy"
            ecep:pos="po21"
            ecep:reg="thy"
            ecep:spe="thy"
            ecep:syllab="1"
            ecep:pron="ðaɪ">thy</w>
         <c> </c>
         <w xml:id="o5156-073160"
            n="42-a-0830"
            ecep:lem="matin"
            ecep:pos="fw-fr"
            ecep:reg="matin"
            ecep:spe="matin"
            ecep:syllab="2"
            ecep:pron="ˈmætɪn">matin</w>
         <c> </c>
         <w xml:id="o5156-073170"
            n="42-a-0840"
            ecep:lem="song"
            ecep:pos="n1"
            ecep:reg="song"
            ecep:spe="song"
            ecep:syllab="1"
            ecep:pron="sɒŋ">song</w>
         <pc xml:id="o5156-073180"
             n="42-a-0850"
             ecep:lem=","
             ecep:pos=","
             ecep:reg=","
             ecep:spe=",">,</pc>
      </l>
      <l xml:id="o5156-l04335">
         <w xml:id="o5156-073190"
            n="42-a-0860"
            ecep:lem="tell"
            ecep:pos="vvb"
            ecep:reg="Tell"
            ecep:spe="Tell"
            ecep:syllab="1"
            ecep:pron="tel">Tell</w>
         <c> </c>
         <w xml:id="o5156-073200"
            n="42-a-0870"
            ecep:lem="she"
            ecep:pos="pno31"
            ecep:reg="her"
            ecep:spe="her"
            ecep:syllab="1"
            ecep:pron="hɜː">her</w>
         <c> </c>
         <w xml:id="o5156-073210"
            n="42-a-0880"
            ecep:lem="the"
            ecep:pos="dt"
            ecep:reg="the"
            ecep:spe="the"
            ecep:syllab="1"
            ecep:pron="ðiː">the</w>
         <c> </c>
         <w xml:id="o5156-073220"
            n="42-a-0890"
            ecep:lem="sound"
            ecep:pos="n2"
            ecep:reg="sounds"
            ecep:spe="sounds"
            ecep:syllab="1"
            ecep:pron="saʊndz">sounds</w>
         <c> </c>
         <w xml:id="o5156-073230"
            n="42-a-0900"
            ecep:lem="that"
            ecep:pos="cst"
            ecep:reg="that"
            ecep:spe="that"
            ecep:syllab="1"
            ecep:pron="ðæt">that</w>
         <c> </c>
         <w xml:id="o5156-073240"
            n="42-a-0910"
            ecep:lem="soothe"
            ecep:pos="vvb"
            ecep:reg="sooth"
            ecep:spe="soothe"
            ecep:syllab="1"
            ecep:pron="suːð">soothe</w>
         <c> </c>
         <w xml:id="o5156-073250"
            n="42-a-0920"
            ecep:lem="her"
            ecep:pos="po31"
            ecep:reg="her"
            ecep:spe="her"
            ecep:syllab="1"
            ecep:pron="hɜː">her</w>
         <c> </c>
         <w xml:id="o5156-073260"
            n="42-a-0930"
            ecep:lem="ear"
            ecep:pos="n1"
            ecep:reg="ear"
            ecep:spe="ear"
            ecep:syllab="1"
            ecep:pron="ɪə">ear</w>
         <pc xml:id="o5156-073270"
             n="42-a-0940"
             ecep:lem=","
             ecep:pos=","
             ecep:reg=","
             ecep:spe=",">,</pc>
      </l>
      <l xml:id="o5156-l04340">
         <w xml:id="o5156-073280"
            n="42-a-0950"
            ecep:lem="to"
            ecep:pos="p-acp"
            ecep:reg="To"
            ecep:spe="To"
            ecep:syllab="1"
            ecep:pron="tuː">To</w>
         <c> </c>
         <w xml:id="o5156-073290"
            n="42-a-0960"
            ecep:lem="damon"
            ecep:pos="npg1"
            ecep:reg="Damon's"
            ecep:spe="Damon's"
            ecep:syllab="2"
            ecep:pron="ˈdeɪmənz">Damon's</w>
         <c> </c>
         <w xml:id="o5156-073300"
            n="42-a-0970"
            ecep:lem="native"
            ecep:pos="j-jn"
            ecep:reg="native"
            ecep:spe="native"
            ecep:syllab="2"
            ecep:pron="ˈneɪtɪv">native</w>
         <c> </c>
         <w xml:id="o5156-073310"
            n="42-a-0980"
            ecep:lem="plain"
            ecep:pos="n2"
            ecep:reg="plains"
            ecep:spe="plains"
            ecep:syllab="1"
            ecep:pron="pleɪnz">plains</w>
         <c> </c>
         <w xml:id="o5156-073320"
            n="42-a-0990"
            ecep:lem="belong"
            ecep:pos="vvb"
            ecep:reg="belong"
            ecep:spe="belong"
            ecep:syllab="2"
            ecep:pron="bɪˈlɒŋ">belong</w>
         <pc xml:id="o5156-073330"
             n="42-a-1000"
             unit="sentence"
             ecep:lem="."
             ecep:pos="."
             ecep:reg="."
             ecep:spe=".">.</pc>
      </l>
   </lg>
   <lg xml:id="o5156-s00750">
      <l xml:id="o5156-l04345">
         <w xml:id="o5156-073360"
            n="42-a-1010"
            ecep:lem="tell"
            ecep:pos="vvb"
            ecep:reg="Tell"
            ecep:spe="Tell"
            ecep:syllab="1"
            ecep:pron="tel">Tell</w>
         <c> </c>
         <w xml:id="o5156-073370"
            n="42-a-1020"
            ecep:lem="she"
            ecep:pos="pno31"
            ecep:reg="her"
            ecep:spe="her"
            ecep:syllab="1"
            ecep:pron="hɜː">her</w>
         <pc xml:id="o5156-073380"
             n="42-a-1030"
             ecep:lem=","
             ecep:pos=","
             ecep:reg=","
             ecep:spe=",">,</pc>
         <c> </c>
         <w xml:id="o5156-073390"
            n="42-a-1040"
            ecep:lem="in"
            ecep:pos="p-acp"
            ecep:reg="in"
            ecep:spe="in"
            ecep:syllab="1"
            ecep:pron="ɪn">in</w>
         <c> </c>
         <w xml:id="o5156-073400"
            n="42-a-1050"
            ecep:lem="lively"
            ecep:pos="jc"
            ecep:reg="livelier"
            ecep:spe="livelier"
            ecep:syllab="3"
            ecep:pron="ˈlaɪvliə">livelier</w>
         <c> </c>
         <w xml:id="o5156-073410"
            n="42-a-1060"
            ecep:lem="plume"
            ecep:pos="n2"
            ecep:reg="plumes"
            ecep:spe="plumes"
            ecep:syllab="1"
            ecep:pron="pluːmz">plumes</w>
         <c> </c>
         <w xml:id="o5156-073420"
            n="42-a-1070"
            ecep:lem="array"
            ecep:pos="vvn"
            ecep:reg="arrayed"
            ecep:spe="array'd"
            ecep:syllab="2"
            ecep:pron="əˈreɪd">array'd</w>
         <pc xml:id="o5156-073430"
             n="42-a-1080"
             ecep:lem=","
             ecep:pos=","
             ecep:reg=","
             ecep:spe=",">,</pc>
      </l>
      <l xml:id="o5156-l04350">
         <w xml:id="o5156-073440"
            n="42-a-1090"
            ecep:lem="the"
            ecep:pos="dt"
            ecep:reg="The"
            ecep:spe="The"
            ecep:syllab="1"
            ecep:pron="ðiː">The</w>
         <c> </c>
         <w xml:id="o5156-073450"
            n="42-a-1100"
            ecep:lem="bird"
            ecep:pos="n1"
            ecep:reg="bird"
            ecep:spe="bird"
            ecep:syllab="1"
            ecep:pron="bɜːd">bird</w>
         <c> </c>
         <w xml:id="o5156-073460"
            n="42-a-1110"
            ecep:lem="from"
            ecep:pos="p-acp"
            ecep:reg="from"
            ecep:spe="from"
            ecep:syllab="1"
            ecep:pron="frɒm">from</w>
         <c> </c>
         <w xml:id="o5156-073470"
            n="42-a-1120"
            ecep:lem="indian"
            ecep:pos="jp"
            ecep:reg="Indian"
            ecep:spe="Indian"
            ecep:syllab="2"
            ecep:pron="ˈɪndiən">Indian</w>
         <c> </c>
         <w xml:id="o5156-073480"
            n="42-a-1130"
            ecep:lem="grove"
            ecep:pos="n2"
            ecep:reg="groves"
            ecep:spe="groves"
            ecep:syllab="1"
            ecep:pron="grəʊvz">groves</w>
         <c> </c>
         <w xml:id="o5156-073490"
            n="42-a-1140"
            ecep:lem="may"
            ecep:pos="vmb"
            ecep:reg="may"
            ecep:spe="may"
            ecep:syllab="1"
            ecep:pron="meɪ">may</w>
         <c> </c>
         <w xml:id="o5156-073500"
            n="42-a-1150"
            ecep:lem="shine"
            ecep:pos="vvi"
            ecep:reg="shine"
            ecep:spe="shine"
            ecep:syllab="1"
            ecep:pron="ʃaɪn">shine</w>
         <pc xml:id="o5156-073510"
             n="42-a-1160"
             ecep:lem=";"
             ecep:pos=";"
             ecep:reg=";"
             ecep:spe=";">;</pc>
      </l>
      <l xml:id="o5156-l04355">
         <w xml:id="o5156-073520"
            n="42-a-1170"
            ecep:lem="but"
            ecep:pos="cc-acp"
            ecep:reg="But"
            ecep:spe="But"
            ecep:syllab="1"
            ecep:pron="bʌt">But</w>
         <c> </c>
         <w xml:id="o5156-073530"
            n="42-a-1180"
            ecep:lem="ask"
            ecep:pos="vvb"
            ecep:reg="ask"
            ecep:spe="ask"
            ecep:syllab="1"
            ecep:pron="ɑːsk">ask</w>
         <c> </c>
         <w xml:id="o5156-073540"
            n="42-a-1190"
            ecep:lem="the"
            ecep:pos="dt"
            ecep:reg="the"
            ecep:spe="the"
            ecep:syllab="1"
            ecep:pron="ðiː">the</w>
         <c> </c>
         <w xml:id="o5156-073550"
            n="42-a-1200"
            ecep:lem="lovely"
            ecep:pos="j"
            ecep:reg="lovely"
            ecep:spe="lovely"
            ecep:syllab="2"
            ecep:pron="ˈlʌvli">lovely</w>
         <c> </c>
         <w xml:id="o5156-073560"
            n="42-a-1210"
            ecep:lem="partial"
            ecep:pos="j"
            ecep:reg="partial"
            ecep:spe="partial"
            ecep:syllab="2"
            ecep:pron="ˈpɑːʃl">partial</w>
         <c> </c>
         <w xml:id="o5156-073570"
            n="42-a-1220"
            ecep:lem="maid"
            ecep:pos="n1"
            ecep:reg="maid"
            ecep:spe="maid"
            ecep:syllab="1"
            ecep:pron="meɪd">maid</w>
         <pc xml:id="o5156-073580"
             n="42-a-1230"
             ecep:lem=","
             ecep:pos=","
             ecep:reg=","
             ecep:spe=",">,</pc>
      </l>
      <l xml:id="o5156-l04360">
         <w xml:id="o5156-073590"
            n="42-a-1240"
            ecep:lem="what"
            ecep:pos="q-crq"
            ecep:reg="What"
            ecep:spe="What"
            ecep:syllab="1"
            ecep:pron="wɒt">What</w>
         <c> </c>
         <w xml:id="o5156-073600"
            n="42-a-1250"
            ecep:lem="be"
            ecep:pos="vbr"
            ecep:reg="are"
            ecep:spe="are"
            ecep:syllab="1"
            ecep:pron="ɑː">are</w>
         <c> </c>
         <w xml:id="o5156-073610"
            n="42-a-1260"
            ecep:lem="his"
            ecep:pos="po31"
            ecep:reg="his"
            ecep:spe="his"
            ecep:syllab="1"
            ecep:pron="hɪz">his</w>
         <c> </c>
         <w xml:id="o5156-073620"
            n="42-a-1270"
            ecep:lem="note"
            ecep:pos="n2"
            ecep:reg="notes"
            ecep:spe="notes"
            ecep:syllab="1"
            ecep:pron="nəʊts">notes</w>
         <c> </c>
         <w xml:id="o5156-073630"
            n="42-a-1280"
            ecep:lem="compare"
            ecep:pos="vvn"
            ecep:reg="compared"
            ecep:spe="compar'd"
            ecep:syllab="2"
            ecep:pron="kəmˈpeəd">compar'd</w>
         <c> </c>
         <w xml:id="o5156-073640"
            n="42-a-1290"
            ecep:lem="to"
            ecep:pos="p-acp"
            ecep:reg="to"
            ecep:spe="to"
            ecep:syllab="1"
            ecep:pron="tuː">to</w>
         <c> </c>
         <w xml:id="o5156-073650"
            n="42-a-1300"
            ecep:lem="thy"
            ecep:pos="po21"
            ecep:reg="thine"
            ecep:spe="thine"
            ecep:syllab="1"
            ecep:pron="ðaɪn">thine</w>
         <pc xml:id="o5156-073660"
             n="42-a-1310"
             unit="sentence"
             ecep:lem="?"
             ecep:pos="?"
             ecep:reg="?"
             ecep:spe="?">?</pc>
      </l>
   </lg>
   <lg xml:id="o5156-s00755">
      <l xml:id="o5156-l04365">
         <w xml:id="o5156-073690"
            n="42-a-1320"
            ecep:lem="then"
            ecep:pos="av"
            ecep:reg="Then"
            ecep:spe="Then"
            ecep:syllab="1"
            ecep:pron="ðen">Then</w>
         <c> </c>
         <w xml:id="o5156-073700"
            n="42-a-1330"
            ecep:lem="bid"
            ecep:pos="vvb"
            ecep:reg="bid"
            ecep:spe="bid"
            ecep:syllab="1"
            ecep:pron="bɪd">bid</w>
         <c> </c>
         <w xml:id="o5156-073710"
            n="42-a-1340"
            ecep:lem="she"
            ecep:pos="pno31"
            ecep:reg="her"
            ecep:spe="her"
            ecep:syllab="1"
            ecep:pron="hɜː">her</w>
         <c> </c>
         <w xml:id="o5156-073720"
            n="42-a-1350"
            ecep:lem="treat"
            ecep:pos="vvi"
            ecep:reg="treat"
            ecep:spe="treat"
            ecep:syllab="1"
            ecep:pron="triːt">treat</w>
         <c> </c>
         <w xml:id="o5156-073730"
            n="42-a-1360"
            ecep:lem="yond"
            ecep:pos="d"
            ecep:reg="yonder"
            ecep:spe="yon"
            ecep:syllab="1"
            ecep:pron="jɒn">yon</w>
         <c> </c>
         <w xml:id="o5156-073740"
            n="42-a-1370"
            ecep:lem="witless"
            ecep:pos="j"
            ecep:reg="witless"
            ecep:spe="witless"
            ecep:syllab="2"
            ecep:pron="ˈwɪtləs">witless</w>
         <c> </c>
         <w xml:id="o5156-073750"
            n="42-a-1380"
            ecep:lem="beau"
            ecep:pos="n1"
            ecep:reg="beau"
            ecep:spe="beau"
            ecep:syllab="1"
            ecep:pron="bəʊ">beau</w>
         <pc xml:id="o5156-073760"
             n="42-a-1390"
             ecep:lem=","
             ecep:pos=","
             ecep:reg=","
             ecep:spe=",">,</pc>
      </l>
      <l xml:id="o5156-l04370">
         <w xml:id="o5156-073770"
            n="42-a-1400"
            ecep:lem="and"
            ecep:pos="cc"
            ecep:reg="And"
            ecep:spe="And"
            ecep:syllab="1"
            ecep:pron="ænd">And</w>
         <c> </c>
         <w xml:id="o5156-073780"
            n="42-a-1410"
            ecep:lem="all"
            ecep:pos="d"
            ecep:reg="all"
            ecep:spe="all"
            ecep:syllab="1"
            ecep:pron="ɔːl">all</w>
         <c> </c>
         <w xml:id="o5156-073790"
            n="42-a-1420"
            ecep:lem="his"
            ecep:pos="po31"
            ecep:reg="his"
            ecep:spe="his"
            ecep:syllab="1"
            ecep:pron="hɪz">his</w>
         <c> </c>
         <w xml:id="o5156-073800"
            n="42-a-1430"
            ecep:lem="flaunt"
            ecep:pos="j-vvg"
            ecep:reg="flaunting"
            ecep:spe="flaunting"
            ecep:syllab="2"
            ecep:pron="flɔːntɪŋ">flaunting</w>
         <c> </c>
         <w xml:id="o5156-073810"
            n="42-a-1440"
            ecep:lem="race"
            ecep:pos="n1"
            ecep:reg="race"
            ecep:spe="race"
            ecep:syllab="1"
            ecep:pron="reɪs">race</w>
         <c> </c>
         <w xml:id="o5156-073820"
            n="42-a-1450"
            ecep:lem="with"
            ecep:pos="p-acp"
            ecep:reg="with"
            ecep:spe="with"
            ecep:syllab="1"
            ecep:pron="wɪð">with</w>
         <c> </c>
         <w xml:id="o5156-073830"
            n="42-a-1460"
            ecep:lem="scorn"
            ecep:pos="n1"
            ecep:reg="scorn"
            ecep:spe="scorn"
            ecep:syllab="1"
            ecep:pron="skɔːn">scorn</w>
         <pc xml:id="o5156-073840"
             n="42-a-1470"
             ecep:lem=";"
             ecep:pos=";"
             ecep:reg=";"
             ecep:spe=";">;</pc>
      </l>
      <l xml:id="o5156-l04375">
         <w xml:id="o5156-073850"
            n="42-a-1480"
            ecep:lem="and"
            ecep:pos="cc"
            ecep:reg="And"
            ecep:spe="And"
            ecep:syllab="1"
            ecep:pron="ænd">And</w>
         <c> </c>
         <w xml:id="o5156-073860"
            n="42-a-1490"
            ecep:lem="lend"
            ecep:pos="vvb"
            ecep:reg="lend"
            ecep:spe="lend"
            ecep:syllab="1"
            ecep:pron="lend">lend</w>
         <c> </c>
         <w xml:id="o5156-073870"
            n="42-a-1500"
            ecep:lem="a"
            ecep:pos="dt"
            ecep:reg="an"
            ecep:spe="an"
            ecep:syllab="1"
            ecep:pron="æn">an</w>
         <c> </c>
         <w xml:id="o5156-073880"
            n="42-a-1510"
            ecep:lem="ear"
            ecep:pos="n1"
            ecep:reg="ear"
            ecep:spe="ear"
            ecep:syllab="1"
            ecep:pron="ɪə">ear</w>
         <c> </c>
         <w xml:id="o5156-073890"
            n="42-a-1520"
            ecep:lem="to"
            ecep:pos="p-acp"
            ecep:reg="to"
            ecep:spe="to"
            ecep:syllab="1"
            ecep:pron="tuː">to</w>
         <c> </c>
         <w xml:id="o5156-073900"
            n="42-a-1530"
            ecep:lem="damon"
            ecep:pos="npg1"
            ecep:reg="Damon's"
            ecep:spe="Damon's"
            ecep:syllab="2"
            ecep:pron="ˈdeɪmənz">Damon's</w>
         <c> </c>
         <w xml:id="o5156-073910"
            n="42-a-1540"
            ecep:lem="woe"
            ecep:pos="n1"
            ecep:reg="woe"
            ecep:spe="woe"
            ecep:syllab="1"
            ecep:pron="wəʊ">woe</w>
         <pc xml:id="o5156-073920"
             n="42-a-1550"
             ecep:lem=","
             ecep:pos=","
             ecep:reg=","
             ecep:spe=",">,</pc>
      </l>
      <l xml:id="o5156-l04380">
         <w xml:id="o5156-073930"
            n="42-a-1560"
            ecep:lem="who"
            ecep:pos="q-crq"
            ecep:reg="Who"
            ecep:spe="Who"
            ecep:syllab="1"
            ecep:pron="huː">Who</w>
         <c> </c>
         <w xml:id="o5156-073940"
            n="42-a-1570"
            ecep:lem="sing"
            ecep:pos="vvz"
            ecep:reg="sings"
            ecep:spe="sings"
            ecep:syllab="1"
            ecep:pron="sɪŋz">sings</w>
         <c> </c>
         <w xml:id="o5156-073950"
            n="42-a-1580"
            ecep:lem="her"
            ecep:pos="po31"
            ecep:reg="her"
            ecep:spe="her"
            ecep:syllab="1"
            ecep:pron="hɜː">her</w>
         <c> </c>
         <w xml:id="o5156-073960"
            n="42-a-1590"
            ecep:lem="praise"
            ecep:pos="n1"
            ecep:reg="praise"
            ecep:spe="praise"
            ecep:syllab="1"
            ecep:pron="preɪz">praise</w>
         <pc xml:id="o5156-073970"
             n="42-a-1600"
             ecep:lem=","
             ecep:pos=","
             ecep:reg=","
             ecep:spe=",">,</pc>
         <c> </c>
         <w xml:id="o5156-073980"
            n="42-a-1610"
            ecep:lem="and"
            ecep:pos="cc"
            ecep:reg="and"
            ecep:spe="and"
            ecep:syllab="1"
            ecep:pron="ænd">and</w>
         <c> </c>
         <w xml:id="o5156-073990"
            n="42-a-1620"
            ecep:lem="sing"
            ecep:pos="vvz"
            ecep:reg="sings"
            ecep:spe="sings"
            ecep:syllab="1"
            ecep:pron="sɪŋz">sings</w>
         <c> </c>
         <w xml:id="o5156-074000"
            n="42-a-1630"
            ecep:lem="forlorn"
            ecep:pos="j"
            ecep:reg="forlorn"
            ecep:spe="forlorn"
            ecep:syllab="2"
            ecep:pron="fəˈlɔːn">forlorn</w>
         <pc xml:id="o5156-074010"
             n="42-a-1640"
             unit="sentence"
             ecep:lem="."
             ecep:pos="."
             ecep:reg="."
             ecep:spe=".">.</pc>
      </l>
   </lg>
</div>
