<?xml version="1.0" encoding="utf-8"?>
<!DOCTYPE div
  SYSTEM "about:legacy-compat">
<div xmlns:ecep="http://www.eighteenthcenturypoetry.org/ns"
     xmlns="http://www.tei-c.org/ns/1.0"
     xmlns:tei="http://www.tei-c.org/ns/1.0"
     ana="#iamb #pentameter #sonnet"
     corresp="#txt_WillHe1759_w0026"
     decls="#semi-normalized"
     ecep:syllab="10"
     met="-+|-+|-+|-+|-+/"
     rendition="#lgvspace"
     rhyme="abbaabbacdcdcd"
     subtype="eceptext"
     type="poem"
     xml:id="bhw18-w0260">
   <link target="authors.xml#aut_WillHe1759" type="author"/>
   <head type="main">
      <w xml:id="bhw18-390640"
         n="a-0010"
         ecep:lem="sonnet"
         ecep:pos="n1"
         ecep:reg="SONNET"
         ecep:spe="SONNET"
         ecep:syllab="2"
         ecep:pron="ˈsɒnɪt">SONNET</w>
   </head>
   <head type="sub">
      <w xml:id="bhw18-390670"
         n="a-0020"
         ecep:lem="to"
         ecep:pos="p-acp"
         ecep:reg="TO"
         ecep:spe="TO"
         ecep:syllab="1"
         ecep:pron="tuː">TO</w>
      <c> </c>
      <w xml:id="bhw18-390680"
         n="a-0030"
         ecep:lem="love"
         ecep:pos="n1"
         ecep:reg="LOVE"
         ecep:spe="LOVE"
         ecep:syllab="1"
         ecep:pron="lʌv">LOVE</w>
      <pc xml:id="bhw18-390690"
          n="a-0040"
          unit="sentence"
          ecep:lem="."
          ecep:pos="."
          ecep:reg="."
          ecep:spe=".">.</pc>
      <c> </c>
      <note n="*" place="bottom" xml:id="bhw18-n00220">
         <w xml:id="bhw18-390710"
            n="a-0050"
            ecep:lem="this"
            ecep:pos="d"
            ecep:reg="This"
            ecep:spe="This"
            ecep:syllab="1"
            ecep:pron="ðɪs">This</w>
         <c> </c>
         <w xml:id="bhw18-390720"
            n="a-0060"
            ecep:lem="and"
            ecep:pos="cc"
            ecep:reg="and"
            ecep:spe="and"
            ecep:syllab="1"
            ecep:pron="ænd">and</w>
         <c> </c>
         <w xml:id="bhw18-390730"
            n="a-0070"
            ecep:lem="the"
            ecep:pos="dt"
            ecep:reg="the"
            ecep:spe="the"
            ecep:syllab="1"
            ecep:pron="ðiː">the</w>
         <c> </c>
         <w xml:id="bhw18-390740"
            n="a-0080"
            ecep:lem="seven"
            ecep:pos="crd"
            ecep:reg="seven"
            ecep:spe="seven"
            ecep:syllab="2"
            ecep:pron="ˈsevn">seven</w>
         <c> </c>
         <w xml:id="bhw18-390750"
            n="a-0090"
            ecep:lem="follow"
            ecep:pos="j-vvg"
            ecep:reg="following"
            ecep:spe="following"
            ecep:syllab="3"
            ecep:pron="ˈfɒləʊɪŋ">following</w>
         <c> </c>
         <w xml:id="bhw18-390760"
            n="a-0100"
            ecep:lem="sonnet"
            ecep:pos="n2"
            ecep:reg="Sonnets"
            ecep:spe="Sonnets"
            ecep:syllab="2"
            ecep:pron="ˈsɒnɪts">Sonnets</w>
         <c> </c>
         <w xml:id="bhw18-390770"
            n="a-0110"
            ecep:lem="be"
            ecep:pos="vbdr"
            ecep:reg="were"
            ecep:spe="were"
            ecep:syllab="1"
            ecep:pron="wɜː">were</w>
         <c> </c>
         <w xml:id="bhw18-390780"
            n="a-0120"
            ecep:lem="insert"
            ecep:pos="vvn"
            ecep:reg="inserted"
            ecep:spe="inserted"
            ecep:syllab="3"
            ecep:pron="ɪnˈsɜːtɪd">inserted</w>
         <pc xml:id="bhw18-390790"
             n="a-0130"
             ecep:lem=","
             ecep:pos=","
             ecep:reg=","
             ecep:spe=",">,</pc>
         <c> </c>
         <w xml:id="bhw18-390800"
            n="a-0140"
            ecep:lem="several"
            ecep:pos="j"
            ecep:reg="several"
            ecep:spe="several"
            ecep:syllab="2"
            ecep:pron="ˈsevrəl">several</w>
         <c> </c>
         <w xml:id="bhw18-390810"
            n="a-0150"
            ecep:lem="year"
            ecep:pos="n2"
            ecep:reg="years"
            ecep:spe="years"
            ecep:syllab="1"
            ecep:pron="jɪəz">years</w>
         <c> </c>
         <w xml:id="bhw18-390820"
            n="a-0160"
            ecep:lem="ago"
            ecep:pos="av"
            ecep:reg="ago"
            ecep:spe="ago"
            ecep:syllab="2"
            ecep:pron="əˈgəʊ">ago</w>
         <pc xml:id="bhw18-390830"
             n="a-0170"
             ecep:lem=","
             ecep:pos=","
             ecep:reg=","
             ecep:spe=",">,</pc>
         <c> </c>
         <w xml:id="bhw18-390840"
            n="a-0180"
            ecep:lem="in"
            ecep:pos="p-acp"
            ecep:reg="in"
            ecep:spe="in"
            ecep:syllab="1"
            ecep:pron="ɪn">in</w>
         <c> </c>
         <w xml:id="bhw18-390850"
            n="a-0190"
            ecep:lem="a"
            ecep:pos="dt"
            ecep:reg="a"
            ecep:spe="a"
            ecep:syllab="1"
            ecep:pron="ə">a</w>
         <c> </c>
         <w xml:id="bhw18-390860"
            n="a-0200"
            ecep:lem="translation"
            ecep:pos="n1"
            ecep:reg="translation"
            ecep:spe="translation"
            ecep:syllab="3"
            ecep:pron="trænsˈleɪʃn">translation</w>
         <c> </c>
         <w xml:id="bhw18-390870"
            n="a-0210"
            ecep:lem="i"
            ecep:pos="pns11"
            ecep:reg="I"
            ecep:spe="I"
            ecep:syllab="1"
            ecep:pron="aɪ">I</w>
         <c> </c>
         <w xml:id="bhw18-390880"
            n="a-0220"
            ecep:lem="make"
            ecep:pos="vvd"
            ecep:reg="made"
            ecep:spe="made"
            ecep:syllab="1"
            ecep:pron="meɪd">made</w>
         <c> </c>
         <w xml:id="bhw18-390890"
            n="a-0230"
            ecep:lem="of"
            ecep:pos="pp-f"
            ecep:reg="of"
            ecep:spe="of"
            ecep:syllab="1"
            ecep:pron="ɒv">of</w>
         <c> </c>
         <w xml:id="bhw18-390900"
            n="a-0240"
            ecep:lem="Bernardin"
            ecep:pos="np1"
            ecep:reg="Bernardin"
            ecep:spe="Bernardin"
            ecep:syllab="3"
            ecep:pron="bˈɜːnədˌɪn">Bernardin</w>
         <c> </c>
         <w xml:id="bhw18-390910"
            n="a-0250"
            ecep:lem="the"
            ecep:pos="dt"
            ecep:reg="dae"
            ecep:spe="de"
            ecep:syllab="1"
            ecep:pron="də">de</w>
         <c> </c>
         <w xml:id="bhw18-390920"
            n="a-0260"
            ecep:lem="saint"
            ecep:pos="n1"
            ecep:reg="Saint"
            ecep:spe="Saint"
            ecep:syllab="1"
            ecep:pron="seɪnt">Saint</w>
         <c> </c>
         <w xml:id="bhw18-390930"
            n="a-0270"
            ecep:lem="pierre"
            ecep:pos="npg1"
            ecep:reg="Pierre's"
            ecep:spe="Pierre's"
            ecep:syllab="2"
            ecep:pron="piˈeəz">Pierre's</w>
         <c> </c>
         <w xml:id="bhw18-390940"
            n="a-0280"
            ecep:lem="novel"
            ecep:pos="n1"
            ecep:reg="novel"
            ecep:spe="novel"
            ecep:syllab="2"
            ecep:pron="ˈnɒvl">novel</w>
         <c> </c>
         <w xml:id="bhw18-390950"
            n="a-0290"
            ecep:lem="of"
            ecep:pos="pp-f"
            ecep:reg="of"
            ecep:spe="of"
            ecep:syllab="1"
            ecep:pron="ɒv">of</w>
         <c> </c>
         <hi>
            <w xml:id="bhw18-390960"
               n="a-0300"
               ecep:lem="Paul"
               ecep:pos="np1"
               ecep:reg="Paul"
               ecep:spe="Paul"
               ecep:syllab="1"
               ecep:pron="ˈpɔːl">Paul</w>
            <c> </c>
            <w xml:id="bhw18-390970"
               n="a-0310"
               ecep:lem="and"
               ecep:pos="cc"
               ecep:reg="and"
               ecep:spe="and"
               ecep:syllab="1"
               ecep:pron="ænd">and</w>
            <c> </c>
            <w xml:id="bhw18-390980"
               n="a-0320"
               ecep:lem="Virginia"
               ecep:pos="np1"
               ecep:reg="Virginia"
               ecep:spe="Virginia"
               ecep:syllab="3"
               ecep:pron="vəˈdʒɪniə">Virginia</w>
         </hi>
         <pc xml:id="bhw18-390990"
             n="a-0330"
             ecep:lem=","
             ecep:pos=","
             ecep:reg=","
             ecep:spe=",">,</pc>
         <c> </c>
         <w xml:id="bhw18-391000"
            n="a-0340"
            ecep:lem="while"
            ecep:pos="cs"
            ecep:reg="while"
            ecep:spe="while"
            ecep:syllab="1"
            ecep:pron="waɪl">while</w>
         <c> </c>
         <w xml:id="bhw18-391010"
            n="a-0350"
            ecep:lem="i"
            ecep:pos="pns11"
            ecep:reg="I"
            ecep:spe="I"
            ecep:syllab="1"
            ecep:pron="aɪ">I</w>
         <c> </c>
         <w xml:id="bhw18-391020"
            n="a-0360"
            ecep:lem="be"
            ecep:pos="vbds"
            ecep:reg="was"
            ecep:spe="was"
            ecep:syllab="1"
            ecep:pron="wɒz">was</w>
         <c> </c>
         <w xml:id="bhw18-391030"
            n="a-0370"
            ecep:lem="in"
            ecep:pos="p-acp"
            ecep:reg="in"
            ecep:spe="in"
            ecep:syllab="1"
            ecep:pron="ɪn">in</w>
         <c> </c>
         <w xml:id="bhw18-391040"
            n="a-0380"
            ecep:lem="prison"
            ecep:pos="n1"
            ecep:reg="prison"
            ecep:spe="prison"
            ecep:syllab="2"
            ecep:pron="ˈprɪzn">prison</w>
         <c> </c>
         <w xml:id="bhw18-391050"
            n="a-0390"
            ecep:lem="during"
            ecep:pos="p-acp"
            ecep:reg="during"
            ecep:spe="during"
            ecep:syllab="2"
            ecep:pron="ˈdʒʊərɪŋ">during</w>
         <c> </c>
         <w xml:id="bhw18-391060"
            n="a-0400"
            ecep:lem="the"
            ecep:pos="dt"
            ecep:reg="the"
            ecep:spe="the"
            ecep:syllab="1"
            ecep:pron="ðiː">the</w>
         <c> </c>
         <w xml:id="bhw18-391070"
            n="a-0410"
            ecep:lem="reign"
            ecep:pos="n1"
            ecep:reg="reign"
            ecep:spe="reign"
            ecep:syllab="1"
            ecep:pron="reɪn">reign</w>
         <c> </c>
         <w xml:id="bhw18-391080"
            n="a-0420"
            ecep:lem="of"
            ecep:pos="pp-f"
            ecep:reg="of"
            ecep:spe="of"
            ecep:syllab="1"
            ecep:pron="ɒv">of</w>
         <c> </c>
         <w xml:id="bhw18-391090"
            n="a-0430"
            ecep:lem="terror"
            ecep:pos="n1"
            ecep:reg="terror"
            ecep:spe="terror"
            ecep:syllab="2"
            ecep:pron="ˈterə">terror</w>
         <pc xml:id="bhw18-391100"
             n="a-0440"
             ecep:lem=","
             ecep:pos=","
             ecep:reg=","
             ecep:spe=",">,</pc>
         <c> </c>
         <w xml:id="bhw18-391110"
            n="a-0450"
            ecep:lem="and"
            ecep:pos="cc"
            ecep:reg="and"
            ecep:spe="and"
            ecep:syllab="1"
            ecep:pron="ænd">and</w>
         <c> </c>
         <w xml:id="bhw18-391120"
            n="a-0460"
            ecep:lem="which"
            ecep:pos="r-crq"
            ecep:reg="which"
            ecep:spe="which"
            ecep:syllab="1"
            ecep:pron="wɪtʃ">which</w>
         <c> </c>
         <w xml:id="bhw18-391130"
            n="a-0470"
            ecep:lem="serve"
            ecep:pos="vvd"
            ecep:reg="served"
            ecep:spe="served"
            ecep:syllab="1"
            ecep:pron="sɜːvd">served</w>
         <c> </c>
         <w xml:id="bhw18-391140"
            n="a-0480"
            ecep:lem="to"
            ecep:pos="pc-acp"
            ecep:reg="to"
            ecep:spe="to"
            ecep:syllab="1"
            ecep:pron="tuː">to</w>
         <c> </c>
         <w xml:id="bhw18-391150"
            n="a-0490"
            ecep:lem="cheat"
            ecep:pos="vvi"
            ecep:reg="cheat"
            ecep:spe="cheat"
            ecep:syllab="1"
            ecep:pron="tʃiːt">cheat</w>
         <c> </c>
         <w xml:id="bhw18-391160"
            n="a-0500"
            ecep:lem="the"
            ecep:pos="dt"
            ecep:reg="the"
            ecep:spe="the"
            ecep:syllab="1"
            ecep:pron="ðiː">the</w>
         <c> </c>
         <w xml:id="bhw18-391170"
            n="a-0510"
            ecep:lem="day"
            ecep:pos="n2"
            ecep:reg="days"
            ecep:spe="days"
            ecep:syllab="1"
            ecep:pron="deɪz">days</w>
         <c> </c>
         <w xml:id="bhw18-391180"
            n="a-0520"
            ecep:lem="of"
            ecep:pos="pp-f"
            ecep:reg="of"
            ecep:spe="of"
            ecep:syllab="1"
            ecep:pron="ɒv">of</w>
         <c> </c>
         <w xml:id="bhw18-391190"
            n="a-0530"
            ecep:lem="captivity"
            ecep:pos="n1"
            ecep:reg="captivity"
            ecep:spe="captivity"
            ecep:syllab="4"
            ecep:pron="kæpˈtɪvəti">captivity</w>
         <c> </c>
         <w xml:id="bhw18-391200"
            n="a-0540"
            ecep:lem="of"
            ecep:pos="pp-f"
            ecep:reg="of"
            ecep:spe="of"
            ecep:syllab="1"
            ecep:pron="ɒv">of</w>
         <c> </c>
         <w xml:id="bhw18-391210"
            n="a-0550"
            ecep:lem="their"
            ecep:pos="po32"
            ecep:reg="their"
            ecep:spe="their"
            ecep:syllab="1"
            ecep:pron="ðeə">their</w>
         <c> </c>
         <w xml:id="bhw18-391220"
            n="a-0560"
            ecep:lem="weary"
            ecep:pos="j"
            ecep:reg="weary"
            ecep:spe="weary"
            ecep:syllab="2"
            ecep:pron="ˈwɪəri">weary</w>
         <c> </c>
         <w xml:id="bhw18-391230"
            n="a-0570"
            ecep:lem="length"
            ecep:pos="n1"
            ecep:reg="length"
            ecep:spe="length"
            ecep:syllab="1"
            ecep:pron="leŋθ">length</w>
         <pc xml:id="bhw18-391240"
             n="a-0580"
             unit="sentence"
             ecep:lem="."
             ecep:pos="."
             ecep:reg="."
             ecep:spe=".">.</pc>
         <c> </c>
         <w xml:id="bhw18-391250"
            n="a-0590"
            ecep:lem="the"
            ecep:pos="dt"
            ecep:reg="The"
            ecep:spe="The"
            ecep:syllab="1"
            ecep:pron="ðiː">The</w>
         <c> </c>
         <w xml:id="bhw18-391260"
            n="a-0600"
            ecep:lem="translation"
            ecep:pos="n1"
            ecep:reg="translation"
            ecep:spe="translation"
            ecep:syllab="3"
            ecep:pron="trænsˈleɪʃn">translation</w>
         <c> </c>
         <w xml:id="bhw18-391270"
            n="a-0610"
            ecep:lem="be"
            ecep:pos="vbds"
            ecep:reg="was"
            ecep:spe="was"
            ecep:syllab="1"
            ecep:pron="wɒz">was</w>
         <pc xml:id="bhw18-391280"
             n="a-0620"
             ecep:lem=","
             ecep:pos=","
             ecep:reg=","
             ecep:spe=",">,</pc>
         <c> </c>
         <w xml:id="bhw18-391290"
            n="a-0630"
            ecep:lem="i"
            ecep:pos="pns11"
            ecep:reg="I"
            ecep:spe="I"
            ecep:syllab="1"
            ecep:pron="aɪ">I</w>
         <c> </c>
         <w xml:id="bhw18-391300"
            n="a-0640"
            ecep:lem="believe"
            ecep:pos="vvb"
            ecep:reg="believe"
            ecep:spe="believe"
            ecep:syllab="2"
            ecep:pron="biˈliːv">believe</w>
         <pc xml:id="bhw18-391310"
             n="a-0650"
             ecep:lem=","
             ecep:pos=","
             ecep:reg=","
             ecep:spe=",">,</pc>
         <c> </c>
         <w xml:id="bhw18-391320"
            n="a-0660"
            ecep:lem="never"
            ecep:pos="av-x"
            ecep:reg="never"
            ecep:spe="never"
            ecep:syllab="2"
            ecep:pron="ˈnevə">never</w>
         <c> </c>
         <w xml:id="bhw18-391330"
            n="a-0670"
            ecep:lem="publish"
            ecep:pos="vvn"
            ecep:reg="published"
            ecep:spe="published"
            ecep:syllab="2"
            ecep:pron="ˈpʌblɪʃt">published</w>
         <c> </c>
         <w xml:id="bhw18-391340"
            n="a-0680"
            ecep:lem="in"
            ecep:pos="p-acp"
            ecep:reg="in"
            ecep:spe="in"
            ecep:syllab="1"
            ecep:pron="ɪn">in</w>
         <c> </c>
         <w xml:id="bhw18-391350"
            n="a-0690"
            ecep:lem="England"
            ecep:pos="np1"
            ecep:reg="England"
            ecep:spe="England"
            ecep:syllab="2"
            ecep:pron="ˈɪŋglənd">England</w>
         <pc xml:id="bhw18-391360"
             n="a-0700"
             ecep:lem=","
             ecep:pos=","
             ecep:reg=","
             ecep:spe=",">,</pc>
         <c> </c>
         <w xml:id="bhw18-391370"
            n="a-0710"
            ecep:lem="where"
            ecep:pos="c-crq"
            ecep:reg="where"
            ecep:spe="where"
            ecep:syllab="1"
            ecep:pron="weə">where</w>
         <c> </c>
         <w xml:id="bhw18-391380"
            n="a-0720"
            ecep:lem="the"
            ecep:pos="dt"
            ecep:reg="the"
            ecep:spe="the"
            ecep:syllab="1"
            ecep:pron="ðiː">the</w>
         <c> </c>
         <w xml:id="bhw18-391390"
            n="a-0730"
            ecep:lem="sonnet"
            ecep:pos="n2"
            ecep:reg="Sonnets"
            ecep:spe="Sonnets"
            ecep:syllab="2"
            ecep:pron="ˈsɒnɪts">Sonnets</w>
         <c> </c>
         <w xml:id="bhw18-391400"
            n="a-0740"
            ecep:lem="be"
            ecep:pos="vbr"
            ecep:reg="are"
            ecep:spe="are"
            ecep:syllab="1"
            ecep:pron="ɑː">are</w>
         <c> </c>
         <w xml:id="bhw18-391410"
            n="a-0750"
            ecep:lem="little"
            ecep:pos="av-j"
            ecep:reg="little"
            ecep:spe="little"
            ecep:syllab="2"
            ecep:pron="ˈlɪtl">little</w>
         <c> </c>
         <w xml:id="bhw18-391420"
            n="a-0760"
            ecep:lem="know"
            ecep:pos="vvn"
            ecep:reg="known"
            ecep:spe="known"
            ecep:syllab="1"
            ecep:pron="nəʊn">known</w>
         <pc xml:id="bhw18-391430"
             n="a-0770"
             unit="sentence"
             ecep:lem="."
             ecep:pos="."
             ecep:reg="."
             ecep:spe=".">.</pc>
         <c> </c>
         <w xml:id="bhw18-391440"
            n="a-0780"
            ecep:lem="they"
            ecep:pos="pns32"
            ecep:reg="They"
            ecep:spe="They"
            ecep:syllab="1"
            ecep:pron="ðeɪ">They</w>
         <c> </c>
         <w xml:id="bhw18-391450"
            n="a-0790"
            ecep:lem="be"
            ecep:pos="vbr"
            ecep:reg="are"
            ecep:spe="are"
            ecep:syllab="1"
            ecep:pron="ɑː">are</w>
         <c> </c>
         <w xml:id="bhw18-391460"
            n="a-0800"
            ecep:lem="adapt"
            ecep:pos="vvn"
            ecep:reg="adapted"
            ecep:spe="adapted"
            ecep:syllab="3"
            ecep:pron="əˈdæptɪd">adapted</w>
         <c> </c>
         <w xml:id="bhw18-391470"
            n="a-0810"
            ecep:lem="to"
            ecep:pos="p-acp"
            ecep:reg="to"
            ecep:spe="to"
            ecep:syllab="1"
            ecep:pron="tuː">to</w>
         <c> </c>
         <w xml:id="bhw18-391480"
            n="a-0820"
            ecep:lem="the"
            ecep:pos="dt"
            ecep:reg="the"
            ecep:spe="the"
            ecep:syllab="1"
            ecep:pron="ðiː">the</w>
         <c> </c>
         <w xml:id="bhw18-391490"
            n="a-0830"
            ecep:lem="peculiar"
            ecep:pos="j"
            ecep:reg="peculiar"
            ecep:spe="peculiar"
            ecep:syllab="3"
            ecep:pron="pɪˈkjuːliə">peculiar</w>
         <c> </c>
         <w xml:id="bhw18-391500"
            n="a-0840"
            ecep:lem="situation"
            ecep:pos="n2"
            ecep:reg="situations"
            ecep:spe="situations"
            ecep:syllab="4"
            ecep:pron="ˌsɪtʃuˈeɪʃnz">situations</w>
         <c> </c>
         <w xml:id="bhw18-391510"
            n="a-0850"
            ecep:lem="and"
            ecep:pos="cc"
            ecep:reg="and"
            ecep:spe="and"
            ecep:syllab="1"
            ecep:pron="ænd">and</w>
         <c> </c>
         <w xml:id="bhw18-391520"
            n="a-0860"
            ecep:lem="scenery"
            ecep:pos="n1"
            ecep:reg="scenery"
            ecep:spe="scenery"
            ecep:syllab="3"
            ecep:pron="ˈsiːnəri">scenery</w>
         <c> </c>
         <w xml:id="bhw18-391530"
            n="a-0870"
            ecep:lem="of"
            ecep:pos="pp-f"
            ecep:reg="of"
            ecep:spe="of"
            ecep:syllab="1"
            ecep:pron="ɒv">of</w>
         <c> </c>
         <w xml:id="bhw18-391540"
            n="a-0880"
            ecep:lem="the"
            ecep:pos="dt"
            ecep:reg="the"
            ecep:spe="the"
            ecep:syllab="1"
            ecep:pron="ðiː">the</w>
         <c> </c>
         <w xml:id="bhw18-391550"
            n="a-0890"
            ecep:lem="work"
            ecep:pos="n1"
            ecep:reg="work"
            ecep:spe="work"
            ecep:syllab="1"
            ecep:pron="wɜːk">work</w>
         <pc xml:id="bhw18-391560"
             n="a-0900"
             unit="sentence"
             ecep:lem="."
             ecep:pos="."
             ecep:reg="."
             ecep:spe=".">.</pc>
      </note>
   </head>
   <lg xml:id="bhw18-s01420">
      <l rendition="#h_3" xml:id="bhw18-l16140">
         <hi rendition="#sc">
            <w xml:id="bhw18-391590"
               n="a-0910"
               ecep:lem="ah"
               ecep:pos="uh"
               ecep:reg="AH"
               ecep:spe="AH"
               ecep:syllab="1"
               ecep:pron="ɑː">AH</w>
         </hi>
         <pc xml:id="bhw18-391600"
             n="a-0920"
             ecep:lem=","
             ecep:pos=","
             ecep:reg=","
             ecep:spe=",">,</pc>
         <c> </c>
         <w xml:id="bhw18-391610"
            n="a-0930"
            ecep:lem="love"
            ecep:pos="np1-n"
            ecep:reg="Love"
            ecep:spe="Love"
            ecep:syllab="1"
            ecep:pron="lʌv">Love</w>
         <pc xml:id="bhw18-391620"
             n="a-0940"
             ecep:lem="!"
             ecep:pos="!"
             ecep:reg="!"
             ecep:spe="!">!</pc>
         <c> </c>
         <w xml:id="bhw18-391630"
            n="a-0950"
            ecep:lem="ere"
            ecep:pos="c-acp"
            ecep:reg="ere"
            ecep:spe="ere"
            ecep:syllab="1"
            ecep:pron="eə">ere</w>
         <c> </c>
         <w xml:id="bhw18-391640"
            n="a-0960"
            ecep:lem="yet"
            ecep:pos="av"
            ecep:reg="yet"
            ecep:spe="yet"
            ecep:syllab="1"
            ecep:pron="jet">yet</w>
         <c> </c>
         <w xml:id="bhw18-391650"
            n="a-0970"
            ecep:lem="i"
            ecep:pos="pns11"
            ecep:reg="I"
            ecep:spe="I"
            ecep:syllab="1"
            ecep:pron="aɪ">I</w>
         <c> </c>
         <w xml:id="bhw18-391660"
            n="a-0980"
            ecep:lem="know"
            ecep:pos="vvd"
            ecep:reg="knew"
            ecep:spe="knew"
            ecep:syllab="1"
            ecep:pron="njuː">knew</w>
         <c> </c>
         <w xml:id="bhw18-391670"
            n="a-0990"
            ecep:lem="thy"
            ecep:pos="po21"
            ecep:reg="thy"
            ecep:spe="thy"
            ecep:syllab="1"
            ecep:pron="ðaɪ">thy</w>
         <c> </c>
         <w xml:id="bhw18-391680"
            n="a-1000"
            ecep:lem="fatal"
            ecep:pos="j"
            ecep:reg="fatal"
            ecep:spe="fatal"
            ecep:syllab="2"
            ecep:pron="ˈfeɪtl">fatal</w>
         <c> </c>
         <w xml:id="bhw18-391690"
            n="a-1010"
            ecep:lem="power"
            ecep:pos="n1"
            ecep:reg="power"
            ecep:spe="power"
            ecep:syllab="1"
            ecep:pron="ˈpaʊə">power</w>
         <pc xml:id="bhw18-391700"
             n="a-1020"
             ecep:lem=","
             ecep:pos=","
             ecep:reg=","
             ecep:spe=",">,</pc>
      </l>
      <l xml:id="bhw18-l16145">
         <c> </c>
         <w xml:id="bhw18-391710"
            n="a-1030"
            ecep:lem="bright"
            ecep:pos="j"
            ecep:reg="Bright"
            ecep:spe="Bright"
            ecep:syllab="1"
            ecep:pron="braɪt">Bright</w>
         <c> </c>
         <w xml:id="bhw18-391720"
            n="a-1040"
            ecep:lem="glow"
            ecep:pos="vvn"
            ecep:reg="glowed"
            ecep:spe="glow'd"
            ecep:syllab="1"
            ecep:pron="gləʊd">glow'd</w>
         <c> </c>
         <w xml:id="bhw18-391730"
            n="a-1050"
            ecep:lem="the"
            ecep:pos="dt"
            ecep:reg="the"
            ecep:spe="the"
            ecep:syllab="1"
            ecep:pron="ðiː">the</w>
         <c> </c>
         <w xml:id="bhw18-391740"
            n="a-1060"
            ecep:lem="colour"
            ecep:pos="n1"
            ecep:reg="colour"
            ecep:spe="colour"
            ecep:syllab="2"
            ecep:pron="ˈkʌlə">colour</w>
         <c> </c>
         <w xml:id="bhw18-391750"
            n="a-1070"
            ecep:lem="of"
            ecep:pos="pp-f"
            ecep:reg="of"
            ecep:spe="of"
            ecep:syllab="1"
            ecep:pron="ɒv">of</w>
         <c> </c>
         <w xml:id="bhw18-391760"
            n="a-1080"
            ecep:lem="my"
            ecep:pos="po11"
            ecep:reg="my"
            ecep:spe="my"
            ecep:syllab="1"
            ecep:pron="maɪ">my</w>
         <c> </c>
         <w xml:id="bhw18-391770"
            n="a-1090"
            ecep:lem="youthful"
            ecep:pos="j"
            ecep:reg="youthful"
            ecep:spe="youthful"
            ecep:syllab="2"
            ecep:pron="ˈjuːθfl">youthful</w>
         <c> </c>
         <w xml:id="bhw18-391780"
            n="a-1100"
            ecep:lem="day"
            ecep:pos="n2"
            ecep:reg="days"
            ecep:spe="days"
            ecep:syllab="1"
            ecep:pron="deɪz">days</w>
         <pc xml:id="bhw18-391790"
             n="a-1110"
             ecep:lem=","
             ecep:pos=","
             ecep:reg=","
             ecep:spe=",">,</pc>
      </l>
      <l xml:id="bhw18-l16150">
         <c> </c>
         <w xml:id="bhw18-391800"
            n="a-1120"
            ecep:lem="as"
            ecep:pos="c-acp"
            ecep:reg="As"
            ecep:spe="As"
            ecep:syllab="1"
            ecep:pron="æz">As</w>
         <c> </c>
         <w xml:id="bhw18-391810"
            n="a-1130"
            ecep:lem="on"
            ecep:pos="p-acp"
            ecep:reg="on"
            ecep:spe="on"
            ecep:syllab="1"
            ecep:pron="ɒn">on</w>
         <c> </c>
         <w xml:id="bhw18-391820"
            n="a-1140"
            ecep:lem="the"
            ecep:pos="dt"
            ecep:reg="the"
            ecep:spe="the"
            ecep:syllab="1"
            ecep:pron="ðiː">the</w>
         <c> </c>
         <w xml:id="bhw18-391830"
            n="a-1150"
            ecep:lem="sultry"
            ecep:pos="j"
            ecep:reg="sultry"
            ecep:spe="sultry"
            ecep:syllab="2"
            ecep:pron="ˈsʌltri">sultry</w>
         <c> </c>
         <w xml:id="bhw18-391840"
            n="a-1160"
            ecep:lem="zone"
            ecep:pos="n1"
            ecep:reg="zone"
            ecep:spe="zone"
            ecep:syllab="1"
            ecep:pron="zəʊn">zone</w>
         <c> </c>
         <w xml:id="bhw18-391850"
            n="a-1170"
            ecep:lem="the"
            ecep:pos="dt"
            ecep:reg="the"
            ecep:spe="the"
            ecep:syllab="1"
            ecep:pron="ðiː">the</w>
         <c> </c>
         <w xml:id="bhw18-391860"
            n="a-1180"
            ecep:lem="torrid"
            ecep:pos="j"
            ecep:reg="torrid"
            ecep:spe="torrid"
            ecep:syllab="2"
            ecep:pron="ˈtɒrɪd">torrid</w>
         <c> </c>
         <w xml:id="bhw18-391870"
            n="a-1190"
            ecep:lem="ray"
            ecep:pos="n2"
            ecep:reg="rays"
            ecep:spe="rays"
            ecep:syllab="1"
            ecep:pron="reɪz">rays</w>
         <pc xml:id="bhw18-391880"
             n="a-1200"
             ecep:lem=","
             ecep:pos=","
             ecep:reg=","
             ecep:spe=",">,</pc>
      </l>
      <l rendition="#h_3" xml:id="bhw18-l16155">
         <c> </c>
         <w xml:id="bhw18-391890"
            n="a-1210"
            ecep:lem="that"
            ecep:pos="cst"
            ecep:reg="That"
            ecep:spe="That"
            ecep:syllab="1"
            ecep:pron="ðæt">That</w>
         <c> </c>
         <w xml:id="bhw18-391900"
            n="a-1220"
            ecep:lem="paint"
            ecep:pos="vvb"
            ecep:reg="paint"
            ecep:spe="paint"
            ecep:syllab="1"
            ecep:pron="peɪnt">paint</w>
         <c> </c>
         <w xml:id="bhw18-391910"
            n="a-1230"
            ecep:lem="the"
            ecep:pos="dt"
            ecep:reg="the"
            ecep:spe="the"
            ecep:syllab="1"
            ecep:pron="ðiː">the</w>
         <c> </c>
         <w xml:id="bhw18-391920"
            n="a-1240"
            ecep:lem="broad-leaved"
            ecep:pos="j"
            ecep:reg="broad-leaved"
            ecep:spe="broad-leav'd"
            ecep:syllab="2"
            ecep:pron="ˌbrɔːdˈliːvd">broad-leav'd</w>
         <c> </c>
         <w xml:id="bhw18-391930"
            n="a-1250"
            ecep:lem="plantain"
            ecep:pos="ng1"
            ecep:reg="plantain's"
            ecep:spe="plantain's"
            ecep:syllab="2"
            ecep:pron="ˈplæntɪnz">plantain's</w>
         <c> </c>
         <w xml:id="bhw18-391940"
            n="a-1260"
            ecep:lem="glossy"
            ecep:pos="j"
            ecep:reg="glossy"
            ecep:spe="glossy"
            ecep:syllab="2"
            ecep:pron="ˈglɒsi">glossy</w>
         <c> </c>
         <w xml:id="bhw18-391950"
            n="a-1270"
            ecep:lem="bower"
            ecep:pos="n1"
            ecep:reg="bower"
            ecep:spe="bower"
            ecep:syllab="2"
            ecep:pron="ˈbaʊə">bower</w>
         <pc xml:id="bhw18-391960"
             n="a-1280"
             ecep:lem=":"
             ecep:pos=":"
             ecep:reg=":"
             ecep:spe=":">:</pc>
      </l>
      <l rendition="#h_3" xml:id="bhw18-l16160">
         <c> </c>
         <w xml:id="bhw18-391970"
            n="a-1290"
            ecep:lem="calm"
            ecep:pos="vvb"
            ecep:reg="Calm"
            ecep:spe="Calm"
            ecep:syllab="1"
            ecep:pron="kɑːm">Calm</w>
         <c> </c>
         <w xml:id="bhw18-391980"
            n="a-1300"
            ecep:lem="be"
            ecep:pos="vbds"
            ecep:reg="was"
            ecep:spe="was"
            ecep:syllab="1"
            ecep:pron="wɒz">was</w>
         <c> </c>
         <w xml:id="bhw18-391990"
            n="a-1310"
            ecep:lem="my"
            ecep:pos="po11"
            ecep:reg="my"
            ecep:spe="my"
            ecep:syllab="1"
            ecep:pron="maɪ">my</w>
         <c> </c>
         <w xml:id="bhw18-392000"
            n="a-1320"
            ecep:lem="bosom"
            ecep:pos="n1"
            ecep:reg="bosom"
            ecep:spe="bosom"
            ecep:syllab="2"
            ecep:pron="ˈbʊzəm">bosom</w>
         <c> </c>
         <w xml:id="bhw18-392010"
            n="a-1330"
            ecep:lem="as"
            ecep:pos="c-acp"
            ecep:reg="as"
            ecep:spe="as"
            ecep:syllab="1"
            ecep:pron="æz">as</w>
         <c> </c>
         <w xml:id="bhw18-392020"
            n="a-1340"
            ecep:lem="this"
            ecep:pos="d"
            ecep:reg="this"
            ecep:spe="this"
            ecep:syllab="1"
            ecep:pron="ðɪs">this</w>
         <c> </c>
         <w xml:id="bhw18-392030"
            n="a-1350"
            ecep:lem="silent"
            ecep:pos="j"
            ecep:reg="silent"
            ecep:spe="silent"
            ecep:syllab="2"
            ecep:pron="ˈsaɪlənt">silent</w>
         <c> </c>
         <w xml:id="bhw18-392040"
            n="a-1360"
            ecep:lem="hour"
            ecep:pos="n1"
            ecep:reg="hour"
            ecep:spe="hour"
            ecep:syllab="1"
            ecep:pron="ˈaʊə">hour</w>
         <pc xml:id="bhw18-392050"
             n="a-1370"
             ecep:lem=","
             ecep:pos=","
             ecep:reg=","
             ecep:spe=",">,</pc>
      </l>
      <l xml:id="bhw18-l16165">
         <c> </c>
         <w xml:id="bhw18-392060"
            n="a-1380"
            ecep:lem="when"
            ecep:pos="c-crq"
            ecep:reg="When"
            ecep:spe="When"
            ecep:syllab="1"
            ecep:pron="wen">When</w>
         <c> </c>
         <w xml:id="bhw18-392070"
            n="a-1390"
            ecep:lem="over"
            ecep:pos="p-acp"
            ecep:reg="over"
            ecep:spe="o'er"
            ecep:syllab="1"
            ecep:pron="ˈɔːə">o'er</w>
         <c> </c>
         <w xml:id="bhw18-392080"
            n="a-1400"
            ecep:lem="the"
            ecep:pos="dt"
            ecep:reg="the"
            ecep:spe="the"
            ecep:syllab="1"
            ecep:pron="ðiː">the</w>
         <c> </c>
         <w xml:id="bhw18-392090"
            n="a-1410"
            ecep:lem="deep"
            ecep:pos="j-jn"
            ecep:reg="deep"
            ecep:spe="deep"
            ecep:syllab="1"
            ecep:pron="diːp">deep</w>
         <pc xml:id="bhw18-392100"
             n="a-1420"
             ecep:lem=","
             ecep:pos=","
             ecep:reg=","
             ecep:spe=",">,</pc>
         <c> </c>
         <w xml:id="bhw18-392110"
            n="a-1430"
            ecep:lem="scarce"
            ecep:pos="av-j"
            ecep:reg="scarce"
            ecep:spe="scarce"
            ecep:syllab="1"
            ecep:pron="skeəs">scarce</w>
         <c> </c>
         <w xml:id="bhw18-392120"
            n="a-1440"
            ecep:lem="hear"
            ecep:pos="vvn"
            ecep:reg="heard"
            ecep:spe="heard"
            ecep:syllab="1"
            ecep:pron="hɜːd">heard</w>
         <pc xml:id="bhw18-392130"
             n="a-1450"
             ecep:lem=","
             ecep:pos=","
             ecep:reg=","
             ecep:spe=",">,</pc>
         <c> </c>
         <w xml:id="bhw18-392140"
            n="a-1460"
            ecep:lem="the"
            ecep:pos="dt"
            ecep:reg="the"
            ecep:spe="the"
            ecep:syllab="1"
            ecep:pron="ðiː">the</w>
         <c> </c>
         <w xml:id="bhw18-392150"
            n="a-1470"
            ecep:lem="zephyr"
            ecep:pos="n1"
            ecep:reg="zephyr"
            ecep:spe="zephyr"
            ecep:syllab="2"
            ecep:pron="ˈzefə">zephyr</w>
         <c> </c>
         <w xml:id="bhw18-392160"
            n="a-1480"
            ecep:lem="stray"
            ecep:pos="vvz"
            ecep:reg="strays"
            ecep:spe="strays"
            ecep:syllab="1"
            ecep:pron="streɪz">strays</w>
         <pc xml:id="bhw18-392170"
             n="a-1490"
             ecep:lem=","
             ecep:pos=","
             ecep:reg=","
             ecep:spe=",">,</pc>
      </l>
      <l xml:id="bhw18-l16170">
         <c> </c>
         <w xml:id="bhw18-392190"
            n="a-1510"
            ecep:lem="amid"
            ecep:pos="p-acp"
            ecep:reg="Midst"
            ecep:spe="'Midst"
            ecep:syllab="1"
            ecep:pron="mˈɪdst">'Midst</w>
         <c> </c>
         <w xml:id="bhw18-392200"
            n="a-1520"
            ecep:lem="the"
            ecep:pos="dt"
            ecep:reg="the"
            ecep:spe="the"
            ecep:syllab="1"
            ecep:pron="ðiː">the</w>
         <c> </c>
         <w xml:id="bhw18-392210"
            n="a-1530"
            ecep:lem="cool"
            ecep:pos="j"
            ecep:reg="cool"
            ecep:spe="cool"
            ecep:syllab="1"
            ecep:pron="kuːl">cool</w>
         <c> </c>
         <w xml:id="bhw18-392220"
            n="a-1540"
            ecep:lem="tamarind"
            ecep:pos="n2"
            ecep:reg="tamarinds"
            ecep:spe="tamarinds"
            ecep:syllab="3"
            ecep:pron="ˈtæmərɪndz">tamarinds</w>
         <c> </c>
         <w xml:id="bhw18-392230"
            n="a-1550"
            ecep:lem="indolent"
            ecep:pos="av-j"
            ecep:reg="indolent"
            ecep:spe="indolently"
            ecep:syllab="4"
            ecep:pron="ˈɪndələntli">indolently</w>
         <c> </c>
         <w xml:id="bhw18-392240"
            n="a-1560"
            ecep:lem="play"
            ecep:pos="n2"
            ecep:reg="plays"
            ecep:spe="plays"
            ecep:syllab="1"
            ecep:pron="pleɪz">plays</w>
         <pc xml:id="bhw18-392250"
             n="a-1570"
             ecep:lem=","
             ecep:pos=","
             ecep:reg=","
             ecep:spe=",">,</pc>
      </l>
      <l rendition="#h_3" xml:id="bhw18-l16175">
         <c> </c>
         <w xml:id="bhw18-392260"
            n="a-1580"
            ecep:lem="nor"
            ecep:pos="ccx"
            ecep:reg="Nor"
            ecep:spe="Nor"
            ecep:syllab="1"
            ecep:pron="nɔː">Nor</w>
         <c> </c>
         <w xml:id="bhw18-392270"
            n="a-1590"
            ecep:lem="from"
            ecep:pos="p-acp"
            ecep:reg="from"
            ecep:spe="from"
            ecep:syllab="1"
            ecep:pron="frɒm">from</w>
         <c> </c>
         <w xml:id="bhw18-392280"
            n="a-1600"
            ecep:lem="the"
            ecep:pos="dt"
            ecep:reg="the"
            ecep:spe="the"
            ecep:syllab="1"
            ecep:pron="ðiː">the</w>
         <c> </c>
         <w xml:id="bhw18-392290"
            n="a-1610"
            ecep:lem="orange"
            ecep:pos="n-jn"
            ecep:reg="orange"
            ecep:spe="orange"
            ecep:syllab="2"
            ecep:pron="ˈɒrɪndʒ">orange</w>
         <c> </c>
         <w xml:id="bhw18-392300"
            n="a-1620"
            ecep:lem="shake"
            ecep:pos="vvz"
            ecep:reg="shakes"
            ecep:spe="shakes"
            ecep:syllab="1"
            ecep:pron="ʃeɪks">shakes</w>
         <c> </c>
         <w xml:id="bhw18-392310"
            n="a-1630"
            ecep:lem="its"
            ecep:pos="po31"
            ecep:reg="its"
            ecep:spe="its"
            ecep:syllab="1"
            ecep:pron="ɪts">its</w>
         <c> </c>
         <w xml:id="bhw18-392320"
            n="a-1640"
            ecep:lem="odorous"
            ecep:pos="j"
            ecep:reg="odorous"
            ecep:spe="od'rous"
            ecep:syllab="2"
            ecep:pron="ˈɒdrəs">od'rous</w>
         <c> </c>
         <w xml:id="bhw18-392330"
            n="a-1650"
            ecep:lem="flower"
            ecep:pos="n1"
            ecep:reg="flower"
            ecep:spe="flower"
            ecep:syllab="1"
            ecep:pron="ˈflaʊə">flower</w>
         <pc xml:id="bhw18-392340"
             n="a-1660"
             ecep:lem=":"
             ecep:pos=":"
             ecep:reg=":"
             ecep:spe=":">:</pc>
         <c> </c>
         <pc xml:id="bhw18-392350"
             n="a-1670"
             ecep:lem="—"
             ecep:pos="—"
             ecep:reg="—"
             ecep:spe="—">—</pc>
      </l>
      <l rendition="#h_3" xml:id="bhw18-l16180">
         <c> </c>
         <w xml:id="bhw18-392360"
            n="a-1680"
            ecep:lem="but"
            ecep:pos="cc-acp"
            ecep:reg="But"
            ecep:spe="But"
            ecep:syllab="1"
            ecep:pron="bʌt">But</w>
         <c> </c>
         <w xml:id="bhw18-392370"
            n="a-1690"
            ecep:lem="ah"
            ecep:pos="uh"
            ecep:reg="ah"
            ecep:spe="ah"
            ecep:syllab="1"
            ecep:pron="ɑː">ah</w>
         <pc xml:id="bhw18-392380"
             n="a-1700"
             ecep:lem="!"
             ecep:pos="!"
             ecep:reg="!"
             ecep:spe="!">!</pc>
         <c> </c>
         <w xml:id="bhw18-392390"
            n="a-1710"
            ecep:lem="since"
            ecep:pos="p-acp"
            ecep:reg="since"
            ecep:spe="since"
            ecep:syllab="1"
            ecep:pron="sɪns">since</w>
         <c> </c>
         <w xml:id="bhw18-392400"
            n="a-1720"
            ecep:lem="love"
            ecep:pos="n1"
            ecep:reg="Love"
            ecep:spe="Love"
            ecep:syllab="1"
            ecep:pron="lʌv">Love</w>
         <c> </c>
         <w xml:id="bhw18-392410"
            n="a-1730"
            ecep:lem="have"
            ecep:pos="vhz"
            ecep:reg="has"
            ecep:spe="has"
            ecep:syllab="1"
            ecep:pron="hæz">has</w>
         <c> </c>
         <w xml:id="bhw18-392420"
            n="a-1740"
            ecep:lem="all"
            ecep:pos="d"
            ecep:reg="all"
            ecep:spe="all"
            ecep:syllab="1"
            ecep:pron="ɔːl">all</w>
         <c> </c>
         <w xml:id="bhw18-392430"
            n="a-1750"
            ecep:lem="my"
            ecep:pos="po11"
            ecep:reg="my"
            ecep:spe="my"
            ecep:syllab="1"
            ecep:pron="maɪ">my</w>
         <c> </c>
         <w xml:id="bhw18-392440"
            n="a-1760"
            ecep:lem="heart"
            ecep:pos="n1"
            ecep:reg="heart"
            ecep:spe="heart"
            ecep:syllab="1"
            ecep:pron="hɑːt">heart</w>
         <c> </c>
         <w xml:id="bhw18-392450"
            n="a-1770"
            ecep:lem="possess"
            ecep:pos="vvd"
            ecep:reg="possessed"
            ecep:spe="possest"
            ecep:syllab="2"
            ecep:pron="pəˈzest">possest</w>
         <pc xml:id="bhw18-392460"
             n="a-1780"
             ecep:lem=","
             ecep:pos=","
             ecep:reg=","
             ecep:spe=",">,</pc>
      </l>
      <l xml:id="bhw18-l16185">
         <c> </c>
         <w xml:id="bhw18-392470"
            n="a-1790"
            ecep:lem="that"
            ecep:pos="cst"
            ecep:reg="That"
            ecep:spe="That"
            ecep:syllab="1"
            ecep:pron="ðæt">That</w>
         <c> </c>
         <w xml:id="bhw18-392480"
            n="a-1800"
            ecep:lem="desolate"
            ecep:pos="j-vvn"
            ecep:reg="desolated"
            ecep:spe="desolated"
            ecep:syllab="4"
            ecep:pron="ˈdesəleɪtɪd">desolated</w>
         <c> </c>
         <w xml:id="bhw18-392490"
            n="a-1810"
            ecep:lem="heart"
            ecep:pos="n1"
            ecep:reg="heart"
            ecep:spe="heart"
            ecep:syllab="1"
            ecep:pron="hɑːt">heart</w>
         <c> </c>
         <w xml:id="bhw18-392500"
            n="a-1820"
            ecep:lem="what"
            ecep:pos="r-crq"
            ecep:reg="what"
            ecep:spe="what"
            ecep:syllab="1"
            ecep:pron="wɒt">what</w>
         <c> </c>
         <w xml:id="bhw18-392510"
            n="a-1830"
            ecep:lem="sorrow"
            ecep:pos="n2"
            ecep:reg="sorrows"
            ecep:spe="sorrows"
            ecep:syllab="2"
            ecep:pron="ˈsɒrəʊz">sorrows</w>
         <c> </c>
         <w xml:id="bhw18-392520"
            n="a-1840"
            ecep:lem="tear"
            ecep:pos="vvb"
            ecep:reg="tear"
            ecep:spe="tear"
            ecep:syllab="1"
            ecep:pron="teə">tear</w>
         <pc xml:id="bhw18-392530"
             n="a-1850"
             unit="sentence"
             ecep:lem="!"
             ecep:pos="!"
             ecep:reg="!"
             ecep:spe="!">!</pc>
         <c> </c>
      </l>
      <l rendition="#h_3" xml:id="bhw18-l16190">
         <w xml:id="bhw18-392540"
            n="a-1860"
            ecep:lem="disturb"
            ecep:pos="vvn"
            ecep:reg="Disturbed"
            ecep:spe="Disturb'd"
            ecep:syllab="2"
            ecep:pron="dɪˈstɜːbd">Disturb'd</w>
         <pc xml:id="bhw18-392550"
             n="a-1870"
             ecep:lem=","
             ecep:pos=","
             ecep:reg=","
             ecep:spe=",">,</pc>
         <c> </c>
         <w xml:id="bhw18-392560"
            n="a-1880"
            ecep:lem="and"
            ecep:pos="cc"
            ecep:reg="and"
            ecep:spe="and"
            ecep:syllab="1"
            ecep:pron="ænd">and</w>
         <c> </c>
         <w xml:id="bhw18-392570"
            n="a-1890"
            ecep:lem="wild"
            ecep:pos="j"
            ecep:reg="wild"
            ecep:spe="wild"
            ecep:syllab="1"
            ecep:pron="waɪld">wild</w>
         <c> </c>
         <w xml:id="bhw18-392580"
            n="a-1900"
            ecep:lem="as"
            ecep:pos="c-acp"
            ecep:reg="as"
            ecep:spe="as"
            ecep:syllab="1"
            ecep:pron="æz">as</w>
         <c> </c>
         <w xml:id="bhw18-392590"
            n="a-1910"
            ecep:lem="ocean"
            ecep:pos="ng1"
            ecep:reg="ocean's"
            ecep:spe="ocean's"
            ecep:syllab="2"
            ecep:pron="ˈəʊʃnz">ocean's</w>
         <c> </c>
         <w xml:id="bhw18-392600"
            n="a-1920"
            ecep:lem="trouble"
            ecep:pos="j-vvn"
            ecep:reg="troubled"
            ecep:spe="troubled"
            ecep:syllab="2"
            ecep:pron="ˈtrʌbld">troubled</w>
         <c> </c>
         <w xml:id="bhw18-392610"
            n="a-1930"
            ecep:lem="breast"
            ecep:pos="n1"
            ecep:reg="breast"
            ecep:spe="breast"
            ecep:syllab="1"
            ecep:pron="brest">breast</w>
         <pc xml:id="bhw18-392620"
             n="a-1940"
             ecep:lem=","
             ecep:pos=","
             ecep:reg=","
             ecep:spe=",">,</pc>
      </l>
      <l xml:id="bhw18-l16195">
         <c> </c>
         <w xml:id="bhw18-392630"
            n="a-1950"
            ecep:lem="when"
            ecep:pos="c-crq"
            ecep:reg="When"
            ecep:spe="When"
            ecep:syllab="1"
            ecep:pron="wen">When</w>
         <c> </c>
         <w xml:id="bhw18-392640"
            n="a-1960"
            ecep:lem="the"
            ecep:pos="dt"
            ecep:reg="the"
            ecep:spe="the"
            ecep:syllab="1"
            ecep:pron="ðiː">the</w>
         <c> </c>
         <w xml:id="bhw18-392650"
            n="a-1970"
            ecep:lem="hoarse"
            ecep:pos="j"
            ecep:reg="hoarse"
            ecep:spe="hoarse"
            ecep:syllab="1"
            ecep:pron="hɔːs">hoarse</w>
         <c> </c>
         <w xml:id="bhw18-392660"
            n="a-1980"
            ecep:lem="tempest"
            ecep:pos="n1"
            ecep:reg="tempest"
            ecep:spe="tempest"
            ecep:syllab="2"
            ecep:pron="ˈtempɪst">tempest</w>
         <c> </c>
         <w xml:id="bhw18-392670"
            n="a-1990"
            ecep:lem="of"
            ecep:pos="pp-f"
            ecep:reg="of"
            ecep:spe="of"
            ecep:syllab="1"
            ecep:pron="ɒv">of</w>
         <c> </c>
         <w xml:id="bhw18-392680"
            n="a-2000"
            ecep:lem="the"
            ecep:pos="dt"
            ecep:reg="the"
            ecep:spe="the"
            ecep:syllab="1"
            ecep:pron="ðiː">the</w>
         <c> </c>
         <w xml:id="bhw18-392690"
            n="a-2010"
            ecep:lem="night"
            ecep:pos="n1"
            ecep:reg="night"
            ecep:spe="night"
            ecep:syllab="1"
            ecep:pron="naɪt">night</w>
         <c> </c>
         <w xml:id="bhw18-392700"
            n="a-2020"
            ecep:lem="be"
            ecep:pos="vbz"
            ecep:reg="is"
            ecep:spe="is"
            ecep:syllab="1"
            ecep:pron="ɪz">is</w>
         <c> </c>
         <w xml:id="bhw18-392710"
            n="a-2030"
            ecep:lem="there"
            ecep:pos="a-acp"
            ecep:reg="there"
            ecep:spe="there"
            ecep:syllab="1"
            ecep:pron="ðeə">there</w>
         <pc xml:id="bhw18-392720"
             n="a-2040"
             unit="sentence"
             ecep:lem="!"
             ecep:pos="!"
             ecep:reg="!"
             ecep:spe="!">!</pc>
         <c> </c>
      </l>
      <l rendition="#h_3" xml:id="bhw18-l16200">
         <w xml:id="bhw18-392730"
            n="a-2050"
            ecep:lem="yet"
            ecep:pos="av"
            ecep:reg="Yet"
            ecep:spe="Yet"
            ecep:syllab="1"
            ecep:pron="jet">Yet</w>
         <c> </c>
         <w xml:id="bhw18-392740"
            n="a-2060"
            ecep:lem="my"
            ecep:pos="po11"
            ecep:reg="my"
            ecep:spe="my"
            ecep:syllab="1"
            ecep:pron="maɪ">my</w>
         <c> </c>
         <w xml:id="bhw18-392750"
            n="a-2070"
            ecep:lem="complain"
            ecep:pos="j-vvg"
            ecep:reg="complaining"
            ecep:spe="complaining"
            ecep:syllab="3"
            ecep:pron="kəmˈpleɪnɪŋ">complaining</w>
         <c> </c>
         <w xml:id="bhw18-392760"
            n="a-2080"
            ecep:lem="spirit"
            ecep:pos="n1"
            ecep:reg="spirit"
            ecep:spe="spirit"
            ecep:syllab="2"
            ecep:pron="ˈspɪrɪt">spirit</w>
         <c> </c>
         <w xml:id="bhw18-392770"
            n="a-2090"
            ecep:lem="ask"
            ecep:pos="vvz"
            ecep:reg="asks"
            ecep:spe="asks"
            ecep:syllab="1"
            ecep:pron="ɑːsks">asks</w>
         <c> </c>
         <w xml:id="bhw18-392780"
            n="a-2100"
            ecep:lem="no"
            ecep:pos="dx"
            ecep:reg="no"
            ecep:spe="no"
            ecep:syllab="1"
            ecep:pron="nəʊ">no</w>
         <c> </c>
         <w xml:id="bhw18-392790"
            n="a-2110"
            ecep:lem="rest"
            ecep:pos="n1"
            ecep:reg="rest"
            ecep:spe="rest"
            ecep:syllab="1"
            ecep:pron="rest">rest</w>
         <pc xml:id="bhw18-392800"
             n="a-2120"
             ecep:lem=","
             ecep:pos=","
             ecep:reg=","
             ecep:spe=",">,</pc>
      </l>
      <l xml:id="bhw18-l16205">
         <c> </c>
         <w xml:id="bhw18-392810"
            n="a-2130"
            ecep:lem="this"
            ecep:pos="d"
            ecep:reg="This"
            ecep:spe="This"
            ecep:syllab="1"
            ecep:pron="ðɪs">This</w>
         <c> </c>
         <w xml:id="bhw18-392820"
            n="a-2140"
            ecep:lem="bleed"
            ecep:pos="j-vvg"
            ecep:reg="bleeding"
            ecep:spe="bleeding"
            ecep:syllab="2"
            ecep:pron="ˈbliːdɪŋ">bleeding</w>
         <c> </c>
         <w xml:id="bhw18-392830"
            n="a-2150"
            ecep:lem="bosom"
            ecep:pos="n1"
            ecep:reg="bosom"
            ecep:spe="bosom"
            ecep:syllab="2"
            ecep:pron="ˈbʊzəm">bosom</w>
         <c> </c>
         <w xml:id="bhw18-392840"
            n="a-2160"
            ecep:lem="cherish"
            ecep:pos="vvz"
            ecep:reg="cherishes"
            ecep:spe="cherishes"
            ecep:syllab="3"
            ecep:pron="ˈtʃerɪʃɪz">cherishes</w>
         <c> </c>
         <w xml:id="bhw18-392850"
            n="a-2170"
            ecep:lem="despair"
            ecep:pos="n1"
            ecep:reg="despair"
            ecep:spe="despair"
            ecep:syllab="2"
            ecep:pron="dɪˈspeə">despair</w>
         <pc xml:id="bhw18-392860"
             n="a-2180"
             unit="sentence"
             ecep:lem="."
             ecep:pos="."
             ecep:reg="."
             ecep:spe=".">.</pc>
         <c> </c>
      </l>
   </lg>
</div>
