<?xml version="1.0" encoding="UTF-8"?>
<?xml-model href="../tei_all.rnc" type="application/relax-ng-compact-syntax"?>
<TEI xmlns="http://www.tei-c.org/ns/1.0">
   <teiHeader>
      <fileDesc>
         <titleStmt>
            <title corresp="#txt_BlamSu1747_w0045">WHEN THE SOFT TEAR STEALS SILENTLY.</title>
            <author corresp="authors.xml#aut_BlamSu1747">Susanna Blamire</author>
            <respStmt>
               <name xml:id="AH">Alexander Huber</name>
               <resp>Editor</resp>
            </respStmt>
            <funder>
               <name type="institution" xml:id="BOD">Bodleian Libraries, University of Oxford</name>
               <address>
                  <addrLine>Broad Street</addrLine>
                  <addrLine>Oxford OX1 3BG</addrLine>
                  <addrLine>UK</addrLine>
               </address>
            </funder>
         </titleStmt>
         <publicationStmt>
            <publisher xml:id="ECPA">Eighteenth-Century Poetry Archive</publisher>
            <address>
               <addrLine>Taylor Institution Library</addrLine>
               <addrLine>St Giles'</addrLine>
               <addrLine>Oxford OX1 3NA</addrLine>
               <addrLine>UK</addrLine>
               <addrLine>
                  <email>info@eighteenthcenturypoetry.org</email>
               </addrLine>
               <addrLine>
                  <ref target="https://www.eighteenthcenturypoetry.org/">https://www.eighteenthcenturypoetry.org/</ref>
               </addrLine>
            </address>
            <pubPlace>Oxford</pubPlace>
            <availability status="restricted">
               <licence target="http://creativecommons.org/licenses/by-sa/3.0/">This work is licensed under a Creative Commons Attribution-ShareAlike 3.0 Unported License.</licence>
            </availability>
         </publicationStmt>
         <sourceDesc>
            <bibl>
               <author>Blamire, Susanna, 1747-1794.</author>
               <title>The Poetical Works of Miss Susanna Blamire “The muse of Cumberland.” Now for the first time collected by Henry Lonsdale, M.D. with a preface, memoir, and notes by Patrick Maxwell, ...</title>
               <pubPlace>Edinburgh</pubPlace>
               <publisher>John Menzies, 61 Princes Street; R. Tyas, London; D. Robertson, Glasgow; and C. Thurnam, Carlisle. MDCCCXLII.</publisher>
               <date>1842</date>
               <biblScope>pp. 186-187.</biblScope>
               <extent/>
            </bibl>
         </sourceDesc>
      </fileDesc>
      <encodingDesc>
         <projectDesc>
            <p>This e-text is part of the Works section of the Eighteenth-Century Poetry Archive (ECPA).</p>
            <p>XML created for the Eighteenth-Century Poetry Archive (ECPA).</p>
         </projectDesc>
         <editorialDecl>
            <p>Typography, spelling, capitalization, and punctuation have been cautiously modernized. The source of the text is given and all significant
						editorial interventions have been recorded in textual notes. This  text has been edited to conform to the recommendations found 
						in Level 5 of the
						Best Practices for TEI in Libraries version 4.0.0.
					</p>
         </editorialDecl>
         <classDecl>
            <taxonomy xml:id="LCNAF">
               <bibl>Library of Congress Name Authority File (<abbr>LCNAF</abbr>)</bibl>
            </taxonomy>
         </classDecl>
         <tagsDecl>
            <rendition n="linegroups indented" xml:id="lgindent" scheme="css">text-indent: 1em;</rendition>
            <rendition n="linegroups vertically spaced" xml:id="lgvspace" scheme="css">margin-bottom: 1em;</rendition>
            <rendition n="aligned centrally" xml:id="align-center" scheme="css">text-align: center;</rendition>
            <rendition n="aligned right" xml:id="align-right" scheme="css">text-align: right;</rendition>
            <rendition n="aligned left" xml:id="align-left" scheme="css">text-align: left;</rendition>
            <rendition n="inline" xml:id="inline" scheme="css">display: inline</rendition>
            <rendition n="italic" xml:id="i" scheme="css">font-style: italic;</rendition>
            <rendition n="bold" xml:id="b" scheme="css">font-weight: bold;</rendition>
         </tagsDecl>
      </encodingDesc>
   </teiHeader>
   <text>
      <body>
         <div xmlns:ecep="http://www.eighteenthcenturypoetry.org/ns"
              ana="#anapaest #tetrameter #pair #quatrain #acephal #song"
              corresp="#txt_BlamSu1747_w0045"
              decls="#semi-normalized"
              ecep:syllab="12.12.12.12"
              met="--+|--+|--+|--+/ --+|--+|--+|--+/ --+|--+|--+|--+/ --+|--+|--+|--+/"
              rendition="#lgvspace"
              rhyme="aabb"
              subtype="eceptext"
              type="poem"
              xml:id="bsb18-w0450">
            <link target="authors.xml#aut_BlamSu1747" type="author"/>
            <head type="main">
               <w xmlns:ecep="http://www.eighteenthcenturypoetry.org/ns"
                  xml:id="bsb18-566260"
                  n="a-1800"
                  ecep:lem="when"
                  ecep:pos="c-crq"
                  ecep:reg="WHEN"
                  ecep:spe="WHEN"
                  ecep:syllab="1"
                  ecep:pron="wen">WHEN</w>
               <c> </c>
               <w xmlns:ecep="http://www.eighteenthcenturypoetry.org/ns"
                  xml:id="bsb18-566270"
                  n="a-1810"
                  ecep:lem="the"
                  ecep:pos="dt"
                  ecep:reg="THE"
                  ecep:spe="THE"
                  ecep:syllab="1"
                  ecep:pron="ðiː">THE</w>
               <c> </c>
               <w xmlns:ecep="http://www.eighteenthcenturypoetry.org/ns"
                  xml:id="bsb18-566280"
                  n="a-1820"
                  ecep:lem="soft"
                  ecep:pos="j"
                  ecep:reg="SOFT"
                  ecep:spe="SOFT"
                  ecep:syllab="1"
                  ecep:pron="sɒft">SOFT</w>
               <c> </c>
               <w xmlns:ecep="http://www.eighteenthcenturypoetry.org/ns"
                  xml:id="bsb18-566290"
                  n="a-1830"
                  ecep:lem="tear"
                  ecep:pos="n1"
                  ecep:reg="TEAR"
                  ecep:spe="TEAR"
                  ecep:syllab="1"
                  ecep:pron="tɪə">TEAR</w>
               <c> </c>
               <w xmlns:ecep="http://www.eighteenthcenturypoetry.org/ns"
                  xml:id="bsb18-566300"
                  n="a-1840"
                  ecep:lem="steal"
                  ecep:pos="vvz"
                  ecep:reg="STEALS"
                  ecep:spe="STEALS"
                  ecep:syllab="1"
                  ecep:pron="stiːlz">STEALS</w>
               <c> </c>
               <w xmlns:ecep="http://www.eighteenthcenturypoetry.org/ns"
                  xml:id="bsb18-566310"
                  n="a-1850"
                  ecep:lem="silent"
                  ecep:pos="av-j"
                  ecep:reg="SILENTLY"
                  ecep:spe="SILENTLY"
                  ecep:syllab="3"
                  ecep:pron="ˈsaɪləntli">SILENTLY</w>
               <pc xmlns:ecep="http://www.eighteenthcenturypoetry.org/ns"
                   xml:id="bsb18-566320"
                   n="a-1860"
                   unit="sentence"
                   ecep:lem="."
                   ecep:pos="."
                   ecep:reg="."
                   ecep:spe=".">.</pc>
            </head>
            <lg xml:id="bsb18-s01230">
               <l xml:id="bsb18-l25320">
                  <w xmlns:ecep="http://www.eighteenthcenturypoetry.org/ns"
                     xml:id="bsb18-566350"
                     n="a-1870"
                     ecep:lem="when"
                     ecep:pos="c-crq"
                     ecep:reg="WHEN"
                     ecep:spe="WHEN"
                     ecep:syllab="1"
                     ecep:pron="wen">WHEN</w>
                  <c> </c>
                  <w xmlns:ecep="http://www.eighteenthcenturypoetry.org/ns"
                     xml:id="bsb18-566360"
                     n="a-1880"
                     ecep:lem="the"
                     ecep:pos="dt"
                     ecep:reg="the"
                     ecep:spe="the"
                     ecep:syllab="1"
                     ecep:pron="ðiː">the</w>
                  <c> </c>
                  <w xmlns:ecep="http://www.eighteenthcenturypoetry.org/ns"
                     xml:id="bsb18-566370"
                     n="a-1890"
                     ecep:lem="soft"
                     ecep:pos="j"
                     ecep:reg="soft"
                     ecep:spe="soft"
                     ecep:syllab="1"
                     ecep:pron="sɒft">soft</w>
                  <c> </c>
                  <w xmlns:ecep="http://www.eighteenthcenturypoetry.org/ns"
                     xml:id="bsb18-566380"
                     n="a-1900"
                     ecep:lem="tear"
                     ecep:pos="n1"
                     ecep:reg="tear"
                     ecep:spe="tear"
                     ecep:syllab="1"
                     ecep:pron="tɪə">tear</w>
                  <c> </c>
                  <w xmlns:ecep="http://www.eighteenthcenturypoetry.org/ns"
                     xml:id="bsb18-566390"
                     n="a-1910"
                     ecep:lem="steal"
                     ecep:pos="vvz"
                     ecep:reg="steals"
                     ecep:spe="steals"
                     ecep:syllab="1"
                     ecep:pron="stiːlz">steals</w>
                  <c> </c>
                  <w xmlns:ecep="http://www.eighteenthcenturypoetry.org/ns"
                     xml:id="bsb18-566400"
                     n="a-1920"
                     ecep:lem="silent"
                     ecep:pos="av-j"
                     ecep:reg="silently"
                     ecep:spe="silently"
                     ecep:syllab="3"
                     ecep:pron="ˈsaɪləntli">silently</w>
                  <c> </c>
                  <w xmlns:ecep="http://www.eighteenthcenturypoetry.org/ns"
                     xml:id="bsb18-566410"
                     n="a-1930"
                     ecep:lem="down"
                     ecep:pos="a-acp"
                     ecep:reg="down"
                     ecep:spe="down"
                     ecep:syllab="1"
                     ecep:pron="daʊn">down</w>
                  <c> </c>
                  <w xmlns:ecep="http://www.eighteenthcenturypoetry.org/ns"
                     xml:id="bsb18-566420"
                     n="a-1940"
                     ecep:lem="from"
                     ecep:pos="p-acp"
                     ecep:reg="from"
                     ecep:spe="from"
                     ecep:syllab="1"
                     ecep:pron="frɒm">from</w>
                  <c> </c>
                  <w xmlns:ecep="http://www.eighteenthcenturypoetry.org/ns"
                     xml:id="bsb18-566430"
                     n="a-1950"
                     ecep:lem="the"
                     ecep:pos="dt"
                     ecep:reg="the"
                     ecep:spe="the"
                     ecep:syllab="1"
                     ecep:pron="ðiː">the</w>
                  <c> </c>
                  <w xmlns:ecep="http://www.eighteenthcenturypoetry.org/ns"
                     xml:id="bsb18-566440"
                     n="a-1960"
                     ecep:lem="eye"
                     ecep:pos="n1"
                     ecep:reg="eye"
                     ecep:spe="eye"
                     ecep:syllab="1"
                     ecep:pron="aɪ">eye</w>
                  <pc xmlns:ecep="http://www.eighteenthcenturypoetry.org/ns"
                      xml:id="bsb18-566450"
                      n="a-1970"
                      ecep:lem=","
                      ecep:pos=","
                      ecep:reg=","
                      ecep:spe=",">,</pc>
               </l>
               <l xml:id="bsb18-l25325">
                  <c> </c>
                  <w xmlns:ecep="http://www.eighteenthcenturypoetry.org/ns"
                     xml:id="bsb18-566460"
                     n="a-1980"
                     ecep:lem="take"
                     ecep:pos="vvb"
                     ecep:reg="Take"
                     ecep:spe="Take"
                     ecep:syllab="1"
                     ecep:pron="teɪk">Take</w>
                  <c> </c>
                  <w xmlns:ecep="http://www.eighteenthcenturypoetry.org/ns"
                     xml:id="bsb18-566470"
                     n="a-1990"
                     ecep:lem="no"
                     ecep:pos="dx"
                     ecep:reg="no"
                     ecep:spe="no"
                     ecep:syllab="1"
                     ecep:pron="nəʊ">no</w>
                  <c> </c>
                  <w xmlns:ecep="http://www.eighteenthcenturypoetry.org/ns"
                     xml:id="bsb18-566480"
                     n="a-2000"
                     ecep:lem="note"
                     ecep:pos="n1"
                     ecep:reg="note"
                     ecep:spe="note"
                     ecep:syllab="1"
                     ecep:pron="nəʊt">note</w>
                  <c> </c>
                  <w xmlns:ecep="http://www.eighteenthcenturypoetry.org/ns"
                     xml:id="bsb18-566490"
                     n="a-2010"
                     ecep:lem="of"
                     ecep:pos="pp-f"
                     ecep:reg="of"
                     ecep:spe="of"
                     ecep:syllab="1"
                     ecep:pron="ɒv">of</w>
                  <c> </c>
                  <w xmlns:ecep="http://www.eighteenthcenturypoetry.org/ns"
                     xml:id="bsb18-566500"
                     n="a-2020"
                     ecep:lem="its"
                     ecep:pos="po31"
                     ecep:reg="its"
                     ecep:spe="its"
                     ecep:syllab="1"
                     ecep:pron="ɪts">its</w>
                  <c> </c>
                  <w xmlns:ecep="http://www.eighteenthcenturypoetry.org/ns"
                     xml:id="bsb18-566510"
                     n="a-2030"
                     ecep:lem="course"
                     ecep:pos="n1"
                     ecep:reg="course"
                     ecep:spe="course"
                     ecep:syllab="1"
                     ecep:pron="kɔːs">course</w>
                  <pc xmlns:ecep="http://www.eighteenthcenturypoetry.org/ns"
                      xml:id="bsb18-566520"
                      n="a-2040"
                      ecep:lem=","
                      ecep:pos=","
                      ecep:reg=","
                      ecep:spe=",">,</pc>
                  <c> </c>
                  <w xmlns:ecep="http://www.eighteenthcenturypoetry.org/ns"
                     xml:id="bsb18-566530"
                     n="a-2050"
                     ecep:lem="nor"
                     ecep:pos="ccx"
                     ecep:reg="nor"
                     ecep:spe="nor"
                     ecep:syllab="1"
                     ecep:pron="nɔː">nor</w>
                  <c> </c>
                  <w xmlns:ecep="http://www.eighteenthcenturypoetry.org/ns"
                     xml:id="bsb18-566540"
                     n="a-2060"
                     ecep:lem="detect"
                     ecep:pos="vvi"
                     ecep:reg="detect"
                     ecep:spe="detect"
                     ecep:syllab="2"
                     ecep:pron="dɪˈtekt">detect</w>
                  <c> </c>
                  <w xmlns:ecep="http://www.eighteenthcenturypoetry.org/ns"
                     xml:id="bsb18-566550"
                     n="a-2070"
                     ecep:lem="the"
                     ecep:pos="dt"
                     ecep:reg="the"
                     ecep:spe="the"
                     ecep:syllab="1"
                     ecep:pron="ðiː">the</w>
                  <c> </c>
                  <w xmlns:ecep="http://www.eighteenthcenturypoetry.org/ns"
                     xml:id="bsb18-566560"
                     n="a-2080"
                     ecep:lem="slow"
                     ecep:pos="j"
                     ecep:reg="slow"
                     ecep:spe="slow"
                     ecep:syllab="1"
                     ecep:pron="sləʊ">slow</w>
                  <c> </c>
                  <w xmlns:ecep="http://www.eighteenthcenturypoetry.org/ns"
                     xml:id="bsb18-566570"
                     n="a-2090"
                     ecep:lem="sigh"
                     ecep:pos="n1"
                     ecep:reg="sigh"
                     ecep:spe="sigh"
                     ecep:syllab="1"
                     ecep:pron="saɪ">sigh</w>
                  <pc xmlns:ecep="http://www.eighteenthcenturypoetry.org/ns"
                      xml:id="bsb18-566580"
                      n="a-2100"
                      ecep:lem=";"
                      ecep:pos=";"
                      ecep:reg=";"
                      ecep:spe=";">;</pc>
               </l>
               <l xml:id="bsb18-l25330">
                  <c> </c>
                  <w xmlns:ecep="http://www.eighteenthcenturypoetry.org/ns"
                     xml:id="bsb18-566590"
                     n="a-2110"
                     ecep:lem="from"
                     ecep:pos="p-acp"
                     ecep:reg="From"
                     ecep:spe="From"
                     ecep:syllab="1"
                     ecep:pron="frɒm">From</w>
                  <c> </c>
                  <w xmlns:ecep="http://www.eighteenthcenturypoetry.org/ns"
                     xml:id="bsb18-566600"
                     n="a-2120"
                     ecep:lem="some"
                     ecep:pos="d"
                     ecep:reg="some"
                     ecep:spe="some"
                     ecep:syllab="1"
                     ecep:pron="sʌm">some</w>
                  <c> </c>
                  <w xmlns:ecep="http://www.eighteenthcenturypoetry.org/ns"
                     xml:id="bsb18-566610"
                     n="a-2130"
                     ecep:lem="spring"
                     ecep:pos="n1"
                     ecep:reg="spring"
                     ecep:spe="spring"
                     ecep:syllab="1"
                     ecep:pron="sprɪŋ">spring</w>
                  <c> </c>
                  <w xmlns:ecep="http://www.eighteenthcenturypoetry.org/ns"
                     xml:id="bsb18-566620"
                     n="a-2140"
                     ecep:lem="of"
                     ecep:pos="pp-f"
                     ecep:reg="of"
                     ecep:spe="of"
                     ecep:syllab="1"
                     ecep:pron="ɒv">of</w>
                  <c> </c>
                  <w xmlns:ecep="http://www.eighteenthcenturypoetry.org/ns"
                     xml:id="bsb18-566630"
                     n="a-2150"
                     ecep:lem="shy"
                     ecep:pos="j"
                     ecep:reg="shy"
                     ecep:spe="shy"
                     ecep:syllab="1"
                     ecep:pron="ʃaɪ">shy</w>
                  <c> </c>
                  <w xmlns:ecep="http://www.eighteenthcenturypoetry.org/ns"
                     xml:id="bsb18-566640"
                     n="a-2160"
                     ecep:lem="sorrow"
                     ecep:pos="n1"
                     ecep:reg="sorrow"
                     ecep:spe="sorrow"
                     ecep:syllab="2"
                     ecep:pron="ˈsɒrəʊ">sorrow</w>
                  <c> </c>
                  <w xmlns:ecep="http://www.eighteenthcenturypoetry.org/ns"
                     xml:id="bsb18-566650"
                     n="a-2170"
                     ecep:lem="its"
                     ecep:pos="po31"
                     ecep:reg="its"
                     ecep:spe="its"
                     ecep:syllab="1"
                     ecep:pron="ɪts">its</w>
                  <c> </c>
                  <w xmlns:ecep="http://www.eighteenthcenturypoetry.org/ns"
                     xml:id="bsb18-566660"
                     n="a-2180"
                     ecep:lem="origin"
                     ecep:pos="n1"
                     ecep:reg="origin"
                     ecep:spe="origin"
                     ecep:syllab="3"
                     ecep:pron="ˈɒrɪdʒɪn">origin</w>
                  <c> </c>
                  <w xmlns:ecep="http://www.eighteenthcenturypoetry.org/ns"
                     xml:id="bsb18-566670"
                     n="a-2190"
                     ecep:lem="flow"
                     ecep:pos="vvz"
                     ecep:reg="flows"
                     ecep:spe="flows"
                     ecep:syllab="1"
                     ecep:pron="fləʊz">flows</w>
                  <pc xmlns:ecep="http://www.eighteenthcenturypoetry.org/ns"
                      xml:id="bsb18-566680"
                      n="a-2200"
                      ecep:lem=","
                      ecep:pos=","
                      ecep:reg=","
                      ecep:spe=",">,</pc>
               </l>
               <l xml:id="bsb18-l25335">
                  <c> </c>
                  <w xmlns:ecep="http://www.eighteenthcenturypoetry.org/ns"
                     xml:id="bsb18-566690"
                     n="a-2210"
                     ecep:lem="some"
                     ecep:pos="d"
                     ecep:reg="Some"
                     ecep:spe="Some"
                     ecep:syllab="1"
                     ecep:pron="sʌm">Some</w>
                  <c> </c>
                  <w xmlns:ecep="http://www.eighteenthcenturypoetry.org/ns"
                     xml:id="bsb18-566700"
                     n="a-2220"
                     ecep:lem="tender"
                     ecep:pos="j"
                     ecep:reg="tender"
                     ecep:spe="tender"
                     ecep:syllab="2"
                     ecep:pron="ˈtendə">tender</w>
                  <c> </c>
                  <w xmlns:ecep="http://www.eighteenthcenturypoetry.org/ns"
                     xml:id="bsb18-566710"
                     n="a-2230"
                     ecep:lem="remembrance"
                     ecep:pos="n1"
                     ecep:reg="remembrance"
                     ecep:spe="remembrance"
                     ecep:syllab="3"
                     ecep:pron="rɪˈmembrns">remembrance</w>
                  <c> </c>
                  <w xmlns:ecep="http://www.eighteenthcenturypoetry.org/ns"
                     xml:id="bsb18-566720"
                     n="a-2240"
                     ecep:lem="that"
                     ecep:pos="cst"
                     ecep:reg="that"
                     ecep:spe="that"
                     ecep:syllab="1"
                     ecep:pron="ðæt">that</w>
                  <c> </c>
                  <w xmlns:ecep="http://www.eighteenthcenturypoetry.org/ns"
                     xml:id="bsb18-566730"
                     n="a-2250"
                     ecep:lem="weep"
                     ecep:pos="vvz"
                     ecep:reg="weeps"
                     ecep:spe="weeps"
                     ecep:syllab="1"
                     ecep:pron="wiːps">weeps</w>
                  <c> </c>
                  <w xmlns:ecep="http://www.eighteenthcenturypoetry.org/ns"
                     xml:id="bsb18-566740"
                     n="a-2260"
                     ecep:lem="as"
                     ecep:pos="p-acp"
                     ecep:reg="as"
                     ecep:spe="as"
                     ecep:syllab="1"
                     ecep:pron="æz">as</w>
                  <c> </c>
                  <w xmlns:ecep="http://www.eighteenthcenturypoetry.org/ns"
                     xml:id="bsb18-566750"
                     n="a-2270"
                     ecep:lem="it"
                     ecep:pos="pn31"
                     ecep:reg="it"
                     ecep:spe="it"
                     ecep:syllab="1"
                     ecep:pron="ɪt">it</w>
                  <c> </c>
                  <w xmlns:ecep="http://www.eighteenthcenturypoetry.org/ns"
                     xml:id="bsb18-566760"
                     n="a-2280"
                     ecep:lem="go"
                     ecep:pos="vvz"
                     ecep:reg="goes"
                     ecep:spe="goes"
                     ecep:syllab="1"
                     ecep:pron="gəʊz">goes</w>
                  <pc xmlns:ecep="http://www.eighteenthcenturypoetry.org/ns"
                      xml:id="bsb18-566770"
                      n="a-2290"
                      unit="sentence"
                      ecep:lem="."
                      ecep:pos="."
                      ecep:reg="."
                      ecep:spe=".">.</pc>
                  <c> </c>
               </l>
            </lg>
            <pb facs="bsb18/0239" n="187" rend="none"/>
            <lg xml:id="bsb18-s01235">
               <l xml:id="bsb18-l25340">
                  <w xmlns:ecep="http://www.eighteenthcenturypoetry.org/ns"
                     xml:id="bsb18-566800"
                     n="a-0010"
                     ecep:lem="ah"
                     ecep:pos="uh"
                     ecep:reg="Ah"
                     ecep:spe="Ah"
                     ecep:syllab="1"
                     ecep:pron="ɑː">Ah</w>
                  <pc xmlns:ecep="http://www.eighteenthcenturypoetry.org/ns"
                      xml:id="bsb18-566805"
                      n="a-0010"
                      ecep:lem="!"
                      ecep:pos="!"
                      ecep:reg="!"
                      ecep:spe="!">!</pc>
                  <c> </c>
                  <w xmlns:ecep="http://www.eighteenthcenturypoetry.org/ns"
                     xml:id="bsb18-566810"
                     n="a-0020"
                     ecep:lem="it"
                     ecep:pos="pn31"
                     ecep:reg="it"
                     ecep:spe="it"
                     ecep:syllab="1"
                     ecep:pron="ɪt">it</w>
                  <c> </c>
                  <w xmlns:ecep="http://www.eighteenthcenturypoetry.org/ns"
                     xml:id="bsb18-566820"
                     n="a-0030"
                     ecep:lem="be"
                     ecep:pos="vbz"
                     ecep:reg="is"
                     ecep:spe="is"
                     ecep:syllab="1"
                     ecep:pron="ɪz">is</w>
                  <c> </c>
                  <w xmlns:ecep="http://www.eighteenthcenturypoetry.org/ns"
                     xml:id="bsb18-566830"
                     n="a-0040"
                     ecep:lem="not"
                     ecep:pos="xx"
                     ecep:reg="not"
                     ecep:spe="not"
                     ecep:syllab="1"
                     ecep:pron="nɒt">not</w>
                  <c> </c>
                  <w xmlns:ecep="http://www.eighteenthcenturypoetry.org/ns"
                     xml:id="bsb18-566840"
                     n="a-0050"
                     ecep:lem="to"
                     ecep:pos="pc-acp"
                     ecep:reg="to"
                     ecep:spe="to"
                     ecep:syllab="1"
                     ecep:pron="tuː">to</w>
                  <c> </c>
                  <w xmlns:ecep="http://www.eighteenthcenturypoetry.org/ns"
                     xml:id="bsb18-566850"
                     n="a-0060"
                     ecep:lem="say"
                     ecep:pos="vvi"
                     ecep:reg="say"
                     ecep:spe="say"
                     ecep:syllab="1"
                     ecep:pron="seɪ">say</w>
                  <c> </c>
                  <w xmlns:ecep="http://www.eighteenthcenturypoetry.org/ns"
                     xml:id="bsb18-566860"
                     n="a-0070"
                     ecep:lem="what"
                     ecep:pos="r-crq"
                     ecep:reg="what"
                     ecep:spe="what"
                     ecep:syllab="1"
                     ecep:pron="wɒt">what</w>
                  <c> </c>
                  <w xmlns:ecep="http://www.eighteenthcenturypoetry.org/ns"
                     xml:id="bsb18-566870"
                     n="a-0080"
                     ecep:lem="will"
                     ecep:pos="vmb"
                     ecep:reg="will"
                     ecep:spe="will"
                     ecep:syllab="1"
                     ecep:pron="wɪl">will</w>
                  <c> </c>
                  <w xmlns:ecep="http://www.eighteenthcenturypoetry.org/ns"
                     xml:id="bsb18-566880"
                     n="a-0090"
                     ecep:lem="bring"
                     ecep:pos="vvi"
                     ecep:reg="bring"
                     ecep:spe="bring"
                     ecep:syllab="1"
                     ecep:pron="brɪŋ">bring</w>
                  <c> </c>
                  <w xmlns:ecep="http://www.eighteenthcenturypoetry.org/ns"
                     xml:id="bsb18-566890"
                     n="a-0100"
                     ecep:lem="to"
                     ecep:pos="p-acp"
                     ecep:reg="to"
                     ecep:spe="to"
                     ecep:syllab="1"
                     ecep:pron="tuː">to</w>
                  <c> </c>
                  <w xmlns:ecep="http://www.eighteenthcenturypoetry.org/ns"
                     xml:id="bsb18-566900"
                     n="a-0110"
                     ecep:lem="the"
                     ecep:pos="dt"
                     ecep:reg="the"
                     ecep:spe="the"
                     ecep:syllab="1"
                     ecep:pron="ðiː">the</w>
                  <c> </c>
                  <w xmlns:ecep="http://www.eighteenthcenturypoetry.org/ns"
                     xml:id="bsb18-566910"
                     n="a-0120"
                     ecep:lem="mind"
                     ecep:pos="n1"
                     ecep:reg="mind"
                     ecep:spe="mind"
                     ecep:syllab="1"
                     ecep:pron="maɪnd">mind</w>
               </l>
               <l xml:id="bsb18-l25345">
                  <c> </c>
                  <w xmlns:ecep="http://www.eighteenthcenturypoetry.org/ns"
                     xml:id="bsb18-566920"
                     n="a-0130"
                     ecep:lem="the"
                     ecep:pos="dt"
                     ecep:reg="The"
                     ecep:spe="The"
                     ecep:syllab="1"
                     ecep:pron="ðiː">The</w>
                  <c> </c>
                  <w xmlns:ecep="http://www.eighteenthcenturypoetry.org/ns"
                     xml:id="bsb18-566930"
                     n="a-0140"
                     ecep:lem="sweet"
                     ecep:pos="j"
                     ecep:reg="sweet"
                     ecep:spe="sweet"
                     ecep:syllab="1"
                     ecep:pron="swiːt">sweet</w>
                  <c> </c>
                  <w xmlns:ecep="http://www.eighteenthcenturypoetry.org/ns"
                     xml:id="bsb18-566940"
                     n="a-0150"
                     ecep:lem="joy"
                     ecep:pos="n2"
                     ecep:reg="joys"
                     ecep:spe="joys"
                     ecep:syllab="1"
                     ecep:pron="dʒɔɪz">joys</w>
                  <c> </c>
                  <w xmlns:ecep="http://www.eighteenthcenturypoetry.org/ns"
                     xml:id="bsb18-566950"
                     n="a-0160"
                     ecep:lem="depart"
                     ecep:pos="vvn"
                     ecep:reg="departed"
                     ecep:spe="departed"
                     ecep:syllab="3"
                     ecep:pron="dɪˈpɑːtɪd">departed</w>
                  <pc xmlns:ecep="http://www.eighteenthcenturypoetry.org/ns"
                      xml:id="bsb18-566960"
                      n="a-0170"
                      ecep:lem=","
                      ecep:pos=","
                      ecep:reg=","
                      ecep:spe=",">,</pc>
                  <c> </c>
                  <w xmlns:ecep="http://www.eighteenthcenturypoetry.org/ns"
                     xml:id="bsb18-566970"
                     n="a-0180"
                     ecep:lem="the"
                     ecep:pos="dt"
                     ecep:reg="the"
                     ecep:spe="the"
                     ecep:syllab="1"
                     ecep:pron="ðiː">the</w>
                  <c> </c>
                  <w xmlns:ecep="http://www.eighteenthcenturypoetry.org/ns"
                     xml:id="bsb18-566980"
                     n="a-0190"
                     ecep:lem="friend"
                     ecep:pos="n2"
                     ecep:reg="friends"
                     ecep:spe="friends"
                     ecep:syllab="1"
                     ecep:pron="frendz">friends</w>
                  <c> </c>
                  <w xmlns:ecep="http://www.eighteenthcenturypoetry.org/ns"
                     xml:id="bsb18-566990"
                     n="a-0200"
                     ecep:lem="leave"
                     ecep:pos="vvn"
                     ecep:reg="left"
                     ecep:spe="left"
                     ecep:syllab="1"
                     ecep:pron="left">left</w>
                  <c> </c>
                  <w xmlns:ecep="http://www.eighteenthcenturypoetry.org/ns"
                     xml:id="bsb18-567000"
                     n="a-0210"
                     ecep:lem="behind"
                     ecep:pos="a-acp"
                     ecep:reg="behind"
                     ecep:spe="behind"
                     ecep:syllab="2"
                     ecep:pron="bɪˈhaɪnd">behind</w>
                  <pc xmlns:ecep="http://www.eighteenthcenturypoetry.org/ns"
                      xml:id="bsb18-567010"
                      n="a-0220"
                      ecep:lem=";"
                      ecep:pos=";"
                      ecep:reg=";"
                      ecep:spe=";">;</pc>
               </l>
               <l xml:id="bsb18-l25350">
                  <c> </c>
                  <w xmlns:ecep="http://www.eighteenthcenturypoetry.org/ns"
                     xml:id="bsb18-567020"
                     n="a-0230"
                     ecep:lem="a"
                     ecep:pos="dt"
                     ecep:reg="A"
                     ecep:spe="A"
                     ecep:syllab="1"
                     ecep:pron="ə">A</w>
                  <c> </c>
                  <w xmlns:ecep="http://www.eighteenthcenturypoetry.org/ns"
                     xml:id="bsb18-567030"
                     n="a-0240"
                     ecep:lem="tune"
                     ecep:pos="n1"
                     ecep:reg="tune"
                     ecep:spe="tune"
                     ecep:syllab="1"
                     ecep:pron="tʃuːn">tune</w>
                  <pc xmlns:ecep="http://www.eighteenthcenturypoetry.org/ns"
                      xml:id="bsb18-567040"
                      n="a-0250"
                      ecep:lem=","
                      ecep:pos=","
                      ecep:reg=","
                      ecep:spe=",">,</pc>
                  <c> </c>
                  <w xmlns:ecep="http://www.eighteenthcenturypoetry.org/ns"
                     xml:id="bsb18-567050"
                     n="a-0260"
                     ecep:lem="or"
                     ecep:pos="cc"
                     ecep:reg="or"
                     ecep:spe="or"
                     ecep:syllab="1"
                     ecep:pron="ɔː">or</w>
                  <c> </c>
                  <w xmlns:ecep="http://www.eighteenthcenturypoetry.org/ns"
                     xml:id="bsb18-567060"
                     n="a-0270"
                     ecep:lem="a"
                     ecep:pos="dt"
                     ecep:reg="a"
                     ecep:spe="a"
                     ecep:syllab="1"
                     ecep:pron="ə">a</w>
                  <c> </c>
                  <w xmlns:ecep="http://www.eighteenthcenturypoetry.org/ns"
                     xml:id="bsb18-567070"
                     n="a-0280"
                     ecep:lem="song"
                     ecep:pos="n1"
                     ecep:reg="song"
                     ecep:spe="song"
                     ecep:syllab="1"
                     ecep:pron="sɒŋ">song</w>
                  <pc xmlns:ecep="http://www.eighteenthcenturypoetry.org/ns"
                      xml:id="bsb18-567080"
                      n="a-0290"
                      ecep:lem=","
                      ecep:pos=","
                      ecep:reg=","
                      ecep:spe=",">,</pc>
                  <c> </c>
                  <w xmlns:ecep="http://www.eighteenthcenturypoetry.org/ns"
                     xml:id="bsb18-567090"
                     n="a-0300"
                     ecep:lem="or"
                     ecep:pos="cc"
                     ecep:reg="or"
                     ecep:spe="or"
                     ecep:syllab="1"
                     ecep:pron="ɔː">or</w>
                  <c> </c>
                  <w xmlns:ecep="http://www.eighteenthcenturypoetry.org/ns"
                     xml:id="bsb18-567100"
                     n="a-0310"
                     ecep:lem="the"
                     ecep:pos="dt"
                     ecep:reg="the"
                     ecep:spe="the"
                     ecep:syllab="1"
                     ecep:pron="ðiː">the</w>
                  <c> </c>
                  <w xmlns:ecep="http://www.eighteenthcenturypoetry.org/ns"
                     xml:id="bsb18-567110"
                     n="a-0320"
                     ecep:lem="time"
                     ecep:pos="n1"
                     ecep:reg="time"
                     ecep:spe="time"
                     ecep:syllab="1"
                     ecep:pron="taɪm">time</w>
                  <c> </c>
                  <w xmlns:ecep="http://www.eighteenthcenturypoetry.org/ns"
                     xml:id="bsb18-567120"
                     n="a-0330"
                     ecep:lem="of"
                     ecep:pos="pp-f"
                     ecep:reg="of"
                     ecep:spe="of"
                     ecep:syllab="1"
                     ecep:pron="ɒv">of</w>
                  <c> </c>
                  <w xmlns:ecep="http://www.eighteenthcenturypoetry.org/ns"
                     xml:id="bsb18-567130"
                     n="a-0340"
                     ecep:lem="the"
                     ecep:pos="dt"
                     ecep:reg="the"
                     ecep:spe="the"
                     ecep:syllab="1"
                     ecep:pron="ðiː">the</w>
                  <c> </c>
                  <w xmlns:ecep="http://www.eighteenthcenturypoetry.org/ns"
                     xml:id="bsb18-567140"
                     n="a-0350"
                     ecep:lem="year"
                     ecep:pos="n1"
                     ecep:reg="year"
                     ecep:spe="year"
                     ecep:syllab="1"
                     ecep:pron="jɪə">year</w>
                  <pc xmlns:ecep="http://www.eighteenthcenturypoetry.org/ns"
                      xml:id="bsb18-567150"
                      n="a-0360"
                      ecep:lem=","
                      ecep:pos=","
                      ecep:reg=","
                      ecep:spe=",">,</pc>
               </l>
               <l xml:id="bsb18-l25355">
                  <c> </c>
                  <w xmlns:ecep="http://www.eighteenthcenturypoetry.org/ns"
                     xml:id="bsb18-567160"
                     n="a-0370"
                     ecep:lem="strike"
                     ecep:pos="vvz"
                     ecep:reg="Strikes"
                     ecep:spe="Strikes"
                     ecep:syllab="1"
                     ecep:pron="straɪks">Strikes</w>
                  <c> </c>
                  <w xmlns:ecep="http://www.eighteenthcenturypoetry.org/ns"
                     xml:id="bsb18-567170"
                     n="a-0380"
                     ecep:lem="the"
                     ecep:pos="dt"
                     ecep:reg="the"
                     ecep:spe="the"
                     ecep:syllab="1"
                     ecep:pron="ðiː">the</w>
                  <c> </c>
                  <w xmlns:ecep="http://www.eighteenthcenturypoetry.org/ns"
                     xml:id="bsb18-567180"
                     n="a-0390"
                     ecep:lem="key"
                     ecep:pos="n1"
                     ecep:reg="key"
                     ecep:spe="key"
                     ecep:syllab="1"
                     ecep:pron="kiː">key</w>
                  <c> </c>
                  <w xmlns:ecep="http://www.eighteenthcenturypoetry.org/ns"
                     xml:id="bsb18-567190"
                     n="a-0400"
                     ecep:lem="of"
                     ecep:pos="pp-f"
                     ecep:reg="of"
                     ecep:spe="of"
                     ecep:syllab="1"
                     ecep:pron="ɒv">of</w>
                  <c> </c>
                  <w xmlns:ecep="http://www.eighteenthcenturypoetry.org/ns"
                     xml:id="bsb18-567200"
                     n="a-0410"
                     ecep:lem="reflection"
                     ecep:pos="n1"
                     ecep:reg="reflection"
                     ecep:spe="reflection"
                     ecep:syllab="3"
                     ecep:pron="rɪˈflekʃn">reflection</w>
                  <pc xmlns:ecep="http://www.eighteenthcenturypoetry.org/ns"
                      xml:id="bsb18-567210"
                      n="a-0420"
                      ecep:lem=","
                      ecep:pos=","
                      ecep:reg=","
                      ecep:spe=",">,</pc>
                  <c> </c>
                  <w xmlns:ecep="http://www.eighteenthcenturypoetry.org/ns"
                     xml:id="bsb18-567220"
                     n="a-0430"
                     ecep:lem="and"
                     ecep:pos="cc"
                     ecep:reg="and"
                     ecep:spe="and"
                     ecep:syllab="1"
                     ecep:pron="ænd">and</w>
                  <c> </c>
                  <w xmlns:ecep="http://www.eighteenthcenturypoetry.org/ns"
                     xml:id="bsb18-567230"
                     n="a-0440"
                     ecep:lem="moan"
                     ecep:pos="n2"
                     ecep:reg="moans"
                     ecep:spe="moans"
                     ecep:syllab="1"
                     ecep:pron="məʊnz">moans</w>
                  <c> </c>
                  <w xmlns:ecep="http://www.eighteenthcenturypoetry.org/ns"
                     xml:id="bsb18-567240"
                     n="a-0450"
                     ecep:lem="in"
                     ecep:pos="p-acp"
                     ecep:reg="in"
                     ecep:spe="in"
                     ecep:syllab="1"
                     ecep:pron="ɪn">in</w>
                  <c> </c>
                  <w xmlns:ecep="http://www.eighteenthcenturypoetry.org/ns"
                     xml:id="bsb18-567250"
                     n="a-0460"
                     ecep:lem="the"
                     ecep:pos="dt"
                     ecep:reg="the"
                     ecep:spe="the"
                     ecep:syllab="1"
                     ecep:pron="ðiː">the</w>
                  <c> </c>
                  <w xmlns:ecep="http://www.eighteenthcenturypoetry.org/ns"
                     xml:id="bsb18-567260"
                     n="a-0470"
                     ecep:lem="ear"
                     ecep:pos="n1"
                     ecep:reg="ear"
                     ecep:spe="ear"
                     ecep:syllab="1"
                     ecep:pron="ɪə">ear</w>
                  <pc xmlns:ecep="http://www.eighteenthcenturypoetry.org/ns"
                      xml:id="bsb18-567270"
                      n="a-0480"
                      unit="sentence"
                      ecep:lem="."
                      ecep:pos="."
                      ecep:reg="."
                      ecep:spe=".">.</pc>
                  <c> </c>
               </l>
            </lg>
            <lg xml:id="bsb18-s01240">
               <l xml:id="bsb18-l25360">
                  <w xmlns:ecep="http://www.eighteenthcenturypoetry.org/ns"
                     xml:id="bsb18-567300"
                     n="a-0490"
                     ecep:lem="through"
                     ecep:pos="p-acp"
                     ecep:reg="Through"
                     ecep:spe="Thro'"
                     ecep:syllab="1"
                     ecep:pron="θruː">Thro'</w>
                  <c> </c>
                  <w xmlns:ecep="http://www.eighteenthcenturypoetry.org/ns"
                     xml:id="bsb18-567310"
                     n="a-0500"
                     ecep:lem="the"
                     ecep:pos="dt"
                     ecep:reg="the"
                     ecep:spe="the"
                     ecep:syllab="1"
                     ecep:pron="ðiː">the</w>
                  <c> </c>
                  <w xmlns:ecep="http://www.eighteenthcenturypoetry.org/ns"
                     xml:id="bsb18-567320"
                     n="a-0510"
                     ecep:lem="gay"
                     ecep:pos="j"
                     ecep:reg="gay"
                     ecep:spe="gay"
                     ecep:syllab="1"
                     ecep:pron="geɪ">gay</w>
                  <c> </c>
                  <w xmlns:ecep="http://www.eighteenthcenturypoetry.org/ns"
                     xml:id="bsb18-567330"
                     n="a-0520"
                     ecep:lem="scene"
                     ecep:pos="n2"
                     ecep:reg="scenes"
                     ecep:spe="scenes"
                     ecep:syllab="1"
                     ecep:pron="siːnz">scenes</w>
                  <c> </c>
                  <w xmlns:ecep="http://www.eighteenthcenturypoetry.org/ns"
                     xml:id="bsb18-567340"
                     n="a-0530"
                     ecep:lem="of"
                     ecep:pos="pp-f"
                     ecep:reg="of"
                     ecep:spe="of"
                     ecep:syllab="1"
                     ecep:pron="ɒv">of</w>
                  <c> </c>
                  <w xmlns:ecep="http://www.eighteenthcenturypoetry.org/ns"
                     xml:id="bsb18-567350"
                     n="a-0540"
                     ecep:lem="youth"
                     ecep:pos="n1"
                     ecep:reg="youth"
                     ecep:spe="youth"
                     ecep:syllab="1"
                     ecep:pron="juːθ">youth</w>
                  <c> </c>
                  <w xmlns:ecep="http://www.eighteenthcenturypoetry.org/ns"
                     xml:id="bsb18-567360"
                     n="a-0550"
                     ecep:lem="the"
                     ecep:pos="dt"
                     ecep:reg="the"
                     ecep:spe="the"
                     ecep:syllab="1"
                     ecep:pron="ðiː">the</w>
                  <c> </c>
                  <w xmlns:ecep="http://www.eighteenthcenturypoetry.org/ns"
                     xml:id="bsb18-567370"
                     n="a-0560"
                     ecep:lem="remembrancer"
                     ecep:pos="n1"
                     ecep:reg="remembrancer"
                     ecep:spe="remembrancer"
                     ecep:syllab="4"
                     ecep:pron="rɪˈmembrnsə">remembrancer</w>
                  <c> </c>
                  <w xmlns:ecep="http://www.eighteenthcenturypoetry.org/ns"
                     xml:id="bsb18-567380"
                     n="a-0570"
                     ecep:lem="stray"
                     ecep:pos="vvz"
                     ecep:reg="strays"
                     ecep:spe="strays"
                     ecep:syllab="1"
                     ecep:pron="streɪz">strays</w>
                  <pc xmlns:ecep="http://www.eighteenthcenturypoetry.org/ns"
                      xml:id="bsb18-567390"
                      n="a-0580"
                      ecep:lem=","
                      ecep:pos=","
                      ecep:reg=","
                      ecep:spe=",">,</pc>
               </l>
               <l xml:id="bsb18-l25365">
                  <c> </c>
                  <w xmlns:ecep="http://www.eighteenthcenturypoetry.org/ns"
                     xml:id="bsb18-567400"
                     n="a-0590"
                     ecep:lem="till"
                     ecep:pos="c-acp"
                     ecep:reg="Till"
                     ecep:spe="Till"
                     ecep:syllab="1"
                     ecep:pron="tɪl">Till</w>
                  <c> </c>
                  <w xmlns:ecep="http://www.eighteenthcenturypoetry.org/ns"
                     xml:id="bsb18-567410"
                     n="a-0600"
                     ecep:lem="memory"
                     ecep:pos="n1"
                     ecep:reg="memory"
                     ecep:spe="mem'ry"
                     ecep:syllab="2"
                     ecep:pron="ˈmemri">mem'ry</w>
                  <c> </c>
                  <w xmlns:ecep="http://www.eighteenthcenturypoetry.org/ns"
                     xml:id="bsb18-567420"
                     n="a-0610"
                     ecep:lem="step"
                     ecep:pos="vvz"
                     ecep:reg="steps"
                     ecep:spe="steps"
                     ecep:syllab="1"
                     ecep:pron="steps">steps</w>
                  <c> </c>
                  <w xmlns:ecep="http://www.eighteenthcenturypoetry.org/ns"
                     xml:id="bsb18-567430"
                     n="a-0620"
                     ecep:lem="back"
                     ecep:pos="av"
                     ecep:reg="back"
                     ecep:spe="back"
                     ecep:syllab="1"
                     ecep:pron="bæk">back</w>
                  <c> </c>
                  <w xmlns:ecep="http://www.eighteenthcenturypoetry.org/ns"
                     xml:id="bsb18-567440"
                     n="a-0630"
                     ecep:lem="on"
                     ecep:pos="p-acp"
                     ecep:reg="on"
                     ecep:spe="on"
                     ecep:syllab="1"
                     ecep:pron="ɒn">on</w>
                  <c> </c>
                  <w xmlns:ecep="http://www.eighteenthcenturypoetry.org/ns"
                     xml:id="bsb18-567450"
                     n="a-0640"
                     ecep:lem="old"
                     ecep:pos="j"
                     ecep:reg="old"
                     ecep:spe="old"
                     ecep:syllab="1"
                     ecep:pron="əʊld">old</w>
                  <c> </c>
                  <w xmlns:ecep="http://www.eighteenthcenturypoetry.org/ns"
                     xml:id="bsb18-567460"
                     n="a-0650"
                     ecep:lem="pleasure"
                     ecep:pos="n2"
                     ecep:reg="pleasures"
                     ecep:spe="pleasures"
                     ecep:syllab="2"
                     ecep:pron="ˈpleʒəz">pleasures</w>
                  <c> </c>
                  <w xmlns:ecep="http://www.eighteenthcenturypoetry.org/ns"
                     xml:id="bsb18-567470"
                     n="a-0660"
                     ecep:lem="to"
                     ecep:pos="pc-acp"
                     ecep:reg="to"
                     ecep:spe="to"
                     ecep:syllab="1"
                     ecep:pron="tuː">to</w>
                  <c> </c>
                  <w xmlns:ecep="http://www.eighteenthcenturypoetry.org/ns"
                     xml:id="bsb18-567480"
                     n="a-0670"
                     ecep:lem="gaze"
                     ecep:pos="vvi"
                     ecep:reg="gaze"
                     ecep:spe="gaze"
                     ecep:syllab="1"
                     ecep:pron="geɪz">gaze</w>
                  <pc xmlns:ecep="http://www.eighteenthcenturypoetry.org/ns"
                      xml:id="bsb18-567490"
                      n="a-0680"
                      ecep:lem=";"
                      ecep:pos=";"
                      ecep:reg=";"
                      ecep:spe=";">;</pc>
               </l>
               <l xml:id="bsb18-l25370">
                  <c> </c>
                  <w xmlns:ecep="http://www.eighteenthcenturypoetry.org/ns"
                     xml:id="bsb18-567500"
                     n="a-0690"
                     ecep:lem="fleet"
                     ecep:pos="vvg"
                     ecep:reg="Fleeting"
                     ecep:spe="Fleeting"
                     ecep:syllab="2"
                     ecep:pron="ˈfliːtɪŋ">Fleeting</w>
                  <c> </c>
                  <w xmlns:ecep="http://www.eighteenthcenturypoetry.org/ns"
                     xml:id="bsb18-567510"
                     n="a-0700"
                     ecep:lem="shadow"
                     ecep:pos="n2"
                     ecep:reg="shadows"
                     ecep:spe="shadows"
                     ecep:syllab="2"
                     ecep:pron="ˈʃædəʊz">shadows</w>
                  <c> </c>
                  <w xmlns:ecep="http://www.eighteenthcenturypoetry.org/ns"
                     xml:id="bsb18-567520"
                     n="a-0710"
                     ecep:lem="they"
                     ecep:pos="pns32"
                     ecep:reg="they"
                     ecep:spe="they"
                     ecep:syllab="1"
                     ecep:pron="ðeɪ">they</w>
                  <c> </c>
                  <w xmlns:ecep="http://www.eighteenthcenturypoetry.org/ns"
                     xml:id="bsb18-567530"
                     n="a-0720"
                     ecep:lem="seem"
                     ecep:pos="vvb"
                     ecep:reg="seem"
                     ecep:spe="seem"
                     ecep:syllab="1"
                     ecep:pron="siːm">seem</w>
                  <c> </c>
                  <w xmlns:ecep="http://www.eighteenthcenturypoetry.org/ns"
                     xml:id="bsb18-567540"
                     n="a-0730"
                     ecep:lem="that"
                     ecep:pos="cst"
                     ecep:reg="that"
                     ecep:spe="that"
                     ecep:syllab="1"
                     ecep:pron="ðæt">that</w>
                  <c> </c>
                  <w xmlns:ecep="http://www.eighteenthcenturypoetry.org/ns"
                     xml:id="bsb18-567550"
                     n="a-0740"
                     ecep:lem="glide"
                     ecep:pos="vvb"
                     ecep:reg="glide"
                     ecep:spe="glide"
                     ecep:syllab="1"
                     ecep:pron="glaɪd">glide</w>
                  <c> </c>
                  <w xmlns:ecep="http://www.eighteenthcenturypoetry.org/ns"
                     xml:id="bsb18-567560"
                     n="a-0750"
                     ecep:lem="calm"
                     ecep:pos="av-jn"
                     ecep:reg="calmly"
                     ecep:spe="calmly"
                     ecep:syllab="2"
                     ecep:pron="kɑːmli">calmly</w>
                  <c> </c>
                  <w xmlns:ecep="http://www.eighteenthcenturypoetry.org/ns"
                     xml:id="bsb18-567570"
                     n="a-0760"
                     ecep:lem="away"
                     ecep:pos="av"
                     ecep:reg="away"
                     ecep:spe="away"
                     ecep:syllab="2"
                     ecep:pron="əˈweɪ">away</w>
                  <pc xmlns:ecep="http://www.eighteenthcenturypoetry.org/ns"
                      xml:id="bsb18-567580"
                      n="a-0770"
                      ecep:lem=","
                      ecep:pos=","
                      ecep:reg=","
                      ecep:spe=",">,</pc>
               </l>
               <l xml:id="bsb18-l25375">
                  <c> </c>
                  <w xmlns:ecep="http://www.eighteenthcenturypoetry.org/ns"
                     xml:id="bsb18-567590"
                     n="a-0780"
                     ecep:lem="the"
                     ecep:pos="dt"
                     ecep:reg="The"
                     ecep:spe="The"
                     ecep:syllab="1"
                     ecep:pron="ðiː">The</w>
                  <c> </c>
                  <w xmlns:ecep="http://www.eighteenthcenturypoetry.org/ns"
                     xml:id="bsb18-567600"
                     n="a-0790"
                     ecep:lem="remains"
                     ecep:pos="n2"
                     ecep:reg="remains"
                     ecep:spe="remains"
                     ecep:syllab="2"
                     ecep:pron="rɪˈmeɪnz">remains</w>
                  <c> </c>
                  <w xmlns:ecep="http://www.eighteenthcenturypoetry.org/ns"
                     xml:id="bsb18-567610"
                     n="a-0800"
                     ecep:lem="of"
                     ecep:pos="pp-f"
                     ecep:reg="of"
                     ecep:spe="of"
                     ecep:syllab="1"
                     ecep:pron="ɒv">of</w>
                  <c> </c>
                  <w xmlns:ecep="http://www.eighteenthcenturypoetry.org/ns"
                     xml:id="bsb18-567620"
                     n="a-0810"
                     ecep:lem="past"
                     ecep:pos="j"
                     ecep:reg="past"
                     ecep:spe="past"
                     ecep:syllab="1"
                     ecep:pron="pɑːst">past</w>
                  <c> </c>
                  <w xmlns:ecep="http://www.eighteenthcenturypoetry.org/ns"
                     xml:id="bsb18-567630"
                     n="a-0820"
                     ecep:lem="hour"
                     ecep:pos="n2"
                     ecep:reg="hours"
                     ecep:spe="hours"
                     ecep:syllab="1"
                     ecep:pron="æəz">hours</w>
                  <pc xmlns:ecep="http://www.eighteenthcenturypoetry.org/ns"
                      xml:id="bsb18-567640"
                      n="a-0830"
                      ecep:lem=","
                      ecep:pos=","
                      ecep:reg=","
                      ecep:spe=",">,</pc>
                  <c> </c>
                  <w xmlns:ecep="http://www.eighteenthcenturypoetry.org/ns"
                     xml:id="bsb18-567650"
                     n="a-0840"
                     ecep:lem="and"
                     ecep:pos="cc"
                     ecep:reg="and"
                     ecep:spe="and"
                     ecep:syllab="1"
                     ecep:pron="ænd">and</w>
                  <c> </c>
                  <w xmlns:ecep="http://www.eighteenthcenturypoetry.org/ns"
                     xml:id="bsb18-567660"
                     n="a-0850"
                     ecep:lem="the"
                     ecep:pos="dt"
                     ecep:reg="the"
                     ecep:spe="the"
                     ecep:syllab="1"
                     ecep:pron="ðiː">the</w>
                  <c> </c>
                  <w xmlns:ecep="http://www.eighteenthcenturypoetry.org/ns"
                     xml:id="bsb18-567670"
                     n="a-0860"
                     ecep:lem="ghost"
                     ecep:pos="n2"
                     ecep:reg="ghosts"
                     ecep:spe="ghosts"
                     ecep:syllab="1"
                     ecep:pron="gəʊsts">ghosts</w>
                  <c> </c>
                  <w xmlns:ecep="http://www.eighteenthcenturypoetry.org/ns"
                     xml:id="bsb18-567680"
                     n="a-0870"
                     ecep:lem="of"
                     ecep:pos="pp-f"
                     ecep:reg="of"
                     ecep:spe="of"
                     ecep:syllab="1"
                     ecep:pron="ɒv">of</w>
                  <c> </c>
                  <w xmlns:ecep="http://www.eighteenthcenturypoetry.org/ns"
                     xml:id="bsb18-567690"
                     n="a-0880"
                     ecep:lem="a"
                     ecep:pos="dt"
                     ecep:reg="a"
                     ecep:spe="a"
                     ecep:syllab="1"
                     ecep:pron="ə">a</w>
                  <c> </c>
                  <w xmlns:ecep="http://www.eighteenthcenturypoetry.org/ns"
                     xml:id="bsb18-567700"
                     n="a-0890"
                     ecep:lem="day"
                     ecep:pos="n1"
                     ecep:reg="day"
                     ecep:spe="day"
                     ecep:syllab="1"
                     ecep:pron="deɪ">day</w>
                  <pc xmlns:ecep="http://www.eighteenthcenturypoetry.org/ns"
                      xml:id="bsb18-567710"
                      n="a-0900"
                      unit="sentence"
                      ecep:lem="."
                      ecep:pos="."
                      ecep:reg="."
                      ecep:spe=".">.</pc>
                  <c> </c>
               </l>
            </lg>
            <lg xml:id="bsb18-s01245">
               <l xml:id="bsb18-l25380">
                  <w xmlns:ecep="http://www.eighteenthcenturypoetry.org/ns"
                     xml:id="bsb18-567740"
                     n="a-0910"
                     ecep:lem="when"
                     ecep:pos="c-crq"
                     ecep:reg="When"
                     ecep:spe="When"
                     ecep:syllab="1"
                     ecep:pron="wen">When</w>
                  <c> </c>
                  <w xmlns:ecep="http://www.eighteenthcenturypoetry.org/ns"
                     xml:id="bsb18-567750"
                     n="a-0920"
                     ecep:lem="we"
                     ecep:pos="pns12"
                     ecep:reg="we"
                     ecep:spe="we"
                     ecep:syllab="1"
                     ecep:pron="wiː">we</w>
                  <c> </c>
                  <w xmlns:ecep="http://www.eighteenthcenturypoetry.org/ns"
                     xml:id="bsb18-567760"
                     n="a-0930"
                     ecep:lem="set"
                     ecep:pos="vvd"
                     ecep:reg="set"
                     ecep:spe="set"
                     ecep:syllab="1"
                     ecep:pron="set">set</w>
                  <c> </c>
                  <w xmlns:ecep="http://www.eighteenthcenturypoetry.org/ns"
                     xml:id="bsb18-567770"
                     n="a-0940"
                     ecep:lem="out"
                     ecep:pos="av"
                     ecep:reg="out"
                     ecep:spe="out"
                     ecep:syllab="1"
                     ecep:pron="aʊt">out</w>
                  <c> </c>
                  <w xmlns:ecep="http://www.eighteenthcenturypoetry.org/ns"
                     xml:id="bsb18-567780"
                     n="a-0950"
                     ecep:lem="in"
                     ecep:pos="p-acp"
                     ecep:reg="in"
                     ecep:spe="in"
                     ecep:syllab="1"
                     ecep:pron="ɪn">in</w>
                  <c> </c>
                  <w xmlns:ecep="http://www.eighteenthcenturypoetry.org/ns"
                     xml:id="bsb18-567790"
                     n="a-0960"
                     ecep:lem="life"
                     ecep:pos="n1"
                     ecep:reg="life"
                     ecep:spe="life"
                     ecep:syllab="1"
                     ecep:pron="laɪf">life</w>
                  <c> </c>
                  <w xmlns:ecep="http://www.eighteenthcenturypoetry.org/ns"
                     xml:id="bsb18-567800"
                     n="a-0970"
                     ecep:lem="every"
                     ecep:pos="d"
                     ecep:reg="every"
                     ecep:spe="every"
                     ecep:syllab="2"
                     ecep:pron="ˈevri">every</w>
                  <c> </c>
                  <w xmlns:ecep="http://www.eighteenthcenturypoetry.org/ns"
                     xml:id="bsb18-567810"
                     n="a-0980"
                     ecep:lem="thing"
                     ecep:pos="n1"
                     ecep:reg="thing"
                     ecep:spe="thing"
                     ecep:syllab="1"
                     ecep:pron="θɪŋ">thing</w>
                  <c> </c>
                  <w xmlns:ecep="http://www.eighteenthcenturypoetry.org/ns"
                     xml:id="bsb18-567820"
                     n="a-0990"
                     ecep:lem="have"
                     ecep:pos="vhz"
                     ecep:reg="has"
                     ecep:spe="has"
                     ecep:syllab="1"
                     ecep:pron="hæz">has</w>
                  <c> </c>
                  <w xmlns:ecep="http://www.eighteenthcenturypoetry.org/ns"
                     xml:id="bsb18-567830"
                     n="a-1000"
                     ecep:lem="its"
                     ecep:pos="po31"
                     ecep:reg="its"
                     ecep:spe="its"
                     ecep:syllab="1"
                     ecep:pron="ɪts">its</w>
                  <c> </c>
                  <w xmlns:ecep="http://www.eighteenthcenturypoetry.org/ns"
                     xml:id="bsb18-567840"
                     n="a-1010"
                     ecep:lem="charm"
                     ecep:pos="n2"
                     ecep:reg="charms"
                     ecep:spe="charms"
                     ecep:syllab="1"
                     ecep:pron="tʃɑːmz">charms</w>
                  <pc xmlns:ecep="http://www.eighteenthcenturypoetry.org/ns"
                      xml:id="bsb18-567850"
                      n="a-1020"
                      ecep:lem=","
                      ecep:pos=","
                      ecep:reg=","
                      ecep:spe=",">,</pc>
               </l>
               <l xml:id="bsb18-l25385">
                  <c> </c>
                  <w xmlns:ecep="http://www.eighteenthcenturypoetry.org/ns"
                     xml:id="bsb18-567860"
                     n="a-1030"
                     ecep:lem="enkindle"
                     ecep:pos="vvz"
                     ecep:reg="Enkindles"
                     ecep:spe="Enkindles"
                     ecep:syllab="3"
                     ecep:pron="ɪnˈkɪndlz">Enkindles</w>
                  <c> </c>
                  <w xmlns:ecep="http://www.eighteenthcenturypoetry.org/ns"
                     xml:id="bsb18-567870"
                     n="a-1040"
                     ecep:lem="the"
                     ecep:pos="dt"
                     ecep:reg="the"
                     ecep:spe="the"
                     ecep:syllab="1"
                     ecep:pron="ðiː">the</w>
                  <c> </c>
                  <w xmlns:ecep="http://www.eighteenthcenturypoetry.org/ns"
                     xml:id="bsb18-567880"
                     n="a-1050"
                     ecep:lem="fancy"
                     ecep:pos="n1"
                     ecep:reg="fancy"
                     ecep:spe="fancy"
                     ecep:syllab="2"
                     ecep:pron="ˈfænsi">fancy</w>
                  <pc xmlns:ecep="http://www.eighteenthcenturypoetry.org/ns"
                      xml:id="bsb18-567890"
                      n="a-1060"
                      ecep:lem=","
                      ecep:pos=","
                      ecep:reg=","
                      ecep:spe=",">,</pc>
                  <c> </c>
                  <w xmlns:ecep="http://www.eighteenthcenturypoetry.org/ns"
                     xml:id="bsb18-567900"
                     n="a-1070"
                     ecep:lem="and"
                     ecep:pos="cc"
                     ecep:reg="and"
                     ecep:spe="and"
                     ecep:syllab="1"
                     ecep:pron="ænd">and</w>
                  <c> </c>
                  <w xmlns:ecep="http://www.eighteenthcenturypoetry.org/ns"
                     xml:id="bsb18-567910"
                     n="a-1080"
                     ecep:lem="all"
                     ecep:pos="d"
                     ecep:reg="all"
                     ecep:spe="all"
                     ecep:syllab="1"
                     ecep:pron="ɔːl">all</w>
                  <c> </c>
                  <w xmlns:ecep="http://www.eighteenthcenturypoetry.org/ns"
                     xml:id="bsb18-567920"
                     n="a-1090"
                     ecep:lem="the"
                     ecep:pos="dt"
                     ecep:reg="the"
                     ecep:spe="the"
                     ecep:syllab="1"
                     ecep:pron="ðiː">the</w>
                  <c> </c>
                  <w xmlns:ecep="http://www.eighteenthcenturypoetry.org/ns"
                     xml:id="bsb18-567930"
                     n="a-1100"
                     ecep:lem="heart"
                     ecep:pos="n1"
                     ecep:reg="heart"
                     ecep:spe="heart"
                     ecep:syllab="1"
                     ecep:pron="hɑːt">heart</w>
                  <c> </c>
                  <w xmlns:ecep="http://www.eighteenthcenturypoetry.org/ns"
                     xml:id="bsb18-567940"
                     n="a-1110"
                     ecep:lem="warm"
                     ecep:pos="vvz"
                     ecep:reg="warms"
                     ecep:spe="warms"
                     ecep:syllab="1"
                     ecep:pron="wɔːmz">warms</w>
                  <pc xmlns:ecep="http://www.eighteenthcenturypoetry.org/ns"
                      xml:id="bsb18-567950"
                      n="a-1120"
                      ecep:lem=";"
                      ecep:pos=";"
                      ecep:reg=";"
                      ecep:spe=";">;</pc>
               </l>
               <l xml:id="bsb18-l25390">
                  <c> </c>
                  <w xmlns:ecep="http://www.eighteenthcenturypoetry.org/ns"
                     xml:id="bsb18-567960"
                     n="a-1130"
                     ecep:lem="it|be"
                     ecep:pos="pn31|vbz"
                     ecep:reg="It's"
                     ecep:spe="'Tis"
                     ecep:syllab="1"
                     ecep:pron="tɪz">'Tis</w>
                  <c> </c>
                  <w xmlns:ecep="http://www.eighteenthcenturypoetry.org/ns"
                     xml:id="bsb18-567970"
                     n="a-1140"
                     ecep:lem="this"
                     ecep:pos="d"
                     ecep:reg="this"
                     ecep:spe="this"
                     ecep:syllab="1"
                     ecep:pron="ðɪs">this</w>
                  <c> </c>
                  <w xmlns:ecep="http://www.eighteenthcenturypoetry.org/ns"
                     xml:id="bsb18-567980"
                     n="a-1150"
                     ecep:lem="make"
                     ecep:pos="vvz"
                     ecep:reg="makes"
                     ecep:spe="makes"
                     ecep:syllab="1"
                     ecep:pron="meɪks">makes</w>
                  <c> </c>
                  <w xmlns:ecep="http://www.eighteenthcenturypoetry.org/ns"
                     xml:id="bsb18-567990"
                     n="a-1160"
                     ecep:lem="we"
                     ecep:pos="pno12"
                     ecep:reg="us"
                     ecep:spe="us"
                     ecep:syllab="1"
                     ecep:pron="ʌs">us</w>
                  <c> </c>
                  <w xmlns:ecep="http://www.eighteenthcenturypoetry.org/ns"
                     xml:id="bsb18-568000"
                     n="a-1170"
                     ecep:lem="look"
                     ecep:pos="vvi"
                     ecep:reg="look"
                     ecep:spe="look"
                     ecep:syllab="1"
                     ecep:pron="lʊk">look</w>
                  <c> </c>
                  <w xmlns:ecep="http://www.eighteenthcenturypoetry.org/ns"
                     xml:id="bsb18-568010"
                     n="a-1180"
                     ecep:lem="on"
                     ecep:pos="p-acp"
                     ecep:reg="on"
                     ecep:spe="on"
                     ecep:syllab="1"
                     ecep:pron="ɒn">on</w>
                  <c> </c>
                  <w xmlns:ecep="http://www.eighteenthcenturypoetry.org/ns"
                     xml:id="bsb18-568020"
                     n="a-1190"
                     ecep:lem="the"
                     ecep:pos="dt"
                     ecep:reg="the"
                     ecep:spe="the"
                     ecep:syllab="1"
                     ecep:pron="ðiː">the</w>
                  <c> </c>
                  <w xmlns:ecep="http://www.eighteenthcenturypoetry.org/ns"
                     xml:id="bsb18-568030"
                     n="a-1200"
                     ecep:lem="joy"
                     ecep:pos="n2"
                     ecep:reg="joys"
                     ecep:spe="joys"
                     ecep:syllab="1"
                     ecep:pron="dʒɔɪz">joys</w>
                  <c> </c>
                  <w xmlns:ecep="http://www.eighteenthcenturypoetry.org/ns"
                     xml:id="bsb18-568040"
                     n="a-1210"
                     ecep:lem="that"
                     ecep:pos="cst"
                     ecep:reg="that"
                     ecep:spe="that"
                     ecep:syllab="1"
                     ecep:pron="ðæt">that</w>
                  <c> </c>
                  <w xmlns:ecep="http://www.eighteenthcenturypoetry.org/ns"
                     xml:id="bsb18-568050"
                     n="a-1220"
                     ecep:lem="be"
                     ecep:pos="vbr"
                     ecep:reg="are"
                     ecep:spe="are"
                     ecep:syllab="1"
                     ecep:pron="ɑː">are</w>
                  <c> </c>
                  <w xmlns:ecep="http://www.eighteenthcenturypoetry.org/ns"
                     xml:id="bsb18-568060"
                     n="a-1230"
                     ecep:lem="past"
                     ecep:pos="j"
                     ecep:reg="past"
                     ecep:spe="past"
                     ecep:syllab="1"
                     ecep:pron="pɑːst">past</w>
               </l>
               <l xml:id="bsb18-l25395">
                  <c> </c>
                  <w xmlns:ecep="http://www.eighteenthcenturypoetry.org/ns"
                     xml:id="bsb18-568070"
                     n="a-1240"
                     ecep:lem="with"
                     ecep:pos="p-acp"
                     ecep:reg="With"
                     ecep:spe="With"
                     ecep:syllab="1"
                     ecep:pron="wɪð">With</w>
                  <c> </c>
                  <w xmlns:ecep="http://www.eighteenthcenturypoetry.org/ns"
                     xml:id="bsb18-568080"
                     n="a-1250"
                     ecep:lem="a"
                     ecep:pos="dt"
                     ecep:reg="an"
                     ecep:spe="an"
                     ecep:syllab="1"
                     ecep:pron="æn">an</w>
                  <c> </c>
                  <w xmlns:ecep="http://www.eighteenthcenturypoetry.org/ns"
                     xml:id="bsb18-568090"
                     n="a-1260"
                     ecep:lem="eye"
                     ecep:pos="n1"
                     ecep:reg="eye"
                     ecep:spe="eye"
                     ecep:syllab="1"
                     ecep:pron="aɪ">eye</w>
                  <c> </c>
                  <w xmlns:ecep="http://www.eighteenthcenturypoetry.org/ns"
                     xml:id="bsb18-568100"
                     n="a-1270"
                     ecep:lem="that"
                     ecep:pos="cst"
                     ecep:reg="that"
                     ecep:spe="that"
                     ecep:syllab="1"
                     ecep:pron="ðæt">that</w>
                  <c> </c>
                  <w xmlns:ecep="http://www.eighteenthcenturypoetry.org/ns"
                     xml:id="bsb18-568110"
                     n="a-1280"
                     ecep:lem="turn"
                     ecep:pos="vvz"
                     ecep:reg="turns"
                     ecep:spe="turns"
                     ecep:syllab="1"
                     ecep:pron="tɜːnz">turns</w>
                  <c> </c>
                  <w xmlns:ecep="http://www.eighteenthcenturypoetry.org/ns"
                     xml:id="bsb18-568120"
                     n="a-1290"
                     ecep:lem="cool"
                     ecep:pos="av-j"
                     ecep:reg="coolly"
                     ecep:spe="coolly"
                     ecep:syllab="2"
                     ecep:pron="kuːlli">coolly</w>
                  <c> </c>
                  <w xmlns:ecep="http://www.eighteenthcenturypoetry.org/ns"
                     xml:id="bsb18-568130"
                     n="a-1300"
                     ecep:lem="to"
                     ecep:pos="pc-acp"
                     ecep:reg="to"
                     ecep:spe="to"
                     ecep:syllab="1"
                     ecep:pron="tuː">to</w>
                  <c> </c>
                  <w xmlns:ecep="http://www.eighteenthcenturypoetry.org/ns"
                     xml:id="bsb18-568140"
                     n="a-1310"
                     ecep:lem="glance"
                     ecep:pos="vvi"
                     ecep:reg="glance"
                     ecep:spe="glance"
                     ecep:syllab="1"
                     ecep:pron="glɑːns">glance</w>
                  <c> </c>
                  <w xmlns:ecep="http://www.eighteenthcenturypoetry.org/ns"
                     xml:id="bsb18-568150"
                     n="a-1320"
                     ecep:lem="on"
                     ecep:pos="p-acp"
                     ecep:reg="on"
                     ecep:spe="on"
                     ecep:syllab="1"
                     ecep:pron="ɒn">on</w>
                  <c> </c>
                  <w xmlns:ecep="http://www.eighteenthcenturypoetry.org/ns"
                     xml:id="bsb18-568160"
                     n="a-1330"
                     ecep:lem="the"
                     ecep:pos="dt"
                     ecep:reg="the"
                     ecep:spe="the"
                     ecep:syllab="1"
                     ecep:pron="ðiː">the</w>
                  <c> </c>
                  <w xmlns:ecep="http://www.eighteenthcenturypoetry.org/ns"
                     xml:id="bsb18-568170"
                     n="a-1340"
                     ecep:lem="last"
                     ecep:pos="ord"
                     ecep:reg="last"
                     ecep:spe="last"
                     ecep:syllab="1"
                     ecep:pron="lɑːst">last</w>
                  <pc xmlns:ecep="http://www.eighteenthcenturypoetry.org/ns"
                      xml:id="bsb18-568180"
                      n="a-1350"
                      unit="sentence"
                      ecep:lem="."
                      ecep:pos="."
                      ecep:reg="."
                      ecep:spe=".">.</pc>
                  <c> </c>
               </l>
            </lg>
            <lg xml:id="bsb18-s01250">
               <l xml:id="bsb18-l25400">
                  <w xmlns:ecep="http://www.eighteenthcenturypoetry.org/ns"
                     xml:id="bsb18-568210"
                     n="a-1360"
                     ecep:lem="let"
                     ecep:pos="vvb"
                     ecep:reg="Let"
                     ecep:spe="Let"
                     ecep:syllab="1"
                     ecep:pron="let">Let</w>
                  <c> </c>
                  <w xmlns:ecep="http://www.eighteenthcenturypoetry.org/ns"
                     xml:id="bsb18-568220"
                     n="a-1370"
                     ecep:lem="the"
                     ecep:pos="dt"
                     ecep:reg="the"
                     ecep:spe="the"
                     ecep:syllab="1"
                     ecep:pron="ðiː">the</w>
                  <c> </c>
                  <w xmlns:ecep="http://www.eighteenthcenturypoetry.org/ns"
                     xml:id="bsb18-568230"
                     n="a-1380"
                     ecep:lem="tear"
                     ecep:pos="n1"
                     ecep:reg="tear"
                     ecep:spe="tear"
                     ecep:syllab="1"
                     ecep:pron="tɪə">tear</w>
                  <c> </c>
                  <w xmlns:ecep="http://www.eighteenthcenturypoetry.org/ns"
                     xml:id="bsb18-568240"
                     n="a-1390"
                     ecep:lem="then"
                     ecep:pos="av"
                     ecep:reg="then"
                     ecep:spe="then"
                     ecep:syllab="1"
                     ecep:pron="ðen">then</w>
                  <c> </c>
                  <w xmlns:ecep="http://www.eighteenthcenturypoetry.org/ns"
                     xml:id="bsb18-568250"
                     n="a-1400"
                     ecep:lem="flow"
                     ecep:pos="vvi"
                     ecep:reg="flow"
                     ecep:spe="flow"
                     ecep:syllab="1"
                     ecep:pron="fləʊ">flow</w>
                  <c> </c>
                  <w xmlns:ecep="http://www.eighteenthcenturypoetry.org/ns"
                     xml:id="bsb18-568260"
                     n="a-1410"
                     ecep:lem="on"
                     ecep:pos="a-acp"
                     ecep:reg="on"
                     ecep:spe="on"
                     ecep:syllab="1"
                     ecep:pron="ɒn">on</w>
                  <pc xmlns:ecep="http://www.eighteenthcenturypoetry.org/ns"
                      xml:id="bsb18-568270"
                      n="a-1420"
                      ecep:lem=","
                      ecep:pos=","
                      ecep:reg=","
                      ecep:spe=",">,</pc>
                  <c> </c>
                  <w xmlns:ecep="http://www.eighteenthcenturypoetry.org/ns"
                     xml:id="bsb18-568280"
                     n="a-1430"
                     ecep:lem="nor"
                     ecep:pos="ccx"
                     ecep:reg="nor"
                     ecep:spe="nor"
                     ecep:syllab="1"
                     ecep:pron="nɔː">nor</w>
                  <c> </c>
                  <w xmlns:ecep="http://www.eighteenthcenturypoetry.org/ns"
                     xml:id="bsb18-568290"
                     n="a-1440"
                     ecep:lem="mark"
                     ecep:pos="vvb"
                     ecep:reg="mark"
                     ecep:spe="mark"
                     ecep:syllab="1"
                     ecep:pron="mɑːk">mark</w>
                  <c> </c>
                  <w xmlns:ecep="http://www.eighteenthcenturypoetry.org/ns"
                     xml:id="bsb18-568300"
                     n="a-1450"
                     ecep:lem="the"
                     ecep:pos="dt"
                     ecep:reg="the"
                     ecep:spe="the"
                     ecep:syllab="1"
                     ecep:pron="ðiː">the</w>
                  <c> </c>
                  <w xmlns:ecep="http://www.eighteenthcenturypoetry.org/ns"
                     xml:id="bsb18-568310"
                     n="a-1460"
                     ecep:lem="full"
                     ecep:pos="j"
                     ecep:reg="full"
                     ecep:spe="full"
                     ecep:syllab="1"
                     ecep:pron="fʊl">full</w>
                  <c> </c>
                  <w xmlns:ecep="http://www.eighteenthcenturypoetry.org/ns"
                     xml:id="bsb18-568320"
                     n="a-1470"
                     ecep:lem="eye"
                     ecep:pos="n1"
                     ecep:reg="eye"
                     ecep:spe="eye"
                     ecep:syllab="1"
                     ecep:pron="aɪ">eye</w>
                  <pc xmlns:ecep="http://www.eighteenthcenturypoetry.org/ns"
                      xml:id="bsb18-568330"
                      n="a-1480"
                      ecep:lem=","
                      ecep:pos=","
                      ecep:reg=","
                      ecep:spe=",">,</pc>
               </l>
               <l xml:id="bsb18-l25405">
                  <c> </c>
                  <w xmlns:ecep="http://www.eighteenthcenturypoetry.org/ns"
                     xml:id="bsb18-568340"
                     n="a-1490"
                     ecep:lem="it|be"
                     ecep:pos="pn31|vbz"
                     ecep:reg="It's"
                     ecep:spe="'Tis"
                     ecep:syllab="1"
                     ecep:pron="tɪz">'Tis</w>
                  <c> </c>
                  <w xmlns:ecep="http://www.eighteenthcenturypoetry.org/ns"
                     xml:id="bsb18-568350"
                     n="a-1500"
                     ecep:lem="the"
                     ecep:pos="dt"
                     ecep:reg="the"
                     ecep:spe="the"
                     ecep:syllab="1"
                     ecep:pron="ðiː">the</w>
                  <c> </c>
                  <w xmlns:ecep="http://www.eighteenthcenturypoetry.org/ns"
                     xml:id="bsb18-568360"
                     n="a-1510"
                     ecep:lem="soul"
                     ecep:pos="ng1"
                     ecep:reg="soul's"
                     ecep:spe="soul's"
                     ecep:syllab="1"
                     ecep:pron="səʊlz">soul's</w>
                  <c> </c>
                  <w xmlns:ecep="http://www.eighteenthcenturypoetry.org/ns"
                     xml:id="bsb18-568370"
                     n="a-1520"
                     ecep:lem="secret"
                     ecep:pos="n1"
                     ecep:reg="secret"
                     ecep:spe="secret"
                     ecep:syllab="2"
                     ecep:pron="ˈsiːkrət">secret</w>
                  <c> </c>
                  <w xmlns:ecep="http://www.eighteenthcenturypoetry.org/ns"
                     xml:id="bsb18-568380"
                     n="a-1530"
                     ecep:lem="offer"
                     ecep:pos="vvg"
                     ecep:reg="offering"
                     ecep:spe="off'ring"
                     ecep:syllab="2"
                     ecep:pron="ˈɒfrɪŋ">off'ring</w>
                  <c> </c>
                  <w xmlns:ecep="http://www.eighteenthcenturypoetry.org/ns"
                     xml:id="bsb18-568390"
                     n="a-1540"
                     ecep:lem="no"
                     ecep:pos="dx"
                     ecep:reg="no"
                     ecep:spe="no"
                     ecep:syllab="1"
                     ecep:pron="nəʊ">no</w>
                  <c> </c>
                  <w xmlns:ecep="http://www.eighteenthcenturypoetry.org/ns"
                     xml:id="bsb18-568400"
                     n="a-1550"
                     ecep:lem="mortal"
                     ecep:pos="j-jn"
                     ecep:reg="mortal"
                     ecep:spe="mortal"
                     ecep:syllab="2"
                     ecep:pron="ˈmɔːtl">mortal</w>
                  <c> </c>
                  <w xmlns:ecep="http://www.eighteenthcenturypoetry.org/ns"
                     xml:id="bsb18-568410"
                     n="a-1560"
                     ecep:lem="shall"
                     ecep:pos="vmd"
                     ecep:reg="should"
                     ecep:spe="should"
                     ecep:syllab="1"
                     ecep:pron="ʃʊd">should</w>
                  <c> </c>
                  <w xmlns:ecep="http://www.eighteenthcenturypoetry.org/ns"
                     xml:id="bsb18-568420"
                     n="a-1570"
                     ecep:lem="spy"
                     ecep:pos="vvi"
                     ecep:reg="spy"
                     ecep:spe="spy"
                     ecep:syllab="1"
                     ecep:pron="spaɪ">spy</w>
                  <pc xmlns:ecep="http://www.eighteenthcenturypoetry.org/ns"
                      xml:id="bsb18-568430"
                      n="a-1580"
                      ecep:lem=";"
                      ecep:pos=";"
                      ecep:reg=";"
                      ecep:spe=";">;</pc>
               </l>
               <l xml:id="bsb18-l25410">
                  <c> </c>
                  <w xmlns:ecep="http://www.eighteenthcenturypoetry.org/ns"
                     xml:id="bsb18-568440"
                     n="a-1590"
                     ecep:lem="few"
                     ecep:pos="d"
                     ecep:reg="Few"
                     ecep:spe="Few"
                     ecep:syllab="1"
                     ecep:pron="fjuː">Few</w>
                  <c> </c>
                  <w xmlns:ecep="http://www.eighteenthcenturypoetry.org/ns"
                     xml:id="bsb18-568450"
                     n="a-1600"
                     ecep:lem="heart"
                     ecep:pos="n2"
                     ecep:reg="hearts"
                     ecep:spe="hearts"
                     ecep:syllab="1"
                     ecep:pron="hɑːts">hearts</w>
                  <c> </c>
                  <w xmlns:ecep="http://www.eighteenthcenturypoetry.org/ns"
                     xml:id="bsb18-568460"
                     n="a-1610"
                     ecep:lem="be"
                     ecep:pos="vbr"
                     ecep:reg="are"
                     ecep:spe="are"
                     ecep:syllab="1"
                     ecep:pron="ɑː">are</w>
                  <c> </c>
                  <w xmlns:ecep="http://www.eighteenthcenturypoetry.org/ns"
                     xml:id="bsb18-568470"
                     n="a-1620"
                     ecep:lem="prepare"
                     ecep:pos="vvn"
                     ecep:reg="prepared"
                     ecep:spe="prepar'd"
                     ecep:syllab="2"
                     ecep:pron="prɪˈpeəd">prepar'd</w>
                  <c> </c>
                  <w xmlns:ecep="http://www.eighteenthcenturypoetry.org/ns"
                     xml:id="bsb18-568480"
                     n="a-1630"
                     ecep:lem="for"
                     ecep:pos="p-acp"
                     ecep:reg="for"
                     ecep:spe="for"
                     ecep:syllab="1"
                     ecep:pron="fɔː">for</w>
                  <c> </c>
                  <w xmlns:ecep="http://www.eighteenthcenturypoetry.org/ns"
                     xml:id="bsb18-568490"
                     n="a-1640"
                     ecep:lem="a"
                     ecep:pos="dt"
                     ecep:reg="a"
                     ecep:spe="a"
                     ecep:syllab="1"
                     ecep:pron="ə">a</w>
                  <c> </c>
                  <w xmlns:ecep="http://www.eighteenthcenturypoetry.org/ns"
                     xml:id="bsb18-568500"
                     n="a-1650"
                     ecep:lem="rite"
                     ecep:pos="n1"
                     ecep:reg="rite"
                     ecep:spe="rite"
                     ecep:syllab="1"
                     ecep:pron="raɪt">rite</w>
                  <c> </c>
                  <w xmlns:ecep="http://www.eighteenthcenturypoetry.org/ns"
                     xml:id="bsb18-568510"
                     n="a-1660"
                     ecep:lem="so"
                     ecep:pos="av"
                     ecep:reg="so"
                     ecep:spe="so"
                     ecep:syllab="1"
                     ecep:pron="səʊ">so</w>
                  <c> </c>
                  <w xmlns:ecep="http://www.eighteenthcenturypoetry.org/ns"
                     xml:id="bsb18-568520"
                     n="a-1670"
                     ecep:lem="divine"
                     ecep:pos="j-jn"
                     ecep:reg="divine"
                     ecep:spe="divine"
                     ecep:syllab="2"
                     ecep:pron="dɪˈvaɪn">divine</w>
                  <pc xmlns:ecep="http://www.eighteenthcenturypoetry.org/ns"
                      xml:id="bsb18-568530"
                      n="a-1680"
                      ecep:lem=","
                      ecep:pos=","
                      ecep:reg=","
                      ecep:spe=",">,</pc>
               </l>
               <l xml:id="bsb18-l25415">
                  <c> </c>
                  <w xmlns:ecep="http://www.eighteenthcenturypoetry.org/ns"
                     xml:id="bsb18-568540"
                     n="a-1690"
                     ecep:lem="when"
                     ecep:pos="c-crq"
                     ecep:reg="When"
                     ecep:spe="When"
                     ecep:syllab="1"
                     ecep:pron="wen">When</w>
                  <c> </c>
                  <w xmlns:ecep="http://www.eighteenthcenturypoetry.org/ns"
                     xml:id="bsb18-568550"
                     n="a-1700"
                     ecep:lem="the"
                     ecep:pos="dt"
                     ecep:reg="the"
                     ecep:spe="the"
                     ecep:syllab="1"
                     ecep:pron="ðiː">the</w>
                  <c> </c>
                  <w xmlns:ecep="http://www.eighteenthcenturypoetry.org/ns"
                     xml:id="bsb18-568560"
                     n="a-1710"
                     ecep:lem="feeling"
                     ecep:pos="n2"
                     ecep:reg="feelings"
                     ecep:spe="feelings"
                     ecep:syllab="2"
                     ecep:pron="ˈfiːlɪŋz">feelings</w>
                  <c> </c>
                  <w xmlns:ecep="http://www.eighteenthcenturypoetry.org/ns"
                     xml:id="bsb18-568570"
                     n="a-1720"
                     ecep:lem="alone"
                     ecep:pos="j"
                     ecep:reg="alone"
                     ecep:spe="alone"
                     ecep:syllab="2"
                     ecep:pron="əˈləʊn">alone</w>
                  <c> </c>
                  <w xmlns:ecep="http://www.eighteenthcenturypoetry.org/ns"
                     xml:id="bsb18-568580"
                     n="a-1730"
                     ecep:lem="sacrifice"
                     ecep:pos="n1"
                     ecep:reg="sacrifice"
                     ecep:spe="sacrifice"
                     ecep:syllab="3"
                     ecep:pron="ˈsækrɪfaɪs">sacrifice</w>
                  <c> </c>
                  <w xmlns:ecep="http://www.eighteenthcenturypoetry.org/ns"
                     xml:id="bsb18-568590"
                     n="a-1740"
                     ecep:lem="at"
                     ecep:pos="p-acp"
                     ecep:reg="at"
                     ecep:spe="at"
                     ecep:syllab="1"
                     ecep:pron="æt">at</w>
                  <c> </c>
                  <w xmlns:ecep="http://www.eighteenthcenturypoetry.org/ns"
                     xml:id="bsb18-568600"
                     n="a-1750"
                     ecep:lem="the"
                     ecep:pos="dt"
                     ecep:reg="the"
                     ecep:spe="the"
                     ecep:syllab="1"
                     ecep:pron="ðiː">the</w>
                  <c> </c>
                  <w xmlns:ecep="http://www.eighteenthcenturypoetry.org/ns"
                     xml:id="bsb18-568610"
                     n="a-1760"
                     ecep:lem="shrine"
                     ecep:pos="n1"
                     ecep:reg="shrine"
                     ecep:spe="shrine"
                     ecep:syllab="1"
                     ecep:pron="ʃraɪn">shrine</w>
                  <pc xmlns:ecep="http://www.eighteenthcenturypoetry.org/ns"
                      xml:id="bsb18-568620"
                      n="a-1770"
                      unit="sentence"
                      ecep:lem="."
                      ecep:pos="."
                      ecep:reg="."
                      ecep:spe=".">.</pc>
                  <c> </c>
               </l>
            </lg>
         </div>
      </body>
   </text>
</TEI>
