<?xml version="1.0" encoding="utf-8"?>
<!DOCTYPE div
  SYSTEM "about:legacy-compat">
<div xmlns:ecep="http://www.eighteenthcenturypoetry.org/ns"
     xmlns="http://www.tei-c.org/ns/1.0"
     xmlns:tei="http://www.tei-c.org/ns/1.0"
     ana="#iamb #pentameter #sonnet"
     corresp="#txt_SmitCh1749_w0022"
     decls="#semi-normalized"
     ecep:syllab="10"
     met="-+|-+|-+|-+|-+/"
     n="21"
     rendition="#lgvspace"
     rhyme="ababcdcdefefgg"
     subtype="eceptext"
     type="sonnet"
     xml:id="n22cs-w0210">
   <link target="authors.xml#aut_SmitCh1749" type="author"/>
   <head type="main">
      <w xml:id="n22cs-060680"
         n="0040-a-0010"
         ecep:lem="sonnet"
         ecep:pos="n1"
         ecep:reg="SONNET"
         ecep:spe="SONNET"
         ecep:syllab="2"
         ecep:pron="ˈsɒnɪt">SONNET</w>
      <c> </c>
      <supplied>21</supplied>
      <c> </c>
      <w xml:id="n22cs-060690"
         n="0040-a-0020"
         ecep:lem="xxi"
         ecep:pos="crd"
         ecep:reg="XXI"
         ecep:spe="XXI"
         ecep:syllab="1"
         ecep:pron="rˌəʊməntwˈentiwˈɒn">XXI</w>
      <pc xml:id="n22cs-060700"
          n="0040-a-0030"
          unit="sentence"
          ecep:lem="."
          ecep:pos="."
          ecep:reg="."
          ecep:spe=".">.</pc>
      <c> </c>
      <hi>
         <w xml:id="n22cs-060710"
            n="0040-a-0040"
            ecep:lem="suppose"
            ecep:pos="j-vvn"
            ecep:reg="Supposed"
            ecep:spe="Supposed"
            ecep:syllab="2"
            ecep:pron="səˈpəʊzd">Supposed</w>
         <c> </c>
         <w xml:id="n22cs-060720"
            n="0040-a-0050"
            ecep:lem="to"
            ecep:pos="pc-acp"
            ecep:reg="to"
            ecep:spe="to"
            ecep:syllab="1"
            ecep:pron="tuː">to</w>
         <c> </c>
         <w xml:id="n22cs-060730"
            n="0040-a-0060"
            ecep:lem="be"
            ecep:pos="vbi"
            ecep:reg="be"
            ecep:spe="be"
            ecep:syllab="1"
            ecep:pron="biː">be</w>
         <c> </c>
         <w xml:id="n22cs-060740"
            n="0040-a-0070"
            ecep:lem="write"
            ecep:pos="vvn"
            ecep:reg="written"
            ecep:spe="written"
            ecep:syllab="2"
            ecep:pron="ˈrɪtn">written</w>
         <c> </c>
         <w xml:id="n22cs-060750"
            n="0040-a-0080"
            ecep:lem="by"
            ecep:pos="p-acp"
            ecep:reg="by"
            ecep:spe="by"
            ecep:syllab="1"
            ecep:pron="baɪ">by</w>
         <c> </c>
         <w xml:id="n22cs-060760"
            n="0040-a-0090"
            ecep:lem="Werter"
            ecep:pos="np1"
            ecep:reg="Werter"
            ecep:spe="Werter"
            ecep:syllab="2"
            ecep:pron="wˈɜːtə">Werter</w>
         <pc xml:id="n22cs-060770"
             n="0040-a-0100"
             unit="sentence"
             ecep:lem="."
             ecep:pos="."
             ecep:reg="."
             ecep:spe=".">.</pc>
         <c> </c>
      </hi>
   </head>
   <lg xml:id="n22cs-s00435">
      <l xml:id="n22cs-l01535">
         <w xml:id="n22cs-060800"
            n="0040-a-0110"
            ecep:lem="go"
            ecep:pos="vvb"
            ecep:reg="GO"
            ecep:spe="GO"
            ecep:syllab="1"
            ecep:pron="gəʊ">GO</w>
         <pc xml:id="n22cs-060810"
             n="0040-a-0120"
             ecep:lem="!"
             ecep:pos="!"
             ecep:reg="!"
             ecep:spe="!">!</pc>
         <c> </c>
         <w xml:id="n22cs-060820"
            n="0040-a-0130"
            ecep:lem="cruel"
            ecep:pos="j"
            ecep:reg="cruel"
            ecep:spe="cruel"
            ecep:syllab="2"
            ecep:pron="ˈkruːəl">cruel</w>
         <c> </c>
         <w xml:id="n22cs-060830"
            n="0040-a-0140"
            ecep:lem="tyrant"
            ecep:pos="n1"
            ecep:reg="tyrant"
            ecep:spe="tyrant"
            ecep:syllab="2"
            ecep:pron="ˈtaɪrənt">tyrant</w>
         <c> </c>
         <w xml:id="n22cs-060840"
            n="0040-a-0150"
            ecep:lem="of"
            ecep:pos="pp-f"
            ecep:reg="of"
            ecep:spe="of"
            ecep:syllab="1"
            ecep:pron="ɒv">of</w>
         <c> </c>
         <w xml:id="n22cs-060850"
            n="0040-a-0160"
            ecep:lem="the"
            ecep:pos="dt"
            ecep:reg="the"
            ecep:spe="the"
            ecep:syllab="1"
            ecep:pron="ðə">the</w>
         <c> </c>
         <w xml:id="n22cs-060860"
            n="0040-a-0170"
            ecep:lem="human"
            ecep:pos="j"
            ecep:reg="human"
            ecep:spe="human"
            ecep:syllab="2"
            ecep:pron="ˈhjuːmən">human</w>
         <c> </c>
         <w xml:id="n22cs-060870"
            n="0040-a-0180"
            ecep:lem="breast"
            ecep:pos="n1"
            ecep:reg="breast"
            ecep:spe="breast"
            ecep:syllab="1"
            ecep:pron="brest">breast</w>
         <pc xml:id="n22cs-060880"
             n="0040-a-0190"
             unit="sentence"
             ecep:lem="!"
             ecep:pos="!"
             ecep:reg="!"
             ecep:spe="!">!</pc>
         <c> </c>
      </l>
      <l xml:id="n22cs-l01540">
         <w xml:id="n22cs-060890"
            n="0040-a-0200"
            ecep:lem="to"
            ecep:pos="p-acp"
            ecep:reg="To"
            ecep:spe="To"
            ecep:syllab="1"
            ecep:pron="tuː">To</w>
         <c> </c>
         <w xml:id="n22cs-060900"
            n="0040-a-0210"
            ecep:lem="other"
            ecep:pos="j-jn"
            ecep:reg="other"
            ecep:spe="other"
            ecep:syllab="2"
            ecep:pron="ˈʌðə">other</w>
         <c> </c>
         <w xml:id="n22cs-060910"
            n="0040-a-0220"
            ecep:lem="heart"
            ecep:pos="n2"
            ecep:reg="hearts"
            ecep:spe="hearts"
            ecep:syllab="1"
            ecep:pron="hɑːts">hearts</w>
         <pc xml:id="n22cs-060920"
             n="0040-a-0230"
             ecep:lem=","
             ecep:pos=","
             ecep:reg=","
             ecep:spe=",">,</pc>
         <c> </c>
         <w xml:id="n22cs-060930"
            n="0040-a-0240"
            ecep:lem="thy"
            ecep:pos="po21"
            ecep:reg="thy"
            ecep:spe="thy"
            ecep:syllab="1"
            ecep:pron="ðaɪ">thy</w>
         <c> </c>
         <w xml:id="n22cs-060940"
            n="0040-a-0250"
            ecep:lem="burn"
            ecep:pos="j-vvg"
            ecep:reg="burning"
            ecep:spe="burning"
            ecep:syllab="2"
            ecep:pron="ˈbɜːnɪŋ">burning</w>
         <c> </c>
         <w xml:id="n22cs-060950"
            n="0040-a-0260"
            ecep:lem="arrow"
            ecep:pos="n2"
            ecep:reg="arrows"
            ecep:spe="arrows"
            ecep:syllab="2"
            ecep:pron="ˈærəʊz">arrows</w>
         <c> </c>
         <w xml:id="n22cs-060960"
            n="0040-a-0270"
            ecep:lem="bear"
            ecep:pos="vvi"
            ecep:reg="bear"
            ecep:spe="bear"
            ecep:syllab="1"
            ecep:pron="beə">bear</w>
         <pc xml:id="n22cs-060970"
             n="0040-a-0280"
             ecep:lem=";"
             ecep:pos=";"
             ecep:reg=";"
             ecep:spe=";">;</pc>
      </l>
      <l xml:id="n22cs-l01545">
         <c> </c>
         <w xml:id="n22cs-060980"
            n="0040-a-0290"
            ecep:lem="go"
            ecep:pos="vvb"
            ecep:reg="Go"
            ecep:spe="Go"
            ecep:syllab="1"
            ecep:pron="gəʊ">Go</w>
         <pc xml:id="n22cs-060990"
             n="0040-a-0300"
             ecep:lem=","
             ecep:pos=","
             ecep:reg=","
             ecep:spe=",">,</pc>
         <c> </c>
         <w xml:id="n22cs-061000"
            n="0040-a-0310"
            ecep:lem="where"
            ecep:pos="c-crq"
            ecep:reg="where"
            ecep:spe="where"
            ecep:syllab="1"
            ecep:pron="weə">where</w>
         <c> </c>
         <w xml:id="n22cs-061010"
            n="0040-a-0320"
            ecep:lem="fond"
            ecep:pos="j"
            ecep:reg="fond"
            ecep:spe="fond"
            ecep:syllab="1"
            ecep:pron="fɒnd">fond</w>
         <c> </c>
         <w xml:id="n22cs-061020"
            n="0040-a-0330"
            ecep:lem="hope"
            ecep:pos="n1"
            ecep:reg="Hope"
            ecep:spe="Hope"
            ecep:syllab="1"
            ecep:pron="həʊp">Hope</w>
         <pc xml:id="n22cs-061030"
             n="0040-a-0340"
             ecep:lem=","
             ecep:pos=","
             ecep:reg=","
             ecep:spe=",">,</pc>
         <c> </c>
         <w xml:id="n22cs-061040"
            n="0040-a-0350"
            ecep:lem="and"
            ecep:pos="cc"
            ecep:reg="and"
            ecep:spe="and"
            ecep:syllab="1"
            ecep:pron="ænd">and</w>
         <c> </c>
         <w xml:id="n22cs-061050"
            n="0040-a-0360"
            ecep:lem="fair"
            ecep:pos="j"
            ecep:reg="fair"
            ecep:spe="fair"
            ecep:syllab="1"
            ecep:pron="feə">fair</w>
         <c> </c>
         <w xml:id="n22cs-061060"
            n="0040-a-0370"
            ecep:lem="illusion"
            ecep:pos="n1"
            ecep:reg="Illusion"
            ecep:spe="Illusion"
            ecep:syllab="3"
            ecep:pron="ɪˈluːʒən">Illusion</w>
         <c> </c>
         <w xml:id="n22cs-061070"
            n="0040-a-0380"
            ecep:lem="rest"
            ecep:pos="n1"
            ecep:reg="rest"
            ecep:spe="rest"
            ecep:syllab="1"
            ecep:pron="rest">rest</w>
         <pc xml:id="n22cs-061080"
             n="0040-a-0390"
             unit="sentence"
             ecep:lem="!"
             ecep:pos="!"
             ecep:reg="!"
             ecep:spe="!">!</pc>
         <c> </c>
      </l>
      <l xml:id="n22cs-l01550">
         <w xml:id="n22cs-061090"
            n="0040-a-0400"
            ecep:lem="ah"
            ecep:pos="uh"
            ecep:reg="Ah"
            ecep:spe="Ah"
            ecep:syllab="1"
            ecep:pron="ɑː">Ah</w>
         <pc xml:id="n22cs-061095"
             n="0040-a-0400"
             ecep:lem="!"
             ecep:pos="!"
             ecep:reg="!"
             ecep:spe="!">!</pc>
         <c> </c>
         <w xml:id="n22cs-061100"
            n="0040-a-0410"
            ecep:lem="why"
            ecep:pos="q-crq"
            ecep:reg="Why"
            ecep:spe="Why"
            ecep:syllab="1"
            ecep:pron="waɪ">Why</w>
         <c> </c>
         <w xml:id="n22cs-061110"
            n="0040-a-0420"
            ecep:lem="shall"
            ecep:pos="vmd"
            ecep:reg="should"
            ecep:spe="should"
            ecep:syllab="1"
            ecep:pron="ʃʊd">should</w>
         <c> </c>
         <w xml:id="n22cs-061120"
            n="0040-a-0430"
            ecep:lem="love"
            ecep:pos="n1"
            ecep:reg="love"
            ecep:spe="love"
            ecep:syllab="1"
            ecep:pron="lʌv">love</w>
         <c> </c>
         <w xml:id="n22cs-061130"
            n="0040-a-0440"
            ecep:lem="inhabit"
            ecep:pos="vvi"
            ecep:reg="inhabit"
            ecep:spe="inhabit"
            ecep:syllab="3"
            ecep:pron="ɪnˈhæbɪt">inhabit</w>
         <c> </c>
         <w xml:id="n22cs-061140"
            n="0040-a-0450"
            ecep:lem="with"
            ecep:pos="p-acp"
            ecep:reg="with"
            ecep:spe="with"
            ecep:syllab="1"
            ecep:pron="wɪð">with</w>
         <c> </c>
         <w xml:id="n22cs-061150"
            n="0040-a-0460"
            ecep:lem="despair"
            ecep:pos="n1"
            ecep:reg="despair"
            ecep:spe="despair"
            ecep:syllab="2"
            ecep:pron="dɪˈspeə">despair</w>
         <pc xml:id="n22cs-061160"
             n="0040-a-0470"
             unit="sentence"
             ecep:lem="!"
             ecep:pos="!"
             ecep:reg="!"
             ecep:spe="!">!</pc>
         <c> </c>
      </l>
      <l xml:id="n22cs-l01555">
         <w xml:id="n22cs-061170"
            n="0040-a-0480"
            ecep:lem="like"
            ecep:pos="j"
            ecep:reg="Like"
            ecep:spe="Like"
            ecep:syllab="1"
            ecep:pron="laɪk">Like</w>
         <c> </c>
         <w xml:id="n22cs-061180"
            n="0040-a-0490"
            ecep:lem="the"
            ecep:pos="dt"
            ecep:reg="the"
            ecep:spe="the"
            ecep:syllab="1"
            ecep:pron="ðə">the</w>
         <c> </c>
         <w xml:id="n22cs-061190"
            n="0040-a-0500"
            ecep:lem="poor"
            ecep:pos="j"
            ecep:reg="poor"
            ecep:spe="poor"
            ecep:syllab="1"
            ecep:pron="pʊə">poor</w>
         <c> </c>
         <w xml:id="n22cs-061200"
            n="0040-a-0510"
            ecep:lem="maniac"
            ecep:pos="n1"
            ecep:reg="maniac"
            ecep:spe="maniac"
            ecep:syllab="3"
            ecep:pron="ˈmeɪnɪˌæk">maniac</w>
         <c> </c>
         <w xml:id="n22cs-061210"
            n="0040-a-0520"
            ecep:lem="i"
            ecep:pos="pns11"
            ecep:reg="I"
            ecep:spe="I"
            ecep:syllab="1"
            ecep:pron="aɪ">I</w>
         <c> </c>
         <w xml:id="n22cs-061220"
            n="0040-a-0530"
            ecep:lem="linger"
            ecep:pos="vvb"
            ecep:reg="linger"
            ecep:spe="linger"
            ecep:syllab="2"
            ecep:pron="ˈlɪŋgə">linger</w>
         <c> </c>
         <w xml:id="n22cs-061230"
            n="0040-a-0540"
            ecep:lem="here"
            ecep:pos="av"
            ecep:reg="here"
            ecep:spe="here"
            ecep:syllab="1"
            ecep:pron="hɪə">here</w>
         <pc xml:id="n22cs-061240"
             n="0040-a-0550"
             ecep:lem=","
             ecep:pos=","
             ecep:reg=","
             ecep:spe=",">,</pc>
         <note n="[*]" place="bottom" xml:id="n22cs-n00130">
            <p xml:id="n22cs-s00440">
               <label>
                  <w xml:id="n22cs-061280"
                     n="0040-a-0560"
                     ecep:lem="line"
                     ecep:pos="n1"
                     ecep:reg="LINE"
                     ecep:spe="LINE"
                     ecep:syllab="1"
                     ecep:pron="laɪn">LINE</w>
                  <c> </c>
                  <w xml:id="n22cs-061290"
                     n="0040-a-0570"
                     ecep:lem="5."
                     ecep:pos="crd"
                     ecep:reg="5."
                     ecep:spe="5."
                     ecep:syllab="1"
                     ecep:pron="fˈaɪv">5.</w>
                  <pc unit="sentence" xml:id="n22cs-061290-eos" n="0040-a-0580"/>
                  <c> </c>
               </label>
               <q>
                  <w xml:id="n22cs-061320"
                     n="0040-a-0590"
                     ecep:lem="poor"
                     ecep:pos="j"
                     ecep:reg="Poor"
                     ecep:spe="Poor"
                     ecep:syllab="1"
                     ecep:pron="pʊə">Poor</w>
                  <c> </c>
                  <w xml:id="n22cs-061330"
                     n="0040-a-0600"
                     ecep:lem="maniac"
                     ecep:pos="n1"
                     ecep:reg="Maniac"
                     ecep:spe="Maniac"
                     ecep:syllab="3"
                     ecep:pron="ˈmeɪnɪˌæk">Maniac</w>
                  <pc xml:id="n22cs-061340"
                      n="0040-a-0610"
                      unit="sentence"
                      ecep:lem="."
                      ecep:pos="."
                      ecep:reg="."
                      ecep:spe=".">.</pc>
               </q>
            </p>
            <p xml:id="n22cs-s00445">
               <w xml:id="n22cs-061370"
                  n="0040-a-0620"
                  ecep:lem="see"
                  ecep:pos="vvb"
                  ecep:reg="See"
                  ecep:spe="See"
                  ecep:syllab="1"
                  ecep:pron="siː">See</w>
               <c> </c>
               <w xml:id="n22cs-061380"
                  n="0040-a-0630"
                  ecep:lem="the"
                  ecep:pos="dt"
                  ecep:reg="the"
                  ecep:spe="the"
                  ecep:syllab="1"
                  ecep:pron="ðə">the</w>
               <c> </c>
               <w xml:id="n22cs-061390"
                  n="0040-a-0640"
                  ecep:lem="story"
                  ecep:pos="n1"
                  ecep:reg="Storey"
                  ecep:spe="Story"
                  ecep:syllab="2"
                  ecep:pron="ˈstɔːrɪ">Story</w>
               <c> </c>
               <w xml:id="n22cs-061400"
                  n="0040-a-0650"
                  ecep:lem="of"
                  ecep:pos="pp-f"
                  ecep:reg="of"
                  ecep:spe="of"
                  ecep:syllab="1"
                  ecep:pron="ɒv">of</w>
               <c> </c>
               <w xml:id="n22cs-061410"
                  n="0040-a-0660"
                  ecep:lem="the"
                  ecep:pos="dt"
                  ecep:reg="the"
                  ecep:spe="the"
                  ecep:syllab="1"
                  ecep:pron="ðə">the</w>
               <c> </c>
               <w xml:id="n22cs-061420"
                  n="0040-a-0670"
                  ecep:lem="lunatic"
                  ecep:pos="n-jn"
                  ecep:reg="Lunatic"
                  ecep:spe="Lunatic"
                  ecep:syllab="3"
                  ecep:pron="ˈluːnətɪk">Lunatic</w>
               <pc xml:id="n22cs-061430"
                   n="0040-a-0680"
                   unit="sentence"
                   ecep:lem="."
                   ecep:pos="."
                   ecep:reg="."
                   ecep:spe=".">.</pc>
            </p>
            <p xml:id="n22cs-s00450">
               <q>
                  <w xml:id="n22cs-061470"
                     n="0040-a-0690"
                     ecep:lem="be"
                     ecep:pos="vbz"
                     ecep:reg="Is"
                     ecep:spe="Is"
                     ecep:syllab="1"
                     ecep:pron="ɪz">Is</w>
                  <c> </c>
                  <w xml:id="n22cs-061480"
                     n="0040-a-0700"
                     ecep:lem="this"
                     ecep:pos="d"
                     ecep:reg="this"
                     ecep:spe="this"
                     ecep:syllab="1"
                     ecep:pron="ðɪs">this</w>
                  <c> </c>
                  <w xml:id="n22cs-061490"
                     n="0040-a-0710"
                     ecep:lem="the"
                     ecep:pos="dt"
                     ecep:reg="the"
                     ecep:spe="the"
                     ecep:syllab="1"
                     ecep:pron="ðə">the</w>
                  <c> </c>
                  <w xml:id="n22cs-061500"
                     n="0040-a-0720"
                     ecep:lem="destiny"
                     ecep:pos="n1"
                     ecep:reg="destiny"
                     ecep:spe="destiny"
                     ecep:syllab="3"
                     ecep:pron="ˈdestɪnɪ">destiny</w>
                  <c> </c>
                  <w xml:id="n22cs-061510"
                     n="0040-a-0730"
                     ecep:lem="of"
                     ecep:pos="pp-f"
                     ecep:reg="of"
                     ecep:spe="of"
                     ecep:syllab="1"
                     ecep:pron="ɒv">of</w>
                  <c> </c>
                  <w xml:id="n22cs-061520"
                     n="0040-a-0740"
                     ecep:lem="man"
                     ecep:pos="n1"
                     ecep:reg="man"
                     ecep:spe="man"
                     ecep:syllab="1"
                     ecep:pron="mæn">man</w>
                  <pc xml:id="n22cs-061530"
                      n="0040-a-0750"
                      unit="sentence"
                      ecep:lem="?"
                      ecep:pos="?"
                      ecep:reg="?"
                      ecep:spe="?">?</pc>
                  <c> </c>
                  <w xml:id="n22cs-061540"
                     n="0040-a-0760"
                     ecep:lem="be"
                     ecep:pos="vbz"
                     ecep:reg="Is"
                     ecep:spe="Is"
                     ecep:syllab="1"
                     ecep:pron="ɪz">Is</w>
                  <c> </c>
                  <w xml:id="n22cs-061550"
                     n="0040-a-0770"
                     ecep:lem="he"
                     ecep:pos="pns31"
                     ecep:reg="he"
                     ecep:spe="he"
                     ecep:syllab="1"
                     ecep:pron="hiː">he</w>
                  <c> </c>
                  <w xml:id="n22cs-061560"
                     n="0040-a-0780"
                     ecep:lem="only"
                     ecep:pos="av-j"
                     ecep:reg="only"
                     ecep:spe="only"
                     ecep:syllab="2"
                     ecep:pron="ˈəʊnlɪ">only</w>
                  <c> </c>
                  <w xml:id="n22cs-061570"
                     n="0040-a-0790"
                     ecep:lem="happy"
                     ecep:pos="j"
                     ecep:reg="happy"
                     ecep:spe="happy"
                     ecep:syllab="2"
                     ecep:pron="ˈhæpɪ">happy</w>
                  <c> </c>
                  <w xml:id="n22cs-061580"
                     n="0040-a-0800"
                     ecep:lem="before"
                     ecep:pos="c-acp"
                     ecep:reg="before"
                     ecep:spe="before"
                     ecep:syllab="2"
                     ecep:pron="bɪˈfɔː">before</w>
                  <c> </c>
                  <w xml:id="n22cs-061590"
                     n="0040-a-0810"
                     ecep:lem="he"
                     ecep:pos="pns31"
                     ecep:reg="he"
                     ecep:spe="he"
                     ecep:syllab="1"
                     ecep:pron="hiː">he</w>
                  <c> </c>
                  <w xml:id="n22cs-061600"
                     n="0040-a-0820"
                     ecep:lem="possess"
                     ecep:pos="vvz"
                     ecep:reg="possesses"
                     ecep:spe="possesses"
                     ecep:syllab="3"
                     ecep:pron="pəˈzesɪz">possesses</w>
                  <c> </c>
                  <w xml:id="n22cs-061610"
                     n="0040-a-0830"
                     ecep:lem="his"
                     ecep:pos="po31"
                     ecep:reg="his"
                     ecep:spe="his"
                     ecep:syllab="1"
                     ecep:pron="hɪz">his</w>
                  <c> </c>
                  <w xml:id="n22cs-061620"
                     n="0040-a-0840"
                     ecep:lem="reason"
                     ecep:pos="n1"
                     ecep:reg="reason"
                     ecep:spe="reason"
                     ecep:syllab="2"
                     ecep:pron="ˈriːzn">reason</w>
                  <pc xml:id="n22cs-061630"
                      n="0040-a-0850"
                      ecep:lem=","
                      ecep:pos=","
                      ecep:reg=","
                      ecep:spe=",">,</pc>
                  <c> </c>
                  <w xml:id="n22cs-061640"
                     n="0040-a-0860"
                     ecep:lem="or"
                     ecep:pos="cc"
                     ecep:reg="or"
                     ecep:spe="or"
                     ecep:syllab="1"
                     ecep:pron="ɔː">or</w>
                  <c> </c>
                  <w xml:id="n22cs-061650"
                     n="0040-a-0870"
                     ecep:lem="after"
                     ecep:pos="c-acp"
                     ecep:reg="after"
                     ecep:spe="after"
                     ecep:syllab="2"
                     ecep:pron="ˈɑːftə">after</w>
                  <c> </c>
                  <w xml:id="n22cs-061660"
                     n="0040-a-0880"
                     ecep:lem="he"
                     ecep:pos="pns31"
                     ecep:reg="he"
                     ecep:spe="he"
                     ecep:syllab="1"
                     ecep:pron="hiː">he</w>
                  <c> </c>
                  <w xml:id="n22cs-061670"
                     n="0040-a-0890"
                     ecep:lem="have"
                     ecep:pos="vhz"
                     ecep:reg="has"
                     ecep:spe="has"
                     ecep:syllab="1"
                     ecep:pron="hæz">has</w>
                  <c> </c>
                  <w xml:id="n22cs-061680"
                     n="0040-a-0900"
                     ecep:lem="lose"
                     ecep:pos="vvn"
                     ecep:reg="lost"
                     ecep:spe="lost"
                     ecep:syllab="1"
                     ecep:pron="lɒst">lost</w>
                  <c> </c>
                  <w xml:id="n22cs-061690"
                     n="0040-a-0910"
                     ecep:lem="it"
                     ecep:pos="pn31"
                     ecep:reg="it"
                     ecep:spe="it"
                     ecep:syllab="1"
                     ecep:pron="ɪt">it</w>
                  <pc xml:id="n22cs-061700"
                      n="0040-a-0920"
                      ecep:lem="?"
                      ecep:pos="?"
                      ecep:reg="?"
                      ecep:spe="?">?</pc>
                  <c> </c>
                  <pc xml:id="n22cs-061710"
                      n="0040-a-0930"
                      ecep:lem="—"
                      ecep:pos="—"
                      ecep:reg="—"
                      ecep:spe="—">—</pc>
                  <c> </c>
                  <w xml:id="n22cs-061720"
                     n="0040-a-0940"
                     ecep:lem="full"
                     ecep:pos="j"
                     ecep:reg="Full"
                     ecep:spe="Full"
                     ecep:syllab="1"
                     ecep:pron="fʊl">Full</w>
                  <c> </c>
                  <w xml:id="n22cs-061730"
                     n="0040-a-0950"
                     ecep:lem="of"
                     ecep:pos="pp-f"
                     ecep:reg="of"
                     ecep:spe="of"
                     ecep:syllab="1"
                     ecep:pron="ɒv">of</w>
                  <c> </c>
                  <w xml:id="n22cs-061740"
                     n="0040-a-0960"
                     ecep:lem="hope"
                     ecep:pos="n1"
                     ecep:reg="hope"
                     ecep:spe="hope"
                     ecep:syllab="1"
                     ecep:pron="həʊp">hope</w>
                  <c> </c>
                  <w xml:id="n22cs-061750"
                     n="0040-a-0970"
                     ecep:lem="you"
                     ecep:pos="pn22"
                     ecep:reg="you"
                     ecep:spe="you"
                     ecep:syllab="1"
                     ecep:pron="juː">you</w>
                  <c> </c>
                  <w xml:id="n22cs-061760"
                     n="0040-a-0980"
                     ecep:lem="go"
                     ecep:pos="vvb"
                     ecep:reg="go"
                     ecep:spe="go"
                     ecep:syllab="1"
                     ecep:pron="gəʊ">go</w>
                  <c> </c>
                  <w xml:id="n22cs-061770"
                     n="0040-a-0990"
                     ecep:lem="to"
                     ecep:pos="pc-acp"
                     ecep:reg="to"
                     ecep:spe="to"
                     ecep:syllab="1"
                     ecep:pron="tuː">to</w>
                  <c> </c>
                  <w xml:id="n22cs-061780"
                     n="0040-a-1000"
                     ecep:lem="gather"
                     ecep:pos="vvi"
                     ecep:reg="gather"
                     ecep:spe="gather"
                     ecep:syllab="2"
                     ecep:pron="ˈgæðə">gather</w>
                  <c> </c>
                  <w xml:id="n22cs-061790"
                     n="0040-a-1010"
                     ecep:lem="flower"
                     ecep:pos="n2"
                     ecep:reg="flowers"
                     ecep:spe="flowers"
                     ecep:syllab="2"
                     ecep:pron="ˈflaʊəz">flowers</w>
                  <c> </c>
                  <w xml:id="n22cs-061800"
                     n="0040-a-1020"
                     ecep:lem="in"
                     ecep:pos="p-acp"
                     ecep:reg="in"
                     ecep:spe="in"
                     ecep:syllab="1"
                     ecep:pron="ɪn">in</w>
                  <c> </c>
                  <w xml:id="n22cs-061810"
                     n="0040-a-1030"
                     ecep:lem="winter"
                     ecep:pos="n1"
                     ecep:reg="Winter"
                     ecep:spe="Winter"
                     ecep:syllab="2"
                     ecep:pron="ˈwɪntə">Winter</w>
                  <pc xml:id="n22cs-061820"
                      n="0040-a-1040"
                      ecep:lem=","
                      ecep:pos=","
                      ecep:reg=","
                      ecep:spe=",">,</pc>
                  <c> </c>
                  <w xml:id="n22cs-061830"
                     n="0040-a-1050"
                     ecep:lem="and"
                     ecep:pos="cc"
                     ecep:reg="and"
                     ecep:spe="and"
                     ecep:syllab="1"
                     ecep:pron="ænd">and</w>
                  <c> </c>
                  <w xml:id="n22cs-061840"
                     n="0040-a-1060"
                     ecep:lem="be"
                     ecep:pos="vbb"
                     ecep:reg="are"
                     ecep:spe="are"
                     ecep:syllab="1"
                     ecep:pron="ɑː">are</w>
                  <c> </c>
                  <w xml:id="n22cs-061850"
                     n="0040-a-1070"
                     ecep:lem="grieve"
                     ecep:pos="vvn"
                     ecep:reg="grieved"
                     ecep:spe="grieved"
                     ecep:syllab="1"
                     ecep:pron="griːvd">grieved</w>
                  <c> </c>
                  <w xml:id="n22cs-061860"
                     n="0040-a-1080"
                     ecep:lem="not"
                     ecep:pos="xx"
                     ecep:reg="not"
                     ecep:spe="not"
                     ecep:syllab="1"
                     ecep:pron="nɒt">not</w>
                  <c> </c>
                  <w xml:id="n22cs-061870"
                     n="0040-a-1090"
                     ecep:lem="to"
                     ecep:pos="pc-acp"
                     ecep:reg="to"
                     ecep:spe="to"
                     ecep:syllab="1"
                     ecep:pron="tuː">to</w>
                  <c> </c>
                  <w xml:id="n22cs-061880"
                     n="0040-a-1100"
                     ecep:lem="find"
                     ecep:pos="vvi"
                     ecep:reg="find"
                     ecep:spe="find"
                     ecep:syllab="1"
                     ecep:pron="faɪnd">find</w>
                  <c> </c>
                  <w xml:id="n22cs-061890"
                     n="0040-a-1110"
                     ecep:lem="any"
                     ecep:pos="d"
                     ecep:reg="any"
                     ecep:spe="any"
                     ecep:syllab="2"
                     ecep:pron="ˈenɪ">any</w>
                  <c> </c>
                  <pc xml:id="n22cs-061900"
                      n="0040-a-1120"
                      ecep:lem="—"
                      ecep:pos="—"
                      ecep:reg="—"
                      ecep:spe="—">—</pc>
                  <c> </c>
                  <w xml:id="n22cs-061910"
                     n="0040-a-1130"
                     ecep:lem="and"
                     ecep:pos="cc"
                     ecep:reg="and"
                     ecep:spe="and"
                     ecep:syllab="1"
                     ecep:pron="ænd">and</w>
                  <c> </c>
                  <w xml:id="n22cs-061920"
                     n="0040-a-1140"
                     ecep:lem="do"
                     ecep:pos="vdb"
                     ecep:reg="do"
                     ecep:spe="do"
                     ecep:syllab="1"
                     ecep:pron="duː">do</w>
                  <c> </c>
                  <w xml:id="n22cs-061930"
                     n="0040-a-1150"
                     ecep:lem="not"
                     ecep:pos="xx"
                     ecep:reg="not"
                     ecep:spe="not"
                     ecep:syllab="1"
                     ecep:pron="nɒt">not</w>
                  <c> </c>
                  <w xml:id="n22cs-061940"
                     n="0040-a-1160"
                     ecep:lem="know"
                     ecep:pos="vvi"
                     ecep:reg="know"
                     ecep:spe="know"
                     ecep:syllab="1"
                     ecep:pron="nəʊ">know</w>
                  <c> </c>
                  <w xml:id="n22cs-061950"
                     n="0040-a-1170"
                     ecep:lem="why"
                     ecep:pos="c-crq"
                     ecep:reg="why"
                     ecep:spe="why"
                     ecep:syllab="1"
                     ecep:pron="waɪ">why</w>
                  <c> </c>
                  <w xml:id="n22cs-061960"
                     n="0040-a-1180"
                     ecep:lem="they"
                     ecep:pos="pns32"
                     ecep:reg="they"
                     ecep:spe="they"
                     ecep:syllab="1"
                     ecep:pron="ðeɪ">they</w>
                  <c> </c>
                  <w xml:id="n22cs-061970"
                     n="0040-a-1190"
                     ecep:lem="can"
                     ecep:pos="vmbx"
                     ecep:reg="cannot"
                     ecep:spe="cannot"
                     ecep:syllab="2"
                     ecep:pron="ˈkænɒt">cannot</w>
                  <c> </c>
                  <w xml:id="n22cs-061980"
                     n="0040-a-1200"
                     ecep:lem="be"
                     ecep:pos="vbi"
                     ecep:reg="be"
                     ecep:spe="be"
                     ecep:syllab="1"
                     ecep:pron="biː">be</w>
                  <c> </c>
                  <w xml:id="n22cs-061990"
                     n="0040-a-1210"
                     ecep:lem="find"
                     ecep:pos="vvn"
                     ecep:reg="found"
                     ecep:spe="found"
                     ecep:syllab="1"
                     ecep:pron="faʊnd">found</w>
                  <pc xml:id="n22cs-062000"
                      n="0040-a-1220"
                      unit="sentence"
                      ecep:lem="."
                      ecep:pos="."
                      ecep:reg="."
                      ecep:spe=".">.</pc>
                  <c> </c>
                  <bibl>
                     <hi>
                        <w xml:id="n22cs-062020"
                           n="0040-a-1230"
                           ecep:lem="sorrow"
                           ecep:pos="n2"
                           ecep:reg="Sorrows"
                           ecep:spe="Sorrows"
                           ecep:syllab="2"
                           ecep:pron="ˈsɒrəʊz">Sorrows</w>
                        <c> </c>
                        <w xml:id="n22cs-062030"
                           n="0040-a-1240"
                           ecep:lem="of"
                           ecep:pos="pp-f"
                           ecep:reg="of"
                           ecep:spe="of"
                           ecep:syllab="1"
                           ecep:pron="ɒv">of</w>
                        <c> </c>
                        <w xml:id="n22cs-062040"
                           n="0040-a-1250"
                           ecep:lem="Werter"
                           ecep:pos="np1"
                           ecep:reg="Werter"
                           ecep:spe="Werter"
                           ecep:syllab="2"
                           ecep:pron="wˈɜːtə">Werter</w>
                        <pc xml:id="n22cs-062050"
                            n="0040-a-1260"
                            unit="sentence"
                            ecep:lem="."
                            ecep:pos="."
                            ecep:reg="."
                            ecep:spe=".">.</pc>
                        <c> </c>
                        <w xml:id="n22cs-062060"
                           n="0040-a-1270"
                           ecep:lem="volume"
                           ecep:pos="n1"
                           ecep:reg="Volume"
                           ecep:spe="Volume"
                           ecep:syllab="2"
                           ecep:pron="ˈvɒljuːm">Volume</w>
                        <c> </c>
                        <w xml:id="n22cs-062070"
                           n="0040-a-1280"
                           ecep:lem="second"
                           ecep:pos="ord"
                           ecep:reg="Second"
                           ecep:spe="Second"
                           ecep:syllab="2"
                           ecep:pron="ˈsekənd">Second</w>
                        <pc xml:id="n22cs-062080"
                            n="0040-a-1290"
                            unit="sentence"
                            ecep:lem="."
                            ecep:pos="."
                            ecep:reg="."
                            ecep:spe=".">.</pc>
                        <c> </c>
                     </hi>
                  </bibl>
               </q>
            </p>
         </note>
         <milestone n="5" type="tcpmilestone" unit="unspecified"/>
      </l>
      <l xml:id="n22cs-l01560">
         <c> </c>
         <w xml:id="n22cs-062100"
            n="0040-a-1300"
            ecep:lem="still"
            ecep:pos="av"
            ecep:reg="Still"
            ecep:spe="Still"
            ecep:syllab="1"
            ecep:pron="stɪl">Still</w>
         <c> </c>
         <w xml:id="n22cs-062110"
            n="0040-a-1310"
            ecep:lem="haunt"
            ecep:pos="vvb"
            ecep:reg="haunt"
            ecep:spe="haunt"
            ecep:syllab="1"
            ecep:pron="hɔːnt">haunt</w>
         <c> </c>
         <w xml:id="n22cs-062120"
            n="0040-a-1320"
            ecep:lem="the"
            ecep:pos="dt"
            ecep:reg="the"
            ecep:spe="the"
            ecep:syllab="1"
            ecep:pron="ðə">the</w>
         <c> </c>
         <w xml:id="n22cs-062130"
            n="0040-a-1330"
            ecep:lem="scene"
            ecep:pos="n1"
            ecep:reg="scene"
            ecep:spe="scene"
            ecep:syllab="1"
            ecep:pron="siːn">scene</w>
         <pc xml:id="n22cs-062140"
             n="0040-a-1340"
             ecep:lem=","
             ecep:pos=","
             ecep:reg=","
             ecep:spe=",">,</pc>
         <c> </c>
         <w xml:id="n22cs-062150"
            n="0040-a-1350"
            ecep:lem="where"
            ecep:pos="c-crq"
            ecep:reg="where"
            ecep:spe="where"
            ecep:syllab="1"
            ecep:pron="weə">where</w>
         <c> </c>
         <w xml:id="n22cs-062160"
            n="0040-a-1360"
            ecep:lem="all"
            ecep:pos="d"
            ecep:reg="all"
            ecep:spe="all"
            ecep:syllab="1"
            ecep:pron="ɔːl">all</w>
         <c> </c>
         <w xml:id="n22cs-062170"
            n="0040-a-1370"
            ecep:lem="my"
            ecep:pos="po11"
            ecep:reg="my"
            ecep:spe="my"
            ecep:syllab="1"
            ecep:pron="maɪ">my</w>
         <c> </c>
         <w xml:id="n22cs-062180"
            n="0040-a-1380"
            ecep:lem="treasure"
            ecep:pos="n1"
            ecep:reg="treasure"
            ecep:spe="treasure"
            ecep:syllab="2"
            ecep:pron="ˈtreʒə">treasure</w>
         <c> </c>
         <w xml:id="n22cs-062190"
            n="0040-a-1390"
            ecep:lem="lie"
            ecep:pos="vvz"
            ecep:reg="lies"
            ecep:spe="lies"
            ecep:syllab="1"
            ecep:pron="laɪz">lies</w>
         <pc xml:id="n22cs-062200"
             n="0040-a-1400"
             ecep:lem=";"
             ecep:pos=";"
             ecep:reg=";"
             ecep:spe=";">;</pc>
      </l>
      <l xml:id="n22cs-l01565">
         <c> </c>
         <w xml:id="n22cs-062210"
            n="0040-a-1410"
            ecep:lem="still"
            ecep:pos="av"
            ecep:reg="Still"
            ecep:spe="Still"
            ecep:syllab="1"
            ecep:pron="stɪl">Still</w>
         <c> </c>
         <w xml:id="n22cs-062220"
            n="0040-a-1420"
            ecep:lem="seek"
            ecep:pos="vvb"
            ecep:reg="seek"
            ecep:spe="seek"
            ecep:syllab="1"
            ecep:pron="siːk">seek</w>
         <c> </c>
         <w xml:id="n22cs-062230"
            n="0040-a-1430"
            ecep:lem="for"
            ecep:pos="p-acp"
            ecep:reg="for"
            ecep:spe="for"
            ecep:syllab="1"
            ecep:pron="fɔː">for</w>
         <c> </c>
         <w xml:id="n22cs-062240"
            n="0040-a-1440"
            ecep:lem="flower"
            ecep:pos="n2"
            ecep:reg="flowers"
            ecep:spe="flow'rs"
            ecep:syllab="1"
            ecep:pron="ˈflaʊəz">flow'rs</w>
         <pc xml:id="n22cs-062250"
             n="0040-a-1450"
             ecep:lem=","
             ecep:pos=","
             ecep:reg=","
             ecep:spe=",">,</pc>
         <c> </c>
         <w xml:id="n22cs-062260"
            n="0040-a-1460"
            ecep:lem="where"
            ecep:pos="c-crq"
            ecep:reg="where"
            ecep:spe="where"
            ecep:syllab="1"
            ecep:pron="weə">where</w>
         <c> </c>
         <w xml:id="n22cs-062270"
            n="0040-a-1470"
            ecep:lem="only"
            ecep:pos="j"
            ecep:reg="only"
            ecep:spe="only"
            ecep:syllab="2"
            ecep:pron="ˈəʊnlɪ">only</w>
         <c> </c>
         <w xml:id="n22cs-062280"
            n="0040-a-1480"
            ecep:lem="thorn"
            ecep:pos="n2"
            ecep:reg="thorns"
            ecep:spe="thorns"
            ecep:syllab="1"
            ecep:pron="θɔːnz">thorns</w>
         <c> </c>
         <w xml:id="n22cs-062290"
            n="0040-a-1490"
            ecep:lem="appear"
            ecep:pos="vvi"
            ecep:reg="appear"
            ecep:spe="appear"
            ecep:syllab="2"
            ecep:pron="əˈpɪə">appear</w>
         <pc xml:id="n22cs-062300"
             n="0040-a-1500"
             ecep:lem=","
             ecep:pos=","
             ecep:reg=","
             ecep:spe=",">,</pc>
      </l>
      <l xml:id="n22cs-l01570">
         <c> </c>
         <pc xml:id="n22cs-062310"
             n="0040-a-1510"
             ecep:lem="'"
             ecep:pos="'"
             ecep:reg="'"
             ecep:spe="'">'</pc>
         <w xml:id="n22cs-062320"
            n="0040-a-1520"
            ecep:lem="and"
            ecep:pos="cc"
            ecep:reg="And"
            ecep:spe="And"
            ecep:syllab="1"
            ecep:pron="ænd">And</w>
         <c> </c>
         <w xml:id="n22cs-062330"
            n="0040-a-1530"
            ecep:lem="drink"
            ecep:pos="vvi"
            ecep:reg="drink"
            ecep:spe="drink"
            ecep:syllab="1"
            ecep:pron="drɪŋk">drink</w>
         <c> </c>
         <w xml:id="n22cs-062340"
            n="0040-a-1540"
            ecep:lem="delicious"
            ecep:pos="j"
            ecep:reg="delicious"
            ecep:spe="delicious"
            ecep:syllab="3"
            ecep:pron="dɪˈlɪʃəs">delicious</w>
         <c> </c>
         <w xml:id="n22cs-062350"
            n="0040-a-1550"
            ecep:lem="poison"
            ecep:pos="n1"
            ecep:reg="poison"
            ecep:spe="poison"
            ecep:syllab="2"
            ecep:pron="ˈpɔɪzn">poison</w>
         <c> </c>
         <w xml:id="n22cs-062360"
            n="0040-a-1560"
            ecep:lem="from"
            ecep:pos="p-acp"
            ecep:reg="from"
            ecep:spe="from"
            ecep:syllab="1"
            ecep:pron="frɒm">from</w>
         <c> </c>
         <w xml:id="n22cs-062370"
            n="0040-a-1570"
            ecep:lem="her"
            ecep:pos="po31"
            ecep:reg="her"
            ecep:spe="her"
            ecep:syllab="1"
            ecep:pron="hɜː">her</w>
         <c> </c>
         <w xml:id="n22cs-062380"
            n="0040-a-1580"
            ecep:lem="eye"
            ecep:pos="n2"
            ecep:reg="eyes"
            ecep:spe="eyes"
            ecep:syllab="1"
            ecep:pron="aɪz">eyes</w>
         <pc xml:id="n22cs-062390"
             n="0040-a-1590"
             ecep:lem="!"
             ecep:pos="!"
             ecep:reg="!"
             ecep:spe="!">!</pc>
         <pc xml:id="n22cs-062400"
             n="0040-a-1600"
             unit="sentence"
             ecep:lem="'"
             ecep:pos="'"
             ecep:reg="'"
             ecep:spe="'">'</pc>
         <c> </c>
         <note n="[*]" place="bottom" xml:id="n22cs-n00135">
            <p xml:id="n22cs-s00455">
               <label>
                  <w xml:id="n22cs-062440"
                     n="0040-a-1610"
                     ecep:lem="line"
                     ecep:pos="n1"
                     ecep:reg="LINE"
                     ecep:spe="LINE"
                     ecep:syllab="1"
                     ecep:pron="laɪn">LINE</w>
                  <c> </c>
                  <w xml:id="n22cs-062450"
                     n="0040-a-1620"
                     ecep:lem="8."
                     ecep:pos="crd"
                     ecep:reg="8."
                     ecep:spe="8."
                     ecep:syllab="1"
                     ecep:pron="ˈeɪt">8.</w>
                  <pc unit="sentence" xml:id="n22cs-062450-eos" n="0040-a-1630"/>
                  <c> </c>
               </label>
               <q>
                  <w xml:id="n22cs-062480"
                     n="0040-a-1640"
                     ecep:lem="and"
                     ecep:pos="cc"
                     ecep:reg="And"
                     ecep:spe="And"
                     ecep:syllab="1"
                     ecep:pron="ænd">And</w>
                  <c> </c>
                  <w xml:id="n22cs-062490"
                     n="0040-a-1650"
                     ecep:lem="drink"
                     ecep:pos="vvb"
                     ecep:reg="drink"
                     ecep:spe="drink"
                     ecep:syllab="1"
                     ecep:pron="drɪŋk">drink</w>
                  <c> </c>
                  <w xml:id="n22cs-062500"
                     n="0040-a-1660"
                     ecep:lem="delicious"
                     ecep:pos="j"
                     ecep:reg="delicious"
                     ecep:spe="delicious"
                     ecep:syllab="3"
                     ecep:pron="dɪˈlɪʃəs">delicious</w>
                  <c> </c>
                  <w xml:id="n22cs-062510"
                     n="0040-a-1670"
                     ecep:lem="poison"
                     ecep:pos="n1"
                     ecep:reg="poison"
                     ecep:spe="poison"
                     ecep:syllab="2"
                     ecep:pron="ˈpɔɪzn">poison</w>
                  <c> </c>
                  <w xml:id="n22cs-062520"
                     n="0040-a-1680"
                     ecep:lem="from"
                     ecep:pos="p-acp"
                     ecep:reg="from"
                     ecep:spe="from"
                     ecep:syllab="1"
                     ecep:pron="frɒm">from</w>
                  <c> </c>
                  <w xml:id="n22cs-062530"
                     n="0040-a-1690"
                     ecep:lem="thy"
                     ecep:pos="po21"
                     ecep:reg="thine"
                     ecep:spe="thine"
                     ecep:syllab="1"
                     ecep:pron="ðaɪn">thine</w>
                  <c> </c>
                  <w xml:id="n22cs-062540"
                     n="0040-a-1700"
                     ecep:lem="eye"
                     ecep:pos="n1"
                     ecep:reg="eye"
                     ecep:spe="eye"
                     ecep:syllab="1"
                     ecep:pron="aɪ">eye</w>
                  <pc xml:id="n22cs-062550"
                      n="0040-a-1710"
                      unit="sentence"
                      ecep:lem="."
                      ecep:pos="."
                      ecep:reg="."
                      ecep:spe=".">.</pc>
                  <c> </c>
                  <bibl>
                     <hi>
                        <w xml:id="n22cs-062570"
                           n="0040-a-1720"
                           ecep:lem="pope"
                           ecep:pos="np1"
                           ecep:reg="Pope"
                           ecep:spe="Pope"
                           ecep:syllab="1"
                           ecep:pron="pəʊp">Pope</w>
                        <pc xml:id="n22cs-062580"
                            n="0040-a-1730"
                            unit="sentence"
                            ecep:lem="."
                            ecep:pos="."
                            ecep:reg="."
                            ecep:spe=".">.</pc>
                        <c> </c>
                     </hi>
                  </bibl>
               </q>
            </p>
         </note>
         <milestone n="8" type="tcpmilestone" unit="unspecified"/>
      </l>
      <l xml:id="n22cs-l01575">
         <w xml:id="n22cs-062600"
            n="0040-a-1740"
            ecep:lem="towards"
            ecep:pos="p-acp"
            ecep:reg="Towards"
            ecep:spe="Tow'rds"
            ecep:syllab="1"
            ecep:pron="twɔːdz">Tow'rds</w>
         <c> </c>
         <w xml:id="n22cs-062610"
            n="0040-a-1750"
            ecep:lem="the"
            ecep:pos="dt"
            ecep:reg="the"
            ecep:spe="the"
            ecep:syllab="1"
            ecep:pron="ðə">the</w>
         <c> </c>
         <w xml:id="n22cs-062620"
            n="0040-a-1760"
            ecep:lem="deep"
            ecep:pos="j-jn"
            ecep:reg="deep"
            ecep:spe="deep"
            ecep:syllab="1"
            ecep:pron="diːp">deep</w>
         <c> </c>
         <w xml:id="n22cs-062630"
            n="0040-a-1770"
            ecep:lem="gulph"
            ecep:pos="n1"
            ecep:reg="gulf"
            ecep:spe="gulph"
            ecep:syllab="1"
            ecep:pron="gʌlf">gulph</w>
         <c> </c>
         <w xml:id="n22cs-062640"
            n="0040-a-1780"
            ecep:lem="that"
            ecep:pos="cst"
            ecep:reg="that"
            ecep:spe="that"
            ecep:syllab="1"
            ecep:pron="ðæt">that</w>
         <c> </c>
         <w xml:id="n22cs-062650"
            n="0040-a-1790"
            ecep:lem="open"
            ecep:pos="vvz"
            ecep:reg="opens"
            ecep:spe="opens"
            ecep:syllab="2"
            ecep:pron="ˈəʊpənz">opens</w>
         <c> </c>
         <w xml:id="n22cs-062660"
            n="0040-a-1800"
            ecep:lem="on"
            ecep:pos="p-acp"
            ecep:reg="on"
            ecep:spe="on"
            ecep:syllab="1"
            ecep:pron="ɒn">on</w>
         <c> </c>
         <w xml:id="n22cs-062670"
            n="0040-a-1810"
            ecep:lem="my"
            ecep:pos="po11"
            ecep:reg="my"
            ecep:spe="my"
            ecep:syllab="1"
            ecep:pron="maɪ">my</w>
         <c> </c>
         <w xml:id="n22cs-062680"
            n="0040-a-1820"
            ecep:lem="sight"
            ecep:pos="n1"
            ecep:reg="sight"
            ecep:spe="sight"
            ecep:syllab="1"
            ecep:pron="saɪt">sight</w>
      </l>
      <l xml:id="n22cs-l01580">
         <c> </c>
         <w xml:id="n22cs-062690"
            n="0040-a-1830"
            ecep:lem="i"
            ecep:pos="pns11"
            ecep:reg="I"
            ecep:spe="I"
            ecep:syllab="1"
            ecep:pron="aɪ">I</w>
         <c> </c>
         <w xml:id="n22cs-062700"
            n="0040-a-1840"
            ecep:lem="hurry"
            ecep:pos="vvb"
            ecep:reg="hurry"
            ecep:spe="hurry"
            ecep:syllab="2"
            ecep:pron="ˈhʌrɪ">hurry</w>
         <c> </c>
         <w xml:id="n22cs-062710"
            n="0040-a-1850"
            ecep:lem="forward"
            ecep:pos="av-j"
            ecep:reg="forward"
            ecep:spe="forward"
            ecep:syllab="2"
            ecep:pron="ˈfɔːwəd">forward</w>
         <pc xml:id="n22cs-062720"
             n="0040-a-1860"
             ecep:lem=","
             ecep:pos=","
             ecep:reg=","
             ecep:spe=",">,</pc>
         <c> </c>
         <w xml:id="n22cs-062730"
            n="0040-a-1870"
            ecep:lem="passion"
            ecep:pos="ng1"
            ecep:reg="Passion's"
            ecep:spe="Passion's"
            ecep:syllab="2"
            ecep:pron="ˈpæʃnz">Passion's</w>
         <c> </c>
         <w xml:id="n22cs-062740"
            n="0040-a-1880"
            ecep:lem="helpless"
            ecep:pos="j"
            ecep:reg="helpless"
            ecep:spe="helpless"
            ecep:syllab="2"
            ecep:pron="ˈhelplɪs">helpless</w>
         <c> </c>
         <w xml:id="n22cs-062750"
            n="0040-a-1890"
            ecep:lem="slave"
            ecep:pos="n1"
            ecep:reg="slave"
            ecep:spe="slave"
            ecep:syllab="1"
            ecep:pron="sleɪv">slave</w>
         <pc xml:id="n22cs-062760"
             n="0040-a-1900"
             unit="sentence"
             ecep:lem="!"
             ecep:pos="!"
             ecep:reg="!"
             ecep:spe="!">!</pc>
         <c> </c>
      </l>
      <l xml:id="n22cs-l01585">
         <w xml:id="n22cs-062770"
            n="0040-a-1910"
            ecep:lem="and"
            ecep:pos="cc"
            ecep:reg="And"
            ecep:spe="And"
            ecep:syllab="1"
            ecep:pron="ænd">And</w>
         <c> </c>
         <w xml:id="n22cs-062780"
            n="0040-a-1920"
            ecep:lem="scorn"
            ecep:pos="vvg"
            ecep:reg="scorning"
            ecep:spe="scorning"
            ecep:syllab="2"
            ecep:pron="ˈskɔːnɪŋ">scorning</w>
         <c> </c>
         <w xml:id="n22cs-062790"
            n="0040-a-1930"
            ecep:lem="reason"
            ecep:pos="ng1"
            ecep:reg="Reason's"
            ecep:spe="Reason's"
            ecep:syllab="2"
            ecep:pron="ˈriːznz">Reason's</w>
         <c> </c>
         <w xml:id="n22cs-062800"
            n="0040-a-1940"
            ecep:lem="mild"
            ecep:pos="j"
            ecep:reg="mild"
            ecep:spe="mild"
            ecep:syllab="1"
            ecep:pron="maɪld">mild</w>
         <c> </c>
         <w xml:id="n22cs-062810"
            n="0040-a-1950"
            ecep:lem="and"
            ecep:pos="cc"
            ecep:reg="and"
            ecep:spe="and"
            ecep:syllab="1"
            ecep:pron="ænd">and</w>
         <c> </c>
         <w xml:id="n22cs-062820"
            n="0040-a-1960"
            ecep:lem="sober"
            ecep:pos="j"
            ecep:reg="sober"
            ecep:spe="sober"
            ecep:syllab="2"
            ecep:pron="ˈsəʊbə">sober</w>
         <c> </c>
         <w xml:id="n22cs-062830"
            n="0040-a-1970"
            ecep:lem="light"
            ecep:pos="n1"
            ecep:reg="light"
            ecep:spe="light"
            ecep:syllab="1"
            ecep:pron="laɪt">light</w>
         <pc xml:id="n22cs-062840"
             n="0040-a-1980"
             ecep:lem=","
             ecep:pos=","
             ecep:reg=","
             ecep:spe=",">,</pc>
      </l>
      <l xml:id="n22cs-l01590">
         <c> </c>
         <w xml:id="n22cs-062850"
            n="0040-a-1990"
            ecep:lem="pursue"
            ecep:pos="vvb"
            ecep:reg="Pursue"
            ecep:spe="Pursue"
            ecep:syllab="2"
            ecep:pron="pəˈsjuː">Pursue</w>
         <c> </c>
         <w xml:id="n22cs-062860"
            n="0040-a-2000"
            ecep:lem="the"
            ecep:pos="dt"
            ecep:reg="the"
            ecep:spe="the"
            ecep:syllab="1"
            ecep:pron="ðə">the</w>
         <c> </c>
         <w xml:id="n22cs-062870"
            n="0040-a-2010"
            ecep:lem="path"
            ecep:pos="n1"
            ecep:reg="path"
            ecep:spe="path"
            ecep:syllab="1"
            ecep:pron="pɑːθ">path</w>
         <c> </c>
         <w xml:id="n22cs-062880"
            n="0040-a-2020"
            ecep:lem="that"
            ecep:pos="cst"
            ecep:reg="that"
            ecep:spe="that"
            ecep:syllab="1"
            ecep:pron="ðæt">that</w>
         <c> </c>
         <w xml:id="n22cs-062890"
            n="0040-a-2030"
            ecep:lem="lead"
            ecep:pos="vvz"
            ecep:reg="leads"
            ecep:spe="leads"
            ecep:syllab="1"
            ecep:pron="liːdz">leads</w>
         <c> </c>
         <w xml:id="n22cs-062900"
            n="0040-a-2040"
            ecep:lem="i"
            ecep:pos="pno11"
            ecep:reg="me"
            ecep:spe="me"
            ecep:syllab="1"
            ecep:pron="miː">me</w>
         <c> </c>
         <w xml:id="n22cs-062910"
            n="0040-a-2050"
            ecep:lem="to"
            ecep:pos="p-acp"
            ecep:reg="to"
            ecep:spe="to"
            ecep:syllab="1"
            ecep:pron="tuː">to</w>
         <c> </c>
         <w xml:id="n22cs-062920"
            n="0040-a-2060"
            ecep:lem="the"
            ecep:pos="dt"
            ecep:reg="the"
            ecep:spe="the"
            ecep:syllab="1"
            ecep:pron="ðə">the</w>
         <c> </c>
         <w xml:id="n22cs-062930"
            n="0040-a-2070"
            ecep:lem="grave"
            ecep:pos="n1"
            ecep:reg="grave"
            ecep:spe="grave"
            ecep:syllab="1"
            ecep:pron="greɪv">grave</w>
         <pc xml:id="n22cs-062940"
             n="0040-a-2080"
             unit="sentence"
             ecep:lem="!"
             ecep:pos="!"
             ecep:reg="!"
             ecep:spe="!">!</pc>
         <c> </c>
      </l>
      <l xml:id="n22cs-l01595">
         <w xml:id="n22cs-062950"
            n="0040-a-2090"
            ecep:lem="so"
            ecep:pos="av"
            ecep:reg="So"
            ecep:spe="So"
            ecep:syllab="1"
            ecep:pron="səʊ">So</w>
         <c> </c>
         <w xml:id="n22cs-062960"
            n="0040-a-2100"
            ecep:lem="round"
            ecep:pos="av-j"
            ecep:reg="round"
            ecep:spe="round"
            ecep:syllab="1"
            ecep:pron="raʊnd">round</w>
         <c> </c>
         <w xml:id="n22cs-062970"
            n="0040-a-2110"
            ecep:lem="the"
            ecep:pos="dt"
            ecep:reg="the"
            ecep:spe="the"
            ecep:syllab="1"
            ecep:pron="ðə">the</w>
         <c> </c>
         <w xml:id="n22cs-062980"
            n="0040-a-2120"
            ecep:lem="flame"
            ecep:pos="n1"
            ecep:reg="flame"
            ecep:spe="flame"
            ecep:syllab="1"
            ecep:pron="fleɪm">flame</w>
         <c> </c>
         <w xml:id="n22cs-062990"
            n="0040-a-2130"
            ecep:lem="the"
            ecep:pos="dt"
            ecep:reg="the"
            ecep:spe="the"
            ecep:syllab="1"
            ecep:pron="ðə">the</w>
         <c> </c>
         <w xml:id="n22cs-063000"
            n="0040-a-2140"
            ecep:lem="giddy"
            ecep:pos="j"
            ecep:reg="giddy"
            ecep:spe="giddy"
            ecep:syllab="2"
            ecep:pron="ˈgɪdɪ">giddy</w>
         <c> </c>
         <w xml:id="n22cs-063010"
            n="0040-a-2150"
            ecep:lem="insect"
            ecep:pos="n1"
            ecep:reg="insect"
            ecep:spe="insect"
            ecep:syllab="2"
            ecep:pron="ˈɪnsekt">insect</w>
         <c> </c>
         <w xml:id="n22cs-063020"
            n="0040-a-2160"
            ecep:lem="fly"
            ecep:pos="vvz"
            ecep:reg="flies"
            ecep:spe="flies"
            ecep:syllab="1"
            ecep:pron="flaɪz">flies</w>
         <pc xml:id="n22cs-063030"
             n="0040-a-2170"
             ecep:lem=","
             ecep:pos=","
             ecep:reg=","
             ecep:spe=",">,</pc>
      </l>
      <l xml:id="n22cs-l01600">
         <c> </c>
         <w xml:id="n22cs-063040"
            n="0040-a-2180"
            ecep:lem="and"
            ecep:pos="cc"
            ecep:reg="And"
            ecep:spe="And"
            ecep:syllab="1"
            ecep:pron="ænd">And</w>
         <c> </c>
         <w xml:id="n22cs-063050"
            n="0040-a-2190"
            ecep:lem="court"
            ecep:pos="vvz"
            ecep:reg="courts"
            ecep:spe="courts"
            ecep:syllab="1"
            ecep:pron="kɔːts">courts</w>
         <c> </c>
         <w xml:id="n22cs-063060"
            n="0040-a-2200"
            ecep:lem="the"
            ecep:pos="dt"
            ecep:reg="the"
            ecep:spe="the"
            ecep:syllab="1"
            ecep:pron="ðə">the</w>
         <c> </c>
         <w xml:id="n22cs-063070"
            n="0040-a-2210"
            ecep:lem="fatal"
            ecep:pos="j"
            ecep:reg="fatal"
            ecep:spe="fatal"
            ecep:syllab="2"
            ecep:pron="ˈfeɪtl">fatal</w>
         <c> </c>
         <w xml:id="n22cs-063080"
            n="0040-a-2220"
            ecep:lem="fire"
            ecep:pos="n1"
            ecep:reg="fire"
            ecep:spe="fire"
            ecep:syllab="2"
            ecep:pron="faɪə">fire</w>
         <pc xml:id="n22cs-063090"
             n="0040-a-2230"
             ecep:lem=","
             ecep:pos=","
             ecep:reg=","
             ecep:spe=",">,</pc>
         <c> </c>
         <w xml:id="n22cs-063100"
            n="0040-a-2240"
            ecep:lem="by"
            ecep:pos="p-acp"
            ecep:reg="by"
            ecep:spe="by"
            ecep:syllab="1"
            ecep:pron="baɪ">by</w>
         <c> </c>
         <w xml:id="n22cs-063110"
            n="0040-a-2250"
            ecep:lem="which"
            ecep:pos="r-crq"
            ecep:reg="which"
            ecep:spe="which"
            ecep:syllab="1"
            ecep:pron="wɪtʃ">which</w>
         <c> </c>
         <w xml:id="n22cs-063120"
            n="0040-a-2260"
            ecep:lem="it"
            ecep:pos="pn31"
            ecep:reg="it"
            ecep:spe="it"
            ecep:syllab="1"
            ecep:pron="ɪt">it</w>
         <c> </c>
         <w xml:id="n22cs-063130"
            n="0040-a-2270"
            ecep:lem="die"
            ecep:pos="vvz"
            ecep:reg="dies"
            ecep:spe="dies"
            ecep:syllab="1"
            ecep:pron="ˈdiːeɪz">dies</w>
         <pc xml:id="n22cs-063140"
             n="0040-a-2280"
             unit="sentence"
             ecep:lem="!"
             ecep:pos="!"
             ecep:reg="!"
             ecep:spe="!">!</pc>
         <c> </c>
      </l>
   </lg>
</div>
