<?xml version="1.0" encoding="utf-8"?>
<!DOCTYPE div
  SYSTEM "about:legacy-compat">
<div xmlns:ecep="http://www.eighteenthcenturypoetry.org/ns"
     xmlns="http://www.tei-c.org/ns/1.0"
     xmlns:tei="http://www.tei-c.org/ns/1.0"
     ana="#iamb #pentameter #couplet #pair #occasional #panegyric #address"
     corresp="#txt_BarbMa1685_w0011"
     decls="#semi-normalized"
     ecep:syllab="10"
     met="-+|-+|-+|-+|-+/"
     rendition="#lgvspace"
     rhyme="aa"
     subtype="eceptext"
     type="poem"
     xml:id="pba35-w0110">
   <link target="authors.xml#aut_BarbMa1685" type="author"/>
   <link target="11343" type="DMI"/>
   <head type="main">
      <w xml:id="pba35-042400"
         n="a-0010"
         ecep:lem="to"
         ecep:pos="p-acp"
         ecep:reg="To"
         ecep:spe="To"
         ecep:syllab="1"
         ecep:pron="tuː">To</w>
      <c> </c>
      <w xml:id="pba35-042410"
         n="a-0020"
         ecep:lem="dr."
         ecep:pos="n1"
         ecep:reg="Dr."
         ecep:spe="Dr."
         ecep:syllab="2"
         ecep:pron="dˈɒktə">Dr.</w>
      <c> </c>
      <w xml:id="pba35-042420"
         n="a-0030"
         ecep:lem="Richard"
         ecep:pos="np1"
         ecep:reg="Richard"
         ecep:spe="Richard"
         ecep:syllab="2"
         ecep:pron="ˈrɪtʃəd">Richard</w>
      <c> </c>
      <w xml:id="pba35-042430"
         n="a-0040"
         ecep:lem="helsham"
         ecep:pos="np1"
         ecep:reg="Helsham"
         ecep:spe="Helsham"
         ecep:syllab="2"
         ecep:pron="hˈelʃəm">Helsham</w>
      <note place="bottom"
            n="[ed.]"
            resp="#AH"
            xml:id="app_BarbMa1685_w0011_n1">"Dr Richard Helsham (1682/3-1738), physician and scientist in Dublin, was <persName ref="#aut_SwifJo1667">Swift's</persName> personal physician and friend."
									(Tucker [1992], 209)
								</note>
      <pc xml:id="pba35-042440"
          n="a-0050"
          unit="sentence"
          ecep:lem="."
          ecep:pos="."
          ecep:reg="."
          ecep:spe=".">.</pc>
   </head>
   <head type="sub">
      <w xml:id="pba35-042470"
         n="a-0060"
         ecep:lem="upon"
         ecep:pos="p-acp"
         ecep:reg="Upon"
         ecep:spe="Upon"
         ecep:syllab="2"
         ecep:pron="əˈpɒn">Upon</w>
      <c> </c>
      <w xml:id="pba35-042480"
         n="a-0070"
         ecep:lem="my"
         ecep:pos="po11"
         ecep:reg="my"
         ecep:spe="my"
         ecep:syllab="1"
         ecep:pron="maɪ">my</w>
      <c> </c>
      <w xml:id="pba35-042490"
         n="a-0080"
         ecep:lem="recovery"
         ecep:pos="n1"
         ecep:reg="Recovery"
         ecep:spe="Recovery"
         ecep:syllab="4"
         ecep:pron="rɪˈkʌvərɪ">Recovery</w>
      <c> </c>
      <w xml:id="pba35-042500"
         n="a-0090"
         ecep:lem="from"
         ecep:pos="p-acp"
         ecep:reg="from"
         ecep:spe="from"
         ecep:syllab="1"
         ecep:pron="frɒm">from</w>
      <c> </c>
      <w xml:id="pba35-042510"
         n="a-0100"
         ecep:lem="a"
         ecep:pos="dt"
         ecep:reg="a"
         ecep:spe="a"
         ecep:syllab="1"
         ecep:pron="ə">a</w>
      <c> </c>
      <w xml:id="pba35-042520"
         n="a-0110"
         ecep:lem="dangerous"
         ecep:pos="j"
         ecep:reg="dangerous"
         ecep:spe="dangerous"
         ecep:syllab="3"
         ecep:pron="ˈdeɪndʒərəs">dangerous</w>
      <c> </c>
      <w xml:id="pba35-042530"
         n="a-0120"
         ecep:lem="fit"
         ecep:pos="j"
         ecep:reg="Fit"
         ecep:spe="Fit"
         ecep:syllab="1"
         ecep:pron="fɪt">Fit</w>
      <c> </c>
      <w xml:id="pba35-042540"
         n="a-0130"
         ecep:lem="of"
         ecep:pos="pp-f"
         ecep:reg="of"
         ecep:spe="of"
         ecep:syllab="1"
         ecep:pron="ɒv">of</w>
      <c> </c>
      <w xml:id="pba35-042550"
         n="a-0140"
         ecep:lem="sickness"
         ecep:pos="n1"
         ecep:reg="Sickness"
         ecep:spe="Sickness"
         ecep:syllab="2"
         ecep:pron="ˈsɪknɪs">Sickness</w>
      <pc xml:id="pba35-042560"
          n="a-0150"
          unit="sentence"
          ecep:lem="."
          ecep:pos="."
          ecep:reg="."
          ecep:spe=".">.</pc>
   </head>
   <lg xml:id="pba35-s00295">
      <l n="1" xml:id="pba35-l02175">
         <hi rendition="#sc">
            <w xml:id="pba35-042590"
               n="a-0160"
               ecep:lem="for"
               ecep:pos="p-acp"
               ecep:reg="For"
               ecep:spe="For"
               ecep:syllab="1"
               ecep:pron="fɔː">For</w>
         </hi>
         <c> </c>
         <w xml:id="pba35-042600"
            n="a-0170"
            ecep:lem="fleet"
            ecep:pos="j-vvg"
            ecep:reg="fleeting"
            ecep:spe="fleeting"
            ecep:syllab="2"
            ecep:pron="ˈfliːtɪŋ">fleeting</w>
         <c> </c>
         <w xml:id="pba35-042610"
            n="a-0180"
            ecep:lem="life"
            ecep:pos="n1"
            ecep:reg="Life"
            ecep:spe="Life"
            ecep:syllab="1"
            ecep:pron="laɪf">Life</w>
         <c> </c>
         <w xml:id="pba35-042620"
            n="a-0190"
            ecep:lem="recall"
            ecep:pos="vvd"
            ecep:reg="recalled"
            ecep:spe="recall'd"
            ecep:syllab="2"
            ecep:pron="riˈkɔːld">recall'd</w>
         <pc xml:id="pba35-042630"
             n="a-0200"
             ecep:lem=","
             ecep:pos=","
             ecep:reg=","
             ecep:spe=",">,</pc>
         <c> </c>
         <w xml:id="pba35-042640"
            n="a-0210"
            ecep:lem="for"
            ecep:pos="p-acp"
            ecep:reg="for"
            ecep:spe="for"
            ecep:syllab="1"
            ecep:pron="fɔː">for</w>
         <c> </c>
         <w xml:id="pba35-042650"
            n="a-0220"
            ecep:lem="health"
            ecep:pos="n1"
            ecep:reg="Health"
            ecep:spe="Health"
            ecep:syllab="1"
            ecep:pron="helθ">Health</w>
         <c> </c>
         <w xml:id="pba35-042660"
            n="a-0230"
            ecep:lem="restore"
            ecep:pos="vvd"
            ecep:reg="restored"
            ecep:spe="restor'd"
            ecep:syllab="2"
            ecep:pron="riˈstɔːd">restor'd</w>
         <pc xml:id="pba35-042670"
             n="a-0240"
             ecep:lem=","
             ecep:pos=","
             ecep:reg=","
             ecep:spe=",">,</pc>
      </l>
      <l n="2" xml:id="pba35-l02180">
         <c> </c>
         <w xml:id="pba35-042680"
            n="a-0250"
            ecep:lem="be"
            ecep:pos="vbb"
            ecep:reg="Be"
            ecep:spe="Be"
            ecep:syllab="1"
            ecep:pron="biː">Be</w>
         <c> </c>
         <w xml:id="pba35-042690"
            n="a-0260"
            ecep:lem="first"
            ecep:pos="ord"
            ecep:reg="first"
            ecep:spe="first"
            ecep:syllab="1"
            ecep:pron="fɜːst">first</w>
         <c> </c>
         <w xml:id="pba35-042700"
            n="a-0270"
            ecep:lem="the"
            ecep:pos="dt"
            ecep:reg="the"
            ecep:spe="the"
            ecep:syllab="1"
            ecep:pron="ðə">the</w>
         <c> </c>
         <w xml:id="pba35-042710"
            n="a-0280"
            ecep:lem="god"
            ecep:pos="n1"
            ecep:reg="God"
            ecep:spe="God"
            ecep:syllab="1"
            ecep:pron="gɒd">God</w>
         <c> </c>
         <w xml:id="pba35-042720"
            n="a-0290"
            ecep:lem="of"
            ecep:pos="pp-f"
            ecep:reg="of"
            ecep:spe="of"
            ecep:syllab="1"
            ecep:pron="ɒv">of</w>
         <c> </c>
         <w xml:id="pba35-042730"
            n="a-0300"
            ecep:lem="life"
            ecep:pos="n1"
            ecep:reg="Life"
            ecep:spe="Life"
            ecep:syllab="1"
            ecep:pron="laɪf">Life</w>
         <c> </c>
         <w xml:id="pba35-042740"
            n="a-0310"
            ecep:lem="and"
            ecep:pos="cc"
            ecep:reg="and"
            ecep:spe="and"
            ecep:syllab="1"
            ecep:pron="ænd">and</w>
         <c> </c>
         <w xml:id="pba35-042750"
            n="a-0320"
            ecep:lem="health"
            ecep:pos="n1"
            ecep:reg="Health"
            ecep:spe="Health"
            ecep:syllab="1"
            ecep:pron="helθ">Health</w>
         <c> </c>
         <w xml:id="pba35-042760"
            n="a-0330"
            ecep:lem="adore"
            ecep:pos="vvn"
            ecep:reg="adored"
            ecep:spe="ador'd"
            ecep:syllab="2"
            ecep:pron="əˈdɔːd">ador'd</w>
         <pc xml:id="pba35-042770"
             n="a-0340"
             ecep:lem=";"
             ecep:pos=";"
             ecep:reg=";"
             ecep:spe=";">;</pc>
      </l>
      <l n="3" xml:id="pba35-l02185">
         <c> </c>
         <w xml:id="pba35-042780"
            n="a-0350"
            ecep:lem="who"
            ecep:pos="r-crq"
            ecep:reg="Whose"
            ecep:spe="Whose"
            ecep:syllab="1"
            ecep:pron="huːz">Whose</w>
         <c> </c>
         <w xml:id="pba35-042790"
            n="a-0360"
            ecep:lem="boundless"
            ecep:pos="j"
            ecep:reg="boundless"
            ecep:spe="boundless"
            ecep:syllab="2"
            ecep:pron="ˈbaʊndlɪs">boundless</w>
         <c> </c>
         <w xml:id="pba35-042800"
            n="a-0370"
            ecep:lem="mercy"
            ecep:pos="n1"
            ecep:reg="Mercy"
            ecep:spe="Mercy"
            ecep:syllab="2"
            ecep:pron="ˈmɜːsɪ">Mercy</w>
         <c> </c>
         <w xml:id="pba35-042810"
            n="a-0380"
            ecep:lem="claim"
            ecep:pos="vvz"
            ecep:reg="claims"
            ecep:spe="claims"
            ecep:syllab="1"
            ecep:pron="kleɪmz">claims</w>
         <c> </c>
         <w xml:id="pba35-042820"
            n="a-0390"
            ecep:lem="this"
            ecep:pos="d"
            ecep:reg="this"
            ecep:spe="this"
            ecep:syllab="1"
            ecep:pron="ðɪs">this</w>
         <c> </c>
         <w xml:id="pba35-042830"
            n="a-0400"
            ecep:lem="tribute"
            ecep:pos="n1"
            ecep:reg="Tribute"
            ecep:spe="Tribute"
            ecep:syllab="2"
            ecep:pron="ˈtrɪbjuːt">Tribute</w>
         <c> </c>
         <w xml:id="pba35-042840"
            n="a-0410"
            ecep:lem="due"
            ecep:pos="j-jn"
            ecep:reg="due"
            ecep:spe="due"
            ecep:syllab="1"
            ecep:pron="djuː">due</w>
         <pc xml:id="pba35-042850"
             n="a-0420"
             ecep:lem=":"
             ecep:pos=":"
             ecep:reg=":"
             ecep:spe=":">:</pc>
      </l>
      <l n="4" xml:id="pba35-l02190">
         <c> </c>
         <w xml:id="pba35-042860"
            n="a-0430"
            ecep:lem="and"
            ecep:pos="cc"
            ecep:reg="And"
            ecep:spe="And"
            ecep:syllab="1"
            ecep:pron="ænd">And</w>
         <c> </c>
         <w xml:id="pba35-042870"
            n="a-0440"
            ecep:lem="next"
            ecep:pos="ord"
            ecep:reg="next"
            ecep:spe="next"
            ecep:syllab="1"
            ecep:pron="nekst">next</w>
         <c> </c>
         <w xml:id="pba35-042880"
            n="a-0450"
            ecep:lem="to"
            ecep:pos="p-acp"
            ecep:reg="to"
            ecep:spe="to"
            ecep:syllab="1"
            ecep:pron="tuː">to</w>
         <c> </c>
         <w xml:id="pba35-042890"
            n="a-0460"
            ecep:lem="heaven"
            ecep:pos="n1"
            ecep:reg="Heaven"
            ecep:spe="Heav'n"
            ecep:syllab="1"
            ecep:pron="ˈhevn">Heav'n</w>
         <pc xml:id="pba35-042900"
             n="a-0470"
             ecep:lem=","
             ecep:pos=","
             ecep:reg=","
             ecep:spe=",">,</pc>
         <c> </c>
         <w xml:id="pba35-042910"
            n="a-0480"
            ecep:lem="i"
            ecep:pos="pns11"
            ecep:reg="I"
            ecep:spe="I"
            ecep:syllab="1"
            ecep:pron="aɪ">I</w>
         <c> </c>
         <w xml:id="pba35-042920"
            n="a-0490"
            ecep:lem="owe"
            ecep:pos="vvb"
            ecep:reg="owe"
            ecep:spe="owe"
            ecep:syllab="1"
            ecep:pron="əʊ">owe</w>
         <c> </c>
         <w xml:id="pba35-042930"
            n="a-0500"
            ecep:lem="my"
            ecep:pos="po11"
            ecep:reg="my"
            ecep:spe="my"
            ecep:syllab="1"
            ecep:pron="maɪ">my</w>
         <c> </c>
         <w xml:id="pba35-042940"
            n="a-0510"
            ecep:lem="thanks"
            ecep:pos="n2"
            ecep:reg="Thanks"
            ecep:spe="Thanks"
            ecep:syllab="1"
            ecep:pron="θæŋks">Thanks</w>
         <c> </c>
         <w xml:id="pba35-042950"
            n="a-0520"
            ecep:lem="to"
            ecep:pos="p-acp"
            ecep:reg="to"
            ecep:spe="to"
            ecep:syllab="1"
            ecep:pron="tuː">to</w>
         <c> </c>
         <w xml:id="pba35-042960"
            n="a-0530"
            ecep:lem="you"
            ecep:pos="pn22"
            ecep:reg="you"
            ecep:spe="you"
            ecep:syllab="1"
            ecep:pron="juː">you</w>
         <pc xml:id="pba35-042970"
             n="a-0540"
             ecep:lem=";"
             ecep:pos=";"
             ecep:reg=";"
             ecep:spe=";">;</pc>
      </l>
      <l n="5" xml:id="pba35-l02195">
         <c> </c>
         <w xml:id="pba35-042980"
            n="a-0550"
            ecep:lem="to"
            ecep:pos="p-acp"
            ecep:reg="To"
            ecep:spe="To"
            ecep:syllab="1"
            ecep:pron="tuː">To</w>
         <c> </c>
         <w xml:id="pba35-042990"
            n="a-0560"
            ecep:lem="you"
            ecep:pos="pn22"
            ecep:reg="you"
            ecep:spe="you"
            ecep:syllab="1"
            ecep:pron="juː">you</w>
         <pc xml:id="pba35-043000"
             n="a-0570"
             ecep:lem=","
             ecep:pos=","
             ecep:reg=","
             ecep:spe=",">,</pc>
         <c> </c>
         <w xml:id="pba35-043010"
            n="a-0580"
            ecep:lem="who"
            ecep:pos="r-crq"
            ecep:reg="who"
            ecep:spe="who"
            ecep:syllab="1"
            ecep:pron="huː">who</w>
         <c> </c>
         <w xml:id="pba35-043020"
            n="a-0590"
            ecep:lem="feel"
            ecep:pos="vvb"
            ecep:reg="feel"
            ecep:spe="feel"
            ecep:syllab="1"
            ecep:pron="fiːl">feel</w>
         <c> </c>
         <w xml:id="pba35-043030"
            n="a-0600"
            ecep:lem="the"
            ecep:pos="dt"
            ecep:reg="the"
            ecep:spe="the"
            ecep:syllab="1"
            ecep:pron="ðə">the</w>
         <c> </c>
         <w xml:id="pba35-043040"
            n="a-0610"
            ecep:lem="ease"
            ecep:pos="n1"
            ecep:reg="Ease"
            ecep:spe="Ease"
            ecep:syllab="1"
            ecep:pron="iːz">Ease</w>
         <c> </c>
         <w xml:id="pba35-043050"
            n="a-0620"
            ecep:lem="your"
            ecep:pos="po22"
            ecep:reg="your"
            ecep:spe="your"
            ecep:syllab="1"
            ecep:pron="jɔː">your</w>
         <c> </c>
         <w xml:id="pba35-043060"
            n="a-0630"
            ecep:lem="medicine"
            ecep:pos="n2"
            ecep:reg="Medicines"
            ecep:spe="Med'cines"
            ecep:syllab="3"
            ecep:pron="mˈedsiːnz">Med'cines</w>
         <c> </c>
         <w xml:id="pba35-043070"
            n="a-0640"
            ecep:lem="give"
            ecep:pos="vvi"
            ecep:reg="give"
            ecep:spe="give"
            ecep:syllab="1"
            ecep:pron="gɪv">give</w>
         <pc xml:id="pba35-043080"
             n="a-0650"
             ecep:lem=","
             ecep:pos=","
             ecep:reg=","
             ecep:spe=",">,</pc>
      </l>
      <l n="6" xml:id="pba35-l02200">
         <c> </c>
         <w xml:id="pba35-043090"
            n="a-0660"
            ecep:lem="and"
            ecep:pos="cc"
            ecep:reg="And"
            ecep:spe="And"
            ecep:syllab="1"
            ecep:pron="ænd">And</w>
         <pc xml:id="pba35-043100"
             n="a-0670"
             ecep:lem=","
             ecep:pos=","
             ecep:reg=","
             ecep:spe=",">,</pc>
         <c> </c>
         <w xml:id="pba35-043110"
            n="a-0680"
            ecep:lem="in"
            ecep:pos="p-acp"
            ecep:reg="in"
            ecep:spe="in"
            ecep:syllab="1"
            ecep:pron="ɪn">in</w>
         <c> </c>
         <w xml:id="pba35-043120"
            n="a-0690"
            ecep:lem="revive"
            ecep:pos="vvg"
            ecep:reg="reviving"
            ecep:spe="reviving"
            ecep:syllab="3"
            ecep:pron="rɪˈvaɪvɪŋ">reviving</w>
         <c> </c>
         <w xml:id="pba35-043130"
            n="a-0700"
            ecep:lem="patient"
            ecep:pos="n2"
            ecep:reg="Patients"
            ecep:spe="Patients"
            ecep:syllab="2"
            ecep:pron="ˈpeɪʃnts">Patients</w>
         <pc xml:id="pba35-043140"
             n="a-0710"
             ecep:lem=","
             ecep:pos=","
             ecep:reg=","
             ecep:spe=",">,</pc>
         <c> </c>
         <w xml:id="pba35-043150"
            n="a-0720"
            ecep:lem="double"
            ecep:pos="av-j"
            ecep:reg="doubly"
            ecep:spe="doubly"
            ecep:syllab="2"
            ecep:pron="ˈdʌblɪ">doubly</w>
         <c> </c>
         <w xml:id="pba35-043160"
            n="a-0730"
            ecep:lem="live"
            ecep:pos="vvb"
            ecep:reg="live"
            ecep:spe="live"
            ecep:syllab="1"
            ecep:pron="lɪv">live</w>
         <pc xml:id="pba35-043170"
             n="a-0740"
             ecep:lem=";"
             ecep:pos=";"
             ecep:reg=";"
             ecep:spe=";">;</pc>
      </l>
      <l n="7" xml:id="pba35-l02205">
         <c> </c>
         <w xml:id="pba35-043180"
            n="a-0750"
            ecep:lem="you"
            ecep:pos="pn22"
            ecep:reg="You"
            ecep:spe="You"
            ecep:syllab="1"
            ecep:pron="juː">You</w>
         <pc xml:id="pba35-043190"
             n="a-0760"
             ecep:lem=","
             ecep:pos=","
             ecep:reg=","
             ecep:spe=",">,</pc>
         <c> </c>
         <w xml:id="pba35-043200"
            n="a-0770"
            ecep:lem="who"
            ecep:pos="r-crq"
            ecep:reg="who"
            ecep:spe="who"
            ecep:syllab="1"
            ecep:pron="huː">who</w>
         <c> </c>
         <w xml:id="pba35-043210"
            n="a-0780"
            ecep:lem="from"
            ecep:pos="p-acp"
            ecep:reg="from"
            ecep:spe="from"
            ecep:syllab="1"
            ecep:pron="frɒm">from</w>
         <c> </c>
         <w xml:id="pba35-043220"
            n="a-0790"
            ecep:lem="nature"
            ecep:pos="ng1"
            ecep:reg="Nature's"
            ecep:spe="Nature's"
            ecep:syllab="2"
            ecep:pron="ˈneɪtʃəz">Nature's</w>
         <c> </c>
         <w xml:id="pba35-043230"
            n="a-0800"
            ecep:lem="dictate"
            ecep:pos="n2"
            ecep:reg="Dictates"
            ecep:spe="Dictates"
            ecep:syllab="2"
            ecep:pron="ˈdɪkteɪts">Dictates</w>
         <c> </c>
         <w xml:id="pba35-043240"
            n="a-0810"
            ecep:lem="never"
            ecep:pos="av-x"
            ecep:reg="never"
            ecep:spe="never"
            ecep:syllab="2"
            ecep:pron="ˈnevə">never</w>
         <c> </c>
         <w xml:id="pba35-043250"
            n="a-0820"
            ecep:lem="stray"
            ecep:pos="vvb"
            ecep:reg="stray"
            ecep:spe="stray"
            ecep:syllab="1"
            ecep:pron="streɪ">stray</w>
         <pc xml:id="pba35-043260"
             n="a-0830"
             ecep:lem=";"
             ecep:pos=";"
             ecep:reg=";"
             ecep:spe=";">;</pc>
      </l>
      <l n="8" xml:id="pba35-l02210">
         <c> </c>
         <w xml:id="pba35-043270"
            n="a-0840"
            ecep:lem="but"
            ecep:pos="cc-acp"
            ecep:reg="But"
            ecep:spe="But"
            ecep:syllab="1"
            ecep:pron="bʌt">But</w>
         <c> </c>
         <w xml:id="pba35-043280"
            n="a-0850"
            ecep:lem="wise"
            ecep:pos="av-j"
            ecep:reg="wisely"
            ecep:spe="wisely"
            ecep:syllab="2"
            ecep:pron="ˈwaɪzlɪ">wisely</w>
         <c> </c>
         <w xml:id="pba35-043290"
            n="a-0860"
            ecep:lem="wait"
            ecep:pos="vvi"
            ecep:reg="wait"
            ecep:spe="wait"
            ecep:syllab="1"
            ecep:pron="weɪt">wait</w>
         <pc xml:id="pba35-043300"
             n="a-0870"
             ecep:lem=","
             ecep:pos=","
             ecep:reg=","
             ecep:spe=",">,</pc>
         <c> </c>
         <w xml:id="pba35-043310"
            n="a-0880"
            ecep:lem="till"
            ecep:pos="c-acp"
            ecep:reg="till"
            ecep:spe="till"
            ecep:syllab="1"
            ecep:pron="tɪl">till</w>
         <c> </c>
         <w xml:id="pba35-043320"
            n="a-0890"
            ecep:lem="she"
            ecep:pos="pns31"
            ecep:reg="she"
            ecep:spe="she"
            ecep:syllab="1"
            ecep:pron="ʃiː">she</w>
         <c> </c>
         <w xml:id="pba35-043330"
            n="a-0900"
            ecep:lem="point"
            ecep:pos="vvz"
            ecep:reg="points"
            ecep:spe="points"
            ecep:syllab="1"
            ecep:pron="pɔɪnt">points</w>
         <c> </c>
         <w xml:id="pba35-043340"
            n="a-0910"
            ecep:lem="out"
            ecep:pos="av"
            ecep:reg="out"
            ecep:spe="out"
            ecep:syllab="1"
            ecep:pron="aʊt">out</w>
         <c> </c>
         <w xml:id="pba35-043350"
            n="a-0920"
            ecep:lem="the"
            ecep:pos="dt"
            ecep:reg="the"
            ecep:spe="the"
            ecep:syllab="1"
            ecep:pron="ðə">the</w>
         <c> </c>
         <w xml:id="pba35-043360"
            n="a-0930"
            ecep:lem="way"
            ecep:pos="n1"
            ecep:reg="Way"
            ecep:spe="Way"
            ecep:syllab="1"
            ecep:pron="weɪ">Way</w>
         <pc xml:id="pba35-043370"
             n="a-0940"
             ecep:lem=":"
             ecep:pos=":"
             ecep:reg=":"
             ecep:spe=":">:</pc>
      </l>
      <l n="9" xml:id="pba35-l02215">
         <c> </c>
         <w xml:id="pba35-043380"
            n="a-0950"
            ecep:lem="whereve"
            ecep:pos="j"
            ecep:reg="Wherever"
            ecep:spe="Where-e'er"
            ecep:syllab="3"
            ecep:pron="weəˌeə">Where-e'er</w>
         <c> </c>
         <w xml:id="pba35-043390"
            n="a-0960"
            ecep:lem="she"
            ecep:pos="pns31"
            ecep:reg="she"
            ecep:spe="she"
            ecep:syllab="1"
            ecep:pron="ʃiː">she</w>
         <c> </c>
         <w xml:id="pba35-043400"
            n="a-0970"
            ecep:lem="lead"
            ecep:pos="vvz"
            ecep:reg="leads"
            ecep:spe="leads"
            ecep:syllab="1"
            ecep:pron="liːdz">leads</w>
         <pc xml:id="pba35-043410"
             n="a-0980"
             ecep:lem=","
             ecep:pos=","
             ecep:reg=","
             ecep:spe=",">,</pc>
         <c> </c>
         <w xml:id="pba35-043420"
            n="a-0990"
            ecep:lem="unerring"
            ecep:pos="j"
            ecep:reg="unerring"
            ecep:spe="unerring"
            ecep:syllab="3"
            ecep:pron="ʌnˈɜːrɪŋ">unerring</w>
         <pc xml:id="pba35-043430"
             n="a-1000"
             ecep:lem=","
             ecep:pos=","
             ecep:reg=","
             ecep:spe=",">,</pc>
         <c> </c>
         <w xml:id="pba35-043440"
            n="a-1010"
            ecep:lem="you"
            ecep:pos="pn22"
            ecep:reg="you"
            ecep:spe="you"
            ecep:syllab="1"
            ecep:pron="juː">you</w>
         <c> </c>
         <w xml:id="pba35-043450"
            n="a-1020"
            ecep:lem="pursue"
            ecep:pos="vvb"
            ecep:reg="pursue"
            ecep:spe="pursue"
            ecep:syllab="2"
            ecep:pron="pəˈsjuː">pursue</w>
      </l>
      <l n="10" xml:id="pba35-l02220">
         <c> </c>
         <w xml:id="pba35-043460"
            n="a-1030"
            ecep:lem="her"
            ecep:pos="po31"
            ecep:reg="Her"
            ecep:spe="Her"
            ecep:syllab="1"
            ecep:pron="hɜː">Her</w>
         <c> </c>
         <w xml:id="pba35-043470"
            n="a-1040"
            ecep:lem="mazy"
            ecep:pos="j"
            ecep:reg="mazy"
            ecep:spe="mazy"
            ecep:syllab="2"
            ecep:pron="ˈmeɪzɪ">mazy</w>
         <c> </c>
         <w xml:id="pba35-043480"
            n="a-1050"
            ecep:lem="system"
            ecep:pos="n1"
            ecep:reg="System"
            ecep:spe="System"
            ecep:syllab="2"
            ecep:pron="ˈsɪstəm">System</w>
         <pc xml:id="pba35-043490"
             n="a-1060"
             ecep:lem=","
             ecep:pos=","
             ecep:reg=","
             ecep:spe=",">,</pc>
         <c> </c>
         <w xml:id="pba35-043500"
            n="a-1070"
            ecep:lem="open"
            ecep:pos="vvg"
            ecep:reg="opening"
            ecep:spe="op'ning"
            ecep:syllab="2"
            ecep:pron="ˈəʊpnɪŋ">op'ning</w>
         <c> </c>
         <w xml:id="pba35-043510"
            n="a-1080"
            ecep:lem="to"
            ecep:pos="p-acp"
            ecep:reg="to"
            ecep:spe="to"
            ecep:syllab="1"
            ecep:pron="tuː">to</w>
         <c> </c>
         <w xml:id="pba35-043520"
            n="a-1090"
            ecep:lem="your"
            ecep:pos="po22"
            ecep:reg="your"
            ecep:spe="your"
            ecep:syllab="1"
            ecep:pron="jɔː">your</w>
         <c> </c>
         <w xml:id="pba35-043530"
            n="a-1100"
            ecep:lem="view"
            ecep:pos="n1"
            ecep:reg="View"
            ecep:spe="View"
            ecep:syllab="1"
            ecep:pron="vjuː">View</w>
         <pc xml:id="pba35-043540"
             n="a-1110"
             unit="sentence"
             ecep:lem="."
             ecep:pos="."
             ecep:reg="."
             ecep:spe=".">.</pc>
         <c> </c>
      </l>
   </lg>
   <lg xml:id="pba35-s00300">
      <l n="11" xml:id="pba35-l02225">
         <hi rendition="#sc">
            <w xml:id="pba35-043570"
               n="a-1120"
               ecep:lem="in"
               ecep:pos="p-acp"
               ecep:reg="In"
               ecep:spe="In"
               ecep:syllab="1"
               ecep:pron="ɪn">In</w>
         </hi>
         <c> </c>
         <w xml:id="pba35-043580"
            n="a-1130"
            ecep:lem="you"
            ecep:pos="pn22"
            ecep:reg="you"
            ecep:spe="you"
            ecep:syllab="1"
            ecep:pron="juː">you</w>
         <c> </c>
         <w xml:id="pba35-043590"
            n="a-1140"
            ecep:lem="revive"
            ecep:pos="vvd"
            ecep:reg="revived"
            ecep:spe="reviv'd"
            ecep:syllab="2"
            ecep:pron="riˈvaɪvd">reviv'd</w>
         <c> </c>
         <w xml:id="pba35-043600"
            n="a-1150"
            ecep:lem="we"
            ecep:pos="pns12"
            ecep:reg="we"
            ecep:spe="we"
            ecep:syllab="1"
            ecep:pron="wiː">we</w>
         <c> </c>
         <hi rendition="#sc">
            <w xml:id="pba35-043610"
               n="a-1160"
               rend="plain_apostrophe"
               ecep:lem="ratcliff"
               ecep:pos="np1|vbz"
               ecep:reg="Ratcliff's"
               ecep:spe="Ratcliff's"
               ecep:syllab="2"
               ecep:pron="ˈrætklɪfz">Ratcliff's</w>
         </hi>
         <c> </c>
         <w xml:id="pba35-043620"
            n="a-1170"
            ecep:lem="genius"
            ecep:pos="n1"
            ecep:reg="Genius"
            ecep:spe="Genius"
            ecep:syllab="2"
            ecep:pron="ˈdʒiːnɪəs">Genius</w>
         <c> </c>
         <w xml:id="pba35-043630"
            n="a-1180"
            ecep:lem="see"
            ecep:pos="vvi"
            ecep:reg="see"
            ecep:spe="see"
            ecep:syllab="1"
            ecep:pron="siː">see</w>
         <pc xml:id="pba35-043640"
             n="a-1190"
             ecep:lem=","
             ecep:pos=","
             ecep:reg=","
             ecep:spe=",">,</pc>
      </l>
      <l n="12" xml:id="pba35-l02230">
         <c> </c>
         <w xml:id="pba35-043650"
            n="a-1200"
            ecep:lem="heighten"
            ecep:pos="vvn"
            ecep:reg="Heightened"
            ecep:spe="Heighten'd"
            ecep:syllab="2"
            ecep:pron="ˈhaɪtnd">Heighten'd</w>
         <c> </c>
         <w xml:id="pba35-043660"
            n="a-1210"
            ecep:lem="by"
            ecep:pos="p-acp"
            ecep:reg="by"
            ecep:spe="by"
            ecep:syllab="1"
            ecep:pron="baɪ">by</w>
         <c> </c>
         <w xml:id="pba35-043670"
            n="a-1220"
            ecep:lem="learning"
            ecep:pos="n1"
            ecep:reg="Learning"
            ecep:spe="Learning"
            ecep:syllab="2"
            ecep:pron="ˈlɜːnɪŋ">Learning</w>
         <c> </c>
         <w xml:id="pba35-043680"
            n="a-1230"
            ecep:lem="and"
            ecep:pos="cc"
            ecep:reg="and"
            ecep:spe="and"
            ecep:syllab="1"
            ecep:pron="ænd">and</w>
         <c> </c>
         <w xml:id="pba35-043690"
            n="a-1240"
            ecep:lem="humanity"
            ecep:pos="n1"
            ecep:reg="Humanity"
            ecep:spe="Humanity"
            ecep:syllab="4"
            ecep:pron="hjuːˈmænɪtɪ">Humanity</w>
         <pc xml:id="pba35-043700"
             n="a-1250"
             unit="sentence"
             ecep:lem="."
             ecep:pos="."
             ecep:reg="."
             ecep:spe=".">.</pc>
         <c> </c>
      </l>
      <pb n="31" rend="none"/>
      <l n="13" xml:id="pba35-l02235">
         <w xml:id="pba35-043710"
            n="a-0010"
            ecep:lem="with"
            ecep:pos="p-acp"
            ecep:reg="With"
            ecep:spe="With"
            ecep:syllab="1"
            ecep:pron="wɪð">With</w>
         <c> </c>
         <w xml:id="pba35-043720"
            n="a-0020"
            ecep:lem="ease"
            ecep:pos="n1"
            ecep:reg="Ease"
            ecep:spe="Ease"
            ecep:syllab="1"
            ecep:pron="iːz">Ease</w>
         <c> </c>
         <w xml:id="pba35-043730"
            n="a-0030"
            ecep:lem="all"
            ecep:pos="d"
            ecep:reg="all"
            ecep:spe="all"
            ecep:syllab="1"
            ecep:pron="ɔːl">all</w>
         <c> </c>
         <w xml:id="pba35-043740"
            n="a-0040"
            ecep:lem="nature"
            ecep:pos="ng1"
            ecep:reg="Nature's"
            ecep:spe="Nature's"
            ecep:syllab="2"
            ecep:pron="ˈneɪtʃəz">Nature's</w>
         <c> </c>
         <w xml:id="pba35-043750"
            n="a-0050"
            ecep:lem="secret"
            ecep:pos="n2-jn"
            ecep:reg="Secrets"
            ecep:spe="Secrets"
            ecep:syllab="2"
            ecep:pron="ˈsiːkrəts">Secrets</w>
         <c> </c>
         <w xml:id="pba35-043760"
            n="a-0060"
            ecep:lem="you"
            ecep:pos="pn22"
            ecep:reg="you"
            ecep:spe="you"
            ecep:syllab="1"
            ecep:pron="juː">you</w>
         <c> </c>
         <w xml:id="pba35-043770"
            n="a-0070"
            ecep:lem="explore"
            ecep:pos="vvi"
            ecep:reg="explore"
            ecep:spe="explore"
            ecep:syllab="2"
            ecep:pron="ɪkˈsplɔː">explore</w>
         <pc xml:id="pba35-043780"
             n="a-0080"
             ecep:lem=","
             ecep:pos=","
             ecep:reg=","
             ecep:spe=",">,</pc>
      </l>
      <l n="14" xml:id="pba35-l02240">
         <c> </c>
         <w xml:id="pba35-043790"
            n="a-0090"
            ecep:lem="and"
            ecep:pos="cc"
            ecep:reg="And"
            ecep:spe="And"
            ecep:syllab="1"
            ecep:pron="ænd">And</w>
         <c> </c>
         <w xml:id="pba35-043800"
            n="a-0100"
            ecep:lem="to"
            ecep:pos="p-acp"
            ecep:reg="to"
            ecep:spe="to"
            ecep:syllab="1"
            ecep:pron="tuː">to</w>
         <c> </c>
         <w xml:id="pba35-043810"
            n="a-0110"
            ecep:lem="the"
            ecep:pos="dt"
            ecep:reg="the"
            ecep:spe="the"
            ecep:syllab="1"
            ecep:pron="ðə">the</w>
         <c> </c>
         <w xml:id="pba35-043820"
            n="a-0120"
            ecep:lem="noble"
            ecep:pos="js"
            ecep:reg="noblest"
            ecep:spe="noblest"
            ecep:syllab="2"
            ecep:pron="ˈnəʊblɪst">noblest</w>
         <c> </c>
         <w xml:id="pba35-043830"
            n="a-0130"
            ecep:lem="height"
            ecep:pos="n2"
            ecep:reg="Heights"
            ecep:spe="Heights"
            ecep:syllab="1"
            ecep:pron="ˈhaɪts">Heights</w>
         <c> </c>
         <w xml:id="pba35-043840"
            n="a-0140"
            ecep:lem="of"
            ecep:pos="pp-f"
            ecep:reg="of"
            ecep:spe="of"
            ecep:syllab="1"
            ecep:pron="ɒv">of</w>
         <c> </c>
         <w xml:id="pba35-043850"
            n="a-0150"
            ecep:lem="science"
            ecep:pos="n1"
            ecep:reg="Science"
            ecep:spe="Science"
            ecep:syllab="2"
            ecep:pron="ˈsaɪəns">Science</w>
         <c> </c>
         <w xml:id="pba35-043860"
            n="a-0160"
            ecep:lem="soar"
            ecep:pos="vvb"
            ecep:reg="soar"
            ecep:spe="soar"
            ecep:syllab="1"
            ecep:pron="sɔː">soar</w>
         <pc xml:id="pba35-043870"
             n="a-0170"
             unit="sentence"
             ecep:lem="."
             ecep:pos="."
             ecep:reg="."
             ecep:spe=".">.</pc>
         <c> </c>
      </l>
      <l n="15" xml:id="pba35-l02245">
         <w xml:id="pba35-043880"
            n="a-0180"
            ecep:lem="your"
            ecep:pos="po22"
            ecep:reg="Your"
            ecep:spe="Your"
            ecep:syllab="1"
            ecep:pron="jɔː">Your</w>
         <c> </c>
         <w xml:id="pba35-043890"
            n="a-0190"
            ecep:lem="thought"
            ecep:pos="n2"
            ecep:reg="Thoughts"
            ecep:spe="Thoughts"
            ecep:syllab="1"
            ecep:pron="θɔːts">Thoughts</w>
         <pc xml:id="pba35-043900"
             n="a-0200"
             ecep:lem=","
             ecep:pos=","
             ecep:reg=","
             ecep:spe=",">,</pc>
         <c> </c>
         <w xml:id="pba35-043910"
            n="a-0210"
            ecep:lem="unbounded"
            ecep:pos="j-vvn"
            ecep:reg="unbounded"
            ecep:spe="unbounded"
            ecep:syllab="3"
            ecep:pron="ʌnˈbaʊndɪd">unbounded</w>
         <pc xml:id="pba35-043920"
             n="a-0220"
             ecep:lem=","
             ecep:pos=","
             ecep:reg=","
             ecep:spe=",">,</pc>
         <c> </c>
         <w xml:id="pba35-043930"
            n="a-0230"
            ecep:lem="travel"
            ecep:pos="vvb"
            ecep:reg="travel"
            ecep:spe="travel"
            ecep:syllab="2"
            ecep:pron="ˈtrævl">travel</w>
         <c> </c>
         <w xml:id="pba35-043940"
            n="a-0240"
            ecep:lem="with"
            ecep:pos="p-acp"
            ecep:reg="with"
            ecep:spe="with"
            ecep:syllab="1"
            ecep:pron="wɪð">with</w>
         <c> </c>
         <w xml:id="pba35-043950"
            n="a-0250"
            ecep:lem="the"
            ecep:pos="dt"
            ecep:reg="the"
            ecep:spe="the"
            ecep:syllab="1"
            ecep:pron="ðə">the</w>
         <c> </c>
         <w xml:id="pba35-043960"
            n="a-0260"
            ecep:lem="sun"
            ecep:pos="n1"
            ecep:reg="Sun"
            ecep:spe="Sun"
            ecep:syllab="1"
            ecep:pron="sʌn">Sun</w>
         <pc xml:id="pba35-043970"
             n="a-0270"
             ecep:lem=";"
             ecep:pos=";"
             ecep:reg=";"
             ecep:spe=";">;</pc>
      </l>
      <l n="16" xml:id="pba35-l02250">
         <c> </c>
         <w xml:id="pba35-043980"
            n="a-0280"
            ecep:lem="and"
            ecep:pos="cc"
            ecep:reg="And"
            ecep:spe="And"
            ecep:syllab="1"
            ecep:pron="ænd">And</w>
         <c> </c>
         <w xml:id="pba35-043990"
            n="a-0290"
            ecep:lem="see"
            ecep:pos="vvb"
            ecep:reg="see"
            ecep:spe="see"
            ecep:syllab="1"
            ecep:pron="siː">see</w>
         <c> </c>
         <w xml:id="pba35-044000"
            n="a-0300"
            ecep:lem="attendant"
            ecep:pos="n1"
            ecep:reg="attendant"
            ecep:spe="attendant"
            ecep:syllab="3"
            ecep:pron="əˈtendənt">attendant</w>
         <c> </c>
         <w xml:id="pba35-044010"
            n="a-0310"
            ecep:lem="world"
            ecep:pos="n2"
            ecep:reg="Worlds"
            ecep:spe="Worlds"
            ecep:syllab="1"
            ecep:pron="wɜːldz">Worlds</w>
         <c> </c>
         <w xml:id="pba35-044020"
            n="a-0320"
            ecep:lem="around"
            ecep:pos="a-acp"
            ecep:reg="around"
            ecep:spe="around"
            ecep:syllab="2"
            ecep:pron="əˈraʊnd">around</w>
         <c> </c>
         <w xml:id="pba35-044030"
            n="a-0330"
            ecep:lem="he"
            ecep:pos="pno31"
            ecep:reg="him"
            ecep:spe="him"
            ecep:syllab="1"
            ecep:pron="hɪm">him</w>
         <c> </c>
         <w xml:id="pba35-044040"
            n="a-0340"
            ecep:lem="run"
            ecep:pos="vvi"
            ecep:reg="run"
            ecep:spe="run"
            ecep:syllab="1"
            ecep:pron="rʌn">run</w>
         <pc xml:id="pba35-044050"
             n="a-0350"
             ecep:lem=";"
             ecep:pos=";"
             ecep:reg=";"
             ecep:spe=";">;</pc>
      </l>
      <l n="17" xml:id="pba35-l02255">
         <c> </c>
         <w xml:id="pba35-044060"
            n="a-0360"
            ecep:lem="which"
            ecep:pos="r-crq"
            ecep:reg="Which"
            ecep:spe="Which"
            ecep:syllab="1"
            ecep:pron="wɪtʃ">Which</w>
         <c> </c>
         <w xml:id="pba35-044070"
            n="a-0370"
            ecep:lem="trace"
            ecep:pos="vvb"
            ecep:reg="trace"
            ecep:spe="trace"
            ecep:syllab="1"
            ecep:pron="treɪs">trace</w>
         <c> </c>
         <w xml:id="pba35-044080"
            n="a-0380"
            ecep:lem="their"
            ecep:pos="po32"
            ecep:reg="their"
            ecep:spe="their"
            ecep:syllab="1"
            ecep:pron="ðeə">their</w>
         <c> </c>
         <w xml:id="pba35-044090"
            n="a-0390"
            ecep:lem="distant"
            ecep:pos="j"
            ecep:reg="distant"
            ecep:spe="distant"
            ecep:syllab="2"
            ecep:pron="ˈdɪstənt">distant</w>
         <c> </c>
         <w xml:id="pba35-044100"
            n="a-0400"
            ecep:lem="course"
            ecep:pos="n2"
            ecep:reg="Courses"
            ecep:spe="Courses"
            ecep:syllab="2"
            ecep:pron="ˈkɔːsɪz">Courses</w>
         <c> </c>
         <w xml:id="pba35-044110"
            n="a-0410"
            ecep:lem="through"
            ecep:pos="p-acp"
            ecep:reg="through"
            ecep:spe="thro'"
            ecep:syllab="1"
            ecep:pron="θruː">thro'</w>
         <c> </c>
         <w xml:id="pba35-044120"
            n="a-0420"
            ecep:lem="the"
            ecep:pos="dt"
            ecep:reg="the"
            ecep:spe="the"
            ecep:syllab="1"
            ecep:pron="ðə">the</w>
         <c> </c>
         <w xml:id="pba35-044130"
            n="a-0430"
            ecep:lem="sky"
            ecep:pos="n1"
            ecep:reg="Sky"
            ecep:spe="Sky"
            ecep:syllab="1"
            ecep:pron="skaɪ">Sky</w>
         <pc xml:id="pba35-044140"
             n="a-0440"
             ecep:lem=","
             ecep:pos=","
             ecep:reg=","
             ecep:spe=",">,</pc>
      </l>
      <l n="18" xml:id="pba35-l02260">
         <c> </c>
         <w xml:id="pba35-044150"
            n="a-0450"
            ecep:lem="nor"
            ecep:pos="ccx"
            ecep:reg="Nor"
            ecep:spe="Nor"
            ecep:syllab="1"
            ecep:pron="nɔː">Nor</w>
         <c> </c>
         <w xml:id="pba35-044160"
            n="a-0460"
            ecep:lem="fly"
            ecep:pos="vvi"
            ecep:reg="fly"
            ecep:spe="fly"
            ecep:syllab="1"
            ecep:pron="flaɪ">fly</w>
         <c> </c>
         <w xml:id="pba35-044170"
            n="a-0470"
            ecep:lem="his"
            ecep:pos="po31"
            ecep:reg="his"
            ecep:spe="his"
            ecep:syllab="1"
            ecep:pron="hɪz">his</w>
         <c> </c>
         <w xml:id="pba35-044180"
            n="a-0480"
            ecep:lem="throne"
            ecep:pos="n1"
            ecep:reg="Throne"
            ecep:spe="Throne"
            ecep:syllab="1"
            ecep:pron="θrəʊn">Throne</w>
         <c> </c>
         <w xml:id="pba35-044190"
            n="a-0490"
            ecep:lem="too"
            ecep:pos="av"
            ecep:reg="too"
            ecep:spe="too"
            ecep:syllab="1"
            ecep:pron="tuː">too</w>
         <c> </c>
         <w xml:id="pba35-044200"
            n="a-0500"
            ecep:lem="far"
            ecep:pos="av-j"
            ecep:reg="far"
            ecep:spe="far"
            ecep:syllab="1"
            ecep:pron="fɑː">far</w>
         <pc xml:id="pba35-044210"
             n="a-0510"
             ecep:lem=","
             ecep:pos=","
             ecep:reg=","
             ecep:spe=",">,</pc>
         <c> </c>
         <w xml:id="pba35-044220"
            n="a-0520"
            ecep:lem="nor"
            ecep:pos="ccx"
            ecep:reg="nor"
            ecep:spe="nor"
            ecep:syllab="1"
            ecep:pron="nɔː">nor</w>
         <c> </c>
         <w xml:id="pba35-044230"
            n="a-0530"
            ecep:lem="press"
            ecep:pos="vvi"
            ecep:reg="press"
            ecep:spe="press"
            ecep:syllab="1"
            ecep:pron="pres">press</w>
         <c> </c>
         <w xml:id="pba35-044240"
            n="a-0540"
            ecep:lem="too"
            ecep:pos="av"
            ecep:reg="too"
            ecep:spe="too"
            ecep:syllab="1"
            ecep:pron="tuː">too</w>
         <c> </c>
         <w xml:id="pba35-044250"
            n="a-0550"
            ecep:lem="nigh"
            ecep:pos="av-j"
            ecep:reg="nigh"
            ecep:spe="nigh"
            ecep:syllab="1"
            ecep:pron="naɪ">nigh</w>
         <pc xml:id="pba35-044260"
             n="a-0560"
             unit="sentence"
             ecep:lem="."
             ecep:pos="."
             ecep:reg="."
             ecep:spe=".">.</pc>
         <c> </c>
      </l>
      <l n="19" xml:id="pba35-l02265">
         <w xml:id="pba35-044270"
            n="a-0570"
            ecep:lem="the"
            ecep:pos="dt"
            ecep:reg="The"
            ecep:spe="The"
            ecep:syllab="1"
            ecep:pron="ðə">The</w>
         <c> </c>
         <w xml:id="pba35-044280"
            n="a-0580"
            ecep:lem="wise"
            ecep:pos="j"
            ecep:reg="wise"
            ecep:spe="wise"
            ecep:syllab="1"
            ecep:pron="waɪz">wise</w>
         <c> </c>
         <w xml:id="pba35-044290"
            n="a-0590"
            ecep:lem="and"
            ecep:pos="cc"
            ecep:reg="and"
            ecep:spe="and"
            ecep:syllab="1"
            ecep:pron="ænd">and</w>
         <c> </c>
         <w xml:id="pba35-044300"
            n="a-0600"
            ecep:lem="wondrous"
            ecep:pos="j"
            ecep:reg="wondrous"
            ecep:spe="wond'rous"
            ecep:syllab="2"
            ecep:pron="ˈwʌndrəs">wond'rous</w>
         <c> </c>
         <w xml:id="pba35-044310"
            n="a-0610"
            ecep:lem="law"
            ecep:pos="n2"
            ecep:reg="Laws"
            ecep:spe="Laws"
            ecep:syllab="1"
            ecep:pron="lɔːz">Laws</w>
         <c> </c>
         <w xml:id="pba35-044320"
            n="a-0620"
            ecep:lem="you"
            ecep:pos="pn22"
            ecep:reg="you"
            ecep:spe="you"
            ecep:syllab="1"
            ecep:pron="juː">you</w>
         <c> </c>
         <w xml:id="pba35-044330"
            n="a-0630"
            ecep:lem="clear"
            ecep:pos="av-j"
            ecep:reg="clearly"
            ecep:spe="clearly"
            ecep:syllab="2"
            ecep:pron="ˈklɪəlɪ">clearly</w>
         <c> </c>
         <w xml:id="pba35-044340"
            n="a-0640"
            ecep:lem="know"
            ecep:pos="vvb"
            ecep:reg="know"
            ecep:spe="know"
            ecep:syllab="1"
            ecep:pron="nəʊ">know</w>
         <pc xml:id="pba35-044350"
             n="a-0650"
             ecep:lem=","
             ecep:pos=","
             ecep:reg=","
             ecep:spe=",">,</pc>
      </l>
      <l n="20" xml:id="pba35-l02270">
         <c> </c>
         <w xml:id="pba35-044360"
            n="a-0660"
            ecep:lem="which"
            ecep:pos="r-crq"
            ecep:reg="Which"
            ecep:spe="Which"
            ecep:syllab="1"
            ecep:pron="wɪtʃ">Which</w>
         <c> </c>
         <w xml:id="pba35-044370"
            n="a-0670"
            ecep:lem="rule"
            ecep:pos="n1"
            ecep:reg="rule"
            ecep:spe="rule"
            ecep:syllab="1"
            ecep:pron="ruːl">rule</w>
         <c> </c>
         <w xml:id="pba35-044380"
            n="a-0680"
            ecep:lem="those"
            ecep:pos="d"
            ecep:reg="those"
            ecep:spe="those"
            ecep:syllab="1"
            ecep:pron="ðəʊz">those</w>
         <c> </c>
         <w xml:id="pba35-044390"
            n="a-0690"
            ecep:lem="world"
            ecep:pos="n2"
            ecep:reg="Worlds"
            ecep:spe="Worlds"
            ecep:syllab="1"
            ecep:pron="wɜːldz">Worlds</w>
         <c> </c>
         <w xml:id="pba35-044400"
            n="a-0700"
            ecep:lem="above"
            ecep:pos="a-acp"
            ecep:reg="above"
            ecep:spe="above"
            ecep:syllab="2"
            ecep:pron="əˈbʌv">above</w>
         <pc xml:id="pba35-044410"
             n="a-0710"
             ecep:lem=","
             ecep:pos=","
             ecep:reg=","
             ecep:spe=",">,</pc>
         <c> </c>
         <w xml:id="pba35-044420"
            n="a-0720"
            ecep:lem="and"
            ecep:pos="cc"
            ecep:reg="and"
            ecep:spe="and"
            ecep:syllab="1"
            ecep:pron="ænd">and</w>
         <c> </c>
         <w xml:id="pba35-044430"
            n="a-0730"
            ecep:lem="this"
            ecep:pos="d"
            ecep:reg="this"
            ecep:spe="this"
            ecep:syllab="1"
            ecep:pron="ðɪs">this</w>
         <c> </c>
         <w xml:id="pba35-044440"
            n="a-0740"
            ecep:lem="below"
            ecep:pos="a-acp"
            ecep:reg="below"
            ecep:spe="below"
            ecep:syllab="2"
            ecep:pron="bɪˈləʊ">below</w>
         <pc xml:id="pba35-044450"
             n="a-0750"
             unit="sentence"
             ecep:lem="."
             ecep:pos="."
             ecep:reg="."
             ecep:spe=".">.</pc>
         <c> </c>
      </l>
      <l n="21" xml:id="pba35-l02275">
         <w xml:id="pba35-044460"
            n="a-0760"
            ecep:lem="the"
            ecep:pos="dt"
            ecep:reg="The"
            ecep:spe="The"
            ecep:syllab="1"
            ecep:pron="ðə">The</w>
         <c> </c>
         <w xml:id="pba35-044470"
            n="a-0770"
            ecep:lem="world"
            ecep:pos="n1"
            ecep:reg="World"
            ecep:spe="World"
            ecep:syllab="1"
            ecep:pron="wɜːld">World</w>
         <c> </c>
         <w xml:id="pba35-044480"
            n="a-0780"
            ecep:lem="of"
            ecep:pos="pp-f"
            ecep:reg="of"
            ecep:spe="of"
            ecep:syllab="1"
            ecep:pron="ɒv">of</w>
         <c> </c>
         <w xml:id="pba35-044490"
            n="a-0790"
            ecep:lem="life"
            ecep:pos="n1"
            ecep:reg="Life"
            ecep:spe="Life"
            ecep:syllab="1"
            ecep:pron="laɪf">Life</w>
         <pc xml:id="pba35-044500"
             n="a-0800"
             ecep:lem=","
             ecep:pos=","
             ecep:reg=","
             ecep:spe=",">,</pc>
         <c> </c>
         <w xml:id="pba35-044510"
            n="a-0810"
            ecep:lem="which"
            ecep:pos="r-crq"
            ecep:reg="which"
            ecep:spe="which"
            ecep:syllab="1"
            ecep:pron="wɪtʃ">which</w>
         <c> </c>
         <w xml:id="pba35-044520"
            n="a-0820"
            ecep:lem="we"
            ecep:pos="pns12"
            ecep:reg="we"
            ecep:spe="we"
            ecep:syllab="1"
            ecep:pron="wiː">we</w>
         <c> </c>
         <w xml:id="pba35-044530"
            n="a-0830"
            ecep:lem="obscure"
            ecep:pos="av-j"
            ecep:reg="obscurely"
            ecep:spe="obscurely"
            ecep:syllab="3"
            ecep:pron="əbˈskjʊəlɪ">obscurely</w>
         <c> </c>
         <w xml:id="pba35-044540"
            n="a-0840"
            ecep:lem="see"
            ecep:pos="vvb"
            ecep:reg="see"
            ecep:spe="see"
            ecep:syllab="1"
            ecep:pron="siː">see</w>
         <pc xml:id="pba35-044550"
             n="a-0850"
             ecep:lem=","
             ecep:pos=","
             ecep:reg=","
             ecep:spe=",">,</pc>
      </l>
      <l n="22" xml:id="pba35-l02280">
         <c> </c>
         <w xml:id="pba35-044560"
            n="a-0860"
            ecep:lem="in"
            ecep:pos="p-acp"
            ecep:reg="In"
            ecep:spe="In"
            ecep:syllab="1"
            ecep:pron="ɪn">In</w>
         <c> </c>
         <w xml:id="pba35-044570"
            n="a-0870"
            ecep:lem="all"
            ecep:pos="d"
            ecep:reg="all"
            ecep:spe="all"
            ecep:syllab="1"
            ecep:pron="ɔːl">all</w>
         <c> </c>
         <w xml:id="pba35-044580"
            n="a-0880"
            ecep:lem="its"
            ecep:pos="po31"
            ecep:reg="its"
            ecep:spe="its"
            ecep:syllab="1"
            ecep:pron="ɪts">its</w>
         <c> </c>
         <w xml:id="pba35-044590"
            n="a-0890"
            ecep:lem="wonder"
            ecep:pos="n2"
            ecep:reg="Wonders"
            ecep:spe="Wonders"
            ecep:syllab="2"
            ecep:pron="ˈwʌndəz">Wonders</w>
         <pc xml:id="pba35-044600"
             n="a-0900"
             ecep:lem=","
             ecep:pos=","
             ecep:reg=","
             ecep:spe=",">,</pc>
         <c> </c>
         <w xml:id="pba35-044610"
            n="a-0910"
            ecep:lem="be"
            ecep:pos="vbz"
            ecep:reg="is"
            ecep:spe="is"
            ecep:syllab="1"
            ecep:pron="ɪz">is</w>
         <c> </c>
         <w xml:id="pba35-044620"
            n="a-0920"
            ecep:lem="survey"
            ecep:pos="vvn"
            ecep:reg="surveyed"
            ecep:spe="survey'd"
            ecep:syllab="2"
            ecep:pron="səˈveɪd">survey'd</w>
         <c> </c>
         <w xml:id="pba35-044630"
            n="a-0930"
            ecep:lem="by"
            ecep:pos="p-acp"
            ecep:reg="by"
            ecep:spe="by"
            ecep:syllab="1"
            ecep:pron="baɪ">by</w>
         <c> </c>
         <w xml:id="pba35-044640"
            n="a-0940"
            ecep:lem="thou"
            ecep:pos="pno21"
            ecep:reg="thee"
            ecep:spe="thee"
            ecep:syllab="1"
            ecep:pron="ðiː">thee</w>
         <pc xml:id="pba35-044650"
             n="a-0950"
             ecep:lem=":"
             ecep:pos=":"
             ecep:reg=":"
             ecep:spe=":">:</pc>
      </l>
      <l n="23" xml:id="pba35-l02285">
         <c> </c>
         <w xml:id="pba35-044660"
            n="a-0960"
            ecep:lem="and"
            ecep:pos="cc"
            ecep:reg="And"
            ecep:spe="And"
            ecep:syllab="1"
            ecep:pron="ænd">And</w>
         <c> </c>
         <w xml:id="pba35-044670"
            n="a-0970"
            ecep:lem="thou"
            ecep:pos="pns21"
            ecep:reg="thou"
            ecep:spe="thou"
            ecep:syllab="1"
            ecep:pron="ðaʊ">thou</w>
         <c> </c>
         <w xml:id="pba35-044680"
            n="a-0980"
            ecep:lem="in"
            ecep:pos="p-acp"
            ecep:reg="in"
            ecep:spe="in"
            ecep:syllab="1"
            ecep:pron="ɪn">in</w>
         <c> </c>
         <w xml:id="pba35-044690"
            n="a-0990"
            ecep:lem="every"
            ecep:pos="d"
            ecep:reg="every"
            ecep:spe="ev'ry"
            ecep:syllab="2"
            ecep:pron="ˈevri">ev'ry</w>
         <c> </c>
         <w xml:id="pba35-044700"
            n="a-1000"
            ecep:lem="part"
            ecep:pos="n1"
            ecep:reg="Part"
            ecep:spe="Part"
            ecep:syllab="1"
            ecep:pron="pɑːt">Part</w>
         <c> </c>
         <w xml:id="pba35-044710"
            n="a-1010"
            ecep:lem="can"
            ecep:pos="vm2"
            ecep:reg="canst"
            ecep:spe="canst"
            ecep:syllab="1"
            ecep:pron="kænst">canst</w>
         <c> </c>
         <w xml:id="pba35-044720"
            n="a-1020"
            ecep:lem="something"
            ecep:pos="pi"
            ecep:reg="something"
            ecep:spe="something"
            ecep:syllab="2"
            ecep:pron="ˈsʌmθɪŋ">something</w>
         <c> </c>
         <w xml:id="pba35-044730"
            n="a-1030"
            ecep:lem="find"
            ecep:pos="vvi"
            ecep:reg="find"
            ecep:spe="find"
            ecep:syllab="1"
            ecep:pron="faɪnd">find</w>
         <pc xml:id="pba35-044740"
             n="a-1040"
             ecep:lem=","
             ecep:pos=","
             ecep:reg=","
             ecep:spe=",">,</pc>
      </l>
      <l n="24" xml:id="pba35-l02290">
         <c> </c>
         <w xml:id="pba35-044750"
            n="a-1050"
            ecep:lem="to"
            ecep:pos="pc-acp"
            ecep:reg="To"
            ecep:spe="To"
            ecep:syllab="1"
            ecep:pron="tuː">To</w>
         <c> </c>
         <w xml:id="pba35-044760"
            n="a-1060"
            ecep:lem="praise"
            ecep:pos="vvi"
            ecep:reg="praise"
            ecep:spe="praise"
            ecep:syllab="1"
            ecep:pron="preɪz">praise</w>
         <c> </c>
         <w xml:id="pba35-044770"
            n="a-1070"
            ecep:lem="thy"
            ecep:pos="po21"
            ecep:reg="thy"
            ecep:spe="thy"
            ecep:syllab="1"
            ecep:pron="ðaɪ">thy</w>
         <c> </c>
         <w xml:id="pba35-044780"
            n="a-1080"
            ecep:lem="maker"
            ecep:pos="n1"
            ecep:reg="Maker"
            ecep:spe="Maker"
            ecep:syllab="2"
            ecep:pron="ˈmeɪkə">Maker</w>
         <pc xml:id="pba35-044790"
             n="a-1090"
             ecep:lem=","
             ecep:pos=","
             ecep:reg=","
             ecep:spe=",">,</pc>
         <c> </c>
         <w xml:id="pba35-044800"
            n="a-1100"
            ecep:lem="and"
            ecep:pos="cc"
            ecep:reg="and"
            ecep:spe="and"
            ecep:syllab="1"
            ecep:pron="ænd">and</w>
         <c> </c>
         <w xml:id="pba35-044810"
            n="a-1110"
            ecep:lem="to"
            ecep:pos="pc-acp"
            ecep:reg="to"
            ecep:spe="to"
            ecep:syllab="1"
            ecep:pron="tuː">to</w>
         <c> </c>
         <w xml:id="pba35-044820"
            n="a-1120"
            ecep:lem="bless"
            ecep:pos="vvi"
            ecep:reg="bless"
            ecep:spe="bless"
            ecep:syllab="1"
            ecep:pron="bles">bless</w>
         <c> </c>
         <w xml:id="pba35-044830"
            n="a-1130"
            ecep:lem="thy"
            ecep:pos="po21"
            ecep:reg="thy"
            ecep:spe="thy"
            ecep:syllab="1"
            ecep:pron="ðaɪ">thy</w>
         <c> </c>
         <w xml:id="pba35-044840"
            n="a-1140"
            ecep:lem="kind"
            ecep:pos="j"
            ecep:reg="Kind"
            ecep:spe="Kind"
            ecep:syllab="1"
            ecep:pron="kaɪnd">Kind</w>
         <pc xml:id="pba35-044850"
             n="a-1150"
             ecep:lem=":"
             ecep:pos=":"
             ecep:reg=":"
             ecep:spe=":">:</pc>
      </l>
      <l n="25" xml:id="pba35-l02295">
         <c> </c>
         <w xml:id="pba35-044860"
            n="a-1160"
            ecep:lem="quick"
            ecep:pos="j"
            ecep:reg="Quick"
            ecep:spe="Quick"
            ecep:syllab="1"
            ecep:pron="kwɪk">Quick</w>
         <c> </c>
         <w xml:id="pba35-044870"
            n="a-1170"
            ecep:lem="to"
            ecep:pos="pc-acp"
            ecep:reg="to"
            ecep:spe="to"
            ecep:syllab="1"
            ecep:pron="tuː">to</w>
         <c> </c>
         <w xml:id="pba35-044880"
            n="a-1180"
            ecep:lem="discern"
            ecep:pos="vvi"
            ecep:reg="discern"
            ecep:spe="discern"
            ecep:syllab="2"
            ecep:pron="dɪˈsɜːn">discern</w>
         <pc xml:id="pba35-044890"
             n="a-1190"
             ecep:lem=","
             ecep:pos=","
             ecep:reg=","
             ecep:spe=",">,</pc>
         <c> </c>
         <w xml:id="pba35-044900"
            n="a-1200"
            ecep:lem="judicious"
            ecep:pos="j"
            ecep:reg="judicious"
            ecep:spe="judicious"
            ecep:syllab="3"
            ecep:pron="dʒuːˈdɪʃəs">judicious</w>
         <c> </c>
         <w xml:id="pba35-044910"
            n="a-1210"
            ecep:lem="to"
            ecep:pos="pc-acp"
            ecep:reg="to"
            ecep:spe="to"
            ecep:syllab="1"
            ecep:pron="tuː">to</w>
         <c> </c>
         <w xml:id="pba35-044920"
            n="a-1220"
            ecep:lem="apply"
            ecep:pos="vvi"
            ecep:reg="apply"
            ecep:spe="apply"
            ecep:syllab="2"
            ecep:pron="əˈplaɪ">apply</w>
         <pc xml:id="pba35-044930"
             n="a-1230"
             ecep:lem=","
             ecep:pos=","
             ecep:reg=","
             ecep:spe=",">,</pc>
      </l>
      <l n="26" xml:id="pba35-l02300">
         <c> </c>
         <w xml:id="pba35-044940"
            n="a-1240"
            ecep:lem="your"
            ecep:pos="po22"
            ecep:reg="Your"
            ecep:spe="Your"
            ecep:syllab="1"
            ecep:pron="jɔː">Your</w>
         <c> </c>
         <w xml:id="pba35-044950"
            n="a-1250"
            ecep:lem="judgement"
            ecep:pos="n1"
            ecep:reg="Judgement"
            ecep:spe="Judgment"
            ecep:syllab="2"
            ecep:pron="ˈdʒʌdʒmənt">Judgment</w>
         <c> </c>
         <w xml:id="pba35-044960"
            n="a-1260"
            ecep:lem="clear"
            ecep:pos="j"
            ecep:reg="clear"
            ecep:spe="clear"
            ecep:syllab="1"
            ecep:pron="klɪə">clear</w>
         <pc xml:id="pba35-044970"
             n="a-1270"
             ecep:lem=","
             ecep:pos=","
             ecep:reg=","
             ecep:spe=",">,</pc>
         <c> </c>
         <w xml:id="pba35-044980"
            n="a-1280"
            ecep:lem="and"
            ecep:pos="cc"
            ecep:reg="and"
            ecep:spe="and"
            ecep:syllab="1"
            ecep:pron="ænd">and</w>
         <c> </c>
         <w xml:id="pba35-044990"
            n="a-1290"
            ecep:lem="pierce"
            ecep:pos="j-vvg"
            ecep:reg="piercing"
            ecep:spe="piercing"
            ecep:syllab="2"
            ecep:pron="ˈpɪəsɪŋ">piercing</w>
         <pc xml:id="pba35-045000"
             n="a-1300"
             ecep:lem=","
             ecep:pos=","
             ecep:reg=","
             ecep:spe=",">,</pc>
         <c> </c>
         <w xml:id="pba35-045010"
            n="a-1310"
            ecep:lem="as"
            ecep:pos="c-acp"
            ecep:reg="as"
            ecep:spe="as"
            ecep:syllab="1"
            ecep:pron="æz">as</w>
         <c> </c>
         <w xml:id="pba35-045020"
            n="a-1320"
            ecep:lem="your"
            ecep:pos="po22"
            ecep:reg="your"
            ecep:spe="your"
            ecep:syllab="1"
            ecep:pron="jɔː">your</w>
         <c> </c>
         <w xml:id="pba35-045030"
            n="a-1330"
            ecep:lem="eye"
            ecep:pos="n1"
            ecep:reg="Eye"
            ecep:spe="Eye"
            ecep:syllab="1"
            ecep:pron="aɪ">Eye</w>
         <pc xml:id="pba35-045040"
             n="a-1340"
             ecep:lem=":"
             ecep:pos=":"
             ecep:reg=":"
             ecep:spe=":">:</pc>
      </l>
      <l n="27" xml:id="pba35-l02305">
         <c> </c>
         <w xml:id="pba35-045050"
            n="a-1350"
            ecep:lem="even"
            ecep:pos="av-j"
            ecep:reg="Even"
            ecep:spe="Ev'n"
            ecep:syllab="1"
            ecep:pron="ˈiːvn">Ev'n</w>
         <c> </c>
         <w xml:id="pba35-045060"
            n="a-1360"
            ecep:lem="medicine"
            ecep:pos="n2"
            ecep:reg="Medicines"
            ecep:spe="Med'cines"
            ecep:syllab="3"
            ecep:pron="mˈedsiːnz">Med'cines</w>
         <pc xml:id="pba35-045070"
             n="a-1370"
             ecep:lem=","
             ecep:pos=","
             ecep:reg=","
             ecep:spe=",">,</pc>
         <c> </c>
         <w xml:id="pba35-045080"
            n="a-1380"
            ecep:lem="in"
            ecep:pos="p-acp"
            ecep:reg="in"
            ecep:spe="in"
            ecep:syllab="1"
            ecep:pron="ɪn">in</w>
         <c> </c>
         <w xml:id="pba35-045090"
            n="a-1390"
            ecep:lem="your"
            ecep:pos="po22"
            ecep:reg="your"
            ecep:spe="your"
            ecep:syllab="1"
            ecep:pron="jɔː">your</w>
         <c> </c>
         <w xml:id="pba35-045100"
            n="a-1400"
            ecep:lem="wise"
            ecep:pos="j"
            ecep:reg="wise"
            ecep:spe="wise"
            ecep:syllab="1"
            ecep:pron="waɪz">wise</w>
         <c> </c>
         <w xml:id="pba35-045110"
            n="a-1410"
            ecep:lem="prescription"
            ecep:pos="n2"
            ecep:reg="Prescriptions"
            ecep:spe="Prescriptions"
            ecep:syllab="3"
            ecep:pron="priˈskrɪpʃnz">Prescriptions</w>
         <pc xml:id="pba35-045120"
             n="a-1420"
             ecep:lem=","
             ecep:pos=","
             ecep:reg=","
             ecep:spe=",">,</pc>
         <c> </c>
         <w xml:id="pba35-045130"
            n="a-1430"
            ecep:lem="please"
            ecep:pos="vvb"
            ecep:reg="please"
            ecep:spe="please"
            ecep:syllab="1"
            ecep:pron="pliːz">please</w>
         <pc xml:id="pba35-045140"
             n="a-1440"
             ecep:lem=";"
             ecep:pos=";"
             ecep:reg=";"
             ecep:spe=";">;</pc>
      </l>
      <l n="28" xml:id="pba35-l02310">
         <c> </c>
         <w xml:id="pba35-045150"
            n="a-1450"
            ecep:lem="and"
            ecep:pos="cc"
            ecep:reg="And"
            ecep:spe="And"
            ecep:syllab="1"
            ecep:pron="ænd">And</w>
         <c> </c>
         <w xml:id="pba35-045160"
            n="a-1460"
            ecep:lem="be"
            ecep:pos="vbb"
            ecep:reg="are"
            ecep:spe="are"
            ecep:syllab="1"
            ecep:pron="ɑː">are</w>
         <c> </c>
         <w xml:id="pba35-045170"
            n="a-1470"
            ecep:lem="no"
            ecep:pos="av-dx"
            ecep:reg="no"
            ecep:spe="no"
            ecep:syllab="1"
            ecep:pron="nəʊ">no</w>
         <c> </c>
         <w xml:id="pba35-045180"
            n="a-1480"
            ecep:lem="more"
            ecep:pos="av-dc"
            ecep:reg="more"
            ecep:spe="more"
            ecep:syllab="1"
            ecep:pron="mɔː">more</w>
         <c> </c>
         <w xml:id="pba35-045190"
            n="a-1490"
            ecep:lem="the"
            ecep:pos="dt"
            ecep:reg="the"
            ecep:spe="the"
            ecep:syllab="1"
            ecep:pron="ðə">the</w>
         <c> </c>
         <w xml:id="pba35-045200"
            n="a-1500"
            ecep:lem="patient"
            ecep:pos="ng1"
            ecep:reg="Patient's"
            ecep:spe="Patient's"
            ecep:syllab="2"
            ecep:pron="ˈpeɪʃnts">Patient's</w>
         <c> </c>
         <w xml:id="pba35-045210"
            n="a-1510"
            ecep:lem="worst"
            ecep:pos="js"
            ecep:reg="worst"
            ecep:spe="worst"
            ecep:syllab="1"
            ecep:pron="wɜːst">worst</w>
         <c> </c>
         <w xml:id="pba35-045220"
            n="a-1520"
            ecep:lem="disease"
            ecep:pos="n1"
            ecep:reg="Disease"
            ecep:spe="Disease"
            ecep:syllab="2"
            ecep:pron="dɪˈziːz">Disease</w>
         <pc xml:id="pba35-045230"
             n="a-1530"
             unit="sentence"
             ecep:lem="."
             ecep:pos="."
             ecep:reg="."
             ecep:spe=".">.</pc>
         <c> </c>
      </l>
      <l n="29" xml:id="pba35-l02315">
         <w xml:id="pba35-045240"
            n="a-1540"
            ecep:lem="goodness"
            ecep:pos="n1"
            ecep:reg="Goodness"
            ecep:spe="Goodness"
            ecep:syllab="2"
            ecep:pron="ˈgʊdnɪs">Goodness</w>
         <pc xml:id="pba35-045250"
             n="a-1550"
             ecep:lem=","
             ecep:pos=","
             ecep:reg=","
             ecep:spe=",">,</pc>
         <c> </c>
         <w xml:id="pba35-045260"
            n="a-1560"
            ecep:lem="and"
            ecep:pos="cc"
            ecep:reg="and"
            ecep:spe="and"
            ecep:syllab="1"
            ecep:pron="ænd">and</w>
         <c> </c>
         <w xml:id="pba35-045270"
            n="a-1570"
            ecep:lem="skill"
            ecep:pos="n1"
            ecep:reg="Skill"
            ecep:spe="Skill"
            ecep:syllab="1"
            ecep:pron="skɪl">Skill</w>
         <pc xml:id="pba35-045280"
             n="a-1580"
             ecep:lem=","
             ecep:pos=","
             ecep:reg=","
             ecep:spe=",">,</pc>
         <c> </c>
         <w xml:id="pba35-045290"
            n="a-1590"
            ecep:lem="and"
            ecep:pos="cc"
            ecep:reg="and"
            ecep:spe="and"
            ecep:syllab="1"
            ecep:pron="ænd">and</w>
         <c> </c>
         <w xml:id="pba35-045300"
            n="a-1600"
            ecep:lem="learning"
            ecep:pos="n1"
            ecep:reg="Learning"
            ecep:spe="Learning"
            ecep:syllab="2"
            ecep:pron="ˈlɜːnɪŋ">Learning</w>
         <c> </c>
         <w xml:id="pba35-045310"
            n="a-1610"
            ecep:lem="less"
            ecep:pos="av-dc"
            ecep:reg="less"
            ecep:spe="less"
            ecep:syllab="1"
            ecep:pron="les">less</w>
         <c> </c>
         <w xml:id="pba35-045320"
            n="a-1620"
            ecep:lem="than"
            ecep:pos="cs"
            ecep:reg="than"
            ecep:spe="than"
            ecep:syllab="1"
            ecep:pron="ðæn">than</w>
         <c> </c>
         <w xml:id="pba35-045330"
            n="a-1630"
            ecep:lem="thy"
            ecep:pos="po21"
            ecep:reg="thine"
            ecep:spe="thine"
            ecep:syllab="1"
            ecep:pron="ðaɪn">thine</w>
         <pc xml:id="pba35-045340"
             n="a-1640"
             ecep:lem=","
             ecep:pos=","
             ecep:reg=","
             ecep:spe=",">,</pc>
      </l>
      <l n="30" xml:id="pba35-l02320">
         <c> </c>
         <w xml:id="pba35-045350"
            n="a-1650"
            ecep:lem="raise"
            ecep:pos="vvn"
            ecep:reg="Raised"
            ecep:spe="Rais'd"
            ecep:syllab="1"
            ecep:pron="reɪzd">Rais'd</w>
         <c> </c>
         <hi rendition="#sc">
            <w xml:id="pba35-045360"
               n="a-1660"
               ecep:lem="Æsculapius"
               ecep:pos="np1"
               ecep:reg="Æsculapius"
               ecep:spe="Æsculapius"
               ecep:syllab="4"
               ecep:pron="ʌskjʊlˈeɪpɪəs">Æsculapius</w>
         </hi>
         <c> </c>
         <w xml:id="pba35-045370"
            n="a-1670"
            ecep:lem="to"
            ecep:pos="p-acp"
            ecep:reg="to"
            ecep:spe="to"
            ecep:syllab="1"
            ecep:pron="tuː">to</w>
         <c> </c>
         <w xml:id="pba35-045380"
            n="a-1680"
            ecep:lem="the"
            ecep:pos="dt"
            ecep:reg="the"
            ecep:spe="the"
            ecep:syllab="1"
            ecep:pron="ðə">the</w>
         <c> </c>
         <w xml:id="pba35-045390"
            n="a-1690"
            ecep:lem="realm"
            ecep:pos="n2"
            ecep:reg="Realms"
            ecep:spe="Realms"
            ecep:syllab="1"
            ecep:pron="relmz">Realms</w>
         <c> </c>
         <w xml:id="pba35-045400"
            n="a-1700"
            ecep:lem="divine"
            ecep:pos="j-jn"
            ecep:reg="divine"
            ecep:spe="divine"
            ecep:syllab="2"
            ecep:pron="dɪˈvaɪn">divine</w>
         <pc xml:id="pba35-045410"
             n="a-1710"
             unit="sentence"
             ecep:lem="."
             ecep:pos="."
             ecep:reg="."
             ecep:spe=".">.</pc>
         <c> </c>
      </l>
   </lg>
</div>
