<?xml version="1.0" encoding="utf-8"?>
<!DOCTYPE div
  SYSTEM "about:legacy-compat">
<div xmlns:ecep="http://www.eighteenthcenturypoetry.org/ns"
     xmlns="http://www.tei-c.org/ns/1.0"
     xmlns:tei="http://www.tei-c.org/ns/1.0"
     ana="#anapaest #tetrameter #quatrain #pair #song"
     corresp="#txt_WattIs1674_w0104"
     decls="#semi-normalized"
     ecep:syllab="12.12.12.12"
     met="--+|--+|--+|--+/ --+|--+|--+|--+/ --+|--+|--+|--+/ --+|--+|--+|--+/"
     n="1"
     rendition="#lgvspace"
     rhyme="aabb"
     subtype="eceptext"
     type="song"
     xml:id="o5454-w0340">
   <link target="authors.xml#aut_WattIs1674" type="author"/>
   <head type="main">
      <pc xml:id="o5454-084220"
          n="54-a-0010"
          ecep:lem="["
          ecep:pos="["
          ecep:reg="["
          ecep:spe="[">[</pc>
      <w xml:id="o5454-084230"
         n="54-a-0020"
         ecep:lem="moral"
         ecep:pos="j"
         ecep:reg="MORAL"
         ecep:spe="MORAL"
         ecep:syllab="2"
         ecep:pron="ˈmɒrl">MORAL</w>
      <c> </c>
      <w xml:id="o5454-084240"
         n="54-a-0030"
         ecep:lem="song"
         ecep:pos="n1"
         ecep:reg="SONG"
         ecep:spe="SONG"
         ecep:syllab="1"
         ecep:pron="sɒŋ">SONG</w>
      <pc xml:id="o5454-084250"
          n="54-a-0040"
          ecep:lem="]"
          ecep:pos="]"
          ecep:reg="]"
          ecep:spe="]">]</pc>
      <c> </c>
      <w xml:id="o5454-084260"
         n="54-a-0050"
         ecep:lem="i"
         ecep:pos="pns11"
         ecep:reg="I"
         ecep:spe="I."
         ecep:syllab="1"
         ecep:pron="ˈaɪ">I.</w>
      <pc unit="sentence" xml:id="o5454-084260-eos" n="54-a-0060"/>
      <c> </c>
      <w xml:id="o5454-084270"
         n="54-a-0070"
         ecep:lem="the"
         ecep:pos="dt"
         ecep:reg="The"
         ecep:spe="The"
         ecep:syllab="1"
         ecep:pron="ðiː">The</w>
      <c> </c>
      <w xml:id="o5454-084280"
         n="54-a-0080"
         ecep:lem="sluggard"
         ecep:pos="n1"
         ecep:reg="SLUGGARD"
         ecep:spe="SLUGGARD"
         ecep:syllab="2"
         ecep:pron="ˈslʌgəd">SLUGGARD</w>
      <pc xml:id="o5454-084290"
          n="54-a-0090"
          unit="sentence"
          ecep:lem="."
          ecep:pos="."
          ecep:reg="."
          ecep:spe=".">.</pc>
   </head>
   <lg n="1" xml:id="o5454-s00930">
      <head>
         <w xml:id="o5454-084330"
            n="54-a-0100"
            ecep:lem="i"
            ecep:pos="pns11"
            ecep:reg="I"
            ecep:spe="I."
            ecep:syllab="1"
            ecep:pron="ˈaɪ">I.</w>
         <pc unit="sentence" xml:id="o5454-084330-eos" n="54-a-0110"/>
      </head>
      <l xml:id="o5454-l03425">
         <w xml:id="o5454-084350"
            n="54-a-0120"
            ecep:lem="it|be"
            ecep:pos="pn31|vbz"
            ecep:reg="IT'S"
            ecep:spe="'TIS"
            ecep:syllab="1"
            ecep:pron="tɪz">'TIS</w>
         <c> </c>
         <w xml:id="o5454-084360"
            n="54-a-0130"
            ecep:lem="the"
            ecep:pos="dt"
            ecep:reg="the"
            ecep:spe="the"
            ecep:syllab="1"
            ecep:pron="ðiː">the</w>
         <c> </c>
         <w xml:id="o5454-084370"
            n="54-a-0140"
            ecep:lem="voice"
            ecep:pos="n1"
            ecep:reg="Voice"
            ecep:spe="Voice"
            ecep:syllab="1"
            ecep:pron="vɔɪs">Voice</w>
         <c> </c>
         <w xml:id="o5454-084380"
            n="54-a-0150"
            ecep:lem="of"
            ecep:pos="pp-f"
            ecep:reg="of"
            ecep:spe="of"
            ecep:syllab="1"
            ecep:pron="ɒv">of</w>
         <c> </c>
         <w xml:id="o5454-084390"
            n="54-a-0160"
            ecep:lem="the"
            ecep:pos="dt"
            ecep:reg="the"
            ecep:spe="the"
            ecep:syllab="1"
            ecep:pron="ðiː">the</w>
         <c> </c>
         <w xml:id="o5454-084400"
            n="54-a-0170"
            ecep:lem="sluggard"
            ecep:pos="n1"
            ecep:reg="Sluggard"
            ecep:spe="Sluggard"
            ecep:syllab="2"
            ecep:pron="ˈslʌgəd">Sluggard</w>
         <pc xml:id="o5454-084410"
             n="54-a-0180"
             ecep:lem=";"
             ecep:pos=";"
             ecep:reg=";"
             ecep:spe=";">;</pc>
         <c> </c>
         <w xml:id="o5454-084420"
            n="54-a-0190"
            ecep:lem="i"
            ecep:pos="pns11"
            ecep:reg="I"
            ecep:spe="I"
            ecep:syllab="1"
            ecep:pron="aɪ">I</w>
         <c> </c>
         <w xml:id="o5454-084430"
            n="54-a-0200"
            ecep:lem="hear"
            ecep:pos="vvd"
            ecep:reg="heard"
            ecep:spe="heard"
            ecep:syllab="1"
            ecep:pron="hɜːd">heard</w>
         <c> </c>
         <w xml:id="o5454-084440"
            n="54-a-0210"
            ecep:lem="he"
            ecep:pos="pno31"
            ecep:reg="him"
            ecep:spe="him"
            ecep:syllab="1"
            ecep:pron="hɪm">him</w>
         <c> </c>
         <w xml:id="o5454-084450"
            n="54-a-0220"
            ecep:lem="complain"
            ecep:pos="vvi"
            ecep:reg="complain"
            ecep:spe="complain"
            ecep:syllab="2"
            ecep:pron="kəmˈpleɪn">complain</w>
         <pc xml:id="o5454-084460"
             n="54-a-0230"
             unit="sentence"
             ecep:lem="."
             ecep:pos="."
             ecep:reg="."
             ecep:spe=".">.</pc>
         <c> </c>
      </l>
      <l xml:id="o5454-l03430">
         <c> </c>
         <pc xml:id="o5454-084470"
             n="54-a-0240"
             ecep:lem="&#34;"
             ecep:pos="&#34;"
             ecep:reg="&#34;"
             ecep:spe="&#34;">"</pc>
         <w xml:id="o5454-084480"
            n="54-a-0250"
            ecep:lem="you"
            ecep:pos="pn22"
            ecep:reg="You"
            ecep:spe="You"
            ecep:syllab="1"
            ecep:pron="juː">You</w>
         <c> </c>
         <w xml:id="o5454-084490"
            n="54-a-0260"
            ecep:lem="have"
            ecep:pos="vhb"
            ecep:reg="have"
            ecep:spe="have"
            ecep:syllab="1"
            ecep:pron="hæv">have</w>
         <c> </c>
         <w xml:id="o5454-084500"
            n="54-a-0270"
            ecep:lem="wake"
            ecep:pos="vvn"
            ecep:reg="waked"
            ecep:spe="wak'd"
            ecep:syllab="1"
            ecep:pron="weɪkt">wak'd</w>
         <c> </c>
         <w xml:id="o5454-084510"
            n="54-a-0280"
            ecep:lem="i"
            ecep:pos="pno11"
            ecep:reg="me"
            ecep:spe="me"
            ecep:syllab="1"
            ecep:pron="miː">me</w>
         <c> </c>
         <w xml:id="o5454-084520"
            n="54-a-0290"
            ecep:lem="too"
            ecep:pos="av"
            ecep:reg="too"
            ecep:spe="too"
            ecep:syllab="1"
            ecep:pron="tuː">too</w>
         <c> </c>
         <w xml:id="o5454-084530"
            n="54-a-0300"
            ecep:lem="soon"
            ecep:pos="av"
            ecep:reg="soon"
            ecep:spe="soon"
            ecep:syllab="1"
            ecep:pron="suːn">soon</w>
         <pc xml:id="o5454-084540"
             n="54-a-0310"
             ecep:lem=","
             ecep:pos=","
             ecep:reg=","
             ecep:spe=",">,</pc>
         <c> </c>
         <w xml:id="o5454-084550"
            n="54-a-0320"
            ecep:lem="i"
            ecep:pos="pns11"
            ecep:reg="I"
            ecep:spe="I"
            ecep:syllab="1"
            ecep:pron="aɪ">I</w>
         <c> </c>
         <w xml:id="o5454-084560"
            n="54-a-0330"
            ecep:lem="must"
            ecep:pos="vmb"
            ecep:reg="must"
            ecep:spe="must"
            ecep:syllab="1"
            ecep:pron="mʌst">must</w>
         <c> </c>
         <w xml:id="o5454-084570"
            n="54-a-0340"
            ecep:lem="slumber"
            ecep:pos="vvi"
            ecep:reg="slumber"
            ecep:spe="slumber"
            ecep:syllab="2"
            ecep:pron="ˈslʌmbə">slumber</w>
         <c> </c>
         <w xml:id="o5454-084580"
            n="54-a-0350"
            ecep:lem="again"
            ecep:pos="av"
            ecep:reg="again"
            ecep:spe="again"
            ecep:syllab="2"
            ecep:pron="əˈgen">again</w>
         <pc xml:id="o5454-084590"
             n="54-a-0360"
             ecep:lem=";"
             ecep:pos=";"
             ecep:reg=";"
             ecep:spe=";">;</pc>
         <pc xml:id="o5454-084600"
             n="54-a-0370"
             ecep:lem="&#34;"
             ecep:pos="&#34;"
             ecep:reg="&#34;"
             ecep:spe="&#34;">"</pc>
      </l>
      <l xml:id="o5454-l03435">
         <c> </c>
         <w xml:id="o5454-084610"
            n="54-a-0380"
            ecep:lem="as"
            ecep:pos="c-acp"
            ecep:reg="As"
            ecep:spe="As"
            ecep:syllab="1"
            ecep:pron="æz">As</w>
         <c> </c>
         <w xml:id="o5454-084620"
            n="54-a-0390"
            ecep:lem="the"
            ecep:pos="dt"
            ecep:reg="the"
            ecep:spe="the"
            ecep:syllab="1"
            ecep:pron="ðiː">the</w>
         <c> </c>
         <w xml:id="o5454-084630"
            n="54-a-0400"
            ecep:lem="door"
            ecep:pos="n1"
            ecep:reg="Door"
            ecep:spe="Door"
            ecep:syllab="1"
            ecep:pron="dɔː">Door</w>
         <c> </c>
         <w xml:id="o5454-084640"
            n="54-a-0410"
            ecep:lem="on"
            ecep:pos="p-acp"
            ecep:reg="on"
            ecep:spe="on"
            ecep:syllab="1"
            ecep:pron="ɒn">on</w>
         <c> </c>
         <w xml:id="o5454-084650"
            n="54-a-0420"
            ecep:lem="its"
            ecep:pos="po31"
            ecep:reg="its"
            ecep:spe="its"
            ecep:syllab="1"
            ecep:pron="ɪts">its</w>
         <c> </c>
         <w xml:id="o5454-084660"
            n="54-a-0430"
            ecep:lem="hinge"
            ecep:pos="n2"
            ecep:reg="Hinges"
            ecep:spe="Hinges"
            ecep:syllab="2"
            ecep:pron="ˈhɪndʒɪz">Hinges</w>
         <pc xml:id="o5454-084670"
             n="54-a-0440"
             ecep:lem=","
             ecep:pos=","
             ecep:reg=","
             ecep:spe=",">,</pc>
         <c> </c>
         <w xml:id="o5454-084680"
            n="54-a-0450"
            ecep:lem="so"
            ecep:pos="av"
            ecep:reg="so"
            ecep:spe="so"
            ecep:syllab="1"
            ecep:pron="səʊ">so</w>
         <c> </c>
         <w xml:id="o5454-084690"
            n="54-a-0460"
            ecep:lem="he"
            ecep:pos="pns31"
            ecep:reg="he"
            ecep:spe="he"
            ecep:syllab="1"
            ecep:pron="hiː">he</w>
         <c> </c>
         <w xml:id="o5454-084700"
            n="54-a-0470"
            ecep:lem="on"
            ecep:pos="p-acp"
            ecep:reg="on"
            ecep:spe="on"
            ecep:syllab="1"
            ecep:pron="ɒn">on</w>
         <c> </c>
         <w xml:id="o5454-084710"
            n="54-a-0480"
            ecep:lem="his"
            ecep:pos="po31"
            ecep:reg="his"
            ecep:spe="his"
            ecep:syllab="1"
            ecep:pron="hɪz">his</w>
         <c> </c>
         <w xml:id="o5454-084720"
            n="54-a-0490"
            ecep:lem="bed"
            ecep:pos="n1"
            ecep:reg="Bed"
            ecep:spe="Bed"
            ecep:syllab="1"
            ecep:pron="bed">Bed</w>
         <pc xml:id="o5454-084730"
             n="54-a-0500"
             ecep:lem=","
             ecep:pos=","
             ecep:reg=","
             ecep:spe=",">,</pc>
      </l>
      <l xml:id="o5454-l03440">
         <c> </c>
         <w xml:id="o5454-084740"
            n="54-a-0510"
            ecep:lem="turn"
            ecep:pos="vvz"
            ecep:reg="Turns"
            ecep:spe="Turns"
            ecep:syllab="1"
            ecep:pron="tɜːnz">Turns</w>
         <c> </c>
         <w xml:id="o5454-084750"
            n="54-a-0520"
            ecep:lem="his"
            ecep:pos="po31"
            ecep:reg="his"
            ecep:spe="his"
            ecep:syllab="1"
            ecep:pron="hɪz">his</w>
         <c> </c>
         <w xml:id="o5454-084760"
            n="54-a-0530"
            ecep:lem="side"
            ecep:pos="n2"
            ecep:reg="Sides"
            ecep:spe="Sides"
            ecep:syllab="1"
            ecep:pron="saɪdz">Sides</w>
         <c> </c>
         <w xml:id="o5454-084770"
            n="54-a-0540"
            ecep:lem="and"
            ecep:pos="cc"
            ecep:reg="and"
            ecep:spe="and"
            ecep:syllab="1"
            ecep:pron="ænd">and</w>
         <c> </c>
         <w xml:id="o5454-084780"
            n="54-a-0550"
            ecep:lem="his"
            ecep:pos="po31"
            ecep:reg="his"
            ecep:spe="his"
            ecep:syllab="1"
            ecep:pron="hɪz">his</w>
         <c> </c>
         <w xml:id="o5454-084790"
            n="54-a-0560"
            ecep:lem="shoulder"
            ecep:pos="n2"
            ecep:reg="Shoulders"
            ecep:spe="Shoulders"
            ecep:syllab="2"
            ecep:pron="ˈʃəʊldəz">Shoulders</w>
         <c> </c>
         <w xml:id="o5454-084800"
            n="54-a-0570"
            ecep:lem="and"
            ecep:pos="cc"
            ecep:reg="and"
            ecep:spe="and"
            ecep:syllab="1"
            ecep:pron="ænd">and</w>
         <c> </c>
         <w xml:id="o5454-084810"
            n="54-a-0580"
            ecep:lem="his"
            ecep:pos="po31"
            ecep:reg="his"
            ecep:spe="his"
            ecep:syllab="1"
            ecep:pron="hɪz">his</w>
         <c> </c>
         <w xml:id="o5454-084820"
            n="54-a-0590"
            ecep:lem="heavy"
            ecep:pos="j"
            ecep:reg="heavy"
            ecep:spe="heavy"
            ecep:syllab="2"
            ecep:pron="ˈhevi">heavy</w>
         <c> </c>
         <w xml:id="o5454-084830"
            n="54-a-0600"
            ecep:lem="head"
            ecep:pos="n1"
            ecep:reg="Head"
            ecep:spe="Head"
            ecep:syllab="1"
            ecep:pron="hed">Head</w>
         <pc xml:id="o5454-084840"
             n="54-a-0610"
             unit="sentence"
             ecep:lem="."
             ecep:pos="."
             ecep:reg="."
             ecep:spe=".">.</pc>
         <c> </c>
      </l>
   </lg>
   <lg n="2" xml:id="o5454-s00935">
      <head>
         <w xml:id="o5454-084880"
            n="54-a-0620"
            ecep:lem="ii"
            ecep:pos="crd"
            ecep:reg="II"
            ecep:spe="II"
            ecep:syllab="1"
            ecep:pron="rˌəʊməntˈuː">II</w>
         <pc xml:id="o5454-084890"
             n="54-a-0630"
             unit="sentence"
             ecep:lem="."
             ecep:pos="."
             ecep:reg="."
             ecep:spe=".">.</pc>
      </head>
      <l xml:id="o5454-l03445">
         <c> </c>
         <pc xml:id="o5454-084910"
             n="54-a-0640"
             ecep:lem="&#34;"
             ecep:pos="&#34;"
             ecep:reg="&#34;"
             ecep:spe="&#34;">"</pc>
         <w xml:id="o5454-084920"
            n="54-a-0650"
            ecep:lem="a"
            ecep:pos="dt"
            ecep:reg="A"
            ecep:spe="A"
            ecep:syllab="1"
            ecep:pron="ə">A</w>
         <c> </c>
         <w xml:id="o5454-084930"
            n="54-a-0660"
            ecep:lem="little"
            ecep:pos="j"
            ecep:reg="little"
            ecep:spe="little"
            ecep:syllab="2"
            ecep:pron="ˈlɪtl">little</w>
         <c> </c>
         <w xml:id="o5454-084940"
            n="54-a-0670"
            ecep:lem="more"
            ecep:pos="dc"
            ecep:reg="more"
            ecep:spe="more"
            ecep:syllab="1"
            ecep:pron="mɔː">more</w>
         <c> </c>
         <w xml:id="o5454-084950"
            n="54-a-0680"
            ecep:lem="sleep"
            ecep:pos="n1"
            ecep:reg="Sleep"
            ecep:spe="Sleep"
            ecep:syllab="1"
            ecep:pron="sliːp">Sleep</w>
         <pc xml:id="o5454-084960"
             n="54-a-0690"
             ecep:lem=","
             ecep:pos=","
             ecep:reg=","
             ecep:spe=",">,</pc>
         <c> </c>
         <w xml:id="o5454-084970"
            n="54-a-0700"
            ecep:lem="and"
            ecep:pos="cc"
            ecep:reg="and"
            ecep:spe="and"
            ecep:syllab="1"
            ecep:pron="ænd">and</w>
         <c> </c>
         <w xml:id="o5454-084980"
            n="54-a-0710"
            ecep:lem="a"
            ecep:pos="dt"
            ecep:reg="a"
            ecep:spe="a"
            ecep:syllab="1"
            ecep:pron="ə">a</w>
         <c> </c>
         <w xml:id="o5454-084990"
            n="54-a-0720"
            ecep:lem="little"
            ecep:pos="j"
            ecep:reg="little"
            ecep:spe="little"
            ecep:syllab="2"
            ecep:pron="ˈlɪtl">little</w>
         <c> </c>
         <w xml:id="o5454-085000"
            n="54-a-0730"
            ecep:lem="more"
            ecep:pos="dc"
            ecep:reg="more"
            ecep:spe="more"
            ecep:syllab="1"
            ecep:pron="mɔː">more</w>
         <c> </c>
         <w xml:id="o5454-085010"
            n="54-a-0740"
            ecep:lem="slumber"
            ecep:pos="n1"
            ecep:reg="Slumber"
            ecep:spe="Slumber"
            ecep:syllab="2"
            ecep:pron="ˈslʌmbə">Slumber</w>
         <pc xml:id="o5454-085020"
             n="54-a-0750"
             ecep:lem=";"
             ecep:pos=";"
             ecep:reg=";"
             ecep:spe=";">;</pc>
         <pc xml:id="o5454-085030"
             n="54-a-0760"
             ecep:lem="&#34;"
             ecep:pos="&#34;"
             ecep:reg="&#34;"
             ecep:spe="&#34;">"</pc>
      </l>
      <l xml:id="o5454-l03450">
         <c> </c>
         <w xml:id="o5454-085040"
            n="54-a-0770"
            ecep:lem="thus"
            ecep:pos="av"
            ecep:reg="Thus"
            ecep:spe="Thus"
            ecep:syllab="1"
            ecep:pron="ðʌs">Thus</w>
         <c> </c>
         <w xml:id="o5454-085050"
            n="54-a-0780"
            ecep:lem="he"
            ecep:pos="pns31"
            ecep:reg="he"
            ecep:spe="he"
            ecep:syllab="1"
            ecep:pron="hiː">he</w>
         <c> </c>
         <w xml:id="o5454-085060"
            n="54-a-0790"
            ecep:lem="waste"
            ecep:pos="vvz"
            ecep:reg="wastes"
            ecep:spe="wastes"
            ecep:syllab="1"
            ecep:pron="weɪsts">wastes</w>
         <c> </c>
         <w xml:id="o5454-085070"
            n="54-a-0800"
            ecep:lem="half"
            ecep:pos="av-jn"
            ecep:reg="half"
            ecep:spe="half"
            ecep:syllab="1"
            ecep:pron="hɑːf">half</w>
         <c> </c>
         <w xml:id="o5454-085080"
            n="54-a-0810"
            ecep:lem="his"
            ecep:pos="po31"
            ecep:reg="his"
            ecep:spe="his"
            ecep:syllab="1"
            ecep:pron="hɪz">his</w>
         <c> </c>
         <w xml:id="o5454-085090"
            n="54-a-0820"
            ecep:lem="day"
            ecep:pos="n2"
            ecep:reg="Days"
            ecep:spe="Days"
            ecep:syllab="1"
            ecep:pron="deɪz">Days</w>
         <pc xml:id="o5454-085100"
             n="54-a-0830"
             ecep:lem=","
             ecep:pos=","
             ecep:reg=","
             ecep:spe=",">,</pc>
         <c> </c>
         <w xml:id="o5454-085110"
            n="54-a-0840"
            ecep:lem="and"
            ecep:pos="cc"
            ecep:reg="and"
            ecep:spe="and"
            ecep:syllab="1"
            ecep:pron="ænd">and</w>
         <c> </c>
         <w xml:id="o5454-085120"
            n="54-a-0850"
            ecep:lem="his"
            ecep:pos="po31"
            ecep:reg="his"
            ecep:spe="his"
            ecep:syllab="1"
            ecep:pron="hɪz">his</w>
         <c> </c>
         <w xml:id="o5454-085130"
            n="54-a-0860"
            ecep:lem="hour"
            ecep:pos="n2"
            ecep:reg="Hours"
            ecep:spe="Hours"
            ecep:syllab="1"
            ecep:pron="æəz">Hours</w>
         <c> </c>
         <w xml:id="o5454-085140"
            n="54-a-0870"
            ecep:lem="without"
            ecep:pos="p-acp"
            ecep:reg="without"
            ecep:spe="without"
            ecep:syllab="2"
            ecep:pron="wɪˈðaʊt">without</w>
         <c> </c>
         <w xml:id="o5454-085150"
            n="54-a-0880"
            ecep:lem="number"
            ecep:pos="n1"
            ecep:reg="Number"
            ecep:spe="Number"
            ecep:syllab="2"
            ecep:pron="ˈnʌmbə">Number</w>
         <pc xml:id="o5454-085160"
             n="54-a-0890"
             ecep:lem=";"
             ecep:pos=";"
             ecep:reg=";"
             ecep:spe=";">;</pc>
      </l>
      <l xml:id="o5454-l03455">
         <c> </c>
         <w xml:id="o5454-085170"
            n="54-a-0900"
            ecep:lem="and"
            ecep:pos="cc"
            ecep:reg="And"
            ecep:spe="And"
            ecep:syllab="1"
            ecep:pron="ænd">And</w>
         <c> </c>
         <w xml:id="o5454-085180"
            n="54-a-0910"
            ecep:lem="when"
            ecep:pos="c-crq"
            ecep:reg="when"
            ecep:spe="when"
            ecep:syllab="1"
            ecep:pron="wen">when</w>
         <c> </c>
         <w xml:id="o5454-085190"
            n="54-a-0920"
            ecep:lem="he"
            ecep:pos="pns31"
            ecep:reg="he"
            ecep:spe="he"
            ecep:syllab="1"
            ecep:pron="hiː">he</w>
         <c> </c>
         <w xml:id="o5454-085200"
            n="54-a-0930"
            ecep:lem="get"
            ecep:pos="vvz"
            ecep:reg="gets"
            ecep:spe="gets"
            ecep:syllab="1"
            ecep:pron="gets">gets</w>
         <c> </c>
         <w xml:id="o5454-085210"
            n="54-a-0940"
            ecep:lem="up"
            ecep:pos="a-acp"
            ecep:reg="up"
            ecep:spe="up"
            ecep:syllab="1"
            ecep:pron="ʌp">up</w>
         <c> </c>
         <w xml:id="o5454-085220"
            n="54-a-0950"
            ecep:lem="he"
            ecep:pos="pns31"
            ecep:reg="he"
            ecep:spe="he"
            ecep:syllab="1"
            ecep:pron="hiː">he</w>
         <c> </c>
         <w xml:id="o5454-085230"
            n="54-a-0960"
            ecep:lem="sit"
            ecep:pos="vvz"
            ecep:reg="sits"
            ecep:spe="sits"
            ecep:syllab="1"
            ecep:pron="sɪts">sits</w>
         <c> </c>
         <w xml:id="o5454-085240"
            n="54-a-0970"
            ecep:lem="fold"
            ecep:pos="vvg"
            ecep:reg="folding"
            ecep:spe="folding"
            ecep:syllab="2"
            ecep:pron="fəʊldɪŋ">folding</w>
         <c> </c>
         <w xml:id="o5454-085250"
            n="54-a-0980"
            ecep:lem="his"
            ecep:pos="po31"
            ecep:reg="his"
            ecep:spe="his"
            ecep:syllab="1"
            ecep:pron="hɪz">his</w>
         <c> </c>
         <w xml:id="o5454-085260"
            n="54-a-0990"
            ecep:lem="hand"
            ecep:pos="n2"
            ecep:reg="Hands"
            ecep:spe="Hands"
            ecep:syllab="1"
            ecep:pron="hændz">Hands</w>
         <pc xml:id="o5454-085270"
             n="54-a-1000"
             ecep:lem=","
             ecep:pos=","
             ecep:reg=","
             ecep:spe=",">,</pc>
      </l>
      <l xml:id="o5454-l03460">
         <c> </c>
         <w xml:id="o5454-085280"
            n="54-a-1010"
            ecep:lem="or"
            ecep:pos="cc"
            ecep:reg="Or"
            ecep:spe="Or"
            ecep:syllab="1"
            ecep:pron="ɔː">Or</w>
         <c> </c>
         <w xml:id="o5454-085290"
            n="54-a-1020"
            ecep:lem="walk"
            ecep:pos="vvz"
            ecep:reg="walks"
            ecep:spe="walks"
            ecep:syllab="1"
            ecep:pron="wɔːks">walks</w>
         <c> </c>
         <w xml:id="o5454-085300"
            n="54-a-1030"
            ecep:lem="about"
            ecep:pos="p-acp"
            ecep:reg="about"
            ecep:spe="about"
            ecep:syllab="2"
            ecep:pron="əˈbaʊt">about</w>
         <c> </c>
         <w xml:id="o5454-085310"
            n="54-a-1040"
            ecep:lem="saunter"
            ecep:pos="vvg"
            ecep:reg="sauntering"
            ecep:spe="saunt'ring"
            ecep:syllab="2"
            ecep:pron="sˈɔːntrɪŋ">saunt'ring</w>
         <pc xml:id="o5454-085320"
             n="54-a-1050"
             ecep:lem=","
             ecep:pos=","
             ecep:reg=","
             ecep:spe=",">,</pc>
         <c> </c>
         <w xml:id="o5454-085330"
            n="54-a-1060"
            ecep:lem="or"
            ecep:pos="cc"
            ecep:reg="or"
            ecep:spe="or"
            ecep:syllab="1"
            ecep:pron="ɔː">or</w>
         <c> </c>
         <w xml:id="o5454-085340"
            n="54-a-1070"
            ecep:lem="trifle"
            ecep:pos="vvg"
            ecep:reg="trifling"
            ecep:spe="trifling"
            ecep:syllab="2"
            ecep:pron="ˈtraɪflɪŋ">trifling</w>
         <c> </c>
         <w xml:id="o5454-085350"
            n="54-a-1080"
            ecep:lem="he"
            ecep:pos="pns31"
            ecep:reg="he"
            ecep:spe="he"
            ecep:syllab="1"
            ecep:pron="hiː">he</w>
         <c> </c>
         <w xml:id="o5454-085360"
            n="54-a-1090"
            ecep:lem="stand"
            ecep:pos="vvz"
            ecep:reg="stands"
            ecep:spe="stands"
            ecep:syllab="1"
            ecep:pron="stændz">stands</w>
         <pc xml:id="o5454-085370"
             n="54-a-1100"
             unit="sentence"
             ecep:lem="."
             ecep:pos="."
             ecep:reg="."
             ecep:spe=".">.</pc>
         <c> </c>
      </l>
   </lg>
   <lg n="3" xml:id="o5454-s00940">
      <head>
         <w xml:id="o5454-085410"
            n="54-a-1110"
            ecep:lem="iii"
            ecep:pos="crd"
            ecep:reg="III"
            ecep:spe="III"
            ecep:syllab="1"
            ecep:pron="rˌəʊmənθrˈiː">III</w>
         <pc xml:id="o5454-085420"
             n="54-a-1120"
             unit="sentence"
             ecep:lem="."
             ecep:pos="."
             ecep:reg="."
             ecep:spe=".">.</pc>
      </head>
      <l xml:id="o5454-l03465">
         <w xml:id="o5454-085440"
            n="54-a-1130"
            ecep:lem="i"
            ecep:pos="pns11"
            ecep:reg="I"
            ecep:spe="I"
            ecep:syllab="1"
            ecep:pron="aɪ">I</w>
         <c> </c>
         <w xml:id="o5454-085450"
            n="54-a-1140"
            ecep:lem="pass"
            ecep:pos="vvd"
            ecep:reg="passed"
            ecep:spe="pass'd"
            ecep:syllab="1"
            ecep:pron="pɑːst">pass'd</w>
         <c> </c>
         <w xml:id="o5454-085460"
            n="54-a-1150"
            ecep:lem="by"
            ecep:pos="p-acp"
            ecep:reg="by"
            ecep:spe="by"
            ecep:syllab="1"
            ecep:pron="baɪ">by</w>
         <c> </c>
         <w xml:id="o5454-085470"
            n="54-a-1160"
            ecep:lem="his"
            ecep:pos="po31"
            ecep:reg="his"
            ecep:spe="his"
            ecep:syllab="1"
            ecep:pron="hɪz">his</w>
         <c> </c>
         <w xml:id="o5454-085480"
            n="54-a-1170"
            ecep:lem="garden"
            ecep:pos="n1"
            ecep:reg="Garden"
            ecep:spe="Garden"
            ecep:syllab="2"
            ecep:pron="ˈgɑːdn">Garden</w>
         <pc xml:id="o5454-085490"
             n="54-a-1180"
             ecep:lem=","
             ecep:pos=","
             ecep:reg=","
             ecep:spe=",">,</pc>
         <c> </c>
         <w xml:id="o5454-085500"
            n="54-a-1190"
            ecep:lem="and"
            ecep:pos="cc"
            ecep:reg="and"
            ecep:spe="and"
            ecep:syllab="1"
            ecep:pron="ænd">and</w>
         <c> </c>
         <w xml:id="o5454-085510"
            n="54-a-1200"
            ecep:lem="see"
            ecep:pos="vvd"
            ecep:reg="saw"
            ecep:spe="saw"
            ecep:syllab="1"
            ecep:pron="sɔː">saw</w>
         <c> </c>
         <w xml:id="o5454-085520"
            n="54-a-1210"
            ecep:lem="the"
            ecep:pos="dt"
            ecep:reg="the"
            ecep:spe="the"
            ecep:syllab="1"
            ecep:pron="ðiː">the</w>
         <c> </c>
         <w xml:id="o5454-085530"
            n="54-a-1220"
            ecep:lem="wild"
            ecep:pos="j"
            ecep:reg="wild"
            ecep:spe="wild"
            ecep:syllab="1"
            ecep:pron="waɪld">wild</w>
         <c> </c>
         <w xml:id="o5454-085540"
            n="54-a-1230"
            ecep:lem="Brier"
            ecep:pos="np1"
            ecep:reg="Brier"
            ecep:spe="Brier"
            ecep:syllab="2"
            ecep:pron="ˈbraɪə">Brier</w>
         <pc xml:id="o5454-085550"
             n="54-a-1240"
             ecep:lem=","
             ecep:pos=","
             ecep:reg=","
             ecep:spe=",">,</pc>
      </l>
      <l xml:id="o5454-l03470">
         <c> </c>
         <w xml:id="o5454-085560"
            n="54-a-1250"
            ecep:lem="the"
            ecep:pos="dt"
            ecep:reg="The"
            ecep:spe="The"
            ecep:syllab="1"
            ecep:pron="ðiː">The</w>
         <c> </c>
         <w xml:id="o5454-085570"
            n="54-a-1260"
            ecep:lem="thorn"
            ecep:pos="n1"
            ecep:reg="Thorn"
            ecep:spe="Thorn"
            ecep:syllab="1"
            ecep:pron="θɔːn">Thorn</w>
         <c> </c>
         <w xml:id="o5454-085580"
            n="54-a-1270"
            ecep:lem="and"
            ecep:pos="cc"
            ecep:reg="and"
            ecep:spe="and"
            ecep:syllab="1"
            ecep:pron="ænd">and</w>
         <c> </c>
         <w xml:id="o5454-085590"
            n="54-a-1280"
            ecep:lem="the"
            ecep:pos="dt"
            ecep:reg="the"
            ecep:spe="the"
            ecep:syllab="1"
            ecep:pron="ðiː">the</w>
         <c> </c>
         <w xml:id="o5454-085600"
            n="54-a-1290"
            ecep:lem="thistle"
            ecep:pos="n1"
            ecep:reg="Thistle"
            ecep:spe="Thistle"
            ecep:syllab="2"
            ecep:pron="ˈθɪsl">Thistle</w>
         <c> </c>
         <w xml:id="o5454-085610"
            n="54-a-1300"
            ecep:lem="grow"
            ecep:pos="vvi"
            ecep:reg="grow"
            ecep:spe="grow"
            ecep:syllab="1"
            ecep:pron="grəʊ">grow</w>
         <c> </c>
         <w xml:id="o5454-085620"
            n="54-a-1310"
            ecep:lem="broad"
            ecep:pos="jc"
            ecep:reg="broader"
            ecep:spe="broader"
            ecep:syllab="2"
            ecep:pron="brɔːdə">broader</w>
         <c> </c>
         <w xml:id="o5454-085630"
            n="54-a-1320"
            ecep:lem="and"
            ecep:pos="cc"
            ecep:reg="and"
            ecep:spe="and"
            ecep:syllab="1"
            ecep:pron="ænd">and</w>
         <c> </c>
         <w xml:id="o5454-085640"
            n="54-a-1330"
            ecep:lem="high"
            ecep:pos="jc"
            ecep:reg="higher"
            ecep:spe="higher"
            ecep:syllab="2"
            ecep:pron="haɪə">higher</w>
         <pc xml:id="o5454-085650"
             n="54-a-1340"
             ecep:lem=";"
             ecep:pos=";"
             ecep:reg=";"
             ecep:spe=";">;</pc>
      </l>
      <l xml:id="o5454-l03475">
         <c> </c>
         <w xml:id="o5454-085660"
            n="54-a-1350"
            ecep:lem="the"
            ecep:pos="dt"
            ecep:reg="The"
            ecep:spe="The"
            ecep:syllab="1"
            ecep:pron="ðiː">The</w>
         <c> </c>
         <w xml:id="o5454-085670"
            n="54-a-1360"
            ecep:lem="clothes"
            ecep:pos="n2"
            ecep:reg="Clothes"
            ecep:spe="Cloaths"
            ecep:syllab="1"
            ecep:pron="kləʊðz">Cloaths</w>
         <c> </c>
         <w xml:id="o5454-085680"
            n="54-a-1370"
            ecep:lem="that"
            ecep:pos="cst"
            ecep:reg="that"
            ecep:spe="that"
            ecep:syllab="1"
            ecep:pron="ðæt">that</w>
         <c> </c>
         <w xml:id="o5454-085690"
            n="54-a-1380"
            ecep:lem="hang"
            ecep:pos="vvb"
            ecep:reg="hang"
            ecep:spe="hang"
            ecep:syllab="1"
            ecep:pron="hæŋ">hang</w>
         <c> </c>
         <w xml:id="o5454-085700"
            n="54-a-1390"
            ecep:lem="on"
            ecep:pos="p-acp"
            ecep:reg="on"
            ecep:spe="on"
            ecep:syllab="1"
            ecep:pron="ɒn">on</w>
         <c> </c>
         <w xml:id="o5454-085710"
            n="54-a-1400"
            ecep:lem="he"
            ecep:pos="pno31"
            ecep:reg="him"
            ecep:spe="him"
            ecep:syllab="1"
            ecep:pron="hɪm">him</w>
         <c> </c>
         <w xml:id="o5454-085720"
            n="54-a-1410"
            ecep:lem="be"
            ecep:pos="vbr"
            ecep:reg="are"
            ecep:spe="are"
            ecep:syllab="1"
            ecep:pron="ɑː">are</w>
         <c> </c>
         <w xml:id="o5454-085730"
            n="54-a-1420"
            ecep:lem="turn"
            ecep:pos="vvg"
            ecep:reg="turning"
            ecep:spe="turning"
            ecep:syllab="2"
            ecep:pron="ˈtɜːnɪŋ">turning</w>
         <c> </c>
         <w xml:id="o5454-085740"
            n="54-a-1430"
            ecep:lem="to"
            ecep:pos="p-acp"
            ecep:reg="to"
            ecep:spe="to"
            ecep:syllab="1"
            ecep:pron="tuː">to</w>
         <c> </c>
         <w xml:id="o5454-085750"
            n="54-a-1440"
            ecep:lem="rag"
            ecep:pos="n2"
            ecep:reg="Rags"
            ecep:spe="Rags"
            ecep:syllab="1"
            ecep:pron="rægz">Rags</w>
         <pc xml:id="o5454-085760"
             n="54-a-1450"
             ecep:lem=":"
             ecep:pos=":"
             ecep:reg=":"
             ecep:spe=":">:</pc>
      </l>
      <l xml:id="o5454-l03480">
         <c> </c>
         <w xml:id="o5454-085770"
            n="54-a-1460"
            ecep:lem="and"
            ecep:pos="cc"
            ecep:reg="And"
            ecep:spe="And"
            ecep:syllab="1"
            ecep:pron="ænd">And</w>
         <c> </c>
         <w xml:id="o5454-085780"
            n="54-a-1470"
            ecep:lem="his"
            ecep:pos="po31"
            ecep:reg="his"
            ecep:spe="his"
            ecep:syllab="1"
            ecep:pron="hɪz">his</w>
         <c> </c>
         <w xml:id="o5454-085790"
            n="54-a-1480"
            ecep:lem="money"
            ecep:pos="n1"
            ecep:reg="Money"
            ecep:spe="Money"
            ecep:syllab="2"
            ecep:pron="ˈmʌni">Money</w>
         <c> </c>
         <w xml:id="o5454-085800"
            n="54-a-1490"
            ecep:lem="still"
            ecep:pos="av"
            ecep:reg="still"
            ecep:spe="still"
            ecep:syllab="1"
            ecep:pron="stɪl">still</w>
         <c> </c>
         <w xml:id="o5454-085810"
            n="54-a-1500"
            ecep:lem="waste"
            ecep:pos="vvz"
            ecep:reg="wastes"
            ecep:spe="wastes"
            ecep:syllab="1"
            ecep:pron="weɪsts">wastes</w>
         <pc xml:id="o5454-085820"
             n="54-a-1510"
             ecep:lem=","
             ecep:pos=","
             ecep:reg=","
             ecep:spe=",">,</pc>
         <c> </c>
         <w xml:id="o5454-085830"
            n="54-a-1520"
            ecep:lem="till"
            ecep:pos="c-acp"
            ecep:reg="till"
            ecep:spe="till"
            ecep:syllab="1"
            ecep:pron="tɪl">till</w>
         <c> </c>
         <w xml:id="o5454-085840"
            n="54-a-1530"
            ecep:lem="he"
            ecep:pos="pns31"
            ecep:reg="he"
            ecep:spe="he"
            ecep:syllab="1"
            ecep:pron="hiː">he</w>
         <c> </c>
         <w xml:id="o5454-085850"
            n="54-a-1540"
            ecep:lem="starve"
            ecep:pos="vvz"
            ecep:reg="starves"
            ecep:spe="starves"
            ecep:syllab="2"
            ecep:pron="stɑːvz">starves</w>
         <c> </c>
         <w xml:id="o5454-085860"
            n="54-a-1550"
            ecep:lem="or"
            ecep:pos="cc"
            ecep:reg="or"
            ecep:spe="or"
            ecep:syllab="1"
            ecep:pron="ɔː">or</w>
         <c> </c>
         <w xml:id="o5454-085870"
            n="54-a-1560"
            ecep:lem="he"
            ecep:pos="pns31"
            ecep:reg="he"
            ecep:spe="he"
            ecep:syllab="1"
            ecep:pron="hiː">he</w>
         <c> </c>
         <w xml:id="o5454-085880"
            n="54-a-1570"
            ecep:lem="beg"
            ecep:pos="vvz"
            ecep:reg="begs"
            ecep:spe="begs"
            ecep:syllab="1"
            ecep:pron="begz">begs</w>
         <pc xml:id="o5454-085890"
             n="54-a-1580"
             unit="sentence"
             ecep:lem="."
             ecep:pos="."
             ecep:reg="."
             ecep:spe=".">.</pc>
         <c> </c>
      </l>
   </lg>
   <pb facs="55" n="45" rend="none"/>
   <lg n="4" xml:id="o5454-s00945">
      <head>
         <w xml:id="o5454-085930"
            n="55-a-0010"
            ecep:lem="iv"
            ecep:pos="crd"
            ecep:reg="IV"
            ecep:spe="IV"
            ecep:syllab="1"
            ecep:pron="rˌəʊmənfˈɔː">IV</w>
         <pc xml:id="o5454-085940"
             n="55-a-0020"
             unit="sentence"
             ecep:lem="."
             ecep:pos="."
             ecep:reg="."
             ecep:spe=".">.</pc>
      </head>
      <l xml:id="o5454-l03485">
         <w xml:id="o5454-085960"
            n="55-a-0030"
            ecep:lem="i"
            ecep:pos="pns11"
            ecep:reg="I"
            ecep:spe="I"
            ecep:syllab="1"
            ecep:pron="aɪ">I</w>
         <c> </c>
         <w xml:id="o5454-085970"
            n="55-a-0040"
            ecep:lem="make"
            ecep:pos="vvd"
            ecep:reg="made"
            ecep:spe="made"
            ecep:syllab="1"
            ecep:pron="meɪd">made</w>
         <c> </c>
         <w xml:id="o5454-085980"
            n="55-a-0050"
            ecep:lem="he"
            ecep:pos="pno31"
            ecep:reg="him"
            ecep:spe="him"
            ecep:syllab="1"
            ecep:pron="hɪm">him</w>
         <c> </c>
         <w xml:id="o5454-085990"
            n="55-a-0060"
            ecep:lem="a"
            ecep:pos="dt"
            ecep:reg="a"
            ecep:spe="a"
            ecep:syllab="1"
            ecep:pron="ə">a</w>
         <c> </c>
         <w xml:id="o5454-086000"
            n="55-a-0070"
            ecep:lem="visit"
            ecep:pos="n1"
            ecep:reg="Visit"
            ecep:spe="Visit"
            ecep:syllab="2"
            ecep:pron="ˈvɪzɪt">Visit</w>
         <c> </c>
         <w xml:id="o5454-086010"
            n="55-a-0080"
            ecep:lem="still"
            ecep:pos="av"
            ecep:reg="still"
            ecep:spe="still"
            ecep:syllab="1"
            ecep:pron="stɪl">still</w>
         <c> </c>
         <w xml:id="o5454-086020"
            n="55-a-0090"
            ecep:lem="hope"
            ecep:pos="vvg"
            ecep:reg="hoping"
            ecep:spe="hoping"
            ecep:syllab="2"
            ecep:pron="həʊpɪŋ">hoping</w>
         <c> </c>
         <w xml:id="o5454-086030"
            n="55-a-0100"
            ecep:lem="to"
            ecep:pos="pc-acp"
            ecep:reg="to"
            ecep:spe="to"
            ecep:syllab="1"
            ecep:pron="tuː">to</w>
         <c> </c>
         <w xml:id="o5454-086040"
            n="55-a-0110"
            ecep:lem="find"
            ecep:pos="vvi"
            ecep:reg="find"
            ecep:spe="find"
            ecep:syllab="1"
            ecep:pron="faɪnd">find</w>
      </l>
      <l xml:id="o5454-l03490">
         <c> </c>
         <w xml:id="o5454-086050"
            n="55-a-0120"
            ecep:lem="he"
            ecep:pos="pns31"
            ecep:reg="He"
            ecep:spe="He"
            ecep:syllab="1"
            ecep:pron="hiː">He</w>
         <c> </c>
         <w xml:id="o5454-086060"
            n="55-a-0130"
            ecep:lem="have"
            ecep:pos="vhd"
            ecep:reg="had"
            ecep:spe="had"
            ecep:syllab="1"
            ecep:pron="hæd">had</w>
         <c> </c>
         <w xml:id="o5454-086070"
            n="55-a-0140"
            ecep:lem="take"
            ecep:pos="vvn"
            ecep:reg="took"
            ecep:spe="took"
            ecep:syllab="1"
            ecep:pron="tʊk">took</w>
         <c> </c>
         <w xml:id="o5454-086080"
            n="55-a-0150"
            ecep:lem="better"
            ecep:pos="jc"
            ecep:reg="better"
            ecep:spe="better"
            ecep:syllab="2"
            ecep:pron="ˈbetə">better</w>
         <c> </c>
         <w xml:id="o5454-086090"
            n="55-a-0160"
            ecep:lem="care"
            ecep:pos="n1"
            ecep:reg="Care"
            ecep:spe="Care"
            ecep:syllab="1"
            ecep:pron="keə">Care</w>
         <c> </c>
         <w xml:id="o5454-086100"
            n="55-a-0170"
            ecep:lem="for"
            ecep:pos="p-acp"
            ecep:reg="for"
            ecep:spe="for"
            ecep:syllab="1"
            ecep:pron="fɔː">for</w>
         <c> </c>
         <w xml:id="o5454-086110"
            n="55-a-0180"
            ecep:lem="improve"
            ecep:pos="vvg"
            ecep:reg="improving"
            ecep:spe="improving"
            ecep:syllab="3"
            ecep:pron="ɪmˈpruːvɪŋ">improving</w>
         <c> </c>
         <w xml:id="o5454-086120"
            n="55-a-0190"
            ecep:lem="his"
            ecep:pos="po31"
            ecep:reg="his"
            ecep:spe="his"
            ecep:syllab="1"
            ecep:pron="hɪz">his</w>
         <c> </c>
         <w xml:id="o5454-086130"
            n="55-a-0200"
            ecep:lem="mind"
            ecep:pos="n1"
            ecep:reg="Mind"
            ecep:spe="Mind"
            ecep:syllab="1"
            ecep:pron="maɪnd">Mind</w>
         <pc xml:id="o5454-086140"
             n="55-a-0210"
             ecep:lem=":"
             ecep:pos=":"
             ecep:reg=":"
             ecep:spe=":">:</pc>
      </l>
      <l xml:id="o5454-l03495">
         <c> </c>
         <w xml:id="o5454-086150"
            n="55-a-0220"
            ecep:lem="he"
            ecep:pos="pns31"
            ecep:reg="He"
            ecep:spe="He"
            ecep:syllab="1"
            ecep:pron="hiː">He</w>
         <c> </c>
         <w xml:id="o5454-086160"
            n="55-a-0230"
            ecep:lem="tell"
            ecep:pos="vvd"
            ecep:reg="told"
            ecep:spe="told"
            ecep:syllab="1"
            ecep:pron="təʊld">told</w>
         <c> </c>
         <w xml:id="o5454-086170"
            n="55-a-0240"
            ecep:lem="i"
            ecep:pos="pno11"
            ecep:reg="me"
            ecep:spe="me"
            ecep:syllab="1"
            ecep:pron="miː">me</w>
         <c> </c>
         <w xml:id="o5454-086180"
            n="55-a-0250"
            ecep:lem="his"
            ecep:pos="po31"
            ecep:reg="his"
            ecep:spe="his"
            ecep:syllab="1"
            ecep:pron="hɪz">his</w>
         <c> </c>
         <w xml:id="o5454-086190"
            n="55-a-0260"
            ecep:lem="dream"
            ecep:pos="n2"
            ecep:reg="Dreams"
            ecep:spe="Dreams"
            ecep:syllab="1"
            ecep:pron="driːmz">Dreams</w>
         <pc xml:id="o5454-086200"
             n="55-a-0270"
             ecep:lem=","
             ecep:pos=","
             ecep:reg=","
             ecep:spe=",">,</pc>
         <c> </c>
         <w xml:id="o5454-086210"
            n="55-a-0280"
            ecep:lem="talk"
            ecep:pos="vvn"
            ecep:reg="talked"
            ecep:spe="talk'd"
            ecep:syllab="1"
            ecep:pron="ˈtɔːkt">talk'd</w>
         <c> </c>
         <w xml:id="o5454-086220"
            n="55-a-0290"
            ecep:lem="of"
            ecep:pos="pp-f"
            ecep:reg="of"
            ecep:spe="of"
            ecep:syllab="1"
            ecep:pron="ɒv">of</w>
         <c> </c>
         <w xml:id="o5454-086230"
            n="55-a-0300"
            ecep:lem="eat"
            ecep:pos="vvg"
            ecep:reg="Eating"
            ecep:spe="Eating"
            ecep:syllab="2"
            ecep:pron="iːtɪŋ">Eating</w>
         <c> </c>
         <w xml:id="o5454-086240"
            n="55-a-0310"
            ecep:lem="and"
            ecep:pos="cc"
            ecep:reg="and"
            ecep:spe="and"
            ecep:syllab="1"
            ecep:pron="ænd">and</w>
         <c> </c>
         <w xml:id="o5454-086250"
            n="55-a-0320"
            ecep:lem="drink"
            ecep:pos="vvg"
            ecep:reg="Drinking"
            ecep:spe="Drinking"
            ecep:syllab="2"
            ecep:pron="drɪŋkɪŋ">Drinking</w>
         <pc xml:id="o5454-086260"
             n="55-a-0330"
             ecep:lem=";"
             ecep:pos=";"
             ecep:reg=";"
             ecep:spe=";">;</pc>
      </l>
      <l xml:id="o5454-l03500">
         <c> </c>
         <w xml:id="o5454-086270"
            n="55-a-0340"
            ecep:lem="but"
            ecep:pos="cc-acp"
            ecep:reg="But"
            ecep:spe="But"
            ecep:syllab="1"
            ecep:pron="bʌt">But</w>
         <c> </c>
         <w xml:id="o5454-086280"
            n="55-a-0350"
            ecep:lem="he"
            ecep:pos="pns31"
            ecep:reg="he"
            ecep:spe="he"
            ecep:syllab="1"
            ecep:pron="hiː">he</w>
         <c> </c>
         <w xml:id="o5454-086290"
            n="55-a-0360"
            ecep:lem="scarce"
            ecep:pos="av-j"
            ecep:reg="scarce"
            ecep:spe="scarce"
            ecep:syllab="1"
            ecep:pron="skeəs">scarce</w>
         <c> </c>
         <w xml:id="o5454-086300"
            n="55-a-0370"
            ecep:lem="read"
            ecep:pos="vvz"
            ecep:reg="reads"
            ecep:spe="reads"
            ecep:syllab="1"
            ecep:pron="riːdz">reads</w>
         <c> </c>
         <w xml:id="o5454-086310"
            n="55-a-0380"
            ecep:lem="his"
            ecep:pos="po31"
            ecep:reg="his"
            ecep:spe="his"
            ecep:syllab="1"
            ecep:pron="hɪz">his</w>
         <c> </c>
         <w xml:id="o5454-086320"
            n="55-a-0390"
            ecep:lem="bible"
            ecep:pos="n1"
            ecep:reg="Bible"
            ecep:spe="Bible"
            ecep:syllab="2"
            ecep:pron="ˈbaɪbl">Bible</w>
         <pc xml:id="o5454-086330"
             n="55-a-0400"
             ecep:lem=","
             ecep:pos=","
             ecep:reg=","
             ecep:spe=",">,</pc>
         <c> </c>
         <w xml:id="o5454-086340"
            n="55-a-0410"
            ecep:lem="and"
            ecep:pos="cc"
            ecep:reg="and"
            ecep:spe="and"
            ecep:syllab="1"
            ecep:pron="ænd">and</w>
         <c> </c>
         <w xml:id="o5454-086350"
            n="55-a-0420"
            ecep:lem="never"
            ecep:pos="av-x"
            ecep:reg="never"
            ecep:spe="never"
            ecep:syllab="2"
            ecep:pron="ˈnevə">never</w>
         <c> </c>
         <w xml:id="o5454-086360"
            n="55-a-0430"
            ecep:lem="love"
            ecep:pos="vvz"
            ecep:reg="loves"
            ecep:spe="loves"
            ecep:syllab="1"
            ecep:pron="lʌvz">loves</w>
         <c> </c>
         <w xml:id="o5454-086370"
            n="55-a-0440"
            ecep:lem="think"
            ecep:pos="vvg"
            ecep:reg="Thinking"
            ecep:spe="Thinking"
            ecep:syllab="2"
            ecep:pron="θɪŋkɪŋ">Thinking</w>
         <pc xml:id="o5454-086380"
             n="55-a-0450"
             unit="sentence"
             ecep:lem="."
             ecep:pos="."
             ecep:reg="."
             ecep:spe=".">.</pc>
         <c> </c>
      </l>
   </lg>
   <lg n="5" xml:id="o5454-s00950">
      <head>
         <w xml:id="o5454-086420"
            n="55-a-0460"
            ecep:lem="v."
            ecep:pos="crd"
            ecep:reg="V"
            ecep:spe="V."
            ecep:syllab="1"
            ecep:pron="viː">V.</w>
         <pc unit="sentence" xml:id="o5454-086420-eos" n="55-a-0470"/>
      </head>
      <l xml:id="o5454-l03505">
         <w xml:id="o5454-086440"
            n="55-a-0480"
            ecep:lem="say"
            ecep:pos="vvd"
            ecep:reg="Said"
            ecep:spe="Said"
            ecep:syllab="1"
            ecep:pron="sed">Said</w>
         <c> </c>
         <w xml:id="o5454-086450"
            n="55-a-0490"
            ecep:lem="i"
            ecep:pos="pns11"
            ecep:reg="I"
            ecep:spe="I"
            ecep:syllab="1"
            ecep:pron="aɪ">I</w>
         <c> </c>
         <w xml:id="o5454-086460"
            n="55-a-0500"
            ecep:lem="then"
            ecep:pos="av"
            ecep:reg="then"
            ecep:spe="then"
            ecep:syllab="1"
            ecep:pron="ðen">then</w>
         <c> </c>
         <w xml:id="o5454-086470"
            n="55-a-0510"
            ecep:lem="to"
            ecep:pos="p-acp"
            ecep:reg="to"
            ecep:spe="to"
            ecep:syllab="1"
            ecep:pron="tuː">to</w>
         <c> </c>
         <w xml:id="o5454-086480"
            n="55-a-0520"
            ecep:lem="my"
            ecep:pos="po11"
            ecep:reg="my"
            ecep:spe="my"
            ecep:syllab="1"
            ecep:pron="maɪ">my</w>
         <c> </c>
         <w xml:id="o5454-086490"
            n="55-a-0530"
            ecep:lem="heart"
            ecep:pos="n1"
            ecep:reg="Heart"
            ecep:spe="Heart"
            ecep:syllab="1"
            ecep:pron="hɑːt">Heart</w>
         <pc xml:id="o5454-086500"
             n="55-a-0540"
             ecep:lem=","
             ecep:pos=","
             ecep:reg=","
             ecep:spe=",">,</pc>
         <c> </c>
         <pc xml:id="o5454-086510"
             n="55-a-0550"
             ecep:lem="&#34;"
             ecep:pos="&#34;"
             ecep:reg="&#34;"
             ecep:spe="&#34;">"</pc>
         <w xml:id="o5454-086520"
            n="55-a-0560"
            ecep:lem="here|be"
            ecep:pos="av|vbz"
            ecep:reg="Here's"
            ecep:spe="Here's"
            ecep:syllab="1"
            ecep:pron="hɪəz">Here's</w>
         <c> </c>
         <w xml:id="o5454-086530"
            n="55-a-0570"
            ecep:lem="a"
            ecep:pos="dt"
            ecep:reg="a"
            ecep:spe="a"
            ecep:syllab="1"
            ecep:pron="ə">a</w>
         <c> </c>
         <w xml:id="o5454-086540"
            n="55-a-0580"
            ecep:lem="lesson"
            ecep:pos="n1"
            ecep:reg="Lesson"
            ecep:spe="Lesson"
            ecep:syllab="2"
            ecep:pron="ˈlesn">Lesson</w>
         <c> </c>
         <w xml:id="o5454-086550"
            n="55-a-0590"
            ecep:lem="for"
            ecep:pos="p-acp"
            ecep:reg="for"
            ecep:spe="for"
            ecep:syllab="1"
            ecep:pron="fɔː">for</w>
         <c> </c>
         <w xml:id="o5454-086560"
            n="55-a-0600"
            ecep:lem="i"
            ecep:pos="pno11"
            ecep:reg="me"
            ecep:spe="me"
            ecep:syllab="1"
            ecep:pron="miː">me</w>
         <pc xml:id="o5454-086570"
             n="55-a-0610"
             ecep:lem=":"
             ecep:pos=":"
             ecep:reg=":"
             ecep:spe=":">:</pc>
         <pc xml:id="o5454-086580"
             n="55-a-0620"
             ecep:lem="&#34;"
             ecep:pos="&#34;"
             ecep:reg="&#34;"
             ecep:spe="&#34;">"</pc>
      </l>
      <l xml:id="o5454-l03510">
         <c> </c>
         <w xml:id="o5454-086590"
            n="55-a-0630"
            ecep:lem="that"
            ecep:pos="cst"
            ecep:reg="That"
            ecep:spe="That"
            ecep:syllab="1"
            ecep:pron="ðæt">That</w>
         <c> </c>
         <w xml:id="o5454-086600"
            n="55-a-0640"
            ecep:lem="man"
            ecep:pos="ng1"
            ecep:reg="Man's"
            ecep:spe="Man's"
            ecep:syllab="1"
            ecep:pron="ˈmænz">Man's</w>
         <c> </c>
         <w xml:id="o5454-086610"
            n="55-a-0650"
            ecep:lem="but"
            ecep:pos="p-acp"
            ecep:reg="but"
            ecep:spe="but"
            ecep:syllab="1"
            ecep:pron="bʌt">but</w>
         <c> </c>
         <w xml:id="o5454-086620"
            n="55-a-0660"
            ecep:lem="a"
            ecep:pos="dt"
            ecep:reg="a"
            ecep:spe="a"
            ecep:syllab="1"
            ecep:pron="ə">a</w>
         <c> </c>
         <w xml:id="o5454-086630"
            n="55-a-0670"
            ecep:lem="picture"
            ecep:pos="n1"
            ecep:reg="Picture"
            ecep:spe="Picture"
            ecep:syllab="2"
            ecep:pron="ˈpɪktʃə">Picture</w>
         <c> </c>
         <w xml:id="o5454-086640"
            n="55-a-0680"
            ecep:lem="of"
            ecep:pos="pp-f"
            ecep:reg="of"
            ecep:spe="of"
            ecep:syllab="1"
            ecep:pron="ɒv">of</w>
         <c> </c>
         <w xml:id="o5454-086650"
            n="55-a-0690"
            ecep:lem="what"
            ecep:pos="r-crq"
            ecep:reg="what"
            ecep:spe="what"
            ecep:syllab="1"
            ecep:pron="wɒt">what</w>
         <c> </c>
         <w xml:id="o5454-086660"
            n="55-a-0700"
            ecep:lem="i"
            ecep:pos="pns11"
            ecep:reg="I"
            ecep:spe="I"
            ecep:syllab="1"
            ecep:pron="aɪ">I</w>
         <c> </c>
         <w xml:id="o5454-086670"
            n="55-a-0710"
            ecep:lem="may"
            ecep:pos="vmd"
            ecep:reg="might"
            ecep:spe="might"
            ecep:syllab="1"
            ecep:pron="maɪt">might</w>
         <c> </c>
         <w xml:id="o5454-086680"
            n="55-a-0720"
            ecep:lem="be"
            ecep:pos="vbi"
            ecep:reg="be"
            ecep:spe="be"
            ecep:syllab="1"
            ecep:pron="biː">be</w>
         <pc xml:id="o5454-086690"
             n="55-a-0730"
             ecep:lem=":"
             ecep:pos=":"
             ecep:reg=":"
             ecep:spe=":">:</pc>
      </l>
      <l xml:id="o5454-l03515">
         <c> </c>
         <w xml:id="o5454-086700"
            n="55-a-0740"
            ecep:lem="but"
            ecep:pos="cc-acp"
            ecep:reg="But"
            ecep:spe="But"
            ecep:syllab="1"
            ecep:pron="bʌt">But</w>
         <c> </c>
         <w xml:id="o5454-086710"
            n="55-a-0750"
            ecep:lem="thanks"
            ecep:pos="n2"
            ecep:reg="Thanks"
            ecep:spe="Thanks"
            ecep:syllab="1"
            ecep:pron="θæŋks">Thanks</w>
         <c> </c>
         <w xml:id="o5454-086720"
            n="55-a-0760"
            ecep:lem="to"
            ecep:pos="p-acp"
            ecep:reg="to"
            ecep:spe="to"
            ecep:syllab="1"
            ecep:pron="tuː">to</w>
         <c> </c>
         <w xml:id="o5454-086730"
            n="55-a-0770"
            ecep:lem="my"
            ecep:pos="po11"
            ecep:reg="my"
            ecep:spe="my"
            ecep:syllab="1"
            ecep:pron="maɪ">my</w>
         <c> </c>
         <w xml:id="o5454-086740"
            n="55-a-0780"
            ecep:lem="friend"
            ecep:pos="n2"
            ecep:reg="Friends"
            ecep:spe="Friends"
            ecep:syllab="1"
            ecep:pron="frendz">Friends</w>
         <c> </c>
         <w xml:id="o5454-086750"
            n="55-a-0790"
            ecep:lem="for"
            ecep:pos="p-acp"
            ecep:reg="for"
            ecep:spe="for"
            ecep:syllab="1"
            ecep:pron="fɔː">for</w>
         <c> </c>
         <w xml:id="o5454-086760"
            n="55-a-0800"
            ecep:lem="their"
            ecep:pos="po32"
            ecep:reg="their"
            ecep:spe="their"
            ecep:syllab="1"
            ecep:pron="ðeə">their</w>
         <c> </c>
         <w xml:id="o5454-086770"
            n="55-a-0810"
            ecep:lem="care"
            ecep:pos="n1"
            ecep:reg="Care"
            ecep:spe="Care"
            ecep:syllab="1"
            ecep:pron="keə">Care</w>
         <c> </c>
         <w xml:id="o5454-086780"
            n="55-a-0820"
            ecep:lem="in"
            ecep:pos="p-acp"
            ecep:reg="in"
            ecep:spe="in"
            ecep:syllab="1"
            ecep:pron="ɪn">in</w>
         <c> </c>
         <w xml:id="o5454-086790"
            n="55-a-0830"
            ecep:lem="my"
            ecep:pos="po11"
            ecep:reg="my"
            ecep:spe="my"
            ecep:syllab="1"
            ecep:pron="maɪ">my</w>
         <c> </c>
         <w xml:id="o5454-086800"
            n="55-a-0840"
            ecep:lem="breed"
            ecep:pos="n-vvg"
            ecep:reg="Breeding"
            ecep:spe="Breeding"
            ecep:syllab="2"
            ecep:pron="briːdɪŋ">Breeding</w>
         <pc xml:id="o5454-086810"
             n="55-a-0850"
             ecep:lem=","
             ecep:pos=","
             ecep:reg=","
             ecep:spe=",">,</pc>
      </l>
      <l xml:id="o5454-l03520">
         <c> </c>
         <w xml:id="o5454-086820"
            n="55-a-0860"
            ecep:lem="who"
            ecep:pos="q-crq"
            ecep:reg="Who"
            ecep:spe="Who"
            ecep:syllab="1"
            ecep:pron="huː">Who</w>
         <c> </c>
         <w xml:id="o5454-086830"
            n="55-a-0870"
            ecep:lem="teach"
            ecep:pos="vvd"
            ecep:reg="taught"
            ecep:spe="taught"
            ecep:syllab="1"
            ecep:pron="tɔːt">taught</w>
         <c> </c>
         <w xml:id="o5454-086840"
            n="55-a-0880"
            ecep:lem="i"
            ecep:pos="pno11"
            ecep:reg="me"
            ecep:spe="me"
            ecep:syllab="1"
            ecep:pron="miː">me</w>
         <c> </c>
         <w xml:id="o5454-086850"
            n="55-a-0890"
            ecep:lem="betimes"
            ecep:pos="av"
            ecep:reg="betimes"
            ecep:spe="betimes"
            ecep:syllab="2"
            ecep:pron="bɪˈtaɪmz">betimes</w>
         <c> </c>
         <w xml:id="o5454-086860"
            n="55-a-0900"
            ecep:lem="to"
            ecep:pos="pc-acp"
            ecep:reg="to"
            ecep:spe="to"
            ecep:syllab="1"
            ecep:pron="tuː">to</w>
         <c> </c>
         <w xml:id="o5454-086870"
            n="55-a-0910"
            ecep:lem="love"
            ecep:pos="vvi"
            ecep:reg="love"
            ecep:spe="love"
            ecep:syllab="1"
            ecep:pron="lʌv">love</w>
         <c> </c>
         <w xml:id="o5454-086880"
            n="55-a-0920"
            ecep:lem="work"
            ecep:pos="vvg"
            ecep:reg="Working"
            ecep:spe="Working"
            ecep:syllab="2"
            ecep:pron="wɜːkɪŋ">Working</w>
         <c> </c>
         <w xml:id="o5454-086890"
            n="55-a-0930"
            ecep:lem="and"
            ecep:pos="cc"
            ecep:reg="and"
            ecep:spe="and"
            ecep:syllab="1"
            ecep:pron="ænd">and</w>
         <c> </c>
         <w xml:id="o5454-086900"
            n="55-a-0940"
            ecep:lem="read"
            ecep:pos="vvg"
            ecep:reg="Reading"
            ecep:spe="Reading"
            ecep:syllab="2"
            ecep:pron="ˈriːdɪŋ">Reading</w>
         <pc xml:id="o5454-086910"
             n="55-a-0950"
             unit="sentence"
             ecep:lem="."
             ecep:pos="."
             ecep:reg="."
             ecep:spe=".">.</pc>
         <c> </c>
      </l>
   </lg>
</div>
