<?xml version="1.0" encoding="UTF-8"?>
<?xml-model href="../tei_all.rnc" type="application/relax-ng-compact-syntax"?>
<TEI xmlns="http://www.tei-c.org/ns/1.0">
   <teiHeader>
      <fileDesc>
         <titleStmt>
            <title corresp="#txt_PrioMa1664_w0104">Democritus and Heraclitus.</title>
            <author corresp="authors.xml#aut_PrioMa1664">Matthew Prior</author>
            <respStmt>
               <name xml:id="AH">Alexander Huber</name>
               <resp>Editor</resp>
            </respStmt>
            <funder>
               <name type="institution" xml:id="BOD">Bodleian Libraries, University of Oxford</name>
               <address>
                  <addrLine>Broad Street</addrLine>
                  <addrLine>Oxford OX1 3BG</addrLine>
                  <addrLine>UK</addrLine>
               </address>
            </funder>
         </titleStmt>
         <publicationStmt>
            <publisher xml:id="ECPA">Eighteenth-Century Poetry Archive</publisher>
            <address>
               <addrLine>Taylor Institution Library</addrLine>
               <addrLine>St Giles'</addrLine>
               <addrLine>Oxford OX1 3NA</addrLine>
               <addrLine>UK</addrLine>
               <addrLine>
                  <email>info@eighteenthcenturypoetry.org</email>
               </addrLine>
               <addrLine>
                  <ref target="https://www.eighteenthcenturypoetry.org/">https://www.eighteenthcenturypoetry.org/</ref>
               </addrLine>
            </address>
            <pubPlace>Oxford</pubPlace>
            <availability status="restricted">
               <licence target="http://creativecommons.org/licenses/by-sa/3.0/">This work is licensed under a Creative Commons Attribution-ShareAlike 3.0 Unported License.</licence>
            </availability>
            <idno type="ESTC">T075639</idno>
         </publicationStmt>
         <sourceDesc>
            <bibl>
               <author>Prior, Matthew, 1664-1721.</author>
               <title>Poems on Several Occasions [English poems only].</title>
               <pubPlace>London</pubPlace>
               <publisher>Printed for JACOB TONSON at Shakespear's-Head over against Katharine-Street in the Strand, and JOHN BARBER upon Lambeth-Hill. MDCCXVIII.</publisher>
               <date>1718</date>
               <biblScope>p. 295.</biblScope>
               <extent>[42],506,[6]p.: ill.; 2°.</extent>
            </bibl>
         </sourceDesc>
      </fileDesc>
      <encodingDesc>
         <projectDesc>
            <p>This e-text is part of the Works section of the Eighteenth-Century Poetry Archive (ECPA).</p>
            <p>XML created for the Eighteenth-Century Poetry Archive (ECPA).</p>
         </projectDesc>
         <editorialDecl>
            <p>Typography, spelling, capitalization, and punctuation have been cautiously modernized. The source of the text is given and all significant
						editorial interventions have been recorded in textual notes. This  text has been edited to conform to the recommendations found 
						in Level 5 of the
						Best Practices for TEI in Libraries version 4.0.0.
					</p>
         </editorialDecl>
         <classDecl>
            <taxonomy xml:id="LCNAF">
               <bibl>Library of Congress Name Authority File (<abbr>LCNAF</abbr>)</bibl>
            </taxonomy>
         </classDecl>
         <tagsDecl>
            <rendition n="linegroups indented" xml:id="lgindent" scheme="css">text-indent: 1em;</rendition>
            <rendition n="linegroups vertically spaced" xml:id="lgvspace" scheme="css">margin-bottom: 1em;</rendition>
            <rendition n="aligned centrally" xml:id="align-center" scheme="css">text-align: center;</rendition>
            <rendition n="aligned right" xml:id="align-right" scheme="css">text-align: right;</rendition>
            <rendition n="aligned left" xml:id="align-left" scheme="css">text-align: left;</rendition>
            <rendition n="inline" xml:id="inline" scheme="css">display: inline</rendition>
            <rendition n="italic" xml:id="i" scheme="css">font-style: italic;</rendition>
            <rendition n="bold" xml:id="b" scheme="css">font-weight: bold;</rendition>
         </tagsDecl>
      </encodingDesc>
   </teiHeader>
   <text>
      <body>
         <div xmlns:ecep="http://www.eighteenthcenturypoetry.org/ns"
              xmlns:tei="http://www.tei-c.org/ns/1.0"
              ana="#iamb #pentameter #sestet #pair #allegory"
              corresp="#txt_PrioMa1664_w0104"
              decls="#semi-normalized"
              ecep:syllab="10.10.10.10.10.10"
              met="-+|-+|-+|-+|-+/ -+|-+|-+|-+|-+/ -+|-+|-+|-+|-+/ -+|-+|-+|-+|-+/ -+|-+|-+|-+|-+/ -+|-+|-+|-+|-+/"
              rendition="#lgvspace"
              rhyme="aabbcc"
              subtype="eceptext"
              type="poem"
              xml:id="pmp18-w1010">
            <link target="authors.xml#aut_PrioMa1664" type="author"/>
            <head type="main">
               <hi rendition="#sc">
                  <w xml:id="pmp18-0584390"
                     n="a-0800"
                     ecep:lem="Democritus"
                     ecep:pos="np1"
                     ecep:reg="Democritus"
                     ecep:spe="Democritus"
                     ecep:syllab="4"
                     ecep:pron="dɪˈmɒkrɪtəs">Democritus</w>
               </hi>
               <c> </c>
               <w xml:id="pmp18-0584400"
                  n="a-0810"
                  ecep:lem="and"
                  ecep:pos="cc"
                  ecep:reg="and"
                  ecep:spe="and"
                  ecep:syllab="1"
                  ecep:pron="ænd">and</w>
               <c> </c>
               <hi rendition="#sc">
                  <w xml:id="pmp18-0584410"
                     n="a-0820"
                     ecep:lem="heraclitus"
                     ecep:pos="fw-la"
                     ecep:reg="Heraclitus"
                     ecep:spe="Heraclitus"
                     ecep:syllab="4"
                     ecep:pron="ˌherəˈklaɪtəs">Heraclitus</w>
               </hi>
               <pc xml:id="pmp18-0584420"
                   n="a-0830"
                   unit="sentence"
                   ecep:lem="."
                   ecep:pos="."
                   ecep:reg="."
                   ecep:spe=".">.</pc>
            </head>
            <lg xml:id="pmp18-s03630">
               <l n="1" xml:id="pmp18-l28560">
                  <hi rendition="#sc">
                     <w xml:id="pmp18-0584450"
                        n="a-0840"
                        ecep:lem="Democritus"
                        ecep:pos="np1"
                        ecep:reg="Democritus"
                        ecep:spe="Democritus"
                        ecep:syllab="4"
                        ecep:pron="dɪˈmɒkrɪtəs">Democritus</w>
                  </hi>
                  <pc xml:id="pmp18-0584460"
                      n="a-0850"
                      ecep:lem=","
                      ecep:pos=","
                      ecep:reg=","
                      ecep:spe=",">,</pc>
                  <c> </c>
                  <w xml:id="pmp18-0584470"
                     n="a-0860"
                     ecep:lem="dear"
                     ecep:pos="j-jn"
                     ecep:reg="dear"
                     ecep:spe="dear"
                     ecep:syllab="1"
                     ecep:pron="dɪə">dear</w>
                  <c> </c>
                  <w xml:id="pmp18-0584480"
                     n="a-0870"
                     ecep:lem="droll"
                     ecep:pos="n1"
                     ecep:reg="Droll"
                     ecep:spe="Droll"
                     ecep:syllab="1"
                     ecep:pron="drəʊl">Droll</w>
                  <pc xml:id="pmp18-0584490"
                      n="a-0880"
                      ecep:lem=","
                      ecep:pos=","
                      ecep:reg=","
                      ecep:spe=",">,</pc>
                  <c> </c>
                  <w xml:id="pmp18-0584500"
                     n="a-0890"
                     ecep:lem="revisit"
                     ecep:pos="vvb"
                     ecep:reg="revisit"
                     ecep:spe="revisit"
                     ecep:syllab="3"
                     ecep:pron="ˌriːˈvɪzɪt">revisit</w>
                  <c> </c>
                  <w xml:id="pmp18-0584510"
                     n="a-0900"
                     ecep:lem="earth"
                     ecep:pos="n1"
                     ecep:reg="Earth"
                     ecep:spe="Earth"
                     ecep:syllab="1"
                     ecep:pron="ɜːθ">Earth</w>
                  <pc xml:id="pmp18-0584520"
                      n="a-0910"
                      ecep:lem=","
                      ecep:pos=","
                      ecep:reg=","
                      ecep:spe=",">,</pc>
               </l>
               <l n="2" xml:id="pmp18-l28565">
                  <c> </c>
                  <w xml:id="pmp18-0584530"
                     n="a-0920"
                     ecep:lem="and"
                     ecep:pos="cc"
                     ecep:reg="And"
                     ecep:spe="And"
                     ecep:syllab="1"
                     ecep:pron="ænd">And</w>
                  <c> </c>
                  <w xml:id="pmp18-0584540"
                     n="a-0930"
                     ecep:lem="with"
                     ecep:pos="p-acp"
                     ecep:reg="with"
                     ecep:spe="with"
                     ecep:syllab="1"
                     ecep:pron="wɪð">with</w>
                  <c> </c>
                  <w xml:id="pmp18-0584550"
                     n="a-0940"
                     ecep:lem="our"
                     ecep:pos="po12"
                     ecep:reg="our"
                     ecep:spe="our"
                     ecep:syllab="1"
                     ecep:pron="æə">our</w>
                  <c> </c>
                  <w xml:id="pmp18-0584560"
                     n="a-0950"
                     ecep:lem="folly"
                     ecep:pos="n2"
                     ecep:reg="Follies"
                     ecep:spe="Follies"
                     ecep:syllab="2"
                     ecep:pron="ˈfɒliz">Follies</w>
                  <c> </c>
                  <w xml:id="pmp18-0584570"
                     n="a-0960"
                     ecep:lem="glut"
                     ecep:pos="n1"
                     ecep:reg="glut"
                     ecep:spe="glut"
                     ecep:syllab="1"
                     ecep:pron="glʌt">glut</w>
                  <c> </c>
                  <w xml:id="pmp18-0584580"
                     n="a-0970"
                     ecep:lem="thy"
                     ecep:pos="po21"
                     ecep:reg="Thy"
                     ecep:spe="Thy"
                     ecep:syllab="1"
                     ecep:pron="ðaɪ">Thy</w>
                  <c> </c>
                  <w xml:id="pmp18-0584590"
                     n="a-0980"
                     ecep:lem="heighten"
                     ecep:pos="j-vvn"
                     ecep:reg="heightened"
                     ecep:spe="heighten'd"
                     ecep:syllab="2"
                     ecep:pron="ˈhaɪtnd">heighten'd</w>
                  <c> </c>
                  <w xml:id="pmp18-0584600"
                     n="a-0990"
                     ecep:lem="mirth"
                     ecep:pos="n1"
                     ecep:reg="Mirth"
                     ecep:spe="Mirth"
                     ecep:syllab="1"
                     ecep:pron="mɜːθ">Mirth</w>
                  <pc xml:id="pmp18-0584610"
                      n="a-1000"
                      ecep:lem=":"
                      ecep:pos=":"
                      ecep:reg=":"
                      ecep:spe=":">:</pc>
               </l>
               <l n="3" xml:id="pmp18-l28570">
                  <c> </c>
                  <w xml:id="pmp18-0584620"
                     n="a-1010"
                     ecep:lem="sad"
                     ecep:pos="j"
                     ecep:reg="Sad"
                     ecep:spe="Sad"
                     ecep:syllab="1"
                     ecep:pron="sæd">Sad</w>
                  <c> </c>
                  <hi rendition="#sc">
                     <w xml:id="pmp18-0584630"
                        n="a-1020"
                        ecep:lem="heraclitus"
                        ecep:pos="fw-la"
                        ecep:reg="Heraclitus"
                        ecep:spe="Heraclitus"
                        ecep:syllab="4"
                        ecep:pron="ˌherəˈklaɪtəs">Heraclitus</w>
                  </hi>
                  <pc xml:id="pmp18-0584640"
                      n="a-1030"
                      ecep:lem=","
                      ecep:pos=","
                      ecep:reg=","
                      ecep:spe=",">,</pc>
                  <c> </c>
                  <w xml:id="pmp18-0584650"
                     n="a-1040"
                     ecep:lem="serious"
                     ecep:pos="j"
                     ecep:reg="serious"
                     ecep:spe="serious"
                     ecep:syllab="3"
                     ecep:pron="ˈsɪəriəs">serious</w>
                  <c> </c>
                  <w xml:id="pmp18-0584660"
                     n="a-1050"
                     ecep:lem="wretch"
                     ecep:pos="n1"
                     ecep:reg="Wretch"
                     ecep:spe="Wretch"
                     ecep:syllab="1"
                     ecep:pron="retʃ">Wretch</w>
                  <pc xml:id="pmp18-0584670"
                      n="a-1060"
                      ecep:lem=","
                      ecep:pos=","
                      ecep:reg=","
                      ecep:spe=",">,</pc>
                  <c> </c>
                  <w xml:id="pmp18-0584680"
                     n="a-1070"
                     ecep:lem="return"
                     ecep:pos="n1"
                     ecep:reg="return"
                     ecep:spe="return"
                     ecep:syllab="2"
                     ecep:pron="rɪˈtɜːn">return</w>
                  <pc xml:id="pmp18-0584690"
                      n="a-1080"
                      ecep:lem=","
                      ecep:pos=","
                      ecep:reg=","
                      ecep:spe=",">,</pc>
               </l>
               <l n="4" xml:id="pmp18-l28575">
                  <c> </c>
                  <w xml:id="pmp18-0584700"
                     n="a-1090"
                     ecep:lem="in"
                     ecep:pos="p-acp"
                     ecep:reg="In"
                     ecep:spe="In"
                     ecep:syllab="1"
                     ecep:pron="ɪn">In</w>
                  <c> </c>
                  <w xml:id="pmp18-0584710"
                     n="a-1100"
                     ecep:lem="loud"
                     ecep:pos="jc"
                     ecep:reg="louder"
                     ecep:spe="louder"
                     ecep:syllab="2"
                     ecep:pron="laʊdə">louder</w>
                  <c> </c>
                  <w xml:id="pmp18-0584720"
                     n="a-1110"
                     ecep:lem="grief"
                     ecep:pos="n1"
                     ecep:reg="Grief"
                     ecep:spe="Grief"
                     ecep:syllab="1"
                     ecep:pron="griːf">Grief</w>
                  <c> </c>
                  <w xml:id="pmp18-0584730"
                     n="a-1120"
                     ecep:lem="our"
                     ecep:pos="po12"
                     ecep:reg="our"
                     ecep:spe="our"
                     ecep:syllab="1"
                     ecep:pron="æə">our</w>
                  <c> </c>
                  <w xml:id="pmp18-0584740"
                     n="a-1130"
                     ecep:lem="great"
                     ecep:pos="jc"
                     ecep:reg="greater"
                     ecep:spe="greater"
                     ecep:syllab="2"
                     ecep:pron="greɪtə">greater</w>
                  <c> </c>
                  <w xml:id="pmp18-0584750"
                     n="a-1140"
                     ecep:lem="crime"
                     ecep:pos="n2"
                     ecep:reg="Crimes"
                     ecep:spe="Crimes"
                     ecep:syllab="1"
                     ecep:pron="kraɪmz">Crimes</w>
                  <c> </c>
                  <w xml:id="pmp18-0584760"
                     n="a-1150"
                     ecep:lem="to"
                     ecep:pos="pc-acp"
                     ecep:reg="to"
                     ecep:spe="to"
                     ecep:syllab="1"
                     ecep:pron="tuː">to</w>
                  <c> </c>
                  <w xml:id="pmp18-0584770"
                     n="a-1160"
                     ecep:lem="mourn"
                     ecep:pos="vvi"
                     ecep:reg="mourn"
                     ecep:spe="mourn"
                     ecep:syllab="1"
                     ecep:pron="mɔːn">mourn</w>
                  <pc xml:id="pmp18-0584780"
                      n="a-1170"
                      unit="sentence"
                      ecep:lem="."
                      ecep:pos="."
                      ecep:reg="."
                      ecep:spe=".">.</pc>
                  <c> </c>
               </l>
               <l n="5" xml:id="pmp18-l28580">
                  <w xml:id="pmp18-0584790"
                     n="a-1180"
                     ecep:lem="between"
                     ecep:pos="p-acp"
                     ecep:reg="Between"
                     ecep:spe="Between"
                     ecep:syllab="2"
                     ecep:pron="bɪˈtwiːn">Between</w>
                  <c> </c>
                  <w xml:id="pmp18-0584800"
                     n="a-1190"
                     ecep:lem="you"
                     ecep:pos="pn22"
                     ecep:reg="You"
                     ecep:spe="You"
                     ecep:syllab="1"
                     ecep:pron="juː">You</w>
                  <c> </c>
                  <w xml:id="pmp18-0584810"
                     n="a-1200"
                     ecep:lem="both"
                     ecep:pos="d"
                     ecep:reg="both"
                     ecep:spe="both"
                     ecep:syllab="1"
                     ecep:pron="bəʊθ">both</w>
                  <c> </c>
                  <w xml:id="pmp18-0584820"
                     n="a-1210"
                     ecep:lem="i"
                     ecep:pos="pns11"
                     ecep:reg="I"
                     ecep:spe="I"
                     ecep:syllab="1"
                     ecep:pron="aɪ">I</w>
                  <c> </c>
                  <w xml:id="pmp18-0584830"
                     n="a-1220"
                     ecep:lem="unconcerned"
                     ecep:pos="j"
                     ecep:reg="unconcerned"
                     ecep:spe="unconcern'd"
                     ecep:syllab="3"
                     ecep:pron="ˌʌnkənˈsɜːnd">unconcern'd</w>
                  <c> </c>
                  <w xml:id="pmp18-0584840"
                     n="a-1230"
                     ecep:lem="stand"
                     ecep:pos="vvi"
                     ecep:reg="stand"
                     ecep:spe="stand"
                     ecep:syllab="1"
                     ecep:pron="stænd">stand</w>
                  <c> </c>
                  <w xml:id="pmp18-0584850"
                     n="a-1240"
                     ecep:lem="by"
                     ecep:pos="p-acp"
                     ecep:reg="by"
                     ecep:spe="by"
                     ecep:syllab="1"
                     ecep:pron="baɪ">by</w>
                  <pc xml:id="pmp18-0584860"
                      n="a-1250"
                      ecep:lem=":"
                      ecep:pos=":"
                      ecep:reg=":"
                      ecep:spe=":">:</pc>
               </l>
               <l n="6" xml:id="pmp18-l28585">
                  <c> </c>
                  <w xml:id="pmp18-0584870"
                     n="a-1260"
                     ecep:lem="hurt"
                     ecep:pos="vvn"
                     ecep:reg="Hurt"
                     ecep:spe="Hurt"
                     ecep:syllab="1"
                     ecep:pron="hɜːt">Hurt</w>
                  <pc xml:id="pmp18-0584880"
                      n="a-1270"
                      ecep:lem=","
                      ecep:pos=","
                      ecep:reg=","
                      ecep:spe=",">,</pc>
                  <c> </c>
                  <w xml:id="pmp18-0584890"
                     n="a-1280"
                     ecep:lem="can"
                     ecep:pos="vmb"
                     ecep:reg="can"
                     ecep:spe="can"
                     ecep:syllab="1"
                     ecep:pron="kæn">can</w>
                  <c> </c>
                  <w xml:id="pmp18-0584900"
                     n="a-1290"
                     ecep:lem="i"
                     ecep:pos="pns11"
                     ecep:reg="I"
                     ecep:spe="I"
                     ecep:syllab="1"
                     ecep:pron="aɪ">I</w>
                  <c> </c>
                  <w xml:id="pmp18-0584910"
                     n="a-1300"
                     ecep:lem="laugh"
                     ecep:pos="vvi"
                     ecep:reg="laugh"
                     ecep:spe="laugh"
                     ecep:syllab="1"
                     ecep:pron="lɑːf">laugh</w>
                  <pc xml:id="pmp18-0584920"
                      n="a-1310"
                      ecep:lem="?"
                      ecep:pos="?"
                      ecep:reg="?"
                      ecep:spe="?">?</pc>
                  <c> </c>
                  <w xml:id="pmp18-0584930"
                     n="a-1320"
                     ecep:lem="and"
                     ecep:pos="cc"
                     ecep:reg="and"
                     ecep:spe="and"
                     ecep:syllab="1"
                     ecep:pron="ænd">and</w>
                  <c> </c>
                  <w xml:id="pmp18-0584940"
                     n="a-1330"
                     ecep:lem="honest"
                     ecep:pos="j"
                     ecep:reg="Honest"
                     ecep:spe="Honest"
                     ecep:syllab="2"
                     ecep:pron="ˈɒnɪst">Honest</w>
                  <pc xml:id="pmp18-0584950"
                      n="a-1340"
                      ecep:lem=","
                      ecep:pos=","
                      ecep:reg=","
                      ecep:spe=",">,</pc>
                  <c> </c>
                  <w xml:id="pmp18-0584960"
                     n="a-1350"
                     ecep:lem="need"
                     ecep:pos="vvb"
                     ecep:reg="need"
                     ecep:spe="need"
                     ecep:syllab="1"
                     ecep:pron="niːd">need</w>
                  <c> </c>
                  <w xml:id="pmp18-0584970"
                     n="a-1360"
                     ecep:lem="i"
                     ecep:pos="pns11"
                     ecep:reg="I"
                     ecep:spe="I"
                     ecep:syllab="1"
                     ecep:pron="aɪ">I</w>
                  <c> </c>
                  <w xml:id="pmp18-0584980"
                     n="a-1370"
                     ecep:lem="cry"
                     ecep:pos="vvi"
                     ecep:reg="cry"
                     ecep:spe="cry"
                     ecep:syllab="1"
                     ecep:pron="kraɪ">cry</w>
                  <pc xml:id="pmp18-0584990"
                      n="a-1380"
                      unit="sentence"
                      ecep:lem="?"
                      ecep:pos="?"
                      ecep:reg="?"
                      ecep:spe="?">?</pc>
                  <c> </c>
               </l>
            </lg>
         </div>
      </body>
   </text>
</TEI>
