<?xml version="1.0" encoding="utf-8"?>
<!DOCTYPE div
  SYSTEM "about:legacy-compat">
<div xmlns:ecep="http://www.eighteenthcenturypoetry.org/ns"
     xmlns="http://www.tei-c.org/ns/1.0"
     xmlns:tei="http://www.tei-c.org/ns/1.0"
     ana="#iamb #tetrameter #trimeter #quatrain #cross #song"
     corresp="#txt_WattIs1674_w0072"
     decls="#semi-normalized"
     ecep:syllab="8.6.8.6"
     met="-+|-+|-+|-+/ -+|-+|-+/ -+|-+|-+|-+/ -+|-+|-+/"
     n="2"
     rendition="#lgvspace"
     rhyme="abab"
     subtype="eceptext"
     type="song"
     xml:id="o5454-w0020">
   <link target="authors.xml#aut_WattIs1674" type="author"/>
   <head type="main">
      <w xml:id="o5454-019960"
         n="12-a-0850"
         ecep:lem="song"
         ecep:pos="n1"
         ecep:reg="SONG"
         ecep:spe="SONG"
         ecep:syllab="1"
         ecep:pron="sɒŋ">SONG</w>
      <c> </c>
      <w xml:id="o5454-019970"
         n="12-a-0860"
         ecep:lem="ii"
         ecep:pos="crd"
         ecep:reg="II"
         ecep:spe="II"
         ecep:syllab="1"
         ecep:pron="rˌəʊməntˈuː">II</w>
      <pc xml:id="o5454-019980"
          n="12-a-0870"
          unit="sentence"
          ecep:lem="."
          ecep:pos="."
          ecep:reg="."
          ecep:spe=".">.</pc>
   </head>
   <head type="sub">
      <w xml:id="o5454-020010"
         n="12-a-0880"
         ecep:lem="praise"
         ecep:pos="n1"
         ecep:reg="Praise"
         ecep:spe="Praise"
         ecep:syllab="1"
         ecep:pron="preɪz">Praise</w>
      <c> </c>
      <w xml:id="o5454-020020"
         n="12-a-0890"
         ecep:lem="for"
         ecep:pos="p-acp"
         ecep:reg="for"
         ecep:spe="for"
         ecep:syllab="1"
         ecep:pron="fɔː">for</w>
      <c> </c>
      <w xml:id="o5454-020030"
         n="12-a-0900"
         ecep:lem="creation"
         ecep:pos="n1"
         ecep:reg="Creation"
         ecep:spe="Creation"
         ecep:syllab="3"
         ecep:pron="kriˈeɪʃn">Creation</w>
      <c> </c>
      <w xml:id="o5454-020040"
         n="12-a-0910"
         ecep:lem="and"
         ecep:pos="cc"
         ecep:reg="and"
         ecep:spe="and"
         ecep:syllab="1"
         ecep:pron="ænd">and</w>
      <c> </c>
      <w xml:id="o5454-020050"
         n="12-a-0920"
         ecep:lem="providence"
         ecep:pos="n1"
         ecep:reg="Providence"
         ecep:spe="Providence"
         ecep:syllab="3"
         ecep:pron="ˈprɒvɪdns">Providence</w>
      <pc xml:id="o5454-020060"
          n="12-a-0930"
          unit="sentence"
          ecep:lem="."
          ecep:pos="."
          ecep:reg="."
          ecep:spe=".">.</pc>
   </head>
   <lg n="1" xml:id="o5454-s00100">
      <head>
         <w xml:id="o5454-020100"
            n="12-a-0940"
            ecep:lem="i"
            ecep:pos="pns11"
            ecep:reg="I"
            ecep:spe="I."
            ecep:syllab="1"
            ecep:pron="ˈaɪ">I.</w>
         <pc unit="sentence" xml:id="o5454-020100-eos" n="12-a-0950"/>
      </head>
      <l xml:id="o5454-l00105">
         <w xml:id="o5454-020120"
            n="12-a-0960"
            ecep:lem="i"
            ecep:pos="pns11"
            ecep:reg="I"
            ecep:spe="I"
            ecep:syllab="1"
            ecep:pron="aɪ">I</w>
         <c> </c>
         <w xml:id="o5454-020130"
            n="12-a-0970"
            ecep:lem="sing"
            ecep:pos="vvb"
            ecep:reg="Sing"
            ecep:spe="Sing"
            ecep:syllab="1"
            ecep:pron="sɪŋ">Sing</w>
         <c> </c>
         <w xml:id="o5454-020140"
            n="12-a-0980"
            ecep:lem="the"
            ecep:pos="dt"
            ecep:reg="the"
            ecep:spe="th'"
            ecep:syllab="0"
            ecep:pron="ð">th'</w>
         <c> </c>
         <w xml:id="o5454-020150"
            n="12-a-0990"
            ecep:lem="almighty"
            ecep:pos="j-jn"
            ecep:reg="Almighty"
            ecep:spe="Almighty"
            ecep:syllab="3"
            ecep:pron="ɔːlˈmaɪti">Almighty</w>
         <c> </c>
         <w xml:id="o5454-020160"
            n="12-a-1000"
            ecep:lem="power"
            ecep:pos="n1"
            ecep:reg="Power"
            ecep:spe="Pow'r"
            ecep:syllab="1"
            ecep:pron="ˈpaʊə">Pow'r</w>
         <c> </c>
         <w xml:id="o5454-020170"
            n="12-a-1010"
            ecep:lem="of"
            ecep:pos="pp-f"
            ecep:reg="of"
            ecep:spe="of"
            ecep:syllab="1"
            ecep:pron="ɒv">of</w>
         <c> </c>
         <w xml:id="o5454-020180"
            n="12-a-1020"
            ecep:lem="god"
            ecep:pos="n1"
            ecep:reg="GOD"
            ecep:spe="GOD"
            ecep:syllab="1"
            ecep:pron="gɒd">GOD</w>
         <pc xml:id="o5454-020190"
             n="12-a-1030"
             ecep:lem=","
             ecep:pos=","
             ecep:reg=","
             ecep:spe=",">,</pc>
      </l>
      <l xml:id="o5454-l00110">
         <c> </c>
         <w xml:id="o5454-020200"
            n="12-a-1040"
            ecep:lem="that"
            ecep:pos="cst"
            ecep:reg="That"
            ecep:spe="That"
            ecep:syllab="1"
            ecep:pron="ðæt">That</w>
         <c> </c>
         <w xml:id="o5454-020210"
            n="12-a-1050"
            ecep:lem="make"
            ecep:pos="vvd"
            ecep:reg="made"
            ecep:spe="made"
            ecep:syllab="1"
            ecep:pron="meɪd">made</w>
         <c> </c>
         <w xml:id="o5454-020220"
            n="12-a-1060"
            ecep:lem="the"
            ecep:pos="dt"
            ecep:reg="the"
            ecep:spe="the"
            ecep:syllab="1"
            ecep:pron="ðiː">the</w>
         <c> </c>
         <w xml:id="o5454-020230"
            n="12-a-1070"
            ecep:lem="mountain"
            ecep:pos="n2"
            ecep:reg="Mountains"
            ecep:spe="Mountains"
            ecep:syllab="2"
            ecep:pron="ˈmaʊntɪnz">Mountains</w>
         <c> </c>
         <w xml:id="o5454-020240"
            n="12-a-1080"
            ecep:lem="rise"
            ecep:pos="vvi"
            ecep:reg="rise"
            ecep:spe="rise"
            ecep:syllab="1"
            ecep:pron="raɪz">rise</w>
         <pc xml:id="o5454-020250"
             n="12-a-1090"
             ecep:lem=","
             ecep:pos=","
             ecep:reg=","
             ecep:spe=",">,</pc>
      </l>
      <l xml:id="o5454-l00115">
         <c> </c>
         <w xml:id="o5454-020260"
            n="12-a-1100"
            ecep:lem="that"
            ecep:pos="cst"
            ecep:reg="That"
            ecep:spe="That"
            ecep:syllab="1"
            ecep:pron="ðæt">That</w>
         <c> </c>
         <w xml:id="o5454-020270"
            n="12-a-1110"
            ecep:lem="spread"
            ecep:pos="vvd"
            ecep:reg="spread"
            ecep:spe="spread"
            ecep:syllab="1"
            ecep:pron="spred">spread</w>
         <c> </c>
         <w xml:id="o5454-020280"
            n="12-a-1120"
            ecep:lem="the"
            ecep:pos="dt"
            ecep:reg="the"
            ecep:spe="the"
            ecep:syllab="1"
            ecep:pron="ðiː">the</w>
         <c> </c>
         <w xml:id="o5454-020290"
            n="12-a-1130"
            ecep:lem="flow"
            ecep:pos="j-vvg"
            ecep:reg="flowing"
            ecep:spe="flowing"
            ecep:syllab="2"
            ecep:pron="fləʊɪŋ">flowing</w>
         <c> </c>
         <w xml:id="o5454-020300"
            n="12-a-1140"
            ecep:lem="sea"
            ecep:pos="n2"
            ecep:reg="Seas"
            ecep:spe="Seas"
            ecep:syllab="1"
            ecep:pron="siːz">Seas</w>
         <c> </c>
         <w xml:id="o5454-020310"
            n="12-a-1150"
            ecep:lem="abroad"
            ecep:pos="av"
            ecep:reg="abroad"
            ecep:spe="abroad"
            ecep:syllab="2"
            ecep:pron="əˈbrɔːd">abroad</w>
         <pc xml:id="o5454-020320"
             n="12-a-1160"
             ecep:lem=","
             ecep:pos=","
             ecep:reg=","
             ecep:spe=",">,</pc>
      </l>
      <l xml:id="o5454-l00120">
         <c> </c>
         <w xml:id="o5454-020330"
            n="12-a-1170"
            ecep:lem="and"
            ecep:pos="cc"
            ecep:reg="And"
            ecep:spe="And"
            ecep:syllab="1"
            ecep:pron="ænd">And</w>
         <c> </c>
         <w xml:id="o5454-020340"
            n="12-a-1180"
            ecep:lem="build"
            ecep:pos="vvd"
            ecep:reg="built"
            ecep:spe="built"
            ecep:syllab="1"
            ecep:pron="bɪlt">built</w>
         <c> </c>
         <w xml:id="o5454-020350"
            n="12-a-1190"
            ecep:lem="the"
            ecep:pos="dt"
            ecep:reg="the"
            ecep:spe="the"
            ecep:syllab="1"
            ecep:pron="ðiː">the</w>
         <c> </c>
         <w xml:id="o5454-020360"
            n="12-a-1200"
            ecep:lem="lofty"
            ecep:pos="j"
            ecep:reg="lofty"
            ecep:spe="lofty"
            ecep:syllab="2"
            ecep:pron="ˈlɒfti">lofty</w>
         <c> </c>
         <w xml:id="o5454-020370"
            n="12-a-1210"
            ecep:lem="sky"
            ecep:pos="n2"
            ecep:reg="Skies"
            ecep:spe="Skies"
            ecep:syllab="1"
            ecep:pron="skaɪz">Skies</w>
         <pc xml:id="o5454-020380"
             n="12-a-1220"
             unit="sentence"
             ecep:lem="."
             ecep:pos="."
             ecep:reg="."
             ecep:spe=".">.</pc>
         <c> </c>
      </l>
   </lg>
   <pb facs="13" n="3" rend="none"/>
   <lg n="2" xml:id="o5454-s00105">
      <head>
         <w xml:id="o5454-020420"
            n="13-a-0010"
            ecep:lem="ii"
            ecep:pos="crd"
            ecep:reg="II"
            ecep:spe="II"
            ecep:syllab="1"
            ecep:pron="rˌəʊməntˈuː">II</w>
         <pc xml:id="o5454-020430"
             n="13-a-0020"
             unit="sentence"
             ecep:lem="."
             ecep:pos="."
             ecep:reg="."
             ecep:spe=".">.</pc>
      </head>
      <l xml:id="o5454-l00125">
         <w xml:id="o5454-020450"
            n="13-a-0030"
            ecep:lem="i"
            ecep:pos="pns11"
            ecep:reg="I"
            ecep:spe="I"
            ecep:syllab="1"
            ecep:pron="aɪ">I</w>
         <c> </c>
         <w xml:id="o5454-020460"
            n="13-a-0040"
            ecep:lem="sing"
            ecep:pos="vvb"
            ecep:reg="sing"
            ecep:spe="sing"
            ecep:syllab="1"
            ecep:pron="sɪŋ">sing</w>
         <c> </c>
         <w xml:id="o5454-020470"
            n="13-a-0050"
            ecep:lem="the"
            ecep:pos="dt"
            ecep:reg="the"
            ecep:spe="the"
            ecep:syllab="1"
            ecep:pron="ðiː">the</w>
         <c> </c>
         <w xml:id="o5454-020480"
            n="13-a-0060"
            ecep:lem="wisdom"
            ecep:pos="n1"
            ecep:reg="Wisdom"
            ecep:spe="Wisdom"
            ecep:syllab="2"
            ecep:pron="ˈwɪzdəm">Wisdom</w>
         <c> </c>
         <w xml:id="o5454-020490"
            n="13-a-0070"
            ecep:lem="that"
            ecep:pos="cst"
            ecep:reg="that"
            ecep:spe="that"
            ecep:syllab="1"
            ecep:pron="ðæt">that</w>
         <c> </c>
         <w xml:id="o5454-020500"
            n="13-a-0080"
            ecep:lem="ordain"
            ecep:pos="vvd"
            ecep:reg="ordained"
            ecep:spe="ordain'd"
            ecep:syllab="2"
            ecep:pron="ɔːˈdeɪnd">ordain'd</w>
      </l>
      <l xml:id="o5454-l00130">
         <c> </c>
         <w xml:id="o5454-020510"
            n="13-a-0090"
            ecep:lem="the"
            ecep:pos="dt"
            ecep:reg="The"
            ecep:spe="The"
            ecep:syllab="1"
            ecep:pron="ðiː">The</w>
         <c> </c>
         <w xml:id="o5454-020520"
            n="13-a-0100"
            ecep:lem="sun"
            ecep:pos="n1"
            ecep:reg="Sun"
            ecep:spe="Sun"
            ecep:syllab="1"
            ecep:pron="sʌn">Sun</w>
         <c> </c>
         <w xml:id="o5454-020530"
            n="13-a-0110"
            ecep:lem="to"
            ecep:pos="pc-acp"
            ecep:reg="to"
            ecep:spe="to"
            ecep:syllab="1"
            ecep:pron="tuː">to</w>
         <c> </c>
         <w xml:id="o5454-020540"
            n="13-a-0120"
            ecep:lem="rule"
            ecep:pos="vvi"
            ecep:reg="rule"
            ecep:spe="rule"
            ecep:syllab="1"
            ecep:pron="ruːl">rule</w>
         <c> </c>
         <w xml:id="o5454-020550"
            n="13-a-0130"
            ecep:lem="the"
            ecep:pos="dt"
            ecep:reg="the"
            ecep:spe="the"
            ecep:syllab="1"
            ecep:pron="ðiː">the</w>
         <c> </c>
         <w xml:id="o5454-020560"
            n="13-a-0140"
            ecep:lem="day"
            ecep:pos="n1"
            ecep:reg="Day"
            ecep:spe="Day"
            ecep:syllab="1"
            ecep:pron="deɪ">Day</w>
         <pc xml:id="o5454-020570"
             n="13-a-0150"
             ecep:lem=";"
             ecep:pos=";"
             ecep:reg=";"
             ecep:spe=";">;</pc>
      </l>
      <l xml:id="o5454-l00135">
         <c> </c>
         <w xml:id="o5454-020580"
            n="13-a-0160"
            ecep:lem="the"
            ecep:pos="dt"
            ecep:reg="The"
            ecep:spe="The"
            ecep:syllab="1"
            ecep:pron="ðiː">The</w>
         <c> </c>
         <w xml:id="o5454-020590"
            n="13-a-0170"
            ecep:lem="moon"
            ecep:pos="n1"
            ecep:reg="Moon"
            ecep:spe="Moon"
            ecep:syllab="1"
            ecep:pron="muːn">Moon</w>
         <c> </c>
         <w xml:id="o5454-020600"
            n="13-a-0180"
            ecep:lem="shine"
            ecep:pos="vvz"
            ecep:reg="shines"
            ecep:spe="shines"
            ecep:syllab="1"
            ecep:pron="ʃaɪnz">shines</w>
         <c> </c>
         <w xml:id="o5454-020610"
            n="13-a-0190"
            ecep:lem="full"
            ecep:pos="j"
            ecep:reg="full"
            ecep:spe="full"
            ecep:syllab="1"
            ecep:pron="fʊl">full</w>
         <c> </c>
         <w xml:id="o5454-020620"
            n="13-a-0200"
            ecep:lem="at"
            ecep:pos="p-acp"
            ecep:reg="at"
            ecep:spe="at"
            ecep:syllab="1"
            ecep:pron="æt">at</w>
         <c> </c>
         <w xml:id="o5454-020630"
            n="13-a-0210"
            ecep:lem="his"
            ecep:pos="po31"
            ecep:reg="his"
            ecep:spe="his"
            ecep:syllab="1"
            ecep:pron="hɪz">his</w>
         <c> </c>
         <w xml:id="o5454-020640"
            n="13-a-0220"
            ecep:lem="command"
            ecep:pos="n1"
            ecep:reg="Command"
            ecep:spe="Command"
            ecep:syllab="2"
            ecep:pron="kəˈmɑːnd">Command</w>
         <pc xml:id="o5454-020650"
             n="13-a-0230"
             ecep:lem=","
             ecep:pos=","
             ecep:reg=","
             ecep:spe=",">,</pc>
      </l>
      <l xml:id="o5454-l00140">
         <c> </c>
         <w xml:id="o5454-020660"
            n="13-a-0240"
            ecep:lem="and"
            ecep:pos="cc"
            ecep:reg="And"
            ecep:spe="And"
            ecep:syllab="1"
            ecep:pron="ænd">And</w>
         <c> </c>
         <w xml:id="o5454-020670"
            n="13-a-0250"
            ecep:lem="all"
            ecep:pos="d"
            ecep:reg="all"
            ecep:spe="all"
            ecep:syllab="1"
            ecep:pron="ɔːl">all</w>
         <c> </c>
         <w xml:id="o5454-020680"
            n="13-a-0260"
            ecep:lem="the"
            ecep:pos="dt"
            ecep:reg="the"
            ecep:spe="the"
            ecep:syllab="1"
            ecep:pron="ðiː">the</w>
         <c> </c>
         <w xml:id="o5454-020690"
            n="13-a-0270"
            ecep:lem="star"
            ecep:pos="n2"
            ecep:reg="Stars"
            ecep:spe="Stars"
            ecep:syllab="1"
            ecep:pron="stɑːz">Stars</w>
         <c> </c>
         <w xml:id="o5454-020700"
            n="13-a-0280"
            ecep:lem="obey"
            ecep:pos="vvi"
            ecep:reg="obey"
            ecep:spe="obey"
            ecep:syllab="2"
            ecep:pron="əˈbeɪ">obey</w>
         <pc xml:id="o5454-020710"
             n="13-a-0290"
             unit="sentence"
             ecep:lem="."
             ecep:pos="."
             ecep:reg="."
             ecep:spe=".">.</pc>
         <c> </c>
      </l>
   </lg>
   <lg n="3" xml:id="o5454-s00110">
      <head>
         <w xml:id="o5454-020750"
            n="13-a-0300"
            ecep:lem="iii"
            ecep:pos="crd"
            ecep:reg="III"
            ecep:spe="III"
            ecep:syllab="1"
            ecep:pron="rˌəʊmənθrˈiː">III</w>
         <pc xml:id="o5454-020760"
             n="13-a-0310"
             unit="sentence"
             ecep:lem="."
             ecep:pos="."
             ecep:reg="."
             ecep:spe=".">.</pc>
      </head>
      <l xml:id="o5454-l00145">
         <w xml:id="o5454-020780"
            n="13-a-0320"
            ecep:lem="i"
            ecep:pos="pns11"
            ecep:reg="I"
            ecep:spe="I"
            ecep:syllab="1"
            ecep:pron="aɪ">I</w>
         <c> </c>
         <w xml:id="o5454-020790"
            n="13-a-0330"
            ecep:lem="sing"
            ecep:pos="vvb"
            ecep:reg="sing"
            ecep:spe="sing"
            ecep:syllab="1"
            ecep:pron="sɪŋ">sing</w>
         <c> </c>
         <w xml:id="o5454-020800"
            n="13-a-0340"
            ecep:lem="the"
            ecep:pos="dt"
            ecep:reg="the"
            ecep:spe="the"
            ecep:syllab="1"
            ecep:pron="ðiː">the</w>
         <c> </c>
         <w xml:id="o5454-020810"
            n="13-a-0350"
            ecep:lem="goodness"
            ecep:pos="n1"
            ecep:reg="Goodness"
            ecep:spe="Goodness"
            ecep:syllab="2"
            ecep:pron="ˈgʊdnəs">Goodness</w>
         <c> </c>
         <w xml:id="o5454-020820"
            n="13-a-0360"
            ecep:lem="of"
            ecep:pos="pp-f"
            ecep:reg="of"
            ecep:spe="of"
            ecep:syllab="1"
            ecep:pron="ɒv">of</w>
         <c> </c>
         <w xml:id="o5454-020830"
            n="13-a-0370"
            ecep:lem="the"
            ecep:pos="dt"
            ecep:reg="the"
            ecep:spe="the"
            ecep:syllab="1"
            ecep:pron="ðiː">the</w>
         <c> </c>
         <w xml:id="o5454-020840"
            n="13-a-0380"
            ecep:lem="lord"
            ecep:pos="n1"
            ecep:reg="LORD"
            ecep:spe="LORD"
            ecep:syllab="1"
            ecep:pron="lɔːd">LORD</w>
         <pc xml:id="o5454-020850"
             n="13-a-0390"
             ecep:lem=","
             ecep:pos=","
             ecep:reg=","
             ecep:spe=",">,</pc>
      </l>
      <l xml:id="o5454-l00150">
         <c> </c>
         <w xml:id="o5454-020860"
            n="13-a-0400"
            ecep:lem="that"
            ecep:pos="cst"
            ecep:reg="That"
            ecep:spe="That"
            ecep:syllab="1"
            ecep:pron="ðæt">That</w>
         <c> </c>
         <w xml:id="o5454-020870"
            n="13-a-0410"
            ecep:lem="fill"
            ecep:pos="vvd"
            ecep:reg="filled"
            ecep:spe="fill'd"
            ecep:syllab="1"
            ecep:pron="fɪld">fill'd</w>
         <c> </c>
         <w xml:id="o5454-020880"
            n="13-a-0420"
            ecep:lem="the"
            ecep:pos="dt"
            ecep:reg="the"
            ecep:spe="the"
            ecep:syllab="1"
            ecep:pron="ðiː">the</w>
         <c> </c>
         <w xml:id="o5454-020890"
            n="13-a-0430"
            ecep:lem="earth"
            ecep:pos="n1"
            ecep:reg="Earth"
            ecep:spe="Earth"
            ecep:syllab="1"
            ecep:pron="ɜːθ">Earth</w>
         <c> </c>
         <w xml:id="o5454-020900"
            n="13-a-0440"
            ecep:lem="with"
            ecep:pos="p-acp"
            ecep:reg="with"
            ecep:spe="with"
            ecep:syllab="1"
            ecep:pron="wɪð">with</w>
         <c> </c>
         <w xml:id="o5454-020910"
            n="13-a-0450"
            ecep:lem="food"
            ecep:pos="n1"
            ecep:reg="Food"
            ecep:spe="Food"
            ecep:syllab="1"
            ecep:pron="fuːd">Food</w>
         <pc xml:id="o5454-020920"
             n="13-a-0460"
             ecep:lem=";"
             ecep:pos=";"
             ecep:reg=";"
             ecep:spe=";">;</pc>
      </l>
      <l xml:id="o5454-l00155">
         <c> </c>
         <w xml:id="o5454-020930"
            n="13-a-0470"
            ecep:lem="he"
            ecep:pos="pns31"
            ecep:reg="He"
            ecep:spe="He"
            ecep:syllab="1"
            ecep:pron="hiː">He</w>
         <c> </c>
         <w xml:id="o5454-020940"
            n="13-a-0480"
            ecep:lem="form"
            ecep:pos="vvd"
            ecep:reg="formed"
            ecep:spe="form'd"
            ecep:syllab="1"
            ecep:pron="fɔːmd">form'd</w>
         <c> </c>
         <w xml:id="o5454-020950"
            n="13-a-0490"
            ecep:lem="the"
            ecep:pos="dt"
            ecep:reg="the"
            ecep:spe="the"
            ecep:syllab="1"
            ecep:pron="ðiː">the</w>
         <c> </c>
         <w xml:id="o5454-020960"
            n="13-a-0500"
            ecep:lem="creature"
            ecep:pos="n2"
            ecep:reg="Creatures"
            ecep:spe="Creatures"
            ecep:syllab="2"
            ecep:pron="ˈkriːtʃəz">Creatures</w>
         <c> </c>
         <w xml:id="o5454-020970"
            n="13-a-0510"
            ecep:lem="with"
            ecep:pos="p-acp"
            ecep:reg="with"
            ecep:spe="with"
            ecep:syllab="1"
            ecep:pron="wɪð">with</w>
         <c> </c>
         <w xml:id="o5454-020980"
            n="13-a-0520"
            ecep:lem="his"
            ecep:pos="po31"
            ecep:reg="his"
            ecep:spe="his"
            ecep:syllab="1"
            ecep:pron="hɪz">his</w>
         <c> </c>
         <w xml:id="o5454-020990"
            n="13-a-0530"
            ecep:lem="word"
            ecep:pos="n1"
            ecep:reg="Word"
            ecep:spe="Word"
            ecep:syllab="1"
            ecep:pron="wɜːd">Word</w>
         <pc xml:id="o5454-021000"
             n="13-a-0540"
             ecep:lem=","
             ecep:pos=","
             ecep:reg=","
             ecep:spe=",">,</pc>
      </l>
      <l xml:id="o5454-l00160">
         <c> </c>
         <w xml:id="o5454-021010"
            n="13-a-0550"
            ecep:lem="and"
            ecep:pos="cc"
            ecep:reg="And"
            ecep:spe="And"
            ecep:syllab="1"
            ecep:pron="ænd">And</w>
         <c> </c>
         <w xml:id="o5454-021020"
            n="13-a-0560"
            ecep:lem="then"
            ecep:pos="av"
            ecep:reg="then"
            ecep:spe="then"
            ecep:syllab="1"
            ecep:pron="ðen">then</w>
         <c> </c>
         <w xml:id="o5454-021030"
            n="13-a-0570"
            ecep:lem="pronounce"
            ecep:pos="vvd"
            ecep:reg="pronounced"
            ecep:spe="pronounc'd"
            ecep:syllab="2"
            ecep:pron="prəˈnaʊnst">pronounc'd</w>
         <c> </c>
         <w xml:id="o5454-021040"
            n="13-a-0580"
            ecep:lem="they"
            ecep:pos="pno32"
            ecep:reg="them"
            ecep:spe="them"
            ecep:syllab="1"
            ecep:pron="ðem">them</w>
         <c> </c>
         <w xml:id="o5454-021050"
            n="13-a-0590"
            ecep:lem="good"
            ecep:pos="j"
            ecep:reg="Good"
            ecep:spe="Good"
            ecep:syllab="1"
            ecep:pron="gʊd">Good</w>
         <pc xml:id="o5454-021060"
             n="13-a-0600"
             unit="sentence"
             ecep:lem="."
             ecep:pos="."
             ecep:reg="."
             ecep:spe=".">.</pc>
         <c> </c>
      </l>
   </lg>
   <lg n="4" xml:id="o5454-s00115">
      <head>
         <w xml:id="o5454-021100"
            n="13-a-0610"
            ecep:lem="iv"
            ecep:pos="crd"
            ecep:reg="IV"
            ecep:spe="IV"
            ecep:syllab="1"
            ecep:pron="rˌəʊmənfˈɔː">IV</w>
         <pc xml:id="o5454-021110"
             n="13-a-0620"
             unit="sentence"
             ecep:lem="."
             ecep:pos="."
             ecep:reg="."
             ecep:spe=".">.</pc>
      </head>
      <l xml:id="o5454-l00165">
         <w xml:id="o5454-021130"
            n="13-a-0630"
            ecep:lem="lord"
            ecep:pos="n1"
            ecep:reg="LORD"
            ecep:spe="LORD"
            ecep:syllab="1"
            ecep:pron="lɔːd">LORD</w>
         <pc xml:id="o5454-021140"
             n="13-a-0640"
             ecep:lem=","
             ecep:pos=","
             ecep:reg=","
             ecep:spe=",">,</pc>
         <c> </c>
         <w xml:id="o5454-021150"
            n="13-a-0650"
            ecep:lem="how"
            ecep:pos="c-crq"
            ecep:reg="how"
            ecep:spe="how"
            ecep:syllab="1"
            ecep:pron="haʊ">how</w>
         <c> </c>
         <w xml:id="o5454-021160"
            n="13-a-0660"
            ecep:lem="thy"
            ecep:pos="po21"
            ecep:reg="thy"
            ecep:spe="thy"
            ecep:syllab="1"
            ecep:pron="ðaɪ">thy</w>
         <c> </c>
         <w xml:id="o5454-021170"
            n="13-a-0670"
            ecep:lem="wonder"
            ecep:pos="n2"
            ecep:reg="Wonders"
            ecep:spe="Wonders"
            ecep:syllab="2"
            ecep:pron="ˈwʌndəz">Wonders</w>
         <c> </c>
         <w xml:id="o5454-021180"
            n="13-a-0680"
            ecep:lem="be"
            ecep:pos="vbr"
            ecep:reg="are"
            ecep:spe="are"
            ecep:syllab="1"
            ecep:pron="ɑː">are</w>
         <c> </c>
         <w xml:id="o5454-021190"
            n="13-a-0690"
            ecep:lem="display"
            ecep:pos="vvn"
            ecep:reg="displayed"
            ecep:spe="display'd"
            ecep:syllab="2"
            ecep:pron="dɪˈspleɪd">display'd</w>
         <pc xml:id="o5454-021200"
             n="13-a-0700"
             ecep:lem=","
             ecep:pos=","
             ecep:reg=","
             ecep:spe=",">,</pc>
      </l>
      <l xml:id="o5454-l00170">
         <c> </c>
         <w xml:id="o5454-021210"
            n="13-a-0710"
            ecep:lem="wherever"
            ecep:pos="c-crq"
            ecep:reg="Wherever"
            ecep:spe="Where'er"
            ecep:syllab="2"
            ecep:pron="weəˈreə">Where'er</w>
         <c> </c>
         <w xml:id="o5454-021220"
            n="13-a-0720"
            ecep:lem="i"
            ecep:pos="pns11"
            ecep:reg="I"
            ecep:spe="I"
            ecep:syllab="1"
            ecep:pron="aɪ">I</w>
         <c> </c>
         <w xml:id="o5454-021230"
            n="13-a-0730"
            ecep:lem="turn"
            ecep:pos="vvb"
            ecep:reg="turn"
            ecep:spe="turn"
            ecep:syllab="1"
            ecep:pron="tɜːn">turn</w>
         <c> </c>
         <w xml:id="o5454-021240"
            n="13-a-0740"
            ecep:lem="my"
            ecep:pos="po11"
            ecep:reg="mine"
            ecep:spe="mine"
            ecep:syllab="1"
            ecep:pron="maɪn">mine</w>
         <c> </c>
         <w xml:id="o5454-021250"
            n="13-a-0750"
            ecep:lem="eye"
            ecep:pos="n1"
            ecep:reg="Eye"
            ecep:spe="Eye"
            ecep:syllab="1"
            ecep:pron="aɪ">Eye</w>
         <pc xml:id="o5454-021260"
             n="13-a-0760"
             unit="sentence"
             ecep:lem="!"
             ecep:pos="!"
             ecep:reg="!"
             ecep:spe="!">!</pc>
         <c> </c>
      </l>
      <l xml:id="o5454-l00175">
         <w xml:id="o5454-021270"
            n="13-a-0770"
            ecep:lem="if"
            ecep:pos="cs"
            ecep:reg="If"
            ecep:spe="If"
            ecep:syllab="1"
            ecep:pron="ɪf">If</w>
         <c> </c>
         <w xml:id="o5454-021280"
            n="13-a-0780"
            ecep:lem="i"
            ecep:pos="pns11"
            ecep:reg="I"
            ecep:spe="I"
            ecep:syllab="1"
            ecep:pron="aɪ">I</w>
         <c> </c>
         <w xml:id="o5454-021290"
            n="13-a-0790"
            ecep:lem="survey"
            ecep:pos="vvb"
            ecep:reg="survey"
            ecep:spe="survey"
            ecep:syllab="2"
            ecep:pron="ˈsɜːveɪ">survey</w>
         <c> </c>
         <w xml:id="o5454-021300"
            n="13-a-0800"
            ecep:lem="the"
            ecep:pos="dt"
            ecep:reg="the"
            ecep:spe="the"
            ecep:syllab="1"
            ecep:pron="ðiː">the</w>
         <c> </c>
         <w xml:id="o5454-021310"
            n="13-a-0810"
            ecep:lem="ground"
            ecep:pos="n1"
            ecep:reg="Ground"
            ecep:spe="Ground"
            ecep:syllab="1"
            ecep:pron="graʊnd">Ground</w>
         <c> </c>
         <w xml:id="o5454-021320"
            n="13-a-0820"
            ecep:lem="i"
            ecep:pos="pns11"
            ecep:reg="I"
            ecep:spe="I"
            ecep:syllab="1"
            ecep:pron="aɪ">I</w>
         <c> </c>
         <w xml:id="o5454-021330"
            n="13-a-0830"
            ecep:lem="tread"
            ecep:pos="vvb"
            ecep:reg="tread"
            ecep:spe="tread"
            ecep:syllab="1"
            ecep:pron="tred">tread</w>
         <pc xml:id="o5454-021340"
             n="13-a-0840"
             ecep:lem=","
             ecep:pos=","
             ecep:reg=","
             ecep:spe=",">,</pc>
      </l>
      <l xml:id="o5454-l00180">
         <c> </c>
         <w xml:id="o5454-021350"
            n="13-a-0850"
            ecep:lem="or"
            ecep:pos="cc"
            ecep:reg="Or"
            ecep:spe="Or"
            ecep:syllab="1"
            ecep:pron="ɔː">Or</w>
         <c> </c>
         <w xml:id="o5454-021360"
            n="13-a-0860"
            ecep:lem="gaze"
            ecep:pos="vvi"
            ecep:reg="gaze"
            ecep:spe="gaze"
            ecep:syllab="1"
            ecep:pron="geɪz">gaze</w>
         <c> </c>
         <w xml:id="o5454-021370"
            n="13-a-0870"
            ecep:lem="upon"
            ecep:pos="p-acp"
            ecep:reg="upon"
            ecep:spe="upon"
            ecep:syllab="2"
            ecep:pron="əˈpɒn">upon</w>
         <c> </c>
         <w xml:id="o5454-021380"
            n="13-a-0880"
            ecep:lem="the"
            ecep:pos="dt"
            ecep:reg="the"
            ecep:spe="the"
            ecep:syllab="1"
            ecep:pron="ðiː">the</w>
         <c> </c>
         <w xml:id="o5454-021390"
            n="13-a-0890"
            ecep:lem="sky"
            ecep:pos="n1"
            ecep:reg="Sky"
            ecep:spe="Sky"
            ecep:syllab="1"
            ecep:pron="skaɪ">Sky</w>
         <pc xml:id="o5454-021400"
             n="13-a-0900"
             unit="sentence"
             ecep:lem="!"
             ecep:pos="!"
             ecep:reg="!"
             ecep:spe="!">!</pc>
         <c> </c>
      </l>
   </lg>
   <lg n="5" xml:id="o5454-s00120">
      <head>
         <w xml:id="o5454-021440"
            n="13-a-0910"
            ecep:lem="v."
            ecep:pos="crd"
            ecep:reg="V"
            ecep:spe="V."
            ecep:syllab="1"
            ecep:pron="viː">V.</w>
         <pc unit="sentence" xml:id="o5454-021440-eos" n="13-a-0920"/>
      </head>
      <l xml:id="o5454-l00185">
         <w xml:id="o5454-021460"
            n="13-a-0930"
            ecep:lem="there|be"
            ecep:pos="pc-acp|vbz"
            ecep:reg="There's"
            ecep:spe="There's"
            ecep:syllab="1"
            ecep:pron="ðeəz">There's</w>
         <c> </c>
         <w xml:id="o5454-021470"
            n="13-a-0940"
            ecep:lem="not"
            ecep:pos="xx"
            ecep:reg="not"
            ecep:spe="not"
            ecep:syllab="1"
            ecep:pron="nɒt">not</w>
         <c> </c>
         <w xml:id="o5454-021480"
            n="13-a-0950"
            ecep:lem="a"
            ecep:pos="dt"
            ecep:reg="a"
            ecep:spe="a"
            ecep:syllab="1"
            ecep:pron="ə">a</w>
         <c> </c>
         <w xml:id="o5454-021490"
            n="13-a-0960"
            ecep:lem="plant"
            ecep:pos="n1"
            ecep:reg="Plant"
            ecep:spe="Plant"
            ecep:syllab="1"
            ecep:pron="plɑːnt">Plant</w>
         <c> </c>
         <w xml:id="o5454-021500"
            n="13-a-0970"
            ecep:lem="or"
            ecep:pos="cc"
            ecep:reg="or"
            ecep:spe="or"
            ecep:syllab="1"
            ecep:pron="ɔː">or</w>
         <c> </c>
         <w xml:id="o5454-021510"
            n="13-a-0980"
            ecep:lem="flower"
            ecep:pos="n1"
            ecep:reg="Flower"
            ecep:spe="Flow'r"
            ecep:syllab="1"
            ecep:pron="flæə">Flow'r</w>
         <c> </c>
         <w xml:id="o5454-021520"
            n="13-a-0990"
            ecep:lem="below"
            ecep:pos="a-acp"
            ecep:reg="below"
            ecep:spe="below"
            ecep:syllab="2"
            ecep:pron="bɪˈləʊ">below</w>
         <pc xml:id="o5454-021530"
             n="13-a-1000"
             ecep:lem=","
             ecep:pos=","
             ecep:reg=","
             ecep:spe=",">,</pc>
      </l>
      <l xml:id="o5454-l00190">
         <c> </c>
         <w xml:id="o5454-021540"
            n="13-a-1010"
            ecep:lem="but"
            ecep:pos="cc-acp"
            ecep:reg="But"
            ecep:spe="But"
            ecep:syllab="1"
            ecep:pron="bʌt">But</w>
         <c> </c>
         <w xml:id="o5454-021550"
            n="13-a-1020"
            ecep:lem="make"
            ecep:pos="vvz"
            ecep:reg="makes"
            ecep:spe="makes"
            ecep:syllab="1"
            ecep:pron="meɪks">makes</w>
         <c> </c>
         <w xml:id="o5454-021560"
            n="13-a-1030"
            ecep:lem="thy"
            ecep:pos="po21"
            ecep:reg="thy"
            ecep:spe="thy"
            ecep:syllab="1"
            ecep:pron="ðaɪ">thy</w>
         <c> </c>
         <w xml:id="o5454-021570"
            n="13-a-1040"
            ecep:lem="glory"
            ecep:pos="n2"
            ecep:reg="Glories"
            ecep:spe="Glories"
            ecep:syllab="2"
            ecep:pron="ˈglɔːriz">Glories</w>
         <c> </c>
         <w xml:id="o5454-021580"
            n="13-a-1050"
            ecep:lem="know"
            ecep:pos="vvn"
            ecep:reg="known"
            ecep:spe="known"
            ecep:syllab="1"
            ecep:pron="nəʊn">known</w>
         <pc xml:id="o5454-021590"
             n="13-a-1060"
             ecep:lem=";"
             ecep:pos=";"
             ecep:reg=";"
             ecep:spe=";">;</pc>
      </l>
      <l xml:id="o5454-l00195">
         <c> </c>
         <w xml:id="o5454-021600"
            n="13-a-1070"
            ecep:lem="and"
            ecep:pos="cc"
            ecep:reg="And"
            ecep:spe="And"
            ecep:syllab="1"
            ecep:pron="ænd">And</w>
         <c> </c>
         <w xml:id="o5454-021610"
            n="13-a-1080"
            ecep:lem="cloud"
            ecep:pos="n2"
            ecep:reg="Clouds"
            ecep:spe="Clouds"
            ecep:syllab="1"
            ecep:pron="klaʊdz">Clouds</w>
         <c> </c>
         <w xml:id="o5454-021620"
            n="13-a-1090"
            ecep:lem="arise"
            ecep:pos="vvb"
            ecep:reg="arise"
            ecep:spe="arise"
            ecep:syllab="2"
            ecep:pron="əˈraɪz">arise</w>
         <c> </c>
         <w xml:id="o5454-021630"
            n="13-a-1100"
            ecep:lem="and"
            ecep:pos="cc"
            ecep:reg="and"
            ecep:spe="and"
            ecep:syllab="1"
            ecep:pron="ænd">and</w>
         <c> </c>
         <w xml:id="o5454-021640"
            n="13-a-1110"
            ecep:lem="tempest"
            ecep:pos="n2"
            ecep:reg="Tempests"
            ecep:spe="Tempests"
            ecep:syllab="2"
            ecep:pron="ˈtempɪsts">Tempests</w>
         <c> </c>
         <w xml:id="o5454-021650"
            n="13-a-1120"
            ecep:lem="blow"
            ecep:pos="vvb"
            ecep:reg="blow"
            ecep:spe="blow"
            ecep:syllab="1"
            ecep:pron="bləʊ">blow</w>
         <pc xml:id="o5454-021660"
             n="13-a-1130"
             ecep:lem=","
             ecep:pos=","
             ecep:reg=","
             ecep:spe=",">,</pc>
      </l>
      <l xml:id="o5454-l00200">
         <c> </c>
         <w xml:id="o5454-021670"
            n="13-a-1140"
            ecep:lem="by"
            ecep:pos="p-acp"
            ecep:reg="By"
            ecep:spe="By"
            ecep:syllab="1"
            ecep:pron="baɪ">By</w>
         <c> </c>
         <w xml:id="o5454-021680"
            n="13-a-1150"
            ecep:lem="order"
            ecep:pos="n1"
            ecep:reg="Order"
            ecep:spe="Order"
            ecep:syllab="2"
            ecep:pron="ˈɔːdə">Order</w>
         <c> </c>
         <w xml:id="o5454-021690"
            n="13-a-1160"
            ecep:lem="from"
            ecep:pos="p-acp"
            ecep:reg="from"
            ecep:spe="from"
            ecep:syllab="1"
            ecep:pron="frɒm">from</w>
         <c> </c>
         <w xml:id="o5454-021700"
            n="13-a-1170"
            ecep:lem="thy"
            ecep:pos="po21"
            ecep:reg="thy"
            ecep:spe="thy"
            ecep:syllab="1"
            ecep:pron="ðaɪ">thy</w>
         <c> </c>
         <w xml:id="o5454-021710"
            n="13-a-1180"
            ecep:lem="throne"
            ecep:pos="n1"
            ecep:reg="Throne"
            ecep:spe="Throne"
            ecep:syllab="1"
            ecep:pron="θrəʊn">Throne</w>
         <pc xml:id="o5454-021720"
             n="13-a-1190"
             unit="sentence"
             ecep:lem="."
             ecep:pos="."
             ecep:reg="."
             ecep:spe=".">.</pc>
         <c> </c>
      </l>
   </lg>
   <lg n="6" xml:id="o5454-s00125">
      <head>
         <w xml:id="o5454-021760"
            n="13-a-1200"
            ecep:lem="vi"
            ecep:pos="crd"
            ecep:reg="VI"
            ecep:spe="VI"
            ecep:syllab="1"
            ecep:pron="ˈvaɪ">VI</w>
         <pc xml:id="o5454-021770"
             n="13-a-1210"
             unit="sentence"
             ecep:lem="."
             ecep:pos="."
             ecep:reg="."
             ecep:spe=".">.</pc>
      </head>
      <l xml:id="o5454-l00205">
         <w xml:id="o5454-021790"
            n="13-a-1220"
            ecep:lem="creature"
            ecep:pos="n2"
            ecep:reg="Creatures"
            ecep:spe="Creatures"
            ecep:syllab="2"
            ecep:pron="ˈkriːtʃəz">Creatures</w>
         <c> </c>
         <pc xml:id="o5454-021800"
             n="13-a-1230"
             ecep:lem="("
             ecep:pos="("
             ecep:reg="("
             ecep:spe="(">(</pc>
         <w xml:id="o5454-021810"
            n="13-a-1240"
            ecep:lem="as"
            ecep:pos="c-acp"
            ecep:reg="as"
            ecep:spe="as"
            ecep:syllab="1"
            ecep:pron="æz">as</w>
         <c> </c>
         <w xml:id="o5454-021820"
            n="13-a-1250"
            ecep:lem="numerous"
            ecep:pos="j"
            ecep:reg="numerous"
            ecep:spe="num'rous"
            ecep:syllab="2"
            ecep:pron="ˈnjuːmrəs">num'rous</w>
         <c> </c>
         <w xml:id="o5454-021830"
            n="13-a-1260"
            ecep:lem="as"
            ecep:pos="c-acp"
            ecep:reg="as"
            ecep:spe="as"
            ecep:syllab="1"
            ecep:pron="æz">as</w>
         <c> </c>
         <w xml:id="o5454-021840"
            n="13-a-1270"
            ecep:lem="they"
            ecep:pos="pns32"
            ecep:reg="they"
            ecep:spe="they"
            ecep:syllab="1"
            ecep:pron="ðeɪ">they</w>
         <c> </c>
         <w xml:id="o5454-021850"
            n="13-a-1280"
            ecep:lem="be"
            ecep:pos="vbb"
            ecep:reg="be"
            ecep:spe="be"
            ecep:syllab="1"
            ecep:pron="biː">be</w>
         <pc xml:id="o5454-021860"
             n="13-a-1290"
             ecep:lem=")"
             ecep:pos=")"
             ecep:reg=")"
             ecep:spe=")">)</pc>
      </l>
      <l xml:id="o5454-l00210">
         <c> </c>
         <w xml:id="o5454-021880"
            n="13-a-1310"
            ecep:lem="be"
            ecep:pos="vbb"
            ecep:reg="Are"
            ecep:spe="Are"
            ecep:syllab="1"
            ecep:pron="ɑː">Are</w>
         <c> </c>
         <w xml:id="o5454-021890"
            n="13-a-1320"
            ecep:lem="subject"
            ecep:pos="j-jn"
            ecep:reg="subject"
            ecep:spe="subject"
            ecep:syllab="2"
            ecep:pron="ˈsʌbdʒɪkt">subject</w>
         <c> </c>
         <w xml:id="o5454-021900"
            n="13-a-1330"
            ecep:lem="to"
            ecep:pos="p-acp"
            ecep:reg="to"
            ecep:spe="to"
            ecep:syllab="1"
            ecep:pron="tuː">to</w>
         <c> </c>
         <w xml:id="o5454-021910"
            n="13-a-1340"
            ecep:lem="thy"
            ecep:pos="po21"
            ecep:reg="thy"
            ecep:spe="thy"
            ecep:syllab="1"
            ecep:pron="ðaɪ">thy</w>
         <c> </c>
         <w xml:id="o5454-021920"
            n="13-a-1350"
            ecep:lem="care"
            ecep:pos="n1"
            ecep:reg="Care"
            ecep:spe="Care"
            ecep:syllab="1"
            ecep:pron="keə">Care</w>
         <pc xml:id="o5454-021930"
             n="13-a-1360"
             ecep:lem=";"
             ecep:pos=";"
             ecep:reg=";"
             ecep:spe=";">;</pc>
      </l>
      <l xml:id="o5454-l00215">
         <c> </c>
         <w xml:id="o5454-021940"
            n="13-a-1370"
            ecep:lem="there|be"
            ecep:pos="pc-acp|vbz"
            ecep:reg="There's"
            ecep:spe="There's"
            ecep:syllab="1"
            ecep:pron="ðeəz">There's</w>
         <c> </c>
         <w xml:id="o5454-021950"
            n="13-a-1380"
            ecep:lem="not"
            ecep:pos="xx"
            ecep:reg="not"
            ecep:spe="not"
            ecep:syllab="1"
            ecep:pron="nɒt">not</w>
         <c> </c>
         <w xml:id="o5454-021960"
            n="13-a-1390"
            ecep:lem="a"
            ecep:pos="dt"
            ecep:reg="a"
            ecep:spe="a"
            ecep:syllab="1"
            ecep:pron="ə">a</w>
         <c> </c>
         <w xml:id="o5454-021970"
            n="13-a-1400"
            ecep:lem="place"
            ecep:pos="n1"
            ecep:reg="Place"
            ecep:spe="Place"
            ecep:syllab="1"
            ecep:pron="pleɪs">Place</w>
         <c> </c>
         <w xml:id="o5454-021980"
            n="13-a-1410"
            ecep:lem="where"
            ecep:pos="c-crq"
            ecep:reg="where"
            ecep:spe="where"
            ecep:syllab="1"
            ecep:pron="weə">where</w>
         <c> </c>
         <w xml:id="o5454-021990"
            n="13-a-1420"
            ecep:lem="we"
            ecep:pos="pns12"
            ecep:reg="we"
            ecep:spe="we"
            ecep:syllab="1"
            ecep:pron="wiː">we</w>
         <c> </c>
         <w xml:id="o5454-022000"
            n="13-a-1430"
            ecep:lem="can"
            ecep:pos="vmb"
            ecep:reg="can"
            ecep:spe="can"
            ecep:syllab="1"
            ecep:pron="kæn">can</w>
         <c> </c>
         <w xml:id="o5454-022010"
            n="13-a-1440"
            ecep:lem="flee"
            ecep:pos="vvi"
            ecep:reg="flee"
            ecep:spe="flee"
            ecep:syllab="1"
            ecep:pron="fliː">flee</w>
         <pc xml:id="o5454-022020"
             n="13-a-1450"
             ecep:lem=","
             ecep:pos=","
             ecep:reg=","
             ecep:spe=",">,</pc>
      </l>
      <l xml:id="o5454-l00220">
         <c> </c>
         <w xml:id="o5454-022030"
            n="13-a-1460"
            ecep:lem="but"
            ecep:pos="cc-acp"
            ecep:reg="But"
            ecep:spe="But"
            ecep:syllab="1"
            ecep:pron="bʌt">But</w>
         <c> </c>
         <w xml:id="o5454-022040"
            n="13-a-1470"
            ecep:lem="god"
            ecep:pos="n1"
            ecep:reg="GOD"
            ecep:spe="GOD"
            ecep:syllab="1"
            ecep:pron="gɒd">GOD</w>
         <c> </c>
         <w xml:id="o5454-022050"
            n="13-a-1480"
            ecep:lem="be"
            ecep:pos="vbz"
            ecep:reg="is"
            ecep:spe="is"
            ecep:syllab="1"
            ecep:pron="ɪz">is</w>
         <c> </c>
         <w xml:id="o5454-022060"
            n="13-a-1490"
            ecep:lem="present"
            ecep:pos="j"
            ecep:reg="present"
            ecep:spe="present"
            ecep:syllab="2"
            ecep:pron="ˈpreznt">present</w>
         <c> </c>
         <w xml:id="o5454-022070"
            n="13-a-1500"
            ecep:lem="there"
            ecep:pos="a-acp"
            ecep:reg="there"
            ecep:spe="there"
            ecep:syllab="1"
            ecep:pron="ðeə">there</w>
         <pc xml:id="o5454-022080"
             n="13-a-1510"
             unit="sentence"
             ecep:lem="."
             ecep:pos="."
             ecep:reg="."
             ecep:spe=".">.</pc>
         <c> </c>
      </l>
   </lg>
   <pb facs="14" n="4" rend="none"/>
   <lg n="7" xml:id="o5454-s00130">
      <head>
         <w xml:id="o5454-022120"
            n="14-a-0010"
            ecep:lem="vii"
            ecep:pos="crd"
            ecep:reg="VII"
            ecep:spe="VII"
            ecep:syllab="1"
            ecep:pron="rˌəʊmənsˈevən">VII</w>
         <pc xml:id="o5454-022130"
             n="14-a-0020"
             unit="sentence"
             ecep:lem="."
             ecep:pos="."
             ecep:reg="."
             ecep:spe=".">.</pc>
      </head>
      <l xml:id="o5454-l00225">
         <w xml:id="o5454-022150"
            n="14-a-0030"
            ecep:lem="in"
            ecep:pos="p-acp"
            ecep:reg="In"
            ecep:spe="In"
            ecep:syllab="1"
            ecep:pron="ɪn">In</w>
         <c> </c>
         <w xml:id="o5454-022160"
            n="14-a-0040"
            ecep:lem="heaven"
            ecep:pos="n1"
            ecep:reg="Heaven"
            ecep:spe="Heav'n"
            ecep:syllab="1"
            ecep:pron="ˈhevn">Heav'n</w>
         <c> </c>
         <w xml:id="o5454-022170"
            n="14-a-0050"
            ecep:lem="he"
            ecep:pos="pns31"
            ecep:reg="he"
            ecep:spe="he"
            ecep:syllab="1"
            ecep:pron="hiː">he</w>
         <c> </c>
         <w xml:id="o5454-022180"
            n="14-a-0060"
            ecep:lem="shine"
            ecep:pos="vvz"
            ecep:reg="shines"
            ecep:spe="shines"
            ecep:syllab="1"
            ecep:pron="ʃaɪnz">shines</w>
         <c> </c>
         <w xml:id="o5454-022190"
            n="14-a-0070"
            ecep:lem="with"
            ecep:pos="p-acp"
            ecep:reg="with"
            ecep:spe="with"
            ecep:syllab="1"
            ecep:pron="wɪð">with</w>
         <c> </c>
         <w xml:id="o5454-022200"
            n="14-a-0080"
            ecep:lem="beam"
            ecep:pos="n2"
            ecep:reg="Beams"
            ecep:spe="Beams"
            ecep:syllab="1"
            ecep:pron="biːmz">Beams</w>
         <c> </c>
         <w xml:id="o5454-022210"
            n="14-a-0090"
            ecep:lem="of"
            ecep:pos="pp-f"
            ecep:reg="of"
            ecep:spe="of"
            ecep:syllab="1"
            ecep:pron="ɒv">of</w>
         <c> </c>
         <w xml:id="o5454-022220"
            n="14-a-0100"
            ecep:lem="love"
            ecep:pos="n1"
            ecep:reg="Love"
            ecep:spe="Love"
            ecep:syllab="1"
            ecep:pron="lʌv">Love</w>
         <pc xml:id="o5454-022230"
             n="14-a-0110"
             ecep:lem=","
             ecep:pos=","
             ecep:reg=","
             ecep:spe=",">,</pc>
      </l>
      <l xml:id="o5454-l00230">
         <c> </c>
         <w xml:id="o5454-022240"
            n="14-a-0120"
            ecep:lem="with"
            ecep:pos="p-acp"
            ecep:reg="With"
            ecep:spe="With"
            ecep:syllab="1"
            ecep:pron="wɪð">With</w>
         <c> </c>
         <w xml:id="o5454-022250"
            n="14-a-0130"
            ecep:lem="wrath"
            ecep:pos="n1"
            ecep:reg="Wrath"
            ecep:spe="Wrath"
            ecep:syllab="1"
            ecep:pron="rɒθ">Wrath</w>
         <c> </c>
         <w xml:id="o5454-022260"
            n="14-a-0140"
            ecep:lem="in"
            ecep:pos="p-acp"
            ecep:reg="in"
            ecep:spe="in"
            ecep:syllab="1"
            ecep:pron="ɪn">in</w>
         <c> </c>
         <w xml:id="o5454-022270"
            n="14-a-0150"
            ecep:lem="hell"
            ecep:pos="n1"
            ecep:reg="Hell"
            ecep:spe="Hell"
            ecep:syllab="1"
            ecep:pron="hel">Hell</w>
         <c> </c>
         <w xml:id="o5454-022280"
            n="14-a-0160"
            ecep:lem="beneath"
            ecep:pos="a-acp"
            ecep:reg="beneath"
            ecep:spe="beneath"
            ecep:syllab="2"
            ecep:pron="bɪˈniːθ">beneath</w>
         <pc xml:id="o5454-022290"
             n="14-a-0170"
             unit="sentence"
             ecep:lem="!"
             ecep:pos="!"
             ecep:reg="!"
             ecep:spe="!">!</pc>
         <c> </c>
      </l>
      <l xml:id="o5454-l00235">
         <w xml:id="o5454-022300"
            n="14-a-0180"
            ecep:lem="it|be"
            ecep:pos="pn31|vbz"
            ecep:reg="It's"
            ecep:spe="'Tis"
            ecep:syllab="1"
            ecep:pron="tɪz">'Tis</w>
         <c> </c>
         <w xml:id="o5454-022310"
            n="14-a-0190"
            ecep:lem="on"
            ecep:pos="p-acp"
            ecep:reg="on"
            ecep:spe="on"
            ecep:syllab="1"
            ecep:pron="ɒn">on</w>
         <c> </c>
         <w xml:id="o5454-022320"
            n="14-a-0200"
            ecep:lem="his"
            ecep:pos="po31"
            ecep:reg="his"
            ecep:spe="his"
            ecep:syllab="1"
            ecep:pron="hɪz">his</w>
         <c> </c>
         <w xml:id="o5454-022330"
            n="14-a-0210"
            ecep:lem="earth"
            ecep:pos="n1"
            ecep:reg="Earth"
            ecep:spe="Earth"
            ecep:syllab="1"
            ecep:pron="ɜːθ">Earth</w>
         <c> </c>
         <w xml:id="o5454-022340"
            n="14-a-0220"
            ecep:lem="i"
            ecep:pos="pns11"
            ecep:reg="I"
            ecep:spe="I"
            ecep:syllab="1"
            ecep:pron="aɪ">I</w>
         <c> </c>
         <w xml:id="o5454-022350"
            n="14-a-0230"
            ecep:lem="stand"
            ecep:pos="vvb"
            ecep:reg="stand"
            ecep:spe="stand"
            ecep:syllab="1"
            ecep:pron="stænd">stand</w>
         <c> </c>
         <w xml:id="o5454-022360"
            n="14-a-0240"
            ecep:lem="or"
            ecep:pos="cc"
            ecep:reg="or"
            ecep:spe="or"
            ecep:syllab="1"
            ecep:pron="ɔː">or</w>
         <c> </c>
         <w xml:id="o5454-022370"
            n="14-a-0250"
            ecep:lem="move"
            ecep:pos="vvi"
            ecep:reg="move"
            ecep:spe="move"
            ecep:syllab="1"
            ecep:pron="muːv">move</w>
         <pc xml:id="o5454-022380"
             n="14-a-0260"
             ecep:lem=","
             ecep:pos=","
             ecep:reg=","
             ecep:spe=",">,</pc>
      </l>
      <l xml:id="o5454-l00240">
         <c> </c>
         <w xml:id="o5454-022390"
            n="14-a-0270"
            ecep:lem="and"
            ecep:pos="cc"
            ecep:reg="And"
            ecep:spe="And"
            ecep:syllab="1"
            ecep:pron="ænd">And</w>
         <c> </c>
         <w xml:id="o5454-022400"
            n="14-a-0280"
            ecep:lem="it|be"
            ecep:pos="pn31|vbz"
            ecep:reg="it's"
            ecep:spe="'tis"
            ecep:syllab="1"
            ecep:pron="tɪz">'tis</w>
         <c> </c>
         <w xml:id="o5454-022410"
            n="14-a-0290"
            ecep:lem="his"
            ecep:pos="po31"
            ecep:reg="his"
            ecep:spe="his"
            ecep:syllab="1"
            ecep:pron="hɪz">his</w>
         <c> </c>
         <w xml:id="o5454-022420"
            n="14-a-0300"
            ecep:lem="air"
            ecep:pos="n1"
            ecep:reg="Air"
            ecep:spe="Air"
            ecep:syllab="1"
            ecep:pron="eə">Air</w>
         <c> </c>
         <w xml:id="o5454-022430"
            n="14-a-0310"
            ecep:lem="i"
            ecep:pos="pns11"
            ecep:reg="I"
            ecep:spe="I"
            ecep:syllab="1"
            ecep:pron="aɪ">I</w>
         <c> </c>
         <w xml:id="o5454-022440"
            n="14-a-0320"
            ecep:lem="breathe"
            ecep:pos="vvb"
            ecep:reg="breathe"
            ecep:spe="breathe"
            ecep:syllab="1"
            ecep:pron="briːð">breathe</w>
         <pc xml:id="o5454-022450"
             n="14-a-0330"
             unit="sentence"
             ecep:lem="."
             ecep:pos="."
             ecep:reg="."
             ecep:spe=".">.</pc>
         <c> </c>
      </l>
   </lg>
   <lg n="8" xml:id="o5454-s00135">
      <head>
         <w xml:id="o5454-022490"
            n="14-a-0340"
            ecep:lem="viii"
            ecep:pos="crd"
            ecep:reg="VIII"
            ecep:spe="VIII"
            ecep:syllab="1"
            ecep:pron="rˌəʊmənˈeɪt">VIII</w>
         <pc xml:id="o5454-022500"
             n="14-a-0350"
             unit="sentence"
             ecep:lem="."
             ecep:pos="."
             ecep:reg="."
             ecep:spe=".">.</pc>
      </head>
      <l xml:id="o5454-l00245">
         <w xml:id="o5454-022520"
            n="14-a-0360"
            ecep:lem="his"
            ecep:pos="po31"
            ecep:reg="His"
            ecep:spe="His"
            ecep:syllab="1"
            ecep:pron="hɪz">His</w>
         <c> </c>
         <w xml:id="o5454-022530"
            n="14-a-0370"
            ecep:lem="hand"
            ecep:pos="n1"
            ecep:reg="Hand"
            ecep:spe="Hand"
            ecep:syllab="1"
            ecep:pron="hænd">Hand</w>
         <c> </c>
         <w xml:id="o5454-022540"
            n="14-a-0380"
            ecep:lem="be"
            ecep:pos="vbz"
            ecep:reg="is"
            ecep:spe="is"
            ecep:syllab="1"
            ecep:pron="ɪz">is</w>
         <c> </c>
         <w xml:id="o5454-022550"
            n="14-a-0390"
            ecep:lem="my"
            ecep:pos="po11"
            ecep:reg="my"
            ecep:spe="my"
            ecep:syllab="1"
            ecep:pron="maɪ">my</w>
         <c> </c>
         <w xml:id="o5454-022560"
            n="14-a-0400"
            ecep:lem="perpetual"
            ecep:pos="j"
            ecep:reg="perpetual"
            ecep:spe="perpetual"
            ecep:syllab="4"
            ecep:pron="pəˈpetʃuəl">perpetual</w>
         <c> </c>
         <w xml:id="o5454-022570"
            n="14-a-0410"
            ecep:lem="guard"
            ecep:pos="n1"
            ecep:reg="Guard"
            ecep:spe="Guard"
            ecep:syllab="1"
            ecep:pron="gɑːd">Guard</w>
         <pc xml:id="o5454-022580"
             n="14-a-0420"
             ecep:lem=";"
             ecep:pos=";"
             ecep:reg=";"
             ecep:spe=";">;</pc>
      </l>
      <l xml:id="o5454-l00250">
         <c> </c>
         <w xml:id="o5454-022590"
            n="14-a-0430"
            ecep:lem="he"
            ecep:pos="pns31"
            ecep:reg="He"
            ecep:spe="He"
            ecep:syllab="1"
            ecep:pron="hiː">He</w>
         <c> </c>
         <w xml:id="o5454-022600"
            n="14-a-0440"
            ecep:lem="keep"
            ecep:pos="vvz"
            ecep:reg="keeps"
            ecep:spe="keeps"
            ecep:syllab="1"
            ecep:pron="kiːps">keeps</w>
         <c> </c>
         <w xml:id="o5454-022610"
            n="14-a-0450"
            ecep:lem="i"
            ecep:pos="pno11"
            ecep:reg="me"
            ecep:spe="me"
            ecep:syllab="1"
            ecep:pron="miː">me</w>
         <c> </c>
         <w xml:id="o5454-022620"
            n="14-a-0460"
            ecep:lem="with"
            ecep:pos="p-acp"
            ecep:reg="with"
            ecep:spe="with"
            ecep:syllab="1"
            ecep:pron="wɪð">with</w>
         <c> </c>
         <w xml:id="o5454-022630"
            n="14-a-0470"
            ecep:lem="his"
            ecep:pos="po31"
            ecep:reg="his"
            ecep:spe="his"
            ecep:syllab="1"
            ecep:pron="hɪz">his</w>
         <c> </c>
         <w xml:id="o5454-022640"
            n="14-a-0480"
            ecep:lem="eye"
            ecep:pos="n1"
            ecep:reg="Eye"
            ecep:spe="Eye"
            ecep:syllab="1"
            ecep:pron="aɪ">Eye</w>
         <pc xml:id="o5454-022650"
             n="14-a-0490"
             ecep:lem=":"
             ecep:pos=":"
             ecep:reg=":"
             ecep:spe=":">:</pc>
      </l>
      <l xml:id="o5454-l00255">
         <c> </c>
         <w xml:id="o5454-022660"
            n="14-a-0500"
            ecep:lem="why"
            ecep:pos="q-crq"
            ecep:reg="Why"
            ecep:spe="Why"
            ecep:syllab="1"
            ecep:pron="waɪ">Why</w>
         <c> </c>
         <w xml:id="o5454-022670"
            n="14-a-0510"
            ecep:lem="shall"
            ecep:pos="vmd"
            ecep:reg="should"
            ecep:spe="should"
            ecep:syllab="1"
            ecep:pron="ʃʊd">should</w>
         <c> </c>
         <w xml:id="o5454-022680"
            n="14-a-0520"
            ecep:lem="i"
            ecep:pos="pns11"
            ecep:reg="I"
            ecep:spe="I"
            ecep:syllab="1"
            ecep:pron="aɪ">I</w>
         <c> </c>
         <w xml:id="o5454-022690"
            n="14-a-0530"
            ecep:lem="then"
            ecep:pos="av"
            ecep:reg="then"
            ecep:spe="then"
            ecep:syllab="1"
            ecep:pron="ðen">then</w>
         <c> </c>
         <w xml:id="o5454-022700"
            n="14-a-0540"
            ecep:lem="forget"
            ecep:pos="vvi"
            ecep:reg="forget"
            ecep:spe="forget"
            ecep:syllab="2"
            ecep:pron="fəˈget">forget</w>
         <c> </c>
         <w xml:id="o5454-022710"
            n="14-a-0550"
            ecep:lem="the"
            ecep:pos="dt"
            ecep:reg="the"
            ecep:spe="the"
            ecep:syllab="1"
            ecep:pron="ðiː">the</w>
         <c> </c>
         <w xml:id="o5454-022720"
            n="14-a-0560"
            ecep:lem="lord"
            ecep:pos="n1"
            ecep:reg="LORD"
            ecep:spe="LORD"
            ecep:syllab="1"
            ecep:pron="lɔːd">LORD</w>
         <pc xml:id="o5454-022730"
             n="14-a-0570"
             ecep:lem=","
             ecep:pos=","
             ecep:reg=","
             ecep:spe=",">,</pc>
      </l>
      <l xml:id="o5454-l00260">
         <c> </c>
         <w xml:id="o5454-022740"
            n="14-a-0580"
            ecep:lem="who"
            ecep:pos="q-crq"
            ecep:reg="Who"
            ecep:spe="Who"
            ecep:syllab="1"
            ecep:pron="huː">Who</w>
         <c> </c>
         <w xml:id="o5454-022750"
            n="14-a-0590"
            ecep:lem="be"
            ecep:pos="vbz"
            ecep:reg="is"
            ecep:spe="is"
            ecep:syllab="1"
            ecep:pron="ɪz">is</w>
         <c> </c>
         <w xml:id="o5454-022760"
            n="14-a-0600"
            ecep:lem="for"
            ecep:pos="p-acp"
            ecep:reg="for"
            ecep:spe="for"
            ecep:syllab="1"
            ecep:pron="fɔː">for</w>
         <c> </c>
         <w xml:id="o5454-022770"
            n="14-a-0610"
            ecep:lem="ever"
            ecep:pos="av"
            ecep:reg="ever"
            ecep:spe="ever"
            ecep:syllab="2"
            ecep:pron="ˈevə">ever</w>
         <c> </c>
         <w xml:id="o5454-022780"
            n="14-a-0620"
            ecep:lem="nigh"
            ecep:pos="av-j"
            ecep:reg="nigh"
            ecep:spe="nigh"
            ecep:syllab="1"
            ecep:pron="naɪ">nigh</w>
         <pc xml:id="o5454-022790"
             n="14-a-0630"
             unit="sentence"
             ecep:lem="?"
             ecep:pos="?"
             ecep:reg="?"
             ecep:spe="?">?</pc>
         <c> </c>
      </l>
   </lg>
</div>
