<?xml version="1.0" encoding="utf-8"?>
<!DOCTYPE div
  SYSTEM "about:legacy-compat">
<div xmlns:tei="http://www.tei-c.org/ns/1.0"
     xmlns="http://www.tei-c.org/ns/1.0"
     xmlns:ecep="http://www.eighteenthcenturypoetry.org/ns"
     ana="#iamb #tetrameter #trimeter #quatrain #ballad #chevy-chase #cross #address"
     corresp="#txt_CartEl1717_w0002"
     ecep:syllab="8.6.8.6"
     met="-+|-+|-+|-+/         -+|-+|-+/         -+|-+|-+|-+/         -+|-+|-+/"
     rendition="#lgvspace"
     rhyme="xaxa"
     subtype="eceptext"
     type="poem"
     xml:id="o5154-w0430"
     decls="#semi-normalized">
   <link target="authors.xml#aut_CartEl1717" type="author"/>
   <link target="25344" type="DMI"/>
   <head type="main">
      <w xml:id="o5154-486490"
         n="215-a-0330"
         ecep:lem="to"
         ecep:pos="p-acp"
         ecep:reg="To"
         ecep:spe="To"
         ecep:syllab="1"
         ecep:pron="tuː">To</w>
      <c> </c>
      <w xml:id="o5154-486500"
         n="215-a-0340"
         ecep:lem="a"
         ecep:pos="dt"
         ecep:reg="a"
         ecep:spe="a"
         ecep:syllab="1"
         ecep:pron="ə">a</w>
      <c> </c>
      <w xml:id="o5154-486510"
         n="215-a-0350"
         ecep:lem="gentleman"
         ecep:pos="n1"
         ecep:reg="GENTLEMAN"
         ecep:spe="GENTLEMAN"
         ecep:syllab="3"
         ecep:pron="ˈdʒentlmən">GENTLEMAN</w>
      <pc xml:id="o5154-486520"
          n="215-a-0360"
          ecep:lem=","
          ecep:pos=","
          ecep:reg=","
          ecep:spe=",">,</pc>
      <c> </c>
      <w xml:id="o5154-486530"
         n="215-a-0370"
         ecep:lem="on"
         ecep:pos="p-acp"
         ecep:reg="On"
         ecep:spe="On"
         ecep:syllab="1"
         ecep:pron="ɒn">On</w>
      <c> </c>
      <w xml:id="o5154-486540"
         n="215-a-0380"
         ecep:lem="his"
         ecep:pos="po31"
         ecep:reg="his"
         ecep:spe="his"
         ecep:syllab="1"
         ecep:pron="hɪz">his</w>
      <c> </c>
      <w xml:id="o5154-486550"
         n="215-a-0390"
         ecep:lem="intend"
         ecep:pos="vvg"
         ecep:reg="intending"
         ecep:spe="intending"
         ecep:syllab="3"
         ecep:pron="ɪnˈtendɪŋ">intending</w>
      <c> </c>
      <w xml:id="o5154-486560"
         n="215-a-0400"
         ecep:lem="to"
         ecep:pos="pc-acp"
         ecep:reg="to"
         ecep:spe="to"
         ecep:syllab="1"
         ecep:pron="tuː">to</w>
      <c> </c>
      <w xml:id="o5154-486570"
         n="215-a-0410"
         ecep:lem="cut"
         ecep:pos="vvi"
         ecep:reg="cut"
         ecep:spe="cut"
         ecep:syllab="1"
         ecep:pron="kʌt">cut</w>
      <c> </c>
      <w xml:id="o5154-486580"
         n="215-a-0420"
         ecep:lem="down"
         ecep:pos="a-acp"
         ecep:reg="down"
         ecep:spe="down"
         ecep:syllab="1"
         ecep:pron="daʊn">down</w>
      <c> </c>
      <w xml:id="o5154-486590"
         n="215-a-0430"
         ecep:lem="a"
         ecep:pos="dt"
         ecep:reg="a"
         ecep:spe="a"
         ecep:syllab="1"
         ecep:pron="ə">a</w>
      <c> </c>
      <w xml:id="o5154-486600"
         n="215-a-0440"
         ecep:lem="grove"
         ecep:pos="n1"
         ecep:reg="GROVE"
         ecep:spe="GROVE"
         ecep:syllab="1"
         ecep:pron="grəʊv">GROVE</w>
      <c> </c>
      <w xml:id="o5154-486610"
         n="215-a-0450"
         ecep:lem="to"
         ecep:pos="pc-acp"
         ecep:reg="to"
         ecep:spe="to"
         ecep:syllab="1"
         ecep:pron="tuː">to</w>
      <c> </c>
      <w xml:id="o5154-486620"
         n="215-a-0460"
         ecep:lem="enlarge"
         ecep:pos="vvi"
         ecep:reg="enlarge"
         ecep:spe="enlarge"
         ecep:syllab="2"
         ecep:pron="ɪnˈlɑːdʒ">enlarge</w>
      <c> </c>
      <w xml:id="o5154-486630"
         n="215-a-0470"
         ecep:lem="his"
         ecep:pos="po31"
         ecep:reg="his"
         ecep:spe="his"
         ecep:syllab="1"
         ecep:pron="hɪz">his</w>
      <c> </c>
      <w xml:id="o5154-486640"
         n="215-a-0480"
         ecep:lem="prospect"
         ecep:pos="n1"
         ecep:reg="Prospect"
         ecep:spe="Prospect"
         ecep:syllab="2"
         ecep:pron="ˈprɒspekt">Prospect</w>
      <pc xml:id="o5154-486650"
          n="215-a-0490"
          unit="sentence"
          ecep:lem="."
          ecep:pos="."
          ecep:reg="."
          ecep:spe=".">.</pc>
   </head>
   <byline>
      <w xml:id="o5154-486680"
         n="215-a-0500"
         ecep:lem="by"
         ecep:pos="p-acp"
         ecep:reg="By"
         ecep:spe="By"
         ecep:syllab="1"
         ecep:pron="baɪ">By</w>
      <c> </c>
      <w xml:id="o5154-486690"
         n="215-a-0510"
         ecep:lem="the"
         ecep:pos="dt"
         ecep:reg="the"
         ecep:spe="the"
         ecep:syllab="1"
         ecep:pron="ðiː">the</w>
      <c> </c>
      <w xml:id="o5154-486700"
         n="215-a-0520"
         ecep:lem="same"
         ecep:pos="d"
         ecep:reg="Same"
         ecep:spe="Same"
         ecep:syllab="1"
         ecep:pron="seɪm">Same</w>
      <pc xml:id="o5154-486710"
          n="215-a-0530"
          unit="sentence"
          ecep:lem="."
          ecep:pos="."
          ecep:reg="."
          ecep:spe=".">.</pc>
   </byline>
   <lg xml:id="o5154-s02140">
      <l xml:id="o5154-l25735">
         <w xml:id="o5154-486740"
            n="215-a-0540"
            ecep:lem="in"
            ecep:pos="p-acp"
            ecep:reg="IN"
            ecep:spe="IN"
            ecep:syllab="1"
            ecep:pron="ɪn">IN</w>
         <c> </c>
         <w xml:id="o5154-486750"
            n="215-a-0550"
            ecep:lem="plaintive"
            ecep:pos="j"
            ecep:reg="plaintive"
            ecep:spe="plaintive"
            ecep:syllab="2"
            ecep:pron="ˈpleɪntɪv">plaintive</w>
         <c> </c>
         <w xml:id="o5154-486760"
            n="215-a-0560"
            ecep:lem="sound"
            ecep:pos="n2"
            ecep:reg="sounds"
            ecep:spe="sounds"
            ecep:syllab="1"
            ecep:pron="saʊndz">sounds</w>
         <pc xml:id="o5154-486770"
             n="215-a-0570"
             ecep:lem=","
             ecep:pos=","
             ecep:reg=","
             ecep:spe=",">,</pc>
         <c> </c>
         <w xml:id="o5154-486780"
            n="215-a-0580"
            ecep:lem="that"
            ecep:pos="cst"
            ecep:reg="that"
            ecep:spe="that"
            ecep:syllab="1"
            ecep:pron="ðæt">that</w>
         <c> </c>
         <w xml:id="o5154-486790"
            n="215-a-0590"
            ecep:lem="tune"
            ecep:pos="vvd"
            ecep:reg="tuned"
            ecep:spe="tun'd"
            ecep:syllab="1"
            ecep:pron="tʃuːnd">tun'd</w>
         <c> </c>
         <w xml:id="o5154-486800"
            n="215-a-0600"
            ecep:lem="to"
            ecep:pos="p-acp"
            ecep:reg="to"
            ecep:spe="to"
            ecep:syllab="1"
            ecep:pron="tuː">to</w>
         <c> </c>
         <w xml:id="o5154-486810"
            n="215-a-0610"
            ecep:lem="woe"
            ecep:pos="n1"
            ecep:reg="woe"
            ecep:spe="woe"
            ecep:syllab="1"
            ecep:pron="wəʊ">woe</w>
      </l>
      <l xml:id="o5154-l25740">
         <w xml:id="o5154-486820"
            n="215-a-0620"
            ecep:lem="the"
            ecep:pos="dt"
            ecep:reg="The"
            ecep:spe="The"
            ecep:syllab="1"
            ecep:pron="ðiː">The</w>
         <c> </c>
         <w xml:id="o5154-486830"
            n="215-a-0630"
            ecep:lem="sad"
            ecep:pos="av-j"
            ecep:reg="sadly"
            ecep:spe="sadly"
            ecep:syllab="2"
            ecep:pron="sædli">sadly</w>
         <c> </c>
         <w xml:id="o5154-486840"
            n="215-a-0640"
            ecep:lem="sigh"
            ecep:pos="j-vvg"
            ecep:reg="sighing"
            ecep:spe="sighing"
            ecep:syllab="2"
            ecep:pron="saɪɪŋ">sighing</w>
         <c> </c>
         <w xml:id="o5154-486850"
            n="215-a-0650"
            ecep:lem="breeze"
            ecep:pos="n1"
            ecep:reg="breeze"
            ecep:spe="breeze"
            ecep:syllab="1"
            ecep:pron="briːz">breeze</w>
         <pc xml:id="o5154-486860"
             n="215-a-0660"
             ecep:lem=","
             ecep:pos=","
             ecep:reg=","
             ecep:spe=",">,</pc>
      </l>
      <l xml:id="o5154-l25745">
         <w xml:id="o5154-486870"
            n="215-a-0670"
            ecep:lem="a"
            ecep:pos="dt"
            ecep:reg="A"
            ecep:spe="A"
            ecep:syllab="1"
            ecep:pron="ə">A</w>
         <c> </c>
         <w xml:id="o5154-486880"
            n="215-a-0680"
            ecep:lem="weep"
            ecep:pos="j-vvg"
            ecep:reg="weeping"
            ecep:spe="weeping"
            ecep:syllab="2"
            ecep:pron="wiːpɪŋ">weeping</w>
         <c> </c>
         <w xml:id="o5154-486890"
            n="215-a-0690"
            ecep:lem="hamadryad"
            ecep:pos="n1"
            ecep:reg="HAMADRYAD"
            ecep:spe="HAMADRYAD"
            ecep:syllab="4"
            ecep:pron="ˌhæməˈdraɪəd">HAMADRYAD</w>
         <c> </c>
         <w xml:id="o5154-486900"
            n="215-a-0700"
            ecep:lem="mourn"
            ecep:pos="vvd"
            ecep:reg="mourned"
            ecep:spe="mourn'd"
            ecep:syllab="1"
            ecep:pron="mɔːnd">mourn'd</w>
      </l>
      <l xml:id="o5154-l25750">
         <w xml:id="o5154-486910"
            n="215-a-0710"
            ecep:lem="her"
            ecep:pos="po31"
            ecep:reg="Her"
            ecep:spe="Her"
            ecep:syllab="1"
            ecep:pron="hɜː">Her</w>
         <c> </c>
         <w xml:id="o5154-486920"
            n="215-a-0720"
            ecep:lem="fate-devoted"
            ecep:pos="j"
            ecep:reg="fate-devoted"
            ecep:spe="fate-devoted"
            ecep:syllab="4"
            ecep:pron="feɪtˌdɪˈvəʊtɪd">fate-devoted</w>
         <c> </c>
         <w xml:id="o5154-486930"
            n="215-a-0730"
            ecep:lem="tree"
            ecep:pos="n2"
            ecep:reg="trees"
            ecep:spe="trees"
            ecep:syllab="1"
            ecep:pron="triːz">trees</w>
         <pc xml:id="o5154-486940"
             n="215-a-0740"
             unit="sentence"
             ecep:lem="."
             ecep:pos="."
             ecep:reg="."
             ecep:spe=".">.</pc>
      </l>
   </lg>
   <lg xml:id="o5154-s02145">
      <l xml:id="o5154-l25755">
         <w xml:id="o5154-486970"
            n="215-a-0750"
            ecep:lem="ah"
            ecep:pos="uh"
            ecep:reg="Ah"
            ecep:spe="Ah"
            ecep:syllab="1"
            ecep:pron="ɑː">Ah</w>
         <pc xml:id="o5154-486971"
             n="215-a-0751"
             ecep:lem="!"
             ecep:pos="!"
             ecep:reg="!"
             ecep:spe="!">!</pc>
         <c> </c>
         <w xml:id="o5154-486980"
            n="215-a-0760"
            ecep:lem="stop"
            ecep:pos="vvb"
            ecep:reg="stop"
            ecep:spe="stop"
            ecep:syllab="1"
            ecep:pron="stɒp">stop</w>
         <c> </c>
         <w xml:id="o5154-486990"
            n="215-a-0770"
            ecep:lem="thy"
            ecep:pos="po21"
            ecep:reg="thy"
            ecep:spe="thy"
            ecep:syllab="1"
            ecep:pron="ðaɪ">thy</w>
         <c> </c>
         <w xml:id="o5154-487000"
            n="215-a-0780"
            ecep:lem="sacrilegious"
            ecep:pos="j"
            ecep:reg="sacrilegious"
            ecep:spe="sacrilegious"
            ecep:syllab="4"
            ecep:pron="ˌsækrɪˈlɪdʒəs">sacrilegious</w>
         <c> </c>
         <w xml:id="o5154-487010"
            n="215-a-0790"
            ecep:lem="hand"
            ecep:pos="n1"
            ecep:reg="hand"
            ecep:spe="hand"
            ecep:syllab="1"
            ecep:pron="hænd">hand</w>
         <pc xml:id="o5154-487020"
             n="215-a-0800"
             ecep:lem=","
             ecep:pos=","
             ecep:reg=","
             ecep:spe=",">,</pc>
      </l>
      <l xml:id="o5154-l25760">
         <w xml:id="o5154-487030"
            n="215-a-0810"
            ecep:lem="nor"
            ecep:pos="ccx"
            ecep:reg="Nor"
            ecep:spe="Nor"
            ecep:syllab="1"
            ecep:pron="nɔː">Nor</w>
         <c> </c>
         <w xml:id="o5154-487040"
            n="215-a-0820"
            ecep:lem="violate"
            ecep:pos="vvb"
            ecep:reg="violate"
            ecep:spe="violate"
            ecep:syllab="3"
            ecep:pron="ˈvaɪəlɪt">violate</w>
         <c> </c>
         <w xml:id="o5154-487050"
            n="215-a-0830"
            ecep:lem="the"
            ecep:pos="dt"
            ecep:reg="the"
            ecep:spe="the"
            ecep:syllab="1"
            ecep:pron="ðiː">the</w>
         <c> </c>
         <w xml:id="o5154-487060"
            n="215-a-0840"
            ecep:lem="shade"
            ecep:pos="n1"
            ecep:reg="shade"
            ecep:spe="shade"
            ecep:syllab="1"
            ecep:pron="ʃeɪd">shade</w>
         <pc xml:id="o5154-487070"
             n="215-a-0850"
             ecep:lem=","
             ecep:pos=","
             ecep:reg=","
             ecep:spe=",">,</pc>
      </l>
      <l xml:id="o5154-l25765">
         <w xml:id="o5154-487080"
            n="215-a-0860"
            ecep:lem="where"
            ecep:pos="q-crq"
            ecep:reg="Where"
            ecep:spe="Where"
            ecep:syllab="1"
            ecep:pron="weə">Where</w>
         <c> </c>
         <w xml:id="o5154-487090"
            n="215-a-0870"
            ecep:lem="nature"
            ecep:pos="n1"
            ecep:reg="Nature"
            ecep:spe="Nature"
            ecep:syllab="2"
            ecep:pron="ˈneɪtʃə">Nature</w>
         <c> </c>
         <w xml:id="o5154-487100"
            n="215-a-0880"
            ecep:lem="form"
            ecep:pos="vvd"
            ecep:reg="formed"
            ecep:spe="form'd"
            ecep:syllab="1"
            ecep:pron="fɔːmd">form'd</w>
         <c> </c>
         <w xml:id="o5154-487110"
            n="215-a-0890"
            ecep:lem="a"
            ecep:pos="dt"
            ecep:reg="a"
            ecep:spe="a"
            ecep:syllab="1"
            ecep:pron="ə">a</w>
         <c> </c>
         <w xml:id="o5154-487120"
            n="215-a-0900"
            ecep:lem="silent"
            ecep:pos="j"
            ecep:reg="silent"
            ecep:spe="silent"
            ecep:syllab="2"
            ecep:pron="ˈsaɪlənt">silent</w>
         <c> </c>
         <w xml:id="o5154-487130"
            n="215-a-0910"
            ecep:lem="haunt"
            ecep:pos="n1"
            ecep:reg="haunt"
            ecep:spe="haunt"
            ecep:syllab="1"
            ecep:pron="hɔːnt">haunt</w>
      </l>
      <l xml:id="o5154-l25770">
         <w xml:id="o5154-487140"
            n="215-a-0920"
            ecep:lem="for"
            ecep:pos="p-acp"
            ecep:reg="For"
            ecep:spe="For"
            ecep:syllab="1"
            ecep:pron="fɔː">For</w>
         <c> </c>
         <w xml:id="o5154-487150"
            n="215-a-0930"
            ecep:lem="contemplation"
            ecep:pos="ng1"
            ecep:reg="Contemplation's"
            ecep:spe="Contemplation's"
            ecep:syllab="4"
            ecep:pron="ˌkɒntəmˈpleɪʃnz">Contemplation's</w>
         <c> </c>
         <w xml:id="o5154-487160"
            n="215-a-0940"
            ecep:lem="aid"
            ecep:pos="n1"
            ecep:reg="aid"
            ecep:spe="aid"
            ecep:syllab="1"
            ecep:pron="eɪd">aid</w>
         <pc xml:id="o5154-487170"
             n="215-a-0950"
             unit="sentence"
             ecep:lem="."
             ecep:pos="."
             ecep:reg="."
             ecep:spe=".">.</pc>
      </l>
   </lg>
   <lg xml:id="o5154-s02150">
      <l xml:id="o5154-l25775">
         <w xml:id="o5154-487200"
            n="215-a-0960"
            ecep:lem="can"
            ecep:pos="vm2"
            ecep:reg="Canst"
            ecep:spe="Can'st"
            ecep:syllab="1"
            ecep:pron="kænst">Can'st</w>
         <c> </c>
         <w xml:id="o5154-487210"
            n="215-a-0970"
            ecep:lem="thou"
            ecep:pos="pns21"
            ecep:reg="thou"
            ecep:spe="thou"
            ecep:syllab="1"
            ecep:pron="θaʊ">thou</w>
         <pc xml:id="o5154-487220"
             n="215-a-0980"
             ecep:lem=","
             ecep:pos=","
             ecep:reg=","
             ecep:spe=",">,</pc>
         <c> </c>
         <w xml:id="o5154-487230"
            n="215-a-0990"
            ecep:lem="the"
            ecep:pos="dt"
            ecep:reg="the"
            ecep:spe="the"
            ecep:syllab="1"
            ecep:pron="ðiː">the</w>
         <c> </c>
         <w xml:id="o5154-487240"
            n="215-a-1000"
            ecep:lem="son"
            ecep:pos="n1"
            ecep:reg="son"
            ecep:spe="son"
            ecep:syllab="1"
            ecep:pron="sʌn">son</w>
         <c> </c>
         <w xml:id="o5154-487250"
            n="215-a-1010"
            ecep:lem="of"
            ecep:pos="pp-f"
            ecep:reg="of"
            ecep:spe="of"
            ecep:syllab="1"
            ecep:pron="ɒv">of</w>
         <c> </c>
         <w xml:id="o5154-487260"
            n="215-a-1020"
            ecep:lem="science"
            ecep:pos="n1"
            ecep:reg="Science"
            ecep:spe="Science"
            ecep:syllab="2"
            ecep:pron="ˈsaɪəns">Science</w>
         <pc xml:id="o5154-487270"
             n="215-a-1030"
             ecep:lem=","
             ecep:pos=","
             ecep:reg=","
             ecep:spe=",">,</pc>
         <c> </c>
         <w xml:id="o5154-487280"
            n="215-a-1040"
            ecep:lem="breed"
            ecep:pos="vvn"
            ecep:reg="bred"
            ecep:spe="bred"
            ecep:syllab="1"
            ecep:pron="bred">bred</w>
      </l>
      <l xml:id="o5154-l25780">
         <w xml:id="o5154-487290"
            n="215-a-1050"
            ecep:lem="where"
            ecep:pos="c-crq"
            ecep:reg="Where"
            ecep:spe="Where"
            ecep:syllab="1"
            ecep:pron="weə">Where</w>
         <c> </c>
         <w xml:id="o5154-487300"
            n="215-a-1060"
            ecep:lem="learned"
            ecep:pos="j"
            ecep:reg="learnt"
            ecep:spe="learned"
            ecep:syllab="2"
            ecep:pron="ˈlɜːnɪd">learned</w>
         <c> </c>
         <w xml:id="o5154-487310"
            n="215-a-1070"
            ecep:lem="Isis"
            ecep:pos="np1"
            ecep:reg="Isis"
            ecep:spe="Isis"
            ecep:syllab="2"
            ecep:pron="ˈɪsiz">Isis</w>
         <c> </c>
         <w xml:id="o5154-487320"
            n="215-a-1080"
            ecep:lem="flow"
            ecep:pos="vvz"
            ecep:reg="flows"
            ecep:spe="flows"
            ecep:syllab="1"
            ecep:pron="fləʊz">flows</w>
         <pc xml:id="o5154-487330"
             n="215-a-1090"
             ecep:lem=","
             ecep:pos=","
             ecep:reg=","
             ecep:spe=",">,</pc>
      </l>
      <l xml:id="o5154-l25785">
         <w xml:id="o5154-487340"
            n="215-a-1100"
            ecep:lem="forget"
            ecep:pos="vvb"
            ecep:reg="Forget"
            ecep:spe="Forget"
            ecep:syllab="2"
            ecep:pron="fəˈget">Forget</w>
         <c> </c>
         <w xml:id="o5154-487350"
            n="215-a-1110"
            ecep:lem="that"
            ecep:pos="d"
            ecep:reg="that"
            ecep:spe="that"
            ecep:syllab="1"
            ecep:pron="ðæt">that</w>
         <pc xml:id="o5154-487360"
             n="215-a-1120"
             ecep:lem=","
             ecep:pos=","
             ecep:reg=","
             ecep:spe=",">,</pc>
         <c> </c>
         <w xml:id="o5154-487370"
            n="215-a-1130"
            ecep:lem="nurse"
            ecep:pos="vvd"
            ecep:reg="nursed"
            ecep:spe="nurs'd"
            ecep:syllab="1"
            ecep:pron="nɜːst">nurs'd</w>
         <c> </c>
         <w xml:id="o5154-487380"
            n="215-a-1140"
            ecep:lem="in"
            ecep:pos="p-acp"
            ecep:reg="in"
            ecep:spe="in"
            ecep:syllab="1"
            ecep:pron="ɪn">in</w>
         <c> </c>
         <w xml:id="o5154-487390"
            n="215-a-1150"
            ecep:lem="shelter"
            ecep:pos="j-vvg"
            ecep:reg="sheltering"
            ecep:spe="shelt'ring"
            ecep:syllab="2"
            ecep:pron="ʃˈeltrɪŋ">shelt'ring</w>
         <c> </c>
         <w xml:id="o5154-487400"
            n="215-a-1160"
            ecep:lem="grove"
            ecep:pos="n2"
            ecep:reg="groves"
            ecep:spe="groves"
            ecep:syllab="1"
            ecep:pron="grəʊvz">groves</w>
         <pc xml:id="o5154-487410"
             n="215-a-1170"
             ecep:lem=","
             ecep:pos=","
             ecep:reg=","
             ecep:spe=",">,</pc>
      </l>
      <l xml:id="o5154-l25790">
         <w xml:id="o5154-487420"
            n="215-a-1180"
            ecep:lem="the"
            ecep:pos="dt"
            ecep:reg="The"
            ecep:spe="The"
            ecep:syllab="1"
            ecep:pron="ðiː">The</w>
         <c> </c>
         <w xml:id="o5154-487430"
            n="215-a-1190"
            ecep:lem="grecian"
            ecep:pos="jp"
            ecep:reg="Graecian"
            ecep:spe="Grecian"
            ecep:syllab="2"
            ecep:pron="grˈeʃiən">Grecian</w>
         <c> </c>
         <w xml:id="o5154-487440"
            n="215-a-1200"
            ecep:lem="genius"
            ecep:pos="n1"
            ecep:reg="genius"
            ecep:spe="genius"
            ecep:syllab="2"
            ecep:pron="ˈdʒiːniəs">genius</w>
         <c> </c>
         <w xml:id="o5154-487450"
            n="215-a-1210"
            ecep:lem="rose"
            ecep:pos="n1"
            ecep:reg="rose"
            ecep:spe="rose"
            ecep:syllab="1"
            ecep:pron="rəʊz">rose</w>
         <pc xml:id="o5154-487460"
             n="215-a-1220"
             unit="sentence"
             ecep:lem="?"
             ecep:pos="?"
             ecep:reg="?"
             ecep:spe="?">?</pc>
      </l>
   </lg>
   <pb facs="o5154/0219_L" n="214" rend="none"/>
   <lg xml:id="o5154-s02155">
      <l xml:id="o5154-l25795">
         <w xml:id="o5154-487490"
            n="216-a-0010"
            ecep:lem="within"
            ecep:pos="p-acp"
            ecep:reg="Within"
            ecep:spe="Within"
            ecep:syllab="2"
            ecep:pron="wɪˈðɪn">Within</w>
         <c> </c>
         <w xml:id="o5154-487500"
            n="216-a-0020"
            ecep:lem="the"
            ecep:pos="dt"
            ecep:reg="the"
            ecep:spe="the"
            ecep:syllab="1"
            ecep:pron="ðiː">the</w>
         <c> </c>
         <w xml:id="o5154-487510"
            n="216-a-0030"
            ecep:lem="plantane's"
            ecep:pos="fw-la"
            ecep:reg="plantane's"
            ecep:spe="plantane's"
            ecep:syllab="3"
            ecep:pron="plˈænteɪnz">plantane's</w>
         <c> </c>
         <w xml:id="o5154-487520"
            n="216-a-0040"
            ecep:lem="spread"
            ecep:pos="vvg"
            ecep:reg="spreading"
            ecep:spe="spreading"
            ecep:syllab="2"
            ecep:pron="spredɪŋ">spreading</w>
         <c> </c>
         <w xml:id="o5154-487530"
            n="216-a-0050"
            ecep:lem="shade"
            ecep:pos="vvi"
            ecep:reg="shade"
            ecep:spe="shade"
            ecep:syllab="1"
            ecep:pron="ʃeɪd">shade</w>
         <pc xml:id="o5154-487540"
             n="216-a-0060"
             ecep:lem=","
             ecep:pos=","
             ecep:reg=","
             ecep:spe=",">,</pc>
      </l>
      <l xml:id="o5154-l25800">
         <w xml:id="o5154-487550"
            n="216-a-0070"
            ecep:lem="immortal"
            ecep:pos="j"
            ecep:reg="Immortal"
            ecep:spe="Immortal"
            ecep:syllab="3"
            ecep:pron="ɪˈmɔːtl">Immortal</w>
         <c> </c>
         <w xml:id="o5154-487560"
            n="216-a-0080"
            ecep:lem="Plato"
            ecep:pos="np1"
            ecep:reg="PLATO"
            ecep:spe="PLATO"
            ecep:syllab="2"
            ecep:pron="ˈpleɪtəʊ">PLATO</w>
         <c> </c>
         <w xml:id="o5154-487570"
            n="216-a-0090"
            ecep:lem="teach"
            ecep:pos="vvn"
            ecep:reg="taught"
            ecep:spe="taught"
            ecep:syllab="1"
            ecep:pron="tɔːt">taught</w>
         <pc xml:id="o5154-487580"
             n="216-a-0100"
             ecep:lem=";"
             ecep:pos=";"
             ecep:reg=";"
             ecep:spe=";">;</pc>
      </l>
      <l xml:id="o5154-l25805">
         <w xml:id="o5154-487590"
            n="216-a-0110"
            ecep:lem="and"
            ecep:pos="cc"
            ecep:reg="And"
            ecep:spe="And"
            ecep:syllab="1"
            ecep:pron="ænd">And</w>
         <c> </c>
         <w xml:id="o5154-487600"
            n="216-a-0120"
            ecep:lem="fair"
            ecep:pos="j"
            ecep:reg="fair"
            ecep:spe="fair"
            ecep:syllab="1"
            ecep:pron="feə">fair</w>
         <c> </c>
         <w xml:id="o5154-487610"
            n="216-a-0130"
            ecep:lem="lyceum"
            ecep:pos="n1"
            ecep:reg="LYCEUM"
            ecep:spe="LYCEUM"
            ecep:syllab="3"
            ecep:pron="laɪˈsiːəm">LYCEUM</w>
         <c> </c>
         <w xml:id="o5154-487620"
            n="216-a-0140"
            ecep:lem="form"
            ecep:pos="vvd"
            ecep:reg="formed"
            ecep:spe="form'd"
            ecep:syllab="1"
            ecep:pron="fɔːmd">form'd</w>
         <c> </c>
         <w xml:id="o5154-487630"
            n="216-a-0150"
            ecep:lem="the"
            ecep:pos="dt"
            ecep:reg="the"
            ecep:spe="the"
            ecep:syllab="1"
            ecep:pron="ðiː">the</w>
         <c> </c>
         <w xml:id="o5154-487640"
            n="216-a-0160"
            ecep:lem="depth"
            ecep:pos="n1"
            ecep:reg="depth"
            ecep:spe="depth"
            ecep:syllab="1"
            ecep:pron="depθ">depth</w>
      </l>
      <l xml:id="o5154-l25810">
         <w xml:id="o5154-487650"
            n="216-a-0170"
            ecep:lem="of"
            ecep:pos="pp-f"
            ecep:reg="Of"
            ecep:spe="Of"
            ecep:syllab="1"
            ecep:pron="ɒv">Of</w>
         <c> </c>
         <w xml:id="o5154-487660"
            n="216-a-0180"
            ecep:lem="aristotle"
            ecep:pos="npg1"
            ecep:reg="ARISTOTLE'S"
            ecep:spe="ARISTOTLE'S"
            ecep:syllab="4"
            ecep:pron="ˌærɪˈstɒtlz">ARISTOTLE'S</w>
         <c> </c>
         <w xml:id="o5154-487670"
            n="216-a-0190"
            ecep:lem="thought"
            ecep:pos="n1"
            ecep:reg="thought"
            ecep:spe="thought"
            ecep:syllab="1"
            ecep:pron="θɔːt">thought</w>
         <pc xml:id="o5154-487680"
             n="216-a-0200"
             unit="sentence"
             ecep:lem="."
             ecep:pos="."
             ecep:reg="."
             ecep:spe=".">.</pc>
      </l>
   </lg>
   <lg xml:id="o5154-s02160">
      <l xml:id="o5154-l25815">
         <w xml:id="o5154-487710"
            n="216-a-0210"
            ecep:lem="to"
            ecep:pos="p-acp"
            ecep:reg="To"
            ecep:spe="To"
            ecep:syllab="1"
            ecep:pron="tuː">To</w>
         <c> </c>
         <w xml:id="o5154-487720"
            n="216-a-0220"
            ecep:lem="latian"
            ecep:pos="jp"
            ecep:reg="Latian"
            ecep:spe="Latian"
            ecep:syllab="2"
            ecep:pron="lˈeɪʃən">Latian</w>
         <c> </c>
         <w xml:id="o5154-487730"
            n="216-a-0230"
            ecep:lem="grove"
            ecep:pos="n2"
            ecep:reg="groves"
            ecep:spe="groves"
            ecep:syllab="1"
            ecep:pron="grəʊvz">groves</w>
         <c> </c>
         <w xml:id="o5154-487740"
            n="216-a-0240"
            ecep:lem="reflect"
            ecep:pos="vvb"
            ecep:reg="reflect"
            ecep:spe="reflect"
            ecep:syllab="2"
            ecep:pron="rɪˈflekt">reflect</w>
         <c> </c>
         <w xml:id="o5154-487750"
            n="216-a-0250"
            ecep:lem="thy"
            ecep:pos="po21"
            ecep:reg="thy"
            ecep:spe="thy"
            ecep:syllab="1"
            ecep:pron="ðaɪ">thy</w>
         <c> </c>
         <w xml:id="o5154-487760"
            n="216-a-0260"
            ecep:lem="view"
            ecep:pos="n2"
            ecep:reg="views"
            ecep:spe="views"
            ecep:syllab="1"
            ecep:pron="vjuːz">views</w>
         <pc xml:id="o5154-487770"
             n="216-a-0270"
             ecep:lem=","
             ecep:pos=","
             ecep:reg=","
             ecep:spe=",">,</pc>
      </l>
      <l xml:id="o5154-l25820">
         <w xml:id="o5154-487780"
            n="216-a-0280"
            ecep:lem="and"
            ecep:pos="cc"
            ecep:reg="And"
            ecep:spe="And"
            ecep:syllab="1"
            ecep:pron="ænd">And</w>
         <c> </c>
         <w xml:id="o5154-487790"
            n="216-a-0290"
            ecep:lem="bless"
            ecep:pos="vvb"
            ecep:reg="bless"
            ecep:spe="bless"
            ecep:syllab="1"
            ecep:pron="bles">bless</w>
         <c> </c>
         <w xml:id="o5154-487800"
            n="216-a-0300"
            ecep:lem="the"
            ecep:pos="dt"
            ecep:reg="the"
            ecep:spe="the"
            ecep:syllab="1"
            ecep:pron="ðiː">the</w>
         <c> </c>
         <w xml:id="o5154-487810"
            n="216-a-0310"
            ecep:lem="Tuscan"
            ecep:pos="np1"
            ecep:reg="Tuscan"
            ecep:spe="Tuscan"
            ecep:syllab="2"
            ecep:pron="tʌskən">Tuscan</w>
         <c> </c>
         <w xml:id="o5154-487820"
            n="216-a-0320"
            ecep:lem="bloom"
            ecep:pos="n1"
            ecep:reg="bloom"
            ecep:spe="bloom"
            ecep:syllab="1"
            ecep:pron="bluːm">bloom</w>
         <pc xml:id="o5154-487830"
             n="216-a-0330"
             ecep:lem=";"
             ecep:pos=";"
             ecep:reg=";"
             ecep:spe=";">;</pc>
      </l>
      <l xml:id="o5154-l25825">
         <w xml:id="o5154-487840"
            n="216-a-0340"
            ecep:lem="where"
            ecep:pos="q-crq"
            ecep:reg="Where"
            ecep:spe="Where"
            ecep:syllab="1"
            ecep:pron="weə">Where</w>
         <c> </c>
         <w xml:id="o5154-487850"
            n="216-a-0350"
            ecep:lem="eloquence"
            ecep:pos="n1"
            ecep:reg="Eloquence"
            ecep:spe="Eloquence"
            ecep:syllab="3"
            ecep:pron="ˈeləkwəns">Eloquence</w>
         <c> </c>
         <w xml:id="o5154-487860"
            n="216-a-0360"
            ecep:lem="deplore"
            ecep:pos="vvd"
            ecep:reg="deplored"
            ecep:spe="deplor'd"
            ecep:syllab="2"
            ecep:pron="dɪˈplɔːd">deplor'd</w>
         <c> </c>
         <w xml:id="o5154-487870"
            n="216-a-0370"
            ecep:lem="the"
            ecep:pos="dt"
            ecep:reg="the"
            ecep:spe="the"
            ecep:syllab="1"
            ecep:pron="ðiː">the</w>
         <c> </c>
         <w xml:id="o5154-487880"
            n="216-a-0380"
            ecep:lem="fate"
            ecep:pos="n1"
            ecep:reg="fate"
            ecep:spe="fate"
            ecep:syllab="1"
            ecep:pron="feɪt">fate</w>
      </l>
      <l xml:id="o5154-l25830">
         <w xml:id="o5154-487890"
            n="216-a-0390"
            ecep:lem="of"
            ecep:pos="pp-f"
            ecep:reg="Of"
            ecep:spe="Of"
            ecep:syllab="1"
            ecep:pron="ɒv">Of</w>
         <c> </c>
         <w xml:id="o5154-487900"
            n="216-a-0400"
            ecep:lem="liberty"
            ecep:pos="n1"
            ecep:reg="Liberty"
            ecep:spe="Liberty"
            ecep:syllab="3"
            ecep:pron="ˈlɪbəti">Liberty</w>
         <c> </c>
         <w xml:id="o5154-487910"
            n="216-a-0410"
            ecep:lem="and"
            ecep:pos="cc"
            ecep:reg="and"
            ecep:spe="and"
            ecep:syllab="1"
            ecep:pron="ænd">and</w>
         <c> </c>
         <w xml:id="o5154-487920"
            n="216-a-0420"
            ecep:lem="Rome"
            ecep:pos="np1"
            ecep:reg="Rome"
            ecep:spe="Rome"
            ecep:syllab="1"
            ecep:pron="ˈrəʊm">Rome</w>
         <pc xml:id="o5154-487930"
             n="216-a-0430"
             unit="sentence"
             ecep:lem="."
             ecep:pos="."
             ecep:reg="."
             ecep:spe=".">.</pc>
      </l>
   </lg>
   <lg xml:id="o5154-s02165">
      <l xml:id="o5154-l25835">
         <w xml:id="o5154-487960"
            n="216-a-0440"
            ecep:lem="retire"
            ecep:pos="j-vvn"
            ecep:reg="Retired"
            ecep:spe="Retir'd"
            ecep:syllab="2"
            ecep:pron="rɪˈtæəd">Retir'd</w>
         <c> </c>
         <w xml:id="o5154-487970"
            n="216-a-0450"
            ecep:lem="beneath"
            ecep:pos="p-acp"
            ecep:reg="beneath"
            ecep:spe="beneath"
            ecep:syllab="2"
            ecep:pron="bɪˈniːθ">beneath</w>
         <c> </c>
         <w xml:id="o5154-487980"
            n="216-a-0460"
            ecep:lem="the"
            ecep:pos="dt"
            ecep:reg="the"
            ecep:spe="the"
            ecep:syllab="1"
            ecep:pron="ðiː">the</w>
         <c> </c>
         <w xml:id="o5154-487990"
            n="216-a-0470"
            ecep:lem="beechen"
            ecep:pos="j"
            ecep:reg="beechen"
            ecep:spe="beechen"
            ecep:syllab="2"
            ecep:pron="biːtʃn">beechen</w>
         <c> </c>
         <w xml:id="o5154-488000"
            n="216-a-0480"
            ecep:lem="shade"
            ecep:pos="n1"
            ecep:reg="shade"
            ecep:spe="shade"
            ecep:syllab="1"
            ecep:pron="ʃeɪd">shade</w>
         <pc xml:id="o5154-488010"
             n="216-a-0490"
             ecep:lem=","
             ecep:pos=","
             ecep:reg=","
             ecep:spe=",">,</pc>
      </l>
      <l xml:id="o5154-l25840">
         <w xml:id="o5154-488020"
            n="216-a-0500"
            ecep:lem="from"
            ecep:pos="p-acp"
            ecep:reg="From"
            ecep:spe="From"
            ecep:syllab="1"
            ecep:pron="frɒm">From</w>
         <c> </c>
         <w xml:id="o5154-488030"
            n="216-a-0510"
            ecep:lem="each"
            ecep:pos="d"
            ecep:reg="each"
            ecep:spe="each"
            ecep:syllab="1"
            ecep:pron="iːtʃ">each</w>
         <c> </c>
         <w xml:id="o5154-488040"
            n="216-a-0520"
            ecep:lem="inspire"
            ecep:pos="j-vvg"
            ecep:reg="inspiring"
            ecep:spe="inspiring"
            ecep:syllab="3"
            ecep:pron="ɪnˈspæəɪŋ">inspiring</w>
         <c> </c>
         <w xml:id="o5154-488050"
            n="216-a-0530"
            ecep:lem="bough"
            ecep:pos="n1"
            ecep:reg="bough"
            ecep:spe="bough"
            ecep:syllab="1"
            ecep:pron="baʊ">bough</w>
      </l>
      <l xml:id="o5154-l25845">
         <w xml:id="o5154-488060"
            n="216-a-0540"
            ecep:lem="the"
            ecep:pos="dt"
            ecep:reg="The"
            ecep:spe="The"
            ecep:syllab="1"
            ecep:pron="ðiː">The</w>
         <c> </c>
         <w xml:id="o5154-488070"
            n="216-a-0550"
            ecep:lem="muse"
            ecep:pos="n2"
            ecep:reg="Muses"
            ecep:spe="Muses"
            ecep:syllab="2"
            ecep:pron="mjuːzɪz">Muses</w>
         <c> </c>
         <w xml:id="o5154-488080"
            n="216-a-0560"
            ecep:lem="weave"
            ecep:pos="vvd"
            ecep:reg="wove"
            ecep:spe="wove"
            ecep:syllab="1"
            ecep:pron="wəʊv">wove</w>
         <c> </c>
         <w xml:id="o5154-488090"
            n="216-a-0570"
            ecep:lem="the"
            ecep:pos="dt"
            ecep:reg="the"
            ecep:spe="th'"
            ecep:syllab="0"
            ecep:pron="ð">th'</w>
         <c> </c>
         <w xml:id="o5154-488100"
            n="216-a-0580"
            ecep:lem="unfading"
            ecep:pos="j"
            ecep:reg="unfading"
            ecep:spe="unfading"
            ecep:syllab="3"
            ecep:pron="ʌnˈfeɪdɪŋ">unfading</w>
         <c> </c>
         <w xml:id="o5154-488110"
            n="216-a-0590"
            ecep:lem="wreath"
            ecep:pos="n2"
            ecep:reg="wreaths"
            ecep:spe="wreaths"
            ecep:syllab="1"
            ecep:pron="riːðz">wreaths</w>
      </l>
      <l xml:id="o5154-l25850">
         <w xml:id="o5154-488120"
            n="216-a-0600"
            ecep:lem="that"
            ecep:pos="cst"
            ecep:reg="That"
            ecep:spe="That"
            ecep:syllab="1"
            ecep:pron="ðæt">That</w>
         <c> </c>
         <w xml:id="o5154-488130"
            n="216-a-0610"
            ecep:lem="circle"
            ecep:pos="vvd"
            ecep:reg="circled"
            ecep:spe="circled"
            ecep:syllab="2"
            ecep:pron="ˈsɜːkld">circled</w>
         <c> </c>
         <w xml:id="o5154-488140"
            n="216-a-0620"
            ecep:lem="virgil"
            ecep:pos="npg1"
            ecep:reg="VIRGIL'S"
            ecep:spe="VIRGIL'S"
            ecep:syllab="2"
            ecep:pron="ˈvɜːdʒɪlz">VIRGIL'S</w>
         <c> </c>
         <w xml:id="o5154-488150"
            n="216-a-0630"
            ecep:lem="brow"
            ecep:pos="n1"
            ecep:reg="brow"
            ecep:spe="brow"
            ecep:syllab="1"
            ecep:pron="braʊ">brow</w>
         <pc xml:id="o5154-488160"
             n="216-a-0640"
             unit="sentence"
             ecep:lem="."
             ecep:pos="."
             ecep:reg="."
             ecep:spe=".">.</pc>
      </l>
   </lg>
   <lg xml:id="o5154-s02170">
      <l xml:id="o5154-l25855">
         <w xml:id="o5154-488190"
            n="216-a-0650"
            ecep:lem="reflect"
            ecep:pos="vvb"
            ecep:reg="Reflect"
            ecep:spe="Reflect"
            ecep:syllab="2"
            ecep:pron="rɪˈflekt">Reflect</w>
         <c> </c>
         <w xml:id="o5154-488200"
            n="216-a-0660"
            ecep:lem="before"
            ecep:pos="p-acp"
            ecep:reg="before"
            ecep:spe="before"
            ecep:syllab="2"
            ecep:pron="bɪˈfɔː">before</w>
         <c> </c>
         <w xml:id="o5154-488210"
            n="216-a-0670"
            ecep:lem="the"
            ecep:pos="dt"
            ecep:reg="the"
            ecep:spe="the"
            ecep:syllab="1"
            ecep:pron="ðiː">the</w>
         <c> </c>
         <w xml:id="o5154-488220"
            n="216-a-0680"
            ecep:lem="fatal"
            ecep:pos="j"
            ecep:reg="fatal"
            ecep:spe="fatal"
            ecep:syllab="2"
            ecep:pron="ˈfeɪtl">fatal</w>
         <c> </c>
         <w xml:id="o5154-488230"
            n="216-a-0690"
            ecep:lem="ax"
            ecep:pos="vvb"
            ecep:reg="axe"
            ecep:spe="ax"
            ecep:syllab="1"
            ecep:pron="æks">ax</w>
      </l>
      <l xml:id="o5154-l25860">
         <w xml:id="o5154-488240"
            n="216-a-0700"
            ecep:lem="my"
            ecep:pos="po11"
            ecep:reg="My"
            ecep:spe="My"
            ecep:syllab="1"
            ecep:pron="maɪ">My</w>
         <c> </c>
         <w xml:id="o5154-488250"
            n="216-a-0710"
            ecep:lem="threaten"
            ecep:pos="j-vvn"
            ecep:reg="threatened"
            ecep:spe="threaten'd"
            ecep:syllab="2"
            ecep:pron="ˈθretnd">threaten'd</w>
         <c> </c>
         <w xml:id="o5154-488260"
            n="216-a-0720"
            ecep:lem="doom"
            ecep:pos="n1"
            ecep:reg="doom"
            ecep:spe="doom"
            ecep:syllab="1"
            ecep:pron="duːm">doom</w>
         <c> </c>
         <w xml:id="o5154-488270"
            n="216-a-0730"
            ecep:lem="have"
            ecep:pos="vhz"
            ecep:reg="has"
            ecep:spe="has"
            ecep:syllab="1"
            ecep:pron="hæz">has</w>
         <c> </c>
         <w xml:id="o5154-488280"
            n="216-a-0740"
            ecep:lem="wrought"
            ecep:pos="vvn"
            ecep:reg="wrought"
            ecep:spe="wrought"
            ecep:syllab="1"
            ecep:pron="rɔːt">wrought</w>
         <pc xml:id="o5154-488290"
             n="216-a-0750"
             ecep:lem=";"
             ecep:pos=";"
             ecep:reg=";"
             ecep:spe=";">;</pc>
      </l>
      <l xml:id="o5154-l25865">
         <w xml:id="o5154-488300"
            n="216-a-0760"
            ecep:lem="nor"
            ecep:pos="ccx"
            ecep:reg="Nor"
            ecep:spe="Nor"
            ecep:syllab="1"
            ecep:pron="nɔː">Nor</w>
         <c> </c>
         <w xml:id="o5154-488310"
            n="216-a-0770"
            ecep:lem="sacrifice"
            ecep:pos="n1"
            ecep:reg="sacrifice"
            ecep:spe="sacrifice"
            ecep:syllab="3"
            ecep:pron="ˈsækrɪfaɪs">sacrifice</w>
         <c> </c>
         <w xml:id="o5154-488320"
            n="216-a-0780"
            ecep:lem="to"
            ecep:pos="p-acp"
            ecep:reg="to"
            ecep:spe="to"
            ecep:syllab="1"
            ecep:pron="tuː">to</w>
         <c> </c>
         <w xml:id="o5154-488330"
            n="216-a-0790"
            ecep:lem="sensual"
            ecep:pos="j"
            ecep:reg="sensual"
            ecep:spe="sensual"
            ecep:syllab="3"
            ecep:pron="ˈsensjʊəl">sensual</w>
         <c> </c>
         <w xml:id="o5154-488340"
            n="216-a-0800"
            ecep:lem="taste"
            ecep:pos="n1"
            ecep:reg="taste"
            ecep:spe="taste"
            ecep:syllab="1"
            ecep:pron="teɪst">taste</w>
      </l>
      <l xml:id="o5154-l25870">
         <w xml:id="o5154-488350"
            n="216-a-0810"
            ecep:lem="the"
            ecep:pos="dt"
            ecep:reg="The"
            ecep:spe="The"
            ecep:syllab="1"
            ecep:pron="ðiː">The</w>
         <c> </c>
         <w xml:id="o5154-488360"
            n="216-a-0820"
            ecep:lem="noble"
            ecep:pos="jc"
            ecep:reg="nobler"
            ecep:spe="nobler"
            ecep:syllab="2"
            ecep:pron="ˈnəʊblə">nobler</w>
         <c> </c>
         <w xml:id="o5154-488370"
            n="216-a-0830"
            ecep:lem="growth"
            ecep:pos="n1"
            ecep:reg="growth"
            ecep:spe="growth"
            ecep:syllab="1"
            ecep:pron="grəʊθ">growth</w>
         <c> </c>
         <w xml:id="o5154-488380"
            n="216-a-0840"
            ecep:lem="of"
            ecep:pos="pp-f"
            ecep:reg="of"
            ecep:spe="of"
            ecep:syllab="1"
            ecep:pron="ɒv">of</w>
         <c> </c>
         <w xml:id="o5154-488390"
            n="216-a-0850"
            ecep:lem="thought"
            ecep:pos="n1"
            ecep:reg="thought"
            ecep:spe="thought"
            ecep:syllab="1"
            ecep:pron="θɔːt">thought</w>
         <pc xml:id="o5154-488400"
             n="216-a-0860"
             unit="sentence"
             ecep:lem="."
             ecep:pos="."
             ecep:reg="."
             ecep:spe=".">.</pc>
      </l>
   </lg>
   <lg xml:id="o5154-s02175">
      <l xml:id="o5154-l25875">
         <w xml:id="o5154-488430"
            n="216-a-0870"
            ecep:lem="not"
            ecep:pos="xx"
            ecep:reg="Not"
            ecep:spe="Not"
            ecep:syllab="1"
            ecep:pron="nɒt">Not</w>
         <c> </c>
         <w xml:id="o5154-488440"
            n="216-a-0880"
            ecep:lem="all"
            ecep:pos="d"
            ecep:reg="all"
            ecep:spe="all"
            ecep:syllab="1"
            ecep:pron="ɔːl">all</w>
         <c> </c>
         <w xml:id="o5154-488450"
            n="216-a-0890"
            ecep:lem="the"
            ecep:pos="dt"
            ecep:reg="the"
            ecep:spe="the"
            ecep:syllab="1"
            ecep:pron="ðiː">the</w>
         <c> </c>
         <w xml:id="o5154-488460"
            n="216-a-0900"
            ecep:lem="glow"
            ecep:pos="j-vvg"
            ecep:reg="glowing"
            ecep:spe="glowing"
            ecep:syllab="2"
            ecep:pron="gləʊɪŋ">glowing</w>
         <c> </c>
         <w xml:id="o5154-488470"
            n="216-a-0910"
            ecep:lem="fruit"
            ecep:pos="n2"
            ecep:reg="fruits"
            ecep:spe="fruits"
            ecep:syllab="1"
            ecep:pron="fruːts">fruits</w>
         <c> </c>
         <w xml:id="o5154-488480"
            n="216-a-0920"
            ecep:lem="that"
            ecep:pos="cst"
            ecep:reg="that"
            ecep:spe="that"
            ecep:syllab="1"
            ecep:pron="ðæt">that</w>
         <c> </c>
         <w xml:id="o5154-488490"
            n="216-a-0930"
            ecep:lem="blush"
            ecep:pos="vvb"
            ecep:reg="blush"
            ecep:spe="blush"
            ecep:syllab="1"
            ecep:pron="blʌʃ">blush</w>
      </l>
      <l xml:id="o5154-l25880">
         <w xml:id="o5154-488500"
            n="216-a-0940"
            ecep:lem="on"
            ecep:pos="p-acp"
            ecep:reg="On"
            ecep:spe="On"
            ecep:syllab="1"
            ecep:pron="ɒn">On</w>
         <c> </c>
         <w xml:id="o5154-488510"
            n="216-a-0950"
            ecep:lem="india"
            ecep:pos="npg1"
            ecep:reg="India's"
            ecep:spe="India's"
            ecep:syllab="2"
            ecep:pron="ˈɪndiəz">India's</w>
         <c> </c>
         <w xml:id="o5154-488520"
            n="216-a-0960"
            ecep:lem="sunny"
            ecep:pos="j"
            ecep:reg="sunny"
            ecep:spe="sunny"
            ecep:syllab="2"
            ecep:pron="ˈsʌni">sunny</w>
         <c> </c>
         <w xml:id="o5154-488530"
            n="216-a-0970"
            ecep:lem="coast"
            ecep:pos="n1"
            ecep:reg="coast"
            ecep:spe="coast"
            ecep:syllab="1"
            ecep:pron="kəʊst">coast</w>
         <pc xml:id="o5154-488540"
             n="216-a-0980"
             ecep:lem=","
             ecep:pos=","
             ecep:reg=","
             ecep:spe=",">,</pc>
      </l>
      <l xml:id="o5154-l25885">
         <w xml:id="o5154-488550"
            n="216-a-0990"
            ecep:lem="can"
            ecep:pos="vmb"
            ecep:reg="Can"
            ecep:spe="Can"
            ecep:syllab="1"
            ecep:pron="kæn">Can</w>
         <c> </c>
         <w xml:id="o5154-488560"
            n="216-a-1000"
            ecep:lem="recompense"
            ecep:pos="vvi"
            ecep:reg="recompense"
            ecep:spe="recompence"
            ecep:syllab="3"
            ecep:pron="rˌiːkəmpˈens">recompence</w>
         <c> </c>
         <w xml:id="o5154-488570"
            n="216-a-1010"
            ecep:lem="thou"
            ecep:pos="pno21"
            ecep:reg="thee"
            ecep:spe="thee"
            ecep:syllab="1"
            ecep:pron="ðiː">thee</w>
         <c> </c>
         <w xml:id="o5154-488580"
            n="216-a-1020"
            ecep:lem="for"
            ecep:pos="p-acp"
            ecep:reg="for"
            ecep:spe="for"
            ecep:syllab="1"
            ecep:pron="fɔː">for</w>
         <c> </c>
         <w xml:id="o5154-488590"
            n="216-a-1030"
            ecep:lem="the"
            ecep:pos="dt"
            ecep:reg="the"
            ecep:spe="the"
            ecep:syllab="1"
            ecep:pron="ðiː">the</w>
         <c> </c>
         <w xml:id="o5154-488600"
            n="216-a-1040"
            ecep:lem="worth"
            ecep:pos="n1"
            ecep:reg="worth"
            ecep:spe="worth"
            ecep:syllab="1"
            ecep:pron="wɜːθ">worth</w>
      </l>
      <l xml:id="o5154-l25890">
         <w xml:id="o5154-488610"
            n="216-a-1050"
            ecep:lem="of"
            ecep:pos="pp-f"
            ecep:reg="Of"
            ecep:spe="Of"
            ecep:syllab="1"
            ecep:pron="ɒv">Of</w>
         <c> </c>
         <w xml:id="o5154-488620"
            n="216-a-1060"
            ecep:lem="one"
            ecep:pos="crd"
            ecep:reg="one"
            ecep:spe="one"
            ecep:syllab="1"
            ecep:pron="wʌn">one</w>
         <c> </c>
         <w xml:id="o5154-488630"
            n="216-a-1070"
            ecep:lem="idea"
            ecep:pos="n1"
            ecep:reg="idea"
            ecep:spe="idea"
            ecep:syllab="3"
            ecep:pron="aɪˈdɪə">idea</w>
         <c> </c>
         <w xml:id="o5154-488640"
            n="216-a-1080"
            ecep:lem="lose"
            ecep:pos="vvn"
            ecep:reg="lost"
            ecep:spe="lost"
            ecep:syllab="1"
            ecep:pron="lɒst">lost</w>
         <pc xml:id="o5154-488650"
             n="216-a-1090"
             unit="sentence"
             ecep:lem="."
             ecep:pos="."
             ecep:reg="."
             ecep:spe=".">.</pc>
      </l>
   </lg>
   <lg xml:id="o5154-s02180">
      <l xml:id="o5154-l25895">
         <w xml:id="o5154-488680"
            n="216-a-1100"
            ecep:lem="my"
            ecep:pos="po11"
            ecep:reg="My"
            ecep:spe="My"
            ecep:syllab="1"
            ecep:pron="maɪ">My</w>
         <c> </c>
         <w xml:id="o5154-488690"
            n="216-a-1110"
            ecep:lem="shade"
            ecep:pos="n1"
            ecep:reg="shade"
            ecep:spe="shade"
            ecep:syllab="1"
            ecep:pron="ʃeɪd">shade</w>
         <c> </c>
         <w xml:id="o5154-488700"
            n="216-a-1120"
            ecep:lem="a"
            ecep:pos="dt"
            ecep:reg="a"
            ecep:spe="a"
            ecep:syllab="1"
            ecep:pron="ə">a</w>
         <c> </c>
         <w xml:id="o5154-488710"
            n="216-a-1130"
            ecep:lem="produce"
            ecep:pos="n1"
            ecep:reg="produce"
            ecep:spe="produce"
            ecep:syllab="2"
            ecep:pron="ˈprɒdʒuːs">produce</w>
         <c> </c>
         <w xml:id="o5154-488720"
            n="216-a-1140"
            ecep:lem="may"
            ecep:pos="vmb"
            ecep:reg="may"
            ecep:spe="may"
            ecep:syllab="1"
            ecep:pron="meɪ">may</w>
         <c> </c>
         <w xml:id="o5154-488730"
            n="216-a-1150"
            ecep:lem="supply"
            ecep:pos="vvi"
            ecep:reg="supply"
            ecep:spe="supply"
            ecep:syllab="2"
            ecep:pron="səˈplaɪ">supply</w>
         <pc xml:id="o5154-488740"
             n="216-a-1160"
             ecep:lem=","
             ecep:pos=","
             ecep:reg=","
             ecep:spe=",">,</pc>
      </l>
      <l xml:id="o5154-l25900">
         <w xml:id="o5154-488750"
            n="216-a-1170"
            ecep:lem="unknown"
            ecep:pos="j"
            ecep:reg="Unknown"
            ecep:spe="Unknown"
            ecep:syllab="2"
            ecep:pron="ʌnˈnəʊn">Unknown</w>
         <c> </c>
         <w xml:id="o5154-488760"
            n="216-a-1180"
            ecep:lem="to"
            ecep:pos="p-acp"
            ecep:reg="to"
            ecep:spe="to"
            ecep:syllab="1"
            ecep:pron="tuː">to</w>
         <c> </c>
         <w xml:id="o5154-488770"
            n="216-a-1190"
            ecep:lem="solar"
            ecep:pos="j"
            ecep:reg="solar"
            ecep:spe="solar"
            ecep:syllab="2"
            ecep:pron="ˈsəʊlə">solar</w>
         <c> </c>
         <w xml:id="o5154-488780"
            n="216-a-1200"
            ecep:lem="fire"
            ecep:pos="n1"
            ecep:reg="fire"
            ecep:spe="fire"
            ecep:syllab="1"
            ecep:pron="fæə">fire</w>
         <pc xml:id="o5154-488790"
             n="216-a-1210"
             ecep:lem=";"
             ecep:pos=";"
             ecep:reg=";"
             ecep:spe=";">;</pc>
      </l>
      <l xml:id="o5154-l25905">
         <w xml:id="o5154-488800"
            n="216-a-1220"
            ecep:lem="and"
            ecep:pos="cc"
            ecep:reg="And"
            ecep:spe="And"
            ecep:syllab="1"
            ecep:pron="ænd">And</w>
         <c> </c>
         <w xml:id="o5154-488810"
            n="216-a-1230"
            ecep:lem="what"
            ecep:pos="q-crq"
            ecep:reg="what"
            ecep:spe="what"
            ecep:syllab="1"
            ecep:pron="wɒt">what</w>
         <c> </c>
         <w xml:id="o5154-488820"
            n="216-a-1240"
            ecep:lem="exclude"
            ecep:pos="vvz"
            ecep:reg="excludes"
            ecep:spe="excludes"
            ecep:syllab="2"
            ecep:pron="ɪksˈkluːdz">excludes</w>
         <c> </c>
         <w xml:id="o5154-488830"
            n="216-a-1250"
            ecep:lem="apollo"
            ecep:pos="npg1"
            ecep:reg="APOLLO'S"
            ecep:spe="APOLLO'S"
            ecep:syllab="3"
            ecep:pron="əˈpɒləʊz">APOLLO'S</w>
         <c> </c>
         <w xml:id="o5154-488840"
            n="216-a-1260"
            ecep:lem="ray"
            ecep:pos="n2"
            ecep:reg="rays"
            ecep:spe="rays"
            ecep:syllab="1"
            ecep:pron="reɪz">rays</w>
         <pc xml:id="o5154-488850"
             n="216-a-1270"
             ecep:lem=","
             ecep:pos=","
             ecep:reg=","
             ecep:spe=",">,</pc>
      </l>
      <l xml:id="o5154-l25910">
         <w xml:id="o5154-488860"
            n="216-a-1280"
            ecep:lem="shall"
            ecep:pos="vmb"
            ecep:reg="Shall"
            ecep:spe="Shall"
            ecep:syllab="1"
            ecep:pron="ʃæl">Shall</w>
         <c> </c>
         <w xml:id="o5154-488870"
            n="216-a-1290"
            ecep:lem="harmonise"
            ecep:pos="vvi"
            ecep:reg="harmonise"
            ecep:spe="harmonize"
            ecep:syllab="3"
            ecep:pron="ˈhɑːmənaɪz">harmonize</w>
         <c> </c>
         <w xml:id="o5154-488880"
            n="216-a-1300"
            ecep:lem="his"
            ecep:pos="po31"
            ecep:reg="his"
            ecep:spe="his"
            ecep:syllab="1"
            ecep:pron="hɪz">his</w>
         <c> </c>
         <w xml:id="o5154-488890"
            n="216-a-1310"
            ecep:lem="lyre"
            ecep:pos="n1"
            ecep:reg="lyre"
            ecep:spe="lyre"
            ecep:syllab="1"
            ecep:pron="laɪə">lyre</w>
         <pc xml:id="o5154-488900"
             n="216-a-1320"
             unit="sentence"
             ecep:lem="."
             ecep:pos="."
             ecep:reg="."
             ecep:spe=".">.</pc>
      </l>
   </lg>
</div>
