<?xml version="1.0" encoding="utf-8"?>
<!DOCTYPE div
  SYSTEM "about:legacy-compat">
<div xmlns:ecep="http://www.eighteenthcenturypoetry.org/ns"
     xmlns="http://www.tei-c.org/ns/1.0"
     xmlns:tei="http://www.tei-c.org/ns/1.0"
     ana="#iamb #tetrameter #octet #song #pair"
     corresp="#txt_BailJo1762_w0071"
     decls="#semi-normalized"
     ecep:syllab="8.8.8.8.8.8.8.8"
     met="-+|-+|-+|-+/ -+|-+|-+|-+/ -+|-+|-+|-+/ -+|-+|-+|-+/ -+|-+|-+|-+/ -+|-+|-+|-+/ -+|-+|-+|-+/ -+|-+|-+|-+/"
     rendition="#lgvspace"
     rhyme="aabbccdd"
     subtype="eceptext"
     type="poem"
     xml:id="bjb18-w0710">
   <link target="authors.xml#aut_BailJo1762" type="author"/>
   <head type="main">
      <w xml:id="bjb18-535140"
         n="a-0010"
         ecep:lem="the"
         ecep:pos="dt"
         ecep:reg="THE"
         ecep:spe="THE"
         ecep:syllab="1"
         ecep:pron="ðiː">THE</w>
      <c> </c>
      <w xml:id="bjb18-535150"
         n="a-0020"
         ecep:lem="black"
         ecep:pos="j-jn"
         ecep:reg="BLACK"
         ecep:spe="BLACK"
         ecep:syllab="1"
         ecep:pron="blæk">BLACK</w>
      <c> </c>
      <w xml:id="bjb18-535160"
         n="a-0030"
         ecep:lem="cock"
         ecep:pos="n1"
         ecep:reg="COCK"
         ecep:spe="COCK"
         ecep:syllab="1"
         ecep:pron="kɒk">COCK</w>
      <pc xml:id="bjb18-535170"
          n="a-0040"
          ecep:lem=","
          ecep:pos=","
          ecep:reg=","
          ecep:spe=",">,</pc>
   </head>
   <head type="sub">
      <w xml:id="bjb18-535200"
         n="a-0050"
         ecep:lem="write"
         ecep:pos="vvn"
         ecep:reg="WRITTEN"
         ecep:spe="WRITTEN"
         ecep:syllab="2"
         ecep:pron="ˈrɪtn">WRITTEN</w>
      <c> </c>
      <w xml:id="bjb18-535210"
         n="a-0060"
         ecep:lem="for"
         ecep:pos="p-acp"
         ecep:reg="FOR"
         ecep:spe="FOR"
         ecep:syllab="1"
         ecep:pron="fɔː">FOR</w>
      <c> </c>
      <w xml:id="bjb18-535220"
         n="a-0070"
         ecep:lem="a"
         ecep:pos="dt"
         ecep:reg="A"
         ecep:spe="A"
         ecep:syllab="1"
         ecep:pron="ə">A</w>
      <c> </c>
      <w xml:id="bjb18-535230"
         n="a-0080"
         ecep:lem="welch"
         ecep:pos="jp"
         ecep:reg="WELCH"
         ecep:spe="WELCH"
         ecep:syllab="1"
         ecep:pron="welʃ">WELCH</w>
      <c> </c>
      <w xml:id="bjb18-535240"
         n="a-0090"
         ecep:lem="air"
         ecep:pos="n1"
         ecep:reg="AIR"
         ecep:spe="AIR"
         ecep:syllab="1"
         ecep:pron="eə">AIR</w>
      <pc xml:id="bjb18-535250"
          n="a-0100"
          ecep:lem=","
          ecep:pos=","
          ecep:reg=","
          ecep:spe=",">,</pc>
      <c> </c>
      <w xml:id="bjb18-535260"
         n="a-0110"
         ecep:lem="call"
         ecep:pos="vvn"
         ecep:reg="CALLED"
         ecep:spe="CALLED"
         ecep:syllab="1"
         ecep:pron="kɔːld">CALLED</w>
      <c> </c>
      <pc xml:id="bjb18-535270"
          n="a-0120"
          ecep:lem="“"
          ecep:pos="“"
          ecep:reg="“"
          ecep:spe="“">“</pc>
      <w xml:id="bjb18-535280"
         n="a-0130"
         ecep:lem="the"
         ecep:pos="dt"
         ecep:reg="THE"
         ecep:spe="THE"
         ecep:syllab="1"
         ecep:pron="ðiː">THE</w>
      <c> </c>
      <w xml:id="bjb18-535290"
         n="a-0140"
         ecep:lem="note"
         ecep:pos="n1"
         ecep:reg="NOTE"
         ecep:spe="NOTE"
         ecep:syllab="1"
         ecep:pron="nəʊt">NOTE</w>
      <c> </c>
      <w xml:id="bjb18-535300"
         n="a-0150"
         ecep:lem="of"
         ecep:pos="pp-f"
         ecep:reg="OF"
         ecep:spe="OF"
         ecep:syllab="1"
         ecep:pron="ɒv">OF</w>
      <c> </c>
      <w xml:id="bjb18-535310"
         n="a-0160"
         ecep:lem="the"
         ecep:pos="dt"
         ecep:reg="THE"
         ecep:spe="THE"
         ecep:syllab="1"
         ecep:pron="ðiː">THE</w>
      <c> </c>
      <w xml:id="bjb18-535320"
         n="a-0170"
         ecep:lem="black"
         ecep:pos="j-jn"
         ecep:reg="BLACK"
         ecep:spe="BLACK"
         ecep:syllab="1"
         ecep:pron="blæk">BLACK</w>
      <c> </c>
      <w xml:id="bjb18-535330"
         n="a-0180"
         ecep:lem="cock"
         ecep:pos="n1"
         ecep:reg="COCK"
         ecep:spe="COCK"
         ecep:syllab="1"
         ecep:pron="kɒk">COCK</w>
      <pc xml:id="bjb18-535340"
          n="a-0190"
          ecep:lem="."
          ecep:pos="."
          ecep:reg="."
          ecep:spe=".">.</pc>
      <pc xml:id="bjb18-535350"
          n="a-0200"
          unit="sentence"
          ecep:lem="”"
          ecep:pos="”"
          ecep:reg="”"
          ecep:spe="”">”</pc>
   </head>
   <lg xml:id="bjb18-s03735">
      <l rendition="#h_3" xml:id="bjb18-l29125">
         <hi rendition="#sc">
            <w xml:id="bjb18-535380"
               n="a-0210"
               ecep:lem="good"
               ecep:pos="j"
               ecep:reg="GOOD"
               ecep:spe="GOOD"
               ecep:syllab="1"
               ecep:pron="gʊd">GOOD</w>
         </hi>
         <c> </c>
         <w xml:id="bjb18-535390"
            n="a-0220"
            ecep:lem="morrow"
            ecep:pos="n1"
            ecep:reg="morrow"
            ecep:spe="morrow"
            ecep:syllab="2"
            ecep:pron="ˈmɒrəʊ">morrow</w>
         <c> </c>
         <w xml:id="bjb18-535400"
            n="a-0230"
            ecep:lem="to"
            ecep:pos="p-acp"
            ecep:reg="to"
            ecep:spe="to"
            ecep:syllab="1"
            ecep:pron="tuː">to</w>
         <c> </c>
         <w xml:id="bjb18-535410"
            n="a-0240"
            ecep:lem="thy"
            ecep:pos="po21"
            ecep:reg="thy"
            ecep:spe="thy"
            ecep:syllab="1"
            ecep:pron="ðaɪ">thy</w>
         <c> </c>
         <w xml:id="bjb18-535420"
            n="a-0250"
            ecep:lem="sable"
            ecep:pos="j-jn"
            ecep:reg="sable"
            ecep:spe="sable"
            ecep:syllab="2"
            ecep:pron="ˈseɪbl">sable</w>
         <c> </c>
         <w xml:id="bjb18-535430"
            n="a-0260"
            ecep:lem="beak"
            ecep:pos="n1"
            ecep:reg="beak"
            ecep:spe="beak"
            ecep:syllab="1"
            ecep:pron="biːk">beak</w>
         <pc xml:id="bjb18-535440"
             n="a-0270"
             ecep:lem=","
             ecep:pos=","
             ecep:reg=","
             ecep:spe=",">,</pc>
      </l>
      <l xml:id="bjb18-l29130">
         <c> </c>
         <w xml:id="bjb18-535450"
            n="a-0280"
            ecep:lem="and"
            ecep:pos="cc"
            ecep:reg="And"
            ecep:spe="And"
            ecep:syllab="1"
            ecep:pron="ænd">And</w>
         <c> </c>
         <w xml:id="bjb18-535460"
            n="a-0290"
            ecep:lem="glossy"
            ecep:pos="j"
            ecep:reg="glossy"
            ecep:spe="glossy"
            ecep:syllab="2"
            ecep:pron="ˈglɒsi">glossy</w>
         <c> </c>
         <w xml:id="bjb18-535470"
            n="a-0300"
            ecep:lem="plumage"
            ecep:pos="n1"
            ecep:reg="plumage"
            ecep:spe="plumage"
            ecep:syllab="2"
            ecep:pron="ˈpluːmɪdʒ">plumage</w>
         <pc xml:id="bjb18-535480"
             n="a-0310"
             ecep:lem=","
             ecep:pos=","
             ecep:reg=","
             ecep:spe=",">,</pc>
         <c> </c>
         <w xml:id="bjb18-535490"
            n="a-0320"
            ecep:lem="dark"
            ecep:pos="j"
            ecep:reg="dark"
            ecep:spe="dark"
            ecep:syllab="1"
            ecep:pron="dɑːk">dark</w>
         <c> </c>
         <w xml:id="bjb18-535500"
            n="a-0330"
            ecep:lem="and"
            ecep:pos="cc"
            ecep:reg="and"
            ecep:spe="and"
            ecep:syllab="1"
            ecep:pron="ænd">and</w>
         <c> </c>
         <w xml:id="bjb18-535510"
            n="a-0340"
            ecep:lem="sleek"
            ecep:pos="j"
            ecep:reg="sleek"
            ecep:spe="sleek"
            ecep:syllab="1"
            ecep:pron="sliːk">sleek</w>
         <pc xml:id="bjb18-535520"
             n="a-0350"
             ecep:lem=","
             ecep:pos=","
             ecep:reg=","
             ecep:spe=",">,</pc>
      </l>
      <l xml:id="bjb18-l29135">
         <c> </c>
         <w xml:id="bjb18-535530"
            n="a-0360"
            ecep:lem="thy"
            ecep:pos="po21"
            ecep:reg="Thy"
            ecep:spe="Thy"
            ecep:syllab="1"
            ecep:pron="ðaɪ">Thy</w>
         <c> </c>
         <w xml:id="bjb18-535540"
            n="a-0370"
            ecep:lem="crimson"
            ecep:pos="j-jn"
            ecep:reg="crimson"
            ecep:spe="crimson"
            ecep:syllab="2"
            ecep:pron="ˈkrɪmzn">crimson</w>
         <c> </c>
         <w xml:id="bjb18-535550"
            n="a-0380"
            ecep:lem="moon"
            ecep:pos="n1"
            ecep:reg="moon"
            ecep:spe="moon"
            ecep:syllab="1"
            ecep:pron="muːn">moon</w>
         <c> </c>
         <w xml:id="bjb18-535560"
            n="a-0390"
            ecep:lem="and"
            ecep:pos="cc"
            ecep:reg="and"
            ecep:spe="and"
            ecep:syllab="1"
            ecep:pron="ænd">and</w>
         <c> </c>
         <w xml:id="bjb18-535570"
            n="a-0400"
            ecep:lem="azure"
            ecep:pos="j-jn"
            ecep:reg="azure"
            ecep:spe="azure"
            ecep:syllab="2"
            ecep:pron="ˈæzjʊə">azure</w>
         <c> </c>
         <w xml:id="bjb18-535580"
            n="a-0410"
            ecep:lem="eye"
            ecep:pos="n1"
            ecep:reg="eye"
            ecep:spe="eye"
            ecep:syllab="1"
            ecep:pron="aɪ">eye</w>
         <pc xml:id="bjb18-535590"
             n="a-0420"
             ecep:lem=","
             ecep:pos=","
             ecep:reg=","
             ecep:spe=",">,</pc>
      </l>
      <l xml:id="bjb18-l29140">
         <c> </c>
         <w xml:id="bjb18-535600"
            n="a-0430"
            ecep:lem="cock"
            ecep:pos="n1"
            ecep:reg="Cock"
            ecep:spe="Cock"
            ecep:syllab="1"
            ecep:pron="kɒk">Cock</w>
         <c> </c>
         <w xml:id="bjb18-535610"
            n="a-0440"
            ecep:lem="of"
            ecep:pos="pp-f"
            ecep:reg="of"
            ecep:spe="of"
            ecep:syllab="1"
            ecep:pron="ɒv">of</w>
         <c> </c>
         <w xml:id="bjb18-535620"
            n="a-0450"
            ecep:lem="the"
            ecep:pos="dt"
            ecep:reg="the"
            ecep:spe="the"
            ecep:syllab="1"
            ecep:pron="ðiː">the</w>
         <c> </c>
         <w xml:id="bjb18-535630"
            n="a-0460"
            ecep:lem="heath"
            ecep:pos="n1"
            ecep:reg="heath"
            ecep:spe="heath"
            ecep:syllab="1"
            ecep:pron="hiːθ">heath</w>
         <pc xml:id="bjb18-535640"
             n="a-0470"
             ecep:lem=","
             ecep:pos=","
             ecep:reg=","
             ecep:spe=",">,</pc>
         <c> </c>
         <w xml:id="bjb18-535650"
            n="a-0480"
            ecep:lem="so"
            ecep:pos="av"
            ecep:reg="so"
            ecep:spe="so"
            ecep:syllab="1"
            ecep:pron="səʊ">so</w>
         <c> </c>
         <w xml:id="bjb18-535660"
            n="a-0490"
            ecep:lem="wild"
            ecep:pos="av-j"
            ecep:reg="wildly"
            ecep:spe="wildly"
            ecep:syllab="2"
            ecep:pron="waɪldli">wildly</w>
         <c> </c>
         <w xml:id="bjb18-535670"
            n="a-0500"
            ecep:lem="shy"
            ecep:pos="j"
            ecep:reg="shy"
            ecep:spe="shy"
            ecep:syllab="1"
            ecep:pron="ʃaɪ">shy</w>
         <pc xml:id="bjb18-535680"
             n="a-0510"
             unit="sentence"
             ecep:lem="!"
             ecep:pos="!"
             ecep:reg="!"
             ecep:spe="!">!</pc>
         <c> </c>
      </l>
      <l xml:id="bjb18-l29145">
         <w xml:id="bjb18-535690"
            n="a-0520"
            ecep:lem="i"
            ecep:pos="pns11"
            ecep:reg="I"
            ecep:spe="I"
            ecep:syllab="1"
            ecep:pron="aɪ">I</w>
         <c> </c>
         <w xml:id="bjb18-535700"
            n="a-0530"
            ecep:lem="see"
            ecep:pos="vvb"
            ecep:reg="see"
            ecep:spe="see"
            ecep:syllab="1"
            ecep:pron="siː">see</w>
         <c> </c>
         <w xml:id="bjb18-535710"
            n="a-0540"
            ecep:lem="thou"
            ecep:pos="pno21"
            ecep:reg="thee"
            ecep:spe="thee"
            ecep:syllab="1"
            ecep:pron="ðiː">thee</w>
         <pc xml:id="bjb18-535720"
             n="a-0550"
             ecep:lem=","
             ecep:pos=","
             ecep:reg=","
             ecep:spe=",">,</pc>
         <c> </c>
         <w xml:id="bjb18-535730"
            n="a-0560"
            ecep:lem="sly"
            ecep:pos="av-j"
            ecep:reg="slily"
            ecep:spe="slily"
            ecep:syllab="2"
            ecep:pron="ˈslaɪli">slily</w>
         <c> </c>
         <w xml:id="bjb18-535740"
            n="a-0570"
            ecep:lem="cower"
            ecep:pos="vvg"
            ecep:reg="cowering"
            ecep:spe="cowering"
            ecep:syllab="3"
            ecep:pron="ˈkaʊəɪŋ">cowering</w>
         <pc xml:id="bjb18-535750"
             n="a-0580"
             ecep:lem=","
             ecep:pos=","
             ecep:reg=","
             ecep:spe=",">,</pc>
         <c> </c>
         <w xml:id="bjb18-535760"
            n="a-0590"
            ecep:lem="through"
            ecep:pos="p-acp"
            ecep:reg="through"
            ecep:spe="through"
            ecep:syllab="1"
            ecep:pron="θruː">through</w>
      </l>
      <l xml:id="bjb18-l29150">
         <c> </c>
         <w xml:id="bjb18-535770"
            n="a-0600"
            ecep:lem="that"
            ecep:pos="d"
            ecep:reg="That"
            ecep:spe="That"
            ecep:syllab="1"
            ecep:pron="ðæt">That</w>
         <c> </c>
         <w xml:id="bjb18-535780"
            n="a-0610"
            ecep:lem="wiry"
            ecep:pos="j"
            ecep:reg="wiry"
            ecep:spe="wiry"
            ecep:syllab="2"
            ecep:pron="ˈwaɪri">wiry</w>
         <c> </c>
         <w xml:id="bjb18-535790"
            n="a-0620"
            ecep:lem="web"
            ecep:pos="n1"
            ecep:reg="web"
            ecep:spe="web"
            ecep:syllab="1"
            ecep:pron="web">web</w>
         <c> </c>
         <w xml:id="bjb18-535800"
            n="a-0630"
            ecep:lem="of"
            ecep:pos="pp-f"
            ecep:reg="of"
            ecep:spe="of"
            ecep:syllab="1"
            ecep:pron="ɒv">of</w>
         <c> </c>
         <w xml:id="bjb18-535810"
            n="a-0640"
            ecep:lem="silver"
            ecep:pos="n1"
            ecep:reg="silver"
            ecep:spe="silver"
            ecep:syllab="2"
            ecep:pron="ˈsɪlvə">silver</w>
         <c> </c>
         <w xml:id="bjb18-535820"
            n="a-0650"
            ecep:lem="dew"
            ecep:pos="n1"
            ecep:reg="dew"
            ecep:spe="dew"
            ecep:syllab="1"
            ecep:pron="dʒuː">dew</w>
         <pc xml:id="bjb18-535830"
             n="a-0660"
             ecep:lem=","
             ecep:pos=","
             ecep:reg=","
             ecep:spe=",">,</pc>
      </l>
      <l xml:id="bjb18-l29155">
         <c> </c>
         <w xml:id="bjb18-535840"
            n="a-0670"
            ecep:lem="that"
            ecep:pos="d"
            ecep:reg="That"
            ecep:spe="That"
            ecep:syllab="1"
            ecep:pron="ðæt">That</w>
         <c> </c>
         <w xml:id="bjb18-535850"
            n="a-0680"
            ecep:lem="twinkle"
            ecep:pos="n2"
            ecep:reg="twinkles"
            ecep:spe="twinkles"
            ecep:syllab="2"
            ecep:pron="ˈtwɪŋklz">twinkles</w>
         <c> </c>
         <w xml:id="bjb18-535860"
            n="a-0690"
            ecep:lem="in"
            ecep:pos="p-acp"
            ecep:reg="in"
            ecep:spe="in"
            ecep:syllab="1"
            ecep:pron="ɪn">in</w>
         <c> </c>
         <w xml:id="bjb18-535870"
            n="a-0700"
            ecep:lem="the"
            ecep:pos="dt"
            ecep:reg="the"
            ecep:spe="the"
            ecep:syllab="1"
            ecep:pron="ðiː">the</w>
         <c> </c>
         <w xml:id="bjb18-535880"
            n="a-0710"
            ecep:lem="morning"
            ecep:pos="n1"
            ecep:reg="morning"
            ecep:spe="morning"
            ecep:syllab="2"
            ecep:pron="ˈmɔːnɪŋ">morning</w>
         <c> </c>
         <w xml:id="bjb18-535890"
            n="a-0720"
            ecep:lem="air"
            ecep:pos="n1"
            ecep:reg="air"
            ecep:spe="air"
            ecep:syllab="1"
            ecep:pron="eə">air</w>
         <pc xml:id="bjb18-535900"
             n="a-0730"
             ecep:lem=","
             ecep:pos=","
             ecep:reg=","
             ecep:spe=",">,</pc>
      </l>
      <l xml:id="bjb18-l29160">
         <c> </c>
         <w xml:id="bjb18-535910"
            n="a-0740"
            ecep:lem="like"
            ecep:pos="av-j"
            ecep:reg="Like"
            ecep:spe="Like"
            ecep:syllab="1"
            ecep:pron="laɪk">Like</w>
         <c> </c>
         <w xml:id="bjb18-535920"
            n="a-0750"
            ecep:lem="easement"
            ecep:pos="n1"
            ecep:reg="easement"
            ecep:spe="easement"
            ecep:syllab="2"
            ecep:pron="ˈiːzmənt">easement</w>
         <c> </c>
         <w xml:id="bjb18-535930"
            n="a-0760"
            ecep:lem="of"
            ecep:pos="pp-f"
            ecep:reg="of"
            ecep:spe="of"
            ecep:syllab="1"
            ecep:pron="ɒv">of</w>
         <c> </c>
         <w xml:id="bjb18-535940"
            n="a-0770"
            ecep:lem="my"
            ecep:pos="po11"
            ecep:reg="my"
            ecep:spe="my"
            ecep:syllab="1"
            ecep:pron="maɪ">my</w>
         <c> </c>
         <w xml:id="bjb18-535950"
            n="a-0780"
            ecep:lem="lady"
            ecep:pos="n1"
            ecep:reg="lady"
            ecep:spe="lady"
            ecep:syllab="2"
            ecep:pron="ˈleɪdi">lady</w>
         <c> </c>
         <w xml:id="bjb18-535960"
            n="a-0790"
            ecep:lem="fair"
            ecep:pos="j"
            ecep:reg="fair"
            ecep:spe="fair"
            ecep:syllab="1"
            ecep:pron="feə">fair</w>
         <pc xml:id="bjb18-535970"
             n="a-0800"
             unit="sentence"
             ecep:lem="."
             ecep:pos="."
             ecep:reg="."
             ecep:spe=".">.</pc>
         <c> </c>
      </l>
   </lg>
   <lg xml:id="bjb18-s03740">
      <l xml:id="bjb18-l29165">
         <w xml:id="bjb18-536000"
            n="a-0810"
            ecep:lem="a"
            ecep:pos="dt"
            ecep:reg="A"
            ecep:spe="A"
            ecep:syllab="1"
            ecep:pron="ə">A</w>
         <c> </c>
         <w xml:id="bjb18-536010"
            n="a-0820"
            ecep:lem="maid"
            ecep:pos="n1"
            ecep:reg="maid"
            ecep:spe="maid"
            ecep:syllab="1"
            ecep:pron="meɪd">maid</w>
         <c> </c>
         <w xml:id="bjb18-536020"
            n="a-0830"
            ecep:lem="there"
            ecep:pos="a-acp"
            ecep:reg="there"
            ecep:spe="there"
            ecep:syllab="1"
            ecep:pron="ðeə">there</w>
         <c> </c>
         <w xml:id="bjb18-536030"
            n="a-0840"
            ecep:lem="be"
            ecep:pos="vbz"
            ecep:reg="is"
            ecep:spe="is"
            ecep:syllab="1"
            ecep:pron="ɪz">is</w>
         <c> </c>
         <w xml:id="bjb18-536040"
            n="a-0850"
            ecep:lem="in"
            ecep:pos="p-acp"
            ecep:reg="in"
            ecep:spe="in"
            ecep:syllab="1"
            ecep:pron="ɪn">in</w>
         <c> </c>
         <w xml:id="bjb18-536050"
            n="a-0860"
            ecep:lem="yonder"
            ecep:pos="d"
            ecep:reg="yonder"
            ecep:spe="yonder"
            ecep:syllab="2"
            ecep:pron="ˈjɒndə">yonder</w>
         <c> </c>
         <w xml:id="bjb18-536060"
            n="a-0870"
            ecep:lem="tower"
            ecep:pos="n1"
            ecep:reg="tower"
            ecep:spe="tower"
            ecep:syllab="1"
            ecep:pron="ˈtaʊə">tower</w>
         <pc xml:id="bjb18-536070"
             n="a-0880"
             ecep:lem=","
             ecep:pos=","
             ecep:reg=","
             ecep:spe=",">,</pc>
      </l>
      <l xml:id="bjb18-l29170">
         <c> </c>
         <w xml:id="bjb18-536080"
            n="a-0890"
            ecep:lem="who"
            ecep:pos="q-crq"
            ecep:reg="Who"
            ecep:spe="Who"
            ecep:syllab="1"
            ecep:pron="huː">Who</w>
         <pc xml:id="bjb18-536090"
             n="a-0900"
             ecep:lem=","
             ecep:pos=","
             ecep:reg=","
             ecep:spe=",">,</pc>
         <c> </c>
         <w xml:id="bjb18-536100"
            n="a-0910"
            ecep:lem="peep"
            ecep:pos="vvg"
            ecep:reg="peeping"
            ecep:spe="peeping"
            ecep:syllab="2"
            ecep:pron="piːpɪŋ">peeping</w>
         <c> </c>
         <w xml:id="bjb18-536110"
            n="a-0920"
            ecep:lem="from"
            ecep:pos="p-acp"
            ecep:reg="from"
            ecep:spe="from"
            ecep:syllab="1"
            ecep:pron="frɒm">from</w>
         <c> </c>
         <w xml:id="bjb18-536120"
            n="a-0930"
            ecep:lem="her"
            ecep:pos="po31"
            ecep:reg="her"
            ecep:spe="her"
            ecep:syllab="1"
            ecep:pron="hɜː">her</w>
         <c> </c>
         <w xml:id="bjb18-536130"
            n="a-0940"
            ecep:lem="early"
            ecep:pos="j"
            ecep:reg="early"
            ecep:spe="early"
            ecep:syllab="2"
            ecep:pron="ˈɜːli">early</w>
         <c> </c>
         <w xml:id="bjb18-536140"
            n="a-0950"
            ecep:lem="bower"
            ecep:pos="n1"
            ecep:reg="bower"
            ecep:spe="bower"
            ecep:syllab="2"
            ecep:pron="ˈbaʊə">bower</w>
         <pc xml:id="bjb18-536150"
             n="a-0960"
             ecep:lem=","
             ecep:pos=","
             ecep:reg=","
             ecep:spe=",">,</pc>
      </l>
      <l xml:id="bjb18-l29175">
         <c> </c>
         <w xml:id="bjb18-536160"
            n="a-0970"
            ecep:lem="half"
            ecep:pos="av-jn"
            ecep:reg="Half"
            ecep:spe="Half"
            ecep:syllab="1"
            ecep:pron="hɑːf">Half</w>
         <c> </c>
         <w xml:id="bjb18-536170"
            n="a-0980"
            ecep:lem="show"
            ecep:pos="vvz"
            ecep:reg="shows"
            ecep:spe="shews"
            ecep:syllab="1"
            ecep:pron="ʃəʊz">shews</w>
         <pc xml:id="bjb18-536180"
             n="a-0990"
             ecep:lem=","
             ecep:pos=","
             ecep:reg=","
             ecep:spe=",">,</pc>
         <c> </c>
         <w xml:id="bjb18-536190"
            n="a-1000"
            ecep:lem="like"
            ecep:pos="vvb"
            ecep:reg="like"
            ecep:spe="like"
            ecep:syllab="1"
            ecep:pron="laɪk">like</w>
         <c> </c>
         <w xml:id="bjb18-536200"
            n="a-1010"
            ecep:lem="thou"
            ecep:pos="pno21"
            ecep:reg="thee"
            ecep:spe="thee"
            ecep:syllab="1"
            ecep:pron="ðiː">thee</w>
         <pc xml:id="bjb18-536210"
             n="a-1020"
             ecep:lem=","
             ecep:pos=","
             ecep:reg=","
             ecep:spe=",">,</pc>
         <c> </c>
         <w xml:id="bjb18-536220"
            n="a-1030"
            ecep:lem="with"
            ecep:pos="p-acp"
            ecep:reg="with"
            ecep:spe="with"
            ecep:syllab="1"
            ecep:pron="wɪð">with</w>
         <c> </c>
         <w xml:id="bjb18-536230"
            n="a-1040"
            ecep:lem="simple"
            ecep:pos="j"
            ecep:reg="simple"
            ecep:spe="simple"
            ecep:syllab="2"
            ecep:pron="ˈsɪmpl">simple</w>
         <c> </c>
         <w xml:id="bjb18-536240"
            n="a-1050"
            ecep:lem="wile"
            ecep:pos="n1"
            ecep:reg="wile"
            ecep:spe="wile"
            ecep:syllab="1"
            ecep:pron="waɪl">wile</w>
         <pc xml:id="bjb18-536250"
             n="a-1060"
             ecep:lem=","
             ecep:pos=","
             ecep:reg=","
             ecep:spe=",">,</pc>
      </l>
      <l xml:id="bjb18-l29180">
         <c> </c>
         <w xml:id="bjb18-536260"
            n="a-1070"
            ecep:lem="her"
            ecep:pos="po31"
            ecep:reg="Her"
            ecep:spe="Her"
            ecep:syllab="1"
            ecep:pron="hɜː">Her</w>
         <c> </c>
         <w xml:id="bjb18-536270"
            n="a-1080"
            ecep:lem="braid"
            ecep:pos="j-vvn"
            ecep:reg="braided"
            ecep:spe="braided"
            ecep:syllab="2"
            ecep:pron="breɪdɪd">braided</w>
         <c> </c>
         <w xml:id="bjb18-536280"
            n="a-1090"
            ecep:lem="hair"
            ecep:pos="n1"
            ecep:reg="hair"
            ecep:spe="hair"
            ecep:syllab="1"
            ecep:pron="heə">hair</w>
         <c> </c>
         <w xml:id="bjb18-536290"
            n="a-1100"
            ecep:lem="and"
            ecep:pos="cc"
            ecep:reg="and"
            ecep:spe="and"
            ecep:syllab="1"
            ecep:pron="ænd">and</w>
         <c> </c>
         <w xml:id="bjb18-536300"
            n="a-1110"
            ecep:lem="morning"
            ecep:pos="n1"
            ecep:reg="morning"
            ecep:spe="morning"
            ecep:syllab="2"
            ecep:pron="ˈmɔːnɪŋ">morning</w>
         <c> </c>
         <w xml:id="bjb18-536310"
            n="a-1120"
            ecep:lem="smile"
            ecep:pos="n1"
            ecep:reg="smile"
            ecep:spe="smile"
            ecep:syllab="1"
            ecep:pron="smaɪl">smile</w>
         <pc xml:id="bjb18-536320"
             n="a-1130"
             unit="sentence"
             ecep:lem="."
             ecep:pos="."
             ecep:reg="."
             ecep:spe=".">.</pc>
         <c> </c>
      </l>
      <pb n="363" rend="none"/>
      <l xml:id="bjb18-l29185">
         <w xml:id="bjb18-536330"
            n="a-0010"
            ecep:lem="the"
            ecep:pos="dt"
            ecep:reg="The"
            ecep:spe="The"
            ecep:syllab="1"
            ecep:pron="ðiː">The</w>
         <c> </c>
         <w xml:id="bjb18-536340"
            n="a-0020"
            ecep:lem="rare"
            ecep:pos="js"
            ecep:reg="rarest"
            ecep:spe="rarest"
            ecep:syllab="2"
            ecep:pron="reəɪst">rarest</w>
         <c> </c>
         <w xml:id="bjb18-536350"
            n="a-0030"
            ecep:lem="thing"
            ecep:pos="n2"
            ecep:reg="things"
            ecep:spe="things"
            ecep:syllab="1"
            ecep:pron="θɪŋz">things</w>
         <c> </c>
         <w xml:id="bjb18-536360"
            n="a-0040"
            ecep:lem="with"
            ecep:pos="p-acp"
            ecep:reg="with"
            ecep:spe="with"
            ecep:syllab="1"
            ecep:pron="wɪð">with</w>
         <c> </c>
         <w xml:id="bjb18-536370"
            n="a-0050"
            ecep:lem="wayward"
            ecep:pos="j"
            ecep:reg="wayward"
            ecep:spe="wayward"
            ecep:syllab="2"
            ecep:pron="ˈweɪwəd">wayward</w>
         <c> </c>
         <w xml:id="bjb18-536380"
            n="a-0060"
            ecep:lem="will"
            ecep:pos="n1"
            ecep:reg="will"
            ecep:spe="will"
            ecep:syllab="1"
            ecep:pron="wɪl">will</w>
         <pc xml:id="bjb18-536390"
             n="a-0070"
             ecep:lem=","
             ecep:pos=","
             ecep:reg=","
             ecep:spe=",">,</pc>
      </l>
      <l xml:id="bjb18-l29190">
         <c> </c>
         <w xml:id="bjb18-536400"
            n="a-0080"
            ecep:lem="beneath"
            ecep:pos="p-acp"
            ecep:reg="Beneath"
            ecep:spe="Beneath"
            ecep:syllab="2"
            ecep:pron="bɪˈniːθ">Beneath</w>
         <c> </c>
         <w xml:id="bjb18-536410"
            n="a-0090"
            ecep:lem="the"
            ecep:pos="dt"
            ecep:reg="the"
            ecep:spe="the"
            ecep:syllab="1"
            ecep:pron="ðiː">the</w>
         <c> </c>
         <w xml:id="bjb18-536420"
            n="a-0100"
            ecep:lem="covert"
            ecep:pos="n1"
            ecep:reg="covert"
            ecep:spe="covert"
            ecep:syllab="2"
            ecep:pron="ˈkəʊvɜːt">covert</w>
         <c> </c>
         <w xml:id="bjb18-536430"
            n="a-0110"
            ecep:lem="hide"
            ecep:pos="vvi"
            ecep:reg="hide"
            ecep:spe="hide"
            ecep:syllab="1"
            ecep:pron="haɪd">hide</w>
         <c> </c>
         <w xml:id="bjb18-536440"
            n="a-0120"
            ecep:lem="they"
            ecep:pos="pno32"
            ecep:reg="them"
            ecep:spe="them"
            ecep:syllab="1"
            ecep:pron="ðem">them</w>
         <c> </c>
         <w xml:id="bjb18-536450"
            n="a-0130"
            ecep:lem="still"
            ecep:pos="av"
            ecep:reg="still"
            ecep:spe="still"
            ecep:syllab="1"
            ecep:pron="stɪl">still</w>
         <pc xml:id="bjb18-536460"
             n="a-0140"
             ecep:lem=":"
             ecep:pos=":"
             ecep:reg=":"
             ecep:spe=":">:</pc>
      </l>
      <l xml:id="bjb18-l29195">
         <c> </c>
         <w xml:id="bjb18-536470"
            n="a-0150"
            ecep:lem="the"
            ecep:pos="dt"
            ecep:reg="The"
            ecep:spe="The"
            ecep:syllab="1"
            ecep:pron="ðiː">The</w>
         <c> </c>
         <w xml:id="bjb18-536480"
            n="a-0160"
            ecep:lem="rare"
            ecep:pos="js"
            ecep:reg="rarest"
            ecep:spe="rarest"
            ecep:syllab="2"
            ecep:pron="reəɪst">rarest</w>
         <c> </c>
         <w xml:id="bjb18-536490"
            n="a-0170"
            ecep:lem="thing"
            ecep:pos="n2"
            ecep:reg="things"
            ecep:spe="things"
            ecep:syllab="1"
            ecep:pron="θɪŋz">things</w>
         <c> </c>
         <w xml:id="bjb18-536500"
            n="a-0180"
            ecep:lem="to"
            ecep:pos="p-acp"
            ecep:reg="to"
            ecep:spe="to"
            ecep:syllab="1"
            ecep:pron="tuː">to</w>
         <c> </c>
         <w xml:id="bjb18-536510"
            n="a-0190"
            ecep:lem="light"
            ecep:pos="n1"
            ecep:reg="light"
            ecep:spe="light"
            ecep:syllab="1"
            ecep:pron="laɪt">light</w>
         <c> </c>
         <w xml:id="bjb18-536520"
            n="a-0200"
            ecep:lem="of"
            ecep:pos="pp-f"
            ecep:reg="of"
            ecep:spe="of"
            ecep:syllab="1"
            ecep:pron="ɒv">of</w>
         <c> </c>
         <w xml:id="bjb18-536530"
            n="a-0210"
            ecep:lem="day"
            ecep:pos="n1"
            ecep:reg="day"
            ecep:spe="day"
            ecep:syllab="1"
            ecep:pron="deɪ">day</w>
      </l>
      <l xml:id="bjb18-l29200">
         <c> </c>
         <w xml:id="bjb18-536540"
            n="a-0220"
            ecep:lem="look"
            ecep:pos="vvb"
            ecep:reg="Look"
            ecep:spe="Look"
            ecep:syllab="1"
            ecep:pron="lʊk">Look</w>
         <c> </c>
         <w xml:id="bjb18-536550"
            n="a-0230"
            ecep:lem="short"
            ecep:pos="av-j"
            ecep:reg="shortly"
            ecep:spe="shortly"
            ecep:syllab="2"
            ecep:pron="ʃɔːtli">shortly</w>
         <c> </c>
         <w xml:id="bjb18-536560"
            n="a-0240"
            ecep:lem="forth"
            ecep:pos="av"
            ecep:reg="forth"
            ecep:spe="forth"
            ecep:syllab="1"
            ecep:pron="fɔːθ">forth</w>
         <pc xml:id="bjb18-536570"
             n="a-0250"
             ecep:lem=","
             ecep:pos=","
             ecep:reg=","
             ecep:spe=",">,</pc>
         <c> </c>
         <w xml:id="bjb18-536580"
            n="a-0260"
            ecep:lem="and"
            ecep:pos="cc"
            ecep:reg="and"
            ecep:spe="and"
            ecep:syllab="1"
            ecep:pron="ænd">and</w>
         <c> </c>
         <w xml:id="bjb18-536590"
            n="a-0270"
            ecep:lem="shrink"
            ecep:pos="vvi"
            ecep:reg="shrink"
            ecep:spe="shrink"
            ecep:syllab="1"
            ecep:pron="ʃrɪŋk">shrink</w>
         <c> </c>
         <w xml:id="bjb18-536600"
            n="a-0280"
            ecep:lem="away"
            ecep:pos="av"
            ecep:reg="away"
            ecep:spe="away"
            ecep:syllab="2"
            ecep:pron="əˈweɪ">away</w>
         <pc xml:id="bjb18-536610"
             n="a-0290"
             unit="sentence"
             ecep:lem="."
             ecep:pos="."
             ecep:reg="."
             ecep:spe=".">.</pc>
         <c> </c>
      </l>
   </lg>
   <lg xml:id="bjb18-s03745">
      <l xml:id="bjb18-l29205">
         <w xml:id="bjb18-536640"
            n="a-0300"
            ecep:lem="one"
            ecep:pos="crd"
            ecep:reg="One"
            ecep:spe="One"
            ecep:syllab="1"
            ecep:pron="wʌn">One</w>
         <c> </c>
         <w xml:id="bjb18-536650"
            n="a-0310"
            ecep:lem="fleet"
            ecep:pos="j-vvg"
            ecep:reg="fleeting"
            ecep:spe="fleeting"
            ecep:syllab="2"
            ecep:pron="ˈfliːtɪŋ">fleeting</w>
         <c> </c>
         <w xml:id="bjb18-536660"
            n="a-0320"
            ecep:lem="moment"
            ecep:pos="n1"
            ecep:reg="moment"
            ecep:spe="moment"
            ecep:syllab="2"
            ecep:pron="ˈməʊmənt">moment</w>
         <c> </c>
         <w xml:id="bjb18-536670"
            n="a-0330"
            ecep:lem="of"
            ecep:pos="pp-f"
            ecep:reg="of"
            ecep:spe="of"
            ecep:syllab="1"
            ecep:pron="ɒv">of</w>
         <c> </c>
         <w xml:id="bjb18-536680"
            n="a-0340"
            ecep:lem="delight"
            ecep:pos="n1"
            ecep:reg="delight"
            ecep:spe="delight"
            ecep:syllab="2"
            ecep:pron="dɪˈlaɪt">delight</w>
         <pc xml:id="bjb18-536690"
             n="a-0350"
             ecep:lem=","
             ecep:pos=","
             ecep:reg=","
             ecep:spe=",">,</pc>
      </l>
      <l xml:id="bjb18-l29210">
         <c> </c>
         <w xml:id="bjb18-536700"
            n="a-0360"
            ecep:lem="i"
            ecep:pos="pns11"
            ecep:reg="I"
            ecep:spe="I"
            ecep:syllab="1"
            ecep:pron="aɪ">I</w>
         <c> </c>
         <w xml:id="bjb18-536710"
            n="a-0370"
            ecep:lem="sun"
            ecep:pos="vvd"
            ecep:reg="sunned"
            ecep:spe="sunned"
            ecep:syllab="1"
            ecep:pron="sʌnd">sunned</w>
         <c> </c>
         <w xml:id="bjb18-536720"
            n="a-0380"
            ecep:lem="i"
            ecep:pos="pno11"
            ecep:reg="me"
            ecep:spe="me"
            ecep:syllab="1"
            ecep:pron="miː">me</w>
         <c> </c>
         <w xml:id="bjb18-536730"
            n="a-0390"
            ecep:lem="in"
            ecep:pos="p-acp"
            ecep:reg="in"
            ecep:spe="in"
            ecep:syllab="1"
            ecep:pron="ɪn">in</w>
         <c> </c>
         <w xml:id="bjb18-536740"
            n="a-0400"
            ecep:lem="her"
            ecep:pos="po31"
            ecep:reg="her"
            ecep:spe="her"
            ecep:syllab="1"
            ecep:pron="hɜː">her</w>
         <c> </c>
         <w xml:id="bjb18-536750"
            n="a-0410"
            ecep:lem="cheer"
            ecep:pos="j-vvg"
            ecep:reg="cheering"
            ecep:spe="cheering"
            ecep:syllab="2"
            ecep:pron="tʃɪəɪŋ">cheering</w>
         <c> </c>
         <w xml:id="bjb18-536760"
            n="a-0420"
            ecep:lem="sight"
            ecep:pos="n1"
            ecep:reg="sight"
            ecep:spe="sight"
            ecep:syllab="1"
            ecep:pron="saɪt">sight</w>
         <pc xml:id="bjb18-536770"
             n="a-0430"
             ecep:lem=";"
             ecep:pos=";"
             ecep:reg=";"
             ecep:spe=";">;</pc>
      </l>
      <l xml:id="bjb18-l29215">
         <c> </c>
         <w xml:id="bjb18-536780"
            n="a-0440"
            ecep:lem="and"
            ecep:pos="cc"
            ecep:reg="And"
            ecep:spe="And"
            ecep:syllab="1"
            ecep:pron="ænd">And</w>
         <c> </c>
         <w xml:id="bjb18-536790"
            n="a-0450"
            ecep:lem="short"
            ecep:pos="j"
            ecep:reg="short"
            ecep:spe="short"
            ecep:syllab="1"
            ecep:pron="ʃɔːt">short</w>
         <pc xml:id="bjb18-536800"
             n="a-0460"
             ecep:lem=","
             ecep:pos=","
             ecep:reg=","
             ecep:spe=",">,</pc>
         <c> </c>
         <w xml:id="bjb18-536810"
            n="a-0470"
            ecep:lem="i"
            ecep:pos="pns11"
            ecep:reg="I"
            ecep:spe="I"
            ecep:syllab="1"
            ecep:pron="aɪ">I</w>
         <c> </c>
         <w xml:id="bjb18-536820"
            n="a-0480"
            ecep:lem="ween"
            ecep:pos="vvb"
            ecep:reg="ween"
            ecep:spe="ween"
            ecep:syllab="1"
            ecep:pron="wiːn">ween</w>
         <pc xml:id="bjb18-536830"
             n="a-0490"
             ecep:lem=","
             ecep:pos=","
             ecep:reg=","
             ecep:spe=",">,</pc>
         <c> </c>
         <w xml:id="bjb18-536840"
            n="a-0500"
            ecep:lem="the"
            ecep:pos="dt"
            ecep:reg="the"
            ecep:spe="the"
            ecep:syllab="1"
            ecep:pron="ðiː">the</w>
         <c> </c>
         <w xml:id="bjb18-536850"
            n="a-0510"
            ecep:lem="term"
            ecep:pos="n1"
            ecep:reg="term"
            ecep:spe="term"
            ecep:syllab="1"
            ecep:pron="tɜːm">term</w>
         <c> </c>
         <w xml:id="bjb18-536860"
            n="a-0520"
            ecep:lem="will"
            ecep:pos="vmb"
            ecep:reg="will"
            ecep:spe="will"
            ecep:syllab="1"
            ecep:pron="wɪl">will</w>
         <c> </c>
         <w xml:id="bjb18-536870"
            n="a-0530"
            ecep:lem="be"
            ecep:pos="vbi"
            ecep:reg="be"
            ecep:spe="be"
            ecep:syllab="1"
            ecep:pron="biː">be</w>
         <pc xml:id="bjb18-536880"
             n="a-0540"
             ecep:lem=","
             ecep:pos=","
             ecep:reg=","
             ecep:spe=",">,</pc>
      </l>
      <l xml:id="bjb18-l29220">
         <c> </c>
         <w xml:id="bjb18-536890"
            n="a-0550"
            ecep:lem="that"
            ecep:pos="cst"
            ecep:reg="That"
            ecep:spe="That"
            ecep:syllab="1"
            ecep:pron="ðæt">That</w>
         <c> </c>
         <w xml:id="bjb18-536900"
            n="a-0560"
            ecep:lem="i"
            ecep:pos="pns11"
            ecep:reg="I"
            ecep:spe="I"
            ecep:syllab="1"
            ecep:pron="aɪ">I</w>
         <c> </c>
         <w xml:id="bjb18-536910"
            n="a-0570"
            ecep:lem="shall"
            ecep:pos="vmb"
            ecep:reg="shall"
            ecep:spe="shall"
            ecep:syllab="1"
            ecep:pron="ʃæl">shall</w>
         <c> </c>
         <w xml:id="bjb18-536920"
            n="a-0580"
            ecep:lem="parley"
            ecep:pos="vvi"
            ecep:reg="parley"
            ecep:spe="parley"
            ecep:syllab="2"
            ecep:pron="ˈpɑːli">parley</w>
         <c> </c>
         <w xml:id="bjb18-536930"
            n="a-0590"
            ecep:lem="hold"
            ecep:pos="n1"
            ecep:reg="hold"
            ecep:spe="hold"
            ecep:syllab="1"
            ecep:pron="həʊld">hold</w>
         <c> </c>
         <w xml:id="bjb18-536940"
            n="a-0600"
            ecep:lem="with"
            ecep:pos="p-acp"
            ecep:reg="with"
            ecep:spe="with"
            ecep:syllab="1"
            ecep:pron="wɪð">with</w>
         <c> </c>
         <w xml:id="bjb18-536950"
            n="a-0610"
            ecep:lem="thou"
            ecep:pos="pno21"
            ecep:reg="thee"
            ecep:spe="thee"
            ecep:syllab="1"
            ecep:pron="ðiː">thee</w>
         <pc xml:id="bjb18-536960"
             n="a-0620"
             unit="sentence"
             ecep:lem="."
             ecep:pos="."
             ecep:reg="."
             ecep:spe=".">.</pc>
         <c> </c>
      </l>
      <l xml:id="bjb18-l29225">
         <w xml:id="bjb18-536970"
            n="a-0630"
            ecep:lem="through"
            ecep:pos="p-acp"
            ecep:reg="Through"
            ecep:spe="Through"
            ecep:syllab="1"
            ecep:pron="θruː">Through</w>
         <c> </c>
         <w xml:id="bjb18-536980"
            n="a-0640"
            ecep:lem="snowdon"
            ecep:pos="npg1"
            ecep:reg="Snowdon's"
            ecep:spe="Snowdon's"
            ecep:syllab="2"
            ecep:pron="ˈsnəʊdənz">Snowdon's</w>
         <c> </c>
         <w xml:id="bjb18-536990"
            n="a-0650"
            ecep:lem="mist"
            ecep:pos="n1"
            ecep:reg="missed"
            ecep:spe="mist"
            ecep:syllab="1"
            ecep:pron="mɪst">mist</w>
         <c> </c>
         <w xml:id="bjb18-537000"
            n="a-0660"
            ecep:lem="red"
            ecep:pos="j-jn"
            ecep:reg="red"
            ecep:spe="red"
            ecep:syllab="1"
            ecep:pron="red">red</w>
         <c> </c>
         <w xml:id="bjb18-537010"
            n="a-0670"
            ecep:lem="beam"
            ecep:pos="n2"
            ecep:reg="beams"
            ecep:spe="beams"
            ecep:syllab="1"
            ecep:pron="biːmz">beams</w>
         <c> </c>
         <w xml:id="bjb18-537020"
            n="a-0680"
            ecep:lem="the"
            ecep:pos="dt"
            ecep:reg="the"
            ecep:spe="the"
            ecep:syllab="1"
            ecep:pron="ðiː">the</w>
         <c> </c>
         <w xml:id="bjb18-537030"
            n="a-0690"
            ecep:lem="day"
            ecep:pos="n1"
            ecep:reg="day"
            ecep:spe="day"
            ecep:syllab="1"
            ecep:pron="deɪ">day</w>
         <pc xml:id="bjb18-537040"
             n="a-0700"
             ecep:lem=";"
             ecep:pos=";"
             ecep:reg=";"
             ecep:spe=";">;</pc>
      </l>
      <l xml:id="bjb18-l29230">
         <c> </c>
         <w xml:id="bjb18-537050"
            n="a-0710"
            ecep:lem="the"
            ecep:pos="dt"
            ecep:reg="The"
            ecep:spe="The"
            ecep:syllab="1"
            ecep:pron="ðiː">The</w>
         <c> </c>
         <w xml:id="bjb18-537060"
            n="a-0720"
            ecep:lem="climb"
            ecep:pos="j-vvg"
            ecep:reg="climbing"
            ecep:spe="climbing"
            ecep:syllab="2"
            ecep:pron="klaɪmɪŋ">climbing</w>
         <c> </c>
         <w xml:id="bjb18-537070"
            n="a-0730"
            ecep:lem="herdboy"
            ecep:pos="n1"
            ecep:reg="herdboy"
            ecep:spe="herdboy"
            ecep:syllab="2"
            ecep:pron="ˈhɜːdˌbɔɪ">herdboy</w>
         <c> </c>
         <w xml:id="bjb18-537080"
            n="a-0740"
            ecep:lem="chant"
            ecep:pos="vvz"
            ecep:reg="chants"
            ecep:spe="chaunts"
            ecep:syllab="1"
            ecep:pron="tʃˈɔːnts">chaunts</w>
         <c> </c>
         <w xml:id="bjb18-537090"
            n="a-0750"
            ecep:lem="his"
            ecep:pos="po31"
            ecep:reg="his"
            ecep:spe="his"
            ecep:syllab="1"
            ecep:pron="hɪz">his</w>
         <c> </c>
         <w xml:id="bjb18-537100"
            n="a-0760"
            ecep:lem="lay"
            ecep:pos="n-jn"
            ecep:reg="lay"
            ecep:spe="lay"
            ecep:syllab="1"
            ecep:pron="leɪ">lay</w>
         <pc xml:id="bjb18-537110"
             n="a-0770"
             ecep:lem=";"
             ecep:pos=";"
             ecep:reg=";"
             ecep:spe=";">;</pc>
      </l>
      <l xml:id="bjb18-l29235">
         <c> </c>
         <w xml:id="bjb18-537120"
            n="a-0780"
            ecep:lem="the"
            ecep:pos="dt"
            ecep:reg="The"
            ecep:spe="The"
            ecep:syllab="1"
            ecep:pron="ðiː">The</w>
         <c> </c>
         <w xml:id="bjb18-537130"
            n="a-0790"
            ecep:lem="gnat-flies"
            ecep:pos="j"
            ecep:reg="gnat-flies"
            ecep:spe="gnat-flies"
            ecep:syllab="2"
            ecep:pron="nætˌflaɪz">gnat-flies</w>
         <c> </c>
         <w xml:id="bjb18-537140"
            n="a-0800"
            ecep:lem="dance"
            ecep:pos="n1"
            ecep:reg="dance"
            ecep:spe="dance"
            ecep:syllab="1"
            ecep:pron="dɑːns">dance</w>
         <c> </c>
         <w xml:id="bjb18-537150"
            n="a-0810"
            ecep:lem="their"
            ecep:pos="po32"
            ecep:reg="their"
            ecep:spe="their"
            ecep:syllab="1"
            ecep:pron="ðeə">their</w>
         <c> </c>
         <w xml:id="bjb18-537160"
            n="a-0820"
            ecep:lem="sunny"
            ecep:pos="j"
            ecep:reg="sunny"
            ecep:spe="sunny"
            ecep:syllab="2"
            ecep:pron="ˈsʌni">sunny</w>
         <c> </c>
         <w xml:id="bjb18-537170"
            n="a-0830"
            ecep:lem="ring"
            ecep:pos="n1"
            ecep:reg="ring"
            ecep:spe="ring"
            ecep:syllab="1"
            ecep:pron="rɪŋ">ring</w>
         <pc xml:id="bjb18-537180"
             n="a-0840"
             ecep:lem=";"
             ecep:pos=";"
             ecep:reg=";"
             ecep:spe=";">;</pc>
      </l>
      <l xml:id="bjb18-l29240">
         <c> </c>
         <w xml:id="bjb18-537190"
            n="a-0850"
            ecep:lem="thou"
            ecep:pos="pns21"
            ecep:reg="Thou"
            ecep:spe="Thou"
            ecep:syllab="1"
            ecep:pron="θaʊ">Thou</w>
         <c> </c>
         <w xml:id="bjb18-537200"
            n="a-0860"
            ecep:lem="be"
            ecep:pos="vb2r"
            ecep:reg="art"
            ecep:spe="art"
            ecep:syllab="1"
            ecep:pron="ɑːt">art</w>
         <c> </c>
         <w xml:id="bjb18-537210"
            n="a-0870"
            ecep:lem="already"
            ecep:pos="av"
            ecep:reg="already"
            ecep:spe="already"
            ecep:syllab="3"
            ecep:pron="ɔːlˈredi">already</w>
         <c> </c>
         <w xml:id="bjb18-537220"
            n="a-0880"
            ecep:lem="on"
            ecep:pos="p-acp"
            ecep:reg="on"
            ecep:spe="on"
            ecep:syllab="1"
            ecep:pron="ɒn">on</w>
         <c> </c>
         <w xml:id="bjb18-537230"
            n="a-0890"
            ecep:lem="the"
            ecep:pos="dt"
            ecep:reg="the"
            ecep:spe="the"
            ecep:syllab="1"
            ecep:pron="ðiː">the</w>
         <c> </c>
         <w xml:id="bjb18-537240"
            n="a-0900"
            ecep:lem="wing"
            ecep:pos="n1"
            ecep:reg="wing"
            ecep:spe="wing"
            ecep:syllab="1"
            ecep:pron="wɪŋ">wing</w>
         <pc xml:id="bjb18-537250"
             n="a-0910"
             unit="sentence"
             ecep:lem="."
             ecep:pos="."
             ecep:reg="."
             ecep:spe=".">.</pc>
         <c> </c>
      </l>
   </lg>
</div>
