<?xml version="1.0" encoding="utf-8"?>
<!DOCTYPE div
  SYSTEM "about:legacy-compat">
<div xmlns:ecep="http://www.eighteenthcenturypoetry.org/ns"
     xmlns="http://www.tei-c.org/ns/1.0"
     xmlns:tei="http://www.tei-c.org/ns/1.0"
     ana="#iamb #tetrameter #trimeter #hypercatalexis #intermittent #song"
     corresp="#txt_BlamSu1747_w0068"
     decls="#semi-normalized"
     ecep:syllab="8.7.8.7"
     met="-+|-+|-+|-+/ -+|-+|-+|-/ -+|-+|-+|-+/ -+|-+|-+|-/"
     rendition="#lgindent"
     rhyme="xaxa"
     subtype="eceptext"
     type="poem"
     xml:id="bsb18-w0680">
   <link target="authors.xml#aut_BlamSu1747" type="author"/>
   <head type="main">
      <w xml:id="bsb18-662120"
         n="a-0510"
         ecep:lem="I|be"
         ecep:pos="pns11|vbz"
         ecep:reg="I'M"
         ecep:spe="I'M"
         ecep:syllab="1"
         ecep:pron="ˈaɪm">I'M</w>
      <c> </c>
      <w xml:id="bsb18-662130"
         n="a-0520"
         ecep:lem="tibby"
         ecep:pos="np1"
         ecep:reg="TIBBY"
         ecep:spe="TIBBY"
         ecep:syllab="2"
         ecep:pron="tˈɪbi">TIBBY</w>
      <c> </c>
      <w xml:id="bsb18-662140"
         n="a-0530"
         ecep:lem="Fowler"
         ecep:pos="np1"
         ecep:reg="FOWLER"
         ecep:spe="FOWLER"
         ecep:syllab="2"
         ecep:pron="ˈfaʊlə">FOWLER</w>
      <c> </c>
      <w xml:id="bsb18-662150"
         n="a-0540"
         ecep:lem="of"
         ecep:pos="pp-f"
         ecep:reg="OF"
         ecep:spe="O'"
         ecep:syllab="1"
         ecep:pron="əʊ">O'</w>
      <c> </c>
      <w xml:id="bsb18-662160"
         n="a-0550"
         ecep:lem="the"
         ecep:pos="dt"
         ecep:reg="THE"
         ecep:spe="THE"
         ecep:syllab="1"
         ecep:pron="ðiː">THE</w>
      <c> </c>
      <w xml:id="bsb18-662170"
         n="a-0560"
         ecep:lem="glen"
         ecep:pos="n1"
         ecep:reg="GLEN"
         ecep:spe="GLEN"
         ecep:syllab="1"
         ecep:pron="glen">GLEN</w>
      <pc xml:id="bsb18-662180"
          n="a-0570"
          unit="sentence"
          ecep:lem="."
          ecep:pos="."
          ecep:reg="."
          ecep:spe=".">.</pc>
   </head>
   <lg xml:id="bsb18-s01825">
      <l xml:id="bsb18-l29710">
         <w xml:id="bsb18-662210"
            n="a-0580"
            ecep:lem="I|be"
            ecep:pos="pns11|vbz"
            ecep:reg="I'M"
            ecep:spe="I'M"
            ecep:syllab="1"
            ecep:pron="ˈaɪm">I'M</w>
         <c> </c>
         <w xml:id="bsb18-662220"
            n="a-0590"
            ecep:lem="tibby"
            ecep:pos="np1"
            ecep:reg="Tibby"
            ecep:spe="Tibby"
            ecep:syllab="2"
            ecep:pron="tˈɪbi">Tibby</w>
         <c> </c>
         <w xml:id="bsb18-662230"
            n="a-0600"
            ecep:lem="Fowler"
            ecep:pos="np1"
            ecep:reg="Fowler"
            ecep:spe="Fowler"
            ecep:syllab="2"
            ecep:pron="ˈfaʊlə">Fowler</w>
         <c> </c>
         <w xml:id="bsb18-662240"
            n="a-0610"
            ecep:lem="of"
            ecep:pos="pp-f"
            ecep:reg="oF"
            ecep:spe="o'"
            ecep:syllab="1"
            ecep:pron="əʊ">o'</w>
         <c> </c>
         <w xml:id="bsb18-662250"
            n="a-0620"
            ecep:lem="the"
            ecep:pos="dt"
            ecep:reg="the"
            ecep:spe="the"
            ecep:syllab="1"
            ecep:pron="ðiː">the</w>
         <c> </c>
         <w xml:id="bsb18-662260"
            n="a-0630"
            ecep:lem="glen"
            ecep:pos="n1"
            ecep:reg="glen"
            ecep:spe="glen"
            ecep:syllab="1"
            ecep:pron="glen">glen</w>
         <pc xml:id="bsb18-662270"
             n="a-0640"
             ecep:lem=","
             ecep:pos=","
             ecep:reg=","
             ecep:spe=",">,</pc>
      </l>
      <l rendition="#h_3" xml:id="bsb18-l29715">
         <c> </c>
         <w xml:id="bsb18-662280"
            n="a-0650"
            ecep:lem="and"
            ecep:pos="cc"
            ecep:reg="And"
            ecep:spe="And"
            ecep:syllab="1"
            ecep:pron="ænd">And</w>
         <c> </c>
         <w xml:id="bsb18-662290"
            n="a-0660"
            ecep:lem="no"
            ecep:pos="dx"
            ecep:reg="nae"
            ecep:spe="nae"
            ecep:syllab="1"
            ecep:pron="neɪ">nae</w>
         <c> </c>
         <w xml:id="bsb18-662300"
            n="a-0670"
            ecep:lem="great"
            ecep:pos="j"
            ecep:reg="great"
            ecep:spe="great"
            ecep:syllab="1"
            ecep:pron="greɪt">great</w>
         <c> </c>
         <w xml:id="bsb18-662310"
            n="a-0680"
            ecep:lem="sight"
            ecep:pos="n1"
            ecep:reg="sight"
            ecep:spe="sight"
            ecep:syllab="1"
            ecep:pron="saɪt">sight</w>
         <c> </c>
         <w xml:id="bsb18-662320"
            n="a-0690"
            ecep:lem="to"
            ecep:pos="pc-acp"
            ecep:reg="to"
            ecep:spe="to"
            ecep:syllab="1"
            ecep:pron="tuː">to</w>
         <c> </c>
         <w xml:id="bsb18-662330"
            n="a-0700"
            ecep:lem="see"
            ecep:pos="vvi"
            ecep:reg="see"
            ecep:spe="see"
            ecep:syllab="1"
            ecep:pron="siː">see</w>
         <pc xml:id="bsb18-662340"
             n="a-0710"
             ecep:lem=","
             ecep:pos=","
             ecep:reg=","
             ecep:spe=",">,</pc>
         <c> </c>
         <w xml:id="bsb18-662350"
            n="a-0720"
            ecep:lem="sir"
            ecep:pos="n2"
            ecep:reg="sirs"
            ecep:spe="sirs"
            ecep:syllab="1"
            ecep:pron="sɜːz">sirs</w>
         <pc xml:id="bsb18-662360"
             n="a-0730"
             ecep:lem=";"
             ecep:pos=";"
             ecep:reg=";"
             ecep:spe=";">;</pc>
      </l>
      <l xml:id="bsb18-l29720">
         <c> </c>
         <w xml:id="bsb18-662370"
            n="a-0740"
            ecep:lem="but"
            ecep:pos="cc-acp"
            ecep:reg="But"
            ecep:spe="But"
            ecep:syllab="1"
            ecep:pron="bʌt">But</w>
         <c> </c>
         <w xml:id="bsb18-662380"
            n="a-0750"
            ecep:lem="because"
            ecep:pos="c-acp"
            ecep:reg="because"
            ecep:spe="'cause"
            ecep:syllab="1"
            ecep:pron="kəz">'cause</w>
         <c> </c>
         <w xml:id="bsb18-662390"
            n="a-0760"
            ecep:lem="i|be"
            ecep:pos="pns11|vbm"
            ecep:reg="I'm"
            ecep:spe="I'm"
            ecep:syllab="1"
            ecep:pron="ˈaɪm">I'm</w>
         <c> </c>
         <w xml:id="bsb18-662400"
            n="a-0770"
            ecep:lem="rich"
            ecep:pos="j"
            ecep:reg="rich"
            ecep:spe="rich"
            ecep:syllab="1"
            ecep:pron="rɪtʃ">rich</w>
         <pc xml:id="bsb18-662410"
             n="a-0780"
             ecep:lem=","
             ecep:pos=","
             ecep:reg=","
             ecep:spe=",">,</pc>
         <c> </c>
         <w xml:id="bsb18-662420"
            n="a-0790"
            ecep:lem="these"
            ecep:pos="d"
            ecep:reg="these"
            ecep:spe="these"
            ecep:syllab="1"
            ecep:pron="ðiːz">these</w>
         <c> </c>
         <w xml:id="bsb18-662430"
            n="a-0800"
            ecep:lem="plaguy"
            ecep:pos="j"
            ecep:reg="plaguy"
            ecep:spe="plaguy"
            ecep:syllab="2"
            ecep:pron="ˈpleɪgi">plaguy</w>
         <c> </c>
         <w xml:id="bsb18-662440"
            n="a-0810"
            ecep:lem="man"
            ecep:pos="n2"
            ecep:reg="men"
            ecep:spe="men"
            ecep:syllab="1"
            ecep:pron="men">men</w>
      </l>
      <l rendition="#h_3" xml:id="bsb18-l29725">
         <c> </c>
         <w xml:id="bsb18-662450"
            n="a-0820"
            ecep:lem="will"
            ecep:pos="vmb"
            ecep:reg="Will"
            ecep:spe="Will"
            ecep:syllab="1"
            ecep:pron="wɪl">Will</w>
         <c> </c>
         <w xml:id="bsb18-662460"
            n="a-0830"
            ecep:lem="never"
            ecep:pos="av-x"
            ecep:reg="never"
            ecep:spe="never"
            ecep:syllab="2"
            ecep:pron="ˈnevə">never</w>
         <c> </c>
         <w xml:id="bsb18-662470"
            n="a-0840"
            ecep:lem="let"
            ecep:pos="vvi"
            ecep:reg="let"
            ecep:spe="let"
            ecep:syllab="1"
            ecep:pron="let">let</w>
         <c> </c>
         <w xml:id="bsb18-662480"
            n="a-0850"
            ecep:lem="i"
            ecep:pos="pno11"
            ecep:reg="me"
            ecep:spe="me"
            ecep:syllab="1"
            ecep:pron="miː">me</w>
         <c> </c>
         <w xml:id="bsb18-662490"
            n="a-0860"
            ecep:lem="be"
            ecep:pos="vbi"
            ecep:reg="be"
            ecep:spe="be"
            ecep:syllab="1"
            ecep:pron="biː">be</w>
         <pc xml:id="bsb18-662500"
             n="a-0870"
             ecep:lem=","
             ecep:pos=","
             ecep:reg=","
             ecep:spe=",">,</pc>
         <c> </c>
         <w xml:id="bsb18-662510"
            n="a-0880"
            ecep:lem="sir"
            ecep:pos="n2"
            ecep:reg="sirs"
            ecep:spe="sirs"
            ecep:syllab="1"
            ecep:pron="sɜːz">sirs</w>
         <pc xml:id="bsb18-662520"
             n="a-0890"
             unit="sentence"
             ecep:lem="."
             ecep:pos="."
             ecep:reg="."
             ecep:spe=".">.</pc>
         <c> </c>
      </l>
   </lg>
   <lg xml:id="bsb18-s01830">
      <l xml:id="bsb18-l29730">
         <w xml:id="bsb18-662550"
            n="a-0900"
            ecep:lem="there|be"
            ecep:pos="pc-acp|vbz"
            ecep:reg="There's"
            ecep:spe="There's"
            ecep:syllab="1"
            ecep:pron="ðeəz">There's</w>
         <c> </c>
         <w xml:id="bsb18-662560"
            n="a-0910"
            ecep:lem="bonny"
            ecep:pos="j"
            ecep:reg="bonny"
            ecep:spe="bonny"
            ecep:syllab="2"
            ecep:pron="ˈbɒni">bonny</w>
         <c> </c>
         <w xml:id="bsb18-662570"
            n="a-0920"
            ecep:lem="Maggy"
            ecep:pos="np1"
            ecep:reg="Maggy"
            ecep:spe="Maggy"
            ecep:syllab="2"
            ecep:pron="mˈægi">Maggy</w>
         <c> </c>
         <w xml:id="bsb18-662580"
            n="a-0930"
            ecep:lem="of"
            ecep:pos="pp-f"
            ecep:reg="oF"
            ecep:spe="o'"
            ecep:syllab="1"
            ecep:pron="əʊ">o'</w>
         <c> </c>
         <w xml:id="bsb18-662590"
            n="a-0940"
            ecep:lem="the"
            ecep:pos="dt"
            ecep:reg="the"
            ecep:spe="the"
            ecep:syllab="1"
            ecep:pron="ðiː">the</w>
         <c> </c>
         <w xml:id="bsb18-662600"
            n="a-0950"
            ecep:lem="brae"
            ecep:pos="n1"
            ecep:reg="brae"
            ecep:spe="brae"
            ecep:syllab="1"
            ecep:pron="breɪ">brae</w>
      </l>
      <l rendition="#h_3" xml:id="bsb18-l29735">
         <c> </c>
         <w xml:id="bsb18-662610"
            n="a-0960"
            ecep:lem="as"
            ecep:pos="c-acp"
            ecep:reg="As"
            ecep:spe="As"
            ecep:syllab="1"
            ecep:pron="æz">As</w>
         <c> </c>
         <w xml:id="bsb18-662620"
            n="a-0970"
            ecep:lem="good"
            ecep:pos="j"
            ecep:reg="good"
            ecep:spe="gude"
            ecep:syllab="1"
            ecep:pron="gjˈuːd">gude</w>
         <c> </c>
         <w xml:id="bsb18-662630"
            n="a-0980"
            ecep:lem="as"
            ecep:pos="c-acp"
            ecep:reg="as"
            ecep:spe="as"
            ecep:syllab="1"
            ecep:pron="æz">as</w>
         <c> </c>
         <w xml:id="bsb18-662640"
            n="a-0990"
            ecep:lem="lass"
            ecep:pos="n1"
            ecep:reg="lass"
            ecep:spe="lass"
            ecep:syllab="1"
            ecep:pron="læs">lass</w>
         <c> </c>
         <w xml:id="bsb18-662650"
            n="a-1000"
            ecep:lem="can"
            ecep:pos="vmb"
            ecep:reg="can"
            ecep:spe="can"
            ecep:syllab="1"
            ecep:pron="kæn">can</w>
         <c> </c>
         <w xml:id="bsb18-662660"
            n="a-1010"
            ecep:lem="be"
            ecep:pos="vbi"
            ecep:reg="be"
            ecep:spe="be"
            ecep:syllab="1"
            ecep:pron="biː">be</w>
         <pc xml:id="bsb18-662670"
             n="a-1020"
             ecep:lem=","
             ecep:pos=","
             ecep:reg=","
             ecep:spe=",">,</pc>
         <c> </c>
         <w xml:id="bsb18-662680"
            n="a-1030"
            ecep:lem="sir"
            ecep:pos="n2"
            ecep:reg="sirs"
            ecep:spe="sirs"
            ecep:syllab="1"
            ecep:pron="sɜːz">sirs</w>
         <pc xml:id="bsb18-662690"
             n="a-1040"
             ecep:lem=";"
             ecep:pos=";"
             ecep:reg=";"
             ecep:spe=";">;</pc>
      </l>
      <l xml:id="bsb18-l29740">
         <c> </c>
         <w xml:id="bsb18-662700"
            n="a-1050"
            ecep:lem="but"
            ecep:pos="cc-acp"
            ecep:reg="But"
            ecep:spe="But"
            ecep:syllab="1"
            ecep:pron="bʌt">But</w>
         <c> </c>
         <w xml:id="bsb18-662710"
            n="a-1060"
            ecep:lem="because"
            ecep:pos="c-acp"
            ecep:reg="because"
            ecep:spe="'cause"
            ecep:syllab="1"
            ecep:pron="kəz">'cause</w>
         <c> </c>
         <w xml:id="bsb18-662720"
            n="a-1070"
            ecep:lem="i|be"
            ecep:pos="pns11|vbm"
            ecep:reg="I'm"
            ecep:spe="I'm"
            ecep:syllab="1"
            ecep:pron="ˈaɪm">I'm</w>
         <c> </c>
         <w xml:id="bsb18-662730"
            n="a-1080"
            ecep:lem="rich"
            ecep:pos="j"
            ecep:reg="rich"
            ecep:spe="rich"
            ecep:syllab="1"
            ecep:pron="rɪtʃ">rich</w>
         <c> </c>
         <w xml:id="bsb18-662740"
            n="a-1090"
            ecep:lem="these"
            ecep:pos="d"
            ecep:reg="these"
            ecep:spe="these"
            ecep:syllab="1"
            ecep:pron="ðiːz">these</w>
         <c> </c>
         <w xml:id="bsb18-662750"
            n="a-1100"
            ecep:lem="plaguy"
            ecep:pos="j"
            ecep:reg="plaguy"
            ecep:spe="plaguy"
            ecep:syllab="2"
            ecep:pron="ˈpleɪgi">plaguy</w>
         <c> </c>
         <w xml:id="bsb18-662760"
            n="a-1110"
            ecep:lem="man"
            ecep:pos="n2"
            ecep:reg="men"
            ecep:spe="men"
            ecep:syllab="1"
            ecep:pron="men">men</w>
      </l>
      <l rendition="#h_3" xml:id="bsb18-l29745">
         <c> </c>
         <w xml:id="bsb18-662770"
            n="a-1120"
            ecep:lem="have"
            ecep:pos="vhb"
            ecep:reg="Hae"
            ecep:spe="Hae"
            ecep:syllab="1"
            ecep:pron="heɪ">Hae</w>
         <c> </c>
         <w xml:id="bsb18-662780"
            n="a-1130"
            ecep:lem="all"
            ecep:pos="d"
            ecep:reg="of"
            ecep:spe="a'"
            ecep:syllab="1"
            ecep:pron="ə">a'</w>
         <c> </c>
         <w xml:id="bsb18-662790"
            n="a-1140"
            ecep:lem="run"
            ecep:pos="n1"
            ecep:reg="run"
            ecep:spe="run"
            ecep:syllab="1"
            ecep:pron="rʌn">run</w>
         <c> </c>
         <w xml:id="bsb18-662800"
            n="a-1150"
            ecep:lem="will"
            ecep:pos="vmd"
            ecep:reg="would"
            ecep:spe="wud"
            ecep:syllab="1"
            ecep:pron="wˈʌd">wud</w>
         <c> </c>
         <w xml:id="bsb18-662810"
            n="a-1160"
            ecep:lem="for"
            ecep:pos="p-acp"
            ecep:reg="for"
            ecep:spe="for"
            ecep:syllab="1"
            ecep:pron="fɔː">for</w>
         <c> </c>
         <w xml:id="bsb18-662820"
            n="a-1170"
            ecep:lem="i"
            ecep:pos="pno11"
            ecep:reg="me"
            ecep:spe="me"
            ecep:syllab="1"
            ecep:pron="miː">me</w>
         <pc xml:id="bsb18-662830"
             n="a-1180"
             ecep:lem=","
             ecep:pos=","
             ecep:reg=","
             ecep:spe=",">,</pc>
         <c> </c>
         <w xml:id="bsb18-662840"
            n="a-1190"
            ecep:lem="sir"
            ecep:pos="n2"
            ecep:reg="sirs"
            ecep:spe="sirs"
            ecep:syllab="1"
            ecep:pron="sɜːz">sirs</w>
         <pc xml:id="bsb18-662850"
             n="a-1200"
             unit="sentence"
             ecep:lem="."
             ecep:pos="."
             ecep:reg="."
             ecep:spe=".">.</pc>
         <c> </c>
      </l>
   </lg>
   <lg xml:id="bsb18-s01835">
      <l xml:id="bsb18-l29750">
         <w xml:id="bsb18-662880"
            n="a-1210"
            ecep:lem="there|be"
            ecep:pos="pc-acp|vbz"
            ecep:reg="There's"
            ecep:spe="There's"
            ecep:syllab="1"
            ecep:pron="ðeəz">There's</w>
         <c> </c>
         <w xml:id="bsb18-662890"
            n="a-1220"
            ecep:lem="nabob"
            ecep:pos="n1"
            ecep:reg="Nabob"
            ecep:spe="Nabob"
            ecep:syllab="2"
            ecep:pron="ˈneɪbɒb">Nabob</w>
         <c> </c>
         <w xml:id="bsb18-662900"
            n="a-1230"
            ecep:lem="Jock"
            ecep:pos="np1"
            ecep:reg="Jock"
            ecep:spe="Jock"
            ecep:syllab="1"
            ecep:pron="dʒɒk">Jock</w>
         <c> </c>
         <w xml:id="bsb18-662910"
            n="a-1240"
            ecep:lem="come"
            ecep:pos="vvz"
            ecep:reg="comes"
            ecep:spe="comes"
            ecep:syllab="1"
            ecep:pron="kʌmz">comes</w>
         <c> </c>
         <w xml:id="bsb18-662920"
            n="a-1250"
            ecep:lem="strut"
            ecep:pos="vvg"
            ecep:reg="strutting"
            ecep:spe="strutting"
            ecep:syllab="2"
            ecep:pron="ˈstrʌtɪŋ">strutting</w>
         <c> </c>
         <w xml:id="bsb18-662930"
            n="a-1260"
            ecep:lem="be"
            ecep:pos="vbn"
            ecep:reg="ben"
            ecep:spe="ben"
            ecep:syllab="1"
            ecep:pron="ben">ben</w>
         <pc xml:id="bsb18-662940"
             n="a-1270"
             ecep:lem=","
             ecep:pos=","
             ecep:reg=","
             ecep:spe=",">,</pc>
      </l>
      <l rendition="#h_3" xml:id="bsb18-l29755">
         <c> </c>
         <w xml:id="bsb18-662950"
            n="a-1280"
            ecep:lem="he"
            ecep:pos="pns31"
            ecep:reg="He"
            ecep:spe="He"
            ecep:syllab="1"
            ecep:pron="hiː">He</w>
         <c> </c>
         <w xml:id="bsb18-662960"
            n="a-1290"
            ecep:lem="think"
            ecep:pos="vvz"
            ecep:reg="thinks"
            ecep:spe="thinks"
            ecep:syllab="1"
            ecep:pron="θɪŋks">thinks</w>
         <c> </c>
         <w xml:id="bsb18-662970"
            n="a-1300"
            ecep:lem="the"
            ecep:pos="dt"
            ecep:reg="the"
            ecep:spe="the"
            ecep:syllab="1"
            ecep:pron="ðiː">the</w>
         <c> </c>
         <w xml:id="bsb18-662980"
            n="a-1310"
            ecep:lem="day"
            ecep:pos="ng1"
            ecep:reg="day's"
            ecep:spe="day's"
            ecep:syllab="1"
            ecep:pron="ˈdeɪz">day's</w>
         <c> </c>
         <w xml:id="bsb18-662990"
            n="a-1320"
            ecep:lem="his"
            ecep:pos="po31"
            ecep:reg="his"
            ecep:spe="his"
            ecep:syllab="1"
            ecep:pron="hɪz">his</w>
         <c> </c>
         <w xml:id="bsb18-663000"
            n="a-1330"
            ecep:lem="sin"
            ecep:pos="n1"
            ecep:reg="sin"
            ecep:spe="sin"
            ecep:syllab="1"
            ecep:pron="sɪn">sin</w>
         <pc xml:id="bsb18-663010"
             n="a-1340"
             ecep:lem=","
             ecep:pos=","
             ecep:reg=","
             ecep:spe=",">,</pc>
         <c> </c>
         <w xml:id="bsb18-663020"
            n="a-1350"
            ecep:lem="sir"
            ecep:pos="n2"
            ecep:reg="sirs"
            ecep:spe="sirs"
            ecep:syllab="1"
            ecep:pron="sɜːz">sirs</w>
         <pc xml:id="bsb18-663030"
             n="a-1360"
             ecep:lem=";"
             ecep:pos=";"
             ecep:reg=";"
             ecep:spe=";">;</pc>
      </l>
      <l xml:id="bsb18-l29760">
         <c> </c>
         <w xml:id="bsb18-663040"
            n="a-1370"
            ecep:lem="but"
            ecep:pos="cc-acp"
            ecep:reg="But"
            ecep:spe="But"
            ecep:syllab="1"
            ecep:pron="bʌt">But</w>
         <c> </c>
         <w xml:id="bsb18-663050"
            n="a-1380"
            ecep:lem="be"
            ecep:pos="vbdr"
            ecep:reg="were"
            ecep:spe="were"
            ecep:syllab="1"
            ecep:pron="wɜː">were</w>
         <c> </c>
         <w xml:id="bsb18-663060"
            n="a-1390"
            ecep:lem="he"
            ecep:pos="pns31"
            ecep:reg="he"
            ecep:spe="he"
            ecep:syllab="1"
            ecep:pron="hiː">he</w>
         <c> </c>
         <w xml:id="bsb18-663070"
            n="a-1400"
            ecep:lem="all"
            ecep:pos="d"
            ecep:reg="of"
            ecep:spe="a'"
            ecep:syllab="1"
            ecep:pron="ə">a'</w>
         <c> </c>
         <w xml:id="bsb18-663080"
            n="a-1410"
            ecep:lem="hang"
            ecep:pos="vvd"
            ecep:reg="hung"
            ecep:spe="hung"
            ecep:syllab="1"
            ecep:pron="hʌŋ">hung</w>
         <c> </c>
         <w xml:id="bsb18-663090"
            n="a-1420"
            ecep:lem="round"
            ecep:pos="av-j"
            ecep:reg="round"
            ecep:spe="round"
            ecep:syllab="1"
            ecep:pron="raʊnd">round</w>
         <c> </c>
         <w xml:id="bsb18-663100"
            n="a-1430"
            ecep:lem="with"
            ecep:pos="p-acp"
            ecep:reg="with"
            ecep:spe="wi'"
            ecep:syllab="1"
            ecep:pron="wˈaɪ">wi'</w>
         <c> </c>
         <w xml:id="bsb18-663110"
            n="a-1440"
            ecep:lem="goud"
            ecep:pos="n1"
            ecep:reg="goud"
            ecep:spe="goud"
            ecep:syllab="1"
            ecep:pron="gˈaʊd">goud</w>
         <pc xml:id="bsb18-663120"
             n="a-1450"
             ecep:lem=","
             ecep:pos=","
             ecep:reg=","
             ecep:spe=",">,</pc>
      </l>
      <l rendition="#h_3" xml:id="bsb18-l29765">
         <c> </c>
         <w xml:id="bsb18-663130"
            n="a-1460"
            ecep:lem="he|will"
            ecep:pos="pns31|vmd"
            ecep:reg="He'd"
            ecep:spe="He'd"
            ecep:syllab="1"
            ecep:pron="hiːd">He'd</w>
         <c> </c>
         <w xml:id="bsb18-663140"
            n="a-1470"
            ecep:lem="find"
            ecep:pos="vvi"
            ecep:reg="find"
            ecep:spe="find"
            ecep:syllab="1"
            ecep:pron="faɪnd">find</w>
         <c> </c>
         <w xml:id="bsb18-663150"
            n="a-1480"
            ecep:lem="himself"
            ecep:pos="px31"
            ecep:reg="himself"
            ecep:spe="himsel"
            ecep:syllab="2"
            ecep:pron="hˈɪmsəl">himsel</w>
         <c> </c>
         <w xml:id="bsb18-663160"
            n="a-1490"
            ecep:lem="mistake"
            ecep:pos="vvn"
            ecep:reg="mistaken"
            ecep:spe="mista'en"
            ecep:syllab="2"
            ecep:pron="mɪstˈæən">mista'en</w>
         <pc xml:id="bsb18-663170"
             n="a-1500"
             ecep:lem=","
             ecep:pos=","
             ecep:reg=","
             ecep:spe=",">,</pc>
         <c> </c>
         <w xml:id="bsb18-663180"
            n="a-1510"
            ecep:lem="sir"
            ecep:pos="n2"
            ecep:reg="sirs"
            ecep:spe="sirs"
            ecep:syllab="1"
            ecep:pron="sɜːz">sirs</w>
         <pc xml:id="bsb18-663190"
             n="a-1520"
             unit="sentence"
             ecep:lem="."
             ecep:pos="."
             ecep:reg="."
             ecep:spe=".">.</pc>
         <c> </c>
      </l>
   </lg>
   <lg xml:id="bsb18-s01840">
      <l xml:id="bsb18-l29770">
         <w xml:id="bsb18-663220"
            n="a-1530"
            ecep:lem="there|be"
            ecep:pos="pc-acp|vbz"
            ecep:reg="There's"
            ecep:spe="There's"
            ecep:syllab="1"
            ecep:pron="ðeəz">There's</w>
         <c> </c>
         <w xml:id="bsb18-663230"
            n="a-1540"
            ecep:lem="that"
            ecep:pos="cst"
            ecep:reg="What"
            ecep:spe="Wat"
            ecep:syllab="1"
            ecep:pron="wɑːt">Wat</w>
         <c> </c>
         <w xml:id="bsb18-663240"
            n="a-1550"
            ecep:lem="aye"
            ecep:pos="uh"
            ecep:reg="aye"
            ecep:spe="aye"
            ecep:syllab="1"
            ecep:pron="eɪ">aye</w>
         <c> </c>
         <w xml:id="bsb18-663250"
            n="a-1560"
            ecep:lem="try"
            ecep:pos="vvz"
            ecep:reg="tries"
            ecep:spe="tries"
            ecep:syllab="1"
            ecep:pron="traɪz">tries</w>
         <c> </c>
         <w xml:id="bsb18-663260"
            n="a-1570"
            ecep:lem="to"
            ecep:pos="p-acp"
            ecep:reg="to"
            ecep:spe="to"
            ecep:syllab="1"
            ecep:pron="tuː">to</w>
         <c> </c>
         <w xml:id="bsb18-663270"
            n="a-1580"
            ecep:lem="glowr"
            ecep:pos="n1"
            ecep:reg="glowr"
            ecep:spe="glowr"
            ecep:syllab="1"
            ecep:pron="glˈəʊə">glowr</w>
         <c> </c>
         <w xml:id="bsb18-663280"
            n="a-1590"
            ecep:lem="and"
            ecep:pos="cc"
            ecep:reg="and"
            ecep:spe="and"
            ecep:syllab="1"
            ecep:pron="ænd">and</w>
         <c> </c>
         <w xml:id="bsb18-663290"
            n="a-1600"
            ecep:lem="sigh"
            ecep:pos="n1"
            ecep:reg="sigh"
            ecep:spe="sigh"
            ecep:syllab="1"
            ecep:pron="saɪ">sigh</w>
      </l>
      <l rendition="#h_3" xml:id="bsb18-l29775">
         <c> </c>
         <w xml:id="bsb18-663300"
            n="a-1610"
            ecep:lem="that"
            ecep:pos="cst"
            ecep:reg="That"
            ecep:spe="That"
            ecep:syllab="1"
            ecep:pron="ðæt">That</w>
         <c> </c>
         <w xml:id="bsb18-663310"
            n="a-1620"
            ecep:lem="i"
            ecep:pos="pns11"
            ecep:reg="I"
            ecep:spe="I"
            ecep:syllab="1"
            ecep:pron="aɪ">I</w>
         <c> </c>
         <w xml:id="bsb18-663320"
            n="a-1630"
            ecep:lem="may"
            ecep:pos="vmb"
            ecep:reg="may"
            ecep:spe="may"
            ecep:syllab="1"
            ecep:pron="meɪ">may</w>
         <c> </c>
         <w xml:id="bsb18-663330"
            n="a-1640"
            ecep:lem="guess"
            ecep:pos="vvi"
            ecep:reg="guess"
            ecep:spe="guess"
            ecep:syllab="1"
            ecep:pron="ges">guess</w>
         <c> </c>
         <w xml:id="bsb18-663340"
            n="a-1650"
            ecep:lem="the"
            ecep:pos="dt"
            ecep:reg="the"
            ecep:spe="the"
            ecep:syllab="1"
            ecep:pron="ðiː">the</w>
         <c> </c>
         <w xml:id="bsb18-663350"
            n="a-1660"
            ecep:lem="cause"
            ecep:pos="n1"
            ecep:reg="cause"
            ecep:spe="cause"
            ecep:syllab="1"
            ecep:pron="kɔːz">cause</w>
         <pc xml:id="bsb18-663360"
             n="a-1670"
             ecep:lem=","
             ecep:pos=","
             ecep:reg=","
             ecep:spe=",">,</pc>
         <c> </c>
         <w xml:id="bsb18-663370"
            n="a-1680"
            ecep:lem="sir"
            ecep:pos="n2"
            ecep:reg="sirs"
            ecep:spe="sirs"
            ecep:syllab="1"
            ecep:pron="sɜːz">sirs</w>
         <pc xml:id="bsb18-663380"
             n="a-1690"
             ecep:lem=";"
             ecep:pos=";"
             ecep:reg=";"
             ecep:spe=";">;</pc>
      </l>
      <l xml:id="bsb18-l29780">
         <c> </c>
         <w xml:id="bsb18-663390"
            n="a-1700"
            ecep:lem="but"
            ecep:pos="cc-acp"
            ecep:reg="But"
            ecep:spe="But"
            ecep:syllab="1"
            ecep:pron="bʌt">But</w>
         <c> </c>
         <w xml:id="bsb18-663400"
            n="a-1710"
            ecep:lem="jenny-like"
            ecep:pos="j"
            ecep:reg="Jenny-like"
            ecep:spe="Jenny-like"
            ecep:syllab="3"
            ecep:pron="ˈdʒeniˌlaɪk">Jenny-like</w>
         <c> </c>
         <w xml:id="bsb18-663410"
            n="a-1720"
            ecep:lem="i"
            ecep:pos="pns11"
            ecep:reg="I"
            ecep:spe="I"
            ecep:syllab="1"
            ecep:pron="aɪ">I</w>
         <c> </c>
         <w xml:id="bsb18-663420"
            n="a-1730"
            ecep:lem="hate"
            ecep:pos="vvb"
            ecep:reg="hate"
            ecep:spe="hate"
            ecep:syllab="1"
            ecep:pron="heɪt">hate</w>
         <c> </c>
         <w xml:id="bsb18-663430"
            n="a-1740"
            ecep:lem="to"
            ecep:pos="pc-acp"
            ecep:reg="to"
            ecep:spe="to"
            ecep:syllab="1"
            ecep:pron="tuː">to</w>
         <c> </c>
         <w xml:id="bsb18-663440"
            n="a-1750"
            ecep:lem="spell"
            ecep:pos="vvi"
            ecep:reg="spell"
            ecep:spe="spell"
            ecep:syllab="1"
            ecep:pron="spel">spell</w>
      </l>
      <l rendition="#h_3" xml:id="bsb18-l29785">
         <c> </c>
         <w xml:id="bsb18-663450"
            n="a-1760"
            ecep:lem="dumb"
            ecep:pos="j"
            ecep:reg="Dumb"
            ecep:spe="Dumb"
            ecep:syllab="1"
            ecep:pron="dʌm">Dumb</w>
         <c> </c>
         <w xml:id="bsb18-663460"
            n="a-1770"
            ecep:lem="roger"
            ecep:pos="fw-la"
            ecep:reg="Roger's"
            ecep:spe="Roger's"
            ecep:syllab="2"
            ecep:pron="ˈrɒdʒəz">Roger's</w>
         <c> </c>
         <w xml:id="bsb18-663470"
            n="a-1780"
            ecep:lem="hum"
            ecep:pos="n2"
            ecep:reg="hums"
            ecep:spe="hums"
            ecep:syllab="1"
            ecep:pron="hʌmz">hums</w>
         <c> </c>
         <w xml:id="bsb18-663480"
            n="a-1790"
            ecep:lem="and"
            ecep:pos="cc"
            ecep:reg="and"
            ecep:spe="and"
            ecep:syllab="1"
            ecep:pron="ænd">and</w>
         <c> </c>
         <w xml:id="bsb18-663490"
            n="a-1800"
            ecep:lem="ha|be"
            ecep:pos="uh|vbz"
            ecep:reg="ha"
            ecep:spe="ha's"
            ecep:syllab="1"
            ecep:pron="hɑːz">ha's</w>
         <pc xml:id="bsb18-663500"
             n="a-1810"
             ecep:lem=","
             ecep:pos=","
             ecep:reg=","
             ecep:spe=",">,</pc>
         <c> </c>
         <w xml:id="bsb18-663510"
            n="a-1820"
            ecep:lem="sir"
            ecep:pos="n2"
            ecep:reg="sirs"
            ecep:spe="sirs"
            ecep:syllab="1"
            ecep:pron="sɜːz">sirs</w>
         <pc xml:id="bsb18-663520"
             n="a-1830"
             unit="sentence"
             ecep:lem="."
             ecep:pos="."
             ecep:reg="."
             ecep:spe=".">.</pc>
         <c> </c>
      </l>
   </lg>
   <pb n="231" rend="none"/>
   <lg xml:id="bsb18-s01845">
      <l xml:id="bsb18-l29790">
         <w xml:id="bsb18-663550"
            n="a-0010"
            ecep:lem="there|be"
            ecep:pos="pc-acp|vbz"
            ecep:reg="There's"
            ecep:spe="There's"
            ecep:syllab="1"
            ecep:pron="ðeəz">There's</w>
         <c> </c>
         <w xml:id="bsb18-663560"
            n="a-0020"
            ecep:lem="grin"
            ecep:pos="j-vvg"
            ecep:reg="grinning"
            ecep:spe="grinning"
            ecep:syllab="2"
            ecep:pron="ˈgrɪnɪŋ">grinning</w>
         <c> </c>
         <w xml:id="bsb18-663570"
            n="a-0030"
            ecep:lem="pate"
            ecep:pos="n1"
            ecep:reg="Pate"
            ecep:spe="Pate"
            ecep:syllab="1"
            ecep:pron="ˈpæteɪ">Pate</w>
         <c> </c>
         <w xml:id="bsb18-663580"
            n="a-0040"
            ecep:lem="laugh"
            ecep:pos="vvz"
            ecep:reg="laughs"
            ecep:spe="laughs"
            ecep:syllab="1"
            ecep:pron="lɑːfs">laughs</w>
         <c> </c>
         <w xml:id="bsb18-663590"
            n="a-0050"
            ecep:lem="all"
            ecep:pos="d"
            ecep:reg="of"
            ecep:spe="a'"
            ecep:syllab="1"
            ecep:pron="ə">a'</w>
         <c> </c>
         <w xml:id="bsb18-663600"
            n="a-0060"
            ecep:lem="day"
            ecep:pos="n1"
            ecep:reg="day"
            ecep:spe="day"
            ecep:syllab="1"
            ecep:pron="deɪ">day</w>
         <c> </c>
         <w xml:id="bsb18-663610"
            n="a-0070"
            ecep:lem="through"
            ecep:pos="a-acp"
            ecep:reg="through"
            ecep:spe="through"
            ecep:syllab="1"
            ecep:pron="θruː">through</w>
         <pc xml:id="bsb18-663620"
             n="a-0080"
             ecep:lem=","
             ecep:pos=","
             ecep:reg=","
             ecep:spe=",">,</pc>
      </l>
      <l rendition="#h_3" xml:id="bsb18-l29795">
         <c> </c>
         <w xml:id="bsb18-663630"
            n="a-0090"
            ecep:lem="the"
            ecep:pos="dt"
            ecep:reg="The"
            ecep:spe="The"
            ecep:syllab="1"
            ecep:pron="ðiː">The</w>
         <c> </c>
         <w xml:id="bsb18-663640"
            n="a-0100"
            ecep:lem="blithe"
            ecep:pos="js"
            ecep:reg="blithest"
            ecep:spe="blithest"
            ecep:syllab="2"
            ecep:pron="blaɪðɪst">blithest</w>
         <c> </c>
         <w xml:id="bsb18-663650"
            n="a-0110"
            ecep:lem="lad"
            ecep:pos="n1"
            ecep:reg="lad"
            ecep:spe="lad"
            ecep:syllab="1"
            ecep:pron="læd">lad</w>
         <c> </c>
         <w xml:id="bsb18-663660"
            n="a-0120"
            ecep:lem="you|will"
            ecep:pos="pn22|vmb"
            ecep:reg="you'll"
            ecep:spe="ye'll"
            ecep:syllab="1"
            ecep:pron="jˈiːəl">ye'll</w>
         <c> </c>
         <w xml:id="bsb18-663670"
            n="a-0130"
            ecep:lem="see"
            ecep:pos="vvi"
            ecep:reg="see"
            ecep:spe="see"
            ecep:syllab="1"
            ecep:pron="siː">see</w>
         <pc xml:id="bsb18-663680"
             n="a-0140"
             ecep:lem=","
             ecep:pos=","
             ecep:reg=","
             ecep:spe=",">,</pc>
         <c> </c>
         <w xml:id="bsb18-663690"
            n="a-0150"
            ecep:lem="sir"
            ecep:pos="n2"
            ecep:reg="sirs"
            ecep:spe="sirs"
            ecep:syllab="1"
            ecep:pron="sɜːz">sirs</w>
         <pc xml:id="bsb18-663700"
             n="a-0160"
             ecep:lem=";"
             ecep:pos=";"
             ecep:reg=";"
             ecep:spe=";">;</pc>
      </l>
      <l xml:id="bsb18-l29800">
         <c> </c>
         <w xml:id="bsb18-663710"
            n="a-0170"
            ecep:lem="but"
            ecep:pos="cc-acp"
            ecep:reg="But"
            ecep:spe="But"
            ecep:syllab="1"
            ecep:pron="bʌt">But</w>
         <c> </c>
         <w xml:id="bsb18-663720"
            n="a-0180"
            ecep:lem="troth"
            ecep:pos="n1"
            ecep:reg="troth"
            ecep:spe="troth"
            ecep:syllab="1"
            ecep:pron="trəʊθ">troth</w>
         <c> </c>
         <w xml:id="bsb18-663730"
            n="a-0190"
            ecep:lem="he"
            ecep:pos="pns31"
            ecep:reg="he"
            ecep:spe="he"
            ecep:syllab="1"
            ecep:pron="hiː">he</w>
         <c> </c>
         <w xml:id="bsb18-663740"
            n="a-0200"
            ecep:lem="laugh"
            ecep:pos="vvz"
            ecep:reg="laughs"
            ecep:spe="laughs"
            ecep:syllab="1"
            ecep:pron="lɑːfs">laughs</w>
         <c> </c>
         <w xml:id="bsb18-663750"
            n="a-0210"
            ecep:lem="so"
            ecep:pos="av"
            ecep:reg="sae"
            ecep:spe="sae"
            ecep:syllab="1"
            ecep:pron="ˌeseɪˈiː">sae</w>
         <c> </c>
         <w xml:id="bsb18-663760"
            n="a-0220"
            ecep:lem="out"
            ecep:pos="av"
            ecep:reg="out"
            ecep:spe="out"
            ecep:syllab="1"
            ecep:pron="aʊt">out</w>
         <c> </c>
         <w xml:id="bsb18-663770"
            n="a-0230"
            ecep:lem="of"
            ecep:pos="pp-f"
            ecep:reg="oF"
            ecep:spe="o'"
            ecep:syllab="1"
            ecep:pron="əʊ">o'</w>
         <c> </c>
         <w xml:id="bsb18-663780"
            n="a-0240"
            ecep:lem="place"
            ecep:pos="n1"
            ecep:reg="place"
            ecep:spe="place"
            ecep:syllab="1"
            ecep:pron="pleɪs">place</w>
         <pc xml:id="bsb18-663790"
             n="a-0250"
             ecep:lem=","
             ecep:pos=","
             ecep:reg=","
             ecep:spe=",">,</pc>
      </l>
      <l rendition="#h_3" xml:id="bsb18-l29805">
         <c> </c>
         <w xml:id="bsb18-663800"
            n="a-0260"
            ecep:lem="he|will"
            ecep:pos="pns31|vmd"
            ecep:reg="He'd"
            ecep:spe="He'd"
            ecep:syllab="1"
            ecep:pron="hiːd">He'd</w>
         <c> </c>
         <w xml:id="bsb18-663810"
            n="a-0270"
            ecep:lem="laugh"
            ecep:pos="vvi"
            ecep:reg="laugh"
            ecep:spe="laugh"
            ecep:syllab="1"
            ecep:pron="lɑːf">laugh</w>
         <c> </c>
         <w xml:id="bsb18-663820"
            n="a-0280"
            ecep:lem="gin"
            ecep:pos="n1"
            ecep:reg="gin"
            ecep:spe="gin"
            ecep:syllab="1"
            ecep:pron="dʒɪn">gin</w>
         <c> </c>
         <w xml:id="bsb18-663830"
            n="a-0290"
            ecep:lem="i"
            ecep:pos="pns11"
            ecep:reg="I"
            ecep:spe="I"
            ecep:syllab="1"
            ecep:pron="aɪ">I</w>
         <c> </c>
         <w xml:id="bsb18-663840"
            n="a-0300"
            ecep:lem="do"
            ecep:pos="vdd"
            ecep:reg="did"
            ecep:spe="did"
            ecep:syllab="1"
            ecep:pron="dɪd">did</w>
         <c> </c>
         <w xml:id="bsb18-663850"
            n="a-0310"
            ecep:lem="die"
            ecep:pos="vvi"
            ecep:reg="die"
            ecep:spe="die"
            ecep:syllab="1"
            ecep:pron="daɪ">die</w>
         <pc xml:id="bsb18-663860"
             n="a-0320"
             ecep:lem=","
             ecep:pos=","
             ecep:reg=","
             ecep:spe=",">,</pc>
         <c> </c>
         <w xml:id="bsb18-663870"
            n="a-0330"
            ecep:lem="sir"
            ecep:pos="n2"
            ecep:reg="sirs"
            ecep:spe="sirs"
            ecep:syllab="1"
            ecep:pron="sɜːz">sirs</w>
         <pc xml:id="bsb18-663880"
             n="a-0340"
             unit="sentence"
             ecep:lem="."
             ecep:pos="."
             ecep:reg="."
             ecep:spe=".">.</pc>
         <c> </c>
      </l>
   </lg>
   <lg xml:id="bsb18-s01850">
      <l xml:id="bsb18-l29810">
         <w xml:id="bsb18-663910"
            n="a-0350"
            ecep:lem="there|be"
            ecep:pos="pc-acp|vbz"
            ecep:reg="There's"
            ecep:spe="There's"
            ecep:syllab="1"
            ecep:pron="ðeəz">There's</w>
         <c> </c>
         <w xml:id="bsb18-663920"
            n="a-0360"
            ecep:lem="Sandy"
            ecep:pos="np1"
            ecep:reg="Sandy"
            ecep:spe="Sandy"
            ecep:syllab="2"
            ecep:pron="ˈsændi">Sandy</w>
         <pc xml:id="bsb18-663930"
             n="a-0370"
             ecep:lem=","
             ecep:pos=","
             ecep:reg=","
             ecep:spe=",">,</pc>
         <c> </c>
         <w xml:id="bsb18-663940"
            n="a-0380"
            ecep:lem="he|be"
            ecep:pos="pns31|vbz"
            ecep:reg="he's"
            ecep:spe="he's"
            ecep:syllab="1"
            ecep:pron="hiːz">he's</w>
         <c> </c>
         <w xml:id="bsb18-663950"
            n="a-0390"
            ecep:lem="so"
            ecep:pos="av"
            ecep:reg="sae"
            ecep:spe="sae"
            ecep:syllab="1"
            ecep:pron="ˌeseɪˈiː">sae</w>
         <c> </c>
         <w xml:id="bsb18-663960"
            n="a-0400"
            ecep:lem="fou"
            ecep:pos="fw-fr"
            ecep:reg="fou"
            ecep:spe="fou"
            ecep:syllab="1"
            ecep:pron="fuː">fou</w>
         <c> </c>
         <w xml:id="bsb18-663970"
            n="a-0410"
            ecep:lem="of"
            ecep:pos="pp-f"
            ecep:reg="oF"
            ecep:spe="o'"
            ecep:syllab="1"
            ecep:pron="əʊ">o'</w>
         <c> </c>
         <w xml:id="bsb18-663980"
            n="a-0420"
            ecep:lem="lear"
            ecep:pos="j"
            ecep:reg="lear"
            ecep:spe="lear"
            ecep:syllab="1"
            ecep:pron="ˈlɪə">lear</w>
         <pc xml:id="bsb18-663990"
             n="a-0430"
             ecep:lem=","
             ecep:pos=","
             ecep:reg=","
             ecep:spe=",">,</pc>
      </l>
      <l rendition="#h_3" xml:id="bsb18-l29815">
         <c> </c>
         <w xml:id="bsb18-664000"
            n="a-0440"
            ecep:lem="to"
            ecep:pos="pc-acp"
            ecep:reg="To"
            ecep:spe="To"
            ecep:syllab="1"
            ecep:pron="tuː">To</w>
         <c> </c>
         <w xml:id="bsb18-664010"
            n="a-0450"
            ecep:lem="talk"
            ecep:pos="vvi"
            ecep:reg="talk"
            ecep:spe="talk"
            ecep:syllab="1"
            ecep:pron="tɔːk">talk</w>
         <c> </c>
         <w xml:id="bsb18-664020"
            n="a-0460"
            ecep:lem="with"
            ecep:pos="p-acp"
            ecep:reg="with"
            ecep:spe="wi'"
            ecep:syllab="1"
            ecep:pron="wˈaɪ">wi'</w>
         <c> </c>
         <w xml:id="bsb18-664030"
            n="a-0470"
            ecep:lem="he"
            ecep:pos="pno31"
            ecep:reg="him"
            ecep:spe="him"
            ecep:syllab="1"
            ecep:pron="hɪm">him</w>
         <c> </c>
         <w xml:id="bsb18-664040"
            n="a-0480"
            ecep:lem="be"
            ecep:pos="vbz"
            ecep:reg="is"
            ecep:spe="is"
            ecep:syllab="1"
            ecep:pron="ɪz">is</w>
         <c> </c>
         <w xml:id="bsb18-664050"
            n="a-0490"
            ecep:lem="vain"
            ecep:pos="j"
            ecep:reg="vain"
            ecep:spe="vain"
            ecep:syllab="1"
            ecep:pron="veɪn">vain</w>
         <pc xml:id="bsb18-664060"
             n="a-0500"
             ecep:lem=","
             ecep:pos=","
             ecep:reg=","
             ecep:spe=",">,</pc>
         <c> </c>
         <w xml:id="bsb18-664070"
            n="a-0510"
            ecep:lem="sir"
            ecep:pos="n2"
            ecep:reg="sirs"
            ecep:spe="sirs"
            ecep:syllab="1"
            ecep:pron="sɜːz">sirs</w>
         <pc xml:id="bsb18-664080"
             n="a-0520"
             ecep:lem=";"
             ecep:pos=";"
             ecep:reg=";"
             ecep:spe=";">;</pc>
      </l>
      <l xml:id="bsb18-l29820">
         <c> </c>
         <w xml:id="bsb18-664090"
            n="a-0530"
            ecep:lem="for"
            ecep:pos="p-acp"
            ecep:reg="For"
            ecep:spe="For"
            ecep:syllab="1"
            ecep:pron="fɔː">For</w>
         <c> </c>
         <w xml:id="bsb18-664100"
            n="a-0540"
            ecep:lem="gin"
            ecep:pos="n1"
            ecep:reg="gin"
            ecep:spe="gin"
            ecep:syllab="1"
            ecep:pron="dʒɪn">gin</w>
         <c> </c>
         <w xml:id="bsb18-664110"
            n="a-0550"
            ecep:lem="we"
            ecep:pos="pns12"
            ecep:reg="we"
            ecep:spe="we"
            ecep:syllab="1"
            ecep:pron="wiː">we</w>
         <c> </c>
         <w xml:id="bsb18-664120"
            n="a-0560"
            ecep:lem="all"
            ecep:pos="d"
            ecep:reg="of"
            ecep:spe="a'"
            ecep:syllab="1"
            ecep:pron="ə">a'</w>
         <c> </c>
         <w xml:id="bsb18-664130"
            n="a-0570"
            ecep:lem="shall"
            ecep:pos="vmd"
            ecep:reg="should"
            ecep:spe="should"
            ecep:syllab="1"
            ecep:pron="ʃʊd">should</w>
         <c> </c>
         <w xml:id="bsb18-664140"
            n="a-0580"
            ecep:lem="say"
            ecep:pos="vvi"
            ecep:reg="say"
            ecep:spe="say"
            ecep:syllab="1"
            ecep:pron="seɪ">say</w>
         <c> </c>
         <w xml:id="bsb18-664150"
            n="a-0590"
            ecep:lem="it|be"
            ecep:pos="pn31|vbds"
            ecep:reg="'twas"
            ecep:spe="'twas"
            ecep:syllab="1"
            ecep:pron="twɒz">'twas</w>
         <c> </c>
         <w xml:id="bsb18-664160"
            n="a-0600"
            ecep:lem="fair"
            ecep:pos="j"
            ecep:reg="fair"
            ecep:spe="fair"
            ecep:syllab="1"
            ecep:pron="feə">fair</w>
         <pc xml:id="bsb18-664170"
             n="a-0610"
             ecep:lem=","
             ecep:pos=","
             ecep:reg=","
             ecep:spe=",">,</pc>
      </l>
      <l rendition="#h_3" xml:id="bsb18-l29825">
         <c> </c>
         <w xml:id="bsb18-664180"
            n="a-0620"
            ecep:lem="he|will"
            ecep:pos="pns31|vmd"
            ecep:reg="He'd"
            ecep:spe="He'd"
            ecep:syllab="1"
            ecep:pron="hiːd">He'd</w>
         <c> </c>
         <w xml:id="bsb18-664190"
            n="a-0630"
            ecep:lem="prove"
            ecep:pos="vvi"
            ecep:reg="prove"
            ecep:spe="prove"
            ecep:syllab="1"
            ecep:pron="pruːv">prove</w>
         <c> </c>
         <w xml:id="bsb18-664200"
            n="a-0640"
            ecep:lem="that"
            ecep:pos="d"
            ecep:reg="that"
            ecep:spe="that"
            ecep:syllab="1"
            ecep:pron="ðæt">that</w>
         <c> </c>
         <w xml:id="bsb18-664210"
            n="a-0650"
            ecep:lem="it"
            ecep:pos="pn31"
            ecep:reg="it"
            ecep:spe="it"
            ecep:syllab="1"
            ecep:pron="ɪt">it</w>
         <c> </c>
         <w xml:id="bsb18-664220"
            n="a-0660"
            ecep:lem="do"
            ecep:pos="vdd"
            ecep:reg="did"
            ecep:spe="did"
            ecep:syllab="1"
            ecep:pron="dɪd">did</w>
         <c> </c>
         <w xml:id="bsb18-664230"
            n="a-0670"
            ecep:lem="rain"
            ecep:pos="vvi"
            ecep:reg="rain"
            ecep:spe="rain"
            ecep:syllab="1"
            ecep:pron="reɪn">rain</w>
         <pc xml:id="bsb18-664240"
             n="a-0680"
             ecep:lem=","
             ecep:pos=","
             ecep:reg=","
             ecep:spe=",">,</pc>
         <c> </c>
         <w xml:id="bsb18-664250"
            n="a-0690"
            ecep:lem="sir"
            ecep:pos="n2"
            ecep:reg="sirs"
            ecep:spe="sirs"
            ecep:syllab="1"
            ecep:pron="sɜːz">sirs</w>
         <pc xml:id="bsb18-664260"
             n="a-0700"
             unit="sentence"
             ecep:lem="."
             ecep:pos="."
             ecep:reg="."
             ecep:spe=".">.</pc>
         <c> </c>
      </l>
   </lg>
   <lg xml:id="bsb18-s01855">
      <l xml:id="bsb18-l29830">
         <w xml:id="bsb18-664290"
            n="a-0710"
            ecep:lem="then"
            ecep:pos="av"
            ecep:reg="Then"
            ecep:spe="Then"
            ecep:syllab="1"
            ecep:pron="ðen">Then</w>
         <c> </c>
         <w xml:id="bsb18-664300"
            n="a-0720"
            ecep:lem="Jamie"
            ecep:pos="np1"
            ecep:reg="Jamie"
            ecep:spe="Jamie"
            ecep:syllab="2"
            ecep:pron="ˈdʒeɪmi">Jamie</w>
         <c> </c>
         <w xml:id="bsb18-664310"
            n="a-0730"
            ecep:lem="fret"
            ecep:pos="vvz"
            ecep:reg="frets"
            ecep:spe="frets"
            ecep:syllab="1"
            ecep:pron="frets">frets</w>
         <c> </c>
         <w xml:id="bsb18-664320"
            n="a-0740"
            ecep:lem="for"
            ecep:pos="p-acp"
            ecep:reg="for"
            ecep:spe="for"
            ecep:syllab="1"
            ecep:pron="fɔː">for</w>
         <c> </c>
         <w xml:id="bsb18-664330"
            n="a-0750"
            ecep:lem="good"
            ecep:pos="j"
            ecep:reg="good"
            ecep:spe="good"
            ecep:syllab="1"
            ecep:pron="gʊd">good</w>
         <c> </c>
         <w xml:id="bsb18-664340"
            n="a-0760"
            ecep:lem="and"
            ecep:pos="cc"
            ecep:reg="and"
            ecep:spe="and"
            ecep:syllab="1"
            ecep:pron="ænd">and</w>
         <c> </c>
         <w xml:id="bsb18-664350"
            n="a-0770"
            ecep:lem="ill"
            ecep:pos="j-jn"
            ecep:reg="ill"
            ecep:spe="ill"
            ecep:syllab="1"
            ecep:pron="ɪl">ill</w>
         <pc xml:id="bsb18-664360"
             n="a-0780"
             ecep:lem=","
             ecep:pos=","
             ecep:reg=","
             ecep:spe=",">,</pc>
      </l>
      <l rendition="#h_3" xml:id="bsb18-l29835">
         <c> </c>
         <w xml:id="bsb18-664370"
            n="a-0790"
            ecep:lem="about"
            ecep:pos="p-acp"
            ecep:reg="About"
            ecep:spe="'Bout"
            ecep:syllab="1"
            ecep:pron="bˈaʊt">'Bout</w>
         <c> </c>
         <w xml:id="bsb18-664380"
            n="a-0800"
            ecep:lem="small"
            ecep:pos="j"
            ecep:reg="sma'"
            ecep:spe="sma'"
            ecep:syllab="1"
            ecep:pron="smˈɑː">sma'</w>
         <c> </c>
         <w xml:id="bsb18-664400"
            n="a-0820"
            ecep:lem="thing"
            ecep:pos="n2"
            ecep:reg="things"
            ecep:spe="things"
            ecep:syllab="1"
            ecep:pron="θɪŋz">things</w>
         <c> </c>
         <w xml:id="bsb18-664410"
            n="a-0830"
            ecep:lem="make"
            ecep:pos="vvz"
            ecep:reg="makes"
            ecep:spe="makes"
            ecep:syllab="1"
            ecep:pron="meɪks">makes</w>
         <c> </c>
         <w xml:id="bsb18-664420"
            n="a-0840"
            ecep:lem="a"
            ecep:pos="dt"
            ecep:reg="a"
            ecep:spe="a"
            ecep:syllab="1"
            ecep:pron="ə">a</w>
         <c> </c>
         <w xml:id="bsb18-664430"
            n="a-0850"
            ecep:lem="phrase"
            ecep:pos="n1"
            ecep:reg="phrase"
            ecep:spe="phrase"
            ecep:syllab="1"
            ecep:pron="freɪz">phrase</w>
         <pc xml:id="bsb18-664440"
             n="a-0860"
             ecep:lem=","
             ecep:pos=","
             ecep:reg=","
             ecep:spe=",">,</pc>
         <c> </c>
         <w xml:id="bsb18-664450"
            n="a-0870"
            ecep:lem="sir"
            ecep:pos="n2"
            ecep:reg="sirs"
            ecep:spe="sirs"
            ecep:syllab="1"
            ecep:pron="sɜːz">sirs</w>
         <pc xml:id="bsb18-664460"
             n="a-0880"
             ecep:lem=";"
             ecep:pos=";"
             ecep:reg=";"
             ecep:spe=";">;</pc>
      </l>
      <l xml:id="bsb18-l29840">
         <c> </c>
         <w xml:id="bsb18-664470"
            n="a-0890"
            ecep:lem="and"
            ecep:pos="cc"
            ecep:reg="And"
            ecep:spe="And"
            ecep:syllab="1"
            ecep:pron="ænd">And</w>
         <c> </c>
         <w xml:id="bsb18-664480"
            n="a-0900"
            ecep:lem="fear"
            ecep:pos="n2"
            ecep:reg="fears"
            ecep:spe="fears"
            ecep:syllab="1"
            ecep:pron="fɪəz">fears</w>
         <c> </c>
         <w xml:id="bsb18-664490"
            n="a-0910"
            ecep:lem="and"
            ecep:pos="cc"
            ecep:reg="and"
            ecep:spe="and"
            ecep:syllab="1"
            ecep:pron="ænd">and</w>
         <c> </c>
         <w xml:id="bsb18-664500"
            n="a-0920"
            ecep:lem="fret"
            ecep:pos="vvz"
            ecep:reg="frets"
            ecep:spe="frets"
            ecep:syllab="1"
            ecep:pron="frets">frets</w>
         <pc xml:id="bsb18-664510"
             n="a-0930"
             ecep:lem=","
             ecep:pos=","
             ecep:reg=","
             ecep:spe=",">,</pc>
         <c> </c>
         <w xml:id="bsb18-664520"
            n="a-0940"
            ecep:lem="and"
            ecep:pos="cc"
            ecep:reg="and"
            ecep:spe="and"
            ecep:syllab="1"
            ecep:pron="ænd">and</w>
         <c> </c>
         <w xml:id="bsb18-664530"
            n="a-0950"
            ecep:lem="thing"
            ecep:pos="n2"
            ecep:reg="things"
            ecep:spe="things"
            ecep:syllab="1"
            ecep:pron="θɪŋz">things</w>
         <c> </c>
         <w xml:id="bsb18-664540"
            n="a-0960"
            ecep:lem="of"
            ecep:pos="pp-f"
            ecep:reg="oF"
            ecep:spe="o'"
            ecep:syllab="1"
            ecep:pron="əʊ">o'</w>
         <c> </c>
         <w xml:id="bsb18-664550"
            n="a-0970"
            ecep:lem="nought"
            ecep:pos="pix"
            ecep:reg="nought"
            ecep:spe="nought"
            ecep:syllab="1"
            ecep:pron="nɔːt">nought</w>
      </l>
      <l rendition="#h_3" xml:id="bsb18-l29845">
         <c> </c>
         <w xml:id="bsb18-664560"
            n="a-0980"
            ecep:lem="ding"
            ecep:pos="uh"
            ecep:reg="Ding"
            ecep:spe="Ding"
            ecep:syllab="1"
            ecep:pron="dɪŋ">Ding</w>
         <c> </c>
         <w xml:id="bsb18-664570"
            n="a-0990"
            ecep:lem="over"
            ecep:pos="p-acp"
            ecep:reg="over"
            ecep:spe="o'er"
            ecep:syllab="1"
            ecep:pron="ˈɔːə">o'er</w>
         <c> </c>
         <w xml:id="bsb18-664580"
            n="a-1000"
            ecep:lem="his"
            ecep:pos="po31"
            ecep:reg="his"
            ecep:spe="his"
            ecep:syllab="1"
            ecep:pron="hɪz">his</w>
         <c> </c>
         <w xml:id="bsb18-664590"
            n="a-1010"
            ecep:lem="joyful"
            ecep:pos="j"
            ecep:reg="joyful"
            ecep:spe="joyfu'"
            ecep:syllab="2"
            ecep:pron="dʒˈɔɪfuː">joyfu'</w>
         <c> </c>
         <w xml:id="bsb18-664610"
            n="a-1030"
            ecep:lem="day"
            ecep:pos="n2"
            ecep:reg="days"
            ecep:spe="days"
            ecep:syllab="1"
            ecep:pron="deɪz">days</w>
         <pc xml:id="bsb18-664620"
             n="a-1040"
             ecep:lem=","
             ecep:pos=","
             ecep:reg=","
             ecep:spe=",">,</pc>
         <c> </c>
         <w xml:id="bsb18-664630"
            n="a-1050"
            ecep:lem="sir"
            ecep:pos="n2"
            ecep:reg="sirs"
            ecep:spe="sirs"
            ecep:syllab="1"
            ecep:pron="sɜːz">sirs</w>
         <pc xml:id="bsb18-664640"
             n="a-1060"
             unit="sentence"
             ecep:lem="."
             ecep:pos="."
             ecep:reg="."
             ecep:spe=".">.</pc>
         <c> </c>
      </l>
   </lg>
   <lg xml:id="bsb18-s01860">
      <l xml:id="bsb18-l29850">
         <w xml:id="bsb18-664670"
            n="a-1070"
            ecep:lem="the"
            ecep:pos="dt"
            ecep:reg="The"
            ecep:spe="The"
            ecep:syllab="1"
            ecep:pron="ðiː">The</w>
         <c> </c>
         <w xml:id="bsb18-664680"
            n="a-1080"
            ecep:lem="priest"
            ecep:pos="n2"
            ecep:reg="priests"
            ecep:spe="priests"
            ecep:syllab="1"
            ecep:pron="priːsts">priests</w>
         <c> </c>
         <w xml:id="bsb18-664690"
            n="a-1090"
            ecep:lem="and"
            ecep:pos="cc"
            ecep:reg="and"
            ecep:spe="and"
            ecep:syllab="1"
            ecep:pron="ænd">and</w>
         <c> </c>
         <w xml:id="bsb18-664700"
            n="a-1100"
            ecep:lem="lawyer"
            ecep:pos="n2"
            ecep:reg="lawyers"
            ecep:spe="lawyers"
            ecep:syllab="2"
            ecep:pron="ˈlɔːjəz">lawyers</w>
         <c> </c>
         <w xml:id="bsb18-664710"
            n="a-1110"
            ecep:lem="ding"
            ecep:pos="uh"
            ecep:reg="ding"
            ecep:spe="ding"
            ecep:syllab="1"
            ecep:pron="dɪŋ">ding</w>
         <c> </c>
         <w xml:id="bsb18-664720"
            n="a-1120"
            ecep:lem="i"
            ecep:pos="pno11"
            ecep:reg="me"
            ecep:spe="me"
            ecep:syllab="1"
            ecep:pron="miː">me</w>
         <c> </c>
         <w xml:id="bsb18-664730"
            n="a-1130"
            ecep:lem="dead"
            ecep:pos="j"
            ecep:reg="dead"
            ecep:spe="dead"
            ecep:syllab="1"
            ecep:pron="ded">dead</w>
         <pc xml:id="bsb18-664740"
             n="a-1140"
             ecep:lem=","
             ecep:pos=","
             ecep:reg=","
             ecep:spe=",">,</pc>
      </l>
      <l rendition="#h_3" xml:id="bsb18-l29855">
         <c> </c>
         <w xml:id="bsb18-664750"
            n="a-1150"
            ecep:lem="but"
            ecep:pos="cc-acp"
            ecep:reg="But"
            ecep:spe="But"
            ecep:syllab="1"
            ecep:pron="bʌt">But</w>
         <c> </c>
         <w xml:id="bsb18-664760"
            n="a-1160"
            ecep:lem="good"
            ecep:pos="j"
            ecep:reg="good"
            ecep:spe="gude"
            ecep:syllab="1"
            ecep:pron="gjˈuːd">gude</w>
         <c> </c>
         <w xml:id="bsb18-664770"
            n="a-1170"
            ecep:lem="ken"
            ecep:pos="vvz"
            ecep:reg="kens"
            ecep:spe="kens"
            ecep:syllab="1"
            ecep:pron="kenz">kens</w>
         <c> </c>
         <w xml:id="bsb18-664780"
            n="a-1180"
            ecep:lem="who|be"
            ecep:pos="q-crq|vbz"
            ecep:reg="wha's"
            ecep:spe="wha's"
            ecep:syllab="1"
            ecep:pron="hwɔːz">wha's</w>
         <c> </c>
         <w xml:id="bsb18-664790"
            n="a-1190"
            ecep:lem="the"
            ecep:pos="dt"
            ecep:reg="the"
            ecep:spe="the"
            ecep:syllab="1"
            ecep:pron="ðiː">the</w>
         <c> </c>
         <w xml:id="bsb18-664800"
            n="a-1200"
            ecep:lem="best"
            ecep:pos="js"
            ecep:reg="best"
            ecep:spe="best"
            ecep:syllab="1"
            ecep:pron="best">best</w>
         <pc xml:id="bsb18-664810"
             n="a-1210"
             ecep:lem=","
             ecep:pos=","
             ecep:reg=","
             ecep:spe=",">,</pc>
         <c> </c>
         <w xml:id="bsb18-664820"
            n="a-1220"
            ecep:lem="sir"
            ecep:pos="n2"
            ecep:reg="sirs"
            ecep:spe="sirs"
            ecep:syllab="1"
            ecep:pron="sɜːz">sirs</w>
         <pc xml:id="bsb18-664830"
             n="a-1230"
             ecep:lem=";"
             ecep:pos=";"
             ecep:reg=";"
             ecep:spe=";">;</pc>
      </l>
      <l xml:id="bsb18-l29860">
         <c> </c>
         <w xml:id="bsb18-664840"
            n="a-1240"
            ecep:lem="and"
            ecep:pos="cc"
            ecep:reg="And"
            ecep:spe="And"
            ecep:syllab="1"
            ecep:pron="ænd">And</w>
         <c> </c>
         <w xml:id="bsb18-664850"
            n="a-1250"
            ecep:lem="then"
            ecep:pos="av"
            ecep:reg="then"
            ecep:spe="then"
            ecep:syllab="1"
            ecep:pron="ðen">then</w>
         <c> </c>
         <w xml:id="bsb18-664860"
            n="a-1260"
            ecep:lem="come"
            ecep:pos="vvz"
            ecep:reg="comes"
            ecep:spe="comes"
            ecep:syllab="1"
            ecep:pron="kʌmz">comes</w>
         <c> </c>
         <w xml:id="bsb18-664870"
            n="a-1270"
            ecep:lem="in"
            ecep:pos="p-acp"
            ecep:reg="in"
            ecep:spe="in"
            ecep:syllab="1"
            ecep:pron="ɪn">in</w>
         <c> </c>
         <w xml:id="bsb18-664880"
            n="a-1280"
            ecep:lem="the"
            ecep:pos="dt"
            ecep:reg="the"
            ecep:spe="the"
            ecep:syllab="1"
            ecep:pron="ðiː">the</w>
         <c> </c>
         <w xml:id="bsb18-664890"
            n="a-1290"
            ecep:lem="soldier"
            ecep:pos="n1"
            ecep:reg="soldier"
            ecep:spe="soldier"
            ecep:syllab="2"
            ecep:pron="ˈsəʊldʒə">soldier</w>
         <c> </c>
         <w xml:id="bsb18-664900"
            n="a-1300"
            ecep:lem="brave"
            ecep:pos="j"
            ecep:reg="brave"
            ecep:spe="brave"
            ecep:syllab="1"
            ecep:pron="breɪv">brave</w>
         <pc xml:id="bsb18-664910"
             n="a-1310"
             ecep:lem=","
             ecep:pos=","
             ecep:reg=","
             ecep:spe=",">,</pc>
      </l>
      <l rendition="#h_3" xml:id="bsb18-l29865">
         <c> </c>
         <w xml:id="bsb18-664920"
            n="a-1320"
            ecep:lem="and"
            ecep:pos="cc"
            ecep:reg="And"
            ecep:spe="And"
            ecep:syllab="1"
            ecep:pron="ænd">And</w>
         <c> </c>
         <w xml:id="bsb18-664930"
            n="a-1330"
            ecep:lem="drum"
            ecep:pos="n2"
            ecep:reg="drums"
            ecep:spe="drums"
            ecep:syllab="1"
            ecep:pron="drʌmz">drums</w>
         <c> </c>
         <w xml:id="bsb18-664940"
            n="a-1340"
            ecep:lem="out"
            ecep:pos="av"
            ecep:reg="out"
            ecep:spe="out"
            ecep:syllab="1"
            ecep:pron="aʊt">out</w>
         <c> </c>
         <w xml:id="bsb18-664950"
            n="a-1350"
            ecep:lem="all"
            ecep:pos="d"
            ecep:reg="of"
            ecep:spe="a'"
            ecep:syllab="1"
            ecep:pron="ə">a'</w>
         <c> </c>
         <w xml:id="bsb18-664960"
            n="a-1360"
            ecep:lem="the"
            ecep:pos="dt"
            ecep:reg="the"
            ecep:spe="the"
            ecep:syllab="1"
            ecep:pron="ðiː">the</w>
         <c> </c>
         <w xml:id="bsb18-664970"
            n="a-1370"
            ecep:lem="rest"
            ecep:pos="n1"
            ecep:reg="rest"
            ecep:spe="rest"
            ecep:syllab="1"
            ecep:pron="rest">rest</w>
         <pc xml:id="bsb18-664980"
             n="a-1380"
             ecep:lem=","
             ecep:pos=","
             ecep:reg=","
             ecep:spe=",">,</pc>
         <c> </c>
         <w xml:id="bsb18-664990"
            n="a-1390"
            ecep:lem="sir"
            ecep:pos="n2"
            ecep:reg="sirs"
            ecep:spe="sirs"
            ecep:syllab="1"
            ecep:pron="sɜːz">sirs</w>
         <pc xml:id="bsb18-665000"
             n="a-1400"
             unit="sentence"
             ecep:lem="."
             ecep:pos="."
             ecep:reg="."
             ecep:spe=".">.</pc>
         <c> </c>
      </l>
   </lg>
   <lg xml:id="bsb18-s01865">
      <l xml:id="bsb18-l29870">
         <w xml:id="bsb18-665030"
            n="a-1410"
            ecep:lem="the"
            ecep:pos="dt"
            ecep:reg="The"
            ecep:spe="The"
            ecep:syllab="1"
            ecep:pron="ðiː">The</w>
         <c> </c>
         <w xml:id="bsb18-665040"
            n="a-1420"
            ecep:lem="country"
            ecep:pos="n1"
            ecep:reg="country"
            ecep:spe="country"
            ecep:syllab="2"
            ecep:pron="ˈkʌntri">country</w>
         <c> </c>
         <w xml:id="bsb18-665050"
            n="a-1430"
            ecep:lem="squire"
            ecep:pos="n1"
            ecep:reg="squire"
            ecep:spe="squire"
            ecep:syllab="1"
            ecep:pron="ˈskwaɪə">squire</w>
         <c> </c>
         <w xml:id="bsb18-665060"
            n="a-1440"
            ecep:lem="and"
            ecep:pos="cc"
            ecep:reg="and"
            ecep:spe="and"
            ecep:syllab="1"
            ecep:pron="ænd">and</w>
         <c> </c>
         <w xml:id="bsb18-665070"
            n="a-1450"
            ecep:lem="city"
            ecep:pos="n1"
            ecep:reg="city"
            ecep:spe="city"
            ecep:syllab="2"
            ecep:pron="ˈsɪti">city</w>
         <c> </c>
         <w xml:id="bsb18-665080"
            n="a-1460"
            ecep:lem="beau"
            ecep:pos="n1"
            ecep:reg="beau"
            ecep:spe="beau"
            ecep:syllab="1"
            ecep:pron="bəʊ">beau</w>
         <pc xml:id="bsb18-665090"
             n="a-1470"
             ecep:lem=","
             ecep:pos=","
             ecep:reg=","
             ecep:spe=",">,</pc>
      </l>
      <l rendition="#h_3" xml:id="bsb18-l29875">
         <c> </c>
         <w xml:id="bsb18-665100"
            n="a-1480"
            ecep:lem="i|have"
            ecep:pos="pns11|vhb"
            ecep:reg="I've"
            ecep:spe="I've"
            ecep:syllab="1"
            ecep:pron="ˈaɪv">I've</w>
         <c> </c>
         <w xml:id="bsb18-665110"
            n="a-1490"
            ecep:lem="have"
            ecep:pos="vhn"
            ecep:reg="had"
            ecep:spe="had"
            ecep:syllab="1"
            ecep:pron="hæd">had</w>
         <c> </c>
         <w xml:id="bsb18-665120"
            n="a-1500"
            ecep:lem="they"
            ecep:pos="pno32"
            ecep:reg="them"
            ecep:spe="them"
            ecep:syllab="1"
            ecep:pron="ðem">them</w>
         <c> </c>
         <w xml:id="bsb18-665130"
            n="a-1510"
            ecep:lem="on"
            ecep:pos="p-acp"
            ecep:reg="on"
            ecep:spe="on"
            ecep:syllab="1"
            ecep:pron="ɒn">on</w>
         <c> </c>
         <w xml:id="bsb18-665140"
            n="a-1520"
            ecep:lem="their"
            ecep:pos="po32"
            ecep:reg="their"
            ecep:spe="their"
            ecep:syllab="1"
            ecep:pron="ðeə">their</w>
         <c> </c>
         <w xml:id="bsb18-665150"
            n="a-1530"
            ecep:lem="knee"
            ecep:pos="n1"
            ecep:reg="knee"
            ecep:spe="knee"
            ecep:syllab="1"
            ecep:pron="niː">knee</w>
         <pc xml:id="bsb18-665160"
             n="a-1540"
             ecep:lem=","
             ecep:pos=","
             ecep:reg=","
             ecep:spe=",">,</pc>
         <c> </c>
         <w xml:id="bsb18-665170"
            n="a-1550"
            ecep:lem="sir"
            ecep:pos="n2"
            ecep:reg="sirs"
            ecep:spe="sirs"
            ecep:syllab="1"
            ecep:pron="sɜːz">sirs</w>
         <pc xml:id="bsb18-665180"
             n="a-1560"
             ecep:lem=";"
             ecep:pos=";"
             ecep:reg=";"
             ecep:spe=";">;</pc>
      </l>
      <l xml:id="bsb18-l29880">
         <c> </c>
         <w xml:id="bsb18-665190"
            n="a-1570"
            ecep:lem="but"
            ecep:pos="cc-acp"
            ecep:reg="But"
            ecep:spe="But"
            ecep:syllab="1"
            ecep:pron="bʌt">But</w>
         <c> </c>
         <w xml:id="bsb18-665200"
            n="a-1580"
            ecep:lem="well"
            ecep:pos="av"
            ecep:reg="weel"
            ecep:spe="weel"
            ecep:syllab="1"
            ecep:pron="wiːl">weel</w>
         <c> </c>
         <w xml:id="bsb18-665210"
            n="a-1590"
            ecep:lem="i"
            ecep:pos="pns11"
            ecep:reg="I"
            ecep:spe="I"
            ecep:syllab="1"
            ecep:pron="aɪ">I</w>
         <c> </c>
         <w xml:id="bsb18-665220"
            n="a-1600"
            ecep:lem="ken"
            ecep:pos="vvb"
            ecep:reg="ken"
            ecep:spe="ken"
            ecep:syllab="1"
            ecep:pron="ken">ken</w>
         <c> </c>
         <w xml:id="bsb18-665230"
            n="a-1610"
            ecep:lem="to"
            ecep:pos="p-acp"
            ecep:reg="to"
            ecep:spe="to"
            ecep:syllab="1"
            ecep:pron="tuː">to</w>
         <c> </c>
         <w xml:id="bsb18-665240"
            n="a-1620"
            ecep:lem="goud"
            ecep:pos="av"
            ecep:reg="goud"
            ecep:spe="goud"
            ecep:syllab="1"
            ecep:pron="gˈaʊd">goud</w>
         <c> </c>
         <w xml:id="bsb18-665250"
            n="a-1630"
            ecep:lem="they"
            ecep:pos="pns32"
            ecep:reg="they"
            ecep:spe="they"
            ecep:syllab="1"
            ecep:pron="ðeɪ">they</w>
         <c> </c>
         <w xml:id="bsb18-665260"
            n="a-1640"
            ecep:lem="bow"
            ecep:pos="vvb"
            ecep:reg="bow"
            ecep:spe="bow"
            ecep:syllab="1"
            ecep:pron="bəʊ">bow</w>
         <pc xml:id="bsb18-665270"
             n="a-1650"
             ecep:lem=","
             ecep:pos=","
             ecep:reg=","
             ecep:spe=",">,</pc>
      </l>
      <l rendition="#h_3" xml:id="bsb18-l29885">
         <c> </c>
         <w xml:id="bsb18-665280"
            n="a-1660"
            ecep:lem="and"
            ecep:pos="cc"
            ecep:reg="And"
            ecep:spe="And"
            ecep:syllab="1"
            ecep:pron="ænd">And</w>
         <c> </c>
         <w xml:id="bsb18-665290"
            n="a-1670"
            ecep:lem="not"
            ecep:pos="xx"
            ecep:reg="no"
            ecep:spe="no"
            ecep:syllab="1"
            ecep:pron="nəʊ">no</w>
         <c> </c>
         <w xml:id="bsb18-665300"
            n="a-1680"
            ecep:lem="to"
            ecep:pos="p-acp"
            ecep:reg="to"
            ecep:spe="to"
            ecep:syllab="1"
            ecep:pron="tuː">to</w>
         <c> </c>
         <w xml:id="bsb18-665310"
            n="a-1690"
            ecep:lem="downright"
            ecep:pos="j"
            ecep:reg="downright"
            ecep:spe="downright"
            ecep:syllab="2"
            ecep:pron="ˈdaʊnraɪt">downright</w>
         <c> </c>
         <w xml:id="bsb18-665320"
            n="a-1700"
            ecep:lem="i"
            ecep:pos="pno11"
            ecep:reg="me"
            ecep:spe="me"
            ecep:syllab="1"
            ecep:pron="miː">me</w>
         <pc xml:id="bsb18-665330"
             n="a-1710"
             ecep:lem=","
             ecep:pos=","
             ecep:reg=","
             ecep:spe=",">,</pc>
         <c> </c>
         <w xml:id="bsb18-665340"
            n="a-1720"
            ecep:lem="sir"
            ecep:pos="n2"
            ecep:reg="sirs"
            ecep:spe="sirs"
            ecep:syllab="1"
            ecep:pron="sɜːz">sirs</w>
         <pc xml:id="bsb18-665350"
             n="a-1730"
             unit="sentence"
             ecep:lem="."
             ecep:pos="."
             ecep:reg="."
             ecep:spe=".">.</pc>
         <c> </c>
      </l>
   </lg>
   <lg xml:id="bsb18-s01870">
      <l xml:id="bsb18-l29890">
         <w xml:id="bsb18-665380"
            n="a-1740"
            ecep:lem="shall"
            ecep:pos="vmd"
            ecep:reg="Should"
            ecep:spe="Should"
            ecep:syllab="1"
            ecep:pron="ʃʊd">Should</w>
         <c> </c>
         <w xml:id="bsb18-665390"
            n="a-1750"
            ecep:lem="like"
            ecep:pos="vvi"
            ecep:reg="like"
            ecep:spe="like"
            ecep:syllab="1"
            ecep:pron="laɪk">like</w>
         <c> </c>
         <w xml:id="bsb18-665400"
            n="a-1760"
            ecep:lem="of"
            ecep:pos="pp-f"
            ecep:reg="oF"
            ecep:spe="o'"
            ecep:syllab="1"
            ecep:pron="əʊ">o'</w>
         <c> </c>
         <w xml:id="bsb18-665410"
            n="a-1770"
            ecep:lem="they"
            ecep:pos="pno32"
            ecep:reg="them"
            ecep:spe="them"
            ecep:syllab="1"
            ecep:pron="ðem">them</w>
         <c> </c>
         <w xml:id="bsb18-665420"
            n="a-1780"
            ecep:lem="come"
            ecep:pos="vvi"
            ecep:reg="come"
            ecep:spe="come"
            ecep:syllab="1"
            ecep:pron="kʌm">come</w>
         <c> </c>
         <w xml:id="bsb18-665430"
            n="a-1790"
            ecep:lem="ilk"
            ecep:pos="d"
            ecep:reg="ilka"
            ecep:spe="ilka"
            ecep:syllab="2"
            ecep:pron="ˈɪlkə">ilka</w>
         <c> </c>
         <w xml:id="bsb18-665440"
            n="a-1800"
            ecep:lem="day"
            ecep:pos="n1"
            ecep:reg="day"
            ecep:spe="day"
            ecep:syllab="1"
            ecep:pron="deɪ">day</w>
         <pc xml:id="bsb18-665450"
             n="a-1810"
             ecep:lem=","
             ecep:pos=","
             ecep:reg=","
             ecep:spe=",">,</pc>
      </l>
      <l rendition="#h_3" xml:id="bsb18-l29895">
         <c> </c>
         <w xml:id="bsb18-665460"
            n="a-1820"
            ecep:lem="they"
            ecep:pos="pns32"
            ecep:reg="They"
            ecep:spe="They"
            ecep:syllab="1"
            ecep:pron="ðeɪ">They</w>
         <c> </c>
         <w xml:id="bsb18-665470"
            n="a-1830"
            ecep:lem="may"
            ecep:pos="vmb"
            ecep:reg="may"
            ecep:spe="may"
            ecep:syllab="1"
            ecep:pron="meɪ">may</w>
         <c> </c>
         <w xml:id="bsb18-665480"
            n="a-1840"
            ecep:lem="wear"
            ecep:pos="vvi"
            ecep:reg="wear"
            ecep:spe="wear"
            ecep:syllab="1"
            ecep:pron="weə">wear</w>
         <c> </c>
         <w xml:id="bsb18-665490"
            n="a-1850"
            ecep:lem="out"
            ecep:pos="av"
            ecep:reg="out"
            ecep:spe="out"
            ecep:syllab="1"
            ecep:pron="aʊt">out</w>
         <c> </c>
         <w xml:id="bsb18-665500"
            n="a-1860"
            ecep:lem="the"
            ecep:pos="dt"
            ecep:reg="the"
            ecep:spe="the"
            ecep:syllab="1"
            ecep:pron="ðiː">the</w>
         <c> </c>
         <w xml:id="bsb18-665510"
            n="a-1870"
            ecep:lem="knee"
            ecep:pos="n1"
            ecep:reg="knee"
            ecep:spe="knee"
            ecep:syllab="1"
            ecep:pron="niː">knee</w>
         <pc xml:id="bsb18-665520"
             n="a-1880"
             ecep:lem=","
             ecep:pos=","
             ecep:reg=","
             ecep:spe=",">,</pc>
         <c> </c>
         <w xml:id="bsb18-665530"
            n="a-1890"
            ecep:lem="sir"
            ecep:pos="n2"
            ecep:reg="sirs"
            ecep:spe="sirs"
            ecep:syllab="1"
            ecep:pron="sɜːz">sirs</w>
         <pc xml:id="bsb18-665540"
             n="a-1900"
             ecep:lem=";"
             ecep:pos=";"
             ecep:reg=";"
             ecep:spe=";">;</pc>
      </l>
      <l xml:id="bsb18-l29900">
         <c> </c>
         <w xml:id="bsb18-665550"
            n="a-1910"
            ecep:lem="and"
            ecep:pos="cc"
            ecep:reg="And"
            ecep:spe="And"
            ecep:syllab="1"
            ecep:pron="ænd">And</w>
         <c> </c>
         <w xml:id="bsb18-665560"
            n="a-1920"
            ecep:lem="grow"
            ecep:pos="vvb"
            ecep:reg="grow"
            ecep:spe="grow"
            ecep:syllab="1"
            ecep:pron="grəʊ">grow</w>
         <c> </c>
         <w xml:id="bsb18-665570"
            n="a-1930"
            ecep:lem="to"
            ecep:pos="p-acp"
            ecep:reg="to"
            ecep:spe="to"
            ecep:syllab="1"
            ecep:pron="tuː">to</w>
         <c> </c>
         <w xml:id="bsb18-665580"
            n="a-1940"
            ecep:lem="the"
            ecep:pos="dt"
            ecep:reg="the"
            ecep:spe="the"
            ecep:syllab="1"
            ecep:pron="ðiː">the</w>
         <c> </c>
         <w xml:id="bsb18-665590"
            n="a-1950"
            ecep:lem="ground"
            ecep:pos="n1"
            ecep:reg="ground"
            ecep:spe="ground"
            ecep:syllab="1"
            ecep:pron="graʊnd">ground</w>
         <c> </c>
         <w xml:id="bsb18-665600"
            n="a-1960"
            ecep:lem="as"
            ecep:pos="c-acp"
            ecep:reg="as"
            ecep:spe="as"
            ecep:syllab="1"
            ecep:pron="æz">as</w>
         <c> </c>
         <w xml:id="bsb18-665610"
            n="a-1970"
            ecep:lem="fast"
            ecep:pos="av-j"
            ecep:reg="fast"
            ecep:spe="fast"
            ecep:syllab="1"
            ecep:pron="fɑːst">fast</w>
         <c> </c>
         <w xml:id="bsb18-665620"
            n="a-1980"
            ecep:lem="as"
            ecep:pos="c-acp"
            ecep:reg="as"
            ecep:spe="as"
            ecep:syllab="1"
            ecep:pron="æz">as</w>
         <c> </c>
         <w xml:id="bsb18-665630"
            n="a-1990"
            ecep:lem="a"
            ecep:pos="dt"
            ecep:reg="a"
            ecep:spe="a"
            ecep:syllab="1"
            ecep:pron="ə">a</w>
         <c> </c>
         <w xml:id="bsb18-665640"
            n="a-2000"
            ecep:lem="stane"
            ecep:pos="n1"
            ecep:reg="stane"
            ecep:spe="stane"
            ecep:syllab="1"
            ecep:pron="steɪn">stane</w>
         <pc xml:id="bsb18-665650"
             n="a-2010"
             ecep:lem=","
             ecep:pos=","
             ecep:reg=","
             ecep:spe=",">,</pc>
      </l>
      <l rendition="#h_3" xml:id="bsb18-l29905">
         <c> </c>
         <w xml:id="bsb18-665660"
            n="a-2020"
            ecep:lem="but"
            ecep:pos="cc-acp"
            ecep:reg="But"
            ecep:spe="But"
            ecep:syllab="1"
            ecep:pron="bʌt">But</w>
         <c> </c>
         <w xml:id="bsb18-665670"
            n="a-2030"
            ecep:lem="they"
            ecep:pos="pns32"
            ecep:reg="they"
            ecep:spe="they"
            ecep:syllab="1"
            ecep:pron="ðeɪ">they</w>
         <c> </c>
         <w xml:id="bsb18-665680"
            n="a-2040"
            ecep:lem="shall"
            ecep:pos="vmb"
            ecep:reg="shall"
            ecep:spe="shall"
            ecep:syllab="1"
            ecep:pron="ʃæl">shall</w>
         <c> </c>
         <w xml:id="bsb18-665690"
            n="a-2050"
            ecep:lem="never"
            ecep:pos="av-x"
            ecep:reg="never"
            ecep:spe="ne'er"
            ecep:syllab="1"
            ecep:pron="neə">ne'er</w>
         <c> </c>
         <w xml:id="bsb18-665700"
            n="a-2060"
            ecep:lem="get"
            ecep:pos="vvi"
            ecep:reg="get"
            ecep:spe="get"
            ecep:syllab="1"
            ecep:pron="get">get</w>
         <c> </c>
         <w xml:id="bsb18-665710"
            n="a-2070"
            ecep:lem="i"
            ecep:pos="pno11"
            ecep:reg="me"
            ecep:spe="me"
            ecep:syllab="1"
            ecep:pron="miː">me</w>
         <pc xml:id="bsb18-665720"
             n="a-2080"
             ecep:lem=","
             ecep:pos=","
             ecep:reg=","
             ecep:spe=",">,</pc>
         <c> </c>
         <w xml:id="bsb18-665730"
            n="a-2090"
            ecep:lem="sir"
            ecep:pos="n2"
            ecep:reg="sirs"
            ecep:spe="sirs"
            ecep:syllab="1"
            ecep:pron="sɜːz">sirs</w>
         <pc xml:id="bsb18-665740"
             n="a-2100"
             unit="sentence"
             ecep:lem="."
             ecep:pos="."
             ecep:reg="."
             ecep:spe=".">.</pc>
         <c> </c>
      </l>
   </lg>
</div>
