<?xml version="1.0" encoding="UTF-8"?>
<div xmlns:ecep="http://www.eighteenthcenturypoetry.org/ns"
     xmlns="http://www.tei-c.org/ns/1.0"
     xmlns:tei="http://www.tei-c.org/ns/1.0"
     ana="#iamb #pentameter #quatrain #cross #admonition"
     corresp="#txt_Anon000042_w0001"
     decls="#semi-normalized"
     ecep:syllab="10.10.10.10"
     met="-+|-+|-+|-+|-+/ -+|-+|-+|-+|-+/ -+|-+|-+|-+|-+/ -+|-+|-+|-+|-+/"
     rendition="#lgvspace"
     rhyme="abab"
     subtype="eceptext"
     type="poem"
     xml:id="pba35-w1120">
   <link target="authors.xml#aut_Anon000042" type="author"/>
   <link target="11615" type="DMI"/>
   <head type="main">
      <w xml:id="pba35-285620"
         n="a-0010"
         ecep:lem="advice"
         ecep:pos="n1"
         ecep:reg="Advice"
         ecep:spe="Advice"
         ecep:syllab="2"
         ecep:pron="ədˈvaɪs">Advice</w>
      <c> </c>
      <w xml:id="pba35-285630"
         n="a-0020"
         ecep:lem="to"
         ecep:pos="p-acp"
         ecep:reg="to"
         ecep:spe="to"
         ecep:syllab="1"
         ecep:pron="tuː">to</w>
      <c> </c>
      <w xml:id="pba35-285640"
         n="a-0030"
         ecep:lem="the"
         ecep:pos="dt"
         ecep:reg="the"
         ecep:spe="the"
         ecep:syllab="1"
         ecep:pron="ðiː">the</w>
      <c> </c>
      <w xml:id="pba35-285650"
         n="a-0040"
         ecep:lem="lady"
         ecep:pos="n2"
         ecep:reg="Ladies"
         ecep:spe="Ladies"
         ecep:syllab="2"
         ecep:pron="ˈleɪdiz">Ladies</w>
      <c> </c>
      <w xml:id="pba35-285660"
         n="a-0050"
         ecep:lem="at"
         ecep:pos="p-acp"
         ecep:reg="at"
         ecep:spe="at"
         ecep:syllab="1"
         ecep:pron="æt">at</w>
      <c> </c>
      <w xml:id="pba35-285670"
         n="a-0060"
         ecep:lem="bath"
         ecep:pos="n1"
         ecep:reg="Bath"
         ecep:spe="Bath"
         ecep:syllab="1"
         ecep:pron="bɑːθ">Bath</w>
      <pc xml:id="pba35-285680"
          n="a-0070"
          unit="sentence"
          ecep:lem="."
          ecep:pos="."
          ecep:reg="."
          ecep:spe=".">.</pc>
   </head>
   <byline>
      <hi>
         <w xml:id="pba35-285710"
            n="a-0080"
            ecep:lem="write"
            ecep:pos="vvn"
            ecep:reg="Written"
            ecep:spe="Written"
            ecep:syllab="2"
            ecep:pron="ˈrɪtn">Written</w>
         <c> </c>
         <w xml:id="pba35-285720"
            n="a-0090"
            ecep:lem="by"
            ecep:pos="p-acp"
            ecep:reg="by"
            ecep:spe="by"
            ecep:syllab="1"
            ecep:pron="baɪ">by</w>
         <c> </c>
         <w xml:id="pba35-285730"
            n="a-0100"
            ecep:lem="a"
            ecep:pos="dt"
            ecep:reg="a"
            ecep:spe="a"
            ecep:syllab="1"
            ecep:pron="ə">a</w>
         <c> </c>
         <w xml:id="pba35-285740"
            n="a-0110"
            ecep:lem="lady"
            ecep:pos="n1"
            ecep:reg="Lady"
            ecep:spe="Lady"
            ecep:syllab="2"
            ecep:pron="ˈleɪdi">Lady</w>
         <pc xml:id="pba35-285750"
             n="a-0120"
             unit="sentence"
             ecep:lem="."
             ecep:pos="."
             ecep:reg="."
             ecep:spe=".">.</pc>
         <c> </c>
      </hi>
   </byline>
   <lg xml:id="pba35-s01800">
      <l n="1" xml:id="pba35-l14470">
         <hi rendition="#sc">
            <w xml:id="pba35-285780"
               n="a-0130"
               ecep:lem="you"
               ecep:pos="pn22"
               ecep:reg="You"
               ecep:spe="Ye"
               ecep:syllab="1"
               ecep:pron="jiː">Ye</w>
         </hi>
         <c> </c>
         <w xml:id="pba35-285790"
            n="a-0140"
            ecep:lem="heedless"
            ecep:pos="j"
            ecep:reg="heedless"
            ecep:spe="heedless"
            ecep:syllab="2"
            ecep:pron="ˈhiːdləs">heedless</w>
         <c> </c>
         <w xml:id="pba35-285800"
            n="a-0150"
            ecep:lem="fair"
            ecep:pos="j"
            ecep:reg="Fair"
            ecep:spe="Fair"
            ecep:syllab="1"
            ecep:pron="feə">Fair</w>
         <pc xml:id="pba35-285810"
             n="a-0160"
             ecep:lem=","
             ecep:pos=","
             ecep:reg=","
             ecep:spe=",">,</pc>
         <c> </c>
         <w xml:id="pba35-285820"
            n="a-0170"
            ecep:lem="who"
            ecep:pos="r-crq"
            ecep:reg="who"
            ecep:spe="who"
            ecep:syllab="1"
            ecep:pron="huː">who</w>
         <c> </c>
         <w xml:id="pba35-285830"
            n="a-0180"
            ecep:lem="trifle"
            ecep:pos="n1"
            ecep:reg="trifle"
            ecep:spe="trifle"
            ecep:syllab="2"
            ecep:pron="ˈtraɪfl">trifle</w>
         <c> </c>
         <w xml:id="pba35-285840"
            n="a-0190"
            ecep:lem="life"
            ecep:pos="n1"
            ecep:reg="Life"
            ecep:spe="Life"
            ecep:syllab="1"
            ecep:pron="laɪf">Life</w>
         <c> </c>
         <w xml:id="pba35-285850"
            n="a-0200"
            ecep:lem="away"
            ecep:pos="av"
            ecep:reg="away"
            ecep:spe="away"
            ecep:syllab="2"
            ecep:pron="əˈweɪ">away</w>
         <pc xml:id="pba35-285860"
             n="a-0210"
             ecep:lem=","
             ecep:pos=","
             ecep:reg=","
             ecep:spe=",">,</pc>
      </l>
      <l n="2" rendition="#h_3" xml:id="pba35-l14475">
         <c> </c>
         <w xml:id="pba35-285870"
            n="a-0220"
            ecep:lem="let"
            ecep:pos="vvb"
            ecep:reg="Let"
            ecep:spe="Let"
            ecep:syllab="1"
            ecep:pron="let">Let</w>
         <c> </c>
         <w xml:id="pba35-285880"
            n="a-0230"
            ecep:lem="either"
            ecep:pos="d"
            ecep:reg="either"
            ecep:spe="either"
            ecep:syllab="2"
            ecep:pron="ˈaɪðə">either</w>
         <note n="*" place="bottom" xml:id="pba35-n00190">
            <hi>
               <w xml:id="pba35-285960"
                  n="a-0240"
                  ecep:lem="lady"
                  ecep:pos="n1"
                  ecep:reg="Lady"
                  ecep:spe="Lady"
                  ecep:syllab="2"
                  ecep:pron="ˈleɪdi">Lady</w>
            </hi>
            <c> </c>
            <w xml:id="pba35-285970"
               n="a-0250"
               ecep:lem="Elizabeth"
               ecep:pos="np1"
               ecep:reg="Elizabeth"
               ecep:spe="Elizabeth"
               ecep:syllab="4"
               ecep:pron="ɪˈlɪzəbəθ">Elizabeth</w>
            <c> </c>
            <w xml:id="pba35-285980"
               n="a-0260"
               ecep:lem="Brownlow"
               ecep:pos="np1"
               ecep:reg="Brownlow"
               ecep:spe="Brownlow"
               ecep:syllab="2"
               ecep:pron="brˈaʊnləʊ">Brownlow</w>
            <pc xml:id="pba35-285990"
                n="a-0270"
                ecep:lem=","
                ecep:pos=","
                ecep:reg=","
                ecep:spe=",">,</pc>
            <c> </c>
            <hi>
               <w xml:id="pba35-286000"
                  n="a-0280"
                  ecep:lem="and"
                  ecep:pos="cc"
                  ecep:reg="and"
                  ecep:spe="and"
                  ecep:syllab="1"
                  ecep:pron="ænd">and</w>
               <c> </c>
               <w xml:id="pba35-286010"
                  n="a-0290"
                  ecep:lem="her"
                  ecep:pos="po31"
                  ecep:reg="her"
                  ecep:spe="her"
                  ecep:syllab="1"
                  ecep:pron="hɜː">her</w>
               <c> </c>
               <w xml:id="pba35-286020"
                  n="a-0300"
                  ecep:lem="daughter"
                  ecep:pos="n1"
                  ecep:reg="Daughter"
                  ecep:spe="Daughter"
                  ecep:syllab="2"
                  ecep:pron="ˈdɔːtə">Daughter</w>
               <pc xml:id="pba35-286030"
                   n="a-0310"
                   ecep:lem=","
                   ecep:pos=","
                   ecep:reg=","
                   ecep:spe=",">,</pc>
               <c> </c>
               <w xml:id="pba35-286040"
                  n="a-0320"
                  ecep:lem="now"
                  ecep:pos="av"
                  ecep:reg="now"
                  ecep:spe="now"
                  ecep:syllab="1"
                  ecep:pron="naʊ">now</w>
               <c> </c>
               <w xml:id="pba35-286050"
                  n="a-0330"
                  ecep:lem="lady"
                  ecep:pos="n1"
                  ecep:reg="Lady"
                  ecep:spe="Lady"
                  ecep:syllab="2"
                  ecep:pron="ˈleɪdi">Lady</w>
            </hi>
            <c> </c>
            <w xml:id="pba35-286060"
               n="a-0340"
               ecep:lem="Vesey"
               ecep:pos="np1"
               ecep:reg="Vesey"
               ecep:spe="Vesey"
               ecep:syllab="2"
               ecep:pron="vˈesɪ">Vesey</w>
            <pc xml:id="pba35-286070"
                n="a-0350"
                unit="sentence"
                ecep:lem="."
                ecep:pos="."
                ecep:reg="."
                ecep:spe=".">.</pc>
         </note>
         <c> </c>
         <hi rendition="#sc">
            <w xml:id="pba35-285890"
               n="a-0360"
               ecep:lem="Brownlow"
               ecep:pos="np1"
               ecep:reg="Brownlow"
               ecep:spe="Brownlow"
               ecep:syllab="2"
               ecep:pron="brˈaʊnləʊ">Brownlow</w>
         </hi>
         <c> </c>
         <w xml:id="pba35-285900"
            n="a-0370"
            ecep:lem="set"
            ecep:pos="vvb"
            ecep:reg="set"
            ecep:spe="set"
            ecep:syllab="1"
            ecep:pron="set">set</w>
         <c> </c>
         <w xml:id="pba35-285910"
            n="a-0380"
            ecep:lem="your"
            ecep:pos="po22"
            ecep:reg="your"
            ecep:spe="your"
            ecep:syllab="1"
            ecep:pron="jɔː">your</w>
         <c> </c>
         <w xml:id="pba35-285920"
            n="a-0390"
            ecep:lem="notion"
            ecep:pos="n2"
            ecep:reg="Notions"
            ecep:spe="Notions"
            ecep:syllab="2"
            ecep:pron="ˈnəʊʃnz">Notions</w>
         <c> </c>
         <w xml:id="pba35-285930"
            n="a-0400"
            ecep:lem="right"
            ecep:pos="j-jn"
            ecep:reg="right"
            ecep:spe="right"
            ecep:syllab="1"
            ecep:pron="raɪt">right</w>
         <pc xml:id="pba35-285940"
             n="a-0410"
             ecep:lem=":"
             ecep:pos=":"
             ecep:reg=":"
             ecep:spe=":">:</pc>
      </l>
      <l n="3" xml:id="pba35-l14480">
         <c> </c>
         <w xml:id="pba35-286080"
            n="a-0420"
            ecep:lem="be"
            ecep:pos="vbb"
            ecep:reg="Be"
            ecep:spe="Be"
            ecep:syllab="1"
            ecep:pron="biː">Be</w>
         <pc xml:id="pba35-286090"
             n="a-0430"
             ecep:lem=","
             ecep:pos=","
             ecep:reg=","
             ecep:spe=",">,</pc>
         <c> </c>
         <w xml:id="pba35-286100"
            n="a-0440"
            ecep:lem="like"
            ecep:pos="av-j"
            ecep:reg="like"
            ecep:spe="like"
            ecep:syllab="1"
            ecep:pron="laɪk">like</w>
         <c> </c>
         <w xml:id="pba35-286110"
            n="a-0450"
            ecep:lem="the"
            ecep:pos="dt"
            ecep:reg="the"
            ecep:spe="the"
            ecep:syllab="1"
            ecep:pron="ðiː">the</w>
         <c> </c>
         <w xml:id="pba35-286120"
            n="a-0460"
            ecep:lem="daughter"
            ecep:pos="n1"
            ecep:reg="Daughter"
            ecep:spe="Daughter"
            ecep:syllab="2"
            ecep:pron="ˈdɔːtə">Daughter</w>
         <pc xml:id="pba35-286130"
             n="a-0470"
             ecep:lem=","
             ecep:pos=","
             ecep:reg=","
             ecep:spe=",">,</pc>
         <c> </c>
         <w xml:id="pba35-286140"
            n="a-0480"
            ecep:lem="innocent"
            ecep:pos="av-jn"
            ecep:reg="innocently"
            ecep:spe="innocently"
            ecep:syllab="4"
            ecep:pron="ˈɪnəsntli">innocently</w>
         <c> </c>
         <w xml:id="pba35-286150"
            n="a-0490"
            ecep:lem="gay"
            ecep:pos="j"
            ecep:reg="gay"
            ecep:spe="gay"
            ecep:syllab="1"
            ecep:pron="geɪ">gay</w>
         <pc xml:id="pba35-286160"
             n="a-0500"
             ecep:lem=";"
             ecep:pos=";"
             ecep:reg=";"
             ecep:spe=";">;</pc>
      </l>
      <l n="4" rendition="#h_3" xml:id="pba35-l14485">
         <c> </c>
         <w xml:id="pba35-286170"
            n="a-0510"
            ecep:lem="or"
            ecep:pos="cc"
            ecep:reg="Or"
            ecep:spe="Or"
            ecep:syllab="1"
            ecep:pron="ɔː">Or</w>
         <pc xml:id="pba35-286180"
             n="a-0520"
             ecep:lem=","
             ecep:pos=","
             ecep:reg=","
             ecep:spe=",">,</pc>
         <c> </c>
         <w xml:id="pba35-286190"
            n="a-0530"
            ecep:lem="like"
            ecep:pos="av-j"
            ecep:reg="like"
            ecep:spe="like"
            ecep:syllab="1"
            ecep:pron="laɪk">like</w>
         <c> </c>
         <w xml:id="pba35-286200"
            n="a-0540"
            ecep:lem="the"
            ecep:pos="dt"
            ecep:reg="the"
            ecep:spe="the"
            ecep:syllab="1"
            ecep:pron="ðiː">the</w>
         <c> </c>
         <w xml:id="pba35-286210"
            n="a-0550"
            ecep:lem="mother"
            ecep:pos="n1"
            ecep:reg="Mother"
            ecep:spe="Mother"
            ecep:syllab="2"
            ecep:pron="ˈmʌðə">Mother</w>
         <pc xml:id="pba35-286220"
             n="a-0560"
             ecep:lem=","
             ecep:pos=","
             ecep:reg=","
             ecep:spe=",">,</pc>
         <c> </c>
         <w xml:id="pba35-286230"
            n="a-0570"
            ecep:lem="prudent"
            ecep:pos="j"
            ecep:reg="prudent"
            ecep:spe="prudent"
            ecep:syllab="2"
            ecep:pron="ˈpruːdnt">prudent</w>
         <c> </c>
         <w xml:id="pba35-286240"
            n="a-0580"
            ecep:lem="and"
            ecep:pos="cc"
            ecep:reg="and"
            ecep:spe="and"
            ecep:syllab="1"
            ecep:pron="ænd">and</w>
         <c> </c>
         <w xml:id="pba35-286250"
            n="a-0590"
            ecep:lem="polite"
            ecep:pos="j"
            ecep:reg="polite"
            ecep:spe="polite"
            ecep:syllab="2"
            ecep:pron="pəˈlaɪt">polite</w>
         <pc xml:id="pba35-286260"
             n="a-0600"
             unit="sentence"
             ecep:lem="."
             ecep:pos="."
             ecep:reg="."
             ecep:spe=".">.</pc>
         <c> </c>
      </l>
   </lg>
</div>
