<?xml version="1.0" encoding="UTF-8"?>
<div xmlns:ecep="http://www.eighteenthcenturypoetry.org/ns"
     xmlns="http://www.tei-c.org/ns/1.0"
     xmlns:tei="http://www.tei-c.org/ns/1.0"
     ana="#iamb #pentameter #pair #heroiccouplet #couplet #epitaph"
     corresp="#txt_BerkGe1763_w0007"
     decls="#semi-normalized"
     ecep:syllab="10"
     met="-+|-+|-+|-+|-+/"
     rendition="#lgvspace"
     rhyme="aa"
     subtype="eceptext"
     type="poem"
     xml:id="o5280-w0060">
   <link target="authors.xml#aut_BerkGe1763" type="author"/>
   <head type="main">
      <w xml:id="o5280-2130130"
         n="659-a-0010"
         ecep:lem="epitaph"
         ecep:pos="n1"
         ecep:reg="EPITAPH"
         ecep:spe="EPITAPH"
         ecep:syllab="3"
         ecep:pron="ˈepɪtɑːf">EPITAPH</w>
      <c> </c>
      <w xml:id="o5280-2130140"
         n="659-a-0020"
         ecep:lem="on"
         ecep:pos="p-acp"
         ecep:reg="ON"
         ecep:spe="ON"
         ecep:syllab="1"
         ecep:pron="ɒn">ON</w>
      <c> </c>
      <w xml:id="o5280-2130150"
         n="659-a-0030"
         ecep:lem="G."
         ecep:pos="np1"
         ecep:reg="G."
         ecep:spe="G."
         ecep:syllab="1"
         ecep:pron="dʒˈiː">G.</w>
      <c> </c>
      <w xml:id="o5280-2130160"
         n="659-a-0040"
         ecep:lem="R."
         ecep:pos="np1"
         ecep:reg="R."
         ecep:spe="R."
         ecep:syllab="1"
         ecep:pron="ˈɑː">R.</w>
      <c> </c>
      <w xml:id="o5280-2130170"
         n="659-a-0050"
         ecep:lem="Berkeley"
         ecep:pos="np1"
         ecep:reg="BERKELEY"
         ecep:spe="BERKELEY"
         ecep:syllab="2"
         ecep:pron="ˈbɜːkli">BERKELEY</w>
      <pc xml:id="o5280-2130180"
          n="659-a-0060"
          ecep:lem=","
          ecep:pos=","
          ecep:reg=","
          ecep:spe=",">,</pc>
      <c> </c>
      <w xml:id="o5280-2130190"
         n="659-a-0070"
         ecep:lem="ESQ"
         ecep:pos="np1"
         ecep:reg="ESQ"
         ecep:spe="ESQ"
         ecep:syllab="1"
         ecep:pron="ˈesk">ESQ</w>
      <pc xml:id="o5280-2130200"
          n="659-a-0080"
          unit="sentence"
          ecep:lem="."
          ecep:pos="."
          ecep:reg="."
          ecep:spe=".">.</pc>
   </head>
   <head type="sub">
      <w xml:id="o5280-2130230"
         n="659-a-0090"
         ecep:lem="to"
         ecep:pos="p-acp"
         ecep:reg="TO"
         ecep:spe="TO"
         ecep:syllab="1"
         ecep:pron="tuː">TO</w>
      <c> </c>
      <w xml:id="o5280-2130240"
         n="659-a-0100"
         ecep:lem="mrs."
         ecep:pos="n1"
         ecep:reg="MRS."
         ecep:spe="MRS."
         ecep:syllab="2"
         ecep:pron="mɪsɪz">MRS.</w>
      <c> </c>
      <w xml:id="o5280-2130250"
         n="659-a-0110"
         ecep:lem="GEORGE"
         ecep:pos="np1"
         ecep:reg="GEORGE"
         ecep:spe="GEORGE"
         ecep:syllab="1"
         ecep:pron="ˈdʒɔːdʒ">GEORGE</w>
      <c> </c>
      <w xml:id="o5280-2130260"
         n="659-a-0120"
         ecep:lem="Berkeley"
         ecep:pos="np1"
         ecep:reg="BERKELEY"
         ecep:spe="BERKELEY"
         ecep:syllab="2"
         ecep:pron="ˈbɜːkli">BERKELEY</w>
      <pc xml:id="o5280-2130270"
          n="659-a-0130"
          ecep:lem=","
          ecep:pos=","
          ecep:reg=","
          ecep:spe=",">,</pc>
      <c> </c>
      <w xml:id="o5280-2130280"
         n="659-a-0140"
         ecep:lem="his"
         ecep:pos="po31"
         ecep:reg="HIS"
         ecep:spe="HIS"
         ecep:syllab="1"
         ecep:pron="hɪz">HIS</w>
      <c> </c>
      <w xml:id="o5280-2130290"
         n="659-a-0150"
         ecep:lem="mother"
         ecep:pos="n1"
         ecep:reg="MOTHER"
         ecep:spe="MOTHER"
         ecep:syllab="2"
         ecep:pron="ˈmʌðə">MOTHER</w>
      <pc xml:id="o5280-2130300"
          n="659-a-0160"
          unit="sentence"
          ecep:lem="."
          ecep:pos="."
          ecep:reg="."
          ecep:spe=".">.</pc>
   </head>
   <lg xml:id="o5280-s00055">
      <l xml:id="o5280-l01395">
         <w xml:id="o5280-2130330"
            n="659-a-0170"
            ecep:lem="since"
            ecep:pos="p-acp"
            ecep:reg="SINCE"
            ecep:spe="SINCE"
            ecep:syllab="1"
            ecep:pron="sɪns">SINCE</w>
         <c> </c>
         <w xml:id="o5280-2130340"
            n="659-a-0180"
            ecep:lem="now"
            ecep:pos="av"
            ecep:reg="now"
            ecep:spe="now"
            ecep:syllab="1"
            ecep:pron="naʊ">now</w>
         <pc xml:id="o5280-2130350"
             n="659-a-0190"
             ecep:lem=","
             ecep:pos=","
             ecep:reg=","
             ecep:spe=",">,</pc>
         <c> </c>
         <w xml:id="o5280-2130360"
            n="659-a-0200"
            ecep:lem="dear"
            ecep:pos="j-jn"
            ecep:reg="dear"
            ecep:spe="dear"
            ecep:syllab="1"
            ecep:pron="dɪə">dear</w>
         <c> </c>
         <w xml:id="o5280-2130370"
            n="659-a-0210"
            ecep:lem="youth"
            ecep:pos="n1"
            ecep:reg="Youth"
            ecep:spe="Youth"
            ecep:syllab="1"
            ecep:pron="juːθ">Youth</w>
         <pc xml:id="o5280-2130380"
             n="659-a-0220"
             ecep:lem=","
             ecep:pos=","
             ecep:reg=","
             ecep:spe=",">,</pc>
         <c> </c>
         <w xml:id="o5280-2130390"
            n="659-a-0230"
            ecep:lem="this"
            ecep:pos="d"
            ecep:reg="this"
            ecep:spe="this"
            ecep:syllab="1"
            ecep:pron="ðɪs">this</w>
         <c> </c>
         <w xml:id="o5280-2130400"
            n="659-a-0240"
            ecep:lem="sad"
            ecep:pos="j"
            ecep:reg="sad"
            ecep:spe="sad"
            ecep:syllab="1"
            ecep:pron="sæd">sad</w>
         <c> </c>
         <w xml:id="o5280-2130410"
            n="659-a-0250"
            ecep:lem="record"
            ecep:pos="j-vvg"
            ecep:reg="recording"
            ecep:spe="recording"
            ecep:syllab="3"
            ecep:pron="rɪˈkɔːdɪŋ">recording</w>
         <c> </c>
         <w xml:id="o5280-2130420"
            n="659-a-0260"
            ecep:lem="stone"
            ecep:pos="n1"
            ecep:reg="stone"
            ecep:spe="stone"
            ecep:syllab="1"
            ecep:pron="stəʊn">stone</w>
      </l>
      <l xml:id="o5280-l01400">
         <c> </c>
         <w xml:id="o5280-2130430"
            n="659-a-0270"
            ecep:lem="proclaim"
            ecep:pos="vvz"
            ecep:reg="Proclaims"
            ecep:spe="Proclaims"
            ecep:syllab="2"
            ecep:pron="prəˈkleɪmz">Proclaims</w>
         <pc xml:id="o5280-2130440"
             n="659-a-0280"
             ecep:lem=","
             ecep:pos=","
             ecep:reg=","
             ecep:spe=",">,</pc>
         <c> </c>
         <w xml:id="o5280-2130450"
            n="659-a-0290"
            ecep:lem="alas"
            ecep:pos="uh"
            ecep:reg="alas"
            ecep:spe="alas"
            ecep:syllab="2"
            ecep:pron="əˈlæs">alas</w>
         <pc xml:id="o5280-2130460"
             n="659-a-0300"
             ecep:lem="!"
             ecep:pos="!"
             ecep:reg="!"
             ecep:spe="!">!</pc>
         <c> </c>
         <w xml:id="o5280-2130470"
            n="659-a-0310"
            ecep:lem="thy"
            ecep:pos="po21"
            ecep:reg="thy"
            ecep:spe="thy"
            ecep:syllab="1"
            ecep:pron="ðaɪ">thy</w>
         <c> </c>
         <w xml:id="o5280-2130480"
            n="659-a-0320"
            ecep:lem="gentle"
            ecep:pos="j"
            ecep:reg="gentle"
            ecep:spe="gentle"
            ecep:syllab="2"
            ecep:pron="ˈdʒentl">gentle</w>
         <c> </c>
         <w xml:id="o5280-2130490"
            n="659-a-0330"
            ecep:lem="spirit"
            ecep:pos="n1"
            ecep:reg="spirit"
            ecep:spe="spirit"
            ecep:syllab="2"
            ecep:pron="ˈspɪrɪt">spirit</w>
         <c> </c>
         <w xml:id="o5280-2130500"
            n="659-a-0340"
            ecep:lem="fly"
            ecep:pos="vvn"
            ecep:reg="flown"
            ecep:spe="flown"
            ecep:syllab="1"
            ecep:pron="fləʊn">flown</w>
         <pc xml:id="o5280-2130510"
             n="659-a-0350"
             ecep:lem=";"
             ecep:pos=";"
             ecep:reg=";"
             ecep:spe=";">;</pc>
      </l>
      <l xml:id="o5280-l01405">
         <c> </c>
         <w xml:id="o5280-2130520"
            n="659-a-0360"
            ecep:lem="to"
            ecep:pos="p-acp"
            ecep:reg="To"
            ecep:spe="To"
            ecep:syllab="1"
            ecep:pron="tuː">To</w>
         <c> </c>
         <w xml:id="o5280-2130530"
            n="659-a-0370"
            ecep:lem="thou"
            ecep:pos="pno21"
            ecep:reg="thee"
            ecep:spe="thee"
            ecep:syllab="1"
            ecep:pron="ðiː">thee</w>
         <pc xml:id="o5280-2130540"
             n="659-a-0380"
             ecep:lem=","
             ecep:pos=","
             ecep:reg=","
             ecep:spe=",">,</pc>
         <c> </c>
         <w xml:id="o5280-2130550"
            n="659-a-0390"
            ecep:lem="thou"
            ecep:pos="pns21"
            ecep:reg="thou"
            ecep:spe="thou"
            ecep:syllab="1"
            ecep:pron="θaʊ">thou</w>
         <c> </c>
         <w xml:id="o5280-2130560"
            n="659-a-0400"
            ecep:lem="spotless"
            ecep:pos="j"
            ecep:reg="spotless"
            ecep:spe="spotless"
            ecep:syllab="2"
            ecep:pron="ˈspɒtləs">spotless</w>
         <pc xml:id="o5280-2130570"
             n="659-a-0410"
             ecep:lem=","
             ecep:pos=","
             ecep:reg=","
             ecep:spe=",">,</pc>
         <c> </c>
         <w xml:id="o5280-2130580"
            n="659-a-0420"
            ecep:lem="thou"
            ecep:pos="pns21"
            ecep:reg="thou"
            ecep:spe="thou"
            ecep:syllab="1"
            ecep:pron="θaʊ">thou</w>
         <c> </c>
         <w xml:id="o5280-2130590"
            n="659-a-0430"
            ecep:lem="lament"
            ecep:pos="j-vvn"
            ecep:reg="lamented"
            ecep:spe="lamented"
            ecep:syllab="3"
            ecep:pron="ləˈmentɪd">lamented</w>
         <c> </c>
         <w xml:id="o5280-2130600"
            n="659-a-0440"
            ecep:lem="shade"
            ecep:pos="n1"
            ecep:reg="shade"
            ecep:spe="shade"
            ecep:syllab="1"
            ecep:pron="ʃeɪd">shade</w>
         <pc xml:id="o5280-2130610"
             n="659-a-0450"
             ecep:lem=","
             ecep:pos=","
             ecep:reg=","
             ecep:spe=",">,</pc>
      </l>
      <l xml:id="o5280-l01410">
         <c> </c>
         <w xml:id="o5280-2130620"
            n="659-a-0460"
            ecep:lem="by"
            ecep:pos="p-acp"
            ecep:reg="By"
            ecep:spe="By"
            ecep:syllab="1"
            ecep:pron="baɪ">By</w>
         <c> </c>
         <w xml:id="o5280-2130630"
            n="659-a-0470"
            ecep:lem="weep"
            ecep:pos="j-vvg"
            ecep:reg="weeping"
            ecep:spe="weeping"
            ecep:syllab="2"
            ecep:pron="wiːpɪŋ">weeping</w>
         <c> </c>
         <w xml:id="o5280-2130640"
            n="659-a-0480"
            ecep:lem="friend"
            ecep:pos="n2"
            ecep:reg="friends"
            ecep:spe="friends"
            ecep:syllab="1"
            ecep:pron="frendz">friends</w>
         <c> </c>
         <w xml:id="o5280-2130650"
            n="659-a-0490"
            ecep:lem="by"
            ecep:pos="p-acp"
            ecep:reg="be"
            ecep:spe="be"
            ecep:syllab="1"
            ecep:pron="biː">be</w>
         <c> </c>
         <w xml:id="o5280-2130660"
            n="659-a-0500"
            ecep:lem="sorrow"
            ecep:pos="ng1"
            ecep:reg="sorrow's"
            ecep:spe="sorrow's"
            ecep:syllab="2"
            ecep:pron="ˈsɒrəʊz">sorrow's</w>
         <c> </c>
         <w xml:id="o5280-2130670"
            n="659-a-0510"
            ecep:lem="tribute"
            ecep:pos="n1"
            ecep:reg="tribute"
            ecep:spe="tribute"
            ecep:syllab="2"
            ecep:pron="ˈtrɪbjuːt">tribute</w>
         <c> </c>
         <w xml:id="o5280-2130680"
            n="659-a-0520"
            ecep:lem="pay"
            ecep:pos="vvn"
            ecep:reg="paid"
            ecep:spe="paid"
            ecep:syllab="1"
            ecep:pron="peɪd">paid</w>
         <pc xml:id="o5280-2130690"
             n="659-a-0530"
             ecep:lem=";"
             ecep:pos=";"
             ecep:reg=";"
             ecep:spe=";">;</pc>
      </l>
      <l xml:id="o5280-l01415">
         <c> </c>
         <w xml:id="o5280-2130700"
            n="659-a-0540"
            ecep:lem="yet"
            ecep:pos="av"
            ecep:reg="Yet"
            ecep:spe="Yet"
            ecep:syllab="1"
            ecep:pron="jet">Yet</w>
         <pc xml:id="o5280-2130710"
             n="659-a-0550"
             ecep:lem=","
             ecep:pos=","
             ecep:reg=","
             ecep:spe=",">,</pc>
         <c> </c>
         <w xml:id="o5280-2130720"
            n="659-a-0560"
            ecep:lem="while"
            ecep:pos="cs"
            ecep:reg="while"
            ecep:spe="whilst"
            ecep:syllab="1"
            ecep:pron="waɪlst">whilst</w>
         <c> </c>
         <w xml:id="o5280-2130730"
            n="659-a-0570"
            ecep:lem="a"
            ecep:pos="dt"
            ecep:reg="a"
            ecep:spe="a"
            ecep:syllab="1"
            ecep:pron="ə">a</w>
         <c> </c>
         <w xml:id="o5280-2130740"
            n="659-a-0580"
            ecep:lem="brother"
            ecep:pos="ng1"
            ecep:reg="Brother's"
            ecep:spe="Brother's"
            ecep:syllab="2"
            ecep:pron="ˈbrʌðəz">Brother's</w>
         <c> </c>
         <w xml:id="o5280-2130750"
            n="659-a-0590"
            ecep:lem="muse"
            ecep:pos="n1"
            ecep:reg="Muse"
            ecep:spe="Muse"
            ecep:syllab="1"
            ecep:pron="mjuːz">Muse</w>
         <c> </c>
         <w xml:id="o5280-2130760"
            n="659-a-0600"
            ecep:lem="attune"
            ecep:pos="n2"
            ecep:reg="attunes"
            ecep:spe="attunes"
            ecep:syllab="3"
            ecep:pron="əˈtʃuːnz">attunes</w>
         <c> </c>
         <w xml:id="o5280-2130770"
            n="659-a-0610"
            ecep:lem="her"
            ecep:pos="po31"
            ecep:reg="her"
            ecep:spe="her"
            ecep:syllab="1"
            ecep:pron="hɜː">her</w>
         <c> </c>
         <w xml:id="o5280-2130780"
            n="659-a-0620"
            ecep:lem="lay"
            ecep:pos="n2"
            ecep:reg="lays"
            ecep:spe="lays"
            ecep:syllab="1"
            ecep:pron="leɪz">lays</w>
         <pc xml:id="o5280-2130790"
             n="659-a-0630"
             ecep:lem=","
             ecep:pos=","
             ecep:reg=","
             ecep:spe=",">,</pc>
      </l>
      <l xml:id="o5280-l01420">
         <c> </c>
         <w xml:id="o5280-2130800"
            n="659-a-0640"
            ecep:lem="and"
            ecep:pos="cc"
            ecep:reg="And"
            ecep:spe="And"
            ecep:syllab="1"
            ecep:pron="ænd">And</w>
         <c> </c>
         <w xml:id="o5280-2130810"
            n="659-a-0650"
            ecep:lem="her"
            ecep:pos="po31"
            ecep:reg="her"
            ecep:spe="her"
            ecep:syllab="1"
            ecep:pron="hɜː">her</w>
         <c> </c>
         <w xml:id="o5280-2130820"
            n="659-a-0660"
            ecep:lem="aspire"
            ecep:pos="j-vvg"
            ecep:reg="aspiring"
            ecep:spe="aspiring"
            ecep:syllab="3"
            ecep:pron="əˈspæəɪŋ">aspiring</w>
         <c> </c>
         <w xml:id="o5280-2130830"
            n="659-a-0670"
            ecep:lem="love"
            ecep:pos="n1"
            ecep:reg="love"
            ecep:spe="love"
            ecep:syllab="1"
            ecep:pron="lʌv">love</w>
         <c> </c>
         <w xml:id="o5280-2130840"
            n="659-a-0680"
            ecep:lem="attempt"
            ecep:pos="n2"
            ecep:reg="attempts"
            ecep:spe="attempts"
            ecep:syllab="2"
            ecep:pron="əˈtemts">attempts</w>
         <c> </c>
         <w xml:id="o5280-2130850"
            n="659-a-0690"
            ecep:lem="thy"
            ecep:pos="po21"
            ecep:reg="thy"
            ecep:spe="thy"
            ecep:syllab="1"
            ecep:pron="ðaɪ">thy</w>
         <c> </c>
         <w xml:id="o5280-2130860"
            n="659-a-0700"
            ecep:lem="praise"
            ecep:pos="n1"
            ecep:reg="praise"
            ecep:spe="praise"
            ecep:syllab="1"
            ecep:pron="preɪz">praise</w>
         <pc xml:id="o5280-2130870"
             n="659-a-0710"
             ecep:lem=","
             ecep:pos=","
             ecep:reg=","
             ecep:spe=",">,</pc>
      </l>
      <l xml:id="o5280-l01425">
         <c> </c>
         <w xml:id="o5280-2130880"
            n="659-a-0720"
            ecep:lem="attempt"
            ecep:pos="n2"
            ecep:reg="Attempts"
            ecep:spe="Attempts"
            ecep:syllab="2"
            ecep:pron="əˈtemts">Attempts</w>
         <c> </c>
         <w xml:id="o5280-2130890"
            n="659-a-0730"
            ecep:lem="to"
            ecep:pos="pc-acp"
            ecep:reg="to"
            ecep:spe="to"
            ecep:syllab="1"
            ecep:pron="tuː">to</w>
         <c> </c>
         <w xml:id="o5280-2130900"
            n="659-a-0740"
            ecep:lem="paint"
            ecep:pos="vvi"
            ecep:reg="paint"
            ecep:spe="paint"
            ecep:syllab="1"
            ecep:pron="peɪnt">paint</w>
         <c> </c>
         <w xml:id="o5280-2130910"
            n="659-a-0750"
            ecep:lem="that"
            ecep:pos="d"
            ecep:reg="that"
            ecep:spe="that"
            ecep:syllab="1"
            ecep:pron="ðæt">that</w>
         <c> </c>
         <w xml:id="o5280-2130920"
            n="659-a-0760"
            ecep:lem="pang"
            ecep:pos="n1"
            ecep:reg="pang"
            ecep:spe="pang"
            ecep:syllab="1"
            ecep:pron="pæŋ">pang</w>
         <c> </c>
         <w xml:id="o5280-2130930"
            n="659-a-0770"
            ecep:lem="her"
            ecep:pos="po31"
            ecep:reg="her"
            ecep:spe="her"
            ecep:syllab="1"
            ecep:pron="hɜː">her</w>
         <c> </c>
         <w xml:id="o5280-2130940"
            n="659-a-0780"
            ecep:lem="bosom"
            ecep:pos="n1"
            ecep:reg="bosom"
            ecep:spe="bosom"
            ecep:syllab="2"
            ecep:pron="ˈbʊzm">bosom</w>
         <c> </c>
         <w xml:id="o5280-2130950"
            n="659-a-0790"
            ecep:lem="know"
            ecep:pos="vvd"
            ecep:reg="knew"
            ecep:spe="knew"
            ecep:syllab="1"
            ecep:pron="njuː">knew</w>
         <pc xml:id="o5280-2130960"
             n="659-a-0800"
             ecep:lem=","
             ecep:pos=","
             ecep:reg=","
             ecep:spe=",">,</pc>
      </l>
      <l xml:id="o5280-l01430">
         <c> </c>
         <w xml:id="o5280-2130970"
            n="659-a-0810"
            ecep:lem="when"
            ecep:pos="c-crq"
            ecep:reg="When"
            ecep:spe="When"
            ecep:syllab="1"
            ecep:pron="wen">When</w>
         <c> </c>
         <w xml:id="o5280-2130980"
            n="659-a-0820"
            ecep:lem="rob"
            ecep:pos="vvn"
            ecep:reg="robbed"
            ecep:spe="robb'd"
            ecep:syllab="1"
            ecep:pron="rɒbd">robb'd</w>
         <c> </c>
         <w xml:id="o5280-2130990"
            n="659-a-0830"
            ecep:lem="by"
            ecep:pos="p-acp"
            ecep:reg="by"
            ecep:spe="by"
            ecep:syllab="1"
            ecep:pron="baɪ">by</w>
         <c> </c>
         <w xml:id="o5280-2131000"
            n="659-a-0840"
            ecep:lem="death"
            ecep:pos="n1"
            ecep:reg="Death"
            ecep:spe="Death"
            ecep:syllab="1"
            ecep:pron="deθ">Death</w>
         <c> </c>
         <w xml:id="o5280-2131010"
            n="659-a-0850"
            ecep:lem="of"
            ecep:pos="pp-f"
            ecep:reg="of"
            ecep:spe="of"
            ecep:syllab="1"
            ecep:pron="ɒv">of</w>
         <c> </c>
         <w xml:id="o5280-2131020"
            n="659-a-0860"
            ecep:lem="happiness"
            ecep:pos="n1"
            ecep:reg="happiness"
            ecep:spe="happiness"
            ecep:syllab="3"
            ecep:pron="ˈhæpɪnəs">happiness</w>
         <c> </c>
         <w xml:id="o5280-2131030"
            n="659-a-0870"
            ecep:lem="and"
            ecep:pos="cc"
            ecep:reg="and"
            ecep:spe="and"
            ecep:syllab="1"
            ecep:pron="ænd">and</w>
         <c> </c>
         <w xml:id="o5280-2131040"
            n="659-a-0880"
            ecep:lem="you"
            ecep:pos="pn22"
            ecep:reg="you"
            ecep:spe="you"
            ecep:syllab="1"
            ecep:pron="juː">you</w>
         <pc xml:id="o5280-2131050"
             n="659-a-0890"
             ecep:lem=";"
             ecep:pos=";"
             ecep:reg=";"
             ecep:spe=";">;</pc>
      </l>
      <l xml:id="o5280-l01435">
         <c> </c>
         <w xml:id="o5280-2131060"
            n="659-a-0900"
            ecep:lem="while"
            ecep:pos="cs"
            ecep:reg="While"
            ecep:spe="Whilst"
            ecep:syllab="1"
            ecep:pron="waɪlst">Whilst</w>
         <c> </c>
         <w xml:id="o5280-2131070"
            n="659-a-0910"
            ecep:lem="to"
            ecep:pos="p-acp"
            ecep:reg="to"
            ecep:spe="to"
            ecep:syllab="1"
            ecep:pron="tuː">to</w>
         <c> </c>
         <w xml:id="o5280-2131080"
            n="659-a-0920"
            ecep:lem="this"
            ecep:pos="d"
            ecep:reg="this"
            ecep:spe="this"
            ecep:syllab="1"
            ecep:pron="ðɪs">this</w>
         <c> </c>
         <w xml:id="o5280-2131090"
            n="659-a-0930"
            ecep:lem="tablet"
            ecep:pos="n1"
            ecep:reg="tablet"
            ecep:spe="tablet"
            ecep:syllab="2"
            ecep:pron="ˈtæblət">tablet</w>
         <c> </c>
         <w xml:id="o5280-2131100"
            n="659-a-0940"
            ecep:lem="frail"
            ecep:pos="j"
            ecep:reg="frail"
            ecep:spe="frail"
            ecep:syllab="1"
            ecep:pron="freɪl">frail</w>
         <c> </c>
         <w xml:id="o5280-2131110"
            n="659-a-0950"
            ecep:lem="she"
            ecep:pos="pns31"
            ecep:reg="she"
            ecep:spe="she"
            ecep:syllab="1"
            ecep:pron="ʃiː">she</w>
         <c> </c>
         <w xml:id="o5280-2131120"
            n="659-a-0960"
            ecep:lem="give"
            ecep:pos="vvz"
            ecep:reg="gives"
            ecep:spe="gives"
            ecep:syllab="1"
            ecep:pron="gɪvz">gives</w>
         <c> </c>
         <w xml:id="o5280-2131130"
            n="659-a-0970"
            ecep:lem="the"
            ecep:pos="dt"
            ecep:reg="the"
            ecep:spe="the"
            ecep:syllab="1"
            ecep:pron="ðiː">the</w>
         <c> </c>
         <w xml:id="o5280-2131140"
            n="659-a-0980"
            ecep:lem="trust"
            ecep:pos="n1"
            ecep:reg="trust"
            ecep:spe="trust"
            ecep:syllab="1"
            ecep:pron="trʌst">trust</w>
         <pc xml:id="o5280-2131150"
             n="659-a-0990"
             ecep:lem=","
             ecep:pos=","
             ecep:reg=","
             ecep:spe=",">,</pc>
      </l>
      <l xml:id="o5280-l01440">
         <c> </c>
         <w xml:id="o5280-2131160"
            n="659-a-1000"
            ecep:lem="to"
            ecep:pos="pc-acp"
            ecep:reg="To"
            ecep:spe="To"
            ecep:syllab="1"
            ecep:pron="tuː">To</w>
         <c> </c>
         <w xml:id="o5280-2131170"
            n="659-a-1010"
            ecep:lem="bear"
            ecep:pos="vvi"
            ecep:reg="bear"
            ecep:spe="bear"
            ecep:syllab="1"
            ecep:pron="beə">bear</w>
         <c> </c>
         <w xml:id="o5280-2131180"
            n="659-a-1020"
            ecep:lem="thy"
            ecep:pos="po21"
            ecep:reg="thy"
            ecep:spe="thy"
            ecep:syllab="1"
            ecep:pron="ðaɪ">thy</w>
         <c> </c>
         <w xml:id="o5280-2131190"
            n="659-a-1030"
            ecep:lem="virtue"
            ecep:pos="n2"
            ecep:reg="virtues"
            ecep:spe="virtues"
            ecep:syllab="2"
            ecep:pron="ˈvɜːtʃuːz">virtues</w>
         <c> </c>
         <w xml:id="o5280-2131200"
            n="659-a-1040"
            ecep:lem="and"
            ecep:pos="cc"
            ecep:reg="and"
            ecep:spe="and"
            ecep:syllab="1"
            ecep:pron="ænd">and</w>
         <c> </c>
         <w xml:id="o5280-2131210"
            n="659-a-1050"
            ecep:lem="protect"
            ecep:pos="vvb"
            ecep:reg="protect"
            ecep:spe="protect"
            ecep:syllab="2"
            ecep:pron="prəˈtekt">protect</w>
         <c> </c>
         <w xml:id="o5280-2131220"
            n="659-a-1060"
            ecep:lem="thy"
            ecep:pos="po21"
            ecep:reg="thy"
            ecep:spe="thy"
            ecep:syllab="1"
            ecep:pron="ðaɪ">thy</w>
         <c> </c>
         <w xml:id="o5280-2131230"
            n="659-a-1070"
            ecep:lem="dust"
            ecep:pos="n1"
            ecep:reg="dust"
            ecep:spe="dust"
            ecep:syllab="1"
            ecep:pron="dʌst">dust</w>
         <pc xml:id="o5280-2131240"
             n="659-a-1080"
             ecep:lem=";"
             ecep:pos=";"
             ecep:reg=";"
             ecep:spe=";">;</pc>
      </l>
      <l xml:id="o5280-l01445">
         <c> </c>
         <w xml:id="o5280-2131250"
            n="659-a-1090"
            ecep:lem="let"
            ecep:pos="vvb"
            ecep:reg="Let"
            ecep:spe="Let"
            ecep:syllab="1"
            ecep:pron="let">Let</w>
         <c> </c>
         <w xml:id="o5280-2131260"
            n="659-a-1100"
            ecep:lem="none"
            ecep:pos="pix"
            ecep:reg="none"
            ecep:spe="none"
            ecep:syllab="1"
            ecep:pron="nəʊn">none</w>
         <c> </c>
         <w xml:id="o5280-2131270"
            n="659-a-1110"
            ecep:lem="who"
            ecep:pos="q-crq"
            ecep:reg="who"
            ecep:spe="who"
            ecep:syllab="1"
            ecep:pron="huː">who</w>
         <c> </c>
         <w xml:id="o5280-2131280"
            n="659-a-1120"
            ecep:lem="mourn"
            ecep:pos="vvb"
            ecep:reg="mourn"
            ecep:spe="mourn"
            ecep:syllab="1"
            ecep:pron="mɔːn">mourn</w>
         <c> </c>
         <w xml:id="o5280-2131290"
            n="659-a-1130"
            ecep:lem="for"
            ecep:pos="p-acp"
            ecep:reg="for"
            ecep:spe="for"
            ecep:syllab="1"
            ecep:pron="fɔː">for</w>
         <c> </c>
         <w xml:id="o5280-2131300"
            n="659-a-1140"
            ecep:lem="thou"
            ecep:pos="pno21"
            ecep:reg="thee"
            ecep:spe="thee"
            ecep:syllab="1"
            ecep:pron="ðiː">thee</w>
         <c> </c>
         <w xml:id="o5280-2131310"
            n="659-a-1150"
            ecep:lem="despond"
            ecep:pos="vvg"
            ecep:reg="desponding"
            ecep:spe="desponding"
            ecep:syllab="3"
            ecep:pron="dɪˈspɒndɪŋ">desponding</w>
         <c> </c>
         <w xml:id="o5280-2131320"
            n="659-a-1160"
            ecep:lem="rave"
            ecep:pos="vvb"
            ecep:reg="rave"
            ecep:spe="rave"
            ecep:syllab="1"
            ecep:pron="reɪv">rave</w>
         <pc xml:id="o5280-2131330"
             n="659-a-1170"
             ecep:lem=":"
             ecep:pos=":"
             ecep:reg=":"
             ecep:spe=":">:</pc>
      </l>
      <l xml:id="o5280-l01450">
         <c> </c>
         <w xml:id="o5280-2131340"
            n="659-a-1180"
            ecep:lem="for"
            ecep:pos="p-acp"
            ecep:reg="For"
            ecep:spe="For"
            ecep:syllab="1"
            ecep:pron="fɔː">For</w>
         <c> </c>
         <w xml:id="o5280-2131350"
            n="659-a-1190"
            ecep:lem="hope"
            ecep:pos="n1"
            ecep:reg="Hope"
            ecep:spe="Hope"
            ecep:syllab="1"
            ecep:pron="həʊp">Hope</w>
         <c> </c>
         <w xml:id="o5280-2131360"
            n="659-a-1200"
            ecep:lem="celestial"
            ecep:pos="j"
            ecep:reg="celestial"
            ecep:spe="celestial"
            ecep:syllab="3"
            ecep:pron="səˈlestiəl">celestial</w>
         <pc xml:id="o5280-2131370"
             n="659-a-1210"
             ecep:lem=","
             ecep:pos=","
             ecep:reg=","
             ecep:spe=",">,</pc>
         <c> </c>
         <w xml:id="o5280-2131380"
            n="659-a-1220"
            ecep:lem="dawn"
            ecep:pos="vvg"
            ecep:reg="dawning"
            ecep:spe="dawning"
            ecep:syllab="2"
            ecep:pron="dɔːnɪŋ">dawning</w>
         <c> </c>
         <w xml:id="o5280-2131390"
            n="659-a-1230"
            ecep:lem="on"
            ecep:pos="p-acp"
            ecep:reg="on"
            ecep:spe="on"
            ecep:syllab="1"
            ecep:pron="ɒn">on</w>
         <c> </c>
         <w xml:id="o5280-2131400"
            n="659-a-1240"
            ecep:lem="thy"
            ecep:pos="po21"
            ecep:reg="thy"
            ecep:spe="thy"
            ecep:syllab="1"
            ecep:pron="ðaɪ">thy</w>
         <c> </c>
         <w xml:id="o5280-2131410"
            n="659-a-1250"
            ecep:lem="grave"
            ecep:pos="n1"
            ecep:reg="grave"
            ecep:spe="grave"
            ecep:syllab="1"
            ecep:pron="grɑːv">grave</w>
         <pc xml:id="o5280-2131420"
             n="659-a-1260"
             ecep:lem=","
             ecep:pos=","
             ecep:reg=","
             ecep:spe=",">,</pc>
      </l>
      <l xml:id="o5280-l01455">
         <c> </c>
         <w xml:id="o5280-2131430"
            n="659-a-1270"
            ecep:lem="gild"
            ecep:pos="vvz"
            ecep:reg="Gilds"
            ecep:spe="Gilds"
            ecep:syllab="1"
            ecep:pron="gɪldz">Gilds</w>
         <c> </c>
         <w xml:id="o5280-2131440"
            n="659-a-1280"
            ecep:lem="with"
            ecep:pos="p-acp"
            ecep:reg="with"
            ecep:spe="with"
            ecep:syllab="1"
            ecep:pron="wɪð">with</w>
         <c> </c>
         <w xml:id="o5280-2131450"
            n="659-a-1290"
            ecep:lem="serene"
            ecep:pos="js"
            ecep:reg="serenest"
            ecep:spe="serenest"
            ecep:syllab="3"
            ecep:pron="sɪˈriːnɪst">serenest</w>
         <c> </c>
         <w xml:id="o5280-2131460"
            n="659-a-1300"
            ecep:lem="beam"
            ecep:pos="n1"
            ecep:reg="beam"
            ecep:spe="beam"
            ecep:syllab="1"
            ecep:pron="biːm">beam</w>
         <c> </c>
         <w xml:id="o5280-2131470"
            n="659-a-1310"
            ecep:lem="that"
            ecep:pos="cst"
            ecep:reg="that"
            ecep:spe="that"
            ecep:syllab="1"
            ecep:pron="ðæt">that</w>
         <c> </c>
         <w xml:id="o5280-2131480"
            n="659-a-1320"
            ecep:lem="distant"
            ecep:pos="j"
            ecep:reg="distant"
            ecep:spe="distant"
            ecep:syllab="2"
            ecep:pron="ˈdɪstnt">distant</w>
         <c> </c>
         <w xml:id="o5280-2131490"
            n="659-a-1330"
            ecep:lem="shore"
            ecep:pos="n1"
            ecep:reg="shore"
            ecep:spe="shore"
            ecep:syllab="1"
            ecep:pron="ʃɔː">shore</w>
         <pc xml:id="o5280-2131500"
             n="659-a-1340"
             ecep:lem=","
             ecep:pos=","
             ecep:reg=","
             ecep:spe=",">,</pc>
      </l>
      <l xml:id="o5280-l01460">
         <c> </c>
         <w xml:id="o5280-2131510"
            n="659-a-1350"
            ecep:lem="from"
            ecep:pos="p-acp"
            ecep:reg="From"
            ecep:spe="From"
            ecep:syllab="1"
            ecep:pron="frɒm">From</w>
         <c> </c>
         <w xml:id="o5280-2131520"
            n="659-a-1360"
            ecep:lem="who"
            ecep:pos="r-crq"
            ecep:reg="whose"
            ecep:spe="whose"
            ecep:syllab="1"
            ecep:pron="huːz">whose</w>
         <c> </c>
         <w xml:id="o5280-2131530"
            n="659-a-1370"
            ecep:lem="sad"
            ecep:pos="j"
            ecep:reg="sad"
            ecep:spe="sad"
            ecep:syllab="1"
            ecep:pron="sæd">sad</w>
         <c> </c>
         <w xml:id="o5280-2131540"
            n="659-a-1380"
            ecep:lem="bourn"
            ecep:pos="n1"
            ecep:reg="bourn"
            ecep:spe="bourn"
            ecep:syllab="1"
            ecep:pron="bɔːn">bourn</w>
         <c> </c>
         <w xml:id="o5280-2131550"
            n="659-a-1390"
            ecep:lem="mortal"
            ecep:pos="n2-jn"
            ecep:reg="mortals"
            ecep:spe="mortals"
            ecep:syllab="2"
            ecep:pron="ˈmɔːtlz">mortals</w>
         <c> </c>
         <w xml:id="o5280-2131560"
            n="659-a-1400"
            ecep:lem="return"
            ecep:pos="n1"
            ecep:reg="return"
            ecep:spe="return"
            ecep:syllab="2"
            ecep:pron="rɪˈtɜːn">return</w>
         <c> </c>
         <w xml:id="o5280-2131570"
            n="659-a-1410"
            ecep:lem="no"
            ecep:pos="dx"
            ecep:reg="no"
            ecep:spe="no"
            ecep:syllab="1"
            ecep:pron="nəʊ">no</w>
         <c> </c>
         <w xml:id="o5280-2131580"
            n="659-a-1420"
            ecep:lem="more"
            ecep:pos="av-dc"
            ecep:reg="more"
            ecep:spe="more"
            ecep:syllab="1"
            ecep:pron="mɔː">more</w>
         <pc xml:id="o5280-2131590"
             n="659-a-1430"
             unit="sentence"
             ecep:lem="."
             ecep:pos="."
             ecep:reg="."
             ecep:spe=".">.</pc>
         <c> </c>
      </l>
   </lg>
</div>
