<?xml version="1.0" encoding="utf-8"?>
<!DOCTYPE div
  SYSTEM "about:legacy-compat">
<div xmlns:ecep="http://www.eighteenthcenturypoetry.org/ns"
     xmlns="http://www.tei-c.org/ns/1.0"
     xmlns:tei="http://www.tei-c.org/ns/1.0"
     ana="#iamb #tetrameter #trimeter #sestet #tail #address"
     corresp="#txt_ChanMa1687_w0005"
     decls="#semi-diplomatic"
     ecep:syllab="8.8.6.8.8.6"
     met="-+|-+|-+|-+/ -+|-+|-+|-+/ -+|-+|-+/ -+|-+|-+|-+/ -+|-+|-+|-+/ -+|-+|-+/"
     rendition="#lgvspace"
     rhyme="aabccb"
     subtype="eceptext"
     type="poem"
     xml:id="pmc36-w0050">
   <link target="authors.xml#aut_ChanMa1687" type="author"/>
   <head type="main">
      <w xml:id="pmc36-44760"
         n="pmc36/0046-a-0010"
         ecep:lem="a"
         ecep:pos="dt"
         ecep:reg="A"
         ecep:spe="A"
         ecep:syllab="1"
         ecep:pron="ə">A</w>
      <c> </c>
      <w xml:id="pmc36-44770"
         n="pmc36/0046-a-0020"
         ecep:lem="poem"
         ecep:pos="n1"
         ecep:reg="POEM"
         ecep:spe="POEM"
         ecep:syllab="2"
         ecep:pron="ˈpəʊɪm">POEM</w>
      <c> </c>
      <w xml:id="pmc36-44780"
         n="pmc36/0046-a-0030"
         ecep:lem="on"
         ecep:pos="p-acp"
         ecep:reg="on"
         ecep:spe="on"
         ecep:syllab="1"
         ecep:pron="ɒn">on</w>
      <c> </c>
      <w xml:id="pmc36-44790"
         n="pmc36/0046-a-0040"
         ecep:lem="the"
         ecep:pos="dt"
         ecep:reg="the"
         ecep:spe="the"
         ecep:syllab="1"
         ecep:pron="ðiː">the</w>
      <c> </c>
      <w xml:id="pmc36-44800"
         n="pmc36/0046-a-0050"
         ecep:lem="princess"
         ecep:pos="n1"
         ecep:reg="Princess"
         ecep:spe="Princess"
         ecep:syllab="2"
         ecep:pron="prɪnˈses">Princess</w>
      <c> </c>
      <hi rendition="#sc">
         <w xml:id="pmc36-44810"
            n="pmc36/0046-a-0060"
            ecep:lem="Amelia"
            ecep:pos="np1"
            ecep:reg="Amelia"
            ecep:spe="Amelia"
            ecep:syllab="3"
            ecep:pron="əˈmiːlɪə">Amelia</w>
      </hi>
      <pc xml:id="pmc36-44820"
          n="pmc36/0046-a-0070"
          unit="sentence"
          ecep:lem="."
          ecep:pos="."
          ecep:reg="."
          ecep:spe=".">.</pc>
   </head>
   <head type="sub">
      <w xml:id="pmc36-44850"
         n="pmc36/0046-a-0080"
         ecep:lem="in"
         ecep:pos="p-acp"
         ecep:reg="In"
         ecep:spe="In"
         ecep:syllab="1"
         ecep:pron="ɪn">In</w>
      <c> </c>
      <w xml:id="pmc36-44860"
         n="pmc36/0046-a-0090"
         ecep:lem="answer"
         ecep:pos="n1"
         ecep:reg="Answer"
         ecep:spe="Answer"
         ecep:syllab="2"
         ecep:pron="ˈɑːnsə">Answer</w>
      <c> </c>
      <w xml:id="pmc36-44870"
         n="pmc36/0046-a-0100"
         ecep:lem="to"
         ecep:pos="p-acp"
         ecep:reg="to"
         ecep:spe="to"
         ecep:syllab="1"
         ecep:pron="tuː">to</w>
      <c> </c>
      <hi rendition="#sc">
         <w xml:id="pmc36-44880"
            n="pmc36/0046-a-0110"
            ecep:lem="Damon"
            ecep:pos="np1"
            ecep:reg="Damon"
            ecep:spe="Damon"
            ecep:syllab="2"
            ecep:pron="ˈdeɪmən">Damon</w>
      </hi>
      <pc xml:id="pmc36-44890"
          n="pmc36/0046-a-0120"
          ecep:lem=","
          ecep:pos=","
          ecep:reg=","
          ecep:spe=",">,</pc>
      <c> </c>
      <w xml:id="pmc36-44900"
         n="pmc36/0046-a-0130"
         ecep:lem="who"
         ecep:pos="r-crq"
         ecep:reg="who"
         ecep:spe="who"
         ecep:syllab="1"
         ecep:pron="huː">who</w>
      <c> </c>
      <w xml:id="pmc36-44910"
         n="pmc36/0046-a-0140"
         ecep:lem="invite"
         ecep:pos="vvd"
         ecep:reg="invited"
         ecep:spe="invited"
         ecep:syllab="3"
         ecep:pron="ɪnˈvaɪtɪd">invited</w>
      <c> </c>
      <w xml:id="pmc36-44920"
         n="pmc36/0046-a-0150"
         ecep:lem="the"
         ecep:pos="dt"
         ecep:reg="the"
         ecep:spe="the"
         ecep:syllab="1"
         ecep:pron="ðiː">the</w>
      <c> </c>
      <w xml:id="pmc36-44930"
         n="pmc36/0046-a-0160"
         ecep:lem="nymph"
         ecep:pos="n2"
         ecep:reg="Nymphs"
         ecep:spe="Nymphs"
         ecep:syllab="1"
         ecep:pron="nɪmfs">Nymphs</w>
      <c> </c>
      <w xml:id="pmc36-44940"
         n="pmc36/0046-a-0170"
         ecep:lem="of"
         ecep:pos="pp-f"
         ecep:reg="of"
         ecep:spe="of"
         ecep:syllab="1"
         ecep:pron="ɒv">of</w>
      <c> </c>
      <hi>
         <w xml:id="pmc36-44950"
            n="pmc36/0046-a-0180"
            ecep:lem="bath"
            ecep:pos="n1"
            ecep:reg="Bath"
            ecep:spe="Bath"
            ecep:syllab="1"
            ecep:pron="bɑːθ">Bath</w>
      </hi>
      <pc xml:id="pmc36-44960"
          n="pmc36/0046-a-0190"
          ecep:lem=","
          ecep:pos=","
          ecep:reg=","
          ecep:spe=",">,</pc>
      <c> </c>
      <w xml:id="pmc36-44970"
         n="pmc36/0046-a-0200"
         ecep:lem="to"
         ecep:pos="pc-acp"
         ecep:reg="to"
         ecep:spe="to"
         ecep:syllab="1"
         ecep:pron="tuː">to</w>
      <c> </c>
      <w xml:id="pmc36-44980"
         n="pmc36/0046-a-0210"
         ecep:lem="sing"
         ecep:pos="vvi"
         ecep:reg="sing"
         ecep:spe="sing"
         ecep:syllab="1"
         ecep:pron="sɪŋ">sing</w>
      <c> </c>
      <w xml:id="pmc36-44990"
         n="pmc36/0046-a-0220"
         ecep:lem="her"
         ecep:pos="po31"
         ecep:reg="her"
         ecep:spe="her"
         ecep:syllab="1"
         ecep:pron="hɜː">her</w>
      <c> </c>
      <w xml:id="pmc36-45000"
         n="pmc36/0046-a-0230"
         ecep:lem="praise"
         ecep:pos="n1"
         ecep:reg="Praise"
         ecep:spe="Praise"
         ecep:syllab="1"
         ecep:pron="preɪz">Praise</w>
      <pc xml:id="pmc36-45010"
          n="pmc36/0046-a-0240"
          unit="sentence"
          ecep:lem="."
          ecep:pos="."
          ecep:reg="."
          ecep:spe=".">.</pc>
   </head>
   <lg xml:id="pmc36-s00230">
      <l n="1" xml:id="pmc36-l02345">
         <hi rendition="#sc">
            <w xml:id="pmc36-45040"
               n="pmc36/0046-a-0250"
               ecep:lem="hark"
               ecep:pos="vvb"
               ecep:reg="Hark"
               ecep:spe="Hark"
               ecep:syllab="1"
               ecep:pron="hɑːk">Hark</w>
            <pc xml:id="pmc36-45045"
                n="pmc36/0046-a-0250"
                ecep:lem="!"
                ecep:pos="!"
                ecep:reg="!"
                ecep:spe="!">!</pc>
            <c> </c>
            <w xml:id="pmc36-45050"
               n="pmc36/0046-a-0260"
               ecep:lem="Damon"
               ecep:pos="np1"
               ecep:reg="Damon"
               ecep:spe="Damon"
               ecep:syllab="2"
               ecep:pron="ˈdeɪmən">Damon</w>
         </hi>
         <c> </c>
         <w xml:id="pmc36-45060"
            n="pmc36/0046-a-0270"
            ecep:lem="call"
            ecep:pos="vvz"
            ecep:reg="calls"
            ecep:spe="calls"
            ecep:syllab="1"
            ecep:pron="kɔːlz">calls</w>
         <pc xml:id="pmc36-45070"
             n="pmc36/0046-a-0280"
             ecep:lem=","
             ecep:pos=","
             ecep:reg=","
             ecep:spe=",">,</pc>
         <c> </c>
         <w xml:id="pmc36-45080"
            n="pmc36/0046-a-0290"
            ecep:lem="i"
            ecep:pos="pns11"
            ecep:reg="I"
            ecep:spe="I"
            ecep:syllab="1"
            ecep:pron="aɪ">I</w>
         <c> </c>
         <w xml:id="pmc36-45090"
            n="pmc36/0046-a-0300"
            ecep:lem="lead"
            ecep:pos="vvb"
            ecep:reg="lead"
            ecep:spe="lead"
            ecep:syllab="1"
            ecep:pron="liːd">lead</w>
         <c> </c>
         <w xml:id="pmc36-45100"
            n="pmc36/0046-a-0310"
            ecep:lem="the"
            ecep:pos="dt"
            ecep:reg="the"
            ecep:spe="the"
            ecep:syllab="1"
            ecep:pron="ðiː">the</w>
         <c> </c>
         <w xml:id="pmc36-45110"
            n="pmc36/0046-a-0320"
            ecep:lem="way"
            ecep:pos="n1"
            ecep:reg="Way"
            ecep:spe="Way"
            ecep:syllab="1"
            ecep:pron="weɪ">Way</w>
         <pc xml:id="pmc36-45120"
             n="pmc36/0046-a-0330"
             ecep:lem=";"
             ecep:pos=";"
             ecep:reg=";"
             ecep:spe=";">;</pc>
      </l>
      <l n="2" xml:id="pmc36-l02350">
         <c> </c>
         <w xml:id="pmc36-45130"
            n="pmc36/0046-a-0340"
            ecep:lem="you"
            ecep:pos="pn22"
            ecep:reg="You"
            ecep:spe="Ye"
            ecep:syllab="1"
            ecep:pron="jiː">Ye</w>
         <c> </c>
         <w xml:id="pmc36-45140"
            n="pmc36/0046-a-0350"
            ecep:lem="nymph"
            ecep:pos="n2"
            ecep:reg="Nymphs"
            ecep:spe="Nymphs"
            ecep:syllab="1"
            ecep:pron="nɪmfs">Nymphs</w>
         <c> </c>
         <w xml:id="pmc36-45150"
            n="pmc36/0046-a-0360"
            ecep:lem="of"
            ecep:pos="pp-f"
            ecep:reg="of"
            ecep:spe="of"
            ecep:syllab="1"
            ecep:pron="ɒv">of</w>
         <c> </c>
         <hi>
            <w xml:id="pmc36-45160"
               n="pmc36/0046-a-0370"
               ecep:lem="bath"
               ecep:pos="n1"
               ecep:reg="Bath"
               ecep:spe="Bath"
               ecep:syllab="1"
               ecep:pron="bɑːθ">Bath</w>
         </hi>
         <pc xml:id="pmc36-45170"
             n="pmc36/0046-a-0380"
             ecep:lem=","
             ecep:pos=","
             ecep:reg=","
             ecep:spe=",">,</pc>
         <c> </c>
         <w xml:id="pmc36-45180"
            n="pmc36/0046-a-0390"
            ecep:lem="come"
            ecep:pos="vvb"
            ecep:reg="come"
            ecep:spe="come"
            ecep:syllab="1"
            ecep:pron="kʌm">come</w>
         <pc xml:id="pmc36-45190"
             n="pmc36/0046-a-0400"
             ecep:lem=","
             ecep:pos=","
             ecep:reg=","
             ecep:spe=",">,</pc>
         <c> </c>
         <w xml:id="pmc36-45200"
            n="pmc36/0046-a-0410"
            ecep:lem="aid"
            ecep:pos="vvb"
            ecep:reg="aid"
            ecep:spe="aid"
            ecep:syllab="1"
            ecep:pron="eɪd">aid</w>
         <c> </c>
         <w xml:id="pmc36-45210"
            n="pmc36/0046-a-0420"
            ecep:lem="my"
            ecep:pos="po11"
            ecep:reg="my"
            ecep:spe="my"
            ecep:syllab="1"
            ecep:pron="maɪ">my</w>
         <c> </c>
         <w xml:id="pmc36-45220"
            n="pmc36/0046-a-0430"
            ecep:lem="lay"
            ecep:pos="vvb"
            ecep:reg="Lay"
            ecep:spe="Lay"
            ecep:syllab="1"
            ecep:pron="leɪ">Lay</w>
         <pc xml:id="pmc36-45230"
             n="pmc36/0046-a-0440"
             ecep:lem=","
             ecep:pos=","
             ecep:reg=","
             ecep:spe=",">,</pc>
      </l>
      <l n="3" rendition="#h_3" xml:id="pmc36-l02355">
         <c> </c>
         <w xml:id="pmc36-45240"
            n="pmc36/0046-a-0450"
            ecep:lem="come"
            ecep:pos="vvb"
            ecep:reg="Come"
            ecep:spe="Come"
            ecep:syllab="1"
            ecep:pron="kʌm">Come</w>
         <pc xml:id="pmc36-45250"
             n="pmc36/0046-a-0460"
             ecep:lem=","
             ecep:pos=","
             ecep:reg=","
             ecep:spe=",">,</pc>
         <c> </c>
         <w xml:id="pmc36-45260"
            n="pmc36/0046-a-0470"
            ecep:lem="strike"
            ecep:pos="vvb"
            ecep:reg="strike"
            ecep:spe="strike"
            ecep:syllab="1"
            ecep:pron="straɪk">strike</w>
         <c> </c>
         <w xml:id="pmc36-45270"
            n="pmc36/0046-a-0480"
            ecep:lem="the"
            ecep:pos="dt"
            ecep:reg="the"
            ecep:spe="the"
            ecep:syllab="1"
            ecep:pron="ðiː">the</w>
         <c> </c>
         <w xml:id="pmc36-45280"
            n="pmc36/0046-a-0490"
            ecep:lem="tremble"
            ecep:pos="j-vvg"
            ecep:reg="trembling"
            ecep:spe="trembling"
            ecep:syllab="2"
            ecep:pron="ˈtremblɪŋ">trembling</w>
         <c> </c>
         <w xml:id="pmc36-45290"
            n="pmc36/0046-a-0500"
            ecep:lem="string"
            ecep:pos="n1"
            ecep:reg="String"
            ecep:spe="String"
            ecep:syllab="1"
            ecep:pron="strɪŋ">String</w>
         <pc xml:id="pmc36-45300"
             n="pmc36/0046-a-0510"
             ecep:lem=":"
             ecep:pos=":"
             ecep:reg=":"
             ecep:spe=":">:</pc>
      </l>
      <l n="4" xml:id="pmc36-l02360">
         <c> </c>
         <hi rendition="#sc">
            <w xml:id="pmc36-45310.1"
               n="pmc36/0046-a-0520"
               rend="plain_apostrophe"
               ecep:lem="Amelia"
               ecep:pos="npg1"
               ecep:reg="Amelia's"
               ecep:spe="Amelia's"
               ecep:syllab="4"
               ecep:pron="əˈmiːlɪəz">Amelia's</w>
         </hi>
         <c> </c>
         <w xml:id="pmc36-45320"
            n="pmc36/0046-a-0530"
            ecep:lem="name"
            ecep:pos="n1"
            ecep:reg="Name"
            ecep:spe="Name"
            ecep:syllab="1"
            ecep:pron="neɪm">Name</w>
         <c> </c>
         <w xml:id="pmc36-45330"
            n="pmc36/0046-a-0540"
            ecep:lem="so"
            ecep:pos="av"
            ecep:reg="so"
            ecep:spe="so"
            ecep:syllab="1"
            ecep:pron="səʊ">so</w>
         <c> </c>
         <w xml:id="pmc36-45340"
            n="pmc36/0046-a-0550"
            ecep:lem="sweet"
            ecep:pos="av-j"
            ecep:reg="sweetly"
            ecep:spe="sweetly"
            ecep:syllab="2"
            ecep:pron="swiːtli">sweetly</w>
         <c> </c>
         <w xml:id="pmc36-45350"
            n="pmc36/0046-a-0560"
            ecep:lem="flow"
            ecep:pos="vvz"
            ecep:reg="flows"
            ecep:spe="flows"
            ecep:syllab="1"
            ecep:pron="fləʊz">flows</w>
         <pc xml:id="pmc36-45360"
             n="pmc36/0046-a-0570"
             ecep:lem=","
             ecep:pos=","
             ecep:reg=","
             ecep:spe=",">,</pc>
      </l>
      <l n="5" xml:id="pmc36-l02365">
         <c> </c>
         <w xml:id="pmc36-45370"
            n="pmc36/0046-a-0580"
            ecep:lem="her"
            ecep:pos="po31"
            ecep:reg="Her"
            ecep:spe="Her"
            ecep:syllab="1"
            ecep:pron="hɜː">Her</w>
         <c> </c>
         <w xml:id="pmc36-45380"
            n="pmc36/0046-a-0590"
            ecep:lem="face"
            ecep:pos="n1"
            ecep:reg="Face"
            ecep:spe="Face"
            ecep:syllab="1"
            ecep:pron="feɪs">Face</w>
         <c> </c>
         <w xml:id="pmc36-45390"
            n="pmc36/0046-a-0600"
            ecep:lem="such"
            ecep:pos="d"
            ecep:reg="such"
            ecep:spe="such"
            ecep:syllab="1"
            ecep:pron="sʌtʃ">such</w>
         <c> </c>
         <w xml:id="pmc36-45400"
            n="pmc36/0046-a-0610"
            ecep:lem="wondrous"
            ecep:pos="j"
            ecep:reg="wondrous"
            ecep:spe="wond'rous"
            ecep:syllab="2"
            ecep:pron="ˈwʌndrəs">wond'rous</w>
         <c> </c>
         <w xml:id="pmc36-45410"
            n="pmc36/0046-a-0620"
            ecep:lem="goodness"
            ecep:pos="n1"
            ecep:reg="Goodness"
            ecep:spe="Goodness"
            ecep:syllab="2"
            ecep:pron="ˈgʊdnəs">Goodness</w>
         <c> </c>
         <w xml:id="pmc36-45420"
            n="pmc36/0046-a-0630"
            ecep:lem="show"
            ecep:pos="vvz"
            ecep:reg="shows"
            ecep:spe="shows"
            ecep:syllab="1"
            ecep:pron="ʃəʊz">shows</w>
         <pc xml:id="pmc36-45430"
             n="pmc36/0046-a-0640"
             ecep:lem=","
             ecep:pos=","
             ecep:reg=","
             ecep:spe=",">,</pc>
      </l>
      <l n="6" rendition="#h_3" xml:id="pmc36-l02370">
         <c> </c>
         <w xml:id="pmc36-45440"
            n="pmc36/0046-a-0650"
            ecep:lem="who"
            ecep:pos="q-crq"
            ecep:reg="Who"
            ecep:spe="Who"
            ecep:syllab="1"
            ecep:pron="huː">Who</w>
         <c> </c>
         <w xml:id="pmc36-45450"
            n="pmc36/0046-a-0660"
            ecep:lem="can"
            ecep:pos="vmb"
            ecep:reg="can"
            ecep:spe="can"
            ecep:syllab="1"
            ecep:pron="kæn">can</w>
         <c> </c>
         <w xml:id="pmc36-45460"
            n="pmc36/0046-a-0670"
            ecep:lem="refuse"
            ecep:pos="vvi"
            ecep:reg="refuse"
            ecep:spe="refuse"
            ecep:syllab="2"
            ecep:pron="ˈrefjuːs">refuse</w>
         <c> </c>
         <w xml:id="pmc36-45470"
            n="pmc36/0046-a-0680"
            ecep:lem="to"
            ecep:pos="pc-acp"
            ecep:reg="to"
            ecep:spe="to"
            ecep:syllab="1"
            ecep:pron="tuː">to</w>
         <c> </c>
         <w xml:id="pmc36-45480"
            n="pmc36/0046-a-0690"
            ecep:lem="sing"
            ecep:pos="vvi"
            ecep:reg="sing"
            ecep:spe="sing"
            ecep:syllab="1"
            ecep:pron="sɪŋ">sing</w>
         <pc xml:id="pmc36-45490"
             n="pmc36/0046-a-0700"
             unit="sentence"
             ecep:lem="?"
             ecep:pos="?"
             ecep:reg="?"
             ecep:spe="?">?</pc>
         <c> </c>
      </l>
   </lg>
   <lg xml:id="pmc36-s00235">
      <l n="7" xml:id="pmc36-l02375">
         <hi rendition="#sc">
            <w xml:id="pmc36-45520"
               n="pmc36/0046-a-0710"
               ecep:lem="her"
               ecep:pos="po31"
               ecep:reg="Her"
               ecep:spe="Her"
               ecep:syllab="1"
               ecep:pron="hɜː">Her</w>
         </hi>
         <c> </c>
         <w xml:id="pmc36-45530"
            n="pmc36/0046-a-0720"
            ecep:lem="presence"
            ecep:pos="n1"
            ecep:reg="Presence"
            ecep:spe="Presence"
            ecep:syllab="2"
            ecep:pron="ˈprezns">Presence</w>
         <pc xml:id="pmc36-45540"
             n="pmc36/0046-a-0730"
             ecep:lem=","
             ecep:pos=","
             ecep:reg=","
             ecep:spe=",">,</pc>
         <c> </c>
         <w xml:id="pmc36-45550"
            n="pmc36/0046-a-0740"
            ecep:lem="like"
            ecep:pos="av-j"
            ecep:reg="like"
            ecep:spe="like"
            ecep:syllab="1"
            ecep:pron="laɪk">like</w>
         <c> </c>
         <w xml:id="pmc36-45560"
            n="pmc36/0046-a-0750"
            ecep:lem="the"
            ecep:pos="dt"
            ecep:reg="the"
            ecep:spe="the"
            ecep:syllab="1"
            ecep:pron="ðiː">the</w>
         <c> </c>
         <w xml:id="pmc36-45570"
            n="pmc36/0046-a-0760"
            ecep:lem="sun"
            ecep:pos="n1"
            ecep:reg="Sun"
            ecep:spe="Sun"
            ecep:syllab="1"
            ecep:pron="sʌn">Sun</w>
         <c> </c>
         <w xml:id="pmc36-45580"
            n="pmc36/0046-a-0770"
            ecep:lem="benign"
            ecep:pos="j"
            ecep:reg="benign"
            ecep:spe="benign"
            ecep:syllab="2"
            ecep:pron="bɪˈnaɪn">benign</w>
         <pc xml:id="pmc36-45590"
             n="pmc36/0046-a-0780"
             ecep:lem=","
             ecep:pos=","
             ecep:reg=","
             ecep:spe=",">,</pc>
      </l>
      <l n="8" xml:id="pmc36-l02380">
         <c> </c>
         <w xml:id="pmc36-45600"
            n="pmc36/0046-a-0790"
            ecep:lem="shed"
            ecep:pos="vvz"
            ecep:reg="Sheds"
            ecep:spe="Sheds"
            ecep:syllab="1"
            ecep:pron="ʃedz">Sheds</w>
         <c> </c>
         <w xml:id="pmc36-45610"
            n="pmc36/0046-a-0800"
            ecep:lem="blessing"
            ecep:pos="n2"
            ecep:reg="Blessings"
            ecep:spe="Blessings"
            ecep:syllab="2"
            ecep:pron="ˈblesɪŋz">Blessings</w>
         <c> </c>
         <w xml:id="pmc36-45620"
            n="pmc36/0046-a-0810"
            ecep:lem="where"
            ecep:pos="c-crq"
            ecep:reg="where"
            ecep:spe="where"
            ecep:syllab="1"
            ecep:pron="weə">where</w>
         <c> </c>
         <w xml:id="pmc36-45630"
            n="pmc36/0046-a-0820"
            ecep:lem="she"
            ecep:pos="pns31"
            ecep:reg="she"
            ecep:spe="she"
            ecep:syllab="1"
            ecep:pron="ʃiː">she</w>
         <c> </c>
         <w xml:id="pmc36-45640"
            n="pmc36/0046-a-0830"
            ecep:lem="deign"
            ecep:pos="vvz"
            ecep:reg="deigns"
            ecep:spe="deigns"
            ecep:syllab="1"
            ecep:pron="deɪnz">deigns</w>
         <c> </c>
         <w xml:id="pmc36-45650"
            n="pmc36/0046-a-0840"
            ecep:lem="to"
            ecep:pos="pc-acp"
            ecep:reg="to"
            ecep:spe="to"
            ecep:syllab="1"
            ecep:pron="tuː">to</w>
         <c> </c>
         <w xml:id="pmc36-45660"
            n="pmc36/0046-a-0850"
            ecep:lem="shine"
            ecep:pos="vvi"
            ecep:reg="shine"
            ecep:spe="shine"
            ecep:syllab="1"
            ecep:pron="ʃaɪn">shine</w>
         <pc xml:id="pmc36-45670"
             n="pmc36/0046-a-0860"
             ecep:lem=";"
             ecep:pos=";"
             ecep:reg=";"
             ecep:spe=";">;</pc>
      </l>
      <l n="9" rendition="#h_3" xml:id="pmc36-l02385">
         <c> </c>
         <w xml:id="pmc36-45680"
            n="pmc36/0046-a-0870"
            ecep:lem="and"
            ecep:pos="cc"
            ecep:reg="And"
            ecep:spe="And"
            ecep:syllab="1"
            ecep:pron="ænd">And</w>
         <c> </c>
         <w xml:id="pmc36-45690"
            n="pmc36/0046-a-0880"
            ecep:lem="brighten"
            ecep:pos="vvz"
            ecep:reg="brightens"
            ecep:spe="brightens"
            ecep:syllab="2"
            ecep:pron="ˈbraɪtnz">brightens</w>
         <c> </c>
         <w xml:id="pmc36-45700"
            n="pmc36/0046-a-0890"
            ecep:lem="all"
            ecep:pos="d"
            ecep:reg="all"
            ecep:spe="all"
            ecep:syllab="1"
            ecep:pron="ɔːl">all</w>
         <c> </c>
         <w xml:id="pmc36-45710"
            n="pmc36/0046-a-0900"
            ecep:lem="the"
            ecep:pos="dt"
            ecep:reg="the"
            ecep:spe="the"
            ecep:syllab="1"
            ecep:pron="ðiː">the</w>
         <c> </c>
         <w xml:id="pmc36-45720"
            n="pmc36/0046-a-0910"
            ecep:lem="place"
            ecep:pos="n1"
            ecep:reg="Place"
            ecep:spe="Place"
            ecep:syllab="1"
            ecep:pron="pleɪs">Place</w>
         <pc xml:id="pmc36-45730"
             n="pmc36/0046-a-0920"
             unit="sentence"
             ecep:lem="."
             ecep:pos="."
             ecep:reg="."
             ecep:spe=".">.</pc>
         <c> </c>
      </l>
      <l n="10" xml:id="pmc36-l02390">
         <w xml:id="pmc36-45740"
            n="pmc36/0046-a-0930"
            ecep:lem="but"
            ecep:pos="p-acp"
            ecep:reg="But"
            ecep:spe="But"
            ecep:syllab="1"
            ecep:pron="bʌt">But</w>
         <c> </c>
         <w xml:id="pmc36-45750"
            n="pmc36/0046-a-0940"
            ecep:lem="when"
            ecep:pos="c-crq"
            ecep:reg="when"
            ecep:spe="when"
            ecep:syllab="1"
            ecep:pron="wen">when</w>
         <c> </c>
         <w xml:id="pmc36-45760"
            n="pmc36/0046-a-0950"
            ecep:lem="the"
            ecep:pos="dt"
            ecep:reg="the"
            ecep:spe="the"
            ecep:syllab="1"
            ecep:pron="ðiː">the</w>
         <c> </c>
         <w xml:id="pmc36-45770"
            n="pmc36/0046-a-0960"
            ecep:lem="goddess"
            ecep:pos="n1"
            ecep:reg="Goddess"
            ecep:spe="Goddess"
            ecep:syllab="2"
            ecep:pron="ˈgɒdes">Goddess</w>
         <c> </c>
         <w xml:id="pmc36-45780"
            n="pmc36/0046-a-0970"
            ecep:lem="disappear"
            ecep:pos="vvz"
            ecep:reg="disappears"
            ecep:spe="disappears"
            ecep:syllab="3"
            ecep:pron="ˌdɪsəˈpɪəz">disappears</w>
         <pc xml:id="pmc36-45790"
             n="pmc36/0046-a-0980"
             ecep:lem=","
             ecep:pos=","
             ecep:reg=","
             ecep:spe=",">,</pc>
      </l>
      <l n="11" xml:id="pmc36-l02395">
         <c> </c>
         <w xml:id="pmc36-45800"
            n="pmc36/0046-a-0990"
            ecep:lem="our"
            ecep:pos="po12"
            ecep:reg="Our"
            ecep:spe="Our"
            ecep:syllab="1"
            ecep:pron="æə">Our</w>
         <c> </c>
         <w xml:id="pmc36-45810"
            n="pmc36/0046-a-1000"
            ecep:lem="droop"
            ecep:pos="j-vvg"
            ecep:reg="drooping"
            ecep:spe="drooping"
            ecep:syllab="2"
            ecep:pron="druːpɪŋ">drooping</w>
         <c> </c>
         <w xml:id="pmc36-45820"
            n="pmc36/0046-a-1010"
            ecep:lem="head"
            ecep:pos="n2"
            ecep:reg="Heads"
            ecep:spe="Heads"
            ecep:syllab="1"
            ecep:pron="hedz">Heads</w>
         <c> </c>
         <w xml:id="pmc36-45830"
            n="pmc36/0046-a-1020"
            ecep:lem="and"
            ecep:pos="cc"
            ecep:reg="and"
            ecep:spe="and"
            ecep:syllab="1"
            ecep:pron="ænd">and</w>
         <c> </c>
         <w xml:id="pmc36-45840"
            n="pmc36/0046-a-1030"
            ecep:lem="eye"
            ecep:pos="n2"
            ecep:reg="Eyes"
            ecep:spe="Eyes"
            ecep:syllab="1"
            ecep:pron="aɪz">Eyes</w>
         <c> </c>
         <w xml:id="pmc36-45850"
            n="pmc36/0046-a-1040"
            ecep:lem="in"
            ecep:pos="p-acp"
            ecep:reg="in"
            ecep:spe="in"
            ecep:syllab="1"
            ecep:pron="ɪn">in</w>
         <c> </c>
         <w xml:id="pmc36-45860"
            n="pmc36/0046-a-1050"
            ecep:lem="tear"
            ecep:pos="n2"
            ecep:reg="Tears"
            ecep:spe="Tears"
            ecep:syllab="1"
            ecep:pron="tɪəz">Tears</w>
      </l>
      <l n="12" rendition="#h_3" xml:id="pmc36-l02400">
         <c> </c>
         <w xml:id="pmc36-45870"
            n="pmc36/0046-a-1060"
            ecep:lem="will"
            ecep:pos="vmb"
            ecep:reg="Will"
            ecep:spe="Will"
            ecep:syllab="1"
            ecep:pron="wɪl">Will</w>
         <c> </c>
         <w xml:id="pmc36-45880"
            n="pmc36/0046-a-1070"
            ecep:lem="witness"
            ecep:pos="vvi"
            ecep:reg="witness"
            ecep:spe="witness"
            ecep:syllab="2"
            ecep:pron="ˈwɪtnəs">witness</w>
         <c> </c>
         <w xml:id="pmc36-45890"
            n="pmc36/0046-a-1080"
            ecep:lem="our"
            ecep:pos="po12"
            ecep:reg="our"
            ecep:spe="our"
            ecep:syllab="1"
            ecep:pron="æə">our</w>
         <c> </c>
         <w xml:id="pmc36-45900"
            n="pmc36/0046-a-1090"
            ecep:lem="distress"
            ecep:pos="n1"
            ecep:reg="Distress"
            ecep:spe="Distress"
            ecep:syllab="2"
            ecep:pron="dɪˈstres">Distress</w>
         <pc xml:id="pmc36-45910"
             n="pmc36/0046-a-1100"
             unit="sentence"
             ecep:lem="."
             ecep:pos="."
             ecep:reg="."
             ecep:spe=".">.</pc>
         <c> </c>
      </l>
      <pb facs="pmc36/0047" n="33" rend="none"/>
   </lg>
   <lg xml:id="pmc36-s00240">
      <l n="13" xml:id="pmc36-l02405">
         <hi rendition="#sc">
            <w xml:id="pmc36-45940"
               n="pmc36/0047-a-0010"
               ecep:lem="oh"
               ecep:pos="uh"
               ecep:reg="O"
               ecep:spe="Oh"
               ecep:syllab="1"
               ecep:pron="əʊ">Oh</w>
            <pc xml:id="pmc36-45945"
                n="pmc36/0047-a-0010"
                ecep:lem="!"
                ecep:pos="!"
                ecep:reg="!"
                ecep:spe="!">!</pc>
         </hi>
         <c> </c>
         <w xml:id="pmc36-45950"
            n="pmc36/0047-a-0020"
            ecep:lem="will"
            ecep:pos="vmd"
            ecep:reg="would"
            ecep:spe="wou'd"
            ecep:syllab="1"
            ecep:pron="wʊd">wou'd</w>
         <c> </c>
         <w xml:id="pmc36-45960"
            n="pmc36/0047-a-0030"
            ecep:lem="the"
            ecep:pos="dt"
            ecep:reg="the"
            ecep:spe="the"
            ecep:syllab="1"
            ecep:pron="ðiː">the</w>
         <c> </c>
         <w xml:id="pmc36-45970"
            n="pmc36/0047-a-0040"
            ecep:lem="muse"
            ecep:pos="n2"
            ecep:reg="Muses"
            ecep:spe="Muses"
            ecep:syllab="2"
            ecep:pron="mjuːzɪz">Muses</w>
         <c> </c>
         <w xml:id="pmc36-45980"
            n="pmc36/0047-a-0050"
            ecep:lem="aid"
            ecep:pos="vvb"
            ecep:reg="aid"
            ecep:spe="aid"
            ecep:syllab="1"
            ecep:pron="eɪd">aid</w>
         <c> </c>
         <w xml:id="pmc36-45990"
            n="pmc36/0047-a-0060"
            ecep:lem="my"
            ecep:pos="po11"
            ecep:reg="my"
            ecep:spe="my"
            ecep:syllab="1"
            ecep:pron="maɪ">my</w>
         <c> </c>
         <w xml:id="pmc36-46000"
            n="pmc36/0047-a-0070"
            ecep:lem="wing"
            ecep:pos="n1"
            ecep:reg="Wing"
            ecep:spe="Wing"
            ecep:syllab="1"
            ecep:pron="wɪŋ">Wing</w>
         <pc xml:id="pmc36-46010"
             n="pmc36/0047-a-0080"
             ecep:lem=","
             ecep:pos=","
             ecep:reg=","
             ecep:spe=",">,</pc>
      </l>
      <l n="14" xml:id="pmc36-l02410">
         <c> </c>
         <hi rendition="#sc">
            <w xml:id="pmc36-46020"
               n="pmc36/0047-a-0090"
               ecep:lem="Apollo"
               ecep:pos="np1"
               ecep:reg="Apollo"
               ecep:spe="Apollo"
               ecep:syllab="3"
               ecep:pron="əˈpɒləʊ">Apollo</w>
         </hi>
         <c> </c>
         <w xml:id="pmc36-46030"
            n="pmc36/0047-a-0100"
            ecep:lem="tune"
            ecep:pos="vvb"
            ecep:reg="tune"
            ecep:spe="tune"
            ecep:syllab="1"
            ecep:pron="tʃuːn">tune</w>
         <c> </c>
         <w xml:id="pmc36-46040"
            n="pmc36/0047-a-0110"
            ecep:lem="my"
            ecep:pos="po11"
            ecep:reg="my"
            ecep:spe="my"
            ecep:syllab="1"
            ecep:pron="maɪ">my</w>
         <c> </c>
         <w xml:id="pmc36-46050"
            n="pmc36/0047-a-0120"
            ecep:lem="voice"
            ecep:pos="n1"
            ecep:reg="Voice"
            ecep:spe="Voice"
            ecep:syllab="1"
            ecep:pron="vɔɪs">Voice</w>
         <c> </c>
         <w xml:id="pmc36-46060"
            n="pmc36/0047-a-0130"
            ecep:lem="to"
            ecep:pos="pc-acp"
            ecep:reg="to"
            ecep:spe="to"
            ecep:syllab="1"
            ecep:pron="tuː">to</w>
         <c> </c>
         <w xml:id="pmc36-46070"
            n="pmc36/0047-a-0140"
            ecep:lem="sing"
            ecep:pos="vvi"
            ecep:reg="sing"
            ecep:spe="sing"
            ecep:syllab="1"
            ecep:pron="sɪŋ">sing</w>
         <pc xml:id="pmc36-46080"
             n="pmc36/0047-a-0150"
             unit="sentence"
             ecep:lem="!"
             ecep:pos="!"
             ecep:reg="!"
             ecep:spe="!">!</pc>
         <c> </c>
      </l>
      <l n="15" rendition="#h_3" xml:id="pmc36-l02415">
         <w xml:id="pmc36-46090"
            n="pmc36/0047-a-0160"
            ecep:lem="i|will"
            ecep:pos="pns11|vmd"
            ecep:reg="I'd"
            ecep:spe="I'd"
            ecep:syllab="1"
            ecep:pron="ˈaɪd">I'd</w>
         <c> </c>
         <w xml:id="pmc36-46100"
            n="pmc36/0047-a-0170"
            ecep:lem="take"
            ecep:pos="vvi"
            ecep:reg="take"
            ecep:spe="take"
            ecep:syllab="1"
            ecep:pron="teɪk">take</w>
         <c> </c>
         <w xml:id="pmc36-46110"
            n="pmc36/0047-a-0180"
            ecep:lem="the"
            ecep:pos="dt"
            ecep:reg="the"
            ecep:spe="the"
            ecep:syllab="1"
            ecep:pron="ðiː">the</w>
         <c> </c>
         <w xml:id="pmc36-46120"
            n="pmc36/0047-a-0190"
            ecep:lem="lovely"
            ecep:pos="j"
            ecep:reg="lovely"
            ecep:spe="lovely"
            ecep:syllab="2"
            ecep:pron="ˈlʌvli">lovely</w>
         <c> </c>
         <w xml:id="pmc36-46130"
            n="pmc36/0047-a-0200"
            ecep:lem="theme"
            ecep:pos="n1"
            ecep:reg="Theme"
            ecep:spe="Theme"
            ecep:syllab="1"
            ecep:pron="θiːm">Theme</w>
         <pc xml:id="pmc36-46140"
             n="pmc36/0047-a-0210"
             unit="sentence"
             ecep:lem="."
             ecep:pos="."
             ecep:reg="."
             ecep:spe=".">.</pc>
         <c> </c>
      </l>
      <l n="16" xml:id="pmc36-l02420">
         <hi rendition="#sc">
            <w xml:id="pmc36-46150.1"
               n="pmc36/0047-a-0220"
               rend="plain_apostrophe"
               ecep:lem="Amelia"
               ecep:pos="npg1"
               ecep:reg="Amelia's"
               ecep:spe="Amelia's"
               ecep:syllab="4"
               ecep:pron="əˈmiːlɪəz">Amelia's</w>
         </hi>
         <c> </c>
         <w xml:id="pmc36-46160"
            n="pmc36/0047-a-0230"
            ecep:lem="name"
            ecep:pos="n1"
            ecep:reg="Name"
            ecep:spe="Name"
            ecep:syllab="1"
            ecep:pron="neɪm">Name</w>
         <c> </c>
         <w xml:id="pmc36-46170"
            n="pmc36/0047-a-0240"
            ecep:lem="the"
            ecep:pos="dt"
            ecep:reg="the"
            ecep:spe="the"
            ecep:syllab="1"
            ecep:pron="ðiː">the</w>
         <c> </c>
         <w xml:id="pmc36-46180"
            n="pmc36/0047-a-0250"
            ecep:lem="vale"
            ecep:pos="n1"
            ecep:reg="Vale"
            ecep:spe="Vale"
            ecep:syllab="1"
            ecep:pron="ˈvɑːleɪ">Vale</w>
         <c> </c>
         <w xml:id="pmc36-46190"
            n="pmc36/0047-a-0260"
            ecep:lem="shall"
            ecep:pos="vmd"
            ecep:reg="should"
            ecep:spe="shou'd"
            ecep:syllab="1"
            ecep:pron="ʃʊd">shou'd</w>
         <c> </c>
         <w xml:id="pmc36-46200"
            n="pmc36/0047-a-0270"
            ecep:lem="fill"
            ecep:pos="vvi"
            ecep:reg="fill"
            ecep:spe="fill"
            ecep:syllab="1"
            ecep:pron="fɪl">fill</w>
         <pc xml:id="pmc36-46210"
             n="pmc36/0047-a-0280"
             ecep:lem=","
             ecep:pos=","
             ecep:reg=","
             ecep:spe=",">,</pc>
      </l>
      <l n="17" xml:id="pmc36-l02425">
         <c> </c>
         <w xml:id="pmc36-46220"
            n="pmc36/0047-a-0290"
            ecep:lem="and"
            ecep:pos="cc"
            ecep:reg="And"
            ecep:spe="And"
            ecep:syllab="1"
            ecep:pron="ænd">And</w>
         <c> </c>
         <w xml:id="pmc36-46230"
            n="pmc36/0047-a-0300"
            ecep:lem="echo"
            ecep:pos="vvi"
            ecep:reg="echo"
            ecep:spe="echo"
            ecep:syllab="2"
            ecep:pron="ˈekəʊ">echo</w>
         <c> </c>
         <w xml:id="pmc36-46240"
            n="pmc36/0047-a-0310"
            ecep:lem="back"
            ecep:pos="av"
            ecep:reg="back"
            ecep:spe="back"
            ecep:syllab="1"
            ecep:pron="bæk">back</w>
         <c> </c>
         <w xml:id="pmc36-46250"
            n="pmc36/0047-a-0320"
            ecep:lem="from"
            ecep:pos="p-acp"
            ecep:reg="from"
            ecep:spe="from"
            ecep:syllab="1"
            ecep:pron="frɒm">from</w>
         <c> </c>
         <w xml:id="pmc36-46260"
            n="pmc36/0047-a-0330"
            ecep:lem="hill"
            ecep:pos="n1"
            ecep:reg="Hill"
            ecep:spe="Hill"
            ecep:syllab="1"
            ecep:pron="hɪl">Hill</w>
         <c> </c>
         <w xml:id="pmc36-46270"
            n="pmc36/0047-a-0340"
            ecep:lem="to"
            ecep:pos="p-acp"
            ecep:reg="to"
            ecep:spe="to"
            ecep:syllab="1"
            ecep:pron="tuː">to</w>
         <c> </c>
         <w xml:id="pmc36-46280"
            n="pmc36/0047-a-0350"
            ecep:lem="hill"
            ecep:pos="n1"
            ecep:reg="Hill"
            ecep:spe="Hill"
            ecep:syllab="1"
            ecep:pron="hɪl">Hill</w>
         <pc xml:id="pmc36-46290"
             n="pmc36/0047-a-0360"
             ecep:lem=";"
             ecep:pos=";"
             ecep:reg=";"
             ecep:spe=";">;</pc>
      </l>
      <l n="18" rendition="#h_3" xml:id="pmc36-l02430">
         <c> </c>
         <w xml:id="pmc36-46300"
            n="pmc36/0047-a-0370"
            ecep:lem="sweet"
            ecep:pos="j"
            ecep:reg="Sweet"
            ecep:spe="Sweet"
            ecep:syllab="1"
            ecep:pron="swiːt">Sweet</w>
         <c> </c>
         <w xml:id="pmc36-46310"
            n="pmc36/0047-a-0380"
            ecep:lem="as"
            ecep:pos="c-acp"
            ecep:reg="as"
            ecep:spe="as"
            ecep:syllab="1"
            ecep:pron="æz">as</w>
         <c> </c>
         <w xml:id="pmc36-46320"
            n="pmc36/0047-a-0390"
            ecep:lem="her"
            ecep:pos="po31"
            ecep:reg="her"
            ecep:spe="her"
            ecep:syllab="1"
            ecep:pron="hɜː">her</w>
         <c> </c>
         <w xml:id="pmc36-46330"
            n="pmc36/0047-a-0400"
            ecep:lem="rise"
            ecep:pos="j-vvg"
            ecep:reg="rising"
            ecep:spe="rising"
            ecep:syllab="2"
            ecep:pron="ˈraɪzɪŋ">rising</w>
         <c> </c>
         <w xml:id="pmc36-46340"
            n="pmc36/0047-a-0410"
            ecep:lem="fame"
            ecep:pos="n1"
            ecep:reg="Fame"
            ecep:spe="Fame"
            ecep:syllab="1"
            ecep:pron="feɪm">Fame</w>
         <pc xml:id="pmc36-46350"
             n="pmc36/0047-a-0420"
             unit="sentence"
             ecep:lem="."
             ecep:pos="."
             ecep:reg="."
             ecep:spe=".">.</pc>
         <c> </c>
      </l>
   </lg>
   <lg xml:id="pmc36-s00245">
      <l n="19" xml:id="pmc36-l02435">
         <hi rendition="#sc">
            <w xml:id="pmc36-46380"
               n="pmc36/0047-a-0430"
               ecep:lem="while"
               ecep:pos="cs"
               ecep:reg="While"
               ecep:spe="While"
               ecep:syllab="1"
               ecep:pron="ˈwaɪl">While</w>
         </hi>
         <c> </c>
         <w xml:id="pmc36-46390"
            n="pmc36/0047-a-0440"
            ecep:lem="envious"
            ecep:pos="j"
            ecep:reg="envious"
            ecep:spe="envious"
            ecep:syllab="2"
            ecep:pron="ˈenviəs">envious</w>
         <c> </c>
         <w xml:id="pmc36-46400"
            n="pmc36/0047-a-0450"
            ecep:lem="foe"
            ecep:pos="n2"
            ecep:reg="Foes"
            ecep:spe="Foes"
            ecep:syllab="1"
            ecep:pron="fəʊz">Foes</w>
         <c> </c>
         <w xml:id="pmc36-46410"
            n="pmc36/0047-a-0460"
            ecep:lem="in"
            ecep:pos="p-acp"
            ecep:reg="in"
            ecep:spe="in"
            ecep:syllab="1"
            ecep:pron="ɪn">in</w>
         <c> </c>
         <w xml:id="pmc36-46420"
            n="pmc36/0047-a-0470"
            ecep:lem="vain"
            ecep:pos="j"
            ecep:reg="vain"
            ecep:spe="vain"
            ecep:syllab="1"
            ecep:pron="veɪn">vain</w>
         <c> </c>
         <w xml:id="pmc36-46430"
            n="pmc36/0047-a-0480"
            ecep:lem="repine"
            ecep:pos="vvi"
            ecep:reg="repine"
            ecep:spe="repine"
            ecep:syllab="2"
            ecep:pron="rɪˈpaɪn">repine</w>
         <pc xml:id="pmc36-46440"
             n="pmc36/0047-a-0490"
             ecep:lem=","
             ecep:pos=","
             ecep:reg=","
             ecep:spe=",">,</pc>
      </l>
      <l n="20" xml:id="pmc36-l02440">
         <c> </c>
         <w xml:id="pmc36-46450"
            n="pmc36/0047-a-0500"
            ecep:lem="may"
            ecep:pos="vmb"
            ecep:reg="May"
            ecep:spe="May"
            ecep:syllab="1"
            ecep:pron="meɪ">May</w>
         <c> </c>
         <hi>
            <w xml:id="pmc36-46460"
               n="pmc36/0047-a-0510"
               ecep:lem="Britain"
               ecep:pos="np1"
               ecep:reg="Britain"
               ecep:spe="Britain"
               ecep:syllab="2"
               ecep:pron="ˈbrɪtən">Britain</w>
         </hi>
         <pc xml:id="pmc36-46470"
             n="pmc36/0047-a-0520"
             ecep:lem=","
             ecep:pos=","
             ecep:reg=","
             ecep:spe=",">,</pc>
         <c> </c>
         <w xml:id="pmc36-46480"
            n="pmc36/0047-a-0530"
            ecep:lem="bless"
            ecep:pos="vvn"
            ecep:reg="blessed"
            ecep:spe="blest"
            ecep:syllab="1"
            ecep:pron="blest">blest</w>
         <c> </c>
         <w xml:id="pmc36-46490"
            n="pmc36/0047-a-0540"
            ecep:lem="in"
            ecep:pos="p-acp"
            ecep:reg="in"
            ecep:spe="in"
            ecep:syllab="1"
            ecep:pron="ɪn">in</w>
         <c> </c>
         <hi rendition="#sc">
            <w xml:id="pmc36-46500.1"
               n="pmc36/0047-a-0550"
               rend="plain_apostrophe"
               ecep:lem="brunswic"
               ecep:pos="npg1"
               ecep:reg="Brunswic's"
               ecep:spe="Brunswic's"
               ecep:syllab="2"
               ecep:pron="brˈʌnswɪkz">Brunswic's</w>
         </hi>
         <c> </c>
         <w xml:id="pmc36-46510"
            n="pmc36/0047-a-0560"
            ecep:lem="line"
            ecep:pos="n1"
            ecep:reg="Line"
            ecep:spe="Line"
            ecep:syllab="1"
            ecep:pron="laɪn">Line</w>
         <pc xml:id="pmc36-46520"
             n="pmc36/0047-a-0570"
             ecep:lem=","
             ecep:pos=","
             ecep:reg=","
             ecep:spe=",">,</pc>
      </l>
      <l n="21" rendition="#h_3" xml:id="pmc36-l02445">
         <c> </c>
         <w xml:id="pmc36-46530"
            n="pmc36/0047-a-0580"
            ecep:lem="still"
            ecep:pos="av"
            ecep:reg="Still"
            ecep:spe="Still"
            ecep:syllab="1"
            ecep:pron="stɪl">Still</w>
         <c> </c>
         <hi>
            <w xml:id="pmc36-46540.1"
               n="pmc36/0047-a-0590"
               rend="plain_apostrophe"
               ecep:lem="europe"
               ecep:pos="npg1"
               ecep:reg="Europe's"
               ecep:spe="Europe's"
               ecep:syllab="2"
               ecep:pron="ˈjʊərəps">Europe's</w>
         </hi>
         <c> </c>
         <w xml:id="pmc36-46550"
            n="pmc36/0047-a-0600"
            ecep:lem="balance"
            ecep:pos="n1"
            ecep:reg="Balance"
            ecep:spe="Balance"
            ecep:syllab="2"
            ecep:pron="ˈbæləns">Balance</w>
         <c> </c>
         <w xml:id="pmc36-46560"
            n="pmc36/0047-a-0610"
            ecep:lem="sway"
            ecep:pos="vvi"
            ecep:reg="sway"
            ecep:spe="sway"
            ecep:syllab="1"
            ecep:pron="sweɪ">sway</w>
         <pc xml:id="pmc36-46570"
             n="pmc36/0047-a-0620"
             unit="sentence"
             ecep:lem="!"
             ecep:pos="!"
             ecep:reg="!"
             ecep:spe="!">!</pc>
         <c> </c>
      </l>
      <l n="22" xml:id="pmc36-l02450">
         <w xml:id="pmc36-46580"
            n="pmc36/0047-a-0630"
            ecep:lem="till"
            ecep:pos="p-acp"
            ecep:reg="Till"
            ecep:spe="Till"
            ecep:syllab="1"
            ecep:pron="tɪl">Till</w>
         <c> </c>
         <w xml:id="pmc36-46590"
            n="pmc36/0047-a-0640"
            ecep:lem="plenty"
            ecep:pos="n1"
            ecep:reg="Plenty"
            ecep:spe="Plenty"
            ecep:syllab="2"
            ecep:pron="ˈplenti">Plenty</w>
         <pc xml:id="pmc36-46600"
             n="pmc36/0047-a-0650"
             ecep:lem=","
             ecep:pos=","
             ecep:reg=","
             ecep:spe=",">,</pc>
         <c> </c>
         <w xml:id="pmc36-46610"
            n="pmc36/0047-a-0660"
            ecep:lem="liberty"
            ecep:pos="n1"
            ecep:reg="Liberty"
            ecep:spe="Liberty"
            ecep:syllab="3"
            ecep:pron="ˈlɪbəti">Liberty</w>
         <c> </c>
         <w xml:id="pmc36-46620"
            n="pmc36/0047-a-0670"
            ecep:lem="and"
            ecep:pos="cc"
            ecep:reg="and"
            ecep:spe="and"
            ecep:syllab="1"
            ecep:pron="ænd">and</w>
         <c> </c>
         <w xml:id="pmc36-46630"
            n="pmc36/0047-a-0680"
            ecep:lem="peace"
            ecep:pos="n1"
            ecep:reg="Peace"
            ecep:spe="Peace"
            ecep:syllab="1"
            ecep:pron="piːs">Peace</w>
      </l>
      <l n="23" xml:id="pmc36-l02455">
         <c> </c>
         <w xml:id="pmc36-46640"
            n="pmc36/0047-a-0690"
            ecep:lem="shall"
            ecep:pos="vmb"
            ecep:reg="Shall"
            ecep:spe="Shall"
            ecep:syllab="1"
            ecep:pron="ʃæl">Shall</w>
         <c> </c>
         <w xml:id="pmc36-46650"
            n="pmc36/0047-a-0700"
            ecep:lem="fill"
            ecep:pos="vvi"
            ecep:reg="fill"
            ecep:spe="fill"
            ecep:syllab="1"
            ecep:pron="fɪl">fill</w>
         <c> </c>
         <w xml:id="pmc36-46660"
            n="pmc36/0047-a-0710"
            ecep:lem="the"
            ecep:pos="dt"
            ecep:reg="the"
            ecep:spe="the"
            ecep:syllab="1"
            ecep:pron="ðiː">the</w>
         <c> </c>
         <w xml:id="pmc36-46670"
            n="pmc36/0047-a-0720"
            ecep:lem="world"
            ecep:pos="n1"
            ecep:reg="World"
            ecep:spe="World"
            ecep:syllab="1"
            ecep:pron="wɜːld">World</w>
         <c> </c>
         <pc xml:id="pmc36-46680"
             n="pmc36/0047-a-0730"
             ecep:lem="—"
             ecep:pos="—"
             ecep:reg="—"
             ecep:spe="—">—</pc>
         <c> </c>
         <w xml:id="pmc36-46690"
            n="pmc36/0047-a-0740"
            ecep:lem="till"
            ecep:pos="p-acp"
            ecep:reg="till"
            ecep:spe="till"
            ecep:syllab="1"
            ecep:pron="tɪl">till</w>
         <c> </c>
         <w xml:id="pmc36-46700"
            n="pmc36/0047-a-0750"
            ecep:lem="faction"
            ecep:pos="n1"
            ecep:reg="Faction"
            ecep:spe="Faction"
            ecep:syllab="2"
            ecep:pron="ˈfækʃn">Faction</w>
         <c> </c>
         <w xml:id="pmc36-46710"
            n="pmc36/0047-a-0760"
            ecep:lem="cease"
            ecep:pos="vvi"
            ecep:reg="cease"
            ecep:spe="cease"
            ecep:syllab="1"
            ecep:pron="siːs">cease</w>
         <pc xml:id="pmc36-46720"
             n="pmc36/0047-a-0770"
             ecep:lem=","
             ecep:pos=","
             ecep:reg=","
             ecep:spe=",">,</pc>
      </l>
      <l n="24" rendition="#h_3" xml:id="pmc36-l02460">
         <c> </c>
         <w xml:id="pmc36-46730"
            n="pmc36/0047-a-0780"
            ecep:lem="and"
            ecep:pos="cc"
            ecep:reg="And"
            ecep:spe="And"
            ecep:syllab="1"
            ecep:pron="ænd">And</w>
         <c> </c>
         <w xml:id="pmc36-46740"
            n="pmc36/0047-a-0790"
            ecep:lem="earth"
            ecep:pos="n1"
            ecep:reg="Earth"
            ecep:spe="Earth"
            ecep:syllab="1"
            ecep:pron="ɜːθ">Earth</w>
         <c> </c>
         <w xml:id="pmc36-46750"
            n="pmc36/0047-a-0800"
            ecep:lem="resound"
            ecep:pos="vvb"
            ecep:reg="resound"
            ecep:spe="resound"
            ecep:syllab="2"
            ecep:pron="rɪˈzaʊnd">resound</w>
         <c> </c>
         <w xml:id="pmc36-46760"
            n="pmc36/0047-a-0810"
            ecep:lem="the"
            ecep:pos="dt"
            ecep:reg="the"
            ecep:spe="the"
            ecep:syllab="1"
            ecep:pron="ðiː">the</w>
         <c> </c>
         <w xml:id="pmc36-46770"
            n="pmc36/0047-a-0820"
            ecep:lem="joy"
            ecep:pos="n1"
            ecep:reg="Joy"
            ecep:spe="Joy"
            ecep:syllab="1"
            ecep:pron="dʒɔɪ">Joy</w>
         <pc xml:id="pmc36-46780"
             n="pmc36/0047-a-0830"
             unit="sentence"
             ecep:lem="."
             ecep:pos="."
             ecep:reg="."
             ecep:spe=".">.</pc>
         <c> </c>
      </l>
   </lg>
</div>
