<?xml version="1.0" encoding="utf-8"?>
<!DOCTYPE div
  SYSTEM "about:legacy-compat">
<div xmlns:ecep="http://www.eighteenthcenturypoetry.org/ns"
     xmlns="http://www.tei-c.org/ns/1.0"
     xmlns:tei="http://www.tei-c.org/ns/1.0"
     ana="#iamb #tetrameter #quatrain #pair #epigram"
     corresp="#txt_BarbMa1685_w0064"
     decls="#semi-normalized"
     ecep:syllab="8.8.8.8"
     met="-+|-+|-+|-+/ -+|-+|-+|-+/ -+|-+|-+|-+/ -+|-+|-+|-+/"
     rendition="#lgvspace"
     rhyme="aabb"
     subtype="eceptext"
     type="poem"
     xml:id="pba35-w0680">
   <link target="authors.xml#aut_BarbMa1685" type="author"/>
   <link target="11565" type="DMI"/>
   <head type="main">
      <w xml:id="pba35-176990"
         n="a-0010"
         ecep:lem="write"
         ecep:pos="vvn"
         ecep:reg="Written"
         ecep:spe="Written"
         ecep:syllab="2"
         ecep:pron="ˈrɪtn">Written</w>
      <c> </c>
      <w xml:id="pba35-177000"
         n="a-0020"
         ecep:lem="at"
         ecep:pos="p-acp"
         ecep:reg="at"
         ecep:spe="at"
         ecep:syllab="1"
         ecep:pron="æt">at</w>
      <c> </c>
      <w xml:id="pba35-177010"
         n="a-0030"
         ecep:lem="dr."
         ecep:pos="n1"
         ecep:reg="Dr."
         ecep:spe="Dr."
         ecep:syllab="2"
         ecep:pron="dˈɒktə">Dr.</w>
      <c> </c>
      <w xml:id="pba35-177020"
         n="a-0040"
         ecep:lem="mead"
         ecep:pos="ng1"
         ecep:reg="Mead's"
         ecep:spe="Mead's"
         ecep:syllab="1"
         ecep:pron="ˈmiːdz">Mead's</w>
      <note place="bottom"
            n="[ed.]"
            resp="#AH"
            xml:id="app_BarbMa1685_w0064_n1">"Dr Mead (1673-1754), celebrated physician who attended Queen Anne in her last illness. Medical advisor
									to the famous including <persName ref="#aut_PopeAl1688">Pope</persName>." 
									(Tucker [1992], 220)
								</note>
      <c> </c>
      <w xml:id="pba35-177030"
         n="a-0050"
         ecep:lem="house"
         ecep:pos="n1"
         ecep:reg="House"
         ecep:spe="House"
         ecep:syllab="1"
         ecep:pron="haʊz">House</w>
      <c> </c>
      <w xml:id="pba35-177040"
         n="a-0060"
         ecep:lem="in"
         ecep:pos="p-acp"
         ecep:reg="in"
         ecep:spe="in"
         ecep:syllab="1"
         ecep:pron="ɪn">in</w>
      <c> </c>
      <w xml:id="pba35-177050"
         n="a-0070"
         ecep:lem="ormond-street"
         ecep:pos="n1"
         ecep:reg="Ormond-Street"
         ecep:spe="Ormond-Street"
         ecep:syllab="3"
         ecep:pron="ˈɔːməndstrˈiːt">Ormond-Street</w>
      <pc xml:id="pba35-177060"
          n="a-0080"
          ecep:lem=","
          ecep:pos=","
          ecep:reg=","
          ecep:spe=",">,</pc>
      <c> </c>
      <hi>
         <w xml:id="pba35-177070"
            n="a-0090"
            ecep:lem="to"
            ecep:pos="p-acp"
            ecep:reg="to"
            ecep:spe="to"
            ecep:syllab="1"
            ecep:pron="tuː">to</w>
         <c> </c>
         <w xml:id="pba35-177080"
            n="a-0100"
            ecep:lem="mrs."
            ecep:pos="n1"
            ecep:reg="Mrs."
            ecep:spe="Mrs."
            ecep:syllab="2"
            ecep:pron="mɪsɪz">Mrs.</w>
         <c> </c>
         <w xml:id="pba35-177090"
            n="a-0110"
            ecep:lem="Mead"
            ecep:pos="np1"
            ecep:reg="Mead"
            ecep:spe="Mead"
            ecep:syllab="1"
            ecep:pron="miːd">Mead</w>
         <pc xml:id="pba35-177100"
             n="a-0120"
             unit="sentence"
             ecep:lem="."
             ecep:pos="."
             ecep:reg="."
             ecep:spe=".">.</pc>
         <c> </c>
      </hi>
   </head>
   <lg xml:id="pba35-s01140">
      <l n="1" xml:id="pba35-l09110">
         <hi rendition="#sc">
            <w xml:id="pba35-177130"
               n="a-0130"
               ecep:lem="book"
               ecep:pos="n2"
               ecep:reg="Books"
               ecep:spe="Books"
               ecep:syllab="1"
               ecep:pron="bʊks">Books</w>
         </hi>
         <pc xml:id="pba35-177140"
             n="a-0140"
             ecep:lem=","
             ecep:pos=","
             ecep:reg=","
             ecep:spe=",">,</pc>
         <c> </c>
         <w xml:id="pba35-177150"
            n="a-0150"
            ecep:lem="picture"
            ecep:pos="n2"
            ecep:reg="Pictures"
            ecep:spe="Pictures"
            ecep:syllab="2"
            ecep:pron="ˈpɪktʃəz">Pictures</w>
         <pc xml:id="pba35-177160"
             n="a-0160"
             ecep:lem=","
             ecep:pos=","
             ecep:reg=","
             ecep:spe=",">,</pc>
         <c> </c>
         <w xml:id="pba35-177170"
            n="a-0170"
            ecep:lem="statue"
            ecep:pos="n2"
            ecep:reg="Statues"
            ecep:spe="Statues"
            ecep:syllab="2"
            ecep:pron="ˈstætʃuːz">Statues</w>
         <pc xml:id="pba35-177180"
             n="a-0180"
             ecep:lem=","
             ecep:pos=","
             ecep:reg=","
             ecep:spe=",">,</pc>
         <c> </c>
         <w xml:id="pba35-177190"
            n="a-0190"
            ecep:lem="here"
            ecep:pos="av"
            ecep:reg="here"
            ecep:spe="here"
            ecep:syllab="1"
            ecep:pron="hɪə">here</w>
         <c> </c>
         <w xml:id="pba35-177200"
            n="a-0200"
            ecep:lem="we"
            ecep:pos="pns12"
            ecep:reg="we"
            ecep:spe="we"
            ecep:syllab="1"
            ecep:pron="wiː">we</w>
         <c> </c>
         <w xml:id="pba35-177210"
            n="a-0210"
            ecep:lem="find"
            ecep:pos="vvb"
            ecep:reg="find"
            ecep:spe="find"
            ecep:syllab="1"
            ecep:pron="faɪnd">find</w>
         <pc xml:id="pba35-177220"
             n="a-0220"
             ecep:lem=","
             ecep:pos=","
             ecep:reg=","
             ecep:spe=",">,</pc>
      </l>
      <l n="2" xml:id="pba35-l09115">
         <c> </c>
         <w xml:id="pba35-177230"
            n="a-0230"
            ecep:lem="and"
            ecep:pos="cc"
            ecep:reg="And"
            ecep:spe="And"
            ecep:syllab="1"
            ecep:pron="ænd">And</w>
         <c> </c>
         <w xml:id="pba35-177240"
            n="a-0240"
            ecep:lem="each"
            ecep:pos="d"
            ecep:reg="each"
            ecep:spe="each"
            ecep:syllab="1"
            ecep:pron="iːtʃ">each</w>
         <c> </c>
         <w xml:id="pba35-177250"
            n="a-0250"
            ecep:lem="excel"
            ecep:pos="vvg"
            ecep:reg="excelling"
            ecep:spe="excelling"
            ecep:syllab="3"
            ecep:pron="ɪkˈselɪŋ">excelling</w>
         <c> </c>
         <w xml:id="pba35-177260"
            n="a-0260"
            ecep:lem="in"
            ecep:pos="p-acp"
            ecep:reg="in"
            ecep:spe="in"
            ecep:syllab="1"
            ecep:pron="ɪn">in</w>
         <c> </c>
         <w xml:id="pba35-177270"
            n="a-0270"
            ecep:lem="their"
            ecep:pos="po32"
            ecep:reg="their"
            ecep:spe="their"
            ecep:syllab="1"
            ecep:pron="ðeə">their</w>
         <c> </c>
         <w xml:id="pba35-177280"
            n="a-0280"
            ecep:lem="kind"
            ecep:pos="j"
            ecep:reg="Kind"
            ecep:spe="Kind"
            ecep:syllab="1"
            ecep:pron="kaɪnd">Kind</w>
         <pc xml:id="pba35-177290"
             n="a-0290"
             unit="sentence"
             ecep:lem="."
             ecep:pos="."
             ecep:reg="."
             ecep:spe=".">.</pc>
         <c> </c>
      </l>
      <l n="3" xml:id="pba35-l09120">
         <hi>
            <w xml:id="pba35-177300"
               n="a-0300"
               rend="plain_apostrophe"
               ecep:lem="mead"
               ecep:pos="ng1"
               ecep:reg="Mead's"
               ecep:spe="Mead's"
               ecep:syllab="1"
               ecep:pron="ˈmiːdz">Mead's</w>
         </hi>
         <c> </c>
         <w xml:id="pba35-177310"
            n="a-0310"
            ecep:lem="taste"
            ecep:pos="n1"
            ecep:reg="Taste"
            ecep:spe="Taste"
            ecep:syllab="1"
            ecep:pron="teɪst">Taste</w>
         <c> </c>
         <w xml:id="pba35-177320"
            n="a-0320"
            ecep:lem="in"
            ecep:pos="p-acp"
            ecep:reg="in"
            ecep:spe="in"
            ecep:syllab="1"
            ecep:pron="ɪn">in</w>
         <c> </c>
         <w xml:id="pba35-177330"
            n="a-0330"
            ecep:lem="every"
            ecep:pos="d"
            ecep:reg="every"
            ecep:spe="ev'ry"
            ecep:syllab="2"
            ecep:pron="ˈevri">ev'ry</w>
         <c> </c>
         <w xml:id="pba35-177340"
            n="a-0340"
            ecep:lem="thing"
            ecep:pos="n1"
            ecep:reg="Thing"
            ecep:spe="Thing"
            ecep:syllab="1"
            ecep:pron="θɪŋ">Thing</w>
         <c> </c>
         <w xml:id="pba35-177350"
            n="a-0350"
            ecep:lem="we"
            ecep:pos="pns12"
            ecep:reg="we"
            ecep:spe="we"
            ecep:syllab="1"
            ecep:pron="wiː">we</w>
         <c> </c>
         <w xml:id="pba35-177360"
            n="a-0360"
            ecep:lem="view"
            ecep:pos="vvb"
            ecep:reg="view"
            ecep:spe="view"
            ecep:syllab="1"
            ecep:pron="vjuː">view</w>
         <pc xml:id="pba35-177370"
             n="a-0370"
             ecep:lem=";"
             ecep:pos=";"
             ecep:reg=";"
             ecep:spe=";">;</pc>
      </l>
      <l n="4" xml:id="pba35-l09125">
         <c> </c>
         <w xml:id="pba35-177380"
            n="a-0380"
            ecep:lem="but"
            ecep:pos="cc-acp"
            ecep:reg="But"
            ecep:spe="But"
            ecep:syllab="1"
            ecep:pron="bʌt">But</w>
         <c> </c>
         <w xml:id="pba35-177390"
            n="a-0390"
            ecep:lem="chief"
            ecep:pos="av-jn"
            ecep:reg="chiefly"
            ecep:spe="chiefly"
            ecep:syllab="2"
            ecep:pron="ˈtʃiːfli">chiefly</w>
         <c> </c>
         <w xml:id="pba35-177400"
            n="a-0400"
            ecep:lem="in"
            ecep:pos="p-acp"
            ecep:reg="in"
            ecep:spe="in"
            ecep:syllab="1"
            ecep:pron="ɪn">in</w>
         <c> </c>
         <w xml:id="pba35-177410"
            n="a-0410"
            ecep:lem="his"
            ecep:pos="po31"
            ecep:reg="his"
            ecep:spe="his"
            ecep:syllab="1"
            ecep:pron="hɪz">his</w>
         <c> </c>
         <w xml:id="pba35-177420"
            n="a-0420"
            ecep:lem="choice"
            ecep:pos="n1"
            ecep:reg="Choice"
            ecep:spe="Choice"
            ecep:syllab="1"
            ecep:pron="tʃɔɪs">Choice</w>
         <c> </c>
         <w xml:id="pba35-177430"
            n="a-0430"
            ecep:lem="of"
            ecep:pos="pp-f"
            ecep:reg="of"
            ecep:spe="of"
            ecep:syllab="1"
            ecep:pron="ɒv">of</w>
         <c> </c>
         <w xml:id="pba35-177440"
            n="a-0440"
            ecep:lem="you"
            ecep:pos="pn22"
            ecep:reg="You"
            ecep:spe="You"
            ecep:syllab="1"
            ecep:pron="juː">You</w>
         <pc xml:id="pba35-177450"
             n="a-0450"
             unit="sentence"
             ecep:lem="."
             ecep:pos="."
             ecep:reg="."
             ecep:spe=".">.</pc>
         <c> </c>
      </l>
   </lg>
</div>
