<?xml version="1.0" encoding="utf-8"?>
<!DOCTYPE div
  SYSTEM "about:legacy-compat">
<div xmlns:ecep="http://www.eighteenthcenturypoetry.org/ns"
     xmlns="http://www.tei-c.org/ns/1.0"
     xmlns:tei="http://www.tei-c.org/ns/1.0"
     ana="#trochee #tetrameter #quatrain #pair #hymn"
     corresp="#txt_WeslCh1707_w0048"
     decls="#semi-normalized"
     ecep:syllab="8.8.8.8"
     met="+-|+-|+-|+-/ +-|+-|+-|+-/ +-|+-|+-|+-/ +-|+-|+-|+-/"
     rendition="#lgvspace"
     rhyme="aabb"
     subtype="eceptext"
     type="poem"
     xml:id="o3900-w1320">
   <link target="authors.xml#aut_WeslCh1707" type="author"/>
   <head type="main">
      <w xml:id="o3900-473950"
         n="230-a-0930"
         ecep:lem="hymn"
         ecep:pos="n1"
         ecep:reg="HYMN"
         ecep:spe="HYMN"
         ecep:syllab="1"
         ecep:pron="hɪm">HYMN</w>
      <c> </c>
      <w xml:id="o3900-473960"
         n="230-a-0940"
         ecep:lem="for"
         ecep:pos="p-acp"
         ecep:reg="for"
         ecep:spe="for"
         ecep:syllab="1"
         ecep:pron="fɔː">for</w>
      <c> </c>
      <w xml:id="o3900-473970"
         n="230-a-0950"
         ecep:lem="ascension-day"
         ecep:pos="np1"
         ecep:reg="ASCENSION-DAY"
         ecep:spe="ASCENSION-DAY"
         ecep:syllab="4"
         ecep:pron="əˈsenʃnˌdeɪ">ASCENSION-DAY</w>
      <pc xml:id="o3900-473980"
          n="230-a-0960"
          unit="sentence"
          ecep:lem="."
          ecep:pos="."
          ecep:reg="."
          ecep:spe=".">.</pc>
   </head>
   <lg n="1" xml:id="o3900-s04725">
      <head>
         <w xml:id="o3900-474020"
            n="230-a-0970"
            ecep:lem="i"
            ecep:pos="pns11"
            ecep:reg="I"
            ecep:spe="I."
            ecep:syllab="1"
            ecep:pron="ˈaɪ">I.</w>
         <pc unit="sentence" xml:id="o3900-474020-eos" n="230-a-0980"/>
      </head>
      <l xml:id="o3900-l24840">
         <w xml:id="o3900-474040"
            n="230-a-0990"
            ecep:lem="hail"
            ecep:pos="uh-v"
            ecep:reg="HAIL"
            ecep:spe="HAIL"
            ecep:syllab="1"
            ecep:pron="heɪl">HAIL</w>
         <c> </c>
         <w xml:id="o3900-474050"
            n="230-a-1000"
            ecep:lem="the"
            ecep:pos="p-acp"
            ecep:reg="the"
            ecep:spe="the"
            ecep:syllab="1"
            ecep:pron="ðiː">the</w>
         <c> </c>
         <w xml:id="o3900-474060"
            n="230-a-1010"
            ecep:lem="day"
            ecep:pos="n1"
            ecep:reg="Day"
            ecep:spe="Day"
            ecep:syllab="1"
            ecep:pron="deɪ">Day</w>
         <c> </c>
         <w xml:id="o3900-474070"
            n="230-a-1020"
            ecep:lem="that"
            ecep:pos="cst"
            ecep:reg="that"
            ecep:spe="that"
            ecep:syllab="1"
            ecep:pron="ðæt">that</w>
         <c> </c>
         <w xml:id="o3900-474080"
            n="230-a-1030"
            ecep:lem="see"
            ecep:pos="vvz"
            ecep:reg="sees"
            ecep:spe="sees"
            ecep:syllab="1"
            ecep:pron="siːz">sees</w>
         <c> </c>
         <w xml:id="o3900-474090"
            n="230-a-1040"
            ecep:lem="he"
            ecep:pos="pno31"
            ecep:reg="Him"
            ecep:spe="Him"
            ecep:syllab="1"
            ecep:pron="hɪm">Him</w>
         <c> </c>
         <w xml:id="o3900-474100"
            n="230-a-1050"
            ecep:lem="rise"
            ecep:pos="vvi"
            ecep:reg="rise"
            ecep:spe="rise"
            ecep:syllab="1"
            ecep:pron="raɪz">rise</w>
         <pc xml:id="o3900-474110"
             n="230-a-1060"
             ecep:lem=","
             ecep:pos=","
             ecep:reg=","
             ecep:spe=",">,</pc>
      </l>
      <l xml:id="o3900-l24845">
         <c> </c>
         <w xml:id="o3900-474120"
            n="230-a-1070"
            ecep:lem="ravish"
            ecep:pos="vvn"
            ecep:reg="Ravished"
            ecep:spe="Ravish'd"
            ecep:syllab="2"
            ecep:pron="ˈrævɪʃt">Ravish'd</w>
         <c> </c>
         <w xml:id="o3900-474130"
            n="230-a-1080"
            ecep:lem="from"
            ecep:pos="p-acp"
            ecep:reg="from"
            ecep:spe="from"
            ecep:syllab="1"
            ecep:pron="frɒm">from</w>
         <c> </c>
         <w xml:id="o3900-474140"
            n="230-a-1090"
            ecep:lem="our"
            ecep:pos="po12"
            ecep:reg="our"
            ecep:spe="our"
            ecep:syllab="1"
            ecep:pron="æə">our</w>
         <c> </c>
         <w xml:id="o3900-474150"
            n="230-a-1100"
            ecep:lem="wishful"
            ecep:pos="j"
            ecep:reg="wishful"
            ecep:spe="wishful"
            ecep:syllab="2"
            ecep:pron="ˈwɪʃfl">wishful</w>
         <c> </c>
         <w xml:id="o3900-474160"
            n="230-a-1110"
            ecep:lem="eye"
            ecep:pos="n2"
            ecep:reg="Eyes"
            ecep:spe="Eyes"
            ecep:syllab="1"
            ecep:pron="aɪz">Eyes</w>
         <pc xml:id="o3900-474170"
             n="230-a-1120"
             ecep:lem=";"
             ecep:pos=";"
             ecep:reg=";"
             ecep:spe=";">;</pc>
      </l>
      <l xml:id="o3900-l24850">
         <c> </c>
         <w xml:id="o3900-474180"
            n="230-a-1130"
            ecep:lem="Christ"
            ecep:pos="np1"
            ecep:reg="CHRIST"
            ecep:spe="CHRIST"
            ecep:syllab="1"
            ecep:pron="ˈkraɪst">CHRIST</w>
         <c> </c>
         <w xml:id="o3900-474190"
            n="230-a-1140"
            ecep:lem="awhile"
            ecep:pos="av"
            ecep:reg="awhile"
            ecep:spe="awhile"
            ecep:syllab="2"
            ecep:pron="əˈwaɪl">awhile</w>
         <c> </c>
         <w xml:id="o3900-474200"
            n="230-a-1150"
            ecep:lem="to"
            ecep:pos="p-acp"
            ecep:reg="to"
            ecep:spe="to"
            ecep:syllab="1"
            ecep:pron="tuː">to</w>
         <c> </c>
         <w xml:id="o3900-474210"
            n="230-a-1160"
            ecep:lem="mortal"
            ecep:pos="n2-jn"
            ecep:reg="Mortals"
            ecep:spe="Mortals"
            ecep:syllab="2"
            ecep:pron="ˈmɔːtlz">Mortals</w>
         <c> </c>
         <w xml:id="o3900-474220"
            n="230-a-1170"
            ecep:lem="give"
            ecep:pos="vvn"
            ecep:reg="given"
            ecep:spe="giv'n"
            ecep:syllab="1"
            ecep:pron="gɪvn">giv'n</w>
         <pc xml:id="o3900-474230"
             n="230-a-1180"
             ecep:lem=","
             ecep:pos=","
             ecep:reg=","
             ecep:spe=",">,</pc>
      </l>
      <l xml:id="o3900-l24855">
         <c> </c>
         <w xml:id="o3900-474240"
            n="230-a-1190"
            ecep:lem="reascends"
            ecep:pos="j"
            ecep:reg="Reascends"
            ecep:spe="Re-ascends"
            ecep:syllab="3"
            ecep:pron="riːˌəˈsendz">Re-ascends</w>
         <c> </c>
         <w xml:id="o3900-474250"
            n="230-a-1200"
            ecep:lem="his"
            ecep:pos="po31"
            ecep:reg="his"
            ecep:spe="his"
            ecep:syllab="1"
            ecep:pron="hɪz">his</w>
         <c> </c>
         <w xml:id="o3900-474260"
            n="230-a-1210"
            ecep:lem="native"
            ecep:pos="j-jn"
            ecep:reg="native"
            ecep:spe="native"
            ecep:syllab="2"
            ecep:pron="ˈneɪtɪv">native</w>
         <c> </c>
         <w xml:id="o3900-474270"
            n="230-a-1220"
            ecep:lem="heaven"
            ecep:pos="n1"
            ecep:reg="Heaven"
            ecep:spe="Heav'n"
            ecep:syllab="1"
            ecep:pron="ˈhevn">Heav'n</w>
         <pc xml:id="o3900-474280"
             n="230-a-1230"
             unit="sentence"
             ecep:lem="!"
             ecep:pos="!"
             ecep:reg="!"
             ecep:spe="!">!</pc>
         <c> </c>
      </l>
   </lg>
   <lg n="2" xml:id="o3900-s04730">
      <head>
         <w xml:id="o3900-474320"
            n="230-a-1240"
            ecep:lem="ii"
            ecep:pos="crd"
            ecep:reg="II"
            ecep:spe="II"
            ecep:syllab="1"
            ecep:pron="rˌəʊməntˈuː">II</w>
         <pc xml:id="o3900-474330"
             n="230-a-1250"
             unit="sentence"
             ecep:lem="."
             ecep:pos="."
             ecep:reg="."
             ecep:spe=".">.</pc>
      </head>
      <l xml:id="o3900-l24860">
         <w xml:id="o3900-474350"
            n="230-a-1260"
            ecep:lem="there"
            ecep:pos="a-acp"
            ecep:reg="There"
            ecep:spe="There"
            ecep:syllab="1"
            ecep:pron="ðeə">There</w>
         <c> </c>
         <w xml:id="o3900-474360"
            n="230-a-1270"
            ecep:lem="the"
            ecep:pos="dt"
            ecep:reg="the"
            ecep:spe="the"
            ecep:syllab="1"
            ecep:pron="ðiː">the</w>
         <c> </c>
         <w xml:id="o3900-474370"
            n="230-a-1280"
            ecep:lem="pompous"
            ecep:pos="j"
            ecep:reg="pompous"
            ecep:spe="pompous"
            ecep:syllab="2"
            ecep:pron="ˈpɒmpəs">pompous</w>
         <c> </c>
         <w xml:id="o3900-474380"
            n="230-a-1290"
            ecep:lem="triumph"
            ecep:pos="n1"
            ecep:reg="Triumph"
            ecep:spe="Triumph"
            ecep:syllab="2"
            ecep:pron="ˈtraɪəmf">Triumph</w>
         <c> </c>
         <w xml:id="o3900-474390"
            n="230-a-1300"
            ecep:lem="wait"
            ecep:pos="vvz"
            ecep:reg="waits"
            ecep:spe="waits"
            ecep:syllab="1"
            ecep:pron="weɪts">waits</w>
         <pc xml:id="o3900-474400"
             n="230-a-1310"
             ecep:lem=","
             ecep:pos=","
             ecep:reg=","
             ecep:spe=",">,</pc>
      </l>
      <l xml:id="o3900-l24865">
         <c> </c>
         <pc xml:id="o3900-474410"
             n="230-a-1320"
             ecep:lem="&#34;"
             ecep:pos="&#34;"
             ecep:reg="&#34;"
             ecep:spe="&#34;">"</pc>
         <w xml:id="o3900-474420"
            n="230-a-1330"
            ecep:lem="lift"
            ecep:pos="vvb"
            ecep:reg="Lift"
            ecep:spe="Lift"
            ecep:syllab="1"
            ecep:pron="lɪft">Lift</w>
         <c> </c>
         <w xml:id="o3900-474430"
            n="230-a-1340"
            ecep:lem="your"
            ecep:pos="po22"
            ecep:reg="your"
            ecep:spe="your"
            ecep:syllab="1"
            ecep:pron="jɔː">your</w>
         <c> </c>
         <w xml:id="o3900-474440"
            n="230-a-1350"
            ecep:lem="head"
            ecep:pos="n2"
            ecep:reg="Heads"
            ecep:spe="Heads"
            ecep:syllab="1"
            ecep:pron="hedz">Heads</w>
         <pc xml:id="o3900-474450"
             n="230-a-1360"
             ecep:lem=","
             ecep:pos=","
             ecep:reg=","
             ecep:spe=",">,</pc>
         <c> </c>
         <w xml:id="o3900-474460"
            n="230-a-1370"
            ecep:lem="eternal"
            ecep:pos="j"
            ecep:reg="Eternal"
            ecep:spe="Eternal"
            ecep:syllab="3"
            ecep:pron="ɪˈtɜːnl">Eternal</w>
         <c> </c>
         <w xml:id="o3900-474470"
            n="230-a-1380"
            ecep:lem="gate"
            ecep:pos="n2"
            ecep:reg="Gates"
            ecep:spe="Gates"
            ecep:syllab="1"
            ecep:pron="geɪts">Gates</w>
         <pc xml:id="o3900-474480"
             n="230-a-1390"
             ecep:lem=","
             ecep:pos=","
             ecep:reg=","
             ecep:spe=",">,</pc>
      </l>
      <l xml:id="o3900-l24870">
         <pc xml:id="o3900-474490"
             n="230-a-1400"
             ecep:lem="&#34;"
             ecep:pos="&#34;"
             ecep:reg="&#34;"
             ecep:spe="&#34;">"</pc>
         <c> </c>
         <w xml:id="o3900-474500"
            n="230-a-1410"
            ecep:lem="wide"
            ecep:pos="av-j"
            ecep:reg="Wide"
            ecep:spe="Wide"
            ecep:syllab="1"
            ecep:pron="waɪd">Wide</w>
         <c> </c>
         <w xml:id="o3900-474510"
            n="230-a-1420"
            ecep:lem="unfold"
            ecep:pos="vvi"
            ecep:reg="unfold"
            ecep:spe="unfold"
            ecep:syllab="2"
            ecep:pron="ʌnˈfəʊld">unfold</w>
         <c> </c>
         <w xml:id="o3900-474520"
            n="230-a-1430"
            ecep:lem="the"
            ecep:pos="dt"
            ecep:reg="the"
            ecep:spe="the"
            ecep:syllab="1"
            ecep:pron="ðiː">the</w>
         <c> </c>
         <w xml:id="o3900-474530"
            n="230-a-1440"
            ecep:lem="radiant"
            ecep:pos="j"
            ecep:reg="radiant"
            ecep:spe="radiant"
            ecep:syllab="3"
            ecep:pron="ˈreɪdiənt">radiant</w>
         <c> </c>
         <w xml:id="o3900-474540"
            n="230-a-1450"
            ecep:lem="scene"
            ecep:pos="n1"
            ecep:reg="Scene"
            ecep:spe="Scene"
            ecep:syllab="1"
            ecep:pron="siːn">Scene</w>
         <pc xml:id="o3900-474550"
             n="230-a-1460"
             ecep:lem=","
             ecep:pos=","
             ecep:reg=","
             ecep:spe=",">,</pc>
      </l>
      <l xml:id="o3900-l24875">
         <c> </c>
         <pc xml:id="o3900-474560"
             n="230-a-1470"
             ecep:lem="&#34;"
             ecep:pos="&#34;"
             ecep:reg="&#34;"
             ecep:spe="&#34;">"</pc>
         <w xml:id="o3900-474570"
            n="230-a-1480"
            ecep:lem="take"
            ecep:pos="vvb"
            ecep:reg="Take"
            ecep:spe="Take"
            ecep:syllab="1"
            ecep:pron="teɪk">Take</w>
         <c> </c>
         <w xml:id="o3900-474580"
            n="230-a-1490"
            ecep:lem="the"
            ecep:pos="dt"
            ecep:reg="the"
            ecep:spe="the"
            ecep:syllab="1"
            ecep:pron="ðiː">the</w>
         <c> </c>
         <w xml:id="o3900-474590"
            n="230-a-1500"
            ecep:lem="king"
            ecep:pos="n1"
            ecep:reg="King"
            ecep:spe="King"
            ecep:syllab="1"
            ecep:pron="kɪŋ">King</w>
         <c> </c>
         <w xml:id="o3900-474600"
            n="230-a-1510"
            ecep:lem="of"
            ecep:pos="pp-f"
            ecep:reg="of"
            ecep:spe="of"
            ecep:syllab="1"
            ecep:pron="ɒv">of</w>
         <c> </c>
         <w xml:id="o3900-474610"
            n="230-a-1520"
            ecep:lem="glory"
            ecep:pos="n1"
            ecep:reg="Glory"
            ecep:spe="Glory"
            ecep:syllab="2"
            ecep:pron="ˈglɔːri">Glory</w>
         <c> </c>
         <w xml:id="o3900-474620"
            n="230-a-1530"
            ecep:lem="in"
            ecep:pos="p-acp"
            ecep:reg="in"
            ecep:spe="in"
            ecep:syllab="1"
            ecep:pron="ɪn">in</w>
         <pc xml:id="o3900-474630"
             n="230-a-1540"
             unit="sentence"
             ecep:lem="!"
             ecep:pos="!"
             ecep:reg="!"
             ecep:spe="!">!</pc>
         <c> </c>
      </l>
   </lg>
   <pb facs="o3900/0238" n="212" rend="none"/>
   <lg n="3" xml:id="o3900-s04735">
      <head>
         <w xml:id="o3900-474670"
            n="231-a-0010"
            ecep:lem="iii"
            ecep:pos="crd"
            ecep:reg="III"
            ecep:spe="III"
            ecep:syllab="1"
            ecep:pron="rˌəʊmənθrˈiː">III</w>
         <pc xml:id="o3900-474680"
             n="231-a-0020"
             unit="sentence"
             ecep:lem="."
             ecep:pos="."
             ecep:reg="."
             ecep:spe=".">.</pc>
      </head>
      <l xml:id="o3900-l24880">
         <w xml:id="o3900-474700"
            n="231-a-0030"
            ecep:lem="circle"
            ecep:pos="j-vvn"
            ecep:reg="Circled"
            ecep:spe="Circled"
            ecep:syllab="2"
            ecep:pron="ˈsɜːkld">Circled</w>
         <c> </c>
         <w xml:id="o3900-474710"
            n="231-a-0040"
            ecep:lem="round"
            ecep:pos="av-j"
            ecep:reg="round"
            ecep:spe="round"
            ecep:syllab="1"
            ecep:pron="raʊnd">round</w>
         <c> </c>
         <w xml:id="o3900-474720"
            n="231-a-0050"
            ecep:lem="with"
            ecep:pos="p-acp"
            ecep:reg="with"
            ecep:spe="with"
            ecep:syllab="1"
            ecep:pron="wɪð">with</w>
         <c> </c>
         <w xml:id="o3900-474730"
            n="231-a-0060"
            ecep:lem="angel"
            ecep:pos="n1"
            ecep:reg="Angel"
            ecep:spe="Angel"
            ecep:syllab="2"
            ecep:pron="ˈeɪndʒl">Angel</w>
         <c> </c>
         <w xml:id="o3900-474740"
            n="231-a-0070"
            ecep:lem="power"
            ecep:pos="n2"
            ecep:reg="Powers"
            ecep:spe="Powers"
            ecep:syllab="1"
            ecep:pron="ˈpaʊəz">Powers</w>
         <pc xml:id="o3900-474750"
             n="231-a-0080"
             ecep:lem=","
             ecep:pos=","
             ecep:reg=","
             ecep:spe=",">,</pc>
      </l>
      <l xml:id="o3900-l24885">
         <c> </c>
         <w xml:id="o3900-474760"
            n="231-a-0090"
            ecep:lem="their"
            ecep:pos="po32"
            ecep:reg="Their"
            ecep:spe="Their"
            ecep:syllab="1"
            ecep:pron="ðeə">Their</w>
         <c> </c>
         <w xml:id="o3900-474770"
            n="231-a-0100"
            ecep:lem="triumphant"
            ecep:pos="j"
            ecep:reg="Triumphant"
            ecep:spe="Triumphant"
            ecep:syllab="3"
            ecep:pron="traɪˈʌmfənt">Triumphant</w>
         <c> </c>
         <w xml:id="o3900-474780"
            n="231-a-0110"
            ecep:lem="lord"
            ecep:pos="n1"
            ecep:reg="LORD"
            ecep:spe="LORD"
            ecep:syllab="1"
            ecep:pron="lɔːd">LORD</w>
         <pc xml:id="o3900-474790"
             n="231-a-0120"
             ecep:lem=","
             ecep:pos=","
             ecep:reg=","
             ecep:spe=",">,</pc>
         <c> </c>
         <w xml:id="o3900-474800"
            n="231-a-0130"
            ecep:lem="and"
            ecep:pos="cc"
            ecep:reg="and"
            ecep:spe="and"
            ecep:syllab="1"
            ecep:pron="ænd">and</w>
         <c> </c>
         <w xml:id="o3900-474810"
            n="231-a-0140"
            ecep:lem="we"
            ecep:pos="png12"
            ecep:reg="ours"
            ecep:spe="ours"
            ecep:syllab="1"
            ecep:pron="æəz">ours</w>
         <pc xml:id="o3900-474820"
             n="231-a-0150"
             ecep:lem=","
             ecep:pos=","
             ecep:reg=","
             ecep:spe=",">,</pc>
      </l>
      <l xml:id="o3900-l24890">
         <c> </c>
         <w xml:id="o3900-474830"
            n="231-a-0160"
            ecep:lem="conqueror"
            ecep:pos="n1"
            ecep:reg="Conqueror"
            ecep:spe="Conqueror"
            ecep:syllab="2"
            ecep:pron="ˈkɒŋkrə">Conqueror</w>
         <c> </c>
         <w xml:id="o3900-474840"
            n="231-a-0170"
            ecep:lem="over"
            ecep:pos="p-acp"
            ecep:reg="over"
            ecep:spe="over"
            ecep:syllab="2"
            ecep:pron="ˈəʊvə">over</w>
         <c> </c>
         <w xml:id="o3900-474850"
            n="231-a-0180"
            ecep:lem="death"
            ecep:pos="n1"
            ecep:reg="Death"
            ecep:spe="Death"
            ecep:syllab="1"
            ecep:pron="deθ">Death</w>
         <c> </c>
         <w xml:id="o3900-474860"
            n="231-a-0190"
            ecep:lem="and"
            ecep:pos="cc"
            ecep:reg="and"
            ecep:spe="and"
            ecep:syllab="1"
            ecep:pron="ænd">and</w>
         <c> </c>
         <w xml:id="o3900-474870"
            n="231-a-0200"
            ecep:lem="sin"
            ecep:pos="n1"
            ecep:reg="Sin"
            ecep:spe="Sin"
            ecep:syllab="1"
            ecep:pron="sɪn">Sin</w>
         <pc xml:id="o3900-474880"
             n="231-a-0210"
             ecep:lem=","
             ecep:pos=","
             ecep:reg=","
             ecep:spe=",">,</pc>
      </l>
      <l xml:id="o3900-l24895">
         <c> </c>
         <w xml:id="o3900-474890"
            n="231-a-0220"
            ecep:lem="take"
            ecep:pos="vvb"
            ecep:reg="Take"
            ecep:spe="Take"
            ecep:syllab="1"
            ecep:pron="teɪk">Take</w>
         <c> </c>
         <w xml:id="o3900-474900"
            n="231-a-0230"
            ecep:lem="the"
            ecep:pos="dt"
            ecep:reg="the"
            ecep:spe="the"
            ecep:syllab="1"
            ecep:pron="ðiː">the</w>
         <c> </c>
         <w xml:id="o3900-474910"
            n="231-a-0240"
            ecep:lem="king"
            ecep:pos="n1"
            ecep:reg="King"
            ecep:spe="King"
            ecep:syllab="1"
            ecep:pron="kɪŋ">King</w>
         <c> </c>
         <w xml:id="o3900-474920"
            n="231-a-0250"
            ecep:lem="of"
            ecep:pos="pp-f"
            ecep:reg="of"
            ecep:spe="of"
            ecep:syllab="1"
            ecep:pron="ɒv">of</w>
         <c> </c>
         <w xml:id="o3900-474930"
            n="231-a-0260"
            ecep:lem="glory"
            ecep:pos="n1"
            ecep:reg="Glory"
            ecep:spe="Glory"
            ecep:syllab="2"
            ecep:pron="ˈglɔːri">Glory</w>
         <c> </c>
         <w xml:id="o3900-474940"
            n="231-a-0270"
            ecep:lem="in"
            ecep:pos="p-acp"
            ecep:reg="in"
            ecep:spe="in"
            ecep:syllab="1"
            ecep:pron="ɪn">in</w>
         <pc xml:id="o3900-474950"
             n="231-a-0280"
             unit="sentence"
             ecep:lem="!"
             ecep:pos="!"
             ecep:reg="!"
             ecep:spe="!">!</pc>
         <c> </c>
      </l>
   </lg>
   <lg n="4" xml:id="o3900-s04740">
      <head>
         <w xml:id="o3900-474990"
            n="231-a-0290"
            ecep:lem="iv"
            ecep:pos="crd"
            ecep:reg="IV"
            ecep:spe="IV"
            ecep:syllab="1"
            ecep:pron="rˌəʊmənfˈɔː">IV</w>
         <pc xml:id="o3900-475000"
             n="231-a-0300"
             unit="sentence"
             ecep:lem="."
             ecep:pos="."
             ecep:reg="."
             ecep:spe=".">.</pc>
      </head>
      <l xml:id="o3900-l24900">
         <w xml:id="o3900-475020"
            n="231-a-0310"
            ecep:lem="he"
            ecep:pos="pno31"
            ecep:reg="Him"
            ecep:spe="Him"
            ecep:syllab="1"
            ecep:pron="hɪm">Him</w>
         <c> </c>
         <w xml:id="o3900-475030"
            n="231-a-0320"
            ecep:lem="though"
            ecep:pos="c-acp"
            ecep:reg="though"
            ecep:spe="tho'"
            ecep:syllab="1"
            ecep:pron="ðəʊ">tho'</w>
         <c> </c>
         <w xml:id="o3900-475040"
            n="231-a-0330"
            ecep:lem="high"
            ecep:pos="js"
            ecep:reg="highest"
            ecep:spe="highest"
            ecep:syllab="2"
            ecep:pron="haɪɪst">highest</w>
         <c> </c>
         <w xml:id="o3900-475050"
            n="231-a-0340"
            ecep:lem="heaven"
            ecep:pos="n1"
            ecep:reg="Heaven"
            ecep:spe="Heaven"
            ecep:syllab="1"
            ecep:pron="ˈhevn">Heaven</w>
         <c> </c>
         <w xml:id="o3900-475060"
            n="231-a-0350"
            ecep:lem="receive"
            ecep:pos="vvz"
            ecep:reg="receives"
            ecep:spe="receives"
            ecep:syllab="2"
            ecep:pron="rɪˈsiːvz">receives</w>
         <pc xml:id="o3900-475070"
             n="231-a-0360"
             ecep:lem=","
             ecep:pos=","
             ecep:reg=","
             ecep:spe=",">,</pc>
      </l>
      <l xml:id="o3900-l24905">
         <c> </c>
         <w xml:id="o3900-475080"
            n="231-a-0370"
            ecep:lem="still"
            ecep:pos="av"
            ecep:reg="Still"
            ecep:spe="Still"
            ecep:syllab="1"
            ecep:pron="stɪl">Still</w>
         <c> </c>
         <w xml:id="o3900-475090"
            n="231-a-0380"
            ecep:lem="he"
            ecep:pos="pns31"
            ecep:reg="he"
            ecep:spe="he"
            ecep:syllab="1"
            ecep:pron="hiː">he</w>
         <c> </c>
         <w xml:id="o3900-475100"
            n="231-a-0390"
            ecep:lem="love"
            ecep:pos="vvz"
            ecep:reg="loves"
            ecep:spe="loves"
            ecep:syllab="1"
            ecep:pron="lʌvz">loves</w>
         <c> </c>
         <w xml:id="o3900-475110"
            n="231-a-0400"
            ecep:lem="the"
            ecep:pos="dt"
            ecep:reg="the"
            ecep:spe="the"
            ecep:syllab="1"
            ecep:pron="ðiː">the</w>
         <c> </c>
         <w xml:id="o3900-475120"
            n="231-a-0410"
            ecep:lem="earth"
            ecep:pos="n1"
            ecep:reg="Earth"
            ecep:spe="Earth"
            ecep:syllab="1"
            ecep:pron="ɜːθ">Earth</w>
         <c> </c>
         <w xml:id="o3900-475130"
            n="231-a-0420"
            ecep:lem="he"
            ecep:pos="pns31"
            ecep:reg="he"
            ecep:spe="he"
            ecep:syllab="1"
            ecep:pron="hiː">he</w>
         <c> </c>
         <w xml:id="o3900-475140"
            n="231-a-0430"
            ecep:lem="leave"
            ecep:pos="vvz"
            ecep:reg="leaves"
            ecep:spe="leaves"
            ecep:syllab="1"
            ecep:pron="liːvz">leaves</w>
         <pc xml:id="o3900-475150"
             n="231-a-0440"
             ecep:lem=";"
             ecep:pos=";"
             ecep:reg=";"
             ecep:spe=";">;</pc>
      </l>
      <l xml:id="o3900-l24910">
         <c> </c>
         <w xml:id="o3900-475160"
            n="231-a-0450"
            ecep:lem="though"
            ecep:pos="c-acp"
            ecep:reg="Though"
            ecep:spe="Tho'"
            ecep:syllab="1"
            ecep:pron="ðəʊ">Tho'</w>
         <c> </c>
         <w xml:id="o3900-475170"
            n="231-a-0460"
            ecep:lem="return"
            ecep:pos="vvg"
            ecep:reg="returning"
            ecep:spe="returning"
            ecep:syllab="3"
            ecep:pron="rɪˈtɜːnɪŋ">returning</w>
         <c> </c>
         <w xml:id="o3900-475180"
            n="231-a-0470"
            ecep:lem="to"
            ecep:pos="p-acp"
            ecep:reg="to"
            ecep:spe="to"
            ecep:syllab="1"
            ecep:pron="tuː">to</w>
         <c> </c>
         <w xml:id="o3900-475190"
            n="231-a-0480"
            ecep:lem="his"
            ecep:pos="po31"
            ecep:reg="his"
            ecep:spe="his"
            ecep:syllab="1"
            ecep:pron="hɪz">his</w>
         <c> </c>
         <w xml:id="o3900-475200"
            n="231-a-0490"
            ecep:lem="throne"
            ecep:pos="n1"
            ecep:reg="Throne"
            ecep:spe="Throne"
            ecep:syllab="1"
            ecep:pron="θrəʊn">Throne</w>
         <pc xml:id="o3900-475210"
             n="231-a-0500"
             ecep:lem=","
             ecep:pos=","
             ecep:reg=","
             ecep:spe=",">,</pc>
      </l>
      <l xml:id="o3900-l24915">
         <c> </c>
         <w xml:id="o3900-475220"
            n="231-a-0510"
            ecep:lem="still"
            ecep:pos="av"
            ecep:reg="Still"
            ecep:spe="Still"
            ecep:syllab="1"
            ecep:pron="stɪl">Still</w>
         <c> </c>
         <w xml:id="o3900-475230"
            n="231-a-0520"
            ecep:lem="he"
            ecep:pos="pns31"
            ecep:reg="he"
            ecep:spe="he"
            ecep:syllab="1"
            ecep:pron="hiː">he</w>
         <c> </c>
         <w xml:id="o3900-475240"
            n="231-a-0530"
            ecep:lem="call"
            ecep:pos="vvz"
            ecep:reg="calls"
            ecep:spe="calls"
            ecep:syllab="1"
            ecep:pron="kɔːlz">calls</w>
         <c> </c>
         <w xml:id="o3900-475250"
            n="231-a-0540"
            ecep:lem="mankind"
            ecep:pos="n1"
            ecep:reg="Mankind"
            ecep:spe="Mankind"
            ecep:syllab="2"
            ecep:pron="mænˈkaɪnd">Mankind</w>
         <c> </c>
         <w xml:id="o3900-475260"
            n="231-a-0550"
            ecep:lem="his"
            ecep:pos="po31"
            ecep:reg="his"
            ecep:spe="his"
            ecep:syllab="1"
            ecep:pron="hɪz">his</w>
         <c> </c>
         <w xml:id="o3900-475270"
            n="231-a-0560"
            ecep:lem="own"
            ecep:pos="d"
            ecep:reg="own"
            ecep:spe="own"
            ecep:syllab="1"
            ecep:pron="əʊn">own</w>
         <pc xml:id="o3900-475280"
             n="231-a-0570"
             unit="sentence"
             ecep:lem="."
             ecep:pos="."
             ecep:reg="."
             ecep:spe=".">.</pc>
         <c> </c>
      </l>
   </lg>
   <lg n="5" xml:id="o3900-s04745">
      <head>
         <w xml:id="o3900-475320"
            n="231-a-0580"
            ecep:lem="v."
            ecep:pos="crd"
            ecep:reg="V"
            ecep:spe="V."
            ecep:syllab="1"
            ecep:pron="viː">V.</w>
         <pc unit="sentence" xml:id="o3900-475320-eos" n="231-a-0590"/>
      </head>
      <l xml:id="o3900-l24920">
         <w xml:id="o3900-475340"
            n="231-a-0600"
            ecep:lem="see"
            ecep:pos="vvb"
            ecep:reg="See"
            ecep:spe="See"
            ecep:syllab="1"
            ecep:pron="siː">See</w>
         <pc xml:id="o3900-475345"
             n="231-a-0600"
             ecep:lem="!"
             ecep:pos="!"
             ecep:reg="!"
             ecep:spe="!">!</pc>
         <c> </c>
         <w xml:id="o3900-475350"
            n="231-a-0610"
            ecep:lem="he"
            ecep:pos="pns31"
            ecep:reg="He"
            ecep:spe="He"
            ecep:syllab="1"
            ecep:pron="hiː">He</w>
         <c> </c>
         <w xml:id="o3900-475360"
            n="231-a-0620"
            ecep:lem="lift"
            ecep:pos="vvz"
            ecep:reg="lifts"
            ecep:spe="lifts"
            ecep:syllab="1"
            ecep:pron="lɪfts">lifts</w>
         <c> </c>
         <w xml:id="o3900-475370"
            n="231-a-0630"
            ecep:lem="his"
            ecep:pos="po31"
            ecep:reg="his"
            ecep:spe="his"
            ecep:syllab="1"
            ecep:pron="hɪz">his</w>
         <c> </c>
         <w xml:id="o3900-475380"
            n="231-a-0640"
            ecep:lem="hand"
            ecep:pos="n2"
            ecep:reg="Hands"
            ecep:spe="Hands"
            ecep:syllab="1"
            ecep:pron="hændz">Hands</w>
         <c> </c>
         <w xml:id="o3900-475390"
            n="231-a-0650"
            ecep:lem="above"
            ecep:pos="a-acp"
            ecep:reg="above"
            ecep:spe="above"
            ecep:syllab="2"
            ecep:pron="əˈbʌv">above</w>
         <pc xml:id="o3900-475400"
             n="231-a-0660"
             unit="sentence"
             ecep:lem="!"
             ecep:pos="!"
             ecep:reg="!"
             ecep:spe="!">!</pc>
         <c> </c>
      </l>
      <l xml:id="o3900-l24925">
         <w xml:id="o3900-475410"
            n="231-a-0670"
            ecep:lem="see"
            ecep:pos="vvb"
            ecep:reg="See"
            ecep:spe="See"
            ecep:syllab="1"
            ecep:pron="siː">See</w>
         <pc xml:id="o3900-475415"
             n="231-a-0670"
             ecep:lem="!"
             ecep:pos="!"
             ecep:reg="!"
             ecep:spe="!">!</pc>
         <c> </c>
         <w xml:id="o3900-475420"
            n="231-a-0680"
            ecep:lem="he"
            ecep:pos="pns31"
            ecep:reg="He"
            ecep:spe="He"
            ecep:syllab="1"
            ecep:pron="hiː">He</w>
         <c> </c>
         <w xml:id="o3900-475430"
            n="231-a-0690"
            ecep:lem="show"
            ecep:pos="vvz"
            ecep:reg="shows"
            ecep:spe="shews"
            ecep:syllab="1"
            ecep:pron="ʃəʊz">shews</w>
         <c> </c>
         <w xml:id="o3900-475440"
            n="231-a-0700"
            ecep:lem="the"
            ecep:pos="dt"
            ecep:reg="the"
            ecep:spe="the"
            ecep:syllab="1"
            ecep:pron="ðiː">the</w>
         <c> </c>
         <w xml:id="o3900-475450"
            n="231-a-0710"
            ecep:lem="print"
            ecep:pos="n2"
            ecep:reg="Prints"
            ecep:spe="Prints"
            ecep:syllab="1"
            ecep:pron="prɪnts">Prints</w>
         <c> </c>
         <w xml:id="o3900-475460"
            n="231-a-0720"
            ecep:lem="of"
            ecep:pos="pp-f"
            ecep:reg="of"
            ecep:spe="of"
            ecep:syllab="1"
            ecep:pron="ɒv">of</w>
         <c> </c>
         <w xml:id="o3900-475470"
            n="231-a-0730"
            ecep:lem="love"
            ecep:pos="n1"
            ecep:reg="Love"
            ecep:spe="Love"
            ecep:syllab="1"
            ecep:pron="lʌv">Love</w>
         <pc xml:id="o3900-475480"
             n="231-a-0740"
             unit="sentence"
             ecep:lem="!"
             ecep:pos="!"
             ecep:reg="!"
             ecep:spe="!">!</pc>
         <c> </c>
      </l>
      <l xml:id="o3900-l24930">
         <w xml:id="o3900-475490"
            n="231-a-0750"
            ecep:lem="hark"
            ecep:pos="vvb"
            ecep:reg="Hark"
            ecep:spe="Hark"
            ecep:syllab="1"
            ecep:pron="hɑːk">Hark</w>
         <pc xml:id="o3900-475495"
             n="231-a-0750"
             ecep:lem="!"
             ecep:pos="!"
             ecep:reg="!"
             ecep:spe="!">!</pc>
         <c> </c>
         <w xml:id="o3900-475500"
            n="231-a-0760"
            ecep:lem="his"
            ecep:pos="po31"
            ecep:reg="His"
            ecep:spe="His"
            ecep:syllab="1"
            ecep:pron="hɪz">His</w>
         <c> </c>
         <w xml:id="o3900-475510"
            n="231-a-0770"
            ecep:lem="gracious"
            ecep:pos="j"
            ecep:reg="gracious"
            ecep:spe="gracious"
            ecep:syllab="2"
            ecep:pron="ˈgreɪʃəs">gracious</w>
         <c> </c>
         <w xml:id="o3900-475520"
            n="231-a-0780"
            ecep:lem="lip"
            ecep:pos="n2"
            ecep:reg="Lips"
            ecep:spe="Lips"
            ecep:syllab="1"
            ecep:pron="lɪps">Lips</w>
         <c> </c>
         <w xml:id="o3900-475530"
            n="231-a-0790"
            ecep:lem="bestow"
            ecep:pos="vvb"
            ecep:reg="bestow"
            ecep:spe="bestow"
            ecep:syllab="2"
            ecep:pron="bɪˈstəʊ">bestow</w>
      </l>
      <l xml:id="o3900-l24935">
         <c> </c>
         <w xml:id="o3900-475540"
            n="231-a-0800"
            ecep:lem="blessing"
            ecep:pos="n2"
            ecep:reg="Blessings"
            ecep:spe="Blessings"
            ecep:syllab="2"
            ecep:pron="ˈblesɪŋz">Blessings</w>
         <c> </c>
         <w xml:id="o3900-475550"
            n="231-a-0810"
            ecep:lem="on"
            ecep:pos="p-acp"
            ecep:reg="on"
            ecep:spe="on"
            ecep:syllab="1"
            ecep:pron="ɒn">on</w>
         <c> </c>
         <w xml:id="o3900-475560"
            n="231-a-0820"
            ecep:lem="his"
            ecep:pos="po31"
            ecep:reg="his"
            ecep:spe="his"
            ecep:syllab="1"
            ecep:pron="hɪz">his</w>
         <c> </c>
         <w xml:id="o3900-475570"
            n="231-a-0830"
            ecep:lem="church"
            ecep:pos="n1"
            ecep:reg="Church"
            ecep:spe="Church"
            ecep:syllab="1"
            ecep:pron="tʃɜːtʃ">Church</w>
         <c> </c>
         <w xml:id="o3900-475580"
            n="231-a-0840"
            ecep:lem="below"
            ecep:pos="a-acp"
            ecep:reg="below"
            ecep:spe="below"
            ecep:syllab="2"
            ecep:pron="bɪˈləʊ">below</w>
         <pc xml:id="o3900-475590"
             n="231-a-0850"
             unit="sentence"
             ecep:lem="!"
             ecep:pos="!"
             ecep:reg="!"
             ecep:spe="!">!</pc>
         <c> </c>
      </l>
   </lg>
   <lg n="6" xml:id="o3900-s04750">
      <head>
         <w xml:id="o3900-475630"
            n="231-a-0860"
            ecep:lem="vi"
            ecep:pos="crd"
            ecep:reg="VI"
            ecep:spe="VI"
            ecep:syllab="1"
            ecep:pron="ˈvaɪ">VI</w>
         <pc xml:id="o3900-475640"
             n="231-a-0870"
             unit="sentence"
             ecep:lem="."
             ecep:pos="."
             ecep:reg="."
             ecep:spe=".">.</pc>
      </head>
      <l xml:id="o3900-l24940">
         <w xml:id="o3900-475660"
            n="231-a-0880"
            ecep:lem="still"
            ecep:pos="j"
            ecep:reg="Still"
            ecep:spe="Still"
            ecep:syllab="1"
            ecep:pron="stɪl">Still</w>
         <c> </c>
         <w xml:id="o3900-475670"
            n="231-a-0890"
            ecep:lem="for"
            ecep:pos="p-acp"
            ecep:reg="for"
            ecep:spe="for"
            ecep:syllab="1"
            ecep:pron="fɔː">for</w>
         <c> </c>
         <w xml:id="o3900-475680"
            n="231-a-0900"
            ecep:lem="we"
            ecep:pos="pno12"
            ecep:reg="us"
            ecep:spe="us"
            ecep:syllab="1"
            ecep:pron="ʌs">us</w>
         <c> </c>
         <w xml:id="o3900-475690"
            n="231-a-0910"
            ecep:lem="his"
            ecep:pos="po31"
            ecep:reg="his"
            ecep:spe="his"
            ecep:syllab="1"
            ecep:pron="hɪz">his</w>
         <c> </c>
         <w xml:id="o3900-475700"
            n="231-a-0920"
            ecep:lem="death"
            ecep:pos="n1"
            ecep:reg="Death"
            ecep:spe="Death"
            ecep:syllab="1"
            ecep:pron="deθ">Death</w>
         <c> </c>
         <w xml:id="o3900-475710"
            n="231-a-0930"
            ecep:lem="he"
            ecep:pos="pns31"
            ecep:reg="he"
            ecep:spe="he"
            ecep:syllab="1"
            ecep:pron="hiː">he</w>
         <c> </c>
         <w xml:id="o3900-475720"
            n="231-a-0940"
            ecep:lem="plead"
            ecep:pos="vvz"
            ecep:reg="pleads"
            ecep:spe="pleads"
            ecep:syllab="1"
            ecep:pron="pliːdz">pleads</w>
         <pc xml:id="o3900-475730"
             n="231-a-0950"
             ecep:lem=";"
             ecep:pos=";"
             ecep:reg=";"
             ecep:spe=";">;</pc>
      </l>
      <l xml:id="o3900-l24945">
         <c> </c>
         <w xml:id="o3900-475740"
            n="231-a-0960"
            ecep:lem="prevalent"
            ecep:pos="j"
            ecep:reg="Prevalent"
            ecep:spe="Prevalent"
            ecep:syllab="3"
            ecep:pron="ˈprevlənt">Prevalent</w>
         <pc xml:id="o3900-475750"
             n="231-a-0970"
             ecep:lem=","
             ecep:pos=","
             ecep:reg=","
             ecep:spe=",">,</pc>
         <c> </c>
         <w xml:id="o3900-475760"
            n="231-a-0980"
            ecep:lem="he"
            ecep:pos="pns31"
            ecep:reg="He"
            ecep:spe="He"
            ecep:syllab="1"
            ecep:pron="hiː">He</w>
         <c> </c>
         <w xml:id="o3900-475770"
            n="231-a-0990"
            ecep:lem="intercede"
            ecep:pos="vvz"
            ecep:reg="intercedes"
            ecep:spe="intercedes"
            ecep:syllab="4"
            ecep:pron="ˌɪntəˈsiːdz">intercedes</w>
         <pc xml:id="o3900-475780"
             n="231-a-1000"
             ecep:lem=";"
             ecep:pos=";"
             ecep:reg=";"
             ecep:spe=";">;</pc>
      </l>
      <l xml:id="o3900-l24950">
         <c> </c>
         <w xml:id="o3900-475790"
            n="231-a-1010"
            ecep:lem="near"
            ecep:pos="av-j"
            ecep:reg="Near"
            ecep:spe="Near"
            ecep:syllab="1"
            ecep:pron="nɪə">Near</w>
         <c> </c>
         <w xml:id="o3900-475800"
            n="231-a-1020"
            ecep:lem="himself"
            ecep:pos="px31"
            ecep:reg="Himself"
            ecep:spe="Himself"
            ecep:syllab="2"
            ecep:pron="hɪmˈself">Himself</w>
         <c> </c>
         <w xml:id="o3900-475810"
            n="231-a-1030"
            ecep:lem="prepare"
            ecep:pos="vvz"
            ecep:reg="prepares"
            ecep:spe="prepares"
            ecep:syllab="2"
            ecep:pron="prɪˈpeəz">prepares</w>
         <c> </c>
         <w xml:id="o3900-475820"
            n="231-a-1040"
            ecep:lem="our"
            ecep:pos="po12"
            ecep:reg="our"
            ecep:spe="our"
            ecep:syllab="1"
            ecep:pron="æə">our</w>
         <c> </c>
         <w xml:id="o3900-475830"
            n="231-a-1050"
            ecep:lem="place"
            ecep:pos="n1"
            ecep:reg="Place"
            ecep:spe="Place"
            ecep:syllab="1"
            ecep:pron="pleɪs">Place</w>
         <pc xml:id="o3900-475840"
             n="231-a-1060"
             ecep:lem=","
             ecep:pos=","
             ecep:reg=","
             ecep:spe=",">,</pc>
      </l>
      <l xml:id="o3900-l24955">
         <c> </c>
         <w xml:id="o3900-475850"
            n="231-a-1070"
            ecep:lem="Harbinger"
            ecep:pos="np1"
            ecep:reg="Harbinger"
            ecep:spe="Harbinger"
            ecep:syllab="3"
            ecep:pron="ˈhɑːbɪndʒə">Harbinger</w>
         <c> </c>
         <w xml:id="o3900-475860"
            n="231-a-1080"
            ecep:lem="of"
            ecep:pos="pp-f"
            ecep:reg="of"
            ecep:spe="of"
            ecep:syllab="1"
            ecep:pron="ɒv">of</w>
         <c> </c>
         <w xml:id="o3900-475870"
            n="231-a-1090"
            ecep:lem="human"
            ecep:pos="j"
            ecep:reg="human"
            ecep:spe="human"
            ecep:syllab="2"
            ecep:pron="ˈhjuːmən">human</w>
         <c> </c>
         <w xml:id="o3900-475880"
            n="231-a-1100"
            ecep:lem="race"
            ecep:pos="n1"
            ecep:reg="Race"
            ecep:spe="Race"
            ecep:syllab="1"
            ecep:pron="reɪs">Race</w>
         <pc xml:id="o3900-475890"
             n="231-a-1110"
             unit="sentence"
             ecep:lem="."
             ecep:pos="."
             ecep:reg="."
             ecep:spe=".">.</pc>
         <c> </c>
      </l>
   </lg>
   <lg n="7" xml:id="o3900-s04755">
      <head>
         <w xml:id="o3900-475930"
            n="231-a-1120"
            ecep:lem="vii"
            ecep:pos="crd"
            ecep:reg="VII"
            ecep:spe="VII"
            ecep:syllab="1"
            ecep:pron="rˌəʊmənsˈevən">VII</w>
         <pc xml:id="o3900-475940"
             n="231-a-1130"
             unit="sentence"
             ecep:lem="."
             ecep:pos="."
             ecep:reg="."
             ecep:spe=".">.</pc>
      </head>
      <l xml:id="o3900-l24960">
         <w xml:id="o3900-475960"
            n="231-a-1140"
            ecep:lem="master"
            ecep:pos="n1"
            ecep:reg="Master"
            ecep:spe="Master"
            ecep:syllab="2"
            ecep:pron="ˈmɑːstə">Master</w>
         <pc xml:id="o3900-475970"
             n="231-a-1150"
             ecep:lem=","
             ecep:pos=","
             ecep:reg=","
             ecep:spe=",">,</pc>
         <c> </c>
         <pc xml:id="o3900-475980"
             n="231-a-1160"
             ecep:lem="("
             ecep:pos="("
             ecep:reg="("
             ecep:spe="(">(</pc>
         <w xml:id="o3900-475990"
            n="231-a-1170"
            ecep:lem="will"
            ecep:pos="vmb"
            ecep:reg="will"
            ecep:spe="will"
            ecep:syllab="1"
            ecep:pron="wɪl">will</w>
         <c> </c>
         <w xml:id="o3900-476000"
            n="231-a-1180"
            ecep:lem="we"
            ecep:pos="pns12"
            ecep:reg="we"
            ecep:spe="we"
            ecep:syllab="1"
            ecep:pron="wiː">we</w>
         <c> </c>
         <w xml:id="o3900-476010"
            n="231-a-1190"
            ecep:lem="ever"
            ecep:pos="av"
            ecep:reg="ever"
            ecep:spe="ever"
            ecep:syllab="2"
            ecep:pron="ˈevə">ever</w>
         <c> </c>
         <w xml:id="o3900-476020"
            n="231-a-1200"
            ecep:lem="say"
            ecep:pos="vvi"
            ecep:reg="say"
            ecep:spe="say"
            ecep:syllab="1"
            ecep:pron="seɪ">say</w>
         <pc xml:id="o3900-476030"
             n="231-a-1210"
             ecep:lem=")"
             ecep:pos=")"
             ecep:reg=")"
             ecep:spe=")">)</pc>
      </l>
      <l xml:id="o3900-l24965">
         <c> </c>
         <w xml:id="o3900-476040"
            n="231-a-1220"
            ecep:lem="take"
            ecep:pos="vvn"
            ecep:reg="Taken"
            ecep:spe="Taken"
            ecep:syllab="2"
            ecep:pron="ˈteɪkn">Taken</w>
         <c> </c>
         <w xml:id="o3900-476050"
            n="231-a-1230"
            ecep:lem="from"
            ecep:pos="p-acp"
            ecep:reg="from"
            ecep:spe="from"
            ecep:syllab="1"
            ecep:pron="frɒm">from</w>
         <c> </c>
         <w xml:id="o3900-476060"
            n="231-a-1240"
            ecep:lem="our"
            ecep:pos="po12"
            ecep:reg="our"
            ecep:spe="our"
            ecep:syllab="1"
            ecep:pron="æə">our</w>
         <c> </c>
         <w xml:id="o3900-476070"
            n="231-a-1250"
            ecep:lem="head"
            ecep:pos="n1"
            ecep:reg="Head"
            ecep:spe="Head"
            ecep:syllab="1"
            ecep:pron="hed">Head</w>
         <c> </c>
         <w xml:id="o3900-476080"
            n="231-a-1260"
            ecep:lem="today"
            ecep:pos="av-an"
            ecep:reg="Today"
            ecep:spe="To-day"
            ecep:syllab="2"
            ecep:pron="təˈdeɪ">To-day</w>
         <pc xml:id="o3900-476090"
             n="231-a-1270"
             ecep:lem=";"
             ecep:pos=";"
             ecep:reg=";"
             ecep:spe=";">;</pc>
      </l>
      <l xml:id="o3900-l24970">
         <c> </c>
         <w xml:id="o3900-476100"
            n="231-a-1280"
            ecep:lem="see"
            ecep:pos="vvb"
            ecep:reg="See"
            ecep:spe="See"
            ecep:syllab="1"
            ecep:pron="siː">See</w>
         <c> </c>
         <w xml:id="o3900-476110"
            n="231-a-1290"
            ecep:lem="thy"
            ecep:pos="po21"
            ecep:reg="thy"
            ecep:spe="thy"
            ecep:syllab="1"
            ecep:pron="ðaɪ">thy</w>
         <c> </c>
         <w xml:id="o3900-476120"
            n="231-a-1300"
            ecep:lem="faithful"
            ecep:pos="j"
            ecep:reg="faithful"
            ecep:spe="faithful"
            ecep:syllab="2"
            ecep:pron="ˈfeɪθfl">faithful</w>
         <c> </c>
         <w xml:id="o3900-476130"
            n="231-a-1310"
            ecep:lem="servant"
            ecep:pos="n2"
            ecep:reg="Servants"
            ecep:spe="Servants"
            ecep:syllab="2"
            ecep:pron="ˈsɜːvnts">Servants</w>
         <pc xml:id="o3900-476140"
             n="231-a-1320"
             ecep:lem=","
             ecep:pos=","
             ecep:reg=","
             ecep:spe=",">,</pc>
         <c> </c>
         <w xml:id="o3900-476150"
            n="231-a-1330"
            ecep:lem="see"
            ecep:pos="vvb"
            ecep:reg="see"
            ecep:spe="see"
            ecep:syllab="1"
            ecep:pron="siː">see</w>
         <pc xml:id="o3900-476160"
             n="231-a-1340"
             unit="sentence"
             ecep:lem="!"
             ecep:pos="!"
             ecep:reg="!"
             ecep:spe="!">!</pc>
         <c> </c>
      </l>
      <l xml:id="o3900-l24975">
         <w xml:id="o3900-476170"
            n="231-a-1350"
            ecep:lem="ever"
            ecep:pos="av"
            ecep:reg="Ever"
            ecep:spe="Ever"
            ecep:syllab="2"
            ecep:pron="ˈevə">Ever</w>
         <c> </c>
         <w xml:id="o3900-476180"
            n="231-a-1360"
            ecep:lem="gaze"
            ecep:pos="vvg"
            ecep:reg="gazing"
            ecep:spe="gazing"
            ecep:syllab="2"
            ecep:pron="geɪzɪŋ">gazing</w>
         <c> </c>
         <w xml:id="o3900-476190"
            n="231-a-1370"
            ecep:lem="up"
            ecep:pos="a-acp"
            ecep:reg="up"
            ecep:spe="up"
            ecep:syllab="1"
            ecep:pron="ʌp">up</w>
         <c> </c>
         <w xml:id="o3900-476200"
            n="231-a-1380"
            ecep:lem="to"
            ecep:pos="p-acp"
            ecep:reg="to"
            ecep:spe="to"
            ecep:syllab="1"
            ecep:pron="tuː">to</w>
         <c> </c>
         <w xml:id="o3900-476210"
            n="231-a-1390"
            ecep:lem="thou"
            ecep:pos="pno21"
            ecep:reg="Thee"
            ecep:spe="Thee"
            ecep:syllab="1"
            ecep:pron="ðiː">Thee</w>
         <pc xml:id="o3900-476220"
             n="231-a-1400"
             unit="sentence"
             ecep:lem="."
             ecep:pos="."
             ecep:reg="."
             ecep:spe=".">.</pc>
         <c> </c>
      </l>
   </lg>
   <lg n="8" xml:id="o3900-s04760">
      <head>
         <w xml:id="o3900-476260"
            n="231-a-1410"
            ecep:lem="viii"
            ecep:pos="crd"
            ecep:reg="VIII"
            ecep:spe="VIII"
            ecep:syllab="1"
            ecep:pron="rˌəʊmənˈeɪt">VIII</w>
         <pc xml:id="o3900-476270"
             n="231-a-1420"
             unit="sentence"
             ecep:lem="."
             ecep:pos="."
             ecep:reg="."
             ecep:spe=".">.</pc>
      </head>
      <l xml:id="o3900-l24980">
         <w xml:id="o3900-476290"
            n="231-a-1430"
            ecep:lem="grant"
            ecep:pos="n1"
            ecep:reg="Grant"
            ecep:spe="Grant"
            ecep:syllab="1"
            ecep:pron="grɑːnt">Grant</w>
         <pc xml:id="o3900-476300"
             n="231-a-1440"
             ecep:lem=","
             ecep:pos=","
             ecep:reg=","
             ecep:spe=",">,</pc>
         <c> </c>
         <w xml:id="o3900-476310"
            n="231-a-1450"
            ecep:lem="though"
            ecep:pos="c-acp"
            ecep:reg="though"
            ecep:spe="tho'"
            ecep:syllab="1"
            ecep:pron="ðəʊ">tho'</w>
         <c> </c>
         <w xml:id="o3900-476320"
            n="231-a-1460"
            ecep:lem="part"
            ecep:pos="vvn"
            ecep:reg="parted"
            ecep:spe="parted"
            ecep:syllab="2"
            ecep:pron="pɑːtɪd">parted</w>
         <c> </c>
         <w xml:id="o3900-476330"
            n="231-a-1470"
            ecep:lem="from"
            ecep:pos="p-acp"
            ecep:reg="from"
            ecep:spe="from"
            ecep:syllab="1"
            ecep:pron="frɒm">from</w>
         <c> </c>
         <w xml:id="o3900-476340"
            n="231-a-1480"
            ecep:lem="our"
            ecep:pos="po12"
            ecep:reg="our"
            ecep:spe="our"
            ecep:syllab="1"
            ecep:pron="æə">our</w>
         <c> </c>
         <w xml:id="o3900-476350"
            n="231-a-1490"
            ecep:lem="sight"
            ecep:pos="n1"
            ecep:reg="Sight"
            ecep:spe="Sight"
            ecep:syllab="1"
            ecep:pron="saɪt">Sight</w>
         <pc xml:id="o3900-476360"
             n="231-a-1500"
             ecep:lem=","
             ecep:pos=","
             ecep:reg=","
             ecep:spe=",">,</pc>
      </l>
      <l xml:id="o3900-l24985">
         <c> </c>
         <w xml:id="o3900-476370"
            n="231-a-1510"
            ecep:lem="high"
            ecep:pos="j"
            ecep:reg="High"
            ecep:spe="High"
            ecep:syllab="1"
            ecep:pron="haɪ">High</w>
         <c> </c>
         <w xml:id="o3900-476380"
            n="231-a-1520"
            ecep:lem="above"
            ecep:pos="p-acp"
            ecep:reg="above"
            ecep:spe="above"
            ecep:syllab="2"
            ecep:pron="əˈbʌv">above</w>
         <c> </c>
         <w xml:id="o3900-476390"
            n="231-a-1530"
            ecep:lem="yond"
            ecep:pos="d"
            ecep:reg="yonder"
            ecep:spe="yon"
            ecep:syllab="1"
            ecep:pron="jɒn">yon</w>
         <c> </c>
         <w xml:id="o3900-476400"
            n="231-a-1540"
            ecep:lem="azure"
            ecep:pos="j-jn"
            ecep:reg="azure"
            ecep:spe="azure"
            ecep:syllab="2"
            ecep:pron="ˈæzjʊə">azure</w>
         <c> </c>
         <w xml:id="o3900-476410"
            n="231-a-1550"
            ecep:lem="height"
            ecep:pos="n1"
            ecep:reg="Height"
            ecep:spe="Height"
            ecep:syllab="1"
            ecep:pron="haɪt">Height</w>
         <pc xml:id="o3900-476420"
             n="231-a-1560"
             ecep:lem=","
             ecep:pos=","
             ecep:reg=","
             ecep:spe=",">,</pc>
      </l>
      <l xml:id="o3900-l24990">
         <c> </c>
         <w xml:id="o3900-476430"
            n="231-a-1570"
            ecep:lem="grant"
            ecep:pos="vvb"
            ecep:reg="Grant"
            ecep:spe="Grant"
            ecep:syllab="1"
            ecep:pron="grɑːnt">Grant</w>
         <c> </c>
         <w xml:id="o3900-476440"
            n="231-a-1580"
            ecep:lem="our"
            ecep:pos="po12"
            ecep:reg="our"
            ecep:spe="our"
            ecep:syllab="1"
            ecep:pron="æə">our</w>
         <c> </c>
         <w xml:id="o3900-476450"
            n="231-a-1590"
            ecep:lem="heart"
            ecep:pos="n2"
            ecep:reg="Hearts"
            ecep:spe="Hearts"
            ecep:syllab="1"
            ecep:pron="hɑːts">Hearts</w>
         <c> </c>
         <w xml:id="o3900-476460"
            n="231-a-1600"
            ecep:lem="may"
            ecep:pos="vmb"
            ecep:reg="may"
            ecep:spe="may"
            ecep:syllab="1"
            ecep:pron="meɪ">may</w>
         <c> </c>
         <w xml:id="o3900-476470"
            n="231-a-1610"
            ecep:lem="thither"
            ecep:pos="av"
            ecep:reg="thither"
            ecep:spe="thither"
            ecep:syllab="2"
            ecep:pron="ˈðɪðə">thither</w>
         <c> </c>
         <w xml:id="o3900-476480"
            n="231-a-1620"
            ecep:lem="rise"
            ecep:pos="vvi"
            ecep:reg="rise"
            ecep:spe="rise"
            ecep:syllab="1"
            ecep:pron="raɪz">rise</w>
         <pc xml:id="o3900-476490"
             n="231-a-1630"
             ecep:lem=","
             ecep:pos=","
             ecep:reg=","
             ecep:spe=",">,</pc>
      </l>
      <l xml:id="o3900-l24995">
         <c> </c>
         <w xml:id="o3900-476500"
            n="231-a-1640"
            ecep:lem="follow"
            ecep:pos="vvg"
            ecep:reg="Following"
            ecep:spe="Following"
            ecep:syllab="3"
            ecep:pron="ˈfɒləʊɪŋ">Following</w>
         <c> </c>
         <w xml:id="o3900-476510"
            n="231-a-1650"
            ecep:lem="thou"
            ecep:pos="pno21"
            ecep:reg="Thee"
            ecep:spe="Thee"
            ecep:syllab="1"
            ecep:pron="ðiː">Thee</w>
         <c> </c>
         <w xml:id="o3900-476520"
            n="231-a-1660"
            ecep:lem="beyond"
            ecep:pos="p-acp"
            ecep:reg="beyond"
            ecep:spe="beyond"
            ecep:syllab="2"
            ecep:pron="biˈɒnd">beyond</w>
         <c> </c>
         <w xml:id="o3900-476530"
            n="231-a-1670"
            ecep:lem="the"
            ecep:pos="dt"
            ecep:reg="the"
            ecep:spe="the"
            ecep:syllab="1"
            ecep:pron="ðiː">the</w>
         <c> </c>
         <w xml:id="o3900-476540"
            n="231-a-1680"
            ecep:lem="sky"
            ecep:pos="n2"
            ecep:reg="Skies"
            ecep:spe="Skies"
            ecep:syllab="1"
            ecep:pron="skaɪz">Skies</w>
         <pc xml:id="o3900-476550"
             n="231-a-1690"
             unit="sentence"
             ecep:lem="."
             ecep:pos="."
             ecep:reg="."
             ecep:spe=".">.</pc>
         <c> </c>
      </l>
   </lg>
   <pb facs="o3900/0239" n="213" rend="none"/>
   <lg n="9" xml:id="o3900-s04765">
      <head>
         <w xml:id="o3900-476590"
            n="232-a-0010"
            ecep:lem="ix"
            ecep:pos="crd"
            ecep:reg="IX"
            ecep:spe="IX"
            ecep:syllab="1"
            ecep:pron="rˌəʊmənnˈaɪn">IX</w>
         <pc xml:id="o3900-476600"
             n="232-a-0020"
             unit="sentence"
             ecep:lem="."
             ecep:pos="."
             ecep:reg="."
             ecep:spe=".">.</pc>
      </head>
      <l xml:id="o3900-l25000">
         <w xml:id="o3900-476620"
            n="232-a-0030"
            ecep:lem="ever"
            ecep:pos="av"
            ecep:reg="Ever"
            ecep:spe="Ever"
            ecep:syllab="2"
            ecep:pron="ˈevə">Ever</w>
         <c> </c>
         <w xml:id="o3900-476630"
            n="232-a-0040"
            ecep:lem="upward"
            ecep:pos="av-j"
            ecep:reg="upward"
            ecep:spe="upward"
            ecep:syllab="2"
            ecep:pron="ˈʌpwəd">upward</w>
         <c> </c>
         <w xml:id="o3900-476640"
            n="232-a-0050"
            ecep:lem="let"
            ecep:pos="vvb"
            ecep:reg="let"
            ecep:spe="let"
            ecep:syllab="1"
            ecep:pron="let">let</w>
         <c> </c>
         <w xml:id="o3900-476650"
            n="232-a-0060"
            ecep:lem="we"
            ecep:pos="pno12"
            ecep:reg="us"
            ecep:spe="us"
            ecep:syllab="1"
            ecep:pron="ʌs">us</w>
         <c> </c>
         <w xml:id="o3900-476660"
            n="232-a-0070"
            ecep:lem="move"
            ecep:pos="vvi"
            ecep:reg="move"
            ecep:spe="move"
            ecep:syllab="1"
            ecep:pron="muːv">move</w>
         <pc xml:id="o3900-476670"
             n="232-a-0080"
             ecep:lem=","
             ecep:pos=","
             ecep:reg=","
             ecep:spe=",">,</pc>
      </l>
      <l xml:id="o3900-l25005">
         <c> </c>
         <w xml:id="o3900-476680"
            n="232-a-0090"
            ecep:lem="waft"
            ecep:pos="vvn"
            ecep:reg="Wafted"
            ecep:spe="Wafted"
            ecep:syllab="2"
            ecep:pron="wɒftɪd">Wafted</w>
         <c> </c>
         <w xml:id="o3900-476690"
            n="232-a-0100"
            ecep:lem="on"
            ecep:pos="p-acp"
            ecep:reg="on"
            ecep:spe="on"
            ecep:syllab="1"
            ecep:pron="ɒn">on</w>
         <c> </c>
         <w xml:id="o3900-476700"
            n="232-a-0110"
            ecep:lem="the"
            ecep:pos="dt"
            ecep:reg="the"
            ecep:spe="the"
            ecep:syllab="1"
            ecep:pron="ðiː">the</w>
         <c> </c>
         <w xml:id="o3900-476710"
            n="232-a-0120"
            ecep:lem="wing"
            ecep:pos="n2"
            ecep:reg="Wings"
            ecep:spe="Wings"
            ecep:syllab="1"
            ecep:pron="wɪŋz">Wings</w>
         <c> </c>
         <w xml:id="o3900-476720"
            n="232-a-0130"
            ecep:lem="of"
            ecep:pos="pp-f"
            ecep:reg="of"
            ecep:spe="of"
            ecep:syllab="1"
            ecep:pron="ɒv">of</w>
         <c> </c>
         <w xml:id="o3900-476730"
            n="232-a-0140"
            ecep:lem="love"
            ecep:pos="n1"
            ecep:reg="Love"
            ecep:spe="Love"
            ecep:syllab="1"
            ecep:pron="lʌv">Love</w>
         <pc xml:id="o3900-476740"
             n="232-a-0150"
             ecep:lem=","
             ecep:pos=","
             ecep:reg=","
             ecep:spe=",">,</pc>
      </l>
      <l xml:id="o3900-l25010">
         <c> </c>
         <w xml:id="o3900-476750"
            n="232-a-0160"
            ecep:lem="look"
            ecep:pos="vvg"
            ecep:reg="Looking"
            ecep:spe="Looking"
            ecep:syllab="2"
            ecep:pron="lʊkɪŋ">Looking</w>
         <c> </c>
         <w xml:id="o3900-476760"
            n="232-a-0170"
            ecep:lem="when"
            ecep:pos="c-crq"
            ecep:reg="when"
            ecep:spe="when"
            ecep:syllab="1"
            ecep:pron="wen">when</w>
         <c> </c>
         <w xml:id="o3900-476770"
            n="232-a-0180"
            ecep:lem="our"
            ecep:pos="po12"
            ecep:reg="our"
            ecep:spe="our"
            ecep:syllab="1"
            ecep:pron="æə">our</w>
         <c> </c>
         <w xml:id="o3900-476780"
            n="232-a-0190"
            ecep:lem="lord"
            ecep:pos="n1"
            ecep:reg="LORD"
            ecep:spe="LORD"
            ecep:syllab="1"
            ecep:pron="lɔːd">LORD</w>
         <c> </c>
         <w xml:id="o3900-476790"
            n="232-a-0200"
            ecep:lem="shall"
            ecep:pos="vmb"
            ecep:reg="shall"
            ecep:spe="shall"
            ecep:syllab="1"
            ecep:pron="ʃæl">shall</w>
         <c> </c>
         <w xml:id="o3900-476800"
            n="232-a-0210"
            ecep:lem="come"
            ecep:pos="vvi"
            ecep:reg="come"
            ecep:spe="come"
            ecep:syllab="1"
            ecep:pron="kʌm">come</w>
         <pc xml:id="o3900-476810"
             n="232-a-0220"
             ecep:lem=","
             ecep:pos=","
             ecep:reg=","
             ecep:spe=",">,</pc>
      </l>
      <l xml:id="o3900-l25015">
         <c> </c>
         <w xml:id="o3900-476820"
            n="232-a-0230"
            ecep:lem="longing"
            ecep:pos="n1"
            ecep:reg="Longing"
            ecep:spe="Longing"
            ecep:syllab="2"
            ecep:pron="ˈlɒŋɪŋ">Longing</w>
         <pc xml:id="o3900-476830"
             n="232-a-0240"
             ecep:lem=","
             ecep:pos=","
             ecep:reg=","
             ecep:spe=",">,</pc>
         <c> </c>
         <w xml:id="o3900-476840"
            n="232-a-0250"
            ecep:lem="gasp"
            ecep:pos="vvg"
            ecep:reg="gasping"
            ecep:spe="gasping"
            ecep:syllab="2"
            ecep:pron="gɑːspɪŋ">gasping</w>
         <c> </c>
         <w xml:id="o3900-476850"
            n="232-a-0260"
            ecep:lem="after"
            ecep:pos="p-acp"
            ecep:reg="after"
            ecep:spe="after"
            ecep:syllab="2"
            ecep:pron="ˈɑːftə">after</w>
         <c> </c>
         <w xml:id="o3900-476860"
            n="232-a-0270"
            ecep:lem="home"
            ecep:pos="av-an"
            ecep:reg="Home"
            ecep:spe="Home"
            ecep:syllab="1"
            ecep:pron="həʊm">Home</w>
         <pc xml:id="o3900-476870"
             n="232-a-0280"
             unit="sentence"
             ecep:lem="."
             ecep:pos="."
             ecep:reg="."
             ecep:spe=".">.</pc>
         <c> </c>
      </l>
   </lg>
   <lg n="10" xml:id="o3900-s04770">
      <head>
         <w xml:id="o3900-476910"
            n="232-a-0290"
            ecep:lem="x."
            ecep:pos="crd"
            ecep:reg="X"
            ecep:spe="X."
            ecep:syllab="1"
            ecep:pron="ˈeks">X.</w>
         <pc unit="sentence" xml:id="o3900-476910-eos" n="232-a-0300"/>
      </head>
      <l xml:id="o3900-l25020">
         <w xml:id="o3900-476930"
            n="232-a-0310"
            ecep:lem="there"
            ecep:pos="a-acp"
            ecep:reg="There"
            ecep:spe="There"
            ecep:syllab="1"
            ecep:pron="ðeə">There</w>
         <c> </c>
         <w xml:id="o3900-476940"
            n="232-a-0320"
            ecep:lem="we"
            ecep:pos="pns12"
            ecep:reg="we"
            ecep:spe="we"
            ecep:syllab="1"
            ecep:pron="wiː">we</w>
         <c> </c>
         <w xml:id="o3900-476950"
            n="232-a-0330"
            ecep:lem="shall"
            ecep:pos="vmb"
            ecep:reg="shall"
            ecep:spe="shall"
            ecep:syllab="1"
            ecep:pron="ʃæl">shall</w>
         <c> </c>
         <w xml:id="o3900-476960"
            n="232-a-0340"
            ecep:lem="with"
            ecep:pos="p-acp"
            ecep:reg="with"
            ecep:spe="with"
            ecep:syllab="1"
            ecep:pron="wɪð">with</w>
         <c> </c>
         <w xml:id="o3900-476970"
            n="232-a-0350"
            ecep:lem="thou"
            ecep:pos="pno21"
            ecep:reg="Thee"
            ecep:spe="Thee"
            ecep:syllab="1"
            ecep:pron="ðiː">Thee</w>
         <c> </c>
         <w xml:id="o3900-476980"
            n="232-a-0360"
            ecep:lem="remain"
            ecep:pos="vvi"
            ecep:reg="remain"
            ecep:spe="remain"
            ecep:syllab="2"
            ecep:pron="rɪˈmeɪn">remain</w>
         <pc xml:id="o3900-476990"
             n="232-a-0370"
             ecep:lem=","
             ecep:pos=","
             ecep:reg=","
             ecep:spe=",">,</pc>
      </l>
      <l xml:id="o3900-l25025">
         <c> </c>
         <w xml:id="o3900-477000"
            n="232-a-0380"
            ecep:lem="partner"
            ecep:pos="n2"
            ecep:reg="Partners"
            ecep:spe="Partners"
            ecep:syllab="2"
            ecep:pron="ˈpɑːtnəz">Partners</w>
         <c> </c>
         <w xml:id="o3900-477010"
            n="232-a-0390"
            ecep:lem="of"
            ecep:pos="pp-f"
            ecep:reg="of"
            ecep:spe="of"
            ecep:syllab="1"
            ecep:pron="ɒv">of</w>
         <c> </c>
         <w xml:id="o3900-477020"
            n="232-a-0400"
            ecep:lem="thy"
            ecep:pos="po21"
            ecep:reg="thy"
            ecep:spe="thy"
            ecep:syllab="1"
            ecep:pron="ðaɪ">thy</w>
         <c> </c>
         <w xml:id="o3900-477030"
            n="232-a-0410"
            ecep:lem="endless"
            ecep:pos="j"
            ecep:reg="endless"
            ecep:spe="endless"
            ecep:syllab="2"
            ecep:pron="ˈendləs">endless</w>
         <c> </c>
         <w xml:id="o3900-477040"
            n="232-a-0420"
            ecep:lem="reign"
            ecep:pos="n1"
            ecep:reg="Reign"
            ecep:spe="Reign"
            ecep:syllab="1"
            ecep:pron="reɪn">Reign</w>
         <pc xml:id="o3900-477050"
             n="232-a-0430"
             ecep:lem=","
             ecep:pos=","
             ecep:reg=","
             ecep:spe=",">,</pc>
      </l>
      <l xml:id="o3900-l25030">
         <c> </c>
         <w xml:id="o3900-477060"
            n="232-a-0440"
            ecep:lem="there"
            ecep:pos="a-acp"
            ecep:reg="There"
            ecep:spe="There"
            ecep:syllab="1"
            ecep:pron="ðeə">There</w>
         <c> </c>
         <w xml:id="o3900-477070"
            n="232-a-0450"
            ecep:lem="thy"
            ecep:pos="po21"
            ecep:reg="thy"
            ecep:spe="thy"
            ecep:syllab="1"
            ecep:pron="ðaɪ">thy</w>
         <c> </c>
         <w xml:id="o3900-477080"
            n="232-a-0460"
            ecep:lem="face"
            ecep:pos="n1"
            ecep:reg="Face"
            ecep:spe="Face"
            ecep:syllab="1"
            ecep:pron="feɪs">Face</w>
         <c> </c>
         <w xml:id="o3900-477090"
            n="232-a-0470"
            ecep:lem="unclouded"
            ecep:pos="j"
            ecep:reg="unclouded"
            ecep:spe="unclouded"
            ecep:syllab="3"
            ecep:pron="ʌnˈklaʊdɪd">unclouded</w>
         <c> </c>
         <w xml:id="o3900-477100"
            n="232-a-0480"
            ecep:lem="see"
            ecep:pos="vvi"
            ecep:reg="see"
            ecep:spe="see"
            ecep:syllab="1"
            ecep:pron="siː">see</w>
         <pc xml:id="o3900-477110"
             n="232-a-0490"
             ecep:lem=","
             ecep:pos=","
             ecep:reg=","
             ecep:spe=",">,</pc>
      </l>
      <l xml:id="o3900-l25035">
         <c> </c>
         <w xml:id="o3900-477120"
            n="232-a-0500"
            ecep:lem="find"
            ecep:pos="vvb"
            ecep:reg="Find"
            ecep:spe="Find"
            ecep:syllab="1"
            ecep:pron="faɪnd">Find</w>
         <c> </c>
         <w xml:id="o3900-477130"
            n="232-a-0510"
            ecep:lem="our"
            ecep:pos="po12"
            ecep:reg="our"
            ecep:spe="our"
            ecep:syllab="1"
            ecep:pron="æə">our</w>
         <c> </c>
         <w xml:id="o3900-477140"
            n="232-a-0520"
            ecep:lem="heaven"
            ecep:pos="n1"
            ecep:reg="Heaven"
            ecep:spe="Heav'n"
            ecep:syllab="1"
            ecep:pron="ˈhevn">Heav'n</w>
         <c> </c>
         <w xml:id="o3900-477150"
            n="232-a-0530"
            ecep:lem="of"
            ecep:pos="pp-f"
            ecep:reg="of"
            ecep:spe="of"
            ecep:syllab="1"
            ecep:pron="ɒv">of</w>
         <c> </c>
         <w xml:id="o3900-477160"
            n="232-a-0540"
            ecep:lem="heaven"
            ecep:pos="n2"
            ecep:reg="Heavens"
            ecep:spe="Heav'ns"
            ecep:syllab="1"
            ecep:pron="ˈhevnz">Heav'ns</w>
         <c> </c>
         <w xml:id="o3900-477170"
            n="232-a-0550"
            ecep:lem="in"
            ecep:pos="p-acp"
            ecep:reg="in"
            ecep:spe="in"
            ecep:syllab="1"
            ecep:pron="ɪn">in</w>
         <c> </c>
         <w xml:id="o3900-477180"
            n="232-a-0560"
            ecep:lem="thou"
            ecep:pos="pno21"
            ecep:reg="Thee"
            ecep:spe="Thee"
            ecep:syllab="1"
            ecep:pron="ðiː">Thee</w>
         <pc xml:id="o3900-477190"
             n="232-a-0570"
             unit="sentence"
             ecep:lem="!"
             ecep:pos="!"
             ecep:reg="!"
             ecep:spe="!">!</pc>
         <c> </c>
      </l>
   </lg>
</div>
