<?xml version="1.0" encoding="utf-8"?>
<!DOCTYPE div
  SYSTEM "about:legacy-compat">
<div xmlns:ecep="http://www.eighteenthcenturypoetry.org/ns"
     xmlns="http://www.tei-c.org/ns/1.0"
     xmlns:tei="http://www.tei-c.org/ns/1.0"
     ana="#trochee #tetrameter #couplet #pair #occasional #catalexis"
     corresp="#txt_JoneMa1707_w0051"
     decls="#semi-normalized"
     ecep:syllab="7"
     met="+-|+-|+-|+/"
     rendition="#lgvspace"
     rhyme="aa"
     subtype="eceptext"
     type="poem"
     xml:id="pjo50-w0510">
   <link target="authors.xml#aut_JoneMa1707" type="author"/>
   <head type="main">
      <w xml:id="pjo50-409610"
         n="a-0610"
         ecep:lem="birthday"
         ecep:pos="n1"
         ecep:reg="BIRTH-DAY"
         ecep:spe="BIRTH-DAY"
         ecep:syllab="2"
         ecep:pron="bɜːθˌdeɪ">BIRTH-DAY</w>
      <pc xml:id="pjo50-409620"
          n="a-0620"
          unit="sentence"
          ecep:lem="."
          ecep:pos="."
          ecep:reg="."
          ecep:spe=".">.</pc>
   </head>
   <lg xml:id="pjo50-s01480">
      <l n="1" xml:id="pjo50-l13165">
         <hi rendition="#sc">
            <w xml:id="pjo50-409650"
               n="a-0630"
               ecep:lem="come"
               ecep:pos="vvb"
               ecep:reg="Come"
               ecep:spe="Come"
               ecep:syllab="1"
               ecep:pron="kʌm">Come</w>
         </hi>
         <pc xml:id="pjo50-409660"
             n="a-0640"
             ecep:lem=","
             ecep:pos=","
             ecep:reg=","
             ecep:spe=",">,</pc>
         <c> </c>
         <w xml:id="pjo50-409670"
            n="a-0650"
            ecep:lem="my"
            ecep:pos="po11"
            ecep:reg="my"
            ecep:spe="my"
            ecep:syllab="1"
            ecep:pron="maɪ">my</w>
         <c> </c>
         <w xml:id="pjo50-409680"
            n="a-0660"
            ecep:lem="muse"
            ecep:pos="n1"
            ecep:reg="Muse"
            ecep:spe="Muse"
            ecep:syllab="1"
            ecep:pron="mjuːz">Muse</w>
         <pc xml:id="pjo50-409690"
             n="a-0670"
             ecep:lem=","
             ecep:pos=","
             ecep:reg=","
             ecep:spe=",">,</pc>
         <c> </c>
         <w xml:id="pjo50-409700"
            n="a-0680"
            ecep:lem="prepare"
            ecep:pos="vvb"
            ecep:reg="prepare"
            ecep:spe="prepare"
            ecep:syllab="2"
            ecep:pron="prɪˈpeə">prepare</w>
         <c> </c>
         <w xml:id="pjo50-409710"
            n="a-0690"
            ecep:lem="the"
            ecep:pos="dt"
            ecep:reg="the"
            ecep:spe="the"
            ecep:syllab="1"
            ecep:pron="ðə">the</w>
         <c> </c>
         <w xml:id="pjo50-409720"
            n="a-0700"
            ecep:lem="lay"
            ecep:pos="n-jn"
            ecep:reg="lay"
            ecep:spe="lay"
            ecep:syllab="1"
            ecep:pron="leɪ">lay</w>
         <pc xml:id="pjo50-409730"
             n="a-0710"
             ecep:lem=","
             ecep:pos=","
             ecep:reg=","
             ecep:spe=",">,</pc>
      </l>
      <l n="2" xml:id="pjo50-l13170">
         <c> </c>
         <w xml:id="pjo50-409740"
            n="a-0720"
            ecep:lem="once"
            ecep:pos="a-acp"
            ecep:reg="Once"
            ecep:spe="Once"
            ecep:syllab="1"
            ecep:pron="wʌns">Once</w>
         <c> </c>
         <w xml:id="pjo50-409750"
            n="a-0730"
            ecep:lem="more"
            ecep:pos="av-dc"
            ecep:reg="more"
            ecep:spe="more"
            ecep:syllab="1"
            ecep:pron="mɔː">more</w>
         <c> </c>
         <w xml:id="pjo50-409760"
            n="a-0740"
            ecep:lem="hail"
            ecep:pos="vvi"
            ecep:reg="hail"
            ecep:spe="hail"
            ecep:syllab="1"
            ecep:pron="heɪl">hail</w>
         <c> </c>
         <w xml:id="pjo50-409770"
            n="a-0750"
            ecep:lem="this"
            ecep:pos="d"
            ecep:reg="this"
            ecep:spe="this"
            ecep:syllab="1"
            ecep:pron="ðɪs">this</w>
         <c> </c>
         <w xml:id="pjo50-409780"
            n="a-0760"
            ecep:lem="happy"
            ecep:pos="j"
            ecep:reg="happy"
            ecep:spe="happy"
            ecep:syllab="2"
            ecep:pron="ˈhæpɪ">happy</w>
         <c> </c>
         <w xml:id="pjo50-409790"
            n="a-0770"
            ecep:lem="day"
            ecep:pos="n1"
            ecep:reg="Day"
            ecep:spe="Day"
            ecep:syllab="1"
            ecep:pron="deɪ">Day</w>
         <pc xml:id="pjo50-409800"
             n="a-0780"
             unit="sentence"
             ecep:lem="."
             ecep:pos="."
             ecep:reg="."
             ecep:spe=".">.</pc>
         <c> </c>
      </l>
      <l n="3" xml:id="pjo50-l13175">
         <w xml:id="pjo50-409810"
            n="a-0790"
            ecep:lem="bid"
            ecep:pos="vvb"
            ecep:reg="Bid"
            ecep:spe="Bid"
            ecep:syllab="1"
            ecep:pron="bɪd">Bid</w>
         <c> </c>
         <w xml:id="pjo50-409820"
            n="a-0800"
            ecep:lem="it"
            ecep:pos="pn31"
            ecep:reg="it"
            ecep:spe="it"
            ecep:syllab="1"
            ecep:pron="ɪt">it</w>
         <c> </c>
         <w xml:id="pjo50-409830"
            n="a-0810"
            ecep:lem="shine"
            ecep:pos="vvi"
            ecep:reg="shine"
            ecep:spe="shine"
            ecep:syllab="1"
            ecep:pron="ʃaɪn">shine</w>
         <c> </c>
         <w xml:id="pjo50-409840"
            n="a-0820"
            ecep:lem="over"
            ecep:pos="p-acp"
            ecep:reg="over"
            ecep:spe="o'er"
            ecep:syllab="1"
            ecep:pron="əʊə">o'er</w>
         <c> </c>
         <w xml:id="pjo50-409850"
            n="a-0830"
            ecep:lem="all"
            ecep:pos="d"
            ecep:reg="all"
            ecep:spe="all"
            ecep:syllab="1"
            ecep:pron="ɔːl">all</w>
         <c> </c>
         <w xml:id="pjo50-409860"
            n="a-0840"
            ecep:lem="the"
            ecep:pos="dt"
            ecep:reg="the"
            ecep:spe="the"
            ecep:syllab="1"
            ecep:pron="ðə">the</w>
         <c> </c>
         <w xml:id="pjo50-409870"
            n="a-0850"
            ecep:lem="past"
            ecep:pos="n1"
            ecep:reg="past"
            ecep:spe="past"
            ecep:syllab="1"
            ecep:pron="pɑːst">past</w>
         <pc xml:id="pjo50-409880"
             n="a-0860"
             ecep:lem=";"
             ecep:pos=";"
             ecep:reg=";"
             ecep:spe=";">;</pc>
      </l>
      <l n="4" xml:id="pjo50-l13180">
         <c> </c>
         <w xml:id="pjo50-409890"
            n="a-0870"
            ecep:lem="bright"
            ecep:pos="js"
            ecep:reg="Brightest"
            ecep:spe="Brightest"
            ecep:syllab="2"
            ecep:pron="ˈbraɪtɪst">Brightest</w>
         <pc xml:id="pjo50-409900"
             n="a-0880"
             ecep:lem=","
             ecep:pos=","
             ecep:reg=","
             ecep:spe=",">,</pc>
         <c> </c>
         <w xml:id="pjo50-409910"
            n="a-0890"
            ecep:lem="since"
            ecep:pos="c-acp"
            ecep:reg="since"
            ecep:spe="since"
            ecep:syllab="1"
            ecep:pron="sɪns">since</w>
         <c> </c>
         <w xml:id="pjo50-409920"
            n="a-0900"
            ecep:lem="it"
            ecep:pos="pn31"
            ecep:reg="it"
            ecep:spe="it"
            ecep:syllab="1"
            ecep:pron="ɪt">it</w>
         <c> </c>
         <w xml:id="pjo50-409930"
            n="a-0910"
            ecep:lem="be"
            ecep:pos="vbz"
            ecep:reg="is"
            ecep:spe="is"
            ecep:syllab="1"
            ecep:pron="ɪz">is</w>
         <c> </c>
         <w xml:id="pjo50-409940"
            n="a-0920"
            ecep:lem="the"
            ecep:pos="dt"
            ecep:reg="the"
            ecep:spe="the"
            ecep:syllab="1"
            ecep:pron="ðə">the</w>
         <c> </c>
         <w xml:id="pjo50-409950"
            n="a-0930"
            ecep:lem="last"
            ecep:pos="ord"
            ecep:reg="last"
            ecep:spe="last"
            ecep:syllab="1"
            ecep:pron="lɑːst">last</w>
         <pc xml:id="pjo50-409960"
             n="a-0940"
             unit="sentence"
             ecep:lem="."
             ecep:pos="."
             ecep:reg="."
             ecep:spe=".">.</pc>
         <c> </c>
      </l>
      <l n="5" xml:id="pjo50-l13185">
         <w xml:id="pjo50-409970"
            n="a-0950"
            ecep:lem="for"
            ecep:pos="p-acp"
            ecep:reg="For"
            ecep:spe="For"
            ecep:syllab="1"
            ecep:pron="fɔː">For</w>
         <c> </c>
         <w xml:id="pjo50-409980"
            n="a-0960"
            ecep:lem="her"
            ecep:pos="po31"
            ecep:reg="her"
            ecep:spe="her"
            ecep:syllab="1"
            ecep:pron="hɜː">her</w>
         <c> </c>
         <w xml:id="pjo50-409990"
            n="a-0970"
            ecep:lem="full"
            ecep:pos="j"
            ecep:reg="full"
            ecep:spe="full"
            ecep:syllab="1"
            ecep:pron="fʊl">full</w>
         <c> </c>
         <w xml:id="pjo50-410000"
            n="a-0980"
            ecep:lem="meridian"
            ecep:pos="n1"
            ecep:reg="meridian"
            ecep:spe="meridian"
            ecep:syllab="4"
            ecep:pron="məˈrɪdɪən">meridian</w>
         <c> </c>
         <w xml:id="pjo50-410010"
            n="a-0990"
            ecep:lem="ray"
            ecep:pos="n1"
            ecep:reg="ray"
            ecep:spe="ray"
            ecep:syllab="1"
            ecep:pron="reɪ">ray</w>
         <pc xml:id="pjo50-410020"
             n="a-1000"
             ecep:lem=","
             ecep:pos=","
             ecep:reg=","
             ecep:spe=",">,</pc>
      </l>
      <l n="6" xml:id="pjo50-l13190">
         <c> </c>
         <w xml:id="pjo50-410030"
            n="a-1010"
            ecep:lem="soon"
            ecep:pos="av"
            ecep:reg="Soon"
            ecep:spe="Soon"
            ecep:syllab="1"
            ecep:pron="suːn">Soon</w>
         <c> </c>
         <w xml:id="pjo50-410040"
            n="a-1020"
            ecep:lem="must"
            ecep:pos="vmb"
            ecep:reg="must"
            ecep:spe="must"
            ecep:syllab="1"
            ecep:pron="mʌst">must</w>
         <c> </c>
         <w xml:id="pjo50-410050"
            n="a-1030"
            ecep:lem="sicken"
            ecep:pos="vvi"
            ecep:reg="sicken"
            ecep:spe="sicken"
            ecep:syllab="2"
            ecep:pron="ˈsɪkən">sicken</w>
         <pc xml:id="pjo50-410060"
             n="a-1040"
             ecep:lem=","
             ecep:pos=","
             ecep:reg=","
             ecep:spe=",">,</pc>
         <c> </c>
         <w xml:id="pjo50-410070"
            n="a-1050"
            ecep:lem="and"
            ecep:pos="cc"
            ecep:reg="and"
            ecep:spe="and"
            ecep:syllab="1"
            ecep:pron="ænd">and</w>
         <c> </c>
         <w xml:id="pjo50-410080"
            n="a-1060"
            ecep:lem="decay"
            ecep:pos="n1"
            ecep:reg="decay"
            ecep:spe="decay"
            ecep:syllab="2"
            ecep:pron="dɪˈkeɪ">decay</w>
         <pc xml:id="pjo50-410090"
             n="a-1070"
             ecep:lem=":"
             ecep:pos=":"
             ecep:reg=":"
             ecep:spe=":">:</pc>
      </l>
      <l n="7" xml:id="pjo50-l13195">
         <c> </c>
         <w xml:id="pjo50-410100"
            n="a-1080"
            ecep:lem="see"
            ecep:pos="vvb"
            ecep:reg="See"
            ecep:spe="See"
            ecep:syllab="1"
            ecep:pron="siː">See</w>
         <pc xml:id="pjo50-410105"
             n="a-1080"
             ecep:lem="!"
             ecep:pos="!"
             ecep:reg="!"
             ecep:spe="!">!</pc>
         <c> </c>
         <w xml:id="pjo50-410110"
            n="a-1090"
            ecep:lem="she"
            ecep:pos="pns31"
            ecep:reg="she"
            ecep:spe="she"
            ecep:syllab="1"
            ecep:pron="ʃiː">she</w>
         <c> </c>
         <w xml:id="pjo50-410120"
            n="a-1100"
            ecep:lem="hasten"
            ecep:pos="vvz"
            ecep:reg="hastens"
            ecep:spe="hastens"
            ecep:syllab="2"
            ecep:pron="ˈheɪsnz">hastens</w>
         <c> </c>
         <w xml:id="pjo50-410130"
            n="a-1110"
            ecep:lem="down"
            ecep:pos="a-acp"
            ecep:reg="down"
            ecep:spe="down"
            ecep:syllab="1"
            ecep:pron="daʊn">down</w>
         <c> </c>
         <w xml:id="pjo50-410140"
            n="a-1120"
            ecep:lem="the"
            ecep:pos="dt"
            ecep:reg="the"
            ecep:spe="the"
            ecep:syllab="1"
            ecep:pron="ðə">the</w>
         <c> </c>
         <w xml:id="pjo50-410150"
            n="a-1130"
            ecep:lem="sky"
            ecep:pos="n2"
            ecep:reg="skies"
            ecep:spe="skies"
            ecep:syllab="1"
            ecep:pron="skaɪz">skies</w>
         <pc xml:id="pjo50-410160"
             n="a-1140"
             ecep:lem=","
             ecep:pos=","
             ecep:reg=","
             ecep:spe=",">,</pc>
      </l>
      <l n="8" xml:id="pjo50-l13200">
         <c> </c>
         <w xml:id="pjo50-410170"
            n="a-1150"
            ecep:lem="in"
            ecep:pos="p-acp"
            ecep:reg="In"
            ecep:spe="In"
            ecep:syllab="1"
            ecep:pron="ɪn">In</w>
         <c> </c>
         <w xml:id="pjo50-410180"
            n="a-1160"
            ecep:lem="another"
            ecep:pos="j-jn"
            ecep:reg="another"
            ecep:spe="another"
            ecep:syllab="3"
            ecep:pron="əˈnʌðə">another</w>
         <c> </c>
         <w xml:id="pjo50-410190"
            n="a-1170"
            ecep:lem="sphere"
            ecep:pos="n1"
            ecep:reg="sphere"
            ecep:spe="sphere"
            ecep:syllab="1"
            ecep:pron="sfɪə">sphere</w>
         <c> </c>
         <w xml:id="pjo50-410200"
            n="a-1180"
            ecep:lem="to"
            ecep:pos="pc-acp"
            ecep:reg="to"
            ecep:spe="to"
            ecep:syllab="1"
            ecep:pron="tuː">to</w>
         <c> </c>
         <w xml:id="pjo50-410210"
            n="a-1190"
            ecep:lem="rise"
            ecep:pos="vvi"
            ecep:reg="rise"
            ecep:spe="rise"
            ecep:syllab="1"
            ecep:pron="raɪz">rise</w>
         <pc xml:id="pjo50-410220"
             n="a-1200"
             ecep:lem=";"
             ecep:pos=";"
             ecep:reg=";"
             ecep:spe=";">;</pc>
      </l>
      <pb n="152" rend="none"/>
      <l n="9" xml:id="pjo50-l13205">
         <c> </c>
         <w xml:id="pjo50-410230"
            n="a-0010"
            ecep:lem="in"
            ecep:pos="p-acp"
            ecep:reg="In"
            ecep:spe="In"
            ecep:syllab="1"
            ecep:pron="ɪn">In</w>
         <c> </c>
         <w xml:id="pjo50-410240"
            n="a-0020"
            ecep:lem="a"
            ecep:pos="dt"
            ecep:reg="a"
            ecep:spe="a"
            ecep:syllab="1"
            ecep:pron="ə">a</w>
         <c> </c>
         <w xml:id="pjo50-410250"
            n="a-0030"
            ecep:lem="world"
            ecep:pos="n1"
            ecep:reg="world"
            ecep:spe="world"
            ecep:syllab="1"
            ecep:pron="wɜːld">world</w>
         <c> </c>
         <w xml:id="pjo50-410260"
            n="a-0040"
            ecep:lem="unknown"
            ecep:pos="j"
            ecep:reg="unknown"
            ecep:spe="unknown"
            ecep:syllab="2"
            ecep:pron="ʌnˈnəʊn">unknown</w>
         <pc xml:id="pjo50-410270"
             n="a-0050"
             ecep:lem=","
             ecep:pos=","
             ecep:reg=","
             ecep:spe=",">,</pc>
         <c> </c>
         <w xml:id="pjo50-410280"
            n="a-0060"
            ecep:lem="untried"
            ecep:pos="j"
            ecep:reg="untried"
            ecep:spe="untry'd"
            ecep:syllab="2"
            ecep:pron="ʌnˈtraɪd">untry'd</w>
         <pc xml:id="pjo50-410290"
             n="a-0070"
             ecep:lem=","
             ecep:pos=","
             ecep:reg=","
             ecep:spe=",">,</pc>
      </l>
      <l n="10" xml:id="pjo50-l13210">
         <c> </c>
         <w xml:id="pjo50-410300"
            n="a-0080"
            ecep:lem="set"
            ecep:pos="vvz"
            ecep:reg="Sets"
            ecep:spe="Sets"
            ecep:syllab="1"
            ecep:pron="sets">Sets</w>
         <c> </c>
         <w xml:id="pjo50-410310"
            n="a-0090"
            ecep:lem="a"
            ecep:pos="dt"
            ecep:reg="a"
            ecep:spe="a"
            ecep:syllab="1"
            ecep:pron="ə">a</w>
         <c> </c>
         <w xml:id="pjo50-410320"
            n="a-0100"
            ecep:lem="maid"
            ecep:pos="n1"
            ecep:reg="Maid"
            ecep:spe="Maid"
            ecep:syllab="1"
            ecep:pron="meɪd">Maid</w>
         <pc xml:id="pjo50-410330"
             n="a-0110"
             ecep:lem=","
             ecep:pos=","
             ecep:reg=","
             ecep:spe=",">,</pc>
         <c> </c>
         <w xml:id="pjo50-410340"
            n="a-0120"
            ecep:lem="to"
            ecep:pos="pc-acp"
            ecep:reg="to"
            ecep:spe="to"
            ecep:syllab="1"
            ecep:pron="tuː">to</w>
         <c> </c>
         <w xml:id="pjo50-410350"
            n="a-0130"
            ecep:lem="rise"
            ecep:pos="vvi"
            ecep:reg="rise"
            ecep:spe="rise"
            ecep:syllab="1"
            ecep:pron="raɪz">rise</w>
         <c> </c>
         <w xml:id="pjo50-410360"
            n="a-0140"
            ecep:lem="a"
            ecep:pos="dt"
            ecep:reg="a"
            ecep:spe="a"
            ecep:syllab="1"
            ecep:pron="ə">a</w>
         <c> </c>
         <w xml:id="pjo50-410370"
            n="a-0150"
            ecep:lem="bride"
            ecep:pos="n1"
            ecep:reg="Bride"
            ecep:spe="Bride"
            ecep:syllab="1"
            ecep:pron="braɪd">Bride</w>
         <pc xml:id="pjo50-410380"
             n="a-0160"
             unit="sentence"
             ecep:lem="."
             ecep:pos="."
             ecep:reg="."
             ecep:spe=".">.</pc>
         <c> </c>
      </l>
   </lg>
   <lg xml:id="pjo50-s01485">
      <l n="11" rendition="#h_3" xml:id="pjo50-l13215">
         <w xml:id="pjo50-410410"
            n="a-0170"
            ecep:lem="so"
            ecep:pos="av"
            ecep:reg="So"
            ecep:spe="So"
            ecep:syllab="1"
            ecep:pron="səʊ">So</w>
         <c> </c>
         <w xml:id="pjo50-410420"
            n="a-0180"
            ecep:lem="the"
            ecep:pos="dt"
            ecep:reg="the"
            ecep:spe="the"
            ecep:syllab="1"
            ecep:pron="ðə">the</w>
         <c> </c>
         <w xml:id="pjo50-410430"
            n="a-0190"
            ecep:lem="sun"
            ecep:pos="n1"
            ecep:reg="sun"
            ecep:spe="sun"
            ecep:syllab="1"
            ecep:pron="sʌn">sun</w>
         <pc xml:id="pjo50-410440"
             n="a-0200"
             ecep:lem=","
             ecep:pos=","
             ecep:reg=","
             ecep:spe=",">,</pc>
         <c> </c>
         <w xml:id="pjo50-410450"
            n="a-0210"
            ecep:lem="with"
            ecep:pos="p-acp"
            ecep:reg="with"
            ecep:spe="with"
            ecep:syllab="1"
            ecep:pron="wɪð">with</w>
         <c> </c>
         <w xml:id="pjo50-410460"
            n="a-0220"
            ecep:lem="splendid"
            ecep:pos="j"
            ecep:reg="splendid"
            ecep:spe="splendid"
            ecep:syllab="2"
            ecep:pron="ˈsplendɪd">splendid</w>
         <c> </c>
         <w xml:id="pjo50-410470"
            n="a-0230"
            ecep:lem="ray"
            ecep:pos="n1"
            ecep:reg="ray"
            ecep:spe="ray"
            ecep:syllab="1"
            ecep:pron="reɪ">ray</w>
         <pc xml:id="pjo50-410480"
             n="a-0240"
             ecep:lem=","
             ecep:pos=","
             ecep:reg=","
             ecep:spe=",">,</pc>
      </l>
      <l n="12" xml:id="pjo50-l13220">
         <c> </c>
         <w xml:id="pjo50-410490"
            n="a-0250"
            ecep:lem="have"
            ecep:pos="vhg"
            ecep:reg="Having"
            ecep:spe="Having"
            ecep:syllab="2"
            ecep:pron="ˈhævɪŋ">Having</w>
         <c> </c>
         <w xml:id="pjo50-410500"
            n="a-0260"
            ecep:lem="shine"
            ecep:pos="vvn"
            ecep:reg="shone"
            ecep:spe="shone"
            ecep:syllab="1"
            ecep:pron="ʃɒn">shone</w>
         <c> </c>
         <w xml:id="pjo50-410510"
            n="a-0270"
            ecep:lem="his"
            ecep:pos="po31"
            ecep:reg="his"
            ecep:spe="his"
            ecep:syllab="1"
            ecep:pron="hɪz">his</w>
         <c> </c>
         <w xml:id="pjo50-410520"
            n="a-0280"
            ecep:lem="summer"
            ecep:pos="ng1"
            ecep:reg="summer's"
            ecep:spe="summer's"
            ecep:syllab="2"
            ecep:pron="ˈsʌməz">summer's</w>
         <c> </c>
         <w xml:id="pjo50-410530"
            n="a-0290"
            ecep:lem="day"
            ecep:pos="n1"
            ecep:reg="day"
            ecep:spe="day"
            ecep:syllab="1"
            ecep:pron="deɪ">day</w>
         <pc xml:id="pjo50-410540"
             n="a-0300"
             ecep:lem=","
             ecep:pos=","
             ecep:reg=","
             ecep:spe=",">,</pc>
      </l>
      <l n="13" xml:id="pjo50-l13225">
         <c> </c>
         <w xml:id="pjo50-410550"
            n="a-0310"
            ecep:lem="gild"
            ecep:pos="vvg"
            ecep:reg="Gilding"
            ecep:spe="Gilding"
            ecep:syllab="2"
            ecep:pron="ˈgɪldɪŋ">Gilding</w>
         <c> </c>
         <w xml:id="pjo50-410560"
            n="a-0320"
            ecep:lem="all"
            ecep:pos="d"
            ecep:reg="all"
            ecep:spe="all"
            ecep:syllab="1"
            ecep:pron="ɔːl">all</w>
         <c> </c>
         <w xml:id="pjo50-410570"
            n="a-0330"
            ecep:lem="the"
            ecep:pos="dt"
            ecep:reg="the"
            ecep:spe="the"
            ecep:syllab="1"
            ecep:pron="ðə">the</w>
         <c> </c>
         <w xml:id="pjo50-410580"
            n="a-0340"
            ecep:lem="grove"
            ecep:pos="n2"
            ecep:reg="groves"
            ecep:spe="groves"
            ecep:syllab="1"
            ecep:pron="grəʊvz">groves</w>
         <c> </c>
         <w xml:id="pjo50-410590"
            n="a-0350"
            ecep:lem="and"
            ecep:pos="cc"
            ecep:reg="and"
            ecep:spe="and"
            ecep:syllab="1"
            ecep:pron="ænd">and</w>
         <c> </c>
         <w xml:id="pjo50-410600"
            n="a-0360"
            ecep:lem="plain"
            ecep:pos="n2"
            ecep:reg="plains"
            ecep:spe="plains"
            ecep:syllab="1"
            ecep:pron="pleɪnz">plains</w>
         <pc xml:id="pjo50-410610"
             n="a-0370"
             ecep:lem=","
             ecep:pos=","
             ecep:reg=","
             ecep:spe=",">,</pc>
      </l>
      <l n="14" xml:id="pjo50-l13230">
         <c> </c>
         <w xml:id="pjo50-410620"
            n="a-0380"
            ecep:lem="drop"
            ecep:pos="n2"
            ecep:reg="Drops"
            ecep:spe="Drops"
            ecep:syllab="1"
            ecep:pron="drɒps">Drops</w>
         <c> </c>
         <w xml:id="pjo50-410630"
            n="a-0390"
            ecep:lem="at"
            ecep:pos="p-acp"
            ecep:reg="at"
            ecep:spe="at"
            ecep:syllab="1"
            ecep:pron="æt">at</w>
         <c> </c>
         <w xml:id="pjo50-410640"
            n="a-0400"
            ecep:lem="length"
            ecep:pos="n1"
            ecep:reg="length"
            ecep:spe="length"
            ecep:syllab="1"
            ecep:pron="leŋkθ">length</w>
         <c> </c>
         <w xml:id="pjo50-410650"
            n="a-0410"
            ecep:lem="the"
            ecep:pos="dt"
            ecep:reg="the"
            ecep:spe="the"
            ecep:syllab="1"
            ecep:pron="ðə">the</w>
         <c> </c>
         <w xml:id="pjo50-410660"
            n="a-0420"
            ecep:lem="golden"
            ecep:pos="j"
            ecep:reg="golden"
            ecep:spe="golden"
            ecep:syllab="2"
            ecep:pron="ˈgəʊldən">golden</w>
         <c> </c>
         <w xml:id="pjo50-410670"
            n="a-0430"
            ecep:lem="reins"
            ecep:pos="n2"
            ecep:reg="reins"
            ecep:spe="reins"
            ecep:syllab="1"
            ecep:pron="reɪnz">reins</w>
         <pc xml:id="pjo50-410680"
             n="a-0440"
             ecep:lem=","
             ecep:pos=","
             ecep:reg=","
             ecep:spe=",">,</pc>
      </l>
      <l n="15" xml:id="pjo50-l13235">
         <c> </c>
         <w xml:id="pjo50-410690"
            n="a-0450"
            ecep:lem="and"
            ecep:pos="cc"
            ecep:reg="And"
            ecep:spe="And"
            ecep:syllab="1"
            ecep:pron="ænd">And</w>
         <c> </c>
         <w xml:id="pjo50-410700"
            n="a-0460"
            ecep:lem="night"
            ecep:pos="ng1"
            ecep:reg="night's"
            ecep:spe="night's"
            ecep:syllab="1"
            ecep:pron="ˈnaɪts">night's</w>
         <c> </c>
         <w xml:id="pjo50-410710"
            n="a-0470"
            ecep:lem="curtain"
            ecep:pos="n1"
            ecep:reg="curtain"
            ecep:spe="curtain"
            ecep:syllab="2"
            ecep:pron="ˈkɜːtn">curtain</w>
         <c> </c>
         <w xml:id="pjo50-410720"
            n="a-0480"
            ecep:lem="round"
            ecep:pos="av-j"
            ecep:reg="round"
            ecep:spe="round"
            ecep:syllab="1"
            ecep:pron="raʊnd">round</w>
         <c> </c>
         <w xml:id="pjo50-410730"
            n="a-0490"
            ecep:lem="he"
            ecep:pos="pno31"
            ecep:reg="him"
            ecep:spe="him"
            ecep:syllab="1"
            ecep:pron="hɪm">him</w>
         <c> </c>
         <w xml:id="pjo50-410740"
            n="a-0500"
            ecep:lem="spread"
            ecep:pos="vvi"
            ecep:reg="spread"
            ecep:spe="spread"
            ecep:syllab="1"
            ecep:pron="spred">spread</w>
         <pc xml:id="pjo50-410750"
             n="a-0510"
             ecep:lem=","
             ecep:pos=","
             ecep:reg=","
             ecep:spe=",">,</pc>
      </l>
      <l n="16" xml:id="pjo50-l13240">
         <c> </c>
         <w xml:id="pjo50-410760"
            n="a-0520"
            ecep:lem="hide"
            ecep:pos="vvz"
            ecep:reg="Hides"
            ecep:spe="Hides"
            ecep:syllab="1"
            ecep:pron="haɪdz">Hides</w>
         <c> </c>
         <w xml:id="pjo50-410770"
            n="a-0530"
            ecep:lem="his"
            ecep:pos="po31"
            ecep:reg="his"
            ecep:spe="his"
            ecep:syllab="1"
            ecep:pron="hɪz">his</w>
         <c> </c>
         <w xml:id="pjo50-410780"
            n="a-0540"
            ecep:lem="beam"
            ecep:pos="n2"
            ecep:reg="beams"
            ecep:spe="beams"
            ecep:syllab="1"
            ecep:pron="biːmz">beams</w>
         <c> </c>
         <w xml:id="pjo50-410790"
            n="a-0550"
            ecep:lem="in"
            ecep:pos="p-acp"
            ecep:reg="in"
            ecep:spe="in"
            ecep:syllab="1"
            ecep:pron="ɪn">in</w>
         <c> </c>
         <hi>
            <w xml:id="pjo50-410800"
               n="a-0560"
               ecep:lem="Thetis"
               ecep:pos="np1"
               ecep:reg="Thetis"
               ecep:spe="Thetis"
               ecep:syllab="2"
               ecep:pron="θˈetiz">Thetis</w>
         </hi>
         <c> </c>
         <pc xml:id="pjo50-410810"
             n="a-0570"
             ecep:lem="'"
             ecep:pos="'"
             ecep:reg="'"
             ecep:spe="'">'</pc>
         <w xml:id="pjo50-410820"
            n="a-0580"
            ecep:lem="bed"
            ecep:pos="n1"
            ecep:reg="bed"
            ecep:spe="bed"
            ecep:syllab="1"
            ecep:pron="bed">bed</w>
         <pc xml:id="pjo50-410830"
             n="a-0590"
             unit="sentence"
             ecep:lem="."
             ecep:pos="."
             ecep:reg="."
             ecep:spe=".">.</pc>
         <c> </c>
      </l>
   </lg>
</div>
