<?xml version="1.0" encoding="UTF-8"?>
<div xmlns:ecep="http://www.eighteenthcenturypoetry.org/ns"
     xmlns="http://www.tei-c.org/ns/1.0"
     xmlns:tei="http://www.tei-c.org/ns/1.0"
     ana="#iamb #pentameter #elegy #couplet #pair"
     corresp="#txt_DayeEl1734_w0029"
     decls="#semi-normalized"
     ecep:syllab="10"
     met="-+|-+|-+|-+|-+/"
     rendition="#lgvspace"
     rhyme="aa"
     subtype="eceptext"
     type="poem"
     xml:id="bed98-w0290">
   <link target="authors.xml#aut_DayeEl1734" type="author"/>
   <head type="main">
      <w xml:id="bed98-197440"
         n="bed98/000124-a-0010"
         ecep:lem="occasion"
         ecep:pos="j-vvn"
         ecep:reg="OCCASIONED"
         ecep:spe="OCCASIONED"
         ecep:syllab="3"
         ecep:pron="əˈkeɪʒnd">OCCASIONED</w>
      <c> </c>
      <w xml:id="bed98-197450"
         n="bed98/000124-a-0020"
         ecep:lem="by"
         ecep:pos="p-acp"
         ecep:reg="BY"
         ecep:spe="BY"
         ecep:syllab="1"
         ecep:pron="baɪ">BY</w>
      <c> </c>
      <w xml:id="bed98-197460"
         n="bed98/000124-a-0030"
         ecep:lem="the"
         ecep:pos="dt"
         ecep:reg="THE"
         ecep:spe="THE"
         ecep:syllab="1"
         ecep:pron="ðiː">THE</w>
      <c> </c>
      <w xml:id="bed98-197470"
         n="bed98/000124-a-0040"
         ecep:lem="death"
         ecep:pos="n1"
         ecep:reg="DEATH"
         ecep:spe="DEATH"
         ecep:syllab="1"
         ecep:pron="deθ">DEATH</w>
      <c> </c>
      <w xml:id="bed98-197480"
         n="bed98/000124-a-0050"
         ecep:lem="of"
         ecep:pos="pp-f"
         ecep:reg="OF"
         ecep:spe="OF"
         ecep:syllab="1"
         ecep:pron="ɒv">OF</w>
      <c> </c>
      <w xml:id="bed98-197490"
         n="bed98/000124-a-0060"
         ecep:lem="GEORGE"
         ecep:pos="np1"
         ecep:reg="GEORGE"
         ecep:spe="GEORGE"
         ecep:syllab="1"
         ecep:pron="ˈdʒɔːdʒ">GEORGE</w>
      <c> </c>
      <w xml:id="bed98-197500"
         n="bed98/000124-a-0070"
         ecep:lem="Kendal"
         ecep:pos="np1"
         ecep:reg="KENDAL"
         ecep:spe="KENDAL"
         ecep:syllab="2"
         ecep:pron="kˈendəl">KENDAL</w>
      <pc xml:id="bed98-197510"
          n="bed98/000124-a-0080"
          ecep:lem=","
          ecep:pos=","
          ecep:reg=","
          ecep:spe=",">,</pc>
   </head>
   <head type="sub">
      <hi>
         <w xml:id="bed98-197540"
            n="bed98/000124-a-0090"
            ecep:lem="who"
            ecep:pos="r-crq"
            ecep:reg="Who"
            ecep:spe="Who"
            ecep:syllab="1"
            ecep:pron="huː">Who</w>
         <c> </c>
         <w xml:id="bed98-197550"
            n="bed98/000124-a-0100"
            ecep:lem="be"
            ecep:pos="vbds"
            ecep:reg="was"
            ecep:spe="was"
            ecep:syllab="1"
            ecep:pron="wɒz">was</w>
         <c> </c>
         <w xml:id="bed98-197560"
            n="bed98/000124-a-0110"
            ecep:lem="drown"
            ecep:pos="vvn"
            ecep:reg="drowned"
            ecep:spe="drowned"
            ecep:syllab="1"
            ecep:pron="draʊnd">drowned</w>
         <c> </c>
         <w xml:id="bed98-197570"
            n="bed98/000124-a-0120"
            ecep:lem="upon"
            ecep:pos="p-acp"
            ecep:reg="upon"
            ecep:spe="upon"
            ecep:syllab="2"
            ecep:pron="əˈpɒn">upon</w>
         <c> </c>
         <w xml:id="bed98-197580"
            n="bed98/000124-a-0130"
            ecep:lem="his"
            ecep:pos="po31"
            ecep:reg="his"
            ecep:spe="his"
            ecep:syllab="1"
            ecep:pron="hɪz">his</w>
         <c> </c>
         <w xml:id="bed98-197590"
            n="bed98/000124-a-0140"
            ecep:lem="birthday"
            ecep:pos="n1"
            ecep:reg="birthday"
            ecep:spe="birth-day"
            ecep:syllab="2"
            ecep:pron="bɜːθˌdeɪ">birth-day</w>
         <pc xml:id="bed98-197600"
             n="bed98/000124-a-0150"
             ecep:lem=","
             ecep:pos=","
             ecep:reg=","
             ecep:spe=",">,</pc>
         <c> </c>
         <w xml:id="bed98-197610"
            n="bed98/000124-a-0160"
            ecep:lem="and"
            ecep:pos="cc"
            ecep:reg="and"
            ecep:spe="and"
            ecep:syllab="1"
            ecep:pron="ænd">and</w>
         <c> </c>
         <w xml:id="bed98-197620"
            n="bed98/000124-a-0170"
            ecep:lem="the"
            ecep:pos="dt"
            ecep:reg="the"
            ecep:spe="the"
            ecep:syllab="1"
            ecep:pron="ðiː">the</w>
         <c> </c>
         <w xml:id="bed98-197630"
            n="bed98/000124-a-0180"
            ecep:lem="day"
            ecep:pos="n1"
            ecep:reg="day"
            ecep:spe="day"
            ecep:syllab="1"
            ecep:pron="deɪ">day</w>
         <c> </c>
         <w xml:id="bed98-197640"
            n="bed98/000124-a-0190"
            ecep:lem="he"
            ecep:pos="pns31"
            ecep:reg="he"
            ecep:spe="he"
            ecep:syllab="1"
            ecep:pron="hiː">he</w>
         <c> </c>
         <w xml:id="bed98-197650"
            n="bed98/000124-a-0200"
            ecep:lem="have"
            ecep:pos="vhd"
            ecep:reg="had"
            ecep:spe="had"
            ecep:syllab="1"
            ecep:pron="hæd">had</w>
         <c> </c>
         <w xml:id="bed98-197660"
            n="bed98/000124-a-0210"
            ecep:lem="be"
            ecep:pos="vbn"
            ecep:reg="been"
            ecep:spe="been"
            ecep:syllab="1"
            ecep:pron="biːn">been</w>
         <c> </c>
         <w xml:id="bed98-197670"
            n="bed98/000124-a-0220"
            ecep:lem="bind"
            ecep:pos="vvn"
            ecep:reg="bound"
            ecep:spe="bound"
            ecep:syllab="1"
            ecep:pron="baʊnd">bound</w>
         <c> </c>
         <w xml:id="bed98-197680"
            n="bed98/000124-a-0230"
            ecep:lem="apprentice"
            ecep:pos="n1"
            ecep:reg="apprentice"
            ecep:spe="apprentice"
            ecep:syllab="3"
            ecep:pron="əˈprentɪs">apprentice</w>
         <pc xml:id="bed98-197690"
             n="bed98/000124-a-0240"
             unit="sentence"
             ecep:lem="."
             ecep:pos="."
             ecep:reg="."
             ecep:spe=".">.</pc>
         <c> </c>
      </hi>
   </head>
   <epigraph>
      <l xml:id="bed98-l10315">
         <pc xml:id="bed98-197720"
             n="bed98/000124-a-0250"
             ecep:lem="&#34;"
             ecep:pos="&#34;"
             ecep:reg="&#34;"
             ecep:spe="&#34;">"</pc>
         <w xml:id="bed98-197730"
            n="bed98/000124-a-0260"
            ecep:lem="ah"
            ecep:pos="uh"
            ecep:reg="Ah"
            ecep:spe="Ah"
            ecep:syllab="1"
            ecep:pron="ɑː">Ah</w>
         <pc xml:id="bed98-197735"
             n="bed98/000124-a-0260"
             ecep:lem="!"
             ecep:pos="!"
             ecep:reg="!"
             ecep:spe="!">!</pc>
         <c> </c>
         <w xml:id="bed98-197740"
            n="bed98/000124-a-0270"
            ecep:lem="only"
            ecep:pos="av-j"
            ecep:reg="only"
            ecep:spe="only"
            ecep:syllab="2"
            ecep:pron="ˈəʊnli">only</w>
         <c> </c>
         <w xml:id="bed98-197750"
            n="bed98/000124-a-0280"
            ecep:lem="show"
            ecep:pos="vvn"
            ecep:reg="shown"
            ecep:spe="shewn"
            ecep:syllab="1"
            ecep:pron="ʃəʊn">shewn</w>
         <c> </c>
         <w xml:id="bed98-197760"
            n="bed98/000124-a-0290"
            ecep:lem="to"
            ecep:pos="pc-acp"
            ecep:reg="to"
            ecep:spe="to"
            ecep:syllab="1"
            ecep:pron="tuː">to</w>
         <c> </c>
         <w xml:id="bed98-197770"
            n="bed98/000124-a-0300"
            ecep:lem="check"
            ecep:pos="vvi"
            ecep:reg="cheque"
            ecep:spe="check"
            ecep:syllab="1"
            ecep:pron="tʃek">check</w>
         <c> </c>
         <w xml:id="bed98-197780"
            n="bed98/000124-a-0310"
            ecep:lem="our"
            ecep:pos="po12"
            ecep:reg="our"
            ecep:spe="our"
            ecep:syllab="1"
            ecep:pron="æə">our</w>
         <c> </c>
         <w xml:id="bed98-197790"
            n="bed98/000124-a-0320"
            ecep:lem="fond"
            ecep:pos="j"
            ecep:reg="fond"
            ecep:spe="fond"
            ecep:syllab="1"
            ecep:pron="fɒnd">fond</w>
         <c> </c>
         <w xml:id="bed98-197800"
            n="bed98/000124-a-0330"
            ecep:lem="pursuit"
            ecep:pos="n2"
            ecep:reg="pursuits"
            ecep:spe="pursuits"
            ecep:syllab="2"
            ecep:pron="pəˈsjuːts">pursuits</w>
         <pc xml:id="bed98-197810"
             n="bed98/000124-a-0340"
             ecep:lem=","
             ecep:pos=","
             ecep:reg=","
             ecep:spe=",">,</pc>
      </l>
      <l xml:id="bed98-l10320">
         <pc xml:id="bed98-197820"
             n="bed98/000124-a-0350"
             ecep:lem="&#34;"
             ecep:pos="&#34;"
             ecep:reg="&#34;"
             ecep:spe="&#34;">"</pc>
         <w xml:id="bed98-197830"
            n="bed98/000124-a-0360"
            ecep:lem="and"
            ecep:pos="cc"
            ecep:reg="And"
            ecep:spe="And"
            ecep:syllab="1"
            ecep:pron="ænd">And</w>
         <c> </c>
         <w xml:id="bed98-197840"
            n="bed98/000124-a-0370"
            ecep:lem="teach"
            ecep:pos="vvi"
            ecep:reg="teach"
            ecep:spe="teach"
            ecep:syllab="1"
            ecep:pron="tiːtʃ">teach</w>
         <c> </c>
         <w xml:id="bed98-197850"
            n="bed98/000124-a-0380"
            ecep:lem="our"
            ecep:pos="po12"
            ecep:reg="our"
            ecep:spe="our"
            ecep:syllab="1"
            ecep:pron="æə">our</w>
         <c> </c>
         <w xml:id="bed98-197860"
            n="bed98/000124-a-0390"
            ecep:lem="humble"
            ecep:pos="j-vvn"
            ecep:reg="humbled"
            ecep:spe="humbled"
            ecep:syllab="2"
            ecep:pron="ˈhʌmbld">humbled</w>
         <c> </c>
         <w xml:id="bed98-197870"
            n="bed98/000124-a-0400"
            ecep:lem="hope"
            ecep:pos="n2"
            ecep:reg="hopes"
            ecep:spe="hopes"
            ecep:syllab="1"
            ecep:pron="həʊps">hopes</w>
         <c> </c>
         <w xml:id="bed98-197880"
            n="bed98/000124-a-0410"
            ecep:lem="that"
            ecep:pos="cst"
            ecep:reg="that"
            ecep:spe="that"
            ecep:syllab="1"
            ecep:pron="ðæt">that</w>
         <c> </c>
         <w xml:id="bed98-197890"
            n="bed98/000124-a-0420"
            ecep:lem="life"
            ecep:pos="n1"
            ecep:reg="life"
            ecep:spe="life"
            ecep:syllab="1"
            ecep:pron="laɪf">life</w>
         <c> </c>
         <w xml:id="bed98-197900"
            n="bed98/000124-a-0430"
            ecep:lem="be"
            ecep:pos="vbz"
            ecep:reg="is"
            ecep:spe="is"
            ecep:syllab="1"
            ecep:pron="ɪz">is</w>
         <c> </c>
         <w xml:id="bed98-197910"
            n="bed98/000124-a-0440"
            ecep:lem="vain"
            ecep:pos="j"
            ecep:reg="vain"
            ecep:spe="vain"
            ecep:syllab="1"
            ecep:pron="veɪn">vain</w>
         <pc xml:id="bed98-197920"
             n="bed98/000124-a-0450"
             ecep:lem="!"
             ecep:pos="!"
             ecep:reg="!"
             ecep:spe="!">!</pc>
         <c> </c>
         <pc xml:id="bed98-197930"
             n="bed98/000124-a-0460"
             unit="sentence"
             ecep:lem="&#34;"
             ecep:pos="&#34;"
             ecep:reg="&#34;"
             ecep:spe="&#34;">"</pc>
      </l>
   </epigraph>
   <lg xml:id="bed98-s01195">
      <l xml:id="bed98-l10325">
         <hi rendition="#sc">
            <w xml:id="bed98-197960"
               n="bed98/000124-a-0470"
               ecep:lem="sweet"
               ecep:pos="j"
               ecep:reg="SWEET"
               ecep:spe="SWEET"
               ecep:syllab="1"
               ecep:pron="swiːt">SWEET</w>
         </hi>
         <c> </c>
         <w xml:id="bed98-197970"
            n="bed98/000124-a-0480"
            ecep:lem="youth"
            ecep:pos="n1"
            ecep:reg="youth"
            ecep:spe="youth"
            ecep:syllab="1"
            ecep:pron="juːθ">youth</w>
         <c> </c>
         <w xml:id="bed98-197980"
            n="bed98/000124-a-0490"
            ecep:lem="farewell"
            ecep:pos="n1"
            ecep:reg="farewell"
            ecep:spe="farewell"
            ecep:syllab="2"
            ecep:pron="ˌfeəˈwel">farewell</w>
         <pc xml:id="bed98-197990"
             n="bed98/000124-a-0500"
             ecep:lem="!"
             ecep:pos="!"
             ecep:reg="!"
             ecep:spe="!">!</pc>
         <c> </c>
         <w xml:id="bed98-198000"
            n="bed98/000124-a-0510"
            ecep:lem="the"
            ecep:pos="dt"
            ecep:reg="the"
            ecep:spe="the"
            ecep:syllab="1"
            ecep:pron="ðiː">the</w>
         <c> </c>
         <w xml:id="bed98-198010"
            n="bed98/000124-a-0520"
            ecep:lem="day"
            ecep:pos="n1"
            ecep:reg="day"
            ecep:spe="day"
            ecep:syllab="1"
            ecep:pron="deɪ">day</w>
         <c> </c>
         <w xml:id="bed98-198020"
            n="bed98/000124-a-0530"
            ecep:lem="that"
            ecep:pos="cst"
            ecep:reg="that"
            ecep:spe="that"
            ecep:syllab="1"
            ecep:pron="ðæt">that</w>
         <c> </c>
         <w xml:id="bed98-198030"
            n="bed98/000124-a-0540"
            ecep:lem="give"
            ecep:pos="vvd"
            ecep:reg="gave"
            ecep:spe="gave"
            ecep:syllab="1"
            ecep:pron="geɪv">gave</w>
         <c> </c>
         <w xml:id="bed98-198040"
            n="bed98/000124-a-0550"
            ecep:lem="thou"
            ecep:pos="pno21"
            ecep:reg="thee"
            ecep:spe="thee"
            ecep:syllab="1"
            ecep:pron="ðiː">thee</w>
         <c> </c>
         <w xml:id="bed98-198050"
            n="bed98/000124-a-0560"
            ecep:lem="birth"
            ecep:pos="n1"
            ecep:reg="birth"
            ecep:spe="birth"
            ecep:syllab="1"
            ecep:pron="bɜːθ">birth</w>
         <pc xml:id="bed98-198060"
             n="bed98/000124-a-0570"
             ecep:lem=","
             ecep:pos=","
             ecep:reg=","
             ecep:spe=",">,</pc>
      </l>
      <l xml:id="bed98-l10330">
         <w xml:id="bed98-198070"
            n="bed98/000124-a-0580"
            ecep:lem="again"
            ecep:pos="av"
            ecep:reg="Again"
            ecep:spe="Again"
            ecep:syllab="2"
            ecep:pron="əˈgen">Again</w>
         <c> </c>
         <w xml:id="bed98-198080"
            n="bed98/000124-a-0590"
            ecep:lem="unite"
            ecep:pos="vvz"
            ecep:reg="unites"
            ecep:spe="unites"
            ecep:syllab="2"
            ecep:pron="juːˈnaɪts">unites</w>
         <c> </c>
         <w xml:id="bed98-198090"
            n="bed98/000124-a-0600"
            ecep:lem="thou"
            ecep:pos="pno21"
            ecep:reg="thee"
            ecep:spe="thee"
            ecep:syllab="1"
            ecep:pron="ðiː">thee</w>
         <c> </c>
         <w xml:id="bed98-198100"
            n="bed98/000124-a-0610"
            ecep:lem="to"
            ecep:pos="p-acp"
            ecep:reg="to"
            ecep:spe="to"
            ecep:syllab="1"
            ecep:pron="tuː">to</w>
         <c> </c>
         <w xml:id="bed98-198110"
            n="bed98/000124-a-0620"
            ecep:lem="thy"
            ecep:pos="po21"
            ecep:reg="thy"
            ecep:spe="thy"
            ecep:syllab="1"
            ecep:pron="ðaɪ">thy</w>
         <c> </c>
         <w xml:id="bed98-198120"
            n="bed98/000124-a-0630"
            ecep:lem="parent"
            ecep:pos="n1"
            ecep:reg="parent"
            ecep:spe="parent"
            ecep:syllab="2"
            ecep:pron="ˈpeərnt">parent</w>
         <c> </c>
         <w xml:id="bed98-198130"
            n="bed98/000124-a-0640"
            ecep:lem="earth"
            ecep:pos="n1"
            ecep:reg="earth"
            ecep:spe="earth"
            ecep:syllab="1"
            ecep:pron="ɜːθ">earth</w>
         <pc xml:id="bed98-198140"
             n="bed98/000124-a-0650"
             ecep:lem=";"
             ecep:pos=";"
             ecep:reg=";"
             ecep:spe=";">;</pc>
      </l>
      <l xml:id="bed98-l10335">
         <w xml:id="bed98-198150"
            n="bed98/000124-a-0660"
            ecep:lem="that"
            ecep:pos="d"
            ecep:reg="That"
            ecep:spe="That"
            ecep:syllab="1"
            ecep:pron="ðæt">That</w>
         <c> </c>
         <w xml:id="bed98-198160"
            n="bed98/000124-a-0670"
            ecep:lem="day"
            ecep:pos="n1"
            ecep:reg="day"
            ecep:spe="day"
            ecep:syllab="1"
            ecep:pron="deɪ">day</w>
         <pc xml:id="bed98-198170"
             n="bed98/000124-a-0680"
             ecep:lem=","
             ecep:pos=","
             ecep:reg=","
             ecep:spe=",">,</pc>
         <c> </c>
         <w xml:id="bed98-198180"
            n="bed98/000124-a-0690"
            ecep:lem="to"
            ecep:pos="p-acp"
            ecep:reg="to"
            ecep:spe="to"
            ecep:syllab="1"
            ecep:pron="tuː">to</w>
         <c> </c>
         <w xml:id="bed98-198190"
            n="bed98/000124-a-0700"
            ecep:lem="busy"
            ecep:pos="j"
            ecep:reg="busy"
            ecep:spe="busy"
            ecep:syllab="2"
            ecep:pron="ˈbɪzi">busy</w>
         <c> </c>
         <w xml:id="bed98-198200"
            n="bed98/000124-a-0710"
            ecep:lem="care"
            ecep:pos="n2"
            ecep:reg="cares"
            ecep:spe="cares"
            ecep:syllab="1"
            ecep:pron="keəz">cares</w>
         <c> </c>
         <w xml:id="bed98-198210"
            n="bed98/000124-a-0720"
            ecep:lem="devote"
            ecep:pos="vvn"
            ecep:reg="devoted"
            ecep:spe="devoted"
            ecep:syllab="3"
            ecep:pron="dɪˈvəʊtɪd">devoted</w>
         <c> </c>
         <w xml:id="bed98-198220"
            n="bed98/000124-a-0730"
            ecep:lem="thou"
            ecep:pos="pno21"
            ecep:reg="thee"
            ecep:spe="thee"
            ecep:syllab="1"
            ecep:pron="ðiː">thee</w>
         <pc xml:id="bed98-198230"
             n="bed98/000124-a-0740"
             ecep:lem=","
             ecep:pos=","
             ecep:reg=","
             ecep:spe=",">,</pc>
      </l>
      <l xml:id="bed98-l10340">
         <w xml:id="bed98-198240"
            n="bed98/000124-a-0750"
            ecep:lem="that"
            ecep:pos="cst"
            ecep:reg="That"
            ecep:spe="That"
            ecep:syllab="1"
            ecep:pron="ðæt">That</w>
         <c> </c>
         <w xml:id="bed98-198250"
            n="bed98/000124-a-0760"
            ecep:lem="day"
            ecep:pos="n1"
            ecep:reg="day"
            ecep:spe="day"
            ecep:syllab="1"
            ecep:pron="deɪ">day</w>
         <pc xml:id="bed98-198260"
             n="bed98/000124-a-0770"
             ecep:lem=","
             ecep:pos=","
             ecep:reg=","
             ecep:spe=",">,</pc>
         <c> </c>
         <w xml:id="bed98-198270"
            n="bed98/000124-a-0780"
            ecep:lem="be"
            ecep:pos="vbds"
            ecep:reg="was"
            ecep:spe="was"
            ecep:syllab="1"
            ecep:pron="wɒz">was</w>
         <c> </c>
         <w xml:id="bed98-198280"
            n="bed98/000124-a-0790"
            ecep:lem="crown"
            ecep:pos="vvn"
            ecep:reg="crowned"
            ecep:spe="crown'd"
            ecep:syllab="1"
            ecep:pron="kraʊnd">crown'd</w>
         <c> </c>
         <w xml:id="bed98-198290"
            n="bed98/000124-a-0800"
            ecep:lem="with"
            ecep:pos="p-acp"
            ecep:reg="with"
            ecep:spe="with"
            ecep:syllab="1"
            ecep:pron="wɪð">with</w>
         <c> </c>
         <w xml:id="bed98-198300"
            n="bed98/000124-a-0810"
            ecep:lem="rest"
            ecep:pos="n1"
            ecep:reg="rest"
            ecep:spe="rest"
            ecep:syllab="1"
            ecep:pron="rest">rest</w>
         <c> </c>
         <w xml:id="bed98-198310"
            n="bed98/000124-a-0820"
            ecep:lem="and"
            ecep:pos="cc"
            ecep:reg="and"
            ecep:spe="and"
            ecep:syllab="1"
            ecep:pron="ænd">and</w>
         <c> </c>
         <w xml:id="bed98-198320"
            n="bed98/000124-a-0830"
            ecep:lem="liberty"
            ecep:pos="n1"
            ecep:reg="liberty"
            ecep:spe="liberty"
            ecep:syllab="3"
            ecep:pron="ˈlɪbəti">liberty</w>
         <pc xml:id="bed98-198330"
             n="bed98/000124-a-0840"
             unit="sentence"
             ecep:lem="."
             ecep:pos="."
             ecep:reg="."
             ecep:spe=".">.</pc>
      </l>
      <l xml:id="bed98-l10345">
         <w xml:id="bed98-198340"
            n="bed98/000124-a-0850"
            ecep:lem="soft"
            ecep:pos="j"
            ecep:reg="Soft"
            ecep:spe="Soft"
            ecep:syllab="1"
            ecep:pron="sɒft">Soft</w>
         <c> </c>
         <w xml:id="bed98-198350"
            n="bed98/000124-a-0860"
            ecep:lem="be"
            ecep:pos="vbb"
            ecep:reg="be"
            ecep:spe="be"
            ecep:syllab="1"
            ecep:pron="biː">be</w>
         <c> </c>
         <w xml:id="bed98-198360"
            n="bed98/000124-a-0870"
            ecep:lem="the"
            ecep:pos="dt"
            ecep:reg="the"
            ecep:spe="the"
            ecep:syllab="1"
            ecep:pron="ðiː">the</w>
         <c> </c>
         <w xml:id="bed98-198370"
            n="bed98/000124-a-0880"
            ecep:lem="slumber"
            ecep:pos="n2"
            ecep:reg="slumbers"
            ecep:spe="slumbers"
            ecep:syllab="2"
            ecep:pron="ˈslʌmbəz">slumbers</w>
         <c> </c>
         <w xml:id="bed98-198380"
            n="bed98/000124-a-0890"
            ecep:lem="of"
            ecep:pos="pp-f"
            ecep:reg="of"
            ecep:spe="of"
            ecep:syllab="1"
            ecep:pron="ɒv">of</w>
         <c> </c>
         <w xml:id="bed98-198390"
            n="bed98/000124-a-0900"
            ecep:lem="thy"
            ecep:pos="po21"
            ecep:reg="thy"
            ecep:spe="thy"
            ecep:syllab="1"
            ecep:pron="ðaɪ">thy</w>
         <c> </c>
         <w xml:id="bed98-198400"
            n="bed98/000124-a-0910"
            ecep:lem="lowly"
            ecep:pos="j"
            ecep:reg="lowly"
            ecep:spe="lowly"
            ecep:syllab="2"
            ecep:pron="ˈləʊli">lowly</w>
         <c> </c>
         <w xml:id="bed98-198410"
            n="bed98/000124-a-0920"
            ecep:lem="bed"
            ecep:pos="n1"
            ecep:reg="bed"
            ecep:spe="bed"
            ecep:syllab="1"
            ecep:pron="bed">bed</w>
         <pc xml:id="bed98-198420"
             n="bed98/000124-a-0930"
             ecep:lem=","
             ecep:pos=","
             ecep:reg=","
             ecep:spe=",">,</pc>
      </l>
      <l xml:id="bed98-l10350">
         <w xml:id="bed98-198430"
            n="bed98/000124-a-0940"
            ecep:lem="and"
            ecep:pos="cc"
            ecep:reg="And"
            ecep:spe="And"
            ecep:syllab="1"
            ecep:pron="ænd">And</w>
         <c> </c>
         <w xml:id="bed98-198440"
            n="bed98/000124-a-0950"
            ecep:lem="light"
            ecep:pos="av-j"
            ecep:reg="lightly"
            ecep:spe="lightly"
            ecep:syllab="2"
            ecep:pron="laɪtli">lightly</w>
         <c> </c>
         <w xml:id="bed98-198450"
            n="bed98/000124-a-0960"
            ecep:lem="lie"
            ecep:pos="vvi"
            ecep:reg="lie"
            ecep:spe="lie"
            ecep:syllab="1"
            ecep:pron="laɪ">lie</w>
         <c> </c>
         <w xml:id="bed98-198460"
            n="bed98/000124-a-0970"
            ecep:lem="the"
            ecep:pos="dt"
            ecep:reg="the"
            ecep:spe="the"
            ecep:syllab="1"
            ecep:pron="ðiː">the</w>
         <c> </c>
         <w xml:id="bed98-198470"
            n="bed98/000124-a-0980"
            ecep:lem="turf"
            ecep:pos="n1"
            ecep:reg="turf"
            ecep:spe="turf"
            ecep:syllab="1"
            ecep:pron="tɜːf">turf</w>
         <c> </c>
         <w xml:id="bed98-198480"
            n="bed98/000124-a-0990"
            ecep:lem="upon"
            ecep:pos="p-acp"
            ecep:reg="upon"
            ecep:spe="upon"
            ecep:syllab="2"
            ecep:pron="əˈpɒn">upon</w>
         <c> </c>
         <w xml:id="bed98-198490"
            n="bed98/000124-a-1000"
            ecep:lem="thy"
            ecep:pos="po21"
            ecep:reg="thy"
            ecep:spe="thy"
            ecep:syllab="1"
            ecep:pron="ðaɪ">thy</w>
         <c> </c>
         <w xml:id="bed98-198500"
            n="bed98/000124-a-1010"
            ecep:lem="head"
            ecep:pos="n1"
            ecep:reg="head"
            ecep:spe="head"
            ecep:syllab="1"
            ecep:pron="hed">head</w>
         <pc xml:id="bed98-198510"
             n="bed98/000124-a-1020"
             ecep:lem=";"
             ecep:pos=";"
             ecep:reg=";"
             ecep:spe=";">;</pc>
      </l>
      <l xml:id="bed98-l10355">
         <w xml:id="bed98-198520"
            n="bed98/000124-a-1030"
            ecep:lem="while"
            ecep:pos="cs"
            ecep:reg="While"
            ecep:spe="While"
            ecep:syllab="1"
            ecep:pron="ˈwaɪl">While</w>
         <c> </c>
         <w xml:id="bed98-198530"
            n="bed98/000124-a-1040"
            ecep:lem="from"
            ecep:pos="p-acp"
            ecep:reg="from"
            ecep:spe="from"
            ecep:syllab="1"
            ecep:pron="frɒm">from</w>
         <c> </c>
         <w xml:id="bed98-198540"
            n="bed98/000124-a-1050"
            ecep:lem="thy"
            ecep:pos="po21"
            ecep:reg="thy"
            ecep:spe="thy"
            ecep:syllab="1"
            ecep:pron="ðaɪ">thy</w>
         <c> </c>
         <w xml:id="bed98-198550"
            n="bed98/000124-a-1060"
            ecep:lem="cold"
            ecep:pos="j-jn"
            ecep:reg="cold"
            ecep:spe="cold"
            ecep:syllab="1"
            ecep:pron="kəʊld">cold</w>
         <c> </c>
         <w xml:id="bed98-198560"
            n="bed98/000124-a-1070"
            ecep:lem="remains"
            ecep:pos="n2"
            ecep:reg="remains"
            ecep:spe="remains"
            ecep:syllab="2"
            ecep:pron="rɪˈmeɪnz">remains</w>
         <c> </c>
         <w xml:id="bed98-198570"
            n="bed98/000124-a-1080"
            ecep:lem="with"
            ecep:pos="p-acp"
            ecep:reg="with"
            ecep:spe="with"
            ecep:syllab="1"
            ecep:pron="wɪð">with</w>
         <c> </c>
         <w xml:id="bed98-198580"
            n="bed98/000124-a-1090"
            ecep:lem="mournful"
            ecep:pos="j"
            ecep:reg="mournful"
            ecep:spe="mournful"
            ecep:syllab="2"
            ecep:pron="ˈmɔːnfl">mournful</w>
         <c> </c>
         <w xml:id="bed98-198590"
            n="bed98/000124-a-1100"
            ecep:lem="eye"
            ecep:pos="n1"
            ecep:reg="eye"
            ecep:spe="eye"
            ecep:syllab="1"
            ecep:pron="aɪ">eye</w>
         <pc xml:id="bed98-198600"
             n="bed98/000124-a-1110"
             ecep:lem=","
             ecep:pos=","
             ecep:reg=","
             ecep:spe=",">,</pc>
      </l>
      <l xml:id="bed98-l10360">
         <w xml:id="bed98-198610"
            n="bed98/000124-a-1120"
            ecep:lem="the"
            ecep:pos="dt"
            ecep:reg="The"
            ecep:spe="The"
            ecep:syllab="1"
            ecep:pron="ðiː">The</w>
         <c> </c>
         <w xml:id="bed98-198620"
            n="bed98/000124-a-1130"
            ecep:lem="muse"
            ecep:pos="n1"
            ecep:reg="muse"
            ecep:spe="muse"
            ecep:syllab="1"
            ecep:pron="mjuːz">muse</w>
         <c> </c>
         <w xml:id="bed98-198630"
            n="bed98/000124-a-1140"
            ecep:lem="collect"
            ecep:pos="vvz"
            ecep:reg="collects"
            ecep:spe="collects"
            ecep:syllab="2"
            ecep:pron="ˈkɒlekts">collects</w>
         <c> </c>
         <w xml:id="bed98-198640"
            n="bed98/000124-a-1150"
            ecep:lem="the"
            ecep:pos="dt"
            ecep:reg="the"
            ecep:spe="the"
            ecep:syllab="1"
            ecep:pron="ðiː">the</w>
         <c> </c>
         <w xml:id="bed98-198650"
            n="bed98/000124-a-1160"
            ecep:lem="sweet"
            ecep:pos="n2-j"
            ecep:reg="sweets"
            ecep:spe="sweets"
            ecep:syllab="1"
            ecep:pron="swiːts">sweets</w>
         <c> </c>
         <w xml:id="bed98-198660"
            n="bed98/000124-a-1170"
            ecep:lem="which"
            ecep:pos="r-crq"
            ecep:reg="which"
            ecep:spe="which"
            ecep:syllab="1"
            ecep:pron="wɪtʃ">which</w>
         <c> </c>
         <w xml:id="bed98-198670"
            n="bed98/000124-a-1180"
            ecep:lem="shall"
            ecep:pos="vmb"
            ecep:reg="shall"
            ecep:spe="shall"
            ecep:syllab="1"
            ecep:pron="ʃæl">shall</w>
         <c> </c>
         <w xml:id="bed98-198680"
            n="bed98/000124-a-1190"
            ecep:lem="not"
            ecep:pos="xx"
            ecep:reg="not"
            ecep:spe="not"
            ecep:syllab="1"
            ecep:pron="nɒt">not</w>
         <c> </c>
         <w xml:id="bed98-198690"
            n="bed98/000124-a-1200"
            ecep:lem="die"
            ecep:pos="vvi"
            ecep:reg="die"
            ecep:spe="die"
            ecep:syllab="1"
            ecep:pron="daɪ">die</w>
         <pc xml:id="bed98-198700"
             n="bed98/000124-a-1210"
             ecep:lem=","
             ecep:pos=","
             ecep:reg=","
             ecep:spe=",">,</pc>
      </l>
      <pb facs="bed98/000125" n="105" rend="none"/>
      <l xml:id="bed98-l10365">
         <w xml:id="bed98-198710"
            n="bed98/000125-a-0010"
            ecep:lem="pensive"
            ecep:pos="j"
            ecep:reg="Pensive"
            ecep:spe="Pensive"
            ecep:syllab="2"
            ecep:pron="ˈpensɪv">Pensive</w>
         <c> </c>
         <w xml:id="bed98-198720"
            n="bed98/000125-a-0020"
            ecep:lem="and"
            ecep:pos="cc"
            ecep:reg="and"
            ecep:spe="and"
            ecep:syllab="1"
            ecep:pron="ænd">and</w>
         <c> </c>
         <w xml:id="bed98-198730"
            n="bed98/000125-a-0030"
            ecep:lem="sad"
            ecep:pos="j"
            ecep:reg="sad"
            ecep:spe="sad"
            ecep:syllab="1"
            ecep:pron="sæd">sad</w>
         <c> </c>
         <w xml:id="bed98-198740"
            n="bed98/000125-a-0040"
            ecep:lem="she"
            ecep:pos="pns31"
            ecep:reg="she"
            ecep:spe="she"
            ecep:syllab="1"
            ecep:pron="ʃiː">she</w>
         <c> </c>
         <w xml:id="bed98-198750"
            n="bed98/000125-a-0050"
            ecep:lem="leave"
            ecep:pos="vvz"
            ecep:reg="leaves"
            ecep:spe="leaves"
            ecep:syllab="1"
            ecep:pron="liːvz">leaves</w>
         <c> </c>
         <w xml:id="bed98-198760"
            n="bed98/000125-a-0060"
            ecep:lem="her"
            ecep:pos="po31"
            ecep:reg="her"
            ecep:spe="her"
            ecep:syllab="1"
            ecep:pron="hɜː">her</w>
         <c> </c>
         <w xml:id="bed98-198770"
            n="bed98/000125-a-0070"
            ecep:lem="joyless"
            ecep:pos="j"
            ecep:reg="joyless"
            ecep:spe="joyless"
            ecep:syllab="2"
            ecep:pron="ˈdʒɔɪləs">joyless</w>
         <c> </c>
         <w xml:id="bed98-198780"
            n="bed98/000125-a-0080"
            ecep:lem="bower"
            ecep:pos="n2"
            ecep:reg="bowers"
            ecep:spe="bowers"
            ecep:syllab="2"
            ecep:pron="ˈbaʊəz">bowers</w>
         <pc xml:id="bed98-198790"
             n="bed98/000125-a-0090"
             ecep:lem=","
             ecep:pos=","
             ecep:reg=","
             ecep:spe=",">,</pc>
      </l>
      <l xml:id="bed98-l10370">
         <w xml:id="bed98-198800"
            n="bed98/000125-a-0100"
            ecep:lem="to"
            ecep:pos="pc-acp"
            ecep:reg="To"
            ecep:spe="To"
            ecep:syllab="1"
            ecep:pron="tuː">To</w>
         <c> </c>
         <w xml:id="bed98-198810"
            n="bed98/000125-a-0110"
            ecep:lem="strew"
            ecep:pos="vvi"
            ecep:reg="strew"
            ecep:spe="strew"
            ecep:syllab="1"
            ecep:pron="struː">strew</w>
         <c> </c>
         <w xml:id="bed98-198820"
            n="bed98/000125-a-0120"
            ecep:lem="thy"
            ecep:pos="po21"
            ecep:reg="thy"
            ecep:spe="thy"
            ecep:syllab="1"
            ecep:pron="ðaɪ">thy</w>
         <c> </c>
         <w xml:id="bed98-198830"
            n="bed98/000125-a-0130"
            ecep:lem="early"
            ecep:pos="j"
            ecep:reg="early"
            ecep:spe="early"
            ecep:syllab="2"
            ecep:pron="ˈɜːli">early</w>
         <c> </c>
         <w xml:id="bed98-198840"
            n="bed98/000125-a-0140"
            ecep:lem="tomb"
            ecep:pos="n1"
            ecep:reg="tomb"
            ecep:spe="tomb"
            ecep:syllab="1"
            ecep:pron="tuːm">tomb</w>
         <c> </c>
         <w xml:id="bed98-198850"
            n="bed98/000125-a-0150"
            ecep:lem="with"
            ecep:pos="p-acp"
            ecep:reg="with"
            ecep:spe="with"
            ecep:syllab="1"
            ecep:pron="wɪð">with</w>
         <c> </c>
         <w xml:id="bed98-198860"
            n="bed98/000125-a-0160"
            ecep:lem="choice"
            ecep:pos="js"
            ecep:reg="choicest"
            ecep:spe="choicest"
            ecep:syllab="2"
            ecep:pron="tʃɔɪsɪst">choicest</w>
         <c> </c>
         <w xml:id="bed98-198870"
            n="bed98/000125-a-0170"
            ecep:lem="flower"
            ecep:pos="n2"
            ecep:reg="flowers"
            ecep:spe="flowers"
            ecep:syllab="1"
            ecep:pron="flæəz">flowers</w>
         <pc xml:id="bed98-198880"
             n="bed98/000125-a-0180"
             unit="sentence"
             ecep:lem="."
             ecep:pos="."
             ecep:reg="."
             ecep:spe=".">.</pc>
      </l>
      <l xml:id="bed98-l10375">
         <w xml:id="bed98-198890"
            n="bed98/000125-a-0190"
            ecep:lem="though"
            ecep:pos="c-acp"
            ecep:reg="Though"
            ecep:spe="Tho'"
            ecep:syllab="1"
            ecep:pron="ðəʊ">Tho'</w>
         <c> </c>
         <w xml:id="bed98-198900"
            n="bed98/000125-a-0200"
            ecep:lem="from"
            ecep:pos="p-acp"
            ecep:reg="from"
            ecep:spe="from"
            ecep:syllab="1"
            ecep:pron="frɒm">from</w>
         <c> </c>
         <w xml:id="bed98-198910"
            n="bed98/000125-a-0210"
            ecep:lem="thy"
            ecep:pos="po21"
            ecep:reg="thy"
            ecep:spe="thy"
            ecep:syllab="1"
            ecep:pron="ðaɪ">thy</w>
         <c> </c>
         <w xml:id="bed98-198920"
            n="bed98/000125-a-0220"
            ecep:lem="cheek"
            ecep:pos="n1"
            ecep:reg="cheek"
            ecep:spe="cheek"
            ecep:syllab="1"
            ecep:pron="tʃiːk">cheek</w>
         <c> </c>
         <w xml:id="bed98-198930"
            n="bed98/000125-a-0230"
            ecep:lem="death"
            ecep:pos="n1"
            ecep:reg="death"
            ecep:spe="death"
            ecep:syllab="1"
            ecep:pron="deθ">death</w>
         <c> </c>
         <w xml:id="bed98-198940"
            n="bed98/000125-a-0240"
            ecep:lem="pluck"
            ecep:pos="vvd"
            ecep:reg="plucked"
            ecep:spe="pluck'd"
            ecep:syllab="1"
            ecep:pron="plʌkt">pluck'd</w>
         <c> </c>
         <w xml:id="bed98-198950"
            n="bed98/000125-a-0250"
            ecep:lem="the"
            ecep:pos="dt"
            ecep:reg="the"
            ecep:spe="the"
            ecep:syllab="1"
            ecep:pron="ðiː">the</w>
         <c> </c>
         <w xml:id="bed98-198960"
            n="bed98/000125-a-0260"
            ecep:lem="blush"
            ecep:pos="j-vvg"
            ecep:reg="blushing"
            ecep:spe="blushing"
            ecep:syllab="2"
            ecep:pron="blʌʃɪŋ">blushing</w>
         <c> </c>
         <w xml:id="bed98-198970"
            n="bed98/000125-a-0270"
            ecep:lem="rose"
            ecep:pos="n1"
            ecep:reg="rose"
            ecep:spe="rose"
            ecep:syllab="1"
            ecep:pron="rəʊz">rose</w>
         <pc xml:id="bed98-198980"
             n="bed98/000125-a-0280"
             ecep:lem=","
             ecep:pos=","
             ecep:reg=","
             ecep:spe=",">,</pc>
      </l>
      <l xml:id="bed98-l10380">
         <w xml:id="bed98-198990"
            n="bed98/000125-a-0290"
            ecep:lem="thy"
            ecep:pos="po21"
            ecep:reg="Thy"
            ecep:spe="Thy"
            ecep:syllab="1"
            ecep:pron="ðaɪ">Thy</w>
         <c> </c>
         <w xml:id="bed98-199000"
            n="bed98/000125-a-0300"
            ecep:lem="rise"
            ecep:pos="j-vvg"
            ecep:reg="rising"
            ecep:spe="rising"
            ecep:syllab="2"
            ecep:pron="ˈraɪzɪŋ">rising</w>
         <c> </c>
         <w xml:id="bed98-199010"
            n="bed98/000125-a-0310"
            ecep:lem="virtue"
            ecep:pos="n2"
            ecep:reg="virtues"
            ecep:spe="virtues"
            ecep:syllab="2"
            ecep:pron="ˈvɜːtʃuːz">virtues</w>
         <c> </c>
         <w xml:id="bed98-199020"
            n="bed98/000125-a-0320"
            ecep:lem="still"
            ecep:pos="av"
            ecep:reg="still"
            ecep:spe="still"
            ecep:syllab="1"
            ecep:pron="stɪl">still</w>
         <c> </c>
         <w xml:id="bed98-199030"
            n="bed98/000125-a-0330"
            ecep:lem="its"
            ecep:pos="po31"
            ecep:reg="its"
            ecep:spe="its"
            ecep:syllab="1"
            ecep:pron="ɪts">its</w>
         <c> </c>
         <w xml:id="bed98-199040"
            n="bed98/000125-a-0340"
            ecep:lem="sweet"
            ecep:pos="n2-j"
            ecep:reg="sweets"
            ecep:spe="sweets"
            ecep:syllab="1"
            ecep:pron="swiːts">sweets</w>
         <c> </c>
         <w xml:id="bed98-199050"
            n="bed98/000125-a-0350"
            ecep:lem="disclose"
            ecep:pos="vvb"
            ecep:reg="disclose"
            ecep:spe="disclose"
            ecep:syllab="2"
            ecep:pron="dɪsˈkləʊz">disclose</w>
         <pc xml:id="bed98-199060"
             n="bed98/000125-a-0360"
             ecep:lem=":"
             ecep:pos=":"
             ecep:reg=":"
             ecep:spe=":">:</pc>
      </l>
      <l xml:id="bed98-l10385">
         <w xml:id="bed98-199070"
            n="bed98/000125-a-0370"
            ecep:lem="and"
            ecep:pos="cc"
            ecep:reg="And"
            ecep:spe="And"
            ecep:syllab="1"
            ecep:pron="ænd">And</w>
         <c> </c>
         <w xml:id="bed98-199080"
            n="bed98/000125-a-0380"
            ecep:lem="oft"
            ecep:pos="av"
            ecep:reg="oft"
            ecep:spe="oft"
            ecep:syllab="1"
            ecep:pron="ɒft">oft</w>
         <c> </c>
         <w xml:id="bed98-199090"
            n="bed98/000125-a-0390"
            ecep:lem="as"
            ecep:pos="c-acp"
            ecep:reg="as"
            ecep:spe="as"
            ecep:syllab="1"
            ecep:pron="æz">as</w>
         <c> </c>
         <w xml:id="bed98-199100"
            n="bed98/000125-a-0400"
            ecep:lem="Flora"
            ecep:pos="np1"
            ecep:reg="Flora"
            ecep:spe="Flora"
            ecep:syllab="2"
            ecep:pron="ˈflɔːrə">Flora</w>
         <c> </c>
         <w xml:id="bed98-199110"
            n="bed98/000125-a-0410"
            ecep:lem="paint"
            ecep:pos="vvz"
            ecep:reg="paints"
            ecep:spe="paints"
            ecep:syllab="1"
            ecep:pron="peɪnts">paints</w>
         <c> </c>
         <w xml:id="bed98-199120"
            n="bed98/000125-a-0420"
            ecep:lem="the"
            ecep:pos="dt"
            ecep:reg="the"
            ecep:spe="the"
            ecep:syllab="1"
            ecep:pron="ðiː">the</w>
         <c> </c>
         <w xml:id="bed98-199130"
            n="bed98/000125-a-0430"
            ecep:lem="purple"
            ecep:pos="j-jn"
            ecep:reg="purple"
            ecep:spe="purple"
            ecep:syllab="2"
            ecep:pron="ˈpɜːpl">purple</w>
         <c> </c>
         <w xml:id="bed98-199140"
            n="bed98/000125-a-0440"
            ecep:lem="year"
            ecep:pos="n1"
            ecep:reg="year"
            ecep:spe="year"
            ecep:syllab="1"
            ecep:pron="jɪə">year</w>
         <pc xml:id="bed98-199150"
             n="bed98/000125-a-0450"
             ecep:lem=","
             ecep:pos=","
             ecep:reg=","
             ecep:spe=",">,</pc>
      </l>
      <l xml:id="bed98-l10390">
         <w xml:id="bed98-199160"
            n="bed98/000125-a-0460"
            ecep:lem="shall"
            ecep:pos="vmb"
            ecep:reg="Shall"
            ecep:spe="Shall"
            ecep:syllab="1"
            ecep:pron="ʃæl">Shall</w>
         <c> </c>
         <w xml:id="bed98-199170"
            n="bed98/000125-a-0470"
            ecep:lem="recollection"
            ecep:pos="n1"
            ecep:reg="recollection"
            ecep:spe="recollection"
            ecep:syllab="4"
            ecep:pron="ˌreklˈekʃn">recollection</w>
         <c> </c>
         <w xml:id="bed98-199180"
            n="bed98/000125-a-0480"
            ecep:lem="trace"
            ecep:pos="vvi"
            ecep:reg="trace"
            ecep:spe="trace"
            ecep:syllab="1"
            ecep:pron="treɪs">trace</w>
         <c> </c>
         <w xml:id="bed98-199190"
            n="bed98/000125-a-0490"
            ecep:lem="thy"
            ecep:pos="po21"
            ecep:reg="thy"
            ecep:spe="thy"
            ecep:syllab="1"
            ecep:pron="ðaɪ">thy</w>
         <c> </c>
         <w xml:id="bed98-199200"
            n="bed98/000125-a-0500"
            ecep:lem="emblem"
            ecep:pos="n1"
            ecep:reg="emblem"
            ecep:spe="emblem"
            ecep:syllab="2"
            ecep:pron="ˈembləm">emblem</w>
         <c> </c>
         <w xml:id="bed98-199210"
            n="bed98/000125-a-0510"
            ecep:lem="there"
            ecep:pos="a-acp"
            ecep:reg="there"
            ecep:spe="there"
            ecep:syllab="1"
            ecep:pron="ðeə">there</w>
         <pc xml:id="bed98-199220"
             n="bed98/000125-a-0520"
             unit="sentence"
             ecep:lem="."
             ecep:pos="."
             ecep:reg="."
             ecep:spe=".">.</pc>
      </l>
      <l xml:id="bed98-l10395">
         <w xml:id="bed98-199230"
            n="bed98/000125-a-0530"
            ecep:lem="when"
            ecep:pos="c-crq"
            ecep:reg="When"
            ecep:spe="When"
            ecep:syllab="1"
            ecep:pron="wen">When</w>
         <c> </c>
         <w xml:id="bed98-199240"
            n="bed98/000125-a-0540"
            ecep:lem="hopeful"
            ecep:pos="j"
            ecep:reg="hopeful"
            ecep:spe="hopeful"
            ecep:syllab="2"
            ecep:pron="ˈhəʊpfl">hopeful</w>
         <c> </c>
         <w xml:id="bed98-199250"
            n="bed98/000125-a-0550"
            ecep:lem="youth"
            ecep:pos="n1"
            ecep:reg="youth"
            ecep:spe="youth"
            ecep:syllab="1"
            ecep:pron="juːθ">youth</w>
         <pc xml:id="bed98-199260"
             n="bed98/000125-a-0560"
             ecep:lem=","
             ecep:pos=","
             ecep:reg=","
             ecep:spe=",">,</pc>
         <c> </c>
         <w xml:id="bed98-199270"
            n="bed98/000125-a-0570"
            ecep:lem="or"
            ecep:pos="cc"
            ecep:reg="or"
            ecep:spe="or"
            ecep:syllab="1"
            ecep:pron="ɔː">or</w>
         <c> </c>
         <w xml:id="bed98-199280"
            n="bed98/000125-a-0580"
            ecep:lem="worth"
            ecep:pos="j"
            ecep:reg="worth"
            ecep:spe="worth"
            ecep:syllab="1"
            ecep:pron="wɜːθ">worth</w>
         <c> </c>
         <w xml:id="bed98-199290"
            n="bed98/000125-a-0590"
            ecep:lem="like"
            ecep:pos="vvb"
            ecep:reg="like"
            ecep:spe="like"
            ecep:syllab="1"
            ecep:pron="laɪk">like</w>
         <c> </c>
         <w xml:id="bed98-199300"
            n="bed98/000125-a-0600"
            ecep:lem="thy"
            ecep:pos="po21"
            ecep:reg="thine"
            ecep:spe="thine"
            ecep:syllab="1"
            ecep:pron="ðaɪn">thine</w>
         <c> </c>
         <w xml:id="bed98-199310"
            n="bed98/000125-a-0610"
            ecep:lem="shall"
            ecep:pos="vmb"
            ecep:reg="shall"
            ecep:spe="shall"
            ecep:syllab="1"
            ecep:pron="ʃæl">shall</w>
         <c> </c>
         <w xml:id="bed98-199320"
            n="bed98/000125-a-0620"
            ecep:lem="fall"
            ecep:pos="vvi"
            ecep:reg="fall"
            ecep:spe="fall"
            ecep:syllab="1"
            ecep:pron="fɔːl">fall</w>
         <pc xml:id="bed98-199330"
             n="bed98/000125-a-0630"
             ecep:lem=","
             ecep:pos=","
             ecep:reg=","
             ecep:spe=",">,</pc>
      </l>
      <l xml:id="bed98-l10400">
         <w xml:id="bed98-199340"
            n="bed98/000125-a-0640"
            ecep:lem="the"
            ecep:pos="dt"
            ecep:reg="The"
            ecep:spe="The"
            ecep:syllab="1"
            ecep:pron="ðiː">The</w>
         <c> </c>
         <w xml:id="bed98-199350"
            n="bed98/000125-a-0650"
            ecep:lem="thought"
            ecep:pos="n2"
            ecep:reg="thoughts"
            ecep:spe="thoughts"
            ecep:syllab="1"
            ecep:pron="θɔːts">thoughts</w>
         <c> </c>
         <w xml:id="bed98-199360"
            n="bed98/000125-a-0660"
            ecep:lem="of"
            ecep:pos="pp-f"
            ecep:reg="of"
            ecep:spe="of"
            ecep:syllab="1"
            ecep:pron="ɒv">of</w>
         <c> </c>
         <w xml:id="bed98-199370"
            n="bed98/000125-a-0670"
            ecep:lem="thou"
            ecep:pos="pno21"
            ecep:reg="thee"
            ecep:spe="thee"
            ecep:syllab="1"
            ecep:pron="ðiː">thee</w>
         <c> </c>
         <w xml:id="bed98-199380"
            n="bed98/000125-a-0680"
            ecep:lem="for"
            ecep:pos="p-acp"
            ecep:reg="for"
            ecep:spe="for"
            ecep:syllab="1"
            ecep:pron="fɔː">for</w>
         <c> </c>
         <w xml:id="bed98-199390"
            n="bed98/000125-a-0690"
            ecep:lem="add"
            ecep:pos="j-vvn"
            ecep:reg="added"
            ecep:spe="added"
            ecep:syllab="2"
            ecep:pron="ædɪd">added</w>
         <c> </c>
         <w xml:id="bed98-199400"
            n="bed98/000125-a-0700"
            ecep:lem="tear"
            ecep:pos="n2"
            ecep:reg="tears"
            ecep:spe="tears"
            ecep:syllab="1"
            ecep:pron="tɪəz">tears</w>
         <c> </c>
         <w xml:id="bed98-199410"
            n="bed98/000125-a-0710"
            ecep:lem="shall"
            ecep:pos="vmb"
            ecep:reg="shall"
            ecep:spe="shall"
            ecep:syllab="1"
            ecep:pron="ʃæl">shall</w>
         <c> </c>
         <w xml:id="bed98-199420"
            n="bed98/000125-a-0720"
            ecep:lem="call"
            ecep:pos="vvi"
            ecep:reg="call"
            ecep:spe="call"
            ecep:syllab="1"
            ecep:pron="kɔːl">call</w>
         <pc xml:id="bed98-199430"
             n="bed98/000125-a-0730"
             unit="sentence"
             ecep:lem="."
             ecep:pos="."
             ecep:reg="."
             ecep:spe=".">.</pc>
      </l>
      <l xml:id="bed98-l10405">
         <w xml:id="bed98-199440"
            n="bed98/000125-a-0740"
            ecep:lem="our"
            ecep:pos="po12"
            ecep:reg="Our"
            ecep:spe="Our"
            ecep:syllab="1"
            ecep:pron="æə">Our</w>
         <c> </c>
         <w xml:id="bed98-199450"
            n="bed98/000125-a-0750"
            ecep:lem="kind"
            ecep:pos="js"
            ecep:reg="kindest"
            ecep:spe="kindest"
            ecep:syllab="2"
            ecep:pron="kaɪndɪst">kindest</w>
         <c> </c>
         <w xml:id="bed98-199460"
            n="bed98/000125-a-0760"
            ecep:lem="wish"
            ecep:pos="n2"
            ecep:reg="wishes"
            ecep:spe="wishes"
            ecep:syllab="2"
            ecep:pron="wɪʃɪz">wishes</w>
         <c> </c>
         <w xml:id="bed98-199470"
            n="bed98/000125-a-0770"
            ecep:lem="be"
            ecep:pos="vbdr"
            ecep:reg="were"
            ecep:spe="were"
            ecep:syllab="1"
            ecep:pron="wɜː">were</w>
         <c> </c>
         <w xml:id="bed98-199480"
            n="bed98/000125-a-0780"
            ecep:lem="in"
            ecep:pos="p-acp"
            ecep:reg="in"
            ecep:spe="in"
            ecep:syllab="1"
            ecep:pron="ɪn">in</w>
         <c> </c>
         <w xml:id="bed98-199490"
            n="bed98/000125-a-0790"
            ecep:lem="error"
            ecep:pos="n1"
            ecep:reg="error"
            ecep:spe="error"
            ecep:syllab="2"
            ecep:pron="ˈerə">error</w>
         <c> </c>
         <w xml:id="bed98-199500"
            n="bed98/000125-a-0800"
            ecep:lem="sow"
            ecep:pos="vvn"
            ecep:reg="sown"
            ecep:spe="sown"
            ecep:syllab="1"
            ecep:pron="səʊn">sown</w>
         <pc xml:id="bed98-199510"
             n="bed98/000125-a-0810"
             ecep:lem=","
             ecep:pos=","
             ecep:reg=","
             ecep:spe=",">,</pc>
      </l>
      <l xml:id="bed98-l10410">
         <w xml:id="bed98-199520"
            n="bed98/000125-a-0820"
            ecep:lem="infinite"
            ecep:pos="j"
            ecep:reg="Infinite"
            ecep:spe="Infinite"
            ecep:syllab="3"
            ecep:pron="ˈɪnfɪnət">Infinite</w>
         <c> </c>
         <w xml:id="bed98-199530"
            n="bed98/000125-a-0830"
            ecep:lem="wisdom"
            ecep:pos="n1"
            ecep:reg="wisdom"
            ecep:spe="wisdom"
            ecep:syllab="2"
            ecep:pron="ˈwɪzdəm">wisdom</w>
         <c> </c>
         <w xml:id="bed98-199540"
            n="bed98/000125-a-0840"
            ecep:lem="give"
            ecep:pos="vvd"
            ecep:reg="gave"
            ecep:spe="gave"
            ecep:syllab="1"
            ecep:pron="geɪv">gave</w>
         <c> </c>
         <w xml:id="bed98-199550"
            n="bed98/000125-a-0850"
            ecep:lem="thou"
            ecep:pos="pno21"
            ecep:reg="thee"
            ecep:spe="thee"
            ecep:syllab="1"
            ecep:pron="ðiː">thee</w>
         <c> </c>
         <w xml:id="bed98-199560"
            n="bed98/000125-a-0860"
            ecep:lem="joy"
            ecep:pos="n2"
            ecep:reg="joys"
            ecep:spe="joys"
            ecep:syllab="1"
            ecep:pron="dʒɔɪz">joys</w>
         <c> </c>
         <w xml:id="bed98-199570"
            n="bed98/000125-a-0870"
            ecep:lem="unknown"
            ecep:pos="j"
            ecep:reg="unknown"
            ecep:spe="unknown"
            ecep:syllab="2"
            ecep:pron="ʌnˈnəʊn">unknown</w>
         <pc xml:id="bed98-199580"
             n="bed98/000125-a-0880"
             unit="sentence"
             ecep:lem="."
             ecep:pos="."
             ecep:reg="."
             ecep:spe=".">.</pc>
      </l>
      <l xml:id="bed98-l10415">
         <w xml:id="bed98-199590"
            n="bed98/000125-a-0890"
            ecep:lem="fain"
            ecep:pos="av"
            ecep:reg="Fain"
            ecep:spe="Fain"
            ecep:syllab="1"
            ecep:pron="feɪn">Fain</w>
         <c> </c>
         <w xml:id="bed98-199600"
            n="bed98/000125-a-0900"
            ecep:lem="will"
            ecep:pos="vmd"
            ecep:reg="would"
            ecep:spe="would"
            ecep:syllab="1"
            ecep:pron="wʊd">would</w>
         <c> </c>
         <w xml:id="bed98-199610"
            n="bed98/000125-a-0910"
            ecep:lem="our"
            ecep:pos="po12"
            ecep:reg="our"
            ecep:spe="our"
            ecep:syllab="1"
            ecep:pron="æə">our</w>
         <c> </c>
         <w xml:id="bed98-199620"
            n="bed98/000125-a-0920"
            ecep:lem="languid"
            ecep:pos="j"
            ecep:reg="languid"
            ecep:spe="languid"
            ecep:syllab="2"
            ecep:pron="ˈlæŋgwɪd">languid</w>
         <c> </c>
         <w xml:id="bed98-199630"
            n="bed98/000125-a-0930"
            ecep:lem="spirit"
            ecep:pos="n2"
            ecep:reg="spirits"
            ecep:spe="spirits"
            ecep:syllab="2"
            ecep:pron="ˈspɪrɪts">spirits</w>
         <c> </c>
         <w xml:id="bed98-199640"
            n="bed98/000125-a-0940"
            ecep:lem="wing"
            ecep:pos="vvb"
            ecep:reg="wing"
            ecep:spe="wing"
            ecep:syllab="1"
            ecep:pron="wɪŋ">wing</w>
         <c> </c>
         <w xml:id="bed98-199650"
            n="bed98/000125-a-0950"
            ecep:lem="their"
            ecep:pos="po32"
            ecep:reg="their"
            ecep:spe="their"
            ecep:syllab="1"
            ecep:pron="ðeə">their</w>
         <c> </c>
         <w xml:id="bed98-199660"
            n="bed98/000125-a-0960"
            ecep:lem="way"
            ecep:pos="n1"
            ecep:reg="way"
            ecep:spe="way"
            ecep:syllab="1"
            ecep:pron="weɪ">way</w>
         <pc xml:id="bed98-199670"
             n="bed98/000125-a-0970"
             ecep:lem=","
             ecep:pos=","
             ecep:reg=","
             ecep:spe=",">,</pc>
      </l>
      <l xml:id="bed98-l10420">
         <w xml:id="bed98-199680"
            n="bed98/000125-a-0980"
            ecep:lem="to"
            ecep:pos="pc-acp"
            ecep:reg="To"
            ecep:spe="To"
            ecep:syllab="1"
            ecep:pron="tuː">To</w>
         <c> </c>
         <w xml:id="bed98-199690"
            n="bed98/000125-a-0990"
            ecep:lem="hail"
            ecep:pos="vvi"
            ecep:reg="hail"
            ecep:spe="hail"
            ecep:syllab="1"
            ecep:pron="heɪl">hail</w>
         <c> </c>
         <w xml:id="bed98-199700"
            n="bed98/000125-a-1000"
            ecep:lem="thou"
            ecep:pos="pno21"
            ecep:reg="thee"
            ecep:spe="thee"
            ecep:syllab="1"
            ecep:pron="ðiː">thee</w>
         <c> </c>
         <w xml:id="bed98-199710"
            n="bed98/000125-a-1010"
            ecep:lem="in"
            ecep:pos="p-acp"
            ecep:reg="in"
            ecep:spe="in"
            ecep:syllab="1"
            ecep:pron="ɪn">in</w>
         <c> </c>
         <w xml:id="bed98-199720"
            n="bed98/000125-a-1020"
            ecep:lem="the"
            ecep:pos="dt"
            ecep:reg="the"
            ecep:spe="the"
            ecep:syllab="1"
            ecep:pron="ðiː">the</w>
         <c> </c>
         <w xml:id="bed98-199730"
            n="bed98/000125-a-1030"
            ecep:lem="realm"
            ecep:pos="n2"
            ecep:reg="realms"
            ecep:spe="realms"
            ecep:syllab="1"
            ecep:pron="relmz">realms</w>
         <c> </c>
         <w xml:id="bed98-199740"
            n="bed98/000125-a-1040"
            ecep:lem="of"
            ecep:pos="pp-f"
            ecep:reg="of"
            ecep:spe="of"
            ecep:syllab="1"
            ecep:pron="ɒv">of</w>
         <c> </c>
         <w xml:id="bed98-199750"
            n="bed98/000125-a-1050"
            ecep:lem="radiant"
            ecep:pos="j"
            ecep:reg="radiant"
            ecep:spe="radiant"
            ecep:syllab="3"
            ecep:pron="ˈreɪdiənt">radiant</w>
         <c> </c>
         <w xml:id="bed98-199760"
            n="bed98/000125-a-1060"
            ecep:lem="day"
            ecep:pos="n1"
            ecep:reg="day"
            ecep:spe="day"
            ecep:syllab="1"
            ecep:pron="deɪ">day</w>
         <pc xml:id="bed98-199770"
             n="bed98/000125-a-1070"
             unit="sentence"
             ecep:lem="."
             ecep:pos="."
             ecep:reg="."
             ecep:spe=".">.</pc>
      </l>
      <l xml:id="bed98-l10425">
         <w xml:id="bed98-199780"
            n="bed98/000125-a-1080"
            ecep:lem="this"
            ecep:pos="d"
            ecep:reg="This"
            ecep:spe="This"
            ecep:syllab="1"
            ecep:pron="ðɪs">This</w>
         <c> </c>
         <w xml:id="bed98-199790"
            n="bed98/000125-a-1090"
            ecep:lem="warn"
            ecep:pos="j-vvg"
            ecep:reg="warning"
            ecep:spe="warning"
            ecep:syllab="2"
            ecep:pron="ˈwɔːnɪŋ">warning</w>
         <c> </c>
         <w xml:id="bed98-199800"
            n="bed98/000125-a-1100"
            ecep:lem="lesson"
            ecep:pos="n1"
            ecep:reg="lesson"
            ecep:spe="lesson"
            ecep:syllab="2"
            ecep:pron="ˈlesn">lesson</w>
         <c> </c>
         <w xml:id="bed98-199810"
            n="bed98/000125-a-1110"
            ecep:lem="read"
            ecep:pos="vvi"
            ecep:reg="read"
            ecep:spe="read"
            ecep:syllab="1"
            ecep:pron="riːd">read</w>
         <c> </c>
         <w xml:id="bed98-199820"
            n="bed98/000125-a-1120"
            ecep:lem="you"
            ecep:pos="pn22"
            ecep:reg="you"
            ecep:spe="ye"
            ecep:syllab="1"
            ecep:pron="jiː">ye</w>
         <c> </c>
         <w xml:id="bed98-199830"
            n="bed98/000125-a-1130"
            ecep:lem="gay"
            ecep:pos="j"
            ecep:reg="gay"
            ecep:spe="gay"
            ecep:syllab="1"
            ecep:pron="geɪ">gay</w>
         <c> </c>
         <w xml:id="bed98-199840"
            n="bed98/000125-a-1140"
            ecep:lem="and"
            ecep:pos="cc"
            ecep:reg="and"
            ecep:spe="and"
            ecep:syllab="1"
            ecep:pron="ænd">and</w>
         <c> </c>
         <w xml:id="bed98-199850"
            n="bed98/000125-a-1150"
            ecep:lem="young"
            ecep:pos="j"
            ecep:reg="young"
            ecep:spe="young"
            ecep:syllab="1"
            ecep:pron="jʌŋ">young</w>
         <pc xml:id="bed98-199860"
             n="bed98/000125-a-1160"
             ecep:lem=","
             ecep:pos=","
             ecep:reg=","
             ecep:spe=",">,</pc>
      </l>
      <l xml:id="bed98-l10430">
         <w xml:id="bed98-199870"
            n="bed98/000125-a-1170"
            ecep:lem="who"
            ecep:pos="q-crq"
            ecep:reg="Who"
            ecep:spe="Who"
            ecep:syllab="1"
            ecep:pron="huː">Who</w>
         <c> </c>
         <w xml:id="bed98-199880"
            n="bed98/000125-a-1180"
            ecep:lem="thoughtless"
            ecep:pos="j"
            ecep:reg="thoughtless"
            ecep:spe="thoughtless"
            ecep:syllab="2"
            ecep:pron="ˈθɔːtləs">thoughtless</w>
         <c> </c>
         <w xml:id="bed98-199890"
            n="bed98/000125-a-1190"
            ecep:lem="flutter"
            ecep:pos="n1"
            ecep:reg="flutter"
            ecep:spe="flutter"
            ecep:syllab="2"
            ecep:pron="ˈflʌtə">flutter</w>
         <c> </c>
         <w xml:id="bed98-199900"
            n="bed98/000125-a-1200"
            ecep:lem="in"
            ecep:pos="p-acp"
            ecep:reg="in"
            ecep:spe="in"
            ecep:syllab="1"
            ecep:pron="ɪn">in</w>
         <c> </c>
         <w xml:id="bed98-199910"
            n="bed98/000125-a-1210"
            ecep:lem="life"
            ecep:pos="ng1"
            ecep:reg="life's"
            ecep:spe="life's"
            ecep:syllab="1"
            ecep:pron="laɪfs">life's</w>
         <c> </c>
         <w xml:id="bed98-199920"
            n="bed98/000125-a-1220"
            ecep:lem="giddy"
            ecep:pos="j"
            ecep:reg="giddy"
            ecep:spe="giddy"
            ecep:syllab="2"
            ecep:pron="ˈgɪdi">giddy</w>
         <c> </c>
         <w xml:id="bed98-199930"
            n="bed98/000125-a-1230"
            ecep:lem="throng"
            ecep:pos="n1"
            ecep:reg="throng"
            ecep:spe="throng"
            ecep:syllab="1"
            ecep:pron="θrɒŋ">throng</w>
         <pc xml:id="bed98-199940"
             n="bed98/000125-a-1240"
             unit="sentence"
             ecep:lem="."
             ecep:pos="."
             ecep:reg="."
             ecep:spe=".">.</pc>
      </l>
      <l xml:id="bed98-l10435">
         <w xml:id="bed98-199950"
            n="bed98/000125-a-1250"
            ecep:lem="of"
            ecep:pos="pns11"
            ecep:reg="Of"
            ecep:spe="Of"
            ecep:syllab="1"
            ecep:pron="ɒv">Of</w>
         <c> </c>
         <w xml:id="bed98-199960"
            n="bed98/000125-a-1260"
            ecep:lem="health"
            ecep:pos="n1"
            ecep:reg="health"
            ecep:spe="health"
            ecep:syllab="1"
            ecep:pron="helθ">health</w>
         <pc xml:id="bed98-199970"
             n="bed98/000125-a-1270"
             ecep:lem=","
             ecep:pos=","
             ecep:reg=","
             ecep:spe=",">,</pc>
         <c> </c>
         <w xml:id="bed98-199980"
            n="bed98/000125-a-1280"
            ecep:lem="of"
            ecep:pos="pp-f"
            ecep:reg="of"
            ecep:spe="of"
            ecep:syllab="1"
            ecep:pron="ɒv">of</w>
         <c> </c>
         <w xml:id="bed98-199990"
            n="bed98/000125-a-1290"
            ecep:lem="youth"
            ecep:pos="n1"
            ecep:reg="youth"
            ecep:spe="youth"
            ecep:syllab="1"
            ecep:pron="juːθ">youth</w>
         <c> </c>
         <w xml:id="bed98-200000"
            n="bed98/000125-a-1300"
            ecep:lem="possess"
            ecep:pos="vvn"
            ecep:reg="possessed"
            ecep:spe="possest"
            ecep:syllab="2"
            ecep:pron="pəˈzest">possest</w>
         <pc xml:id="bed98-200010"
             n="bed98/000125-a-1310"
             ecep:lem=","
             ecep:pos=","
             ecep:reg=","
             ecep:spe=",">,</pc>
         <c> </c>
         <w xml:id="bed98-200020"
            n="bed98/000125-a-1320"
            ecep:lem="still"
            ecep:pos="av"
            ecep:reg="still"
            ecep:spe="still"
            ecep:syllab="1"
            ecep:pron="stɪl">still</w>
         <c> </c>
         <w xml:id="bed98-200030"
            n="bed98/000125-a-1330"
            ecep:lem="frail"
            ecep:pos="j"
            ecep:reg="frail"
            ecep:spe="frail"
            ecep:syllab="1"
            ecep:pron="freɪl">frail</w>
         <c> </c>
         <w xml:id="bed98-200040"
            n="bed98/000125-a-1340"
            ecep:lem="your"
            ecep:pos="po22"
            ecep:reg="your"
            ecep:spe="your"
            ecep:syllab="1"
            ecep:pron="jɔː">your</w>
         <c> </c>
         <w xml:id="bed98-200050"
            n="bed98/000125-a-1350"
            ecep:lem="breath"
            ecep:pos="n1"
            ecep:reg="breath"
            ecep:spe="breath"
            ecep:syllab="1"
            ecep:pron="breθ">breath</w>
         <pc xml:id="bed98-200060"
             n="bed98/000125-a-1360"
             ecep:lem=","
             ecep:pos=","
             ecep:reg=","
             ecep:spe=",">,</pc>
      </l>
      <l xml:id="bed98-l10440">
         <w xml:id="bed98-200070"
            n="bed98/000125-a-1370"
            ecep:lem="for"
            ecep:pos="p-acp"
            ecep:reg="For"
            ecep:spe="For"
            ecep:syllab="1"
            ecep:pron="fɔː">For</w>
         <c> </c>
         <w xml:id="bed98-200080"
            n="bed98/000125-a-1380"
            ecep:lem="many"
            ecep:pos="d"
            ecep:reg="many"
            ecep:spe="many"
            ecep:syllab="2"
            ecep:pron="ˈmeni">many</w>
         <c> </c>
         <w xml:id="bed98-200090"
            n="bed98/000125-a-1390"
            ecep:lem="be"
            ecep:pos="vbr"
            ecep:reg="are"
            ecep:spe="are"
            ecep:syllab="1"
            ecep:pron="ɑː">are</w>
         <c> </c>
         <w xml:id="bed98-200100"
            n="bed98/000125-a-1400"
            ecep:lem="the"
            ecep:pos="dt"
            ecep:reg="the"
            ecep:spe="the"
            ecep:syllab="1"
            ecep:pron="ðiː">the</w>
         <c> </c>
         <w xml:id="bed98-200110"
            n="bed98/000125-a-1410"
            ecep:lem="hide"
            ecep:pos="j-vvn"
            ecep:reg="hidden"
            ecep:spe="hidden"
            ecep:syllab="2"
            ecep:pron="ˈhɪdn">hidden</w>
         <c> </c>
         <w xml:id="bed98-200120"
            n="bed98/000125-a-1420"
            ecep:lem="road"
            ecep:pos="n2"
            ecep:reg="roads"
            ecep:spe="roads"
            ecep:syllab="1"
            ecep:pron="rəʊdz">roads</w>
         <c> </c>
         <w xml:id="bed98-200130"
            n="bed98/000125-a-1430"
            ecep:lem="to"
            ecep:pos="p-acp"
            ecep:reg="to"
            ecep:spe="to"
            ecep:syllab="1"
            ecep:pron="tuː">to</w>
         <c> </c>
         <w xml:id="bed98-200140"
            n="bed98/000125-a-1440"
            ecep:lem="death"
            ecep:pos="n1"
            ecep:reg="death"
            ecep:spe="death"
            ecep:syllab="1"
            ecep:pron="deθ">death</w>
         <pc xml:id="bed98-200150"
             n="bed98/000125-a-1450"
             unit="sentence"
             ecep:lem="."
             ecep:pos="."
             ecep:reg="."
             ecep:spe=".">.</pc>
      </l>
   </lg>
   <lg xml:id="bed98-s01200">
      <l rendition="#h_3" xml:id="bed98-l10445">
         <w xml:id="bed98-200180"
            n="bed98/000125-a-1460"
            ecep:lem="thus"
            ecep:pos="av"
            ecep:reg="Thus"
            ecep:spe="Thus"
            ecep:syllab="1"
            ecep:pron="ðʌs">Thus</w>
         <c> </c>
         <w xml:id="bed98-200190"
            n="bed98/000125-a-1470"
            ecep:lem="over"
            ecep:pos="p-acp"
            ecep:reg="over"
            ecep:spe="o'er"
            ecep:syllab="1"
            ecep:pron="ˈɔːə">o'er</w>
         <c> </c>
         <w xml:id="bed98-200200"
            n="bed98/000125-a-1480"
            ecep:lem="the"
            ecep:pos="dt"
            ecep:reg="the"
            ecep:spe="the"
            ecep:syllab="1"
            ecep:pron="ðiː">the</w>
         <c> </c>
         <w xml:id="bed98-200210"
            n="bed98/000125-a-1490"
            ecep:lem="dust"
            ecep:pos="n1"
            ecep:reg="dust"
            ecep:spe="dust"
            ecep:syllab="1"
            ecep:pron="dʌst">dust</w>
         <c> </c>
         <w xml:id="bed98-200220"
            n="bed98/000125-a-1500"
            ecep:lem="we"
            ecep:pos="pns12"
            ecep:reg="we"
            ecep:spe="we"
            ecep:syllab="1"
            ecep:pron="wiː">we</w>
         <c> </c>
         <w xml:id="bed98-200230"
            n="bed98/000125-a-1510"
            ecep:lem="love"
            ecep:pos="vvb"
            ecep:reg="love"
            ecep:spe="love"
            ecep:syllab="1"
            ecep:pron="lʌv">love</w>
         <c> </c>
         <w xml:id="bed98-200240"
            n="bed98/000125-a-1520"
            ecep:lem="we"
            ecep:pos="pns12"
            ecep:reg="we"
            ecep:spe="we"
            ecep:syllab="1"
            ecep:pron="wiː">we</w>
         <c> </c>
         <w xml:id="bed98-200250"
            n="bed98/000125-a-1530"
            ecep:lem="fond"
            ecep:pos="av-j"
            ecep:reg="fondly"
            ecep:spe="fondly"
            ecep:syllab="2"
            ecep:pron="ˈfɒndli">fondly</w>
         <c> </c>
         <w xml:id="bed98-200260"
            n="bed98/000125-a-1540"
            ecep:lem="mourn"
            ecep:pos="vvb"
            ecep:reg="mourn"
            ecep:spe="mourn"
            ecep:syllab="1"
            ecep:pron="mɔːn">mourn</w>
         <pc xml:id="bed98-200270"
             n="bed98/000125-a-1550"
             ecep:lem=","
             ecep:pos=","
             ecep:reg=","
             ecep:spe=",">,</pc>
      </l>
      <l xml:id="bed98-l10450">
         <w xml:id="bed98-200280"
            n="bed98/000125-a-1560"
            ecep:lem="and"
            ecep:pos="cc"
            ecep:reg="And"
            ecep:spe="And"
            ecep:syllab="1"
            ecep:pron="ænd">And</w>
         <c> </c>
         <w xml:id="bed98-200290"
            n="bed98/000125-a-1570"
            ecep:lem="wait"
            ecep:pos="vvi"
            ecep:reg="wait"
            ecep:spe="wait"
            ecep:syllab="1"
            ecep:pron="weɪt">wait</w>
         <c> </c>
         <w xml:id="bed98-200300"
            n="bed98/000125-a-1580"
            ecep:lem="the"
            ecep:pos="dt"
            ecep:reg="the"
            ecep:spe="the"
            ecep:syllab="1"
            ecep:pron="ðiː">the</w>
         <c> </c>
         <w xml:id="bed98-200310"
            n="bed98/000125-a-1590"
            ecep:lem="voice"
            ecep:pos="n1"
            ecep:reg="voice"
            ecep:spe="voice"
            ecep:syllab="1"
            ecep:pron="vɔɪs">voice</w>
         <c> </c>
         <w xml:id="bed98-200320"
            n="bed98/000125-a-1600"
            ecep:lem="that"
            ecep:pos="cst"
            ecep:reg="that"
            ecep:spe="that"
            ecep:syllab="1"
            ecep:pron="ðæt">that</w>
         <c> </c>
         <w xml:id="bed98-200330"
            n="bed98/000125-a-1610"
            ecep:lem="bid"
            ecep:pos="vvz"
            ecep:reg="bids"
            ecep:spe="bids"
            ecep:syllab="1"
            ecep:pron="bɪdz">bids</w>
         <c> </c>
         <w xml:id="bed98-200340"
            n="bed98/000125-a-1620"
            ecep:lem="our"
            ecep:pos="po12"
            ecep:reg="our"
            ecep:spe="our"
            ecep:syllab="1"
            ecep:pron="æə">our</w>
         <c> </c>
         <w xml:id="bed98-200350"
            n="bed98/000125-a-1630"
            ecep:lem="dust"
            ecep:pos="n1"
            ecep:reg="dust"
            ecep:spe="dust"
            ecep:syllab="1"
            ecep:pron="dʌst">dust</w>
         <c> </c>
         <w xml:id="bed98-200360"
            n="bed98/000125-a-1640"
            ecep:lem="return"
            ecep:pos="vvi"
            ecep:reg="return"
            ecep:spe="return"
            ecep:syllab="2"
            ecep:pron="rɪˈtɜːn">return</w>
         <pc xml:id="bed98-200370"
             n="bed98/000125-a-1650"
             unit="sentence"
             ecep:lem="."
             ecep:pos="."
             ecep:reg="."
             ecep:spe=".">.</pc>
      </l>
      <l xml:id="bed98-l10455">
         <w xml:id="bed98-200380"
            n="bed98/000125-a-1660"
            ecep:lem="loosen"
            ecep:pos="j-vvn"
            ecep:reg="Loosened"
            ecep:spe="Loosen'd"
            ecep:syllab="2"
            ecep:pron="ˈluːsnd">Loosen'd</w>
         <c> </c>
         <w xml:id="bed98-200390"
            n="bed98/000125-a-1670"
            ecep:lem="from"
            ecep:pos="p-acp"
            ecep:reg="from"
            ecep:spe="from"
            ecep:syllab="1"
            ecep:pron="frɒm">from</w>
         <c> </c>
         <w xml:id="bed98-200400"
            n="bed98/000125-a-1680"
            ecep:lem="earth"
            ecep:pos="n1"
            ecep:reg="earth"
            ecep:spe="earth"
            ecep:syllab="1"
            ecep:pron="ɜːθ">earth</w>
         <pc xml:id="bed98-200410"
             n="bed98/000125-a-1690"
             ecep:lem=","
             ecep:pos=","
             ecep:reg=","
             ecep:spe=",">,</pc>
         <c> </c>
         <w xml:id="bed98-200420"
            n="bed98/000125-a-1700"
            ecep:lem="will"
            ecep:pos="vmd"
            ecep:reg="would"
            ecep:spe="would"
            ecep:syllab="1"
            ecep:pron="wʊd">would</w>
         <c> </c>
         <w xml:id="bed98-200430"
            n="bed98/000125-a-1710"
            ecep:lem="reach"
            ecep:pos="vvi"
            ecep:reg="reach"
            ecep:spe="reach"
            ecep:syllab="1"
            ecep:pron="riːtʃ">reach</w>
         <c> </c>
         <w xml:id="bed98-200440"
            n="bed98/000125-a-1720"
            ecep:lem="yond"
            ecep:pos="d"
            ecep:reg="yonder"
            ecep:spe="yon"
            ecep:syllab="1"
            ecep:pron="jɒn">yon</w>
         <c> </c>
         <w xml:id="bed98-200450"
            n="bed98/000125-a-1730"
            ecep:lem="upper"
            ecep:pos="jc"
            ecep:reg="upper"
            ecep:spe="upper"
            ecep:syllab="2"
            ecep:pron="ˈʌpə">upper</w>
         <c> </c>
         <w xml:id="bed98-200460"
            n="bed98/000125-a-1740"
            ecep:lem="sky"
            ecep:pos="n1"
            ecep:reg="sky"
            ecep:spe="sky"
            ecep:syllab="1"
            ecep:pron="skaɪ">sky</w>
         <pc xml:id="bed98-200470"
             n="bed98/000125-a-1750"
             ecep:lem=","
             ecep:pos=","
             ecep:reg=","
             ecep:spe=",">,</pc>
      </l>
      <l xml:id="bed98-l10460">
         <w xml:id="bed98-200480"
            n="bed98/000125-a-1760"
            ecep:lem="by"
            ecep:pos="p-acp"
            ecep:reg="By"
            ecep:spe="By"
            ecep:syllab="1"
            ecep:pron="baɪ">By</w>
         <c> </c>
         <pc xml:id="bed98-200490"
             n="bed98/000125-a-1770"
             ecep:lem="&#34;"
             ecep:pos="&#34;"
             ecep:reg="&#34;"
             ecep:spe="&#34;">"</pc>
         <w xml:id="bed98-200500"
            n="bed98/000125-a-1780"
            ecep:lem="faith"
            ecep:pos="n1"
            ecep:reg="faith"
            ecep:spe="faith"
            ecep:syllab="1"
            ecep:pron="feɪθ">faith</w>
         <pc xml:id="bed98-200510"
             n="bed98/000125-a-1790"
             ecep:lem=","
             ecep:pos=","
             ecep:reg=","
             ecep:spe=",">,</pc>
         <c> </c>
         <w xml:id="bed98-200520"
            n="bed98/000125-a-1800"
            ecep:lem="man"
            ecep:pos="ng1"
            ecep:reg="man's"
            ecep:spe="man's"
            ecep:syllab="1"
            ecep:pron="ˈmænz">man's</w>
         <c> </c>
         <w xml:id="bed98-200530"
            n="bed98/000125-a-1810"
            ecep:lem="early"
            ecep:pos="j"
            ecep:reg="early"
            ecep:spe="early"
            ecep:syllab="2"
            ecep:pron="ˈɜːli">early</w>
         <c> </c>
         <w xml:id="bed98-200540"
            n="bed98/000125-a-1820"
            ecep:lem="immortality"
            ecep:pos="n1"
            ecep:reg="immortality"
            ecep:spe="immortality"
            ecep:syllab="5"
            ecep:pron="ˌɪmɔːˈtæləti">immortality</w>
         <pc xml:id="bed98-200550"
             n="bed98/000125-a-1830"
             ecep:lem="."
             ecep:pos="."
             ecep:reg="."
             ecep:spe=".">.</pc>
         <pc xml:id="bed98-200560"
             n="bed98/000125-a-1840"
             unit="sentence"
             ecep:lem="&#34;"
             ecep:pos="&#34;"
             ecep:reg="&#34;"
             ecep:spe="&#34;">"</pc>
      </l>
      <l xml:id="bed98-l10465">
         <w xml:id="bed98-200570"
            n="bed98/000125-a-1850"
            ecep:lem="through"
            ecep:pos="p-acp"
            ecep:reg="Through"
            ecep:spe="Thro'"
            ecep:syllab="1"
            ecep:pron="θruː">Thro'</w>
         <c> </c>
         <w xml:id="bed98-200580"
            n="bed98/000125-a-1860"
            ecep:lem="these"
            ecep:pos="d"
            ecep:reg="these"
            ecep:spe="these"
            ecep:syllab="1"
            ecep:pron="ðiːz">these</w>
         <c> </c>
         <w xml:id="bed98-200590"
            n="bed98/000125-a-1870"
            ecep:lem="affliction"
            ecep:pos="n2"
            ecep:reg="afflictions"
            ecep:spe="afflictions"
            ecep:syllab="3"
            ecep:pron="əˈflɪkʃnz">afflictions</w>
         <c> </c>
         <w xml:id="bed98-200600"
            n="bed98/000125-a-1880"
            ecep:lem="push"
            ecep:pos="vvi"
            ecep:reg="push"
            ecep:spe="push"
            ecep:syllab="1"
            ecep:pron="pʊʃ">push</w>
         <c> </c>
         <w xml:id="bed98-200610"
            n="bed98/000125-a-1890"
            ecep:lem="with"
            ecep:pos="p-acp"
            ecep:reg="with"
            ecep:spe="with"
            ecep:syllab="1"
            ecep:pron="wɪð">with</w>
         <c> </c>
         <w xml:id="bed98-200620"
            n="bed98/000125-a-1900"
            ecep:lem="vigour"
            ecep:pos="n1"
            ecep:reg="vigour"
            ecep:spe="vigour"
            ecep:syllab="2"
            ecep:pron="ˈvɪgə">vigour</w>
         <c> </c>
         <w xml:id="bed98-200630"
            n="bed98/000125-a-1910"
            ecep:lem="on"
            ecep:pos="a-acp"
            ecep:reg="on"
            ecep:spe="on"
            ecep:syllab="1"
            ecep:pron="ɒn">on</w>
         <pc xml:id="bed98-200640"
             n="bed98/000125-a-1920"
             ecep:lem=","
             ecep:pos=","
             ecep:reg=","
             ecep:spe=",">,</pc>
      </l>
      <l xml:id="bed98-l10470">
         <w xml:id="bed98-200650"
            n="bed98/000125-a-1930"
            ecep:lem="shoot"
            ecep:pos="vvb"
            ecep:reg="Shoot"
            ecep:spe="Shoot"
            ecep:syllab="1"
            ecep:pron="ʃuːt">Shoot</w>
         <c> </c>
         <w xml:id="bed98-200660"
            n="bed98/000125-a-1940"
            ecep:lem="the"
            ecep:pos="dt"
            ecep:reg="the"
            ecep:spe="the"
            ecep:syllab="1"
            ecep:pron="ðiː">the</w>
         <c> </c>
         <w xml:id="bed98-200670"
            n="bed98/000125-a-1950"
            ecep:lem="dark"
            ecep:pos="j"
            ecep:reg="dark"
            ecep:spe="dark"
            ecep:syllab="1"
            ecep:pron="dɑːk">dark</w>
         <c> </c>
         <w xml:id="bed98-200680"
            n="bed98/000125-a-1960"
            ecep:lem="gulph"
            ecep:pos="n1"
            ecep:reg="gulf"
            ecep:spe="gulph"
            ecep:syllab="1"
            ecep:pron="gʌlf">gulph</w>
         <pc xml:id="bed98-200690"
             n="bed98/000125-a-1970"
             ecep:lem=","
             ecep:pos=","
             ecep:reg=","
             ecep:spe=",">,</pc>
         <c> </c>
         <w xml:id="bed98-200700"
            n="bed98/000125-a-1980"
            ecep:lem="and"
            ecep:pos="cc"
            ecep:reg="and"
            ecep:spe="and"
            ecep:syllab="1"
            ecep:pron="ænd">and</w>
         <c> </c>
         <w xml:id="bed98-200710"
            n="bed98/000125-a-1990"
            ecep:lem="seize"
            ecep:pos="vvi"
            ecep:reg="seize"
            ecep:spe="seize"
            ecep:syllab="1"
            ecep:pron="siːz">seize</w>
         <c> </c>
         <w xml:id="bed98-200720"
            n="bed98/000125-a-2000"
            ecep:lem="a"
            ecep:pos="dt"
            ecep:reg="a"
            ecep:spe="a"
            ecep:syllab="1"
            ecep:pron="ə">a</w>
         <c> </c>
         <w xml:id="bed98-200730"
            n="bed98/000125-a-2010"
            ecep:lem="heavenly"
            ecep:pos="j"
            ecep:reg="heavenly"
            ecep:spe="heavenly"
            ecep:syllab="2"
            ecep:pron="ˈhevnli">heavenly</w>
         <c> </c>
         <w xml:id="bed98-200740"
            n="bed98/000125-a-2020"
            ecep:lem="crown"
            ecep:pos="n1"
            ecep:reg="crown"
            ecep:spe="crown"
            ecep:syllab="1"
            ecep:pron="kraʊn">crown</w>
         <pc xml:id="bed98-200750"
             n="bed98/000125-a-2030"
             unit="sentence"
             ecep:lem="."
             ecep:pos="."
             ecep:reg="."
             ecep:spe=".">.</pc>
      </l>
   </lg>
</div>
