<?xml version="1.0" encoding="UTF-8"?>
<?xml-model href="../tei_all.rnc" type="application/relax-ng-compact-syntax"?>
<TEI xmlns="http://www.tei-c.org/ns/1.0">
   <teiHeader>
      <fileDesc>
         <titleStmt>
            <title corresp="#txt_LittJa1759_w0006">THE FICKLE PAIR.</title>
            <author corresp="authors.xml#aut_LittJa1759">Janet Little (later Richmond)</author>
            <respStmt>
               <name xml:id="AH">Alexander Huber</name>
               <resp>Editor</resp>
            </respStmt>
            <funder>
               <name type="institution" xml:id="BOD">Bodleian Libraries, University of Oxford</name>
               <address>
                  <addrLine>Broad Street</addrLine>
                  <addrLine>Oxford OX1 3BG</addrLine>
                  <addrLine>UK</addrLine>
               </address>
            </funder>
         </titleStmt>
         <publicationStmt>
            <publisher xml:id="ECPA">Eighteenth-Century Poetry Archive</publisher>
            <address>
               <addrLine>Taylor Institution Library</addrLine>
               <addrLine>St Giles'</addrLine>
               <addrLine>Oxford OX1 3NA</addrLine>
               <addrLine>UK</addrLine>
               <addrLine>
                  <email>info@eighteenthcenturypoetry.org</email>
               </addrLine>
               <addrLine>
                  <ref target="https://www.eighteenthcenturypoetry.org/">https://www.eighteenthcenturypoetry.org/</ref>
               </addrLine>
            </address>
            <pubPlace>Oxford</pubPlace>
            <availability status="restricted">
               <licence target="http://creativecommons.org/licenses/by-sa/3.0/">This work is licensed under a Creative Commons Attribution-ShareAlike 3.0 Unported License.</licence>
            </availability>
            <idno type="ESTC">T126549</idno>
         </publicationStmt>
         <sourceDesc>
            <bibl>
               <author>Little, Janet, 1759-1813.</author>
               <title>The Poetical Works of Janet Little, the Scotch Milkmaid.</title>
               <pubPlace>Air</pubPlace>
               <publisher>Printed by John &amp; Peter Wilson</publisher>
               <date>1792</date>
               <biblScope>pp. [40]-41.</biblScope>
               <extent/>
            </bibl>
         </sourceDesc>
      </fileDesc>
      <encodingDesc>
         <projectDesc>
            <p>This e-text is part of the Works section of the Eighteenth-Century Poetry Archive (ECPA).</p>
            <p>XML created for the Eighteenth-Century Poetry Archive (ECPA).</p>
         </projectDesc>
         <editorialDecl>
            <p>Typography, spelling, capitalization, and punctuation have been cautiously modernized. The source of the text is given and all significant
						editorial interventions have been recorded in textual notes. This  text has been edited to conform to the recommendations found 
						in Level 5 of the
						Best Practices for TEI in Libraries version 4.0.0.
					</p>
         </editorialDecl>
         <classDecl>
            <taxonomy xml:id="LCNAF">
               <bibl>Library of Congress Name Authority File (<abbr>LCNAF</abbr>)</bibl>
            </taxonomy>
         </classDecl>
         <tagsDecl>
            <rendition n="linegroups indented" xml:id="lgindent" scheme="css">text-indent: 1em;</rendition>
            <rendition n="linegroups vertically spaced" xml:id="lgvspace" scheme="css">margin-bottom: 1em;</rendition>
            <rendition n="aligned centrally" xml:id="align-center" scheme="css">text-align: center;</rendition>
            <rendition n="aligned right" xml:id="align-right" scheme="css">text-align: right;</rendition>
            <rendition n="aligned left" xml:id="align-left" scheme="css">text-align: left;</rendition>
            <rendition n="inline" xml:id="inline" scheme="css">display: inline</rendition>
            <rendition n="italic" xml:id="i" scheme="css">font-style: italic;</rendition>
            <rendition n="bold" xml:id="b" scheme="css">font-weight: bold;</rendition>
         </tagsDecl>
      </encodingDesc>
   </teiHeader>
   <text>
      <body>
         <div xmlns:ecep="http://www.eighteenthcenturypoetry.org/ns"
              xmlns:tei="http://www.tei-c.org/ns/1.0"
              ana="#iamb #tetrameter #quatrain #mockheroic #cross"
              corresp="#txt_LittJa1759_w0006"
              decls="#semi-diplomatic"
              ecep:syllab="8.7.8.7"
              met="-+|-+|-+|-+/ -+|-+|-+|-/ -+|-+|-+|-+/ -+|-+|-+|-/"
              rendition="#lgindent"
              rhyme="abab"
              subtype="eceptext"
              type="poem"
              xml:id="bjl92-w0060">
            <link target="authors.xml#aut_LittJa1759" type="author"/>
            <head type="main">
               <w xml:id="bjl92-078230"
                  n="bjl92/000050-a-0010"
                  ecep:lem="the"
                  ecep:pos="dt"
                  ecep:reg="THE"
                  ecep:spe="THE"
                  ecep:syllab="1"
                  ecep:pron="ðiː">THE</w>
               <c> </c>
               <hi>
                  <w xml:id="bjl92-078240"
                     n="bjl92/000050-a-0020"
                     ecep:lem="fickle"
                     ecep:pos="j"
                     ecep:reg="FICKLE"
                     ecep:spe="FICKLE"
                     ecep:syllab="2"
                     ecep:pron="ˈfɪkl">FICKLE</w>
                  <c> </c>
                  <w xml:id="bjl92-078250"
                     n="bjl92/000050-a-0030"
                     ecep:lem="pair"
                     ecep:pos="n1"
                     ecep:reg="PAIR"
                     ecep:spe="PAIR"
                     ecep:syllab="1"
                     ecep:pron="peə">PAIR</w>
                  <pc xml:id="bjl92-078260"
                      n="bjl92/000050-a-0040"
                      unit="sentence"
                      ecep:lem="."
                      ecep:pos="."
                      ecep:reg="."
                      ecep:spe=".">.</pc>
                  <c> </c>
               </hi>
            </head>
            <lg xml:id="bjl92-s00190">
               <l xml:id="bjl92-l01195">
                  <w xml:id="bjl92-078290"
                     n="bjl92/000050-a-0050"
                     ecep:lem="Damon"
                     ecep:pos="np1"
                     ecep:reg="DAMON"
                     ecep:spe="DAMON"
                     ecep:syllab="2"
                     ecep:pron="ˈdeɪmən">DAMON</w>
                  <c> </c>
                  <w xml:id="bjl92-078300"
                     n="bjl92/000050-a-0060"
                     ecep:lem="and"
                     ecep:pos="cc"
                     ecep:reg="and"
                     ecep:spe="and"
                     ecep:syllab="1"
                     ecep:pron="ænd">and</w>
                  <c> </c>
                  <w xml:id="bjl92-078310"
                     n="bjl92/000050-a-0070"
                     ecep:lem="Phillis"
                     ecep:pos="np1"
                     ecep:reg="Phillis"
                     ecep:spe="Phillis"
                     ecep:syllab="2"
                     ecep:pron="fˈɪliz">Phillis</w>
                  <pc xml:id="bjl92-078320"
                      n="bjl92/000050-a-0080"
                      ecep:lem=","
                      ecep:pos=","
                      ecep:reg=","
                      ecep:spe=",">,</pc>
                  <c> </c>
                  <w xml:id="bjl92-078330"
                     n="bjl92/000050-a-0090"
                     ecep:lem="oth"
                     ecep:pos="j-jn"
                     ecep:reg="other"
                     ecep:spe="'tother"
                     ecep:syllab="2"
                     ecep:pron="tˈʌðə">'tother</w>
                  <c> </c>
                  <w xml:id="bjl92-078340"
                     n="bjl92/000050-a-0100"
                     ecep:lem="day"
                     ecep:pos="n1"
                     ecep:reg="day"
                     ecep:spe="day"
                     ecep:syllab="1"
                     ecep:pron="deɪ">day</w>
                  <pc xml:id="bjl92-078350"
                      n="bjl92/000050-a-0110"
                      ecep:lem=","
                      ecep:pos=","
                      ecep:reg=","
                      ecep:spe=",">,</pc>
               </l>
               <l rendition="#h_4" xml:id="bjl92-l01200">
                  <c> </c>
                  <w xml:id="bjl92-078360"
                     n="bjl92/000050-a-0120"
                     ecep:lem="to"
                     ecep:pos="p-acp"
                     ecep:reg="To"
                     ecep:spe="To"
                     ecep:syllab="1"
                     ecep:pron="tuː">To</w>
                  <c> </c>
                  <w xml:id="bjl92-078370"
                     n="bjl92/000050-a-0130"
                     ecep:lem="Hymen"
                     ecep:pos="npg1"
                     ecep:reg="Hymen's"
                     ecep:spe="Hymen's"
                     ecep:syllab="2"
                     ecep:pron="ˈhaɪmenz">Hymen's</w>
                  <c> </c>
                  <w xml:id="bjl92-078380"
                     n="bjl92/000050-a-0140"
                     ecep:lem="altar"
                     ecep:pos="n1"
                     ecep:reg="altar"
                     ecep:spe="altar"
                     ecep:syllab="2"
                     ecep:pron="ˈɔːltə">altar</w>
                  <c> </c>
                  <w xml:id="bjl92-078390"
                     n="bjl92/000050-a-0150"
                     ecep:lem="hasten"
                     ecep:pos="vvn"
                     ecep:reg="hastened"
                     ecep:spe="hasten'd"
                     ecep:syllab="2"
                     ecep:pron="ˈheɪsnd">hasten'd</w>
                  <pc xml:id="bjl92-078400"
                      n="bjl92/000050-a-0160"
                      ecep:lem=";"
                      ecep:pos=";"
                      ecep:reg=";"
                      ecep:spe=";">;</pc>
               </l>
               <l xml:id="bjl92-l01205">
                  <c> </c>
                  <w xml:id="bjl92-078410"
                     n="bjl92/000050-a-0170"
                     ecep:lem="they"
                     ecep:pos="pns32"
                     ecep:reg="They"
                     ecep:spe="They"
                     ecep:syllab="1"
                     ecep:pron="ðeɪ">They</w>
                  <c> </c>
                  <w xml:id="bjl92-078420"
                     n="bjl92/000050-a-0180"
                     ecep:lem="talk"
                     ecep:pos="vvd"
                     ecep:reg="talked"
                     ecep:spe="talk'd"
                     ecep:syllab="1"
                     ecep:pron="ˈtɔːkt">talk'd</w>
                  <c> </c>
                  <w xml:id="bjl92-078430"
                     n="bjl92/000050-a-0190"
                     ecep:lem="of"
                     ecep:pos="pp-f"
                     ecep:reg="of"
                     ecep:spe="of"
                     ecep:syllab="1"
                     ecep:pron="ɒv">of</w>
                  <c> </c>
                  <w xml:id="bjl92-078440"
                     n="bjl92/000050-a-0200"
                     ecep:lem="love"
                     ecep:pos="n1"
                     ecep:reg="love"
                     ecep:spe="love"
                     ecep:syllab="1"
                     ecep:pron="lʌv">love</w>
                  <c> </c>
                  <w xml:id="bjl92-078450"
                     n="bjl92/000050-a-0210"
                     ecep:lem="along"
                     ecep:pos="p-acp"
                     ecep:reg="along"
                     ecep:spe="along"
                     ecep:syllab="2"
                     ecep:pron="əˈlɒŋ">along</w>
                  <c> </c>
                  <w xml:id="bjl92-078460"
                     n="bjl92/000050-a-0220"
                     ecep:lem="the"
                     ecep:pos="dt"
                     ecep:reg="the"
                     ecep:spe="the"
                     ecep:syllab="1"
                     ecep:pron="ðiː">the</w>
                  <c> </c>
                  <w xml:id="bjl92-078470"
                     n="bjl92/000050-a-0230"
                     ecep:lem="way"
                     ecep:pos="n1"
                     ecep:reg="way"
                     ecep:spe="way"
                     ecep:syllab="1"
                     ecep:pron="weɪ">way</w>
                  <pc xml:id="bjl92-078480"
                      n="bjl92/000050-a-0240"
                      ecep:lem=","
                      ecep:pos=","
                      ecep:reg=","
                      ecep:spe=",">,</pc>
               </l>
               <l rendition="#h_4" xml:id="bjl92-l01210">
                  <c> </c>
                  <w xml:id="bjl92-078490"
                     n="bjl92/000050-a-0250"
                     ecep:lem="and"
                     ecep:pos="cc"
                     ecep:reg="And"
                     ecep:spe="And"
                     ecep:syllab="1"
                     ecep:pron="ænd">And</w>
                  <c> </c>
                  <w xml:id="bjl92-078500"
                     n="bjl92/000050-a-0260"
                     ecep:lem="wish"
                     ecep:pos="vvd"
                     ecep:reg="wished"
                     ecep:spe="wish'd"
                     ecep:syllab="1"
                     ecep:pron="wɪʃt">wish'd</w>
                  <c> </c>
                  <w xml:id="bjl92-078510"
                     n="bjl92/000050-a-0270"
                     ecep:lem="the"
                     ecep:pos="dt"
                     ecep:reg="the"
                     ecep:spe="the"
                     ecep:syllab="1"
                     ecep:pron="ðiː">the</w>
                  <c> </c>
                  <w xml:id="bjl92-078520"
                     n="bjl92/000050-a-0280"
                     ecep:lem="knot"
                     ecep:pos="n1"
                     ecep:reg="knot"
                     ecep:spe="knot"
                     ecep:syllab="1"
                     ecep:pron="nɒt">knot</w>
                  <c> </c>
                  <w xml:id="bjl92-078530"
                     n="bjl92/000050-a-0290"
                     ecep:lem="well"
                     ecep:pos="av"
                     ecep:reg="well"
                     ecep:spe="well"
                     ecep:syllab="1"
                     ecep:pron="wel">well</w>
                  <c> </c>
                  <w xml:id="bjl92-078540"
                     n="bjl92/000050-a-0300"
                     ecep:lem="fasten"
                     ecep:pos="vvn"
                     ecep:reg="fastened"
                     ecep:spe="fasten'd"
                     ecep:syllab="2"
                     ecep:pron="ˈfɑːsnd">fasten'd</w>
                  <pc xml:id="bjl92-078550"
                      n="bjl92/000050-a-0310"
                      unit="sentence"
                      ecep:lem="."
                      ecep:pos="."
                      ecep:reg="."
                      ecep:spe=".">.</pc>
                  <c> </c>
               </l>
            </lg>
            <lg xml:id="bjl92-s00195">
               <l xml:id="bjl92-l01215">
                  <w xml:id="bjl92-078580"
                     n="bjl92/000050-a-0320"
                     ecep:lem="a"
                     ecep:pos="dt"
                     ecep:reg="A"
                     ecep:spe="A"
                     ecep:syllab="1"
                     ecep:pron="ə">A</w>
                  <c> </c>
                  <w xml:id="bjl92-078590"
                     n="bjl92/000050-a-0330"
                     ecep:lem="church"
                     ecep:pos="n1"
                     ecep:reg="church"
                     ecep:spe="church"
                     ecep:syllab="1"
                     ecep:pron="tʃɜːtʃ">church</w>
                  <c> </c>
                  <w xml:id="bjl92-078600"
                     n="bjl92/000050-a-0340"
                     ecep:lem="the"
                     ecep:pos="dt"
                     ecep:reg="the"
                     ecep:spe="the"
                     ecep:syllab="1"
                     ecep:pron="ðiː">the</w>
                  <c> </c>
                  <w xml:id="bjl92-078610"
                     n="bjl92/000050-a-0350"
                     ecep:lem="will"
                     ecep:pos="j-vvg"
                     ecep:reg="willing"
                     ecep:spe="willing"
                     ecep:syllab="2"
                     ecep:pron="ˈwɪlɪŋ">willing</w>
                  <c> </c>
                  <w xml:id="bjl92-078620"
                     n="bjl92/000050-a-0360"
                     ecep:lem="pair"
                     ecep:pos="n1"
                     ecep:reg="pair"
                     ecep:spe="pair"
                     ecep:syllab="1"
                     ecep:pron="peə">pair</w>
                  <c> </c>
                  <w xml:id="bjl92-078630"
                     n="bjl92/000050-a-0370"
                     ecep:lem="perceive"
                     ecep:pos="vvd"
                     ecep:reg="perceived"
                     ecep:spe="perceiv'd"
                     ecep:syllab="2"
                     ecep:pron="pəˈsiːvd">perceiv'd</w>
                  <pc xml:id="bjl92-078640"
                      n="bjl92/000050-a-0380"
                      ecep:lem=","
                      ecep:pos=","
                      ecep:reg=","
                      ecep:spe=",">,</pc>
               </l>
               <l rendition="#h_4" xml:id="bjl92-l01220">
                  <c> </c>
                  <w xml:id="bjl92-078650"
                     n="bjl92/000050-a-0390"
                     ecep:lem="with"
                     ecep:pos="p-acp"
                     ecep:reg="With"
                     ecep:spe="With"
                     ecep:syllab="1"
                     ecep:pron="wɪð">With</w>
                  <c> </c>
                  <w xml:id="bjl92-078660"
                     n="bjl92/000050-a-0400"
                     ecep:lem="portal"
                     ecep:pos="n2"
                     ecep:reg="portals"
                     ecep:spe="portals"
                     ecep:syllab="2"
                     ecep:pron="ˈpɔːtlz">portals</w>
                  <c> </c>
                  <w xml:id="bjl92-078670"
                     n="bjl92/000050-a-0410"
                     ecep:lem="wide"
                     ecep:pos="av-j"
                     ecep:reg="wide"
                     ecep:spe="wide"
                     ecep:syllab="1"
                     ecep:pron="waɪd">wide</w>
                  <c> </c>
                  <w xml:id="bjl92-078680"
                     n="bjl92/000050-a-0420"
                     ecep:lem="expand"
                     ecep:pos="vvn"
                     ecep:reg="expanded"
                     ecep:spe="expanded"
                     ecep:syllab="3"
                     ecep:pron="ɪkˈspændɪd">expanded</w>
                  <pc xml:id="bjl92-078690"
                      n="bjl92/000050-a-0430"
                      ecep:lem=";"
                      ecep:pos=";"
                      ecep:reg=";"
                      ecep:spe=";">;</pc>
               </l>
               <l xml:id="bjl92-l01225">
                  <c> </c>
                  <w xml:id="bjl92-078700"
                     n="bjl92/000050-a-0440"
                     ecep:lem="the"
                     ecep:pos="dt"
                     ecep:reg="The"
                     ecep:spe="The"
                     ecep:syllab="1"
                     ecep:pron="ðiː">The</w>
                  <c> </c>
                  <w xml:id="bjl92-078710"
                     n="bjl92/000050-a-0450"
                     ecep:lem="priest"
                     ecep:pos="n1"
                     ecep:reg="priest"
                     ecep:spe="priest"
                     ecep:syllab="1"
                     ecep:pron="priːst">priest</w>
                  <c> </c>
                  <w xml:id="bjl92-078720"
                     n="bjl92/000050-a-0460"
                     ecep:lem="a"
                     ecep:pos="dt"
                     ecep:reg="a"
                     ecep:spe="a"
                     ecep:syllab="1"
                     ecep:pron="ə">a</w>
                  <c> </c>
                  <w xml:id="bjl92-078730"
                     n="bjl92/000050-a-0470"
                     ecep:lem="speedy"
                     ecep:pos="j"
                     ecep:reg="speedy"
                     ecep:spe="speedy"
                     ecep:syllab="2"
                     ecep:pron="ˈspiːdi">speedy</w>
                  <c> </c>
                  <w xml:id="bjl92-078740"
                     n="bjl92/000050-a-0480"
                     ecep:lem="audience"
                     ecep:pos="n1"
                     ecep:reg="audience"
                     ecep:spe="audience"
                     ecep:syllab="3"
                     ecep:pron="ˈɔːdiəns">audience</w>
                  <c> </c>
                  <w xml:id="bjl92-078750"
                     n="bjl92/000050-a-0490"
                     ecep:lem="crave"
                     ecep:pos="vvd"
                     ecep:reg="craved"
                     ecep:spe="crav'd"
                     ecep:syllab="1"
                     ecep:pron="kreɪvd">crav'd</w>
                  <pc xml:id="bjl92-078760"
                      n="bjl92/000050-a-0500"
                      ecep:lem=","
                      ecep:pos=","
                      ecep:reg=","
                      ecep:spe=",">,</pc>
               </l>
               <l rendition="#h_4" xml:id="bjl92-l01230">
                  <c> </c>
                  <w xml:id="bjl92-078770"
                     n="bjl92/000050-a-0510"
                     ecep:lem="and"
                     ecep:pos="cc"
                     ecep:reg="And"
                     ecep:spe="And"
                     ecep:syllab="1"
                     ecep:pron="ænd">And</w>
                  <c> </c>
                  <w xml:id="bjl92-078780"
                     n="bjl92/000050-a-0520"
                     ecep:lem="in"
                     ecep:pos="p-acp"
                     ecep:reg="in"
                     ecep:spe="in"
                     ecep:syllab="1"
                     ecep:pron="ɪn">in</w>
                  <c> </c>
                  <w xml:id="bjl92-078790"
                     n="bjl92/000050-a-0530"
                     ecep:lem="the"
                     ecep:pos="dt"
                     ecep:reg="the"
                     ecep:spe="the"
                     ecep:syllab="1"
                     ecep:pron="ðiː">the</w>
                  <c> </c>
                  <w xml:id="bjl92-078800"
                     n="bjl92/000050-a-0540"
                     ecep:lem="bride"
                     ecep:pos="n1"
                     ecep:reg="bride"
                     ecep:spe="bride"
                     ecep:syllab="1"
                     ecep:pron="braɪd">bride</w>
                  <c> </c>
                  <w xml:id="bjl92-078810"
                     n="bjl92/000050-a-0550"
                     ecep:lem="be"
                     ecep:pos="vbds"
                     ecep:reg="was"
                     ecep:spe="was"
                     ecep:syllab="1"
                     ecep:pron="wɒz">was</w>
                  <c> </c>
                  <w xml:id="bjl92-078820"
                     n="bjl92/000050-a-0560"
                     ecep:lem="hand"
                     ecep:pos="vvn"
                     ecep:reg="handed"
                     ecep:spe="handed"
                     ecep:syllab="2"
                     ecep:pron="hændɪd">handed</w>
                  <pc xml:id="bjl92-078830"
                      n="bjl92/000050-a-0570"
                      unit="sentence"
                      ecep:lem="."
                      ecep:pos="."
                      ecep:reg="."
                      ecep:spe=".">.</pc>
                  <c> </c>
               </l>
            </lg>
            <lg xml:id="bjl92-s00200">
               <l xml:id="bjl92-l01235">
                  <w xml:id="bjl92-078860"
                     n="bjl92/000050-a-0580"
                     ecep:lem="when"
                     ecep:pos="c-crq"
                     ecep:reg="When"
                     ecep:spe="When"
                     ecep:syllab="1"
                     ecep:pron="wen">When</w>
                  <c> </c>
                  <w xml:id="bjl92-078870"
                     n="bjl92/000050-a-0590"
                     ecep:lem="lo"
                     ecep:pos="uh"
                     ecep:reg="lo"
                     ecep:spe="lo"
                     ecep:syllab="1"
                     ecep:pron="ləʊ">lo</w>
                  <pc xml:id="bjl92-078880"
                      n="bjl92/000050-a-0600"
                      unit="sentence"
                      ecep:lem="!"
                      ecep:pos="!"
                      ecep:reg="!"
                      ecep:spe="!">!</pc>
                  <c> </c>
                  <w xml:id="bjl92-078890"
                     n="bjl92/000050-a-0610"
                     ecep:lem="a"
                     ecep:pos="dt"
                     ecep:reg="a"
                     ecep:spe="a"
                     ecep:syllab="1"
                     ecep:pron="ə">a</w>
                  <c> </c>
                  <w xml:id="bjl92-078900"
                     n="bjl92/000050-a-0620"
                     ecep:lem="tremor"
                     ecep:pos="n1"
                     ecep:reg="tremor"
                     ecep:spe="tremor"
                     ecep:syllab="2"
                     ecep:pron="ˈtremə">tremor</w>
                  <c> </c>
                  <w xml:id="bjl92-078910"
                     n="bjl92/000050-a-0630"
                     ecep:lem="seize"
                     ecep:pos="vvd"
                     ecep:reg="seized"
                     ecep:spe="seiz'd"
                     ecep:syllab="1"
                     ecep:pron="siːzd">seiz'd</w>
                  <c> </c>
                  <w xml:id="bjl92-078920"
                     n="bjl92/000050-a-0640"
                     ecep:lem="the"
                     ecep:pos="dt"
                     ecep:reg="the"
                     ecep:spe="the"
                     ecep:syllab="1"
                     ecep:pron="ðiː">the</w>
                  <c> </c>
                  <w xml:id="bjl92-078930"
                     n="bjl92/000050-a-0650"
                     ecep:lem="fair"
                     ecep:pos="j"
                     ecep:reg="fair"
                     ecep:spe="fair"
                     ecep:syllab="1"
                     ecep:pron="feə">fair</w>
                  <pc xml:id="bjl92-078940"
                      n="bjl92/000050-a-0660"
                      ecep:lem=","
                      ecep:pos=","
                      ecep:reg=","
                      ecep:spe=",">,</pc>
               </l>
               <l rendition="#h_4" xml:id="bjl92-l01240">
                  <c> </c>
                  <w xml:id="bjl92-078950"
                     n="bjl92/000050-a-0670"
                     ecep:lem="in"
                     ecep:pos="p-acp"
                     ecep:reg="In"
                     ecep:spe="In"
                     ecep:syllab="1"
                     ecep:pron="ɪn">In</w>
                  <c> </c>
                  <w xml:id="bjl92-078960"
                     n="bjl92/000050-a-0680"
                     ecep:lem="marriage"
                     ecep:pos="n1"
                     ecep:reg="marriage"
                     ecep:spe="marriage"
                     ecep:syllab="2"
                     ecep:pron="ˈmærɪdʒ">marriage</w>
                  <c> </c>
                  <w xml:id="bjl92-078970"
                     n="bjl92/000050-a-0690"
                     ecep:lem="robe"
                     ecep:pos="n2"
                     ecep:reg="robes"
                     ecep:spe="robes"
                     ecep:syllab="1"
                     ecep:pron="rəʊbz">robes</w>
                  <c> </c>
                  <w xml:id="bjl92-078980"
                     n="bjl92/000050-a-0700"
                     ecep:lem="adorn"
                     ecep:pos="vvn"
                     ecep:reg="adorned"
                     ecep:spe="adorned"
                     ecep:syllab="2"
                     ecep:pron="əˈdɔːnd">adorned</w>
                  <pc xml:id="bjl92-078990"
                      n="bjl92/000050-a-0710"
                      ecep:lem=";"
                      ecep:pos=";"
                      ecep:reg=";"
                      ecep:spe=";">;</pc>
               </l>
               <l xml:id="bjl92-l01245">
                  <c> </c>
                  <w xml:id="bjl92-079000"
                     n="bjl92/000050-a-0720"
                     ecep:lem="she"
                     ecep:pos="pns31"
                     ecep:reg="She"
                     ecep:spe="She"
                     ecep:syllab="1"
                     ecep:pron="ʃiː">She</w>
                  <c> </c>
                  <w xml:id="bjl92-079010"
                     n="bjl92/000050-a-0730"
                     ecep:lem="leave"
                     ecep:pos="vvd"
                     ecep:reg="left"
                     ecep:spe="left"
                     ecep:syllab="1"
                     ecep:pron="left">left</w>
                  <c> </c>
                  <w xml:id="bjl92-079020"
                     n="bjl92/000050-a-0740"
                     ecep:lem="the"
                     ecep:pos="dt"
                     ecep:reg="the"
                     ecep:spe="the"
                     ecep:syllab="1"
                     ecep:pron="ðiː">the</w>
                  <c> </c>
                  <w xml:id="bjl92-079030"
                     n="bjl92/000050-a-0750"
                     ecep:lem="youth"
                     ecep:pos="n1"
                     ecep:reg="youth"
                     ecep:spe="youth"
                     ecep:syllab="1"
                     ecep:pron="juːθ">youth</w>
                  <c> </c>
                  <w xml:id="bjl92-079040"
                     n="bjl92/000050-a-0760"
                     ecep:lem="perplex"
                     ecep:pos="vvn"
                     ecep:reg="perplexed"
                     ecep:spe="perplex'd"
                     ecep:syllab="2"
                     ecep:pron="pəˈplekst">perplex'd</w>
                  <c> </c>
                  <w xml:id="bjl92-079050"
                     n="bjl92/000050-a-0770"
                     ecep:lem="with"
                     ecep:pos="p-acp"
                     ecep:reg="with"
                     ecep:spe="with"
                     ecep:syllab="1"
                     ecep:pron="wɪð">with</w>
                  <c> </c>
                  <w xml:id="bjl92-079060"
                     n="bjl92/000050-a-0780"
                     ecep:lem="care"
                     ecep:pos="n1"
                     ecep:reg="care"
                     ecep:spe="care"
                     ecep:syllab="1"
                     ecep:pron="keə">care</w>
                  <pc xml:id="bjl92-079070"
                      n="bjl92/000050-a-0790"
                      ecep:lem=","
                      ecep:pos=","
                      ecep:reg=","
                      ecep:spe=",">,</pc>
               </l>
               <l rendition="#h_4" xml:id="bjl92-l01250">
                  <c> </c>
                  <w xml:id="bjl92-079080"
                     n="bjl92/000050-a-0800"
                     ecep:lem="the"
                     ecep:pos="dt"
                     ecep:reg="The"
                     ecep:spe="The"
                     ecep:syllab="1"
                     ecep:pron="ðiː">The</w>
                  <c> </c>
                  <w xml:id="bjl92-079090"
                     n="bjl92/000050-a-0810"
                     ecep:lem="rite"
                     ecep:pos="n2"
                     ecep:reg="rites"
                     ecep:spe="rites"
                     ecep:syllab="1"
                     ecep:pron="raɪts">rites</w>
                  <c> </c>
                  <w xml:id="bjl92-079100"
                     n="bjl92/000050-a-0820"
                     ecep:lem="yet"
                     ecep:pos="av"
                     ecep:reg="yet"
                     ecep:spe="yet"
                     ecep:syllab="1"
                     ecep:pron="jet">yet</w>
                  <c> </c>
                  <w xml:id="bjl92-079110"
                     n="bjl92/000050-a-0830"
                     ecep:lem="unperformed"
                     ecep:pos="j"
                     ecep:reg="unperformed"
                     ecep:spe="unperformed"
                     ecep:syllab="1"
                     ecep:pron="ˌʌnpəˈfɔːmd">unperformed</w>
                  <pc xml:id="bjl92-079120"
                      n="bjl92/000050-a-0840"
                      unit="sentence"
                      ecep:lem="."
                      ecep:pos="."
                      ecep:reg="."
                      ecep:spe=".">.</pc>
                  <c> </c>
               </l>
            </lg>
            <pb facs="bjl92/000051" n="41" rend="none"/>
            <lg xml:id="bjl92-s00205">
               <l xml:id="bjl92-l01255">
                  <w xml:id="bjl92-079150"
                     n="bjl92/000051-a-0010"
                     ecep:lem="with"
                     ecep:pos="p-acp"
                     ecep:reg="With"
                     ecep:spe="With"
                     ecep:syllab="1"
                     ecep:pron="wɪð">With</w>
                  <c> </c>
                  <w xml:id="bjl92-079160"
                     n="bjl92/000051-a-0020"
                     ecep:lem="eager"
                     ecep:pos="j"
                     ecep:reg="eager"
                     ecep:spe="eager"
                     ecep:syllab="2"
                     ecep:pron="ˈiːgə">eager</w>
                  <c> </c>
                  <w xml:id="bjl92-079170"
                     n="bjl92/000051-a-0030"
                     ecep:lem="step"
                     ecep:pos="n2"
                     ecep:reg="steps"
                     ecep:spe="steps"
                     ecep:syllab="1"
                     ecep:pron="steps">steps</w>
                  <c> </c>
                  <w xml:id="bjl92-079180"
                     n="bjl92/000051-a-0040"
                     ecep:lem="he"
                     ecep:pos="pns31"
                     ecep:reg="he"
                     ecep:spe="he"
                     ecep:syllab="1"
                     ecep:pron="hiː">he</w>
                  <c> </c>
                  <w xml:id="bjl92-079190"
                     n="bjl92/000051-a-0050"
                     ecep:lem="swift"
                     ecep:pos="j"
                     ecep:reg="swift"
                     ecep:spe="swift"
                     ecep:syllab="1"
                     ecep:pron="swɪft">swift</w>
                  <c> </c>
                  <w xml:id="bjl92-079200"
                     n="bjl92/000051-a-0060"
                     ecep:lem="pursue"
                     ecep:pos="vvd"
                     ecep:reg="pursued"
                     ecep:spe="pursu'd"
                     ecep:syllab="2"
                     ecep:pron="pəˈsjuːd">pursu'd</w>
               </l>
               <l rendition="#h_4" xml:id="bjl92-l01260">
                  <c> </c>
                  <w xml:id="bjl92-079210"
                     n="bjl92/000051-a-0070"
                     ecep:lem="the"
                     ecep:pos="dt"
                     ecep:reg="The"
                     ecep:spe="The"
                     ecep:syllab="1"
                     ecep:pron="ðiː">The</w>
                  <c> </c>
                  <w xml:id="bjl92-079220"
                     n="bjl92/000051-a-0080"
                     ecep:lem="object"
                     ecep:pos="n1"
                     ecep:reg="object"
                     ecep:spe="object"
                     ecep:syllab="2"
                     ecep:pron="ˈɒbdʒɪkt">object</w>
                  <c> </c>
                  <w xml:id="bjl92-079230"
                     n="bjl92/000051-a-0090"
                     ecep:lem="of"
                     ecep:pos="pp-f"
                     ecep:reg="of"
                     ecep:spe="of"
                     ecep:syllab="1"
                     ecep:pron="ɒv">of</w>
                  <c> </c>
                  <w xml:id="bjl92-079240"
                     n="bjl92/000051-a-0100"
                     ecep:lem="his"
                     ecep:pos="po31"
                     ecep:reg="his"
                     ecep:spe="his"
                     ecep:syllab="1"
                     ecep:pron="hɪz">his</w>
                  <c> </c>
                  <w xml:id="bjl92-079250"
                     n="bjl92/000051-a-0110"
                     ecep:lem="wish"
                     ecep:pos="n2"
                     ecep:reg="wishes"
                     ecep:spe="wishes"
                     ecep:syllab="2"
                     ecep:pron="wɪʃɪz">wishes</w>
                  <pc xml:id="bjl92-079260"
                      n="bjl92/000051-a-0120"
                      ecep:lem=","
                      ecep:pos=","
                      ecep:reg=","
                      ecep:spe=",">,</pc>
               </l>
               <l xml:id="bjl92-l01265">
                  <c> </c>
                  <w xml:id="bjl92-079270"
                     n="bjl92/000051-a-0130"
                     ecep:lem="and"
                     ecep:pos="cc"
                     ecep:reg="And"
                     ecep:spe="And"
                     ecep:syllab="1"
                     ecep:pron="ænd">And</w>
                  <c> </c>
                  <w xml:id="bjl92-079280"
                     n="bjl92/000051-a-0140"
                     ecep:lem="with"
                     ecep:pos="p-acp"
                     ecep:reg="with"
                     ecep:spe="with"
                     ecep:syllab="1"
                     ecep:pron="wɪð">with</w>
                  <c> </c>
                  <w xml:id="bjl92-079290"
                     n="bjl92/000051-a-0150"
                     ecep:lem="redouble"
                     ecep:pos="j-vvn"
                     ecep:reg="redoubled"
                     ecep:spe="redoubl'd"
                     ecep:syllab="2"
                     ecep:pron="ˌriːˈdʌbld">redoubl'd</w>
                  <c> </c>
                  <w xml:id="bjl92-079300"
                     n="bjl92/000051-a-0160"
                     ecep:lem="ardour"
                     ecep:pos="n1"
                     ecep:reg="ardour"
                     ecep:spe="ardour"
                     ecep:syllab="2"
                     ecep:pron="ˈɑːdə">ardour</w>
                  <c> </c>
                  <w xml:id="bjl92-079310"
                     n="bjl92/000051-a-0170"
                     ecep:lem="woo"
                     ecep:pos="vvd"
                     ecep:reg="wooed"
                     ecep:spe="woo'd"
                     ecep:syllab="1"
                     ecep:pron="wuːd">woo'd</w>
               </l>
               <l rendition="#h_4" xml:id="bjl92-l01270">
                  <c> </c>
                  <w xml:id="bjl92-079320"
                     n="bjl92/000051-a-0180"
                     ecep:lem="she"
                     ecep:pos="pno31"
                     ecep:reg="Her"
                     ecep:spe="Her"
                     ecep:syllab="1"
                     ecep:pron="hɜː">Her</w>
                  <c> </c>
                  <w xml:id="bjl92-079330"
                     n="bjl92/000051-a-0190"
                     ecep:lem="to"
                     ecep:pos="p-acp"
                     ecep:reg="to"
                     ecep:spe="to"
                     ecep:syllab="1"
                     ecep:pron="tuː">to</w>
                  <c> </c>
                  <w xml:id="bjl92-079340"
                     n="bjl92/000051-a-0200"
                     ecep:lem="complete"
                     ecep:pos="j"
                     ecep:reg="complete"
                     ecep:spe="complete"
                     ecep:syllab="2"
                     ecep:pron="kəmˈpliːt">complete</w>
                  <c> </c>
                  <w xml:id="bjl92-079350"
                     n="bjl92/000051-a-0210"
                     ecep:lem="his"
                     ecep:pos="po31"
                     ecep:reg="his"
                     ecep:spe="his"
                     ecep:syllab="1"
                     ecep:pron="hɪz">his</w>
                  <c> </c>
                  <w xml:id="bjl92-079360"
                     n="bjl92/000051-a-0220"
                     ecep:lem="bliss"
                     ecep:pos="fw-mi"
                     ecep:reg="blisses"
                     ecep:spe="blisses"
                     ecep:syllab="2"
                     ecep:pron="blɪsez">blisses</w>
                  <pc xml:id="bjl92-079370"
                      n="bjl92/000051-a-0230"
                      unit="sentence"
                      ecep:lem="."
                      ecep:pos="."
                      ecep:reg="."
                      ecep:spe=".">.</pc>
                  <c> </c>
               </l>
            </lg>
            <lg xml:id="bjl92-s00210">
               <l xml:id="bjl92-l01275">
                  <w xml:id="bjl92-079400"
                     n="bjl92/000051-a-0240"
                     ecep:lem="the"
                     ecep:pos="dt"
                     ecep:reg="The"
                     ecep:spe="The"
                     ecep:syllab="1"
                     ecep:pron="ðiː">The</w>
                  <c> </c>
                  <w xml:id="bjl92-079410"
                     n="bjl92/000051-a-0250"
                     ecep:lem="maid"
                     ecep:pos="n1"
                     ecep:reg="maid"
                     ecep:spe="maid"
                     ecep:syllab="1"
                     ecep:pron="meɪd">maid</w>
                  <pc xml:id="bjl92-079420"
                      n="bjl92/000051-a-0260"
                      ecep:lem=","
                      ecep:pos=","
                      ecep:reg=","
                      ecep:spe=",">,</pc>
                  <c> </c>
                  <w xml:id="bjl92-079430"
                     n="bjl92/000051-a-0270"
                     ecep:lem="reluctant"
                     ecep:pos="j"
                     ecep:reg="reluctant"
                     ecep:spe="reluctant"
                     ecep:syllab="3"
                     ecep:pron="rɪˈlʌktnt">reluctant</w>
                  <pc xml:id="bjl92-079440"
                      n="bjl92/000051-a-0280"
                      ecep:lem=","
                      ecep:pos=","
                      ecep:reg=","
                      ecep:spe=",">,</pc>
                  <c> </c>
                  <w xml:id="bjl92-079450"
                     n="bjl92/000051-a-0290"
                     ecep:lem="turn"
                     ecep:pos="vvd"
                     ecep:reg="turned"
                     ecep:spe="turn'd"
                     ecep:syllab="1"
                     ecep:pron="tɜːnd">turn'd</w>
                  <c> </c>
                  <w xml:id="bjl92-079460"
                     n="bjl92/000051-a-0300"
                     ecep:lem="again"
                     ecep:pos="av"
                     ecep:reg="again"
                     ecep:spe="again"
                     ecep:syllab="2"
                     ecep:pron="əˈgen">again</w>
                  <pc xml:id="bjl92-079470"
                      n="bjl92/000051-a-0310"
                      ecep:lem=","
                      ecep:pos=","
                      ecep:reg=","
                      ecep:spe=",">,</pc>
               </l>
               <l rendition="#h_4" xml:id="bjl92-l01280">
                  <c> </c>
                  <w xml:id="bjl92-079480"
                     n="bjl92/000051-a-0320"
                     ecep:lem="some"
                     ecep:pos="d"
                     ecep:reg="Some"
                     ecep:spe="Some"
                     ecep:syllab="1"
                     ecep:pron="sʌm">Some</w>
                  <c> </c>
                  <w xml:id="bjl92-079490"
                     n="bjl92/000051-a-0330"
                     ecep:lem="glance"
                     ecep:pos="n2"
                     ecep:reg="glances"
                     ecep:spe="glances"
                     ecep:syllab="2"
                     ecep:pron="glɑːnsɪz">glances</w>
                  <c> </c>
                  <w xml:id="bjl92-079500"
                     n="bjl92/000051-a-0340"
                     ecep:lem="kind"
                     ecep:pos="j"
                     ecep:reg="kind"
                     ecep:spe="kind"
                     ecep:syllab="1"
                     ecep:pron="kaɪnd">kind</w>
                  <c> </c>
                  <w xml:id="bjl92-079510"
                     n="bjl92/000051-a-0350"
                     ecep:lem="bestow"
                     ecep:pos="vvg"
                     ecep:reg="bestowing"
                     ecep:spe="bestowing"
                     ecep:syllab="3"
                     ecep:pron="bɪˈstəʊɪŋ">bestowing</w>
                  <pc xml:id="bjl92-079520"
                      n="bjl92/000051-a-0360"
                      ecep:lem=";"
                      ecep:pos=";"
                      ecep:reg=";"
                      ecep:spe=";">;</pc>
               </l>
               <l xml:id="bjl92-l01285">
                  <c> </c>
                  <w xml:id="bjl92-079530"
                     n="bjl92/000051-a-0370"
                     ecep:lem="and"
                     ecep:pos="cc"
                     ecep:reg="And"
                     ecep:spe="And"
                     ecep:syllab="1"
                     ecep:pron="ænd">And</w>
                  <c> </c>
                  <w xml:id="bjl92-079540"
                     n="bjl92/000051-a-0380"
                     ecep:lem="well"
                     ecep:pos="av"
                     ecep:reg="well"
                     ecep:spe="well"
                     ecep:syllab="1"
                     ecep:pron="wel">well</w>
                  <c> </c>
                  <w xml:id="bjl92-079550"
                     n="bjl92/000051-a-0390"
                     ecep:lem="resolve"
                     ecep:pos="vvd"
                     ecep:reg="resolved"
                     ecep:spe="resolv'd"
                     ecep:syllab="2"
                     ecep:pron="rɪˈzɒlvd">resolv'd</w>
                  <c> </c>
                  <w xml:id="bjl92-079560"
                     n="bjl92/000051-a-0400"
                     ecep:lem="appear"
                     ecep:pos="vvn"
                     ecep:reg="appeared"
                     ecep:spe="appear'd"
                     ecep:syllab="2"
                     ecep:pron="əˈpɪəd">appear'd</w>
                  <c> </c>
                  <w xml:id="bjl92-079570"
                     n="bjl92/000051-a-0410"
                     ecep:lem="the"
                     ecep:pos="dt"
                     ecep:reg="the"
                     ecep:spe="the"
                     ecep:syllab="1"
                     ecep:pron="ðiː">the</w>
                  <c> </c>
                  <w xml:id="bjl92-079580"
                     n="bjl92/000051-a-0420"
                     ecep:lem="swain"
                     ecep:pos="n1"
                     ecep:reg="swain"
                     ecep:spe="swain"
                     ecep:syllab="1"
                     ecep:pron="sweɪn">swain</w>
                  <pc xml:id="bjl92-079590"
                      n="bjl92/000051-a-0430"
                      ecep:lem=","
                      ecep:pos=","
                      ecep:reg=","
                      ecep:spe=",">,</pc>
               </l>
               <l rendition="#h_4" xml:id="bjl92-l01290">
                  <c> </c>
                  <w xml:id="bjl92-079600"
                     n="bjl92/000051-a-0440"
                     ecep:lem="though"
                     ecep:pos="c-acp"
                     ecep:reg="Though"
                     ecep:spe="Though"
                     ecep:syllab="1"
                     ecep:pron="ðəʊ">Though</w>
                  <c> </c>
                  <w xml:id="bjl92-079610"
                     n="bjl92/000051-a-0450"
                     ecep:lem="with"
                     ecep:pos="p-acp"
                     ecep:reg="with"
                     ecep:spe="with"
                     ecep:syllab="1"
                     ecep:pron="wɪð">with</w>
                  <c> </c>
                  <w xml:id="bjl92-079620"
                     n="bjl92/000051-a-0460"
                     ecep:lem="resentment"
                     ecep:pos="n1"
                     ecep:reg="resentment"
                     ecep:spe="resentment"
                     ecep:syllab="3"
                     ecep:pron="rɪˈzentmənt">resentment</w>
                  <c> </c>
                  <w xml:id="bjl92-079630"
                     n="bjl92/000051-a-0470"
                     ecep:lem="glow"
                     ecep:pos="vvg"
                     ecep:reg="glowing"
                     ecep:spe="glowing"
                     ecep:syllab="2"
                     ecep:pron="gləʊɪŋ">glowing</w>
                  <pc xml:id="bjl92-079640"
                      n="bjl92/000051-a-0480"
                      unit="sentence"
                      ecep:lem="."
                      ecep:pos="."
                      ecep:reg="."
                      ecep:spe=".">.</pc>
                  <c> </c>
               </l>
            </lg>
            <lg xml:id="bjl92-s00215">
               <l xml:id="bjl92-l01295">
                  <w xml:id="bjl92-079670"
                     n="bjl92/000051-a-0490"
                     ecep:lem="kind"
                     ecep:pos="j"
                     ecep:reg="Kind"
                     ecep:spe="Kind"
                     ecep:syllab="1"
                     ecep:pron="kaɪnd">Kind</w>
                  <c> </c>
                  <w xml:id="bjl92-079680"
                     n="bjl92/000051-a-0500"
                     ecep:lem="HYMEN"
                     ecep:pos="np1"
                     ecep:reg="Hymen"
                     ecep:spe="Hymen"
                     ecep:syllab="2"
                     ecep:pron="ˈhaɪmen">Hymen</w>
                  <c> </c>
                  <w xml:id="bjl92-079690"
                     n="bjl92/000051-a-0510"
                     ecep:lem="heave"
                     ecep:pos="vvd"
                     ecep:reg="heaved"
                     ecep:spe="heav'd"
                     ecep:syllab="1"
                     ecep:pron="hiːvd">heav'd</w>
                  <c> </c>
                  <w xml:id="bjl92-079700"
                     n="bjl92/000051-a-0520"
                     ecep:lem="his"
                     ecep:pos="po31"
                     ecep:reg="his"
                     ecep:spe="his"
                     ecep:syllab="1"
                     ecep:pron="hɪz">his</w>
                  <c> </c>
                  <w xml:id="bjl92-079710"
                     n="bjl92/000051-a-0530"
                     ecep:lem="torch"
                     ecep:pos="n1"
                     ecep:reg="torch"
                     ecep:spe="torch"
                     ecep:syllab="1"
                     ecep:pron="tɔːtʃ">torch</w>
                  <pc xml:id="bjl92-079720"
                      n="bjl92/000051-a-0540"
                      ecep:lem=","
                      ecep:pos=","
                      ecep:reg=","
                      ecep:spe=",">,</pc>
                  <c> </c>
                  <w xml:id="bjl92-079730"
                     n="bjl92/000051-a-0550"
                     ecep:lem="while"
                     ecep:pos="cs"
                     ecep:reg="while"
                     ecep:spe="while"
                     ecep:syllab="1"
                     ecep:pron="ˈwaɪl">while</w>
                  <c> </c>
                  <w xml:id="bjl92-079740"
                     n="bjl92/000051-a-0560"
                     ecep:lem="they"
                     ecep:pos="pns32"
                     ecep:reg="they"
                     ecep:spe="they"
                     ecep:syllab="1"
                     ecep:pron="ðeɪ">they</w>
               </l>
               <l rendition="#h_4" xml:id="bjl92-l01300">
                  <c> </c>
                  <w xml:id="bjl92-079750"
                     n="bjl92/000051-a-0570"
                     ecep:lem="reentered"
                     ecep:pos="j"
                     ecep:reg="Reentered"
                     ecep:spe="Re-enter'd"
                     ecep:syllab="3"
                     ecep:pron="ˌriːˈentəd">Re-enter'd</w>
                  <c> </c>
                  <w xml:id="bjl92-079760"
                     n="bjl92/000051-a-0580"
                     ecep:lem="both"
                     ecep:pos="av-d"
                     ecep:reg="both"
                     ecep:spe="both"
                     ecep:syllab="1"
                     ecep:pron="bəʊθ">both</w>
                  <c> </c>
                  <w xml:id="bjl92-079770"
                     n="bjl92/000051-a-0590"
                     ecep:lem="together"
                     ecep:pos="av"
                     ecep:reg="together"
                     ecep:spe="together"
                     ecep:syllab="3"
                     ecep:pron="təˈgeðə">together</w>
                  <pc xml:id="bjl92-079780"
                      n="bjl92/000051-a-0600"
                      ecep:lem=";"
                      ecep:pos=";"
                      ecep:reg=";"
                      ecep:spe=";">;</pc>
               </l>
               <l xml:id="bjl92-l01305">
                  <c> </c>
                  <w xml:id="bjl92-079790"
                     n="bjl92/000051-a-0610"
                     ecep:lem="but"
                     ecep:pos="cc-acp"
                     ecep:reg="But"
                     ecep:spe="But"
                     ecep:syllab="1"
                     ecep:pron="bʌt">But</w>
                  <c> </c>
                  <w xml:id="bjl92-079800"
                     n="bjl92/000051-a-0620"
                     ecep:lem="Cupid"
                     ecep:pos="np1"
                     ecep:reg="Cupid"
                     ecep:spe="Cupid"
                     ecep:syllab="2"
                     ecep:pron="ˈkjuːpɪd">Cupid</w>
                  <c> </c>
                  <w xml:id="bjl92-079810"
                     n="bjl92/000051-a-0630"
                     ecep:lem="sly"
                     ecep:pos="av-j"
                     ecep:reg="slily"
                     ecep:spe="slily"
                     ecep:syllab="2"
                     ecep:pron="ˈslaɪli">slily</w>
                  <c> </c>
                  <w xml:id="bjl92-079820"
                     n="bjl92/000051-a-0640"
                     ecep:lem="take"
                     ecep:pos="vvd"
                     ecep:reg="took"
                     ecep:spe="took"
                     ecep:syllab="1"
                     ecep:pron="tʊk">took</w>
                  <c> </c>
                  <w xml:id="bjl92-079830"
                     n="bjl92/000051-a-0650"
                     ecep:lem="his"
                     ecep:pos="po31"
                     ecep:reg="his"
                     ecep:spe="his"
                     ecep:syllab="1"
                     ecep:pron="hɪz">his</w>
                  <c> </c>
                  <w xml:id="bjl92-079840"
                     n="bjl92/000051-a-0660"
                     ecep:lem="way"
                     ecep:pos="n1"
                     ecep:reg="way"
                     ecep:spe="way"
                     ecep:syllab="1"
                     ecep:pron="weɪ">way</w>
                  <pc xml:id="bjl92-079850"
                      n="bjl92/000051-a-0670"
                      ecep:lem=","
                      ecep:pos=","
                      ecep:reg=","
                      ecep:spe=",">,</pc>
               </l>
               <l rendition="#h_4" xml:id="bjl92-l01310">
                  <c> </c>
                  <w xml:id="bjl92-079860"
                     n="bjl92/000051-a-0680"
                     ecep:lem="and"
                     ecep:pos="cc"
                     ecep:reg="And"
                     ecep:spe="And"
                     ecep:syllab="1"
                     ecep:pron="ænd">And</w>
                  <c> </c>
                  <w xml:id="bjl92-079870"
                     n="bjl92/000051-a-0690"
                     ecep:lem="go"
                     ecep:pos="vvd"
                     ecep:reg="went"
                     ecep:spe="went"
                     ecep:syllab="1"
                     ecep:pron="went">went</w>
                  <c> </c>
                  <pc xml:id="bjl92-079880"
                      n="bjl92/000051-a-0700"
                      ecep:lem="–"
                      ecep:pos="–"
                      ecep:reg="–"
                      ecep:spe="–">–</pc>
                  <c> </c>
                  <w xml:id="bjl92-079890"
                     n="bjl92/000051-a-0710"
                     ecep:lem="they"
                     ecep:pos="pns32"
                     ecep:reg="they"
                     ecep:spe="they"
                     ecep:syllab="1"
                     ecep:pron="ðeɪ">they</w>
                  <c> </c>
                  <w xml:id="bjl92-079900"
                     n="bjl92/000051-a-0720"
                     ecep:lem="know"
                     ecep:pos="vvd"
                     ecep:reg="knew"
                     ecep:spe="knew"
                     ecep:syllab="1"
                     ecep:pron="njuː">knew</w>
                  <c> </c>
                  <w xml:id="bjl92-079910"
                     n="bjl92/000051-a-0730"
                     ecep:lem="not"
                     ecep:pos="xx"
                     ecep:reg="not"
                     ecep:spe="not"
                     ecep:syllab="1"
                     ecep:pron="nɒt">not</w>
                  <c> </c>
                  <w xml:id="bjl92-079920"
                     n="bjl92/000051-a-0740"
                     ecep:lem="whither"
                     ecep:pos="c-crq"
                     ecep:reg="whither"
                     ecep:spe="whither"
                     ecep:syllab="2"
                     ecep:pron="ˈwɪðə">whither</w>
                  <pc xml:id="bjl92-079930"
                      n="bjl92/000051-a-0750"
                      unit="sentence"
                      ecep:lem="."
                      ecep:pos="."
                      ecep:reg="."
                      ecep:spe=".">.</pc>
                  <c> </c>
               </l>
            </lg>
            <lg xml:id="bjl92-s00220">
               <l xml:id="bjl92-l01315">
                  <w xml:id="bjl92-079960"
                     n="bjl92/000051-a-0760"
                     ecep:lem="the"
                     ecep:pos="dt"
                     ecep:reg="The"
                     ecep:spe="The"
                     ecep:syllab="1"
                     ecep:pron="ðiː">The</w>
                  <c> </c>
                  <w xml:id="bjl92-079970"
                     n="bjl92/000051-a-0770"
                     ecep:lem="bridegroom"
                     ecep:pos="n1"
                     ecep:reg="bridegroom"
                     ecep:spe="bridegroom"
                     ecep:syllab="2"
                     ecep:pron="ˈbraɪdgrʊm">bridegroom</w>
                  <pc xml:id="bjl92-079980"
                      n="bjl92/000051-a-0780"
                      ecep:lem=","
                      ecep:pos=","
                      ecep:reg=","
                      ecep:spe=",">,</pc>
                  <c> </c>
                  <w xml:id="bjl92-079990"
                     n="bjl92/000051-a-0790"
                     ecep:lem="next"
                     ecep:pos="ord"
                     ecep:reg="next"
                     ecep:spe="next"
                     ecep:syllab="1"
                     ecep:pron="nekst">next</w>
                  <c> </c>
                  <pc xml:id="bjl92-080000"
                      n="bjl92/000051-a-0800"
                      ecep:lem="–"
                      ecep:pos="–"
                      ecep:reg="–"
                      ecep:spe="–">–</pc>
                  <c> </c>
                  <w xml:id="bjl92-080010"
                     n="bjl92/000051-a-0810"
                     ecep:lem="but"
                     ecep:pos="cc-acp"
                     ecep:reg="but"
                     ecep:spe="but"
                     ecep:syllab="1"
                     ecep:pron="bʌt">but</w>
                  <c> </c>
                  <w xml:id="bjl92-080020"
                     n="bjl92/000051-a-0820"
                     ecep:lem="what"
                     ecep:pos="q-crq"
                     ecep:reg="what"
                     ecep:spe="what"
                     ecep:syllab="1"
                     ecep:pron="wɒt">what</w>
                  <c> </c>
                  <w xml:id="bjl92-080030"
                     n="bjl92/000051-a-0830"
                     ecep:lem="of"
                     ecep:pos="pp-f"
                     ecep:reg="of"
                     ecep:spe="of"
                     ecep:syllab="1"
                     ecep:pron="ɒv">of</w>
                  <c> </c>
                  <w xml:id="bjl92-080040"
                     n="bjl92/000051-a-0840"
                     ecep:lem="that"
                     ecep:pos="d"
                     ecep:reg="that"
                     ecep:spe="that"
                     ecep:syllab="1"
                     ecep:pron="ðæt">that</w>
                  <pc xml:id="bjl92-080050"
                      n="bjl92/000051-a-0850"
                      ecep:lem=","
                      ecep:pos=","
                      ecep:reg=","
                      ecep:spe=",">,</pc>
               </l>
               <l rendition="#h_4" xml:id="bjl92-l01320">
                  <c> </c>
                  <w xml:id="bjl92-080060"
                     n="bjl92/000051-a-0860"
                     ecep:lem="no"
                     ecep:pos="dx"
                     ecep:reg="No"
                     ecep:spe="No"
                     ecep:syllab="1"
                     ecep:pron="nəʊ">No</w>
                  <c> </c>
                  <w xml:id="bjl92-080070"
                     n="bjl92/000051-a-0870"
                     ecep:lem="bride"
                     ecep:pos="n1"
                     ecep:reg="bride"
                     ecep:spe="bride"
                     ecep:syllab="1"
                     ecep:pron="braɪd">bride</w>
                  <c> </c>
                  <w xml:id="bjl92-080080"
                     n="bjl92/000051-a-0880"
                     ecep:lem="his"
                     ecep:pos="po31"
                     ecep:reg="his"
                     ecep:spe="his"
                     ecep:syllab="1"
                     ecep:pron="hɪz">his</w>
                  <c> </c>
                  <w xml:id="bjl92-080090"
                     n="bjl92/000051-a-0890"
                     ecep:lem="absence"
                     ecep:pos="n1"
                     ecep:reg="absence"
                     ecep:spe="absence"
                     ecep:syllab="2"
                     ecep:pron="ˈæbsns">absence</w>
                  <c> </c>
                  <w xml:id="bjl92-080100"
                     n="bjl92/000051-a-0900"
                     ecep:lem="mourn"
                     ecep:pos="vvn"
                     ecep:reg="mourned"
                     ecep:spe="mourned"
                     ecep:syllab="1"
                     ecep:pron="mɔːnd">mourned</w>
                  <pc xml:id="bjl92-080110"
                      n="bjl92/000051-a-0910"
                      ecep:lem=";"
                      ecep:pos=";"
                      ecep:reg=";"
                      ecep:spe=";">;</pc>
               </l>
               <l xml:id="bjl92-l01325">
                  <c> </c>
                  <w xml:id="bjl92-080120"
                     n="bjl92/000051-a-0920"
                     ecep:lem="he"
                     ecep:pos="pns31"
                     ecep:reg="He"
                     ecep:spe="He"
                     ecep:syllab="1"
                     ecep:pron="hiː">He</w>
                  <c> </c>
                  <w xml:id="bjl92-080130"
                     n="bjl92/000051-a-0930"
                     ecep:lem="play"
                     ecep:pos="vvd"
                     ecep:reg="played"
                     ecep:spe="play'd"
                     ecep:syllab="1"
                     ecep:pron="pleɪd">play'd</w>
                  <c> </c>
                  <w xml:id="bjl92-080140"
                     n="bjl92/000051-a-0940"
                     ecep:lem="his"
                     ecep:pos="po31"
                     ecep:reg="his"
                     ecep:spe="his"
                     ecep:syllab="1"
                     ecep:pron="hɪz">his</w>
                  <c> </c>
                  <w xml:id="bjl92-080150"
                     n="bjl92/000051-a-0950"
                     ecep:lem="charmer"
                     ecep:pos="n1"
                     ecep:reg="charmer"
                     ecep:spe="charmer"
                     ecep:syllab="2"
                     ecep:pron="tʃɑːmə">charmer</w>
                  <c> </c>
                  <w xml:id="bjl92-080160"
                     n="bjl92/000051-a-0960"
                     ecep:lem="tit"
                     ecep:pos="fw-fr"
                     ecep:reg="tit"
                     ecep:spe="tit"
                     ecep:syllab="1"
                     ecep:pron="tɪt">tit</w>
                  <c> </c>
                  <w xml:id="bjl92-080170"
                     n="bjl92/000051-a-0970"
                     ecep:lem="for"
                     ecep:pos="p-acp"
                     ecep:reg="for"
                     ecep:spe="for"
                     ecep:syllab="1"
                     ecep:pron="fɔː">for</w>
                  <c> </c>
                  <w xml:id="bjl92-080180"
                     n="bjl92/000051-a-0980"
                     ecep:lem="tat"
                     ecep:pos="n1"
                     ecep:reg="tat"
                     ecep:spe="tat"
                     ecep:syllab="1"
                     ecep:pron="tæt">tat</w>
                  <pc xml:id="bjl92-080190"
                      n="bjl92/000051-a-0990"
                      ecep:lem=";"
                      ecep:pos=";"
                      ecep:reg=";"
                      ecep:spe=";">;</pc>
               </l>
               <l rendition="#h_4" xml:id="bjl92-l01330">
                  <c> </c>
                  <w xml:id="bjl92-080200"
                     n="bjl92/000051-a-1000"
                     ecep:lem="he"
                     ecep:pos="pns31"
                     ecep:reg="He"
                     ecep:spe="He"
                     ecep:syllab="1"
                     ecep:pron="hiː">He</w>
                  <c> </c>
                  <w xml:id="bjl92-080210"
                     n="bjl92/000051-a-1010"
                     ecep:lem="go"
                     ecep:pos="vvd"
                     ecep:reg="went"
                     ecep:spe="went"
                     ecep:syllab="1"
                     ecep:pron="went">went</w>
                  <c> </c>
                  <w xml:id="bjl92-080220"
                     n="bjl92/000051-a-1020"
                     ecep:lem="but"
                     ecep:pos="p-acp"
                     ecep:reg="but"
                     ecep:spe="but"
                     ecep:syllab="1"
                     ecep:pron="bʌt">but</w>
                  <c> </c>
                  <w xml:id="bjl92-080230"
                     n="bjl92/000051-a-1030"
                     ecep:lem="never"
                     ecep:pos="av-x"
                     ecep:reg="never"
                     ecep:spe="ne'er"
                     ecep:syllab="1"
                     ecep:pron="neə">ne'er</w>
                  <c> </c>
                  <w xml:id="bjl92-080240"
                     n="bjl92/000051-a-1040"
                     ecep:lem="return"
                     ecep:pos="vvd"
                     ecep:reg="returned"
                     ecep:spe="returned"
                     ecep:syllab="2"
                     ecep:pron="rɪˈtɜːnd">returned</w>
                  <pc xml:id="bjl92-080250"
                      n="bjl92/000051-a-1050"
                      unit="sentence"
                      ecep:lem="."
                      ecep:pos="."
                      ecep:reg="."
                      ecep:spe=".">.</pc>
                  <c> </c>
               </l>
            </lg>
            <lg xml:id="bjl92-s00225">
               <l xml:id="bjl92-l01335">
                  <w xml:id="bjl92-080280"
                     n="bjl92/000051-a-1060"
                     ecep:lem="Philander"
                     ecep:pos="np1"
                     ecep:reg="Philander"
                     ecep:spe="Philander"
                     ecep:syllab="3"
                     ecep:pron="fɪˈlændə">Philander</w>
                  <c> </c>
                  <w xml:id="bjl92-080290"
                     n="bjl92/000051-a-1070"
                     ecep:lem="kind"
                     ecep:pos="av-j"
                     ecep:reg="kindly"
                     ecep:spe="kindly"
                     ecep:syllab="2"
                     ecep:pron="ˈkaɪndli">kindly</w>
                  <c> </c>
                  <w xml:id="bjl92-080300"
                     n="bjl92/000051-a-1080"
                     ecep:lem="fill"
                     ecep:pos="vvd"
                     ecep:reg="filled"
                     ecep:spe="fill'd"
                     ecep:syllab="1"
                     ecep:pron="fɪld">fill'd</w>
                  <c> </c>
                  <w xml:id="bjl92-080310"
                     n="bjl92/000051-a-1090"
                     ecep:lem="his"
                     ecep:pos="po31"
                     ecep:reg="his"
                     ecep:spe="his"
                     ecep:syllab="1"
                     ecep:pron="hɪz">his</w>
                  <c> </c>
                  <w xml:id="bjl92-080320"
                     n="bjl92/000051-a-1100"
                     ecep:lem="place"
                     ecep:pos="n1"
                     ecep:reg="place"
                     ecep:spe="place"
                     ecep:syllab="1"
                     ecep:pron="pleɪs">place</w>
                  <pc xml:id="bjl92-080330"
                      n="bjl92/000051-a-1110"
                      ecep:lem=";"
                      ecep:pos=";"
                      ecep:reg=";"
                      ecep:spe=";">;</pc>
               </l>
               <l rendition="#h_4" xml:id="bjl92-l01340">
                  <c> </c>
                  <w xml:id="bjl92-080340"
                     n="bjl92/000051-a-1120"
                     ecep:lem="to"
                     ecep:pos="p-acp"
                     ecep:reg="To"
                     ecep:spe="To"
                     ecep:syllab="1"
                     ecep:pron="tuː">To</w>
                  <c> </c>
                  <w xml:id="bjl92-080350"
                     n="bjl92/000051-a-1130"
                     ecep:lem="Damon"
                     ecep:pos="np1"
                     ecep:reg="Damon"
                     ecep:spe="Damon"
                     ecep:syllab="2"
                     ecep:pron="ˈdeɪmən">Damon</w>
                  <c> </c>
                  <w xml:id="bjl92-080360"
                     n="bjl92/000051-a-1140"
                     ecep:lem="Chloe"
                     ecep:pos="np1"
                     ecep:reg="Chloe"
                     ecep:spe="Chloe"
                     ecep:syllab="2"
                     ecep:pron="ˈkləʊi">Chloe</w>
                  <c> </c>
                  <w xml:id="bjl92-080370"
                     n="bjl92/000051-a-1150"
                     ecep:lem="consent"
                     ecep:pos="vvn"
                     ecep:reg="consented"
                     ecep:spe="consented"
                     ecep:syllab="3"
                     ecep:pron="kənˈsentɪd">consented</w>
                  <pc xml:id="bjl92-080380"
                      n="bjl92/000051-a-1160"
                      unit="sentence"
                      ecep:lem="."
                      ecep:pos="."
                      ecep:reg="."
                      ecep:spe=".">.</pc>
                  <c> </c>
               </l>
               <l xml:id="bjl92-l01345">
                  <w xml:id="bjl92-080390"
                     n="bjl92/000051-a-1170"
                     ecep:lem="that"
                     ecep:pos="cst"
                     ecep:reg="That"
                     ecep:spe="That"
                     ecep:syllab="1"
                     ecep:pron="ðæt">That</w>
                  <c> </c>
                  <w xml:id="bjl92-080400"
                     n="bjl92/000051-a-1180"
                     ecep:lem="night"
                     ecep:pos="n1"
                     ecep:reg="night"
                     ecep:spe="night"
                     ecep:syllab="1"
                     ecep:pron="naɪt">night</w>
                  <c> </c>
                  <w xml:id="bjl92-080410"
                     n="bjl92/000051-a-1190"
                     ecep:lem="they"
                     ecep:pos="pns32"
                     ecep:reg="they"
                     ecep:spe="they"
                     ecep:syllab="1"
                     ecep:pron="ðeɪ">they</w>
                  <c> </c>
                  <w xml:id="bjl92-080420"
                     n="bjl92/000051-a-1200"
                     ecep:lem="wed"
                     ecep:pos="vvb"
                     ecep:reg="wed"
                     ecep:spe="wed"
                     ecep:syllab="1"
                     ecep:pron="wed">wed</w>
                  <pc xml:id="bjl92-080430"
                      n="bjl92/000051-a-1210"
                      ecep:lem=","
                      ecep:pos=","
                      ecep:reg=","
                      ecep:spe=",">,</pc>
                  <c> </c>
                  <w xml:id="bjl92-080440"
                     n="bjl92/000051-a-1220"
                     ecep:lem="o"
                     ecep:pos="uh"
                     ecep:reg="OH"
                     ecep:spe="O"
                     ecep:syllab="1"
                     ecep:pron="əʊ">O</w>
                  <c> </c>
                  <w xml:id="bjl92-080450"
                     n="bjl92/000051-a-1230"
                     ecep:lem="woeful"
                     ecep:pos="j"
                     ecep:reg="woeful"
                     ecep:spe="woful"
                     ecep:syllab="2"
                     ecep:pron="wˈəʊfəl">woful</w>
                  <c> </c>
                  <w xml:id="bjl92-080460"
                     n="bjl92/000051-a-1240"
                     ecep:lem="case"
                     ecep:pos="n1"
                     ecep:reg="case"
                     ecep:spe="case"
                     ecep:syllab="1"
                     ecep:pron="keɪs">case</w>
                  <pc xml:id="bjl92-080470"
                      n="bjl92/000051-a-1250"
                      unit="sentence"
                      ecep:lem="!"
                      ecep:pos="!"
                      ecep:reg="!"
                      ecep:spe="!">!</pc>
                  <c> </c>
               </l>
               <l rendition="#h_4" xml:id="bjl92-l01350">
                  <w xml:id="bjl92-080480"
                     n="bjl92/000051-a-1260"
                     ecep:lem="and"
                     ecep:pos="cc"
                     ecep:reg="And"
                     ecep:spe="And"
                     ecep:syllab="1"
                     ecep:pron="ænd">And</w>
                  <c> </c>
                  <w xml:id="bjl92-080490"
                     n="bjl92/000051-a-1270"
                     ecep:lem="ere"
                     ecep:pos="c-acp"
                     ecep:reg="ere"
                     ecep:spe="ere"
                     ecep:syllab="1"
                     ecep:pron="eə">ere</w>
                  <c> </c>
                  <w xml:id="bjl92-080500"
                     n="bjl92/000051-a-1280"
                     ecep:lem="next"
                     ecep:pos="ord"
                     ecep:reg="next"
                     ecep:spe="next"
                     ecep:syllab="1"
                     ecep:pron="nekst">next</w>
                  <c> </c>
                  <w xml:id="bjl92-080510"
                     n="bjl92/000051-a-1290"
                     ecep:lem="morn"
                     ecep:pos="n1"
                     ecep:reg="morn"
                     ecep:spe="morn"
                     ecep:syllab="1"
                     ecep:pron="mɔːn">morn</w>
                  <c> </c>
                  <w xml:id="bjl92-080520"
                     n="bjl92/000051-a-1300"
                     ecep:lem="repent"
                     ecep:pos="vvd"
                     ecep:reg="repented"
                     ecep:spe="repented"
                     ecep:syllab="3"
                     ecep:pron="rɪˈpentɪd">repented</w>
                  <pc xml:id="bjl92-080530"
                      n="bjl92/000051-a-1310"
                      unit="sentence"
                      ecep:lem="."
                      ecep:pos="."
                      ecep:reg="."
                      ecep:spe=".">.</pc>
                  <c> </c>
               </l>
            </lg>
         </div>
      </body>
   </text>
</TEI>
