<?xml version="1.0" encoding="UTF-8"?>
<?xml-model href="../tei_all.rnc" type="application/relax-ng-compact-syntax"?>
<TEI xmlns="http://www.tei-c.org/ns/1.0">
   <teiHeader>
      <fileDesc>
         <titleStmt>
            <title corresp="#txt_PrioMa1664_w0035">A LOVER's ANGER.</title>
            <author corresp="authors.xml#aut_PrioMa1664">Matthew Prior</author>
            <respStmt>
               <name xml:id="AH">Alexander Huber</name>
               <resp>Editor</resp>
            </respStmt>
            <funder>
               <name type="institution" xml:id="BOD">Bodleian Libraries, University of Oxford</name>
               <address>
                  <addrLine>Broad Street</addrLine>
                  <addrLine>Oxford OX1 3BG</addrLine>
                  <addrLine>UK</addrLine>
               </address>
            </funder>
         </titleStmt>
         <publicationStmt>
            <publisher xml:id="ECPA">Eighteenth-Century Poetry Archive</publisher>
            <address>
               <addrLine>Taylor Institution Library</addrLine>
               <addrLine>St Giles'</addrLine>
               <addrLine>Oxford OX1 3NA</addrLine>
               <addrLine>UK</addrLine>
               <addrLine>
                  <email>info@eighteenthcenturypoetry.org</email>
               </addrLine>
               <addrLine>
                  <ref target="https://www.eighteenthcenturypoetry.org/">https://www.eighteenthcenturypoetry.org/</ref>
               </addrLine>
            </address>
            <pubPlace>Oxford</pubPlace>
            <availability status="restricted">
               <licence target="http://creativecommons.org/licenses/by-sa/3.0/">This work is licensed under a Creative Commons Attribution-ShareAlike 3.0 Unported License.</licence>
            </availability>
            <idno type="ESTC">T075639</idno>
         </publicationStmt>
         <sourceDesc>
            <bibl>
               <author>Prior, Matthew, 1664-1721.</author>
               <title>Poems on Several Occasions [English poems only].</title>
               <pubPlace>London</pubPlace>
               <publisher>Printed for JACOB TONSON at Shakespear's-Head over against Katharine-Street in the Strand, and JOHN BARBER upon Lambeth-Hill. MDCCXVIII.</publisher>
               <date>1718</date>
               <biblScope>p. 85.</biblScope>
               <extent>[42],506,[6]p.: ill.; 2°.</extent>
            </bibl>
         </sourceDesc>
      </fileDesc>
      <encodingDesc>
         <projectDesc>
            <p>This e-text is part of the Works section of the Eighteenth-Century Poetry Archive (ECPA).</p>
            <p>XML created for the Eighteenth-Century Poetry Archive (ECPA).</p>
         </projectDesc>
         <editorialDecl>
            <p>Typography, spelling, capitalization, and punctuation have been cautiously modernized. The source of the text is given and all significant
						editorial interventions have been recorded in textual notes. This  text has been edited to conform to the recommendations found 
						in Level 5 of the
						Best Practices for TEI in Libraries version 4.0.0.
					</p>
         </editorialDecl>
         <classDecl>
            <taxonomy xml:id="LCNAF">
               <bibl>Library of Congress Name Authority File (<abbr>LCNAF</abbr>)</bibl>
            </taxonomy>
         </classDecl>
         <tagsDecl>
            <rendition n="linegroups indented" xml:id="lgindent" scheme="css">text-indent: 1em;</rendition>
            <rendition n="linegroups vertically spaced" xml:id="lgvspace" scheme="css">margin-bottom: 1em;</rendition>
            <rendition n="aligned centrally" xml:id="align-center" scheme="css">text-align: center;</rendition>
            <rendition n="aligned right" xml:id="align-right" scheme="css">text-align: right;</rendition>
            <rendition n="aligned left" xml:id="align-left" scheme="css">text-align: left;</rendition>
            <rendition n="inline" xml:id="inline" scheme="css">display: inline</rendition>
            <rendition n="italic" xml:id="i" scheme="css">font-style: italic;</rendition>
            <rendition n="bold" xml:id="b" scheme="css">font-weight: bold;</rendition>
         </tagsDecl>
      </encodingDesc>
   </teiHeader>
   <text>
      <body>
         <div xmlns:ecep="http://www.eighteenthcenturypoetry.org/ns"
              ana="#anapaest #tetrameter #couplet #pair #acephal #complaint"
              corresp="#txt_PrioMa1664_w0035"
              decls="#semi-normalized"
              ecep:syllab="12"
              met="--+|--+|--+|--+/"
              rendition="#lgvspace"
              rhyme="aa"
              subtype="eceptext"
              type="poem"
              xml:id="pmp18-w0320">
            <link target="authors.xml#aut_PrioMa1664" type="author"/>
            <head type="main">
               <w xmlns:ecep="http://www.eighteenthcenturypoetry.org/ns"
                  xml:id="pmp18-0215320"
                  n="a-0740"
                  ecep:lem="a"
                  ecep:pos="dt"
                  ecep:reg="A"
                  ecep:spe="A"
                  ecep:syllab="1"
                  ecep:pron="ə">A</w>
               <c> </c>
               <w xmlns:ecep="http://www.eighteenthcenturypoetry.org/ns"
                  xml:id="pmp18-0215330"
                  n="a-0750"
                  ecep:lem="lover"
                  ecep:pos="ng1"
                  ecep:reg="LOVER's"
                  ecep:spe="LOVER's"
                  ecep:syllab="2"
                  ecep:pron="ˈlʌvəz">LOVER's</w>
               <c> </c>
               <w xmlns:ecep="http://www.eighteenthcenturypoetry.org/ns"
                  xml:id="pmp18-0215340"
                  n="a-0760"
                  ecep:lem="anger"
                  ecep:pos="n1"
                  ecep:reg="ANGER"
                  ecep:spe="ANGER"
                  ecep:syllab="2"
                  ecep:pron="ˈæŋgə">ANGER</w>
               <pc xmlns:ecep="http://www.eighteenthcenturypoetry.org/ns"
                   xml:id="pmp18-0215350"
                   n="a-0770"
                   unit="sentence"
                   ecep:lem="."
                   ecep:pos="."
                   ecep:reg="."
                   ecep:spe=".">.</pc>
            </head>
            <lg xml:id="pmp18-s01540">
               <l n="1" xml:id="pmp18-l08825">
                  <hi rendition="#sc">
                     <w xmlns:ecep="http://www.eighteenthcenturypoetry.org/ns"
                        xml:id="pmp18-0215380"
                        n="a-0780"
                        ecep:lem="as"
                        ecep:pos="p-acp"
                        ecep:reg="As"
                        ecep:spe="As"
                        ecep:syllab="1"
                        ecep:pron="æz">As</w>
                     <c> </c>
                     <w xmlns:ecep="http://www.eighteenthcenturypoetry.org/ns"
                        xml:id="pmp18-0215390"
                        n="a-0790"
                        ecep:lem="cloe"
                        ecep:pos="np1"
                        ecep:reg="Cloe"
                        ecep:spe="Cloe"
                        ecep:syllab="1"
                        ecep:pron="klˈəʊi">Cloe</w>
                  </hi>
                  <c> </c>
                  <w xmlns:ecep="http://www.eighteenthcenturypoetry.org/ns"
                     xml:id="pmp18-0215400"
                     n="a-0800"
                     ecep:lem="come"
                     ecep:pos="vvd"
                     ecep:reg="came"
                     ecep:spe="came"
                     ecep:syllab="1"
                     ecep:pron="keɪm">came</w>
                  <c> </c>
                  <w xmlns:ecep="http://www.eighteenthcenturypoetry.org/ns"
                     xml:id="pmp18-0215410"
                     n="a-0810"
                     ecep:lem="into"
                     ecep:pos="p-acp"
                     ecep:reg="into"
                     ecep:spe="into"
                     ecep:syllab="2"
                     ecep:pron="ˈɪntə">into</w>
                  <c> </c>
                  <w xmlns:ecep="http://www.eighteenthcenturypoetry.org/ns"
                     xml:id="pmp18-0215420"
                     n="a-0820"
                     ecep:lem="the"
                     ecep:pos="dt"
                     ecep:reg="the"
                     ecep:spe="the"
                     ecep:syllab="1"
                     ecep:pron="ðiː">the</w>
                  <c> </c>
                  <w xmlns:ecep="http://www.eighteenthcenturypoetry.org/ns"
                     xml:id="pmp18-0215430"
                     n="a-0830"
                     ecep:lem="room"
                     ecep:pos="n1"
                     ecep:reg="Room"
                     ecep:spe="Room"
                     ecep:syllab="1"
                     ecep:pron="ruːm">Room</w>
                  <c> </c>
                  <w xmlns:ecep="http://www.eighteenthcenturypoetry.org/ns"
                     xml:id="pmp18-0215440"
                     n="a-0840"
                     ecep:lem="tother"
                     ecep:pos="j-jn"
                     ecep:reg="other"
                     ecep:spe="t'other"
                     ecep:syllab="2"
                     ecep:pron="ˈtʌðə">t'other</w>
                  <c> </c>
                  <w xmlns:ecep="http://www.eighteenthcenturypoetry.org/ns"
                     xml:id="pmp18-0215450"
                     n="a-0850"
                     ecep:lem="day"
                     ecep:pos="n1"
                     ecep:reg="Day"
                     ecep:spe="Day"
                     ecep:syllab="1"
                     ecep:pron="deɪ">Day</w>
                  <pc xmlns:ecep="http://www.eighteenthcenturypoetry.org/ns"
                      xml:id="pmp18-0215460"
                      n="a-0860"
                      ecep:lem=","
                      ecep:pos=","
                      ecep:reg=","
                      ecep:spe=",">,</pc>
               </l>
               <l n="2" xml:id="pmp18-l08830">
                  <c> </c>
                  <w xmlns:ecep="http://www.eighteenthcenturypoetry.org/ns"
                     xml:id="pmp18-0215470"
                     n="a-0870"
                     ecep:lem="i"
                     ecep:pos="pns11"
                     ecep:reg="I"
                     ecep:spe="I"
                     ecep:syllab="1"
                     ecep:pron="aɪ">I</w>
                  <c> </c>
                  <w xmlns:ecep="http://www.eighteenthcenturypoetry.org/ns"
                     xml:id="pmp18-0215480"
                     n="a-0880"
                     ecep:lem="peevish"
                     ecep:pos="j"
                     ecep:reg="peevish"
                     ecep:spe="peevish"
                     ecep:syllab="2"
                     ecep:pron="ˈpiːvɪʃ">peevish</w>
                  <c> </c>
                  <w xmlns:ecep="http://www.eighteenthcenturypoetry.org/ns"
                     xml:id="pmp18-0215490"
                     n="a-0890"
                     ecep:lem="begin"
                     ecep:pos="vvd"
                     ecep:reg="began"
                     ecep:spe="began"
                     ecep:syllab="2"
                     ecep:pron="bɪˈgæn">began</w>
                  <pc xmlns:ecep="http://www.eighteenthcenturypoetry.org/ns"
                      xml:id="pmp18-0215500"
                      n="a-0900"
                      ecep:lem=";"
                      ecep:pos=";"
                      ecep:reg=";"
                      ecep:spe=";">;</pc>
                  <c> </c>
                  <w xmlns:ecep="http://www.eighteenthcenturypoetry.org/ns"
                     xml:id="pmp18-0215510"
                     n="a-0910"
                     ecep:lem="where"
                     ecep:pos="q-crq"
                     ecep:reg="Where"
                     ecep:spe="Where"
                     ecep:syllab="1"
                     ecep:pron="weə">Where</w>
                  <c> </c>
                  <w xmlns:ecep="http://www.eighteenthcenturypoetry.org/ns"
                     xml:id="pmp18-0215520"
                     n="a-0920"
                     ecep:lem="so"
                     ecep:pos="av"
                     ecep:reg="so"
                     ecep:spe="so"
                     ecep:syllab="1"
                     ecep:pron="səʊ">so</w>
                  <c> </c>
                  <w xmlns:ecep="http://www.eighteenthcenturypoetry.org/ns"
                     xml:id="pmp18-0215530"
                     n="a-0930"
                     ecep:lem="long"
                     ecep:pos="av-j"
                     ecep:reg="long"
                     ecep:spe="long"
                     ecep:syllab="1"
                     ecep:pron="lɒŋ">long</w>
                  <c> </c>
                  <w xmlns:ecep="http://www.eighteenthcenturypoetry.org/ns"
                     xml:id="pmp18-0215540"
                     n="a-0940"
                     ecep:lem="can"
                     ecep:pos="vmd"
                     ecep:reg="could"
                     ecep:spe="cou'd"
                     ecep:syllab="1"
                     ecep:pron="kʊd">cou'd</w>
                  <c> </c>
                  <w xmlns:ecep="http://www.eighteenthcenturypoetry.org/ns"
                     xml:id="pmp18-0215550"
                     n="a-0950"
                     ecep:lem="you"
                     ecep:pos="pn22"
                     ecep:reg="You"
                     ecep:spe="You"
                     ecep:syllab="1"
                     ecep:pron="juː">You</w>
                  <c> </c>
                  <w xmlns:ecep="http://www.eighteenthcenturypoetry.org/ns"
                     xml:id="pmp18-0215560"
                     n="a-0960"
                     ecep:lem="stay"
                     ecep:pos="vvi"
                     ecep:reg="stay"
                     ecep:spe="stay"
                     ecep:syllab="1"
                     ecep:pron="steɪ">stay</w>
                  <pc xmlns:ecep="http://www.eighteenthcenturypoetry.org/ns"
                      xml:id="pmp18-0215570"
                      n="a-0970"
                      unit="sentence"
                      ecep:lem="?"
                      ecep:pos="?"
                      ecep:reg="?"
                      ecep:spe="?">?</pc>
                  <c> </c>
               </l>
               <l n="3" xml:id="pmp18-l08835">
                  <w xmlns:ecep="http://www.eighteenthcenturypoetry.org/ns"
                     xml:id="pmp18-0215580"
                     n="a-0980"
                     ecep:lem="in"
                     ecep:pos="p-acp"
                     ecep:reg="In"
                     ecep:spe="In"
                     ecep:syllab="1"
                     ecep:pron="ɪn">In</w>
                  <c> </c>
                  <w xmlns:ecep="http://www.eighteenthcenturypoetry.org/ns"
                     xml:id="pmp18-0215590"
                     n="a-0990"
                     ecep:lem="your"
                     ecep:pos="po22"
                     ecep:reg="your"
                     ecep:spe="your"
                     ecep:syllab="1"
                     ecep:pron="jɔː">your</w>
                  <c> </c>
                  <w xmlns:ecep="http://www.eighteenthcenturypoetry.org/ns"
                     xml:id="pmp18-0215600"
                     n="a-1000"
                     ecep:lem="lifetime"
                     ecep:pos="n1"
                     ecep:reg="Lifetime"
                     ecep:spe="Life-time"
                     ecep:syllab="3"
                     ecep:pron="ˈlaɪftaɪm">Life-time</w>
                  <c> </c>
                  <w xmlns:ecep="http://www.eighteenthcenturypoetry.org/ns"
                     xml:id="pmp18-0215610"
                     n="a-1010"
                     ecep:lem="you"
                     ecep:pos="pn22"
                     ecep:reg="You"
                     ecep:spe="You"
                     ecep:syllab="1"
                     ecep:pron="juː">You</w>
                  <c> </c>
                  <w xmlns:ecep="http://www.eighteenthcenturypoetry.org/ns"
                     xml:id="pmp18-0215620"
                     n="a-1020"
                     ecep:lem="never"
                     ecep:pos="av-x"
                     ecep:reg="never"
                     ecep:spe="never"
                     ecep:syllab="2"
                     ecep:pron="ˈnevə">never</w>
                  <c> </c>
                  <w xmlns:ecep="http://www.eighteenthcenturypoetry.org/ns"
                     xml:id="pmp18-0215630"
                     n="a-1030"
                     ecep:lem="regard"
                     ecep:pos="vvd"
                     ecep:reg="regarded"
                     ecep:spe="regarded"
                     ecep:syllab="3"
                     ecep:pron="rɪˈgɑːdɪd">regarded</w>
                  <c> </c>
                  <w xmlns:ecep="http://www.eighteenthcenturypoetry.org/ns"
                     xml:id="pmp18-0215640"
                     n="a-1040"
                     ecep:lem="your"
                     ecep:pos="po22"
                     ecep:reg="your"
                     ecep:spe="your"
                     ecep:syllab="1"
                     ecep:pron="jɔː">your</w>
                  <c> </c>
                  <w xmlns:ecep="http://www.eighteenthcenturypoetry.org/ns"
                     xml:id="pmp18-0215650"
                     n="a-1050"
                     ecep:lem="hour"
                     ecep:pos="n1"
                     ecep:reg="Hour"
                     ecep:spe="Hour"
                     ecep:syllab="1"
                     ecep:pron="æə">Hour</w>
                  <pc xmlns:ecep="http://www.eighteenthcenturypoetry.org/ns"
                      xml:id="pmp18-0215660"
                      n="a-1060"
                      ecep:lem=":"
                      ecep:pos=":"
                      ecep:reg=":"
                      ecep:spe=":">:</pc>
               </l>
               <l n="4" xml:id="pmp18-l08840">
                  <c> </c>
                  <w xmlns:ecep="http://www.eighteenthcenturypoetry.org/ns"
                     xml:id="pmp18-0215670"
                     n="a-1070"
                     ecep:lem="you"
                     ecep:pos="pn22"
                     ecep:reg="You"
                     ecep:spe="You"
                     ecep:syllab="1"
                     ecep:pron="juː">You</w>
                  <c> </c>
                  <w xmlns:ecep="http://www.eighteenthcenturypoetry.org/ns"
                     xml:id="pmp18-0215680"
                     n="a-1080"
                     ecep:lem="promise"
                     ecep:pos="vvd"
                     ecep:reg="promised"
                     ecep:spe="promis'd"
                     ecep:syllab="2"
                     ecep:pron="ˈprɒmɪst">promis'd</w>
                  <c> </c>
                  <w xmlns:ecep="http://www.eighteenthcenturypoetry.org/ns"
                     xml:id="pmp18-0215690"
                     n="a-1090"
                     ecep:lem="at"
                     ecep:pos="p-acp"
                     ecep:reg="at"
                     ecep:spe="at"
                     ecep:syllab="1"
                     ecep:pron="æt">at</w>
                  <c> </c>
                  <w xmlns:ecep="http://www.eighteenthcenturypoetry.org/ns"
                     xml:id="pmp18-0215700"
                     n="a-1100"
                     ecep:lem="two"
                     ecep:pos="crd"
                     ecep:reg="Two"
                     ecep:spe="Two"
                     ecep:syllab="1"
                     ecep:pron="tuː">Two</w>
                  <pc xmlns:ecep="http://www.eighteenthcenturypoetry.org/ns"
                      xml:id="pmp18-0215710"
                      n="a-1110"
                      ecep:lem=";"
                      ecep:pos=";"
                      ecep:reg=";"
                      ecep:spe=";">;</pc>
                  <c> </c>
                  <w xmlns:ecep="http://www.eighteenthcenturypoetry.org/ns"
                     xml:id="pmp18-0215720"
                     n="a-1120"
                     ecep:lem="and"
                     ecep:pos="cc"
                     ecep:reg="and"
                     ecep:spe="and"
                     ecep:syllab="1"
                     ecep:pron="ænd">and</w>
                  <c> </c>
                  <pc xmlns:ecep="http://www.eighteenthcenturypoetry.org/ns"
                      xml:id="pmp18-0215730"
                      n="a-1130"
                      ecep:lem="("
                      ecep:pos="("
                      ecep:reg="("
                      ecep:spe="(">(</pc>
                  <w xmlns:ecep="http://www.eighteenthcenturypoetry.org/ns"
                     xml:id="pmp18-0215740"
                     n="a-1140"
                     ecep:lem="pray"
                     ecep:pos="vvb"
                     ecep:reg="pray"
                     ecep:spe="pray"
                     ecep:syllab="1"
                     ecep:pron="preɪ">pray</w>
                  <c> </c>
                  <w xmlns:ecep="http://www.eighteenthcenturypoetry.org/ns"
                     xml:id="pmp18-0215750"
                     n="a-1150"
                     ecep:lem="look"
                     ecep:pos="vvb"
                     ecep:reg="look"
                     ecep:spe="look"
                     ecep:syllab="1"
                     ecep:pron="lʊk">look</w>
                  <c> </c>
                  <w xmlns:ecep="http://www.eighteenthcenturypoetry.org/ns"
                     xml:id="pmp18-0215760"
                     n="a-1160"
                     ecep:lem="child"
                     ecep:pos="n1"
                     ecep:reg="Child"
                     ecep:spe="Child"
                     ecep:syllab="1"
                     ecep:pron="tʃaɪld">Child</w>
                  <pc xmlns:ecep="http://www.eighteenthcenturypoetry.org/ns"
                      xml:id="pmp18-0215770"
                      n="a-1170"
                      ecep:lem=")"
                      ecep:pos=")"
                      ecep:reg=")"
                      ecep:spe=")">)</pc>
                  <c> </c>
                  <w xmlns:ecep="http://www.eighteenthcenturypoetry.org/ns"
                     xml:id="pmp18-0215780"
                     n="a-1180"
                     ecep:lem="it|be"
                     ecep:pos="pn31|vbz"
                     ecep:reg="it's"
                     ecep:spe="'tis"
                     ecep:syllab="1"
                     ecep:pron="tɪz">'tis</w>
                  <c> </c>
                  <w xmlns:ecep="http://www.eighteenthcenturypoetry.org/ns"
                     xml:id="pmp18-0215790"
                     n="a-1190"
                     ecep:lem="four"
                     ecep:pos="crd"
                     ecep:reg="Four"
                     ecep:spe="Four"
                     ecep:syllab="1"
                     ecep:pron="fɔː">Four</w>
                  <pc xmlns:ecep="http://www.eighteenthcenturypoetry.org/ns"
                      xml:id="pmp18-0215800"
                      n="a-1200"
                      unit="sentence"
                      ecep:lem="."
                      ecep:pos="."
                      ecep:reg="."
                      ecep:spe=".">.</pc>
                  <c> </c>
               </l>
               <l n="5" xml:id="pmp18-l08845">
                  <w xmlns:ecep="http://www.eighteenthcenturypoetry.org/ns"
                     xml:id="pmp18-0215810"
                     n="a-1210"
                     ecep:lem="a"
                     ecep:pos="dt"
                     ecep:reg="A"
                     ecep:spe="A"
                     ecep:syllab="1"
                     ecep:pron="ə">A</w>
                  <c> </c>
                  <w xmlns:ecep="http://www.eighteenthcenturypoetry.org/ns"
                     xml:id="pmp18-0215820"
                     n="a-1220"
                     ecep:lem="lady"
                     ecep:pos="ng1"
                     ecep:reg="Lady's"
                     ecep:spe="Lady's"
                     ecep:syllab="2"
                     ecep:pron="ˈleɪdiz">Lady's</w>
                  <c> </c>
                  <w xmlns:ecep="http://www.eighteenthcenturypoetry.org/ns"
                     xml:id="pmp18-0215830"
                     n="a-1230"
                     ecep:lem="watch"
                     ecep:pos="vvb"
                     ecep:reg="Watch"
                     ecep:spe="Watch"
                     ecep:syllab="1"
                     ecep:pron="wɒtʃ">Watch</w>
                  <c> </c>
                  <w xmlns:ecep="http://www.eighteenthcenturypoetry.org/ns"
                     xml:id="pmp18-0215840"
                     n="a-1240"
                     ecep:lem="needs"
                     ecep:pos="av"
                     ecep:reg="needs"
                     ecep:spe="needs"
                     ecep:syllab="1"
                     ecep:pron="niːdz">needs</w>
                  <c> </c>
                  <w xmlns:ecep="http://www.eighteenthcenturypoetry.org/ns"
                     xml:id="pmp18-0215850"
                     n="a-1250"
                     ecep:lem="neither"
                     ecep:pos="dx"
                     ecep:reg="neither"
                     ecep:spe="neither"
                     ecep:syllab="2"
                     ecep:pron="ˈnaɪðə">neither</w>
                  <c> </c>
                  <w xmlns:ecep="http://www.eighteenthcenturypoetry.org/ns"
                     xml:id="pmp18-0215860"
                     n="a-1260"
                     ecep:lem="figure"
                     ecep:pos="n2"
                     ecep:reg="Figures"
                     ecep:spe="Figures"
                     ecep:syllab="2"
                     ecep:pron="ˈfɪgəz">Figures</w>
                  <c> </c>
                  <w xmlns:ecep="http://www.eighteenthcenturypoetry.org/ns"
                     xml:id="pmp18-0215870"
                     n="a-1270"
                     ecep:lem="nor"
                     ecep:pos="ccx"
                     ecep:reg="nor"
                     ecep:spe="nor"
                     ecep:syllab="1"
                     ecep:pron="nɔː">nor</w>
                  <c> </c>
                  <w xmlns:ecep="http://www.eighteenthcenturypoetry.org/ns"
                     xml:id="pmp18-0215880"
                     n="a-1280"
                     ecep:lem="wheel"
                     ecep:pos="n2"
                     ecep:reg="Wheels"
                     ecep:spe="Wheels"
                     ecep:syllab="1"
                     ecep:pron="wiːlz">Wheels</w>
                  <pc xmlns:ecep="http://www.eighteenthcenturypoetry.org/ns"
                      xml:id="pmp18-0215890"
                      n="a-1290"
                      ecep:lem=":"
                      ecep:pos=":"
                      ecep:reg=":"
                      ecep:spe=":">:</pc>
               </l>
               <l n="6" xml:id="pmp18-l08850">
                  <c> </c>
                  <w xmlns:ecep="http://www.eighteenthcenturypoetry.org/ns"
                     xml:id="pmp18-0215900"
                     n="a-1300"
                     ecep:lem="it|be"
                     ecep:pos="pn31|vbz"
                     ecep:reg="It's"
                     ecep:spe="'Tis"
                     ecep:syllab="1"
                     ecep:pron="tɪz">'Tis</w>
                  <c> </c>
                  <w xmlns:ecep="http://www.eighteenthcenturypoetry.org/ns"
                     xml:id="pmp18-0215910"
                     n="a-1310"
                     ecep:lem="enough"
                     ecep:pos="av-d"
                     ecep:reg="enough"
                     ecep:spe="enough"
                     ecep:syllab="2"
                     ecep:pron="ɪˈnʌf">enough</w>
                  <pc xmlns:ecep="http://www.eighteenthcenturypoetry.org/ns"
                      xml:id="pmp18-0215920"
                      n="a-1320"
                      ecep:lem=","
                      ecep:pos=","
                      ecep:reg=","
                      ecep:spe=",">,</pc>
                  <c> </c>
                  <w xmlns:ecep="http://www.eighteenthcenturypoetry.org/ns"
                     xml:id="pmp18-0215930"
                     n="a-1330"
                     ecep:lem="that"
                     ecep:pos="cst"
                     ecep:reg="that"
                     ecep:spe="that"
                     ecep:syllab="1"
                     ecep:pron="ðæt">that</w>
                  <c> </c>
                  <w xmlns:ecep="http://www.eighteenthcenturypoetry.org/ns"
                     xml:id="pmp18-0215940"
                     n="a-1340"
                     ecep:lem="it|be"
                     ecep:pos="pn31|vbz"
                     ecep:reg="it's"
                     ecep:spe="'tis"
                     ecep:syllab="1"
                     ecep:pron="tɪz">'tis</w>
                  <c> </c>
                  <w xmlns:ecep="http://www.eighteenthcenturypoetry.org/ns"
                     xml:id="pmp18-0215950"
                     n="a-1350"
                     ecep:lem="load"
                     ecep:pos="vvn"
                     ecep:reg="loaded"
                     ecep:spe="loaded"
                     ecep:syllab="2"
                     ecep:pron="ləʊdɪd">loaded</w>
                  <c> </c>
                  <w xmlns:ecep="http://www.eighteenthcenturypoetry.org/ns"
                     xml:id="pmp18-0215960"
                     n="a-1360"
                     ecep:lem="with"
                     ecep:pos="p-acp"
                     ecep:reg="with"
                     ecep:spe="with"
                     ecep:syllab="1"
                     ecep:pron="wɪð">with</w>
                  <c> </c>
                  <w xmlns:ecep="http://www.eighteenthcenturypoetry.org/ns"
                     xml:id="pmp18-0215970"
                     n="a-1370"
                     ecep:lem="bauble"
                     ecep:pos="n2"
                     ecep:reg="Baubles"
                     ecep:spe="Baubles"
                     ecep:syllab="2"
                     ecep:pron="ˈbɔːblz">Baubles</w>
                  <c> </c>
                  <w xmlns:ecep="http://www.eighteenthcenturypoetry.org/ns"
                     xml:id="pmp18-0215980"
                     n="a-1380"
                     ecep:lem="and"
                     ecep:pos="cc"
                     ecep:reg="and"
                     ecep:spe="and"
                     ecep:syllab="1"
                     ecep:pron="ænd">and</w>
                  <c> </c>
                  <w xmlns:ecep="http://www.eighteenthcenturypoetry.org/ns"
                     xml:id="pmp18-0215990"
                     n="a-1390"
                     ecep:lem="seal"
                     ecep:pos="n2"
                     ecep:reg="Seals"
                     ecep:spe="Seals"
                     ecep:syllab="1"
                     ecep:pron="siːlz">Seals</w>
                  <pc xmlns:ecep="http://www.eighteenthcenturypoetry.org/ns"
                      xml:id="pmp18-0216000"
                      n="a-1400"
                      unit="sentence"
                      ecep:lem="."
                      ecep:pos="."
                      ecep:reg="."
                      ecep:spe=".">.</pc>
                  <c> </c>
               </l>
               <l n="7" xml:id="pmp18-l08855">
                  <w xmlns:ecep="http://www.eighteenthcenturypoetry.org/ns"
                     xml:id="pmp18-0216010"
                     n="a-1410"
                     ecep:lem="a"
                     ecep:pos="dt"
                     ecep:reg="A"
                     ecep:spe="A"
                     ecep:syllab="1"
                     ecep:pron="ə">A</w>
                  <c> </c>
                  <w xmlns:ecep="http://www.eighteenthcenturypoetry.org/ns"
                     xml:id="pmp18-0216020"
                     n="a-1420"
                     ecep:lem="temper"
                     ecep:pos="n1"
                     ecep:reg="Temper"
                     ecep:spe="Temper"
                     ecep:syllab="2"
                     ecep:pron="ˈtempə">Temper</w>
                  <c> </c>
                  <w xmlns:ecep="http://www.eighteenthcenturypoetry.org/ns"
                     xml:id="pmp18-0216030"
                     n="a-1430"
                     ecep:lem="so"
                     ecep:pos="av"
                     ecep:reg="so"
                     ecep:spe="so"
                     ecep:syllab="1"
                     ecep:pron="səʊ">so</w>
                  <c> </c>
                  <w xmlns:ecep="http://www.eighteenthcenturypoetry.org/ns"
                     xml:id="pmp18-0216040"
                     n="a-1440"
                     ecep:lem="heedless"
                     ecep:pos="j"
                     ecep:reg="heedless"
                     ecep:spe="heedless"
                     ecep:syllab="2"
                     ecep:pron="ˈhiːdləs">heedless</w>
                  <c> </c>
                  <w xmlns:ecep="http://www.eighteenthcenturypoetry.org/ns"
                     xml:id="pmp18-0216050"
                     n="a-1450"
                     ecep:lem="not"
                     ecep:pos="xx"
                     ecep:reg="no"
                     ecep:spe="no"
                     ecep:syllab="1"
                     ecep:pron="nəʊ">no</w>
                  <c> </c>
                  <w xmlns:ecep="http://www.eighteenthcenturypoetry.org/ns"
                     xml:id="pmp18-0216060"
                     n="a-1460"
                     ecep:lem="mortal"
                     ecep:pos="j-jn"
                     ecep:reg="Mortal"
                     ecep:spe="Mortal"
                     ecep:syllab="2"
                     ecep:pron="ˈmɔːtl">Mortal</w>
                  <c> </c>
                  <w xmlns:ecep="http://www.eighteenthcenturypoetry.org/ns"
                     xml:id="pmp18-0216070"
                     n="a-1470"
                     ecep:lem="can"
                     ecep:pos="vmb"
                     ecep:reg="can"
                     ecep:spe="can"
                     ecep:syllab="1"
                     ecep:pron="kæn">can</w>
                  <c> </c>
                  <w xmlns:ecep="http://www.eighteenthcenturypoetry.org/ns"
                     xml:id="pmp18-0216080"
                     n="a-1480"
                     ecep:lem="bear"
                     ecep:pos="vvi"
                     ecep:reg="bear"
                     ecep:spe="bear"
                     ecep:syllab="1"
                     ecep:pron="beə">bear</w>
                  <c> </c>
                  <pc xmlns:ecep="http://www.eighteenthcenturypoetry.org/ns"
                      xml:id="pmp18-0216090"
                      n="a-1490"
                      ecep:lem="—"
                      ecep:pos="—"
                      ecep:reg="—"
                      ecep:spe="—">—</pc>
               </l>
               <l n="8" xml:id="pmp18-l08860">
                  <c> </c>
                  <w xmlns:ecep="http://www.eighteenthcenturypoetry.org/ns"
                     xml:id="pmp18-0216100"
                     n="a-1500"
                     ecep:lem="thus"
                     ecep:pos="av"
                     ecep:reg="Thus"
                     ecep:spe="Thus"
                     ecep:syllab="1"
                     ecep:pron="ðʌs">Thus</w>
                  <c> </c>
                  <w xmlns:ecep="http://www.eighteenthcenturypoetry.org/ns"
                     xml:id="pmp18-0216110"
                     n="a-1510"
                     ecep:lem="far"
                     ecep:pos="av-j"
                     ecep:reg="far"
                     ecep:spe="far"
                     ecep:syllab="1"
                     ecep:pron="fɑː">far</w>
                  <c> </c>
                  <w xmlns:ecep="http://www.eighteenthcenturypoetry.org/ns"
                     xml:id="pmp18-0216120"
                     n="a-1520"
                     ecep:lem="i"
                     ecep:pos="pns11"
                     ecep:reg="I"
                     ecep:spe="I"
                     ecep:syllab="1"
                     ecep:pron="aɪ">I</w>
                  <c> </c>
                  <w xmlns:ecep="http://www.eighteenthcenturypoetry.org/ns"
                     xml:id="pmp18-0216130"
                     n="a-1530"
                     ecep:lem="go"
                     ecep:pos="vvd"
                     ecep:reg="went"
                     ecep:spe="went"
                     ecep:syllab="1"
                     ecep:pron="went">went</w>
                  <c> </c>
                  <w xmlns:ecep="http://www.eighteenthcenturypoetry.org/ns"
                     xml:id="pmp18-0216140"
                     n="a-1540"
                     ecep:lem="on"
                     ecep:pos="a-acp"
                     ecep:reg="on"
                     ecep:spe="on"
                     ecep:syllab="1"
                     ecep:pron="ɒn">on</w>
                  <c> </c>
                  <w xmlns:ecep="http://www.eighteenthcenturypoetry.org/ns"
                     xml:id="pmp18-0216150"
                     n="a-1550"
                     ecep:lem="with"
                     ecep:pos="p-acp"
                     ecep:reg="with"
                     ecep:spe="with"
                     ecep:syllab="1"
                     ecep:pron="wɪð">with</w>
                  <c> </c>
                  <w xmlns:ecep="http://www.eighteenthcenturypoetry.org/ns"
                     xml:id="pmp18-0216160"
                     n="a-1560"
                     ecep:lem="a"
                     ecep:pos="dt"
                     ecep:reg="a"
                     ecep:spe="a"
                     ecep:syllab="1"
                     ecep:pron="ə">a</w>
                  <c> </c>
                  <w xmlns:ecep="http://www.eighteenthcenturypoetry.org/ns"
                     xml:id="pmp18-0216170"
                     n="a-1570"
                     ecep:lem="resolute"
                     ecep:pos="j"
                     ecep:reg="resolute"
                     ecep:spe="resolute"
                     ecep:syllab="3"
                     ecep:pron="ˈrezluːt">resolute</w>
                  <c> </c>
                  <w xmlns:ecep="http://www.eighteenthcenturypoetry.org/ns"
                     xml:id="pmp18-0216180"
                     n="a-1580"
                     ecep:lem="air"
                     ecep:pos="n1"
                     ecep:reg="Air"
                     ecep:spe="Air"
                     ecep:syllab="1"
                     ecep:pron="eə">Air</w>
                  <pc xmlns:ecep="http://www.eighteenthcenturypoetry.org/ns"
                      xml:id="pmp18-0216190"
                      n="a-1590"
                      unit="sentence"
                      ecep:lem="."
                      ecep:pos="."
                      ecep:reg="."
                      ecep:spe=".">.</pc>
                  <c> </c>
               </l>
               <l n="9" xml:id="pmp18-l08865">
                  <w xmlns:ecep="http://www.eighteenthcenturypoetry.org/ns"
                     xml:id="pmp18-0216200"
                     n="a-1600"
                     ecep:lem="lord"
                     ecep:pos="n1"
                     ecep:reg="Lord"
                     ecep:spe="Lord"
                     ecep:syllab="1"
                     ecep:pron="lɔːd">Lord</w>
                  <c> </c>
                  <w xmlns:ecep="http://www.eighteenthcenturypoetry.org/ns"
                     xml:id="pmp18-0216210"
                     n="a-1610"
                     ecep:lem="bless"
                     ecep:pos="vvb"
                     ecep:reg="bless"
                     ecep:spe="bless"
                     ecep:syllab="1"
                     ecep:pron="bles">bless</w>
                  <c> </c>
                  <w xmlns:ecep="http://www.eighteenthcenturypoetry.org/ns"
                     xml:id="pmp18-0216220"
                     n="a-1620"
                     ecep:lem="i"
                     ecep:pos="pno11"
                     ecep:reg="Me"
                     ecep:spe="Me"
                     ecep:syllab="1"
                     ecep:pron="miː">Me</w>
                  <pc xmlns:ecep="http://www.eighteenthcenturypoetry.org/ns"
                      xml:id="pmp18-0216230"
                      n="a-1630"
                      ecep:lem="!"
                      ecep:pos="!"
                      ecep:reg="!"
                      ecep:spe="!">!</pc>
                  <c> </c>
                  <w xmlns:ecep="http://www.eighteenthcenturypoetry.org/ns"
                     xml:id="pmp18-0216240"
                     n="a-1640"
                     ecep:lem="say"
                     ecep:pos="vvd"
                     ecep:reg="said"
                     ecep:spe="said"
                     ecep:syllab="1"
                     ecep:pron="sed">said</w>
                  <c> </c>
                  <w xmlns:ecep="http://www.eighteenthcenturypoetry.org/ns"
                     xml:id="pmp18-0216250"
                     n="a-1650"
                     ecep:lem="she"
                     ecep:pos="pns31"
                     ecep:reg="She"
                     ecep:spe="She"
                     ecep:syllab="1"
                     ecep:pron="ʃiː">She</w>
                  <pc xmlns:ecep="http://www.eighteenthcenturypoetry.org/ns"
                      xml:id="pmp18-0216260"
                      n="a-1660"
                      ecep:lem=";"
                      ecep:pos=";"
                      ecep:reg=";"
                      ecep:spe=";">;</pc>
                  <c> </c>
                  <w xmlns:ecep="http://www.eighteenthcenturypoetry.org/ns"
                     xml:id="pmp18-0216270"
                     n="a-1670"
                     ecep:lem="let"
                     ecep:pos="vvb"
                     ecep:reg="let"
                     ecep:spe="let"
                     ecep:syllab="1"
                     ecep:pron="let">let</w>
                  <c> </c>
                  <w xmlns:ecep="http://www.eighteenthcenturypoetry.org/ns"
                     xml:id="pmp18-0216280"
                     n="a-1680"
                     ecep:lem="a"
                     ecep:pos="dt"
                     ecep:reg="a"
                     ecep:spe="a"
                     ecep:syllab="1"
                     ecep:pron="ə">a</w>
                  <c> </c>
                  <w xmlns:ecep="http://www.eighteenthcenturypoetry.org/ns"
                     xml:id="pmp18-0216290"
                     n="a-1690"
                     ecep:lem="body"
                     ecep:pos="n1"
                     ecep:reg="Body"
                     ecep:spe="Body"
                     ecep:syllab="2"
                     ecep:pron="ˈbɒdi">Body</w>
                  <c> </c>
                  <w xmlns:ecep="http://www.eighteenthcenturypoetry.org/ns"
                     xml:id="pmp18-0216300"
                     n="a-1700"
                     ecep:lem="but"
                     ecep:pos="cc-acp"
                     ecep:reg="but"
                     ecep:spe="but"
                     ecep:syllab="1"
                     ecep:pron="bʌt">but</w>
                  <c> </c>
                  <w xmlns:ecep="http://www.eighteenthcenturypoetry.org/ns"
                     xml:id="pmp18-0216310"
                     n="a-1710"
                     ecep:lem="speak"
                     ecep:pos="vvi"
                     ecep:reg="speak"
                     ecep:spe="speak"
                     ecep:syllab="1"
                     ecep:pron="spiːk">speak</w>
                  <pc xmlns:ecep="http://www.eighteenthcenturypoetry.org/ns"
                      xml:id="pmp18-0216320"
                      n="a-1720"
                      ecep:lem=":"
                      ecep:pos=":"
                      ecep:reg=":"
                      ecep:spe=":">:</pc>
               </l>
               <l n="10" xml:id="pmp18-l08870">
                  <c> </c>
                  <w xmlns:ecep="http://www.eighteenthcenturypoetry.org/ns"
                     xml:id="pmp18-0216330"
                     n="a-1730"
                     ecep:lem="here|be"
                     ecep:pos="av|vbz"
                     ecep:reg="Here's"
                     ecep:spe="Here's"
                     ecep:syllab="1"
                     ecep:pron="hɪəz">Here's</w>
                  <c> </c>
                  <w xmlns:ecep="http://www.eighteenthcenturypoetry.org/ns"
                     xml:id="pmp18-0216340"
                     n="a-1740"
                     ecep:lem="a"
                     ecep:pos="dt"
                     ecep:reg="an"
                     ecep:spe="an"
                     ecep:syllab="1"
                     ecep:pron="æn">an</w>
                  <c> </c>
                  <w xmlns:ecep="http://www.eighteenthcenturypoetry.org/ns"
                     xml:id="pmp18-0216350"
                     n="a-1750"
                     ecep:lem="ugly"
                     ecep:pos="j"
                     ecep:reg="ugly"
                     ecep:spe="ugly"
                     ecep:syllab="2"
                     ecep:pron="ˈʌgli">ugly</w>
                  <c> </c>
                  <w xmlns:ecep="http://www.eighteenthcenturypoetry.org/ns"
                     xml:id="pmp18-0216360"
                     n="a-1760"
                     ecep:lem="hard"
                     ecep:pos="j"
                     ecep:reg="hard"
                     ecep:spe="hard"
                     ecep:syllab="1"
                     ecep:pron="hɑːd">hard</w>
                  <c> </c>
                  <w xmlns:ecep="http://www.eighteenthcenturypoetry.org/ns"
                     xml:id="pmp18-0216370"
                     n="a-1770"
                     ecep:lem="rose-bud"
                     ecep:pos="j"
                     ecep:reg="Rose-Bud"
                     ecep:spe="Rose-Bud"
                     ecep:syllab="2"
                     ecep:pron="ˈrəʊzbʌd">Rose-Bud</w>
                  <c> </c>
                  <w xmlns:ecep="http://www.eighteenthcenturypoetry.org/ns"
                     xml:id="pmp18-0216380"
                     n="a-1780"
                     ecep:lem="fall"
                     ecep:pos="vvn"
                     ecep:reg="fallen"
                     ecep:spe="fall'n"
                     ecep:syllab="1"
                     ecep:pron="ˈfɔːlən">fall'n</w>
                  <c> </c>
                  <w xmlns:ecep="http://www.eighteenthcenturypoetry.org/ns"
                     xml:id="pmp18-0216390"
                     n="a-1790"
                     ecep:lem="into"
                     ecep:pos="p-acp"
                     ecep:reg="into"
                     ecep:spe="into"
                     ecep:syllab="2"
                     ecep:pron="ˈɪntə">into</w>
                  <c> </c>
                  <w xmlns:ecep="http://www.eighteenthcenturypoetry.org/ns"
                     xml:id="pmp18-0216400"
                     n="a-1800"
                     ecep:lem="my"
                     ecep:pos="po11"
                     ecep:reg="my"
                     ecep:spe="my"
                     ecep:syllab="1"
                     ecep:pron="maɪ">my</w>
                  <c> </c>
                  <w xmlns:ecep="http://www.eighteenthcenturypoetry.org/ns"
                     xml:id="pmp18-0216410"
                     n="a-1810"
                     ecep:lem="neck"
                     ecep:pos="n1"
                     ecep:reg="Neck"
                     ecep:spe="Neck"
                     ecep:syllab="1"
                     ecep:pron="nek">Neck</w>
                  <pc xmlns:ecep="http://www.eighteenthcenturypoetry.org/ns"
                      xml:id="pmp18-0216420"
                      n="a-1820"
                      ecep:lem=":"
                      ecep:pos=":"
                      ecep:reg=":"
                      ecep:spe=":">:</pc>
               </l>
               <l n="11" xml:id="pmp18-l08875">
                  <c> </c>
                  <w xmlns:ecep="http://www.eighteenthcenturypoetry.org/ns"
                     xml:id="pmp18-0216430"
                     n="a-1830"
                     ecep:lem="it"
                     ecep:pos="pn31"
                     ecep:reg="It"
                     ecep:spe="It"
                     ecep:syllab="1"
                     ecep:pron="ɪt">It</w>
                  <c> </c>
                  <w xmlns:ecep="http://www.eighteenthcenturypoetry.org/ns"
                     xml:id="pmp18-0216440"
                     n="a-1840"
                     ecep:lem="have"
                     ecep:pos="vhz"
                     ecep:reg="has"
                     ecep:spe="has"
                     ecep:syllab="1"
                     ecep:pron="hæz">has</w>
                  <c> </c>
                  <w xmlns:ecep="http://www.eighteenthcenturypoetry.org/ns"
                     xml:id="pmp18-0216450"
                     n="a-1850"
                     ecep:lem="hurt"
                     ecep:pos="vvn"
                     ecep:reg="hurt"
                     ecep:spe="hurt"
                     ecep:syllab="1"
                     ecep:pron="hɜːt">hurt</w>
                  <c> </c>
                  <w xmlns:ecep="http://www.eighteenthcenturypoetry.org/ns"
                     xml:id="pmp18-0216460"
                     n="a-1860"
                     ecep:lem="i"
                     ecep:pos="pno11"
                     ecep:reg="Me"
                     ecep:spe="Me"
                     ecep:syllab="1"
                     ecep:pron="miː">Me</w>
                  <pc xmlns:ecep="http://www.eighteenthcenturypoetry.org/ns"
                      xml:id="pmp18-0216470"
                      n="a-1870"
                      ecep:lem=","
                      ecep:pos=","
                      ecep:reg=","
                      ecep:spe=",">,</pc>
                  <c> </c>
                  <w xmlns:ecep="http://www.eighteenthcenturypoetry.org/ns"
                     xml:id="pmp18-0216480"
                     n="a-1880"
                     ecep:lem="and"
                     ecep:pos="cc"
                     ecep:reg="and"
                     ecep:spe="and"
                     ecep:syllab="1"
                     ecep:pron="ænd">and</w>
                  <c> </c>
                  <w xmlns:ecep="http://www.eighteenthcenturypoetry.org/ns"
                     xml:id="pmp18-0216490"
                     n="a-1890"
                     ecep:lem="vex"
                     ecep:pos="vvd"
                     ecep:reg="vexed"
                     ecep:spe="vext"
                     ecep:syllab="1"
                     ecep:pron="vˈekst">vext</w>
                  <c> </c>
                  <w xmlns:ecep="http://www.eighteenthcenturypoetry.org/ns"
                     xml:id="pmp18-0216500"
                     n="a-1900"
                     ecep:lem="i"
                     ecep:pos="pno11"
                     ecep:reg="Me"
                     ecep:spe="Me"
                     ecep:syllab="1"
                     ecep:pron="miː">Me</w>
                  <c> </c>
                  <w xmlns:ecep="http://www.eighteenthcenturypoetry.org/ns"
                     xml:id="pmp18-0216510"
                     n="a-1910"
                     ecep:lem="to"
                     ecep:pos="p-acp"
                     ecep:reg="to"
                     ecep:spe="to"
                     ecep:syllab="1"
                     ecep:pron="tuː">to</w>
                  <c> </c>
                  <w xmlns:ecep="http://www.eighteenthcenturypoetry.org/ns"
                     xml:id="pmp18-0216520"
                     n="a-1920"
                     ecep:lem="such"
                     ecep:pos="d"
                     ecep:reg="such"
                     ecep:spe="such"
                     ecep:syllab="1"
                     ecep:pron="sʌtʃ">such</w>
                  <c> </c>
                  <w xmlns:ecep="http://www.eighteenthcenturypoetry.org/ns"
                     xml:id="pmp18-0216530"
                     n="a-1930"
                     ecep:lem="a"
                     ecep:pos="dt"
                     ecep:reg="a"
                     ecep:spe="a"
                     ecep:syllab="1"
                     ecep:pron="ə">a</w>
                  <c> </c>
                  <w xmlns:ecep="http://www.eighteenthcenturypoetry.org/ns"
                     xml:id="pmp18-0216540"
                     n="a-1940"
                     ecep:lem="degree"
                     ecep:pos="n1"
                     ecep:reg="Degree"
                     ecep:spe="Degree"
                     ecep:syllab="2"
                     ecep:pron="dɪˈgriː">Degree</w>
                  <c> </c>
                  <pc xmlns:ecep="http://www.eighteenthcenturypoetry.org/ns"
                      xml:id="pmp18-0216550"
                      n="a-1950"
                      ecep:lem="—"
                      ecep:pos="—"
                      ecep:reg="—"
                      ecep:spe="—">—</pc>
               </l>
               <l n="12" xml:id="pmp18-l08880">
                  <c> </c>
                  <w xmlns:ecep="http://www.eighteenthcenturypoetry.org/ns"
                     xml:id="pmp18-0216560"
                     n="a-1960"
                     ecep:lem="see"
                     ecep:pos="vvb"
                     ecep:reg="See"
                     ecep:spe="See"
                     ecep:syllab="1"
                     ecep:pron="siː">See</w>
                  <c> </c>
                  <w xmlns:ecep="http://www.eighteenthcenturypoetry.org/ns"
                     xml:id="pmp18-0216570"
                     n="a-1970"
                     ecep:lem="here"
                     ecep:pos="av"
                     ecep:reg="here"
                     ecep:spe="here"
                     ecep:syllab="1"
                     ecep:pron="hɪə">here</w>
                  <pc xmlns:ecep="http://www.eighteenthcenturypoetry.org/ns"
                      xml:id="pmp18-0216580"
                      n="a-1980"
                      ecep:lem=";"
                      ecep:pos=";"
                      ecep:reg=";"
                      ecep:spe=";">;</pc>
                  <c> </c>
                  <w xmlns:ecep="http://www.eighteenthcenturypoetry.org/ns"
                     xml:id="pmp18-0216590"
                     n="a-1990"
                     ecep:lem="for"
                     ecep:pos="c-acp"
                     ecep:reg="for"
                     ecep:spe="for"
                     ecep:syllab="1"
                     ecep:pron="fɔː">for</w>
                  <c> </c>
                  <w xmlns:ecep="http://www.eighteenthcenturypoetry.org/ns"
                     xml:id="pmp18-0216600"
                     n="a-2000"
                     ecep:lem="you"
                     ecep:pos="pn22"
                     ecep:reg="You"
                     ecep:spe="You"
                     ecep:syllab="1"
                     ecep:pron="juː">You</w>
                  <c> </c>
                  <w xmlns:ecep="http://www.eighteenthcenturypoetry.org/ns"
                     xml:id="pmp18-0216610"
                     n="a-2010"
                     ecep:lem="never"
                     ecep:pos="av-x"
                     ecep:reg="never"
                     ecep:spe="never"
                     ecep:syllab="2"
                     ecep:pron="ˈnevə">never</w>
                  <c> </c>
                  <w xmlns:ecep="http://www.eighteenthcenturypoetry.org/ns"
                     xml:id="pmp18-0216620"
                     n="a-2020"
                     ecep:lem="believe"
                     ecep:pos="vvb"
                     ecep:reg="believe"
                     ecep:spe="believe"
                     ecep:syllab="2"
                     ecep:pron="bɪˈliːv">believe</w>
                  <c> </c>
                  <w xmlns:ecep="http://www.eighteenthcenturypoetry.org/ns"
                     xml:id="pmp18-0216630"
                     n="a-2030"
                     ecep:lem="i"
                     ecep:pos="pno11"
                     ecep:reg="Me"
                     ecep:spe="Me"
                     ecep:syllab="1"
                     ecep:pron="miː">Me</w>
                  <pc xmlns:ecep="http://www.eighteenthcenturypoetry.org/ns"
                      xml:id="pmp18-0216640"
                      n="a-2040"
                      ecep:lem=";"
                      ecep:pos=";"
                      ecep:reg=";"
                      ecep:spe=";">;</pc>
                  <c> </c>
                  <w xmlns:ecep="http://www.eighteenthcenturypoetry.org/ns"
                     xml:id="pmp18-0216650"
                     n="a-2050"
                     ecep:lem="pray"
                     ecep:pos="vvb"
                     ecep:reg="pray"
                     ecep:spe="pray"
                     ecep:syllab="1"
                     ecep:pron="preɪ">pray</w>
                  <c> </c>
                  <w xmlns:ecep="http://www.eighteenthcenturypoetry.org/ns"
                     xml:id="pmp18-0216660"
                     n="a-2060"
                     ecep:lem="see"
                     ecep:pos="vvb"
                     ecep:reg="see"
                     ecep:spe="see"
                     ecep:syllab="1"
                     ecep:pron="siː">see</w>
                  <pc xmlns:ecep="http://www.eighteenthcenturypoetry.org/ns"
                      xml:id="pmp18-0216670"
                      n="a-2070"
                      ecep:lem=","
                      ecep:pos=","
                      ecep:reg=","
                      ecep:spe=",">,</pc>
               </l>
               <l ana="#quatrain" n="13" rhyme="aaaa" xml:id="pmp18-l08885">
                  <c> </c>
                  <w xmlns:ecep="http://www.eighteenthcenturypoetry.org/ns"
                     xml:id="pmp18-0216680"
                     n="a-2080"
                     ecep:lem="on"
                     ecep:pos="p-acp"
                     ecep:reg="On"
                     ecep:spe="On"
                     ecep:syllab="1"
                     ecep:pron="ɒn">On</w>
                  <c> </c>
                  <w xmlns:ecep="http://www.eighteenthcenturypoetry.org/ns"
                     xml:id="pmp18-0216690"
                     n="a-2090"
                     ecep:lem="the"
                     ecep:pos="dt"
                     ecep:reg="the"
                     ecep:spe="the"
                     ecep:syllab="1"
                     ecep:pron="ðiː">the</w>
                  <c> </c>
                  <w xmlns:ecep="http://www.eighteenthcenturypoetry.org/ns"
                     xml:id="pmp18-0216700"
                     n="a-2100"
                     ecep:lem="left"
                     ecep:pos="j"
                     ecep:reg="left"
                     ecep:spe="left"
                     ecep:syllab="1"
                     ecep:pron="left">left</w>
                  <c> </c>
                  <w xmlns:ecep="http://www.eighteenthcenturypoetry.org/ns"
                     xml:id="pmp18-0216710"
                     n="a-2110"
                     ecep:lem="side"
                     ecep:pos="n1"
                     ecep:reg="Side"
                     ecep:spe="Side"
                     ecep:syllab="1"
                     ecep:pron="saɪd">Side</w>
                  <c> </c>
                  <w xmlns:ecep="http://www.eighteenthcenturypoetry.org/ns"
                     xml:id="pmp18-0216720"
                     n="a-2120"
                     ecep:lem="my"
                     ecep:pos="po11"
                     ecep:reg="my"
                     ecep:spe="my"
                     ecep:syllab="1"
                     ecep:pron="maɪ">my</w>
                  <c> </c>
                  <w xmlns:ecep="http://www.eighteenthcenturypoetry.org/ns"
                     xml:id="pmp18-0216730"
                     n="a-2130"
                     ecep:lem="breast"
                     ecep:pos="n1"
                     ecep:reg="Breast"
                     ecep:spe="Breast"
                     ecep:syllab="1"
                     ecep:pron="brest">Breast</w>
                  <c> </c>
                  <w xmlns:ecep="http://www.eighteenthcenturypoetry.org/ns"
                     xml:id="pmp18-0216740"
                     n="a-2140"
                     ecep:lem="what"
                     ecep:pos="r-crq"
                     ecep:reg="what"
                     ecep:spe="what"
                     ecep:syllab="1"
                     ecep:pron="wɒt">what</w>
                  <c> </c>
                  <w xmlns:ecep="http://www.eighteenthcenturypoetry.org/ns"
                     xml:id="pmp18-0216750"
                     n="a-2150"
                     ecep:lem="a"
                     ecep:pos="dt"
                     ecep:reg="a"
                     ecep:spe="a"
                     ecep:syllab="1"
                     ecep:pron="ə">a</w>
                  <c> </c>
                  <w xmlns:ecep="http://www.eighteenthcenturypoetry.org/ns"
                     xml:id="pmp18-0216760"
                     n="a-2160"
                     ecep:lem="mark"
                     ecep:pos="vvb"
                     ecep:reg="Mark"
                     ecep:spe="Mark"
                     ecep:syllab="1"
                     ecep:pron="mɑːk">Mark</w>
                  <c> </c>
                  <w xmlns:ecep="http://www.eighteenthcenturypoetry.org/ns"
                     xml:id="pmp18-0216770"
                     n="a-2170"
                     ecep:lem="it"
                     ecep:pos="pn31"
                     ecep:reg="it"
                     ecep:spe="it"
                     ecep:syllab="1"
                     ecep:pron="ɪt">it</w>
                  <c> </c>
                  <w xmlns:ecep="http://www.eighteenthcenturypoetry.org/ns"
                     xml:id="pmp18-0216780"
                     n="a-2180"
                     ecep:lem="have"
                     ecep:pos="vhz"
                     ecep:reg="has"
                     ecep:spe="has"
                     ecep:syllab="1"
                     ecep:pron="hæz">has</w>
                  <c> </c>
                  <w xmlns:ecep="http://www.eighteenthcenturypoetry.org/ns"
                     xml:id="pmp18-0216790"
                     n="a-2190"
                     ecep:lem="make"
                     ecep:pos="vvn"
                     ecep:reg="made"
                     ecep:spe="made"
                     ecep:syllab="1"
                     ecep:pron="meɪd">made</w>
                  <pc xmlns:ecep="http://www.eighteenthcenturypoetry.org/ns"
                      xml:id="pmp18-0216800"
                      n="a-2200"
                      unit="sentence"
                      ecep:lem="."
                      ecep:pos="."
                      ecep:reg="."
                      ecep:spe=".">.</pc>
                  <c> </c>
               </l>
               <l ana="#quatrain" n="14" rhyme="aaaa" xml:id="pmp18-l08890">
                  <w xmlns:ecep="http://www.eighteenthcenturypoetry.org/ns"
                     xml:id="pmp18-0216810"
                     n="a-2210"
                     ecep:lem="so"
                     ecep:pos="av"
                     ecep:reg="So"
                     ecep:spe="So"
                     ecep:syllab="1"
                     ecep:pron="səʊ">So</w>
                  <c> </c>
                  <w xmlns:ecep="http://www.eighteenthcenturypoetry.org/ns"
                     xml:id="pmp18-0216820"
                     n="a-2220"
                     ecep:lem="say"
                     ecep:pos="vvg"
                     ecep:reg="saying"
                     ecep:spe="saying"
                     ecep:syllab="2"
                     ecep:pron="ˈseɪɪŋ">saying</w>
                  <pc xmlns:ecep="http://www.eighteenthcenturypoetry.org/ns"
                      xml:id="pmp18-0216830"
                      n="a-2230"
                      ecep:lem=","
                      ecep:pos=","
                      ecep:reg=","
                      ecep:spe=",">,</pc>
                  <c> </c>
                  <w xmlns:ecep="http://www.eighteenthcenturypoetry.org/ns"
                     xml:id="pmp18-0216840"
                     n="a-2240"
                     ecep:lem="her"
                     ecep:pos="po31"
                     ecep:reg="her"
                     ecep:spe="her"
                     ecep:syllab="1"
                     ecep:pron="hɜː">her</w>
                  <c> </c>
                  <w xmlns:ecep="http://www.eighteenthcenturypoetry.org/ns"
                     xml:id="pmp18-0216850"
                     n="a-2250"
                     ecep:lem="bosom"
                     ecep:pos="n1"
                     ecep:reg="Bosom"
                     ecep:spe="Bosom"
                     ecep:syllab="2"
                     ecep:pron="ˈbʊzm">Bosom</w>
                  <c> </c>
                  <w xmlns:ecep="http://www.eighteenthcenturypoetry.org/ns"
                     xml:id="pmp18-0216860"
                     n="a-2260"
                     ecep:lem="she"
                     ecep:pos="pns31"
                     ecep:reg="She"
                     ecep:spe="She"
                     ecep:syllab="1"
                     ecep:pron="ʃiː">She</w>
                  <c> </c>
                  <w xmlns:ecep="http://www.eighteenthcenturypoetry.org/ns"
                     xml:id="pmp18-0216870"
                     n="a-2270"
                     ecep:lem="careless"
                     ecep:pos="j"
                     ecep:reg="careless"
                     ecep:spe="careless"
                     ecep:syllab="2"
                     ecep:pron="ˈkeələs">careless</w>
                  <c> </c>
                  <w xmlns:ecep="http://www.eighteenthcenturypoetry.org/ns"
                     xml:id="pmp18-0216880"
                     n="a-2280"
                     ecep:lem="display"
                     ecep:pos="vvn"
                     ecep:reg="displayed"
                     ecep:spe="display'd"
                     ecep:syllab="2"
                     ecep:pron="dɪˈspleɪd">display'd</w>
                  <pc xmlns:ecep="http://www.eighteenthcenturypoetry.org/ns"
                      xml:id="pmp18-0216890"
                      n="a-2290"
                      unit="sentence"
                      ecep:lem="."
                      ecep:pos="."
                      ecep:reg="."
                      ecep:spe=".">.</pc>
                  <c> </c>
               </l>
               <l ana="#quatrain" n="15" rhyme="aaaa" xml:id="pmp18-l08895">
                  <w xmlns:ecep="http://www.eighteenthcenturypoetry.org/ns"
                     xml:id="pmp18-0216900"
                     n="a-2300"
                     ecep:lem="that"
                     ecep:pos="cst"
                     ecep:reg="That"
                     ecep:spe="That"
                     ecep:syllab="1"
                     ecep:pron="ðæt">That</w>
                  <c> </c>
                  <w xmlns:ecep="http://www.eighteenthcenturypoetry.org/ns"
                     xml:id="pmp18-0216910"
                     n="a-2310"
                     ecep:lem="seat"
                     ecep:pos="n1"
                     ecep:reg="Seat"
                     ecep:spe="Seat"
                     ecep:syllab="1"
                     ecep:pron="siːt">Seat</w>
                  <c> </c>
                  <w xmlns:ecep="http://www.eighteenthcenturypoetry.org/ns"
                     xml:id="pmp18-0216920"
                     n="a-2320"
                     ecep:lem="of"
                     ecep:pos="pp-f"
                     ecep:reg="of"
                     ecep:spe="of"
                     ecep:syllab="1"
                     ecep:pron="ɒv">of</w>
                  <c> </c>
                  <w xmlns:ecep="http://www.eighteenthcenturypoetry.org/ns"
                     xml:id="pmp18-0216930"
                     n="a-2330"
                     ecep:lem="delight"
                     ecep:pos="n1"
                     ecep:reg="Delight"
                     ecep:spe="Delight"
                     ecep:syllab="2"
                     ecep:pron="dɪˈlaɪt">Delight</w>
                  <c> </c>
                  <w xmlns:ecep="http://www.eighteenthcenturypoetry.org/ns"
                     xml:id="pmp18-0216940"
                     n="a-2340"
                     ecep:lem="i"
                     ecep:pos="pns11"
                     ecep:reg="I"
                     ecep:spe="I"
                     ecep:syllab="1"
                     ecep:pron="aɪ">I</w>
                  <c> </c>
                  <w xmlns:ecep="http://www.eighteenthcenturypoetry.org/ns"
                     xml:id="pmp18-0216950"
                     n="a-2350"
                     ecep:lem="with"
                     ecep:pos="p-acp"
                     ecep:reg="with"
                     ecep:spe="with"
                     ecep:syllab="1"
                     ecep:pron="wɪð">with</w>
                  <c> </c>
                  <w xmlns:ecep="http://www.eighteenthcenturypoetry.org/ns"
                     xml:id="pmp18-0216960"
                     n="a-2360"
                     ecep:lem="wonder"
                     ecep:pos="n1"
                     ecep:reg="Wonder"
                     ecep:spe="Wonder"
                     ecep:syllab="2"
                     ecep:pron="ˈwʌndə">Wonder</w>
                  <c> </c>
                  <w xmlns:ecep="http://www.eighteenthcenturypoetry.org/ns"
                     xml:id="pmp18-0216970"
                     n="a-2370"
                     ecep:lem="survey"
                     ecep:pos="vvn"
                     ecep:reg="surveyed"
                     ecep:spe="survey'd"
                     ecep:syllab="2"
                     ecep:pron="səˈveɪd">survey'd</w>
                  <pc xmlns:ecep="http://www.eighteenthcenturypoetry.org/ns"
                      xml:id="pmp18-0216980"
                      n="a-2380"
                      ecep:lem=";"
                      ecep:pos=";"
                      ecep:reg=";"
                      ecep:spe=";">;</pc>
               </l>
               <l ana="#quatrain" n="16" rhyme="aaaa" xml:id="pmp18-l08900">
                  <c> </c>
                  <w xmlns:ecep="http://www.eighteenthcenturypoetry.org/ns"
                     xml:id="pmp18-0216990"
                     n="a-2390"
                     ecep:lem="and"
                     ecep:pos="cc"
                     ecep:reg="And"
                     ecep:spe="And"
                     ecep:syllab="1"
                     ecep:pron="ænd">And</w>
                  <c> </c>
                  <w xmlns:ecep="http://www.eighteenthcenturypoetry.org/ns"
                     xml:id="pmp18-0217000"
                     n="a-2400"
                     ecep:lem="forget"
                     ecep:pos="vvd"
                     ecep:reg="forgot"
                     ecep:spe="forgot"
                     ecep:syllab="2"
                     ecep:pron="fəˈgɒt">forgot</w>
                  <c> </c>
                  <w xmlns:ecep="http://www.eighteenthcenturypoetry.org/ns"
                     xml:id="pmp18-0217010"
                     n="a-2410"
                     ecep:lem="every"
                     ecep:pos="d"
                     ecep:reg="every"
                     ecep:spe="ev'ry"
                     ecep:syllab="2"
                     ecep:pron="ˈevri">ev'ry</w>
                  <c> </c>
                  <w xmlns:ecep="http://www.eighteenthcenturypoetry.org/ns"
                     xml:id="pmp18-0217020"
                     n="a-2420"
                     ecep:lem="word"
                     ecep:pos="n1"
                     ecep:reg="Word"
                     ecep:spe="Word"
                     ecep:syllab="1"
                     ecep:pron="wɜːd">Word</w>
                  <c> </c>
                  <w xmlns:ecep="http://www.eighteenthcenturypoetry.org/ns"
                     xml:id="pmp18-0217030"
                     n="a-2430"
                     ecep:lem="i"
                     ecep:pos="pns11"
                     ecep:reg="I"
                     ecep:spe="I"
                     ecep:syllab="1"
                     ecep:pron="aɪ">I</w>
                  <c> </c>
                  <w xmlns:ecep="http://www.eighteenthcenturypoetry.org/ns"
                     xml:id="pmp18-0217040"
                     n="a-2440"
                     ecep:lem="design"
                     ecep:pos="vvd"
                     ecep:reg="designed"
                     ecep:spe="design'd"
                     ecep:syllab="2"
                     ecep:pron="dɪˈzaɪnd">design'd</w>
                  <c> </c>
                  <w xmlns:ecep="http://www.eighteenthcenturypoetry.org/ns"
                     xml:id="pmp18-0217050"
                     n="a-2450"
                     ecep:lem="to"
                     ecep:pos="pc-acp"
                     ecep:reg="to"
                     ecep:spe="to"
                     ecep:syllab="1"
                     ecep:pron="tuː">to</w>
                  <c> </c>
                  <w xmlns:ecep="http://www.eighteenthcenturypoetry.org/ns"
                     xml:id="pmp18-0217060"
                     n="a-2460"
                     ecep:lem="have"
                     ecep:pos="vhi"
                     ecep:reg="have"
                     ecep:spe="have"
                     ecep:syllab="1"
                     ecep:pron="hæv">have</w>
                  <c> </c>
                  <w xmlns:ecep="http://www.eighteenthcenturypoetry.org/ns"
                     xml:id="pmp18-0217070"
                     n="a-2470"
                     ecep:lem="say"
                     ecep:pos="vvd"
                     ecep:reg="said"
                     ecep:spe="said"
                     ecep:syllab="1"
                     ecep:pron="sed">said</w>
                  <pc xmlns:ecep="http://www.eighteenthcenturypoetry.org/ns"
                      xml:id="pmp18-0217080"
                      n="a-2480"
                      unit="sentence"
                      ecep:lem="."
                      ecep:pos="."
                      ecep:reg="."
                      ecep:spe=".">.</pc>
                  <c> </c>
               </l>
            </lg>
         </div>
      </body>
   </text>
</TEI>
