<?xml version="1.0" encoding="UTF-8"?>
<div xmlns:tei="http://www.tei-c.org/ns/1.0"
     xmlns="http://www.tei-c.org/ns/1.0"
     xmlns:ecep="http://www.eighteenthcenturypoetry.org/ns"
     ana="#iamb #tetrameter #octet #cross #epigram"
     corresp="#txt_NugeEa1709_w0029"
     ecep:syllab="8.8.8.8.8.8.8.8"
     met="-+|-+|-+|-+/      -+|-+|-+|-+/      -+|-+|-+|-+/      -+|-+|-+|-+/      -+|-+|-+|-+/      -+|-+|-+|-+/      -+|-+|-+|-+/      -+|-+|-+|-+/"
     n="15"
     rendition="#lgvspace"
     rhyme="ababcdcd"
     subtype="eceptext"
     type="epigram"
     xml:id="o5153-w0804"
     decls="#semi-normalized">
   <link target="authors.xml#aut_NugeEa1709" type="author"/>
   <link target="23503" type="DMI"/>
   <head type="main">
      <w xml:id="o5153-521620"
         n="240-a-0010"
         ecep:lem="epigram"
         ecep:pos="n1"
         ecep:reg="EPIGRAM"
         ecep:spe="EPIGRAM"
         ecep:syllab="3"
         ecep:pron="ˈepɪgræm">EPIGRAM</w>
      <c> </c>
      <w xml:id="o5153-521630"
         n="240-a-0020"
         ecep:lem="XV."
         ecep:pos="np1"
         ecep:reg="XV."
         ecep:spe="XV."
         ecep:syllab="1"
         ecep:pron="rˌəʊmənfˈɪftiːn">XV.</w>
      <pc unit="sentence" xml:id="o5153-521630-eos" n="240-a-0030"/>
   </head>
   <head type="sub">
      <w xml:id="o5153-521660"
         n="240-a-0040"
         ecep:lem="to"
         ecep:pos="p-acp"
         ecep:reg="To"
         ecep:spe="To"
         ecep:syllab="1"
         ecep:pron="tuː">To</w>
      <c> </c>
      <w xml:id="o5153-521670"
         n="240-a-0050"
         ecep:lem="CLARISSA"
         ecep:pos="np1"
         ecep:reg="CLARISSA"
         ecep:spe="CLARISSA"
         ecep:syllab="3"
         ecep:pron="kləˈrɪsə">CLARISSA</w>
      <pc xml:id="o5153-521680"
          n="240-a-0060"
          unit="sentence"
          ecep:lem="."
          ecep:pos="."
          ecep:reg="."
          ecep:spe=".">.</pc>
   </head>
   <lg>
      <l xml:id="o5153-l27485">
         <w xml:id="o5153-521700"
            n="240-a-0070"
            ecep:lem="why"
            ecep:pos="uh-crq"
            ecep:reg="WHY"
            ecep:spe="WHY"
            ecep:syllab="1"
            ecep:pron="waɪ">WHY</w>
         <c> </c>
         <w xml:id="o5153-521710"
            n="240-a-0080"
            ecep:lem="like"
            ecep:pos="j"
            ecep:reg="like"
            ecep:spe="like"
            ecep:syllab="1"
            ecep:pron="laɪk">like</w>
         <c> </c>
         <w xml:id="o5153-521720"
            n="240-a-0090"
            ecep:lem="a"
            ecep:pos="dt"
            ecep:reg="a"
            ecep:spe="a"
            ecep:syllab="1"
            ecep:pron="ə">a</w>
         <c> </c>
         <w xml:id="o5153-521730"
            n="240-a-0100"
            ecep:lem="tyrant"
            ecep:pos="n1"
            ecep:reg="tyrant"
            ecep:spe="tyrant"
            ecep:syllab="2"
            ecep:pron="ˈtaɪrənt">tyrant</w>
         <c> </c>
         <w xml:id="o5153-521740"
            n="240-a-0110"
            ecep:lem="will"
            ecep:pos="vm2"
            ecep:reg="wilt"
            ecep:spe="wilt"
            ecep:syllab="1"
            ecep:pron="wɪlt">wilt</w>
         <c> </c>
         <w xml:id="o5153-521750"
            n="240-a-0120"
            ecep:lem="thou"
            ecep:pos="pns21"
            ecep:reg="thou"
            ecep:spe="thou"
            ecep:syllab="1"
            ecep:pron="θaʊ">thou</w>
         <c> </c>
         <w xml:id="o5153-521760"
            n="240-a-0130"
            ecep:lem="reign"
            ecep:pos="vvi"
            ecep:reg="reign"
            ecep:spe="reign"
            ecep:syllab="1"
            ecep:pron="reɪn">reign</w>
         <pc xml:id="o5153-521770"
             n="240-a-0140"
             ecep:lem=","
             ecep:pos=","
             ecep:reg=","
             ecep:spe=",">,</pc>
      </l>
      <l xml:id="o5153-l27490">
         <w xml:id="o5153-521780"
            n="240-a-0150"
            ecep:lem="when"
            ecep:pos="c-crq"
            ecep:reg="When"
            ecep:spe="When"
            ecep:syllab="1"
            ecep:pron="wen">When</w>
         <c> </c>
         <w xml:id="o5153-521790"
            n="240-a-0160"
            ecep:lem="thou"
            ecep:pos="pns21"
            ecep:reg="thou"
            ecep:spe="thou"
            ecep:syllab="1"
            ecep:pron="θaʊ">thou</w>
         <c> </c>
         <w xml:id="o5153-521800"
            n="240-a-0170"
            ecep:lem="may"
            ecep:pos="vm2"
            ecep:reg="mayest"
            ecep:spe="may'st"
            ecep:syllab="1"
            ecep:pron="meɪst">may'st</w>
         <c> </c>
         <w xml:id="o5153-521810"
            n="240-a-0180"
            ecep:lem="rule"
            ecep:pos="vvi"
            ecep:reg="rule"
            ecep:spe="rule"
            ecep:syllab="1"
            ecep:pron="ruːl">rule</w>
         <c> </c>
         <w xml:id="o5153-521820"
            n="240-a-0190"
            ecep:lem="the"
            ecep:pos="dt"
            ecep:reg="the"
            ecep:spe="the"
            ecep:syllab="1"
            ecep:pron="ðiː">the</w>
         <c> </c>
         <w xml:id="o5153-521830"
            n="240-a-0200"
            ecep:lem="will"
            ecep:pos="j-vvg"
            ecep:reg="willing"
            ecep:spe="willing"
            ecep:syllab="2"
            ecep:pron="ˈwɪlɪŋ">willing</w>
         <c> </c>
         <w xml:id="o5153-521840"
            n="240-a-0210"
            ecep:lem="mind"
            ecep:pos="n1"
            ecep:reg="mind"
            ecep:spe="mind"
            ecep:syllab="1"
            ecep:pron="maɪnd">mind</w>
         <pc xml:id="o5153-521850"
             n="240-a-0220"
             unit="sentence"
             ecep:lem="?"
             ecep:pos="?"
             ecep:reg="?"
             ecep:spe="?">?</pc>
      </l>
      <l xml:id="o5153-l27495">
         <w xml:id="o5153-521860"
            n="240-a-0230"
            ecep:lem="can"
            ecep:pos="vmb"
            ecep:reg="Can"
            ecep:spe="Can"
            ecep:syllab="1"
            ecep:pron="kæn">Can</w>
         <c> </c>
         <w xml:id="o5153-521870"
            n="240-a-0240"
            ecep:lem="the"
            ecep:pos="dt"
            ecep:reg="the"
            ecep:spe="the"
            ecep:syllab="1"
            ecep:pron="ðiː">the</w>
         <c> </c>
         <w xml:id="o5153-521880"
            n="240-a-0250"
            ecep:lem="poor"
            ecep:pos="j"
            ecep:reg="poor"
            ecep:spe="poor"
            ecep:syllab="1"
            ecep:pron="pɔː">poor</w>
         <c> </c>
         <w xml:id="o5153-521890"
            n="240-a-0260"
            ecep:lem="pride"
            ecep:pos="n1"
            ecep:reg="pride"
            ecep:spe="pride"
            ecep:syllab="1"
            ecep:pron="praɪd">pride</w>
         <c> </c>
         <w xml:id="o5153-521900"
            n="240-a-0270"
            ecep:lem="of"
            ecep:pos="pp-f"
            ecep:reg="of"
            ecep:spe="of"
            ecep:syllab="1"
            ecep:pron="ɒv">of</w>
         <c> </c>
         <w xml:id="o5153-521910"
            n="240-a-0280"
            ecep:lem="give"
            ecep:pos="vvg"
            ecep:reg="giving"
            ecep:spe="giving"
            ecep:syllab="2"
            ecep:pron="gɪvɪŋ">giving</w>
         <c> </c>
         <w xml:id="o5153-521920"
            n="240-a-0290"
            ecep:lem="pain"
            ecep:pos="n1"
            ecep:reg="pain"
            ecep:spe="pain"
            ecep:syllab="1"
            ecep:pron="peɪn">pain</w>
      </l>
      <l xml:id="o5153-l27500">
         <w xml:id="o5153-521930"
            n="240-a-0300"
            ecep:lem="repay"
            ecep:pos="vvi"
            ecep:reg="Repay"
            ecep:spe="Repay"
            ecep:syllab="2"
            ecep:pron="rɪˈpeɪ">Repay</w>
         <c> </c>
         <w xml:id="o5153-521940"
            n="240-a-0310"
            ecep:lem="the"
            ecep:pos="dt"
            ecep:reg="the"
            ecep:spe="the"
            ecep:syllab="1"
            ecep:pron="ðiː">the</w>
         <c> </c>
         <w xml:id="o5153-521950"
            n="240-a-0320"
            ecep:lem="joy"
            ecep:pos="n2"
            ecep:reg="joys"
            ecep:spe="joys"
            ecep:syllab="1"
            ecep:pron="dʒɔɪz">joys</w>
         <c> </c>
         <w xml:id="o5153-521960"
            n="240-a-0330"
            ecep:lem="that"
            ecep:pos="cst"
            ecep:reg="that"
            ecep:spe="that"
            ecep:syllab="1"
            ecep:pron="ðæt">that</w>
         <c> </c>
         <w xml:id="o5153-521970"
            n="240-a-0340"
            ecep:lem="wait"
            ecep:pos="vvb"
            ecep:reg="wait"
            ecep:spe="wait"
            ecep:syllab="1"
            ecep:pron="weɪt">wait</w>
         <c> </c>
         <w xml:id="o5153-521980"
            n="240-a-0350"
            ecep:lem="the"
            ecep:pos="dt"
            ecep:reg="the"
            ecep:spe="the"
            ecep:syllab="1"
            ecep:pron="ðiː">the</w>
         <c> </c>
         <w xml:id="o5153-521990"
            n="240-a-0360"
            ecep:lem="kind"
            ecep:pos="n1"
            ecep:reg="kind"
            ecep:spe="kind"
            ecep:syllab="1"
            ecep:pron="kaɪnd">kind</w>
         <pc xml:id="o5153-522000"
             n="240-a-0370"
             unit="sentence"
             ecep:lem="?"
             ecep:pos="?"
             ecep:reg="?"
             ecep:spe="?">?</pc>
      </l>
      <l xml:id="o5153-l27505">
         <w xml:id="o5153-522010"
            n="240-a-0380"
            ecep:lem="i"
            ecep:pos="pns11"
            ecep:reg="I"
            ecep:spe="I"
            ecep:syllab="1"
            ecep:pron="aɪ">I</w>
         <c> </c>
         <w xml:id="o5153-522020"
            n="240-a-0390"
            ecep:lem="curse"
            ecep:pos="vvb"
            ecep:reg="curse"
            ecep:spe="curse"
            ecep:syllab="1"
            ecep:pron="kɜːs">curse</w>
         <c> </c>
         <w xml:id="o5153-522030"
            n="240-a-0400"
            ecep:lem="my"
            ecep:pos="po11"
            ecep:reg="my"
            ecep:spe="my"
            ecep:syllab="1"
            ecep:pron="maɪ">my</w>
         <c> </c>
         <w xml:id="o5153-522040"
            n="240-a-0410"
            ecep:lem="fond"
            ecep:pos="j"
            ecep:reg="fond"
            ecep:spe="fond"
            ecep:syllab="1"
            ecep:pron="fɒnd">fond</w>
         <c> </c>
         <w xml:id="o5153-522050"
            n="240-a-0420"
            ecep:lem="endure"
            ecep:pos="j-vvg"
            ecep:reg="enduring"
            ecep:spe="enduring"
            ecep:syllab="3"
            ecep:pron="ɪnˈdʒʊəɪŋ">enduring</w>
         <c> </c>
         <w xml:id="o5153-522060"
            n="240-a-0430"
            ecep:lem="heart"
            ecep:pos="n1"
            ecep:reg="heart"
            ecep:spe="heart"
            ecep:syllab="1"
            ecep:pron="hɑːt">heart</w>
         <pc xml:id="o5153-522070"
             n="240-a-0440"
             ecep:lem=","
             ecep:pos=","
             ecep:reg=","
             ecep:spe=",">,</pc>
      </l>
      <l xml:id="o5153-l27510">
         <w xml:id="o5153-522080"
            n="240-a-0450"
            ecep:lem="which"
            ecep:pos="r-crq"
            ecep:reg="Which"
            ecep:spe="Which"
            ecep:syllab="1"
            ecep:pron="wɪtʃ">Which</w>
         <c> </c>
         <w xml:id="o5153-522090"
            n="240-a-0460"
            ecep:lem="scorn"
            ecep:pos="vvn"
            ecep:reg="scorned"
            ecep:spe="scorn'd"
            ecep:syllab="1"
            ecep:pron="skɔːnd">scorn'd</w>
         <c> </c>
         <w xml:id="o5153-522100"
            n="240-a-0470"
            ecep:lem="presume"
            ecep:pos="vvz"
            ecep:reg="presumest"
            ecep:spe="presumes"
            ecep:syllab="2"
            ecep:pron="prɪˈzjuːmz">presumes</w>
         <c> </c>
         <w xml:id="o5153-522110"
            n="240-a-0480"
            ecep:lem="not"
            ecep:pos="xx"
            ecep:reg="not"
            ecep:spe="not"
            ecep:syllab="1"
            ecep:pron="nɒt">not</w>
         <c> </c>
         <w xml:id="o5153-522120"
            n="240-a-0490"
            ecep:lem="to"
            ecep:pos="pc-acp"
            ecep:reg="to"
            ecep:spe="to"
            ecep:syllab="1"
            ecep:pron="tuː">to</w>
         <c> </c>
         <w xml:id="o5153-522130"
            n="240-a-0500"
            ecep:lem="be"
            ecep:pos="vbi"
            ecep:reg="be"
            ecep:spe="be"
            ecep:syllab="1"
            ecep:pron="biː">be</w>
         <c> </c>
         <w xml:id="o5153-522140"
            n="240-a-0510"
            ecep:lem="free"
            ecep:pos="j"
            ecep:reg="free"
            ecep:spe="free"
            ecep:syllab="1"
            ecep:pron="friː">free</w>
         <pc xml:id="o5153-522150"
             n="240-a-0520"
             ecep:lem=","
             ecep:pos=","
             ecep:reg=","
             ecep:spe=",">,</pc>
      </l>
      <l xml:id="o5153-l27515">
         <w xml:id="o5153-522160"
            n="240-a-0530"
            ecep:lem="condemn"
            ecep:pos="vvn"
            ecep:reg="Condemned"
            ecep:spe="Condemn'd"
            ecep:syllab="2"
            ecep:pron="kənˈdemd">Condemn'd</w>
         <c> </c>
         <w xml:id="o5153-522170"
            n="240-a-0540"
            ecep:lem="to"
            ecep:pos="pc-acp"
            ecep:reg="to"
            ecep:spe="to"
            ecep:syllab="1"
            ecep:pron="tuː">to</w>
         <c> </c>
         <w xml:id="o5153-522180"
            n="240-a-0550"
            ecep:lem="feel"
            ecep:pos="vvi"
            ecep:reg="feel"
            ecep:spe="feel"
            ecep:syllab="1"
            ecep:pron="fiːl">feel</w>
         <c> </c>
         <w xml:id="o5153-522190"
            n="240-a-0560"
            ecep:lem="a"
            ecep:pos="dt"
            ecep:reg="a"
            ecep:spe="a"
            ecep:syllab="1"
            ecep:pron="ə">a</w>
         <c> </c>
         <w xml:id="o5153-522200"
            n="240-a-0570"
            ecep:lem="double"
            ecep:pos="j"
            ecep:reg="double"
            ecep:spe="double"
            ecep:syllab="2"
            ecep:pron="ˈdʌbl">double</w>
         <c> </c>
         <w xml:id="o5153-522210"
            n="240-a-0580"
            ecep:lem="smart"
            ecep:pos="j"
            ecep:reg="smart"
            ecep:spe="smart"
            ecep:syllab="1"
            ecep:pron="smɑːt">smart</w>
         <pc xml:id="o5153-522220"
             n="240-a-0590"
             ecep:lem=","
             ecep:pos=","
             ecep:reg=","
             ecep:spe=",">,</pc>
      </l>
      <l xml:id="o5153-l27520">
         <w xml:id="o5153-522230"
            n="240-a-0600"
            ecep:lem="to"
            ecep:pos="pc-acp"
            ecep:reg="To"
            ecep:spe="To"
            ecep:syllab="1"
            ecep:pron="tuː">To</w>
         <c> </c>
         <w xml:id="o5153-522240"
            n="240-a-0610"
            ecep:lem="hate"
            ecep:pos="vvi"
            ecep:reg="hate"
            ecep:spe="hate"
            ecep:syllab="1"
            ecep:pron="heɪt">hate</w>
         <c> </c>
         <w xml:id="o5153-522250"
            n="240-a-0620"
            ecep:lem="myself"
            ecep:pos="px11"
            ecep:reg="myself"
            ecep:spe="myself"
            ecep:syllab="2"
            ecep:pron="maɪˈself">myself</w>
         <pc xml:id="o5153-522260"
             n="240-a-0630"
             ecep:lem=","
             ecep:pos=","
             ecep:reg=","
             ecep:spe=",">,</pc>
         <c> </c>
         <w xml:id="o5153-522270"
            n="240-a-0640"
            ecep:lem="and"
            ecep:pos="cc"
            ecep:reg="and"
            ecep:spe="and"
            ecep:syllab="1"
            ecep:pron="ænd">and</w>
         <c> </c>
         <w xml:id="o5153-522280"
            n="240-a-0650"
            ecep:lem="burn"
            ecep:pos="vvi"
            ecep:reg="burn"
            ecep:spe="burn"
            ecep:syllab="1"
            ecep:pron="bɜːn">burn</w>
         <c> </c>
         <w xml:id="o5153-522290"
            n="240-a-0660"
            ecep:lem="for"
            ecep:pos="p-acp"
            ecep:reg="for"
            ecep:spe="for"
            ecep:syllab="1"
            ecep:pron="fɔː">for</w>
         <c> </c>
         <w xml:id="o5153-522300"
            n="240-a-0670"
            ecep:lem="thou"
            ecep:pos="pno21"
            ecep:reg="thee"
            ecep:spe="thee"
            ecep:syllab="1"
            ecep:pron="ðiː">thee</w>
         <pc xml:id="o5153-522310"
             n="240-a-0680"
             unit="sentence"
             ecep:lem="."
             ecep:pos="."
             ecep:reg="."
             ecep:spe=".">.</pc>
      </l>
   </lg>
</div>
