<?xml version="1.0" encoding="UTF-8"?>
<?xml-model href="../tei_all.rnc" type="application/relax-ng-compact-syntax"?>
<TEI xmlns="http://www.tei-c.org/ns/1.0">
   <teiHeader>
      <fileDesc>
         <titleStmt>
            <title corresp="#txt_ChanMa1687_w0006">To the Reverend Doctor S—. An Invitation to a Morning-Walk in the Spring.</title>
            <author corresp="authors.xml#aut_ChanMa1687">Mary Chandler</author>
            <respStmt>
               <name xml:id="AH">Alexander Huber</name>
               <resp>Editor</resp>
            </respStmt>
            <funder>
               <name type="institution" xml:id="BOD">Bodleian Libraries, University of Oxford</name>
               <address>
                  <addrLine>Broad Street</addrLine>
                  <addrLine>Oxford OX1 3BG</addrLine>
                  <addrLine>UK</addrLine>
               </address>
            </funder>
         </titleStmt>
         <publicationStmt>
            <publisher xml:id="ECPA">Eighteenth-Century Poetry Archive</publisher>
            <address>
               <addrLine>Taylor Institution Library</addrLine>
               <addrLine>St Giles'</addrLine>
               <addrLine>Oxford OX1 3NA</addrLine>
               <addrLine>UK</addrLine>
               <addrLine>
                  <email>info@eighteenthcenturypoetry.org</email>
               </addrLine>
               <addrLine>
                  <ref target="https://www.eighteenthcenturypoetry.org/">https://www.eighteenthcenturypoetry.org/</ref>
               </addrLine>
            </address>
            <pubPlace>Oxford</pubPlace>
            <availability status="restricted">
               <licence target="http://creativecommons.org/licenses/by-sa/3.0/">This work is licensed under a Creative Commons Attribution-ShareAlike 3.0 Unported License.</licence>
            </availability>
            <idno type="ESTC">T63103</idno>
         </publicationStmt>
         <sourceDesc>
            <bibl>
               <author>Chandler, Mary, 1687-1745.</author>
               <title>The Description Of Bath. A Poem. Humbly Inscribed To Her Royal Highness the Princess Amelia. By Mrs. Mary Chandler. The Third Edition. To which are added, Several Poems by the same Author [poems only].</title>
               <pubPlace>London</pubPlace>
               <publisher>Printed for James Leake, Bookseller in Bath</publisher>
               <date>1736</date>
               <biblScope>pp. 34-35.</biblScope>
               <extent>77p.</extent>
            </bibl>
         </sourceDesc>
      </fileDesc>
      <encodingDesc>
         <projectDesc>
            <p>This e-text is part of the Works section of the Eighteenth-Century Poetry Archive (ECPA).</p>
            <p>XML created for the Eighteenth-Century Poetry Archive (ECPA).</p>
         </projectDesc>
         <editorialDecl>
            <p>Typography, spelling, capitalization, and punctuation have been cautiously modernized. The source of the text is given and all significant
						editorial interventions have been recorded in textual notes. This  text has been edited to conform to the recommendations found 
						in Level 5 of the
						Best Practices for TEI in Libraries version 4.0.0.
					</p>
         </editorialDecl>
         <classDecl>
            <taxonomy xml:id="LCNAF">
               <bibl>Library of Congress Name Authority File (<abbr>LCNAF</abbr>)</bibl>
            </taxonomy>
         </classDecl>
         <tagsDecl>
            <rendition n="linegroups indented" xml:id="lgindent" scheme="css">text-indent: 1em;</rendition>
            <rendition n="linegroups vertically spaced" xml:id="lgvspace" scheme="css">margin-bottom: 1em;</rendition>
            <rendition n="aligned centrally" xml:id="align-center" scheme="css">text-align: center;</rendition>
            <rendition n="aligned right" xml:id="align-right" scheme="css">text-align: right;</rendition>
            <rendition n="aligned left" xml:id="align-left" scheme="css">text-align: left;</rendition>
            <rendition n="inline" xml:id="inline" scheme="css">display: inline</rendition>
            <rendition n="italic" xml:id="i" scheme="css">font-style: italic;</rendition>
            <rendition n="bold" xml:id="b" scheme="css">font-weight: bold;</rendition>
         </tagsDecl>
      </encodingDesc>
   </teiHeader>
   <text>
      <body>
         <div xmlns:ecep="http://www.eighteenthcenturypoetry.org/ns"
              xmlns:tei="http://www.tei-c.org/ns/1.0"
              ana="#iamb #tetrameter #quatrain #cross #address"
              corresp="#txt_ChanMa1687_w0006"
              decls="#semi-normalized"
              ecep:syllab="8.8.8.8"
              met="-+|-+|-+|-+/ -+|-+|-+|-+/ -+|-+|-+|-+/ -+|-+|-+|-+/"
              rendition="#lgvspace"
              rhyme="abab"
              subtype="eceptext"
              type="poem"
              xml:id="pmc36-w0060">
            <link target="authors.xml#aut_ChanMa1687" type="author"/>
            <head type="main">
               <w xml:id="pmc36-46840"
                  n="pmc36/0048-a-0010"
                  ecep:lem="to"
                  ecep:pos="p-acp"
                  ecep:reg="To"
                  ecep:spe="To"
                  ecep:syllab="1"
                  ecep:pron="tuː">To</w>
               <c> </c>
               <w xml:id="pmc36-46850"
                  n="pmc36/0048-a-0020"
                  ecep:lem="the"
                  ecep:pos="dt"
                  ecep:reg="the"
                  ecep:spe="the"
                  ecep:syllab="1"
                  ecep:pron="ðiː">the</w>
               <c> </c>
               <w xml:id="pmc36-46860"
                  n="pmc36/0048-a-0030"
                  ecep:lem="reverend"
                  ecep:pos="n-jn"
                  ecep:reg="Reverend"
                  ecep:spe="Reverend"
                  ecep:syllab="3"
                  ecep:pron="ˈrevrnd">Reverend</w>
               <c> </c>
               <w xml:id="pmc36-46870"
                  n="pmc36/0048-a-0040"
                  ecep:lem="doctor"
                  ecep:pos="n1"
                  ecep:reg="Doctor"
                  ecep:spe="Doctor"
                  ecep:syllab="2"
                  ecep:pron="ˈdɒktə">Doctor</w>
               <c> </c>
               <w xml:id="pmc36-46880"
                  n="pmc36/0048-a-0050"
                  ecep:lem="S—"
                  ecep:pos="np1"
                  ecep:reg="S—"
                  ecep:spe="S—"
                  ecep:syllab="1"
                  ecep:pron="ˈes">S—</w>
               <pc xml:id="pmc36-46900"
                   n="pmc36/0048-a-0070"
                   unit="sentence"
                   ecep:lem="."
                   ecep:pos="."
                   ecep:reg="."
                   ecep:spe=".">.</pc>
            </head>
            <head type="sub">
               <w xml:id="pmc36-46930"
                  n="pmc36/0048-a-0080"
                  ecep:lem="a"
                  ecep:pos="dt"
                  ecep:reg="An"
                  ecep:spe="An"
                  ecep:syllab="1"
                  ecep:pron="æn">An</w>
               <c> </c>
               <w xml:id="pmc36-46940"
                  n="pmc36/0048-a-0090"
                  ecep:lem="invitation"
                  ecep:pos="n1"
                  ecep:reg="Invitation"
                  ecep:spe="Invitation"
                  ecep:syllab="4"
                  ecep:pron="ˌɪnvɪˈteɪʃn">Invitation</w>
               <c> </c>
               <w xml:id="pmc36-46950"
                  n="pmc36/0048-a-0100"
                  ecep:lem="to"
                  ecep:pos="p-acp"
                  ecep:reg="to"
                  ecep:spe="to"
                  ecep:syllab="1"
                  ecep:pron="tuː">to</w>
               <c> </c>
               <w xml:id="pmc36-46960"
                  n="pmc36/0048-a-0110"
                  ecep:lem="a"
                  ecep:pos="dt"
                  ecep:reg="a"
                  ecep:spe="a"
                  ecep:syllab="1"
                  ecep:pron="ə">a</w>
               <c> </c>
               <w xml:id="pmc36-46970"
                  n="pmc36/0048-a-0120"
                  ecep:lem="morning-walk"
                  ecep:pos="n1"
                  ecep:reg="Morning-Walk"
                  ecep:spe="Morning-Walk"
                  ecep:syllab="3"
                  ecep:pron="ˈmɔːnɪŋˌwɔːk">Morning-Walk</w>
               <c> </c>
               <w xml:id="pmc36-46980"
                  n="pmc36/0048-a-0130"
                  ecep:lem="in"
                  ecep:pos="p-acp"
                  ecep:reg="in"
                  ecep:spe="in"
                  ecep:syllab="1"
                  ecep:pron="ɪn">in</w>
               <c> </c>
               <w xml:id="pmc36-46990"
                  n="pmc36/0048-a-0140"
                  ecep:lem="the"
                  ecep:pos="dt"
                  ecep:reg="the"
                  ecep:spe="the"
                  ecep:syllab="1"
                  ecep:pron="ðiː">the</w>
               <c> </c>
               <hi>
                  <w xml:id="pmc36-47000"
                     n="pmc36/0048-a-0150"
                     ecep:lem="spring"
                     ecep:pos="n1"
                     ecep:reg="Spring"
                     ecep:spe="Spring"
                     ecep:syllab="1"
                     ecep:pron="sprɪŋ">Spring</w>
               </hi>
               <pc xml:id="pmc36-47010"
                   n="pmc36/0048-a-0160"
                   unit="sentence"
                   ecep:lem="."
                   ecep:pos="."
                   ecep:reg="."
                   ecep:spe=".">.</pc>
            </head>
            <lg rhyme="xaxa" xml:id="pmc36-s00250">
               <l n="1" xml:id="pmc36-l02465">
                  <hi rendition="#sc">
                     <w xml:id="pmc36-47040"
                        n="pmc36/0048-a-0170"
                        ecep:lem="the"
                        ecep:pos="dt"
                        ecep:reg="The"
                        ecep:spe="The"
                        ecep:syllab="1"
                        ecep:pron="ðiː">The</w>
                  </hi>
                  <c> </c>
                  <w xml:id="pmc36-47050"
                     n="pmc36/0048-a-0180"
                     ecep:lem="pierce"
                     ecep:pos="j-vvg"
                     ecep:reg="piercing"
                     ecep:spe="piercing"
                     ecep:syllab="2"
                     ecep:pron="pɪəsɪŋ">piercing</w>
                  <c> </c>
                  <w xml:id="pmc36-47060"
                     n="pmc36/0048-a-0190"
                     ecep:lem="cold"
                     ecep:pos="j-jn"
                     ecep:reg="Cold"
                     ecep:spe="Cold"
                     ecep:syllab="1"
                     ecep:pron="kəʊld">Cold</w>
                  <pc xml:id="pmc36-47070"
                      n="pmc36/0048-a-0200"
                      ecep:lem=","
                      ecep:pos=","
                      ecep:reg=","
                      ecep:spe=",">,</pc>
                  <c> </c>
                  <w xml:id="pmc36-47080"
                     n="pmc36/0048-a-0210"
                     ecep:lem="the"
                     ecep:pos="dt"
                     ecep:reg="the"
                     ecep:spe="the"
                     ecep:syllab="1"
                     ecep:pron="ðiː">the</w>
                  <c> </c>
                  <w xml:id="pmc36-47090"
                     n="pmc36/0048-a-0220"
                     ecep:lem="stormy"
                     ecep:pos="j"
                     ecep:reg="stormy"
                     ecep:spe="stormy"
                     ecep:syllab="2"
                     ecep:pron="ˈstɔːmi">stormy</w>
                  <c> </c>
                  <w xml:id="pmc36-47100"
                     n="pmc36/0048-a-0230"
                     ecep:lem="wind"
                     ecep:pos="n2"
                     ecep:reg="Winds"
                     ecep:spe="Winds"
                     ecep:syllab="1"
                     ecep:pron="wɪndz">Winds</w>
                  <pc xml:id="pmc36-47110"
                      n="pmc36/0048-a-0240"
                      ecep:lem=","
                      ecep:pos=","
                      ecep:reg=","
                      ecep:spe=",">,</pc>
               </l>
               <l n="2" rendition="#h_3" xml:id="pmc36-l02470">
                  <c> </c>
                  <w xml:id="pmc36-47120"
                     n="pmc36/0048-a-0250"
                     ecep:lem="and"
                     ecep:pos="cc"
                     ecep:reg="And"
                     ecep:spe="And"
                     ecep:syllab="1"
                     ecep:pron="ænd">And</w>
                  <c> </c>
                  <w xml:id="pmc36-47130"
                     n="pmc36/0048-a-0260"
                     ecep:lem="droop"
                     ecep:pos="j-vvg"
                     ecep:reg="drooping"
                     ecep:spe="drooping"
                     ecep:syllab="2"
                     ecep:pron="druːpɪŋ">drooping</w>
                  <c> </c>
                  <w xml:id="pmc36-47140"
                     n="pmc36/0048-a-0270"
                     ecep:lem="rain"
                     ecep:pos="n2"
                     ecep:reg="Rains"
                     ecep:spe="Rains"
                     ecep:syllab="1"
                     ecep:pron="reɪnz">Rains</w>
                  <c> </c>
                  <w xml:id="pmc36-47150"
                     n="pmc36/0048-a-0280"
                     ecep:lem="of"
                     ecep:pos="pp-f"
                     ecep:reg="of"
                     ecep:spe="of"
                     ecep:syllab="1"
                     ecep:pron="ɒv">of</w>
                  <c> </c>
                  <w xml:id="pmc36-47160"
                     n="pmc36/0048-a-0290"
                     ecep:lem="winter"
                     ecep:pos="n1"
                     ecep:reg="Winter"
                     ecep:spe="Winter"
                     ecep:syllab="2"
                     ecep:pron="ˈwɪntə">Winter</w>
                  <c> </c>
                  <w xml:id="pmc36-47170"
                     n="pmc36/0048-a-0300"
                     ecep:lem="go"
                     ecep:pos="vvn"
                     ecep:reg="gone"
                     ecep:spe="gone"
                     ecep:syllab="1"
                     ecep:pron="gɒn">gone</w>
                  <pc xml:id="pmc36-47180"
                      n="pmc36/0048-a-0310"
                      ecep:lem=";"
                      ecep:pos=";"
                      ecep:reg=";"
                      ecep:spe=";">;</pc>
               </l>
               <l n="3" xml:id="pmc36-l02475">
                  <c> </c>
                  <w xml:id="pmc36-47190"
                     n="pmc36/0048-a-0320"
                     ecep:lem="the"
                     ecep:pos="dt"
                     ecep:reg="The"
                     ecep:spe="The"
                     ecep:syllab="1"
                     ecep:pron="ðiː">The</w>
                  <c> </c>
                  <w xml:id="pmc36-47200"
                     n="pmc36/0048-a-0330"
                     ecep:lem="genial"
                     ecep:pos="j"
                     ecep:reg="genial"
                     ecep:spe="genial"
                     ecep:syllab="2"
                     ecep:pron="ˈdʒiːniəl">genial</w>
                  <c> </c>
                  <w xml:id="pmc36-47210"
                     n="pmc36/0048-a-0340"
                     ecep:lem="sun"
                     ecep:pos="n1"
                     ecep:reg="Sun"
                     ecep:spe="Sun"
                     ecep:syllab="1"
                     ecep:pron="sʌn">Sun</w>
                  <c> </c>
                  <w xml:id="pmc36-47220"
                     n="pmc36/0048-a-0350"
                     ecep:lem="new"
                     ecep:pos="j"
                     ecep:reg="new"
                     ecep:spe="new"
                     ecep:syllab="1"
                     ecep:pron="njuː">new</w>
                  <c> </c>
                  <w xml:id="pmc36-47230"
                     n="pmc36/0048-a-0360"
                     ecep:lem="warm"
                     ecep:pos="vvz"
                     ecep:reg="warms"
                     ecep:spe="warms"
                     ecep:syllab="1"
                     ecep:pron="wɔːmz">warms</w>
                  <c> </c>
                  <w xml:id="pmc36-47240"
                     n="pmc36/0048-a-0370"
                     ecep:lem="the"
                     ecep:pos="dt"
                     ecep:reg="the"
                     ecep:spe="the"
                     ecep:syllab="1"
                     ecep:pron="ðiː">the</w>
                  <c> </c>
                  <w xml:id="pmc36-47250"
                     n="pmc36/0048-a-0380"
                     ecep:lem="earth"
                     ecep:pos="n1"
                     ecep:reg="Earth"
                     ecep:spe="Earth"
                     ecep:syllab="1"
                     ecep:pron="ɜːθ">Earth</w>
                  <pc xml:id="pmc36-47260"
                      n="pmc36/0048-a-0390"
                      ecep:lem=","
                      ecep:pos=","
                      ecep:reg=","
                      ecep:spe=",">,</pc>
               </l>
               <l n="4" rendition="#h_3" xml:id="pmc36-l02480">
                  <c> </c>
                  <w xml:id="pmc36-47270"
                     n="pmc36/0048-a-0400"
                     ecep:lem="and"
                     ecep:pos="cc"
                     ecep:reg="And"
                     ecep:spe="And"
                     ecep:syllab="1"
                     ecep:pron="ænd">And</w>
                  <c> </c>
                  <w xml:id="pmc36-47280"
                     n="pmc36/0048-a-0410"
                     ecep:lem="bring"
                     ecep:pos="vvz"
                     ecep:reg="brings"
                     ecep:spe="brings"
                     ecep:syllab="1"
                     ecep:pron="brɪŋz">brings</w>
                  <c> </c>
                  <w xml:id="pmc36-47290"
                     n="pmc36/0048-a-0420"
                     ecep:lem="the"
                     ecep:pos="dt"
                     ecep:reg="the"
                     ecep:spe="the"
                     ecep:syllab="1"
                     ecep:pron="ðiː">the</w>
                  <c> </c>
                  <w xml:id="pmc36-47300"
                     n="pmc36/0048-a-0430"
                     ecep:lem="fertile"
                     ecep:pos="j"
                     ecep:reg="fertile"
                     ecep:spe="fertile"
                     ecep:syllab="2"
                     ecep:pron="ˈfɜːtaɪl">fertile</w>
                  <c> </c>
                  <w xml:id="pmc36-47310"
                     n="pmc36/0048-a-0440"
                     ecep:lem="season"
                     ecep:pos="n1"
                     ecep:reg="Season"
                     ecep:spe="Season"
                     ecep:syllab="2"
                     ecep:pron="ˈsiːzn">Season</w>
                  <c> </c>
                  <w xml:id="pmc36-47320"
                     n="pmc36/0048-a-0450"
                     ecep:lem="on"
                     ecep:pos="p-acp"
                     ecep:reg="on"
                     ecep:spe="on"
                     ecep:syllab="1"
                     ecep:pron="ɒn">on</w>
                  <pc xml:id="pmc36-47330"
                      n="pmc36/0048-a-0460"
                      unit="sentence"
                      ecep:lem="."
                      ecep:pos="."
                      ecep:reg="."
                      ecep:spe=".">.</pc>
                  <c> </c>
               </l>
            </lg>
            <lg xml:id="pmc36-s00255">
               <l n="5" xml:id="pmc36-l02485">
                  <w xml:id="pmc36-47360"
                     n="pmc36/0048-a-0470"
                     ecep:lem="the"
                     ecep:pos="dt"
                     ecep:reg="The"
                     ecep:spe="The"
                     ecep:syllab="1"
                     ecep:pron="ðiː">The</w>
                  <c> </c>
                  <w xml:id="pmc36-47370"
                     n="pmc36/0048-a-0480"
                     ecep:lem="morning"
                     ecep:pos="n1"
                     ecep:reg="Morning"
                     ecep:spe="Morning"
                     ecep:syllab="2"
                     ecep:pron="ˈmɔːnɪŋ">Morning</w>
                  <c> </c>
                  <w xml:id="pmc36-47380"
                     n="pmc36/0048-a-0490"
                     ecep:lem="breeze"
                     ecep:pos="vvz"
                     ecep:reg="Breezes"
                     ecep:spe="Breezes"
                     ecep:syllab="2"
                     ecep:pron="briːzɪz">Breezes</w>
                  <c> </c>
                  <w xml:id="pmc36-47390"
                     n="pmc36/0048-a-0500"
                     ecep:lem="soft"
                     ecep:pos="av-j"
                     ecep:reg="softly"
                     ecep:spe="softly"
                     ecep:syllab="2"
                     ecep:pron="sɒftli">softly</w>
                  <c> </c>
                  <w xml:id="pmc36-47400"
                     n="pmc36/0048-a-0510"
                     ecep:lem="blow"
                     ecep:pos="n1"
                     ecep:reg="blow"
                     ecep:spe="blow"
                     ecep:syllab="1"
                     ecep:pron="bləʊ">blow</w>
                  <pc xml:id="pmc36-47410"
                      n="pmc36/0048-a-0520"
                      ecep:lem=","
                      ecep:pos=","
                      ecep:reg=","
                      ecep:spe=",">,</pc>
               </l>
               <l n="6" rendition="#h_3" xml:id="pmc36-l02490">
                  <c> </c>
                  <hi rendition="#sc">
                     <w xml:id="pmc36-47420"
                        n="pmc36/0048-a-0530"
                        ecep:lem="Aurora"
                        ecep:pos="np1"
                        ecep:reg="Aurora"
                        ecep:spe="Aurora"
                        ecep:syllab="3"
                        ecep:pron="ɔːˈrɔːrə">Aurora</w>
                  </hi>
                  <c> </c>
                  <w xml:id="pmc36-47430"
                     n="pmc36/0048-a-0540"
                     ecep:lem="gild"
                     ecep:pos="vvz"
                     ecep:reg="gilds"
                     ecep:spe="gilds"
                     ecep:syllab="1"
                     ecep:pron="gɪldz">gilds</w>
                  <c> </c>
                  <w xml:id="pmc36-47440"
                     n="pmc36/0048-a-0550"
                     ecep:lem="the"
                     ecep:pos="dt"
                     ecep:reg="the"
                     ecep:spe="the"
                     ecep:syllab="1"
                     ecep:pron="ðiː">the</w>
                  <c> </c>
                  <w xml:id="pmc36-47450"
                     n="pmc36/0048-a-0560"
                     ecep:lem="meadow"
                     ecep:pos="n2"
                     ecep:reg="Meadows"
                     ecep:spe="Meadows"
                     ecep:syllab="2"
                     ecep:pron="ˈmedəʊz">Meadows</w>
                  <c> </c>
                  <w xml:id="pmc36-47460"
                     n="pmc36/0048-a-0570"
                     ecep:lem="fair"
                     ecep:pos="j"
                     ecep:reg="fair"
                     ecep:spe="fair"
                     ecep:syllab="1"
                     ecep:pron="feə">fair</w>
                  <pc xml:id="pmc36-47470"
                      n="pmc36/0048-a-0580"
                      ecep:lem=";"
                      ecep:pos=";"
                      ecep:reg=";"
                      ecep:spe=";">;</pc>
               </l>
               <l n="7" xml:id="pmc36-l02495">
                  <c> </c>
                  <w xml:id="pmc36-47480"
                     n="pmc36/0048-a-0590"
                     ecep:lem="gentle"
                     ecep:pos="j-jn"
                     ecep:reg="Gentle"
                     ecep:spe="Gentle"
                     ecep:syllab="2"
                     ecep:pron="ˈdʒentl">Gentle</w>
                  <c> </c>
                  <w xml:id="pmc36-47490"
                     n="pmc36/0048-a-0600"
                     ecep:lem="and"
                     ecep:pos="cc"
                     ecep:reg="and"
                     ecep:spe="and"
                     ecep:syllab="1"
                     ecep:pron="ænd">and</w>
                  <c> </c>
                  <w xml:id="pmc36-47500"
                     n="pmc36/0048-a-0610"
                     ecep:lem="smooth"
                     ecep:pos="j"
                     ecep:reg="smooth"
                     ecep:spe="smooth"
                     ecep:syllab="1"
                     ecep:pron="smuːð">smooth</w>
                  <c> </c>
                  <w xml:id="pmc36-47510"
                     n="pmc36/0048-a-0620"
                     ecep:lem="the"
                     ecep:pos="dt"
                     ecep:reg="the"
                     ecep:spe="the"
                     ecep:syllab="1"
                     ecep:pron="ðiː">the</w>
                  <c> </c>
                  <w xml:id="pmc36-47520"
                     n="pmc36/0048-a-0630"
                     ecep:lem="river"
                     ecep:pos="n2"
                     ecep:reg="Rivers"
                     ecep:spe="Rivers"
                     ecep:syllab="2"
                     ecep:pron="ˈrɪvəz">Rivers</w>
                  <c> </c>
                  <w xml:id="pmc36-47530"
                     n="pmc36/0048-a-0640"
                     ecep:lem="flow"
                     ecep:pos="vvb"
                     ecep:reg="flow"
                     ecep:spe="flow"
                     ecep:syllab="1"
                     ecep:pron="fləʊ">flow</w>
                  <pc xml:id="pmc36-47540"
                      n="pmc36/0048-a-0650"
                      ecep:lem=","
                      ecep:pos=","
                      ecep:reg=","
                      ecep:spe=",">,</pc>
               </l>
               <l n="8" rendition="#h_3" xml:id="pmc36-l02500">
                  <c> </c>
                  <w xml:id="pmc36-47550"
                     n="pmc36/0048-a-0660"
                     ecep:lem="and"
                     ecep:pos="cc"
                     ecep:reg="And"
                     ecep:spe="And"
                     ecep:syllab="1"
                     ecep:pron="ænd">And</w>
                  <c> </c>
                  <w xml:id="pmc36-47560"
                     n="pmc36/0048-a-0670"
                     ecep:lem="balmy"
                     ecep:pos="j"
                     ecep:reg="balmy"
                     ecep:spe="balmy"
                     ecep:syllab="2"
                     ecep:pron="ˈbɑːmi">balmy</w>
                  <c> </c>
                  <w xml:id="pmc36-47570"
                     n="pmc36/0048-a-0680"
                     ecep:lem="sweet"
                     ecep:pos="n2-j"
                     ecep:reg="Sweets"
                     ecep:spe="Sweets"
                     ecep:syllab="1"
                     ecep:pron="swiːts">Sweets</w>
                  <c> </c>
                  <w xml:id="pmc36-47580"
                     n="pmc36/0048-a-0690"
                     ecep:lem="perfume"
                     ecep:pos="n1"
                     ecep:reg="perfume"
                     ecep:spe="perfume"
                     ecep:syllab="2"
                     ecep:pron="ˈpɜːfjuːm">perfume</w>
                  <c> </c>
                  <w xml:id="pmc36-47590"
                     n="pmc36/0048-a-0700"
                     ecep:lem="the"
                     ecep:pos="dt"
                     ecep:reg="the"
                     ecep:spe="the"
                     ecep:syllab="1"
                     ecep:pron="ðiː">the</w>
                  <c> </c>
                  <w xml:id="pmc36-47600"
                     n="pmc36/0048-a-0710"
                     ecep:lem="air"
                     ecep:pos="n1"
                     ecep:reg="Air"
                     ecep:spe="Air"
                     ecep:syllab="1"
                     ecep:pron="eə">Air</w>
                  <pc xml:id="pmc36-47610"
                      n="pmc36/0048-a-0720"
                      unit="sentence"
                      ecep:lem="."
                      ecep:pos="."
                      ecep:reg="."
                      ecep:spe=".">.</pc>
                  <c> </c>
               </l>
            </lg>
            <lg xml:id="pmc36-s00260">
               <l n="9" xml:id="pmc36-l02505">
                  <w xml:id="pmc36-47640"
                     n="pmc36/0048-a-0730"
                     ecep:lem="the"
                     ecep:pos="dt"
                     ecep:reg="The"
                     ecep:spe="The"
                     ecep:syllab="1"
                     ecep:pron="ðiː">The</w>
                  <c> </c>
                  <w xml:id="pmc36-47650"
                     n="pmc36/0048-a-0740"
                     ecep:lem="tower"
                     ecep:pos="j-vvg"
                     ecep:reg="towering"
                     ecep:spe="tow'ring"
                     ecep:syllab="2"
                     ecep:pron="ˈtaʊəɪŋ">tow'ring</w>
                  <c> </c>
                  <w xml:id="pmc36-47660"
                     n="pmc36/0048-a-0750"
                     ecep:lem="lark"
                     ecep:pos="n1"
                     ecep:reg="Lark"
                     ecep:spe="Lark"
                     ecep:syllab="1"
                     ecep:pron="lɑːk">Lark</w>
                  <c> </c>
                  <w xml:id="pmc36-47670"
                     n="pmc36/0048-a-0760"
                     ecep:lem="expand"
                     ecep:pos="vvz"
                     ecep:reg="expands"
                     ecep:spe="expands"
                     ecep:syllab="2"
                     ecep:pron="ɪkˈspændz">expands</w>
                  <c> </c>
                  <w xml:id="pmc36-47680"
                     n="pmc36/0048-a-0770"
                     ecep:lem="her"
                     ecep:pos="po31"
                     ecep:reg="her"
                     ecep:spe="her"
                     ecep:syllab="1"
                     ecep:pron="hɜː">her</w>
                  <c> </c>
                  <w xml:id="pmc36-47690"
                     n="pmc36/0048-a-0780"
                     ecep:lem="wing"
                     ecep:pos="n1"
                     ecep:reg="Wing"
                     ecep:spe="Wing"
                     ecep:syllab="1"
                     ecep:pron="wɪŋ">Wing</w>
                  <pc xml:id="pmc36-47700"
                      n="pmc36/0048-a-0790"
                      ecep:lem=","
                      ecep:pos=","
                      ecep:reg=","
                      ecep:spe=",">,</pc>
               </l>
               <l n="10" rendition="#h_3" xml:id="pmc36-l02510">
                  <c> </c>
                  <w xml:id="pmc36-47710"
                     n="pmc36/0048-a-0800"
                     ecep:lem="the"
                     ecep:pos="dt"
                     ecep:reg="The"
                     ecep:spe="The"
                     ecep:syllab="1"
                     ecep:pron="ðiː">The</w>
                  <c> </c>
                  <w xml:id="pmc36-47720"
                     n="pmc36/0048-a-0810"
                     ecep:lem="bird"
                     ecep:pos="n2"
                     ecep:reg="Birds"
                     ecep:spe="Birds"
                     ecep:syllab="1"
                     ecep:pron="bɜːdz">Birds</w>
                  <c> </c>
                  <w xml:id="pmc36-47730"
                     n="pmc36/0048-a-0820"
                     ecep:lem="in"
                     ecep:pos="p-acp"
                     ecep:reg="in"
                     ecep:spe="in"
                     ecep:syllab="1"
                     ecep:pron="ɪn">in</w>
                  <c> </c>
                  <w xml:id="pmc36-47740"
                     n="pmc36/0048-a-0830"
                     ecep:lem="concert"
                     ecep:pos="n1"
                     ecep:reg="Concert"
                     ecep:spe="Concert"
                     ecep:syllab="2"
                     ecep:pron="ˈkɒnsɜːt">Concert</w>
                  <c> </c>
                  <w xml:id="pmc36-47750"
                     n="pmc36/0048-a-0840"
                     ecep:lem="all"
                     ecep:pos="d"
                     ecep:reg="all"
                     ecep:spe="all"
                     ecep:syllab="1"
                     ecep:pron="ɔːl">all</w>
                  <c> </c>
                  <w xml:id="pmc36-47760"
                     n="pmc36/0048-a-0850"
                     ecep:lem="combine"
                     ecep:pos="vvi"
                     ecep:reg="combine"
                     ecep:spe="combine"
                     ecep:syllab="2"
                     ecep:pron="ˈkɒmbaɪn">combine</w>
                  <pc xml:id="pmc36-47770"
                      n="pmc36/0048-a-0860"
                      ecep:lem=";"
                      ecep:pos=";"
                      ecep:reg=";"
                      ecep:spe=";">;</pc>
               </l>
               <l n="11" xml:id="pmc36-l02515">
                  <c> </c>
                  <w xml:id="pmc36-47780"
                     n="pmc36/0048-a-0870"
                     ecep:lem="and"
                     ecep:pos="cc"
                     ecep:reg="And"
                     ecep:spe="And"
                     ecep:syllab="1"
                     ecep:pron="ænd">And</w>
                  <pc xml:id="pmc36-47790"
                      n="pmc36/0048-a-0880"
                      ecep:lem=","
                      ecep:pos=","
                      ecep:reg=","
                      ecep:spe=",">,</pc>
                  <c> </c>
                  <w xml:id="pmc36-47800"
                     n="pmc36/0048-a-0890"
                     ecep:lem="as"
                     ecep:pos="c-acp"
                     ecep:reg="as"
                     ecep:spe="as"
                     ecep:syllab="1"
                     ecep:pron="æz">as</w>
                  <c> </c>
                  <w xml:id="pmc36-47810"
                     n="pmc36/0048-a-0900"
                     ecep:lem="they"
                     ecep:pos="pns32"
                     ecep:reg="they"
                     ecep:spe="they"
                     ecep:syllab="1"
                     ecep:pron="ðeɪ">they</w>
                  <c> </c>
                  <w xml:id="pmc36-47820"
                     n="pmc36/0048-a-0910"
                     ecep:lem="glide"
                     ecep:pos="vvb"
                     ecep:reg="glide"
                     ecep:spe="glide"
                     ecep:syllab="1"
                     ecep:pron="glaɪd">glide</w>
                  <c> </c>
                  <w xml:id="pmc36-47830"
                     n="pmc36/0048-a-0920"
                     ecep:lem="through"
                     ecep:pos="p-acp"
                     ecep:reg="through"
                     ecep:spe="through"
                     ecep:syllab="1"
                     ecep:pron="θruː">through</w>
                  <c> </c>
                  <w xml:id="pmc36-47840"
                     n="pmc36/0048-a-0930"
                     ecep:lem="air"
                     ecep:pos="n1"
                     ecep:reg="Air"
                     ecep:spe="Air"
                     ecep:syllab="1"
                     ecep:pron="eə">Air</w>
                  <pc xml:id="pmc36-47850"
                      n="pmc36/0048-a-0940"
                      ecep:lem=","
                      ecep:pos=","
                      ecep:reg=","
                      ecep:spe=",">,</pc>
                  <c> </c>
                  <w xml:id="pmc36-47860"
                     n="pmc36/0048-a-0950"
                     ecep:lem="and"
                     ecep:pos="cc"
                     ecep:reg="and"
                     ecep:spe="and"
                     ecep:syllab="1"
                     ecep:pron="ænd">and</w>
                  <c> </c>
                  <w xml:id="pmc36-47870"
                     n="pmc36/0048-a-0960"
                     ecep:lem="sing"
                     ecep:pos="vvi"
                     ecep:reg="sing"
                     ecep:spe="sing"
                     ecep:syllab="1"
                     ecep:pron="sɪŋ">sing</w>
                  <pc xml:id="pmc36-47880"
                      n="pmc36/0048-a-0970"
                      ecep:lem=","
                      ecep:pos=","
                      ecep:reg=","
                      ecep:spe=",">,</pc>
               </l>
               <l n="12" rendition="#h_3" xml:id="pmc36-l02520">
                  <c> </c>
                  <w xml:id="pmc36-47890"
                     n="pmc36/0048-a-0980"
                     ecep:lem="they"
                     ecep:pos="pns32"
                     ecep:reg="They"
                     ecep:spe="They"
                     ecep:syllab="1"
                     ecep:pron="ðeɪ">They</w>
                  <c> </c>
                  <w xml:id="pmc36-47900"
                     n="pmc36/0048-a-0990"
                     ecep:lem="call"
                     ecep:pos="vvb"
                     ecep:reg="call"
                     ecep:spe="call"
                     ecep:syllab="1"
                     ecep:pron="kɔːl">call</w>
                  <c> </c>
                  <w xml:id="pmc36-47910"
                     n="pmc36/0048-a-1000"
                     ecep:lem="your"
                     ecep:pos="po22"
                     ecep:reg="your"
                     ecep:spe="your"
                     ecep:syllab="1"
                     ecep:pron="jɔː">your</w>
                  <c> </c>
                  <w xml:id="pmc36-47920"
                     n="pmc36/0048-a-1010"
                     ecep:lem="sweet"
                     ecep:pos="jc"
                     ecep:reg="sweeter"
                     ecep:spe="sweeter"
                     ecep:syllab="2"
                     ecep:pron="swiːtə">sweeter</w>
                  <c> </c>
                  <w xml:id="pmc36-47930"
                     n="pmc36/0048-a-1020"
                     ecep:lem="voice"
                     ecep:pos="n1"
                     ecep:reg="Voice"
                     ecep:spe="Voice"
                     ecep:syllab="1"
                     ecep:pron="vɔɪs">Voice</w>
                  <c> </c>
                  <w xml:id="pmc36-47940"
                     n="pmc36/0048-a-1030"
                     ecep:lem="to"
                     ecep:pos="pc-acp"
                     ecep:reg="to"
                     ecep:spe="to"
                     ecep:syllab="1"
                     ecep:pron="tuː">to</w>
                  <c> </c>
                  <w xml:id="pmc36-47950"
                     n="pmc36/0048-a-1040"
                     ecep:lem="join"
                     ecep:pos="vvi"
                     ecep:reg="join"
                     ecep:spe="join"
                     ecep:syllab="1"
                     ecep:pron="dʒɔɪn">join</w>
                  <pc xml:id="pmc36-47960"
                      n="pmc36/0048-a-1050"
                      unit="sentence"
                      ecep:lem="."
                      ecep:pos="."
                      ecep:reg="."
                      ecep:spe=".">.</pc>
                  <c> </c>
               </l>
               <pb facs="pmc36/0049" n="35" rend="none"/>
            </lg>
            <lg xml:id="pmc36-s00265">
               <l n="13" xml:id="pmc36-l02525">
                  <w xml:id="pmc36-47990"
                     n="pmc36/0049-a-0010"
                     ecep:lem="come"
                     ecep:pos="vvb"
                     ecep:reg="Come"
                     ecep:spe="Come"
                     ecep:syllab="1"
                     ecep:pron="kʌm">Come</w>
                  <pc xml:id="pmc36-48000"
                      n="pmc36/0049-a-0020"
                      ecep:lem=","
                      ecep:pos=","
                      ecep:reg=","
                      ecep:spe=",">,</pc>
                  <c> </c>
                  <w xml:id="pmc36-48010"
                     n="pmc36/0049-a-0030"
                     ecep:lem="bring"
                     ecep:pos="vvb"
                     ecep:reg="bring"
                     ecep:spe="bring"
                     ecep:syllab="1"
                     ecep:pron="brɪŋ">bring</w>
                  <c> </c>
                  <w xml:id="pmc36-48020"
                     n="pmc36/0049-a-0040"
                     ecep:lem="the"
                     ecep:pos="dt"
                     ecep:reg="the"
                     ecep:spe="the"
                     ecep:syllab="1"
                     ecep:pron="ðiː">the</w>
                  <c> </c>
                  <hi>
                     <w xml:id="pmc36-48030"
                        n="pmc36/0049-a-0050"
                        ecep:lem="muse"
                        ecep:pos="n2"
                        ecep:reg="Muses"
                        ecep:spe="Muses"
                        ecep:syllab="2"
                        ecep:pron="mjuːzɪz">Muses</w>
                  </hi>
                  <c> </c>
                  <w xml:id="pmc36-48040"
                     n="pmc36/0049-a-0060"
                     ecep:lem="in"
                     ecep:pos="p-acp"
                     ecep:reg="in"
                     ecep:spe="in"
                     ecep:syllab="1"
                     ecep:pron="ɪn">in</w>
                  <c> </c>
                  <w xml:id="pmc36-48050"
                     n="pmc36/0049-a-0070"
                     ecep:lem="your"
                     ecep:pos="po22"
                     ecep:reg="your"
                     ecep:spe="your"
                     ecep:syllab="1"
                     ecep:pron="jɔː">your</w>
                  <c> </c>
                  <w xml:id="pmc36-48060"
                     n="pmc36/0049-a-0080"
                     ecep:lem="train"
                     ecep:pos="n1"
                     ecep:reg="Train"
                     ecep:spe="Train"
                     ecep:syllab="1"
                     ecep:pron="treɪn">Train</w>
                  <pc xml:id="pmc36-48070"
                      n="pmc36/0049-a-0090"
                      ecep:lem=","
                      ecep:pos=","
                      ecep:reg=","
                      ecep:spe=",">,</pc>
               </l>
               <l n="14" rendition="#h_3" xml:id="pmc36-l02530">
                  <c> </c>
                  <w xml:id="pmc36-48080"
                     n="pmc36/0049-a-0100"
                     ecep:lem="let"
                     ecep:pos="vvb"
                     ecep:reg="Let"
                     ecep:spe="Let"
                     ecep:syllab="1"
                     ecep:pron="let">Let</w>
                  <c> </c>
                  <w xml:id="pmc36-48090"
                     n="pmc36/0049-a-0110"
                     ecep:lem="grave"
                     ecep:pos="j"
                     ecep:reg="grave"
                     ecep:spe="grave"
                     ecep:syllab="1"
                     ecep:pron="grɑːv">grave</w>
                  <c> </c>
                  <hi>
                     <w xml:id="pmc36-48100"
                        n="pmc36/0049-a-0120"
                        ecep:lem="philosophy"
                        ecep:pos="n1"
                        ecep:reg="Philosophy"
                        ecep:spe="Philosophy"
                        ecep:syllab="4"
                        ecep:pron="fɪˈlɒsəfi">Philosophy</w>
                  </hi>
                  <c> </c>
                  <w xml:id="pmc36-48110"
                     n="pmc36/0049-a-0130"
                     ecep:lem="attend"
                     ecep:pos="vvi"
                     ecep:reg="attend"
                     ecep:spe="attend"
                     ecep:syllab="2"
                     ecep:pron="əˈtend">attend</w>
                  <pc xml:id="pmc36-48120"
                      n="pmc36/0049-a-0140"
                      ecep:lem=";"
                      ecep:pos=";"
                      ecep:reg=";"
                      ecep:spe=";">;</pc>
               </l>
               <l n="15" xml:id="pmc36-l02535">
                  <c> </c>
                  <w xml:id="pmc36-48130"
                     n="pmc36/0049-a-0150"
                     ecep:lem="and"
                     ecep:pos="cc"
                     ecep:reg="And"
                     ecep:spe="And"
                     ecep:syllab="1"
                     ecep:pron="ænd">And</w>
                  <c> </c>
                  <w xml:id="pmc36-48140"
                     n="pmc36/0049-a-0160"
                     ecep:lem="true"
                     ecep:pos="j"
                     ecep:reg="true"
                     ecep:spe="true"
                     ecep:syllab="1"
                     ecep:pron="truː">true</w>
                  <c> </c>
                  <hi>
                     <w xml:id="pmc36-48150"
                        n="pmc36/0049-a-0170"
                        ecep:lem="religion"
                        ecep:pos="n1"
                        ecep:reg="Religion"
                        ecep:spe="Religion"
                        ecep:syllab="3"
                        ecep:pron="rɪˈlɪdʒn">Religion</w>
                  </hi>
                  <pc xml:id="pmc36-48160"
                      n="pmc36/0049-a-0180"
                      ecep:lem=","
                      ecep:pos=","
                      ecep:reg=","
                      ecep:spe=",">,</pc>
                  <c> </c>
                  <w xml:id="pmc36-48170"
                     n="pmc36/0049-a-0190"
                     ecep:lem="kind"
                     ecep:pos="j"
                     ecep:reg="kind"
                     ecep:spe="kind"
                     ecep:syllab="1"
                     ecep:pron="kaɪnd">kind</w>
                  <c> </c>
                  <w xml:id="pmc36-48180"
                     n="pmc36/0049-a-0200"
                     ecep:lem="and"
                     ecep:pos="cc"
                     ecep:reg="and"
                     ecep:spe="and"
                     ecep:syllab="1"
                     ecep:pron="ænd">and</w>
                  <c> </c>
                  <w xml:id="pmc36-48190"
                     n="pmc36/0049-a-0210"
                     ecep:lem="plain"
                     ecep:pos="j"
                     ecep:reg="plain"
                     ecep:spe="plain"
                     ecep:syllab="1"
                     ecep:pron="pleɪn">plain</w>
                  <pc xml:id="pmc36-48200"
                      n="pmc36/0049-a-0220"
                      ecep:lem=":"
                      ecep:pos=":"
                      ecep:reg=":"
                      ecep:spe=":">:</pc>
               </l>
               <l n="16" rendition="#h_3" xml:id="pmc36-l02540">
                  <c> </c>
                  <w xml:id="pmc36-48210"
                     n="pmc36/0049-a-0230"
                     ecep:lem="they|will"
                     ecep:pos="pns32|vmb"
                     ecep:reg="They'll"
                     ecep:spe="They'll"
                     ecep:syllab="1"
                     ecep:pron="ðeɪl">They'll</w>
                  <c> </c>
                  <w xml:id="pmc36-48220"
                     n="pmc36/0049-a-0240"
                     ecep:lem="all"
                     ecep:pos="d"
                     ecep:reg="all"
                     ecep:spe="all"
                     ecep:syllab="1"
                     ecep:pron="ɔːl">all</w>
                  <c> </c>
                  <w xml:id="pmc36-48230"
                     n="pmc36/0049-a-0250"
                     ecep:lem="accompany"
                     ecep:pos="vvi"
                     ecep:reg="accompany"
                     ecep:spe="accompany"
                     ecep:syllab="4"
                     ecep:pron="əˈkʌmpəni">accompany</w>
                  <c> </c>
                  <w xml:id="pmc36-48240"
                     n="pmc36/0049-a-0260"
                     ecep:lem="my"
                     ecep:pos="po11"
                     ecep:reg="my"
                     ecep:spe="my"
                     ecep:syllab="1"
                     ecep:pron="maɪ">my</w>
                  <c> </c>
                  <w xml:id="pmc36-48250"
                     n="pmc36/0049-a-0270"
                     ecep:lem="friend"
                     ecep:pos="n1"
                     ecep:reg="Friend"
                     ecep:spe="Friend"
                     ecep:syllab="1"
                     ecep:pron="frend">Friend</w>
                  <pc xml:id="pmc36-48260"
                      n="pmc36/0049-a-0280"
                      unit="sentence"
                      ecep:lem="."
                      ecep:pos="."
                      ecep:reg="."
                      ecep:spe=".">.</pc>
                  <c> </c>
               </l>
            </lg>
            <lg xml:id="pmc36-s00270">
               <l n="17" xml:id="pmc36-l02545">
                  <w xml:id="pmc36-48290"
                     n="pmc36/0049-a-0290"
                     ecep:lem="all"
                     ecep:pos="av-d"
                     ecep:reg="All"
                     ecep:spe="All"
                     ecep:syllab="1"
                     ecep:pron="ɔːl">All</w>
                  <c> </c>
                  <w xml:id="pmc36-48300"
                     n="pmc36/0049-a-0300"
                     ecep:lem="nature"
                     ecep:pos="n1"
                     ecep:reg="Nature"
                     ecep:spe="Nature"
                     ecep:syllab="2"
                     ecep:pron="ˈneɪtʃə">Nature</w>
                  <c> </c>
                  <w xml:id="pmc36-48310"
                     n="pmc36/0049-a-0310"
                     ecep:lem="smile"
                     ecep:pos="vvg"
                     ecep:reg="smiling"
                     ecep:spe="smiling"
                     ecep:syllab="2"
                     ecep:pron="smaɪlɪŋ">smiling</w>
                  <pc xml:id="pmc36-48320"
                      n="pmc36/0049-a-0320"
                      ecep:lem=","
                      ecep:pos=","
                      ecep:reg=","
                      ecep:spe=",">,</pc>
                  <c> </c>
                  <w xml:id="pmc36-48330"
                     n="pmc36/0049-a-0330"
                     ecep:lem="seem"
                     ecep:pos="vvz"
                     ecep:reg="seems"
                     ecep:spe="seems"
                     ecep:syllab="1"
                     ecep:pron="siːmz">seems</w>
                  <c> </c>
                  <w xml:id="pmc36-48340"
                     n="pmc36/0049-a-0340"
                     ecep:lem="to"
                     ecep:pos="pc-acp"
                     ecep:reg="to"
                     ecep:spe="to"
                     ecep:syllab="1"
                     ecep:pron="tuː">to</w>
                  <c> </c>
                  <w xml:id="pmc36-48350"
                     n="pmc36/0049-a-0350"
                     ecep:lem="say"
                     ecep:pos="vvi"
                     ecep:reg="say"
                     ecep:spe="say"
                     ecep:syllab="1"
                     ecep:pron="seɪ">say</w>
                  <pc xml:id="pmc36-48360"
                      n="pmc36/0049-a-0360"
                      ecep:lem=":"
                      ecep:pos=":"
                      ecep:reg=":"
                      ecep:spe=":">:</pc>
               </l>
               <l n="18" rendition="#h_3" xml:id="pmc36-l02550">
                  <c> </c>
                  <pc xml:id="pmc36-48370"
                      n="pmc36/0049-a-0370"
                      ecep:lem="&#34;"
                      ecep:pos="&#34;"
                      ecep:reg="&#34;"
                      ecep:spe="&#34;">"</pc>
                  <w xml:id="pmc36-48380"
                     n="pmc36/0049-a-0380"
                     ecep:lem="come"
                     ecep:pos="vvb"
                     ecep:reg="Come"
                     ecep:spe="Come"
                     ecep:syllab="1"
                     ecep:pron="kʌm">Come</w>
                  <pc xml:id="pmc36-48390"
                      n="pmc36/0049-a-0390"
                      ecep:lem=","
                      ecep:pos=","
                      ecep:reg=","
                      ecep:spe=",">,</pc>
                  <c> </c>
                  <w xml:id="pmc36-48400"
                     n="pmc36/0049-a-0400"
                     ecep:lem="taste"
                     ecep:pos="vvb"
                     ecep:reg="taste"
                     ecep:spe="taste"
                     ecep:syllab="1"
                     ecep:pron="teɪst">taste</w>
                  <c> </c>
                  <w xml:id="pmc36-48410"
                     n="pmc36/0049-a-0410"
                     ecep:lem="the"
                     ecep:pos="dt"
                     ecep:reg="the"
                     ecep:spe="the"
                     ecep:syllab="1"
                     ecep:pron="ðiː">the</w>
                  <c> </c>
                  <w xml:id="pmc36-48420"
                     n="pmc36/0049-a-0420"
                     ecep:lem="pleasure"
                     ecep:pos="n2"
                     ecep:reg="Pleasures"
                     ecep:spe="Pleasures"
                     ecep:syllab="2"
                     ecep:pron="ˈpleʒəz">Pleasures</w>
                  <c> </c>
                  <w xml:id="pmc36-48430"
                     n="pmc36/0049-a-0430"
                     ecep:lem="of"
                     ecep:pos="pp-f"
                     ecep:reg="of"
                     ecep:spe="of"
                     ecep:syllab="1"
                     ecep:pron="ɒv">of</w>
                  <c> </c>
                  <w xml:id="pmc36-48440"
                     n="pmc36/0049-a-0440"
                     ecep:lem="the"
                     ecep:pos="dt"
                     ecep:reg="the"
                     ecep:spe="the"
                     ecep:syllab="1"
                     ecep:pron="ðiː">the</w>
                  <c> </c>
                  <w xml:id="pmc36-48450"
                     n="pmc36/0049-a-0450"
                     ecep:lem="spring"
                     ecep:pos="n1"
                     ecep:reg="Spring"
                     ecep:spe="Spring"
                     ecep:syllab="1"
                     ecep:pron="sprɪŋ">Spring</w>
                  <pc xml:id="pmc36-48460"
                      n="pmc36/0049-a-0460"
                      ecep:lem=";"
                      ecep:pos=";"
                      ecep:reg=";"
                      ecep:spe=";">;</pc>
               </l>
               <l n="19" xml:id="pmc36-l02555">
                  <pc xml:id="pmc36-48470"
                      n="pmc36/0049-a-0470"
                      ecep:lem="&#34;"
                      ecep:pos="&#34;"
                      ecep:reg="&#34;"
                      ecep:spe="&#34;">"</pc>
                  <c> </c>
                  <w xml:id="pmc36-48480"
                     n="pmc36/0049-a-0480"
                     ecep:lem="come"
                     ecep:pos="vvb"
                     ecep:reg="Come"
                     ecep:spe="Come"
                     ecep:syllab="1"
                     ecep:pron="kʌm">Come</w>
                  <pc xml:id="pmc36-48490"
                      n="pmc36/0049-a-0490"
                      ecep:lem=","
                      ecep:pos=","
                      ecep:reg=","
                      ecep:spe=",">,</pc>
                  <c> </c>
                  <w xml:id="pmc36-48500"
                     n="pmc36/0049-a-0500"
                     ecep:lem="come"
                     ecep:pos="vvb"
                     ecep:reg="come"
                     ecep:spe="come"
                     ecep:syllab="1"
                     ecep:pron="kʌm">come</w>
                  <pc xml:id="pmc36-48510"
                      n="pmc36/0049-a-0510"
                      ecep:lem=","
                      ecep:pos=","
                      ecep:reg=","
                      ecep:spe=",">,</pc>
                  <c> </c>
                  <hi rendition="#sc">
                     <w xml:id="pmc36-48520"
                        n="pmc36/0049-a-0520"
                        ecep:lem="Amyntor"
                        ecep:pos="np1"
                        ecep:reg="Amyntor"
                        ecep:spe="Amyntor"
                        ecep:syllab="3"
                        ecep:pron="ˈæmɪntˌɔː">Amyntor</w>
                  </hi>
                  <pc xml:id="pmc36-48530"
                      n="pmc36/0049-a-0530"
                      ecep:lem=","
                      ecep:pos=","
                      ecep:reg=","
                      ecep:spe=",">,</pc>
                  <c> </c>
                  <w xml:id="pmc36-48540"
                     n="pmc36/0049-a-0540"
                     ecep:lem="come"
                     ecep:pos="vvb"
                     ecep:reg="come"
                     ecep:spe="come"
                     ecep:syllab="1"
                     ecep:pron="kʌm">come</w>
                  <c> </c>
                  <w xml:id="pmc36-48550"
                     n="pmc36/0049-a-0550"
                     ecep:lem="away"
                     ecep:pos="av"
                     ecep:reg="away"
                     ecep:spe="away"
                     ecep:syllab="2"
                     ecep:pron="əˈweɪ">away</w>
                  <pc xml:id="pmc36-48560"
                      n="pmc36/0049-a-0560"
                      ecep:lem=";"
                      ecep:pos=";"
                      ecep:reg=";"
                      ecep:spe=";">;</pc>
               </l>
               <l n="20" rendition="#h_3" xml:id="pmc36-l02560">
                  <c> </c>
                  <pc xml:id="pmc36-48570"
                      n="pmc36/0049-a-0570"
                      ecep:lem="&#34;"
                      ecep:pos="&#34;"
                      ecep:reg="&#34;"
                      ecep:spe="&#34;">"</pc>
                  <w xml:id="pmc36-48580"
                     n="pmc36/0049-a-0580"
                     ecep:lem="remember"
                     ecep:pos="vvb"
                     ecep:reg="Remember"
                     ecep:spe="Remember"
                     ecep:syllab="3"
                     ecep:pron="rɪˈmembə">Remember</w>
                  <c> </c>
                  <w xml:id="pmc36-48590"
                     n="pmc36/0049-a-0590"
                     ecep:lem="time"
                     ecep:pos="n1"
                     ecep:reg="Time"
                     ecep:spe="Time"
                     ecep:syllab="1"
                     ecep:pron="taɪm">Time</w>
                  <c> </c>
                  <w xml:id="pmc36-48600"
                     n="pmc36/0049-a-0600"
                     ecep:lem="be"
                     ecep:pos="vbz"
                     ecep:reg="is"
                     ecep:spe="is"
                     ecep:syllab="1"
                     ecep:pron="ɪz">is</w>
                  <c> </c>
                  <w xml:id="pmc36-48610"
                     n="pmc36/0049-a-0610"
                     ecep:lem="on"
                     ecep:pos="p-acp"
                     ecep:reg="on"
                     ecep:spe="on"
                     ecep:syllab="1"
                     ecep:pron="ɒn">on</w>
                  <c> </c>
                  <w xml:id="pmc36-48620"
                     n="pmc36/0049-a-0620"
                     ecep:lem="the"
                     ecep:pos="dt"
                     ecep:reg="the"
                     ecep:spe="the"
                     ecep:syllab="1"
                     ecep:pron="ðiː">the</w>
                  <c> </c>
                  <w xml:id="pmc36-48630"
                     n="pmc36/0049-a-0630"
                     ecep:lem="wing"
                     ecep:pos="n1"
                     ecep:reg="Wing"
                     ecep:spe="Wing"
                     ecep:syllab="1"
                     ecep:pron="wɪŋ">Wing</w>
                  <pc xml:id="pmc36-48640"
                      n="pmc36/0049-a-0640"
                      ecep:lem="."
                      ecep:pos="."
                      ecep:reg="."
                      ecep:spe=".">.</pc>
                  <pc xml:id="pmc36-48650"
                      n="pmc36/0049-a-0650"
                      unit="sentence"
                      ecep:lem="&#34;"
                      ecep:pos="&#34;"
                      ecep:reg="&#34;"
                      ecep:spe="&#34;">"</pc>
                  <c> </c>
               </l>
            </lg>
         </div>
      </body>
   </text>
</TEI>
