<?xml version="1.0" encoding="UTF-8"?>
<div xmlns:ecep="http://www.eighteenthcenturypoetry.org/ns"
     xmlns="http://www.tei-c.org/ns/1.0"
     xmlns:tei="http://www.tei-c.org/ns/1.0"
     ana="#iamb #tetrameter #quatrain #address #cross"
     corresp="#txt_LittJa1759_w0054"
     decls="#semi-diplomatic"
     ecep:syllab="8.8.8.8"
     met="-+|-+|-+|-+/ -+|-+|-+|-+/ -+|-+|-+|-+/ -+|-+|-+|-+/"
     rendition="#lgindent"
     rhyme="abab"
     subtype="eceptext"
     type="poem"
     xml:id="bjl92-w0540">
   <link target="authors.xml#aut_LittJa1759" type="author"/>
   <head type="main">
      <w xml:id="bjl92-284600"
         n="bjl92/000205-a-0010"
         ecep:lem="to"
         ecep:pos="p-acp"
         ecep:reg="TO"
         ecep:spe="TO"
         ecep:syllab="1"
         ecep:pron="tuː">TO</w>
      <c> </c>
      <w xml:id="bjl92-284610"
         n="bjl92/000205-a-0020"
         ecep:lem="NELL"
         ecep:pos="np1"
         ecep:reg="NELL"
         ecep:spe="NELL"
         ecep:syllab="1"
         ecep:pron="ˈnel">NELL</w>
   </head>
   <head type="sub">
      <w xml:id="bjl92-284640"
         n="bjl92/000205-a-0030"
         ecep:lem="when"
         ecep:pos="c-crq"
         ecep:reg="WHEN"
         ecep:spe="WHEN"
         ecep:syllab="1"
         ecep:pron="wen">WHEN</w>
      <c> </c>
      <w xml:id="bjl92-284650"
         n="bjl92/000205-a-0040"
         ecep:lem="at"
         ecep:pos="p-acp"
         ecep:reg="AT"
         ecep:spe="AT"
         ecep:syllab="1"
         ecep:pron="æt">AT</w>
      <c> </c>
      <w xml:id="bjl92-284660"
         n="bjl92/000205-a-0050"
         ecep:lem="Moffat"
         ecep:pos="np1"
         ecep:reg="MOFFAT"
         ecep:spe="MOFFAT"
         ecep:syllab="2"
         ecep:pron="ˈmɒfət">MOFFAT</w>
      <c> </c>
      <w xml:id="bjl92-284670"
         n="bjl92/000205-a-0060"
         ecep:lem="well"
         ecep:pos="av"
         ecep:reg="WELL"
         ecep:spe="WELL"
         ecep:syllab="1"
         ecep:pron="wel">WELL</w>
      <pc xml:id="bjl92-284680"
          n="bjl92/000205-a-0070"
          unit="sentence"
          ecep:lem="."
          ecep:pos="."
          ecep:reg="."
          ecep:spe=".">.</pc>
   </head>
   <lg xml:id="bjl92-s02295">
      <l xml:id="bjl92-l13025">
         <w xml:id="bjl92-284710"
            n="bjl92/000205-a-0080"
            ecep:lem="on"
            ecep:pos="p-acp"
            ecep:reg="ON"
            ecep:spe="ON"
            ecep:syllab="1"
            ecep:pron="ɒn">ON</w>
         <c> </c>
         <w xml:id="bjl92-284720"
            n="bjl92/000205-a-0090"
            ecep:lem="the"
            ecep:pos="dt"
            ecep:reg="the"
            ecep:spe="the"
            ecep:syllab="1"
            ecep:pron="ðiː">the</w>
         <c> </c>
         <w xml:id="bjl92-284730"
            n="bjl92/000205-a-0100"
            ecep:lem="delightful"
            ecep:pos="j"
            ecep:reg="delightful"
            ecep:spe="delightful"
            ecep:syllab="3"
            ecep:pron="dɪˈlaɪtfl">delightful</w>
         <c> </c>
         <w xml:id="bjl92-284740"
            n="bjl92/000205-a-0110"
            ecep:lem="bank"
            ecep:pos="n2"
            ecep:reg="banks"
            ecep:spe="banks"
            ecep:syllab="1"
            ecep:pron="bæŋks">banks</w>
         <c> </c>
         <w xml:id="bjl92-284750"
            n="bjl92/000205-a-0120"
            ecep:lem="of"
            ecep:pos="pp-f"
            ecep:reg="of"
            ecep:spe="of"
            ecep:syllab="1"
            ecep:pron="ɒv">of</w>
         <c> </c>
         <w xml:id="bjl92-284760"
            n="bjl92/000205-a-0130"
            ecep:lem="mein"
            ecep:pos="fw-ge"
            ecep:reg="Mein"
            ecep:spe="Mein"
            ecep:syllab="1"
            ecep:pron="ˈmaɪn">Mein</w>
         <pc xml:id="bjl92-284770"
             n="bjl92/000205-a-0140"
             ecep:lem=","
             ecep:pos=","
             ecep:reg=","
             ecep:spe=",">,</pc>
      </l>
      <l rendition="#h_4" xml:id="bjl92-l13030">
         <c> </c>
         <w xml:id="bjl92-284780"
            n="bjl92/000205-a-0150"
            ecep:lem="the"
            ecep:pos="dt"
            ecep:reg="The"
            ecep:spe="The"
            ecep:syllab="1"
            ecep:pron="ðiː">The</w>
         <c> </c>
         <w xml:id="bjl92-284790"
            n="bjl92/000205-a-0160"
            ecep:lem="muse"
            ecep:pos="n1"
            ecep:reg="muse"
            ecep:spe="muse"
            ecep:syllab="1"
            ecep:pron="mjuːz">muse</w>
         <c> </c>
         <w xml:id="bjl92-284800"
            n="bjl92/000205-a-0170"
            ecep:lem="lament"
            ecep:pos="n2"
            ecep:reg="laments"
            ecep:spe="laments"
            ecep:syllab="2"
            ecep:pron="ləˈments">laments</w>
         <c> </c>
         <w xml:id="bjl92-284810"
            n="bjl92/000205-a-0180"
            ecep:lem="in"
            ecep:pos="p-acp"
            ecep:reg="in"
            ecep:spe="in"
            ecep:syllab="1"
            ecep:pron="ɪn">in</w>
         <c> </c>
         <w xml:id="bjl92-284820"
            n="bjl92/000205-a-0190"
            ecep:lem="pensive"
            ecep:pos="j"
            ecep:reg="pensive"
            ecep:spe="pensive"
            ecep:syllab="2"
            ecep:pron="ˈpensɪv">pensive</w>
         <c> </c>
         <w xml:id="bjl92-284830"
            n="bjl92/000205-a-0200"
            ecep:lem="strain"
            ecep:pos="n1"
            ecep:reg="strain"
            ecep:spe="strain"
            ecep:syllab="1"
            ecep:pron="streɪn">strain</w>
         <pc xml:id="bjl92-284840"
             n="bjl92/000205-a-0210"
             ecep:lem=";"
             ecep:pos=";"
             ecep:reg=";"
             ecep:spe=";">;</pc>
      </l>
      <l xml:id="bjl92-l13035">
         <c> </c>
         <w xml:id="bjl92-284850"
            n="bjl92/000205-a-0220"
            ecep:lem="the"
            ecep:pos="dt"
            ecep:reg="The"
            ecep:spe="The"
            ecep:syllab="1"
            ecep:pron="ðiː">The</w>
         <c> </c>
         <w xml:id="bjl92-284860"
            n="bjl92/000205-a-0230"
            ecep:lem="nymph"
            ecep:pos="n2"
            ecep:reg="nymphs"
            ecep:spe="nymphs"
            ecep:syllab="1"
            ecep:pron="nɪmfs">nymphs</w>
         <c> </c>
         <w xml:id="bjl92-284870"
            n="bjl92/000205-a-0240"
            ecep:lem="assemble"
            ecep:pos="vvn"
            ecep:reg="assembled"
            ecep:spe="assembl'd"
            ecep:syllab="2"
            ecep:pron="əˈsembld">assembl'd</w>
         <c> </c>
         <w xml:id="bjl92-284880"
            n="bjl92/000205-a-0250"
            ecep:lem="on"
            ecep:pos="p-acp"
            ecep:reg="on"
            ecep:spe="on"
            ecep:syllab="1"
            ecep:pron="ɒn">on</w>
         <c> </c>
         <w xml:id="bjl92-284890"
            n="bjl92/000205-a-0260"
            ecep:lem="the"
            ecep:pos="dt"
            ecep:reg="the"
            ecep:spe="the"
            ecep:syllab="1"
            ecep:pron="ðiː">the</w>
         <c> </c>
         <w xml:id="bjl92-284900"
            n="bjl92/000205-a-0270"
            ecep:lem="green"
            ecep:pos="j-jn"
            ecep:reg="green"
            ecep:spe="green"
            ecep:syllab="1"
            ecep:pron="griːn">green</w>
         <pc xml:id="bjl92-284910"
             n="bjl92/000205-a-0280"
             ecep:lem=","
             ecep:pos=","
             ecep:reg=","
             ecep:spe=",">,</pc>
      </l>
      <l rendition="#h_4" xml:id="bjl92-l13040">
         <c> </c>
         <w xml:id="bjl92-284920"
            n="bjl92/000205-a-0290"
            ecep:lem="of"
            ecep:pos="pp-f"
            ecep:reg="Of"
            ecep:spe="Of"
            ecep:syllab="1"
            ecep:pron="ɒv">Of</w>
         <c> </c>
         <w xml:id="bjl92-284930"
            n="bjl92/000205-a-0300"
            ecep:lem="Nelly"
            ecep:pos="npg1"
            ecep:reg="Nelly's"
            ecep:spe="Nelly's"
            ecep:syllab="2"
            ecep:pron="ˈneliz">Nelly's</w>
         <c> </c>
         <w xml:id="bjl92-284940"
            n="bjl92/000205-a-0310"
            ecep:lem="absence"
            ecep:pos="n1"
            ecep:reg="absence"
            ecep:spe="absence"
            ecep:syllab="2"
            ecep:pron="ˈæbsns">absence</w>
         <c> </c>
         <w xml:id="bjl92-284950"
            n="bjl92/000205-a-0320"
            ecep:lem="all"
            ecep:pos="d"
            ecep:reg="all"
            ecep:spe="all"
            ecep:syllab="1"
            ecep:pron="ɔːl">all</w>
         <c> </c>
         <w xml:id="bjl92-284960"
            n="bjl92/000205-a-0330"
            ecep:lem="complain"
            ecep:pos="vvi"
            ecep:reg="complain"
            ecep:spe="complain"
            ecep:syllab="2"
            ecep:pron="kəmˈpleɪn">complain</w>
         <pc xml:id="bjl92-284970"
             n="bjl92/000205-a-0340"
             unit="sentence"
             ecep:lem="."
             ecep:pos="."
             ecep:reg="."
             ecep:spe=".">.</pc>
         <c> </c>
      </l>
   </lg>
   <lg xml:id="bjl92-s02300">
      <l xml:id="bjl92-l13045">
         <w xml:id="bjl92-285000"
            n="bjl92/000205-a-0350"
            ecep:lem="our"
            ecep:pos="po12"
            ecep:reg="Our"
            ecep:spe="Our"
            ecep:syllab="1"
            ecep:pron="æə">Our</w>
         <c> </c>
         <w xml:id="bjl92-285010"
            n="bjl92/000205-a-0360"
            ecep:lem="rural"
            ecep:pos="j"
            ecep:reg="rural"
            ecep:spe="rural"
            ecep:syllab="2"
            ecep:pron="ˈrʊərl">rural</w>
         <c> </c>
         <w xml:id="bjl92-285020"
            n="bjl92/000205-a-0370"
            ecep:lem="swain"
            ecep:pos="n2"
            ecep:reg="swains"
            ecep:spe="swains"
            ecep:syllab="1"
            ecep:pron="sweɪnz">swains</w>
         <c> </c>
         <w xml:id="bjl92-285030"
            n="bjl92/000205-a-0380"
            ecep:lem="no"
            ecep:pos="dx"
            ecep:reg="no"
            ecep:spe="no"
            ecep:syllab="1"
            ecep:pron="nəʊ">no</w>
         <c> </c>
         <w xml:id="bjl92-285040"
            n="bjl92/000205-a-0390"
            ecep:lem="joy"
            ecep:pos="n2"
            ecep:reg="joys"
            ecep:spe="joys"
            ecep:syllab="1"
            ecep:pron="dʒɔɪz">joys</w>
         <c> </c>
         <w xml:id="bjl92-285050"
            n="bjl92/000205-a-0400"
            ecep:lem="can"
            ecep:pos="vmb"
            ecep:reg="can"
            ecep:spe="can"
            ecep:syllab="1"
            ecep:pron="kæn">can</w>
         <c> </c>
         <w xml:id="bjl92-285060"
            n="bjl92/000205-a-0410"
            ecep:lem="find"
            ecep:pos="vvi"
            ecep:reg="find"
            ecep:spe="find"
            ecep:syllab="1"
            ecep:pron="faɪnd">find</w>
         <pc xml:id="bjl92-285070"
             n="bjl92/000205-a-0420"
             ecep:lem=","
             ecep:pos=","
             ecep:reg=","
             ecep:spe=",">,</pc>
      </l>
      <l rendition="#h_4" xml:id="bjl92-l13050">
         <c> </c>
         <w xml:id="bjl92-285080"
            n="bjl92/000205-a-0430"
            ecep:lem="but"
            ecep:pos="cc-acp"
            ecep:reg="But"
            ecep:spe="But"
            ecep:syllab="1"
            ecep:pron="bʌt">But</w>
         <c> </c>
         <w xml:id="bjl92-285090"
            n="bjl92/000205-a-0440"
            ecep:lem="still"
            ecep:pos="av"
            ecep:reg="still"
            ecep:spe="still"
            ecep:syllab="1"
            ecep:pron="stɪl">still</w>
         <c> </c>
         <w xml:id="bjl92-285100"
            n="bjl92/000205-a-0450"
            ecep:lem="in"
            ecep:pos="p-acp"
            ecep:reg="in"
            ecep:spe="in"
            ecep:syllab="1"
            ecep:pron="ɪn">in</w>
         <c> </c>
         <w xml:id="bjl92-285110"
            n="bjl92/000205-a-0460"
            ecep:lem="pensive"
            ecep:pos="j"
            ecep:reg="pensive"
            ecep:spe="pensive"
            ecep:syllab="2"
            ecep:pron="ˈpensɪv">pensive</w>
         <c> </c>
         <w xml:id="bjl92-285120"
            n="bjl92/000205-a-0470"
            ecep:lem="silence"
            ecep:pos="n1"
            ecep:reg="silence"
            ecep:spe="silence"
            ecep:syllab="2"
            ecep:pron="ˈsaɪləns">silence</w>
         <c> </c>
         <w xml:id="bjl92-285130"
            n="bjl92/000205-a-0480"
            ecep:lem="mourn"
            ecep:pos="vvi"
            ecep:reg="mourn"
            ecep:spe="mourn"
            ecep:syllab="1"
            ecep:pron="mɔːn">mourn</w>
         <pc xml:id="bjl92-285140"
             n="bjl92/000205-a-0490"
             ecep:lem=";"
             ecep:pos=";"
             ecep:reg=";"
             ecep:spe=";">;</pc>
      </l>
      <l xml:id="bjl92-l13055">
         <c> </c>
         <w xml:id="bjl92-285150"
            n="bjl92/000205-a-0500"
            ecep:lem="with"
            ecep:pos="p-acp"
            ecep:reg="With"
            ecep:spe="With"
            ecep:syllab="1"
            ecep:pron="wɪð">With</w>
         <c> </c>
         <w xml:id="bjl92-285160"
            n="bjl92/000205-a-0510"
            ecep:lem="head"
            ecep:pos="n2"
            ecep:reg="heads"
            ecep:spe="heads"
            ecep:syllab="1"
            ecep:pron="hedz">heads</w>
         <c> </c>
         <w xml:id="bjl92-285170"
            n="bjl92/000205-a-0520"
            ecep:lem="upon"
            ecep:pos="p-acp"
            ecep:reg="upon"
            ecep:spe="upon"
            ecep:syllab="2"
            ecep:pron="əˈpɒn">upon</w>
         <c> </c>
         <w xml:id="bjl92-285180"
            n="bjl92/000205-a-0530"
            ecep:lem="the"
            ecep:pos="dt"
            ecep:reg="the"
            ecep:spe="the"
            ecep:syllab="1"
            ecep:pron="ðiː">the</w>
         <c> </c>
         <w xml:id="bjl92-285190"
            n="bjl92/000205-a-0540"
            ecep:lem="turf"
            ecep:pos="n1"
            ecep:reg="turf"
            ecep:spe="turf"
            ecep:syllab="1"
            ecep:pron="tɜːf">turf</w>
         <c> </c>
         <w xml:id="bjl92-285200"
            n="bjl92/000205-a-0550"
            ecep:lem="recline"
            ecep:pos="vvd"
            ecep:reg="reclined"
            ecep:spe="reclin'd"
            ecep:syllab="2"
            ecep:pron="rɪˈklaɪnd">reclin'd</w>
      </l>
      <l rendition="#h_4" xml:id="bjl92-l13060">
         <c> </c>
         <w xml:id="bjl92-285210"
            n="bjl92/000205-a-0560"
            ecep:lem="they"
            ecep:pos="pns32"
            ecep:reg="They"
            ecep:spe="They"
            ecep:syllab="1"
            ecep:pron="ðeɪ">They</w>
         <c> </c>
         <w xml:id="bjl92-285220"
            n="bjl92/000205-a-0570"
            ecep:lem="sigh"
            ecep:pos="vvb"
            ecep:reg="sigh"
            ecep:spe="sigh"
            ecep:syllab="1"
            ecep:pron="saɪ">sigh</w>
         <pc xml:id="bjl92-285230"
             n="bjl92/000205-a-0580"
             ecep:lem=","
             ecep:pos=","
             ecep:reg=","
             ecep:spe=",">,</pc>
         <c> </c>
         <w xml:id="bjl92-285240"
            n="bjl92/000205-a-0590"
            ecep:lem="and"
            ecep:pos="cc"
            ecep:reg="and"
            ecep:spe="and"
            ecep:syllab="1"
            ecep:pron="ænd">and</w>
         <c> </c>
         <w xml:id="bjl92-285250"
            n="bjl92/000205-a-0600"
            ecep:lem="wish"
            ecep:pos="vvb"
            ecep:reg="wish"
            ecep:spe="wish"
            ecep:syllab="1"
            ecep:pron="wɪʃ">wish</w>
         <c> </c>
         <w xml:id="bjl92-285260"
            n="bjl92/000205-a-0610"
            ecep:lem="your"
            ecep:pos="po22"
            ecep:reg="your"
            ecep:spe="your"
            ecep:syllab="1"
            ecep:pron="jɔː">your</w>
         <c> </c>
         <w xml:id="bjl92-285270"
            n="bjl92/000205-a-0620"
            ecep:lem="swift"
            ecep:pos="j"
            ecep:reg="swift"
            ecep:spe="swift"
            ecep:syllab="1"
            ecep:pron="swɪft">swift</w>
         <c> </c>
         <w xml:id="bjl92-285280"
            n="bjl92/000205-a-0630"
            ecep:lem="return"
            ecep:pos="n1"
            ecep:reg="return"
            ecep:spe="return"
            ecep:syllab="2"
            ecep:pron="rɪˈtɜːn">return</w>
         <pc xml:id="bjl92-285290"
             n="bjl92/000205-a-0640"
             unit="sentence"
             ecep:lem="."
             ecep:pos="."
             ecep:reg="."
             ecep:spe=".">.</pc>
         <c> </c>
      </l>
   </lg>
   <lg xml:id="bjl92-s02305">
      <l xml:id="bjl92-l13065">
         <w xml:id="bjl92-285320"
            n="bjl92/000205-a-0650"
            ecep:lem="oft"
            ecep:pos="av"
            ecep:reg="Oft"
            ecep:spe="Oft"
            ecep:syllab="1"
            ecep:pron="ɒft">Oft</w>
         <c> </c>
         <w xml:id="bjl92-285330"
            n="bjl92/000205-a-0660"
            ecep:lem="have"
            ecep:pos="vhb"
            ecep:reg="have"
            ecep:spe="have"
            ecep:syllab="1"
            ecep:pron="hæv">have</w>
         <c> </c>
         <w xml:id="bjl92-285340"
            n="bjl92/000205-a-0670"
            ecep:lem="they"
            ecep:pos="pns32"
            ecep:reg="they"
            ecep:spe="they"
            ecep:syllab="1"
            ecep:pron="ðeɪ">they</w>
         <c> </c>
         <w xml:id="bjl92-285350"
            n="bjl92/000205-a-0680"
            ecep:lem="curse"
            ecep:pos="vvn"
            ecep:reg="cursed"
            ecep:spe="curs'd"
            ecep:syllab="1"
            ecep:pron="ˈkɜːsɪd">curs'd</w>
         <c> </c>
         <w xml:id="bjl92-285360"
            n="bjl92/000205-a-0690"
            ecep:lem="fair"
            ecep:pos="j"
            ecep:reg="fair"
            ecep:spe="fair"
            ecep:syllab="1"
            ecep:pron="feə">fair</w>
         <c> </c>
         <w xml:id="bjl92-285370"
            n="bjl92/000205-a-0700"
            ecep:lem="Moffat"
            ecep:pos="np1"
            ecep:reg="Moffat"
            ecep:spe="Moffat"
            ecep:syllab="2"
            ecep:pron="ˈmɒfət">Moffat</w>
         <c> </c>
         <w xml:id="bjl92-285380"
            n="bjl92/000205-a-0710"
            ecep:lem="town"
            ecep:pos="n1"
            ecep:reg="town"
            ecep:spe="town"
            ecep:syllab="1"
            ecep:pron="taʊn">town</w>
         <pc xml:id="bjl92-285390"
             n="bjl92/000205-a-0720"
             ecep:lem=","
             ecep:pos=","
             ecep:reg=","
             ecep:spe=",">,</pc>
      </l>
      <l rendition="#h_4" xml:id="bjl92-l13070">
         <c> </c>
         <w xml:id="bjl92-285400"
            n="bjl92/000205-a-0730"
            ecep:lem="with"
            ecep:pos="p-acp"
            ecep:reg="With"
            ecep:spe="With"
            ecep:syllab="1"
            ecep:pron="wɪð">With</w>
         <c> </c>
         <w xml:id="bjl92-285410"
            n="bjl92/000205-a-0740"
            ecep:lem="all"
            ecep:pos="d"
            ecep:reg="all"
            ecep:spe="all"
            ecep:syllab="1"
            ecep:pron="ɔːl">all</w>
         <c> </c>
         <w xml:id="bjl92-285420"
            n="bjl92/000205-a-0750"
            ecep:lem="the"
            ecep:pos="dt"
            ecep:reg="the"
            ecep:spe="the"
            ecep:syllab="1"
            ecep:pron="ðiː">the</w>
         <c> </c>
         <w xml:id="bjl92-285430"
            n="bjl92/000205-a-0760"
            ecep:lem="virtue"
            ecep:pos="n2"
            ecep:reg="virtues"
            ecep:spe="virtues"
            ecep:syllab="2"
            ecep:pron="ˈvɜːtʃuːz">virtues</w>
         <c> </c>
         <w xml:id="bjl92-285440"
            n="bjl92/000205-a-0770"
            ecep:lem="of"
            ecep:pos="pp-f"
            ecep:reg="of"
            ecep:spe="of"
            ecep:syllab="1"
            ecep:pron="ɒv">of</w>
         <c> </c>
         <w xml:id="bjl92-285450"
            n="bjl92/000205-a-0780"
            ecep:lem="the"
            ecep:pos="dt"
            ecep:reg="the"
            ecep:spe="the"
            ecep:syllab="1"
            ecep:pron="ðiː">the</w>
         <c> </c>
         <w xml:id="bjl92-285460"
            n="bjl92/000205-a-0790"
            ecep:lem="well"
            ecep:pos="av"
            ecep:reg="Well"
            ecep:spe="Well"
            ecep:syllab="1"
            ecep:pron="wel">Well</w>
         <pc xml:id="bjl92-285470"
             n="bjl92/000205-a-0800"
             ecep:lem=";"
             ecep:pos=";"
             ecep:reg=";"
             ecep:spe=";">;</pc>
      </l>
      <l xml:id="bjl92-l13075">
         <c> </c>
         <w xml:id="bjl92-285480"
            n="bjl92/000205-a-0810"
            ecep:lem="the"
            ecep:pos="dt"
            ecep:reg="The"
            ecep:spe="The"
            ecep:syllab="1"
            ecep:pron="ðiː">The</w>
         <c> </c>
         <w xml:id="bjl92-285490"
            n="bjl92/000205-a-0820"
            ecep:lem="sprightly"
            ecep:pos="j"
            ecep:reg="sprightly"
            ecep:spe="sprightly"
            ecep:syllab="2"
            ecep:pron="ˈspraɪtli">sprightly</w>
         <c> </c>
         <w xml:id="bjl92-285500"
            n="bjl92/000205-a-0830"
            ecep:lem="beau"
            ecep:pos="n1"
            ecep:reg="Beau"
            ecep:spe="Beau"
            ecep:syllab="1"
            ecep:pron="bəʊ">Beau</w>
         <pc xml:id="bjl92-285510"
             n="bjl92/000205-a-0840"
             ecep:lem=","
             ecep:pos=","
             ecep:reg=","
             ecep:spe=",">,</pc>
         <c> </c>
         <w xml:id="bjl92-285520"
            n="bjl92/000205-a-0850"
            ecep:lem="and"
            ecep:pos="cc"
            ecep:reg="and"
            ecep:spe="and"
            ecep:syllab="1"
            ecep:pron="ænd">and</w>
         <c> </c>
         <w xml:id="bjl92-285530"
            n="bjl92/000205-a-0860"
            ecep:lem="rustic"
            ecep:pos="j-jn"
            ecep:reg="rustic"
            ecep:spe="rustic"
            ecep:syllab="2"
            ecep:pron="ˈrʌstɪk">rustic</w>
         <c> </c>
         <w xml:id="bjl92-285540"
            n="bjl92/000205-a-0870"
            ecep:lem="clown"
            ecep:pos="n1"
            ecep:reg="clown"
            ecep:spe="clown"
            ecep:syllab="1"
            ecep:pron="klaʊn">clown</w>
         <pc xml:id="bjl92-285550"
             n="bjl92/000205-a-0880"
             ecep:lem=","
             ecep:pos=","
             ecep:reg=","
             ecep:spe=",">,</pc>
      </l>
      <l rendition="#h_4" xml:id="bjl92-l13080">
         <c> </c>
         <w xml:id="bjl92-285560"
            n="bjl92/000205-a-0890"
            ecep:lem="of"
            ecep:pos="pp-f"
            ecep:reg="Of"
            ecep:spe="Of"
            ecep:syllab="1"
            ecep:pron="ɒv">Of</w>
         <c> </c>
         <w xml:id="bjl92-285570"
            n="bjl92/000205-a-0900"
            ecep:lem="Nelly"
            ecep:pos="npg1"
            ecep:reg="Nelly's"
            ecep:spe="Nelly's"
            ecep:syllab="2"
            ecep:pron="ˈneliz">Nelly's</w>
         <c> </c>
         <w xml:id="bjl92-285580"
            n="bjl92/000205-a-0910"
            ecep:lem="charm"
            ecep:pos="n2"
            ecep:reg="charms"
            ecep:spe="charms"
            ecep:syllab="1"
            ecep:pron="tʃɑːmz">charms</w>
         <c> </c>
         <w xml:id="bjl92-285590"
            n="bjl92/000205-a-0920"
            ecep:lem="delight"
            ecep:pos="vvb"
            ecep:reg="delight"
            ecep:spe="delight"
            ecep:syllab="2"
            ecep:pron="dɪˈlaɪt">delight</w>
         <c> </c>
         <w xml:id="bjl92-285600"
            n="bjl92/000205-a-0930"
            ecep:lem="to"
            ecep:pos="pc-acp"
            ecep:reg="to"
            ecep:spe="to"
            ecep:syllab="1"
            ecep:pron="tuː">to</w>
         <c> </c>
         <w xml:id="bjl92-285610"
            n="bjl92/000205-a-0940"
            ecep:lem="tell"
            ecep:pos="vvi"
            ecep:reg="tell"
            ecep:spe="tell"
            ecep:syllab="1"
            ecep:pron="tel">tell</w>
         <pc xml:id="bjl92-285620"
             n="bjl92/000205-a-0950"
             unit="sentence"
             ecep:lem="."
             ecep:pos="."
             ecep:reg="."
             ecep:spe=".">.</pc>
         <c> </c>
      </l>
   </lg>
   <pb facs="bjl92/000206" n="196" rend="none"/>
   <lg xml:id="bjl92-s02310">
      <l xml:id="bjl92-l13085">
         <w xml:id="bjl92-285650"
            n="bjl92/000206-a-0010"
            ecep:lem="dear"
            ecep:pos="j-jn"
            ecep:reg="Dear"
            ecep:spe="Dear"
            ecep:syllab="1"
            ecep:pron="dɪə">Dear</w>
         <c> </c>
         <w xml:id="bjl92-285660"
            n="bjl92/000206-a-0020"
            ecep:lem="maid"
            ecep:pos="n1"
            ecep:reg="maid"
            ecep:spe="maid"
            ecep:syllab="1"
            ecep:pron="meɪd">maid</w>
         <pc xml:id="bjl92-285670"
             n="bjl92/000206-a-0030"
             ecep:lem=","
             ecep:pos=","
             ecep:reg=","
             ecep:spe=",">,</pc>
         <c> </c>
         <w xml:id="bjl92-285680"
            n="bjl92/000206-a-0040"
            ecep:lem="it"
            ecep:pos="pn31"
            ecep:reg="it"
            ecep:spe="it"
            ecep:syllab="1"
            ecep:pron="ɪt">it</w>
         <c> </c>
         <w xml:id="bjl92-285690"
            n="bjl92/000206-a-0050"
            ecep:lem="be"
            ecep:pos="vbz"
            ecep:reg="is"
            ecep:spe="is"
            ecep:syllab="1"
            ecep:pron="ɪz">is</w>
         <c> </c>
         <w xml:id="bjl92-285700"
            n="bjl92/000206-a-0060"
            ecep:lem="for"
            ecep:pos="p-acp"
            ecep:reg="for"
            ecep:spe="for"
            ecep:syllab="1"
            ecep:pron="fɔː">for</w>
         <c> </c>
         <w xml:id="bjl92-285710"
            n="bjl92/000206-a-0070"
            ecep:lem="you"
            ecep:pos="pn22"
            ecep:reg="you"
            ecep:spe="you"
            ecep:syllab="1"
            ecep:pron="juː">you</w>
         <c> </c>
         <w xml:id="bjl92-285720"
            n="bjl92/000206-a-0080"
            ecep:lem="alone"
            ecep:pos="av-j"
            ecep:reg="alone"
            ecep:spe="alone"
            ecep:syllab="2"
            ecep:pron="əˈləʊn">alone</w>
         <pc xml:id="bjl92-285730"
             n="bjl92/000206-a-0090"
             ecep:lem=","
             ecep:pos=","
             ecep:reg=","
             ecep:spe=",">,</pc>
      </l>
      <l rendition="#h_4" xml:id="bjl92-l13090">
         <c> </c>
         <w xml:id="bjl92-285740"
            n="bjl92/000206-a-0100"
            ecep:lem="they"
            ecep:pos="pns32"
            ecep:reg="They"
            ecep:spe="They"
            ecep:syllab="1"
            ecep:pron="ðeɪ">They</w>
         <c> </c>
         <w xml:id="bjl92-285750"
            n="bjl92/000206-a-0110"
            ecep:lem="spend"
            ecep:pos="vvb"
            ecep:reg="spend"
            ecep:spe="spend"
            ecep:syllab="1"
            ecep:pron="spend">spend</w>
         <c> </c>
         <w xml:id="bjl92-285760"
            n="bjl92/000206-a-0120"
            ecep:lem="whole"
            ecep:pos="j-jn"
            ecep:reg="whole"
            ecep:spe="whole"
            ecep:syllab="1"
            ecep:pron="həʊl">whole</w>
         <c> </c>
         <w xml:id="bjl92-285770"
            n="bjl92/000206-a-0130"
            ecep:lem="day"
            ecep:pos="n2"
            ecep:reg="days"
            ecep:spe="days"
            ecep:syllab="1"
            ecep:pron="deɪz">days</w>
         <c> </c>
         <w xml:id="bjl92-285780"
            n="bjl92/000206-a-0140"
            ecep:lem="and"
            ecep:pos="cc"
            ecep:reg="and"
            ecep:spe="and"
            ecep:syllab="1"
            ecep:pron="ænd">and</w>
         <c> </c>
         <w xml:id="bjl92-285790"
            n="bjl92/000206-a-0150"
            ecep:lem="night"
            ecep:pos="n2"
            ecep:reg="nights"
            ecep:spe="nights"
            ecep:syllab="1"
            ecep:pron="naɪts">nights</w>
         <c> </c>
         <w xml:id="bjl92-285800"
            n="bjl92/000206-a-0160"
            ecep:lem="in"
            ecep:pos="p-acp"
            ecep:reg="in"
            ecep:spe="in"
            ecep:syllab="1"
            ecep:pron="ɪn">in</w>
         <c> </c>
         <w xml:id="bjl92-285810"
            n="bjl92/000206-a-0170"
            ecep:lem="sigh"
            ecep:pos="n2"
            ecep:reg="sighs"
            ecep:spe="sighs"
            ecep:syllab="1"
            ecep:pron="saɪz">sighs</w>
         <pc xml:id="bjl92-285820"
             n="bjl92/000206-a-0180"
             ecep:lem=";"
             ecep:pos=";"
             ecep:reg=";"
             ecep:spe=";">;</pc>
      </l>
      <l xml:id="bjl92-l13095">
         <c> </c>
         <w xml:id="bjl92-285830"
            n="bjl92/000206-a-0190"
            ecep:lem="and"
            ecep:pos="cc"
            ecep:reg="And"
            ecep:spe="And"
            ecep:syllab="1"
            ecep:pron="ænd">And</w>
         <c> </c>
         <w xml:id="bjl92-285840"
            n="bjl92/000206-a-0200"
            ecep:lem="will"
            ecep:pos="vmb"
            ecep:reg="will"
            ecep:spe="will"
            ecep:syllab="1"
            ecep:pron="wɪl">will</w>
         <c> </c>
         <w xml:id="bjl92-285850"
            n="bjl92/000206-a-0210"
            ecep:lem="you"
            ecep:pos="pn22"
            ecep:reg="you"
            ecep:spe="you"
            ecep:syllab="1"
            ecep:pron="juː">you</w>
         <c> </c>
         <w xml:id="bjl92-285860"
            n="bjl92/000206-a-0220"
            ecep:lem="disregard"
            ecep:pos="vvb"
            ecep:reg="disregard"
            ecep:spe="disregard"
            ecep:syllab="3"
            ecep:pron="ˌdɪsrɪˈgɑːd">disregard</w>
         <c> </c>
         <w xml:id="bjl92-285870"
            n="bjl92/000206-a-0230"
            ecep:lem="their"
            ecep:pos="po32"
            ecep:reg="their"
            ecep:spe="their"
            ecep:syllab="1"
            ecep:pron="ðeə">their</w>
         <c> </c>
         <w xml:id="bjl92-285880"
            n="bjl92/000206-a-0240"
            ecep:lem="moan"
            ecep:pos="n1"
            ecep:reg="moan"
            ecep:spe="moan"
            ecep:syllab="1"
            ecep:pron="məʊn">moan</w>
         <pc xml:id="bjl92-285890"
             n="bjl92/000206-a-0250"
             ecep:lem=","
             ecep:pos=","
             ecep:reg=","
             ecep:spe=",">,</pc>
      </l>
      <l rendition="#h_4" xml:id="bjl92-l13100">
         <c> </c>
         <w xml:id="bjl92-285900"
            n="bjl92/000206-a-0260"
            ecep:lem="and"
            ecep:pos="cc"
            ecep:reg="And"
            ecep:spe="And"
            ecep:syllab="1"
            ecep:pron="ænd">And</w>
         <c> </c>
         <w xml:id="bjl92-285910"
            n="bjl92/000206-a-0270"
            ecep:lem="all"
            ecep:pos="d"
            ecep:reg="all"
            ecep:spe="all"
            ecep:syllab="1"
            ecep:pron="ɔːl">all</w>
         <c> </c>
         <w xml:id="bjl92-285920"
            n="bjl92/000206-a-0280"
            ecep:lem="their"
            ecep:pos="po32"
            ecep:reg="their"
            ecep:spe="their"
            ecep:syllab="1"
            ecep:pron="ðeə">their</w>
         <c> </c>
         <w xml:id="bjl92-285930"
            n="bjl92/000206-a-0290"
            ecep:lem="plaintive"
            ecep:pos="j"
            ecep:reg="plaintive"
            ecep:spe="plaintive"
            ecep:syllab="2"
            ecep:pron="ˈpleɪntɪv">plaintive</w>
         <c> </c>
         <w xml:id="bjl92-285940"
            n="bjl92/000206-a-0300"
            ecep:lem="note"
            ecep:pos="n2"
            ecep:reg="notes"
            ecep:spe="notes"
            ecep:syllab="1"
            ecep:pron="nəʊts">notes</w>
         <c> </c>
         <w xml:id="bjl92-285950"
            n="bjl92/000206-a-0310"
            ecep:lem="despise"
            ecep:pos="vvb"
            ecep:reg="despise"
            ecep:spe="despise"
            ecep:syllab="2"
            ecep:pron="dɪˈspaɪz">despise</w>
         <pc xml:id="bjl92-285960"
             n="bjl92/000206-a-0320"
             unit="sentence"
             ecep:lem="?"
             ecep:pos="?"
             ecep:reg="?"
             ecep:spe="?">?</pc>
         <c> </c>
      </l>
   </lg>
   <lg xml:id="bjl92-s02315">
      <l xml:id="bjl92-l13105">
         <w xml:id="bjl92-285990"
            n="bjl92/000206-a-0330"
            ecep:lem="it|be"
            ecep:pos="pn31|vbz"
            ecep:reg="It's"
            ecep:spe="'Tis"
            ecep:syllab="1"
            ecep:pron="tɪz">'Tis</w>
         <c> </c>
         <w xml:id="bjl92-286000"
            n="bjl92/000206-a-0340"
            ecep:lem="autumn"
            ecep:pos="n1"
            ecep:reg="Autumn"
            ecep:spe="Autumn"
            ecep:syllab="2"
            ecep:pron="ˈɔːtəm">Autumn</w>
         <c> </c>
         <w xml:id="bjl92-286010"
            n="bjl92/000206-a-0350"
            ecep:lem="now"
            ecep:pos="av"
            ecep:reg="now"
            ecep:spe="now"
            ecep:syllab="1"
            ecep:pron="naʊ">now</w>
         <pc xml:id="bjl92-286020"
             n="bjl92/000206-a-0360"
             ecep:lem=","
             ecep:pos=","
             ecep:reg=","
             ecep:spe=",">,</pc>
         <c> </c>
         <w xml:id="bjl92-286030"
            n="bjl92/000206-a-0370"
            ecep:lem="the"
            ecep:pos="dt"
            ecep:reg="the"
            ecep:spe="the"
            ecep:syllab="1"
            ecep:pron="ðiː">the</w>
         <c> </c>
         <w xml:id="bjl92-286040"
            n="bjl92/000206-a-0380"
            ecep:lem="fertile"
            ecep:pos="j"
            ecep:reg="fertile"
            ecep:spe="fertile"
            ecep:syllab="2"
            ecep:pron="ˈfɜːtaɪl">fertile</w>
         <c> </c>
         <w xml:id="bjl92-286050"
            n="bjl92/000206-a-0390"
            ecep:lem="field"
            ecep:pos="n1"
            ecep:reg="field"
            ecep:spe="field"
            ecep:syllab="1"
            ecep:pron="ˈfiːld">field</w>
         <pc xml:id="bjl92-286060"
             n="bjl92/000206-a-0400"
             ecep:lem=","
             ecep:pos=","
             ecep:reg=","
             ecep:spe=",">,</pc>
      </l>
      <l rendition="#h_4" xml:id="bjl92-l13110">
         <c> </c>
         <w xml:id="bjl92-286070"
            n="bjl92/000206-a-0410"
            ecep:lem="rich"
            ecep:pos="j"
            ecep:reg="Rich"
            ecep:spe="Rich"
            ecep:syllab="1"
            ecep:pron="rɪtʃ">Rich</w>
         <c> </c>
         <w xml:id="bjl92-286080"
            n="bjl92/000206-a-0420"
            ecep:lem="Ceres"
            ecep:pos="np1"
            ecep:reg="Crees"
            ecep:spe="Ceres"
            ecep:syllab="2"
            ecep:pron="sɪəz">Ceres</w>
         <c> </c>
         <w xml:id="bjl92-286090"
            n="bjl92/000206-a-0430"
            ecep:lem="deck"
            ecep:pos="n2"
            ecep:reg="decks"
            ecep:spe="decks"
            ecep:syllab="1"
            ecep:pron="deks">decks</w>
         <c> </c>
         <w xml:id="bjl92-286100"
            n="bjl92/000206-a-0440"
            ecep:lem="with"
            ecep:pos="p-acp"
            ecep:reg="with"
            ecep:spe="with"
            ecep:syllab="1"
            ecep:pron="wɪð">with</w>
         <c> </c>
         <w xml:id="bjl92-286110"
            n="bjl92/000206-a-0450"
            ecep:lem="yellow"
            ecep:pos="j-jn"
            ecep:reg="yellow"
            ecep:spe="yellow"
            ecep:syllab="2"
            ecep:pron="ˈjeləʊ">yellow</w>
         <c> </c>
         <w xml:id="bjl92-286120"
            n="bjl92/000206-a-0460"
            ecep:lem="grain"
            ecep:pos="n1"
            ecep:reg="grain"
            ecep:spe="grain"
            ecep:syllab="1"
            ecep:pron="greɪn">grain</w>
         <pc xml:id="bjl92-286130"
             n="bjl92/000206-a-0470"
             ecep:lem=";"
             ecep:pos=";"
             ecep:reg=";"
             ecep:spe=";">;</pc>
      </l>
      <l xml:id="bjl92-l13115">
         <c> </c>
         <w xml:id="bjl92-286140"
            n="bjl92/000206-a-0480"
            ecep:lem="with"
            ecep:pos="p-acp"
            ecep:reg="With"
            ecep:spe="With"
            ecep:syllab="1"
            ecep:pron="wɪð">With</w>
         <c> </c>
         <w xml:id="bjl92-286150"
            n="bjl92/000206-a-0490"
            ecep:lem="joy"
            ecep:pos="n1"
            ecep:reg="joy"
            ecep:spe="joy"
            ecep:syllab="1"
            ecep:pron="dʒɔɪ">joy</w>
         <c> </c>
         <w xml:id="bjl92-286160"
            n="bjl92/000206-a-0500"
            ecep:lem="we"
            ecep:pos="pns12"
            ecep:reg="we"
            ecep:spe="we"
            ecep:syllab="1"
            ecep:pron="wiː">we</w>
         <c> </c>
         <w xml:id="bjl92-286170"
            n="bjl92/000206-a-0510"
            ecep:lem="will"
            ecep:pos="vmd"
            ecep:reg="would"
            ecep:spe="would"
            ecep:syllab="1"
            ecep:pron="wʊd">would</w>
         <c> </c>
         <w xml:id="bjl92-286180"
            n="bjl92/000206-a-0520"
            ecep:lem="our"
            ecep:pos="po12"
            ecep:reg="our"
            ecep:spe="our"
            ecep:syllab="1"
            ecep:pron="æə">our</w>
         <c> </c>
         <w xml:id="bjl92-286190"
            n="bjl92/000206-a-0530"
            ecep:lem="sickle"
            ecep:pos="n2"
            ecep:reg="sickles"
            ecep:spe="sickles"
            ecep:syllab="2"
            ecep:pron="ˈsɪklz">sickles</w>
         <c> </c>
         <w xml:id="bjl92-286200"
            n="bjl92/000206-a-0540"
            ecep:lem="wield"
            ecep:pos="vvb"
            ecep:reg="wield"
            ecep:spe="wield"
            ecep:syllab="1"
            ecep:pron="wiːld">wield</w>
         <pc xml:id="bjl92-286210"
             n="bjl92/000206-a-0550"
             ecep:lem=","
             ecep:pos=","
             ecep:reg=","
             ecep:spe=",">,</pc>
      </l>
      <l rendition="#h_4" xml:id="bjl92-l13120">
         <c> </c>
         <w xml:id="bjl92-286220"
            n="bjl92/000206-a-0560"
            ecep:lem="if"
            ecep:pos="cs"
            ecep:reg="If"
            ecep:spe="If"
            ecep:syllab="1"
            ecep:pron="ɪf">If</w>
         <c> </c>
         <w xml:id="bjl92-286230"
            n="bjl92/000206-a-0570"
            ecep:lem="Nelly"
            ecep:pos="np1"
            ecep:reg="Nelly"
            ecep:spe="Nelly"
            ecep:syllab="2"
            ecep:pron="ˈneli">Nelly</w>
         <c> </c>
         <w xml:id="bjl92-286240"
            n="bjl92/000206-a-0580"
            ecep:lem="deign"
            ecep:pos="vvd"
            ecep:reg="deigned"
            ecep:spe="deign'd"
            ecep:syllab="1"
            ecep:pron="deɪnd">deign'd</w>
         <c> </c>
         <w xml:id="bjl92-286250"
            n="bjl92/000206-a-0590"
            ecep:lem="to"
            ecep:pos="pc-acp"
            ecep:reg="to"
            ecep:spe="to"
            ecep:syllab="1"
            ecep:pron="tuː">to</w>
         <c> </c>
         <w xml:id="bjl92-286260"
            n="bjl92/000206-a-0600"
            ecep:lem="grace"
            ecep:pos="vvi"
            ecep:reg="grace"
            ecep:spe="grace"
            ecep:syllab="1"
            ecep:pron="greɪs">grace</w>
         <c> </c>
         <w xml:id="bjl92-286270"
            n="bjl92/000206-a-0610"
            ecep:lem="the"
            ecep:pos="dt"
            ecep:reg="the"
            ecep:spe="the"
            ecep:syllab="1"
            ecep:pron="ðiː">the</w>
         <c> </c>
         <w xml:id="bjl92-286280"
            n="bjl92/000206-a-0620"
            ecep:lem="plain"
            ecep:pos="j"
            ecep:reg="plain"
            ecep:spe="plain"
            ecep:syllab="1"
            ecep:pron="pleɪn">plain</w>
         <pc xml:id="bjl92-286290"
             n="bjl92/000206-a-0630"
             unit="sentence"
             ecep:lem="."
             ecep:pos="."
             ecep:reg="."
             ecep:spe=".">.</pc>
         <c> </c>
      </l>
   </lg>
   <lg xml:id="bjl92-s02320">
      <l xml:id="bjl92-l13125">
         <w xml:id="bjl92-286320"
            n="bjl92/000206-a-0640"
            ecep:lem="come"
            ecep:pos="vvb"
            ecep:reg="Come"
            ecep:spe="Come"
            ecep:syllab="1"
            ecep:pron="kʌm">Come</w>
         <c> </c>
         <w xml:id="bjl92-286330"
            n="bjl92/000206-a-0650"
            ecep:lem="now"
            ecep:pos="av"
            ecep:reg="now"
            ecep:spe="now"
            ecep:syllab="1"
            ecep:pron="naʊ">now</w>
         <c> </c>
         <w xml:id="bjl92-286340"
            n="bjl92/000206-a-0660"
            ecep:lem="and"
            ecep:pos="cc"
            ecep:reg="and"
            ecep:spe="and"
            ecep:syllab="1"
            ecep:pron="ænd">and</w>
         <c> </c>
         <w xml:id="bjl92-286350"
            n="bjl92/000206-a-0670"
            ecep:lem="of"
            ecep:pos="pp-f"
            ecep:reg="of"
            ecep:spe="of"
            ecep:syllab="1"
            ecep:pron="ɒv">of</w>
         <c> </c>
         <w xml:id="bjl92-286360"
            n="bjl92/000206-a-0680"
            ecep:lem="our"
            ecep:pos="po12"
            ecep:reg="our"
            ecep:spe="our"
            ecep:syllab="1"
            ecep:pron="æə">our</w>
         <c> </c>
         <w xml:id="bjl92-286370"
            n="bjl92/000206-a-0690"
            ecep:lem="labour"
            ecep:pos="n2"
            ecep:reg="labours"
            ecep:spe="labours"
            ecep:syllab="2"
            ecep:pron="ˈleɪbəz">labours</w>
         <c> </c>
         <w xml:id="bjl92-286380"
            n="bjl92/000206-a-0700"
            ecep:lem="share"
            ecep:pos="vvi"
            ecep:reg="share"
            ecep:spe="share"
            ecep:syllab="1"
            ecep:pron="ʃeə">share</w>
         <pc xml:id="bjl92-286390"
             n="bjl92/000206-a-0710"
             ecep:lem=";"
             ecep:pos=";"
             ecep:reg=";"
             ecep:spe=";">;</pc>
      </l>
      <l rendition="#h_4" xml:id="bjl92-l13130">
         <c> </c>
         <w xml:id="bjl92-286400"
            n="bjl92/000206-a-0720"
            ecep:lem="none"
            ecep:pos="pix"
            ecep:reg="None"
            ecep:spe="None"
            ecep:syllab="1"
            ecep:pron="nəʊn">None</w>
         <c> </c>
         <w xml:id="bjl92-286410"
            n="bjl92/000206-a-0730"
            ecep:lem="better"
            ecep:pos="av-jc"
            ecep:reg="better"
            ecep:spe="better"
            ecep:syllab="2"
            ecep:pron="ˈbetə">better</w>
         <c> </c>
         <w xml:id="bjl92-286420"
            n="bjl92/000206-a-0740"
            ecep:lem="can"
            ecep:pos="vmb"
            ecep:reg="can"
            ecep:spe="can"
            ecep:syllab="1"
            ecep:pron="kæn">can</w>
         <c> </c>
         <w xml:id="bjl92-286430"
            n="bjl92/000206-a-0750"
            ecep:lem="that"
            ecep:pos="d"
            ecep:reg="that"
            ecep:spe="that"
            ecep:syllab="1"
            ecep:pron="ðæt">that</w>
         <c> </c>
         <w xml:id="bjl92-286440"
            n="bjl92/000206-a-0760"
            ecep:lem="weapon"
            ecep:pos="n1"
            ecep:reg="weapon"
            ecep:spe="weapon"
            ecep:syllab="2"
            ecep:pron="ˈwepən">weapon</w>
         <c> </c>
         <w xml:id="bjl92-286450"
            n="bjl92/000206-a-0770"
            ecep:lem="ply"
            ecep:pos="vvi"
            ecep:reg="ply"
            ecep:spe="ply"
            ecep:syllab="1"
            ecep:pron="plaɪ">ply</w>
         <pc xml:id="bjl92-286460"
             n="bjl92/000206-a-0780"
             ecep:lem=";"
             ecep:pos=";"
             ecep:reg=";"
             ecep:spe=";">;</pc>
      </l>
      <l xml:id="bjl92-l13135">
         <c> </c>
         <w xml:id="bjl92-286470"
            n="bjl92/000206-a-0790"
            ecep:lem="o"
            ecep:pos="uh"
            ecep:reg="OH"
            ecep:spe="O"
            ecep:syllab="1"
            ecep:pron="əʊ">O</w>
         <c> </c>
         <w xml:id="bjl92-286480"
            n="bjl92/000206-a-0800"
            ecep:lem="mitigate"
            ecep:pos="vvb"
            ecep:reg="mitigate"
            ecep:spe="mitigate"
            ecep:syllab="3"
            ecep:pron="ˈmɪtɪgeɪt">mitigate</w>
         <c> </c>
         <w xml:id="bjl92-286490"
            n="bjl92/000206-a-0810"
            ecep:lem="philander"
            ecep:pos="npg1"
            ecep:reg="Philander's"
            ecep:spe="Philander's"
            ecep:syllab="3"
            ecep:pron="fɪˈlændəz">Philander's</w>
         <c> </c>
         <w xml:id="bjl92-286500"
            n="bjl92/000206-a-0820"
            ecep:lem="care"
            ecep:pos="n1"
            ecep:reg="care"
            ecep:spe="care"
            ecep:syllab="1"
            ecep:pron="keə">care</w>
         <pc xml:id="bjl92-286510"
             n="bjl92/000206-a-0830"
             ecep:lem=","
             ecep:pos=","
             ecep:reg=","
             ecep:spe=",">,</pc>
      </l>
      <l rendition="#h_4" xml:id="bjl92-l13140">
         <c> </c>
         <w xml:id="bjl92-286520"
            n="bjl92/000206-a-0840"
            ecep:lem="who"
            ecep:pos="r-crq"
            ecep:reg="Whose"
            ecep:spe="Whose"
            ecep:syllab="1"
            ecep:pron="huːz">Whose</w>
         <c> </c>
         <w xml:id="bjl92-286530"
            n="bjl92/000206-a-0850"
            ecep:lem="toil"
            ecep:pos="n1"
            ecep:reg="toil"
            ecep:spe="toil"
            ecep:syllab="1"
            ecep:pron="tɔɪl">toil</w>
         <c> </c>
         <w xml:id="bjl92-286540"
            n="bjl92/000206-a-0860"
            ecep:lem="seem"
            ecep:pos="vvz"
            ecep:reg="seems"
            ecep:spe="seems"
            ecep:syllab="1"
            ecep:pron="siːmz">seems</w>
         <c> </c>
         <w xml:id="bjl92-286550"
            n="bjl92/000206-a-0870"
            ecep:lem="less"
            ecep:pos="dc"
            ecep:reg="less"
            ecep:spe="less"
            ecep:syllab="1"
            ecep:pron="les">less</w>
         <c> </c>
         <w xml:id="bjl92-286560"
            n="bjl92/000206-a-0880"
            ecep:lem="when"
            ecep:pos="c-crq"
            ecep:reg="when"
            ecep:spe="when"
            ecep:syllab="1"
            ecep:pron="wen">when</w>
         <c> </c>
         <w xml:id="bjl92-286570"
            n="bjl92/000206-a-0890"
            ecep:lem="you"
            ecep:pos="pn22"
            ecep:reg="you"
            ecep:spe="you"
            ecep:syllab="1"
            ecep:pron="juː">you</w>
         <c> </c>
         <w xml:id="bjl92-286580"
            n="bjl92/000206-a-0900"
            ecep:lem="be"
            ecep:pos="vbr"
            ecep:reg="are"
            ecep:spe="are"
            ecep:syllab="1"
            ecep:pron="ɑː">are</w>
         <c> </c>
         <w xml:id="bjl92-286590"
            n="bjl92/000206-a-0910"
            ecep:lem="nigh"
            ecep:pos="av-j"
            ecep:reg="nigh"
            ecep:spe="nigh"
            ecep:syllab="1"
            ecep:pron="naɪ">nigh</w>
         <pc xml:id="bjl92-286600"
             n="bjl92/000206-a-0920"
             unit="sentence"
             ecep:lem="."
             ecep:pos="."
             ecep:reg="."
             ecep:spe=".">.</pc>
         <c> </c>
      </l>
   </lg>
   <lg xml:id="bjl92-s02325">
      <l xml:id="bjl92-l13145">
         <w xml:id="bjl92-286630"
            n="bjl92/000206-a-0930"
            ecep:lem="once"
            ecep:pos="a-acp"
            ecep:reg="Once"
            ecep:spe="Once"
            ecep:syllab="1"
            ecep:pron="wʌns">Once</w>
         <c> </c>
         <w xml:id="bjl92-286640"
            n="bjl92/000206-a-0940"
            ecep:lem="more"
            ecep:pos="av-dc"
            ecep:reg="more"
            ecep:spe="more"
            ecep:syllab="1"
            ecep:pron="mɔː">more</w>
         <pc xml:id="bjl92-286650"
             n="bjl92/000206-a-0950"
             ecep:lem=","
             ecep:pos=","
             ecep:reg=","
             ecep:spe=",">,</pc>
         <c> </c>
         <w xml:id="bjl92-286660"
            n="bjl92/000206-a-0960"
            ecep:lem="dear"
            ecep:pos="j-jn"
            ecep:reg="dear"
            ecep:spe="dear"
            ecep:syllab="1"
            ecep:pron="dɪə">dear</w>
         <c> </c>
         <w xml:id="bjl92-286670"
            n="bjl92/000206-a-0970"
            ecep:lem="Nell"
            ecep:pos="np1"
            ecep:reg="Nell"
            ecep:spe="Nell"
            ecep:syllab="1"
            ecep:pron="ˈnel">Nell</w>
         <pc xml:id="bjl92-286680"
             n="bjl92/000206-a-0980"
             ecep:lem=","
             ecep:pos=","
             ecep:reg=","
             ecep:spe=",">,</pc>
         <c> </c>
         <w xml:id="bjl92-286690"
            n="bjl92/000206-a-0990"
            ecep:lem="i|will"
            ecep:pos="pns11|vmd"
            ecep:reg="I'd"
            ecep:spe="I'd"
            ecep:syllab="1"
            ecep:pron="ˈaɪd">I'd</w>
         <c> </c>
         <w xml:id="bjl92-286700"
            n="bjl92/000206-a-1000"
            ecep:lem="wish"
            ecep:pos="vvi"
            ecep:reg="wish"
            ecep:spe="wish"
            ecep:syllab="1"
            ecep:pron="wɪʃ">wish</w>
         <c> </c>
         <w xml:id="bjl92-286710"
            n="bjl92/000206-a-1010"
            ecep:lem="to"
            ecep:pos="pc-acp"
            ecep:reg="to"
            ecep:spe="to"
            ecep:syllab="1"
            ecep:pron="tuː">to</w>
         <c> </c>
         <w xml:id="bjl92-286720"
            n="bjl92/000206-a-1020"
            ecep:lem="see"
            ecep:pos="vvi"
            ecep:reg="see"
            ecep:spe="see"
            ecep:syllab="1"
            ecep:pron="siː">see</w>
      </l>
      <l rendition="#h_4" xml:id="bjl92-l13150">
         <c> </c>
         <w xml:id="bjl92-286730"
            n="bjl92/000206-a-1030"
            ecep:lem="you"
            ecep:pos="pn22"
            ecep:reg="You"
            ecep:spe="You"
            ecep:syllab="1"
            ecep:pron="juː">You</w>
         <c> </c>
         <w xml:id="bjl92-286740"
            n="bjl92/000206-a-1040"
            ecep:lem="cheerful"
            ecep:pos="j"
            ecep:reg="cheerful"
            ecep:spe="cheerful"
            ecep:syllab="2"
            ecep:pron="ˈtʃɪəfl">cheerful</w>
         <c> </c>
         <w xml:id="bjl92-286750"
            n="bjl92/000206-a-1050"
            ecep:lem="join"
            ecep:pos="vvi"
            ecep:reg="join"
            ecep:spe="join"
            ecep:syllab="1"
            ecep:pron="dʒɔɪn">join</w>
         <c> </c>
         <w xml:id="bjl92-286760"
            n="bjl92/000206-a-1060"
            ecep:lem="the"
            ecep:pos="dt"
            ecep:reg="the"
            ecep:spe="the"
            ecep:syllab="1"
            ecep:pron="ðiː">the</w>
         <c> </c>
         <w xml:id="bjl92-286770"
            n="bjl92/000206-a-1070"
            ecep:lem="rural"
            ecep:pos="j"
            ecep:reg="rural"
            ecep:spe="rural"
            ecep:syllab="2"
            ecep:pron="ˈrʊərl">rural</w>
         <c> </c>
         <w xml:id="bjl92-286780"
            n="bjl92/000206-a-1080"
            ecep:lem="throng"
            ecep:pos="n1"
            ecep:reg="throng"
            ecep:spe="throng"
            ecep:syllab="1"
            ecep:pron="θrɒŋ">throng</w>
         <pc xml:id="bjl92-286790"
             n="bjl92/000206-a-1090"
             ecep:lem=";"
             ecep:pos=";"
             ecep:reg=";"
             ecep:spe=";">;</pc>
      </l>
      <l xml:id="bjl92-l13155">
         <c> </c>
         <w xml:id="bjl92-286800"
            n="bjl92/000206-a-1100"
            ecep:lem="your"
            ecep:pos="po22"
            ecep:reg="Your"
            ecep:spe="Your"
            ecep:syllab="1"
            ecep:pron="jɔː">Your</w>
         <c> </c>
         <w xml:id="bjl92-286810"
            n="bjl92/000206-a-1110"
            ecep:lem="presence"
            ecep:pos="n1"
            ecep:reg="presence"
            ecep:spe="presence"
            ecep:syllab="2"
            ecep:pron="ˈprezns">presence</w>
         <c> </c>
         <w xml:id="bjl92-286820"
            n="bjl92/000206-a-1120"
            ecep:lem="will"
            ecep:pos="vmd"
            ecep:reg="would"
            ecep:spe="would"
            ecep:syllab="1"
            ecep:pron="wʊd">would</w>
         <c> </c>
         <w xml:id="bjl92-286830"
            n="bjl92/000206-a-1130"
            ecep:lem="enhance"
            ecep:pos="vvi"
            ecep:reg="enhance"
            ecep:spe="enhance"
            ecep:syllab="2"
            ecep:pron="ɪnˈhɑːns">enhance</w>
         <c> </c>
         <w xml:id="bjl92-286840"
            n="bjl92/000206-a-1140"
            ecep:lem="our"
            ecep:pos="po12"
            ecep:reg="our"
            ecep:spe="our"
            ecep:syllab="1"
            ecep:pron="æə">our</w>
         <c> </c>
         <w xml:id="bjl92-286850"
            n="bjl92/000206-a-1150"
            ecep:lem="glee"
            ecep:pos="n1"
            ecep:reg="glee"
            ecep:spe="glee"
            ecep:syllab="1"
            ecep:pron="gliː">glee</w>
         <pc xml:id="bjl92-286860"
             n="bjl92/000206-a-1160"
             ecep:lem=","
             ecep:pos=","
             ecep:reg=","
             ecep:spe=",">,</pc>
      </l>
      <l rendition="#h_4" xml:id="bjl92-l13160">
         <c> </c>
         <w xml:id="bjl92-286870"
            n="bjl92/000206-a-1170"
            ecep:lem="and"
            ecep:pos="cc"
            ecep:reg="And"
            ecep:spe="And"
            ecep:syllab="1"
            ecep:pron="ænd">And</w>
         <c> </c>
         <w xml:id="bjl92-286880"
            n="bjl92/000206-a-1180"
            ecep:lem="sweet"
            ecep:pos="av-j"
            ecep:reg="sweetly"
            ecep:spe="sweetly"
            ecep:syllab="2"
            ecep:pron="swiːtli">sweetly</w>
         <c> </c>
         <w xml:id="bjl92-286890"
            n="bjl92/000206-a-1190"
            ecep:lem="animate"
            ecep:pos="vvb"
            ecep:reg="animate"
            ecep:spe="animate"
            ecep:syllab="3"
            ecep:pron="ˈænɪmət">animate</w>
         <c> </c>
         <w xml:id="bjl92-286900"
            n="bjl92/000206-a-1200"
            ecep:lem="my"
            ecep:pos="po11"
            ecep:reg="my"
            ecep:spe="my"
            ecep:syllab="1"
            ecep:pron="maɪ">my</w>
         <c> </c>
         <w xml:id="bjl92-286910"
            n="bjl92/000206-a-1210"
            ecep:lem="song"
            ecep:pos="n1"
            ecep:reg="song"
            ecep:spe="song"
            ecep:syllab="1"
            ecep:pron="sɒŋ">song</w>
         <pc xml:id="bjl92-286920"
             n="bjl92/000206-a-1220"
             unit="sentence"
             ecep:lem="."
             ecep:pos="."
             ecep:reg="."
             ecep:spe=".">.</pc>
         <c> </c>
      </l>
   </lg>
</div>
