<?xml version="1.0" encoding="utf-8"?>
<!DOCTYPE div
  SYSTEM "about:legacy-compat">
<div xmlns:ecep="http://www.eighteenthcenturypoetry.org/ns"
     xmlns="http://www.tei-c.org/ns/1.0"
     xmlns:tei="http://www.tei-c.org/ns/1.0"
     ana="#iamb #tetrameter #trimeter #ballad #cross #quatrain #song"
     corresp="#txt_EgerSa1668_w0035"
     decls="#semi-normalized"
     ecep:syllab="8.6.8.6"
     met="-+|-+|-+|-+/ -+|-+|-+/ -+|-+|-+|-+/ -+|-+|-+/"
     rendition="#lgvspace"
     rhyme="abab"
     subtype="eceptext"
     type="poem"
     xml:id="pse03-w0350">
   <link target="authors.xml#aut_EgerSa1668" type="author"/>
   <head type="main">
      <w xml:id="pse03-129020"
         n="a-1010"
         ecep:lem="a"
         ecep:pos="dt"
         ecep:reg="A"
         ecep:spe="A"
         ecep:syllab="1"
         ecep:pron="ə">A</w>
      <c> </c>
      <w xml:id="pse03-129030"
         n="a-1020"
         ecep:lem="song"
         ecep:pos="n1"
         ecep:reg="SONG"
         ecep:spe="SONG"
         ecep:syllab="1"
         ecep:pron="sɒŋ">SONG</w>
      <pc xml:id="pse03-129040"
          n="a-1030"
          unit="sentence"
          ecep:lem="."
          ecep:pos="."
          ecep:reg="."
          ecep:spe=".">.</pc>
   </head>
   <lg xml:id="pse03-s00280">
      <l n="1" xml:id="pse03-l07025">
         <hi rendition="#sc">
            <w xml:id="pse03-129070"
               n="a-1040"
               ecep:lem="when"
               ecep:pos="c-crq"
               ecep:reg="When"
               ecep:spe="When"
               ecep:syllab="1"
               ecep:pron="wen">When</w>
         </hi>
         <c> </c>
         <w xml:id="pse03-129080"
            n="a-1050"
            ecep:lem="first"
            ecep:pos="ord"
            ecep:reg="first"
            ecep:spe="first"
            ecep:syllab="1"
            ecep:pron="ˈfɜːst">first</w>
         <c> </c>
         <w xml:id="pse03-129090"
            n="a-1060"
            ecep:lem="i"
            ecep:pos="pns11"
            ecep:reg="I"
            ecep:spe="I"
            ecep:syllab="1"
            ecep:pron="aɪ">I</w>
         <c> </c>
         <w xml:id="pse03-129100"
            n="a-1070"
            ecep:lem="see"
            ecep:pos="vvd"
            ecep:reg="saw"
            ecep:spe="saw"
            ecep:syllab="1"
            ecep:pron="sɔː">saw</w>
         <c> </c>
         <hi>
            <w xml:id="pse03-129110.1"
               n="a-1080"
               rend="plain_apostrophe"
               ecep:lem="laurinda"
               ecep:pos="npg1"
               ecep:reg="Laurinda's"
               ecep:spe="Laurinda's"
               ecep:syllab="3"
               ecep:pron="lɔːrˈɪndəz">Laurinda's</w>
         </hi>
         <c> </c>
         <w xml:id="pse03-129120"
            n="a-1090"
            ecep:lem="face"
            ecep:pos="n1"
            ecep:reg="Face"
            ecep:spe="Face"
            ecep:syllab="1"
            ecep:pron="feɪs">Face</w>
         <pc xml:id="pse03-129130"
             n="a-1100"
             ecep:lem=","
             ecep:pos=","
             ecep:reg=","
             ecep:spe=",">,</pc>
      </l>
      <l n="2" xml:id="pse03-l07030">
         <c> </c>
         <w xml:id="pse03-129140"
            n="a-1110"
            ecep:lem="i"
            ecep:pos="pns11"
            ecep:reg="I"
            ecep:spe="I"
            ecep:syllab="1"
            ecep:pron="aɪ">I</w>
         <c> </c>
         <w xml:id="pse03-129150"
            n="a-1120"
            ecep:lem="bless"
            ecep:pos="vvd"
            ecep:reg="blessed"
            ecep:spe="bless'd"
            ecep:syllab="1"
            ecep:pron="ˈblesɪd">bless'd</w>
         <c> </c>
         <w xml:id="pse03-129160"
            n="a-1130"
            ecep:lem="the"
            ecep:pos="dt"
            ecep:reg="the"
            ecep:spe="the"
            ecep:syllab="1"
            ecep:pron="ðiː">the</w>
         <c> </c>
         <w xml:id="pse03-129170"
            n="a-1140"
            ecep:lem="dear"
            ecep:pos="j-jn"
            ecep:reg="dear"
            ecep:spe="dear"
            ecep:syllab="1"
            ecep:pron="dɪə">dear</w>
         <c> </c>
         <w xml:id="pse03-129180"
            n="a-1150"
            ecep:lem="surprise"
            ecep:pos="n1"
            ecep:reg="Surprise"
            ecep:spe="Surprize"
            ecep:syllab="2"
            ecep:pron="səˈpraɪz">Surprize</w>
         <pc xml:id="pse03-129190"
             n="a-1160"
             ecep:lem=","
             ecep:pos=","
             ecep:reg=","
             ecep:spe=",">,</pc>
      </l>
      <l n="3" xml:id="pse03-l07035">
         <c> </c>
         <w xml:id="pse03-129200"
            n="a-1170"
            ecep:lem="for"
            ecep:pos="c-acp"
            ecep:reg="For"
            ecep:spe="For"
            ecep:syllab="1"
            ecep:pron="fɔː">For</w>
         <c> </c>
         <w xml:id="pse03-129210"
            n="a-1180"
            ecep:lem="there"
            ecep:pos="pc-acp"
            ecep:reg="there"
            ecep:spe="there"
            ecep:syllab="1"
            ecep:pron="ðeə">there</w>
         <c> </c>
         <w xml:id="pse03-129220"
            n="a-1190"
            ecep:lem="be"
            ecep:pos="vbds"
            ecep:reg="was"
            ecep:spe="was"
            ecep:syllab="1"
            ecep:pron="wɒz">was</w>
         <c> </c>
         <w xml:id="pse03-129230"
            n="a-1200"
            ecep:lem="sport"
            ecep:pos="vvg"
            ecep:reg="sporting"
            ecep:spe="sporting"
            ecep:syllab="2"
            ecep:pron="spɔːtɪŋ">sporting</w>
         <c> </c>
         <w xml:id="pse03-129240"
            n="a-1210"
            ecep:lem="every"
            ecep:pos="d"
            ecep:reg="every"
            ecep:spe="every"
            ecep:syllab="2"
            ecep:pron="ˈevri">every</w>
         <c> </c>
         <w xml:id="pse03-129250"
            n="a-1220"
            ecep:lem="grace"
            ecep:pos="n1"
            ecep:reg="Grace"
            ecep:spe="Grace"
            ecep:syllab="1"
            ecep:pron="greɪs">Grace</w>
         <pc xml:id="pse03-129260"
             n="a-1230"
             ecep:lem=";"
             ecep:pos=";"
             ecep:reg=";"
             ecep:spe=";">;</pc>
      </l>
      <l n="4" xml:id="pse03-l07040">
         <c> </c>
         <w xml:id="pse03-129270"
            n="a-1240"
            ecep:lem="love"
            ecep:pos="np1-n"
            ecep:reg="Love"
            ecep:spe="Love"
            ecep:syllab="1"
            ecep:pron="lʌv">Love</w>
         <c> </c>
         <w xml:id="pse03-129280"
            n="a-1250"
            ecep:lem="wanton"
            ecep:pos="vvd"
            ecep:reg="wantoned"
            ecep:spe="wanton'd"
            ecep:syllab="2"
            ecep:pron="ˈwɒntənd">wanton'd</w>
         <c> </c>
         <w xml:id="pse03-129290"
            n="a-1260"
            ecep:lem="in"
            ecep:pos="p-acp"
            ecep:reg="in"
            ecep:spe="in"
            ecep:syllab="1"
            ecep:pron="ɪn">in</w>
         <c> </c>
         <w xml:id="pse03-129300"
            n="a-1270"
            ecep:lem="her"
            ecep:pos="po31"
            ecep:reg="her"
            ecep:spe="her"
            ecep:syllab="1"
            ecep:pron="hɜː">her</w>
         <c> </c>
         <w xml:id="pse03-129310"
            n="a-1280"
            ecep:lem="eye"
            ecep:pos="n2"
            ecep:reg="Eyes"
            ecep:spe="Eyes"
            ecep:syllab="1"
            ecep:pron="aɪz">Eyes</w>
         <pc xml:id="pse03-129320"
             n="a-1290"
             unit="sentence"
             ecep:lem="."
             ecep:pos="."
             ecep:reg="."
             ecep:spe=".">.</pc>
         <c> </c>
      </l>
   </lg>
   <lg xml:id="pse03-s00285">
      <l n="5" xml:id="pse03-l07045">
         <w xml:id="pse03-129350"
            n="a-1300"
            ecep:lem="a"
            ecep:pos="dt"
            ecep:reg="A"
            ecep:spe="A"
            ecep:syllab="1"
            ecep:pron="ə">A</w>
         <c> </c>
         <w xml:id="pse03-129360"
            n="a-1310"
            ecep:lem="thousand"
            ecep:pos="crd"
            ecep:reg="thousand"
            ecep:spe="thousand"
            ecep:syllab="2"
            ecep:pron="ˈθaʊznd">thousand</w>
         <c> </c>
         <w xml:id="pse03-129370"
            n="a-1320"
            ecep:lem="way"
            ecep:pos="n2"
            ecep:reg="ways"
            ecep:spe="ways"
            ecep:syllab="1"
            ecep:pron="weɪz">ways</w>
         <c> </c>
         <w xml:id="pse03-129380"
            n="a-1330"
            ecep:lem="she"
            ecep:pos="pns31"
            ecep:reg="she"
            ecep:spe="she"
            ecep:syllab="1"
            ecep:pron="ʃiː">she</w>
         <c> </c>
         <w xml:id="pse03-129390"
            n="a-1340"
            ecep:lem="have"
            ecep:pos="vhz"
            ecep:reg="has"
            ecep:spe="has"
            ecep:syllab="1"
            ecep:pron="hæz">has</w>
         <c> </c>
         <w xml:id="pse03-129400"
            n="a-1350"
            ecep:lem="to"
            ecep:pos="p-acp"
            ecep:reg="to"
            ecep:spe="to"
            ecep:syllab="1"
            ecep:pron="tuː">to</w>
         <c> </c>
         <w xml:id="pse03-129410"
            n="a-1360"
            ecep:lem="move"
            ecep:pos="vvi"
            ecep:reg="move"
            ecep:spe="move"
            ecep:syllab="1"
            ecep:pron="muːv">move</w>
         <pc xml:id="pse03-129420"
             n="a-1370"
             ecep:lem=","
             ecep:pos=","
             ecep:reg=","
             ecep:spe=",">,</pc>
      </l>
      <l n="6" xml:id="pse03-l07050">
         <c> </c>
         <w xml:id="pse03-129430"
            n="a-1380"
            ecep:lem="not"
            ecep:pos="xx"
            ecep:reg="Not"
            ecep:spe="Not"
            ecep:syllab="1"
            ecep:pron="nɒt">Not</w>
         <c> </c>
         <w xml:id="pse03-129440"
            n="a-1390"
            ecep:lem="look"
            ecep:pos="vvz"
            ecep:reg="Looks"
            ecep:spe="Looks"
            ecep:syllab="1"
            ecep:pron="lʊks">Looks</w>
         <c> </c>
         <w xml:id="pse03-129450"
            n="a-1400"
            ecep:lem="and"
            ecep:pos="cc"
            ecep:reg="and"
            ecep:spe="and"
            ecep:syllab="1"
            ecep:pron="ænd">and</w>
         <c> </c>
         <w xml:id="pse03-129460"
            n="a-1410"
            ecep:lem="smile"
            ecep:pos="n2"
            ecep:reg="Smiles"
            ecep:spe="Smiles"
            ecep:syllab="1"
            ecep:pron="smaɪlz">Smiles</w>
         <c> </c>
         <w xml:id="pse03-129470"
            n="a-1420"
            ecep:lem="alone"
            ecep:pos="av-j"
            ecep:reg="alone"
            ecep:spe="alone"
            ecep:syllab="2"
            ecep:pron="əˈləʊn">alone</w>
         <pc xml:id="pse03-129480"
             n="a-1430"
             ecep:lem=","
             ecep:pos=","
             ecep:reg=","
             ecep:spe=",">,</pc>
      </l>
      <l n="7" xml:id="pse03-l07055">
         <c> </c>
         <w xml:id="pse03-129490"
            n="a-1440"
            ecep:lem="her"
            ecep:pos="po31"
            ecep:reg="Her"
            ecep:spe="Her"
            ecep:syllab="1"
            ecep:pron="hɜː">Her</w>
         <c> </c>
         <w xml:id="pse03-129500"
            n="a-1450"
            ecep:lem="shape"
            ecep:pos="n1"
            ecep:reg="Shape"
            ecep:spe="Shape"
            ecep:syllab="1"
            ecep:pron="ʃeɪp">Shape</w>
         <c> </c>
         <w xml:id="pse03-129510"
            n="a-1460"
            ecep:lem="and"
            ecep:pos="cc"
            ecep:reg="and"
            ecep:spe="and"
            ecep:syllab="1"
            ecep:pron="ænd">and</w>
         <c> </c>
         <w xml:id="pse03-129520"
            n="a-1470"
            ecep:lem="mien"
            ecep:pos="n1"
            ecep:reg="Mien"
            ecep:spe="Mien"
            ecep:syllab="1"
            ecep:pron="miːn">Mien</w>
         <c> </c>
         <w xml:id="pse03-129530"
            n="a-1480"
            ecep:lem="may"
            ecep:pos="vmd"
            ecep:reg="might"
            ecep:spe="might"
            ecep:syllab="1"
            ecep:pron="maɪt">might</w>
         <c> </c>
         <w xml:id="pse03-129540"
            n="a-1490"
            ecep:lem="conquer"
            ecep:pos="vvi"
            ecep:reg="Conquer"
            ecep:spe="Conquer"
            ecep:syllab="2"
            ecep:pron="ˈkɒŋkə">Conquer</w>
         <c> </c>
         <hi>
            <w xml:id="pse03-129550"
               n="a-1500"
               ecep:lem="Jove"
               ecep:pos="np1"
               ecep:reg="Jove"
               ecep:spe="Jove"
               ecep:syllab="1"
               ecep:pron="ˈdʒəʊv">Jove</w>
         </hi>
         <pc xml:id="pse03-129560"
             n="a-1510"
             ecep:lem=";"
             ecep:pos=";"
             ecep:reg=";"
             ecep:spe=";">;</pc>
      </l>
      <l n="8" xml:id="pse03-l07060">
         <c> </c>
         <w xml:id="pse03-129570"
            n="a-1520"
            ecep:lem="and"
            ecep:pos="cc"
            ecep:reg="And"
            ecep:spe="And"
            ecep:syllab="1"
            ecep:pron="ænd">And</w>
         <c> </c>
         <w xml:id="pse03-129580"
            n="a-1530"
            ecep:lem="make"
            ecep:pos="vvb"
            ecep:reg="make"
            ecep:spe="make"
            ecep:syllab="1"
            ecep:pron="meɪk">make</w>
         <c> </c>
         <w xml:id="pse03-129590"
            n="a-1540"
            ecep:lem="the"
            ecep:pos="dt"
            ecep:reg="the"
            ecep:spe="the"
            ecep:syllab="1"
            ecep:pron="ðiː">the</w>
         <c> </c>
         <w xml:id="pse03-129600"
            n="a-1550"
            ecep:lem="god"
            ecep:pos="n1"
            ecep:reg="God"
            ecep:spe="God"
            ecep:syllab="1"
            ecep:pron="gɒd">God</w>
         <c> </c>
         <w xml:id="pse03-129610"
            n="a-1560"
            ecep:lem="her"
            ecep:pos="po31"
            ecep:reg="her"
            ecep:spe="her"
            ecep:syllab="1"
            ecep:pron="hɜː">her</w>
         <c> </c>
         <w xml:id="pse03-129620"
            n="a-1570"
            ecep:lem="own"
            ecep:pos="d"
            ecep:reg="own"
            ecep:spe="own"
            ecep:syllab="1"
            ecep:pron="əʊn">own</w>
         <pc xml:id="pse03-129630"
             n="a-1580"
             unit="sentence"
             ecep:lem="."
             ecep:pos="."
             ecep:reg="."
             ecep:spe=".">.</pc>
         <c> </c>
      </l>
      <pb facs="pse03/0110" n="66" rend="none"/>
   </lg>
   <lg xml:id="pse03-s00290">
      <l n="9" xml:id="pse03-l07065">
         <w xml:id="pse03-129660"
            n="a-0010"
            ecep:lem="but"
            ecep:pos="p-acp"
            ecep:reg="But"
            ecep:spe="But"
            ecep:syllab="1"
            ecep:pron="bʌt">But</w>
         <c> </c>
         <w xml:id="pse03-129670"
            n="a-0020"
            ecep:lem="oh"
            ecep:pos="uh"
            ecep:reg="o"
            ecep:spe="oh"
            ecep:syllab="1"
            ecep:pron="əʊ">oh</w>
         <pc xml:id="pse03-129680"
             n="a-0030"
             ecep:lem="!"
             ecep:pos="!"
             ecep:reg="!"
             ecep:spe="!">!</pc>
         <c> </c>
         <w xml:id="pse03-129690"
            n="a-0040"
            ecep:lem="the"
            ecep:pos="dt"
            ecep:reg="the"
            ecep:spe="the"
            ecep:syllab="1"
            ecep:pron="ðiː">the</w>
         <c> </c>
         <w xml:id="pse03-129700"
            n="a-0050"
            ecep:lem="fair"
            ecep:pos="j"
            ecep:reg="Fair"
            ecep:spe="Fair"
            ecep:syllab="1"
            ecep:pron="feə">Fair</w>
         <c> </c>
         <w xml:id="pse03-129710"
            n="a-0060"
            ecep:lem="display"
            ecep:pos="vvz"
            ecep:reg="displays"
            ecep:spe="displays"
            ecep:syllab="2"
            ecep:pron="dɪˈspleɪz">displays</w>
         <c> </c>
         <w xml:id="pse03-129720"
            n="a-0070"
            ecep:lem="her"
            ecep:pos="po31"
            ecep:reg="her"
            ecep:spe="her"
            ecep:syllab="1"
            ecep:pron="hɜː">her</w>
         <c> </c>
         <w xml:id="pse03-129730"
            n="a-0080"
            ecep:lem="charm"
            ecep:pos="n2"
            ecep:reg="Charms"
            ecep:spe="Charms"
            ecep:syllab="1"
            ecep:pron="tʃɑːmz">Charms</w>
         <pc xml:id="pse03-129740"
             n="a-0090"
             ecep:lem=","
             ecep:pos=","
             ecep:reg=","
             ecep:spe=",">,</pc>
      </l>
      <l n="10" xml:id="pse03-l07070">
         <c> </c>
         <w xml:id="pse03-129750"
            n="a-0100"
            ecep:lem="for"
            ecep:pos="p-acp"
            ecep:reg="For"
            ecep:spe="For"
            ecep:syllab="1"
            ecep:pron="fɔː">For</w>
         <c> </c>
         <w xml:id="pse03-129760"
            n="a-0110"
            ecep:lem="conquest"
            ecep:pos="n1"
            ecep:reg="Conquest"
            ecep:spe="Conquest"
            ecep:syllab="2"
            ecep:pron="ˈkɒŋkwest">Conquest</w>
         <pc xml:id="pse03-129770"
             n="a-0120"
             ecep:lem=","
             ecep:pos=","
             ecep:reg=","
             ecep:spe=",">,</pc>
         <c> </c>
         <w xml:id="pse03-129780"
            n="a-0130"
            ecep:lem="not"
            ecep:pos="xx"
            ecep:reg="not"
            ecep:spe="not"
            ecep:syllab="1"
            ecep:pron="nɒt">not</w>
         <c> </c>
         <w xml:id="pse03-129790"
            n="a-0140"
            ecep:lem="delight"
            ecep:pos="n1"
            ecep:reg="Delight"
            ecep:spe="Delight"
            ecep:syllab="2"
            ecep:pron="dɪˈlaɪt">Delight</w>
         <pc xml:id="pse03-129800"
             n="a-0150"
             ecep:lem=";"
             ecep:pos=";"
             ecep:reg=";"
             ecep:spe=";">;</pc>
      </l>
      <l n="11" xml:id="pse03-l07075">
         <c> </c>
         <w xml:id="pse03-129810"
            n="a-0160"
            ecep:lem="proud"
            ecep:pos="av-j"
            ecep:reg="Proudly"
            ecep:spe="Proudly"
            ecep:syllab="2"
            ecep:pron="praʊdli">Proudly</w>
         <c> </c>
         <w xml:id="pse03-129820"
            n="a-0170"
            ecep:lem="deny"
            ecep:pos="vvz"
            ecep:reg="denies"
            ecep:spe="denies"
            ecep:syllab="2"
            ecep:pron="dɪˈnaɪz">denies</w>
         <c> </c>
         <w xml:id="pse03-129830"
            n="a-0180"
            ecep:lem="those"
            ecep:pos="d"
            ecep:reg="those"
            ecep:spe="those"
            ecep:syllab="1"
            ecep:pron="ðəʊz">those</w>
         <c> </c>
         <w xml:id="pse03-129840"
            n="a-0190"
            ecep:lem="lovely"
            ecep:pos="j"
            ecep:reg="lovely"
            ecep:spe="lovely"
            ecep:syllab="2"
            ecep:pron="ˈlʌvli">lovely</w>
         <c> </c>
         <w xml:id="pse03-129850"
            n="a-0200"
            ecep:lem="arm"
            ecep:pos="n2"
            ecep:reg="Arms"
            ecep:spe="Arms"
            ecep:syllab="1"
            ecep:pron="ɑːmz">Arms</w>
         <pc xml:id="pse03-129860"
             n="a-0210"
             ecep:lem=","
             ecep:pos=","
             ecep:reg=","
             ecep:spe=",">,</pc>
      </l>
      <l n="12" xml:id="pse03-l07080">
         <c> </c>
         <w xml:id="pse03-129870"
            n="a-0220"
            ecep:lem="to"
            ecep:pos="p-acp"
            ecep:reg="To"
            ecep:spe="To"
            ecep:syllab="1"
            ecep:pron="tuː">To</w>
         <c> </c>
         <w xml:id="pse03-129880"
            n="a-0230"
            ecep:lem="which"
            ecep:pos="r-crq"
            ecep:reg="which"
            ecep:spe="which"
            ecep:syllab="1"
            ecep:pron="wɪtʃ">which</w>
         <c> </c>
         <w xml:id="pse03-129890"
            n="a-0240"
            ecep:lem="her"
            ecep:pos="po31"
            ecep:reg="her"
            ecep:spe="her"
            ecep:syllab="1"
            ecep:pron="hɜː">her</w>
         <c> </c>
         <w xml:id="pse03-129900"
            n="a-0250"
            ecep:lem="eye"
            ecep:pos="n2"
            ecep:reg="Eyes"
            ecep:spe="Eyes"
            ecep:syllab="1"
            ecep:pron="aɪz">Eyes</w>
         <c> </c>
         <w xml:id="pse03-129910"
            n="a-0260"
            ecep:lem="invite"
            ecep:pos="vvi"
            ecep:reg="invite"
            ecep:spe="invite"
            ecep:syllab="2"
            ecep:pron="ˈɪnvaɪt">invite</w>
         <pc xml:id="pse03-129920"
             n="a-0270"
             unit="sentence"
             ecep:lem="."
             ecep:pos="."
             ecep:reg="."
             ecep:spe=".">.</pc>
         <c> </c>
      </l>
   </lg>
</div>
