<?xml version="1.0" encoding="utf-8"?>
<!DOCTYPE div
  SYSTEM "about:legacy-compat">
<div xmlns:ecep="http://www.eighteenthcenturypoetry.org/ns"
     xmlns="http://www.tei-c.org/ns/1.0"
     xmlns:tei="http://www.tei-c.org/ns/1.0"
     ana="#iamb #tetrameter #trimeter #quatrain #cross #hymn"
     corresp="#txt_WattIs1674_w0010"
     decls="#semi-normalized"
     ecep:syllab="6.6.8.6"
     met="-+|-+|-+/ -+|-+|-+/ -+|-+|-+|-+/ -+|-+|-+/"
     rendition="#lgvspace"
     rhyme="abab"
     subtype="eceptext"
     type="poem"
     xml:id="o4672-w0100">
   <link target="authors.xml#aut_WattIs1674" type="author"/>
   <head type="main">
      <w xml:id="o4672-071980"
         n="o4672/0048-a-0300"
         ecep:lem="sincere"
         ecep:pos="j"
         ecep:reg="Sincere"
         ecep:spe="Sincere"
         ecep:syllab="2"
         ecep:pron="sɪnˈsɪə">Sincere</w>
      <c> </c>
      <w xml:id="o4672-071990"
         n="o4672/0048-a-0310"
         ecep:lem="praise"
         ecep:pos="n1"
         ecep:reg="Praise"
         ecep:spe="Praise"
         ecep:syllab="1"
         ecep:pron="preɪz">Praise</w>
      <pc xml:id="o4672-072000"
          n="o4672/0048-a-0320"
          unit="sentence"
          ecep:lem="."
          ecep:pos="."
          ecep:reg="."
          ecep:spe=".">.</pc>
   </head>
   <lg n="1" xml:id="o4672-s00545">
      <head>
         <w xml:id="o4672-072040"
            n="o4672/0048-a-0330"
            ecep:lem="i"
            ecep:pos="pns11"
            ecep:reg="I"
            ecep:spe="I."
            ecep:syllab="1"
            ecep:pron="ˈaɪ">I.</w>
         <pc unit="sentence" xml:id="o4672-072040-eos" n="o4672/0048-a-0340"/>
      </head>
      <l xml:id="o4672-l01860">
         <w xml:id="o4672-072060"
            n="o4672/0048-a-0350"
            ecep:lem="almighty"
            ecep:pos="j-jn"
            ecep:reg="ALmighty"
            ecep:spe="ALmighty"
            ecep:syllab="3"
            ecep:pron="ɔːlˈmaɪtɪ">ALmighty</w>
         <c> </c>
         <w xml:id="o4672-072070"
            n="o4672/0048-a-0360"
            ecep:lem="maker"
            ecep:pos="n1"
            ecep:reg="Maker"
            ecep:spe="Maker"
            ecep:syllab="2"
            ecep:pron="ˈmeɪkə">Maker</w>
         <c> </c>
         <w xml:id="o4672-072080"
            n="o4672/0048-a-0370"
            ecep:lem="god"
            ecep:pos="n1"
            ecep:reg="God"
            ecep:spe="God"
            ecep:syllab="1"
            ecep:pron="gɒd">God</w>
         <pc xml:id="o4672-072085"
             n="o4672/0048-a-0370"
             ecep:lem="!"
             ecep:pos="!"
             ecep:reg="!"
             ecep:spe="!">!</pc>
      </l>
      <l xml:id="o4672-l01865">
         <c> </c>
         <w xml:id="o4672-072090"
            n="o4672/0048-a-0380"
            ecep:lem="how"
            ecep:pos="q-crq"
            ecep:reg="How"
            ecep:spe="How"
            ecep:syllab="1"
            ecep:pron="haʊ">How</w>
         <c> </c>
         <w xml:id="o4672-072100"
            n="o4672/0048-a-0390"
            ecep:lem="wondrous"
            ecep:pos="j"
            ecep:reg="wondrous"
            ecep:spe="wondrous"
            ecep:syllab="2"
            ecep:pron="ˈwʌndrəs">wondrous</w>
         <c> </c>
         <w xml:id="o4672-072110"
            n="o4672/0048-a-0400"
            ecep:lem="be"
            ecep:pos="vbz"
            ecep:reg="is"
            ecep:spe="is"
            ecep:syllab="1"
            ecep:pron="ɪz">is</w>
         <c> </c>
         <w xml:id="o4672-072120"
            n="o4672/0048-a-0410"
            ecep:lem="thy"
            ecep:pos="po21"
            ecep:reg="thy"
            ecep:spe="thy"
            ecep:syllab="1"
            ecep:pron="ðaɪ">thy</w>
         <c> </c>
         <w xml:id="o4672-072130"
            n="o4672/0048-a-0420"
            ecep:lem="name"
            ecep:pos="n1"
            ecep:reg="Name"
            ecep:spe="Name"
            ecep:syllab="1"
            ecep:pron="neɪm">Name</w>
         <pc xml:id="o4672-072140"
             n="o4672/0048-a-0430"
             unit="sentence"
             ecep:lem="!"
             ecep:pos="!"
             ecep:reg="!"
             ecep:spe="!">!</pc>
         <c> </c>
      </l>
      <l xml:id="o4672-l01870">
         <w xml:id="o4672-072150"
            n="o4672/0048-a-0440"
            ecep:lem="thy"
            ecep:pos="po21"
            ecep:reg="Thy"
            ecep:spe="Thy"
            ecep:syllab="1"
            ecep:pron="ðaɪ">Thy</w>
         <c> </c>
         <w xml:id="o4672-072160"
            n="o4672/0048-a-0450"
            ecep:lem="glory"
            ecep:pos="n2"
            ecep:reg="Glories"
            ecep:spe="Glories"
            ecep:syllab="2"
            ecep:pron="ˈglɔːrɪz">Glories</w>
         <c> </c>
         <w xml:id="o4672-072170"
            n="o4672/0048-a-0460"
            ecep:lem="how"
            ecep:pos="c-crq"
            ecep:reg="how"
            ecep:spe="how"
            ecep:syllab="1"
            ecep:pron="haʊ">how</w>
         <c> </c>
         <w xml:id="o4672-072180"
            n="o4672/0048-a-0470"
            ecep:lem="diffuse"
            ecep:pos="vvn"
            ecep:reg="diffused"
            ecep:spe="diffus'd"
            ecep:syllab="2"
            ecep:pron="dɪˈfjuːzd">diffus'd</w>
         <c> </c>
         <w xml:id="o4672-072190"
            n="o4672/0048-a-0480"
            ecep:lem="abroad"
            ecep:pos="av"
            ecep:reg="abroad"
            ecep:spe="abroad"
            ecep:syllab="2"
            ecep:pron="əˈbrɔːd">abroad</w>
      </l>
      <l xml:id="o4672-l01875">
         <c> </c>
         <w xml:id="o4672-072200"
            n="o4672/0048-a-0490"
            ecep:lem="through"
            ecep:pos="p-acp"
            ecep:reg="Through"
            ecep:spe="Thro'"
            ecep:syllab="1"
            ecep:pron="θruː">Thro'</w>
         <c> </c>
         <w xml:id="o4672-072210"
            n="o4672/0048-a-0500"
            ecep:lem="the"
            ecep:pos="dt"
            ecep:reg="the"
            ecep:spe="the"
            ecep:syllab="1"
            ecep:pron="ðə">the</w>
         <c> </c>
         <w xml:id="o4672-072220"
            n="o4672/0048-a-0510"
            ecep:lem="creation"
            ecep:pos="n2"
            ecep:reg="Creations"
            ecep:spe="Creations"
            ecep:syllab="3"
            ecep:pron="kriˈeɪʃnz">Creations</w>
         <c> </c>
         <w xml:id="o4672-072230"
            n="o4672/0048-a-0520"
            ecep:lem="frame"
            ecep:pos="vvb"
            ecep:reg="Frame"
            ecep:spe="Frame"
            ecep:syllab="1"
            ecep:pron="freɪm">Frame</w>
         <pc xml:id="o4672-072240"
             n="o4672/0048-a-0530"
             unit="sentence"
             ecep:lem="!"
             ecep:pos="!"
             ecep:reg="!"
             ecep:spe="!">!</pc>
         <c> </c>
      </l>
   </lg>
   <lg n="2" xml:id="o4672-s00550">
      <head>
         <w xml:id="o4672-072280"
            n="o4672/0048-a-0540"
            ecep:lem="ii"
            ecep:pos="crd"
            ecep:reg="II"
            ecep:spe="II"
            ecep:syllab="1"
            ecep:pron="rˌəʊməntˈuː">II</w>
         <pc xml:id="o4672-072290"
             n="o4672/0048-a-0550"
             unit="sentence"
             ecep:lem="."
             ecep:pos="."
             ecep:reg="."
             ecep:spe=".">.</pc>
      </head>
      <l xml:id="o4672-l01880">
         <w xml:id="o4672-072310"
            n="o4672/0048-a-0560"
            ecep:lem="nature"
            ecep:pos="n1"
            ecep:reg="Nature"
            ecep:spe="Nature"
            ecep:syllab="2"
            ecep:pron="ˈneɪtʃə">Nature</w>
         <c> </c>
         <w xml:id="o4672-072320"
            n="o4672/0048-a-0570"
            ecep:lem="in"
            ecep:pos="p-acp"
            ecep:reg="in"
            ecep:spe="in"
            ecep:syllab="1"
            ecep:pron="ɪn">in</w>
         <c> </c>
         <w xml:id="o4672-072330"
            n="o4672/0048-a-0580"
            ecep:lem="every"
            ecep:pos="d"
            ecep:reg="every"
            ecep:spe="every"
            ecep:syllab="3"
            ecep:pron="ˈevrɪ">every</w>
         <c> </c>
         <w xml:id="o4672-072340"
            n="o4672/0048-a-0590"
            ecep:lem="dress"
            ecep:pos="n1"
            ecep:reg="Dress"
            ecep:spe="Dress"
            ecep:syllab="1"
            ecep:pron="dres">Dress</w>
      </l>
      <l xml:id="o4672-l01885">
         <c> </c>
         <w xml:id="o4672-072350"
            n="o4672/0048-a-0600"
            ecep:lem="her"
            ecep:pos="po31"
            ecep:reg="Her"
            ecep:spe="Her"
            ecep:syllab="1"
            ecep:pron="hɜː">Her</w>
         <c> </c>
         <w xml:id="o4672-072360"
            n="o4672/0048-a-0610"
            ecep:lem="humble"
            ecep:pos="j"
            ecep:reg="humble"
            ecep:spe="humble"
            ecep:syllab="2"
            ecep:pron="ˈhʌmbl">humble</w>
         <c> </c>
         <w xml:id="o4672-072370"
            n="o4672/0048-a-0620"
            ecep:lem="homage"
            ecep:pos="n1"
            ecep:reg="Homage"
            ecep:spe="Homage"
            ecep:syllab="2"
            ecep:pron="ˈhɒmɪdʒ">Homage</w>
         <c> </c>
         <w xml:id="o4672-072380"
            n="o4672/0048-a-0630"
            ecep:lem="pay"
            ecep:pos="vvz"
            ecep:reg="Pays"
            ecep:spe="Pays"
            ecep:syllab="1"
            ecep:pron="peɪz">Pays</w>
         <pc xml:id="o4672-072390"
             n="o4672/0048-a-0640"
             ecep:lem=","
             ecep:pos=","
             ecep:reg=","
             ecep:spe=",">,</pc>
      </l>
      <l xml:id="o4672-l01890">
         <c> </c>
         <w xml:id="o4672-072400"
            n="o4672/0048-a-0650"
            ecep:lem="and"
            ecep:pos="cc"
            ecep:reg="And"
            ecep:spe="And"
            ecep:syllab="1"
            ecep:pron="ænd">And</w>
         <c> </c>
         <w xml:id="o4672-072410"
            n="o4672/0048-a-0660"
            ecep:lem="take"
            ecep:pos="vvz"
            ecep:reg="takes"
            ecep:spe="takes"
            ecep:syllab="1"
            ecep:pron="teɪks">takes</w>
         <c> </c>
         <w xml:id="o4672-072420"
            n="o4672/0048-a-0670"
            ecep:lem="a"
            ecep:pos="dt"
            ecep:reg="a"
            ecep:spe="a"
            ecep:syllab="1"
            ecep:pron="ə">a</w>
         <c> </c>
         <w xml:id="o4672-072430"
            n="o4672/0048-a-0680"
            ecep:lem="thousand"
            ecep:pos="crd"
            ecep:reg="Thousand"
            ecep:spe="Thousand"
            ecep:syllab="2"
            ecep:pron="ˈθaʊzənd">Thousand</w>
         <c> </c>
         <w xml:id="o4672-072440"
            n="o4672/0048-a-0690"
            ecep:lem="way"
            ecep:pos="n2"
            ecep:reg="Ways"
            ecep:spe="Ways"
            ecep:syllab="1"
            ecep:pron="weɪz">Ways</w>
         <c> </c>
         <w xml:id="o4672-072450"
            n="o4672/0048-a-0700"
            ecep:lem="to"
            ecep:pos="pc-acp"
            ecep:reg="to"
            ecep:spe="t'"
            ecep:syllab="0"
            ecep:pron="tiː">t'</w>
         <c> </c>
         <w xml:id="o4672-072460"
            n="o4672/0048-a-0710"
            ecep:lem="express"
            ecep:pos="vvi"
            ecep:reg="express"
            ecep:spe="express"
            ecep:syllab="2"
            ecep:pron="ɪkˈspres">express</w>
      </l>
      <l xml:id="o4672-l01895">
         <c> </c>
         <w xml:id="o4672-072470"
            n="o4672/0048-a-0720"
            ecep:lem="thy"
            ecep:pos="po21"
            ecep:reg="Thine"
            ecep:spe="Thine"
            ecep:syllab="1"
            ecep:pron="ðaɪn">Thine</w>
         <c> </c>
         <w xml:id="o4672-072480"
            n="o4672/0048-a-0730"
            ecep:lem="undissembled"
            ecep:pos="j"
            ecep:reg="Undissembled"
            ecep:spe="Undissembled"
            ecep:syllab="1"
            ecep:pron="ˌʌndɪˈsembld">Undissembled</w>
         <c> </c>
         <w xml:id="o4672-072490"
            n="o4672/0048-a-0740"
            ecep:lem="praise"
            ecep:pos="n1"
            ecep:reg="Praise"
            ecep:spe="Praise"
            ecep:syllab="1"
            ecep:pron="preɪz">Praise</w>
         <pc xml:id="o4672-072500"
             n="o4672/0048-a-0750"
             unit="sentence"
             ecep:lem="."
             ecep:pos="."
             ecep:reg="."
             ecep:spe=".">.</pc>
         <c> </c>
      </l>
   </lg>
   <lg n="3" xml:id="o4672-s00555">
      <head>
         <w xml:id="o4672-072540"
            n="o4672/0048-a-0760"
            ecep:lem="iii"
            ecep:pos="crd"
            ecep:reg="III"
            ecep:spe="III"
            ecep:syllab="1"
            ecep:pron="rˌəʊmənθrˈiː">III</w>
         <pc xml:id="o4672-072550"
             n="o4672/0048-a-0770"
             unit="sentence"
             ecep:lem="."
             ecep:pos="."
             ecep:reg="."
             ecep:spe=".">.</pc>
      </head>
      <l xml:id="o4672-l01900">
         <w xml:id="o4672-072570"
            n="o4672/0048-a-0780"
            ecep:lem="in"
            ecep:pos="p-acp"
            ecep:reg="In"
            ecep:spe="In"
            ecep:syllab="1"
            ecep:pron="ɪn">In</w>
         <c> </c>
         <w xml:id="o4672-072580"
            n="o4672/0048-a-0790"
            ecep:lem="native"
            ecep:pos="j-jn"
            ecep:reg="Native"
            ecep:spe="Native"
            ecep:syllab="2"
            ecep:pron="ˈneɪtɪv">Native</w>
         <c> </c>
         <w xml:id="o4672-072590"
            n="o4672/0048-a-0800"
            ecep:lem="white"
            ecep:pos="j-jn"
            ecep:reg="White"
            ecep:spe="White"
            ecep:syllab="1"
            ecep:pron="waɪt">White</w>
         <c> </c>
         <w xml:id="o4672-072600"
            n="o4672/0048-a-0810"
            ecep:lem="and"
            ecep:pos="cc"
            ecep:reg="and"
            ecep:spe="and"
            ecep:syllab="1"
            ecep:pron="ænd">and</w>
         <c> </c>
         <w xml:id="o4672-072610"
            n="o4672/0048-a-0820"
            ecep:lem="red"
            ecep:pos="j-jn"
            ecep:reg="Red"
            ecep:spe="Red"
            ecep:syllab="1"
            ecep:pron="red">Red</w>
      </l>
      <l xml:id="o4672-l01905">
         <c> </c>
         <w xml:id="o4672-072620"
            n="o4672/0048-a-0830"
            ecep:lem="the"
            ecep:pos="dt"
            ecep:reg="The"
            ecep:spe="The"
            ecep:syllab="1"
            ecep:pron="ðə">The</w>
         <c> </c>
         <w xml:id="o4672-072630"
            n="o4672/0048-a-0840"
            ecep:lem="rose"
            ecep:pos="n1"
            ecep:reg="Rose"
            ecep:spe="Rose"
            ecep:syllab="1"
            ecep:pron="rəʊz">Rose</w>
         <c> </c>
         <w xml:id="o4672-072640"
            n="o4672/0048-a-0850"
            ecep:lem="and"
            ecep:pos="cc"
            ecep:reg="and"
            ecep:spe="and"
            ecep:syllab="1"
            ecep:pron="ænd">and</w>
         <c> </c>
         <w xml:id="o4672-072650"
            n="o4672/0048-a-0860"
            ecep:lem="Lilly"
            ecep:pos="np1"
            ecep:reg="Lilly"
            ecep:spe="Lilly"
            ecep:syllab="2"
            ecep:pron="ˈlɪli">Lilly</w>
         <c> </c>
         <w xml:id="o4672-072660"
            n="o4672/0048-a-0870"
            ecep:lem="stand"
            ecep:pos="vvb"
            ecep:reg="stand"
            ecep:spe="stand"
            ecep:syllab="1"
            ecep:pron="stænd">stand</w>
         <pc xml:id="o4672-072670"
             n="o4672/0048-a-0880"
             ecep:lem=","
             ecep:pos=","
             ecep:reg=","
             ecep:spe=",">,</pc>
      </l>
      <pb facs="o4672/0049" n="30" rend="none"/>
      <l xml:id="o4672-l01910">
         <c> </c>
         <w xml:id="o4672-072680"
            n="o4672/0049-a-0010"
            ecep:lem="and"
            ecep:pos="cc"
            ecep:reg="And"
            ecep:spe="And"
            ecep:syllab="1"
            ecep:pron="ænd">And</w>
         <c> </c>
         <w xml:id="o4672-072690"
            n="o4672/0049-a-0020"
            ecep:lem="free"
            ecep:pos="j"
            ecep:reg="free"
            ecep:spe="free"
            ecep:syllab="1"
            ecep:pron="friː">free</w>
         <c> </c>
         <w xml:id="o4672-072700"
            n="o4672/0049-a-0030"
            ecep:lem="from"
            ecep:pos="p-acp"
            ecep:reg="from"
            ecep:spe="from"
            ecep:syllab="1"
            ecep:pron="frɒm">from</w>
         <c> </c>
         <w xml:id="o4672-072710"
            n="o4672/0049-a-0040"
            ecep:lem="pride"
            ecep:pos="n1"
            ecep:reg="Pride"
            ecep:spe="Pride"
            ecep:syllab="1"
            ecep:pron="praɪd">Pride</w>
         <c> </c>
         <w xml:id="o4672-072720"
            n="o4672/0049-a-0050"
            ecep:lem="their"
            ecep:pos="po32"
            ecep:reg="their"
            ecep:spe="their"
            ecep:syllab="1"
            ecep:pron="ðeə">their</w>
         <c> </c>
         <w xml:id="o4672-072730"
            n="o4672/0049-a-0060"
            ecep:lem="beauty"
            ecep:pos="n2"
            ecep:reg="Beauties"
            ecep:spe="Beauties"
            ecep:syllab="2"
            ecep:pron="ˈbjuːtɪz">Beauties</w>
         <c> </c>
         <w xml:id="o4672-072740"
            n="o4672/0049-a-0070"
            ecep:lem="spread"
            ecep:pos="vvn"
            ecep:reg="spread"
            ecep:spe="spread"
            ecep:syllab="1"
            ecep:pron="spred">spread</w>
      </l>
      <l xml:id="o4672-l01915">
         <c> </c>
         <w xml:id="o4672-072750"
            n="o4672/0049-a-0080"
            ecep:lem="to"
            ecep:pos="pc-acp"
            ecep:reg="To"
            ecep:spe="To"
            ecep:syllab="1"
            ecep:pron="tuː">To</w>
         <c> </c>
         <w xml:id="o4672-072760"
            n="o4672/0049-a-0090"
            ecep:lem="show"
            ecep:pos="vvi"
            ecep:reg="show"
            ecep:spe="show"
            ecep:syllab="1"
            ecep:pron="ʃəʊ">show</w>
         <c> </c>
         <w xml:id="o4672-072770"
            n="o4672/0049-a-0100"
            ecep:lem="thy"
            ecep:pos="po21"
            ecep:reg="thy"
            ecep:spe="thy"
            ecep:syllab="1"
            ecep:pron="ðaɪ">thy</w>
         <c> </c>
         <w xml:id="o4672-072780"
            n="o4672/0049-a-0110"
            ecep:lem="skilful"
            ecep:pos="j"
            ecep:reg="skilful"
            ecep:spe="skilful"
            ecep:syllab="2"
            ecep:pron="ˈskɪlfʊl">skilful</w>
         <c> </c>
         <w xml:id="o4672-072790"
            n="o4672/0049-a-0120"
            ecep:lem="hand"
            ecep:pos="n1"
            ecep:reg="Hand"
            ecep:spe="Hand"
            ecep:syllab="1"
            ecep:pron="hænd">Hand</w>
         <pc xml:id="o4672-072800"
             n="o4672/0049-a-0130"
             unit="sentence"
             ecep:lem="."
             ecep:pos="."
             ecep:reg="."
             ecep:spe=".">.</pc>
         <c> </c>
      </l>
   </lg>
   <lg n="4" xml:id="o4672-s00560">
      <head>
         <w xml:id="o4672-072840"
            n="o4672/0049-a-0140"
            ecep:lem="iv"
            ecep:pos="crd"
            ecep:reg="IV"
            ecep:spe="IV"
            ecep:syllab="1"
            ecep:pron="rˌəʊmənfˈɔː">IV</w>
         <pc xml:id="o4672-072850"
             n="o4672/0049-a-0150"
             unit="sentence"
             ecep:lem="."
             ecep:pos="."
             ecep:reg="."
             ecep:spe=".">.</pc>
      </head>
      <l xml:id="o4672-l01920">
         <w xml:id="o4672-072870"
            n="o4672/0049-a-0160"
            ecep:lem="the"
            ecep:pos="dt"
            ecep:reg="The"
            ecep:spe="The"
            ecep:syllab="1"
            ecep:pron="ðə">The</w>
         <c> </c>
         <w xml:id="o4672-072880"
            n="o4672/0049-a-0170"
            ecep:lem="lark"
            ecep:pos="n1"
            ecep:reg="Lark"
            ecep:spe="Lark"
            ecep:syllab="1"
            ecep:pron="lɑːk">Lark</w>
         <c> </c>
         <w xml:id="o4672-072890"
            n="o4672/0049-a-0180"
            ecep:lem="mount"
            ecep:pos="vvz"
            ecep:reg="mounts"
            ecep:spe="mounts"
            ecep:syllab="1"
            ecep:pron="maʊnts">mounts</w>
         <c> </c>
         <w xml:id="o4672-072900"
            n="o4672/0049-a-0190"
            ecep:lem="up"
            ecep:pos="a-acp"
            ecep:reg="up"
            ecep:spe="up"
            ecep:syllab="1"
            ecep:pron="ʌp">up</w>
         <c> </c>
         <w xml:id="o4672-072910"
            n="o4672/0049-a-0200"
            ecep:lem="the"
            ecep:pos="dt"
            ecep:reg="the"
            ecep:spe="the"
            ecep:syllab="1"
            ecep:pron="ðə">the</w>
         <c> </c>
         <w xml:id="o4672-072920"
            n="o4672/0049-a-0210"
            ecep:lem="sky"
            ecep:pos="n1"
            ecep:reg="Sky"
            ecep:spe="Sky"
            ecep:syllab="1"
            ecep:pron="skaɪ">Sky</w>
      </l>
      <l xml:id="o4672-l01925">
         <c> </c>
         <w xml:id="o4672-072930"
            n="o4672/0049-a-0220"
            ecep:lem="with"
            ecep:pos="p-acp"
            ecep:reg="With"
            ecep:spe="With"
            ecep:syllab="1"
            ecep:pron="wɪð">With</w>
         <c> </c>
         <w xml:id="o4672-072940"
            n="o4672/0049-a-0230"
            ecep:lem="unambitious"
            ecep:pos="j"
            ecep:reg="Unambitious"
            ecep:spe="Unambitious"
            ecep:syllab="4"
            ecep:pron="ˌʌnæmˈbɪʃəs">Unambitious</w>
         <c> </c>
         <w xml:id="o4672-072950"
            n="o4672/0049-a-0240"
            ecep:lem="song"
            ecep:pos="n1"
            ecep:reg="Song"
            ecep:spe="Song"
            ecep:syllab="1"
            ecep:pron="sɒŋ">Song</w>
         <pc xml:id="o4672-072960"
             n="o4672/0049-a-0250"
             ecep:lem=","
             ecep:pos=","
             ecep:reg=","
             ecep:spe=",">,</pc>
      </l>
      <l xml:id="o4672-l01930">
         <c> </c>
         <w xml:id="o4672-072970"
            n="o4672/0049-a-0260"
            ecep:lem="and"
            ecep:pos="cc"
            ecep:reg="And"
            ecep:spe="And"
            ecep:syllab="1"
            ecep:pron="ænd">And</w>
         <c> </c>
         <w xml:id="o4672-072980"
            n="o4672/0049-a-0270"
            ecep:lem="bear"
            ecep:pos="vvz"
            ecep:reg="bears"
            ecep:spe="bears"
            ecep:syllab="1"
            ecep:pron="beəz">bears</w>
         <c> </c>
         <w xml:id="o4672-072990"
            n="o4672/0049-a-0280"
            ecep:lem="her"
            ecep:pos="po31"
            ecep:reg="her"
            ecep:spe="her"
            ecep:syllab="1"
            ecep:pron="hɜː">her</w>
         <c> </c>
         <w xml:id="o4672-073000"
            n="o4672/0049-a-0290"
            ecep:lem="maker"
            ecep:pos="ng1"
            ecep:reg="Maker's"
            ecep:spe="Maker's"
            ecep:syllab="2"
            ecep:pron="ˈmeɪkəz">Maker's</w>
         <c> </c>
         <w xml:id="o4672-073010"
            n="o4672/0049-a-0300"
            ecep:lem="praise"
            ecep:pos="n1"
            ecep:reg="Praise"
            ecep:spe="Praise"
            ecep:syllab="1"
            ecep:pron="preɪz">Praise</w>
         <c> </c>
         <w xml:id="o4672-073020"
            n="o4672/0049-a-0310"
            ecep:lem="on"
            ecep:pos="p-acp"
            ecep:reg="on"
            ecep:spe="on"
            ecep:syllab="1"
            ecep:pron="ɒn">on</w>
         <c> </c>
         <w xml:id="o4672-073030"
            n="o4672/0049-a-0320"
            ecep:lem="high"
            ecep:pos="j"
            ecep:reg="high"
            ecep:spe="high"
            ecep:syllab="1"
            ecep:pron="haɪ">high</w>
      </l>
      <l xml:id="o4672-l01935">
         <c> </c>
         <w xml:id="o4672-073040"
            n="o4672/0049-a-0330"
            ecep:lem="upon"
            ecep:pos="p-acp"
            ecep:reg="Upon"
            ecep:spe="Upon"
            ecep:syllab="2"
            ecep:pron="əˈpɒn">Upon</w>
         <c> </c>
         <w xml:id="o4672-073050"
            n="o4672/0049-a-0340"
            ecep:lem="her"
            ecep:pos="po31"
            ecep:reg="her"
            ecep:spe="her"
            ecep:syllab="1"
            ecep:pron="hɜː">her</w>
         <c> </c>
         <w xml:id="o4672-073060"
            n="o4672/0049-a-0350"
            ecep:lem="artless"
            ecep:pos="j"
            ecep:reg="Artless"
            ecep:spe="Artless"
            ecep:syllab="2"
            ecep:pron="ˈɑːtlɪs">Artless</w>
         <c> </c>
         <w xml:id="o4672-073070"
            n="o4672/0049-a-0360"
            ecep:lem="tongue"
            ecep:pos="n1"
            ecep:reg="Tongue"
            ecep:spe="Tongue"
            ecep:syllab="1"
            ecep:pron="tʌŋ">Tongue</w>
         <pc xml:id="o4672-073080"
             n="o4672/0049-a-0370"
             unit="sentence"
             ecep:lem="."
             ecep:pos="."
             ecep:reg="."
             ecep:spe=".">.</pc>
         <c> </c>
      </l>
   </lg>
   <lg n="5" xml:id="o4672-s00565">
      <head>
         <w xml:id="o4672-073120"
            n="o4672/0049-a-0380"
            ecep:lem="v."
            ecep:pos="crd"
            ecep:reg="V"
            ecep:spe="V."
            ecep:syllab="1"
            ecep:pron="viː">V.</w>
         <pc unit="sentence" xml:id="o4672-073120-eos" n="o4672/0049-a-0390"/>
      </head>
      <l xml:id="o4672-l01940">
         <w xml:id="o4672-073140"
            n="o4672/0049-a-0400"
            ecep:lem="my"
            ecep:pos="po11"
            ecep:reg="My"
            ecep:spe="My"
            ecep:syllab="1"
            ecep:pron="maɪ">My</w>
         <c> </c>
         <w xml:id="o4672-073150"
            n="o4672/0049-a-0410"
            ecep:lem="soul"
            ecep:pos="n1"
            ecep:reg="Soul"
            ecep:spe="Soul"
            ecep:syllab="1"
            ecep:pron="səʊl">Soul</w>
         <c> </c>
         <w xml:id="o4672-073160"
            n="o4672/0049-a-0420"
            ecep:lem="will"
            ecep:pos="vmd"
            ecep:reg="would"
            ecep:spe="would"
            ecep:syllab="1"
            ecep:pron="wʊd">would</w>
         <c> </c>
         <w xml:id="o4672-073170"
            n="o4672/0049-a-0430"
            ecep:lem="rise"
            ecep:pos="vvi"
            ecep:reg="rise"
            ecep:spe="rise"
            ecep:syllab="1"
            ecep:pron="raɪz">rise</w>
         <c> </c>
         <w xml:id="o4672-073180"
            n="o4672/0049-a-0440"
            ecep:lem="and"
            ecep:pos="cc"
            ecep:reg="and"
            ecep:spe="and"
            ecep:syllab="1"
            ecep:pron="ænd">and</w>
         <c> </c>
         <w xml:id="o4672-073190"
            n="o4672/0049-a-0450"
            ecep:lem="sing"
            ecep:pos="vvb"
            ecep:reg="Sing"
            ecep:spe="Sing"
            ecep:syllab="1"
            ecep:pron="sɪŋ">Sing</w>
      </l>
      <l xml:id="o4672-l01945">
         <c> </c>
         <w xml:id="o4672-073200"
            n="o4672/0049-a-0460"
            ecep:lem="to"
            ecep:pos="p-acp"
            ecep:reg="To"
            ecep:spe="To"
            ecep:syllab="1"
            ecep:pron="tuː">To</w>
         <c> </c>
         <w xml:id="o4672-073210"
            n="o4672/0049-a-0470"
            ecep:lem="her"
            ecep:pos="po31"
            ecep:reg="her"
            ecep:spe="her"
            ecep:syllab="1"
            ecep:pron="hɜː">her</w>
         <c> </c>
         <w xml:id="o4672-073220"
            n="o4672/0049-a-0480"
            ecep:lem="creator"
            ecep:pos="n1"
            ecep:reg="Creator"
            ecep:spe="Creator"
            ecep:syllab="3"
            ecep:pron="kriːˈeɪtə">Creator</w>
         <c> </c>
         <w xml:id="o4672-073230"
            n="o4672/0049-a-0490"
            ecep:lem="too"
            ecep:pos="av"
            ecep:reg="too"
            ecep:spe="too"
            ecep:syllab="1"
            ecep:pron="tuː">too</w>
         <pc xml:id="o4672-073240"
             n="o4672/0049-a-0500"
             ecep:lem=","
             ecep:pos=","
             ecep:reg=","
             ecep:spe=",">,</pc>
      </l>
      <l xml:id="o4672-l01950">
         <c> </c>
         <w xml:id="o4672-073250"
            n="o4672/0049-a-0510"
            ecep:lem="fain"
            ecep:pos="av"
            ecep:reg="Fain"
            ecep:spe="Fain"
            ecep:syllab="1"
            ecep:pron="feɪn">Fain</w>
         <c> </c>
         <w xml:id="o4672-073260"
            n="o4672/0049-a-0520"
            ecep:lem="will"
            ecep:pos="vmd"
            ecep:reg="would"
            ecep:spe="would"
            ecep:syllab="1"
            ecep:pron="wʊd">would</w>
         <c> </c>
         <w xml:id="o4672-073270"
            n="o4672/0049-a-0530"
            ecep:lem="my"
            ecep:pos="po11"
            ecep:reg="my"
            ecep:spe="my"
            ecep:syllab="1"
            ecep:pron="maɪ">my</w>
         <c> </c>
         <w xml:id="o4672-073280"
            n="o4672/0049-a-0540"
            ecep:lem="tongue"
            ecep:pos="n1"
            ecep:reg="Tongue"
            ecep:spe="Tongue"
            ecep:syllab="1"
            ecep:pron="tʌŋ">Tongue</w>
         <c> </c>
         <w xml:id="o4672-073290"
            n="o4672/0049-a-0550"
            ecep:lem="adore"
            ecep:pos="vvb"
            ecep:reg="adore"
            ecep:spe="adore"
            ecep:syllab="2"
            ecep:pron="əˈdɔː">adore</w>
         <c> </c>
         <w xml:id="o4672-073300"
            n="o4672/0049-a-0560"
            ecep:lem="my"
            ecep:pos="po11"
            ecep:reg="my"
            ecep:spe="my"
            ecep:syllab="1"
            ecep:pron="maɪ">my</w>
         <c> </c>
         <w xml:id="o4672-073310"
            n="o4672/0049-a-0570"
            ecep:lem="king"
            ecep:pos="n1"
            ecep:reg="King"
            ecep:spe="King"
            ecep:syllab="1"
            ecep:pron="kɪŋ">King</w>
         <pc xml:id="o4672-073320"
             n="o4672/0049-a-0580"
             ecep:lem=","
             ecep:pos=","
             ecep:reg=","
             ecep:spe=",">,</pc>
      </l>
      <l xml:id="o4672-l01955">
         <c> </c>
         <w xml:id="o4672-073330"
            n="o4672/0049-a-0590"
            ecep:lem="and"
            ecep:pos="cc"
            ecep:reg="And"
            ecep:spe="And"
            ecep:syllab="1"
            ecep:pron="ænd">And</w>
         <c> </c>
         <w xml:id="o4672-073340"
            n="o4672/0049-a-0600"
            ecep:lem="pay"
            ecep:pos="vvb"
            ecep:reg="Pay"
            ecep:spe="Pay"
            ecep:syllab="1"
            ecep:pron="peɪ">Pay</w>
         <c> </c>
         <w xml:id="o4672-073350"
            n="o4672/0049-a-0610"
            ecep:lem="the"
            ecep:pos="dt"
            ecep:reg="the"
            ecep:spe="the"
            ecep:syllab="1"
            ecep:pron="ðə">the</w>
         <c> </c>
         <w xml:id="o4672-073360"
            n="o4672/0049-a-0620"
            ecep:lem="worship"
            ecep:pos="n1"
            ecep:reg="Worship"
            ecep:spe="Worship"
            ecep:syllab="2"
            ecep:pron="ˈwɜːʃɪp">Worship</w>
         <c> </c>
         <w xml:id="o4672-073370"
            n="o4672/0049-a-0630"
            ecep:lem="due"
            ecep:pos="j-jn"
            ecep:reg="due"
            ecep:spe="due"
            ecep:syllab="1"
            ecep:pron="djuː">due</w>
         <pc xml:id="o4672-073380"
             n="o4672/0049-a-0640"
             unit="sentence"
             ecep:lem="."
             ecep:pos="."
             ecep:reg="."
             ecep:spe=".">.</pc>
         <c> </c>
      </l>
   </lg>
   <lg n="6" xml:id="o4672-s00570">
      <head>
         <w xml:id="o4672-073420"
            n="o4672/0049-a-0650"
            ecep:lem="vi"
            ecep:pos="crd"
            ecep:reg="VI"
            ecep:spe="VI"
            ecep:syllab="1"
            ecep:pron="ˈvaɪ">VI</w>
         <pc xml:id="o4672-073430"
             n="o4672/0049-a-0660"
             unit="sentence"
             ecep:lem="."
             ecep:pos="."
             ecep:reg="."
             ecep:spe=".">.</pc>
      </head>
      <l xml:id="o4672-l01960">
         <w xml:id="o4672-073450"
            n="o4672/0049-a-0670"
            ecep:lem="but"
            ecep:pos="p-acp"
            ecep:reg="But"
            ecep:spe="But"
            ecep:syllab="1"
            ecep:pron="bʌt">But</w>
         <c> </c>
         <w xml:id="o4672-073460"
            n="o4672/0049-a-0680"
            ecep:lem="pride"
            ecep:pos="n1"
            ecep:reg="Pride"
            ecep:spe="Pride"
            ecep:syllab="1"
            ecep:pron="praɪd">Pride</w>
         <c> </c>
         <w xml:id="o4672-073470"
            n="o4672/0049-a-0690"
            ecep:lem="that"
            ecep:pos="cst"
            ecep:reg="that"
            ecep:spe="that"
            ecep:syllab="1"
            ecep:pron="ðæt">that</w>
         <c> </c>
         <w xml:id="o4672-073480"
            n="o4672/0049-a-0700"
            ecep:lem="busy"
            ecep:pos="vvb"
            ecep:reg="busy"
            ecep:spe="busie"
            ecep:syllab="2"
            ecep:pron="bˈɪzi">busie</w>
         <c> </c>
         <w xml:id="o4672-073490"
            n="o4672/0049-a-0710"
            ecep:lem="sin"
            ecep:pos="n1"
            ecep:reg="Sin"
            ecep:spe="Sin"
            ecep:syllab="1"
            ecep:pron="sɪn">Sin</w>
      </l>
      <l xml:id="o4672-l01965">
         <c> </c>
         <w xml:id="o4672-073500"
            n="o4672/0049-a-0720"
            ecep:lem="spoil"
            ecep:pos="vvz"
            ecep:reg="Spoils"
            ecep:spe="Spoils"
            ecep:syllab="1"
            ecep:pron="spɔɪlz">Spoils</w>
         <c> </c>
         <w xml:id="o4672-073510"
            n="o4672/0049-a-0730"
            ecep:lem="all"
            ecep:pos="d"
            ecep:reg="all"
            ecep:spe="all"
            ecep:syllab="1"
            ecep:pron="ɔːl">all</w>
         <c> </c>
         <w xml:id="o4672-073520"
            n="o4672/0049-a-0740"
            ecep:lem="that"
            ecep:pos="cst"
            ecep:reg="that"
            ecep:spe="that"
            ecep:syllab="1"
            ecep:pron="ðæt">that</w>
         <c> </c>
         <w xml:id="o4672-073530"
            n="o4672/0049-a-0750"
            ecep:lem="i"
            ecep:pos="pns11"
            ecep:reg="I"
            ecep:spe="I"
            ecep:syllab="1"
            ecep:pron="aɪ">I</w>
         <c> </c>
         <w xml:id="o4672-073540"
            n="o4672/0049-a-0760"
            ecep:lem="perform"
            ecep:pos="vvb"
            ecep:reg="perform"
            ecep:spe="perform"
            ecep:syllab="2"
            ecep:pron="pəˈfɔːm">perform</w>
         <pc xml:id="o4672-073550"
             n="o4672/0049-a-0770"
             ecep:lem=","
             ecep:pos=","
             ecep:reg=","
             ecep:spe=",">,</pc>
      </l>
      <l xml:id="o4672-l01970">
         <c> </c>
         <w xml:id="o4672-073560"
            n="o4672/0049-a-0780"
            ecep:lem="curse"
            ecep:pos="j-vvn"
            ecep:reg="Cursed"
            ecep:spe="Curs'd"
            ecep:syllab="1"
            ecep:pron="ˈkɜːsɪd">Curs'd</w>
         <c> </c>
         <w xml:id="o4672-073570"
            n="o4672/0049-a-0790"
            ecep:lem="pride"
            ecep:pos="n1"
            ecep:reg="Pride"
            ecep:spe="Pride"
            ecep:syllab="1"
            ecep:pron="praɪd">Pride</w>
         <pc xml:id="o4672-073580"
             n="o4672/0049-a-0800"
             ecep:lem=","
             ecep:pos=","
             ecep:reg=","
             ecep:spe=",">,</pc>
         <c> </c>
         <w xml:id="o4672-073590"
            n="o4672/0049-a-0810"
            ecep:lem="that"
            ecep:pos="cst"
            ecep:reg="that"
            ecep:spe="that"
            ecep:syllab="1"
            ecep:pron="ðæt">that</w>
         <c> </c>
         <w xml:id="o4672-073600"
            n="o4672/0049-a-0820"
            ecep:lem="creep"
            ecep:pos="vvz"
            ecep:reg="creeps"
            ecep:spe="creeps"
            ecep:syllab="1"
            ecep:pron="kriːps">creeps</w>
         <c> </c>
         <w xml:id="o4672-073610"
            n="o4672/0049-a-0830"
            ecep:lem="secure"
            ecep:pos="av-j"
            ecep:reg="securely"
            ecep:spe="securely"
            ecep:syllab="3"
            ecep:pron="sɪˈkjʊəlɪ">securely</w>
         <c> </c>
         <w xml:id="o4672-073620"
            n="o4672/0049-a-0840"
            ecep:lem="in"
            ecep:pos="p-acp"
            ecep:reg="in"
            ecep:spe="in"
            ecep:syllab="1"
            ecep:pron="ɪn">in</w>
         <pc xml:id="o4672-073630"
             n="o4672/0049-a-0850"
             ecep:lem=","
             ecep:pos=","
             ecep:reg=","
             ecep:spe=",">,</pc>
      </l>
      <l xml:id="o4672-l01975">
         <c> </c>
         <w xml:id="o4672-073640"
            n="o4672/0049-a-0860"
            ecep:lem="and"
            ecep:pos="cc"
            ecep:reg="And"
            ecep:spe="And"
            ecep:syllab="1"
            ecep:pron="ænd">And</w>
         <c> </c>
         <w xml:id="o4672-073650"
            n="o4672/0049-a-0870"
            ecep:lem="swell"
            ecep:pos="vvz"
            ecep:reg="swells"
            ecep:spe="swells"
            ecep:syllab="1"
            ecep:pron="swelz">swells</w>
         <c> </c>
         <w xml:id="o4672-073660"
            n="o4672/0049-a-0880"
            ecep:lem="a"
            ecep:pos="dt"
            ecep:reg="a"
            ecep:spe="a"
            ecep:syllab="1"
            ecep:pron="ə">a</w>
         <c> </c>
         <w xml:id="o4672-073670"
            n="o4672/0049-a-0890"
            ecep:lem="haughty"
            ecep:pos="j"
            ecep:reg="haughty"
            ecep:spe="haughty"
            ecep:syllab="2"
            ecep:pron="ˈhɔːtɪ">haughty</w>
         <c> </c>
         <w xml:id="o4672-073680"
            n="o4672/0049-a-0900"
            ecep:lem="worm"
            ecep:pos="n1"
            ecep:reg="Worm"
            ecep:spe="Worm"
            ecep:syllab="1"
            ecep:pron="wɜːm">Worm</w>
         <pc xml:id="o4672-073690"
             n="o4672/0049-a-0910"
             unit="sentence"
             ecep:lem="."
             ecep:pos="."
             ecep:reg="."
             ecep:spe=".">.</pc>
         <c> </c>
      </l>
   </lg>
   <lg n="7" xml:id="o4672-s00575">
      <head>
         <w xml:id="o4672-073730"
            n="o4672/0049-a-0920"
            ecep:lem="vii"
            ecep:pos="crd"
            ecep:reg="VII"
            ecep:spe="VII"
            ecep:syllab="1"
            ecep:pron="rˌəʊmənsˈevən">VII</w>
         <pc xml:id="o4672-073740"
             n="o4672/0049-a-0930"
             unit="sentence"
             ecep:lem="."
             ecep:pos="."
             ecep:reg="."
             ecep:spe=".">.</pc>
      </head>
      <l xml:id="o4672-l01980">
         <w xml:id="o4672-073760"
            n="o4672/0049-a-0940"
            ecep:lem="thy"
            ecep:pos="po21"
            ecep:reg="Thy"
            ecep:spe="Thy"
            ecep:syllab="1"
            ecep:pron="ðaɪ">Thy</w>
         <c> </c>
         <w xml:id="o4672-073770"
            n="o4672/0049-a-0950"
            ecep:lem="glory"
            ecep:pos="n2"
            ecep:reg="Glories"
            ecep:spe="Glories"
            ecep:syllab="2"
            ecep:pron="ˈglɔːrɪz">Glories</w>
         <c> </c>
         <w xml:id="o4672-073780"
            n="o4672/0049-a-0960"
            ecep:lem="i"
            ecep:pos="pns11"
            ecep:reg="I"
            ecep:spe="I"
            ecep:syllab="1"
            ecep:pron="aɪ">I</w>
         <c> </c>
         <w xml:id="o4672-073790"
            n="o4672/0049-a-0970"
            ecep:lem="abate"
            ecep:pos="vvb"
            ecep:reg="abate"
            ecep:spe="abate"
            ecep:syllab="2"
            ecep:pron="əˈbeɪt">abate</w>
         <pc xml:id="o4672-073800"
             n="o4672/0049-a-0980"
             ecep:lem=","
             ecep:pos=","
             ecep:reg=","
             ecep:spe=",">,</pc>
      </l>
      <l xml:id="o4672-l01985">
         <c> </c>
         <w xml:id="o4672-073810"
            n="o4672/0049-a-0990"
            ecep:lem="or"
            ecep:pos="cc"
            ecep:reg="Or"
            ecep:spe="Or"
            ecep:syllab="1"
            ecep:pron="ɔː">Or</w>
         <c> </c>
         <w xml:id="o4672-073820"
            n="o4672/0049-a-1000"
            ecep:lem="praise"
            ecep:pos="vvb"
            ecep:reg="praise"
            ecep:spe="praise"
            ecep:syllab="1"
            ecep:pron="preɪz">praise</w>
         <c> </c>
         <w xml:id="o4672-073830"
            n="o4672/0049-a-1010"
            ecep:lem="thou"
            ecep:pos="pno21"
            ecep:reg="thee"
            ecep:spe="thee"
            ecep:syllab="1"
            ecep:pron="ðiː">thee</w>
         <c> </c>
         <w xml:id="o4672-073840"
            n="o4672/0049-a-1020"
            ecep:lem="with"
            ecep:pos="p-acp"
            ecep:reg="with"
            ecep:spe="with"
            ecep:syllab="1"
            ecep:pron="wɪð">with</w>
         <c> </c>
         <w xml:id="o4672-073850"
            n="o4672/0049-a-1030"
            ecep:lem="design"
            ecep:pos="n1"
            ecep:reg="Design"
            ecep:spe="Design"
            ecep:syllab="2"
            ecep:pron="dɪˈzaɪn">Design</w>
         <pc xml:id="o4672-073860"
             n="o4672/0049-a-1040"
             ecep:lem=";"
             ecep:pos=";"
             ecep:reg=";"
             ecep:spe=";">;</pc>
      </l>
      <l xml:id="o4672-l01990">
         <c> </c>
         <w xml:id="o4672-073870"
            n="o4672/0049-a-1050"
            ecep:lem="some"
            ecep:pos="d"
            ecep:reg="Some"
            ecep:spe="Some"
            ecep:syllab="1"
            ecep:pron="sʌm">Some</w>
         <c> </c>
         <w xml:id="o4672-073880"
            n="o4672/0049-a-1060"
            ecep:lem="of"
            ecep:pos="pp-f"
            ecep:reg="of"
            ecep:spe="of"
            ecep:syllab="1"
            ecep:pron="ɒv">of</w>
         <c> </c>
         <w xml:id="o4672-073890"
            n="o4672/0049-a-1070"
            ecep:lem="thy"
            ecep:pos="po21"
            ecep:reg="thy"
            ecep:spe="thy"
            ecep:syllab="1"
            ecep:pron="ðaɪ">thy</w>
         <c> </c>
         <w xml:id="o4672-073900"
            n="o4672/0049-a-1080"
            ecep:lem="favour"
            ecep:pos="n2"
            ecep:reg="Favours"
            ecep:spe="Favours"
            ecep:syllab="2"
            ecep:pron="ˈfeɪvəz">Favours</w>
         <c> </c>
         <w xml:id="o4672-073910"
            n="o4672/0049-a-1090"
            ecep:lem="i"
            ecep:pos="pns11"
            ecep:reg="I"
            ecep:spe="I"
            ecep:syllab="1"
            ecep:pron="aɪ">I</w>
         <c> </c>
         <w xml:id="o4672-073920"
            n="o4672/0049-a-1100"
            ecep:lem="forget"
            ecep:pos="vvb"
            ecep:reg="forget"
            ecep:spe="forget"
            ecep:syllab="2"
            ecep:pron="fəˈget">forget</w>
         <pc xml:id="o4672-073930"
             n="o4672/0049-a-1110"
             ecep:lem=","
             ecep:pos=","
             ecep:reg=","
             ecep:spe=",">,</pc>
      </l>
      <l xml:id="o4672-l01995">
         <c> </c>
         <w xml:id="o4672-073940"
            n="o4672/0049-a-1120"
            ecep:lem="or"
            ecep:pos="cc"
            ecep:reg="Or"
            ecep:spe="Or"
            ecep:syllab="1"
            ecep:pron="ɔː">Or</w>
         <c> </c>
         <w xml:id="o4672-073950"
            n="o4672/0049-a-1130"
            ecep:lem="will"
            ecep:pos="vmd"
            ecep:reg="would"
            ecep:spe="would"
            ecep:syllab="1"
            ecep:pron="wʊd">would</w>
         <c> </c>
         <w xml:id="o4672-073960"
            n="o4672/0049-a-1140"
            ecep:lem="have"
            ecep:pos="vhi"
            ecep:reg="have"
            ecep:spe="have"
            ecep:syllab="1"
            ecep:pron="hæv">have</w>
         <c> </c>
         <w xml:id="o4672-073970"
            n="o4672/0049-a-1150"
            ecep:lem="something"
            ecep:pos="pi"
            ecep:reg="something"
            ecep:spe="something"
            ecep:syllab="2"
            ecep:pron="ˈsʌmθɪŋ">something</w>
         <c> </c>
         <w xml:id="o4672-073980"
            n="o4672/0049-a-1160"
            ecep:lem="mine"
            ecep:pos="n1"
            ecep:reg="mine"
            ecep:spe="mine"
            ecep:syllab="1"
            ecep:pron="maɪn">mine</w>
         <pc xml:id="o4672-073990"
             n="o4672/0049-a-1170"
             unit="sentence"
             ecep:lem="."
             ecep:pos="."
             ecep:reg="."
             ecep:spe=".">.</pc>
         <c> </c>
      </l>
   </lg>
   <pb facs="o4672/0050" n="31" rend="none"/>
   <lg n="8" xml:id="o4672-s00580">
      <head>
         <w xml:id="o4672-074030"
            n="o4672/0050-a-0010"
            ecep:lem="viii"
            ecep:pos="crd"
            ecep:reg="VIII"
            ecep:spe="VIII"
            ecep:syllab="1"
            ecep:pron="rˌəʊmənˈeɪt">VIII</w>
         <pc xml:id="o4672-074040"
             n="o4672/0050-a-0020"
             unit="sentence"
             ecep:lem="."
             ecep:pos="."
             ecep:reg="."
             ecep:spe=".">.</pc>
      </head>
      <l xml:id="o4672-l02000">
         <w xml:id="o4672-074060"
            n="o4672/0050-a-0030"
            ecep:lem="the"
            ecep:pos="dt"
            ecep:reg="The"
            ecep:spe="The"
            ecep:syllab="1"
            ecep:pron="ðə">The</w>
         <c> </c>
         <w xml:id="o4672-074070"
            n="o4672/0050-a-0040"
            ecep:lem="very"
            ecep:pos="j"
            ecep:reg="very"
            ecep:spe="very"
            ecep:syllab="2"
            ecep:pron="ˈverɪ">very</w>
         <c> </c>
         <w xml:id="o4672-074080"
            n="o4672/0050-a-0050"
            ecep:lem="song"
            ecep:pos="n2"
            ecep:reg="Songs"
            ecep:spe="Songs"
            ecep:syllab="1"
            ecep:pron="sɒŋz">Songs</w>
         <c> </c>
         <w xml:id="o4672-074090"
            n="o4672/0050-a-0060"
            ecep:lem="i"
            ecep:pos="pns11"
            ecep:reg="I"
            ecep:spe="I"
            ecep:syllab="1"
            ecep:pron="aɪ">I</w>
         <c> </c>
         <w xml:id="o4672-074100"
            n="o4672/0050-a-0070"
            ecep:lem="frame"
            ecep:pos="vvb"
            ecep:reg="frame"
            ecep:spe="frame"
            ecep:syllab="1"
            ecep:pron="freɪm">frame</w>
      </l>
      <l xml:id="o4672-l02005">
         <c> </c>
         <w xml:id="o4672-074110"
            n="o4672/0050-a-0080"
            ecep:lem="be"
            ecep:pos="vbb"
            ecep:reg="Are"
            ecep:spe="Are"
            ecep:syllab="1"
            ecep:pron="ɑː">Are</w>
         <c> </c>
         <w xml:id="o4672-074120"
            n="o4672/0050-a-0090"
            ecep:lem="faithless"
            ecep:pos="j"
            ecep:reg="Faithless"
            ecep:spe="Faithless"
            ecep:syllab="2"
            ecep:pron="ˈfeɪθlɪs">Faithless</w>
         <c> </c>
         <w xml:id="o4672-074130"
            n="o4672/0050-a-0100"
            ecep:lem="to"
            ecep:pos="p-acp"
            ecep:reg="to"
            ecep:spe="to"
            ecep:syllab="1"
            ecep:pron="tuː">to</w>
         <c> </c>
         <w xml:id="o4672-074140"
            n="o4672/0050-a-0110"
            ecep:lem="thy"
            ecep:pos="po21"
            ecep:reg="thy"
            ecep:spe="thy"
            ecep:syllab="1"
            ecep:pron="ðaɪ">thy</w>
         <c> </c>
         <w xml:id="o4672-074150"
            n="o4672/0050-a-0120"
            ecep:lem="cause"
            ecep:pos="n1"
            ecep:reg="Cause"
            ecep:spe="Cause"
            ecep:syllab="1"
            ecep:pron="kɔːz">Cause</w>
         <pc xml:id="o4672-074160"
             n="o4672/0050-a-0130"
             ecep:lem=","
             ecep:pos=","
             ecep:reg=","
             ecep:spe=",">,</pc>
      </l>
      <l xml:id="o4672-l02010">
         <c> </c>
         <w xml:id="o4672-074170"
            n="o4672/0050-a-0140"
            ecep:lem="and"
            ecep:pos="cc"
            ecep:reg="And"
            ecep:spe="And"
            ecep:syllab="1"
            ecep:pron="ænd">And</w>
         <c> </c>
         <w xml:id="o4672-074180"
            n="o4672/0050-a-0150"
            ecep:lem="steal"
            ecep:pos="vvi"
            ecep:reg="steal"
            ecep:spe="steal"
            ecep:syllab="1"
            ecep:pron="stiːl">steal</w>
         <c> </c>
         <w xml:id="o4672-074190"
            n="o4672/0050-a-0160"
            ecep:lem="the"
            ecep:pos="dt"
            ecep:reg="the"
            ecep:spe="the"
            ecep:syllab="1"
            ecep:pron="ðə">the</w>
         <c> </c>
         <w xml:id="o4672-074200"
            n="o4672/0050-a-0170"
            ecep:lem="honour"
            ecep:pos="n2"
            ecep:reg="Honours"
            ecep:spe="Honours"
            ecep:syllab="1"
            ecep:pron="ˈɒnəz">Honours</w>
         <c> </c>
         <w xml:id="o4672-074210"
            n="o4672/0050-a-0180"
            ecep:lem="of"
            ecep:pos="pp-f"
            ecep:reg="of"
            ecep:spe="of"
            ecep:syllab="1"
            ecep:pron="ɒv">of</w>
         <c> </c>
         <w xml:id="o4672-074220"
            n="o4672/0050-a-0190"
            ecep:lem="thy"
            ecep:pos="po21"
            ecep:reg="thy"
            ecep:spe="thy"
            ecep:syllab="1"
            ecep:pron="ðaɪ">thy</w>
         <c> </c>
         <w xml:id="o4672-074230"
            n="o4672/0050-a-0200"
            ecep:lem="name"
            ecep:pos="n1"
            ecep:reg="Name"
            ecep:spe="Name"
            ecep:syllab="1"
            ecep:pron="neɪm">Name</w>
      </l>
      <l xml:id="o4672-l02015">
         <c> </c>
         <w xml:id="o4672-074240"
            n="o4672/0050-a-0210"
            ecep:lem="unto"
            ecep:pos="p-acp"
            ecep:reg="Unto"
            ecep:spe="Unto"
            ecep:syllab="2"
            ecep:pron="ˈʌntuː">Unto</w>
         <c> </c>
         <w xml:id="o4672-074250"
            n="o4672/0050-a-0220"
            ecep:lem="their"
            ecep:pos="po32"
            ecep:reg="their"
            ecep:spe="their"
            ecep:syllab="1"
            ecep:pron="ðeə">their</w>
         <c> </c>
         <w xml:id="o4672-074260"
            n="o4672/0050-a-0230"
            ecep:lem="own"
            ecep:pos="d"
            ecep:reg="own"
            ecep:spe="own"
            ecep:syllab="1"
            ecep:pron="əʊn">own</w>
         <c> </c>
         <w xml:id="o4672-074270"
            n="o4672/0050-a-0240"
            ecep:lem="applause"
            ecep:pos="n1"
            ecep:reg="Applause"
            ecep:spe="Applause"
            ecep:syllab="2"
            ecep:pron="əˈplɔːz">Applause</w>
         <pc xml:id="o4672-074280"
             n="o4672/0050-a-0250"
             unit="sentence"
             ecep:lem="."
             ecep:pos="."
             ecep:reg="."
             ecep:spe=".">.</pc>
         <c> </c>
      </l>
   </lg>
   <lg n="9" xml:id="o4672-s00585">
      <head>
         <w xml:id="o4672-074320"
            n="o4672/0050-a-0260"
            ecep:lem="ix"
            ecep:pos="crd"
            ecep:reg="IX"
            ecep:spe="IX"
            ecep:syllab="1"
            ecep:pron="rˌəʊmənnˈaɪn">IX</w>
         <pc xml:id="o4672-074330"
             n="o4672/0050-a-0270"
             unit="sentence"
             ecep:lem="."
             ecep:pos="."
             ecep:reg="."
             ecep:spe=".">.</pc>
      </head>
      <l xml:id="o4672-l02020">
         <w xml:id="o4672-074350"
            n="o4672/0050-a-0280"
            ecep:lem="create"
            ecep:pos="vvi"
            ecep:reg="Create"
            ecep:spe="Create"
            ecep:syllab="2"
            ecep:pron="kriːˈeɪt">Create</w>
         <c> </c>
         <w xml:id="o4672-074360"
            n="o4672/0050-a-0290"
            ecep:lem="my"
            ecep:pos="po11"
            ecep:reg="my"
            ecep:spe="my"
            ecep:syllab="1"
            ecep:pron="maɪ">my</w>
         <c> </c>
         <w xml:id="o4672-074370"
            n="o4672/0050-a-0300"
            ecep:lem="soul"
            ecep:pos="n1"
            ecep:reg="Soul"
            ecep:spe="Soul"
            ecep:syllab="1"
            ecep:pron="səʊl">Soul</w>
         <c> </c>
         <w xml:id="o4672-074380"
            n="o4672/0050-a-0310"
            ecep:lem="anew"
            ecep:pos="av"
            ecep:reg="anew"
            ecep:spe="anew"
            ecep:syllab="2"
            ecep:pron="əˈnjuː">anew</w>
         <pc xml:id="o4672-074390"
             n="o4672/0050-a-0320"
             ecep:lem=","
             ecep:pos=","
             ecep:reg=","
             ecep:spe=",">,</pc>
      </l>
      <l xml:id="o4672-l02025">
         <c> </c>
         <w xml:id="o4672-074400"
            n="o4672/0050-a-0330"
            ecep:lem="else"
            ecep:pos="av"
            ecep:reg="Else"
            ecep:spe="Else"
            ecep:syllab="1"
            ecep:pron="els">Else</w>
         <c> </c>
         <w xml:id="o4672-074410"
            n="o4672/0050-a-0340"
            ecep:lem="all"
            ecep:pos="d"
            ecep:reg="all"
            ecep:spe="all"
            ecep:syllab="1"
            ecep:pron="ɔːl">all</w>
         <c> </c>
         <w xml:id="o4672-074420"
            n="o4672/0050-a-0350"
            ecep:lem="my"
            ecep:pos="po11"
            ecep:reg="my"
            ecep:spe="my"
            ecep:syllab="1"
            ecep:pron="maɪ">my</w>
         <c> </c>
         <w xml:id="o4672-074430"
            n="o4672/0050-a-0360"
            ecep:lem="worship"
            ecep:pos="n1|vbz"
            ecep:reg="Worship's"
            ecep:spe="Worship's"
            ecep:syllab="2"
            ecep:pron="ˈwɜːʃɪpz">Worship's</w>
         <c> </c>
         <w xml:id="o4672-074440"
            n="o4672/0050-a-0370"
            ecep:lem="vain"
            ecep:pos="j"
            ecep:reg="vain"
            ecep:spe="vain"
            ecep:syllab="1"
            ecep:pron="veɪn">vain</w>
         <pc xml:id="o4672-074450"
             n="o4672/0050-a-0380"
             ecep:lem=";"
             ecep:pos=";"
             ecep:reg=";"
             ecep:spe=";">;</pc>
      </l>
      <l xml:id="o4672-l02030">
         <c> </c>
         <w xml:id="o4672-074460"
            n="o4672/0050-a-0390"
            ecep:lem="this"
            ecep:pos="d"
            ecep:reg="This"
            ecep:spe="This"
            ecep:syllab="1"
            ecep:pron="ðɪs">This</w>
         <c> </c>
         <w xml:id="o4672-074470"
            n="o4672/0050-a-0400"
            ecep:lem="wretched"
            ecep:pos="j"
            ecep:reg="wretched"
            ecep:spe="wretched"
            ecep:syllab="2"
            ecep:pron="ˈretʃɪd">wretched</w>
         <c> </c>
         <w xml:id="o4672-074480"
            n="o4672/0050-a-0410"
            ecep:lem="heart"
            ecep:pos="n1"
            ecep:reg="Heart"
            ecep:spe="Heart"
            ecep:syllab="1"
            ecep:pron="hɑːt">Heart</w>
         <c> </c>
         <w xml:id="o4672-074490"
            n="o4672/0050-a-0420"
            ecep:lem="will"
            ecep:pos="vmb"
            ecep:reg="will"
            ecep:spe="will"
            ecep:syllab="1"
            ecep:pron="wɪl">will</w>
         <c> </c>
         <w xml:id="o4672-074500"
            n="o4672/0050-a-0430"
            ecep:lem="never"
            ecep:pos="av-x"
            ecep:reg="never"
            ecep:spe="ne'er"
            ecep:syllab="1"
            ecep:pron="neə">ne'er</w>
         <c> </c>
         <w xml:id="o4672-074510"
            n="o4672/0050-a-0440"
            ecep:lem="be"
            ecep:pos="vbi"
            ecep:reg="be"
            ecep:spe="be"
            ecep:syllab="1"
            ecep:pron="biː">be</w>
         <c> </c>
         <w xml:id="o4672-074520"
            n="o4672/0050-a-0450"
            ecep:lem="true"
            ecep:pos="j"
            ecep:reg="true"
            ecep:spe="true"
            ecep:syllab="1"
            ecep:pron="truː">true</w>
      </l>
      <l xml:id="o4672-l02035">
         <c> </c>
         <w xml:id="o4672-074530"
            n="o4672/0050-a-0460"
            ecep:lem="until"
            ecep:pos="c-acp"
            ecep:reg="Until"
            ecep:spe="Until"
            ecep:syllab="2"
            ecep:pron="ʌnˈtɪl">Until</w>
         <c> </c>
         <w xml:id="o4672-074540"
            n="o4672/0050-a-0470"
            ecep:lem="it|be"
            ecep:pos="pn31|vbz"
            ecep:reg="it's"
            ecep:spe="'tis"
            ecep:syllab="1"
            ecep:pron="tɪz">'tis</w>
         <c> </c>
         <w xml:id="o4672-074550"
            n="o4672/0050-a-0480"
            ecep:lem="form"
            ecep:pos="vvn"
            ecep:reg="formed"
            ecep:spe="form'd"
            ecep:syllab="1"
            ecep:pron="fɔːmd">form'd</w>
         <c> </c>
         <w xml:id="o4672-074560"
            n="o4672/0050-a-0490"
            ecep:lem="again"
            ecep:pos="av"
            ecep:reg="again"
            ecep:spe="again"
            ecep:syllab="2"
            ecep:pron="əˈgen">again</w>
         <pc xml:id="o4672-074570"
             n="o4672/0050-a-0500"
             unit="sentence"
             ecep:lem="."
             ecep:pos="."
             ecep:reg="."
             ecep:spe=".">.</pc>
         <c> </c>
      </l>
   </lg>
   <lg n="10" xml:id="o4672-s00590">
      <head>
         <w xml:id="o4672-074610"
            n="o4672/0050-a-0510"
            ecep:lem="x."
            ecep:pos="crd"
            ecep:reg="X"
            ecep:spe="X."
            ecep:syllab="1"
            ecep:pron="ˈeks">X.</w>
         <pc unit="sentence" xml:id="o4672-074610-eos" n="o4672/0050-a-0520"/>
      </head>
      <l xml:id="o4672-l02040">
         <w xml:id="o4672-074630"
            n="o4672/0050-a-0530"
            ecep:lem="descend"
            ecep:pos="vvi"
            ecep:reg="Descend"
            ecep:spe="Descend"
            ecep:syllab="2"
            ecep:pron="dɪˈsend">Descend</w>
         <c> </c>
         <w xml:id="o4672-074640"
            n="o4672/0050-a-0540"
            ecep:lem="celestial"
            ecep:pos="j"
            ecep:reg="Celestial"
            ecep:spe="Celestial"
            ecep:syllab="3"
            ecep:pron="sɪˈlestɪəl">Celestial</w>
         <c> </c>
         <w xml:id="o4672-074650"
            n="o4672/0050-a-0550"
            ecep:lem="fire"
            ecep:pos="n1"
            ecep:reg="Fire"
            ecep:spe="Fire"
            ecep:syllab="2"
            ecep:pron="faɪə">Fire</w>
         <pc xml:id="o4672-074660"
             n="o4672/0050-a-0560"
             ecep:lem=","
             ecep:pos=","
             ecep:reg=","
             ecep:spe=",">,</pc>
      </l>
      <l xml:id="o4672-l02045">
         <c> </c>
         <w xml:id="o4672-074670"
            n="o4672/0050-a-0570"
            ecep:lem="and"
            ecep:pos="cc"
            ecep:reg="And"
            ecep:spe="And"
            ecep:syllab="1"
            ecep:pron="ænd">And</w>
         <c> </c>
         <w xml:id="o4672-074680"
            n="o4672/0050-a-0580"
            ecep:lem="seize"
            ecep:pos="vvb"
            ecep:reg="seize"
            ecep:spe="seize"
            ecep:syllab="1"
            ecep:pron="siːz">seize</w>
         <c> </c>
         <w xml:id="o4672-074690"
            n="o4672/0050-a-0590"
            ecep:lem="i"
            ecep:pos="pno11"
            ecep:reg="me"
            ecep:spe="me"
            ecep:syllab="1"
            ecep:pron="miː">me</w>
         <c> </c>
         <w xml:id="o4672-074700"
            n="o4672/0050-a-0600"
            ecep:lem="from"
            ecep:pos="p-acp"
            ecep:reg="from"
            ecep:spe="from"
            ecep:syllab="1"
            ecep:pron="frɒm">from</w>
         <c> </c>
         <w xml:id="o4672-074710"
            n="o4672/0050-a-0610"
            ecep:lem="above"
            ecep:pos="a-acp"
            ecep:reg="above"
            ecep:spe="above"
            ecep:syllab="2"
            ecep:pron="əˈbʌv">above</w>
         <pc xml:id="o4672-074720"
             n="o4672/0050-a-0620"
             ecep:lem=","
             ecep:pos=","
             ecep:reg=","
             ecep:spe=",">,</pc>
      </l>
      <l xml:id="o4672-l02050">
         <c> </c>
         <w xml:id="o4672-074730"
            n="o4672/0050-a-0630"
            ecep:lem="melt"
            ecep:pos="vvb"
            ecep:reg="Melt"
            ecep:spe="Melt"
            ecep:syllab="1"
            ecep:pron="melt">Melt</w>
         <c> </c>
         <w xml:id="o4672-074740"
            n="o4672/0050-a-0640"
            ecep:lem="i"
            ecep:pos="pno11"
            ecep:reg="me"
            ecep:spe="me"
            ecep:syllab="1"
            ecep:pron="miː">me</w>
         <c> </c>
         <w xml:id="o4672-074750"
            n="o4672/0050-a-0650"
            ecep:lem="in"
            ecep:pos="p-acp"
            ecep:reg="in"
            ecep:spe="in"
            ecep:syllab="1"
            ecep:pron="ɪn">in</w>
         <c> </c>
         <w xml:id="o4672-074760"
            n="o4672/0050-a-0660"
            ecep:lem="flame"
            ecep:pos="n2"
            ecep:reg="Flames"
            ecep:spe="Flames"
            ecep:syllab="1"
            ecep:pron="fleɪmz">Flames</w>
         <c> </c>
         <w xml:id="o4672-074770"
            n="o4672/0050-a-0670"
            ecep:lem="of"
            ecep:pos="pp-f"
            ecep:reg="of"
            ecep:spe="of"
            ecep:syllab="1"
            ecep:pron="ɒv">of</w>
         <c> </c>
         <w xml:id="o4672-074780"
            n="o4672/0050-a-0680"
            ecep:lem="pure"
            ecep:pos="j"
            ecep:reg="pure"
            ecep:spe="pure"
            ecep:syllab="1"
            ecep:pron="pjʊə">pure</w>
         <c> </c>
         <w xml:id="o4672-074790"
            n="o4672/0050-a-0690"
            ecep:lem="desire"
            ecep:pos="n1"
            ecep:reg="Desire"
            ecep:spe="Desire"
            ecep:syllab="3"
            ecep:pron="dɪˈzaɪə">Desire</w>
      </l>
      <l xml:id="o4672-l02055">
         <c> </c>
         <w xml:id="o4672-074800"
            n="o4672/0050-a-0700"
            ecep:lem="a"
            ecep:pos="dt"
            ecep:reg="A"
            ecep:spe="A"
            ecep:syllab="1"
            ecep:pron="ə">A</w>
         <c> </c>
         <w xml:id="o4672-074810"
            n="o4672/0050-a-0710"
            ecep:lem="sacrifice"
            ecep:pos="n1"
            ecep:reg="Sacrifice"
            ecep:spe="Sacrifice"
            ecep:syllab="3"
            ecep:pron="ˈsækrɪˌfaɪs">Sacrifice</w>
         <c> </c>
         <w xml:id="o4672-074820"
            n="o4672/0050-a-0720"
            ecep:lem="to"
            ecep:pos="p-acp"
            ecep:reg="to"
            ecep:spe="to"
            ecep:syllab="1"
            ecep:pron="tuː">to</w>
         <c> </c>
         <w xml:id="o4672-074830"
            n="o4672/0050-a-0730"
            ecep:lem="love"
            ecep:pos="n1"
            ecep:reg="Love"
            ecep:spe="Love"
            ecep:syllab="1"
            ecep:pron="lʌv">Love</w>
         <pc xml:id="o4672-074840"
             n="o4672/0050-a-0740"
             unit="sentence"
             ecep:lem="."
             ecep:pos="."
             ecep:reg="."
             ecep:spe=".">.</pc>
         <c> </c>
      </l>
   </lg>
   <lg n="11" xml:id="o4672-s00595">
      <head>
         <w xml:id="o4672-074880"
            n="o4672/0050-a-0750"
            ecep:lem="xi"
            ecep:pos="crd"
            ecep:reg="XI"
            ecep:spe="XI"
            ecep:syllab="1"
            ecep:pron="zaɪ">XI</w>
         <pc xml:id="o4672-074890"
             n="o4672/0050-a-0760"
             unit="sentence"
             ecep:lem="."
             ecep:pos="."
             ecep:reg="."
             ecep:spe=".">.</pc>
      </head>
      <l xml:id="o4672-l02060">
         <w xml:id="o4672-074910"
            n="o4672/0050-a-0770"
            ecep:lem="let"
            ecep:pos="vvb"
            ecep:reg="Let"
            ecep:spe="Let"
            ecep:syllab="1"
            ecep:pron="let">Let</w>
         <c> </c>
         <w xml:id="o4672-074920"
            n="o4672/0050-a-0780"
            ecep:lem="joy"
            ecep:pos="n1"
            ecep:reg="Joy"
            ecep:spe="Joy"
            ecep:syllab="1"
            ecep:pron="dʒɔɪ">Joy</w>
         <c> </c>
         <w xml:id="o4672-074930"
            n="o4672/0050-a-0790"
            ecep:lem="and"
            ecep:pos="cc"
            ecep:reg="and"
            ecep:spe="and"
            ecep:syllab="1"
            ecep:pron="ænd">and</w>
         <c> </c>
         <w xml:id="o4672-074940"
            n="o4672/0050-a-0800"
            ecep:lem="worship"
            ecep:pos="n1"
            ecep:reg="Worship"
            ecep:spe="Worship"
            ecep:syllab="2"
            ecep:pron="ˈwɜːʃɪp">Worship</w>
         <c> </c>
         <w xml:id="o4672-074950"
            n="o4672/0050-a-0810"
            ecep:lem="spend"
            ecep:pos="vvi"
            ecep:reg="spend"
            ecep:spe="spend"
            ecep:syllab="1"
            ecep:pron="spend">spend</w>
      </l>
      <l xml:id="o4672-l02065">
         <c> </c>
         <w xml:id="o4672-074960"
            n="o4672/0050-a-0820"
            ecep:lem="the"
            ecep:pos="dt"
            ecep:reg="The"
            ecep:spe="The"
            ecep:syllab="1"
            ecep:pron="ðə">The</w>
         <c> </c>
         <w xml:id="o4672-074970"
            n="o4672/0050-a-0830"
            ecep:lem="remnant"
            ecep:pos="n1"
            ecep:reg="Remnant"
            ecep:spe="Remnant"
            ecep:syllab="2"
            ecep:pron="ˈremnənt">Remnant</w>
         <c> </c>
         <w xml:id="o4672-074980"
            n="o4672/0050-a-0840"
            ecep:lem="of"
            ecep:pos="pp-f"
            ecep:reg="of"
            ecep:spe="of"
            ecep:syllab="1"
            ecep:pron="ɒv">of</w>
         <c> </c>
         <w xml:id="o4672-074990"
            n="o4672/0050-a-0850"
            ecep:lem="my"
            ecep:pos="po11"
            ecep:reg="my"
            ecep:spe="my"
            ecep:syllab="1"
            ecep:pron="maɪ">my</w>
         <c> </c>
         <w xml:id="o4672-075000"
            n="o4672/0050-a-0860"
            ecep:lem="day"
            ecep:pos="n2"
            ecep:reg="Days"
            ecep:spe="Days"
            ecep:syllab="1"
            ecep:pron="deɪz">Days</w>
         <pc xml:id="o4672-075010"
             n="o4672/0050-a-0870"
             ecep:lem=","
             ecep:pos=","
             ecep:reg=","
             ecep:spe=",">,</pc>
      </l>
      <l xml:id="o4672-l02070">
         <c> </c>
         <w xml:id="o4672-075020"
            n="o4672/0050-a-0880"
            ecep:lem="and"
            ecep:pos="cc"
            ecep:reg="And"
            ecep:spe="And"
            ecep:syllab="1"
            ecep:pron="ænd">And</w>
         <c> </c>
         <w xml:id="o4672-075030"
            n="o4672/0050-a-0890"
            ecep:lem="to"
            ecep:pos="p-acp"
            ecep:reg="to"
            ecep:spe="to"
            ecep:syllab="1"
            ecep:pron="tuː">to</w>
         <c> </c>
         <w xml:id="o4672-075040"
            n="o4672/0050-a-0900"
            ecep:lem="my"
            ecep:pos="po11"
            ecep:reg="my"
            ecep:spe="my"
            ecep:syllab="1"
            ecep:pron="maɪ">my</w>
         <c> </c>
         <w xml:id="o4672-075050"
            n="o4672/0050-a-0910"
            ecep:lem="god"
            ecep:pos="n1"
            ecep:reg="God"
            ecep:spe="God"
            ecep:syllab="1"
            ecep:pron="gɒd">God</w>
         <c> </c>
         <w xml:id="o4672-075060"
            n="o4672/0050-a-0920"
            ecep:lem="my"
            ecep:pos="po11"
            ecep:reg="my"
            ecep:spe="my"
            ecep:syllab="1"
            ecep:pron="maɪ">my</w>
         <c> </c>
         <w xml:id="o4672-075070"
            n="o4672/0050-a-0930"
            ecep:lem="soul"
            ecep:pos="n1"
            ecep:reg="Soul"
            ecep:spe="Soul"
            ecep:syllab="1"
            ecep:pron="səʊl">Soul</w>
         <c> </c>
         <w xml:id="o4672-075080"
            n="o4672/0050-a-0940"
            ecep:lem="ascend"
            ecep:pos="vvi"
            ecep:reg="ascend"
            ecep:spe="ascend"
            ecep:syllab="2"
            ecep:pron="əˈsend">ascend</w>
      </l>
      <l xml:id="o4672-l02075">
         <c> </c>
         <w xml:id="o4672-075090"
            n="o4672/0050-a-0950"
            ecep:lem="in"
            ecep:pos="p-acp"
            ecep:reg="In"
            ecep:spe="In"
            ecep:syllab="1"
            ecep:pron="ɪn">In</w>
         <c> </c>
         <w xml:id="o4672-075100"
            n="o4672/0050-a-0960"
            ecep:lem="sweet"
            ecep:pos="j"
            ecep:reg="sweet"
            ecep:spe="sweet"
            ecep:syllab="1"
            ecep:pron="swiːt">sweet</w>
         <c> </c>
         <w xml:id="o4672-075110"
            n="o4672/0050-a-0970"
            ecep:lem="perfume"
            ecep:pos="n2"
            ecep:reg="Perfumes"
            ecep:spe="Perfumes"
            ecep:syllab="2"
            ecep:pron="ˈpɜːfjuːmz">Perfumes</w>
         <c> </c>
         <w xml:id="o4672-075120"
            n="o4672/0050-a-0980"
            ecep:lem="of"
            ecep:pos="pp-f"
            ecep:reg="of"
            ecep:spe="of"
            ecep:syllab="1"
            ecep:pron="ɒv">of</w>
         <c> </c>
         <w xml:id="o4672-075130"
            n="o4672/0050-a-0990"
            ecep:lem="praise"
            ecep:pos="n1"
            ecep:reg="Praise"
            ecep:spe="Praise"
            ecep:syllab="1"
            ecep:pron="preɪz">Praise</w>
         <pc xml:id="o4672-075140"
             n="o4672/0050-a-1000"
             unit="sentence"
             ecep:lem="."
             ecep:pos="."
             ecep:reg="."
             ecep:spe=".">.</pc>
         <c> </c>
      </l>
   </lg>
</div>
