<?xml version="1.0" encoding="utf-8"?>
<!DOCTYPE div
  SYSTEM "about:legacy-compat">
<div xmlns:ecep="http://www.eighteenthcenturypoetry.org/ns"
     xmlns="http://www.tei-c.org/ns/1.0"
     xmlns:tei="http://www.tei-c.org/ns/1.0"
     ana="#iamb #pentameter #triplet #address"
     corresp="#txt_PrioMa1664_w0111"
     decls="#semi-normalized"
     ecep:syllab="10"
     met="-+|-+|-+|-+|-+/"
     rendition="#lgvspace"
     rhyme="aaa"
     subtype="eceptext"
     type="poem"
     xml:id="pmp18-w1080">
   <link target="authors.xml#aut_PrioMa1664" type="author"/>
   <head type="main">
      <w xml:id="pmp18-0621450"
         n="a-0010"
         ecep:lem="write"
         ecep:pos="vvn"
         ecep:reg="Written"
         ecep:spe="Written"
         ecep:syllab="2"
         ecep:pron="ˈrɪtn">Written</w>
      <c> </c>
      <w xml:id="pmp18-0621460"
         n="a-0020"
         ecep:lem="in"
         ecep:pos="p-acp"
         ecep:reg="in"
         ecep:spe="in"
         ecep:syllab="1"
         ecep:pron="ɪn">in</w>
      <c> </c>
      <hi rendition="#sc">
         <w xml:id="pmp18-0621470"
            n="a-0030"
            ecep:lem="montaigne"
            ecep:pos="npg1"
            ecep:reg="Montaigne's"
            ecep:spe="Montaigne's"
            ecep:syllab="3"
            ecep:pron="mɒnˈteɪnz">Montaigne's</w>
      </hi>
      <c> </c>
      <w xml:id="pmp18-0621480"
         n="a-0040"
         ecep:lem="essay"
         ecep:pos="n2"
         ecep:reg="Essays"
         ecep:spe="Essays"
         ecep:syllab="2"
         ecep:pron="ˈeseɪz">Essays</w>
      <pc xml:id="pmp18-0621490"
          n="a-0050"
          ecep:lem=","
          ecep:pos=","
          ecep:reg=","
          ecep:spe=",">,</pc>
      <c> </c>
      <w xml:id="pmp18-0621500"
         n="a-0060"
         ecep:lem="give"
         ecep:pos="vvn"
         ecep:reg="Given"
         ecep:spe="Given"
         ecep:syllab="2"
         ecep:pron="ˈgɪvn">Given</w>
      <c> </c>
      <w xml:id="pmp18-0621510"
         n="a-0070"
         ecep:lem="to"
         ecep:pos="p-acp"
         ecep:reg="to"
         ecep:spe="to"
         ecep:syllab="1"
         ecep:pron="tuː">to</w>
      <c> </c>
      <w xml:id="pmp18-0621520"
         n="a-0080"
         ecep:lem="the"
         ecep:pos="dt"
         ecep:reg="the"
         ecep:spe="the"
         ecep:syllab="1"
         ecep:pron="ðiː">the</w>
      <c> </c>
      <w xml:id="pmp18-0621530"
         n="a-0090"
         ecep:lem="duke"
         ecep:pos="n1"
         ecep:reg="Duke"
         ecep:spe="Duke"
         ecep:syllab="1"
         ecep:pron="dʒuːk">Duke</w>
      <c> </c>
      <w xml:id="pmp18-0621540"
         n="a-0100"
         ecep:lem="of"
         ecep:pos="pp-f"
         ecep:reg="of"
         ecep:spe="of"
         ecep:syllab="1"
         ecep:pron="ɒv">of</w>
      <c> </c>
      <hi rendition="#sc">
         <w xml:id="pmp18-0621550"
            n="a-0110"
            ecep:lem="Shrewsbury"
            ecep:pos="np1"
            ecep:reg="Shrewsbury"
            ecep:spe="Shrewsbury"
            ecep:syllab="3"
            ecep:pron="ˈʃrəʊzbəri">Shrewsbury</w>
      </hi>
      <c> </c>
      <w xml:id="pmp18-0621560"
         n="a-0120"
         ecep:lem="in"
         ecep:pos="p-acp"
         ecep:reg="in"
         ecep:spe="in"
         ecep:syllab="1"
         ecep:pron="ɪn">in</w>
      <c> </c>
      <hi rendition="#sc">
         <w xml:id="pmp18-0621570"
            n="a-0130"
            ecep:lem="France"
            ecep:pos="np1"
            ecep:reg="France"
            ecep:spe="France"
            ecep:syllab="1"
            ecep:pron="ˈfrɑːns">France</w>
      </hi>
      <pc xml:id="pmp18-0621580"
          n="a-0140"
          ecep:lem=","
          ecep:pos=","
          ecep:reg=","
          ecep:spe=",">,</pc>
      <c> </c>
      <w xml:id="pmp18-0621590"
         n="a-0150"
         ecep:lem="after"
         ecep:pos="p-acp"
         ecep:reg="after"
         ecep:spe="after"
         ecep:syllab="2"
         ecep:pron="ˈɑːftə">after</w>
      <c> </c>
      <w xml:id="pmp18-0621600"
         n="a-0160"
         ecep:lem="the"
         ecep:pos="dt"
         ecep:reg="the"
         ecep:spe="the"
         ecep:syllab="1"
         ecep:pron="ðiː">the</w>
      <c> </c>
      <w xml:id="pmp18-0621610"
         n="a-0170"
         ecep:lem="peace"
         ecep:pos="n1"
         ecep:reg="Peace"
         ecep:spe="Peace"
         ecep:syllab="1"
         ecep:pron="piːs">Peace</w>
      <pc xml:id="pmp18-0621620"
          n="a-0180"
          ecep:lem=","
          ecep:pos=","
          ecep:reg=","
          ecep:spe=",">,</pc>
      <c> </c>
      <w xml:id="pmp18-0621630"
         n="a-0190"
         ecep:lem="1713."
         ecep:pos="crd"
         ecep:reg="1713."
         ecep:spe="1713."
         ecep:syllab="1"
         ecep:pron="wˈɒnθˈaʊzəndsˈevənhˈʌndrədənθˈɜːtiːn">1713.</w>
      <pc unit="sentence" xml:id="pmp18-0621630-eos" n="a-0200"/>
   </head>
   <lg xml:id="pmp18-s03810">
      <l n="1" xml:id="pmp18-l30535">
         <hi rendition="#sc">
            <w xml:id="pmp18-0621660"
               n="a-0210"
               ecep:lem="dictate"
               ecep:pos="vvi"
               ecep:reg="Dictate"
               ecep:spe="Dictate"
               ecep:syllab="2"
               ecep:pron="ˈdɪkteɪt">Dictate</w>
         </hi>
         <pc xml:id="pmp18-0621670"
             n="a-0220"
             ecep:lem=","
             ecep:pos=","
             ecep:reg=","
             ecep:spe=",">,</pc>
         <c> </c>
         <w xml:id="pmp18-0621680"
            n="a-0230"
            ecep:lem="o"
            ecep:pos="uh"
            ecep:reg="OH"
            ecep:spe="O"
            ecep:syllab="1"
            ecep:pron="əʊ">O</w>
         <c> </c>
         <w xml:id="pmp18-0621690"
            n="a-0240"
            ecep:lem="mighty"
            ecep:pos="j"
            ecep:reg="mighty"
            ecep:spe="mighty"
            ecep:syllab="2"
            ecep:pron="ˈmaɪti">mighty</w>
         <c> </c>
         <w xml:id="pmp18-0621700"
            n="a-0250"
            ecep:lem="judge"
            ecep:pos="n1"
            ecep:reg="Judge"
            ecep:spe="Judge"
            ecep:syllab="1"
            ecep:pron="dʒʌdʒ">Judge</w>
         <pc xml:id="pmp18-0621710"
             n="a-0260"
             ecep:lem=","
             ecep:pos=","
             ecep:reg=","
             ecep:spe=",">,</pc>
         <c> </c>
         <w xml:id="pmp18-0621720"
            n="a-0270"
            ecep:lem="what"
            ecep:pos="r-crq"
            ecep:reg="what"
            ecep:spe="what"
            ecep:syllab="1"
            ecep:pron="wɒt">what</w>
         <c> </c>
         <w xml:id="pmp18-0621730"
            n="a-0280"
            ecep:lem="thou"
            ecep:pos="pns21"
            ecep:reg="Thou"
            ecep:spe="Thou"
            ecep:syllab="1"
            ecep:pron="θaʊ">Thou</w>
         <c> </c>
         <w xml:id="pmp18-0621740"
            n="a-0290"
            ecep:lem="have"
            ecep:pos="vh2"
            ecep:reg="hast"
            ecep:spe="hast"
            ecep:syllab="1"
            ecep:pron="hæst">hast</w>
         <c> </c>
         <w xml:id="pmp18-0621750"
            n="a-0300"
            ecep:lem="see"
            ecep:pos="vvn"
            ecep:reg="seen"
            ecep:spe="seen"
            ecep:syllab="1"
            ecep:pron="siːn">seen</w>
      </l>
      <l n="2" xml:id="pmp18-l30540">
         <c> </c>
         <w xml:id="pmp18-0621760"
            n="a-0310"
            ecep:lem="of"
            ecep:pos="pp-f"
            ecep:reg="Of"
            ecep:spe="Of"
            ecep:syllab="1"
            ecep:pron="ɒv">Of</w>
         <c> </c>
         <w xml:id="pmp18-0621770"
            n="a-0320"
            ecep:lem="city"
            ecep:pos="n2"
            ecep:reg="Cities"
            ecep:spe="Cities"
            ecep:syllab="2"
            ecep:pron="ˈsɪtiz">Cities</w>
         <pc xml:id="pmp18-0621780"
             n="a-0330"
             ecep:lem=","
             ecep:pos=","
             ecep:reg=","
             ecep:spe=",">,</pc>
         <c> </c>
         <w xml:id="pmp18-0621790"
            n="a-0340"
            ecep:lem="and"
            ecep:pos="cc"
            ecep:reg="and"
            ecep:spe="and"
            ecep:syllab="1"
            ecep:pron="ænd">and</w>
         <c> </c>
         <w xml:id="pmp18-0621800"
            n="a-0350"
            ecep:lem="of"
            ecep:pos="pp-f"
            ecep:reg="of"
            ecep:spe="of"
            ecep:syllab="1"
            ecep:pron="ɒv">of</w>
         <c> </c>
         <w xml:id="pmp18-0621810"
            n="a-0360"
            ecep:lem="court"
            ecep:pos="n2"
            ecep:reg="Courts"
            ecep:spe="Courts"
            ecep:syllab="1"
            ecep:pron="kɔːts">Courts</w>
         <pc xml:id="pmp18-0621820"
             n="a-0370"
             ecep:lem=","
             ecep:pos=","
             ecep:reg=","
             ecep:spe=",">,</pc>
         <c> </c>
         <w xml:id="pmp18-0621830"
            n="a-0380"
            ecep:lem="of"
            ecep:pos="pp-f"
            ecep:reg="of"
            ecep:spe="of"
            ecep:syllab="1"
            ecep:pron="ɒv">of</w>
         <c> </c>
         <w xml:id="pmp18-0621840"
            n="a-0390"
            ecep:lem="book"
            ecep:pos="n2"
            ecep:reg="Books"
            ecep:spe="Books"
            ecep:syllab="1"
            ecep:pron="bʊks">Books</w>
         <pc xml:id="pmp18-0621850"
             n="a-0400"
             ecep:lem=","
             ecep:pos=","
             ecep:reg=","
             ecep:spe=",">,</pc>
         <c> </c>
         <w xml:id="pmp18-0621860"
            n="a-0410"
            ecep:lem="and"
            ecep:pos="cc"
            ecep:reg="and"
            ecep:spe="and"
            ecep:syllab="1"
            ecep:pron="ænd">and</w>
         <c> </c>
         <w xml:id="pmp18-0621870"
            n="a-0420"
            ecep:lem="man"
            ecep:pos="n2"
            ecep:reg="Men"
            ecep:spe="Men"
            ecep:syllab="1"
            ecep:pron="men">Men</w>
         <pc xml:id="pmp18-0621880"
             n="a-0430"
             ecep:lem=";"
             ecep:pos=";"
             ecep:reg=";"
             ecep:spe=";">;</pc>
      </l>
      <l n="3" xml:id="pmp18-l30545">
         <c> </c>
         <w xml:id="pmp18-0621890"
            n="a-0440"
            ecep:lem="and"
            ecep:pos="cc"
            ecep:reg="And"
            ecep:spe="And"
            ecep:syllab="1"
            ecep:pron="ænd">And</w>
         <c> </c>
         <w xml:id="pmp18-0621900"
            n="a-0450"
            ecep:lem="deign"
            ecep:pos="vvb"
            ecep:reg="deign"
            ecep:spe="deign"
            ecep:syllab="1"
            ecep:pron="deɪn">deign</w>
         <c> </c>
         <w xml:id="pmp18-0621910"
            n="a-0460"
            ecep:lem="to"
            ecep:pos="pc-acp"
            ecep:reg="to"
            ecep:spe="to"
            ecep:syllab="1"
            ecep:pron="tuː">to</w>
         <c> </c>
         <w xml:id="pmp18-0621920"
            n="a-0470"
            ecep:lem="let"
            ecep:pos="vvi"
            ecep:reg="let"
            ecep:spe="let"
            ecep:syllab="1"
            ecep:pron="let">let</w>
         <c> </c>
         <w xml:id="pmp18-0621930"
            n="a-0480"
            ecep:lem="thy"
            ecep:pos="po21"
            ecep:reg="Thy"
            ecep:spe="Thy"
            ecep:syllab="1"
            ecep:pron="ðaɪ">Thy</w>
         <c> </c>
         <w xml:id="pmp18-0621940"
            n="a-0490"
            ecep:lem="servant"
            ecep:pos="n1"
            ecep:reg="Servant"
            ecep:spe="Servant"
            ecep:syllab="2"
            ecep:pron="ˈsɜːvnt">Servant</w>
         <c> </c>
         <w xml:id="pmp18-0621950"
            n="a-0500"
            ecep:lem="hold"
            ecep:pos="vvi"
            ecep:reg="hold"
            ecep:spe="hold"
            ecep:syllab="1"
            ecep:pron="həʊld">hold</w>
         <c> </c>
         <w xml:id="pmp18-0621960"
            n="a-0510"
            ecep:lem="the"
            ecep:pos="dt"
            ecep:reg="the"
            ecep:spe="the"
            ecep:syllab="1"
            ecep:pron="ðiː">the</w>
         <c> </c>
         <w xml:id="pmp18-0621970"
            n="a-0520"
            ecep:lem="pen"
            ecep:pos="n1"
            ecep:reg="Pen"
            ecep:spe="Pen"
            ecep:syllab="1"
            ecep:pron="pen">Pen</w>
         <pc unit="sentence"
             xml:id="pmp18-0621970-eos"
             n="a-0530"
             ecep:lem="."
             ecep:pos="."
             ecep:reg="."
             ecep:spe=".">.</pc>
         <c> </c>
      </l>
   </lg>
   <lg xml:id="pmp18-s03815">
      <l n="4" xml:id="pmp18-l30550">
         <w xml:id="pmp18-0622000"
            n="a-0540"
            ecep:lem="through"
            ecep:pos="p-acp"
            ecep:reg="Through"
            ecep:spe="Thro'"
            ecep:syllab="1"
            ecep:pron="θruː">Thro'</w>
         <c> </c>
         <w xml:id="pmp18-0622010"
            n="a-0550"
            ecep:lem="age"
            ecep:pos="n2"
            ecep:reg="Ages"
            ecep:spe="Ages"
            ecep:syllab="2"
            ecep:pron="eɪdʒɪz">Ages</w>
         <c> </c>
         <w xml:id="pmp18-0622020"
            n="a-0560"
            ecep:lem="thus"
            ecep:pos="av"
            ecep:reg="thus"
            ecep:spe="thus"
            ecep:syllab="1"
            ecep:pron="ðʌs">thus</w>
         <c> </c>
         <w xml:id="pmp18-0622030"
            n="a-0570"
            ecep:lem="i"
            ecep:pos="pns11"
            ecep:reg="I"
            ecep:spe="I"
            ecep:syllab="1"
            ecep:pron="aɪ">I</w>
         <c> </c>
         <w xml:id="pmp18-0622040"
            n="a-0580"
            ecep:lem="may"
            ecep:pos="vmb"
            ecep:reg="may"
            ecep:spe="may"
            ecep:syllab="1"
            ecep:pron="meɪ">may</w>
         <c> </c>
         <w xml:id="pmp18-0622050"
            n="a-0590"
            ecep:lem="presume"
            ecep:pos="vvi"
            ecep:reg="presume"
            ecep:spe="presume"
            ecep:syllab="2"
            ecep:pron="prɪˈzjuːm">presume</w>
         <c> </c>
         <w xml:id="pmp18-0622060"
            n="a-0600"
            ecep:lem="to"
            ecep:pos="pc-acp"
            ecep:reg="to"
            ecep:spe="to"
            ecep:syllab="1"
            ecep:pron="tuː">to</w>
         <c> </c>
         <w xml:id="pmp18-0622070"
            n="a-0610"
            ecep:lem="live"
            ecep:pos="vvi"
            ecep:reg="live"
            ecep:spe="live"
            ecep:syllab="1"
            ecep:pron="lɪv">live</w>
         <pc xml:id="pmp18-0622080"
             n="a-0620"
             ecep:lem=";"
             ecep:pos=";"
             ecep:reg=";"
             ecep:spe=";">;</pc>
      </l>
      <l n="5" xml:id="pmp18-l30555">
         <c> </c>
         <w xml:id="pmp18-0622090"
            n="a-0630"
            ecep:lem="and"
            ecep:pos="cc"
            ecep:reg="And"
            ecep:spe="And"
            ecep:syllab="1"
            ecep:pron="ænd">And</w>
         <c> </c>
         <w xml:id="pmp18-0622100"
            n="a-0640"
            ecep:lem="from"
            ecep:pos="p-acp"
            ecep:reg="from"
            ecep:spe="from"
            ecep:syllab="1"
            ecep:pron="frɒm">from</w>
         <c> </c>
         <w xml:id="pmp18-0622110"
            n="a-0650"
            ecep:lem="the"
            ecep:pos="dt"
            ecep:reg="the"
            ecep:spe="the"
            ecep:syllab="1"
            ecep:pron="ðiː">the</w>
         <c> </c>
         <w xml:id="pmp18-0622120"
            n="a-0660"
            ecep:lem="transcript"
            ecep:pos="n1"
            ecep:reg="Transcript"
            ecep:spe="Transcript"
            ecep:syllab="2"
            ecep:pron="ˈtrænskrɪpt">Transcript</w>
         <c> </c>
         <w xml:id="pmp18-0622130"
            n="a-0670"
            ecep:lem="of"
            ecep:pos="pp-f"
            ecep:reg="of"
            ecep:spe="of"
            ecep:syllab="1"
            ecep:pron="ɒv">of</w>
         <c> </c>
         <w xml:id="pmp18-0622140"
            n="a-0680"
            ecep:lem="thy"
            ecep:pos="po21"
            ecep:reg="Thy"
            ecep:spe="Thy"
            ecep:syllab="1"
            ecep:pron="ðaɪ">Thy</w>
         <c> </c>
         <w xml:id="pmp18-0622150"
            n="a-0690"
            ecep:lem="prose"
            ecep:pos="n1"
            ecep:reg="Prose"
            ecep:spe="Prose"
            ecep:syllab="1"
            ecep:pron="prəʊz">Prose</w>
         <c> </c>
         <w xml:id="pmp18-0622160"
            n="a-0700"
            ecep:lem="receive"
            ecep:pos="vvi"
            ecep:reg="receive"
            ecep:spe="receive"
            ecep:syllab="2"
            ecep:pron="rɪˈsiːv">receive</w>
         <pc xml:id="pmp18-0622170"
             n="a-0710"
             ecep:lem=","
             ecep:pos=","
             ecep:reg=","
             ecep:spe=",">,</pc>
      </l>
      <l n="6" xml:id="pmp18-l30560">
         <c> </c>
         <w xml:id="pmp18-0622180"
            n="a-0720"
            ecep:lem="what"
            ecep:pos="q-crq"
            ecep:reg="What"
            ecep:spe="What"
            ecep:syllab="1"
            ecep:pron="wɒt">What</w>
         <c> </c>
         <w xml:id="pmp18-0622190"
            n="a-0730"
            ecep:lem="my"
            ecep:pos="po11"
            ecep:reg="my"
            ecep:spe="my"
            ecep:syllab="1"
            ecep:pron="maɪ">my</w>
         <c> </c>
         <w xml:id="pmp18-0622200"
            n="a-0740"
            ecep:lem="own"
            ecep:pos="d"
            ecep:reg="own"
            ecep:spe="own"
            ecep:syllab="1"
            ecep:pron="əʊn">own</w>
         <c> </c>
         <w xml:id="pmp18-0622210"
            n="a-0750"
            ecep:lem="short-lived"
            ecep:pos="j"
            ecep:reg="short-lived"
            ecep:spe="short-liv'd"
            ecep:syllab="2"
            ecep:pron="ˌʃɔːtˈlɪvd">short-liv'd</w>
         <c> </c>
         <w xml:id="pmp18-0622220"
            n="a-0760"
            ecep:lem="verse"
            ecep:pos="n1"
            ecep:reg="Verse"
            ecep:spe="Verse"
            ecep:syllab="1"
            ecep:pron="vɜːs">Verse</w>
         <c> </c>
         <w xml:id="pmp18-0622230"
            n="a-0770"
            ecep:lem="can"
            ecep:pos="vmb"
            ecep:reg="can"
            ecep:spe="can"
            ecep:syllab="1"
            ecep:pron="kæn">can</w>
         <c> </c>
         <w xml:id="pmp18-0622240"
            n="a-0780"
            ecep:lem="never"
            ecep:pos="av-x"
            ecep:reg="never"
            ecep:spe="never"
            ecep:syllab="2"
            ecep:pron="ˈnevə">never</w>
         <c> </c>
         <w xml:id="pmp18-0622250"
            n="a-0790"
            ecep:lem="give"
            ecep:pos="vvi"
            ecep:reg="give"
            ecep:spe="give"
            ecep:syllab="1"
            ecep:pron="gɪv">give</w>
         <pc xml:id="pmp18-0622260"
             n="a-0800"
             unit="sentence"
             ecep:lem="."
             ecep:pos="."
             ecep:reg="."
             ecep:spe=".">.</pc>
         <c> </c>
      </l>
   </lg>
   <lg xml:id="pmp18-s03820">
      <l n="7" xml:id="pmp18-l30565">
         <w xml:id="pmp18-0622290"
            n="a-0810"
            ecep:lem="thus"
            ecep:pos="av"
            ecep:reg="Thus"
            ecep:spe="Thus"
            ecep:syllab="1"
            ecep:pron="ðʌs">Thus</w>
         <c> </c>
         <w xml:id="pmp18-0622300"
            n="a-0820"
            ecep:lem="shall"
            ecep:pos="vmb"
            ecep:reg="shall"
            ecep:spe="shall"
            ecep:syllab="1"
            ecep:pron="ʃæl">shall</w>
         <c> </c>
         <w xml:id="pmp18-0622310"
            n="a-0830"
            ecep:lem="fair"
            ecep:pos="j"
            ecep:reg="fair"
            ecep:spe="fair"
            ecep:syllab="1"
            ecep:pron="feə">fair</w>
         <c> </c>
         <hi rendition="#sc">
            <w xml:id="pmp18-0622320"
               n="a-0840"
               ecep:lem="Britain"
               ecep:pos="np1"
               ecep:reg="Britain"
               ecep:spe="Britain"
               ecep:syllab="2"
               ecep:pron="ˈbrɪtən">Britain</w>
         </hi>
         <c> </c>
         <w xml:id="pmp18-0622330"
            n="a-0850"
            ecep:lem="with"
            ecep:pos="p-acp"
            ecep:reg="with"
            ecep:spe="with"
            ecep:syllab="1"
            ecep:pron="wɪð">with</w>
         <c> </c>
         <w xml:id="pmp18-0622340"
            n="a-0860"
            ecep:lem="a"
            ecep:pos="dt"
            ecep:reg="a"
            ecep:spe="a"
            ecep:syllab="1"
            ecep:pron="ə">a</w>
         <c> </c>
         <w xml:id="pmp18-0622350"
            n="a-0870"
            ecep:lem="gracious"
            ecep:pos="j"
            ecep:reg="gracious"
            ecep:spe="gracious"
            ecep:syllab="2"
            ecep:pron="ˈgreɪʃəs">gracious</w>
         <c> </c>
         <w xml:id="pmp18-0622360"
            n="a-0880"
            ecep:lem="smile"
            ecep:pos="n1"
            ecep:reg="Smile"
            ecep:spe="Smile"
            ecep:syllab="1"
            ecep:pron="smaɪl">Smile</w>
      </l>
      <l n="8" xml:id="pmp18-l30570">
         <c> </c>
         <w xml:id="pmp18-0622370"
            n="a-0890"
            ecep:lem="accept"
            ecep:pos="vvb"
            ecep:reg="Accept"
            ecep:spe="Accept"
            ecep:syllab="2"
            ecep:pron="əkˈsept">Accept</w>
         <c> </c>
         <w xml:id="pmp18-0622380"
            n="a-0900"
            ecep:lem="the"
            ecep:pos="dt"
            ecep:reg="the"
            ecep:spe="the"
            ecep:syllab="1"
            ecep:pron="ðiː">the</w>
         <c> </c>
         <w xml:id="pmp18-0622390"
            n="a-0910"
            ecep:lem="work"
            ecep:pos="n1"
            ecep:reg="Work"
            ecep:spe="Work"
            ecep:syllab="1"
            ecep:pron="wɜːk">Work</w>
         <pc xml:id="pmp18-0622400"
             n="a-0920"
             ecep:lem=";"
             ecep:pos=";"
             ecep:reg=";"
             ecep:spe=";">;</pc>
         <c> </c>
         <w xml:id="pmp18-0622410"
            n="a-0930"
            ecep:lem="and"
            ecep:pos="cc"
            ecep:reg="and"
            ecep:spe="and"
            ecep:syllab="1"
            ecep:pron="ænd">and</w>
         <c> </c>
         <w xml:id="pmp18-0622420"
            n="a-0940"
            ecep:lem="the"
            ecep:pos="dt"
            ecep:reg="the"
            ecep:spe="the"
            ecep:syllab="1"
            ecep:pron="ðiː">the</w>
         <c> </c>
         <w xml:id="pmp18-0622430"
            n="a-0950"
            ecep:lem="instruct"
            ecep:pos="vvn"
            ecep:reg="instructed"
            ecep:spe="instructed"
            ecep:syllab="3"
            ecep:pron="ɪnˈstrʌktɪd">instructed</w>
         <c> </c>
         <w xml:id="pmp18-0622440"
            n="a-0960"
            ecep:lem="isle"
            ecep:pos="n1"
            ecep:reg="Isle"
            ecep:spe="Isle"
            ecep:syllab="1"
            ecep:pron="aɪl">Isle</w>
         <pc xml:id="pmp18-0622450"
             n="a-0970"
             ecep:lem=","
             ecep:pos=","
             ecep:reg=","
             ecep:spe=",">,</pc>
      </l>
      <l n="9" xml:id="pmp18-l30575">
         <c> </c>
         <w xml:id="pmp18-0622460"
            n="a-0980"
            ecep:lem="for"
            ecep:pos="p-acp"
            ecep:reg="For"
            ecep:spe="For"
            ecep:syllab="1"
            ecep:pron="fɔː">For</w>
         <c> </c>
         <w xml:id="pmp18-0622470"
            n="a-0990"
            ecep:lem="more"
            ecep:pos="dc"
            ecep:reg="more"
            ecep:spe="more"
            ecep:syllab="1"
            ecep:pron="mɔː">more</w>
         <c> </c>
         <w xml:id="pmp18-0622480"
            n="a-1000"
            ecep:lem="than"
            ecep:pos="cs"
            ecep:reg="than"
            ecep:spe="than"
            ecep:syllab="1"
            ecep:pron="ðæn">than</w>
         <c> </c>
         <w xml:id="pmp18-0622490"
            n="a-1010"
            ecep:lem="treaty"
            ecep:pos="n2"
            ecep:reg="Treaties"
            ecep:spe="Treaties"
            ecep:syllab="2"
            ecep:pron="ˈtriːtiz">Treaties</w>
         <c> </c>
         <w xml:id="pmp18-0622500"
            n="a-1020"
            ecep:lem="make"
            ecep:pos="vvd"
            ecep:reg="made"
            ecep:spe="made"
            ecep:syllab="1"
            ecep:pron="meɪd">made</w>
         <pc xml:id="pmp18-0622510"
             n="a-1030"
             ecep:lem=","
             ecep:pos=","
             ecep:reg=","
             ecep:spe=",">,</pc>
         <c> </c>
         <w xml:id="pmp18-0622520"
            n="a-1040"
            ecep:lem="shall"
            ecep:pos="vmb"
            ecep:reg="shall"
            ecep:spe="shall"
            ecep:syllab="1"
            ecep:pron="ʃæl">shall</w>
         <c> </c>
         <w xml:id="pmp18-0622530"
            n="a-1050"
            ecep:lem="bless"
            ecep:pos="vvi"
            ecep:reg="bless"
            ecep:spe="bless"
            ecep:syllab="1"
            ecep:pron="bles">bless</w>
         <c> </c>
         <w xml:id="pmp18-0622540"
            n="a-1060"
            ecep:lem="my"
            ecep:pos="po11"
            ecep:reg="my"
            ecep:spe="my"
            ecep:syllab="1"
            ecep:pron="maɪ">my</w>
         <c> </c>
         <w xml:id="pmp18-0622550"
            n="a-1070"
            ecep:lem="toil"
            ecep:pos="n1"
            ecep:reg="Toil"
            ecep:spe="Toil"
            ecep:syllab="1"
            ecep:pron="tɔɪl">Toil</w>
         <pc xml:id="pmp18-0622560"
             n="a-1080"
             unit="sentence"
             ecep:lem="."
             ecep:pos="."
             ecep:reg="."
             ecep:spe=".">.</pc>
         <c> </c>
      </l>
   </lg>
   <lg xml:id="pmp18-s03825">
      <l n="10" xml:id="pmp18-l30580">
         <w xml:id="pmp18-0622590"
            n="a-1090"
            ecep:lem="nor"
            ecep:pos="ccx"
            ecep:reg="Nor"
            ecep:spe="Nor"
            ecep:syllab="1"
            ecep:pron="nɔː">Nor</w>
         <c> </c>
         <w xml:id="pmp18-0622600"
            n="a-1100"
            ecep:lem="long"
            ecep:pos="av-jc"
            ecep:reg="longer"
            ecep:spe="longer"
            ecep:syllab="2"
            ecep:pron="lɒŋgə">longer</w>
         <c> </c>
         <w xml:id="pmp18-0622610"
            n="a-1110"
            ecep:lem="hence"
            ecep:pos="av"
            ecep:reg="hence"
            ecep:spe="hence"
            ecep:syllab="1"
            ecep:pron="hens">hence</w>
         <c> </c>
         <w xml:id="pmp18-0622620"
            n="a-1120"
            ecep:lem="the"
            ecep:pos="dt"
            ecep:reg="the"
            ecep:spe="the"
            ecep:syllab="1"
            ecep:pron="ðiː">the</w>
         <c> </c>
         <hi rendition="#sc">
            <w xml:id="pmp18-0622630"
               n="a-1130"
               ecep:lem="Gallic"
               ecep:pos="np1"
               ecep:reg="Gallic"
               ecep:spe="Gallic"
               ecep:syllab="2"
               ecep:pron="ˈgælɪk">Gallic</w>
         </hi>
         <c> </c>
         <w xml:id="pmp18-0622640"
            n="a-1140"
            ecep:lem="style"
            ecep:pos="n1"
            ecep:reg="Style"
            ecep:spe="Style"
            ecep:syllab="1"
            ecep:pron="staɪl">Style</w>
         <c> </c>
         <w xml:id="pmp18-0622650"
            n="a-1150"
            ecep:lem="prefer"
            ecep:pos="vvd"
            ecep:reg="preferred"
            ecep:spe="preferr'd"
            ecep:syllab="2"
            ecep:pron="prɪˈfɜːd">preferr'd</w>
         <pc xml:id="pmp18-0622660"
             n="a-1160"
             ecep:lem=","
             ecep:pos=","
             ecep:reg=","
             ecep:spe=",">,</pc>
      </l>
      <l n="11" xml:id="pmp18-l30585">
         <c> </c>
         <w xml:id="pmp18-0622670"
            n="a-1170"
            ecep:lem="wisdom"
            ecep:pos="n1"
            ecep:reg="Wisdom"
            ecep:spe="Wisdom"
            ecep:syllab="2"
            ecep:pron="ˈwɪzdəm">Wisdom</w>
         <c> </c>
         <w xml:id="pmp18-0622680"
            n="a-1180"
            ecep:lem="in"
            ecep:pos="p-acp"
            ecep:reg="in"
            ecep:spe="in"
            ecep:syllab="1"
            ecep:pron="ɪn">in</w>
         <c> </c>
         <hi rendition="#sc">
            <w xml:id="pmp18-0622690"
               n="a-1190"
               ecep:lem="english"
               ecep:pos="jp"
               ecep:reg="English"
               ecep:spe="English"
               ecep:syllab="2"
               ecep:pron="ˈɪŋglɪʃ">English</w>
         </hi>
         <c> </c>
         <hi>
            <w xml:id="pmp18-0622700"
               n="a-1200"
               ecep:lem="idiom"
               ecep:pos="n1"
               ecep:reg="Idiom"
               ecep:spe="Idiom"
               ecep:syllab="3"
               ecep:pron="ˈɪdiəm">Idiom</w>
         </hi>
         <c> </c>
         <w xml:id="pmp18-0622710"
            n="a-1210"
            ecep:lem="shall"
            ecep:pos="vmb"
            ecep:reg="shall"
            ecep:spe="shall"
            ecep:syllab="1"
            ecep:pron="ʃæl">shall</w>
         <c> </c>
         <w xml:id="pmp18-0622720"
            n="a-1220"
            ecep:lem="be"
            ecep:pos="vbi"
            ecep:reg="be"
            ecep:spe="be"
            ecep:syllab="1"
            ecep:pron="biː">be</w>
         <c> </c>
         <w xml:id="pmp18-0622730"
            n="a-1230"
            ecep:lem="hear"
            ecep:pos="vvn"
            ecep:reg="heard"
            ecep:spe="heard"
            ecep:syllab="1"
            ecep:pron="hɜːd">heard</w>
         <pc xml:id="pmp18-0622740"
             n="a-1240"
             ecep:lem=";"
             ecep:pos=";"
             ecep:reg=";"
             ecep:spe=";">;</pc>
      </l>
      <l n="12" xml:id="pmp18-l30590">
         <c> </c>
         <w xml:id="pmp18-0622750"
            n="a-1250"
            ecep:lem="while"
            ecep:pos="cs"
            ecep:reg="While"
            ecep:spe="While"
            ecep:syllab="1"
            ecep:pron="ˈwaɪl">While</w>
         <c> </c>
         <hi rendition="#sc">
            <w xml:id="pmp18-0622760"
               n="a-1260"
               ecep:lem="TALBOT"
               ecep:pos="np1"
               ecep:reg="Talbot"
               ecep:spe="Talbot"
               ecep:syllab="2"
               ecep:pron="ˈtɔːlbət">Talbot</w>
         </hi>
         <c> </c>
         <w xml:id="pmp18-0622770"
            n="a-1270"
            ecep:lem="tell"
            ecep:pos="vvz"
            ecep:reg="tells"
            ecep:spe="tells"
            ecep:syllab="1"
            ecep:pron="telz">tells</w>
         <c> </c>
         <w xml:id="pmp18-0622780"
            n="a-1280"
            ecep:lem="the"
            ecep:pos="dt"
            ecep:reg="the"
            ecep:spe="the"
            ecep:syllab="1"
            ecep:pron="ðiː">the</w>
         <c> </c>
         <w xml:id="pmp18-0622790"
            n="a-1290"
            ecep:lem="world"
            ecep:pos="n1"
            ecep:reg="World"
            ecep:spe="World"
            ecep:syllab="1"
            ecep:pron="wɜːld">World</w>
         <pc xml:id="pmp18-0622800"
             n="a-1300"
             ecep:lem=","
             ecep:pos=","
             ecep:reg=","
             ecep:spe=",">,</pc>
         <c> </c>
         <w xml:id="pmp18-0622810"
            n="a-1310"
            ecep:lem="where"
            ecep:pos="c-crq"
            ecep:reg="where"
            ecep:spe="where"
            ecep:syllab="1"
            ecep:pron="weə">where</w>
         <c> </c>
         <hi rendition="#sc">
            <w xml:id="pmp18-0622820"
               n="a-1320"
               ecep:lem="MONTAIGNE"
               ecep:pos="np1"
               ecep:reg="Montaigne"
               ecep:spe="Montaigne"
               ecep:syllab="2"
               ecep:pron="mɒnˈteɪn">Montaigne</w>
         </hi>
         <c> </c>
         <w xml:id="pmp18-0622830"
            n="a-1330"
            ecep:lem="err"
            ecep:pos="vvd"
            ecep:reg="erred"
            ecep:spe="err'd"
            ecep:syllab="1"
            ecep:pron="ɜːd">err'd</w>
         <pc xml:id="pmp18-0622840"
             n="a-1340"
             unit="sentence"
             ecep:lem="."
             ecep:pos="."
             ecep:reg="."
             ecep:spe=".">.</pc>
         <c> </c>
      </l>
   </lg>
</div>
