<?xml version="1.0" encoding="utf-8"?>
<!DOCTYPE div
  SYSTEM "about:legacy-compat">
<div xmlns:ecep="http://www.eighteenthcenturypoetry.org/ns"
     xmlns="http://www.tei-c.org/ns/1.0"
     xmlns:tei="http://www.tei-c.org/ns/1.0"
     ana="#iamb #tetrameter #trimeter #sestet #tail #occasional"
     corresp="#txt_AlcoMa1741_w0002"
     decls="#semi-normalized"
     ecep:syllab="8.8.6.8.8.6"
     met="-+|-+|-+|-+/ -+|-+|-+|-+/ -+|-+|-+/ -+|-+|-+|-+/ -+|-+|-+|-+/ -+|-+|-+/"
     rendition="#lgvspace"
     rhyme="aabccb"
     subtype="eceptext"
     type="poem"
     xml:id="pma99-w0020">
   <link target="authors.xml#aut_AlcoMa1741" type="author"/>
   <head type="main">
      <w xml:id="pma99-046050"
         n="041-a-0010"
         ecep:lem="write"
         ecep:pos="vvn"
         ecep:reg="WRITTEN"
         ecep:spe="WRITTEN"
         ecep:syllab="2"
         ecep:pron="ˈrɪtn">WRITTEN</w>
      <c> </c>
      <w xml:id="pma99-046060"
         n="041-a-0020"
         ecep:lem="on"
         ecep:pos="p-acp"
         ecep:reg="ON"
         ecep:spe="ON"
         ecep:syllab="1"
         ecep:pron="ɒn">ON</w>
      <c> </c>
      <w xml:id="pma99-046070"
         n="041-a-0030"
         ecep:lem="new"
         ecep:pos="j"
         ecep:reg="NEW"
         ecep:spe="NEW"
         ecep:syllab="1"
         ecep:pron="njuː">NEW</w>
      <c> </c>
      <w xml:id="pma99-046080"
         n="041-a-0040"
         ecep:lem="year"
         ecep:pos="ng1"
         ecep:reg="YEAR'S"
         ecep:spe="YEAR'S"
         ecep:syllab="1"
         ecep:pron="ˈjɪəz">YEAR'S</w>
      <c> </c>
      <w xml:id="pma99-046090"
         n="041-a-0050"
         ecep:lem="day"
         ecep:pos="n1"
         ecep:reg="DAY"
         ecep:spe="DAY"
         ecep:syllab="1"
         ecep:pron="deɪ">DAY</w>
      <pc xml:id="pma99-046100"
          n="041-a-0060"
          unit="sentence"
          ecep:lem="."
          ecep:pos="."
          ecep:reg="."
          ecep:spe=".">.</pc>
   </head>
   <lg xml:id="pma99-s00075">
      <l n="1" xml:id="pma99-l00245">
         <hi rendition="#sc">
            <w xml:id="pma99-046130"
               n="041-a-0070"
               ecep:lem="do"
               ecep:pos="vdz"
               ecep:reg="Does"
               ecep:spe="Doth"
               ecep:syllab="1"
               ecep:pron="dʌθ">Doth</w>
         </hi>
         <c> </c>
         <w xml:id="pma99-046140"
            n="041-a-0080"
            ecep:lem="not"
            ecep:pos="xx"
            ecep:reg="not"
            ecep:spe="not"
            ecep:syllab="1"
            ecep:pron="nɒt">not</w>
         <pc xml:id="pma99-046150"
             n="041-a-0090"
             ecep:lem=","
             ecep:pos=","
             ecep:reg=","
             ecep:spe=",">,</pc>
         <c> </c>
         <w xml:id="pma99-046160"
            n="041-a-0100"
            ecep:lem="my"
            ecep:pos="po11"
            ecep:reg="my"
            ecep:spe="my"
            ecep:syllab="1"
            ecep:pron="maɪ">my</w>
         <c> </c>
         <w xml:id="pma99-046170"
            n="041-a-0110"
            ecep:lem="soul"
            ecep:pos="n1"
            ecep:reg="soul"
            ecep:spe="soul"
            ecep:syllab="1"
            ecep:pron="səʊl">soul</w>
         <pc xml:id="pma99-046180"
             n="041-a-0120"
             ecep:lem=","
             ecep:pos=","
             ecep:reg=","
             ecep:spe=",">,</pc>
         <c> </c>
         <w xml:id="pma99-046190"
            n="041-a-0130"
            ecep:lem="each"
            ecep:pos="d"
            ecep:reg="each"
            ecep:spe="each"
            ecep:syllab="1"
            ecep:pron="iːtʃ">each</w>
         <c> </c>
         <w xml:id="pma99-046200"
            n="041-a-0140"
            ecep:lem="circle"
            ecep:pos="j-vvg"
            ecep:reg="circling"
            ecep:spe="circling"
            ecep:syllab="3"
            ecep:pron="ˈsɜːklɪŋ">circling</w>
         <c> </c>
         <w xml:id="pma99-046210"
            n="041-a-0150"
            ecep:lem="year"
            ecep:pos="n1"
            ecep:reg="year"
            ecep:spe="year"
            ecep:syllab="1"
            ecep:pron="jɪə">year</w>
      </l>
      <l n="2" xml:id="pma99-l00250">
         <c> </c>
         <w xml:id="pma99-046220"
            n="041-a-0160"
            ecep:lem="remind"
            ecep:pos="vvi"
            ecep:reg="Remind"
            ecep:spe="Remind"
            ecep:syllab="2"
            ecep:pron="rɪˈmaɪnd">Remind</w>
         <c> </c>
         <w xml:id="pma99-046230"
            n="041-a-0170"
            ecep:lem="i"
            ecep:pos="pno11"
            ecep:reg="me"
            ecep:spe="me"
            ecep:syllab="1"
            ecep:pron="miː">me</w>
         <c> </c>
         <w xml:id="pma99-046240"
            n="041-a-0180"
            ecep:lem="that"
            ecep:pos="cst"
            ecep:reg="that"
            ecep:spe="that"
            ecep:syllab="1"
            ecep:pron="ðæt">that</w>
         <c> </c>
         <w xml:id="pma99-046250"
            n="041-a-0190"
            ecep:lem="i"
            ecep:pos="pns11"
            ecep:reg="I"
            ecep:spe="I"
            ecep:syllab="1"
            ecep:pron="aɪ">I</w>
         <c> </c>
         <w xml:id="pma99-046260"
            n="041-a-0200"
            ecep:lem="must"
            ecep:pos="vmb"
            ecep:reg="must"
            ecep:spe="must"
            ecep:syllab="1"
            ecep:pron="mʌst">must</w>
         <c> </c>
         <w xml:id="pma99-046270"
            n="041-a-0210"
            ecep:lem="appear"
            ecep:pos="vvi"
            ecep:reg="appear"
            ecep:spe="appear"
            ecep:syllab="2"
            ecep:pron="əˈpɪə">appear</w>
      </l>
      <l n="3" rendition="#h_3" xml:id="pma99-l00255">
         <c> </c>
         <w xml:id="pma99-046280"
            n="041-a-0220"
            ecep:lem="before"
            ecep:pos="p-acp"
            ecep:reg="Before"
            ecep:spe="Before"
            ecep:syllab="2"
            ecep:pron="bɪˈfɔː">Before</w>
         <c> </c>
         <w xml:id="pma99-046290"
            n="041-a-0230"
            ecep:lem="my"
            ecep:pos="po11"
            ecep:reg="my"
            ecep:spe="my"
            ecep:syllab="1"
            ecep:pron="maɪ">my</w>
         <c> </c>
         <w xml:id="pma99-046300"
            n="041-a-0240"
            ecep:lem="heavenly"
            ecep:pos="j"
            ecep:reg="heavenly"
            ecep:spe="heav'nly"
            ecep:syllab="2"
            ecep:pron="ˈhevnli">heav'nly</w>
         <c> </c>
         <w xml:id="pma99-046310"
            n="041-a-0250"
            ecep:lem="king"
            ecep:pos="n1"
            ecep:reg="King"
            ecep:spe="King"
            ecep:syllab="1"
            ecep:pron="kɪŋ">King</w>
         <pc xml:id="pma99-046320"
             n="041-a-0260"
             ecep:lem=","
             ecep:pos=","
             ecep:reg=","
             ecep:spe=",">,</pc>
      </l>
      <l n="4" xml:id="pma99-l00260">
         <c> </c>
         <w xml:id="pma99-046330"
            n="041-a-0270"
            ecep:lem="in"
            ecep:pos="p-acp"
            ecep:reg="In"
            ecep:spe="In"
            ecep:syllab="1"
            ecep:pron="ɪn">In</w>
         <c> </c>
         <w xml:id="pma99-046340"
            n="041-a-0280"
            ecep:lem="who"
            ecep:pos="r-crq"
            ecep:reg="whose"
            ecep:spe="whose"
            ecep:syllab="1"
            ecep:pron="huːz">whose</w>
         <c> </c>
         <w xml:id="pma99-046350"
            n="041-a-0290"
            ecep:lem="bless"
            ecep:pos="j-vvn"
            ecep:reg="blessed"
            ecep:spe="blest"
            ecep:syllab="1"
            ecep:pron="blest">blest</w>
         <c> </c>
         <w xml:id="pma99-046360"
            n="041-a-0300"
            ecep:lem="fight"
            ecep:pos="n1"
            ecep:reg="fight"
            ecep:spe="fight"
            ecep:syllab="1"
            ecep:pron="faɪt">fight</w>
         <c> </c>
         <w xml:id="pma99-046370"
            n="041-a-0310"
            ecep:lem="man"
            ecep:pos="ng1"
            ecep:reg="man's"
            ecep:spe="man's"
            ecep:syllab="1"
            ecep:pron="ˈmænz">man's</w>
         <c> </c>
         <w xml:id="pma99-046380"
            n="041-a-0320"
            ecep:lem="long"
            ecep:pos="js"
            ecep:reg="longest"
            ecep:spe="longest"
            ecep:syllab="2"
            ecep:pron="lɒŋgɪst">longest</w>
         <c> </c>
         <w xml:id="pma99-046390"
            n="041-a-0330"
            ecep:lem="age"
            ecep:pos="n1"
            ecep:reg="age"
            ecep:spe="age"
            ecep:syllab="1"
            ecep:pron="eɪdʒ">age</w>
      </l>
      <l n="5" xml:id="pma99-l00265">
         <c> </c>
         <w xml:id="pma99-046400"
            n="041-a-0340"
            ecep:lem="be"
            ecep:pos="vbz"
            ecep:reg="Is"
            ecep:spe="Is"
            ecep:syllab="1"
            ecep:pron="ɪz">Is</w>
         <c> </c>
         <w xml:id="pma99-046410"
            n="041-a-0350"
            ecep:lem="but"
            ecep:pos="p-acp"
            ecep:reg="but"
            ecep:spe="but"
            ecep:syllab="1"
            ecep:pron="bʌt">but</w>
         <c> </c>
         <w xml:id="pma99-046420"
            n="041-a-0360"
            ecep:lem="a"
            ecep:pos="dt"
            ecep:reg="a"
            ecep:spe="a"
            ecep:syllab="1"
            ecep:pron="ə">a</w>
         <c> </c>
         <w xml:id="pma99-046430"
            n="041-a-0370"
            ecep:lem="momentary"
            ecep:pos="j"
            ecep:reg="momentary"
            ecep:spe="momentary"
            ecep:syllab="4"
            ecep:pron="ˈməʊməntri">momentary</w>
         <c> </c>
         <w xml:id="pma99-046440"
            n="041-a-0380"
            ecep:lem="stage"
            ecep:pos="n1"
            ecep:reg="stage"
            ecep:spe="stage"
            ecep:syllab="1"
            ecep:pron="steɪdʒ">stage</w>
         <pc xml:id="pma99-046450"
             n="041-a-0390"
             ecep:lem=","
             ecep:pos=","
             ecep:reg=","
             ecep:spe=",">,</pc>
      </l>
      <l n="6" rendition="#h_3" xml:id="pma99-l00270">
         <c> </c>
         <w xml:id="pma99-046460"
            n="041-a-0400"
            ecep:lem="that"
            ecep:pos="cst"
            ecep:reg="That"
            ecep:spe="That"
            ecep:syllab="1"
            ecep:pron="ðæt">That</w>
         <c> </c>
         <w xml:id="pma99-046470"
            n="041-a-0410"
            ecep:lem="flit"
            ecep:pos="vvz"
            ecep:reg="flits"
            ecep:spe="flits"
            ecep:syllab="1"
            ecep:pron="flɪts">flits</w>
         <c> </c>
         <w xml:id="pma99-046480"
            n="041-a-0420"
            ecep:lem="on"
            ecep:pos="p-acp"
            ecep:reg="on"
            ecep:spe="on"
            ecep:syllab="1"
            ecep:pron="ɒn">on</w>
         <c> </c>
         <w xml:id="pma99-046490"
            n="041-a-0430"
            ecep:lem="swift"
            ecep:pos="js"
            ecep:reg="swiftest"
            ecep:spe="swiftest"
            ecep:syllab="2"
            ecep:pron="swɪftɪst">swiftest</w>
         <c> </c>
         <w xml:id="pma99-046500"
            n="041-a-0440"
            ecep:lem="wing"
            ecep:pos="n1"
            ecep:reg="wing"
            ecep:spe="wing"
            ecep:syllab="1"
            ecep:pron="wɪŋ">wing</w>
         <pc xml:id="pma99-046510"
             n="041-a-0450"
             unit="sentence"
             ecep:lem="?"
             ecep:pos="?"
             ecep:reg="?"
             ecep:spe="?">?</pc>
         <c> </c>
      </l>
   </lg>
   <lg xml:id="pma99-s00080">
      <l n="7" xml:id="pma99-l00275">
         <w xml:id="pma99-046540"
            n="041-a-0460"
            ecep:lem="then"
            ecep:pos="av"
            ecep:reg="Then"
            ecep:spe="Then"
            ecep:syllab="1"
            ecep:pron="ðen">Then</w>
         <c> </c>
         <w xml:id="pma99-046550"
            n="041-a-0470"
            ecep:lem="say"
            ecep:pos="vvb"
            ecep:reg="say"
            ecep:spe="say"
            ecep:syllab="1"
            ecep:pron="seɪ">say</w>
         <pc xml:id="pma99-046560"
             n="041-a-0480"
             ecep:lem=","
             ecep:pos=","
             ecep:reg=","
             ecep:spe=",">,</pc>
         <c> </c>
         <w xml:id="pma99-046570"
            n="041-a-0490"
            ecep:lem="thou"
            ecep:pos="pns21"
            ecep:reg="thou"
            ecep:spe="thou"
            ecep:syllab="1"
            ecep:pron="θaʊ">thou</w>
         <c> </c>
         <w xml:id="pma99-046580"
            n="041-a-0500"
            ecep:lem="pure"
            ecep:pos="j"
            ecep:reg="pure"
            ecep:spe="pure"
            ecep:syllab="1"
            ecep:pron="pjʊə">pure</w>
         <pc xml:id="pma99-046590"
             n="041-a-0510"
             ecep:lem=","
             ecep:pos=","
             ecep:reg=","
             ecep:spe=",">,</pc>
         <c> </c>
         <w xml:id="pma99-046600"
            n="041-a-0520"
            ecep:lem="thou"
            ecep:pos="pns21"
            ecep:reg="thou"
            ecep:spe="thou"
            ecep:syllab="1"
            ecep:pron="θaʊ">thou</w>
         <c> </c>
         <w xml:id="pma99-046610"
            n="041-a-0530"
            ecep:lem="heaven-born"
            ecep:pos="j"
            ecep:reg="heavenborn"
            ecep:spe="heav'n-born"
            ecep:syllab="2"
            ecep:pron="ˈhevnˌbɔːn">heav'n-born</w>
         <c> </c>
         <w xml:id="pma99-046620"
            n="041-a-0540"
            ecep:lem="fire"
            ecep:pos="n1"
            ecep:reg="fire"
            ecep:spe="fire"
            ecep:syllab="1"
            ecep:pron="fæə">fire</w>
         <pc xml:id="pma99-046630"
             n="041-a-0550"
             ecep:lem=","
             ecep:pos=","
             ecep:reg=","
             ecep:spe=",">,</pc>
      </l>
      <l n="8" xml:id="pma99-l00280">
         <c> </c>
         <w xml:id="pma99-046640"
            n="041-a-0560"
            ecep:lem="why"
            ecep:pos="q-crq"
            ecep:reg="Why"
            ecep:spe="Why"
            ecep:syllab="1"
            ecep:pron="waɪ">Why</w>
         <c> </c>
         <w xml:id="pma99-046650"
            n="041-a-0570"
            ecep:lem="do"
            ecep:pos="vd2"
            ecep:reg="dost"
            ecep:spe="dost"
            ecep:syllab="1"
            ecep:pron="dʌst">dost</w>
         <c> </c>
         <w xml:id="pma99-046660"
            n="041-a-0580"
            ecep:lem="thou"
            ecep:pos="pns21"
            ecep:reg="thou"
            ecep:spe="thou"
            ecep:syllab="1"
            ecep:pron="θaʊ">thou</w>
         <c> </c>
         <w xml:id="pma99-046670"
            n="041-a-0590"
            ecep:lem="not"
            ecep:pos="xx"
            ecep:reg="not"
            ecep:spe="not"
            ecep:syllab="1"
            ecep:pron="nɒt">not</w>
         <c> </c>
         <w xml:id="pma99-046680"
            n="041-a-0600"
            ecep:lem="with"
            ecep:pos="p-acp"
            ecep:reg="with"
            ecep:spe="with"
            ecep:syllab="1"
            ecep:pron="wɪð">with</w>
         <c> </c>
         <w xml:id="pma99-046690"
            n="041-a-0610"
            ecep:lem="fond"
            ecep:pos="j"
            ecep:reg="fond"
            ecep:spe="fond"
            ecep:syllab="1"
            ecep:pron="fɒnd">fond</w>
         <c> </c>
         <w xml:id="pma99-046700"
            n="041-a-0620"
            ecep:lem="desire"
            ecep:pos="n1"
            ecep:reg="desire"
            ecep:spe="desire"
            ecep:syllab="2"
            ecep:pron="dɪˈzæə">desire</w>
      </l>
      <l n="9" rendition="#h_3" xml:id="pma99-l00285">
         <c> </c>
         <w xml:id="pma99-046710"
            n="041-a-0630"
            ecep:lem="subdue"
            ecep:pos="vvi"
            ecep:reg="Subdue"
            ecep:spe="Subdue"
            ecep:syllab="2"
            ecep:pron="səbˈdʒuː">Subdue</w>
         <c> </c>
         <w xml:id="pma99-046720"
            n="041-a-0640"
            ecep:lem="this"
            ecep:pos="d"
            ecep:reg="this"
            ecep:spe="this"
            ecep:syllab="1"
            ecep:pron="ðɪs">this</w>
         <c> </c>
         <w xml:id="pma99-046730"
            n="041-a-0650"
            ecep:lem="inward"
            ecep:pos="j"
            ecep:reg="inward"
            ecep:spe="inward"
            ecep:syllab="2"
            ecep:pron="ˈɪnwəd">inward</w>
         <c> </c>
         <w xml:id="pma99-046740"
            n="041-a-0660"
            ecep:lem="fear"
            ecep:pos="n1"
            ecep:reg="fear"
            ecep:spe="fear"
            ecep:syllab="1"
            ecep:pron="fɪə">fear</w>
         <pc xml:id="pma99-046750"
             n="041-a-0670"
             unit="sentence"
             ecep:lem="?"
             ecep:pos="?"
             ecep:reg="?"
             ecep:spe="?">?</pc>
         <c> </c>
      </l>
      <l n="10" xml:id="pma99-l00290">
         <w xml:id="pma99-046760"
            n="041-a-0680"
            ecep:lem="so"
            ecep:pos="av"
            ecep:reg="So"
            ecep:spe="So"
            ecep:syllab="1"
            ecep:pron="səʊ">So</w>
         <c> </c>
         <w xml:id="pma99-046770"
            n="041-a-0690"
            ecep:lem="may"
            ecep:pos="vmd"
            ecep:reg="might"
            ecep:spe="might"
            ecep:syllab="1"
            ecep:pron="maɪt">might</w>
         <c> </c>
         <w xml:id="pma99-046780"
            n="041-a-0700"
            ecep:lem="i"
            ecep:pos="pns11"
            ecep:reg="I"
            ecep:spe="I"
            ecep:syllab="1"
            ecep:pron="aɪ">I</w>
         <c> </c>
         <w xml:id="pma99-046790"
            n="041-a-0710"
            ecep:lem="with"
            ecep:pos="p-acp"
            ecep:reg="with"
            ecep:spe="with"
            ecep:syllab="1"
            ecep:pron="wɪð">with</w>
         <c> </c>
         <w xml:id="pma99-046800"
            n="041-a-0720"
            ecep:lem="aspire"
            ecep:pos="vvg"
            ecep:reg="aspiring"
            ecep:spe="aspiring"
            ecep:syllab="3"
            ecep:pron="əˈspæəɪŋ">aspiring</w>
         <c> </c>
         <w xml:id="pma99-046810"
            n="041-a-0730"
            ecep:lem="mind"
            ecep:pos="n1"
            ecep:reg="mind"
            ecep:spe="mind"
            ecep:syllab="1"
            ecep:pron="maɪnd">mind</w>
      </l>
      <l n="11" xml:id="pma99-l00295">
         <c> </c>
         <w xml:id="pma99-046820"
            n="041-a-0740"
            ecep:lem="press"
            ecep:pos="vvb"
            ecep:reg="Press"
            ecep:spe="Press"
            ecep:syllab="1"
            ecep:pron="pres">Press</w>
         <c> </c>
         <w xml:id="pma99-046830"
            n="041-a-0750"
            ecep:lem="on"
            ecep:pos="a-acp"
            ecep:reg="on"
            ecep:spe="on"
            ecep:syllab="1"
            ecep:pron="ɒn">on</w>
         <pc xml:id="pma99-046840"
             n="041-a-0760"
             ecep:lem=","
             ecep:pos=","
             ecep:reg=","
             ecep:spe=",">,</pc>
         <c> </c>
         <w xml:id="pma99-046850"
            n="041-a-0770"
            ecep:lem="nor"
            ecep:pos="ccx"
            ecep:reg="nor"
            ecep:spe="nor"
            ecep:syllab="1"
            ecep:pron="nɔː">nor</w>
         <c> </c>
         <w xml:id="pma99-046860"
            n="041-a-0780"
            ecep:lem="cast"
            ecep:pos="vvi"
            ecep:reg="cast"
            ecep:spe="cast"
            ecep:syllab="1"
            ecep:pron="kɑːst">cast</w>
         <c> </c>
         <w xml:id="pma99-046870"
            n="041-a-0790"
            ecep:lem="a"
            ecep:pos="dt"
            ecep:reg="a"
            ecep:spe="a"
            ecep:syllab="1"
            ecep:pron="ə">a</w>
         <c> </c>
         <w xml:id="pma99-046880"
            n="041-a-0800"
            ecep:lem="look"
            ecep:pos="n1"
            ecep:reg="look"
            ecep:spe="look"
            ecep:syllab="1"
            ecep:pron="lʊk">look</w>
         <c> </c>
         <w xml:id="pma99-046890"
            n="041-a-0810"
            ecep:lem="behind"
            ecep:pos="a-acp"
            ecep:reg="behind"
            ecep:spe="behind"
            ecep:syllab="2"
            ecep:pron="bɪˈhaɪnd">behind</w>
         <pc xml:id="pma99-046900"
             n="041-a-0820"
             ecep:lem=","
             ecep:pos=","
             ecep:reg=","
             ecep:spe=",">,</pc>
      </l>
      <l n="12" rendition="#h_3" xml:id="pma99-l00300">
         <c> </c>
         <w xml:id="pma99-046910"
            n="041-a-0830"
            ecep:lem="nor"
            ecep:pos="ccx"
            ecep:reg="Nor"
            ecep:spe="Nor"
            ecep:syllab="1"
            ecep:pron="nɔː">Nor</w>
         <c> </c>
         <w xml:id="pma99-046920"
            n="041-a-0840"
            ecep:lem="sigh"
            ecep:pos="n1"
            ecep:reg="sigh"
            ecep:spe="sigh"
            ecep:syllab="1"
            ecep:pron="saɪ">sigh</w>
         <c> </c>
         <w xml:id="pma99-046930"
            n="041-a-0850"
            ecep:lem="to"
            ecep:pos="pc-acp"
            ecep:reg="to"
            ecep:spe="to"
            ecep:syllab="1"
            ecep:pron="tuː">to</w>
         <c> </c>
         <w xml:id="pma99-046940"
            n="041-a-0860"
            ecep:lem="linger"
            ecep:pos="vvi"
            ecep:reg="linger"
            ecep:spe="linger"
            ecep:syllab="2"
            ecep:pron="ˈlɪŋgə">linger</w>
         <c> </c>
         <w xml:id="pma99-046950"
            n="041-a-0870"
            ecep:lem="here"
            ecep:pos="av"
            ecep:reg="here"
            ecep:spe="here"
            ecep:syllab="1"
            ecep:pron="hɪə">here</w>
         <pc xml:id="pma99-046960"
             n="041-a-0880"
             unit="sentence"
             ecep:lem="."
             ecep:pos="."
             ecep:reg="."
             ecep:spe=".">.</pc>
         <c> </c>
      </l>
      <pb facs="pma99/0042" n="6" rend="none"/>
   </lg>
   <lg xml:id="pma99-s00085">
      <l n="13" xml:id="pma99-l00305">
         <w xml:id="pma99-046990"
            n="042-a-0010"
            ecep:lem="my"
            ecep:pos="po11"
            ecep:reg="My"
            ecep:spe="My"
            ecep:syllab="1"
            ecep:pron="maɪ">My</w>
         <c> </c>
         <w xml:id="pma99-047000"
            n="042-a-0020"
            ecep:lem="will"
            ecep:pos="n1"
            ecep:reg="will"
            ecep:spe="will"
            ecep:syllab="1"
            ecep:pron="wɪl">will</w>
         <c> </c>
         <w xml:id="pma99-047010"
            n="042-a-0030"
            ecep:lem="most"
            ecep:pos="av-ds"
            ecep:reg="most"
            ecep:spe="most"
            ecep:syllab="1"
            ecep:pron="məʊst">most</w>
         <c> </c>
         <w xml:id="pma99-047020"
            n="042-a-0040"
            ecep:lem="free"
            ecep:pos="av-j"
            ecep:reg="freely"
            ecep:spe="freely"
            ecep:syllab="2"
            ecep:pron="friːli">freely</w>
         <c> </c>
         <w xml:id="pma99-047030"
            n="042-a-0050"
            ecep:lem="i"
            ecep:pos="pns11"
            ecep:reg="I"
            ecep:spe="I"
            ecep:syllab="1"
            ecep:pron="aɪ">I</w>
         <c> </c>
         <w xml:id="pma99-047040"
            n="042-a-0060"
            ecep:lem="resign"
            ecep:pos="vvb"
            ecep:reg="resign"
            ecep:spe="resign"
            ecep:syllab="2"
            ecep:pron="rɪˈzaɪn">resign</w>
      </l>
      <l n="14" xml:id="pma99-l00310">
         <c> </c>
         <w xml:id="pma99-047050"
            n="042-a-0070"
            ecep:lem="to"
            ecep:pos="p-acp"
            ecep:reg="To"
            ecep:spe="To"
            ecep:syllab="1"
            ecep:pron="tuː">To</w>
         <c> </c>
         <w xml:id="pma99-047060"
            n="042-a-0080"
            ecep:lem="thou"
            ecep:pos="pno21"
            ecep:reg="thee"
            ecep:spe="thee"
            ecep:syllab="1"
            ecep:pron="ðiː">thee</w>
         <pc xml:id="pma99-047070"
             n="042-a-0090"
             ecep:lem=","
             ecep:pos=","
             ecep:reg=","
             ecep:spe=",">,</pc>
         <c> </c>
         <w xml:id="pma99-047080"
            n="042-a-0100"
            ecep:lem="my"
            ecep:pos="po11"
            ecep:reg="my"
            ecep:spe="my"
            ecep:syllab="1"
            ecep:pron="maɪ">my</w>
         <c> </c>
         <w xml:id="pma99-047090"
            n="042-a-0110"
            ecep:lem="judge"
            ecep:pos="n1"
            ecep:reg="judge"
            ecep:spe="judge"
            ecep:syllab="1"
            ecep:pron="dʒʌdʒ">judge</w>
         <pc xml:id="pma99-047100"
             n="042-a-0120"
             ecep:lem=","
             ecep:pos=","
             ecep:reg=","
             ecep:spe=",">,</pc>
         <c> </c>
         <w xml:id="pma99-047110"
            n="042-a-0130"
            ecep:lem="oh"
            ecep:pos="uh"
            ecep:reg="o"
            ecep:spe="oh"
            ecep:syllab="1"
            ecep:pron="əʊ">oh</w>
         <pc xml:id="pma99-047120"
             n="042-a-0140"
             ecep:lem="!"
             ecep:pos="!"
             ecep:reg="!"
             ecep:spe="!">!</pc>
         <c> </c>
         <w xml:id="pma99-047130"
            n="042-a-0150"
            ecep:lem="make"
            ecep:pos="vvb"
            ecep:reg="make"
            ecep:spe="make"
            ecep:syllab="1"
            ecep:pron="meɪk">make</w>
         <c> </c>
         <w xml:id="pma99-047140"
            n="042-a-0160"
            ecep:lem="it"
            ecep:pos="pn31"
            ecep:reg="it"
            ecep:spe="it"
            ecep:syllab="1"
            ecep:pron="ɪt">it</w>
         <c> </c>
         <w xml:id="pma99-047150"
            n="042-a-0170"
            ecep:lem="thy"
            ecep:pos="po21"
            ecep:reg="thine"
            ecep:spe="thine"
            ecep:syllab="1"
            ecep:pron="ðaɪn">thine</w>
      </l>
      <l n="15" rendition="#h_3" xml:id="pma99-l00315">
         <c> </c>
         <w xml:id="pma99-047160"
            n="042-a-0180"
            ecep:lem="in"
            ecep:pos="p-acp"
            ecep:reg="In"
            ecep:spe="In"
            ecep:syllab="1"
            ecep:pron="ɪn">In</w>
         <c> </c>
         <w xml:id="pma99-047170"
            n="042-a-0190"
            ecep:lem="word"
            ecep:pos="n1"
            ecep:reg="word"
            ecep:spe="word"
            ecep:syllab="1"
            ecep:pron="wɜːd">word</w>
         <pc xml:id="pma99-047180"
             n="042-a-0200"
             ecep:lem=","
             ecep:pos=","
             ecep:reg=","
             ecep:spe=",">,</pc>
         <c> </c>
         <w xml:id="pma99-047190"
            n="042-a-0210"
            ecep:lem="in"
            ecep:pos="p-acp"
            ecep:reg="in"
            ecep:spe="in"
            ecep:syllab="1"
            ecep:pron="ɪn">in</w>
         <c> </c>
         <w xml:id="pma99-047200"
            n="042-a-0220"
            ecep:lem="deed"
            ecep:pos="n1"
            ecep:reg="deed"
            ecep:spe="deed"
            ecep:syllab="1"
            ecep:pron="diːd">deed</w>
         <pc xml:id="pma99-047210"
             n="042-a-0230"
             ecep:lem=","
             ecep:pos=","
             ecep:reg=","
             ecep:spe=",">,</pc>
         <c> </c>
         <w xml:id="pma99-047220"
            n="042-a-0240"
            ecep:lem="in"
            ecep:pos="p-acp"
            ecep:reg="in"
            ecep:spe="in"
            ecep:syllab="1"
            ecep:pron="ɪn">in</w>
         <c> </c>
         <w xml:id="pma99-047230"
            n="042-a-0250"
            ecep:lem="thought"
            ecep:pos="n1"
            ecep:reg="thought"
            ecep:spe="thought"
            ecep:syllab="1"
            ecep:pron="θɔːt">thought</w>
         <pc xml:id="pma99-047240"
             n="042-a-0260"
             ecep:lem=":"
             ecep:pos=":"
             ecep:reg=":"
             ecep:spe=":">:</pc>
      </l>
      <l n="16" xml:id="pma99-l00320">
         <c> </c>
         <w xml:id="pma99-047250"
            n="042-a-0270"
            ecep:lem="so"
            ecep:pos="av"
            ecep:reg="So"
            ecep:spe="So"
            ecep:syllab="1"
            ecep:pron="səʊ">So</w>
         <c> </c>
         <w xml:id="pma99-047260"
            n="042-a-0280"
            ecep:lem="shall"
            ecep:pos="vmb"
            ecep:reg="shall"
            ecep:spe="shall"
            ecep:syllab="1"
            ecep:pron="ʃæl">shall</w>
         <c> </c>
         <w xml:id="pma99-047270"
            n="042-a-0290"
            ecep:lem="i"
            ecep:pos="pns11"
            ecep:reg="I"
            ecep:spe="I"
            ecep:syllab="1"
            ecep:pron="aɪ">I</w>
         <c> </c>
         <w xml:id="pma99-047280"
            n="042-a-0300"
            ecep:lem="find"
            ecep:pos="vvi"
            ecep:reg="find"
            ecep:spe="find"
            ecep:syllab="1"
            ecep:pron="faɪnd">find</w>
         <c> </c>
         <w xml:id="pma99-047290"
            n="042-a-0310"
            ecep:lem="contentment"
            ecep:pos="n1"
            ecep:reg="contentment"
            ecep:spe="contentment"
            ecep:syllab="3"
            ecep:pron="kənˈtentmənt">contentment</w>
         <c> </c>
         <w xml:id="pma99-047300"
            n="042-a-0320"
            ecep:lem="here"
            ecep:pos="av"
            ecep:reg="here"
            ecep:spe="here"
            ecep:syllab="1"
            ecep:pron="hɪə">here</w>
         <pc xml:id="pma99-047310"
             n="042-a-0330"
             ecep:lem=","
             ecep:pos=","
             ecep:reg=","
             ecep:spe=",">,</pc>
      </l>
      <l n="17" xml:id="pma99-l00325">
         <c> </c>
         <w xml:id="pma99-047320"
            n="042-a-0340"
            ecep:lem="nor"
            ecep:pos="ccx"
            ecep:reg="Nor"
            ecep:spe="Nor"
            ecep:syllab="1"
            ecep:pron="nɔː">Nor</w>
         <c> </c>
         <w xml:id="pma99-047330"
            n="042-a-0350"
            ecep:lem="shrink"
            ecep:pos="vvi"
            ecep:reg="shrink"
            ecep:spe="shrink"
            ecep:syllab="1"
            ecep:pron="ʃrɪŋk">shrink</w>
         <c> </c>
         <w xml:id="pma99-047340"
            n="042-a-0360"
            ecep:lem="from"
            ecep:pos="p-acp"
            ecep:reg="from"
            ecep:spe="from"
            ecep:syllab="1"
            ecep:pron="frɒm">from</w>
         <c> </c>
         <w xml:id="pma99-047350"
            n="042-a-0370"
            ecep:lem="death"
            ecep:pos="n1"
            ecep:reg="death"
            ecep:spe="death"
            ecep:syllab="1"
            ecep:pron="deθ">death</w>
         <pc xml:id="pma99-047360"
             n="042-a-0380"
             ecep:lem=","
             ecep:pos=","
             ecep:reg=","
             ecep:spe=",">,</pc>
         <c> </c>
         <w xml:id="pma99-047370"
            n="042-a-0390"
            ecep:lem="though"
            ecep:pos="c-acp"
            ecep:reg="though"
            ecep:spe="tho'"
            ecep:syllab="1"
            ecep:pron="ðəʊ">tho'</w>
         <c> </c>
         <w xml:id="pma99-047380"
            n="042-a-0400"
            ecep:lem="death"
            ecep:pos="n1"
            ecep:reg="death"
            ecep:spe="death"
            ecep:syllab="1"
            ecep:pron="deθ">death</w>
         <c> </c>
         <w xml:id="pma99-047390"
            n="042-a-0410"
            ecep:lem="draw"
            ecep:pos="vvi"
            ecep:reg="draw"
            ecep:spe="draw"
            ecep:syllab="1"
            ecep:pron="drɔː">draw</w>
         <c> </c>
         <w xml:id="pma99-047400"
            n="042-a-0420"
            ecep:lem="near"
            ecep:pos="av-j"
            ecep:reg="near"
            ecep:spe="near"
            ecep:syllab="1"
            ecep:pron="nɪə">near</w>
      </l>
      <l n="18" rendition="#h_3" xml:id="pma99-l00330">
         <c> </c>
         <w xml:id="pma99-047410"
            n="042-a-0430"
            ecep:lem="with"
            ecep:pos="p-acp"
            ecep:reg="With"
            ecep:spe="With"
            ecep:syllab="1"
            ecep:pron="wɪð">With</w>
         <c> </c>
         <w xml:id="pma99-047420"
            n="042-a-0440"
            ecep:lem="all"
            ecep:pos="d"
            ecep:reg="all"
            ecep:spe="all"
            ecep:syllab="1"
            ecep:pron="ɔːl">all</w>
         <c> </c>
         <w xml:id="pma99-047430"
            n="042-a-0450"
            ecep:lem="his"
            ecep:pos="po31"
            ecep:reg="his"
            ecep:spe="his"
            ecep:syllab="1"
            ecep:pron="hɪz">his</w>
         <c> </c>
         <w xml:id="pma99-047440"
            n="042-a-0460"
            ecep:lem="terror"
            ecep:pos="n2"
            ecep:reg="terrors"
            ecep:spe="terrors"
            ecep:syllab="2"
            ecep:pron="ˈterəz">terrors</w>
         <c> </c>
         <w xml:id="pma99-047450"
            n="042-a-0470"
            ecep:lem="fraught"
            ecep:pos="vvn"
            ecep:reg="fraught"
            ecep:spe="fraught"
            ecep:syllab="1"
            ecep:pron="frɔːt">fraught</w>
         <pc xml:id="pma99-047460"
             n="042-a-0480"
             unit="sentence"
             ecep:lem="."
             ecep:pos="."
             ecep:reg="."
             ecep:spe=".">.</pc>
         <c> </c>
      </l>
   </lg>
   <lg xml:id="pma99-s00090">
      <l n="19" xml:id="pma99-l00335">
         <w xml:id="pma99-047490"
            n="042-a-0490"
            ecep:lem="no"
            ecep:pos="uh-x"
            ecep:reg="No"
            ecep:spe="No"
            ecep:syllab="1"
            ecep:pron="nəʊ">No</w>
         <c> </c>
         <w xml:id="pma99-047500"
            n="042-a-0500"
            ecep:lem="sting"
            ecep:pos="n1"
            ecep:reg="sting"
            ecep:spe="sting"
            ecep:syllab="1"
            ecep:pron="stɪŋ">sting</w>
         <c> </c>
         <w xml:id="pma99-047510"
            n="042-a-0510"
            ecep:lem="in"
            ecep:pos="p-acp"
            ecep:reg="in"
            ecep:spe="in"
            ecep:syllab="1"
            ecep:pron="ɪn">in</w>
         <c> </c>
         <w xml:id="pma99-047520"
            n="042-a-0520"
            ecep:lem="death"
            ecep:pos="n1"
            ecep:reg="death"
            ecep:spe="death"
            ecep:syllab="1"
            ecep:pron="deθ">death</w>
         <c> </c>
         <w xml:id="pma99-047530"
            n="042-a-0530"
            ecep:lem="but"
            ecep:pos="p-acp"
            ecep:reg="but"
            ecep:spe="but"
            ecep:syllab="1"
            ecep:pron="bʌt">but</w>
         <c> </c>
         <w xml:id="pma99-047540"
            n="042-a-0540"
            ecep:lem="sin"
            ecep:pos="n1"
            ecep:reg="sin"
            ecep:spe="sin"
            ecep:syllab="1"
            ecep:pron="sɪn">sin</w>
         <c> </c>
         <w xml:id="pma99-047550"
            n="042-a-0550"
            ecep:lem="be"
            ecep:pos="vbz"
            ecep:reg="is"
            ecep:spe="is"
            ecep:syllab="1"
            ecep:pron="ɪz">is</w>
         <c> </c>
         <w xml:id="pma99-047560"
            n="042-a-0560"
            ecep:lem="find"
            ecep:pos="vvn"
            ecep:reg="found"
            ecep:spe="found"
            ecep:syllab="1"
            ecep:pron="faʊnd">found</w>
         <pc xml:id="pma99-047570"
             n="042-a-0570"
             ecep:lem=","
             ecep:pos=","
             ecep:reg=","
             ecep:spe=",">,</pc>
      </l>
      <l n="20" xml:id="pma99-l00340">
         <c> </c>
         <w xml:id="pma99-047580"
            n="042-a-0580"
            ecep:lem="and"
            ecep:pos="cc"
            ecep:reg="And"
            ecep:spe="And"
            ecep:syllab="1"
            ecep:pron="ænd">And</w>
         <c> </c>
         <w xml:id="pma99-047590"
            n="042-a-0590"
            ecep:lem="since"
            ecep:pos="c-acp"
            ecep:reg="since"
            ecep:spe="since"
            ecep:syllab="1"
            ecep:pron="sɪns">since</w>
         <c> </c>
         <w xml:id="pma99-047600"
            n="042-a-0600"
            ecep:lem="our"
            ecep:pos="po12"
            ecep:reg="our"
            ecep:spe="our"
            ecep:syllab="1"
            ecep:pron="æə">our</w>
         <c> </c>
         <w xml:id="pma99-047610"
            n="042-a-0610"
            ecep:lem="god"
            ecep:pos="n1"
            ecep:reg="God"
            ecep:spe="God"
            ecep:syllab="1"
            ecep:pron="gɒd">God</w>
         <c> </c>
         <w xml:id="pma99-047620"
            n="042-a-0620"
            ecep:lem="have"
            ecep:pos="vhz"
            ecep:reg="hath"
            ecep:spe="hath"
            ecep:syllab="1"
            ecep:pron="hæθ">hath</w>
         <c> </c>
         <w xml:id="pma99-047630"
            n="042-a-0630"
            ecep:lem="heal"
            ecep:pos="vvn"
            ecep:reg="healed"
            ecep:spe="heal'd"
            ecep:syllab="1"
            ecep:pron="hiːld">heal'd</w>
         <c> </c>
         <w xml:id="pma99-047640"
            n="042-a-0640"
            ecep:lem="that"
            ecep:pos="d"
            ecep:reg="that"
            ecep:spe="that"
            ecep:syllab="1"
            ecep:pron="ðæt">that</w>
         <c> </c>
         <w xml:id="pma99-047650"
            n="042-a-0650"
            ecep:lem="wound"
            ecep:pos="n1"
            ecep:reg="wound"
            ecep:spe="wound"
            ecep:syllab="1"
            ecep:pron="wuːnd">wound</w>
         <pc xml:id="pma99-047660"
             n="042-a-0660"
             ecep:lem=","
             ecep:pos=","
             ecep:reg=","
             ecep:spe=",">,</pc>
      </l>
      <l n="21" rendition="#h_3" xml:id="pma99-l00345">
         <c> </c>
         <w xml:id="pma99-047670"
            n="042-a-0670"
            ecep:lem="what"
            ecep:pos="q-crq"
            ecep:reg="What"
            ecep:spe="What"
            ecep:syllab="1"
            ecep:pron="wɒt">What</w>
         <c> </c>
         <w xml:id="pma99-047680"
            n="042-a-0680"
            ecep:lem="have"
            ecep:pos="vhb"
            ecep:reg="have"
            ecep:spe="have"
            ecep:syllab="1"
            ecep:pron="hæv">have</w>
         <c> </c>
         <w xml:id="pma99-047690"
            n="042-a-0690"
            ecep:lem="we"
            ecep:pos="pns12"
            ecep:reg="we"
            ecep:spe="we"
            ecep:syllab="1"
            ecep:pron="wiː">we</w>
         <c> </c>
         <w xml:id="pma99-047700"
            n="042-a-0700"
            ecep:lem="here"
            ecep:pos="av"
            ecep:reg="here"
            ecep:spe="here"
            ecep:syllab="1"
            ecep:pron="hɪə">here</w>
         <c> </c>
         <w xml:id="pma99-047710"
            n="042-a-0710"
            ecep:lem="to"
            ecep:pos="pc-acp"
            ecep:reg="to"
            ecep:spe="to"
            ecep:syllab="1"
            ecep:pron="tuː">to</w>
         <c> </c>
         <w xml:id="pma99-047720"
            n="042-a-0720"
            ecep:lem="dread"
            ecep:pos="vvi"
            ecep:reg="dread"
            ecep:spe="dread"
            ecep:syllab="1"
            ecep:pron="dred">dread</w>
         <pc xml:id="pma99-047730"
             n="042-a-0730"
             unit="sentence"
             ecep:lem="?"
             ecep:pos="?"
             ecep:reg="?"
             ecep:spe="?">?</pc>
         <c> </c>
      </l>
      <l n="22" xml:id="pma99-l00350">
         <w xml:id="pma99-047740"
            n="042-a-0740"
            ecep:lem="it|be"
            ecep:pos="pn31|vbz"
            ecep:reg="It's"
            ecep:spe="'Tis"
            ecep:syllab="1"
            ecep:pron="tɪz">'Tis</w>
         <c> </c>
         <w xml:id="pma99-047750"
            n="042-a-0750"
            ecep:lem="we"
            ecep:pos="png12"
            ecep:reg="our's"
            ecep:spe="our's"
            ecep:syllab="1"
            ecep:pron="æəz">our's</w>
         <c> </c>
         <w xml:id="pma99-047760"
            n="042-a-0760"
            ecep:lem="to"
            ecep:pos="p-acp"
            ecep:reg="to"
            ecep:spe="to"
            ecep:syllab="1"
            ecep:pron="tuː">to</w>
         <c> </c>
         <w xml:id="pma99-047770"
            n="042-a-0770"
            ecep:lem="praise"
            ecep:pos="n1"
            ecep:reg="praise"
            ecep:spe="praise"
            ecep:syllab="1"
            ecep:pron="preɪz">praise</w>
         <c> </c>
         <w xml:id="pma99-047780"
            n="042-a-0780"
            ecep:lem="he"
            ecep:pos="pno31"
            ecep:reg="Him"
            ecep:spe="Him"
            ecep:syllab="1"
            ecep:pron="hɪm">Him</w>
         <c> </c>
         <w xml:id="pma99-047790"
            n="042-a-0790"
            ecep:lem="and"
            ecep:pos="cc"
            ecep:reg="and"
            ecep:spe="and"
            ecep:syllab="1"
            ecep:pron="ænd">and</w>
         <c> </c>
         <w xml:id="pma99-047800"
            n="042-a-0800"
            ecep:lem="obey"
            ecep:pos="vvi"
            ecep:reg="obey"
            ecep:spe="obey"
            ecep:syllab="2"
            ecep:pron="əˈbeɪ">obey</w>
         <pc xml:id="pma99-047810"
             n="042-a-0810"
             ecep:lem=","
             ecep:pos=","
             ecep:reg=","
             ecep:spe=",">,</pc>
      </l>
      <l n="23" xml:id="pma99-l00355">
         <c> </c>
         <w xml:id="pma99-047820"
            n="042-a-0820"
            ecep:lem="look"
            ecep:pos="vvb"
            ecep:reg="Look"
            ecep:spe="Look"
            ecep:syllab="1"
            ecep:pron="lʊk">Look</w>
         <c> </c>
         <w xml:id="pma99-047830"
            n="042-a-0830"
            ecep:lem="up"
            ecep:pos="a-acp"
            ecep:reg="up"
            ecep:spe="up"
            ecep:syllab="1"
            ecep:pron="ʌp">up</w>
         <c> </c>
         <w xml:id="pma99-047840"
            n="042-a-0840"
            ecep:lem="to"
            ecep:pos="p-acp"
            ecep:reg="to"
            ecep:spe="to"
            ecep:syllab="1"
            ecep:pron="tuː">to</w>
         <c> </c>
         <w xml:id="pma99-047850"
            n="042-a-0850"
            ecep:lem="he"
            ecep:pos="pno31"
            ecep:reg="Him"
            ecep:spe="Him"
            ecep:syllab="1"
            ecep:pron="hɪm">Him</w>
         <c> </c>
         <w xml:id="pma99-047860"
            n="042-a-0860"
            ecep:lem="from"
            ecep:pos="p-acp"
            ecep:reg="from"
            ecep:spe="from"
            ecep:syllab="1"
            ecep:pron="frɒm">from</w>
         <c> </c>
         <w xml:id="pma99-047870"
            n="042-a-0870"
            ecep:lem="day"
            ecep:pos="n1"
            ecep:reg="day"
            ecep:spe="day"
            ecep:syllab="1"
            ecep:pron="deɪ">day</w>
         <c> </c>
         <w xml:id="pma99-047880"
            n="042-a-0880"
            ecep:lem="today"
            ecep:pos="av-an"
            ecep:reg="today"
            ecep:spe="to-day"
            ecep:syllab="2"
            ecep:pron="təˈdeɪ">to-day</w>
         <pc xml:id="pma99-047890"
             n="042-a-0890"
             ecep:lem=","
             ecep:pos=","
             ecep:reg=","
             ecep:spe=",">,</pc>
      </l>
      <l n="24" rendition="#h_3" xml:id="pma99-l00360">
         <c> </c>
         <w xml:id="pma99-047900"
            n="042-a-0900"
            ecep:lem="to"
            ecep:pos="pc-acp"
            ecep:reg="To"
            ecep:spe="To"
            ecep:syllab="1"
            ecep:pron="tuː">To</w>
         <c> </c>
         <w xml:id="pma99-047910"
            n="042-a-0910"
            ecep:lem="give"
            ecep:pos="vvi"
            ecep:reg="give"
            ecep:spe="give"
            ecep:syllab="1"
            ecep:pron="gɪv">give</w>
         <c> </c>
         <w xml:id="pma99-047920"
            n="042-a-0920"
            ecep:lem="we"
            ecep:pos="pno12"
            ecep:reg="us"
            ecep:spe="us"
            ecep:syllab="1"
            ecep:pron="ʌs">us</w>
         <c> </c>
         <w xml:id="pma99-047930"
            n="042-a-0930"
            ecep:lem="heavenly"
            ecep:pos="j"
            ecep:reg="heavenly"
            ecep:spe="heav'nly"
            ecep:syllab="2"
            ecep:pron="ˈhevnli">heav'nly</w>
         <c> </c>
         <w xml:id="pma99-047940"
            n="042-a-0940"
            ecep:lem="bread"
            ecep:pos="n1"
            ecep:reg="bread"
            ecep:spe="bread"
            ecep:syllab="1"
            ecep:pron="bred">bread</w>
         <pc xml:id="pma99-047950"
             n="042-a-0950"
             unit="sentence"
             ecep:lem="."
             ecep:pos="."
             ecep:reg="."
             ecep:spe=".">.</pc>
         <c> </c>
      </l>
   </lg>
   <lg xml:id="pma99-s00095">
      <l n="25" xml:id="pma99-l00365">
         <w xml:id="pma99-047980"
            n="042-a-0960"
            ecep:lem="teach"
            ecep:pos="vvb"
            ecep:reg="Teach"
            ecep:spe="Teach"
            ecep:syllab="1"
            ecep:pron="tiːtʃ">Teach</w>
         <c> </c>
         <w xml:id="pma99-047990"
            n="042-a-0970"
            ecep:lem="i"
            ecep:pos="pno11"
            ecep:reg="me"
            ecep:spe="me"
            ecep:syllab="1"
            ecep:pron="miː">me</w>
         <c> </c>
         <w xml:id="pma99-048000"
            n="042-a-0980"
            ecep:lem="to"
            ecep:pos="pc-acp"
            ecep:reg="to"
            ecep:spe="to"
            ecep:syllab="1"
            ecep:pron="tuː">to</w>
         <c> </c>
         <w xml:id="pma99-048010"
            n="042-a-0990"
            ecep:lem="wait"
            ecep:pos="vvi"
            ecep:reg="wait"
            ecep:spe="wait"
            ecep:syllab="1"
            ecep:pron="weɪt">wait</w>
         <c> </c>
         <w xml:id="pma99-048020"
            n="042-a-1000"
            ecep:lem="with"
            ecep:pos="p-acp"
            ecep:reg="with"
            ecep:spe="with"
            ecep:syllab="1"
            ecep:pron="wɪð">with</w>
         <c> </c>
         <w xml:id="pma99-048030"
            n="042-a-1010"
            ecep:lem="humble"
            ecep:pos="j"
            ecep:reg="humble"
            ecep:spe="humble"
            ecep:syllab="2"
            ecep:pron="ˈhʌmbl">humble</w>
         <c> </c>
         <w xml:id="pma99-048040"
            n="042-a-1020"
            ecep:lem="trust"
            ecep:pos="n1"
            ecep:reg="trust"
            ecep:spe="trust"
            ecep:syllab="1"
            ecep:pron="trʌst">trust</w>
         <pc xml:id="pma99-048050"
             n="042-a-1030"
             ecep:lem=","
             ecep:pos=","
             ecep:reg=","
             ecep:spe=",">,</pc>
      </l>
      <l n="26" xml:id="pma99-l00370">
         <c> </c>
         <w xml:id="pma99-048060"
            n="042-a-1040"
            ecep:lem="to"
            ecep:pos="pc-acp"
            ecep:reg="To"
            ecep:spe="To"
            ecep:syllab="1"
            ecep:pron="tuː">To</w>
         <c> </c>
         <w xml:id="pma99-048070"
            n="042-a-1050"
            ecep:lem="hope"
            ecep:pos="vvi"
            ecep:reg="hope"
            ecep:spe="hope"
            ecep:syllab="1"
            ecep:pron="həʊp">hope</w>
         <c> </c>
         <w xml:id="pma99-048080"
            n="042-a-1060"
            ecep:lem="the"
            ecep:pos="dt"
            ecep:reg="the"
            ecep:spe="the"
            ecep:syllab="1"
            ecep:pron="ðiː">the</w>
         <c> </c>
         <w xml:id="pma99-048090"
            n="042-a-1070"
            ecep:lem="best"
            ecep:pos="js"
            ecep:reg="best"
            ecep:spe="best"
            ecep:syllab="1"
            ecep:pron="best">best</w>
         <pc xml:id="pma99-048100"
             n="042-a-1080"
             ecep:lem=","
             ecep:pos=","
             ecep:reg=","
             ecep:spe=",">,</pc>
         <c> </c>
         <w xml:id="pma99-048110"
            n="042-a-1090"
            ecep:lem="nor"
            ecep:pos="ccx"
            ecep:reg="nor"
            ecep:spe="nor"
            ecep:syllab="1"
            ecep:pron="nɔː">nor</w>
         <c> </c>
         <w xml:id="pma99-048120"
            n="042-a-1100"
            ecep:lem="fear"
            ecep:pos="vvb"
            ecep:reg="fear"
            ecep:spe="fear"
            ecep:syllab="1"
            ecep:pron="fɪə">fear</w>
         <c> </c>
         <w xml:id="pma99-048130"
            n="042-a-1110"
            ecep:lem="the"
            ecep:pos="dt"
            ecep:reg="the"
            ecep:spe="the"
            ecep:syllab="1"
            ecep:pron="ðiː">the</w>
         <c> </c>
         <w xml:id="pma99-048140"
            n="042-a-1120"
            ecep:lem="worst"
            ecep:pos="js"
            ecep:reg="worst"
            ecep:spe="worst"
            ecep:syllab="1"
            ecep:pron="wɜːst">worst</w>
      </l>
      <l n="27" rendition="#h_3" xml:id="pma99-l00375">
         <c> </c>
         <w xml:id="pma99-048150"
            n="042-a-1130"
            ecep:lem="in"
            ecep:pos="p-acp"
            ecep:reg="In"
            ecep:spe="In"
            ecep:syllab="1"
            ecep:pron="ɪn">In</w>
         <c> </c>
         <w xml:id="pma99-048160"
            n="042-a-1140"
            ecep:lem="this"
            ecep:pos="d"
            ecep:reg="this"
            ecep:spe="this"
            ecep:syllab="1"
            ecep:pron="ðɪs">this</w>
         <c> </c>
         <w xml:id="pma99-048170"
            n="042-a-1150"
            ecep:lem="life"
            ecep:pos="ng1"
            ecep:reg="life's"
            ecep:spe="life's"
            ecep:syllab="1"
            ecep:pron="laɪfs">life's</w>
         <c> </c>
         <w xml:id="pma99-048180"
            n="042-a-1160"
            ecep:lem="vary"
            ecep:pos="j-vvg"
            ecep:reg="varying"
            ecep:spe="varying"
            ecep:syllab="3"
            ecep:pron="ˈveəriɪŋ">varying</w>
         <c> </c>
         <w xml:id="pma99-048190"
            n="042-a-1170"
            ecep:lem="round"
            ecep:pos="n1"
            ecep:reg="round"
            ecep:spe="round"
            ecep:syllab="1"
            ecep:pron="raʊnd">round</w>
         <pc xml:id="pma99-048200"
             n="042-a-1180"
             ecep:lem=";"
             ecep:pos=";"
             ecep:reg=";"
             ecep:spe=";">;</pc>
      </l>
      <l n="28" xml:id="pma99-l00380">
         <c> </c>
         <w xml:id="pma99-048210"
            n="042-a-1190"
            ecep:lem="and"
            ecep:pos="cc"
            ecep:reg="And"
            ecep:spe="And"
            ecep:syllab="1"
            ecep:pron="ænd">And</w>
         <c> </c>
         <w xml:id="pma99-048220"
            n="042-a-1200"
            ecep:lem="when"
            ecep:pos="c-crq"
            ecep:reg="when"
            ecep:spe="when"
            ecep:syllab="1"
            ecep:pron="wen">when</w>
         <c> </c>
         <w xml:id="pma99-048230"
            n="042-a-1210"
            ecep:lem="i"
            ecep:pos="pns11"
            ecep:reg="I"
            ecep:spe="I"
            ecep:syllab="1"
            ecep:pron="aɪ">I</w>
         <c> </c>
         <w xml:id="pma99-048240"
            n="042-a-1220"
            ecep:lem="meet"
            ecep:pos="vvb"
            ecep:reg="meet"
            ecep:spe="meet"
            ecep:syllab="1"
            ecep:pron="miːt">meet</w>
         <c> </c>
         <w xml:id="pma99-048250"
            n="042-a-1230"
            ecep:lem="misfortune"
            ecep:pos="ng1"
            ecep:reg="misfortune's"
            ecep:spe="misfortune's"
            ecep:syllab="4"
            ecep:pron="mɪsˈfɔːtʃuːnz">misfortune's</w>
         <c> </c>
         <w xml:id="pma99-048260"
            n="042-a-1240"
            ecep:lem="blow"
            ecep:pos="n1"
            ecep:reg="blow"
            ecep:spe="blow"
            ecep:syllab="1"
            ecep:pron="bləʊ">blow</w>
         <pc xml:id="pma99-048270"
             n="042-a-1250"
             ecep:lem=","
             ecep:pos=","
             ecep:reg=","
             ecep:spe=",">,</pc>
      </l>
      <l n="29" xml:id="pma99-l00385">
         <c> </c>
         <w xml:id="pma99-048280"
            n="042-a-1260"
            ecep:lem="teach"
            ecep:pos="vvb"
            ecep:reg="Teach"
            ecep:spe="Teach"
            ecep:syllab="1"
            ecep:pron="tiːtʃ">Teach</w>
         <c> </c>
         <w xml:id="pma99-048290"
            n="042-a-1270"
            ecep:lem="i"
            ecep:pos="pno11"
            ecep:reg="me"
            ecep:spe="me"
            ecep:syllab="1"
            ecep:pron="miː">me</w>
         <c> </c>
         <w xml:id="pma99-048300"
            n="042-a-1280"
            ecep:lem="submission"
            ecep:pos="n1"
            ecep:reg="submission"
            ecep:spe="submission"
            ecep:syllab="3"
            ecep:pron="səbˈmɪʃn">submission</w>
         <pc xml:id="pma99-048310"
             n="042-a-1290"
             ecep:lem=","
             ecep:pos=","
             ecep:reg=","
             ecep:spe=",">,</pc>
         <c> </c>
         <w xml:id="pma99-048320"
            n="042-a-1300"
            ecep:lem="that"
            ecep:pos="cst"
            ecep:reg="that"
            ecep:spe="that"
            ecep:syllab="1"
            ecep:pron="ðæt">that</w>
         <c> </c>
         <w xml:id="pma99-048330"
            n="042-a-1310"
            ecep:lem="may"
            ecep:pos="vmb"
            ecep:reg="may"
            ecep:spe="may"
            ecep:syllab="1"
            ecep:pron="meɪ">may</w>
         <c> </c>
         <w xml:id="pma99-048340"
            n="042-a-1320"
            ecep:lem="show"
            ecep:pos="vvi"
            ecep:reg="show"
            ecep:spe="show"
            ecep:syllab="1"
            ecep:pron="ʃəʊ">show</w>
      </l>
      <l n="30" rendition="#h_3" xml:id="pma99-l00390">
         <c> </c>
         <w xml:id="pma99-048350"
            n="042-a-1330"
            ecep:lem="on"
            ecep:pos="p-acp"
            ecep:reg="On"
            ecep:spe="On"
            ecep:syllab="1"
            ecep:pron="ɒn">On</w>
         <c> </c>
         <w xml:id="pma99-048360"
            n="042-a-1340"
            ecep:lem="what"
            ecep:pos="r-crq"
            ecep:reg="what"
            ecep:spe="what"
            ecep:syllab="1"
            ecep:pron="wɒt">what</w>
         <c> </c>
         <w xml:id="pma99-048370"
            n="042-a-1350"
            ecep:lem="my"
            ecep:pos="po11"
            ecep:reg="my"
            ecep:spe="my"
            ecep:syllab="1"
            ecep:pron="maɪ">my</w>
         <c> </c>
         <w xml:id="pma99-048380"
            n="042-a-1360"
            ecep:lem="joy"
            ecep:pos="n2"
            ecep:reg="joys"
            ecep:spe="joys"
            ecep:syllab="1"
            ecep:pron="dʒɔɪz">joys</w>
         <c> </c>
         <w xml:id="pma99-048390"
            n="042-a-1370"
            ecep:lem="i"
            ecep:pos="pns11"
            ecep:reg="I"
            ecep:spe="I"
            ecep:syllab="1"
            ecep:pron="aɪ">I</w>
         <c> </c>
         <w xml:id="pma99-048400"
            n="042-a-1380"
            ecep:lem="find"
            ecep:pos="vvd"
            ecep:reg="found"
            ecep:spe="found"
            ecep:syllab="1"
            ecep:pron="faʊnd">found</w>
         <pc xml:id="pma99-048410"
             n="042-a-1390"
             unit="sentence"
             ecep:lem="."
             ecep:pos="."
             ecep:reg="."
             ecep:spe=".">.</pc>
         <c> </c>
      </l>
      <pb facs="pma99/0043" n="7" rend="none"/>
   </lg>
   <lg xml:id="pma99-s00100">
      <l n="31" xml:id="pma99-l00395">
         <w xml:id="pma99-048440"
            n="043-a-0010"
            ecep:lem="oh"
            ecep:pos="uh"
            ecep:reg="O"
            ecep:spe="Oh"
            ecep:syllab="1"
            ecep:pron="əʊ">Oh</w>
         <c> </c>
         <w xml:id="pma99-048450"
            n="043-a-0020"
            ecep:lem="then"
            ecep:pos="av"
            ecep:reg="then"
            ecep:spe="then"
            ecep:syllab="1"
            ecep:pron="ðen">then</w>
         <c> </c>
         <w xml:id="pma99-048460"
            n="043-a-0030"
            ecep:lem="vouchsafe"
            ecep:pos="vvb"
            ecep:reg="vouchsafe"
            ecep:spe="vouchsafe"
            ecep:syllab="2"
            ecep:pron="ˌvaʊtʃˈseɪf">vouchsafe</w>
         <c> </c>
         <w xml:id="pma99-048470"
            n="043-a-0040"
            ecep:lem="thy"
            ecep:pos="po21"
            ecep:reg="thy"
            ecep:spe="thy"
            ecep:syllab="1"
            ecep:pron="ðaɪ">thy</w>
         <c> </c>
         <w xml:id="pma99-048480"
            n="043-a-0050"
            ecep:lem="heavenly"
            ecep:pos="j"
            ecep:reg="heavenly"
            ecep:spe="heavenly"
            ecep:syllab="2"
            ecep:pron="ˈhevnli">heavenly</w>
         <c> </c>
         <w xml:id="pma99-048490"
            n="043-a-0060"
            ecep:lem="aid"
            ecep:pos="n1"
            ecep:reg="aid"
            ecep:spe="aid"
            ecep:syllab="1"
            ecep:pron="eɪd">aid</w>
      </l>
      <l n="32" xml:id="pma99-l00400">
         <c> </c>
         <w xml:id="pma99-048500"
            n="043-a-0070"
            ecep:lem="to"
            ecep:pos="pc-acp"
            ecep:reg="To"
            ecep:spe="To"
            ecep:syllab="1"
            ecep:pron="tuː">To</w>
         <c> </c>
         <w xml:id="pma99-048510"
            n="043-a-0080"
            ecep:lem="lead"
            ecep:pos="vvi"
            ecep:reg="lead"
            ecep:spe="lead"
            ecep:syllab="1"
            ecep:pron="liːd">lead</w>
         <c> </c>
         <w xml:id="pma99-048520"
            n="043-a-0090"
            ecep:lem="i"
            ecep:pos="pno11"
            ecep:reg="me"
            ecep:spe="me"
            ecep:syllab="1"
            ecep:pron="miː">me</w>
         <c> </c>
         <w xml:id="pma99-048530"
            n="043-a-0100"
            ecep:lem="through"
            ecep:pos="p-acp"
            ecep:reg="through"
            ecep:spe="thro'"
            ecep:syllab="1"
            ecep:pron="θruː">thro'</w>
         <c> </c>
         <w xml:id="pma99-048540"
            n="043-a-0110"
            ecep:lem="the"
            ecep:pos="dt"
            ecep:reg="the"
            ecep:spe="the"
            ecep:syllab="1"
            ecep:pron="ðiː">the</w>
         <c> </c>
         <w xml:id="pma99-048550"
            n="043-a-0120"
            ecep:lem="gloomy"
            ecep:pos="j"
            ecep:reg="gloomy"
            ecep:spe="gloomy"
            ecep:syllab="2"
            ecep:pron="ˈgluːmi">gloomy</w>
         <c> </c>
         <w xml:id="pma99-048560"
            n="043-a-0130"
            ecep:lem="shade"
            ecep:pos="n1"
            ecep:reg="shade"
            ecep:spe="shade"
            ecep:syllab="1"
            ecep:pron="ʃeɪd">shade</w>
      </l>
      <l n="33" rendition="#h_3" xml:id="pma99-l00405">
         <c> </c>
         <w xml:id="pma99-048570"
            n="043-a-0140"
            ecep:lem="of"
            ecep:pos="pp-f"
            ecep:reg="Of"
            ecep:spe="Of"
            ecep:syllab="1"
            ecep:pron="ɒv">Of</w>
         <c> </c>
         <w xml:id="pma99-048580"
            n="043-a-0150"
            ecep:lem="worldly"
            ecep:pos="j"
            ecep:reg="worldly"
            ecep:spe="worldly"
            ecep:syllab="2"
            ecep:pron="ˈwɜːldli">worldly</w>
         <c> </c>
         <w xml:id="pma99-048590"
            n="043-a-0160"
            ecep:lem="grief"
            ecep:pos="n1"
            ecep:reg="grief"
            ecep:spe="grief"
            ecep:syllab="1"
            ecep:pron="griːf">grief</w>
         <c> </c>
         <w xml:id="pma99-048600"
            n="043-a-0170"
            ecep:lem="and"
            ecep:pos="cc"
            ecep:reg="and"
            ecep:spe="and"
            ecep:syllab="1"
            ecep:pron="ænd">and</w>
         <c> </c>
         <w xml:id="pma99-048610"
            n="043-a-0180"
            ecep:lem="care"
            ecep:pos="n1"
            ecep:reg="care"
            ecep:spe="care"
            ecep:syllab="1"
            ecep:pron="keə">care</w>
         <pc xml:id="pma99-048620"
             n="043-a-0190"
             ecep:lem=";"
             ecep:pos=";"
             ecep:reg=";"
             ecep:spe=";">;</pc>
      </l>
      <l n="34" xml:id="pma99-l00410">
         <c> </c>
         <w xml:id="pma99-048630"
            n="043-a-0200"
            ecep:lem="support"
            ecep:pos="vvn"
            ecep:reg="Supported"
            ecep:spe="Supported"
            ecep:syllab="3"
            ecep:pron="səˈpɔːtɪd">Supported</w>
         <c> </c>
         <w xml:id="pma99-048640"
            n="043-a-0210"
            ecep:lem="by"
            ecep:pos="p-acp"
            ecep:reg="by"
            ecep:spe="by"
            ecep:syllab="1"
            ecep:pron="baɪ">by</w>
         <c> </c>
         <w xml:id="pma99-048650"
            n="043-a-0220"
            ecep:lem="thy"
            ecep:pos="po21"
            ecep:reg="thy"
            ecep:spe="thy"
            ecep:syllab="1"
            ecep:pron="ðaɪ">thy</w>
         <c> </c>
         <w xml:id="pma99-048660"
            n="043-a-0230"
            ecep:lem="foster"
            ecep:pos="j-vvg"
            ecep:reg="fostering"
            ecep:spe="fost'ring"
            ecep:syllab="2"
            ecep:pron="fˈɒstrɪŋ">fost'ring</w>
         <c> </c>
         <w xml:id="pma99-048670"
            n="043-a-0240"
            ecep:lem="hand"
            ecep:pos="n1"
            ecep:reg="hand"
            ecep:spe="hand"
            ecep:syllab="1"
            ecep:pron="hænd">hand</w>
         <pc xml:id="pma99-048680"
             n="043-a-0250"
             ecep:lem=","
             ecep:pos=","
             ecep:reg=","
             ecep:spe=",">,</pc>
      </l>
      <l n="35" xml:id="pma99-l00415">
         <c> </c>
         <w xml:id="pma99-048690"
            n="043-a-0260"
            ecep:lem="let"
            ecep:pos="vvb"
            ecep:reg="Let"
            ecep:spe="Let"
            ecep:syllab="1"
            ecep:pron="let">Let</w>
         <c> </c>
         <w xml:id="pma99-048700"
            n="043-a-0270"
            ecep:lem="i"
            ecep:pos="pno11"
            ecep:reg="me"
            ecep:spe="me"
            ecep:syllab="1"
            ecep:pron="miː">me</w>
         <c> </c>
         <w xml:id="pma99-048710"
            n="043-a-0280"
            ecep:lem="temptation"
            ecep:pos="ng1"
            ecep:reg="temptation's"
            ecep:spe="temptation's"
            ecep:syllab="3"
            ecep:pron="tempˈteɪʃnz">temptation's</w>
         <c> </c>
         <w xml:id="pma99-048720"
            n="043-a-0290"
            ecep:lem="lure"
            ecep:pos="vvi"
            ecep:reg="lure"
            ecep:spe="lure"
            ecep:syllab="1"
            ecep:pron="lʊə">lure</w>
         <c> </c>
         <w xml:id="pma99-048730"
            n="043-a-0300"
            ecep:lem="withstand"
            ecep:pos="vvi"
            ecep:reg="withstand"
            ecep:spe="withstand"
            ecep:syllab="2"
            ecep:pron="wɪðˈstænd">withstand</w>
         <pc xml:id="pma99-048740"
             n="043-a-0310"
             ecep:lem=","
             ecep:pos=","
             ecep:reg=","
             ecep:spe=",">,</pc>
      </l>
      <l n="36" rendition="#h_3" xml:id="pma99-l00420">
         <c> </c>
         <w xml:id="pma99-048750"
            n="043-a-0320"
            ecep:lem="and"
            ecep:pos="cc"
            ecep:reg="And"
            ecep:spe="And"
            ecep:syllab="1"
            ecep:pron="ænd">And</w>
         <c> </c>
         <w xml:id="pma99-048760"
            n="043-a-0330"
            ecep:lem="chace"
            ecep:pos="n1"
            ecep:reg="chase"
            ecep:spe="chace"
            ecep:syllab="1"
            ecep:pron="ˈtʃeɪs">chace</w>
         <c> </c>
         <w xml:id="pma99-048770"
            n="043-a-0340"
            ecep:lem="away"
            ecep:pos="av"
            ecep:reg="away"
            ecep:spe="away"
            ecep:syllab="2"
            ecep:pron="əˈweɪ">away</w>
         <c> </c>
         <w xml:id="pma99-048780"
            n="043-a-0350"
            ecep:lem="despair"
            ecep:pos="n1"
            ecep:reg="despair"
            ecep:spe="despair"
            ecep:syllab="2"
            ecep:pron="dɪˈspeə">despair</w>
         <pc xml:id="pma99-048790"
             n="043-a-0360"
             unit="sentence"
             ecep:lem="."
             ecep:pos="."
             ecep:reg="."
             ecep:spe=".">.</pc>
         <c> </c>
      </l>
   </lg>
   <lg xml:id="pma99-s00105">
      <l n="37" xml:id="pma99-l00425">
         <w xml:id="pma99-048820"
            n="043-a-0370"
            ecep:lem="thus"
            ecep:pos="av"
            ecep:reg="Thus"
            ecep:spe="Thus"
            ecep:syllab="1"
            ecep:pron="ðʌs">Thus</w>
         <c> </c>
         <w xml:id="pma99-048830"
            n="043-a-0380"
            ecep:lem="shall"
            ecep:pos="vmb"
            ecep:reg="shall"
            ecep:spe="shall"
            ecep:syllab="1"
            ecep:pron="ʃæl">shall</w>
         <c> </c>
         <w xml:id="pma99-048840"
            n="043-a-0390"
            ecep:lem="you"
            ecep:pos="pn22"
            ecep:reg="you"
            ecep:spe="you"
            ecep:syllab="1"
            ecep:pron="juː">you</w>
         <c> </c>
         <w xml:id="pma99-048850"
            n="043-a-0400"
            ecep:lem="pass"
            ecep:pos="vvi"
            ecep:reg="pass"
            ecep:spe="pass"
            ecep:syllab="1"
            ecep:pron="pɑːs">pass</w>
         <c> </c>
         <w xml:id="pma99-048860"
            n="043-a-0410"
            ecep:lem="serene"
            ecep:pos="av-j"
            ecep:reg="serenely"
            ecep:spe="serenely"
            ecep:syllab="4"
            ecep:pron="sɪˈriːnli">serenely</w>
         <c> </c>
         <w xml:id="pma99-048870"
            n="043-a-0420"
            ecep:lem="over"
            ecep:pos="a-acp"
            ecep:reg="over"
            ecep:spe="o'er"
            ecep:syllab="1"
            ecep:pron="ˈɔːə">o'er</w>
         <pc xml:id="pma99-048880"
             n="043-a-0430"
             ecep:lem=","
             ecep:pos=","
             ecep:reg=","
             ecep:spe=",">,</pc>
      </l>
      <l n="38" xml:id="pma99-l00430">
         <c> </c>
         <w xml:id="pma99-048890"
            n="043-a-0440"
            ecep:lem="you"
            ecep:pos="pn22"
            ecep:reg="You"
            ecep:spe="Ye"
            ecep:syllab="1"
            ecep:pron="jiː">Ye</w>
         <c> </c>
         <w xml:id="pma99-048900"
            n="043-a-0450"
            ecep:lem="circle"
            ecep:pos="j-vvg"
            ecep:reg="circling"
            ecep:spe="circling"
            ecep:syllab="3"
            ecep:pron="ˈsɜːklɪŋ">circling</w>
         <c> </c>
         <w xml:id="pma99-048910"
            n="043-a-0460"
            ecep:lem="year"
            ecep:pos="n2"
            ecep:reg="years"
            ecep:spe="years"
            ecep:syllab="1"
            ecep:pron="jɪəz">years</w>
         <pc xml:id="pma99-048920"
             n="043-a-0470"
             ecep:lem=","
             ecep:pos=","
             ecep:reg=","
             ecep:spe=",">,</pc>
         <c> </c>
         <w xml:id="pma99-048930"
            n="043-a-0480"
            ecep:lem="while"
            ecep:pos="cs"
            ecep:reg="while"
            ecep:spe="whilst"
            ecep:syllab="1"
            ecep:pron="waɪlst">whilst</w>
         <c> </c>
         <w xml:id="pma99-048940"
            n="043-a-0490"
            ecep:lem="i"
            ecep:pos="pns11"
            ecep:reg="I"
            ecep:spe="I"
            ecep:syllab="1"
            ecep:pron="aɪ">I</w>
         <c> </c>
         <w xml:id="pma99-048950"
            n="043-a-0500"
            ecep:lem="implore"
            ecep:pos="vvb"
            ecep:reg="implore"
            ecep:spe="implore"
            ecep:syllab="2"
            ecep:pron="ɪmˈplɔː">implore</w>
      </l>
      <l n="39" rendition="#h_3" xml:id="pma99-l00435">
         <c> </c>
         <w xml:id="pma99-048960"
            n="043-a-0510"
            ecep:lem="the"
            ecep:pos="dt"
            ecep:reg="The"
            ecep:spe="The"
            ecep:syllab="1"
            ecep:pron="ðiː">The</w>
         <c> </c>
         <w xml:id="pma99-048970"
            n="043-a-0520"
            ecep:lem="god"
            ecep:pos="n1"
            ecep:reg="God"
            ecep:spe="God"
            ecep:syllab="1"
            ecep:pron="gɒd">God</w>
         <pc xml:id="pma99-048980"
             n="043-a-0530"
             ecep:lem=","
             ecep:pos=","
             ecep:reg=","
             ecep:spe=",">,</pc>
         <c> </c>
         <w xml:id="pma99-048990"
            n="043-a-0540"
            ecep:lem="who"
            ecep:pos="r-crq"
            ecep:reg="who"
            ecep:spe="who"
            ecep:syllab="1"
            ecep:pron="huː">who</w>
         <c> </c>
         <w xml:id="pma99-049000"
            n="043-a-0550"
            ecep:lem="give"
            ecep:pos="vvz"
            ecep:reg="gives"
            ecep:spe="gives"
            ecep:syllab="1"
            ecep:pron="gɪvz">gives</w>
         <c> </c>
         <w xml:id="pma99-049010"
            n="043-a-0560"
            ecep:lem="i"
            ecep:pos="pno11"
            ecep:reg="me"
            ecep:spe="me"
            ecep:syllab="1"
            ecep:pron="miː">me</w>
         <c> </c>
         <w xml:id="pma99-049020"
            n="043-a-0570"
            ecep:lem="breath"
            ecep:pos="n1"
            ecep:reg="breath"
            ecep:spe="breath"
            ecep:syllab="1"
            ecep:pron="breθ">breath</w>
         <pc xml:id="pma99-049030"
             n="043-a-0580"
             ecep:lem=","
             ecep:pos=","
             ecep:reg=","
             ecep:spe=",">,</pc>
      </l>
      <l n="40" xml:id="pma99-l00440">
         <c> </c>
         <w xml:id="pma99-049040"
            n="043-a-0590"
            ecep:lem="to"
            ecep:pos="pc-acp"
            ecep:reg="To"
            ecep:spe="To"
            ecep:syllab="1"
            ecep:pron="tuː">To</w>
         <c> </c>
         <w xml:id="pma99-049050"
            n="043-a-0600"
            ecep:lem="lead"
            ecep:pos="vvi"
            ecep:reg="lead"
            ecep:spe="lead"
            ecep:syllab="1"
            ecep:pron="liːd">lead</w>
         <c> </c>
         <w xml:id="pma99-049060"
            n="043-a-0610"
            ecep:lem="i"
            ecep:pos="pno11"
            ecep:reg="me"
            ecep:spe="me"
            ecep:syllab="1"
            ecep:pron="miː">me</w>
         <c> </c>
         <w xml:id="pma99-049070"
            n="043-a-0620"
            ecep:lem="on"
            ecep:pos="a-acp"
            ecep:reg="on"
            ecep:spe="on"
            ecep:syllab="1"
            ecep:pron="ɒn">on</w>
         <c> </c>
         <w xml:id="pma99-049080"
            n="043-a-0630"
            ecep:lem="from"
            ecep:pos="p-acp"
            ecep:reg="from"
            ecep:spe="from"
            ecep:syllab="1"
            ecep:pron="frɒm">from</w>
         <c> </c>
         <w xml:id="pma99-049090"
            n="043-a-0640"
            ecep:lem="day"
            ecep:pos="n1"
            ecep:reg="day"
            ecep:spe="day"
            ecep:syllab="1"
            ecep:pron="deɪ">day</w>
         <c> </c>
         <w xml:id="pma99-049100"
            n="043-a-0650"
            ecep:lem="to"
            ecep:pos="p-acp"
            ecep:reg="to"
            ecep:spe="to"
            ecep:syllab="1"
            ecep:pron="tuː">to</w>
         <c> </c>
         <w xml:id="pma99-049110"
            n="043-a-0660"
            ecep:lem="day"
            ecep:pos="n1"
            ecep:reg="day"
            ecep:spe="day"
            ecep:syllab="1"
            ecep:pron="deɪ">day</w>
      </l>
      <l n="41" xml:id="pma99-l00445">
         <c> </c>
         <w xml:id="pma99-049120"
            n="043-a-0670"
            ecep:lem="secure"
            ecep:pos="vvb"
            ecep:reg="Secure"
            ecep:spe="Secure"
            ecep:syllab="2"
            ecep:pron="sɪˈkjʊə">Secure</w>
         <c> </c>
         <w xml:id="pma99-049130"
            n="043-a-0680"
            ecep:lem="in"
            ecep:pos="p-acp"
            ecep:reg="in"
            ecep:spe="in"
            ecep:syllab="1"
            ecep:pron="ɪn">in</w>
         <c> </c>
         <w xml:id="pma99-049140"
            n="043-a-0690"
            ecep:lem="virtue"
            ecep:pos="ng1"
            ecep:reg="virtue's"
            ecep:spe="virtue's"
            ecep:syllab="2"
            ecep:pron="ˈvɜːtʃuːz">virtue's</w>
         <c> </c>
         <w xml:id="pma99-049150"
            n="043-a-0700"
            ecep:lem="holy"
            ecep:pos="j"
            ecep:reg="holy"
            ecep:spe="holy"
            ecep:syllab="2"
            ecep:pron="ˈhəʊli">holy</w>
         <c> </c>
         <w xml:id="pma99-049160"
            n="043-a-0710"
            ecep:lem="way"
            ecep:pos="n1"
            ecep:reg="way"
            ecep:spe="way"
            ecep:syllab="1"
            ecep:pron="weɪ">way</w>
         <pc xml:id="pma99-049170"
             n="043-a-0720"
             ecep:lem=","
             ecep:pos=","
             ecep:reg=","
             ecep:spe=",">,</pc>
      </l>
      <l n="42" rendition="#h_3" xml:id="pma99-l00450">
         <c> </c>
         <w xml:id="pma99-049180"
            n="043-a-0730"
            ecep:lem="resign"
            ecep:pos="vvn"
            ecep:reg="Resigned"
            ecep:spe="Resign'd"
            ecep:syllab="2"
            ecep:pron="rɪˈzaɪnd">Resign'd</w>
         <c> </c>
         <w xml:id="pma99-049190"
            n="043-a-0740"
            ecep:lem="to"
            ecep:pos="p-acp"
            ecep:reg="to"
            ecep:spe="to"
            ecep:syllab="1"
            ecep:pron="tuː">to</w>
         <c> </c>
         <w xml:id="pma99-049200"
            n="043-a-0750"
            ecep:lem="life"
            ecep:pos="n1"
            ecep:reg="life"
            ecep:spe="life"
            ecep:syllab="1"
            ecep:pron="laɪf">life</w>
         <c> </c>
         <w xml:id="pma99-049210"
            n="043-a-0760"
            ecep:lem="or"
            ecep:pos="cc"
            ecep:reg="or"
            ecep:spe="or"
            ecep:syllab="1"
            ecep:pron="ɔː">or</w>
         <c> </c>
         <w xml:id="pma99-049220"
            n="043-a-0770"
            ecep:lem="death"
            ecep:pos="n1"
            ecep:reg="death"
            ecep:spe="death"
            ecep:syllab="1"
            ecep:pron="deθ">death</w>
         <pc xml:id="pma99-049230"
             n="043-a-0780"
             unit="sentence"
             ecep:lem="."
             ecep:pos="."
             ecep:reg="."
             ecep:spe=".">.</pc>
         <c> </c>
      </l>
   </lg>
</div>
