<?xml version="1.0" encoding="UTF-8"?>
<?xml-model href="../tei_all.rnc" type="application/relax-ng-compact-syntax"?>
<TEI xmlns="http://www.tei-c.org/ns/1.0">
   <teiHeader>
      <fileDesc>
         <titleStmt>
            <title corresp="#txt_WeslCh1707_w0040">ACTS ii. 41, &amp;c.</title>
            <author corresp="authors.xml#aut_WeslCh1707">Rev. Charles Wesley</author>
            <respStmt>
               <name xml:id="AH">Alexander Huber</name>
               <resp>Editor</resp>
            </respStmt>
            <funder>
               <name type="institution" xml:id="BOD">Bodleian Libraries, University of Oxford</name>
               <address>
                  <addrLine>Broad Street</addrLine>
                  <addrLine>Oxford OX1 3BG</addrLine>
                  <addrLine>UK</addrLine>
               </address>
            </funder>
         </titleStmt>
         <publicationStmt>
            <publisher xml:id="ECPA">Eighteenth-Century Poetry Archive</publisher>
            <address>
               <addrLine>Taylor Institution Library</addrLine>
               <addrLine>St Giles'</addrLine>
               <addrLine>Oxford OX1 3NA</addrLine>
               <addrLine>UK</addrLine>
               <addrLine>
                  <email>info@eighteenthcenturypoetry.org</email>
               </addrLine>
               <addrLine>
                  <ref target="https://www.eighteenthcenturypoetry.org/">https://www.eighteenthcenturypoetry.org/</ref>
               </addrLine>
            </address>
            <pubPlace>Oxford</pubPlace>
            <availability status="restricted">
               <licence target="http://creativecommons.org/licenses/by-sa/3.0/">This work is licensed under a Creative Commons Attribution-ShareAlike 3.0 Unported License.</licence>
            </availability>
            <idno type="ESTC">T31323</idno>
            <idno type="TCP">K034809.000</idno>
         </publicationStmt>
         <sourceDesc>
            <bibl>
               <author>Wesley, John, 1703-1791. Wesley, Charles, 1707-1788.</author>
               <title>Hymns and sacred poems: Published by John Wesley, ... and Charles Wesley, ...</title>
               <pubPlace>London</pubPlace>
               <publisher>printed by William Strahan; and sold by James Hutton; and at Mr. Bray's</publisher>
               <date>1739</date>
               <biblScope>pp. 192-193.</biblScope>
               <extent>x,[6],223,[1]p.; 12⁰.</extent>
            </bibl>
         </sourceDesc>
      </fileDesc>
      <encodingDesc>
         <projectDesc>
            <p>This e-text is part of the Works section of the Eighteenth-Century Poetry Archive (ECPA).</p>
            <p>XML created for the Eighteenth-Century Poetry Archive (ECPA).</p>
         </projectDesc>
         <editorialDecl>
            <p>The text has been typographically modernized, but without any silent modernization of
						spelling, capitalization, or punctuation. The source of the text is given and all editorial interventions
						have been recorded in textual notes. Based on the electronic text originally produced by the TCP project, this  text has been edited to conform to the recommendations found in Level 5 of the
						Best Practices for TEI in Libraries version 4.0.0.
					</p>
         </editorialDecl>
         <classDecl>
            <taxonomy xml:id="LCNAF">
               <bibl>Library of Congress Name Authority File (<abbr>LCNAF</abbr>)</bibl>
            </taxonomy>
         </classDecl>
         <tagsDecl>
            <rendition n="linegroups indented" xml:id="lgindent" scheme="css">text-indent: 1em;</rendition>
            <rendition n="linegroups vertically spaced" xml:id="lgvspace" scheme="css">margin-bottom: 1em;</rendition>
            <rendition n="aligned centrally" xml:id="align-center" scheme="css">text-align: center;</rendition>
            <rendition n="aligned right" xml:id="align-right" scheme="css">text-align: right;</rendition>
            <rendition n="aligned left" xml:id="align-left" scheme="css">text-align: left;</rendition>
            <rendition n="inline" xml:id="inline" scheme="css">display: inline</rendition>
            <rendition n="italic" xml:id="i" scheme="css">font-style: italic;</rendition>
            <rendition n="bold" xml:id="b" scheme="css">font-weight: bold;</rendition>
         </tagsDecl>
      </encodingDesc>
   </teiHeader>
   <text>
      <body>
         <div xmlns:ecep="http://www.eighteenthcenturypoetry.org/ns"
              ana="#iamb #tetrameter #quatrain #cross #hymn"
              corresp="#txt_WeslCh1707_w0040"
              decls="#semi-normalized"
              ecep:syllab="8.8.8.8"
              met="-+|-+|-+|-+/ -+|-+|-+|-+/ -+|-+|-+|-+/ -+|-+|-+|-+/"
              rendition="#lgvspace"
              rhyme="abab"
              subtype="eceptext"
              type="poem"
              xml:id="o3900-w1200">
            <link target="authors.xml#aut_WeslCh1707" type="author"/>
            <head type="main">
               <bibl>
                  <w xmlns:ecep="http://www.eighteenthcenturypoetry.org/ns"
                     xml:id="o3900-434240"
                     n="211-a-0280"
                     ecep:lem="act"
                     ecep:pos="vvz"
                     ecep:reg="ACTS"
                     ecep:spe="ACTS"
                     ecep:syllab="1"
                     ecep:pron="ækts">ACTS</w>
                  <c> </c>
                  <w xmlns:ecep="http://www.eighteenthcenturypoetry.org/ns"
                     xml:id="o3900-434250"
                     n="211-a-0290"
                     ecep:lem="ii"
                     ecep:pos="crd"
                     ecep:reg="ii"
                     ecep:spe="ii"
                     ecep:syllab="1"
                     ecep:pron="rˌəʊməntˈuː">ii</w>
                  <pc xmlns:ecep="http://www.eighteenthcenturypoetry.org/ns"
                      xml:id="o3900-434260"
                      n="211-a-0300"
                      ecep:lem="."
                      ecep:pos="."
                      ecep:reg="."
                      ecep:spe=".">.</pc>
                  <c> </c>
                  <w xmlns:ecep="http://www.eighteenthcenturypoetry.org/ns"
                     xml:id="o3900-434270"
                     n="211-a-0310"
                     ecep:lem="41"
                     ecep:pos="crd"
                     ecep:reg="41"
                     ecep:spe="41"
                     ecep:syllab="1"
                     ecep:pron="fˈɔːtiwˈɒn">41</w>
                  <pc unit="sentence" xml:id="o3900-434270-eos" n="211-a-0320"/>
               </bibl>
               <pc xmlns:ecep="http://www.eighteenthcenturypoetry.org/ns"
                   xml:id="o3900-434210"
                   n="211-a-0330"
                   unit="sentence"
                   ecep:lem=","
                   ecep:pos=","
                   ecep:reg=","
                   ecep:spe=",">,</pc>
               <c> </c>
               <w xmlns:ecep="http://www.eighteenthcenturypoetry.org/ns"
                  xml:id="o3900-434220"
                  n="211-a-0340"
                  ecep:lem="etc."
                  ecep:pos="av"
                  ecep:reg="etc."
                  ecep:spe="&amp;c."
                  ecep:syllab="0"
                  ecep:pron="ændsˈiː">&amp;c.</w>
               <pc unit="sentence" xml:id="o3900-434220-eos" n="211-a-0350"/>
            </head>
            <lg n="1" xml:id="o3900-s04250">
               <head>
                  <w xmlns:ecep="http://www.eighteenthcenturypoetry.org/ns"
                     xml:id="o3900-434310"
                     n="211-a-0360"
                     ecep:lem="i"
                     ecep:pos="pns11"
                     ecep:reg="I"
                     ecep:spe="I."
                     ecep:syllab="1"
                     ecep:pron="ˈaɪ">I.</w>
                  <pc unit="sentence" xml:id="o3900-434310-eos" n="211-a-0370"/>
               </head>
               <l xml:id="o3900-l22660">
                  <w xmlns:ecep="http://www.eighteenthcenturypoetry.org/ns"
                     xml:id="o3900-434330"
                     n="211-a-0380"
                     ecep:lem="the"
                     ecep:pos="dt"
                     ecep:reg="THE"
                     ecep:spe="THE"
                     ecep:syllab="1"
                     ecep:pron="ðiː">THE</w>
                  <c> </c>
                  <w xmlns:ecep="http://www.eighteenthcenturypoetry.org/ns"
                     xml:id="o3900-434340"
                     n="211-a-0390"
                     ecep:lem="word"
                     ecep:pos="n1"
                     ecep:reg="Word"
                     ecep:spe="Word"
                     ecep:syllab="1"
                     ecep:pron="wɜːd">Word</w>
                  <c> </c>
                  <w xmlns:ecep="http://www.eighteenthcenturypoetry.org/ns"
                     xml:id="o3900-434350"
                     n="211-a-0400"
                     ecep:lem="pronounce"
                     ecep:pos="vvd"
                     ecep:reg="pronounced"
                     ecep:spe="pronounc'd"
                     ecep:syllab="2"
                     ecep:pron="prəˈnaʊnst">pronounc'd</w>
                  <pc xmlns:ecep="http://www.eighteenthcenturypoetry.org/ns"
                      xml:id="o3900-434360"
                      n="211-a-0410"
                      ecep:lem=","
                      ecep:pos=","
                      ecep:reg=","
                      ecep:spe=",">,</pc>
                  <c> </c>
                  <w xmlns:ecep="http://www.eighteenthcenturypoetry.org/ns"
                     xml:id="o3900-434370"
                     n="211-a-0420"
                     ecep:lem="the"
                     ecep:pos="dt"
                     ecep:reg="the"
                     ecep:spe="the"
                     ecep:syllab="1"
                     ecep:pron="ðiː">the</w>
                  <c> </c>
                  <w xmlns:ecep="http://www.eighteenthcenturypoetry.org/ns"
                     xml:id="o3900-434380"
                     n="211-a-0430"
                     ecep:lem="gospel-word"
                     ecep:pos="n1"
                     ecep:reg="Gospel-Word"
                     ecep:spe="Gospel-Word"
                     ecep:syllab="3"
                     ecep:pron="ˈgɒsplˌwɜːd">Gospel-Word</w>
                  <pc xmlns:ecep="http://www.eighteenthcenturypoetry.org/ns"
                      xml:id="o3900-434390"
                      n="211-a-0440"
                      ecep:lem=","
                      ecep:pos=","
                      ecep:reg=","
                      ecep:spe=",">,</pc>
               </l>
               <l xml:id="o3900-l22665">
                  <c> </c>
                  <w xmlns:ecep="http://www.eighteenthcenturypoetry.org/ns"
                     xml:id="o3900-434400"
                     n="211-a-0450"
                     ecep:lem="the"
                     ecep:pos="dt"
                     ecep:reg="The"
                     ecep:spe="The"
                     ecep:syllab="1"
                     ecep:pron="ðiː">The</w>
                  <c> </c>
                  <w xmlns:ecep="http://www.eighteenthcenturypoetry.org/ns"
                     xml:id="o3900-434410"
                     n="211-a-0460"
                     ecep:lem="crowd"
                     ecep:pos="n1"
                     ecep:reg="Crowd"
                     ecep:spe="Crowd"
                     ecep:syllab="1"
                     ecep:pron="kraʊd">Crowd</w>
                  <c> </c>
                  <w xmlns:ecep="http://www.eighteenthcenturypoetry.org/ns"
                     xml:id="o3900-434420"
                     n="211-a-0470"
                     ecep:lem="with"
                     ecep:pos="p-acp"
                     ecep:reg="with"
                     ecep:spe="with"
                     ecep:syllab="1"
                     ecep:pron="wɪð">with</w>
                  <c> </c>
                  <w xmlns:ecep="http://www.eighteenthcenturypoetry.org/ns"
                     xml:id="o3900-434430"
                     n="211-a-0480"
                     ecep:lem="various"
                     ecep:pos="j"
                     ecep:reg="various"
                     ecep:spe="various"
                     ecep:syllab="2"
                     ecep:pron="ˈveəriəs">various</w>
                  <c> </c>
                  <w xmlns:ecep="http://www.eighteenthcenturypoetry.org/ns"
                     xml:id="o3900-434440"
                     n="211-a-0490"
                     ecep:lem="heart"
                     ecep:pos="n2"
                     ecep:reg="Hearts"
                     ecep:spe="Hearts"
                     ecep:syllab="1"
                     ecep:pron="hɑːts">Hearts</w>
                  <c> </c>
                  <w xmlns:ecep="http://www.eighteenthcenturypoetry.org/ns"
                     xml:id="o3900-434450"
                     n="211-a-0500"
                     ecep:lem="receive"
                     ecep:pos="vvn"
                     ecep:reg="received"
                     ecep:spe="receiv'd"
                     ecep:syllab="2"
                     ecep:pron="rɪˈsiːvd">receiv'd</w>
                  <pc xmlns:ecep="http://www.eighteenthcenturypoetry.org/ns"
                      xml:id="o3900-434460"
                      n="211-a-0510"
                      ecep:lem=":"
                      ecep:pos=":"
                      ecep:reg=":"
                      ecep:spe=":">:</pc>
               </l>
               <l xml:id="o3900-l22670">
                  <c> </c>
                  <w xmlns:ecep="http://www.eighteenthcenturypoetry.org/ns"
                     xml:id="o3900-434470"
                     n="211-a-0520"
                     ecep:lem="in"
                     ecep:pos="p-acp"
                     ecep:reg="In"
                     ecep:spe="In"
                     ecep:syllab="1"
                     ecep:pron="ɪn">In</w>
                  <c> </c>
                  <w xmlns:ecep="http://www.eighteenthcenturypoetry.org/ns"
                     xml:id="o3900-434480"
                     n="211-a-0530"
                     ecep:lem="many"
                     ecep:pos="d"
                     ecep:reg="many"
                     ecep:spe="many"
                     ecep:syllab="2"
                     ecep:pron="ˈmeni">many</w>
                  <c> </c>
                  <w xmlns:ecep="http://www.eighteenthcenturypoetry.org/ns"
                     xml:id="o3900-434490"
                     n="211-a-0540"
                     ecep:lem="a"
                     ecep:pos="dt"
                     ecep:reg="a"
                     ecep:spe="a"
                     ecep:syllab="1"
                     ecep:pron="ə">a</w>
                  <c> </c>
                  <w xmlns:ecep="http://www.eighteenthcenturypoetry.org/ns"
                     xml:id="o3900-434500"
                     n="211-a-0550"
                     ecep:lem="soul"
                     ecep:pos="n1"
                     ecep:reg="Soul"
                     ecep:spe="Soul"
                     ecep:syllab="1"
                     ecep:pron="səʊl">Soul</w>
                  <c> </c>
                  <w xmlns:ecep="http://www.eighteenthcenturypoetry.org/ns"
                     xml:id="o3900-434510"
                     n="211-a-0560"
                     ecep:lem="the"
                     ecep:pos="dt"
                     ecep:reg="the"
                     ecep:spe="the"
                     ecep:syllab="1"
                     ecep:pron="ðiː">the</w>
                  <c> </c>
                  <w xmlns:ecep="http://www.eighteenthcenturypoetry.org/ns"
                     xml:id="o3900-434520"
                     n="211-a-0570"
                     ecep:lem="saviour"
                     ecep:pos="n1"
                     ecep:reg="Saviour"
                     ecep:spe="Saviour"
                     ecep:syllab="2"
                     ecep:pron="ˈseɪvjə">Saviour</w>
                  <c> </c>
                  <w xmlns:ecep="http://www.eighteenthcenturypoetry.org/ns"
                     xml:id="o3900-434530"
                     n="211-a-0580"
                     ecep:lem="stir"
                     ecep:pos="vvd"
                     ecep:reg="stirred"
                     ecep:spe="stir'd"
                     ecep:syllab="1"
                     ecep:pron="stˈɜːd">stir'd</w>
                  <pc xmlns:ecep="http://www.eighteenthcenturypoetry.org/ns"
                      xml:id="o3900-434540"
                      n="211-a-0590"
                      ecep:lem=","
                      ecep:pos=","
                      ecep:reg=","
                      ecep:spe=",">,</pc>
               </l>
               <l xml:id="o3900-l22675">
                  <c> </c>
                  <w xmlns:ecep="http://www.eighteenthcenturypoetry.org/ns"
                     xml:id="o3900-434550"
                     n="211-a-0600"
                     ecep:lem="three"
                     ecep:pos="crd"
                     ecep:reg="Three"
                     ecep:spe="Three"
                     ecep:syllab="1"
                     ecep:pron="θriː">Three</w>
                  <c> </c>
                  <w xmlns:ecep="http://www.eighteenthcenturypoetry.org/ns"
                     xml:id="o3900-434560"
                     n="211-a-0610"
                     ecep:lem="thousand"
                     ecep:pos="crd"
                     ecep:reg="thousand"
                     ecep:spe="thousand"
                     ecep:syllab="2"
                     ecep:pron="ˈθaʊznd">thousand</w>
                  <c> </c>
                  <w xmlns:ecep="http://www.eighteenthcenturypoetry.org/ns"
                     xml:id="o3900-434570"
                     n="211-a-0620"
                     ecep:lem="yield"
                     ecep:pos="vvn"
                     ecep:reg="yielded"
                     ecep:spe="yielded"
                     ecep:syllab="2"
                     ecep:pron="jiːldɪd">yielded</w>
                  <pc xmlns:ecep="http://www.eighteenthcenturypoetry.org/ns"
                      xml:id="o3900-434580"
                      n="211-a-0630"
                      ecep:lem=","
                      ecep:pos=","
                      ecep:reg=","
                      ecep:spe=",">,</pc>
                  <c> </c>
                  <w xmlns:ecep="http://www.eighteenthcenturypoetry.org/ns"
                     xml:id="o3900-434590"
                     n="211-a-0640"
                     ecep:lem="and"
                     ecep:pos="cc"
                     ecep:reg="and"
                     ecep:spe="and"
                     ecep:syllab="1"
                     ecep:pron="ænd">and</w>
                  <c> </c>
                  <w xmlns:ecep="http://www.eighteenthcenturypoetry.org/ns"
                     xml:id="o3900-434600"
                     n="211-a-0650"
                     ecep:lem="believe"
                     ecep:pos="vvn"
                     ecep:reg="believed"
                     ecep:spe="believ'd"
                     ecep:syllab="2"
                     ecep:pron="bɪˈliːvd">believ'd</w>
                  <pc xmlns:ecep="http://www.eighteenthcenturypoetry.org/ns"
                      xml:id="o3900-434610"
                      n="211-a-0660"
                      unit="sentence"
                      ecep:lem="."
                      ecep:pos="."
                      ecep:reg="."
                      ecep:spe=".">.</pc>
                  <c> </c>
               </l>
            </lg>
            <lg n="2" xml:id="o3900-s04255">
               <head>
                  <w xmlns:ecep="http://www.eighteenthcenturypoetry.org/ns"
                     xml:id="o3900-434650"
                     n="211-a-0670"
                     ecep:lem="ii"
                     ecep:pos="crd"
                     ecep:reg="II"
                     ecep:spe="II"
                     ecep:syllab="1"
                     ecep:pron="rˌəʊməntˈuː">II</w>
                  <pc xmlns:ecep="http://www.eighteenthcenturypoetry.org/ns"
                      xml:id="o3900-434660"
                      n="211-a-0680"
                      unit="sentence"
                      ecep:lem="."
                      ecep:pos="."
                      ecep:reg="."
                      ecep:spe=".">.</pc>
               </head>
               <l xml:id="o3900-l22680">
                  <w xmlns:ecep="http://www.eighteenthcenturypoetry.org/ns"
                     xml:id="o3900-434680"
                     n="211-a-0690"
                     ecep:lem="these"
                     ecep:pos="d"
                     ecep:reg="These"
                     ecep:spe="These"
                     ecep:syllab="1"
                     ecep:pron="ðiːz">These</w>
                  <c> </c>
                  <w xmlns:ecep="http://www.eighteenthcenturypoetry.org/ns"
                     xml:id="o3900-434690"
                     n="211-a-0700"
                     ecep:lem="by"
                     ecep:pos="p-acp"
                     ecep:reg="by"
                     ecep:spe="by"
                     ecep:syllab="1"
                     ecep:pron="baɪ">by</w>
                  <c> </c>
                  <w xmlns:ecep="http://www.eighteenthcenturypoetry.org/ns"
                     xml:id="o3900-434700"
                     n="211-a-0710"
                     ecep:lem="the"
                     ecep:pos="dt"
                     ecep:reg="the"
                     ecep:spe="th'"
                     ecep:syllab="0"
                     ecep:pron="ð">th'</w>
                  <c> </c>
                  <w xmlns:ecep="http://www.eighteenthcenturypoetry.org/ns"
                     xml:id="o3900-434710"
                     n="211-a-0720"
                     ecep:lem="apostles"
                     ecep:pos="ng2"
                     ecep:reg="Apostles'"
                     ecep:spe="Apostles'"
                     ecep:syllab="3"
                     ecep:pron="əˈpɒslz">Apostles'</w>
                  <c> </c>
                  <w xmlns:ecep="http://www.eighteenthcenturypoetry.org/ns"
                     xml:id="o3900-434730"
                     n="211-a-0740"
                     ecep:lem="counsel"
                     ecep:pos="n2"
                     ecep:reg="Counsels"
                     ecep:spe="Counsels"
                     ecep:syllab="2"
                     ecep:pron="ˈkaʊnslz">Counsels</w>
                  <c> </c>
                  <w xmlns:ecep="http://www.eighteenthcenturypoetry.org/ns"
                     xml:id="o3900-434740"
                     n="211-a-0750"
                     ecep:lem="lead"
                     ecep:pos="vvn"
                     ecep:reg="led"
                     ecep:spe="led"
                     ecep:syllab="1"
                     ecep:pron="led">led</w>
                  <pc xmlns:ecep="http://www.eighteenthcenturypoetry.org/ns"
                      xml:id="o3900-434750"
                      n="211-a-0760"
                      ecep:lem=","
                      ecep:pos=","
                      ecep:reg=","
                      ecep:spe=",">,</pc>
               </l>
               <l xml:id="o3900-l22685">
                  <c> </c>
                  <w xmlns:ecep="http://www.eighteenthcenturypoetry.org/ns"
                     xml:id="o3900-434760"
                     n="211-a-0770"
                     ecep:lem="with"
                     ecep:pos="p-acp"
                     ecep:reg="With"
                     ecep:spe="With"
                     ecep:syllab="1"
                     ecep:pron="wɪð">With</w>
                  <c> </c>
                  <w xmlns:ecep="http://www.eighteenthcenturypoetry.org/ns"
                     xml:id="o3900-434770"
                     n="211-a-0780"
                     ecep:lem="they"
                     ecep:pos="pno32"
                     ecep:reg="them"
                     ecep:spe="them"
                     ecep:syllab="1"
                     ecep:pron="ðem">them</w>
                  <c> </c>
                  <w xmlns:ecep="http://www.eighteenthcenturypoetry.org/ns"
                     xml:id="o3900-434780"
                     n="211-a-0790"
                     ecep:lem="in"
                     ecep:pos="p-acp"
                     ecep:reg="in"
                     ecep:spe="in"
                     ecep:syllab="1"
                     ecep:pron="ɪn">in</w>
                  <c> </c>
                  <w xmlns:ecep="http://www.eighteenthcenturypoetry.org/ns"
                     xml:id="o3900-434790"
                     n="211-a-0800"
                     ecep:lem="mighty"
                     ecep:pos="j"
                     ecep:reg="mighty"
                     ecep:spe="mighty"
                     ecep:syllab="2"
                     ecep:pron="ˈmaɪti">mighty</w>
                  <c> </c>
                  <w xmlns:ecep="http://www.eighteenthcenturypoetry.org/ns"
                     xml:id="o3900-434800"
                     n="211-a-0810"
                     ecep:lem="prayer"
                     ecep:pos="n2"
                     ecep:reg="Prayers"
                     ecep:spe="Pray'rs"
                     ecep:syllab="1"
                     ecep:pron="ˈpreɪəz">Pray'rs</w>
                  <c> </c>
                  <w xmlns:ecep="http://www.eighteenthcenturypoetry.org/ns"
                     xml:id="o3900-434810"
                     n="211-a-0820"
                     ecep:lem="combine"
                     ecep:pos="vvn"
                     ecep:reg="combined"
                     ecep:spe="combin'd"
                     ecep:syllab="2"
                     ecep:pron="ˈkɒmbaɪnd">combin'd</w>
                  <pc xmlns:ecep="http://www.eighteenthcenturypoetry.org/ns"
                      xml:id="o3900-434820"
                      n="211-a-0830"
                      ecep:lem=","
                      ecep:pos=","
                      ecep:reg=","
                      ecep:spe=",">,</pc>
               </l>
               <l xml:id="o3900-l22690">
                  <c> </c>
                  <w xmlns:ecep="http://www.eighteenthcenturypoetry.org/ns"
                     xml:id="o3900-434830"
                     n="211-a-0840"
                     ecep:lem="break"
                     ecep:pos="vvd"
                     ecep:reg="Broke"
                     ecep:spe="Broke"
                     ecep:syllab="1"
                     ecep:pron="brəʊk">Broke</w>
                  <c> </c>
                  <w xmlns:ecep="http://www.eighteenthcenturypoetry.org/ns"
                     xml:id="o3900-434840"
                     n="211-a-0850"
                     ecep:lem="the"
                     ecep:pos="dt"
                     ecep:reg="the"
                     ecep:spe="the"
                     ecep:syllab="1"
                     ecep:pron="ðiː">the</w>
                  <c> </c>
                  <w xmlns:ecep="http://www.eighteenthcenturypoetry.org/ns"
                     xml:id="o3900-434850"
                     n="211-a-0860"
                     ecep:lem="commemorative"
                     ecep:pos="j"
                     ecep:reg="commemorative"
                     ecep:spe="commemorative"
                     ecep:syllab="5"
                     ecep:pron="kəˈmemrətɪv">commemorative</w>
                  <c> </c>
                  <w xmlns:ecep="http://www.eighteenthcenturypoetry.org/ns"
                     xml:id="o3900-434860"
                     n="211-a-0870"
                     ecep:lem="bread"
                     ecep:pos="n1"
                     ecep:reg="Bread"
                     ecep:spe="Bread"
                     ecep:syllab="1"
                     ecep:pron="bred">Bread</w>
                  <pc xmlns:ecep="http://www.eighteenthcenturypoetry.org/ns"
                      xml:id="o3900-434870"
                      n="211-a-0880"
                      ecep:lem=","
                      ecep:pos=","
                      ecep:reg=","
                      ecep:spe=",">,</pc>
               </l>
               <l xml:id="o3900-l22695">
                  <c> </c>
                  <w xmlns:ecep="http://www.eighteenthcenturypoetry.org/ns"
                     xml:id="o3900-434880"
                     n="211-a-0890"
                     ecep:lem="nor"
                     ecep:pos="ccx"
                     ecep:reg="Nor"
                     ecep:spe="Nor"
                     ecep:syllab="1"
                     ecep:pron="nɔː">Nor</w>
                  <c> </c>
                  <w xmlns:ecep="http://www.eighteenthcenturypoetry.org/ns"
                     xml:id="o3900-434890"
                     n="211-a-0900"
                     ecep:lem="from"
                     ecep:pos="p-acp"
                     ecep:reg="from"
                     ecep:spe="from"
                     ecep:syllab="1"
                     ecep:pron="frɒm">from</w>
                  <c> </c>
                  <w xmlns:ecep="http://www.eighteenthcenturypoetry.org/ns"
                     xml:id="o3900-434900"
                     n="211-a-0910"
                     ecep:lem="the"
                     ecep:pos="dt"
                     ecep:reg="the"
                     ecep:spe="the"
                     ecep:syllab="1"
                     ecep:pron="ðiː">the</w>
                  <c> </c>
                  <w xmlns:ecep="http://www.eighteenthcenturypoetry.org/ns"
                     xml:id="o3900-434910"
                     n="211-a-0920"
                     ecep:lem="fellowship"
                     ecep:pos="n1"
                     ecep:reg="Fellowship"
                     ecep:spe="Fellowship"
                     ecep:syllab="3"
                     ecep:pron="ˈfeləʃɪp">Fellowship</w>
                  <c> </c>
                  <w xmlns:ecep="http://www.eighteenthcenturypoetry.org/ns"
                     xml:id="o3900-434920"
                     n="211-a-0930"
                     ecep:lem="decline"
                     ecep:pos="vvn"
                     ecep:reg="declined"
                     ecep:spe="declin'd"
                     ecep:syllab="2"
                     ecep:pron="dɪˈklaɪnd">declin'd</w>
                  <pc xmlns:ecep="http://www.eighteenthcenturypoetry.org/ns"
                      xml:id="o3900-434930"
                      n="211-a-0940"
                      unit="sentence"
                      ecep:lem="."
                      ecep:pos="."
                      ecep:reg="."
                      ecep:spe=".">.</pc>
                  <c> </c>
               </l>
            </lg>
            <lg n="3" xml:id="o3900-s04260">
               <head>
                  <w xmlns:ecep="http://www.eighteenthcenturypoetry.org/ns"
                     xml:id="o3900-434970"
                     n="211-a-0950"
                     ecep:lem="iii"
                     ecep:pos="crd"
                     ecep:reg="III"
                     ecep:spe="III"
                     ecep:syllab="1"
                     ecep:pron="rˌəʊmənθrˈiː">III</w>
                  <pc xmlns:ecep="http://www.eighteenthcenturypoetry.org/ns"
                      xml:id="o3900-434980"
                      n="211-a-0960"
                      unit="sentence"
                      ecep:lem="."
                      ecep:pos="."
                      ecep:reg="."
                      ecep:spe=".">.</pc>
               </head>
               <l xml:id="o3900-l22700">
                  <w xmlns:ecep="http://www.eighteenthcenturypoetry.org/ns"
                     xml:id="o3900-435000"
                     n="211-a-0970"
                     ecep:lem="god"
                     ecep:pos="n1"
                     ecep:reg="GOD"
                     ecep:spe="GOD"
                     ecep:syllab="1"
                     ecep:pron="gɒd">GOD</w>
                  <c> </c>
                  <w xmlns:ecep="http://www.eighteenthcenturypoetry.org/ns"
                     xml:id="o3900-435010"
                     n="211-a-0980"
                     ecep:lem="from"
                     ecep:pos="p-acp"
                     ecep:reg="from"
                     ecep:spe="from"
                     ecep:syllab="1"
                     ecep:pron="frɒm">from</w>
                  <c> </c>
                  <w xmlns:ecep="http://www.eighteenthcenturypoetry.org/ns"
                     xml:id="o3900-435020"
                     n="211-a-0990"
                     ecep:lem="above"
                     ecep:pos="a-acp"
                     ecep:reg="above"
                     ecep:spe="above"
                     ecep:syllab="2"
                     ecep:pron="əˈbʌv">above</w>
                  <pc xmlns:ecep="http://www.eighteenthcenturypoetry.org/ns"
                      xml:id="o3900-435030"
                      n="211-a-1000"
                      ecep:lem=","
                      ecep:pos=","
                      ecep:reg=","
                      ecep:spe=",">,</pc>
                  <c> </c>
                  <w xmlns:ecep="http://www.eighteenthcenturypoetry.org/ns"
                     xml:id="o3900-435040"
                     n="211-a-1010"
                     ecep:lem="with"
                     ecep:pos="p-acp"
                     ecep:reg="with"
                     ecep:spe="with"
                     ecep:syllab="1"
                     ecep:pron="wɪð">with</w>
                  <c> </c>
                  <w xmlns:ecep="http://www.eighteenthcenturypoetry.org/ns"
                     xml:id="o3900-435050"
                     n="211-a-1020"
                     ecep:lem="ready"
                     ecep:pos="j"
                     ecep:reg="ready"
                     ecep:spe="ready"
                     ecep:syllab="2"
                     ecep:pron="ˈredi">ready</w>
                  <c> </c>
                  <w xmlns:ecep="http://www.eighteenthcenturypoetry.org/ns"
                     xml:id="o3900-435060"
                     n="211-a-1030"
                     ecep:lem="grace"
                     ecep:pos="n1"
                     ecep:reg="Grace"
                     ecep:spe="Grace"
                     ecep:syllab="1"
                     ecep:pron="greɪs">Grace</w>
               </l>
               <l xml:id="o3900-l22705">
                  <c> </c>
                  <w xmlns:ecep="http://www.eighteenthcenturypoetry.org/ns"
                     xml:id="o3900-435070"
                     n="211-a-1040"
                     ecep:lem="and"
                     ecep:pos="cc"
                     ecep:reg="And"
                     ecep:spe="And"
                     ecep:syllab="1"
                     ecep:pron="ænd">And</w>
                  <c> </c>
                  <w xmlns:ecep="http://www.eighteenthcenturypoetry.org/ns"
                     xml:id="o3900-435080"
                     n="211-a-1050"
                     ecep:lem="deed"
                     ecep:pos="n2"
                     ecep:reg="Deeds"
                     ecep:spe="Deeds"
                     ecep:syllab="1"
                     ecep:pron="diːdz">Deeds</w>
                  <c> </c>
                  <w xmlns:ecep="http://www.eighteenthcenturypoetry.org/ns"
                     xml:id="o3900-435090"
                     n="211-a-1060"
                     ecep:lem="of"
                     ecep:pos="pp-f"
                     ecep:reg="of"
                     ecep:spe="of"
                     ecep:syllab="1"
                     ecep:pron="ɒv">of</w>
                  <c> </c>
                  <w xmlns:ecep="http://www.eighteenthcenturypoetry.org/ns"
                     xml:id="o3900-435100"
                     n="211-a-1070"
                     ecep:lem="wonder"
                     ecep:pos="n1"
                     ecep:reg="Wonder"
                     ecep:spe="Wonder"
                     ecep:syllab="2"
                     ecep:pron="ˈwʌndə">Wonder</w>
                  <pc xmlns:ecep="http://www.eighteenthcenturypoetry.org/ns"
                      xml:id="o3900-435110"
                      n="211-a-1080"
                      ecep:lem=","
                      ecep:pos=","
                      ecep:reg=","
                      ecep:spe=",">,</pc>
                  <c> </c>
                  <w xmlns:ecep="http://www.eighteenthcenturypoetry.org/ns"
                     xml:id="o3900-435120"
                     n="211-a-1090"
                     ecep:lem="guard"
                     ecep:pos="vvz"
                     ecep:reg="guards"
                     ecep:spe="guards"
                     ecep:syllab="1"
                     ecep:pron="gɑːdz">guards</w>
                  <c> </c>
                  <w xmlns:ecep="http://www.eighteenthcenturypoetry.org/ns"
                     xml:id="o3900-435130"
                     n="211-a-1100"
                     ecep:lem="his"
                     ecep:pos="po31"
                     ecep:reg="his"
                     ecep:spe="his"
                     ecep:syllab="1"
                     ecep:pron="hɪz">his</w>
                  <c> </c>
                  <w xmlns:ecep="http://www.eighteenthcenturypoetry.org/ns"
                     xml:id="o3900-435140"
                     n="211-a-1110"
                     ecep:lem="flock"
                     ecep:pos="n1"
                     ecep:reg="Flock"
                     ecep:spe="Flock"
                     ecep:syllab="1"
                     ecep:pron="flɒk">Flock</w>
                  <pc xmlns:ecep="http://www.eighteenthcenturypoetry.org/ns"
                      xml:id="o3900-435150"
                      n="211-a-1120"
                      ecep:lem=","
                      ecep:pos=","
                      ecep:reg=","
                      ecep:spe=",">,</pc>
               </l>
               <l xml:id="o3900-l22710">
                  <c> </c>
                  <w xmlns:ecep="http://www.eighteenthcenturypoetry.org/ns"
                     xml:id="o3900-435160"
                     n="211-a-1130"
                     ecep:lem="tremble"
                     ecep:pos="vvz"
                     ecep:reg="Trembles"
                     ecep:spe="Trembles"
                     ecep:syllab="2"
                     ecep:pron="ˈtremblz">Trembles</w>
                  <c> </c>
                  <w xmlns:ecep="http://www.eighteenthcenturypoetry.org/ns"
                     xml:id="o3900-435170"
                     n="211-a-1140"
                     ecep:lem="the"
                     ecep:pos="dt"
                     ecep:reg="the"
                     ecep:spe="the"
                     ecep:syllab="1"
                     ecep:pron="ðiː">the</w>
                  <c> </c>
                  <w xmlns:ecep="http://www.eighteenthcenturypoetry.org/ns"
                     xml:id="o3900-435180"
                     n="211-a-1150"
                     ecep:lem="world"
                     ecep:pos="n1"
                     ecep:reg="World"
                     ecep:spe="World"
                     ecep:syllab="1"
                     ecep:pron="wɜːld">World</w>
                  <c> </c>
                  <w xmlns:ecep="http://www.eighteenthcenturypoetry.org/ns"
                     xml:id="o3900-435190"
                     n="211-a-1160"
                     ecep:lem="before"
                     ecep:pos="p-acp"
                     ecep:reg="before"
                     ecep:spe="before"
                     ecep:syllab="2"
                     ecep:pron="bɪˈfɔː">before</w>
                  <c> </c>
                  <w xmlns:ecep="http://www.eighteenthcenturypoetry.org/ns"
                     xml:id="o3900-435200"
                     n="211-a-1170"
                     ecep:lem="their"
                     ecep:pos="po32"
                     ecep:reg="their"
                     ecep:spe="their"
                     ecep:syllab="1"
                     ecep:pron="ðeə">their</w>
                  <c> </c>
                  <w xmlns:ecep="http://www.eighteenthcenturypoetry.org/ns"
                     xml:id="o3900-435210"
                     n="211-a-1180"
                     ecep:lem="face"
                     ecep:pos="n1"
                     ecep:reg="Face"
                     ecep:spe="Face"
                     ecep:syllab="1"
                     ecep:pron="feɪs">Face</w>
                  <pc xmlns:ecep="http://www.eighteenthcenturypoetry.org/ns"
                      xml:id="o3900-435220"
                      n="211-a-1190"
                      ecep:lem=","
                      ecep:pos=","
                      ecep:reg=","
                      ecep:spe=",">,</pc>
               </l>
               <l xml:id="o3900-l22715">
                  <c> </c>
                  <w xmlns:ecep="http://www.eighteenthcenturypoetry.org/ns"
                     xml:id="o3900-435230"
                     n="211-a-1200"
                     ecep:lem="by"
                     ecep:pos="p-acp"
                     ecep:reg="By"
                     ecep:spe="By"
                     ecep:syllab="1"
                     ecep:pron="baɪ">By</w>
                  <c> </c>
                  <w xmlns:ecep="http://www.eighteenthcenturypoetry.org/ns"
                     xml:id="o3900-435240"
                     n="211-a-1210"
                     ecep:lem="Jesus"
                     ecep:pos="np1"
                     ecep:reg="JESUS"
                     ecep:spe="JESUS"
                     ecep:syllab="2"
                     ecep:pron="ˈdʒiːzəs">JESUS</w>
                  <c> </c>
                  <w xmlns:ecep="http://www.eighteenthcenturypoetry.org/ns"
                     xml:id="o3900-435250"
                     n="211-a-1220"
                     ecep:lem="crush"
                     ecep:pos="vvd"
                     ecep:reg="crushed"
                     ecep:spe="crush'd"
                     ecep:syllab="1"
                     ecep:pron="krʌʃt">crush'd</w>
                  <pc xmlns:ecep="http://www.eighteenthcenturypoetry.org/ns"
                      xml:id="o3900-435260"
                      n="211-a-1230"
                      ecep:lem=","
                      ecep:pos=","
                      ecep:reg=","
                      ecep:spe=",">,</pc>
                  <c> </c>
                  <w xmlns:ecep="http://www.eighteenthcenturypoetry.org/ns"
                     xml:id="o3900-435270"
                     n="211-a-1240"
                     ecep:lem="their"
                     ecep:pos="po32"
                     ecep:reg="their"
                     ecep:spe="their"
                     ecep:syllab="1"
                     ecep:pron="ðeə">their</w>
                  <c> </c>
                  <w xmlns:ecep="http://www.eighteenthcenturypoetry.org/ns"
                     xml:id="o3900-435280"
                     n="211-a-1250"
                     ecep:lem="conquer"
                     ecep:pos="j-vvg"
                     ecep:reg="Conquering"
                     ecep:spe="Conqu'ring"
                     ecep:syllab="3"
                     ecep:pron="ˈkɒŋkrɪŋ">Conqu'ring</w>
                  <c> </c>
                  <w xmlns:ecep="http://www.eighteenthcenturypoetry.org/ns"
                     xml:id="o3900-435290"
                     n="211-a-1260"
                     ecep:lem="rock"
                     ecep:pos="n1"
                     ecep:reg="Rock"
                     ecep:spe="Rock"
                     ecep:syllab="1"
                     ecep:pron="rɒk">Rock</w>
                  <pc xmlns:ecep="http://www.eighteenthcenturypoetry.org/ns"
                      xml:id="o3900-435300"
                      n="211-a-1270"
                      unit="sentence"
                      ecep:lem="."
                      ecep:pos="."
                      ecep:reg="."
                      ecep:spe=".">.</pc>
                  <c> </c>
               </l>
            </lg>
            <lg n="4" xml:id="o3900-s04265">
               <head>
                  <w xmlns:ecep="http://www.eighteenthcenturypoetry.org/ns"
                     xml:id="o3900-435340"
                     n="211-a-1280"
                     ecep:lem="iv"
                     ecep:pos="crd"
                     ecep:reg="IV"
                     ecep:spe="IV"
                     ecep:syllab="1"
                     ecep:pron="rˌəʊmənfˈɔː">IV</w>
                  <pc xmlns:ecep="http://www.eighteenthcenturypoetry.org/ns"
                      xml:id="o3900-435350"
                      n="211-a-1290"
                      unit="sentence"
                      ecep:lem="."
                      ecep:pos="."
                      ecep:reg="."
                      ecep:spe=".">.</pc>
               </head>
               <l xml:id="o3900-l22720">
                  <w xmlns:ecep="http://www.eighteenthcenturypoetry.org/ns"
                     xml:id="o3900-435370"
                     n="211-a-1300"
                     ecep:lem="the"
                     ecep:pos="dt"
                     ecep:reg="The"
                     ecep:spe="The"
                     ecep:syllab="1"
                     ecep:pron="ðiː">The</w>
                  <c> </c>
                  <w xmlns:ecep="http://www.eighteenthcenturypoetry.org/ns"
                     xml:id="o3900-435380"
                     n="211-a-1310"
                     ecep:lem="happy"
                     ecep:pos="j"
                     ecep:reg="happy"
                     ecep:spe="happy"
                     ecep:syllab="2"
                     ecep:pron="ˈhæpi">happy</w>
                  <c> </c>
                  <w xmlns:ecep="http://www.eighteenthcenturypoetry.org/ns"
                     xml:id="o3900-435390"
                     n="211-a-1320"
                     ecep:lem="band"
                     ecep:pos="n1"
                     ecep:reg="Band"
                     ecep:spe="Band"
                     ecep:syllab="1"
                     ecep:pron="bænd">Band</w>
                  <c> </c>
                  <w xmlns:ecep="http://www.eighteenthcenturypoetry.org/ns"
                     xml:id="o3900-435400"
                     n="211-a-1330"
                     ecep:lem="who"
                     ecep:pos="r-crq"
                     ecep:reg="whom"
                     ecep:spe="whom"
                     ecep:syllab="1"
                     ecep:pron="huːm">whom</w>
                  <c> </c>
                  <w xmlns:ecep="http://www.eighteenthcenturypoetry.org/ns"
                     xml:id="o3900-435410"
                     n="211-a-1340"
                     ecep:lem="Christ"
                     ecep:pos="np1"
                     ecep:reg="CHRIST"
                     ecep:spe="CHRIST"
                     ecep:syllab="1"
                     ecep:pron="ˈkraɪst">CHRIST</w>
                  <c> </c>
                  <w xmlns:ecep="http://www.eighteenthcenturypoetry.org/ns"
                     xml:id="o3900-435420"
                     n="211-a-1350"
                     ecep:lem="redeem"
                     ecep:pos="vvz"
                     ecep:reg="redeems"
                     ecep:spe="redeems"
                     ecep:syllab="2"
                     ecep:pron="rɪˈdiːmz">redeems</w>
                  <pc xmlns:ecep="http://www.eighteenthcenturypoetry.org/ns"
                      xml:id="o3900-435430"
                      n="211-a-1360"
                      ecep:lem=","
                      ecep:pos=","
                      ecep:reg=","
                      ecep:spe=",">,</pc>
               </l>
               <l xml:id="o3900-l22725">
                  <c> </c>
                  <w xmlns:ecep="http://www.eighteenthcenturypoetry.org/ns"
                     xml:id="o3900-435440"
                     n="211-a-1370"
                     ecep:lem="one"
                     ecep:pos="crd"
                     ecep:reg="One"
                     ecep:spe="One"
                     ecep:syllab="1"
                     ecep:pron="wʌn">One</w>
                  <c> </c>
                  <w xmlns:ecep="http://www.eighteenthcenturypoetry.org/ns"
                     xml:id="o3900-435450"
                     n="211-a-1380"
                     ecep:lem="only"
                     ecep:pos="j"
                     ecep:reg="only"
                     ecep:spe="only"
                     ecep:syllab="2"
                     ecep:pron="ˈəʊnli">only</w>
                  <c> </c>
                  <w xmlns:ecep="http://www.eighteenthcenturypoetry.org/ns"
                     xml:id="o3900-435460"
                     n="211-a-1390"
                     ecep:lem="will"
                     ecep:pos="n1"
                     ecep:reg="Will"
                     ecep:spe="Will"
                     ecep:syllab="1"
                     ecep:pron="wɪl">Will</w>
                  <pc xmlns:ecep="http://www.eighteenthcenturypoetry.org/ns"
                      xml:id="o3900-435470"
                      n="211-a-1400"
                      ecep:lem=","
                      ecep:pos=","
                      ecep:reg=","
                      ecep:spe=",">,</pc>
                  <c> </c>
                  <w xmlns:ecep="http://www.eighteenthcenturypoetry.org/ns"
                     xml:id="o3900-435480"
                     n="211-a-1410"
                     ecep:lem="one"
                     ecep:pos="crd"
                     ecep:reg="one"
                     ecep:spe="one"
                     ecep:syllab="1"
                     ecep:pron="wʌn">one</w>
                  <c> </c>
                  <w xmlns:ecep="http://www.eighteenthcenturypoetry.org/ns"
                     xml:id="o3900-435490"
                     n="211-a-1420"
                     ecep:lem="judgement"
                     ecep:pos="n1"
                     ecep:reg="Judgement"
                     ecep:spe="Judgment"
                     ecep:syllab="2"
                     ecep:pron="ˈdʒʌdʒmənt">Judgment</w>
                  <c> </c>
                  <w xmlns:ecep="http://www.eighteenthcenturypoetry.org/ns"
                     xml:id="o3900-435500"
                     n="211-a-1430"
                     ecep:lem="know"
                     ecep:pos="vvi"
                     ecep:reg="know"
                     ecep:spe="know"
                     ecep:syllab="1"
                     ecep:pron="nəʊ">know</w>
                  <pc xmlns:ecep="http://www.eighteenthcenturypoetry.org/ns"
                      xml:id="o3900-435510"
                      n="211-a-1440"
                      ecep:lem=":"
                      ecep:pos=":"
                      ecep:reg=":"
                      ecep:spe=":">:</pc>
               </l>
               <l xml:id="o3900-l22730">
                  <c> </c>
                  <w xmlns:ecep="http://www.eighteenthcenturypoetry.org/ns"
                     xml:id="o3900-435520"
                     n="211-a-1450"
                     ecep:lem="none"
                     ecep:pos="pix"
                     ecep:reg="None"
                     ecep:spe="None"
                     ecep:syllab="1"
                     ecep:pron="nəʊn">None</w>
                  <c> </c>
                  <w xmlns:ecep="http://www.eighteenthcenturypoetry.org/ns"
                     xml:id="o3900-435530"
                     n="211-a-1460"
                     ecep:lem="this"
                     ecep:pos="d"
                     ecep:reg="this"
                     ecep:spe="this"
                     ecep:syllab="1"
                     ecep:pron="ðɪs">this</w>
                  <c> </c>
                  <w xmlns:ecep="http://www.eighteenthcenturypoetry.org/ns"
                     xml:id="o3900-435540"
                     n="211-a-1470"
                     ecep:lem="contentious"
                     ecep:pos="j"
                     ecep:reg="contentious"
                     ecep:spe="contentious"
                     ecep:syllab="3"
                     ecep:pron="kənˈtenʃəs">contentious</w>
                  <c> </c>
                  <w xmlns:ecep="http://www.eighteenthcenturypoetry.org/ns"
                     xml:id="o3900-435550"
                     n="211-a-1480"
                     ecep:lem="earth"
                     ecep:pos="n1"
                     ecep:reg="Earth"
                     ecep:spe="Earth"
                     ecep:syllab="1"
                     ecep:pron="ɜːθ">Earth</w>
                  <c> </c>
                  <w xmlns:ecep="http://www.eighteenthcenturypoetry.org/ns"
                     xml:id="o3900-435560"
                     n="211-a-1490"
                     ecep:lem="esteem"
                     ecep:pos="vvz"
                     ecep:reg="esteems"
                     ecep:spe="esteems"
                     ecep:syllab="2"
                     ecep:pron="ɪˈstiːmz">esteems</w>
                  <pc xmlns:ecep="http://www.eighteenthcenturypoetry.org/ns"
                      xml:id="o3900-435570"
                      n="211-a-1500"
                      ecep:lem=","
                      ecep:pos=","
                      ecep:reg=","
                      ecep:spe=",">,</pc>
               </l>
               <l xml:id="o3900-l22735">
                  <c> </c>
                  <w xmlns:ecep="http://www.eighteenthcenturypoetry.org/ns"
                     xml:id="o3900-435580"
                     n="211-a-1510"
                     ecep:lem="distinction"
                     ecep:pos="n2"
                     ecep:reg="Distinctions"
                     ecep:spe="Distinctions"
                     ecep:syllab="3"
                     ecep:pron="dɪˈstɪŋʃnz">Distinctions</w>
                  <pc xmlns:ecep="http://www.eighteenthcenturypoetry.org/ns"
                      xml:id="o3900-435590"
                      n="211-a-1520"
                      ecep:lem=","
                      ecep:pos=","
                      ecep:reg=","
                      ecep:spe=",">,</pc>
                  <c> </c>
                  <w xmlns:ecep="http://www.eighteenthcenturypoetry.org/ns"
                     xml:id="o3900-435600"
                     n="211-a-1530"
                     ecep:lem="or"
                     ecep:pos="cc"
                     ecep:reg="or"
                     ecep:spe="or"
                     ecep:syllab="1"
                     ecep:pron="ɔː">or</w>
                  <c> </c>
                  <w xmlns:ecep="http://www.eighteenthcenturypoetry.org/ns"
                     xml:id="o3900-435610"
                     n="211-a-1540"
                     ecep:lem="delight"
                     ecep:pos="vvz"
                     ecep:reg="Delights"
                     ecep:spe="Delights"
                     ecep:syllab="2"
                     ecep:pron="dɪˈlaɪts">Delights</w>
                  <c> </c>
                  <w xmlns:ecep="http://www.eighteenthcenturypoetry.org/ns"
                     xml:id="o3900-435620"
                     n="211-a-1550"
                     ecep:lem="below"
                     ecep:pos="a-acp"
                     ecep:reg="below"
                     ecep:spe="below"
                     ecep:syllab="2"
                     ecep:pron="bɪˈləʊ">below</w>
                  <pc xmlns:ecep="http://www.eighteenthcenturypoetry.org/ns"
                      xml:id="o3900-435630"
                      n="211-a-1560"
                      unit="sentence"
                      ecep:lem="."
                      ecep:pos="."
                      ecep:reg="."
                      ecep:spe=".">.</pc>
                  <c> </c>
               </l>
            </lg>
            <pb facs="o3900/0219" n="193" rend="none"/>
            <lg n="5" xml:id="o3900-s04270">
               <head>
                  <w xmlns:ecep="http://www.eighteenthcenturypoetry.org/ns"
                     xml:id="o3900-435670"
                     n="212-a-0010"
                     ecep:lem="v."
                     ecep:pos="crd"
                     ecep:reg="V"
                     ecep:spe="V."
                     ecep:syllab="1"
                     ecep:pron="viː">V.</w>
                  <pc unit="sentence" xml:id="o3900-435670-eos" n="212-a-0020"/>
               </head>
               <l xml:id="o3900-l22740">
                  <w xmlns:ecep="http://www.eighteenthcenturypoetry.org/ns"
                     xml:id="o3900-435690"
                     n="212-a-0030"
                     ecep:lem="the"
                     ecep:pos="dt"
                     ecep:reg="The"
                     ecep:spe="The"
                     ecep:syllab="1"
                     ecep:pron="ðiː">The</w>
                  <c> </c>
                  <w xmlns:ecep="http://www.eighteenthcenturypoetry.org/ns"
                     xml:id="o3900-435700"
                     n="212-a-0040"
                     ecep:lem="man"
                     ecep:pos="n2"
                     ecep:reg="Men"
                     ecep:spe="Men"
                     ecep:syllab="1"
                     ecep:pron="men">Men</w>
                  <c> </c>
                  <w xmlns:ecep="http://www.eighteenthcenturypoetry.org/ns"
                     xml:id="o3900-435710"
                     n="212-a-0050"
                     ecep:lem="of"
                     ecep:pos="pp-f"
                     ecep:reg="of"
                     ecep:spe="of"
                     ecep:syllab="1"
                     ecep:pron="ɒv">of</w>
                  <c> </c>
                  <w xmlns:ecep="http://www.eighteenthcenturypoetry.org/ns"
                     xml:id="o3900-435720"
                     n="212-a-0060"
                     ecep:lem="worldly"
                     ecep:pos="j"
                     ecep:reg="worldly"
                     ecep:spe="worldly"
                     ecep:syllab="2"
                     ecep:pron="ˈwɜːldli">worldly</w>
                  <c> </c>
                  <w xmlns:ecep="http://www.eighteenthcenturypoetry.org/ns"
                     xml:id="o3900-435730"
                     n="212-a-0070"
                     ecep:lem="wealth"
                     ecep:pos="n1"
                     ecep:reg="Wealth"
                     ecep:spe="Wealth"
                     ecep:syllab="1"
                     ecep:pron="welθ">Wealth</w>
                  <c> </c>
                  <w xmlns:ecep="http://www.eighteenthcenturypoetry.org/ns"
                     xml:id="o3900-435740"
                     n="212-a-0080"
                     ecep:lem="possess"
                     ecep:pos="vvd"
                     ecep:reg="possessed"
                     ecep:spe="possest"
                     ecep:syllab="2"
                     ecep:pron="pəˈzest">possest</w>
               </l>
               <l xml:id="o3900-l22745">
                  <c> </c>
                  <w xmlns:ecep="http://www.eighteenthcenturypoetry.org/ns"
                     xml:id="o3900-435750"
                     n="212-a-0090"
                     ecep:lem="their"
                     ecep:pos="po32"
                     ecep:reg="Their"
                     ecep:spe="Their"
                     ecep:syllab="1"
                     ecep:pron="ðeə">Their</w>
                  <c> </c>
                  <w xmlns:ecep="http://www.eighteenthcenturypoetry.org/ns"
                     xml:id="o3900-435760"
                     n="212-a-0100"
                     ecep:lem="selfish"
                     ecep:pos="j"
                     ecep:reg="Selfish"
                     ecep:spe="Selfish"
                     ecep:syllab="2"
                     ecep:pron="ˈselfɪʃ">Selfish</w>
                  <c> </c>
                  <w xmlns:ecep="http://www.eighteenthcenturypoetry.org/ns"
                     xml:id="o3900-435770"
                     n="212-a-0110"
                     ecep:lem="happiness"
                     ecep:pos="n1"
                     ecep:reg="Happiness"
                     ecep:spe="Happiness"
                     ecep:syllab="3"
                     ecep:pron="ˈhæpɪnəs">Happiness</w>
                  <c> </c>
                  <w xmlns:ecep="http://www.eighteenthcenturypoetry.org/ns"
                     xml:id="o3900-435780"
                     n="212-a-0120"
                     ecep:lem="remove"
                     ecep:pos="vvi"
                     ecep:reg="remove"
                     ecep:spe="remove"
                     ecep:syllab="2"
                     ecep:pron="rɪˈmuːv">remove</w>
                  <pc xmlns:ecep="http://www.eighteenthcenturypoetry.org/ns"
                      xml:id="o3900-435790"
                      n="212-a-0130"
                      ecep:lem=","
                      ecep:pos=","
                      ecep:reg=","
                      ecep:spe=",">,</pc>
               </l>
               <l xml:id="o3900-l22750">
                  <c> </c>
                  <w xmlns:ecep="http://www.eighteenthcenturypoetry.org/ns"
                     xml:id="o3900-435800"
                     n="212-a-0140"
                     ecep:lem="sell"
                     ecep:pos="vvb"
                     ecep:reg="Sell"
                     ecep:spe="Sell"
                     ecep:syllab="1"
                     ecep:pron="sel">Sell</w>
                  <pc xmlns:ecep="http://www.eighteenthcenturypoetry.org/ns"
                      xml:id="o3900-435810"
                      n="212-a-0150"
                      ecep:lem=","
                      ecep:pos=","
                      ecep:reg=","
                      ecep:spe=",">,</pc>
                  <c> </c>
                  <w xmlns:ecep="http://www.eighteenthcenturypoetry.org/ns"
                     xml:id="o3900-435820"
                     n="212-a-0160"
                     ecep:lem="and"
                     ecep:pos="cc"
                     ecep:reg="and"
                     ecep:spe="and"
                     ecep:syllab="1"
                     ecep:pron="ænd">and</w>
                  <c> </c>
                  <w xmlns:ecep="http://www.eighteenthcenturypoetry.org/ns"
                     xml:id="o3900-435830"
                     n="212-a-0170"
                     ecep:lem="divide"
                     ecep:pos="vvb"
                     ecep:reg="divide"
                     ecep:spe="divide"
                     ecep:syllab="2"
                     ecep:pron="dɪˈvaɪd">divide</w>
                  <c> </c>
                  <w xmlns:ecep="http://www.eighteenthcenturypoetry.org/ns"
                     xml:id="o3900-435840"
                     n="212-a-0180"
                     ecep:lem="it"
                     ecep:pos="pn31"
                     ecep:reg="it"
                     ecep:spe="it"
                     ecep:syllab="1"
                     ecep:pron="ɪt">it</w>
                  <c> </c>
                  <w xmlns:ecep="http://www.eighteenthcenturypoetry.org/ns"
                     xml:id="o3900-435850"
                     n="212-a-0190"
                     ecep:lem="to"
                     ecep:pos="p-acp"
                     ecep:reg="to"
                     ecep:spe="to"
                     ecep:syllab="1"
                     ecep:pron="tuː">to</w>
                  <c> </c>
                  <w xmlns:ecep="http://www.eighteenthcenturypoetry.org/ns"
                     xml:id="o3900-435860"
                     n="212-a-0200"
                     ecep:lem="the"
                     ecep:pos="dt"
                     ecep:reg="the"
                     ecep:spe="the"
                     ecep:syllab="1"
                     ecep:pron="ðiː">the</w>
                  <c> </c>
                  <w xmlns:ecep="http://www.eighteenthcenturypoetry.org/ns"
                     xml:id="o3900-435870"
                     n="212-a-0210"
                     ecep:lem="rest"
                     ecep:pos="n1"
                     ecep:reg="rest"
                     ecep:spe="rest"
                     ecep:syllab="1"
                     ecep:pron="rest">rest</w>
                  <pc xmlns:ecep="http://www.eighteenthcenturypoetry.org/ns"
                      xml:id="o3900-435880"
                      n="212-a-0220"
                      ecep:lem=","
                      ecep:pos=","
                      ecep:reg=","
                      ecep:spe=",">,</pc>
               </l>
               <l xml:id="o3900-l22755">
                  <c> </c>
                  <w xmlns:ecep="http://www.eighteenthcenturypoetry.org/ns"
                     xml:id="o3900-435890"
                     n="212-a-0230"
                     ecep:lem="and"
                     ecep:pos="cc"
                     ecep:reg="And"
                     ecep:spe="And"
                     ecep:syllab="1"
                     ecep:pron="ænd">And</w>
                  <c> </c>
                  <w xmlns:ecep="http://www.eighteenthcenturypoetry.org/ns"
                     xml:id="o3900-435900"
                     n="212-a-0240"
                     ecep:lem="buy"
                     ecep:pos="vvi"
                     ecep:reg="buy"
                     ecep:spe="buy"
                     ecep:syllab="1"
                     ecep:pron="baɪ">buy</w>
                  <c> </c>
                  <w xmlns:ecep="http://www.eighteenthcenturypoetry.org/ns"
                     xml:id="o3900-435910"
                     n="212-a-0250"
                     ecep:lem="the"
                     ecep:pos="dt"
                     ecep:reg="the"
                     ecep:spe="the"
                     ecep:syllab="1"
                     ecep:pron="ðiː">the</w>
                  <c> </c>
                  <w xmlns:ecep="http://www.eighteenthcenturypoetry.org/ns"
                     xml:id="o3900-435920"
                     n="212-a-0260"
                     ecep:lem="blessedness"
                     ecep:pos="n1"
                     ecep:reg="Blessedness"
                     ecep:spe="Blessedness"
                     ecep:syllab="3"
                     ecep:pron="ˈblesɪdnəs">Blessedness</w>
                  <c> </c>
                  <w xmlns:ecep="http://www.eighteenthcenturypoetry.org/ns"
                     xml:id="o3900-435930"
                     n="212-a-0270"
                     ecep:lem="of"
                     ecep:pos="pp-f"
                     ecep:reg="of"
                     ecep:spe="of"
                     ecep:syllab="1"
                     ecep:pron="ɒv">of</w>
                  <c> </c>
                  <w xmlns:ecep="http://www.eighteenthcenturypoetry.org/ns"
                     xml:id="o3900-435940"
                     n="212-a-0280"
                     ecep:lem="love"
                     ecep:pos="n1"
                     ecep:reg="Love"
                     ecep:spe="Love"
                     ecep:syllab="1"
                     ecep:pron="lʌv">Love</w>
                  <pc xmlns:ecep="http://www.eighteenthcenturypoetry.org/ns"
                      xml:id="o3900-435950"
                      n="212-a-0290"
                      unit="sentence"
                      ecep:lem="."
                      ecep:pos="."
                      ecep:reg="."
                      ecep:spe=".">.</pc>
                  <c> </c>
               </l>
            </lg>
            <lg n="6" xml:id="o3900-s04275">
               <head>
                  <w xmlns:ecep="http://www.eighteenthcenturypoetry.org/ns"
                     xml:id="o3900-435990"
                     n="212-a-0300"
                     ecep:lem="vi"
                     ecep:pos="crd"
                     ecep:reg="VI"
                     ecep:spe="VI"
                     ecep:syllab="1"
                     ecep:pron="ˈvaɪ">VI</w>
                  <pc xmlns:ecep="http://www.eighteenthcenturypoetry.org/ns"
                      xml:id="o3900-436000"
                      n="212-a-0310"
                      unit="sentence"
                      ecep:lem="."
                      ecep:pos="."
                      ecep:reg="."
                      ecep:spe=".">.</pc>
               </head>
               <l xml:id="o3900-l22760">
                  <w xmlns:ecep="http://www.eighteenthcenturypoetry.org/ns"
                     xml:id="o3900-436020"
                     n="212-a-0320"
                     ecep:lem="thus"
                     ecep:pos="av"
                     ecep:reg="Thus"
                     ecep:spe="Thus"
                     ecep:syllab="1"
                     ecep:pron="ðʌs">Thus</w>
                  <c> </c>
                  <w xmlns:ecep="http://www.eighteenthcenturypoetry.org/ns"
                     xml:id="o3900-436030"
                     n="212-a-0330"
                     ecep:lem="in"
                     ecep:pos="p-acp"
                     ecep:reg="in"
                     ecep:spe="in"
                     ecep:syllab="1"
                     ecep:pron="ɪn">in</w>
                  <c> </c>
                  <w xmlns:ecep="http://www.eighteenthcenturypoetry.org/ns"
                     xml:id="o3900-436040"
                     n="212-a-0340"
                     ecep:lem="the"
                     ecep:pos="dt"
                     ecep:reg="the"
                     ecep:spe="the"
                     ecep:syllab="1"
                     ecep:pron="ðiː">the</w>
                  <c> </c>
                  <w xmlns:ecep="http://www.eighteenthcenturypoetry.org/ns"
                     xml:id="o3900-436050"
                     n="212-a-0350"
                     ecep:lem="presence"
                     ecep:pos="n1"
                     ecep:reg="Presence"
                     ecep:spe="Presence"
                     ecep:syllab="2"
                     ecep:pron="ˈprezns">Presence</w>
                  <c> </c>
                  <w xmlns:ecep="http://www.eighteenthcenturypoetry.org/ns"
                     xml:id="o3900-436060"
                     n="212-a-0360"
                     ecep:lem="of"
                     ecep:pos="pp-f"
                     ecep:reg="of"
                     ecep:spe="of"
                     ecep:syllab="1"
                     ecep:pron="ɒv">of</w>
                  <c> </c>
                  <w xmlns:ecep="http://www.eighteenthcenturypoetry.org/ns"
                     xml:id="o3900-436070"
                     n="212-a-0370"
                     ecep:lem="their"
                     ecep:pos="po32"
                     ecep:reg="their"
                     ecep:spe="their"
                     ecep:syllab="1"
                     ecep:pron="ðeə">their</w>
                  <c> </c>
                  <w xmlns:ecep="http://www.eighteenthcenturypoetry.org/ns"
                     xml:id="o3900-436080"
                     n="212-a-0380"
                     ecep:lem="god"
                     ecep:pos="n1"
                     ecep:reg="GOD"
                     ecep:spe="GOD"
                     ecep:syllab="1"
                     ecep:pron="gɒd">GOD</w>
                  <pc xmlns:ecep="http://www.eighteenthcenturypoetry.org/ns"
                      xml:id="o3900-436090"
                      n="212-a-0390"
                      ecep:lem=","
                      ecep:pos=","
                      ecep:reg=","
                      ecep:spe=",">,</pc>
               </l>
               <l xml:id="o3900-l22765">
                  <c> </c>
                  <w xmlns:ecep="http://www.eighteenthcenturypoetry.org/ns"
                     xml:id="o3900-436100"
                     n="212-a-0400"
                     ecep:lem="Jesus"
                     ecep:pos="np1"
                     ecep:reg="JESUS"
                     ecep:spe="JESUS"
                     ecep:syllab="2"
                     ecep:pron="ˈdʒiːzəs">JESUS</w>
                  <c> </c>
                  <w xmlns:ecep="http://www.eighteenthcenturypoetry.org/ns"
                     xml:id="o3900-436110"
                     n="212-a-0410"
                     ecep:lem="their"
                     ecep:pos="po32"
                     ecep:reg="their"
                     ecep:spe="their"
                     ecep:syllab="1"
                     ecep:pron="ðeə">their</w>
                  <c> </c>
                  <w xmlns:ecep="http://www.eighteenthcenturypoetry.org/ns"
                     xml:id="o3900-436120"
                     n="212-a-0420"
                     ecep:lem="life"
                     ecep:pos="n1"
                     ecep:reg="Life"
                     ecep:spe="Life"
                     ecep:syllab="1"
                     ecep:pron="laɪf">Life</w>
                  <pc xmlns:ecep="http://www.eighteenthcenturypoetry.org/ns"
                      xml:id="o3900-436130"
                      n="212-a-0430"
                      ecep:lem=","
                      ecep:pos=","
                      ecep:reg=","
                      ecep:spe=",">,</pc>
                  <c> </c>
                  <w xmlns:ecep="http://www.eighteenthcenturypoetry.org/ns"
                     xml:id="o3900-436140"
                     n="212-a-0440"
                     ecep:lem="and"
                     ecep:pos="cc"
                     ecep:reg="and"
                     ecep:spe="and"
                     ecep:syllab="1"
                     ecep:pron="ænd">and</w>
                  <c> </c>
                  <w xmlns:ecep="http://www.eighteenthcenturypoetry.org/ns"
                     xml:id="o3900-436150"
                     n="212-a-0450"
                     ecep:lem="heaven"
                     ecep:pos="n1"
                     ecep:reg="Heaven"
                     ecep:spe="Heav'n"
                     ecep:syllab="1"
                     ecep:pron="ˈhevn">Heav'n</w>
                  <c> </c>
                  <w xmlns:ecep="http://www.eighteenthcenturypoetry.org/ns"
                     xml:id="o3900-436160"
                     n="212-a-0460"
                     ecep:lem="their"
                     ecep:pos="po32"
                     ecep:reg="their"
                     ecep:spe="their"
                     ecep:syllab="1"
                     ecep:pron="ðeə">their</w>
                  <c> </c>
                  <w xmlns:ecep="http://www.eighteenthcenturypoetry.org/ns"
                     xml:id="o3900-436170"
                     n="212-a-0470"
                     ecep:lem="care"
                     ecep:pos="n1"
                     ecep:reg="Care"
                     ecep:spe="Care"
                     ecep:syllab="1"
                     ecep:pron="keə">Care</w>
                  <pc xmlns:ecep="http://www.eighteenthcenturypoetry.org/ns"
                      xml:id="o3900-436180"
                      n="212-a-0480"
                      ecep:lem=","
                      ecep:pos=","
                      ecep:reg=","
                      ecep:spe=",">,</pc>
               </l>
               <l xml:id="o3900-l22770">
                  <c> </c>
                  <w xmlns:ecep="http://www.eighteenthcenturypoetry.org/ns"
                     xml:id="o3900-436190"
                     n="212-a-0490"
                     ecep:lem="with"
                     ecep:pos="p-acp"
                     ecep:reg="With"
                     ecep:spe="With"
                     ecep:syllab="1"
                     ecep:pron="wɪð">With</w>
                  <c> </c>
                  <w xmlns:ecep="http://www.eighteenthcenturypoetry.org/ns"
                     xml:id="o3900-436200"
                     n="212-a-0500"
                     ecep:lem="single"
                     ecep:pos="j"
                     ecep:reg="single"
                     ecep:spe="single"
                     ecep:syllab="2"
                     ecep:pron="ˈsɪŋgl">single</w>
                  <c> </c>
                  <w xmlns:ecep="http://www.eighteenthcenturypoetry.org/ns"
                     xml:id="o3900-436210"
                     n="212-a-0510"
                     ecep:lem="heart"
                     ecep:pos="n1"
                     ecep:reg="Heart"
                     ecep:spe="Heart"
                     ecep:syllab="1"
                     ecep:pron="hɑːt">Heart</w>
                  <c> </c>
                  <w xmlns:ecep="http://www.eighteenthcenturypoetry.org/ns"
                     xml:id="o3900-436220"
                     n="212-a-0520"
                     ecep:lem="they"
                     ecep:pos="pns32"
                     ecep:reg="they"
                     ecep:spe="they"
                     ecep:syllab="1"
                     ecep:pron="ðeɪ">they</w>
                  <c> </c>
                  <w xmlns:ecep="http://www.eighteenthcenturypoetry.org/ns"
                     xml:id="o3900-436230"
                     n="212-a-0530"
                     ecep:lem="take"
                     ecep:pos="vvd"
                     ecep:reg="took"
                     ecep:spe="took"
                     ecep:syllab="1"
                     ecep:pron="tʊk">took</w>
                  <c> </c>
                  <w xmlns:ecep="http://www.eighteenthcenturypoetry.org/ns"
                     xml:id="o3900-436240"
                     n="212-a-0540"
                     ecep:lem="their"
                     ecep:pos="po32"
                     ecep:reg="their"
                     ecep:spe="their"
                     ecep:syllab="1"
                     ecep:pron="ðeə">their</w>
                  <c> </c>
                  <w xmlns:ecep="http://www.eighteenthcenturypoetry.org/ns"
                     xml:id="o3900-436250"
                     n="212-a-0550"
                     ecep:lem="food"
                     ecep:pos="n1"
                     ecep:reg="Food"
                     ecep:spe="Food"
                     ecep:syllab="1"
                     ecep:pron="fuːd">Food</w>
               </l>
               <l xml:id="o3900-l22775">
                  <c> </c>
                  <w xmlns:ecep="http://www.eighteenthcenturypoetry.org/ns"
                     xml:id="o3900-436260"
                     n="212-a-0560"
                     ecep:lem="heighten"
                     ecep:pos="vvn"
                     ecep:reg="Heightened"
                     ecep:spe="Heighten'd"
                     ecep:syllab="2"
                     ecep:pron="ˈhaɪtnd">Heighten'd</w>
                  <c> </c>
                  <w xmlns:ecep="http://www.eighteenthcenturypoetry.org/ns"
                     xml:id="o3900-436270"
                     n="212-a-0570"
                     ecep:lem="by"
                     ecep:pos="p-acp"
                     ecep:reg="by"
                     ecep:spe="by"
                     ecep:syllab="1"
                     ecep:pron="baɪ">by</w>
                  <c> </c>
                  <w xmlns:ecep="http://www.eighteenthcenturypoetry.org/ns"
                     xml:id="o3900-436280"
                     n="212-a-0580"
                     ecep:lem="eucharist"
                     ecep:pos="n1"
                     ecep:reg="Eucharist"
                     ecep:spe="Eucharist"
                     ecep:syllab="3"
                     ecep:pron="ˈjuːkərɪst">Eucharist</w>
                  <c> </c>
                  <w xmlns:ecep="http://www.eighteenthcenturypoetry.org/ns"
                     xml:id="o3900-436290"
                     n="212-a-0590"
                     ecep:lem="and"
                     ecep:pos="cc"
                     ecep:reg="and"
                     ecep:spe="and"
                     ecep:syllab="1"
                     ecep:pron="ænd">and</w>
                  <c> </c>
                  <w xmlns:ecep="http://www.eighteenthcenturypoetry.org/ns"
                     xml:id="o3900-436300"
                     n="212-a-0600"
                     ecep:lem="prayer"
                     ecep:pos="n1"
                     ecep:reg="Prayer"
                     ecep:spe="Pray'r"
                     ecep:syllab="1"
                     ecep:pron="ˈpreɪə">Pray'r</w>
                  <pc xmlns:ecep="http://www.eighteenthcenturypoetry.org/ns"
                      xml:id="o3900-436310"
                      n="212-a-0610"
                      unit="sentence"
                      ecep:lem="."
                      ecep:pos="."
                      ecep:reg="."
                      ecep:spe=".">.</pc>
                  <c> </c>
               </l>
            </lg>
            <lg n="7" xml:id="o3900-s04280">
               <head>
                  <w xmlns:ecep="http://www.eighteenthcenturypoetry.org/ns"
                     xml:id="o3900-436350"
                     n="212-a-0620"
                     ecep:lem="vii"
                     ecep:pos="crd"
                     ecep:reg="VII"
                     ecep:spe="VII"
                     ecep:syllab="1"
                     ecep:pron="rˌəʊmənsˈevən">VII</w>
                  <pc xmlns:ecep="http://www.eighteenthcenturypoetry.org/ns"
                      xml:id="o3900-436360"
                      n="212-a-0630"
                      unit="sentence"
                      ecep:lem="."
                      ecep:pos="."
                      ecep:reg="."
                      ecep:spe=".">.</pc>
               </head>
               <l xml:id="o3900-l22780">
                  <w xmlns:ecep="http://www.eighteenthcenturypoetry.org/ns"
                     xml:id="o3900-436380"
                     n="212-a-0640"
                     ecep:lem="god"
                     ecep:pos="n1"
                     ecep:reg="GOD"
                     ecep:spe="GOD"
                     ecep:syllab="1"
                     ecep:pron="gɒd">GOD</w>
                  <c> </c>
                  <w xmlns:ecep="http://www.eighteenthcenturypoetry.org/ns"
                     xml:id="o3900-436390"
                     n="212-a-0650"
                     ecep:lem="in"
                     ecep:pos="p-acp"
                     ecep:reg="in"
                     ecep:spe="in"
                     ecep:syllab="1"
                     ecep:pron="ɪn">in</w>
                  <c> </c>
                  <w xmlns:ecep="http://www.eighteenthcenturypoetry.org/ns"
                     xml:id="o3900-436400"
                     n="212-a-0660"
                     ecep:lem="their"
                     ecep:pos="po32"
                     ecep:reg="their"
                     ecep:spe="their"
                     ecep:syllab="1"
                     ecep:pron="ðeə">their</w>
                  <c> </c>
                  <w xmlns:ecep="http://www.eighteenthcenturypoetry.org/ns"
                     xml:id="o3900-436410"
                     n="212-a-0670"
                     ecep:lem="every"
                     ecep:pos="d"
                     ecep:reg="every"
                     ecep:spe="ev'ry"
                     ecep:syllab="2"
                     ecep:pron="ˈevri">ev'ry</w>
                  <c> </c>
                  <w xmlns:ecep="http://www.eighteenthcenturypoetry.org/ns"
                     xml:id="o3900-436420"
                     n="212-a-0680"
                     ecep:lem="work"
                     ecep:pos="n1"
                     ecep:reg="Work"
                     ecep:spe="Work"
                     ecep:syllab="1"
                     ecep:pron="wɜːk">Work</w>
                  <c> </c>
                  <w xmlns:ecep="http://www.eighteenthcenturypoetry.org/ns"
                     xml:id="o3900-436430"
                     n="212-a-0690"
                     ecep:lem="be"
                     ecep:pos="vbds"
                     ecep:reg="was"
                     ecep:spe="was"
                     ecep:syllab="1"
                     ecep:pron="wɒz">was</w>
                  <c> </c>
                  <w xmlns:ecep="http://www.eighteenthcenturypoetry.org/ns"
                     xml:id="o3900-436440"
                     n="212-a-0700"
                     ecep:lem="praise"
                     ecep:pos="vvn"
                     ecep:reg="praised"
                     ecep:spe="prais'd"
                     ecep:syllab="1"
                     ecep:pron="preɪzd">prais'd</w>
                  <pc xmlns:ecep="http://www.eighteenthcenturypoetry.org/ns"
                      xml:id="o3900-436450"
                      n="212-a-0710"
                      ecep:lem=":"
                      ecep:pos=":"
                      ecep:reg=":"
                      ecep:spe=":">:</pc>
               </l>
               <l xml:id="o3900-l22785">
                  <c> </c>
                  <w xmlns:ecep="http://www.eighteenthcenturypoetry.org/ns"
                     xml:id="o3900-436460"
                     n="212-a-0720"
                     ecep:lem="the"
                     ecep:pos="dt"
                     ecep:reg="The"
                     ecep:spe="The"
                     ecep:syllab="1"
                     ecep:pron="ðiː">The</w>
                  <c> </c>
                  <w xmlns:ecep="http://www.eighteenthcenturypoetry.org/ns"
                     xml:id="o3900-436470"
                     n="212-a-0730"
                     ecep:lem="people"
                     ecep:pos="n1"
                     ecep:reg="People"
                     ecep:spe="People"
                     ecep:syllab="2"
                     ecep:pron="ˈpiːpl">People</w>
                  <c> </c>
                  <w xmlns:ecep="http://www.eighteenthcenturypoetry.org/ns"
                     xml:id="o3900-436480"
                     n="212-a-0740"
                     ecep:lem="bless"
                     ecep:pos="vvd"
                     ecep:reg="blessed"
                     ecep:spe="bless'd"
                     ecep:syllab="1"
                     ecep:pron="ˈblesɪd">bless'd</w>
                  <c> </c>
                  <w xmlns:ecep="http://www.eighteenthcenturypoetry.org/ns"
                     xml:id="o3900-436490"
                     n="212-a-0750"
                     ecep:lem="the"
                     ecep:pos="dt"
                     ecep:reg="the"
                     ecep:spe="the"
                     ecep:syllab="1"
                     ecep:pron="ðiː">the</w>
                  <c> </c>
                  <w xmlns:ecep="http://www.eighteenthcenturypoetry.org/ns"
                     xml:id="o3900-436500"
                     n="212-a-0760"
                     ecep:lem="law"
                     ecep:pos="n1"
                     ecep:reg="Law"
                     ecep:spe="Law"
                     ecep:syllab="1"
                     ecep:pron="lɔː">Law</w>
                  <c> </c>
                  <w xmlns:ecep="http://www.eighteenthcenturypoetry.org/ns"
                     xml:id="o3900-436510"
                     n="212-a-0770"
                     ecep:lem="benign"
                     ecep:pos="j"
                     ecep:reg="benign"
                     ecep:spe="benign"
                     ecep:syllab="2"
                     ecep:pron="bɪˈnaɪn">benign</w>
                  <pc xmlns:ecep="http://www.eighteenthcenturypoetry.org/ns"
                      xml:id="o3900-436520"
                      n="212-a-0780"
                      ecep:lem=":"
                      ecep:pos=":"
                      ecep:reg=":"
                      ecep:spe=":">:</pc>
               </l>
               <l xml:id="o3900-l22790">
                  <c> </c>
                  <w xmlns:ecep="http://www.eighteenthcenturypoetry.org/ns"
                     xml:id="o3900-436530"
                     n="212-a-0790"
                     ecep:lem="daily"
                     ecep:pos="av-j"
                     ecep:reg="Daily"
                     ecep:spe="Daily"
                     ecep:syllab="2"
                     ecep:pron="ˈdeɪli">Daily</w>
                  <c> </c>
                  <w xmlns:ecep="http://www.eighteenthcenturypoetry.org/ns"
                     xml:id="o3900-436540"
                     n="212-a-0800"
                     ecep:lem="the"
                     ecep:pos="dt"
                     ecep:reg="the"
                     ecep:spe="the"
                     ecep:syllab="1"
                     ecep:pron="ðiː">the</w>
                  <c> </c>
                  <w xmlns:ecep="http://www.eighteenthcenturypoetry.org/ns"
                     xml:id="o3900-436550"
                     n="212-a-0810"
                     ecep:lem="church"
                     ecep:pos="n1"
                     ecep:reg="Church"
                     ecep:spe="Church"
                     ecep:syllab="1"
                     ecep:pron="tʃɜːtʃ">Church</w>
                  <pc xmlns:ecep="http://www.eighteenthcenturypoetry.org/ns"
                      xml:id="o3900-436560"
                      n="212-a-0820"
                      ecep:lem=","
                      ecep:pos=","
                      ecep:reg=","
                      ecep:spe=",">,</pc>
                  <c> </c>
                  <w xmlns:ecep="http://www.eighteenthcenturypoetry.org/ns"
                     xml:id="o3900-436570"
                     n="212-a-0830"
                     ecep:lem="his"
                     ecep:pos="po31"
                     ecep:reg="his"
                     ecep:spe="his"
                     ecep:syllab="1"
                     ecep:pron="hɪz">his</w>
                  <c> </c>
                  <w xmlns:ecep="http://www.eighteenthcenturypoetry.org/ns"
                     xml:id="o3900-436580"
                     n="212-a-0840"
                     ecep:lem="arm"
                     ecep:pos="n1"
                     ecep:reg="Arm"
                     ecep:spe="Arm"
                     ecep:syllab="1"
                     ecep:pron="ɑːm">Arm</w>
                  <c> </c>
                  <w xmlns:ecep="http://www.eighteenthcenturypoetry.org/ns"
                     xml:id="o3900-436590"
                     n="212-a-0850"
                     ecep:lem="have"
                     ecep:pos="vhd"
                     ecep:reg="had"
                     ecep:spe="had"
                     ecep:syllab="1"
                     ecep:pron="hæd">had</w>
                  <c> </c>
                  <w xmlns:ecep="http://www.eighteenthcenturypoetry.org/ns"
                     xml:id="o3900-436600"
                     n="212-a-0860"
                     ecep:lem="raise"
                     ecep:pos="vvn"
                     ecep:reg="raised"
                     ecep:spe="rais'd"
                     ecep:syllab="1"
                     ecep:pron="reɪzd">rais'd</w>
                  <pc xmlns:ecep="http://www.eighteenthcenturypoetry.org/ns"
                      xml:id="o3900-436610"
                      n="212-a-0870"
                      ecep:lem=","
                      ecep:pos=","
                      ecep:reg=","
                      ecep:spe=",">,</pc>
               </l>
               <l xml:id="o3900-l22795">
                  <c> </c>
                  <w xmlns:ecep="http://www.eighteenthcenturypoetry.org/ns"
                     xml:id="o3900-436620"
                     n="212-a-0880"
                     ecep:lem="receive"
                     ecep:pos="vvd"
                     ecep:reg="Received"
                     ecep:spe="Receiv'd"
                     ecep:syllab="2"
                     ecep:pron="rɪˈsiːvd">Receiv'd</w>
                  <c> </c>
                  <w xmlns:ecep="http://www.eighteenthcenturypoetry.org/ns"
                     xml:id="o3900-436630"
                     n="212-a-0890"
                     ecep:lem="the"
                     ecep:pos="dt"
                     ecep:reg="the"
                     ecep:spe="the"
                     ecep:syllab="1"
                     ecep:pron="ðiː">the</w>
                  <c> </c>
                  <w xmlns:ecep="http://www.eighteenthcenturypoetry.org/ns"
                     xml:id="o3900-436640"
                     n="212-a-0900"
                     ecep:lem="son"
                     ecep:pos="n2"
                     ecep:reg="Sons"
                     ecep:spe="Sons"
                     ecep:syllab="1"
                     ecep:pron="sʌnz">Sons</w>
                  <c> </c>
                  <w xmlns:ecep="http://www.eighteenthcenturypoetry.org/ns"
                     xml:id="o3900-436650"
                     n="212-a-0910"
                     ecep:lem="of"
                     ecep:pos="pp-f"
                     ecep:reg="of"
                     ecep:spe="of"
                     ecep:syllab="1"
                     ecep:pron="ɒv">of</w>
                  <c> </c>
                  <w xmlns:ecep="http://www.eighteenthcenturypoetry.org/ns"
                     xml:id="o3900-436660"
                     n="212-a-0920"
                     ecep:lem="mercy"
                     ecep:pos="n1"
                     ecep:reg="Mercy"
                     ecep:spe="Mercy"
                     ecep:syllab="2"
                     ecep:pron="ˈmɜːsi">Mercy</w>
                  <c> </c>
                  <w xmlns:ecep="http://www.eighteenthcenturypoetry.org/ns"
                     xml:id="o3900-436670"
                     n="212-a-0930"
                     ecep:lem="in"
                     ecep:pos="p-acp"
                     ecep:reg="in"
                     ecep:spe="in"
                     ecep:syllab="1"
                     ecep:pron="ɪn">in</w>
                  <pc xmlns:ecep="http://www.eighteenthcenturypoetry.org/ns"
                      xml:id="o3900-436680"
                      n="212-a-0940"
                      unit="sentence"
                      ecep:lem="."
                      ecep:pos="."
                      ecep:reg="."
                      ecep:spe=".">.</pc>
                  <c> </c>
               </l>
            </lg>
         </div>
      </body>
   </text>
</TEI>
