<?xml version="1.0" encoding="utf-8"?>
<!DOCTYPE div
  SYSTEM "about:legacy-compat">
<div xmlns:ecep="http://www.eighteenthcenturypoetry.org/ns"
     xmlns="http://www.tei-c.org/ns/1.0"
     xmlns:tei="http://www.tei-c.org/ns/1.0"
     ana="#iamb #tetrameter #trimeter #sestet #tail #tale"
     corresp="#txt_CarmRe1790_w0025"
     decls="#semi-normalized"
     ecep:syllab="8.8.6.8.8.6"
     met="-+|-+|-+|-+/ -+|-+|-+|-+/ -+|-+|-+/ -+|-+|-+|-+/ -+|-+|-+|-+/ -+|-+|-+/"
     rendition="#lgvspace"
     rhyme="aabccb"
     subtype="eceptext"
     type="poem"
     xml:id="prc90-w0250">
   <link target="authors.xml#aut_CarmRe1790" type="author"/>
   <head type="main">
      <w xml:id="prc90-102530"
         n="prc90/0079-a-0010"
         ecep:lem="a"
         ecep:pos="dt"
         ecep:reg="A"
         ecep:spe="A"
         ecep:syllab="1"
         ecep:pron="ə">A</w>
      <c> </c>
      <w xml:id="prc90-102540"
         n="prc90/0079-a-0020"
         ecep:lem="request"
         ecep:pos="n1"
         ecep:reg="REQUEST"
         ecep:spe="REQUEST"
         ecep:syllab="2"
         ecep:pron="rɪˈkwest">REQUEST</w>
   </head>
   <lg xml:id="prc90-s00845">
      <l xml:id="prc90-l03900">
         <w xml:id="prc90-102570"
            n="prc90/0079-a-0030"
            ecep:lem="a"
            ecep:pos="dt"
            ecep:reg="A"
            ecep:spe="A"
            ecep:syllab="1"
            ecep:pron="ə">A</w>
         <c> </c>
         <w xml:id="prc90-102580"
            n="prc90/0079-a-0040"
            ecep:lem="fair"
            ecep:pos="j"
            ecep:reg="Fair"
            ecep:spe="Fair"
            ecep:syllab="1"
            ecep:pron="feə">Fair</w>
         <c> </c>
         <w xml:id="prc90-102590"
            n="prc90/0079-a-0050"
            ecep:lem="one"
            ecep:pos="pi"
            ecep:reg="one"
            ecep:spe="one"
            ecep:syllab="1"
            ecep:pron="wʌn">one</w>
         <c> </c>
         <w xml:id="prc90-102600"
            n="prc90/0079-a-0060"
            ecep:lem="once"
            ecep:pos="a-acp"
            ecep:reg="once"
            ecep:spe="once"
            ecep:syllab="1"
            ecep:pron="wʌns">once</w>
         <c> </c>
         <w xml:id="prc90-102610"
            n="prc90/0079-a-0070"
            ecep:lem="upon"
            ecep:pos="p-acp"
            ecep:reg="upon"
            ecep:spe="upon"
            ecep:syllab="2"
            ecep:pron="əˈpɒn">upon</w>
         <c> </c>
         <w xml:id="prc90-102620"
            n="prc90/0079-a-0080"
            ecep:lem="a"
            ecep:pos="dt"
            ecep:reg="a"
            ecep:spe="a"
            ecep:syllab="1"
            ecep:pron="ə">a</w>
         <c> </c>
         <w xml:id="prc90-102630"
            n="prc90/0079-a-0090"
            ecep:lem="time"
            ecep:pos="n1"
            ecep:reg="time"
            ecep:spe="time"
            ecep:syllab="1"
            ecep:pron="taɪm">time</w>
         <pc xml:id="prc90-102640"
             n="prc90/0079-a-0100"
             ecep:lem=","
             ecep:pos=","
             ecep:reg=","
             ecep:spe=",">,</pc>
      </l>
      <l xml:id="prc90-l03905">
         <c> </c>
         <w xml:id="prc90-102650"
            n="prc90/0079-a-0110"
            ecep:lem="address"
            ecep:pos="vvd"
            ecep:reg="Addressed"
            ecep:spe="Address'd"
            ecep:syllab="2"
            ecep:pron="əˈdrest">Address'd</w>
         <c> </c>
         <w xml:id="prc90-102660"
            n="prc90/0079-a-0120"
            ecep:lem="a"
            ecep:pos="dt"
            ecep:reg="a"
            ecep:spe="a"
            ecep:syllab="1"
            ecep:pron="ə">a</w>
         <c> </c>
         <w xml:id="prc90-102670"
            n="prc90/0079-a-0130"
            ecep:lem="nymph"
            ecep:pos="n1"
            ecep:reg="nymph"
            ecep:spe="nymph"
            ecep:syllab="1"
            ecep:pron="nɪmf">nymph</w>
         <c> </c>
         <w xml:id="prc90-102680"
            n="prc90/0079-a-0140"
            ecep:lem="that"
            ecep:pos="cst"
            ecep:reg="that"
            ecep:spe="that"
            ecep:syllab="1"
            ecep:pron="ðæt">that</w>
         <c> </c>
         <w xml:id="prc90-102690"
            n="prc90/0079-a-0150"
            ecep:lem="deal"
            ecep:pos="vvd"
            ecep:reg="dealt"
            ecep:spe="dealt"
            ecep:syllab="1"
            ecep:pron="delt">dealt</w>
         <c> </c>
         <w xml:id="prc90-102700"
            n="prc90/0079-a-0160"
            ecep:lem="in"
            ecep:pos="p-acp"
            ecep:reg="in"
            ecep:spe="in"
            ecep:syllab="1"
            ecep:pron="ɪn">in</w>
         <c> </c>
         <w xml:id="prc90-102710"
            n="prc90/0079-a-0170"
            ecep:lem="rhyme"
            ecep:pos="n1"
            ecep:reg="rhyme"
            ecep:spe="rhyme"
            ecep:syllab="1"
            ecep:pron="raɪm">rhyme</w>
         <pc xml:id="prc90-102720"
             n="prc90/0079-a-0180"
             ecep:lem=","
             ecep:pos=","
             ecep:reg=","
             ecep:spe=",">,</pc>
      </l>
      <l xml:id="prc90-l03910">
         <c> </c>
         <w xml:id="prc90-102730"
            n="prc90/0079-a-0190"
            ecep:lem="i"
            ecep:pos="pns11"
            ecep:reg="I"
            ecep:spe="I"
            ecep:syllab="1"
            ecep:pron="aɪ">I</w>
         <c> </c>
         <w xml:id="prc90-102740"
            n="prc90/0079-a-0200"
            ecep:lem="pray"
            ecep:pos="vvb"
            ecep:reg="pray"
            ecep:spe="pray"
            ecep:syllab="1"
            ecep:pron="preɪ">pray</w>
         <c> </c>
         <w xml:id="prc90-102750"
            n="prc90/0079-a-0210"
            ecep:lem="on"
            ecep:pos="p-acp"
            ecep:reg="on"
            ecep:spe="on"
            ecep:syllab="1"
            ecep:pron="ɒn">on</w>
         <c> </c>
         <w xml:id="prc90-102760"
            n="prc90/0079-a-0220"
            ecep:lem="i"
            ecep:pos="pno11"
            ecep:reg="me"
            ecep:spe="me"
            ecep:syllab="1"
            ecep:pron="miː">me</w>
         <c> </c>
         <w xml:id="prc90-102770"
            n="prc90/0079-a-0230"
            ecep:lem="make"
            ecep:pos="vvi"
            ecep:reg="make"
            ecep:spe="make"
            ecep:syllab="1"
            ecep:pron="meɪk">make</w>
         <c> </c>
         <w xml:id="prc90-102780"
            n="prc90/0079-a-0240"
            ecep:lem="satire"
            ecep:pos="n1"
            ecep:reg="satire"
            ecep:spe="satire"
            ecep:syllab="2"
            ecep:pron="ˈsætæə">satire</w>
         <pc xml:id="prc90-102790"
             n="prc90/0079-a-0250"
             ecep:lem=";"
             ecep:pos=";"
             ecep:reg=";"
             ecep:spe=";">;</pc>
      </l>
      <l xml:id="prc90-l03915">
         <c> </c>
         <w xml:id="prc90-102800"
            n="prc90/0079-a-0260"
            ecep:lem="and"
            ecep:pos="cc"
            ecep:reg="And"
            ecep:spe="And"
            ecep:syllab="1"
            ecep:pron="ænd">And</w>
         <c> </c>
         <w xml:id="prc90-102810"
            n="prc90/0079-a-0270"
            ecep:lem="plain"
            ecep:pos="av-j"
            ecep:reg="plainly"
            ecep:spe="plainly"
            ecep:syllab="2"
            ecep:pron="pleɪnli">plainly</w>
         <c> </c>
         <w xml:id="prc90-102820"
            n="prc90/0079-a-0280"
            ecep:lem="tell"
            ecep:pos="vvb"
            ecep:reg="tell"
            ecep:spe="tell"
            ecep:syllab="1"
            ecep:pron="tel">tell</w>
         <c> </c>
         <w xml:id="prc90-102830"
            n="prc90/0079-a-0290"
            ecep:lem="i"
            ecep:pos="pno11"
            ecep:reg="me"
            ecep:spe="me"
            ecep:syllab="1"
            ecep:pron="miː">me</w>
         <pc xml:id="prc90-102840"
             n="prc90/0079-a-0300"
             ecep:lem=","
             ecep:pos=","
             ecep:reg=","
             ecep:spe=",">,</pc>
         <c> </c>
         <w xml:id="prc90-102850"
            n="prc90/0079-a-0310"
            ecep:lem="as"
            ecep:pos="c-acp"
            ecep:reg="as"
            ecep:spe="as"
            ecep:syllab="1"
            ecep:pron="æz">as</w>
         <c> </c>
         <w xml:id="prc90-102860"
            n="prc90/0079-a-0320"
            ecep:lem="a"
            ecep:pos="dt"
            ecep:reg="a"
            ecep:spe="a"
            ecep:syllab="1"
            ecep:pron="ə">a</w>
         <c> </c>
         <w xml:id="prc90-102870"
            n="prc90/0079-a-0330"
            ecep:lem="friend"
            ecep:pos="n1"
            ecep:reg="friend"
            ecep:spe="friend"
            ecep:syllab="1"
            ecep:pron="frend">friend</w>
         <pc xml:id="prc90-102880"
             n="prc90/0079-a-0340"
             ecep:lem=","
             ecep:pos=","
             ecep:reg=","
             ecep:spe=",">,</pc>
      </l>
      <l xml:id="prc90-l03920">
         <c> </c>
         <w xml:id="prc90-102890"
            n="prc90/0079-a-0350"
            ecep:lem="my"
            ecep:pos="po11"
            ecep:reg="My"
            ecep:spe="My"
            ecep:syllab="1"
            ecep:pron="maɪ">My</w>
         <c> </c>
         <w xml:id="prc90-102900"
            n="prc90/0079-a-0360"
            ecep:lem="fault"
            ecep:pos="n2"
            ecep:reg="faults"
            ecep:spe="faults"
            ecep:syllab="1"
            ecep:pron="fɔːlts">faults</w>
         <pc xml:id="prc90-102910"
             n="prc90/0079-a-0370"
             ecep:lem=","
             ecep:pos=","
             ecep:reg=","
             ecep:spe=",">,</pc>
         <c> </c>
         <w xml:id="prc90-102920"
            n="prc90/0079-a-0380"
            ecep:lem="that"
            ecep:pos="cst"
            ecep:reg="that"
            ecep:spe="that"
            ecep:syllab="1"
            ecep:pron="ðæt">that</w>
         <c> </c>
         <w xml:id="prc90-102930"
            n="prc90/0079-a-0390"
            ecep:lem="i"
            ecep:pos="pns11"
            ecep:reg="I"
            ecep:spe="I"
            ecep:syllab="1"
            ecep:pron="aɪ">I</w>
         <c> </c>
         <w xml:id="prc90-102940"
            n="prc90/0079-a-0400"
            ecep:lem="may"
            ecep:pos="vmb"
            ecep:reg="may"
            ecep:spe="may"
            ecep:syllab="1"
            ecep:pron="meɪ">may</w>
         <c> </c>
         <w xml:id="prc90-102950"
            n="prc90/0079-a-0410"
            ecep:lem="strive"
            ecep:pos="vvi"
            ecep:reg="strive"
            ecep:spe="strive"
            ecep:syllab="1"
            ecep:pron="straɪv">strive</w>
         <c> </c>
         <w xml:id="prc90-102960"
            n="prc90/0079-a-0420"
            ecep:lem="to"
            ecep:pos="pc-acp"
            ecep:reg="to"
            ecep:spe="to"
            ecep:syllab="1"
            ecep:pron="tuː">to</w>
         <c> </c>
         <w xml:id="prc90-102970"
            n="prc90/0079-a-0430"
            ecep:lem="mend"
            ecep:pos="vvi"
            ecep:reg="mend"
            ecep:spe="mend"
            ecep:syllab="1"
            ecep:pron="mend">mend</w>
         <pc xml:id="prc90-102980"
             n="prc90/0079-a-0440"
             ecep:lem=";"
             ecep:pos=";"
             ecep:reg=";"
             ecep:spe=";">;</pc>
      </l>
      <l xml:id="prc90-l03925">
         <c> </c>
         <w xml:id="prc90-102990"
            n="prc90/0079-a-0450"
            ecep:lem="i"
            ecep:pos="pns11"
            ecep:reg="I"
            ecep:spe="I"
            ecep:syllab="1"
            ecep:pron="aɪ">I</w>
         <c> </c>
         <w xml:id="prc90-103000"
            n="prc90/0079-a-0460"
            ecep:lem="hate"
            ecep:pos="vvb"
            ecep:reg="hate"
            ecep:spe="hate"
            ecep:syllab="1"
            ecep:pron="heɪt">hate</w>
         <c> </c>
         <w xml:id="prc90-103010"
            n="prc90/0079-a-0470"
            ecep:lem="to"
            ecep:pos="pc-acp"
            ecep:reg="to"
            ecep:spe="to"
            ecep:syllab="1"
            ecep:pron="tuː">to</w>
         <c> </c>
         <w xml:id="prc90-103020"
            n="prc90/0079-a-0480"
            ecep:lem="hear"
            ecep:pos="vvi"
            ecep:reg="hear"
            ecep:spe="hear"
            ecep:syllab="1"
            ecep:pron="hɪə">hear</w>
         <c> </c>
         <w xml:id="prc90-103030"
            n="prc90/0079-a-0490"
            ecep:lem="you"
            ecep:pos="pn22"
            ecep:reg="you"
            ecep:spe="you"
            ecep:syllab="1"
            ecep:pron="juː">you</w>
         <c> </c>
         <w xml:id="prc90-103040"
            n="prc90/0079-a-0500"
            ecep:lem="flatter"
            ecep:pos="vvb"
            ecep:reg="flatter"
            ecep:spe="flatter"
            ecep:syllab="2"
            ecep:pron="ˈflætə">flatter</w>
         <pc xml:id="prc90-103050"
             n="prc90/0079-a-0510"
             unit="sentence"
             ecep:lem="."
             ecep:pos="."
             ecep:reg="."
             ecep:spe=".">.</pc>
         <c> </c>
      </l>
   </lg>
   <lg xml:id="prc90-s00850">
      <l xml:id="prc90-l03930">
         <w xml:id="prc90-103080"
            n="prc90/0079-a-0520"
            ecep:lem="the"
            ecep:pos="dt"
            ecep:reg="The"
            ecep:spe="The"
            ecep:syllab="1"
            ecep:pron="ðiː">The</w>
         <c> </c>
         <w xml:id="prc90-103090"
            n="prc90/0079-a-0530"
            ecep:lem="nymph"
            ecep:pos="n1"
            ecep:reg="nymph"
            ecep:spe="nymph"
            ecep:syllab="1"
            ecep:pron="nɪmf">nymph</w>
         <c> </c>
         <w xml:id="prc90-103100"
            n="prc90/0079-a-0540"
            ecep:lem="reply"
            ecep:pos="vvd"
            ecep:reg="replied"
            ecep:spe="replied"
            ecep:syllab="2"
            ecep:pron="rɪˈplaɪd">replied</w>
         <c> </c>
         <pc xml:id="prc90-103110"
             n="prc90/0079-a-0550"
             ecep:lem="—"
             ecep:pos="—"
             ecep:reg="—"
             ecep:spe="—">—</pc>
         <c> </c>
         <w xml:id="prc90-103120"
            n="prc90/0079-a-0560"
            ecep:lem="give"
            ecep:pos="vvb"
            ecep:reg="Give"
            ecep:spe="Give"
            ecep:syllab="1"
            ecep:pron="gɪv">Give</w>
         <c> </c>
         <w xml:id="prc90-103130"
            n="prc90/0079-a-0570"
            ecep:lem="i"
            ecep:pos="pno11"
            ecep:reg="me"
            ecep:spe="me"
            ecep:syllab="1"
            ecep:pron="miː">me</w>
         <c> </c>
         <w xml:id="prc90-103140"
            n="prc90/0079-a-0580"
            ecep:lem="my"
            ecep:pos="po11"
            ecep:reg="my"
            ecep:spe="my"
            ecep:syllab="1"
            ecep:pron="maɪ">my</w>
         <c> </c>
         <w xml:id="prc90-103150"
            n="prc90/0079-a-0590"
            ecep:lem="book"
            ecep:pos="n1"
            ecep:reg="book"
            ecep:spe="book"
            ecep:syllab="1"
            ecep:pron="bʊk">book</w>
         <pc xml:id="prc90-103160"
             n="prc90/0079-a-0600"
             ecep:lem=","
             ecep:pos=","
             ecep:reg=","
             ecep:spe=",">,</pc>
      </l>
      <l xml:id="prc90-l03935">
         <c> </c>
         <w xml:id="prc90-103170"
            n="prc90/0079-a-0610"
            ecep:lem="and"
            ecep:pos="cc"
            ecep:reg="And"
            ecep:spe="And"
            ecep:syllab="1"
            ecep:pron="ænd">And</w>
         <c> </c>
         <w xml:id="prc90-103180"
            n="prc90/0079-a-0620"
            ecep:lem="then"
            ecep:pos="av"
            ecep:reg="then"
            ecep:spe="then"
            ecep:syllab="1"
            ecep:pron="ðen">then</w>
         <c> </c>
         <w xml:id="prc90-103190"
            n="prc90/0079-a-0630"
            ecep:lem="assume"
            ecep:pos="vvd"
            ecep:reg="assumed"
            ecep:spe="assum'd"
            ecep:syllab="2"
            ecep:pron="əˈsjuːmd">assum'd</w>
         <c> </c>
         <w xml:id="prc90-103200"
            n="prc90/0079-a-0640"
            ecep:lem="the"
            ecep:pos="dt"
            ecep:reg="the"
            ecep:spe="the"
            ecep:syllab="1"
            ecep:pron="ðiː">the</w>
         <c> </c>
         <w xml:id="prc90-103210"
            n="prc90/0079-a-0650"
            ecep:lem="critic"
            ecep:pos="ng1"
            ecep:reg="critic's"
            ecep:spe="critic's"
            ecep:syllab="2"
            ecep:pron="ˈkrɪtɪkz">critic's</w>
         <c> </c>
         <w xml:id="prc90-103220"
            n="prc90/0079-a-0660"
            ecep:lem="look"
            ecep:pos="n1"
            ecep:reg="look"
            ecep:spe="look"
            ecep:syllab="1"
            ecep:pron="lʊk">look</w>
         <pc xml:id="prc90-103230"
             n="prc90/0079-a-0670"
             ecep:lem=";"
             ecep:pos=";"
             ecep:reg=";"
             ecep:spe=";">;</pc>
      </l>
      <l xml:id="prc90-l03940">
         <c> </c>
         <w xml:id="prc90-103240"
            n="prc90/0079-a-0680"
            ecep:lem="but"
            ecep:pos="cc-acp"
            ecep:reg="But"
            ecep:spe="But"
            ecep:syllab="1"
            ecep:pron="bʌt">But</w>
         <c> </c>
         <w xml:id="prc90-103250"
            n="prc90/0079-a-0690"
            ecep:lem="stop"
            ecep:pos="vvd"
            ecep:reg="stopped"
            ecep:spe="stopt"
            ecep:syllab="1"
            ecep:pron="stɒpt">stopt</w>
         <c> </c>
         <w xml:id="prc90-103260"
            n="prc90/0079-a-0700"
            ecep:lem="to"
            ecep:pos="pc-acp"
            ecep:reg="to"
            ecep:spe="to"
            ecep:syllab="1"
            ecep:pron="tuː">to</w>
         <c> </c>
         <w xml:id="prc90-103270"
            n="prc90/0079-a-0710"
            ecep:lem="pause"
            ecep:pos="vvi"
            ecep:reg="pause"
            ecep:spe="pause"
            ecep:syllab="1"
            ecep:pron="pɔːz">pause</w>
         <c> </c>
         <w xml:id="prc90-103280"
            n="prc90/0079-a-0720"
            ecep:lem="a"
            ecep:pos="dt"
            ecep:reg="a"
            ecep:spe="a"
            ecep:syllab="1"
            ecep:pron="ə">a</w>
         <c> </c>
         <w xml:id="prc90-103290"
            n="prc90/0079-a-0730"
            ecep:lem="while"
            ecep:pos="n1"
            ecep:reg="while"
            ecep:spe="while"
            ecep:syllab="1"
            ecep:pron="ˈwaɪl">while</w>
         <pc xml:id="prc90-103300"
             n="prc90/0079-a-0740"
             ecep:lem=":"
             ecep:pos=":"
             ecep:reg=":"
             ecep:spe=":">:</pc>
      </l>
      <l xml:id="prc90-l03945">
         <c> </c>
         <w xml:id="prc90-103310"
            n="prc90/0079-a-0750"
            ecep:lem="the"
            ecep:pos="dt"
            ecep:reg="The"
            ecep:spe="The"
            ecep:syllab="1"
            ecep:pron="ðiː">The</w>
         <c> </c>
         <w xml:id="prc90-103320"
            n="prc90/0079-a-0760"
            ecep:lem="great"
            ecep:pos="js"
            ecep:reg="greatest"
            ecep:spe="greatest"
            ecep:syllab="2"
            ecep:pron="greɪtɪst">greatest</w>
         <c> </c>
         <w xml:id="prc90-103330"
            n="prc90/0079-a-0770"
            ecep:lem="fault"
            ecep:pos="n1"
            ecep:reg="fault"
            ecep:spe="fault"
            ecep:syllab="1"
            ecep:pron="fɔːlt">fault</w>
         <c> </c>
         <w xml:id="prc90-103340"
            n="prc90/0079-a-0780"
            ecep:lem="in"
            ecep:pos="p-acp"
            ecep:reg="in"
            ecep:spe="in"
            ecep:syllab="1"
            ecep:pron="ɪn">in</w>
         <c> </c>
         <w xml:id="prc90-103350"
            n="prc90/0079-a-0790"
            ecep:lem="you"
            ecep:pos="pn22"
            ecep:reg="you"
            ecep:spe="you"
            ecep:syllab="1"
            ecep:pron="juː">you</w>
         <c> </c>
         <w xml:id="prc90-103360"
            n="prc90/0079-a-0800"
            ecep:lem="i"
            ecep:pos="pns11"
            ecep:reg="I"
            ecep:spe="I"
            ecep:syllab="1"
            ecep:pron="aɪ">I</w>
         <c> </c>
         <w xml:id="prc90-103370"
            n="prc90/0079-a-0810"
            ecep:lem="see"
            ecep:pos="vvb"
            ecep:reg="see"
            ecep:spe="see"
            ecep:syllab="1"
            ecep:pron="siː">see</w>
         <pc xml:id="prc90-103380"
             n="prc90/0079-a-0820"
             ecep:lem=","
             ecep:pos=","
             ecep:reg=","
             ecep:spe=",">,</pc>
      </l>
      <l xml:id="prc90-l03950">
         <c> </c>
         <w xml:id="prc90-103390"
            n="prc90/0079-a-0830"
            ecep:lem="be"
            ecep:pos="vbz"
            ecep:reg="Is"
            ecep:spe="Is"
            ecep:syllab="1"
            ecep:pron="ɪz">Is</w>
         <c> </c>
         <w xml:id="prc90-103400"
            n="prc90/0079-a-0840"
            ecep:lem="ask"
            ecep:pos="vvg"
            ecep:reg="asking"
            ecep:spe="asking"
            ecep:syllab="2"
            ecep:pron="ɑːskɪŋ">asking</w>
         <c> </c>
         <w xml:id="prc90-103410"
            n="prc90/0079-a-0850"
            ecep:lem="such"
            ecep:pos="d"
            ecep:reg="such"
            ecep:spe="such"
            ecep:syllab="1"
            ecep:pron="sʌtʃ">such</w>
         <c> </c>
         <w xml:id="prc90-103420"
            n="prc90/0079-a-0860"
            ecep:lem="a"
            ecep:pos="dt"
            ecep:reg="a"
            ecep:spe="a"
            ecep:syllab="1"
            ecep:pron="ə">a</w>
         <c> </c>
         <w xml:id="prc90-103430"
            n="prc90/0079-a-0870"
            ecep:lem="thing"
            ecep:pos="n1"
            ecep:reg="thing"
            ecep:spe="thing"
            ecep:syllab="1"
            ecep:pron="θɪŋ">thing</w>
         <c> </c>
         <w xml:id="prc90-103440"
            n="prc90/0079-a-0880"
            ecep:lem="of"
            ecep:pos="pp-f"
            ecep:reg="of"
            ecep:spe="of"
            ecep:syllab="1"
            ecep:pron="ɒv">of</w>
         <c> </c>
         <w xml:id="prc90-103450"
            n="prc90/0079-a-0890"
            ecep:lem="i"
            ecep:pos="pno11"
            ecep:reg="me"
            ecep:spe="me"
            ecep:syllab="1"
            ecep:pron="miː">me</w>
         <pc xml:id="prc90-103460"
             n="prc90/0079-a-0900"
             ecep:lem=";"
             ecep:pos=";"
             ecep:reg=";"
             ecep:spe=";">;</pc>
      </l>
      <l xml:id="prc90-l03955">
         <c> </c>
         <w xml:id="prc90-103470"
            n="prc90/0079-a-0910"
            ecep:lem="nor"
            ecep:pos="ccx"
            ecep:reg="Nor"
            ecep:spe="Nor"
            ecep:syllab="1"
            ecep:pron="nɔː">Nor</w>
         <pc xml:id="prc90-103480"
             n="prc90/0079-a-0920"
             ecep:lem=","
             ecep:pos=","
             ecep:reg=","
             ecep:spe=",">,</pc>
         <c> </c>
         <w xml:id="prc90-103490"
            n="prc90/0079-a-0930"
            ecep:lem="Nancy"
            ecep:pos="np1"
            ecep:reg="Nancy"
            ecep:spe="Nancy"
            ecep:syllab="2"
            ecep:pron="ˈnænsi">Nancy</w>
         <pc xml:id="prc90-103500"
             n="prc90/0079-a-0940"
             ecep:lem=","
             ecep:pos=","
             ecep:reg=","
             ecep:spe=",">,</pc>
         <c> </c>
         <w xml:id="prc90-103510"
            n="prc90/0079-a-0950"
            ecep:lem="need"
            ecep:pos="vvb"
            ecep:reg="need"
            ecep:spe="need"
            ecep:syllab="1"
            ecep:pron="niːd">need</w>
         <c> </c>
         <w xml:id="prc90-103520"
            n="prc90/0079-a-0960"
            ecep:lem="you"
            ecep:pos="pn22"
            ecep:reg="you"
            ecep:spe="you"
            ecep:syllab="1"
            ecep:pron="juː">you</w>
         <c> </c>
         <w xml:id="prc90-103530"
            n="prc90/0079-a-0970"
            ecep:lem="smile"
            ecep:pos="n1"
            ecep:reg="smile"
            ecep:spe="smile"
            ecep:syllab="1"
            ecep:pron="smaɪl">smile</w>
         <pc xml:id="prc90-103540"
             n="prc90/0079-a-0980"
             unit="sentence"
             ecep:lem="."
             ecep:pos="."
             ecep:reg="."
             ecep:spe=".">.</pc>
         <c> </c>
      </l>
   </lg>
   <lg xml:id="prc90-s00855">
      <l xml:id="prc90-l03960">
         <w xml:id="prc90-103570"
            n="prc90/0079-a-0990"
            ecep:lem="for"
            ecep:pos="p-acp"
            ecep:reg="For"
            ecep:spe="For"
            ecep:syllab="1"
            ecep:pron="fɔː">For</w>
         <pc xml:id="prc90-103580"
             n="prc90/0079-a-1000"
             ecep:lem=","
             ecep:pos=","
             ecep:reg=","
             ecep:spe=",">,</pc>
         <c> </c>
         <w xml:id="prc90-103590"
            n="prc90/0079-a-1010"
            ecep:lem="o"
            ecep:pos="uh"
            ecep:reg="OH"
            ecep:spe="O"
            ecep:syllab="1"
            ecep:pron="əʊ">O</w>
         <pc xml:id="prc90-103595"
             n="prc90/0079-a-1010"
             ecep:lem="!"
             ecep:pos="!"
             ecep:reg="!"
             ecep:spe="!">!</pc>
         <c> </c>
         <w xml:id="prc90-103600"
            n="prc90/0079-a-1020"
            ecep:lem="it"
            ecep:pos="pn31"
            ecep:reg="it"
            ecep:spe="it"
            ecep:syllab="1"
            ecep:pron="ɪt">it</w>
         <c> </c>
         <w xml:id="prc90-103610"
            n="prc90/0079-a-1030"
            ecep:lem="be"
            ecep:pos="vbds"
            ecep:reg="was"
            ecep:spe="was"
            ecep:syllab="1"
            ecep:pron="wɒz">was</w>
         <c> </c>
         <w xml:id="prc90-103620"
            n="prc90/0079-a-1040"
            ecep:lem="in"
            ecep:pos="p-acp"
            ecep:reg="in"
            ecep:spe="in"
            ecep:syllab="1"
            ecep:pron="ɪn">in</w>
         <c> </c>
         <w xml:id="prc90-103630"
            n="prc90/0079-a-1050"
            ecep:lem="vain"
            ecep:pos="j"
            ecep:reg="vain"
            ecep:spe="vain"
            ecep:syllab="1"
            ecep:pron="veɪn">vain</w>
         <c> </c>
         <w xml:id="prc90-103640"
            n="prc90/0079-a-1060"
            ecep:lem="to"
            ecep:pos="pc-acp"
            ecep:reg="to"
            ecep:spe="to"
            ecep:syllab="1"
            ecep:pron="tuː">to</w>
         <c> </c>
         <w xml:id="prc90-103650"
            n="prc90/0079-a-1070"
            ecep:lem="think"
            ecep:pos="vvi"
            ecep:reg="think"
            ecep:spe="think"
            ecep:syllab="1"
            ecep:pron="θɪŋk">think</w>
         <pc xml:id="prc90-103660"
             n="prc90/0079-a-1080"
             ecep:lem=","
             ecep:pos=","
             ecep:reg=","
             ecep:spe=",">,</pc>
      </l>
      <l xml:id="prc90-l03965">
         <c> </c>
         <w xml:id="prc90-103670"
            n="prc90/0079-a-1090"
            ecep:lem="at"
            ecep:pos="p-acp"
            ecep:reg="At"
            ecep:spe="At"
            ecep:syllab="1"
            ecep:pron="æt">At</w>
         <c> </c>
         <w xml:id="prc90-103680"
            n="prc90/0079-a-1100"
            ecep:lem="such"
            ecep:pos="d"
            ecep:reg="such"
            ecep:spe="such"
            ecep:syllab="1"
            ecep:pron="sʌtʃ">such</w>
         <c> </c>
         <w xml:id="prc90-103690"
            n="prc90/0079-a-1110"
            ecep:lem="a"
            ecep:pos="dt"
            ecep:reg="an"
            ecep:spe="an"
            ecep:syllab="1"
            ecep:pron="æn">an</w>
         <c> </c>
         <w xml:id="prc90-103700"
            n="prc90/0079-a-1120"
            ecep:lem="error"
            ecep:pos="n1"
            ecep:reg="error"
            ecep:spe="error"
            ecep:syllab="2"
            ecep:pron="ˈerə">error</w>
         <c> </c>
         <w xml:id="prc90-103710"
            n="prc90/0079-a-1130"
            ecep:lem="i"
            ecep:pos="pns11"
            ecep:reg="I"
            ecep:spe="I"
            ecep:syllab="1"
            ecep:pron="aɪ">I</w>
         <c> </c>
         <w xml:id="prc90-103720"
            n="prc90/0079-a-1140"
            ecep:lem="can"
            ecep:pos="vmd"
            ecep:reg="could"
            ecep:spe="could"
            ecep:syllab="1"
            ecep:pron="kʊd">could</w>
         <c> </c>
         <w xml:id="prc90-103730"
            n="prc90/0079-a-1150"
            ecep:lem="wink"
            ecep:pos="vvi"
            ecep:reg="wink"
            ecep:spe="wink"
            ecep:syllab="1"
            ecep:pron="wɪŋk">wink</w>
         <pc xml:id="prc90-103740"
             n="prc90/0079-a-1160"
             ecep:lem=";"
             ecep:pos=";"
             ecep:reg=";"
             ecep:spe=";">;</pc>
      </l>
      <l xml:id="prc90-l03970">
         <c> </c>
         <w xml:id="prc90-103750"
            n="prc90/0079-a-1170"
            ecep:lem="your"
            ecep:pos="po22"
            ecep:reg="Your"
            ecep:spe="Your"
            ecep:syllab="1"
            ecep:pron="jɔː">Your</w>
         <c> </c>
         <w xml:id="prc90-103760"
            n="prc90/0079-a-1180"
            ecep:lem="meaning"
            ecep:pos="n1"
            ecep:reg="meaning"
            ecep:spe="meaning"
            ecep:syllab="2"
            ecep:pron="ˈmiːnɪŋ">meaning</w>
         <c> </c>
         <w xml:id="prc90-103770"
            n="prc90/0079-a-1190"
            ecep:lem="will"
            ecep:pos="vmb"
            ecep:reg="will"
            ecep:spe="will"
            ecep:syllab="1"
            ecep:pron="wɪl">will</w>
         <c> </c>
         <w xml:id="prc90-103780"
            n="prc90/0079-a-1200"
            ecep:lem="not"
            ecep:pos="xx"
            ecep:reg="not"
            ecep:spe="not"
            ecep:syllab="1"
            ecep:pron="nɒt">not</w>
         <c> </c>
         <w xml:id="prc90-103790"
            n="prc90/0079-a-1210"
            ecep:lem="hide"
            ecep:pos="vvi"
            ecep:reg="hide"
            ecep:spe="hide"
            ecep:syllab="1"
            ecep:pron="haɪd">hide</w>
      </l>
      <l xml:id="prc90-l03975">
         <c> </c>
         <w xml:id="prc90-103800"
            n="prc90/0079-a-1220"
            ecep:lem="full"
            ecep:pos="av-j"
            ecep:reg="Full"
            ecep:spe="Full"
            ecep:syllab="1"
            ecep:pron="fʊl">Full</w>
         <c> </c>
         <w xml:id="prc90-103810"
            n="prc90/0079-a-1230"
            ecep:lem="well"
            ecep:pos="av"
            ecep:reg="well"
            ecep:spe="well"
            ecep:syllab="1"
            ecep:pron="wel">well</w>
         <c> </c>
         <w xml:id="prc90-103820"
            n="prc90/0079-a-1240"
            ecep:lem="before"
            ecep:pos="c-acp"
            ecep:reg="before"
            ecep:spe="before"
            ecep:syllab="2"
            ecep:pron="bɪˈfɔː">before</w>
         <c> </c>
         <w xml:id="prc90-103830"
            n="prc90/0079-a-1250"
            ecep:lem="i"
            ecep:pos="pns11"
            ecep:reg="I"
            ecep:spe="I"
            ecep:syllab="1"
            ecep:pron="aɪ">I</w>
         <c> </c>
         <w xml:id="prc90-103840"
            n="prc90/0079-a-1260"
            ecep:lem="speak"
            ecep:pos="vvb"
            ecep:reg="spoke"
            ecep:spe="spake"
            ecep:syllab="1"
            ecep:pron="speɪk">spake</w>
         <c> </c>
         <w xml:id="prc90-103850"
            n="prc90/0079-a-1270"
            ecep:lem="you"
            ecep:pos="pn22"
            ecep:reg="you"
            ecep:spe="you"
            ecep:syllab="1"
            ecep:pron="juː">you</w>
         <c> </c>
         <w xml:id="prc90-103860"
            n="prc90/0079-a-1280"
            ecep:lem="know"
            ecep:pos="vvd"
            ecep:reg="knew"
            ecep:spe="knew"
            ecep:syllab="1"
            ecep:pron="njuː">knew</w>
         <pc xml:id="prc90-103870"
             n="prc90/0079-a-1290"
             ecep:lem=","
             ecep:pos=","
             ecep:reg=","
             ecep:spe=",">,</pc>
      </l>
      <l xml:id="prc90-l03980">
         <c> </c>
         <w xml:id="prc90-103880"
            n="prc90/0079-a-1300"
            ecep:lem="of"
            ecep:pos="pp-f"
            ecep:reg="Of"
            ecep:spe="Of"
            ecep:syllab="1"
            ecep:pron="ɒv">Of</w>
         <c> </c>
         <w xml:id="prc90-103890"
            n="prc90/0079-a-1310"
            ecep:lem="fault"
            ecep:pos="n2"
            ecep:reg="faults"
            ecep:spe="faults"
            ecep:syllab="1"
            ecep:pron="fɔːlts">faults</w>
         <c> </c>
         <w xml:id="prc90-103900"
            n="prc90/0079-a-1320"
            ecep:lem="you"
            ecep:pos="pn22"
            ecep:reg="you"
            ecep:spe="you"
            ecep:syllab="1"
            ecep:pron="juː">you</w>
         <c> </c>
         <w xml:id="prc90-103910"
            n="prc90/0079-a-1330"
            ecep:lem="have"
            ecep:pos="vhd"
            ecep:reg="had"
            ecep:spe="had"
            ecep:syllab="1"
            ecep:pron="hæd">had</w>
         <c> </c>
         <w xml:id="prc90-103920"
            n="prc90/0079-a-1340"
            ecep:lem="so"
            ecep:pos="av"
            ecep:reg="so"
            ecep:spe="so"
            ecep:syllab="1"
            ecep:pron="səʊ">so</w>
         <c> </c>
         <w xml:id="prc90-103930"
            n="prc90/0079-a-1350"
            ecep:lem="very"
            ecep:pos="av"
            ecep:reg="very"
            ecep:spe="very"
            ecep:syllab="2"
            ecep:pron="ˈveri">very</w>
         <c> </c>
         <w xml:id="prc90-103940"
            n="prc90/0079-a-1360"
            ecep:lem="few"
            ecep:pos="d"
            ecep:reg="few"
            ecep:spe="few"
            ecep:syllab="1"
            ecep:pron="fjuː">few</w>
         <pc xml:id="prc90-103950"
             n="prc90/0079-a-1370"
             ecep:lem=","
             ecep:pos=","
             ecep:reg=","
             ecep:spe=",">,</pc>
         <c> </c>
         <pc xml:id="prc90-103960"
             n="prc90/0079-a-1380"
             ecep:lem="—"
             ecep:pos="—"
             ecep:reg="—"
             ecep:spe="—">—</pc>
      </l>
      <l xml:id="prc90-l03985">
         <c> </c>
         <w xml:id="prc90-103970"
            n="prc90/0079-a-1390"
            ecep:lem="it|be"
            ecep:pos="pn31|vbds"
            ecep:reg="'Twas"
            ecep:spe="'Twas"
            ecep:syllab="1"
            ecep:pron="twɒz">'Twas</w>
         <c> </c>
         <w xml:id="prc90-103980"
            n="prc90/0079-a-1400"
            ecep:lem="conscious"
            ecep:pos="j"
            ecep:reg="conscious"
            ecep:spe="conscious"
            ecep:syllab="2"
            ecep:pron="ˈkɒnʃəs">conscious</w>
         <c> </c>
         <w xml:id="prc90-103990"
            n="prc90/0079-a-1410"
            ecep:lem="female"
            ecep:pos="j-jn"
            ecep:reg="female"
            ecep:spe="female"
            ecep:syllab="2"
            ecep:pron="ˈfiːmeɪl">female</w>
         <c> </c>
         <w xml:id="prc90-104000"
            n="prc90/0079-a-1420"
            ecep:lem="pride"
            ecep:pos="n1"
            ecep:reg="pride"
            ecep:spe="pride"
            ecep:syllab="1"
            ecep:pron="praɪd">pride</w>
         <pc xml:id="prc90-104010"
             n="prc90/0079-a-1430"
             unit="sentence"
             ecep:lem="."
             ecep:pos="."
             ecep:reg="."
             ecep:spe=".">.</pc>
         <c> </c>
      </l>
   </lg>
</div>
