<?xml version="1.0" encoding="UTF-8"?>
<?xml-model href="../tei_all.rnc" type="application/relax-ng-compact-syntax"?>
<TEI xmlns="http://www.tei-c.org/ns/1.0">
   <teiHeader>
      <fileDesc>
         <titleStmt>
            <title corresp="#txt_AlcoMa1741_w0039">EPIGRAM.</title>
            <author corresp="authors.xml#aut_AlcoMa1741">Mary Alcock (née Cumberland)</author>
            <respStmt>
               <name xml:id="AH">Alexander Huber</name>
               <resp>Editor</resp>
            </respStmt>
            <funder>
               <name type="institution" xml:id="BOD">Bodleian Libraries, University of Oxford</name>
               <address>
                  <addrLine>Broad Street</addrLine>
                  <addrLine>Oxford OX1 3BG</addrLine>
                  <addrLine>UK</addrLine>
               </address>
            </funder>
         </titleStmt>
         <publicationStmt>
            <publisher xml:id="ECPA">Eighteenth-Century Poetry Archive</publisher>
            <address>
               <addrLine>Taylor Institution Library</addrLine>
               <addrLine>St Giles'</addrLine>
               <addrLine>Oxford OX1 3NA</addrLine>
               <addrLine>UK</addrLine>
               <addrLine>
                  <email>info@eighteenthcenturypoetry.org</email>
               </addrLine>
               <addrLine>
                  <ref target="https://www.eighteenthcenturypoetry.org/">https://www.eighteenthcenturypoetry.org/</ref>
               </addrLine>
            </address>
            <pubPlace>Oxford</pubPlace>
            <availability status="restricted">
               <licence target="http://creativecommons.org/licenses/by-sa/3.0/">This work is licensed under a Creative Commons Attribution-ShareAlike 3.0 Unported License.</licence>
            </availability>
            <idno type="ESTC">T86344</idno>
         </publicationStmt>
         <sourceDesc>
            <bibl>
               <author>Alcock [née Cumberland], Mary, 1741?–1798.</author>
               <title>Poems, &amp;c. &amp;c. by the Late Mrs. Mary Alcock [poems only].</title>
               <pubPlace>London</pubPlace>
               <publisher>Printed for C. Dilly, Poultry</publisher>
               <date>1799</date>
               <biblScope>p. 119.</biblScope>
               <extent>vii,[25],183,[1]p.</extent>
            </bibl>
         </sourceDesc>
      </fileDesc>
      <encodingDesc>
         <projectDesc>
            <p>This e-text is part of the Works section of the Eighteenth-Century Poetry Archive (ECPA).</p>
            <p>XML created for the Eighteenth-Century Poetry Archive (ECPA).</p>
         </projectDesc>
         <editorialDecl>
            <p>Typography, spelling, capitalization, and punctuation have been cautiously modernized. The source of the text is given and all significant
						editorial interventions have been recorded in textual notes. This  text has been edited to conform to the recommendations found 
						in Level 5 of the
						Best Practices for TEI in Libraries version 4.0.0.
					</p>
         </editorialDecl>
         <classDecl>
            <taxonomy xml:id="LCNAF">
               <bibl>Library of Congress Name Authority File (<abbr>LCNAF</abbr>)</bibl>
            </taxonomy>
         </classDecl>
         <tagsDecl>
            <rendition n="linegroups indented" xml:id="lgindent" scheme="css">text-indent: 1em;</rendition>
            <rendition n="linegroups vertically spaced" xml:id="lgvspace" scheme="css">margin-bottom: 1em;</rendition>
            <rendition n="aligned centrally" xml:id="align-center" scheme="css">text-align: center;</rendition>
            <rendition n="aligned right" xml:id="align-right" scheme="css">text-align: right;</rendition>
            <rendition n="aligned left" xml:id="align-left" scheme="css">text-align: left;</rendition>
            <rendition n="inline" xml:id="inline" scheme="css">display: inline</rendition>
            <rendition n="italic" xml:id="i" scheme="css">font-style: italic;</rendition>
            <rendition n="bold" xml:id="b" scheme="css">font-weight: bold;</rendition>
         </tagsDecl>
      </encodingDesc>
   </teiHeader>
   <text>
      <body>
         <div xmlns:ecep="http://www.eighteenthcenturypoetry.org/ns"
              ana="#iamb #pentameter #sestet #pair #epigram"
              corresp="#txt_AlcoMa1741_w0039"
              decls="#semi-normalized"
              ecep:syllab="10.10.10.10.10.10"
              met="-+|-+|-+|-+|-+/ -+|-+|-+|-+|-+/ -+|-+|-+|-+|-+/ -+|-+|-+|-+|-+/ -+|-+|-+|-+|-+/ -+|-+|-+|-+|-+/"
              rendition="#lgvspace"
              rhyme="aabbcc"
              subtype="eceptext"
              type="poem"
              xml:id="pma99-w0390">
            <link target="authors.xml#aut_AlcoMa1741" type="author"/>
            <head type="main">
               <w xmlns:ecep="http://www.eighteenthcenturypoetry.org/ns"
                  xml:id="pma99-180950"
                  n="157-a-0010"
                  ecep:lem="epigram"
                  ecep:pos="n1"
                  ecep:reg="EPIGRAM"
                  ecep:spe="EPIGRAM"
                  ecep:syllab="3"
                  ecep:pron="ˈepɪgræm">EPIGRAM</w>
               <pc xmlns:ecep="http://www.eighteenthcenturypoetry.org/ns"
                   xml:id="pma99-180960"
                   n="157-a-0020"
                   unit="sentence"
                   ecep:lem="."
                   ecep:pos="."
                   ecep:reg="."
                   ecep:spe=".">.</pc>
            </head>
            <lg xml:id="pma99-s01420">
               <l n="1" xml:id="pma99-l07865">
                  <hi rendition="#sc">
                     <w xmlns:ecep="http://www.eighteenthcenturypoetry.org/ns"
                        xml:id="pma99-180990"
                        n="157-a-0030"
                        ecep:lem="why"
                        ecep:pos="q-crq"
                        ecep:reg="Why"
                        ecep:spe="Why"
                        ecep:syllab="1"
                        ecep:pron="waɪ">Why</w>
                  </hi>
                  <c> </c>
                  <w xmlns:ecep="http://www.eighteenthcenturypoetry.org/ns"
                     xml:id="pma99-181000"
                     n="157-a-0040"
                     ecep:lem="will"
                     ecep:pos="vmb"
                     ecep:reg="will"
                     ecep:spe="will"
                     ecep:syllab="1"
                     ecep:pron="wɪl">will</w>
                  <c> </c>
                  <w xmlns:ecep="http://www.eighteenthcenturypoetry.org/ns"
                     xml:id="pma99-181010"
                     n="157-a-0050"
                     ecep:lem="you"
                     ecep:pos="pn22"
                     ecep:reg="you"
                     ecep:spe="you"
                     ecep:syllab="1"
                     ecep:pron="juː">you</w>
                  <pc xmlns:ecep="http://www.eighteenthcenturypoetry.org/ns"
                      xml:id="pma99-181020"
                      n="157-a-0060"
                      ecep:lem=","
                      ecep:pos=","
                      ecep:reg=","
                      ecep:spe=",">,</pc>
                  <c> </c>
                  <w xmlns:ecep="http://www.eighteenthcenturypoetry.org/ns"
                     xml:id="pma99-181030"
                     n="157-a-0070"
                     ecep:lem="W**"
                     ecep:pos="np1"
                     ecep:reg="W**"
                     ecep:spe="W**"
                     ecep:syllab="1"
                     ecep:pron="dˈʌbəljˌuː">W**</w>
                  <pc xmlns:ecep="http://www.eighteenthcenturypoetry.org/ns"
                      xml:id="pma99-181040"
                      n="157-a-0080"
                      ecep:lem=","
                      ecep:pos=","
                      ecep:reg=","
                      ecep:spe=",">,</pc>
                  <c> </c>
                  <w xmlns:ecep="http://www.eighteenthcenturypoetry.org/ns"
                     xml:id="pma99-181050"
                     n="157-a-0090"
                     ecep:lem="seek"
                     ecep:pos="vvb"
                     ecep:reg="seek"
                     ecep:spe="seek"
                     ecep:syllab="1"
                     ecep:pron="siːk">seek</w>
                  <c> </c>
                  <w xmlns:ecep="http://www.eighteenthcenturypoetry.org/ns"
                     xml:id="pma99-181060"
                     n="157-a-0100"
                     ecep:lem="with"
                     ecep:pos="p-acp"
                     ecep:reg="with"
                     ecep:spe="with"
                     ecep:syllab="1"
                     ecep:pron="wɪð">with</w>
                  <c> </c>
                  <hi>
                     <w xmlns:ecep="http://www.eighteenthcenturypoetry.org/ns"
                        xml:id="pma99-181070"
                        n="157-a-0110"
                        ecep:lem="pain"
                        ecep:pos="n1"
                        ecep:reg="Pain"
                        ecep:spe="Paine"
                        ecep:syllab="1"
                        ecep:pron="ˈpeɪn">Paine</w>
                  </hi>
                  <c> </c>
                  <w xmlns:ecep="http://www.eighteenthcenturypoetry.org/ns"
                     xml:id="pma99-181080"
                     n="157-a-0120"
                     ecep:lem="to"
                     ecep:pos="pc-acp"
                     ecep:reg="to"
                     ecep:spe="to"
                     ecep:syllab="1"
                     ecep:pron="tuː">to</w>
                  <c> </c>
                  <w xmlns:ecep="http://www.eighteenthcenturypoetry.org/ns"
                     xml:id="pma99-181090"
                     n="157-a-0130"
                     ecep:lem="find"
                     ecep:pos="vvi"
                     ecep:reg="find"
                     ecep:spe="find"
                     ecep:syllab="1"
                     ecep:pron="faɪnd">find</w>
               </l>
               <l n="2" xml:id="pma99-l07870">
                  <c> </c>
                  <w xmlns:ecep="http://www.eighteenthcenturypoetry.org/ns"
                     xml:id="pma99-181100"
                     n="157-a-0140"
                     ecep:lem="man"
                     ecep:pos="n2"
                     ecep:reg="Men"
                     ecep:spe="Men"
                     ecep:syllab="1"
                     ecep:pron="men">Men</w>
                  <c> </c>
                  <w xmlns:ecep="http://www.eighteenthcenturypoetry.org/ns"
                     xml:id="pma99-181110"
                     n="157-a-0150"
                     ecep:lem="like"
                     ecep:pos="vvi"
                     ecep:reg="like"
                     ecep:spe="like"
                     ecep:syllab="1"
                     ecep:pron="laɪk">like</w>
                  <c> </c>
                  <w xmlns:ecep="http://www.eighteenthcenturypoetry.org/ns"
                     xml:id="pma99-181120"
                     n="157-a-0160"
                     ecep:lem="yourself"
                     ecep:pos="px22"
                     ecep:reg="yourselves"
                     ecep:spe="yourselves"
                     ecep:syllab="2"
                     ecep:pron="jɔːˈselvz">yourselves</w>
                  <c> </c>
                  <w xmlns:ecep="http://www.eighteenthcenturypoetry.org/ns"
                     xml:id="pma99-181130"
                     n="157-a-0170"
                     ecep:lem="of"
                     ecep:pos="pp-f"
                     ecep:reg="of"
                     ecep:spe="of"
                     ecep:syllab="1"
                     ecep:pron="ɒv">of</w>
                  <c> </c>
                  <w xmlns:ecep="http://www.eighteenthcenturypoetry.org/ns"
                     xml:id="pma99-181140"
                     n="157-a-0180"
                     ecep:lem="discontent"
                     ecep:pos="j-vvn"
                     ecep:reg="discontented"
                     ecep:spe="discontented"
                     ecep:syllab="4"
                     ecep:pron="ˌdɪskənˈtentɪd">discontented</w>
                  <c> </c>
                  <w xmlns:ecep="http://www.eighteenthcenturypoetry.org/ns"
                     xml:id="pma99-181150"
                     n="157-a-0190"
                     ecep:lem="mind"
                     ecep:pos="n1"
                     ecep:reg="mind"
                     ecep:spe="mind"
                     ecep:syllab="1"
                     ecep:pron="maɪnd">mind</w>
                  <pc xmlns:ecep="http://www.eighteenthcenturypoetry.org/ns"
                      xml:id="pma99-181160"
                      n="157-a-0200"
                      unit="sentence"
                      ecep:lem="?"
                      ecep:pos="?"
                      ecep:reg="?"
                      ecep:spe="?">?</pc>
                  <c> </c>
               </l>
               <l n="3" xml:id="pma99-l07875">
                  <w xmlns:ecep="http://www.eighteenthcenturypoetry.org/ns"
                     xml:id="pma99-181170"
                     n="157-a-0210"
                     ecep:lem="believe"
                     ecep:pos="vvb"
                     ecep:reg="Believe"
                     ecep:spe="Believe"
                     ecep:syllab="2"
                     ecep:pron="bɪˈliːv">Believe</w>
                  <c> </c>
                  <w xmlns:ecep="http://www.eighteenthcenturypoetry.org/ns"
                     xml:id="pma99-181180"
                     n="157-a-0220"
                     ecep:lem="i"
                     ecep:pos="pno11"
                     ecep:reg="me"
                     ecep:spe="me"
                     ecep:syllab="1"
                     ecep:pron="miː">me</w>
                  <pc xmlns:ecep="http://www.eighteenthcenturypoetry.org/ns"
                      xml:id="pma99-181190"
                      n="157-a-0230"
                      ecep:lem=","
                      ecep:pos=","
                      ecep:reg=","
                      ecep:spe=",">,</pc>
                  <c> </c>
                  <w xmlns:ecep="http://www.eighteenthcenturypoetry.org/ns"
                     xml:id="pma99-181200"
                     n="157-a-0240"
                     ecep:lem="sir"
                     ecep:pos="n1"
                     ecep:reg="Sir"
                     ecep:spe="Sir"
                     ecep:syllab="1"
                     ecep:pron="sɜː">Sir</w>
                  <pc xmlns:ecep="http://www.eighteenthcenturypoetry.org/ns"
                      xml:id="pma99-181210"
                      n="157-a-0250"
                      ecep:lem=","
                      ecep:pos=","
                      ecep:reg=","
                      ecep:spe=",">,</pc>
                  <c> </c>
                  <w xmlns:ecep="http://www.eighteenthcenturypoetry.org/ns"
                     xml:id="pma99-181220"
                     n="157-a-0260"
                     ecep:lem="you"
                     ecep:pos="pn22"
                     ecep:reg="you"
                     ecep:spe="you"
                     ecep:syllab="1"
                     ecep:pron="juː">you</w>
                  <c> </c>
                  <w xmlns:ecep="http://www.eighteenthcenturypoetry.org/ns"
                     xml:id="pma99-181230"
                     n="157-a-0270"
                     ecep:lem="may"
                     ecep:pos="vmb"
                     ecep:reg="may"
                     ecep:spe="may"
                     ecep:syllab="1"
                     ecep:pron="meɪ">may</w>
                  <c> </c>
                  <w xmlns:ecep="http://www.eighteenthcenturypoetry.org/ns"
                     xml:id="pma99-181240"
                     n="157-a-0280"
                     ecep:lem="as"
                     ecep:pos="a-acp"
                     ecep:reg="as"
                     ecep:spe="as"
                     ecep:syllab="1"
                     ecep:pron="æz">as</w>
                  <c> </c>
                  <w xmlns:ecep="http://www.eighteenthcenturypoetry.org/ns"
                     xml:id="pma99-181250"
                     n="157-a-0290"
                     ecep:lem="well"
                     ecep:pos="av"
                     ecep:reg="well"
                     ecep:spe="well"
                     ecep:syllab="1"
                     ecep:pron="wel">well</w>
                  <c> </c>
                  <w xmlns:ecep="http://www.eighteenthcenturypoetry.org/ns"
                     xml:id="pma99-181260"
                     n="157-a-0300"
                     ecep:lem="be"
                     ecep:pos="vbi"
                     ecep:reg="be"
                     ecep:spe="be"
                     ecep:syllab="1"
                     ecep:pron="biː">be</w>
                  <c> </c>
                  <w xmlns:ecep="http://www.eighteenthcenturypoetry.org/ns"
                     xml:id="pma99-181270"
                     n="157-a-0310"
                     ecep:lem="quiet"
                     ecep:pos="j-jn"
                     ecep:reg="quiet"
                     ecep:spe="quiet"
                     ecep:syllab="2"
                     ecep:pron="kwæət">quiet</w>
                  <pc xmlns:ecep="http://www.eighteenthcenturypoetry.org/ns"
                      xml:id="pma99-181280"
                      n="157-a-0320"
                      ecep:lem=","
                      ecep:pos=","
                      ecep:reg=","
                      ecep:spe=",">,</pc>
               </l>
               <l n="4" xml:id="pma99-l07880">
                  <c> </c>
                  <w xmlns:ecep="http://www.eighteenthcenturypoetry.org/ns"
                     xml:id="pma99-181290"
                     n="157-a-0330"
                     ecep:lem="do"
                     ecep:pos="vdb"
                     ecep:reg="Do"
                     ecep:spe="Do"
                     ecep:syllab="1"
                     ecep:pron="duː">Do</w>
                  <c> </c>
                  <w xmlns:ecep="http://www.eighteenthcenturypoetry.org/ns"
                     xml:id="pma99-181300"
                     n="157-a-0340"
                     ecep:lem="what"
                     ecep:pos="r-crq"
                     ecep:reg="what"
                     ecep:spe="what"
                     ecep:syllab="1"
                     ecep:pron="wɒt">what</w>
                  <c> </c>
                  <w xmlns:ecep="http://www.eighteenthcenturypoetry.org/ns"
                     xml:id="pma99-181310"
                     n="157-a-0350"
                     ecep:lem="you"
                     ecep:pos="pn22"
                     ecep:reg="you"
                     ecep:spe="you"
                     ecep:syllab="1"
                     ecep:pron="juː">you</w>
                  <c> </c>
                  <w xmlns:ecep="http://www.eighteenthcenturypoetry.org/ns"
                     xml:id="pma99-181320"
                     n="157-a-0360"
                     ecep:lem="will"
                     ecep:pos="vmb"
                     ecep:reg="will"
                     ecep:spe="will"
                     ecep:syllab="1"
                     ecep:pron="wɪl">will</w>
                  <pc xmlns:ecep="http://www.eighteenthcenturypoetry.org/ns"
                      xml:id="pma99-181330"
                      n="157-a-0370"
                      ecep:lem=","
                      ecep:pos=","
                      ecep:reg=","
                      ecep:spe=",">,</pc>
                  <c> </c>
                  <w xmlns:ecep="http://www.eighteenthcenturypoetry.org/ns"
                     xml:id="pma99-181340"
                     n="157-a-0380"
                     ecep:lem="you"
                     ecep:pos="pn22"
                     ecep:reg="you"
                     ecep:spe="you"
                     ecep:syllab="1"
                     ecep:pron="juː">you</w>
                  <c> </c>
                  <w xmlns:ecep="http://www.eighteenthcenturypoetry.org/ns"
                     xml:id="pma99-181350"
                     n="157-a-0390"
                     ecep:lem="can"
                     ecep:pos="vmbx"
                     ecep:reg="cannot"
                     ecep:spe="cannot"
                     ecep:syllab="2"
                     ecep:pron="ˈkænɒt">cannot</w>
                  <c> </c>
                  <w xmlns:ecep="http://www.eighteenthcenturypoetry.org/ns"
                     xml:id="pma99-181360"
                     n="157-a-0400"
                     ecep:lem="hatch"
                     ecep:pos="n1"
                     ecep:reg="hatch"
                     ecep:spe="hatch"
                     ecep:syllab="1"
                     ecep:pron="hætʃ">hatch</w>
                  <c> </c>
                  <w xmlns:ecep="http://www.eighteenthcenturypoetry.org/ns"
                     xml:id="pma99-181370"
                     n="157-a-0410"
                     ecep:lem="a"
                     ecep:pos="dt"
                     ecep:reg="a"
                     ecep:spe="a"
                     ecep:syllab="1"
                     ecep:pron="ə">a</w>
                  <c> </c>
                  <w xmlns:ecep="http://www.eighteenthcenturypoetry.org/ns"
                     xml:id="pma99-181380"
                     n="157-a-0420"
                     ecep:lem="riot"
                     ecep:pos="n1"
                     ecep:reg="riot"
                     ecep:spe="riot"
                     ecep:syllab="2"
                     ecep:pron="ˈraɪət">riot</w>
                  <pc xmlns:ecep="http://www.eighteenthcenturypoetry.org/ns"
                      xml:id="pma99-181390"
                      n="157-a-0430"
                      ecep:lem=";"
                      ecep:pos=";"
                      ecep:reg=";"
                      ecep:spe=";">;</pc>
               </l>
               <l n="5" xml:id="pma99-l07885">
                  <c> </c>
                  <w xmlns:ecep="http://www.eighteenthcenturypoetry.org/ns"
                     xml:id="pma99-181400"
                     n="157-a-0440"
                     ecep:lem="if"
                     ecep:pos="cs"
                     ecep:reg="If"
                     ecep:spe="If"
                     ecep:syllab="1"
                     ecep:pron="ɪf">If</w>
                  <c> </c>
                  <w xmlns:ecep="http://www.eighteenthcenturypoetry.org/ns"
                     xml:id="pma99-181410"
                     n="157-a-0450"
                     ecep:lem="reformation"
                     ecep:pos="ng1"
                     ecep:reg="Reformation's"
                     ecep:spe="Reformation's"
                     ecep:syllab="4"
                     ecep:pron="ˌrefəˈmeɪʃnz">Reformation's</w>
                  <c> </c>
                  <w xmlns:ecep="http://www.eighteenthcenturypoetry.org/ns"
                     xml:id="pma99-181420"
                     n="157-a-0460"
                     ecep:lem="all"
                     ecep:pos="d"
                     ecep:reg="all"
                     ecep:spe="all"
                     ecep:syllab="1"
                     ecep:pron="ɔːl">all</w>
                  <c> </c>
                  <w xmlns:ecep="http://www.eighteenthcenturypoetry.org/ns"
                     xml:id="pma99-181430"
                     n="157-a-0470"
                     ecep:lem="you"
                     ecep:pos="pn22"
                     ecep:reg="you"
                     ecep:spe="you"
                     ecep:syllab="1"
                     ecep:pron="juː">you</w>
                  <c> </c>
                  <w xmlns:ecep="http://www.eighteenthcenturypoetry.org/ns"
                     xml:id="pma99-181440"
                     n="157-a-0480"
                     ecep:lem="wish"
                     ecep:pos="vvb"
                     ecep:reg="wish"
                     ecep:spe="wish"
                     ecep:syllab="1"
                     ecep:pron="wɪʃ">wish</w>
                  <c> </c>
                  <w xmlns:ecep="http://www.eighteenthcenturypoetry.org/ns"
                     xml:id="pma99-181450"
                     n="157-a-0490"
                     ecep:lem="to"
                     ecep:pos="pc-acp"
                     ecep:reg="to"
                     ecep:spe="to"
                     ecep:syllab="1"
                     ecep:pron="tuː">to</w>
                  <c> </c>
                  <w xmlns:ecep="http://www.eighteenthcenturypoetry.org/ns"
                     xml:id="pma99-181460"
                     n="157-a-0500"
                     ecep:lem="get"
                     ecep:pos="vvi"
                     ecep:reg="get"
                     ecep:spe="get"
                     ecep:syllab="1"
                     ecep:pron="get">get</w>
                  <pc xmlns:ecep="http://www.eighteenthcenturypoetry.org/ns"
                      xml:id="pma99-181470"
                      n="157-a-0510"
                      ecep:lem=","
                      ecep:pos=","
                      ecep:reg=","
                      ecep:spe=",">,</pc>
               </l>
               <l n="6" xml:id="pma99-l07890">
                  <c> </c>
                  <w xmlns:ecep="http://www.eighteenthcenturypoetry.org/ns"
                     xml:id="pma99-181480"
                     n="157-a-0520"
                     ecep:lem="reform"
                     ecep:pos="n1"
                     ecep:reg="Reform"
                     ecep:spe="Reform"
                     ecep:syllab="2"
                     ecep:pron="rɪˈfɔːm">Reform</w>
                  <c> </c>
                  <w xmlns:ecep="http://www.eighteenthcenturypoetry.org/ns"
                     xml:id="pma99-181490"
                     n="157-a-0530"
                     ecep:lem="yourself"
                     ecep:pos="px21"
                     ecep:reg="yourself"
                     ecep:spe="yourself"
                     ecep:syllab="2"
                     ecep:pron="jɔːˈself">yourself</w>
                  <pc xmlns:ecep="http://www.eighteenthcenturypoetry.org/ns"
                      xml:id="pma99-181500"
                      n="157-a-0540"
                      ecep:lem=","
                      ecep:pos=","
                      ecep:reg=","
                      ecep:spe=",">,</pc>
                  <c> </c>
                  <w xmlns:ecep="http://www.eighteenthcenturypoetry.org/ns"
                     xml:id="pma99-181510"
                     n="157-a-0550"
                     ecep:lem="and"
                     ecep:pos="cc"
                     ecep:reg="and"
                     ecep:spe="and"
                     ecep:syllab="1"
                     ecep:pron="ænd">and</w>
                  <c> </c>
                  <w xmlns:ecep="http://www.eighteenthcenturypoetry.org/ns"
                     xml:id="pma99-181520"
                     n="157-a-0560"
                     ecep:lem="leave"
                     ecep:pos="vvi"
                     ecep:reg="leave"
                     ecep:spe="leave"
                     ecep:syllab="1"
                     ecep:pron="liːv">leave</w>
                  <c> </c>
                  <w xmlns:ecep="http://www.eighteenthcenturypoetry.org/ns"
                     xml:id="pma99-181530"
                     n="157-a-0570"
                     ecep:lem="the"
                     ecep:pos="dt"
                     ecep:reg="the"
                     ecep:spe="the"
                     ecep:syllab="1"
                     ecep:pron="ðiː">the</w>
                  <c> </c>
                  <w xmlns:ecep="http://www.eighteenthcenturypoetry.org/ns"
                     xml:id="pma99-181540"
                     n="157-a-0580"
                     ecep:lem="state"
                     ecep:pos="n1"
                     ecep:reg="State"
                     ecep:spe="State"
                     ecep:syllab="1"
                     ecep:pron="steɪt">State</w>
                  <c> </c>
                  <w xmlns:ecep="http://www.eighteenthcenturypoetry.org/ns"
                     xml:id="pma99-181550"
                     n="157-a-0590"
                     ecep:lem="to"
                     ecep:pos="p-acp"
                     ecep:reg="to"
                     ecep:spe="to"
                     ecep:syllab="1"
                     ecep:pron="tuː">to</w>
                  <c> </c>
                  <w xmlns:ecep="http://www.eighteenthcenturypoetry.org/ns"
                     xml:id="pma99-181560"
                     n="157-a-0600"
                     ecep:lem="Pitt"
                     ecep:pos="np1"
                     ecep:reg="Pitt"
                     ecep:spe="Pitt"
                     ecep:syllab="1"
                     ecep:pron="ˈpɪt">Pitt</w>
                  <pc xmlns:ecep="http://www.eighteenthcenturypoetry.org/ns"
                      xml:id="pma99-181570"
                      n="157-a-0610"
                      unit="sentence"
                      ecep:lem="."
                      ecep:pos="."
                      ecep:reg="."
                      ecep:spe=".">.</pc>
                  <c> </c>
               </l>
            </lg>
         </div>
      </body>
   </text>
</TEI>
