<?xml version="1.0" encoding="utf-8"?>
<!DOCTYPE div
  SYSTEM "about:legacy-compat">
<div xmlns:ecep="http://www.eighteenthcenturypoetry.org/ns"
     xmlns="http://www.tei-c.org/ns/1.0"
     xmlns:tei="http://www.tei-c.org/ns/1.0"
     ana="#iamb #tetrameter #intermittent #quatrain #hymn"
     corresp="#txt_GambJo1711_w0007"
     decls="#semi-normalized"
     ecep:syllab="8.6.8.6"
     met="-+|-+|-+|-+/ -+|-+|-+/ -+|-+|-+|-+/ -+|-+|-+/"
     rendition="#lgvspace"
     rhyme="xaxa"
     subtype="eceptext"
     type="poem"
     xml:id="o3900-w0430">
   <link target="authors.xml#aut_GambJo1711" type="author"/>
   <head type="main">
      <w xml:id="o3900-147650"
         n="74-a-0200"
         ecep:lem="after"
         ecep:pos="p-acp"
         ecep:reg="After"
         ecep:spe="After"
         ecep:syllab="2"
         ecep:pron="ˈɑːftə">After</w>
      <c> </c>
      <w xml:id="o3900-147660"
         n="74-a-0210"
         ecep:lem="consider"
         ecep:pos="vvg"
         ecep:reg="considering"
         ecep:spe="considering"
         ecep:syllab="4"
         ecep:pron="kənˈsɪdrɪŋ">considering</w>
      <c> </c>
      <w xml:id="o3900-147670"
         n="74-a-0220"
         ecep:lem="some"
         ecep:pos="d"
         ecep:reg="some"
         ecep:spe="some"
         ecep:syllab="1"
         ecep:pron="sʌm">some</w>
      <c> </c>
      <w xml:id="o3900-147680"
         n="74-a-0230"
         ecep:lem="of"
         ecep:pos="pp-f"
         ecep:reg="of"
         ecep:spe="of"
         ecep:syllab="1"
         ecep:pron="ɒv">of</w>
      <c> </c>
      <w xml:id="o3900-147690"
         n="74-a-0240"
         ecep:lem="his"
         ecep:pos="po31"
         ecep:reg="his"
         ecep:spe="his"
         ecep:syllab="1"
         ecep:pron="hɪz">his</w>
      <c> </c>
      <w xml:id="o3900-147700"
         n="74-a-0250"
         ecep:lem="friend"
         ecep:pos="n2"
         ecep:reg="Friends"
         ecep:spe="Friends"
         ecep:syllab="1"
         ecep:pron="frendz">Friends</w>
      <pc xml:id="o3900-147710"
          n="74-a-0260"
          unit="sentence"
          ecep:lem="."
          ecep:pos="."
          ecep:reg="."
          ecep:spe=".">.</pc>
   </head>
   <lg n="1" xml:id="o3900-s01280">
      <head>
         <w xml:id="o3900-147760"
            n="74-a-0270"
            ecep:lem="i"
            ecep:pos="pns11"
            ecep:reg="I"
            ecep:spe="I."
            ecep:syllab="1"
            ecep:pron="ˈaɪ">I.</w>
         <pc unit="sentence" xml:id="o3900-147760-eos" n="74-a-0280"/>
      </head>
      <l xml:id="o3900-l06535">
         <w xml:id="o3900-147780"
            n="74-a-0290"
            ecep:lem="why"
            ecep:pos="uh-crq"
            ecep:reg="WHY"
            ecep:spe="WHY"
            ecep:syllab="1"
            ecep:pron="waɪ">WHY</w>
         <c> </c>
         <w xml:id="o3900-147790"
            n="74-a-0300"
            ecep:lem="do"
            ecep:pos="vdi"
            ecep:reg="do"
            ecep:spe="do"
            ecep:syllab="1"
            ecep:pron="duː">do</w>
         <c> </c>
         <w xml:id="o3900-147800"
            n="74-a-0310"
            ecep:lem="the"
            ecep:pos="dt"
            ecep:reg="the"
            ecep:spe="the"
            ecep:syllab="1"
            ecep:pron="ðiː">the</w>
         <c> </c>
         <w xml:id="o3900-147810"
            n="74-a-0320"
            ecep:lem="deed"
            ecep:pos="n2"
            ecep:reg="Deeds"
            ecep:spe="Deeds"
            ecep:syllab="1"
            ecep:pron="diːdz">Deeds</w>
         <c> </c>
         <w xml:id="o3900-147820"
            n="74-a-0330"
            ecep:lem="of"
            ecep:pos="pp-f"
            ecep:reg="of"
            ecep:spe="of"
            ecep:syllab="1"
            ecep:pron="ɒv">of</w>
         <c> </c>
         <w xml:id="o3900-147830"
            n="74-a-0340"
            ecep:lem="happy"
            ecep:pos="jc"
            ecep:reg="happier"
            ecep:spe="happier"
            ecep:syllab="2"
            ecep:pron="ˈhæpiə">happier</w>
         <c> </c>
         <w xml:id="o3900-147840"
            n="74-a-0350"
            ecep:lem="man"
            ecep:pos="n2"
            ecep:reg="Men"
            ecep:spe="Men"
            ecep:syllab="1"
            ecep:pron="men">Men</w>
      </l>
      <l xml:id="o3900-l06540">
         <c> </c>
         <w xml:id="o3900-147850"
            n="74-a-0360"
            ecep:lem="into"
            ecep:pos="p-acp"
            ecep:reg="Into"
            ecep:spe="Into"
            ecep:syllab="2"
            ecep:pron="ˈɪntə">Into</w>
         <c> </c>
         <w xml:id="o3900-147860"
            n="74-a-0370"
            ecep:lem="a"
            ecep:pos="dt"
            ecep:reg="a"
            ecep:spe="a"
            ecep:syllab="1"
            ecep:pron="ə">a</w>
         <c> </c>
         <w xml:id="o3900-147870"
            n="74-a-0380"
            ecep:lem="mind"
            ecep:pos="n1"
            ecep:reg="Mind"
            ecep:spe="Mind"
            ecep:syllab="1"
            ecep:pron="maɪnd">Mind</w>
         <c> </c>
         <w xml:id="o3900-147880"
            n="74-a-0390"
            ecep:lem="return"
            ecep:pos="n1"
            ecep:reg="return"
            ecep:spe="return"
            ecep:syllab="2"
            ecep:pron="rɪˈtɜːn">return</w>
         <pc xml:id="o3900-147890"
             n="74-a-0400"
             ecep:lem=","
             ecep:pos=","
             ecep:reg=","
             ecep:spe=",">,</pc>
      </l>
      <l xml:id="o3900-l06545">
         <c> </c>
         <w xml:id="o3900-147900"
            n="74-a-0410"
            ecep:lem="which"
            ecep:pos="r-crq"
            ecep:reg="Which"
            ecep:spe="Which"
            ecep:syllab="1"
            ecep:pron="wɪtʃ">Which</w>
         <c> </c>
         <w xml:id="o3900-147910"
            n="74-a-0420"
            ecep:lem="can"
            ecep:pos="vmb"
            ecep:reg="can"
            ecep:spe="can"
            ecep:syllab="1"
            ecep:pron="kæn">can</w>
         <pc xml:id="o3900-147920"
             n="74-a-0430"
             ecep:lem=","
             ecep:pos=","
             ecep:reg=","
             ecep:spe=",">,</pc>
         <c> </c>
         <w xml:id="o3900-147930"
            n="74-a-0440"
            ecep:lem="oppress"
            ecep:pos="vvn"
            ecep:reg="oppressed"
            ecep:spe="opprest"
            ecep:syllab="2"
            ecep:pron="əˈprest">opprest</w>
         <c> </c>
         <w xml:id="o3900-147940"
            n="74-a-0450"
            ecep:lem="by"
            ecep:pos="p-acp"
            ecep:reg="by"
            ecep:spe="by"
            ecep:syllab="1"
            ecep:pron="baɪ">by</w>
         <c> </c>
         <w xml:id="o3900-147950"
            n="74-a-0460"
            ecep:lem="band"
            ecep:pos="n2"
            ecep:reg="Bands"
            ecep:spe="Bands"
            ecep:syllab="1"
            ecep:pron="bændz">Bands</w>
         <c> </c>
         <w xml:id="o3900-147960"
            n="74-a-0470"
            ecep:lem="of"
            ecep:pos="pp-f"
            ecep:reg="of"
            ecep:spe="of"
            ecep:syllab="1"
            ecep:pron="ɒv">of</w>
         <c> </c>
         <w xml:id="o3900-147970"
            n="74-a-0480"
            ecep:lem="sloth"
            ecep:pos="n1"
            ecep:reg="Sloth"
            ecep:spe="Sloth"
            ecep:syllab="1"
            ecep:pron="sləʊθ">Sloth</w>
         <pc xml:id="o3900-147980"
             n="74-a-0490"
             ecep:lem=","
             ecep:pos=","
             ecep:reg=","
             ecep:spe=",">,</pc>
      </l>
      <l xml:id="o3900-l06550">
         <c> </c>
         <w xml:id="o3900-147990"
            n="74-a-0500"
            ecep:lem="with"
            ecep:pos="p-acp"
            ecep:reg="With"
            ecep:spe="With"
            ecep:syllab="1"
            ecep:pron="wɪð">With</w>
         <c> </c>
         <w xml:id="o3900-148000"
            n="74-a-0510"
            ecep:lem="no"
            ecep:pos="dx"
            ecep:reg="no"
            ecep:spe="no"
            ecep:syllab="1"
            ecep:pron="nəʊ">no</w>
         <c> </c>
         <w xml:id="o3900-148010"
            n="74-a-0520"
            ecep:lem="such"
            ecep:pos="d"
            ecep:reg="such"
            ecep:spe="such"
            ecep:syllab="1"
            ecep:pron="sʌtʃ">such</w>
         <c> </c>
         <w xml:id="o3900-148020"
            n="74-a-0530"
            ecep:lem="ardour"
            ecep:pos="n2"
            ecep:reg="Ardours"
            ecep:spe="Ardors"
            ecep:syllab="2"
            ecep:pron="ˈɑːdɔːz">Ardors</w>
         <c> </c>
         <w xml:id="o3900-148030"
            n="74-a-0540"
            ecep:lem="burn"
            ecep:pos="vvi"
            ecep:reg="burn"
            ecep:spe="burn"
            ecep:syllab="1"
            ecep:pron="bɜːn">burn</w>
         <pc xml:id="o3900-148040"
             n="74-a-0550"
             unit="sentence"
             ecep:lem="?"
             ecep:pos="?"
             ecep:reg="?"
             ecep:spe="?">?</pc>
         <c> </c>
      </l>
   </lg>
   <lg n="2" xml:id="o3900-s01285">
      <head>
         <w xml:id="o3900-148080"
            n="74-a-0560"
            ecep:lem="ii"
            ecep:pos="crd"
            ecep:reg="II"
            ecep:spe="II"
            ecep:syllab="1"
            ecep:pron="rˌəʊməntˈuː">II</w>
         <pc xml:id="o3900-148090"
             n="74-a-0570"
             unit="sentence"
             ecep:lem="."
             ecep:pos="."
             ecep:reg="."
             ecep:spe=".">.</pc>
      </head>
      <l xml:id="o3900-l06555">
         <w xml:id="o3900-148110"
            n="74-a-0580"
            ecep:lem="god"
            ecep:pos="n1"
            ecep:reg="GOD"
            ecep:spe="GOD"
            ecep:syllab="1"
            ecep:pron="gɒd">GOD</w>
         <c> </c>
         <w xml:id="o3900-148120"
            n="74-a-0590"
            ecep:lem="of"
            ecep:pos="pp-f"
            ecep:reg="of"
            ecep:spe="of"
            ecep:syllab="1"
            ecep:pron="ɒv">of</w>
         <c> </c>
         <w xml:id="o3900-148130"
            n="74-a-0600"
            ecep:lem="my"
            ecep:pos="po11"
            ecep:reg="my"
            ecep:spe="my"
            ecep:syllab="1"
            ecep:pron="maɪ">my</w>
         <c> </c>
         <w xml:id="o3900-148140"
            n="74-a-0610"
            ecep:lem="life"
            ecep:pos="n1"
            ecep:reg="Life"
            ecep:spe="Life"
            ecep:syllab="1"
            ecep:pron="laɪf">Life</w>
         <c> </c>
         <w xml:id="o3900-148150"
            n="74-a-0620"
            ecep:lem="and"
            ecep:pos="cc"
            ecep:reg="and"
            ecep:spe="and"
            ecep:syllab="1"
            ecep:pron="ænd">and</w>
         <c> </c>
         <w xml:id="o3900-148160"
            n="74-a-0630"
            ecep:lem="all"
            ecep:pos="d"
            ecep:reg="all"
            ecep:spe="all"
            ecep:syllab="1"
            ecep:pron="ɔːl">all</w>
         <c> </c>
         <w xml:id="o3900-148170"
            n="74-a-0640"
            ecep:lem="my"
            ecep:pos="po11"
            ecep:reg="my"
            ecep:spe="my"
            ecep:syllab="1"
            ecep:pron="maɪ">my</w>
         <c> </c>
         <w xml:id="o3900-148180"
            n="74-a-0650"
            ecep:lem="power"
            ecep:pos="n2"
            ecep:reg="Powers"
            ecep:spe="Pow'rs"
            ecep:syllab="1"
            ecep:pron="ˈpaʊəz">Pow'rs</w>
         <pc xml:id="o3900-148190"
             n="74-a-0660"
             ecep:lem=","
             ecep:pos=","
             ecep:reg=","
             ecep:spe=",">,</pc>
      </l>
      <l xml:id="o3900-l06560">
         <c> </c>
         <w xml:id="o3900-148200"
            n="74-a-0670"
            ecep:lem="the"
            ecep:pos="dt"
            ecep:reg="The"
            ecep:spe="The"
            ecep:syllab="1"
            ecep:pron="ðiː">The</w>
         <c> </c>
         <w xml:id="o3900-148210"
            n="74-a-0680"
            ecep:lem="everlasting"
            ecep:pos="j"
            ecep:reg="Everlasting"
            ecep:spe="Everlasting"
            ecep:syllab="4"
            ecep:pron="ˌevəˈlɑːstɪŋ">Everlasting</w>
         <c> </c>
         <w xml:id="o3900-148220"
            n="74-a-0690"
            ecep:lem="friend"
            ecep:pos="n1"
            ecep:reg="Friend"
            ecep:spe="Friend"
            ecep:syllab="1"
            ecep:pron="frend">Friend</w>
         <pc xml:id="o3900-148230"
             n="74-a-0700"
             unit="sentence"
             ecep:lem="!"
             ecep:pos="!"
             ecep:reg="!"
             ecep:spe="!">!</pc>
         <c> </c>
      </l>
      <l xml:id="o3900-l06565">
         <w xml:id="o3900-148240"
            n="74-a-0710"
            ecep:lem="shall"
            ecep:pos="vmb"
            ecep:reg="Shall"
            ecep:spe="Shall"
            ecep:syllab="1"
            ecep:pron="ʃæl">Shall</w>
         <c> </c>
         <w xml:id="o3900-148250"
            n="74-a-0720"
            ecep:lem="life"
            ecep:pos="n1"
            ecep:reg="Life"
            ecep:spe="Life"
            ecep:syllab="1"
            ecep:pron="laɪf">Life</w>
         <c> </c>
         <w xml:id="o3900-148260"
            n="74-a-0730"
            ecep:lem="so"
            ecep:pos="av"
            ecep:reg="so"
            ecep:spe="so"
            ecep:syllab="1"
            ecep:pron="səʊ">so</w>
         <c> </c>
         <w xml:id="o3900-148270"
            n="74-a-0740"
            ecep:lem="favour"
            ecep:pos="vvn"
            ecep:reg="favoured"
            ecep:spe="favour'd"
            ecep:syllab="2"
            ecep:pron="ˈfeɪvəd">favour'd</w>
         <c> </c>
         <w xml:id="o3900-148280"
            n="74-a-0750"
            ecep:lem="in"
            ecep:pos="p-acp"
            ecep:reg="in"
            ecep:spe="in"
            ecep:syllab="1"
            ecep:pron="ɪn">in</w>
         <c> </c>
         <w xml:id="o3900-148290"
            n="74-a-0760"
            ecep:lem="its"
            ecep:pos="po31"
            ecep:reg="its"
            ecep:spe="its"
            ecep:syllab="1"
            ecep:pron="ɪts">its</w>
         <c> </c>
         <w xml:id="o3900-148300"
            n="74-a-0770"
            ecep:lem="dawn"
            ecep:pos="n1"
            ecep:reg="Dawn"
            ecep:spe="Dawn"
            ecep:syllab="1"
            ecep:pron="dɔːn">Dawn</w>
         <pc xml:id="o3900-148310"
             n="74-a-0780"
             ecep:lem=","
             ecep:pos=","
             ecep:reg=","
             ecep:spe=",">,</pc>
      </l>
      <l xml:id="o3900-l06570">
         <c> </c>
         <w xml:id="o3900-148320"
            n="74-a-0790"
            ecep:lem="be"
            ecep:pos="vbb"
            ecep:reg="Be"
            ecep:spe="Be"
            ecep:syllab="1"
            ecep:pron="biː">Be</w>
         <c> </c>
         <w xml:id="o3900-148330"
            n="74-a-0800"
            ecep:lem="fruitless"
            ecep:pos="j"
            ecep:reg="fruitless"
            ecep:spe="fruitless"
            ecep:syllab="2"
            ecep:pron="ˈfruːtləs">fruitless</w>
         <c> </c>
         <w xml:id="o3900-148340"
            n="74-a-0810"
            ecep:lem="in"
            ecep:pos="p-acp"
            ecep:reg="in"
            ecep:spe="in"
            ecep:syllab="1"
            ecep:pron="ɪn">in</w>
         <c> </c>
         <w xml:id="o3900-148350"
            n="74-a-0820"
            ecep:lem="its"
            ecep:pos="po31"
            ecep:reg="its"
            ecep:spe="its"
            ecep:syllab="1"
            ecep:pron="ɪts">its</w>
         <c> </c>
         <w xml:id="o3900-148360"
            n="74-a-0830"
            ecep:lem="end"
            ecep:pos="n1"
            ecep:reg="End"
            ecep:spe="End"
            ecep:syllab="1"
            ecep:pron="end">End</w>
         <pc xml:id="o3900-148370"
             n="74-a-0840"
             unit="sentence"
             ecep:lem="?"
             ecep:pos="?"
             ecep:reg="?"
             ecep:spe="?">?</pc>
         <c> </c>
      </l>
   </lg>
   <lg n="3" xml:id="o3900-s01290">
      <head>
         <w xml:id="o3900-148410"
            n="74-a-0850"
            ecep:lem="iii"
            ecep:pos="crd"
            ecep:reg="III"
            ecep:spe="III"
            ecep:syllab="1"
            ecep:pron="rˌəʊmənθrˈiː">III</w>
         <pc xml:id="o3900-148420"
             n="74-a-0860"
             unit="sentence"
             ecep:lem="."
             ecep:pos="."
             ecep:reg="."
             ecep:spe=".">.</pc>
      </head>
      <l xml:id="o3900-l06575">
         <w xml:id="o3900-148440"
            n="74-a-0870"
            ecep:lem="to"
            ecep:pos="p-acp"
            ecep:reg="To"
            ecep:spe="To"
            ecep:syllab="1"
            ecep:pron="tuː">To</w>
         <c> </c>
         <w xml:id="o3900-148450"
            n="74-a-0880"
            ecep:lem="thou"
            ecep:pos="pno21"
            ecep:reg="Thee"
            ecep:spe="Thee"
            ecep:syllab="1"
            ecep:pron="ðiː">Thee</w>
         <pc xml:id="o3900-148460"
             n="74-a-0890"
             ecep:lem=","
             ecep:pos=","
             ecep:reg=","
             ecep:spe=",">,</pc>
         <c> </c>
         <w xml:id="o3900-148470"
            n="74-a-0900"
            ecep:lem="o"
            ecep:pos="uh"
            ecep:reg="OH"
            ecep:spe="O"
            ecep:syllab="1"
            ecep:pron="əʊ">O</w>
         <c> </c>
         <w xml:id="o3900-148480"
            n="74-a-0910"
            ecep:lem="lord"
            ecep:pos="n1"
            ecep:reg="Lord"
            ecep:spe="Lord"
            ecep:syllab="1"
            ecep:pron="lɔːd">Lord</w>
         <pc xml:id="o3900-148490"
             n="74-a-0920"
             ecep:lem=","
             ecep:pos=","
             ecep:reg=","
             ecep:spe=",">,</pc>
         <c> </c>
         <w xml:id="o3900-148500"
            n="74-a-0930"
            ecep:lem="my"
            ecep:pos="po11"
            ecep:reg="my"
            ecep:spe="my"
            ecep:syllab="1"
            ecep:pron="maɪ">my</w>
         <c> </c>
         <w xml:id="o3900-148510"
            n="74-a-0940"
            ecep:lem="tender"
            ecep:pos="j"
            ecep:reg="tender"
            ecep:spe="tender"
            ecep:syllab="2"
            ecep:pron="ˈtendə">tender</w>
         <c> </c>
         <w xml:id="o3900-148520"
            n="74-a-0950"
            ecep:lem="year"
            ecep:pos="n2"
            ecep:reg="Years"
            ecep:spe="Years"
            ecep:syllab="1"
            ecep:pron="jɪəz">Years</w>
      </l>
      <l xml:id="o3900-l06580">
         <c> </c>
         <w xml:id="o3900-148530"
            n="74-a-0960"
            ecep:lem="a"
            ecep:pos="dt"
            ecep:reg="A"
            ecep:spe="A"
            ecep:syllab="1"
            ecep:pron="ə">A</w>
         <c> </c>
         <w xml:id="o3900-148540"
            n="74-a-0970"
            ecep:lem="tremble"
            ecep:pos="j-vvg"
            ecep:reg="trembling"
            ecep:spe="trembling"
            ecep:syllab="2"
            ecep:pron="ˈtremblɪŋ">trembling</w>
         <c> </c>
         <w xml:id="o3900-148550"
            n="74-a-0980"
            ecep:lem="duty"
            ecep:pos="n1"
            ecep:reg="Duty"
            ecep:spe="Duty"
            ecep:syllab="2"
            ecep:pron="ˈdʒuːti">Duty</w>
         <c> </c>
         <w xml:id="o3900-148560"
            n="74-a-0990"
            ecep:lem="pay"
            ecep:pos="vvn"
            ecep:reg="paid"
            ecep:spe="paid"
            ecep:syllab="1"
            ecep:pron="peɪd">paid</w>
         <pc xml:id="o3900-148570"
             n="74-a-1000"
             ecep:lem=","
             ecep:pos=","
             ecep:reg=","
             ecep:spe=",">,</pc>
      </l>
      <l xml:id="o3900-l06585">
         <c> </c>
         <w xml:id="o3900-148580"
            n="74-a-1010"
            ecep:lem="with"
            ecep:pos="p-acp"
            ecep:reg="With"
            ecep:spe="With"
            ecep:syllab="1"
            ecep:pron="wɪð">With</w>
         <c> </c>
         <w xml:id="o3900-148590"
            n="74-a-1020"
            ecep:lem="glimpse"
            ecep:pos="n2"
            ecep:reg="Glimpses"
            ecep:spe="Glimpses"
            ecep:syllab="2"
            ecep:pron="glɪmsɪz">Glimpses</w>
         <c> </c>
         <w xml:id="o3900-148600"
            n="74-a-1030"
            ecep:lem="of"
            ecep:pos="pp-f"
            ecep:reg="of"
            ecep:spe="of"
            ecep:syllab="1"
            ecep:pron="ɒv">of</w>
         <c> </c>
         <w xml:id="o3900-148610"
            n="74-a-1040"
            ecep:lem="the"
            ecep:pos="dt"
            ecep:reg="the"
            ecep:spe="the"
            ecep:syllab="1"
            ecep:pron="ðiː">the</w>
         <c> </c>
         <w xml:id="o3900-148620"
            n="74-a-1050"
            ecep:lem="mighty"
            ecep:pos="j"
            ecep:reg="mighty"
            ecep:spe="mighty"
            ecep:syllab="2"
            ecep:pron="ˈmaɪti">mighty</w>
         <c> </c>
         <w xml:id="o3900-148630"
            n="74-a-1060"
            ecep:lem="god"
            ecep:pos="n1"
            ecep:reg="GOD"
            ecep:spe="GOD"
            ecep:syllab="1"
            ecep:pron="gɒd">GOD</w>
      </l>
      <l xml:id="o3900-l06590">
         <c> </c>
         <w xml:id="o3900-148640"
            n="74-a-1070"
            ecep:lem="delight"
            ecep:pos="vvn"
            ecep:reg="Delighted"
            ecep:spe="Delighted"
            ecep:syllab="3"
            ecep:pron="dɪˈlaɪtɪd">Delighted</w>
         <c> </c>
         <w xml:id="o3900-148650"
            n="74-a-1080"
            ecep:lem="and"
            ecep:pos="cc"
            ecep:reg="and"
            ecep:spe="and"
            ecep:syllab="1"
            ecep:pron="ænd">and</w>
         <c> </c>
         <w xml:id="o3900-148660"
            n="74-a-1090"
            ecep:lem="afraid"
            ecep:pos="j"
            ecep:reg="afraid"
            ecep:spe="afraid"
            ecep:syllab="2"
            ecep:pron="əˈfreɪd">afraid</w>
         <pc xml:id="o3900-148670"
             n="74-a-1100"
             unit="sentence"
             ecep:lem="."
             ecep:pos="."
             ecep:reg="."
             ecep:spe=".">.</pc>
         <c> </c>
      </l>
   </lg>
   <lg n="4" xml:id="o3900-s01295">
      <head>
         <w xml:id="o3900-148710"
            n="74-a-1110"
            ecep:lem="iv"
            ecep:pos="crd"
            ecep:reg="IV"
            ecep:spe="IV"
            ecep:syllab="1"
            ecep:pron="rˌəʊmənfˈɔː">IV</w>
         <pc xml:id="o3900-148720"
             n="74-a-1120"
             unit="sentence"
             ecep:lem="."
             ecep:pos="."
             ecep:reg="."
             ecep:spe=".">.</pc>
      </head>
      <l xml:id="o3900-l06595">
         <w xml:id="o3900-148740"
            n="74-a-1130"
            ecep:lem="from"
            ecep:pos="p-acp"
            ecep:reg="From"
            ecep:spe="From"
            ecep:syllab="1"
            ecep:pron="frɒm">From</w>
         <c> </c>
         <w xml:id="o3900-148750"
            n="74-a-1140"
            ecep:lem="parent"
            ecep:pos="ng2"
            ecep:reg="Parents'"
            ecep:spe="Parents'"
            ecep:syllab="2"
            ecep:pron="ˈpeərnts">Parents'</w>
         <c> </c>
         <w xml:id="o3900-148770"
            n="74-a-1160"
            ecep:lem="eye"
            ecep:pos="n1"
            ecep:reg="Eye"
            ecep:spe="Eye"
            ecep:syllab="1"
            ecep:pron="aɪ">Eye</w>
         <pc xml:id="o3900-148780"
             n="74-a-1170"
             ecep:lem=","
             ecep:pos=","
             ecep:reg=","
             ecep:spe=",">,</pc>
         <c> </c>
         <w xml:id="o3900-148790"
            n="74-a-1180"
            ecep:lem="and"
            ecep:pos="cc"
            ecep:reg="and"
            ecep:spe="and"
            ecep:syllab="1"
            ecep:pron="ænd">and</w>
         <c> </c>
         <w xml:id="o3900-148800"
            n="74-a-1190"
            ecep:lem="path"
            ecep:pos="n2"
            ecep:reg="Paths"
            ecep:spe="Paths"
            ecep:syllab="1"
            ecep:pron="pɑːðz">Paths</w>
         <c> </c>
         <w xml:id="o3900-148810"
            n="74-a-1200"
            ecep:lem="of"
            ecep:pos="pp-f"
            ecep:reg="of"
            ecep:spe="of"
            ecep:syllab="1"
            ecep:pron="ɒv">of</w>
         <c> </c>
         <w xml:id="o3900-148820"
            n="74-a-1210"
            ecep:lem="man"
            ecep:pos="n2"
            ecep:reg="Men"
            ecep:spe="Men"
            ecep:syllab="1"
            ecep:pron="men">Men</w>
         <pc xml:id="o3900-148830"
             n="74-a-1220"
             ecep:lem=","
             ecep:pos=","
             ecep:reg=","
             ecep:spe=",">,</pc>
      </l>
      <l xml:id="o3900-l06600">
         <c> </c>
         <w xml:id="o3900-148840"
            n="74-a-1230"
            ecep:lem="thy"
            ecep:pos="po21"
            ecep:reg="Thy"
            ecep:spe="Thy"
            ecep:syllab="1"
            ecep:pron="ðaɪ">Thy</w>
         <c> </c>
         <w xml:id="o3900-148850"
            n="74-a-1240"
            ecep:lem="touch"
            ecep:pos="n1"
            ecep:reg="Touch"
            ecep:spe="Touch"
            ecep:syllab="1"
            ecep:pron="tʌtʃ">Touch</w>
         <c> </c>
         <w xml:id="o3900-148860"
            n="74-a-1250"
            ecep:lem="i"
            ecep:pos="pns11"
            ecep:reg="I"
            ecep:spe="I"
            ecep:syllab="1"
            ecep:pron="aɪ">I</w>
         <c> </c>
         <w xml:id="o3900-148870"
            n="74-a-1260"
            ecep:lem="run"
            ecep:pos="vvd"
            ecep:reg="ran"
            ecep:spe="ran"
            ecep:syllab="1"
            ecep:pron="ræn">ran</w>
         <c> </c>
         <w xml:id="o3900-148880"
            n="74-a-1270"
            ecep:lem="to"
            ecep:pos="pc-acp"
            ecep:reg="to"
            ecep:spe="to"
            ecep:syllab="1"
            ecep:pron="tuː">to</w>
         <c> </c>
         <w xml:id="o3900-148890"
            n="74-a-1280"
            ecep:lem="meet"
            ecep:pos="vvi"
            ecep:reg="meet"
            ecep:spe="meet"
            ecep:syllab="1"
            ecep:pron="miːt">meet</w>
         <pc xml:id="o3900-148900"
             n="74-a-1290"
             ecep:lem=";"
             ecep:pos=";"
             ecep:reg=";"
             ecep:spe=";">;</pc>
      </l>
      <l xml:id="o3900-l06605">
         <c> </c>
         <w xml:id="o3900-148910"
            n="74-a-1300"
            ecep:lem="it"
            ecep:pos="pn31"
            ecep:reg="It"
            ecep:spe="It"
            ecep:syllab="1"
            ecep:pron="ɪt">It</w>
         <c> </c>
         <w xml:id="o3900-148920"
            n="74-a-1310"
            ecep:lem="swell"
            ecep:pos="vvd"
            ecep:reg="swelled"
            ecep:spe="swell'd"
            ecep:syllab="1"
            ecep:pron="sweld">swell'd</w>
         <c> </c>
         <w xml:id="o3900-148930"
            n="74-a-1320"
            ecep:lem="the"
            ecep:pos="dt"
            ecep:reg="the"
            ecep:spe="the"
            ecep:syllab="1"
            ecep:pron="ðiː">the</w>
         <c> </c>
         <w xml:id="o3900-148940"
            n="74-a-1330"
            ecep:lem="hymn"
            ecep:pos="n1"
            ecep:reg="Hymn"
            ecep:spe="Hymn"
            ecep:syllab="1"
            ecep:pron="hɪm">Hymn</w>
         <pc xml:id="o3900-148950"
             n="74-a-1340"
             ecep:lem=","
             ecep:pos=","
             ecep:reg=","
             ecep:spe=",">,</pc>
         <c> </c>
         <w xml:id="o3900-148960"
            n="74-a-1350"
            ecep:lem="and"
            ecep:pos="cc"
            ecep:reg="and"
            ecep:spe="and"
            ecep:syllab="1"
            ecep:pron="ænd">and</w>
         <c> </c>
         <w xml:id="o3900-148970"
            n="74-a-1360"
            ecep:lem="seal"
            ecep:pos="vvd"
            ecep:reg="sealed"
            ecep:spe="seal'd"
            ecep:syllab="1"
            ecep:pron="siːld">seal'd</w>
         <c> </c>
         <w xml:id="o3900-148980"
            n="74-a-1370"
            ecep:lem="the"
            ecep:pos="dt"
            ecep:reg="the"
            ecep:spe="the"
            ecep:syllab="1"
            ecep:pron="ðiː">the</w>
         <c> </c>
         <w xml:id="o3900-148990"
            n="74-a-1380"
            ecep:lem="prayer"
            ecep:pos="n1"
            ecep:reg="Prayer"
            ecep:spe="Pray'r"
            ecep:syllab="1"
            ecep:pron="ˈpreɪə">Pray'r</w>
         <pc xml:id="o3900-149000"
             n="74-a-1390"
             ecep:lem=","
             ecep:pos=","
             ecep:reg=","
             ecep:spe=",">,</pc>
      </l>
      <l xml:id="o3900-l06610">
         <c> </c>
         <w xml:id="o3900-149010"
            n="74-a-1400"
            ecep:lem="it|be"
            ecep:pos="pn31|vbds"
            ecep:reg="'Twas"
            ecep:spe="'Twas"
            ecep:syllab="1"
            ecep:pron="twɒz">'Twas</w>
         <c> </c>
         <w xml:id="o3900-149020"
            n="74-a-1410"
            ecep:lem="calm"
            ecep:pos="n1"
            ecep:reg="calm"
            ecep:spe="calm"
            ecep:syllab="1"
            ecep:pron="kɑːm">calm</w>
         <pc xml:id="o3900-149030"
             n="74-a-1420"
             ecep:lem=","
             ecep:pos=","
             ecep:reg=","
             ecep:spe=",">,</pc>
         <c> </c>
         <w xml:id="o3900-149040"
            n="74-a-1430"
            ecep:lem="and"
            ecep:pos="cc"
            ecep:reg="and"
            ecep:spe="and"
            ecep:syllab="1"
            ecep:pron="ænd">and</w>
         <c> </c>
         <w xml:id="o3900-149050"
            n="74-a-1440"
            ecep:lem="strange"
            ecep:pos="j"
            ecep:reg="strange"
            ecep:spe="strange"
            ecep:syllab="1"
            ecep:pron="streɪndʒ">strange</w>
         <pc xml:id="o3900-149060"
             n="74-a-1450"
             ecep:lem=","
             ecep:pos=","
             ecep:reg=","
             ecep:spe=",">,</pc>
         <c> </c>
         <w xml:id="o3900-149070"
            n="74-a-1460"
            ecep:lem="and"
            ecep:pos="cc"
            ecep:reg="and"
            ecep:spe="and"
            ecep:syllab="1"
            ecep:pron="ænd">and</w>
         <c> </c>
         <w xml:id="o3900-149080"
            n="74-a-1470"
            ecep:lem="sweet"
            ecep:pos="j"
            ecep:reg="sweet"
            ecep:spe="sweet"
            ecep:syllab="1"
            ecep:pron="swiːt">sweet</w>
         <pc xml:id="o3900-149090"
             n="74-a-1480"
             unit="sentence"
             ecep:lem="!"
             ecep:pos="!"
             ecep:reg="!"
             ecep:spe="!">!</pc>
         <c> </c>
      </l>
   </lg>
   <lg n="5" xml:id="o3900-s01300">
      <head>
         <w xml:id="o3900-149130"
            n="74-a-1490"
            ecep:lem="v."
            ecep:pos="crd"
            ecep:reg="V"
            ecep:spe="V."
            ecep:syllab="1"
            ecep:pron="viː">V.</w>
         <pc unit="sentence" xml:id="o3900-149130-eos" n="74-a-1500"/>
      </head>
      <l xml:id="o3900-l06615">
         <w xml:id="o3900-149150"
            n="74-a-1510"
            ecep:lem="oft"
            ecep:pos="av"
            ecep:reg="Oft"
            ecep:spe="Oft"
            ecep:syllab="1"
            ecep:pron="ɒft">Oft</w>
         <c> </c>
         <w xml:id="o3900-149160"
            n="74-a-1520"
            ecep:lem="when"
            ecep:pos="c-crq"
            ecep:reg="when"
            ecep:spe="when"
            ecep:syllab="1"
            ecep:pron="wen">when</w>
         <c> </c>
         <w xml:id="o3900-149170"
            n="74-a-1530"
            ecep:lem="beneath"
            ecep:pos="p-acp"
            ecep:reg="beneath"
            ecep:spe="beneath"
            ecep:syllab="2"
            ecep:pron="bɪˈniːθ">beneath</w>
         <c> </c>
         <w xml:id="o3900-149180"
            n="74-a-1540"
            ecep:lem="the"
            ecep:pos="dt"
            ecep:reg="the"
            ecep:spe="the"
            ecep:syllab="1"
            ecep:pron="ðiː">the</w>
         <c> </c>
         <w xml:id="o3900-149190"
            n="74-a-1550"
            ecep:lem="work"
            ecep:pos="n1"
            ecep:reg="Work"
            ecep:spe="Work"
            ecep:syllab="1"
            ecep:pron="wɜːk">Work</w>
         <c> </c>
         <w xml:id="o3900-149200"
            n="74-a-1560"
            ecep:lem="of"
            ecep:pos="pp-f"
            ecep:reg="of"
            ecep:spe="of"
            ecep:syllab="1"
            ecep:pron="ɒv">of</w>
         <c> </c>
         <w xml:id="o3900-149210"
            n="74-a-1570"
            ecep:lem="sin"
            ecep:pos="n1"
            ecep:reg="Sin"
            ecep:spe="Sin"
            ecep:syllab="1"
            ecep:pron="sɪn">Sin</w>
      </l>
      <l xml:id="o3900-l06620">
         <c> </c>
         <w xml:id="o3900-149220"
            n="74-a-1580"
            ecep:lem="tremble"
            ecep:pos="vvg"
            ecep:reg="Trembling"
            ecep:spe="Trembling"
            ecep:syllab="2"
            ecep:pron="ˈtremblɪŋ">Trembling</w>
         <c> </c>
         <w xml:id="o3900-149230"
            n="74-a-1590"
            ecep:lem="and"
            ecep:pos="cc"
            ecep:reg="and"
            ecep:spe="and"
            ecep:syllab="1"
            ecep:pron="ænd">and</w>
         <c> </c>
         <w xml:id="o3900-149240"
            n="74-a-1600"
            ecep:lem="dark"
            ecep:pos="j"
            ecep:reg="dark"
            ecep:spe="dark"
            ecep:syllab="1"
            ecep:pron="dɑːk">dark</w>
         <c> </c>
         <w xml:id="o3900-149250"
            n="74-a-1610"
            ecep:lem="i"
            ecep:pos="pns11"
            ecep:reg="I"
            ecep:spe="I"
            ecep:syllab="1"
            ecep:pron="aɪ">I</w>
         <c> </c>
         <w xml:id="o3900-149260"
            n="74-a-1620"
            ecep:lem="stand"
            ecep:pos="vvd"
            ecep:reg="stood"
            ecep:spe="stood"
            ecep:syllab="1"
            ecep:pron="stʊd">stood</w>
         <pc xml:id="o3900-149270"
             n="74-a-1630"
             ecep:lem=","
             ecep:pos=","
             ecep:reg=","
             ecep:spe=",">,</pc>
      </l>
      <l xml:id="o3900-l06625">
         <c> </c>
         <w xml:id="o3900-149280"
            n="74-a-1640"
            ecep:lem="and"
            ecep:pos="cc"
            ecep:reg="And"
            ecep:spe="And"
            ecep:syllab="1"
            ecep:pron="ænd">And</w>
         <c> </c>
         <w xml:id="o3900-149290"
            n="74-a-1650"
            ecep:lem="feel"
            ecep:pos="vvd"
            ecep:reg="felt"
            ecep:spe="felt"
            ecep:syllab="1"
            ecep:pron="felt">felt</w>
         <c> </c>
         <w xml:id="o3900-149300"
            n="74-a-1660"
            ecep:lem="the"
            ecep:pos="dt"
            ecep:reg="the"
            ecep:spe="the"
            ecep:syllab="1"
            ecep:pron="ðiː">the</w>
         <c> </c>
         <w xml:id="o3900-149310"
            n="74-a-1670"
            ecep:lem="edge"
            ecep:pos="n1"
            ecep:reg="Edge"
            ecep:spe="Edge"
            ecep:syllab="1"
            ecep:pron="edʒ">Edge</w>
         <c> </c>
         <w xml:id="o3900-149320"
            n="74-a-1680"
            ecep:lem="of"
            ecep:pos="pp-f"
            ecep:reg="of"
            ecep:spe="of"
            ecep:syllab="1"
            ecep:pron="ɒv">of</w>
         <c> </c>
         <w xml:id="o3900-149330"
            n="74-a-1690"
            ecep:lem="eager"
            ecep:pos="j"
            ecep:reg="eager"
            ecep:spe="eager"
            ecep:syllab="2"
            ecep:pron="ˈiːgə">eager</w>
         <c> </c>
         <w xml:id="o3900-149340"
            n="74-a-1700"
            ecep:lem="thought"
            ecep:pos="n1"
            ecep:reg="Thought"
            ecep:spe="Thought"
            ecep:syllab="1"
            ecep:pron="θɔːt">Thought</w>
         <pc xml:id="o3900-149350"
             n="74-a-1710"
             ecep:lem=","
             ecep:pos=","
             ecep:reg=","
             ecep:spe=",">,</pc>
      </l>
      <l xml:id="o3900-l06630">
         <c> </c>
         <w xml:id="o3900-149360"
            n="74-a-1720"
            ecep:lem="and"
            ecep:pos="cc"
            ecep:reg="And"
            ecep:spe="And"
            ecep:syllab="1"
            ecep:pron="ænd">And</w>
         <c> </c>
         <w xml:id="o3900-149370"
            n="74-a-1730"
            ecep:lem="feel"
            ecep:pos="vvd"
            ecep:reg="felt"
            ecep:spe="felt"
            ecep:syllab="1"
            ecep:pron="felt">felt</w>
         <c> </c>
         <w xml:id="o3900-149380"
            n="74-a-1740"
            ecep:lem="the"
            ecep:pos="dt"
            ecep:reg="the"
            ecep:spe="the"
            ecep:syllab="1"
            ecep:pron="ðiː">the</w>
         <c> </c>
         <w xml:id="o3900-149390"
            n="74-a-1750"
            ecep:lem="kindle"
            ecep:pos="j-vvg"
            ecep:reg="kindling"
            ecep:spe="kindling"
            ecep:syllab="2"
            ecep:pron="ˈkɪndlɪŋ">kindling</w>
         <c> </c>
         <w xml:id="o3900-149400"
            n="74-a-1760"
            ecep:lem="blood"
            ecep:pos="n1"
            ecep:reg="Blood"
            ecep:spe="Blood"
            ecep:syllab="1"
            ecep:pron="blʌd">Blood</w>
         <pc xml:id="o3900-149410"
             n="74-a-1770"
             ecep:lem=":"
             ecep:pos=":"
             ecep:reg=":"
             ecep:spe=":">:</pc>
      </l>
   </lg>
   <pb facs="o3900/0084" n="58" rend="none"/>
   <lg n="6" xml:id="o3900-s01305">
      <head>
         <w xml:id="o3900-149450"
            n="75-a-0010"
            ecep:lem="vi"
            ecep:pos="crd"
            ecep:reg="VI"
            ecep:spe="VI"
            ecep:syllab="1"
            ecep:pron="ˈvaɪ">VI</w>
         <pc xml:id="o3900-149460"
             n="75-a-0020"
             unit="sentence"
             ecep:lem="."
             ecep:pos="."
             ecep:reg="."
             ecep:spe=".">.</pc>
      </head>
      <l xml:id="o3900-l06635">
         <w xml:id="o3900-149480"
            n="75-a-0030"
            ecep:lem="thy"
            ecep:pos="po21"
            ecep:reg="Thy"
            ecep:spe="Thy"
            ecep:syllab="1"
            ecep:pron="ðaɪ">Thy</w>
         <c> </c>
         <w xml:id="o3900-149490"
            n="75-a-0040"
            ecep:lem="dew"
            ecep:pos="n1"
            ecep:reg="Dew"
            ecep:spe="Dew"
            ecep:syllab="1"
            ecep:pron="dʒuː">Dew</w>
         <c> </c>
         <w xml:id="o3900-149500"
            n="75-a-0050"
            ecep:lem="come"
            ecep:pos="vvd"
            ecep:reg="came"
            ecep:spe="came"
            ecep:syllab="1"
            ecep:pron="keɪm">came</w>
         <c> </c>
         <w xml:id="o3900-149510"
            n="75-a-0060"
            ecep:lem="down"
            ecep:pos="a-acp"
            ecep:reg="down"
            ecep:spe="down"
            ecep:syllab="1"
            ecep:pron="daʊn">down</w>
         <c> </c>
         <pc xml:id="o3900-149520"
             n="75-a-0070"
             ecep:lem="—"
             ecep:pos="—"
             ecep:reg="—"
             ecep:spe="—">—</pc>
         <c> </c>
         <w xml:id="o3900-149530"
            n="75-a-0080"
            ecep:lem="my"
            ecep:pos="po11"
            ecep:reg="my"
            ecep:spe="my"
            ecep:syllab="1"
            ecep:pron="maɪ">my</w>
         <c> </c>
         <w xml:id="o3900-149540"
            n="75-a-0090"
            ecep:lem="heart"
            ecep:pos="n1"
            ecep:reg="Heart"
            ecep:spe="Heart"
            ecep:syllab="1"
            ecep:pron="hɑːt">Heart</w>
         <c> </c>
         <w xml:id="o3900-149550"
            n="75-a-0100"
            ecep:lem="be"
            ecep:pos="vbds"
            ecep:reg="was"
            ecep:spe="was"
            ecep:syllab="1"
            ecep:pron="wɒz">was</w>
         <c> </c>
         <w xml:id="o3900-149560"
            n="75-a-0110"
            ecep:lem="thy"
            ecep:pos="po21"
            ecep:reg="Thine"
            ecep:spe="Thine"
            ecep:syllab="1"
            ecep:pron="ðaɪn">Thine</w>
         <pc xml:id="o3900-149570"
             n="75-a-0120"
             ecep:lem=","
             ecep:pos=","
             ecep:reg=","
             ecep:spe=",">,</pc>
      </l>
      <l xml:id="o3900-l06640">
         <c> </c>
         <w xml:id="o3900-149580"
            n="75-a-0130"
            ecep:lem="it"
            ecep:pos="pn31"
            ecep:reg="It"
            ecep:spe="It"
            ecep:syllab="1"
            ecep:pron="ɪt">It</w>
         <c> </c>
         <w xml:id="o3900-149590"
            n="75-a-0140"
            ecep:lem="know"
            ecep:pos="vvd"
            ecep:reg="knew"
            ecep:spe="knew"
            ecep:syllab="1"
            ecep:pron="njuː">knew</w>
         <c> </c>
         <w xml:id="o3900-149600"
            n="75-a-0150"
            ecep:lem="nor"
            ecep:pos="ccx"
            ecep:reg="nor"
            ecep:spe="nor"
            ecep:syllab="1"
            ecep:pron="nɔː">nor</w>
         <c> </c>
         <w xml:id="o3900-149610"
            n="75-a-0160"
            ecep:lem="doubt"
            ecep:pos="vvi"
            ecep:reg="Doubt"
            ecep:spe="Doubt"
            ecep:syllab="1"
            ecep:pron="daʊt">Doubt</w>
         <c> </c>
         <w xml:id="o3900-149620"
            n="75-a-0170"
            ecep:lem="nor"
            ecep:pos="ccx"
            ecep:reg="nor"
            ecep:spe="nor"
            ecep:syllab="1"
            ecep:pron="nɔː">nor</w>
         <c> </c>
         <w xml:id="o3900-149630"
            n="75-a-0180"
            ecep:lem="strife"
            ecep:pos="n1"
            ecep:reg="Strife"
            ecep:spe="Strife"
            ecep:syllab="1"
            ecep:pron="straɪf">Strife</w>
         <pc xml:id="o3900-149640"
             n="75-a-0190"
             ecep:lem=";"
             ecep:pos=";"
             ecep:reg=";"
             ecep:spe=";">;</pc>
      </l>
      <l xml:id="o3900-l06645">
         <c> </c>
         <w xml:id="o3900-149650"
            n="75-a-0200"
            ecep:lem="cool"
            ecep:pos="j"
            ecep:reg="Cool"
            ecep:spe="Cool"
            ecep:syllab="1"
            ecep:pron="kuːl">Cool</w>
         <c> </c>
         <w xml:id="o3900-149660"
            n="75-a-0210"
            ecep:lem="now"
            ecep:pos="av"
            ecep:reg="now"
            ecep:spe="now"
            ecep:syllab="1"
            ecep:pron="naʊ">now</w>
         <c> </c>
         <w xml:id="o3900-149670"
            n="75-a-0220"
            ecep:lem="and"
            ecep:pos="cc"
            ecep:reg="and"
            ecep:spe="and"
            ecep:syllab="1"
            ecep:pron="ænd">and</w>
         <c> </c>
         <w xml:id="o3900-149680"
            n="75-a-0230"
            ecep:lem="peaceful"
            ecep:pos="j"
            ecep:reg="peaceful"
            ecep:spe="peaceful"
            ecep:syllab="2"
            ecep:pron="ˈpiːsfl">peaceful</w>
         <c> </c>
         <w xml:id="o3900-149690"
            n="75-a-0240"
            ecep:lem="as"
            ecep:pos="c-acp"
            ecep:reg="as"
            ecep:spe="as"
            ecep:syllab="1"
            ecep:pron="æz">as</w>
         <c> </c>
         <w xml:id="o3900-149700"
            n="75-a-0250"
            ecep:lem="the"
            ecep:pos="dt"
            ecep:reg="the"
            ecep:spe="the"
            ecep:syllab="1"
            ecep:pron="ðiː">the</w>
         <c> </c>
         <w xml:id="o3900-149710"
            n="75-a-0260"
            ecep:lem="grave"
            ecep:pos="n1"
            ecep:reg="Grave"
            ecep:spe="Grave"
            ecep:syllab="1"
            ecep:pron="grɑːv">Grave</w>
         <pc xml:id="o3900-149720"
             n="75-a-0270"
             ecep:lem=","
             ecep:pos=","
             ecep:reg=","
             ecep:spe=",">,</pc>
      </l>
      <l xml:id="o3900-l06650">
         <c> </c>
         <w xml:id="o3900-149730"
            n="75-a-0280"
            ecep:lem="and"
            ecep:pos="cc"
            ecep:reg="And"
            ecep:spe="And"
            ecep:syllab="1"
            ecep:pron="ænd">And</w>
         <c> </c>
         <w xml:id="o3900-149740"
            n="75-a-0290"
            ecep:lem="strong"
            ecep:pos="j"
            ecep:reg="strong"
            ecep:spe="strong"
            ecep:syllab="1"
            ecep:pron="strɒŋ">strong</w>
         <c> </c>
         <w xml:id="o3900-149750"
            n="75-a-0300"
            ecep:lem="to"
            ecep:pos="p-acp"
            ecep:reg="to"
            ecep:spe="to"
            ecep:syllab="1"
            ecep:pron="tuː">to</w>
         <c> </c>
         <w xml:id="o3900-149760"
            n="75-a-0310"
            ecep:lem="second"
            ecep:pos="ord"
            ecep:reg="Second"
            ecep:spe="Second"
            ecep:syllab="2"
            ecep:pron="ˈseknd">Second</w>
         <c> </c>
         <w xml:id="o3900-149770"
            n="75-a-0320"
            ecep:lem="life"
            ecep:pos="n1"
            ecep:reg="Life"
            ecep:spe="Life"
            ecep:syllab="1"
            ecep:pron="laɪf">Life</w>
         <pc xml:id="o3900-149780"
             n="75-a-0330"
             unit="sentence"
             ecep:lem="."
             ecep:pos="."
             ecep:reg="."
             ecep:spe=".">.</pc>
         <c> </c>
      </l>
   </lg>
   <lg n="7" xml:id="o3900-s01310">
      <head>
         <w xml:id="o3900-149820"
            n="75-a-0340"
            ecep:lem="vii"
            ecep:pos="crd"
            ecep:reg="VII"
            ecep:spe="VII"
            ecep:syllab="1"
            ecep:pron="rˌəʊmənsˈevən">VII</w>
         <pc xml:id="o3900-149830"
             n="75-a-0350"
             unit="sentence"
             ecep:lem="."
             ecep:pos="."
             ecep:reg="."
             ecep:spe=".">.</pc>
      </head>
      <l xml:id="o3900-l06655">
         <w xml:id="o3900-149850"
            n="75-a-0360"
            ecep:lem="full"
            ecep:pos="j"
            ecep:reg="Full"
            ecep:spe="Full"
            ecep:syllab="1"
            ecep:pron="fʊl">Full</w>
         <c> </c>
         <w xml:id="o3900-149860"
            n="75-a-0370"
            ecep:lem="of"
            ecep:pos="pp-f"
            ecep:reg="of"
            ecep:spe="of"
            ecep:syllab="1"
            ecep:pron="ɒv">of</w>
         <c> </c>
         <w xml:id="o3900-149870"
            n="75-a-0380"
            ecep:lem="myself"
            ecep:pos="px11"
            ecep:reg="Myself"
            ecep:spe="Myself"
            ecep:syllab="2"
            ecep:pron="maɪˈself">Myself</w>
         <c> </c>
         <w xml:id="o3900-149880"
            n="75-a-0390"
            ecep:lem="i"
            ecep:pos="pns11"
            ecep:reg="I"
            ecep:spe="I"
            ecep:syllab="1"
            ecep:pron="aɪ">I</w>
         <c> </c>
         <w xml:id="o3900-149890"
            n="75-a-0400"
            ecep:lem="oft"
            ecep:pos="av"
            ecep:reg="oft"
            ecep:spe="oft"
            ecep:syllab="1"
            ecep:pron="ɒft">oft</w>
         <c> </c>
         <w xml:id="o3900-149900"
            n="75-a-0410"
            ecep:lem="forsake"
            ecep:pos="vvd"
            ecep:reg="forsook"
            ecep:spe="forsook"
            ecep:syllab="2"
            ecep:pron="fəˈsʊk">forsook</w>
      </l>
      <l xml:id="o3900-l06660">
         <c> </c>
         <w xml:id="o3900-149910"
            n="75-a-0420"
            ecep:lem="the"
            ecep:pos="dt"
            ecep:reg="The"
            ecep:spe="The"
            ecep:syllab="1"
            ecep:pron="ðiː">The</w>
         <c> </c>
         <w xml:id="o3900-149920"
            n="75-a-0430"
            ecep:lem="now"
            ecep:pos="av"
            ecep:reg="Now"
            ecep:spe="Now"
            ecep:syllab="1"
            ecep:pron="naʊ">Now</w>
         <pc xml:id="o3900-149930"
             n="75-a-0440"
             ecep:lem=","
             ecep:pos=","
             ecep:reg=","
             ecep:spe=",">,</pc>
         <c> </c>
         <w xml:id="o3900-149940"
            n="75-a-0450"
            ecep:lem="the"
            ecep:pos="dt"
            ecep:reg="the"
            ecep:spe="the"
            ecep:syllab="1"
            ecep:pron="ðiː">the</w>
         <c> </c>
         <w xml:id="o3900-149950"
            n="75-a-0460"
            ecep:lem="truth"
            ecep:pos="n1"
            ecep:reg="Truth"
            ecep:spe="Truth"
            ecep:syllab="1"
            ecep:pron="truːθ">Truth</w>
         <pc xml:id="o3900-149960"
             n="75-a-0470"
             ecep:lem=","
             ecep:pos=","
             ecep:reg=","
             ecep:spe=",">,</pc>
         <c> </c>
         <w xml:id="o3900-149970"
            n="75-a-0480"
            ecep:lem="and"
            ecep:pos="cc"
            ecep:reg="and"
            ecep:spe="and"
            ecep:syllab="1"
            ecep:pron="ænd">and</w>
         <c> </c>
         <w xml:id="o3900-149980"
            n="75-a-0490"
            ecep:lem="thou"
            ecep:pos="pno21"
            ecep:reg="Thee"
            ecep:spe="Thee"
            ecep:syllab="1"
            ecep:pron="ðiː">Thee</w>
         <pc xml:id="o3900-149990"
             n="75-a-0500"
             ecep:lem=","
             ecep:pos=","
             ecep:reg=","
             ecep:spe=",">,</pc>
      </l>
      <l xml:id="o3900-l06665">
         <c> </c>
         <w xml:id="o3900-150000"
            n="75-a-0510"
            ecep:lem="for"
            ecep:pos="p-acp"
            ecep:reg="For"
            ecep:spe="For"
            ecep:syllab="1"
            ecep:pron="fɔː">For</w>
         <c> </c>
         <w xml:id="o3900-150010"
            n="75-a-0520"
            ecep:lem="sanguine"
            ecep:pos="j"
            ecep:reg="sanguine"
            ecep:spe="sanguine"
            ecep:syllab="2"
            ecep:pron="ˈsæŋgwɪn">sanguine</w>
         <c> </c>
         <w xml:id="o3900-150020"
            n="75-a-0530"
            ecep:lem="hope"
            ecep:pos="n1"
            ecep:reg="Hope"
            ecep:spe="Hope"
            ecep:syllab="1"
            ecep:pron="həʊp">Hope</w>
         <pc xml:id="o3900-150030"
             n="75-a-0540"
             ecep:lem=","
             ecep:pos=","
             ecep:reg=","
             ecep:spe=",">,</pc>
         <c> </c>
         <w xml:id="o3900-150040"
            n="75-a-0550"
            ecep:lem="or"
            ecep:pos="cc"
            ecep:reg="or"
            ecep:spe="or"
            ecep:syllab="1"
            ecep:pron="ɔː">or</w>
         <c> </c>
         <w xml:id="o3900-150050"
            n="75-a-0560"
            ecep:lem="sensual"
            ecep:pos="j"
            ecep:reg="sensual"
            ecep:spe="sensual"
            ecep:syllab="3"
            ecep:pron="ˈsensjʊəl">sensual</w>
         <c> </c>
         <w xml:id="o3900-150060"
            n="75-a-0570"
            ecep:lem="gust"
            ecep:pos="n1"
            ecep:reg="Gust"
            ecep:spe="Gust"
            ecep:syllab="1"
            ecep:pron="gʌst">Gust</w>
         <pc xml:id="o3900-150070"
             n="75-a-0580"
             ecep:lem=","
             ecep:pos=","
             ecep:reg=","
             ecep:spe=",">,</pc>
      </l>
      <l xml:id="o3900-l06670">
         <c> </c>
         <w xml:id="o3900-150080"
            n="75-a-0590"
            ecep:lem="or"
            ecep:pos="cc"
            ecep:reg="Or"
            ecep:spe="Or"
            ecep:syllab="1"
            ecep:pron="ɔː">Or</w>
         <c> </c>
         <w xml:id="o3900-150090"
            n="75-a-0600"
            ecep:lem="earth-born"
            ecep:pos="j"
            ecep:reg="earthborn"
            ecep:spe="earth-born"
            ecep:syllab="2"
            ecep:pron="ɜːθˌbɔːn">earth-born</w>
         <c> </c>
         <w xml:id="o3900-150100"
            n="75-a-0610"
            ecep:lem="sophistry"
            ecep:pos="n1"
            ecep:reg="Sophistry"
            ecep:spe="Sophistry"
            ecep:syllab="3"
            ecep:pron="ˈsɒfɪstri">Sophistry</w>
         <pc xml:id="o3900-150110"
             n="75-a-0620"
             ecep:lem=":"
             ecep:pos=":"
             ecep:reg=":"
             ecep:spe=":">:</pc>
      </l>
   </lg>
   <lg n="8" xml:id="o3900-s01315">
      <head>
         <w xml:id="o3900-150150"
            n="75-a-0630"
            ecep:lem="viii"
            ecep:pos="crd"
            ecep:reg="VIII"
            ecep:spe="VIII"
            ecep:syllab="1"
            ecep:pron="rˌəʊmənˈeɪt">VIII</w>
         <pc xml:id="o3900-150160"
             n="75-a-0640"
             unit="sentence"
             ecep:lem="."
             ecep:pos="."
             ecep:reg="."
             ecep:spe=".">.</pc>
      </head>
      <l xml:id="o3900-l06675">
         <w xml:id="o3900-150180"
            n="75-a-0650"
            ecep:lem="the"
            ecep:pos="dt"
            ecep:reg="The"
            ecep:spe="The"
            ecep:syllab="1"
            ecep:pron="ðiː">The</w>
         <c> </c>
         <w xml:id="o3900-150190"
            n="75-a-0660"
            ecep:lem="folly"
            ecep:pos="n1"
            ecep:reg="Folly"
            ecep:spe="Folly"
            ecep:syllab="2"
            ecep:pron="ˈfɒli">Folly</w>
         <c> </c>
         <w xml:id="o3900-150200"
            n="75-a-0670"
            ecep:lem="thrive"
            ecep:pos="vvd"
            ecep:reg="thrived"
            ecep:spe="thriv'd"
            ecep:syllab="1"
            ecep:pron="θraɪvd">thriv'd</w>
         <pc xml:id="o3900-150210"
             n="75-a-0680"
             ecep:lem=","
             ecep:pos=","
             ecep:reg=","
             ecep:spe=",">,</pc>
         <c> </c>
         <w xml:id="o3900-150220"
            n="75-a-0690"
            ecep:lem="and"
            ecep:pos="cc"
            ecep:reg="and"
            ecep:spe="and"
            ecep:syllab="1"
            ecep:pron="ænd">and</w>
         <c> </c>
         <w xml:id="o3900-150230"
            n="75-a-0700"
            ecep:lem="come"
            ecep:pos="vvd"
            ecep:reg="came"
            ecep:spe="came"
            ecep:syllab="1"
            ecep:pron="keɪm">came</w>
         <c> </c>
         <w xml:id="o3900-150240"
            n="75-a-0710"
            ecep:lem="in"
            ecep:pos="p-acp"
            ecep:reg="in"
            ecep:spe="in"
            ecep:syllab="1"
            ecep:pron="ɪn">in</w>
         <c> </c>
         <w xml:id="o3900-150250"
            n="75-a-0720"
            ecep:lem="sight"
            ecep:pos="n1"
            ecep:reg="Sight"
            ecep:spe="Sight"
            ecep:syllab="1"
            ecep:pron="saɪt">Sight</w>
      </l>
      <l xml:id="o3900-l06680">
         <c> </c>
         <w xml:id="o3900-150260"
            n="75-a-0730"
            ecep:lem="too"
            ecep:pos="av"
            ecep:reg="Too"
            ecep:spe="Too"
            ecep:syllab="1"
            ecep:pron="tuː">Too</w>
         <c> </c>
         <w xml:id="o3900-150270"
            n="75-a-0740"
            ecep:lem="gross"
            ecep:pos="j"
            ecep:reg="gross"
            ecep:spe="gross"
            ecep:syllab="1"
            ecep:pron="grəʊs">gross</w>
         <c> </c>
         <w xml:id="o3900-150280"
            n="75-a-0750"
            ecep:lem="for"
            ecep:pos="p-acp"
            ecep:reg="for"
            ecep:spe="for"
            ecep:syllab="1"
            ecep:pron="fɔː">for</w>
         <c> </c>
         <w xml:id="o3900-150290"
            n="75-a-0760"
            ecep:lem="life"
            ecep:pos="n1"
            ecep:reg="Life"
            ecep:spe="Life"
            ecep:syllab="1"
            ecep:pron="laɪf">Life</w>
         <c> </c>
         <w xml:id="o3900-150300"
            n="75-a-0770"
            ecep:lem="to"
            ecep:pos="pc-acp"
            ecep:reg="to"
            ecep:spe="to"
            ecep:syllab="1"
            ecep:pron="tuː">to</w>
         <c> </c>
         <w xml:id="o3900-150310"
            n="75-a-0780"
            ecep:lem="bear"
            ecep:pos="vvi"
            ecep:reg="bear"
            ecep:spe="bear"
            ecep:syllab="1"
            ecep:pron="beə">bear</w>
         <pc xml:id="o3900-150320"
             n="75-a-0790"
             ecep:lem=";"
             ecep:pos=";"
             ecep:reg=";"
             ecep:spe=";">;</pc>
      </l>
      <l xml:id="o3900-l06685">
         <c> </c>
         <w xml:id="o3900-150330"
            n="75-a-0800"
            ecep:lem="i"
            ecep:pos="pns11"
            ecep:reg="I"
            ecep:spe="I"
            ecep:syllab="1"
            ecep:pron="aɪ">I</w>
         <c> </c>
         <w xml:id="o3900-150340"
            n="75-a-0810"
            ecep:lem="smite"
            ecep:pos="vvd"
            ecep:reg="smote"
            ecep:spe="smote"
            ecep:syllab="1"
            ecep:pron="sməʊt">smote</w>
         <c> </c>
         <w xml:id="o3900-150350"
            n="75-a-0820"
            ecep:lem="the"
            ecep:pos="dt"
            ecep:reg="the"
            ecep:spe="the"
            ecep:syllab="1"
            ecep:pron="ðiː">the</w>
         <c> </c>
         <w xml:id="o3900-150360"
            n="75-a-0830"
            ecep:lem="breast"
            ecep:pos="n1"
            ecep:reg="Breast"
            ecep:spe="Breast"
            ecep:syllab="1"
            ecep:pron="brest">Breast</w>
         <c> </c>
         <w xml:id="o3900-150370"
            n="75-a-0840"
            ecep:lem="for"
            ecep:pos="p-acp"
            ecep:reg="for"
            ecep:spe="for"
            ecep:syllab="1"
            ecep:pron="fɔː">for</w>
         <c> </c>
         <w xml:id="o3900-150380"
            n="75-a-0850"
            ecep:lem="man"
            ecep:pos="n1"
            ecep:reg="Man"
            ecep:spe="Man"
            ecep:syllab="1"
            ecep:pron="mæn">Man</w>
         <c> </c>
         <w xml:id="o3900-150390"
            n="75-a-0860"
            ecep:lem="too"
            ecep:pos="av"
            ecep:reg="too"
            ecep:spe="too"
            ecep:syllab="1"
            ecep:pron="tuː">too</w>
         <c> </c>
         <w xml:id="o3900-150400"
            n="75-a-0870"
            ecep:lem="base"
            ecep:pos="j"
            ecep:reg="base"
            ecep:spe="base"
            ecep:syllab="1"
            ecep:pron="beɪs">base</w>
         <pc xml:id="o3900-150410"
             n="75-a-0880"
             ecep:lem=","
             ecep:pos=","
             ecep:reg=","
             ecep:spe=",">,</pc>
      </l>
      <l xml:id="o3900-l06690">
         <c> </c>
         <w xml:id="o3900-150420"
            n="75-a-0890"
            ecep:lem="i"
            ecep:pos="pns11"
            ecep:reg="I"
            ecep:spe="I"
            ecep:syllab="1"
            ecep:pron="aɪ">I</w>
         <c> </c>
         <w xml:id="o3900-150430"
            n="75-a-0900"
            ecep:lem="smite"
            ecep:pos="vvb"
            ecep:reg="smote"
            ecep:spe="smote"
            ecep:syllab="1"
            ecep:pron="sməʊt">smote</w>
         <c> </c>
         <pc xml:id="o3900-150440"
             n="75-a-0910"
             ecep:lem="—"
             ecep:pos="—"
             ecep:reg="—"
             ecep:spe="—">—</pc>
         <c> </c>
         <w xml:id="o3900-150450"
            n="75-a-0920"
            ecep:lem="and"
            ecep:pos="cc"
            ecep:reg="and"
            ecep:spe="and"
            ecep:syllab="1"
            ecep:pron="ænd">and</w>
         <c> </c>
         <w xml:id="o3900-150460"
            n="75-a-0930"
            ecep:lem="god"
            ecep:pos="n1"
            ecep:reg="GOD"
            ecep:spe="GOD"
            ecep:syllab="1"
            ecep:pron="gɒd">GOD</w>
         <c> </c>
         <w xml:id="o3900-150470"
            n="75-a-0940"
            ecep:lem="be"
            ecep:pos="vbds"
            ecep:reg="was"
            ecep:spe="was"
            ecep:syllab="1"
            ecep:pron="wɒz">was</w>
         <c> </c>
         <w xml:id="o3900-150480"
            n="75-a-0950"
            ecep:lem="there"
            ecep:pos="pc-acp"
            ecep:reg="there"
            ecep:spe="there"
            ecep:syllab="1"
            ecep:pron="ðeə">there</w>
         <pc xml:id="o3900-150490"
             n="75-a-0960"
             unit="sentence"
             ecep:lem="!"
             ecep:pos="!"
             ecep:reg="!"
             ecep:spe="!">!</pc>
         <c> </c>
      </l>
   </lg>
   <lg n="9" xml:id="o3900-s01320">
      <head>
         <w xml:id="o3900-150530"
            n="75-a-0970"
            ecep:lem="ix"
            ecep:pos="crd"
            ecep:reg="IX"
            ecep:spe="IX"
            ecep:syllab="1"
            ecep:pron="rˌəʊmənnˈaɪn">IX</w>
         <pc xml:id="o3900-150540"
             n="75-a-0980"
             unit="sentence"
             ecep:lem="."
             ecep:pos="."
             ecep:reg="."
             ecep:spe=".">.</pc>
      </head>
      <l xml:id="o3900-l06695">
         <w xml:id="o3900-150560"
            n="75-a-0990"
            ecep:lem="still"
            ecep:pos="j"
            ecep:reg="Still"
            ecep:spe="Still"
            ecep:syllab="1"
            ecep:pron="stɪl">Still</w>
         <c> </c>
         <w xml:id="o3900-150570"
            n="75-a-1000"
            ecep:lem="will"
            ecep:pos="vmb"
            ecep:reg="will"
            ecep:spe="will"
            ecep:syllab="1"
            ecep:pron="wɪl">will</w>
         <c> </c>
         <w xml:id="o3900-150580"
            n="75-a-1010"
            ecep:lem="i"
            ecep:pos="pns11"
            ecep:reg="I"
            ecep:spe="I"
            ecep:syllab="1"
            ecep:pron="aɪ">I</w>
         <c> </c>
         <w xml:id="o3900-150590"
            n="75-a-1020"
            ecep:lem="hope"
            ecep:pos="vvb"
            ecep:reg="hope"
            ecep:spe="hope"
            ecep:syllab="1"
            ecep:pron="həʊp">hope</w>
         <c> </c>
         <w xml:id="o3900-150600"
            n="75-a-1030"
            ecep:lem="for"
            ecep:pos="p-acp"
            ecep:reg="for"
            ecep:spe="for"
            ecep:syllab="1"
            ecep:pron="fɔː">for</w>
         <c> </c>
         <w xml:id="o3900-150610"
            n="75-a-1040"
            ecep:lem="voice"
            ecep:pos="n1"
            ecep:reg="Voice"
            ecep:spe="Voice"
            ecep:syllab="1"
            ecep:pron="vɔɪs">Voice</w>
         <c> </c>
         <w xml:id="o3900-150620"
            n="75-a-1050"
            ecep:lem="and"
            ecep:pos="cc"
            ecep:reg="and"
            ecep:spe="and"
            ecep:syllab="1"
            ecep:pron="ænd">and</w>
         <c> </c>
         <w xml:id="o3900-150630"
            n="75-a-1060"
            ecep:lem="strength"
            ecep:pos="n1"
            ecep:reg="Strength"
            ecep:spe="Strength"
            ecep:syllab="1"
            ecep:pron="streŋθ">Strength</w>
      </l>
      <l xml:id="o3900-l06700">
         <c> </c>
         <w xml:id="o3900-150640"
            n="75-a-1070"
            ecep:lem="to"
            ecep:pos="pc-acp"
            ecep:reg="To"
            ecep:spe="To"
            ecep:syllab="1"
            ecep:pron="tuː">To</w>
         <c> </c>
         <w xml:id="o3900-150650"
            n="75-a-1080"
            ecep:lem="glorify"
            ecep:pos="vvi"
            ecep:reg="glorify"
            ecep:spe="glorify"
            ecep:syllab="3"
            ecep:pron="ˈglɔːrɪfaɪ">glorify</w>
         <c> </c>
         <w xml:id="o3900-150660"
            n="75-a-1090"
            ecep:lem="thy"
            ecep:pos="po21"
            ecep:reg="thy"
            ecep:spe="thy"
            ecep:syllab="1"
            ecep:pron="ðaɪ">thy</w>
         <c> </c>
         <w xml:id="o3900-150670"
            n="75-a-1100"
            ecep:lem="name"
            ecep:pos="n1"
            ecep:reg="Name"
            ecep:spe="Name"
            ecep:syllab="1"
            ecep:pron="neɪm">Name</w>
         <pc xml:id="o3900-150680"
             n="75-a-1110"
             ecep:lem=";"
             ecep:pos=";"
             ecep:reg=";"
             ecep:spe=";">;</pc>
      </l>
      <l xml:id="o3900-l06705">
         <c> </c>
         <w xml:id="o3900-150690"
            n="75-a-1120"
            ecep:lem="though"
            ecep:pos="c-acp"
            ecep:reg="Though"
            ecep:spe="Tho'"
            ecep:syllab="1"
            ecep:pron="ðəʊ">Tho'</w>
         <c> </c>
         <w xml:id="o3900-150700"
            n="75-a-1130"
            ecep:lem="i"
            ecep:pos="pns11"
            ecep:reg="I"
            ecep:spe="I"
            ecep:syllab="1"
            ecep:pron="aɪ">I</w>
         <c> </c>
         <w xml:id="o3900-150710"
            n="75-a-1140"
            ecep:lem="must"
            ecep:pos="vmb"
            ecep:reg="must"
            ecep:spe="must"
            ecep:syllab="1"
            ecep:pron="mʌst">must</w>
         <c> </c>
         <w xml:id="o3900-150720"
            n="75-a-1150"
            ecep:lem="die"
            ecep:pos="vvi"
            ecep:reg="die"
            ecep:spe="die"
            ecep:syllab="1"
            ecep:pron="daɪ">die</w>
         <c> </c>
         <w xml:id="o3900-150730"
            n="75-a-1160"
            ecep:lem="to"
            ecep:pos="p-acp"
            ecep:reg="to"
            ecep:spe="to"
            ecep:syllab="1"
            ecep:pron="tuː">to</w>
         <c> </c>
         <w xml:id="o3900-150740"
            n="75-a-1170"
            ecep:lem="all"
            ecep:pos="d"
            ecep:reg="all"
            ecep:spe="all"
            ecep:syllab="1"
            ecep:pron="ɔːl">all</w>
         <c> </c>
         <w xml:id="o3900-150750"
            n="75-a-1180"
            ecep:lem="that|be"
            ecep:pos="cst|vbz"
            ecep:reg="that's"
            ecep:spe="that's"
            ecep:syllab="1"
            ecep:pron="ðæts">that's</w>
         <c> </c>
         <w xml:id="o3900-150760"
            n="75-a-1190"
            ecep:lem="i"
            ecep:pos="png11"
            ecep:reg="Mine"
            ecep:spe="Mine"
            ecep:syllab="1"
            ecep:pron="maɪn">Mine</w>
         <pc xml:id="o3900-150770"
             n="75-a-1200"
             ecep:lem=","
             ecep:pos=","
             ecep:reg=","
             ecep:spe=",">,</pc>
      </l>
      <l xml:id="o3900-l06710">
         <c> </c>
         <w xml:id="o3900-150780"
            n="75-a-1210"
            ecep:lem="and"
            ecep:pos="cc"
            ecep:reg="And"
            ecep:spe="And"
            ecep:syllab="1"
            ecep:pron="ænd">And</w>
         <c> </c>
         <w xml:id="o3900-150790"
            n="75-a-1220"
            ecep:lem="suffer"
            ecep:pos="vvi"
            ecep:reg="suffer"
            ecep:spe="suffer"
            ecep:syllab="2"
            ecep:pron="ˈsʌfə">suffer</w>
         <c> </c>
         <w xml:id="o3900-150800"
            n="75-a-1230"
            ecep:lem="all"
            ecep:pos="d"
            ecep:reg="All"
            ecep:spe="All"
            ecep:syllab="1"
            ecep:pron="ɔːl">All</w>
         <c> </c>
         <w xml:id="o3900-150810"
            n="75-a-1240"
            ecep:lem="my"
            ecep:pos="po11"
            ecep:reg="my"
            ecep:spe="my"
            ecep:syllab="1"
            ecep:pron="maɪ">my</w>
         <c> </c>
         <w xml:id="o3900-150820"
            n="75-a-1250"
            ecep:lem="shame"
            ecep:pos="n1"
            ecep:reg="Shame"
            ecep:spe="Shame"
            ecep:syllab="1"
            ecep:pron="ʃeɪm">Shame</w>
         <pc xml:id="o3900-150830"
             n="75-a-1260"
             unit="sentence"
             ecep:lem="."
             ecep:pos="."
             ecep:reg="."
             ecep:spe=".">.</pc>
         <c> </c>
      </l>
   </lg>
</div>
