<?xml version="1.0" encoding="UTF-8"?>
<?xml-model href="../tei_all.rnc" type="application/relax-ng-compact-syntax"?>
<TEI xmlns="http://www.tei-c.org/ns/1.0">
   <teiHeader>
      <fileDesc>
         <titleStmt>
            <title corresp="#txt_LennCh1730_w0014">On reading HUTCHISON on the PASSIONS.</title>
            <author corresp="authors.xml#aut_LennCh1730">Charlotte Lennox (née Ramsay)</author>
            <respStmt>
               <name xml:id="AH">Alexander Huber</name>
               <resp>Editor</resp>
            </respStmt>
            <funder>
               <name type="institution" xml:id="BOD">Bodleian Libraries, University of Oxford</name>
               <address>
                  <addrLine>Broad Street</addrLine>
                  <addrLine>Oxford OX1 3BG</addrLine>
                  <addrLine>UK</addrLine>
               </address>
            </funder>
         </titleStmt>
         <publicationStmt>
            <publisher xml:id="ECPA">Eighteenth-Century Poetry Archive</publisher>
            <address>
               <addrLine>Taylor Institution Library</addrLine>
               <addrLine>St Giles'</addrLine>
               <addrLine>Oxford OX1 3NA</addrLine>
               <addrLine>UK</addrLine>
               <addrLine>
                  <email>info@eighteenthcenturypoetry.org</email>
               </addrLine>
               <addrLine>
                  <ref target="https://www.eighteenthcenturypoetry.org/">https://www.eighteenthcenturypoetry.org/</ref>
               </addrLine>
            </address>
            <pubPlace>Oxford</pubPlace>
            <availability status="restricted">
               <licence target="http://creativecommons.org/licenses/by-sa/3.0/">This work is licensed under a Creative Commons Attribution-ShareAlike 3.0 Unported License.</licence>
            </availability>
            <idno type="ESTC">T139692</idno>
            <idno type="TCP">K110146.000</idno>
         </publicationStmt>
         <sourceDesc>
            <bibl>
               <author>Lennox, Charlotte, ca. 1729-1804.</author>
               <title>Poems on Several Occasions. Written by a Young Lady.</title>
               <pubPlace>London</pubPlace>
               <publisher>printed for, and sold by S. Paterson</publisher>
               <date>1747</date>
               <biblScope>pp. 37-38.</biblScope>
               <extent>[8],88p.; 8⁰.</extent>
            </bibl>
         </sourceDesc>
      </fileDesc>
      <encodingDesc>
         <projectDesc>
            <p>This e-text is part of the Works section of the Eighteenth-Century Poetry Archive (ECPA).</p>
            <p>XML created for the Eighteenth-Century Poetry Archive (ECPA).</p>
         </projectDesc>
         <editorialDecl>
            <p>The text has been typographically modernized, but without any silent modernization of
						spelling, capitalization, or punctuation. The source of the text is given and all editorial interventions
						have been recorded in textual notes. Based on the electronic text originally produced by the TCP project, this  text has been edited to conform to the recommendations found in Level 5 of the
						Best Practices for TEI in Libraries version 4.0.0.
					</p>
         </editorialDecl>
         <classDecl>
            <taxonomy xml:id="LCNAF">
               <bibl>Library of Congress Name Authority File (<abbr>LCNAF</abbr>)</bibl>
            </taxonomy>
         </classDecl>
         <tagsDecl>
            <rendition n="linegroups indented" xml:id="lgindent" scheme="css">text-indent: 1em;</rendition>
            <rendition n="linegroups vertically spaced" xml:id="lgvspace" scheme="css">margin-bottom: 1em;</rendition>
            <rendition n="aligned centrally" xml:id="align-center" scheme="css">text-align: center;</rendition>
            <rendition n="aligned right" xml:id="align-right" scheme="css">text-align: right;</rendition>
            <rendition n="aligned left" xml:id="align-left" scheme="css">text-align: left;</rendition>
            <rendition n="inline" xml:id="inline" scheme="css">display: inline</rendition>
            <rendition n="italic" xml:id="i" scheme="css">font-style: italic;</rendition>
            <rendition n="bold" xml:id="b" scheme="css">font-weight: bold;</rendition>
         </tagsDecl>
      </encodingDesc>
   </teiHeader>
   <text>
      <body>
         <div xmlns:ecep="http://www.eighteenthcenturypoetry.org/ns"
              xmlns:tei="http://www.tei-c.org/ns/1.0"
              ana="#iamb #pentameter #couplet #pair #heroiccouplet #occasional"
              corresp="#txt_LennCh1730_w0014"
              decls="#semi-normalized"
              ecep:syllab="10"
              met="-+|-+|-+|-+|-+/"
              rendition="#lgvspace"
              rhyme="aa"
              subtype="eceptext"
              type="poem"
              xml:id="o5247-w0130">
            <link target="authors.xml#aut_LennCh1730" type="author"/>
            <head type="main">
               <w xml:id="o5247-046540"
                  n="42-a-0010"
                  ecep:lem="on"
                  ecep:pos="p-acp"
                  ecep:reg="On"
                  ecep:spe="On"
                  ecep:syllab="1"
                  ecep:pron="ɒn">On</w>
               <c> </c>
               <w xml:id="o5247-046550"
                  n="42-a-0020"
                  ecep:lem="read"
                  ecep:pos="vvg"
                  ecep:reg="reading"
                  ecep:spe="reading"
                  ecep:syllab="2"
                  ecep:pron="ˈriːdɪŋ">reading</w>
               <c> </c>
               <hi>
                  <w xml:id="o5247-046560"
                     n="42-a-0030"
                     ecep:lem="Hutchison"
                     ecep:pos="np1"
                     ecep:reg="HUTCHISON"
                     ecep:spe="HUTCHISON"
                     ecep:syllab="3"
                     ecep:pron="hˈʌtʃɪsən">HUTCHISON</w>
               </hi>
               <c> </c>
               <w xml:id="o5247-046570"
                  n="42-a-0040"
                  ecep:lem="on"
                  ecep:pos="p-acp"
                  ecep:reg="on"
                  ecep:spe="on"
                  ecep:syllab="1"
                  ecep:pron="ɒn">on</w>
               <c> </c>
               <w xml:id="o5247-046580"
                  n="42-a-0050"
                  ecep:lem="the"
                  ecep:pos="dt"
                  ecep:reg="the"
                  ecep:spe="the"
                  ecep:syllab="1"
                  ecep:pron="ðiː">the</w>
               <c> </c>
               <hi>
                  <w xml:id="o5247-046590"
                     n="42-a-0060"
                     ecep:lem="passion"
                     ecep:pos="n2"
                     ecep:reg="PASSIONS"
                     ecep:spe="PASSIONS"
                     ecep:syllab="2"
                     ecep:pron="ˈpæʃnz">PASSIONS</w>
                  <pc xml:id="o5247-046600"
                      n="42-a-0070"
                      unit="sentence"
                      ecep:lem="."
                      ecep:pos="."
                      ecep:reg="."
                      ecep:spe=".">.</pc>
                  <c> </c>
               </hi>
            </head>
            <lg xml:id="o5247-s00280">
               <l xml:id="o5247-l02385">
                  <w xml:id="o5247-046630"
                     n="42-a-0080"
                     ecep:lem="thou"
                     ecep:pos="pns21"
                     ecep:reg="THOU"
                     ecep:spe="THOU"
                     ecep:syllab="1"
                     ecep:pron="θaʊ">THOU</w>
                  <c> </c>
                  <w xml:id="o5247-046640"
                     n="42-a-0090"
                     ecep:lem="who"
                     ecep:pos="r-crq"
                     ecep:reg="who"
                     ecep:spe="who"
                     ecep:syllab="1"
                     ecep:pron="huː">who</w>
                  <c> </c>
                  <w xml:id="o5247-046650"
                     n="42-a-0100"
                     ecep:lem="through"
                     ecep:pos="p-acp"
                     ecep:reg="through"
                     ecep:spe="thro'"
                     ecep:syllab="1"
                     ecep:pron="θruː">thro'</w>
                  <c> </c>
                  <w xml:id="o5247-046660"
                     n="42-a-0110"
                     ecep:lem="nature"
                     ecep:pos="ng1"
                     ecep:reg="Nature's"
                     ecep:spe="Nature's"
                     ecep:syllab="2"
                     ecep:pron="ˈneɪtʃəz">Nature's</w>
                  <c> </c>
                  <w xml:id="o5247-046670"
                     n="42-a-0120"
                     ecep:lem="various"
                     ecep:pos="j"
                     ecep:reg="various"
                     ecep:spe="various"
                     ecep:syllab="2"
                     ecep:pron="ˈveəriəs">various</w>
                  <c> </c>
                  <w xml:id="o5247-046680"
                     n="42-a-0130"
                     ecep:lem="fault"
                     ecep:pos="n2"
                     ecep:reg="Faults"
                     ecep:spe="Faults"
                     ecep:syllab="1"
                     ecep:pron="fɔːlts">Faults</w>
                  <c> </c>
                  <w xml:id="o5247-046690"
                     n="42-a-0140"
                     ecep:lem="can"
                     ecep:pos="vmb"
                     ecep:reg="can"
                     ecep:spe="can"
                     ecep:syllab="1"
                     ecep:pron="kæn">can</w>
                  <c> </c>
                  <w xml:id="o5247-046700"
                     n="42-a-0150"
                     ecep:lem="rove"
                     ecep:pos="vvi"
                     ecep:reg="rove"
                     ecep:spe="rove"
                     ecep:syllab="1"
                     ecep:pron="rəʊv">rove</w>
                  <pc xml:id="o5247-046710"
                      n="42-a-0160"
                      ecep:lem=","
                      ecep:pos=","
                      ecep:reg=","
                      ecep:spe=",">,</pc>
               </l>
               <l xml:id="o5247-l02390">
                  <c> </c>
                  <w xml:id="o5247-046720"
                     n="42-a-0170"
                     ecep:lem="and"
                     ecep:pos="cc"
                     ecep:reg="And"
                     ecep:spe="And"
                     ecep:syllab="1"
                     ecep:pron="ænd">And</w>
                  <c> </c>
                  <w xml:id="o5247-046730"
                     n="42-a-0180"
                     ecep:lem="show"
                     ecep:pos="vvi"
                     ecep:reg="show"
                     ecep:spe="shew"
                     ecep:syllab="1"
                     ecep:pron="ʃəʊ">shew</w>
                  <c> </c>
                  <w xml:id="o5247-046740"
                     n="42-a-0190"
                     ecep:lem="what"
                     ecep:pos="r-crq"
                     ecep:reg="what"
                     ecep:spe="what"
                     ecep:syllab="1"
                     ecep:pron="wɒt">what</w>
                  <c> </c>
                  <w xml:id="o5247-046750"
                     n="42-a-0200"
                     ecep:lem="spring"
                     ecep:pos="vvz"
                     ecep:reg="Springs"
                     ecep:spe="Springs"
                     ecep:syllab="1"
                     ecep:pron="sprɪŋz">Springs</w>
                  <c> </c>
                  <w xml:id="o5247-046760"
                     n="42-a-0210"
                     ecep:lem="the"
                     ecep:pos="dt"
                     ecep:reg="the"
                     ecep:spe="the"
                     ecep:syllab="1"
                     ecep:pron="ðiː">the</w>
                  <c> </c>
                  <w xml:id="o5247-046770"
                     n="42-a-0220"
                     ecep:lem="eager"
                     ecep:pos="j"
                     ecep:reg="eager"
                     ecep:spe="eager"
                     ecep:syllab="2"
                     ecep:pron="ˈiːgə">eager</w>
                  <c> </c>
                  <w xml:id="o5247-046780"
                     n="42-a-0230"
                     ecep:lem="passion"
                     ecep:pos="n2"
                     ecep:reg="Passions"
                     ecep:spe="Passions"
                     ecep:syllab="2"
                     ecep:pron="ˈpæʃnz">Passions</w>
                  <c> </c>
                  <w xml:id="o5247-046790"
                     n="42-a-0240"
                     ecep:lem="move"
                     ecep:pos="vvi"
                     ecep:reg="move"
                     ecep:spe="move"
                     ecep:syllab="1"
                     ecep:pron="muːv">move</w>
                  <pc xml:id="o5247-046800"
                      n="42-a-0250"
                      ecep:lem=";"
                      ecep:pos=";"
                      ecep:reg=";"
                      ecep:spe=";">;</pc>
               </l>
               <l xml:id="o5247-l02395">
                  <c> </c>
                  <w xml:id="o5247-046810"
                     n="42-a-0260"
                     ecep:lem="teach"
                     ecep:pos="vvb"
                     ecep:reg="Teach"
                     ecep:spe="Teach"
                     ecep:syllab="1"
                     ecep:pron="tiːtʃ">Teach</w>
                  <c> </c>
                  <w xml:id="o5247-046820"
                     n="42-a-0270"
                     ecep:lem="we"
                     ecep:pos="pno12"
                     ecep:reg="us"
                     ecep:spe="us"
                     ecep:syllab="1"
                     ecep:pron="ʌs">us</w>
                  <c> </c>
                  <w xml:id="o5247-046830"
                     n="42-a-0280"
                     ecep:lem="to"
                     ecep:pos="pc-acp"
                     ecep:reg="to"
                     ecep:spe="to"
                     ecep:syllab="1"
                     ecep:pron="tuː">to</w>
                  <c> </c>
                  <w xml:id="o5247-046840"
                     n="42-a-0290"
                     ecep:lem="combat"
                     ecep:pos="vvi"
                     ecep:reg="combat"
                     ecep:spe="combat"
                     ecep:syllab="2"
                     ecep:pron="ˈkɒmbæt">combat</w>
                  <c> </c>
                  <w xml:id="o5247-046850"
                     n="42-a-0300"
                     ecep:lem="anger"
                     ecep:pos="n1"
                     ecep:reg="Anger"
                     ecep:spe="Anger"
                     ecep:syllab="2"
                     ecep:pron="ˈæŋgə">Anger</w>
                  <pc xml:id="o5247-046860"
                      n="42-a-0310"
                      ecep:lem=","
                      ecep:pos=","
                      ecep:reg=","
                      ecep:spe=",">,</pc>
                  <c> </c>
                  <w xml:id="o5247-046870"
                     n="42-a-0320"
                     ecep:lem="grief"
                     ecep:pos="n1"
                     ecep:reg="Grief"
                     ecep:spe="Grief"
                     ecep:syllab="1"
                     ecep:pron="griːf">Grief</w>
                  <c> </c>
                  <w xml:id="o5247-046880"
                     n="42-a-0330"
                     ecep:lem="and"
                     ecep:pos="cc"
                     ecep:reg="and"
                     ecep:spe="and"
                     ecep:syllab="1"
                     ecep:pron="ænd">and</w>
                  <c> </c>
                  <w xml:id="o5247-046890"
                     n="42-a-0340"
                     ecep:lem="fear"
                     ecep:pos="n1"
                     ecep:reg="Fear"
                     ecep:spe="Fear"
                     ecep:syllab="1"
                     ecep:pron="fɪə">Fear</w>
                  <pc xml:id="o5247-046900"
                      n="42-a-0350"
                      ecep:lem=","
                      ecep:pos=","
                      ecep:reg=","
                      ecep:spe=",">,</pc>
               </l>
               <l xml:id="o5247-l02400">
                  <c> </c>
                  <w xml:id="o5247-046910"
                     n="42-a-0360"
                     ecep:lem="recall"
                     ecep:pos="vvb"
                     ecep:reg="Recall"
                     ecep:spe="Recal"
                     ecep:syllab="2"
                     ecep:pron="rɪkˈæl">Recal</w>
                  <c> </c>
                  <w xml:id="o5247-046920"
                     n="42-a-0370"
                     ecep:lem="the"
                     ecep:pos="dt"
                     ecep:reg="the"
                     ecep:spe="the"
                     ecep:syllab="1"
                     ecep:pron="ðiː">the</w>
                  <c> </c>
                  <w xml:id="o5247-046930"
                     n="42-a-0380"
                     ecep:lem="sigh"
                     ecep:pos="n1"
                     ecep:reg="Sigh"
                     ecep:spe="Sigh"
                     ecep:syllab="1"
                     ecep:pron="saɪ">Sigh</w>
                  <pc xml:id="o5247-046940"
                      n="42-a-0390"
                      ecep:lem=","
                      ecep:pos=","
                      ecep:reg=","
                      ecep:spe=",">,</pc>
                  <c> </c>
                  <w xml:id="o5247-046950"
                     n="42-a-0400"
                     ecep:lem="and"
                     ecep:pos="cc"
                     ecep:reg="and"
                     ecep:spe="and"
                     ecep:syllab="1"
                     ecep:pron="ænd">and</w>
                  <c> </c>
                  <w xml:id="o5247-046960"
                     n="42-a-0410"
                     ecep:lem="stop"
                     ecep:pos="vvi"
                     ecep:reg="stop"
                     ecep:spe="stop"
                     ecep:syllab="1"
                     ecep:pron="stɒp">stop</w>
                  <c> </c>
                  <w xml:id="o5247-046970"
                     n="42-a-0420"
                     ecep:lem="the"
                     ecep:pos="dt"
                     ecep:reg="the"
                     ecep:spe="the"
                     ecep:syllab="1"
                     ecep:pron="ðiː">the</w>
                  <c> </c>
                  <w xml:id="o5247-046980"
                     n="42-a-0430"
                     ecep:lem="fall"
                     ecep:pos="j-vvg"
                     ecep:reg="falling"
                     ecep:spe="falling"
                     ecep:syllab="2"
                     ecep:pron="fɔːlɪŋ">falling</w>
                  <c> </c>
                  <w xml:id="o5247-046990"
                     n="42-a-0440"
                     ecep:lem="tear"
                     ecep:pos="n1"
                     ecep:reg="Tear"
                     ecep:spe="Tear"
                     ecep:syllab="1"
                     ecep:pron="tɪə">Tear</w>
                  <pc xml:id="o5247-047000"
                      n="42-a-0450"
                      ecep:lem=","
                      ecep:pos=","
                      ecep:reg=","
                      ecep:spe=",">,</pc>
               </l>
               <l xml:id="o5247-l02405">
                  <c> </c>
                  <w xml:id="o5247-047010"
                     n="42-a-0460"
                     ecep:lem="oh"
                     ecep:pos="uh"
                     ecep:reg="O"
                     ecep:spe="Oh"
                     ecep:syllab="1"
                     ecep:pron="əʊ">Oh</w>
                  <c> </c>
                  <w xml:id="o5247-047020"
                     n="42-a-0470"
                     ecep:lem="be"
                     ecep:pos="vbb"
                     ecep:reg="be"
                     ecep:spe="be"
                     ecep:syllab="1"
                     ecep:pron="biː">be</w>
                  <c> </c>
                  <w xml:id="o5247-047030"
                     n="42-a-0480"
                     ecep:lem="thy"
                     ecep:pos="po21"
                     ecep:reg="thy"
                     ecep:spe="thy"
                     ecep:syllab="1"
                     ecep:pron="ðaɪ">thy</w>
                  <c> </c>
                  <w xml:id="o5247-047040"
                     n="42-a-0490"
                     ecep:lem="soft"
                     ecep:pos="j"
                     ecep:reg="soft"
                     ecep:spe="soft"
                     ecep:syllab="1"
                     ecep:pron="sɒft">soft</w>
                  <c> </c>
                  <w xml:id="o5247-047050"
                     n="42-a-0500"
                     ecep:lem="philosophy"
                     ecep:pos="n1"
                     ecep:reg="Philosophy"
                     ecep:spe="Philosophy"
                     ecep:syllab="4"
                     ecep:pron="fɪˈlɒsəfi">Philosophy</w>
                  <c> </c>
                  <w xml:id="o5247-047060"
                     n="42-a-0510"
                     ecep:lem="address"
                     ecep:pos="vvd"
                     ecep:reg="addressed"
                     ecep:spe="addrest"
                     ecep:syllab="2"
                     ecep:pron="əˈdrest">addrest</w>
                  <pc xml:id="o5247-047070"
                      n="42-a-0520"
                      ecep:lem=","
                      ecep:pos=","
                      ecep:reg=","
                      ecep:spe=",">,</pc>
               </l>
               <l xml:id="o5247-l02410">
                  <c> </c>
                  <w xml:id="o5247-047080"
                     n="42-a-0530"
                     ecep:lem="to"
                     ecep:pos="p-acp"
                     ecep:reg="To"
                     ecep:spe="To"
                     ecep:syllab="1"
                     ecep:pron="tuː">To</w>
                  <c> </c>
                  <w xml:id="o5247-047090"
                     n="42-a-0540"
                     ecep:lem="the"
                     ecep:pos="dt"
                     ecep:reg="the"
                     ecep:spe="the"
                     ecep:syllab="1"
                     ecep:pron="ðiː">the</w>
                  <c> </c>
                  <w xml:id="o5247-047100"
                     n="42-a-0550"
                     ecep:lem="untroubled"
                     ecep:pos="j"
                     ecep:reg="untroubled"
                     ecep:spe="untroubled"
                     ecep:syllab="3"
                     ecep:pron="ʌnˈtrʌbld">untroubled</w>
                  <c> </c>
                  <w xml:id="o5247-047110"
                     n="42-a-0560"
                     ecep:lem="ear"
                     ecep:pos="n1"
                     ecep:reg="Ear"
                     ecep:spe="Ear"
                     ecep:syllab="1"
                     ecep:pron="ɪə">Ear</w>
                  <c> </c>
                  <w xml:id="o5247-047120"
                     n="42-a-0570"
                     ecep:lem="and"
                     ecep:pos="cc"
                     ecep:reg="and"
                     ecep:spe="and"
                     ecep:syllab="1"
                     ecep:pron="ænd">and</w>
                  <c> </c>
                  <w xml:id="o5247-047130"
                     n="42-a-0580"
                     ecep:lem="tranquil"
                     ecep:pos="j"
                     ecep:reg="tranquil"
                     ecep:spe="tranquil"
                     ecep:syllab="2"
                     ecep:pron="ˈtræŋkwɪl">tranquil</w>
                  <c> </c>
                  <w xml:id="o5247-047140"
                     n="42-a-0590"
                     ecep:lem="breast"
                     ecep:pos="n1"
                     ecep:reg="Breast"
                     ecep:spe="Breast"
                     ecep:syllab="1"
                     ecep:pron="brest">Breast</w>
                  <pc xml:id="o5247-047150"
                      n="42-a-0600"
                      ecep:lem=":"
                      ecep:pos=":"
                      ecep:reg=":"
                      ecep:spe=":">:</pc>
               </l>
               <l xml:id="o5247-l02415">
                  <c> </c>
                  <w xml:id="o5247-047160"
                     n="42-a-0610"
                     ecep:lem="to"
                     ecep:pos="p-acp"
                     ecep:reg="To"
                     ecep:spe="To"
                     ecep:syllab="1"
                     ecep:pron="tuː">To</w>
                  <c> </c>
                  <w xml:id="o5247-047170"
                     n="42-a-0620"
                     ecep:lem="these"
                     ecep:pos="d"
                     ecep:reg="these"
                     ecep:spe="these"
                     ecep:syllab="1"
                     ecep:pron="ðiːz">these</w>
                  <c> </c>
                  <w xml:id="o5247-047180"
                     n="42-a-0630"
                     ecep:lem="be"
                     ecep:pos="vbb"
                     ecep:reg="be"
                     ecep:spe="be"
                     ecep:syllab="1"
                     ecep:pron="biː">be</w>
                  <c> </c>
                  <w xml:id="o5247-047190"
                     n="42-a-0640"
                     ecep:lem="all"
                     ecep:pos="d"
                     ecep:reg="all"
                     ecep:spe="all"
                     ecep:syllab="1"
                     ecep:pron="ɔːl">all</w>
                  <c> </c>
                  <w xml:id="o5247-047200"
                     n="42-a-0650"
                     ecep:lem="thy"
                     ecep:pos="po21"
                     ecep:reg="thy"
                     ecep:spe="thy"
                     ecep:syllab="1"
                     ecep:pron="ðaɪ">thy</w>
                  <c> </c>
                  <w xml:id="o5247-047210"
                     n="42-a-0660"
                     ecep:lem="peaceful"
                     ecep:pos="j"
                     ecep:reg="peaceful"
                     ecep:spe="peaceful"
                     ecep:syllab="2"
                     ecep:pron="ˈpiːsfl">peaceful</w>
                  <c> </c>
                  <w xml:id="o5247-047220"
                     n="42-a-0670"
                     ecep:lem="notion"
                     ecep:pos="n2"
                     ecep:reg="Notions"
                     ecep:spe="Notions"
                     ecep:syllab="2"
                     ecep:pron="ˈnəʊʃnz">Notions</w>
                  <c> </c>
                  <w xml:id="o5247-047230"
                     n="42-a-0680"
                     ecep:lem="teach"
                     ecep:pos="vvn"
                     ecep:reg="taught"
                     ecep:spe="taught"
                     ecep:syllab="1"
                     ecep:pron="tɔːt">taught</w>
                  <pc xml:id="o5247-047240"
                      n="42-a-0690"
                      ecep:lem=","
                      ecep:pos=","
                      ecep:reg=","
                      ecep:spe=",">,</pc>
               </l>
               <l xml:id="o5247-l02420">
                  <c> </c>
                  <w xml:id="o5247-047250"
                     n="42-a-0700"
                     ecep:lem="who"
                     ecep:pos="q-crq"
                     ecep:reg="Who"
                     ecep:spe="Who"
                     ecep:syllab="1"
                     ecep:pron="huː">Who</w>
                  <c> </c>
                  <w xml:id="o5247-047260"
                     n="42-a-0710"
                     ecep:lem="idle"
                     ecep:pos="av-j"
                     ecep:reg="idly"
                     ecep:spe="idly"
                     ecep:syllab="2"
                     ecep:pron="ˈaɪdli">idly</w>
                  <c> </c>
                  <w xml:id="o5247-047270"
                     n="42-a-0720"
                     ecep:lem="rove"
                     ecep:pos="vvb"
                     ecep:reg="rove"
                     ecep:spe="rove"
                     ecep:syllab="1"
                     ecep:pron="rəʊv">rove</w>
                  <c> </c>
                  <w xml:id="o5247-047280"
                     n="42-a-0730"
                     ecep:lem="amid"
                     ecep:pos="p-acp"
                     ecep:reg="amid"
                     ecep:spe="amidst"
                     ecep:syllab="2"
                     ecep:pron="əˈmɪdst">amidst</w>
                  <c> </c>
                  <w xml:id="o5247-047290"
                     n="42-a-0740"
                     ecep:lem="a"
                     ecep:pos="dt"
                     ecep:reg="a"
                     ecep:spe="a"
                     ecep:syllab="1"
                     ecep:pron="ə">a</w>
                  <c> </c>
                  <w xml:id="o5247-047300"
                     n="42-a-0750"
                     ecep:lem="calm"
                     ecep:pos="j-jn"
                     ecep:reg="Calm"
                     ecep:spe="Calm"
                     ecep:syllab="1"
                     ecep:pron="kɑːm">Calm</w>
                  <c> </c>
                  <w xml:id="o5247-047310"
                     n="42-a-0760"
                     ecep:lem="of"
                     ecep:pos="pp-f"
                     ecep:reg="of"
                     ecep:spe="of"
                     ecep:syllab="1"
                     ecep:pron="ɒv">of</w>
                  <c> </c>
                  <w xml:id="o5247-047320"
                     n="42-a-0770"
                     ecep:lem="thought"
                     ecep:pos="n1"
                     ecep:reg="Thought"
                     ecep:spe="Thought"
                     ecep:syllab="1"
                     ecep:pron="θɔːt">Thought</w>
                  <pc xml:id="o5247-047330"
                      n="42-a-0780"
                      ecep:lem=":"
                      ecep:pos=":"
                      ecep:reg=":"
                      ecep:spe=":">:</pc>
               </l>
               <l xml:id="o5247-l02425">
                  <c> </c>
                  <w xml:id="o5247-047340"
                     n="42-a-0790"
                     ecep:lem="who"
                     ecep:pos="r-crq"
                     ecep:reg="Whose"
                     ecep:spe="Whose"
                     ecep:syllab="1"
                     ecep:pron="huːz">Whose</w>
                  <c> </c>
                  <w xml:id="o5247-047350"
                     n="42-a-0800"
                     ecep:lem="soul"
                     ecep:pos="n1"
                     ecep:reg="Soul"
                     ecep:spe="Soul"
                     ecep:syllab="1"
                     ecep:pron="səʊl">Soul</w>
                  <c> </c>
                  <w xml:id="o5247-047360"
                     n="42-a-0810"
                     ecep:lem="by"
                     ecep:pos="p-acp"
                     ecep:reg="by"
                     ecep:spe="by"
                     ecep:syllab="1"
                     ecep:pron="baɪ">by</w>
                  <c> </c>
                  <w xml:id="o5247-047370"
                     n="42-a-0820"
                     ecep:lem="love"
                     ecep:pos="n1"
                     ecep:reg="Love"
                     ecep:spe="Love"
                     ecep:syllab="1"
                     ecep:pron="lʌv">Love</w>
                  <c> </c>
                  <w xml:id="o5247-047380"
                     n="42-a-0830"
                     ecep:lem="or"
                     ecep:pos="cc"
                     ecep:reg="or"
                     ecep:spe="or"
                     ecep:syllab="1"
                     ecep:pron="ɔː">or</w>
                  <c> </c>
                  <w xml:id="o5247-047390"
                     n="42-a-0840"
                     ecep:lem="hate"
                     ecep:pos="n1"
                     ecep:reg="Hate"
                     ecep:spe="Hate"
                     ecep:syllab="1"
                     ecep:pron="heɪt">Hate</w>
                  <c> </c>
                  <w xml:id="o5247-047400"
                     n="42-a-0850"
                     ecep:lem="be"
                     ecep:pos="vbdr"
                     ecep:reg="were"
                     ecep:spe="were"
                     ecep:syllab="1"
                     ecep:pron="wɜː">were</w>
                  <c> </c>
                  <w xml:id="o5247-047410"
                     n="42-a-0860"
                     ecep:lem="never"
                     ecep:pos="av-x"
                     ecep:reg="never"
                     ecep:spe="ne'er"
                     ecep:syllab="1"
                     ecep:pron="neə">ne'er</w>
                  <c> </c>
                  <w xml:id="o5247-047420"
                     n="42-a-0870"
                     ecep:lem="possess"
                     ecep:pos="vvn"
                     ecep:reg="possessed"
                     ecep:spe="possest"
                     ecep:syllab="2"
                     ecep:pron="pəˈzest">possest</w>
                  <pc xml:id="o5247-047430"
                      n="42-a-0880"
                      ecep:lem=","
                      ecep:pos=","
                      ecep:reg=","
                      ecep:spe=",">,</pc>
               </l>
               <l xml:id="o5247-l02430">
                  <c> </c>
                  <w xml:id="o5247-047440"
                     n="42-a-0890"
                     ecep:lem="who"
                     ecep:pos="r-crq"
                     ecep:reg="Who"
                     ecep:spe="Who"
                     ecep:syllab="1"
                     ecep:pron="huː">Who</w>
                  <c> </c>
                  <w xml:id="o5247-047450"
                     n="42-a-0900"
                     ecep:lem="never"
                     ecep:pos="av-x"
                     ecep:reg="never"
                     ecep:spe="ne'er"
                     ecep:syllab="1"
                     ecep:pron="neə">ne'er</w>
                  <c> </c>
                  <w xml:id="o5247-047460"
                     n="42-a-0910"
                     ecep:lem="be"
                     ecep:pos="vbdr"
                     ecep:reg="were"
                     ecep:spe="were"
                     ecep:syllab="1"
                     ecep:pron="wɜː">were</w>
                  <c> </c>
                  <w xml:id="o5247-047470"
                     n="42-a-0920"
                     ecep:lem="wretched"
                     ecep:pos="j"
                     ecep:reg="wretched"
                     ecep:spe="wretched"
                     ecep:syllab="2"
                     ecep:pron="ˈretʃɪd">wretched</w>
                  <pc xml:id="o5247-047480"
                      n="42-a-0930"
                      ecep:lem=","
                      ecep:pos=","
                      ecep:reg=","
                      ecep:spe=",">,</pc>
                  <c> </c>
                  <w xml:id="o5247-047490"
                     n="42-a-0940"
                     ecep:lem="and"
                     ecep:pos="cc"
                     ecep:reg="and"
                     ecep:spe="and"
                     ecep:syllab="1"
                     ecep:pron="ænd">and</w>
                  <c> </c>
                  <w xml:id="o5247-047500"
                     n="42-a-0950"
                     ecep:lem="who"
                     ecep:pos="r-crq"
                     ecep:reg="who"
                     ecep:spe="who"
                     ecep:syllab="1"
                     ecep:pron="huː">who</w>
                  <c> </c>
                  <w xml:id="o5247-047510"
                     n="42-a-0960"
                     ecep:lem="never"
                     ecep:pos="av-x"
                     ecep:reg="never"
                     ecep:spe="ne'er"
                     ecep:syllab="1"
                     ecep:pron="neə">ne'er</w>
                  <c> </c>
                  <w xml:id="o5247-047520"
                     n="42-a-0970"
                     ecep:lem="be"
                     ecep:pos="vbdr"
                     ecep:reg="were"
                     ecep:spe="were"
                     ecep:syllab="1"
                     ecep:pron="wɜː">were</w>
                  <c> </c>
                  <w xml:id="o5247-047530"
                     n="42-a-0980"
                     ecep:lem="bless"
                     ecep:pos="vvn"
                     ecep:reg="blessed"
                     ecep:spe="blest"
                     ecep:syllab="1"
                     ecep:pron="blest">blest</w>
                  <pc xml:id="o5247-047540"
                      n="42-a-0990"
                      ecep:lem=":"
                      ecep:pos=":"
                      ecep:reg=":"
                      ecep:spe=":">:</pc>
               </l>
               <l xml:id="o5247-l02435">
                  <c> </c>
                  <w xml:id="o5247-047550"
                     n="42-a-1000"
                     ecep:lem="who"
                     ecep:pos="r-crq"
                     ecep:reg="Whose"
                     ecep:spe="Whose"
                     ecep:syllab="1"
                     ecep:pron="huːz">Whose</w>
                  <c> </c>
                  <w xml:id="o5247-047560"
                     n="42-a-1010"
                     ecep:lem="faint"
                     ecep:pos="jc"
                     ecep:reg="fainter"
                     ecep:spe="fainter"
                     ecep:syllab="2"
                     ecep:pron="feɪntə">fainter</w>
                  <c> </c>
                  <w xml:id="o5247-047570"
                     n="42-a-1020"
                     ecep:lem="wish"
                     ecep:pos="n2"
                     ecep:reg="Wishes"
                     ecep:spe="Wishes"
                     ecep:syllab="2"
                     ecep:pron="wɪʃɪz">Wishes</w>
                  <pc xml:id="o5247-047580"
                      n="42-a-1030"
                      ecep:lem=","
                      ecep:pos=","
                      ecep:reg=","
                      ecep:spe=",">,</pc>
                  <c> </c>
                  <w xml:id="o5247-047590"
                     n="42-a-1040"
                     ecep:lem="pleasure"
                     ecep:pos="n2"
                     ecep:reg="Pleasures"
                     ecep:spe="Pleasures"
                     ecep:syllab="2"
                     ecep:pron="ˈpleʒəz">Pleasures</w>
                  <pc xml:id="o5247-047600"
                      n="42-a-1050"
                      ecep:lem=","
                      ecep:pos=","
                      ecep:reg=","
                      ecep:spe=",">,</pc>
                  <c> </c>
                  <w xml:id="o5247-047610"
                     n="42-a-1060"
                     ecep:lem="fear"
                     ecep:pos="n2"
                     ecep:reg="Fears"
                     ecep:spe="Fears"
                     ecep:syllab="1"
                     ecep:pron="fɪəz">Fears</w>
                  <c> </c>
                  <w xml:id="o5247-047620"
                     n="42-a-1070"
                     ecep:lem="remain"
                     ecep:pos="vvb"
                     ecep:reg="remain"
                     ecep:spe="remain"
                     ecep:syllab="2"
                     ecep:pron="rɪˈmeɪn">remain</w>
                  <pc xml:id="o5247-047630"
                      n="42-a-1080"
                      ecep:lem=","
                      ecep:pos=","
                      ecep:reg=","
                      ecep:spe=",">,</pc>
               </l>
               <l xml:id="o5247-l02440">
                  <c> </c>
                  <w xml:id="o5247-047640"
                     n="42-a-1090"
                     ecep:lem="dream"
                     ecep:pos="n2"
                     ecep:reg="Dreams"
                     ecep:spe="Dreams"
                     ecep:syllab="1"
                     ecep:pron="driːmz">Dreams</w>
                  <c> </c>
                  <w xml:id="o5247-047650"
                     n="42-a-1100"
                     ecep:lem="but"
                     ecep:pos="p-acp"
                     ecep:reg="but"
                     ecep:spe="but"
                     ecep:syllab="1"
                     ecep:pron="bʌt">but</w>
                  <c> </c>
                  <w xml:id="o5247-047660"
                     n="42-a-1110"
                     ecep:lem="of"
                     ecep:pos="pp-f"
                     ecep:reg="of"
                     ecep:spe="of"
                     ecep:syllab="1"
                     ecep:pron="ɒv">of</w>
                  <c> </c>
                  <w xml:id="o5247-047670"
                     n="42-a-1120"
                     ecep:lem="bliss"
                     ecep:pos="n1"
                     ecep:reg="Bliss"
                     ecep:spe="Bliss"
                     ecep:syllab="1"
                     ecep:pron="blɪs">Bliss</w>
                  <pc xml:id="o5247-047680"
                      n="42-a-1130"
                      ecep:lem=","
                      ecep:pos=","
                      ecep:reg=","
                      ecep:spe=",">,</pc>
                  <c> </c>
                  <w xml:id="o5247-047690"
                     n="42-a-1140"
                     ecep:lem="and"
                     ecep:pos="cc"
                     ecep:reg="and"
                     ecep:spe="and"
                     ecep:syllab="1"
                     ecep:pron="ænd">and</w>
                  <c> </c>
                  <w xml:id="o5247-047700"
                     n="42-a-1150"
                     ecep:lem="shadow"
                     ecep:pos="n2"
                     ecep:reg="Shadows"
                     ecep:spe="Shadows"
                     ecep:syllab="2"
                     ecep:pron="ˈʃædəʊz">Shadows</w>
                  <c> </c>
                  <w xml:id="o5247-047710"
                     n="42-a-1160"
                     ecep:lem="of"
                     ecep:pos="pp-f"
                     ecep:reg="of"
                     ecep:spe="of"
                     ecep:syllab="1"
                     ecep:pron="ɒv">of</w>
                  <c> </c>
                  <w xml:id="o5247-047720"
                     n="42-a-1170"
                     ecep:lem="a"
                     ecep:pos="dt"
                     ecep:reg="a"
                     ecep:spe="a"
                     ecep:syllab="1"
                     ecep:pron="ə">a</w>
                  <c> </c>
                  <w xml:id="o5247-047730"
                     n="42-a-1180"
                     ecep:lem="pain"
                     ecep:pos="n1"
                     ecep:reg="Pain"
                     ecep:spe="Pain"
                     ecep:syllab="1"
                     ecep:pron="peɪn">Pain</w>
                  <pc xml:id="o5247-047740"
                      n="42-a-1190"
                      ecep:lem=";"
                      ecep:pos=";"
                      ecep:reg=";"
                      ecep:spe=";">;</pc>
               </l>
               <pb facs="o5247/0040" n="38" rend="none"/>
               <l xml:id="o5247-l02445">
                  <c> </c>
                  <w xml:id="o5247-047750"
                     n="43-a-0010"
                     ecep:lem="serene"
                     ecep:pos="av-j"
                     ecep:reg="Serenely"
                     ecep:spe="Serenely"
                     ecep:syllab="4"
                     ecep:pron="sɪˈriːnli">Serenely</w>
                  <c> </c>
                  <w xml:id="o5247-047760"
                     n="43-a-0020"
                     ecep:lem="stupid"
                     ecep:pos="j"
                     ecep:reg="stupid"
                     ecep:spe="stupid"
                     ecep:syllab="2"
                     ecep:pron="ˈstjuːpɪd">stupid</w>
                  <pc xml:id="o5247-047770"
                      n="43-a-0030"
                      ecep:lem=";"
                      ecep:pos=";"
                      ecep:reg=";"
                      ecep:spe=";">;</pc>
                  <c> </c>
                  <w xml:id="o5247-047780"
                     n="43-a-0040"
                     ecep:lem="so"
                     ecep:pos="av"
                     ecep:reg="so"
                     ecep:spe="so"
                     ecep:syllab="1"
                     ecep:pron="səʊ">so</w>
                  <c> </c>
                  <w xml:id="o5247-047790"
                     n="43-a-0050"
                     ecep:lem="some"
                     ecep:pos="d"
                     ecep:reg="some"
                     ecep:spe="some"
                     ecep:syllab="1"
                     ecep:pron="sʌm">some</w>
                  <c> </c>
                  <w xml:id="o5247-047800"
                     n="43-a-0060"
                     ecep:lem="shallow"
                     ecep:pos="j"
                     ecep:reg="shallow"
                     ecep:spe="shallow"
                     ecep:syllab="2"
                     ecep:pron="ˈʃæləʊ">shallow</w>
                  <c> </c>
                  <w xml:id="o5247-047810"
                     n="43-a-0070"
                     ecep:lem="stream"
                     ecep:pos="n1"
                     ecep:reg="Stream"
                     ecep:spe="Stream"
                     ecep:syllab="1"
                     ecep:pron="striːm">Stream</w>
               </l>
               <l xml:id="o5247-l02450">
                  <c> </c>
                  <w xml:id="o5247-047820"
                     n="43-a-0080"
                     ecep:lem="flow"
                     ecep:pos="vvz"
                     ecep:reg="Flows"
                     ecep:spe="Flows"
                     ecep:syllab="1"
                     ecep:pron="fləʊz">Flows</w>
                  <c> </c>
                  <w xml:id="o5247-047830"
                     n="43-a-0090"
                     ecep:lem="through"
                     ecep:pos="p-acp"
                     ecep:reg="through"
                     ecep:spe="thro'"
                     ecep:syllab="1"
                     ecep:pron="θruː">thro'</w>
                  <c> </c>
                  <w xml:id="o5247-047840"
                     n="43-a-0100"
                     ecep:lem="the"
                     ecep:pos="dt"
                     ecep:reg="the"
                     ecep:spe="the"
                     ecep:syllab="1"
                     ecep:pron="ðiː">the</w>
                  <c> </c>
                  <w xml:id="o5247-047850"
                     n="43-a-0110"
                     ecep:lem="wind"
                     ecep:pos="j-vvg"
                     ecep:reg="winding"
                     ecep:spe="winding"
                     ecep:syllab="2"
                     ecep:pron="ˈwɪndɪŋ">winding</w>
                  <c> </c>
                  <w xml:id="o5247-047860"
                     n="43-a-0120"
                     ecep:lem="valley"
                     ecep:pos="n2"
                     ecep:reg="Valleys"
                     ecep:spe="Valleys"
                     ecep:syllab="2"
                     ecep:pron="ˈvæliz">Valleys</w>
                  <c> </c>
                  <w xml:id="o5247-047870"
                     n="43-a-0130"
                     ecep:lem="still"
                     ecep:pos="av"
                     ecep:reg="still"
                     ecep:spe="still"
                     ecep:syllab="1"
                     ecep:pron="stɪl">still</w>
                  <c> </c>
                  <w xml:id="o5247-047880"
                     n="43-a-0140"
                     ecep:lem="the"
                     ecep:pos="dt"
                     ecep:reg="the"
                     ecep:spe="the"
                     ecep:syllab="1"
                     ecep:pron="ðiː">the</w>
                  <c> </c>
                  <w xml:id="o5247-047890"
                     n="43-a-0150"
                     ecep:lem="same"
                     ecep:pos="d"
                     ecep:reg="same"
                     ecep:spe="same"
                     ecep:syllab="1"
                     ecep:pron="seɪm">same</w>
                  <pc xml:id="o5247-047900"
                      n="43-a-0160"
                      ecep:lem=":"
                      ecep:pos=":"
                      ecep:reg=":"
                      ecep:spe=":">:</pc>
               </l>
               <l xml:id="o5247-l02455">
                  <c> </c>
                  <w xml:id="o5247-047910"
                     n="43-a-0170"
                     ecep:lem="who"
                     ecep:pos="r-crq"
                     ecep:reg="Whom"
                     ecep:spe="Whom"
                     ecep:syllab="1"
                     ecep:pron="huːm">Whom</w>
                  <c> </c>
                  <w xml:id="o5247-047920"
                     n="43-a-0180"
                     ecep:lem="no"
                     ecep:pos="dx"
                     ecep:reg="no"
                     ecep:spe="no"
                     ecep:syllab="1"
                     ecep:pron="nəʊ">no</w>
                  <c> </c>
                  <w xml:id="o5247-047930"
                     n="43-a-0190"
                     ecep:lem="rude"
                     ecep:pos="j"
                     ecep:reg="rude"
                     ecep:spe="rude"
                     ecep:syllab="1"
                     ecep:pron="ruːd">rude</w>
                  <c> </c>
                  <w xml:id="o5247-047940"
                     n="43-a-0200"
                     ecep:lem="wind"
                     ecep:pos="n1"
                     ecep:reg="Wind"
                     ecep:spe="Wind"
                     ecep:syllab="1"
                     ecep:pron="wɪnd">Wind</w>
                  <c> </c>
                  <w xml:id="o5247-047950"
                     n="43-a-0210"
                     ecep:lem="can"
                     ecep:pos="vmb"
                     ecep:reg="can"
                     ecep:spe="can"
                     ecep:syllab="1"
                     ecep:pron="kæn">can</w>
                  <c> </c>
                  <w xml:id="o5247-047960"
                     n="43-a-0220"
                     ecep:lem="ever"
                     ecep:pos="av"
                     ecep:reg="ever"
                     ecep:spe="ever"
                     ecep:syllab="2"
                     ecep:pron="ˈevə">ever</w>
                  <c> </c>
                  <w xml:id="o5247-047970"
                     n="43-a-0230"
                     ecep:lem="discompose"
                     ecep:pos="vvi"
                     ecep:reg="discompose"
                     ecep:spe="discompose"
                     ecep:syllab="3"
                     ecep:pron="ˌdɪskəmˈpəʊz">discompose</w>
                  <pc xml:id="o5247-047980"
                      n="43-a-0240"
                      ecep:lem=","
                      ecep:pos=","
                      ecep:reg=","
                      ecep:spe=",">,</pc>
               </l>
               <l xml:id="o5247-l02460">
                  <c> </c>
                  <w xml:id="o5247-047990"
                     n="43-a-0250"
                     ecep:lem="who"
                     ecep:pos="q-crq"
                     ecep:reg="Who"
                     ecep:spe="Who"
                     ecep:syllab="1"
                     ecep:pron="huː">Who</w>
                  <c> </c>
                  <w xml:id="o5247-048000"
                     n="43-a-0260"
                     ecep:lem="fear"
                     ecep:pos="vvz"
                     ecep:reg="fears"
                     ecep:spe="fears"
                     ecep:syllab="1"
                     ecep:pron="fɪəz">fears</w>
                  <c> </c>
                  <w xml:id="o5247-048010"
                     n="43-a-0270"
                     ecep:lem="no"
                     ecep:pos="dx"
                     ecep:reg="no"
                     ecep:spe="no"
                     ecep:syllab="1"
                     ecep:pron="nəʊ">no</w>
                  <c> </c>
                  <w xml:id="o5247-048020"
                     n="43-a-0280"
                     ecep:lem="winter"
                     ecep:pos="n1"
                     ecep:reg="Winter"
                     ecep:spe="Winter"
                     ecep:syllab="2"
                     ecep:pron="ˈwɪntə">Winter</w>
                  <c> </c>
                  <w xml:id="o5247-048030"
                     n="43-a-0290"
                     ecep:lem="rain"
                     ecep:pos="vvb"
                     ecep:reg="Rain"
                     ecep:spe="Rain"
                     ecep:syllab="1"
                     ecep:pron="reɪn">Rain</w>
                  <pc xml:id="o5247-048040"
                      n="43-a-0300"
                      ecep:lem=","
                      ecep:pos=","
                      ecep:reg=","
                      ecep:spe=",">,</pc>
                  <c> </c>
                  <w xml:id="o5247-048050"
                     n="43-a-0310"
                     ecep:lem="or"
                     ecep:pos="cc"
                     ecep:reg="or"
                     ecep:spe="or"
                     ecep:syllab="1"
                     ecep:pron="ɔː">or</w>
                  <c> </c>
                  <w xml:id="o5247-048060"
                     n="43-a-0320"
                     ecep:lem="fall"
                     ecep:pos="vvg"
                     ecep:reg="falling"
                     ecep:spe="falling"
                     ecep:syllab="2"
                     ecep:pron="fɔːlɪŋ">falling</w>
                  <c> </c>
                  <w xml:id="o5247-048070"
                     n="43-a-0330"
                     ecep:lem="snow"
                     ecep:pos="n2"
                     ecep:reg="Snows"
                     ecep:spe="Snows"
                     ecep:syllab="1"
                     ecep:pron="snəʊz">Snows</w>
                  <pc xml:id="o5247-048080"
                      n="43-a-0340"
                      ecep:lem=";"
                      ecep:pos=";"
                      ecep:reg=";"
                      ecep:spe=";">;</pc>
               </l>
               <l xml:id="o5247-l02465">
                  <c> </c>
                  <w xml:id="o5247-048090"
                     n="43-a-0350"
                     ecep:lem="but"
                     ecep:pos="cc-acp"
                     ecep:reg="But"
                     ecep:spe="But"
                     ecep:syllab="1"
                     ecep:pron="bʌt">But</w>
                  <c> </c>
                  <w xml:id="o5247-048100"
                     n="43-a-0360"
                     ecep:lem="slow"
                     ecep:pos="av-j"
                     ecep:reg="slowly"
                     ecep:spe="slowly"
                     ecep:syllab="2"
                     ecep:pron="sləʊli">slowly</w>
                  <c> </c>
                  <w xml:id="o5247-048110"
                     n="43-a-0370"
                     ecep:lem="down"
                     ecep:pos="a-acp"
                     ecep:reg="down"
                     ecep:spe="down"
                     ecep:syllab="1"
                     ecep:pron="daʊn">down</w>
                  <c> </c>
                  <w xml:id="o5247-048120"
                     n="43-a-0380"
                     ecep:lem="its"
                     ecep:pos="po31"
                     ecep:reg="its"
                     ecep:spe="its"
                     ecep:syllab="1"
                     ecep:pron="ɪts">its</w>
                  <c> </c>
                  <w xml:id="o5247-048130"
                     n="43-a-0390"
                     ecep:lem="flowery"
                     ecep:pos="j"
                     ecep:reg="flowery"
                     ecep:spe="flow'ry"
                     ecep:syllab="2"
                     ecep:pron="ˈflaʊri">flow'ry</w>
                  <c> </c>
                  <w xml:id="o5247-048140"
                     n="43-a-0400"
                     ecep:lem="border"
                     ecep:pos="n2"
                     ecep:reg="Borders"
                     ecep:spe="Borders"
                     ecep:syllab="2"
                     ecep:pron="ˈbɔːdəz">Borders</w>
                  <c> </c>
                  <w xml:id="o5247-048150"
                     n="43-a-0410"
                     ecep:lem="creep"
                     ecep:pos="vvz"
                     ecep:reg="creeps"
                     ecep:spe="creeps"
                     ecep:syllab="1"
                     ecep:pron="kriːps">creeps</w>
                  <pc xml:id="o5247-048160"
                      n="43-a-0420"
                      ecep:lem=","
                      ecep:pos=","
                      ecep:reg=","
                      ecep:spe=",">,</pc>
               </l>
               <l xml:id="o5247-l02470">
                  <c> </c>
                  <w xml:id="o5247-048170"
                     n="43-a-0430"
                     ecep:lem="and"
                     ecep:pos="cc"
                     ecep:reg="And"
                     ecep:spe="And"
                     ecep:syllab="1"
                     ecep:pron="ænd">And</w>
                  <c> </c>
                  <w xml:id="o5247-048180"
                     n="43-a-0440"
                     ecep:lem="the"
                     ecep:pos="dt"
                     ecep:reg="the"
                     ecep:spe="the"
                     ecep:syllab="1"
                     ecep:pron="ðiː">the</w>
                  <c> </c>
                  <w xml:id="o5247-048190"
                     n="43-a-0450"
                     ecep:lem="soft"
                     ecep:pos="j"
                     ecep:reg="soft"
                     ecep:spe="soft"
                     ecep:syllab="1"
                     ecep:pron="sɒft">soft</w>
                  <c> </c>
                  <w xml:id="o5247-048200"
                     n="43-a-0460"
                     ecep:lem="zephyr"
                     ecep:pos="n1"
                     ecep:reg="Zephyr"
                     ecep:spe="Zephyr"
                     ecep:syllab="2"
                     ecep:pron="ˈzefə">Zephyr</w>
                  <c> </c>
                  <w xml:id="o5247-048210"
                     n="43-a-0470"
                     ecep:lem="on"
                     ecep:pos="p-acp"
                     ecep:reg="on"
                     ecep:spe="on"
                     ecep:syllab="1"
                     ecep:pron="ɒn">on</w>
                  <c> </c>
                  <w xml:id="o5247-048220"
                     n="43-a-0480"
                     ecep:lem="its"
                     ecep:pos="po31"
                     ecep:reg="its"
                     ecep:spe="its"
                     ecep:syllab="1"
                     ecep:pron="ɪts">its</w>
                  <c> </c>
                  <w xml:id="o5247-048230"
                     n="43-a-0490"
                     ecep:lem="bosom"
                     ecep:pos="n1"
                     ecep:reg="Bosom"
                     ecep:spe="Bosom"
                     ecep:syllab="2"
                     ecep:pron="ˈbʊzm">Bosom</w>
                  <c> </c>
                  <w xml:id="o5247-048240"
                     n="43-a-0500"
                     ecep:lem="sleep"
                     ecep:pos="vvz"
                     ecep:reg="sleeps"
                     ecep:spe="sleeps"
                     ecep:syllab="1"
                     ecep:pron="sliːps">sleeps</w>
                  <pc xml:id="o5247-048250"
                      n="43-a-0510"
                      unit="sentence"
                      ecep:lem="."
                      ecep:pos="."
                      ecep:reg="."
                      ecep:spe=".">.</pc>
                  <c> </c>
               </l>
               <l xml:id="o5247-l02475">
                  <w xml:id="o5247-048260"
                     n="43-a-0520"
                     ecep:lem="oh"
                     ecep:pos="uh"
                     ecep:reg="O"
                     ecep:spe="Oh"
                     ecep:syllab="1"
                     ecep:pron="əʊ">Oh</w>
                  <c> </c>
                  <w xml:id="o5247-048270"
                     n="43-a-0530"
                     ecep:lem="can"
                     ecep:pos="vmd2"
                     ecep:reg="couldst"
                     ecep:spe="couldst"
                     ecep:syllab="1"
                     ecep:pron="kʊdst">couldst</w>
                  <c> </c>
                  <w xml:id="o5247-048280"
                     n="43-a-0540"
                     ecep:lem="thou"
                     ecep:pos="pns21"
                     ecep:reg="thou"
                     ecep:spe="thou"
                     ecep:syllab="1"
                     ecep:pron="θaʊ">thou</w>
                  <c> </c>
                  <w xml:id="o5247-048290"
                     n="43-a-0550"
                     ecep:lem="teach"
                     ecep:pos="vvi"
                     ecep:reg="teach"
                     ecep:spe="teach"
                     ecep:syllab="1"
                     ecep:pron="tiːtʃ">teach</w>
                  <c> </c>
                  <w xml:id="o5247-048300"
                     n="43-a-0560"
                     ecep:lem="the"
                     ecep:pos="dt"
                     ecep:reg="the"
                     ecep:spe="the"
                     ecep:syllab="1"
                     ecep:pron="ðiː">the</w>
                  <c> </c>
                  <w xml:id="o5247-048310"
                     n="43-a-0570"
                     ecep:lem="torture"
                     ecep:pos="j-vvn"
                     ecep:reg="tortured"
                     ecep:spe="tortur'd"
                     ecep:syllab="2"
                     ecep:pron="ˈtɔːtʃəd">tortur'd</w>
                  <c> </c>
                  <w xml:id="o5247-048320"
                     n="43-a-0580"
                     ecep:lem="soul"
                     ecep:pos="n1"
                     ecep:reg="Soul"
                     ecep:spe="Soul"
                     ecep:syllab="1"
                     ecep:pron="səʊl">Soul</w>
                  <c> </c>
                  <w xml:id="o5247-048330"
                     n="43-a-0590"
                     ecep:lem="to"
                     ecep:pos="pc-acp"
                     ecep:reg="to"
                     ecep:spe="to"
                     ecep:syllab="1"
                     ecep:pron="tuː">to</w>
                  <c> </c>
                  <w xml:id="o5247-048340"
                     n="43-a-0600"
                     ecep:lem="know"
                     ecep:pos="vvi"
                     ecep:reg="know"
                     ecep:spe="know"
                     ecep:syllab="1"
                     ecep:pron="nəʊ">know</w>
                  <pc xml:id="o5247-048350"
                      n="43-a-0610"
                      ecep:lem=","
                      ecep:pos=","
                      ecep:reg=","
                      ecep:spe=",">,</pc>
               </l>
               <l xml:id="o5247-l02480">
                  <c> </c>
                  <w xml:id="o5247-048360"
                     n="43-a-0620"
                     ecep:lem="with"
                     ecep:pos="p-acp"
                     ecep:reg="With"
                     ecep:spe="With"
                     ecep:syllab="1"
                     ecep:pron="wɪð">With</w>
                  <c> </c>
                  <w xml:id="o5247-048370"
                     n="43-a-0630"
                     ecep:lem="patience"
                     ecep:pos="n1"
                     ecep:reg="Patience"
                     ecep:spe="Patience"
                     ecep:syllab="2"
                     ecep:pron="ˈpeɪʃns">Patience</w>
                  <pc xml:id="o5247-048380"
                      n="43-a-0640"
                      ecep:lem=","
                      ecep:pos=","
                      ecep:reg=","
                      ecep:spe=",">,</pc>
                  <c> </c>
                  <w xml:id="o5247-048390"
                     n="43-a-0650"
                     ecep:lem="each"
                     ecep:pos="d"
                     ecep:reg="each"
                     ecep:spe="each"
                     ecep:syllab="1"
                     ecep:pron="iːtʃ">each</w>
                  <c> </c>
                  <w xml:id="o5247-048400"
                     n="43-a-0660"
                     ecep:lem="extreme"
                     ecep:pos="j-jn"
                     ecep:reg="Extreme"
                     ecep:spe="Extream"
                     ecep:syllab="2"
                     ecep:pron="ekstrˈiːm">Extream</w>
                  <c> </c>
                  <w xml:id="o5247-048410"
                     n="43-a-0670"
                     ecep:lem="of"
                     ecep:pos="pp-f"
                     ecep:reg="of"
                     ecep:spe="of"
                     ecep:syllab="1"
                     ecep:pron="ɒv">of</w>
                  <c> </c>
                  <w xml:id="o5247-048420"
                     n="43-a-0680"
                     ecep:lem="human"
                     ecep:pos="j"
                     ecep:reg="human"
                     ecep:spe="human"
                     ecep:syllab="2"
                     ecep:pron="ˈhjuːmən">human</w>
                  <c> </c>
                  <w xml:id="o5247-048430"
                     n="43-a-0690"
                     ecep:lem="woe"
                     ecep:pos="n1"
                     ecep:reg="Woe"
                     ecep:spe="Woe"
                     ecep:syllab="1"
                     ecep:pron="wəʊ">Woe</w>
                  <pc xml:id="o5247-048440"
                      n="43-a-0700"
                      ecep:lem=";"
                      ecep:pos=";"
                      ecep:reg=";"
                      ecep:spe=";">;</pc>
               </l>
               <l xml:id="o5247-l02485">
                  <c> </c>
                  <w xml:id="o5247-048450"
                     n="43-a-0710"
                     ecep:lem="to"
                     ecep:pos="pc-acp"
                     ecep:reg="To"
                     ecep:spe="To"
                     ecep:syllab="1"
                     ecep:pron="tuː">To</w>
                  <c> </c>
                  <w xml:id="o5247-048460"
                     n="43-a-0720"
                     ecep:lem="bear"
                     ecep:pos="vvi"
                     ecep:reg="bear"
                     ecep:spe="bear"
                     ecep:syllab="1"
                     ecep:pron="beə">bear</w>
                  <c> </c>
                  <w xml:id="o5247-048470"
                     n="43-a-0730"
                     ecep:lem="with"
                     ecep:pos="p-acp"
                     ecep:reg="with"
                     ecep:spe="with"
                     ecep:syllab="1"
                     ecep:pron="wɪð">with</w>
                  <c> </c>
                  <w xml:id="o5247-048480"
                     n="43-a-0740"
                     ecep:lem="ill"
                     ecep:pos="n2-jn"
                     ecep:reg="Ills"
                     ecep:spe="Ills"
                     ecep:syllab="1"
                     ecep:pron="ɪlz">Ills</w>
                  <pc xml:id="o5247-048490"
                      n="43-a-0750"
                      ecep:lem=","
                      ecep:pos=","
                      ecep:reg=","
                      ecep:spe=",">,</pc>
                  <c> </c>
                  <w xml:id="o5247-048500"
                     n="43-a-0760"
                     ecep:lem="and"
                     ecep:pos="cc"
                     ecep:reg="and"
                     ecep:spe="and"
                     ecep:syllab="1"
                     ecep:pron="ænd">and</w>
                  <c> </c>
                  <w xml:id="o5247-048510"
                     n="43-a-0770"
                     ecep:lem="unrepining"
                     ecep:pos="j"
                     ecep:reg="unrepining"
                     ecep:spe="unrepining"
                     ecep:syllab="4"
                     ecep:pron="ˌʌnrɪˈpaɪnɪŋ">unrepining</w>
                  <c> </c>
                  <w xml:id="o5247-048520"
                     n="43-a-0780"
                     ecep:lem="prove"
                     ecep:pos="vvi"
                     ecep:reg="prove"
                     ecep:spe="prove"
                     ecep:syllab="1"
                     ecep:pron="pruːv">prove</w>
               </l>
               <l xml:id="o5247-l02490">
                  <c> </c>
                  <w xml:id="o5247-048530"
                     n="43-a-0790"
                     ecep:lem="the"
                     ecep:pos="dt"
                     ecep:reg="The"
                     ecep:spe="The"
                     ecep:syllab="1"
                     ecep:pron="ðiː">The</w>
                  <c> </c>
                  <w xml:id="o5247-048540"
                     n="43-a-0800"
                     ecep:lem="frown"
                     ecep:pos="n2"
                     ecep:reg="Frowns"
                     ecep:spe="Frowns"
                     ecep:syllab="1"
                     ecep:pron="fraʊnz">Frowns</w>
                  <c> </c>
                  <w xml:id="o5247-048550"
                     n="43-a-0810"
                     ecep:lem="of"
                     ecep:pos="pp-f"
                     ecep:reg="of"
                     ecep:spe="of"
                     ecep:syllab="1"
                     ecep:pron="ɒv">of</w>
                  <c> </c>
                  <w xml:id="o5247-048560"
                     n="43-a-0820"
                     ecep:lem="fortune"
                     ecep:pos="n1"
                     ecep:reg="Fortune"
                     ecep:spe="Fortune"
                     ecep:syllab="2"
                     ecep:pron="ˈfɔːtʃuːn">Fortune</w>
                  <pc xml:id="o5247-048570"
                      n="43-a-0830"
                      ecep:lem=","
                      ecep:pos=","
                      ecep:reg=","
                      ecep:spe=",">,</pc>
                  <c> </c>
                  <w xml:id="o5247-048580"
                     n="43-a-0840"
                     ecep:lem="and"
                     ecep:pos="cc"
                     ecep:reg="and"
                     ecep:spe="and"
                     ecep:syllab="1"
                     ecep:pron="ænd">and</w>
                  <c> </c>
                  <w xml:id="o5247-048590"
                     n="43-a-0850"
                     ecep:lem="the"
                     ecep:pos="dt"
                     ecep:reg="the"
                     ecep:spe="the"
                     ecep:syllab="1"
                     ecep:pron="ðiː">the</w>
                  <c> </c>
                  <w xml:id="o5247-048600"
                     n="43-a-0860"
                     ecep:lem="rack"
                     ecep:pos="n2"
                     ecep:reg="Racks"
                     ecep:spe="Racks"
                     ecep:syllab="1"
                     ecep:pron="ræks">Racks</w>
                  <c> </c>
                  <w xml:id="o5247-048610"
                     n="43-a-0870"
                     ecep:lem="of"
                     ecep:pos="pp-f"
                     ecep:reg="of"
                     ecep:spe="of"
                     ecep:syllab="1"
                     ecep:pron="ɒv">of</w>
                  <c> </c>
                  <w xml:id="o5247-048620"
                     n="43-a-0880"
                     ecep:lem="love"
                     ecep:pos="n1"
                     ecep:reg="Love"
                     ecep:spe="Love"
                     ecep:syllab="1"
                     ecep:pron="lʌv">Love</w>
                  <pc xml:id="o5247-048630"
                      n="43-a-0890"
                      ecep:lem=":"
                      ecep:pos=":"
                      ecep:reg=":"
                      ecep:spe=":">:</pc>
               </l>
               <l xml:id="o5247-l02495">
                  <c> </c>
                  <w xml:id="o5247-048640"
                     n="43-a-0900"
                     ecep:lem="still"
                     ecep:pos="av"
                     ecep:reg="Still"
                     ecep:spe="Still"
                     ecep:syllab="1"
                     ecep:pron="stɪl">Still</w>
                  <c> </c>
                  <w xml:id="o5247-048650"
                     n="43-a-0910"
                     ecep:lem="shall"
                     ecep:pos="vmd"
                     ecep:reg="should"
                     ecep:spe="should"
                     ecep:syllab="1"
                     ecep:pron="ʃʊd">should</w>
                  <c> </c>
                  <w xml:id="o5247-048660"
                     n="43-a-0920"
                     ecep:lem="my"
                     ecep:pos="po11"
                     ecep:reg="my"
                     ecep:spe="my"
                     ecep:syllab="1"
                     ecep:pron="maɪ">my</w>
                  <c> </c>
                  <w xml:id="o5247-048670"
                     n="43-a-0930"
                     ecep:lem="breast"
                     ecep:pos="n1"
                     ecep:reg="Breast"
                     ecep:spe="Breast"
                     ecep:syllab="1"
                     ecep:pron="brest">Breast</w>
                  <c> </c>
                  <w xml:id="o5247-048680"
                     n="43-a-0940"
                     ecep:lem="some"
                     ecep:pos="d"
                     ecep:reg="some"
                     ecep:spe="some"
                     ecep:syllab="1"
                     ecep:pron="sʌm">some</w>
                  <c> </c>
                  <w xml:id="o5247-048690"
                     n="43-a-0950"
                     ecep:lem="quiet"
                     ecep:pos="j-jn"
                     ecep:reg="quiet"
                     ecep:spe="quiet"
                     ecep:syllab="2"
                     ecep:pron="kwæət">quiet</w>
                  <c> </c>
                  <w xml:id="o5247-048700"
                     n="43-a-0960"
                     ecep:lem="moment"
                     ecep:pos="n2"
                     ecep:reg="Moments"
                     ecep:spe="Moments"
                     ecep:syllab="2"
                     ecep:pron="ˈməʊmənts">Moments</w>
                  <c> </c>
                  <w xml:id="o5247-048710"
                     n="43-a-0970"
                     ecep:lem="share"
                     ecep:pos="vvi"
                     ecep:reg="share"
                     ecep:spe="share"
                     ecep:syllab="1"
                     ecep:pron="ʃeə">share</w>
                  <pc xml:id="o5247-048720"
                      n="43-a-0980"
                      ecep:lem=","
                      ecep:pos=","
                      ecep:reg=","
                      ecep:spe=",">,</pc>
               </l>
               <l xml:id="o5247-l02500">
                  <c> </c>
                  <w xml:id="o5247-048730"
                     n="43-a-0990"
                     ecep:lem="still"
                     ecep:pos="av"
                     ecep:reg="Still"
                     ecep:spe="Still"
                     ecep:syllab="1"
                     ecep:pron="stɪl">Still</w>
                  <c> </c>
                  <w xml:id="o5247-048740"
                     n="43-a-1000"
                     ecep:lem="rise"
                     ecep:pos="vvb"
                     ecep:reg="rise"
                     ecep:spe="rise"
                     ecep:syllab="1"
                     ecep:pron="raɪz">rise</w>
                  <c> </c>
                  <w xml:id="o5247-048750"
                     n="43-a-1010"
                     ecep:lem="superior"
                     ecep:pos="j-jn"
                     ecep:reg="superior"
                     ecep:spe="superior"
                     ecep:syllab="4"
                     ecep:pron="suːˈpɪəriə">superior</w>
                  <c> </c>
                  <w xml:id="o5247-048760"
                     n="43-a-1020"
                     ecep:lem="to"
                     ecep:pos="p-acp"
                     ecep:reg="to"
                     ecep:spe="to"
                     ecep:syllab="1"
                     ecep:pron="tuː">to</w>
                  <c> </c>
                  <w xml:id="o5247-048770"
                     n="43-a-1030"
                     ecep:lem="each"
                     ecep:pos="d"
                     ecep:reg="each"
                     ecep:spe="each"
                     ecep:syllab="1"
                     ecep:pron="iːtʃ">each</w>
                  <c> </c>
                  <w xml:id="o5247-048780"
                     n="43-a-1040"
                     ecep:lem="threaten"
                     ecep:pos="j-vvg"
                     ecep:reg="threatening"
                     ecep:spe="threatning"
                     ecep:syllab="2"
                     ecep:pron="θrˈetənɪŋ">threatning</w>
                  <c> </c>
                  <w xml:id="o5247-048790"
                     n="43-a-1050"
                     ecep:lem="care"
                     ecep:pos="n1"
                     ecep:reg="Care"
                     ecep:spe="Care"
                     ecep:syllab="1"
                     ecep:pron="keə">Care</w>
                  <pc xml:id="o5247-048800"
                      n="43-a-1060"
                      ecep:lem=":"
                      ecep:pos=":"
                      ecep:reg=":"
                      ecep:spe=":">:</pc>
               </l>
               <l xml:id="o5247-l02505">
                  <c> </c>
                  <w xml:id="o5247-048810"
                     n="43-a-1070"
                     ecep:lem="nor"
                     ecep:pos="ccx"
                     ecep:reg="Nor"
                     ecep:spe="Nor"
                     ecep:syllab="1"
                     ecep:pron="nɔː">Nor</w>
                  <c> </c>
                  <w xml:id="o5247-048820"
                     n="43-a-1080"
                     ecep:lem="fear"
                     ecep:pos="vvb"
                     ecep:reg="fear"
                     ecep:spe="fear"
                     ecep:syllab="1"
                     ecep:pron="fɪə">fear</w>
                  <c> </c>
                  <w xml:id="o5247-048830"
                     n="43-a-1090"
                     ecep:lem="approach"
                     ecep:pos="vvg"
                     ecep:reg="approaching"
                     ecep:spe="approaching"
                     ecep:syllab="3"
                     ecep:pron="əˈprəʊtʃɪŋ">approaching</w>
                  <c> </c>
                  <w xml:id="o5247-048840"
                     n="43-a-1100"
                     ecep:lem="ill"
                     ecep:pos="n2-jn"
                     ecep:reg="Ills"
                     ecep:spe="Ills"
                     ecep:syllab="1"
                     ecep:pron="ɪlz">Ills</w>
                  <pc xml:id="o5247-048850"
                      n="43-a-1110"
                      ecep:lem=","
                      ecep:pos=","
                      ecep:reg=","
                      ecep:spe=",">,</pc>
                  <c> </c>
                  <w xml:id="o5247-048860"
                     n="43-a-1120"
                     ecep:lem="or"
                     ecep:pos="cc"
                     ecep:reg="or"
                     ecep:spe="or"
                     ecep:syllab="1"
                     ecep:pron="ɔː">or</w>
                  <c> </c>
                  <w xml:id="o5247-048870"
                     n="43-a-1130"
                     ecep:lem="distant"
                     ecep:pos="j"
                     ecep:reg="distant"
                     ecep:spe="distant"
                     ecep:syllab="2"
                     ecep:pron="ˈdɪstnt">distant</w>
                  <c> </c>
                  <w xml:id="o5247-048880"
                     n="43-a-1140"
                     ecep:lem="woe"
                     ecep:pos="n2"
                     ecep:reg="Woes"
                     ecep:spe="Woes"
                     ecep:syllab="1"
                     ecep:pron="wəʊz">Woes</w>
                  <pc xml:id="o5247-048890"
                      n="43-a-1150"
                      ecep:lem=","
                      ecep:pos=","
                      ecep:reg=","
                      ecep:spe=",">,</pc>
               </l>
               <l xml:id="o5247-l02510">
                  <c> </c>
                  <w xml:id="o5247-048900"
                     n="43-a-1160"
                     ecep:lem="but"
                     ecep:pos="cc-acp"
                     ecep:reg="But"
                     ecep:spe="But"
                     ecep:syllab="1"
                     ecep:pron="bʌt">But</w>
                  <c> </c>
                  <w xml:id="o5247-048910"
                     n="43-a-1170"
                     ecep:lem="in"
                     ecep:pos="p-acp"
                     ecep:reg="in"
                     ecep:spe="in"
                     ecep:syllab="1"
                     ecep:pron="ɪn">in</w>
                  <c> </c>
                  <hi>
                     <w xml:id="o5247-048920.1"
                        n="43-a-1180"
                        rend="plain_apostrophe"
                        ecep:lem="philander"
                        ecep:pos="npg1"
                        ecep:reg="Philander's"
                        ecep:spe="Philander's"
                        ecep:syllab="3"
                        ecep:pron="fɪˈlændəz">Philander's</w>
                  </hi>
                  <c> </c>
                  <w xml:id="o5247-048930"
                     n="43-a-1190"
                     ecep:lem="absence"
                     ecep:pos="n1"
                     ecep:reg="Absence"
                     ecep:spe="Absence"
                     ecep:syllab="2"
                     ecep:pron="ˈæbsns">Absence</w>
                  <c> </c>
                  <w xml:id="o5247-048940"
                     n="43-a-1200"
                     ecep:lem="find"
                     ecep:pos="vvi"
                     ecep:reg="find"
                     ecep:spe="find"
                     ecep:syllab="1"
                     ecep:pron="faɪnd">find</w>
                  <c> </c>
                  <w xml:id="o5247-048950"
                     n="43-a-1210"
                     ecep:lem="repose"
                     ecep:pos="n1"
                     ecep:reg="Repose"
                     ecep:spe="Repose"
                     ecep:syllab="2"
                     ecep:pron="rɪˈpəʊz">Repose</w>
                  <pc xml:id="o5247-048960"
                      n="43-a-1220"
                      unit="sentence"
                      ecep:lem="."
                      ecep:pos="."
                      ecep:reg="."
                      ecep:spe=".">.</pc>
                  <c> </c>
               </l>
            </lg>
         </div>
      </body>
   </text>
</TEI>
