<?xml version="1.0" encoding="utf-8"?>
<!DOCTYPE div
  SYSTEM "about:legacy-compat">
<div xmlns:ecep="http://www.eighteenthcenturypoetry.org/ns"
     xmlns="http://www.tei-c.org/ns/1.0"
     xmlns:tei="http://www.tei-c.org/ns/1.0"
     ana="#iamb #tetrameter #trimeter #quatrain #cross #hymn"
     corresp="#txt_WattIs1674_w0025"
     decls="#semi-normalized"
     ecep:syllab="8.6.8.6"
     met="-+|-+|-+|-+/ -+|-+|-+/ -+|-+|-+|-+/ -+|-+|-+/"
     rendition="#lgvspace"
     rhyme="abab"
     subtype="eceptext"
     type="poem"
     xml:id="o4672-w0250">
   <link target="authors.xml#aut_WattIs1674" type="author"/>
   <head type="main">
      <w xml:id="o4672-128870"
         n="o4672/0095-a-0010"
         ecep:lem="god"
         ecep:pos="n1"
         ecep:reg="GOD"
         ecep:spe="GOD"
         ecep:syllab="1"
         ecep:pron="gɒd">GOD</w>
      <c> </c>
      <w xml:id="o4672-128880"
         n="o4672/0095-a-0020"
         ecep:lem="sovereign"
         ecep:pos="j-jn"
         ecep:reg="Sovereign"
         ecep:spe="Sovereign"
         ecep:syllab="2"
         ecep:pron="ˈsɒvrɪn">Sovereign</w>
      <c> </c>
      <w xml:id="o4672-128890"
         n="o4672/0095-a-0030"
         ecep:lem="and"
         ecep:pos="cc"
         ecep:reg="and"
         ecep:spe="and"
         ecep:syllab="1"
         ecep:pron="ænd">and</w>
      <c> </c>
      <w xml:id="o4672-128900"
         n="o4672/0095-a-0040"
         ecep:lem="gracious"
         ecep:pos="j"
         ecep:reg="Gracious"
         ecep:spe="Gracious"
         ecep:syllab="2"
         ecep:pron="ˈgreɪʃəs">Gracious</w>
      <pc xml:id="o4672-128910"
          n="o4672/0095-a-0050"
          unit="sentence"
          ecep:lem="."
          ecep:pos="."
          ecep:reg="."
          ecep:spe=".">.</pc>
   </head>
   <lg n="1" xml:id="o4672-s01260">
      <head>
         <w xml:id="o4672-128950"
            n="o4672/0095-a-0060"
            ecep:lem="i"
            ecep:pos="pns11"
            ecep:reg="I"
            ecep:spe="I."
            ecep:syllab="1"
            ecep:pron="ˈaɪ">I.</w>
         <pc unit="sentence" xml:id="o4672-128950-eos" n="o4672/0095-a-0070"/>
      </head>
      <l xml:id="o4672-l04945">
         <w xml:id="o4672-128970"
            n="o4672/0095-a-0080"
            ecep:lem="the"
            ecep:pos="dt"
            ecep:reg="THE"
            ecep:spe="THE"
            ecep:syllab="1"
            ecep:pron="ðiː">THE</w>
         <c> </c>
         <w xml:id="o4672-128980"
            n="o4672/0095-a-0090"
            ecep:lem="lord"
            ecep:pos="n1"
            ecep:reg="Lord"
            ecep:spe="Lord"
            ecep:syllab="1"
            ecep:pron="lɔːd">Lord</w>
         <pc xml:id="o4672-128990"
             n="o4672/0095-a-0100"
             ecep:lem="!"
             ecep:pos="!"
             ecep:reg="!"
             ecep:spe="!">!</pc>
         <c> </c>
         <w xml:id="o4672-129000"
            n="o4672/0095-a-0110"
            ecep:lem="how"
            ecep:pos="q-crq"
            ecep:reg="how"
            ecep:spe="how"
            ecep:syllab="1"
            ecep:pron="haʊ">how</w>
         <c> </c>
         <w xml:id="o4672-129010"
            n="o4672/0095-a-0120"
            ecep:lem="fearful"
            ecep:pos="j"
            ecep:reg="fearful"
            ecep:spe="fearful"
            ecep:syllab="2"
            ecep:pron="ˈfɪəfl">fearful</w>
         <c> </c>
         <w xml:id="o4672-129020"
            n="o4672/0095-a-0130"
            ecep:lem="be"
            ecep:pos="vbz"
            ecep:reg="is"
            ecep:spe="is"
            ecep:syllab="1"
            ecep:pron="ɪz">is</w>
         <c> </c>
         <w xml:id="o4672-129030"
            n="o4672/0095-a-0140"
            ecep:lem="his"
            ecep:pos="po31"
            ecep:reg="his"
            ecep:spe="his"
            ecep:syllab="1"
            ecep:pron="hɪz">his</w>
         <c> </c>
         <w xml:id="o4672-129040"
            n="o4672/0095-a-0150"
            ecep:lem="name"
            ecep:pos="n1"
            ecep:reg="Name"
            ecep:spe="Name"
            ecep:syllab="1"
            ecep:pron="neɪm">Name</w>
         <pc xml:id="o4672-129050"
             n="o4672/0095-a-0160"
             unit="sentence"
             ecep:lem="?"
             ecep:pos="?"
             ecep:reg="?"
             ecep:spe="?">?</pc>
         <c> </c>
      </l>
      <l xml:id="o4672-l04950">
         <w xml:id="o4672-129060"
            n="o4672/0095-a-0170"
            ecep:lem="how"
            ecep:pos="q-crq"
            ecep:reg="How"
            ecep:spe="How"
            ecep:syllab="1"
            ecep:pron="haʊ">How</w>
         <c> </c>
         <w xml:id="o4672-129070"
            n="o4672/0095-a-0180"
            ecep:lem="wide"
            ecep:pos="j"
            ecep:reg="wide"
            ecep:spe="wide"
            ecep:syllab="1"
            ecep:pron="waɪd">wide</w>
         <c> </c>
         <w xml:id="o4672-129080"
            n="o4672/0095-a-0190"
            ecep:lem="be"
            ecep:pos="vbz"
            ecep:reg="is"
            ecep:spe="is"
            ecep:syllab="1"
            ecep:pron="ɪz">is</w>
         <c> </c>
         <w xml:id="o4672-129090"
            n="o4672/0095-a-0200"
            ecep:lem="his"
            ecep:pos="po31"
            ecep:reg="his"
            ecep:spe="his"
            ecep:syllab="1"
            ecep:pron="hɪz">his</w>
         <c> </c>
         <w xml:id="o4672-129100"
            n="o4672/0095-a-0210"
            ecep:lem="command"
            ecep:pos="n1"
            ecep:reg="Command"
            ecep:spe="Command"
            ecep:syllab="2"
            ecep:pron="kəˈmɑːnd">Command</w>
         <pc xml:id="o4672-129110"
             n="o4672/0095-a-0220"
             unit="sentence"
             ecep:lem="?"
             ecep:pos="?"
             ecep:reg="?"
             ecep:spe="?">?</pc>
         <c> </c>
      </l>
      <l xml:id="o4672-l04955">
         <w xml:id="o4672-129120"
            n="o4672/0095-a-0230"
            ecep:lem="nature"
            ecep:pos="n1"
            ecep:reg="Nature"
            ecep:spe="Nature"
            ecep:syllab="2"
            ecep:pron="ˈneɪtʃə">Nature</w>
         <c> </c>
         <w xml:id="o4672-129130"
            n="o4672/0095-a-0240"
            ecep:lem="with"
            ecep:pos="p-acp"
            ecep:reg="with"
            ecep:spe="with"
            ecep:syllab="1"
            ecep:pron="wɪð">with</w>
         <c> </c>
         <w xml:id="o4672-129140"
            n="o4672/0095-a-0250"
            ecep:lem="all"
            ecep:pos="d"
            ecep:reg="all"
            ecep:spe="all"
            ecep:syllab="1"
            ecep:pron="ɔːl">all</w>
         <c> </c>
         <w xml:id="o4672-129150"
            n="o4672/0095-a-0260"
            ecep:lem="its"
            ecep:pos="po31"
            ecep:reg="its"
            ecep:spe="its"
            ecep:syllab="1"
            ecep:pron="ɪts">its</w>
         <c> </c>
         <w xml:id="o4672-129160"
            n="o4672/0095-a-0270"
            ecep:lem="mighty"
            ecep:pos="j"
            ecep:reg="Mighty"
            ecep:spe="Mighty"
            ecep:syllab="2"
            ecep:pron="ˈmaɪti">Mighty</w>
         <c> </c>
         <w xml:id="o4672-129170"
            n="o4672/0095-a-0280"
            ecep:lem="frame"
            ecep:pos="n1"
            ecep:reg="Frame"
            ecep:spe="Frame"
            ecep:syllab="1"
            ecep:pron="freɪm">Frame</w>
      </l>
      <l xml:id="o4672-l04960">
         <c> </c>
         <w xml:id="o4672-129180"
            n="o4672/0095-a-0290"
            ecep:lem="lie"
            ecep:pos="vvz"
            ecep:reg="Lies"
            ecep:spe="Lies"
            ecep:syllab="1"
            ecep:pron="laɪz">Lies</w>
         <c> </c>
         <w xml:id="o4672-129190"
            n="o4672/0095-a-0300"
            ecep:lem="roll"
            ecep:pos="vvg"
            ecep:reg="rolling"
            ecep:spe="rolling"
            ecep:syllab="2"
            ecep:pron="ˈrəʊlɪŋ">rolling</w>
         <c> </c>
         <w xml:id="o4672-129200"
            n="o4672/0095-a-0310"
            ecep:lem="in"
            ecep:pos="p-acp"
            ecep:reg="in"
            ecep:spe="in"
            ecep:syllab="1"
            ecep:pron="ɪn">in</w>
         <c> </c>
         <w xml:id="o4672-129210"
            n="o4672/0095-a-0320"
            ecep:lem="his"
            ecep:pos="po31"
            ecep:reg="his"
            ecep:spe="his"
            ecep:syllab="1"
            ecep:pron="hɪz">his</w>
         <c> </c>
         <w xml:id="o4672-129220"
            n="o4672/0095-a-0330"
            ecep:lem="hand"
            ecep:pos="n1"
            ecep:reg="Hand"
            ecep:spe="Hand"
            ecep:syllab="1"
            ecep:pron="hænd">Hand</w>
         <pc xml:id="o4672-129230"
             n="o4672/0095-a-0340"
             unit="sentence"
             ecep:lem="."
             ecep:pos="."
             ecep:reg="."
             ecep:spe=".">.</pc>
         <c> </c>
      </l>
   </lg>
   <lg n="2" xml:id="o4672-s01265">
      <head>
         <w xml:id="o4672-129270"
            n="o4672/0095-a-0350"
            ecep:lem="ii"
            ecep:pos="crd"
            ecep:reg="II"
            ecep:spe="II"
            ecep:syllab="1"
            ecep:pron="rˌəʊməntˈuː">II</w>
         <pc xml:id="o4672-129280"
             n="o4672/0095-a-0360"
             unit="sentence"
             ecep:lem="."
             ecep:pos="."
             ecep:reg="."
             ecep:spe=".">.</pc>
      </head>
      <l xml:id="o4672-l04965">
         <w xml:id="o4672-129300"
            n="o4672/0095-a-0370"
            ecep:lem="immortal"
            ecep:pos="j"
            ecep:reg="Immortal"
            ecep:spe="Immortal"
            ecep:syllab="3"
            ecep:pron="ɪˈmɔːtl">Immortal</w>
         <c> </c>
         <w xml:id="o4672-129310"
            n="o4672/0095-a-0380"
            ecep:lem="glory"
            ecep:pos="n1"
            ecep:reg="Glory"
            ecep:spe="Glory"
            ecep:syllab="2"
            ecep:pron="ˈglɔːri">Glory</w>
         <c> </c>
         <w xml:id="o4672-129320"
            n="o4672/0095-a-0390"
            ecep:lem="form"
            ecep:pos="vvz"
            ecep:reg="forms"
            ecep:spe="forms"
            ecep:syllab="1"
            ecep:pron="fɔːmz">forms</w>
         <c> </c>
         <w xml:id="o4672-129330"
            n="o4672/0095-a-0400"
            ecep:lem="his"
            ecep:pos="po31"
            ecep:reg="his"
            ecep:spe="his"
            ecep:syllab="1"
            ecep:pron="hɪz">his</w>
         <c> </c>
         <w xml:id="o4672-129340"
            n="o4672/0095-a-0410"
            ecep:lem="throne"
            ecep:pos="n1"
            ecep:reg="Throne"
            ecep:spe="Throne"
            ecep:syllab="1"
            ecep:pron="θrəʊn">Throne</w>
         <pc xml:id="o4672-129350"
             n="o4672/0095-a-0420"
             ecep:lem=","
             ecep:pos=","
             ecep:reg=","
             ecep:spe=",">,</pc>
      </l>
      <l xml:id="o4672-l04970">
         <c> </c>
         <w xml:id="o4672-129360"
            n="o4672/0095-a-0430"
            ecep:lem="and"
            ecep:pos="cc"
            ecep:reg="And"
            ecep:spe="And"
            ecep:syllab="1"
            ecep:pron="ænd">And</w>
         <c> </c>
         <w xml:id="o4672-129370"
            n="o4672/0095-a-0440"
            ecep:lem="light"
            ecep:pos="vvb"
            ecep:reg="Light"
            ecep:spe="Light"
            ecep:syllab="1"
            ecep:pron="laɪt">Light</w>
         <c> </c>
         <w xml:id="o4672-129380"
            n="o4672/0095-a-0450"
            ecep:lem="his"
            ecep:pos="po31"
            ecep:reg="his"
            ecep:spe="his"
            ecep:syllab="1"
            ecep:pron="hɪz">his</w>
         <c> </c>
         <w xml:id="o4672-129390"
            n="o4672/0095-a-0460"
            ecep:lem="awful"
            ecep:pos="j"
            ecep:reg="Awful"
            ecep:spe="Awful"
            ecep:syllab="2"
            ecep:pron="ˈɔːfl">Awful</w>
         <c> </c>
         <w xml:id="o4672-129400"
            n="o4672/0095-a-0470"
            ecep:lem="robe"
            ecep:pos="n1"
            ecep:reg="Robe"
            ecep:spe="Robe"
            ecep:syllab="1"
            ecep:pron="rəʊb">Robe</w>
         <pc xml:id="o4672-129410"
             n="o4672/0095-a-0480"
             ecep:lem=";"
             ecep:pos=";"
             ecep:reg=";"
             ecep:spe=";">;</pc>
      </l>
      <l xml:id="o4672-l04975">
         <c> </c>
         <w xml:id="o4672-129420"
            n="o4672/0095-a-0490"
            ecep:lem="while"
            ecep:pos="cs"
            ecep:reg="While"
            ecep:spe="Whilst"
            ecep:syllab="1"
            ecep:pron="waɪlst">Whilst</w>
         <c> </c>
         <w xml:id="o4672-129430"
            n="o4672/0095-a-0500"
            ecep:lem="with"
            ecep:pos="p-acp"
            ecep:reg="with"
            ecep:spe="with"
            ecep:syllab="1"
            ecep:pron="wɪð">with</w>
         <c> </c>
         <w xml:id="o4672-129440"
            n="o4672/0095-a-0510"
            ecep:lem="a"
            ecep:pos="dt"
            ecep:reg="a"
            ecep:spe="a"
            ecep:syllab="1"
            ecep:pron="ə">a</w>
         <c> </c>
         <w xml:id="o4672-129450"
            n="o4672/0095-a-0520"
            ecep:lem="smile"
            ecep:pos="n1"
            ecep:reg="Smile"
            ecep:spe="Smile"
            ecep:syllab="1"
            ecep:pron="smaɪl">Smile</w>
         <c> </c>
         <w xml:id="o4672-129460"
            n="o4672/0095-a-0530"
            ecep:lem="or"
            ecep:pos="cc"
            ecep:reg="or"
            ecep:spe="or"
            ecep:syllab="1"
            ecep:pron="ɔː">or</w>
         <c> </c>
         <w xml:id="o4672-129470"
            n="o4672/0095-a-0540"
            ecep:lem="with"
            ecep:pos="p-acp"
            ecep:reg="with"
            ecep:spe="with"
            ecep:syllab="1"
            ecep:pron="wɪð">with</w>
         <c> </c>
         <w xml:id="o4672-129480"
            n="o4672/0095-a-0550"
            ecep:lem="a"
            ecep:pos="dt"
            ecep:reg="a"
            ecep:spe="a"
            ecep:syllab="1"
            ecep:pron="ə">a</w>
         <c> </c>
         <w xml:id="o4672-129490"
            n="o4672/0095-a-0560"
            ecep:lem="frown"
            ecep:pos="n1"
            ecep:reg="Frown"
            ecep:spe="Frown"
            ecep:syllab="1"
            ecep:pron="fraʊn">Frown</w>
      </l>
      <l xml:id="o4672-l04980">
         <c> </c>
         <w xml:id="o4672-129500"
            n="o4672/0095-a-0570"
            ecep:lem="he"
            ecep:pos="pns31"
            ecep:reg="He"
            ecep:spe="He"
            ecep:syllab="1"
            ecep:pron="hiː">He</w>
         <c> </c>
         <w xml:id="o4672-129510"
            n="o4672/0095-a-0580"
            ecep:lem="manage"
            ecep:pos="vvz"
            ecep:reg="manages"
            ecep:spe="manages"
            ecep:syllab="3"
            ecep:pron="ˈmænɪdʒɪz">manages</w>
         <c> </c>
         <w xml:id="o4672-129520"
            n="o4672/0095-a-0590"
            ecep:lem="the"
            ecep:pos="dt"
            ecep:reg="the"
            ecep:spe="the"
            ecep:syllab="1"
            ecep:pron="ðiː">the</w>
         <c> </c>
         <w xml:id="o4672-129530"
            n="o4672/0095-a-0600"
            ecep:lem="globe"
            ecep:pos="n1"
            ecep:reg="Globe"
            ecep:spe="Globe"
            ecep:syllab="1"
            ecep:pron="gləʊb">Globe</w>
         <pc xml:id="o4672-129540"
             n="o4672/0095-a-0610"
             unit="sentence"
             ecep:lem="."
             ecep:pos="."
             ecep:reg="."
             ecep:spe=".">.</pc>
         <c> </c>
      </l>
   </lg>
   <lg n="3" xml:id="o4672-s01270">
      <head>
         <w xml:id="o4672-129580"
            n="o4672/0095-a-0620"
            ecep:lem="iii"
            ecep:pos="crd"
            ecep:reg="III"
            ecep:spe="III"
            ecep:syllab="1"
            ecep:pron="rˌəʊmənθrˈiː">III</w>
         <pc xml:id="o4672-129590"
             n="o4672/0095-a-0630"
             unit="sentence"
             ecep:lem="."
             ecep:pos="."
             ecep:reg="."
             ecep:spe=".">.</pc>
      </head>
      <l xml:id="o4672-l04985">
         <w xml:id="o4672-129610"
            n="o4672/0095-a-0640"
            ecep:lem="a"
            ecep:pos="dt"
            ecep:reg="A"
            ecep:spe="A"
            ecep:syllab="1"
            ecep:pron="ə">A</w>
         <c> </c>
         <w xml:id="o4672-129620"
            n="o4672/0095-a-0650"
            ecep:lem="word"
            ecep:pos="n1"
            ecep:reg="Word"
            ecep:spe="Word"
            ecep:syllab="1"
            ecep:pron="wɜːd">Word</w>
         <c> </c>
         <w xml:id="o4672-129630"
            n="o4672/0095-a-0660"
            ecep:lem="of"
            ecep:pos="pp-f"
            ecep:reg="of"
            ecep:spe="of"
            ecep:syllab="1"
            ecep:pron="ɒv">of</w>
         <c> </c>
         <w xml:id="o4672-129640"
            n="o4672/0095-a-0670"
            ecep:lem="his"
            ecep:pos="po31"
            ecep:reg="His"
            ecep:spe="His"
            ecep:syllab="1"
            ecep:pron="hɪz">His</w>
         <c> </c>
         <w xml:id="o4672-129650"
            n="o4672/0095-a-0680"
            ecep:lem="almighty"
            ecep:pos="j-jn"
            ecep:reg="Almighty"
            ecep:spe="Almighty"
            ecep:syllab="3"
            ecep:pron="ˌɔːlˈmaɪti">Almighty</w>
         <c> </c>
         <w xml:id="o4672-129660"
            n="o4672/0095-a-0690"
            ecep:lem="breath"
            ecep:pos="n1"
            ecep:reg="Breath"
            ecep:spe="Breath"
            ecep:syllab="1"
            ecep:pron="breθ">Breath</w>
      </l>
      <l xml:id="o4672-l04990">
         <c> </c>
         <w xml:id="o4672-129670"
            n="o4672/0095-a-0700"
            ecep:lem="can"
            ecep:pos="vmb"
            ecep:reg="Can"
            ecep:spe="Can"
            ecep:syllab="1"
            ecep:pron="kæn">Can</w>
         <c> </c>
         <w xml:id="o4672-129680"
            n="o4672/0095-a-0710"
            ecep:lem="swell"
            ecep:pos="vvi"
            ecep:reg="swell"
            ecep:spe="swell"
            ecep:syllab="1"
            ecep:pron="swel">swell</w>
         <c> </c>
         <w xml:id="o4672-129690"
            n="o4672/0095-a-0720"
            ecep:lem="or"
            ecep:pos="cc"
            ecep:reg="or"
            ecep:spe="or"
            ecep:syllab="1"
            ecep:pron="ɔː">or</w>
         <c> </c>
         <w xml:id="o4672-129700"
            n="o4672/0095-a-0730"
            ecep:lem="sink"
            ecep:pos="vvi"
            ecep:reg="sink"
            ecep:spe="sink"
            ecep:syllab="1"
            ecep:pron="sɪŋk">sink</w>
         <c> </c>
         <w xml:id="o4672-129710"
            n="o4672/0095-a-0740"
            ecep:lem="the"
            ecep:pos="dt"
            ecep:reg="the"
            ecep:spe="the"
            ecep:syllab="1"
            ecep:pron="ðiː">the</w>
         <c> </c>
         <w xml:id="o4672-129720"
            n="o4672/0095-a-0750"
            ecep:lem="sea"
            ecep:pos="n2"
            ecep:reg="Seas"
            ecep:spe="Seas"
            ecep:syllab="1"
            ecep:pron="siːz">Seas</w>
         <pc xml:id="o4672-129730"
             n="o4672/0095-a-0760"
             ecep:lem=";"
             ecep:pos=";"
             ecep:reg=";"
             ecep:spe=";">;</pc>
      </l>
      <l xml:id="o4672-l04995">
         <c> </c>
         <w xml:id="o4672-129740"
            n="o4672/0095-a-0770"
            ecep:lem="build"
            ecep:pos="vvb"
            ecep:reg="Build"
            ecep:spe="Build"
            ecep:syllab="1"
            ecep:pron="bɪld">Build</w>
         <c> </c>
         <w xml:id="o4672-129750"
            n="o4672/0095-a-0780"
            ecep:lem="the"
            ecep:pos="dt"
            ecep:reg="the"
            ecep:spe="the"
            ecep:syllab="1"
            ecep:pron="ðiː">the</w>
         <c> </c>
         <w xml:id="o4672-129760"
            n="o4672/0095-a-0790"
            ecep:lem="vast"
            ecep:pos="j"
            ecep:reg="vast"
            ecep:spe="vast"
            ecep:syllab="1"
            ecep:pron="vɑːst">vast</w>
         <c> </c>
         <w xml:id="o4672-129770"
            n="o4672/0095-a-0800"
            ecep:lem="empire"
            ecep:pos="n2"
            ecep:reg="Empires"
            ecep:spe="Empires"
            ecep:syllab="3"
            ecep:pron="ˈempaɪəz">Empires</w>
         <c> </c>
         <w xml:id="o4672-129780"
            n="o4672/0095-a-0810"
            ecep:lem="of"
            ecep:pos="pp-f"
            ecep:reg="of"
            ecep:spe="of"
            ecep:syllab="1"
            ecep:pron="ɒv">of</w>
         <c> </c>
         <w xml:id="o4672-129790"
            n="o4672/0095-a-0820"
            ecep:lem="the"
            ecep:pos="dt"
            ecep:reg="the"
            ecep:spe="the"
            ecep:syllab="1"
            ecep:pron="ðiː">the</w>
         <c> </c>
         <w xml:id="o4672-129800"
            n="o4672/0095-a-0830"
            ecep:lem="earth"
            ecep:pos="n1"
            ecep:reg="Earth"
            ecep:spe="Earth"
            ecep:syllab="1"
            ecep:pron="ɜːθ">Earth</w>
         <pc xml:id="o4672-129810"
             n="o4672/0095-a-0840"
             ecep:lem=","
             ecep:pos=","
             ecep:reg=","
             ecep:spe=",">,</pc>
      </l>
      <l xml:id="o4672-l05000">
         <c> </c>
         <w xml:id="o4672-129820"
            n="o4672/0095-a-0850"
            ecep:lem="or"
            ecep:pos="cc"
            ecep:reg="Or"
            ecep:spe="Or"
            ecep:syllab="1"
            ecep:pron="ɔː">Or</w>
         <c> </c>
         <w xml:id="o4672-129830"
            n="o4672/0095-a-0860"
            ecep:lem="break"
            ecep:pos="vvi"
            ecep:reg="break"
            ecep:spe="break"
            ecep:syllab="1"
            ecep:pron="breɪk">break</w>
         <c> </c>
         <w xml:id="o4672-129840"
            n="o4672/0095-a-0870"
            ecep:lem="they"
            ecep:pos="pno32"
            ecep:reg="them"
            ecep:spe="'em"
            ecep:syllab="1"
            ecep:pron="əm">'em</w>
         <c> </c>
         <w xml:id="o4672-129850"
            n="o4672/0095-a-0880"
            ecep:lem="as"
            ecep:pos="c-acp"
            ecep:reg="as"
            ecep:spe="as"
            ecep:syllab="1"
            ecep:pron="æz">as</w>
         <c> </c>
         <w xml:id="o4672-129860"
            n="o4672/0095-a-0890"
            ecep:lem="he"
            ecep:pos="pns31"
            ecep:reg="he"
            ecep:spe="he"
            ecep:syllab="1"
            ecep:pron="hiː">he</w>
         <c> </c>
         <w xml:id="o4672-129870"
            n="o4672/0095-a-0900"
            ecep:lem="please"
            ecep:pos="vvb"
            ecep:reg="please"
            ecep:spe="please"
            ecep:syllab="1"
            ecep:pron="pliːz">please</w>
         <pc xml:id="o4672-129880"
             n="o4672/0095-a-0910"
             unit="sentence"
             ecep:lem="."
             ecep:pos="."
             ecep:reg="."
             ecep:spe=".">.</pc>
         <c> </c>
      </l>
   </lg>
   <pb facs="o4672/0096" n="77" rend="none"/>
   <lg n="4" xml:id="o4672-s01275">
      <head>
         <w xml:id="o4672-129920"
            n="o4672/0096-a-0010"
            ecep:lem="iv"
            ecep:pos="crd"
            ecep:reg="IV"
            ecep:spe="IV"
            ecep:syllab="1"
            ecep:pron="rˌəʊmənfˈɔː">IV</w>
         <pc xml:id="o4672-129930"
             n="o4672/0096-a-0020"
             unit="sentence"
             ecep:lem="."
             ecep:pos="."
             ecep:reg="."
             ecep:spe=".">.</pc>
      </head>
      <l xml:id="o4672-l05005">
         <w xml:id="o4672-129950"
            n="o4672/0096-a-0030"
            ecep:lem="adore"
            ecep:pos="vvg"
            ecep:reg="Adoring"
            ecep:spe="Adoring"
            ecep:syllab="3"
            ecep:pron="əˈdɔːrɪŋ">Adoring</w>
         <c> </c>
         <w xml:id="o4672-129960"
            n="o4672/0096-a-0040"
            ecep:lem="angel"
            ecep:pos="n2"
            ecep:reg="Angels"
            ecep:spe="Angels"
            ecep:syllab="2"
            ecep:pron="ˈeɪndʒlz">Angels</w>
         <c> </c>
         <w xml:id="o4672-129970"
            n="o4672/0096-a-0050"
            ecep:lem="round"
            ecep:pos="av-j"
            ecep:reg="round"
            ecep:spe="round"
            ecep:syllab="1"
            ecep:pron="raʊnd">round</w>
         <c> </c>
         <w xml:id="o4672-129980"
            n="o4672/0096-a-0060"
            ecep:lem="he"
            ecep:pos="pno31"
            ecep:reg="him"
            ecep:spe="him"
            ecep:syllab="1"
            ecep:pron="hɪm">him</w>
         <c> </c>
         <w xml:id="o4672-129990"
            n="o4672/0096-a-0070"
            ecep:lem="fall"
            ecep:pos="vvi"
            ecep:reg="fall"
            ecep:spe="fall"
            ecep:syllab="1"
            ecep:pron="fɔːl">fall</w>
      </l>
      <l xml:id="o4672-l05010">
         <c> </c>
         <w xml:id="o4672-130000"
            n="o4672/0096-a-0080"
            ecep:lem="in"
            ecep:pos="p-acp"
            ecep:reg="In"
            ecep:spe="In"
            ecep:syllab="1"
            ecep:pron="ɪn">In</w>
         <c> </c>
         <w xml:id="o4672-130010"
            n="o4672/0096-a-0090"
            ecep:lem="all"
            ecep:pos="d"
            ecep:reg="all"
            ecep:spe="all"
            ecep:syllab="1"
            ecep:pron="ɔːl">all</w>
         <c> </c>
         <w xml:id="o4672-130020"
            n="o4672/0096-a-0100"
            ecep:lem="their"
            ecep:pos="po32"
            ecep:reg="their"
            ecep:spe="their"
            ecep:syllab="1"
            ecep:pron="ðeə">their</w>
         <c> </c>
         <w xml:id="o4672-130030"
            n="o4672/0096-a-0110"
            ecep:lem="shine"
            ecep:pos="vvg"
            ecep:reg="Shining"
            ecep:spe="Shining"
            ecep:syllab="2"
            ecep:pron="ˈʃaɪnɪŋ">Shining</w>
         <c> </c>
         <w xml:id="o4672-130040"
            n="o4672/0096-a-0120"
            ecep:lem="form"
            ecep:pos="n2"
            ecep:reg="Forms"
            ecep:spe="Forms"
            ecep:syllab="1"
            ecep:pron="fɔːmz">Forms</w>
         <pc xml:id="o4672-130050"
             n="o4672/0096-a-0130"
             ecep:lem=","
             ecep:pos=","
             ecep:reg=","
             ecep:spe=",">,</pc>
      </l>
      <l xml:id="o4672-l05015">
         <c> </c>
         <w xml:id="o4672-130060"
            n="o4672/0096-a-0140"
            ecep:lem="his"
            ecep:pos="po31"
            ecep:reg="His"
            ecep:spe="His"
            ecep:syllab="1"
            ecep:pron="hɪz">His</w>
         <c> </c>
         <w xml:id="o4672-130070"
            n="o4672/0096-a-0150"
            ecep:lem="sovereign"
            ecep:pos="j-jn"
            ecep:reg="Sovereign"
            ecep:spe="Sovereign"
            ecep:syllab="2"
            ecep:pron="ˈsɒvrɪn">Sovereign</w>
         <c> </c>
         <w xml:id="o4672-130080"
            n="o4672/0096-a-0160"
            ecep:lem="eye"
            ecep:pos="n1"
            ecep:reg="Eye"
            ecep:spe="Eye"
            ecep:syllab="1"
            ecep:pron="aɪ">Eye</w>
         <c> </c>
         <w xml:id="o4672-130090"
            n="o4672/0096-a-0170"
            ecep:lem="look"
            ecep:pos="vvz"
            ecep:reg="looks"
            ecep:spe="looks"
            ecep:syllab="1"
            ecep:pron="lʊks">looks</w>
         <c> </c>
         <w xml:id="o4672-130100"
            n="o4672/0096-a-0180"
            ecep:lem="through"
            ecep:pos="p-acp"
            ecep:reg="through"
            ecep:spe="thro'"
            ecep:syllab="1"
            ecep:pron="θruː">thro'</w>
         <c> </c>
         <w xml:id="o4672-130110"
            n="o4672/0096-a-0190"
            ecep:lem="they"
            ecep:pos="pno32"
            ecep:reg="them"
            ecep:spe="them"
            ecep:syllab="1"
            ecep:pron="ðem">them</w>
         <c> </c>
         <w xml:id="o4672-130120"
            n="o4672/0096-a-0200"
            ecep:lem="all"
            ecep:pos="d"
            ecep:reg="all"
            ecep:spe="all"
            ecep:syllab="1"
            ecep:pron="ɔːl">all</w>
         <pc xml:id="o4672-130130"
             n="o4672/0096-a-0210"
             ecep:lem=","
             ecep:pos=","
             ecep:reg=","
             ecep:spe=",">,</pc>
      </l>
      <l xml:id="o4672-l05020">
         <c> </c>
         <w xml:id="o4672-130140"
            n="o4672/0096-a-0220"
            ecep:lem="and"
            ecep:pos="cc"
            ecep:reg="And"
            ecep:spe="And"
            ecep:syllab="1"
            ecep:pron="ænd">And</w>
         <c> </c>
         <w xml:id="o4672-130150"
            n="o4672/0096-a-0230"
            ecep:lem="pity"
            ecep:pos="vvz"
            ecep:reg="pities"
            ecep:spe="pities"
            ecep:syllab="2"
            ecep:pron="ˈpɪtiz">pities</w>
         <c> </c>
         <w xml:id="o4672-130160"
            n="o4672/0096-a-0240"
            ecep:lem="mortal"
            ecep:pos="j-jn"
            ecep:reg="Mortal"
            ecep:spe="Mortal"
            ecep:syllab="2"
            ecep:pron="ˈmɔːtl">Mortal</w>
         <c> </c>
         <w xml:id="o4672-130170"
            n="o4672/0096-a-0250"
            ecep:lem="worm"
            ecep:pos="n2"
            ecep:reg="Worms"
            ecep:spe="Worms"
            ecep:syllab="1"
            ecep:pron="wɜːmz">Worms</w>
         <pc xml:id="o4672-130180"
             n="o4672/0096-a-0260"
             unit="sentence"
             ecep:lem="."
             ecep:pos="."
             ecep:reg="."
             ecep:spe=".">.</pc>
         <c> </c>
      </l>
   </lg>
   <lg n="5" xml:id="o4672-s01280">
      <head>
         <w xml:id="o4672-130220"
            n="o4672/0096-a-0270"
            ecep:lem="v."
            ecep:pos="crd"
            ecep:reg="V"
            ecep:spe="V."
            ecep:syllab="1"
            ecep:pron="viː">V.</w>
         <pc unit="sentence" xml:id="o4672-130220-eos" n="o4672/0096-a-0280"/>
      </head>
      <l xml:id="o4672-l05025">
         <w xml:id="o4672-130240"
            n="o4672/0096-a-0290"
            ecep:lem="his"
            ecep:pos="po31"
            ecep:reg="His"
            ecep:spe="His"
            ecep:syllab="1"
            ecep:pron="hɪz">His</w>
         <c> </c>
         <w xml:id="o4672-130250"
            n="o4672/0096-a-0300"
            ecep:lem="bowel"
            ecep:pos="n2"
            ecep:reg="Bowels"
            ecep:spe="Bowels"
            ecep:syllab="2"
            ecep:pron="ˈbaʊəlz">Bowels</w>
         <c> </c>
         <w xml:id="o4672-130260"
            n="o4672/0096-a-0310"
            ecep:lem="to"
            ecep:pos="p-acp"
            ecep:reg="to"
            ecep:spe="to"
            ecep:syllab="1"
            ecep:pron="tuː">to</w>
         <c> </c>
         <w xml:id="o4672-130270"
            n="o4672/0096-a-0320"
            ecep:lem="our"
            ecep:pos="po12"
            ecep:reg="our"
            ecep:spe="our"
            ecep:syllab="1"
            ecep:pron="ˈaʊə">our</w>
         <c> </c>
         <w xml:id="o4672-130280"
            n="o4672/0096-a-0330"
            ecep:lem="worthless"
            ecep:pos="j"
            ecep:reg="Worthless"
            ecep:spe="Worthless"
            ecep:syllab="2"
            ecep:pron="ˈwɜːθləs">Worthless</w>
         <c> </c>
         <w xml:id="o4672-130290"
            n="o4672/0096-a-0340"
            ecep:lem="race"
            ecep:pos="n1"
            ecep:reg="Race"
            ecep:spe="Race"
            ecep:syllab="1"
            ecep:pron="reɪs">Race</w>
      </l>
      <l xml:id="o4672-l05030">
         <c> </c>
         <w xml:id="o4672-130300"
            n="o4672/0096-a-0350"
            ecep:lem="in"
            ecep:pos="p-acp"
            ecep:reg="In"
            ecep:spe="In"
            ecep:syllab="1"
            ecep:pron="ɪn">In</w>
         <c> </c>
         <w xml:id="o4672-130310"
            n="o4672/0096-a-0360"
            ecep:lem="sweet"
            ecep:pos="j"
            ecep:reg="sweet"
            ecep:spe="sweet"
            ecep:syllab="1"
            ecep:pron="swiːt">sweet</w>
         <c> </c>
         <w xml:id="o4672-130320"
            n="o4672/0096-a-0370"
            ecep:lem="compassion"
            ecep:pos="n1"
            ecep:reg="Compassion"
            ecep:spe="Compassion"
            ecep:syllab="3"
            ecep:pron="kəmˈpæʃn">Compassion</w>
         <c> </c>
         <w xml:id="o4672-130330"
            n="o4672/0096-a-0380"
            ecep:lem="move"
            ecep:pos="vvi"
            ecep:reg="move"
            ecep:spe="move"
            ecep:syllab="1"
            ecep:pron="muːv">move</w>
         <pc xml:id="o4672-130340"
             n="o4672/0096-a-0390"
             ecep:lem=";"
             ecep:pos=";"
             ecep:reg=";"
             ecep:spe=";">;</pc>
      </l>
      <l xml:id="o4672-l05035">
         <c> </c>
         <w xml:id="o4672-130350"
            n="o4672/0096-a-0400"
            ecep:lem="he"
            ecep:pos="pns31"
            ecep:reg="He"
            ecep:spe="He"
            ecep:syllab="1"
            ecep:pron="hiː">He</w>
         <c> </c>
         <w xml:id="o4672-130360"
            n="o4672/0096-a-0410"
            ecep:lem="clothes"
            ecep:pos="n2"
            ecep:reg="Clothes"
            ecep:spe="Cloaths"
            ecep:syllab="1"
            ecep:pron="kləʊðz">Cloaths</w>
         <c> </c>
         <w xml:id="o4672-130370"
            n="o4672/0096-a-0420"
            ecep:lem="his"
            ecep:pos="po31"
            ecep:reg="his"
            ecep:spe="his"
            ecep:syllab="1"
            ecep:pron="hɪz">his</w>
         <c> </c>
         <w xml:id="o4672-130380"
            n="o4672/0096-a-0430"
            ecep:lem="look"
            ecep:pos="vvz"
            ecep:reg="Looks"
            ecep:spe="Looks"
            ecep:syllab="1"
            ecep:pron="lʊks">Looks</w>
         <c> </c>
         <w xml:id="o4672-130390"
            n="o4672/0096-a-0440"
            ecep:lem="with"
            ecep:pos="p-acp"
            ecep:reg="with"
            ecep:spe="with"
            ecep:syllab="1"
            ecep:pron="wɪð">with</w>
         <c> </c>
         <w xml:id="o4672-130400"
            n="o4672/0096-a-0450"
            ecep:lem="soft"
            ecep:pos="js"
            ecep:reg="softest"
            ecep:spe="softest"
            ecep:syllab="2"
            ecep:pron="ˈsɒftɪst">softest</w>
         <c> </c>
         <w xml:id="o4672-130410"
            n="o4672/0096-a-0460"
            ecep:lem="grace"
            ecep:pos="n1"
            ecep:reg="Grace"
            ecep:spe="Grace"
            ecep:syllab="1"
            ecep:pron="greɪs">Grace</w>
         <pc xml:id="o4672-130420"
             n="o4672/0096-a-0470"
             ecep:lem=","
             ecep:pos=","
             ecep:reg=","
             ecep:spe=",">,</pc>
      </l>
      <l xml:id="o4672-l05040">
         <c> </c>
         <w xml:id="o4672-130430"
            n="o4672/0096-a-0480"
            ecep:lem="and"
            ecep:pos="cc"
            ecep:reg="And"
            ecep:spe="And"
            ecep:syllab="1"
            ecep:pron="ænd">And</w>
         <c> </c>
         <w xml:id="o4672-130440"
            n="o4672/0096-a-0490"
            ecep:lem="take"
            ecep:pos="vvz"
            ecep:reg="takes"
            ecep:spe="takes"
            ecep:syllab="1"
            ecep:pron="teɪks">takes</w>
         <c> </c>
         <w xml:id="o4672-130450"
            n="o4672/0096-a-0500"
            ecep:lem="his"
            ecep:pos="po31"
            ecep:reg="his"
            ecep:spe="his"
            ecep:syllab="1"
            ecep:pron="hɪz">his</w>
         <c> </c>
         <w xml:id="o4672-130460"
            n="o4672/0096-a-0510"
            ecep:lem="title"
            ecep:pos="n1"
            ecep:reg="Title"
            ecep:spe="Title"
            ecep:syllab="2"
            ecep:pron="ˈtaɪtl">Title</w>
         <pc xml:id="o4672-130470"
             n="o4672/0096-a-0520"
             ecep:lem=","
             ecep:pos=","
             ecep:reg=","
             ecep:spe=",">,</pc>
         <c> </c>
         <w xml:id="o4672-130480"
            n="o4672/0096-a-0530"
            ecep:lem="love"
            ecep:pos="np1-n"
            ecep:reg="Love"
            ecep:spe="Love"
            ecep:syllab="1"
            ecep:pron="lʌv">Love</w>
         <pc xml:id="o4672-130490"
             n="o4672/0096-a-0540"
             unit="sentence"
             ecep:lem="."
             ecep:pos="."
             ecep:reg="."
             ecep:spe=".">.</pc>
         <c> </c>
      </l>
   </lg>
   <lg n="6" xml:id="o4672-s01285">
      <head>
         <w xml:id="o4672-130530"
            n="o4672/0096-a-0550"
            ecep:lem="vi"
            ecep:pos="crd"
            ecep:reg="VI"
            ecep:spe="VI"
            ecep:syllab="1"
            ecep:pron="ˈvaɪ">VI</w>
         <pc xml:id="o4672-130540"
             n="o4672/0096-a-0560"
             unit="sentence"
             ecep:lem="."
             ecep:pos="."
             ecep:reg="."
             ecep:spe=".">.</pc>
      </head>
      <l xml:id="o4672-l05045">
         <w xml:id="o4672-130560"
            n="o4672/0096-a-0570"
            ecep:lem="now"
            ecep:pos="av"
            ecep:reg="Now"
            ecep:spe="Now"
            ecep:syllab="1"
            ecep:pron="naʊ">Now</w>
         <c> </c>
         <w xml:id="o4672-130570"
            n="o4672/0096-a-0580"
            ecep:lem="let"
            ecep:pos="vvb"
            ecep:reg="let"
            ecep:spe="let"
            ecep:syllab="1"
            ecep:pron="let">let</w>
         <c> </c>
         <w xml:id="o4672-130580"
            n="o4672/0096-a-0590"
            ecep:lem="the"
            ecep:pos="dt"
            ecep:reg="the"
            ecep:spe="the"
            ecep:syllab="1"
            ecep:pron="ðiː">the</w>
         <c> </c>
         <w xml:id="o4672-130590"
            n="o4672/0096-a-0600"
            ecep:lem="lord"
            ecep:pos="n1"
            ecep:reg="Lord"
            ecep:spe="Lord"
            ecep:syllab="1"
            ecep:pron="lɔːd">Lord</w>
         <c> </c>
         <w xml:id="o4672-130600"
            n="o4672/0096-a-0610"
            ecep:lem="for"
            ecep:pos="c-acp"
            ecep:reg="for"
            ecep:spe="for"
            ecep:syllab="1"
            ecep:pron="fɔː">for</w>
         <c> </c>
         <w xml:id="o4672-130610"
            n="o4672/0096-a-0620"
            ecep:lem="ever"
            ecep:pos="av"
            ecep:reg="ever"
            ecep:spe="ever"
            ecep:syllab="2"
            ecep:pron="ˈevə">ever</w>
         <c> </c>
         <w xml:id="o4672-130620"
            n="o4672/0096-a-0630"
            ecep:lem="reign"
            ecep:pos="vvi"
            ecep:reg="Reign"
            ecep:spe="Reign"
            ecep:syllab="1"
            ecep:pron="reɪn">Reign</w>
         <pc xml:id="o4672-130630"
             n="o4672/0096-a-0640"
             ecep:lem=","
             ecep:pos=","
             ecep:reg=","
             ecep:spe=",">,</pc>
      </l>
      <l xml:id="o4672-l05050">
         <c> </c>
         <w xml:id="o4672-130640"
            n="o4672/0096-a-0650"
            ecep:lem="and"
            ecep:pos="cc"
            ecep:reg="And"
            ecep:spe="And"
            ecep:syllab="1"
            ecep:pron="ænd">And</w>
         <c> </c>
         <w xml:id="o4672-130650"
            n="o4672/0096-a-0660"
            ecep:lem="sway"
            ecep:pos="vvi"
            ecep:reg="Sway"
            ecep:spe="Sway"
            ecep:syllab="1"
            ecep:pron="sweɪ">Sway</w>
         <c> </c>
         <w xml:id="o4672-130660"
            n="o4672/0096-a-0670"
            ecep:lem="we"
            ecep:pos="pno12"
            ecep:reg="us"
            ecep:spe="us"
            ecep:syllab="1"
            ecep:pron="ʌs">us</w>
         <c> </c>
         <w xml:id="o4672-130670"
            n="o4672/0096-a-0680"
            ecep:lem="as"
            ecep:pos="c-acp"
            ecep:reg="as"
            ecep:spe="as"
            ecep:syllab="1"
            ecep:pron="æz">as</w>
         <c> </c>
         <w xml:id="o4672-130680"
            n="o4672/0096-a-0690"
            ecep:lem="he"
            ecep:pos="pns31"
            ecep:reg="he"
            ecep:spe="he"
            ecep:syllab="1"
            ecep:pron="hiː">he</w>
         <c> </c>
         <w xml:id="o4672-130690"
            n="o4672/0096-a-0700"
            ecep:lem="will"
            ecep:pos="vmb"
            ecep:reg="will"
            ecep:spe="will"
            ecep:syllab="1"
            ecep:pron="wɪl">will</w>
         <pc xml:id="o4672-130700"
             n="o4672/0096-a-0710"
             ecep:lem=","
             ecep:pos=","
             ecep:reg=","
             ecep:spe=",">,</pc>
      </l>
      <l xml:id="o4672-l05055">
         <c> </c>
         <w xml:id="o4672-130710"
            n="o4672/0096-a-0720"
            ecep:lem="sick"
            ecep:pos="j"
            ecep:reg="Sick"
            ecep:spe="Sick"
            ecep:syllab="1"
            ecep:pron="sɪk">Sick</w>
         <c> </c>
         <w xml:id="o4672-130720"
            n="o4672/0096-a-0730"
            ecep:lem="or"
            ecep:pos="cc"
            ecep:reg="or"
            ecep:spe="or"
            ecep:syllab="1"
            ecep:pron="ɔː">or</w>
         <c> </c>
         <w xml:id="o4672-130730"
            n="o4672/0096-a-0740"
            ecep:lem="in"
            ecep:pos="p-acp"
            ecep:reg="in"
            ecep:spe="in"
            ecep:syllab="1"
            ecep:pron="ɪn">in</w>
         <c> </c>
         <w xml:id="o4672-130740"
            n="o4672/0096-a-0750"
            ecep:lem="health"
            ecep:pos="n1"
            ecep:reg="Health"
            ecep:spe="Health"
            ecep:syllab="1"
            ecep:pron="helθ">Health</w>
         <pc xml:id="o4672-130750"
             n="o4672/0096-a-0760"
             ecep:lem=","
             ecep:pos=","
             ecep:reg=","
             ecep:spe=",">,</pc>
         <c> </c>
         <w xml:id="o4672-130760"
            n="o4672/0096-a-0770"
            ecep:lem="in"
            ecep:pos="p-acp"
            ecep:reg="in"
            ecep:spe="in"
            ecep:syllab="1"
            ecep:pron="ɪn">in</w>
         <c> </c>
         <w xml:id="o4672-130770"
            n="o4672/0096-a-0780"
            ecep:lem="ease"
            ecep:pos="n1"
            ecep:reg="Ease"
            ecep:spe="Ease"
            ecep:syllab="1"
            ecep:pron="iːz">Ease</w>
         <c> </c>
         <w xml:id="o4672-130780"
            n="o4672/0096-a-0790"
            ecep:lem="or"
            ecep:pos="cc"
            ecep:reg="or"
            ecep:spe="or"
            ecep:syllab="1"
            ecep:pron="ɔː">or</w>
         <c> </c>
         <w xml:id="o4672-130790"
            n="o4672/0096-a-0800"
            ecep:lem="pain"
            ecep:pos="n1"
            ecep:reg="Pain"
            ecep:spe="Pain"
            ecep:syllab="1"
            ecep:pron="peɪn">Pain</w>
         <pc xml:id="o4672-130800"
             n="o4672/0096-a-0810"
             ecep:lem=","
             ecep:pos=","
             ecep:reg=","
             ecep:spe=",">,</pc>
      </l>
      <l xml:id="o4672-l05060">
         <c> </c>
         <w xml:id="o4672-130810"
            n="o4672/0096-a-0820"
            ecep:lem="we"
            ecep:pos="pns12"
            ecep:reg="We"
            ecep:spe="We"
            ecep:syllab="1"
            ecep:pron="wiː">We</w>
         <c> </c>
         <w xml:id="o4672-130820"
            n="o4672/0096-a-0830"
            ecep:lem="be"
            ecep:pos="vbr"
            ecep:reg="are"
            ecep:spe="are"
            ecep:syllab="1"
            ecep:pron="ɑː">are</w>
         <c> </c>
         <w xml:id="o4672-130830"
            n="o4672/0096-a-0840"
            ecep:lem="his"
            ecep:pos="po31"
            ecep:reg="his"
            ecep:spe="his"
            ecep:syllab="1"
            ecep:pron="hɪz">his</w>
         <c> </c>
         <w xml:id="o4672-130840"
            n="o4672/0096-a-0850"
            ecep:lem="favourite"
            ecep:pos="n2"
            ecep:reg="Favourites"
            ecep:spe="Favourites"
            ecep:syllab="4"
            ecep:pron="ˈfeɪvrəts">Favourites</w>
         <c> </c>
         <w xml:id="o4672-130850"
            n="o4672/0096-a-0860"
            ecep:lem="still"
            ecep:pos="av"
            ecep:reg="still"
            ecep:spe="still"
            ecep:syllab="1"
            ecep:pron="stɪl">still</w>
         <pc xml:id="o4672-130860"
             n="o4672/0096-a-0870"
             unit="sentence"
             ecep:lem="."
             ecep:pos="."
             ecep:reg="."
             ecep:spe=".">.</pc>
         <c> </c>
      </l>
   </lg>
   <lg n="7" xml:id="o4672-s01290">
      <head>
         <w xml:id="o4672-130900"
            n="o4672/0096-a-0880"
            ecep:lem="vii"
            ecep:pos="crd"
            ecep:reg="VII"
            ecep:spe="VII"
            ecep:syllab="1"
            ecep:pron="rˌəʊmənsˈevən">VII</w>
         <pc xml:id="o4672-130910"
             n="o4672/0096-a-0890"
             unit="sentence"
             ecep:lem="."
             ecep:pos="."
             ecep:reg="."
             ecep:spe=".">.</pc>
      </head>
      <l xml:id="o4672-l05065">
         <w xml:id="o4672-130930"
            n="o4672/0096-a-0900"
            ecep:lem="no"
            ecep:pos="av-dx"
            ecep:reg="No"
            ecep:spe="No"
            ecep:syllab="1"
            ecep:pron="nəʊ">No</w>
         <c> </c>
         <w xml:id="o4672-130940"
            n="o4672/0096-a-0910"
            ecep:lem="more"
            ecep:pos="dc"
            ecep:reg="more"
            ecep:spe="more"
            ecep:syllab="1"
            ecep:pron="mɔː">more</w>
         <c> </c>
         <w xml:id="o4672-130950"
            n="o4672/0096-a-0920"
            ecep:lem="shall"
            ecep:pos="vmb"
            ecep:reg="shall"
            ecep:spe="shall"
            ecep:syllab="1"
            ecep:pron="ʃæl">shall</w>
         <c> </c>
         <w xml:id="o4672-130960"
            n="o4672/0096-a-0930"
            ecep:lem="peevish"
            ecep:pos="j"
            ecep:reg="peevish"
            ecep:spe="peevish"
            ecep:syllab="2"
            ecep:pron="ˈpiːvɪʃ">peevish</w>
         <c> </c>
         <w xml:id="o4672-130970"
            n="o4672/0096-a-0940"
            ecep:lem="passion"
            ecep:pos="n1"
            ecep:reg="Passion"
            ecep:spe="Passion"
            ecep:syllab="2"
            ecep:pron="ˈpæʃn">Passion</w>
         <c> </c>
         <w xml:id="o4672-130980"
            n="o4672/0096-a-0950"
            ecep:lem="rise"
            ecep:pos="vvi"
            ecep:reg="rise"
            ecep:spe="rise"
            ecep:syllab="1"
            ecep:pron="raɪz">rise</w>
         <pc xml:id="o4672-130990"
             n="o4672/0096-a-0960"
             ecep:lem=","
             ecep:pos=","
             ecep:reg=","
             ecep:spe=",">,</pc>
      </l>
      <l xml:id="o4672-l05070">
         <c> </c>
         <w xml:id="o4672-131000"
            n="o4672/0096-a-0970"
            ecep:lem="the"
            ecep:pos="dt"
            ecep:reg="The"
            ecep:spe="The"
            ecep:syllab="1"
            ecep:pron="ðiː">The</w>
         <c> </c>
         <w xml:id="o4672-131010"
            n="o4672/0096-a-0980"
            ecep:lem="tongue"
            ecep:pos="n1"
            ecep:reg="Tongue"
            ecep:spe="Tongue"
            ecep:syllab="1"
            ecep:pron="tʌŋ">Tongue</w>
         <c> </c>
         <w xml:id="o4672-131020"
            n="o4672/0096-a-0990"
            ecep:lem="no"
            ecep:pos="av-dx"
            ecep:reg="no"
            ecep:spe="no"
            ecep:syllab="1"
            ecep:pron="nəʊ">no</w>
         <c> </c>
         <w xml:id="o4672-131030"
            n="o4672/0096-a-1000"
            ecep:lem="more"
            ecep:pos="av-dc"
            ecep:reg="more"
            ecep:spe="more"
            ecep:syllab="1"
            ecep:pron="mɔː">more</w>
         <c> </c>
         <w xml:id="o4672-131040"
            n="o4672/0096-a-1010"
            ecep:lem="complain"
            ecep:pos="vvb"
            ecep:reg="Complain"
            ecep:spe="Complain"
            ecep:syllab="2"
            ecep:pron="kəmˈpleɪn">Complain</w>
         <pc xml:id="o4672-131050"
             n="o4672/0096-a-1020"
             ecep:lem=";"
             ecep:pos=";"
             ecep:reg=";"
             ecep:spe=";">;</pc>
      </l>
      <l xml:id="o4672-l05075">
         <c> </c>
         <w xml:id="o4672-131060"
            n="o4672/0096-a-1030"
            ecep:lem="it|be"
            ecep:pos="pn31|vbz"
            ecep:reg="It's"
            ecep:spe="'Tis"
            ecep:syllab="1"
            ecep:pron="tɪz">'Tis</w>
         <c> </c>
         <w xml:id="o4672-131070"
            n="o4672/0096-a-1040"
            ecep:lem="sovereign"
            ecep:pos="j-jn"
            ecep:reg="Sovereign"
            ecep:spe="Sovereign"
            ecep:syllab="2"
            ecep:pron="ˈsɒvrɪn">Sovereign</w>
         <c> </c>
         <w xml:id="o4672-131080"
            n="o4672/0096-a-1050"
            ecep:lem="love"
            ecep:pos="n1"
            ecep:reg="Love"
            ecep:spe="Love"
            ecep:syllab="1"
            ecep:pron="lʌv">Love</w>
         <c> </c>
         <w xml:id="o4672-131090"
            n="o4672/0096-a-1060"
            ecep:lem="that"
            ecep:pos="cst"
            ecep:reg="that"
            ecep:spe="that"
            ecep:syllab="1"
            ecep:pron="ðæt">that</w>
         <c> </c>
         <w xml:id="o4672-131100"
            n="o4672/0096-a-1070"
            ecep:lem="lend"
            ecep:pos="vvz"
            ecep:reg="lends"
            ecep:spe="lends"
            ecep:syllab="1"
            ecep:pron="lendz">lends</w>
         <c> </c>
         <w xml:id="o4672-131110"
            n="o4672/0096-a-1080"
            ecep:lem="our"
            ecep:pos="po12"
            ecep:reg="our"
            ecep:spe="our"
            ecep:syllab="1"
            ecep:pron="ˈaʊə">our</w>
         <c> </c>
         <w xml:id="o4672-131120"
            n="o4672/0096-a-1090"
            ecep:lem="joy"
            ecep:pos="n2"
            ecep:reg="Joys"
            ecep:spe="Joys"
            ecep:syllab="1"
            ecep:pron="dʒɔɪz">Joys</w>
         <pc xml:id="o4672-131130"
             n="o4672/0096-a-1100"
             ecep:lem=","
             ecep:pos=","
             ecep:reg=","
             ecep:spe=",">,</pc>
      </l>
      <l xml:id="o4672-l05080">
         <c> </c>
         <w xml:id="o4672-131140"
            n="o4672/0096-a-1110"
            ecep:lem="and"
            ecep:pos="cc"
            ecep:reg="And"
            ecep:spe="And"
            ecep:syllab="1"
            ecep:pron="ænd">And</w>
         <c> </c>
         <w xml:id="o4672-131150"
            n="o4672/0096-a-1120"
            ecep:lem="love"
            ecep:pos="np1-n"
            ecep:reg="Love"
            ecep:spe="Love"
            ecep:syllab="1"
            ecep:pron="lʌv">Love</w>
         <c> </c>
         <w xml:id="o4672-131160"
            n="o4672/0096-a-1130"
            ecep:lem="resume"
            ecep:pos="vvz"
            ecep:reg="resumes"
            ecep:spe="resumes"
            ecep:syllab="2"
            ecep:pron="riˈzjuːmz">resumes</w>
         <c> </c>
         <w xml:id="o4672-131170"
            n="o4672/0096-a-1140"
            ecep:lem="again"
            ecep:pos="av"
            ecep:reg="again"
            ecep:spe="again"
            ecep:syllab="2"
            ecep:pron="əˈgen">again</w>
         <pc xml:id="o4672-131180"
             n="o4672/0096-a-1150"
             unit="sentence"
             ecep:lem="."
             ecep:pos="."
             ecep:reg="."
             ecep:spe=".">.</pc>
         <c> </c>
      </l>
   </lg>
</div>
