<?xml version="1.0" encoding="utf-8"?>
<!DOCTYPE div
  SYSTEM "about:legacy-compat">
<div xmlns:ecep="http://www.eighteenthcenturypoetry.org/ns"
     xmlns="http://www.tei-c.org/ns/1.0"
     xmlns:tei="http://www.tei-c.org/ns/1.0"
     ana="#iamb #pentameter #couplet #heroiccouplet #pair #epigram"
     corresp="#txt_BarbMa1685_w0110"
     decls="#semi-normalized"
     ecep:syllab="10"
     met="-+|-+|-+|-+|-+/"
     rendition="#lgvspace"
     rhyme="aa"
     subtype="eceptext"
     type="poem"
     xml:id="pba35-w1280">
   <link target="authors.xml#aut_BarbMa1685" type="author"/>
   <link target="11650" type="DMI"/>
   <head type="main">
      <w xml:id="pba35-316840"
         n="a-0010"
         ecep:lem="to"
         ecep:pos="p-acp"
         ecep:reg="To"
         ecep:spe="To"
         ecep:syllab="1"
         ecep:pron="tuː">To</w>
      <c> </c>
      <w xml:id="pba35-316850"
         n="a-0020"
         ecep:lem="ROBERT"
         ecep:pos="np1"
         ecep:reg="Robert"
         ecep:spe="Robert"
         ecep:syllab="2"
         ecep:pron="ˈrɒbət">Robert</w>
      <c> </c>
      <w xml:id="pba35-316860"
         n="a-0030"
         ecep:lem="barber"
         ecep:pos="n1"
         ecep:reg="Barber"
         ecep:spe="Barber"
         ecep:syllab="2"
         ecep:pron="ˈbɑːbə">Barber</w>
      <c> </c>
      <w xml:id="pba35-316870"
         n="a-0040"
         ecep:lem="ESQ"
         ecep:pos="np1"
         ecep:reg="Esq"
         ecep:spe="Esq"
         ecep:syllab="1"
         ecep:pron="ˈesk">Esq</w>
      <pc xml:id="pba35-316880"
          n="a-0050"
          ecep:lem=";"
          ecep:pos=";"
          ecep:reg=";"
          ecep:spe=";">;</pc>
      <c> </c>
      <w xml:id="pba35-316890"
         n="a-0060"
         ecep:lem="deputy"
         ecep:pos="n1"
         ecep:reg="Deputy"
         ecep:spe="Deputy"
         ecep:syllab="3"
         ecep:pron="ˈdepjʊti">Deputy</w>
      <c> </c>
      <w xml:id="pba35-316900"
         n="a-0070"
         ecep:lem="to"
         ecep:pos="p-acp"
         ecep:reg="to"
         ecep:spe="to"
         ecep:syllab="1"
         ecep:pron="tuː">to</w>
      <c> </c>
      <w xml:id="pba35-316910"
         n="a-0080"
         ecep:lem="the"
         ecep:pos="dt"
         ecep:reg="the"
         ecep:spe="the"
         ecep:syllab="1"
         ecep:pron="ðiː">the</w>
      <c> </c>
      <w xml:id="pba35-316920"
         n="a-0090"
         ecep:lem="treasurer"
         ecep:pos="ng1"
         ecep:reg="Treasurer's"
         ecep:spe="Treasurer's"
         ecep:syllab="3"
         ecep:pron="ˈtreʒərəz">Treasurer's</w>
      <c> </c>
      <w xml:id="pba35-316930"
         n="a-0100"
         ecep:lem="remembrancer"
         ecep:pos="n1"
         ecep:reg="Remembrancer"
         ecep:spe="Remembrancer"
         ecep:syllab="4"
         ecep:pron="riˈmembrənsə">Remembrancer</w>
      <c> </c>
      <w xml:id="pba35-316940"
         n="a-0110"
         ecep:lem="in"
         ecep:pos="p-acp"
         ecep:reg="in"
         ecep:spe="in"
         ecep:syllab="1"
         ecep:pron="ɪn">in</w>
      <c> </c>
      <w xml:id="pba35-316950"
         n="a-0120"
         ecep:lem="the"
         ecep:pos="dt"
         ecep:reg="the"
         ecep:spe="the"
         ecep:syllab="1"
         ecep:pron="ðiː">the</w>
      <c> </c>
      <w xml:id="pba35-316960"
         n="a-0130"
         ecep:lem="court"
         ecep:pos="n1"
         ecep:reg="Court"
         ecep:spe="Court"
         ecep:syllab="1"
         ecep:pron="kɔːt">Court</w>
      <c> </c>
      <w xml:id="pba35-316970"
         n="a-0140"
         ecep:lem="of"
         ecep:pos="pp-f"
         ecep:reg="of"
         ecep:spe="of"
         ecep:syllab="1"
         ecep:pron="ɒv">of</w>
      <c> </c>
      <w xml:id="pba35-316980"
         n="a-0150"
         ecep:lem="exchequer"
         ecep:pos="n1"
         ecep:reg="Exchequer"
         ecep:spe="Exchequer"
         ecep:syllab="3"
         ecep:pron="ɪksˈtʃekə">Exchequer</w>
      <pc xml:id="pba35-316990"
          n="a-0160"
          ecep:lem=","
          ecep:pos=","
          ecep:reg=","
          ecep:spe=",">,</pc>
      <c> </c>
      <w xml:id="pba35-317000"
         n="a-0170"
         ecep:lem="on"
         ecep:pos="p-acp"
         ecep:reg="on"
         ecep:spe="on"
         ecep:syllab="1"
         ecep:pron="ɒn">on</w>
      <c> </c>
      <w xml:id="pba35-317010"
         n="a-0180"
         ecep:lem="his"
         ecep:pos="po31"
         ecep:reg="his"
         ecep:spe="his"
         ecep:syllab="1"
         ecep:pron="hɪz">his</w>
      <c> </c>
      <w xml:id="pba35-317020"
         n="a-0190"
         ecep:lem="attend"
         ecep:pos="n-vvg"
         ecep:reg="attending"
         ecep:spe="attending"
         ecep:syllab="3"
         ecep:pron="əˈtendɪŋ">attending</w>
      <pc xml:id="pba35-317030"
          n="a-0200"
          ecep:lem=","
          ecep:pos=","
          ecep:reg=","
          ecep:spe=",">,</pc>
      <c> </c>
      <w xml:id="pba35-317040"
         n="a-0210"
         ecep:lem="while"
         ecep:pos="cs"
         ecep:reg="while"
         ecep:spe="whilst"
         ecep:syllab="1"
         ecep:pron="waɪlst">whilst</w>
      <c> </c>
      <w xml:id="pba35-317050"
         n="a-0220"
         ecep:lem="his"
         ecep:pos="po31"
         ecep:reg="his"
         ecep:spe="his"
         ecep:syllab="1"
         ecep:pron="hɪz">his</w>
      <c> </c>
      <w xml:id="pba35-317060"
         n="a-0230"
         ecep:lem="son"
         ecep:pos="n1"
         ecep:reg="Son"
         ecep:spe="Son"
         ecep:syllab="1"
         ecep:pron="sɒn">Son</w>
      <c> </c>
      <w xml:id="pba35-317070"
         n="a-0240"
         ecep:lem="repeat"
         ecep:pos="vvd"
         ecep:reg="repeated"
         ecep:spe="repeated"
         ecep:syllab="3"
         ecep:pron="riˈpiːtɪd">repeated</w>
      <c> </c>
      <hi rendition="#sc">
         <w xml:id="pba35-317080"
            n="a-0250"
            rend="plain_apostrophe"
            ecep:lem="gay"
            ecep:pos="npg1"
            ecep:reg="Gay's"
            ecep:spe="Gay's"
            ecep:syllab="1"
            ecep:pron="geɪz">Gay's</w>
      </hi>
      <c> </c>
      <w xml:id="pba35-317090"
         n="a-0260"
         ecep:lem="fable"
         ecep:pos="n1"
         ecep:reg="Fable"
         ecep:spe="Fable"
         ecep:syllab="2"
         ecep:pron="ˈfeɪbl">Fable</w>
      <c> </c>
      <w xml:id="pba35-317100"
         n="a-0270"
         ecep:lem="of"
         ecep:pos="pp-f"
         ecep:reg="of"
         ecep:spe="of"
         ecep:syllab="1"
         ecep:pron="ɒv">of</w>
      <c> </c>
      <w xml:id="pba35-317110"
         n="a-0280"
         ecep:lem="the"
         ecep:pos="dt"
         ecep:reg="the"
         ecep:spe="the"
         ecep:syllab="1"
         ecep:pron="ðiː">the</w>
      <c> </c>
      <w xml:id="pba35-317120"
         n="a-0290"
         ecep:lem="hare"
         ecep:pos="n1"
         ecep:reg="Hare"
         ecep:spe="Hare"
         ecep:syllab="1"
         ecep:pron="heə">Hare</w>
      <c> </c>
      <w xml:id="pba35-317130"
         n="a-0300"
         ecep:lem="and"
         ecep:pos="cc"
         ecep:reg="and"
         ecep:spe="and"
         ecep:syllab="1"
         ecep:pron="ænd">and</w>
      <c> </c>
      <w xml:id="pba35-317140"
         n="a-0310"
         ecep:lem="many"
         ecep:pos="d"
         ecep:reg="Many"
         ecep:spe="Many"
         ecep:syllab="1"
         ecep:pron="ˈmeni">Many</w>
      <c> </c>
      <w xml:id="pba35-317150"
         n="a-0320"
         ecep:lem="friend"
         ecep:pos="n2"
         ecep:reg="Friends"
         ecep:spe="Friends"
         ecep:syllab="1"
         ecep:pron="frendz">Friends</w>
      <pc xml:id="pba35-317160"
          n="a-0330"
          unit="sentence"
          ecep:lem="."
          ecep:pos="."
          ecep:reg="."
          ecep:spe=".">.</pc>
   </head>
   <lg xml:id="pba35-s01990">
      <l n="1" xml:id="pba35-l15950">
         <hi rendition="#sc">
            <w xml:id="pba35-317190"
               n="a-0340"
               ecep:lem="while"
               ecep:pos="cs"
               ecep:reg="While"
               ecep:spe="Whilst"
               ecep:syllab="1"
               ecep:pron="waɪlst">Whilst</w>
            <c> </c>
            <w xml:id="pba35-317200"
               n="a-0350"
               ecep:lem="gay"
               ecep:pos="npg1"
               ecep:reg="Gay's"
               ecep:spe="Gay's"
               ecep:syllab="1"
               ecep:pron="geɪz">Gay's</w>
         </hi>
         <c> </c>
         <w xml:id="pba35-317210"
            n="a-0360"
            ecep:lem="unhappy"
            ecep:pos="j"
            ecep:reg="unhappy"
            ecep:spe="unhappy"
            ecep:syllab="3"
            ecep:pron="ʌnˈhæpi">unhappy</w>
         <c> </c>
         <w xml:id="pba35-317220"
            n="a-0370"
            ecep:lem="fate"
            ecep:pos="n1"
            ecep:reg="Fate"
            ecep:spe="Fate"
            ecep:syllab="1"
            ecep:pron="feɪt">Fate</w>
         <c> </c>
         <w xml:id="pba35-317230"
            n="a-0380"
            ecep:lem="thy"
            ecep:pos="po21"
            ecep:reg="thy"
            ecep:spe="thy"
            ecep:syllab="1"
            ecep:pron="ðaɪ">thy</w>
         <c> </c>
         <w xml:id="pba35-317240"
            n="a-0390"
            ecep:lem="ear"
            ecep:pos="n1"
            ecep:reg="Ear"
            ecep:spe="Ear"
            ecep:syllab="1"
            ecep:pron="ɪə">Ear</w>
         <c> </c>
         <w xml:id="pba35-317250"
            n="a-0400"
            ecep:lem="attend"
            ecep:pos="vvz"
            ecep:reg="attends"
            ecep:spe="attends"
            ecep:syllab="2"
            ecep:pron="əˈtendz">attends</w>
         <pc xml:id="pba35-317260"
             n="a-0410"
             ecep:lem=","
             ecep:pos=","
             ecep:reg=","
             ecep:spe=",">,</pc>
      </l>
      <l n="2" xml:id="pba35-l15955">
         <c> </c>
         <w xml:id="pba35-317270"
            n="a-0420"
            ecep:lem="thy"
            ecep:pos="po21"
            ecep:reg="Thy"
            ecep:spe="Thy"
            ecep:syllab="1"
            ecep:pron="ðaɪ">Thy</w>
         <c> </c>
         <w xml:id="pba35-317280"
            n="a-0430"
            ecep:lem="heart"
            ecep:pos="n1"
            ecep:reg="Heart"
            ecep:spe="Heart"
            ecep:syllab="1"
            ecep:pron="hɑːt">Heart</w>
         <pc xml:id="pba35-317290"
             n="a-0440"
             ecep:lem=","
             ecep:pos=","
             ecep:reg=","
             ecep:spe=",">,</pc>
         <c> </c>
         <w xml:id="pba35-317300"
            n="a-0450"
            ecep:lem="indignant"
            ecep:pos="j"
            ecep:reg="indignant"
            ecep:spe="indignant"
            ecep:syllab="3"
            ecep:pron="ɪnˈdɪgnənt">indignant</w>
         <pc xml:id="pba35-317310"
             n="a-0460"
             ecep:lem=","
             ecep:pos=","
             ecep:reg=","
             ecep:spe=",">,</pc>
         <c> </c>
         <w xml:id="pba35-317320"
            n="a-0470"
            ecep:lem="scorn"
            ecep:pos="vvz"
            ecep:reg="scorns"
            ecep:spe="scorns"
            ecep:syllab="1"
            ecep:pron="skɔːnz">scorns</w>
         <c> </c>
         <w xml:id="pba35-317330"
            n="a-0480"
            ecep:lem="his"
            ecep:pos="po31"
            ecep:reg="his"
            ecep:spe="his"
            ecep:syllab="1"
            ecep:pron="hɪz">his</w>
         <c> </c>
         <w xml:id="pba35-317340"
            n="a-0490"
            ecep:lem="faithless"
            ecep:pos="j"
            ecep:reg="faithless"
            ecep:spe="faithless"
            ecep:syllab="2"
            ecep:pron="ˈfeɪθləs">faithless</w>
         <c> </c>
         <w xml:id="pba35-317350"
            n="a-0500"
            ecep:lem="friend"
            ecep:pos="n2"
            ecep:reg="Friends"
            ecep:spe="Friends"
            ecep:syllab="1"
            ecep:pron="frendz">Friends</w>
         <pc xml:id="pba35-317360"
             n="a-0510"
             ecep:lem=";"
             ecep:pos=";"
             ecep:reg=";"
             ecep:spe=";">;</pc>
      </l>
      <l n="3" xml:id="pba35-l15960">
         <c> </c>
         <w xml:id="pba35-317370"
            n="a-0520"
            ecep:lem="thy"
            ecep:pos="po21"
            ecep:reg="Thy"
            ecep:spe="Thy"
            ecep:syllab="1"
            ecep:pron="ðaɪ">Thy</w>
         <c> </c>
         <w xml:id="pba35-317380"
            n="a-0530"
            ecep:lem="generous"
            ecep:pos="j"
            ecep:reg="generous"
            ecep:spe="gen'rous"
            ecep:syllab="2"
            ecep:pron="ˈdʒenrəs">gen'rous</w>
         <c> </c>
         <w xml:id="pba35-317390"
            n="a-0540"
            ecep:lem="heart"
            ecep:pos="n1"
            ecep:reg="Heart"
            ecep:spe="Heart"
            ecep:syllab="1"
            ecep:pron="hɑːt">Heart</w>
         <pc xml:id="pba35-317400"
             n="a-0550"
             ecep:lem=","
             ecep:pos=","
             ecep:reg=","
             ecep:spe=",">,</pc>
         <c> </c>
         <w xml:id="pba35-317410"
            n="a-0560"
            ecep:lem="which"
            ecep:pos="r-crq"
            ecep:reg="which"
            ecep:spe="which"
            ecep:syllab="1"
            ecep:pron="wɪtʃ">which</w>
         <c> </c>
         <w xml:id="pba35-317420"
            n="a-0570"
            ecep:lem="never"
            ecep:pos="av-x"
            ecep:reg="never"
            ecep:spe="never"
            ecep:syllab="2"
            ecep:pron="ˈnevə">never</w>
         <c> </c>
         <w xml:id="pba35-317430"
            n="a-0580"
            ecep:lem="learn"
            ecep:pos="vvd"
            ecep:reg="learnt"
            ecep:spe="learnt"
            ecep:syllab="1"
            ecep:pron="lɜːnt">learnt</w>
         <c> </c>
         <w xml:id="pba35-317440"
            n="a-0590"
            ecep:lem="the"
            ecep:pos="dt"
            ecep:reg="the"
            ecep:spe="the"
            ecep:syllab="1"
            ecep:pron="ðiː">the</w>
         <c> </c>
         <w xml:id="pba35-317450"
            n="a-0600"
            ecep:lem="way"
            ecep:pos="n1"
            ecep:reg="Way"
            ecep:spe="Way"
            ecep:syllab="1"
            ecep:pron="weɪ">Way</w>
         <pc xml:id="pba35-317460"
             n="a-0610"
             ecep:lem=","
             ecep:pos=","
             ecep:reg=","
             ecep:spe=",">,</pc>
      </l>
      <l n="4" xml:id="pba35-l15965">
         <c> </c>
         <w xml:id="pba35-317470"
            n="a-0620"
            ecep:lem="a"
            ecep:pos="dt"
            ecep:reg="A"
            ecep:spe="A"
            ecep:syllab="1"
            ecep:pron="ə">A</w>
         <c> </c>
         <w xml:id="pba35-317480"
            n="a-0630"
            ecep:lem="friend"
            ecep:pos="n1"
            ecep:reg="Friend"
            ecep:spe="Friend"
            ecep:syllab="1"
            ecep:pron="frend">Friend</w>
         <c> </c>
         <w xml:id="pba35-317490"
            n="a-0640"
            ecep:lem="or"
            ecep:pos="cc"
            ecep:reg="or"
            ecep:spe="or"
            ecep:syllab="1"
            ecep:pron="ɔː">or</w>
         <c> </c>
         <w xml:id="pba35-317500"
            n="a-0650"
            ecep:lem="to"
            ecep:pos="pc-acp"
            ecep:reg="to"
            ecep:spe="to"
            ecep:syllab="1"
            ecep:pron="tuː">to</w>
         <c> </c>
         <w xml:id="pba35-317510"
            n="a-0660"
            ecep:lem="deceive"
            ecep:pos="vvi"
            ecep:reg="deceive"
            ecep:spe="deceive"
            ecep:syllab="2"
            ecep:pron="diˈsiːv">deceive</w>
         <pc xml:id="pba35-317520"
             n="a-0670"
             ecep:lem=","
             ecep:pos=","
             ecep:reg=","
             ecep:spe=",">,</pc>
         <c> </c>
         <w xml:id="pba35-317530"
            n="a-0680"
            ecep:lem="or"
            ecep:pos="cc"
            ecep:reg="or"
            ecep:spe="or"
            ecep:syllab="1"
            ecep:pron="ɔː">or</w>
         <c> </c>
         <w xml:id="pba35-317540"
            n="a-0690"
            ecep:lem="to"
            ecep:pos="pc-acp"
            ecep:reg="to"
            ecep:spe="to"
            ecep:syllab="1"
            ecep:pron="tuː">to</w>
         <c> </c>
         <w xml:id="pba35-317550"
            n="a-0700"
            ecep:lem="betray"
            ecep:pos="vvi"
            ecep:reg="betray"
            ecep:spe="betray"
            ecep:syllab="2"
            ecep:pron="biˈtreɪ">betray</w>
         <pc xml:id="pba35-317560"
             n="a-0710"
             ecep:lem=":"
             ecep:pos=":"
             ecep:reg=":"
             ecep:spe=":">:</pc>
      </l>
      <l n="5" xml:id="pba35-l15970">
         <c> </c>
         <w xml:id="pba35-317570"
            n="a-0720"
            ecep:lem="with"
            ecep:pos="p-acp"
            ecep:reg="With"
            ecep:spe="With"
            ecep:syllab="1"
            ecep:pron="wɪð">With</w>
         <c> </c>
         <w xml:id="pba35-317580"
            n="a-0730"
            ecep:lem="honour"
            ecep:pos="n1"
            ecep:reg="Honour"
            ecep:spe="Honour"
            ecep:syllab="2"
            ecep:pron="ˈɒnə">Honour</w>
         <c> </c>
         <w xml:id="pba35-317590"
            n="a-0740"
            ecep:lem="and"
            ecep:pos="cc"
            ecep:reg="and"
            ecep:spe="and"
            ecep:syllab="1"
            ecep:pron="ænd">and</w>
         <c> </c>
         <w xml:id="pba35-317600"
            n="a-0750"
            ecep:lem="integrity"
            ecep:pos="n1"
            ecep:reg="Integrity"
            ecep:spe="Integrity"
            ecep:syllab="4"
            ecep:pron="ɪnˈtegrəti">Integrity</w>
         <c> </c>
         <w xml:id="pba35-317610"
            n="a-0760"
            ecep:lem="so"
            ecep:pos="av"
            ecep:reg="so"
            ecep:spe="so"
            ecep:syllab="1"
            ecep:pron="səʊ">so</w>
         <c> </c>
         <w xml:id="pba35-317620"
            n="a-0770"
            ecep:lem="bless"
            ecep:pos="vvn"
            ecep:reg="blessed"
            ecep:spe="blest"
            ecep:syllab="1"
            ecep:pron="blest">blest</w>
         <pc xml:id="pba35-317630"
             n="a-0780"
             ecep:lem=","
             ecep:pos=","
             ecep:reg=","
             ecep:spe=",">,</pc>
      </l>
      <l n="6" xml:id="pba35-l15975">
         <c> </c>
         <w xml:id="pba35-317640"
            n="a-0790"
            ecep:lem="not"
            ecep:pos="xx"
            ecep:reg="Not"
            ecep:spe="Not"
            ecep:syllab="1"
            ecep:pron="ˈdɪdnt">Not</w>
         <c> </c>
         <w xml:id="pba35-317650"
            n="a-0800"
            ecep:lem="law"
            ecep:pos="n1"
            ecep:reg="Law"
            ecep:spe="Law"
            ecep:syllab="1"
            ecep:pron="lɔː">Law</w>
         <pc xml:id="pba35-317660"
             n="a-0810"
             ecep:lem=","
             ecep:pos=","
             ecep:reg=","
             ecep:spe=",">,</pc>
         <c> </c>
         <w xml:id="pba35-317670"
            n="a-0820"
            ecep:lem="infectious"
            ecep:pos="j"
            ecep:reg="infectious"
            ecep:spe="infectious"
            ecep:syllab="3"
            ecep:pron="ɪnˈfekʃəs">infectious</w>
         <pc xml:id="pba35-317680"
             n="a-0830"
             ecep:lem=","
             ecep:pos=","
             ecep:reg=","
             ecep:spe=",">,</pc>
         <c> </c>
         <w xml:id="pba35-317690"
            n="a-0840"
            ecep:lem="can"
            ecep:pos="vmb"
            ecep:reg="can"
            ecep:spe="can"
            ecep:syllab="1"
            ecep:pron="kæn">can</w>
         <c> </c>
         <w xml:id="pba35-317700"
            n="a-0850"
            ecep:lem="pollute"
            ecep:pos="vvi"
            ecep:reg="pollute"
            ecep:spe="pollute"
            ecep:syllab="2"
            ecep:pron="pəˈluːt">pollute</w>
         <c> </c>
         <w xml:id="pba35-317710"
            n="a-0860"
            ecep:lem="thy"
            ecep:pos="po21"
            ecep:reg="thy"
            ecep:spe="thy"
            ecep:syllab="1"
            ecep:pron="ðaɪ">thy</w>
         <c> </c>
         <w xml:id="pba35-317720"
            n="a-0870"
            ecep:lem="breast"
            ecep:pos="n1"
            ecep:reg="Breast"
            ecep:spe="Breast"
            ecep:syllab="1"
            ecep:pron="brest">Breast</w>
         <pc xml:id="pba35-317730"
             n="a-0880"
             ecep:lem=":"
             ecep:pos=":"
             ecep:reg=":"
             ecep:spe=":">:</pc>
      </l>
      <l n="7" xml:id="pba35-l15980">
         <c> </c>
         <w xml:id="pba35-317740"
            n="a-0890"
            ecep:lem="with"
            ecep:pos="p-acp"
            ecep:reg="With"
            ecep:spe="With"
            ecep:syllab="1"
            ecep:pron="wɪð">With</w>
         <c> </c>
         <w xml:id="pba35-317750"
            n="a-0900"
            ecep:lem="justice"
            ecep:pos="n1"
            ecep:reg="Justice"
            ecep:spe="Justice"
            ecep:syllab="2"
            ecep:pron="ˈdʒʌstɪs">Justice</w>
         <c> </c>
         <w xml:id="pba35-317760"
            n="a-0910"
            ecep:lem="and"
            ecep:pos="cc"
            ecep:reg="and"
            ecep:spe="and"
            ecep:syllab="1"
            ecep:pron="ænd">and</w>
         <c> </c>
         <w xml:id="pba35-317770"
            n="a-0920"
            ecep:lem="humanity"
            ecep:pos="n1"
            ecep:reg="Humanity"
            ecep:spe="Humanity"
            ecep:syllab="4"
            ecep:pron="hjuˈmænəti">Humanity</w>
         <c> </c>
         <w xml:id="pba35-317780"
            n="a-0930"
            ecep:lem="endow"
            ecep:pos="vvd"
            ecep:reg="endowed"
            ecep:spe="endow'd"
            ecep:syllab="2"
            ecep:pron="ɪnˈdaʊd">endow'd</w>
         <pc xml:id="pba35-317790"
             n="a-0940"
             ecep:lem=","
             ecep:pos=","
             ecep:reg=","
             ecep:spe=",">,</pc>
      </l>
      <l n="8" xml:id="pba35-l15985">
         <c> </c>
         <w xml:id="pba35-317800"
            n="a-0950"
            ecep:lem="you"
            ecep:pos="pn22"
            ecep:reg="You"
            ecep:spe="You"
            ecep:syllab="1"
            ecep:pron="juː">You</w>
         <c> </c>
         <w xml:id="pba35-317810"
            n="a-0960"
            ecep:lem="shine"
            ecep:pos="vvb"
            ecep:reg="shine"
            ecep:spe="shine"
            ecep:syllab="1"
            ecep:pron="ʃaɪn">shine</w>
         <pc xml:id="pba35-317820"
             n="a-0970"
             ecep:lem=","
             ecep:pos=","
             ecep:reg=","
             ecep:spe=",">,</pc>
         <c> </c>
         <w xml:id="pba35-317830"
            n="a-0980"
            ecep:lem="distinguish"
            ecep:pos="vvn"
            ecep:reg="distinguished"
            ecep:spe="distinguish'd"
            ecep:syllab="3"
            ecep:pron="dɪˈstɪŋgwɪʃt">distinguish'd</w>
         <pc xml:id="pba35-317840"
             n="a-0990"
             ecep:lem=","
             ecep:pos=","
             ecep:reg=","
             ecep:spe=",">,</pc>
         <c> </c>
         <w xml:id="pba35-317860"
            n="a-1010"
            ecep:lem="amid"
            ecep:pos="p-acp"
            ecep:reg="mid"
            ecep:spe="'midst"
            ecep:syllab="1"
            ecep:pron="mˈɪdst">'midst</w>
         <c> </c>
         <w xml:id="pba35-317870"
            n="a-1020"
            ecep:lem="a"
            ecep:pos="dt"
            ecep:reg="a"
            ecep:spe="a"
            ecep:syllab="1"
            ecep:pron="ə">a</w>
         <c> </c>
         <w xml:id="pba35-317880"
            n="a-1030"
            ecep:lem="venal"
            ecep:pos="j"
            ecep:reg="venal"
            ecep:spe="venal"
            ecep:syllab="2"
            ecep:pron="ˈviːnl">venal</w>
         <c> </c>
         <w xml:id="pba35-317890"
            n="a-1040"
            ecep:lem="croud"
            ecep:pos="n1"
            ecep:reg="Crowd"
            ecep:spe="Croud"
            ecep:syllab="1"
            ecep:pron="kraʊd">Croud</w>
         <pc xml:id="pba35-317900"
             n="a-1050"
             unit="sentence"
             ecep:lem="."
             ecep:pos="."
             ecep:reg="."
             ecep:spe=".">.</pc>
         <c> </c>
      </l>
   </lg>
</div>
