<?xml version="1.0" encoding="UTF-8"?>
<?xml-model href="../tei_all.rnc" type="application/relax-ng-compact-syntax"?>
<TEI xmlns="http://www.tei-c.org/ns/1.0">
   <teiHeader>
      <fileDesc>
         <titleStmt>
            <title corresp="#txt_WattIs1674_w0085">SONG XV. Against Lying.</title>
            <author corresp="authors.xml#aut_WattIs1674">Isaac Watts</author>
            <respStmt>
               <name xml:id="AH">Alexander Huber</name>
               <resp>Editor</resp>
            </respStmt>
            <funder>
               <name type="institution" xml:id="BOD">Bodleian Libraries, University of Oxford</name>
               <address>
                  <addrLine>Broad Street</addrLine>
                  <addrLine>Oxford OX1 3BG</addrLine>
                  <addrLine>UK</addrLine>
               </address>
            </funder>
         </titleStmt>
         <publicationStmt>
            <publisher xml:id="ECPA">Eighteenth-Century Poetry Archive</publisher>
            <address>
               <addrLine>Taylor Institution Library</addrLine>
               <addrLine>St Giles'</addrLine>
               <addrLine>Oxford OX1 3NA</addrLine>
               <addrLine>UK</addrLine>
               <addrLine>
                  <email>info@eighteenthcenturypoetry.org</email>
               </addrLine>
               <addrLine>
                  <ref target="https://www.eighteenthcenturypoetry.org/">https://www.eighteenthcenturypoetry.org/</ref>
               </addrLine>
            </address>
            <pubPlace>Oxford</pubPlace>
            <availability status="restricted">
               <licence target="http://creativecommons.org/licenses/by-sa/3.0/">This work is licensed under a Creative Commons Attribution-ShareAlike 3.0 Unported License.</licence>
            </availability>
            <idno type="ESTC">T185045</idno>
            <idno type="TCP">K123515.000</idno>
         </publicationStmt>
         <sourceDesc>
            <bibl>
               <author>Watts, Isaac, 1674-1748.</author>
               <title>Divine songs: attempted in easy language for the use of children. By I. Watts, D.D.</title>
               <pubPlace>London</pubPlace>
               <publisher>Printed for J. Buckland; J. F. and C. Rivington; T. Longman; W. Fenner; T. Field; and E. and C. Dilly</publisher>
               <date>1777</date>
               <biblScope>pp. 22-23.</biblScope>
               <extent>xii,58,[2]p.; 12⁰.</extent>
            </bibl>
         </sourceDesc>
      </fileDesc>
      <encodingDesc>
         <projectDesc>
            <p>This e-text is part of the Works section of the Eighteenth-Century Poetry Archive (ECPA).</p>
            <p>XML created for the Eighteenth-Century Poetry Archive (ECPA).</p>
         </projectDesc>
         <editorialDecl>
            <p>The text has been typographically modernized, but without any silent modernization of
						spelling, capitalization, or punctuation. The source of the text is given and all editorial interventions
						have been recorded in textual notes. Based on the electronic text originally produced by the TCP project, this  text has been edited to conform to the recommendations found in Level 5 of the
						Best Practices for TEI in Libraries version 4.0.0.
					</p>
         </editorialDecl>
         <classDecl>
            <taxonomy xml:id="LCNAF">
               <bibl>Library of Congress Name Authority File (<abbr>LCNAF</abbr>)</bibl>
            </taxonomy>
         </classDecl>
         <tagsDecl>
            <rendition n="linegroups indented" xml:id="lgindent" scheme="css">text-indent: 1em;</rendition>
            <rendition n="linegroups vertically spaced" xml:id="lgvspace" scheme="css">margin-bottom: 1em;</rendition>
            <rendition n="aligned centrally" xml:id="align-center" scheme="css">text-align: center;</rendition>
            <rendition n="aligned right" xml:id="align-right" scheme="css">text-align: right;</rendition>
            <rendition n="aligned left" xml:id="align-left" scheme="css">text-align: left;</rendition>
            <rendition n="inline" xml:id="inline" scheme="css">display: inline</rendition>
            <rendition n="italic" xml:id="i" scheme="css">font-style: italic;</rendition>
            <rendition n="bold" xml:id="b" scheme="css">font-weight: bold;</rendition>
         </tagsDecl>
      </encodingDesc>
   </teiHeader>
   <text>
      <body>
         <div xmlns:ecep="http://www.eighteenthcenturypoetry.org/ns"
              ana="#iamb #tetrameter #quatrain #cross #song"
              corresp="#txt_WattIs1674_w0085"
              decls="#semi-normalized"
              ecep:syllab="8.8.8.8"
              met="-+|-+|-+|-+/ -+|-+|-+|-+/ -+|-+|-+|-+/ -+|-+|-+|-+/"
              n="15"
              rendition="#lgvspace"
              rhyme="abab"
              subtype="eceptext"
              type="song"
              xml:id="o5454-w0150">
            <link target="authors.xml#aut_WattIs1674" type="author"/>
            <head type="main">
               <w xmlns:ecep="http://www.eighteenthcenturypoetry.org/ns"
                  xml:id="o5454-049390"
                  n="32-a-0010"
                  ecep:lem="song"
                  ecep:pos="n1"
                  ecep:reg="SONG"
                  ecep:spe="SONG"
                  ecep:syllab="1"
                  ecep:pron="sɒŋ">SONG</w>
               <c> </c>
               <w xmlns:ecep="http://www.eighteenthcenturypoetry.org/ns"
                  xml:id="o5454-049400"
                  n="32-a-0020"
                  ecep:lem="XV."
                  ecep:pos="np1"
                  ecep:reg="XV."
                  ecep:spe="XV."
                  ecep:syllab="1"
                  ecep:pron="rˌəʊmənfˈɪftiːn">XV.</w>
               <pc unit="sentence" xml:id="o5454-049400-eos" n="32-a-0030"/>
            </head>
            <head type="sub">
               <w xmlns:ecep="http://www.eighteenthcenturypoetry.org/ns"
                  xml:id="o5454-049430"
                  n="32-a-0040"
                  ecep:lem="against"
                  ecep:pos="p-acp"
                  ecep:reg="Against"
                  ecep:spe="Against"
                  ecep:syllab="2"
                  ecep:pron="əˈgenst">Against</w>
               <c> </c>
               <w xmlns:ecep="http://www.eighteenthcenturypoetry.org/ns"
                  xml:id="o5454-049440"
                  n="32-a-0050"
                  ecep:lem="lie"
                  ecep:pos="vvg"
                  ecep:reg="Lying"
                  ecep:spe="Lying"
                  ecep:syllab="2"
                  ecep:pron="ˈlaɪɪŋ">Lying</w>
               <pc xmlns:ecep="http://www.eighteenthcenturypoetry.org/ns"
                   xml:id="o5454-049450"
                   n="32-a-0060"
                   unit="sentence"
                   ecep:lem="."
                   ecep:pos="."
                   ecep:reg="."
                   ecep:spe=".">.</pc>
            </head>
            <lg n="1" xml:id="o5454-s00505">
               <head>
                  <w xmlns:ecep="http://www.eighteenthcenturypoetry.org/ns"
                     xml:id="o5454-049490"
                     n="32-a-0070"
                     ecep:lem="i"
                     ecep:pos="pns11"
                     ecep:reg="I"
                     ecep:spe="I."
                     ecep:syllab="1"
                     ecep:pron="ˈaɪ">I.</w>
                  <pc unit="sentence" xml:id="o5454-049490-eos" n="32-a-0080"/>
               </head>
               <l xml:id="o5454-l01725">
                  <w xmlns:ecep="http://www.eighteenthcenturypoetry.org/ns"
                     xml:id="o5454-049510"
                     n="32-a-0090"
                     ecep:lem="o"
                     ecep:pos="uh"
                     ecep:reg="OH"
                     ecep:spe="O"
                     ecep:syllab="1"
                     ecep:pron="əʊ">O</w>
                  <c> </c>
                  <w xmlns:ecep="http://www.eighteenthcenturypoetry.org/ns"
                     xml:id="o5454-049520"
                     n="32-a-0100"
                     ecep:lem="it|be"
                     ecep:pos="pn31|vbz"
                     ecep:reg="It's"
                     ecep:spe="'Tis"
                     ecep:syllab="1"
                     ecep:pron="tɪz">'Tis</w>
                  <c> </c>
                  <w xmlns:ecep="http://www.eighteenthcenturypoetry.org/ns"
                     xml:id="o5454-049530"
                     n="32-a-0110"
                     ecep:lem="a"
                     ecep:pos="dt"
                     ecep:reg="a"
                     ecep:spe="a"
                     ecep:syllab="1"
                     ecep:pron="ə">a</w>
                  <c> </c>
                  <w xmlns:ecep="http://www.eighteenthcenturypoetry.org/ns"
                     xml:id="o5454-049540"
                     n="32-a-0120"
                     ecep:lem="lovely"
                     ecep:pos="j"
                     ecep:reg="lovely"
                     ecep:spe="lovely"
                     ecep:syllab="2"
                     ecep:pron="ˈlʌvli">lovely</w>
                  <c> </c>
                  <w xmlns:ecep="http://www.eighteenthcenturypoetry.org/ns"
                     xml:id="o5454-049550"
                     n="32-a-0130"
                     ecep:lem="thing"
                     ecep:pos="n1"
                     ecep:reg="Thing"
                     ecep:spe="Thing"
                     ecep:syllab="1"
                     ecep:pron="θɪŋ">Thing</w>
                  <c> </c>
                  <w xmlns:ecep="http://www.eighteenthcenturypoetry.org/ns"
                     xml:id="o5454-049560"
                     n="32-a-0140"
                     ecep:lem="for"
                     ecep:pos="p-acp"
                     ecep:reg="for"
                     ecep:spe="for"
                     ecep:syllab="1"
                     ecep:pron="fɔː">for</w>
                  <c> </c>
                  <w xmlns:ecep="http://www.eighteenthcenturypoetry.org/ns"
                     xml:id="o5454-049570"
                     n="32-a-0150"
                     ecep:lem="youth"
                     ecep:pos="n1"
                     ecep:reg="Youth"
                     ecep:spe="Youth"
                     ecep:syllab="1"
                     ecep:pron="juːθ">Youth</w>
               </l>
               <l xml:id="o5454-l01730">
                  <c> </c>
                  <w xmlns:ecep="http://www.eighteenthcenturypoetry.org/ns"
                     xml:id="o5454-049580"
                     n="32-a-0160"
                     ecep:lem="to"
                     ecep:pos="pc-acp"
                     ecep:reg="To"
                     ecep:spe="To"
                     ecep:syllab="1"
                     ecep:pron="tuː">To</w>
                  <c> </c>
                  <w xmlns:ecep="http://www.eighteenthcenturypoetry.org/ns"
                     xml:id="o5454-049590"
                     n="32-a-0170"
                     ecep:lem="walk"
                     ecep:pos="vvi"
                     ecep:reg="walk"
                     ecep:spe="walk"
                     ecep:syllab="1"
                     ecep:pron="wɔːk">walk</w>
                  <c> </c>
                  <w xmlns:ecep="http://www.eighteenthcenturypoetry.org/ns"
                     xml:id="o5454-049600"
                     n="32-a-0180"
                     ecep:lem="betimes"
                     ecep:pos="av"
                     ecep:reg="betimes"
                     ecep:spe="betimes"
                     ecep:syllab="2"
                     ecep:pron="bɪˈtaɪmz">betimes</w>
                  <c> </c>
                  <w xmlns:ecep="http://www.eighteenthcenturypoetry.org/ns"
                     xml:id="o5454-049610"
                     n="32-a-0190"
                     ecep:lem="in"
                     ecep:pos="p-acp"
                     ecep:reg="in"
                     ecep:spe="in"
                     ecep:syllab="1"
                     ecep:pron="ɪn">in</w>
                  <c> </c>
                  <w xmlns:ecep="http://www.eighteenthcenturypoetry.org/ns"
                     xml:id="o5454-049620"
                     n="32-a-0200"
                     ecep:lem="wisdom"
                     ecep:pos="ng1"
                     ecep:reg="Wisdom's"
                     ecep:spe="Wisdom's"
                     ecep:syllab="2"
                     ecep:pron="ˈwɪzdəmz">Wisdom's</w>
                  <c> </c>
                  <w xmlns:ecep="http://www.eighteenthcenturypoetry.org/ns"
                     xml:id="o5454-049630"
                     n="32-a-0210"
                     ecep:lem="way"
                     ecep:pos="n1"
                     ecep:reg="Way"
                     ecep:spe="Way"
                     ecep:syllab="1"
                     ecep:pron="weɪ">Way</w>
                  <pc xmlns:ecep="http://www.eighteenthcenturypoetry.org/ns"
                      xml:id="o5454-049640"
                      n="32-a-0220"
                      ecep:lem=";"
                      ecep:pos=";"
                      ecep:reg=";"
                      ecep:spe=";">;</pc>
               </l>
               <l xml:id="o5454-l01735">
                  <c> </c>
                  <w xmlns:ecep="http://www.eighteenthcenturypoetry.org/ns"
                     xml:id="o5454-049650"
                     n="32-a-0230"
                     ecep:lem="to"
                     ecep:pos="pc-acp"
                     ecep:reg="To"
                     ecep:spe="To"
                     ecep:syllab="1"
                     ecep:pron="tuː">To</w>
                  <c> </c>
                  <w xmlns:ecep="http://www.eighteenthcenturypoetry.org/ns"
                     xml:id="o5454-049660"
                     n="32-a-0240"
                     ecep:lem="fear"
                     ecep:pos="vvi"
                     ecep:reg="fear"
                     ecep:spe="fear"
                     ecep:syllab="1"
                     ecep:pron="fɪə">fear</w>
                  <c> </c>
                  <w xmlns:ecep="http://www.eighteenthcenturypoetry.org/ns"
                     xml:id="o5454-049670"
                     n="32-a-0250"
                     ecep:lem="a"
                     ecep:pos="dt"
                     ecep:reg="a"
                     ecep:spe="a"
                     ecep:syllab="1"
                     ecep:pron="ə">a</w>
                  <c> </c>
                  <w xmlns:ecep="http://www.eighteenthcenturypoetry.org/ns"
                     xml:id="o5454-049680"
                     n="32-a-0260"
                     ecep:lem="lie"
                     ecep:pos="n1"
                     ecep:reg="Lie"
                     ecep:spe="Lie"
                     ecep:syllab="1"
                     ecep:pron="laɪ">Lie</w>
                  <pc xmlns:ecep="http://www.eighteenthcenturypoetry.org/ns"
                      xml:id="o5454-049690"
                      n="32-a-0270"
                      ecep:lem=","
                      ecep:pos=","
                      ecep:reg=","
                      ecep:spe=",">,</pc>
                  <c> </c>
                  <w xmlns:ecep="http://www.eighteenthcenturypoetry.org/ns"
                     xml:id="o5454-049700"
                     n="32-a-0280"
                     ecep:lem="to"
                     ecep:pos="pc-acp"
                     ecep:reg="to"
                     ecep:spe="to"
                     ecep:syllab="1"
                     ecep:pron="tuː">to</w>
                  <c> </c>
                  <w xmlns:ecep="http://www.eighteenthcenturypoetry.org/ns"
                     xml:id="o5454-049710"
                     n="32-a-0290"
                     ecep:lem="speak"
                     ecep:pos="vvi"
                     ecep:reg="speak"
                     ecep:spe="speak"
                     ecep:syllab="1"
                     ecep:pron="spiːk">speak</w>
                  <c> </c>
                  <w xmlns:ecep="http://www.eighteenthcenturypoetry.org/ns"
                     xml:id="o5454-049720"
                     n="32-a-0300"
                     ecep:lem="the"
                     ecep:pos="dt"
                     ecep:reg="the"
                     ecep:spe="the"
                     ecep:syllab="1"
                     ecep:pron="ðiː">the</w>
                  <c> </c>
                  <w xmlns:ecep="http://www.eighteenthcenturypoetry.org/ns"
                     xml:id="o5454-049730"
                     n="32-a-0310"
                     ecep:lem="truth"
                     ecep:pos="n1"
                     ecep:reg="Truth"
                     ecep:spe="Truth"
                     ecep:syllab="1"
                     ecep:pron="truːθ">Truth</w>
                  <pc xmlns:ecep="http://www.eighteenthcenturypoetry.org/ns"
                      xml:id="o5454-049740"
                      n="32-a-0320"
                      ecep:lem=","
                      ecep:pos=","
                      ecep:reg=","
                      ecep:spe=",">,</pc>
               </l>
               <l xml:id="o5454-l01740">
                  <c> </c>
                  <w xmlns:ecep="http://www.eighteenthcenturypoetry.org/ns"
                     xml:id="o5454-049750"
                     n="32-a-0330"
                     ecep:lem="that"
                     ecep:pos="cst"
                     ecep:reg="That"
                     ecep:spe="That"
                     ecep:syllab="1"
                     ecep:pron="ðæt">That</w>
                  <c> </c>
                  <w xmlns:ecep="http://www.eighteenthcenturypoetry.org/ns"
                     xml:id="o5454-049760"
                     n="32-a-0340"
                     ecep:lem="we"
                     ecep:pos="pns12"
                     ecep:reg="we"
                     ecep:spe="we"
                     ecep:syllab="1"
                     ecep:pron="wiː">we</w>
                  <c> </c>
                  <w xmlns:ecep="http://www.eighteenthcenturypoetry.org/ns"
                     xml:id="o5454-049770"
                     n="32-a-0350"
                     ecep:lem="may"
                     ecep:pos="vmb"
                     ecep:reg="may"
                     ecep:spe="may"
                     ecep:syllab="1"
                     ecep:pron="meɪ">may</w>
                  <c> </c>
                  <w xmlns:ecep="http://www.eighteenthcenturypoetry.org/ns"
                     xml:id="o5454-049780"
                     n="32-a-0360"
                     ecep:lem="trust"
                     ecep:pos="vvi"
                     ecep:reg="trust"
                     ecep:spe="trust"
                     ecep:syllab="1"
                     ecep:pron="trʌst">trust</w>
                  <c> </c>
                  <w xmlns:ecep="http://www.eighteenthcenturypoetry.org/ns"
                     xml:id="o5454-049790"
                     n="32-a-0370"
                     ecep:lem="to"
                     ecep:pos="p-acp"
                     ecep:reg="to"
                     ecep:spe="to"
                     ecep:syllab="1"
                     ecep:pron="tuː">to</w>
                  <c> </c>
                  <w xmlns:ecep="http://www.eighteenthcenturypoetry.org/ns"
                     xml:id="o5454-049800"
                     n="32-a-0380"
                     ecep:lem="all"
                     ecep:pos="d"
                     ecep:reg="all"
                     ecep:spe="all"
                     ecep:syllab="1"
                     ecep:pron="ɔːl">all</w>
                  <c> </c>
                  <w xmlns:ecep="http://www.eighteenthcenturypoetry.org/ns"
                     xml:id="o5454-049810"
                     n="32-a-0390"
                     ecep:lem="they"
                     ecep:pos="pns32"
                     ecep:reg="they"
                     ecep:spe="they"
                     ecep:syllab="1"
                     ecep:pron="ðeɪ">they</w>
                  <c> </c>
                  <w xmlns:ecep="http://www.eighteenthcenturypoetry.org/ns"
                     xml:id="o5454-049820"
                     n="32-a-0400"
                     ecep:lem="say"
                     ecep:pos="vvb"
                     ecep:reg="say"
                     ecep:spe="say"
                     ecep:syllab="1"
                     ecep:pron="seɪ">say</w>
                  <pc xmlns:ecep="http://www.eighteenthcenturypoetry.org/ns"
                      xml:id="o5454-049830"
                      n="32-a-0410"
                      unit="sentence"
                      ecep:lem="."
                      ecep:pos="."
                      ecep:reg="."
                      ecep:spe=".">.</pc>
                  <c> </c>
               </l>
            </lg>
            <lg n="2" xml:id="o5454-s00510">
               <head>
                  <w xmlns:ecep="http://www.eighteenthcenturypoetry.org/ns"
                     xml:id="o5454-049870"
                     n="32-a-0420"
                     ecep:lem="ii"
                     ecep:pos="crd"
                     ecep:reg="II"
                     ecep:spe="II"
                     ecep:syllab="1"
                     ecep:pron="rˌəʊməntˈuː">II</w>
                  <pc xmlns:ecep="http://www.eighteenthcenturypoetry.org/ns"
                      xml:id="o5454-049880"
                      n="32-a-0430"
                      unit="sentence"
                      ecep:lem="."
                      ecep:pos="."
                      ecep:reg="."
                      ecep:spe=".">.</pc>
               </head>
               <l xml:id="o5454-l01745">
                  <w xmlns:ecep="http://www.eighteenthcenturypoetry.org/ns"
                     xml:id="o5454-049900"
                     n="32-a-0440"
                     ecep:lem="but"
                     ecep:pos="p-acp"
                     ecep:reg="But"
                     ecep:spe="But"
                     ecep:syllab="1"
                     ecep:pron="bʌt">But</w>
                  <c> </c>
                  <w xmlns:ecep="http://www.eighteenthcenturypoetry.org/ns"
                     xml:id="o5454-049910"
                     n="32-a-0450"
                     ecep:lem="liar"
                     ecep:pos="n2"
                     ecep:reg="Liars"
                     ecep:spe="Liars"
                     ecep:syllab="2"
                     ecep:pron="ˈlaɪəz">Liars</w>
                  <c> </c>
                  <w xmlns:ecep="http://www.eighteenthcenturypoetry.org/ns"
                     xml:id="o5454-049920"
                     n="32-a-0460"
                     ecep:lem="we"
                     ecep:pos="pns12"
                     ecep:reg="we"
                     ecep:spe="we"
                     ecep:syllab="1"
                     ecep:pron="wiː">we</w>
                  <c> </c>
                  <w xmlns:ecep="http://www.eighteenthcenturypoetry.org/ns"
                     xml:id="o5454-049930"
                     n="32-a-0470"
                     ecep:lem="can"
                     ecep:pos="vmb"
                     ecep:reg="can"
                     ecep:spe="can"
                     ecep:syllab="1"
                     ecep:pron="kæn">can</w>
                  <c> </c>
                  <w xmlns:ecep="http://www.eighteenthcenturypoetry.org/ns"
                     xml:id="o5454-049940"
                     n="32-a-0480"
                     ecep:lem="never"
                     ecep:pos="av-x"
                     ecep:reg="never"
                     ecep:spe="never"
                     ecep:syllab="2"
                     ecep:pron="ˈnevə">never</w>
                  <c> </c>
                  <w xmlns:ecep="http://www.eighteenthcenturypoetry.org/ns"
                     xml:id="o5454-049950"
                     n="32-a-0490"
                     ecep:lem="trust"
                     ecep:pos="vvi"
                     ecep:reg="trust"
                     ecep:spe="trust"
                     ecep:syllab="1"
                     ecep:pron="trʌst">trust</w>
                  <pc xmlns:ecep="http://www.eighteenthcenturypoetry.org/ns"
                      xml:id="o5454-049960"
                      n="32-a-0500"
                      ecep:lem=","
                      ecep:pos=","
                      ecep:reg=","
                      ecep:spe=",">,</pc>
               </l>
               <l xml:id="o5454-l01750">
                  <c> </c>
                  <w xmlns:ecep="http://www.eighteenthcenturypoetry.org/ns"
                     xml:id="o5454-049970"
                     n="32-a-0510"
                     ecep:lem="though"
                     ecep:pos="c-acp"
                     ecep:reg="Though"
                     ecep:spe="Tho'"
                     ecep:syllab="1"
                     ecep:pron="ðəʊ">Tho'</w>
                  <c> </c>
                  <w xmlns:ecep="http://www.eighteenthcenturypoetry.org/ns"
                     xml:id="o5454-049980"
                     n="32-a-0520"
                     ecep:lem="they"
                     ecep:pos="pns32"
                     ecep:reg="they"
                     ecep:spe="they"
                     ecep:syllab="1"
                     ecep:pron="ðeɪ">they</w>
                  <c> </c>
                  <w xmlns:ecep="http://www.eighteenthcenturypoetry.org/ns"
                     xml:id="o5454-049990"
                     n="32-a-0530"
                     ecep:lem="shall"
                     ecep:pos="vmd"
                     ecep:reg="should"
                     ecep:spe="should"
                     ecep:syllab="1"
                     ecep:pron="ʃʊd">should</w>
                  <c> </c>
                  <w xmlns:ecep="http://www.eighteenthcenturypoetry.org/ns"
                     xml:id="o5454-050000"
                     n="32-a-0540"
                     ecep:lem="speak"
                     ecep:pos="vvi"
                     ecep:reg="speak"
                     ecep:spe="speak"
                     ecep:syllab="1"
                     ecep:pron="spiːk">speak</w>
                  <c> </c>
                  <w xmlns:ecep="http://www.eighteenthcenturypoetry.org/ns"
                     xml:id="o5454-050010"
                     n="32-a-0550"
                     ecep:lem="the"
                     ecep:pos="dt"
                     ecep:reg="the"
                     ecep:spe="the"
                     ecep:syllab="1"
                     ecep:pron="ðiː">the</w>
                  <c> </c>
                  <w xmlns:ecep="http://www.eighteenthcenturypoetry.org/ns"
                     xml:id="o5454-050020"
                     n="32-a-0560"
                     ecep:lem="thing"
                     ecep:pos="n1"
                     ecep:reg="Thing"
                     ecep:spe="Thing"
                     ecep:syllab="1"
                     ecep:pron="θɪŋ">Thing</w>
                  <c> </c>
                  <w xmlns:ecep="http://www.eighteenthcenturypoetry.org/ns"
                     xml:id="o5454-050030"
                     n="32-a-0570"
                     ecep:lem="that|be"
                     ecep:pos="cst|vbz"
                     ecep:reg="that's"
                     ecep:spe="that's"
                     ecep:syllab="1"
                     ecep:pron="ðæts">that's</w>
                  <c> </c>
                  <w xmlns:ecep="http://www.eighteenthcenturypoetry.org/ns"
                     xml:id="o5454-050040"
                     n="32-a-0580"
                     ecep:lem="true"
                     ecep:pos="j"
                     ecep:reg="true"
                     ecep:spe="true"
                     ecep:syllab="1"
                     ecep:pron="truː">true</w>
                  <pc xmlns:ecep="http://www.eighteenthcenturypoetry.org/ns"
                      xml:id="o5454-050050"
                      n="32-a-0590"
                      ecep:lem=";"
                      ecep:pos=";"
                      ecep:reg=";"
                      ecep:spe=";">;</pc>
               </l>
               <l xml:id="o5454-l01755">
                  <c> </c>
                  <w xmlns:ecep="http://www.eighteenthcenturypoetry.org/ns"
                     xml:id="o5454-050060"
                     n="32-a-0600"
                     ecep:lem="and"
                     ecep:pos="cc"
                     ecep:reg="And"
                     ecep:spe="And"
                     ecep:syllab="1"
                     ecep:pron="ænd">And</w>
                  <c> </c>
                  <w xmlns:ecep="http://www.eighteenthcenturypoetry.org/ns"
                     xml:id="o5454-050070"
                     n="32-a-0610"
                     ecep:lem="he"
                     ecep:pos="pns31"
                     ecep:reg="he"
                     ecep:spe="he"
                     ecep:syllab="1"
                     ecep:pron="hiː">he</w>
                  <c> </c>
                  <w xmlns:ecep="http://www.eighteenthcenturypoetry.org/ns"
                     xml:id="o5454-050080"
                     n="32-a-0620"
                     ecep:lem="that"
                     ecep:pos="cst"
                     ecep:reg="that"
                     ecep:spe="that"
                     ecep:syllab="1"
                     ecep:pron="ðæt">that</w>
                  <c> </c>
                  <w xmlns:ecep="http://www.eighteenthcenturypoetry.org/ns"
                     xml:id="o5454-050090"
                     n="32-a-0630"
                     ecep:lem="do"
                     ecep:pos="vdz"
                     ecep:reg="does"
                     ecep:spe="does"
                     ecep:syllab="1"
                     ecep:pron="dʌz">does</w>
                  <c> </c>
                  <w xmlns:ecep="http://www.eighteenthcenturypoetry.org/ns"
                     xml:id="o5454-050100"
                     n="32-a-0640"
                     ecep:lem="one"
                     ecep:pos="pi"
                     ecep:reg="one"
                     ecep:spe="one"
                     ecep:syllab="1"
                     ecep:pron="wʌn">one</w>
                  <c> </c>
                  <w xmlns:ecep="http://www.eighteenthcenturypoetry.org/ns"
                     xml:id="o5454-050110"
                     n="32-a-0650"
                     ecep:lem="fault"
                     ecep:pos="n1"
                     ecep:reg="Fault"
                     ecep:spe="Fault"
                     ecep:syllab="1"
                     ecep:pron="fɔːlt">Fault</w>
                  <c> </c>
                  <w xmlns:ecep="http://www.eighteenthcenturypoetry.org/ns"
                     xml:id="o5454-050120"
                     n="32-a-0660"
                     ecep:lem="at"
                     ecep:pos="p-acp"
                     ecep:reg="at"
                     ecep:spe="at"
                     ecep:syllab="1"
                     ecep:pron="æt">at</w>
                  <c> </c>
                  <w xmlns:ecep="http://www.eighteenthcenturypoetry.org/ns"
                     xml:id="o5454-050130"
                     n="32-a-0670"
                     ecep:lem="first"
                     ecep:pos="ord"
                     ecep:reg="first"
                     ecep:spe="first"
                     ecep:syllab="1"
                     ecep:pron="ˈfɜːst">first</w>
                  <pc xmlns:ecep="http://www.eighteenthcenturypoetry.org/ns"
                      xml:id="o5454-050140"
                      n="32-a-0680"
                      ecep:lem=","
                      ecep:pos=","
                      ecep:reg=","
                      ecep:spe=",">,</pc>
               </l>
               <l xml:id="o5454-l01760">
                  <c> </c>
                  <w xmlns:ecep="http://www.eighteenthcenturypoetry.org/ns"
                     xml:id="o5454-050150"
                     n="32-a-0690"
                     ecep:lem="and"
                     ecep:pos="cc"
                     ecep:reg="And"
                     ecep:spe="And"
                     ecep:syllab="1"
                     ecep:pron="ænd">And</w>
                  <c> </c>
                  <w xmlns:ecep="http://www.eighteenthcenturypoetry.org/ns"
                     xml:id="o5454-050160"
                     n="32-a-0700"
                     ecep:lem="lie"
                     ecep:pos="vvz"
                     ecep:reg="lies"
                     ecep:spe="lies"
                     ecep:syllab="1"
                     ecep:pron="laɪz">lies</w>
                  <c> </c>
                  <w xmlns:ecep="http://www.eighteenthcenturypoetry.org/ns"
                     xml:id="o5454-050170"
                     n="32-a-0710"
                     ecep:lem="to"
                     ecep:pos="pc-acp"
                     ecep:reg="to"
                     ecep:spe="to"
                     ecep:syllab="1"
                     ecep:pron="tuː">to</w>
                  <c> </c>
                  <w xmlns:ecep="http://www.eighteenthcenturypoetry.org/ns"
                     xml:id="o5454-050180"
                     n="32-a-0720"
                     ecep:lem="hide"
                     ecep:pos="vvi"
                     ecep:reg="hide"
                     ecep:spe="hide"
                     ecep:syllab="1"
                     ecep:pron="haɪd">hide</w>
                  <c> </c>
                  <w xmlns:ecep="http://www.eighteenthcenturypoetry.org/ns"
                     xml:id="o5454-050190"
                     n="32-a-0730"
                     ecep:lem="it"
                     ecep:pos="pn31"
                     ecep:reg="it"
                     ecep:spe="it"
                     ecep:syllab="1"
                     ecep:pron="ɪt">it</w>
                  <pc xmlns:ecep="http://www.eighteenthcenturypoetry.org/ns"
                      xml:id="o5454-050200"
                      n="32-a-0740"
                      ecep:lem=","
                      ecep:pos=","
                      ecep:reg=","
                      ecep:spe=",">,</pc>
                  <c> </c>
                  <w xmlns:ecep="http://www.eighteenthcenturypoetry.org/ns"
                     xml:id="o5454-050210"
                     n="32-a-0750"
                     ecep:lem="make"
                     ecep:pos="vvz"
                     ecep:reg="makes"
                     ecep:spe="makes"
                     ecep:syllab="1"
                     ecep:pron="meɪks">makes</w>
                  <c> </c>
                  <w xmlns:ecep="http://www.eighteenthcenturypoetry.org/ns"
                     xml:id="o5454-050220"
                     n="32-a-0760"
                     ecep:lem="it"
                     ecep:pos="pn31"
                     ecep:reg="it"
                     ecep:spe="it"
                     ecep:syllab="1"
                     ecep:pron="ɪt">it</w>
                  <c> </c>
                  <w xmlns:ecep="http://www.eighteenthcenturypoetry.org/ns"
                     xml:id="o5454-050230"
                     n="32-a-0770"
                     ecep:lem="two"
                     ecep:pos="crd"
                     ecep:reg="two"
                     ecep:spe="two"
                     ecep:syllab="1"
                     ecep:pron="tuː">two</w>
                  <pc xmlns:ecep="http://www.eighteenthcenturypoetry.org/ns"
                      xml:id="o5454-050240"
                      n="32-a-0780"
                      unit="sentence"
                      ecep:lem="."
                      ecep:pos="."
                      ecep:reg="."
                      ecep:spe=".">.</pc>
                  <c> </c>
               </l>
            </lg>
            <lg n="3" xml:id="o5454-s00515">
               <head>
                  <w xmlns:ecep="http://www.eighteenthcenturypoetry.org/ns"
                     xml:id="o5454-050280"
                     n="32-a-0790"
                     ecep:lem="iii"
                     ecep:pos="crd"
                     ecep:reg="III"
                     ecep:spe="III"
                     ecep:syllab="1"
                     ecep:pron="rˌəʊmənθrˈiː">III</w>
                  <pc xmlns:ecep="http://www.eighteenthcenturypoetry.org/ns"
                      xml:id="o5454-050290"
                      n="32-a-0800"
                      unit="sentence"
                      ecep:lem="."
                      ecep:pos="."
                      ecep:reg="."
                      ecep:spe=".">.</pc>
               </head>
               <l xml:id="o5454-l01765">
                  <w xmlns:ecep="http://www.eighteenthcenturypoetry.org/ns"
                     xml:id="o5454-050310"
                     n="32-a-0810"
                     ecep:lem="have"
                     ecep:pos="vhb"
                     ecep:reg="Have"
                     ecep:spe="Have"
                     ecep:syllab="1"
                     ecep:pron="hæv">Have</w>
                  <c> </c>
                  <w xmlns:ecep="http://www.eighteenthcenturypoetry.org/ns"
                     xml:id="o5454-050320"
                     n="32-a-0820"
                     ecep:lem="we"
                     ecep:pos="pns12"
                     ecep:reg="we"
                     ecep:spe="we"
                     ecep:syllab="1"
                     ecep:pron="wiː">we</w>
                  <c> </c>
                  <w xmlns:ecep="http://www.eighteenthcenturypoetry.org/ns"
                     xml:id="o5454-050330"
                     n="32-a-0830"
                     ecep:lem="not"
                     ecep:pos="xx"
                     ecep:reg="not"
                     ecep:spe="not"
                     ecep:syllab="1"
                     ecep:pron="nɒt">not</w>
                  <c> </c>
                  <w xmlns:ecep="http://www.eighteenthcenturypoetry.org/ns"
                     xml:id="o5454-050340"
                     n="32-a-0840"
                     ecep:lem="know"
                     ecep:pos="vvn"
                     ecep:reg="known"
                     ecep:spe="known"
                     ecep:syllab="1"
                     ecep:pron="nəʊn">known</w>
                  <pc xmlns:ecep="http://www.eighteenthcenturypoetry.org/ns"
                      xml:id="o5454-050350"
                      n="32-a-0850"
                      ecep:lem=","
                      ecep:pos=","
                      ecep:reg=","
                      ecep:spe=",">,</pc>
                  <c> </c>
                  <w xmlns:ecep="http://www.eighteenthcenturypoetry.org/ns"
                     xml:id="o5454-050360"
                     n="32-a-0860"
                     ecep:lem="nor"
                     ecep:pos="ccx"
                     ecep:reg="nor"
                     ecep:spe="nor"
                     ecep:syllab="1"
                     ecep:pron="nɔː">nor</w>
                  <c> </c>
                  <w xmlns:ecep="http://www.eighteenthcenturypoetry.org/ns"
                     xml:id="o5454-050370"
                     n="32-a-0870"
                     ecep:lem="hear"
                     ecep:pos="vvn"
                     ecep:reg="heard"
                     ecep:spe="heard"
                     ecep:syllab="1"
                     ecep:pron="hɜːd">heard</w>
                  <pc xmlns:ecep="http://www.eighteenthcenturypoetry.org/ns"
                      xml:id="o5454-050380"
                      n="32-a-0880"
                      ecep:lem=","
                      ecep:pos=","
                      ecep:reg=","
                      ecep:spe=",">,</pc>
                  <c> </c>
                  <w xmlns:ecep="http://www.eighteenthcenturypoetry.org/ns"
                     xml:id="o5454-050390"
                     n="32-a-0890"
                     ecep:lem="nor"
                     ecep:pos="ccx"
                     ecep:reg="nor"
                     ecep:spe="nor"
                     ecep:syllab="1"
                     ecep:pron="nɔː">nor</w>
                  <c> </c>
                  <w xmlns:ecep="http://www.eighteenthcenturypoetry.org/ns"
                     xml:id="o5454-050400"
                     n="32-a-0900"
                     ecep:lem="read"
                     ecep:pos="vvi"
                     ecep:reg="read"
                     ecep:spe="read"
                     ecep:syllab="1"
                     ecep:pron="riːd">read</w>
                  <pc xmlns:ecep="http://www.eighteenthcenturypoetry.org/ns"
                      xml:id="o5454-050410"
                      n="32-a-0910"
                      ecep:lem=","
                      ecep:pos=","
                      ecep:reg=","
                      ecep:spe=",">,</pc>
               </l>
               <l xml:id="o5454-l01770">
                  <c> </c>
                  <w xmlns:ecep="http://www.eighteenthcenturypoetry.org/ns"
                     xml:id="o5454-050420"
                     n="32-a-0920"
                     ecep:lem="how"
                     ecep:pos="q-crq"
                     ecep:reg="How"
                     ecep:spe="How"
                     ecep:syllab="1"
                     ecep:pron="haʊ">How</w>
                  <c> </c>
                  <w xmlns:ecep="http://www.eighteenthcenturypoetry.org/ns"
                     xml:id="o5454-050430"
                     n="32-a-0930"
                     ecep:lem="god"
                     ecep:pos="n1"
                     ecep:reg="GOD"
                     ecep:spe="GOD"
                     ecep:syllab="1"
                     ecep:pron="gɒd">GOD</w>
                  <c> </c>
                  <w xmlns:ecep="http://www.eighteenthcenturypoetry.org/ns"
                     xml:id="o5454-050440"
                     n="32-a-0940"
                     ecep:lem="abhor"
                     ecep:pos="vvz"
                     ecep:reg="abhors"
                     ecep:spe="abhors"
                     ecep:syllab="2"
                     ecep:pron="əbˈhɔːz">abhors</w>
                  <c> </c>
                  <w xmlns:ecep="http://www.eighteenthcenturypoetry.org/ns"
                     xml:id="o5454-050450"
                     n="32-a-0950"
                     ecep:lem="deceit"
                     ecep:pos="n1"
                     ecep:reg="Deceit"
                     ecep:spe="Deceit"
                     ecep:syllab="2"
                     ecep:pron="dɪˈsiːt">Deceit</w>
                  <c> </c>
                  <w xmlns:ecep="http://www.eighteenthcenturypoetry.org/ns"
                     xml:id="o5454-050460"
                     n="32-a-0960"
                     ecep:lem="and"
                     ecep:pos="cc"
                     ecep:reg="and"
                     ecep:spe="and"
                     ecep:syllab="1"
                     ecep:pron="ænd">and</w>
                  <c> </c>
                  <w xmlns:ecep="http://www.eighteenthcenturypoetry.org/ns"
                     xml:id="o5454-050470"
                     n="32-a-0970"
                     ecep:lem="wrong"
                     ecep:pos="j-jn"
                     ecep:reg="Wrong"
                     ecep:spe="Wrong"
                     ecep:syllab="1"
                     ecep:pron="rɒŋ">Wrong</w>
                  <pc xmlns:ecep="http://www.eighteenthcenturypoetry.org/ns"
                      xml:id="o5454-050480"
                      n="32-a-0980"
                      unit="sentence"
                      ecep:lem="?"
                      ecep:pos="?"
                      ecep:reg="?"
                      ecep:spe="?">?</pc>
                  <c> </c>
               </l>
               <l xml:id="o5454-l01775">
                  <w xmlns:ecep="http://www.eighteenthcenturypoetry.org/ns"
                     xml:id="o5454-050490"
                     n="32-a-0990"
                     ecep:lem="how"
                     ecep:pos="c-crq"
                     ecep:reg="How"
                     ecep:spe="How"
                     ecep:syllab="1"
                     ecep:pron="haʊ">How</w>
                  <c> </c>
                  <w xmlns:ecep="http://www.eighteenthcenturypoetry.org/ns"
                     xml:id="o5454-050500"
                     n="32-a-1000"
                     ecep:lem="Ananias"
                     ecep:pos="np1"
                     ecep:reg="Ananias"
                     ecep:spe="Ananias"
                     ecep:syllab="4"
                     ecep:pron="ˌænəˈnaɪəs">Ananias</w>
                  <c> </c>
                  <w xmlns:ecep="http://www.eighteenthcenturypoetry.org/ns"
                     xml:id="o5454-050510"
                     n="32-a-1010"
                     ecep:lem="be"
                     ecep:pos="vbds"
                     ecep:reg="was"
                     ecep:spe="was"
                     ecep:syllab="1"
                     ecep:pron="wɒz">was</w>
                  <c> </c>
                  <w xmlns:ecep="http://www.eighteenthcenturypoetry.org/ns"
                     xml:id="o5454-050520"
                     n="32-a-1020"
                     ecep:lem="strike"
                     ecep:pos="vvn"
                     ecep:reg="struck"
                     ecep:spe="struck"
                     ecep:syllab="1"
                     ecep:pron="strʌk">struck</w>
                  <c> </c>
                  <w xmlns:ecep="http://www.eighteenthcenturypoetry.org/ns"
                     xml:id="o5454-050530"
                     n="32-a-1030"
                     ecep:lem="dead"
                     ecep:pos="j"
                     ecep:reg="dead"
                     ecep:spe="dead"
                     ecep:syllab="1"
                     ecep:pron="ded">dead</w>
                  <pc xmlns:ecep="http://www.eighteenthcenturypoetry.org/ns"
                      xml:id="o5454-050540"
                      n="32-a-1040"
                      ecep:lem=","
                      ecep:pos=","
                      ecep:reg=","
                      ecep:spe=",">,</pc>
               </l>
               <l xml:id="o5454-l01780">
                  <c> </c>
                  <w xmlns:ecep="http://www.eighteenthcenturypoetry.org/ns"
                     xml:id="o5454-050550"
                     n="32-a-1050"
                     ecep:lem="catch"
                     ecep:pos="vvn"
                     ecep:reg="Caught"
                     ecep:spe="Catch'd"
                     ecep:syllab="1"
                     ecep:pron="kˈætʃd">Catch'd</w>
                  <c> </c>
                  <w xmlns:ecep="http://www.eighteenthcenturypoetry.org/ns"
                     xml:id="o5454-050560"
                     n="32-a-1060"
                     ecep:lem="with"
                     ecep:pos="p-acp"
                     ecep:reg="with"
                     ecep:spe="with"
                     ecep:syllab="1"
                     ecep:pron="wɪð">with</w>
                  <c> </c>
                  <w xmlns:ecep="http://www.eighteenthcenturypoetry.org/ns"
                     xml:id="o5454-050570"
                     n="32-a-1070"
                     ecep:lem="a"
                     ecep:pos="dt"
                     ecep:reg="a"
                     ecep:spe="a"
                     ecep:syllab="1"
                     ecep:pron="ə">a</w>
                  <c> </c>
                  <w xmlns:ecep="http://www.eighteenthcenturypoetry.org/ns"
                     xml:id="o5454-050580"
                     n="32-a-1080"
                     ecep:lem="lie"
                     ecep:pos="n1"
                     ecep:reg="Lie"
                     ecep:spe="Lie"
                     ecep:syllab="1"
                     ecep:pron="laɪ">Lie</w>
                  <c> </c>
                  <w xmlns:ecep="http://www.eighteenthcenturypoetry.org/ns"
                     xml:id="o5454-050590"
                     n="32-a-1090"
                     ecep:lem="upon"
                     ecep:pos="p-acp"
                     ecep:reg="upon"
                     ecep:spe="upon"
                     ecep:syllab="2"
                     ecep:pron="əˈpɒn">upon</w>
                  <c> </c>
                  <w xmlns:ecep="http://www.eighteenthcenturypoetry.org/ns"
                     xml:id="o5454-050600"
                     n="32-a-1100"
                     ecep:lem="his"
                     ecep:pos="po31"
                     ecep:reg="his"
                     ecep:spe="his"
                     ecep:syllab="1"
                     ecep:pron="hɪz">his</w>
                  <c> </c>
                  <w xmlns:ecep="http://www.eighteenthcenturypoetry.org/ns"
                     xml:id="o5454-050610"
                     n="32-a-1110"
                     ecep:lem="tongue"
                     ecep:pos="n1"
                     ecep:reg="Tongue"
                     ecep:spe="Tongue"
                     ecep:syllab="1"
                     ecep:pron="tʌŋ">Tongue</w>
                  <pc xmlns:ecep="http://www.eighteenthcenturypoetry.org/ns"
                      xml:id="o5454-050620"
                      n="32-a-1120"
                      unit="sentence"
                      ecep:lem="?"
                      ecep:pos="?"
                      ecep:reg="?"
                      ecep:spe="?">?</pc>
                  <c> </c>
               </l>
            </lg>
            <lg n="4" xml:id="o5454-s00520">
               <head>
                  <w xmlns:ecep="http://www.eighteenthcenturypoetry.org/ns"
                     xml:id="o5454-050660"
                     n="32-a-1130"
                     ecep:lem="iv"
                     ecep:pos="crd"
                     ecep:reg="IV"
                     ecep:spe="IV"
                     ecep:syllab="1"
                     ecep:pron="rˌəʊmənfˈɔː">IV</w>
                  <pc xmlns:ecep="http://www.eighteenthcenturypoetry.org/ns"
                      xml:id="o5454-050670"
                      n="32-a-1140"
                      unit="sentence"
                      ecep:lem="."
                      ecep:pos="."
                      ecep:reg="."
                      ecep:spe=".">.</pc>
               </head>
               <l xml:id="o5454-l01785">
                  <w xmlns:ecep="http://www.eighteenthcenturypoetry.org/ns"
                     xml:id="o5454-050690"
                     n="32-a-1150"
                     ecep:lem="so"
                     ecep:pos="av"
                     ecep:reg="So"
                     ecep:spe="So"
                     ecep:syllab="1"
                     ecep:pron="səʊ">So</w>
                  <c> </c>
                  <w xmlns:ecep="http://www.eighteenthcenturypoetry.org/ns"
                     xml:id="o5454-050700"
                     n="32-a-1160"
                     ecep:lem="do"
                     ecep:pos="vdd"
                     ecep:reg="did"
                     ecep:spe="did"
                     ecep:syllab="1"
                     ecep:pron="dɪd">did</w>
                  <c> </c>
                  <w xmlns:ecep="http://www.eighteenthcenturypoetry.org/ns"
                     xml:id="o5454-050710"
                     n="32-a-1170"
                     ecep:lem="his"
                     ecep:pos="po31"
                     ecep:reg="his"
                     ecep:spe="his"
                     ecep:syllab="1"
                     ecep:pron="hɪz">his</w>
                  <c> </c>
                  <w xmlns:ecep="http://www.eighteenthcenturypoetry.org/ns"
                     xml:id="o5454-050720"
                     n="32-a-1180"
                     ecep:lem="wife"
                     ecep:pos="n1"
                     ecep:reg="Wife"
                     ecep:spe="Wife"
                     ecep:syllab="1"
                     ecep:pron="waɪf">Wife</w>
                  <c> </c>
                  <w xmlns:ecep="http://www.eighteenthcenturypoetry.org/ns"
                     xml:id="o5454-050730"
                     n="32-a-1190"
                     ecep:lem="sapphira"
                     ecep:pos="np1"
                     ecep:reg="Sapphira"
                     ecep:spe="Sapphira"
                     ecep:syllab="3"
                     ecep:pron="sæfˈiərə">Sapphira</w>
                  <c> </c>
                  <w xmlns:ecep="http://www.eighteenthcenturypoetry.org/ns"
                     xml:id="o5454-050740"
                     n="32-a-1200"
                     ecep:lem="die"
                     ecep:pos="vvi"
                     ecep:reg="die"
                     ecep:spe="die"
                     ecep:syllab="1"
                     ecep:pron="daɪ">die</w>
                  <pc xmlns:ecep="http://www.eighteenthcenturypoetry.org/ns"
                      xml:id="o5454-050750"
                      n="32-a-1210"
                      ecep:lem=","
                      ecep:pos=","
                      ecep:reg=","
                      ecep:spe=",">,</pc>
               </l>
               <l xml:id="o5454-l01790">
                  <c> </c>
                  <w xmlns:ecep="http://www.eighteenthcenturypoetry.org/ns"
                     xml:id="o5454-050760"
                     n="32-a-1220"
                     ecep:lem="when"
                     ecep:pos="c-crq"
                     ecep:reg="When"
                     ecep:spe="When"
                     ecep:syllab="1"
                     ecep:pron="wen">When</w>
                  <c> </c>
                  <w xmlns:ecep="http://www.eighteenthcenturypoetry.org/ns"
                     xml:id="o5454-050770"
                     n="32-a-1230"
                     ecep:lem="she"
                     ecep:pos="pns31"
                     ecep:reg="she"
                     ecep:spe="she"
                     ecep:syllab="1"
                     ecep:pron="ʃiː">she</w>
                  <c> </c>
                  <w xmlns:ecep="http://www.eighteenthcenturypoetry.org/ns"
                     xml:id="o5454-050780"
                     n="32-a-1240"
                     ecep:lem="come"
                     ecep:pos="vvd"
                     ecep:reg="came"
                     ecep:spe="came"
                     ecep:syllab="1"
                     ecep:pron="keɪm">came</w>
                  <c> </c>
                  <w xmlns:ecep="http://www.eighteenthcenturypoetry.org/ns"
                     xml:id="o5454-050790"
                     n="32-a-1250"
                     ecep:lem="in"
                     ecep:pos="p-acp"
                     ecep:reg="in"
                     ecep:spe="in"
                     ecep:syllab="1"
                     ecep:pron="ɪn">in</w>
                  <pc xmlns:ecep="http://www.eighteenthcenturypoetry.org/ns"
                      xml:id="o5454-050800"
                      n="32-a-1260"
                      ecep:lem=","
                      ecep:pos=","
                      ecep:reg=","
                      ecep:spe=",">,</pc>
                  <c> </c>
                  <w xmlns:ecep="http://www.eighteenthcenturypoetry.org/ns"
                     xml:id="o5454-050810"
                     n="32-a-1270"
                     ecep:lem="and"
                     ecep:pos="cc"
                     ecep:reg="and"
                     ecep:spe="and"
                     ecep:syllab="1"
                     ecep:pron="ænd">and</w>
                  <c> </c>
                  <w xmlns:ecep="http://www.eighteenthcenturypoetry.org/ns"
                     xml:id="o5454-050820"
                     n="32-a-1280"
                     ecep:lem="grow"
                     ecep:pos="vvd"
                     ecep:reg="grew"
                     ecep:spe="grew"
                     ecep:syllab="1"
                     ecep:pron="gruː">grew</w>
                  <c> </c>
                  <w xmlns:ecep="http://www.eighteenthcenturypoetry.org/ns"
                     xml:id="o5454-050830"
                     n="32-a-1290"
                     ecep:lem="so"
                     ecep:pos="av"
                     ecep:reg="so"
                     ecep:spe="so"
                     ecep:syllab="1"
                     ecep:pron="səʊ">so</w>
                  <c> </c>
                  <w xmlns:ecep="http://www.eighteenthcenturypoetry.org/ns"
                     xml:id="o5454-050840"
                     n="32-a-1300"
                     ecep:lem="bold"
                     ecep:pos="j"
                     ecep:reg="bold"
                     ecep:spe="bold"
                     ecep:syllab="1"
                     ecep:pron="bəʊld">bold</w>
               </l>
               <l xml:id="o5454-l01795">
                  <c> </c>
                  <w xmlns:ecep="http://www.eighteenthcenturypoetry.org/ns"
                     xml:id="o5454-050850"
                     n="32-a-1310"
                     ecep:lem="as"
                     ecep:pos="c-acp"
                     ecep:reg="As"
                     ecep:spe="As"
                     ecep:syllab="1"
                     ecep:pron="æz">As</w>
                  <c> </c>
                  <w xmlns:ecep="http://www.eighteenthcenturypoetry.org/ns"
                     xml:id="o5454-050860"
                     n="32-a-1320"
                     ecep:lem="to"
                     ecep:pos="pc-acp"
                     ecep:reg="to"
                     ecep:spe="to"
                     ecep:syllab="1"
                     ecep:pron="tuː">to</w>
                  <c> </c>
                  <w xmlns:ecep="http://www.eighteenthcenturypoetry.org/ns"
                     xml:id="o5454-050870"
                     n="32-a-1330"
                     ecep:lem="confirm"
                     ecep:pos="vvi"
                     ecep:reg="confirm"
                     ecep:spe="confirm"
                     ecep:syllab="2"
                     ecep:pron="kənˈfɜːm">confirm</w>
                  <c> </c>
                  <w xmlns:ecep="http://www.eighteenthcenturypoetry.org/ns"
                     xml:id="o5454-050880"
                     n="32-a-1340"
                     ecep:lem="that"
                     ecep:pos="d"
                     ecep:reg="that"
                     ecep:spe="that"
                     ecep:syllab="1"
                     ecep:pron="ðæt">that</w>
                  <c> </c>
                  <w xmlns:ecep="http://www.eighteenthcenturypoetry.org/ns"
                     xml:id="o5454-050890"
                     n="32-a-1350"
                     ecep:lem="wicked"
                     ecep:pos="j"
                     ecep:reg="wicked"
                     ecep:spe="wicked"
                     ecep:syllab="2"
                     ecep:pron="ˈwɪkɪd">wicked</w>
                  <c> </c>
                  <w xmlns:ecep="http://www.eighteenthcenturypoetry.org/ns"
                     xml:id="o5454-050900"
                     n="32-a-1360"
                     ecep:lem="lie"
                     ecep:pos="n1"
                     ecep:reg="Lie"
                     ecep:spe="Lie"
                     ecep:syllab="1"
                     ecep:pron="laɪ">Lie</w>
               </l>
               <l xml:id="o5454-l01800">
                  <c> </c>
                  <w xmlns:ecep="http://www.eighteenthcenturypoetry.org/ns"
                     xml:id="o5454-050910"
                     n="32-a-1370"
                     ecep:lem="that"
                     ecep:pos="cst"
                     ecep:reg="That"
                     ecep:spe="That"
                     ecep:syllab="1"
                     ecep:pron="ðæt">That</w>
                  <c> </c>
                  <w xmlns:ecep="http://www.eighteenthcenturypoetry.org/ns"
                     xml:id="o5454-050920"
                     n="32-a-1380"
                     ecep:lem="just"
                     ecep:pos="av-j"
                     ecep:reg="just"
                     ecep:spe="just"
                     ecep:syllab="1"
                     ecep:pron="dʒʌst">just</w>
                  <c> </c>
                  <w xmlns:ecep="http://www.eighteenthcenturypoetry.org/ns"
                     xml:id="o5454-050930"
                     n="32-a-1390"
                     ecep:lem="before"
                     ecep:pos="p-acp"
                     ecep:reg="before"
                     ecep:spe="before"
                     ecep:syllab="2"
                     ecep:pron="bɪˈfɔː">before</w>
                  <c> </c>
                  <w xmlns:ecep="http://www.eighteenthcenturypoetry.org/ns"
                     xml:id="o5454-050940"
                     n="32-a-1400"
                     ecep:lem="her"
                     ecep:pos="po31"
                     ecep:reg="her"
                     ecep:spe="her"
                     ecep:syllab="1"
                     ecep:pron="hɜː">her</w>
                  <c> </c>
                  <w xmlns:ecep="http://www.eighteenthcenturypoetry.org/ns"
                     xml:id="o5454-050950"
                     n="32-a-1410"
                     ecep:lem="husband"
                     ecep:pos="n1"
                     ecep:reg="Husband"
                     ecep:spe="Husband"
                     ecep:syllab="2"
                     ecep:pron="ˈhʌzbənd">Husband</w>
                  <c> </c>
                  <w xmlns:ecep="http://www.eighteenthcenturypoetry.org/ns"
                     xml:id="o5454-050960"
                     n="32-a-1420"
                     ecep:lem="tell"
                     ecep:pos="vvd"
                     ecep:reg="told"
                     ecep:spe="told"
                     ecep:syllab="1"
                     ecep:pron="təʊld">told</w>
                  <pc xmlns:ecep="http://www.eighteenthcenturypoetry.org/ns"
                      xml:id="o5454-050970"
                      n="32-a-1430"
                      unit="sentence"
                      ecep:lem="."
                      ecep:pos="."
                      ecep:reg="."
                      ecep:spe=".">.</pc>
                  <c> </c>
               </l>
            </lg>
            <pb facs="o5454/0038" n="23" rend="none"/>
            <lg n="5" xml:id="o5454-s00525">
               <head>
                  <w xmlns:ecep="http://www.eighteenthcenturypoetry.org/ns"
                     xml:id="o5454-051010"
                     n="33-a-0010"
                     ecep:lem="v."
                     ecep:pos="crd"
                     ecep:reg="V"
                     ecep:spe="V."
                     ecep:syllab="1"
                     ecep:pron="viː">V.</w>
                  <pc unit="sentence" xml:id="o5454-051010-eos" n="33-a-0020"/>
               </head>
               <l xml:id="o5454-l01805">
                  <w xmlns:ecep="http://www.eighteenthcenturypoetry.org/ns"
                     xml:id="o5454-051030"
                     n="33-a-0030"
                     ecep:lem="the"
                     ecep:pos="dt"
                     ecep:reg="The"
                     ecep:spe="The"
                     ecep:syllab="1"
                     ecep:pron="ðiː">The</w>
                  <c> </c>
                  <w xmlns:ecep="http://www.eighteenthcenturypoetry.org/ns"
                     xml:id="o5454-051040"
                     n="33-a-0040"
                     ecep:lem="lord"
                     ecep:pos="n1"
                     ecep:reg="LORD"
                     ecep:spe="LORD"
                     ecep:syllab="1"
                     ecep:pron="lɔːd">LORD</w>
                  <c> </c>
                  <w xmlns:ecep="http://www.eighteenthcenturypoetry.org/ns"
                     xml:id="o5454-051050"
                     n="33-a-0050"
                     ecep:lem="delight"
                     ecep:pos="vvz"
                     ecep:reg="delights"
                     ecep:spe="delights"
                     ecep:syllab="2"
                     ecep:pron="dɪˈlaɪts">delights</w>
                  <c> </c>
                  <w xmlns:ecep="http://www.eighteenthcenturypoetry.org/ns"
                     xml:id="o5454-051060"
                     n="33-a-0060"
                     ecep:lem="in"
                     ecep:pos="p-acp"
                     ecep:reg="in"
                     ecep:spe="in"
                     ecep:syllab="1"
                     ecep:pron="ɪn">in</w>
                  <c> </c>
                  <w xmlns:ecep="http://www.eighteenthcenturypoetry.org/ns"
                     xml:id="o5454-051070"
                     n="33-a-0070"
                     ecep:lem="they"
                     ecep:pos="pno32"
                     ecep:reg="them"
                     ecep:spe="them"
                     ecep:syllab="1"
                     ecep:pron="ðem">them</w>
                  <c> </c>
                  <w xmlns:ecep="http://www.eighteenthcenturypoetry.org/ns"
                     xml:id="o5454-051080"
                     n="33-a-0080"
                     ecep:lem="that"
                     ecep:pos="cst"
                     ecep:reg="that"
                     ecep:spe="that"
                     ecep:syllab="1"
                     ecep:pron="ðæt">that</w>
                  <c> </c>
                  <w xmlns:ecep="http://www.eighteenthcenturypoetry.org/ns"
                     xml:id="o5454-051090"
                     n="33-a-0090"
                     ecep:lem="speak"
                     ecep:pos="vvb"
                     ecep:reg="speak"
                     ecep:spe="speak"
                     ecep:syllab="1"
                     ecep:pron="spiːk">speak</w>
               </l>
               <l xml:id="o5454-l01810">
                  <c> </c>
                  <w xmlns:ecep="http://www.eighteenthcenturypoetry.org/ns"
                     xml:id="o5454-051100"
                     n="33-a-0100"
                     ecep:lem="the"
                     ecep:pos="dt"
                     ecep:reg="The"
                     ecep:spe="The"
                     ecep:syllab="1"
                     ecep:pron="ðiː">The</w>
                  <c> </c>
                  <w xmlns:ecep="http://www.eighteenthcenturypoetry.org/ns"
                     xml:id="o5454-051110"
                     n="33-a-0110"
                     ecep:lem="word"
                     ecep:pos="n2"
                     ecep:reg="Words"
                     ecep:spe="Words"
                     ecep:syllab="1"
                     ecep:pron="wɜːdz">Words</w>
                  <c> </c>
                  <w xmlns:ecep="http://www.eighteenthcenturypoetry.org/ns"
                     xml:id="o5454-051120"
                     n="33-a-0120"
                     ecep:lem="of"
                     ecep:pos="pp-f"
                     ecep:reg="of"
                     ecep:spe="of"
                     ecep:syllab="1"
                     ecep:pron="ɒv">of</w>
                  <c> </c>
                  <w xmlns:ecep="http://www.eighteenthcenturypoetry.org/ns"
                     xml:id="o5454-051130"
                     n="33-a-0130"
                     ecep:lem="truth"
                     ecep:pos="n1"
                     ecep:reg="Truth"
                     ecep:spe="Truth"
                     ecep:syllab="1"
                     ecep:pron="truːθ">Truth</w>
                  <pc xmlns:ecep="http://www.eighteenthcenturypoetry.org/ns"
                      xml:id="o5454-051140"
                      n="33-a-0140"
                      ecep:lem=";"
                      ecep:pos=";"
                      ecep:reg=";"
                      ecep:spe=";">;</pc>
                  <c> </c>
                  <w xmlns:ecep="http://www.eighteenthcenturypoetry.org/ns"
                     xml:id="o5454-051150"
                     n="33-a-0150"
                     ecep:lem="but"
                     ecep:pos="cc-acp"
                     ecep:reg="but"
                     ecep:spe="but"
                     ecep:syllab="1"
                     ecep:pron="bʌt">but</w>
                  <c> </c>
                  <w xmlns:ecep="http://www.eighteenthcenturypoetry.org/ns"
                     xml:id="o5454-051160"
                     n="33-a-0160"
                     ecep:lem="every"
                     ecep:pos="d"
                     ecep:reg="every"
                     ecep:spe="ev'ry"
                     ecep:syllab="2"
                     ecep:pron="ˈevri">ev'ry</w>
                  <c> </c>
                  <w xmlns:ecep="http://www.eighteenthcenturypoetry.org/ns"
                     xml:id="o5454-051170"
                     n="33-a-0170"
                     ecep:lem="liar"
                     ecep:pos="n1"
                     ecep:reg="Liar"
                     ecep:spe="Liar"
                     ecep:syllab="2"
                     ecep:pron="ˈlaɪə">Liar</w>
               </l>
               <l xml:id="o5454-l01815">
                  <c> </c>
                  <w xmlns:ecep="http://www.eighteenthcenturypoetry.org/ns"
                     xml:id="o5454-051180"
                     n="33-a-0180"
                     ecep:lem="must"
                     ecep:pos="vmb"
                     ecep:reg="Must"
                     ecep:spe="Must"
                     ecep:syllab="1"
                     ecep:pron="mʌst">Must</w>
                  <c> </c>
                  <w xmlns:ecep="http://www.eighteenthcenturypoetry.org/ns"
                     xml:id="o5454-051190"
                     n="33-a-0190"
                     ecep:lem="have"
                     ecep:pos="vhi"
                     ecep:reg="have"
                     ecep:spe="have"
                     ecep:syllab="1"
                     ecep:pron="hæv">have</w>
                  <c> </c>
                  <w xmlns:ecep="http://www.eighteenthcenturypoetry.org/ns"
                     xml:id="o5454-051200"
                     n="33-a-0200"
                     ecep:lem="his"
                     ecep:pos="po31"
                     ecep:reg="his"
                     ecep:spe="his"
                     ecep:syllab="1"
                     ecep:pron="hɪz">his</w>
                  <c> </c>
                  <w xmlns:ecep="http://www.eighteenthcenturypoetry.org/ns"
                     xml:id="o5454-051210"
                     n="33-a-0210"
                     ecep:lem="portion"
                     ecep:pos="n1"
                     ecep:reg="Portion"
                     ecep:spe="Portion"
                     ecep:syllab="2"
                     ecep:pron="ˈpɔːʃn">Portion</w>
                  <c> </c>
                  <w xmlns:ecep="http://www.eighteenthcenturypoetry.org/ns"
                     xml:id="o5454-051220"
                     n="33-a-0220"
                     ecep:lem="in"
                     ecep:pos="p-acp"
                     ecep:reg="in"
                     ecep:spe="in"
                     ecep:syllab="1"
                     ecep:pron="ɪn">in</w>
                  <c> </c>
                  <w xmlns:ecep="http://www.eighteenthcenturypoetry.org/ns"
                     xml:id="o5454-051230"
                     n="33-a-0230"
                     ecep:lem="the"
                     ecep:pos="dt"
                     ecep:reg="the"
                     ecep:spe="the"
                     ecep:syllab="1"
                     ecep:pron="ðiː">the</w>
                  <c> </c>
                  <w xmlns:ecep="http://www.eighteenthcenturypoetry.org/ns"
                     xml:id="o5454-051240"
                     n="33-a-0240"
                     ecep:lem="lake"
                     ecep:pos="n1"
                     ecep:reg="Lake"
                     ecep:spe="Lake"
                     ecep:syllab="1"
                     ecep:pron="leɪk">Lake</w>
               </l>
               <l xml:id="o5454-l01820">
                  <c> </c>
                  <w xmlns:ecep="http://www.eighteenthcenturypoetry.org/ns"
                     xml:id="o5454-051250"
                     n="33-a-0250"
                     ecep:lem="that"
                     ecep:pos="cst"
                     ecep:reg="That"
                     ecep:spe="That"
                     ecep:syllab="1"
                     ecep:pron="ðæt">That</w>
                  <c> </c>
                  <w xmlns:ecep="http://www.eighteenthcenturypoetry.org/ns"
                     xml:id="o5454-051260"
                     n="33-a-0260"
                     ecep:lem="burn"
                     ecep:pos="vvz"
                     ecep:reg="burns"
                     ecep:spe="burns"
                     ecep:syllab="1"
                     ecep:pron="bɜːnz">burns</w>
                  <c> </c>
                  <w xmlns:ecep="http://www.eighteenthcenturypoetry.org/ns"
                     xml:id="o5454-051270"
                     n="33-a-0270"
                     ecep:lem="with"
                     ecep:pos="p-acp"
                     ecep:reg="with"
                     ecep:spe="with"
                     ecep:syllab="1"
                     ecep:pron="wɪð">with</w>
                  <c> </c>
                  <w xmlns:ecep="http://www.eighteenthcenturypoetry.org/ns"
                     xml:id="o5454-051280"
                     n="33-a-0280"
                     ecep:lem="brimstone"
                     ecep:pos="n1"
                     ecep:reg="Brimstone"
                     ecep:spe="Brimstone"
                     ecep:syllab="2"
                     ecep:pron="ˈbrɪmstən">Brimstone</w>
                  <c> </c>
                  <w xmlns:ecep="http://www.eighteenthcenturypoetry.org/ns"
                     xml:id="o5454-051290"
                     n="33-a-0290"
                     ecep:lem="and"
                     ecep:pos="cc"
                     ecep:reg="and"
                     ecep:spe="and"
                     ecep:syllab="1"
                     ecep:pron="ænd">and</w>
                  <c> </c>
                  <w xmlns:ecep="http://www.eighteenthcenturypoetry.org/ns"
                     xml:id="o5454-051300"
                     n="33-a-0300"
                     ecep:lem="with"
                     ecep:pos="p-acp"
                     ecep:reg="with"
                     ecep:spe="with"
                     ecep:syllab="1"
                     ecep:pron="wɪð">with</w>
                  <c> </c>
                  <w xmlns:ecep="http://www.eighteenthcenturypoetry.org/ns"
                     xml:id="o5454-051310"
                     n="33-a-0310"
                     ecep:lem="fire"
                     ecep:pos="n1"
                     ecep:reg="Fire"
                     ecep:spe="Fire"
                     ecep:syllab="1"
                     ecep:pron="fæə">Fire</w>
                  <pc xmlns:ecep="http://www.eighteenthcenturypoetry.org/ns"
                      xml:id="o5454-051320"
                      n="33-a-0320"
                      unit="sentence"
                      ecep:lem="."
                      ecep:pos="."
                      ecep:reg="."
                      ecep:spe=".">.</pc>
                  <c> </c>
               </l>
            </lg>
            <lg n="6" xml:id="o5454-s00530">
               <head>
                  <w xmlns:ecep="http://www.eighteenthcenturypoetry.org/ns"
                     xml:id="o5454-051360"
                     n="33-a-0330"
                     ecep:lem="vi"
                     ecep:pos="crd"
                     ecep:reg="VI"
                     ecep:spe="VI"
                     ecep:syllab="1"
                     ecep:pron="ˈvaɪ">VI</w>
                  <pc xmlns:ecep="http://www.eighteenthcenturypoetry.org/ns"
                      xml:id="o5454-051370"
                      n="33-a-0340"
                      unit="sentence"
                      ecep:lem="."
                      ecep:pos="."
                      ecep:reg="."
                      ecep:spe=".">.</pc>
               </head>
               <l xml:id="o5454-l01825">
                  <w xmlns:ecep="http://www.eighteenthcenturypoetry.org/ns"
                     xml:id="o5454-051390"
                     n="33-a-0350"
                     ecep:lem="then"
                     ecep:pos="av"
                     ecep:reg="Then"
                     ecep:spe="Then"
                     ecep:syllab="1"
                     ecep:pron="ðen">Then</w>
                  <c> </c>
                  <w xmlns:ecep="http://www.eighteenthcenturypoetry.org/ns"
                     xml:id="o5454-051400"
                     n="33-a-0360"
                     ecep:lem="let"
                     ecep:pos="vvb"
                     ecep:reg="let"
                     ecep:spe="let"
                     ecep:syllab="1"
                     ecep:pron="let">let</w>
                  <c> </c>
                  <w xmlns:ecep="http://www.eighteenthcenturypoetry.org/ns"
                     xml:id="o5454-051410"
                     n="33-a-0370"
                     ecep:lem="i"
                     ecep:pos="pno11"
                     ecep:reg="me"
                     ecep:spe="me"
                     ecep:syllab="1"
                     ecep:pron="miː">me</w>
                  <c> </c>
                  <w xmlns:ecep="http://www.eighteenthcenturypoetry.org/ns"
                     xml:id="o5454-051420"
                     n="33-a-0380"
                     ecep:lem="always"
                     ecep:pos="av"
                     ecep:reg="always"
                     ecep:spe="always"
                     ecep:syllab="2"
                     ecep:pron="ˈɔːlweɪz">always</w>
                  <c> </c>
                  <w xmlns:ecep="http://www.eighteenthcenturypoetry.org/ns"
                     xml:id="o5454-051430"
                     n="33-a-0390"
                     ecep:lem="watch"
                     ecep:pos="vvi"
                     ecep:reg="watch"
                     ecep:spe="watch"
                     ecep:syllab="1"
                     ecep:pron="wɒtʃ">watch</w>
                  <c> </c>
                  <w xmlns:ecep="http://www.eighteenthcenturypoetry.org/ns"
                     xml:id="o5454-051440"
                     n="33-a-0400"
                     ecep:lem="my"
                     ecep:pos="po11"
                     ecep:reg="my"
                     ecep:spe="my"
                     ecep:syllab="1"
                     ecep:pron="maɪ">my</w>
                  <c> </c>
                  <w xmlns:ecep="http://www.eighteenthcenturypoetry.org/ns"
                     xml:id="o5454-051450"
                     n="33-a-0410"
                     ecep:lem="lip"
                     ecep:pos="n2"
                     ecep:reg="Lips"
                     ecep:spe="Lips"
                     ecep:syllab="1"
                     ecep:pron="lɪps">Lips</w>
                  <pc xmlns:ecep="http://www.eighteenthcenturypoetry.org/ns"
                      xml:id="o5454-051460"
                      n="33-a-0420"
                      ecep:lem=","
                      ecep:pos=","
                      ecep:reg=","
                      ecep:spe=",">,</pc>
               </l>
               <l xml:id="o5454-l01830">
                  <c> </c>
                  <w xmlns:ecep="http://www.eighteenthcenturypoetry.org/ns"
                     xml:id="o5454-051470"
                     n="33-a-0430"
                     ecep:lem="lest"
                     ecep:pos="cs"
                     ecep:reg="Lest"
                     ecep:spe="Lest"
                     ecep:syllab="1"
                     ecep:pron="lest">Lest</w>
                  <c> </c>
                  <w xmlns:ecep="http://www.eighteenthcenturypoetry.org/ns"
                     xml:id="o5454-051480"
                     n="33-a-0440"
                     ecep:lem="i"
                     ecep:pos="pns11"
                     ecep:reg="I"
                     ecep:spe="I"
                     ecep:syllab="1"
                     ecep:pron="aɪ">I</w>
                  <c> </c>
                  <w xmlns:ecep="http://www.eighteenthcenturypoetry.org/ns"
                     xml:id="o5454-051490"
                     n="33-a-0450"
                     ecep:lem="be"
                     ecep:pos="vbi"
                     ecep:reg="be"
                     ecep:spe="be"
                     ecep:syllab="1"
                     ecep:pron="biː">be</w>
                  <c> </c>
                  <w xmlns:ecep="http://www.eighteenthcenturypoetry.org/ns"
                     xml:id="o5454-051500"
                     n="33-a-0460"
                     ecep:lem="strike"
                     ecep:pos="vvn"
                     ecep:reg="struck"
                     ecep:spe="struck"
                     ecep:syllab="1"
                     ecep:pron="strʌk">struck</w>
                  <c> </c>
                  <w xmlns:ecep="http://www.eighteenthcenturypoetry.org/ns"
                     xml:id="o5454-051510"
                     n="33-a-0470"
                     ecep:lem="to"
                     ecep:pos="p-acp"
                     ecep:reg="to"
                     ecep:spe="to"
                     ecep:syllab="1"
                     ecep:pron="tuː">to</w>
                  <c> </c>
                  <w xmlns:ecep="http://www.eighteenthcenturypoetry.org/ns"
                     xml:id="o5454-051520"
                     n="33-a-0480"
                     ecep:lem="death"
                     ecep:pos="n1"
                     ecep:reg="Death"
                     ecep:spe="Death"
                     ecep:syllab="1"
                     ecep:pron="deθ">Death</w>
                  <c> </c>
                  <w xmlns:ecep="http://www.eighteenthcenturypoetry.org/ns"
                     xml:id="o5454-051530"
                     n="33-a-0490"
                     ecep:lem="and"
                     ecep:pos="cc"
                     ecep:reg="and"
                     ecep:spe="and"
                     ecep:syllab="1"
                     ecep:pron="ænd">and</w>
                  <c> </c>
                  <w xmlns:ecep="http://www.eighteenthcenturypoetry.org/ns"
                     xml:id="o5454-051540"
                     n="33-a-0500"
                     ecep:lem="hell"
                     ecep:pos="n1"
                     ecep:reg="Hell"
                     ecep:spe="Hell"
                     ecep:syllab="1"
                     ecep:pron="hel">Hell</w>
                  <pc xmlns:ecep="http://www.eighteenthcenturypoetry.org/ns"
                      xml:id="o5454-051550"
                      n="33-a-0510"
                      ecep:lem=","
                      ecep:pos=","
                      ecep:reg=","
                      ecep:spe=",">,</pc>
               </l>
               <l xml:id="o5454-l01835">
                  <c> </c>
                  <w xmlns:ecep="http://www.eighteenthcenturypoetry.org/ns"
                     xml:id="o5454-051560"
                     n="33-a-0520"
                     ecep:lem="since"
                     ecep:pos="c-acp"
                     ecep:reg="Since"
                     ecep:spe="Since"
                     ecep:syllab="1"
                     ecep:pron="sɪns">Since</w>
                  <c> </c>
                  <w xmlns:ecep="http://www.eighteenthcenturypoetry.org/ns"
                     xml:id="o5454-051570"
                     n="33-a-0530"
                     ecep:lem="god"
                     ecep:pos="n1"
                     ecep:reg="GOD"
                     ecep:spe="GOD"
                     ecep:syllab="1"
                     ecep:pron="gɒd">GOD</w>
                  <c> </c>
                  <w xmlns:ecep="http://www.eighteenthcenturypoetry.org/ns"
                     xml:id="o5454-051580"
                     n="33-a-0540"
                     ecep:lem="a"
                     ecep:pos="dt"
                     ecep:reg="a"
                     ecep:spe="a"
                     ecep:syllab="1"
                     ecep:pron="ə">a</w>
                  <c> </c>
                  <w xmlns:ecep="http://www.eighteenthcenturypoetry.org/ns"
                     xml:id="o5454-051590"
                     n="33-a-0550"
                     ecep:lem="book"
                     ecep:pos="n1"
                     ecep:reg="Book"
                     ecep:spe="Book"
                     ecep:syllab="1"
                     ecep:pron="bʊk">Book</w>
                  <c> </c>
                  <w xmlns:ecep="http://www.eighteenthcenturypoetry.org/ns"
                     xml:id="o5454-051600"
                     n="33-a-0560"
                     ecep:lem="of"
                     ecep:pos="pp-f"
                     ecep:reg="of"
                     ecep:spe="of"
                     ecep:syllab="1"
                     ecep:pron="ɒv">of</w>
                  <c> </c>
                  <w xmlns:ecep="http://www.eighteenthcenturypoetry.org/ns"
                     xml:id="o5454-051610"
                     n="33-a-0570"
                     ecep:lem="reckon"
                     ecep:pos="vvg"
                     ecep:reg="Reckoning"
                     ecep:spe="Reck'ning"
                     ecep:syllab="2"
                     ecep:pron="rˈeknɪŋ">Reck'ning</w>
                  <c> </c>
                  <w xmlns:ecep="http://www.eighteenthcenturypoetry.org/ns"
                     xml:id="o5454-051620"
                     n="33-a-0580"
                     ecep:lem="keep"
                     ecep:pos="vvz"
                     ecep:reg="keeps"
                     ecep:spe="keeps"
                     ecep:syllab="1"
                     ecep:pron="kiːps">keeps</w>
               </l>
               <l xml:id="o5454-l01840">
                  <c> </c>
                  <w xmlns:ecep="http://www.eighteenthcenturypoetry.org/ns"
                     xml:id="o5454-051630"
                     n="33-a-0590"
                     ecep:lem="for"
                     ecep:pos="p-acp"
                     ecep:reg="For"
                     ecep:spe="For"
                     ecep:syllab="1"
                     ecep:pron="fɔː">For</w>
                  <c> </c>
                  <w xmlns:ecep="http://www.eighteenthcenturypoetry.org/ns"
                     xml:id="o5454-051640"
                     n="33-a-0600"
                     ecep:lem="every"
                     ecep:pos="d"
                     ecep:reg="every"
                     ecep:spe="ev'ry"
                     ecep:syllab="2"
                     ecep:pron="ˈevri">ev'ry</w>
                  <c> </c>
                  <w xmlns:ecep="http://www.eighteenthcenturypoetry.org/ns"
                     xml:id="o5454-051650"
                     n="33-a-0610"
                     ecep:lem="lie"
                     ecep:pos="vvb"
                     ecep:reg="Lie"
                     ecep:spe="Lie"
                     ecep:syllab="1"
                     ecep:pron="laɪ">Lie</w>
                  <c> </c>
                  <w xmlns:ecep="http://www.eighteenthcenturypoetry.org/ns"
                     xml:id="o5454-051660"
                     n="33-a-0620"
                     ecep:lem="that"
                     ecep:pos="cst"
                     ecep:reg="that"
                     ecep:spe="that"
                     ecep:syllab="1"
                     ecep:pron="ðæt">that</w>
                  <c> </c>
                  <w xmlns:ecep="http://www.eighteenthcenturypoetry.org/ns"
                     xml:id="o5454-051670"
                     n="33-a-0630"
                     ecep:lem="child"
                     ecep:pos="n2"
                     ecep:reg="Children"
                     ecep:spe="Children"
                     ecep:syllab="2"
                     ecep:pron="ˈtʃɪldrn">Children</w>
                  <c> </c>
                  <w xmlns:ecep="http://www.eighteenthcenturypoetry.org/ns"
                     xml:id="o5454-051680"
                     n="33-a-0640"
                     ecep:lem="tell"
                     ecep:pos="vvb"
                     ecep:reg="tell"
                     ecep:spe="tell"
                     ecep:syllab="1"
                     ecep:pron="tel">tell</w>
                  <pc xmlns:ecep="http://www.eighteenthcenturypoetry.org/ns"
                      xml:id="o5454-051690"
                      n="33-a-0650"
                      unit="sentence"
                      ecep:lem="."
                      ecep:pos="."
                      ecep:reg="."
                      ecep:spe=".">.</pc>
                  <c> </c>
               </l>
            </lg>
         </div>
      </body>
   </text>
</TEI>
