<?xml version="1.0" encoding="utf-8"?>
<!DOCTYPE div
  SYSTEM "about:legacy-compat">
<div xmlns:ecep="http://www.eighteenthcenturypoetry.org/ns"
     xmlns="http://www.tei-c.org/ns/1.0"
     xmlns:tei="http://www.tei-c.org/ns/1.0"
     ana="#iamb #pentameter #couplet #heroiccouplet #pair #satire"
     corresp="#txt_DuckSt1705_w0021"
     decls="#semi-normalized"
     ecep:syllab="10"
     met="-+|-+|-+|-+|-+/"
     rendition="#lgvspace"
     rhyme="aa"
     subtype="eceptext"
     type="poem"
     xml:id="o4741-w0190">
   <link target="authors.xml#aut_DuckSt1705" type="author"/>
   <head type="main">
      <hi>
         <w xml:id="o4741-336080"
            n="201-a-0010"
            ecep:lem="proper"
            ecep:pos="j"
            ecep:reg="Proper"
            ecep:spe="Proper"
            ecep:syllab="2"
            ecep:pron="ˈprɒpə">Proper</w>
         <c> </c>
         <w xml:id="o4741-336090"
            n="201-a-0020"
            ecep:lem="ingredient"
            ecep:pos="n2"
            ecep:reg="Ingredients"
            ecep:spe="Ingredients"
            ecep:syllab="4"
            ecep:pron="ɪnˈgriːdiənts">Ingredients</w>
      </hi>
      <c> </c>
      <w xml:id="o4741-336100"
         n="201-a-0030"
         ecep:lem="to"
         ecep:pos="pc-acp"
         ecep:reg="to"
         ecep:spe="to"
         ecep:syllab="1"
         ecep:pron="tuː">to</w>
      <c> </c>
      <w xml:id="o4741-336110"
         n="201-a-0040"
         ecep:lem="make"
         ecep:pos="vvi"
         ecep:reg="make"
         ecep:spe="make"
         ecep:syllab="1"
         ecep:pron="meɪk">make</w>
      <c> </c>
      <w xml:id="o4741-336120"
         n="201-a-0050"
         ecep:lem="a"
         ecep:pos="dt"
         ecep:reg="a"
         ecep:spe="a"
         ecep:syllab="1"
         ecep:pron="ə">a</w>
      <c> </c>
      <hi>
         <w xml:id="o4741-336130"
            n="201-a-0060"
            ecep:lem="sceptic"
            ecep:pos="j"
            ecep:reg="Sceptic"
            ecep:spe="Sceptic"
            ecep:syllab="2"
            ecep:pron="ˈskeptɪk">Sceptic</w>
         <pc xml:id="o4741-336140"
             n="201-a-0070"
             unit="sentence"
             ecep:lem="."
             ecep:pos="."
             ecep:reg="."
             ecep:spe=".">.</pc>
         <c> </c>
      </hi>
   </head>
   <lg xml:id="o4741-s00940">
      <l xml:id="o4741-l11675">
         <w xml:id="o4741-336170"
            n="201-a-0080"
            ecep:lem="will"
            ecep:pos="vmd"
            ecep:reg="WOULD"
            ecep:spe="WOULD"
            ecep:syllab="1"
            ecep:pron="wʊd">WOULD</w>
         <c> </c>
         <w xml:id="o4741-336180"
            n="201-a-0090"
            ecep:lem="you"
            ecep:pos="pn22"
            ecep:reg="you"
            ecep:spe="you"
            ecep:syllab="1"
            ecep:pron="juː">you</w>
         <pc xml:id="o4741-336190"
             n="201-a-0100"
             ecep:lem=","
             ecep:pos=","
             ecep:reg=","
             ecep:spe=",">,</pc>
         <c> </c>
         <w xml:id="o4741-336200"
            n="201-a-0110"
            ecep:lem="my"
            ecep:pos="po11"
            ecep:reg="my"
            ecep:spe="my"
            ecep:syllab="1"
            ecep:pron="maɪ">my</w>
         <c> </c>
         <w xml:id="o4741-336210"
            n="201-a-0120"
            ecep:lem="friend"
            ecep:pos="n1"
            ecep:reg="Friend"
            ecep:spe="Friend"
            ecep:syllab="1"
            ecep:pron="frend">Friend</w>
         <pc xml:id="o4741-336220"
             n="201-a-0130"
             ecep:lem=","
             ecep:pos=","
             ecep:reg=","
             ecep:spe=",">,</pc>
         <c> </c>
         <w xml:id="o4741-336230"
            n="201-a-0140"
            ecep:lem="a"
            ecep:pos="dt"
            ecep:reg="a"
            ecep:spe="a"
            ecep:syllab="1"
            ecep:pron="ə">a</w>
         <c> </c>
         <w xml:id="o4741-336240"
            n="201-a-0150"
            ecep:lem="finish"
            ecep:pos="j-vvn"
            ecep:reg="finished"
            ecep:spe="finish'd"
            ecep:syllab="2"
            ecep:pron="ˈfɪnɪʃt">finish'd</w>
         <c> </c>
         <w xml:id="o4741-336250"
            n="201-a-0160"
            ecep:lem="sceptic"
            ecep:pos="j"
            ecep:reg="Sceptic"
            ecep:spe="Sceptic"
            ecep:syllab="2"
            ecep:pron="ˈskeptɪk">Sceptic</w>
         <c> </c>
         <w xml:id="o4741-336260"
            n="201-a-0170"
            ecep:lem="make"
            ecep:pos="vvi"
            ecep:reg="make"
            ecep:spe="make"
            ecep:syllab="1"
            ecep:pron="meɪk">make</w>
         <pc xml:id="o4741-336270"
             n="201-a-0180"
             ecep:lem=","
             ecep:pos=","
             ecep:reg=","
             ecep:spe=",">,</pc>
      </l>
      <l xml:id="o4741-l11680">
         <c> </c>
         <w xml:id="o4741-336280"
            n="201-a-0190"
            ecep:lem="to"
            ecep:pos="pc-acp"
            ecep:reg="To"
            ecep:spe="To"
            ecep:syllab="1"
            ecep:pron="tuː">To</w>
         <c> </c>
         <w xml:id="o4741-336290"
            n="201-a-0200"
            ecep:lem="form"
            ecep:pos="vvi"
            ecep:reg="form"
            ecep:spe="form"
            ecep:syllab="1"
            ecep:pron="fɔːm">form</w>
         <c> </c>
         <w xml:id="o4741-336300"
            n="201-a-0210"
            ecep:lem="his"
            ecep:pos="po31"
            ecep:reg="his"
            ecep:spe="his"
            ecep:syllab="1"
            ecep:pron="hɪz">his</w>
         <c> </c>
         <w xml:id="o4741-336310"
            n="201-a-0220"
            ecep:lem="nature"
            ecep:pos="n1"
            ecep:reg="Nature"
            ecep:spe="Nature"
            ecep:syllab="2"
            ecep:pron="ˈneɪtʃə">Nature</w>
         <pc xml:id="o4741-336320"
             n="201-a-0230"
             ecep:lem=","
             ecep:pos=","
             ecep:reg=","
             ecep:spe=",">,</pc>
         <c> </c>
         <w xml:id="o4741-336330"
            n="201-a-0240"
            ecep:lem="these"
            ecep:pos="d"
            ecep:reg="these"
            ecep:spe="these"
            ecep:syllab="1"
            ecep:pron="ðiːz">these</w>
         <c> </c>
         <w xml:id="o4741-336340"
            n="201-a-0250"
            ecep:lem="material"
            ecep:pos="n2-jn"
            ecep:reg="Materials"
            ecep:spe="Materials"
            ecep:syllab="4"
            ecep:pron="məˈtɪəriəlz">Materials</w>
         <c> </c>
         <w xml:id="o4741-336350"
            n="201-a-0260"
            ecep:lem="take"
            ecep:pos="vvb"
            ecep:reg="take"
            ecep:spe="take"
            ecep:syllab="1"
            ecep:pron="teɪk">take</w>
         <pc xml:id="o4741-336360"
             n="201-a-0270"
             ecep:lem=":"
             ecep:pos=":"
             ecep:reg=":"
             ecep:spe=":">:</pc>
      </l>
      <l xml:id="o4741-l11685">
         <c> </c>
         <w xml:id="o4741-336370"
            n="201-a-0280"
            ecep:lem="a"
            ecep:pos="dt"
            ecep:reg="A"
            ecep:spe="A"
            ecep:syllab="1"
            ecep:pron="ə">A</w>
         <c> </c>
         <w xml:id="o4741-336380"
            n="201-a-0290"
            ecep:lem="little"
            ecep:pos="j"
            ecep:reg="little"
            ecep:spe="little"
            ecep:syllab="2"
            ecep:pron="ˈlɪtl">little</w>
         <c> </c>
         <w xml:id="o4741-336390"
            n="201-a-0300"
            ecep:lem="learning"
            ecep:pos="n1"
            ecep:reg="Learning"
            ecep:spe="Learning"
            ecep:syllab="2"
            ecep:pron="ˈlɜːnɪŋ">Learning</w>
         <pc xml:id="o4741-336400"
             n="201-a-0310"
             ecep:lem=";"
             ecep:pos=";"
             ecep:reg=";"
             ecep:spe=";">;</pc>
         <c> </c>
         <w xml:id="o4741-336410"
            n="201-a-0320"
            ecep:lem="twenty"
            ecep:pos="crd"
            ecep:reg="twenty"
            ecep:spe="twenty"
            ecep:syllab="2"
            ecep:pron="ˈtwenti">twenty</w>
         <c> </c>
         <w xml:id="o4741-336420"
            n="201-a-0330"
            ecep:lem="grains"
            ecep:pos="n1"
            ecep:reg="Grains"
            ecep:spe="Grains"
            ecep:syllab="1"
            ecep:pron="greɪnz">Grains</w>
         <c> </c>
         <w xml:id="o4741-336430"
            n="201-a-0340"
            ecep:lem="of"
            ecep:pos="pp-f"
            ecep:reg="of"
            ecep:spe="of"
            ecep:syllab="1"
            ecep:pron="ɒv">of</w>
         <c> </c>
         <w xml:id="o4741-336440"
            n="201-a-0350"
            ecep:lem="sense"
            ecep:pos="n1"
            ecep:reg="Sense"
            ecep:spe="Sense"
            ecep:syllab="1"
            ecep:pron="sens">Sense</w>
         <pc xml:id="o4741-336450"
             n="201-a-0360"
             ecep:lem=","
             ecep:pos=","
             ecep:reg=","
             ecep:spe=",">,</pc>
      </l>
      <l xml:id="o4741-l11690">
         <c> </c>
         <w xml:id="o4741-336460"
            n="201-a-0370"
            ecep:lem="join"
            ecep:pos="vvn"
            ecep:reg="Joined"
            ecep:spe="Join'd"
            ecep:syllab="1"
            ecep:pron="dʒɔɪnd">Join'd</w>
         <c> </c>
         <w xml:id="o4741-336470"
            n="201-a-0380"
            ecep:lem="with"
            ecep:pos="p-acp"
            ecep:reg="with"
            ecep:spe="with"
            ecep:syllab="1"
            ecep:pron="wɪð">with</w>
         <c> </c>
         <w xml:id="o4741-336480"
            n="201-a-0390"
            ecep:lem="a"
            ecep:pos="dt"
            ecep:reg="a"
            ecep:spe="a"
            ecep:syllab="1"
            ecep:pron="ə">a</w>
         <c> </c>
         <w xml:id="o4741-336490"
            n="201-a-0400"
            ecep:lem="double"
            ecep:pos="j"
            ecep:reg="double"
            ecep:spe="double"
            ecep:syllab="2"
            ecep:pron="ˈdʌbl">double</w>
         <c> </c>
         <w xml:id="o4741-336500"
            n="201-a-0410"
            ecep:lem="share"
            ecep:pos="n1"
            ecep:reg="Share"
            ecep:spe="Share"
            ecep:syllab="1"
            ecep:pron="ʃeə">Share</w>
         <c> </c>
         <w xml:id="o4741-336510"
            n="201-a-0420"
            ecep:lem="of"
            ecep:pos="pp-f"
            ecep:reg="of"
            ecep:spe="of"
            ecep:syllab="1"
            ecep:pron="ɒv">of</w>
         <c> </c>
         <w xml:id="o4741-336520"
            n="201-a-0430"
            ecep:lem="ignorance"
            ecep:pos="n1"
            ecep:reg="Ignorance"
            ecep:spe="Ignorance"
            ecep:syllab="3"
            ecep:pron="ˈɪgnərəns">Ignorance</w>
         <pc xml:id="o4741-336530"
             n="201-a-0440"
             ecep:lem=";"
             ecep:pos=";"
             ecep:reg=";"
             ecep:spe=";">;</pc>
      </l>
      <l xml:id="o4741-l11695">
         <c> </c>
         <w xml:id="o4741-336540"
            n="201-a-0450"
            ecep:lem="infuse"
            ecep:pos="vvb"
            ecep:reg="Infuse"
            ecep:spe="Infuse"
            ecep:syllab="2"
            ecep:pron="ɪnˈfjuːz">Infuse</w>
         <c> </c>
         <w xml:id="o4741-336550"
            n="201-a-0460"
            ecep:lem="a"
            ecep:pos="dt"
            ecep:reg="a"
            ecep:spe="a"
            ecep:syllab="1"
            ecep:pron="ə">a</w>
         <c> </c>
         <hi>
            <w xml:id="o4741-336560"
               n="201-a-0470"
               ecep:lem="little"
               ecep:pos="j"
               ecep:reg="little"
               ecep:spe="little"
               ecep:syllab="2"
               ecep:pron="ˈlɪtl">little</w>
            <c> </c>
            <w xml:id="o4741-336570"
               n="201-a-0480"
               ecep:lem="wit"
               ecep:pos="n1"
               ecep:reg="Wit"
               ecep:spe="Wit"
               ecep:syllab="1"
               ecep:pron="wɪt">Wit</w>
         </hi>
         <c> </c>
         <w xml:id="o4741-336580"
            n="201-a-0490"
            ecep:lem="into"
            ecep:pos="p-acp"
            ecep:reg="into"
            ecep:spe="into"
            ecep:syllab="2"
            ecep:pron="ˈɪntuː">into</w>
         <c> </c>
         <w xml:id="o4741-336590"
            n="201-a-0500"
            ecep:lem="the"
            ecep:pos="dt"
            ecep:reg="the"
            ecep:spe="the"
            ecep:syllab="1"
            ecep:pron="ðiː">the</w>
         <c> </c>
         <w xml:id="o4741-336600"
            n="201-a-0510"
            ecep:lem="Scull"
            ecep:pos="np1"
            ecep:reg="Scull"
            ecep:spe="Scull"
            ecep:syllab="1"
            ecep:pron="skʌl">Scull</w>
         <pc xml:id="o4741-336610"
             n="201-a-0520"
             ecep:lem=","
             ecep:pos=","
             ecep:reg=","
             ecep:spe=",">,</pc>
      </l>
      <l xml:id="o4741-l11700">
         <c> </c>
         <w xml:id="o4741-336620"
            n="201-a-0530"
            ecep:lem="which"
            ecep:pos="r-crq"
            ecep:reg="Which"
            ecep:spe="Which"
            ecep:syllab="1"
            ecep:pron="wɪtʃ">Which</w>
         <c> </c>
         <w xml:id="o4741-336630"
            n="201-a-0540"
            ecep:lem="never"
            ecep:pos="av-x"
            ecep:reg="never"
            ecep:spe="never"
            ecep:syllab="2"
            ecep:pron="ˈnevə">never</w>
         <c> </c>
         <w xml:id="o4741-336640"
            n="201-a-0550"
            ecep:lem="fail"
            ecep:pos="vvz"
            ecep:reg="fails"
            ecep:spe="fails"
            ecep:syllab="1"
            ecep:pron="feɪlz">fails</w>
         <c> </c>
         <w xml:id="o4741-336650"
            n="201-a-0560"
            ecep:lem="to"
            ecep:pos="pc-acp"
            ecep:reg="to"
            ecep:spe="to"
            ecep:syllab="1"
            ecep:pron="tuː">to</w>
         <c> </c>
         <w xml:id="o4741-336660"
            n="201-a-0570"
            ecep:lem="make"
            ecep:pos="vvi"
            ecep:reg="make"
            ecep:spe="make"
            ecep:syllab="1"
            ecep:pron="meɪk">make</w>
         <c> </c>
         <w xml:id="o4741-336670"
            n="201-a-0580"
            ecep:lem="a"
            ecep:pos="dt"
            ecep:reg="a"
            ecep:spe="a"
            ecep:syllab="1"
            ecep:pron="ə">a</w>
         <c> </c>
         <hi>
            <w xml:id="o4741-336680"
               n="201-a-0590"
               ecep:lem="mighty"
               ecep:pos="j"
               ecep:reg="mighty"
               ecep:spe="mighty"
               ecep:syllab="2"
               ecep:pron="ˈmaɪti">mighty</w>
            <c> </c>
            <w xml:id="o4741-336690"
               n="201-a-0600"
               ecep:lem="fool"
               ecep:pos="n1"
               ecep:reg="Fool"
               ecep:spe="Fool"
               ecep:syllab="1"
               ecep:pron="fuːl">Fool</w>
         </hi>
         <pc xml:id="o4741-336700"
             n="201-a-0610"
             ecep:lem=";"
             ecep:pos=";"
             ecep:reg=";"
             ecep:spe=";">;</pc>
      </l>
      <l xml:id="o4741-l11705">
         <c> </c>
         <w xml:id="o4741-336710"
            n="201-a-0620"
            ecep:lem="two"
            ecep:pos="crd"
            ecep:reg="Two"
            ecep:spe="Two"
            ecep:syllab="1"
            ecep:pron="tuː">Two</w>
         <c> </c>
         <w xml:id="o4741-336720"
            n="201-a-0630"
            ecep:lem="dram"
            ecep:pos="n2"
            ecep:reg="Drams"
            ecep:spe="Drams"
            ecep:syllab="1"
            ecep:pron="dræmz">Drams</w>
         <c> </c>
         <w xml:id="o4741-336730"
            n="201-a-0640"
            ecep:lem="of"
            ecep:pos="pp-f"
            ecep:reg="of"
            ecep:spe="of"
            ecep:syllab="1"
            ecep:pron="ɒv">of</w>
         <c> </c>
         <w xml:id="o4741-336740"
            n="201-a-0650"
            ecep:lem="faith"
            ecep:pos="n1"
            ecep:reg="Faith"
            ecep:spe="Faith"
            ecep:syllab="1"
            ecep:pron="feɪθ">Faith</w>
         <pc xml:id="o4741-336750"
             n="201-a-0660"
             ecep:lem=";"
             ecep:pos=";"
             ecep:reg=";"
             ecep:spe=";">;</pc>
         <c> </c>
         <w xml:id="o4741-336760"
            n="201-a-0670"
            ecep:lem="a"
            ecep:pos="dt"
            ecep:reg="a"
            ecep:spe="a"
            ecep:syllab="1"
            ecep:pron="ə">a</w>
         <c> </c>
         <w xml:id="o4741-336770"
            n="201-a-0680"
            ecep:lem="tun"
            ecep:pos="n1"
            ecep:reg="Tun"
            ecep:spe="Tun"
            ecep:syllab="1"
            ecep:pron="tʌn">Tun</w>
         <c> </c>
         <w xml:id="o4741-336780"
            n="201-a-0690"
            ecep:lem="of"
            ecep:pos="pp-f"
            ecep:reg="of"
            ecep:spe="of"
            ecep:syllab="1"
            ecep:pron="ɒv">of</w>
         <c> </c>
         <w xml:id="o4741-336790"
            n="201-a-0700"
            ecep:lem="doubt"
            ecep:pos="vvg"
            ecep:reg="Doubting"
            ecep:spe="Doubting"
            ecep:syllab="2"
            ecep:pron="ˈdaʊtɪŋ">Doubting</w>
         <c> </c>
         <w xml:id="o4741-336800"
            n="201-a-0710"
            ecep:lem="next"
            ecep:pos="ord"
            ecep:reg="next"
            ecep:spe="next"
            ecep:syllab="1"
            ecep:pron="nekst">next</w>
         <pc xml:id="o4741-336810"
             n="201-a-0720"
             ecep:lem=";"
             ecep:pos=";"
             ecep:reg=";"
             ecep:spe=";">;</pc>
      </l>
      <l xml:id="o4741-l11710">
         <c> </c>
         <w xml:id="o4741-336820"
            n="201-a-0730"
            ecep:lem="let"
            ecep:pos="vvb"
            ecep:reg="Let"
            ecep:spe="Let"
            ecep:syllab="1"
            ecep:pron="let">Let</w>
         <c> </c>
         <w xml:id="o4741-336830"
            n="201-a-0740"
            ecep:lem="all"
            ecep:pos="d"
            ecep:reg="all"
            ecep:spe="all"
            ecep:syllab="1"
            ecep:pron="ɔːl">all</w>
         <c> </c>
         <w xml:id="o4741-336840"
            n="201-a-0750"
            ecep:lem="be"
            ecep:pos="vbi"
            ecep:reg="be"
            ecep:spe="be"
            ecep:syllab="1"
            ecep:pron="biː">be</w>
         <c> </c>
         <w xml:id="o4741-336850"
            n="201-a-0760"
            ecep:lem="with"
            ecep:pos="p-acp"
            ecep:reg="with"
            ecep:spe="with"
            ecep:syllab="1"
            ecep:pron="wɪð">with</w>
         <c> </c>
         <w xml:id="o4741-336860"
            n="201-a-0770"
            ecep:lem="the"
            ecep:pos="dt"
            ecep:reg="the"
            ecep:spe="the"
            ecep:syllab="1"
            ecep:pron="ðiː">the</w>
         <c> </c>
         <w xml:id="o4741-336870"
            n="201-a-0780"
            ecep:lem="dregs"
            ecep:pos="n2"
            ecep:reg="Dregs"
            ecep:spe="Dregs"
            ecep:syllab="1"
            ecep:pron="dregz">Dregs</w>
         <c> </c>
         <w xml:id="o4741-336880"
            n="201-a-0790"
            ecep:lem="of"
            ecep:pos="pp-f"
            ecep:reg="of"
            ecep:spe="of"
            ecep:syllab="1"
            ecep:pron="ɒv">of</w>
         <c> </c>
         <w xml:id="o4741-336890"
            n="201-a-0800"
            ecep:lem="reason"
            ecep:pos="n1"
            ecep:reg="Reason"
            ecep:spe="Reason"
            ecep:syllab="2"
            ecep:pron="ˈriːzn">Reason</w>
         <c> </c>
         <w xml:id="o4741-336900"
            n="201-a-0810"
            ecep:lem="mix"
            ecep:pos="vvd"
            ecep:reg="mixed"
            ecep:spe="mixt"
            ecep:syllab="1"
            ecep:pron="mɪkst">mixt</w>
         <pc xml:id="o4741-336910"
             n="201-a-0820"
             ecep:lem=":"
             ecep:pos=":"
             ecep:reg=":"
             ecep:spe=":">:</pc>
      </l>
      <l xml:id="o4741-l11715">
         <c> </c>
         <w xml:id="o4741-336920"
            n="201-a-0830"
            ecep:lem="when"
            ecep:pos="c-crq"
            ecep:reg="When"
            ecep:spe="When"
            ecep:syllab="1"
            ecep:pron="wen">When</w>
         <c> </c>
         <w xml:id="o4741-336930"
            n="201-a-0840"
            ecep:lem="in"
            ecep:pos="p-acp"
            ecep:reg="in"
            ecep:spe="in"
            ecep:syllab="1"
            ecep:pron="ɪn">in</w>
         <c> </c>
         <w xml:id="o4741-336940"
            n="201-a-0850"
            ecep:lem="his"
            ecep:pos="po31"
            ecep:reg="his"
            ecep:spe="his"
            ecep:syllab="1"
            ecep:pron="hɪz">his</w>
         <c> </c>
         <w xml:id="o4741-336950"
            n="201-a-0860"
            ecep:lem="mind"
            ecep:pos="n1"
            ecep:reg="Mind"
            ecep:spe="Mind"
            ecep:syllab="1"
            ecep:pron="maɪnd">Mind</w>
         <pc xml:id="o4741-336960"
             n="201-a-0870"
             ecep:lem=","
             ecep:pos=","
             ecep:reg=","
             ecep:spe=",">,</pc>
         <c> </c>
         <w xml:id="o4741-336970"
            n="201-a-0880"
            ecep:lem="these"
            ecep:pos="d"
            ecep:reg="these"
            ecep:spe="these"
            ecep:syllab="1"
            ecep:pron="ðiːz">these</w>
         <c> </c>
         <w xml:id="o4741-336980"
            n="201-a-0890"
            ecep:lem="jar"
            ecep:pos="j-vvg"
            ecep:reg="jarring"
            ecep:spe="jarring"
            ecep:syllab="2"
            ecep:pron="ˈdʒɑːrɪŋ">jarring</w>
         <c> </c>
         <w xml:id="o4741-336990"
            n="201-a-0900"
            ecep:lem="seed"
            ecep:pos="n2"
            ecep:reg="Seeds"
            ecep:spe="Seeds"
            ecep:syllab="1"
            ecep:pron="siːdz">Seeds</w>
         <c> </c>
         <w xml:id="o4741-337000"
            n="201-a-0910"
            ecep:lem="be"
            ecep:pos="vbr"
            ecep:reg="are"
            ecep:spe="are"
            ecep:syllab="1"
            ecep:pron="ɑː">are</w>
         <c> </c>
         <w xml:id="o4741-337010"
            n="201-a-0920"
            ecep:lem="sow"
            ecep:pos="vvn"
            ecep:reg="sown"
            ecep:spe="sown"
            ecep:syllab="1"
            ecep:pron="səʊn">sown</w>
         <pc xml:id="o4741-337020"
             n="201-a-0930"
             ecep:lem=","
             ecep:pos=","
             ecep:reg=","
             ecep:spe=",">,</pc>
      </l>
      <l xml:id="o4741-l11720">
         <c> </c>
         <w xml:id="o4741-337030"
            n="201-a-0940"
            ecep:lem="he|will"
            ecep:pos="pns31|vmb"
            ecep:reg="He'll"
            ecep:spe="He'll"
            ecep:syllab="1"
            ecep:pron="hiːl">He'll</w>
         <c> </c>
         <w xml:id="o4741-337040"
            n="201-a-0950"
            ecep:lem="censure"
            ecep:pos="vvi"
            ecep:reg="censure"
            ecep:spe="censure"
            ecep:syllab="2"
            ecep:pron="ˈsenʃə">censure</w>
         <c> </c>
         <w xml:id="o4741-337050"
            n="201-a-0960"
            ecep:lem="all"
            ecep:pos="d"
            ecep:reg="all"
            ecep:spe="all"
            ecep:syllab="1"
            ecep:pron="ɔːl">all</w>
         <c> </c>
         <w xml:id="o4741-337060"
            n="201-a-0970"
            ecep:lem="thing"
            ecep:pos="n2"
            ecep:reg="Things"
            ecep:spe="Things"
            ecep:syllab="1"
            ecep:pron="θɪŋz">Things</w>
         <pc xml:id="o4741-337070"
             n="201-a-0980"
             ecep:lem=","
             ecep:pos=","
             ecep:reg=","
             ecep:spe=",">,</pc>
         <c> </c>
         <w xml:id="o4741-337080"
            n="201-a-0990"
            ecep:lem="but"
            ecep:pos="cc-acp"
            ecep:reg="but"
            ecep:spe="but"
            ecep:syllab="1"
            ecep:pron="bʌt">but</w>
         <c> </c>
         <w xml:id="o4741-337090"
            n="201-a-1000"
            ecep:lem="approve"
            ecep:pos="vvb"
            ecep:reg="approve"
            ecep:spe="approve"
            ecep:syllab="2"
            ecep:pron="əˈpruːv">approve</w>
         <c> </c>
         <w xml:id="o4741-337100"
            n="201-a-1010"
            ecep:lem="of"
            ecep:pos="pp-f"
            ecep:reg="of"
            ecep:spe="of"
            ecep:syllab="1"
            ecep:pron="ɒv">of</w>
         <c> </c>
         <w xml:id="o4741-337110"
            n="201-a-1020"
            ecep:lem="none"
            ecep:pos="pix"
            ecep:reg="none"
            ecep:spe="none"
            ecep:syllab="1"
            ecep:pron="nʌn">none</w>
         <pc xml:id="o4741-337120"
             n="201-a-1030"
             unit="sentence"
             ecep:lem="."
             ecep:pos="."
             ecep:reg="."
             ecep:spe=".">.</pc>
         <c> </c>
      </l>
   </lg>
</div>
