<?xml version="1.0" encoding="UTF-8"?>
<?xml-model href="../tei_all.rnc" type="application/relax-ng-compact-syntax"?>
<TEI xmlns="http://www.tei-c.org/ns/1.0">
   <teiHeader>
      <fileDesc>
         <titleStmt>
            <title corresp="#txt_MarrJa1730_w0001">Book I. Ode XVIII. Invitation to his Mistress.</title>
            <author corresp="authors.xml#aut_MarrJa1730">Sir James Marriott</author>
            <respStmt>
               <name xml:id="AH">Alexander Huber</name>
               <resp>Editor</resp>
            </respStmt>
            <funder>
               <name type="institution" xml:id="BOD">Bodleian Libraries, University of Oxford</name>
               <address>
                  <addrLine>Broad Street</addrLine>
                  <addrLine>Oxford OX1 3BG</addrLine>
                  <addrLine>UK</addrLine>
               </address>
            </funder>
         </titleStmt>
         <publicationStmt>
            <publisher xml:id="ECPA">Eighteenth-Century Poetry Archive</publisher>
            <address>
               <addrLine>Taylor Institution Library</addrLine>
               <addrLine>St Giles'</addrLine>
               <addrLine>Oxford OX1 3NA</addrLine>
               <addrLine>UK</addrLine>
               <addrLine>
                  <email>info@eighteenthcenturypoetry.org</email>
               </addrLine>
               <addrLine>
                  <ref target="https://www.eighteenthcenturypoetry.org/">https://www.eighteenthcenturypoetry.org/</ref>
               </addrLine>
            </address>
            <pubPlace>Oxford</pubPlace>
            <availability status="restricted">
               <licence target="http://creativecommons.org/licenses/by-sa/3.0/">This work is licensed under a Creative Commons Attribution-ShareAlike 3.0 Unported License.</licence>
            </availability>
            <idno type="ESTC">T131163</idno>
            <idno type="TCP">K104099.004</idno>
         </publicationStmt>
         <sourceDesc>
            <bibl>
               <author>Dodsley, Robert, 1703-1764.</author>
               <title>A Collection of Poems in Six Volumes. By Several Hands. Vol. IV.</title>
               <pubPlace>London</pubPlace>
               <publisher>printed by J. Hughs, for R. and J. Dodsley</publisher>
               <date>1763 [1st ed. 1758]</date>
               <biblScope>pp. 278-279.</biblScope>
               <extent>6v.: music; 8⁰.</extent>
            </bibl>
         </sourceDesc>
      </fileDesc>
      <encodingDesc>
         <projectDesc>
            <p>This e-text is part of the Works section of the Eighteenth-Century Poetry Archive (ECPA).</p>
            <p>XML created for the Eighteenth-Century Poetry Archive (ECPA).</p>
         </projectDesc>
         <editorialDecl>
            <p>The text has been typographically modernized, but without any silent modernization of
						spelling, capitalization, or punctuation. The source of the text is given and all editorial interventions
						have been recorded in textual notes. Based on the electronic text originally produced by the TCP project, this  text has been edited to conform to the recommendations found in Level 5 of the
						Best Practices for TEI in Libraries version 4.0.0.
					</p>
         </editorialDecl>
         <classDecl>
            <taxonomy xml:id="LCNAF">
               <bibl>Library of Congress Name Authority File (<abbr>LCNAF</abbr>)</bibl>
            </taxonomy>
         </classDecl>
         <tagsDecl>
            <rendition n="linegroups indented" xml:id="lgindent" scheme="css">text-indent: 1em;</rendition>
            <rendition n="linegroups vertically spaced" xml:id="lgvspace" scheme="css">margin-bottom: 1em;</rendition>
            <rendition n="aligned centrally" xml:id="align-center" scheme="css">text-align: center;</rendition>
            <rendition n="aligned right" xml:id="align-right" scheme="css">text-align: right;</rendition>
            <rendition n="aligned left" xml:id="align-left" scheme="css">text-align: left;</rendition>
            <rendition n="inline" xml:id="inline" scheme="css">display: inline</rendition>
            <rendition n="italic" xml:id="i" scheme="css">font-style: italic;</rendition>
            <rendition n="bold" xml:id="b" scheme="css">font-weight: bold;</rendition>
         </tagsDecl>
      </encodingDesc>
   </teiHeader>
   <text>
      <body>
         <div xmlns:tei="http://www.tei-c.org/ns/1.0"
              xmlns:ecep="http://www.eighteenthcenturypoetry.org/ns"
              ana="#iamb #tetrameter #quatrain #cross #imitation #translation #paraphrase"
              corresp="#txt_MarrJa1730_w0001"
              ecep:syllab="8.8.8.8"
              met="-+|-+|-+|-+/          -+|-+|-+|-+/          -+|-+|-+|-+/          -+|-+|-+|-+/"
              rendition="#lgvspace"
              rhyme="abab"
              subtype="eceptext"
              type="translation"
              xml:id="o5155-w0640"
              decls="#semi-normalized">
            <link target="authors.xml#aut_MarrJa1730" type="author"/>
            <link target="26248" type="DMI"/>
            <head type="main">
               <w xml:id="o5155-589930"
                  n="280-a-1000"
                  ecep:lem="book"
                  ecep:pos="n1"
                  ecep:reg="Book"
                  ecep:spe="Book"
                  ecep:syllab="1"
                  ecep:pron="bʊk">Book</w>
               <c> </c>
               <w xml:id="o5155-589940"
                  n="280-a-1010"
                  ecep:lem="i."
                  ecep:pos="crd"
                  ecep:reg="I"
                  ecep:spe="I."
                  ecep:syllab="1"
                  ecep:pron="ˈaɪ">I.</w>
               <c> </c>
               <w xml:id="o5155-589950"
                  n="280-a-1020"
                  ecep:lem="ode"
                  ecep:pos="n1"
                  ecep:reg="Ode"
                  ecep:spe="Ode"
                  ecep:syllab="1"
                  ecep:pron="əʊd">Ode</w>
               <c> </c>
               <w xml:id="o5155-589960"
                  n="280-a-1030"
                  ecep:lem="xviii"
                  ecep:pos="crd"
                  ecep:reg="XVIII"
                  ecep:spe="XVIII"
                  ecep:syllab="1"
                  ecep:pron="rˌəʊmənˈeɪtiːn">XVIII</w>
               <pc xml:id="o5155-589970"
                   n="280-a-1040"
                   unit="sentence"
                   ecep:lem="."
                   ecep:pos="."
                   ecep:reg="."
                   ecep:spe=".">.</pc>
               <c> </c>
               <w xml:id="o5155-589980"
                  n="280-a-1050"
                  ecep:lem="invitation"
                  ecep:pos="n1"
                  ecep:reg="Invitation"
                  ecep:spe="Invitation"
                  ecep:syllab="4"
                  ecep:pron="ˌɪnvɪˈteɪʃn">Invitation</w>
               <c> </c>
               <w xml:id="o5155-589990"
                  n="280-a-1060"
                  ecep:lem="to"
                  ecep:pos="p-acp"
                  ecep:reg="to"
                  ecep:spe="to"
                  ecep:syllab="1"
                  ecep:pron="tuː">to</w>
               <c> </c>
               <w xml:id="o5155-590000"
                  n="280-a-1070"
                  ecep:lem="his"
                  ecep:pos="po31"
                  ecep:reg="his"
                  ecep:spe="his"
                  ecep:syllab="1"
                  ecep:pron="hɪz">his</w>
               <c> </c>
               <w xml:id="o5155-590010"
                  n="280-a-1080"
                  ecep:lem="mistress"
                  ecep:pos="n1"
                  ecep:reg="Mistress"
                  ecep:spe="Mistress"
                  ecep:syllab="2"
                  ecep:pron="ˈmɪstrəs">Mistress</w>
               <pc xml:id="o5155-590020"
                   n="280-a-1090"
                   unit="sentence"
                   ecep:lem="."
                   ecep:pos="."
                   ecep:reg="."
                   ecep:spe=".">.</pc>
            </head>
            <lg xml:id="o5155-s03300">
               <l xml:id="o5155-l31220">
                  <w xml:id="o5155-590050"
                     n="280-a-1100"
                     ecep:lem="oft"
                     ecep:pos="av"
                     ecep:reg="OFT"
                     ecep:spe="OFT"
                     ecep:syllab="1"
                     ecep:pron="ɒft">OFT</w>
                  <c> </c>
                  <w xml:id="o5155-590060"
                     n="280-a-1110"
                     ecep:lem="Faunus"
                     ecep:pos="np1"
                     ecep:reg="Faunus"
                     ecep:spe="Faunus"
                     ecep:syllab="2"
                     ecep:pron="ˈfɔːnəs">Faunus</w>
                  <c> </c>
                  <w xml:id="o5155-590070"
                     n="280-a-1120"
                     ecep:lem="leave"
                     ecep:pos="vvz"
                     ecep:reg="leaves"
                     ecep:spe="leaves"
                     ecep:syllab="1"
                     ecep:pron="liːvz">leaves</w>
                  <c> </c>
                  <w xml:id="o5155-590080"
                     n="280-a-1130"
                     ecep:lem="arcadia"
                     ecep:pos="npg1"
                     ecep:reg="Arcadia's"
                     ecep:spe="Arcadia's"
                     ecep:syllab="4"
                     ecep:pron="ɑːˈkeɪdiəz">Arcadia's</w>
                  <c> </c>
                  <w xml:id="o5155-590090"
                     n="280-a-1140"
                     ecep:lem="plain"
                     ecep:pos="n1"
                     ecep:reg="plain"
                     ecep:spe="plain"
                     ecep:syllab="1"
                     ecep:pron="pleɪn">plain</w>
                  <pc xml:id="o5155-590100"
                      n="280-a-1150"
                      ecep:lem=","
                      ecep:pos=","
                      ecep:reg=","
                      ecep:spe=",">,</pc>
               </l>
               <l xml:id="o5155-l31225">
                  <w xml:id="o5155-590110"
                     n="280-a-1160"
                     ecep:lem="and"
                     ecep:pos="cc"
                     ecep:reg="And"
                     ecep:spe="And"
                     ecep:syllab="1"
                     ecep:pron="ænd">And</w>
                  <c> </c>
                  <w xml:id="o5155-590120"
                     n="280-a-1170"
                     ecep:lem="to"
                     ecep:pos="p-acp"
                     ecep:reg="to"
                     ecep:spe="to"
                     ecep:syllab="1"
                     ecep:pron="tuː">to</w>
                  <c> </c>
                  <w xml:id="o5155-590130"
                     n="280-a-1180"
                     ecep:lem="the"
                     ecep:pos="dt"
                     ecep:reg="the"
                     ecep:spe="the"
                     ecep:syllab="1"
                     ecep:pron="ðiː">the</w>
                  <c> </c>
                  <w xml:id="o5155-590140"
                     n="280-a-1190"
                     ecep:lem="Sabine"
                     ecep:pos="np1"
                     ecep:reg="Sabine"
                     ecep:spe="Sabine"
                     ecep:syllab="2"
                     ecep:pron="sæbaɪn">Sabine</w>
                  <c> </c>
                  <w xml:id="o5155-590150"
                     n="280-a-1200"
                     ecep:lem="hill"
                     ecep:pos="n1"
                     ecep:reg="hill"
                     ecep:spe="hill"
                     ecep:syllab="1"
                     ecep:pron="hɪl">hill</w>
                  <c> </c>
                  <w xml:id="o5155-590160"
                     n="280-a-1210"
                     ecep:lem="retreat"
                     ecep:pos="vvz"
                     ecep:reg="retreats"
                     ecep:spe="retreats"
                     ecep:syllab="2"
                     ecep:pron="rɪˈtriːts">retreats</w>
                  <pc xml:id="o5155-590170"
                      n="280-a-1220"
                      ecep:lem=":"
                      ecep:pos=":"
                      ecep:reg=":"
                      ecep:spe=":">:</pc>
               </l>
               <l xml:id="o5155-l31230">
                  <w xml:id="o5155-590180"
                     n="280-a-1230"
                     ecep:lem="he"
                     ecep:pos="pns31"
                     ecep:reg="He"
                     ecep:spe="He"
                     ecep:syllab="1"
                     ecep:pron="hiː">He</w>
                  <c> </c>
                  <w xml:id="o5155-590190"
                     n="280-a-1240"
                     ecep:lem="guard"
                     ecep:pos="vvz"
                     ecep:reg="guards"
                     ecep:spe="guards"
                     ecep:syllab="1"
                     ecep:pron="gɑːdz">guards</w>
                  <c> </c>
                  <w xml:id="o5155-590200"
                     n="280-a-1250"
                     ecep:lem="my"
                     ecep:pos="po11"
                     ecep:reg="my"
                     ecep:spe="my"
                     ecep:syllab="1"
                     ecep:pron="maɪ">my</w>
                  <c> </c>
                  <w xml:id="o5155-590210"
                     n="280-a-1260"
                     ecep:lem="flock"
                     ecep:pos="n2"
                     ecep:reg="flocks"
                     ecep:spe="flocks"
                     ecep:syllab="1"
                     ecep:pron="flɒks">flocks</w>
                  <c> </c>
                  <w xml:id="o5155-590220"
                     n="280-a-1270"
                     ecep:lem="from"
                     ecep:pos="p-acp"
                     ecep:reg="from"
                     ecep:spe="from"
                     ecep:syllab="1"
                     ecep:pron="frɒm">from</w>
                  <c> </c>
                  <w xml:id="o5155-590230"
                     n="280-a-1280"
                     ecep:lem="rush"
                     ecep:pos="j-vvg"
                     ecep:reg="rushing"
                     ecep:spe="rushing"
                     ecep:syllab="2"
                     ecep:pron="rʌʃɪŋ">rushing</w>
                  <c> </c>
                  <w xml:id="o5155-590240"
                     n="280-a-1290"
                     ecep:lem="rain"
                     ecep:pos="n1"
                     ecep:reg="rain"
                     ecep:spe="rain"
                     ecep:syllab="1"
                     ecep:pron="reɪn">rain</w>
                  <pc xml:id="o5155-590250"
                      n="280-a-1300"
                      ecep:lem=","
                      ecep:pos=","
                      ecep:reg=","
                      ecep:spe=",">,</pc>
               </l>
               <l xml:id="o5155-l31235">
                  <w xml:id="o5155-590260"
                     n="280-a-1310"
                     ecep:lem="from"
                     ecep:pos="p-acp"
                     ecep:reg="From"
                     ecep:spe="From"
                     ecep:syllab="1"
                     ecep:pron="frɒm">From</w>
                  <c> </c>
                  <w xml:id="o5155-590270"
                     n="280-a-1320"
                     ecep:lem="pierce"
                     ecep:pos="j-vvg"
                     ecep:reg="piercing"
                     ecep:spe="piercing"
                     ecep:syllab="2"
                     ecep:pron="pɪəsɪŋ">piercing</w>
                  <c> </c>
                  <w xml:id="o5155-590280"
                     n="280-a-1330"
                     ecep:lem="wind"
                     ecep:pos="n2"
                     ecep:reg="winds"
                     ecep:spe="winds"
                     ecep:syllab="1"
                     ecep:pron="wɪndz">winds</w>
                  <pc xml:id="o5155-590290"
                      n="280-a-1340"
                      ecep:lem=","
                      ecep:pos=","
                      ecep:reg=","
                      ecep:spe=",">,</pc>
                  <c> </c>
                  <w xml:id="o5155-590300"
                     n="280-a-1350"
                     ecep:lem="and"
                     ecep:pos="cc"
                     ecep:reg="and"
                     ecep:spe="and"
                     ecep:syllab="1"
                     ecep:pron="ænd">and</w>
                  <c> </c>
                  <w xml:id="o5155-590310"
                     n="280-a-1360"
                     ecep:lem="scorch"
                     ecep:pos="j-vvg"
                     ecep:reg="scorching"
                     ecep:spe="scorching"
                     ecep:syllab="2"
                     ecep:pron="skɔːtʃɪŋ">scorching</w>
                  <c> </c>
                  <w xml:id="o5155-590320"
                     n="280-a-1370"
                     ecep:lem="heat"
                     ecep:pos="n2"
                     ecep:reg="heats"
                     ecep:spe="heats"
                     ecep:syllab="1"
                     ecep:pron="hiːts">heats</w>
                  <pc xml:id="o5155-590330"
                      n="280-a-1380"
                      unit="sentence"
                      ecep:lem="."
                      ecep:pos="."
                      ecep:reg="."
                      ecep:spe=".">.</pc>
               </l>
            </lg>
            <pb facs="o5155/0284_R" n="279" rend="none"/>
            <lg xml:id="o5155-s03305">
               <l xml:id="o5155-l31240">
                  <w xml:id="o5155-590360"
                     n="281-a-0010"
                     ecep:lem="where"
                     ecep:pos="q-crq"
                     ecep:reg="Where"
                     ecep:spe="Where"
                     ecep:syllab="1"
                     ecep:pron="weə">Where</w>
                  <c> </c>
                  <w xml:id="o5155-590370"
                     n="281-a-0020"
                     ecep:lem="lurk"
                     ecep:pos="vvz"
                     ecep:reg="lurks"
                     ecep:spe="lurks"
                     ecep:syllab="1"
                     ecep:pron="lɜːks">lurks</w>
                  <c> </c>
                  <w xml:id="o5155-590380"
                     n="281-a-0030"
                     ecep:lem="the"
                     ecep:pos="dt"
                     ecep:reg="the"
                     ecep:spe="the"
                     ecep:syllab="1"
                     ecep:pron="ðiː">the</w>
                  <c> </c>
                  <w xml:id="o5155-590390"
                     n="281-a-0040"
                     ecep:lem="thyme"
                     ecep:pos="n1"
                     ecep:reg="thyme"
                     ecep:spe="thyme"
                     ecep:syllab="1"
                     ecep:pron="taɪm">thyme</w>
                  <pc xml:id="o5155-590400"
                      n="281-a-0050"
                      ecep:lem=","
                      ecep:pos=","
                      ecep:reg=","
                      ecep:spe=",">,</pc>
                  <c> </c>
                  <w xml:id="o5155-590410"
                     n="281-a-0060"
                     ecep:lem="or"
                     ecep:pos="cc"
                     ecep:reg="or"
                     ecep:spe="or"
                     ecep:syllab="1"
                     ecep:pron="ɔː">or</w>
                  <c> </c>
                  <w xml:id="o5155-590420"
                     n="281-a-0070"
                     ecep:lem="shrub"
                     ecep:pos="n2"
                     ecep:reg="shrubs"
                     ecep:spe="shrubs"
                     ecep:syllab="1"
                     ecep:pron="ʃrʌbz">shrubs</w>
                  <c> </c>
                  <w xml:id="o5155-590430"
                     n="281-a-0080"
                     ecep:lem="appear"
                     ecep:pos="vvi"
                     ecep:reg="appear"
                     ecep:spe="appear"
                     ecep:syllab="2"
                     ecep:pron="əˈpɪə">appear</w>
                  <pc xml:id="o5155-590440"
                      n="281-a-0090"
                      ecep:lem=","
                      ecep:pos=","
                      ecep:reg=","
                      ecep:spe=",">,</pc>
               </l>
               <l xml:id="o5155-l31245">
                  <w xml:id="o5155-590450"
                     n="281-a-0100"
                     ecep:lem="my"
                     ecep:pos="po11"
                     ecep:reg="My"
                     ecep:spe="My"
                     ecep:syllab="1"
                     ecep:pron="maɪ">My</w>
                  <c> </c>
                  <w xml:id="o5155-590460"
                     n="281-a-0110"
                     ecep:lem="wanton"
                     ecep:pos="j-jn"
                     ecep:reg="wanton"
                     ecep:spe="wanton"
                     ecep:syllab="2"
                     ecep:pron="ˈwɒntən">wanton</w>
                  <c> </c>
                  <w xml:id="o5155-590470"
                     n="281-a-0120"
                     ecep:lem="kid"
                     ecep:pos="vvz"
                     ecep:reg="kids"
                     ecep:spe="kids"
                     ecep:syllab="1"
                     ecep:pron="kɪdz">kids</w>
                  <c> </c>
                  <w xml:id="o5155-590480"
                     n="281-a-0130"
                     ecep:lem="secure"
                     ecep:pos="av-j"
                     ecep:reg="securely"
                     ecep:spe="securely"
                     ecep:syllab="3"
                     ecep:pron="sɪˈkjʊəli">securely</w>
                  <c> </c>
                  <w xml:id="o5155-590490"
                     n="281-a-0140"
                     ecep:lem="play"
                     ecep:pos="n1"
                     ecep:reg="play"
                     ecep:spe="play"
                     ecep:syllab="1"
                     ecep:pron="pleɪ">play</w>
                  <pc xml:id="o5155-590500"
                      n="281-a-0150"
                      ecep:lem=";"
                      ecep:pos=";"
                      ecep:reg=";"
                      ecep:spe=";">;</pc>
               </l>
               <l xml:id="o5155-l31250">
                  <w xml:id="o5155-590510"
                     n="281-a-0160"
                     ecep:lem="my"
                     ecep:pos="po11"
                     ecep:reg="My"
                     ecep:spe="My"
                     ecep:syllab="1"
                     ecep:pron="maɪ">My</w>
                  <c> </c>
                  <w xml:id="o5155-590520"
                     n="281-a-0170"
                     ecep:lem="goat"
                     ecep:pos="n2"
                     ecep:reg="goats"
                     ecep:spe="goats"
                     ecep:syllab="1"
                     ecep:pron="gəʊts">goats</w>
                  <c> </c>
                  <w xml:id="o5155-590530"
                     n="281-a-0180"
                     ecep:lem="no"
                     ecep:pos="av-dx"
                     ecep:reg="no"
                     ecep:spe="no"
                     ecep:syllab="1"
                     ecep:pron="nəʊ">no</w>
                  <c> </c>
                  <w xml:id="o5155-590540"
                     n="281-a-0190"
                     ecep:lem="poisonous"
                     ecep:pos="j"
                     ecep:reg="poisonous"
                     ecep:spe="pois'nous"
                     ecep:syllab="2"
                     ecep:pron="ˈpɔɪznəs">pois'nous</w>
                  <c> </c>
                  <w xml:id="o5155-590550"
                     n="281-a-0200"
                     ecep:lem="serpent"
                     ecep:pos="n1"
                     ecep:reg="serpent"
                     ecep:spe="serpent"
                     ecep:syllab="2"
                     ecep:pron="ˈsɜːpnt">serpent</w>
                  <c> </c>
                  <w xml:id="o5155-590560"
                     n="281-a-0210"
                     ecep:lem="fear"
                     ecep:pos="n1"
                     ecep:reg="fear"
                     ecep:spe="fear"
                     ecep:syllab="1"
                     ecep:pron="fɪə">fear</w>
                  <pc xml:id="o5155-590570"
                      n="281-a-0220"
                      ecep:lem=","
                      ecep:pos=","
                      ecep:reg=","
                      ecep:spe=",">,</pc>
               </l>
               <l xml:id="o5155-l31255">
                  <w xml:id="o5155-590580"
                     n="281-a-0230"
                     ecep:lem="safe"
                     ecep:pos="av-j"
                     ecep:reg="Safe"
                     ecep:spe="Safe"
                     ecep:syllab="1"
                     ecep:pron="seɪf">Safe</w>
                  <c> </c>
                  <w xml:id="o5155-590590"
                     n="281-a-0240"
                     ecep:lem="wander"
                     ecep:pos="vvg"
                     ecep:reg="wandering"
                     ecep:spe="wand'ring"
                     ecep:syllab="2"
                     ecep:pron="ˈwɒndrɪŋ">wand'ring</w>
                  <c> </c>
                  <w xml:id="o5155-590600"
                     n="281-a-0250"
                     ecep:lem="through"
                     ecep:pos="p-acp"
                     ecep:reg="through"
                     ecep:spe="thro'"
                     ecep:syllab="1"
                     ecep:pron="θruː">thro'</w>
                  <c> </c>
                  <w xml:id="o5155-590610"
                     n="281-a-0260"
                     ecep:lem="the"
                     ecep:pos="dt"
                     ecep:reg="the"
                     ecep:spe="the"
                     ecep:syllab="1"
                     ecep:pron="ðiː">the</w>
                  <c> </c>
                  <w xml:id="o5155-590620"
                     n="281-a-0270"
                     ecep:lem="woodland"
                     ecep:pos="n1"
                     ecep:reg="woodland"
                     ecep:spe="woodland"
                     ecep:syllab="2"
                     ecep:pron="ˈwʊdlənd">woodland</w>
                  <c> </c>
                  <w xml:id="o5155-590630"
                     n="281-a-0280"
                     ecep:lem="way"
                     ecep:pos="n1"
                     ecep:reg="way"
                     ecep:spe="way"
                     ecep:syllab="1"
                     ecep:pron="weɪ">way</w>
                  <pc xml:id="o5155-590640"
                      n="281-a-0290"
                      unit="sentence"
                      ecep:lem="."
                      ecep:pos="."
                      ecep:reg="."
                      ecep:spe=".">.</pc>
               </l>
            </lg>
            <lg xml:id="o5155-s03310">
               <l xml:id="o5155-l31260">
                  <w xml:id="o5155-590670"
                     n="281-a-0300"
                     ecep:lem="no"
                     ecep:pos="uh-x"
                     ecep:reg="No"
                     ecep:spe="No"
                     ecep:syllab="1"
                     ecep:pron="nəʊ">No</w>
                  <c> </c>
                  <w xml:id="o5155-590680"
                     n="281-a-0310"
                     ecep:lem="hostile"
                     ecep:pos="j"
                     ecep:reg="hostile"
                     ecep:spe="hostile"
                     ecep:syllab="2"
                     ecep:pron="ˈhɒstaɪl">hostile</w>
                  <c> </c>
                  <w xml:id="o5155-590690"
                     n="281-a-0320"
                     ecep:lem="wolf"
                     ecep:pos="n1"
                     ecep:reg="wolf"
                     ecep:spe="wolf"
                     ecep:syllab="1"
                     ecep:pron="wʊlf">wolf</w>
                  <c> </c>
                  <w xml:id="o5155-590700"
                     n="281-a-0330"
                     ecep:lem="the"
                     ecep:pos="dt"
                     ecep:reg="the"
                     ecep:spe="the"
                     ecep:syllab="1"
                     ecep:pron="ðiː">the</w>
                  <c> </c>
                  <w xml:id="o5155-590710"
                     n="281-a-0340"
                     ecep:lem="fold"
                     ecep:pos="n1"
                     ecep:reg="fold"
                     ecep:spe="fold"
                     ecep:syllab="1"
                     ecep:pron="fəʊld">fold</w>
                  <c> </c>
                  <w xml:id="o5155-590720"
                     n="281-a-0350"
                     ecep:lem="invade"
                     ecep:pos="vvz"
                     ecep:reg="invades"
                     ecep:spe="invades"
                     ecep:syllab="2"
                     ecep:pron="ɪnˈveɪdz">invades</w>
                  <pc xml:id="o5155-590730"
                      n="281-a-0360"
                      ecep:lem=";"
                      ecep:pos=";"
                      ecep:reg=";"
                      ecep:spe=";">;</pc>
               </l>
               <l xml:id="o5155-l31265">
                  <w xml:id="o5155-590740"
                     n="281-a-0370"
                     ecep:lem="ustica's"
                     ecep:pos="fw-mi"
                     ecep:reg="Ustica's"
                     ecep:spe="Ustica's"
                     ecep:syllab="3"
                     ecep:pron="ˈʌstɪkəz">Ustica's</w>
                  <c> </c>
                  <w xml:id="o5155-590750"
                     n="281-a-0380"
                     ecep:lem="pendent"
                     ecep:pos="j"
                     ecep:reg="pendent"
                     ecep:spe="pendent"
                     ecep:syllab="2"
                     ecep:pron="ˈpendənt">pendent</w>
                  <c> </c>
                  <w xml:id="o5155-590760"
                     n="281-a-0390"
                     ecep:lem="rock"
                     ecep:pos="n2"
                     ecep:reg="rocks"
                     ecep:spe="rocks"
                     ecep:syllab="1"
                     ecep:pron="rɒks">rocks</w>
                  <c> </c>
                  <w xml:id="o5155-590770"
                     n="281-a-0400"
                     ecep:lem="rebound"
                     ecep:pos="n1"
                     ecep:reg="rebound"
                     ecep:spe="rebound"
                     ecep:syllab="2"
                     ecep:pron="ˌriːˈbaʊnd">rebound</w>
               </l>
               <l xml:id="o5155-l31270">
                  <w xml:id="o5155-590780"
                     n="281-a-0410"
                     ecep:lem="my"
                     ecep:pos="po11"
                     ecep:reg="My"
                     ecep:spe="My"
                     ecep:syllab="1"
                     ecep:pron="maɪ">My</w>
                  <c> </c>
                  <w xml:id="o5155-590790"
                     n="281-a-0420"
                     ecep:lem="song"
                     ecep:pos="n1"
                     ecep:reg="song"
                     ecep:spe="song"
                     ecep:syllab="1"
                     ecep:pron="sɒŋ">song</w>
                  <pc xml:id="o5155-590800"
                      n="281-a-0430"
                      ecep:lem=";"
                      ecep:pos=";"
                      ecep:reg=";"
                      ecep:spe=";">;</pc>
                  <c> </c>
                  <w xml:id="o5155-590810"
                     n="281-a-0440"
                     ecep:lem="and"
                     ecep:pos="cc"
                     ecep:reg="and"
                     ecep:spe="and"
                     ecep:syllab="1"
                     ecep:pron="ænd">and</w>
                  <c> </c>
                  <w xml:id="o5155-590820"
                     n="281-a-0450"
                     ecep:lem="all"
                     ecep:pos="d"
                     ecep:reg="all"
                     ecep:spe="all"
                     ecep:syllab="1"
                     ecep:pron="ɔːl">all</w>
                  <c> </c>
                  <w xml:id="o5155-590830"
                     n="281-a-0460"
                     ecep:lem="the"
                     ecep:pos="dt"
                     ecep:reg="the"
                     ecep:spe="the"
                     ecep:syllab="1"
                     ecep:pron="ðiː">the</w>
                  <c> </c>
                  <w xml:id="o5155-590840"
                     n="281-a-0470"
                     ecep:lem="sylvan"
                     ecep:pos="j"
                     ecep:reg="sylvan"
                     ecep:spe="sylvan"
                     ecep:syllab="2"
                     ecep:pron="ˈsɪlvən">sylvan</w>
                  <c> </c>
                  <w xml:id="o5155-590850"
                     n="281-a-0480"
                     ecep:lem="shade"
                     ecep:pos="n2"
                     ecep:reg="shades"
                     ecep:spe="shades"
                     ecep:syllab="1"
                     ecep:pron="ʃeɪdz">shades</w>
                  <pc xml:id="o5155-590860"
                      n="281-a-0490"
                      ecep:lem=","
                      ecep:pos=","
                      ecep:reg=","
                      ecep:spe=",">,</pc>
               </l>
               <l xml:id="o5155-l31275">
                  <w xml:id="o5155-590870"
                     n="281-a-0500"
                     ecep:lem="by"
                     ecep:pos="p-acp"
                     ecep:reg="By"
                     ecep:spe="By"
                     ecep:syllab="1"
                     ecep:pron="baɪ">By</w>
                  <c> </c>
                  <w xml:id="o5155-590880"
                     n="281-a-0510"
                     ecep:lem="echo"
                     ecep:pos="n1"
                     ecep:reg="Echo"
                     ecep:spe="Echo"
                     ecep:syllab="2"
                     ecep:pron="ˈekəʊ">Echo</w>
                  <c> </c>
                  <w xml:id="o5155-590890"
                     n="281-a-0520"
                     ecep:lem="teach"
                     ecep:pos="vvn"
                     ecep:reg="taught"
                     ecep:spe="taught"
                     ecep:syllab="1"
                     ecep:pron="tɔːt">taught</w>
                  <pc xml:id="o5155-590900"
                      n="281-a-0530"
                      ecep:lem=","
                      ecep:pos=","
                      ecep:reg=","
                      ecep:spe=",">,</pc>
                  <c> </c>
                  <w xml:id="o5155-590910"
                     n="281-a-0540"
                     ecep:lem="return"
                     ecep:pos="vvb"
                     ecep:reg="return"
                     ecep:spe="return"
                     ecep:syllab="2"
                     ecep:pron="rɪˈtɜːn">return</w>
                  <c> </c>
                  <w xml:id="o5155-590920"
                     n="281-a-0550"
                     ecep:lem="the"
                     ecep:pos="dt"
                     ecep:reg="the"
                     ecep:spe="the"
                     ecep:syllab="1"
                     ecep:pron="ðiː">the</w>
                  <c> </c>
                  <w xml:id="o5155-590930"
                     n="281-a-0560"
                     ecep:lem="sound"
                     ecep:pos="n1"
                     ecep:reg="sound"
                     ecep:spe="sound"
                     ecep:syllab="1"
                     ecep:pron="saʊnd">sound</w>
                  <pc xml:id="o5155-590940"
                      n="281-a-0570"
                      unit="sentence"
                      ecep:lem="."
                      ecep:pos="."
                      ecep:reg="."
                      ecep:spe=".">.</pc>
               </l>
            </lg>
            <lg xml:id="o5155-s03315">
               <l xml:id="o5155-l31280">
                  <w xml:id="o5155-590970"
                     n="281-a-0580"
                     ecep:lem="the"
                     ecep:pos="dt"
                     ecep:reg="The"
                     ecep:spe="The"
                     ecep:syllab="1"
                     ecep:pron="ðiː">The</w>
                  <c> </c>
                  <w xml:id="o5155-590980"
                     n="281-a-0590"
                     ecep:lem="god"
                     ecep:pos="n2"
                     ecep:reg="gods"
                     ecep:spe="gods"
                     ecep:syllab="1"
                     ecep:pron="gɒdz">gods</w>
                  <c> </c>
                  <w xml:id="o5155-590990"
                     n="281-a-0600"
                     ecep:lem="my"
                     ecep:pos="po11"
                     ecep:reg="my"
                     ecep:spe="my"
                     ecep:syllab="1"
                     ecep:pron="maɪ">my</w>
                  <c> </c>
                  <w xml:id="o5155-591000"
                     n="281-a-0610"
                     ecep:lem="verse"
                     ecep:pos="n1"
                     ecep:reg="verse"
                     ecep:spe="verse"
                     ecep:syllab="1"
                     ecep:pron="vɜːs">verse</w>
                  <c> </c>
                  <w xml:id="o5155-591010"
                     n="281-a-0620"
                     ecep:lem="propitious"
                     ecep:pos="j"
                     ecep:reg="propitious"
                     ecep:spe="propitious"
                     ecep:syllab="3"
                     ecep:pron="prəˈpɪʃəs">propitious</w>
                  <c> </c>
                  <w xml:id="o5155-591020"
                     n="281-a-0630"
                     ecep:lem="hear"
                     ecep:pos="vvi"
                     ecep:reg="hear"
                     ecep:spe="hear"
                     ecep:syllab="1"
                     ecep:pron="hɪə">hear</w>
                  <pc xml:id="o5155-591030"
                      n="281-a-0640"
                      ecep:lem=","
                      ecep:pos=","
                      ecep:reg=","
                      ecep:spe=",">,</pc>
               </l>
               <l xml:id="o5155-l31285">
                  <w xml:id="o5155-591040"
                     n="281-a-0650"
                     ecep:lem="my"
                     ecep:pos="po11"
                     ecep:reg="My"
                     ecep:spe="My"
                     ecep:syllab="1"
                     ecep:pron="maɪ">My</w>
                  <c> </c>
                  <w xml:id="o5155-591050"
                     n="281-a-0660"
                     ecep:lem="head"
                     ecep:pos="n1"
                     ecep:reg="head"
                     ecep:spe="head"
                     ecep:syllab="1"
                     ecep:pron="hed">head</w>
                  <c> </c>
                  <w xml:id="o5155-591060"
                     n="281-a-0670"
                     ecep:lem="from"
                     ecep:pos="p-acp"
                     ecep:reg="from"
                     ecep:spe="from"
                     ecep:syllab="1"
                     ecep:pron="frɒm">from</w>
                  <c> </c>
                  <w xml:id="o5155-591070"
                     n="281-a-0680"
                     ecep:lem="every"
                     ecep:pos="d"
                     ecep:reg="every"
                     ecep:spe="every"
                     ecep:syllab="2"
                     ecep:pron="ˈevri">every</w>
                  <c> </c>
                  <w xml:id="o5155-591080"
                     n="281-a-0690"
                     ecep:lem="danger"
                     ecep:pos="n1"
                     ecep:reg="danger"
                     ecep:spe="danger"
                     ecep:syllab="2"
                     ecep:pron="ˈdeɪndʒə">danger</w>
                  <c> </c>
                  <w xml:id="o5155-591090"
                     n="281-a-0700"
                     ecep:lem="shield"
                     ecep:pos="n1"
                     ecep:reg="shield"
                     ecep:spe="shield"
                     ecep:syllab="1"
                     ecep:pron="ʃiːld">shield</w>
                  <pc xml:id="o5155-591100"
                      n="281-a-0710"
                      ecep:lem=":"
                      ecep:pos=":"
                      ecep:reg=":"
                      ecep:spe=":">:</pc>
               </l>
               <l xml:id="o5155-l31290">
                  <w xml:id="o5155-591110"
                     n="281-a-0720"
                     ecep:lem="for"
                     ecep:pos="c-acp"
                     ecep:reg="For"
                     ecep:spe="For"
                     ecep:syllab="1"
                     ecep:pron="fɔː">For</w>
                  <c> </c>
                  <w xml:id="o5155-591120"
                     n="281-a-0730"
                     ecep:lem="you"
                     ecep:pos="pn22"
                     ecep:reg="you"
                     ecep:spe="you"
                     ecep:syllab="1"
                     ecep:pron="juː">you</w>
                  <pc xml:id="o5155-591130"
                      n="281-a-0740"
                      ecep:lem=","
                      ecep:pos=","
                      ecep:reg=","
                      ecep:spe=",">,</pc>
                  <c> </c>
                  <w xml:id="o5155-591140"
                     n="281-a-0750"
                     ecep:lem="overflow"
                     ecep:pos="vvz"
                     ecep:reg="overflows"
                     ecep:spe="o'erflows"
                     ecep:syllab="2"
                     ecep:pron="ˈɔːfləʊz">o'erflows</w>
                  <c> </c>
                  <w xml:id="o5155-591150"
                     n="281-a-0760"
                     ecep:lem="the"
                     ecep:pos="dt"
                     ecep:reg="the"
                     ecep:spe="the"
                     ecep:syllab="1"
                     ecep:pron="ðiː">the</w>
                  <c> </c>
                  <w xml:id="o5155-591160"
                     n="281-a-0770"
                     ecep:lem="bounteous"
                     ecep:pos="j"
                     ecep:reg="bounteous"
                     ecep:spe="bounteous"
                     ecep:syllab="2"
                     ecep:pron="ˈbaʊntiəs">bounteous</w>
                  <c> </c>
                  <w xml:id="o5155-591170"
                     n="281-a-0780"
                     ecep:lem="year"
                     ecep:pos="n1"
                     ecep:reg="year"
                     ecep:spe="year"
                     ecep:syllab="1"
                     ecep:pron="jɪə">year</w>
                  <pc xml:id="o5155-591180"
                      n="281-a-0790"
                      ecep:lem=","
                      ecep:pos=","
                      ecep:reg=","
                      ecep:spe=",">,</pc>
               </l>
               <l xml:id="o5155-l31295">
                  <w xml:id="o5155-591190"
                     n="281-a-0800"
                     ecep:lem="and"
                     ecep:pos="cc"
                     ecep:reg="And"
                     ecep:spe="And"
                     ecep:syllab="1"
                     ecep:pron="ænd">And</w>
                  <c> </c>
                  <w xml:id="o5155-591200"
                     n="281-a-0810"
                     ecep:lem="plenty"
                     ecep:pos="ng1"
                     ecep:reg="Plenty's"
                     ecep:spe="Plenty's"
                     ecep:syllab="2"
                     ecep:pron="ˈplentiz">Plenty's</w>
                  <c> </c>
                  <w xml:id="o5155-591210"
                     n="281-a-0820"
                     ecep:lem="horn"
                     ecep:pos="n1"
                     ecep:reg="horn"
                     ecep:spe="horn"
                     ecep:syllab="1"
                     ecep:pron="hɔːn">horn</w>
                  <c> </c>
                  <w xml:id="o5155-591220"
                     n="281-a-0830"
                     ecep:lem="have"
                     ecep:pos="vhz"
                     ecep:reg="hath"
                     ecep:spe="hath"
                     ecep:syllab="1"
                     ecep:pron="hæθ">hath</w>
                  <c> </c>
                  <w xml:id="o5155-591230"
                     n="281-a-0840"
                     ecep:lem="heap"
                     ecep:pos="vvn"
                     ecep:reg="heaped"
                     ecep:spe="heap'd"
                     ecep:syllab="1"
                     ecep:pron="hiːpt">heap'd</w>
                  <c> </c>
                  <w xml:id="o5155-591240"
                     n="281-a-0850"
                     ecep:lem="my"
                     ecep:pos="po11"
                     ecep:reg="my"
                     ecep:spe="my"
                     ecep:syllab="1"
                     ecep:pron="maɪ">my</w>
                  <c> </c>
                  <w xml:id="o5155-591250"
                     n="281-a-0860"
                     ecep:lem="field"
                     ecep:pos="n1"
                     ecep:reg="field"
                     ecep:spe="field"
                     ecep:syllab="1"
                     ecep:pron="ˈfiːld">field</w>
                  <pc xml:id="o5155-591260"
                      n="281-a-0870"
                      unit="sentence"
                      ecep:lem="."
                      ecep:pos="."
                      ecep:reg="."
                      ecep:spe=".">.</pc>
               </l>
            </lg>
            <lg xml:id="o5155-s03320">
               <l xml:id="o5155-l31300">
                  <w xml:id="o5155-591290"
                     n="281-a-0880"
                     ecep:lem="responsive"
                     ecep:pos="j"
                     ecep:reg="Responsive"
                     ecep:spe="Responsive"
                     ecep:syllab="3"
                     ecep:pron="rɪˈspɒnsɪv">Responsive</w>
                  <c> </c>
                  <w xml:id="o5155-591300"
                     n="281-a-0890"
                     ecep:lem="to"
                     ecep:pos="p-acp"
                     ecep:reg="to"
                     ecep:spe="to"
                     ecep:syllab="1"
                     ecep:pron="tuː">to</w>
                  <c> </c>
                  <w xml:id="o5155-591310"
                     n="281-a-0900"
                     ecep:lem="the"
                     ecep:pos="dt"
                     ecep:reg="the"
                     ecep:spe="the"
                     ecep:syllab="1"
                     ecep:pron="ðiː">the</w>
                  <c> </c>
                  <w xml:id="o5155-591320"
                     n="281-a-0910"
                     ecep:lem="teian"
                     ecep:pos="jp"
                     ecep:reg="Teian"
                     ecep:spe="Teian"
                     ecep:syllab="3"
                     ecep:pron="tˈeɪən">Teian</w>
                  <c> </c>
                  <w xml:id="o5155-591330"
                     n="281-a-0920"
                     ecep:lem="string"
                     ecep:pos="n1"
                     ecep:reg="string"
                     ecep:spe="string"
                     ecep:syllab="1"
                     ecep:pron="strɪŋ">string</w>
                  <pc xml:id="o5155-591340"
                      n="281-a-0930"
                      ecep:lem=","
                      ecep:pos=","
                      ecep:reg=","
                      ecep:spe=",">,</pc>
               </l>
               <l xml:id="o5155-l31305">
                  <w xml:id="o5155-591350"
                     n="281-a-0940"
                     ecep:lem="within"
                     ecep:pos="p-acp"
                     ecep:reg="Within"
                     ecep:spe="Within"
                     ecep:syllab="2"
                     ecep:pron="wɪˈðɪn">Within</w>
                  <c> </c>
                  <w xml:id="o5155-591360"
                     n="281-a-0950"
                     ecep:lem="the"
                     ecep:pos="dt"
                     ecep:reg="the"
                     ecep:spe="the"
                     ecep:syllab="1"
                     ecep:pron="ðiː">the</w>
                  <c> </c>
                  <w xml:id="o5155-591370"
                     n="281-a-0960"
                     ecep:lem="sun-defended"
                     ecep:pos="j"
                     ecep:reg="sun-defended"
                     ecep:spe="sun-defended"
                     ecep:syllab="4"
                     ecep:pron="sʌnˌdɪˈfendɪd">sun-defended</w>
                  <c> </c>
                  <w xml:id="o5155-591380"
                     n="281-a-0970"
                     ecep:lem="vale"
                     ecep:pos="n1"
                     ecep:reg="vale"
                     ecep:spe="vale"
                     ecep:syllab="1"
                     ecep:pron="ˈvɑːleɪ">vale</w>
                  <pc xml:id="o5155-591390"
                      n="281-a-0980"
                      ecep:lem=","
                      ecep:pos=","
                      ecep:reg=","
                      ecep:spe=",">,</pc>
               </l>
               <l xml:id="o5155-l31310">
                  <w xml:id="o5155-591400"
                     n="281-a-0990"
                     ecep:lem="here"
                     ecep:pos="av"
                     ecep:reg="Here"
                     ecep:spe="Here"
                     ecep:syllab="1"
                     ecep:pron="hɪə">Here</w>
                  <pc xml:id="o5155-591410"
                      n="281-a-1000"
                      ecep:lem=","
                      ecep:pos=","
                      ecep:reg=","
                      ecep:spe=",">,</pc>
                  <c> </c>
                  <w xml:id="o5155-591420"
                     n="281-a-1010"
                     ecep:lem="soft"
                     ecep:pos="av-j"
                     ecep:reg="softly"
                     ecep:spe="softly"
                     ecep:syllab="2"
                     ecep:pron="sɒftli">softly</w>
                  <c> </c>
                  <w xml:id="o5155-591430"
                     n="281-a-1020"
                     ecep:lem="warble"
                     ecep:pos="vvg"
                     ecep:reg="warbling"
                     ecep:spe="warbling"
                     ecep:syllab="3"
                     ecep:pron="ˈwɔːblɪŋ">warbling</w>
                  <c> </c>
                  <w xml:id="o5155-591440"
                     n="281-a-1030"
                     ecep:lem="you"
                     ecep:pos="pn22"
                     ecep:reg="you"
                     ecep:spe="you"
                     ecep:syllab="1"
                     ecep:pron="juː">you</w>
                  <c> </c>
                  <w xml:id="o5155-591450"
                     n="281-a-1040"
                     ecep:lem="shall"
                     ecep:pos="vmb"
                     ecep:reg="shall"
                     ecep:spe="shall"
                     ecep:syllab="1"
                     ecep:pron="ʃæl">shall</w>
                  <c> </c>
                  <w xml:id="o5155-591460"
                     n="281-a-1050"
                     ecep:lem="sing"
                     ecep:pos="vvi"
                     ecep:reg="sing"
                     ecep:spe="sing"
                     ecep:syllab="1"
                     ecep:pron="sɪŋ">sing</w>
               </l>
               <l xml:id="o5155-l31315">
                  <w xml:id="o5155-591470"
                     n="281-a-1060"
                     ecep:lem="each"
                     ecep:pos="d"
                     ecep:reg="Each"
                     ecep:spe="Each"
                     ecep:syllab="1"
                     ecep:pron="iːtʃ">Each</w>
                  <c> </c>
                  <w xml:id="o5155-591480"
                     n="281-a-1070"
                     ecep:lem="tender"
                     ecep:pos="j"
                     ecep:reg="tender"
                     ecep:spe="tender"
                     ecep:syllab="2"
                     ecep:pron="ˈtendə">tender</w>
                  <pc xml:id="o5155-591490"
                      n="281-a-1080"
                      ecep:lem=","
                      ecep:pos=","
                      ecep:reg=","
                      ecep:spe=",">,</pc>
                  <c> </c>
                  <w xml:id="o5155-591500"
                     n="281-a-1090"
                     ecep:lem="tuneful"
                     ecep:pos="j"
                     ecep:reg="tuneful"
                     ecep:spe="tuneful"
                     ecep:syllab="2"
                     ecep:pron="ˈtʃuːnfl">tuneful</w>
                  <pc xml:id="o5155-591510"
                      n="281-a-1100"
                      ecep:lem=","
                      ecep:pos=","
                      ecep:reg=","
                      ecep:spe=",">,</pc>
                  <c> </c>
                  <w xml:id="o5155-591520"
                     n="281-a-1110"
                     ecep:lem="amorous"
                     ecep:pos="j"
                     ecep:reg="amorous"
                     ecep:spe="am'rous"
                     ecep:syllab="2"
                     ecep:pron="ˈæmrəs">am'rous</w>
                  <c> </c>
                  <w xml:id="o5155-591530"
                     n="281-a-1120"
                     ecep:lem="tale"
                     ecep:pos="n1"
                     ecep:reg="tale"
                     ecep:spe="tale"
                     ecep:syllab="1"
                     ecep:pron="teɪl">tale</w>
                  <pc xml:id="o5155-591540"
                      n="281-a-1130"
                      unit="sentence"
                      ecep:lem="."
                      ecep:pos="."
                      ecep:reg="."
                      ecep:spe=".">.</pc>
               </l>
            </lg>
            <lg xml:id="o5155-s03325">
               <l xml:id="o5155-l31320">
                  <w xml:id="o5155-591570"
                     n="281-a-1140"
                     ecep:lem="no"
                     ecep:pos="uh-x"
                     ecep:reg="No"
                     ecep:spe="No"
                     ecep:syllab="1"
                     ecep:pron="nəʊ">No</w>
                  <c> </c>
                  <w xml:id="o5155-591580"
                     n="281-a-1150"
                     ecep:lem="rival"
                     ecep:pos="n1"
                     ecep:reg="rival"
                     ecep:spe="rival"
                     ecep:syllab="2"
                     ecep:pron="ˈraɪvl">rival</w>
                  <pc xml:id="o5155-591590"
                      n="281-a-1160"
                      ecep:lem=","
                      ecep:pos=","
                      ecep:reg=","
                      ecep:spe=",">,</pc>
                  <c> </c>
                  <w xml:id="o5155-591600"
                     n="281-a-1170"
                     ecep:lem="here"
                     ecep:pos="av"
                     ecep:reg="here"
                     ecep:spe="here"
                     ecep:syllab="1"
                     ecep:pron="hɪə">here</w>
                  <pc xml:id="o5155-591610"
                      n="281-a-1180"
                      ecep:lem=","
                      ecep:pos=","
                      ecep:reg=","
                      ecep:spe=",">,</pc>
                  <c> </c>
                  <w xml:id="o5155-591620"
                     n="281-a-1190"
                     ecep:lem="shall"
                     ecep:pos="vmb"
                     ecep:reg="shall"
                     ecep:spe="shall"
                     ecep:syllab="1"
                     ecep:pron="ʃæl">shall</w>
                  <c> </c>
                  <w xml:id="o5155-591630"
                     n="281-a-1200"
                     ecep:lem="burst"
                     ecep:pos="vvi"
                     ecep:reg="burst"
                     ecep:spe="burst"
                     ecep:syllab="1"
                     ecep:pron="bɜːst">burst</w>
                  <c> </c>
                  <w xml:id="o5155-591640"
                     n="281-a-1210"
                     ecep:lem="the"
                     ecep:pos="dt"
                     ecep:reg="the"
                     ecep:spe="the"
                     ecep:syllab="1"
                     ecep:pron="ðiː">the</w>
                  <c> </c>
                  <w xml:id="o5155-591650"
                     n="281-a-1220"
                     ecep:lem="band"
                     ecep:pos="n2"
                     ecep:reg="bands"
                     ecep:spe="bands"
                     ecep:syllab="1"
                     ecep:pron="bændz">bands</w>
               </l>
               <l xml:id="o5155-l31325">
                  <w xml:id="o5155-591660"
                     n="281-a-1230"
                     ecep:lem="that"
                     ecep:pos="cst"
                     ecep:reg="That"
                     ecep:spe="That"
                     ecep:syllab="1"
                     ecep:pron="ðæt">That</w>
                  <c> </c>
                  <w xml:id="o5155-591670"
                     n="281-a-1240"
                     ecep:lem="wreathe"
                     ecep:pos="vvb"
                     ecep:reg="wreathe"
                     ecep:spe="wreathe"
                     ecep:syllab="1"
                     ecep:pron="riːð">wreathe</w>
                  <c> </c>
                  <w xml:id="o5155-591680"
                     n="281-a-1250"
                     ecep:lem="my"
                     ecep:pos="po11"
                     ecep:reg="my"
                     ecep:spe="my"
                     ecep:syllab="1"
                     ecep:pron="maɪ">my</w>
                  <c> </c>
                  <w xml:id="o5155-591690"
                     n="281-a-1260"
                     ecep:lem="charmer"
                     ecep:pos="n1|vbz"
                     ecep:reg="charmer's"
                     ecep:spe="charmer's"
                     ecep:syllab="2"
                     ecep:pron="tʃɑːməz">charmer's</w>
                  <c> </c>
                  <w xml:id="o5155-591700"
                     n="281-a-1270"
                     ecep:lem="beauteous"
                     ecep:pos="j"
                     ecep:reg="beauteous"
                     ecep:spe="beauteous"
                     ecep:syllab="2"
                     ecep:pron="ˈbjuːtiəs">beauteous</w>
                  <c> </c>
                  <w xml:id="o5155-591710"
                     n="281-a-1280"
                     ecep:lem="hair"
                     ecep:pos="n1"
                     ecep:reg="hair"
                     ecep:spe="hair"
                     ecep:syllab="1"
                     ecep:pron="heə">hair</w>
                  <pc xml:id="o5155-591720"
                      n="281-a-1290"
                      ecep:lem=","
                      ecep:pos=","
                      ecep:reg=","
                      ecep:spe=",">,</pc>
               </l>
               <l xml:id="o5155-l31330">
                  <w xml:id="o5155-591730"
                     n="281-a-1300"
                     ecep:lem="nor"
                     ecep:pos="ccx"
                     ecep:reg="Nor"
                     ecep:spe="Nor"
                     ecep:syllab="1"
                     ecep:pron="nɔː">Nor</w>
                  <c> </c>
                  <w xml:id="o5155-591740"
                     n="281-a-1310"
                     ecep:lem="seize"
                     ecep:pos="vvi"
                     ecep:reg="seize"
                     ecep:spe="seize"
                     ecep:syllab="1"
                     ecep:pron="siːz">seize</w>
                  <c> </c>
                  <w xml:id="o5155-591750"
                     n="281-a-1320"
                     ecep:lem="she"
                     ecep:pos="pno31"
                     ecep:reg="her"
                     ecep:spe="her"
                     ecep:syllab="1"
                     ecep:pron="hɜː">her</w>
                  <c> </c>
                  <w xml:id="o5155-591760"
                     n="281-a-1330"
                     ecep:lem="weak"
                     ecep:pos="av-j"
                     ecep:reg="weakly"
                     ecep:spe="weakly"
                     ecep:syllab="2"
                     ecep:pron="wiːkli">weakly</w>
                  <c> </c>
                  <w xml:id="o5155-591770"
                     n="281-a-1340"
                     ecep:lem="struggle"
                     ecep:pos="vvg"
                     ecep:reg="struggling"
                     ecep:spe="struggling"
                     ecep:syllab="3"
                     ecep:pron="ˈstrʌglɪŋ">struggling</w>
                  <c> </c>
                  <w xml:id="o5155-591780"
                     n="281-a-1350"
                     ecep:lem="hand"
                     ecep:pos="n2"
                     ecep:reg="hands"
                     ecep:spe="hands"
                     ecep:syllab="1"
                     ecep:pron="hændz">hands</w>
                  <pc xml:id="o5155-591790"
                      n="281-a-1360"
                      ecep:lem=";"
                      ecep:pos=";"
                      ecep:reg=";"
                      ecep:spe=";">;</pc>
               </l>
               <l xml:id="o5155-l31335">
                  <w xml:id="o5155-591800"
                     n="281-a-1370"
                     ecep:lem="but"
                     ecep:pos="cc-acp"
                     ecep:reg="But"
                     ecep:spe="But"
                     ecep:syllab="1"
                     ecep:pron="bʌt">But</w>
                  <c> </c>
                  <w xml:id="o5155-591810"
                     n="281-a-1380"
                     ecep:lem="love"
                     ecep:pos="vvb"
                     ecep:reg="Love"
                     ecep:spe="Love"
                     ecep:syllab="1"
                     ecep:pron="lʌv">Love</w>
                  <c> </c>
                  <w xml:id="o5155-591820"
                     n="281-a-1390"
                     ecep:lem="and"
                     ecep:pos="cc"
                     ecep:reg="and"
                     ecep:spe="and"
                     ecep:syllab="1"
                     ecep:pron="ænd">and</w>
                  <c> </c>
                  <w xml:id="o5155-591830"
                     n="281-a-1400"
                     ecep:lem="Horace"
                     ecep:pos="np1"
                     ecep:reg="Horace"
                     ecep:spe="Horace"
                     ecep:syllab="2"
                     ecep:pron="ˈhɒrɪs">Horace</w>
                  <c> </c>
                  <w xml:id="o5155-591840"
                     n="281-a-1410"
                     ecep:lem="guard"
                     ecep:pos="vvb"
                     ecep:reg="guard"
                     ecep:spe="guard"
                     ecep:syllab="1"
                     ecep:pron="gɑːd">guard</w>
                  <c> </c>
                  <w xml:id="o5155-591850"
                     n="281-a-1420"
                     ecep:lem="the"
                     ecep:pos="dt"
                     ecep:reg="the"
                     ecep:spe="the"
                     ecep:syllab="1"
                     ecep:pron="ðiː">the</w>
                  <c> </c>
                  <w xml:id="o5155-591860"
                     n="281-a-1430"
                     ecep:lem="fair"
                     ecep:pos="j"
                     ecep:reg="fair"
                     ecep:spe="fair"
                     ecep:syllab="1"
                     ecep:pron="feə">fair</w>
                  <pc xml:id="o5155-591870"
                      n="281-a-1440"
                      unit="sentence"
                      ecep:lem="."
                      ecep:pos="."
                      ecep:reg="."
                      ecep:spe=".">.</pc>
               </l>
            </lg>
         </div>
      </body>
   </text>
</TEI>
