<?xml version="1.0" encoding="utf-8"?>
<!DOCTYPE div
  SYSTEM "about:legacy-compat">
<div xmlns:tei="http://www.tei-c.org/ns/1.0"
     xmlns="http://www.tei-c.org/ns/1.0"
     xmlns:ecep="http://www.eighteenthcenturypoetry.org/ns"
     ana="#anapaest #tetrameter #catalexis #hypercatalexis #quatrain #song #pair"
     corresp="#txt_ElliJo1698_w0003"
     ecep:syllab="12.12.12.12"
     met="-+|--+|--+|--+|-/         -+|--+|--+|--+|-/         -+|--+|--+|--+|-/         -+|--+|--+|--+|-/"
     rendition="#lgvspace"
     rhyme="aabb"
     subtype="eceptext"
     type="poem"
     xml:id="o5157-w0630"
     decls="#semi-normalized">
   <link target="authors.xml#aut_ElliJo1698" type="author"/>
   <link target="27898" type="DMI"/>
   <head type="main">
      <w xml:id="o5157-599490"
         n="273-a-0270"
         ecep:lem="another"
         ecep:pos="j-jn"
         ecep:reg="Another"
         ecep:spe="Another"
         ecep:syllab="3"
         ecep:pron="əˈnʌðə">Another</w>
      <pc xml:id="o5157-599500"
          n="273-a-0280"
          unit="sentence"
          ecep:lem="."
          ecep:pos="."
          ecep:reg="."
          ecep:spe=".">.</pc>
   </head>
   <byline>
      <w xml:id="o5157-599530"
         n="273-a-0290"
         ecep:lem="by"
         ecep:pos="p-acp"
         ecep:reg="By"
         ecep:spe="By"
         ecep:syllab="1"
         ecep:pron="baɪ">By</w>
      <c> </c>
      <w xml:id="o5157-599540"
         n="273-a-0300"
         ecep:lem="the"
         ecep:pos="dt"
         ecep:reg="the"
         ecep:spe="the"
         ecep:syllab="1"
         ecep:pron="ðiː">the</w>
      <c> </c>
      <w xml:id="o5157-599550"
         n="273-a-0310"
         ecep:lem="same"
         ecep:pos="d"
         ecep:reg="Same"
         ecep:spe="Same"
         ecep:syllab="1"
         ecep:pron="seɪm">Same</w>
      <pc xml:id="o5157-599560"
          n="273-a-0320"
          unit="sentence"
          ecep:lem="."
          ecep:pos="."
          ecep:reg="."
          ecep:spe=".">.</pc>
   </byline>
   <lg xml:id="o5157-s03135">
      <l xml:id="o5157-l32710">
         <w xml:id="o5157-599590"
            n="273-a-0330"
            ecep:lem="Sue"
            ecep:pos="np1"
            ecep:reg="SUE"
            ecep:spe="SUE"
            ecep:syllab="1"
            ecep:pron="suː">SUE</w>
         <c> </c>
         <w xml:id="o5157-599600"
            n="273-a-0340"
            ecep:lem="venal"
            ecep:pos="j"
            ecep:reg="venal"
            ecep:spe="venal"
            ecep:syllab="2"
            ecep:pron="ˈviːnl">venal</w>
         <c> </c>
         <w xml:id="o5157-599610"
            n="273-a-0350"
            ecep:lem="Belinda"
            ecep:pos="np1"
            ecep:reg="Belinda"
            ecep:spe="Belinda"
            ecep:syllab="3"
            ecep:pron="bəˈlɪndə">Belinda</w>
         <c> </c>
         <w xml:id="o5157-599620"
            n="273-a-0360"
            ecep:lem="to"
            ecep:pos="pc-acp"
            ecep:reg="to"
            ecep:spe="to"
            ecep:syllab="1"
            ecep:pron="tuː">to</w>
         <c> </c>
         <w xml:id="o5157-599630"
            n="273-a-0370"
            ecep:lem="grant"
            ecep:pos="vvi"
            ecep:reg="grant"
            ecep:spe="grant"
            ecep:syllab="1"
            ecep:pron="grɑːnt">grant</w>
         <c> </c>
         <w xml:id="o5157-599640"
            n="273-a-0380"
            ecep:lem="you"
            ecep:pos="pn22"
            ecep:reg="you"
            ecep:spe="you"
            ecep:syllab="1"
            ecep:pron="juː">you</w>
         <c> </c>
         <w xml:id="o5157-599650"
            n="273-a-0390"
            ecep:lem="the"
            ecep:pos="dt"
            ecep:reg="the"
            ecep:spe="the"
            ecep:syllab="1"
            ecep:pron="ðiː">the</w>
         <c> </c>
         <w xml:id="o5157-599660"
            n="273-a-0400"
            ecep:lem="blessing"
            ecep:pos="n1"
            ecep:reg="blessing"
            ecep:spe="blessing"
            ecep:syllab="2"
            ecep:pron="ˈblesɪŋ">blessing</w>
      </l>
      <l xml:id="o5157-l32715">
         <w xml:id="o5157-599670"
            n="273-a-0410"
            ecep:lem="as"
            ecep:pos="c-acp"
            ecep:reg="As"
            ecep:spe="As"
            ecep:syllab="1"
            ecep:pron="æz">As</w>
         <c> </c>
         <w xml:id="o5157-599680"
            n="273-a-0420"
            ecep:lem="Jove"
            ecep:pos="np1"
            ecep:reg="Jove"
            ecep:spe="Jove"
            ecep:syllab="1"
            ecep:pron="ˈdʒəʊv">Jove</w>
         <c> </c>
         <w xml:id="o5157-599690"
            n="273-a-0430"
            ecep:lem="court"
            ecep:pos="vvd"
            ecep:reg="courted"
            ecep:spe="courted"
            ecep:syllab="2"
            ecep:pron="kɔːtɪd">courted</w>
         <c> </c>
         <w xml:id="o5157-599700"
            n="273-a-0440"
            ecep:lem="Danae"
            ecep:pos="np1"
            ecep:reg="Danae"
            ecep:spe="Danae"
            ecep:syllab="3"
            ecep:pron="ˈdæneɪiː">Danae</w>
         <pc xml:id="o5157-599710"
             n="273-a-0450"
             ecep:lem=","
             ecep:pos=","
             ecep:reg=","
             ecep:spe=",">,</pc>
         <c> </c>
         <w xml:id="o5157-599720"
            n="273-a-0460"
            ecep:lem="or"
            ecep:pos="cc"
            ecep:reg="or"
            ecep:spe="or"
            ecep:syllab="1"
            ecep:pron="ɔː">or</w>
         <c> </c>
         <w xml:id="o5157-599730"
            n="273-a-0470"
            ecep:lem="vain"
            ecep:pos="ng1"
            ecep:reg="vain's"
            ecep:spe="vain's"
            ecep:syllab="1"
            ecep:pron="veɪnz">vain's</w>
         <c> </c>
         <w xml:id="o5157-599740"
            n="273-a-0480"
            ecep:lem="your"
            ecep:pos="po22"
            ecep:reg="your"
            ecep:spe="your"
            ecep:syllab="1"
            ecep:pron="jɔː">your</w>
         <c> </c>
         <w xml:id="o5157-599750"
            n="273-a-0490"
            ecep:lem="address"
            ecep:pos="vvg"
            ecep:reg="addressing"
            ecep:spe="addressing"
            ecep:syllab="3"
            ecep:pron="əˈdresɪŋ">addressing</w>
         <pc xml:id="o5157-599760"
             n="273-a-0500"
             ecep:lem=";"
             ecep:pos=";"
             ecep:reg=";"
             ecep:spe=";">;</pc>
      </l>
      <l xml:id="o5157-l32720">
         <w xml:id="o5157-599770"
            n="273-a-0510"
            ecep:lem="for"
            ecep:pos="p-acp"
            ecep:reg="For"
            ecep:spe="For"
            ecep:syllab="1"
            ecep:pron="fɔː">For</w>
         <c> </c>
         <w xml:id="o5157-599780"
            n="273-a-0520"
            ecep:lem="love"
            ecep:pos="n1"
            ecep:reg="love"
            ecep:spe="love"
            ecep:syllab="1"
            ecep:pron="lʌv">love</w>
         <pc xml:id="o5157-599790"
             n="273-a-0530"
             ecep:lem=","
             ecep:pos=","
             ecep:reg=","
             ecep:spe=",">,</pc>
         <c> </c>
         <w xml:id="o5157-599800"
            n="273-a-0540"
            ecep:lem="she"
            ecep:pos="pns31"
            ecep:reg="she"
            ecep:spe="she"
            ecep:syllab="1"
            ecep:pron="ʃiː">she</w>
         <c> </c>
         <w xml:id="o5157-599810"
            n="273-a-0550"
            ecep:lem="assert"
            ecep:pos="vvz"
            ecep:reg="asserts"
            ecep:spe="asserts"
            ecep:syllab="2"
            ecep:pron="əˈsɜːts">asserts</w>
         <pc xml:id="o5157-599820"
             n="273-a-0560"
             ecep:lem=","
             ecep:pos=","
             ecep:reg=","
             ecep:spe=",">,</pc>
         <c> </c>
         <w xml:id="o5157-599830"
            n="273-a-0570"
            ecep:lem="all"
            ecep:pos="d"
            ecep:reg="all"
            ecep:spe="all"
            ecep:syllab="1"
            ecep:pron="ɔːl">all</w>
         <c> </c>
         <w xml:id="o5157-599840"
            n="273-a-0580"
            ecep:lem="that|be"
            ecep:pos="cst|vbz"
            ecep:reg="that's"
            ecep:spe="that's"
            ecep:syllab="1"
            ecep:pron="ðæts">that's</w>
         <c> </c>
         <w xml:id="o5157-599850"
            n="273-a-0590"
            ecep:lem="generous"
            ecep:pos="j"
            ecep:reg="generous"
            ecep:spe="generous"
            ecep:syllab="2"
            ecep:pron="ˈdʒenrəs">generous</w>
         <c> </c>
         <w xml:id="o5157-599860"
            n="273-a-0600"
            ecep:lem="inspire"
            ecep:pos="vvz"
            ecep:reg="inspires"
            ecep:spe="inspires"
            ecep:syllab="2"
            ecep:pron="ɪnˈspæəz">inspires</w>
         <pc xml:id="o5157-599870"
             n="273-a-0610"
             ecep:lem=","
             ecep:pos=","
             ecep:reg=","
             ecep:spe=",">,</pc>
      </l>
      <l xml:id="o5157-l32725">
         <w xml:id="o5157-599880"
            n="273-a-0620"
            ecep:lem="and"
            ecep:pos="cc"
            ecep:reg="And"
            ecep:spe="And"
            ecep:syllab="1"
            ecep:pron="ænd">And</w>
         <c> </c>
         <w xml:id="o5157-599890"
            n="273-a-0630"
            ecep:lem="therefore"
            ecep:pos="av"
            ecep:reg="therefore"
            ecep:spe="therefore"
            ecep:syllab="2"
            ecep:pron="ˈðeəfɔː">therefore</w>
         <c> </c>
         <w xml:id="o5157-599900"
            n="273-a-0640"
            ecep:lem="rich"
            ecep:pos="j"
            ecep:reg="rich"
            ecep:spe="rich"
            ecep:syllab="1"
            ecep:pron="rɪtʃ">rich</w>
         <c> </c>
         <w xml:id="o5157-599910"
            n="273-a-0650"
            ecep:lem="token"
            ecep:pos="n2"
            ecep:reg="tokens"
            ecep:spe="tokens"
            ecep:syllab="2"
            ecep:pron="ˈtəʊknz">tokens</w>
         <c> </c>
         <w xml:id="o5157-599920"
            n="273-a-0660"
            ecep:lem="of"
            ecep:pos="pp-f"
            ecep:reg="of"
            ecep:spe="of"
            ecep:syllab="1"
            ecep:pron="ɒv">of</w>
         <c> </c>
         <w xml:id="o5157-599930"
            n="273-a-0670"
            ecep:lem="love"
            ecep:pos="n1"
            ecep:reg="love"
            ecep:spe="love"
            ecep:syllab="1"
            ecep:pron="lʌv">love</w>
         <c> </c>
         <w xml:id="o5157-599940"
            n="273-a-0680"
            ecep:lem="she"
            ecep:pos="pns31"
            ecep:reg="she"
            ecep:spe="she"
            ecep:syllab="1"
            ecep:pron="ʃiː">she</w>
         <c> </c>
         <w xml:id="o5157-599950"
            n="273-a-0690"
            ecep:lem="require"
            ecep:pos="vvz"
            ecep:reg="requires"
            ecep:spe="requires"
            ecep:syllab="3"
            ecep:pron="rɪˈkwæəz">requires</w>
         <pc xml:id="o5157-599960"
             n="273-a-0700"
             unit="sentence"
             ecep:lem="."
             ecep:pos="."
             ecep:reg="."
             ecep:spe=".">.</pc>
      </l>
   </lg>
   <lg xml:id="o5157-s03140">
      <l xml:id="o5157-l32730">
         <w xml:id="o5157-599990"
            n="273-a-0710"
            ecep:lem="such"
            ecep:pos="d"
            ecep:reg="Such"
            ecep:spe="Such"
            ecep:syllab="1"
            ecep:pron="sʌtʃ">Such</w>
         <c> </c>
         <w xml:id="o5157-600000"
            n="273-a-0720"
            ecep:lem="suitor"
            ecep:pos="n2"
            ecep:reg="suitors"
            ecep:spe="suitors"
            ecep:syllab="2"
            ecep:pron="ˈsuːtəz">suitors</w>
         <c> </c>
         <w xml:id="o5157-600010"
            n="273-a-0730"
            ecep:lem="as"
            ecep:pos="c-acp"
            ecep:reg="as"
            ecep:spe="as"
            ecep:syllab="1"
            ecep:pron="æz">as</w>
         <c> </c>
         <w xml:id="o5157-600020"
            n="273-a-0740"
            ecep:lem="nothing"
            ecep:pos="pix"
            ecep:reg="nothing"
            ecep:spe="nothing"
            ecep:syllab="2"
            ecep:pron="ˈnʌθɪŋ">nothing</w>
         <c> </c>
         <w xml:id="o5157-600030"
            n="273-a-0750"
            ecep:lem="but"
            ecep:pos="cc-acp"
            ecep:reg="but"
            ecep:spe="but"
            ecep:syllab="1"
            ecep:pron="bʌt">but</w>
         <c> </c>
         <w xml:id="o5157-600040"
            n="273-a-0760"
            ecep:lem="ardour"
            ecep:pos="n2"
            ecep:reg="ardours"
            ecep:spe="ardours"
            ecep:syllab="2"
            ecep:pron="ˈɑːdəz">ardours</w>
         <c> </c>
         <w xml:id="o5157-600050"
            n="273-a-0770"
            ecep:lem="be"
            ecep:pos="vbr"
            ecep:reg="are"
            ecep:spe="are"
            ecep:syllab="1"
            ecep:pron="ɑː">are</w>
         <c> </c>
         <w xml:id="o5157-600060"
            n="273-a-0780"
            ecep:lem="boast"
            ecep:pos="vvg"
            ecep:reg="boasting"
            ecep:spe="boasting"
            ecep:syllab="2"
            ecep:pron="bəʊstɪŋ">boasting</w>
         <pc xml:id="o5157-600070"
             n="273-a-0790"
             ecep:lem=","
             ecep:pos=","
             ecep:reg=","
             ecep:spe=",">,</pc>
      </l>
      <l xml:id="o5157-l32735">
         <w xml:id="o5157-600080"
            n="273-a-0800"
            ecep:lem="will"
            ecep:pos="vmb"
            ecep:reg="Will"
            ecep:spe="Will"
            ecep:syllab="1"
            ecep:pron="wɪl">Will</w>
         <c> </c>
         <w xml:id="o5157-600090"
            n="273-a-0810"
            ecep:lem="never"
            ecep:pos="av-x"
            ecep:reg="never"
            ecep:spe="ne'er"
            ecep:syllab="1"
            ecep:pron="neə">ne'er</w>
         <c> </c>
         <w xml:id="o5157-600100"
            n="273-a-0820"
            ecep:lem="reach"
            ecep:pos="vvi"
            ecep:reg="reach"
            ecep:spe="reach"
            ecep:syllab="1"
            ecep:pron="riːtʃ">reach</w>
         <c> </c>
         <w xml:id="o5157-600110"
            n="273-a-0830"
            ecep:lem="Elysium"
            ecep:pos="np1"
            ecep:reg="Elysium"
            ecep:spe="Elysium"
            ecep:syllab="4"
            ecep:pron="ɪˈlɪziəm">Elysium</w>
         <pc xml:id="o5157-600120"
             n="273-a-0840"
             ecep:lem=","
             ecep:pos=","
             ecep:reg=","
             ecep:spe=",">,</pc>
         <c> </c>
         <w xml:id="o5157-600130"
            n="273-a-0850"
            ecep:lem="but"
            ecep:pos="cc-acp"
            ecep:reg="but"
            ecep:spe="but"
            ecep:syllab="1"
            ecep:pron="bʌt">but</w>
         <c> </c>
         <w xml:id="o5157-600140"
            n="273-a-0860"
            ecep:lem="ever"
            ecep:pos="av"
            ecep:reg="ever"
            ecep:spe="ever"
            ecep:syllab="2"
            ecep:pron="ˈevə">ever</w>
         <c> </c>
         <w xml:id="o5157-600150"
            n="273-a-0870"
            ecep:lem="be"
            ecep:pos="vbi"
            ecep:reg="be"
            ecep:spe="be"
            ecep:syllab="1"
            ecep:pron="biː">be</w>
         <c> </c>
         <w xml:id="o5157-600160"
            n="273-a-0880"
            ecep:lem="coast"
            ecep:pos="vvg"
            ecep:reg="coasting"
            ecep:spe="coasting"
            ecep:syllab="2"
            ecep:pron="kəʊstɪŋ">coasting</w>
         <pc xml:id="o5157-600170"
             n="273-a-0890"
             ecep:lem=","
             ecep:pos=","
             ecep:reg=","
             ecep:spe=",">,</pc>
      </l>
      <l xml:id="o5157-l32740">
         <w xml:id="o5157-600180"
            n="273-a-0900"
            ecep:lem="like"
            ecep:pos="av-j"
            ecep:reg="Like"
            ecep:spe="Like"
            ecep:syllab="1"
            ecep:pron="laɪk">Like</w>
         <c> </c>
         <w xml:id="o5157-600190"
            n="273-a-0910"
            ecep:lem="pennyless"
            ecep:pos="j"
            ecep:reg="pennyless"
            ecep:spe="pennyless"
            ecep:syllab="3"
            ecep:pron="ˈpeniləs">pennyless</w>
         <c> </c>
         <w xml:id="o5157-600200"
            n="273-a-0920"
            ecep:lem="ghost"
            ecep:pos="n2"
            ecep:reg="ghosts"
            ecep:spe="ghosts"
            ecep:syllab="1"
            ecep:pron="gəʊsts">ghosts</w>
         <c> </c>
         <w xml:id="o5157-600210"
            n="273-a-0930"
            ecep:lem="deny"
            ecep:pos="vvd"
            ecep:reg="denied"
            ecep:spe="deny'd"
            ecep:syllab="2"
            ecep:pron="dɪˈnaɪd">deny'd</w>
         <c> </c>
         <w xml:id="o5157-600220"
            n="273-a-0940"
            ecep:lem="passage"
            ecep:pos="n1"
            ecep:reg="passage"
            ecep:spe="passage"
            ecep:syllab="2"
            ecep:pron="ˈpæsɪdʒ">passage</w>
         <c> </c>
         <w xml:id="o5157-600230"
            n="273-a-0950"
            ecep:lem="by"
            ecep:pos="p-acp"
            ecep:reg="by"
            ecep:spe="by"
            ecep:syllab="1"
            ecep:pron="baɪ">by</w>
         <c> </c>
         <w xml:id="o5157-600240"
            n="273-a-0960"
            ecep:lem="Charon"
            ecep:pos="np1"
            ecep:reg="Charon"
            ecep:spe="Charon"
            ecep:syllab="2"
            ecep:pron="ˈkeərən">Charon</w>
         <pc xml:id="o5157-600250"
             n="273-a-0970"
             ecep:lem=","
             ecep:pos=","
             ecep:reg=","
             ecep:spe=",">,</pc>
      </l>
      <l xml:id="o5157-l32745">
         <w xml:id="o5157-600260"
            n="273-a-0980"
            ecep:lem="they|will"
            ecep:pos="pns32|vmb"
            ecep:reg="They'll"
            ecep:spe="They'll"
            ecep:syllab="1"
            ecep:pron="ðeɪl">They'll</w>
         <c> </c>
         <w xml:id="o5157-600270"
            n="273-a-0990"
            ecep:lem="find"
            ecep:pos="vvi"
            ecep:reg="find"
            ecep:spe="find"
            ecep:syllab="1"
            ecep:pron="faɪnd">find</w>
         <pc xml:id="o5157-600280"
             n="273-a-1000"
             ecep:lem=","
             ecep:pos=","
             ecep:reg=","
             ecep:spe=",">,</pc>
         <c> </c>
         <w xml:id="o5157-600290"
            n="273-a-1010"
            ecep:lem="without"
            ecep:pos="p-acp"
            ecep:reg="without"
            ecep:spe="without"
            ecep:syllab="2"
            ecep:pron="wɪˈðaʊt">without</w>
         <c> </c>
         <w xml:id="o5157-600300"
            n="273-a-1020"
            ecep:lem="fee"
            ecep:pos="n1"
            ecep:reg="fee"
            ecep:spe="fee"
            ecep:syllab="1"
            ecep:pron="fiː">fee</w>
         <pc xml:id="o5157-600310"
             n="273-a-1030"
             ecep:lem=","
             ecep:pos=","
             ecep:reg=","
             ecep:spe=",">,</pc>
         <c> </c>
         <w xml:id="o5157-600320"
            n="273-a-1040"
            ecep:lem="unrelenting"
            ecep:pos="j"
            ecep:reg="unrelenting"
            ecep:spe="unrelenting"
            ecep:syllab="4"
            ecep:pron="ˌʌnrɪˈlentɪŋ">unrelenting</w>
         <c> </c>
         <w xml:id="o5157-600330"
            n="273-a-1050"
            ecep:lem="the"
            ecep:pos="dt"
            ecep:reg="the"
            ecep:spe="the"
            ecep:syllab="1"
            ecep:pron="ðiː">the</w>
         <c> </c>
         <rhyme ana="#split" type="end">
            <w xml:id="o5157-600340"
               n="273-a-1060"
               ecep:lem="fair"
               ecep:pos="j"
               ecep:reg="fair"
               ecep:spe="fair"
               ecep:syllab="1"
               ecep:pron="feə">fair</w>
            <c> </c>
            <w xml:id="o5157-600350"
               n="273-a-1070"
               ecep:lem="one"
               ecep:pos="pi"
               ecep:reg="one"
               ecep:spe="one"
               ecep:syllab="1"
               ecep:pron="wʌn">one</w>
         </rhyme>
         <pc xml:id="o5157-600370"
             n="273-a-1080"
             unit="sentence"
             ecep:lem="."
             ecep:pos="."
             ecep:reg="."
             ecep:spe=".">.</pc>
      </l>
   </lg>
   <lg xml:id="o5157-s03145">
      <l xml:id="o5157-l32750">
         <w xml:id="o5157-600400"
            n="273-a-1090"
            ecep:lem="but"
            ecep:pos="cc-acp"
            ecep:reg="But"
            ecep:spe="But"
            ecep:syllab="1"
            ecep:pron="bʌt">But</w>
         <c> </c>
         <w xml:id="o5157-600410"
            n="273-a-1100"
            ecep:lem="give"
            ecep:pos="vvb"
            ecep:reg="give"
            ecep:spe="give"
            ecep:syllab="1"
            ecep:pron="gɪv">give</w>
         <c> </c>
         <w xml:id="o5157-600420"
            n="273-a-1110"
            ecep:lem="i"
            ecep:pos="pno11"
            ecep:reg="me"
            ecep:spe="me"
            ecep:syllab="1"
            ecep:pron="miː">me</w>
         <c> </c>
         <w xml:id="o5157-600430"
            n="273-a-1120"
            ecep:lem="the"
            ecep:pos="dt"
            ecep:reg="the"
            ecep:spe="the"
            ecep:syllab="1"
            ecep:pron="ðiː">the</w>
         <c> </c>
         <w xml:id="o5157-600440"
            n="273-a-1130"
            ecep:lem="nymph"
            ecep:pos="n1"
            ecep:reg="nymph"
            ecep:spe="nymph"
            ecep:syllab="1"
            ecep:pron="nɪmf">nymph</w>
         <c> </c>
         <w xml:id="o5157-600450"
            n="273-a-1140"
            ecep:lem="not"
            ecep:pos="xx"
            ecep:reg="not"
            ecep:spe="not"
            ecep:syllab="1"
            ecep:pron="nɒt">not</w>
         <c> </c>
         <w xml:id="o5157-600460"
            n="273-a-1150"
            ecep:lem="ungrateful"
            ecep:pos="j"
            ecep:reg="ungrateful"
            ecep:spe="ungrateful"
            ecep:syllab="3"
            ecep:pron="ʌnˈgreɪtfl">ungrateful</w>
         <c> </c>
         <w xml:id="o5157-600470"
            n="273-a-1160"
            ecep:lem="to"
            ecep:pos="p-acp"
            ecep:reg="to"
            ecep:spe="to"
            ecep:syllab="1"
            ecep:pron="tuː">to</w>
         <c> </c>
         <w xml:id="o5157-600480"
            n="273-a-1170"
            ecep:lem="woo"
            ecep:pos="vvg"
            ecep:reg="wooing"
            ecep:spe="wooing"
            ecep:syllab="2"
            ecep:pron="wuːɪŋ">wooing</w>
         <pc xml:id="o5157-600490"
             n="273-a-1180"
             ecep:lem=","
             ecep:pos=","
             ecep:reg=","
             ecep:spe=",">,</pc>
      </l>
      <l xml:id="o5157-l32755">
         <w xml:id="o5157-600500"
            n="273-a-1190"
            ecep:lem="who"
            ecep:pos="q-crq"
            ecep:reg="Who"
            ecep:spe="Who"
            ecep:syllab="1"
            ecep:pron="huː">Who</w>
         <c> </c>
         <w xml:id="o5157-600510"
            n="273-a-1200"
            ecep:lem="love"
            ecep:pos="n1"
            ecep:reg="love"
            ecep:spe="love"
            ecep:syllab="1"
            ecep:pron="lʌv">love</w>
         <c> </c>
         <w xml:id="o5157-600520"
            n="273-a-1210"
            ecep:lem="pay"
            ecep:pos="vvz"
            ecep:reg="pays"
            ecep:spe="pays"
            ecep:syllab="1"
            ecep:pron="peɪz">pays</w>
         <c> </c>
         <w xml:id="o5157-600530"
            n="273-a-1220"
            ecep:lem="with"
            ecep:pos="p-acp"
            ecep:reg="with"
            ecep:spe="with"
            ecep:syllab="1"
            ecep:pron="wɪð">with</w>
         <c> </c>
         <w xml:id="o5157-600540"
            n="273-a-1230"
            ecep:lem="love"
            ecep:pos="n1"
            ecep:reg="love"
            ecep:spe="love"
            ecep:syllab="1"
            ecep:pron="lʌv">love</w>
         <pc xml:id="o5157-600550"
             n="273-a-1240"
             ecep:lem=","
             ecep:pos=","
             ecep:reg=","
             ecep:spe=",">,</pc>
         <c> </c>
         <w xml:id="o5157-600560"
            n="273-a-1250"
            ecep:lem="and"
            ecep:pos="cc"
            ecep:reg="and"
            ecep:spe="and"
            ecep:syllab="1"
            ecep:pron="ænd">and</w>
         <c> </c>
         <w xml:id="o5157-600570"
            n="273-a-1260"
            ecep:lem="caress"
            ecep:pos="n2"
            ecep:reg="caresses"
            ecep:spe="caresses"
            ecep:syllab="3"
            ecep:pron="kəˈresɪz">caresses</w>
         <c> </c>
         <w xml:id="o5157-600580"
            n="273-a-1270"
            ecep:lem="with"
            ecep:pos="p-acp"
            ecep:reg="with"
            ecep:spe="with"
            ecep:syllab="1"
            ecep:pron="wɪð">with</w>
         <c> </c>
         <w xml:id="o5157-600590"
            n="273-a-1280"
            ecep:lem="coo"
            ecep:pos="vvg"
            ecep:reg="cooing"
            ecep:spe="cooing"
            ecep:syllab="2"
            ecep:pron="kuːɪŋ">cooing</w>
         <pc xml:id="o5157-600600"
             n="273-a-1290"
             ecep:lem=","
             ecep:pos=","
             ecep:reg=","
             ecep:spe=",">,</pc>
      </l>
      <l xml:id="o5157-l32760">
         <w xml:id="o5157-600610"
            n="273-a-1300"
            ecep:lem="by"
            ecep:pos="p-acp"
            ecep:reg="By"
            ecep:spe="By"
            ecep:syllab="1"
            ecep:pron="baɪ">By</w>
         <c> </c>
         <w xml:id="o5157-600620"
            n="273-a-1310"
            ecep:lem="who"
            ecep:pos="r-crq"
            ecep:reg="whom"
            ecep:spe="whom"
            ecep:syllab="1"
            ecep:pron="huːm">whom</w>
         <c> </c>
         <w xml:id="o5157-600630"
            n="273-a-1320"
            ecep:lem="a"
            ecep:pos="dt"
            ecep:reg="a"
            ecep:spe="a"
            ecep:syllab="1"
            ecep:pron="ə">a</w>
         <c> </c>
         <w xml:id="o5157-600640"
            n="273-a-1330"
            ecep:lem="true"
            ecep:pos="j"
            ecep:reg="true"
            ecep:spe="true"
            ecep:syllab="1"
            ecep:pron="truː">true</w>
         <c> </c>
         <w xml:id="o5157-600650"
            n="273-a-1340"
            ecep:lem="heart"
            ecep:pos="n1"
            ecep:reg="heart"
            ecep:spe="heart"
            ecep:syllab="1"
            ecep:pron="hɑːt">heart</w>
         <c> </c>
         <w xml:id="o5157-600660"
            n="273-a-1350"
            ecep:lem="be"
            ecep:pos="vbz"
            ecep:reg="is"
            ecep:spe="is"
            ecep:syllab="1"
            ecep:pron="ɪz">is</w>
         <c> </c>
         <w xml:id="o5157-600670"
            n="273-a-1360"
            ecep:lem="accept"
            ecep:pos="vvn"
            ecep:reg="accepted"
            ecep:spe="accepted"
            ecep:syllab="3"
            ecep:pron="əkˈseptɪd">accepted</w>
         <c> </c>
         <w xml:id="o5157-600680"
            n="273-a-1370"
            ecep:lem="as"
            ecep:pos="p-acp"
            ecep:reg="as"
            ecep:spe="as"
            ecep:syllab="1"
            ecep:pron="æz">as</w>
         <c> </c>
         <w xml:id="o5157-600690"
            n="273-a-1380"
            ecep:lem="sterling"
            ecep:pos="j-jn"
            ecep:reg="sterling"
            ecep:spe="sterling"
            ecep:syllab="2"
            ecep:pron="ˈstɜːlɪŋ">sterling</w>
         <pc xml:id="o5157-600700"
             n="273-a-1390"
             ecep:lem=","
             ecep:pos=","
             ecep:reg=","
             ecep:spe=",">,</pc>
      </l>
      <l xml:id="o5157-l32765">
         <w xml:id="o5157-600710"
            n="273-a-1400"
            ecep:lem="and"
            ecep:pos="cc"
            ecep:reg="And"
            ecep:spe="And"
            ecep:syllab="1"
            ecep:pron="ænd">And</w>
         <c> </c>
         <w xml:id="o5157-600720"
            n="273-a-1410"
            ecep:lem="Cupid"
            ecep:pos="np1"
            ecep:reg="Cupid"
            ecep:spe="Cupid"
            ecep:syllab="2"
            ecep:pron="ˈkjuːpɪd">Cupid</w>
         <c> </c>
         <w xml:id="o5157-600730"
            n="273-a-1420"
            ecep:lem="alone"
            ecep:pos="av-j"
            ecep:reg="alone"
            ecep:spe="alone"
            ecep:syllab="2"
            ecep:pron="əˈləʊn">alone</w>
         <c> </c>
         <w xml:id="o5157-600740"
            n="273-a-1430"
            ecep:lem="make"
            ecep:pos="vvz"
            ecep:reg="makes"
            ecep:spe="makes"
            ecep:syllab="1"
            ecep:pron="meɪks">makes</w>
         <c> </c>
         <w xml:id="o5157-600750"
            n="273-a-1440"
            ecep:lem="her"
            ecep:pos="po31"
            ecep:reg="her"
            ecep:spe="her"
            ecep:syllab="1"
            ecep:pron="hɜː">her</w>
         <c> </c>
         <w xml:id="o5157-600760"
            n="273-a-1450"
            ecep:lem="lover"
            ecep:pos="n1"
            ecep:reg="lover"
            ecep:spe="lover"
            ecep:syllab="2"
            ecep:pron="ˈlʌvə">lover</w>
         <c> </c>
         <w xml:id="o5157-600770"
            n="273-a-1460"
            ecep:lem="her"
            ecep:pos="po31"
            ecep:reg="her"
            ecep:spe="her"
            ecep:syllab="1"
            ecep:pron="hɜː">her</w>
         <c> </c>
         <w xml:id="o5157-600780"
            n="273-a-1470"
            ecep:lem="darling"
            ecep:pos="n-jn"
            ecep:reg="darling"
            ecep:spe="darling"
            ecep:syllab="2"
            ecep:pron="ˈdɑːlɪŋ">darling</w>
         <pc xml:id="o5157-600790"
             n="273-a-1480"
             unit="sentence"
             ecep:lem="."
             ecep:pos="."
             ecep:reg="."
             ecep:spe=".">.</pc>
      </l>
   </lg>
</div>
