<?xml version="1.0" encoding="utf-8"?>
<!DOCTYPE div
  SYSTEM "about:legacy-compat">
<div xmlns:ecep="http://www.eighteenthcenturypoetry.org/ns"
     xmlns="http://www.tei-c.org/ns/1.0"
     xmlns:tei="http://www.tei-c.org/ns/1.0"
     ana="#iamb #tetrameter #trimeter #quatrain #cross #ode"
     corresp="#txt_BethMa1776_w0016"
     decls="#semi-normalized"
     ecep:syllab="8.6.8.6"
     met="-+|-+|-+|-+/ -+|-+|-+/ -+|-+|-+|-+/ -+|-+|-+/"
     rendition="#lgvspace"
     rhyme="abab"
     subtype="eceptext"
     xml:id="bmb97-w0160">
   <link target="authors.xml#aut_BethMa1776" type="author"/>
   <head type="main">
      <w xml:id="bmb97-132220"
         n="a-0010"
         ecep:lem="on"
         ecep:pos="p-acp"
         ecep:reg="ON"
         ecep:spe="ON"
         ecep:syllab="1"
         ecep:pron="ɒn">ON</w>
      <c> </c>
      <w xml:id="bmb97-132230"
         n="a-0020"
         ecep:lem="the"
         ecep:pos="dt"
         ecep:reg="THE"
         ecep:spe="THE"
         ecep:syllab="1"
         ecep:pron="ðiː">THE</w>
      <c> </c>
      <hi>
         <w xml:id="bmb97-132240"
            n="a-0030"
            ecep:lem="eve"
            ecep:pos="n1"
            ecep:reg="EVE"
            ecep:spe="EVE"
            ecep:syllab="1"
            ecep:pron="iːv">EVE</w>
         <c> </c>
         <w xml:id="bmb97-132250"
            n="a-0040"
            ecep:lem="of"
            ecep:pos="pp-f"
            ecep:reg="OF"
            ecep:spe="OF"
            ecep:syllab="1"
            ecep:pron="ɒv">OF</w>
         <c> </c>
         <w xml:id="bmb97-132260"
            n="a-0050"
            ecep:lem="departure"
            ecep:pos="n1"
            ecep:reg="DEPARTURE"
            ecep:spe="DEPARTURE"
            ecep:syllab="3"
            ecep:pron="dɪˈpɑːtʃə">DEPARTURE</w>
      </hi>
      <c> </c>
      <w xml:id="bmb97-132270"
         n="a-0060"
         ecep:lem="from"
         ecep:pos="p-acp"
         ecep:reg="From"
         ecep:spe="From"
         ecep:syllab="1"
         ecep:pron="frɒm">From</w>
      <c> </c>
      <w xml:id="bmb97-132280"
         n="a-0070"
         ecep:lem="o"
         ecep:pos="uh"
         ecep:reg="OH"
         ecep:spe="O"
         ecep:syllab="1"
         ecep:pron="əʊ">O</w>
      <c> </c>
      <pc xml:id="bmb97-132290"
          unit="sentence"
          n="a-0080"
          ecep:lem="—"
          ecep:pos="—"
          ecep:reg="—"
          ecep:spe="—">—</pc>
   </head>
   <lg xml:id="bmb97-s01245">
      <l xml:id="bmb97-l06745">
         <w xml:id="bmb97-132320"
            n="a-0090"
            ecep:lem="loud"
            ecep:pos="j"
            ecep:reg="LOUD"
            ecep:spe="LOUD"
            ecep:syllab="1"
            ecep:pron="laʊd">LOUD</w>
         <c> </c>
         <w xml:id="bmb97-132330"
            n="a-0100"
            ecep:lem="beat"
            ecep:pos="vvz"
            ecep:reg="beats"
            ecep:spe="beats"
            ecep:syllab="1"
            ecep:pron="biːts">beats</w>
         <c> </c>
         <w xml:id="bmb97-132340"
            n="a-0110"
            ecep:lem="the"
            ecep:pos="dt"
            ecep:reg="the"
            ecep:spe="the"
            ecep:syllab="1"
            ecep:pron="ðiː">the</w>
         <c> </c>
         <w xml:id="bmb97-132350"
            n="a-0120"
            ecep:lem="rain"
            ecep:pos="n1"
            ecep:reg="rain"
            ecep:spe="rain"
            ecep:syllab="1"
            ecep:pron="reɪn">rain</w>
         <pc xml:id="bmb97-132360"
             n="a-0130"
             unit="sentence"
             ecep:lem="!"
             ecep:pos="!"
             ecep:reg="!"
             ecep:spe="!">!</pc>
         <c> </c>
         <w xml:id="bmb97-132370"
            n="a-0140"
            ecep:lem="the"
            ecep:pos="dt"
            ecep:reg="The"
            ecep:spe="The"
            ecep:syllab="1"
            ecep:pron="ðiː">The</w>
         <c> </c>
         <w xml:id="bmb97-132380"
            n="a-0150"
            ecep:lem="hollow"
            ecep:pos="j-jn"
            ecep:reg="hollow"
            ecep:spe="hollow"
            ecep:syllab="2"
            ecep:pron="ˈhɒləʊ">hollow</w>
         <c> </c>
         <w xml:id="bmb97-132390"
            n="a-0160"
            ecep:lem="groan"
            ecep:pos="n1"
            ecep:reg="groan"
            ecep:spe="groan"
            ecep:syllab="1"
            ecep:pron="grəʊn">groan</w>
      </l>
      <l rendition="#h_3" xml:id="bmb97-l06750">
         <c> </c>
         <w xml:id="bmb97-132400"
            n="a-0170"
            ecep:lem="of"
            ecep:pos="pp-f"
            ecep:reg="Of"
            ecep:spe="Of"
            ecep:syllab="1"
            ecep:pron="ɒv">Of</w>
         <c> </c>
         <w xml:id="bmb97-132410"
            n="a-0180"
            ecep:lem="rush"
            ecep:pos="j-vvg"
            ecep:reg="rushing"
            ecep:spe="rushing"
            ecep:syllab="2"
            ecep:pron="rʌʃɪŋ">rushing</w>
         <c> </c>
         <w xml:id="bmb97-132420"
            n="a-0190"
            ecep:lem="wind"
            ecep:pos="n2"
            ecep:reg="winds"
            ecep:spe="winds"
            ecep:syllab="1"
            ecep:pron="wɪndz">winds</w>
         <c> </c>
         <w xml:id="bmb97-132430"
            n="a-0200"
            ecep:lem="i"
            ecep:pos="pns11"
            ecep:reg="I"
            ecep:spe="I"
            ecep:syllab="1"
            ecep:pron="aɪ">I</w>
         <c> </c>
         <w xml:id="bmb97-132440"
            n="a-0210"
            ecep:lem="hear"
            ecep:pos="vvb"
            ecep:reg="hear"
            ecep:spe="hear"
            ecep:syllab="1"
            ecep:pron="hɪə">hear</w>
         <pc xml:id="bmb97-132450"
             n="a-0220"
             ecep:lem=","
             ecep:pos=","
             ecep:reg=","
             ecep:spe=",">,</pc>
      </l>
      <l xml:id="bmb97-l06755">
         <c> </c>
         <w xml:id="bmb97-132460"
            n="a-0230"
            ecep:lem="that"
            ecep:pos="cst"
            ecep:reg="That"
            ecep:spe="That"
            ecep:syllab="1"
            ecep:pron="ðæt">That</w>
         <c> </c>
         <w xml:id="bmb97-132470"
            n="a-0240"
            ecep:lem="with"
            ecep:pos="p-acp"
            ecep:reg="with"
            ecep:spe="with"
            ecep:syllab="1"
            ecep:pron="wɪð">with</w>
         <c> </c>
         <w xml:id="bmb97-132480"
            n="a-0250"
            ecep:lem="a"
            ecep:pos="dt"
            ecep:reg="a"
            ecep:spe="a"
            ecep:syllab="1"
            ecep:pron="ə">a</w>
         <c> </c>
         <w xml:id="bmb97-132490"
            n="a-0260"
            ecep:lem="deep"
            ecep:pos="j-jn"
            ecep:reg="deep"
            ecep:spe="deep"
            ecep:syllab="1"
            ecep:pron="diːp">deep</w>
         <c> </c>
         <w xml:id="bmb97-132500"
            n="a-0270"
            ecep:lem="and"
            ecep:pos="cc"
            ecep:reg="and"
            ecep:spe="and"
            ecep:syllab="1"
            ecep:pron="ænd">and</w>
         <c> </c>
         <w xml:id="bmb97-132510"
            n="a-0280"
            ecep:lem="sullen"
            ecep:pos="j"
            ecep:reg="sullen"
            ecep:spe="sullen"
            ecep:syllab="2"
            ecep:pron="ˈsʌlən">sullen</w>
         <c> </c>
         <w xml:id="bmb97-132520"
            n="a-0290"
            ecep:lem="moan"
            ecep:pos="n1"
            ecep:reg="moan"
            ecep:spe="moan"
            ecep:syllab="1"
            ecep:pron="məʊn">moan</w>
         <pc xml:id="bmb97-132530"
             n="a-0300"
             ecep:lem=","
             ecep:pos=","
             ecep:reg=","
             ecep:spe=",">,</pc>
      </l>
      <l rendition="#h_3" xml:id="bmb97-l06760">
         <c> </c>
         <w xml:id="bmb97-132540"
            n="a-0310"
            ecep:lem="pass"
            ecep:pos="vvb"
            ecep:reg="Pass"
            ecep:spe="Pass"
            ecep:syllab="1"
            ecep:pron="pɑːs">Pass</w>
         <c> </c>
         <w xml:id="bmb97-132550"
            n="a-0320"
            ecep:lem="slow"
            ecep:pos="av-j"
            ecep:reg="slowly"
            ecep:spe="slowly"
            ecep:syllab="2"
            ecep:pron="sləʊli">slowly</w>
         <c> </c>
         <w xml:id="bmb97-132560"
            n="a-0330"
            ecep:lem="by"
            ecep:pos="p-acp"
            ecep:reg="by"
            ecep:spe="by"
            ecep:syllab="1"
            ecep:pron="baɪ">by</w>
         <c> </c>
         <w xml:id="bmb97-132570"
            n="a-0340"
            ecep:lem="the"
            ecep:pos="dt"
            ecep:reg="the"
            ecep:spe="the"
            ecep:syllab="1"
            ecep:pron="ðiː">the</w>
         <c> </c>
         <w xml:id="bmb97-132580"
            n="a-0350"
            ecep:lem="ear"
            ecep:pos="n1"
            ecep:reg="ear"
            ecep:spe="ear"
            ecep:syllab="1"
            ecep:pron="ɪə">ear</w>
         <pc xml:id="bmb97-132590"
             n="a-0360"
             unit="sentence"
             ecep:lem="."
             ecep:pos="."
             ecep:reg="."
             ecep:spe=".">.</pc>
         <c> </c>
      </l>
   </lg>
   <lg xml:id="bmb97-s01250">
      <l xml:id="bmb97-l06765">
         <w xml:id="bmb97-132620"
            n="a-0370"
            ecep:lem="soon"
            ecep:pos="av"
            ecep:reg="Soon"
            ecep:spe="Soon"
            ecep:syllab="1"
            ecep:pron="suːn">Soon</w>
         <c> </c>
         <w xml:id="bmb97-132630"
            n="a-0380"
            ecep:lem="will"
            ecep:pos="vmb"
            ecep:reg="will"
            ecep:spe="will"
            ecep:syllab="1"
            ecep:pron="wɪl">will</w>
         <c> </c>
         <w xml:id="bmb97-132640"
            n="a-0390"
            ecep:lem="my"
            ecep:pos="po11"
            ecep:reg="my"
            ecep:spe="my"
            ecep:syllab="1"
            ecep:pron="maɪ">my</w>
         <c> </c>
         <w xml:id="bmb97-132650"
            n="a-0400"
            ecep:lem="die"
            ecep:pos="j-vvg"
            ecep:reg="dying"
            ecep:spe="dying"
            ecep:syllab="2"
            ecep:pron="ˈdaɪɪŋ">dying</w>
         <c> </c>
         <w xml:id="bmb97-132660"
            n="a-0410"
            ecep:lem="fire"
            ecep:pos="n1"
            ecep:reg="fire"
            ecep:spe="fire"
            ecep:syllab="1"
            ecep:pron="fæə">fire</w>
         <c> </c>
         <w xml:id="bmb97-132670"
            n="a-0420"
            ecep:lem="refuse"
            ecep:pos="vvi"
            ecep:reg="refuse"
            ecep:spe="refuse"
            ecep:syllab="2"
            ecep:pron="ˈrefjuːs">refuse</w>
      </l>
      <l rendition="#h_3" xml:id="bmb97-l06770">
         <c> </c>
         <w xml:id="bmb97-132680"
            n="a-0430"
            ecep:lem="to"
            ecep:pos="pc-acp"
            ecep:reg="To"
            ecep:spe="To"
            ecep:syllab="1"
            ecep:pron="tuː">To</w>
         <c> </c>
         <w xml:id="bmb97-132690"
            n="a-0440"
            ecep:lem="yield"
            ecep:pos="vvi"
            ecep:reg="yield"
            ecep:spe="yield"
            ecep:syllab="1"
            ecep:pron="jiːld">yield</w>
         <c> </c>
         <w xml:id="bmb97-132700"
            n="a-0450"
            ecep:lem="a"
            ecep:pos="dt"
            ecep:reg="a"
            ecep:spe="a"
            ecep:syllab="1"
            ecep:pron="ə">a</w>
         <c> </c>
         <w xml:id="bmb97-132710"
            n="a-0460"
            ecep:lem="cheerful"
            ecep:pos="j"
            ecep:reg="cheerful"
            ecep:spe="cheerful"
            ecep:syllab="2"
            ecep:pron="ˈtʃɪəfl">cheerful</w>
         <c> </c>
         <w xml:id="bmb97-132720"
            n="a-0470"
            ecep:lem="ray"
            ecep:pos="n1"
            ecep:reg="ray"
            ecep:spe="ray"
            ecep:syllab="1"
            ecep:pron="reɪ">ray</w>
         <pc xml:id="bmb97-132730"
             n="a-0480"
             ecep:lem=","
             ecep:pos=","
             ecep:reg=","
             ecep:spe=",">,</pc>
      </l>
      <l xml:id="bmb97-l06775">
         <c> </c>
         <w xml:id="bmb97-132740"
            n="a-0490"
            ecep:lem="yet"
            ecep:pos="av"
            ecep:reg="Yet"
            ecep:spe="Yet"
            ecep:syllab="1"
            ecep:pron="jet">Yet</w>
         <pc xml:id="bmb97-132750"
             n="a-0500"
             ecep:lem=","
             ecep:pos=","
             ecep:reg=","
             ecep:spe=",">,</pc>
         <c> </c>
         <w xml:id="bmb97-132760"
            n="a-0510"
            ecep:lem="shiver"
            ecep:pos="vvg"
            ecep:reg="shivering"
            ecep:spe="shivering"
            ecep:syllab="3"
            ecep:pron="ˈʃɪvrɪŋ">shivering</w>
         <c> </c>
         <w xml:id="bmb97-132770"
            n="a-0520"
            ecep:lem="still"
            ecep:pos="av"
            ecep:reg="still"
            ecep:spe="still"
            ecep:syllab="1"
            ecep:pron="stɪl">still</w>
         <c> </c>
         <w xml:id="bmb97-132780"
            n="a-0530"
            ecep:lem="i"
            ecep:pos="pns11"
            ecep:reg="I"
            ecep:spe="I"
            ecep:syllab="1"
            ecep:pron="aɪ">I</w>
         <c> </c>
         <w xml:id="bmb97-132790"
            n="a-0540"
            ecep:lem="sit"
            ecep:pos="vvb"
            ecep:reg="sit"
            ecep:spe="sit"
            ecep:syllab="1"
            ecep:pron="sɪt">sit</w>
         <c> </c>
         <w xml:id="bmb97-132800"
            n="a-0550"
            ecep:lem="and"
            ecep:pos="cc"
            ecep:reg="and"
            ecep:spe="and"
            ecep:syllab="1"
            ecep:pron="ænd">and</w>
         <c> </c>
         <w xml:id="bmb97-132810"
            n="a-0560"
            ecep:lem="muse"
            ecep:pos="vvi"
            ecep:reg="muse"
            ecep:spe="muse"
            ecep:syllab="1"
            ecep:pron="mjuːz">muse</w>
      </l>
      <l rendition="#h_3" xml:id="bmb97-l06780">
         <c> </c>
         <w xml:id="bmb97-132820"
            n="a-0570"
            ecep:lem="the"
            ecep:pos="dt"
            ecep:reg="The"
            ecep:spe="The"
            ecep:syllab="1"
            ecep:pron="ðiː">The</w>
         <c> </c>
         <w xml:id="bmb97-132830"
            n="a-0580"
            ecep:lem="late"
            ecep:pos="js"
            ecep:reg="latest"
            ecep:spe="latest"
            ecep:syllab="2"
            ecep:pron="leɪtɪst">latest</w>
         <c> </c>
         <w xml:id="bmb97-132840"
            n="a-0590"
            ecep:lem="spark"
            ecep:pos="n1"
            ecep:reg="spark"
            ecep:spe="spark"
            ecep:syllab="1"
            ecep:pron="spɑːk">spark</w>
         <c> </c>
         <w xml:id="bmb97-132850"
            n="a-0600"
            ecep:lem="away"
            ecep:pos="av"
            ecep:reg="away"
            ecep:spe="away"
            ecep:syllab="2"
            ecep:pron="əˈweɪ">away</w>
         <pc xml:id="bmb97-132860"
             n="a-0610"
             unit="sentence"
             ecep:lem="."
             ecep:pos="."
             ecep:reg="."
             ecep:spe=".">.</pc>
         <c> </c>
      </l>
   </lg>
   <pb n="89" rend="none"/>
   <lg xml:id="bmb97-s01255">
      <l xml:id="bmb97-l06785">
         <w xml:id="bmb97-132890"
            n="a-0010"
            ecep:lem="ah"
            ecep:pos="uh"
            ecep:reg="Ah"
            ecep:spe="Ah"
            ecep:syllab="1"
            ecep:pron="ɑː">Ah</w>
         <pc xml:id="bmb97-132900"
             n="a-0020"
             ecep:lem=","
             ecep:pos=","
             ecep:reg=","
             ecep:spe=",">,</pc>
         <c> </c>
         <w xml:id="bmb97-132910"
            n="a-0030"
            ecep:lem="what"
            ecep:pos="q-crq"
            ecep:reg="what"
            ecep:spe="what"
            ecep:syllab="1"
            ecep:pron="wɒt">what</w>
         <c> </c>
         <w xml:id="bmb97-132920"
            n="a-0040"
            ecep:lem="a"
            ecep:pos="dt"
            ecep:reg="a"
            ecep:spe="a"
            ecep:syllab="1"
            ecep:pron="ə">a</w>
         <c> </c>
         <w xml:id="bmb97-132930"
            n="a-0050"
            ecep:lem="night"
            ecep:pos="n1"
            ecep:reg="night"
            ecep:spe="night"
            ecep:syllab="1"
            ecep:pron="naɪt">night</w>
         <pc xml:id="bmb97-132940"
             n="a-0060"
             ecep:lem="!"
             ecep:pos="!"
             ecep:reg="!"
             ecep:spe="!">!</pc>
         <c> </c>
         <w xml:id="bmb97-132950"
            n="a-0070"
            ecep:lem="the"
            ecep:pos="dt"
            ecep:reg="the"
            ecep:spe="the"
            ecep:syllab="1"
            ecep:pron="ðiː">the</w>
         <c> </c>
         <w xml:id="bmb97-132960"
            n="a-0080"
            ecep:lem="chilly"
            ecep:pos="j"
            ecep:reg="chilly"
            ecep:spe="chilly"
            ecep:syllab="2"
            ecep:pron="ˈtʃɪli">chilly</w>
         <c> </c>
         <w xml:id="bmb97-132970"
            n="a-0090"
            ecep:lem="air"
            ecep:pos="n1"
            ecep:reg="air"
            ecep:spe="air"
            ecep:syllab="1"
            ecep:pron="eə">air</w>
      </l>
      <l rendition="#h_3" xml:id="bmb97-l06790">
         <c> </c>
         <w xml:id="bmb97-132980"
            n="a-0100"
            ecep:lem="bid"
            ecep:pos="vvz"
            ecep:reg="Bids"
            ecep:spe="Bids"
            ecep:syllab="1"
            ecep:pron="bɪdz">Bids</w>
         <c> </c>
         <w xml:id="bmb97-132990"
            n="a-0110"
            ecep:lem="comfort"
            ecep:pos="n1"
            ecep:reg="comfort"
            ecep:spe="comfort"
            ecep:syllab="2"
            ecep:pron="ˈkʌmfət">comfort</w>
         <c> </c>
         <w xml:id="bmb97-133000"
            n="a-0120"
            ecep:lem="hence"
            ecep:pos="av"
            ecep:reg="hence"
            ecep:spe="hence"
            ecep:syllab="1"
            ecep:pron="hens">hence</w>
         <c> </c>
         <w xml:id="bmb97-133010"
            n="a-0130"
            ecep:lem="depart"
            ecep:pos="vvi"
            ecep:reg="depart"
            ecep:spe="depart"
            ecep:syllab="2"
            ecep:pron="dɪˈpɑːt">depart</w>
         <pc xml:id="bmb97-133020"
             n="a-0140"
             ecep:lem=","
             ecep:pos=","
             ecep:reg=","
             ecep:spe=",">,</pc>
      </l>
      <l xml:id="bmb97-l06795">
         <c> </c>
         <w xml:id="bmb97-133030"
            n="a-0150"
            ecep:lem="while"
            ecep:pos="cs"
            ecep:reg="While"
            ecep:spe="While"
            ecep:syllab="1"
            ecep:pron="ˈwaɪl">While</w>
         <c> </c>
         <w xml:id="bmb97-133040"
            n="a-0160"
            ecep:lem="sad"
            ecep:pos="j"
            ecep:reg="sad"
            ecep:spe="sad"
            ecep:syllab="1"
            ecep:pron="sæd">sad</w>
         <c> </c>
         <w xml:id="bmb97-133050"
            n="a-0170"
            ecep:lem="repining"
            ecep:pos="ng1"
            ecep:reg="repining's"
            ecep:spe="repining's"
            ecep:syllab="3"
            ecep:pron="rɪˈpaɪnɪŋz">repining's</w>
         <c> </c>
         <w xml:id="bmb97-133060"
            n="a-0180"
            ecep:lem="clammy"
            ecep:pos="n1"
            ecep:reg="clammy"
            ecep:spe="clammy"
            ecep:syllab="2"
            ecep:pron="ˈklæmi">clammy</w>
         <c> </c>
         <w xml:id="bmb97-133070"
            n="a-0190"
            ecep:lem="wing"
            ecep:pos="n2"
            ecep:reg="wings"
            ecep:spe="wings"
            ecep:syllab="1"
            ecep:pron="wɪŋz">wings</w>
      </l>
      <l rendition="#h_3" xml:id="bmb97-l06800">
         <c> </c>
         <w xml:id="bmb97-133080"
            n="a-0200"
            ecep:lem="cling"
            ecep:pos="vvb"
            ecep:reg="Cling"
            ecep:spe="Cling"
            ecep:syllab="1"
            ecep:pron="klɪŋ">Cling</w>
         <c> </c>
         <w xml:id="bmb97-133090"
            n="a-0210"
            ecep:lem="icy"
            ecep:pos="j"
            ecep:reg="icy"
            ecep:spe="icy"
            ecep:syllab="2"
            ecep:pron="ˈaɪsi">icy</w>
         <c> </c>
         <w xml:id="bmb97-133100"
            n="a-0220"
            ecep:lem="to"
            ecep:pos="p-acp"
            ecep:reg="to"
            ecep:spe="to"
            ecep:syllab="1"
            ecep:pron="tuː">to</w>
         <c> </c>
         <w xml:id="bmb97-133110"
            n="a-0230"
            ecep:lem="my"
            ecep:pos="po11"
            ecep:reg="my"
            ecep:spe="my"
            ecep:syllab="1"
            ecep:pron="maɪ">my</w>
         <c> </c>
         <w xml:id="bmb97-133120"
            n="a-0240"
            ecep:lem="heart"
            ecep:pos="n1"
            ecep:reg="heart"
            ecep:spe="heart"
            ecep:syllab="1"
            ecep:pron="hɑːt">heart</w>
         <pc xml:id="bmb97-133130"
             n="a-0250"
             unit="sentence"
             ecep:lem="."
             ecep:pos="."
             ecep:reg="."
             ecep:spe=".">.</pc>
         <c> </c>
      </l>
   </lg>
   <lg xml:id="bmb97-s01260">
      <l xml:id="bmb97-l06805">
         <w xml:id="bmb97-133160"
            n="a-0260"
            ecep:lem="tomorrow"
            ecep:pos="ng1"
            ecep:reg="Tomorrow's"
            ecep:spe="To-morrow's"
            ecep:syllab="3"
            ecep:pron="təˈmɒrəʊz">To-morrow's</w>
         <c> </c>
         <w xml:id="bmb97-133170"
            n="a-0270"
            ecep:lem="dawn"
            ecep:pos="n1"
            ecep:reg="dawn"
            ecep:spe="dawn"
            ecep:syllab="1"
            ecep:pron="dɔːn">dawn</w>
         <c> </c>
         <w xml:id="bmb97-133180"
            n="a-0280"
            ecep:lem="may"
            ecep:pos="vmb"
            ecep:reg="may"
            ecep:spe="may"
            ecep:syllab="1"
            ecep:pron="meɪ">may</w>
         <c> </c>
         <w xml:id="bmb97-133190"
            n="a-0290"
            ecep:lem="fair"
            ecep:pos="av-j"
            ecep:reg="fair"
            ecep:spe="fair"
            ecep:syllab="1"
            ecep:pron="feə">fair</w>
         <c> </c>
         <w xml:id="bmb97-133200"
            n="a-0300"
            ecep:lem="arise"
            ecep:pos="vvi"
            ecep:reg="arise"
            ecep:spe="arise"
            ecep:syllab="2"
            ecep:pron="əˈraɪz">arise</w>
         <pc xml:id="bmb97-133210"
             n="a-0310"
             ecep:lem=","
             ecep:pos=","
             ecep:reg=","
             ecep:spe=",">,</pc>
      </l>
      <l rendition="#h_3" xml:id="bmb97-l06810">
         <c> </c>
         <w xml:id="bmb97-133220"
            n="a-0320"
            ecep:lem="and"
            ecep:pos="cc"
            ecep:reg="And"
            ecep:spe="And"
            ecep:syllab="1"
            ecep:pron="ænd">And</w>
         <c> </c>
         <w xml:id="bmb97-133230"
            n="a-0330"
            ecep:lem="lovely"
            ecep:pos="j"
            ecep:reg="lovely"
            ecep:spe="lovely"
            ecep:syllab="2"
            ecep:pron="ˈlʌvli">lovely</w>
         <c> </c>
         <w xml:id="bmb97-133240"
            n="a-0340"
            ecep:lem="to"
            ecep:pos="p-acp"
            ecep:reg="to"
            ecep:spe="to"
            ecep:syllab="1"
            ecep:pron="tuː">to</w>
         <c> </c>
         <w xml:id="bmb97-133250"
            n="a-0350"
            ecep:lem="the"
            ecep:pos="dt"
            ecep:reg="the"
            ecep:spe="the"
            ecep:syllab="1"
            ecep:pron="ðiː">the</w>
         <c> </c>
         <w xml:id="bmb97-133260"
            n="a-0360"
            ecep:lem="view"
            ecep:pos="n1"
            ecep:reg="view"
            ecep:spe="view"
            ecep:syllab="1"
            ecep:pron="vjuː">view</w>
         <pc xml:id="bmb97-133270"
             n="a-0370"
             ecep:lem=";"
             ecep:pos=";"
             ecep:reg=";"
             ecep:spe=";">;</pc>
      </l>
      <l xml:id="bmb97-l06815">
         <c> </c>
         <w xml:id="bmb97-133280"
            n="a-0380"
            ecep:lem="the"
            ecep:pos="dt"
            ecep:reg="The"
            ecep:spe="The"
            ecep:syllab="1"
            ecep:pron="ðiː">The</w>
         <c> </c>
         <w xml:id="bmb97-133290"
            n="a-0390"
            ecep:lem="sun"
            ecep:pos="n1"
            ecep:reg="sun"
            ecep:spe="sun"
            ecep:syllab="1"
            ecep:pron="sʌn">sun</w>
         <c> </c>
         <w xml:id="bmb97-133300"
            n="a-0400"
            ecep:lem="with"
            ecep:pos="p-acp"
            ecep:reg="with"
            ecep:spe="with"
            ecep:syllab="1"
            ecep:pron="wɪð">with</w>
         <c> </c>
         <w xml:id="bmb97-133310"
            n="a-0410"
            ecep:lem="radiance"
            ecep:pos="n1"
            ecep:reg="radiance"
            ecep:spe="radiance"
            ecep:syllab="3"
            ecep:pron="ˈreɪdiəns">radiance</w>
         <c> </c>
         <w xml:id="bmb97-133320"
            n="a-0420"
            ecep:lem="gild"
            ecep:pos="vvi"
            ecep:reg="gild"
            ecep:spe="gild"
            ecep:syllab="1"
            ecep:pron="gɪld">gild</w>
         <c> </c>
         <w xml:id="bmb97-133330"
            n="a-0430"
            ecep:lem="the"
            ecep:pos="dt"
            ecep:reg="the"
            ecep:spe="the"
            ecep:syllab="1"
            ecep:pron="ðiː">the</w>
         <c> </c>
         <w xml:id="bmb97-133340"
            n="a-0440"
            ecep:lem="sky"
            ecep:pos="n2"
            ecep:reg="skies"
            ecep:spe="skies"
            ecep:syllab="1"
            ecep:pron="skaɪz">skies</w>
         <pc xml:id="bmb97-133350"
             n="a-0450"
             ecep:lem=","
             ecep:pos=","
             ecep:reg=","
             ecep:spe=",">,</pc>
      </l>
      <l rendition="#h_3" xml:id="bmb97-l06820">
         <c> </c>
         <w xml:id="bmb97-133360"
            n="a-0460"
            ecep:lem="yet"
            ecep:pos="av"
            ecep:reg="Yet"
            ecep:spe="Yet"
            ecep:syllab="1"
            ecep:pron="jet">Yet</w>
         <c> </c>
         <w xml:id="bmb97-133370"
            n="a-0470"
            ecep:lem="then"
            ecep:pos="av"
            ecep:reg="then"
            ecep:spe="then"
            ecep:syllab="1"
            ecep:pron="ðen">then</w>
         <c> </c>
         <pc xml:id="bmb97-133380"
             n="a-0480"
             ecep:lem="—"
             ecep:pos="—"
             ecep:reg="—"
             ecep:spe="—">—</pc>
         <c> </c>
         <w xml:id="bmb97-133390"
            n="a-0490"
            ecep:lem="i"
            ecep:pos="pns11"
            ecep:reg="I"
            ecep:spe="I"
            ecep:syllab="1"
            ecep:pron="aɪ">I</w>
         <c> </c>
         <w xml:id="bmb97-133400"
            n="a-0500"
            ecep:lem="say"
            ecep:pos="vvb"
            ecep:reg="say"
            ecep:spe="say"
            ecep:syllab="1"
            ecep:pron="seɪ">say</w>
         <c> </c>
         <w xml:id="bmb97-133410"
            n="a-0510"
            ecep:lem="adieu"
            ecep:pos="uh-n"
            ecep:reg="adieu"
            ecep:spe="adieu"
            ecep:syllab="2"
            ecep:pron="əˈdjuː">adieu</w>
         <pc xml:id="bmb97-133420"
             n="a-0520"
             unit="sentence"
             ecep:lem="!"
             ecep:pos="!"
             ecep:reg="!"
             ecep:spe="!">!</pc>
         <c> </c>
      </l>
   </lg>
   <lg xml:id="bmb97-s01265">
      <l xml:id="bmb97-l06825">
         <w xml:id="bmb97-133450"
            n="a-0530"
            ecep:lem="oh"
            ecep:pos="uh"
            ecep:reg="O"
            ecep:spe="Oh"
            ecep:syllab="1"
            ecep:pron="əʊ">Oh</w>
         <pc xml:id="bmb97-133460"
             n="a-0540"
             ecep:lem=","
             ecep:pos=","
             ecep:reg=","
             ecep:spe=",">,</pc>
         <c> </c>
         <w xml:id="bmb97-133470"
            n="a-0550"
            ecep:lem="stay"
            ecep:pos="vvb"
            ecep:reg="stay"
            ecep:spe="stay"
            ecep:syllab="1"
            ecep:pron="steɪ">stay</w>
         <pc xml:id="bmb97-133480"
             n="a-0560"
             ecep:lem=","
             ecep:pos=","
             ecep:reg=","
             ecep:spe=",">,</pc>
         <c> </c>
         <w xml:id="bmb97-133490"
            n="a-0570"
            ecep:lem="dear"
            ecep:pos="j-jn"
            ecep:reg="dear"
            ecep:spe="dear"
            ecep:syllab="1"
            ecep:pron="dɪə">dear</w>
         <c> </c>
         <w xml:id="bmb97-133500"
            n="a-0580"
            ecep:lem="night"
            ecep:pos="n1"
            ecep:reg="Night"
            ecep:spe="Night"
            ecep:syllab="1"
            ecep:pron="naɪt">Night</w>
         <pc xml:id="bmb97-133510"
             n="a-0590"
             ecep:lem=","
             ecep:pos=","
             ecep:reg=","
             ecep:spe=",">,</pc>
         <c> </c>
         <w xml:id="bmb97-133520"
            n="a-0600"
            ecep:lem="with"
            ecep:pos="p-acp"
            ecep:reg="with"
            ecep:spe="with"
            ecep:syllab="1"
            ecep:pron="wɪð">with</w>
         <c> </c>
         <w xml:id="bmb97-133530"
            n="a-0610"
            ecep:lem="cautious"
            ecep:pos="j"
            ecep:reg="cautious"
            ecep:spe="cautious"
            ecep:syllab="2"
            ecep:pron="ˈkɔːʃəs">cautious</w>
         <c> </c>
         <w xml:id="bmb97-133540"
            n="a-0620"
            ecep:lem="care"
            ecep:pos="n1"
            ecep:reg="care"
            ecep:spe="care"
            ecep:syllab="1"
            ecep:pron="keə">care</w>
         <pc xml:id="bmb97-133550"
             n="a-0630"
             ecep:lem=","
             ecep:pos=","
             ecep:reg=","
             ecep:spe=",">,</pc>
      </l>
      <l rendition="#h_3" xml:id="bmb97-l06830">
         <c> </c>
         <w xml:id="bmb97-133560"
            n="a-0640"
            ecep:lem="and"
            ecep:pos="cc"
            ecep:reg="And"
            ecep:spe="And"
            ecep:syllab="1"
            ecep:pron="ænd">And</w>
         <c> </c>
         <w xml:id="bmb97-133570"
            n="a-0650"
            ecep:lem="linger"
            ecep:pos="j-vvg"
            ecep:reg="lingering"
            ecep:spe="lingering"
            ecep:syllab="3"
            ecep:pron="ˈlɪŋgrɪŋ">lingering</w>
         <c> </c>
         <w xml:id="bmb97-133580"
            n="a-0660"
            ecep:lem="footstep"
            ecep:pos="n2"
            ecep:reg="footsteps"
            ecep:spe="footsteps"
            ecep:syllab="2"
            ecep:pron="ˈfʊtsteps">footsteps</w>
         <c> </c>
         <w xml:id="bmb97-133590"
            n="a-0670"
            ecep:lem="move"
            ecep:pos="vvi"
            ecep:reg="move"
            ecep:spe="move"
            ecep:syllab="1"
            ecep:pron="muːv">move</w>
         <pc xml:id="bmb97-133600"
             n="a-0680"
             ecep:lem=","
             ecep:pos=","
             ecep:reg=","
             ecep:spe=",">,</pc>
      </l>
      <l xml:id="bmb97-l06835">
         <c> </c>
         <w xml:id="bmb97-133610"
            n="a-0690"
            ecep:lem="though"
            ecep:pos="c-acp"
            ecep:reg="Though"
            ecep:spe="Though"
            ecep:syllab="1"
            ecep:pron="ðəʊ">Though</w>
         <c> </c>
         <w xml:id="bmb97-133620"
            n="a-0700"
            ecep:lem="day"
            ecep:pos="n1"
            ecep:reg="day"
            ecep:spe="day"
            ecep:syllab="1"
            ecep:pron="deɪ">day</w>
         <c> </c>
         <w xml:id="bmb97-133630"
            n="a-0710"
            ecep:lem="may"
            ecep:pos="vmb"
            ecep:reg="may"
            ecep:spe="may"
            ecep:syllab="1"
            ecep:pron="meɪ">may</w>
         <c> </c>
         <w xml:id="bmb97-133640"
            n="a-0720"
            ecep:lem="be"
            ecep:pos="vbi"
            ecep:reg="be"
            ecep:spe="be"
            ecep:syllab="1"
            ecep:pron="biː">be</w>
         <c> </c>
         <w xml:id="bmb97-133650"
            n="a-0730"
            ecep:lem="more"
            ecep:pos="av-dc"
            ecep:reg="more"
            ecep:spe="more"
            ecep:syllab="1"
            ecep:pron="mɔː">more</w>
         <c> </c>
         <w xml:id="bmb97-133660"
            n="a-0740"
            ecep:lem="soft"
            ecep:pos="j"
            ecep:reg="soft"
            ecep:spe="soft"
            ecep:syllab="1"
            ecep:pron="sɒft">soft</w>
         <c> </c>
         <w xml:id="bmb97-133670"
            n="a-0750"
            ecep:lem="and"
            ecep:pos="cc"
            ecep:reg="and"
            ecep:spe="and"
            ecep:syllab="1"
            ecep:pron="ænd">and</w>
         <c> </c>
         <w xml:id="bmb97-133680"
            n="a-0760"
            ecep:lem="fair"
            ecep:pos="j"
            ecep:reg="fair"
            ecep:spe="fair"
            ecep:syllab="1"
            ecep:pron="feə">fair</w>
         <pc xml:id="bmb97-133690"
             n="a-0770"
             ecep:lem=","
             ecep:pos=","
             ecep:reg=","
             ecep:spe=",">,</pc>
      </l>
      <l rendition="#h_3" xml:id="bmb97-l06840">
         <c> </c>
         <w xml:id="bmb97-133700"
            n="a-0780"
            ecep:lem="not"
            ecep:pos="xx"
            ecep:reg="Not"
            ecep:spe="Not"
            ecep:syllab="1"
            ecep:pron="nɒt">Not</w>
         <c> </c>
         <w xml:id="bmb97-133710"
            n="a-0790"
            ecep:lem="she"
            ecep:pos="pno31"
            ecep:reg="her"
            ecep:spe="her"
            ecep:syllab="1"
            ecep:pron="hɜː">her</w>
         <pc xml:id="bmb97-133720"
             n="a-0800"
             ecep:lem=","
             ecep:pos=","
             ecep:reg=","
             ecep:spe=",">,</pc>
         <c> </c>
         <w xml:id="bmb97-133730"
            n="a-0810"
            ecep:lem="but"
            ecep:pos="cc-acp"
            ecep:reg="but"
            ecep:spe="but"
            ecep:syllab="1"
            ecep:pron="bʌt">but</w>
         <c> </c>
         <w xml:id="bmb97-133740"
            n="a-0820"
            ecep:lem="thou"
            ecep:pos="pno21"
            ecep:reg="thee"
            ecep:spe="thee"
            ecep:syllab="1"
            ecep:pron="ðiː">thee</w>
         <pc xml:id="bmb97-133750"
             n="a-0830"
             ecep:lem=","
             ecep:pos=","
             ecep:reg=","
             ecep:spe=",">,</pc>
         <c> </c>
         <w xml:id="bmb97-133760"
            n="a-0840"
            ecep:lem="i"
            ecep:pos="pns11"
            ecep:reg="I"
            ecep:spe="I"
            ecep:syllab="1"
            ecep:pron="aɪ">I</w>
         <c> </c>
         <w xml:id="bmb97-133770"
            n="a-0850"
            ecep:lem="love"
            ecep:pos="vvb"
            ecep:reg="love"
            ecep:spe="love"
            ecep:syllab="1"
            ecep:pron="lʌv">love</w>
         <pc xml:id="bmb97-133780"
             n="a-0860"
             unit="sentence"
             ecep:lem="."
             ecep:pos="."
             ecep:reg="."
             ecep:spe=".">.</pc>
         <c> </c>
      </l>
   </lg>
   <lg xml:id="bmb97-s01270">
      <l xml:id="bmb97-l06845">
         <w xml:id="bmb97-133810"
            n="a-0870"
            ecep:lem="stay"
            ecep:pos="vvb"
            ecep:reg="Stay"
            ecep:spe="Stay"
            ecep:syllab="1"
            ecep:pron="steɪ">Stay</w>
         <pc xml:id="bmb97-133820"
             n="a-0880"
             ecep:lem=","
             ecep:pos=","
             ecep:reg=","
             ecep:spe=",">,</pc>
         <c> </c>
         <w xml:id="bmb97-133830"
            n="a-0890"
            ecep:lem="wild"
            ecep:pos="j"
            ecep:reg="wild"
            ecep:spe="wild"
            ecep:syllab="1"
            ecep:pron="waɪld">wild</w>
         <c> </c>
         <w xml:id="bmb97-133840"
            n="a-0900"
            ecep:lem="in"
            ecep:pos="p-acp"
            ecep:reg="in"
            ecep:spe="in"
            ecep:syllab="1"
            ecep:pron="ɪn">in</w>
         <c> </c>
         <w xml:id="bmb97-133850"
            n="a-0910"
            ecep:lem="brow"
            ecep:pos="n1"
            ecep:reg="brow"
            ecep:spe="brow"
            ecep:syllab="1"
            ecep:pron="braʊ">brow</w>
         <pc xml:id="bmb97-133860"
             n="a-0920"
             ecep:lem=","
             ecep:pos=","
             ecep:reg=","
             ecep:spe=",">,</pc>
         <c> </c>
         <w xml:id="bmb97-133870"
            n="a-0930"
            ecep:lem="severe"
            ecep:pos="j"
            ecep:reg="severe"
            ecep:spe="severe"
            ecep:syllab="2"
            ecep:pron="sɪˈvɪə">severe</w>
         <c> </c>
         <w xml:id="bmb97-133880"
            n="a-0940"
            ecep:lem="in"
            ecep:pos="p-acp"
            ecep:reg="in"
            ecep:spe="in"
            ecep:syllab="1"
            ecep:pron="ɪn">in</w>
         <c> </c>
         <w xml:id="bmb97-133890"
            n="a-0950"
            ecep:lem="mien"
            ecep:pos="n1"
            ecep:reg="mien"
            ecep:spe="mien"
            ecep:syllab="1"
            ecep:pron="miːn">mien</w>
         <pc xml:id="bmb97-133900"
             n="a-0960"
             ecep:lem=","
             ecep:pos=","
             ecep:reg=","
             ecep:spe=",">,</pc>
      </l>
      <l rendition="#h_3" xml:id="bmb97-l06850">
         <c> </c>
         <w xml:id="bmb97-133910"
            n="a-0970"
            ecep:lem="stay"
            ecep:pos="vvb"
            ecep:reg="Stay"
            ecep:spe="Stay"
            ecep:syllab="1"
            ecep:pron="steɪ">Stay</w>
         <pc xml:id="bmb97-133920"
             n="a-0980"
             ecep:lem="!"
             ecep:pos="!"
             ecep:reg="!"
             ecep:spe="!">!</pc>
         <c> </c>
         <w xml:id="bmb97-133930"
            n="a-0990"
            ecep:lem="and"
            ecep:pos="cc"
            ecep:reg="and"
            ecep:spe="and"
            ecep:syllab="1"
            ecep:pron="ænd">and</w>
         <c> </c>
         <w xml:id="bmb97-133940"
            n="a-1000"
            ecep:lem="ward"
            ecep:pos="vvb"
            ecep:reg="ward"
            ecep:spe="ward"
            ecep:syllab="1"
            ecep:pron="wɔːd">ward</w>
         <c> </c>
         <w xml:id="bmb97-133950"
            n="a-1010"
            ecep:lem="off"
            ecep:pos="a-acp"
            ecep:reg="off"
            ecep:spe="off"
            ecep:syllab="1"
            ecep:pron="ɒf">off</w>
         <c> </c>
         <w xml:id="bmb97-133960"
            n="a-1020"
            ecep:lem="the"
            ecep:pos="dt"
            ecep:reg="the"
            ecep:spe="the"
            ecep:syllab="1"
            ecep:pron="ðiː">the</w>
         <c> </c>
         <w xml:id="bmb97-133970"
            n="a-1030"
            ecep:lem="foe"
            ecep:pos="n1"
            ecep:reg="foe"
            ecep:spe="foe"
            ecep:syllab="1"
            ecep:pron="fəʊ">foe</w>
         <pc xml:id="bmb97-133980"
             n="a-1040"
             ecep:lem=";"
             ecep:pos=";"
             ecep:reg=";"
             ecep:spe=";">;</pc>
      </l>
      <l xml:id="bmb97-l06855">
         <c> </c>
         <w xml:id="bmb97-133990"
            n="a-1050"
            ecep:lem="who"
            ecep:pos="q-crq"
            ecep:reg="Who"
            ecep:spe="Who"
            ecep:syllab="1"
            ecep:pron="huː">Who</w>
         <pc xml:id="bmb97-134000"
             n="a-1060"
             ecep:lem=","
             ecep:pos=","
             ecep:reg=","
             ecep:spe=",">,</pc>
         <c> </c>
         <w xml:id="bmb97-134010"
            n="a-1070"
            ecep:lem="unrelenting"
            ecep:pos="j"
            ecep:reg="unrelenting"
            ecep:spe="unrelenting"
            ecep:syllab="4"
            ecep:pron="ˌʌnrɪˈlentɪŋ">unrelenting</w>
         <c> </c>
         <w xml:id="bmb97-134020"
            n="a-1080"
            ecep:lem="smile"
            ecep:pos="n2"
            ecep:reg="smiles"
            ecep:spe="smiles"
            ecep:syllab="1"
            ecep:pron="smaɪlz">smiles</w>
         <c> </c>
         <w xml:id="bmb97-134030"
            n="a-1090"
            ecep:lem="serene"
            ecep:pos="j"
            ecep:reg="serene"
            ecep:spe="serene"
            ecep:syllab="2"
            ecep:pron="sɪˈriːn">serene</w>
         <pc xml:id="bmb97-134040"
             n="a-1100"
             ecep:lem=","
             ecep:pos=","
             ecep:reg=","
             ecep:spe=",">,</pc>
      </l>
      <l rendition="#h_3" xml:id="bmb97-l06860">
         <c> </c>
         <w xml:id="bmb97-134050"
            n="a-1110"
            ecep:lem="yet"
            ecep:pos="av"
            ecep:reg="Yet"
            ecep:spe="Yet"
            ecep:syllab="1"
            ecep:pron="jet">Yet</w>
         <c> </c>
         <w xml:id="bmb97-134060"
            n="a-1120"
            ecep:lem="tell"
            ecep:pos="vvz"
            ecep:reg="tells"
            ecep:spe="tells"
            ecep:syllab="1"
            ecep:pron="telz">tells</w>
         <c> </c>
         <w xml:id="bmb97-134070"
            n="a-1130"
            ecep:lem="i"
            ecep:pos="pno11"
            ecep:reg="me"
            ecep:spe="me"
            ecep:syllab="1"
            ecep:pron="miː">me</w>
         <c> </c>
         <w xml:id="bmb97-134080"
            n="a-1140"
            ecep:lem="i"
            ecep:pos="pns11"
            ecep:reg="I"
            ecep:spe="I"
            ecep:syllab="1"
            ecep:pron="aɪ">I</w>
         <c> </c>
         <w xml:id="bmb97-134090"
            n="a-1150"
            ecep:lem="must"
            ecep:pos="vmb"
            ecep:reg="must"
            ecep:spe="must"
            ecep:syllab="1"
            ecep:pron="mʌst">must</w>
         <c> </c>
         <w xml:id="bmb97-134100"
            n="a-1160"
            ecep:lem="go"
            ecep:pos="vvi"
            ecep:reg="go"
            ecep:spe="go"
            ecep:syllab="1"
            ecep:pron="gəʊ">go</w>
         <pc xml:id="bmb97-134110"
             n="a-1170"
             unit="sentence"
             ecep:lem="."
             ecep:pos="."
             ecep:reg="."
             ecep:spe=".">.</pc>
         <c> </c>
      </l>
   </lg>
   <lg xml:id="bmb97-s01275">
      <l xml:id="bmb97-l06865">
         <w xml:id="bmb97-134140"
            n="a-1180"
            ecep:lem="forsake"
            ecep:pos="vvi"
            ecep:reg="Forsake"
            ecep:spe="Forsake"
            ecep:syllab="2"
            ecep:pron="fəˈseɪk">Forsake</w>
         <c> </c>
         <w xml:id="bmb97-134150"
            n="a-1190"
            ecep:lem="these"
            ecep:pos="d"
            ecep:reg="these"
            ecep:spe="these"
            ecep:syllab="1"
            ecep:pron="ðiːz">these</w>
         <c> </c>
         <w xml:id="bmb97-134160"
            n="a-1200"
            ecep:lem="hospitable"
            ecep:pos="j"
            ecep:reg="hospitable"
            ecep:spe="hospitable"
            ecep:syllab="4"
            ecep:pron="hɒsˈpɪtəbl">hospitable</w>
         <c> </c>
         <w xml:id="bmb97-134170"
            n="a-1210"
            ecep:lem="hall"
            ecep:pos="n2"
            ecep:reg="halls"
            ecep:spe="halls"
            ecep:syllab="1"
            ecep:pron="hɔːlz">halls</w>
         <pc xml:id="bmb97-134180"
             n="a-1220"
             ecep:lem=","
             ecep:pos=","
             ecep:reg=","
             ecep:spe=",">,</pc>
      </l>
      <l rendition="#h_3" xml:id="bmb97-l06870">
         <c> </c>
         <w xml:id="bmb97-134190"
            n="a-1230"
            ecep:lem="where"
            ecep:pos="q-crq"
            ecep:reg="Where"
            ecep:spe="Where"
            ecep:syllab="1"
            ecep:pron="weə">Where</w>
         <c> </c>
         <w xml:id="bmb97-134200"
            n="a-1240"
            ecep:lem="truth"
            ecep:pos="n1"
            ecep:reg="Truth"
            ecep:spe="Truth"
            ecep:syllab="1"
            ecep:pron="truːθ">Truth</w>
         <c> </c>
         <w xml:id="bmb97-134210"
            n="a-1250"
            ecep:lem="and"
            ecep:pos="cc"
            ecep:reg="and"
            ecep:spe="and"
            ecep:syllab="1"
            ecep:pron="ænd">and</w>
         <c> </c>
         <w xml:id="bmb97-134220"
            n="a-1260"
            ecep:lem="friendship"
            ecep:pos="n1"
            ecep:reg="Friendship"
            ecep:spe="Friendship"
            ecep:syllab="2"
            ecep:pron="ˈfrenʃɪp">Friendship</w>
         <c> </c>
         <w xml:id="bmb97-134230"
            n="a-1270"
            ecep:lem="dwell"
            ecep:pos="vvi"
            ecep:reg="dwell"
            ecep:spe="dwell"
            ecep:syllab="1"
            ecep:pron="dwel">dwell</w>
         <pc xml:id="bmb97-134240"
             n="a-1280"
             ecep:lem=","
             ecep:pos=","
             ecep:reg=","
             ecep:spe=",">,</pc>
      </l>
      <l xml:id="bmb97-l06875">
         <c> </c>
         <w xml:id="bmb97-134250"
            n="a-1290"
            ecep:lem="to"
            ecep:pos="p-acp"
            ecep:reg="To"
            ecep:spe="To"
            ecep:syllab="1"
            ecep:pron="tuː">To</w>
         <c> </c>
         <w xml:id="bmb97-134260"
            n="a-1300"
            ecep:lem="these"
            ecep:pos="d"
            ecep:reg="these"
            ecep:spe="these"
            ecep:syllab="1"
            ecep:pron="ðiːz">these</w>
         <c> </c>
         <w xml:id="bmb97-134270"
            n="a-1310"
            ecep:lem="high"
            ecep:pos="j"
            ecep:reg="high"
            ecep:spe="high"
            ecep:syllab="1"
            ecep:pron="haɪ">high</w>
         <c> </c>
         <w xml:id="bmb97-134280"
            n="a-1320"
            ecep:lem="tower"
            ecep:pos="n2"
            ecep:reg="towers"
            ecep:spe="towers"
            ecep:syllab="1"
            ecep:pron="ˈtaʊəz">towers</w>
         <c> </c>
         <w xml:id="bmb97-134290"
            n="a-1330"
            ecep:lem="and"
            ecep:pos="cc"
            ecep:reg="and"
            ecep:spe="and"
            ecep:syllab="1"
            ecep:pron="ænd">and</w>
         <c> </c>
         <w xml:id="bmb97-134300"
            n="a-1340"
            ecep:lem="ancient"
            ecep:pos="j-jn"
            ecep:reg="ancient"
            ecep:spe="ancient"
            ecep:syllab="2"
            ecep:pron="ˈeɪnʃnt">ancient</w>
         <c> </c>
         <w xml:id="bmb97-134310"
            n="a-1350"
            ecep:lem="wall"
            ecep:pos="n2"
            ecep:reg="walls"
            ecep:spe="walls"
            ecep:syllab="1"
            ecep:pron="wɔːlz">walls</w>
         <pc xml:id="bmb97-134320"
             n="a-1360"
             ecep:lem=","
             ecep:pos=","
             ecep:reg=","
             ecep:spe=",">,</pc>
      </l>
      <l rendition="#h_3" xml:id="bmb97-l06880">
         <c> </c>
         <w xml:id="bmb97-134330"
            n="a-1370"
            ecep:lem="pronounce"
            ecep:pos="vvb"
            ecep:reg="Pronounce"
            ecep:spe="Pronounce"
            ecep:syllab="2"
            ecep:pron="prəˈnaʊns">Pronounce</w>
         <c> </c>
         <w xml:id="bmb97-134340"
            n="a-1380"
            ecep:lem="a"
            ecep:pos="dt"
            ecep:reg="a"
            ecep:spe="a"
            ecep:syllab="1"
            ecep:pron="ə">a</w>
         <c> </c>
         <w xml:id="bmb97-134350"
            n="a-1390"
            ecep:lem="long"
            ecep:pos="j"
            ecep:reg="long"
            ecep:spe="long"
            ecep:syllab="1"
            ecep:pron="lɒŋ">long</w>
         <c> </c>
         <w xml:id="bmb97-134360"
            n="a-1400"
            ecep:lem="farewell"
            ecep:pos="n1"
            ecep:reg="farewell"
            ecep:spe="farewell"
            ecep:syllab="2"
            ecep:pron="ˌfeəˈwel">farewell</w>
         <pc xml:id="bmb97-134370"
             n="a-1410"
             unit="sentence"
             ecep:lem="."
             ecep:pos="."
             ecep:reg="."
             ecep:spe=".">.</pc>
         <c> </c>
      </l>
   </lg>
   <pb n="90" rend="none"/>
   <lg xml:id="bmb97-s01280">
      <l xml:id="bmb97-l06885">
         <w xml:id="bmb97-134400"
            n="a-0010"
            ecep:lem="alas"
            ecep:pos="uh"
            ecep:reg="Alas"
            ecep:spe="Alas"
            ecep:syllab="2"
            ecep:pron="əˈlæs">Alas</w>
         <pc xml:id="bmb97-134410"
             n="a-0020"
             ecep:lem="!"
             ecep:pos="!"
             ecep:reg="!"
             ecep:spe="!">!</pc>
         <c> </c>
         <w xml:id="bmb97-134420"
            n="a-0030"
            ecep:lem="will"
            ecep:pos="n1"
            ecep:reg="will"
            ecep:spe="will"
            ecep:syllab="1"
            ecep:pron="wɪl">will</w>
         <c> </c>
         <w xml:id="bmb97-134430"
            n="a-0040"
            ecep:lem="time|be"
            ecep:pos="n1|vbz"
            ecep:reg="Time's"
            ecep:spe="Time's"
            ecep:syllab="1"
            ecep:pron="ˈtaɪmz">Time's</w>
         <c> </c>
         <w xml:id="bmb97-134440"
            n="a-0050"
            ecep:lem="rapacious"
            ecep:pos="j"
            ecep:reg="rapacious"
            ecep:spe="rapacious"
            ecep:syllab="3"
            ecep:pron="rəˈpeɪʃəs">rapacious</w>
         <c> </c>
         <w xml:id="bmb97-134450"
            n="a-0060"
            ecep:lem="hand"
            ecep:pos="n1"
            ecep:reg="hand"
            ecep:spe="hand"
            ecep:syllab="1"
            ecep:pron="hænd">hand</w>
         <pc xml:id="bmb97-134460"
             n="a-0070"
             ecep:lem=","
             ecep:pos=","
             ecep:reg=","
             ecep:spe=",">,</pc>
      </l>
      <l rendition="#h_3" xml:id="bmb97-l06890">
         <c> </c>
         <w xml:id="bmb97-134470"
            n="a-0080"
            ecep:lem="these"
            ecep:pos="d"
            ecep:reg="These"
            ecep:spe="These"
            ecep:syllab="1"
            ecep:pron="ðiːz">These</w>
         <c> </c>
         <w xml:id="bmb97-134480"
            n="a-0090"
            ecep:lem="golden"
            ecep:pos="j"
            ecep:reg="golden"
            ecep:spe="golden"
            ecep:syllab="2"
            ecep:pron="ˈgəʊldn">golden</w>
         <c> </c>
         <w xml:id="bmb97-134490"
            n="a-0100"
            ecep:lem="day"
            ecep:pos="n2"
            ecep:reg="days"
            ecep:spe="days"
            ecep:syllab="1"
            ecep:pron="deɪz">days</w>
         <c> </c>
         <w xml:id="bmb97-134500"
            n="a-0110"
            ecep:lem="restore"
            ecep:pos="vvi"
            ecep:reg="restore"
            ecep:spe="restore"
            ecep:syllab="2"
            ecep:pron="rɪˈstɔː">restore</w>
         <pc xml:id="bmb97-134510"
             n="a-0120"
             unit="sentence"
             ecep:lem="?"
             ecep:pos="?"
             ecep:reg="?"
             ecep:spe="?">?</pc>
         <c> </c>
      </l>
      <l xml:id="bmb97-l06895">
         <w xml:id="bmb97-134520"
            n="a-0130"
            ecep:lem="or"
            ecep:pos="cc"
            ecep:reg="Or"
            ecep:spe="Or"
            ecep:syllab="1"
            ecep:pron="ɔː">Or</w>
         <c> </c>
         <w xml:id="bmb97-134530"
            n="a-0140"
            ecep:lem="will"
            ecep:pos="vmb"
            ecep:reg="will"
            ecep:spe="will"
            ecep:syllab="1"
            ecep:pron="wɪl">will</w>
         <c> </c>
         <w xml:id="bmb97-134540"
            n="a-0150"
            ecep:lem="he"
            ecep:pos="pns31"
            ecep:reg="he"
            ecep:spe="he"
            ecep:syllab="1"
            ecep:pron="hiː">he</w>
         <c> </c>
         <w xml:id="bmb97-134550"
            n="a-0160"
            ecep:lem="suffer"
            ecep:pos="vvi"
            ecep:reg="suffer"
            ecep:spe="suffer"
            ecep:syllab="2"
            ecep:pron="ˈsʌfə">suffer</w>
         <c> </c>
         <w xml:id="bmb97-134560"
            n="a-0170"
            ecep:lem="i"
            ecep:pos="pno11"
            ecep:reg="me"
            ecep:spe="me"
            ecep:syllab="1"
            ecep:pron="miː">me</w>
         <c> </c>
         <w xml:id="bmb97-134570"
            n="a-0180"
            ecep:lem="to"
            ecep:pos="pc-acp"
            ecep:reg="to"
            ecep:spe="to"
            ecep:syllab="1"
            ecep:pron="tuː">to</w>
         <c> </c>
         <w xml:id="bmb97-134580"
            n="a-0190"
            ecep:lem="taste"
            ecep:pos="vvi"
            ecep:reg="taste"
            ecep:spe="taste"
            ecep:syllab="1"
            ecep:pron="teɪst">taste</w>
      </l>
      <l rendition="#h_3" xml:id="bmb97-l06900">
         <c> </c>
         <w xml:id="bmb97-134590"
            n="a-0200"
            ecep:lem="these"
            ecep:pos="d"
            ecep:reg="These"
            ecep:spe="These"
            ecep:syllab="1"
            ecep:pron="ðiːz">These</w>
         <c> </c>
         <w xml:id="bmb97-134600"
            n="a-0210"
            ecep:lem="golden"
            ecep:pos="j"
            ecep:reg="golden"
            ecep:spe="golden"
            ecep:syllab="2"
            ecep:pron="ˈgəʊldn">golden</w>
         <c> </c>
         <w xml:id="bmb97-134610"
            n="a-0220"
            ecep:lem="day"
            ecep:pos="n2"
            ecep:reg="days"
            ecep:spe="days"
            ecep:syllab="1"
            ecep:pron="deɪz">days</w>
         <c> </c>
         <w xml:id="bmb97-134620"
            n="a-0230"
            ecep:lem="no"
            ecep:pos="av-dx"
            ecep:reg="no"
            ecep:spe="no"
            ecep:syllab="1"
            ecep:pron="nəʊ">no</w>
         <c> </c>
         <w xml:id="bmb97-134630"
            n="a-0240"
            ecep:lem="more"
            ecep:pos="dc"
            ecep:reg="more"
            ecep:spe="more"
            ecep:syllab="1"
            ecep:pron="mɔː">more</w>
         <pc xml:id="bmb97-134640"
             n="a-0250"
             unit="sentence"
             ecep:lem="?"
             ecep:pos="?"
             ecep:reg="?"
             ecep:spe="?">?</pc>
         <c> </c>
      </l>
   </lg>
   <lg xml:id="bmb97-s01285">
      <l xml:id="bmb97-l06905">
         <w xml:id="bmb97-134670"
            n="a-0260"
            ecep:lem="will"
            ecep:pos="n1"
            ecep:reg="Will"
            ecep:spe="Will"
            ecep:syllab="1"
            ecep:pron="wɪl">Will</w>
         <c> </c>
         <w xml:id="bmb97-134680"
            n="a-0270"
            ecep:lem="he"
            ecep:pos="pns31"
            ecep:reg="he"
            ecep:spe="he"
            ecep:syllab="1"
            ecep:pron="hiː">he</w>
         <c> </c>
         <w xml:id="bmb97-134690"
            n="a-0280"
            ecep:lem="permit"
            ecep:pos="vvi"
            ecep:reg="permit"
            ecep:spe="permit"
            ecep:syllab="2"
            ecep:pron="ˈpɜːmɪt">permit</w>
         <c> </c>
         <w xml:id="bmb97-134700"
            n="a-0290"
            ecep:lem="that"
            ecep:pos="cst"
            ecep:reg="that"
            ecep:spe="that"
            ecep:syllab="1"
            ecep:pron="ðæt">that</w>
         <c> </c>
         <w xml:id="bmb97-134710"
            n="a-0300"
            ecep:lem="here"
            ecep:pos="av"
            ecep:reg="here"
            ecep:spe="here"
            ecep:syllab="1"
            ecep:pron="hɪə">here</w>
         <c> </c>
         <w xml:id="bmb97-134720"
            n="a-0310"
            ecep:lem="again"
            ecep:pos="av"
            ecep:reg="again"
            ecep:spe="again"
            ecep:syllab="2"
            ecep:pron="əˈgen">again</w>
         <pc xml:id="bmb97-134730"
             n="a-0320"
             ecep:lem=","
             ecep:pos=","
             ecep:reg=","
             ecep:spe=",">,</pc>
      </l>
      <l rendition="#h_3" xml:id="bmb97-l06910">
         <c> </c>
         <w xml:id="bmb97-134740"
            n="a-0330"
            ecep:lem="i"
            ecep:pos="pns11"
            ecep:reg="I"
            ecep:spe="I"
            ecep:syllab="1"
            ecep:pron="aɪ">I</w>
         <c> </c>
         <w xml:id="bmb97-134750"
            n="a-0340"
            ecep:lem="turn"
            ecep:pos="vvb"
            ecep:reg="turn"
            ecep:spe="turn"
            ecep:syllab="1"
            ecep:pron="tɜːn">turn</w>
         <c> </c>
         <w xml:id="bmb97-134760"
            n="a-0350"
            ecep:lem="my"
            ecep:pos="po11"
            ecep:reg="my"
            ecep:spe="my"
            ecep:syllab="1"
            ecep:pron="maɪ">my</w>
         <c> </c>
         <w xml:id="bmb97-134770"
            n="a-0360"
            ecep:lem="will"
            ecep:pos="j-vvg"
            ecep:reg="willing"
            ecep:spe="willing"
            ecep:syllab="2"
            ecep:pron="ˈwɪlɪŋ">willing</w>
         <c> </c>
         <w xml:id="bmb97-134780"
            n="a-0370"
            ecep:lem="foot"
            ecep:pos="n2"
            ecep:reg="feet"
            ecep:spe="feet"
            ecep:syllab="1"
            ecep:pron="fiːt">feet</w>
         <pc xml:id="bmb97-134790"
             n="a-0380"
             unit="sentence"
             ecep:lem="?"
             ecep:pos="?"
             ecep:reg="?"
             ecep:spe="?">?</pc>
         <c> </c>
      </l>
      <l xml:id="bmb97-l06915">
         <w xml:id="bmb97-134800"
            n="a-0390"
            ecep:lem="that"
            ecep:pos="cst"
            ecep:reg="That"
            ecep:spe="That"
            ecep:syllab="1"
            ecep:pron="ðæt">That</w>
         <c> </c>
         <w xml:id="bmb97-134810"
            n="a-0400"
            ecep:lem="my"
            ecep:pos="po11"
            ecep:reg="my"
            ecep:spe="my"
            ecep:syllab="1"
            ecep:pron="maɪ">my</w>
         <c> </c>
         <w xml:id="bmb97-134820"
            n="a-0410"
            ecep:lem="glad"
            ecep:pos="j"
            ecep:reg="glad"
            ecep:spe="glad"
            ecep:syllab="1"
            ecep:pron="glæd">glad</w>
         <c> </c>
         <w xml:id="bmb97-134830"
            n="a-0420"
            ecep:lem="eye"
            ecep:pos="n2"
            ecep:reg="eyes"
            ecep:spe="eyes"
            ecep:syllab="1"
            ecep:pron="aɪz">eyes</w>
         <c> </c>
         <w xml:id="bmb97-134840"
            n="a-0430"
            ecep:lem="may"
            ecep:pos="vmb"
            ecep:reg="may"
            ecep:spe="may"
            ecep:syllab="1"
            ecep:pron="meɪ">may</w>
         <c> </c>
         <w xml:id="bmb97-134850"
            n="a-0440"
            ecep:lem="here"
            ecep:pos="av"
            ecep:reg="here"
            ecep:spe="here"
            ecep:syllab="1"
            ecep:pron="hɪə">here</w>
         <c> </c>
         <w xml:id="bmb97-134860"
            n="a-0450"
            ecep:lem="again"
            ecep:pos="av"
            ecep:reg="again"
            ecep:spe="again"
            ecep:syllab="2"
            ecep:pron="əˈgen">again</w>
         <pc xml:id="bmb97-134870"
             n="a-0460"
             ecep:lem=","
             ecep:pos=","
             ecep:reg=","
             ecep:spe=",">,</pc>
      </l>
      <l rendition="#h_3" xml:id="bmb97-l06920">
         <c> </c>
         <w xml:id="bmb97-134880"
            n="a-0470"
            ecep:lem="the"
            ecep:pos="dt"
            ecep:reg="The"
            ecep:spe="The"
            ecep:syllab="1"
            ecep:pron="ðiː">The</w>
         <c> </c>
         <w xml:id="bmb97-134890"
            n="a-0480"
            ecep:lem="look"
            ecep:pos="n1"
            ecep:reg="look"
            ecep:spe="look"
            ecep:syllab="1"
            ecep:pron="lʊk">look</w>
         <c> </c>
         <w xml:id="bmb97-134900"
            n="a-0490"
            ecep:lem="of"
            ecep:pos="pp-f"
            ecep:reg="of"
            ecep:spe="of"
            ecep:syllab="1"
            ecep:pron="ɒv">of</w>
         <c> </c>
         <w xml:id="bmb97-134910"
            n="a-0500"
            ecep:lem="kindness"
            ecep:pos="n1"
            ecep:reg="kindness"
            ecep:spe="kindness"
            ecep:syllab="2"
            ecep:pron="kaɪndnəs">kindness</w>
         <c> </c>
         <w xml:id="bmb97-134920"
            n="a-0510"
            ecep:lem="meet"
            ecep:pos="vvi"
            ecep:reg="meet"
            ecep:spe="meet"
            ecep:syllab="1"
            ecep:pron="miːt">meet</w>
         <pc xml:id="bmb97-134930"
             n="a-0520"
             unit="sentence"
             ecep:lem="?"
             ecep:pos="?"
             ecep:reg="?"
             ecep:spe="?">?</pc>
         <c> </c>
      </l>
   </lg>
   <lg xml:id="bmb97-s01290">
      <l xml:id="bmb97-l06925">
         <w xml:id="bmb97-134960"
            n="a-0530"
            ecep:lem="that"
            ecep:pos="cst"
            ecep:reg="That"
            ecep:spe="That"
            ecep:syllab="1"
            ecep:pron="ðæt">That</w>
         <c> </c>
         <w xml:id="bmb97-134970"
            n="a-0540"
            ecep:lem="here"
            ecep:pos="av"
            ecep:reg="here"
            ecep:spe="here"
            ecep:syllab="1"
            ecep:pron="hɪə">here</w>
         <c> </c>
         <w xml:id="bmb97-134980"
            n="a-0550"
            ecep:lem="i"
            ecep:pos="pns11"
            ecep:reg="I"
            ecep:spe="I"
            ecep:syllab="1"
            ecep:pron="aɪ">I</w>
         <c> </c>
         <w xml:id="bmb97-134990"
            n="a-0560"
            ecep:lem="ever"
            ecep:pos="av"
            ecep:reg="ever"
            ecep:spe="ever"
            ecep:syllab="2"
            ecep:pron="ˈevə">ever</w>
         <c> </c>
         <w xml:id="bmb97-135000"
            n="a-0570"
            ecep:lem="may"
            ecep:pos="vmb"
            ecep:reg="may"
            ecep:spe="may"
            ecep:syllab="1"
            ecep:pron="meɪ">may</w>
         <c> </c>
         <w xml:id="bmb97-135010"
            n="a-0580"
            ecep:lem="behold"
            ecep:pos="vvi"
            ecep:reg="behold"
            ecep:spe="behold"
            ecep:syllab="2"
            ecep:pron="bɪˈhəʊld">behold</w>
         <pc xml:id="bmb97-135020"
             n="a-0590"
             ecep:lem=","
             ecep:pos=","
             ecep:reg=","
             ecep:spe=",">,</pc>
      </l>
      <l rendition="#h_3" xml:id="bmb97-l06930">
         <c> </c>
         <w xml:id="bmb97-135030"
            n="a-0600"
            ecep:lem="felicity"
            ecep:pos="n1"
            ecep:reg="Felicity"
            ecep:spe="Felicity"
            ecep:syllab="4"
            ecep:pron="fɪˈlɪsəti">Felicity</w>
         <c> </c>
         <w xml:id="bmb97-135040"
            n="a-0610"
            ecep:lem="to"
            ecep:pos="pc-acp"
            ecep:reg="to"
            ecep:spe="to"
            ecep:syllab="1"
            ecep:pron="tuː">to</w>
         <c> </c>
         <w xml:id="bmb97-135050"
            n="a-0620"
            ecep:lem="dwell"
            ecep:pos="vvi"
            ecep:reg="dwell"
            ecep:spe="dwell"
            ecep:syllab="1"
            ecep:pron="dwel">dwell</w>
         <pc xml:id="bmb97-135060"
             n="a-0630"
             ecep:lem=","
             ecep:pos=","
             ecep:reg=","
             ecep:spe=",">,</pc>
      </l>
      <l xml:id="bmb97-l06935">
         <c> </c>
         <w xml:id="bmb97-135070"
            n="a-0640"
            ecep:lem="and"
            ecep:pos="cc"
            ecep:reg="And"
            ecep:spe="And"
            ecep:syllab="1"
            ecep:pron="ænd">And</w>
         <c> </c>
         <w xml:id="bmb97-135080"
            n="a-0650"
            ecep:lem="often"
            ecep:pos="av"
            ecep:reg="often"
            ecep:spe="often"
            ecep:syllab="2"
            ecep:pron="ˈɒfn">often</w>
         <c> </c>
         <w xml:id="bmb97-135090"
            n="a-0660"
            ecep:lem="have"
            ecep:pos="vhb"
            ecep:reg="have"
            ecep:spe="have"
            ecep:syllab="1"
            ecep:pron="hæv">have</w>
         <c> </c>
         <w xml:id="bmb97-135100"
            n="a-0670"
            ecep:lem="the"
            ecep:pos="dt"
            ecep:reg="the"
            ecep:spe="the"
            ecep:syllab="1"
            ecep:pron="ðiː">the</w>
         <c> </c>
         <w xml:id="bmb97-135110"
            n="a-0680"
            ecep:lem="painful"
            ecep:pos="j"
            ecep:reg="painful"
            ecep:spe="painful"
            ecep:syllab="2"
            ecep:pron="ˈpeɪnfl">painful</w>
         <c> </c>
         <w xml:id="bmb97-135120"
            n="a-0690"
            ecep:lem="task"
            ecep:pos="n1"
            ecep:reg="task"
            ecep:spe="task"
            ecep:syllab="1"
            ecep:pron="tɑːsk">task</w>
      </l>
      <l rendition="#h_3" xml:id="bmb97-l06940">
         <c> </c>
         <w xml:id="bmb97-135130"
            n="a-0700"
            ecep:lem="of"
            ecep:pos="pp-f"
            ecep:reg="Of"
            ecep:spe="Of"
            ecep:syllab="1"
            ecep:pron="ɒv">Of</w>
         <c> </c>
         <w xml:id="bmb97-135140"
            n="a-0710"
            ecep:lem="sigh"
            ecep:pos="vvg"
            ecep:reg="sighing"
            ecep:spe="sighing"
            ecep:syllab="2"
            ecep:pron="saɪɪŋ">sighing</w>
         <c> </c>
         <w xml:id="bmb97-135150"
            n="a-0720"
            ecep:lem="out"
            ecep:pos="av"
            ecep:reg="out"
            ecep:spe="out"
            ecep:syllab="1"
            ecep:pron="aʊt">out</w>
         <c> </c>
         <w xml:id="bmb97-135160"
            n="a-0730"
            ecep:lem="farewell"
            ecep:pos="n1"
            ecep:reg="farewell"
            ecep:spe="farewell"
            ecep:syllab="2"
            ecep:pron="ˌfeəˈwel">farewell</w>
         <pc xml:id="bmb97-135170"
             n="a-0740"
             unit="sentence"
             ecep:lem="?"
             ecep:pos="?"
             ecep:reg="?"
             ecep:spe="?">?</pc>
         <c> </c>
      </l>
   </lg>
   <lg xml:id="bmb97-s01295">
      <l xml:id="bmb97-l06945">
         <w xml:id="bmb97-135200"
            n="a-0750"
            ecep:lem="ah"
            ecep:pos="uh"
            ecep:reg="Ah"
            ecep:spe="Ah"
            ecep:syllab="1"
            ecep:pron="ɑː">Ah</w>
         <pc xml:id="bmb97-135210"
             n="a-0760"
             ecep:lem=","
             ecep:pos=","
             ecep:reg=","
             ecep:spe=",">,</pc>
         <c> </c>
         <w xml:id="bmb97-135220"
            n="a-0770"
            ecep:lem="be"
            ecep:pos="vbb"
            ecep:reg="be"
            ecep:spe="be"
            ecep:syllab="1"
            ecep:pron="biː">be</w>
         <c> </c>
         <w xml:id="bmb97-135230"
            n="a-0780"
            ecep:lem="it"
            ecep:pos="pn31"
            ecep:reg="it"
            ecep:spe="it"
            ecep:syllab="1"
            ecep:pron="ɪt">it</w>
         <c> </c>
         <w xml:id="bmb97-135240"
            n="a-0790"
            ecep:lem="so"
            ecep:pos="av"
            ecep:reg="so"
            ecep:spe="so"
            ecep:syllab="1"
            ecep:pron="səʊ">so</w>
         <pc xml:id="bmb97-135250"
             n="a-0800"
             ecep:lem="!"
             ecep:pos="!"
             ecep:reg="!"
             ecep:spe="!">!</pc>
         <c> </c>
         <w xml:id="bmb97-135260"
            n="a-0810"
            ecep:lem="my"
            ecep:pos="po11"
            ecep:reg="my"
            ecep:spe="my"
            ecep:syllab="1"
            ecep:pron="maɪ">my</w>
         <c> </c>
         <w xml:id="bmb97-135270"
            n="a-0820"
            ecep:lem="fear"
            ecep:pos="n2"
            ecep:reg="fears"
            ecep:spe="fears"
            ecep:syllab="1"
            ecep:pron="fɪəz">fears</w>
         <c> </c>
         <w xml:id="bmb97-135280"
            n="a-0830"
            ecep:lem="i"
            ecep:pos="pns11"
            ecep:reg="I"
            ecep:spe="I"
            ecep:syllab="1"
            ecep:pron="aɪ">I</w>
         <c> </c>
         <w xml:id="bmb97-135290"
            n="a-0840"
            ecep:lem="lose"
            ecep:pos="vvb"
            ecep:reg="lose"
            ecep:spe="lose"
            ecep:syllab="1"
            ecep:pron="luːz">lose</w>
         <pc xml:id="bmb97-135300"
             n="a-0850"
             ecep:lem=","
             ecep:pos=","
             ecep:reg=","
             ecep:spe=",">,</pc>
      </l>
      <l rendition="#h_3" xml:id="bmb97-l06950">
         <c> </c>
         <w xml:id="bmb97-135310"
            n="a-0860"
            ecep:lem="by"
            ecep:pos="p-acp"
            ecep:reg="By"
            ecep:spe="By"
            ecep:syllab="1"
            ecep:pron="baɪ">By</w>
         <c> </c>
         <w xml:id="bmb97-135320"
            n="a-0870"
            ecep:lem="hope"
            ecep:pos="ng1"
            ecep:reg="hope's"
            ecep:spe="hope's"
            ecep:syllab="1"
            ecep:pron="həʊpz">hope's</w>
         <c> </c>
         <w xml:id="bmb97-135330"
            n="a-0880"
            ecep:lem="sweet"
            ecep:pos="j"
            ecep:reg="sweet"
            ecep:spe="sweet"
            ecep:syllab="1"
            ecep:pron="swiːt">sweet</w>
         <c> </c>
         <w xml:id="bmb97-135340"
            n="a-0890"
            ecep:lem="vision"
            ecep:pos="n2"
            ecep:reg="visions"
            ecep:spe="visions"
            ecep:syllab="2"
            ecep:pron="ˈvɪʒnz">visions</w>
         <c> </c>
         <w xml:id="bmb97-135350"
            n="a-0900"
            ecep:lem="feed"
            ecep:pos="vvn"
            ecep:reg="fed"
            ecep:spe="fed"
            ecep:syllab="1"
            ecep:pron="fed">fed</w>
         <pc xml:id="bmb97-135360"
             n="a-0910"
             ecep:lem=";"
             ecep:pos=";"
             ecep:reg=";"
             ecep:spe=";">;</pc>
      </l>
      <l xml:id="bmb97-l06955">
         <c> </c>
         <w xml:id="bmb97-135370"
            n="a-0920"
            ecep:lem="and"
            ecep:pos="cc"
            ecep:reg="And"
            ecep:spe="And"
            ecep:syllab="1"
            ecep:pron="ænd">And</w>
         <c> </c>
         <w xml:id="bmb97-135380"
            n="a-0930"
            ecep:lem="as"
            ecep:pos="c-acp"
            ecep:reg="as"
            ecep:spe="as"
            ecep:syllab="1"
            ecep:pron="æz">as</w>
         <c> </c>
         <w xml:id="bmb97-135390"
            n="a-0940"
            ecep:lem="i"
            ecep:pos="pns11"
            ecep:reg="I"
            ecep:spe="I"
            ecep:syllab="1"
            ecep:pron="aɪ">I</w>
         <c> </c>
         <w xml:id="bmb97-135400"
            n="a-0950"
            ecep:lem="fly"
            ecep:pos="vvb"
            ecep:reg="fly"
            ecep:spe="fly"
            ecep:syllab="1"
            ecep:pron="flaɪ">fly</w>
         <c> </c>
         <w xml:id="bmb97-135410"
            n="a-0960"
            ecep:lem="to"
            ecep:pos="pc-acp"
            ecep:reg="to"
            ecep:spe="to"
            ecep:syllab="1"
            ecep:pron="tuː">to</w>
         <c> </c>
         <w xml:id="bmb97-135420"
            n="a-0970"
            ecep:lem="seek"
            ecep:pos="vvi"
            ecep:reg="seek"
            ecep:spe="seek"
            ecep:syllab="1"
            ecep:pron="siːk">seek</w>
         <c> </c>
         <w xml:id="bmb97-135430"
            n="a-0980"
            ecep:lem="repose"
            ecep:pos="n1"
            ecep:reg="repose"
            ecep:spe="repose"
            ecep:syllab="2"
            ecep:pron="rɪˈpəʊz">repose</w>
         <pc xml:id="bmb97-135440"
             n="a-0990"
             ecep:lem=","
             ecep:pos=","
             ecep:reg=","
             ecep:spe=",">,</pc>
      </l>
      <l rendition="#h_3" xml:id="bmb97-l06960">
         <c> </c>
         <w xml:id="bmb97-135450"
            n="a-1000"
            ecep:lem="she"
            ecep:pos="pns31"
            ecep:reg="She"
            ecep:spe="She"
            ecep:syllab="1"
            ecep:pron="ʃiː">She</w>
         <c> </c>
         <w xml:id="bmb97-135460"
            n="a-1010"
            ecep:lem="flutter"
            ecep:pos="vvz"
            ecep:reg="flutters"
            ecep:spe="flutters"
            ecep:syllab="2"
            ecep:pron="ˈflʌtəz">flutters</w>
         <c> </c>
         <w xml:id="bmb97-135470"
            n="a-1020"
            ecep:lem="round"
            ecep:pos="av-j"
            ecep:reg="round"
            ecep:spe="round"
            ecep:syllab="1"
            ecep:pron="raʊnd">round</w>
         <c> </c>
         <w xml:id="bmb97-135480"
            n="a-1030"
            ecep:lem="my"
            ecep:pos="po11"
            ecep:reg="my"
            ecep:spe="my"
            ecep:syllab="1"
            ecep:pron="maɪ">my</w>
         <c> </c>
         <w xml:id="bmb97-135490"
            n="a-1040"
            ecep:lem="bed"
            ecep:pos="n1"
            ecep:reg="bed"
            ecep:spe="bed"
            ecep:syllab="1"
            ecep:pron="bed">bed</w>
         <pc xml:id="bmb97-135500"
             n="a-1050"
             unit="sentence"
             ecep:lem="."
             ecep:pos="."
             ecep:reg="."
             ecep:spe=".">.</pc>
         <c> </c>
      </l>
   </lg>
   <trailer>
      <w xml:id="bmb97-135530"
         n="a-1060"
         ecep:lem="            "
         ecep:pos="n1"
         ecep:reg="            "
         ecep:spe="            "
         ecep:syllab="0"
         ecep:pron="">            </w>
      <c> </c>
      <hi>
         <w xml:id="bmb97-135540"
            n="a-1070"
            ecep:lem="Nov."
            ecep:pos="np1"
            ecep:reg="Nov."
            ecep:spe="Nov."
            ecep:syllab="1"
            ecep:pron="nˈɒv">Nov.</w>
         <c> </c>
         <w xml:id="bmb97-135550"
            n="a-1080"
            ecep:lem="17"
            ecep:pos="crd"
            ecep:reg="17"
            ecep:spe="17"
            ecep:syllab="1"
            ecep:pron="sˈevəntˌiːn">17</w>
         <pc xml:id="bmb97-135560"
             n="a-1090"
             ecep:lem=","
             ecep:pos=","
             ecep:reg=","
             ecep:spe=",">,</pc>
         <c> </c>
         <w xml:id="bmb97-135570"
            n="a-1100"
            ecep:lem="1796."
            ecep:pos="crd"
            ecep:reg="1796."
            ecep:spe="1796."
            ecep:syllab="1"
            ecep:pron="wˈɒnθˈaʊzəndsˈevənhˈʌndrədənnˈaɪntisˈɪks">1796.</w>
         <pc unit="sentence" xml:id="bmb97-135570-eos" n="a-1110"/>
         <c> </c>
      </hi>
   </trailer>
</div>
