<?xml version="1.0" encoding="UTF-8"?>
<div xmlns:ecep="http://www.eighteenthcenturypoetry.org/ns"
     xmlns="http://www.tei-c.org/ns/1.0"
     xmlns:tei="http://www.tei-c.org/ns/1.0"
     ana="#iamb #tetrameter #quatrain #cross #hymn"
     corresp="#txt_WattIs1674_w0002"
     decls="#semi-normalized"
     ecep:syllab="8.8.8.8"
     met="-+|-+|-+|-+/ -+|-+|-+|-+/ -+|-+|-+|-+/ -+|-+|-+|-+/"
     rendition="#lgvspace"
     rhyme="abab"
     subtype="eceptext"
     type="poem"
     xml:id="o4672-w0020">
   <link target="authors.xml#aut_WattIs1674" type="author"/>
   <head type="main">
      <w xml:id="o4672-043650"
         n="o4672/0023-a-0290"
         ecep:lem="the"
         ecep:pos="dt"
         ecep:reg="THE"
         ecep:spe="THE"
         ecep:syllab="1"
         ecep:pron="ðiː">THE</w>
      <c> </c>
      <w xml:id="o4672-043660"
         n="o4672/0023-a-0300"
         ecep:lem="transcendent"
         ecep:pos="j"
         ecep:reg="Transcendent"
         ecep:spe="Transcendent"
         ecep:syllab="3"
         ecep:pron="trænˈsendənt">Transcendent</w>
      <c> </c>
      <w xml:id="o4672-043670"
         n="o4672/0023-a-0310"
         ecep:lem="glory"
         ecep:pos="n2"
         ecep:reg="Glories"
         ecep:spe="Glories"
         ecep:syllab="2"
         ecep:pron="ˈglɔːriz">Glories</w>
      <c> </c>
      <w xml:id="o4672-043680"
         n="o4672/0023-a-0320"
         ecep:lem="of"
         ecep:pos="pp-f"
         ecep:reg="OF"
         ecep:spe="OF"
         ecep:syllab="1"
         ecep:pron="ɒv">OF</w>
      <c> </c>
      <w xml:id="o4672-043690"
         n="o4672/0023-a-0330"
         ecep:lem="the"
         ecep:pos="dt"
         ecep:reg="THE"
         ecep:spe="THE"
         ecep:syllab="1"
         ecep:pron="ðiː">THE</w>
      <c> </c>
      <w xml:id="o4672-043700"
         n="o4672/0023-a-0340"
         ecep:lem="deity"
         ecep:pos="n1"
         ecep:reg="DEITY"
         ecep:spe="DEITY"
         ecep:syllab="3"
         ecep:pron="ˈdeɪɪti">DEITY</w>
      <pc xml:id="o4672-043710"
          n="o4672/0023-a-0350"
          unit="sentence"
          ecep:lem="."
          ecep:pos="."
          ecep:reg="."
          ecep:spe=".">.</pc>
   </head>
   <lg n="1" xml:id="o4672-s00165">
      <head>
         <w xml:id="o4672-043750"
            n="o4672/0023-a-0360"
            ecep:lem="i"
            ecep:pos="pns11"
            ecep:reg="I"
            ecep:spe="I."
            ecep:syllab="1"
            ecep:pron="ˈaɪ">I.</w>
         <pc unit="sentence" xml:id="o4672-043750-eos" n="o4672/0023-a-0370"/>
      </head>
      <l xml:id="o4672-l00275">
         <w xml:id="o4672-043770"
            n="o4672/0023-a-0380"
            ecep:lem="god"
            ecep:pos="n1"
            ecep:reg="GOD"
            ecep:spe="GOD"
            ecep:syllab="1"
            ecep:pron="gɒd">GOD</w>
         <c> </c>
         <w xml:id="o4672-043780"
            n="o4672/0023-a-0390"
            ecep:lem="be"
            ecep:pos="vbz"
            ecep:reg="is"
            ecep:spe="is"
            ecep:syllab="1"
            ecep:pron="ɪz">is</w>
         <c> </c>
         <w xml:id="o4672-043790"
            n="o4672/0023-a-0400"
            ecep:lem="a"
            ecep:pos="dt"
            ecep:reg="a"
            ecep:spe="a"
            ecep:syllab="1"
            ecep:pron="ə">a</w>
         <c> </c>
         <w xml:id="o4672-043800"
            n="o4672/0023-a-0410"
            ecep:lem="name"
            ecep:pos="n1"
            ecep:reg="Name"
            ecep:spe="Name"
            ecep:syllab="1"
            ecep:pron="neɪm">Name</w>
         <c> </c>
         <w xml:id="o4672-043810"
            n="o4672/0023-a-0420"
            ecep:lem="my"
            ecep:pos="po11"
            ecep:reg="my"
            ecep:spe="my"
            ecep:syllab="1"
            ecep:pron="maɪ">my</w>
         <c> </c>
         <w xml:id="o4672-043820"
            n="o4672/0023-a-0430"
            ecep:lem="soul"
            ecep:pos="n1"
            ecep:reg="Soul"
            ecep:spe="Soul"
            ecep:syllab="1"
            ecep:pron="səʊl">Soul</w>
         <c> </c>
         <w xml:id="o4672-043830"
            n="o4672/0023-a-0440"
            ecep:lem="adore"
            ecep:pos="vvz"
            ecep:reg="adores"
            ecep:spe="adores"
            ecep:syllab="2"
            ecep:pron="əˈdɔːz">adores</w>
         <pc xml:id="o4672-043840"
             n="o4672/0023-a-0450"
             ecep:lem=";"
             ecep:pos=";"
             ecep:reg=";"
             ecep:spe=";">;</pc>
      </l>
      <l xml:id="o4672-l00280">
         <c> </c>
         <w xml:id="o4672-043850"
            n="o4672/0023-a-0460"
            ecep:lem="the"
            ecep:pos="dt"
            ecep:reg="The"
            ecep:spe="Th'"
            ecep:syllab="0"
            ecep:pron="ð">Th'</w>
         <c> </c>
         <w xml:id="o4672-043860"
            n="o4672/0023-a-0470"
            ecep:lem="almighty"
            ecep:pos="j-jn"
            ecep:reg="Almighty"
            ecep:spe="Almighty"
            ecep:syllab="3"
            ecep:pron="ɔːlˈmaɪti">Almighty</w>
         <c> </c>
         <w xml:id="o4672-043870"
            n="o4672/0023-a-0480"
            ecep:lem="three"
            ecep:pos="crd"
            ecep:reg="Three"
            ecep:spe="Three"
            ecep:syllab="1"
            ecep:pron="θriː">Three</w>
         <pc xml:id="o4672-043880"
             n="o4672/0023-a-0490"
             ecep:lem=","
             ecep:pos=","
             ecep:reg=","
             ecep:spe=",">,</pc>
         <c> </c>
         <w xml:id="o4672-043890"
            n="o4672/0023-a-0500"
            ecep:lem="the"
            ecep:pos="dt"
            ecep:reg="the"
            ecep:spe="th'"
            ecep:syllab="0"
            ecep:pron="ð">th'</w>
         <c> </c>
         <w xml:id="o4672-043900"
            n="o4672/0023-a-0510"
            ecep:lem="eternal"
            ecep:pos="j"
            ecep:reg="Eternal"
            ecep:spe="Eternal"
            ecep:syllab="3"
            ecep:pron="ɪˈtɜːnl">Eternal</w>
         <c> </c>
         <w xml:id="o4672-043910"
            n="o4672/0023-a-0520"
            ecep:lem="one"
            ecep:pos="pi"
            ecep:reg="One"
            ecep:spe="One"
            ecep:syllab="1"
            ecep:pron="wʌn">One</w>
         <pc xml:id="o4672-043920"
             n="o4672/0023-a-0530"
             ecep:lem=":"
             ecep:pos=":"
             ecep:reg=":"
             ecep:spe=":">:</pc>
      </l>
      <l xml:id="o4672-l00285">
         <c> </c>
         <w xml:id="o4672-043930"
            n="o4672/0023-a-0540"
            ecep:lem="nature"
            ecep:pos="n1"
            ecep:reg="Nature"
            ecep:spe="Nature"
            ecep:syllab="2"
            ecep:pron="ˈneɪtʃə">Nature</w>
         <c> </c>
         <w xml:id="o4672-043940"
            n="o4672/0023-a-0550"
            ecep:lem="and"
            ecep:pos="cc"
            ecep:reg="and"
            ecep:spe="and"
            ecep:syllab="1"
            ecep:pron="ænd">and</w>
         <c> </c>
         <w xml:id="o4672-043950"
            n="o4672/0023-a-0560"
            ecep:lem="grace"
            ecep:pos="n1"
            ecep:reg="Grace"
            ecep:spe="Grace"
            ecep:syllab="1"
            ecep:pron="greɪs">Grace</w>
         <c> </c>
         <w xml:id="o4672-043960"
            n="o4672/0023-a-0570"
            ecep:lem="with"
            ecep:pos="p-acp"
            ecep:reg="with"
            ecep:spe="with"
            ecep:syllab="1"
            ecep:pron="wɪð">with</w>
         <c> </c>
         <w xml:id="o4672-043970"
            n="o4672/0023-a-0580"
            ecep:lem="all"
            ecep:pos="d"
            ecep:reg="all"
            ecep:spe="all"
            ecep:syllab="1"
            ecep:pron="ɔːl">all</w>
         <c> </c>
         <w xml:id="o4672-043980"
            n="o4672/0023-a-0590"
            ecep:lem="their"
            ecep:pos="po32"
            ecep:reg="their"
            ecep:spe="their"
            ecep:syllab="1"
            ecep:pron="ðeə">their</w>
         <c> </c>
         <w xml:id="o4672-043990"
            n="o4672/0023-a-0600"
            ecep:lem="power"
            ecep:pos="n2"
            ecep:reg="Powers"
            ecep:spe="Powers"
            ecep:syllab="1"
            ecep:pron="ˈpaʊəz">Powers</w>
      </l>
      <l xml:id="o4672-l00290">
         <c> </c>
         <w xml:id="o4672-044000"
            n="o4672/0023-a-0610"
            ecep:lem="confess"
            ecep:pos="vvb"
            ecep:reg="Confess"
            ecep:spe="Confess"
            ecep:syllab="2"
            ecep:pron="kənˈfes">Confess</w>
         <c> </c>
         <w xml:id="o4672-044010"
            n="o4672/0023-a-0620"
            ecep:lem="the"
            ecep:pos="dt"
            ecep:reg="the"
            ecep:spe="the"
            ecep:syllab="1"
            ecep:pron="ðiː">the</w>
         <c> </c>
         <w xml:id="o4672-044020"
            n="o4672/0023-a-0630"
            ecep:lem="infinite"
            ecep:pos="j"
            ecep:reg="Infinite"
            ecep:spe="Infinite"
            ecep:syllab="3"
            ecep:pron="ˈɪnfɪnət">Infinite</w>
         <c> </c>
         <w xml:id="o4672-044030"
            n="o4672/0023-a-0640"
            ecep:lem="unknown"
            ecep:pos="j"
            ecep:reg="Unknown"
            ecep:spe="Unknown"
            ecep:syllab="2"
            ecep:pron="ʌnˈnəʊn">Unknown</w>
         <pc xml:id="o4672-044040"
             n="o4672/0023-a-0650"
             unit="sentence"
             ecep:lem="."
             ecep:pos="."
             ecep:reg="."
             ecep:spe=".">.</pc>
         <c> </c>
      </l>
   </lg>
   <lg n="2" xml:id="o4672-s00170">
      <head>
         <w xml:id="o4672-044080"
            n="o4672/0023-a-0660"
            ecep:lem="ii"
            ecep:pos="crd"
            ecep:reg="II"
            ecep:spe="II"
            ecep:syllab="1"
            ecep:pron="rˌəʊməntˈuː">II</w>
         <pc xml:id="o4672-044090"
             n="o4672/0023-a-0670"
             unit="sentence"
             ecep:lem="."
             ecep:pos="."
             ecep:reg="."
             ecep:spe=".">.</pc>
      </head>
      <l xml:id="o4672-l00295">
         <w xml:id="o4672-044110"
            n="o4672/0023-a-0680"
            ecep:lem="from"
            ecep:pos="p-acp"
            ecep:reg="From"
            ecep:spe="From"
            ecep:syllab="1"
            ecep:pron="frɒm">From</w>
         <c> </c>
         <w xml:id="o4672-044120"
            n="o4672/0023-a-0690"
            ecep:lem="thy"
            ecep:pos="po21"
            ecep:reg="thy"
            ecep:spe="thy"
            ecep:syllab="1"
            ecep:pron="ðaɪ">thy</w>
         <c> </c>
         <w xml:id="o4672-044130"
            n="o4672/0023-a-0700"
            ecep:lem="great"
            ecep:pos="j"
            ecep:reg="Great"
            ecep:spe="Great"
            ecep:syllab="1"
            ecep:pron="greɪt">Great</w>
         <c> </c>
         <w xml:id="o4672-044140"
            n="o4672/0023-a-0710"
            ecep:lem="self"
            ecep:pos="n1"
            ecep:reg="Self"
            ecep:spe="Self"
            ecep:syllab="1"
            ecep:pron="self">Self</w>
         <c> </c>
         <w xml:id="o4672-044150"
            n="o4672/0023-a-0720"
            ecep:lem="thy"
            ecep:pos="po21"
            ecep:reg="thy"
            ecep:spe="thy"
            ecep:syllab="1"
            ecep:pron="ðaɪ">thy</w>
         <c> </c>
         <w xml:id="o4672-044160"
            n="o4672/0023-a-0730"
            ecep:lem="be"
            ecep:pos="vbg"
            ecep:reg="Being"
            ecep:spe="Being"
            ecep:syllab="2"
            ecep:pron="ˈbiːɪŋ">Being</w>
         <c> </c>
         <w xml:id="o4672-044170"
            n="o4672/0023-a-0740"
            ecep:lem="Springs"
            ecep:pos="np1"
            ecep:reg="Springs"
            ecep:spe="Springs"
            ecep:syllab="1"
            ecep:pron="sprɪŋz">Springs</w>
         <pc xml:id="o4672-044180"
             n="o4672/0023-a-0750"
             ecep:lem=";"
             ecep:pos=";"
             ecep:reg=";"
             ecep:spe=";">;</pc>
      </l>
      <l xml:id="o4672-l00300">
         <c> </c>
         <w xml:id="o4672-044190"
            n="o4672/0023-a-0760"
            ecep:lem="thou"
            ecep:pos="pns21"
            ecep:reg="Thou"
            ecep:spe="Thou"
            ecep:syllab="1"
            ecep:pron="θaʊ">Thou</w>
         <c> </c>
         <w xml:id="o4672-044200"
            n="o4672/0023-a-0770"
            ecep:lem="be"
            ecep:pos="vb2r"
            ecep:reg="art"
            ecep:spe="art"
            ecep:syllab="1"
            ecep:pron="ɑːt">art</w>
         <c> </c>
         <w xml:id="o4672-044210"
            n="o4672/0023-a-0780"
            ecep:lem="thy"
            ecep:pos="po21"
            ecep:reg="thine"
            ecep:spe="thine"
            ecep:syllab="1"
            ecep:pron="ðaɪn">thine</w>
         <c> </c>
         <w xml:id="o4672-044220"
            n="o4672/0023-a-0790"
            ecep:lem="own"
            ecep:pos="d"
            ecep:reg="own"
            ecep:spe="own"
            ecep:syllab="1"
            ecep:pron="əʊn">own</w>
         <c> </c>
         <w xml:id="o4672-044230"
            n="o4672/0023-a-0800"
            ecep:lem="original"
            ecep:pos="j-jn"
            ecep:reg="Original"
            ecep:spe="Original"
            ecep:syllab="4"
            ecep:pron="əˈrɪdʒnl">Original</w>
         <pc xml:id="o4672-044240"
             n="o4672/0023-a-0810"
             ecep:lem=";"
             ecep:pos=";"
             ecep:reg=";"
             ecep:spe=";">;</pc>
      </l>
      <pb facs="o4672/0024" n="5" rend="none"/>
      <l xml:id="o4672-l00305">
         <c> </c>
         <w xml:id="o4672-044250"
            n="o4672/0024-a-0010"
            ecep:lem="make"
            ecep:pos="vvn"
            ecep:reg="Made"
            ecep:spe="Made"
            ecep:syllab="1"
            ecep:pron="meɪd">Made</w>
         <c> </c>
         <w xml:id="o4672-044260"
            n="o4672/0024-a-0020"
            ecep:lem="up"
            ecep:pos="a-acp"
            ecep:reg="up"
            ecep:spe="up"
            ecep:syllab="1"
            ecep:pron="ʌp">up</w>
         <c> </c>
         <w xml:id="o4672-044270"
            n="o4672/0024-a-0030"
            ecep:lem="of"
            ecep:pos="pp-f"
            ecep:reg="of"
            ecep:spe="of"
            ecep:syllab="1"
            ecep:pron="ɒv">of</w>
         <c> </c>
         <w xml:id="o4672-044280"
            n="o4672/0024-a-0040"
            ecep:lem="uncreated"
            ecep:pos="j"
            ecep:reg="Uncreated"
            ecep:spe="Uncreated"
            ecep:syllab="4"
            ecep:pron="ʌnkriːeɪtɪd">Uncreated</w>
         <c> </c>
         <w xml:id="o4672-044290"
            n="o4672/0024-a-0050"
            ecep:lem="thing"
            ecep:pos="n2"
            ecep:reg="Things"
            ecep:spe="Things"
            ecep:syllab="1"
            ecep:pron="θɪŋz">Things</w>
         <pc xml:id="o4672-044300"
             n="o4672/0024-a-0060"
             ecep:lem=","
             ecep:pos=","
             ecep:reg=","
             ecep:spe=",">,</pc>
      </l>
      <l xml:id="o4672-l00310">
         <c> </c>
         <w xml:id="o4672-044310"
            n="o4672/0024-a-0070"
            ecep:lem="and"
            ecep:pos="cc"
            ecep:reg="And"
            ecep:spe="And"
            ecep:syllab="1"
            ecep:pron="ænd">And</w>
         <c> </c>
         <w xml:id="o4672-044320"
            n="o4672/0024-a-0080"
            ecep:lem="self-sufficience"
            ecep:pos="j"
            ecep:reg="Self-Sufficience"
            ecep:spe="Self-Sufficience"
            ecep:syllab="4"
            ecep:pron="selfˌsəˈfɪʃəns">Self-Sufficience</w>
         <c> </c>
         <w xml:id="o4672-044330"
            n="o4672/0024-a-0090"
            ecep:lem="bear"
            ecep:pos="vvz"
            ecep:reg="bears"
            ecep:spe="bears"
            ecep:syllab="1"
            ecep:pron="beəz">bears</w>
         <c> </c>
         <w xml:id="o4672-044340"
            n="o4672/0024-a-0100"
            ecep:lem="they"
            ecep:pos="pno32"
            ecep:reg="them"
            ecep:spe="them"
            ecep:syllab="1"
            ecep:pron="ðem">them</w>
         <c> </c>
         <w xml:id="o4672-044350"
            n="o4672/0024-a-0110"
            ecep:lem="all"
            ecep:pos="d"
            ecep:reg="all"
            ecep:spe="all"
            ecep:syllab="1"
            ecep:pron="ɔːl">all</w>
         <pc xml:id="o4672-044360"
             n="o4672/0024-a-0120"
             unit="sentence"
             ecep:lem="."
             ecep:pos="."
             ecep:reg="."
             ecep:spe=".">.</pc>
         <c> </c>
      </l>
   </lg>
   <lg n="3" xml:id="o4672-s00175">
      <head>
         <w xml:id="o4672-044400"
            n="o4672/0024-a-0130"
            ecep:lem="iii"
            ecep:pos="crd"
            ecep:reg="III"
            ecep:spe="III"
            ecep:syllab="1"
            ecep:pron="rˌəʊmənθrˈiː">III</w>
         <pc xml:id="o4672-044410"
             n="o4672/0024-a-0140"
             unit="sentence"
             ecep:lem="."
             ecep:pos="."
             ecep:reg="."
             ecep:spe=".">.</pc>
      </head>
      <l xml:id="o4672-l00315">
         <w xml:id="o4672-044430"
            n="o4672/0024-a-0150"
            ecep:lem="thy"
            ecep:pos="po21"
            ecep:reg="Thy"
            ecep:spe="Thy"
            ecep:syllab="1"
            ecep:pron="ðaɪ">Thy</w>
         <c> </c>
         <w xml:id="o4672-044440"
            n="o4672/0024-a-0160"
            ecep:lem="voice"
            ecep:pos="n1"
            ecep:reg="Voice"
            ecep:spe="Voice"
            ecep:syllab="1"
            ecep:pron="vɔɪs">Voice</w>
         <c> </c>
         <w xml:id="o4672-044450"
            n="o4672/0024-a-0170"
            ecep:lem="have"
            ecep:pos="vhz"
            ecep:reg="hath"
            ecep:spe="hath"
            ecep:syllab="1"
            ecep:pron="hæθ">hath</w>
         <c> </c>
         <w xml:id="o4672-044460"
            n="o4672/0024-a-0180"
            ecep:lem="form"
            ecep:pos="vvn"
            ecep:reg="formed"
            ecep:spe="form'd"
            ecep:syllab="1"
            ecep:pron="fɔːmd">form'd</w>
         <c> </c>
         <w xml:id="o4672-044470"
            n="o4672/0024-a-0190"
            ecep:lem="the"
            ecep:pos="dt"
            ecep:reg="the"
            ecep:spe="the"
            ecep:syllab="1"
            ecep:pron="ðiː">the</w>
         <c> </c>
         <w xml:id="o4672-044480"
            n="o4672/0024-a-0200"
            ecep:lem="sea"
            ecep:pos="n2"
            ecep:reg="Seas"
            ecep:spe="Seas"
            ecep:syllab="1"
            ecep:pron="siːz">Seas</w>
         <c> </c>
         <w xml:id="o4672-044490"
            n="o4672/0024-a-0210"
            ecep:lem="and"
            ecep:pos="cc"
            ecep:reg="and"
            ecep:spe="and"
            ecep:syllab="1"
            ecep:pron="ænd">and</w>
         <c> </c>
         <w xml:id="o4672-044500"
            n="o4672/0024-a-0220"
            ecep:lem="sphere"
            ecep:pos="n2"
            ecep:reg="Spheres"
            ecep:spe="Spheres"
            ecep:syllab="1"
            ecep:pron="sfɪəz">Spheres</w>
         <pc xml:id="o4672-044510"
             n="o4672/0024-a-0230"
             ecep:lem=","
             ecep:pos=","
             ecep:reg=","
             ecep:spe=",">,</pc>
      </l>
      <l xml:id="o4672-l00320">
         <c> </c>
         <w xml:id="o4672-044520"
            n="o4672/0024-a-0240"
            ecep:lem="bid"
            ecep:pos="vvb"
            ecep:reg="Bid"
            ecep:spe="Bid"
            ecep:syllab="1"
            ecep:pron="bɪd">Bid</w>
         <c> </c>
         <w xml:id="o4672-044530"
            n="o4672/0024-a-0250"
            ecep:lem="the"
            ecep:pos="dt"
            ecep:reg="the"
            ecep:spe="the"
            ecep:syllab="1"
            ecep:pron="ðiː">the</w>
         <c> </c>
         <w xml:id="o4672-044540"
            n="o4672/0024-a-0260"
            ecep:lem="wave"
            ecep:pos="n2"
            ecep:reg="Waves"
            ecep:spe="Waves"
            ecep:syllab="1"
            ecep:pron="weɪvz">Waves</w>
         <c> </c>
         <w xml:id="o4672-044550"
            n="o4672/0024-a-0270"
            ecep:lem="roar"
            ecep:pos="vvb"
            ecep:reg="roar"
            ecep:spe="roar"
            ecep:syllab="1"
            ecep:pron="rɔː">roar</w>
         <pc xml:id="o4672-044560"
             n="o4672/0024-a-0280"
             ecep:lem=","
             ecep:pos=","
             ecep:reg=","
             ecep:spe=",">,</pc>
         <c> </c>
         <w xml:id="o4672-044570"
            n="o4672/0024-a-0290"
            ecep:lem="and"
            ecep:pos="cc"
            ecep:reg="and"
            ecep:spe="and"
            ecep:syllab="1"
            ecep:pron="ænd">and</w>
         <c> </c>
         <w xml:id="o4672-044580"
            n="o4672/0024-a-0300"
            ecep:lem="planet"
            ecep:pos="n2"
            ecep:reg="Planets"
            ecep:spe="Planets"
            ecep:syllab="2"
            ecep:pron="ˈplænɪts">Planets</w>
         <c> </c>
         <w xml:id="o4672-044590"
            n="o4672/0024-a-0310"
            ecep:lem="shine"
            ecep:pos="vvb"
            ecep:reg="shine"
            ecep:spe="shine"
            ecep:syllab="1"
            ecep:pron="ʃaɪn">shine</w>
         <pc xml:id="o4672-044600"
             n="o4672/0024-a-0320"
             ecep:lem=";"
             ecep:pos=";"
             ecep:reg=";"
             ecep:spe=";">;</pc>
      </l>
      <l xml:id="o4672-l00325">
         <c> </c>
         <w xml:id="o4672-044610"
            n="o4672/0024-a-0330"
            ecep:lem="but"
            ecep:pos="cc-acp"
            ecep:reg="But"
            ecep:spe="But"
            ecep:syllab="1"
            ecep:pron="bʌt">But</w>
         <c> </c>
         <w xml:id="o4672-044620"
            n="o4672/0024-a-0340"
            ecep:lem="nothing"
            ecep:pos="pix"
            ecep:reg="Nothing"
            ecep:spe="Nothing"
            ecep:syllab="2"
            ecep:pron="ˈnʌθɪŋ">Nothing</w>
         <c> </c>
         <w xml:id="o4672-044630"
            n="o4672/0024-a-0350"
            ecep:lem="like"
            ecep:pos="vvb"
            ecep:reg="like"
            ecep:spe="like"
            ecep:syllab="1"
            ecep:pron="laɪk">like</w>
         <c> </c>
         <w xml:id="o4672-044640"
            n="o4672/0024-a-0360"
            ecep:lem="thy"
            ecep:pos="po21"
            ecep:reg="thy"
            ecep:spe="thy"
            ecep:syllab="1"
            ecep:pron="ðaɪ">thy</w>
         <c> </c>
         <w xml:id="o4672-044650"
            n="o4672/0024-a-0370"
            ecep:lem="self"
            ecep:pos="n1"
            ecep:reg="Self"
            ecep:spe="Self"
            ecep:syllab="1"
            ecep:pron="self">Self</w>
         <c> </c>
         <w xml:id="o4672-044660"
            n="o4672/0024-a-0380"
            ecep:lem="appear"
            ecep:pos="vvz"
            ecep:reg="appears"
            ecep:spe="appears"
            ecep:syllab="2"
            ecep:pron="əˈpɪəz">appears</w>
      </l>
      <l xml:id="o4672-l00330">
         <c> </c>
         <w xml:id="o4672-044670"
            n="o4672/0024-a-0390"
            ecep:lem="through"
            ecep:pos="p-acp"
            ecep:reg="Through"
            ecep:spe="Thro'"
            ecep:syllab="1"
            ecep:pron="θruː">Thro'</w>
         <c> </c>
         <w xml:id="o4672-044680"
            n="o4672/0024-a-0400"
            ecep:lem="all"
            ecep:pos="d"
            ecep:reg="all"
            ecep:spe="all"
            ecep:syllab="1"
            ecep:pron="ɔːl">all</w>
         <c> </c>
         <w xml:id="o4672-044690"
            n="o4672/0024-a-0410"
            ecep:lem="these"
            ecep:pos="d"
            ecep:reg="these"
            ecep:spe="these"
            ecep:syllab="1"
            ecep:pron="ðiːz">these</w>
         <c> </c>
         <w xml:id="o4672-044700"
            n="o4672/0024-a-0420"
            ecep:lem="spacious"
            ecep:pos="j"
            ecep:reg="Spacious"
            ecep:spe="Spacious"
            ecep:syllab="2"
            ecep:pron="ˈspeɪʃəs">Spacious</w>
         <c> </c>
         <w xml:id="o4672-044710"
            n="o4672/0024-a-0430"
            ecep:lem="work"
            ecep:pos="n2"
            ecep:reg="Works"
            ecep:spe="Works"
            ecep:syllab="1"
            ecep:pron="wɜːks">Works</w>
         <c> </c>
         <w xml:id="o4672-044720"
            n="o4672/0024-a-0440"
            ecep:lem="of"
            ecep:pos="pp-f"
            ecep:reg="of"
            ecep:spe="of"
            ecep:syllab="1"
            ecep:pron="ɒv">of</w>
         <c> </c>
         <w xml:id="o4672-044730"
            n="o4672/0024-a-0450"
            ecep:lem="thy"
            ecep:pos="po21"
            ecep:reg="thine"
            ecep:spe="thine"
            ecep:syllab="1"
            ecep:pron="ðaɪn">thine</w>
         <pc xml:id="o4672-044740"
             n="o4672/0024-a-0460"
             unit="sentence"
             ecep:lem="."
             ecep:pos="."
             ecep:reg="."
             ecep:spe=".">.</pc>
         <c> </c>
      </l>
   </lg>
   <lg n="4" xml:id="o4672-s00180">
      <head>
         <w xml:id="o4672-044780"
            n="o4672/0024-a-0470"
            ecep:lem="iv"
            ecep:pos="crd"
            ecep:reg="IV"
            ecep:spe="IV"
            ecep:syllab="1"
            ecep:pron="rˌəʊmənfˈɔː">IV</w>
         <pc xml:id="o4672-044790"
             n="o4672/0024-a-0480"
             unit="sentence"
             ecep:lem="."
             ecep:pos="."
             ecep:reg="."
             ecep:spe=".">.</pc>
      </head>
      <l xml:id="o4672-l00335">
         <w xml:id="o4672-044810"
            n="o4672/0024-a-0490"
            ecep:lem="still"
            ecep:pos="j"
            ecep:reg="Still"
            ecep:spe="Still"
            ecep:syllab="1"
            ecep:pron="stɪl">Still</w>
         <c> </c>
         <w xml:id="o4672-044820"
            n="o4672/0024-a-0500"
            ecep:lem="roll"
            ecep:pos="j-vvg"
            ecep:reg="rolling"
            ecep:spe="rolling"
            ecep:syllab="2"
            ecep:pron="rəʊlɪŋ">rolling</w>
         <c> </c>
         <w xml:id="o4672-044830"
            n="o4672/0024-a-0510"
            ecep:lem="nature"
            ecep:pos="n1"
            ecep:reg="Nature"
            ecep:spe="Nature"
            ecep:syllab="2"
            ecep:pron="ˈneɪtʃə">Nature</w>
         <c> </c>
         <w xml:id="o4672-044840"
            n="o4672/0024-a-0520"
            ecep:lem="die"
            ecep:pos="vvz"
            ecep:reg="dies"
            ecep:spe="dies"
            ecep:syllab="1"
            ecep:pron="daɪz">dies</w>
         <c> </c>
         <w xml:id="o4672-044850"
            n="o4672/0024-a-0530"
            ecep:lem="and"
            ecep:pos="cc"
            ecep:reg="and"
            ecep:spe="and"
            ecep:syllab="1"
            ecep:pron="ænd">and</w>
         <c> </c>
         <w xml:id="o4672-044860"
            n="o4672/0024-a-0540"
            ecep:lem="grow"
            ecep:pos="vvz"
            ecep:reg="grows"
            ecep:spe="grows"
            ecep:syllab="1"
            ecep:pron="grəʊz">grows</w>
         <pc xml:id="o4672-044870"
             n="o4672/0024-a-0550"
             ecep:lem=";"
             ecep:pos=";"
             ecep:reg=";"
             ecep:spe=";">;</pc>
      </l>
      <l xml:id="o4672-l00340">
         <c> </c>
         <w xml:id="o4672-044880"
            n="o4672/0024-a-0560"
            ecep:lem="from"
            ecep:pos="p-acp"
            ecep:reg="From"
            ecep:spe="From"
            ecep:syllab="1"
            ecep:pron="frɒm">From</w>
         <c> </c>
         <w xml:id="o4672-044890"
            n="o4672/0024-a-0570"
            ecep:lem="change"
            ecep:pos="n1"
            ecep:reg="Change"
            ecep:spe="Change"
            ecep:syllab="1"
            ecep:pron="tʃeɪndʒ">Change</w>
         <c> </c>
         <w xml:id="o4672-044900"
            n="o4672/0024-a-0580"
            ecep:lem="to"
            ecep:pos="p-acp"
            ecep:reg="to"
            ecep:spe="to"
            ecep:syllab="1"
            ecep:pron="tuː">to</w>
         <c> </c>
         <w xml:id="o4672-044910"
            n="o4672/0024-a-0590"
            ecep:lem="change"
            ecep:pos="n1"
            ecep:reg="Change"
            ecep:spe="Change"
            ecep:syllab="1"
            ecep:pron="tʃeɪndʒ">Change</w>
         <c> </c>
         <w xml:id="o4672-044920"
            n="o4672/0024-a-0600"
            ecep:lem="the"
            ecep:pos="dt"
            ecep:reg="the"
            ecep:spe="the"
            ecep:syllab="1"
            ecep:pron="ðiː">the</w>
         <c> </c>
         <w xml:id="o4672-044930"
            n="o4672/0024-a-0610"
            ecep:lem="creature"
            ecep:pos="n2"
            ecep:reg="Creatures"
            ecep:spe="Creatures"
            ecep:syllab="2"
            ecep:pron="ˈkriːtʃəz">Creatures</w>
         <c> </c>
         <w xml:id="o4672-044940"
            n="o4672/0024-a-0620"
            ecep:lem="run"
            ecep:pos="vvb"
            ecep:reg="run"
            ecep:spe="run"
            ecep:syllab="1"
            ecep:pron="rʌn">run</w>
         <pc xml:id="o4672-044950"
             n="o4672/0024-a-0630"
             ecep:lem=":"
             ecep:pos=":"
             ecep:reg=":"
             ecep:spe=":">:</pc>
      </l>
      <l xml:id="o4672-l00345">
         <c> </c>
         <w xml:id="o4672-044960"
            n="o4672/0024-a-0640"
            ecep:lem="thy"
            ecep:pos="po21"
            ecep:reg="Thy"
            ecep:spe="Thy"
            ecep:syllab="1"
            ecep:pron="ðaɪ">Thy</w>
         <c> </c>
         <w xml:id="o4672-044970"
            n="o4672/0024-a-0650"
            ecep:lem="be"
            ecep:pos="vbg"
            ecep:reg="Being"
            ecep:spe="Being"
            ecep:syllab="2"
            ecep:pron="ˈbiːɪŋ">Being</w>
         <c> </c>
         <w xml:id="o4672-044980"
            n="o4672/0024-a-0660"
            ecep:lem="no"
            ecep:pos="dx"
            ecep:reg="no"
            ecep:spe="no"
            ecep:syllab="1"
            ecep:pron="nəʊ">no</w>
         <c> </c>
         <w xml:id="o4672-044990"
            n="o4672/0024-a-0670"
            ecep:lem="succession"
            ecep:pos="n1"
            ecep:reg="Succession"
            ecep:spe="Succession"
            ecep:syllab="3"
            ecep:pron="səkˈseʃn">Succession</w>
         <c> </c>
         <w xml:id="o4672-045000"
            n="o4672/0024-a-0680"
            ecep:lem="know"
            ecep:pos="vvz"
            ecep:reg="knows"
            ecep:spe="knows"
            ecep:syllab="1"
            ecep:pron="nəʊz">knows</w>
         <pc xml:id="o4672-045010"
             n="o4672/0024-a-0690"
             ecep:lem=","
             ecep:pos=","
             ecep:reg=","
             ecep:spe=",">,</pc>
      </l>
      <l xml:id="o4672-l00350">
         <c> </c>
         <w xml:id="o4672-045020"
            n="o4672/0024-a-0700"
            ecep:lem="and"
            ecep:pos="cc"
            ecep:reg="And"
            ecep:spe="And"
            ecep:syllab="1"
            ecep:pron="ænd">And</w>
         <c> </c>
         <w xml:id="o4672-045030"
            n="o4672/0024-a-0710"
            ecep:lem="all"
            ecep:pos="d"
            ecep:reg="all"
            ecep:spe="all"
            ecep:syllab="1"
            ecep:pron="ɔːl">all</w>
         <c> </c>
         <w xml:id="o4672-045040"
            n="o4672/0024-a-0720"
            ecep:lem="thy"
            ecep:pos="po21"
            ecep:reg="thy"
            ecep:spe="thy"
            ecep:syllab="1"
            ecep:pron="ðaɪ">thy</w>
         <c> </c>
         <w xml:id="o4672-045050"
            n="o4672/0024-a-0730"
            ecep:lem="vast"
            ecep:pos="j"
            ecep:reg="vast"
            ecep:spe="vast"
            ecep:syllab="1"
            ecep:pron="vɑːst">vast</w>
         <c> </c>
         <w xml:id="o4672-045060"
            n="o4672/0024-a-0740"
            ecep:lem="design"
            ecep:pos="n2"
            ecep:reg="Designs"
            ecep:spe="Designs"
            ecep:syllab="2"
            ecep:pron="dɪˈzaɪnz">Designs</w>
         <c> </c>
         <w xml:id="o4672-045070"
            n="o4672/0024-a-0750"
            ecep:lem="be"
            ecep:pos="vbr"
            ecep:reg="are"
            ecep:spe="are"
            ecep:syllab="1"
            ecep:pron="ɑː">are</w>
         <c> </c>
         <w xml:id="o4672-045080"
            n="o4672/0024-a-0760"
            ecep:lem="one"
            ecep:pos="pi"
            ecep:reg="One"
            ecep:spe="One"
            ecep:syllab="1"
            ecep:pron="wʌn">One</w>
         <pc xml:id="o4672-045090"
             n="o4672/0024-a-0770"
             unit="sentence"
             ecep:lem="."
             ecep:pos="."
             ecep:reg="."
             ecep:spe=".">.</pc>
         <c> </c>
      </l>
   </lg>
   <lg n="5" xml:id="o4672-s00185">
      <head>
         <w xml:id="o4672-045130"
            n="o4672/0024-a-0780"
            ecep:lem="v."
            ecep:pos="crd"
            ecep:reg="V"
            ecep:spe="V."
            ecep:syllab="1"
            ecep:pron="viː">V.</w>
         <pc unit="sentence" xml:id="o4672-045130-eos" n="o4672/0024-a-0790"/>
      </head>
      <l xml:id="o4672-l00355">
         <w xml:id="o4672-045150"
            n="o4672/0024-a-0800"
            ecep:lem="a"
            ecep:pos="dt"
            ecep:reg="A"
            ecep:spe="A"
            ecep:syllab="1"
            ecep:pron="ə">A</w>
         <c> </c>
         <w xml:id="o4672-045160"
            n="o4672/0024-a-0810"
            ecep:lem="glance"
            ecep:pos="n1"
            ecep:reg="Glance"
            ecep:spe="Glance"
            ecep:syllab="1"
            ecep:pron="glɑːns">Glance</w>
         <c> </c>
         <w xml:id="o4672-045170"
            n="o4672/0024-a-0820"
            ecep:lem="of"
            ecep:pos="pp-f"
            ecep:reg="of"
            ecep:spe="of"
            ecep:syllab="1"
            ecep:pron="ɒv">of</w>
         <c> </c>
         <w xml:id="o4672-045180"
            n="o4672/0024-a-0830"
            ecep:lem="thy"
            ecep:pos="po21"
            ecep:reg="thine"
            ecep:spe="thine"
            ecep:syllab="1"
            ecep:pron="ðaɪn">thine</w>
         <c> </c>
         <w xml:id="o4672-045190"
            n="o4672/0024-a-0840"
            ecep:lem="run"
            ecep:pos="vvz"
            ecep:reg="runs"
            ecep:spe="runs"
            ecep:syllab="1"
            ecep:pron="rʌnz">runs</w>
         <c> </c>
         <w xml:id="o4672-045200"
            n="o4672/0024-a-0850"
            ecep:lem="through"
            ecep:pos="p-acp"
            ecep:reg="through"
            ecep:spe="thro'"
            ecep:syllab="1"
            ecep:pron="θruː">thro'</w>
         <c> </c>
         <w xml:id="o4672-045210"
            n="o4672/0024-a-0860"
            ecep:lem="the"
            ecep:pos="dt"
            ecep:reg="the"
            ecep:spe="the"
            ecep:syllab="1"
            ecep:pron="ðiː">the</w>
         <c> </c>
         <w xml:id="o4672-045220"
            n="o4672/0024-a-0870"
            ecep:lem="globe"
            ecep:pos="n2"
            ecep:reg="Globes"
            ecep:spe="Globes"
            ecep:syllab="1"
            ecep:pron="gləʊbz">Globes</w>
         <pc xml:id="o4672-045230"
             n="o4672/0024-a-0880"
             ecep:lem=","
             ecep:pos=","
             ecep:reg=","
             ecep:spe=",">,</pc>
      </l>
      <l xml:id="o4672-l00360">
         <c> </c>
         <w xml:id="o4672-045240"
            n="o4672/0024-a-0890"
            ecep:lem="rule"
            ecep:pos="vvz"
            ecep:reg="Rules"
            ecep:spe="Rules"
            ecep:syllab="1"
            ecep:pron="ruːlz">Rules</w>
         <c> </c>
         <w xml:id="o4672-045250"
            n="o4672/0024-a-0900"
            ecep:lem="the"
            ecep:pos="dt"
            ecep:reg="the"
            ecep:spe="the"
            ecep:syllab="1"
            ecep:pron="ðiː">the</w>
         <c> </c>
         <w xml:id="o4672-045260"
            n="o4672/0024-a-0910"
            ecep:lem="bright"
            ecep:pos="j"
            ecep:reg="Bright"
            ecep:spe="Bright"
            ecep:syllab="1"
            ecep:pron="braɪt">Bright</w>
         <c> </c>
         <w xml:id="o4672-045270"
            n="o4672/0024-a-0920"
            ecep:lem="world"
            ecep:pos="n2"
            ecep:reg="Worlds"
            ecep:spe="Worlds"
            ecep:syllab="1"
            ecep:pron="wɜːldz">Worlds</w>
         <pc xml:id="o4672-045280"
             n="o4672/0024-a-0930"
             ecep:lem=","
             ecep:pos=","
             ecep:reg=","
             ecep:spe=",">,</pc>
         <c> </c>
         <w xml:id="o4672-045290"
            n="o4672/0024-a-0940"
            ecep:lem="and"
            ecep:pos="cc"
            ecep:reg="and"
            ecep:spe="and"
            ecep:syllab="1"
            ecep:pron="ænd">and</w>
         <c> </c>
         <w xml:id="o4672-045300"
            n="o4672/0024-a-0950"
            ecep:lem="move"
            ecep:pos="vvz"
            ecep:reg="moves"
            ecep:spe="moves"
            ecep:syllab="1"
            ecep:pron="muːvz">moves</w>
         <c> </c>
         <w xml:id="o4672-045310"
            n="o4672/0024-a-0960"
            ecep:lem="their"
            ecep:pos="po32"
            ecep:reg="their"
            ecep:spe="their"
            ecep:syllab="1"
            ecep:pron="ðeə">their</w>
         <c> </c>
         <w xml:id="o4672-045320"
            n="o4672/0024-a-0970"
            ecep:lem="frame"
            ecep:pos="n1"
            ecep:reg="Frame"
            ecep:spe="Frame"
            ecep:syllab="1"
            ecep:pron="freɪm">Frame</w>
         <pc xml:id="o4672-045330"
             n="o4672/0024-a-0980"
             ecep:lem=":"
             ecep:pos=":"
             ecep:reg=":"
             ecep:spe=":">:</pc>
      </l>
      <l xml:id="o4672-l00365">
         <c> </c>
         <w xml:id="o4672-045340"
            n="o4672/0024-a-0990"
            ecep:lem="broad"
            ecep:pos="j"
            ecep:reg="Broad"
            ecep:spe="Broad"
            ecep:syllab="1"
            ecep:pron="brɔːd">Broad</w>
         <c> </c>
         <w xml:id="o4672-045350"
            n="o4672/0024-a-1000"
            ecep:lem="sheet"
            ecep:pos="n2"
            ecep:reg="Sheets"
            ecep:spe="Sheets"
            ecep:syllab="1"
            ecep:pron="ʃiːts">Sheets</w>
         <c> </c>
         <w xml:id="o4672-045360"
            n="o4672/0024-a-1010"
            ecep:lem="of"
            ecep:pos="pp-f"
            ecep:reg="of"
            ecep:spe="of"
            ecep:syllab="1"
            ecep:pron="ɒv">of</w>
         <c> </c>
         <w xml:id="o4672-045370"
            n="o4672/0024-a-1020"
            ecep:lem="light"
            ecep:pos="n1"
            ecep:reg="Light"
            ecep:spe="Light"
            ecep:syllab="1"
            ecep:pron="laɪt">Light</w>
         <c> </c>
         <w xml:id="o4672-045380"
            n="o4672/0024-a-1030"
            ecep:lem="compose"
            ecep:pos="vvb"
            ecep:reg="compose"
            ecep:spe="compose"
            ecep:syllab="2"
            ecep:pron="kəmˈpəʊz">compose</w>
         <c> </c>
         <w xml:id="o4672-045390"
            n="o4672/0024-a-1040"
            ecep:lem="thy"
            ecep:pos="po21"
            ecep:reg="thy"
            ecep:spe="thy"
            ecep:syllab="1"
            ecep:pron="ðaɪ">thy</w>
         <c> </c>
         <w xml:id="o4672-045400"
            n="o4672/0024-a-1050"
            ecep:lem="robe"
            ecep:pos="n2"
            ecep:reg="Robes"
            ecep:spe="Robes"
            ecep:syllab="1"
            ecep:pron="rəʊbz">Robes</w>
         <pc xml:id="o4672-045410"
             n="o4672/0024-a-1060"
             ecep:lem=";"
             ecep:pos=";"
             ecep:reg=";"
             ecep:spe=";">;</pc>
      </l>
      <l xml:id="o4672-l00370">
         <c> </c>
         <w xml:id="o4672-045420"
            n="o4672/0024-a-1070"
            ecep:lem="thy"
            ecep:pos="po21"
            ecep:reg="Thy"
            ecep:spe="Thy"
            ecep:syllab="1"
            ecep:pron="ðaɪ">Thy</w>
         <c> </c>
         <w xml:id="o4672-045430"
            n="o4672/0024-a-1080"
            ecep:lem="guard"
            ecep:pos="n2"
            ecep:reg="Guards"
            ecep:spe="Guards"
            ecep:syllab="1"
            ecep:pron="gɑːdz">Guards</w>
         <c> </c>
         <w xml:id="o4672-045440"
            n="o4672/0024-a-1090"
            ecep:lem="be"
            ecep:pos="vbr"
            ecep:reg="are"
            ecep:spe="are"
            ecep:syllab="1"
            ecep:pron="ɑː">are</w>
         <c> </c>
         <w xml:id="o4672-045450"
            n="o4672/0024-a-1100"
            ecep:lem="form"
            ecep:pos="vvn"
            ecep:reg="formed"
            ecep:spe="form'd"
            ecep:syllab="1"
            ecep:pron="fɔːmd">form'd</w>
         <c> </c>
         <w xml:id="o4672-045460"
            n="o4672/0024-a-1110"
            ecep:lem="of"
            ecep:pos="pp-f"
            ecep:reg="of"
            ecep:spe="of"
            ecep:syllab="1"
            ecep:pron="ɒv">of</w>
         <c> </c>
         <w xml:id="o4672-045470"
            n="o4672/0024-a-1120"
            ecep:lem="live"
            ecep:pos="j-vvg"
            ecep:reg="living"
            ecep:spe="living"
            ecep:syllab="2"
            ecep:pron="ˈlɪvɪŋ">living</w>
         <c> </c>
         <w xml:id="o4672-045480"
            n="o4672/0024-a-1130"
            ecep:lem="flame"
            ecep:pos="n1"
            ecep:reg="Flame"
            ecep:spe="Flame"
            ecep:syllab="1"
            ecep:pron="fleɪm">Flame</w>
         <pc xml:id="o4672-045490"
             n="o4672/0024-a-1140"
             unit="sentence"
             ecep:lem="."
             ecep:pos="."
             ecep:reg="."
             ecep:spe=".">.</pc>
         <c> </c>
      </l>
   </lg>
   <lg n="6" xml:id="o4672-s00190">
      <head>
         <w xml:id="o4672-045530"
            n="o4672/0024-a-1150"
            ecep:lem="vi"
            ecep:pos="crd"
            ecep:reg="VI"
            ecep:spe="VI"
            ecep:syllab="1"
            ecep:pron="ˈvaɪ">VI</w>
         <pc xml:id="o4672-045540"
             n="o4672/0024-a-1160"
             unit="sentence"
             ecep:lem="."
             ecep:pos="."
             ecep:reg="."
             ecep:spe=".">.</pc>
      </head>
      <l xml:id="o4672-l00375">
         <w xml:id="o4672-045560"
            n="o4672/0024-a-1170"
            ecep:lem="throne"
            ecep:pos="n2"
            ecep:reg="Thrones"
            ecep:spe="Thrones"
            ecep:syllab="1"
            ecep:pron="θrəʊnz">Thrones</w>
         <c> </c>
         <w xml:id="o4672-045570"
            n="o4672/0024-a-1180"
            ecep:lem="and"
            ecep:pos="cc"
            ecep:reg="and"
            ecep:spe="and"
            ecep:syllab="1"
            ecep:pron="ænd">and</w>
         <c> </c>
         <w xml:id="o4672-045580"
            n="o4672/0024-a-1190"
            ecep:lem="dominion"
            ecep:pos="n2"
            ecep:reg="Dominions"
            ecep:spe="Dominions"
            ecep:syllab="3"
            ecep:pron="dəˈmɪnjənz">Dominions</w>
         <c> </c>
         <w xml:id="o4672-045590"
            n="o4672/0024-a-1200"
            ecep:lem="round"
            ecep:pos="vvb"
            ecep:reg="round"
            ecep:spe="round"
            ecep:syllab="1"
            ecep:pron="raʊnd">round</w>
         <c> </c>
         <w xml:id="o4672-045600"
            n="o4672/0024-a-1210"
            ecep:lem="thou"
            ecep:pos="pno21"
            ecep:reg="thee"
            ecep:spe="thee"
            ecep:syllab="1"
            ecep:pron="ðiː">thee</w>
         <c> </c>
         <w xml:id="o4672-045610"
            n="o4672/0024-a-1220"
            ecep:lem="fall"
            ecep:pos="vvi"
            ecep:reg="fall"
            ecep:spe="fall"
            ecep:syllab="1"
            ecep:pron="fɔːl">fall</w>
      </l>
      <l xml:id="o4672-l00380">
         <c> </c>
         <w xml:id="o4672-045620"
            n="o4672/0024-a-1230"
            ecep:lem="and"
            ecep:pos="cc"
            ecep:reg="And"
            ecep:spe="And"
            ecep:syllab="1"
            ecep:pron="ænd">And</w>
         <c> </c>
         <w xml:id="o4672-045630"
            n="o4672/0024-a-1240"
            ecep:lem="worship"
            ecep:pos="vvi"
            ecep:reg="Worship"
            ecep:spe="Worship"
            ecep:syllab="2"
            ecep:pron="ˈwɜːʃɪp">Worship</w>
         <c> </c>
         <w xml:id="o4672-045640"
            n="o4672/0024-a-1250"
            ecep:lem="in"
            ecep:pos="p-acp"
            ecep:reg="in"
            ecep:spe="in"
            ecep:syllab="1"
            ecep:pron="ɪn">in</w>
         <c> </c>
         <w xml:id="o4672-045650"
            n="o4672/0024-a-1260"
            ecep:lem="submissive"
            ecep:pos="j"
            ecep:reg="Submissive"
            ecep:spe="Submissive"
            ecep:syllab="3"
            ecep:pron="səbˈmɪsɪv">Submissive</w>
         <c> </c>
         <w xml:id="o4672-045660"
            n="o4672/0024-a-1270"
            ecep:lem="form"
            ecep:pos="n2"
            ecep:reg="Forms"
            ecep:spe="Forms"
            ecep:syllab="1"
            ecep:pron="fɔːmz">Forms</w>
         <pc xml:id="o4672-045670"
             n="o4672/0024-a-1280"
             ecep:lem=";"
             ecep:pos=";"
             ecep:reg=";"
             ecep:spe=";">;</pc>
      </l>
      <l xml:id="o4672-l00385">
         <c> </c>
         <w xml:id="o4672-045680"
            n="o4672/0024-a-1290"
            ecep:lem="thy"
            ecep:pos="po21"
            ecep:reg="Thy"
            ecep:spe="Thy"
            ecep:syllab="1"
            ecep:pron="ðaɪ">Thy</w>
         <c> </c>
         <w xml:id="o4672-045690"
            n="o4672/0024-a-1300"
            ecep:lem="presence"
            ecep:pos="n1"
            ecep:reg="Presence"
            ecep:spe="Presence"
            ecep:syllab="2"
            ecep:pron="ˈprezns">Presence</w>
         <c> </c>
         <w xml:id="o4672-045700"
            n="o4672/0024-a-1310"
            ecep:lem="shake"
            ecep:pos="vvz"
            ecep:reg="shakes"
            ecep:spe="shakes"
            ecep:syllab="1"
            ecep:pron="ʃeɪks">shakes</w>
         <c> </c>
         <w xml:id="o4672-045710"
            n="o4672/0024-a-1320"
            ecep:lem="this"
            ecep:pos="d"
            ecep:reg="this"
            ecep:spe="this"
            ecep:syllab="1"
            ecep:pron="ðɪs">this</w>
         <c> </c>
         <w xml:id="o4672-045720"
            n="o4672/0024-a-1330"
            ecep:lem="low"
            ecep:pos="jc"
            ecep:reg="lower"
            ecep:spe="lower"
            ecep:syllab="2"
            ecep:pron="ˈləʊə">lower</w>
         <c> </c>
         <w xml:id="o4672-045730"
            n="o4672/0024-a-1340"
            ecep:lem="ball"
            ecep:pos="n1"
            ecep:reg="Ball"
            ecep:spe="Ball"
            ecep:syllab="1"
            ecep:pron="bɔːl">Ball</w>
         <pc xml:id="o4672-045740"
             n="o4672/0024-a-1350"
             ecep:lem=","
             ecep:pos=","
             ecep:reg=","
             ecep:spe=",">,</pc>
      </l>
      <l xml:id="o4672-l00390">
         <c> </c>
         <w xml:id="o4672-045750"
            n="o4672/0024-a-1360"
            ecep:lem="this"
            ecep:pos="d"
            ecep:reg="This"
            ecep:spe="This"
            ecep:syllab="1"
            ecep:pron="ðɪs">This</w>
         <c> </c>
         <w xml:id="o4672-045760"
            n="o4672/0024-a-1370"
            ecep:lem="little"
            ecep:pos="j"
            ecep:reg="little"
            ecep:spe="little"
            ecep:syllab="2"
            ecep:pron="ˈlɪtl">little</w>
         <c> </c>
         <w xml:id="o4672-045770"
            n="o4672/0024-a-1380"
            ecep:lem="dwelling"
            ecep:pos="n1"
            ecep:reg="Dwelling"
            ecep:spe="Dwelling"
            ecep:syllab="2"
            ecep:pron="ˈdwelɪŋ">Dwelling</w>
         <c> </c>
         <w xml:id="o4672-045780"
            n="o4672/0024-a-1390"
            ecep:lem="place"
            ecep:pos="n1"
            ecep:reg="Place"
            ecep:spe="Place"
            ecep:syllab="1"
            ecep:pron="pleɪs">Place</w>
         <c> </c>
         <w xml:id="o4672-045790"
            n="o4672/0024-a-1400"
            ecep:lem="of"
            ecep:pos="pp-f"
            ecep:reg="of"
            ecep:spe="of"
            ecep:syllab="1"
            ecep:pron="ɒv">of</w>
         <c> </c>
         <w xml:id="o4672-045800"
            n="o4672/0024-a-1410"
            ecep:lem="worm"
            ecep:pos="n2"
            ecep:reg="Worms"
            ecep:spe="Worms"
            ecep:syllab="1"
            ecep:pron="wɜːmz">Worms</w>
         <pc xml:id="o4672-045810"
             n="o4672/0024-a-1420"
             unit="sentence"
             ecep:lem="."
             ecep:pos="."
             ecep:reg="."
             ecep:spe=".">.</pc>
         <c> </c>
      </l>
   </lg>
   <pb facs="o4672/0025" n="6" rend="none"/>
   <lg n="7" xml:id="o4672-s00195">
      <head>
         <w xml:id="o4672-045850"
            n="o4672/0025-a-0010"
            ecep:lem="vii"
            ecep:pos="crd"
            ecep:reg="VII"
            ecep:spe="VII"
            ecep:syllab="1"
            ecep:pron="rˌəʊmənsˈevən">VII</w>
         <pc xml:id="o4672-045860"
             n="o4672/0025-a-0020"
             unit="sentence"
             ecep:lem="."
             ecep:pos="."
             ecep:reg="."
             ecep:spe=".">.</pc>
      </head>
      <l xml:id="o4672-l00395">
         <w xml:id="o4672-045880"
            n="o4672/0025-a-0030"
            ecep:lem="then"
            ecep:pos="av"
            ecep:reg="Then"
            ecep:spe="Then"
            ecep:syllab="1"
            ecep:pron="ðen">Then</w>
         <c> </c>
         <w xml:id="o4672-045890"
            n="o4672/0025-a-0040"
            ecep:lem="how"
            ecep:pos="q-crq"
            ecep:reg="how"
            ecep:spe="how"
            ecep:syllab="1"
            ecep:pron="haʊ">how</w>
         <c> </c>
         <w xml:id="o4672-045900"
            n="o4672/0025-a-0050"
            ecep:lem="shall"
            ecep:pos="vmb"
            ecep:reg="shall"
            ecep:spe="shall"
            ecep:syllab="1"
            ecep:pron="ʃæl">shall</w>
         <c> </c>
         <w xml:id="o4672-045910"
            n="o4672/0025-a-0060"
            ecep:lem="tremble"
            ecep:pos="j-vvg"
            ecep:reg="trembling"
            ecep:spe="trembling"
            ecep:syllab="2"
            ecep:pron="ˈtremblɪŋ">trembling</w>
         <c> </c>
         <w xml:id="o4672-045920"
            n="o4672/0025-a-0070"
            ecep:lem="mortal"
            ecep:pos="n2-jn"
            ecep:reg="Mortals"
            ecep:spe="Mortals"
            ecep:syllab="2"
            ecep:pron="ˈmɔːtlz">Mortals</w>
         <c> </c>
         <w xml:id="o4672-045930"
            n="o4672/0025-a-0080"
            ecep:lem="dare"
            ecep:pos="vvb"
            ecep:reg="dare"
            ecep:spe="dare"
            ecep:syllab="1"
            ecep:pron="deə">dare</w>
      </l>
      <l xml:id="o4672-l00400">
         <c> </c>
         <w xml:id="o4672-045940"
            n="o4672/0025-a-0090"
            ecep:lem="to"
            ecep:pos="pc-acp"
            ecep:reg="To"
            ecep:spe="To"
            ecep:syllab="1"
            ecep:pron="tuː">To</w>
         <c> </c>
         <w xml:id="o4672-045950"
            n="o4672/0025-a-0100"
            ecep:lem="sing"
            ecep:pos="vvi"
            ecep:reg="sing"
            ecep:spe="sing"
            ecep:syllab="1"
            ecep:pron="sɪŋ">sing</w>
         <c> </c>
         <w xml:id="o4672-045960"
            n="o4672/0025-a-0110"
            ecep:lem="thy"
            ecep:pos="po21"
            ecep:reg="thy"
            ecep:spe="thy"
            ecep:syllab="1"
            ecep:pron="ðaɪ">thy</w>
         <c> </c>
         <w xml:id="o4672-045970"
            n="o4672/0025-a-0120"
            ecep:lem="glory"
            ecep:pos="n1"
            ecep:reg="Glory"
            ecep:spe="Glory"
            ecep:syllab="2"
            ecep:pron="ˈglɔːri">Glory</w>
         <c> </c>
         <w xml:id="o4672-045980"
            n="o4672/0025-a-0130"
            ecep:lem="or"
            ecep:pos="cc"
            ecep:reg="or"
            ecep:spe="or"
            ecep:syllab="1"
            ecep:pron="ɔː">or</w>
         <c> </c>
         <w xml:id="o4672-045990"
            n="o4672/0025-a-0140"
            ecep:lem="thy"
            ecep:pos="po21"
            ecep:reg="thy"
            ecep:spe="thy"
            ecep:syllab="1"
            ecep:pron="ðaɪ">thy</w>
         <c> </c>
         <w xml:id="o4672-046000"
            n="o4672/0025-a-0150"
            ecep:lem="grace"
            ecep:pos="n1"
            ecep:reg="Grace"
            ecep:spe="Grace"
            ecep:syllab="1"
            ecep:pron="greɪs">Grace</w>
         <pc xml:id="o4672-046010"
             n="o4672/0025-a-0160"
             ecep:lem=";"
             ecep:pos=";"
             ecep:reg=";"
             ecep:spe=";">;</pc>
      </l>
      <l xml:id="o4672-l00405">
         <c> </c>
         <w xml:id="o4672-046020"
            n="o4672/0025-a-0170"
            ecep:lem="beneath"
            ecep:pos="p-acp"
            ecep:reg="Beneath"
            ecep:spe="Beneath"
            ecep:syllab="2"
            ecep:pron="bɪˈniːθ">Beneath</w>
         <c> </c>
         <w xml:id="o4672-046030"
            n="o4672/0025-a-0180"
            ecep:lem="thy"
            ecep:pos="po21"
            ecep:reg="thy"
            ecep:spe="thy"
            ecep:syllab="1"
            ecep:pron="ðaɪ">thy</w>
         <c> </c>
         <w xml:id="o4672-046040"
            n="o4672/0025-a-0190"
            ecep:lem="foot"
            ecep:pos="n2"
            ecep:reg="Feet"
            ecep:spe="Feet"
            ecep:syllab="1"
            ecep:pron="fiːt">Feet</w>
         <c> </c>
         <w xml:id="o4672-046050"
            n="o4672/0025-a-0200"
            ecep:lem="we"
            ecep:pos="pns12"
            ecep:reg="we"
            ecep:spe="we"
            ecep:syllab="1"
            ecep:pron="wiː">we</w>
         <c> </c>
         <w xml:id="o4672-046060"
            n="o4672/0025-a-0210"
            ecep:lem="lie"
            ecep:pos="vvb"
            ecep:reg="lie"
            ecep:spe="lie"
            ecep:syllab="1"
            ecep:pron="laɪ">lie</w>
         <c> </c>
         <w xml:id="o4672-046070"
            n="o4672/0025-a-0220"
            ecep:lem="so"
            ecep:pos="av"
            ecep:reg="so"
            ecep:spe="so"
            ecep:syllab="1"
            ecep:pron="səʊ">so</w>
         <c> </c>
         <w xml:id="o4672-046080"
            n="o4672/0025-a-0230"
            ecep:lem="far"
            ecep:pos="av-j"
            ecep:reg="far"
            ecep:spe="far"
            ecep:syllab="1"
            ecep:pron="fɑː">far</w>
         <pc xml:id="o4672-046090"
             n="o4672/0025-a-0240"
             ecep:lem=","
             ecep:pos=","
             ecep:reg=","
             ecep:spe=",">,</pc>
      </l>
      <l xml:id="o4672-l00410">
         <c> </c>
         <w xml:id="o4672-046100"
            n="o4672/0025-a-0250"
            ecep:lem="and"
            ecep:pos="cc"
            ecep:reg="And"
            ecep:spe="And"
            ecep:syllab="1"
            ecep:pron="ænd">And</w>
         <c> </c>
         <w xml:id="o4672-046110"
            n="o4672/0025-a-0260"
            ecep:lem="see"
            ecep:pos="vvi"
            ecep:reg="see"
            ecep:spe="see"
            ecep:syllab="1"
            ecep:pron="siː">see</w>
         <c> </c>
         <w xml:id="o4672-046120"
            n="o4672/0025-a-0270"
            ecep:lem="but"
            ecep:pos="p-acp"
            ecep:reg="but"
            ecep:spe="but"
            ecep:syllab="1"
            ecep:pron="bʌt">but</w>
         <c> </c>
         <w xml:id="o4672-046130"
            n="o4672/0025-a-0280"
            ecep:lem="shadow"
            ecep:pos="n2"
            ecep:reg="Shadows"
            ecep:spe="Shadows"
            ecep:syllab="2"
            ecep:pron="ˈʃædəʊz">Shadows</w>
         <c> </c>
         <w xml:id="o4672-046140"
            n="o4672/0025-a-0290"
            ecep:lem="of"
            ecep:pos="pp-f"
            ecep:reg="of"
            ecep:spe="of"
            ecep:syllab="1"
            ecep:pron="ɒv">of</w>
         <c> </c>
         <w xml:id="o4672-046150"
            n="o4672/0025-a-0300"
            ecep:lem="thy"
            ecep:pos="po21"
            ecep:reg="thy"
            ecep:spe="thy"
            ecep:syllab="1"
            ecep:pron="ðaɪ">thy</w>
         <c> </c>
         <w xml:id="o4672-046160"
            n="o4672/0025-a-0310"
            ecep:lem="face"
            ecep:pos="n1"
            ecep:reg="Face"
            ecep:spe="Face"
            ecep:syllab="1"
            ecep:pron="feɪs">Face</w>
         <pc xml:id="o4672-046170"
             n="o4672/0025-a-0320"
             unit="sentence"
             ecep:lem="?"
             ecep:pos="?"
             ecep:reg="?"
             ecep:spe="?">?</pc>
         <c> </c>
      </l>
   </lg>
   <lg n="8" xml:id="o4672-s00200">
      <head>
         <w xml:id="o4672-046210"
            n="o4672/0025-a-0330"
            ecep:lem="viii"
            ecep:pos="crd"
            ecep:reg="VIII"
            ecep:spe="VIII"
            ecep:syllab="1"
            ecep:pron="rˌəʊmənˈeɪt">VIII</w>
         <pc xml:id="o4672-046220"
             n="o4672/0025-a-0340"
             unit="sentence"
             ecep:lem="."
             ecep:pos="."
             ecep:reg="."
             ecep:spe=".">.</pc>
      </head>
      <l xml:id="o4672-l00415">
         <w xml:id="o4672-046240"
            n="o4672/0025-a-0350"
            ecep:lem="who"
            ecep:pos="q-crq"
            ecep:reg="Who"
            ecep:spe="Who"
            ecep:syllab="1"
            ecep:pron="huː">Who</w>
         <c> </c>
         <w xml:id="o4672-046250"
            n="o4672/0025-a-0360"
            ecep:lem="can"
            ecep:pos="vmb"
            ecep:reg="can"
            ecep:spe="can"
            ecep:syllab="1"
            ecep:pron="kæn">can</w>
         <c> </c>
         <w xml:id="o4672-046260"
            n="o4672/0025-a-0370"
            ecep:lem="behold"
            ecep:pos="vvi"
            ecep:reg="behold"
            ecep:spe="behold"
            ecep:syllab="2"
            ecep:pron="bɪˈhəʊld">behold</w>
         <c> </c>
         <w xml:id="o4672-046270"
            n="o4672/0025-a-0380"
            ecep:lem="the"
            ecep:pos="dt"
            ecep:reg="the"
            ecep:spe="the"
            ecep:syllab="1"
            ecep:pron="ðiː">the</w>
         <c> </c>
         <w xml:id="o4672-046280"
            n="o4672/0025-a-0390"
            ecep:lem="blaze"
            ecep:pos="j-vvg"
            ecep:reg="Blazing"
            ecep:spe="Blazing"
            ecep:syllab="2"
            ecep:pron="bleɪzɪŋ">Blazing</w>
         <c> </c>
         <w xml:id="o4672-046290"
            n="o4672/0025-a-0400"
            ecep:lem="light"
            ecep:pos="n1"
            ecep:reg="Light"
            ecep:spe="Light"
            ecep:syllab="1"
            ecep:pron="laɪt">Light</w>
         <pc xml:id="o4672-046300"
             n="o4672/0025-a-0410"
             unit="sentence"
             ecep:lem="?"
             ecep:pos="?"
             ecep:reg="?"
             ecep:spe="?">?</pc>
         <c> </c>
      </l>
      <l xml:id="o4672-l00420">
         <w xml:id="o4672-046310"
            n="o4672/0025-a-0420"
            ecep:lem="who"
            ecep:pos="q-crq"
            ecep:reg="Who"
            ecep:spe="Who"
            ecep:syllab="1"
            ecep:pron="huː">Who</w>
         <c> </c>
         <w xml:id="o4672-046320"
            n="o4672/0025-a-0430"
            ecep:lem="can"
            ecep:pos="vmb"
            ecep:reg="can"
            ecep:spe="can"
            ecep:syllab="1"
            ecep:pron="kæn">can</w>
         <c> </c>
         <w xml:id="o4672-046330"
            n="o4672/0025-a-0440"
            ecep:lem="approach"
            ecep:pos="vvi"
            ecep:reg="approach"
            ecep:spe="approach"
            ecep:syllab="2"
            ecep:pron="əˈprəʊtʃ">approach</w>
         <c> </c>
         <w xml:id="o4672-046340"
            n="o4672/0025-a-0450"
            ecep:lem="consume"
            ecep:pos="j-vvg"
            ecep:reg="Consuming"
            ecep:spe="Consuming"
            ecep:syllab="3"
            ecep:pron="kənˈsjuːmɪŋ">Consuming</w>
         <c> </c>
         <w xml:id="o4672-046350"
            n="o4672/0025-a-0460"
            ecep:lem="flame"
            ecep:pos="n1"
            ecep:reg="Flame"
            ecep:spe="Flame"
            ecep:syllab="1"
            ecep:pron="fleɪm">Flame</w>
         <pc xml:id="o4672-046360"
             n="o4672/0025-a-0470"
             unit="sentence"
             ecep:lem="?"
             ecep:pos="?"
             ecep:reg="?"
             ecep:spe="?">?</pc>
         <c> </c>
      </l>
      <l xml:id="o4672-l00425">
         <w xml:id="o4672-046370"
            n="o4672/0025-a-0480"
            ecep:lem="none"
            ecep:pos="pix"
            ecep:reg="None"
            ecep:spe="None"
            ecep:syllab="1"
            ecep:pron="nəʊn">None</w>
         <c> </c>
         <w xml:id="o4672-046380"
            n="o4672/0025-a-0490"
            ecep:lem="but"
            ecep:pos="p-acp"
            ecep:reg="but"
            ecep:spe="but"
            ecep:syllab="1"
            ecep:pron="bʌt">but</w>
         <c> </c>
         <w xml:id="o4672-046390"
            n="o4672/0025-a-0500"
            ecep:lem="thy"
            ecep:pos="po21"
            ecep:reg="thy"
            ecep:spe="thy"
            ecep:syllab="1"
            ecep:pron="ðaɪ">thy</w>
         <c> </c>
         <w xml:id="o4672-046400"
            n="o4672/0025-a-0510"
            ecep:lem="wisdom"
            ecep:pos="n1"
            ecep:reg="Wisdom"
            ecep:spe="Wisdom"
            ecep:syllab="2"
            ecep:pron="ˈwɪzdəm">Wisdom</w>
         <c> </c>
         <w xml:id="o4672-046410"
            n="o4672/0025-a-0520"
            ecep:lem="know"
            ecep:pos="vvz"
            ecep:reg="knows"
            ecep:spe="knows"
            ecep:syllab="1"
            ecep:pron="nəʊz">knows</w>
         <c> </c>
         <w xml:id="o4672-046420"
            n="o4672/0025-a-0530"
            ecep:lem="thy"
            ecep:pos="po21"
            ecep:reg="thy"
            ecep:spe="thy"
            ecep:syllab="1"
            ecep:pron="ðaɪ">thy</w>
         <c> </c>
         <w xml:id="o4672-046430"
            n="o4672/0025-a-0540"
            ecep:lem="may"
            ecep:pos="vmd"
            ecep:reg="Might"
            ecep:spe="Might"
            ecep:syllab="1"
            ecep:pron="maɪt">Might</w>
         <pc xml:id="o4672-046440"
             n="o4672/0025-a-0550"
             ecep:lem=";"
             ecep:pos=";"
             ecep:reg=";"
             ecep:spe=";">;</pc>
      </l>
      <l xml:id="o4672-l00430">
         <c> </c>
         <w xml:id="o4672-046450"
            n="o4672/0025-a-0560"
            ecep:lem="none"
            ecep:pos="pix"
            ecep:reg="None"
            ecep:spe="None"
            ecep:syllab="1"
            ecep:pron="nəʊn">None</w>
         <c> </c>
         <w xml:id="o4672-046460"
            n="o4672/0025-a-0570"
            ecep:lem="but"
            ecep:pos="cc-acp"
            ecep:reg="but"
            ecep:spe="but"
            ecep:syllab="1"
            ecep:pron="bʌt">but</w>
         <c> </c>
         <w xml:id="o4672-046470"
            n="o4672/0025-a-0580"
            ecep:lem="thy"
            ecep:pos="po21"
            ecep:reg="thy"
            ecep:spe="thy"
            ecep:syllab="1"
            ecep:pron="ðaɪ">thy</w>
         <c> </c>
         <w xml:id="o4672-046480"
            n="o4672/0025-a-0590"
            ecep:lem="word"
            ecep:pos="n1"
            ecep:reg="Word"
            ecep:spe="Word"
            ecep:syllab="1"
            ecep:pron="wɜːd">Word</w>
         <c> </c>
         <w xml:id="o4672-046490"
            n="o4672/0025-a-0600"
            ecep:lem="can"
            ecep:pos="vmb"
            ecep:reg="can"
            ecep:spe="can"
            ecep:syllab="1"
            ecep:pron="kæn">can</w>
         <c> </c>
         <w xml:id="o4672-046500"
            n="o4672/0025-a-0610"
            ecep:lem="speak"
            ecep:pos="vvi"
            ecep:reg="speak"
            ecep:spe="speak"
            ecep:syllab="1"
            ecep:pron="spiːk">speak</w>
         <c> </c>
         <w xml:id="o4672-046510"
            n="o4672/0025-a-0620"
            ecep:lem="thy"
            ecep:pos="po21"
            ecep:reg="thy"
            ecep:spe="thy"
            ecep:syllab="1"
            ecep:pron="ðaɪ">thy</w>
         <c> </c>
         <w xml:id="o4672-046520"
            n="o4672/0025-a-0630"
            ecep:lem="name"
            ecep:pos="n1"
            ecep:reg="Name"
            ecep:spe="Name"
            ecep:syllab="1"
            ecep:pron="neɪm">Name</w>
         <pc xml:id="o4672-046530"
             n="o4672/0025-a-0640"
             unit="sentence"
             ecep:lem="."
             ecep:pos="."
             ecep:reg="."
             ecep:spe=".">.</pc>
         <c> </c>
      </l>
   </lg>
</div>
