<?xml version="1.0" encoding="utf-8"?>
<!DOCTYPE div
  SYSTEM "about:legacy-compat">
<div xmlns:ecep="http://www.eighteenthcenturypoetry.org/ns"
     xmlns="http://www.tei-c.org/ns/1.0"
     xmlns:tei="http://www.tei-c.org/ns/1.0"
     ana="#iamb #pentameter #sonnet"
     corresp="#txt_SmitCh1749_w0056"
     decls="#semi-normalized"
     ecep:syllab="10"
     met="-+|-+|-+|-+|-+/"
     n="55"
     rendition="#lgvspace"
     rhyme="ababcddcefefgg"
     subtype="eceptext"
     type="sonnet"
     xml:id="n22cs-w0550">
   <link target="authors.xml#aut_SmitCh1749" type="author"/>
   <head type="main">
      <w xml:id="n22cs-121350"
         n="0076-a-0010"
         ecep:lem="sonnet"
         ecep:pos="n1"
         ecep:reg="SONNET"
         ecep:spe="SONNET"
         ecep:syllab="2"
         ecep:pron="ˈsɒnɪt">SONNET</w>
      <c> </c>
      <supplied>55</supplied>
      <c> </c>
      <w xml:id="n22cs-121360"
         n="0076-a-0020"
         ecep:lem="LV."
         ecep:pos="np1"
         ecep:reg="LV."
         ecep:spe="LV."
         ecep:syllab="1"
         ecep:pron="ˌelvˈiː">LV.</w>
      <c> </c>
      <hi>
         <w xml:id="n22cs-121370"
            n="0076-a-0030"
            ecep:lem="the"
            ecep:pos="dt"
            ecep:reg="The"
            ecep:spe="The"
            ecep:syllab="1"
            ecep:pron="ðiː">The</w>
         <c> </c>
         <w xml:id="n22cs-121380"
            n="0076-a-0040"
            ecep:lem="return"
            ecep:pos="n1"
            ecep:reg="Return"
            ecep:spe="Return"
            ecep:syllab="2"
            ecep:pron="rɪˈtɜːn">Return</w>
         <c> </c>
         <w xml:id="n22cs-121390"
            n="0076-a-0050"
            ecep:lem="of"
            ecep:pos="pp-f"
            ecep:reg="of"
            ecep:spe="of"
            ecep:syllab="1"
            ecep:pron="ɒv">of</w>
         <c> </c>
         <w xml:id="n22cs-121400"
            n="0076-a-0060"
            ecep:lem="the"
            ecep:pos="dt"
            ecep:reg="the"
            ecep:spe="the"
            ecep:syllab="1"
            ecep:pron="ðiː">the</w>
         <c> </c>
         <w xml:id="n22cs-121410"
            n="0076-a-0070"
            ecep:lem="nightingale"
            ecep:pos="n1"
            ecep:reg="Nightingale"
            ecep:spe="Nightingale"
            ecep:syllab="3"
            ecep:pron="ˈnaɪtɪŋgeɪl">Nightingale</w>
         <pc xml:id="n22cs-121420"
             n="0076-a-0080"
             unit="sentence"
             ecep:lem="."
             ecep:pos="."
             ecep:reg="."
             ecep:spe=".">.</pc>
         <c> </c>
      </hi>
      <w xml:id="n22cs-121430"
         n="0076-a-0090"
         ecep:lem="write"
         ecep:pos="vvn"
         ecep:reg="Written"
         ecep:spe="Written"
         ecep:syllab="2"
         ecep:pron="ˈrɪtn">Written</w>
      <c> </c>
      <w xml:id="n22cs-121440"
         n="0076-a-0100"
         ecep:lem="in"
         ecep:pos="p-acp"
         ecep:reg="in"
         ecep:spe="in"
         ecep:syllab="1"
         ecep:pron="ɪn">in</w>
      <c> </c>
      <w xml:id="n22cs-121450"
         n="0076-a-0110"
         ecep:lem="may"
         ecep:pos="vmb"
         ecep:reg="May"
         ecep:spe="May"
         ecep:syllab="1"
         ecep:pron="meɪ">May</w>
      <pc xml:id="n22cs-121460"
          n="0076-a-0120"
          ecep:lem=","
          ecep:pos=","
          ecep:reg=","
          ecep:spe=",">,</pc>
      <c> </c>
      <w xml:id="n22cs-121470"
         n="0076-a-0130"
         ecep:lem="1791."
         ecep:pos="crd"
         ecep:reg="1791."
         ecep:spe="1791."
         ecep:syllab="1"
         ecep:pron="wˈɒnθˈaʊzəndsˈevənhˈʌndrədənnˈaɪntiwˈɒn">1791.</w>
      <pc unit="sentence" xml:id="n22cs-121470-eos" n="0076-a-0140"/>
   </head>
   <lg xml:id="n22cs-s00815">
      <l xml:id="n22cs-l03980">
         <w xml:id="n22cs-121500"
            n="0076-a-0150"
            ecep:lem="Borne"
            ecep:pos="np1"
            ecep:reg="BORNE"
            ecep:spe="BORNE"
            ecep:syllab="1"
            ecep:pron="bɔːn">BORNE</w>
         <c> </c>
         <w xml:id="n22cs-121510"
            n="0076-a-0160"
            ecep:lem="on"
            ecep:pos="p-acp"
            ecep:reg="on"
            ecep:spe="on"
            ecep:syllab="1"
            ecep:pron="ɒn">on</w>
         <c> </c>
         <w xml:id="n22cs-121520"
            n="0076-a-0170"
            ecep:lem="the"
            ecep:pos="dt"
            ecep:reg="the"
            ecep:spe="the"
            ecep:syllab="1"
            ecep:pron="ðiː">the</w>
         <c> </c>
         <w xml:id="n22cs-121530"
            n="0076-a-0180"
            ecep:lem="warm"
            ecep:pos="j"
            ecep:reg="warm"
            ecep:spe="warm"
            ecep:syllab="1"
            ecep:pron="wɔːm">warm</w>
         <c> </c>
         <w xml:id="n22cs-121540"
            n="0076-a-0190"
            ecep:lem="wing"
            ecep:pos="n1"
            ecep:reg="wing"
            ecep:spe="wing"
            ecep:syllab="1"
            ecep:pron="wɪŋ">wing</w>
         <c> </c>
         <w xml:id="n22cs-121550"
            n="0076-a-0200"
            ecep:lem="of"
            ecep:pos="pp-f"
            ecep:reg="of"
            ecep:spe="of"
            ecep:syllab="1"
            ecep:pron="ɒv">of</w>
         <c> </c>
         <w xml:id="n22cs-121560"
            n="0076-a-0210"
            ecep:lem="the"
            ecep:pos="dt"
            ecep:reg="the"
            ecep:spe="the"
            ecep:syllab="1"
            ecep:pron="ðiː">the</w>
         <c> </c>
         <w xml:id="n22cs-121570"
            n="0076-a-0220"
            ecep:lem="western"
            ecep:pos="j"
            ecep:reg="western"
            ecep:spe="western"
            ecep:syllab="2"
            ecep:pron="ˈwestən">western</w>
         <c> </c>
         <w xml:id="n22cs-121580"
            n="0076-a-0230"
            ecep:lem="gale"
            ecep:pos="n1"
            ecep:reg="gale"
            ecep:spe="gale"
            ecep:syllab="1"
            ecep:pron="geɪl">gale</w>
         <pc xml:id="n22cs-121590"
             n="0076-a-0240"
             ecep:lem=","
             ecep:pos=","
             ecep:reg=","
             ecep:spe=",">,</pc>
      </l>
      <l xml:id="n22cs-l03985">
         <c> </c>
         <w xml:id="n22cs-121600"
            n="0076-a-0250"
            ecep:lem="how"
            ecep:pos="c-crq"
            ecep:reg="How"
            ecep:spe="How"
            ecep:syllab="1"
            ecep:pron="haʊ">How</w>
         <c> </c>
         <w xml:id="n22cs-121610"
            n="0076-a-0260"
            ecep:lem="tremulous"
            ecep:pos="av-j"
            ecep:reg="tremulously"
            ecep:spe="tremulously"
            ecep:syllab="4"
            ecep:pron="ˈtremjələsli">tremulously</w>
         <c> </c>
         <w xml:id="n22cs-121620"
            n="0076-a-0270"
            ecep:lem="low"
            ecep:pos="j"
            ecep:reg="low"
            ecep:spe="low"
            ecep:syllab="1"
            ecep:pron="ləʊ">low</w>
         <c> </c>
         <w xml:id="n22cs-121630"
            n="0076-a-0280"
            ecep:lem="be"
            ecep:pos="vbz"
            ecep:reg="is"
            ecep:spe="is"
            ecep:syllab="1"
            ecep:pron="ɪz">is</w>
         <c> </c>
         <w xml:id="n22cs-121640"
            n="0076-a-0290"
            ecep:lem="hear"
            ecep:pos="vvn"
            ecep:reg="heard"
            ecep:spe="heard"
            ecep:syllab="1"
            ecep:pron="hɜːd">heard</w>
         <c> </c>
         <w xml:id="n22cs-121650"
            n="0076-a-0300"
            ecep:lem="to"
            ecep:pos="pc-acp"
            ecep:reg="to"
            ecep:spe="to"
            ecep:syllab="1"
            ecep:pron="tuː">to</w>
         <c> </c>
         <w xml:id="n22cs-121660"
            n="0076-a-0310"
            ecep:lem="float"
            ecep:pos="vvi"
            ecep:reg="float"
            ecep:spe="float"
            ecep:syllab="1"
            ecep:pron="fləʊt">float</w>
         <pc xml:id="n22cs-121670"
             n="0076-a-0320"
             ecep:lem=","
             ecep:pos=","
             ecep:reg=","
             ecep:spe=",">,</pc>
      </l>
      <l xml:id="n22cs-l03990">
         <c> </c>
         <w xml:id="n22cs-121680"
            n="0076-a-0330"
            ecep:lem="through"
            ecep:pos="p-acp"
            ecep:reg="Through"
            ecep:spe="Thro'"
            ecep:syllab="1"
            ecep:pron="θruː">Thro'</w>
         <c> </c>
         <w xml:id="n22cs-121690"
            n="0076-a-0340"
            ecep:lem="the"
            ecep:pos="dt"
            ecep:reg="the"
            ecep:spe="the"
            ecep:syllab="1"
            ecep:pron="ðiː">the</w>
         <c> </c>
         <w xml:id="n22cs-121700"
            n="0076-a-0350"
            ecep:lem="green"
            ecep:pos="j-jn"
            ecep:reg="green"
            ecep:spe="green"
            ecep:syllab="1"
            ecep:pron="griːn">green</w>
         <c> </c>
         <w xml:id="n22cs-121710"
            n="0076-a-0360"
            ecep:lem="bud"
            ecep:pos="j-vvg"
            ecep:reg="budding"
            ecep:spe="budding"
            ecep:syllab="2"
            ecep:pron="ˈbʌdɪŋ">budding</w>
         <c> </c>
         <w xml:id="n22cs-121720"
            n="0076-a-0370"
            ecep:lem="thorn"
            ecep:pos="n2"
            ecep:reg="thorns"
            ecep:spe="thorns"
            ecep:syllab="1"
            ecep:pron="θɔːnz">thorns</w>
         <c> </c>
         <w xml:id="n22cs-121730"
            n="0076-a-0380"
            ecep:lem="that"
            ecep:pos="cst"
            ecep:reg="that"
            ecep:spe="that"
            ecep:syllab="1"
            ecep:pron="ðæt">that</w>
         <c> </c>
         <w xml:id="n22cs-121740"
            n="0076-a-0390"
            ecep:lem="fringe"
            ecep:pos="n1"
            ecep:reg="fringe"
            ecep:spe="fringe"
            ecep:syllab="1"
            ecep:pron="frɪndʒ">fringe</w>
         <c> </c>
         <w xml:id="n22cs-121750"
            n="0076-a-0400"
            ecep:lem="the"
            ecep:pos="dt"
            ecep:reg="the"
            ecep:spe="the"
            ecep:syllab="1"
            ecep:pron="ðiː">the</w>
         <c> </c>
         <w xml:id="n22cs-121760"
            n="0076-a-0410"
            ecep:lem="vale"
            ecep:pos="n1"
            ecep:reg="vale"
            ecep:spe="vale"
            ecep:syllab="1"
            ecep:pron="ˈvɑːleɪ">vale</w>
         <pc xml:id="n22cs-121770"
             n="0076-a-0420"
             ecep:lem=","
             ecep:pos=","
             ecep:reg=","
             ecep:spe=",">,</pc>
      </l>
      <l xml:id="n22cs-l03995">
         <c> </c>
         <w xml:id="n22cs-121780"
            n="0076-a-0430"
            ecep:lem="the"
            ecep:pos="dt"
            ecep:reg="The"
            ecep:spe="The"
            ecep:syllab="1"
            ecep:pron="ðiː">The</w>
         <c> </c>
         <w xml:id="n22cs-121790"
            n="0076-a-0440"
            ecep:lem="early"
            ecep:pos="j"
            ecep:reg="early"
            ecep:spe="early"
            ecep:syllab="2"
            ecep:pron="ˈɜːli">early</w>
         <c> </c>
         <w xml:id="n22cs-121800"
            n="0076-a-0450"
            ecep:lem="nightingale"
            ecep:pos="ng1"
            ecep:reg="Nightingale's"
            ecep:spe="Nightingale's"
            ecep:syllab="4"
            ecep:pron="ˈnaɪtɪŋgeɪlz">Nightingale's</w>
         <c> </c>
         <w xml:id="n22cs-121810"
            n="0076-a-0460"
            ecep:lem="prelusive"
            ecep:pos="j"
            ecep:reg="prelusive"
            ecep:spe="prelusive"
            ecep:syllab="3"
            ecep:pron="priˈluːsɪv">prelusive</w>
         <c> </c>
         <w xml:id="n22cs-121820"
            n="0076-a-0470"
            ecep:lem="note"
            ecep:pos="n1"
            ecep:reg="note"
            ecep:spe="note"
            ecep:syllab="1"
            ecep:pron="nəʊt">note</w>
         <pc xml:id="n22cs-121830"
             n="0076-a-0480"
             unit="sentence"
             ecep:lem="."
             ecep:pos="."
             ecep:reg="."
             ecep:spe=".">.</pc>
         <c> </c>
      </l>
      <l xml:id="n22cs-l04000">
         <w xml:id="n22cs-121840"
            n="0076-a-0490"
            ecep:lem="it|be"
            ecep:pos="pn31|vbz"
            ecep:reg="It's"
            ecep:spe="'Tis"
            ecep:syllab="1"
            ecep:pron="tɪz">'Tis</w>
         <c> </c>
         <w xml:id="n22cs-121850"
            n="0076-a-0500"
            ecep:lem="hope"
            ecep:pos="ng1"
            ecep:reg="Hope's"
            ecep:spe="Hope's"
            ecep:syllab="1"
            ecep:pron="həʊpz">Hope's</w>
         <c> </c>
         <w xml:id="n22cs-121860"
            n="0076-a-0510"
            ecep:lem="instinctive"
            ecep:pos="j"
            ecep:reg="instinctive"
            ecep:spe="instinctive"
            ecep:syllab="3"
            ecep:pron="ɪnˈstɪŋtɪv">instinctive</w>
         <c> </c>
         <w xml:id="n22cs-121870"
            n="0076-a-0520"
            ecep:lem="power"
            ecep:pos="n1"
            ecep:reg="power"
            ecep:spe="pow'r"
            ecep:syllab="1"
            ecep:pron="ˈpaʊə">pow'r</w>
         <c> </c>
         <w xml:id="n22cs-121880"
            n="0076-a-0530"
            ecep:lem="that"
            ecep:pos="cst"
            ecep:reg="that"
            ecep:spe="that"
            ecep:syllab="1"
            ecep:pron="ðæt">that</w>
         <pc xml:id="n22cs-121890"
             n="0076-a-0540"
             ecep:lem=","
             ecep:pos=","
             ecep:reg=","
             ecep:spe=",">,</pc>
         <c> </c>
         <w xml:id="n22cs-121900"
            n="0076-a-0550"
            ecep:lem="through"
            ecep:pos="p-acp"
            ecep:reg="through"
            ecep:spe="thro'"
            ecep:syllab="1"
            ecep:pron="θruː">thro'</w>
         <c> </c>
         <w xml:id="n22cs-121910"
            n="0076-a-0560"
            ecep:lem="the"
            ecep:pos="dt"
            ecep:reg="the"
            ecep:spe="the"
            ecep:syllab="1"
            ecep:pron="ðiː">the</w>
         <c> </c>
         <w xml:id="n22cs-121920"
            n="0076-a-0570"
            ecep:lem="grove"
            ecep:pos="n1"
            ecep:reg="grove"
            ecep:spe="grove"
            ecep:syllab="1"
            ecep:pron="grəʊv">grove</w>
         <pc xml:id="n22cs-121930"
             n="0076-a-0580"
             ecep:lem=","
             ecep:pos=","
             ecep:reg=","
             ecep:spe=",">,</pc>
      </l>
      <l xml:id="n22cs-l04005">
         <c> </c>
         <w xml:id="n22cs-121940"
            n="0076-a-0590"
            ecep:lem="tell"
            ecep:pos="vvz"
            ecep:reg="Tells"
            ecep:spe="Tells"
            ecep:syllab="1"
            ecep:pron="telz">Tells</w>
         <c> </c>
         <w xml:id="n22cs-121950"
            n="0076-a-0600"
            ecep:lem="how"
            ecep:pos="c-crq"
            ecep:reg="how"
            ecep:spe="how"
            ecep:syllab="1"
            ecep:pron="haʊ">how</w>
         <c> </c>
         <w xml:id="n22cs-121960"
            n="0076-a-0610"
            ecep:lem="benignant"
            ecep:pos="j"
            ecep:reg="benignant"
            ecep:spe="benignant"
            ecep:syllab="3"
            ecep:pron="bɪˈnɪgnənt">benignant</w>
         <c> </c>
         <w xml:id="n22cs-121970"
            n="0076-a-0620"
            ecep:lem="heaven"
            ecep:pos="n1"
            ecep:reg="Heaven"
            ecep:spe="Heav'n"
            ecep:syllab="1"
            ecep:pron="ˈhevn">Heav'n</w>
         <c> </c>
         <w xml:id="n22cs-121980"
            n="0076-a-0630"
            ecep:lem="revive"
            ecep:pos="vvz"
            ecep:reg="revives"
            ecep:spe="revives"
            ecep:syllab="2"
            ecep:pron="rɪˈvaɪvz">revives</w>
         <c> </c>
         <w xml:id="n22cs-121990"
            n="0076-a-0640"
            ecep:lem="the"
            ecep:pos="dt"
            ecep:reg="the"
            ecep:spe="the"
            ecep:syllab="1"
            ecep:pron="ðiː">the</w>
         <c> </c>
         <w xml:id="n22cs-122000"
            n="0076-a-0650"
            ecep:lem="earth"
            ecep:pos="n1"
            ecep:reg="earth"
            ecep:spe="earth"
            ecep:syllab="1"
            ecep:pron="ɜːθ">earth</w>
         <pc xml:id="n22cs-122010"
             n="0076-a-0660"
             ecep:lem=";"
             ecep:pos=";"
             ecep:reg=";"
             ecep:spe=";">;</pc>
      </l>
      <l xml:id="n22cs-l04010">
         <c> </c>
         <w xml:id="n22cs-122020"
            n="0076-a-0670"
            ecep:lem="it|be"
            ecep:pos="pn31|vbz"
            ecep:reg="It's"
            ecep:spe="'Tis"
            ecep:syllab="1"
            ecep:pron="tɪz">'Tis</w>
         <c> </c>
         <w xml:id="n22cs-122030"
            n="0076-a-0680"
            ecep:lem="the"
            ecep:pos="dt"
            ecep:reg="the"
            ecep:spe="the"
            ecep:syllab="1"
            ecep:pron="ðiː">the</w>
         <c> </c>
         <w xml:id="n22cs-122040"
            n="0076-a-0690"
            ecep:lem="soft"
            ecep:pos="j"
            ecep:reg="soft"
            ecep:spe="soft"
            ecep:syllab="1"
            ecep:pron="sɒft">soft</w>
         <c> </c>
         <w xml:id="n22cs-122050"
            n="0076-a-0700"
            ecep:lem="voice"
            ecep:pos="n1"
            ecep:reg="voice"
            ecep:spe="voice"
            ecep:syllab="1"
            ecep:pron="vɔɪs">voice</w>
         <c> </c>
         <w xml:id="n22cs-122060"
            n="0076-a-0710"
            ecep:lem="of"
            ecep:pos="pp-f"
            ecep:reg="of"
            ecep:spe="of"
            ecep:syllab="1"
            ecep:pron="ɒv">of</w>
         <c> </c>
         <w xml:id="n22cs-122070"
            n="0076-a-0720"
            ecep:lem="young"
            ecep:pos="j"
            ecep:reg="young"
            ecep:spe="young"
            ecep:syllab="1"
            ecep:pron="jʌŋ">young</w>
         <c> </c>
         <w xml:id="n22cs-122080"
            n="0076-a-0730"
            ecep:lem="and"
            ecep:pos="cc"
            ecep:reg="and"
            ecep:spe="and"
            ecep:syllab="1"
            ecep:pron="ænd">and</w>
         <c> </c>
         <w xml:id="n22cs-122090"
            n="0076-a-0740"
            ecep:lem="timid"
            ecep:pos="j"
            ecep:reg="timid"
            ecep:spe="timid"
            ecep:syllab="2"
            ecep:pron="ˈtɪmɪd">timid</w>
         <c> </c>
         <w xml:id="n22cs-122100"
            n="0076-a-0750"
            ecep:lem="love"
            ecep:pos="n1"
            ecep:reg="love"
            ecep:spe="love"
            ecep:syllab="1"
            ecep:pron="lʌv">love</w>
      </l>
      <l xml:id="n22cs-l04015">
         <c> </c>
         <w xml:id="n22cs-122110"
            n="0076-a-0760"
            ecep:lem="that"
            ecep:pos="cst"
            ecep:reg="That"
            ecep:spe="That"
            ecep:syllab="1"
            ecep:pron="ðæt">That</w>
         <c> </c>
         <w xml:id="n22cs-122120"
            n="0076-a-0770"
            ecep:lem="call"
            ecep:pos="vvz"
            ecep:reg="calls"
            ecep:spe="calls"
            ecep:syllab="1"
            ecep:pron="kɔːlz">calls</w>
         <c> </c>
         <w xml:id="n22cs-122130"
            n="0076-a-0780"
            ecep:lem="these"
            ecep:pos="d"
            ecep:reg="these"
            ecep:spe="these"
            ecep:syllab="1"
            ecep:pron="ðiːz">these</w>
         <c> </c>
         <w xml:id="n22cs-122140"
            n="0076-a-0790"
            ecep:lem="melt"
            ecep:pos="j-vvg"
            ecep:reg="melting"
            ecep:spe="melting"
            ecep:syllab="2"
            ecep:pron="meltɪŋ">melting</w>
         <c> </c>
         <w xml:id="n22cs-122150"
            n="0076-a-0800"
            ecep:lem="sound"
            ecep:pos="n2"
            ecep:reg="sounds"
            ecep:spe="sounds"
            ecep:syllab="1"
            ecep:pron="saʊndz">sounds</w>
         <c> </c>
         <w xml:id="n22cs-122160"
            n="0076-a-0810"
            ecep:lem="of"
            ecep:pos="pp-f"
            ecep:reg="of"
            ecep:spe="of"
            ecep:syllab="1"
            ecep:pron="ɒv">of</w>
         <c> </c>
         <w xml:id="n22cs-122170"
            n="0076-a-0820"
            ecep:lem="sweetness"
            ecep:pos="n1"
            ecep:reg="sweetness"
            ecep:spe="sweetness"
            ecep:syllab="2"
            ecep:pron="swiːtnəs">sweetness</w>
         <c> </c>
         <w xml:id="n22cs-122180"
            n="0076-a-0830"
            ecep:lem="forth"
            ecep:pos="av"
            ecep:reg="forth"
            ecep:spe="forth"
            ecep:syllab="1"
            ecep:pron="fɔːθ">forth</w>
         <pc xml:id="n22cs-122190"
             n="0076-a-0840"
             unit="sentence"
             ecep:lem="."
             ecep:pos="."
             ecep:reg="."
             ecep:spe=".">.</pc>
         <c> </c>
      </l>
      <l xml:id="n22cs-l04020">
         <w xml:id="n22cs-122200"
            n="0076-a-0850"
            ecep:lem="with"
            ecep:pos="p-acp"
            ecep:reg="With"
            ecep:spe="With"
            ecep:syllab="1"
            ecep:pron="wɪð">With</w>
         <c> </c>
         <w xml:id="n22cs-122210"
            n="0076-a-0860"
            ecep:lem="transport"
            ecep:pos="n1"
            ecep:reg="transport"
            ecep:spe="transport"
            ecep:syllab="2"
            ecep:pron="ˈtrænspɔːt">transport</w>
         <pc xml:id="n22cs-122220"
             n="0076-a-0870"
             ecep:lem=","
             ecep:pos=","
             ecep:reg=","
             ecep:spe=",">,</pc>
         <c> </c>
         <w xml:id="n22cs-122230"
            n="0076-a-0880"
            ecep:lem="once"
            ecep:pos="a-acp"
            ecep:reg="once"
            ecep:spe="once"
            ecep:syllab="1"
            ecep:pron="wʌns">once</w>
         <pc xml:id="n22cs-122240"
             n="0076-a-0890"
             ecep:lem=","
             ecep:pos=","
             ecep:reg=","
             ecep:spe=",">,</pc>
         <c> </c>
         <w xml:id="n22cs-122250"
            n="0076-a-0900"
            ecep:lem="sweet"
            ecep:pos="j"
            ecep:reg="sweet"
            ecep:spe="sweet"
            ecep:syllab="1"
            ecep:pron="swiːt">sweet</w>
         <c> </c>
         <w xml:id="n22cs-122260"
            n="0076-a-0910"
            ecep:lem="bird"
            ecep:pos="n1"
            ecep:reg="bird"
            ecep:spe="bird"
            ecep:syllab="1"
            ecep:pron="bɜːd">bird</w>
         <pc xml:id="n22cs-122270"
             n="0076-a-0920"
             unit="sentence"
             ecep:lem="!"
             ecep:pos="!"
             ecep:reg="!"
             ecep:spe="!">!</pc>
         <c> </c>
         <w xml:id="n22cs-122280"
            n="0076-a-0930"
            ecep:lem="i"
            ecep:pos="pns11"
            ecep:reg="I"
            ecep:spe="I"
            ecep:syllab="1"
            ecep:pron="aɪ">I</w>
         <c> </c>
         <w xml:id="n22cs-122290"
            n="0076-a-0940"
            ecep:lem="hail"
            ecep:pos="vvd"
            ecep:reg="hailed"
            ecep:spe="hail'd"
            ecep:syllab="1"
            ecep:pron="heɪld">hail'd</w>
         <c> </c>
         <w xml:id="n22cs-122300"
            n="0076-a-0950"
            ecep:lem="thy"
            ecep:pos="po21"
            ecep:reg="thy"
            ecep:spe="thy"
            ecep:syllab="1"
            ecep:pron="ðaɪ">thy</w>
         <c> </c>
         <w xml:id="n22cs-122310"
            n="0076-a-0960"
            ecep:lem="lay"
            ecep:pos="n-jn"
            ecep:reg="lay"
            ecep:spe="lay"
            ecep:syllab="1"
            ecep:pron="leɪ">lay</w>
         <pc xml:id="n22cs-122320"
             n="0076-a-0970"
             ecep:lem=","
             ecep:pos=","
             ecep:reg=","
             ecep:spe=",">,</pc>
      </l>
      <l xml:id="n22cs-l04025">
         <c> </c>
         <w xml:id="n22cs-122330"
            n="0076-a-0980"
            ecep:lem="and"
            ecep:pos="cc"
            ecep:reg="And"
            ecep:spe="And"
            ecep:syllab="1"
            ecep:pron="ænd">And</w>
         <c> </c>
         <w xml:id="n22cs-122340"
            n="0076-a-0990"
            ecep:lem="bid"
            ecep:pos="vvd"
            ecep:reg="bade"
            ecep:spe="bade"
            ecep:syllab="1"
            ecep:pron="bæd">bade</w>
         <c> </c>
         <w xml:id="n22cs-122350"
            n="0076-a-1000"
            ecep:lem="thou"
            ecep:pos="pno21"
            ecep:reg="thee"
            ecep:spe="thee"
            ecep:syllab="1"
            ecep:pron="ðiː">thee</w>
         <c> </c>
         <w xml:id="n22cs-122360"
            n="0076-a-1010"
            ecep:lem="welome"
            ecep:pos="av"
            ecep:reg="welome"
            ecep:spe="welome"
            ecep:syllab="2"
            ecep:pron="wˈeləʊm">welome</w>
         <c> </c>
         <w xml:id="n22cs-122370"
            n="0076-a-1020"
            ecep:lem="to"
            ecep:pos="p-acp"
            ecep:reg="to"
            ecep:spe="to"
            ecep:syllab="1"
            ecep:pron="tuː">to</w>
         <c> </c>
         <w xml:id="n22cs-122380"
            n="0076-a-1030"
            ecep:lem="our"
            ecep:pos="po12"
            ecep:reg="our"
            ecep:spe="our"
            ecep:syllab="1"
            ecep:pron="æə">our</w>
         <c> </c>
         <w xml:id="n22cs-122390"
            n="0076-a-1040"
            ecep:lem="shade"
            ecep:pos="n2"
            ecep:reg="shades"
            ecep:spe="shades"
            ecep:syllab="1"
            ecep:pron="ʃeɪdz">shades</w>
         <c> </c>
         <w xml:id="n22cs-122400"
            n="0076-a-1050"
            ecep:lem="again"
            ecep:pos="av"
            ecep:reg="again"
            ecep:spe="again"
            ecep:syllab="2"
            ecep:pron="əˈgen">again</w>
         <pc xml:id="n22cs-122410"
             n="0076-a-1060"
             ecep:lem=","
             ecep:pos=","
             ecep:reg=","
             ecep:spe=",">,</pc>
      </l>
      <l xml:id="n22cs-l04030">
         <c> </c>
         <w xml:id="n22cs-122420"
            n="0076-a-1070"
            ecep:lem="to"
            ecep:pos="pc-acp"
            ecep:reg="To"
            ecep:spe="To"
            ecep:syllab="1"
            ecep:pron="tuː">To</w>
         <c> </c>
         <w xml:id="n22cs-122430"
            n="0076-a-1080"
            ecep:lem="charm"
            ecep:pos="vvi"
            ecep:reg="charm"
            ecep:spe="charm"
            ecep:syllab="1"
            ecep:pron="tʃɑːm">charm</w>
         <c> </c>
         <w xml:id="n22cs-122440"
            n="0076-a-1090"
            ecep:lem="the"
            ecep:pos="dt"
            ecep:reg="the"
            ecep:spe="the"
            ecep:syllab="1"
            ecep:pron="ðiː">the</w>
         <c> </c>
         <w xml:id="n22cs-122450"
            n="0076-a-1100"
            ecep:lem="wander"
            ecep:pos="j-vvg"
            ecep:reg="wandering"
            ecep:spe="wand'ring"
            ecep:syllab="2"
            ecep:pron="ˈwɒndrɪŋ">wand'ring</w>
         <c> </c>
         <w xml:id="n22cs-122460"
            n="0076-a-1110"
            ecep:lem="poet"
            ecep:pos="ng1"
            ecep:reg="poet's"
            ecep:spe="poet's"
            ecep:syllab="2"
            ecep:pron="ˈpəʊɪts">poet's</w>
         <c> </c>
         <w xml:id="n22cs-122470"
            n="0076-a-1120"
            ecep:lem="pensive"
            ecep:pos="j"
            ecep:reg="pensive"
            ecep:spe="pensive"
            ecep:syllab="2"
            ecep:pron="ˈpensɪv">pensive</w>
         <c> </c>
         <w xml:id="n22cs-122480"
            n="0076-a-1130"
            ecep:lem="way"
            ecep:pos="n1"
            ecep:reg="way"
            ecep:spe="way"
            ecep:syllab="1"
            ecep:pron="weɪ">way</w>
         <pc xml:id="n22cs-122490"
             n="0076-a-1140"
             ecep:lem=","
             ecep:pos=","
             ecep:reg=","
             ecep:spe=",">,</pc>
      </l>
      <l xml:id="n22cs-l04035">
         <c> </c>
         <w xml:id="n22cs-122500"
            n="0076-a-1150"
            ecep:lem="and"
            ecep:pos="cc"
            ecep:reg="And"
            ecep:spe="And"
            ecep:syllab="1"
            ecep:pron="ænd">And</w>
         <c> </c>
         <w xml:id="n22cs-122510"
            n="0076-a-1160"
            ecep:lem="soothe"
            ecep:pos="vvi"
            ecep:reg="sooth"
            ecep:spe="soothe"
            ecep:syllab="1"
            ecep:pron="suːð">soothe</w>
         <c> </c>
         <w xml:id="n22cs-122520"
            n="0076-a-1170"
            ecep:lem="the"
            ecep:pos="dt"
            ecep:reg="the"
            ecep:spe="the"
            ecep:syllab="1"
            ecep:pron="ðiː">the</w>
         <c> </c>
         <w xml:id="n22cs-122530"
            n="0076-a-1180"
            ecep:lem="solitary"
            ecep:pos="j"
            ecep:reg="solitary"
            ecep:spe="solitary"
            ecep:syllab="4"
            ecep:pron="ˈsɒlɪtri">solitary</w>
         <c> </c>
         <w xml:id="n22cs-122540"
            n="0076-a-1190"
            ecep:lem="lover"
            ecep:pos="ng1"
            ecep:reg="lover's"
            ecep:spe="lover's"
            ecep:syllab="2"
            ecep:pron="ˈlʌvəz">lover's</w>
         <c> </c>
         <w xml:id="n22cs-122550"
            n="0076-a-1200"
            ecep:lem="pain"
            ecep:pos="n1"
            ecep:reg="pain"
            ecep:spe="pain"
            ecep:syllab="1"
            ecep:pron="peɪn">pain</w>
         <pc xml:id="n22cs-122560"
             n="0076-a-1210"
             ecep:lem=";"
             ecep:pos=";"
             ecep:reg=";"
             ecep:spe=";">;</pc>
      </l>
      <l xml:id="n22cs-l04040">
         <c> </c>
         <w xml:id="n22cs-122570"
            n="0076-a-1220"
            ecep:lem="but"
            ecep:pos="cc-acp"
            ecep:reg="But"
            ecep:spe="But"
            ecep:syllab="1"
            ecep:pron="bʌt">But</w>
         <c> </c>
         <w xml:id="n22cs-122580"
            n="0076-a-1230"
            ecep:lem="now"
            ecep:pos="av"
            ecep:reg="now"
            ecep:spe="now"
            ecep:syllab="1"
            ecep:pron="naʊ">now</w>
         <pc xml:id="n22cs-122590"
             n="0076-a-1240"
             ecep:lem="!"
             ecep:pos="!"
             ecep:reg="!"
             ecep:spe="!">!</pc>
         <c> </c>
         <pc xml:id="n22cs-122600"
             n="0076-a-1250"
             ecep:lem="—"
             ecep:pos="—"
             ecep:reg="—"
             ecep:spe="—">—</pc>
         <c> </c>
         <w xml:id="n22cs-122610"
            n="0076-a-1260"
            ecep:lem="such"
            ecep:pos="d"
            ecep:reg="such"
            ecep:spe="such"
            ecep:syllab="1"
            ecep:pron="sʌtʃ">such</w>
         <c> </c>
         <w xml:id="n22cs-122620"
            n="0076-a-1270"
            ecep:lem="evil"
            ecep:pos="n2-jn"
            ecep:reg="evils"
            ecep:spe="evils"
            ecep:syllab="2"
            ecep:pron="ˈiːvlz">evils</w>
         <c> </c>
         <w xml:id="n22cs-122630"
            n="0076-a-1280"
            ecep:lem="in"
            ecep:pos="p-acp"
            ecep:reg="in"
            ecep:spe="in"
            ecep:syllab="1"
            ecep:pron="ɪn">in</w>
         <c> </c>
         <w xml:id="n22cs-122640"
            n="0076-a-1290"
            ecep:lem="my"
            ecep:pos="po11"
            ecep:reg="my"
            ecep:spe="my"
            ecep:syllab="1"
            ecep:pron="maɪ">my</w>
         <c> </c>
         <w xml:id="n22cs-122650"
            n="0076-a-1300"
            ecep:lem="lot"
            ecep:pos="n1"
            ecep:reg="lot"
            ecep:spe="lot"
            ecep:syllab="1"
            ecep:pron="lɒt">lot</w>
         <c> </c>
         <w xml:id="n22cs-122660"
            n="0076-a-1310"
            ecep:lem="combine"
            ecep:pos="vvi"
            ecep:reg="combine"
            ecep:spe="combine"
            ecep:syllab="2"
            ecep:pron="ˈkɒmbaɪn">combine</w>
         <pc xml:id="n22cs-122670"
             n="0076-a-1320"
             ecep:lem=","
             ecep:pos=","
             ecep:reg=","
             ecep:spe=",">,</pc>
      </l>
      <l ana="#iamb #hexameter"
         ecep:syllab="12"
         real="-+|-+|-+||-+|-+|-+/"
         xml:id="n22cs-l04045">
         <c> </c>
         <w xml:id="n22cs-122680"
            n="0076-a-1330"
            ecep:lem="as"
            ecep:pos="c-acp"
            ecep:reg="As"
            ecep:spe="As"
            ecep:syllab="1"
            ecep:pron="æz">As</w>
         <c> </c>
         <w xml:id="n22cs-122690"
            n="0076-a-1340"
            ecep:lem="shut"
            ecep:pos="vvn"
            ecep:reg="shut"
            ecep:spe="shut"
            ecep:syllab="1"
            ecep:pron="ʃʌt">shut</w>
         <c> </c>
         <w xml:id="n22cs-122700"
            n="0076-a-1350"
            ecep:lem="my"
            ecep:pos="po11"
            ecep:reg="my"
            ecep:spe="my"
            ecep:syllab="1"
            ecep:pron="maɪ">my</w>
         <c> </c>
         <w xml:id="n22cs-122710"
            n="0076-a-1360"
            ecep:lem="languid"
            ecep:pos="j"
            ecep:reg="languid"
            ecep:spe="languid"
            ecep:syllab="2"
            ecep:pron="ˈlæŋgwɪd">languid</w>
         <c> </c>
         <w xml:id="n22cs-122720"
            n="0076-a-1370"
            ecep:lem="sense"
            ecep:pos="n1"
            ecep:reg="sense"
            ecep:spe="sense"
            ecep:syllab="1"
            ecep:pron="sens">sense</w>
         <pc xml:id="n22cs-122730"
             n="0076-a-1380"
             ecep:lem=","
             ecep:pos=","
             ecep:reg=","
             ecep:spe=",">,</pc>
         <c> </c>
         <w xml:id="n22cs-122740"
            n="0076-a-1390"
            ecep:lem="to"
            ecep:pos="p-acp"
            ecep:reg="to"
            ecep:spe="to"
            ecep:syllab="1"
            ecep:pron="tuː">to</w>
         <c> </c>
         <w xml:id="n22cs-122750"
            n="0076-a-1400"
            ecep:lem="hope"
            ecep:pos="ng1"
            ecep:reg="Hope's"
            ecep:spe="Hope's"
            ecep:syllab="1"
            ecep:pron="həʊpz">Hope's</w>
         <c> </c>
         <w xml:id="n22cs-122760"
            n="0076-a-1410"
            ecep:lem="dear"
            ecep:pos="j-jn"
            ecep:reg="dear"
            ecep:spe="dear"
            ecep:syllab="1"
            ecep:pron="dɪə">dear</w>
         <c> </c>
         <w xml:id="n22cs-122770"
            n="0076-a-1420"
            ecep:lem="voice"
            ecep:pos="n1"
            ecep:reg="voice"
            ecep:spe="voice"
            ecep:syllab="1"
            ecep:pron="vɔɪs">voice</w>
         <c> </c>
         <w xml:id="n22cs-122780"
            n="0076-a-1430"
            ecep:lem="and"
            ecep:pos="cc"
            ecep:reg="and"
            ecep:spe="and"
            ecep:syllab="1"
            ecep:pron="ænd">and</w>
         <c> </c>
         <w xml:id="n22cs-122790"
            n="0076-a-1440"
            ecep:lem="thy"
            ecep:pos="po21"
            ecep:reg="thine"
            ecep:spe="thine"
            ecep:syllab="1"
            ecep:pron="ðaɪn">thine</w>
         <pc xml:id="n22cs-122800"
             n="0076-a-1450"
             unit="sentence"
             ecep:lem="."
             ecep:pos="."
             ecep:reg="."
             ecep:spe=".">.</pc>
         <c> </c>
      </l>
   </lg>
</div>
