<?xml version="1.0" encoding="utf-8"?>
<!DOCTYPE div
  SYSTEM "about:legacy-compat">
<div xmlns:tei="http://www.tei-c.org/ns/1.0"
     xmlns="http://www.tei-c.org/ns/1.0"
     xmlns:ecep="http://www.eighteenthcenturypoetry.org/ns"
     ana="#iamb #pentameter #couplet #heroiccouplet #address #pair"
     corresp="#txt_GarrDa1717_w0002"
     ecep:syllab="10"
     met="-+|-+|-+|-+|-+/"
     rendition="#lgvspace"
     rhyme="aa"
     subtype="eceptext"
     type="poem"
     xml:id="o5154-w0490"
     decls="#semi-normalized">
   <link target="authors.xml#aut_GarrDa1717" type="author"/>
   <link target="22544" type="DMI"/>
   <head type="main">
      <w xml:id="o5154-530360"
         n="238-a-0540"
         ecep:lem="to"
         ecep:pos="p-acp"
         ecep:reg="To"
         ecep:spe="To"
         ecep:syllab="1"
         ecep:pron="tuː">To</w>
      <c> </c>
      <w xml:id="o5154-530370"
         n="238-a-0550"
         ecep:lem="the"
         ecep:pos="dt"
         ecep:reg="the"
         ecep:spe="the"
         ecep:syllab="1"
         ecep:pron="ðiː">the</w>
      <c> </c>
      <w xml:id="o5154-530380"
         n="238-a-0560"
         ecep:lem="author"
         ecep:pos="n1"
         ecep:reg="Author"
         ecep:spe="Author"
         ecep:syllab="2"
         ecep:pron="ˈɔːθə">Author</w>
      <c> </c>
      <w xml:id="o5154-530390"
         n="238-a-0570"
         ecep:lem="of"
         ecep:pos="pp-f"
         ecep:reg="of"
         ecep:spe="of"
         ecep:syllab="1"
         ecep:pron="ɒv">of</w>
      <c> </c>
      <w xml:id="o5154-530400"
         n="238-a-0580"
         ecep:lem="the"
         ecep:pos="dt"
         ecep:reg="the"
         ecep:spe="the"
         ecep:syllab="1"
         ecep:pron="ðiː">the</w>
      <c> </c>
      <hi>
         <w xml:id="o5154-530410"
            n="238-a-0590"
            ecep:lem="farmer"
            ecep:pos="ng1"
            ecep:reg="Farmer's"
            ecep:spe="Farmer's"
            ecep:syllab="2"
            ecep:pron="ˈfɑːməz">Farmer's</w>
         <c> </c>
         <w xml:id="o5154-530420"
            n="238-a-0600"
            ecep:lem="letter"
            ecep:pos="n2"
            ecep:reg="Letters"
            ecep:spe="Letters"
            ecep:syllab="2"
            ecep:pron="ˈletəz">Letters</w>
         <pc xml:id="o5154-530430"
             n="238-a-0610"
             ecep:lem=","
             ecep:pos=","
             ecep:reg=","
             ecep:spe=",">,</pc>
      </hi>
      <c> </c>
      <w xml:id="o5154-530440"
         n="238-a-0620"
         ecep:lem="which"
         ecep:pos="r-crq"
         ecep:reg="which"
         ecep:spe="which"
         ecep:syllab="1"
         ecep:pron="wɪtʃ">which</w>
      <c> </c>
      <w xml:id="o5154-530450"
         n="238-a-0630"
         ecep:lem="be"
         ecep:pos="vbdr"
         ecep:reg="were"
         ecep:spe="were"
         ecep:syllab="1"
         ecep:pron="wɜː">were</w>
      <c> </c>
      <w xml:id="o5154-530460"
         n="238-a-0640"
         ecep:lem="write"
         ecep:pos="vvn"
         ecep:reg="written"
         ecep:spe="written"
         ecep:syllab="2"
         ecep:pron="ˈrɪtn">written</w>
      <c> </c>
      <w xml:id="o5154-530470"
         n="238-a-0650"
         ecep:lem="in"
         ecep:pos="p-acp"
         ecep:reg="in"
         ecep:spe="in"
         ecep:syllab="1"
         ecep:pron="ɪn">in</w>
      <c> </c>
      <w xml:id="o5154-530480"
         n="238-a-0660"
         ecep:lem="Ireland"
         ecep:pos="np1"
         ecep:reg="IRELAND"
         ecep:spe="IRELAND"
         ecep:syllab="3"
         ecep:pron="ˈaɪələnd">IRELAND</w>
      <c> </c>
      <w xml:id="o5154-530490"
         n="238-a-0670"
         ecep:lem="in"
         ecep:pos="p-acp"
         ecep:reg="in"
         ecep:spe="in"
         ecep:syllab="1"
         ecep:pron="ɪn">in</w>
      <c> </c>
      <w xml:id="o5154-530500"
         n="238-a-0680"
         ecep:lem="the"
         ecep:pos="dt"
         ecep:reg="the"
         ecep:spe="the"
         ecep:syllab="1"
         ecep:pron="ðiː">the</w>
      <c> </c>
      <w xml:id="o5154-530510"
         n="238-a-0690"
         ecep:lem="year"
         ecep:pos="n1"
         ecep:reg="Year"
         ecep:spe="Year"
         ecep:syllab="1"
         ecep:pron="jɪə">Year</w>
      <c> </c>
      <w xml:id="o5154-530520"
         n="238-a-0700"
         ecep:lem="of"
         ecep:pos="pp-f"
         ecep:reg="of"
         ecep:spe="of"
         ecep:syllab="1"
         ecep:pron="ɒv">of</w>
      <c> </c>
      <w xml:id="o5154-530530"
         n="238-a-0710"
         ecep:lem="the"
         ecep:pos="dt"
         ecep:reg="the"
         ecep:spe="the"
         ecep:syllab="1"
         ecep:pron="ðiː">the</w>
      <c> </c>
      <w xml:id="o5154-530540"
         n="238-a-0720"
         ecep:lem="rebellion"
         ecep:pos="n1"
         ecep:reg="Rebellion"
         ecep:spe="Rebellion"
         ecep:syllab="3"
         ecep:pron="rɪˈbeliən">Rebellion</w>
      <pc xml:id="o5154-530550"
          n="238-a-0730"
          ecep:lem=","
          ecep:pos=","
          ecep:reg=","
          ecep:spe=",">,</pc>
      <c> </c>
      <w xml:id="o5154-530560"
         n="238-a-0740"
         ecep:lem="by"
         ecep:pos="p-acp"
         ecep:reg="by"
         ecep:spe="by"
         ecep:syllab="1"
         ecep:pron="baɪ">by</w>
      <c> </c>
      <w xml:id="o5154-530570"
         n="238-a-0750"
         ecep:lem="HENRY"
         ecep:pos="np1"
         ecep:reg="HENRY"
         ecep:spe="HENRY"
         ecep:syllab="2"
         ecep:pron="ˈhenri">HENRY</w>
      <c> </c>
      <w xml:id="o5154-530580"
         n="238-a-0760"
         ecep:lem="Brooke"
         ecep:pos="np1"
         ecep:reg="BROOKE"
         ecep:spe="BROOKE"
         ecep:syllab="1"
         ecep:pron="ˈbrʊk">BROOKE</w>
      <pc xml:id="o5154-530590"
          n="238-a-0770"
          ecep:lem=","
          ecep:pos=","
          ecep:reg=","
          ecep:spe=",">,</pc>
      <abbr>
         <c> </c>
         <w xml:id="o5154-530600"
            n="238-a-0780"
            ecep:lem="ESQ"
            ecep:pos="np1"
            ecep:reg="Esq"
            ecep:spe="Esq"
            ecep:syllab="1"
            ecep:pron="ˈesk">Esq</w>
         <pc xml:id="o5154-530610"
             n="238-a-0790"
             ecep:lem=";"
             ecep:pos=";"
             ecep:reg=";"
             ecep:spe=";">;</pc>
      </abbr>
      <c> </c>
      <w xml:id="o5154-530620"
         n="238-a-0800"
         ecep:lem="1745."
         ecep:pos="crd"
         ecep:reg="1745."
         ecep:spe="1745."
         ecep:syllab="1"
         ecep:pron="wˈɒnθˈaʊzəndsˈevənhˈʌndrədənfˈɔːtifˈaɪv">1745.</w>
      <pc unit="sentence" xml:id="o5154-530620-eos" n="238-a-0810"/>
   </head>
   <byline>
      <w xml:id="o5154-530650"
         n="238-a-0820"
         ecep:lem="by"
         ecep:pos="p-acp"
         ecep:reg="By"
         ecep:spe="By"
         ecep:syllab="1"
         ecep:pron="baɪ">By</w>
      <c> </c>
      <w xml:id="o5154-530660"
         n="238-a-0830"
         ecep:lem="the"
         ecep:pos="dt"
         ecep:reg="the"
         ecep:spe="the"
         ecep:syllab="1"
         ecep:pron="ðiː">the</w>
      <c> </c>
      <w xml:id="o5154-530670"
         n="238-a-0840"
         ecep:lem="same"
         ecep:pos="d"
         ecep:reg="Same"
         ecep:spe="Same"
         ecep:syllab="1"
         ecep:pron="seɪm">Same</w>
      <pc xml:id="o5154-530680"
          n="238-a-0850"
          unit="sentence"
          ecep:lem="."
          ecep:pos="."
          ecep:reg="."
          ecep:spe=".">.</pc>
   </byline>
   <lg xml:id="o5154-s02410">
      <l xml:id="o5154-l28405">
         <w xml:id="o5154-530710"
            n="238-a-0860"
            ecep:lem="oh"
            ecep:pos="uh"
            ecep:reg="O"
            ecep:spe="OH"
            ecep:syllab="1"
            ecep:pron="əʊ">OH</w>
         <c> </c>
         <w xml:id="o5154-530720"
            n="238-a-0870"
            ecep:lem="thou"
            ecep:pos="pns21"
            ecep:reg="thou"
            ecep:spe="thou"
            ecep:syllab="1"
            ecep:pron="θaʊ">thou</w>
         <pc xml:id="o5154-530730"
             n="238-a-0880"
             ecep:lem=","
             ecep:pos=","
             ecep:reg=","
             ecep:spe=",">,</pc>
         <c> </c>
         <w xml:id="o5154-530740"
            n="238-a-0890"
            ecep:lem="who"
            ecep:pos="r-crq"
            ecep:reg="whose"
            ecep:spe="whose"
            ecep:syllab="1"
            ecep:pron="huːz">whose</w>
         <c> </c>
         <w xml:id="o5154-530750"
            n="238-a-0900"
            ecep:lem="artless"
            ecep:pos="j"
            ecep:reg="artless"
            ecep:spe="artless"
            ecep:syllab="2"
            ecep:pron="ˈɑːtləs">artless</w>
         <pc xml:id="o5154-530760"
             n="238-a-0910"
             ecep:lem=","
             ecep:pos=","
             ecep:reg=","
             ecep:spe=",">,</pc>
         <c> </c>
         <w xml:id="o5154-530770"
            n="238-a-0920"
            ecep:lem="free-born"
            ecep:pos="j"
            ecep:reg="freeborn"
            ecep:spe="free-born"
            ecep:syllab="2"
            ecep:pron="ˌfriːˈbɔːn">free-born</w>
         <c> </c>
         <w xml:id="o5154-530780"
            n="238-a-0930"
            ecep:lem="genius"
            ecep:pos="n1"
            ecep:reg="genius"
            ecep:spe="genius"
            ecep:syllab="2"
            ecep:pron="ˈdʒiːniəs">genius</w>
         <c> </c>
         <w xml:id="o5154-530790"
            n="238-a-0940"
            ecep:lem="charm"
            ecep:pos="n2"
            ecep:reg="charms"
            ecep:spe="charms"
            ecep:syllab="1"
            ecep:pron="tʃɑːmz">charms</w>
         <pc xml:id="o5154-530800"
             n="238-a-0950"
             ecep:lem=","
             ecep:pos=","
             ecep:reg=","
             ecep:spe=",">,</pc>
      </l>
      <l xml:id="o5154-l28410">
         <w xml:id="o5154-530810"
            n="238-a-0960"
            ecep:lem="who"
            ecep:pos="r-crq"
            ecep:reg="Whose"
            ecep:spe="Whose"
            ecep:syllab="1"
            ecep:pron="huːz">Whose</w>
         <c> </c>
         <w xml:id="o5154-530820"
            n="238-a-0970"
            ecep:lem="rustic"
            ecep:pos="j-jn"
            ecep:reg="rustic"
            ecep:spe="rustick"
            ecep:syllab="2"
            ecep:pron="ˈrʌstɪk">rustick</w>
         <c> </c>
         <w xml:id="o5154-530830"
            n="238-a-0980"
            ecep:lem="zeal"
            ecep:pos="n1"
            ecep:reg="zeal"
            ecep:spe="zeal"
            ecep:syllab="1"
            ecep:pron="ziːl">zeal</w>
         <c> </c>
         <w xml:id="o5154-530840"
            n="238-a-0990"
            ecep:lem="each"
            ecep:pos="d"
            ecep:reg="each"
            ecep:spe="each"
            ecep:syllab="1"
            ecep:pron="iːtʃ">each</w>
         <c> </c>
         <w xml:id="o5154-530850"
            n="238-a-1000"
            ecep:lem="patriot"
            ecep:pos="n1"
            ecep:reg="patriot"
            ecep:spe="patriot"
            ecep:syllab="2"
            ecep:pron="ˈpeɪtriət">patriot</w>
         <c> </c>
         <w xml:id="o5154-530860"
            n="238-a-1010"
            ecep:lem="bosom"
            ecep:pos="n1"
            ecep:reg="bosom"
            ecep:spe="bosom"
            ecep:syllab="2"
            ecep:pron="ˈbʊzm">bosom</w>
         <c> </c>
         <w xml:id="o5154-530870"
            n="238-a-1020"
            ecep:lem="warm"
            ecep:pos="vvz"
            ecep:reg="warms"
            ecep:spe="warms"
            ecep:syllab="1"
            ecep:pron="wɔːmz">warms</w>
         <pc xml:id="o5154-530880"
             n="238-a-1030"
             ecep:lem=";"
             ecep:pos=";"
             ecep:reg=";"
             ecep:spe=";">;</pc>
      </l>
      <l xml:id="o5154-l28415">
         <w xml:id="o5154-530890"
            n="238-a-1040"
            ecep:lem="pursue"
            ecep:pos="vvb"
            ecep:reg="Pursue"
            ecep:spe="Pursue"
            ecep:syllab="2"
            ecep:pron="pəˈsjuː">Pursue</w>
         <c> </c>
         <w xml:id="o5154-530900"
            n="238-a-1050"
            ecep:lem="the"
            ecep:pos="dt"
            ecep:reg="the"
            ecep:spe="the"
            ecep:syllab="1"
            ecep:pron="ðiː">the</w>
         <c> </c>
         <w xml:id="o5154-530910"
            n="238-a-1060"
            ecep:lem="glorious"
            ecep:pos="j"
            ecep:reg="glorious"
            ecep:spe="glorious"
            ecep:syllab="2"
            ecep:pron="ˈglɔːriəs">glorious</w>
         <c> </c>
         <w xml:id="o5154-530920"
            n="238-a-1070"
            ecep:lem="task"
            ecep:pos="n1"
            ecep:reg="task"
            ecep:spe="task"
            ecep:syllab="1"
            ecep:pron="tɑːsk">task</w>
         <pc xml:id="o5154-530930"
             n="238-a-1080"
             ecep:lem=","
             ecep:pos=","
             ecep:reg=","
             ecep:spe=",">,</pc>
         <c> </c>
         <w xml:id="o5154-530940"
            n="238-a-1090"
            ecep:lem="the"
            ecep:pos="dt"
            ecep:reg="the"
            ecep:spe="the"
            ecep:syllab="1"
            ecep:pron="ðiː">the</w>
         <c> </c>
         <w xml:id="o5154-530950"
            n="238-a-1100"
            ecep:lem="please"
            ecep:pos="j-vvg"
            ecep:reg="pleasing"
            ecep:spe="pleasing"
            ecep:syllab="2"
            ecep:pron="pliːzɪŋ">pleasing</w>
         <c> </c>
         <w xml:id="o5154-530960"
            n="238-a-1110"
            ecep:lem="toil"
            ecep:pos="n1"
            ecep:reg="toil"
            ecep:spe="toil"
            ecep:syllab="1"
            ecep:pron="tɔɪl">toil</w>
         <pc xml:id="o5154-530970"
             n="238-a-1120"
             ecep:lem=","
             ecep:pos=","
             ecep:reg=","
             ecep:spe=",">,</pc>
      </l>
      <l xml:id="o5154-l28420">
         <w xml:id="o5154-530980"
            n="238-a-1130"
            ecep:lem="forsake"
            ecep:pos="vvb"
            ecep:reg="Forsake"
            ecep:spe="Forsake"
            ecep:syllab="2"
            ecep:pron="fəˈseɪk">Forsake</w>
         <c> </c>
         <w xml:id="o5154-530990"
            n="238-a-1140"
            ecep:lem="the"
            ecep:pos="dt"
            ecep:reg="the"
            ecep:spe="the"
            ecep:syllab="1"
            ecep:pron="ðiː">the</w>
         <c> </c>
         <w xml:id="o5154-531000"
            n="238-a-1150"
            ecep:lem="field"
            ecep:pos="n2"
            ecep:reg="fields"
            ecep:spe="fields"
            ecep:syllab="1"
            ecep:pron="ˈfiːldz">fields</w>
         <c> </c>
         <w xml:id="o5154-531010"
            n="238-a-1160"
            ecep:lem="and"
            ecep:pos="cc"
            ecep:reg="and"
            ecep:spe="and"
            ecep:syllab="1"
            ecep:pron="ænd">and</w>
         <c> </c>
         <hi>
            <w xml:id="o5154-531020"
               n="238-a-1170"
               ecep:lem="till"
               ecep:pos="p-acp"
               ecep:reg="till"
               ecep:spe="till"
               ecep:syllab="1"
               ecep:pron="tɪl">till</w>
         </hi>
         <c> </c>
         <w xml:id="o5154-531030"
            n="238-a-1180"
            ecep:lem="a"
            ecep:pos="dt"
            ecep:reg="a"
            ecep:spe="a"
            ecep:syllab="1"
            ecep:pron="ə">a</w>
         <c> </c>
         <w xml:id="o5154-531040"
            n="238-a-1190"
            ecep:lem="noble"
            ecep:pos="jc"
            ecep:reg="nobler"
            ecep:spe="nobler"
            ecep:syllab="2"
            ecep:pron="ˈnəʊblə">nobler</w>
         <c> </c>
         <w xml:id="o5154-531050"
            n="238-a-1200"
            ecep:lem="soil"
            ecep:pos="n1"
            ecep:reg="soil"
            ecep:spe="soil"
            ecep:syllab="1"
            ecep:pron="sɔɪl">soil</w>
         <pc xml:id="o5154-531060"
             n="238-a-1210"
             ecep:lem=";"
             ecep:pos=";"
             ecep:reg=";"
             ecep:spe=";">;</pc>
      </l>
      <l xml:id="o5154-l28425">
         <w xml:id="o5154-531070"
            n="238-a-1220"
            ecep:lem="extend"
            ecep:pos="vvb"
            ecep:reg="Extend"
            ecep:spe="Extend"
            ecep:syllab="2"
            ecep:pron="ɪkˈstend">Extend</w>
         <c> </c>
         <w xml:id="o5154-531080"
            n="238-a-1230"
            ecep:lem="the"
            ecep:pos="dt"
            ecep:reg="the"
            ecep:spe="the"
            ecep:syllab="1"
            ecep:pron="ðiː">the</w>
         <c> </c>
         <hi>
            <w xml:id="o5154-531090"
               n="238-a-1240"
               ecep:lem="farmer"
               ecep:pos="ng1"
               ecep:reg="Farmer's"
               ecep:spe="Farmer's"
               ecep:syllab="2"
               ecep:pron="ˈfɑːməz">Farmer's</w>
         </hi>
         <c> </c>
         <w xml:id="o5154-531100"
            n="238-a-1250"
            ecep:lem="care"
            ecep:pos="n1"
            ecep:reg="care"
            ecep:spe="care"
            ecep:syllab="1"
            ecep:pron="keə">care</w>
         <c> </c>
         <w xml:id="o5154-531110"
            n="238-a-1260"
            ecep:lem="to"
            ecep:pos="p-acp"
            ecep:reg="to"
            ecep:spe="to"
            ecep:syllab="1"
            ecep:pron="tuː">to</w>
         <c> </c>
         <w xml:id="o5154-531120"
            n="238-a-1270"
            ecep:lem="human"
            ecep:pos="j"
            ecep:reg="human"
            ecep:spe="human"
            ecep:syllab="2"
            ecep:pron="ˈhjuːmən">human</w>
         <c> </c>
         <w xml:id="o5154-531130"
            n="238-a-1280"
            ecep:lem="kind"
            ecep:pos="n1"
            ecep:reg="kind"
            ecep:spe="kind"
            ecep:syllab="1"
            ecep:pron="kaɪnd">kind</w>
         <pc xml:id="o5154-531140"
             n="238-a-1290"
             ecep:lem=","
             ecep:pos=","
             ecep:reg=","
             ecep:spe=",">,</pc>
      </l>
      <l xml:id="o5154-l28430">
         <hi>
            <w xml:id="o5154-531150"
               n="238-a-1300"
               ecep:lem="manure"
               ecep:pos="n1"
               ecep:reg="Manure"
               ecep:spe="Manure"
               ecep:syllab="2"
               ecep:pron="məˈnjʊə">Manure</w>
         </hi>
         <c> </c>
         <w xml:id="o5154-531160"
            n="238-a-1310"
            ecep:lem="the"
            ecep:pos="dt"
            ecep:reg="the"
            ecep:spe="the"
            ecep:syllab="1"
            ecep:pron="ðiː">the</w>
         <c> </c>
         <w xml:id="o5154-531170"
            n="238-a-1320"
            ecep:lem="heart"
            ecep:pos="n1"
            ecep:reg="heart"
            ecep:spe="heart"
            ecep:syllab="1"
            ecep:pron="hɑːt">heart</w>
         <pc xml:id="o5154-531180"
             n="238-a-1330"
             ecep:lem=","
             ecep:pos=","
             ecep:reg=","
             ecep:spe=",">,</pc>
         <c> </c>
         <w xml:id="o5154-531190"
            n="238-a-1340"
            ecep:lem="and"
            ecep:pos="cc"
            ecep:reg="and"
            ecep:spe="and"
            ecep:syllab="1"
            ecep:pron="ænd">and</w>
         <c> </c>
         <hi>
            <w xml:id="o5154-531200"
               n="238-a-1350"
               ecep:lem="cultivate"
               ecep:pos="vvi"
               ecep:reg="cultivate"
               ecep:spe="cultivate"
               ecep:syllab="3"
               ecep:pron="ˈkʌltɪveɪt">cultivate</w>
         </hi>
         <c> </c>
         <w xml:id="o5154-531210"
            n="238-a-1360"
            ecep:lem="the"
            ecep:pos="dt"
            ecep:reg="the"
            ecep:spe="the"
            ecep:syllab="1"
            ecep:pron="ðiː">the</w>
         <c> </c>
         <w xml:id="o5154-531220"
            n="238-a-1370"
            ecep:lem="mind"
            ecep:pos="n1"
            ecep:reg="mind"
            ecep:spe="mind"
            ecep:syllab="1"
            ecep:pron="maɪnd">mind</w>
         <pc xml:id="o5154-531230"
             n="238-a-1380"
             ecep:lem=";"
             ecep:pos=";"
             ecep:reg=";"
             ecep:spe=";">;</pc>
      </l>
      <l xml:id="o5154-l28435">
         <w xml:id="o5154-531240"
            n="238-a-1390"
            ecep:lem="there"
            ecep:pos="pc-acp"
            ecep:reg="There"
            ecep:spe="There"
            ecep:syllab="1"
            ecep:pron="ðeə">There</w>
         <c> </c>
         <hi>
            <w xml:id="o5154-531250"
               n="238-a-1400"
               ecep:lem="plant"
               ecep:pos="vvi"
               ecep:reg="plant"
               ecep:spe="plant"
               ecep:syllab="1"
               ecep:pron="plɑːnt">plant</w>
         </hi>
         <c> </c>
         <w xml:id="o5154-531260"
            n="238-a-1410"
            ecep:lem="religion"
            ecep:pos="n1"
            ecep:reg="religion"
            ecep:spe="religion"
            ecep:syllab="3"
            ecep:pron="rɪˈlɪdʒn">religion</w>
         <pc xml:id="o5154-531270"
             n="238-a-1420"
             ecep:lem=","
             ecep:pos=","
             ecep:reg=","
             ecep:spe=",">,</pc>
         <c> </c>
         <w xml:id="o5154-531280"
            n="238-a-1430"
            ecep:lem="reason"
            ecep:pos="n1"
            ecep:reg="reason"
            ecep:spe="reason"
            ecep:syllab="2"
            ecep:pron="ˈriːzn">reason</w>
         <pc xml:id="o5154-531290"
             n="238-a-1440"
             ecep:lem=","
             ecep:pos=","
             ecep:reg=","
             ecep:spe=",">,</pc>
         <c> </c>
         <w xml:id="o5154-531300"
            n="238-a-1450"
            ecep:lem="freedom"
            ecep:pos="n1"
            ecep:reg="freedom"
            ecep:spe="freedom"
            ecep:syllab="2"
            ecep:pron="ˈfriːdəm">freedom</w>
         <pc xml:id="o5154-531310"
             n="238-a-1460"
             ecep:lem=","
             ecep:pos=","
             ecep:reg=","
             ecep:spe=",">,</pc>
         <c> </c>
         <w xml:id="o5154-531320"
            n="238-a-1470"
            ecep:lem="truth"
            ecep:pos="n1"
            ecep:reg="truth"
            ecep:spe="truth"
            ecep:syllab="1"
            ecep:pron="truːθ">truth</w>
         <pc xml:id="o5154-531330"
             n="238-a-1480"
             ecep:lem=","
             ecep:pos=","
             ecep:reg=","
             ecep:spe=",">,</pc>
      </l>
      <l xml:id="o5154-l28440">
         <w xml:id="o5154-531340"
            n="238-a-1490"
            ecep:lem="and"
            ecep:pos="cc"
            ecep:reg="And"
            ecep:spe="And"
            ecep:syllab="1"
            ecep:pron="ænd">And</w>
         <c> </c>
         <hi>
            <w xml:id="o5154-531350"
               n="238-a-1500"
               ecep:lem="sow"
               ecep:pos="vvb"
               ecep:reg="sow"
               ecep:spe="sow"
               ecep:syllab="1"
               ecep:pron="səʊ">sow</w>
            <c> </c>
            <w xml:id="o5154-531360"
               n="238-a-1510"
               ecep:lem="the"
               ecep:pos="dt"
               ecep:reg="the"
               ecep:spe="the"
               ecep:syllab="1"
               ecep:pron="ðiː">the</w>
            <c> </c>
            <w xml:id="o5154-531370"
               n="238-a-1520"
               ecep:lem="seed"
               ecep:pos="n2"
               ecep:reg="seeds"
               ecep:spe="seeds"
               ecep:syllab="1"
               ecep:pron="siːdz">seeds</w>
         </hi>
         <c> </c>
         <w xml:id="o5154-531380"
            n="238-a-1530"
            ecep:lem="of"
            ecep:pos="pp-f"
            ecep:reg="of"
            ecep:spe="of"
            ecep:syllab="1"
            ecep:pron="ɒv">of</w>
         <c> </c>
         <w xml:id="o5154-531390"
            n="238-a-1540"
            ecep:lem="virtue"
            ecep:pos="n1"
            ecep:reg="virtue"
            ecep:spe="virtue"
            ecep:syllab="2"
            ecep:pron="ˈvɜːtʃuː">virtue</w>
         <c> </c>
         <w xml:id="o5154-531400"
            n="238-a-1550"
            ecep:lem="in"
            ecep:pos="p-acp"
            ecep:reg="in"
            ecep:spe="in"
            ecep:syllab="1"
            ecep:pron="ɪn">in</w>
         <c> </c>
         <w xml:id="o5154-531410"
            n="238-a-1560"
            ecep:lem="our"
            ecep:pos="po12"
            ecep:reg="our"
            ecep:spe="our"
            ecep:syllab="1"
            ecep:pron="æə">our</w>
         <c> </c>
         <w xml:id="o5154-531420"
            n="238-a-1570"
            ecep:lem="youth"
            ecep:pos="n1"
            ecep:reg="youth"
            ecep:spe="youth"
            ecep:syllab="1"
            ecep:pron="juːθ">youth</w>
         <pc xml:id="o5154-531430"
             n="238-a-1580"
             ecep:lem=":"
             ecep:pos=":"
             ecep:reg=":"
             ecep:spe=":">:</pc>
      </l>
      <pb facs="o5154/0242_R" n="237" rend="none"/>
      <l xml:id="o5154-l28445">
         <w xml:id="o5154-531440"
            n="239-a-0010"
            ecep:lem="let"
            ecep:pos="vvb"
            ecep:reg="Let"
            ecep:spe="Let"
            ecep:syllab="1"
            ecep:pron="let">Let</w>
         <c> </c>
         <w xml:id="o5154-531450"
            n="239-a-0020"
            ecep:lem="no"
            ecep:pos="dx"
            ecep:reg="no"
            ecep:spe="no"
            ecep:syllab="1"
            ecep:pron="nəʊ">no</w>
         <c> </c>
         <hi>
            <w xml:id="o5154-531460"
               n="239-a-0030"
               ecep:lem="rank"
               ecep:pos="n1"
               ecep:reg="rank"
               ecep:spe="rank"
               ecep:syllab="1"
               ecep:pron="ræŋk">rank</w>
            <c> </c>
            <w xml:id="o5154-531470"
               n="239-a-0040"
               ecep:lem="weed"
               ecep:pos="n2"
               ecep:reg="weeds"
               ecep:spe="weeds"
               ecep:syllab="1"
               ecep:pron="wiːdz">weeds</w>
         </hi>
         <c> </c>
         <w xml:id="o5154-531480"
            n="239-a-0050"
            ecep:lem="corrupt"
            ecep:pos="vvi"
            ecep:reg="corrupt"
            ecep:spe="corrupt"
            ecep:syllab="2"
            ecep:pron="kəˈrʌpt">corrupt</w>
         <pc xml:id="o5154-531490"
             n="239-a-0060"
             ecep:lem=","
             ecep:pos=","
             ecep:reg=","
             ecep:spe=",">,</pc>
         <c> </c>
         <w xml:id="o5154-531500"
            n="239-a-0070"
            ecep:lem="or"
            ecep:pos="cc"
            ecep:reg="or"
            ecep:spe="or"
            ecep:syllab="1"
            ecep:pron="ɔː">or</w>
         <c> </c>
         <hi>
            <w xml:id="o5154-531510"
               n="239-a-0080"
               ecep:lem="bramble"
               ecep:pos="n2"
               ecep:reg="brambles"
               ecep:spe="brambles"
               ecep:syllab="2"
               ecep:pron="ˈbræmblz">brambles</w>
         </hi>
         <c> </c>
         <w xml:id="o5154-531520"
            n="239-a-0090"
            ecep:lem="choke"
            ecep:pos="vvb"
            ecep:reg="choke"
            ecep:spe="choak"
            ecep:syllab="1"
            ecep:pron="tʃˈəʊk">choak</w>
         <pc xml:id="o5154-531530"
             n="239-a-0100"
             ecep:lem=","
             ecep:pos=","
             ecep:reg=","
             ecep:spe=",">,</pc>
      </l>
      <l xml:id="o5154-l28450">
         <w xml:id="o5154-531540"
            n="239-a-0110"
            ecep:lem="and"
            ecep:pos="cc"
            ecep:reg="And"
            ecep:spe="And"
            ecep:syllab="1"
            ecep:pron="ænd">And</w>
         <c> </c>
         <w xml:id="o5154-531550"
            n="239-a-0120"
            ecep:lem="shake"
            ecep:pos="vvi"
            ecep:reg="shake"
            ecep:spe="shake"
            ecep:syllab="1"
            ecep:pron="ʃeɪk">shake</w>
         <c> </c>
         <w xml:id="o5154-531560"
            n="239-a-0130"
            ecep:lem="the"
            ecep:pos="dt"
            ecep:reg="the"
            ecep:spe="the"
            ecep:syllab="1"
            ecep:pron="ðiː">the</w>
         <c> </c>
         <hi>
            <w xml:id="o5154-531570"
               n="239-a-0140"
               ecep:lem="vermin"
               ecep:pos="n1"
               ecep:reg="vermin"
               ecep:spe="vermin"
               ecep:syllab="2"
               ecep:pron="ˈvɜːmɪn">vermin</w>
         </hi>
         <c> </c>
         <w xml:id="o5154-531580"
            n="239-a-0150"
            ecep:lem="from"
            ecep:pos="p-acp"
            ecep:reg="from"
            ecep:spe="from"
            ecep:syllab="1"
            ecep:pron="frɒm">from</w>
         <c> </c>
         <w xml:id="o5154-531590"
            n="239-a-0160"
            ecep:lem="the"
            ecep:pos="dt"
            ecep:reg="the"
            ecep:spe="the"
            ecep:syllab="1"
            ecep:pron="ðiː">the</w>
         <c> </c>
         <w xml:id="o5154-531600"
            n="239-a-0170"
            ecep:lem="british"
            ecep:pos="jp"
            ecep:reg="British"
            ecep:spe="British"
            ecep:syllab="2"
            ecep:pron="ˈbrɪtɪʃ">British</w>
         <c> </c>
         <w xml:id="o5154-531610"
            n="239-a-0180"
            ecep:lem="oak"
            ecep:pos="n1"
            ecep:reg="oak"
            ecep:spe="oak"
            ecep:syllab="1"
            ecep:pron="əʊk">oak</w>
         <pc xml:id="o5154-531620"
             n="239-a-0190"
             ecep:lem=";"
             ecep:pos=";"
             ecep:reg=";"
             ecep:spe=";">;</pc>
      </l>
      <l xml:id="o5154-l28455">
         <w xml:id="o5154-531630"
            n="239-a-0200"
            ecep:lem="from"
            ecep:pos="p-acp"
            ecep:reg="From"
            ecep:spe="From"
            ecep:syllab="1"
            ecep:pron="frɒm">From</w>
         <c> </c>
         <hi>
            <w xml:id="o5154-531640"
               n="239-a-0210"
               ecep:lem="northern"
               ecep:pos="j"
               ecep:reg="northern"
               ecep:spe="northern"
               ecep:syllab="2"
               ecep:pron="ˈnɔːðn">northern</w>
            <c> </c>
            <w xml:id="o5154-531650"
               n="239-a-0220"
               ecep:lem="blast"
               ecep:pos="n2"
               ecep:reg="blasts"
               ecep:spe="blasts"
               ecep:syllab="1"
               ecep:pron="blɑːsts">blasts</w>
         </hi>
         <c> </c>
         <w xml:id="o5154-531660"
            n="239-a-0230"
            ecep:lem="protect"
            ecep:pos="vvi"
            ecep:reg="protect"
            ecep:spe="protect"
            ecep:syllab="2"
            ecep:pron="prəˈtekt">protect</w>
         <c> </c>
         <w xml:id="o5154-531670"
            n="239-a-0240"
            ecep:lem="the"
            ecep:pos="dt"
            ecep:reg="the"
            ecep:spe="the"
            ecep:syllab="1"
            ecep:pron="ðiː">the</w>
         <c> </c>
         <w xml:id="o5154-531680"
            n="239-a-0250"
            ecep:lem="vernal"
            ecep:pos="j"
            ecep:reg="vernal"
            ecep:spe="vernal"
            ecep:syllab="2"
            ecep:pron="ˈvɜːnl">vernal</w>
         <c> </c>
         <w xml:id="o5154-531690"
            n="239-a-0260"
            ecep:lem="bloom"
            ecep:pos="n1"
            ecep:reg="bloom"
            ecep:spe="bloom"
            ecep:syllab="1"
            ecep:pron="bluːm">bloom</w>
         <pc xml:id="o5154-531700"
             n="239-a-0270"
             ecep:lem=","
             ecep:pos=","
             ecep:reg=","
             ecep:spe=",">,</pc>
      </l>
      <l xml:id="o5154-l28460">
         <w xml:id="o5154-531710"
            n="239-a-0280"
            ecep:lem="and"
            ecep:pos="cc"
            ecep:reg="And"
            ecep:spe="And"
            ecep:syllab="1"
            ecep:pron="ænd">And</w>
         <c> </c>
         <w xml:id="o5154-531720"
            n="239-a-0290"
            ecep:lem="guard"
            ecep:pos="vvb"
            ecep:reg="guard"
            ecep:spe="guard"
            ecep:syllab="1"
            ecep:pron="gɑːd">guard</w>
         <c> </c>
         <w xml:id="o5154-531730"
            n="239-a-0300"
            ecep:lem="our"
            ecep:pos="po12"
            ecep:reg="our"
            ecep:spe="our"
            ecep:syllab="1"
            ecep:pron="æə">our</w>
         <c> </c>
         <w xml:id="o5154-531740"
            n="239-a-0310"
            ecep:lem="pasture"
            ecep:pos="n2"
            ecep:reg="pastures"
            ecep:spe="pastures"
            ecep:syllab="2"
            ecep:pron="ˈpɑːstʃəz">pastures</w>
         <c> </c>
         <w xml:id="o5154-531750"
            n="239-a-0320"
            ecep:lem="from"
            ecep:pos="p-acp"
            ecep:reg="from"
            ecep:spe="from"
            ecep:syllab="1"
            ecep:pron="frɒm">from</w>
         <c> </c>
         <w xml:id="o5154-531760"
            n="239-a-0330"
            ecep:lem="the"
            ecep:pos="dt"
            ecep:reg="the"
            ecep:spe="the"
            ecep:syllab="1"
            ecep:pron="ðiː">the</w>
         <c> </c>
         <hi>
            <w xml:id="o5154-531770"
               n="239-a-0340"
               ecep:lem="wolf"
               ecep:pos="n2"
               ecep:reg="wolves"
               ecep:spe="wolves"
               ecep:syllab="1"
               ecep:pron="wʊlvz">wolves</w>
            <c> </c>
            <w xml:id="o5154-531780"
               n="239-a-0350"
               ecep:lem="of"
               ecep:pos="pp-f"
               ecep:reg="of"
               ecep:spe="of"
               ecep:syllab="1"
               ecep:pron="ɒv">of</w>
            <c> </c>
            <w xml:id="o5154-531790"
               n="239-a-0360"
               ecep:lem="Rome"
               ecep:pos="np1"
               ecep:reg="Rome"
               ecep:spe="Rome"
               ecep:syllab="1"
               ecep:pron="ˈrəʊm">Rome</w>
            <pc xml:id="o5154-531800"
                n="239-a-0370"
                unit="sentence"
                ecep:lem="."
                ecep:pos="."
                ecep:reg="."
                ecep:spe=".">.</pc>
            <c> </c>
         </hi>
      </l>
      <l xml:id="o5154-l28465">
         <w xml:id="o5154-531810"
            n="239-a-0380"
            ecep:lem="in"
            ecep:pos="p-acp"
            ecep:reg="In"
            ecep:spe="In"
            ecep:syllab="1"
            ecep:pron="ɪn">In</w>
         <c> </c>
         <w xml:id="o5154-531820"
            n="239-a-0390"
            ecep:lem="britain"
            ecep:pos="npg1"
            ecep:reg="Britain's"
            ecep:spe="Britain's"
            ecep:syllab="2"
            ecep:pron="ˈbrɪtənz">Britain's</w>
         <c> </c>
         <w xml:id="o5154-531830"
            n="239-a-0400"
            ecep:lem="liberty"
            ecep:pos="n1"
            ecep:reg="liberty"
            ecep:spe="liberty"
            ecep:syllab="3"
            ecep:pron="ˈlɪbəti">liberty</w>
         <c> </c>
         <hi>
            <w xml:id="o5154-531840"
               n="239-a-0410"
               ecep:lem="ingraft"
               ecep:pos="vvb"
               ecep:reg="ingraft"
               ecep:spe="ingraft"
               ecep:syllab="2"
               ecep:pron="ɪnˈgrɑːft">ingraft</w>
         </hi>
         <c> </c>
         <w xml:id="o5154-531850"
            n="239-a-0420"
            ecep:lem="thy"
            ecep:pos="po21"
            ecep:reg="thy"
            ecep:spe="thy"
            ecep:syllab="1"
            ecep:pron="ðaɪ">thy</w>
         <c> </c>
         <w xml:id="o5154-531860"
            n="239-a-0430"
            ecep:lem="name"
            ecep:pos="n1"
            ecep:reg="name"
            ecep:spe="name"
            ecep:syllab="1"
            ecep:pron="neɪm">name</w>
         <pc xml:id="o5154-531870"
             n="239-a-0440"
             ecep:lem=","
             ecep:pos=","
             ecep:reg=","
             ecep:spe=",">,</pc>
      </l>
      <l xml:id="o5154-l28470">
         <w xml:id="o5154-531880"
            n="239-a-0450"
            ecep:lem="and"
            ecep:pos="cc"
            ecep:reg="And"
            ecep:spe="And"
            ecep:syllab="1"
            ecep:pron="ænd">And</w>
         <c> </c>
         <hi>
            <w xml:id="o5154-531890"
               n="239-a-0460"
               ecep:lem="reap"
               ecep:pos="vvi"
               ecep:reg="reap"
               ecep:spe="reap"
               ecep:syllab="1"
               ecep:pron="riːp">reap</w>
            <c> </c>
            <w xml:id="o5154-531900"
               n="239-a-0470"
               ecep:lem="the"
               ecep:pos="dt"
               ecep:reg="the"
               ecep:spe="the"
               ecep:syllab="1"
               ecep:pron="ðiː">the</w>
            <c> </c>
            <w xml:id="o5154-531910"
               n="239-a-0480"
               ecep:lem="harvest"
               ecep:pos="n1"
               ecep:reg="harvest"
               ecep:spe="harvest"
               ecep:syllab="2"
               ecep:pron="ˈhɑːvɪst">harvest</w>
         </hi>
         <c> </c>
         <w xml:id="o5154-531920"
            n="239-a-0490"
            ecep:lem="of"
            ecep:pos="pp-f"
            ecep:reg="of"
            ecep:spe="of"
            ecep:syllab="1"
            ecep:pron="ɒv">of</w>
         <c> </c>
         <w xml:id="o5154-531930"
            n="239-a-0500"
            ecep:lem="immortal"
            ecep:pos="j"
            ecep:reg="immortal"
            ecep:spe="immortal"
            ecep:syllab="3"
            ecep:pron="ɪˈmɔːtl">immortal</w>
         <c> </c>
         <w xml:id="o5154-531940"
            n="239-a-0510"
            ecep:lem="fame"
            ecep:pos="n1"
            ecep:reg="fame"
            ecep:spe="fame"
            ecep:syllab="1"
            ecep:pron="feɪm">fame</w>
         <pc xml:id="o5154-531950"
             n="239-a-0520"
             unit="sentence"
             ecep:lem="!"
             ecep:pos="!"
             ecep:reg="!"
             ecep:spe="!">!</pc>
      </l>
   </lg>
</div>
