<?xml version="1.0" encoding="utf-8"?>
<!DOCTYPE div
  SYSTEM "about:legacy-compat">
<div xmlns:ecep="http://www.eighteenthcenturypoetry.org/ns"
     xmlns="http://www.tei-c.org/ns/1.0"
     xmlns:tei="http://www.tei-c.org/ns/1.0"
     ana="#iamb #tetrameter #pair #quatrain #song"
     corresp="#txt_HuntAn1741_w0031"
     decls="#semi-normalized"
     ecep:syllab="8.8.8.8"
     met="-+|-+|-+|-+/ -+|-+|-+|-+/ -+|-+|-+|-+/ -+|-+|-+|-+/"
     rendition="#lgvspace"
     rhyme="aabb"
     subtype="eceptext"
     type="poem"
     xml:id="bah18-w0310">
   <link target="authors.xml#aut_HuntAn1741" type="author"/>
   <head type="main">
      <w xml:id="bah18-113390"
         n="a-0290"
         ecep:lem="the"
         ecep:pos="dt"
         ecep:reg="THE"
         ecep:spe="THE"
         ecep:syllab="1"
         ecep:pron="ðə">THE</w>
      <c> </c>
      <w xml:id="bah18-113400"
         n="a-0300"
         ecep:lem="genius"
         ecep:pos="n1"
         ecep:reg="GENIUS"
         ecep:spe="GENIUS"
         ecep:syllab="2"
         ecep:pron="ˈdʒiːnɪəs">GENIUS</w>
      <c> </c>
      <w xml:id="bah18-113410"
         n="a-0310"
         ecep:lem="of"
         ecep:pos="pp-f"
         ecep:reg="OF"
         ecep:spe="OF"
         ecep:syllab="1"
         ecep:pron="ɒv">OF</w>
      <c> </c>
      <w xml:id="bah18-113420"
         n="a-0320"
         ecep:lem="the"
         ecep:pos="dt"
         ecep:reg="THE"
         ecep:spe="THE"
         ecep:syllab="1"
         ecep:pron="ðə">THE</w>
      <c> </c>
      <w xml:id="bah18-113430"
         n="a-0330"
         ecep:lem="mountain"
         ecep:pos="n2"
         ecep:reg="MOUNTAINS"
         ecep:spe="MOUNTAINS"
         ecep:syllab="2"
         ecep:pron="ˈmaʊntɪnz">MOUNTAINS</w>
      <c> </c>
      <w xml:id="bah18-113440"
         n="a-0340"
         ecep:lem="of"
         ecep:pos="pp-f"
         ecep:reg="OF"
         ecep:spe="OF"
         ecep:syllab="1"
         ecep:pron="ɒv">OF</w>
      <c> </c>
      <w xml:id="bah18-113450"
         n="a-0350"
         ecep:lem="balagata"
         ecep:pos="fw-la"
         ecep:reg="BALAGATA"
         ecep:spe="BALAGATA"
         ecep:syllab="4"
         ecep:pron="bˌælʌgˈɑːtə">BALAGATA</w>
      <pc xml:id="bah18-113460"
          n="a-0360"
          ecep:lem=","
          ecep:pos=","
          ecep:reg=","
          ecep:spe=",">,</pc>
   </head>
   <head type="sub">
      <w xml:id="bah18-113490"
         n="a-0370"
         ecep:lem="in"
         ecep:pos="p-acp"
         ecep:reg="IN"
         ecep:spe="IN"
         ecep:syllab="1"
         ecep:pron="ɪn">IN</w>
      <c> </c>
      <w xml:id="bah18-113500"
         n="a-0380"
         ecep:lem="the"
         ecep:pos="dt"
         ecep:reg="THE"
         ecep:spe="THE"
         ecep:syllab="1"
         ecep:pron="ðə">THE</w>
      <c> </c>
      <w xml:id="bah18-113510"
         n="a-0390"
         ecep:lem="east"
         ecep:pos="n-jn"
         ecep:reg="EAST"
         ecep:spe="EAST"
         ecep:syllab="1"
         ecep:pron="iːst">EAST</w>
      <c> </c>
      <w xml:id="bah18-113520"
         n="a-0400"
         ecep:lem="Indies"
         ecep:pos="np2"
         ecep:reg="INDIES"
         ecep:spe="INDIES"
         ecep:syllab="2"
         ecep:pron="ˈɪndiz">INDIES</w>
      <pc xml:id="bah18-113530"
          n="a-0410"
          ecep:lem=","
          ecep:pos=","
          ecep:reg=","
          ecep:spe=",">,</pc>
      <c> </c>
      <w xml:id="bah18-113540"
         n="a-0420"
         ecep:lem="bewail"
         ecep:pos="vvz"
         ecep:reg="BEWAILS"
         ecep:spe="BEWAILS"
         ecep:syllab="2"
         ecep:pron="biˈweɪlz">BEWAILS</w>
      <c> </c>
      <w xml:id="bah18-113550"
         n="a-0430"
         ecep:lem="the"
         ecep:pos="dt"
         ecep:reg="THE"
         ecep:spe="THE"
         ecep:syllab="1"
         ecep:pron="ðə">THE</w>
      <c> </c>
      <w xml:id="bah18-113560"
         n="a-0440"
         ecep:lem="misery"
         ecep:pos="n2"
         ecep:reg="MISERIES"
         ecep:spe="MISERIES"
         ecep:syllab="3"
         ecep:pron="ˈmɪzərɪz">MISERIES</w>
      <c> </c>
      <w xml:id="bah18-113570"
         n="a-0450"
         ecep:lem="buy"
         ecep:pos="vvd"
         ecep:reg="BOUGHT"
         ecep:spe="BOUGHT"
         ecep:syllab="1"
         ecep:pron="bɔːt">BOUGHT</w>
      <c> </c>
      <w xml:id="bah18-113580"
         n="a-0460"
         ecep:lem="upon"
         ecep:pos="p-acp"
         ecep:reg="UPON"
         ecep:spe="UPON"
         ecep:syllab="2"
         ecep:pron="əˈpɒn">UPON</w>
      <c> </c>
      <w xml:id="bah18-113590"
         n="a-0470"
         ecep:lem="his"
         ecep:pos="po31"
         ecep:reg="HIS"
         ecep:spe="HIS"
         ecep:syllab="1"
         ecep:pron="hɪz">HIS</w>
      <c> </c>
      <w xml:id="bah18-113600"
         n="a-0480"
         ecep:lem="country"
         ecep:pos="n1"
         ecep:reg="COUNTRY"
         ecep:spe="COUNTRY"
         ecep:syllab="2"
         ecep:pron="ˈkʌntrɪ">COUNTRY</w>
      <pc xml:id="bah18-113610"
          n="a-0490"
          unit="sentence"
          ecep:lem="."
          ecep:pos="."
          ecep:reg="."
          ecep:spe=".">.</pc>
   </head>
   <head type="sub">
      <w xml:id="bah18-113640"
         n="a-0500"
         ecep:lem="his"
         ecep:pos="po31"
         ecep:reg="HIS"
         ecep:spe="HIS"
         ecep:syllab="1"
         ecep:pron="hɪz">HIS</w>
      <c> </c>
      <w xml:id="bah18-113650"
         n="a-0510"
         ecep:lem="song"
         ecep:pos="n1"
         ecep:reg="SONG"
         ecep:spe="SONG"
         ecep:syllab="1"
         ecep:pron="sɒŋ">SONG</w>
      <pc xml:id="bah18-113660"
          n="a-0520"
          unit="sentence"
          ecep:lem="."
          ecep:pos="."
          ecep:reg="."
          ecep:spe=".">.</pc>
   </head>
   <lg xml:id="bah18-s00810">
      <l xml:id="bah18-l05060">
         <w xml:id="bah18-113690"
            n="a-0530"
            ecep:lem="from"
            ecep:pos="p-acp"
            ecep:reg="FROM"
            ecep:spe="FROM"
            ecep:syllab="1"
            ecep:pron="frɒm">FROM</w>
         <c> </c>
         <w xml:id="bah18-113700"
            n="a-0540"
            ecep:lem="balagata"
            ecep:pos="npg1"
            ecep:reg="Balagata's"
            ecep:spe="Balagata's"
            ecep:syllab="4"
            ecep:pron="bˌælʌgˈɑːtəz">Balagata's</w>
         <c> </c>
         <w xml:id="bah18-113710"
            n="a-0550"
            ecep:lem="wavy"
            ecep:pos="j"
            ecep:reg="wavy"
            ecep:spe="wavy"
            ecep:syllab="2"
            ecep:pron="ˈweɪvɪ">wavy</w>
         <c> </c>
         <w xml:id="bah18-113720"
            n="a-0560"
            ecep:lem="brow"
            ecep:pos="n1"
            ecep:reg="brow"
            ecep:spe="brow"
            ecep:syllab="1"
            ecep:pron="braʊ">brow</w>
      </l>
      <l xml:id="bah18-l05065">
         <c> </c>
         <w xml:id="bah18-113730"
            n="a-0570"
            ecep:lem="the"
            ecep:pos="dt"
            ecep:reg="The"
            ecep:spe="The"
            ecep:syllab="1"
            ecep:pron="ðə">The</w>
         <c> </c>
         <w xml:id="bah18-113740"
            n="a-0580"
            ecep:lem="genius"
            ecep:pos="n1"
            ecep:reg="Genius"
            ecep:spe="Genius"
            ecep:syllab="2"
            ecep:pron="ˈdʒiːnɪəs">Genius</w>
         <c> </c>
         <w xml:id="bah18-113750"
            n="a-0590"
            ecep:lem="cast"
            ecep:pos="vvd"
            ecep:reg="cast"
            ecep:spe="cast"
            ecep:syllab="1"
            ecep:pron="kɑːst">cast</w>
         <c> </c>
         <w xml:id="bah18-113760"
            n="a-0600"
            ecep:lem="his"
            ecep:pos="po31"
            ecep:reg="his"
            ecep:spe="his"
            ecep:syllab="1"
            ecep:pron="hɪz">his</w>
         <c> </c>
         <w xml:id="bah18-113770"
            n="a-0610"
            ecep:lem="eye"
            ecep:pos="n2"
            ecep:reg="eyes"
            ecep:spe="eyes"
            ecep:syllab="1"
            ecep:pron="aɪz">eyes</w>
         <c> </c>
         <w xml:id="bah18-113780"
            n="a-0620"
            ecep:lem="below"
            ecep:pos="a-acp"
            ecep:reg="below"
            ecep:spe="below"
            ecep:syllab="2"
            ecep:pron="bɪˈləʊ">below</w>
         <pc xml:id="bah18-113790"
             n="a-0630"
             ecep:lem=","
             ecep:pos=","
             ecep:reg=","
             ecep:spe=",">,</pc>
      </l>
      <l xml:id="bah18-l05070">
         <c> </c>
         <w xml:id="bah18-113800"
            n="a-0640"
            ecep:lem="survey"
            ecep:pos="vvn"
            ecep:reg="Surveyed"
            ecep:spe="Survey'd"
            ecep:syllab="2"
            ecep:pron="səˈveɪd">Survey'd</w>
         <c> </c>
         <w xml:id="bah18-113810"
            n="a-0650"
            ecep:lem="with"
            ecep:pos="p-acp"
            ecep:reg="with"
            ecep:spe="with"
            ecep:syllab="1"
            ecep:pron="wɪð">with</w>
         <c> </c>
         <w xml:id="bah18-113820"
            n="a-0660"
            ecep:lem="grief"
            ecep:pos="n1"
            ecep:reg="grief"
            ecep:spe="grief"
            ecep:syllab="1"
            ecep:pron="griːf">grief</w>
         <c> </c>
         <w xml:id="bah18-113830"
            n="a-0670"
            ecep:lem="the"
            ecep:pos="dt"
            ecep:reg="the"
            ecep:spe="the"
            ecep:syllab="1"
            ecep:pron="ðə">the</w>
         <c> </c>
         <w xml:id="bah18-113840"
            n="a-0680"
            ecep:lem="hostile"
            ecep:pos="j"
            ecep:reg="hostile"
            ecep:spe="hostile"
            ecep:syllab="2"
            ecep:pron="ˈhɒstaɪl">hostile</w>
         <c> </c>
         <w xml:id="bah18-113850"
            n="a-0690"
            ecep:lem="plain"
            ecep:pos="n2"
            ecep:reg="plains"
            ecep:spe="plains"
            ecep:syllab="1"
            ecep:pron="pleɪnz">plains</w>
         <pc xml:id="bah18-113860"
             n="a-0700"
             ecep:lem=","
             ecep:pos=","
             ecep:reg=","
             ecep:spe=",">,</pc>
      </l>
      <l xml:id="bah18-l05075">
         <c> </c>
         <w xml:id="bah18-113870"
            n="a-0710"
            ecep:lem="and"
            ecep:pos="cc"
            ecep:reg="And"
            ecep:spe="And"
            ecep:syllab="1"
            ecep:pron="ænd">And</w>
         <c> </c>
         <w xml:id="bah18-113880"
            n="a-0720"
            ecep:lem="thus"
            ecep:pos="av"
            ecep:reg="thus"
            ecep:spe="thus"
            ecep:syllab="1"
            ecep:pron="ðʌs">thus</w>
         <c> </c>
         <w xml:id="bah18-113890"
            n="a-0730"
            ecep:lem="to"
            ecep:pos="p-acp"
            ecep:reg="to"
            ecep:spe="to"
            ecep:syllab="1"
            ecep:pron="tuː">to</w>
         <c> </c>
         <w xml:id="bah18-113900"
            n="a-0740"
            ecep:lem="heaven"
            ecep:pos="n1"
            ecep:reg="Heaven"
            ecep:spe="Heaven"
            ecep:syllab="2"
            ecep:pron="ˈhevn">Heaven</w>
         <c> </c>
         <w xml:id="bah18-113910"
            n="a-0750"
            ecep:lem="address"
            ecep:pos="vvd"
            ecep:reg="addressed"
            ecep:spe="address'd"
            ecep:syllab="2"
            ecep:pron="əˈdrest">address'd</w>
         <c> </c>
         <w xml:id="bah18-113920"
            n="a-0760"
            ecep:lem="his"
            ecep:pos="po31"
            ecep:reg="his"
            ecep:spe="his"
            ecep:syllab="1"
            ecep:pron="hɪz">his</w>
         <c> </c>
         <w xml:id="bah18-113930"
            n="a-0770"
            ecep:lem="strain"
            ecep:pos="n2"
            ecep:reg="strains"
            ecep:spe="strains"
            ecep:syllab="1"
            ecep:pron="ˈstreɪnz">strains</w>
         <pc xml:id="bah18-113940"
             n="a-0780"
             unit="sentence"
             ecep:lem="."
             ecep:pos="."
             ecep:reg="."
             ecep:spe=".">.</pc>
         <c> </c>
      </l>
   </lg>
   <lg xml:id="bah18-s00815">
      <l xml:id="bah18-l05080">
         <w xml:id="bah18-113970"
            n="a-0790"
            ecep:lem="here"
            ecep:pos="av"
            ecep:reg="Here"
            ecep:spe="Here"
            ecep:syllab="1"
            ecep:pron="hɪə">Here</w>
         <c> </c>
         <w xml:id="bah18-113980"
            n="a-0800"
            ecep:lem="first"
            ecep:pos="ord"
            ecep:reg="first"
            ecep:spe="first"
            ecep:syllab="1"
            ecep:pron="fɜːst">first</w>
         <c> </c>
         <w xml:id="bah18-113990"
            n="a-0810"
            ecep:lem="arise"
            ecep:pos="vvd"
            ecep:reg="arose"
            ecep:spe="arose"
            ecep:syllab="2"
            ecep:pron="əˈrəʊz">arose</w>
         <pc xml:id="bah18-114000"
             n="a-0820"
             ecep:lem=","
             ecep:pos=","
             ecep:reg=","
             ecep:spe=",">,</pc>
         <c> </c>
         <w xml:id="bah18-114010"
            n="a-0830"
            ecep:lem="in"
            ecep:pos="p-acp"
            ecep:reg="in"
            ecep:spe="in"
            ecep:syllab="1"
            ecep:pron="ɪn">in</w>
         <c> </c>
         <w xml:id="bah18-114020"
            n="a-0840"
            ecep:lem="early"
            ecep:pos="j"
            ecep:reg="early"
            ecep:spe="early"
            ecep:syllab="2"
            ecep:pron="ˈɜːlɪ">early</w>
         <c> </c>
         <w xml:id="bah18-114030"
            n="a-0850"
            ecep:lem="time"
            ecep:pos="n1"
            ecep:reg="time"
            ecep:spe="time"
            ecep:syllab="1"
            ecep:pron="taɪm">time</w>
         <pc xml:id="bah18-114040"
             n="a-0860"
             ecep:lem=","
             ecep:pos=","
             ecep:reg=","
             ecep:spe=",">,</pc>
      </l>
      <l xml:id="bah18-l05085">
         <c> </c>
         <w xml:id="bah18-114050"
            n="a-0870"
            ecep:lem="the"
            ecep:pos="dt"
            ecep:reg="The"
            ecep:spe="The"
            ecep:syllab="1"
            ecep:pron="ðə">The</w>
         <c> </c>
         <w xml:id="bah18-114060"
            n="a-0880"
            ecep:lem="beam"
            ecep:pos="n1"
            ecep:reg="beam"
            ecep:spe="beam"
            ecep:syllab="1"
            ecep:pron="biːm">beam</w>
         <c> </c>
         <w xml:id="bah18-114070"
            n="a-0890"
            ecep:lem="of"
            ecep:pos="pp-f"
            ecep:reg="of"
            ecep:spe="of"
            ecep:syllab="1"
            ecep:pron="ɒv">of</w>
         <c> </c>
         <w xml:id="bah18-114080"
            n="a-0900"
            ecep:lem="wisdom"
            ecep:pos="ng1"
            ecep:reg="wisdom's"
            ecep:spe="wisdom's"
            ecep:syllab="2"
            ecep:pron="ˈwɪzdəmz">wisdom's</w>
         <c> </c>
         <w xml:id="bah18-114090"
            n="a-0910"
            ecep:lem="light"
            ecep:pos="n1"
            ecep:reg="light"
            ecep:spe="light"
            ecep:syllab="1"
            ecep:pron="laɪt">light</w>
         <c> </c>
         <w xml:id="bah18-114100"
            n="a-0920"
            ecep:lem="sublime"
            ecep:pos="j"
            ecep:reg="sublime"
            ecep:spe="sublime"
            ecep:syllab="2"
            ecep:pron="səˈblaɪm">sublime</w>
         <pc xml:id="bah18-114110"
             n="a-0930"
             ecep:lem=";"
             ecep:pos=";"
             ecep:reg=";"
             ecep:spe=";">;</pc>
      </l>
      <l xml:id="bah18-l05090">
         <c> </c>
         <w xml:id="bah18-114120"
            n="a-0940"
            ecep:lem="from"
            ecep:pos="p-acp"
            ecep:reg="From"
            ecep:spe="From"
            ecep:syllab="1"
            ecep:pron="frɒm">From</w>
         <c> </c>
         <w xml:id="bah18-114130"
            n="a-0950"
            ecep:lem="hence"
            ecep:pos="av"
            ecep:reg="hence"
            ecep:spe="hence"
            ecep:syllab="1"
            ecep:pron="hens">hence</w>
         <c> </c>
         <w xml:id="bah18-114140"
            n="a-0960"
            ecep:lem="the"
            ecep:pos="dt"
            ecep:reg="the"
            ecep:spe="the"
            ecep:syllab="1"
            ecep:pron="ðə">the</w>
         <c> </c>
         <w xml:id="bah18-114150"
            n="a-0970"
            ecep:lem="stream"
            ecep:pos="n1"
            ecep:reg="stream"
            ecep:spe="stream"
            ecep:syllab="1"
            ecep:pron="striːm">stream</w>
         <c> </c>
         <w xml:id="bah18-114160"
            n="a-0980"
            ecep:lem="of"
            ecep:pos="pp-f"
            ecep:reg="of"
            ecep:spe="of"
            ecep:syllab="1"
            ecep:pron="ɒv">of</w>
         <c> </c>
         <w xml:id="bah18-114170"
            n="a-0990"
            ecep:lem="science"
            ecep:pos="n1"
            ecep:reg="science"
            ecep:spe="science"
            ecep:syllab="2"
            ecep:pron="ˈsaɪəns">science</w>
         <c> </c>
         <w xml:id="bah18-114180"
            n="a-1000"
            ecep:lem="flow"
            ecep:pos="vvn"
            ecep:reg="flowed"
            ecep:spe="flow'd"
            ecep:syllab="1"
            ecep:pron="fləʊd">flow'd</w>
         <pc xml:id="bah18-114190"
             n="a-1010"
             ecep:lem=","
             ecep:pos=","
             ecep:reg=","
             ecep:spe=",">,</pc>
      </l>
      <l xml:id="bah18-l05095">
         <c> </c>
         <w xml:id="bah18-114200"
            n="a-1020"
            ecep:lem="though"
            ecep:pos="c-acp"
            ecep:reg="Though"
            ecep:spe="Though"
            ecep:syllab="1"
            ecep:pron="ðəʊ">Though</w>
         <c> </c>
         <w xml:id="bah18-114210"
            n="a-1030"
            ecep:lem="now"
            ecep:pos="av"
            ecep:reg="now"
            ecep:spe="now"
            ecep:syllab="1"
            ecep:pron="naʊ">now</w>
         <c> </c>
         <w xml:id="bah18-114220"
            n="a-1040"
            ecep:lem="its"
            ecep:pos="po31"
            ecep:reg="its"
            ecep:spe="its"
            ecep:syllab="1"
            ecep:pron="ɪts">its</w>
         <c> </c>
         <w xml:id="bah18-114230"
            n="a-1050"
            ecep:lem="source"
            ecep:pos="n1"
            ecep:reg="source"
            ecep:spe="source"
            ecep:syllab="1"
            ecep:pron="sɔːs">source</w>
         <c> </c>
         <w xml:id="bah18-114240"
            n="a-1060"
            ecep:lem="be"
            ecep:pos="vbz"
            ecep:reg="is"
            ecep:spe="is"
            ecep:syllab="1"
            ecep:pron="ɪz">is</w>
         <c> </c>
         <w xml:id="bah18-114250"
            n="a-1070"
            ecep:lem="lose"
            ecep:pos="vvn"
            ecep:reg="lost"
            ecep:spe="lost"
            ecep:syllab="1"
            ecep:pron="lɒst">lost</w>
         <c> </c>
         <w xml:id="bah18-114260"
            n="a-1080"
            ecep:lem="in"
            ecep:pos="p-acp"
            ecep:reg="in"
            ecep:spe="in"
            ecep:syllab="1"
            ecep:pron="ɪn">in</w>
         <c> </c>
         <w xml:id="bah18-114270"
            n="a-1090"
            ecep:lem="blood"
            ecep:pos="n1"
            ecep:reg="blood"
            ecep:spe="blood"
            ecep:syllab="1"
            ecep:pron="blʌd">blood</w>
         <pc xml:id="bah18-114280"
             n="a-1100"
             unit="sentence"
             ecep:lem="."
             ecep:pos="."
             ecep:reg="."
             ecep:spe=".">.</pc>
         <c> </c>
      </l>
   </lg>
   <pb n="85" rend="none"/>
   <lg xml:id="bah18-s00820">
      <l xml:id="bah18-l05100">
         <w xml:id="bah18-114310"
            n="a-0010"
            ecep:lem="o"
            ecep:pos="uh"
            ecep:reg="OH"
            ecep:spe="O"
            ecep:syllab="1"
            ecep:pron="əʊ">O</w>
         <pc xml:id="bah18-114320"
             n="a-0020"
             ecep:lem=","
             ecep:pos=","
             ecep:reg=","
             ecep:spe=",">,</pc>
         <c> </c>
         <w xml:id="bah18-114330"
            n="a-0030"
            ecep:lem="brama"
            ecep:pos="n1"
            ecep:reg="Brama"
            ecep:spe="Brama"
            ecep:syllab="2"
            ecep:pron="brˈɑːmə">Brama</w>
         <pc xml:id="bah18-114340"
             n="a-0040"
             ecep:lem=","
             ecep:pos=","
             ecep:reg=","
             ecep:spe=",">,</pc>
         <c> </c>
         <w xml:id="bah18-114350"
            n="a-0050"
            ecep:lem="where"
            ecep:pos="q-crq"
            ecep:reg="where"
            ecep:spe="where"
            ecep:syllab="1"
            ecep:pron="weə">where</w>
         <c> </c>
         <w xml:id="bah18-114360"
            n="a-0060"
            ecep:lem="be"
            ecep:pos="vbz"
            ecep:reg="is"
            ecep:spe="is"
            ecep:syllab="1"
            ecep:pron="ɪz">is</w>
         <c> </c>
         <w xml:id="bah18-114370"
            n="a-0070"
            ecep:lem="now"
            ecep:pos="av"
            ecep:reg="now"
            ecep:spe="now"
            ecep:syllab="1"
            ecep:pron="naʊ">now</w>
         <c> </c>
         <w xml:id="bah18-114380"
            n="a-0080"
            ecep:lem="thy"
            ecep:pos="po21"
            ecep:reg="thy"
            ecep:spe="thy"
            ecep:syllab="1"
            ecep:pron="ðaɪ">thy</w>
         <c> </c>
         <w xml:id="bah18-114390"
            n="a-0090"
            ecep:lem="place"
            ecep:pos="n1"
            ecep:reg="place"
            ecep:spe="place"
            ecep:syllab="1"
            ecep:pron="pleɪs">place</w>
         <pc xml:id="bah18-114400"
             n="a-0100"
             unit="sentence"
             ecep:lem="?"
             ecep:pos="?"
             ecep:reg="?"
             ecep:spe="?">?</pc>
         <c> </c>
      </l>
      <l xml:id="bah18-l05105">
         <w xml:id="bah18-114410"
            n="a-0110"
            ecep:lem="and"
            ecep:pos="cc"
            ecep:reg="And"
            ecep:spe="And"
            ecep:syllab="1"
            ecep:pron="ænd">And</w>
         <c> </c>
         <w xml:id="bah18-114420"
            n="a-0120"
            ecep:lem="why"
            ecep:pos="q-crq"
            ecep:reg="why"
            ecep:spe="why"
            ecep:syllab="1"
            ecep:pron="waɪ">why</w>
         <c> </c>
         <w xml:id="bah18-114430"
            n="a-0130"
            ecep:lem="on"
            ecep:pos="p-acp"
            ecep:reg="on"
            ecep:spe="on"
            ecep:syllab="1"
            ecep:pron="ɒn">on</w>
         <c> </c>
         <w xml:id="bah18-114440"
            n="a-0140"
            ecep:lem="thy"
            ecep:pos="po21"
            ecep:reg="thy"
            ecep:spe="thy"
            ecep:syllab="1"
            ecep:pron="ðaɪ">thy</w>
         <c> </c>
         <w xml:id="bah18-114450"
            n="a-0150"
            ecep:lem="desert"
            ecep:pos="j-vvn"
            ecep:reg="deserted"
            ecep:spe="deserted"
            ecep:syllab="3"
            ecep:pron="dɪˈzɜːtɪd">deserted</w>
         <c> </c>
         <w xml:id="bah18-114460"
            n="a-0160"
            ecep:lem="race"
            ecep:pos="n1"
            ecep:reg="race"
            ecep:spe="race"
            ecep:syllab="1"
            ecep:pron="reɪs">race</w>
      </l>
      <l xml:id="bah18-l05110">
         <c> </c>
         <w xml:id="bah18-114470"
            n="a-0170"
            ecep:lem="fall"
            ecep:pos="vvz"
            ecep:reg="Falls"
            ecep:spe="Falls"
            ecep:syllab="1"
            ecep:pron="fɔːlz">Falls</w>
         <c> </c>
         <w xml:id="bah18-114480"
            n="a-0180"
            ecep:lem="more"
            ecep:pos="av-dc"
            ecep:reg="more"
            ecep:spe="more"
            ecep:syllab="1"
            ecep:pron="mɔː">more</w>
         <c> </c>
         <w xml:id="bah18-114490"
            n="a-0190"
            ecep:lem="than"
            ecep:pos="cs"
            ecep:reg="than"
            ecep:spe="than"
            ecep:syllab="1"
            ecep:pron="ðæn">than</w>
         <c> </c>
         <w xml:id="bah18-114500"
            n="a-0200"
            ecep:lem="thy"
            ecep:pos="po21"
            ecep:reg="thy"
            ecep:spe="thy"
            ecep:syllab="1"
            ecep:pron="ðaɪ">thy</w>
         <c> </c>
         <w xml:id="bah18-114510"
            n="a-0210"
            ecep:lem="weak"
            ecep:pos="j"
            ecep:reg="weak"
            ecep:spe="weak"
            ecep:syllab="1"
            ecep:pron="wiːk">weak</w>
         <c> </c>
         <w xml:id="bah18-114520"
            n="a-0220"
            ecep:lem="slave"
            ecep:pos="n2"
            ecep:reg="slaves"
            ecep:spe="slaves"
            ecep:syllab="1"
            ecep:pron="sleɪvz">slaves</w>
         <c> </c>
         <w xml:id="bah18-114530"
            n="a-0230"
            ecep:lem="can"
            ecep:pos="vmb"
            ecep:reg="can"
            ecep:spe="can"
            ecep:syllab="1"
            ecep:pron="kæn">can</w>
         <c> </c>
         <w xml:id="bah18-114540"
            n="a-0240"
            ecep:lem="bear"
            ecep:pos="vvi"
            ecep:reg="bear"
            ecep:spe="bear"
            ecep:syllab="1"
            ecep:pron="beə">bear</w>
         <pc xml:id="bah18-114550"
             n="a-0250"
             unit="sentence"
             ecep:lem="?"
             ecep:pos="?"
             ecep:reg="?"
             ecep:spe="?">?</pc>
         <c> </c>
      </l>
      <l xml:id="bah18-l05115">
         <w xml:id="bah18-114560"
            n="a-0260"
            ecep:lem="behold"
            ecep:pos="vvb"
            ecep:reg="Behold"
            ecep:spe="Behold"
            ecep:syllab="2"
            ecep:pron="bɪˈhəʊld">Behold</w>
         <c> </c>
         <w xml:id="bah18-114570"
            n="a-0270"
            ecep:lem="they"
            ecep:pos="pno32"
            ecep:reg="them"
            ecep:spe="them"
            ecep:syllab="1"
            ecep:pron="ðem">them</w>
         <c> </c>
         <w xml:id="bah18-114580"
            n="a-0280"
            ecep:lem="victim"
            ecep:pos="n2"
            ecep:reg="victims"
            ecep:spe="victims"
            ecep:syllab="2"
            ecep:pron="ˈvɪktɪmz">victims</w>
         <c> </c>
         <w xml:id="bah18-114590"
            n="a-0290"
            ecep:lem="to"
            ecep:pos="p-acp"
            ecep:reg="to"
            ecep:spe="to"
            ecep:syllab="1"
            ecep:pron="tuː">to</w>
         <c> </c>
         <w xml:id="bah18-114600"
            n="a-0300"
            ecep:lem="despair"
            ecep:pos="n1"
            ecep:reg="despair"
            ecep:spe="despair"
            ecep:syllab="2"
            ecep:pron="dɪˈspeə">despair</w>
         <pc xml:id="bah18-114610"
             n="a-0310"
             unit="sentence"
             ecep:lem="!"
             ecep:pos="!"
             ecep:reg="!"
             ecep:spe="!">!</pc>
         <c> </c>
      </l>
   </lg>
   <lg xml:id="bah18-s00825">
      <l xml:id="bah18-l05120">
         <w xml:id="bah18-114640"
            n="a-0320"
            ecep:lem="behold"
            ecep:pos="vvb"
            ecep:reg="Behold"
            ecep:spe="Behold"
            ecep:syllab="2"
            ecep:pron="bɪˈhəʊld">Behold</w>
         <c> </c>
         <w xml:id="bah18-114650"
            n="a-0330"
            ecep:lem="thy"
            ecep:pos="po21"
            ecep:reg="thy"
            ecep:spe="thy"
            ecep:syllab="1"
            ecep:pron="ðaɪ">thy</w>
         <c> </c>
         <w xml:id="bah18-114660"
            n="a-0340"
            ecep:lem="son"
            ecep:pos="n2"
            ecep:reg="sons"
            ecep:spe="sons"
            ecep:syllab="1"
            ecep:pron="sʌnz">sons</w>
         <c> </c>
         <w xml:id="bah18-114670"
            n="a-0350"
            ecep:lem="unpitied"
            ecep:pos="j"
            ecep:reg="unpitied"
            ecep:spe="unpitied"
            ecep:syllab="3"
            ecep:pron="ʌnˈpɪtɪd">unpitied</w>
         <c> </c>
         <w xml:id="bah18-114680"
            n="a-0360"
            ecep:lem="bleed"
            ecep:pos="vvi"
            ecep:reg="bleed"
            ecep:spe="bleed"
            ecep:syllab="1"
            ecep:pron="bliːd">bleed</w>
         <pc xml:id="bah18-114690"
             n="a-0370"
             ecep:lem=","
             ecep:pos=","
             ecep:reg=","
             ecep:spe=",">,</pc>
      </l>
      <l xml:id="bah18-l05125">
         <c> </c>
         <w xml:id="bah18-114700"
            n="a-0380"
            ecep:lem="while"
            ecep:pos="cs"
            ecep:reg="While"
            ecep:spe="While"
            ecep:syllab="1"
            ecep:pron="waɪl">While</w>
         <c> </c>
         <w xml:id="bah18-114710"
            n="a-0390"
            ecep:lem="wealth"
            ecep:pos="n1"
            ecep:reg="wealth"
            ecep:spe="wealth"
            ecep:syllab="1"
            ecep:pron="welθ">wealth</w>
         <c> </c>
         <w xml:id="bah18-114720"
            n="a-0400"
            ecep:lem="and"
            ecep:pos="cc"
            ecep:reg="and"
            ecep:spe="and"
            ecep:syllab="1"
            ecep:pron="ænd">and</w>
         <c> </c>
         <w xml:id="bah18-114730"
            n="a-0410"
            ecep:lem="honour"
            ecep:pos="n2"
            ecep:reg="honours"
            ecep:spe="honours"
            ecep:syllab="1"
            ecep:pron="ˈɒnəz">honours</w>
         <c> </c>
         <w xml:id="bah18-114740"
            n="a-0420"
            ecep:lem="crown"
            ecep:pos="vvb"
            ecep:reg="crown"
            ecep:spe="crown"
            ecep:syllab="1"
            ecep:pron="kraʊn">crown</w>
         <c> </c>
         <w xml:id="bah18-114750"
            n="a-0430"
            ecep:lem="the"
            ecep:pos="dt"
            ecep:reg="the"
            ecep:spe="the"
            ecep:syllab="1"
            ecep:pron="ðə">the</w>
         <c> </c>
         <w xml:id="bah18-114760"
            n="a-0440"
            ecep:lem="deed"
            ecep:pos="n1"
            ecep:reg="deed"
            ecep:spe="deed"
            ecep:syllab="1"
            ecep:pron="diːd">deed</w>
         <pc xml:id="bah18-114770"
             n="a-0450"
             ecep:lem=":"
             ecep:pos=":"
             ecep:reg=":"
             ecep:spe=":">:</pc>
      </l>
      <l xml:id="bah18-l05130">
         <c> </c>
         <w xml:id="bah18-114780"
            n="a-0460"
            ecep:lem="see"
            ecep:pos="vvb"
            ecep:reg="See"
            ecep:spe="See"
            ecep:syllab="1"
            ecep:pron="siː">See</w>
         <c> </c>
         <w xml:id="bah18-114790"
            n="a-0470"
            ecep:lem="grasp"
            ecep:pos="j-vvg"
            ecep:reg="grasping"
            ecep:spe="grasping"
            ecep:syllab="2"
            ecep:pron="ˈgrɑːspɪŋ">grasping</w>
         <c> </c>
         <w xml:id="bah18-114800"
            n="a-0480"
            ecep:lem="avarice"
            ecep:pos="n1"
            ecep:reg="avarice"
            ecep:spe="avarice"
            ecep:syllab="3"
            ecep:pron="ˈævərɪs">avarice</w>
         <c> </c>
         <w xml:id="bah18-114810"
            n="a-0490"
            ecep:lem="deny"
            ecep:pos="vvz"
            ecep:reg="denies"
            ecep:spe="denies"
            ecep:syllab="2"
            ecep:pron="dɪˈnaɪz">denies</w>
      </l>
      <l xml:id="bah18-l05135">
         <c> </c>
         <w xml:id="bah18-114820"
            n="a-0500"
            ecep:lem="a"
            ecep:pos="dt"
            ecep:reg="A"
            ecep:spe="A"
            ecep:syllab="1"
            ecep:pron="ə">A</w>
         <c> </c>
         <w xml:id="bah18-114830"
            n="a-0510"
            ecep:lem="moment"
            ecep:pos="n1"
            ecep:reg="moment"
            ecep:spe="moment"
            ecep:syllab="2"
            ecep:pron="ˈməʊmənt">moment</w>
         <c> </c>
         <w xml:id="bah18-114840"
            n="a-0520"
            ecep:lem="to"
            ecep:pos="p-acp"
            ecep:reg="to"
            ecep:spe="to"
            ecep:syllab="1"
            ecep:pron="tuː">to</w>
         <c> </c>
         <w xml:id="bah18-114850"
            n="a-0530"
            ecep:lem="their"
            ecep:pos="po32"
            ecep:reg="their"
            ecep:spe="their"
            ecep:syllab="1"
            ecep:pron="ðeə">their</w>
         <c> </c>
         <w xml:id="bah18-114860"
            n="a-0540"
            ecep:lem="suppliant"
            ecep:pos="j-jn"
            ecep:reg="suppliant"
            ecep:spe="suppliant"
            ecep:syllab="3"
            ecep:pron="ˈsʌplɪənt">suppliant</w>
         <c> </c>
         <w xml:id="bah18-114870"
            n="a-0550"
            ecep:lem="cry"
            ecep:pos="n2"
            ecep:reg="cries"
            ecep:spe="cries"
            ecep:syllab="1"
            ecep:pron="kraɪz">cries</w>
         <pc xml:id="bah18-114880"
             n="a-0560"
             unit="sentence"
             ecep:lem="."
             ecep:pos="."
             ecep:reg="."
             ecep:spe=".">.</pc>
         <c> </c>
      </l>
   </lg>
   <lg xml:id="bah18-s00830">
      <l xml:id="bah18-l05140">
         <w xml:id="bah18-114910"
            n="a-0570"
            ecep:lem="dark"
            ecep:pos="j"
            ecep:reg="Dark"
            ecep:spe="Dark"
            ecep:syllab="1"
            ecep:pron="dɑːk">Dark</w>
         <c> </c>
         <w xml:id="bah18-114920"
            n="a-0580"
            ecep:lem="deadly"
            ecep:pos="j"
            ecep:reg="deadly"
            ecep:spe="deadly"
            ecep:syllab="2"
            ecep:pron="ˈdedlɪ">deadly</w>
         <c> </c>
         <w xml:id="bah18-114930"
            n="a-0590"
            ecep:lem="fraud"
            ecep:pos="n1"
            ecep:reg="fraud"
            ecep:spe="fraud"
            ecep:syllab="1"
            ecep:pron="frɔːd">fraud</w>
         <pc xml:id="bah18-114940"
             n="a-0600"
             ecep:lem=","
             ecep:pos=","
             ecep:reg=","
             ecep:spe=",">,</pc>
         <c> </c>
         <w xml:id="bah18-114950"
            n="a-0610"
            ecep:lem="wild"
            ecep:pos="j"
            ecep:reg="wild"
            ecep:spe="wild"
            ecep:syllab="1"
            ecep:pron="waɪld">wild</w>
         <c> </c>
         <w xml:id="bah18-114960"
            n="a-0620"
            ecep:lem="horrid"
            ecep:pos="j"
            ecep:reg="horrid"
            ecep:spe="horrid"
            ecep:syllab="2"
            ecep:pron="ˈhɒrɪd">horrid</w>
         <c> </c>
         <w xml:id="bah18-114970"
            n="a-0630"
            ecep:lem="strife"
            ecep:pos="n1"
            ecep:reg="strife"
            ecep:spe="strife"
            ecep:syllab="1"
            ecep:pron="straɪf">strife</w>
         <pc xml:id="bah18-114980"
             n="a-0640"
             ecep:lem=","
             ecep:pos=","
             ecep:reg=","
             ecep:spe=",">,</pc>
      </l>
      <l xml:id="bah18-l05145">
         <c> </c>
         <w xml:id="bah18-114990"
            n="a-0650"
            ecep:lem="the"
            ecep:pos="dt"
            ecep:reg="The"
            ecep:spe="The"
            ecep:syllab="1"
            ecep:pron="ðə">The</w>
         <c> </c>
         <w xml:id="bah18-115000"
            n="a-0660"
            ecep:lem="poison"
            ecep:pos="j-vvn"
            ecep:reg="poisoned"
            ecep:spe="poison'd"
            ecep:syllab="2"
            ecep:pron="ˈpɔɪznd">poison'd</w>
         <c> </c>
         <w xml:id="bah18-115010"
            n="a-0670"
            ecep:lem="bowl"
            ecep:pos="n1"
            ecep:reg="bowl"
            ecep:spe="bowl"
            ecep:syllab="1"
            ecep:pron="bəʊl">bowl</w>
         <pc xml:id="bah18-115020"
             n="a-0680"
             ecep:lem=","
             ecep:pos=","
             ecep:reg=","
             ecep:spe=",">,</pc>
         <c> </c>
         <w xml:id="bah18-115030"
            n="a-0690"
            ecep:lem="the"
            ecep:pos="dt"
            ecep:reg="the"
            ecep:spe="the"
            ecep:syllab="1"
            ecep:pron="ðə">the</w>
         <c> </c>
         <w xml:id="bah18-115040"
            n="a-0700"
            ecep:lem="murder"
            ecep:pos="j-vvg"
            ecep:reg="murdering"
            ecep:spe="murd'ring"
            ecep:syllab="2"
            ecep:pron="mˈɜːdrɪŋ">murd'ring</w>
         <c> </c>
         <w xml:id="bah18-115050"
            n="a-0710"
            ecep:lem="knife"
            ecep:pos="n1"
            ecep:reg="knife"
            ecep:spe="knife"
            ecep:syllab="1"
            ecep:pron="naɪf">knife</w>
         <pc xml:id="bah18-115060"
             n="a-0720"
             ecep:lem=","
             ecep:pos=","
             ecep:reg=","
             ecep:spe=",">,</pc>
      </l>
      <l xml:id="bah18-l05150">
         <c> </c>
         <w xml:id="bah18-115070"
            n="a-0730"
            ecep:lem="combine"
            ecep:pos="vvb"
            ecep:reg="Combine"
            ecep:spe="Combine"
            ecep:syllab="2"
            ecep:pron="kəmˈbaɪn">Combine</w>
         <c> </c>
         <w xml:id="bah18-115080"
            n="a-0740"
            ecep:lem="thy"
            ecep:pos="po21"
            ecep:reg="thy"
            ecep:spe="thy"
            ecep:syllab="1"
            ecep:pron="ðaɪ">thy</w>
         <c> </c>
         <w xml:id="bah18-115090"
            n="a-0750"
            ecep:lem="people"
            ecep:pos="n1"
            ecep:reg="people"
            ecep:spe="people"
            ecep:syllab="2"
            ecep:pron="ˈpiːpl">people</w>
         <c> </c>
         <w xml:id="bah18-115100"
            n="a-0760"
            ecep:lem="to"
            ecep:pos="pc-acp"
            ecep:reg="to"
            ecep:spe="to"
            ecep:syllab="1"
            ecep:pron="tuː">to</w>
         <c> </c>
         <w xml:id="bah18-115110"
            n="a-0770"
            ecep:lem="annoy"
            ecep:pos="vvi"
            ecep:reg="annoy"
            ecep:spe="annoy"
            ecep:syllab="2"
            ecep:pron="əˈnɔɪ">annoy</w>
         <pc xml:id="bah18-115120"
             n="a-0780"
             ecep:lem=";"
             ecep:pos=";"
             ecep:reg=";"
             ecep:spe=";">;</pc>
      </l>
      <l xml:id="bah18-l05155">
         <c> </c>
         <w xml:id="bah18-115130"
            n="a-0790"
            ecep:lem="rise"
            ecep:pos="vvb"
            ecep:reg="Rise"
            ecep:spe="Rise"
            ecep:syllab="1"
            ecep:pron="raɪz">Rise</w>
         <c> </c>
         <w xml:id="bah18-115140"
            n="a-0800"
            ecep:lem="and"
            ecep:pos="cc"
            ecep:reg="and"
            ecep:spe="and"
            ecep:syllab="1"
            ecep:pron="ænd">and</w>
         <c> </c>
         <w xml:id="bah18-115150"
            n="a-0810"
            ecep:lem="avenge"
            ecep:pos="vvi"
            ecep:reg="avenge"
            ecep:spe="avenge"
            ecep:syllab="2"
            ecep:pron="əˈvendʒ">avenge</w>
         <c> </c>
         <w xml:id="bah18-115160"
            n="a-0820"
            ecep:lem="they"
            ecep:pos="pno32"
            ecep:reg="them"
            ecep:spe="them"
            ecep:syllab="1"
            ecep:pron="ðem">them</w>
         <pc xml:id="bah18-115170"
             n="a-0830"
             ecep:lem=","
             ecep:pos=","
             ecep:reg=","
             ecep:spe=",">,</pc>
         <c> </c>
         <w xml:id="bah18-115180"
            n="a-0840"
            ecep:lem="or"
            ecep:pos="cc"
            ecep:reg="or"
            ecep:spe="or"
            ecep:syllab="1"
            ecep:pron="ɔː">or</w>
         <c> </c>
         <w xml:id="bah18-115190"
            n="a-0850"
            ecep:lem="destroy"
            ecep:pos="vvb"
            ecep:reg="destroy"
            ecep:spe="destroy"
            ecep:syllab="2"
            ecep:pron="dɪˈstrɔɪ">destroy</w>
         <pc xml:id="bah18-115200"
             n="a-0860"
             unit="sentence"
             ecep:lem="!"
             ecep:pos="!"
             ecep:reg="!"
             ecep:spe="!">!</pc>
         <c> </c>
      </l>
   </lg>
   <lg xml:id="bah18-s00835">
      <l xml:id="bah18-l05160">
         <w xml:id="bah18-115230"
            n="a-0870"
            ecep:lem="with"
            ecep:pos="p-acp"
            ecep:reg="With"
            ecep:spe="With"
            ecep:syllab="1"
            ecep:pron="wɪð">With</w>
         <c> </c>
         <w xml:id="bah18-115240"
            n="a-0880"
            ecep:lem="chain"
            ecep:pos="n2"
            ecep:reg="chains"
            ecep:spe="chains"
            ecep:syllab="1"
            ecep:pron="tʃeɪnz">chains</w>
         <c> </c>
         <w xml:id="bah18-115250"
            n="a-0890"
            ecep:lem="of"
            ecep:pos="pp-f"
            ecep:reg="of"
            ecep:spe="of"
            ecep:syllab="1"
            ecep:pron="ɒv">of</w>
         <c> </c>
         <w xml:id="bah18-115260"
            n="a-0900"
            ecep:lem="fire"
            ecep:pos="n1"
            ecep:reg="fire"
            ecep:spe="fire"
            ecep:syllab="2"
            ecep:pron="faɪə">fire</w>
         <c> </c>
         <w xml:id="bah18-115270"
            n="a-0910"
            ecep:lem="the"
            ecep:pos="dt"
            ecep:reg="the"
            ecep:spe="the"
            ecep:syllab="1"
            ecep:pron="ðə">the</w>
         <c> </c>
         <w xml:id="bah18-115280"
            n="a-0920"
            ecep:lem="genii"
            ecep:pos="fw-la"
            ecep:reg="genii"
            ecep:spe="genii"
            ecep:syllab="3"
            ecep:pron="ˈdʒiːnɪˌaɪ">genii</w>
         <c> </c>
         <w xml:id="bah18-115290"
            n="a-0930"
            ecep:lem="bind"
            ecep:pos="vvi"
            ecep:reg="bind"
            ecep:spe="bind"
            ecep:syllab="1"
            ecep:pron="baɪnd">bind</w>
         <pc xml:id="bah18-115300"
             n="a-0940"
             ecep:lem=","
             ecep:pos=","
             ecep:reg=","
             ecep:spe=",">,</pc>
      </l>
      <l xml:id="bah18-l05165">
         <c> </c>
         <w xml:id="bah18-115310"
            n="a-0950"
            ecep:lem="who"
            ecep:pos="q-crq"
            ecep:reg="Who"
            ecep:spe="Who"
            ecep:syllab="1"
            ecep:pron="huː">Who</w>
         <c> </c>
         <w xml:id="bah18-115320"
            n="a-0960"
            ecep:lem="come"
            ecep:pos="vvb"
            ecep:reg="come"
            ecep:spe="come"
            ecep:syllab="1"
            ecep:pron="kʌm">come</w>
         <c> </c>
         <w xml:id="bah18-115330"
            n="a-0970"
            ecep:lem="the"
            ecep:pos="dt"
            ecep:reg="the"
            ecep:spe="the"
            ecep:syllab="1"
            ecep:pron="ðə">the</w>
         <c> </c>
         <w xml:id="bah18-115340"
            n="a-0980"
            ecep:lem="scourge"
            ecep:pos="n1"
            ecep:reg="scourge"
            ecep:spe="scourge"
            ecep:syllab="1"
            ecep:pron="skɜːdʒ">scourge</w>
         <c> </c>
         <w xml:id="bah18-115350"
            n="a-0990"
            ecep:lem="of"
            ecep:pos="pp-f"
            ecep:reg="of"
            ecep:spe="of"
            ecep:syllab="1"
            ecep:pron="ɒv">of</w>
         <c> </c>
         <w xml:id="bah18-115360"
            n="a-1000"
            ecep:lem="human"
            ecep:pos="j"
            ecep:reg="human"
            ecep:spe="human"
            ecep:syllab="2"
            ecep:pron="ˈhjuːmən">human</w>
         <c> </c>
         <w xml:id="bah18-115370"
            n="a-1010"
            ecep:lem="kind"
            ecep:pos="n1"
            ecep:reg="kind"
            ecep:spe="kind"
            ecep:syllab="1"
            ecep:pron="kaɪnd">kind</w>
         <pc xml:id="bah18-115380"
             n="a-1020"
             ecep:lem=";"
             ecep:pos=";"
             ecep:reg=";"
             ecep:spe=";">;</pc>
      </l>
      <l xml:id="bah18-l05170">
         <c> </c>
         <w xml:id="bah18-115390"
            n="a-1030"
            ecep:lem="plunge"
            ecep:pos="vvi"
            ecep:reg="Plunge"
            ecep:spe="Plunge"
            ecep:syllab="1"
            ecep:pron="plʌndʒ">Plunge</w>
         <c> </c>
         <w xml:id="bah18-115400"
            n="a-1040"
            ecep:lem="they"
            ecep:pos="pno32"
            ecep:reg="them"
            ecep:spe="them"
            ecep:syllab="1"
            ecep:pron="ðem">them</w>
         <c> </c>
         <w xml:id="bah18-115410"
            n="a-1050"
            ecep:lem="in"
            ecep:pos="p-acp"
            ecep:reg="in"
            ecep:spe="in"
            ecep:syllab="1"
            ecep:pron="ɪn">in</w>
         <c> </c>
         <w xml:id="bah18-115420"
            n="a-1060"
            ecep:lem="sea"
            ecep:pos="n2"
            ecep:reg="seas"
            ecep:spe="seas"
            ecep:syllab="1"
            ecep:pron="siːz">seas</w>
         <c> </c>
         <w xml:id="bah18-115430"
            n="a-1070"
            ecep:lem="of"
            ecep:pos="pp-f"
            ecep:reg="of"
            ecep:spe="of"
            ecep:syllab="1"
            ecep:pron="ɒv">of</w>
         <c> </c>
         <w xml:id="bah18-115440"
            n="a-1080"
            ecep:lem="melt"
            ecep:pos="vvg"
            ecep:reg="melting"
            ecep:spe="melting"
            ecep:syllab="2"
            ecep:pron="ˈmeltɪŋ">melting</w>
         <c> </c>
         <w xml:id="bah18-115450"
            n="a-1090"
            ecep:lem="over"
            ecep:pos="p-acp"
            ecep:reg="over"
            ecep:spe="ore"
            ecep:syllab="1"
            ecep:pron="ɔː">ore</w>
         <pc xml:id="bah18-115460"
             n="a-1100"
             ecep:lem=","
             ecep:pos=","
             ecep:reg=","
             ecep:spe=",">,</pc>
      </l>
      <l xml:id="bah18-l05175">
         <c> </c>
         <w xml:id="bah18-115470"
            n="a-1110"
            ecep:lem="crown"
            ecep:pos="n1"
            ecep:reg="Crown"
            ecep:spe="Crown"
            ecep:syllab="1"
            ecep:pron="kraʊn">Crown</w>
         <c> </c>
         <w xml:id="bah18-115480"
            n="a-1120"
            ecep:lem="they"
            ecep:pos="pno32"
            ecep:reg="them"
            ecep:spe="them"
            ecep:syllab="1"
            ecep:pron="ðem">them</w>
         <c> </c>
         <w xml:id="bah18-115490"
            n="a-1130"
            ecep:lem="with"
            ecep:pos="p-acp"
            ecep:reg="with"
            ecep:spe="with"
            ecep:syllab="1"
            ecep:pron="wɪð">with</w>
         <c> </c>
         <w xml:id="bah18-115500"
            n="a-1140"
            ecep:lem="poniard"
            ecep:pos="n2"
            ecep:reg="poniards"
            ecep:spe="poniards"
            ecep:syllab="3"
            ecep:pron="ˈpɒnjədz">poniards</w>
         <c> </c>
         <w xml:id="bah18-115510"
            n="a-1150"
            ecep:lem="dip"
            ecep:pos="vvn"
            ecep:reg="dipped"
            ecep:spe="dip'd"
            ecep:syllab="1"
            ecep:pron="dˈɪpd">dip'd</w>
         <c> </c>
         <w xml:id="bah18-115520"
            n="a-1160"
            ecep:lem="in"
            ecep:pos="p-acp"
            ecep:reg="in"
            ecep:spe="in"
            ecep:syllab="1"
            ecep:pron="ɪn">in</w>
         <c> </c>
         <w xml:id="bah18-115530"
            n="a-1170"
            ecep:lem="gore"
            ecep:pos="n1"
            ecep:reg="gore"
            ecep:spe="gore"
            ecep:syllab="1"
            ecep:pron="gɔː">gore</w>
         <pc xml:id="bah18-115540"
             n="a-1180"
             unit="sentence"
             ecep:lem="."
             ecep:pos="."
             ecep:reg="."
             ecep:spe=".">.</pc>
         <c> </c>
      </l>
   </lg>
   <lg xml:id="bah18-s00840">
      <l xml:id="bah18-l05180">
         <w xml:id="bah18-115570"
            n="a-1190"
            ecep:lem="o"
            ecep:pos="uh"
            ecep:reg="OH"
            ecep:spe="O"
            ecep:syllab="1"
            ecep:pron="əʊ">O</w>
         <pc xml:id="bah18-115580"
             n="a-1200"
             ecep:lem=","
             ecep:pos=","
             ecep:reg=","
             ecep:spe=",">,</pc>
         <c> </c>
         <w xml:id="bah18-115590"
            n="a-1210"
            ecep:lem="brama"
            ecep:pos="n1"
            ecep:reg="Brama"
            ecep:spe="Brama"
            ecep:syllab="2"
            ecep:pron="brˈɑːmə">Brama</w>
         <pc xml:id="bah18-115600"
             n="a-1220"
             ecep:lem="!"
             ecep:pos="!"
             ecep:reg="!"
             ecep:spe="!">!</pc>
         <c> </c>
         <w xml:id="bah18-115610"
            n="a-1230"
            ecep:lem="may"
            ecep:pos="vmb"
            ecep:reg="may"
            ecep:spe="may"
            ecep:syllab="1"
            ecep:pron="meɪ">may</w>
         <c> </c>
         <w xml:id="bah18-115620"
            n="a-1240"
            ecep:lem="thy"
            ecep:pos="po21"
            ecep:reg="thy"
            ecep:spe="thy"
            ecep:syllab="1"
            ecep:pron="ðaɪ">thy</w>
         <c> </c>
         <w xml:id="bah18-115630"
            n="a-1250"
            ecep:lem="slave"
            ecep:pos="n1"
            ecep:reg="slave"
            ecep:spe="slave"
            ecep:syllab="1"
            ecep:pron="sleɪv">slave</w>
         <c> </c>
         <w xml:id="bah18-115640"
            n="a-1260"
            ecep:lem="prevail"
            ecep:pos="vvi"
            ecep:reg="prevail"
            ecep:spe="prevail"
            ecep:syllab="2"
            ecep:pron="prɪˈveɪl">prevail</w>
         <pc xml:id="bah18-115650"
             n="a-1270"
             ecep:lem=","
             ecep:pos=","
             ecep:reg=","
             ecep:spe=",">,</pc>
      </l>
      <l xml:id="bah18-l05185">
         <c> </c>
         <w xml:id="bah18-115660"
            n="a-1280"
            ecep:lem="soon"
            ecep:pos="av"
            ecep:reg="Soon"
            ecep:spe="Soon"
            ecep:syllab="1"
            ecep:pron="suːn">Soon</w>
         <c> </c>
         <w xml:id="bah18-115670"
            n="a-1290"
            ecep:lem="shall"
            ecep:pos="vmb"
            ecep:reg="shall"
            ecep:spe="shall"
            ecep:syllab="1"
            ecep:pron="ʃæl">shall</w>
         <c> </c>
         <w xml:id="bah18-115680"
            n="a-1300"
            ecep:lem="they"
            ecep:pos="pns32"
            ecep:reg="they"
            ecep:spe="they"
            ecep:syllab="1"
            ecep:pron="ðeɪ">they</w>
         <c> </c>
         <w xml:id="bah18-115690"
            n="a-1310"
            ecep:lem="spread"
            ecep:pos="vvi"
            ecep:reg="spread"
            ecep:spe="spread"
            ecep:syllab="1"
            ecep:pron="spred">spread</w>
         <c> </c>
         <w xml:id="bah18-115700"
            n="a-1320"
            ecep:lem="their"
            ecep:pos="po32"
            ecep:reg="their"
            ecep:spe="their"
            ecep:syllab="1"
            ecep:pron="ðeə">their</w>
         <c> </c>
         <w xml:id="bah18-115710"
            n="a-1330"
            ecep:lem="part"
            ecep:pos="j-vvg"
            ecep:reg="parting"
            ecep:spe="parting"
            ecep:syllab="2"
            ecep:pron="ˈpɑːtɪŋ">parting</w>
         <c> </c>
         <w xml:id="bah18-115720"
            n="a-1340"
            ecep:lem="sail"
            ecep:pos="n1"
            ecep:reg="sail"
            ecep:spe="sail"
            ecep:syllab="1"
            ecep:pron="seɪl">sail</w>
         <pc xml:id="bah18-115730"
             n="a-1350"
             ecep:lem=";"
             ecep:pos=";"
             ecep:reg=";"
             ecep:spe=";">;</pc>
      </l>
      <l xml:id="bah18-l05190">
         <c> </c>
         <w xml:id="bah18-115740"
            n="a-1360"
            ecep:lem="command"
            ecep:pos="vvb"
            ecep:reg="Command"
            ecep:spe="Command"
            ecep:syllab="2"
            ecep:pron="kəˈmɑːnd">Command</w>
         <c> </c>
         <w xml:id="bah18-115750"
            n="a-1370"
            ecep:lem="they"
            ecep:pos="pno32"
            ecep:reg="them"
            ecep:spe="them"
            ecep:syllab="1"
            ecep:pron="ðem">them</w>
         <c> </c>
         <w xml:id="bah18-115760"
            n="a-1380"
            ecep:lem="distant"
            ecep:pos="j"
            ecep:reg="distant"
            ecep:spe="distant"
            ecep:syllab="2"
            ecep:pron="ˈdɪstənt">distant</w>
         <c> </c>
         <w xml:id="bah18-115770"
            n="a-1390"
            ecep:lem="far"
            ecep:pos="av-j"
            ecep:reg="far"
            ecep:spe="far"
            ecep:syllab="1"
            ecep:pron="fɑː">far</w>
         <c> </c>
         <w xml:id="bah18-115780"
            n="a-1400"
            ecep:lem="to"
            ecep:pos="pc-acp"
            ecep:reg="to"
            ecep:spe="to"
            ecep:syllab="1"
            ecep:pron="tuː">to</w>
         <c> </c>
         <w xml:id="bah18-115790"
            n="a-1410"
            ecep:lem="fly"
            ecep:pos="vvi"
            ecep:reg="fly"
            ecep:spe="fly"
            ecep:syllab="1"
            ecep:pron="flaɪ">fly</w>
         <pc xml:id="bah18-115800"
             n="a-1420"
             ecep:lem=","
             ecep:pos=","
             ecep:reg=","
             ecep:spe=",">,</pc>
      </l>
      <l xml:id="bah18-l05195">
         <c> </c>
         <w xml:id="bah18-115810"
            n="a-1430"
            ecep:lem="fall"
            ecep:pos="vvd"
            ecep:reg="Fell"
            ecep:spe="Fell"
            ecep:syllab="1"
            ecep:pron="fel">Fell</w>
         <c> </c>
         <w xml:id="bah18-115820"
            n="a-1440"
            ecep:lem="demon"
            ecep:pos="n2"
            ecep:reg="demons"
            ecep:spe="demons"
            ecep:syllab="2"
            ecep:pron="ˈdiːmənz">demons</w>
         <c> </c>
         <w xml:id="bah18-115830"
            n="a-1450"
            ecep:lem="of"
            ecep:pos="pp-f"
            ecep:reg="of"
            ecep:spe="of"
            ecep:syllab="1"
            ecep:pron="ɒv">of</w>
         <c> </c>
         <w xml:id="bah18-115840"
            n="a-1460"
            ecep:lem="calamity"
            ecep:pos="n1"
            ecep:reg="calamity"
            ecep:spe="calamity"
            ecep:syllab="4"
            ecep:pron="kəˈlæmɪtɪ">calamity</w>
         <pc xml:id="bah18-115850"
             n="a-1470"
             unit="sentence"
             ecep:lem="!"
             ecep:pos="!"
             ecep:reg="!"
             ecep:spe="!">!</pc>
         <c> </c>
      </l>
   </lg>
</div>
