<?xml version="1.0" encoding="utf-8"?>
<!DOCTYPE div
  SYSTEM "about:legacy-compat">
<div xmlns:tei="http://www.tei-c.org/ns/1.0"
     xmlns="http://www.tei-c.org/ns/1.0"
     xmlns:ecep="http://www.eighteenthcenturypoetry.org/ns"
     ana="#iamb #tetrameter #sestet #inscription #pair"
     corresp="#txt_ShenWi1714_w0011"
     ecep:syllab="8.8.8.8.8.8"
     met="-+|-+|-+|-+/              -+|-+|-+|-+/              -+|-+|-+|-+/              -+|-+|-+|-+/              -+|-+|-+|-+/              -+|-+|-+|-+/"
     n="1"
     rendition="#lgvspace"
     rhyme="aabbcc"
     subtype="eceptext"
     type="inscription"
     xml:id="o5155-w0940"
     decls="#semi-normalized">
   <link target="authors.xml#aut_ShenWi1714" type="author"/>
   <link target="27283" type="DMI"/>
   <head type="main">
      <w xml:id="o5155-714210"
         n="347-a-0080"
         ecep:lem="on"
         ecep:pos="p-acp"
         ecep:reg="On"
         ecep:spe="On"
         ecep:syllab="1"
         ecep:pron="ɒn">On</w>
      <c> </c>
      <w xml:id="o5155-714220"
         n="347-a-0090"
         ecep:lem="a"
         ecep:pos="dt"
         ecep:reg="a"
         ecep:spe="a"
         ecep:syllab="1"
         ecep:pron="ə">a</w>
      <c> </c>
      <w xml:id="o5155-714230"
         n="347-a-0100"
         ecep:lem="root-house"
         ecep:pos="n1"
         ecep:reg="ROOT-HOUSE"
         ecep:spe="ROOT-HOUSE"
         ecep:syllab="2"
         ecep:pron="ruːtˌhaʊz">ROOT-HOUSE</w>
      <pc xml:id="o5155-714240"
          n="347-a-0110"
          unit="sentence"
          ecep:lem="."
          ecep:pos="."
          ecep:reg="."
          ecep:spe=".">.</pc>
   </head>
   <lg xml:id="o5155-s04595">
      <l xml:id="o5155-l38190">
         <w xml:id="o5155-714270"
            n="347-a-0120"
            ecep:lem="here"
            ecep:pos="av"
            ecep:reg="HERE"
            ecep:spe="HERE"
            ecep:syllab="1"
            ecep:pron="hɪə">HERE</w>
         <c> </c>
         <w xml:id="o5155-714280"
            n="347-a-0130"
            ecep:lem="in"
            ecep:pos="p-acp"
            ecep:reg="in"
            ecep:spe="in"
            ecep:syllab="1"
            ecep:pron="ɪn">in</w>
         <c> </c>
         <w xml:id="o5155-714290"
            n="347-a-0140"
            ecep:lem="cool"
            ecep:pos="j"
            ecep:reg="cool"
            ecep:spe="cool"
            ecep:syllab="1"
            ecep:pron="kuːl">cool</w>
         <c> </c>
         <w xml:id="o5155-714300"
            n="347-a-0150"
            ecep:lem="grot"
            ecep:pos="n1"
            ecep:reg="grot"
            ecep:spe="grot"
            ecep:syllab="1"
            ecep:pron="grɒt">grot</w>
         <pc xml:id="o5155-714310"
             n="347-a-0160"
             ecep:lem=","
             ecep:pos=","
             ecep:reg=","
             ecep:spe=",">,</pc>
         <c> </c>
         <w xml:id="o5155-714320"
            n="347-a-0170"
            ecep:lem="and"
            ecep:pos="cc"
            ecep:reg="and"
            ecep:spe="and"
            ecep:syllab="1"
            ecep:pron="ænd">and</w>
         <c> </c>
         <w xml:id="o5155-714330"
            n="347-a-0180"
            ecep:lem="mossy"
            ecep:pos="j"
            ecep:reg="mossy"
            ecep:spe="mossy"
            ecep:syllab="2"
            ecep:pron="ˈmɒsi">mossy</w>
         <c> </c>
         <w xml:id="o5155-714340"
            n="347-a-0190"
            ecep:lem="cell"
            ecep:pos="n1"
            ecep:reg="cell"
            ecep:spe="cell"
            ecep:syllab="1"
            ecep:pron="sel">cell</w>
         <pc xml:id="o5155-714350"
             n="347-a-0200"
             ecep:lem=","
             ecep:pos=","
             ecep:reg=","
             ecep:spe=",">,</pc>
      </l>
      <l xml:id="o5155-l38195">
         <w xml:id="o5155-714360"
            n="347-a-0210"
            ecep:lem="we"
            ecep:pos="pns12"
            ecep:reg="We"
            ecep:spe="We"
            ecep:syllab="1"
            ecep:pron="wiː">We</w>
         <c> </c>
         <w xml:id="o5155-714370"
            n="347-a-0220"
            ecep:lem="rural"
            ecep:pos="j"
            ecep:reg="rural"
            ecep:spe="rural"
            ecep:syllab="2"
            ecep:pron="ˈrʊərl">rural</w>
         <c> </c>
         <w xml:id="o5155-714380"
            n="347-a-0230"
            ecep:lem="say"
            ecep:pos="vvz"
            ecep:reg="fays"
            ecep:spe="fays"
            ecep:syllab="1"
            ecep:pron="feɪz">fays</w>
         <c> </c>
         <w xml:id="o5155-714390"
            n="347-a-0240"
            ecep:lem="and"
            ecep:pos="cc"
            ecep:reg="and"
            ecep:spe="and"
            ecep:syllab="1"
            ecep:pron="ænd">and</w>
         <c> </c>
         <w xml:id="o5155-714400"
            n="347-a-0250"
            ecep:lem="fairy"
            ecep:pos="n2"
            ecep:reg="fairies"
            ecep:spe="faeries"
            ecep:syllab="3"
            ecep:pron="ˈfeɪərɪz">faeries</w>
         <c> </c>
         <w xml:id="o5155-714410"
            n="347-a-0260"
            ecep:lem="dwell"
            ecep:pos="vvi"
            ecep:reg="dwell"
            ecep:spe="dwell"
            ecep:syllab="1"
            ecep:pron="dwel">dwell</w>
         <pc xml:id="o5155-714420"
             n="347-a-0270"
             ecep:lem=":"
             ecep:pos=":"
             ecep:reg=":"
             ecep:spe=":">:</pc>
      </l>
      <l xml:id="o5155-l38200">
         <w xml:id="o5155-714430"
            n="347-a-0280"
            ecep:lem="though"
            ecep:pos="c-acp"
            ecep:reg="Though"
            ecep:spe="Tho'"
            ecep:syllab="1"
            ecep:pron="ðəʊ">Tho'</w>
         <c> </c>
         <w xml:id="o5155-714440"
            n="347-a-0290"
            ecep:lem="rare"
            ecep:pos="av-j"
            ecep:reg="rarely"
            ecep:spe="rarely"
            ecep:syllab="2"
            ecep:pron="reəli">rarely</w>
         <c> </c>
         <w xml:id="o5155-714450"
            n="347-a-0300"
            ecep:lem="see"
            ecep:pos="vvn"
            ecep:reg="seen"
            ecep:spe="seen"
            ecep:syllab="1"
            ecep:pron="siːn">seen</w>
         <c> </c>
         <w xml:id="o5155-714460"
            n="347-a-0310"
            ecep:lem="by"
            ecep:pos="p-acp"
            ecep:reg="by"
            ecep:spe="by"
            ecep:syllab="1"
            ecep:pron="baɪ">by</w>
         <c> </c>
         <w xml:id="o5155-714470"
            n="347-a-0320"
            ecep:lem="mortal"
            ecep:pos="j-jn"
            ecep:reg="mortal"
            ecep:spe="mortal"
            ecep:syllab="2"
            ecep:pron="ˈmɔːtl">mortal</w>
         <c> </c>
         <w xml:id="o5155-714480"
            n="347-a-0330"
            ecep:lem="eye"
            ecep:pos="n1"
            ecep:reg="eye"
            ecep:spe="eye"
            ecep:syllab="1"
            ecep:pron="aɪ">eye</w>
         <pc xml:id="o5155-714490"
             n="347-a-0340"
             ecep:lem=","
             ecep:pos=","
             ecep:reg=","
             ecep:spe=",">,</pc>
      </l>
      <l xml:id="o5155-l38205">
         <w xml:id="o5155-714500"
            n="347-a-0350"
            ecep:lem="when"
            ecep:pos="c-crq"
            ecep:reg="When"
            ecep:spe="When"
            ecep:syllab="1"
            ecep:pron="wen">When</w>
         <c> </c>
         <w xml:id="o5155-714510"
            n="347-a-0360"
            ecep:lem="the"
            ecep:pos="dt"
            ecep:reg="the"
            ecep:spe="the"
            ecep:syllab="1"
            ecep:pron="ðiː">the</w>
         <c> </c>
         <w xml:id="o5155-714520"
            n="347-a-0370"
            ecep:lem="pale"
            ecep:pos="j"
            ecep:reg="pale"
            ecep:spe="pale"
            ecep:syllab="1"
            ecep:pron="peɪl">pale</w>
         <c> </c>
         <w xml:id="o5155-714530"
            n="347-a-0380"
            ecep:lem="moon"
            ecep:pos="n1"
            ecep:reg="moon"
            ecep:spe="moon"
            ecep:syllab="1"
            ecep:pron="muːn">moon</w>
         <pc xml:id="o5155-714540"
             n="347-a-0390"
             ecep:lem=","
             ecep:pos=","
             ecep:reg=","
             ecep:spe=",">,</pc>
         <c> </c>
         <w xml:id="o5155-714550"
            n="347-a-0400"
            ecep:lem="ascend"
            ecep:pos="vvg"
            ecep:reg="ascending"
            ecep:spe="ascending"
            ecep:syllab="3"
            ecep:pron="əˈsendɪŋ">ascending</w>
         <c> </c>
         <w xml:id="o5155-714560"
            n="347-a-0410"
            ecep:lem="high"
            ecep:pos="j"
            ecep:reg="high"
            ecep:spe="high"
            ecep:syllab="1"
            ecep:pron="haɪ">high</w>
         <pc xml:id="o5155-714570"
             n="347-a-0420"
             ecep:lem=","
             ecep:pos=","
             ecep:reg=","
             ecep:spe=",">,</pc>
      </l>
      <l xml:id="o5155-l38210">
         <w xml:id="o5155-714580"
            n="347-a-0430"
            ecep:lem="dart"
            ecep:pos="vvz"
            ecep:reg="Darts"
            ecep:spe="Darts"
            ecep:syllab="1"
            ecep:pron="dɑːts">Darts</w>
         <c> </c>
         <w xml:id="o5155-714590"
            n="347-a-0440"
            ecep:lem="through"
            ecep:pos="p-acp"
            ecep:reg="through"
            ecep:spe="thro'"
            ecep:syllab="1"
            ecep:pron="θruː">thro'</w>
         <c> </c>
         <w xml:id="o5155-714600"
            n="347-a-0450"
            ecep:lem="yonder"
            ecep:pos="d"
            ecep:reg="yonder"
            ecep:spe="yon'"
            ecep:syllab="1"
            ecep:pron="jɒn">yon'</w>
         <c> </c>
         <w xml:id="o5155-714610"
            n="347-a-0460"
            ecep:lem="lime"
            ecep:pos="n2"
            ecep:reg="limes"
            ecep:spe="limes"
            ecep:syllab="1"
            ecep:pron="laɪmz">limes</w>
         <c> </c>
         <w xml:id="o5155-714620"
            n="347-a-0470"
            ecep:lem="her"
            ecep:pos="po31"
            ecep:reg="her"
            ecep:spe="her"
            ecep:syllab="1"
            ecep:pron="hɜː">her</w>
         <c> </c>
         <w xml:id="o5155-714630"
            n="347-a-0480"
            ecep:lem="quiver"
            ecep:pos="j-vvg"
            ecep:reg="quivering"
            ecep:spe="quivering"
            ecep:syllab="3"
            ecep:pron="ˈkwɪvrɪŋ">quivering</w>
         <c> </c>
         <w xml:id="o5155-714640"
            n="347-a-0490"
            ecep:lem="beam"
            ecep:pos="n2"
            ecep:reg="beams"
            ecep:spe="beams"
            ecep:syllab="1"
            ecep:pron="biːmz">beams</w>
         <pc xml:id="o5155-714650"
             n="347-a-0500"
             ecep:lem=","
             ecep:pos=","
             ecep:reg=","
             ecep:spe=",">,</pc>
      </l>
      <l xml:id="o5155-l38215">
         <w xml:id="o5155-714660"
            n="347-a-0510"
            ecep:lem="we"
            ecep:pos="pns12"
            ecep:reg="We"
            ecep:spe="We"
            ecep:syllab="1"
            ecep:pron="wiː">We</w>
         <c> </c>
         <w xml:id="o5155-714670"
            n="347-a-0520"
            ecep:lem="frisk"
            ecep:pos="n1"
            ecep:reg="frisk"
            ecep:spe="frisk"
            ecep:syllab="1"
            ecep:pron="frɪsk">frisk</w>
         <c> </c>
         <w xml:id="o5155-714680"
            n="347-a-0530"
            ecep:lem="it"
            ecep:pos="pn31"
            ecep:reg="it"
            ecep:spe="it"
            ecep:syllab="1"
            ecep:pron="ɪt">it</w>
         <c> </c>
         <w xml:id="o5155-714690"
            n="347-a-0540"
            ecep:lem="near"
            ecep:pos="av-j"
            ecep:reg="near"
            ecep:spe="near"
            ecep:syllab="1"
            ecep:pron="nɪə">near</w>
         <c> </c>
         <w xml:id="o5155-714700"
            n="347-a-0550"
            ecep:lem="these"
            ecep:pos="d"
            ecep:reg="these"
            ecep:spe="these"
            ecep:syllab="1"
            ecep:pron="ðiːz">these</w>
         <c> </c>
         <w xml:id="o5155-714710"
            n="347-a-0560"
            ecep:lem="crystal"
            ecep:pos="n1"
            ecep:reg="crystal"
            ecep:spe="crystal"
            ecep:syllab="2"
            ecep:pron="ˈkrɪstl">crystal</w>
         <c> </c>
         <w xml:id="o5155-714720"
            n="347-a-0570"
            ecep:lem="stream"
            ecep:pos="n2"
            ecep:reg="streams"
            ecep:spe="streams"
            ecep:syllab="1"
            ecep:pron="striːmz">streams</w>
         <pc xml:id="o5155-714730"
             n="347-a-0580"
             unit="sentence"
             ecep:lem="."
             ecep:pos="."
             ecep:reg="."
             ecep:spe=".">.</pc>
      </l>
   </lg>
   <lg xml:id="o5155-s04600">
      <l xml:id="o5155-l38220">
         <w xml:id="o5155-714760"
            n="347-a-0590"
            ecep:lem="her"
            ecep:pos="po31"
            ecep:reg="Her"
            ecep:spe="Her"
            ecep:syllab="1"
            ecep:pron="hɜː">Her</w>
         <c> </c>
         <w xml:id="o5155-714770"
            n="347-a-0600"
            ecep:lem="beam"
            ecep:pos="n2"
            ecep:reg="beams"
            ecep:spe="beams"
            ecep:syllab="1"
            ecep:pron="biːmz">beams</w>
         <pc xml:id="o5155-714780"
             n="347-a-0610"
             ecep:lem=","
             ecep:pos=","
             ecep:reg=","
             ecep:spe=",">,</pc>
         <c> </c>
         <w xml:id="o5155-714790"
            n="347-a-0620"
            ecep:lem="reflect"
            ecep:pos="vvn"
            ecep:reg="reflected"
            ecep:spe="reflected"
            ecep:syllab="3"
            ecep:pron="rɪˈflektɪd">reflected</w>
         <c> </c>
         <w xml:id="o5155-714800"
            n="347-a-0630"
            ecep:lem="from"
            ecep:pos="p-acp"
            ecep:reg="from"
            ecep:spe="from"
            ecep:syllab="1"
            ecep:pron="frɒm">from</w>
         <c> </c>
         <w xml:id="o5155-714810"
            n="347-a-0640"
            ecep:lem="the"
            ecep:pos="dt"
            ecep:reg="the"
            ecep:spe="the"
            ecep:syllab="1"
            ecep:pron="ðiː">the</w>
         <c> </c>
         <w xml:id="o5155-714820"
            n="347-a-0650"
            ecep:lem="wave"
            ecep:pos="n1"
            ecep:reg="wave"
            ecep:spe="wave"
            ecep:syllab="1"
            ecep:pron="weɪv">wave</w>
         <pc xml:id="o5155-714830"
             n="347-a-0660"
             ecep:lem=","
             ecep:pos=","
             ecep:reg=","
             ecep:spe=",">,</pc>
      </l>
      <l xml:id="o5155-l38225">
         <w xml:id="o5155-714840"
            n="347-a-0670"
            ecep:lem="afford"
            ecep:pos="vvb"
            ecep:reg="Afford"
            ecep:spe="Afford"
            ecep:syllab="2"
            ecep:pron="əˈfɔːd">Afford</w>
         <c> </c>
         <w xml:id="o5155-714850"
            n="347-a-0680"
            ecep:lem="the"
            ecep:pos="dt"
            ecep:reg="the"
            ecep:spe="the"
            ecep:syllab="1"
            ecep:pron="ðiː">the</w>
         <c> </c>
         <w xml:id="o5155-714860"
            n="347-a-0690"
            ecep:lem="light"
            ecep:pos="n1"
            ecep:reg="light"
            ecep:spe="light"
            ecep:syllab="1"
            ecep:pron="laɪt">light</w>
         <c> </c>
         <w xml:id="o5155-714870"
            n="347-a-0700"
            ecep:lem="our"
            ecep:pos="po12"
            ecep:reg="our"
            ecep:spe="our"
            ecep:syllab="1"
            ecep:pron="æə">our</w>
         <c> </c>
         <w xml:id="o5155-714880"
            n="347-a-0710"
            ecep:lem="revel"
            ecep:pos="n2"
            ecep:reg="revels"
            ecep:spe="revels"
            ecep:syllab="2"
            ecep:pron="ˈrevlz">revels</w>
         <c> </c>
         <w xml:id="o5155-714890"
            n="347-a-0720"
            ecep:lem="crave"
            ecep:pos="vvb"
            ecep:reg="crave"
            ecep:spe="crave"
            ecep:syllab="1"
            ecep:pron="kreɪv">crave</w>
         <pc xml:id="o5155-714900"
             n="347-a-0730"
             ecep:lem=";"
             ecep:pos=";"
             ecep:reg=";"
             ecep:spe=";">;</pc>
      </l>
      <l xml:id="o5155-l38230">
         <w xml:id="o5155-714910"
            n="347-a-0740"
            ecep:lem="the"
            ecep:pos="dt"
            ecep:reg="The"
            ecep:spe="The"
            ecep:syllab="1"
            ecep:pron="ðiː">The</w>
         <c> </c>
         <w xml:id="o5155-714920"
            n="347-a-0750"
            ecep:lem="turf"
            ecep:pos="n1"
            ecep:reg="turf"
            ecep:spe="turf"
            ecep:syllab="1"
            ecep:pron="tɜːf">turf</w>
         <pc xml:id="o5155-714930"
             n="347-a-0760"
             ecep:lem=","
             ecep:pos=","
             ecep:reg=","
             ecep:spe=",">,</pc>
         <c> </c>
         <w xml:id="o5155-714940"
            n="347-a-0770"
            ecep:lem="with"
            ecep:pos="p-acp"
            ecep:reg="with"
            ecep:spe="with"
            ecep:syllab="1"
            ecep:pron="wɪð">with</w>
         <c> </c>
         <w xml:id="o5155-714950"
            n="347-a-0780"
            ecep:lem="daisy"
            ecep:pos="n2"
            ecep:reg="daisies"
            ecep:spe="daisies"
            ecep:syllab="2"
            ecep:pron="ˈdeɪziz">daisies</w>
         <c> </c>
         <w xml:id="o5155-714960"
            n="347-a-0790"
            ecep:lem="broider"
            ecep:pos="vvn"
            ecep:reg="broidered"
            ecep:spe="broider'd"
            ecep:syllab="2"
            ecep:pron="ˈbrɔɪdəd">broider'd</w>
         <c> </c>
         <w xml:id="o5155-714970"
            n="347-a-0800"
            ecep:lem="over"
            ecep:pos="a-acp"
            ecep:reg="over"
            ecep:spe="o'er"
            ecep:syllab="1"
            ecep:pron="ˈɔːə">o'er</w>
         <pc xml:id="o5155-714980"
             n="347-a-0810"
             ecep:lem=","
             ecep:pos=","
             ecep:reg=","
             ecep:spe=",">,</pc>
      </l>
      <l xml:id="o5155-l38235">
         <w xml:id="o5155-714990"
            n="347-a-0820"
            ecep:lem="exceed"
            ecep:pos="vvz"
            ecep:reg="Exceeds"
            ecep:spe="Exceeds"
            ecep:syllab="2"
            ecep:pron="ɪkˈsiːdz">Exceeds</w>
         <pc xml:id="o5155-715000"
             n="347-a-0830"
             ecep:lem=","
             ecep:pos=","
             ecep:reg=","
             ecep:spe=",">,</pc>
         <c> </c>
         <w xml:id="o5155-715010"
            n="347-a-0840"
            ecep:lem="we"
            ecep:pos="pns12"
            ecep:reg="we"
            ecep:spe="we"
            ecep:syllab="1"
            ecep:pron="wiː">we</w>
         <c> </c>
         <w xml:id="o5155-715020"
            n="347-a-0850"
            ecep:lem="wot"
            ecep:pos="vvb"
            ecep:reg="wot"
            ecep:spe="wot"
            ecep:syllab="1"
            ecep:pron="wɒt">wot</w>
         <pc xml:id="o5155-715030"
             n="347-a-0860"
             ecep:lem=","
             ecep:pos=","
             ecep:reg=","
             ecep:spe=",">,</pc>
         <c> </c>
         <w xml:id="o5155-715040"
            n="347-a-0870"
            ecep:lem="the"
            ecep:pos="dt"
            ecep:reg="the"
            ecep:spe="the"
            ecep:syllab="1"
            ecep:pron="ðiː">the</w>
         <c> </c>
         <w xml:id="o5155-715050"
            n="347-a-0880"
            ecep:lem="parian"
            ecep:pos="jp"
            ecep:reg="Parian"
            ecep:spe="Parian"
            ecep:syllab="3"
            ecep:pron="peərɪən">Parian</w>
         <c> </c>
         <w xml:id="o5155-715060"
            n="347-a-0890"
            ecep:lem="floor"
            ecep:pos="n1"
            ecep:reg="floor"
            ecep:spe="floor"
            ecep:syllab="1"
            ecep:pron="flɔː">floor</w>
         <pc xml:id="o5155-715070"
             n="347-a-0900"
             ecep:lem=";"
             ecep:pos=";"
             ecep:reg=";"
             ecep:spe=";">;</pc>
      </l>
      <l xml:id="o5155-l38240">
         <w xml:id="o5155-715080"
            n="347-a-0910"
            ecep:lem="nor"
            ecep:pos="ccx"
            ecep:reg="Nor"
            ecep:spe="Nor"
            ecep:syllab="1"
            ecep:pron="nɔː">Nor</w>
         <c> </c>
         <w xml:id="o5155-715090"
            n="347-a-0920"
            ecep:lem="yet"
            ecep:pos="av"
            ecep:reg="yet"
            ecep:spe="yet"
            ecep:syllab="1"
            ecep:pron="jet">yet</w>
         <c> </c>
         <w xml:id="o5155-715100"
            n="347-a-0930"
            ecep:lem="for"
            ecep:pos="p-acp"
            ecep:reg="for"
            ecep:spe="for"
            ecep:syllab="1"
            ecep:pron="fɔː">for</w>
         <c> </c>
         <w xml:id="o5155-715110"
            n="347-a-0940"
            ecep:lem="artful"
            ecep:pos="j"
            ecep:reg="artful"
            ecep:spe="artful"
            ecep:syllab="2"
            ecep:pron="ˈɑːtfl">artful</w>
         <c> </c>
         <w xml:id="o5155-715120"
            n="347-a-0950"
            ecep:lem="strain"
            ecep:pos="n2"
            ecep:reg="strains"
            ecep:spe="strains"
            ecep:syllab="1"
            ecep:pron="streɪnz">strains</w>
         <c> </c>
         <w xml:id="o5155-715130"
            n="347-a-0960"
            ecep:lem="we"
            ecep:pos="pns12"
            ecep:reg="we"
            ecep:spe="we"
            ecep:syllab="1"
            ecep:pron="wiː">we</w>
         <c> </c>
         <w xml:id="o5155-715140"
            n="347-a-0970"
            ecep:lem="call"
            ecep:pos="vvb"
            ecep:reg="call"
            ecep:spe="call"
            ecep:syllab="1"
            ecep:pron="kɔːl">call</w>
         <pc xml:id="o5155-715150"
             n="347-a-0980"
             ecep:lem=","
             ecep:pos=","
             ecep:reg=","
             ecep:spe=",">,</pc>
      </l>
      <l xml:id="o5155-l38245">
         <w xml:id="o5155-715160"
            n="347-a-0990"
            ecep:lem="but"
            ecep:pos="cc-acp"
            ecep:reg="But"
            ecep:spe="But"
            ecep:syllab="1"
            ecep:pron="bʌt">But</w>
         <c> </c>
         <w xml:id="o5155-715170"
            n="347-a-1000"
            ecep:lem="listen"
            ecep:pos="vvb"
            ecep:reg="listen"
            ecep:spe="listen"
            ecep:syllab="2"
            ecep:pron="ˈlɪsn">listen</w>
         <c> </c>
         <w xml:id="o5155-715180"
            n="347-a-1010"
            ecep:lem="to"
            ecep:pos="p-acp"
            ecep:reg="to"
            ecep:spe="to"
            ecep:syllab="1"
            ecep:pron="tuː">to</w>
         <c> </c>
         <w xml:id="o5155-715190"
            n="347-a-1020"
            ecep:lem="the"
            ecep:pos="dt"
            ecep:reg="the"
            ecep:spe="the"
            ecep:syllab="1"
            ecep:pron="ðiː">the</w>
         <c> </c>
         <w xml:id="o5155-715200"
            n="347-a-1030"
            ecep:lem="water"
            ecep:pos="ng1"
            ecep:reg="water's"
            ecep:spe="water's"
            ecep:syllab="2"
            ecep:pron="ˈwɔːtəz">water's</w>
         <c> </c>
         <w xml:id="o5155-715210"
            n="347-a-1040"
            ecep:lem="fall"
            ecep:pos="n1"
            ecep:reg="fall"
            ecep:spe="fall"
            ecep:syllab="1"
            ecep:pron="fɔːl">fall</w>
         <pc xml:id="o5155-715220"
             n="347-a-1050"
             unit="sentence"
             ecep:lem="."
             ecep:pos="."
             ecep:reg="."
             ecep:spe=".">.</pc>
      </l>
   </lg>
   <lg xml:id="o5155-s04605">
      <l xml:id="o5155-l38250">
         <w xml:id="o5155-715250"
            n="347-a-1060"
            ecep:lem="will"
            ecep:pos="vmd"
            ecep:reg="Would"
            ecep:spe="Would"
            ecep:syllab="1"
            ecep:pron="wʊd">Would</w>
         <c> </c>
         <w xml:id="o5155-715260"
            n="347-a-1070"
            ecep:lem="you"
            ecep:pos="pn22"
            ecep:reg="you"
            ecep:spe="you"
            ecep:syllab="1"
            ecep:pron="juː">you</w>
         <c> </c>
         <w xml:id="o5155-715270"
            n="347-a-1080"
            ecep:lem="then"
            ecep:pos="av"
            ecep:reg="then"
            ecep:spe="then"
            ecep:syllab="1"
            ecep:pron="ðen">then</w>
         <c> </c>
         <w xml:id="o5155-715280"
            n="347-a-1090"
            ecep:lem="taste"
            ecep:pos="vvi"
            ecep:reg="taste"
            ecep:spe="taste"
            ecep:syllab="1"
            ecep:pron="teɪst">taste</w>
         <c> </c>
         <w xml:id="o5155-715290"
            n="347-a-1100"
            ecep:lem="our"
            ecep:pos="po12"
            ecep:reg="our"
            ecep:spe="our"
            ecep:syllab="1"
            ecep:pron="æə">our</w>
         <c> </c>
         <w xml:id="o5155-715300"
            n="347-a-1110"
            ecep:lem="tranquil"
            ecep:pos="j"
            ecep:reg="tranquil"
            ecep:spe="tranquil"
            ecep:syllab="2"
            ecep:pron="ˈtræŋkwɪl">tranquil</w>
         <c> </c>
         <w xml:id="o5155-715310"
            n="347-a-1120"
            ecep:lem="scene"
            ecep:pos="n1"
            ecep:reg="scene"
            ecep:spe="scene"
            ecep:syllab="1"
            ecep:pron="siːn">scene</w>
         <pc xml:id="o5155-715320"
             n="347-a-1130"
             unit="sentence"
             ecep:lem="."
             ecep:pos="."
             ecep:reg="."
             ecep:spe=".">.</pc>
      </l>
      <l xml:id="o5155-l38255">
         <w xml:id="o5155-715330"
            n="347-a-1140"
            ecep:lem="be"
            ecep:pos="vbb"
            ecep:reg="Be"
            ecep:spe="Be"
            ecep:syllab="1"
            ecep:pron="biː">Be</w>
         <c> </c>
         <w xml:id="o5155-715340"
            n="347-a-1150"
            ecep:lem="sure"
            ecep:pos="j"
            ecep:reg="sure"
            ecep:spe="sure"
            ecep:syllab="1"
            ecep:pron="ʃɔː">sure</w>
         <c> </c>
         <w xml:id="o5155-715350"
            n="347-a-1160"
            ecep:lem="your"
            ecep:pos="po22"
            ecep:reg="your"
            ecep:spe="your"
            ecep:syllab="1"
            ecep:pron="jɔː">your</w>
         <c> </c>
         <w xml:id="o5155-715360"
            n="347-a-1170"
            ecep:lem="bosom"
            ecep:pos="n2"
            ecep:reg="bosoms"
            ecep:spe="bosoms"
            ecep:syllab="2"
            ecep:pron="ˈbʊzmz">bosoms</w>
         <c> </c>
         <w xml:id="o5155-715370"
            n="347-a-1180"
            ecep:lem="be"
            ecep:pos="vbb"
            ecep:reg="be"
            ecep:spe="be"
            ecep:syllab="1"
            ecep:pron="biː">be</w>
         <c> </c>
         <w xml:id="o5155-715380"
            n="347-a-1190"
            ecep:lem="serene"
            ecep:pos="j"
            ecep:reg="serene"
            ecep:spe="serene"
            ecep:syllab="2"
            ecep:pron="sɪˈriːn">serene</w>
         <pc xml:id="o5155-715390"
             n="347-a-1200"
             ecep:lem=";"
             ecep:pos=";"
             ecep:reg=";"
             ecep:spe=";">;</pc>
      </l>
      <l xml:id="o5155-l38260">
         <w xml:id="o5155-715400"
            n="347-a-1210"
            ecep:lem="devoid"
            ecep:pos="j"
            ecep:reg="Devoid"
            ecep:spe="Devoid"
            ecep:syllab="2"
            ecep:pron="dɪˈvɔɪd">Devoid</w>
         <c> </c>
         <w xml:id="o5155-715410"
            n="347-a-1220"
            ecep:lem="of"
            ecep:pos="pp-f"
            ecep:reg="of"
            ecep:spe="of"
            ecep:syllab="1"
            ecep:pron="ɒv">of</w>
         <c> </c>
         <w xml:id="o5155-715420"
            n="347-a-1230"
            ecep:lem="hate"
            ecep:pos="n1"
            ecep:reg="hate"
            ecep:spe="hate"
            ecep:syllab="1"
            ecep:pron="heɪt">hate</w>
         <pc xml:id="o5155-715430"
             n="347-a-1240"
             ecep:lem=","
             ecep:pos=","
             ecep:reg=","
             ecep:spe=",">,</pc>
         <c> </c>
         <w xml:id="o5155-715440"
            n="347-a-1250"
            ecep:lem="devoid"
            ecep:pos="j"
            ecep:reg="devoid"
            ecep:spe="devoid"
            ecep:syllab="2"
            ecep:pron="dɪˈvɔɪd">devoid</w>
         <c> </c>
         <w xml:id="o5155-715450"
            n="347-a-1260"
            ecep:lem="of"
            ecep:pos="pp-f"
            ecep:reg="of"
            ecep:spe="of"
            ecep:syllab="1"
            ecep:pron="ɒv">of</w>
         <c> </c>
         <w xml:id="o5155-715460"
            n="347-a-1270"
            ecep:lem="strife"
            ecep:pos="n1"
            ecep:reg="strife"
            ecep:spe="strife"
            ecep:syllab="1"
            ecep:pron="straɪf">strife</w>
         <pc xml:id="o5155-715470"
             n="347-a-1280"
             ecep:lem=","
             ecep:pos=","
             ecep:reg=","
             ecep:spe=",">,</pc>
      </l>
      <l xml:id="o5155-l38265">
         <w xml:id="o5155-715480"
            n="347-a-1290"
            ecep:lem="devoid"
            ecep:pos="j"
            ecep:reg="Devoid"
            ecep:spe="Devoid"
            ecep:syllab="2"
            ecep:pron="dɪˈvɔɪd">Devoid</w>
         <c> </c>
         <w xml:id="o5155-715490"
            n="347-a-1300"
            ecep:lem="of"
            ecep:pos="pp-f"
            ecep:reg="of"
            ecep:spe="of"
            ecep:syllab="1"
            ecep:pron="ɒv">of</w>
         <c> </c>
         <w xml:id="o5155-715500"
            n="347-a-1310"
            ecep:lem="all"
            ecep:pos="d"
            ecep:reg="all"
            ecep:spe="all"
            ecep:syllab="1"
            ecep:pron="ɔːl">all</w>
         <c> </c>
         <w xml:id="o5155-715510"
            n="347-a-1320"
            ecep:lem="that"
            ecep:pos="cst"
            ecep:reg="that"
            ecep:spe="that"
            ecep:syllab="1"
            ecep:pron="ðæt">that</w>
         <c> </c>
         <w xml:id="o5155-715520"
            n="347-a-1330"
            ecep:lem="poison"
            ecep:pos="vvz"
            ecep:reg="poisons"
            ecep:spe="poisons"
            ecep:syllab="2"
            ecep:pron="ˈpɔɪznz">poisons</w>
         <c> </c>
         <w xml:id="o5155-715530"
            n="347-a-1340"
            ecep:lem="life"
            ecep:pos="n1"
            ecep:reg="life"
            ecep:spe="life"
            ecep:syllab="1"
            ecep:pron="laɪf">life</w>
         <pc xml:id="o5155-715540"
             n="347-a-1350"
             ecep:lem=";"
             ecep:pos=";"
             ecep:reg=";"
             ecep:spe=";">;</pc>
      </l>
      <l xml:id="o5155-l38270">
         <w xml:id="o5155-715550"
            n="347-a-1360"
            ecep:lem="and"
            ecep:pos="cc"
            ecep:reg="And"
            ecep:spe="And"
            ecep:syllab="1"
            ecep:pron="ænd">And</w>
         <c> </c>
         <w xml:id="o5155-715560"
            n="347-a-1370"
            ecep:lem="much"
            ecep:pos="d"
            ecep:reg="much"
            ecep:spe="much"
            ecep:syllab="1"
            ecep:pron="mʌtʃ">much</w>
         <c> </c>
         <w xml:id="o5155-715570"
            n="347-a-1380"
            ecep:lem="it"
            ecep:pos="pn31"
            ecep:reg="it"
            ecep:spe="it"
            ecep:syllab="1"
            ecep:pron="ɪt">it</w>
         <c> </c>
         <w xml:id="o5155-715590"
            n="347-a-1400"
            ecep:lem="avail"
            ecep:pos="vvz"
            ecep:reg="avails"
            ecep:spe="'vails"
            ecep:syllab="1"
            ecep:pron="vˈeɪlz">'vails</w>
         <c> </c>
         <w xml:id="o5155-715600"
            n="347-a-1410"
            ecep:lem="you"
            ecep:pos="pn22"
            ecep:reg="you"
            ecep:spe="you"
            ecep:syllab="1"
            ecep:pron="juː">you</w>
         <pc xml:id="o5155-715610"
             n="347-a-1420"
             ecep:lem=","
             ecep:pos=","
             ecep:reg=","
             ecep:spe=",">,</pc>
         <c> </c>
         <w xml:id="o5155-715620"
            n="347-a-1430"
            ecep:lem="in"
            ecep:pos="p-acp"
            ecep:reg="in"
            ecep:spe="in"
            ecep:syllab="1"
            ecep:pron="ɪn">in</w>
         <c> </c>
         <w xml:id="o5155-715630"
            n="347-a-1440"
            ecep:lem="their"
            ecep:pos="po32"
            ecep:reg="their"
            ecep:spe="their"
            ecep:syllab="1"
            ecep:pron="ðeə">their</w>
         <c> </c>
         <w xml:id="o5155-715640"
            n="347-a-1450"
            ecep:lem="place"
            ecep:pos="n1"
            ecep:reg="place"
            ecep:spe="place"
            ecep:syllab="1"
            ecep:pron="pleɪs">place</w>
         <pc xml:id="o5155-715650"
             n="347-a-1460"
             ecep:lem=","
             ecep:pos=","
             ecep:reg=","
             ecep:spe=",">,</pc>
      </l>
      <l xml:id="o5155-l38275">
         <w xml:id="o5155-715660"
            n="347-a-1470"
            ecep:lem="to"
            ecep:pos="pc-acp"
            ecep:reg="To"
            ecep:spe="To"
            ecep:syllab="1"
            ecep:pron="tuː">To</w>
         <c> </c>
         <w xml:id="o5155-715670"
            n="347-a-1480"
            ecep:lem="graft"
            ecep:pos="vvi"
            ecep:reg="grafted"
            ecep:spe="graft"
            ecep:syllab="1"
            ecep:pron="grɑːft">graft</w>
         <c> </c>
         <w xml:id="o5155-715680"
            n="347-a-1490"
            ecep:lem="the"
            ecep:pos="dt"
            ecep:reg="the"
            ecep:spe="the"
            ecep:syllab="1"
            ecep:pron="ðiː">the</w>
         <c> </c>
         <w xml:id="o5155-715690"
            n="347-a-1500"
            ecep:lem="love"
            ecep:pos="n1"
            ecep:reg="love"
            ecep:spe="love"
            ecep:syllab="1"
            ecep:pron="lʌv">love</w>
         <c> </c>
         <w xml:id="o5155-715700"
            n="347-a-1510"
            ecep:lem="of"
            ecep:pos="pp-f"
            ecep:reg="of"
            ecep:spe="of"
            ecep:syllab="1"
            ecep:pron="ɒv">of</w>
         <c> </c>
         <w xml:id="o5155-715710"
            n="347-a-1520"
            ecep:lem="human"
            ecep:pos="j"
            ecep:reg="human"
            ecep:spe="human"
            ecep:syllab="2"
            ecep:pron="ˈhjuːmən">human</w>
         <c> </c>
         <w xml:id="o5155-715720"
            n="347-a-1530"
            ecep:lem="race"
            ecep:pos="n1"
            ecep:reg="race"
            ecep:spe="race"
            ecep:syllab="1"
            ecep:pron="reɪs">race</w>
         <pc xml:id="o5155-715730"
             n="347-a-1540"
             unit="sentence"
             ecep:lem="."
             ecep:pos="."
             ecep:reg="."
             ecep:spe=".">.</pc>
      </l>
   </lg>
   <pb facs="o5155/0351_L" n="346" rend="none"/>
   <lg xml:id="o5155-s04610">
      <l xml:id="o5155-l38280">
         <w xml:id="o5155-715760"
            n="348-a-0010"
            ecep:lem="and"
            ecep:pos="cc"
            ecep:reg="And"
            ecep:spe="And"
            ecep:syllab="1"
            ecep:pron="ænd">And</w>
         <c> </c>
         <w xml:id="o5155-715770"
            n="348-a-0020"
            ecep:lem="tread"
            ecep:pos="vvb"
            ecep:reg="tread"
            ecep:spe="tread"
            ecep:syllab="1"
            ecep:pron="tred">tread</w>
         <c> </c>
         <w xml:id="o5155-715780"
            n="348-a-0030"
            ecep:lem="with"
            ecep:pos="p-acp"
            ecep:reg="with"
            ecep:spe="with"
            ecep:syllab="1"
            ecep:pron="wɪð">with</w>
         <c> </c>
         <w xml:id="o5155-715790"
            n="348-a-0040"
            ecep:lem="awe"
            ecep:pos="n1"
            ecep:reg="awe"
            ecep:spe="awe"
            ecep:syllab="1"
            ecep:pron="ɔː">awe</w>
         <c> </c>
         <w xml:id="o5155-715800"
            n="348-a-0050"
            ecep:lem="these"
            ecep:pos="d"
            ecep:reg="these"
            ecep:spe="these"
            ecep:syllab="1"
            ecep:pron="ðiːz">these</w>
         <c> </c>
         <w xml:id="o5155-715810"
            n="348-a-0060"
            ecep:lem="favour"
            ecep:pos="j-vvn"
            ecep:reg="favoured"
            ecep:spe="favour'd"
            ecep:syllab="2"
            ecep:pron="ˈfeɪvəd">favour'd</w>
         <c> </c>
         <w xml:id="o5155-715820"
            n="348-a-0070"
            ecep:lem="bower"
            ecep:pos="n2"
            ecep:reg="bowers"
            ecep:spe="bow'rs"
            ecep:syllab="1"
            ecep:pron="ˈbaʊəz">bow'rs</w>
         <pc xml:id="o5155-715830"
             n="348-a-0080"
             ecep:lem=","
             ecep:pos=","
             ecep:reg=","
             ecep:spe=",">,</pc>
      </l>
      <l xml:id="o5155-l38285">
         <w xml:id="o5155-715840"
            n="348-a-0090"
            ecep:lem="nor"
            ecep:pos="ccx"
            ecep:reg="Nor"
            ecep:spe="Nor"
            ecep:syllab="1"
            ecep:pron="nɔː">Nor</w>
         <c> </c>
         <w xml:id="o5155-715850"
            n="348-a-0100"
            ecep:lem="wound"
            ecep:pos="vvi"
            ecep:reg="wound"
            ecep:spe="wound"
            ecep:syllab="1"
            ecep:pron="waʊnd">wound</w>
         <c> </c>
         <w xml:id="o5155-715860"
            n="348-a-0110"
            ecep:lem="the"
            ecep:pos="dt"
            ecep:reg="the"
            ecep:spe="the"
            ecep:syllab="1"
            ecep:pron="ðiː">the</w>
         <c> </c>
         <w xml:id="o5155-715870"
            n="348-a-0120"
            ecep:lem="shrub"
            ecep:pos="n2"
            ecep:reg="shrubs"
            ecep:spe="shrubs"
            ecep:syllab="1"
            ecep:pron="ʃrʌbz">shrubs</w>
         <c> </c>
         <w xml:id="o5155-715880"
            n="348-a-0130"
            ecep:lem="nor"
            ecep:pos="ccx"
            ecep:reg="nor"
            ecep:spe="nor"
            ecep:syllab="1"
            ecep:pron="nɔː">nor</w>
         <c> </c>
         <w xml:id="o5155-715890"
            n="348-a-0140"
            ecep:lem="bruise"
            ecep:pos="vvb"
            ecep:reg="bruise"
            ecep:spe="bruise"
            ecep:syllab="1"
            ecep:pron="bruːz">bruise</w>
         <c> </c>
         <w xml:id="o5155-715900"
            n="348-a-0150"
            ecep:lem="the"
            ecep:pos="dt"
            ecep:reg="the"
            ecep:spe="the"
            ecep:syllab="1"
            ecep:pron="ðiː">the</w>
         <c> </c>
         <w xml:id="o5155-715910"
            n="348-a-0160"
            ecep:lem="flower"
            ecep:pos="n2"
            ecep:reg="flowers"
            ecep:spe="flow'rs"
            ecep:syllab="1"
            ecep:pron="flæəz">flow'rs</w>
         <pc xml:id="o5155-715920"
             n="348-a-0170"
             ecep:lem=";"
             ecep:pos=";"
             ecep:reg=";"
             ecep:spe=";">;</pc>
      </l>
      <l xml:id="o5155-l38290">
         <w xml:id="o5155-715930"
            n="348-a-0180"
            ecep:lem="so"
            ecep:pos="av"
            ecep:reg="So"
            ecep:spe="So"
            ecep:syllab="1"
            ecep:pron="səʊ">So</w>
         <c> </c>
         <w xml:id="o5155-715940"
            n="348-a-0190"
            ecep:lem="may"
            ecep:pos="vmb"
            ecep:reg="may"
            ecep:spe="may"
            ecep:syllab="1"
            ecep:pron="meɪ">may</w>
         <c> </c>
         <w xml:id="o5155-715950"
            n="348-a-0200"
            ecep:lem="your"
            ecep:pos="po22"
            ecep:reg="your"
            ecep:spe="your"
            ecep:syllab="1"
            ecep:pron="jɔː">your</w>
         <c> </c>
         <w xml:id="o5155-715960"
            n="348-a-0210"
            ecep:lem="path"
            ecep:pos="n2"
            ecep:reg="paths"
            ecep:spe="paths"
            ecep:syllab="1"
            ecep:pron="pɑːðz">paths</w>
         <c> </c>
         <w xml:id="o5155-715970"
            n="348-a-0220"
            ecep:lem="with"
            ecep:pos="p-acp"
            ecep:reg="with"
            ecep:spe="with"
            ecep:syllab="1"
            ecep:pron="wɪð">with</w>
         <c> </c>
         <w xml:id="o5155-715980"
            n="348-a-0230"
            ecep:lem="sweet"
            ecep:pos="n2-j"
            ecep:reg="sweets"
            ecep:spe="sweets"
            ecep:syllab="1"
            ecep:pron="swiːts">sweets</w>
         <c> </c>
         <w xml:id="o5155-715990"
            n="348-a-0240"
            ecep:lem="abound"
            ecep:pos="vvb"
            ecep:reg="abound"
            ecep:spe="abound"
            ecep:syllab="2"
            ecep:pron="əˈbaʊnd">abound</w>
         <pc xml:id="o5155-716000"
             n="348-a-0250"
             unit="sentence"
             ecep:lem="!"
             ecep:pos="!"
             ecep:reg="!"
             ecep:spe="!">!</pc>
      </l>
      <l xml:id="o5155-l38295">
         <w xml:id="o5155-716010"
            n="348-a-0260"
            ecep:lem="so"
            ecep:pos="av"
            ecep:reg="So"
            ecep:spe="So"
            ecep:syllab="1"
            ecep:pron="səʊ">So</w>
         <c> </c>
         <w xml:id="o5155-716020"
            n="348-a-0270"
            ecep:lem="may"
            ecep:pos="vmb"
            ecep:reg="may"
            ecep:spe="may"
            ecep:syllab="1"
            ecep:pron="meɪ">may</w>
         <c> </c>
         <w xml:id="o5155-716030"
            n="348-a-0280"
            ecep:lem="your"
            ecep:pos="po22"
            ecep:reg="your"
            ecep:spe="your"
            ecep:syllab="1"
            ecep:pron="jɔː">your</w>
         <c> </c>
         <w xml:id="o5155-716040"
            n="348-a-0290"
            ecep:lem="couch"
            ecep:pos="n1"
            ecep:reg="couch"
            ecep:spe="couch"
            ecep:syllab="1"
            ecep:pron="kuːtʃ">couch</w>
         <c> </c>
         <w xml:id="o5155-716050"
            n="348-a-0300"
            ecep:lem="with"
            ecep:pos="p-acp"
            ecep:reg="with"
            ecep:spe="with"
            ecep:syllab="1"
            ecep:pron="wɪð">with</w>
         <c> </c>
         <w xml:id="o5155-716060"
            n="348-a-0310"
            ecep:lem="rest"
            ecep:pos="n1"
            ecep:reg="rest"
            ecep:spe="rest"
            ecep:syllab="1"
            ecep:pron="rest">rest</w>
         <c> </c>
         <w xml:id="o5155-716070"
            n="348-a-0320"
            ecep:lem="be"
            ecep:pos="vbi"
            ecep:reg="be"
            ecep:spe="be"
            ecep:syllab="1"
            ecep:pron="biː">be</w>
         <c> </c>
         <w xml:id="o5155-716080"
            n="348-a-0330"
            ecep:lem="crown"
            ecep:pos="vvn"
            ecep:reg="crowned"
            ecep:spe="crown'd"
            ecep:syllab="1"
            ecep:pron="kraʊnd">crown'd</w>
         <pc xml:id="o5155-716090"
             n="348-a-0340"
             unit="sentence"
             ecep:lem="!"
             ecep:pos="!"
             ecep:reg="!"
             ecep:spe="!">!</pc>
      </l>
      <l xml:id="o5155-l38300">
         <w xml:id="o5155-716100"
            n="348-a-0350"
            ecep:lem="but"
            ecep:pos="p-acp"
            ecep:reg="But"
            ecep:spe="But"
            ecep:syllab="1"
            ecep:pron="bʌt">But</w>
         <c> </c>
         <w xml:id="o5155-716110"
            n="348-a-0360"
            ecep:lem="harm"
            ecep:pos="n1"
            ecep:reg="harm"
            ecep:spe="harm"
            ecep:syllab="1"
            ecep:pron="hɑːm">harm</w>
         <c> </c>
         <w xml:id="o5155-716120"
            n="348-a-0370"
            ecep:lem="betide"
            ecep:pos="vvb"
            ecep:reg="betide"
            ecep:spe="betide"
            ecep:syllab="2"
            ecep:pron="bɪˈtaɪd">betide</w>
         <c> </c>
         <w xml:id="o5155-716130"
            n="348-a-0380"
            ecep:lem="the"
            ecep:pos="dt"
            ecep:reg="the"
            ecep:spe="the"
            ecep:syllab="1"
            ecep:pron="ðiː">the</w>
         <c> </c>
         <w xml:id="o5155-716140"
            n="348-a-0390"
            ecep:lem="wayward"
            ecep:pos="j"
            ecep:reg="wayward"
            ecep:spe="wayward"
            ecep:syllab="2"
            ecep:pron="ˈweɪwəd">wayward</w>
         <c> </c>
         <w xml:id="o5155-716150"
            n="348-a-0400"
            ecep:lem="swain"
            ecep:pos="n1"
            ecep:reg="swain"
            ecep:spe="swain"
            ecep:syllab="1"
            ecep:pron="sweɪn">swain</w>
         <pc xml:id="o5155-716160"
             n="348-a-0410"
             ecep:lem=","
             ecep:pos=","
             ecep:reg=","
             ecep:spe=",">,</pc>
      </l>
      <l xml:id="o5155-l38305">
         <w xml:id="o5155-716170"
            n="348-a-0420"
            ecep:lem="who"
            ecep:pos="q-crq"
            ecep:reg="Who"
            ecep:spe="Who"
            ecep:syllab="1"
            ecep:pron="huː">Who</w>
         <c> </c>
         <w xml:id="o5155-716180"
            n="348-a-0430"
            ecep:lem="dare"
            ecep:pos="vvz"
            ecep:reg="dares"
            ecep:spe="dares"
            ecep:syllab="1"
            ecep:pron="deəz">dares</w>
         <c> </c>
         <w xml:id="o5155-716190"
            n="348-a-0440"
            ecep:lem="our"
            ecep:pos="po12"
            ecep:reg="our"
            ecep:spe="our"
            ecep:syllab="1"
            ecep:pron="æə">our</w>
         <c> </c>
         <w xml:id="o5155-716200"
            n="348-a-0450"
            ecep:lem="hallow"
            ecep:pos="j-vvn"
            ecep:reg="hallowed"
            ecep:spe="hallow'd"
            ecep:syllab="2"
            ecep:pron="ˈhæləʊd">hallow'd</w>
         <c> </c>
         <w xml:id="o5155-716210"
            n="348-a-0460"
            ecep:lem="haunt"
            ecep:pos="n1"
            ecep:reg="haunt"
            ecep:spe="haunt"
            ecep:syllab="1"
            ecep:pron="hɔːnt">haunt</w>
         <c> </c>
         <w xml:id="o5155-716220"
            n="348-a-0470"
            ecep:lem="profane"
            ecep:pos="j"
            ecep:reg="profane"
            ecep:spe="profane"
            ecep:syllab="2"
            ecep:pron="prəˈfeɪn">profane</w>
         <pc xml:id="o5155-716230"
             n="348-a-0480"
             unit="sentence"
             ecep:lem="!"
             ecep:pos="!"
             ecep:reg="!"
             ecep:spe="!">!</pc>
      </l>
      <closer>
         <signed>
            <w xml:id="o5155-716260"
               n="348-a-0490"
               ecep:lem="Oberon"
               ecep:pos="np1"
               ecep:reg="OBERON"
               ecep:spe="OBERON"
               ecep:syllab="3"
               ecep:pron="ˈəʊbərɒn">OBERON</w>
            <pc xml:id="o5155-716270"
                n="348-a-0500"
                unit="sentence"
                ecep:lem="."
                ecep:pos="."
                ecep:reg="."
                ecep:spe=".">.</pc>
         </signed>
      </closer>
   </lg>
</div>
