<?xml version="1.0" encoding="utf-8"?>
<!DOCTYPE div
  SYSTEM "about:legacy-compat">
<div xmlns:tei="http://www.tei-c.org/ns/1.0"
     xmlns="http://www.tei-c.org/ns/1.0"
     xmlns:ecep="http://www.eighteenthcenturypoetry.org/ns"
     ana="#iamb #tetrameter #trimeter #ballad #sestet #ode #panegyric #tail"
     corresp="#txt_NugeEa1709_w0006"
     ecep:syllab="8.8.6.8.8.6"
     met="-+|-+|-+|-+/     -+|-+|-+|-+/     -+|-+|-+/     -+|-+|-+|-+/     -+|-+|-+|-+/     -+|-+|-+/"
     rendition="#lgvspace"
     rhyme="aabccb"
     subtype="eceptext"
     type="ode"
     xml:id="o5153-w0380"
     decls="#semi-normalized">
   <link target="authors.xml#aut_NugeEa1709" type="author"/>
   <link target="22424" type="DMI"/>
   <head type="main">
      <w xml:id="o5153-469520"
         n="211-a-0310"
         ecep:lem="a"
         ecep:pos="dt"
         ecep:reg="An"
         ecep:spe="An"
         ecep:syllab="1"
         ecep:pron="æn">An</w>
      <c> </c>
      <w xml:id="o5153-469530"
         n="211-a-0320"
         ecep:lem="ode"
         ecep:pos="n1"
         ecep:reg="ODE"
         ecep:spe="ODE"
         ecep:syllab="1"
         ecep:pron="əʊd">ODE</w>
      <c> </c>
      <w xml:id="o5153-469540"
         n="211-a-0330"
         ecep:lem="to"
         ecep:pos="p-acp"
         ecep:reg="to"
         ecep:spe="to"
         ecep:syllab="1"
         ecep:pron="tuː">to</w>
      <c> </c>
      <w xml:id="o5153-469550"
         n="211-a-0340"
         ecep:lem="WILLIAM"
         ecep:pos="np1"
         ecep:reg="WILLIAM"
         ecep:spe="WILLIAM"
         ecep:syllab="2"
         ecep:pron="ˈwɪljəm">WILLIAM</w>
      <c> </c>
      <w xml:id="o5153-469560"
         n="211-a-0350"
         ecep:lem="Pultney"
         ecep:pos="np1"
         ecep:reg="PULTNEY"
         ecep:spe="PULTNEY"
         ecep:syllab="2"
         ecep:pron="pˈʌltnɪ">PULTNEY</w>
      <pc xml:id="o5153-469570"
          n="211-a-0360"
          ecep:lem=","
          ecep:pos=","
          ecep:reg=","
          ecep:spe=",">,</pc>
      <abbr>
         <c> </c>
         <w xml:id="o5153-469580"
            n="211-a-0370"
            ecep:lem="ESQ"
            ecep:pos="np1"
            ecep:reg="Esq"
            ecep:spe="Esq"
            ecep:syllab="1"
            ecep:pron="ˈesk">Esq</w>
         <pc xml:id="o5153-469590"
             n="211-a-0380"
             ecep:lem=";"
             ecep:pos=";"
             ecep:reg=";"
             ecep:spe=";">;</pc>
      </abbr>
   </head>
   <byline>
      <w xml:id="o5153-469620"
         n="211-a-0390"
         ecep:lem="by"
         ecep:pos="p-acp"
         ecep:reg="By"
         ecep:spe="By"
         ecep:syllab="1"
         ecep:pron="baɪ">By</w>
      <c> </c>
      <w xml:id="o5153-469630"
         n="211-a-0400"
         ecep:lem="the"
         ecep:pos="dt"
         ecep:reg="the"
         ecep:spe="the"
         ecep:syllab="1"
         ecep:pron="ðə">the</w>
      <c> </c>
      <w xml:id="o5153-469640"
         n="211-a-0410"
         ecep:lem="same"
         ecep:pos="d"
         ecep:reg="Same"
         ecep:spe="Same"
         ecep:syllab="1"
         ecep:pron="seɪm">Same</w>
      <pc xml:id="o5153-469650"
          n="211-a-0420"
          unit="sentence"
          ecep:lem="."
          ecep:pos="."
          ecep:reg="."
          ecep:spe=".">.</pc>
   </byline>
   <lg n="1" xml:id="o5153-s02290">
      <head>
         <w xml:id="o5153-469690"
            n="211-a-0430"
            ecep:lem="i"
            ecep:pos="pns11"
            ecep:reg="I"
            ecep:spe="I."
            ecep:syllab="1"
            ecep:pron="ˈaɪ">I.</w>
         <pc unit="sentence" xml:id="o5153-469690-eos" n="211-a-0440"/>
      </head>
      <l xml:id="o5153-l24415">
         <w xml:id="o5153-469710"
            n="211-a-0450"
            ecep:lem="remote"
            ecep:pos="j"
            ecep:reg="REMOTE"
            ecep:spe="REMOTE"
            ecep:syllab="2"
            ecep:pron="rɪˈməʊt">REMOTE</w>
         <c> </c>
         <w xml:id="o5153-469720"
            n="211-a-0460"
            ecep:lem="from"
            ecep:pos="p-acp"
            ecep:reg="from"
            ecep:spe="from"
            ecep:syllab="1"
            ecep:pron="frɒm">from</w>
         <c> </c>
         <w xml:id="o5153-469730"
            n="211-a-0470"
            ecep:lem="liberty"
            ecep:pos="n1"
            ecep:reg="liberty"
            ecep:spe="liberty"
            ecep:syllab="3"
            ecep:pron="ˈlɪbətɪ">liberty</w>
         <c> </c>
         <w xml:id="o5153-469740"
            n="211-a-0480"
            ecep:lem="and"
            ecep:pos="cc"
            ecep:reg="and"
            ecep:spe="and"
            ecep:syllab="1"
            ecep:pron="ænd">and</w>
         <c> </c>
         <w xml:id="o5153-469750"
            n="211-a-0490"
            ecep:lem="truth"
            ecep:pos="n1"
            ecep:reg="truth"
            ecep:spe="truth"
            ecep:syllab="1"
            ecep:pron="truːθ">truth</w>
         <pc xml:id="o5153-469760"
             n="211-a-0500"
             ecep:lem=","
             ecep:pos=","
             ecep:reg=","
             ecep:spe=",">,</pc>
      </l>
      <l xml:id="o5153-l24420">
         <w xml:id="o5153-469770"
            n="211-a-0510"
            ecep:lem="by"
            ecep:pos="p-acp"
            ecep:reg="By"
            ecep:spe="By"
            ecep:syllab="1"
            ecep:pron="baɪ">By</w>
         <c> </c>
         <w xml:id="o5153-469780"
            n="211-a-0520"
            ecep:lem="fortune"
            ecep:pos="ng1"
            ecep:reg="fortune's"
            ecep:spe="fortune's"
            ecep:syllab="2"
            ecep:pron="ˈfɔːtʃuːnz">fortune's</w>
         <c> </c>
         <w xml:id="o5153-469790"
            n="211-a-0530"
            ecep:lem="crime"
            ecep:pos="n1"
            ecep:reg="crime"
            ecep:spe="crime"
            ecep:syllab="1"
            ecep:pron="kraɪm">crime</w>
         <pc xml:id="o5153-469800"
             n="211-a-0540"
             ecep:lem=","
             ecep:pos=","
             ecep:reg=","
             ecep:spe=",">,</pc>
         <c> </c>
         <w xml:id="o5153-469810"
            n="211-a-0550"
            ecep:lem="my"
            ecep:pos="po11"
            ecep:reg="my"
            ecep:spe="my"
            ecep:syllab="1"
            ecep:pron="maɪ">my</w>
         <c> </c>
         <w xml:id="o5153-469820"
            n="211-a-0560"
            ecep:lem="early"
            ecep:pos="j"
            ecep:reg="early"
            ecep:spe="early"
            ecep:syllab="2"
            ecep:pron="ˈɜːlɪ">early</w>
         <c> </c>
         <w xml:id="o5153-469830"
            n="211-a-0570"
            ecep:lem="youth"
            ecep:pos="n1"
            ecep:reg="youth"
            ecep:spe="youth"
            ecep:syllab="1"
            ecep:pron="juːθ">youth</w>
      </l>
      <l xml:id="o5153-l24425">
         <w xml:id="o5153-469840"
            n="211-a-0580"
            ecep:lem="drink"
            ecep:pos="vvd"
            ecep:reg="Drank"
            ecep:spe="Drank"
            ecep:syllab="1"
            ecep:pron="dræŋk">Drank</w>
         <c> </c>
         <w xml:id="o5153-469850"
            n="211-a-0590"
            ecep:lem="error"
            ecep:pos="ng1"
            ecep:reg="error's"
            ecep:spe="error's"
            ecep:syllab="2"
            ecep:pron="ˈerəz">error's</w>
         <c> </c>
         <w xml:id="o5153-469860"
            n="211-a-0600"
            ecep:lem="poison"
            ecep:pos="j-vvn"
            ecep:reg="poisoned"
            ecep:spe="poison'd"
            ecep:syllab="2"
            ecep:pron="ˈpɔɪznd">poison'd</w>
         <c> </c>
         <w xml:id="o5153-469870"
            n="211-a-0610"
            ecep:lem="spring"
            ecep:pos="n2"
            ecep:reg="springs"
            ecep:spe="springs"
            ecep:syllab="1"
            ecep:pron="sprɪŋz">springs</w>
         <pc xml:id="o5153-469880"
             n="211-a-0620"
             unit="sentence"
             ecep:lem="."
             ecep:pos="."
             ecep:reg="."
             ecep:spe=".">.</pc>
      </l>
      <l xml:id="o5153-l24430">
         <w xml:id="o5153-469890"
            n="211-a-0630"
            ecep:lem="teach"
            ecep:pos="vvn"
            ecep:reg="Taught"
            ecep:spe="Taught"
            ecep:syllab="1"
            ecep:pron="tɔːt">Taught</w>
         <c> </c>
         <w xml:id="o5153-469900"
            n="211-a-0640"
            ecep:lem="by"
            ecep:pos="p-acp"
            ecep:reg="by"
            ecep:spe="by"
            ecep:syllab="1"
            ecep:pron="baɪ">by</w>
         <c> </c>
         <w xml:id="o5153-469910"
            n="211-a-0650"
            ecep:lem="dark"
            ecep:pos="j"
            ecep:reg="dark"
            ecep:spe="dark"
            ecep:syllab="1"
            ecep:pron="dɑːk">dark</w>
         <c> </c>
         <w xml:id="o5153-469920"
            n="211-a-0660"
            ecep:lem="creed"
            ecep:pos="vvz"
            ecep:reg="creeds"
            ecep:spe="creeds"
            ecep:syllab="1"
            ecep:pron="kriːdz">creeds</w>
         <c> </c>
         <w xml:id="o5153-469930"
            n="211-a-0670"
            ecep:lem="and"
            ecep:pos="cc"
            ecep:reg="and"
            ecep:spe="and"
            ecep:syllab="1"
            ecep:pron="ænd">and</w>
         <c> </c>
         <w xml:id="o5153-469940"
            n="211-a-0680"
            ecep:lem="mystic"
            ecep:pos="j-jn"
            ecep:reg="mystic"
            ecep:spe="mystick"
            ecep:syllab="2"
            ecep:pron="ˈmɪstɪk">mystick</w>
         <c> </c>
         <w xml:id="o5153-469950"
            n="211-a-0690"
            ecep:lem="law"
            ecep:pos="n1"
            ecep:reg="law"
            ecep:spe="law"
            ecep:syllab="1"
            ecep:pron="lɔː">law</w>
         <pc xml:id="o5153-469960"
             n="211-a-0700"
             ecep:lem=","
             ecep:pos=","
             ecep:reg=","
             ecep:spe=",">,</pc>
      </l>
      <l xml:id="o5153-l24435">
         <w xml:id="o5153-469970"
            n="211-a-0710"
            ecep:lem="wrap"
            ecep:pos="vvn"
            ecep:reg="Wrapped"
            ecep:spe="Wrapt"
            ecep:syllab="1"
            ecep:pron="rˈæpt">Wrapt</w>
         <c> </c>
         <w xml:id="o5153-469980"
            n="211-a-0720"
            ecep:lem="up"
            ecep:pos="a-acp"
            ecep:reg="up"
            ecep:spe="up"
            ecep:syllab="1"
            ecep:pron="ʌp">up</w>
         <c> </c>
         <w xml:id="o5153-469990"
            n="211-a-0730"
            ecep:lem="in"
            ecep:pos="p-acp"
            ecep:reg="in"
            ecep:spe="in"
            ecep:syllab="1"
            ecep:pron="ɪn">in</w>
         <c> </c>
         <w xml:id="o5153-470000"
            n="211-a-0740"
            ecep:lem="reverential"
            ecep:pos="j"
            ecep:reg="reverential"
            ecep:spe="reverential"
            ecep:syllab="4"
            ecep:pron="ˌrevəˈrenʃəl">reverential</w>
         <c> </c>
         <w xml:id="o5153-470010"
            n="211-a-0750"
            ecep:lem="awe"
            ecep:pos="n1"
            ecep:reg="awe"
            ecep:spe="awe"
            ecep:syllab="1"
            ecep:pron="ɔː">awe</w>
         <pc xml:id="o5153-470020"
             n="211-a-0760"
             ecep:lem=","
             ecep:pos=","
             ecep:reg=","
             ecep:spe=",">,</pc>
      </l>
      <l xml:id="o5153-l24440">
         <w xml:id="o5153-470030"
            n="211-a-0770"
            ecep:lem="i"
            ecep:pos="pns11"
            ecep:reg="I"
            ecep:spe="I"
            ecep:syllab="1"
            ecep:pron="aɪ">I</w>
         <c> </c>
         <w xml:id="o5153-470040"
            n="211-a-0780"
            ecep:lem="bow"
            ecep:pos="vvd"
            ecep:reg="bowed"
            ecep:spe="bow'd"
            ecep:syllab="1"
            ecep:pron="baʊd">bow'd</w>
         <c> </c>
         <w xml:id="o5153-470050"
            n="211-a-0790"
            ecep:lem="to"
            ecep:pos="p-acp"
            ecep:reg="to"
            ecep:spe="to"
            ecep:syllab="1"
            ecep:pron="tuː">to</w>
         <c> </c>
         <w xml:id="o5153-470060"
            n="211-a-0800"
            ecep:lem="priest"
            ecep:pos="n2"
            ecep:reg="priests"
            ecep:spe="priests"
            ecep:syllab="1"
            ecep:pron="priːsts">priests</w>
         <c> </c>
         <w xml:id="o5153-470070"
            n="211-a-0810"
            ecep:lem="and"
            ecep:pos="cc"
            ecep:reg="and"
            ecep:spe="and"
            ecep:syllab="1"
            ecep:pron="ænd">and</w>
         <c> </c>
         <w xml:id="o5153-470080"
            n="211-a-0820"
            ecep:lem="king"
            ecep:pos="n2"
            ecep:reg="kings"
            ecep:spe="kings"
            ecep:syllab="1"
            ecep:pron="kɪŋz">kings</w>
         <pc xml:id="o5153-470090"
             n="211-a-0830"
             unit="sentence"
             ecep:lem="."
             ecep:pos="."
             ecep:reg="."
             ecep:spe=".">.</pc>
      </l>
   </lg>
   <lg n="2" xml:id="o5153-s02295">
      <head>
         <w xml:id="o5153-470130"
            n="211-a-0840"
            ecep:lem="ii"
            ecep:pos="crd"
            ecep:reg="II"
            ecep:spe="II"
            ecep:syllab="1"
            ecep:pron="rˌəʊməntˈuː">II</w>
         <pc xml:id="o5153-470140"
             n="211-a-0850"
             unit="sentence"
             ecep:lem="."
             ecep:pos="."
             ecep:reg="."
             ecep:spe=".">.</pc>
      </head>
      <l xml:id="o5153-l24445">
         <w xml:id="o5153-470160"
            n="211-a-0860"
            ecep:lem="soon"
            ecep:pos="av"
            ecep:reg="Soon"
            ecep:spe="Soon"
            ecep:syllab="1"
            ecep:pron="suːn">Soon</w>
         <c> </c>
         <w xml:id="o5153-470170"
            n="211-a-0870"
            ecep:lem="reason"
            ecep:pos="n1"
            ecep:reg="reason"
            ecep:spe="reason"
            ecep:syllab="2"
            ecep:pron="ˈriːzn">reason</w>
         <c> </c>
         <w xml:id="o5153-470180"
            n="211-a-0880"
            ecep:lem="dawn"
            ecep:pos="vvd"
            ecep:reg="dawned"
            ecep:spe="dawn'd"
            ecep:syllab="1"
            ecep:pron="dɔːnd">dawn'd</w>
         <pc xml:id="o5153-470190"
             n="211-a-0890"
             ecep:lem=","
             ecep:pos=","
             ecep:reg=","
             ecep:spe=",">,</pc>
         <c> </c>
         <w xml:id="o5153-470200"
            n="211-a-0900"
            ecep:lem="with"
            ecep:pos="p-acp"
            ecep:reg="with"
            ecep:spe="with"
            ecep:syllab="1"
            ecep:pron="wɪð">with</w>
         <c> </c>
         <w xml:id="o5153-470210"
            n="211-a-0910"
            ecep:lem="trouble"
            ecep:pos="j-vvn"
            ecep:reg="troubled"
            ecep:spe="troubled"
            ecep:syllab="2"
            ecep:pron="ˈtrʌbld">troubled</w>
         <c> </c>
         <w xml:id="o5153-470220"
            n="211-a-0920"
            ecep:lem="sight"
            ecep:pos="n1"
            ecep:reg="sight"
            ecep:spe="sight"
            ecep:syllab="1"
            ecep:pron="saɪt">sight</w>
      </l>
      <l xml:id="o5153-l24450">
         <w xml:id="o5153-470230"
            n="211-a-0930"
            ecep:lem="i"
            ecep:pos="pns11"
            ecep:reg="I"
            ecep:spe="I"
            ecep:syllab="1"
            ecep:pron="aɪ">I</w>
         <c> </c>
         <w xml:id="o5153-470240"
            n="211-a-0940"
            ecep:lem="catch"
            ecep:pos="vvd"
            ecep:reg="caught"
            ecep:spe="caught"
            ecep:syllab="1"
            ecep:pron="kɔːt">caught</w>
         <c> </c>
         <w xml:id="o5153-470250"
            n="211-a-0950"
            ecep:lem="the"
            ecep:pos="dt"
            ecep:reg="the"
            ecep:spe="the"
            ecep:syllab="1"
            ecep:pron="ðə">the</w>
         <c> </c>
         <w xml:id="o5153-470260"
            n="211-a-0960"
            ecep:lem="glimpse"
            ecep:pos="n1"
            ecep:reg="glimpse"
            ecep:spe="glimpse"
            ecep:syllab="1"
            ecep:pron="glɪmps">glimpse</w>
         <c> </c>
         <w xml:id="o5153-470270"
            n="211-a-0970"
            ecep:lem="of"
            ecep:pos="pp-f"
            ecep:reg="of"
            ecep:spe="of"
            ecep:syllab="1"
            ecep:pron="ɒv">of</w>
         <c> </c>
         <w xml:id="o5153-470280"
            n="211-a-0980"
            ecep:lem="painful"
            ecep:pos="j"
            ecep:reg="painful"
            ecep:spe="painful"
            ecep:syllab="2"
            ecep:pron="ˈpeɪnfʊl">painful</w>
         <c> </c>
         <w xml:id="o5153-470290"
            n="211-a-0990"
            ecep:lem="light"
            ecep:pos="n1"
            ecep:reg="light"
            ecep:spe="light"
            ecep:syllab="1"
            ecep:pron="laɪt">light</w>
         <pc xml:id="o5153-470300"
             n="211-a-1000"
             ecep:lem=","
             ecep:pos=","
             ecep:reg=","
             ecep:spe=",">,</pc>
      </l>
      <l xml:id="o5153-l24455">
         <w xml:id="o5153-470310"
            n="211-a-1010"
            ecep:lem="afflict"
            ecep:pos="j-vvn"
            ecep:reg="Afflicted"
            ecep:spe="Afflicted"
            ecep:syllab="3"
            ecep:pron="əˈflɪktɪd">Afflicted</w>
         <c> </c>
         <w xml:id="o5153-470320"
            n="211-a-1020"
            ecep:lem="and"
            ecep:pos="cc"
            ecep:reg="and"
            ecep:spe="and"
            ecep:syllab="1"
            ecep:pron="ænd">and</w>
         <c> </c>
         <w xml:id="o5153-470330"
            n="211-a-1030"
            ecep:lem="afraid"
            ecep:pos="j"
            ecep:reg="afraid"
            ecep:spe="afraid"
            ecep:syllab="2"
            ecep:pron="əˈfreɪd">afraid</w>
         <pc xml:id="o5153-470340"
             n="211-a-1040"
             unit="sentence"
             ecep:lem="."
             ecep:pos="."
             ecep:reg="."
             ecep:spe=".">.</pc>
      </l>
      <l xml:id="o5153-l24460">
         <w xml:id="o5153-470350"
            n="211-a-1050"
            ecep:lem="too"
            ecep:pos="av"
            ecep:reg="Too"
            ecep:spe="Too"
            ecep:syllab="1"
            ecep:pron="tuː">Too</w>
         <c> </c>
         <w xml:id="o5153-470360"
            n="211-a-1060"
            ecep:lem="weak"
            ecep:pos="j"
            ecep:reg="weak"
            ecep:spe="weak"
            ecep:syllab="1"
            ecep:pron="wiːk">weak</w>
         <c> </c>
         <w xml:id="o5153-470370"
            n="211-a-1070"
            ecep:lem="it"
            ecep:pos="pn31"
            ecep:reg="it"
            ecep:spe="it"
            ecep:syllab="1"
            ecep:pron="ɪt">it</w>
         <c> </c>
         <w xml:id="o5153-470380"
            n="211-a-1080"
            ecep:lem="shine"
            ecep:pos="vvd"
            ecep:reg="shone"
            ecep:spe="shone"
            ecep:syllab="1"
            ecep:pron="ʃɒn">shone</w>
         <c> </c>
         <w xml:id="o5153-470390"
            n="211-a-1090"
            ecep:lem="to"
            ecep:pos="pc-acp"
            ecep:reg="to"
            ecep:spe="to"
            ecep:syllab="1"
            ecep:pron="tuː">to</w>
         <c> </c>
         <w xml:id="o5153-470400"
            n="211-a-1100"
            ecep:lem="mark"
            ecep:pos="vvi"
            ecep:reg="mark"
            ecep:spe="mark"
            ecep:syllab="1"
            ecep:pron="mɑːk">mark</w>
         <c> </c>
         <w xml:id="o5153-470410"
            n="211-a-1110"
            ecep:lem="my"
            ecep:pos="po11"
            ecep:reg="my"
            ecep:spe="my"
            ecep:syllab="1"
            ecep:pron="maɪ">my</w>
         <c> </c>
         <w xml:id="o5153-470420"
            n="211-a-1120"
            ecep:lem="way"
            ecep:pos="n1"
            ecep:reg="way"
            ecep:spe="way"
            ecep:syllab="1"
            ecep:pron="weɪ">way</w>
         <pc xml:id="o5153-470430"
             n="211-a-1130"
             ecep:lem=","
             ecep:pos=","
             ecep:reg=","
             ecep:spe=",">,</pc>
      </l>
      <l xml:id="o5153-l24465">
         <w xml:id="o5153-470440"
            n="211-a-1140"
            ecep:lem="enough"
            ecep:pos="av-d"
            ecep:reg="Enough"
            ecep:spe="Enough"
            ecep:syllab="2"
            ecep:pron="ɪˈnʌf">Enough</w>
         <c> </c>
         <w xml:id="o5153-470450"
            n="211-a-1150"
            ecep:lem="to"
            ecep:pos="pc-acp"
            ecep:reg="to"
            ecep:spe="to"
            ecep:syllab="1"
            ecep:pron="tuː">to</w>
         <c> </c>
         <w xml:id="o5153-470460"
            n="211-a-1160"
            ecep:lem="tempt"
            ecep:pos="vvi"
            ecep:reg="tempt"
            ecep:spe="tempt"
            ecep:syllab="1"
            ecep:pron="tempt">tempt</w>
         <c> </c>
         <w xml:id="o5153-470470"
            n="211-a-1170"
            ecep:lem="my"
            ecep:pos="po11"
            ecep:reg="my"
            ecep:spe="my"
            ecep:syllab="1"
            ecep:pron="maɪ">my</w>
         <c> </c>
         <w xml:id="o5153-470480"
            n="211-a-1180"
            ecep:lem="step"
            ecep:pos="n2"
            ecep:reg="steps"
            ecep:spe="steps"
            ecep:syllab="1"
            ecep:pron="steps">steps</w>
         <c> </c>
         <w xml:id="o5153-470490"
            n="211-a-1190"
            ecep:lem="to"
            ecep:pos="pc-acp"
            ecep:reg="to"
            ecep:spe="to"
            ecep:syllab="1"
            ecep:pron="tuː">to</w>
         <c> </c>
         <w xml:id="o5153-470500"
            n="211-a-1200"
            ecep:lem="stray"
            ecep:pos="vvi"
            ecep:reg="stray"
            ecep:spe="stray"
            ecep:syllab="1"
            ecep:pron="streɪ">stray</w>
      </l>
      <l xml:id="o5153-l24470">
         <w xml:id="o5153-470510"
            n="211-a-1210"
            ecep:lem="along"
            ecep:pos="a-acp"
            ecep:reg="Along"
            ecep:spe="Along"
            ecep:syllab="2"
            ecep:pron="əˈlɒŋ">Along</w>
         <c> </c>
         <w xml:id="o5153-470520"
            n="211-a-1220"
            ecep:lem="the"
            ecep:pos="dt"
            ecep:reg="the"
            ecep:spe="the"
            ecep:syllab="1"
            ecep:pron="ðə">the</w>
         <c> </c>
         <w xml:id="o5153-470530"
            n="211-a-1230"
            ecep:lem="dubious"
            ecep:pos="j"
            ecep:reg="dubious"
            ecep:spe="dubious"
            ecep:syllab="3"
            ecep:pron="ˈdjuːbɪəs">dubious</w>
         <c> </c>
         <w xml:id="o5153-470540"
            n="211-a-1240"
            ecep:lem="shade"
            ecep:pos="n1"
            ecep:reg="shade"
            ecep:spe="shade"
            ecep:syllab="1"
            ecep:pron="ʃeɪd">shade</w>
         <pc xml:id="o5153-470550"
             n="211-a-1250"
             unit="sentence"
             ecep:lem="."
             ecep:pos="."
             ecep:reg="."
             ecep:spe=".">.</pc>
      </l>
   </lg>
   <pb facs="o5153/0216_R" n="211" rend="none"/>
   <lg n="3" xml:id="o5153-s02300">
      <head>
         <w xml:id="o5153-470590"
            n="212-a-0010"
            ecep:lem="iii"
            ecep:pos="crd"
            ecep:reg="III"
            ecep:spe="III"
            ecep:syllab="1"
            ecep:pron="rˌəʊmənθrˈiː">III</w>
         <pc xml:id="o5153-470600"
             n="212-a-0020"
             unit="sentence"
             ecep:lem="."
             ecep:pos="."
             ecep:reg="."
             ecep:spe=".">.</pc>
      </head>
      <l xml:id="o5153-l24475">
         <w xml:id="o5153-470620"
            n="212-a-0030"
            ecep:lem="restless"
            ecep:pos="j"
            ecep:reg="Restless"
            ecep:spe="Restless"
            ecep:syllab="2"
            ecep:pron="ˈrestlɪs">Restless</w>
         <c> </c>
         <w xml:id="o5153-470630"
            n="212-a-0040"
            ecep:lem="i"
            ecep:pos="pns11"
            ecep:reg="I"
            ecep:spe="I"
            ecep:syllab="1"
            ecep:pron="aɪ">I</w>
         <c> </c>
         <w xml:id="o5153-470640"
            n="212-a-0050"
            ecep:lem="roam"
            ecep:pos="vvd"
            ecep:reg="roamed"
            ecep:spe="roam'd"
            ecep:syllab="1"
            ecep:pron="rəʊmd">roam'd</w>
         <pc xml:id="o5153-470650"
             n="212-a-0060"
             ecep:lem=","
             ecep:pos=","
             ecep:reg=","
             ecep:spe=",">,</pc>
         <c> </c>
         <w xml:id="o5153-470660"
            n="212-a-0070"
            ecep:lem="when"
            ecep:pos="c-crq"
            ecep:reg="when"
            ecep:spe="when"
            ecep:syllab="1"
            ecep:pron="wen">when</w>
         <c> </c>
         <w xml:id="o5153-470670"
            n="212-a-0080"
            ecep:lem="from"
            ecep:pos="p-acp"
            ecep:reg="from"
            ecep:spe="from"
            ecep:syllab="1"
            ecep:pron="frɒm">from</w>
         <c> </c>
         <w xml:id="o5153-470680"
            n="212-a-0090"
            ecep:lem="afar"
            ecep:pos="av"
            ecep:reg="afar"
            ecep:spe="afar"
            ecep:syllab="2"
            ecep:pron="əˈfɑː">afar</w>
      </l>
      <l xml:id="o5153-l24480">
         <w xml:id="o5153-470690"
            n="212-a-0100"
            ecep:lem="lo"
            ecep:pos="uh"
            ecep:reg="Lo"
            ecep:spe="Lo"
            ecep:syllab="1"
            ecep:pron="ləʊ">Lo</w>
         <c> </c>
         <w xml:id="o5153-470700"
            n="212-a-0110"
            ecep:lem="Hooker"
            ecep:pos="np1"
            ecep:reg="HOOKER"
            ecep:spe="HOOKER"
            ecep:syllab="2"
            ecep:pron="ˈhʊkə">HOOKER</w>
         <c> </c>
         <w xml:id="o5153-470710"
            n="212-a-0120"
            ecep:lem="shine"
            ecep:pos="vvz"
            ecep:reg="shines"
            ecep:spe="shines"
            ecep:syllab="1"
            ecep:pron="ʃaɪnz">shines</w>
         <pc xml:id="o5153-470720"
             n="212-a-0130"
             ecep:lem="!"
             ecep:pos="!"
             ecep:reg="!"
             ecep:spe="!">!</pc>
         <c> </c>
         <w xml:id="o5153-470730"
            n="212-a-0140"
            ecep:lem="the"
            ecep:pos="dt"
            ecep:reg="the"
            ecep:spe="the"
            ecep:syllab="1"
            ecep:pron="ðə">the</w>
         <c> </c>
         <w xml:id="o5153-470740"
            n="212-a-0150"
            ecep:lem="friendly"
            ecep:pos="j"
            ecep:reg="friendly"
            ecep:spe="friendly"
            ecep:syllab="2"
            ecep:pron="ˈfrendlɪ">friendly</w>
         <c> </c>
         <w xml:id="o5153-470750"
            n="212-a-0160"
            ecep:lem="star"
            ecep:pos="n1"
            ecep:reg="star"
            ecep:spe="star"
            ecep:syllab="1"
            ecep:pron="stɑː">star</w>
      </l>
      <l xml:id="o5153-l24485">
         <w xml:id="o5153-470760"
            n="212-a-0170"
            ecep:lem="send"
            ecep:pos="vvz"
            ecep:reg="Sends"
            ecep:spe="Sends"
            ecep:syllab="1"
            ecep:pron="sendz">Sends</w>
         <c> </c>
         <w xml:id="o5153-470770"
            n="212-a-0180"
            ecep:lem="forth"
            ecep:pos="av"
            ecep:reg="forth"
            ecep:spe="forth"
            ecep:syllab="1"
            ecep:pron="fɔːθ">forth</w>
         <c> </c>
         <w xml:id="o5153-470780"
            n="212-a-0190"
            ecep:lem="a"
            ecep:pos="dt"
            ecep:reg="a"
            ecep:spe="a"
            ecep:syllab="1"
            ecep:pron="ə">a</w>
         <c> </c>
         <w xml:id="o5153-470790"
            n="212-a-0200"
            ecep:lem="steady"
            ecep:pos="j"
            ecep:reg="steady"
            ecep:spe="steady"
            ecep:syllab="2"
            ecep:pron="ˈstedɪ">steady</w>
         <c> </c>
         <w xml:id="o5153-470800"
            n="212-a-0210"
            ecep:lem="ray"
            ecep:pos="n1"
            ecep:reg="ray"
            ecep:spe="ray"
            ecep:syllab="1"
            ecep:pron="reɪ">ray</w>
         <pc xml:id="o5153-470810"
             n="212-a-0220"
             unit="sentence"
             ecep:lem="."
             ecep:pos="."
             ecep:reg="."
             ecep:spe=".">.</pc>
      </l>
      <l xml:id="o5153-l24490">
         <w xml:id="o5153-470820"
            n="212-a-0230"
            ecep:lem="thus"
            ecep:pos="av"
            ecep:reg="Thus"
            ecep:spe="Thus"
            ecep:syllab="1"
            ecep:pron="ðʌs">Thus</w>
         <c> </c>
         <w xml:id="o5153-470830"
            n="212-a-0240"
            ecep:lem="cheere"
            ecep:pos="vvd"
            ecep:reg="cheered"
            ecep:spe="cheer'd"
            ecep:syllab="1"
            ecep:pron="tʃɪəd">cheer'd</w>
         <pc xml:id="o5153-470840"
             n="212-a-0250"
             ecep:lem=","
             ecep:pos=","
             ecep:reg=","
             ecep:spe=",">,</pc>
         <c> </c>
         <w xml:id="o5153-470850"
            n="212-a-0260"
            ecep:lem="and"
            ecep:pos="cc"
            ecep:reg="and"
            ecep:spe="and"
            ecep:syllab="1"
            ecep:pron="ænd">and</w>
         <c> </c>
         <w xml:id="o5153-470860"
            n="212-a-0270"
            ecep:lem="eager"
            ecep:pos="j"
            ecep:reg="eager"
            ecep:spe="eager"
            ecep:syllab="2"
            ecep:pron="ˈiːgə">eager</w>
         <c> </c>
         <w xml:id="o5153-470870"
            n="212-a-0280"
            ecep:lem="to"
            ecep:pos="pc-acp"
            ecep:reg="to"
            ecep:spe="to"
            ecep:syllab="1"
            ecep:pron="tuː">to</w>
         <c> </c>
         <w xml:id="o5153-470880"
            n="212-a-0290"
            ecep:lem="pursue"
            ecep:pos="vvi"
            ecep:reg="pursue"
            ecep:spe="pursue"
            ecep:syllab="2"
            ecep:pron="pəˈsjuː">pursue</w>
         <pc xml:id="o5153-470890"
             n="212-a-0300"
             ecep:lem=","
             ecep:pos=","
             ecep:reg=","
             ecep:spe=",">,</pc>
      </l>
      <l xml:id="o5153-l24495">
         <w xml:id="o5153-470900"
            n="212-a-0310"
            ecep:lem="i"
            ecep:pos="pns11"
            ecep:reg="I"
            ecep:spe="I"
            ecep:syllab="1"
            ecep:pron="aɪ">I</w>
         <c> </c>
         <w xml:id="o5153-470910"
            n="212-a-0320"
            ecep:lem="mount"
            ecep:pos="vvb"
            ecep:reg="mount"
            ecep:spe="mount"
            ecep:syllab="1"
            ecep:pron="maʊnt">mount</w>
         <pc xml:id="o5153-470920"
             n="212-a-0330"
             ecep:lem=","
             ecep:pos=","
             ecep:reg=","
             ecep:spe=",">,</pc>
         <c> </c>
         <w xml:id="o5153-470930"
            n="212-a-0340"
            ecep:lem="till"
            ecep:pos="c-acp"
            ecep:reg="till"
            ecep:spe="till"
            ecep:syllab="1"
            ecep:pron="tɪl">till</w>
         <c> </c>
         <w xml:id="o5153-470940"
            n="212-a-0350"
            ecep:lem="glorious"
            ecep:pos="j"
            ecep:reg="glorious"
            ecep:spe="glorious"
            ecep:syllab="3"
            ecep:pron="ˈglɔːrɪəs">glorious</w>
         <c> </c>
         <w xml:id="o5153-470950"
            n="212-a-0360"
            ecep:lem="to"
            ecep:pos="p-acp"
            ecep:reg="to"
            ecep:spe="to"
            ecep:syllab="1"
            ecep:pron="tuː">to</w>
         <c> </c>
         <w xml:id="o5153-470960"
            n="212-a-0370"
            ecep:lem="my"
            ecep:pos="po11"
            ecep:reg="my"
            ecep:spe="my"
            ecep:syllab="1"
            ecep:pron="maɪ">my</w>
         <c> </c>
         <w xml:id="o5153-470970"
            n="212-a-0380"
            ecep:lem="view"
            ecep:pos="n1"
            ecep:reg="view"
            ecep:spe="view"
            ecep:syllab="1"
            ecep:pron="vjuː">view</w>
         <pc xml:id="o5153-470980"
             n="212-a-0390"
             ecep:lem=","
             ecep:pos=","
             ecep:reg=","
             ecep:spe=",">,</pc>
      </l>
      <l xml:id="o5153-l24500">
         <w xml:id="o5153-470990"
            n="212-a-0400"
            ecep:lem="Locke"
            ecep:pos="np1"
            ecep:reg="LOCKE"
            ecep:spe="LOCKE"
            ecep:syllab="1"
            ecep:pron="ˈlɒk">LOCKE</w>
         <c> </c>
         <w xml:id="o5153-471000"
            n="212-a-0410"
            ecep:lem="spread"
            ecep:pos="vvz"
            ecep:reg="spreads"
            ecep:spe="spreads"
            ecep:syllab="1"
            ecep:pron="spredz">spreads</w>
         <c> </c>
         <w xml:id="o5153-471010"
            n="212-a-0420"
            ecep:lem="the"
            ecep:pos="dt"
            ecep:reg="the"
            ecep:spe="the"
            ecep:syllab="1"
            ecep:pron="ðə">the</w>
         <c> </c>
         <w xml:id="o5153-471020"
            n="212-a-0430"
            ecep:lem="realm"
            ecep:pos="n2"
            ecep:reg="realms"
            ecep:spe="realms"
            ecep:syllab="1"
            ecep:pron="relmz">realms</w>
         <c> </c>
         <w xml:id="o5153-471030"
            n="212-a-0440"
            ecep:lem="of"
            ecep:pos="pp-f"
            ecep:reg="of"
            ecep:spe="of"
            ecep:syllab="1"
            ecep:pron="ɒv">of</w>
         <c> </c>
         <w xml:id="o5153-471040"
            n="212-a-0450"
            ecep:lem="day"
            ecep:pos="n1"
            ecep:reg="day"
            ecep:spe="day"
            ecep:syllab="1"
            ecep:pron="deɪ">day</w>
         <pc xml:id="o5153-471050"
             n="212-a-0460"
             unit="sentence"
             ecep:lem="."
             ecep:pos="."
             ecep:reg="."
             ecep:spe=".">.</pc>
      </l>
   </lg>
   <lg n="4" xml:id="o5153-s02305">
      <head>
         <w xml:id="o5153-471090"
            n="212-a-0470"
            ecep:lem="iv"
            ecep:pos="crd"
            ecep:reg="IV"
            ecep:spe="IV"
            ecep:syllab="1"
            ecep:pron="rˌəʊmənfˈɔː">IV</w>
         <pc xml:id="o5153-471100"
             n="212-a-0480"
             unit="sentence"
             ecep:lem="."
             ecep:pos="."
             ecep:reg="."
             ecep:spe=".">.</pc>
      </head>
      <l xml:id="o5153-l24505">
         <w xml:id="o5153-471120"
            n="212-a-0490"
            ecep:lem="now"
            ecep:pos="av"
            ecep:reg="Now"
            ecep:spe="Now"
            ecep:syllab="1"
            ecep:pron="naʊ">Now</w>
         <c> </c>
         <w xml:id="o5153-471130"
            n="212-a-0500"
            ecep:lem="warm"
            ecep:pos="vvd"
            ecep:reg="warmed"
            ecep:spe="warm'd"
            ecep:syllab="1"
            ecep:pron="wɔːmd">warm'd</w>
         <c> </c>
         <w xml:id="o5153-471140"
            n="212-a-0510"
            ecep:lem="with"
            ecep:pos="p-acp"
            ecep:reg="with"
            ecep:spe="with"
            ecep:syllab="1"
            ecep:pron="wɪð">with</w>
         <c> </c>
         <w xml:id="o5153-471150"
            n="212-a-0520"
            ecep:lem="noble"
            ecep:pos="j"
            ecep:reg="noble"
            ecep:spe="noble"
            ecep:syllab="2"
            ecep:pron="ˈnəʊbl">noble</w>
         <c> </c>
         <w xml:id="o5153-471160"
            n="212-a-0530"
            ecep:lem="Sidney"
            ecep:pos="npg1"
            ecep:reg="SIDNEY'S"
            ecep:spe="SIDNEY'S"
            ecep:syllab="2"
            ecep:pron="ˈsɪdniz">SIDNEY'S</w>
         <c> </c>
         <w xml:id="o5153-471170"
            n="212-a-0540"
            ecep:lem="page"
            ecep:pos="n1"
            ecep:reg="page"
            ecep:spe="page"
            ecep:syllab="1"
            ecep:pron="peɪdʒ">page</w>
         <pc xml:id="o5153-471180"
             n="212-a-0550"
             ecep:lem=","
             ecep:pos=","
             ecep:reg=","
             ecep:spe=",">,</pc>
      </l>
      <l xml:id="o5153-l24510">
         <w xml:id="o5153-471190"
            n="212-a-0560"
            ecep:lem="i"
            ecep:pos="pns11"
            ecep:reg="I"
            ecep:spe="I"
            ecep:syllab="1"
            ecep:pron="aɪ">I</w>
         <c> </c>
         <w xml:id="o5153-471200"
            n="212-a-0570"
            ecep:lem="pant"
            ecep:pos="vvb"
            ecep:reg="pant"
            ecep:spe="pant"
            ecep:syllab="1"
            ecep:pron="pænt">pant</w>
         <c> </c>
         <w xml:id="o5153-471210"
            n="212-a-0580"
            ecep:lem="with"
            ecep:pos="p-acp"
            ecep:reg="with"
            ecep:spe="with"
            ecep:syllab="1"
            ecep:pron="wɪð">with</w>
         <c> </c>
         <w xml:id="o5153-471220"
            n="212-a-0590"
            ecep:lem="all"
            ecep:pos="d"
            ecep:reg="all"
            ecep:spe="all"
            ecep:syllab="1"
            ecep:pron="ɔːl">all</w>
         <c> </c>
         <w xml:id="o5153-471230"
            n="212-a-0600"
            ecep:lem="the"
            ecep:pos="dt"
            ecep:reg="the"
            ecep:spe="the"
            ecep:syllab="1"
            ecep:pron="ðə">the</w>
         <c> </c>
         <w xml:id="o5153-471240"
            n="212-a-0610"
            ecep:lem="patriot"
            ecep:pos="ng1"
            ecep:reg="patriot's"
            ecep:spe="patriot's"
            ecep:syllab="3"
            ecep:pron="ˈpeɪtrɪətz">patriot's</w>
         <c> </c>
         <w xml:id="o5153-471250"
            n="212-a-0620"
            ecep:lem="rage"
            ecep:pos="n1"
            ecep:reg="rage"
            ecep:spe="rage"
            ecep:syllab="1"
            ecep:pron="reɪdʒ">rage</w>
         <pc xml:id="o5153-471260"
             n="212-a-0630"
             ecep:lem=";"
             ecep:pos=";"
             ecep:reg=";"
             ecep:spe=";">;</pc>
      </l>
      <l xml:id="o5153-l24515">
         <w xml:id="o5153-471270"
            n="212-a-0640"
            ecep:lem="now"
            ecep:pos="av"
            ecep:reg="Now"
            ecep:spe="Now"
            ecep:syllab="1"
            ecep:pron="naʊ">Now</w>
         <c> </c>
         <w xml:id="o5153-471280"
            n="212-a-0650"
            ecep:lem="wrap"
            ecep:pos="vvn"
            ecep:reg="wrapped"
            ecep:spe="wrapt"
            ecep:syllab="1"
            ecep:pron="rˈæpt">wrapt</w>
         <c> </c>
         <w xml:id="o5153-471290"
            n="212-a-0660"
            ecep:lem="in"
            ecep:pos="p-acp"
            ecep:reg="in"
            ecep:spe="in"
            ecep:syllab="1"
            ecep:pron="ɪn">in</w>
         <c> </c>
         <w xml:id="o5153-471300"
            n="212-a-0670"
            ecep:lem="Plato"
            ecep:pos="npg1"
            ecep:reg="PLATO'S"
            ecep:spe="PLATO'S"
            ecep:syllab="2"
            ecep:pron="ˈpleɪtəʊz">PLATO'S</w>
         <c> </c>
         <w xml:id="o5153-471310"
            n="212-a-0680"
            ecep:lem="dream"
            ecep:pos="n1"
            ecep:reg="dream"
            ecep:spe="dream"
            ecep:syllab="1"
            ecep:pron="driːm">dream</w>
         <pc xml:id="o5153-471320"
             n="212-a-0690"
             ecep:lem=","
             ecep:pos=","
             ecep:reg=","
             ecep:spe=",">,</pc>
      </l>
      <l xml:id="o5153-l24520">
         <w xml:id="o5153-471330"
            n="212-a-0700"
            ecep:lem="with"
            ecep:pos="p-acp"
            ecep:reg="With"
            ecep:spe="With"
            ecep:syllab="1"
            ecep:pron="wɪð">With</w>
         <c> </c>
         <w xml:id="o5153-471340"
            n="212-a-0710"
            ecep:lem="more"
            ecep:pos="dc"
            ecep:reg="MORE"
            ecep:spe="MORE"
            ecep:syllab="1"
            ecep:pron="mɔː">MORE</w>
         <c> </c>
         <w xml:id="o5153-471350"
            n="212-a-0720"
            ecep:lem="and"
            ecep:pos="cc"
            ecep:reg="and"
            ecep:spe="and"
            ecep:syllab="1"
            ecep:pron="ænd">and</w>
         <c> </c>
         <w xml:id="o5153-471360"
            n="212-a-0730"
            ecep:lem="HARRINGTON"
            ecep:pos="np1"
            ecep:reg="HARRINGTON"
            ecep:spe="HARRINGTON"
            ecep:syllab="3"
            ecep:pron="ˈhærɪŋtən">HARRINGTON</w>
         <c> </c>
         <w xml:id="o5153-471370"
            n="212-a-0740"
            ecep:lem="around"
            ecep:pos="a-acp"
            ecep:reg="around"
            ecep:spe="around"
            ecep:syllab="2"
            ecep:pron="əˈraʊnd">around</w>
      </l>
      <l xml:id="o5153-l24525">
         <w xml:id="o5153-471380"
            n="212-a-0750"
            ecep:lem="i"
            ecep:pos="pns11"
            ecep:reg="I"
            ecep:spe="I"
            ecep:syllab="1"
            ecep:pron="aɪ">I</w>
         <c> </c>
         <w xml:id="o5153-471390"
            n="212-a-0760"
            ecep:lem="tread"
            ecep:pos="vvb"
            ecep:reg="tread"
            ecep:spe="tread"
            ecep:syllab="1"
            ecep:pron="tred">tread</w>
         <c> </c>
         <w xml:id="o5153-471400"
            n="212-a-0770"
            ecep:lem="fair"
            ecep:pos="j"
            ecep:reg="fair"
            ecep:spe="fair"
            ecep:syllab="1"
            ecep:pron="feə">fair</w>
         <c> </c>
         <w xml:id="o5153-471410"
            n="212-a-0780"
            ecep:lem="freedom"
            ecep:pos="ng1"
            ecep:reg="Freedom's"
            ecep:spe="Freedom's"
            ecep:syllab="2"
            ecep:pron="ˈfriːdəmz">Freedom's</w>
         <c> </c>
         <w xml:id="o5153-471420"
            n="212-a-0790"
            ecep:lem="magic"
            ecep:pos="j-jn"
            ecep:reg="magic"
            ecep:spe="magick"
            ecep:syllab="2"
            ecep:pron="ˈmædʒɪk">magick</w>
         <c> </c>
         <w xml:id="o5153-471430"
            n="212-a-0800"
            ecep:lem="ground"
            ecep:pos="n1"
            ecep:reg="ground"
            ecep:spe="ground"
            ecep:syllab="1"
            ecep:pron="graʊnd">ground</w>
         <pc xml:id="o5153-471440"
             n="212-a-0810"
             ecep:lem=","
             ecep:pos=","
             ecep:reg=","
             ecep:spe=",">,</pc>
      </l>
      <l xml:id="o5153-l24530">
         <w xml:id="o5153-471450"
            n="212-a-0820"
            ecep:lem="and"
            ecep:pos="cc"
            ecep:reg="And"
            ecep:spe="And"
            ecep:syllab="1"
            ecep:pron="ænd">And</w>
         <c> </c>
         <w xml:id="o5153-471460"
            n="212-a-0830"
            ecep:lem="trace"
            ecep:pos="vvi"
            ecep:reg="trace"
            ecep:spe="trace"
            ecep:syllab="1"
            ecep:pron="treɪs">trace</w>
         <c> </c>
         <w xml:id="o5153-471470"
            n="212-a-0840"
            ecep:lem="the"
            ecep:pos="dt"
            ecep:reg="the"
            ecep:spe="the"
            ecep:syllab="1"
            ecep:pron="ðə">the</w>
         <c> </c>
         <w xml:id="o5153-471480"
            n="212-a-0850"
            ecep:lem="flatter"
            ecep:pos="j-vvg"
            ecep:reg="flattering"
            ecep:spe="flatt'ring"
            ecep:syllab="2"
            ecep:pron="ˈflætrɪŋ">flatt'ring</w>
         <c> </c>
         <w xml:id="o5153-471490"
            n="212-a-0860"
            ecep:lem="scheme"
            ecep:pos="n1"
            ecep:reg="scheme"
            ecep:spe="scheme"
            ecep:syllab="1"
            ecep:pron="skiːm">scheme</w>
         <pc xml:id="o5153-471500"
             n="212-a-0870"
             unit="sentence"
             ecep:lem="."
             ecep:pos="."
             ecep:reg="."
             ecep:spe=".">.</pc>
      </l>
   </lg>
   <lg n="5" xml:id="o5153-s02310">
      <head>
         <w xml:id="o5153-471540"
            n="212-a-0880"
            ecep:lem="v."
            ecep:pos="crd"
            ecep:reg="V"
            ecep:spe="V."
            ecep:syllab="1"
            ecep:pron="viː">V.</w>
         <pc unit="sentence" xml:id="o5153-471540-eos" n="212-a-0890"/>
      </head>
      <l xml:id="o5153-l24535">
         <w xml:id="o5153-471560"
            n="212-a-0900"
            ecep:lem="but"
            ecep:pos="p-acp"
            ecep:reg="But"
            ecep:spe="But"
            ecep:syllab="1"
            ecep:pron="bʌt">But</w>
         <c> </c>
         <w xml:id="o5153-471570"
            n="212-a-0910"
            ecep:lem="soon"
            ecep:pos="av"
            ecep:reg="soon"
            ecep:spe="soon"
            ecep:syllab="1"
            ecep:pron="suːn">soon</w>
         <c> </c>
         <w xml:id="o5153-471580"
            n="212-a-0920"
            ecep:lem="the"
            ecep:pos="dt"
            ecep:reg="the"
            ecep:spe="the"
            ecep:syllab="1"
            ecep:pron="ðə">the</w>
         <c> </c>
         <w xml:id="o5153-471590"
            n="212-a-0930"
            ecep:lem="beauteous"
            ecep:pos="j"
            ecep:reg="beauteous"
            ecep:spe="beauteous"
            ecep:syllab="3"
            ecep:pron="ˈbjuːtɪəs">beauteous</w>
         <c> </c>
         <w xml:id="o5153-471600"
            n="212-a-0940"
            ecep:lem="vision"
            ecep:pos="n1"
            ecep:reg="vision"
            ecep:spe="vision"
            ecep:syllab="2"
            ecep:pron="ˈvɪʒən">vision</w>
         <c> </c>
         <w xml:id="o5153-471610"
            n="212-a-0950"
            ecep:lem="fly"
            ecep:pos="vvz"
            ecep:reg="flies"
            ecep:spe="flies"
            ecep:syllab="1"
            ecep:pron="flaɪz">flies</w>
         <pc xml:id="o5153-471620"
             n="212-a-0960"
             ecep:lem=";"
             ecep:pos=";"
             ecep:reg=";"
             ecep:spe=";">;</pc>
      </l>
      <l xml:id="o5153-l24540">
         <w xml:id="o5153-471630"
            n="212-a-0970"
            ecep:lem="and"
            ecep:pos="cc"
            ecep:reg="And"
            ecep:spe="And"
            ecep:syllab="1"
            ecep:pron="ænd">And</w>
         <c> </c>
         <w xml:id="o5153-471640"
            n="212-a-0980"
            ecep:lem="hideous"
            ecep:pos="j"
            ecep:reg="hideous"
            ecep:spe="hideous"
            ecep:syllab="3"
            ecep:pron="ˈhɪdɪəs">hideous</w>
         <c> </c>
         <w xml:id="o5153-471650"
            n="212-a-0990"
            ecep:lem="spectre"
            ecep:pos="n2"
            ecep:reg="spectres"
            ecep:spe="spectres"
            ecep:syllab="2"
            ecep:pron="ˈspektəz">spectres</w>
         <c> </c>
         <w xml:id="o5153-471660"
            n="212-a-1000"
            ecep:lem="now"
            ecep:pos="av"
            ecep:reg="now"
            ecep:spe="now"
            ecep:syllab="1"
            ecep:pron="naʊ">now</w>
         <c> </c>
         <w xml:id="o5153-471670"
            n="212-a-1010"
            ecep:lem="arise"
            ecep:pos="vvi"
            ecep:reg="arise"
            ecep:spe="arise"
            ecep:syllab="2"
            ecep:pron="əˈraɪz">arise</w>
         <pc xml:id="o5153-471680"
             n="212-a-1020"
             ecep:lem=","
             ecep:pos=","
             ecep:reg=","
             ecep:spe=",">,</pc>
      </l>
      <l xml:id="o5153-l24545">
         <w xml:id="o5153-471690"
            n="212-a-1030"
            ecep:lem="corruption"
            ecep:pos="ng1"
            ecep:reg="Corruption's"
            ecep:spe="Corruption's"
            ecep:syllab="3"
            ecep:pron="kəˈrʌpʃənz">Corruption's</w>
         <c> </c>
         <w xml:id="o5153-471700"
            n="212-a-1040"
            ecep:lem="direful"
            ecep:pos="j"
            ecep:reg="direful"
            ecep:spe="direful"
            ecep:syllab="2"
            ecep:pron="ˈdaɪəfʊl">direful</w>
         <c> </c>
         <w xml:id="o5153-471710"
            n="212-a-1050"
            ecep:lem="train"
            ecep:pos="n1"
            ecep:reg="train"
            ecep:spe="train"
            ecep:syllab="1"
            ecep:pron="treɪn">train</w>
         <pc xml:id="o5153-471720"
             n="212-a-1060"
             ecep:lem=":"
             ecep:pos=":"
             ecep:reg=":"
             ecep:spe=":">:</pc>
      </l>
      <l xml:id="o5153-l24550">
         <w xml:id="o5153-471730"
            n="212-a-1070"
            ecep:lem="the"
            ecep:pos="dt"
            ecep:reg="The"
            ecep:spe="The"
            ecep:syllab="1"
            ecep:pron="ðə">The</w>
         <c> </c>
         <w xml:id="o5153-471740"
            n="212-a-1080"
            ecep:lem="partial"
            ecep:pos="j"
            ecep:reg="partial"
            ecep:spe="partial"
            ecep:syllab="2"
            ecep:pron="ˈpɑːʃəl">partial</w>
         <c> </c>
         <w xml:id="o5153-471750"
            n="212-a-1090"
            ecep:lem="judge"
            ecep:pos="n1"
            ecep:reg="judge"
            ecep:spe="judge"
            ecep:syllab="1"
            ecep:pron="dʒʌdʒ">judge</w>
         <c> </c>
         <w xml:id="o5153-471760"
            n="212-a-1100"
            ecep:lem="pervert"
            ecep:pos="vvg"
            ecep:reg="perverting"
            ecep:spe="perverting"
            ecep:syllab="3"
            ecep:pron="pəˈvɜːtɪŋ">perverting</w>
         <c> </c>
         <w xml:id="o5153-471770"
            n="212-a-1110"
            ecep:lem="law"
            ecep:pos="n2"
            ecep:reg="laws"
            ecep:spe="laws"
            ecep:syllab="1"
            ecep:pron="lɔːz">laws</w>
         <pc xml:id="o5153-471780"
             n="212-a-1120"
             ecep:lem=","
             ecep:pos=","
             ecep:reg=","
             ecep:spe=",">,</pc>
      </l>
      <l xml:id="o5153-l24555">
         <w xml:id="o5153-471790"
            n="212-a-1130"
            ecep:lem="the"
            ecep:pos="dt"
            ecep:reg="The"
            ecep:spe="The"
            ecep:syllab="1"
            ecep:pron="ðə">The</w>
         <c> </c>
         <w xml:id="o5153-471800"
            n="212-a-1140"
            ecep:lem="priest"
            ecep:pos="n1"
            ecep:reg="priest"
            ecep:spe="priest"
            ecep:syllab="1"
            ecep:pron="priːst">priest</w>
         <c> </c>
         <w xml:id="o5153-471810"
            n="212-a-1150"
            ecep:lem="forsake"
            ecep:pos="vvg"
            ecep:reg="forsaking"
            ecep:spe="forsaking"
            ecep:syllab="3"
            ecep:pron="fəˈseɪkɪŋ">forsaking</w>
         <c> </c>
         <w xml:id="o5153-471820"
            n="212-a-1160"
            ecep:lem="virtue"
            ecep:pos="ng1"
            ecep:reg="virtue's"
            ecep:spe="virtue's"
            ecep:syllab="2"
            ecep:pron="ˈvɜːtjuːz">virtue's</w>
         <c> </c>
         <w xml:id="o5153-471830"
            n="212-a-1170"
            ecep:lem="cause"
            ecep:pos="n1"
            ecep:reg="cause"
            ecep:spe="cause"
            ecep:syllab="1"
            ecep:pron="kɔːz">cause</w>
         <pc xml:id="o5153-471840"
             n="212-a-1180"
             ecep:lem=","
             ecep:pos=","
             ecep:reg=","
             ecep:spe=",">,</pc>
      </l>
      <l xml:id="o5153-l24560">
         <w xml:id="o5153-471850"
            n="212-a-1190"
            ecep:lem="and"
            ecep:pos="cc"
            ecep:reg="And"
            ecep:spe="And"
            ecep:syllab="1"
            ecep:pron="ænd">And</w>
         <c> </c>
         <w xml:id="o5153-471860"
            n="212-a-1200"
            ecep:lem="senate"
            ecep:pos="n2"
            ecep:reg="senates"
            ecep:spe="senates"
            ecep:syllab="3"
            ecep:pron="ˈsenəts">senates</w>
         <c> </c>
         <w xml:id="o5153-471870"
            n="212-a-1210"
            ecep:lem="slave"
            ecep:pos="n2"
            ecep:reg="slaves"
            ecep:spe="slaves"
            ecep:syllab="1"
            ecep:pron="sleɪvz">slaves</w>
         <c> </c>
         <w xml:id="o5153-471880"
            n="212-a-1220"
            ecep:lem="to"
            ecep:pos="pc-acp"
            ecep:reg="to"
            ecep:spe="to"
            ecep:syllab="1"
            ecep:pron="tuː">to</w>
         <c> </c>
         <w xml:id="o5153-471890"
            n="212-a-1230"
            ecep:lem="gain"
            ecep:pos="vvi"
            ecep:reg="gain"
            ecep:spe="gain"
            ecep:syllab="1"
            ecep:pron="geɪn">gain</w>
         <pc xml:id="o5153-471900"
             n="212-a-1240"
             unit="sentence"
             ecep:lem="."
             ecep:pos="."
             ecep:reg="."
             ecep:spe=".">.</pc>
      </l>
   </lg>
   <lg n="6" xml:id="o5153-s02315">
      <head>
         <w xml:id="o5153-471940"
            n="212-a-1250"
            ecep:lem="vi"
            ecep:pos="crd"
            ecep:reg="VI"
            ecep:spe="VI"
            ecep:syllab="1"
            ecep:pron="ˈvaɪ">VI</w>
         <pc xml:id="o5153-471950"
             n="212-a-1260"
             unit="sentence"
             ecep:lem="."
             ecep:pos="."
             ecep:reg="."
             ecep:spe=".">.</pc>
      </head>
      <l xml:id="o5153-l24565">
         <w xml:id="o5153-471970"
            n="212-a-1270"
            ecep:lem="vain"
            ecep:pos="av-j"
            ecep:reg="Vainly"
            ecep:spe="Vainly"
            ecep:syllab="2"
            ecep:pron="ˈveɪnlɪ">Vainly</w>
         <c> </c>
         <w xml:id="o5153-471980"
            n="212-a-1280"
            ecep:lem="the"
            ecep:pos="dt"
            ecep:reg="the"
            ecep:spe="the"
            ecep:syllab="1"
            ecep:pron="ðə">the</w>
         <c> </c>
         <w xml:id="o5153-471990"
            n="212-a-1290"
            ecep:lem="pious"
            ecep:pos="j"
            ecep:reg="pious"
            ecep:spe="pious"
            ecep:syllab="2"
            ecep:pron="ˈpaɪəs">pious</w>
         <c> </c>
         <w xml:id="o5153-472000"
            n="212-a-1300"
            ecep:lem="artist"
            ecep:pos="ng1"
            ecep:reg="artist's"
            ecep:spe="artist's"
            ecep:syllab="2"
            ecep:pron="ˈɑːtɪsts">artist's</w>
         <c> </c>
         <w xml:id="o5153-472010"
            n="212-a-1310"
            ecep:lem="toil"
            ecep:pos="n1"
            ecep:reg="toil"
            ecep:spe="toil"
            ecep:syllab="1"
            ecep:pron="tɔɪl">toil</w>
      </l>
      <l xml:id="o5153-l24570">
         <w xml:id="o5153-472020"
            n="212-a-1320"
            ecep:lem="will"
            ecep:pos="vmd"
            ecep:reg="Would"
            ecep:spe="Would"
            ecep:syllab="1"
            ecep:pron="wʊd">Would</w>
         <c> </c>
         <w xml:id="o5153-472030"
            n="212-a-1330"
            ecep:lem="rear"
            ecep:pos="vvi"
            ecep:reg="rear"
            ecep:spe="rear"
            ecep:syllab="1"
            ecep:pron="rɪə">rear</w>
         <c> </c>
         <w xml:id="o5153-472040"
            n="212-a-1340"
            ecep:lem="to"
            ecep:pos="p-acp"
            ecep:reg="to"
            ecep:spe="to"
            ecep:syllab="1"
            ecep:pron="tuː">to</w>
         <c> </c>
         <w xml:id="o5153-472050"
            n="212-a-1350"
            ecep:lem="heaven"
            ecep:pos="n1"
            ecep:reg="heaven"
            ecep:spe="heaven"
            ecep:syllab="2"
            ecep:pron="ˈhevn">heaven</w>
         <c> </c>
         <w xml:id="o5153-472060"
            n="212-a-1360"
            ecep:lem="a"
            ecep:pos="dt"
            ecep:reg="a"
            ecep:spe="a"
            ecep:syllab="1"
            ecep:pron="ə">a</w>
         <c> </c>
         <w xml:id="o5153-472070"
            n="212-a-1370"
            ecep:lem="mortal"
            ecep:pos="j-jn"
            ecep:reg="mortal"
            ecep:spe="mortal"
            ecep:syllab="2"
            ecep:pron="ˈmɔːtl">mortal</w>
         <c> </c>
         <w xml:id="o5153-472080"
            n="212-a-1380"
            ecep:lem="pile"
            ecep:pos="n1"
            ecep:reg="pile"
            ecep:spe="pile"
            ecep:syllab="1"
            ecep:pron="paɪl">pile</w>
         <pc xml:id="o5153-472090"
             n="212-a-1390"
             ecep:lem=","
             ecep:pos=","
             ecep:reg=","
             ecep:spe=",">,</pc>
      </l>
      <l xml:id="o5153-l24575">
         <w xml:id="o5153-472100"
            n="212-a-1400"
            ecep:lem="on"
            ecep:pos="p-acp"
            ecep:reg="On"
            ecep:spe="On"
            ecep:syllab="1"
            ecep:pron="ɒn">On</w>
         <c> </c>
         <w xml:id="o5153-472110"
            n="212-a-1410"
            ecep:lem="some"
            ecep:pos="d"
            ecep:reg="some"
            ecep:spe="some"
            ecep:syllab="1"
            ecep:pron="sʌm">some</w>
         <c> </c>
         <w xml:id="o5153-472120"
            n="212-a-1420"
            ecep:lem="immortal"
            ecep:pos="j"
            ecep:reg="immortal"
            ecep:spe="immortal"
            ecep:syllab="3"
            ecep:pron="ɪˈmɔːtl">immortal</w>
         <c> </c>
         <w xml:id="o5153-472130"
            n="212-a-1430"
            ecep:lem="plan"
            ecep:pos="n1"
            ecep:reg="plan"
            ecep:spe="plan"
            ecep:syllab="1"
            ecep:pron="plæn">plan</w>
         <pc xml:id="o5153-472140"
             n="212-a-1440"
             ecep:lem=";"
             ecep:pos=";"
             ecep:reg=";"
             ecep:spe=";">;</pc>
      </l>
      <l xml:id="o5153-l24580">
         <w xml:id="o5153-472150"
            n="212-a-1450"
            ecep:lem="within"
            ecep:pos="p-acp"
            ecep:reg="Within"
            ecep:spe="Within"
            ecep:syllab="2"
            ecep:pron="wɪˈðɪn">Within</w>
         <c> </c>
         <w xml:id="o5153-472160"
            n="212-a-1460"
            ecep:lem="a"
            ecep:pos="dt"
            ecep:reg="a"
            ecep:spe="a"
            ecep:syllab="1"
            ecep:pron="ə">a</w>
         <c> </c>
         <w xml:id="o5153-472170"
            n="212-a-1470"
            ecep:lem="sure"
            ecep:pos="j"
            ecep:reg="sure"
            ecep:spe="sure"
            ecep:syllab="1"
            ecep:pron="ʃʊə">sure</w>
         <pc xml:id="o5153-472180"
             n="212-a-1480"
             ecep:lem=","
             ecep:pos=","
             ecep:reg=","
             ecep:spe=",">,</pc>
         <c> </c>
         <w xml:id="o5153-472190"
            n="212-a-1490"
            ecep:lem="though"
            ecep:pos="c-acp"
            ecep:reg="though"
            ecep:spe="tho'"
            ecep:syllab="1"
            ecep:pron="ðəʊ">tho'</w>
         <c> </c>
         <w xml:id="o5153-472200"
            n="212-a-1500"
            ecep:lem="vary"
            ecep:pos="vvg"
            ecep:reg="varying"
            ecep:spe="varying"
            ecep:syllab="3"
            ecep:pron="ˈveərɪɪŋ">varying</w>
         <c> </c>
         <w xml:id="o5153-472210"
            n="212-a-1510"
            ecep:lem="date"
            ecep:pos="n1"
            ecep:reg="date"
            ecep:spe="date"
            ecep:syllab="1"
            ecep:pron="deɪt">date</w>
         <pc xml:id="o5153-472220"
             n="212-a-1520"
             ecep:lem=","
             ecep:pos=","
             ecep:reg=","
             ecep:spe=",">,</pc>
      </l>
      <l xml:id="o5153-l24585">
         <w xml:id="o5153-472230"
            n="212-a-1530"
            ecep:lem="confine"
            ecep:pos="vvn"
            ecep:reg="Confined"
            ecep:spe="Confin'd"
            ecep:syllab="2"
            ecep:pron="kənˈfaɪnd">Confin'd</w>
         <c> </c>
         <w xml:id="o5153-472240"
            n="212-a-1540"
            ecep:lem="alas"
            ecep:pos="uh"
            ecep:reg="alas"
            ecep:spe="alas"
            ecep:syllab="2"
            ecep:pron="əˈlæs">alas</w>
         <pc xml:id="o5153-472250"
             n="212-a-1550"
             ecep:lem="!"
             ecep:pos="!"
             ecep:reg="!"
             ecep:spe="!">!</pc>
         <c> </c>
         <w xml:id="o5153-472260"
            n="212-a-1560"
            ecep:lem="be"
            ecep:pos="vbz"
            ecep:reg="is"
            ecep:spe="is"
            ecep:syllab="1"
            ecep:pron="ɪz">is</w>
         <c> </c>
         <w xml:id="o5153-472270"
            n="212-a-1570"
            ecep:lem="every"
            ecep:pos="d"
            ecep:reg="every"
            ecep:spe="every"
            ecep:syllab="3"
            ecep:pron="ˈevrɪ">every</w>
         <c> </c>
         <w xml:id="o5153-472280"
            n="212-a-1580"
            ecep:lem="state"
            ecep:pos="n1"
            ecep:reg="state"
            ecep:spe="state"
            ecep:syllab="1"
            ecep:pron="steɪt">state</w>
      </l>
      <l xml:id="o5153-l24590">
         <w xml:id="o5153-472290"
            n="212-a-1590"
            ecep:lem="of"
            ecep:pos="pp-f"
            ecep:reg="Of"
            ecep:spe="Of"
            ecep:syllab="1"
            ecep:pron="ɒv">Of</w>
         <c> </c>
         <w xml:id="o5153-472300"
            n="212-a-1600"
            ecep:lem="empire"
            ecep:pos="n1"
            ecep:reg="empire"
            ecep:spe="empire"
            ecep:syllab="3"
            ecep:pron="ˈempaɪə">empire</w>
         <c> </c>
         <w xml:id="o5153-472310"
            n="212-a-1610"
            ecep:lem="and"
            ecep:pos="cc"
            ecep:reg="and"
            ecep:spe="and"
            ecep:syllab="1"
            ecep:pron="ænd">and</w>
         <c> </c>
         <w xml:id="o5153-472320"
            n="212-a-1620"
            ecep:lem="of"
            ecep:pos="pp-f"
            ecep:reg="of"
            ecep:spe="of"
            ecep:syllab="1"
            ecep:pron="ɒv">of</w>
         <c> </c>
         <w xml:id="o5153-472330"
            n="212-a-1630"
            ecep:lem="man"
            ecep:pos="n1"
            ecep:reg="man"
            ecep:spe="man"
            ecep:syllab="1"
            ecep:pron="mæn">man</w>
         <pc xml:id="o5153-472340"
             n="212-a-1640"
             unit="sentence"
             ecep:lem="."
             ecep:pos="."
             ecep:reg="."
             ecep:spe=".">.</pc>
      </l>
   </lg>
   <pb facs="o5153/0217_L" n="212" rend="none"/>
   <lg n="7" xml:id="o5153-s02320">
      <head>
         <w xml:id="o5153-472380"
            n="213-a-0010"
            ecep:lem="vii"
            ecep:pos="crd"
            ecep:reg="VII"
            ecep:spe="VII"
            ecep:syllab="1"
            ecep:pron="rˌəʊmənsˈevən">VII</w>
         <pc xml:id="o5153-472390"
             n="213-a-0020"
             unit="sentence"
             ecep:lem="."
             ecep:pos="."
             ecep:reg="."
             ecep:spe=".">.</pc>
      </head>
      <l xml:id="o5153-l24595">
         <w xml:id="o5153-472410"
            n="213-a-0030"
            ecep:lem="what"
            ecep:pos="q-crq"
            ecep:reg="What"
            ecep:spe="What"
            ecep:syllab="1"
            ecep:pron="wɒt">What</w>
         <c> </c>
         <w xml:id="o5153-472420"
            n="213-a-0040"
            ecep:lem="though"
            ecep:pos="c-acp"
            ecep:reg="though"
            ecep:spe="tho'"
            ecep:syllab="1"
            ecep:pron="ðəʊ">tho'</w>
         <c> </c>
         <w xml:id="o5153-472430"
            n="213-a-0050"
            ecep:lem="the"
            ecep:pos="dt"
            ecep:reg="the"
            ecep:spe="the"
            ecep:syllab="1"
            ecep:pron="ðə">the</w>
         <c> </c>
         <w xml:id="o5153-472440"
            n="213-a-0060"
            ecep:lem="good"
            ecep:pos="j"
            ecep:reg="good"
            ecep:spe="good"
            ecep:syllab="1"
            ecep:pron="gʊd">good</w>
         <pc xml:id="o5153-472450"
             n="213-a-0070"
             ecep:lem=","
             ecep:pos=","
             ecep:reg=","
             ecep:spe=",">,</pc>
         <c> </c>
         <w xml:id="o5153-472460"
            n="213-a-0080"
            ecep:lem="the"
            ecep:pos="dt"
            ecep:reg="the"
            ecep:spe="the"
            ecep:syllab="1"
            ecep:pron="ðə">the</w>
         <c> </c>
         <w xml:id="o5153-472470"
            n="213-a-0090"
            ecep:lem="brave"
            ecep:pos="j"
            ecep:reg="brave"
            ecep:spe="brave"
            ecep:syllab="1"
            ecep:pron="breɪv">brave</w>
         <pc xml:id="o5153-472480"
             n="213-a-0100"
             ecep:lem=","
             ecep:pos=","
             ecep:reg=","
             ecep:spe=",">,</pc>
         <c> </c>
         <w xml:id="o5153-472490"
            n="213-a-0110"
            ecep:lem="the"
            ecep:pos="dt"
            ecep:reg="the"
            ecep:spe="the"
            ecep:syllab="1"
            ecep:pron="ðə">the</w>
         <c> </c>
         <w xml:id="o5153-472500"
            n="213-a-0120"
            ecep:lem="wise"
            ecep:pos="j"
            ecep:reg="wise"
            ecep:spe="wise"
            ecep:syllab="1"
            ecep:pron="waɪz">wise</w>
         <pc xml:id="o5153-472510"
             n="213-a-0130"
             ecep:lem=","
             ecep:pos=","
             ecep:reg=","
             ecep:spe=",">,</pc>
      </l>
      <l xml:id="o5153-l24600">
         <w xml:id="o5153-472520"
            n="213-a-0140"
            ecep:lem="with"
            ecep:pos="p-acp"
            ecep:reg="With"
            ecep:spe="With"
            ecep:syllab="1"
            ecep:pron="wɪð">With</w>
         <c> </c>
         <w xml:id="o5153-472530"
            n="213-a-0150"
            ecep:lem="adverse"
            ecep:pos="j"
            ecep:reg="adverse"
            ecep:spe="adverse"
            ecep:syllab="2"
            ecep:pron="ˈædvɜːs">adverse</w>
         <c> </c>
         <w xml:id="o5153-472540"
            n="213-a-0160"
            ecep:lem="force"
            ecep:pos="n1"
            ecep:reg="force"
            ecep:spe="force"
            ecep:syllab="1"
            ecep:pron="fɔːs">force</w>
         <c> </c>
         <w xml:id="o5153-472550"
            n="213-a-0170"
            ecep:lem="undaunted"
            ecep:pos="j"
            ecep:reg="undaunted"
            ecep:spe="undaunted"
            ecep:syllab="3"
            ecep:pron="ʌnˈdɔːntɪd">undaunted</w>
         <c> </c>
         <w xml:id="o5153-472560"
            n="213-a-0180"
            ecep:lem="rise"
            ecep:pos="n1"
            ecep:reg="rise"
            ecep:spe="rise"
            ecep:syllab="1"
            ecep:pron="raɪz">rise</w>
         <pc xml:id="o5153-472570"
             n="213-a-0190"
             ecep:lem=","
             ecep:pos=","
             ecep:reg=","
             ecep:spe=",">,</pc>
      </l>
      <l xml:id="o5153-l24605">
         <w xml:id="o5153-472580"
            n="213-a-0200"
            ecep:lem="to"
            ecep:pos="pc-acp"
            ecep:reg="To"
            ecep:spe="To"
            ecep:syllab="1"
            ecep:pron="tuː">To</w>
         <c> </c>
         <w xml:id="o5153-472590"
            n="213-a-0210"
            ecep:lem="break"
            ecep:pos="vvi"
            ecep:reg="break"
            ecep:spe="break"
            ecep:syllab="1"
            ecep:pron="breɪk">break</w>
         <c> </c>
         <w xml:id="o5153-472600"
            n="213-a-0220"
            ecep:lem="the"
            ecep:pos="dt"
            ecep:reg="the"
            ecep:spe="th'"
            ecep:syllab="0"
            ecep:pron="ð">th'</w>
         <c> </c>
         <w xml:id="o5153-472610"
            n="213-a-0230"
            ecep:lem="eternal"
            ecep:pos="j"
            ecep:reg="eternal"
            ecep:spe="eternal"
            ecep:syllab="3"
            ecep:pron="ɪˈtɜːnl">eternal</w>
         <c> </c>
         <w xml:id="o5153-472620"
            n="213-a-0240"
            ecep:lem="doom"
            ecep:pos="n1"
            ecep:reg="doom"
            ecep:spe="doom"
            ecep:syllab="1"
            ecep:pron="duːm">doom</w>
         <pc xml:id="o5153-472630"
             n="213-a-0250"
             unit="sentence"
             ecep:lem="!"
             ecep:pos="!"
             ecep:reg="!"
             ecep:spe="!">!</pc>
      </l>
      <l xml:id="o5153-l24610">
         <w xml:id="o5153-472640"
            n="213-a-0260"
            ecep:lem="though"
            ecep:pos="c-acp"
            ecep:reg="Though"
            ecep:spe="Tho'"
            ecep:syllab="1"
            ecep:pron="ðəʊ">Tho'</w>
         <c> </c>
         <w xml:id="o5153-472650"
            n="213-a-0270"
            ecep:lem="Cato"
            ecep:pos="np1"
            ecep:reg="CATO"
            ecep:spe="CATO"
            ecep:syllab="2"
            ecep:pron="ˈkeɪtəʊ">CATO</w>
         <c> </c>
         <w xml:id="o5153-472660"
            n="213-a-0280"
            ecep:lem="live"
            ecep:pos="vvd"
            ecep:reg="lived"
            ecep:spe="liv'd"
            ecep:syllab="1"
            ecep:pron="lɪvd">liv'd</w>
         <pc xml:id="o5153-472670"
             n="213-a-0290"
             ecep:lem=","
             ecep:pos=","
             ecep:reg=","
             ecep:spe=",">,</pc>
         <c> </c>
         <w xml:id="o5153-472680"
            n="213-a-0300"
            ecep:lem="though"
            ecep:pos="c-acp"
            ecep:reg="though"
            ecep:spe="tho'"
            ecep:syllab="1"
            ecep:pron="ðəʊ">tho'</w>
         <c> </c>
         <w xml:id="o5153-472690"
            n="213-a-0310"
            ecep:lem="Tully"
            ecep:pos="np1"
            ecep:reg="TULLY"
            ecep:spe="TULLY"
            ecep:syllab="2"
            ecep:pron="ˈtʌli">TULLY</w>
         <c> </c>
         <w xml:id="o5153-472700"
            n="213-a-0320"
            ecep:lem="speak"
            ecep:pos="vvd"
            ecep:reg="spoke"
            ecep:spe="spoke"
            ecep:syllab="1"
            ecep:pron="spəʊk">spoke</w>
         <pc xml:id="o5153-472710"
             n="213-a-0330"
             ecep:lem=","
             ecep:pos=","
             ecep:reg=","
             ecep:spe=",">,</pc>
      </l>
      <l xml:id="o5153-l24615">
         <w xml:id="o5153-472720"
            n="213-a-0340"
            ecep:lem="though"
            ecep:pos="c-acp"
            ecep:reg="Though"
            ecep:spe="Tho'"
            ecep:syllab="1"
            ecep:pron="ðəʊ">Tho'</w>
         <c> </c>
         <w xml:id="o5153-472730"
            n="213-a-0350"
            ecep:lem="Brutus"
            ecep:pos="np1"
            ecep:reg="BRUTUS"
            ecep:spe="BRUTUS"
            ecep:syllab="2"
            ecep:pron="ˈbruːtəs">BRUTUS</w>
         <c> </c>
         <w xml:id="o5153-472740"
            n="213-a-0360"
            ecep:lem="deal"
            ecep:pos="vvd"
            ecep:reg="dealt"
            ecep:spe="dealt"
            ecep:syllab="1"
            ecep:pron="delt">dealt</w>
         <c> </c>
         <w xml:id="o5153-472750"
            n="213-a-0370"
            ecep:lem="the"
            ecep:pos="dt"
            ecep:reg="the"
            ecep:spe="the"
            ecep:syllab="1"
            ecep:pron="ðə">the</w>
         <c> </c>
         <w xml:id="o5153-472760"
            n="213-a-0380"
            ecep:lem="godlike"
            ecep:pos="j"
            ecep:reg="godlike"
            ecep:spe="godlike"
            ecep:syllab="2"
            ecep:pron="ˈgɒdˌlaɪk">godlike</w>
         <c> </c>
         <w xml:id="o5153-472770"
            n="213-a-0390"
            ecep:lem="stroke"
            ecep:pos="n1"
            ecep:reg="stroke"
            ecep:spe="stroke"
            ecep:syllab="1"
            ecep:pron="strəʊk">stroke</w>
         <pc xml:id="o5153-472780"
             n="213-a-0400"
             ecep:lem=","
             ecep:pos=","
             ecep:reg=","
             ecep:spe=",">,</pc>
      </l>
      <l xml:id="o5153-l24620">
         <w xml:id="o5153-472790"
            n="213-a-0410"
            ecep:lem="yet"
            ecep:pos="av"
            ecep:reg="Yet"
            ecep:spe="Yet"
            ecep:syllab="1"
            ecep:pron="jet">Yet</w>
         <c> </c>
         <w xml:id="o5153-472800"
            n="213-a-0420"
            ecep:lem="perish"
            ecep:pos="vvd"
            ecep:reg="perished"
            ecep:spe="perish'd"
            ecep:syllab="2"
            ecep:pron="ˈperɪʃt">perish'd</w>
         <c> </c>
         <w xml:id="o5153-472810"
            n="213-a-0430"
            ecep:lem="fate"
            ecep:pos="j-vvn"
            ecep:reg="fated"
            ecep:spe="fated"
            ecep:syllab="2"
            ecep:pron="ˈfeɪtɪd">fated</w>
         <c> </c>
         <w xml:id="o5153-472820"
            n="213-a-0440"
            ecep:lem="Rome"
            ecep:pos="np1"
            ecep:reg="ROME"
            ecep:spe="ROME"
            ecep:syllab="1"
            ecep:pron="ˈrəʊm">ROME</w>
         <pc xml:id="o5153-472830"
             n="213-a-0450"
             unit="sentence"
             ecep:lem="."
             ecep:pos="."
             ecep:reg="."
             ecep:spe=".">.</pc>
      </l>
   </lg>
   <lg n="8" xml:id="o5153-s02325">
      <head>
         <w xml:id="o5153-472870"
            n="213-a-0460"
            ecep:lem="viii"
            ecep:pos="crd"
            ecep:reg="VIII"
            ecep:spe="VIII"
            ecep:syllab="1"
            ecep:pron="rˌəʊmənˈeɪt">VIII</w>
         <pc xml:id="o5153-472880"
             n="213-a-0470"
             unit="sentence"
             ecep:lem="."
             ecep:pos="."
             ecep:reg="."
             ecep:spe=".">.</pc>
      </head>
      <l xml:id="o5153-l24625">
         <w xml:id="o5153-472900"
            n="213-a-0480"
            ecep:lem="to"
            ecep:pos="p-acp"
            ecep:reg="To"
            ecep:spe="To"
            ecep:syllab="1"
            ecep:pron="tuː">To</w>
         <c> </c>
         <w xml:id="o5153-472910"
            n="213-a-0490"
            ecep:lem="swell"
            ecep:pos="vvi"
            ecep:reg="swell"
            ecep:spe="swell"
            ecep:syllab="1"
            ecep:pron="swel">swell</w>
         <c> </c>
         <w xml:id="o5153-472920"
            n="213-a-0500"
            ecep:lem="some"
            ecep:pos="d"
            ecep:reg="some"
            ecep:spe="some"
            ecep:syllab="1"
            ecep:pron="sʌm">some</w>
         <c> </c>
         <w xml:id="o5153-472930"
            n="213-a-0510"
            ecep:lem="future"
            ecep:pos="j-jn"
            ecep:reg="future"
            ecep:spe="future"
            ecep:syllab="2"
            ecep:pron="ˈfjuːtʃə">future</w>
         <c> </c>
         <w xml:id="o5153-472940"
            n="213-a-0520"
            ecep:lem="tyrant"
            ecep:pos="ng1"
            ecep:reg="tyrant's"
            ecep:spe="tyrant's"
            ecep:syllab="2"
            ecep:pron="ˈtaɪrəntz">tyrant's</w>
         <c> </c>
         <w xml:id="o5153-472950"
            n="213-a-0530"
            ecep:lem="pride"
            ecep:pos="n1"
            ecep:reg="pride"
            ecep:spe="pride"
            ecep:syllab="1"
            ecep:pron="praɪd">pride</w>
         <pc xml:id="o5153-472960"
             n="213-a-0540"
             ecep:lem=","
             ecep:pos=","
             ecep:reg=","
             ecep:spe=",">,</pc>
      </l>
      <l xml:id="o5153-l24630">
         <w xml:id="o5153-472970"
            n="213-a-0550"
            ecep:lem="good"
            ecep:pos="j"
            ecep:reg="Good"
            ecep:spe="Good"
            ecep:syllab="1"
            ecep:pron="gʊd">Good</w>
         <c> </c>
         <w xml:id="o5153-472980"
            n="213-a-0560"
            ecep:lem="Fleury"
            ecep:pos="np1"
            ecep:reg="FLEURY"
            ecep:spe="FLEURY"
            ecep:syllab="2"
            ecep:pron="flˈɜːri">FLEURY</w>
         <c> </c>
         <w xml:id="o5153-472990"
            n="213-a-0570"
            ecep:lem="pour"
            ecep:pos="vvz"
            ecep:reg="pours"
            ecep:spe="pours"
            ecep:syllab="1"
            ecep:pron="pɔːz">pours</w>
         <c> </c>
         <w xml:id="o5153-473000"
            n="213-a-0580"
            ecep:lem="the"
            ecep:pos="dt"
            ecep:reg="the"
            ecep:spe="the"
            ecep:syllab="1"
            ecep:pron="ðə">the</w>
         <c> </c>
         <w xml:id="o5153-473010"
            n="213-a-0590"
            ecep:lem="golden"
            ecep:pos="j"
            ecep:reg="golden"
            ecep:spe="golden"
            ecep:syllab="2"
            ecep:pron="ˈgəʊldən">golden</w>
         <c> </c>
         <w xml:id="o5153-473020"
            n="213-a-0600"
            ecep:lem="tide"
            ecep:pos="n1"
            ecep:reg="tide"
            ecep:spe="tide"
            ecep:syllab="1"
            ecep:pron="taɪd">tide</w>
      </l>
      <l xml:id="o5153-l24635">
         <w xml:id="o5153-473030"
            n="213-a-0610"
            ecep:lem="on"
            ecep:pos="p-acp"
            ecep:reg="On"
            ecep:spe="On"
            ecep:syllab="1"
            ecep:pron="ɒn">On</w>
         <c> </c>
         <w xml:id="o5153-473040"
            n="213-a-0620"
            ecep:lem="gallia"
            ecep:pos="fw-la"
            ecep:reg="Gallia's"
            ecep:spe="Gallia's"
            ecep:syllab="3"
            ecep:pron="gˈæliəz">Gallia's</w>
         <c> </c>
         <w xml:id="o5153-473050"
            n="213-a-0630"
            ecep:lem="smile"
            ecep:pos="j-vvg"
            ecep:reg="smiling"
            ecep:spe="smiling"
            ecep:syllab="2"
            ecep:pron="ˈsmaɪlɪŋ">smiling</w>
         <c> </c>
         <w xml:id="o5153-473060"
            n="213-a-0640"
            ecep:lem="shore"
            ecep:pos="n2"
            ecep:reg="shores"
            ecep:spe="shores"
            ecep:syllab="1"
            ecep:pron="ʃɔːz">shores</w>
         <pc xml:id="o5153-473070"
             n="213-a-0650"
             ecep:lem=";"
             ecep:pos=";"
             ecep:reg=";"
             ecep:spe=";">;</pc>
      </l>
      <l xml:id="o5153-l24640">
         <w xml:id="o5153-473080"
            n="213-a-0660"
            ecep:lem="once"
            ecep:pos="a-acp"
            ecep:reg="Once"
            ecep:spe="Once"
            ecep:syllab="1"
            ecep:pron="wʌns">Once</w>
         <c> </c>
         <w xml:id="o5153-473090"
            n="213-a-0670"
            ecep:lem="more"
            ecep:pos="av-dc"
            ecep:reg="more"
            ecep:spe="more"
            ecep:syllab="1"
            ecep:pron="mɔː">more</w>
         <c> </c>
         <w xml:id="o5153-473100"
            n="213-a-0680"
            ecep:lem="her"
            ecep:pos="po31"
            ecep:reg="her"
            ecep:spe="her"
            ecep:syllab="1"
            ecep:pron="hɜː">her</w>
         <c> </c>
         <w xml:id="o5153-473110"
            n="213-a-0690"
            ecep:lem="field"
            ecep:pos="n2"
            ecep:reg="fields"
            ecep:spe="fields"
            ecep:syllab="1"
            ecep:pron="fiːldz">fields</w>
         <c> </c>
         <w xml:id="o5153-473120"
            n="213-a-0700"
            ecep:lem="shall"
            ecep:pos="vmb"
            ecep:reg="shall"
            ecep:spe="shall"
            ecep:syllab="1"
            ecep:pron="ʃæl">shall</w>
         <c> </c>
         <w xml:id="o5153-473130"
            n="213-a-0710"
            ecep:lem="thirst"
            ecep:pos="vvi"
            ecep:reg="thirst"
            ecep:spe="thirst"
            ecep:syllab="1"
            ecep:pron="θɜːst">thirst</w>
         <c> </c>
         <w xml:id="o5153-473140"
            n="213-a-0720"
            ecep:lem="in"
            ecep:pos="p-acp"
            ecep:reg="in"
            ecep:spe="in"
            ecep:syllab="1"
            ecep:pron="ɪn">in</w>
         <c> </c>
         <w xml:id="o5153-473150"
            n="213-a-0730"
            ecep:lem="vain"
            ecep:pos="j"
            ecep:reg="vain"
            ecep:spe="vain"
            ecep:syllab="1"
            ecep:pron="veɪn">vain</w>
      </l>
      <l xml:id="o5153-l24645">
         <w xml:id="o5153-473160"
            n="213-a-0740"
            ecep:lem="for"
            ecep:pos="c-acp"
            ecep:reg="For"
            ecep:spe="For"
            ecep:syllab="1"
            ecep:pron="fɔː">For</w>
         <c> </c>
         <w xml:id="o5153-473170"
            n="213-a-0750"
            ecep:lem="wholesome"
            ecep:pos="j"
            ecep:reg="wholesome"
            ecep:spe="wholsome"
            ecep:syllab="2"
            ecep:pron="ˈhəʊlsəm">wholsome</w>
         <c> </c>
         <w xml:id="o5153-473180"
            n="213-a-0760"
            ecep:lem="stream"
            ecep:pos="n2"
            ecep:reg="streams"
            ecep:spe="streams"
            ecep:syllab="1"
            ecep:pron="striːmz">streams</w>
         <c> </c>
         <w xml:id="o5153-473190"
            n="213-a-0770"
            ecep:lem="of"
            ecep:pos="pp-f"
            ecep:reg="of"
            ecep:spe="of"
            ecep:syllab="1"
            ecep:pron="ɒv">of</w>
         <c> </c>
         <w xml:id="o5153-473200"
            n="213-a-0780"
            ecep:lem="honest"
            ecep:pos="j"
            ecep:reg="honest"
            ecep:spe="honest"
            ecep:syllab="2"
            ecep:pron="ˈɒnɪst">honest</w>
         <c> </c>
         <w xml:id="o5153-473210"
            n="213-a-0790"
            ecep:lem="gain"
            ecep:pos="n1"
            ecep:reg="gain"
            ecep:spe="gain"
            ecep:syllab="1"
            ecep:pron="geɪn">gain</w>
         <pc xml:id="o5153-473220"
             n="213-a-0800"
             ecep:lem=","
             ecep:pos=","
             ecep:reg=","
             ecep:spe=",">,</pc>
      </l>
      <l xml:id="o5153-l24650">
         <w xml:id="o5153-473230"
            n="213-a-0810"
            ecep:lem="while"
            ecep:pos="cs"
            ecep:reg="While"
            ecep:spe="While"
            ecep:syllab="1"
            ecep:pron="waɪl">While</w>
         <c> </c>
         <w xml:id="o5153-473240"
            n="213-a-0820"
            ecep:lem="rapine"
            ecep:pos="n1"
            ecep:reg="rapine"
            ecep:spe="rapine"
            ecep:syllab="2"
            ecep:pron="ˈræpaɪn">rapine</w>
         <c> </c>
         <w xml:id="o5153-473250"
            n="213-a-0830"
            ecep:lem="waste"
            ecep:pos="vvz"
            ecep:reg="wastes"
            ecep:spe="wastes"
            ecep:syllab="1"
            ecep:pron="weɪsts">wastes</w>
         <c> </c>
         <w xml:id="o5153-473260"
            n="213-a-0840"
            ecep:lem="her"
            ecep:pos="po31"
            ecep:reg="her"
            ecep:spe="her"
            ecep:syllab="1"
            ecep:pron="hɜː">her</w>
         <c> </c>
         <w xml:id="o5153-473270"
            n="213-a-0850"
            ecep:lem="store"
            ecep:pos="n2"
            ecep:reg="stores"
            ecep:spe="stores"
            ecep:syllab="1"
            ecep:pron="stɔːz">stores</w>
         <pc xml:id="o5153-473280"
             n="213-a-0860"
             unit="sentence"
             ecep:lem="."
             ecep:pos="."
             ecep:reg="."
             ecep:spe=".">.</pc>
      </l>
   </lg>
   <lg n="9" xml:id="o5153-s02330">
      <head>
         <w xml:id="o5153-473320"
            n="213-a-0870"
            ecep:lem="ix"
            ecep:pos="crd"
            ecep:reg="IX"
            ecep:spe="IX"
            ecep:syllab="1"
            ecep:pron="rˌəʊmənnˈaɪn">IX</w>
         <pc xml:id="o5153-473330"
             n="213-a-0880"
             unit="sentence"
             ecep:lem="."
             ecep:pos="."
             ecep:reg="."
             ecep:spe=".">.</pc>
      </head>
      <l xml:id="o5153-l24655">
         <w xml:id="o5153-473350"
            n="213-a-0890"
            ecep:lem="yet"
            ecep:pos="av"
            ecep:reg="Yet"
            ecep:spe="Yet"
            ecep:syllab="1"
            ecep:pron="jet">Yet</w>
         <c> </c>
         <w xml:id="o5153-473360"
            n="213-a-0900"
            ecep:lem="glorious"
            ecep:pos="j"
            ecep:reg="glorious"
            ecep:spe="glorious"
            ecep:syllab="3"
            ecep:pron="ˈglɔːrɪəs">glorious</w>
         <c> </c>
         <w xml:id="o5153-473370"
            n="213-a-0910"
            ecep:lem="be"
            ecep:pos="vbz"
            ecep:reg="is"
            ecep:spe="is"
            ecep:syllab="1"
            ecep:pron="ɪz">is</w>
         <c> </c>
         <w xml:id="o5153-473380"
            n="213-a-0920"
            ecep:lem="the"
            ecep:pos="dt"
            ecep:reg="the"
            ecep:spe="the"
            ecep:syllab="1"
            ecep:pron="ðə">the</w>
         <c> </c>
         <w xml:id="o5153-473390"
            n="213-a-0930"
            ecep:lem="great"
            ecep:pos="j"
            ecep:reg="great"
            ecep:spe="great"
            ecep:syllab="1"
            ecep:pron="greɪt">great</w>
         <c> </c>
         <w xml:id="o5153-473400"
            n="213-a-0940"
            ecep:lem="design"
            ecep:pos="n1"
            ecep:reg="design"
            ecep:spe="design"
            ecep:syllab="2"
            ecep:pron="dɪˈzaɪn">design</w>
         <pc xml:id="o5153-473410"
             n="213-a-0950"
             ecep:lem=","
             ecep:pos=","
             ecep:reg=","
             ecep:spe=",">,</pc>
      </l>
      <l xml:id="o5153-l24660">
         <w xml:id="o5153-473420"
            n="213-a-0960"
            ecep:lem="and"
            ecep:pos="cc"
            ecep:reg="And"
            ecep:spe="And"
            ecep:syllab="1"
            ecep:pron="ænd">And</w>
         <c> </c>
         <w xml:id="o5153-473430"
            n="213-a-0970"
            ecep:lem="such"
            ecep:pos="d"
            ecep:reg="such"
            ecep:spe="such"
            ecep:syllab="1"
            ecep:pron="sʌtʃ">such</w>
         <pc xml:id="o5153-473440"
             n="213-a-0980"
             ecep:lem=","
             ecep:pos=","
             ecep:reg=","
             ecep:spe=",">,</pc>
         <c> </c>
         <w xml:id="o5153-473450"
            n="213-a-0990"
            ecep:lem="o"
            ecep:pos="uh"
            ecep:reg="OH"
            ecep:spe="O"
            ecep:syllab="1"
            ecep:pron="əʊ">O</w>
         <c> </c>
         <w xml:id="o5153-473460"
            n="213-a-1000"
            ecep:lem="Pultney"
            ecep:pos="np1"
            ecep:reg="PULTNEY"
            ecep:spe="PULTNEY"
            ecep:syllab="2"
            ecep:pron="pˈʌltnɪ">PULTNEY</w>
         <pc xml:id="o5153-473470"
             n="213-a-1010"
             ecep:lem="!"
             ecep:pos="!"
             ecep:reg="!"
             ecep:spe="!">!</pc>
         <c> </c>
         <w xml:id="o5153-473480"
            n="213-a-1020"
            ecep:lem="such"
            ecep:pos="d"
            ecep:reg="such"
            ecep:spe="such"
            ecep:syllab="1"
            ecep:pron="sʌtʃ">such</w>
         <c> </c>
         <w xml:id="o5153-473490"
            n="213-a-1030"
            ecep:lem="be"
            ecep:pos="vbz"
            ecep:reg="is"
            ecep:spe="is"
            ecep:syllab="1"
            ecep:pron="ɪz">is</w>
         <c> </c>
         <w xml:id="o5153-473500"
            n="213-a-1040"
            ecep:lem="thy"
            ecep:pos="po21"
            ecep:reg="thine"
            ecep:spe="thine"
            ecep:syllab="1"
            ecep:pron="ðaɪn">thine</w>
         <pc xml:id="o5153-473510"
             n="213-a-1050"
             ecep:lem=","
             ecep:pos=","
             ecep:reg=","
             ecep:spe=",">,</pc>
      </l>
      <l xml:id="o5153-l24665">
         <w xml:id="o5153-473520"
            n="213-a-1060"
            ecep:lem="to"
            ecep:pos="p-acp"
            ecep:reg="To"
            ecep:spe="To"
            ecep:syllab="1"
            ecep:pron="tuː">To</w>
         <c> </c>
         <w xml:id="o5153-473530"
            n="213-a-1070"
            ecep:lem="prop"
            ecep:pos="vvi"
            ecep:reg="prop"
            ecep:spe="prop"
            ecep:syllab="1"
            ecep:pron="prɒp">prop</w>
         <c> </c>
         <w xml:id="o5153-473540"
            n="213-a-1080"
            ecep:lem="a"
            ecep:pos="dt"
            ecep:reg="a"
            ecep:spe="a"
            ecep:syllab="1"
            ecep:pron="ə">a</w>
         <c> </c>
         <w xml:id="o5153-473550"
            n="213-a-1090"
            ecep:lem="nation"
            ecep:pos="ng1"
            ecep:reg="nation's"
            ecep:spe="nation's"
            ecep:syllab="2"
            ecep:pron="ˈneɪʃnz">nation's</w>
         <c> </c>
         <w xml:id="o5153-473560"
            n="213-a-1100"
            ecep:lem="frame"
            ecep:pos="n1"
            ecep:reg="frame"
            ecep:spe="frame"
            ecep:syllab="1"
            ecep:pron="freɪm">frame</w>
         <pc xml:id="o5153-473570"
             n="213-a-1110"
             unit="sentence"
             ecep:lem="."
             ecep:pos="."
             ecep:reg="."
             ecep:spe=".">.</pc>
      </l>
      <l xml:id="o5153-l24670">
         <w xml:id="o5153-473580"
            n="213-a-1120"
            ecep:lem="if"
            ecep:pos="cs"
            ecep:reg="If"
            ecep:spe="If"
            ecep:syllab="1"
            ecep:pron="ɪf">If</w>
         <c> </c>
         <w xml:id="o5153-473590"
            n="213-a-1130"
            ecep:lem="crush"
            ecep:pos="j-vvn"
            ecep:reg="crushed"
            ecep:spe="crush'd"
            ecep:syllab="1"
            ecep:pron="krʌʃt">crush'd</w>
         <c> </c>
         <w xml:id="o5153-473600"
            n="213-a-1140"
            ecep:lem="beneath"
            ecep:pos="p-acp"
            ecep:reg="beneath"
            ecep:spe="beneath"
            ecep:syllab="2"
            ecep:pron="bɪˈniːθ">beneath</w>
         <c> </c>
         <w xml:id="o5153-473610"
            n="213-a-1150"
            ecep:lem="the"
            ecep:pos="dt"
            ecep:reg="the"
            ecep:spe="the"
            ecep:syllab="1"
            ecep:pron="ðə">the</w>
         <c> </c>
         <w xml:id="o5153-473620"
            n="213-a-1160"
            ecep:lem="sacred"
            ecep:pos="j"
            ecep:reg="sacred"
            ecep:spe="sacred"
            ecep:syllab="2"
            ecep:pron="ˈseɪkrɪd">sacred</w>
         <c> </c>
         <w xml:id="o5153-473630"
            n="213-a-1170"
            ecep:lem="weight"
            ecep:pos="n1"
            ecep:reg="weight"
            ecep:spe="weight"
            ecep:syllab="1"
            ecep:pron="weɪt">weight</w>
         <pc xml:id="o5153-473640"
             n="213-a-1180"
             ecep:lem=","
             ecep:pos=","
             ecep:reg=","
             ecep:spe=",">,</pc>
      </l>
      <l xml:id="o5153-l24675">
         <w xml:id="o5153-473650"
            n="213-a-1190"
            ecep:lem="the"
            ecep:pos="dt"
            ecep:reg="The"
            ecep:spe="The"
            ecep:syllab="1"
            ecep:pron="ðə">The</w>
         <c> </c>
         <w xml:id="o5153-473660"
            n="213-a-1200"
            ecep:lem="ruin"
            ecep:pos="n2"
            ecep:reg="ruins"
            ecep:spe="ruins"
            ecep:syllab="2"
            ecep:pron="ˈruːɪnz">ruins</w>
         <c> </c>
         <w xml:id="o5153-473670"
            n="213-a-1210"
            ecep:lem="of"
            ecep:pos="pp-f"
            ecep:reg="of"
            ecep:spe="of"
            ecep:syllab="1"
            ecep:pron="ɒv">of</w>
         <c> </c>
         <w xml:id="o5153-473680"
            n="213-a-1220"
            ecep:lem="a"
            ecep:pos="dt"
            ecep:reg="a"
            ecep:spe="a"
            ecep:syllab="1"
            ecep:pron="ə">a</w>
         <c> </c>
         <w xml:id="o5153-473690"
            n="213-a-1230"
            ecep:lem="fall"
            ecep:pos="j-vvg"
            ecep:reg="falling"
            ecep:spe="falling"
            ecep:syllab="2"
            ecep:pron="ˈfɔːlɪŋ">falling</w>
         <c> </c>
         <w xml:id="o5153-473700"
            n="213-a-1240"
            ecep:lem="state"
            ecep:pos="n1"
            ecep:reg="state"
            ecep:spe="state"
            ecep:syllab="1"
            ecep:pron="steɪt">state</w>
      </l>
      <l xml:id="o5153-l24680">
         <w xml:id="o5153-473710"
            n="213-a-1250"
            ecep:lem="shall"
            ecep:pos="vmb"
            ecep:reg="Shall"
            ecep:spe="Shall"
            ecep:syllab="1"
            ecep:pron="ʃæl">Shall</w>
         <c> </c>
         <w xml:id="o5153-473720"
            n="213-a-1260"
            ecep:lem="tell"
            ecep:pos="vvi"
            ecep:reg="tell"
            ecep:spe="tell"
            ecep:syllab="1"
            ecep:pron="tel">tell</w>
         <c> </c>
         <w xml:id="o5153-473730"
            n="213-a-1270"
            ecep:lem="the"
            ecep:pos="dt"
            ecep:reg="the"
            ecep:spe="the"
            ecep:syllab="1"
            ecep:pron="ðə">the</w>
         <c> </c>
         <w xml:id="o5153-473740"
            n="213-a-1280"
            ecep:lem="patriot"
            ecep:pos="ng1"
            ecep:reg="patriot's"
            ecep:spe="patriot's"
            ecep:syllab="3"
            ecep:pron="ˈpeɪtrɪətz">patriot's</w>
         <c> </c>
         <w xml:id="o5153-473750"
            n="213-a-1290"
            ecep:lem="name"
            ecep:pos="n1"
            ecep:reg="name"
            ecep:spe="name"
            ecep:syllab="1"
            ecep:pron="neɪm">name</w>
         <pc xml:id="o5153-473760"
             n="213-a-1300"
             unit="sentence"
             ecep:lem="."
             ecep:pos="."
             ecep:reg="."
             ecep:spe=".">.</pc>
      </l>
   </lg>
</div>
