<?xml version="1.0" encoding="utf-8"?>
<!DOCTYPE div
  SYSTEM "about:legacy-compat">
<div xmlns:ecep="http://www.eighteenthcenturypoetry.org/ns"
     xmlns="http://www.tei-c.org/ns/1.0"
     xmlns:tei="http://www.tei-c.org/ns/1.0"
     ana="#iamb #pentameter #sonnet"
     corresp="#txt_SmitCh1749_w0005"
     decls="#semi-normalized"
     ecep:syllab="10"
     met="-+|-+|-+|-+|-+/"
     n="4"
     rendition="#lgvspace"
     rhyme="ababcdcdefefgg"
     subtype="eceptext"
     type="sonnet"
     xml:id="n22cs-w0040">
   <link target="authors.xml#aut_SmitCh1749" type="author"/>
   <head type="main">
      <w xml:id="n22cs-029560"
         n="0021-a-0010"
         ecep:lem="sonnet"
         ecep:pos="n1"
         ecep:reg="SONNET"
         ecep:spe="SONNET"
         ecep:syllab="2"
         ecep:pron="ˈsɒnɪt">SONNET</w>
      <c> </c>
      <supplied>04</supplied>
      <c> </c>
      <w xml:id="n22cs-029570"
         n="0021-a-0020"
         ecep:lem="iv"
         ecep:pos="crd"
         ecep:reg="IV"
         ecep:spe="IV"
         ecep:syllab="1"
         ecep:pron="rˌəʊmənfˈɔː">IV</w>
      <pc xml:id="n22cs-029580"
          n="0021-a-0030"
          unit="sentence"
          ecep:lem="."
          ecep:pos="."
          ecep:reg="."
          ecep:spe=".">.</pc>
      <c> </c>
      <hi>
         <w xml:id="n22cs-029590"
            n="0021-a-0040"
            ecep:lem="to"
            ecep:pos="p-acp"
            ecep:reg="To"
            ecep:spe="To"
            ecep:syllab="1"
            ecep:pron="tuː">To</w>
         <c> </c>
         <w xml:id="n22cs-029600"
            n="0021-a-0050"
            ecep:lem="the"
            ecep:pos="dt"
            ecep:reg="the"
            ecep:spe="the"
            ecep:syllab="1"
            ecep:pron="ðiː">the</w>
         <c> </c>
         <w xml:id="n22cs-029610"
            n="0021-a-0060"
            ecep:lem="moon"
            ecep:pos="n1"
            ecep:reg="Moon"
            ecep:spe="Moon"
            ecep:syllab="1"
            ecep:pron="muːn">Moon</w>
         <pc xml:id="n22cs-029620"
             n="0021-a-0070"
             unit="sentence"
             ecep:lem="."
             ecep:pos="."
             ecep:reg="."
             ecep:spe=".">.</pc>
         <c> </c>
      </hi>
   </head>
   <lg xml:id="n22cs-s00190">
      <l xml:id="n22cs-l00235">
         <w xml:id="n22cs-029650"
            n="0021-a-0080"
            ecep:lem="queen"
            ecep:pos="n1"
            ecep:reg="QUEEN"
            ecep:spe="QUEEN"
            ecep:syllab="1"
            ecep:pron="kwiːn">QUEEN</w>
         <c> </c>
         <w xml:id="n22cs-029660"
            n="0021-a-0090"
            ecep:lem="of"
            ecep:pos="pp-f"
            ecep:reg="of"
            ecep:spe="of"
            ecep:syllab="1"
            ecep:pron="ɒv">of</w>
         <c> </c>
         <w xml:id="n22cs-029670"
            n="0021-a-0100"
            ecep:lem="the"
            ecep:pos="dt"
            ecep:reg="the"
            ecep:spe="the"
            ecep:syllab="1"
            ecep:pron="ðiː">the</w>
         <c> </c>
         <w xml:id="n22cs-029680"
            n="0021-a-0110"
            ecep:lem="silver"
            ecep:pos="n1"
            ecep:reg="silver"
            ecep:spe="silver"
            ecep:syllab="2"
            ecep:pron="ˈsɪlvə">silver</w>
         <c> </c>
         <w xml:id="n22cs-029690"
            n="0021-a-0120"
            ecep:lem="bow"
            ecep:pos="n1"
            ecep:reg="bow"
            ecep:spe="bow"
            ecep:syllab="1"
            ecep:pron="bəʊ">bow</w>
         <pc xml:id="n22cs-029700"
             n="0021-a-0130"
             ecep:lem="!"
             ecep:pos="!"
             ecep:reg="!"
             ecep:spe="!">!</pc>
         <c> </c>
         <pc xml:id="n22cs-029710"
             n="0021-a-0140"
             ecep:lem="—"
             ecep:pos="—"
             ecep:reg="—"
             ecep:spe="—">—</pc>
         <c> </c>
         <w xml:id="n22cs-029720"
            n="0021-a-0150"
            ecep:lem="by"
            ecep:pos="p-acp"
            ecep:reg="by"
            ecep:spe="by"
            ecep:syllab="1"
            ecep:pron="baɪ">by</w>
         <c> </c>
         <w xml:id="n22cs-029730"
            n="0021-a-0160"
            ecep:lem="thy"
            ecep:pos="po21"
            ecep:reg="thy"
            ecep:spe="thy"
            ecep:syllab="1"
            ecep:pron="ðaɪ">thy</w>
         <c> </c>
         <w xml:id="n22cs-029740"
            n="0021-a-0170"
            ecep:lem="pale"
            ecep:pos="j"
            ecep:reg="pale"
            ecep:spe="pale"
            ecep:syllab="1"
            ecep:pron="peɪl">pale</w>
         <c> </c>
         <w xml:id="n22cs-029750"
            n="0021-a-0180"
            ecep:lem="beam"
            ecep:pos="n1"
            ecep:reg="beam"
            ecep:spe="beam"
            ecep:syllab="1"
            ecep:pron="biːm">beam</w>
         <pc xml:id="n22cs-029760"
             n="0021-a-0190"
             ecep:lem=","
             ecep:pos=","
             ecep:reg=","
             ecep:spe=",">,</pc>
      </l>
      <l xml:id="n22cs-l00240">
         <c> </c>
         <w xml:id="n22cs-029770"
            n="0021-a-0200"
            ecep:lem="alone"
            ecep:pos="j"
            ecep:reg="Alone"
            ecep:spe="Alone"
            ecep:syllab="2"
            ecep:pron="əˈləʊn">Alone</w>
         <c> </c>
         <w xml:id="n22cs-029780"
            n="0021-a-0210"
            ecep:lem="and"
            ecep:pos="cc"
            ecep:reg="and"
            ecep:spe="and"
            ecep:syllab="1"
            ecep:pron="ænd">and</w>
         <c> </c>
         <w xml:id="n22cs-029790"
            n="0021-a-0220"
            ecep:lem="pensive"
            ecep:pos="j"
            ecep:reg="pensive"
            ecep:spe="pensive"
            ecep:syllab="2"
            ecep:pron="ˈpensɪv">pensive</w>
         <pc xml:id="n22cs-029800"
             n="0021-a-0230"
             ecep:lem=","
             ecep:pos=","
             ecep:reg=","
             ecep:spe=",">,</pc>
         <c> </c>
         <w xml:id="n22cs-029810"
            n="0021-a-0240"
            ecep:lem="i"
            ecep:pos="pns11"
            ecep:reg="I"
            ecep:spe="I"
            ecep:syllab="1"
            ecep:pron="aɪ">I</w>
         <c> </c>
         <w xml:id="n22cs-029820"
            n="0021-a-0250"
            ecep:lem="delight"
            ecep:pos="vvb"
            ecep:reg="delight"
            ecep:spe="delight"
            ecep:syllab="2"
            ecep:pron="dɪˈlaɪt">delight</w>
         <c> </c>
         <w xml:id="n22cs-029830"
            n="0021-a-0260"
            ecep:lem="to"
            ecep:pos="pc-acp"
            ecep:reg="to"
            ecep:spe="to"
            ecep:syllab="1"
            ecep:pron="tuː">to</w>
         <c> </c>
         <w xml:id="n22cs-029840"
            n="0021-a-0270"
            ecep:lem="stray"
            ecep:pos="vvi"
            ecep:reg="stray"
            ecep:spe="stray"
            ecep:syllab="1"
            ecep:pron="streɪ">stray</w>
         <pc xml:id="n22cs-029850"
             n="0021-a-0280"
             ecep:lem=","
             ecep:pos=","
             ecep:reg=","
             ecep:spe=",">,</pc>
      </l>
      <l xml:id="n22cs-l00245">
         <c> </c>
         <w xml:id="n22cs-029860"
            n="0021-a-0290"
            ecep:lem="and"
            ecep:pos="cc"
            ecep:reg="And"
            ecep:spe="And"
            ecep:syllab="1"
            ecep:pron="ænd">And</w>
         <c> </c>
         <w xml:id="n22cs-029870"
            n="0021-a-0300"
            ecep:lem="watch"
            ecep:pos="vvb"
            ecep:reg="watch"
            ecep:spe="watch"
            ecep:syllab="1"
            ecep:pron="wɒtʃ">watch</w>
         <c> </c>
         <w xml:id="n22cs-029880"
            n="0021-a-0310"
            ecep:lem="thy"
            ecep:pos="po21"
            ecep:reg="thy"
            ecep:spe="thy"
            ecep:syllab="1"
            ecep:pron="ðaɪ">thy</w>
         <c> </c>
         <w xml:id="n22cs-029890"
            n="0021-a-0320"
            ecep:lem="shadow"
            ecep:pos="n1"
            ecep:reg="shadow"
            ecep:spe="shadow"
            ecep:syllab="2"
            ecep:pron="ˈʃædəʊ">shadow</w>
         <c> </c>
         <w xml:id="n22cs-029900"
            n="0021-a-0330"
            ecep:lem="tremble"
            ecep:pos="vvg"
            ecep:reg="trembling"
            ecep:spe="trembling"
            ecep:syllab="2"
            ecep:pron="ˈtremblɪŋ">trembling</w>
         <c> </c>
         <w xml:id="n22cs-029910"
            n="0021-a-0340"
            ecep:lem="in"
            ecep:pos="p-acp"
            ecep:reg="in"
            ecep:spe="in"
            ecep:syllab="1"
            ecep:pron="ɪn">in</w>
         <c> </c>
         <w xml:id="n22cs-029920"
            n="0021-a-0350"
            ecep:lem="the"
            ecep:pos="dt"
            ecep:reg="the"
            ecep:spe="the"
            ecep:syllab="1"
            ecep:pron="ðiː">the</w>
         <c> </c>
         <w xml:id="n22cs-029930"
            n="0021-a-0360"
            ecep:lem="stream"
            ecep:pos="n1"
            ecep:reg="stream"
            ecep:spe="stream"
            ecep:syllab="1"
            ecep:pron="striːm">stream</w>
         <pc xml:id="n22cs-029940"
             n="0021-a-0370"
             ecep:lem=","
             ecep:pos=","
             ecep:reg=","
             ecep:spe=",">,</pc>
      </l>
      <l xml:id="n22cs-l00250">
         <c> </c>
         <w xml:id="n22cs-029950"
            n="0021-a-0380"
            ecep:lem="or"
            ecep:pos="cc"
            ecep:reg="Or"
            ecep:spe="Or"
            ecep:syllab="1"
            ecep:pron="ɔː">Or</w>
         <c> </c>
         <w xml:id="n22cs-029960"
            n="0021-a-0390"
            ecep:lem="mark"
            ecep:pos="vvb"
            ecep:reg="mark"
            ecep:spe="mark"
            ecep:syllab="1"
            ecep:pron="mɑːk">mark</w>
         <c> </c>
         <w xml:id="n22cs-029970"
            n="0021-a-0400"
            ecep:lem="the"
            ecep:pos="dt"
            ecep:reg="the"
            ecep:spe="the"
            ecep:syllab="1"
            ecep:pron="ðiː">the</w>
         <c> </c>
         <w xml:id="n22cs-029980"
            n="0021-a-0410"
            ecep:lem="float"
            ecep:pos="j-vvg"
            ecep:reg="floating"
            ecep:spe="floating"
            ecep:syllab="2"
            ecep:pron="fləʊtɪŋ">floating</w>
         <c> </c>
         <w xml:id="n22cs-029990"
            n="0021-a-0420"
            ecep:lem="cloud"
            ecep:pos="n2"
            ecep:reg="clouds"
            ecep:spe="clouds"
            ecep:syllab="1"
            ecep:pron="klaʊdz">clouds</w>
         <c> </c>
         <w xml:id="n22cs-030000"
            n="0021-a-0430"
            ecep:lem="that"
            ecep:pos="cst"
            ecep:reg="that"
            ecep:spe="that"
            ecep:syllab="1"
            ecep:pron="ðæt">that</w>
         <c> </c>
         <w xml:id="n22cs-030010"
            n="0021-a-0440"
            ecep:lem="cross"
            ecep:pos="vvb"
            ecep:reg="cross"
            ecep:spe="cross"
            ecep:syllab="1"
            ecep:pron="krɒs">cross</w>
         <c> </c>
         <w xml:id="n22cs-030020"
            n="0021-a-0450"
            ecep:lem="thy"
            ecep:pos="po21"
            ecep:reg="thy"
            ecep:spe="thy"
            ecep:syllab="1"
            ecep:pron="ðaɪ">thy</w>
         <c> </c>
         <w xml:id="n22cs-030030"
            n="0021-a-0460"
            ecep:lem="way"
            ecep:pos="n1"
            ecep:reg="way"
            ecep:spe="way"
            ecep:syllab="1"
            ecep:pron="weɪ">way</w>
         <pc xml:id="n22cs-030040"
             n="0021-a-0470"
             unit="sentence"
             ecep:lem="."
             ecep:pos="."
             ecep:reg="."
             ecep:spe=".">.</pc>
         <c> </c>
      </l>
      <l xml:id="n22cs-l00255">
         <w xml:id="n22cs-030050"
            n="0021-a-0480"
            ecep:lem="and"
            ecep:pos="cc"
            ecep:reg="And"
            ecep:spe="And"
            ecep:syllab="1"
            ecep:pron="ænd">And</w>
         <c> </c>
         <w xml:id="n22cs-030060"
            n="0021-a-0490"
            ecep:lem="while"
            ecep:pos="cs"
            ecep:reg="while"
            ecep:spe="while"
            ecep:syllab="1"
            ecep:pron="ˈwaɪl">while</w>
         <c> </c>
         <w xml:id="n22cs-030070"
            n="0021-a-0500"
            ecep:lem="i"
            ecep:pos="pns11"
            ecep:reg="I"
            ecep:spe="I"
            ecep:syllab="1"
            ecep:pron="aɪ">I</w>
         <c> </c>
         <w xml:id="n22cs-030080"
            n="0021-a-0510"
            ecep:lem="gaze"
            ecep:pos="vvb"
            ecep:reg="gaze"
            ecep:spe="gaze"
            ecep:syllab="1"
            ecep:pron="geɪz">gaze</w>
         <pc xml:id="n22cs-030090"
             n="0021-a-0520"
             ecep:lem=","
             ecep:pos=","
             ecep:reg=","
             ecep:spe=",">,</pc>
         <c> </c>
         <w xml:id="n22cs-030100"
            n="0021-a-0530"
            ecep:lem="thy"
            ecep:pos="po21"
            ecep:reg="thy"
            ecep:spe="thy"
            ecep:syllab="1"
            ecep:pron="ðaɪ">thy</w>
         <c> </c>
         <w xml:id="n22cs-030110"
            n="0021-a-0540"
            ecep:lem="mild"
            ecep:pos="j"
            ecep:reg="mild"
            ecep:spe="mild"
            ecep:syllab="1"
            ecep:pron="maɪld">mild</w>
         <c> </c>
         <w xml:id="n22cs-030120"
            n="0021-a-0550"
            ecep:lem="and"
            ecep:pos="cc"
            ecep:reg="and"
            ecep:spe="and"
            ecep:syllab="1"
            ecep:pron="ænd">and</w>
         <c> </c>
         <w xml:id="n22cs-030130"
            n="0021-a-0560"
            ecep:lem="placid"
            ecep:pos="j"
            ecep:reg="placid"
            ecep:spe="placid"
            ecep:syllab="2"
            ecep:pron="ˈplæsɪd">placid</w>
         <c> </c>
         <w xml:id="n22cs-030140"
            n="0021-a-0570"
            ecep:lem="light"
            ecep:pos="n1"
            ecep:reg="light"
            ecep:spe="light"
            ecep:syllab="1"
            ecep:pron="laɪt">light</w>
      </l>
      <l xml:id="n22cs-l00260">
         <c> </c>
         <w xml:id="n22cs-030150"
            n="0021-a-0580"
            ecep:lem="shed"
            ecep:pos="vvz"
            ecep:reg="Sheds"
            ecep:spe="Sheds"
            ecep:syllab="1"
            ecep:pron="ʃedz">Sheds</w>
         <c> </c>
         <w xml:id="n22cs-030160"
            n="0021-a-0590"
            ecep:lem="a"
            ecep:pos="dt"
            ecep:reg="a"
            ecep:spe="a"
            ecep:syllab="1"
            ecep:pron="ə">a</w>
         <c> </c>
         <w xml:id="n22cs-030170"
            n="0021-a-0600"
            ecep:lem="soft"
            ecep:pos="j"
            ecep:reg="soft"
            ecep:spe="soft"
            ecep:syllab="1"
            ecep:pron="sɒft">soft</w>
         <c> </c>
         <w xml:id="n22cs-030180"
            n="0021-a-0610"
            ecep:lem="calm"
            ecep:pos="j-jn"
            ecep:reg="calm"
            ecep:spe="calm"
            ecep:syllab="1"
            ecep:pron="kɑːm">calm</w>
         <c> </c>
         <w xml:id="n22cs-030190"
            n="0021-a-0620"
            ecep:lem="upon"
            ecep:pos="p-acp"
            ecep:reg="upon"
            ecep:spe="upon"
            ecep:syllab="2"
            ecep:pron="əˈpɒn">upon</w>
         <c> </c>
         <w xml:id="n22cs-030200"
            n="0021-a-0630"
            ecep:lem="my"
            ecep:pos="po11"
            ecep:reg="my"
            ecep:spe="my"
            ecep:syllab="1"
            ecep:pron="maɪ">my</w>
         <c> </c>
         <w xml:id="n22cs-030210"
            n="0021-a-0640"
            ecep:lem="trouble"
            ecep:pos="j-vvn"
            ecep:reg="troubled"
            ecep:spe="troubled"
            ecep:syllab="2"
            ecep:pron="ˈtrʌbld">troubled</w>
         <c> </c>
         <w xml:id="n22cs-030220"
            n="0021-a-0650"
            ecep:lem="breast"
            ecep:pos="n1"
            ecep:reg="breast"
            ecep:spe="breast"
            ecep:syllab="1"
            ecep:pron="brest">breast</w>
         <pc xml:id="n22cs-030230"
             n="0021-a-0660"
             ecep:lem=";"
             ecep:pos=";"
             ecep:reg=";"
             ecep:spe=";">;</pc>
      </l>
      <l xml:id="n22cs-l00265">
         <c> </c>
         <w xml:id="n22cs-030240"
            n="0021-a-0670"
            ecep:lem="and"
            ecep:pos="cc"
            ecep:reg="And"
            ecep:spe="And"
            ecep:syllab="1"
            ecep:pron="ænd">And</w>
         <c> </c>
         <w xml:id="n22cs-030250"
            n="0021-a-0680"
            ecep:lem="oft"
            ecep:pos="av"
            ecep:reg="oft"
            ecep:spe="oft"
            ecep:syllab="1"
            ecep:pron="ɒft">oft</w>
         <c> </c>
         <w xml:id="n22cs-030260"
            n="0021-a-0690"
            ecep:lem="i"
            ecep:pos="pns11"
            ecep:reg="I"
            ecep:spe="I"
            ecep:syllab="1"
            ecep:pron="aɪ">I</w>
         <c> </c>
         <w xml:id="n22cs-030270"
            n="0021-a-0700"
            ecep:lem="think"
            ecep:pos="vvb"
            ecep:reg="think"
            ecep:spe="think"
            ecep:syllab="1"
            ecep:pron="θɪŋk">think</w>
         <c> </c>
         <pc xml:id="n22cs-030280"
             n="0021-a-0710"
             ecep:lem="—"
             ecep:pos="—"
             ecep:reg="—"
             ecep:spe="—">—</pc>
         <c> </c>
         <w xml:id="n22cs-030290"
            n="0021-a-0720"
            ecep:lem="fair"
            ecep:pos="j"
            ecep:reg="fair"
            ecep:spe="fair"
            ecep:syllab="1"
            ecep:pron="feə">fair</w>
         <c> </c>
         <w xml:id="n22cs-030300"
            n="0021-a-0730"
            ecep:lem="planet"
            ecep:pos="n1"
            ecep:reg="planet"
            ecep:spe="planet"
            ecep:syllab="2"
            ecep:pron="ˈplænɪt">planet</w>
         <c> </c>
         <w xml:id="n22cs-030310"
            n="0021-a-0740"
            ecep:lem="of"
            ecep:pos="pp-f"
            ecep:reg="of"
            ecep:spe="of"
            ecep:syllab="1"
            ecep:pron="ɒv">of</w>
         <c> </c>
         <w xml:id="n22cs-030320"
            n="0021-a-0750"
            ecep:lem="the"
            ecep:pos="dt"
            ecep:reg="the"
            ecep:spe="the"
            ecep:syllab="1"
            ecep:pron="ðiː">the</w>
         <c> </c>
         <w xml:id="n22cs-030330"
            n="0021-a-0760"
            ecep:lem="night"
            ecep:pos="n1"
            ecep:reg="night"
            ecep:spe="night"
            ecep:syllab="1"
            ecep:pron="naɪt">night</w>
         <c> </c>
         <pc xml:id="n22cs-030340"
             n="0021-a-0770"
             ecep:lem="—"
             ecep:pos="—"
             ecep:reg="—"
             ecep:spe="—">—</pc>
      </l>
      <l xml:id="n22cs-l00270">
         <c> </c>
         <w xml:id="n22cs-030350"
            n="0021-a-0780"
            ecep:lem="that"
            ecep:pos="cst"
            ecep:reg="That"
            ecep:spe="That"
            ecep:syllab="1"
            ecep:pron="ðæt">That</w>
         <c> </c>
         <w xml:id="n22cs-030360"
            n="0021-a-0790"
            ecep:lem="in"
            ecep:pos="p-acp"
            ecep:reg="in"
            ecep:spe="in"
            ecep:syllab="1"
            ecep:pron="ɪn">in</w>
         <c> </c>
         <w xml:id="n22cs-030370"
            n="0021-a-0800"
            ecep:lem="thy"
            ecep:pos="po21"
            ecep:reg="thy"
            ecep:spe="thy"
            ecep:syllab="1"
            ecep:pron="ðaɪ">thy</w>
         <c> </c>
         <w xml:id="n22cs-030380"
            n="0021-a-0810"
            ecep:lem="orb"
            ecep:pos="n1"
            ecep:reg="orb"
            ecep:spe="orb"
            ecep:syllab="1"
            ecep:pron="ɔːb">orb</w>
         <pc xml:id="n22cs-030390"
             n="0021-a-0820"
             ecep:lem=","
             ecep:pos=","
             ecep:reg=","
             ecep:spe=",">,</pc>
         <c> </c>
         <w xml:id="n22cs-030400"
            n="0021-a-0830"
            ecep:lem="the"
            ecep:pos="dt"
            ecep:reg="the"
            ecep:spe="the"
            ecep:syllab="1"
            ecep:pron="ðiː">the</w>
         <c> </c>
         <w xml:id="n22cs-030410"
            n="0021-a-0840"
            ecep:lem="wretched"
            ecep:pos="j"
            ecep:reg="wretched"
            ecep:spe="wretched"
            ecep:syllab="2"
            ecep:pron="ˈretʃɪd">wretched</w>
         <c> </c>
         <w xml:id="n22cs-030420"
            n="0021-a-0850"
            ecep:lem="may"
            ecep:pos="vmb"
            ecep:reg="may"
            ecep:spe="may"
            ecep:syllab="1"
            ecep:pron="meɪ">may</w>
         <c> </c>
         <w xml:id="n22cs-030430"
            n="0021-a-0860"
            ecep:lem="have"
            ecep:pos="vhi"
            ecep:reg="have"
            ecep:spe="have"
            ecep:syllab="1"
            ecep:pron="hæv">have</w>
         <c> </c>
         <w xml:id="n22cs-030440"
            n="0021-a-0870"
            ecep:lem="rest"
            ecep:pos="n1"
            ecep:reg="rest"
            ecep:spe="rest"
            ecep:syllab="1"
            ecep:pron="rest">rest</w>
         <pc xml:id="n22cs-030450"
             n="0021-a-0880"
             ecep:lem=":"
             ecep:pos=":"
             ecep:reg=":"
             ecep:spe=":">:</pc>
      </l>
      <l xml:id="n22cs-l00275">
         <c> </c>
         <w xml:id="n22cs-030460"
            n="0021-a-0890"
            ecep:lem="the"
            ecep:pos="dt"
            ecep:reg="The"
            ecep:spe="The"
            ecep:syllab="1"
            ecep:pron="ðiː">The</w>
         <c> </c>
         <w xml:id="n22cs-030470"
            n="0021-a-0900"
            ecep:lem="sufferer"
            ecep:pos="n2"
            ecep:reg="sufferers"
            ecep:spe="suff'rers"
            ecep:syllab="2"
            ecep:pron="sˈʌfrəz">suff'rers</w>
         <c> </c>
         <w xml:id="n22cs-030480"
            n="0021-a-0910"
            ecep:lem="of"
            ecep:pos="pp-f"
            ecep:reg="of"
            ecep:spe="of"
            ecep:syllab="1"
            ecep:pron="ɒv">of</w>
         <c> </c>
         <w xml:id="n22cs-030490"
            n="0021-a-0920"
            ecep:lem="the"
            ecep:pos="dt"
            ecep:reg="the"
            ecep:spe="the"
            ecep:syllab="1"
            ecep:pron="ðiː">the</w>
         <c> </c>
         <w xml:id="n22cs-030500"
            n="0021-a-0930"
            ecep:lem="earth"
            ecep:pos="n1"
            ecep:reg="earth"
            ecep:spe="earth"
            ecep:syllab="1"
            ecep:pron="ɜːθ">earth</w>
         <c> </c>
         <w xml:id="n22cs-030510"
            n="0021-a-0940"
            ecep:lem="perhaps"
            ecep:pos="av"
            ecep:reg="perhaps"
            ecep:spe="perhaps"
            ecep:syllab="2"
            ecep:pron="pəˈhæps">perhaps</w>
         <c> </c>
         <w xml:id="n22cs-030520"
            n="0021-a-0950"
            ecep:lem="may"
            ecep:pos="vmb"
            ecep:reg="may"
            ecep:spe="may"
            ecep:syllab="1"
            ecep:pron="meɪ">may</w>
         <c> </c>
         <w xml:id="n22cs-030530"
            n="0021-a-0960"
            ecep:lem="go"
            ecep:pos="vvi"
            ecep:reg="go"
            ecep:spe="go"
            ecep:syllab="1"
            ecep:pron="gəʊ">go</w>
         <pc xml:id="n22cs-030540"
             n="0021-a-0970"
             ecep:lem=","
             ecep:pos=","
             ecep:reg=","
             ecep:spe=",">,</pc>
      </l>
      <l xml:id="n22cs-l00280">
         <c> </c>
         <w xml:id="n22cs-030550"
            n="0021-a-0980"
            ecep:lem="release"
            ecep:pos="vvn"
            ecep:reg="Released"
            ecep:spe="Releas'd"
            ecep:syllab="2"
            ecep:pron="rɪˈliːst">Releas'd</w>
         <c> </c>
         <w xml:id="n22cs-030560"
            n="0021-a-0990"
            ecep:lem="by"
            ecep:pos="p-acp"
            ecep:reg="by"
            ecep:spe="by"
            ecep:syllab="1"
            ecep:pron="baɪ">by</w>
         <c> </c>
         <w xml:id="n22cs-030570"
            n="0021-a-1000"
            ecep:lem="death"
            ecep:pos="n1"
            ecep:reg="Death"
            ecep:spe="Death"
            ecep:syllab="1"
            ecep:pron="deθ">Death</w>
         <c> </c>
         <pc xml:id="n22cs-030580"
             n="0021-a-1010"
             ecep:lem="—"
             ecep:pos="—"
             ecep:reg="—"
             ecep:spe="—">—</pc>
         <c> </c>
         <w xml:id="n22cs-030590"
            n="0021-a-1020"
            ecep:lem="to"
            ecep:pos="p-acp"
            ecep:reg="to"
            ecep:spe="to"
            ecep:syllab="1"
            ecep:pron="tuː">to</w>
         <c> </c>
         <w xml:id="n22cs-030600"
            n="0021-a-1030"
            ecep:lem="thy"
            ecep:pos="po21"
            ecep:reg="thy"
            ecep:spe="thy"
            ecep:syllab="1"
            ecep:pron="ðaɪ">thy</w>
         <c> </c>
         <w xml:id="n22cs-030610"
            n="0021-a-1040"
            ecep:lem="benignant"
            ecep:pos="j"
            ecep:reg="benignant"
            ecep:spe="benignant"
            ecep:syllab="3"
            ecep:pron="bɪˈnɪgnənt">benignant</w>
         <c> </c>
         <w xml:id="n22cs-030620"
            n="0021-a-1050"
            ecep:lem="sphere"
            ecep:pos="n1"
            ecep:reg="sphere"
            ecep:spe="sphere"
            ecep:syllab="1"
            ecep:pron="sfɪə">sphere</w>
         <pc xml:id="n22cs-030630"
             n="0021-a-1060"
             ecep:lem=","
             ecep:pos=","
             ecep:reg=","
             ecep:spe=",">,</pc>
      </l>
      <l xml:id="n22cs-l00285">
         <c> </c>
         <w xml:id="n22cs-030640"
            n="0021-a-1070"
            ecep:lem="and"
            ecep:pos="cc"
            ecep:reg="And"
            ecep:spe="And"
            ecep:syllab="1"
            ecep:pron="ænd">And</w>
         <c> </c>
         <w xml:id="n22cs-030650"
            n="0021-a-1080"
            ecep:lem="the"
            ecep:pos="dt"
            ecep:reg="the"
            ecep:spe="the"
            ecep:syllab="1"
            ecep:pron="ðiː">the</w>
         <c> </c>
         <w xml:id="n22cs-030660"
            n="0021-a-1090"
            ecep:lem="sad"
            ecep:pos="j"
            ecep:reg="sad"
            ecep:spe="sad"
            ecep:syllab="1"
            ecep:pron="sæd">sad</w>
         <c> </c>
         <w xml:id="n22cs-030670"
            n="0021-a-1100"
            ecep:lem="child"
            ecep:pos="n2"
            ecep:reg="children"
            ecep:spe="children"
            ecep:syllab="2"
            ecep:pron="ˈtʃɪldrn">children</w>
         <c> </c>
         <w xml:id="n22cs-030680"
            n="0021-a-1110"
            ecep:lem="of"
            ecep:pos="pp-f"
            ecep:reg="of"
            ecep:spe="of"
            ecep:syllab="1"
            ecep:pron="ɒv">of</w>
         <c> </c>
         <w xml:id="n22cs-030690"
            n="0021-a-1120"
            ecep:lem="despair"
            ecep:pos="n1"
            ecep:reg="Despair"
            ecep:spe="Despair"
            ecep:syllab="2"
            ecep:pron="dɪˈspeə">Despair</w>
         <c> </c>
         <w xml:id="n22cs-030700"
            n="0021-a-1130"
            ecep:lem="and"
            ecep:pos="cc"
            ecep:reg="and"
            ecep:spe="and"
            ecep:syllab="1"
            ecep:pron="ænd">and</w>
         <c> </c>
         <w xml:id="n22cs-030710"
            n="0021-a-1140"
            ecep:lem="woe"
            ecep:pos="n1"
            ecep:reg="Woe"
            ecep:spe="Woe"
            ecep:syllab="1"
            ecep:pron="wəʊ">Woe</w>
      </l>
      <l xml:id="n22cs-l00290">
         <c> </c>
         <w xml:id="n22cs-030720"
            n="0021-a-1150"
            ecep:lem="forget"
            ecep:pos="vvb"
            ecep:reg="Forget"
            ecep:spe="Forget"
            ecep:syllab="2"
            ecep:pron="fəˈget">Forget</w>
         <pc xml:id="n22cs-030730"
             n="0021-a-1160"
             ecep:lem=","
             ecep:pos=","
             ecep:reg=","
             ecep:spe=",">,</pc>
         <c> </c>
         <w xml:id="n22cs-030740"
            n="0021-a-1170"
            ecep:lem="in"
            ecep:pos="p-acp"
            ecep:reg="in"
            ecep:spe="in"
            ecep:syllab="1"
            ecep:pron="ɪn">in</w>
         <c> </c>
         <w xml:id="n22cs-030750"
            n="0021-a-1180"
            ecep:lem="thou"
            ecep:pos="pno21"
            ecep:reg="thee"
            ecep:spe="thee"
            ecep:syllab="1"
            ecep:pron="ðiː">thee</w>
         <pc xml:id="n22cs-030760"
             n="0021-a-1190"
             ecep:lem=","
             ecep:pos=","
             ecep:reg=","
             ecep:spe=",">,</pc>
         <c> </c>
         <w xml:id="n22cs-030770"
            n="0021-a-1200"
            ecep:lem="their"
            ecep:pos="po32"
            ecep:reg="their"
            ecep:spe="their"
            ecep:syllab="1"
            ecep:pron="ðeə">their</w>
         <c> </c>
         <w xml:id="n22cs-030780"
            n="0021-a-1210"
            ecep:lem="cup"
            ecep:pos="n1"
            ecep:reg="cup"
            ecep:spe="cup"
            ecep:syllab="1"
            ecep:pron="kʌp">cup</w>
         <c> </c>
         <w xml:id="n22cs-030790"
            n="0021-a-1220"
            ecep:lem="of"
            ecep:pos="pp-f"
            ecep:reg="of"
            ecep:spe="of"
            ecep:syllab="1"
            ecep:pron="ɒv">of</w>
         <c> </c>
         <w xml:id="n22cs-030800"
            n="0021-a-1230"
            ecep:lem="sorrow"
            ecep:pos="n1"
            ecep:reg="sorrow"
            ecep:spe="sorrow"
            ecep:syllab="2"
            ecep:pron="ˈsɒrəʊ">sorrow</w>
         <c> </c>
         <w xml:id="n22cs-030810"
            n="0021-a-1240"
            ecep:lem="here"
            ecep:pos="av"
            ecep:reg="here"
            ecep:spe="here"
            ecep:syllab="1"
            ecep:pron="hɪə">here</w>
         <pc xml:id="n22cs-030820"
             n="0021-a-1250"
             unit="sentence"
             ecep:lem="."
             ecep:pos="."
             ecep:reg="."
             ecep:spe=".">.</pc>
         <c> </c>
      </l>
      <l xml:id="n22cs-l00295">
         <w xml:id="n22cs-030830"
            n="0021-a-1260"
            ecep:lem="oh"
            ecep:pos="uh"
            ecep:reg="O"
            ecep:spe="Oh"
            ecep:syllab="1"
            ecep:pron="əʊ">Oh</w>
         <pc xml:id="n22cs-030835"
             n="0021-a-1260"
             ecep:lem="!"
             ecep:pos="!"
             ecep:reg="!"
             ecep:spe="!">!</pc>
         <c> </c>
         <w xml:id="n22cs-030840"
            n="0021-a-1270"
            ecep:lem="that"
            ecep:pos="cst"
            ecep:reg="that"
            ecep:spe="that"
            ecep:syllab="1"
            ecep:pron="ðæt">that</w>
         <c> </c>
         <w xml:id="n22cs-030850"
            n="0021-a-1280"
            ecep:lem="i"
            ecep:pos="pns11"
            ecep:reg="I"
            ecep:spe="I"
            ecep:syllab="1"
            ecep:pron="aɪ">I</w>
         <c> </c>
         <w xml:id="n22cs-030860"
            n="0021-a-1290"
            ecep:lem="soon"
            ecep:pos="av"
            ecep:reg="soon"
            ecep:spe="soon"
            ecep:syllab="1"
            ecep:pron="suːn">soon</w>
         <c> </c>
         <w xml:id="n22cs-030870"
            n="0021-a-1300"
            ecep:lem="may"
            ecep:pos="vmb"
            ecep:reg="may"
            ecep:spe="may"
            ecep:syllab="1"
            ecep:pron="meɪ">may</w>
         <c> </c>
         <w xml:id="n22cs-030880"
            n="0021-a-1310"
            ecep:lem="reach"
            ecep:pos="vvi"
            ecep:reg="reach"
            ecep:spe="reach"
            ecep:syllab="1"
            ecep:pron="riːtʃ">reach</w>
         <c> </c>
         <w xml:id="n22cs-030890"
            n="0021-a-1320"
            ecep:lem="thy"
            ecep:pos="po21"
            ecep:reg="thy"
            ecep:spe="thy"
            ecep:syllab="1"
            ecep:pron="ðaɪ">thy</w>
         <c> </c>
         <w xml:id="n22cs-030900"
            n="0021-a-1330"
            ecep:lem="world"
            ecep:pos="n1"
            ecep:reg="world"
            ecep:spe="world"
            ecep:syllab="1"
            ecep:pron="wɜːld">world</w>
         <c> </c>
         <w xml:id="n22cs-030910"
            n="0021-a-1340"
            ecep:lem="serene"
            ecep:pos="j"
            ecep:reg="serene"
            ecep:spe="serene"
            ecep:syllab="2"
            ecep:pron="sɪˈriːn">serene</w>
         <pc xml:id="n22cs-030920"
             n="0021-a-1350"
             ecep:lem=","
             ecep:pos=","
             ecep:reg=","
             ecep:spe=",">,</pc>
      </l>
      <l xml:id="n22cs-l00300">
         <c> </c>
         <w xml:id="n22cs-030930"
            n="0021-a-1360"
            ecep:lem="poor"
            ecep:pos="j"
            ecep:reg="Poor"
            ecep:spe="Poor"
            ecep:syllab="1"
            ecep:pron="pɔː">Poor</w>
         <c> </c>
         <w xml:id="n22cs-030940"
            n="0021-a-1370"
            ecep:lem="weary"
            ecep:pos="j-vvn"
            ecep:reg="wearied"
            ecep:spe="wearied"
            ecep:syllab="2"
            ecep:pron="ˈwɪərid">wearied</w>
         <c> </c>
         <w xml:id="n22cs-030950"
            n="0021-a-1380"
            ecep:lem="pilgrim"
            ecep:pos="n1"
            ecep:reg="pilgrim"
            ecep:spe="pilgrim"
            ecep:syllab="2"
            ecep:pron="ˈpɪlgrɪm">pilgrim</w>
         <c> </c>
         <pc xml:id="n22cs-030960"
             n="0021-a-1390"
             ecep:lem="—"
             ecep:pos="—"
             ecep:reg="—"
             ecep:spe="—">—</pc>
         <c> </c>
         <w xml:id="n22cs-030970"
            n="0021-a-1400"
            ecep:lem="in"
            ecep:pos="p-acp"
            ecep:reg="in"
            ecep:spe="in"
            ecep:syllab="1"
            ecep:pron="ɪn">in</w>
         <c> </c>
         <w xml:id="n22cs-030980"
            n="0021-a-1410"
            ecep:lem="this"
            ecep:pos="d"
            ecep:reg="this"
            ecep:spe="this"
            ecep:syllab="1"
            ecep:pron="ðɪs">this</w>
         <c> </c>
         <w xml:id="n22cs-030990"
            n="0021-a-1420"
            ecep:lem="toil"
            ecep:pos="j-vvg"
            ecep:reg="toiling"
            ecep:spe="toiling"
            ecep:syllab="2"
            ecep:pron="tɔɪlɪŋ">toiling</w>
         <c> </c>
         <w xml:id="n22cs-031000"
            n="0021-a-1430"
            ecep:lem="scene"
            ecep:pos="n1"
            ecep:reg="scene"
            ecep:spe="scene"
            ecep:syllab="1"
            ecep:pron="siːn">scene</w>
         <pc xml:id="n22cs-031010"
             n="0021-a-1440"
             unit="sentence"
             ecep:lem="!"
             ecep:pos="!"
             ecep:reg="!"
             ecep:spe="!">!</pc>
         <c> </c>
      </l>
   </lg>
   <pb facs="unknown:029523_0022_0FE1D20BAE886A20" n="" rend="none"/>
   <p xml:id="n22cs-s00195">
      <figure>
         <p xml:id="n22cs-s00200">
            <w xml:id="n22cs-031060"
               n="0022-a-0010"
               ecep:lem="queen"
               ecep:pos="n1"
               ecep:reg="Queen"
               ecep:spe="Queen"
               ecep:syllab="1"
               ecep:pron="kwiːn">Queen</w>
            <c> </c>
            <w xml:id="n22cs-031070"
               n="0022-a-0020"
               ecep:lem="of"
               ecep:pos="pp-f"
               ecep:reg="of"
               ecep:spe="of"
               ecep:syllab="1"
               ecep:pron="ɒv">of</w>
            <c> </c>
            <w xml:id="n22cs-031080"
               n="0022-a-0030"
               ecep:lem="the"
               ecep:pos="dt"
               ecep:reg="the"
               ecep:spe="the"
               ecep:syllab="1"
               ecep:pron="ðiː">the</w>
            <c> </c>
            <w xml:id="n22cs-031090"
               n="0022-a-0040"
               ecep:lem="silver"
               ecep:pos="n1"
               ecep:reg="Silver"
               ecep:spe="Silver"
               ecep:syllab="2"
               ecep:pron="ˈsɪlvə">Silver</w>
            <c> </c>
            <w xml:id="n22cs-031100"
               n="0022-a-0050"
               ecep:lem="bow"
               ecep:pos="n1"
               ecep:reg="Bow"
               ecep:spe="Bow"
               ecep:syllab="1"
               ecep:pron="bəʊ">Bow</w>
            <pc xml:id="n22cs-031110"
                n="0022-a-0060"
                unit="sentence"
                ecep:lem="!"
                ecep:pos="!"
                ecep:reg="!"
                ecep:spe="!">!</pc>
            <c> </c>
            <w xml:id="n22cs-031120"
               n="0022-a-0070"
               ecep:lem="etc."
               ecep:pos="av"
               ecep:reg="etc."
               ecep:spe="&amp;c."
               ecep:syllab="0"
               ecep:pron="ændsˈiː">&amp;c.</w>
            <c> </c>
            <pc xml:id="n22cs-031130"
                n="0022-a-0080"
                ecep:lem="—"
                ecep:pos="—"
                ecep:reg="—"
                ecep:spe="—">—</pc>
         </p>
      </figure>
   </p>
</div>
