<?xml version="1.0" encoding="utf-8"?>
<!DOCTYPE div
  SYSTEM "about:legacy-compat">
<div xmlns:ecep="http://www.eighteenthcenturypoetry.org/ns"
     xmlns="http://www.tei-c.org/ns/1.0"
     xmlns:tei="http://www.tei-c.org/ns/1.0"
     ana="#anapaest #dimeter #quatrain #intermittent #acephal #song #lyric"
     corresp="#txt_EgerSa1668_w0024"
     decls="#semi-normalized"
     ecep:syllab="6.6.6.6"
     met="--+|--+/ --+|--+/ --+|--+/ --+|--+/"
     rendition="#lgindent"
     rhyme="xaxa"
     subtype="eceptext"
     type="poem"
     xml:id="pse03-w0240">
   <link target="authors.xml#aut_EgerSa1668" type="author"/>
   <head type="main">
      <w xml:id="pse03-097660"
         n="a-1150"
         ecep:lem="song"
         ecep:pos="n1"
         ecep:reg="Song"
         ecep:spe="Song"
         ecep:syllab="1"
         ecep:pron="sɒŋ">Song</w>
      <c> </c>
      <w xml:id="pse03-097670"
         n="a-1160"
         ecep:lem="on"
         ecep:pos="p-acp"
         ecep:reg="on"
         ecep:spe="on"
         ecep:syllab="1"
         ecep:pron="ɒn">on</w>
      <c> </c>
      <w xml:id="pse03-097680"
         n="a-1170"
         ecep:lem="madam"
         ecep:pos="n1"
         ecep:reg="Madam"
         ecep:spe="Madam"
         ecep:syllab="2"
         ecep:pron="ˈmædəm">Madam</w>
      <c> </c>
      <w xml:id="pse03-097690"
         n="a-1180"
         ecep:lem="s"
         ecep:pos="zz"
         ecep:reg="S"
         ecep:spe="S—"
         ecep:syllab="1"
         ecep:pron="ˈes">S—</w>
      <pc xml:id="pse03-097710"
          n="a-1200"
          unit="sentence"
          ecep:lem="."
          ecep:pos="."
          ecep:reg="."
          ecep:spe=".">.</pc>
   </head>
   <lg xml:id="pse03-s00195">
      <l n="1" xml:id="pse03-l05330">
         <hi rendition="#sc">
            <w xml:id="pse03-097740"
               n="a-1210"
               ecep:lem="though"
               ecep:pos="c-acp"
               ecep:reg="Though"
               ecep:spe="Tho'"
               ecep:syllab="1"
               ecep:pron="ðəʊ">Tho'</w>
         </hi>
         <c> </c>
         <w xml:id="pse03-097750"
            n="a-1220"
            ecep:lem="the"
            ecep:pos="dt"
            ecep:reg="the"
            ecep:spe="the"
            ecep:syllab="1"
            ecep:pron="ðiː">the</w>
         <c> </c>
         <w xml:id="pse03-097760"
            n="a-1230"
            ecep:lem="amorous"
            ecep:pos="j"
            ecep:reg="Amorous"
            ecep:spe="Amorous"
            ecep:syllab="3"
            ecep:pron="ˈæmrəs">Amorous</w>
         <c> </c>
         <w xml:id="pse03-097770"
            n="a-1240"
            ecep:lem="beau"
            ecep:pos="n1"
            ecep:reg="Beau"
            ecep:spe="Beau"
            ecep:syllab="1"
            ecep:pron="bəʊ">Beau</w>
         <pc xml:id="pse03-097780"
             n="a-1250"
             ecep:lem=","
             ecep:pos=","
             ecep:reg=","
             ecep:spe=",">,</pc>
      </l>
      <l n="2" xml:id="pse03-l05335">
         <c> </c>
         <w xml:id="pse03-097790"
            n="a-1260"
            ecep:lem="so"
            ecep:pos="av"
            ecep:reg="So"
            ecep:spe="So"
            ecep:syllab="1"
            ecep:pron="səʊ">So</w>
         <c> </c>
         <w xml:id="pse03-097800"
            n="a-1270"
            ecep:lem="courtly"
            ecep:pos="j"
            ecep:reg="courtly"
            ecep:spe="courtly"
            ecep:syllab="2"
            ecep:pron="ˈkɔːtli">courtly</w>
         <c> </c>
         <w xml:id="pse03-097810"
            n="a-1280"
            ecep:lem="and"
            ecep:pos="cc"
            ecep:reg="and"
            ecep:spe="and"
            ecep:syllab="1"
            ecep:pron="ænd">and</w>
         <c> </c>
         <w xml:id="pse03-097820"
            n="a-1290"
            ecep:lem="fine"
            ecep:pos="j"
            ecep:reg="fine"
            ecep:spe="fine"
            ecep:syllab="1"
            ecep:pron="faɪn">fine</w>
         <pc xml:id="pse03-097830"
             n="a-1300"
             ecep:lem=","
             ecep:pos=","
             ecep:reg=","
             ecep:spe=",">,</pc>
      </l>
      <l n="3" xml:id="pse03-l05340">
         <c> </c>
         <w xml:id="pse03-097840"
            n="a-1310"
            ecep:lem="admire"
            ecep:pos="vvb"
            ecep:reg="Admire"
            ecep:spe="Admire"
            ecep:syllab="2"
            ecep:pron="ədˈmæə">Admire</w>
         <c> </c>
         <w xml:id="pse03-097850"
            n="a-1320"
            ecep:lem="a"
            ecep:pos="dt"
            ecep:reg="a"
            ecep:spe="a"
            ecep:syllab="1"
            ecep:pron="ə">a</w>
         <c> </c>
         <w xml:id="pse03-097860"
            n="a-1330"
            ecep:lem="dress"
            ecep:pos="n1"
            ecep:reg="Dress"
            ecep:spe="Dress"
            ecep:syllab="1"
            ecep:pron="dres">Dress</w>
         <pc xml:id="pse03-097870"
             n="a-1340"
             ecep:lem=","
             ecep:pos=","
             ecep:reg=","
             ecep:spe=",">,</pc>
      </l>
      <l n="4" xml:id="pse03-l05345">
         <c> </c>
         <w xml:id="pse03-097880"
            n="a-1350"
            ecep:lem="and"
            ecep:pos="cc"
            ecep:reg="And"
            ecep:spe="And"
            ecep:syllab="1"
            ecep:pron="ænd">And</w>
         <c> </c>
         <w xml:id="pse03-097890"
            n="a-1360"
            ecep:lem="face"
            ecep:pos="n1"
            ecep:reg="Face"
            ecep:spe="Face"
            ecep:syllab="1"
            ecep:pron="feɪs">Face</w>
         <c> </c>
         <w xml:id="pse03-097900"
            n="a-1370"
            ecep:lem="of"
            ecep:pos="pp-f"
            ecep:reg="of"
            ecep:spe="of"
            ecep:syllab="1"
            ecep:pron="ɒv">of</w>
         <c> </c>
         <w xml:id="pse03-097910"
            n="a-1380"
            ecep:lem="fifteen"
            ecep:pos="crd"
            ecep:reg="fifteen"
            ecep:spe="fifteen"
            ecep:syllab="2"
            ecep:pron="ˌfɪfˈtiːn">fifteen</w>
         <pc xml:id="pse03-097920"
             n="a-1390"
             unit="sentence"
             ecep:lem="."
             ecep:pos="."
             ecep:reg="."
             ecep:spe=".">.</pc>
         <c> </c>
      </l>
   </lg>
   <lg xml:id="pse03-s00200">
      <l n="5" xml:id="pse03-l05350">
         <w xml:id="pse03-097950"
            n="a-1400"
            ecep:lem="let"
            ecep:pos="vvb"
            ecep:reg="Let"
            ecep:spe="Let"
            ecep:syllab="1"
            ecep:pron="let">Let</w>
         <c> </c>
         <hi>
            <w xml:id="pse03-097960"
               n="a-1410"
               ecep:lem="orinda"
               ecep:pos="np1"
               ecep:reg="Orinda"
               ecep:spe="Orinda"
               ecep:syllab="3"
               ecep:pron="ɒrˈɪndə">Orinda</w>
         </hi>
         <c> </c>
         <w xml:id="pse03-097970"
            n="a-1420"
            ecep:lem="but"
            ecep:pos="p-acp"
            ecep:reg="but"
            ecep:spe="but"
            ecep:syllab="1"
            ecep:pron="bʌt">but</w>
         <c> </c>
         <w xml:id="pse03-097980"
            n="a-1430"
            ecep:lem="speak"
            ecep:pos="vvi"
            ecep:reg="speak"
            ecep:spe="speak"
            ecep:syllab="1"
            ecep:pron="spiːk">speak</w>
         <pc xml:id="pse03-097990"
             n="a-1440"
             ecep:lem=","
             ecep:pos=","
             ecep:reg=","
             ecep:spe=",">,</pc>
      </l>
      <l n="6" xml:id="pse03-l05355">
         <c> </c>
         <w xml:id="pse03-098000"
            n="a-1450"
            ecep:lem="her"
            ecep:pos="po31"
            ecep:reg="Her"
            ecep:spe="Her"
            ecep:syllab="1"
            ecep:pron="hɜː">Her</w>
         <c> </c>
         <w xml:id="pse03-098010"
            n="a-1460"
            ecep:lem="tongue"
            ecep:pos="n1"
            ecep:reg="Tongue"
            ecep:spe="Tongue"
            ecep:syllab="1"
            ecep:pron="tʌŋ">Tongue</w>
         <c> </c>
         <w xml:id="pse03-098020"
            n="a-1470"
            ecep:lem="will"
            ecep:pos="vmb"
            ecep:reg="will"
            ecep:spe="will"
            ecep:syllab="1"
            ecep:pron="wɪl">will</w>
         <c> </c>
         <w xml:id="pse03-098030"
            n="a-1480"
            ecep:lem="surprise"
            ecep:pos="vvi"
            ecep:reg="surprise"
            ecep:spe="surprize"
            ecep:syllab="2"
            ecep:pron="səˈpraɪz">surprize</w>
         <pc xml:id="pse03-098040"
             n="a-1490"
             ecep:lem=","
             ecep:pos=","
             ecep:reg=","
             ecep:spe=",">,</pc>
      </l>
      <l n="7" xml:id="pse03-l05360">
         <c> </c>
         <w xml:id="pse03-098050"
            n="a-1500"
            ecep:lem="and"
            ecep:pos="cc"
            ecep:reg="And"
            ecep:spe="And"
            ecep:syllab="1"
            ecep:pron="ænd">And</w>
         <c> </c>
         <w xml:id="pse03-098060"
            n="a-1510"
            ecep:lem="make"
            ecep:pos="vvi"
            ecep:reg="make"
            ecep:spe="make"
            ecep:syllab="1"
            ecep:pron="meɪk">make</w>
         <c> </c>
         <w xml:id="pse03-098070"
            n="a-1520"
            ecep:lem="he"
            ecep:pos="pno31"
            ecep:reg="him"
            ecep:spe="him"
            ecep:syllab="1"
            ecep:pron="hɪm">him</w>
         <c> </c>
         <w xml:id="pse03-098080"
            n="a-1530"
            ecep:lem="her"
            ecep:pos="po31"
            ecep:reg="her"
            ecep:spe="her"
            ecep:syllab="1"
            ecep:pron="hɜː">her</w>
         <c> </c>
         <w xml:id="pse03-098090"
            n="a-1540"
            ecep:lem="slave"
            ecep:pos="n1"
            ecep:reg="Slave"
            ecep:spe="Slave"
            ecep:syllab="1"
            ecep:pron="sleɪv">Slave</w>
         <pc xml:id="pse03-098100"
             n="a-1550"
             ecep:lem=","
             ecep:pos=","
             ecep:reg=","
             ecep:spe=",">,</pc>
      </l>
      <l n="8" xml:id="pse03-l05365">
         <c> </c>
         <w xml:id="pse03-098110"
            n="a-1560"
            ecep:lem="spite"
            ecep:pos="n1"
            ecep:reg="Spite"
            ecep:spe="Spight"
            ecep:syllab="1"
            ecep:pron="spˈaɪt">Spight</w>
         <c> </c>
         <w xml:id="pse03-098120"
            n="a-1570"
            ecep:lem="of"
            ecep:pos="pp-f"
            ecep:reg="of"
            ecep:spe="of"
            ecep:syllab="1"
            ecep:pron="ɒv">of</w>
         <c> </c>
         <hi>
            <w xml:id="pse03-098130.1"
               n="a-1580"
               rend="plain_apostrophe"
               ecep:lem="celia"
               ecep:pos="fw-la"
               ecep:reg="Celia's"
               ecep:spe="Celia's"
               ecep:syllab="3"
               ecep:pron="ˈsiːliəz">Celia's</w>
         </hi>
         <c> </c>
         <w xml:id="pse03-098140"
            n="a-1590"
            ecep:lem="bright"
            ecep:pos="j"
            ecep:reg="bright"
            ecep:spe="bright"
            ecep:syllab="1"
            ecep:pron="braɪt">bright</w>
         <c> </c>
         <w xml:id="pse03-098150"
            n="a-1600"
            ecep:lem="eye"
            ecep:pos="n2"
            ecep:reg="Eyes"
            ecep:spe="Eyes"
            ecep:syllab="1"
            ecep:pron="aɪz">Eyes</w>
         <pc xml:id="pse03-098160"
             n="a-1610"
             unit="sentence"
             ecep:lem="."
             ecep:pos="."
             ecep:reg="."
             ecep:spe=".">.</pc>
         <c> </c>
      </l>
      <pb facs="pse03/0093" n="49" rend="none"/>
   </lg>
   <lg xml:id="pse03-s00205">
      <l n="9" xml:id="pse03-l05370">
         <w xml:id="pse03-098190"
            n="a-0010"
            ecep:lem="be"
            ecep:pos="vbds"
            ecep:reg="Was"
            ecep:spe="Was"
            ecep:syllab="1"
            ecep:pron="wɒz">Was</w>
         <c> </c>
         <w xml:id="pse03-098200"
            n="a-0020"
            ecep:lem="she"
            ecep:pos="pns31"
            ecep:reg="she"
            ecep:spe="she"
            ecep:syllab="1"
            ecep:pron="ʃiː">she</w>
         <c> </c>
         <w xml:id="pse03-098210"
            n="a-0030"
            ecep:lem="old"
            ecep:pos="j"
            ecep:reg="old"
            ecep:spe="old"
            ecep:syllab="1"
            ecep:pron="əʊld">old</w>
         <c> </c>
         <w xml:id="pse03-098220"
            n="a-0040"
            ecep:lem="and"
            ecep:pos="cc"
            ecep:reg="and"
            ecep:spe="and"
            ecep:syllab="1"
            ecep:pron="ænd">and</w>
         <c> </c>
         <w xml:id="pse03-098230"
            n="a-0050"
            ecep:lem="deform"
            ecep:pos="j-vvn"
            ecep:reg="deformed"
            ecep:spe="deform'd"
            ecep:syllab="2"
            ecep:pron="dɪˈfɔːmd">deform'd</w>
         <pc xml:id="pse03-098240"
             n="a-0060"
             ecep:lem=","
             ecep:pos=","
             ecep:reg=","
             ecep:spe=",">,</pc>
      </l>
      <l n="10" xml:id="pse03-l05375">
         <c> </c>
         <w xml:id="pse03-098250"
            n="a-0070"
            ecep:lem="her"
            ecep:pos="po31"
            ecep:reg="Her"
            ecep:spe="Her"
            ecep:syllab="1"
            ecep:pron="hɜː">Her</w>
         <c> </c>
         <w xml:id="pse03-098260"
            n="a-0080"
            ecep:lem="wit"
            ecep:pos="n1"
            ecep:reg="Wit"
            ecep:spe="Wit"
            ecep:syllab="1"
            ecep:pron="wɪt">Wit</w>
         <c> </c>
         <w xml:id="pse03-098270"
            n="a-0090"
            ecep:lem="and"
            ecep:pos="cc"
            ecep:reg="and"
            ecep:spe="and"
            ecep:syllab="1"
            ecep:pron="ænd">and</w>
         <c> </c>
         <w xml:id="pse03-098280"
            n="a-0100"
            ecep:lem="her"
            ecep:pos="po31"
            ecep:reg="her"
            ecep:spe="her"
            ecep:syllab="1"
            ecep:pron="hɜː">her</w>
         <c> </c>
         <w xml:id="pse03-098290"
            n="a-0110"
            ecep:lem="air"
            ecep:pos="n1"
            ecep:reg="Air"
            ecep:spe="Air"
            ecep:syllab="1"
            ecep:pron="eə">Air</w>
         <pc xml:id="pse03-098300"
             n="a-0120"
             ecep:lem=","
             ecep:pos=","
             ecep:reg=","
             ecep:spe=",">,</pc>
      </l>
      <l n="11" xml:id="pse03-l05380">
         <c> </c>
         <w xml:id="pse03-098310"
            n="a-0130"
            ecep:lem="will"
            ecep:pos="vmd"
            ecep:reg="Would"
            ecep:spe="Would"
            ecep:syllab="1"
            ecep:pron="wʊd">Would</w>
         <c> </c>
         <w xml:id="pse03-098320"
            n="a-0140"
            ecep:lem="conquer"
            ecep:pos="vvi"
            ecep:reg="conquer"
            ecep:spe="conquer"
            ecep:syllab="2"
            ecep:pron="ˈkɒŋkə">conquer</w>
         <c> </c>
         <w xml:id="pse03-098330"
            n="a-0150"
            ecep:lem="more"
            ecep:pos="dc"
            ecep:reg="more"
            ecep:spe="more"
            ecep:syllab="1"
            ecep:pron="mɔː">more</w>
         <c> </c>
         <w xml:id="pse03-098340"
            n="a-0160"
            ecep:lem="heart"
            ecep:pos="n2"
            ecep:reg="Hearts"
            ecep:spe="Hearts"
            ecep:syllab="1"
            ecep:pron="hɑːts">Hearts</w>
         <pc xml:id="pse03-098350"
             n="a-0170"
             ecep:lem=","
             ecep:pos=","
             ecep:reg=","
             ecep:spe=",">,</pc>
      </l>
      <l n="12" xml:id="pse03-l05385">
         <c> </c>
         <w xml:id="pse03-098360"
            n="a-0180"
            ecep:lem="than"
            ecep:pos="cs"
            ecep:reg="Than"
            ecep:spe="Than"
            ecep:syllab="1"
            ecep:pron="ðæn">Than</w>
         <c> </c>
         <w xml:id="pse03-098370"
            n="a-0190"
            ecep:lem="the"
            ecep:pos="dt"
            ecep:reg="the"
            ecep:spe="the"
            ecep:syllab="1"
            ecep:pron="ðiː">the</w>
         <c> </c>
         <w xml:id="pse03-098380"
            n="a-0200"
            ecep:lem="young"
            ecep:pos="j"
            ecep:reg="Young"
            ecep:spe="Young"
            ecep:syllab="1"
            ecep:pron="jʌŋ">Young</w>
         <c> </c>
         <w xml:id="pse03-098390"
            n="a-0210"
            ecep:lem="and"
            ecep:pos="cc"
            ecep:reg="and"
            ecep:spe="and"
            ecep:syllab="1"
            ecep:pron="ænd">and</w>
         <c> </c>
         <w xml:id="pse03-098400"
            n="a-0220"
            ecep:lem="the"
            ecep:pos="dt"
            ecep:reg="the"
            ecep:spe="the"
            ecep:syllab="1"
            ecep:pron="ðiː">the</w>
         <c> </c>
         <w xml:id="pse03-098410"
            n="a-0230"
            ecep:lem="fair"
            ecep:pos="j"
            ecep:reg="Fair"
            ecep:spe="Fair"
            ecep:syllab="1"
            ecep:pron="feə">Fair</w>
         <pc xml:id="pse03-098420"
             n="a-0240"
             unit="sentence"
             ecep:lem="."
             ecep:pos="."
             ecep:reg="."
             ecep:spe=".">.</pc>
         <c> </c>
      </l>
   </lg>
   <lg xml:id="pse03-s00210">
      <l n="13" xml:id="pse03-l05390">
         <w xml:id="pse03-098450"
            n="a-0250"
            ecep:lem="those"
            ecep:pos="d"
            ecep:reg="Those"
            ecep:spe="Those"
            ecep:syllab="1"
            ecep:pron="ðəʊz">Those</w>
         <c> </c>
         <w xml:id="pse03-098460"
            n="a-0260"
            ecep:lem="charm"
            ecep:pos="n2"
            ecep:reg="Charms"
            ecep:spe="Charms"
            ecep:syllab="1"
            ecep:pron="tʃɑːmz">Charms</w>
         <c> </c>
         <w xml:id="pse03-098470"
            n="a-0270"
            ecep:lem="be"
            ecep:pos="vbr"
            ecep:reg="are"
            ecep:spe="are"
            ecep:syllab="1"
            ecep:pron="ɑː">are</w>
         <c> </c>
         <w xml:id="pse03-098480"
            n="a-0280"
            ecep:lem="more"
            ecep:pos="av-dc"
            ecep:reg="more"
            ecep:spe="more"
            ecep:syllab="1"
            ecep:pron="mɔː">more</w>
         <c> </c>
         <w xml:id="pse03-098490"
            n="a-0290"
            ecep:lem="noble"
            ecep:pos="j"
            ecep:reg="noble"
            ecep:spe="noble"
            ecep:syllab="2"
            ecep:pron="ˈnəʊbl">noble</w>
         <pc xml:id="pse03-098500"
             n="a-0300"
             ecep:lem=","
             ecep:pos=","
             ecep:reg=","
             ecep:spe=",">,</pc>
      </l>
      <l n="14" xml:id="pse03-l05395">
         <c> </c>
         <w xml:id="pse03-098510"
            n="a-0310"
            ecep:lem="the"
            ecep:pos="dt"
            ecep:reg="The"
            ecep:spe="The"
            ecep:syllab="1"
            ecep:pron="ðiː">The</w>
         <c> </c>
         <w xml:id="pse03-098520"
            n="a-0320"
            ecep:lem="lovely"
            ecep:pos="j"
            ecep:reg="Lovely"
            ecep:spe="Lovely"
            ecep:syllab="2"
            ecep:pron="ˈlʌvli">Lovely</w>
         <c> </c>
         <w xml:id="pse03-098530"
            n="a-0330"
            ecep:lem="and"
            ecep:pos="cc"
            ecep:reg="and"
            ecep:spe="and"
            ecep:syllab="1"
            ecep:pron="ænd">and</w>
         <c> </c>
         <w xml:id="pse03-098540"
            n="a-0340"
            ecep:lem="kind"
            ecep:pos="j"
            ecep:reg="Kind"
            ecep:spe="Kind"
            ecep:syllab="1"
            ecep:pron="kaɪnd">Kind</w>
      </l>
      <l n="15" xml:id="pse03-l05400">
         <c> </c>
         <w xml:id="pse03-098550"
            n="a-0350"
            ecep:lem="may"
            ecep:pos="vmb"
            ecep:reg="May"
            ecep:spe="May"
            ecep:syllab="1"
            ecep:pron="meɪ">May</w>
         <c> </c>
         <w xml:id="pse03-098560"
            n="a-0360"
            ecep:lem="vanquish"
            ecep:pos="vvi"
            ecep:reg="vanquish"
            ecep:spe="vanquish"
            ecep:syllab="2"
            ecep:pron="ˈvæŋkwɪʃ">vanquish</w>
         <c> </c>
         <w xml:id="pse03-098570"
            n="a-0370"
            ecep:lem="the"
            ecep:pos="dt"
            ecep:reg="the"
            ecep:spe="the"
            ecep:syllab="1"
            ecep:pron="ðiː">the</w>
         <c> </c>
         <w xml:id="pse03-098580"
            n="a-0380"
            ecep:lem="body"
            ecep:pos="n1"
            ecep:reg="Body"
            ecep:spe="Body"
            ecep:syllab="2"
            ecep:pron="ˈbɒdi">Body</w>
         <pc xml:id="pse03-098590"
             n="a-0390"
             ecep:lem=","
             ecep:pos=","
             ecep:reg=","
             ecep:spe=",">,</pc>
      </l>
      <l n="16" xml:id="pse03-l05405">
         <c> </c>
         <w xml:id="pse03-098600"
            n="a-0400"
            ecep:lem="she"
            ecep:pos="pns31"
            ecep:reg="She"
            ecep:spe="She"
            ecep:syllab="1"
            ecep:pron="ʃiː">She</w>
         <c> </c>
         <w xml:id="pse03-098610"
            n="a-0410"
            ecep:lem="conquer"
            ecep:pos="vvz"
            ecep:reg="conquers"
            ecep:spe="conquers"
            ecep:syllab="2"
            ecep:pron="ˈkɒŋkəz">conquers</w>
         <c> </c>
         <w xml:id="pse03-098620"
            n="a-0420"
            ecep:lem="the"
            ecep:pos="dt"
            ecep:reg="the"
            ecep:spe="the"
            ecep:syllab="1"
            ecep:pron="ðiː">the</w>
         <c> </c>
         <w xml:id="pse03-098630"
            n="a-0430"
            ecep:lem="mind"
            ecep:pos="n1"
            ecep:reg="Mind"
            ecep:spe="Mind"
            ecep:syllab="1"
            ecep:pron="maɪnd">Mind</w>
         <pc xml:id="pse03-098640"
             n="a-0440"
             unit="sentence"
             ecep:lem="."
             ecep:pos="."
             ecep:reg="."
             ecep:spe=".">.</pc>
         <c> </c>
      </l>
   </lg>
</div>
