<?xml version="1.0" encoding="utf-8"?>
<!DOCTYPE div
  SYSTEM "about:legacy-compat">
<div xmlns:ecep="http://www.eighteenthcenturypoetry.org/ns"
     xmlns="http://www.tei-c.org/ns/1.0"
     xmlns:tei="http://www.tei-c.org/ns/1.0"
     ana="#iamb #tetrameter #sestet #tail #song"
     corresp="#txt_BarbAn1743_w0017"
     decls="#semi-normalized"
     ecep:syllab="8.8.8.8.8.8"
     met="-+|-+|-+|-+/ -+|-+|-+|-+/ -+|-+|-+|-+/ -+|-+|-+|-+/ -+|-+|-+|-+/ -+|-+|-+|-+/"
     n="5"
     rendition="#lgvspace"
     rhyme="aabccb"
     subtype="eceptext"
     type="song"
     xml:id="o3555-w0170">
   <link target="authors.xml#aut_BarbAn1743" type="author"/>
   <head type="main">
      <w xml:id="o3555-099550"
         n="81-a-0010"
         ecep:lem="song"
         ecep:pos="n1"
         ecep:reg="SONG"
         ecep:spe="SONG"
         ecep:syllab="1"
         ecep:pron="sɒŋ">SONG</w>
      <c> </c>
      <w xml:id="o3555-099560"
         n="81-a-0020"
         ecep:lem="v."
         ecep:pos="crd"
         ecep:reg="V"
         ecep:spe="V."
         ecep:syllab="1"
         ecep:pron="viː">V.</w>
      <pc unit="sentence" xml:id="o3555-099560-eos" n="81-a-0030"/>
   </head>
   <lg xml:id="o3555-s00555">
      <l xml:id="o3555-l05590">
         <w xml:id="o3555-099590"
            n="81-a-0040"
            ecep:lem="as"
            ecep:pos="c-acp"
            ecep:reg="AS"
            ecep:spe="AS"
            ecep:syllab="1"
            ecep:pron="æz">AS</w>
         <c> </c>
         <w xml:id="o3555-099600"
            n="81-a-0050"
            ecep:lem="near"
            ecep:pos="av-j"
            ecep:reg="near"
            ecep:spe="near"
            ecep:syllab="1"
            ecep:pron="nɪə">near</w>
         <c> </c>
         <w xml:id="o3555-099610"
            n="81-a-0060"
            ecep:lem="a"
            ecep:pos="dt"
            ecep:reg="a"
            ecep:spe="a"
            ecep:syllab="1"
            ecep:pron="ə">a</w>
         <c> </c>
         <w xml:id="o3555-099620"
            n="81-a-0070"
            ecep:lem="weep"
            ecep:pos="j-vvg"
            ecep:reg="weeping"
            ecep:spe="weeping"
            ecep:syllab="2"
            ecep:pron="wiːpɪŋ">weeping</w>
         <c> </c>
         <w xml:id="o3555-099630"
            n="81-a-0080"
            ecep:lem="spring"
            ecep:pos="n1"
            ecep:reg="spring"
            ecep:spe="spring"
            ecep:syllab="1"
            ecep:pron="sprɪŋ">spring</w>
         <c> </c>
         <w xml:id="o3555-099640"
            n="81-a-0090"
            ecep:lem="recline"
            ecep:pos="vvd"
            ecep:reg="reclined"
            ecep:spe="reclin'd"
            ecep:syllab="2"
            ecep:pron="rɪˈklaɪnd">reclin'd</w>
      </l>
      <l xml:id="o3555-l05595">
         <c> </c>
         <w xml:id="o3555-099650"
            n="81-a-0100"
            ecep:lem="the"
            ecep:pos="dt"
            ecep:reg="The"
            ecep:spe="The"
            ecep:syllab="1"
            ecep:pron="ðiː">The</w>
         <c> </c>
         <w xml:id="o3555-099660"
            n="81-a-0110"
            ecep:lem="beauteous"
            ecep:pos="j"
            ecep:reg="beauteous"
            ecep:spe="beauteous"
            ecep:syllab="2"
            ecep:pron="ˈbjuːtiəs">beauteous</w>
         <c> </c>
         <w xml:id="o3555-099670"
            n="81-a-0120"
            ecep:lem="Araminta"
            ecep:pos="np1"
            ecep:reg="ARAMINTA"
            ecep:spe="ARAMINTA"
            ecep:syllab="4"
            ecep:pron="ˈærʌmˌɪntə">ARAMINTA</w>
         <c> </c>
         <w xml:id="o3555-099680"
            n="81-a-0130"
            ecep:lem="pine"
            ecep:pos="vvd"
            ecep:reg="pined"
            ecep:spe="pin'd"
            ecep:syllab="1"
            ecep:pron="paɪnd">pin'd</w>
         <pc xml:id="o3555-099690"
             n="81-a-0140"
             ecep:lem=","
             ecep:pos=","
             ecep:reg=","
             ecep:spe=",">,</pc>
      </l>
      <l xml:id="o3555-l05600">
         <c> </c>
         <w xml:id="o3555-099700"
            n="81-a-0150"
            ecep:lem="and"
            ecep:pos="cc"
            ecep:reg="And"
            ecep:spe="And"
            ecep:syllab="1"
            ecep:pron="ænd">And</w>
         <c> </c>
         <w xml:id="o3555-099710"
            n="81-a-0160"
            ecep:lem="mourn"
            ecep:pos="vvd"
            ecep:reg="mourned"
            ecep:spe="mourn'd"
            ecep:syllab="1"
            ecep:pron="mɔːnd">mourn'd</w>
         <c> </c>
         <w xml:id="o3555-099720"
            n="81-a-0170"
            ecep:lem="a"
            ecep:pos="dt"
            ecep:reg="a"
            ecep:spe="a"
            ecep:syllab="1"
            ecep:pron="ə">a</w>
         <c> </c>
         <w xml:id="o3555-099730"
            n="81-a-0180"
            ecep:lem="false"
            ecep:pos="j"
            ecep:reg="false"
            ecep:spe="false"
            ecep:syllab="1"
            ecep:pron="fɔːls">false</w>
         <c> </c>
         <w xml:id="o3555-099740"
            n="81-a-0190"
            ecep:lem="ungrateful"
            ecep:pos="j"
            ecep:reg="ungrateful"
            ecep:spe="ungrateful"
            ecep:syllab="3"
            ecep:pron="ʌnˈgreɪtfl">ungrateful</w>
         <c> </c>
         <w xml:id="o3555-099750"
            n="81-a-0200"
            ecep:lem="youth"
            ecep:pos="n1"
            ecep:reg="youth"
            ecep:spe="youth"
            ecep:syllab="1"
            ecep:pron="juːθ">youth</w>
         <pc xml:id="o3555-099760"
             n="81-a-0210"
             ecep:lem=";"
             ecep:pos=";"
             ecep:reg=";"
             ecep:spe=";">;</pc>
      </l>
      <l xml:id="o3555-l05605">
         <c> </c>
         <w xml:id="o3555-099770"
            n="81-a-0220"
            ecep:lem="while"
            ecep:pos="cs"
            ecep:reg="While"
            ecep:spe="While"
            ecep:syllab="1"
            ecep:pron="ˈwaɪl">While</w>
         <c> </c>
         <w xml:id="o3555-099780"
            n="81-a-0230"
            ecep:lem="die"
            ecep:pos="j-vvg"
            ecep:reg="dying"
            ecep:spe="dying"
            ecep:syllab="2"
            ecep:pron="ˈdaɪɪŋ">dying</w>
         <c> </c>
         <w xml:id="o3555-099790"
            n="81-a-0240"
            ecep:lem="echo"
            ecep:pos="n2"
            ecep:reg="echoes"
            ecep:spe="echoes"
            ecep:syllab="2"
            ecep:pron="ˈekəʊz">echoes</w>
         <c> </c>
         <w xml:id="o3555-099800"
            n="81-a-0250"
            ecep:lem="catch"
            ecep:pos="vvd"
            ecep:reg="caught"
            ecep:spe="caught"
            ecep:syllab="1"
            ecep:pron="kɔːt">caught</w>
         <c> </c>
         <w xml:id="o3555-099810"
            n="81-a-0260"
            ecep:lem="the"
            ecep:pos="dt"
            ecep:reg="the"
            ecep:spe="the"
            ecep:syllab="1"
            ecep:pron="ðiː">the</w>
         <c> </c>
         <w xml:id="o3555-099820"
            n="81-a-0270"
            ecep:lem="sound"
            ecep:pos="n1"
            ecep:reg="sound"
            ecep:spe="sound"
            ecep:syllab="1"
            ecep:pron="saʊnd">sound</w>
         <pc xml:id="o3555-099830"
             n="81-a-0280"
             ecep:lem=","
             ecep:pos=","
             ecep:reg=","
             ecep:spe=",">,</pc>
      </l>
      <l xml:id="o3555-l05610">
         <c> </c>
         <w xml:id="o3555-099840"
            n="81-a-0290"
            ecep:lem="and"
            ecep:pos="cc"
            ecep:reg="And"
            ecep:spe="And"
            ecep:syllab="1"
            ecep:pron="ænd">And</w>
         <c> </c>
         <w xml:id="o3555-099850"
            n="81-a-0300"
            ecep:lem="spread"
            ecep:pos="vvi"
            ecep:reg="spread"
            ecep:spe="spread"
            ecep:syllab="1"
            ecep:pron="spred">spread</w>
         <c> </c>
         <w xml:id="o3555-099860"
            n="81-a-0310"
            ecep:lem="the"
            ecep:pos="dt"
            ecep:reg="the"
            ecep:spe="the"
            ecep:syllab="1"
            ecep:pron="ðiː">the</w>
         <c> </c>
         <w xml:id="o3555-099870"
            n="81-a-0320"
            ecep:lem="soft"
            ecep:pos="j"
            ecep:reg="soft"
            ecep:spe="soft"
            ecep:syllab="1"
            ecep:pron="sɒft">soft</w>
         <c> </c>
         <w xml:id="o3555-099880"
            n="81-a-0330"
            ecep:lem="complaint"
            ecep:pos="n2"
            ecep:reg="complaints"
            ecep:spe="complaints"
            ecep:syllab="2"
            ecep:pron="kəmˈpleɪnts">complaints</w>
         <c> </c>
         <w xml:id="o3555-099890"
            n="81-a-0340"
            ecep:lem="around"
            ecep:pos="a-acp"
            ecep:reg="around"
            ecep:spe="around"
            ecep:syllab="2"
            ecep:pron="əˈraʊnd">around</w>
      </l>
      <l xml:id="o3555-l05615">
         <c> </c>
         <w xml:id="o3555-099900"
            n="81-a-0350"
            ecep:lem="of"
            ecep:pos="pp-f"
            ecep:reg="Of"
            ecep:spe="Of"
            ecep:syllab="1"
            ecep:pron="ɒv">Of</w>
         <c> </c>
         <w xml:id="o3555-099910"
            n="81-a-0360"
            ecep:lem="break"
            ecep:pos="j-vvn"
            ecep:reg="broken"
            ecep:spe="broken"
            ecep:syllab="2"
            ecep:pron="ˈbrəʊkn">broken</w>
         <c> </c>
         <w xml:id="o3555-099920"
            n="81-a-0370"
            ecep:lem="vow"
            ecep:pos="n2"
            ecep:reg="vows"
            ecep:spe="vows"
            ecep:syllab="1"
            ecep:pron="vaʊz">vows</w>
         <c> </c>
         <w xml:id="o3555-099930"
            n="81-a-0380"
            ecep:lem="and"
            ecep:pos="cc"
            ecep:reg="and"
            ecep:spe="and"
            ecep:syllab="1"
            ecep:pron="ænd">and</w>
         <c> </c>
         <w xml:id="o3555-099940"
            n="81-a-0390"
            ecep:lem="alter"
            ecep:pos="j-vvn"
            ecep:reg="altered"
            ecep:spe="alter'd"
            ecep:syllab="2"
            ecep:pron="ˈɔːltəd">alter'd</w>
         <c> </c>
         <w xml:id="o3555-099950"
            n="81-a-0400"
            ecep:lem="truth"
            ecep:pos="n1"
            ecep:reg="truth"
            ecep:spe="truth"
            ecep:syllab="1"
            ecep:pron="truːθ">truth</w>
         <pc xml:id="o3555-099960"
             n="81-a-0410"
             ecep:lem=";"
             ecep:pos=";"
             ecep:reg=";"
             ecep:spe=";">;</pc>
      </l>
   </lg>
   <lg xml:id="o3555-s00560">
      <l xml:id="o3555-l05620">
         <w xml:id="o3555-099990"
            n="81-a-0420"
            ecep:lem="a"
            ecep:pos="dt"
            ecep:reg="An"
            ecep:spe="An"
            ecep:syllab="1"
            ecep:pron="æn">An</w>
         <c> </c>
         <w xml:id="o3555-100000"
            n="81-a-0430"
            ecep:lem="age"
            ecep:pos="j-vvn"
            ecep:reg="aged"
            ecep:spe="aged"
            ecep:syllab="2"
            ecep:pron="ˈeɪdʒɪd">aged</w>
         <c> </c>
         <w xml:id="o3555-100010"
            n="81-a-0440"
            ecep:lem="shepherd"
            ecep:pos="n1"
            ecep:reg="shepherd"
            ecep:spe="shepherd"
            ecep:syllab="2"
            ecep:pron="ˈʃepəd">shepherd</w>
         <c> </c>
         <w xml:id="o3555-100020"
            n="81-a-0450"
            ecep:lem="hear"
            ecep:pos="vvd"
            ecep:reg="heard"
            ecep:spe="heard"
            ecep:syllab="1"
            ecep:pron="hɜːd">heard</w>
         <c> </c>
         <w xml:id="o3555-100030"
            n="81-a-0460"
            ecep:lem="her"
            ecep:pos="po31"
            ecep:reg="her"
            ecep:spe="her"
            ecep:syllab="1"
            ecep:pron="hɜː">her</w>
         <c> </c>
         <w xml:id="o3555-100040"
            n="81-a-0470"
            ecep:lem="moan"
            ecep:pos="n1"
            ecep:reg="moan"
            ecep:spe="moan"
            ecep:syllab="1"
            ecep:pron="məʊn">moan</w>
         <pc xml:id="o3555-100050"
             n="81-a-0480"
             ecep:lem=","
             ecep:pos=","
             ecep:reg=","
             ecep:spe=",">,</pc>
      </l>
      <l xml:id="o3555-l05625">
         <c> </c>
         <w xml:id="o3555-100060"
            n="81-a-0490"
            ecep:lem="and"
            ecep:pos="cc"
            ecep:reg="And"
            ecep:spe="And"
            ecep:syllab="1"
            ecep:pron="ænd">And</w>
         <c> </c>
         <w xml:id="o3555-100070"
            n="81-a-0500"
            ecep:lem="thus"
            ecep:pos="av"
            ecep:reg="thus"
            ecep:spe="thus"
            ecep:syllab="1"
            ecep:pron="ðʌs">thus</w>
         <c> </c>
         <w xml:id="o3555-100080"
            n="81-a-0510"
            ecep:lem="in"
            ecep:pos="p-acp"
            ecep:reg="in"
            ecep:spe="in"
            ecep:syllab="1"
            ecep:pron="ɪn">in</w>
         <c> </c>
         <w xml:id="o3555-100090"
            n="81-a-0520"
            ecep:lem="pity"
            ecep:pos="ng1"
            ecep:reg="pity's"
            ecep:spe="pity's"
            ecep:syllab="2"
            ecep:pron="ˈpɪtiz">pity's</w>
         <c> </c>
         <w xml:id="o3555-100100"
            n="81-a-0530"
            ecep:lem="kind"
            ecep:pos="js"
            ecep:reg="kindest"
            ecep:spe="kindest"
            ecep:syllab="2"
            ecep:pron="kaɪndɪst">kindest</w>
         <c> </c>
         <w xml:id="o3555-100110"
            n="81-a-0540"
            ecep:lem="tone"
            ecep:pos="n1"
            ecep:reg="tone"
            ecep:spe="tone"
            ecep:syllab="1"
            ecep:pron="təʊn">tone</w>
      </l>
      <l xml:id="o3555-l05630">
         <c> </c>
         <w xml:id="o3555-100120"
            n="81-a-0550"
            ecep:lem="address"
            ecep:pos="vvd"
            ecep:reg="Addressed"
            ecep:spe="Address'd"
            ecep:syllab="2"
            ecep:pron="əˈdrest">Address'd</w>
         <c> </c>
         <w xml:id="o3555-100130"
            n="81-a-0560"
            ecep:lem="the"
            ecep:pos="dt"
            ecep:reg="the"
            ecep:spe="the"
            ecep:syllab="1"
            ecep:pron="ðiː">the</w>
         <c> </c>
         <w xml:id="o3555-100140"
            n="81-a-0570"
            ecep:lem="lose"
            ecep:pos="j-vvn"
            ecep:reg="lost"
            ecep:spe="lost"
            ecep:syllab="1"
            ecep:pron="lɒst">lost</w>
         <c> </c>
         <w xml:id="o3555-100150"
            n="81-a-0580"
            ecep:lem="despair"
            ecep:pos="j-vvg"
            ecep:reg="despairing"
            ecep:spe="despairing"
            ecep:syllab="3"
            ecep:pron="dɪˈspeəɪŋ">despairing</w>
         <c> </c>
         <w xml:id="o3555-100160"
            n="81-a-0590"
            ecep:lem="maid"
            ecep:pos="n1"
            ecep:reg="maid"
            ecep:spe="maid"
            ecep:syllab="1"
            ecep:pron="meɪd">maid</w>
         <pc xml:id="o3555-100170"
             n="81-a-0600"
             ecep:lem=":"
             ecep:pos=":"
             ecep:reg=":"
             ecep:spe=":">:</pc>
      </l>
      <l xml:id="o3555-l05635">
         <c> </c>
         <w xml:id="o3555-100180"
            n="81-a-0610"
            ecep:lem="cease"
            ecep:pos="vvb"
            ecep:reg="Cease"
            ecep:spe="Cease"
            ecep:syllab="1"
            ecep:pron="siːs">Cease</w>
         <pc xml:id="o3555-100190"
             n="81-a-0620"
             ecep:lem=","
             ecep:pos=","
             ecep:reg=","
             ecep:spe=",">,</pc>
         <c> </c>
         <w xml:id="o3555-100200"
            n="81-a-0630"
            ecep:lem="cease"
            ecep:pos="vvb"
            ecep:reg="cease"
            ecep:spe="cease"
            ecep:syllab="1"
            ecep:pron="siːs">cease</w>
         <c> </c>
         <w xml:id="o3555-100210"
            n="81-a-0640"
            ecep:lem="unhappy"
            ecep:pos="j"
            ecep:reg="unhappy"
            ecep:spe="unhappy"
            ecep:syllab="3"
            ecep:pron="ʌnˈhæpi">unhappy</w>
         <c> </c>
         <w xml:id="o3555-100220"
            n="81-a-0650"
            ecep:lem="fair"
            ecep:pos="j"
            ecep:reg="fair"
            ecep:spe="fair"
            ecep:syllab="1"
            ecep:pron="feə">fair</w>
         <c> </c>
         <w xml:id="o3555-100230"
            n="81-a-0660"
            ecep:lem="to"
            ecep:pos="pc-acp"
            ecep:reg="to"
            ecep:spe="to"
            ecep:syllab="1"
            ecep:pron="tuː">to</w>
         <c> </c>
         <w xml:id="o3555-100240"
            n="81-a-0670"
            ecep:lem="grieve"
            ecep:pos="vvi"
            ecep:reg="grieve"
            ecep:spe="grieve"
            ecep:syllab="1"
            ecep:pron="griːv">grieve</w>
         <pc xml:id="o3555-100250"
             n="81-a-0680"
             ecep:lem=","
             ecep:pos=","
             ecep:reg=","
             ecep:spe=",">,</pc>
      </l>
      <l xml:id="o3555-l05640">
         <c> </c>
         <w xml:id="o3555-100260"
            n="81-a-0690"
            ecep:lem="for"
            ecep:pos="p-acp"
            ecep:reg="For"
            ecep:spe="For"
            ecep:syllab="1"
            ecep:pron="fɔː">For</w>
         <c> </c>
         <w xml:id="o3555-100270"
            n="81-a-0700"
            ecep:lem="sound"
            ecep:pos="n2"
            ecep:reg="sounds"
            ecep:spe="sounds"
            ecep:syllab="1"
            ecep:pron="saʊndz">sounds</w>
         <pc xml:id="o3555-100280"
             n="81-a-0710"
             ecep:lem=","
             ecep:pos=","
             ecep:reg=","
             ecep:spe=",">,</pc>
         <c> </c>
         <w xml:id="o3555-100290"
            n="81-a-0720"
            ecep:lem="though"
            ecep:pos="c-acp"
            ecep:reg="though"
            ecep:spe="tho'"
            ecep:syllab="1"
            ecep:pron="ðəʊ">tho'</w>
         <c> </c>
         <w xml:id="o3555-100300"
            n="81-a-0730"
            ecep:lem="sweet"
            ecep:pos="j"
            ecep:reg="sweet"
            ecep:spe="sweet"
            ecep:syllab="1"
            ecep:pron="swiːt">sweet</w>
         <pc xml:id="o3555-100310"
             n="81-a-0740"
             ecep:lem=","
             ecep:pos=","
             ecep:reg=","
             ecep:spe=",">,</pc>
         <c> </c>
         <w xml:id="o3555-100320"
            n="81-a-0750"
            ecep:lem="can"
            ecep:pos="vmb"
            ecep:reg="can"
            ecep:spe="can"
            ecep:syllab="1"
            ecep:pron="kæn">can</w>
         <c> </c>
         <w xml:id="o3555-100330"
            n="81-a-0760"
            ecep:lem="never"
            ecep:pos="av-x"
            ecep:reg="never"
            ecep:spe="ne'er"
            ecep:syllab="1"
            ecep:pron="neə">ne'er</w>
         <c> </c>
         <w xml:id="o3555-100340"
            n="81-a-0770"
            ecep:lem="relieve"
            ecep:pos="vvi"
            ecep:reg="relieve"
            ecep:spe="relieve"
            ecep:syllab="2"
            ecep:pron="rɪˈliːv">relieve</w>
      </l>
      <l xml:id="o3555-l05645">
         <c> </c>
         <w xml:id="o3555-100350"
            n="81-a-0780"
            ecep:lem="a"
            ecep:pos="dt"
            ecep:reg="A"
            ecep:spe="A"
            ecep:syllab="1"
            ecep:pron="ə">A</w>
         <c> </c>
         <w xml:id="o3555-100360"
            n="81-a-0790"
            ecep:lem="break"
            ecep:pos="j-vvg"
            ecep:reg="breaking"
            ecep:spe="breaking"
            ecep:syllab="2"
            ecep:pron="breɪkɪŋ">breaking</w>
         <c> </c>
         <w xml:id="o3555-100370"
            n="81-a-0800"
            ecep:lem="heart"
            ecep:pos="n1"
            ecep:reg="heart"
            ecep:spe="heart"
            ecep:syllab="1"
            ecep:pron="hɑːt">heart</w>
         <c> </c>
         <w xml:id="o3555-100380"
            n="81-a-0810"
            ecep:lem="by"
            ecep:pos="p-acp"
            ecep:reg="by"
            ecep:spe="by"
            ecep:syllab="1"
            ecep:pron="baɪ">by</w>
         <c> </c>
         <w xml:id="o3555-100390"
            n="81-a-0820"
            ecep:lem="love"
            ecep:pos="n1"
            ecep:reg="love"
            ecep:spe="love"
            ecep:syllab="1"
            ecep:pron="lʌv">love</w>
         <c> </c>
         <w xml:id="o3555-100400"
            n="81-a-0830"
            ecep:lem="betray"
            ecep:pos="vvn"
            ecep:reg="betrayed"
            ecep:spe="betray'd"
            ecep:syllab="2"
            ecep:pron="bɪˈtreɪd">betray'd</w>
         <pc xml:id="o3555-100410"
             n="81-a-0840"
             unit="sentence"
             ecep:lem="."
             ecep:pos="."
             ecep:reg="."
             ecep:spe=".">.</pc>
         <c> </c>
      </l>
   </lg>
   <pb facs="o3555/0082" n="70" rend="none"/>
   <lg xml:id="o3555-s00565">
      <l xml:id="o3555-l05650">
         <w xml:id="o3555-100440"
            n="82-a-0010"
            ecep:lem="why"
            ecep:pos="q-crq"
            ecep:reg="Why"
            ecep:spe="Why"
            ecep:syllab="1"
            ecep:pron="waɪ">Why</w>
         <c> </c>
         <w xml:id="o3555-100450"
            n="82-a-0020"
            ecep:lem="shall"
            ecep:pos="vmd2"
            ecep:reg="shouldst"
            ecep:spe="shouldst"
            ecep:syllab="1"
            ecep:pron="ʃʊdst">shouldst</w>
         <c> </c>
         <w xml:id="o3555-100460"
            n="82-a-0030"
            ecep:lem="thou"
            ecep:pos="pns21"
            ecep:reg="thou"
            ecep:spe="thou"
            ecep:syllab="1"
            ecep:pron="θaʊ">thou</w>
         <c> </c>
         <w xml:id="o3555-100470"
            n="82-a-0040"
            ecep:lem="waste"
            ecep:pos="vvi"
            ecep:reg="waste"
            ecep:spe="waste"
            ecep:syllab="1"
            ecep:pron="weɪst">waste</w>
         <c> </c>
         <w xml:id="o3555-100480"
            n="82-a-0050"
            ecep:lem="such"
            ecep:pos="d"
            ecep:reg="such"
            ecep:spe="such"
            ecep:syllab="1"
            ecep:pron="sʌtʃ">such</w>
         <c> </c>
         <w xml:id="o3555-100490"
            n="82-a-0060"
            ecep:lem="precious"
            ecep:pos="j"
            ecep:reg="precious"
            ecep:spe="precious"
            ecep:syllab="2"
            ecep:pron="ˈpreʃəs">precious</w>
         <c> </c>
         <w xml:id="o3555-100500"
            n="82-a-0070"
            ecep:lem="shower"
            ecep:pos="n2"
            ecep:reg="showers"
            ecep:spe="showers"
            ecep:syllab="1"
            ecep:pron="ˈʃaʊəz">showers</w>
         <pc xml:id="o3555-100510"
             n="82-a-0080"
             ecep:lem=","
             ecep:pos=","
             ecep:reg=","
             ecep:spe=",">,</pc>
      </l>
      <l xml:id="o3555-l05655">
         <c> </c>
         <w xml:id="o3555-100520"
            n="82-a-0090"
            ecep:lem="that"
            ecep:pos="cst"
            ecep:reg="That"
            ecep:spe="That"
            ecep:syllab="1"
            ecep:pron="ðæt">That</w>
         <c> </c>
         <w xml:id="o3555-100530"
            n="82-a-0100"
            ecep:lem="fall"
            ecep:pos="vvb"
            ecep:reg="fall"
            ecep:spe="fall"
            ecep:syllab="1"
            ecep:pron="fɔːl">fall</w>
         <c> </c>
         <w xml:id="o3555-100540"
            n="82-a-0110"
            ecep:lem="like"
            ecep:pos="av-j"
            ecep:reg="like"
            ecep:spe="like"
            ecep:syllab="1"
            ecep:pron="laɪk">like</w>
         <c> </c>
         <w xml:id="o3555-100550"
            n="82-a-0120"
            ecep:lem="dew"
            ecep:pos="n1"
            ecep:reg="dew"
            ecep:spe="dew"
            ecep:syllab="1"
            ecep:pron="dʒuː">dew</w>
         <c> </c>
         <w xml:id="o3555-100560"
            n="82-a-0130"
            ecep:lem="on"
            ecep:pos="p-acp"
            ecep:reg="on"
            ecep:spe="on"
            ecep:syllab="1"
            ecep:pron="ɒn">on</w>
         <c> </c>
         <w xml:id="o3555-100570"
            n="82-a-0140"
            ecep:lem="wither"
            ecep:pos="j-vvn"
            ecep:reg="withered"
            ecep:spe="wither'd"
            ecep:syllab="2"
            ecep:pron="ˈwɪðəd">wither'd</w>
         <c> </c>
         <w xml:id="o3555-100580"
            n="82-a-0150"
            ecep:lem="flower"
            ecep:pos="n2"
            ecep:reg="flowers"
            ecep:spe="flowers"
            ecep:syllab="1"
            ecep:pron="flæəz">flowers</w>
         <pc xml:id="o3555-100590"
             n="82-a-0160"
             ecep:lem=","
             ecep:pos=","
             ecep:reg=","
             ecep:spe=",">,</pc>
      </l>
      <l xml:id="o3555-l05660">
         <c> </c>
         <w xml:id="o3555-100600"
            n="82-a-0170"
            ecep:lem="but"
            ecep:pos="cc-acp"
            ecep:reg="But"
            ecep:spe="But"
            ecep:syllab="1"
            ecep:pron="bʌt">But</w>
         <c> </c>
         <w xml:id="o3555-100610"
            n="82-a-0180"
            ecep:lem="die"
            ecep:pos="j-vvg"
            ecep:reg="dying"
            ecep:spe="dying"
            ecep:syllab="2"
            ecep:pron="ˈdaɪɪŋ">dying</w>
         <c> </c>
         <w xml:id="o3555-100620"
            n="82-a-0190"
            ecep:lem="passion"
            ecep:pos="n1"
            ecep:reg="passion"
            ecep:spe="passion"
            ecep:syllab="2"
            ecep:pron="ˈpæʃn">passion</w>
         <c> </c>
         <w xml:id="o3555-100630"
            n="82-a-0200"
            ecep:lem="never"
            ecep:pos="av-x"
            ecep:reg="never"
            ecep:spe="ne'er"
            ecep:syllab="1"
            ecep:pron="neə">ne'er</w>
         <c> </c>
         <w xml:id="o3555-100640"
            n="82-a-0210"
            ecep:lem="restore"
            ecep:pos="vvn"
            ecep:reg="restored"
            ecep:spe="restor'd"
            ecep:syllab="2"
            ecep:pron="rɪˈstɔːd">restor'd</w>
         <pc xml:id="o3555-100650"
             n="82-a-0220"
             unit="sentence"
             ecep:lem="?"
             ecep:pos="?"
             ecep:reg="?"
             ecep:spe="?">?</pc>
         <c> </c>
      </l>
      <l xml:id="o3555-l05665">
         <w xml:id="o3555-100660"
            n="82-a-0230"
            ecep:lem="in"
            ecep:pos="p-acp"
            ecep:reg="In"
            ecep:spe="In"
            ecep:syllab="1"
            ecep:pron="ɪn">In</w>
         <c> </c>
         <w xml:id="o3555-100670"
            n="82-a-0240"
            ecep:lem="beauty"
            ecep:pos="ng1"
            ecep:reg="beauty's"
            ecep:spe="beauty's"
            ecep:syllab="3"
            ecep:pron="ˈbjuːtiz">beauty's</w>
         <c> </c>
         <w xml:id="o3555-100680"
            n="82-a-0250"
            ecep:lem="empire"
            ecep:pos="n1"
            ecep:reg="empire"
            ecep:spe="empire"
            ecep:syllab="1"
            ecep:pron="ˈempæə">empire</w>
         <c> </c>
         <w xml:id="o3555-100690"
            n="82-a-0260"
            ecep:lem="be"
            ecep:pos="vbz"
            ecep:reg="is"
            ecep:spe="is"
            ecep:syllab="1"
            ecep:pron="ɪz">is</w>
         <c> </c>
         <w xml:id="o3555-100700"
            n="82-a-0270"
            ecep:lem="no"
            ecep:pos="dx"
            ecep:reg="no"
            ecep:spe="no"
            ecep:syllab="1"
            ecep:pron="nəʊ">no</w>
         <c> </c>
         <w xml:id="o3555-100710"
            n="82-a-0280"
            ecep:lem="mean"
            ecep:pos="j"
            ecep:reg="mean"
            ecep:spe="mean"
            ecep:syllab="1"
            ecep:pron="miːn">mean</w>
         <pc xml:id="o3555-100720"
             n="82-a-0290"
             ecep:lem=","
             ecep:pos=","
             ecep:reg=","
             ecep:spe=",">,</pc>
      </l>
      <l xml:id="o3555-l05670">
         <c> </c>
         <w xml:id="o3555-100730"
            n="82-a-0300"
            ecep:lem="and"
            ecep:pos="cc"
            ecep:reg="And"
            ecep:spe="And"
            ecep:syllab="1"
            ecep:pron="ænd">And</w>
         <c> </c>
         <w xml:id="o3555-100740"
            n="82-a-0310"
            ecep:lem="woman"
            ecep:pos="n1"
            ecep:reg="woman"
            ecep:spe="woman"
            ecep:syllab="2"
            ecep:pron="ˈwʊmən">woman</w>
         <pc xml:id="o3555-100750"
             n="82-a-0320"
             ecep:lem=","
             ecep:pos=","
             ecep:reg=","
             ecep:spe=",">,</pc>
         <c> </c>
         <w xml:id="o3555-100760"
            n="82-a-0330"
            ecep:lem="either"
            ecep:pos="d"
            ecep:reg="either"
            ecep:spe="either"
            ecep:syllab="2"
            ecep:pron="ˈaɪðə">either</w>
         <c> </c>
         <w xml:id="o3555-100770"
            n="82-a-0340"
            ecep:lem="slave"
            ecep:pos="n1"
            ecep:reg="slave"
            ecep:spe="slave"
            ecep:syllab="1"
            ecep:pron="sleɪv">slave</w>
         <c> </c>
         <w xml:id="o3555-100780"
            n="82-a-0350"
            ecep:lem="or"
            ecep:pos="cc"
            ecep:reg="or"
            ecep:spe="or"
            ecep:syllab="1"
            ecep:pron="ɔː">or</w>
         <c> </c>
         <w xml:id="o3555-100790"
            n="82-a-0360"
            ecep:lem="queen"
            ecep:pos="n1"
            ecep:reg="queen"
            ecep:spe="queen"
            ecep:syllab="1"
            ecep:pron="kwiːn">queen</w>
         <pc xml:id="o3555-100800"
             n="82-a-0370"
             ecep:lem=","
             ecep:pos=","
             ecep:reg=","
             ecep:spe=",">,</pc>
      </l>
      <l xml:id="o3555-l05675">
         <c> </c>
         <w xml:id="o3555-100810"
            n="82-a-0380"
            ecep:lem="be"
            ecep:pos="vbz"
            ecep:reg="Is"
            ecep:spe="Is"
            ecep:syllab="1"
            ecep:pron="ɪz">Is</w>
         <c> </c>
         <w xml:id="o3555-100820"
            n="82-a-0390"
            ecep:lem="quick"
            ecep:pos="av-j"
            ecep:reg="quickly"
            ecep:spe="quickly"
            ecep:syllab="2"
            ecep:pron="kwɪkli">quickly</w>
         <c> </c>
         <w xml:id="o3555-100830"
            n="82-a-0400"
            ecep:lem="scorn"
            ecep:pos="vvn"
            ecep:reg="scorned"
            ecep:spe="scorn'd"
            ecep:syllab="1"
            ecep:pron="skɔːnd">scorn'd</w>
         <c> </c>
         <w xml:id="o3555-100840"
            n="82-a-0410"
            ecep:lem="when"
            ecep:pos="c-crq"
            ecep:reg="when"
            ecep:spe="when"
            ecep:syllab="1"
            ecep:pron="wen">when</w>
         <c> </c>
         <w xml:id="o3555-100850"
            n="82-a-0420"
            ecep:lem="not"
            ecep:pos="xx"
            ecep:reg="not"
            ecep:spe="not"
            ecep:syllab="1"
            ecep:pron="nɒt">not</w>
         <c> </c>
         <w xml:id="o3555-100860"
            n="82-a-0430"
            ecep:lem="adore"
            ecep:pos="vvn"
            ecep:reg="adored"
            ecep:spe="ador'd"
            ecep:syllab="2"
            ecep:pron="əˈdɔːd">ador'd</w>
         <pc xml:id="o3555-100870"
             n="82-a-0440"
             unit="sentence"
             ecep:lem="."
             ecep:pos="."
             ecep:reg="."
             ecep:spe=".">.</pc>
         <c> </c>
      </l>
   </lg>
   <lg xml:id="o3555-s00570">
      <l xml:id="o3555-l05680">
         <w xml:id="o3555-100900"
            n="82-a-0450"
            ecep:lem="those"
            ecep:pos="d"
            ecep:reg="Those"
            ecep:spe="Those"
            ecep:syllab="1"
            ecep:pron="ðəʊz">Those</w>
         <c> </c>
         <w xml:id="o3555-100910"
            n="82-a-0460"
            ecep:lem="liquid"
            ecep:pos="j-jn"
            ecep:reg="liquid"
            ecep:spe="liquid"
            ecep:syllab="2"
            ecep:pron="ˈlɪkwɪd">liquid</w>
         <c> </c>
         <w xml:id="o3555-100920"
            n="82-a-0470"
            ecep:lem="pearl"
            ecep:pos="n2"
            ecep:reg="pearls"
            ecep:spe="pearls"
            ecep:syllab="1"
            ecep:pron="pɜːlz">pearls</w>
         <c> </c>
         <w xml:id="o3555-100930"
            n="82-a-0480"
            ecep:lem="from"
            ecep:pos="p-acp"
            ecep:reg="from"
            ecep:spe="from"
            ecep:syllab="1"
            ecep:pron="frɒm">from</w>
         <c> </c>
         <w xml:id="o3555-100940"
            n="82-a-0490"
            ecep:lem="either"
            ecep:pos="d"
            ecep:reg="either"
            ecep:spe="either"
            ecep:syllab="2"
            ecep:pron="ˈaɪðə">either</w>
         <c> </c>
         <w xml:id="o3555-100950"
            n="82-a-0500"
            ecep:lem="eye"
            ecep:pos="n1"
            ecep:reg="eye"
            ecep:spe="eye"
            ecep:syllab="1"
            ecep:pron="aɪ">eye</w>
         <pc xml:id="o3555-100960"
             n="82-a-0510"
             ecep:lem=","
             ecep:pos=","
             ecep:reg=","
             ecep:spe=",">,</pc>
      </l>
      <l xml:id="o3555-l05685">
         <c> </c>
         <w xml:id="o3555-100970"
            n="82-a-0520"
            ecep:lem="which"
            ecep:pos="r-crq"
            ecep:reg="Which"
            ecep:spe="Which"
            ecep:syllab="1"
            ecep:pron="wɪtʃ">Which</w>
         <c> </c>
         <w xml:id="o3555-100980"
            n="82-a-0530"
            ecep:lem="may"
            ecep:pos="vmd"
            ecep:reg="might"
            ecep:spe="might"
            ecep:syllab="1"
            ecep:pron="maɪt">might</w>
         <c> </c>
         <w xml:id="o3555-100990"
            n="82-a-0540"
            ecep:lem="a"
            ecep:pos="dt"
            ecep:reg="an"
            ecep:spe="an"
            ecep:syllab="1"
            ecep:pron="æn">an</w>
         <c> </c>
         <w xml:id="o3555-101000"
            n="82-a-0550"
            ecep:lem="eastern"
            ecep:pos="j"
            ecep:reg="eastern"
            ecep:spe="eastern"
            ecep:syllab="2"
            ecep:pron="ˈiːstn">eastern</w>
         <c> </c>
         <w xml:id="o3555-101010"
            n="82-a-0560"
            ecep:lem="empire"
            ecep:pos="n1"
            ecep:reg="empire"
            ecep:spe="empire"
            ecep:syllab="1"
            ecep:pron="ˈempæə">empire</w>
         <c> </c>
         <w xml:id="o3555-101020"
            n="82-a-0570"
            ecep:lem="buy"
            ecep:pos="vvi"
            ecep:reg="buy"
            ecep:spe="buy"
            ecep:syllab="1"
            ecep:pron="baɪ">buy</w>
         <pc xml:id="o3555-101030"
             n="82-a-0580"
             ecep:lem=","
             ecep:pos=","
             ecep:reg=","
             ecep:spe=",">,</pc>
      </l>
      <l xml:id="o3555-l05690">
         <c> </c>
         <w xml:id="o3555-101040"
            n="82-a-0590"
            ecep:lem="unvalued"
            ecep:pos="j"
            ecep:reg="Unvalued"
            ecep:spe="Unvalued"
            ecep:syllab="3"
            ecep:pron="ʌnˈvæljuːd">Unvalued</w>
         <c> </c>
         <w xml:id="o3555-101050"
            n="82-a-0600"
            ecep:lem="here"
            ecep:pos="av"
            ecep:reg="here"
            ecep:spe="here"
            ecep:syllab="1"
            ecep:pron="hɪə">here</w>
         <c> </c>
         <w xml:id="o3555-101060"
            n="82-a-0610"
            ecep:lem="and"
            ecep:pos="cc"
            ecep:reg="and"
            ecep:spe="and"
            ecep:syllab="1"
            ecep:pron="ænd">and</w>
         <c> </c>
         <w xml:id="o3555-101070"
            n="82-a-0620"
            ecep:lem="fruitless"
            ecep:pos="j"
            ecep:reg="fruitless"
            ecep:spe="fruitless"
            ecep:syllab="2"
            ecep:pron="ˈfruːtləs">fruitless</w>
         <c> </c>
         <w xml:id="o3555-101080"
            n="82-a-0630"
            ecep:lem="fall"
            ecep:pos="n1"
            ecep:reg="fall"
            ecep:spe="fall"
            ecep:syllab="1"
            ecep:pron="fɔːl">fall</w>
         <pc xml:id="o3555-101090"
             n="82-a-0640"
             ecep:lem=";"
             ecep:pos=";"
             ecep:reg=";"
             ecep:spe=";">;</pc>
      </l>
      <l xml:id="o3555-l05695">
         <c> </c>
         <w xml:id="o3555-101100"
            n="82-a-0650"
            ecep:lem="no"
            ecep:pos="uh-x"
            ecep:reg="No"
            ecep:spe="No"
            ecep:syllab="1"
            ecep:pron="nəʊ">No</w>
         <c> </c>
         <w xml:id="o3555-101110"
            n="82-a-0660"
            ecep:lem="art"
            ecep:pos="n1"
            ecep:reg="art"
            ecep:spe="art"
            ecep:syllab="1"
            ecep:pron="ɑːt">art</w>
         <c> </c>
         <w xml:id="o3555-101120"
            n="82-a-0670"
            ecep:lem="the"
            ecep:pos="dt"
            ecep:reg="the"
            ecep:spe="the"
            ecep:syllab="1"
            ecep:pron="ðiː">the</w>
         <c> </c>
         <w xml:id="o3555-101130"
            n="82-a-0680"
            ecep:lem="season"
            ecep:pos="n1"
            ecep:reg="season"
            ecep:spe="season"
            ecep:syllab="2"
            ecep:pron="ˈsiːzn">season</w>
         <c> </c>
         <w xml:id="o3555-101140"
            n="82-a-0690"
            ecep:lem="can"
            ecep:pos="vmb"
            ecep:reg="can"
            ecep:spe="can"
            ecep:syllab="1"
            ecep:pron="kæn">can</w>
         <c> </c>
         <w xml:id="o3555-101150"
            n="82-a-0700"
            ecep:lem="renew"
            ecep:pos="vvi"
            ecep:reg="renew"
            ecep:spe="renew"
            ecep:syllab="2"
            ecep:pron="rɪˈnjuː">renew</w>
      </l>
      <l xml:id="o3555-l05700">
         <c> </c>
         <w xml:id="o3555-101160"
            n="82-a-0710"
            ecep:lem="when"
            ecep:pos="c-crq"
            ecep:reg="When"
            ecep:spe="When"
            ecep:syllab="1"
            ecep:pron="wen">When</w>
         <c> </c>
         <w xml:id="o3555-101170"
            n="82-a-0720"
            ecep:lem="love"
            ecep:pos="n1"
            ecep:reg="love"
            ecep:spe="love"
            ecep:syllab="1"
            ecep:pron="lʌv">love</w>
         <c> </c>
         <w xml:id="o3555-101180"
            n="82-a-0730"
            ecep:lem="be"
            ecep:pos="vbds"
            ecep:reg="was"
            ecep:spe="was"
            ecep:syllab="1"
            ecep:pron="wɒz">was</w>
         <c> </c>
         <w xml:id="o3555-101190"
            n="82-a-0740"
            ecep:lem="young"
            ecep:pos="j"
            ecep:reg="young"
            ecep:spe="young"
            ecep:syllab="1"
            ecep:pron="jʌŋ">young</w>
         <pc xml:id="o3555-101200"
             n="82-a-0750"
             ecep:lem=","
             ecep:pos=","
             ecep:reg=","
             ecep:spe=",">,</pc>
         <c> </c>
         <w xml:id="o3555-101210"
            n="82-a-0760"
            ecep:lem="and"
            ecep:pos="cc"
            ecep:reg="and"
            ecep:spe="and"
            ecep:syllab="1"
            ecep:pron="ænd">and</w>
         <c> </c>
         <w xml:id="o3555-101220"
            n="82-a-0770"
            ecep:lem="Damon"
            ecep:pos="np1"
            ecep:reg="DAMON"
            ecep:spe="DAMON"
            ecep:syllab="2"
            ecep:pron="ˈdeɪmən">DAMON</w>
         <c> </c>
         <w xml:id="o3555-101230"
            n="82-a-0780"
            ecep:lem="true"
            ecep:pos="j"
            ecep:reg="true"
            ecep:spe="true"
            ecep:syllab="1"
            ecep:pron="truː">true</w>
         <pc xml:id="o3555-101240"
             n="82-a-0790"
             ecep:lem=";"
             ecep:pos=";"
             ecep:reg=";"
             ecep:spe=";">;</pc>
      </l>
      <l xml:id="o3555-l05705">
         <c> </c>
         <w xml:id="o3555-101250"
            n="82-a-0800"
            ecep:lem="no"
            ecep:pos="dx"
            ecep:reg="No"
            ecep:spe="No"
            ecep:syllab="1"
            ecep:pron="nəʊ">No</w>
         <c> </c>
         <w xml:id="o3555-101260"
            n="82-a-0810"
            ecep:lem="tear"
            ecep:pos="n2"
            ecep:reg="tears"
            ecep:spe="tears"
            ecep:syllab="1"
            ecep:pron="tɪəz">tears</w>
         <c> </c>
         <w xml:id="o3555-101270"
            n="82-a-0820"
            ecep:lem="a"
            ecep:pos="dt"
            ecep:reg="a"
            ecep:spe="a"
            ecep:syllab="1"
            ecep:pron="ə">a</w>
         <c> </c>
         <w xml:id="o3555-101280"
            n="82-a-0830"
            ecep:lem="wander"
            ecep:pos="j-vvg"
            ecep:reg="wandering"
            ecep:spe="wandering"
            ecep:syllab="3"
            ecep:pron="ˈwɒndrɪŋ">wandering</w>
         <c> </c>
         <w xml:id="o3555-101290"
            n="82-a-0840"
            ecep:lem="heart"
            ecep:pos="n1"
            ecep:reg="heart"
            ecep:spe="heart"
            ecep:syllab="1"
            ecep:pron="hɑːt">heart</w>
         <c> </c>
         <w xml:id="o3555-101300"
            n="82-a-0850"
            ecep:lem="recall"
            ecep:pos="vvi"
            ecep:reg="recall"
            ecep:spe="recall"
            ecep:syllab="2"
            ecep:pron="rɪˈkɔːl">recall</w>
         <pc xml:id="o3555-101310"
             n="82-a-0860"
             unit="sentence"
             ecep:lem="."
             ecep:pos="."
             ecep:reg="."
             ecep:spe=".">.</pc>
         <c> </c>
      </l>
   </lg>
   <lg xml:id="o3555-s00575">
      <l xml:id="o3555-l05710">
         <w xml:id="o3555-101340"
            n="82-a-0870"
            ecep:lem="cease"
            ecep:pos="vvb"
            ecep:reg="Cease"
            ecep:spe="Cease"
            ecep:syllab="1"
            ecep:pron="siːs">Cease</w>
         <pc xml:id="o3555-101350"
             n="82-a-0880"
             ecep:lem=","
             ecep:pos=","
             ecep:reg=","
             ecep:spe=",">,</pc>
         <c> </c>
         <w xml:id="o3555-101360"
            n="82-a-0890"
            ecep:lem="cease"
            ecep:pos="vvb"
            ecep:reg="cease"
            ecep:spe="cease"
            ecep:syllab="1"
            ecep:pron="siːs">cease</w>
         <c> </c>
         <w xml:id="o3555-101370"
            n="82-a-0900"
            ecep:lem="to"
            ecep:pos="pc-acp"
            ecep:reg="to"
            ecep:spe="to"
            ecep:syllab="1"
            ecep:pron="tuː">to</w>
         <c> </c>
         <w xml:id="o3555-101380"
            n="82-a-0910"
            ecep:lem="grieve"
            ecep:pos="vvi"
            ecep:reg="grieve"
            ecep:spe="grieve"
            ecep:syllab="1"
            ecep:pron="griːv">grieve</w>
         <pc xml:id="o3555-101390"
             n="82-a-0920"
             ecep:lem=","
             ecep:pos=","
             ecep:reg=","
             ecep:spe=",">,</pc>
         <c> </c>
         <w xml:id="o3555-101400"
            n="82-a-0930"
            ecep:lem="thy"
            ecep:pos="po21"
            ecep:reg="thy"
            ecep:spe="thy"
            ecep:syllab="1"
            ecep:pron="ðaɪ">thy</w>
         <c> </c>
         <w xml:id="o3555-101410"
            n="82-a-0940"
            ecep:lem="tear"
            ecep:pos="n2"
            ecep:reg="tears"
            ecep:spe="tears"
            ecep:syllab="1"
            ecep:pron="tɪəz">tears</w>
         <c> </c>
         <w xml:id="o3555-101420"
            n="82-a-0950"
            ecep:lem="be"
            ecep:pos="vbr"
            ecep:reg="are"
            ecep:spe="are"
            ecep:syllab="1"
            ecep:pron="ɑː">are</w>
         <c> </c>
         <w xml:id="o3555-101430"
            n="82-a-0960"
            ecep:lem="vain"
            ecep:pos="j"
            ecep:reg="vain"
            ecep:spe="vain"
            ecep:syllab="1"
            ecep:pron="veɪn">vain</w>
         <pc xml:id="o3555-101440"
             n="82-a-0970"
             ecep:lem=","
             ecep:pos=","
             ecep:reg=","
             ecep:spe=",">,</pc>
      </l>
      <l xml:id="o3555-l05715">
         <c> </c>
         <w xml:id="o3555-101450"
            n="82-a-0980"
            ecep:lem="shall"
            ecep:pos="vmd"
            ecep:reg="Should"
            ecep:spe="Should"
            ecep:syllab="1"
            ecep:pron="ʃʊd">Should</w>
         <c> </c>
         <w xml:id="o3555-101460"
            n="82-a-0990"
            ecep:lem="those"
            ecep:pos="d"
            ecep:reg="those"
            ecep:spe="those"
            ecep:syllab="1"
            ecep:pron="ðəʊz">those</w>
         <c> </c>
         <w xml:id="o3555-101470"
            n="82-a-1000"
            ecep:lem="fair"
            ecep:pos="j"
            ecep:reg="fair"
            ecep:spe="fair"
            ecep:syllab="1"
            ecep:pron="feə">fair</w>
         <c> </c>
         <w xml:id="o3555-101480"
            n="82-a-1010"
            ecep:lem="orb"
            ecep:pos="n2"
            ecep:reg="orbs"
            ecep:spe="orbs"
            ecep:syllab="1"
            ecep:pron="ɔːbz">orbs</w>
         <c> </c>
         <w xml:id="o3555-101490"
            n="82-a-1020"
            ecep:lem="in"
            ecep:pos="p-acp"
            ecep:reg="in"
            ecep:spe="in"
            ecep:syllab="1"
            ecep:pron="ɪn">in</w>
         <c> </c>
         <w xml:id="o3555-101500"
            n="82-a-1030"
            ecep:lem="drop"
            ecep:pos="n2"
            ecep:reg="drops"
            ecep:spe="drops"
            ecep:syllab="1"
            ecep:pron="drɒps">drops</w>
         <c> </c>
         <w xml:id="o3555-101510"
            n="82-a-1040"
            ecep:lem="of"
            ecep:pos="pp-f"
            ecep:reg="of"
            ecep:spe="of"
            ecep:syllab="1"
            ecep:pron="ɒv">of</w>
         <c> </c>
         <w xml:id="o3555-101520"
            n="82-a-1050"
            ecep:lem="rain"
            ecep:pos="n1"
            ecep:reg="rain"
            ecep:spe="rain"
            ecep:syllab="1"
            ecep:pron="reɪn">rain</w>
      </l>
      <l xml:id="o3555-l05720">
         <c> </c>
         <w xml:id="o3555-101530"
            n="82-a-1060"
            ecep:lem="vie"
            ecep:pos="vvi"
            ecep:reg="Vie"
            ecep:spe="Vie"
            ecep:syllab="1"
            ecep:pron="vaɪ">Vie</w>
         <c> </c>
         <w xml:id="o3555-101540"
            n="82-a-1070"
            ecep:lem="with"
            ecep:pos="p-acp"
            ecep:reg="with"
            ecep:spe="with"
            ecep:syllab="1"
            ecep:pron="wɪð">with</w>
         <c> </c>
         <w xml:id="o3555-101550"
            n="82-a-1080"
            ecep:lem="a"
            ecep:pos="dt"
            ecep:reg="a"
            ecep:spe="a"
            ecep:syllab="1"
            ecep:pron="ə">a</w>
         <c> </c>
         <w xml:id="o3555-101560"
            n="82-a-1090"
            ecep:lem="weep"
            ecep:pos="j-vvg"
            ecep:reg="weeping"
            ecep:spe="weeping"
            ecep:syllab="2"
            ecep:pron="wiːpɪŋ">weeping</w>
         <c> </c>
         <w xml:id="o3555-101570"
            n="82-a-1100"
            ecep:lem="southern"
            ecep:pos="j"
            ecep:reg="southern"
            ecep:spe="southern"
            ecep:syllab="2"
            ecep:pron="ˈsʌðən">southern</w>
         <c> </c>
         <w xml:id="o3555-101580"
            n="82-a-1110"
            ecep:lem="sky"
            ecep:pos="n1"
            ecep:reg="sky"
            ecep:spe="sky"
            ecep:syllab="1"
            ecep:pron="skaɪ">sky</w>
         <pc xml:id="o3555-101590"
             n="82-a-1120"
             ecep:lem=":"
             ecep:pos=":"
             ecep:reg=":"
             ecep:spe=":">:</pc>
      </l>
      <pb facs="o3555/0083" n="71" rend="none"/>
      <l xml:id="o3555-l05725">
         <c> </c>
         <w xml:id="o3555-101600"
            n="83-a-0010"
            ecep:lem="for"
            ecep:pos="c-acp"
            ecep:reg="For"
            ecep:spe="For"
            ecep:syllab="1"
            ecep:pron="fɔː">For</w>
         <c> </c>
         <w xml:id="o3555-101610"
            n="83-a-0020"
            ecep:lem="heart"
            ecep:pos="n2"
            ecep:reg="hearts"
            ecep:spe="hearts"
            ecep:syllab="1"
            ecep:pron="hɑːts">hearts</w>
         <c> </c>
         <w xml:id="o3555-101620"
            n="83-a-0030"
            ecep:lem="overcome"
            ecep:pos="vvb"
            ecep:reg="overcome"
            ecep:spe="o'ercome"
            ecep:syllab="2"
            ecep:pron="ˌəʊəˈkʌm">o'ercome</w>
         <c> </c>
         <w xml:id="o3555-101630"
            n="83-a-0040"
            ecep:lem="with"
            ecep:pos="p-acp"
            ecep:reg="with"
            ecep:spe="with"
            ecep:syllab="1"
            ecep:pron="wɪð">with</w>
         <c> </c>
         <w xml:id="o3555-101640"
            n="83-a-0050"
            ecep:lem="love"
            ecep:pos="n1"
            ecep:reg="love"
            ecep:spe="love"
            ecep:syllab="1"
            ecep:pron="lʌv">love</w>
         <c> </c>
         <w xml:id="o3555-101650"
            n="83-a-0060"
            ecep:lem="and"
            ecep:pos="cc"
            ecep:reg="and"
            ecep:spe="and"
            ecep:syllab="1"
            ecep:pron="ænd">and</w>
         <c> </c>
         <w xml:id="o3555-101660"
            n="83-a-0070"
            ecep:lem="grief"
            ecep:pos="n1"
            ecep:reg="grief"
            ecep:spe="grief"
            ecep:syllab="1"
            ecep:pron="griːf">grief</w>
      </l>
      <l xml:id="o3555-l05730">
         <c> </c>
         <w xml:id="o3555-101670"
            n="83-a-0080"
            ecep:lem="all"
            ecep:pos="d"
            ecep:reg="All"
            ecep:spe="All"
            ecep:syllab="1"
            ecep:pron="ɔːl">All</w>
         <c> </c>
         <w xml:id="o3555-101680"
            n="83-a-0090"
            ecep:lem="nature"
            ecep:pos="n1"
            ecep:reg="nature"
            ecep:spe="nature"
            ecep:syllab="2"
            ecep:pron="ˈneɪtʃə">nature</w>
         <c> </c>
         <w xml:id="o3555-101690"
            n="83-a-0100"
            ecep:lem="yield"
            ecep:pos="vvz"
            ecep:reg="yields"
            ecep:spe="yields"
            ecep:syllab="1"
            ecep:pron="jiːldz">yields</w>
         <c> </c>
         <w xml:id="o3555-101700"
            n="83-a-0110"
            ecep:lem="but"
            ecep:pos="p-acp"
            ecep:reg="but"
            ecep:spe="but"
            ecep:syllab="1"
            ecep:pron="bʌt">but</w>
         <c> </c>
         <w xml:id="o3555-101710"
            n="83-a-0120"
            ecep:lem="one"
            ecep:pos="crd"
            ecep:reg="one"
            ecep:spe="one"
            ecep:syllab="1"
            ecep:pron="wʌn">one</w>
         <c> </c>
         <w xml:id="o3555-101720"
            n="83-a-0130"
            ecep:lem="relief"
            ecep:pos="n1"
            ecep:reg="relief"
            ecep:spe="relief"
            ecep:syllab="2"
            ecep:pron="rɪˈliːf">relief</w>
         <pc xml:id="o3555-101730"
             n="83-a-0140"
             ecep:lem=";"
             ecep:pos=";"
             ecep:reg=";"
             ecep:spe=";">;</pc>
      </l>
      <l xml:id="o3555-l05735">
         <c> </c>
         <w xml:id="o3555-101740"
            n="83-a-0150"
            ecep:lem="die"
            ecep:pos="vvb"
            ecep:reg="Die"
            ecep:spe="Die"
            ecep:syllab="1"
            ecep:pron="daɪ">Die</w>
         <pc xml:id="o3555-101750"
             n="83-a-0160"
             ecep:lem=","
             ecep:pos=","
             ecep:reg=","
             ecep:spe=",">,</pc>
         <c> </c>
         <w xml:id="o3555-101760"
            n="83-a-0170"
            ecep:lem="hapless"
            ecep:pos="j"
            ecep:reg="hapless"
            ecep:spe="hapless"
            ecep:syllab="2"
            ecep:pron="ˈhæpləs">hapless</w>
         <c> </c>
         <w xml:id="o3555-101770"
            n="83-a-0180"
            ecep:lem="Araminta"
            ecep:pos="np1"
            ecep:reg="ARAMINTA"
            ecep:spe="ARAMINTA"
            ecep:syllab="4"
            ecep:pron="ˈærʌmˌɪntə">ARAMINTA</w>
         <pc xml:id="o3555-101780"
             n="83-a-0190"
             ecep:lem=","
             ecep:pos=","
             ecep:reg=","
             ecep:spe=",">,</pc>
         <c> </c>
         <w xml:id="o3555-101790"
            n="83-a-0200"
            ecep:lem="die"
            ecep:pos="vvb"
            ecep:reg="die"
            ecep:spe="die"
            ecep:syllab="1"
            ecep:pron="daɪ">die</w>
         <pc xml:id="o3555-101800"
             n="83-a-0210"
             unit="sentence"
             ecep:lem="."
             ecep:pos="."
             ecep:reg="."
             ecep:spe=".">.</pc>
         <c> </c>
      </l>
   </lg>
</div>
