<?xml version="1.0" encoding="utf-8"?>
<!DOCTYPE div
  SYSTEM "about:legacy-compat">
<div xmlns:ecep="http://www.eighteenthcenturypoetry.org/ns"
     xmlns="http://www.tei-c.org/ns/1.0"
     xmlns:tei="http://www.tei-c.org/ns/1.0"
     ana="#iamb #pentameter #couplet #heroiccouplet #pair #fable #imitation"
     corresp="#txt_FincAn1661_w0007"
     decls="#semi-normalized"
     ecep:syllab="10"
     met="-+|-+|-+|-+|-+/"
     rendition="#lgvspace"
     rhyme="aa"
     subtype="eceptext"
     type="poem"
     xml:id="o4784-w0070">
   <link target="authors.xml#aut_FincAn1661" type="author"/>
   <link target="23849" type="DMI"/>
   <head type="main">
      <w xml:id="o4784-055770"
         n="40-a-0010"
         ecep:lem="there|be"
         ecep:pos="pc-acp|vbz"
         ecep:reg="There's"
         ecep:spe="There's"
         ecep:syllab="1"
         ecep:pron="ðeəz">There's</w>
      <c> </c>
      <w xml:id="o4784-055780"
         n="40-a-0020"
         ecep:lem="no"
         ecep:pos="dx"
         ecep:reg="No"
         ecep:spe="No"
         ecep:syllab="1"
         ecep:pron="nəʊ">No</w>
      <c> </c>
      <w xml:id="o4784-055790"
         n="40-a-0030"
         ecep:lem="to-morrow"
         ecep:pos="n1"
         ecep:reg="To-Morrow"
         ecep:spe="To-Morrow"
         ecep:syllab="3"
         ecep:pron="təˈmɒrəʊ">To-Morrow</w>
      <pc xml:id="o4784-055800"
          n="40-a-0040"
          ecep:lem=","
          ecep:pos=","
          ecep:reg=","
          ecep:spe=",">,</pc>
   </head>
   <head type="sub">
      <w xml:id="o4784-055830"
         n="40-a-0050"
         ecep:lem="a"
         ecep:pos="dt"
         ecep:reg="A"
         ecep:spe="A"
         ecep:syllab="1"
         ecep:pron="ə">A</w>
      <c> </c>
      <hi>
         <w xml:id="o4784-055840"
            n="40-a-0060"
            ecep:lem="fable"
            ecep:pos="n1"
            ecep:reg="FABLE"
            ecep:spe="FABLE"
            ecep:syllab="2"
            ecep:pron="ˈfeɪbl">FABLE</w>
      </hi>
      <c> </c>
      <w xml:id="o4784-055850"
         n="40-a-0070"
         ecep:lem="imitate"
         ecep:pos="vvn"
         ecep:reg="imitated"
         ecep:spe="imitated"
         ecep:syllab="4"
         ecep:pron="ˈɪmɪteɪtɪd">imitated</w>
      <c> </c>
      <w xml:id="o4784-055860"
         n="40-a-0080"
         ecep:lem="from"
         ecep:pos="p-acp"
         ecep:reg="from"
         ecep:spe="from"
         ecep:syllab="1"
         ecep:pron="frɒm">from</w>
      <c> </c>
      <w xml:id="o4784-055870"
         n="40-a-0090"
         ecep:lem="sir"
         ecep:pos="n1"
         ecep:reg="Sir"
         ecep:spe="Sir"
         ecep:syllab="1"
         ecep:pron="sɜː">Sir</w>
      <c> </c>
      <hi>
         <w xml:id="o4784-055880"
            n="40-a-0100"
            ecep:lem="Roger"
            ecep:pos="np1"
            ecep:reg="Roger"
            ecep:spe="Roger"
            ecep:syllab="2"
            ecep:pron="ˈrɒdʒə">Roger</w>
         <c> </c>
         <w xml:id="o4784-055890"
            n="40-a-0110"
            ecep:lem="l'estrange"
            ecep:pos="fw-fr"
            ecep:reg="L'Estrange"
            ecep:spe="L'Estrange"
            ecep:syllab="2"
            ecep:pron="ˈelˈestreɪndʒ">L'Estrange</w>
         <pc xml:id="o4784-055900"
             n="40-a-0120"
             unit="sentence"
             ecep:lem="."
             ecep:pos="."
             ecep:reg="."
             ecep:spe=".">.</pc>
         <c> </c>
      </hi>
   </head>
   <lg xml:id="o4784-s00115">
      <l xml:id="o4784-l02645">
         <w xml:id="o4784-055930"
            n="40-a-0130"
            ecep:lem="two"
            ecep:pos="crd"
            ecep:reg="TWO"
            ecep:spe="TWO"
            ecep:syllab="1"
            ecep:pron="tuː">TWO</w>
         <c> </c>
         <w xml:id="o4784-055940"
            n="40-a-0140"
            ecep:lem="long"
            ecep:pos="j"
            ecep:reg="long"
            ecep:spe="long"
            ecep:syllab="1"
            ecep:pron="lɒŋ">long</w>
         <c> </c>
         <w xml:id="o4784-055950"
            n="40-a-0150"
            ecep:lem="have"
            ecep:pos="vhd"
            ecep:reg="had"
            ecep:spe="had"
            ecep:syllab="1"
            ecep:pron="hæd">had</w>
         <c> </c>
         <w xml:id="o4784-055960"
            n="40-a-0160"
            ecep:lem="love"
            ecep:pos="vvn"
            ecep:reg="Loved"
            ecep:spe="Lov'd"
            ecep:syllab="1"
            ecep:pron="ˈlʌvd">Lov'd</w>
         <pc xml:id="o4784-055970"
             n="40-a-0170"
             ecep:lem=","
             ecep:pos=","
             ecep:reg=","
             ecep:spe=",">,</pc>
         <c> </c>
         <w xml:id="o4784-055980"
            n="40-a-0180"
            ecep:lem="and"
            ecep:pos="cc"
            ecep:reg="and"
            ecep:spe="and"
            ecep:syllab="1"
            ecep:pron="ænd">and</w>
         <c> </c>
         <w xml:id="o4784-055990"
            n="40-a-0190"
            ecep:lem="now"
            ecep:pos="av"
            ecep:reg="now"
            ecep:spe="now"
            ecep:syllab="1"
            ecep:pron="naʊ">now</w>
         <c> </c>
         <w xml:id="o4784-056000"
            n="40-a-0200"
            ecep:lem="the"
            ecep:pos="dt"
            ecep:reg="the"
            ecep:spe="the"
            ecep:syllab="1"
            ecep:pron="ðiː">the</w>
         <c> </c>
         <w xml:id="o4784-056010"
            n="40-a-0210"
            ecep:lem="nymph"
            ecep:pos="n1"
            ecep:reg="Nymph"
            ecep:spe="Nymph"
            ecep:syllab="1"
            ecep:pron="nɪmf">Nymph</w>
         <c> </c>
         <w xml:id="o4784-056020"
            n="40-a-0220"
            ecep:lem="desire"
            ecep:pos="vvd"
            ecep:reg="desired"
            ecep:spe="desir'd"
            ecep:syllab="2"
            ecep:pron="dɪˈzæəd">desir'd</w>
         <pc xml:id="o4784-056030"
             n="40-a-0230"
             ecep:lem=","
             ecep:pos=","
             ecep:reg=","
             ecep:spe=",">,</pc>
      </l>
      <l xml:id="o4784-l02650">
         <c> </c>
         <w xml:id="o4784-056040"
            n="40-a-0240"
            ecep:lem="the"
            ecep:pos="dt"
            ecep:reg="The"
            ecep:spe="The"
            ecep:syllab="1"
            ecep:pron="ðiː">The</w>
         <c> </c>
         <w xml:id="o4784-056050"
            n="40-a-0250"
            ecep:lem="cloak"
            ecep:pos="n1"
            ecep:reg="Cloak"
            ecep:spe="Cloak"
            ecep:syllab="1"
            ecep:pron="kləʊk">Cloak</w>
         <c> </c>
         <w xml:id="o4784-056060"
            n="40-a-0260"
            ecep:lem="of"
            ecep:pos="pp-f"
            ecep:reg="of"
            ecep:spe="of"
            ecep:syllab="1"
            ecep:pron="ɒv">of</w>
         <c> </c>
         <w xml:id="o4784-056070"
            n="40-a-0270"
            ecep:lem="wedlock"
            ecep:pos="n1"
            ecep:reg="Wedlock"
            ecep:spe="Wedlock"
            ecep:syllab="2"
            ecep:pron="ˈwedlɒk">Wedlock</w>
         <pc xml:id="o4784-056080"
             n="40-a-0280"
             ecep:lem=","
             ecep:pos=","
             ecep:reg=","
             ecep:spe=",">,</pc>
         <c> </c>
         <w xml:id="o4784-056090"
            n="40-a-0290"
            ecep:lem="as"
            ecep:pos="c-acp"
            ecep:reg="as"
            ecep:spe="as"
            ecep:syllab="1"
            ecep:pron="æz">as</w>
         <c> </c>
         <w xml:id="o4784-056100"
            n="40-a-0300"
            ecep:lem="the"
            ecep:pos="dt"
            ecep:reg="the"
            ecep:spe="the"
            ecep:syllab="1"
            ecep:pron="ðiː">the</w>
         <c> </c>
         <w xml:id="o4784-056110"
            n="40-a-0310"
            ecep:lem="case"
            ecep:pos="n1"
            ecep:reg="Case"
            ecep:spe="Case"
            ecep:syllab="1"
            ecep:pron="keɪs">Case</w>
         <c> </c>
         <w xml:id="o4784-056120"
            n="40-a-0320"
            ecep:lem="require"
            ecep:pos="vvd"
            ecep:reg="required"
            ecep:spe="requir'd"
            ecep:syllab="2"
            ecep:pron="rɪˈkwæəd">requir'd</w>
         <pc xml:id="o4784-056130"
             n="40-a-0330"
             ecep:lem=";"
             ecep:pos=";"
             ecep:reg=";"
             ecep:spe=";">;</pc>
      </l>
      <l xml:id="o4784-l02655">
         <c> </c>
         <w xml:id="o4784-056140"
            n="40-a-0340"
            ecep:lem="urge"
            ecep:pos="vvn"
            ecep:reg="Urged"
            ecep:spe="Urg'd"
            ecep:syllab="1"
            ecep:pron="ɜːdʒd">Urg'd</w>
         <c> </c>
         <w xml:id="o4784-056150"
            n="40-a-0350"
            ecep:lem="that"
            ecep:pos="cst"
            ecep:reg="that"
            ecep:spe="that"
            ecep:syllab="1"
            ecep:pron="ðæt">that</w>
         <pc xml:id="o4784-056160"
             n="40-a-0360"
             ecep:lem=","
             ecep:pos=","
             ecep:reg=","
             ecep:spe=",">,</pc>
         <c> </c>
         <w xml:id="o4784-056170"
            n="40-a-0370"
            ecep:lem="the"
            ecep:pos="dt"
            ecep:reg="the"
            ecep:spe="the"
            ecep:syllab="1"
            ecep:pron="ðiː">the</w>
         <c> </c>
         <w xml:id="o4784-056180"
            n="40-a-0380"
            ecep:lem="day"
            ecep:pos="n1"
            ecep:reg="Day"
            ecep:spe="Day"
            ecep:syllab="1"
            ecep:pron="deɪ">Day</w>
         <c> </c>
         <w xml:id="o4784-056190"
            n="40-a-0390"
            ecep:lem="he"
            ecep:pos="pns31"
            ecep:reg="he"
            ecep:spe="he"
            ecep:syllab="1"
            ecep:pron="hiː">he</w>
         <c> </c>
         <w xml:id="o4784-056200"
            n="40-a-0400"
            ecep:lem="wrought"
            ecep:pos="vvd"
            ecep:reg="wrought"
            ecep:spe="wrought"
            ecep:syllab="1"
            ecep:pron="rɔːt">wrought</w>
         <c> </c>
         <w xml:id="o4784-056210"
            n="40-a-0410"
            ecep:lem="she"
            ecep:pos="pno31"
            ecep:reg="her"
            ecep:spe="her"
            ecep:syllab="1"
            ecep:pron="hɜː">her</w>
         <c> </c>
         <w xml:id="o4784-056220"
            n="40-a-0420"
            ecep:lem="to"
            ecep:pos="p-acp"
            ecep:reg="to"
            ecep:spe="to"
            ecep:syllab="1"
            ecep:pron="tuː">to</w>
         <c> </c>
         <w xml:id="o4784-056230"
            n="40-a-0430"
            ecep:lem="this"
            ecep:pos="d"
            ecep:reg="this"
            ecep:spe="this"
            ecep:syllab="1"
            ecep:pron="ðɪs">this</w>
         <c> </c>
         <w xml:id="o4784-056240"
            n="40-a-0440"
            ecep:lem="sorrow"
            ecep:pos="n1"
            ecep:reg="Sorrow"
            ecep:spe="Sorrow"
            ecep:syllab="2"
            ecep:pron="ˈsɒrəʊ">Sorrow</w>
         <pc xml:id="o4784-056250"
             n="40-a-0450"
             ecep:lem=","
             ecep:pos=","
             ecep:reg=","
             ecep:spe=",">,</pc>
      </l>
      <l xml:id="o4784-l02660">
         <c> </c>
         <w xml:id="o4784-056260"
            n="40-a-0460"
            ecep:lem="he"
            ecep:pos="pns31"
            ecep:reg="He"
            ecep:spe="He"
            ecep:syllab="1"
            ecep:pron="hiː">He</w>
         <c> </c>
         <w xml:id="o4784-056270"
            n="40-a-0470"
            ecep:lem="vow"
            ecep:pos="vvd"
            ecep:reg="Vowed"
            ecep:spe="Vow'd"
            ecep:syllab="1"
            ecep:pron="vaʊd">Vow'd</w>
         <pc xml:id="o4784-056280"
             n="40-a-0480"
             ecep:lem=","
             ecep:pos=","
             ecep:reg=","
             ecep:spe=",">,</pc>
         <c> </c>
         <w xml:id="o4784-056290"
            n="40-a-0490"
            ecep:lem="that"
            ecep:pos="cst"
            ecep:reg="that"
            ecep:spe="that"
            ecep:syllab="1"
            ecep:pron="ðæt">that</w>
         <c> </c>
         <w xml:id="o4784-056300"
            n="40-a-0500"
            ecep:lem="he"
            ecep:pos="pns31"
            ecep:reg="he"
            ecep:spe="he"
            ecep:syllab="1"
            ecep:pron="hiː">he</w>
         <c> </c>
         <w xml:id="o4784-056310"
            n="40-a-0510"
            ecep:lem="will"
            ecep:pos="vmd"
            ecep:reg="would"
            ecep:spe="wou'd"
            ecep:syllab="1"
            ecep:pron="wʊd">wou'd</w>
         <c> </c>
         <w xml:id="o4784-056320"
            n="40-a-0520"
            ecep:lem="marry"
            ecep:pos="vvi"
            ecep:reg="marry"
            ecep:spe="marry"
            ecep:syllab="2"
            ecep:pron="ˈmæri">marry</w>
         <c> </c>
         <w xml:id="o4784-056330"
            n="40-a-0530"
            ecep:lem="her"
            ecep:pos="po31"
            ecep:reg="her"
            ecep:spe="her"
            ecep:syllab="1"
            ecep:pron="hɜː">her</w>
         <c> </c>
         <hi>
            <w xml:id="o4784-056340"
               n="40-a-0540"
               ecep:lem="to-morrow"
               ecep:pos="n1"
               ecep:reg="To-Morrow"
               ecep:spe="To-Morrow"
               ecep:syllab="3"
               ecep:pron="təˈmɒrəʊ">To-Morrow</w>
            <pc xml:id="o4784-056350"
                n="40-a-0550"
                unit="sentence"
                ecep:lem="."
                ecep:pos="."
                ecep:reg="."
                ecep:spe=".">.</pc>
            <c> </c>
         </hi>
      </l>
      <l xml:id="o4784-l02665">
         <w xml:id="o4784-056360"
            n="40-a-0560"
            ecep:lem="again"
            ecep:pos="av"
            ecep:reg="Again"
            ecep:spe="Agen"
            ecep:syllab="2"
            ecep:pron="ˈeɪdʒən">Agen</w>
         <c> </c>
         <w xml:id="o4784-056370"
            n="40-a-0570"
            ecep:lem="he"
            ecep:pos="pns31"
            ecep:reg="he"
            ecep:spe="he"
            ecep:syllab="1"
            ecep:pron="hiː">he</w>
         <c> </c>
         <w xml:id="o4784-056380"
            n="40-a-0580"
            ecep:lem="swear"
            ecep:pos="vvz"
            ecep:reg="Swears"
            ecep:spe="Swears"
            ecep:syllab="1"
            ecep:pron="sweəz">Swears</w>
         <pc xml:id="o4784-056390"
             n="40-a-0590"
             ecep:lem=","
             ecep:pos=","
             ecep:reg=","
             ecep:spe=",">,</pc>
         <c> </c>
         <w xml:id="o4784-056400"
            n="40-a-0600"
            ecep:lem="to"
            ecep:pos="pc-acp"
            ecep:reg="to"
            ecep:spe="to"
            ecep:syllab="1"
            ecep:pron="tuː">to</w>
         <c> </c>
         <w xml:id="o4784-056410"
            n="40-a-0610"
            ecep:lem="shun"
            ecep:pos="vvi"
            ecep:reg="shun"
            ecep:spe="shun"
            ecep:syllab="1"
            ecep:pron="ʃʌn">shun</w>
         <c> </c>
         <w xml:id="o4784-056420"
            n="40-a-0620"
            ecep:lem="the"
            ecep:pos="dt"
            ecep:reg="the"
            ecep:spe="the"
            ecep:syllab="1"
            ecep:pron="ðiː">the</w>
         <c> </c>
         <w xml:id="o4784-056430"
            n="40-a-0630"
            ecep:lem="present"
            ecep:pos="j"
            ecep:reg="present"
            ecep:spe="present"
            ecep:syllab="2"
            ecep:pron="ˈpreznt">present</w>
         <c> </c>
         <w xml:id="o4784-056440"
            n="40-a-0640"
            ecep:lem="storm"
            ecep:pos="n1"
            ecep:reg="Storm"
            ecep:spe="Storm"
            ecep:syllab="1"
            ecep:pron="stɔːm">Storm</w>
         <pc xml:id="o4784-056450"
             n="40-a-0650"
             ecep:lem=","
             ecep:pos=","
             ecep:reg=","
             ecep:spe=",">,</pc>
      </l>
      <l xml:id="o4784-l02670">
         <c> </c>
         <w xml:id="o4784-056460"
            n="40-a-0660"
            ecep:lem="that"
            ecep:pos="cst"
            ecep:reg="That"
            ecep:spe="That"
            ecep:syllab="1"
            ecep:pron="ðæt">That</w>
         <c> </c>
         <w xml:id="o4784-056470"
            n="40-a-0670"
            ecep:lem="he"
            ecep:pos="pns31"
            ecep:reg="he"
            ecep:spe="he"
            ecep:syllab="1"
            ecep:pron="hiː">he</w>
         <pc xml:id="o4784-056480"
             n="40-a-0680"
             ecep:lem=","
             ecep:pos=","
             ecep:reg=","
             ecep:spe=",">,</pc>
         <c> </c>
         <hi>
            <w xml:id="o4784-056490"
               n="40-a-0690"
               ecep:lem="to-morrow"
               ecep:pos="n1"
               ecep:reg="To-Morrow"
               ecep:spe="To-Morrow"
               ecep:syllab="3"
               ecep:pron="təˈmɒrəʊ">To-Morrow</w>
            <pc xml:id="o4784-056500"
                n="40-a-0700"
                ecep:lem=","
                ecep:pos=","
                ecep:reg=","
                ecep:spe=",">,</pc>
         </hi>
         <c> </c>
         <w xml:id="o4784-056510"
            n="40-a-0710"
            ecep:lem="will"
            ecep:pos="vmb"
            ecep:reg="will"
            ecep:spe="will"
            ecep:syllab="1"
            ecep:pron="wɪl">will</w>
         <c> </c>
         <w xml:id="o4784-056520"
            n="40-a-0720"
            ecep:lem="that"
            ecep:pos="d"
            ecep:reg="that"
            ecep:spe="that"
            ecep:syllab="1"
            ecep:pron="ðæt">that</w>
         <c> </c>
         <w xml:id="o4784-056530"
            n="40-a-0730"
            ecep:lem="vow"
            ecep:pos="n1"
            ecep:reg="Vow"
            ecep:spe="Vow"
            ecep:syllab="1"
            ecep:pron="vaʊ">Vow</w>
         <c> </c>
         <w xml:id="o4784-056540"
            n="40-a-0740"
            ecep:lem="perform"
            ecep:pos="vvi"
            ecep:reg="perform"
            ecep:spe="perform"
            ecep:syllab="2"
            ecep:pron="pəˈfɔːm">perform</w>
         <pc xml:id="o4784-056550"
             n="40-a-0750"
             unit="sentence"
             ecep:lem="."
             ecep:pos="."
             ecep:reg="."
             ecep:spe=".">.</pc>
         <c> </c>
      </l>
      <l ana="#triplet" rhyme="aaa" xml:id="o4784-l02675">
         <w xml:id="o4784-056560"
            n="40-a-0760"
            ecep:lem="the"
            ecep:pos="dt"
            ecep:reg="The"
            ecep:spe="The"
            ecep:syllab="1"
            ecep:pron="ðiː">The</w>
         <c> </c>
         <hi>
            <w xml:id="o4784-056570"
               n="40-a-0770"
               ecep:lem="morrows"
               ecep:pos="n1-an"
               ecep:reg="Morrows"
               ecep:spe="Morrows"
               ecep:syllab="2"
               ecep:pron="ˈmɒrəʊz">Morrows</w>
         </hi>
         <c> </c>
         <w xml:id="o4784-056580"
            n="40-a-0780"
            ecep:lem="in"
            ecep:pos="p-acp"
            ecep:reg="in"
            ecep:spe="in"
            ecep:syllab="1"
            ecep:pron="ɪn">in</w>
         <c> </c>
         <w xml:id="o4784-056590"
            n="40-a-0790"
            ecep:lem="their"
            ecep:pos="po32"
            ecep:reg="their"
            ecep:spe="their"
            ecep:syllab="1"
            ecep:pron="ðeə">their</w>
         <c> </c>
         <w xml:id="o4784-056600"
            n="40-a-0800"
            ecep:lem="due"
            ecep:pos="j-jn"
            ecep:reg="due"
            ecep:spe="due"
            ecep:syllab="1"
            ecep:pron="dʒuː">due</w>
         <c> </c>
         <w xml:id="o4784-056610"
            n="40-a-0810"
            ecep:lem="succession"
            ecep:pos="n2"
            ecep:reg="Successions"
            ecep:spe="Successions"
            ecep:syllab="3"
            ecep:pron="səkˈseʃnz">Successions</w>
         <c> </c>
         <w xml:id="o4784-056620"
            n="40-a-0820"
            ecep:lem="come"
            ecep:pos="vvd"
            ecep:reg="came"
            ecep:spe="came"
            ecep:syllab="1"
            ecep:pron="keɪm">came</w>
         <pc xml:id="o4784-056630"
             n="40-a-0830"
             ecep:lem=";"
             ecep:pos=";"
             ecep:reg=";"
             ecep:spe=";">;</pc>
      </l>
      <l ana="#triplet" rhyme="aaa" xml:id="o4784-l02680">
         <c> </c>
         <w xml:id="o4784-056640"
            n="40-a-0840"
            ecep:lem="impatient"
            ecep:pos="j"
            ecep:reg="Impatient"
            ecep:spe="Impatient"
            ecep:syllab="3"
            ecep:pron="ɪmˈpeɪʃnt">Impatient</w>
         <c> </c>
         <w xml:id="o4784-056650"
            n="40-a-0850"
            ecep:lem="still"
            ecep:pos="av"
            ecep:reg="still"
            ecep:spe="still"
            ecep:syllab="1"
            ecep:pron="stɪl">still</w>
         <c> </c>
         <w xml:id="o4784-056660"
            n="40-a-0860"
            ecep:lem="on"
            ecep:pos="p-acp"
            ecep:reg="on"
            ecep:spe="on"
            ecep:syllab="1"
            ecep:pron="ɒn">on</w>
         <c> </c>
         <w xml:id="o4784-056670"
            n="40-a-0870"
            ecep:lem="each"
            ecep:pos="d"
            ecep:reg="Each"
            ecep:spe="Each"
            ecep:syllab="1"
            ecep:pron="iːtʃ">Each</w>
         <pc xml:id="o4784-056680"
             n="40-a-0880"
             ecep:lem=","
             ecep:pos=","
             ecep:reg=","
             ecep:spe=",">,</pc>
         <c> </c>
         <w xml:id="o4784-056690"
            n="40-a-0890"
            ecep:lem="the"
            ecep:pos="dt"
            ecep:reg="the"
            ecep:spe="the"
            ecep:syllab="1"
            ecep:pron="ðiː">the</w>
         <c> </c>
         <w xml:id="o4784-056700"
            n="40-a-0900"
            ecep:lem="pregnant"
            ecep:pos="j"
            ecep:reg="pregnant"
            ecep:spe="pregnant"
            ecep:syllab="2"
            ecep:pron="ˈpregnənt">pregnant</w>
         <c> </c>
         <w xml:id="o4784-056710"
            n="40-a-0910"
            ecep:lem="dame"
            ecep:pos="n1"
            ecep:reg="Dame"
            ecep:spe="Dame"
            ecep:syllab="1"
            ecep:pron="deɪm">Dame</w>
      </l>
      <l ana="#triplet" rhyme="aaa" xml:id="o4784-l02685">
         <c> </c>
         <w xml:id="o4784-056720"
            n="40-a-0920"
            ecep:lem="urge"
            ecep:pos="vvd"
            ecep:reg="Urged"
            ecep:spe="Urg'd"
            ecep:syllab="1"
            ecep:pron="ɜːdʒd">Urg'd</w>
         <c> </c>
         <w xml:id="o4784-056730"
            n="40-a-0930"
            ecep:lem="he"
            ecep:pos="pno31"
            ecep:reg="him"
            ecep:spe="him"
            ecep:syllab="1"
            ecep:pron="hɪm">him</w>
         <c> </c>
         <w xml:id="o4784-056740"
            n="40-a-0940"
            ecep:lem="to"
            ecep:pos="pc-acp"
            ecep:reg="to"
            ecep:spe="to"
            ecep:syllab="1"
            ecep:pron="tuː">to</w>
         <c> </c>
         <w xml:id="o4784-056750"
            n="40-a-0950"
            ecep:lem="keep"
            ecep:pos="vvi"
            ecep:reg="keep"
            ecep:spe="keep"
            ecep:syllab="1"
            ecep:pron="kiːp">keep</w>
         <c> </c>
         <w xml:id="o4784-056760"
            n="40-a-0960"
            ecep:lem="his"
            ecep:pos="po31"
            ecep:reg="his"
            ecep:spe="his"
            ecep:syllab="1"
            ecep:pron="hɪz">his</w>
         <c> </c>
         <w xml:id="o4784-056770"
            n="40-a-0970"
            ecep:lem="word"
            ecep:pos="n1"
            ecep:reg="Word"
            ecep:spe="Word"
            ecep:syllab="1"
            ecep:pron="wɜːd">Word</w>
         <pc xml:id="o4784-056780"
             n="40-a-0980"
             ecep:lem=","
             ecep:pos=","
             ecep:reg=","
             ecep:spe=",">,</pc>
         <c> </c>
         <w xml:id="o4784-056790"
            n="40-a-0990"
            ecep:lem="and"
            ecep:pos="cc"
            ecep:reg="and"
            ecep:spe="and"
            ecep:syllab="1"
            ecep:pron="ænd">and</w>
         <c> </c>
         <w xml:id="o4784-056800"
            n="40-a-1000"
            ecep:lem="still"
            ecep:pos="av"
            ecep:reg="still"
            ecep:spe="still"
            ecep:syllab="1"
            ecep:pron="stɪl">still</w>
         <c> </c>
         <w xml:id="o4784-056810"
            n="40-a-1010"
            ecep:lem="he"
            ecep:pos="pns31"
            ecep:reg="he"
            ecep:spe="he"
            ecep:syllab="1"
            ecep:pron="hiː">he</w>
         <c> </c>
         <w xml:id="o4784-056820"
            n="40-a-1020"
            ecep:lem="swear"
            ecep:pos="vvd"
            ecep:reg="swore"
            ecep:spe="swore"
            ecep:syllab="1"
            ecep:pron="swɔː">swore</w>
         <c> </c>
         <w xml:id="o4784-056830"
            n="40-a-1030"
            ecep:lem="the"
            ecep:pos="dt"
            ecep:reg="the"
            ecep:spe="the"
            ecep:syllab="1"
            ecep:pron="ðiː">the</w>
         <c> </c>
         <w xml:id="o4784-056840"
            n="40-a-1040"
            ecep:lem="same"
            ecep:pos="d"
            ecep:reg="same"
            ecep:spe="same"
            ecep:syllab="1"
            ecep:pron="seɪm">same</w>
         <pc xml:id="o4784-056850"
             n="40-a-1050"
             unit="sentence"
             ecep:lem="."
             ecep:pos="."
             ecep:reg="."
             ecep:spe=".">.</pc>
         <c> </c>
      </l>
      <l xml:id="o4784-l02690">
         <w xml:id="o4784-056860"
            n="40-a-1060"
            ecep:lem="when"
            ecep:pos="c-crq"
            ecep:reg="When"
            ecep:spe="When"
            ecep:syllab="1"
            ecep:pron="wen">When</w>
         <c> </c>
         <w xml:id="o4784-056870"
            n="40-a-1070"
            ecep:lem="tire"
            ecep:pos="vvn"
            ecep:reg="tyred"
            ecep:spe="tir'd"
            ecep:syllab="1"
            ecep:pron="tæəd">tir'd</w>
         <c> </c>
         <w xml:id="o4784-056880"
            n="40-a-1080"
            ecep:lem="at"
            ecep:pos="p-acp"
            ecep:reg="at"
            ecep:spe="at"
            ecep:syllab="1"
            ecep:pron="æt">at</w>
         <c> </c>
         <w xml:id="o4784-056890"
            n="40-a-1090"
            ecep:lem="length"
            ecep:pos="n1"
            ecep:reg="length"
            ecep:spe="length"
            ecep:syllab="1"
            ecep:pron="leŋθ">length</w>
         <pc xml:id="o4784-056900"
             n="40-a-1100"
             ecep:lem=","
             ecep:pos=","
             ecep:reg=","
             ecep:spe=",">,</pc>
         <c> </c>
         <w xml:id="o4784-056910"
            n="40-a-1110"
            ecep:lem="and"
            ecep:pos="cc"
            ecep:reg="and"
            ecep:spe="and"
            ecep:syllab="1"
            ecep:pron="ænd">and</w>
         <c> </c>
         <w xml:id="o4784-056920"
            n="40-a-1120"
            ecep:lem="mean"
            ecep:pos="vvg"
            ecep:reg="meaning"
            ecep:spe="meaning"
            ecep:syllab="2"
            ecep:pron="ˈmiːnɪŋ">meaning</w>
         <c> </c>
         <w xml:id="o4784-056930"
            n="40-a-1130"
            ecep:lem="no"
            ecep:pos="dx"
            ecep:reg="no"
            ecep:spe="no"
            ecep:syllab="1"
            ecep:pron="nəʊ">no</w>
         <c> </c>
         <w xml:id="o4784-056940"
            n="40-a-1140"
            ecep:lem="redress"
            ecep:pos="n1"
            ecep:reg="Redress"
            ecep:spe="Redress"
            ecep:syllab="2"
            ecep:pron="rɪˈdres">Redress</w>
         <pc xml:id="o4784-056950"
             n="40-a-1150"
             ecep:lem=","
             ecep:pos=","
             ecep:reg=","
             ecep:spe=",">,</pc>
      </l>
      <l xml:id="o4784-l02695">
         <c> </c>
         <w xml:id="o4784-056960"
            n="40-a-1160"
            ecep:lem="but"
            ecep:pos="cc-acp"
            ecep:reg="But"
            ecep:spe="But"
            ecep:syllab="1"
            ecep:pron="bʌt">But</w>
         <c> </c>
         <w xml:id="o4784-056970"
            n="40-a-1170"
            ecep:lem="yet"
            ecep:pos="av"
            ecep:reg="yet"
            ecep:spe="yet"
            ecep:syllab="1"
            ecep:pron="jet">yet</w>
         <c> </c>
         <w xml:id="o4784-056980"
            n="40-a-1180"
            ecep:lem="the"
            ecep:pos="dt"
            ecep:reg="the"
            ecep:spe="the"
            ecep:syllab="1"
            ecep:pron="ðiː">the</w>
         <c> </c>
         <w xml:id="o4784-056990"
            n="40-a-1190"
            ecep:lem="lye"
            ecep:pos="n1"
            ecep:reg="Lie"
            ecep:spe="Lye"
            ecep:syllab="1"
            ecep:pron="laɪ">Lye</w>
         <c> </c>
         <w xml:id="o4784-057000"
            n="40-a-1200"
            ecep:lem="not"
            ecep:pos="xx"
            ecep:reg="not"
            ecep:spe="not"
            ecep:syllab="1"
            ecep:pron="nɒt">not</w>
         <c> </c>
         <w xml:id="o4784-057010"
            n="40-a-1210"
            ecep:lem="care"
            ecep:pos="vvg"
            ecep:reg="caring"
            ecep:spe="caring"
            ecep:syllab="2"
            ecep:pron="keəɪŋ">caring</w>
         <c> </c>
         <w xml:id="o4784-057020"
            n="40-a-1220"
            ecep:lem="to"
            ecep:pos="pc-acp"
            ecep:reg="to"
            ecep:spe="to"
            ecep:syllab="1"
            ecep:pron="tuː">to</w>
         <c> </c>
         <w xml:id="o4784-057030"
            n="40-a-1230"
            ecep:lem="confess"
            ecep:pos="vvi"
            ecep:reg="confess"
            ecep:spe="confess"
            ecep:syllab="2"
            ecep:pron="kənˈfes">confess</w>
         <pc xml:id="o4784-057040"
             n="40-a-1240"
             ecep:lem=","
             ecep:pos=","
             ecep:reg=","
             ecep:spe=",">,</pc>
      </l>
      <l xml:id="o4784-l02700">
         <c> </c>
         <w xml:id="o4784-057050"
            n="40-a-1250"
            ecep:lem="he"
            ecep:pos="pns31"
            ecep:reg="He"
            ecep:spe="He"
            ecep:syllab="1"
            ecep:pron="hiː">He</w>
         <c> </c>
         <w xml:id="o4784-057060"
            n="40-a-1260"
            ecep:lem="for"
            ecep:pos="p-acp"
            ecep:reg="for"
            ecep:spe="for"
            ecep:syllab="1"
            ecep:pron="fɔː">for</w>
         <c> </c>
         <w xml:id="o4784-057070"
            n="40-a-1270"
            ecep:lem="his"
            ecep:pos="po31"
            ecep:reg="his"
            ecep:spe="his"
            ecep:syllab="1"
            ecep:pron="hɪz">his</w>
         <c> </c>
         <w xml:id="o4784-057080"
            n="40-a-1280"
            ecep:lem="oath"
            ecep:pos="n1"
            ecep:reg="Oath"
            ecep:spe="Oath"
            ecep:syllab="1"
            ecep:pron="əʊθ">Oath</w>
         <c> </c>
         <w xml:id="o4784-057090"
            n="40-a-1290"
            ecep:lem="this"
            ecep:pos="d"
            ecep:reg="this"
            ecep:spe="this"
            ecep:syllab="1"
            ecep:pron="ðɪs">this</w>
         <c> </c>
         <w xml:id="o4784-057100"
            n="40-a-1300"
            ecep:lem="salvo"
            ecep:pos="n1"
            ecep:reg="Salvo"
            ecep:spe="Salvo"
            ecep:syllab="2"
            ecep:pron="ˈsælvəʊ">Salvo</w>
         <c> </c>
         <w xml:id="o4784-057110"
            n="40-a-1310"
            ecep:lem="choose"
            ecep:pos="vvd"
            ecep:reg="chose"
            ecep:spe="chose"
            ecep:syllab="1"
            ecep:pron="tʃəʊz">chose</w>
         <c> </c>
         <w xml:id="o4784-057120"
            n="40-a-1320"
            ecep:lem="to"
            ecep:pos="pc-acp"
            ecep:reg="to"
            ecep:spe="to"
            ecep:syllab="1"
            ecep:pron="tuː">to</w>
         <c> </c>
         <w xml:id="o4784-057130"
            n="40-a-1330"
            ecep:lem="borrow"
            ecep:pos="vvi"
            ecep:reg="borrow"
            ecep:spe="borrow"
            ecep:syllab="2"
            ecep:pron="ˈbɒrəʊ">borrow</w>
         <pc xml:id="o4784-057140"
             n="40-a-1340"
             ecep:lem=","
             ecep:pos=","
             ecep:reg=","
             ecep:spe=",">,</pc>
      </l>
      <l xml:id="o4784-l02705">
         <c> </c>
         <w xml:id="o4784-057150"
            n="40-a-1350"
            ecep:lem="that"
            ecep:pos="cst"
            ecep:reg="That"
            ecep:spe="That"
            ecep:syllab="1"
            ecep:pron="ðæt">That</w>
         <c> </c>
         <w xml:id="o4784-057160"
            n="40-a-1360"
            ecep:lem="he"
            ecep:pos="pns31"
            ecep:reg="he"
            ecep:spe="he"
            ecep:syllab="1"
            ecep:pron="hiː">he</w>
         <c> </c>
         <w xml:id="o4784-057170"
            n="40-a-1370"
            ecep:lem="be"
            ecep:pos="vbds"
            ecep:reg="was"
            ecep:spe="was"
            ecep:syllab="1"
            ecep:pron="wɒz">was</w>
         <c> </c>
         <w xml:id="o4784-057180"
            n="40-a-1380"
            ecep:lem="free"
            ecep:pos="j"
            ecep:reg="Free"
            ecep:spe="Free"
            ecep:syllab="1"
            ecep:pron="friː">Free</w>
         <pc xml:id="o4784-057190"
             n="40-a-1390"
             ecep:lem=","
             ecep:pos=","
             ecep:reg=","
             ecep:spe=",">,</pc>
         <c> </c>
         <w xml:id="o4784-057200"
            n="40-a-1400"
            ecep:lem="since"
            ecep:pos="c-acp"
            ecep:reg="since"
            ecep:spe="since"
            ecep:syllab="1"
            ecep:pron="sɪns">since</w>
         <c> </c>
         <w xml:id="o4784-057210"
            n="40-a-1410"
            ecep:lem="there"
            ecep:pos="pc-acp"
            ecep:reg="there"
            ecep:spe="there"
            ecep:syllab="1"
            ecep:pron="ðeə">there</w>
         <c> </c>
         <w xml:id="o4784-057220"
            n="40-a-1420"
            ecep:lem="be"
            ecep:pos="vbds"
            ecep:reg="was"
            ecep:spe="was"
            ecep:syllab="1"
            ecep:pron="wɒz">was</w>
         <c> </c>
         <w xml:id="o4784-057230"
            n="40-a-1430"
            ecep:lem="no"
            ecep:pos="dx"
            ecep:reg="no"
            ecep:spe="no"
            ecep:syllab="1"
            ecep:pron="nəʊ">no</w>
         <c> </c>
         <hi>
            <w xml:id="o4784-057240"
               n="40-a-1440"
               ecep:lem="to-morrow"
               ecep:pos="n1"
               ecep:reg="To-Morrow"
               ecep:spe="To-Morrow"
               ecep:syllab="3"
               ecep:pron="təˈmɒrəʊ">To-Morrow</w>
            <pc xml:id="o4784-057250"
                n="40-a-1450"
                ecep:lem=";"
                ecep:pos=";"
                ecep:reg=";"
                ecep:spe=";">;</pc>
         </hi>
      </l>
      <l xml:id="o4784-l02710">
         <c> </c>
         <w xml:id="o4784-057260"
            n="40-a-1460"
            ecep:lem="for"
            ecep:pos="p-acp"
            ecep:reg="For"
            ecep:spe="For"
            ecep:syllab="1"
            ecep:pron="fɔː">For</w>
         <c> </c>
         <w xml:id="o4784-057270"
            n="40-a-1470"
            ecep:lem="when"
            ecep:pos="c-crq"
            ecep:reg="when"
            ecep:spe="when"
            ecep:syllab="1"
            ecep:pron="wen">when</w>
         <c> </c>
         <w xml:id="o4784-057280"
            n="40-a-1480"
            ecep:lem="it"
            ecep:pos="pn31"
            ecep:reg="it"
            ecep:spe="it"
            ecep:syllab="1"
            ecep:pron="ɪt">it</w>
         <c> </c>
         <w xml:id="o4784-057290"
            n="40-a-1490"
            ecep:lem="come"
            ecep:pos="vvz"
            ecep:reg="comes"
            ecep:spe="comes"
            ecep:syllab="1"
            ecep:pron="kʌmz">comes</w>
         <c> </c>
         <w xml:id="o4784-057300"
            n="40-a-1500"
            ecep:lem="in"
            ecep:pos="p-acp"
            ecep:reg="in"
            ecep:spe="in"
            ecep:syllab="1"
            ecep:pron="ɪn">in</w>
         <c> </c>
         <w xml:id="o4784-057310"
            n="40-a-1510"
            ecep:lem="place"
            ecep:pos="n1"
            ecep:reg="Place"
            ecep:spe="Place"
            ecep:syllab="1"
            ecep:pron="pleɪs">Place</w>
         <c> </c>
         <w xml:id="o4784-057320"
            n="40-a-1520"
            ecep:lem="to"
            ecep:pos="pc-acp"
            ecep:reg="to"
            ecep:spe="to"
            ecep:syllab="1"
            ecep:pron="tuː">to</w>
         <c> </c>
         <w xml:id="o4784-057330"
            n="40-a-1530"
            ecep:lem="be"
            ecep:pos="vbi"
            ecep:reg="be"
            ecep:spe="be"
            ecep:syllab="1"
            ecep:pron="biː">be</w>
         <c> </c>
         <w xml:id="o4784-057340"
            n="40-a-1540"
            ecep:lem="employ"
            ecep:pos="vvn"
            ecep:reg="employed"
            ecep:spe="employ'd"
            ecep:syllab="2"
            ecep:pron="ɪmˈplɔɪd">employ'd</w>
         <pc xml:id="o4784-057350"
             n="40-a-1550"
             ecep:lem=","
             ecep:pos=","
             ecep:reg=","
             ecep:spe=",">,</pc>
      </l>
      <l xml:id="o4784-l02715">
         <c> </c>
         <w xml:id="o4784-057360"
            n="40-a-1560"
            ecep:lem="it|be"
            ecep:pos="pn31|vbz"
            ecep:reg="It's"
            ecep:spe="'Tis"
            ecep:syllab="1"
            ecep:pron="tɪz">'Tis</w>
         <c> </c>
         <w xml:id="o4784-057370"
            n="40-a-1570"
            ecep:lem="then"
            ecep:pos="av"
            ecep:reg="then"
            ecep:spe="then"
            ecep:syllab="1"
            ecep:pron="ðen">then</w>
         <c> </c>
         <hi>
            <w xml:id="o4784-057380"
               n="40-a-1580"
               ecep:lem="to-day"
               ecep:pos="n1"
               ecep:reg="To-Day"
               ecep:spe="To-Day"
               ecep:syllab="2"
               ecep:pron="təˈdeɪ">To-Day</w>
            <pc xml:id="o4784-057390"
                n="40-a-1590"
                ecep:lem=";"
                ecep:pos=";"
                ecep:reg=";"
                ecep:spe=";">;</pc>
            <c> </c>
            <w xml:id="o4784-057400.1"
               n="40-a-1600"
               rend="plain_apostrophe"
               ecep:lem="to-morrow"
               ecep:pos="ng1"
               ecep:reg="To-Morrow's"
               ecep:spe="To-Morrow's"
               ecep:syllab="3"
               ecep:pron="təˈmɒrəʊz">To-Morrow's</w>
         </hi>
         <c> </c>
         <w xml:id="o4784-057410"
            n="40-a-1610"
            ecep:lem="never"
            ecep:pos="av"
            ecep:reg="never"
            ecep:spe="ne'er"
            ecep:syllab="1"
            ecep:pron="neə">ne'er</w>
         <c> </c>
         <w xml:id="o4784-057420"
            n="40-a-1620"
            ecep:lem="enjoy"
            ecep:pos="vvn"
            ecep:reg="enjoyed"
            ecep:spe="enjoy'd"
            ecep:syllab="2"
            ecep:pron="ɪnˈdʒɔɪd">enjoy'd</w>
         <pc xml:id="o4784-057430"
             n="40-a-1630"
             unit="sentence"
             ecep:lem="."
             ecep:pos="."
             ecep:reg="."
             ecep:spe=".">.</pc>
         <c> </c>
      </l>
      <pb facs="41" n="33" rend="none"/>
      <l xml:id="o4784-l02720">
         <hi>
            <w xml:id="o4784-057440"
               n="41-a-0010"
               ecep:lem="the"
               ecep:pos="dt"
               ecep:reg="The"
               ecep:spe="The"
               ecep:syllab="1"
               ecep:pron="ðiː">The</w>
            <c> </c>
            <w xml:id="o4784-057450"
               n="41-a-0020"
               ecep:lem="tale"
               ecep:pos="ng1"
               ecep:reg="Tale's"
               ecep:spe="Tale's"
               ecep:syllab="2"
               ecep:pron="teɪlz">Tale's</w>
            <c> </c>
            <w xml:id="o4784-057460"
               n="41-a-0030"
               ecep:lem="a"
               ecep:pos="dt"
               ecep:reg="a"
               ecep:spe="a"
               ecep:syllab="1"
               ecep:pron="ə">a</w>
            <c> </c>
            <w xml:id="o4784-057470"
               n="41-a-0040"
               ecep:lem="jest"
               ecep:pos="n1"
               ecep:reg="Jest"
               ecep:spe="Jest"
               ecep:syllab="1"
               ecep:pron="dʒest">Jest</w>
            <pc xml:id="o4784-057480"
                n="41-a-0050"
                ecep:lem=","
                ecep:pos=","
                ecep:reg=","
                ecep:spe=",">,</pc>
            <c> </c>
            <w xml:id="o4784-057490"
               n="41-a-0060"
               ecep:lem="the"
               ecep:pos="dt"
               ecep:reg="the"
               ecep:spe="the"
               ecep:syllab="1"
               ecep:pron="ðiː">the</w>
            <c> </c>
            <w xml:id="o4784-057500"
               n="41-a-0070"
               ecep:lem="moral"
               ecep:pos="j"
               ecep:reg="Moral"
               ecep:spe="Moral"
               ecep:syllab="2"
               ecep:pron="ˈmɒrl">Moral</w>
            <c> </c>
            <w xml:id="o4784-057510"
               n="41-a-0080"
               ecep:lem="be"
               ecep:pos="vbz"
               ecep:reg="is"
               ecep:spe="is"
               ecep:syllab="1"
               ecep:pron="ɪz">is</w>
            <c> </c>
            <w xml:id="o4784-057520"
               n="41-a-0090"
               ecep:lem="a"
               ecep:pos="dt"
               ecep:reg="a"
               ecep:spe="a"
               ecep:syllab="1"
               ecep:pron="ə">a</w>
            <c> </c>
            <w xml:id="o4784-057530"
               n="41-a-0100"
               ecep:lem="truth"
               ecep:pos="n1"
               ecep:reg="Truth"
               ecep:spe="Truth"
               ecep:syllab="1"
               ecep:pron="truːθ">Truth</w>
            <pc xml:id="o4784-057540"
                n="41-a-0110"
                ecep:lem=";"
                ecep:pos=";"
                ecep:reg=";"
                ecep:spe=";">;</pc>
         </hi>
      </l>
      <l xml:id="o4784-l02725">
         <c> </c>
         <w xml:id="o4784-057550"
            n="41-a-0120"
            ecep:lem="to-morrow"
            ecep:pos="n1"
            ecep:reg="To-Morrow"
            ecep:spe="To-Morrow"
            ecep:syllab="3"
            ecep:pron="təˈmɒrəʊ">To-Morrow</w>
         <c> </c>
         <hi>
            <w xml:id="o4784-057560"
               n="41-a-0130"
               ecep:lem="and"
               ecep:pos="cc"
               ecep:reg="and"
               ecep:spe="and"
               ecep:syllab="1"
               ecep:pron="ænd">and</w>
         </hi>
         <c> </c>
         <w xml:id="o4784-057570"
            n="41-a-0140"
            ecep:lem="to-morrow"
            ecep:pos="n1"
            ecep:reg="To-Morrow"
            ecep:spe="To-Morrow"
            ecep:syllab="3"
            ecep:pron="təˈmɒrəʊ">To-Morrow</w>
         <pc xml:id="o4784-057580"
             n="41-a-0150"
             ecep:lem=","
             ecep:pos=","
             ecep:reg=","
             ecep:spe=",">,</pc>
         <c> </c>
         <hi>
            <w xml:id="o4784-057590"
               n="41-a-0160"
               ecep:lem="cheat"
               ecep:pos="vvb"
               ecep:reg="cheat"
               ecep:spe="cheat"
               ecep:syllab="1"
               ecep:pron="tʃiːt">cheat</w>
            <c> </c>
            <w xml:id="o4784-057600"
               n="41-a-0170"
               ecep:lem="our"
               ecep:pos="po12"
               ecep:reg="our"
               ecep:spe="our"
               ecep:syllab="1"
               ecep:pron="æə">our</w>
            <c> </c>
            <w xml:id="o4784-057610"
               n="41-a-0180"
               ecep:lem="youth"
               ecep:pos="n1"
               ecep:reg="Youth"
               ecep:spe="Youth"
               ecep:syllab="1"
               ecep:pron="juːθ">Youth</w>
            <pc xml:id="o4784-057620"
                n="41-a-0190"
                ecep:lem=":"
                ecep:pos=":"
                ecep:reg=":"
                ecep:spe=":">:</pc>
         </hi>
      </l>
      <l xml:id="o4784-l02730">
         <c> </c>
         <hi>
            <w xml:id="o4784-057630"
               n="41-a-0200"
               ecep:lem="in"
               ecep:pos="p-acp"
               ecep:reg="In"
               ecep:spe="In"
               ecep:syllab="1"
               ecep:pron="ɪn">In</w>
            <c> </c>
            <w xml:id="o4784-057640"
               n="41-a-0210"
               ecep:lem="riper"
               ecep:pos="j"
               ecep:reg="riper"
               ecep:spe="riper"
               ecep:syllab="2"
               ecep:pron="raɪpə">riper</w>
            <c> </c>
            <w xml:id="o4784-057650"
               n="41-a-0220"
               ecep:lem="age"
               ecep:pos="n1"
               ecep:reg="Age"
               ecep:spe="Age"
               ecep:syllab="1"
               ecep:pron="eɪdʒ">Age</w>
            <pc xml:id="o4784-057660"
                n="41-a-0230"
                ecep:lem=","
                ecep:pos=","
                ecep:reg=","
                ecep:spe=",">,</pc>
         </hi>
         <c> </c>
         <w xml:id="o4784-057670"
            n="41-a-0240"
            ecep:lem="to-morrow"
            ecep:pos="n1"
            ecep:reg="To-Morrow"
            ecep:spe="To-Morrow"
            ecep:syllab="3"
            ecep:pron="təˈmɒrəʊ">To-Morrow</w>
         <c> </c>
         <hi>
            <w xml:id="o4784-057680"
               n="41-a-0250"
               ecep:lem="still"
               ecep:pos="av"
               ecep:reg="still"
               ecep:spe="still"
               ecep:syllab="1"
               ecep:pron="stɪl">still</w>
            <c> </c>
            <w xml:id="o4784-057690"
               n="41-a-0260"
               ecep:lem="we"
               ecep:pos="pns12"
               ecep:reg="we"
               ecep:spe="we"
               ecep:syllab="1"
               ecep:pron="wiː">we</w>
            <c> </c>
            <w xml:id="o4784-057700"
               n="41-a-0270"
               ecep:lem="cry"
               ecep:pos="vvb"
               ecep:reg="cry"
               ecep:spe="cry"
               ecep:syllab="1"
               ecep:pron="kraɪ">cry</w>
            <pc xml:id="o4784-057710"
                n="41-a-0280"
                ecep:lem=","
                ecep:pos=","
                ecep:reg=","
                ecep:spe=",">,</pc>
         </hi>
      </l>
      <l xml:id="o4784-l02735">
         <c> </c>
         <hi>
            <w xml:id="o4784-057720"
               n="41-a-0290"
               ecep:lem="not"
               ecep:pos="xx"
               ecep:reg="Not"
               ecep:spe="Not"
               ecep:syllab="1"
               ecep:pron="nɒt">Not</w>
            <c> </c>
            <w xml:id="o4784-057730"
               n="41-a-0300"
               ecep:lem="think"
               ecep:pos="vvg"
               ecep:reg="thinking"
               ecep:spe="thinking"
               ecep:syllab="2"
               ecep:pron="θɪŋkɪŋ">thinking</w>
            <pc xml:id="o4784-057740"
                n="41-a-0310"
                ecep:lem=","
                ecep:pos=","
                ecep:reg=","
                ecep:spe=",">,</pc>
            <c> </c>
            <w xml:id="o4784-057750"
               n="41-a-0320"
               ecep:lem="that"
               ecep:pos="cst"
               ecep:reg="that"
               ecep:spe="that"
               ecep:syllab="1"
               ecep:pron="ðæt">that</w>
            <c> </c>
            <w xml:id="o4784-057760"
               n="41-a-0330"
               ecep:lem="the"
               ecep:pos="dt"
               ecep:reg="the"
               ecep:spe="the"
               ecep:syllab="1"
               ecep:pron="ðiː">the</w>
            <c> </c>
            <w xml:id="o4784-057770"
               n="41-a-0340"
               ecep:lem="present"
               ecep:pos="j"
               ecep:reg="present"
               ecep:spe="present"
               ecep:syllab="2"
               ecep:pron="ˈpreznt">present</w>
            <c> </c>
            <w xml:id="o4784-057780"
               n="41-a-0350"
               ecep:lem="day"
               ecep:pos="n1"
               ecep:reg="Day"
               ecep:spe="Day"
               ecep:syllab="1"
               ecep:pron="deɪ">Day</w>
            <c> </c>
            <w xml:id="o4784-057790"
               n="41-a-0360"
               ecep:lem="we"
               ecep:pos="pns12"
               ecep:reg="we"
               ecep:spe="we"
               ecep:syllab="1"
               ecep:pron="wiː">we</w>
            <c> </c>
            <w xml:id="o4784-057800"
               n="41-a-0370"
               ecep:lem="die"
               ecep:pos="vvi"
               ecep:reg="Die"
               ecep:spe="Dye"
               ecep:syllab="1"
               ecep:pron="daɪ">Dye</w>
            <pc xml:id="o4784-057810"
                n="41-a-0380"
                ecep:lem=";"
                ecep:pos=";"
                ecep:reg=";"
                ecep:spe=";">;</pc>
         </hi>
      </l>
      <l xml:id="o4784-l02740">
         <c> </c>
         <hi>
            <w xml:id="o4784-057820"
               n="41-a-0390"
               ecep:lem="unpractised"
               ecep:pos="j"
               ecep:reg="Unpractised"
               ecep:spe="Unpractis'd"
               ecep:syllab="3"
               ecep:pron="ʌnˈpræktɪst">Unpractis'd</w>
            <c> </c>
            <w xml:id="o4784-057830"
               n="41-a-0400"
               ecep:lem="all"
               ecep:pos="d"
               ecep:reg="all"
               ecep:spe="all"
               ecep:syllab="1"
               ecep:pron="ɔːl">all</w>
            <c> </c>
            <w xml:id="o4784-057840"
               n="41-a-0410"
               ecep:lem="the"
               ecep:pos="dt"
               ecep:reg="the"
               ecep:spe="the"
               ecep:syllab="1"
               ecep:pron="ðiː">the</w>
            <c> </c>
            <w xml:id="o4784-057850"
               n="41-a-0420"
               ecep:lem="good"
               ecep:pos="j"
               ecep:reg="Good"
               ecep:spe="Good"
               ecep:syllab="1"
               ecep:pron="gʊd">Good</w>
            <c> </c>
            <w xml:id="o4784-057860"
               n="41-a-0430"
               ecep:lem="we"
               ecep:pos="pns12"
               ecep:reg="we"
               ecep:spe="we"
               ecep:syllab="1"
               ecep:pron="wiː">we</w>
            <c> </c>
            <w xml:id="o4784-057870"
               n="41-a-0440"
               ecep:lem="have"
               ecep:pos="vhd"
               ecep:reg="had"
               ecep:spe="had"
               ecep:syllab="1"
               ecep:pron="hæd">had</w>
            <c> </c>
            <w xml:id="o4784-057880"
               n="41-a-0450"
               ecep:lem="design"
               ecep:pos="vvn"
               ecep:reg="Designed"
               ecep:spe="Design'd"
               ecep:syllab="2"
               ecep:pron="dɪˈzaɪnd">Design'd</w>
            <pc xml:id="o4784-057890"
                n="41-a-0460"
                ecep:lem=";"
                ecep:pos=";"
                ecep:reg=";"
                ecep:spe=";">;</pc>
         </hi>
      </l>
      <l xml:id="o4784-l02745">
         <c> </c>
         <hi>
            <w xml:id="o4784-057900"
               n="41-a-0470"
               ecep:lem="there|be"
               ecep:pos="pc-acp|vbz"
               ecep:reg="There's"
               ecep:spe="There's"
               ecep:syllab="1"
               ecep:pron="ðeəz">There's</w>
            <c> </c>
            <w xml:id="o4784-057910"
               n="41-a-0480"
               ecep:lem="no"
               ecep:pos="dx"
               ecep:reg="No"
               ecep:spe="No"
               ecep:syllab="1"
               ecep:pron="nəʊ">No</w>
         </hi>
         <c> </c>
         <w xml:id="o4784-057920"
            n="41-a-0490"
            ecep:lem="to-morrow"
            ecep:pos="n1"
            ecep:reg="To-Morrow"
            ecep:spe="To-Morrow"
            ecep:syllab="3"
            ecep:pron="təˈmɒrəʊ">To-Morrow</w>
         <c> </c>
         <hi>
            <w xml:id="o4784-057930"
               n="41-a-0500"
               ecep:lem="to"
               ecep:pos="p-acp"
               ecep:reg="to"
               ecep:spe="to"
               ecep:syllab="1"
               ecep:pron="tuː">to</w>
            <c> </c>
            <w xml:id="o4784-057940"
               n="41-a-0510"
               ecep:lem="a"
               ecep:pos="dt"
               ecep:reg="a"
               ecep:spe="a"
               ecep:syllab="1"
               ecep:pron="ə">a</w>
            <c> </c>
            <w xml:id="o4784-057950"
               n="41-a-0520"
               ecep:lem="will"
               ecep:pos="j-vvg"
               ecep:reg="Willing"
               ecep:spe="Willing"
               ecep:syllab="2"
               ecep:pron="ˈwɪlɪŋ">Willing</w>
            <c> </c>
            <w xml:id="o4784-057960"
               n="41-a-0530"
               ecep:lem="mind"
               ecep:pos="n1"
               ecep:reg="Mind"
               ecep:spe="Mind"
               ecep:syllab="1"
               ecep:pron="maɪnd">Mind</w>
            <pc xml:id="o4784-057970"
                n="41-a-0540"
                unit="sentence"
                ecep:lem="."
                ecep:pos="."
                ecep:reg="."
                ecep:spe=".">.</pc>
            <c> </c>
         </hi>
      </l>
   </lg>
</div>
