<?xml version="1.0" encoding="utf-8"?>
<!DOCTYPE div
  SYSTEM "about:legacy-compat">
<div xmlns:ecep="http://www.eighteenthcenturypoetry.org/ns"
     xmlns="http://www.tei-c.org/ns/1.0"
     xmlns:tei="http://www.tei-c.org/ns/1.0"
     ana="#iamb #tetrameter #trimeter #cross #quatrain #philosophic"
     corresp="#txt_MerrJa1720_w0012"
     decls="#semi-normalized"
     ecep:syllab="8.6.8.6"
     met="-+|-+|-+|-+/ -+|-+|-+/ -+|-+|-+|-+/ -+|-+|-+/"
     rendition="#lgvspace"
     rhyme="abab"
     subtype="eceptext"
     type="poem"
     xml:id="o4984-w0250">
   <link target="authors.xml#aut_MerrJa1720" type="author"/>
   <link target="32284" type="DMI"/>
   <head type="main">
      <w xml:id="o4984-327730"
         n="148-a-0930"
         ecep:lem="the"
         ecep:pos="dt"
         ecep:reg="THE"
         ecep:spe="THE"
         ecep:syllab="1"
         ecep:pron="ðiː">THE</w>
      <c> </c>
      <w xml:id="o4984-327740"
         n="148-a-0940"
         ecep:lem="ignorance"
         ecep:pos="n1"
         ecep:reg="IGNORANCE"
         ecep:spe="IGNORANCE"
         ecep:syllab="3"
         ecep:pron="ˈɪgnrns">IGNORANCE</w>
      <c> </c>
      <w xml:id="o4984-327750"
         n="148-a-0950"
         ecep:lem="of"
         ecep:pos="pp-f"
         ecep:reg="OF"
         ecep:spe="OF"
         ecep:syllab="1"
         ecep:pron="ɒv">OF</w>
      <c> </c>
      <w xml:id="o4984-327760"
         n="148-a-0960"
         ecep:lem="man"
         ecep:pos="n1"
         ecep:reg="MAN"
         ecep:spe="MAN"
         ecep:syllab="1"
         ecep:pron="mæn">MAN</w>
      <pc xml:id="o4984-327770"
          n="148-a-0970"
          unit="sentence"
          ecep:lem="."
          ecep:pos="."
          ecep:reg="."
          ecep:spe=".">.</pc>
   </head>
   <byline>
      <w xml:id="o4984-327800"
         n="148-a-0980"
         ecep:lem="by"
         ecep:pos="p-acp"
         ecep:reg="BY"
         ecep:spe="BY"
         ecep:syllab="1"
         ecep:pron="baɪ">BY</w>
      <c> </c>
      <w xml:id="o4984-327810"
         n="148-a-0990"
         ecep:lem="JAMES"
         ecep:pos="np1"
         ecep:reg="JAMES"
         ecep:spe="JAMES"
         ecep:syllab="1"
         ecep:pron="ˈdʒeɪmz">JAMES</w>
      <c> </c>
      <w xml:id="o4984-327820"
         n="148-a-1000"
         ecep:lem="Merrick"
         ecep:pos="np1"
         ecep:reg="MERRICK"
         ecep:spe="MERRICK"
         ecep:syllab="2"
         ecep:pron="ˈmerɪk">MERRICK</w>
      <pc xml:id="o4984-327830"
          n="148-a-1010"
          ecep:lem=","
          ecep:pos=","
          ecep:reg=","
          ecep:spe=",">,</pc>
      <c> </c>
      <w xml:id="o4984-327840"
         n="148-a-1020"
         ecep:lem="m."
         ecep:pos="n1"
         ecep:reg="M."
         ecep:spe="M."
         ecep:syllab="1"
         ecep:pron="ˈem">M.</w>
      <c> </c>
      <w xml:id="o4984-327850"
         n="148-a-1030"
         ecep:lem="a."
         ecep:pos="np1"
         ecep:reg="A."
         ecep:spe="A."
         ecep:syllab="1"
         ecep:pron="ˈeɪ">A.</w>
      <pc unit="sentence" xml:id="o4984-327850-eos" n="148-a-1040"/>
   </byline>
   <lg xml:id="o4984-s01645">
      <l xml:id="o4984-l16065">
         <w xml:id="o4984-327880"
            n="148-a-1050"
            ecep:lem="behold"
            ecep:pos="vvb"
            ecep:reg="BEHOLD"
            ecep:spe="BEHOLD"
            ecep:syllab="2"
            ecep:pron="bɪˈhəʊld">BEHOLD</w>
         <c> </c>
         <w xml:id="o4984-327890"
            n="148-a-1060"
            ecep:lem="yond"
            ecep:pos="d"
            ecep:reg="yonder"
            ecep:spe="yon"
            ecep:syllab="1"
            ecep:pron="jɒn">yon</w>
         <c> </c>
         <w xml:id="o4984-327900"
            n="148-a-1070"
            ecep:lem="new-born"
            ecep:pos="j"
            ecep:reg="newborn"
            ecep:spe="new-born"
            ecep:syllab="2"
            ecep:pron="ˈnjuːbɔːn">new-born</w>
         <c> </c>
         <w xml:id="o4984-327910"
            n="148-a-1080"
            ecep:lem="infant"
            ecep:pos="n1"
            ecep:reg="infant"
            ecep:spe="infant"
            ecep:syllab="2"
            ecep:pron="ˈɪnfənt">infant</w>
         <pc xml:id="o4984-327920"
             n="148-a-1090"
             ecep:lem=","
             ecep:pos=","
             ecep:reg=","
             ecep:spe=",">,</pc>
         <c> </c>
         <w xml:id="o4984-327930"
            n="148-a-1100"
            ecep:lem="grieve"
            ecep:pos="vvn"
            ecep:reg="grieved"
            ecep:spe="griev'd"
            ecep:syllab="1"
            ecep:pron="griːvd">griev'd</w>
      </l>
      <l xml:id="o4984-l16070">
         <c> </c>
         <w xml:id="o4984-327940"
            n="148-a-1110"
            ecep:lem="with"
            ecep:pos="p-acp"
            ecep:reg="With"
            ecep:spe="With"
            ecep:syllab="1"
            ecep:pron="wɪð">With</w>
         <c> </c>
         <w xml:id="o4984-327950"
            n="148-a-1120"
            ecep:lem="hunger"
            ecep:pos="n1"
            ecep:reg="hunger"
            ecep:spe="hunger"
            ecep:syllab="2"
            ecep:pron="ˈhʌŋgə">hunger</w>
         <pc xml:id="o4984-327960"
             n="148-a-1130"
             ecep:lem=","
             ecep:pos=","
             ecep:reg=","
             ecep:spe=",">,</pc>
         <c> </c>
         <w xml:id="o4984-327970"
            n="148-a-1140"
            ecep:lem="thirst"
            ecep:pos="n1"
            ecep:reg="thirst"
            ecep:spe="thirst"
            ecep:syllab="1"
            ecep:pron="θɜːst">thirst</w>
         <pc xml:id="o4984-327980"
             n="148-a-1150"
             ecep:lem=","
             ecep:pos=","
             ecep:reg=","
             ecep:spe=",">,</pc>
         <c> </c>
         <w xml:id="o4984-327990"
            n="148-a-1160"
            ecep:lem="and"
            ecep:pos="cc"
            ecep:reg="and"
            ecep:spe="and"
            ecep:syllab="1"
            ecep:pron="ænd">and</w>
         <c> </c>
         <w xml:id="o4984-328000"
            n="148-a-1170"
            ecep:lem="pain"
            ecep:pos="n1"
            ecep:reg="pain"
            ecep:spe="pain"
            ecep:syllab="1"
            ecep:pron="peɪn">pain</w>
         <pc xml:id="o4984-328010"
             n="148-a-1180"
             ecep:lem=";"
             ecep:pos=";"
             ecep:reg=";"
             ecep:spe=";">;</pc>
      </l>
      <l xml:id="o4984-l16075">
         <c> </c>
         <w xml:id="o4984-328020"
            n="148-a-1190"
            ecep:lem="that"
            ecep:pos="cst"
            ecep:reg="That"
            ecep:spe="That"
            ecep:syllab="1"
            ecep:pron="ðæt">That</w>
         <c> </c>
         <w xml:id="o4984-328030"
            n="148-a-1200"
            ecep:lem="ask"
            ecep:pos="vvz"
            ecep:reg="asks"
            ecep:spe="asks"
            ecep:syllab="1"
            ecep:pron="ɑːsks">asks</w>
         <c> </c>
         <w xml:id="o4984-328040"
            n="148-a-1210"
            ecep:lem="to"
            ecep:pos="pc-acp"
            ecep:reg="to"
            ecep:spe="to"
            ecep:syllab="1"
            ecep:pron="tuː">to</w>
         <c> </c>
         <w xml:id="o4984-328050"
            n="148-a-1220"
            ecep:lem="have"
            ecep:pos="vhi"
            ecep:reg="have"
            ecep:spe="have"
            ecep:syllab="1"
            ecep:pron="hæv">have</w>
         <c> </c>
         <w xml:id="o4984-328060"
            n="148-a-1230"
            ecep:lem="the"
            ecep:pos="dt"
            ecep:reg="the"
            ecep:spe="the"
            ecep:syllab="1"
            ecep:pron="ðiː">the</w>
         <c> </c>
         <w xml:id="o4984-328070"
            n="148-a-1240"
            ecep:lem="want"
            ecep:pos="n2"
            ecep:reg="wants"
            ecep:spe="wants"
            ecep:syllab="1"
            ecep:pron="wɒnts">wants</w>
         <c> </c>
         <w xml:id="o4984-328080"
            n="148-a-1250"
            ecep:lem="relieve"
            ecep:pos="vvn"
            ecep:reg="relieved"
            ecep:spe="reliev'd"
            ecep:syllab="2"
            ecep:pron="rɪˈliːvd">reliev'd</w>
         <pc xml:id="o4984-328090"
             n="148-a-1260"
             ecep:lem=","
             ecep:pos=","
             ecep:reg=","
             ecep:spe=",">,</pc>
      </l>
      <l xml:id="o4984-l16080">
         <c> </c>
         <w xml:id="o4984-328100"
            n="148-a-1270"
            ecep:lem="it"
            ecep:pos="pn31"
            ecep:reg="It"
            ecep:spe="It"
            ecep:syllab="1"
            ecep:pron="ɪt">It</w>
         <c> </c>
         <w xml:id="o4984-328110"
            n="148-a-1280"
            ecep:lem="know"
            ecep:pos="vvz"
            ecep:reg="knows"
            ecep:spe="knows"
            ecep:syllab="1"
            ecep:pron="nəʊz">knows</w>
         <c> </c>
         <w xml:id="o4984-328120"
            n="148-a-1290"
            ecep:lem="not"
            ecep:pos="xx"
            ecep:reg="not"
            ecep:spe="not"
            ecep:syllab="1"
            ecep:pron="nɒt">not</w>
         <c> </c>
         <w xml:id="o4984-328130"
            n="148-a-1300"
            ecep:lem="to"
            ecep:pos="pc-acp"
            ecep:reg="to"
            ecep:spe="to"
            ecep:syllab="1"
            ecep:pron="tuː">to</w>
         <c> </c>
         <w xml:id="o4984-328140"
            n="148-a-1310"
            ecep:lem="explain"
            ecep:pos="vvi"
            ecep:reg="explain"
            ecep:spe="explain"
            ecep:syllab="2"
            ecep:pron="ɪkˈspleɪn">explain</w>
         <pc xml:id="o4984-328150"
             n="148-a-1320"
             unit="sentence"
             ecep:lem="."
             ecep:pos="."
             ecep:reg="."
             ecep:spe=".">.</pc>
         <c> </c>
      </l>
   </lg>
   <lg xml:id="o4984-s01650">
      <l xml:id="o4984-l16085">
         <w xml:id="o4984-328180"
            n="148-a-1330"
            ecep:lem="aloud"
            ecep:pos="av"
            ecep:reg="Aloud"
            ecep:spe="Aloud"
            ecep:syllab="2"
            ecep:pron="əˈlaʊd">Aloud</w>
         <c> </c>
         <w xml:id="o4984-328190"
            n="148-a-1340"
            ecep:lem="the"
            ecep:pos="dt"
            ecep:reg="the"
            ecep:spe="the"
            ecep:syllab="1"
            ecep:pron="ðiː">the</w>
         <c> </c>
         <w xml:id="o4984-328200"
            n="148-a-1350"
            ecep:lem="speechless"
            ecep:pos="j"
            ecep:reg="speechless"
            ecep:spe="speechless"
            ecep:syllab="2"
            ecep:pron="ˈspiːtʃləs">speechless</w>
         <c> </c>
         <w xml:id="o4984-328210"
            n="148-a-1360"
            ecep:lem="suppliant"
            ecep:pos="n1"
            ecep:reg="suppliant"
            ecep:spe="suppliant"
            ecep:syllab="3"
            ecep:pron="ˈsʌpliənt">suppliant</w>
         <c> </c>
         <w xml:id="o4984-328220"
            n="148-a-1370"
            ecep:lem="cry"
            ecep:pos="vvz"
            ecep:reg="cries"
            ecep:spe="cries"
            ecep:syllab="1"
            ecep:pron="kraɪz">cries</w>
         <pc xml:id="o4984-328230"
             n="148-a-1380"
             ecep:lem=","
             ecep:pos=","
             ecep:reg=","
             ecep:spe=",">,</pc>
      </l>
      <l xml:id="o4984-l16090">
         <c> </c>
         <w xml:id="o4984-328240"
            n="148-a-1390"
            ecep:lem="and"
            ecep:pos="cc"
            ecep:reg="And"
            ecep:spe="And"
            ecep:syllab="1"
            ecep:pron="ænd">And</w>
         <c> </c>
         <w xml:id="o4984-328250"
            n="148-a-1400"
            ecep:lem="utter"
            ecep:pos="vvz"
            ecep:reg="utters"
            ecep:spe="utters"
            ecep:syllab="2"
            ecep:pron="ˈʌtəz">utters</w>
         <pc xml:id="o4984-328260"
             n="148-a-1410"
             ecep:lem=","
             ecep:pos=","
             ecep:reg=","
             ecep:spe=",">,</pc>
         <c> </c>
         <w xml:id="o4984-328270"
            n="148-a-1420"
            ecep:lem="as"
            ecep:pos="c-acp"
            ecep:reg="as"
            ecep:spe="as"
            ecep:syllab="1"
            ecep:pron="æz">as</w>
         <c> </c>
         <w xml:id="o4984-328280"
            n="148-a-1430"
            ecep:lem="it"
            ecep:pos="pn31"
            ecep:reg="it"
            ecep:spe="it"
            ecep:syllab="1"
            ecep:pron="ɪt">it</w>
         <c> </c>
         <w xml:id="o4984-328290"
            n="148-a-1440"
            ecep:lem="can"
            ecep:pos="vmb"
            ecep:reg="can"
            ecep:spe="can"
            ecep:syllab="1"
            ecep:pron="kæn">can</w>
         <pc xml:id="o4984-328300"
             n="148-a-1450"
             ecep:lem=","
             ecep:pos=","
             ecep:reg=","
             ecep:spe=",">,</pc>
      </l>
      <l xml:id="o4984-l16095">
         <c> </c>
         <w xml:id="o4984-328310"
            n="148-a-1460"
            ecep:lem="the"
            ecep:pos="dt"
            ecep:reg="The"
            ecep:spe="The"
            ecep:syllab="1"
            ecep:pron="ðiː">The</w>
         <c> </c>
         <w xml:id="o4984-328320"
            n="148-a-1470"
            ecep:lem="woe"
            ecep:pos="n2"
            ecep:reg="woes"
            ecep:spe="woes"
            ecep:syllab="1"
            ecep:pron="wəʊz">woes</w>
         <c> </c>
         <w xml:id="o4984-328330"
            n="148-a-1480"
            ecep:lem="that"
            ecep:pos="cst"
            ecep:reg="that"
            ecep:spe="that"
            ecep:syllab="1"
            ecep:pron="ðæt">that</w>
         <c> </c>
         <w xml:id="o4984-328340"
            n="148-a-1490"
            ecep:lem="in"
            ecep:pos="p-acp"
            ecep:reg="in"
            ecep:spe="in"
            ecep:syllab="1"
            ecep:pron="ɪn">in</w>
         <c> </c>
         <w xml:id="o4984-328350"
            n="148-a-1500"
            ecep:lem="its"
            ecep:pos="po31"
            ecep:reg="its"
            ecep:spe="its"
            ecep:syllab="1"
            ecep:pron="ɪts">its</w>
         <c> </c>
         <w xml:id="o4984-328360"
            n="148-a-1510"
            ecep:lem="bosom"
            ecep:pos="n1"
            ecep:reg="bosom"
            ecep:spe="bosom"
            ecep:syllab="2"
            ecep:pron="ˈbʊzm">bosom</w>
         <c> </c>
         <w xml:id="o4984-328370"
            n="148-a-1520"
            ecep:lem="rise"
            ecep:pos="vvi"
            ecep:reg="rise"
            ecep:spe="rise"
            ecep:syllab="1"
            ecep:pron="raɪz">rise</w>
         <pc xml:id="o4984-328380"
             n="148-a-1530"
             ecep:lem=","
             ecep:pos=","
             ecep:reg=","
             ecep:spe=",">,</pc>
      </l>
      <l xml:id="o4984-l16100">
         <c> </c>
         <w xml:id="o4984-328390"
            n="148-a-1540"
            ecep:lem="and"
            ecep:pos="cc"
            ecep:reg="And"
            ecep:spe="And"
            ecep:syllab="1"
            ecep:pron="ænd">And</w>
         <c> </c>
         <w xml:id="o4984-328400"
            n="148-a-1550"
            ecep:lem="speak"
            ecep:pos="vvi"
            ecep:reg="speak"
            ecep:spe="speak"
            ecep:syllab="1"
            ecep:pron="spiːk">speak</w>
         <c> </c>
         <w xml:id="o4984-328410"
            n="148-a-1560"
            ecep:lem="its"
            ecep:pos="po31"
            ecep:reg="its"
            ecep:spe="its"
            ecep:syllab="1"
            ecep:pron="ɪts">its</w>
         <c> </c>
         <w xml:id="o4984-328420"
            n="148-a-1570"
            ecep:lem="nature"
            ecep:pos="n1"
            ecep:reg="nature"
            ecep:spe="nature"
            ecep:syllab="2"
            ecep:pron="ˈneɪtʃə">nature</w>
         <c> </c>
         <w xml:id="o4984-328430"
            n="148-a-1580"
            ecep:lem="man"
            ecep:pos="n1"
            ecep:reg="Man"
            ecep:spe="Man"
            ecep:syllab="1"
            ecep:pron="mæn">Man</w>
         <pc unit="sentence"
             xml:id="o4984-328430-eos"
             n="148-a-1590"
             ecep:lem="."
             ecep:pos="."
             ecep:reg="."
             ecep:spe=".">.</pc>
         <c> </c>
      </l>
   </lg>
   <pb facs="o4984/0152" n="143" rend="none"/>
   <lg xml:id="o4984-s01655">
      <l xml:id="o4984-l16105">
         <w xml:id="o4984-328460"
            n="149-a-0010"
            ecep:lem="that"
            ecep:pos="cst"
            ecep:reg="That"
            ecep:spe="That"
            ecep:syllab="1"
            ecep:pron="ðæt">That</w>
         <c> </c>
         <w xml:id="o4984-328470"
            n="149-a-0020"
            ecep:lem="infant"
            ecep:pos="n1"
            ecep:reg="infant"
            ecep:spe="infant"
            ecep:syllab="2"
            ecep:pron="ˈɪnfənt">infant</w>
         <pc xml:id="o4984-328480"
             n="149-a-0030"
             ecep:lem=","
             ecep:pos=","
             ecep:reg=","
             ecep:spe=",">,</pc>
         <c> </c>
         <w xml:id="o4984-328490"
            n="149-a-0040"
            ecep:lem="who"
            ecep:pos="r-crq"
            ecep:reg="whose"
            ecep:spe="whose"
            ecep:syllab="1"
            ecep:pron="huːz">whose</w>
         <c> </c>
         <w xml:id="o4984-328500"
            n="149-a-0050"
            ecep:lem="advance"
            ecep:pos="vvg"
            ecep:reg="advancing"
            ecep:spe="advancing"
            ecep:syllab="3"
            ecep:pron="ədˈvɑːnsɪŋ">advancing</w>
         <c> </c>
         <w xml:id="o4984-328510"
            n="149-a-0060"
            ecep:lem="hour"
            ecep:pos="n1"
            ecep:reg="hour"
            ecep:spe="hour"
            ecep:syllab="1"
            ecep:pron="æə">hour</w>
      </l>
      <l xml:id="o4984-l16110">
         <c> </c>
         <w xml:id="o4984-328520"
            n="149-a-0070"
            ecep:lem="life"
            ecep:pos="ng1"
            ecep:reg="Life's"
            ecep:spe="Life's"
            ecep:syllab="1"
            ecep:pron="laɪfs">Life's</w>
         <c> </c>
         <w xml:id="o4984-328530"
            n="149-a-0080"
            ecep:lem="various"
            ecep:pos="j"
            ecep:reg="various"
            ecep:spe="various"
            ecep:syllab="2"
            ecep:pron="ˈveəriəs">various</w>
         <c> </c>
         <w xml:id="o4984-328540"
            n="149-a-0090"
            ecep:lem="sorrow"
            ecep:pos="n2"
            ecep:reg="sorrows"
            ecep:spe="sorrows"
            ecep:syllab="2"
            ecep:pron="ˈsɒrəʊz">sorrows</w>
         <c> </c>
         <w xml:id="o4984-328550"
            n="149-a-0100"
            ecep:lem="try"
            ecep:pos="vvi"
            ecep:reg="try"
            ecep:spe="try"
            ecep:syllab="1"
            ecep:pron="traɪ">try</w>
         <pc xml:id="o4984-328560"
             n="149-a-0110"
             ecep:lem=","
             ecep:pos=","
             ecep:reg=","
             ecep:spe=",">,</pc>
      </l>
      <l xml:id="o4984-l16115">
         <c> </c>
         <pc xml:id="o4984-328570"
             n="149-a-0120"
             ecep:lem="("
             ecep:pos="("
             ecep:reg="("
             ecep:spe="(">(</pc>
         <w xml:id="o4984-328580"
            n="149-a-0130"
            ecep:lem="sad"
            ecep:pos="j"
            ecep:reg="Sad"
            ecep:spe="Sad"
            ecep:syllab="1"
            ecep:pron="sæd">Sad</w>
         <c> </c>
         <w xml:id="o4984-328590"
            n="149-a-0140"
            ecep:lem="proof"
            ecep:pos="n1"
            ecep:reg="proof"
            ecep:spe="proof"
            ecep:syllab="1"
            ecep:pron="pruːf">proof</w>
         <c> </c>
         <w xml:id="o4984-328600"
            n="149-a-0150"
            ecep:lem="of"
            ecep:pos="pp-f"
            ecep:reg="of"
            ecep:spe="of"
            ecep:syllab="1"
            ecep:pron="ɒv">of</w>
         <c> </c>
         <w xml:id="o4984-328610"
            n="149-a-0160"
            ecep:lem="sin"
            ecep:pos="ng1"
            ecep:reg="sin's"
            ecep:spe="sin's"
            ecep:syllab="1"
            ecep:pron="sɪnz">sin's</w>
         <c> </c>
         <w xml:id="o4984-328620"
            n="149-a-0170"
            ecep:lem="transmissive"
            ecep:pos="j"
            ecep:reg="transmissive"
            ecep:spe="transmissive"
            ecep:syllab="3"
            ecep:pron="trænzˈmɪsɪv">transmissive</w>
         <c> </c>
         <w xml:id="o4984-328630"
            n="149-a-0180"
            ecep:lem="power"
            ecep:pos="n1"
            ecep:reg="power"
            ecep:spe="power"
            ecep:syllab="1"
            ecep:pron="ˈpaʊə">power</w>
         <pc xml:id="o4984-328640"
             n="149-a-0190"
             ecep:lem=")"
             ecep:pos=")"
             ecep:reg=")"
             ecep:spe=")">)</pc>
      </l>
      <l xml:id="o4984-l16120">
         <c> </c>
         <w xml:id="o4984-328650"
            n="149-a-0200"
            ecep:lem="that"
            ecep:pos="d"
            ecep:reg="That"
            ecep:spe="That"
            ecep:syllab="1"
            ecep:pron="ðæt">That</w>
         <c> </c>
         <w xml:id="o4984-328660"
            n="149-a-0210"
            ecep:lem="infant"
            ecep:pos="n1"
            ecep:reg="infant"
            ecep:spe="infant"
            ecep:syllab="2"
            ecep:pron="ˈɪnfənt">infant</w>
         <pc xml:id="o4984-328670"
             n="149-a-0220"
             ecep:lem=","
             ecep:pos=","
             ecep:reg=","
             ecep:spe=",">,</pc>
         <c> </c>
         <w xml:id="o4984-328680"
            n="149-a-0230"
            ecep:lem="lord"
            ecep:pos="n1"
            ecep:reg="Lord"
            ecep:spe="Lord"
            ecep:syllab="1"
            ecep:pron="lɔːd">Lord</w>
         <pc xml:id="o4984-328690"
             n="149-a-0240"
             ecep:lem="!"
             ecep:pos="!"
             ecep:reg="!"
             ecep:spe="!">!</pc>
         <c> </c>
         <w xml:id="o4984-328700"
            n="149-a-0250"
            ecep:lem="be"
            ecep:pos="vbm"
            ecep:reg="am"
            ecep:spe="am"
            ecep:syllab="1"
            ecep:pron="æm">am</w>
         <c> </c>
         <w xml:id="o4984-328710"
            n="149-a-0260"
            ecep:lem="i"
            ecep:pos="pns11"
            ecep:reg="I"
            ecep:spe="I"
            ecep:syllab="1"
            ecep:pron="aɪ">I</w>
         <pc unit="sentence"
             xml:id="o4984-328710-eos"
             n="149-a-0270"
             ecep:lem="."
             ecep:pos="."
             ecep:reg="."
             ecep:spe=".">.</pc>
         <c> </c>
      </l>
   </lg>
   <lg xml:id="o4984-s01660">
      <l xml:id="o4984-l16125">
         <w xml:id="o4984-328740"
            n="149-a-0280"
            ecep:lem="a"
            ecep:pos="dt"
            ecep:reg="A"
            ecep:spe="A"
            ecep:syllab="1"
            ecep:pron="ə">A</w>
         <c> </c>
         <w xml:id="o4984-328750"
            n="149-a-0290"
            ecep:lem="childhood"
            ecep:pos="n1"
            ecep:reg="childhood"
            ecep:spe="childhood"
            ecep:syllab="2"
            ecep:pron="ˈtʃaɪldhʊd">childhood</w>
         <c> </c>
         <w xml:id="o4984-328760"
            n="149-a-0300"
            ecep:lem="yet"
            ecep:pos="av"
            ecep:reg="yet"
            ecep:spe="yet"
            ecep:syllab="1"
            ecep:pron="jet">yet</w>
         <c> </c>
         <w xml:id="o4984-328770"
            n="149-a-0310"
            ecep:lem="my"
            ecep:pos="po11"
            ecep:reg="my"
            ecep:spe="my"
            ecep:syllab="1"
            ecep:pron="maɪ">my</w>
         <c> </c>
         <w xml:id="o4984-328780"
            n="149-a-0320"
            ecep:lem="thought"
            ecep:pos="n2"
            ecep:reg="thoughts"
            ecep:spe="thoughts"
            ecep:syllab="1"
            ecep:pron="θɔːts">thoughts</w>
         <c> </c>
         <w xml:id="o4984-328790"
            n="149-a-0330"
            ecep:lem="confess"
            ecep:pos="vvb"
            ecep:reg="confess"
            ecep:spe="confess"
            ecep:syllab="2"
            ecep:pron="kənˈfes">confess</w>
         <pc xml:id="o4984-328800"
             n="149-a-0340"
             ecep:lem=","
             ecep:pos=","
             ecep:reg=","
             ecep:spe=",">,</pc>
      </l>
      <l xml:id="o4984-l16130">
         <c> </c>
         <w xml:id="o4984-328810"
            n="149-a-0350"
            ecep:lem="though"
            ecep:pos="c-acp"
            ecep:reg="Though"
            ecep:spe="Tho'"
            ecep:syllab="1"
            ecep:pron="ðəʊ">Tho'</w>
         <c> </c>
         <w xml:id="o4984-328820"
            n="149-a-0360"
            ecep:lem="long"
            ecep:pos="av-j"
            ecep:reg="long"
            ecep:spe="long"
            ecep:syllab="1"
            ecep:pron="lɒŋ">long</w>
         <c> </c>
         <w xml:id="o4984-328830"
            n="149-a-0370"
            ecep:lem="in"
            ecep:pos="p-acp"
            ecep:reg="in"
            ecep:spe="in"
            ecep:syllab="1"
            ecep:pron="ɪn">in</w>
         <c> </c>
         <w xml:id="o4984-328840"
            n="149-a-0380"
            ecep:lem="year"
            ecep:pos="n2"
            ecep:reg="years"
            ecep:spe="years"
            ecep:syllab="1"
            ecep:pron="jɪəz">years</w>
         <c> </c>
         <w xml:id="o4984-328850"
            n="149-a-0390"
            ecep:lem="mature"
            ecep:pos="j"
            ecep:reg="mature"
            ecep:spe="mature"
            ecep:syllab="2"
            ecep:pron="məˈtʃʊə">mature</w>
         <pc xml:id="o4984-328860"
             n="149-a-0400"
             ecep:lem=";"
             ecep:pos=";"
             ecep:reg=";"
             ecep:spe=";">;</pc>
      </l>
      <l xml:id="o4984-l16135">
         <c> </c>
         <w xml:id="o4984-328870"
            n="149-a-0410"
            ecep:lem="unknowing"
            ecep:pos="j"
            ecep:reg="Unknowing"
            ecep:spe="Unknowing"
            ecep:syllab="3"
            ecep:pron="ʌnˈnəʊɪŋ">Unknowing</w>
         <c> </c>
         <w xml:id="o4984-328880"
            n="149-a-0420"
            ecep:lem="whence"
            ecep:pos="c-crq"
            ecep:reg="whence"
            ecep:spe="whence"
            ecep:syllab="1"
            ecep:pron="wens">whence</w>
         <c> </c>
         <w xml:id="o4984-328890"
            n="149-a-0430"
            ecep:lem="i"
            ecep:pos="pns11"
            ecep:reg="I"
            ecep:spe="I"
            ecep:syllab="1"
            ecep:pron="aɪ">I</w>
         <c> </c>
         <w xml:id="o4984-328900"
            n="149-a-0440"
            ecep:lem="feel"
            ecep:pos="vvb"
            ecep:reg="feel"
            ecep:spe="feel"
            ecep:syllab="1"
            ecep:pron="fiːl">feel</w>
         <c> </c>
         <w xml:id="o4984-328910"
            n="149-a-0450"
            ecep:lem="distress"
            ecep:pos="n1"
            ecep:reg="distress"
            ecep:spe="distress"
            ecep:syllab="2"
            ecep:pron="dɪˈstres">distress</w>
         <pc xml:id="o4984-328920"
             n="149-a-0460"
             ecep:lem=","
             ecep:pos=","
             ecep:reg=","
             ecep:spe=",">,</pc>
      </l>
      <l xml:id="o4984-l16140">
         <c> </c>
         <w xml:id="o4984-328930"
            n="149-a-0470"
            ecep:lem="and"
            ecep:pos="cc"
            ecep:reg="And"
            ecep:spe="And"
            ecep:syllab="1"
            ecep:pron="ænd">And</w>
         <c> </c>
         <w xml:id="o4984-328940"
            n="149-a-0480"
            ecep:lem="where"
            ecep:pos="c-crq"
            ecep:reg="where"
            ecep:spe="where"
            ecep:syllab="1"
            ecep:pron="weə">where</w>
         <pc xml:id="o4984-328950"
             n="149-a-0490"
             ecep:lem=","
             ecep:pos=","
             ecep:reg=","
             ecep:spe=",">,</pc>
         <c> </c>
         <w xml:id="o4984-328960"
            n="149-a-0500"
            ecep:lem="or"
            ecep:pos="cc"
            ecep:reg="or"
            ecep:spe="or"
            ecep:syllab="1"
            ecep:pron="ɔː">or</w>
         <c> </c>
         <w xml:id="o4984-328970"
            n="149-a-0510"
            ecep:lem="what"
            ecep:pos="q-crq"
            ecep:reg="what"
            ecep:spe="what"
            ecep:syllab="1"
            ecep:pron="wɒt">what</w>
         <c> </c>
         <w xml:id="o4984-328980"
            n="149-a-0520"
            ecep:lem="its"
            ecep:pos="po31"
            ecep:reg="its"
            ecep:spe="its"
            ecep:syllab="1"
            ecep:pron="ɪts">its</w>
         <c> </c>
         <w xml:id="o4984-328990"
            n="149-a-0530"
            ecep:lem="cure"
            ecep:pos="n1"
            ecep:reg="cure"
            ecep:spe="cure"
            ecep:syllab="1"
            ecep:pron="kjʊə">cure</w>
         <pc xml:id="o4984-329000"
             n="149-a-0540"
             unit="sentence"
             ecep:lem="."
             ecep:pos="."
             ecep:reg="."
             ecep:spe=".">.</pc>
         <c> </c>
      </l>
   </lg>
   <lg xml:id="o4984-s01665">
      <l xml:id="o4984-l16145">
         <w xml:id="o4984-329030"
            n="149-a-0550"
            ecep:lem="author"
            ecep:pos="n1"
            ecep:reg="Author"
            ecep:spe="Author"
            ecep:syllab="2"
            ecep:pron="ˈɔːθə">Author</w>
         <c> </c>
         <w xml:id="o4984-329040"
            n="149-a-0560"
            ecep:lem="of"
            ecep:pos="pp-f"
            ecep:reg="of"
            ecep:spe="of"
            ecep:syllab="1"
            ecep:pron="ɒv">of</w>
         <c> </c>
         <w xml:id="o4984-329050"
            n="149-a-0570"
            ecep:lem="good"
            ecep:pos="j"
            ecep:reg="good"
            ecep:spe="good"
            ecep:syllab="1"
            ecep:pron="gʊd">good</w>
         <pc xml:id="o4984-329060"
             n="149-a-0580"
             ecep:lem="!"
             ecep:pos="!"
             ecep:reg="!"
             ecep:spe="!">!</pc>
         <c> </c>
         <w xml:id="o4984-329070"
            n="149-a-0590"
            ecep:lem="to"
            ecep:pos="p-acp"
            ecep:reg="to"
            ecep:spe="to"
            ecep:syllab="1"
            ecep:pron="tuː">to</w>
         <c> </c>
         <w xml:id="o4984-329080"
            n="149-a-0600"
            ecep:lem="thou"
            ecep:pos="pno21"
            ecep:reg="thee"
            ecep:spe="thee"
            ecep:syllab="1"
            ecep:pron="ðiː">thee</w>
         <c> </c>
         <w xml:id="o4984-329090"
            n="149-a-0610"
            ecep:lem="i"
            ecep:pos="pns11"
            ecep:reg="I"
            ecep:spe="I"
            ecep:syllab="1"
            ecep:pron="aɪ">I</w>
         <c> </c>
         <w xml:id="o4984-329100"
            n="149-a-0620"
            ecep:lem="turn"
            ecep:pos="vvb"
            ecep:reg="turn"
            ecep:spe="turn"
            ecep:syllab="1"
            ecep:pron="tɜːn">turn</w>
         <pc xml:id="o4984-329110"
             n="149-a-0630"
             ecep:lem=";"
             ecep:pos=";"
             ecep:reg=";"
             ecep:spe=";">;</pc>
      </l>
      <l xml:id="o4984-l16150">
         <c> </c>
         <w xml:id="o4984-329120"
            n="149-a-0640"
            ecep:lem="thy"
            ecep:pos="po21"
            ecep:reg="Thy"
            ecep:spe="Thy"
            ecep:syllab="1"
            ecep:pron="ðaɪ">Thy</w>
         <c> </c>
         <w xml:id="o4984-329130"
            n="149-a-0650"
            ecep:lem="ever"
            ecep:pos="av"
            ecep:reg="ever"
            ecep:spe="ever"
            ecep:syllab="2"
            ecep:pron="ˈevə">ever</w>
         <c> </c>
         <w xml:id="o4984-329140"
            n="149-a-0660"
            ecep:lem="wakeful"
            ecep:pos="j"
            ecep:reg="wakeful"
            ecep:spe="wakeful"
            ecep:syllab="2"
            ecep:pron="ˈweɪkfl">wakeful</w>
         <c> </c>
         <w xml:id="o4984-329150"
            n="149-a-0670"
            ecep:lem="eye"
            ecep:pos="n1"
            ecep:reg="eye"
            ecep:spe="eye"
            ecep:syllab="1"
            ecep:pron="aɪ">eye</w>
      </l>
      <l xml:id="o4984-l16155">
         <c> </c>
         <w xml:id="o4984-329160"
            n="149-a-0680"
            ecep:lem="alone"
            ecep:pos="av-j"
            ecep:reg="Alone"
            ecep:spe="Alone"
            ecep:syllab="2"
            ecep:pron="əˈləʊn">Alone</w>
         <c> </c>
         <w xml:id="o4984-329170"
            n="149-a-0690"
            ecep:lem="can"
            ecep:pos="vmb"
            ecep:reg="can"
            ecep:spe="can"
            ecep:syllab="1"
            ecep:pron="kæn">can</w>
         <c> </c>
         <w xml:id="o4984-329180"
            n="149-a-0700"
            ecep:lem="all"
            ecep:pos="d"
            ecep:reg="all"
            ecep:spe="all"
            ecep:syllab="1"
            ecep:pron="ɔːl">all</w>
         <c> </c>
         <w xml:id="o4984-329190"
            n="149-a-0710"
            ecep:lem="my"
            ecep:pos="po11"
            ecep:reg="my"
            ecep:spe="my"
            ecep:syllab="1"
            ecep:pron="maɪ">my</w>
         <c> </c>
         <w xml:id="o4984-329200"
            n="149-a-0720"
            ecep:lem="want"
            ecep:pos="n2"
            ecep:reg="wants"
            ecep:spe="wants"
            ecep:syllab="1"
            ecep:pron="wɒnts">wants</w>
         <c> </c>
         <w xml:id="o4984-329210"
            n="149-a-0730"
            ecep:lem="discern"
            ecep:pos="vvi"
            ecep:reg="discern"
            ecep:spe="discern"
            ecep:syllab="2"
            ecep:pron="dɪˈsɜːn">discern</w>
         <pc xml:id="o4984-329220"
             n="149-a-0740"
             ecep:lem=","
             ecep:pos=","
             ecep:reg=","
             ecep:spe=",">,</pc>
      </l>
      <l xml:id="o4984-l16160">
         <c> </c>
         <w xml:id="o4984-329230"
            n="149-a-0750"
            ecep:lem="thy"
            ecep:pos="po21"
            ecep:reg="Thy"
            ecep:spe="Thy"
            ecep:syllab="1"
            ecep:pron="ðaɪ">Thy</w>
         <c> </c>
         <w xml:id="o4984-329240"
            n="149-a-0760"
            ecep:lem="hand"
            ecep:pos="n1"
            ecep:reg="hand"
            ecep:spe="hand"
            ecep:syllab="1"
            ecep:pron="hænd">hand</w>
         <c> </c>
         <w xml:id="o4984-329250"
            n="149-a-0770"
            ecep:lem="alone"
            ecep:pos="av-j"
            ecep:reg="alone"
            ecep:spe="alone"
            ecep:syllab="2"
            ecep:pron="əˈləʊn">alone</w>
         <c> </c>
         <w xml:id="o4984-329260"
            n="149-a-0780"
            ecep:lem="supply"
            ecep:pos="vvi"
            ecep:reg="supply"
            ecep:spe="supply"
            ecep:syllab="2"
            ecep:pron="səˈplaɪ">supply</w>
         <pc xml:id="o4984-329270"
             n="149-a-0790"
             unit="sentence"
             ecep:lem="."
             ecep:pos="."
             ecep:reg="."
             ecep:spe=".">.</pc>
         <c> </c>
      </l>
   </lg>
   <lg xml:id="o4984-s01670">
      <l xml:id="o4984-l16165">
         <w xml:id="o4984-329300"
            n="149-a-0800"
            ecep:lem="o"
            ecep:pos="uh"
            ecep:reg="OH"
            ecep:spe="O"
            ecep:syllab="1"
            ecep:pron="əʊ">O</w>
         <c> </c>
         <w xml:id="o4984-329310"
            n="149-a-0810"
            ecep:lem="let"
            ecep:pos="vvb"
            ecep:reg="let"
            ecep:spe="let"
            ecep:syllab="1"
            ecep:pron="let">let</w>
         <c> </c>
         <w xml:id="o4984-329320"
            n="149-a-0820"
            ecep:lem="thy"
            ecep:pos="po21"
            ecep:reg="thy"
            ecep:spe="thy"
            ecep:syllab="1"
            ecep:pron="ðaɪ">thy</w>
         <c> </c>
         <w xml:id="o4984-329330"
            n="149-a-0830"
            ecep:lem="fear"
            ecep:pos="n1"
            ecep:reg="fear"
            ecep:spe="fear"
            ecep:syllab="1"
            ecep:pron="fɪə">fear</w>
         <c> </c>
         <w xml:id="o4984-329340"
            n="149-a-0840"
            ecep:lem="within"
            ecep:pos="p-acp"
            ecep:reg="within"
            ecep:spe="within"
            ecep:syllab="2"
            ecep:pron="wɪˈðɪn">within</w>
         <c> </c>
         <w xml:id="o4984-329350"
            n="149-a-0850"
            ecep:lem="i"
            ecep:pos="pno11"
            ecep:reg="me"
            ecep:spe="me"
            ecep:syllab="1"
            ecep:pron="miː">me</w>
         <c> </c>
         <w xml:id="o4984-329360"
            n="149-a-0860"
            ecep:lem="dwell"
            ecep:pos="vvi"
            ecep:reg="dwell"
            ecep:spe="dwell"
            ecep:syllab="1"
            ecep:pron="dwel">dwell</w>
         <pc xml:id="o4984-329370"
             n="149-a-0870"
             ecep:lem=","
             ecep:pos=","
             ecep:reg=","
             ecep:spe=",">,</pc>
      </l>
      <l xml:id="o4984-l16170">
         <c> </c>
         <w xml:id="o4984-329380"
            n="149-a-0880"
            ecep:lem="thy"
            ecep:pos="po21"
            ecep:reg="Thy"
            ecep:spe="Thy"
            ecep:syllab="1"
            ecep:pron="ðaɪ">Thy</w>
         <c> </c>
         <w xml:id="o4984-329390"
            n="149-a-0890"
            ecep:lem="love"
            ecep:pos="n1"
            ecep:reg="love"
            ecep:spe="love"
            ecep:syllab="1"
            ecep:pron="lʌv">love</w>
         <c> </c>
         <w xml:id="o4984-329400"
            n="149-a-0900"
            ecep:lem="my"
            ecep:pos="po11"
            ecep:reg="my"
            ecep:spe="my"
            ecep:syllab="1"
            ecep:pron="maɪ">my</w>
         <c> </c>
         <w xml:id="o4984-329410"
            n="149-a-0910"
            ecep:lem="footstep"
            ecep:pos="n2"
            ecep:reg="footsteps"
            ecep:spe="footsteps"
            ecep:syllab="2"
            ecep:pron="ˈfʊtsteps">footsteps</w>
         <c> </c>
         <w xml:id="o4984-329420"
            n="149-a-0920"
            ecep:lem="guide"
            ecep:pos="vvb"
            ecep:reg="guide"
            ecep:spe="guide"
            ecep:syllab="1"
            ecep:pron="gaɪd">guide</w>
         <pc xml:id="o4984-329430"
             n="149-a-0930"
             ecep:lem=";"
             ecep:pos=";"
             ecep:reg=";"
             ecep:spe=";">;</pc>
      </l>
      <l xml:id="o4984-l16175">
         <c> </c>
         <w xml:id="o4984-329440"
            n="149-a-0940"
            ecep:lem="that"
            ecep:pos="d"
            ecep:reg="That"
            ecep:spe="That"
            ecep:syllab="1"
            ecep:pron="ðæt">That</w>
         <c> </c>
         <w xml:id="o4984-329450"
            n="149-a-0950"
            ecep:lem="love"
            ecep:pos="n1"
            ecep:reg="love"
            ecep:spe="love"
            ecep:syllab="1"
            ecep:pron="lʌv">love</w>
         <c> </c>
         <w xml:id="o4984-329460"
            n="149-a-0960"
            ecep:lem="shall"
            ecep:pos="vmb"
            ecep:reg="shall"
            ecep:spe="shall"
            ecep:syllab="1"
            ecep:pron="ʃæl">shall</w>
         <c> </c>
         <w xml:id="o4984-329470"
            n="149-a-0970"
            ecep:lem="vain"
            ecep:pos="jc"
            ecep:reg="vainer"
            ecep:spe="vainer"
            ecep:syllab="2"
            ecep:pron="veɪnə">vainer</w>
         <c> </c>
         <w xml:id="o4984-329480"
            n="149-a-0980"
            ecep:lem="love"
            ecep:pos="n2"
            ecep:reg="loves"
            ecep:spe="loves"
            ecep:syllab="1"
            ecep:pron="lʌvz">loves</w>
         <c> </c>
         <w xml:id="o4984-329490"
            n="149-a-0990"
            ecep:lem="expel"
            ecep:pos="vvb"
            ecep:reg="expel"
            ecep:spe="expel"
            ecep:syllab="2"
            ecep:pron="ɪkˈspel">expel</w>
         <pc xml:id="o4984-329500"
             n="149-a-1000"
             ecep:lem=","
             ecep:pos=","
             ecep:reg=","
             ecep:spe=",">,</pc>
      </l>
      <l xml:id="o4984-l16180">
         <c> </c>
         <w xml:id="o4984-329510"
            n="149-a-1010"
            ecep:lem="that"
            ecep:pos="cst"
            ecep:reg="That"
            ecep:spe="That"
            ecep:syllab="1"
            ecep:pron="ðæt">That</w>
         <c> </c>
         <w xml:id="o4984-329520"
            n="149-a-1020"
            ecep:lem="fear"
            ecep:pos="vvb"
            ecep:reg="fear"
            ecep:spe="fear"
            ecep:syllab="1"
            ecep:pron="fɪə">fear</w>
         <c> </c>
         <w xml:id="o4984-329530"
            n="149-a-1030"
            ecep:lem="all"
            ecep:pos="d"
            ecep:reg="all"
            ecep:spe="all"
            ecep:syllab="1"
            ecep:pron="ɔːl">all</w>
         <c> </c>
         <w xml:id="o4984-329540"
            n="149-a-1040"
            ecep:lem="fear"
            ecep:pos="n2"
            ecep:reg="fears"
            ecep:spe="fears"
            ecep:syllab="1"
            ecep:pron="fɪəz">fears</w>
         <c> </c>
         <w xml:id="o4984-329550"
            n="149-a-1050"
            ecep:lem="beside"
            ecep:pos="a-acp"
            ecep:reg="beside"
            ecep:spe="beside"
            ecep:syllab="2"
            ecep:pron="bɪˈsaɪd">beside</w>
         <pc xml:id="o4984-329560"
             n="149-a-1060"
             unit="sentence"
             ecep:lem="."
             ecep:pos="."
             ecep:reg="."
             ecep:spe=".">.</pc>
         <c> </c>
      </l>
   </lg>
   <lg xml:id="o4984-s01675">
      <l xml:id="o4984-l16185">
         <w xml:id="o4984-329590"
            n="149-a-1070"
            ecep:lem="and"
            ecep:pos="cc"
            ecep:reg="And"
            ecep:spe="And"
            ecep:syllab="1"
            ecep:pron="ænd">And</w>
         <c> </c>
         <w xml:id="o4984-329600"
            n="149-a-1080"
            ecep:lem="o"
            ecep:pos="uh"
            ecep:reg="OH"
            ecep:spe="O"
            ecep:syllab="1"
            ecep:pron="əʊ">O</w>
         <pc xml:id="o4984-329605"
             n="149-a-1085"
             ecep:lem="!"
             ecep:pos="!"
             ecep:reg="!"
             ecep:spe="!">!</pc>
         <c> </c>
         <w xml:id="o4984-329610"
            n="149-a-1090"
            ecep:lem="by"
            ecep:pos="p-acp"
            ecep:reg="by"
            ecep:spe="by"
            ecep:syllab="1"
            ecep:pron="baɪ">by</w>
         <c> </c>
         <w xml:id="o4984-329620"
            n="149-a-1100"
            ecep:lem="error"
            ecep:pos="ng1"
            ecep:reg="error's"
            ecep:spe="error's"
            ecep:syllab="2"
            ecep:pron="ˈerəz">error's</w>
         <c> </c>
         <w xml:id="o4984-329630"
            n="149-a-1110"
            ecep:lem="force"
            ecep:pos="n1"
            ecep:reg="force"
            ecep:spe="force"
            ecep:syllab="1"
            ecep:pron="fɔːs">force</w>
         <c> </c>
         <w xml:id="o4984-329640"
            n="149-a-1120"
            ecep:lem="subdue"
            ecep:pos="vvn"
            ecep:reg="subdued"
            ecep:spe="subdu'd"
            ecep:syllab="2"
            ecep:pron="səbˈdʒuːd">subdu'd</w>
         <pc xml:id="o4984-329650"
             n="149-a-1130"
             ecep:lem=","
             ecep:pos=","
             ecep:reg=","
             ecep:spe=",">,</pc>
      </l>
      <l xml:id="o4984-l16190">
         <c> </c>
         <w xml:id="o4984-329660"
            n="149-a-1140"
            ecep:lem="since"
            ecep:pos="c-acp"
            ecep:reg="Since"
            ecep:spe="Since"
            ecep:syllab="1"
            ecep:pron="sɪns">Since</w>
         <c> </c>
         <w xml:id="o4984-329670"
            n="149-a-1150"
            ecep:lem="oft"
            ecep:pos="av"
            ecep:reg="oft"
            ecep:spe="oft"
            ecep:syllab="1"
            ecep:pron="ɒft">oft</w>
         <c> </c>
         <w xml:id="o4984-329680"
            n="149-a-1160"
            ecep:lem="my"
            ecep:pos="po11"
            ecep:reg="my"
            ecep:spe="my"
            ecep:syllab="1"
            ecep:pron="maɪ">my</w>
         <c> </c>
         <w xml:id="o4984-329690"
            n="149-a-1170"
            ecep:lem="stubborn"
            ecep:pos="j"
            ecep:reg="stubborn"
            ecep:spe="stubborn"
            ecep:syllab="2"
            ecep:pron="ˈstʌbən">stubborn</w>
         <c> </c>
         <w xml:id="o4984-329700"
            n="149-a-1180"
            ecep:lem="will"
            ecep:pos="n1"
            ecep:reg="will"
            ecep:spe="will"
            ecep:syllab="1"
            ecep:pron="wɪl">will</w>
         <pc xml:id="o4984-329710"
             n="149-a-1190"
             ecep:lem=","
             ecep:pos=","
             ecep:reg=","
             ecep:spe=",">,</pc>
      </l>
      <l xml:id="o4984-l16195">
         <c> </c>
         <w xml:id="o4984-329720"
            n="149-a-1200"
            ecep:lem="preposterous"
            ecep:pos="j"
            ecep:reg="Preposterous"
            ecep:spe="Preposterous"
            ecep:syllab="4"
            ecep:pron="prɪˈpɒstrəs">Preposterous</w>
         <pc xml:id="o4984-329730"
             n="149-a-1210"
             ecep:lem=","
             ecep:pos=","
             ecep:reg=","
             ecep:spe=",">,</pc>
         <c> </c>
         <w xml:id="o4984-329740"
            n="149-a-1220"
            ecep:lem="shun"
            ecep:pos="vvz"
            ecep:reg="shuns"
            ecep:spe="shuns"
            ecep:syllab="1"
            ecep:pron="ʃʌnz">shuns</w>
         <c> </c>
         <w xml:id="o4984-329750"
            n="149-a-1230"
            ecep:lem="the"
            ecep:pos="dt"
            ecep:reg="the"
            ecep:spe="the"
            ecep:syllab="1"
            ecep:pron="ðiː">the</w>
         <c> </c>
         <w xml:id="o4984-329760"
            n="149-a-1240"
            ecep:lem="latent"
            ecep:pos="j"
            ecep:reg="latent"
            ecep:spe="latent"
            ecep:syllab="2"
            ecep:pron="ˈleɪtnt">latent</w>
         <c> </c>
         <w xml:id="o4984-329770"
            n="149-a-1250"
            ecep:lem="good"
            ecep:pos="j"
            ecep:reg="good"
            ecep:spe="good"
            ecep:syllab="1"
            ecep:pron="gʊd">good</w>
         <pc xml:id="o4984-329780"
             n="149-a-1260"
             ecep:lem=","
             ecep:pos=","
             ecep:reg=","
             ecep:spe=",">,</pc>
      </l>
      <l xml:id="o4984-l16200">
         <c> </c>
         <w xml:id="o4984-329790"
            n="149-a-1270"
            ecep:lem="and"
            ecep:pos="cc"
            ecep:reg="And"
            ecep:spe="And"
            ecep:syllab="1"
            ecep:pron="ænd">And</w>
         <c> </c>
         <w xml:id="o4984-329800"
            n="149-a-1280"
            ecep:lem="grasp"
            ecep:pos="vvz"
            ecep:reg="grasps"
            ecep:spe="grasps"
            ecep:syllab="1"
            ecep:pron="grɑːsps">grasps</w>
         <c> </c>
         <w xml:id="o4984-329810"
            n="149-a-1290"
            ecep:lem="the"
            ecep:pos="dt"
            ecep:reg="the"
            ecep:spe="the"
            ecep:syllab="1"
            ecep:pron="ðiː">the</w>
         <c> </c>
         <w xml:id="o4984-329820"
            n="149-a-1300"
            ecep:lem="specious"
            ecep:pos="j"
            ecep:reg="specious"
            ecep:spe="specious"
            ecep:syllab="2"
            ecep:pron="ˈspiːʃəs">specious</w>
         <c> </c>
         <w xml:id="o4984-329830"
            n="149-a-1310"
            ecep:lem="ill"
            ecep:pos="j-jn"
            ecep:reg="ill"
            ecep:spe="ill"
            ecep:syllab="1"
            ecep:pron="ɪl">ill</w>
         <pc xml:id="o4984-329840"
             n="149-a-1320"
             ecep:lem=";"
             ecep:pos=";"
             ecep:reg=";"
             ecep:spe=";">;</pc>
      </l>
   </lg>
   <lg xml:id="o4984-s01680">
      <l xml:id="o4984-l16205">
         <w xml:id="o4984-329870"
            n="149-a-1330"
            ecep:lem="not"
            ecep:pos="xx"
            ecep:reg="Not"
            ecep:spe="Not"
            ecep:syllab="1"
            ecep:pron="nɒt">Not</w>
         <c> </c>
         <w xml:id="o4984-329880"
            n="149-a-1340"
            ecep:lem="to"
            ecep:pos="p-acp"
            ecep:reg="to"
            ecep:spe="to"
            ecep:syllab="1"
            ecep:pron="tuː">to</w>
         <c> </c>
         <w xml:id="o4984-329890"
            n="149-a-1350"
            ecep:lem="my"
            ecep:pos="po11"
            ecep:reg="my"
            ecep:spe="my"
            ecep:syllab="1"
            ecep:pron="maɪ">my</w>
         <c> </c>
         <w xml:id="o4984-329900"
            n="149-a-1360"
            ecep:lem="wish"
            ecep:pos="n1"
            ecep:reg="wish"
            ecep:spe="wish"
            ecep:syllab="1"
            ecep:pron="wɪʃ">wish</w>
         <pc xml:id="o4984-329910"
             n="149-a-1370"
             ecep:lem=","
             ecep:pos=","
             ecep:reg=","
             ecep:spe=",">,</pc>
         <c> </c>
         <w xml:id="o4984-329920"
            n="149-a-1380"
            ecep:lem="but"
            ecep:pos="cc-acp"
            ecep:reg="but"
            ecep:spe="but"
            ecep:syllab="1"
            ecep:pron="bʌt">but</w>
         <c> </c>
         <w xml:id="o4984-329930"
            n="149-a-1390"
            ecep:lem="to"
            ecep:pos="p-acp"
            ecep:reg="to"
            ecep:spe="to"
            ecep:syllab="1"
            ecep:pron="tuː">to</w>
         <c> </c>
         <w xml:id="o4984-329940"
            n="149-a-1400"
            ecep:lem="my"
            ecep:pos="po11"
            ecep:reg="my"
            ecep:spe="my"
            ecep:syllab="1"
            ecep:pron="maɪ">my</w>
         <c> </c>
         <w xml:id="o4984-329950"
            n="149-a-1410"
            ecep:lem="want"
            ecep:pos="n1"
            ecep:reg="want"
            ecep:spe="want"
            ecep:syllab="1"
            ecep:pron="wɒnt">want</w>
         <pc xml:id="o4984-329960"
             n="149-a-1420"
             ecep:lem=","
             ecep:pos=","
             ecep:reg=","
             ecep:spe=",">,</pc>
      </l>
      <l xml:id="o4984-l16210">
         <c> </c>
         <w xml:id="o4984-329970"
            n="149-a-1430"
            ecep:lem="do"
            ecep:pos="vdb"
            ecep:reg="Do"
            ecep:spe="Do"
            ecep:syllab="1"
            ecep:pron="duː">Do</w>
         <c> </c>
         <w xml:id="o4984-329980"
            n="149-a-1440"
            ecep:lem="thou"
            ecep:pos="pns21"
            ecep:reg="thou"
            ecep:spe="thou"
            ecep:syllab="1"
            ecep:pron="θaʊ">thou</w>
         <c> </c>
         <w xml:id="o4984-329990"
            n="149-a-1450"
            ecep:lem="thy"
            ecep:pos="po21"
            ecep:reg="thy"
            ecep:spe="thy"
            ecep:syllab="1"
            ecep:pron="ðaɪ">thy</w>
         <c> </c>
         <w xml:id="o4984-330000"
            n="149-a-1460"
            ecep:lem="gift"
            ecep:pos="n2"
            ecep:reg="gifts"
            ecep:spe="gifts"
            ecep:syllab="1"
            ecep:pron="gɪfts">gifts</w>
         <c> </c>
         <w xml:id="o4984-330010"
            n="149-a-1470"
            ecep:lem="apply"
            ecep:pos="vvi"
            ecep:reg="apply"
            ecep:spe="apply"
            ecep:syllab="2"
            ecep:pron="əˈplaɪ">apply</w>
         <pc xml:id="o4984-330020"
             n="149-a-1480"
             ecep:lem=":"
             ecep:pos=":"
             ecep:reg=":"
             ecep:spe=":">:</pc>
      </l>
      <l xml:id="o4984-l16215">
         <c> </c>
         <w xml:id="o4984-330030"
            n="149-a-1490"
            ecep:lem="unasked"
            ecep:pos="j"
            ecep:reg="Unasked"
            ecep:spe="Unask'd"
            ecep:syllab="2"
            ecep:pron="ʌnˈɑːskt">Unask'd</w>
         <pc xml:id="o4984-330040"
             n="149-a-1500"
             ecep:lem=","
             ecep:pos=","
             ecep:reg=","
             ecep:spe=",">,</pc>
         <c> </c>
         <w xml:id="o4984-330050"
            n="149-a-1510"
            ecep:lem="what"
            ecep:pos="q-crq"
            ecep:reg="what"
            ecep:spe="what"
            ecep:syllab="1"
            ecep:pron="wɒt">what</w>
         <c> </c>
         <w xml:id="o4984-330060"
            n="149-a-1520"
            ecep:lem="good"
            ecep:pos="j"
            ecep:reg="good"
            ecep:spe="good"
            ecep:syllab="1"
            ecep:pron="gʊd">good</w>
         <c> </c>
         <w xml:id="o4984-330070"
            n="149-a-1530"
            ecep:lem="thou"
            ecep:pos="pns21"
            ecep:reg="thou"
            ecep:spe="thou"
            ecep:syllab="1"
            ecep:pron="θaʊ">thou</w>
         <c> </c>
         <w xml:id="o4984-330080"
            n="149-a-1540"
            ecep:lem="know"
            ecep:pos="vv2"
            ecep:reg="knowest"
            ecep:spe="knowest"
            ecep:syllab="2"
            ecep:pron="ˈnəʊɪst">knowest</w>
         <pc xml:id="o4984-330090"
             n="149-a-1550"
             ecep:lem=","
             ecep:pos=","
             ecep:reg=","
             ecep:spe=",">,</pc>
         <c> </c>
         <w xml:id="o4984-330100"
            n="149-a-1560"
            ecep:lem="grant"
            ecep:pos="vvb"
            ecep:reg="grant"
            ecep:spe="grant"
            ecep:syllab="1"
            ecep:pron="grɑːnt">grant</w>
         <pc xml:id="o4984-330110"
             n="149-a-1570"
             ecep:lem=";"
             ecep:pos=";"
             ecep:reg=";"
             ecep:spe=";">;</pc>
      </l>
      <l xml:id="o4984-l16220">
         <c> </c>
         <w xml:id="o4984-330120"
            n="149-a-1580"
            ecep:lem="what"
            ecep:pos="q-crq"
            ecep:reg="What"
            ecep:spe="What"
            ecep:syllab="1"
            ecep:pron="wɒt">What</w>
         <c> </c>
         <w xml:id="o4984-330130"
            n="149-a-1590"
            ecep:lem="ill"
            ecep:pos="j-jn"
            ecep:reg="ill"
            ecep:spe="ill"
            ecep:syllab="1"
            ecep:pron="ɪl">ill</w>
         <pc xml:id="o4984-330140"
             n="149-a-1600"
             ecep:lem=","
             ecep:pos=","
             ecep:reg=","
             ecep:spe=",">,</pc>
         <c> </c>
         <w xml:id="o4984-330150"
            n="149-a-1610"
            ecep:lem="though"
            ecep:pos="c-acp"
            ecep:reg="though"
            ecep:spe="tho'"
            ecep:syllab="1"
            ecep:pron="ðəʊ">tho'</w>
         <c> </c>
         <w xml:id="o4984-330160"
            n="149-a-1620"
            ecep:lem="ask"
            ecep:pos="vvn"
            ecep:reg="asked"
            ecep:spe="ask'd"
            ecep:syllab="1"
            ecep:pron="ɑːskt">ask'd</w>
         <pc xml:id="o4984-330170"
             n="149-a-1630"
             ecep:lem=","
             ecep:pos=","
             ecep:reg=","
             ecep:spe=",">,</pc>
         <c> </c>
         <w xml:id="o4984-330180"
            n="149-a-1640"
            ecep:lem="deny"
            ecep:pos="vvb"
            ecep:reg="deny"
            ecep:spe="deny"
            ecep:syllab="2"
            ecep:pron="dɪˈnaɪ">deny</w>
         <pc xml:id="o4984-330190"
             n="149-a-1650"
             unit="sentence"
             ecep:lem="."
             ecep:pos="."
             ecep:reg="."
             ecep:spe=".">.</pc>
         <c> </c>
      </l>
   </lg>
</div>
