<?xml version="1.0" encoding="utf-8"?>
<!DOCTYPE div
  SYSTEM "about:legacy-compat">
<div xmlns:ecep="http://www.eighteenthcenturypoetry.org/ns"
     xmlns="http://www.tei-c.org/ns/1.0"
     xmlns:tei="http://www.tei-c.org/ns/1.0"
     ana="#iamb #trimeter #tetrameter #quatrain #cross #song"
     corresp="#txt_ParnTh1679_w0005"
     decls="#semi-normalized"
     ecep:syllab="8.6.8.6"
     met="-+|-+|-+|-+/ -+|-+|-+/ -+|-+|-+|-+/ -+|-+|-+/"
     rendition="#lgvspace"
     rhyme="abab"
     subtype="eceptext"
     type="song"
     xml:id="o4106-w0040">
   <link target="authors.xml#aut_ParnTh1679" type="author"/>
   <head type="main">
      <w xml:id="o4106-033240"
         n="27-a-0010"
         ecep:lem="song"
         ecep:pos="n1"
         ecep:reg="SONG"
         ecep:spe="SONG"
         ecep:syllab="1"
         ecep:pron="sɒŋ">SONG</w>
      <pc xml:id="o4106-033250"
          n="27-a-0020"
          unit="sentence"
          ecep:lem="."
          ecep:pos="."
          ecep:reg="."
          ecep:spe=".">.</pc>
   </head>
   <lg xml:id="o4106-s00225">
      <l xml:id="o4106-l01690">
         <w xml:id="o4106-033280"
            n="27-a-0030"
            ecep:lem="my"
            ecep:pos="po11"
            ecep:reg="MY"
            ecep:spe="MY"
            ecep:syllab="1"
            ecep:pron="maɪ">MY</w>
         <c> </c>
         <w xml:id="o4106-033290"
            n="27-a-0040"
            ecep:lem="day"
            ecep:pos="n2"
            ecep:reg="days"
            ecep:spe="days"
            ecep:syllab="1"
            ecep:pron="deɪz">days</w>
         <c> </c>
         <w xml:id="o4106-033300"
            n="27-a-0050"
            ecep:lem="have"
            ecep:pos="vhb"
            ecep:reg="have"
            ecep:spe="have"
            ecep:syllab="1"
            ecep:pron="hæv">have</w>
         <c> </c>
         <w xml:id="o4106-033310"
            n="27-a-0060"
            ecep:lem="be"
            ecep:pos="vbn"
            ecep:reg="been"
            ecep:spe="been"
            ecep:syllab="1"
            ecep:pron="biːn">been</w>
         <c> </c>
         <w xml:id="o4106-033320"
            n="27-a-0070"
            ecep:lem="so"
            ecep:pos="av"
            ecep:reg="so"
            ecep:spe="so"
            ecep:syllab="1"
            ecep:pron="səʊ">so</w>
         <c> </c>
         <w xml:id="o4106-033330"
            n="27-a-0080"
            ecep:lem="wondrous"
            ecep:pos="j"
            ecep:reg="wondrous"
            ecep:spe="wond'rous"
            ecep:syllab="2"
            ecep:pron="ˈwʌndrəs">wond'rous</w>
         <c> </c>
         <w xml:id="o4106-033340"
            n="27-a-0090"
            ecep:lem="free"
            ecep:pos="j"
            ecep:reg="free"
            ecep:spe="free"
            ecep:syllab="1"
            ecep:pron="friː">free</w>
         <pc xml:id="o4106-033350"
             n="27-a-0100"
             ecep:lem=","
             ecep:pos=","
             ecep:reg=","
             ecep:spe=",">,</pc>
      </l>
      <l xml:id="o4106-l01695">
         <c> </c>
         <w xml:id="o4106-033360"
            n="27-a-0110"
            ecep:lem="the"
            ecep:pos="dt"
            ecep:reg="The"
            ecep:spe="The"
            ecep:syllab="1"
            ecep:pron="ðiː">The</w>
         <c> </c>
         <w xml:id="o4106-033370"
            n="27-a-0120"
            ecep:lem="little"
            ecep:pos="j"
            ecep:reg="little"
            ecep:spe="little"
            ecep:syllab="2"
            ecep:pron="ˈlɪtl">little</w>
         <c> </c>
         <w xml:id="o4106-033380"
            n="27-a-0130"
            ecep:lem="bird"
            ecep:pos="n2"
            ecep:reg="Birds"
            ecep:spe="Birds"
            ecep:syllab="1"
            ecep:pron="bɜːdz">Birds</w>
         <c> </c>
         <w xml:id="o4106-033390"
            n="27-a-0140"
            ecep:lem="that"
            ecep:pos="cst"
            ecep:reg="that"
            ecep:spe="that"
            ecep:syllab="1"
            ecep:pron="ðæt">that</w>
         <c> </c>
         <w xml:id="o4106-033400"
            n="27-a-0150"
            ecep:lem="fly"
            ecep:pos="vvb"
            ecep:reg="fly"
            ecep:spe="fly"
            ecep:syllab="1"
            ecep:pron="flaɪ">fly</w>
      </l>
      <l xml:id="o4106-l01700">
         <c> </c>
         <w xml:id="o4106-033410"
            n="27-a-0160"
            ecep:lem="with"
            ecep:pos="p-acp"
            ecep:reg="With"
            ecep:spe="With"
            ecep:syllab="1"
            ecep:pron="wɪð">With</w>
         <c> </c>
         <w xml:id="o4106-033420"
            n="27-a-0170"
            ecep:lem="careless"
            ecep:pos="j"
            ecep:reg="careless"
            ecep:spe="careless"
            ecep:syllab="2"
            ecep:pron="ˈkeələs">careless</w>
         <c> </c>
         <w xml:id="o4106-033430"
            n="27-a-0180"
            ecep:lem="ease"
            ecep:pos="n1"
            ecep:reg="ease"
            ecep:spe="ease"
            ecep:syllab="1"
            ecep:pron="iːz">ease</w>
         <c> </c>
         <w xml:id="o4106-033440"
            n="27-a-0190"
            ecep:lem="from"
            ecep:pos="p-acp"
            ecep:reg="from"
            ecep:spe="from"
            ecep:syllab="1"
            ecep:pron="frɒm">from</w>
         <c> </c>
         <w xml:id="o4106-033450"
            n="27-a-0200"
            ecep:lem="tree"
            ecep:pos="n1"
            ecep:reg="Tree"
            ecep:spe="Tree"
            ecep:syllab="1"
            ecep:pron="triː">Tree</w>
         <c> </c>
         <w xml:id="o4106-033460"
            n="27-a-0210"
            ecep:lem="to"
            ecep:pos="p-acp"
            ecep:reg="to"
            ecep:spe="to"
            ecep:syllab="1"
            ecep:pron="tuː">to</w>
         <c> </c>
         <w xml:id="o4106-033470"
            n="27-a-0220"
            ecep:lem="tree"
            ecep:pos="n1"
            ecep:reg="Tree"
            ecep:spe="Tree"
            ecep:syllab="1"
            ecep:pron="triː">Tree</w>
         <pc xml:id="o4106-033480"
             n="27-a-0230"
             ecep:lem=","
             ecep:pos=","
             ecep:reg=","
             ecep:spe=",">,</pc>
      </l>
      <l xml:id="o4106-l01705">
         <c> </c>
         <w xml:id="o4106-033490"
            n="27-a-0240"
            ecep:lem="be"
            ecep:pos="vbdr"
            ecep:reg="Were"
            ecep:spe="Were"
            ecep:syllab="1"
            ecep:pron="wɜː">Were</w>
         <c> </c>
         <w xml:id="o4106-033500"
            n="27-a-0250"
            ecep:lem="but"
            ecep:pos="cc-acp"
            ecep:reg="but"
            ecep:spe="but"
            ecep:syllab="1"
            ecep:pron="bʌt">but</w>
         <c> </c>
         <w xml:id="o4106-033510"
            n="27-a-0260"
            ecep:lem="as"
            ecep:pos="c-acp"
            ecep:reg="as"
            ecep:spe="as"
            ecep:syllab="1"
            ecep:pron="æz">as</w>
         <c> </c>
         <w xml:id="o4106-033520"
            n="27-a-0270"
            ecep:lem="bless"
            ecep:pos="vvn"
            ecep:reg="blessed"
            ecep:spe="bless'd"
            ecep:syllab="1"
            ecep:pron="ˈblesɪd">bless'd</w>
         <c> </c>
         <w xml:id="o4106-033530"
            n="27-a-0280"
            ecep:lem="as"
            ecep:pos="c-acp"
            ecep:reg="as"
            ecep:spe="as"
            ecep:syllab="1"
            ecep:pron="æz">as</w>
         <c> </c>
         <w xml:id="o4106-033540"
            n="27-a-0290"
            ecep:lem="i"
            ecep:pos="pns11"
            ecep:reg="I"
            ecep:spe="I"
            ecep:syllab="1"
            ecep:pron="aɪ">I</w>
         <pc unit="sentence"
             xml:id="o4106-033540-eos"
             n="27-a-0300"
             ecep:lem="."
             ecep:pos="."
             ecep:reg="."
             ecep:spe=".">.</pc>
         <c> </c>
      </l>
   </lg>
   <lg xml:id="o4106-s00230">
      <l xml:id="o4106-l01710">
         <w xml:id="o4106-033570"
            n="27-a-0310"
            ecep:lem="ask"
            ecep:pos="vvb"
            ecep:reg="Ask"
            ecep:spe="Ask"
            ecep:syllab="1"
            ecep:pron="ɑːsk">Ask</w>
         <c> </c>
         <w xml:id="o4106-033580"
            n="27-a-0320"
            ecep:lem="glide"
            ecep:pos="j-vvg"
            ecep:reg="gliding"
            ecep:spe="gliding"
            ecep:syllab="2"
            ecep:pron="glaɪdɪŋ">gliding</w>
         <c> </c>
         <w xml:id="o4106-033590"
            n="27-a-0330"
            ecep:lem="water"
            ecep:pos="n2"
            ecep:reg="Waters"
            ecep:spe="Waters"
            ecep:syllab="2"
            ecep:pron="ˈwɔːtəz">Waters</w>
         <pc xml:id="o4106-033600"
             n="27-a-0340"
             ecep:lem=","
             ecep:pos=","
             ecep:reg=","
             ecep:spe=",">,</pc>
         <c> </c>
         <w xml:id="o4106-033610"
            n="27-a-0350"
            ecep:lem="if"
            ecep:pos="cs"
            ecep:reg="if"
            ecep:spe="if"
            ecep:syllab="1"
            ecep:pron="ɪf">if</w>
         <c> </c>
         <w xml:id="o4106-033620"
            n="27-a-0360"
            ecep:lem="a"
            ecep:pos="dt"
            ecep:reg="a"
            ecep:spe="a"
            ecep:syllab="1"
            ecep:pron="ə">a</w>
         <c> </c>
         <w xml:id="o4106-033630"
            n="27-a-0370"
            ecep:lem="tear"
            ecep:pos="n1"
            ecep:reg="Tear"
            ecep:spe="Tear"
            ecep:syllab="1"
            ecep:pron="tɪə">Tear</w>
      </l>
      <l xml:id="o4106-l01715">
         <c> </c>
         <w xml:id="o4106-033640"
            n="27-a-0380"
            ecep:lem="of"
            ecep:pos="pp-f"
            ecep:reg="Of"
            ecep:spe="Of"
            ecep:syllab="1"
            ecep:pron="ɒv">Of</w>
         <c> </c>
         <w xml:id="o4106-033650"
            n="27-a-0390"
            ecep:lem="i"
            ecep:pos="png11"
            ecep:reg="mine"
            ecep:spe="mine"
            ecep:syllab="1"
            ecep:pron="maɪn">mine</w>
         <c> </c>
         <w xml:id="o4106-033660"
            n="27-a-0400"
            ecep:lem="increase"
            ecep:pos="vvd"
            ecep:reg="increased"
            ecep:spe="encreas'd"
            ecep:syllab="2"
            ecep:pron="enkrˈiːzd">encreas'd</w>
         <c> </c>
         <w xml:id="o4106-033670"
            n="27-a-0410"
            ecep:lem="their"
            ecep:pos="po32"
            ecep:reg="their"
            ecep:spe="their"
            ecep:syllab="1"
            ecep:pron="ðeə">their</w>
         <c> </c>
         <w xml:id="o4106-033680"
            n="27-a-0420"
            ecep:lem="stream"
            ecep:pos="n1"
            ecep:reg="Stream"
            ecep:spe="Stream"
            ecep:syllab="1"
            ecep:pron="striːm">Stream</w>
         <pc xml:id="o4106-033690"
             n="27-a-0430"
             unit="sentence"
             ecep:lem="?"
             ecep:pos="?"
             ecep:reg="?"
             ecep:spe="?">?</pc>
         <c> </c>
      </l>
      <l xml:id="o4106-l01720">
         <w xml:id="o4106-033700"
            n="27-a-0440"
            ecep:lem="or"
            ecep:pos="cc"
            ecep:reg="Or"
            ecep:spe="Or"
            ecep:syllab="1"
            ecep:pron="ɔː">Or</w>
         <c> </c>
         <w xml:id="o4106-033710"
            n="27-a-0450"
            ecep:lem="ask"
            ecep:pos="vvb"
            ecep:reg="ask"
            ecep:spe="ask"
            ecep:syllab="1"
            ecep:pron="ɑːsk">ask</w>
         <c> </c>
         <w xml:id="o4106-033720"
            n="27-a-0460"
            ecep:lem="the"
            ecep:pos="dt"
            ecep:reg="the"
            ecep:spe="the"
            ecep:syllab="1"
            ecep:pron="ðiː">the</w>
         <c> </c>
         <w xml:id="o4106-033730"
            n="27-a-0470"
            ecep:lem="fly"
            ecep:pos="j-vvg"
            ecep:reg="flying"
            ecep:spe="flying"
            ecep:syllab="2"
            ecep:pron="flaɪɪŋ">flying</w>
         <c> </c>
         <w xml:id="o4106-033740"
            n="27-a-0480"
            ecep:lem="gale"
            ecep:pos="n2"
            ecep:reg="Gales"
            ecep:spe="Gales"
            ecep:syllab="1"
            ecep:pron="geɪlz">Gales</w>
         <pc xml:id="o4106-033750"
             n="27-a-0490"
             ecep:lem=","
             ecep:pos=","
             ecep:reg=","
             ecep:spe=",">,</pc>
         <c> </c>
         <w xml:id="o4106-033760"
            n="27-a-0500"
            ecep:lem="if"
            ecep:pos="cs"
            ecep:reg="if"
            ecep:spe="if"
            ecep:syllab="1"
            ecep:pron="ɪf">if</w>
         <c> </c>
         <w xml:id="o4106-033770"
            n="27-a-0510"
            ecep:lem="ever"
            ecep:pos="av"
            ecep:reg="ever"
            ecep:spe="e'er"
            ecep:syllab="1"
            ecep:pron="eə">e'er</w>
      </l>
      <l xml:id="o4106-l01725">
         <c> </c>
         <w xml:id="o4106-033780"
            n="27-a-0520"
            ecep:lem="i"
            ecep:pos="pns11"
            ecep:reg="I"
            ecep:spe="I"
            ecep:syllab="1"
            ecep:pron="aɪ">I</w>
         <c> </c>
         <w xml:id="o4106-033790"
            n="27-a-0530"
            ecep:lem="lend"
            ecep:pos="vvd"
            ecep:reg="lent"
            ecep:spe="lent"
            ecep:syllab="1"
            ecep:pron="lent">lent</w>
         <c> </c>
         <w xml:id="o4106-033800"
            n="27-a-0540"
            ecep:lem="one"
            ecep:pos="crd"
            ecep:reg="one"
            ecep:spe="one"
            ecep:syllab="1"
            ecep:pron="wʌn">one</w>
         <c> </c>
         <w xml:id="o4106-033810"
            n="27-a-0550"
            ecep:lem="sigh"
            ecep:pos="n1"
            ecep:reg="Sigh"
            ecep:spe="Sigh"
            ecep:syllab="1"
            ecep:pron="saɪ">Sigh</w>
         <c> </c>
         <w xml:id="o4106-033820"
            n="27-a-0560"
            ecep:lem="to"
            ecep:pos="p-acp"
            ecep:reg="to"
            ecep:spe="to"
            ecep:syllab="1"
            ecep:pron="tuː">to</w>
         <c> </c>
         <w xml:id="o4106-033830"
            n="27-a-0570"
            ecep:lem="they"
            ecep:pos="pno32"
            ecep:reg="them"
            ecep:spe="them"
            ecep:syllab="1"
            ecep:pron="ðem">them</w>
         <pc xml:id="o4106-033840"
             n="27-a-0580"
             unit="sentence"
             ecep:lem="?"
             ecep:pos="?"
             ecep:reg="?"
             ecep:spe="?">?</pc>
         <c> </c>
      </l>
   </lg>
   <lg xml:id="o4106-s00235">
      <l xml:id="o4106-l01730">
         <w xml:id="o4106-033870"
            n="27-a-0590"
            ecep:lem="but"
            ecep:pos="p-acp"
            ecep:reg="But"
            ecep:spe="But"
            ecep:syllab="1"
            ecep:pron="bʌt">But</w>
         <c> </c>
         <w xml:id="o4106-033880"
            n="27-a-0600"
            ecep:lem="now"
            ecep:pos="av"
            ecep:reg="now"
            ecep:spe="now"
            ecep:syllab="1"
            ecep:pron="naʊ">now</w>
         <c> </c>
         <w xml:id="o4106-033890"
            n="27-a-0610"
            ecep:lem="my"
            ecep:pos="po11"
            ecep:reg="my"
            ecep:spe="my"
            ecep:syllab="1"
            ecep:pron="maɪ">my</w>
         <c> </c>
         <w xml:id="o4106-033900"
            n="27-a-0620"
            ecep:lem="former"
            ecep:pos="j"
            ecep:reg="former"
            ecep:spe="former"
            ecep:syllab="2"
            ecep:pron="ˈfɔːmə">former</w>
         <c> </c>
         <w xml:id="o4106-033910"
            n="27-a-0630"
            ecep:lem="day"
            ecep:pos="n2"
            ecep:reg="Days"
            ecep:spe="Days"
            ecep:syllab="1"
            ecep:pron="deɪz">Days</w>
         <c> </c>
         <w xml:id="o4106-033920"
            n="27-a-0640"
            ecep:lem="retire"
            ecep:pos="vvi"
            ecep:reg="retire"
            ecep:spe="retire"
            ecep:syllab="3"
            ecep:pron="rɪˈtæə">retire</w>
         <pc xml:id="o4106-033930"
             n="27-a-0650"
             ecep:lem=","
             ecep:pos=","
             ecep:reg=","
             ecep:spe=",">,</pc>
      </l>
      <l xml:id="o4106-l01735">
         <c> </c>
         <w xml:id="o4106-033940"
            n="27-a-0660"
            ecep:lem="and"
            ecep:pos="cc"
            ecep:reg="And"
            ecep:spe="And"
            ecep:syllab="1"
            ecep:pron="ænd">And</w>
         <c> </c>
         <w xml:id="o4106-033950"
            n="27-a-0670"
            ecep:lem="i|be"
            ecep:pos="pns11|vbm"
            ecep:reg="I'm"
            ecep:spe="I'm"
            ecep:syllab="1"
            ecep:pron="ˈaɪm">I'm</w>
         <c> </c>
         <w xml:id="o4106-033960"
            n="27-a-0680"
            ecep:lem="by"
            ecep:pos="p-acp"
            ecep:reg="by"
            ecep:spe="by"
            ecep:syllab="1"
            ecep:pron="baɪ">by</w>
         <c> </c>
         <w xml:id="o4106-033970"
            n="27-a-0690"
            ecep:lem="beauty"
            ecep:pos="n1"
            ecep:reg="Beauty"
            ecep:spe="Beauty"
            ecep:syllab="2"
            ecep:pron="ˈbjuːti">Beauty</w>
         <c> </c>
         <w xml:id="o4106-033980"
            n="27-a-0700"
            ecep:lem="catch"
            ecep:pos="vvn"
            ecep:reg="caught"
            ecep:spe="caught"
            ecep:syllab="1"
            ecep:pron="kɔːt">caught</w>
         <pc xml:id="o4106-033990"
             n="27-a-0710"
             ecep:lem=","
             ecep:pos=","
             ecep:reg=","
             ecep:spe=",">,</pc>
      </l>
      <l xml:id="o4106-l01740">
         <c> </c>
         <w xml:id="o4106-034000"
            n="27-a-0720"
            ecep:lem="the"
            ecep:pos="dt"
            ecep:reg="The"
            ecep:spe="The"
            ecep:syllab="1"
            ecep:pron="ðiː">The</w>
         <c> </c>
         <w xml:id="o4106-034010"
            n="27-a-0730"
            ecep:lem="tender"
            ecep:pos="j"
            ecep:reg="tender"
            ecep:spe="tender"
            ecep:syllab="2"
            ecep:pron="ˈtendə">tender</w>
         <c> </c>
         <w xml:id="o4106-034020"
            n="27-a-0740"
            ecep:lem="chain"
            ecep:pos="n2"
            ecep:reg="Chains"
            ecep:spe="Chains"
            ecep:syllab="1"
            ecep:pron="tʃeɪnz">Chains</w>
         <c> </c>
         <w xml:id="o4106-034030"
            n="27-a-0750"
            ecep:lem="of"
            ecep:pos="pp-f"
            ecep:reg="of"
            ecep:spe="of"
            ecep:syllab="1"
            ecep:pron="ɒv">of</w>
         <c> </c>
         <w xml:id="o4106-034040"
            n="27-a-0760"
            ecep:lem="sweet"
            ecep:pos="j"
            ecep:reg="sweet"
            ecep:spe="sweet"
            ecep:syllab="1"
            ecep:pron="swiːt">sweet</w>
         <c> </c>
         <w xml:id="o4106-034050"
            n="27-a-0770"
            ecep:lem="desire"
            ecep:pos="n1"
            ecep:reg="Desire"
            ecep:spe="Desire"
            ecep:syllab="2"
            ecep:pron="dɪˈzæə">Desire</w>
      </l>
      <l xml:id="o4106-l01745">
         <c> </c>
         <w xml:id="o4106-034060"
            n="27-a-0780"
            ecep:lem="be"
            ecep:pos="vbb"
            ecep:reg="Are"
            ecep:spe="Are"
            ecep:syllab="1"
            ecep:pron="ɑː">Are</w>
         <c> </c>
         <w xml:id="o4106-034070"
            n="27-a-0790"
            ecep:lem="fix"
            ecep:pos="vvn"
            ecep:reg="fixed"
            ecep:spe="fix't"
            ecep:syllab="1"
            ecep:pron="fˈɪkst">fix't</w>
         <c> </c>
         <w xml:id="o4106-034080"
            n="27-a-0800"
            ecep:lem="upon"
            ecep:pos="p-acp"
            ecep:reg="upon"
            ecep:spe="upon"
            ecep:syllab="2"
            ecep:pron="əˈpɒn">upon</w>
         <c> </c>
         <w xml:id="o4106-034090"
            n="27-a-0810"
            ecep:lem="my"
            ecep:pos="po11"
            ecep:reg="my"
            ecep:spe="my"
            ecep:syllab="1"
            ecep:pron="maɪ">my</w>
         <c> </c>
         <w xml:id="o4106-034100"
            n="27-a-0820"
            ecep:lem="thought"
            ecep:pos="n1"
            ecep:reg="Thought"
            ecep:spe="Thought"
            ecep:syllab="1"
            ecep:pron="θɔːt">Thought</w>
         <pc xml:id="o4106-034110"
             n="27-a-0830"
             unit="sentence"
             ecep:lem="."
             ecep:pos="."
             ecep:reg="."
             ecep:spe=".">.</pc>
         <c> </c>
      </l>
   </lg>
   <pb facs="o4106/0033" n="22" rend="none"/>
   <lg xml:id="o4106-s00240">
      <l xml:id="o4106-l01750">
         <w xml:id="o4106-034140"
            n="28-a-0010"
            ecep:lem="you"
            ecep:pos="pn22"
            ecep:reg="You"
            ecep:spe="Ye"
            ecep:syllab="1"
            ecep:pron="jiː">Ye</w>
         <c> </c>
         <w xml:id="o4106-034150"
            n="28-a-0020"
            ecep:lem="nightingale"
            ecep:pos="n2"
            ecep:reg="Nightingales"
            ecep:spe="Nightingales"
            ecep:syllab="4"
            ecep:pron="ˈnaɪtɪŋgeɪlz">Nightingales</w>
         <pc xml:id="o4106-034160"
             n="28-a-0030"
             ecep:lem=","
             ecep:pos=","
             ecep:reg=","
             ecep:spe=",">,</pc>
         <c> </c>
         <w xml:id="o4106-034170"
            n="28-a-0040"
            ecep:lem="you"
            ecep:pos="pn22"
            ecep:reg="you"
            ecep:spe="ye"
            ecep:syllab="1"
            ecep:pron="jiː">ye</w>
         <c> </c>
         <w xml:id="o4106-034180"
            n="28-a-0050"
            ecep:lem="twist"
            ecep:pos="j-vvg"
            ecep:reg="twisting"
            ecep:spe="twisting"
            ecep:syllab="2"
            ecep:pron="twɪstɪŋ">twisting</w>
         <c> </c>
         <w xml:id="o4106-034190"
            n="28-a-0060"
            ecep:lem="pine"
            ecep:pos="n2"
            ecep:reg="Pines"
            ecep:spe="Pines"
            ecep:syllab="1"
            ecep:pron="paɪnz">Pines</w>
         <pc xml:id="o4106-034200"
             n="28-a-0070"
             unit="sentence"
             ecep:lem="!"
             ecep:pos="!"
             ecep:reg="!"
             ecep:spe="!">!</pc>
         <c> </c>
      </l>
      <l xml:id="o4106-l01755">
         <w xml:id="o4106-034210"
            n="28-a-0080"
            ecep:lem="you"
            ecep:pos="pn22"
            ecep:reg="You"
            ecep:spe="Ye"
            ecep:syllab="1"
            ecep:pron="jiː">Ye</w>
         <c> </c>
         <w xml:id="o4106-034220"
            n="28-a-0090"
            ecep:lem="swain"
            ecep:pos="n2"
            ecep:reg="Swains"
            ecep:spe="Swains"
            ecep:syllab="1"
            ecep:pron="sweɪnz">Swains</w>
         <c> </c>
         <w xml:id="o4106-034230"
            n="28-a-0100"
            ecep:lem="that"
            ecep:pos="cst"
            ecep:reg="that"
            ecep:spe="that"
            ecep:syllab="1"
            ecep:pron="ðæt">that</w>
         <c> </c>
         <w xml:id="o4106-034240"
            n="28-a-0110"
            ecep:lem="haunt"
            ecep:pos="vvb"
            ecep:reg="haunt"
            ecep:spe="haunt"
            ecep:syllab="1"
            ecep:pron="hɔːnt">haunt</w>
         <c> </c>
         <w xml:id="o4106-034250"
            n="28-a-0120"
            ecep:lem="the"
            ecep:pos="dt"
            ecep:reg="the"
            ecep:spe="the"
            ecep:syllab="1"
            ecep:pron="ðiː">the</w>
         <c> </c>
         <w xml:id="o4106-034260"
            n="28-a-0130"
            ecep:lem="grove"
            ecep:pos="n1"
            ecep:reg="Grove"
            ecep:spe="Grove"
            ecep:syllab="1"
            ecep:pron="grəʊv">Grove</w>
         <pc xml:id="o4106-034270"
             n="28-a-0140"
             unit="sentence"
             ecep:lem="!"
             ecep:pos="!"
             ecep:reg="!"
             ecep:spe="!">!</pc>
         <c> </c>
      </l>
      <l xml:id="o4106-l01760">
         <w xml:id="o4106-034280"
            n="28-a-0150"
            ecep:lem="you"
            ecep:pos="pn22"
            ecep:reg="You"
            ecep:spe="Ye"
            ecep:syllab="1"
            ecep:pron="jiː">Ye</w>
         <c> </c>
         <w xml:id="o4106-034290"
            n="28-a-0160"
            ecep:lem="gentle"
            ecep:pos="j-jn"
            ecep:reg="gentle"
            ecep:spe="gentle"
            ecep:syllab="2"
            ecep:pron="ˈdʒentl">gentle</w>
         <c> </c>
         <w xml:id="o4106-034300"
            n="28-a-0170"
            ecep:lem="echo"
            ecep:pos="n2"
            ecep:reg="Echoes"
            ecep:spe="Echoes"
            ecep:syllab="2"
            ecep:pron="ˈekəʊz">Echoes</w>
         <pc xml:id="o4106-034310"
             n="28-a-0180"
             ecep:lem=","
             ecep:pos=","
             ecep:reg=","
             ecep:spe=",">,</pc>
         <c> </c>
         <w xml:id="o4106-034320"
            n="28-a-0190"
            ecep:lem="breezy"
            ecep:pos="j"
            ecep:reg="breezy"
            ecep:spe="breezy"
            ecep:syllab="2"
            ecep:pron="ˈbriːzi">breezy</w>
         <c> </c>
         <w xml:id="o4106-034330"
            n="28-a-0200"
            ecep:lem="wind"
            ecep:pos="n2"
            ecep:reg="Winds"
            ecep:spe="Winds"
            ecep:syllab="1"
            ecep:pron="wɪndz">Winds</w>
         <pc xml:id="o4106-034340"
             n="28-a-0210"
             unit="sentence"
             ecep:lem="!"
             ecep:pos="!"
             ecep:reg="!"
             ecep:spe="!">!</pc>
         <c> </c>
      </l>
      <l xml:id="o4106-l01765">
         <w xml:id="o4106-034350"
            n="28-a-0220"
            ecep:lem="you"
            ecep:pos="pn22"
            ecep:reg="You"
            ecep:spe="Ye"
            ecep:syllab="1"
            ecep:pron="jiː">Ye</w>
         <c> </c>
         <w xml:id="o4106-034360"
            n="28-a-0230"
            ecep:lem="close"
            ecep:pos="j"
            ecep:reg="close"
            ecep:spe="close"
            ecep:syllab="1"
            ecep:pron="kləʊz">close</w>
         <c> </c>
         <w xml:id="o4106-034370"
            n="28-a-0240"
            ecep:lem="retreat"
            ecep:pos="n2"
            ecep:reg="Retreats"
            ecep:spe="Retreats"
            ecep:syllab="2"
            ecep:pron="rɪˈtriːts">Retreats</w>
         <c> </c>
         <w xml:id="o4106-034380"
            n="28-a-0250"
            ecep:lem="of"
            ecep:pos="pp-f"
            ecep:reg="of"
            ecep:spe="of"
            ecep:syllab="1"
            ecep:pron="ɒv">of</w>
         <c> </c>
         <w xml:id="o4106-034390"
            n="28-a-0260"
            ecep:lem="love"
            ecep:pos="n1"
            ecep:reg="Love"
            ecep:spe="Love"
            ecep:syllab="1"
            ecep:pron="lʌv">Love</w>
         <pc xml:id="o4106-034400"
             n="28-a-0270"
             unit="sentence"
             ecep:lem="!"
             ecep:pos="!"
             ecep:reg="!"
             ecep:spe="!">!</pc>
         <c> </c>
      </l>
   </lg>
   <lg xml:id="o4106-s00245">
      <l xml:id="o4106-l01770">
         <w xml:id="o4106-034430"
            n="28-a-0280"
            ecep:lem="with"
            ecep:pos="p-acp"
            ecep:reg="With"
            ecep:spe="With"
            ecep:syllab="1"
            ecep:pron="wɪð">With</w>
         <c> </c>
         <w xml:id="o4106-034440"
            n="28-a-0290"
            ecep:lem="all"
            ecep:pos="d"
            ecep:reg="all"
            ecep:spe="all"
            ecep:syllab="1"
            ecep:pron="ɔːl">all</w>
         <c> </c>
         <w xml:id="o4106-034450"
            n="28-a-0300"
            ecep:lem="of"
            ecep:pos="pp-f"
            ecep:reg="of"
            ecep:spe="of"
            ecep:syllab="1"
            ecep:pron="ɒv">of</w>
         <c> </c>
         <w xml:id="o4106-034460"
            n="28-a-0310"
            ecep:lem="nature"
            ecep:pos="n1"
            ecep:reg="Nature"
            ecep:spe="Nature"
            ecep:syllab="2"
            ecep:pron="ˈneɪtʃə">Nature</w>
         <pc xml:id="o4106-034470"
             n="28-a-0320"
             ecep:lem=","
             ecep:pos=","
             ecep:reg=","
             ecep:spe=",">,</pc>
         <c> </c>
         <w xml:id="o4106-034480"
            n="28-a-0330"
            ecep:lem="all"
            ecep:pos="d"
            ecep:reg="all"
            ecep:spe="all"
            ecep:syllab="1"
            ecep:pron="ɔːl">all</w>
         <c> </c>
         <w xml:id="o4106-034490"
            n="28-a-0340"
            ecep:lem="of"
            ecep:pos="pp-f"
            ecep:reg="of"
            ecep:spe="of"
            ecep:syllab="1"
            ecep:pron="ɒv">of</w>
         <c> </c>
         <w xml:id="o4106-034500"
            n="28-a-0350"
            ecep:lem="art"
            ecep:pos="n1"
            ecep:reg="Art"
            ecep:spe="Art"
            ecep:syllab="1"
            ecep:pron="ɑːt">Art</w>
         <pc xml:id="o4106-034510"
             n="28-a-0360"
             ecep:lem=","
             ecep:pos=","
             ecep:reg=","
             ecep:spe=",">,</pc>
      </l>
      <l xml:id="o4106-l01775">
         <c> </c>
         <w xml:id="o4106-034520"
            n="28-a-0370"
            ecep:lem="assist"
            ecep:pos="vvb"
            ecep:reg="Assist"
            ecep:spe="Assist"
            ecep:syllab="2"
            ecep:pron="əˈsɪst">Assist</w>
         <c> </c>
         <w xml:id="o4106-034530"
            n="28-a-0380"
            ecep:lem="the"
            ecep:pos="dt"
            ecep:reg="the"
            ecep:spe="the"
            ecep:syllab="1"
            ecep:pron="ðiː">the</w>
         <c> </c>
         <w xml:id="o4106-034540"
            n="28-a-0390"
            ecep:lem="dear"
            ecep:pos="j-jn"
            ecep:reg="dear"
            ecep:spe="dear"
            ecep:syllab="1"
            ecep:pron="dɪə">dear</w>
         <c> </c>
         <w xml:id="o4106-034550"
            n="28-a-0400"
            ecep:lem="design"
            ecep:pos="n1"
            ecep:reg="Design"
            ecep:spe="Design"
            ecep:syllab="2"
            ecep:pron="dɪˈzaɪn">Design</w>
         <pc xml:id="o4106-034560"
             n="28-a-0410"
             ecep:lem=";"
             ecep:pos=";"
             ecep:reg=";"
             ecep:spe=";">;</pc>
      </l>
      <l xml:id="o4106-l01780">
         <c> </c>
         <w xml:id="o4106-034570"
            n="28-a-0420"
            ecep:lem="o"
            ecep:pos="uh"
            ecep:reg="OH"
            ecep:spe="O"
            ecep:syllab="1"
            ecep:pron="əʊ">O</w>
         <c> </c>
         <w xml:id="o4106-034580"
            n="28-a-0430"
            ecep:lem="teach"
            ecep:pos="vvb"
            ecep:reg="teach"
            ecep:spe="teach"
            ecep:syllab="1"
            ecep:pron="tiːtʃ">teach</w>
         <c> </c>
         <w xml:id="o4106-034590"
            n="28-a-0440"
            ecep:lem="a"
            ecep:pos="dt"
            ecep:reg="a"
            ecep:spe="a"
            ecep:syllab="1"
            ecep:pron="ə">a</w>
         <c> </c>
         <w xml:id="o4106-034600"
            n="28-a-0450"
            ecep:lem="young"
            ecep:pos="j"
            ecep:reg="young"
            ecep:spe="young"
            ecep:syllab="1"
            ecep:pron="jʌŋ">young</w>
         <pc xml:id="o4106-034610"
             n="28-a-0460"
             ecep:lem=","
             ecep:pos=","
             ecep:reg=","
             ecep:spe=",">,</pc>
         <c> </c>
         <w xml:id="o4106-034620"
            n="28-a-0470"
            ecep:lem="unpractised"
            ecep:pos="j"
            ecep:reg="unpractised"
            ecep:spe="unpractic'd"
            ecep:syllab="3"
            ecep:pron="ʌnˈpræktɪst">unpractic'd</w>
         <c> </c>
         <w xml:id="o4106-034630"
            n="28-a-0480"
            ecep:lem="heart"
            ecep:pos="n1"
            ecep:reg="Heart"
            ecep:spe="Heart"
            ecep:syllab="1"
            ecep:pron="hɑːt">Heart</w>
         <pc xml:id="o4106-034640"
             n="28-a-0490"
             ecep:lem=","
             ecep:pos=","
             ecep:reg=","
             ecep:spe=",">,</pc>
      </l>
      <l xml:id="o4106-l01785">
         <c> </c>
         <w xml:id="o4106-034650"
            n="28-a-0500"
            ecep:lem="to"
            ecep:pos="pc-acp"
            ecep:reg="To"
            ecep:spe="To"
            ecep:syllab="1"
            ecep:pron="tuː">To</w>
         <c> </c>
         <w xml:id="o4106-034660"
            n="28-a-0510"
            ecep:lem="make"
            ecep:pos="vvi"
            ecep:reg="make"
            ecep:spe="make"
            ecep:syllab="1"
            ecep:pron="meɪk">make</w>
         <c> </c>
         <w xml:id="o4106-034670"
            n="28-a-0520"
            ecep:lem="my"
            ecep:pos="po11"
            ecep:reg="my"
            ecep:spe="my"
            ecep:syllab="1"
            ecep:pron="maɪ">my</w>
         <c> </c>
         <hi>
            <w xml:id="o4106-034680"
               n="28-a-0530"
               ecep:lem="Nancy"
               ecep:pos="np1"
               ecep:reg="Nancy"
               ecep:spe="Nancy"
               ecep:syllab="2"
               ecep:pron="ˈnænsi">Nancy</w>
         </hi>
         <c> </c>
         <w xml:id="o4106-034690"
            n="28-a-0540"
            ecep:lem="mine"
            ecep:pos="n1"
            ecep:reg="mine"
            ecep:spe="mine"
            ecep:syllab="1"
            ecep:pron="maɪn">mine</w>
         <pc xml:id="o4106-034700"
             n="28-a-0550"
             unit="sentence"
             ecep:lem="."
             ecep:pos="."
             ecep:reg="."
             ecep:spe=".">.</pc>
         <c> </c>
      </l>
   </lg>
   <lg xml:id="o4106-s00250">
      <l xml:id="o4106-l01790">
         <w xml:id="o4106-034730"
            n="28-a-0560"
            ecep:lem="the"
            ecep:pos="dt"
            ecep:reg="The"
            ecep:spe="The"
            ecep:syllab="1"
            ecep:pron="ðiː">The</w>
         <c> </c>
         <w xml:id="o4106-034740"
            n="28-a-0570"
            ecep:lem="very"
            ecep:pos="j"
            ecep:reg="very"
            ecep:spe="very"
            ecep:syllab="2"
            ecep:pron="ˈveri">very</w>
         <c> </c>
         <w xml:id="o4106-034750"
            n="28-a-0580"
            ecep:lem="thought"
            ecep:pos="n1"
            ecep:reg="Thought"
            ecep:spe="Thought"
            ecep:syllab="1"
            ecep:pron="θɔːt">Thought</w>
         <c> </c>
         <w xml:id="o4106-034760"
            n="28-a-0590"
            ecep:lem="of"
            ecep:pos="pp-f"
            ecep:reg="of"
            ecep:spe="of"
            ecep:syllab="1"
            ecep:pron="ɒv">of</w>
         <c> </c>
         <w xml:id="o4106-034770"
            n="28-a-0600"
            ecep:lem="change"
            ecep:pos="n1"
            ecep:reg="Change"
            ecep:spe="Change"
            ecep:syllab="1"
            ecep:pron="tʃeɪndʒ">Change</w>
         <c> </c>
         <w xml:id="o4106-034780"
            n="28-a-0610"
            ecep:lem="i"
            ecep:pos="pns11"
            ecep:reg="I"
            ecep:spe="I"
            ecep:syllab="1"
            ecep:pron="aɪ">I</w>
         <c> </c>
         <w xml:id="o4106-034790"
            n="28-a-0620"
            ecep:lem="hate"
            ecep:pos="vvb"
            ecep:reg="hate"
            ecep:spe="hate"
            ecep:syllab="1"
            ecep:pron="heɪt">hate</w>
         <pc xml:id="o4106-034800"
             n="28-a-0630"
             ecep:lem=","
             ecep:pos=","
             ecep:reg=","
             ecep:spe=",">,</pc>
      </l>
      <l xml:id="o4106-l01795">
         <c> </c>
         <w xml:id="o4106-034810"
            n="28-a-0640"
            ecep:lem="as"
            ecep:pos="c-acp"
            ecep:reg="As"
            ecep:spe="As"
            ecep:syllab="1"
            ecep:pron="æz">As</w>
         <c> </c>
         <w xml:id="o4106-034820"
            n="28-a-0650"
            ecep:lem="much"
            ecep:pos="d"
            ecep:reg="much"
            ecep:spe="much"
            ecep:syllab="1"
            ecep:pron="mʌtʃ">much</w>
         <c> </c>
         <w xml:id="o4106-034830"
            n="28-a-0660"
            ecep:lem="as"
            ecep:pos="c-acp"
            ecep:reg="as"
            ecep:spe="as"
            ecep:syllab="1"
            ecep:pron="æz">as</w>
         <c> </c>
         <w xml:id="o4106-034840"
            n="28-a-0670"
            ecep:lem="of"
            ecep:pos="pp-f"
            ecep:reg="of"
            ecep:spe="of"
            ecep:syllab="1"
            ecep:pron="ɒv">of</w>
         <c> </c>
         <w xml:id="o4106-034850"
            n="28-a-0680"
            ecep:lem="despair"
            ecep:pos="n1"
            ecep:reg="Despair"
            ecep:spe="Despair"
            ecep:syllab="2"
            ecep:pron="dɪˈspeə">Despair</w>
         <pc xml:id="o4106-034860"
             n="28-a-0690"
             ecep:lem=";"
             ecep:pos=";"
             ecep:reg=";"
             ecep:spe=";">;</pc>
      </l>
      <l xml:id="o4106-l01800">
         <c> </c>
         <w xml:id="o4106-034870"
            n="28-a-0700"
            ecep:lem="nor"
            ecep:pos="ccx"
            ecep:reg="Nor"
            ecep:spe="Nor"
            ecep:syllab="1"
            ecep:pron="nɔː">Nor</w>
         <c> </c>
         <w xml:id="o4106-034880"
            n="28-a-0710"
            ecep:lem="ever"
            ecep:pos="av"
            ecep:reg="ever"
            ecep:spe="ever"
            ecep:syllab="2"
            ecep:pron="ˈevə">ever</w>
         <c> </c>
         <w xml:id="o4106-034890"
            n="28-a-0720"
            ecep:lem="covet"
            ecep:pos="vvb"
            ecep:reg="covet"
            ecep:spe="covet"
            ecep:syllab="2"
            ecep:pron="ˈkʌvɪt">covet</w>
         <c> </c>
         <w xml:id="o4106-034900"
            n="28-a-0730"
            ecep:lem="to"
            ecep:pos="pc-acp"
            ecep:reg="to"
            ecep:spe="to"
            ecep:syllab="1"
            ecep:pron="tuː">to</w>
         <c> </c>
         <w xml:id="o4106-034910"
            n="28-a-0740"
            ecep:lem="be"
            ecep:pos="vbi"
            ecep:reg="be"
            ecep:spe="be"
            ecep:syllab="1"
            ecep:pron="biː">be</w>
         <c> </c>
         <w xml:id="o4106-034920"
            n="28-a-0750"
            ecep:lem="great"
            ecep:pos="j"
            ecep:reg="great"
            ecep:spe="great"
            ecep:syllab="1"
            ecep:pron="greɪt">great</w>
         <pc xml:id="o4106-034930"
             n="28-a-0760"
             ecep:lem=","
             ecep:pos=","
             ecep:reg=","
             ecep:spe=",">,</pc>
      </l>
      <l xml:id="o4106-l01805">
         <c> </c>
         <w xml:id="o4106-034940"
            n="28-a-0770"
            ecep:lem="unless"
            ecep:pos="cs"
            ecep:reg="Unless"
            ecep:spe="Unless"
            ecep:syllab="2"
            ecep:pron="ənˈles">Unless</w>
         <c> </c>
         <w xml:id="o4106-034950"
            n="28-a-0780"
            ecep:lem="it"
            ecep:pos="pn31"
            ecep:reg="it"
            ecep:spe="it"
            ecep:syllab="1"
            ecep:pron="ɪt">it</w>
         <c> </c>
         <w xml:id="o4106-034960"
            n="28-a-0790"
            ecep:lem="be"
            ecep:pos="vbi"
            ecep:reg="be"
            ecep:spe="be"
            ecep:syllab="1"
            ecep:pron="biː">be</w>
         <c> </c>
         <w xml:id="o4106-034970"
            n="28-a-0800"
            ecep:lem="for"
            ecep:pos="p-acp"
            ecep:reg="for"
            ecep:spe="for"
            ecep:syllab="1"
            ecep:pron="fɔː">for</w>
         <c> </c>
         <w xml:id="o4106-034980"
            n="28-a-0810"
            ecep:lem="she"
            ecep:pos="pno31"
            ecep:reg="her"
            ecep:spe="her"
            ecep:syllab="1"
            ecep:pron="hɜː">her</w>
         <pc xml:id="o4106-034990"
             n="28-a-0820"
             unit="sentence"
             ecep:lem="."
             ecep:pos="."
             ecep:reg="."
             ecep:spe=".">.</pc>
         <c> </c>
      </l>
   </lg>
   <lg xml:id="o4106-s00255">
      <l xml:id="o4106-l01810">
         <w xml:id="o4106-035020"
            n="28-a-0830"
            ecep:lem="it|be"
            ecep:pos="pn31|vbz"
            ecep:reg="It's"
            ecep:spe="'Tis"
            ecep:syllab="1"
            ecep:pron="tɪz">'Tis</w>
         <c> </c>
         <w xml:id="o4106-035030"
            n="28-a-0840"
            ecep:lem="true"
            ecep:pos="j"
            ecep:reg="true"
            ecep:spe="true"
            ecep:syllab="1"
            ecep:pron="truː">true</w>
         <pc xml:id="o4106-035040"
             n="28-a-0850"
             ecep:lem=","
             ecep:pos=","
             ecep:reg=","
             ecep:spe=",">,</pc>
         <c> </c>
         <w xml:id="o4106-035050"
            n="28-a-0860"
            ecep:lem="the"
            ecep:pos="dt"
            ecep:reg="the"
            ecep:spe="the"
            ecep:syllab="1"
            ecep:pron="ðiː">the</w>
         <c> </c>
         <w xml:id="o4106-035060"
            n="28-a-0870"
            ecep:lem="passion"
            ecep:pos="n1"
            ecep:reg="Passion"
            ecep:spe="Passion"
            ecep:syllab="2"
            ecep:pron="ˈpæʃn">Passion</w>
         <c> </c>
         <w xml:id="o4106-035070"
            n="28-a-0880"
            ecep:lem="in"
            ecep:pos="p-acp"
            ecep:reg="in"
            ecep:spe="in"
            ecep:syllab="1"
            ecep:pron="ɪn">in</w>
         <c> </c>
         <w xml:id="o4106-035080"
            n="28-a-0890"
            ecep:lem="my"
            ecep:pos="po11"
            ecep:reg="my"
            ecep:spe="my"
            ecep:syllab="1"
            ecep:pron="maɪ">my</w>
         <c> </c>
         <w xml:id="o4106-035090"
            n="28-a-0900"
            ecep:lem="mind"
            ecep:pos="n1"
            ecep:reg="Mind"
            ecep:spe="Mind"
            ecep:syllab="1"
            ecep:pron="maɪnd">Mind</w>
      </l>
      <l xml:id="o4106-l01815">
         <c> </c>
         <w xml:id="o4106-035100"
            n="28-a-0910"
            ecep:lem="be"
            ecep:pos="vbz"
            ecep:reg="Is"
            ecep:spe="Is"
            ecep:syllab="1"
            ecep:pron="ɪz">Is</w>
         <c> </c>
         <w xml:id="o4106-035110"
            n="28-a-0920"
            ecep:lem="mix"
            ecep:pos="vvn"
            ecep:reg="mixed"
            ecep:spe="mix'd"
            ecep:syllab="1"
            ecep:pron="mɪkst">mix'd</w>
         <c> </c>
         <w xml:id="o4106-035120"
            n="28-a-0930"
            ecep:lem="with"
            ecep:pos="p-acp"
            ecep:reg="with"
            ecep:spe="with"
            ecep:syllab="1"
            ecep:pron="wɪð">with</w>
         <c> </c>
         <w xml:id="o4106-035130"
            n="28-a-0940"
            ecep:lem="soft"
            ecep:pos="j"
            ecep:reg="soft"
            ecep:spe="soft"
            ecep:syllab="1"
            ecep:pron="sɒft">soft</w>
         <c> </c>
         <w xml:id="o4106-035140"
            n="28-a-0950"
            ecep:lem="distress"
            ecep:pos="n1"
            ecep:reg="Distress"
            ecep:spe="Distress"
            ecep:syllab="2"
            ecep:pron="dɪˈstres">Distress</w>
         <pc xml:id="o4106-035150"
             n="28-a-0960"
             ecep:lem=";"
             ecep:pos=";"
             ecep:reg=";"
             ecep:spe=";">;</pc>
      </l>
      <l xml:id="o4106-l01820">
         <c> </c>
         <w xml:id="o4106-035160"
            n="28-a-0970"
            ecep:lem="yet"
            ecep:pos="av"
            ecep:reg="Yet"
            ecep:spe="Yet"
            ecep:syllab="1"
            ecep:pron="jet">Yet</w>
         <c> </c>
         <w xml:id="o4106-035170"
            n="28-a-0980"
            ecep:lem="while"
            ecep:pos="cs"
            ecep:reg="while"
            ecep:spe="while"
            ecep:syllab="1"
            ecep:pron="ˈwaɪl">while</w>
         <c> </c>
         <w xml:id="o4106-035180"
            n="28-a-0990"
            ecep:lem="the"
            ecep:pos="dt"
            ecep:reg="the"
            ecep:spe="the"
            ecep:syllab="1"
            ecep:pron="ðiː">the</w>
         <c> </c>
         <w xml:id="o4106-035190"
            n="28-a-1000"
            ecep:lem="fair"
            ecep:pos="j"
            ecep:reg="Fair"
            ecep:spe="Fair"
            ecep:syllab="1"
            ecep:pron="feə">Fair</w>
         <c> </c>
         <w xml:id="o4106-035200"
            n="28-a-1010"
            ecep:lem="i"
            ecep:pos="pns11"
            ecep:reg="I"
            ecep:spe="I"
            ecep:syllab="1"
            ecep:pron="aɪ">I</w>
         <c> </c>
         <w xml:id="o4106-035210"
            n="28-a-1020"
            ecep:lem="love"
            ecep:pos="vvb"
            ecep:reg="love"
            ecep:spe="love"
            ecep:syllab="1"
            ecep:pron="lʌv">love</w>
         <c> </c>
         <w xml:id="o4106-035220"
            n="28-a-1030"
            ecep:lem="be"
            ecep:pos="vbz"
            ecep:reg="is"
            ecep:spe="is"
            ecep:syllab="1"
            ecep:pron="ɪz">is</w>
         <c> </c>
         <w xml:id="o4106-035230"
            n="28-a-1040"
            ecep:lem="kind"
            ecep:pos="j"
            ecep:reg="kind"
            ecep:spe="kind"
            ecep:syllab="1"
            ecep:pron="kaɪnd">kind</w>
         <pc xml:id="o4106-035240"
             n="28-a-1050"
             ecep:lem=","
             ecep:pos=","
             ecep:reg=","
             ecep:spe=",">,</pc>
      </l>
      <l xml:id="o4106-l01825">
         <c> </c>
         <w xml:id="o4106-035250"
            n="28-a-1060"
            ecep:lem="i"
            ecep:pos="pns11"
            ecep:reg="I"
            ecep:spe="I"
            ecep:syllab="1"
            ecep:pron="aɪ">I</w>
         <c> </c>
         <w xml:id="o4106-035260"
            n="28-a-1070"
            ecep:lem="can"
            ecep:pos="vmbx"
            ecep:reg="cannot"
            ecep:spe="cannot"
            ecep:syllab="2"
            ecep:pron="ˈkænɒt">cannot</w>
         <c> </c>
         <w xml:id="o4106-035270"
            n="28-a-1080"
            ecep:lem="wish"
            ecep:pos="vvi"
            ecep:reg="wish"
            ecep:spe="wish"
            ecep:syllab="1"
            ecep:pron="wɪʃ">wish</w>
         <c> </c>
         <w xml:id="o4106-035280"
            n="28-a-1090"
            ecep:lem="it"
            ecep:pos="pn31"
            ecep:reg="it"
            ecep:spe="it"
            ecep:syllab="1"
            ecep:pron="ɪt">it</w>
         <c> </c>
         <w xml:id="o4106-035290"
            n="28-a-1100"
            ecep:lem="less"
            ecep:pos="av-dc"
            ecep:reg="Less"
            ecep:spe="Less"
            ecep:syllab="1"
            ecep:pron="les">Less</w>
         <pc xml:id="o4106-035300"
             n="28-a-1110"
             unit="sentence"
             ecep:lem="."
             ecep:pos="."
             ecep:reg="."
             ecep:spe=".">.</pc>
         <c> </c>
      </l>
   </lg>
</div>
