<?xml version="1.0" encoding="UTF-8"?>
<?xml-model href="../tei_all.rnc" type="application/relax-ng-compact-syntax"?>
<TEI xmlns="http://www.tei-c.org/ns/1.0">
   <teiHeader>
      <fileDesc>
         <titleStmt>
            <title corresp="#txt_BerkGe1763_w0003">ELEGY. TO ALMERIA.</title>
            <author corresp="authors.xml#aut_BerkGe1763">George Monck Berkeley</author>
            <respStmt>
               <name xml:id="AH">Alexander Huber</name>
               <resp>Editor</resp>
            </respStmt>
            <funder>
               <name type="institution" xml:id="BOD">Bodleian Libraries, University of Oxford</name>
               <address>
                  <addrLine>Broad Street</addrLine>
                  <addrLine>Oxford OX1 3BG</addrLine>
                  <addrLine>UK</addrLine>
               </address>
            </funder>
         </titleStmt>
         <publicationStmt>
            <publisher xml:id="ECPA">Eighteenth-Century Poetry Archive</publisher>
            <address>
               <addrLine>Taylor Institution Library</addrLine>
               <addrLine>St Giles'</addrLine>
               <addrLine>Oxford OX1 3NA</addrLine>
               <addrLine>UK</addrLine>
               <addrLine>
                  <email>info@eighteenthcenturypoetry.org</email>
               </addrLine>
               <addrLine>
                  <ref target="https://www.eighteenthcenturypoetry.org/">https://www.eighteenthcenturypoetry.org/</ref>
               </addrLine>
            </address>
            <pubPlace>Oxford</pubPlace>
            <availability status="restricted">
               <licence target="http://creativecommons.org/licenses/by-sa/3.0/">This work is licensed under a Creative Commons Attribution-ShareAlike 3.0 Unported License.</licence>
            </availability>
            <idno type="ESTC">T142950</idno>
            <idno type="TCP">K111746.000</idno>
         </publicationStmt>
         <sourceDesc>
            <bibl>
               <author>Berkeley, George Monck, 1763-1793.</author>
               <title>Poems: by the late George-Monck Berkeley, Esq. ... With a preface by the editor, consisting of some anecdotes of Mr. Monck Berkeley and several of his friends.</title>
               <pubPlace>London</pubPlace>
               <publisher>printed by J. Nichols; and sold by Messrs. Leigh and Sotheby; Mr. Edwards; Mr. Cooke, Oxford; Mr. Todd, York; Messrs. Simmons and Co.; Messrs. Flackton, Marrable, and Claris; and Mr. Bristow, Canterbury</publisher>
               <date>1797</date>
               <biblScope>pp. 4-5.</biblScope>
               <extent>viii,DCXXXII,212p.,plate: port.; 4⁰.</extent>
            </bibl>
         </sourceDesc>
      </fileDesc>
      <encodingDesc>
         <projectDesc>
            <p>This e-text is part of the Works section of the Eighteenth-Century Poetry Archive (ECPA).</p>
            <p>XML created for the Eighteenth-Century Poetry Archive (ECPA).</p>
         </projectDesc>
         <editorialDecl>
            <p>The text has been typographically modernized, but without any silent modernization of
						spelling, capitalization, or punctuation. The source of the text is given and all editorial interventions
						have been recorded in textual notes. Based on the electronic text originally produced by the TCP project, this  text has been edited to conform to the recommendations found in Level 5 of the
						Best Practices for TEI in Libraries version 4.0.0.
					</p>
         </editorialDecl>
         <classDecl>
            <taxonomy xml:id="LCNAF">
               <bibl>Library of Congress Name Authority File (<abbr>LCNAF</abbr>)</bibl>
            </taxonomy>
         </classDecl>
         <tagsDecl>
            <rendition n="linegroups indented" xml:id="lgindent" scheme="css">text-indent: 1em;</rendition>
            <rendition n="linegroups vertically spaced" xml:id="lgvspace" scheme="css">margin-bottom: 1em;</rendition>
            <rendition n="aligned centrally" xml:id="align-center" scheme="css">text-align: center;</rendition>
            <rendition n="aligned right" xml:id="align-right" scheme="css">text-align: right;</rendition>
            <rendition n="aligned left" xml:id="align-left" scheme="css">text-align: left;</rendition>
            <rendition n="inline" xml:id="inline" scheme="css">display: inline</rendition>
            <rendition n="italic" xml:id="i" scheme="css">font-style: italic;</rendition>
            <rendition n="bold" xml:id="b" scheme="css">font-weight: bold;</rendition>
         </tagsDecl>
      </encodingDesc>
   </teiHeader>
   <text>
      <body>
         <div xmlns:ecep="http://www.eighteenthcenturypoetry.org/ns"
              ana="#iamb #tetrameter #pair #couplet #elegy"
              corresp="#txt_BerkGe1763_w0003"
              decls="#semi-normalized"
              ecep:syllab="8"
              met="-+|-+|-+|-+/"
              rendition="#lgvspace"
              rhyme="aa"
              subtype="eceptext"
              type="poem"
              xml:id="o5280-w0020">
            <link target="authors.xml#aut_BerkGe1763" type="author"/>
            <head type="main">
               <w xmlns:ecep="http://www.eighteenthcenturypoetry.org/ns"
                  xml:id="o5280-2116400"
                  n="648-a-0010"
                  ecep:lem="elegy"
                  ecep:pos="n1"
                  ecep:reg="ELEGY"
                  ecep:spe="ELEGY"
                  ecep:syllab="3"
                  ecep:pron="ˈelɪdʒi">ELEGY</w>
               <pc xmlns:ecep="http://www.eighteenthcenturypoetry.org/ns"
                   xml:id="o5280-2116410"
                   n="648-a-0020"
                   unit="sentence"
                   ecep:lem="."
                   ecep:pos="."
                   ecep:reg="."
                   ecep:spe=".">.</pc>
            </head>
            <head type="sub">
               <w xmlns:ecep="http://www.eighteenthcenturypoetry.org/ns"
                  xml:id="o5280-2116440"
                  n="648-a-0030"
                  ecep:lem="to"
                  ecep:pos="p-acp"
                  ecep:reg="TO"
                  ecep:spe="TO"
                  ecep:syllab="1"
                  ecep:pron="tuː">TO</w>
               <c> </c>
               <w xmlns:ecep="http://www.eighteenthcenturypoetry.org/ns"
                  xml:id="o5280-2116450"
                  n="648-a-0040"
                  ecep:lem="Almeria"
                  ecep:pos="np1"
                  ecep:reg="ALMERIA"
                  ecep:spe="ALMERIA"
                  ecep:syllab="4"
                  ecep:pron="ˌælməˈriːə">ALMERIA</w>
               <pc xmlns:ecep="http://www.eighteenthcenturypoetry.org/ns"
                   xml:id="o5280-2116460"
                   n="648-a-0050"
                   unit="sentence"
                   ecep:lem="."
                   ecep:pos="."
                   ecep:reg="."
                   ecep:spe=".">.</pc>
            </head>
            <lg xml:id="o5280-s00035">
               <l xml:id="o5280-l00635">
                  <w xmlns:ecep="http://www.eighteenthcenturypoetry.org/ns"
                     xml:id="o5280-2116490"
                     n="648-a-0060"
                     ecep:lem="hail"
                     ecep:pos="uh-v"
                     ecep:reg="HAIL"
                     ecep:spe="HAIL"
                     ecep:syllab="1"
                     ecep:pron="heɪl">HAIL</w>
                  <pc xmlns:ecep="http://www.eighteenthcenturypoetry.org/ns"
                      xml:id="o5280-2116500"
                      n="648-a-0070"
                      ecep:lem=","
                      ecep:pos=","
                      ecep:reg=","
                      ecep:spe=",">,</pc>
                  <c> </c>
                  <w xmlns:ecep="http://www.eighteenthcenturypoetry.org/ns"
                     xml:id="o5280-2116510"
                     n="648-a-0080"
                     ecep:lem="blissful"
                     ecep:pos="j"
                     ecep:reg="blissful"
                     ecep:spe="blissful"
                     ecep:syllab="2"
                     ecep:pron="ˈblɪsfl">blissful</w>
                  <c> </c>
                  <w xmlns:ecep="http://www.eighteenthcenturypoetry.org/ns"
                     xml:id="o5280-2116520"
                     n="648-a-0090"
                     ecep:lem="scene"
                     ecep:pos="n2"
                     ecep:reg="scenes"
                     ecep:spe="scenes"
                     ecep:syllab="1"
                     ecep:pron="siːnz">scenes</w>
                  <c> </c>
                  <w xmlns:ecep="http://www.eighteenthcenturypoetry.org/ns"
                     xml:id="o5280-2116530"
                     n="648-a-0100"
                     ecep:lem="of"
                     ecep:pos="pp-f"
                     ecep:reg="of"
                     ecep:spe="of"
                     ecep:syllab="1"
                     ecep:pron="ɒv">of</w>
                  <c> </c>
                  <w xmlns:ecep="http://www.eighteenthcenturypoetry.org/ns"
                     xml:id="o5280-2116540"
                     n="648-a-0110"
                     ecep:lem="early"
                     ecep:pos="j"
                     ecep:reg="early"
                     ecep:spe="early"
                     ecep:syllab="2"
                     ecep:pron="ˈɜːli">early</w>
                  <c> </c>
                  <w xmlns:ecep="http://www.eighteenthcenturypoetry.org/ns"
                     xml:id="o5280-2116550"
                     n="648-a-0120"
                     ecep:lem="youth"
                     ecep:pos="n1"
                     ecep:reg="youth"
                     ecep:spe="youth"
                     ecep:syllab="1"
                     ecep:pron="juːθ">youth</w>
                  <pc xmlns:ecep="http://www.eighteenthcenturypoetry.org/ns"
                      xml:id="o5280-2116560"
                      n="648-a-0130"
                      ecep:lem=","
                      ecep:pos=","
                      ecep:reg=","
                      ecep:spe=",">,</pc>
               </l>
               <l xml:id="o5280-l00640">
                  <c> </c>
                  <w xmlns:ecep="http://www.eighteenthcenturypoetry.org/ns"
                     xml:id="o5280-2116570"
                     n="648-a-0140"
                     ecep:lem="so"
                     ecep:pos="av"
                     ecep:reg="So"
                     ecep:spe="So"
                     ecep:syllab="1"
                     ecep:pron="səʊ">So</w>
                  <c> </c>
                  <w xmlns:ecep="http://www.eighteenthcenturypoetry.org/ns"
                     xml:id="o5280-2116580"
                     n="648-a-0150"
                     ecep:lem="sacred"
                     ecep:pos="j"
                     ecep:reg="sacred"
                     ecep:spe="sacred"
                     ecep:syllab="1"
                     ecep:pron="ˈseɪkrɪd">sacred</w>
                  <c> </c>
                  <w xmlns:ecep="http://www.eighteenthcenturypoetry.org/ns"
                     xml:id="o5280-2116590"
                     n="648-a-0160"
                     ecep:lem="once"
                     ecep:pos="a-acp"
                     ecep:reg="once"
                     ecep:spe="once"
                     ecep:syllab="1"
                     ecep:pron="wʌns">once</w>
                  <c> </c>
                  <w xmlns:ecep="http://www.eighteenthcenturypoetry.org/ns"
                     xml:id="o5280-2116600"
                     n="648-a-0170"
                     ecep:lem="to"
                     ecep:pos="pc-acp"
                     ecep:reg="to"
                     ecep:spe="to"
                     ecep:syllab="1"
                     ecep:pron="tuː">to</w>
                  <c> </c>
                  <w xmlns:ecep="http://www.eighteenthcenturypoetry.org/ns"
                     xml:id="o5280-2116610"
                     n="648-a-0180"
                     ecep:lem="love"
                     ecep:pos="vvi"
                     ecep:reg="love"
                     ecep:spe="love"
                     ecep:syllab="1"
                     ecep:pron="lʌv">love</w>
                  <c> </c>
                  <w xmlns:ecep="http://www.eighteenthcenturypoetry.org/ns"
                     xml:id="o5280-2116620"
                     n="648-a-0190"
                     ecep:lem="and"
                     ecep:pos="cc"
                     ecep:reg="and"
                     ecep:spe="and"
                     ecep:syllab="1"
                     ecep:pron="ænd">and</w>
                  <c> </c>
                  <w xmlns:ecep="http://www.eighteenthcenturypoetry.org/ns"
                     xml:id="o5280-2116630"
                     n="648-a-0200"
                     ecep:lem="truth"
                     ecep:pos="n1"
                     ecep:reg="truth"
                     ecep:spe="truth"
                     ecep:syllab="1"
                     ecep:pron="truːθ">truth</w>
                  <pc xmlns:ecep="http://www.eighteenthcenturypoetry.org/ns"
                      xml:id="o5280-2116640"
                      n="648-a-0210"
                      ecep:lem=","
                      ecep:pos=","
                      ecep:reg=","
                      ecep:spe=",">,</pc>
               </l>
               <l xml:id="o5280-l00645">
                  <c> </c>
                  <w xmlns:ecep="http://www.eighteenthcenturypoetry.org/ns"
                     xml:id="o5280-2116650"
                     n="648-a-0220"
                     ecep:lem="when"
                     ecep:pos="c-crq"
                     ecep:reg="When"
                     ecep:spe="When"
                     ecep:syllab="1"
                     ecep:pron="wen">When</w>
                  <c> </c>
                  <w xmlns:ecep="http://www.eighteenthcenturypoetry.org/ns"
                     xml:id="o5280-2116660"
                     n="648-a-0230"
                     ecep:lem="my"
                     ecep:pos="po11"
                     ecep:reg="my"
                     ecep:spe="my"
                     ecep:syllab="1"
                     ecep:pron="maɪ">my</w>
                  <c> </c>
                  <w xmlns:ecep="http://www.eighteenthcenturypoetry.org/ns"
                     xml:id="o5280-2116670"
                     n="648-a-0240"
                     ecep:lem="Almeria"
                     ecep:pos="np1"
                     ecep:reg="Almeria"
                     ecep:spe="Almeria"
                     ecep:syllab="4"
                     ecep:pron="ˌælməˈriːə">Almeria</w>
                  <pc xmlns:ecep="http://www.eighteenthcenturypoetry.org/ns"
                      xml:id="o5280-2116680"
                      n="648-a-0250"
                      ecep:lem=","
                      ecep:pos=","
                      ecep:reg=","
                      ecep:spe=",">,</pc>
                  <c> </c>
                  <w xmlns:ecep="http://www.eighteenthcenturypoetry.org/ns"
                     xml:id="o5280-2116690"
                     n="648-a-0260"
                     ecep:lem="matchless"
                     ecep:pos="j"
                     ecep:reg="matchless"
                     ecep:spe="matchless"
                     ecep:syllab="2"
                     ecep:pron="ˈmætʃləs">matchless</w>
                  <c> </c>
                  <w xmlns:ecep="http://www.eighteenthcenturypoetry.org/ns"
                     xml:id="o5280-2116700"
                     n="648-a-0270"
                     ecep:lem="maid"
                     ecep:pos="n1"
                     ecep:reg="maid"
                     ecep:spe="maid"
                     ecep:syllab="1"
                     ecep:pron="meɪd">maid</w>
                  <pc xmlns:ecep="http://www.eighteenthcenturypoetry.org/ns"
                      xml:id="o5280-2116710"
                      n="648-a-0280"
                      ecep:lem=","
                      ecep:pos=","
                      ecep:reg=","
                      ecep:spe=",">,</pc>
               </l>
               <l xml:id="o5280-l00650">
                  <c> </c>
                  <w xmlns:ecep="http://www.eighteenthcenturypoetry.org/ns"
                     xml:id="o5280-2116720"
                     n="648-a-0290"
                     ecep:lem="with"
                     ecep:pos="p-acp"
                     ecep:reg="With"
                     ecep:spe="With"
                     ecep:syllab="1"
                     ecep:pron="wɪð">With</w>
                  <c> </c>
                  <w xmlns:ecep="http://www.eighteenthcenturypoetry.org/ns"
                     xml:id="o5280-2116730"
                     n="648-a-0300"
                     ecep:lem="angel"
                     ecep:pos="n1"
                     ecep:reg="angel"
                     ecep:spe="angel"
                     ecep:syllab="2"
                     ecep:pron="ˈeɪndʒl">angel</w>
                  <c> </c>
                  <w xmlns:ecep="http://www.eighteenthcenturypoetry.org/ns"
                     xml:id="o5280-2116740"
                     n="648-a-0310"
                     ecep:lem="charm"
                     ecep:pos="n2"
                     ecep:reg="charms"
                     ecep:spe="charms"
                     ecep:syllab="1"
                     ecep:pron="tʃɑːmz">charms</w>
                  <pc xmlns:ecep="http://www.eighteenthcenturypoetry.org/ns"
                      xml:id="o5280-2116750"
                      n="648-a-0320"
                      ecep:lem=","
                      ecep:pos=","
                      ecep:reg=","
                      ecep:spe=",">,</pc>
                  <c> </c>
                  <w xmlns:ecep="http://www.eighteenthcenturypoetry.org/ns"
                     xml:id="o5280-2116760"
                     n="648-a-0330"
                     ecep:lem="adorn"
                     ecep:pos="vvd"
                     ecep:reg="adorned"
                     ecep:spe="adorn'd"
                     ecep:syllab="2"
                     ecep:pron="əˈdɔːnd">adorn'd</w>
                  <c> </c>
                  <w xmlns:ecep="http://www.eighteenthcenturypoetry.org/ns"
                     xml:id="o5280-2116770"
                     n="648-a-0340"
                     ecep:lem="the"
                     ecep:pos="dt"
                     ecep:reg="the"
                     ecep:spe="the"
                     ecep:syllab="1"
                     ecep:pron="ðiː">the</w>
                  <c> </c>
                  <w xmlns:ecep="http://www.eighteenthcenturypoetry.org/ns"
                     xml:id="o5280-2116780"
                     n="648-a-0350"
                     ecep:lem="shade"
                     ecep:pos="n1"
                     ecep:reg="shade"
                     ecep:spe="shade"
                     ecep:syllab="1"
                     ecep:pron="ʃeɪd">shade</w>
                  <pc xmlns:ecep="http://www.eighteenthcenturypoetry.org/ns"
                      xml:id="o5280-2116790"
                      n="648-a-0360"
                      ecep:lem=";"
                      ecep:pos=";"
                      ecep:reg=";"
                      ecep:spe=";">;</pc>
               </l>
               <l xml:id="o5280-l00655">
                  <c> </c>
                  <w xmlns:ecep="http://www.eighteenthcenturypoetry.org/ns"
                     xml:id="o5280-2116800"
                     n="648-a-0370"
                     ecep:lem="regardless"
                     ecep:pos="av"
                     ecep:reg="Regardless"
                     ecep:spe="Regardless"
                     ecep:syllab="3"
                     ecep:pron="rɪˈgɑːdləs">Regardless</w>
                  <c> </c>
                  <w xmlns:ecep="http://www.eighteenthcenturypoetry.org/ns"
                     xml:id="o5280-2116810"
                     n="648-a-0380"
                     ecep:lem="of"
                     ecep:pos="pp-f"
                     ecep:reg="of"
                     ecep:spe="of"
                     ecep:syllab="1"
                     ecep:pron="ɒv">of</w>
                  <c> </c>
                  <w xmlns:ecep="http://www.eighteenthcenturypoetry.org/ns"
                     xml:id="o5280-2116820"
                     n="648-a-0390"
                     ecep:lem="each"
                     ecep:pos="d"
                     ecep:reg="each"
                     ecep:spe="each"
                     ecep:syllab="1"
                     ecep:pron="iːtʃ">each</w>
                  <c> </c>
                  <w xmlns:ecep="http://www.eighteenthcenturypoetry.org/ns"
                     xml:id="o5280-2116830"
                     n="648-a-0400"
                     ecep:lem="fond"
                     ecep:pos="j"
                     ecep:reg="fond"
                     ecep:spe="fond"
                     ecep:syllab="1"
                     ecep:pron="fɒnd">fond</w>
                  <c> </c>
                  <w xmlns:ecep="http://www.eighteenthcenturypoetry.org/ns"
                     xml:id="o5280-2116840"
                     n="648-a-0410"
                     ecep:lem="delight"
                     ecep:pos="n1"
                     ecep:reg="delight"
                     ecep:spe="delight"
                     ecep:syllab="2"
                     ecep:pron="dɪˈlaɪt">delight</w>
                  <pc xmlns:ecep="http://www.eighteenthcenturypoetry.org/ns"
                      xml:id="o5280-2116850"
                      n="648-a-0420"
                      ecep:lem=","
                      ecep:pos=","
                      ecep:reg=","
                      ecep:spe=",">,</pc>
               </l>
               <l xml:id="o5280-l00660">
                  <c> </c>
                  <w xmlns:ecep="http://www.eighteenthcenturypoetry.org/ns"
                     xml:id="o5280-2116860"
                     n="648-a-0430"
                     ecep:lem="though"
                     ecep:pos="c-acp"
                     ecep:reg="Though"
                     ecep:spe="Though"
                     ecep:syllab="1"
                     ecep:pron="ðəʊ">Though</w>
                  <c> </c>
                  <w xmlns:ecep="http://www.eighteenthcenturypoetry.org/ns"
                     xml:id="o5280-2116870"
                     n="648-a-0440"
                     ecep:lem="time"
                     ecep:pos="n1"
                     ecep:reg="time"
                     ecep:spe="time"
                     ecep:syllab="1"
                     ecep:pron="taɪm">time</w>
                  <c> </c>
                  <w xmlns:ecep="http://www.eighteenthcenturypoetry.org/ns"
                     xml:id="o5280-2116880"
                     n="648-a-0450"
                     ecep:lem="pursue"
                     ecep:pos="vvd"
                     ecep:reg="pursued"
                     ecep:spe="pursu'd"
                     ecep:syllab="2"
                     ecep:pron="pəˈsjuːd">pursu'd</w>
                  <c> </c>
                  <w xmlns:ecep="http://www.eighteenthcenturypoetry.org/ns"
                     xml:id="o5280-2116890"
                     n="648-a-0460"
                     ecep:lem="his"
                     ecep:pos="po31"
                     ecep:reg="his"
                     ecep:spe="his"
                     ecep:syllab="1"
                     ecep:pron="hɪz">his</w>
                  <c> </c>
                  <w xmlns:ecep="http://www.eighteenthcenturypoetry.org/ns"
                     xml:id="o5280-2116900"
                     n="648-a-0470"
                     ecep:lem="steady"
                     ecep:pos="j"
                     ecep:reg="steady"
                     ecep:spe="steady"
                     ecep:syllab="2"
                     ecep:pron="ˈstedi">steady</w>
                  <c> </c>
                  <w xmlns:ecep="http://www.eighteenthcenturypoetry.org/ns"
                     xml:id="o5280-2116910"
                     n="648-a-0480"
                     ecep:lem="flight"
                     ecep:pos="n1"
                     ecep:reg="flight"
                     ecep:spe="flight"
                     ecep:syllab="1"
                     ecep:pron="flaɪt">flight</w>
                  <pc xmlns:ecep="http://www.eighteenthcenturypoetry.org/ns"
                      xml:id="o5280-2116920"
                      n="648-a-0490"
                      ecep:lem=";"
                      ecep:pos=";"
                      ecep:reg=";"
                      ecep:spe=";">;</pc>
               </l>
               <l xml:id="o5280-l00665">
                  <c> </c>
                  <w xmlns:ecep="http://www.eighteenthcenturypoetry.org/ns"
                     xml:id="o5280-2116930"
                     n="648-a-0500"
                     ecep:lem="yet"
                     ecep:pos="av"
                     ecep:reg="Yet"
                     ecep:spe="Yet"
                     ecep:syllab="1"
                     ecep:pron="jet">Yet</w>
                  <pc xmlns:ecep="http://www.eighteenthcenturypoetry.org/ns"
                      xml:id="o5280-2116940"
                      n="648-a-0510"
                      ecep:lem=","
                      ecep:pos=","
                      ecep:reg=","
                      ecep:spe=",">,</pc>
                  <c> </c>
                  <w xmlns:ecep="http://www.eighteenthcenturypoetry.org/ns"
                     xml:id="o5280-2116950"
                     n="648-a-0520"
                     ecep:lem="as"
                     ecep:pos="c-acp"
                     ecep:reg="as"
                     ecep:spe="as"
                     ecep:syllab="1"
                     ecep:pron="æz">as</w>
                  <c> </c>
                  <w xmlns:ecep="http://www.eighteenthcenturypoetry.org/ns"
                     xml:id="o5280-2116960"
                     n="648-a-0530"
                     ecep:lem="he"
                     ecep:pos="pns31"
                     ecep:reg="he"
                     ecep:spe="he"
                     ecep:syllab="1"
                     ecep:pron="hiː">he</w>
                  <c> </c>
                  <w xmlns:ecep="http://www.eighteenthcenturypoetry.org/ns"
                     xml:id="o5280-2116970"
                     n="648-a-0540"
                     ecep:lem="fly"
                     ecep:pos="vvd"
                     ecep:reg="flew"
                     ecep:spe="flew"
                     ecep:syllab="1"
                     ecep:pron="fluː">flew</w>
                  <pc xmlns:ecep="http://www.eighteenthcenturypoetry.org/ns"
                      xml:id="o5280-2116980"
                      n="648-a-0550"
                      ecep:lem=","
                      ecep:pos=","
                      ecep:reg=","
                      ecep:spe=",">,</pc>
                  <c> </c>
                  <w xmlns:ecep="http://www.eighteenthcenturypoetry.org/ns"
                     xml:id="o5280-2116990"
                     n="648-a-0560"
                     ecep:lem="around"
                     ecep:pos="a-acp"
                     ecep:reg="around"
                     ecep:spe="around"
                     ecep:syllab="2"
                     ecep:pron="əˈraʊnd">around</w>
                  <c> </c>
                  <w xmlns:ecep="http://www.eighteenthcenturypoetry.org/ns"
                     xml:id="o5280-2117000"
                     n="648-a-0570"
                     ecep:lem="his"
                     ecep:pos="po31"
                     ecep:reg="his"
                     ecep:spe="his"
                     ecep:syllab="1"
                     ecep:pron="hɪz">his</w>
                  <c> </c>
                  <w xmlns:ecep="http://www.eighteenthcenturypoetry.org/ns"
                     xml:id="o5280-2117010"
                     n="648-a-0580"
                     ecep:lem="wing"
                     ecep:pos="n1"
                     ecep:reg="wing"
                     ecep:spe="wing"
                     ecep:syllab="1"
                     ecep:pron="wɪŋ">wing</w>
               </l>
               <l xml:id="o5280-l00670">
                  <c> </c>
                  <w xmlns:ecep="http://www.eighteenthcenturypoetry.org/ns"
                     xml:id="o5280-2117020"
                     n="648-a-0590"
                     ecep:lem="gay"
                     ecep:pos="j"
                     ecep:reg="Gay"
                     ecep:spe="Gay"
                     ecep:syllab="1"
                     ecep:pron="geɪ">Gay</w>
                  <c> </c>
                  <w xmlns:ecep="http://www.eighteenthcenturypoetry.org/ns"
                     xml:id="o5280-2117030"
                     n="648-a-0600"
                     ecep:lem="pleasure"
                     ecep:pos="n1"
                     ecep:reg="pleasure"
                     ecep:spe="pleasure"
                     ecep:syllab="2"
                     ecep:pron="ˈpleʒə">pleasure</w>
                  <c> </c>
                  <w xmlns:ecep="http://www.eighteenthcenturypoetry.org/ns"
                     xml:id="o5280-2117040"
                     n="648-a-0610"
                     ecep:lem="twine"
                     ecep:pos="vvd"
                     ecep:reg="twined"
                     ecep:spe="twin'd"
                     ecep:syllab="1"
                     ecep:pron="twaɪnd">twin'd</w>
                  <c> </c>
                  <w xmlns:ecep="http://www.eighteenthcenturypoetry.org/ns"
                     xml:id="o5280-2117050"
                     n="648-a-0620"
                     ecep:lem="the"
                     ecep:pos="dt"
                     ecep:reg="the"
                     ecep:spe="the"
                     ecep:syllab="1"
                     ecep:pron="ðiː">the</w>
                  <c> </c>
                  <w xmlns:ecep="http://www.eighteenthcenturypoetry.org/ns"
                     xml:id="o5280-2117060"
                     n="648-a-0630"
                     ecep:lem="wreath"
                     ecep:pos="n1"
                     ecep:reg="wreathe"
                     ecep:spe="wreath"
                     ecep:syllab="1"
                     ecep:pron="riːθ">wreath</w>
                  <c> </c>
                  <w xmlns:ecep="http://www.eighteenthcenturypoetry.org/ns"
                     xml:id="o5280-2117070"
                     n="648-a-0640"
                     ecep:lem="of"
                     ecep:pos="pp-f"
                     ecep:reg="of"
                     ecep:spe="of"
                     ecep:syllab="1"
                     ecep:pron="ɒv">of</w>
                  <c> </c>
                  <w xmlns:ecep="http://www.eighteenthcenturypoetry.org/ns"
                     xml:id="o5280-2117080"
                     n="648-a-0650"
                     ecep:lem="spring"
                     ecep:pos="n1"
                     ecep:reg="spring"
                     ecep:spe="spring"
                     ecep:syllab="1"
                     ecep:pron="sprɪŋ">spring</w>
                  <pc xmlns:ecep="http://www.eighteenthcenturypoetry.org/ns"
                      xml:id="o5280-2117090"
                      n="648-a-0660"
                      ecep:lem=","
                      ecep:pos=","
                      ecep:reg=","
                      ecep:spe=",">,</pc>
               </l>
               <l xml:id="o5280-l00675">
                  <c> </c>
                  <w xmlns:ecep="http://www.eighteenthcenturypoetry.org/ns"
                     xml:id="o5280-2117100"
                     n="648-a-0670"
                     ecep:lem="while"
                     ecep:pos="cs"
                     ecep:reg="While"
                     ecep:spe="Whilst"
                     ecep:syllab="1"
                     ecep:pron="waɪlst">Whilst</w>
                  <c> </c>
                  <w xmlns:ecep="http://www.eighteenthcenturypoetry.org/ns"
                     xml:id="o5280-2117110"
                     n="648-a-0680"
                     ecep:lem="hope"
                     ecep:pos="n1"
                     ecep:reg="Hope"
                     ecep:spe="Hope"
                     ecep:syllab="1"
                     ecep:pron="həʊp">Hope</w>
                  <pc xmlns:ecep="http://www.eighteenthcenturypoetry.org/ns"
                      xml:id="o5280-2117120"
                      n="648-a-0690"
                      ecep:lem=","
                      ecep:pos=","
                      ecep:reg=","
                      ecep:spe=",">,</pc>
                  <c> </c>
                  <w xmlns:ecep="http://www.eighteenthcenturypoetry.org/ns"
                     xml:id="o5280-2117130"
                     n="648-a-0700"
                     ecep:lem="fair"
                     ecep:pos="j"
                     ecep:reg="fair"
                     ecep:spe="fair"
                     ecep:syllab="1"
                     ecep:pron="feə">fair</w>
                  <c> </c>
                  <w xmlns:ecep="http://www.eighteenthcenturypoetry.org/ns"
                     xml:id="o5280-2117140"
                     n="648-a-0710"
                     ecep:lem="daughter"
                     ecep:pos="n1"
                     ecep:reg="daughter"
                     ecep:spe="daughter"
                     ecep:syllab="2"
                     ecep:pron="ˈdɔːtə">daughter</w>
                  <c> </c>
                  <w xmlns:ecep="http://www.eighteenthcenturypoetry.org/ns"
                     xml:id="o5280-2117150"
                     n="648-a-0720"
                     ecep:lem="of"
                     ecep:pos="pp-f"
                     ecep:reg="of"
                     ecep:spe="of"
                     ecep:syllab="1"
                     ecep:pron="ɒv">of</w>
                  <c> </c>
                  <w xmlns:ecep="http://www.eighteenthcenturypoetry.org/ns"
                     xml:id="o5280-2117160"
                     n="648-a-0730"
                     ecep:lem="the"
                     ecep:pos="dt"
                     ecep:reg="the"
                     ecep:spe="the"
                     ecep:syllab="1"
                     ecep:pron="ðiː">the</w>
                  <c> </c>
                  <w xmlns:ecep="http://www.eighteenthcenturypoetry.org/ns"
                     xml:id="o5280-2117170"
                     n="648-a-0740"
                     ecep:lem="sky"
                     ecep:pos="n1"
                     ecep:reg="sky"
                     ecep:spe="sky"
                     ecep:syllab="1"
                     ecep:pron="skaɪ">sky</w>
                  <pc xmlns:ecep="http://www.eighteenthcenturypoetry.org/ns"
                      xml:id="o5280-2117180"
                      n="648-a-0750"
                      ecep:lem=","
                      ecep:pos=","
                      ecep:reg=","
                      ecep:spe=",">,</pc>
               </l>
               <l xml:id="o5280-l00680">
                  <c> </c>
                  <w xmlns:ecep="http://www.eighteenthcenturypoetry.org/ns"
                     xml:id="o5280-2117190"
                     n="648-a-0760"
                     ecep:lem="with"
                     ecep:pos="p-acp"
                     ecep:reg="With"
                     ecep:spe="With"
                     ecep:syllab="1"
                     ecep:pron="wɪð">With</w>
                  <c> </c>
                  <w xmlns:ecep="http://www.eighteenthcenturypoetry.org/ns"
                     xml:id="o5280-2117200"
                     n="648-a-0770"
                     ecep:lem="golden"
                     ecep:pos="j"
                     ecep:reg="golden"
                     ecep:spe="golden"
                     ecep:syllab="2"
                     ecep:pron="ˈgəʊldn">golden</w>
                  <c> </c>
                  <w xmlns:ecep="http://www.eighteenthcenturypoetry.org/ns"
                     xml:id="o5280-2117210"
                     n="648-a-0780"
                     ecep:lem="tress"
                     ecep:pos="n1"
                     ecep:reg="tress"
                     ecep:spe="tress"
                     ecep:syllab="1"
                     ecep:pron="tres">tress</w>
                  <c> </c>
                  <w xmlns:ecep="http://www.eighteenthcenturypoetry.org/ns"
                     xml:id="o5280-2117220"
                     n="648-a-0790"
                     ecep:lem="and"
                     ecep:pos="cc"
                     ecep:reg="and"
                     ecep:spe="and"
                     ecep:syllab="1"
                     ecep:pron="ænd">and</w>
                  <c> </c>
                  <w xmlns:ecep="http://www.eighteenthcenturypoetry.org/ns"
                     xml:id="o5280-2117230"
                     n="648-a-0800"
                     ecep:lem="azure"
                     ecep:pos="j-jn"
                     ecep:reg="azure"
                     ecep:spe="azure"
                     ecep:syllab="2"
                     ecep:pron="ˈæzjʊə">azure</w>
                  <c> </c>
                  <w xmlns:ecep="http://www.eighteenthcenturypoetry.org/ns"
                     xml:id="o5280-2117240"
                     n="648-a-0810"
                     ecep:lem="eye"
                     ecep:pos="n1"
                     ecep:reg="eye"
                     ecep:spe="eye"
                     ecep:syllab="1"
                     ecep:pron="aɪ">eye</w>
                  <pc xmlns:ecep="http://www.eighteenthcenturypoetry.org/ns"
                      xml:id="o5280-2117250"
                      n="648-a-0820"
                      ecep:lem=","
                      ecep:pos=","
                      ecep:reg=","
                      ecep:spe=",">,</pc>
               </l>
               <l xml:id="o5280-l00685">
                  <c> </c>
                  <w xmlns:ecep="http://www.eighteenthcenturypoetry.org/ns"
                     xml:id="o5280-2117260"
                     n="648-a-0830"
                     ecep:lem="benignant"
                     ecep:pos="j"
                     ecep:reg="Benignant"
                     ecep:spe="Benignant"
                     ecep:syllab="3"
                     ecep:pron="bɪˈnɪgnənt">Benignant</w>
                  <c> </c>
                  <w xmlns:ecep="http://www.eighteenthcenturypoetry.org/ns"
                     xml:id="o5280-2117270"
                     n="648-a-0840"
                     ecep:lem="turn"
                     ecep:pos="vvd"
                     ecep:reg="turned"
                     ecep:spe="turn'd"
                     ecep:syllab="1"
                     ecep:pron="tɜːnd">turn'd</w>
                  <c> </c>
                  <w xmlns:ecep="http://www.eighteenthcenturypoetry.org/ns"
                     xml:id="o5280-2117280"
                     n="648-a-0850"
                     ecep:lem="her"
                     ecep:pos="po31"
                     ecep:reg="her"
                     ecep:spe="her"
                     ecep:syllab="1"
                     ecep:pron="hɜː">her</w>
                  <c> </c>
                  <w xmlns:ecep="http://www.eighteenthcenturypoetry.org/ns"
                     xml:id="o5280-2117290"
                     n="648-a-0860"
                     ecep:lem="gladden"
                     ecep:pos="j-vvg"
                     ecep:reg="gladdening"
                     ecep:spe="gladd'ning"
                     ecep:syllab="2"
                     ecep:pron="glˈædnɪŋ">gladd'ning</w>
                  <c> </c>
                  <w xmlns:ecep="http://www.eighteenthcenturypoetry.org/ns"
                     xml:id="o5280-2117300"
                     n="648-a-0870"
                     ecep:lem="lyre"
                     ecep:pos="n1"
                     ecep:reg="lyre"
                     ecep:spe="lyre"
                     ecep:syllab="1"
                     ecep:pron="laɪə">lyre</w>
                  <pc xmlns:ecep="http://www.eighteenthcenturypoetry.org/ns"
                      xml:id="o5280-2117310"
                      n="648-a-0880"
                      ecep:lem=","
                      ecep:pos=","
                      ecep:reg=","
                      ecep:spe=",">,</pc>
               </l>
               <l xml:id="o5280-l00690">
                  <c> </c>
                  <w xmlns:ecep="http://www.eighteenthcenturypoetry.org/ns"
                     xml:id="o5280-2117320"
                     n="648-a-0890"
                     ecep:lem="and"
                     ecep:pos="cc"
                     ecep:reg="And"
                     ecep:spe="And"
                     ecep:syllab="1"
                     ecep:pron="ænd">And</w>
                  <c> </c>
                  <w xmlns:ecep="http://www.eighteenthcenturypoetry.org/ns"
                     xml:id="o5280-2117330"
                     n="648-a-0900"
                     ecep:lem="bid"
                     ecep:pos="vvd"
                     ecep:reg="bade"
                     ecep:spe="bade"
                     ecep:syllab="1"
                     ecep:pron="bæd">bade</w>
                  <c> </c>
                  <w xmlns:ecep="http://www.eighteenthcenturypoetry.org/ns"
                     xml:id="o5280-2117340"
                     n="648-a-0910"
                     ecep:lem="my"
                     ecep:pos="po11"
                     ecep:reg="my"
                     ecep:spe="my"
                     ecep:syllab="1"
                     ecep:pron="maɪ">my</w>
                  <c> </c>
                  <w xmlns:ecep="http://www.eighteenthcenturypoetry.org/ns"
                     xml:id="o5280-2117350"
                     n="648-a-0920"
                     ecep:lem="soul"
                     ecep:pos="n1"
                     ecep:reg="soul"
                     ecep:spe="soul"
                     ecep:syllab="1"
                     ecep:pron="səʊl">soul</w>
                  <c> </c>
                  <w xmlns:ecep="http://www.eighteenthcenturypoetry.org/ns"
                     xml:id="o5280-2117360"
                     n="648-a-0930"
                     ecep:lem="to"
                     ecep:pos="p-acp"
                     ecep:reg="to"
                     ecep:spe="to"
                     ecep:syllab="1"
                     ecep:pron="tuː">to</w>
                  <c> </c>
                  <w xmlns:ecep="http://www.eighteenthcenturypoetry.org/ns"
                     xml:id="o5280-2117370"
                     n="648-a-0940"
                     ecep:lem="bliss"
                     ecep:pos="n1"
                     ecep:reg="bliss"
                     ecep:spe="bliss"
                     ecep:syllab="1"
                     ecep:pron="blɪs">bliss</w>
                  <c> </c>
                  <w xmlns:ecep="http://www.eighteenthcenturypoetry.org/ns"
                     xml:id="o5280-2117380"
                     n="648-a-0950"
                     ecep:lem="aspire"
                     ecep:pos="vvi"
                     ecep:reg="aspire"
                     ecep:spe="aspire"
                     ecep:syllab="2"
                     ecep:pron="əˈspæə">aspire</w>
                  <pc xmlns:ecep="http://www.eighteenthcenturypoetry.org/ns"
                      xml:id="o5280-2117390"
                      n="648-a-0960"
                      ecep:lem=";"
                      ecep:pos=";"
                      ecep:reg=";"
                      ecep:spe=";">;</pc>
               </l>
               <l xml:id="o5280-l00695">
                  <c> </c>
                  <w xmlns:ecep="http://www.eighteenthcenturypoetry.org/ns"
                     xml:id="o5280-2117400"
                     n="648-a-0970"
                     ecep:lem="but"
                     ecep:pos="cc-acp"
                     ecep:reg="But"
                     ecep:spe="But"
                     ecep:syllab="1"
                     ecep:pron="bʌt">But</w>
                  <c> </c>
                  <w xmlns:ecep="http://www.eighteenthcenturypoetry.org/ns"
                     xml:id="o5280-2117410"
                     n="648-a-0980"
                     ecep:lem="now"
                     ecep:pos="av"
                     ecep:reg="now"
                     ecep:spe="now"
                     ecep:syllab="1"
                     ecep:pron="naʊ">now</w>
                  <c> </c>
                  <w xmlns:ecep="http://www.eighteenthcenturypoetry.org/ns"
                     xml:id="o5280-2117420"
                     n="648-a-0990"
                     ecep:lem="no"
                     ecep:pos="dx"
                     ecep:reg="no"
                     ecep:spe="no"
                     ecep:syllab="1"
                     ecep:pron="nəʊ">no</w>
                  <c> </c>
                  <w xmlns:ecep="http://www.eighteenthcenturypoetry.org/ns"
                     xml:id="o5280-2117430"
                     n="648-a-1000"
                     ecep:lem="more"
                     ecep:pos="dc"
                     ecep:reg="more"
                     ecep:spe="more"
                     ecep:syllab="1"
                     ecep:pron="mɔː">more</w>
                  <c> </c>
                  <w xmlns:ecep="http://www.eighteenthcenturypoetry.org/ns"
                     xml:id="o5280-2117440"
                     n="648-a-1010"
                     ecep:lem="along"
                     ecep:pos="p-acp"
                     ecep:reg="along"
                     ecep:spe="along"
                     ecep:syllab="2"
                     ecep:pron="əˈlɒŋ">along</w>
                  <c> </c>
                  <w xmlns:ecep="http://www.eighteenthcenturypoetry.org/ns"
                     xml:id="o5280-2117450"
                     n="648-a-1020"
                     ecep:lem="these"
                     ecep:pos="d"
                     ecep:reg="these"
                     ecep:spe="these"
                     ecep:syllab="1"
                     ecep:pron="ðiːz">these</w>
                  <c> </c>
                  <w xmlns:ecep="http://www.eighteenthcenturypoetry.org/ns"
                     xml:id="o5280-2117460"
                     n="648-a-1030"
                     ecep:lem="plain"
                     ecep:pos="n2"
                     ecep:reg="plains"
                     ecep:spe="plains"
                     ecep:syllab="1"
                     ecep:pron="pleɪnz">plains</w>
               </l>
               <l xml:id="o5280-l00700">
                  <c> </c>
                  <w xmlns:ecep="http://www.eighteenthcenturypoetry.org/ns"
                     xml:id="o5280-2117470"
                     n="648-a-1040"
                     ecep:lem="she"
                     ecep:pos="pns31"
                     ecep:reg="She"
                     ecep:spe="She"
                     ecep:syllab="1"
                     ecep:pron="ʃiː">She</w>
                  <c> </c>
                  <w xmlns:ecep="http://www.eighteenthcenturypoetry.org/ns"
                     xml:id="o5280-2117480"
                     n="648-a-1050"
                     ecep:lem="pour"
                     ecep:pos="vvz"
                     ecep:reg="pours"
                     ecep:spe="pours"
                     ecep:syllab="1"
                     ecep:pron="pɔːz">pours</w>
                  <c> </c>
                  <w xmlns:ecep="http://www.eighteenthcenturypoetry.org/ns"
                     xml:id="o5280-2117490"
                     n="648-a-1060"
                     ecep:lem="her"
                     ecep:pos="po31"
                     ecep:reg="her"
                     ecep:spe="her"
                     ecep:syllab="1"
                     ecep:pron="hɜː">her</w>
                  <c> </c>
                  <w xmlns:ecep="http://www.eighteenthcenturypoetry.org/ns"
                     xml:id="o5280-2117500"
                     n="648-a-1070"
                     ecep:lem="sweet"
                     ecep:pos="j"
                     ecep:reg="sweet"
                     ecep:spe="sweet"
                     ecep:syllab="1"
                     ecep:pron="swiːt">sweet</w>
                  <c> </c>
                  <w xmlns:ecep="http://www.eighteenthcenturypoetry.org/ns"
                     xml:id="o5280-2117510"
                     n="648-a-1080"
                     ecep:lem="seraphic"
                     ecep:pos="j"
                     ecep:reg="seraphic"
                     ecep:spe="seraphic"
                     ecep:syllab="3"
                     ecep:pron="serˈæfɪk">seraphic</w>
                  <c> </c>
                  <w xmlns:ecep="http://www.eighteenthcenturypoetry.org/ns"
                     xml:id="o5280-2117520"
                     n="648-a-1090"
                     ecep:lem="strain"
                     ecep:pos="n2"
                     ecep:reg="strains"
                     ecep:spe="strains"
                     ecep:syllab="1"
                     ecep:pron="streɪnz">strains</w>
                  <pc xmlns:ecep="http://www.eighteenthcenturypoetry.org/ns"
                      xml:id="o5280-2117530"
                      n="648-a-1100"
                      ecep:lem=";"
                      ecep:pos=";"
                      ecep:reg=";"
                      ecep:spe=";">;</pc>
               </l>
               <pb facs="o5280/0649" n="5" rend="none"/>
               <l xml:id="o5280-l00705">
                  <c> </c>
                  <w xmlns:ecep="http://www.eighteenthcenturypoetry.org/ns"
                     xml:id="o5280-2117540"
                     n="649-a-0010"
                     ecep:lem="no"
                     ecep:pos="uh-x"
                     ecep:reg="No"
                     ecep:spe="No"
                     ecep:syllab="1"
                     ecep:pron="nəʊ">No</w>
                  <c> </c>
                  <w xmlns:ecep="http://www.eighteenthcenturypoetry.org/ns"
                     xml:id="o5280-2117550"
                     n="649-a-0020"
                     ecep:lem="more"
                     ecep:pos="av-dc"
                     ecep:reg="more"
                     ecep:spe="more"
                     ecep:syllab="1"
                     ecep:pron="mɔː">more</w>
                  <c> </c>
                  <w xmlns:ecep="http://www.eighteenthcenturypoetry.org/ns"
                     xml:id="o5280-2117560"
                     n="649-a-0030"
                     ecep:lem="Almeria"
                     ecep:pos="np1"
                     ecep:reg="Almeria"
                     ecep:spe="Almeria"
                     ecep:syllab="4"
                     ecep:pron="ˌælməˈriːə">Almeria</w>
                  <c> </c>
                  <w xmlns:ecep="http://www.eighteenthcenturypoetry.org/ns"
                     xml:id="o5280-2117570"
                     n="649-a-0040"
                     ecep:lem="wander"
                     ecep:pos="vvz"
                     ecep:reg="wanders"
                     ecep:spe="wanders"
                     ecep:syllab="2"
                     ecep:pron="ˈwɒndəz">wanders</w>
                  <c> </c>
                  <w xmlns:ecep="http://www.eighteenthcenturypoetry.org/ns"
                     xml:id="o5280-2117580"
                     n="649-a-0050"
                     ecep:lem="near"
                     ecep:pos="av-j"
                     ecep:reg="near"
                     ecep:spe="near"
                     ecep:syllab="1"
                     ecep:pron="nɪə">near</w>
                  <pc xmlns:ecep="http://www.eighteenthcenturypoetry.org/ns"
                      xml:id="o5280-2117590"
                      n="649-a-0060"
                      ecep:lem=";"
                      ecep:pos=";"
                      ecep:reg=";"
                      ecep:spe=";">;</pc>
               </l>
               <l xml:id="o5280-l00710">
                  <c> </c>
                  <w xmlns:ecep="http://www.eighteenthcenturypoetry.org/ns"
                     xml:id="o5280-2117600"
                     n="649-a-0070"
                     ecep:lem="in"
                     ecep:pos="p-acp"
                     ecep:reg="In"
                     ecep:spe="In"
                     ecep:syllab="1"
                     ecep:pron="ɪn">In</w>
                  <c> </c>
                  <w xmlns:ecep="http://www.eighteenthcenturypoetry.org/ns"
                     xml:id="o5280-2117610"
                     n="649-a-0080"
                     ecep:lem="vain"
                     ecep:pos="j"
                     ecep:reg="vain"
                     ecep:spe="vain"
                     ecep:syllab="1"
                     ecep:pron="veɪn">vain</w>
                  <pc xmlns:ecep="http://www.eighteenthcenturypoetry.org/ns"
                      xml:id="o5280-2117620"
                      n="649-a-0090"
                      ecep:lem=","
                      ecep:pos=","
                      ecep:reg=","
                      ecep:spe=",">,</pc>
                  <c> </c>
                  <w xmlns:ecep="http://www.eighteenthcenturypoetry.org/ns"
                     xml:id="o5280-2117630"
                     n="649-a-0100"
                     ecep:lem="alas"
                     ecep:pos="uh"
                     ecep:reg="alas"
                     ecep:spe="alas"
                     ecep:syllab="2"
                     ecep:pron="əˈlæs">alas</w>
                  <pc xmlns:ecep="http://www.eighteenthcenturypoetry.org/ns"
                      xml:id="o5280-2117640"
                      n="649-a-0110"
                      unit="sentence"
                      ecep:lem="!"
                      ecep:pos="!"
                      ecep:reg="!"
                      ecep:spe="!">!</pc>
                  <c> </c>
                  <w xmlns:ecep="http://www.eighteenthcenturypoetry.org/ns"
                     xml:id="o5280-2117650"
                     n="649-a-0120"
                     ecep:lem="i"
                     ecep:pos="pns11"
                     ecep:reg="I"
                     ecep:spe="I"
                     ecep:syllab="1"
                     ecep:pron="aɪ">I</w>
                  <c> </c>
                  <w xmlns:ecep="http://www.eighteenthcenturypoetry.org/ns"
                     xml:id="o5280-2117660"
                     n="649-a-0130"
                     ecep:lem="seek"
                     ecep:pos="vvb"
                     ecep:reg="seek"
                     ecep:spe="seek"
                     ecep:syllab="1"
                     ecep:pron="siːk">seek</w>
                  <c> </c>
                  <w xmlns:ecep="http://www.eighteenthcenturypoetry.org/ns"
                     xml:id="o5280-2117670"
                     n="649-a-0140"
                     ecep:lem="she"
                     ecep:pos="pno31"
                     ecep:reg="her"
                     ecep:spe="her"
                     ecep:syllab="1"
                     ecep:pron="hɜː">her</w>
                  <c> </c>
                  <w xmlns:ecep="http://www.eighteenthcenturypoetry.org/ns"
                     xml:id="o5280-2117680"
                     n="649-a-0150"
                     ecep:lem="here"
                     ecep:pos="av"
                     ecep:reg="here"
                     ecep:spe="here"
                     ecep:syllab="1"
                     ecep:pron="hɪə">here</w>
                  <pc xmlns:ecep="http://www.eighteenthcenturypoetry.org/ns"
                      xml:id="o5280-2117690"
                      n="649-a-0160"
                      ecep:lem=":"
                      ecep:pos=":"
                      ecep:reg=":"
                      ecep:spe=":">:</pc>
               </l>
               <l xml:id="o5280-l00715">
                  <c> </c>
                  <w xmlns:ecep="http://www.eighteenthcenturypoetry.org/ns"
                     xml:id="o5280-2117700"
                     n="649-a-0170"
                     ecep:lem="yet"
                     ecep:pos="av"
                     ecep:reg="Yet"
                     ecep:spe="Yet"
                     ecep:syllab="1"
                     ecep:pron="jet">Yet</w>
                  <pc xmlns:ecep="http://www.eighteenthcenturypoetry.org/ns"
                      xml:id="o5280-2117710"
                      n="649-a-0180"
                      ecep:lem=","
                      ecep:pos=","
                      ecep:reg=","
                      ecep:spe=",">,</pc>
                  <c> </c>
                  <w xmlns:ecep="http://www.eighteenthcenturypoetry.org/ns"
                     xml:id="o5280-2117720"
                     n="649-a-0190"
                     ecep:lem="as"
                     ecep:pos="c-acp"
                     ecep:reg="as"
                     ecep:spe="as"
                     ecep:syllab="1"
                     ecep:pron="æz">as</w>
                  <c> </c>
                  <w xmlns:ecep="http://www.eighteenthcenturypoetry.org/ns"
                     xml:id="o5280-2117730"
                     n="649-a-0200"
                     ecep:lem="by"
                     ecep:pos="p-acp"
                     ecep:reg="by"
                     ecep:spe="by"
                     ecep:syllab="1"
                     ecep:pron="baɪ">by</w>
                  <c> </c>
                  <w xmlns:ecep="http://www.eighteenthcenturypoetry.org/ns"
                     xml:id="o5280-2117740"
                     n="649-a-0210"
                     ecep:lem="fond"
                     ecep:pos="j"
                     ecep:reg="fond"
                     ecep:spe="fond"
                     ecep:syllab="1"
                     ecep:pron="fɒnd">fond</w>
                  <c> </c>
                  <w xmlns:ecep="http://www.eighteenthcenturypoetry.org/ns"
                     xml:id="o5280-2117750"
                     n="649-a-0220"
                     ecep:lem="remembrance"
                     ecep:pos="n1"
                     ecep:reg="remembrance"
                     ecep:spe="remembrance"
                     ecep:syllab="3"
                     ecep:pron="rɪˈmembrns">remembrance</w>
                  <c> </c>
                  <w xmlns:ecep="http://www.eighteenthcenturypoetry.org/ns"
                     xml:id="o5280-2117760"
                     n="649-a-0230"
                     ecep:lem="lead"
                     ecep:pos="vvn"
                     ecep:reg="led"
                     ecep:spe="led"
                     ecep:syllab="1"
                     ecep:pron="led">led</w>
                  <pc xmlns:ecep="http://www.eighteenthcenturypoetry.org/ns"
                      xml:id="o5280-2117770"
                      n="649-a-0240"
                      ecep:lem=","
                      ecep:pos=","
                      ecep:reg=","
                      ecep:spe=",">,</pc>
               </l>
               <l xml:id="o5280-l00720">
                  <c> </c>
                  <w xmlns:ecep="http://www.eighteenthcenturypoetry.org/ns"
                     xml:id="o5280-2117780"
                     n="649-a-0250"
                     ecep:lem="my"
                     ecep:pos="po11"
                     ecep:reg="My"
                     ecep:spe="My"
                     ecep:syllab="1"
                     ecep:pron="maɪ">My</w>
                  <c> </c>
                  <w xmlns:ecep="http://www.eighteenthcenturypoetry.org/ns"
                     xml:id="o5280-2117790"
                     n="649-a-0260"
                     ecep:lem="favourite"
                     ecep:pos="n1"
                     ecep:reg="favourite"
                     ecep:spe="fav'rite"
                     ecep:syllab="2"
                     ecep:pron="ˈfeɪvrɪt">fav'rite</w>
                  <c> </c>
                  <w xmlns:ecep="http://www.eighteenthcenturypoetry.org/ns"
                     xml:id="o5280-2117800"
                     n="649-a-0270"
                     ecep:lem="scene"
                     ecep:pos="n2"
                     ecep:reg="scenes"
                     ecep:spe="scenes"
                     ecep:syllab="1"
                     ecep:pron="siːnz">scenes</w>
                  <c> </c>
                  <w xmlns:ecep="http://www.eighteenthcenturypoetry.org/ns"
                     xml:id="o5280-2117810"
                     n="649-a-0280"
                     ecep:lem="i"
                     ecep:pos="pns11"
                     ecep:reg="I"
                     ecep:spe="I"
                     ecep:syllab="1"
                     ecep:pron="aɪ">I</w>
                  <c> </c>
                  <w xmlns:ecep="http://www.eighteenthcenturypoetry.org/ns"
                     xml:id="o5280-2117820"
                     n="649-a-0290"
                     ecep:lem="pensive"
                     ecep:pos="j"
                     ecep:reg="pensive"
                     ecep:spe="pensive"
                     ecep:syllab="2"
                     ecep:pron="ˈpensɪv">pensive</w>
                  <c> </c>
                  <w xmlns:ecep="http://www.eighteenthcenturypoetry.org/ns"
                     xml:id="o5280-2117830"
                     n="649-a-0300"
                     ecep:lem="tread"
                     ecep:pos="n1"
                     ecep:reg="tread"
                     ecep:spe="tread"
                     ecep:syllab="1"
                     ecep:pron="tred">tread</w>
                  <pc xmlns:ecep="http://www.eighteenthcenturypoetry.org/ns"
                      xml:id="o5280-2117840"
                      n="649-a-0310"
                      ecep:lem=";"
                      ecep:pos=";"
                      ecep:reg=";"
                      ecep:spe=";">;</pc>
               </l>
               <l xml:id="o5280-l00725">
                  <c> </c>
                  <w xmlns:ecep="http://www.eighteenthcenturypoetry.org/ns"
                     xml:id="o5280-2117850"
                     n="649-a-0320"
                     ecep:lem="there"
                     ecep:pos="a-acp"
                     ecep:reg="There"
                     ecep:spe="There"
                     ecep:syllab="1"
                     ecep:pron="ðeə">There</w>
                  <c> </c>
                  <w xmlns:ecep="http://www.eighteenthcenturypoetry.org/ns"
                     xml:id="o5280-2117860"
                     n="649-a-0330"
                     ecep:lem="peaceful"
                     ecep:pos="j"
                     ecep:reg="peaceful"
                     ecep:spe="peaceful"
                     ecep:syllab="2"
                     ecep:pron="ˈpiːsfl">peaceful</w>
                  <c> </c>
                  <w xmlns:ecep="http://www.eighteenthcenturypoetry.org/ns"
                     xml:id="o5280-2117870"
                     n="649-a-0340"
                     ecep:lem="shade"
                     ecep:pos="n2"
                     ecep:reg="shades"
                     ecep:spe="shades"
                     ecep:syllab="1"
                     ecep:pron="ʃeɪdz">shades</w>
                  <pc xmlns:ecep="http://www.eighteenthcenturypoetry.org/ns"
                      xml:id="o5280-2117880"
                      n="649-a-0350"
                      ecep:lem=","
                      ecep:pos=","
                      ecep:reg=","
                      ecep:spe=",">,</pc>
                  <c> </c>
                  <w xmlns:ecep="http://www.eighteenthcenturypoetry.org/ns"
                     xml:id="o5280-2117890"
                     n="649-a-0360"
                     ecep:lem="yond"
                     ecep:pos="d"
                     ecep:reg="yonder"
                     ecep:spe="yon"
                     ecep:syllab="1"
                     ecep:pron="jɒn">yon</w>
                  <c> </c>
                  <w xmlns:ecep="http://www.eighteenthcenturypoetry.org/ns"
                     xml:id="o5280-2117900"
                     n="649-a-0370"
                     ecep:lem="conscious"
                     ecep:pos="j"
                     ecep:reg="conscious"
                     ecep:spe="conscious"
                     ecep:syllab="2"
                     ecep:pron="ˈkɒnʃəs">conscious</w>
                  <c> </c>
                  <w xmlns:ecep="http://www.eighteenthcenturypoetry.org/ns"
                     xml:id="o5280-2117910"
                     n="649-a-0380"
                     ecep:lem="grove"
                     ecep:pos="n1"
                     ecep:reg="grove"
                     ecep:spe="grove"
                     ecep:syllab="1"
                     ecep:pron="grəʊv">grove</w>
                  <pc xmlns:ecep="http://www.eighteenthcenturypoetry.org/ns"
                      xml:id="o5280-2117920"
                      n="649-a-0390"
                      ecep:lem=","
                      ecep:pos=","
                      ecep:reg=","
                      ecep:spe=",">,</pc>
               </l>
               <l xml:id="o5280-l00730">
                  <c> </c>
                  <w xmlns:ecep="http://www.eighteenthcenturypoetry.org/ns"
                     xml:id="o5280-2117930"
                     n="649-a-0400"
                     ecep:lem="restore"
                     ecep:pos="vvb"
                     ecep:reg="Restore"
                     ecep:spe="Restore"
                     ecep:syllab="2"
                     ecep:pron="rɪˈstɔː">Restore</w>
                  <c> </c>
                  <w xmlns:ecep="http://www.eighteenthcenturypoetry.org/ns"
                     xml:id="o5280-2117940"
                     n="649-a-0410"
                     ecep:lem="awhile"
                     ecep:pos="av"
                     ecep:reg="awhile"
                     ecep:spe="awhile"
                     ecep:syllab="2"
                     ecep:pron="əˈwaɪl">awhile</w>
                  <c> </c>
                  <w xmlns:ecep="http://www.eighteenthcenturypoetry.org/ns"
                     xml:id="o5280-2117950"
                     n="649-a-0420"
                     ecep:lem="the"
                     ecep:pos="dt"
                     ecep:reg="the"
                     ecep:spe="the"
                     ecep:syllab="1"
                     ecep:pron="ðiː">the</w>
                  <c> </c>
                  <w xmlns:ecep="http://www.eighteenthcenturypoetry.org/ns"
                     xml:id="o5280-2117960"
                     n="649-a-0430"
                     ecep:lem="joy"
                     ecep:pos="n2"
                     ecep:reg="joys"
                     ecep:spe="joys"
                     ecep:syllab="1"
                     ecep:pron="dʒɔɪz">joys</w>
                  <c> </c>
                  <w xmlns:ecep="http://www.eighteenthcenturypoetry.org/ns"
                     xml:id="o5280-2117970"
                     n="649-a-0440"
                     ecep:lem="of"
                     ecep:pos="pp-f"
                     ecep:reg="of"
                     ecep:spe="of"
                     ecep:syllab="1"
                     ecep:pron="ɒv">of</w>
                  <c> </c>
                  <w xmlns:ecep="http://www.eighteenthcenturypoetry.org/ns"
                     xml:id="o5280-2117980"
                     n="649-a-0450"
                     ecep:lem="love"
                     ecep:pos="n1"
                     ecep:reg="love"
                     ecep:spe="love"
                     ecep:syllab="1"
                     ecep:pron="lʌv">love</w>
                  <pc xmlns:ecep="http://www.eighteenthcenturypoetry.org/ns"
                      xml:id="o5280-2117990"
                      n="649-a-0460"
                      unit="sentence"
                      ecep:lem="."
                      ecep:pos="."
                      ecep:reg="."
                      ecep:spe=".">.</pc>
                  <c> </c>
               </l>
               <l xml:id="o5280-l00735">
                  <w xmlns:ecep="http://www.eighteenthcenturypoetry.org/ns"
                     xml:id="o5280-2118000"
                     n="649-a-0470"
                     ecep:lem="recall"
                     ecep:pos="vvg"
                     ecep:reg="Recalling"
                     ecep:spe="Recalling"
                     ecep:syllab="3"
                     ecep:pron="rɪˈkɔːlɪŋ">Recalling</w>
                  <c> </c>
                  <w xmlns:ecep="http://www.eighteenthcenturypoetry.org/ns"
                     xml:id="o5280-2118010"
                     n="649-a-0480"
                     ecep:lem="thus"
                     ecep:pos="av"
                     ecep:reg="thus"
                     ecep:spe="thus"
                     ecep:syllab="1"
                     ecep:pron="ðʌs">thus</w>
                  <c> </c>
                  <w xmlns:ecep="http://www.eighteenthcenturypoetry.org/ns"
                     xml:id="o5280-2118020"
                     n="649-a-0490"
                     ecep:lem="the"
                     ecep:pos="dt"
                     ecep:reg="the"
                     ecep:spe="the"
                     ecep:syllab="1"
                     ecep:pron="ðiː">the</w>
                  <c> </c>
                  <w xmlns:ecep="http://www.eighteenthcenturypoetry.org/ns"
                     xml:id="o5280-2118030"
                     n="649-a-0500"
                     ecep:lem="blissful"
                     ecep:pos="j"
                     ecep:reg="blissful"
                     ecep:spe="blissful"
                     ecep:syllab="2"
                     ecep:pron="ˈblɪsfl">blissful</w>
                  <c> </c>
                  <w xmlns:ecep="http://www.eighteenthcenturypoetry.org/ns"
                     xml:id="o5280-2118040"
                     n="649-a-0510"
                     ecep:lem="past"
                     ecep:pos="n1"
                     ecep:reg="past"
                     ecep:spe="past"
                     ecep:syllab="1"
                     ecep:pron="pɑːst">past</w>
                  <pc xmlns:ecep="http://www.eighteenthcenturypoetry.org/ns"
                      xml:id="o5280-2118050"
                      n="649-a-0520"
                      ecep:lem=","
                      ecep:pos=","
                      ecep:reg=","
                      ecep:spe=",">,</pc>
               </l>
               <l xml:id="o5280-l00740">
                  <c> </c>
                  <w xmlns:ecep="http://www.eighteenthcenturypoetry.org/ns"
                     xml:id="o5280-2118060"
                     n="649-a-0530"
                     ecep:lem="for"
                     ecep:pos="c-acp"
                     ecep:reg="For"
                     ecep:spe="For"
                     ecep:syllab="1"
                     ecep:pron="fɔː">For</w>
                  <c> </c>
                  <w xmlns:ecep="http://www.eighteenthcenturypoetry.org/ns"
                     xml:id="o5280-2118070"
                     n="649-a-0540"
                     ecep:lem="ever"
                     ecep:pos="av"
                     ecep:reg="ever"
                     ecep:spe="ever"
                     ecep:syllab="2"
                     ecep:pron="ˈevə">ever</w>
                  <c> </c>
                  <w xmlns:ecep="http://www.eighteenthcenturypoetry.org/ns"
                     xml:id="o5280-2118080"
                     n="649-a-0550"
                     ecep:lem="sweet"
                     ecep:pos="j"
                     ecep:reg="sweet"
                     ecep:spe="sweet"
                     ecep:syllab="1"
                     ecep:pron="swiːt">sweet</w>
                  <c> </c>
                  <w xmlns:ecep="http://www.eighteenthcenturypoetry.org/ns"
                     xml:id="o5280-2118090"
                     n="649-a-0560"
                     ecep:lem="delusion"
                     ecep:pos="n1"
                     ecep:reg="delusion"
                     ecep:spe="delusion"
                     ecep:syllab="3"
                     ecep:pron="dɪˈluːʒn">delusion</w>
                  <c> </c>
                  <w xmlns:ecep="http://www.eighteenthcenturypoetry.org/ns"
                     xml:id="o5280-2118100"
                     n="649-a-0570"
                     ecep:lem="last"
                     ecep:pos="ord"
                     ecep:reg="last"
                     ecep:spe="last"
                     ecep:syllab="1"
                     ecep:pron="lɑːst">last</w>
                  <pc xmlns:ecep="http://www.eighteenthcenturypoetry.org/ns"
                      xml:id="o5280-2118110"
                      n="649-a-0580"
                      ecep:lem=":"
                      ecep:pos=":"
                      ecep:reg=":"
                      ecep:spe=":">:</pc>
               </l>
               <l xml:id="o5280-l00745">
                  <c> </c>
                  <w xmlns:ecep="http://www.eighteenthcenturypoetry.org/ns"
                     xml:id="o5280-2118120"
                     n="649-a-0590"
                     ecep:lem="nor"
                     ecep:pos="ccx"
                     ecep:reg="Nor"
                     ecep:spe="Nor"
                     ecep:syllab="1"
                     ecep:pron="nɔː">Nor</w>
                  <c> </c>
                  <w xmlns:ecep="http://www.eighteenthcenturypoetry.org/ns"
                     xml:id="o5280-2118130"
                     n="649-a-0600"
                     ecep:lem="let"
                     ecep:pos="vvi"
                     ecep:reg="let"
                     ecep:spe="let"
                     ecep:syllab="1"
                     ecep:pron="let">let</w>
                  <c> </c>
                  <w xmlns:ecep="http://www.eighteenthcenturypoetry.org/ns"
                     xml:id="o5280-2118140"
                     n="649-a-0610"
                     ecep:lem="oblivion"
                     ecep:pos="ng1"
                     ecep:reg="Oblivion's"
                     ecep:spe="Oblivion's"
                     ecep:syllab="3"
                     ecep:pron="əˈblɪviənz">Oblivion's</w>
                  <c> </c>
                  <w xmlns:ecep="http://www.eighteenthcenturypoetry.org/ns"
                     xml:id="o5280-2118150"
                     n="649-a-0620"
                     ecep:lem="gloomy"
                     ecep:pos="j"
                     ecep:reg="gloomy"
                     ecep:spe="gloomy"
                     ecep:syllab="2"
                     ecep:pron="ˈgluːmi">gloomy</w>
                  <c> </c>
                  <w xmlns:ecep="http://www.eighteenthcenturypoetry.org/ns"
                     xml:id="o5280-2118160"
                     n="649-a-0630"
                     ecep:lem="veil"
                     ecep:pos="n1"
                     ecep:reg="veil"
                     ecep:spe="veil"
                     ecep:syllab="1"
                     ecep:pron="veɪl">veil</w>
               </l>
               <l xml:id="o5280-l00750">
                  <c> </c>
                  <w xmlns:ecep="http://www.eighteenthcenturypoetry.org/ns"
                     xml:id="o5280-2118170"
                     n="649-a-0640"
                     ecep:lem="from"
                     ecep:pos="p-acp"
                     ecep:reg="From"
                     ecep:spe="From"
                     ecep:syllab="1"
                     ecep:pron="frɒm">From</w>
                  <c> </c>
                  <w xmlns:ecep="http://www.eighteenthcenturypoetry.org/ns"
                     xml:id="o5280-2118180"
                     n="649-a-0650"
                     ecep:lem="memory"
                     ecep:pos="n1"
                     ecep:reg="Memory"
                     ecep:spe="Mem'ry"
                     ecep:syllab="2"
                     ecep:pron="ˈmemri">Mem'ry</w>
                  <c> </c>
                  <w xmlns:ecep="http://www.eighteenthcenturypoetry.org/ns"
                     xml:id="o5280-2118190"
                     n="649-a-0660"
                     ecep:lem="shroud"
                     ecep:pos="n1"
                     ecep:reg="shroud"
                     ecep:spe="shroud"
                     ecep:syllab="1"
                     ecep:pron="ʃraʊd">shroud</w>
                  <c> </c>
                  <w xmlns:ecep="http://www.eighteenthcenturypoetry.org/ns"
                     xml:id="o5280-2118200"
                     n="649-a-0670"
                     ecep:lem="the"
                     ecep:pos="dt"
                     ecep:reg="the"
                     ecep:spe="the"
                     ecep:syllab="1"
                     ecep:pron="ðiː">the</w>
                  <c> </c>
                  <w xmlns:ecep="http://www.eighteenthcenturypoetry.org/ns"
                     xml:id="o5280-2118210"
                     n="649-a-0680"
                     ecep:lem="tender"
                     ecep:pos="j"
                     ecep:reg="tender"
                     ecep:spe="tender"
                     ecep:syllab="2"
                     ecep:pron="ˈtendə">tender</w>
                  <c> </c>
                  <w xmlns:ecep="http://www.eighteenthcenturypoetry.org/ns"
                     xml:id="o5280-2118220"
                     n="649-a-0690"
                     ecep:lem="tale"
                     ecep:pos="n1"
                     ecep:reg="tale"
                     ecep:spe="tale"
                     ecep:syllab="1"
                     ecep:pron="teɪl">tale</w>
                  <pc xmlns:ecep="http://www.eighteenthcenturypoetry.org/ns"
                      xml:id="o5280-2118230"
                      n="649-a-0700"
                      unit="sentence"
                      ecep:lem="."
                      ecep:pos="."
                      ecep:reg="."
                      ecep:spe=".">.</pc>
                  <c> </c>
               </l>
            </lg>
         </div>
      </body>
   </text>
</TEI>
