<?xml version="1.0" encoding="UTF-8"?>
<?xml-model href="../tei_all.rnc" type="application/relax-ng-compact-syntax"?>
<TEI xmlns="http://www.tei-c.org/ns/1.0">
   <teiHeader>
      <fileDesc>
         <titleStmt>
            <title corresp="#txt_DayeEl1734_w0071">HIS IMMENSITY.</title>
            <author corresp="authors.xml#aut_DayeEl1734">Eliza Day</author>
            <respStmt>
               <name xml:id="AH">Alexander Huber</name>
               <resp>Editor</resp>
            </respStmt>
            <funder>
               <name type="institution" xml:id="BOD">Bodleian Libraries, University of Oxford</name>
               <address>
                  <addrLine>Broad Street</addrLine>
                  <addrLine>Oxford OX1 3BG</addrLine>
                  <addrLine>UK</addrLine>
               </address>
            </funder>
         </titleStmt>
         <publicationStmt>
            <publisher xml:id="ECPA">Eighteenth-Century Poetry Archive</publisher>
            <address>
               <addrLine>Taylor Institution Library</addrLine>
               <addrLine>St Giles'</addrLine>
               <addrLine>Oxford OX1 3NA</addrLine>
               <addrLine>UK</addrLine>
               <addrLine>
                  <email>info@eighteenthcenturypoetry.org</email>
               </addrLine>
               <addrLine>
                  <ref target="https://www.eighteenthcenturypoetry.org/">https://www.eighteenthcenturypoetry.org/</ref>
               </addrLine>
            </address>
            <pubPlace>Oxford</pubPlace>
            <availability status="restricted">
               <licence target="http://creativecommons.org/licenses/by-sa/3.0/">This work is licensed under a Creative Commons Attribution-ShareAlike 3.0 Unported License.</licence>
            </availability>
            <idno type="ESTC">T132359</idno>
         </publicationStmt>
         <sourceDesc>
            <bibl>
               <author>Daye, Eliza, b. ca. 1734.</author>
               <title>Poems, on Various Subjects.</title>
               <pubPlace>Liverpool</pubPlace>
               <publisher>Printed by J. M'Creery</publisher>
               <date>1798</date>
               <biblScope>pp. [225]-226.</biblScope>
               <extent>[2],x,[4],258p.; 8°</extent>
            </bibl>
         </sourceDesc>
      </fileDesc>
      <encodingDesc>
         <projectDesc>
            <p>This e-text is part of the Works section of the Eighteenth-Century Poetry Archive (ECPA).</p>
            <p>XML created for the Eighteenth-Century Poetry Archive (ECPA).</p>
         </projectDesc>
         <editorialDecl>
            <p>Typography, spelling, capitalization, and punctuation have been cautiously modernized. The source of the text is given and all significant
						editorial interventions have been recorded in textual notes. This  text has been edited to conform to the recommendations found 
						in Level 5 of the
						Best Practices for TEI in Libraries version 4.0.0.
					</p>
         </editorialDecl>
         <classDecl>
            <taxonomy xml:id="LCNAF">
               <bibl>Library of Congress Name Authority File (<abbr>LCNAF</abbr>)</bibl>
            </taxonomy>
         </classDecl>
         <tagsDecl>
            <rendition n="linegroups indented" xml:id="lgindent" scheme="css">text-indent: 1em;</rendition>
            <rendition n="linegroups vertically spaced" xml:id="lgvspace" scheme="css">margin-bottom: 1em;</rendition>
            <rendition n="aligned centrally" xml:id="align-center" scheme="css">text-align: center;</rendition>
            <rendition n="aligned right" xml:id="align-right" scheme="css">text-align: right;</rendition>
            <rendition n="aligned left" xml:id="align-left" scheme="css">text-align: left;</rendition>
            <rendition n="inline" xml:id="inline" scheme="css">display: inline</rendition>
            <rendition n="italic" xml:id="i" scheme="css">font-style: italic;</rendition>
            <rendition n="bold" xml:id="b" scheme="css">font-weight: bold;</rendition>
         </tagsDecl>
      </encodingDesc>
   </teiHeader>
   <text>
      <body>
         <div xmlns:ecep="http://www.eighteenthcenturypoetry.org/ns"
              ana="#iamb #tetrameter #trimeter #hymn #quatrain #cross"
              corresp="#txt_DayeEl1734_w0071"
              decls="#semi-normalized"
              ecep:syllab="8.6.8.6"
              met="-+|-+|-+|-+/ -+|-+|-+/ -+|-+|-+|-+/ -+|-+|-+/"
              rendition="#lgvspace"
              rhyme="abab"
              subtype="eceptext"
              type="poem"
              xml:id="bed98-w0710">
            <link target="authors.xml#aut_DayeEl1734" type="author"/>
            <head type="main">
               <w xmlns:ecep="http://www.eighteenthcenturypoetry.org/ns"
                  xml:id="bed98-367650"
                  n="bed98/000245-a-0010"
                  ecep:lem="his"
                  ecep:pos="po31"
                  ecep:reg="HIS"
                  ecep:spe="HIS"
                  ecep:syllab="1"
                  ecep:pron="hɪz">HIS</w>
               <c> </c>
               <w xmlns:ecep="http://www.eighteenthcenturypoetry.org/ns"
                  xml:id="bed98-367660"
                  n="bed98/000245-a-0020"
                  ecep:lem="immensity"
                  ecep:pos="n1"
                  ecep:reg="IMMENSITY"
                  ecep:spe="IMMENSITY"
                  ecep:syllab="4"
                  ecep:pron="ɪˈmensəti">IMMENSITY</w>
               <pc xmlns:ecep="http://www.eighteenthcenturypoetry.org/ns"
                   xml:id="bed98-367670"
                   n="bed98/000245-a-0030"
                   unit="sentence"
                   ecep:lem="."
                   ecep:pos="."
                   ecep:reg="."
                   ecep:spe=".">.</pc>
            </head>
            <lg xml:id="bed98-s02815">
               <l xml:id="bed98-l20800">
                  <hi rendition="#sc">
                     <w xmlns:ecep="http://www.eighteenthcenturypoetry.org/ns"
                        xml:id="bed98-367700"
                        n="bed98/000245-a-0040"
                        ecep:lem="not"
                        ecep:pos="xx"
                        ecep:reg="NOT"
                        ecep:spe="NOT"
                        ecep:syllab="1"
                        ecep:pron="nɒt">NOT</w>
                  </hi>
                  <c> </c>
                  <w xmlns:ecep="http://www.eighteenthcenturypoetry.org/ns"
                     xml:id="bed98-367710"
                     n="bed98/000245-a-0050"
                     ecep:lem="heaven"
                     ecep:pos="n1"
                     ecep:reg="heaven"
                     ecep:spe="heaven"
                     ecep:syllab="1"
                     ecep:pron="ˈhevn">heaven</w>
                  <c> </c>
                  <w xmlns:ecep="http://www.eighteenthcenturypoetry.org/ns"
                     xml:id="bed98-367720"
                     n="bed98/000245-a-0060"
                     ecep:lem="alone"
                     ecep:pos="av-j"
                     ecep:reg="alone"
                     ecep:spe="alone"
                     ecep:syllab="2"
                     ecep:pron="əˈləʊn">alone</w>
                  <c> </c>
                  <w xmlns:ecep="http://www.eighteenthcenturypoetry.org/ns"
                     xml:id="bed98-367730"
                     n="bed98/000245-a-0070"
                     ecep:lem="be"
                     ecep:pos="vbz"
                     ecep:reg="is"
                     ecep:spe="is"
                     ecep:syllab="1"
                     ecep:pron="ɪz">is</w>
                  <c> </c>
                  <w xmlns:ecep="http://www.eighteenthcenturypoetry.org/ns"
                     xml:id="bed98-367740"
                     n="bed98/000245-a-0080"
                     ecep:lem="thy"
                     ecep:pos="po21"
                     ecep:reg="thine"
                     ecep:spe="thine"
                     ecep:syllab="1"
                     ecep:pron="ðaɪn">thine</w>
                  <c> </c>
                  <w xmlns:ecep="http://www.eighteenthcenturypoetry.org/ns"
                     xml:id="bed98-367750"
                     n="bed98/000245-a-0090"
                     ecep:lem="abode"
                     ecep:pos="n1"
                     ecep:reg="abode"
                     ecep:spe="abode"
                     ecep:syllab="2"
                     ecep:pron="əˈbəʊd">abode</w>
                  <pc xmlns:ecep="http://www.eighteenthcenturypoetry.org/ns"
                      xml:id="bed98-367760"
                      n="bed98/000245-a-0100"
                      ecep:lem=","
                      ecep:pos=","
                      ecep:reg=","
                      ecep:spe=",">,</pc>
               </l>
               <l rendition="#h_3" xml:id="bed98-l20805">
                  <w xmlns:ecep="http://www.eighteenthcenturypoetry.org/ns"
                     xml:id="bed98-367770"
                     n="bed98/000245-a-0110"
                     ecep:lem="maker"
                     ecep:pos="n1"
                     ecep:reg="Maker"
                     ecep:spe="Maker"
                     ecep:syllab="2"
                     ecep:pron="ˈmeɪkə">Maker</w>
                  <c> </c>
                  <w xmlns:ecep="http://www.eighteenthcenturypoetry.org/ns"
                     xml:id="bed98-367780"
                     n="bed98/000245-a-0120"
                     ecep:lem="and"
                     ecep:pos="cc"
                     ecep:reg="and"
                     ecep:spe="and"
                     ecep:syllab="1"
                     ecep:pron="ænd">and</w>
                  <c> </c>
                  <w xmlns:ecep="http://www.eighteenthcenturypoetry.org/ns"
                     xml:id="bed98-367790"
                     n="bed98/000245-a-0130"
                     ecep:lem="lord"
                     ecep:pos="n1"
                     ecep:reg="Lord"
                     ecep:spe="Lord"
                     ecep:syllab="1"
                     ecep:pron="lɔːd">Lord</w>
                  <c> </c>
                  <w xmlns:ecep="http://www.eighteenthcenturypoetry.org/ns"
                     xml:id="bed98-367800"
                     n="bed98/000245-a-0140"
                     ecep:lem="of"
                     ecep:pos="pp-f"
                     ecep:reg="of"
                     ecep:spe="of"
                     ecep:syllab="1"
                     ecep:pron="ɒv">of</w>
                  <c> </c>
                  <w xmlns:ecep="http://www.eighteenthcenturypoetry.org/ns"
                     xml:id="bed98-367810"
                     n="bed98/000245-a-0150"
                     ecep:lem="all"
                     ecep:pos="d"
                     ecep:reg="all"
                     ecep:spe="all"
                     ecep:syllab="1"
                     ecep:pron="ɔːl">all</w>
                  <pc xmlns:ecep="http://www.eighteenthcenturypoetry.org/ns"
                      xml:id="bed98-367820"
                      n="bed98/000245-a-0160"
                      ecep:lem=";"
                      ecep:pos=";"
                      ecep:reg=";"
                      ecep:spe=";">;</pc>
               </l>
               <l xml:id="bed98-l20810">
                  <w xmlns:ecep="http://www.eighteenthcenturypoetry.org/ns"
                     xml:id="bed98-367830"
                     n="bed98/000245-a-0170"
                     ecep:lem="for"
                     ecep:pos="p-acp"
                     ecep:reg="For"
                     ecep:spe="For"
                     ecep:syllab="1"
                     ecep:pron="fɔː">For</w>
                  <c> </c>
                  <w xmlns:ecep="http://www.eighteenthcenturypoetry.org/ns"
                     xml:id="bed98-367840"
                     n="bed98/000245-a-0180"
                     ecep:lem="thou"
                     ecep:pos="pns21"
                     ecep:reg="thou"
                     ecep:spe="thou"
                     ecep:syllab="1"
                     ecep:pron="θaʊ">thou</w>
                  <pc xmlns:ecep="http://www.eighteenthcenturypoetry.org/ns"
                      xml:id="bed98-367850"
                      n="bed98/000245-a-0190"
                      ecep:lem=","
                      ecep:pos=","
                      ecep:reg=","
                      ecep:spe=",">,</pc>
                  <c> </c>
                  <w xmlns:ecep="http://www.eighteenthcenturypoetry.org/ns"
                     xml:id="bed98-367860"
                     n="bed98/000245-a-0200"
                     ecep:lem="the"
                     ecep:pos="dt"
                     ecep:reg="the"
                     ecep:spe="the"
                     ecep:syllab="1"
                     ecep:pron="ðiː">the</w>
                  <c> </c>
                  <w xmlns:ecep="http://www.eighteenthcenturypoetry.org/ns"
                     xml:id="bed98-367870"
                     n="bed98/000245-a-0210"
                     ecep:lem="ever"
                     ecep:pos="av"
                     ecep:reg="ever"
                     ecep:spe="ever"
                     ecep:syllab="2"
                     ecep:pron="ˈevə">ever</w>
                  <c> </c>
                  <w xmlns:ecep="http://www.eighteenthcenturypoetry.org/ns"
                     xml:id="bed98-367880"
                     n="bed98/000245-a-0220"
                     ecep:lem="present"
                     ecep:pos="j"
                     ecep:reg="present"
                     ecep:spe="present"
                     ecep:syllab="2"
                     ecep:pron="ˈpreznt">present</w>
                  <c> </c>
                  <w xmlns:ecep="http://www.eighteenthcenturypoetry.org/ns"
                     xml:id="bed98-367890"
                     n="bed98/000245-a-0230"
                     ecep:lem="god"
                     ecep:pos="n1"
                     ecep:reg="God"
                     ecep:spe="God"
                     ecep:syllab="1"
                     ecep:pron="gɒd">God</w>
                  <pc xmlns:ecep="http://www.eighteenthcenturypoetry.org/ns"
                      xml:id="bed98-367900"
                      n="bed98/000245-a-0240"
                      ecep:lem=","
                      ecep:pos=","
                      ecep:reg=","
                      ecep:spe=",">,</pc>
               </l>
               <l rendition="#h_3" xml:id="bed98-l20815">
                  <w xmlns:ecep="http://www.eighteenthcenturypoetry.org/ns"
                     xml:id="bed98-367910"
                     n="bed98/000245-a-0250"
                     ecep:lem="pervade"
                     ecep:pos="vv2"
                     ecep:reg="Pervadest"
                     ecep:spe="Pervadest"
                     ecep:syllab="3"
                     ecep:pron="pəvˈeɪdəst">Pervadest</w>
                  <c> </c>
                  <w xmlns:ecep="http://www.eighteenthcenturypoetry.org/ns"
                     xml:id="bed98-367920"
                     n="bed98/000245-a-0260"
                     ecep:lem="through"
                     ecep:pos="p-acp"
                     ecep:reg="through"
                     ecep:spe="thro'"
                     ecep:syllab="1"
                     ecep:pron="θruː">thro'</w>
                  <c> </c>
                  <w xmlns:ecep="http://www.eighteenthcenturypoetry.org/ns"
                     xml:id="bed98-367930"
                     n="bed98/000245-a-0270"
                     ecep:lem="the"
                     ecep:pos="dt"
                     ecep:reg="the"
                     ecep:spe="the"
                     ecep:syllab="1"
                     ecep:pron="ðiː">the</w>
                  <c> </c>
                  <w xmlns:ecep="http://www.eighteenthcenturypoetry.org/ns"
                     xml:id="bed98-367940"
                     n="bed98/000245-a-0280"
                     ecep:lem="whole"
                     ecep:pos="j-jn"
                     ecep:reg="whole"
                     ecep:spe="whole"
                     ecep:syllab="1"
                     ecep:pron="həʊl">whole</w>
                  <pc xmlns:ecep="http://www.eighteenthcenturypoetry.org/ns"
                      xml:id="bed98-367950"
                      n="bed98/000245-a-0290"
                      unit="sentence"
                      ecep:lem="."
                      ecep:pos="."
                      ecep:reg="."
                      ecep:spe=".">.</pc>
               </l>
            </lg>
            <lg xml:id="bed98-s02820">
               <l xml:id="bed98-l20820">
                  <w xmlns:ecep="http://www.eighteenthcenturypoetry.org/ns"
                     xml:id="bed98-367980"
                     n="bed98/000245-a-0300"
                     ecep:lem="the"
                     ecep:pos="dt"
                     ecep:reg="The"
                     ecep:spe="The"
                     ecep:syllab="1"
                     ecep:pron="ðiː">The</w>
                  <c> </c>
                  <w xmlns:ecep="http://www.eighteenthcenturypoetry.org/ns"
                     xml:id="bed98-367990"
                     n="bed98/000245-a-0310"
                     ecep:lem="gentle"
                     ecep:pos="j-jn"
                     ecep:reg="gentle"
                     ecep:spe="gentle"
                     ecep:syllab="2"
                     ecep:pron="ˈdʒentl">gentle</w>
                  <c> </c>
                  <w xmlns:ecep="http://www.eighteenthcenturypoetry.org/ns"
                     xml:id="bed98-368000"
                     n="bed98/000245-a-0320"
                     ecep:lem="zephyr"
                     ecep:pos="n1"
                     ecep:reg="zephyr"
                     ecep:spe="zephyr"
                     ecep:syllab="2"
                     ecep:pron="ˈzefə">zephyr</w>
                  <c> </c>
                  <w xmlns:ecep="http://www.eighteenthcenturypoetry.org/ns"
                     xml:id="bed98-368010"
                     n="bed98/000245-a-0330"
                     ecep:lem="speak"
                     ecep:pos="vvz"
                     ecep:reg="speaks"
                     ecep:spe="speaks"
                     ecep:syllab="1"
                     ecep:pron="spiːks">speaks</w>
                  <c> </c>
                  <w xmlns:ecep="http://www.eighteenthcenturypoetry.org/ns"
                     xml:id="bed98-368020"
                     n="bed98/000245-a-0340"
                     ecep:lem="thy"
                     ecep:pos="po21"
                     ecep:reg="thy"
                     ecep:spe="thy"
                     ecep:syllab="1"
                     ecep:pron="ðaɪ">thy</w>
                  <c> </c>
                  <w xmlns:ecep="http://www.eighteenthcenturypoetry.org/ns"
                     xml:id="bed98-368030"
                     n="bed98/000245-a-0350"
                     ecep:lem="love"
                     ecep:pos="n1"
                     ecep:reg="love"
                     ecep:spe="love"
                     ecep:syllab="1"
                     ecep:pron="lʌv">love</w>
                  <pc xmlns:ecep="http://www.eighteenthcenturypoetry.org/ns"
                      xml:id="bed98-368040"
                      n="bed98/000245-a-0360"
                      ecep:lem=";"
                      ecep:pos=";"
                      ecep:reg=";"
                      ecep:spe=";">;</pc>
               </l>
               <l rendition="#h_3" xml:id="bed98-l20825">
                  <w xmlns:ecep="http://www.eighteenthcenturypoetry.org/ns"
                     xml:id="bed98-368050"
                     n="bed98/000245-a-0370"
                     ecep:lem="thunder"
                     ecep:pos="n2"
                     ecep:reg="Thunders"
                     ecep:spe="Thunders"
                     ecep:syllab="2"
                     ecep:pron="ˈθʌndəz">Thunders</w>
                  <c> </c>
                  <w xmlns:ecep="http://www.eighteenthcenturypoetry.org/ns"
                     xml:id="bed98-368060"
                     n="bed98/000245-a-0380"
                     ecep:lem="and"
                     ecep:pos="cc"
                     ecep:reg="and"
                     ecep:spe="and"
                     ecep:syllab="1"
                     ecep:pron="ænd">and</w>
                  <c> </c>
                  <w xmlns:ecep="http://www.eighteenthcenturypoetry.org/ns"
                     xml:id="bed98-368070"
                     n="bed98/000245-a-0390"
                     ecep:lem="storm"
                     ecep:pos="n2"
                     ecep:reg="storms"
                     ecep:spe="storms"
                     ecep:syllab="1"
                     ecep:pron="stɔːmz">storms</w>
                  <c> </c>
                  <w xmlns:ecep="http://www.eighteenthcenturypoetry.org/ns"
                     xml:id="bed98-368080"
                     n="bed98/000245-a-0400"
                     ecep:lem="thy"
                     ecep:pos="po21"
                     ecep:reg="thy"
                     ecep:spe="thy"
                     ecep:syllab="1"
                     ecep:pron="ðaɪ">thy</w>
                  <c> </c>
                  <w xmlns:ecep="http://www.eighteenthcenturypoetry.org/ns"
                     xml:id="bed98-368090"
                     n="bed98/000245-a-0410"
                     ecep:lem="power"
                     ecep:pos="n1"
                     ecep:reg="power"
                     ecep:spe="power"
                     ecep:syllab="1"
                     ecep:pron="ˈpaʊə">power</w>
                  <pc xmlns:ecep="http://www.eighteenthcenturypoetry.org/ns"
                      xml:id="bed98-368100"
                      n="bed98/000245-a-0420"
                      ecep:lem=":"
                      ecep:pos=":"
                      ecep:reg=":"
                      ecep:spe=":">:</pc>
               </l>
               <l xml:id="bed98-l20830">
                  <w xmlns:ecep="http://www.eighteenthcenturypoetry.org/ns"
                     xml:id="bed98-368110"
                     n="bed98/000245-a-0430"
                     ecep:lem="thou"
                     ecep:pos="pns21"
                     ecep:reg="Thou"
                     ecep:spe="Thou"
                     ecep:syllab="1"
                     ecep:pron="θaʊ">Thou</w>
                  <c> </c>
                  <w xmlns:ecep="http://www.eighteenthcenturypoetry.org/ns"
                     xml:id="bed98-368120"
                     n="bed98/000245-a-0440"
                     ecep:lem="shine"
                     ecep:pos="vv2"
                     ecep:reg="shinest"
                     ecep:spe="shin'st"
                     ecep:syllab="1"
                     ecep:pron="ʃɪnst">shin'st</w>
                  <c> </c>
                  <w xmlns:ecep="http://www.eighteenthcenturypoetry.org/ns"
                     xml:id="bed98-368130"
                     n="bed98/000245-a-0450"
                     ecep:lem="in"
                     ecep:pos="p-acp"
                     ecep:reg="in"
                     ecep:spe="in"
                     ecep:syllab="1"
                     ecep:pron="ɪn">in</w>
                  <c> </c>
                  <w xmlns:ecep="http://www.eighteenthcenturypoetry.org/ns"
                     xml:id="bed98-368140"
                     n="bed98/000245-a-0460"
                     ecep:lem="sun"
                     ecep:pos="n2"
                     ecep:reg="suns"
                     ecep:spe="suns"
                     ecep:syllab="1"
                     ecep:pron="sʌnz">suns</w>
                  <pc xmlns:ecep="http://www.eighteenthcenturypoetry.org/ns"
                      xml:id="bed98-368150"
                      n="bed98/000245-a-0470"
                      ecep:lem=","
                      ecep:pos=","
                      ecep:reg=","
                      ecep:spe=",">,</pc>
                  <c> </c>
                  <w xmlns:ecep="http://www.eighteenthcenturypoetry.org/ns"
                     xml:id="bed98-368160"
                     n="bed98/000245-a-0480"
                     ecep:lem="and"
                     ecep:pos="cc"
                     ecep:reg="and"
                     ecep:spe="and"
                     ecep:syllab="1"
                     ecep:pron="ænd">and</w>
                  <c> </c>
                  <w xmlns:ecep="http://www.eighteenthcenturypoetry.org/ns"
                     xml:id="bed98-368170"
                     n="bed98/000245-a-0490"
                     ecep:lem="star"
                     ecep:pos="n2"
                     ecep:reg="stars"
                     ecep:spe="stars"
                     ecep:syllab="1"
                     ecep:pron="stɑːz">stars</w>
                  <c> </c>
                  <w xmlns:ecep="http://www.eighteenthcenturypoetry.org/ns"
                     xml:id="bed98-368180"
                     n="bed98/000245-a-0500"
                     ecep:lem="above"
                     ecep:pos="a-acp"
                     ecep:reg="above"
                     ecep:spe="above"
                     ecep:syllab="2"
                     ecep:pron="əˈbʌv">above</w>
                  <pc xmlns:ecep="http://www.eighteenthcenturypoetry.org/ns"
                      xml:id="bed98-368190"
                      n="bed98/000245-a-0510"
                      ecep:lem=";"
                      ecep:pos=";"
                      ecep:reg=";"
                      ecep:spe=";">;</pc>
               </l>
               <l rendition="#h_3" xml:id="bed98-l20835">
                  <w xmlns:ecep="http://www.eighteenthcenturypoetry.org/ns"
                     xml:id="bed98-368200"
                     n="bed98/000245-a-0520"
                     ecep:lem="and"
                     ecep:pos="cc"
                     ecep:reg="And"
                     ecep:spe="And"
                     ecep:syllab="1"
                     ecep:pron="ænd">And</w>
                  <c> </c>
                  <w xmlns:ecep="http://www.eighteenthcenturypoetry.org/ns"
                     xml:id="bed98-368210"
                     n="bed98/000245-a-0530"
                     ecep:lem="here"
                     ecep:pos="av"
                     ecep:reg="here"
                     ecep:spe="here"
                     ecep:syllab="1"
                     ecep:pron="hɪə">here</w>
                  <c> </c>
                  <w xmlns:ecep="http://www.eighteenthcenturypoetry.org/ns"
                     xml:id="bed98-368220"
                     n="bed98/000245-a-0540"
                     ecep:lem="in"
                     ecep:pos="p-acp"
                     ecep:reg="in"
                     ecep:spe="in"
                     ecep:syllab="1"
                     ecep:pron="ɪn">in</w>
                  <c> </c>
                  <w xmlns:ecep="http://www.eighteenthcenturypoetry.org/ns"
                     xml:id="bed98-368230"
                     n="bed98/000245-a-0550"
                     ecep:lem="every"
                     ecep:pos="d"
                     ecep:reg="every"
                     ecep:spe="every"
                     ecep:syllab="2"
                     ecep:pron="ˈevri">every</w>
                  <c> </c>
                  <w xmlns:ecep="http://www.eighteenthcenturypoetry.org/ns"
                     xml:id="bed98-368240"
                     n="bed98/000245-a-0560"
                     ecep:lem="flower"
                     ecep:pos="n1"
                     ecep:reg="flower"
                     ecep:spe="flower"
                     ecep:syllab="1"
                     ecep:pron="flæə">flower</w>
                  <pc xmlns:ecep="http://www.eighteenthcenturypoetry.org/ns"
                      xml:id="bed98-368250"
                      n="bed98/000245-a-0570"
                      unit="sentence"
                      ecep:lem="."
                      ecep:pos="."
                      ecep:reg="."
                      ecep:spe=".">.</pc>
               </l>
            </lg>
            <lg xml:id="bed98-s02825">
               <l xml:id="bed98-l20840">
                  <w xmlns:ecep="http://www.eighteenthcenturypoetry.org/ns"
                     xml:id="bed98-368280"
                     n="bed98/000245-a-0580"
                     ecep:lem="not"
                     ecep:pos="xx"
                     ecep:reg="Not"
                     ecep:spe="Not"
                     ecep:syllab="1"
                     ecep:pron="nɒt">Not</w>
                  <c> </c>
                  <w xmlns:ecep="http://www.eighteenthcenturypoetry.org/ns"
                     xml:id="bed98-368290"
                     n="bed98/000245-a-0590"
                     ecep:lem="present"
                     ecep:pos="vvb"
                     ecep:reg="present"
                     ecep:spe="present"
                     ecep:syllab="2"
                     ecep:pron="ˈpreznt">present</w>
                  <c> </c>
                  <w xmlns:ecep="http://www.eighteenthcenturypoetry.org/ns"
                     xml:id="bed98-368300"
                     n="bed98/000245-a-0600"
                     ecep:lem="more"
                     ecep:pos="dc"
                     ecep:reg="more"
                     ecep:spe="more"
                     ecep:syllab="1"
                     ecep:pron="mɔː">more</w>
                  <c> </c>
                  <w xmlns:ecep="http://www.eighteenthcenturypoetry.org/ns"
                     xml:id="bed98-368310"
                     n="bed98/000245-a-0610"
                     ecep:lem="where"
                     ecep:pos="c-crq"
                     ecep:reg="where"
                     ecep:spe="where"
                     ecep:syllab="1"
                     ecep:pron="weə">where</w>
                  <c> </c>
                  <w xmlns:ecep="http://www.eighteenthcenturypoetry.org/ns"
                     xml:id="bed98-368320"
                     n="bed98/000245-a-0620"
                     ecep:lem="man"
                     ecep:pos="n1"
                     ecep:reg="man"
                     ecep:spe="man"
                     ecep:syllab="1"
                     ecep:pron="mæn">man</w>
                  <c> </c>
                  <w xmlns:ecep="http://www.eighteenthcenturypoetry.org/ns"
                     xml:id="bed98-368330"
                     n="bed98/000245-a-0630"
                     ecep:lem="be"
                     ecep:pos="vbz"
                     ecep:reg="is"
                     ecep:spe="is"
                     ecep:syllab="1"
                     ecep:pron="ɪz">is</w>
                  <c> </c>
                  <w xmlns:ecep="http://www.eighteenthcenturypoetry.org/ns"
                     xml:id="bed98-368340"
                     n="bed98/000245-a-0640"
                     ecep:lem="place"
                     ecep:pos="vvn"
                     ecep:reg="placed"
                     ecep:spe="plac'd"
                     ecep:syllab="1"
                     ecep:pron="pleɪst">plac'd</w>
                  <pc xmlns:ecep="http://www.eighteenthcenturypoetry.org/ns"
                      xml:id="bed98-368350"
                      n="bed98/000245-a-0650"
                      ecep:lem=","
                      ecep:pos=","
                      ecep:reg=","
                      ecep:spe=",">,</pc>
               </l>
               <l rendition="#h_3" xml:id="bed98-l20845">
                  <w xmlns:ecep="http://www.eighteenthcenturypoetry.org/ns"
                     xml:id="bed98-368360"
                     n="bed98/000245-a-0660"
                     ecep:lem="in"
                     ecep:pos="p-acp"
                     ecep:reg="In"
                     ecep:spe="In"
                     ecep:syllab="1"
                     ecep:pron="ɪn">In</w>
                  <c> </c>
                  <w xmlns:ecep="http://www.eighteenthcenturypoetry.org/ns"
                     xml:id="bed98-368370"
                     n="bed98/000245-a-0670"
                     ecep:lem="grove"
                     ecep:pos="n2"
                     ecep:reg="groves"
                     ecep:spe="groves"
                     ecep:syllab="1"
                     ecep:pron="grəʊvz">groves</w>
                  <c> </c>
                  <w xmlns:ecep="http://www.eighteenthcenturypoetry.org/ns"
                     xml:id="bed98-368380"
                     n="bed98/000245-a-0680"
                     ecep:lem="and"
                     ecep:pos="cc"
                     ecep:reg="and"
                     ecep:spe="and"
                     ecep:syllab="1"
                     ecep:pron="ænd">and</w>
                  <c> </c>
                  <w xmlns:ecep="http://www.eighteenthcenturypoetry.org/ns"
                     xml:id="bed98-368390"
                     n="bed98/000245-a-0690"
                     ecep:lem="flowery"
                     ecep:pos="j"
                     ecep:reg="flowery"
                     ecep:spe="flowery"
                     ecep:syllab="3"
                     ecep:pron="ˈflæəri">flowery</w>
                  <c> </c>
                  <w xmlns:ecep="http://www.eighteenthcenturypoetry.org/ns"
                     xml:id="bed98-368400"
                     n="bed98/000245-a-0700"
                     ecep:lem="mead"
                     ecep:pos="n2"
                     ecep:reg="meads"
                     ecep:spe="meads"
                     ecep:syllab="1"
                     ecep:pron="miːdz">meads</w>
                  <pc xmlns:ecep="http://www.eighteenthcenturypoetry.org/ns"
                      xml:id="bed98-368410"
                      n="bed98/000245-a-0710"
                      ecep:lem=":"
                      ecep:pos=":"
                      ecep:reg=":"
                      ecep:spe=":">:</pc>
               </l>
               <l xml:id="bed98-l20850">
                  <w xmlns:ecep="http://www.eighteenthcenturypoetry.org/ns"
                     xml:id="bed98-368420"
                     n="bed98/000245-a-0720"
                     ecep:lem="than"
                     ecep:pos="cs"
                     ecep:reg="Than"
                     ecep:spe="Than"
                     ecep:syllab="1"
                     ecep:pron="ðæn">Than</w>
                  <c> </c>
                  <w xmlns:ecep="http://www.eighteenthcenturypoetry.org/ns"
                     xml:id="bed98-368430"
                     n="bed98/000245-a-0730"
                     ecep:lem="rock"
                     ecep:pos="n2"
                     ecep:reg="rocks"
                     ecep:spe="rocks"
                     ecep:syllab="1"
                     ecep:pron="rɒks">rocks</w>
                  <c> </c>
                  <w xmlns:ecep="http://www.eighteenthcenturypoetry.org/ns"
                     xml:id="bed98-368440"
                     n="bed98/000245-a-0740"
                     ecep:lem="and"
                     ecep:pos="cc"
                     ecep:reg="and"
                     ecep:spe="and"
                     ecep:syllab="1"
                     ecep:pron="ænd">and</w>
                  <c> </c>
                  <w xmlns:ecep="http://www.eighteenthcenturypoetry.org/ns"
                     xml:id="bed98-368450"
                     n="bed98/000245-a-0750"
                     ecep:lem="sea"
                     ecep:pos="n1"
                     ecep:reg="sea"
                     ecep:spe="sea"
                     ecep:syllab="1"
                     ecep:pron="siː">sea</w>
                  <c> </c>
                  <w xmlns:ecep="http://www.eighteenthcenturypoetry.org/ns"
                     xml:id="bed98-368460"
                     n="bed98/000245-a-0760"
                     ecep:lem="and"
                     ecep:pos="cc"
                     ecep:reg="and"
                     ecep:spe="and"
                     ecep:syllab="1"
                     ecep:pron="ænd">and</w>
                  <c> </c>
                  <w xmlns:ecep="http://www.eighteenthcenturypoetry.org/ns"
                     xml:id="bed98-368470"
                     n="bed98/000245-a-0770"
                     ecep:lem="barren"
                     ecep:pos="j"
                     ecep:reg="barren"
                     ecep:spe="barren"
                     ecep:syllab="2"
                     ecep:pron="ˈbærn">barren</w>
                  <c> </c>
                  <w xmlns:ecep="http://www.eighteenthcenturypoetry.org/ns"
                     xml:id="bed98-368480"
                     n="bed98/000245-a-0780"
                     ecep:lem="waste"
                     ecep:pos="n1"
                     ecep:reg="waste"
                     ecep:spe="waste"
                     ecep:syllab="1"
                     ecep:pron="weɪst">waste</w>
                  <pc xmlns:ecep="http://www.eighteenthcenturypoetry.org/ns"
                      xml:id="bed98-368490"
                      n="bed98/000245-a-0790"
                      ecep:lem=","
                      ecep:pos=","
                      ecep:reg=","
                      ecep:spe=",">,</pc>
               </l>
               <l rendition="#h_3" xml:id="bed98-l20855">
                  <w xmlns:ecep="http://www.eighteenthcenturypoetry.org/ns"
                     xml:id="bed98-368500"
                     n="bed98/000245-a-0800"
                     ecep:lem="and"
                     ecep:pos="cc"
                     ecep:reg="And"
                     ecep:spe="And"
                     ecep:syllab="1"
                     ecep:pron="ænd">And</w>
                  <c> </c>
                  <w xmlns:ecep="http://www.eighteenthcenturypoetry.org/ns"
                     xml:id="bed98-368510"
                     n="bed98/000245-a-0810"
                     ecep:lem="where"
                     ecep:pos="c-crq"
                     ecep:reg="where"
                     ecep:spe="where"
                     ecep:syllab="1"
                     ecep:pron="weə">where</w>
                  <c> </c>
                  <w xmlns:ecep="http://www.eighteenthcenturypoetry.org/ns"
                     xml:id="bed98-368520"
                     n="bed98/000245-a-0820"
                     ecep:lem="no"
                     ecep:pos="dx"
                     ecep:reg="no"
                     ecep:spe="no"
                     ecep:syllab="1"
                     ecep:pron="nəʊ">no</w>
                  <c> </c>
                  <w xmlns:ecep="http://www.eighteenthcenturypoetry.org/ns"
                     xml:id="bed98-368530"
                     n="bed98/000245-a-0830"
                     ecep:lem="footstep"
                     ecep:pos="n1"
                     ecep:reg="footstep"
                     ecep:spe="footstep"
                     ecep:syllab="2"
                     ecep:pron="ˈfʊtstep">footstep</w>
                  <c> </c>
                  <w xmlns:ecep="http://www.eighteenthcenturypoetry.org/ns"
                     xml:id="bed98-368540"
                     n="bed98/000245-a-0840"
                     ecep:lem="tread"
                     ecep:pos="vvz"
                     ecep:reg="treads"
                     ecep:spe="treads"
                     ecep:syllab="1"
                     ecep:pron="tredz">treads</w>
                  <pc xmlns:ecep="http://www.eighteenthcenturypoetry.org/ns"
                      xml:id="bed98-368550"
                      n="bed98/000245-a-0850"
                      unit="sentence"
                      ecep:lem="."
                      ecep:pos="."
                      ecep:reg="."
                      ecep:spe=".">.</pc>
               </l>
            </lg>
            <pb facs="bed98/000246" n="226" rend="none"/>
            <lg xml:id="bed98-s02830">
               <l xml:id="bed98-l20860">
                  <w xmlns:ecep="http://www.eighteenthcenturypoetry.org/ns"
                     xml:id="bed98-368580"
                     n="bed98/000246-a-0010"
                     ecep:lem="yet"
                     ecep:pos="av"
                     ecep:reg="Yet"
                     ecep:spe="Yet"
                     ecep:syllab="1"
                     ecep:pron="jet">Yet</w>
                  <c> </c>
                  <w xmlns:ecep="http://www.eighteenthcenturypoetry.org/ns"
                     xml:id="bed98-368590"
                     n="bed98/000246-a-0020"
                     ecep:lem="not"
                     ecep:pos="xx"
                     ecep:reg="not"
                     ecep:spe="not"
                     ecep:syllab="1"
                     ecep:pron="nɒt">not</w>
                  <c> </c>
                  <w xmlns:ecep="http://www.eighteenthcenturypoetry.org/ns"
                     xml:id="bed98-368600"
                     n="bed98/000246-a-0030"
                     ecep:lem="to"
                     ecep:pos="p-acp"
                     ecep:reg="to"
                     ecep:spe="to"
                     ecep:syllab="1"
                     ecep:pron="tuː">to</w>
                  <c> </c>
                  <w xmlns:ecep="http://www.eighteenthcenturypoetry.org/ns"
                     xml:id="bed98-368610"
                     n="bed98/000246-a-0040"
                     ecep:lem="earth"
                     ecep:pos="n1"
                     ecep:reg="earth"
                     ecep:spe="earth"
                     ecep:syllab="1"
                     ecep:pron="ɜːθ">earth</w>
                  <c> </c>
                  <w xmlns:ecep="http://www.eighteenthcenturypoetry.org/ns"
                     xml:id="bed98-368620"
                     n="bed98/000246-a-0050"
                     ecep:lem="and"
                     ecep:pos="cc"
                     ecep:reg="and"
                     ecep:spe="and"
                     ecep:syllab="1"
                     ecep:pron="ænd">and</w>
                  <c> </c>
                  <w xmlns:ecep="http://www.eighteenthcenturypoetry.org/ns"
                     xml:id="bed98-368630"
                     n="bed98/000246-a-0060"
                     ecep:lem="those"
                     ecep:pos="d"
                     ecep:reg="those"
                     ecep:spe="those"
                     ecep:syllab="1"
                     ecep:pron="ðəʊz">those</w>
                  <c> </c>
                  <w xmlns:ecep="http://www.eighteenthcenturypoetry.org/ns"
                     xml:id="bed98-368640"
                     n="bed98/000246-a-0070"
                     ecep:lem="it"
                     ecep:pos="pn31"
                     ecep:reg="it"
                     ecep:spe="it"
                     ecep:syllab="1"
                     ecep:pron="ɪt">it</w>
                  <c> </c>
                  <w xmlns:ecep="http://www.eighteenthcenturypoetry.org/ns"
                     xml:id="bed98-368650"
                     n="bed98/000246-a-0080"
                     ecep:lem="own"
                     ecep:pos="vvi"
                     ecep:reg="own"
                     ecep:spe="own"
                     ecep:syllab="1"
                     ecep:pron="əʊn">own</w>
                  <pc xmlns:ecep="http://www.eighteenthcenturypoetry.org/ns"
                      xml:id="bed98-368660"
                      n="bed98/000246-a-0090"
                      ecep:lem=","
                      ecep:pos=","
                      ecep:reg=","
                      ecep:spe=",">,</pc>
               </l>
               <l rendition="#h_3" xml:id="bed98-l20865">
                  <w xmlns:ecep="http://www.eighteenthcenturypoetry.org/ns"
                     xml:id="bed98-368670"
                     n="bed98/000246-a-0100"
                     ecep:lem="thou"
                     ecep:pos="pns21"
                     ecep:reg="Thou"
                     ecep:spe="Thou"
                     ecep:syllab="1"
                     ecep:pron="θaʊ">Thou</w>
                  <pc xmlns:ecep="http://www.eighteenthcenturypoetry.org/ns"
                      xml:id="bed98-368680"
                      n="bed98/000246-a-0110"
                      ecep:lem=","
                      ecep:pos=","
                      ecep:reg=","
                      ecep:spe=",">,</pc>
                  <c> </c>
                  <w xmlns:ecep="http://www.eighteenthcenturypoetry.org/ns"
                     xml:id="bed98-368690"
                     n="bed98/000246-a-0120"
                     ecep:lem="lord"
                     ecep:pos="n1"
                     ecep:reg="Lord"
                     ecep:spe="Lord"
                     ecep:syllab="1"
                     ecep:pron="lɔːd">Lord</w>
                  <pc xmlns:ecep="http://www.eighteenthcenturypoetry.org/ns"
                      xml:id="bed98-368700"
                      n="bed98/000246-a-0130"
                      ecep:lem=","
                      ecep:pos=","
                      ecep:reg=","
                      ecep:spe=",">,</pc>
                  <c> </c>
                  <w xmlns:ecep="http://www.eighteenthcenturypoetry.org/ns"
                     xml:id="bed98-368710"
                     n="bed98/000246-a-0140"
                     ecep:lem="can"
                     ecep:pos="vm2"
                     ecep:reg="canst"
                     ecep:spe="can'st"
                     ecep:syllab="1"
                     ecep:pron="kænst">can'st</w>
                  <c> </c>
                  <w xmlns:ecep="http://www.eighteenthcenturypoetry.org/ns"
                     xml:id="bed98-368720"
                     n="bed98/000246-a-0150"
                     ecep:lem="be"
                     ecep:pos="vbi"
                     ecep:reg="be"
                     ecep:spe="be"
                     ecep:syllab="1"
                     ecep:pron="biː">be</w>
                  <c> </c>
                  <w xmlns:ecep="http://www.eighteenthcenturypoetry.org/ns"
                     xml:id="bed98-368730"
                     n="bed98/000246-a-0160"
                     ecep:lem="confine"
                     ecep:pos="vvn"
                     ecep:reg="confined"
                     ecep:spe="confin'd"
                     ecep:syllab="2"
                     ecep:pron="kənˈfaɪnd">confin'd</w>
                  <pc xmlns:ecep="http://www.eighteenthcenturypoetry.org/ns"
                      xml:id="bed98-368740"
                      n="bed98/000246-a-0170"
                      ecep:lem=";"
                      ecep:pos=";"
                      ecep:reg=";"
                      ecep:spe=";">;</pc>
               </l>
               <l xml:id="bed98-l20870">
                  <w xmlns:ecep="http://www.eighteenthcenturypoetry.org/ns"
                     xml:id="bed98-368750"
                     n="bed98/000246-a-0180"
                     ecep:lem="through"
                     ecep:pos="p-acp"
                     ecep:reg="Through"
                     ecep:spe="Thro'"
                     ecep:syllab="1"
                     ecep:pron="θruː">Thro'</w>
                  <c> </c>
                  <w xmlns:ecep="http://www.eighteenthcenturypoetry.org/ns"
                     xml:id="bed98-368760"
                     n="bed98/000246-a-0190"
                     ecep:lem="thy"
                     ecep:pos="po21"
                     ecep:reg="thy"
                     ecep:spe="thy"
                     ecep:syllab="1"
                     ecep:pron="ðaɪ">thy</w>
                  <c> </c>
                  <w xmlns:ecep="http://www.eighteenthcenturypoetry.org/ns"
                     xml:id="bed98-368770"
                     n="bed98/000246-a-0200"
                     ecep:lem="creation"
                     ecep:pos="n1"
                     ecep:reg="creation"
                     ecep:spe="creation"
                     ecep:syllab="3"
                     ecep:pron="kriˈeɪʃn">creation</w>
                  <c> </c>
                  <w xmlns:ecep="http://www.eighteenthcenturypoetry.org/ns"
                     xml:id="bed98-368780"
                     n="bed98/000246-a-0210"
                     ecep:lem="equal"
                     ecep:pos="j-jn"
                     ecep:reg="equal"
                     ecep:spe="equal"
                     ecep:syllab="2"
                     ecep:pron="ˈiːkwəl">equal</w>
                  <c> </c>
                  <w xmlns:ecep="http://www.eighteenthcenturypoetry.org/ns"
                     xml:id="bed98-368790"
                     n="bed98/000246-a-0220"
                     ecep:lem="know"
                     ecep:pos="vvn"
                     ecep:reg="known"
                     ecep:spe="known"
                     ecep:syllab="1"
                     ecep:pron="nəʊn">known</w>
                  <pc xmlns:ecep="http://www.eighteenthcenturypoetry.org/ns"
                      xml:id="bed98-368800"
                      n="bed98/000246-a-0230"
                      ecep:lem=","
                      ecep:pos=","
                      ecep:reg=","
                      ecep:spe=",">,</pc>
               </l>
               <l rendition="#h_3" xml:id="bed98-l20875">
                  <w xmlns:ecep="http://www.eighteenthcenturypoetry.org/ns"
                     xml:id="bed98-368810"
                     n="bed98/000246-a-0240"
                     ecep:lem="acknowledge"
                     ecep:pos="vvn"
                     ecep:reg="Acknowledged"
                     ecep:spe="Acknowledg'd"
                     ecep:syllab="3"
                     ecep:pron="əkˈnɒlɪdʒd">Acknowledg'd</w>
                  <pc xmlns:ecep="http://www.eighteenthcenturypoetry.org/ns"
                      xml:id="bed98-368820"
                      n="bed98/000246-a-0250"
                      ecep:lem=","
                      ecep:pos=","
                      ecep:reg=","
                      ecep:spe=",">,</pc>
                  <c> </c>
                  <w xmlns:ecep="http://www.eighteenthcenturypoetry.org/ns"
                     xml:id="bed98-368830"
                     n="bed98/000246-a-0260"
                     ecep:lem="present"
                     ecep:pos="j"
                     ecep:reg="present"
                     ecep:spe="present"
                     ecep:syllab="2"
                     ecep:pron="ˈpreznt">present</w>
                  <pc xmlns:ecep="http://www.eighteenthcenturypoetry.org/ns"
                      xml:id="bed98-368840"
                      n="bed98/000246-a-0270"
                      ecep:lem=","
                      ecep:pos=","
                      ecep:reg=","
                      ecep:spe=",">,</pc>
                  <c> </c>
                  <w xmlns:ecep="http://www.eighteenthcenturypoetry.org/ns"
                     xml:id="bed98-368850"
                     n="bed98/000246-a-0280"
                     ecep:lem="kind"
                     ecep:pos="n1"
                     ecep:reg="kind"
                     ecep:spe="kind"
                     ecep:syllab="1"
                     ecep:pron="kaɪnd">kind</w>
                  <pc xmlns:ecep="http://www.eighteenthcenturypoetry.org/ns"
                      xml:id="bed98-368860"
                      n="bed98/000246-a-0290"
                      unit="sentence"
                      ecep:lem="."
                      ecep:pos="."
                      ecep:reg="."
                      ecep:spe=".">.</pc>
               </l>
            </lg>
            <lg xml:id="bed98-s02835">
               <l xml:id="bed98-l20880">
                  <w xmlns:ecep="http://www.eighteenthcenturypoetry.org/ns"
                     xml:id="bed98-368890"
                     n="bed98/000246-a-0300"
                     ecep:lem="through"
                     ecep:pos="p-acp"
                     ecep:reg="Through"
                     ecep:spe="Thro'"
                     ecep:syllab="1"
                     ecep:pron="θruː">Thro'</w>
                  <c> </c>
                  <w xmlns:ecep="http://www.eighteenthcenturypoetry.org/ns"
                     xml:id="bed98-368900"
                     n="bed98/000246-a-0310"
                     ecep:lem="all"
                     ecep:pos="d"
                     ecep:reg="all"
                     ecep:spe="all"
                     ecep:syllab="1"
                     ecep:pron="ɔːl">all</w>
                  <c> </c>
                  <w xmlns:ecep="http://www.eighteenthcenturypoetry.org/ns"
                     xml:id="bed98-368910"
                     n="bed98/000246-a-0320"
                     ecep:lem="diffuse"
                     ecep:pos="j-vvn"
                     ecep:reg="diffused"
                     ecep:spe="diffus'd"
                     ecep:syllab="2"
                     ecep:pron="dɪˈfjuːzd">diffus'd</w>
                  <pc xmlns:ecep="http://www.eighteenthcenturypoetry.org/ns"
                      xml:id="bed98-368920"
                      n="bed98/000246-a-0330"
                      ecep:lem=","
                      ecep:pos=","
                      ecep:reg=","
                      ecep:spe=",">,</pc>
                  <c> </c>
                  <w xmlns:ecep="http://www.eighteenthcenturypoetry.org/ns"
                     xml:id="bed98-368930"
                     n="bed98/000246-a-0340"
                     ecep:lem="over"
                     ecep:pos="p-acp"
                     ecep:reg="over"
                     ecep:spe="o'er"
                     ecep:syllab="1"
                     ecep:pron="ˈɔːə">o'er</w>
                  <c> </c>
                  <w xmlns:ecep="http://www.eighteenthcenturypoetry.org/ns"
                     xml:id="bed98-368940"
                     n="bed98/000246-a-0350"
                     ecep:lem="all"
                     ecep:pos="d"
                     ecep:reg="all"
                     ecep:spe="all"
                     ecep:syllab="1"
                     ecep:pron="ɔːl">all</w>
                  <c> </c>
                  <w xmlns:ecep="http://www.eighteenthcenturypoetry.org/ns"
                     xml:id="bed98-368950"
                     n="bed98/000246-a-0360"
                     ecep:lem="enthrone"
                     ecep:pos="j-vvn"
                     ecep:reg="enthroned"
                     ecep:spe="enthron'd"
                     ecep:syllab="2"
                     ecep:pron="ɪnˈθrəʊnd">enthron'd</w>
                  <pc xmlns:ecep="http://www.eighteenthcenturypoetry.org/ns"
                      xml:id="bed98-368960"
                      n="bed98/000246-a-0370"
                      ecep:lem=","
                      ecep:pos=","
                      ecep:reg=","
                      ecep:spe=",">,</pc>
               </l>
               <l rendition="#h_3" xml:id="bed98-l20885">
                  <w xmlns:ecep="http://www.eighteenthcenturypoetry.org/ns"
                     xml:id="bed98-368970"
                     n="bed98/000246-a-0380"
                     ecep:lem="immense"
                     ecep:pos="j"
                     ecep:reg="Immense"
                     ecep:spe="Immense"
                     ecep:syllab="2"
                     ecep:pron="ɪˈmens">Immense</w>
                  <c> </c>
                  <w xmlns:ecep="http://www.eighteenthcenturypoetry.org/ns"
                     xml:id="bed98-368980"
                     n="bed98/000246-a-0390"
                     ecep:lem="be"
                     ecep:pos="vbz"
                     ecep:reg="is"
                     ecep:spe="is"
                     ecep:syllab="1"
                     ecep:pron="ɪz">is</w>
                  <c> </c>
                  <w xmlns:ecep="http://www.eighteenthcenturypoetry.org/ns"
                     xml:id="bed98-368990"
                     n="bed98/000246-a-0400"
                     ecep:lem="thy"
                     ecep:pos="po21"
                     ecep:reg="thine"
                     ecep:spe="thine"
                     ecep:syllab="1"
                     ecep:pron="ðaɪn">thine</w>
                  <c> </c>
                  <w xmlns:ecep="http://www.eighteenthcenturypoetry.org/ns"
                     xml:id="bed98-369000"
                     n="bed98/000246-a-0410"
                     ecep:lem="abode"
                     ecep:pos="n1"
                     ecep:reg="abode"
                     ecep:spe="abode"
                     ecep:syllab="2"
                     ecep:pron="əˈbəʊd">abode</w>
                  <pc xmlns:ecep="http://www.eighteenthcenturypoetry.org/ns"
                      xml:id="bed98-369010"
                      n="bed98/000246-a-0420"
                      ecep:lem=";"
                      ecep:pos=";"
                      ecep:reg=";"
                      ecep:spe=";">;</pc>
               </l>
               <l xml:id="bed98-l20890">
                  <w xmlns:ecep="http://www.eighteenthcenturypoetry.org/ns"
                     xml:id="bed98-369020"
                     n="bed98/000246-a-0430"
                     ecep:lem="beyond"
                     ecep:pos="p-acp"
                     ecep:reg="Beyond"
                     ecep:spe="Beyond"
                     ecep:syllab="2"
                     ecep:pron="biˈɒnd">Beyond</w>
                  <c> </c>
                  <w xmlns:ecep="http://www.eighteenthcenturypoetry.org/ns"
                     xml:id="bed98-369030"
                     n="bed98/000246-a-0440"
                     ecep:lem="what"
                     ecep:pos="r-crq"
                     ecep:reg="what"
                     ecep:spe="what"
                     ecep:syllab="1"
                     ecep:pron="wɒt">what</w>
                  <c> </c>
                  <w xmlns:ecep="http://www.eighteenthcenturypoetry.org/ns"
                     xml:id="bed98-369040"
                     n="bed98/000246-a-0450"
                     ecep:lem="countless"
                     ecep:pos="j"
                     ecep:reg="countless"
                     ecep:spe="countless"
                     ecep:syllab="2"
                     ecep:pron="ˈkaʊntləs">countless</w>
                  <c> </c>
                  <w xmlns:ecep="http://www.eighteenthcenturypoetry.org/ns"
                     xml:id="bed98-369050"
                     n="bed98/000246-a-0460"
                     ecep:lem="world"
                     ecep:pos="n2"
                     ecep:reg="worlds"
                     ecep:spe="worlds"
                     ecep:syllab="1"
                     ecep:pron="wɜːldz">worlds</w>
                  <c> </c>
                  <w xmlns:ecep="http://www.eighteenthcenturypoetry.org/ns"
                     xml:id="bed98-369060"
                     n="bed98/000246-a-0470"
                     ecep:lem="can"
                     ecep:pos="vmb"
                     ecep:reg="can"
                     ecep:spe="can"
                     ecep:syllab="1"
                     ecep:pron="kæn">can</w>
                  <c> </c>
                  <w xmlns:ecep="http://www.eighteenthcenturypoetry.org/ns"
                     xml:id="bed98-369070"
                     n="bed98/000246-a-0480"
                     ecep:lem="bound"
                     ecep:pos="vvi"
                     ecep:reg="bound"
                     ecep:spe="bound"
                     ecep:syllab="1"
                     ecep:pron="baʊnd">bound</w>
                  <pc xmlns:ecep="http://www.eighteenthcenturypoetry.org/ns"
                      xml:id="bed98-369080"
                      n="bed98/000246-a-0490"
                      ecep:lem=","
                      ecep:pos=","
                      ecep:reg=","
                      ecep:spe=",">,</pc>
               </l>
               <l rendition="#h_3" xml:id="bed98-l20895">
                  <w xmlns:ecep="http://www.eighteenthcenturypoetry.org/ns"
                     xml:id="bed98-369090"
                     n="bed98/000246-a-0500"
                     ecep:lem="through"
                     ecep:pos="p-acp"
                     ecep:reg="Through"
                     ecep:spe="Thro'"
                     ecep:syllab="1"
                     ecep:pron="θruː">Thro'</w>
                  <c> </c>
                  <w xmlns:ecep="http://www.eighteenthcenturypoetry.org/ns"
                     xml:id="bed98-369100"
                     n="bed98/000246-a-0510"
                     ecep:lem="all"
                     ecep:pos="d"
                     ecep:reg="all"
                     ecep:spe="all"
                     ecep:syllab="1"
                     ecep:pron="ɔːl">all</w>
                  <c> </c>
                  <w xmlns:ecep="http://www.eighteenthcenturypoetry.org/ns"
                     xml:id="bed98-369110"
                     n="bed98/000246-a-0520"
                     ecep:lem="the"
                     ecep:pos="dt"
                     ecep:reg="the"
                     ecep:spe="th'"
                     ecep:syllab="0"
                     ecep:pron="ð">th'</w>
                  <c> </c>
                  <w xmlns:ecep="http://www.eighteenthcenturypoetry.org/ns"
                     xml:id="bed98-369120"
                     n="bed98/000246-a-0530"
                     ecep:lem="exist"
                     ecep:pos="j-vvg"
                     ecep:reg="existing"
                     ecep:spe="existing"
                     ecep:syllab="3"
                     ecep:pron="ɪgˈzɪstɪŋ">existing</w>
                  <c> </c>
                  <w xmlns:ecep="http://www.eighteenthcenturypoetry.org/ns"
                     xml:id="bed98-369130"
                     n="bed98/000246-a-0540"
                     ecep:lem="god"
                     ecep:pos="n1"
                     ecep:reg="God"
                     ecep:spe="God"
                     ecep:syllab="1"
                     ecep:pron="gɒd">God</w>
                  <pc xmlns:ecep="http://www.eighteenthcenturypoetry.org/ns"
                      xml:id="bed98-369140"
                      n="bed98/000246-a-0550"
                      unit="sentence"
                      ecep:lem="."
                      ecep:pos="."
                      ecep:reg="."
                      ecep:spe=".">.</pc>
               </l>
            </lg>
         </div>
      </body>
   </text>
</TEI>
