<?xml version="1.0" encoding="utf-8"?>
<!DOCTYPE div
  SYSTEM "about:legacy-compat">
<div xmlns:ecep="http://www.eighteenthcenturypoetry.org/ns"
     xmlns="http://www.tei-c.org/ns/1.0"
     xmlns:tei="http://www.tei-c.org/ns/1.0"
     ana="#anapaest #tetrameter #cross #acephal #quatrain #occasional"
     corresp="#txt_BlamSu1747_w0011"
     decls="#semi-normalized"
     ecep:syllab="12.12.12.12"
     met="-+|--+|--+|--+/ -+|--+|--+|--+/ -+|--+|--+|--+/ -+|--+|--+|--+/"
     rendition="#lgvspace"
     rhyme="abab"
     subtype="eceptext"
     type="poem"
     xml:id="bsb18-w0110">
   <link target="authors.xml#aut_BlamSu1747" type="author"/>
   <head type="main">
      <w xml:id="bsb18-308080"
         n="a-0360"
         ecep:lem="tomorrow"
         ecep:pos="av-an"
         ecep:reg="TO-MORROW"
         ecep:spe="TO-MORROW"
         ecep:syllab="3"
         ecep:pron="təˈmɒrəʊ">TO-MORROW</w>
      <pc xml:id="bsb18-308090"
          n="a-0370"
          unit="sentence"
          ecep:lem="."
          ecep:pos="."
          ecep:reg="."
          ecep:spe=".">.</pc>
   </head>
   <head type="sub">
      <w xml:id="bsb18-308120"
         n="a-0380"
         ecep:lem="write"
         ecep:pos="vvn"
         ecep:reg="WRITTEN"
         ecep:spe="WRITTEN"
         ecep:syllab="2"
         ecep:pron="ˈrɪtn">WRITTEN</w>
      <c> </c>
      <w xml:id="bsb18-308130"
         n="a-0390"
         ecep:lem="during"
         ecep:pos="p-acp"
         ecep:reg="DURING"
         ecep:spe="DURING"
         ecep:syllab="2"
         ecep:pron="ˈdjʊərɪŋ">DURING</w>
      <c> </c>
      <w xml:id="bsb18-308140"
         n="a-0400"
         ecep:lem="sickness"
         ecep:pos="n1"
         ecep:reg="SICKNESS"
         ecep:spe="SICKNESS"
         ecep:syllab="2"
         ecep:pron="ˈsɪknɪs">SICKNESS</w>
      <pc xml:id="bsb18-308150"
          n="a-0410"
          unit="sentence"
          ecep:lem="."
          ecep:pos="."
          ecep:reg="."
          ecep:spe=".">.</pc>
   </head>
   <lg xml:id="bsb18-s00495">
      <l xml:id="bsb18-l10155">
         <w xml:id="bsb18-308180"
            n="a-0420"
            ecep:lem="how"
            ecep:pos="q-crq"
            ecep:reg="HOW"
            ecep:spe="HOW"
            ecep:syllab="1"
            ecep:pron="haʊ">HOW</w>
         <c> </c>
         <w xml:id="bsb18-308190"
            n="a-0430"
            ecep:lem="sweet"
            ecep:pos="j"
            ecep:reg="sweet"
            ecep:spe="sweet"
            ecep:syllab="1"
            ecep:pron="swiːt">sweet</w>
         <c> </c>
         <w xml:id="bsb18-308200"
            n="a-0440"
            ecep:lem="to"
            ecep:pos="p-acp"
            ecep:reg="to"
            ecep:spe="to"
            ecep:syllab="1"
            ecep:pron="tuː">to</w>
         <c> </c>
         <w xml:id="bsb18-308210"
            n="a-0450"
            ecep:lem="the"
            ecep:pos="dt"
            ecep:reg="the"
            ecep:spe="the"
            ecep:syllab="1"
            ecep:pron="ðə">the</w>
         <c> </c>
         <w xml:id="bsb18-308220"
            n="a-0460"
            ecep:lem="heart"
            ecep:pos="n1"
            ecep:reg="heart"
            ecep:spe="heart"
            ecep:syllab="1"
            ecep:pron="hɑːt">heart</w>
         <c> </c>
         <w xml:id="bsb18-308230"
            n="a-0470"
            ecep:lem="be"
            ecep:pos="vbz"
            ecep:reg="is"
            ecep:spe="is"
            ecep:syllab="1"
            ecep:pron="ɪz">is</w>
         <c> </c>
         <w xml:id="bsb18-308240"
            n="a-0480"
            ecep:lem="the"
            ecep:pos="dt"
            ecep:reg="the"
            ecep:spe="the"
            ecep:syllab="1"
            ecep:pron="ðə">the</w>
         <c> </c>
         <w xml:id="bsb18-308250"
            n="a-0490"
            ecep:lem="thought"
            ecep:pos="n1"
            ecep:reg="thought"
            ecep:spe="thought"
            ecep:syllab="1"
            ecep:pron="θɔːt">thought</w>
         <c> </c>
         <w xml:id="bsb18-308260"
            n="a-0500"
            ecep:lem="of"
            ecep:pos="pp-f"
            ecep:reg="of"
            ecep:spe="of"
            ecep:syllab="1"
            ecep:pron="ɒv">of</w>
         <c> </c>
         <w xml:id="bsb18-308270"
            n="a-0510"
            ecep:lem="tomorrow"
            ecep:pos="av-an"
            ecep:reg="tomorrow"
            ecep:spe="to-morrow"
            ecep:syllab="3"
            ecep:pron="təˈmɒrəʊ">to-morrow</w>
         <pc xml:id="bsb18-308280"
             n="a-0520"
             ecep:lem=","
             ecep:pos=","
             ecep:reg=","
             ecep:spe=",">,</pc>
      </l>
      <l rendition="#h_3" xml:id="bsb18-l10160">
         <c> </c>
         <w xml:id="bsb18-308290"
            n="a-0530"
            ecep:lem="when"
            ecep:pos="c-crq"
            ecep:reg="When"
            ecep:spe="When"
            ecep:syllab="1"
            ecep:pron="wen">When</w>
         <corr>
            <c> </c>
            <w xml:id="bsb18-308300"
               n="a-0540"
               ecep:lem="hope"
               ecep:pos="ng1"
               ecep:reg="Hope's"
               ecep:spe="Hope's"
               ecep:syllab="1"
               ecep:pron="həʊpz">Hope's</w>
         </corr>
         <c> </c>
         <w xml:id="bsb18-308310"
            n="a-0550"
            ecep:lem="fairy"
            ecep:pos="n1"
            ecep:reg="fairy"
            ecep:spe="fairy"
            ecep:syllab="2"
            ecep:pron="ˈfeərɪ">fairy</w>
         <c> </c>
         <w xml:id="bsb18-308320"
            n="a-0560"
            ecep:lem="picture"
            ecep:pos="n2"
            ecep:reg="pictures"
            ecep:spe="pictures"
            ecep:syllab="2"
            ecep:pron="ˈpɪktʃəz">pictures</w>
         <c> </c>
         <w xml:id="bsb18-308330"
            n="a-0570"
            ecep:lem="bright"
            ecep:pos="j"
            ecep:reg="bright"
            ecep:spe="bright"
            ecep:syllab="1"
            ecep:pron="braɪt">bright</w>
         <c> </c>
         <w xml:id="bsb18-308340"
            n="a-0580"
            ecep:lem="colour"
            ecep:pos="n2"
            ecep:reg="colours"
            ecep:spe="colours"
            ecep:syllab="1"
            ecep:pron="ˈkʌləz">colours</w>
         <c> </c>
         <w xml:id="bsb18-308350"
            n="a-0590"
            ecep:lem="display"
            ecep:pos="vvb"
            ecep:reg="display"
            ecep:spe="display"
            ecep:syllab="2"
            ecep:pron="dɪˈspleɪ">display</w>
         <pc xml:id="bsb18-308360"
             n="a-0600"
             ecep:lem=";"
             ecep:pos=";"
             ecep:reg=";"
             ecep:spe=";">;</pc>
      </l>
      <l xml:id="bsb18-l10165">
         <c> </c>
         <w xml:id="bsb18-308370"
            n="a-0610"
            ecep:lem="how"
            ecep:pos="c-crq"
            ecep:reg="How"
            ecep:spe="How"
            ecep:syllab="1"
            ecep:pron="haʊ">How</w>
         <c> </c>
         <w xml:id="bsb18-308380"
            n="a-0620"
            ecep:lem="sweet"
            ecep:pos="j"
            ecep:reg="sweet"
            ecep:spe="sweet"
            ecep:syllab="1"
            ecep:pron="swiːt">sweet</w>
         <c> </c>
         <w xml:id="bsb18-308390"
            n="a-0630"
            ecep:lem="when"
            ecep:pos="c-crq"
            ecep:reg="when"
            ecep:spe="when"
            ecep:syllab="1"
            ecep:pron="wen">when</w>
         <c> </c>
         <w xml:id="bsb18-308400"
            n="a-0640"
            ecep:lem="we"
            ecep:pos="pns12"
            ecep:reg="we"
            ecep:spe="we"
            ecep:syllab="1"
            ecep:pron="wiː">we</w>
         <c> </c>
         <w xml:id="bsb18-308410"
            n="a-0650"
            ecep:lem="can"
            ecep:pos="vmb"
            ecep:reg="can"
            ecep:spe="can"
            ecep:syllab="1"
            ecep:pron="kæn">can</w>
         <c> </c>
         <w xml:id="bsb18-308420"
            n="a-0660"
            ecep:lem="from"
            ecep:pos="p-acp"
            ecep:reg="from"
            ecep:spe="from"
            ecep:syllab="1"
            ecep:pron="frɒm">from</w>
         <c> </c>
         <w xml:id="bsb18-308430"
            n="a-0670"
            ecep:lem="futurity"
            ecep:pos="n1"
            ecep:reg="Futurity"
            ecep:spe="Futurity"
            ecep:syllab="4"
            ecep:pron="fjuːˈtjʊərɪtɪ">Futurity</w>
         <c> </c>
         <w xml:id="bsb18-308440"
            n="a-0680"
            ecep:lem="borrow"
            ecep:pos="vvi"
            ecep:reg="borrow"
            ecep:spe="borrow"
            ecep:syllab="2"
            ecep:pron="ˈbɒrəʊ">borrow</w>
      </l>
      <l rendition="#h_3" xml:id="bsb18-l10170">
         <c> </c>
         <w xml:id="bsb18-308450"
            n="a-0690"
            ecep:lem="a"
            ecep:pos="dt"
            ecep:reg="A"
            ecep:spe="A"
            ecep:syllab="1"
            ecep:pron="ə">A</w>
         <c> </c>
         <w xml:id="bsb18-308460"
            n="a-0700"
            ecep:lem="balm"
            ecep:pos="n1"
            ecep:reg="balm"
            ecep:spe="balm"
            ecep:syllab="1"
            ecep:pron="bɑːm">balm</w>
         <c> </c>
         <w xml:id="bsb18-308470"
            n="a-0710"
            ecep:lem="for"
            ecep:pos="p-acp"
            ecep:reg="for"
            ecep:spe="for"
            ecep:syllab="1"
            ecep:pron="fɔː">for</w>
         <c> </c>
         <w xml:id="bsb18-308480"
            n="a-0720"
            ecep:lem="the"
            ecep:pos="dt"
            ecep:reg="the"
            ecep:spe="the"
            ecep:syllab="1"
            ecep:pron="ðə">the</w>
         <c> </c>
         <w xml:id="bsb18-308490"
            n="a-0730"
            ecep:lem="grief"
            ecep:pos="n2"
            ecep:reg="griefs"
            ecep:spe="griefs"
            ecep:syllab="1"
            ecep:pron="griːfz">griefs</w>
         <c> </c>
         <w xml:id="bsb18-308500"
            n="a-0740"
            ecep:lem="which"
            ecep:pos="r-crq"
            ecep:reg="which"
            ecep:spe="which"
            ecep:syllab="1"
            ecep:pron="wɪtʃ">which</w>
         <c> </c>
         <w xml:id="bsb18-308510"
            n="a-0750"
            ecep:lem="afflict"
            ecep:pos="vvb"
            ecep:reg="afflict"
            ecep:spe="afflict"
            ecep:syllab="2"
            ecep:pron="əˈflɪkt">afflict</w>
         <c> </c>
         <w xml:id="bsb18-308520"
            n="a-0760"
            ecep:lem="we"
            ecep:pos="pno12"
            ecep:reg="us"
            ecep:spe="us"
            ecep:syllab="2"
            ecep:pron="ʌs">us</w>
         <c> </c>
         <w xml:id="bsb18-308530"
            n="a-0770"
            ecep:lem="today"
            ecep:pos="av-an"
            ecep:reg="today"
            ecep:spe="to-day"
            ecep:syllab="2"
            ecep:pron="təˈdeɪ">to-day</w>
         <pc xml:id="bsb18-308540"
             n="a-0780"
             unit="sentence"
             ecep:lem="!"
             ecep:pos="!"
             ecep:reg="!"
             ecep:spe="!">!</pc>
         <c> </c>
      </l>
   </lg>
   <lg xml:id="bsb18-s00500">
      <l xml:id="bsb18-l10175">
         <w xml:id="bsb18-308570"
            n="a-0790"
            ecep:lem="when"
            ecep:pos="c-crq"
            ecep:reg="When"
            ecep:spe="When"
            ecep:syllab="1"
            ecep:pron="wen">When</w>
         <c> </c>
         <w xml:id="bsb18-308580"
            n="a-0800"
            ecep:lem="wearisome"
            ecep:pos="j"
            ecep:reg="wearisome"
            ecep:spe="wearisome"
            ecep:syllab="3"
            ecep:pron="ˈwɪərɪsəm">wearisome</w>
         <c> </c>
         <w xml:id="bsb18-308590"
            n="a-0810"
            ecep:lem="sickness"
            ecep:pos="n1"
            ecep:reg="sickness"
            ecep:spe="sickness"
            ecep:syllab="2"
            ecep:pron="ˈsɪknɪs">sickness</w>
         <c> </c>
         <w xml:id="bsb18-308600"
            n="a-0820"
            ecep:lem="have"
            ecep:pos="vhz"
            ecep:reg="has"
            ecep:spe="has"
            ecep:syllab="1"
            ecep:pron="hæz">has</w>
         <c> </c>
         <w xml:id="bsb18-308610"
            n="a-0830"
            ecep:lem="teach"
            ecep:pos="vvn"
            ecep:reg="taught"
            ecep:spe="taught"
            ecep:syllab="1"
            ecep:pron="tɔːt">taught</w>
         <c> </c>
         <w xml:id="bsb18-308620"
            n="a-0840"
            ecep:lem="i"
            ecep:pos="pno11"
            ecep:reg="me"
            ecep:spe="me"
            ecep:syllab="1"
            ecep:pron="miː">me</w>
         <c> </c>
         <w xml:id="bsb18-308630"
            n="a-0850"
            ecep:lem="to"
            ecep:pos="pc-acp"
            ecep:reg="to"
            ecep:spe="to"
            ecep:syllab="1"
            ecep:pron="tuː">to</w>
         <c> </c>
         <w xml:id="bsb18-308640"
            n="a-0860"
            ecep:lem="languish"
            ecep:pos="vvi"
            ecep:reg="languish"
            ecep:spe="languish"
            ecep:syllab="2"
            ecep:pron="ˈlæŋgwɪʃ">languish</w>
      </l>
      <l rendition="#h_3" xml:id="bsb18-l10180">
         <c> </c>
         <w xml:id="bsb18-308650"
            n="a-0870"
            ecep:lem="for"
            ecep:pos="p-acp"
            ecep:reg="For"
            ecep:spe="For"
            ecep:syllab="1"
            ecep:pron="fɔː">For</w>
         <c> </c>
         <w xml:id="bsb18-308660"
            n="a-0880"
            ecep:lem="health"
            ecep:pos="n1"
            ecep:reg="Health"
            ecep:spe="Health"
            ecep:syllab="1"
            ecep:pron="helθ">Health</w>
         <pc xml:id="bsb18-308670"
             n="a-0890"
             ecep:lem=","
             ecep:pos=","
             ecep:reg=","
             ecep:spe=",">,</pc>
         <c> </c>
         <w xml:id="bsb18-308680"
            n="a-0900"
            ecep:lem="and"
            ecep:pos="cc"
            ecep:reg="and"
            ecep:spe="and"
            ecep:syllab="1"
            ecep:pron="ænd">and</w>
         <c> </c>
         <w xml:id="bsb18-308690"
            n="a-0910"
            ecep:lem="the"
            ecep:pos="dt"
            ecep:reg="the"
            ecep:spe="the"
            ecep:syllab="1"
            ecep:pron="ðə">the</w>
         <c> </c>
         <w xml:id="bsb18-308700"
            n="a-0920"
            ecep:lem="blessing"
            ecep:pos="n2"
            ecep:reg="blessings"
            ecep:spe="blessings"
            ecep:syllab="2"
            ecep:pron="ˈblesɪŋz">blessings</w>
         <c> </c>
         <w xml:id="bsb18-308710"
            n="a-0930"
            ecep:lem="it"
            ecep:pos="pn31"
            ecep:reg="it"
            ecep:spe="it"
            ecep:syllab="1"
            ecep:pron="ɪt">it</w>
         <c> </c>
         <w xml:id="bsb18-308720"
            n="a-0940"
            ecep:lem="bear"
            ecep:pos="vvz"
            ecep:reg="bears"
            ecep:spe="bears"
            ecep:syllab="1"
            ecep:pron="beəz">bears</w>
         <c> </c>
         <w xml:id="bsb18-308730"
            n="a-0950"
            ecep:lem="on"
            ecep:pos="p-acp"
            ecep:reg="on"
            ecep:spe="on"
            ecep:syllab="1"
            ecep:pron="ɒn">on</w>
         <c> </c>
         <w xml:id="bsb18-308740"
            n="a-0960"
            ecep:lem="its"
            ecep:pos="po31"
            ecep:reg="its"
            ecep:spe="its"
            ecep:syllab="1"
            ecep:pron="ɪts">its</w>
         <c> </c>
         <w xml:id="bsb18-308750"
            n="a-0970"
            ecep:lem="wing"
            ecep:pos="n1"
            ecep:reg="wing"
            ecep:spe="wing"
            ecep:syllab="1"
            ecep:pron="wɪŋ">wing</w>
         <pc xml:id="bsb18-308760"
             n="a-0980"
             ecep:lem=";"
             ecep:pos=";"
             ecep:reg=";"
             ecep:spe=";">;</pc>
      </l>
      <l xml:id="bsb18-l10185">
         <c> </c>
         <w xml:id="bsb18-308770"
            n="a-0990"
            ecep:lem="let"
            ecep:pos="vvb"
            ecep:reg="Let"
            ecep:spe="Let"
            ecep:syllab="1"
            ecep:pron="let">Let</w>
         <c> </c>
         <w xml:id="bsb18-308780"
            n="a-1000"
            ecep:lem="i"
            ecep:pos="pno11"
            ecep:reg="me"
            ecep:spe="me"
            ecep:syllab="1"
            ecep:pron="miː">me</w>
         <c> </c>
         <w xml:id="bsb18-308790"
            n="a-1010"
            ecep:lem="hope"
            ecep:pos="n1"
            ecep:reg="hope"
            ecep:spe="hope"
            ecep:syllab="1"
            ecep:pron="həʊp">hope</w>
         <c> </c>
         <pc xml:id="bsb18-308800"
             n="a-1020"
             ecep:lem="("
             ecep:pos="("
             ecep:reg="("
             ecep:spe="(">(</pc>
         <w xml:id="bsb18-308810"
            n="a-1030"
            ecep:lem="ah"
            ecep:pos="uh"
            ecep:reg="ah"
            ecep:spe="ah"
            ecep:syllab="1"
            ecep:pron="ɑː">ah</w>
         <pc xml:id="bsb18-308820"
             n="a-1040"
             ecep:lem="!"
             ecep:pos="!"
             ecep:reg="!"
             ecep:spe="!">!</pc>
         <c> </c>
         <w xml:id="bsb18-308830"
            n="a-1050"
            ecep:lem="how"
            ecep:pos="q-crq"
            ecep:reg="how"
            ecep:spe="how"
            ecep:syllab="1"
            ecep:pron="haʊ">how</w>
         <c> </c>
         <w xml:id="bsb18-308840"
            n="a-1060"
            ecep:lem="soon"
            ecep:pos="av"
            ecep:reg="soon"
            ecep:spe="soon"
            ecep:syllab="1"
            ecep:pron="suːn">soon</w>
         <c> </c>
         <w xml:id="bsb18-308850"
            n="a-1070"
            ecep:lem="will"
            ecep:pos="vmd"
            ecep:reg="would"
            ecep:spe="would"
            ecep:syllab="1"
            ecep:pron="wʊd">would</w>
         <c> </c>
         <w xml:id="bsb18-308860"
            n="a-1080"
            ecep:lem="it"
            ecep:pos="pn31"
            ecep:reg="it"
            ecep:spe="it"
            ecep:syllab="1"
            ecep:pron="ɪt">it</w>
         <c> </c>
         <w xml:id="bsb18-308870"
            n="a-1090"
            ecep:lem="lessen"
            ecep:pos="vvi"
            ecep:reg="lessen"
            ecep:spe="lessen"
            ecep:syllab="2"
            ecep:pron="ˈlesn">lessen</w>
         <c> </c>
         <w xml:id="bsb18-308880"
            n="a-1100"
            ecep:lem="my"
            ecep:pos="po11"
            ecep:reg="my"
            ecep:spe="my"
            ecep:syllab="1"
            ecep:pron="maɪ">my</w>
         <c> </c>
         <w xml:id="bsb18-308890"
            n="a-1110"
            ecep:lem="anguish"
            ecep:pos="n1"
            ecep:reg="anguish"
            ecep:spe="anguish"
            ecep:syllab="2"
            ecep:pron="ˈæŋgwɪʃ">anguish</w>
         <pc xml:id="bsb18-308900"
             n="a-1120"
             ecep:lem=")"
             ecep:pos=")"
             ecep:reg=")"
             ecep:spe=")">)</pc>
         <pc xml:id="bsb18-308910"
             n="a-1130"
             ecep:lem=","
             ecep:pos=","
             ecep:reg=","
             ecep:spe=",">,</pc>
      </l>
      <l rendition="#h_3" xml:id="bsb18-l10190">
         <c> </c>
         <w xml:id="bsb18-308920"
            n="a-1140"
            ecep:lem="that"
            ecep:pos="cst"
            ecep:reg="That"
            ecep:spe="That"
            ecep:syllab="1"
            ecep:pron="ðæt">That</w>
         <c> </c>
         <w xml:id="bsb18-308930"
            n="a-1150"
            ecep:lem="tomorrow"
            ecep:pos="av-an"
            ecep:reg="tomorrow"
            ecep:spe="to-morrow"
            ecep:syllab="3"
            ecep:pron="təˈmɒrəʊ">to-morrow</w>
         <c> </c>
         <w xml:id="bsb18-308940"
            n="a-1160"
            ecep:lem="will"
            ecep:pos="n1"
            ecep:reg="will"
            ecep:spe="will"
            ecep:syllab="1"
            ecep:pron="wɪl">will</w>
         <c> </c>
         <w xml:id="bsb18-308950"
            n="a-1170"
            ecep:lem="ease"
            ecep:pos="n1"
            ecep:reg="ease"
            ecep:spe="ease"
            ecep:syllab="1"
            ecep:pron="iːz">ease</w>
         <c> </c>
         <w xml:id="bsb18-308960"
            n="a-1180"
            ecep:lem="and"
            ecep:pos="cc"
            ecep:reg="and"
            ecep:spe="and"
            ecep:syllab="1"
            ecep:pron="ænd">and</w>
         <c> </c>
         <w xml:id="bsb18-308970"
            n="a-1190"
            ecep:lem="serenity"
            ecep:pos="n1"
            ecep:reg="serenity"
            ecep:spe="serenity"
            ecep:syllab="4"
            ecep:pron="sɪˈrenɪtɪ">serenity</w>
         <c> </c>
         <w xml:id="bsb18-308980"
            n="a-1200"
            ecep:lem="bring"
            ecep:pos="vvi"
            ecep:reg="bring"
            ecep:spe="bring"
            ecep:syllab="1"
            ecep:pron="brɪŋ">bring</w>
         <pc xml:id="bsb18-308990"
             n="a-1210"
             unit="sentence"
             ecep:lem="."
             ecep:pos="."
             ecep:reg="."
             ecep:spe=".">.</pc>
         <c> </c>
      </l>
   </lg>
   <lg xml:id="bsb18-s00505">
      <l xml:id="bsb18-l10195">
         <w xml:id="bsb18-309020"
            n="a-1220"
            ecep:lem="the"
            ecep:pos="dt"
            ecep:reg="The"
            ecep:spe="The"
            ecep:syllab="1"
            ecep:pron="ðə">The</w>
         <c> </c>
         <w xml:id="bsb18-309030"
            n="a-1230"
            ecep:lem="pilgrim"
            ecep:pos="n1"
            ecep:reg="pilgrim"
            ecep:spe="pilgrim"
            ecep:syllab="2"
            ecep:pron="ˈpɪlgrɪm">pilgrim</w>
         <c> </c>
         <w xml:id="bsb18-309040"
            n="a-1240"
            ecep:lem="sojourn"
            ecep:pos="vvg"
            ecep:reg="sojourning"
            ecep:spe="sojourning"
            ecep:syllab="3"
            ecep:pron="ˈsɒdʒənɪŋ">sojourning</w>
         <c> </c>
         <w xml:id="bsb18-309050"
            n="a-1250"
            ecep:lem="alone"
            ecep:pos="av-j"
            ecep:reg="alone"
            ecep:spe="alone"
            ecep:syllab="2"
            ecep:pron="əˈləʊn">alone</w>
         <pc xml:id="bsb18-309060"
             n="a-1260"
             ecep:lem=","
             ecep:pos=","
             ecep:reg=","
             ecep:spe=",">,</pc>
         <c> </c>
         <w xml:id="bsb18-309070"
            n="a-1270"
            ecep:lem="unbefriended"
            ecep:pos="j"
            ecep:reg="unbefriended"
            ecep:spe="unbefriended"
            ecep:syllab="1"
            ecep:pron="ˌʌnbɪˈfrendɪd">unbefriended</w>
         <pc xml:id="bsb18-309080"
             n="a-1280"
             ecep:lem=","
             ecep:pos=","
             ecep:reg=","
             ecep:spe=",">,</pc>
      </l>
      <l rendition="#h_3" xml:id="bsb18-l10200">
         <c> </c>
         <w xml:id="bsb18-309090"
            n="a-1290"
            ecep:lem="hope"
            ecep:pos="n2"
            ecep:reg="Hopes"
            ecep:spe="Hopes"
            ecep:syllab="1"
            ecep:pron="həʊps">Hopes</w>
         <pc xml:id="bsb18-309100"
             n="a-1300"
             ecep:lem=","
             ecep:pos=","
             ecep:reg=","
             ecep:spe=",">,</pc>
         <c> </c>
         <w xml:id="bsb18-309110"
            n="a-1310"
            ecep:lem="joyful"
            ecep:pos="j"
            ecep:reg="joyful"
            ecep:spe="joyful"
            ecep:syllab="2"
            ecep:pron="ˈdʒɔɪfʊl">joyful</w>
         <pc xml:id="bsb18-309120"
             n="a-1320"
             ecep:lem=","
             ecep:pos=","
             ecep:reg=","
             ecep:spe=",">,</pc>
         <c> </c>
         <w xml:id="bsb18-309130"
            n="a-1330"
            ecep:lem="tomorrow"
            ecep:pos="av-an"
            ecep:reg="tomorrow"
            ecep:spe="to-morrow"
            ecep:syllab="3"
            ecep:pron="təˈmɒrəʊ">to-morrow</w>
         <c> </c>
         <w xml:id="bsb18-309140"
            n="a-1340"
            ecep:lem="his"
            ecep:pos="po31"
            ecep:reg="his"
            ecep:spe="his"
            ecep:syllab="1"
            ecep:pron="hɪz">his</w>
         <c> </c>
         <w xml:id="bsb18-309150"
            n="a-1350"
            ecep:lem="wander"
            ecep:pos="n2-vvg"
            ecep:reg="wanderings"
            ecep:spe="wanderings"
            ecep:syllab="3"
            ecep:pron="ˈwɒndərɪŋz">wanderings</w>
         <c> </c>
         <w xml:id="bsb18-309160"
            n="a-1360"
            ecep:lem="shall"
            ecep:pos="vmb"
            ecep:reg="shall"
            ecep:spe="shall"
            ecep:syllab="1"
            ecep:pron="ʃæl">shall</w>
         <c> </c>
         <w xml:id="bsb18-309170"
            n="a-1370"
            ecep:lem="cease"
            ecep:pos="vvi"
            ecep:reg="cease"
            ecep:spe="cease"
            ecep:syllab="1"
            ecep:pron="siːs">cease</w>
         <pc xml:id="bsb18-309180"
             n="a-1380"
             ecep:lem=";"
             ecep:pos=";"
             ecep:reg=";"
             ecep:spe=";">;</pc>
      </l>
      <l xml:id="bsb18-l10205">
         <c> </c>
         <w xml:id="bsb18-309190"
            n="a-1390"
            ecep:lem="that"
            ecep:pos="cst"
            ecep:reg="That"
            ecep:spe="That"
            ecep:syllab="1"
            ecep:pron="ðæt">That</w>
         <c> </c>
         <w xml:id="bsb18-309200"
            n="a-1400"
            ecep:lem="at"
            ecep:pos="p-acp"
            ecep:reg="at"
            ecep:spe="at"
            ecep:syllab="1"
            ecep:pron="æt">at</w>
         <c> </c>
         <w xml:id="bsb18-309210"
            n="a-1410"
            ecep:lem="home"
            ecep:pos="n1-an"
            ecep:reg="home"
            ecep:spe="home"
            ecep:syllab="1"
            ecep:pron="həʊm">home</w>
         <pc xml:id="bsb18-309220"
             n="a-1420"
             ecep:lem=","
             ecep:pos=","
             ecep:reg=","
             ecep:spe=",">,</pc>
         <c> </c>
         <w xml:id="bsb18-309230"
            n="a-1430"
            ecep:lem="and"
            ecep:pos="cc"
            ecep:reg="and"
            ecep:spe="and"
            ecep:syllab="1"
            ecep:pron="ænd">and</w>
         <c> </c>
         <w xml:id="bsb18-309240"
            n="a-1440"
            ecep:lem="with"
            ecep:pos="p-acp"
            ecep:reg="with"
            ecep:spe="with"
            ecep:syllab="1"
            ecep:pron="wɪð">with</w>
         <c> </c>
         <w xml:id="bsb18-309250"
            n="a-1450"
            ecep:lem="care"
            ecep:pos="n1"
            ecep:reg="care"
            ecep:spe="care"
            ecep:syllab="1"
            ecep:pron="keə">care</w>
         <c> </c>
         <w xml:id="bsb18-309260"
            n="a-1460"
            ecep:lem="sympathetic"
            ecep:pos="j"
            ecep:reg="sympathetic"
            ecep:spe="sympathetic"
            ecep:syllab="4"
            ecep:pron="ˌsɪmpəˈθetɪk">sympathetic</w>
         <c> </c>
         <w xml:id="bsb18-309270"
            n="a-1470"
            ecep:lem="attend"
            ecep:pos="vvn"
            ecep:reg="attended"
            ecep:spe="attended"
            ecep:syllab="3"
            ecep:pron="əˈtendɪd">attended</w>
         <pc xml:id="bsb18-309280"
             n="a-1480"
             ecep:lem=","
             ecep:pos=","
             ecep:reg=","
             ecep:spe=",">,</pc>
      </l>
      <l rendition="#h_3" xml:id="bsb18-l10210">
         <c> </c>
         <w xml:id="bsb18-309290"
            n="a-1490"
            ecep:lem="he"
            ecep:pos="pns31"
            ecep:reg="He"
            ecep:spe="He"
            ecep:syllab="1"
            ecep:pron="hiː">He</w>
         <c> </c>
         <w xml:id="bsb18-309300"
            n="a-1500"
            ecep:lem="shall"
            ecep:pos="vmb"
            ecep:reg="shall"
            ecep:spe="shall"
            ecep:syllab="1"
            ecep:pron="ʃæl">shall</w>
         <c> </c>
         <w xml:id="bsb18-309310"
            n="a-1510"
            ecep:lem="rest"
            ecep:pos="vvi"
            ecep:reg="rest"
            ecep:spe="rest"
            ecep:syllab="1"
            ecep:pron="rest">rest</w>
         <c> </c>
         <w xml:id="bsb18-309320"
            n="a-1520"
            ecep:lem="unmolested"
            ecep:pos="j"
            ecep:reg="unmolested"
            ecep:spe="unmolested"
            ecep:syllab="4"
            ecep:pron="ˌʌnməˈlestɪd">unmolested</w>
         <pc xml:id="bsb18-309330"
             n="a-1530"
             ecep:lem=","
             ecep:pos=","
             ecep:reg=","
             ecep:spe=",">,</pc>
         <c> </c>
         <w xml:id="bsb18-309340"
            n="a-1540"
            ecep:lem="and"
            ecep:pos="cc"
            ecep:reg="and"
            ecep:spe="and"
            ecep:syllab="1"
            ecep:pron="ænd">and</w>
         <c> </c>
         <w xml:id="bsb18-309350"
            n="a-1550"
            ecep:lem="slumber"
            ecep:pos="vvi"
            ecep:reg="slumber"
            ecep:spe="slumber"
            ecep:syllab="2"
            ecep:pron="ˈslʌmbə">slumber</w>
         <c> </c>
         <w xml:id="bsb18-309360"
            n="a-1560"
            ecep:lem="in"
            ecep:pos="p-acp"
            ecep:reg="in"
            ecep:spe="in"
            ecep:syllab="1"
            ecep:pron="ɪn">in</w>
         <c> </c>
         <w xml:id="bsb18-309370"
            n="a-1570"
            ecep:lem="peace"
            ecep:pos="n1"
            ecep:reg="peace"
            ecep:spe="peace"
            ecep:syllab="1"
            ecep:pron="piːs">peace</w>
         <pc xml:id="bsb18-309380"
             n="a-1580"
             unit="sentence"
             ecep:lem="."
             ecep:pos="."
             ecep:reg="."
             ecep:spe=".">.</pc>
         <c> </c>
      </l>
   </lg>
   <lg xml:id="bsb18-s00510">
      <l xml:id="bsb18-l10215">
         <w xml:id="bsb18-309410"
            n="a-1590"
            ecep:lem="when"
            ecep:pos="c-crq"
            ecep:reg="When"
            ecep:spe="When"
            ecep:syllab="1"
            ecep:pron="wen">When</w>
         <c> </c>
         <w xml:id="bsb18-309420"
            n="a-1600"
            ecep:lem="six"
            ecep:pos="crd"
            ecep:reg="six"
            ecep:spe="six"
            ecep:syllab="1"
            ecep:pron="sɪks">six</w>
         <c> </c>
         <w xml:id="bsb18-309430"
            n="a-1610"
            ecep:lem="day"
            ecep:pos="n2"
            ecep:reg="days"
            ecep:spe="days"
            ecep:syllab="1"
            ecep:pron="deɪz">days</w>
         <c> </c>
         <w xml:id="bsb18-309440"
            n="a-1620"
            ecep:lem="of"
            ecep:pos="pp-f"
            ecep:reg="of"
            ecep:spe="of"
            ecep:syllab="1"
            ecep:pron="ɒv">of</w>
         <c> </c>
         <w xml:id="bsb18-309450"
            n="a-1630"
            ecep:lem="labour"
            ecep:pos="n1"
            ecep:reg="labour"
            ecep:spe="labour"
            ecep:syllab="2"
            ecep:pron="ˈleɪbə">labour</w>
         <c> </c>
         <w xml:id="bsb18-309460"
            n="a-1640"
            ecep:lem="each"
            ecep:pos="d"
            ecep:reg="each"
            ecep:spe="each"
            ecep:syllab="1"
            ecep:pron="iːtʃ">each</w>
         <c> </c>
         <w xml:id="bsb18-309470"
            n="a-1650"
            ecep:lem="other"
            ecep:pos="n-jn"
            ecep:reg="other"
            ecep:spe="other"
            ecep:syllab="2"
            ecep:pron="ˈʌðə">other</w>
         <c> </c>
         <w xml:id="bsb18-309480"
            n="a-1660"
            ecep:lem="succeed"
            ecep:pos="vvg"
            ecep:reg="succeeding"
            ecep:spe="succeeding"
            ecep:syllab="3"
            ecep:pron="səkˈsiːdɪŋ">succeeding</w>
         <pc xml:id="bsb18-309490"
             n="a-1670"
             ecep:lem=","
             ecep:pos=","
             ecep:reg=","
             ecep:spe=",">,</pc>
      </l>
      <l rendition="#h_3" xml:id="bsb18-l10220">
         <c> </c>
         <w xml:id="bsb18-309500"
            n="a-1680"
            ecep:lem="the"
            ecep:pos="dt"
            ecep:reg="The"
            ecep:spe="The"
            ecep:syllab="1"
            ecep:pron="ðə">The</w>
         <c> </c>
         <w xml:id="bsb18-309510"
            n="a-1690"
            ecep:lem="husbandman"
            ecep:pos="n1"
            ecep:reg="husbandman"
            ecep:spe="husbandman"
            ecep:syllab="3"
            ecep:pron="ˈhʌzbəndmən">husbandman</w>
         <c> </c>
         <w xml:id="bsb18-309520"
            n="a-1700"
            ecep:lem="toil"
            ecep:pos="n2"
            ecep:reg="toils"
            ecep:spe="toils"
            ecep:syllab="1"
            ecep:pron="tɔɪlz">toils</w>
         <c> </c>
         <w xml:id="bsb18-309530"
            n="a-1710"
            ecep:lem="with"
            ecep:pos="p-acp"
            ecep:reg="with"
            ecep:spe="with"
            ecep:syllab="1"
            ecep:pron="wɪð">with</w>
         <c> </c>
         <w xml:id="bsb18-309540"
            n="a-1720"
            ecep:lem="his"
            ecep:pos="po31"
            ecep:reg="his"
            ecep:spe="his"
            ecep:syllab="1"
            ecep:pron="hɪz">his</w>
         <c> </c>
         <w xml:id="bsb18-309550"
            n="a-1730"
            ecep:lem="spirit"
            ecep:pos="n2"
            ecep:reg="spirits"
            ecep:spe="spirits"
            ecep:syllab="2"
            ecep:pron="ˈspɪrɪts">spirits</w>
         <c> </c>
         <w xml:id="bsb18-309560"
            n="a-1740"
            ecep:lem="depress"
            ecep:pos="vvd"
            ecep:reg="depressed"
            ecep:spe="depress'd"
            ecep:syllab="2"
            ecep:pron="dɪˈprest">depress'd</w>
         <pc xml:id="bsb18-309570"
             n="a-1750"
             ecep:lem=";"
             ecep:pos=";"
             ecep:reg=";"
             ecep:spe=";">;</pc>
      </l>
      <l xml:id="bsb18-l10225">
         <c> </c>
         <w xml:id="bsb18-309580"
            n="a-1760"
            ecep:lem="what"
            ecep:pos="q-crq"
            ecep:reg="What"
            ecep:spe="What"
            ecep:syllab="1"
            ecep:pron="wɒt">What</w>
         <c> </c>
         <w xml:id="bsb18-309590"
            n="a-1770"
            ecep:lem="pleasure"
            ecep:pos="n1"
            ecep:reg="pleasure"
            ecep:spe="pleasure"
            ecep:syllab="2"
            ecep:pron="ˈpleʒə">pleasure</w>
         <c> </c>
         <w xml:id="bsb18-309600"
            n="a-1780"
            ecep:lem="to"
            ecep:pos="pc-acp"
            ecep:reg="to"
            ecep:spe="to"
            ecep:syllab="1"
            ecep:pron="tuː">to</w>
         <c> </c>
         <w xml:id="bsb18-309610"
            n="a-1790"
            ecep:lem="think"
            ecep:pos="vvi"
            ecep:reg="think"
            ecep:spe="think"
            ecep:syllab="1"
            ecep:pron="θɪŋk">think</w>
         <pc xml:id="bsb18-309620"
             n="a-1800"
             ecep:lem=","
             ecep:pos=","
             ecep:reg=","
             ecep:spe=",">,</pc>
         <c> </c>
         <w xml:id="bsb18-309630"
            n="a-1810"
            ecep:lem="as"
            ecep:pos="c-acp"
            ecep:reg="as"
            ecep:spe="as"
            ecep:syllab="1"
            ecep:pron="æz">as</w>
         <c> </c>
         <w xml:id="bsb18-309640"
            n="a-1820"
            ecep:lem="the"
            ecep:pos="dt"
            ecep:reg="the"
            ecep:spe="the"
            ecep:syllab="1"
            ecep:pron="ðə">the</w>
         <c> </c>
         <w xml:id="bsb18-309650"
            n="a-1830"
            ecep:lem="last"
            ecep:pos="ord"
            ecep:reg="last"
            ecep:spe="last"
            ecep:syllab="1"
            ecep:pron="lɑːst">last</w>
         <c> </c>
         <w xml:id="bsb18-309660"
            n="a-1840"
            ecep:lem="be"
            ecep:pos="vbz"
            ecep:reg="is"
            ecep:spe="is"
            ecep:syllab="1"
            ecep:pron="ɪz">is</w>
         <c> </c>
         <w xml:id="bsb18-309670"
            n="a-1850"
            ecep:lem="recede"
            ecep:pos="vvg"
            ecep:reg="receding"
            ecep:spe="receding"
            ecep:syllab="3"
            ecep:pron="rɪˈsiːdɪŋ">receding</w>
         <pc xml:id="bsb18-309680"
             n="a-1860"
             ecep:lem=","
             ecep:pos=","
             ecep:reg=","
             ecep:spe=",">,</pc>
      </l>
      <l rendition="#h_3" xml:id="bsb18-l10230">
         <c> </c>
         <w xml:id="bsb18-309690"
            n="a-1870"
            ecep:lem="tomorrow"
            ecep:pos="av-an"
            ecep:reg="Tomorrow"
            ecep:spe="To-morrow"
            ecep:syllab="3"
            ecep:pron="təˈmɒrəʊ">To-morrow</w>
         <c> </c>
         <w xml:id="bsb18-309700"
            n="a-1880"
            ecep:lem="will"
            ecep:pos="vmb"
            ecep:reg="will"
            ecep:spe="will"
            ecep:syllab="1"
            ecep:pron="wɪl">will</w>
         <c> </c>
         <w xml:id="bsb18-309710"
            n="a-1890"
            ecep:lem="be"
            ecep:pos="vbi"
            ecep:reg="be"
            ecep:spe="be"
            ecep:syllab="1"
            ecep:pron="biː">be</w>
         <c> </c>
         <w xml:id="bsb18-309720"
            n="a-1900"
            ecep:lem="a"
            ecep:pos="dt"
            ecep:reg="a"
            ecep:spe="a"
            ecep:syllab="1"
            ecep:pron="ə">a</w>
         <c> </c>
         <w xml:id="bsb18-309730"
            n="a-1910"
            ecep:lem="sweet"
            ecep:pos="j"
            ecep:reg="sweet"
            ecep:spe="sweet"
            ecep:syllab="1"
            ecep:pron="swiːt">sweet</w>
         <c> </c>
         <w xml:id="bsb18-309740"
            n="a-1920"
            ecep:lem="sabbath"
            ecep:pos="n1"
            ecep:reg="Sabbath"
            ecep:spe="Sabbath"
            ecep:syllab="2"
            ecep:pron="ˈsæbəθ">Sabbath</w>
         <c> </c>
         <w xml:id="bsb18-309750"
            n="a-1930"
            ecep:lem="of"
            ecep:pos="pp-f"
            ecep:reg="of"
            ecep:spe="of"
            ecep:syllab="1"
            ecep:pron="ɒv">of</w>
         <c> </c>
         <w xml:id="bsb18-309760"
            n="a-1940"
            ecep:lem="rest"
            ecep:pos="n1"
            ecep:reg="rest"
            ecep:spe="rest"
            ecep:syllab="1"
            ecep:pron="rest">rest</w>
         <pc xml:id="bsb18-309770"
             n="a-1950"
             unit="sentence"
             ecep:lem="!"
             ecep:pos="!"
             ecep:reg="!"
             ecep:spe="!">!</pc>
         <c> </c>
      </l>
   </lg>
   <pb n="72" rend="none"/>
   <lg xml:id="bsb18-s00515">
      <l xml:id="bsb18-l10235">
         <w xml:id="bsb18-309800"
            n="a-0010"
            ecep:lem="and"
            ecep:pos="cc"
            ecep:reg="And"
            ecep:spe="And"
            ecep:syllab="1"
            ecep:pron="ænd">And</w>
         <c> </c>
         <w xml:id="bsb18-309810"
            n="a-0020"
            ecep:lem="when"
            ecep:pos="c-crq"
            ecep:reg="when"
            ecep:spe="when"
            ecep:syllab="1"
            ecep:pron="wen">when</w>
         <c> </c>
         <w xml:id="bsb18-309820"
            n="a-0030"
            ecep:lem="the"
            ecep:pos="dt"
            ecep:reg="the"
            ecep:spe="the"
            ecep:syllab="1"
            ecep:pron="ðə">the</w>
         <c> </c>
         <w xml:id="bsb18-309830"
            n="a-0040"
            ecep:lem="vain"
            ecep:pos="j"
            ecep:reg="vain"
            ecep:spe="vain"
            ecep:syllab="1"
            ecep:pron="veɪn">vain</w>
         <c> </c>
         <w xml:id="bsb18-309840"
            n="a-0050"
            ecep:lem="shadow"
            ecep:pos="n2"
            ecep:reg="shadows"
            ecep:spe="shadows"
            ecep:syllab="2"
            ecep:pron="ˈʃædəʊz">shadows</w>
         <c> </c>
         <w xml:id="bsb18-309850"
            n="a-0060"
            ecep:lem="of"
            ecep:pos="pp-f"
            ecep:reg="of"
            ecep:spe="of"
            ecep:syllab="1"
            ecep:pron="ɒv">of</w>
         <c> </c>
         <w xml:id="bsb18-309860"
            n="a-0070"
            ecep:lem="time"
            ecep:pos="n1"
            ecep:reg="Time"
            ecep:spe="Time"
            ecep:syllab="1"
            ecep:pron="taɪm">Time</w>
         <c> </c>
         <w xml:id="bsb18-309870"
            n="a-0080"
            ecep:lem="be"
            ecep:pos="vbb"
            ecep:reg="are"
            ecep:spe="are"
            ecep:syllab="1"
            ecep:pron="ɑː">are</w>
         <c> </c>
         <w xml:id="bsb18-309880"
            n="a-0090"
            ecep:lem="retire"
            ecep:pos="vvg"
            ecep:reg="retiring"
            ecep:spe="retiring"
            ecep:syllab="3"
            ecep:pron="rɪˈtaɪərɪŋ">retiring</w>
         <pc xml:id="bsb18-309890"
             n="a-0100"
             ecep:lem=","
             ecep:pos=","
             ecep:reg=","
             ecep:spe=",">,</pc>
      </l>
      <l rendition="#h_3" xml:id="bsb18-l10240">
         <c> </c>
         <w xml:id="bsb18-309900"
            n="a-0110"
            ecep:lem="when"
            ecep:pos="c-crq"
            ecep:reg="When"
            ecep:spe="When"
            ecep:syllab="1"
            ecep:pron="wen">When</w>
         <c> </c>
         <w xml:id="bsb18-309910"
            n="a-0120"
            ecep:lem="life"
            ecep:pos="n1"
            ecep:reg="life"
            ecep:spe="life"
            ecep:syllab="1"
            ecep:pron="laɪf">life</w>
         <c> </c>
         <w xml:id="bsb18-309920"
            n="a-0130"
            ecep:lem="be"
            ecep:pos="vbz"
            ecep:reg="is"
            ecep:spe="is"
            ecep:syllab="1"
            ecep:pron="ɪz">is</w>
         <c> </c>
         <w xml:id="bsb18-309930"
            n="a-0140"
            ecep:lem="fast"
            ecep:pos="av-j"
            ecep:reg="fast"
            ecep:spe="fast"
            ecep:syllab="1"
            ecep:pron="fɑːst">fast</w>
         <c> </c>
         <w xml:id="bsb18-309940"
            n="a-0150"
            ecep:lem="fleet"
            ecep:pos="vvg"
            ecep:reg="fleeting"
            ecep:spe="fleeting"
            ecep:syllab="2"
            ecep:pron="ˈfliːtɪŋ">fleeting</w>
         <pc xml:id="bsb18-309950"
             n="a-0160"
             ecep:lem=","
             ecep:pos=","
             ecep:reg=","
             ecep:spe=",">,</pc>
         <c> </c>
         <w xml:id="bsb18-309960"
            n="a-0170"
            ecep:lem="and"
            ecep:pos="cc"
            ecep:reg="and"
            ecep:spe="and"
            ecep:syllab="1"
            ecep:pron="ænd">and</w>
         <c> </c>
         <w xml:id="bsb18-309970"
            n="a-0180"
            ecep:lem="death"
            ecep:pos="n1"
            ecep:reg="death"
            ecep:spe="death"
            ecep:syllab="1"
            ecep:pron="deθ">death</w>
         <c> </c>
         <w xml:id="bsb18-309980"
            n="a-0190"
            ecep:lem="be"
            ecep:pos="vbz"
            ecep:reg="is"
            ecep:spe="is"
            ecep:syllab="1"
            ecep:pron="ɪz">is</w>
         <c> </c>
         <w xml:id="bsb18-309990"
            n="a-0200"
            ecep:lem="in"
            ecep:pos="p-acp"
            ecep:reg="in"
            ecep:spe="in"
            ecep:syllab="1"
            ecep:pron="ɪn">in</w>
         <c> </c>
         <w xml:id="bsb18-310000"
            n="a-0210"
            ecep:lem="sight"
            ecep:pos="n1"
            ecep:reg="sight"
            ecep:spe="sight"
            ecep:syllab="1"
            ecep:pron="saɪt">sight</w>
         <pc xml:id="bsb18-310010"
             n="a-0220"
             ecep:lem=","
             ecep:pos=","
             ecep:reg=","
             ecep:spe=",">,</pc>
      </l>
      <l xml:id="bsb18-l10245">
         <c> </c>
         <w xml:id="bsb18-310020"
            n="a-0230"
            ecep:lem="the"
            ecep:pos="dt"
            ecep:reg="The"
            ecep:spe="The"
            ecep:syllab="1"
            ecep:pron="ðə">The</w>
         <c> </c>
         <w xml:id="bsb18-310030"
            n="a-0240"
            ecep:lem="christian"
            ecep:pos="jp"
            ecep:reg="Christian"
            ecep:spe="Christian"
            ecep:syllab="2"
            ecep:pron="ˈkrɪstiən">Christian</w>
         <c> </c>
         <w xml:id="bsb18-310040"
            n="a-0250"
            ecep:lem="believe"
            ecep:pos="vvg"
            ecep:reg="believing"
            ecep:spe="believing"
            ecep:syllab="3"
            ecep:pron="bɪˈliːvɪŋ">believing</w>
         <pc xml:id="bsb18-310050"
             n="a-0260"
             ecep:lem=","
             ecep:pos=","
             ecep:reg=","
             ecep:spe=",">,</pc>
         <c> </c>
         <w xml:id="bsb18-310060"
            n="a-0270"
            ecep:lem="exult"
            ecep:pos="j-vvg"
            ecep:reg="exulting"
            ecep:spe="exulting"
            ecep:syllab="3"
            ecep:pron="ɪgˈzʌltɪŋ">exulting</w>
         <pc xml:id="bsb18-310070"
             n="a-0280"
             ecep:lem=","
             ecep:pos=","
             ecep:reg=","
             ecep:spe=",">,</pc>
         <c> </c>
         <w xml:id="bsb18-310080"
            n="a-0290"
            ecep:lem="expire"
            ecep:pos="j-vvg"
            ecep:reg="expiring"
            ecep:spe="expiring"
            ecep:syllab="3"
            ecep:pron="ɪkˈspaɪəɪŋ">expiring</w>
         <pc xml:id="bsb18-310090"
             n="a-0300"
             ecep:lem=","
             ecep:pos=","
             ecep:reg=","
             ecep:spe=",">,</pc>
      </l>
      <l rendition="#h_3" xml:id="bsb18-l10250">
         <c> </c>
         <w xml:id="bsb18-310100"
            n="a-0310"
            ecep:lem="behold"
            ecep:pos="vvz"
            ecep:reg="Beholds"
            ecep:spe="Beholds"
            ecep:syllab="2"
            ecep:pron="biˈhəʊldz">Beholds</w>
         <c> </c>
         <w xml:id="bsb18-310110"
            n="a-0320"
            ecep:lem="a"
            ecep:pos="av"
            ecep:reg="a"
            ecep:spe="a"
            ecep:syllab="1"
            ecep:pron="ə">a</w>
         <c> </c>
         <w xml:id="bsb18-310120"
            n="a-0330"
            ecep:lem="tomorrow"
            ecep:pos="av-an"
            ecep:reg="tomorrow"
            ecep:spe="to-morrow"
            ecep:syllab="3"
            ecep:pron="təˈmɒrəʊ">to-morrow</w>
         <c> </c>
         <w xml:id="bsb18-310130"
            n="a-0340"
            ecep:lem="of"
            ecep:pos="pp-f"
            ecep:reg="of"
            ecep:spe="of"
            ecep:syllab="1"
            ecep:pron="ɒv">of</w>
         <c> </c>
         <w xml:id="bsb18-310140"
            n="a-0350"
            ecep:lem="endless"
            ecep:pos="j"
            ecep:reg="endless"
            ecep:spe="endless"
            ecep:syllab="2"
            ecep:pron="ˈendlɪs">endless</w>
         <c> </c>
         <w xml:id="bsb18-310150"
            n="a-0360"
            ecep:lem="delight"
            ecep:pos="n1"
            ecep:reg="delight"
            ecep:spe="delight"
            ecep:syllab="2"
            ecep:pron="dɪˈlaɪt">delight</w>
         <pc xml:id="bsb18-310160"
             n="a-0370"
             unit="sentence"
             ecep:lem="!"
             ecep:pos="!"
             ecep:reg="!"
             ecep:spe="!">!</pc>
         <c> </c>
      </l>
   </lg>
   <lg xml:id="bsb18-s00520">
      <l xml:id="bsb18-l10255">
         <w xml:id="bsb18-310190"
            n="a-0380"
            ecep:lem="the"
            ecep:pos="dt"
            ecep:reg="The"
            ecep:spe="The"
            ecep:syllab="1"
            ecep:pron="ðə">The</w>
         <c> </c>
         <w xml:id="bsb18-310200"
            n="a-0390"
            ecep:lem="infidel"
            ecep:pos="n1"
            ecep:reg="Infidel"
            ecep:spe="Infidel"
            ecep:syllab="3"
            ecep:pron="ˈɪnfɪdl">Infidel</w>
         <c> </c>
         <w xml:id="bsb18-310210"
            n="a-0400"
            ecep:lem="then"
            ecep:pos="av"
            ecep:reg="then"
            ecep:spe="then"
            ecep:syllab="1"
            ecep:pron="ðen">then</w>
         <c> </c>
         <w xml:id="bsb18-310220"
            n="a-0410"
            ecep:lem="see"
            ecep:pos="vvz"
            ecep:reg="sees"
            ecep:spe="sees"
            ecep:syllab="1"
            ecep:pron="siːz">sees</w>
         <c> </c>
         <w xml:id="bsb18-310230"
            n="a-0420"
            ecep:lem="no"
            ecep:pos="dx"
            ecep:reg="no"
            ecep:spe="no"
            ecep:syllab="1"
            ecep:pron="nəʊ">no</w>
         <c> </c>
         <w xml:id="bsb18-310240"
            n="a-0430"
            ecep:lem="joyous"
            ecep:pos="j"
            ecep:reg="joyous"
            ecep:spe="joyous"
            ecep:syllab="2"
            ecep:pron="ˈdʒɔɪəs">joyous</w>
         <c> </c>
         <w xml:id="bsb18-310250"
            n="a-0440"
            ecep:lem="tomorrow"
            ecep:pos="av-an"
            ecep:reg="tomorrow"
            ecep:spe="to-morrow"
            ecep:syllab="3"
            ecep:pron="təˈmɒrəʊ">to-morrow</w>
         <pc xml:id="bsb18-310260"
             n="a-0450"
             ecep:lem=","
             ecep:pos=","
             ecep:reg=","
             ecep:spe=",">,</pc>
      </l>
      <l rendition="#h_3" xml:id="bsb18-l10260">
         <c> </c>
         <w xml:id="bsb18-310270"
            n="a-0460"
            ecep:lem="yet"
            ecep:pos="av"
            ecep:reg="Yet"
            ecep:spe="Yet"
            ecep:syllab="1"
            ecep:pron="jet">Yet</w>
         <c> </c>
         <w xml:id="bsb18-310280"
            n="a-0470"
            ecep:lem="he"
            ecep:pos="pns31"
            ecep:reg="he"
            ecep:spe="he"
            ecep:syllab="1"
            ecep:pron="hiː">he</w>
         <c> </c>
         <w xml:id="bsb18-310290"
            n="a-0480"
            ecep:lem="know"
            ecep:pos="vvz"
            ecep:reg="knows"
            ecep:spe="knows"
            ecep:syllab="1"
            ecep:pron="nəʊz">knows</w>
         <c> </c>
         <w xml:id="bsb18-310300"
            n="a-0490"
            ecep:lem="that"
            ecep:pos="cst"
            ecep:reg="that"
            ecep:spe="that"
            ecep:syllab="1"
            ecep:pron="ðæt">that</w>
         <c> </c>
         <w xml:id="bsb18-310310"
            n="a-0500"
            ecep:lem="his"
            ecep:pos="po31"
            ecep:reg="his"
            ecep:spe="his"
            ecep:syllab="1"
            ecep:pron="hɪz">his</w>
         <c> </c>
         <w xml:id="bsb18-310320"
            n="a-0510"
            ecep:lem="moment"
            ecep:pos="n2"
            ecep:reg="moments"
            ecep:spe="moments"
            ecep:syllab="2"
            ecep:pron="ˈməʊmənts">moments</w>
         <c> </c>
         <w xml:id="bsb18-310330"
            n="a-0520"
            ecep:lem="must"
            ecep:pos="vmb"
            ecep:reg="must"
            ecep:spe="must"
            ecep:syllab="1"
            ecep:pron="mʌst">must</w>
         <c> </c>
         <w xml:id="bsb18-310340"
            n="a-0530"
            ecep:lem="hasten"
            ecep:pos="vvi"
            ecep:reg="hasten"
            ecep:spe="hasten"
            ecep:syllab="2"
            ecep:pron="ˈheɪsn">hasten</w>
         <c> </c>
         <w xml:id="bsb18-310350"
            n="a-0540"
            ecep:lem="away"
            ecep:pos="av"
            ecep:reg="away"
            ecep:spe="away"
            ecep:syllab="2"
            ecep:pron="əˈweɪ">away</w>
         <pc xml:id="bsb18-310360"
             n="a-0550"
             ecep:lem=";"
             ecep:pos=";"
             ecep:reg=";"
             ecep:spe=";">;</pc>
      </l>
      <l xml:id="bsb18-l10265">
         <c> </c>
         <w xml:id="bsb18-310370"
            n="a-0560"
            ecep:lem="poor"
            ecep:pos="j"
            ecep:reg="Poor"
            ecep:spe="Poor"
            ecep:syllab="1"
            ecep:pron="pʊə">Poor</w>
         <c> </c>
         <w xml:id="bsb18-310380"
            n="a-0570"
            ecep:lem="wretch"
            ecep:pos="n1"
            ecep:reg="wretch"
            ecep:spe="wretch"
            ecep:syllab="1"
            ecep:pron="retʃ">wretch</w>
         <pc xml:id="bsb18-310390"
             n="a-0580"
             ecep:lem="!"
             ecep:pos="!"
             ecep:reg="!"
             ecep:spe="!">!</pc>
         <c> </c>
         <w xml:id="bsb18-310400"
            n="a-0590"
            ecep:lem="can"
            ecep:pos="vmb"
            ecep:reg="can"
            ecep:spe="can"
            ecep:syllab="1"
            ecep:pron="kæn">can</w>
         <c> </c>
         <w xml:id="bsb18-310410"
            n="a-0600"
            ecep:lem="he"
            ecep:pos="pns31"
            ecep:reg="he"
            ecep:spe="he"
            ecep:syllab="1"
            ecep:pron="hiː">he</w>
         <c> </c>
         <w xml:id="bsb18-310420"
            n="a-0610"
            ecep:lem="feel"
            ecep:pos="vvi"
            ecep:reg="feel"
            ecep:spe="feel"
            ecep:syllab="1"
            ecep:pron="fiːl">feel</w>
         <c> </c>
         <w xml:id="bsb18-310430"
            n="a-0620"
            ecep:lem="without"
            ecep:pos="p-acp"
            ecep:reg="without"
            ecep:spe="without"
            ecep:syllab="2"
            ecep:pron="wɪˈðaʊt">without</w>
         <c> </c>
         <w xml:id="bsb18-310440"
            n="a-0630"
            ecep:lem="heartrending"
            ecep:pos="j"
            ecep:reg="heartrending"
            ecep:spe="heart-rending"
            ecep:syllab="3"
            ecep:pron="ˈhɑːtˌrendɪŋ">heart-rending</w>
         <c> </c>
         <w xml:id="bsb18-310450"
            n="a-0640"
            ecep:lem="sorrow"
            ecep:pos="n1"
            ecep:reg="sorrow"
            ecep:spe="sorrow"
            ecep:syllab="2"
            ecep:pron="ˈsɒrəʊ">sorrow</w>
         <pc xml:id="bsb18-310460"
             n="a-0650"
             ecep:lem=","
             ecep:pos=","
             ecep:reg=","
             ecep:spe=",">,</pc>
      </l>
      <l rendition="#h_3" xml:id="bsb18-l10270">
         <c> </c>
         <w xml:id="bsb18-310470"
            n="a-0660"
            ecep:lem="that"
            ecep:pos="cst"
            ecep:reg="That"
            ecep:spe="That"
            ecep:syllab="1"
            ecep:pron="ðæt">That</w>
         <c> </c>
         <w xml:id="bsb18-310480"
            n="a-0670"
            ecep:lem="his"
            ecep:pos="po31"
            ecep:reg="his"
            ecep:spe="his"
            ecep:syllab="1"
            ecep:pron="hɪz">his</w>
         <c> </c>
         <w xml:id="bsb18-310490"
            n="a-0680"
            ecep:lem="joy"
            ecep:pos="n2"
            ecep:reg="joys"
            ecep:spe="joys"
            ecep:syllab="1"
            ecep:pron="dʒɔɪz">joys</w>
         <c> </c>
         <w xml:id="bsb18-310500"
            n="a-0690"
            ecep:lem="and"
            ecep:pos="cc"
            ecep:reg="and"
            ecep:spe="and"
            ecep:syllab="1"
            ecep:pron="ænd">and</w>
         <c> </c>
         <w xml:id="bsb18-310510"
            n="a-0700"
            ecep:lem="his"
            ecep:pos="po31"
            ecep:reg="his"
            ecep:spe="his"
            ecep:syllab="1"
            ecep:pron="hɪz">his</w>
         <c> </c>
         <w xml:id="bsb18-310520"
            n="a-0710"
            ecep:lem="life"
            ecep:pos="n1"
            ecep:reg="life"
            ecep:spe="life"
            ecep:syllab="1"
            ecep:pron="laɪf">life</w>
         <c> </c>
         <w xml:id="bsb18-310530"
            n="a-0720"
            ecep:lem="must"
            ecep:pos="vmb"
            ecep:reg="must"
            ecep:spe="must"
            ecep:syllab="1"
            ecep:pron="mʌst">must</w>
         <c> </c>
         <w xml:id="bsb18-310540"
            n="a-0730"
            ecep:lem="expire"
            ecep:pos="vvi"
            ecep:reg="expire"
            ecep:spe="expire"
            ecep:syllab="2"
            ecep:pron="ɪkˈspaɪə">expire</w>
         <c> </c>
         <w xml:id="bsb18-310550"
            n="a-0740"
            ecep:lem="with"
            ecep:pos="p-acp"
            ecep:reg="with"
            ecep:spe="with"
            ecep:syllab="1"
            ecep:pron="wɪð">with</w>
         <c> </c>
         <w xml:id="bsb18-310560"
            n="a-0750"
            ecep:lem="today"
            ecep:pos="av-an"
            ecep:reg="today"
            ecep:spe="to-day"
            ecep:syllab="2"
            ecep:pron="təˈdeɪ">to-day</w>
         <pc xml:id="bsb18-310570"
             n="a-0760"
             unit="sentence"
             ecep:lem="!"
             ecep:pos="!"
             ecep:reg="!"
             ecep:spe="!">!</pc>
         <c> </c>
      </l>
   </lg>
</div>
