<?xml version="1.0" encoding="utf-8"?>
<!DOCTYPE div
  SYSTEM "about:legacy-compat">
<div xmlns:ecep="http://www.eighteenthcenturypoetry.org/ns"
     xmlns="http://www.tei-c.org/ns/1.0"
     xmlns:tei="http://www.tei-c.org/ns/1.0"
     ana="#iamb #tetrameter #couplet #pair #fable"
     corresp="#txt_CowpWi1731_w0010"
     decls="#semi-normalized"
     ecep:syllab="8"
     met="-+|-+|-+|-+/"
     rendition="#lgvspace"
     rhyme="aa"
     subtype="eceptext"
     type="poem"
     xml:id="o3794-w0100">
   <link target="authors.xml#aut_CowpWi1731" type="author"/>
   <head type="main">
      <w xml:id="o3794-530110"
         n="305-a-0010"
         ecep:lem="a"
         ecep:pos="dt"
         ecep:reg="A"
         ecep:spe="A"
         ecep:syllab="1"
         ecep:pron="ə">A</w>
      <c> </c>
      <w xml:id="o3794-530120"
         n="305-a-0020"
         ecep:lem="fable"
         ecep:pos="n1"
         ecep:reg="FABLE"
         ecep:spe="FABLE"
         ecep:syllab="2"
         ecep:pron="ˈfeɪbl">FABLE</w>
      <pc xml:id="o3794-530130"
          n="305-a-0030"
          unit="sentence"
          ecep:lem="."
          ecep:pos="."
          ecep:reg="."
          ecep:spe=".">.</pc>
   </head>
   <lg xml:id="o3794-s00260">
      <l xml:id="o3794-l29510">
         <w xml:id="o3794-530160"
            n="305-a-0040"
            ecep:lem="a"
            ecep:pos="dt"
            ecep:reg="A"
            ecep:spe="A"
            ecep:syllab="1"
            ecep:pron="ə">A</w>
         <c> </c>
         <w xml:id="o3794-530170"
            n="305-a-0050"
            ecep:lem="raven"
            ecep:pos="n1"
            ecep:reg="raven"
            ecep:spe="raven"
            ecep:syllab="2"
            ecep:pron="ˈreɪvən">raven</w>
         <c> </c>
         <w xml:id="o3794-530180"
            n="305-a-0060"
            ecep:lem="while"
            ecep:pos="cs"
            ecep:reg="while"
            ecep:spe="while"
            ecep:syllab="1"
            ecep:pron="waɪl">while</w>
         <c> </c>
         <w xml:id="o3794-530190"
            n="305-a-0070"
            ecep:lem="with"
            ecep:pos="p-acp"
            ecep:reg="with"
            ecep:spe="with"
            ecep:syllab="1"
            ecep:pron="wɪð">with</w>
         <c> </c>
         <w xml:id="o3794-530200"
            n="305-a-0080"
            ecep:lem="glossy"
            ecep:pos="j"
            ecep:reg="glossy"
            ecep:spe="glossy"
            ecep:syllab="2"
            ecep:pron="ˈglɒsɪ">glossy</w>
         <c> </c>
         <w xml:id="o3794-530210"
            n="305-a-0090"
            ecep:lem="breast"
            ecep:pos="n1"
            ecep:reg="breast"
            ecep:spe="breast"
            ecep:syllab="1"
            ecep:pron="brest">breast</w>
         <pc xml:id="o3794-530220"
             n="305-a-0100"
             ecep:lem=","
             ecep:pos=","
             ecep:reg=","
             ecep:spe=",">,</pc>
      </l>
      <l xml:id="o3794-l29515">
         <c> </c>
         <w xml:id="o3794-530230"
            n="305-a-0110"
            ecep:lem="her"
            ecep:pos="po31"
            ecep:reg="Her"
            ecep:spe="Her"
            ecep:syllab="1"
            ecep:pron="hɜː">Her</w>
         <c> </c>
         <w xml:id="o3794-530240"
            n="305-a-0120"
            ecep:lem="new-laid"
            ecep:pos="j"
            ecep:reg="new-laid"
            ecep:spe="new-laid"
            ecep:syllab="2"
            ecep:pron="ˌnjuːˈleɪd">new-laid</w>
         <c> </c>
         <w xml:id="o3794-530250"
            n="305-a-0130"
            ecep:lem="egg"
            ecep:pos="n2"
            ecep:reg="eggs"
            ecep:spe="eggs"
            ecep:syllab="1"
            ecep:pron="egz">eggs</w>
         <c> </c>
         <w xml:id="o3794-530260"
            n="305-a-0140"
            ecep:lem="she"
            ecep:pos="pns31"
            ecep:reg="she"
            ecep:spe="she"
            ecep:syllab="1"
            ecep:pron="ʃiː">she</w>
         <c> </c>
         <w xml:id="o3794-530270"
            n="305-a-0150"
            ecep:lem="fond"
            ecep:pos="av-j"
            ecep:reg="fondly"
            ecep:spe="fondly"
            ecep:syllab="2"
            ecep:pron="ˈfɒndlɪ">fondly</w>
         <c> </c>
         <w xml:id="o3794-530280"
            n="305-a-0160"
            ecep:lem="press"
            ecep:pos="vvd"
            ecep:reg="pressed"
            ecep:spe="press'd"
            ecep:syllab="1"
            ecep:pron="prest">press'd</w>
         <pc xml:id="o3794-530290"
             n="305-a-0170"
             ecep:lem=","
             ecep:pos=","
             ecep:reg=","
             ecep:spe=",">,</pc>
      </l>
      <l xml:id="o3794-l29520">
         <c> </c>
         <w xml:id="o3794-530300"
            n="305-a-0180"
            ecep:lem="and"
            ecep:pos="cc"
            ecep:reg="And"
            ecep:spe="And"
            ecep:syllab="1"
            ecep:pron="ænd">And</w>
         <c> </c>
         <w xml:id="o3794-530310"
            n="305-a-0190"
            ecep:lem="on"
            ecep:pos="p-acp"
            ecep:reg="on"
            ecep:spe="on"
            ecep:syllab="1"
            ecep:pron="ɒn">on</w>
         <c> </c>
         <w xml:id="o3794-530320"
            n="305-a-0200"
            ecep:lem="her"
            ecep:pos="po31"
            ecep:reg="her"
            ecep:spe="her"
            ecep:syllab="1"
            ecep:pron="hɜː">her</w>
         <c> </c>
         <w xml:id="o3794-530330"
            n="305-a-0210"
            ecep:lem="wicker-work"
            ecep:pos="n1"
            ecep:reg="wicker-work"
            ecep:spe="wicker-work"
            ecep:syllab="3"
            ecep:pron="ˈwɪkəˌwɜːk">wicker-work</w>
         <c> </c>
         <w xml:id="o3794-530340"
            n="305-a-0220"
            ecep:lem="high"
            ecep:pos="j"
            ecep:reg="high"
            ecep:spe="high"
            ecep:syllab="1"
            ecep:pron="haɪ">high</w>
         <c> </c>
         <w xml:id="o3794-530350"
            n="305-a-0230"
            ecep:lem="mount"
            ecep:pos="vvd"
            ecep:reg="mounted"
            ecep:spe="mounted"
            ecep:syllab="2"
            ecep:pron="ˈmaʊntɪd">mounted</w>
      </l>
      <l xml:id="o3794-l29525">
         <c> </c>
         <w xml:id="o3794-530360"
            n="305-a-0240"
            ecep:lem="her"
            ecep:pos="po31"
            ecep:reg="Her"
            ecep:spe="Her"
            ecep:syllab="1"
            ecep:pron="hɜː">Her</w>
         <c> </c>
         <w xml:id="o3794-530370"
            n="305-a-0250"
            ecep:lem="chicken"
            ecep:pos="n2"
            ecep:reg="chickens"
            ecep:spe="chickens"
            ecep:syllab="2"
            ecep:pron="ˈtʃɪkɪnz">chickens</w>
         <c> </c>
         <w xml:id="o3794-530380"
            n="305-a-0260"
            ecep:lem="premature"
            ecep:pos="av-j"
            ecep:reg="prematurely"
            ecep:spe="prematurely"
            ecep:syllab="4"
            ecep:pron="ˌpreməˈtjʊəlɪ">prematurely</w>
         <c> </c>
         <w xml:id="o3794-530390"
            n="305-a-0270"
            ecep:lem="count"
            ecep:pos="vvn"
            ecep:reg="counted"
            ecep:spe="counted"
            ecep:syllab="2"
            ecep:pron="ˈkaʊntɪd">counted</w>
         <pc xml:id="o3794-530400"
             n="305-a-0280"
             ecep:lem=","
             ecep:pos=","
             ecep:reg=","
             ecep:spe=",">,</pc>
      </l>
      <l xml:id="o3794-l29530">
         <c> </c>
         <pc xml:id="o3794-530410"
             n="305-a-0290"
             ecep:lem="("
             ecep:pos="("
             ecep:reg="("
             ecep:spe="(">(</pc>
         <w xml:id="o3794-530420"
            n="305-a-0300"
            ecep:lem="a"
            ecep:pos="dt"
            ecep:reg="A"
            ecep:spe="A"
            ecep:syllab="1"
            ecep:pron="ə">A</w>
         <c> </c>
         <w xml:id="o3794-530430"
            n="305-a-0310"
            ecep:lem="fault"
            ecep:pos="n1"
            ecep:reg="fault"
            ecep:spe="fault"
            ecep:syllab="1"
            ecep:pron="fɔːlt">fault</w>
         <c> </c>
         <w xml:id="o3794-530440"
            n="305-a-0320"
            ecep:lem="philosopher"
            ecep:pos="n2"
            ecep:reg="philosophers"
            ecep:spe="philosophers"
            ecep:syllab="4"
            ecep:pron="fəˈlɒsəfəz">philosophers</w>
         <c> </c>
         <w xml:id="o3794-530450"
            n="305-a-0330"
            ecep:lem="may"
            ecep:pos="vmd"
            ecep:reg="might"
            ecep:spe="might"
            ecep:syllab="1"
            ecep:pron="maɪt">might</w>
         <c> </c>
         <w xml:id="o3794-530460"
            n="305-a-0340"
            ecep:lem="blame"
            ecep:pos="vvi"
            ecep:reg="blame"
            ecep:spe="blame"
            ecep:syllab="1"
            ecep:pron="bleɪm">blame</w>
      </l>
      <l xml:id="o3794-l29535">
         <c> </c>
         <w xml:id="o3794-530470"
            n="305-a-0350"
            ecep:lem="if"
            ecep:pos="cs"
            ecep:reg="If"
            ecep:spe="If"
            ecep:syllab="1"
            ecep:pron="ɪf">If</w>
         <c> </c>
         <w xml:id="o3794-530480"
            n="305-a-0360"
            ecep:lem="quite"
            ecep:pos="av"
            ecep:reg="quite"
            ecep:spe="quite"
            ecep:syllab="1"
            ecep:pron="kwaɪt">quite</w>
         <c> </c>
         <w xml:id="o3794-530490"
            n="305-a-0370"
            ecep:lem="exempt"
            ecep:pos="vvn"
            ecep:reg="exempted"
            ecep:spe="exempted"
            ecep:syllab="3"
            ecep:pron="ɪgˈzemptɪd">exempted</w>
         <c> </c>
         <w xml:id="o3794-530500"
            n="305-a-0380"
            ecep:lem="from"
            ecep:pos="p-acp"
            ecep:reg="from"
            ecep:spe="from"
            ecep:syllab="1"
            ecep:pron="frɒm">from</w>
         <c> </c>
         <w xml:id="o3794-530510"
            n="305-a-0390"
            ecep:lem="the"
            ecep:pos="dt"
            ecep:reg="the"
            ecep:spe="the"
            ecep:syllab="1"
            ecep:pron="ðə">the</w>
         <c> </c>
         <w xml:id="o3794-530520"
            n="305-a-0400"
            ecep:lem="same"
            ecep:pos="d"
            ecep:reg="same"
            ecep:spe="same"
            ecep:syllab="1"
            ecep:pron="seɪm">same</w>
         <pc xml:id="o3794-530530"
             n="305-a-0410"
             ecep:lem=")"
             ecep:pos=")"
             ecep:reg=")"
             ecep:spe=")">)</pc>
      </l>
      <l ana="#triplet" rhyme="aaa" xml:id="o3794-l29540">
         <c> </c>
         <w xml:id="o3794-530540"
            n="305-a-0420"
            ecep:lem="enjoy"
            ecep:pos="vvd"
            ecep:reg="Enjoyed"
            ecep:spe="Enjoy'd"
            ecep:syllab="2"
            ecep:pron="ɪnˈdʒɔɪd">Enjoy'd</w>
         <c> </c>
         <w xml:id="o3794-530550"
            n="305-a-0430"
            ecep:lem="at"
            ecep:pos="p-acp"
            ecep:reg="at"
            ecep:spe="at"
            ecep:syllab="1"
            ecep:pron="æt">at</w>
         <c> </c>
         <w xml:id="o3794-530560"
            n="305-a-0440"
            ecep:lem="ease"
            ecep:pos="n1"
            ecep:reg="ease"
            ecep:spe="ease"
            ecep:syllab="1"
            ecep:pron="iːz">ease</w>
         <c> </c>
         <w xml:id="o3794-530570"
            n="305-a-0450"
            ecep:lem="the"
            ecep:pos="dt"
            ecep:reg="the"
            ecep:spe="the"
            ecep:syllab="1"
            ecep:pron="ðə">the</w>
         <c> </c>
         <w xml:id="o3794-530580"
            n="305-a-0460"
            ecep:lem="genial"
            ecep:pos="j"
            ecep:reg="genial"
            ecep:spe="genial"
            ecep:syllab="2"
            ecep:pron="ˈdʒiːnjəl">genial</w>
         <c> </c>
         <w xml:id="o3794-530590"
            n="305-a-0470"
            ecep:lem="day"
            ecep:pos="n1"
            ecep:reg="day"
            ecep:spe="day"
            ecep:syllab="1"
            ecep:pron="deɪ">day</w>
         <pc xml:id="o3794-530600"
             n="305-a-0480"
             ecep:lem=","
             ecep:pos=","
             ecep:reg=","
             ecep:spe=",">,</pc>
      </l>
      <l ana="#triplet" rhyme="aaa" xml:id="o3794-l29545">
         <c> </c>
         <w xml:id="o3794-530610"
            n="305-a-0490"
            ecep:lem="it|be"
            ecep:pos="pn31|vbds"
            ecep:reg="'Twas"
            ecep:spe="'Twas"
            ecep:syllab="1"
            ecep:pron="twɒz">'Twas</w>
         <c> </c>
         <w xml:id="o3794-530620"
            n="305-a-0500"
            ecep:lem="April"
            ecep:pos="np1"
            ecep:reg="April"
            ecep:spe="April"
            ecep:syllab="2"
            ecep:pron="ˈeɪprɪl">April</w>
         <c> </c>
         <w xml:id="o3794-530630"
            n="305-a-0510"
            ecep:lem="as"
            ecep:pos="c-acp"
            ecep:reg="as"
            ecep:spe="as"
            ecep:syllab="1"
            ecep:pron="æz">as</w>
         <c> </c>
         <w xml:id="o3794-530640"
            n="305-a-0520"
            ecep:lem="the"
            ecep:pos="dt"
            ecep:reg="the"
            ecep:spe="the"
            ecep:syllab="1"
            ecep:pron="ðə">the</w>
         <c> </c>
         <w xml:id="o3794-530650"
            n="305-a-0530"
            ecep:lem="bumkin"
            ecep:pos="n2"
            ecep:reg="bumkins"
            ecep:spe="bumkins"
            ecep:syllab="2"
            ecep:pron="ˈbʌmkɪnz">bumkins</w>
         <c> </c>
         <w xml:id="o3794-530660"
            n="305-a-0540"
            ecep:lem="say"
            ecep:pos="vvb"
            ecep:reg="say"
            ecep:spe="say"
            ecep:syllab="1"
            ecep:pron="seɪ">say</w>
         <pc xml:id="o3794-530670"
             n="305-a-0550"
             ecep:lem=","
             ecep:pos=","
             ecep:reg=","
             ecep:spe=",">,</pc>
      </l>
      <l ana="#triplet" rhyme="aaa" xml:id="o3794-l29550">
         <c> </c>
         <w xml:id="o3794-530680"
            n="305-a-0560"
            ecep:lem="the"
            ecep:pos="dt"
            ecep:reg="The"
            ecep:spe="The"
            ecep:syllab="1"
            ecep:pron="ðə">The</w>
         <c> </c>
         <w xml:id="o3794-530690"
            n="305-a-0570"
            ecep:lem="legislature"
            ecep:pos="n1"
            ecep:reg="legislature"
            ecep:spe="legislature"
            ecep:syllab="4"
            ecep:pron="ˈledʒɪsˌleɪtʃə">legislature</w>
         <c> </c>
         <w xml:id="o3794-530700"
            n="305-a-0580"
            ecep:lem="call"
            ecep:pos="vvd"
            ecep:reg="called"
            ecep:spe="call'd"
            ecep:syllab="1"
            ecep:pron="kɔːld">call'd</w>
         <c> </c>
         <w xml:id="o3794-530710"
            n="305-a-0590"
            ecep:lem="it"
            ecep:pos="pn31"
            ecep:reg="it"
            ecep:spe="it"
            ecep:syllab="1"
            ecep:pron="ɪt">it</w>
         <c> </c>
         <w xml:id="o3794-530720"
            n="305-a-0600"
            ecep:lem="may"
            ecep:pos="vmb"
            ecep:reg="May"
            ecep:spe="May"
            ecep:syllab="1"
            ecep:pron="meɪ">May</w>
         <pc xml:id="o3794-530730"
             n="305-a-0610"
             unit="sentence"
             ecep:lem="."
             ecep:pos="."
             ecep:reg="."
             ecep:spe=".">.</pc>
         <c> </c>
      </l>
      <l xml:id="o3794-l29555">
         <w xml:id="o3794-530740"
            n="305-a-0620"
            ecep:lem="but"
            ecep:pos="p-acp"
            ecep:reg="But"
            ecep:spe="But"
            ecep:syllab="1"
            ecep:pron="bʌt">But</w>
         <c> </c>
         <w xml:id="o3794-530750"
            n="305-a-0630"
            ecep:lem="sudden"
            ecep:pos="av-j"
            ecep:reg="suddenly"
            ecep:spe="suddenly"
            ecep:syllab="3"
            ecep:pron="ˈsʌdnlɪ">suddenly</w>
         <c> </c>
         <w xml:id="o3794-530760"
            n="305-a-0640"
            ecep:lem="a"
            ecep:pos="dt"
            ecep:reg="a"
            ecep:spe="a"
            ecep:syllab="1"
            ecep:pron="ə">a</w>
         <c> </c>
         <w xml:id="o3794-530770"
            n="305-a-0650"
            ecep:lem="wind"
            ecep:pos="n1"
            ecep:reg="wind"
            ecep:spe="wind"
            ecep:syllab="1"
            ecep:pron="wɪnd">wind</w>
         <c> </c>
         <w xml:id="o3794-530780"
            n="305-a-0660"
            ecep:lem="as"
            ecep:pos="c-acp"
            ecep:reg="as"
            ecep:spe="as"
            ecep:syllab="1"
            ecep:pron="æz">as</w>
         <c> </c>
         <w xml:id="o3794-530790"
            n="305-a-0670"
            ecep:lem="high"
            ecep:pos="j"
            ecep:reg="high"
            ecep:spe="high"
            ecep:syllab="1"
            ecep:pron="haɪ">high</w>
      </l>
      <l xml:id="o3794-l29560">
         <c> </c>
         <w xml:id="o3794-530800"
            n="305-a-0680"
            ecep:lem="as"
            ecep:pos="c-acp"
            ecep:reg="As"
            ecep:spe="As"
            ecep:syllab="1"
            ecep:pron="æz">As</w>
         <c> </c>
         <w xml:id="o3794-530810"
            n="305-a-0690"
            ecep:lem="ever"
            ecep:pos="av"
            ecep:reg="ever"
            ecep:spe="ever"
            ecep:syllab="2"
            ecep:pron="ˈevə">ever</w>
         <c> </c>
         <w xml:id="o3794-530820"
            n="305-a-0700"
            ecep:lem="sweep"
            ecep:pos="vvd"
            ecep:reg="swept"
            ecep:spe="swept"
            ecep:syllab="1"
            ecep:pron="swept">swept</w>
         <c> </c>
         <w xml:id="o3794-530830"
            n="305-a-0710"
            ecep:lem="a"
            ecep:pos="dt"
            ecep:reg="a"
            ecep:spe="a"
            ecep:syllab="1"
            ecep:pron="ə">a</w>
         <c> </c>
         <w xml:id="o3794-530840"
            n="305-a-0720"
            ecep:lem="winter"
            ecep:pos="n1"
            ecep:reg="winter"
            ecep:spe="winter"
            ecep:syllab="2"
            ecep:pron="ˈwɪntə">winter</w>
         <c> </c>
         <w xml:id="o3794-530850"
            n="305-a-0730"
            ecep:lem="sky"
            ecep:pos="n1"
            ecep:reg="sky"
            ecep:spe="sky"
            ecep:syllab="1"
            ecep:pron="skaɪ">sky</w>
         <pc xml:id="o3794-530860"
             n="305-a-0740"
             ecep:lem=","
             ecep:pos=","
             ecep:reg=","
             ecep:spe=",">,</pc>
      </l>
      <l xml:id="o3794-l29565">
         <c> </c>
         <w xml:id="o3794-530870"
            n="305-a-0750"
            ecep:lem="shake"
            ecep:pos="vvd"
            ecep:reg="Shook"
            ecep:spe="Shook"
            ecep:syllab="1"
            ecep:pron="ʃʊk">Shook</w>
         <c> </c>
         <w xml:id="o3794-530880"
            n="305-a-0760"
            ecep:lem="the"
            ecep:pos="dt"
            ecep:reg="the"
            ecep:spe="the"
            ecep:syllab="1"
            ecep:pron="ðə">the</w>
         <c> </c>
         <w xml:id="o3794-530890"
            n="305-a-0770"
            ecep:lem="young"
            ecep:pos="j"
            ecep:reg="young"
            ecep:spe="young"
            ecep:syllab="1"
            ecep:pron="jʌŋ">young</w>
         <c> </c>
         <w xml:id="o3794-530900"
            n="305-a-0780"
            ecep:lem="leaf"
            ecep:pos="n2"
            ecep:reg="leaves"
            ecep:spe="leaves"
            ecep:syllab="1"
            ecep:pron="liːvz">leaves</w>
         <c> </c>
         <w xml:id="o3794-530910"
            n="305-a-0790"
            ecep:lem="about"
            ecep:pos="p-acp"
            ecep:reg="about"
            ecep:spe="about"
            ecep:syllab="2"
            ecep:pron="əˈbaʊt">about</w>
         <c> </c>
         <w xml:id="o3794-530920"
            n="305-a-0800"
            ecep:lem="her"
            ecep:pos="po31"
            ecep:reg="her"
            ecep:spe="her"
            ecep:syllab="1"
            ecep:pron="hɜː">her</w>
         <c> </c>
         <w xml:id="o3794-530930"
            n="305-a-0810"
            ecep:lem="ear"
            ecep:pos="n2"
            ecep:reg="ears"
            ecep:spe="ears"
            ecep:syllab="1"
            ecep:pron="ɪəz">ears</w>
         <pc xml:id="o3794-530940"
             n="305-a-0820"
             ecep:lem=","
             ecep:pos=","
             ecep:reg=","
             ecep:spe=",">,</pc>
      </l>
      <l xml:id="o3794-l29570">
         <c> </c>
         <w xml:id="o3794-530950"
            n="305-a-0830"
            ecep:lem="and"
            ecep:pos="cc"
            ecep:reg="And"
            ecep:spe="And"
            ecep:syllab="1"
            ecep:pron="ænd">And</w>
         <c> </c>
         <w xml:id="o3794-530960"
            n="305-a-0840"
            ecep:lem="fill"
            ecep:pos="vvd"
            ecep:reg="filled"
            ecep:spe="fill'd"
            ecep:syllab="1"
            ecep:pron="fɪld">fill'd</w>
         <c> </c>
         <w xml:id="o3794-530970"
            n="305-a-0850"
            ecep:lem="she"
            ecep:pos="pno31"
            ecep:reg="her"
            ecep:spe="her"
            ecep:syllab="1"
            ecep:pron="hɜː">her</w>
         <c> </c>
         <w xml:id="o3794-530980"
            n="305-a-0860"
            ecep:lem="with"
            ecep:pos="p-acp"
            ecep:reg="with"
            ecep:spe="with"
            ecep:syllab="1"
            ecep:pron="wɪð">with</w>
         <c> </c>
         <w xml:id="o3794-530990"
            n="305-a-0870"
            ecep:lem="a"
            ecep:pos="dt"
            ecep:reg="a"
            ecep:spe="a"
            ecep:syllab="1"
            ecep:pron="ə">a</w>
         <c> </c>
         <w xml:id="o3794-531000"
            n="305-a-0880"
            ecep:lem="thousand"
            ecep:pos="crd"
            ecep:reg="thousand"
            ecep:spe="thousand"
            ecep:syllab="2"
            ecep:pron="ˈθaʊzənd">thousand</w>
         <c> </c>
         <w xml:id="o3794-531010"
            n="305-a-0890"
            ecep:lem="fear"
            ecep:pos="n2"
            ecep:reg="fears"
            ecep:spe="fears"
            ecep:syllab="1"
            ecep:pron="fɪəz">fears</w>
         <pc xml:id="o3794-531020"
             n="305-a-0900"
             ecep:lem=","
             ecep:pos=","
             ecep:reg=","
             ecep:spe=",">,</pc>
      </l>
      <l xml:id="o3794-l29575">
         <c> </c>
         <w xml:id="o3794-531030"
            n="305-a-0910"
            ecep:lem="lest"
            ecep:pos="cs"
            ecep:reg="Lest"
            ecep:spe="Lest"
            ecep:syllab="1"
            ecep:pron="lest">Lest</w>
         <c> </c>
         <w xml:id="o3794-531040"
            n="305-a-0920"
            ecep:lem="the"
            ecep:pos="dt"
            ecep:reg="the"
            ecep:spe="the"
            ecep:syllab="1"
            ecep:pron="ðə">the</w>
         <c> </c>
         <w xml:id="o3794-531050"
            n="305-a-0930"
            ecep:lem="rude"
            ecep:pos="j"
            ecep:reg="rude"
            ecep:spe="rude"
            ecep:syllab="1"
            ecep:pron="ruːd">rude</w>
         <c> </c>
         <w xml:id="o3794-531060"
            n="305-a-0940"
            ecep:lem="blast"
            ecep:pos="n1"
            ecep:reg="blast"
            ecep:spe="blast"
            ecep:syllab="1"
            ecep:pron="blɑːst">blast</w>
         <c> </c>
         <w xml:id="o3794-531070"
            n="305-a-0950"
            ecep:lem="shall"
            ecep:pos="vmd"
            ecep:reg="should"
            ecep:spe="should"
            ecep:syllab="1"
            ecep:pron="ʃʊd">should</w>
         <c> </c>
         <w xml:id="o3794-531080"
            n="305-a-0960"
            ecep:lem="snap"
            ecep:pos="vvi"
            ecep:reg="snap"
            ecep:spe="snap"
            ecep:syllab="1"
            ecep:pron="snæp">snap</w>
         <c> </c>
         <w xml:id="o3794-531090"
            n="305-a-0970"
            ecep:lem="the"
            ecep:pos="dt"
            ecep:reg="the"
            ecep:spe="the"
            ecep:syllab="1"
            ecep:pron="ðə">the</w>
         <c> </c>
         <w xml:id="o3794-531100"
            n="305-a-0980"
            ecep:lem="bough"
            ecep:pos="n1"
            ecep:reg="bough"
            ecep:spe="bough"
            ecep:syllab="1"
            ecep:pron="baʊ">bough</w>
         <pc xml:id="o3794-531110"
             n="305-a-0990"
             ecep:lem=","
             ecep:pos=","
             ecep:reg=","
             ecep:spe=",">,</pc>
      </l>
      <l xml:id="o3794-l29580">
         <c> </c>
         <w xml:id="o3794-531120"
            n="305-a-1000"
            ecep:lem="and"
            ecep:pos="cc"
            ecep:reg="And"
            ecep:spe="And"
            ecep:syllab="1"
            ecep:pron="ænd">And</w>
         <c> </c>
         <w xml:id="o3794-531130"
            n="305-a-1010"
            ecep:lem="spread"
            ecep:pos="vvd"
            ecep:reg="spread"
            ecep:spe="spread"
            ecep:syllab="1"
            ecep:pron="spred">spread</w>
         <c> </c>
         <w xml:id="o3794-531140"
            n="305-a-1020"
            ecep:lem="her"
            ecep:pos="po31"
            ecep:reg="her"
            ecep:spe="her"
            ecep:syllab="1"
            ecep:pron="hɜː">her</w>
         <c> </c>
         <w xml:id="o3794-531150"
            n="305-a-1030"
            ecep:lem="golden"
            ecep:pos="j"
            ecep:reg="golden"
            ecep:spe="golden"
            ecep:syllab="2"
            ecep:pron="ˈgəʊldən">golden</w>
         <c> </c>
         <w xml:id="o3794-531160"
            n="305-a-1040"
            ecep:lem="hope"
            ecep:pos="n2"
            ecep:reg="hopes"
            ecep:spe="hopes"
            ecep:syllab="1"
            ecep:pron="həʊps">hopes</w>
         <c> </c>
         <w xml:id="o3794-531170"
            n="305-a-1050"
            ecep:lem="below"
            ecep:pos="a-acp"
            ecep:reg="below"
            ecep:spe="below"
            ecep:syllab="2"
            ecep:pron="bɪˈləʊ">below</w>
         <pc xml:id="o3794-531180"
             n="305-a-1060"
             unit="sentence"
             ecep:lem="."
             ecep:pos="."
             ecep:reg="."
             ecep:spe=".">.</pc>
         <c> </c>
      </l>
      <l xml:id="o3794-l29585">
         <w xml:id="o3794-531190"
            n="305-a-1070"
            ecep:lem="but"
            ecep:pos="p-acp"
            ecep:reg="But"
            ecep:spe="But"
            ecep:syllab="1"
            ecep:pron="bʌt">But</w>
         <c> </c>
         <w xml:id="o3794-531200"
            n="305-a-1080"
            ecep:lem="just"
            ecep:pos="av-j"
            ecep:reg="just"
            ecep:spe="just"
            ecep:syllab="1"
            ecep:pron="dʒʌst">just</w>
         <c> </c>
         <w xml:id="o3794-531210"
            n="305-a-1090"
            ecep:lem="at"
            ecep:pos="p-acp"
            ecep:reg="at"
            ecep:spe="at"
            ecep:syllab="1"
            ecep:pron="æt">at</w>
         <c> </c>
         <w xml:id="o3794-531220"
            n="305-a-1100"
            ecep:lem="eve"
            ecep:pos="n1"
            ecep:reg="eve"
            ecep:spe="eve"
            ecep:syllab="1"
            ecep:pron="iːv">eve</w>
         <c> </c>
         <w xml:id="o3794-531230"
            n="305-a-1110"
            ecep:lem="the"
            ecep:pos="dt"
            ecep:reg="the"
            ecep:spe="the"
            ecep:syllab="1"
            ecep:pron="ðə">the</w>
         <c> </c>
         <w xml:id="o3794-531240"
            n="305-a-1120"
            ecep:lem="blow"
            ecep:pos="vvg"
            ecep:reg="blowing"
            ecep:spe="blowing"
            ecep:syllab="2"
            ecep:pron="ˈbləʊɪŋ">blowing</w>
         <c> </c>
         <w xml:id="o3794-531250"
            n="305-a-1130"
            ecep:lem="weather"
            ecep:pos="n1"
            ecep:reg="weather"
            ecep:spe="weather"
            ecep:syllab="2"
            ecep:pron="ˈweðə">weather</w>
         <pc xml:id="o3794-531260"
             n="305-a-1140"
             ecep:lem=","
             ecep:pos=","
             ecep:reg=","
             ecep:spe=",">,</pc>
      </l>
      <l xml:id="o3794-l29590">
         <c> </c>
         <w xml:id="o3794-531270"
            n="305-a-1150"
            ecep:lem="and"
            ecep:pos="cc"
            ecep:reg="And"
            ecep:spe="And"
            ecep:syllab="1"
            ecep:pron="ænd">And</w>
         <c> </c>
         <w xml:id="o3794-531280"
            n="305-a-1160"
            ecep:lem="all"
            ecep:pos="d"
            ecep:reg="all"
            ecep:spe="all"
            ecep:syllab="1"
            ecep:pron="ɔːl">all</w>
         <c> </c>
         <w xml:id="o3794-531290"
            n="305-a-1170"
            ecep:lem="her"
            ecep:pos="po31"
            ecep:reg="her"
            ecep:spe="her"
            ecep:syllab="1"
            ecep:pron="hɜː">her</w>
         <c> </c>
         <w xml:id="o3794-531300"
            n="305-a-1180"
            ecep:lem="fear"
            ecep:pos="n2"
            ecep:reg="fears"
            ecep:spe="fears"
            ecep:syllab="1"
            ecep:pron="fɪəz">fears</w>
         <c> </c>
         <w xml:id="o3794-531310"
            n="305-a-1190"
            ecep:lem="be"
            ecep:pos="vbdr"
            ecep:reg="were"
            ecep:spe="were"
            ecep:syllab="1"
            ecep:pron="wɜː">were</w>
         <c> </c>
         <w xml:id="o3794-531320"
            n="305-a-1200"
            ecep:lem="hush"
            ecep:pos="vvn"
            ecep:reg="hushed"
            ecep:spe="hush'd"
            ecep:syllab="1"
            ecep:pron="hʌʃt">hush'd</w>
         <c> </c>
         <w xml:id="o3794-531330"
            n="305-a-1210"
            ecep:lem="together"
            ecep:pos="av"
            ecep:reg="together"
            ecep:spe="together"
            ecep:syllab="3"
            ecep:pron="təˈgeðə">together</w>
         <pc xml:id="o3794-531340"
             n="305-a-1220"
             ecep:lem=":"
             ecep:pos=":"
             ecep:reg=":"
             ecep:spe=":">:</pc>
      </l>
      <l xml:id="o3794-l29595">
         <c> </c>
         <w xml:id="o3794-531350"
            n="305-a-1230"
            ecep:lem="and"
            ecep:pos="cc"
            ecep:reg="And"
            ecep:spe="And"
            ecep:syllab="1"
            ecep:pron="ænd">And</w>
         <c> </c>
         <w xml:id="o3794-531360"
            n="305-a-1240"
            ecep:lem="now"
            ecep:pos="av"
            ecep:reg="now"
            ecep:spe="now"
            ecep:syllab="1"
            ecep:pron="naʊ">now</w>
         <pc xml:id="o3794-531370"
             n="305-a-1250"
             ecep:lem=","
             ecep:pos=","
             ecep:reg=","
             ecep:spe=",">,</pc>
         <c> </c>
         <w xml:id="o3794-531380"
            n="305-a-1260"
            ecep:lem="quoth"
            ecep:pos="vvd"
            ecep:reg="quoth"
            ecep:spe="quoth"
            ecep:syllab="1"
            ecep:pron="kwəʊθ">quoth</w>
         <c> </c>
         <w xml:id="o3794-531390"
            n="305-a-1270"
            ecep:lem="poor"
            ecep:pos="j"
            ecep:reg="poor"
            ecep:spe="poor"
            ecep:syllab="1"
            ecep:pron="pʊə">poor</w>
         <c> </c>
         <w xml:id="o3794-531400"
            n="305-a-1280"
            ecep:lem="unthinking"
            ecep:pos="j"
            ecep:reg="unthinking"
            ecep:spe="unthinking"
            ecep:syllab="3"
            ecep:pron="ʌnˈθɪŋkɪŋ">unthinking</w>
         <c> </c>
         <w xml:id="o3794-531410"
            n="305-a-1290"
            ecep:lem="Ralph"
            ecep:pos="np1"
            ecep:reg="Ralph"
            ecep:spe="Ralph"
            ecep:syllab="1"
            ecep:pron="rælf">Ralph</w>
         <pc xml:id="o3794-531420"
             n="305-a-1300"
             ecep:lem=","
             ecep:pos=","
             ecep:reg=","
             ecep:spe=",">,</pc>
      </l>
      <l xml:id="o3794-l29600">
         <c> </c>
         <w xml:id="o3794-531430"
            n="305-a-1310"
            ecep:lem="it|be"
            ecep:pos="pn31|vbz"
            ecep:reg="It's"
            ecep:spe="'Tis"
            ecep:syllab="1"
            ecep:pron="tɪz">'Tis</w>
         <c> </c>
         <w xml:id="o3794-531440"
            n="305-a-1320"
            ecep:lem="over"
            ecep:pos="a-acp"
            ecep:reg="over"
            ecep:spe="over"
            ecep:syllab="2"
            ecep:pron="ˈəʊvə">over</w>
         <pc xml:id="o3794-531450"
             n="305-a-1330"
             ecep:lem=","
             ecep:pos=","
             ecep:reg=","
             ecep:spe=",">,</pc>
         <c> </c>
         <w xml:id="o3794-531460"
            n="305-a-1340"
            ecep:lem="and"
            ecep:pos="cc"
            ecep:reg="and"
            ecep:spe="and"
            ecep:syllab="1"
            ecep:pron="ænd">and</w>
         <c> </c>
         <w xml:id="o3794-531470"
            n="305-a-1350"
            ecep:lem="the"
            ecep:pos="dt"
            ecep:reg="the"
            ecep:spe="the"
            ecep:syllab="1"
            ecep:pron="ðə">the</w>
         <c> </c>
         <w xml:id="o3794-531480"
            n="305-a-1360"
            ecep:lem="brood"
            ecep:pos="n1"
            ecep:reg="brood"
            ecep:spe="brood"
            ecep:syllab="1"
            ecep:pron="bruːd">brood</w>
         <c> </c>
         <w xml:id="o3794-531490"
            n="305-a-1370"
            ecep:lem="be"
            ecep:pos="vbz"
            ecep:reg="is"
            ecep:spe="is"
            ecep:syllab="1"
            ecep:pron="ɪz">is</w>
         <c> </c>
         <w xml:id="o3794-531500"
            n="305-a-1380"
            ecep:lem="safe"
            ecep:pos="j"
            ecep:reg="safe"
            ecep:spe="safe"
            ecep:syllab="1"
            ecep:pron="seɪf">safe</w>
         <pc xml:id="o3794-531510"
             n="305-a-1390"
             ecep:lem=";"
             ecep:pos=";"
             ecep:reg=";"
             ecep:spe=";">;</pc>
      </l>
      <pb facs="306" n="303" rend="none"/>
      <l xml:id="o3794-l29605">
         <c> </c>
         <pc xml:id="o3794-531520"
             n="306-a-0010"
             ecep:lem="("
             ecep:pos="("
             ecep:reg="("
             ecep:spe="(">(</pc>
         <w xml:id="o3794-531530"
            n="306-a-0020"
            ecep:lem="for"
            ecep:pos="c-acp"
            ecep:reg="For"
            ecep:spe="For"
            ecep:syllab="1"
            ecep:pron="fɔː">For</w>
         <c> </c>
         <w xml:id="o3794-531540"
            n="306-a-0030"
            ecep:lem="raven"
            ecep:pos="n2"
            ecep:reg="ravens"
            ecep:spe="ravens"
            ecep:syllab="2"
            ecep:pron="ˈreɪvənz">ravens</w>
         <c> </c>
         <w xml:id="o3794-531550"
            n="306-a-0040"
            ecep:lem="though"
            ecep:pos="c-acp"
            ecep:reg="though"
            ecep:spe="though"
            ecep:syllab="1"
            ecep:pron="ðəʊ">though</w>
         <c> </c>
         <w xml:id="o3794-531560"
            n="306-a-0050"
            ecep:lem="as"
            ecep:pos="c-acp"
            ecep:reg="as"
            ecep:spe="as"
            ecep:syllab="1"
            ecep:pron="æz">as</w>
         <c> </c>
         <w xml:id="o3794-531570"
            n="306-a-0060"
            ecep:lem="bird"
            ecep:pos="n2"
            ecep:reg="birds"
            ecep:spe="birds"
            ecep:syllab="1"
            ecep:pron="bɜːdz">birds</w>
         <c> </c>
         <w xml:id="o3794-531580"
            n="306-a-0070"
            ecep:lem="of"
            ecep:pos="pp-f"
            ecep:reg="of"
            ecep:spe="of"
            ecep:syllab="1"
            ecep:pron="ɒv">of</w>
         <c> </c>
         <w xml:id="o3794-531590"
            n="306-a-0080"
            ecep:lem="omen"
            ecep:pos="n1"
            ecep:reg="omen"
            ecep:spe="omen"
            ecep:syllab="2"
            ecep:pron="ˈəʊmən">omen</w>
         <pc xml:id="o3794-531600"
             n="306-a-0090"
             ecep:lem=","
             ecep:pos=","
             ecep:reg=","
             ecep:spe=",">,</pc>
      </l>
      <l xml:id="o3794-l29610">
         <c> </c>
         <w xml:id="o3794-531610"
            n="306-a-0100"
            ecep:lem="they"
            ecep:pos="pns32"
            ecep:reg="They"
            ecep:spe="They"
            ecep:syllab="1"
            ecep:pron="ðeɪ">They</w>
         <c> </c>
         <w xml:id="o3794-531620"
            n="306-a-0110"
            ecep:lem="teach"
            ecep:pos="vvb"
            ecep:reg="teach"
            ecep:spe="teach"
            ecep:syllab="1"
            ecep:pron="tiːtʃ">teach</w>
         <c> </c>
         <w xml:id="o3794-531630"
            n="306-a-0120"
            ecep:lem="both"
            ecep:pos="d"
            ecep:reg="both"
            ecep:spe="both"
            ecep:syllab="1"
            ecep:pron="bəʊθ">both</w>
         <c> </c>
         <w xml:id="o3794-531640"
            n="306-a-0130"
            ecep:lem="conj'rer"
            ecep:pos="n2"
            ecep:reg="conj'rers"
            ecep:spe="conj'rers"
            ecep:syllab="2"
            ecep:pron="ˈkʌndʒrɜːz">conj'rers</w>
         <c> </c>
         <w xml:id="o3794-531650"
            n="306-a-0140"
            ecep:lem="and"
            ecep:pos="cc"
            ecep:reg="and"
            ecep:spe="and"
            ecep:syllab="1"
            ecep:pron="ænd">and</w>
         <c> </c>
         <w xml:id="o3794-531660"
            n="306-a-0150"
            ecep:lem="old"
            ecep:pos="j"
            ecep:reg="old"
            ecep:spe="old"
            ecep:syllab="1"
            ecep:pron="əʊld">old</w>
         <c> </c>
         <w xml:id="o3794-531670"
            n="306-a-0160"
            ecep:lem="woman"
            ecep:pos="n2"
            ecep:reg="women"
            ecep:spe="women"
            ecep:syllab="2"
            ecep:pron="ˈwɪmɪn">women</w>
      </l>
      <l xml:id="o3794-l29615">
         <c> </c>
         <w xml:id="o3794-531680"
            n="306-a-0170"
            ecep:lem="to"
            ecep:pos="pc-acp"
            ecep:reg="To"
            ecep:spe="To"
            ecep:syllab="1"
            ecep:pron="tuː">To</w>
         <c> </c>
         <w xml:id="o3794-531690"
            n="306-a-0180"
            ecep:lem="tell"
            ecep:pos="vvi"
            ecep:reg="tell"
            ecep:spe="tell"
            ecep:syllab="1"
            ecep:pron="tel">tell</w>
         <c> </c>
         <w xml:id="o3794-531700"
            n="306-a-0190"
            ecep:lem="we"
            ecep:pos="pno12"
            ecep:reg="us"
            ecep:spe="us"
            ecep:syllab="2"
            ecep:pron="ʌs">us</w>
         <c> </c>
         <w xml:id="o3794-531710"
            n="306-a-0200"
            ecep:lem="what"
            ecep:pos="r-crq"
            ecep:reg="what"
            ecep:spe="what"
            ecep:syllab="1"
            ecep:pron="wɒt">what</w>
         <c> </c>
         <w xml:id="o3794-531720"
            n="306-a-0210"
            ecep:lem="be"
            ecep:pos="vbz"
            ecep:reg="is"
            ecep:spe="is"
            ecep:syllab="1"
            ecep:pron="ɪz">is</w>
         <c> </c>
         <w xml:id="o3794-531730"
            n="306-a-0220"
            ecep:lem="to"
            ecep:pos="pc-acp"
            ecep:reg="to"
            ecep:spe="to"
            ecep:syllab="1"
            ecep:pron="tuː">to</w>
         <c> </c>
         <w xml:id="o3794-531740"
            n="306-a-0230"
            ecep:lem="befall"
            ecep:pos="vvi"
            ecep:reg="befall"
            ecep:spe="befall"
            ecep:syllab="2"
            ecep:pron="bɪˈfɔːl">befall</w>
         <pc xml:id="o3794-531750"
             n="306-a-0240"
             ecep:lem=","
             ecep:pos=","
             ecep:reg=","
             ecep:spe=",">,</pc>
      </l>
      <l xml:id="o3794-l29620">
         <c> </c>
         <w xml:id="o3794-531760"
            n="306-a-0250"
            ecep:lem="can"
            ecep:pos="vmbx"
            ecep:reg="Can't"
            ecep:spe="Can't"
            ecep:syllab="1"
            ecep:pron="kɑːnt">Can't</w>
         <c> </c>
         <w xml:id="o3794-531770"
            n="306-a-0260"
            ecep:lem="prophecy"
            ecep:pos="n1"
            ecep:reg="prophecy"
            ecep:spe="prophecy"
            ecep:syllab="3"
            ecep:pron="ˈprɒfɪsɪ">prophecy</w>
         <pc xml:id="o3794-531780"
             n="306-a-0270"
             ecep:lem=","
             ecep:pos=","
             ecep:reg=","
             ecep:spe=",">,</pc>
         <c> </c>
         <w xml:id="o3794-531790"
            n="306-a-0280"
            ecep:lem="themselves"
            ecep:pos="px32"
            ecep:reg="themselves"
            ecep:spe="themselves"
            ecep:syllab="2"
            ecep:pron="ðəmˈselvz">themselves</w>
         <pc xml:id="o3794-531800"
             n="306-a-0290"
             ecep:lem=","
             ecep:pos=","
             ecep:reg=","
             ecep:spe=",">,</pc>
         <c> </c>
         <w xml:id="o3794-531810"
            n="306-a-0300"
            ecep:lem="at"
            ecep:pos="p-acp"
            ecep:reg="at"
            ecep:spe="at"
            ecep:syllab="1"
            ecep:pron="æt">at</w>
         <c> </c>
         <w xml:id="o3794-531820"
            n="306-a-0310"
            ecep:lem="all"
            ecep:pos="d"
            ecep:reg="all"
            ecep:spe="all"
            ecep:syllab="1"
            ecep:pron="ɔːl">all</w>
         <pc xml:id="o3794-531830"
             n="306-a-0320"
             ecep:lem="."
             ecep:pos="."
             ecep:reg="."
             ecep:spe=".">.</pc>
         <pc xml:id="o3794-531840"
             n="306-a-0330"
             unit="sentence"
             ecep:lem=")"
             ecep:pos=")"
             ecep:reg=")"
             ecep:spe=")">)</pc>
         <c> </c>
      </l>
      <l xml:id="o3794-l29625">
         <w xml:id="o3794-531850"
            n="306-a-0340"
            ecep:lem="the"
            ecep:pos="dt"
            ecep:reg="The"
            ecep:spe="The"
            ecep:syllab="1"
            ecep:pron="ðə">The</w>
         <c> </c>
         <w xml:id="o3794-531860"
            n="306-a-0350"
            ecep:lem="morning"
            ecep:pos="n1"
            ecep:reg="morning"
            ecep:spe="morning"
            ecep:syllab="2"
            ecep:pron="ˈmɔːnɪŋ">morning</w>
         <c> </c>
         <w xml:id="o3794-531870"
            n="306-a-0360"
            ecep:lem="come"
            ecep:pos="vvd"
            ecep:reg="came"
            ecep:spe="came"
            ecep:syllab="1"
            ecep:pron="keɪm">came</w>
         <pc xml:id="o3794-531880"
             n="306-a-0370"
             ecep:lem=","
             ecep:pos=","
             ecep:reg=","
             ecep:spe=",">,</pc>
         <c> </c>
         <w xml:id="o3794-531890"
            n="306-a-0380"
            ecep:lem="when"
            ecep:pos="c-crq"
            ecep:reg="when"
            ecep:spe="when"
            ecep:syllab="1"
            ecep:pron="wen">when</w>
         <c> </c>
         <w xml:id="o3794-531900"
            n="306-a-0390"
            ecep:lem="neighbour"
            ecep:pos="n1"
            ecep:reg="neighbour"
            ecep:spe="neighbour"
            ecep:syllab="1"
            ecep:pron="ˈneɪbə">neighbour</w>
         <c> </c>
         <w xml:id="o3794-531910"
            n="306-a-0400"
            ecep:lem="Hodge"
            ecep:pos="np1"
            ecep:reg="Hodge"
            ecep:spe="Hodge"
            ecep:syllab="1"
            ecep:pron="hɒdʒ">Hodge</w>
         <pc xml:id="o3794-531920"
             n="306-a-0410"
             ecep:lem=","
             ecep:pos=","
             ecep:reg=","
             ecep:spe=",">,</pc>
      </l>
      <l xml:id="o3794-l29630">
         <c> </c>
         <w xml:id="o3794-531930"
            n="306-a-0420"
            ecep:lem="who"
            ecep:pos="q-crq"
            ecep:reg="Who"
            ecep:spe="Who"
            ecep:syllab="1"
            ecep:pron="huː">Who</w>
         <c> </c>
         <w xml:id="o3794-531940"
            n="306-a-0430"
            ecep:lem="long"
            ecep:pos="j"
            ecep:reg="long"
            ecep:spe="long"
            ecep:syllab="1"
            ecep:pron="lɒŋ">long</w>
         <c> </c>
         <w xml:id="o3794-531950"
            n="306-a-0440"
            ecep:lem="have"
            ecep:pos="vhd"
            ecep:reg="had"
            ecep:spe="had"
            ecep:syllab="1"
            ecep:pron="hæd">had</w>
         <c> </c>
         <w xml:id="o3794-531960"
            n="306-a-0450"
            ecep:lem="mark"
            ecep:pos="vvn"
            ecep:reg="marked"
            ecep:spe="mark'd"
            ecep:syllab="1"
            ecep:pron="mɑːkt">mark'd</w>
         <c> </c>
         <w xml:id="o3794-531970"
            n="306-a-0460"
            ecep:lem="her"
            ecep:pos="po31"
            ecep:reg="her"
            ecep:spe="her"
            ecep:syllab="1"
            ecep:pron="hɜː">her</w>
         <c> </c>
         <w xml:id="o3794-531980"
            n="306-a-0470"
            ecep:lem="airy"
            ecep:pos="j"
            ecep:reg="airy"
            ecep:spe="airy"
            ecep:syllab="2"
            ecep:pron="ˈeərɪ">airy</w>
         <c> </c>
         <w xml:id="o3794-531990"
            n="306-a-0480"
            ecep:lem="lodge"
            ecep:pos="n1"
            ecep:reg="lodge"
            ecep:spe="lodge"
            ecep:syllab="1"
            ecep:pron="lɒdʒ">lodge</w>
         <pc xml:id="o3794-532000"
             n="306-a-0490"
             ecep:lem=","
             ecep:pos=","
             ecep:reg=","
             ecep:spe=",">,</pc>
      </l>
      <l xml:id="o3794-l29635">
         <c> </c>
         <w xml:id="o3794-532010"
            n="306-a-0500"
            ecep:lem="and"
            ecep:pos="cc"
            ecep:reg="And"
            ecep:spe="And"
            ecep:syllab="1"
            ecep:pron="ænd">And</w>
         <c> </c>
         <w xml:id="o3794-532020"
            n="306-a-0510"
            ecep:lem="destine"
            ecep:pos="vvd"
            ecep:reg="destined"
            ecep:spe="destin'd"
            ecep:syllab="2"
            ecep:pron="ˈdestɪnd">destin'd</w>
         <c> </c>
         <w xml:id="o3794-532030"
            n="306-a-0520"
            ecep:lem="all"
            ecep:pos="d"
            ecep:reg="all"
            ecep:spe="all"
            ecep:syllab="1"
            ecep:pron="ɔːl">all</w>
         <c> </c>
         <w xml:id="o3794-532040"
            n="306-a-0530"
            ecep:lem="the"
            ecep:pos="dt"
            ecep:reg="the"
            ecep:spe="the"
            ecep:syllab="1"
            ecep:pron="ðə">the</w>
         <c> </c>
         <w xml:id="o3794-532050"
            n="306-a-0540"
            ecep:lem="treasure"
            ecep:pos="n1"
            ecep:reg="treasure"
            ecep:spe="treasure"
            ecep:syllab="2"
            ecep:pron="ˈtreʒə">treasure</w>
         <c> </c>
         <w xml:id="o3794-532060"
            n="306-a-0550"
            ecep:lem="there"
            ecep:pos="a-acp"
            ecep:reg="there"
            ecep:spe="there"
            ecep:syllab="1"
            ecep:pron="ðeə">there</w>
      </l>
      <l xml:id="o3794-l29640">
         <c> </c>
         <w xml:id="o3794-532070"
            n="306-a-0560"
            ecep:lem="a"
            ecep:pos="dt"
            ecep:reg="A"
            ecep:spe="A"
            ecep:syllab="1"
            ecep:pron="ə">A</w>
         <c> </c>
         <w xml:id="o3794-532080"
            n="306-a-0570"
            ecep:lem="gift"
            ecep:pos="n1"
            ecep:reg="gift"
            ecep:spe="gift"
            ecep:syllab="1"
            ecep:pron="gɪft">gift</w>
         <c> </c>
         <w xml:id="o3794-532090"
            n="306-a-0580"
            ecep:lem="to"
            ecep:pos="p-acp"
            ecep:reg="to"
            ecep:spe="to"
            ecep:syllab="1"
            ecep:pron="tuː">to</w>
         <c> </c>
         <w xml:id="o3794-532100"
            n="306-a-0590"
            ecep:lem="his"
            ecep:pos="po31"
            ecep:reg="his"
            ecep:spe="his"
            ecep:syllab="1"
            ecep:pron="hɪz">his</w>
         <c> </c>
         <w xml:id="o3794-532110"
            n="306-a-0600"
            ecep:lem="expect"
            ecep:pos="vvg"
            ecep:reg="expecting"
            ecep:spe="expecting"
            ecep:syllab="3"
            ecep:pron="ɪkˈspektɪŋ">expecting</w>
         <c> </c>
         <w xml:id="o3794-532120"
            n="306-a-0610"
            ecep:lem="fair"
            ecep:pos="j"
            ecep:reg="fair"
            ecep:spe="fair"
            ecep:syllab="1"
            ecep:pron="feə">fair</w>
         <pc xml:id="o3794-532130"
             n="306-a-0620"
             ecep:lem=","
             ecep:pos=","
             ecep:reg=","
             ecep:spe=",">,</pc>
      </l>
      <l xml:id="o3794-l29645">
         <c> </c>
         <w xml:id="o3794-532140"
            n="306-a-0630"
            ecep:lem="clim'b"
            ecep:pos="np1"
            ecep:reg="Clim'b"
            ecep:spe="Clim'b"
            ecep:syllab="1"
            ecep:pron="klaɪm">Clim'b</w>
         <c> </c>
         <w xml:id="o3794-532150"
            n="306-a-0640"
            ecep:lem="like"
            ecep:pos="vvb"
            ecep:reg="like"
            ecep:spe="like"
            ecep:syllab="1"
            ecep:pron="laɪk">like</w>
         <c> </c>
         <w xml:id="o3794-532160"
            n="306-a-0650"
            ecep:lem="a"
            ecep:pos="dt"
            ecep:reg="a"
            ecep:spe="a"
            ecep:syllab="1"
            ecep:pron="ə">a</w>
         <c> </c>
         <w xml:id="o3794-532170"
            n="306-a-0660"
            ecep:lem="squirrel"
            ecep:pos="n1"
            ecep:reg="squirrel"
            ecep:spe="squirrel"
            ecep:syllab="2"
            ecep:pron="ˈskwɪrəl">squirrel</w>
         <c> </c>
         <w xml:id="o3794-532180"
            n="306-a-0670"
            ecep:lem="to"
            ecep:pos="p-acp"
            ecep:reg="to"
            ecep:spe="to"
            ecep:syllab="1"
            ecep:pron="tuː">to</w>
         <c> </c>
         <w xml:id="o3794-532190"
            n="306-a-0680"
            ecep:lem="his"
            ecep:pos="po31"
            ecep:reg="his"
            ecep:spe="his"
            ecep:syllab="1"
            ecep:pron="hɪz">his</w>
         <c> </c>
         <w xml:id="o3794-532200"
            n="306-a-0690"
            ecep:lem="dray"
            ecep:pos="n1"
            ecep:reg="dray"
            ecep:spe="dray"
            ecep:syllab="1"
            ecep:pron="dreɪ">dray</w>
         <pc xml:id="o3794-532210"
             n="306-a-0700"
             ecep:lem=","
             ecep:pos=","
             ecep:reg=","
             ecep:spe=",">,</pc>
      </l>
      <l xml:id="o3794-l29650">
         <c> </c>
         <w xml:id="o3794-532220"
            n="306-a-0710"
            ecep:lem="and"
            ecep:pos="cc"
            ecep:reg="And"
            ecep:spe="And"
            ecep:syllab="1"
            ecep:pron="ænd">And</w>
         <c> </c>
         <w xml:id="o3794-532230"
            n="306-a-0720"
            ecep:lem="bear"
            ecep:pos="vvd"
            ecep:reg="bore"
            ecep:spe="bore"
            ecep:syllab="1"
            ecep:pron="bɔː">bore</w>
         <c> </c>
         <w xml:id="o3794-532240"
            n="306-a-0730"
            ecep:lem="the"
            ecep:pos="dt"
            ecep:reg="the"
            ecep:spe="the"
            ecep:syllab="1"
            ecep:pron="ðə">the</w>
         <c> </c>
         <w xml:id="o3794-532250"
            n="306-a-0740"
            ecep:lem="worthless"
            ecep:pos="j"
            ecep:reg="worthless"
            ecep:spe="worthless"
            ecep:syllab="2"
            ecep:pron="ˈwɜːθlɪs">worthless</w>
         <c> </c>
         <w xml:id="o3794-532260"
            n="306-a-0750"
            ecep:lem="prize"
            ecep:pos="n1"
            ecep:reg="prise"
            ecep:spe="prize"
            ecep:syllab="1"
            ecep:pron="praɪz">prize</w>
         <c> </c>
         <w xml:id="o3794-532270"
            n="306-a-0760"
            ecep:lem="away"
            ecep:pos="av"
            ecep:reg="away"
            ecep:spe="away"
            ecep:syllab="2"
            ecep:pron="əˈweɪ">away</w>
         <pc xml:id="o3794-532280"
             n="306-a-0770"
             unit="sentence"
             ecep:lem="."
             ecep:pos="."
             ecep:reg="."
             ecep:spe=".">.</pc>
         <c> </c>
      </l>
   </lg>
   <div type="moral">
      <head>
         <w xml:id="o3794-532320"
            n="306-a-0780"
            ecep:lem="moral"
            ecep:pos="j"
            ecep:reg="MORAL"
            ecep:spe="MORAL"
            ecep:syllab="2"
            ecep:pron="ˈmɒrəl">MORAL</w>
         <pc xml:id="o3794-532330"
             n="306-a-0790"
             unit="sentence"
             ecep:lem="."
             ecep:pos="."
             ecep:reg="."
             ecep:spe=".">.</pc>
      </head>
      <lg xml:id="o3794-s00265">
         <l xml:id="o3794-l29655">
            <w xml:id="o3794-532360"
               n="306-a-0800"
               ecep:lem="it|be"
               ecep:pos="pn31|vbz"
               ecep:reg="It's"
               ecep:spe="'Tis"
               ecep:syllab="1"
               ecep:pron="tɪz">'Tis</w>
            <c> </c>
            <w xml:id="o3794-532370"
               n="306-a-0810"
               ecep:lem="providence"
               ecep:pos="n1"
               ecep:reg="providence"
               ecep:spe="providence"
               ecep:syllab="3"
               ecep:pron="ˈprɒvɪdəns">providence</w>
            <c> </c>
            <w xml:id="o3794-532380"
               n="306-a-0820"
               ecep:lem="alone"
               ecep:pos="av-j"
               ecep:reg="alone"
               ecep:spe="alone"
               ecep:syllab="2"
               ecep:pron="əˈləʊn">alone</w>
            <c> </c>
            <w xml:id="o3794-532390"
               n="306-a-0830"
               ecep:lem="secure"
               ecep:pos="vvz"
               ecep:reg="secures"
               ecep:spe="secures"
               ecep:syllab="2"
               ecep:pron="sɪˈkjʊəz">secures</w>
         </l>
         <l xml:id="o3794-l29660">
            <c> </c>
            <w xml:id="o3794-532400"
               n="306-a-0840"
               ecep:lem="in"
               ecep:pos="p-acp"
               ecep:reg="In"
               ecep:spe="In"
               ecep:syllab="1"
               ecep:pron="ɪn">In</w>
            <c> </c>
            <w xml:id="o3794-532410"
               n="306-a-0850"
               ecep:lem="every"
               ecep:pos="d"
               ecep:reg="every"
               ecep:spe="every"
               ecep:syllab="3"
               ecep:pron="ˈevrɪ">every</w>
            <c> </c>
            <w xml:id="o3794-532420"
               n="306-a-0860"
               ecep:lem="change"
               ecep:pos="n1"
               ecep:reg="change"
               ecep:spe="change"
               ecep:syllab="1"
               ecep:pron="tʃeɪndʒ">change</w>
            <pc xml:id="o3794-532430"
                n="306-a-0870"
                ecep:lem=","
                ecep:pos=","
                ecep:reg=","
                ecep:spe=",">,</pc>
            <c> </c>
            <w xml:id="o3794-532440"
               n="306-a-0880"
               ecep:lem="both"
               ecep:pos="d"
               ecep:reg="both"
               ecep:spe="both"
               ecep:syllab="1"
               ecep:pron="bəʊθ">both</w>
            <c> </c>
            <w xml:id="o3794-532450"
               n="306-a-0890"
               ecep:lem="mine"
               ecep:pos="n1"
               ecep:reg="mine"
               ecep:spe="mine"
               ecep:syllab="1"
               ecep:pron="maɪn">mine</w>
            <c> </c>
            <w xml:id="o3794-532460"
               n="306-a-0900"
               ecep:lem="and"
               ecep:pos="cc"
               ecep:reg="and"
               ecep:spe="and"
               ecep:syllab="1"
               ecep:pron="ænd">and</w>
            <c> </c>
            <w xml:id="o3794-532470"
               n="306-a-0910"
               ecep:lem="you"
               ecep:pos="png22"
               ecep:reg="your's"
               ecep:spe="your's"
               ecep:syllab="1"
               ecep:pron="jɔːz">your's</w>
            <pc xml:id="o3794-532480"
                n="306-a-0920"
                unit="sentence"
                ecep:lem="."
                ecep:pos="."
                ecep:reg="."
                ecep:spe=".">.</pc>
            <c> </c>
         </l>
         <l xml:id="o3794-l29665">
            <w xml:id="o3794-532490"
               n="306-a-0930"
               ecep:lem="safety"
               ecep:pos="n1"
               ecep:reg="Safety"
               ecep:spe="Safety"
               ecep:syllab="2"
               ecep:pron="ˈseɪftɪ">Safety</w>
            <c> </c>
            <w xml:id="o3794-532500"
               n="306-a-0940"
               ecep:lem="consist"
               ecep:pos="vvz"
               ecep:reg="consists"
               ecep:spe="consists"
               ecep:syllab="2"
               ecep:pron="kənˈsɪsts">consists</w>
            <c> </c>
            <w xml:id="o3794-532510"
               n="306-a-0950"
               ecep:lem="not"
               ecep:pos="xx"
               ecep:reg="not"
               ecep:spe="not"
               ecep:syllab="1"
               ecep:pron="nɒt">not</w>
            <c> </c>
            <w xml:id="o3794-532520"
               n="306-a-0960"
               ecep:lem="in"
               ecep:pos="p-acp"
               ecep:reg="in"
               ecep:spe="in"
               ecep:syllab="1"
               ecep:pron="ɪn">in</w>
            <c> </c>
            <w xml:id="o3794-532530"
               n="306-a-0970"
               ecep:lem="escape"
               ecep:pos="n1"
               ecep:reg="escape"
               ecep:spe="escape"
               ecep:syllab="2"
               ecep:pron="ɪˈskeɪp">escape</w>
         </l>
         <l xml:id="o3794-l29670">
            <c> </c>
            <w xml:id="o3794-532540"
               n="306-a-0980"
               ecep:lem="from"
               ecep:pos="p-acp"
               ecep:reg="From"
               ecep:spe="From"
               ecep:syllab="1"
               ecep:pron="frɒm">From</w>
            <c> </c>
            <w xml:id="o3794-532550"
               n="306-a-0990"
               ecep:lem="danger"
               ecep:pos="n2"
               ecep:reg="dangers"
               ecep:spe="dangers"
               ecep:syllab="2"
               ecep:pron="ˈdeɪndʒəz">dangers</w>
            <c> </c>
            <w xml:id="o3794-532560"
               n="306-a-1000"
               ecep:lem="of"
               ecep:pos="pp-f"
               ecep:reg="of"
               ecep:spe="of"
               ecep:syllab="1"
               ecep:pron="ɒv">of</w>
            <c> </c>
            <w xml:id="o3794-532570"
               n="306-a-1010"
               ecep:lem="a"
               ecep:pos="dt"
               ecep:reg="a"
               ecep:spe="a"
               ecep:syllab="1"
               ecep:pron="ə">a</w>
            <c> </c>
            <w xml:id="o3794-532580"
               n="306-a-1020"
               ecep:lem="frightful"
               ecep:pos="j"
               ecep:reg="frightful"
               ecep:spe="frightful"
               ecep:syllab="2"
               ecep:pron="ˈfraɪtfʊl">frightful</w>
            <c> </c>
            <w xml:id="o3794-532590"
               n="306-a-1030"
               ecep:lem="shape"
               ecep:pos="n1"
               ecep:reg="shape"
               ecep:spe="shape"
               ecep:syllab="1"
               ecep:pron="ʃeɪp">shape</w>
            <pc xml:id="o3794-532600"
                n="306-a-1040"
                ecep:lem=","
                ecep:pos=","
                ecep:reg=","
                ecep:spe=",">,</pc>
         </l>
         <l xml:id="o3794-l29675">
            <c> </c>
            <w xml:id="o3794-532610"
               n="306-a-1050"
               ecep:lem="a"
               ecep:pos="dt"
               ecep:reg="An"
               ecep:spe="An"
               ecep:syllab="1"
               ecep:pron="æn">An</w>
            <c> </c>
            <w xml:id="o3794-532620"
               n="306-a-1060"
               ecep:lem="earthquake"
               ecep:pos="n1"
               ecep:reg="earthquake"
               ecep:spe="earthquake"
               ecep:syllab="2"
               ecep:pron="ˈɜːθˌkweɪk">earthquake</w>
            <c> </c>
            <w xml:id="o3794-532630"
               n="306-a-1070"
               ecep:lem="may"
               ecep:pos="vmb"
               ecep:reg="may"
               ecep:spe="may"
               ecep:syllab="1"
               ecep:pron="meɪ">may</w>
            <c> </c>
            <w xml:id="o3794-532640"
               n="306-a-1080"
               ecep:lem="be"
               ecep:pos="vbi"
               ecep:reg="be"
               ecep:spe="be"
               ecep:syllab="1"
               ecep:pron="biː">be</w>
            <c> </c>
            <w xml:id="o3794-532650"
               n="306-a-1090"
               ecep:lem="bid"
               ecep:pos="vvn"
               ecep:reg="bid"
               ecep:spe="bid"
               ecep:syllab="1"
               ecep:pron="bɪd">bid</w>
            <c> </c>
            <w xml:id="o3794-532660"
               n="306-a-1100"
               ecep:lem="to"
               ecep:pos="pc-acp"
               ecep:reg="to"
               ecep:spe="to"
               ecep:syllab="1"
               ecep:pron="tuː">to</w>
            <c> </c>
            <w xml:id="o3794-532670"
               n="306-a-1110"
               ecep:lem="spare"
               ecep:pos="vvi"
               ecep:reg="spare"
               ecep:spe="spare"
               ecep:syllab="1"
               ecep:pron="speə">spare</w>
         </l>
         <l xml:id="o3794-l29680">
            <c> </c>
            <w xml:id="o3794-532680"
               n="306-a-1120"
               ecep:lem="the"
               ecep:pos="dt"
               ecep:reg="The"
               ecep:spe="The"
               ecep:syllab="1"
               ecep:pron="ðə">The</w>
            <c> </c>
            <w xml:id="o3794-532690"
               n="306-a-1130"
               ecep:lem="man"
               ecep:pos="n1"
               ecep:reg="man"
               ecep:spe="man"
               ecep:syllab="1"
               ecep:pron="mæn">man</w>
            <c> </c>
            <w xml:id="o3794-532700"
               n="306-a-1140"
               ecep:lem="that|be"
               ecep:pos="cst|vbz"
               ecep:reg="that's"
               ecep:spe="that's"
               ecep:syllab="1"
               ecep:pron="ðæts">that's</w>
            <c> </c>
            <w xml:id="o3794-532710"
               n="306-a-1150"
               ecep:lem="strangle"
               ecep:pos="vvn"
               ecep:reg="strangled"
               ecep:spe="strangled"
               ecep:syllab="2"
               ecep:pron="ˈstræŋgld">strangled</w>
            <c> </c>
            <w xml:id="o3794-532720"
               n="306-a-1160"
               ecep:lem="by"
               ecep:pos="p-acp"
               ecep:reg="by"
               ecep:spe="by"
               ecep:syllab="1"
               ecep:pron="baɪ">by</w>
            <c> </c>
            <w xml:id="o3794-532730"
               n="306-a-1170"
               ecep:lem="a"
               ecep:pos="dt"
               ecep:reg="a"
               ecep:spe="a"
               ecep:syllab="1"
               ecep:pron="ə">a</w>
            <c> </c>
            <w xml:id="o3794-532740"
               n="306-a-1180"
               ecep:lem="hair"
               ecep:pos="n1"
               ecep:reg="hair"
               ecep:spe="hair"
               ecep:syllab="1"
               ecep:pron="heə">hair</w>
            <pc xml:id="o3794-532750"
                n="306-a-1190"
                unit="sentence"
                ecep:lem="."
                ecep:pos="."
                ecep:reg="."
                ecep:spe=".">.</pc>
            <c> </c>
         </l>
         <l xml:id="o3794-l29685">
            <w xml:id="o3794-532760"
               n="306-a-1200"
               ecep:lem="fate"
               ecep:pos="n1"
               ecep:reg="Fate"
               ecep:spe="Fate"
               ecep:syllab="1"
               ecep:pron="feɪt">Fate</w>
            <c> </c>
            <w xml:id="o3794-532770"
               n="306-a-1210"
               ecep:lem="steal"
               ecep:pos="vvz"
               ecep:reg="steals"
               ecep:spe="steals"
               ecep:syllab="1"
               ecep:pron="stiːlz">steals</w>
            <c> </c>
            <w xml:id="o3794-532780"
               n="306-a-1220"
               ecep:lem="along"
               ecep:pos="a-acp"
               ecep:reg="along"
               ecep:spe="along"
               ecep:syllab="2"
               ecep:pron="əˈlɒŋ">along</w>
            <c> </c>
            <w xml:id="o3794-532790"
               n="306-a-1230"
               ecep:lem="with"
               ecep:pos="p-acp"
               ecep:reg="with"
               ecep:spe="with"
               ecep:syllab="1"
               ecep:pron="wɪð">with</w>
            <c> </c>
            <w xml:id="o3794-532800"
               n="306-a-1240"
               ecep:lem="silent"
               ecep:pos="j"
               ecep:reg="silent"
               ecep:spe="silent"
               ecep:syllab="2"
               ecep:pron="ˈsaɪlənt">silent</w>
            <c> </c>
            <w xml:id="o3794-532810"
               n="306-a-1250"
               ecep:lem="tread"
               ecep:pos="n1"
               ecep:reg="tread"
               ecep:spe="tread"
               ecep:syllab="1"
               ecep:pron="tred">tread</w>
            <pc xml:id="o3794-532820"
                n="306-a-1260"
                ecep:lem=","
                ecep:pos=","
                ecep:reg=","
                ecep:spe=",">,</pc>
         </l>
         <l xml:id="o3794-l29690">
            <c> </c>
            <w xml:id="o3794-532830"
               n="306-a-1270"
               ecep:lem="find"
               ecep:pos="vvn"
               ecep:reg="Found"
               ecep:spe="Found"
               ecep:syllab="1"
               ecep:pron="faʊnd">Found</w>
            <c> </c>
            <w xml:id="o3794-532840"
               n="306-a-1280"
               ecep:lem="often"
               ecep:pos="av"
               ecep:reg="oftenest"
               ecep:spe="oft'nest"
               ecep:syllab="2"
               ecep:pron="ˈɒftnəst">oft'nest</w>
            <c> </c>
            <w xml:id="o3794-532850"
               n="306-a-1290"
               ecep:lem="in"
               ecep:pos="p-acp"
               ecep:reg="in"
               ecep:spe="in"
               ecep:syllab="1"
               ecep:pron="ɪn">in</w>
            <c> </c>
            <w xml:id="o3794-532860"
               n="306-a-1300"
               ecep:lem="what"
               ecep:pos="r-crq"
               ecep:reg="what"
               ecep:spe="what"
               ecep:syllab="1"
               ecep:pron="wɒt">what</w>
            <c> </c>
            <w xml:id="o3794-532870"
               n="306-a-1310"
               ecep:lem="least"
               ecep:pos="av-ds"
               ecep:reg="least"
               ecep:spe="least"
               ecep:syllab="1"
               ecep:pron="liːst">least</w>
            <c> </c>
            <w xml:id="o3794-532880"
               n="306-a-1320"
               ecep:lem="we"
               ecep:pos="pns12"
               ecep:reg="we"
               ecep:spe="we"
               ecep:syllab="1"
               ecep:pron="wiː">we</w>
            <c> </c>
            <w xml:id="o3794-532890"
               n="306-a-1330"
               ecep:lem="dread"
               ecep:pos="vvb"
               ecep:reg="dread"
               ecep:spe="dread"
               ecep:syllab="1"
               ecep:pron="dred">dread</w>
            <pc xml:id="o3794-532900"
                n="306-a-1340"
                ecep:lem=","
                ecep:pos=","
                ecep:reg=","
                ecep:spe=",">,</pc>
         </l>
         <l xml:id="o3794-l29695">
            <c> </c>
            <w xml:id="o3794-532910"
               n="306-a-1350"
               ecep:lem="frown"
               ecep:pos="n2"
               ecep:reg="Frowns"
               ecep:spe="Frowns"
               ecep:syllab="1"
               ecep:pron="fraʊnz">Frowns</w>
            <c> </c>
            <w xml:id="o3794-532920"
               n="306-a-1360"
               ecep:lem="in"
               ecep:pos="p-acp"
               ecep:reg="in"
               ecep:spe="in"
               ecep:syllab="1"
               ecep:pron="ɪn">in</w>
            <c> </c>
            <w xml:id="o3794-532930"
               n="306-a-1370"
               ecep:lem="the"
               ecep:pos="dt"
               ecep:reg="the"
               ecep:spe="the"
               ecep:syllab="1"
               ecep:pron="ðə">the</w>
            <c> </c>
            <w xml:id="o3794-532940"
               n="306-a-1380"
               ecep:lem="storm"
               ecep:pos="n1"
               ecep:reg="storm"
               ecep:spe="storm"
               ecep:syllab="1"
               ecep:pron="stɔːm">storm</w>
            <c> </c>
            <w xml:id="o3794-532950"
               n="306-a-1390"
               ecep:lem="with"
               ecep:pos="p-acp"
               ecep:reg="with"
               ecep:spe="with"
               ecep:syllab="1"
               ecep:pron="wɪð">with</w>
            <c> </c>
            <w xml:id="o3794-532960"
               n="306-a-1400"
               ecep:lem="angry"
               ecep:pos="j"
               ecep:reg="angry"
               ecep:spe="angry"
               ecep:syllab="2"
               ecep:pron="ˈæŋgrɪ">angry</w>
            <c> </c>
            <w xml:id="o3794-532970"
               n="306-a-1410"
               ecep:lem="brow"
               ecep:pos="n1"
               ecep:reg="brow"
               ecep:spe="brow"
               ecep:syllab="1"
               ecep:pron="braʊ">brow</w>
            <pc xml:id="o3794-532980"
                n="306-a-1420"
                ecep:lem=","
                ecep:pos=","
                ecep:reg=","
                ecep:spe=",">,</pc>
         </l>
         <l xml:id="o3794-l29700">
            <c> </c>
            <w xml:id="o3794-532990"
               n="306-a-1430"
               ecep:lem="but"
               ecep:pos="cc-acp"
               ecep:reg="But"
               ecep:spe="But"
               ecep:syllab="1"
               ecep:pron="bʌt">But</w>
            <c> </c>
            <w xml:id="o3794-533000"
               n="306-a-1440"
               ecep:lem="in"
               ecep:pos="p-acp"
               ecep:reg="in"
               ecep:spe="in"
               ecep:syllab="1"
               ecep:pron="ɪn">in</w>
            <c> </c>
            <w xml:id="o3794-533010"
               n="306-a-1450"
               ecep:lem="the"
               ecep:pos="dt"
               ecep:reg="the"
               ecep:spe="the"
               ecep:syllab="1"
               ecep:pron="ðə">the</w>
            <c> </c>
            <w xml:id="o3794-533020"
               n="306-a-1460"
               ecep:lem="sunshine"
               ecep:pos="n1"
               ecep:reg="sunshine"
               ecep:spe="sunshine"
               ecep:syllab="2"
               ecep:pron="ˈsʌnˌʃaɪn">sunshine</w>
            <c> </c>
            <w xml:id="o3794-533030"
               n="306-a-1470"
               ecep:lem="strike"
               ecep:pos="vvz"
               ecep:reg="strikes"
               ecep:spe="strikes"
               ecep:syllab="1"
               ecep:pron="straɪks">strikes</w>
            <c> </c>
            <w xml:id="o3794-533040"
               n="306-a-1480"
               ecep:lem="the"
               ecep:pos="dt"
               ecep:reg="the"
               ecep:spe="the"
               ecep:syllab="1"
               ecep:pron="ðə">the</w>
            <c> </c>
            <w xml:id="o3794-533050"
               n="306-a-1490"
               ecep:lem="blow"
               ecep:pos="n1"
               ecep:reg="blow"
               ecep:spe="blow"
               ecep:syllab="1"
               ecep:pron="bləʊ">blow</w>
            <pc xml:id="o3794-533060"
                n="306-a-1500"
                unit="sentence"
                ecep:lem="."
                ecep:pos="."
                ecep:reg="."
                ecep:spe=".">.</pc>
            <c> </c>
         </l>
      </lg>
   </div>
</div>
