<?xml version="1.0" encoding="UTF-8"?>
<div xmlns:tei="http://www.tei-c.org/ns/1.0"
     xmlns="http://www.tei-c.org/ns/1.0"
     xmlns:ecep="http://www.eighteenthcenturypoetry.org/ns"
     ana="#anapaest #tetrameter #quatrain #catalexis #song #pastoral #pair"
     corresp="#txt_ShenWi1714_w0006"
     ecep:syllab="12.12.12.12"
     met="--+|--+|--+|--+/              --+|--+|--+|--+/              --+|--+|--+|--+/              --+|--+|--+|--+/"
     n="1"
     rendition="#lgvspace"
     rhyme="aabb"
     subtype="eceptext"
     type="song"
     xml:id="o5155-w0930"
     decls="#semi-normalized">
   <link target="authors.xml#aut_ShenWi1714" type="author"/>
   <link target="27278" type="DMI"/>
   <head type="main">
      <seg resp="#AH">[Song] <c> </c>
      </seg>
      <w xml:id="o5155-704810"
         n="342-a-1250"
         ecep:lem="i"
         ecep:pos="pns11"
         ecep:reg="I"
         ecep:spe="I."
         ecep:syllab="1"
         ecep:pron="ˈaɪ">I.</w>
      <pc unit="sentence" xml:id="o5155-704810-eos" n="342-a-1260"/>
   </head>
   <lg xml:id="o5155-s04485">
      <l xml:id="o5155-l37720">
         <w xml:id="o5155-704840"
            n="342-a-1270"
            ecep:lem="in"
            ecep:pos="p-acp"
            ecep:reg="IN"
            ecep:spe="IN"
            ecep:syllab="1"
            ecep:pron="ɪn">IN</w>
         <c> </c>
         <w xml:id="o5155-704850"
            n="342-a-1280"
            ecep:lem="a"
            ecep:pos="dt"
            ecep:reg="a"
            ecep:spe="a"
            ecep:syllab="1"
            ecep:pron="ə">a</w>
         <c> </c>
         <w xml:id="o5155-704860"
            n="342-a-1290"
            ecep:lem="vale"
            ecep:pos="n1"
            ecep:reg="vale"
            ecep:spe="vale"
            ecep:syllab="1"
            ecep:pron="ˈvɑːleɪ">vale</w>
         <c> </c>
         <w xml:id="o5155-704870"
            n="342-a-1300"
            ecep:lem="fringe"
            ecep:pos="vvn"
            ecep:reg="fringed"
            ecep:spe="fring'd"
            ecep:syllab="1"
            ecep:pron="frɪndʒd">fring'd</w>
         <c> </c>
         <w xml:id="o5155-704880"
            n="342-a-1310"
            ecep:lem="with"
            ecep:pos="p-acp"
            ecep:reg="with"
            ecep:spe="with"
            ecep:syllab="1"
            ecep:pron="wɪð">with</w>
         <c> </c>
         <w xml:id="o5155-704890"
            n="342-a-1320"
            ecep:lem="woodland"
            ecep:pos="n1"
            ecep:reg="woodland"
            ecep:spe="woodland"
            ecep:syllab="2"
            ecep:pron="ˈwʊdlənd">woodland</w>
         <pc xml:id="o5155-704900"
             n="342-a-1330"
             ecep:lem=","
             ecep:pos=","
             ecep:reg=","
             ecep:spe=",">,</pc>
         <c> </c>
         <w xml:id="o5155-704910"
            n="342-a-1340"
            ecep:lem="where"
            ecep:pos="c-crq"
            ecep:reg="where"
            ecep:spe="where"
            ecep:syllab="1"
            ecep:pron="weə">where</w>
         <c> </c>
         <w xml:id="o5155-704920"
            n="342-a-1350"
            ecep:lem="grotto"
            ecep:pos="n2"
            ecep:reg="grottoes"
            ecep:spe="grottos"
            ecep:syllab="2"
            ecep:pron="ˈgrɒtəʊz">grottos</w>
         <c> </c>
         <w xml:id="o5155-704930"
            n="342-a-1360"
            ecep:lem="abound"
            ecep:pos="vvb"
            ecep:reg="abound"
            ecep:spe="abound"
            ecep:syllab="2"
            ecep:pron="əˈbaʊnd">abound</w>
         <pc xml:id="o5155-704940"
             n="342-a-1370"
             ecep:lem=","
             ecep:pos=","
             ecep:reg=","
             ecep:spe=",">,</pc>
      </l>
      <l xml:id="o5155-l37725">
         <w xml:id="o5155-704950"
            n="342-a-1380"
            ecep:lem="and"
            ecep:pos="cc"
            ecep:reg="And"
            ecep:spe="And"
            ecep:syllab="1"
            ecep:pron="ænd">And</w>
         <c> </c>
         <w xml:id="o5155-704960"
            n="342-a-1390"
            ecep:lem="rivulet"
            ecep:pos="n2"
            ecep:reg="rivulets"
            ecep:spe="rivulets"
            ecep:syllab="3"
            ecep:pron="ˈrɪvjələts">rivulets</w>
         <c> </c>
         <w xml:id="o5155-704970"
            n="342-a-1400"
            ecep:lem="murmur"
            ecep:pos="vvi"
            ecep:reg="murmur"
            ecep:spe="murmur"
            ecep:syllab="2"
            ecep:pron="ˈmɜːmə">murmur</w>
         <pc xml:id="o5155-704980"
             n="342-a-1410"
             ecep:lem=","
             ecep:pos=","
             ecep:reg=","
             ecep:spe=",">,</pc>
         <c> </c>
         <w xml:id="o5155-704990"
            n="342-a-1420"
            ecep:lem="and"
            ecep:pos="cc"
            ecep:reg="and"
            ecep:spe="and"
            ecep:syllab="1"
            ecep:pron="ænd">and</w>
         <c> </c>
         <w xml:id="o5155-705000"
            n="342-a-1430"
            ecep:lem="echo"
            ecep:pos="n2"
            ecep:reg="echoes"
            ecep:spe="echoes"
            ecep:syllab="2"
            ecep:pron="ˈekəʊz">echoes</w>
         <c> </c>
         <w xml:id="o5155-705010"
            n="342-a-1440"
            ecep:lem="resound"
            ecep:pos="vvb"
            ecep:reg="resound"
            ecep:spe="resound"
            ecep:syllab="2"
            ecep:pron="rɪˈzaʊnd">resound</w>
         <pc xml:id="o5155-705020"
             n="342-a-1450"
             ecep:lem=","
             ecep:pos=","
             ecep:reg=","
             ecep:spe=",">,</pc>
      </l>
      <l xml:id="o5155-l37730">
         <w xml:id="o5155-705030"
            n="342-a-1460"
            ecep:lem="i"
            ecep:pos="pns11"
            ecep:reg="I"
            ecep:spe="I"
            ecep:syllab="1"
            ecep:pron="aɪ">I</w>
         <c> </c>
         <w xml:id="o5155-705040"
            n="342-a-1470"
            ecep:lem="vow"
            ecep:pos="vvd"
            ecep:reg="vowed"
            ecep:spe="vow'd"
            ecep:syllab="1"
            ecep:pron="vaʊd">vow'd</w>
         <c> </c>
         <w xml:id="o5155-705050"
            n="342-a-1480"
            ecep:lem="to"
            ecep:pos="p-acp"
            ecep:reg="to"
            ecep:spe="to"
            ecep:syllab="1"
            ecep:pron="tuː">to</w>
         <c> </c>
         <w xml:id="o5155-705060"
            n="342-a-1490"
            ecep:lem="the"
            ecep:pos="dt"
            ecep:reg="the"
            ecep:spe="the"
            ecep:syllab="1"
            ecep:pron="ðiː">the</w>
         <c> </c>
         <w xml:id="o5155-705070"
            n="342-a-1500"
            ecep:lem="muse"
            ecep:pos="n2"
            ecep:reg="Muses"
            ecep:spe="Muses"
            ecep:syllab="2"
            ecep:pron="mjuːzɪz">Muses</w>
         <c> </c>
         <w xml:id="o5155-705080"
            n="342-a-1510"
            ecep:lem="my"
            ecep:pos="po11"
            ecep:reg="my"
            ecep:spe="my"
            ecep:syllab="1"
            ecep:pron="maɪ">my</w>
         <c> </c>
         <w xml:id="o5155-705090"
            n="342-a-1520"
            ecep:lem="time"
            ecep:pos="n1"
            ecep:reg="time"
            ecep:spe="time"
            ecep:syllab="1"
            ecep:pron="taɪm">time</w>
         <c> </c>
         <w xml:id="o5155-705100"
            n="342-a-1530"
            ecep:lem="and"
            ecep:pos="cc"
            ecep:reg="and"
            ecep:spe="and"
            ecep:syllab="1"
            ecep:pron="ænd">and</w>
         <c> </c>
         <w xml:id="o5155-705110"
            n="342-a-1540"
            ecep:lem="my"
            ecep:pos="po11"
            ecep:reg="my"
            ecep:spe="my"
            ecep:syllab="1"
            ecep:pron="maɪ">my</w>
         <c> </c>
         <w xml:id="o5155-705120"
            n="342-a-1550"
            ecep:lem="care"
            ecep:pos="n1"
            ecep:reg="care"
            ecep:spe="care"
            ecep:syllab="1"
            ecep:pron="keə">care</w>
         <pc xml:id="o5155-705130"
             n="342-a-1560"
             ecep:lem=";"
             ecep:pos=";"
             ecep:reg=";"
             ecep:spe=";">;</pc>
      </l>
      <l xml:id="o5155-l37735">
         <w xml:id="o5155-705140"
            n="342-a-1570"
            ecep:lem="since"
            ecep:pos="c-acp"
            ecep:reg="Since"
            ecep:spe="Since"
            ecep:syllab="1"
            ecep:pron="sɪns">Since</w>
         <c> </c>
         <w xml:id="o5155-705150"
            n="342-a-1580"
            ecep:lem="neither"
            ecep:pos="dx"
            ecep:reg="neither"
            ecep:spe="neither"
            ecep:syllab="2"
            ecep:pron="ˈnaɪðə">neither</w>
         <c> </c>
         <w xml:id="o5155-705160"
            n="342-a-1590"
            ecep:lem="can"
            ecep:pos="vmd"
            ecep:reg="could"
            ecep:spe="could"
            ecep:syllab="1"
            ecep:pron="kʊd">could</w>
         <c> </c>
         <w xml:id="o5155-705170"
            n="342-a-1600"
            ecep:lem="win"
            ecep:pos="vvi"
            ecep:reg="win"
            ecep:spe="win"
            ecep:syllab="1"
            ecep:pron="wɪn">win</w>
         <c> </c>
         <w xml:id="o5155-705180"
            n="342-a-1610"
            ecep:lem="i"
            ecep:pos="pno11"
            ecep:reg="me"
            ecep:spe="me"
            ecep:syllab="1"
            ecep:pron="miː">me</w>
         <c> </c>
         <w xml:id="o5155-705190"
            n="342-a-1620"
            ecep:lem="the"
            ecep:pos="dt"
            ecep:reg="the"
            ecep:spe="the"
            ecep:syllab="1"
            ecep:pron="ðiː">the</w>
         <c> </c>
         <w xml:id="o5155-705200"
            n="342-a-1630"
            ecep:lem="smile"
            ecep:pos="n2"
            ecep:reg="smiles"
            ecep:spe="smiles"
            ecep:syllab="1"
            ecep:pron="smaɪlz">smiles</w>
         <c> </c>
         <w xml:id="o5155-705210"
            n="342-a-1640"
            ecep:lem="of"
            ecep:pos="pp-f"
            ecep:reg="of"
            ecep:spe="of"
            ecep:syllab="1"
            ecep:pron="ɒv">of</w>
         <c> </c>
         <w xml:id="o5155-705220"
            n="342-a-1650"
            ecep:lem="my"
            ecep:pos="po11"
            ecep:reg="my"
            ecep:spe="my"
            ecep:syllab="1"
            ecep:pron="maɪ">my</w>
         <c> </c>
         <w xml:id="o5155-705230"
            n="342-a-1660"
            ecep:lem="fair"
            ecep:pos="j"
            ecep:reg="fair"
            ecep:spe="fair"
            ecep:syllab="1"
            ecep:pron="feə">fair</w>
         <pc xml:id="o5155-705240"
             n="342-a-1670"
             unit="sentence"
             ecep:lem="."
             ecep:pos="."
             ecep:reg="."
             ecep:spe=".">.</pc>
      </l>
   </lg>
   <lg xml:id="o5155-s04490">
      <pb facs="o5155/0346_R" n="341" rend="none"/>
      <l xml:id="o5155-l37740">
         <w xml:id="o5155-705270"
            n="343-a-0010"
            ecep:lem="as"
            ecep:pos="p-acp"
            ecep:reg="As"
            ecep:spe="As"
            ecep:syllab="1"
            ecep:pron="æz">As</w>
         <c> </c>
         <w xml:id="o5155-705280"
            n="343-a-0020"
            ecep:lem="freedom"
            ecep:pos="n1"
            ecep:reg="freedom"
            ecep:spe="freedom"
            ecep:syllab="2"
            ecep:pron="ˈfriːdəm">freedom</w>
         <c> </c>
         <w xml:id="o5155-705290"
            n="343-a-0030"
            ecep:lem="inspire"
            ecep:pos="vvd"
            ecep:reg="inspired"
            ecep:spe="inspir'd"
            ecep:syllab="2"
            ecep:pron="ɪnˈspæəd">inspir'd</w>
         <c> </c>
         <w xml:id="o5155-705300"
            n="343-a-0040"
            ecep:lem="i"
            ecep:pos="pno11"
            ecep:reg="me"
            ecep:spe="me"
            ecep:syllab="1"
            ecep:pron="miː">me</w>
         <pc xml:id="o5155-705310"
             n="343-a-0050"
             ecep:lem=","
             ecep:pos=","
             ecep:reg=","
             ecep:spe=",">,</pc>
         <c> </c>
         <w xml:id="o5155-705320"
            n="343-a-0060"
            ecep:lem="i"
            ecep:pos="pns11"
            ecep:reg="I"
            ecep:spe="I"
            ecep:syllab="1"
            ecep:pron="aɪ">I</w>
         <c> </c>
         <w xml:id="o5155-705330"
            n="343-a-0070"
            ecep:lem="range"
            ecep:pos="vvd"
            ecep:reg="ranged"
            ecep:spe="rang'd"
            ecep:syllab="1"
            ecep:pron="reɪndʒd">rang'd</w>
         <c> </c>
         <w xml:id="o5155-705340"
            n="343-a-0080"
            ecep:lem="and"
            ecep:pos="cc"
            ecep:reg="and"
            ecep:spe="and"
            ecep:syllab="1"
            ecep:pron="ænd">and</w>
         <c> </c>
         <w xml:id="o5155-705350"
            n="343-a-0090"
            ecep:lem="i"
            ecep:pos="pns11"
            ecep:reg="I"
            ecep:spe="I"
            ecep:syllab="1"
            ecep:pron="aɪ">I</w>
         <c> </c>
         <w xml:id="o5155-705360"
            n="343-a-0100"
            ecep:lem="sing"
            ecep:pos="vvd"
            ecep:reg="sung"
            ecep:spe="sung"
            ecep:syllab="1"
            ecep:pron="sʌŋ">sung</w>
         <pc xml:id="o5155-705370"
             n="343-a-0110"
             ecep:lem=";"
             ecep:pos=";"
             ecep:reg=";"
             ecep:spe=";">;</pc>
      </l>
      <l xml:id="o5155-l37745">
         <w xml:id="o5155-705380"
            n="343-a-0120"
            ecep:lem="and"
            ecep:pos="cc"
            ecep:reg="And"
            ecep:spe="And"
            ecep:syllab="1"
            ecep:pron="ænd">And</w>
         <c> </c>
         <w xml:id="o5155-705390"
            n="343-a-0130"
            ecep:lem="daphne"
            ecep:pos="npg1"
            ecep:reg="Daphne's"
            ecep:spe="Daphne's"
            ecep:syllab="2"
            ecep:pron="ˈdæfniz">Daphne's</w>
         <c> </c>
         <w xml:id="o5155-705400"
            n="343-a-0140"
            ecep:lem="dear"
            ecep:pos="j-jn"
            ecep:reg="dear"
            ecep:spe="dear"
            ecep:syllab="1"
            ecep:pron="dɪə">dear</w>
         <c> </c>
         <w xml:id="o5155-705410"
            n="343-a-0150"
            ecep:lem="name"
            ecep:pos="n1"
            ecep:reg="name"
            ecep:spe="name"
            ecep:syllab="1"
            ecep:pron="neɪm">name</w>
         <c> </c>
         <w xml:id="o5155-705420"
            n="343-a-0160"
            ecep:lem="never"
            ecep:pos="av-x"
            ecep:reg="never"
            ecep:spe="never"
            ecep:syllab="2"
            ecep:pron="ˈnevə">never</w>
         <c> </c>
         <w xml:id="o5155-705430"
            n="343-a-0170"
            ecep:lem="fall"
            ecep:pos="vvd"
            ecep:reg="fell"
            ecep:spe="fell"
            ecep:syllab="1"
            ecep:pron="fel">fell</w>
         <c> </c>
         <w xml:id="o5155-705440"
            n="343-a-0180"
            ecep:lem="from"
            ecep:pos="p-acp"
            ecep:reg="from"
            ecep:spe="from"
            ecep:syllab="1"
            ecep:pron="frɒm">from</w>
         <c> </c>
         <w xml:id="o5155-705450"
            n="343-a-0190"
            ecep:lem="my"
            ecep:pos="po11"
            ecep:reg="my"
            ecep:spe="my"
            ecep:syllab="1"
            ecep:pron="maɪ">my</w>
         <c> </c>
         <w xml:id="o5155-705460"
            n="343-a-0200"
            ecep:lem="tongue"
            ecep:pos="n1"
            ecep:reg="tongue"
            ecep:spe="tongue"
            ecep:syllab="1"
            ecep:pron="tʌŋ">tongue</w>
      </l>
      <l xml:id="o5155-l37750">
         <w xml:id="o5155-705470"
            n="343-a-0210"
            ecep:lem="and"
            ecep:pos="cc"
            ecep:reg="And"
            ecep:spe="And"
            ecep:syllab="1"
            ecep:pron="ænd">And</w>
         <c> </c>
         <w xml:id="o5155-705480"
            n="343-a-0220"
            ecep:lem="if"
            ecep:pos="cs"
            ecep:reg="if"
            ecep:spe="if"
            ecep:syllab="1"
            ecep:pron="ɪf">if</w>
         <c> </c>
         <w xml:id="o5155-705490"
            n="343-a-0230"
            ecep:lem="once"
            ecep:pos="a-acp"
            ecep:reg="once"
            ecep:spe="once"
            ecep:syllab="1"
            ecep:pron="wʌns">once</w>
         <c> </c>
         <w xml:id="o5155-705500"
            n="343-a-0240"
            ecep:lem="a"
            ecep:pos="dt"
            ecep:reg="a"
            ecep:spe="a"
            ecep:syllab="1"
            ecep:pron="ə">a</w>
         <c> </c>
         <w xml:id="o5155-705510"
            n="343-a-0250"
            ecep:lem="smooth"
            ecep:pos="j"
            ecep:reg="smooth"
            ecep:spe="smooth"
            ecep:syllab="1"
            ecep:pron="smuːð">smooth</w>
         <c> </c>
         <w xml:id="o5155-705520"
            n="343-a-0260"
            ecep:lem="accent"
            ecep:pos="n1"
            ecep:reg="accent"
            ecep:spe="accent"
            ecep:syllab="2"
            ecep:pron="ˈæksnt">accent</w>
         <c> </c>
         <w xml:id="o5155-705530"
            n="343-a-0270"
            ecep:lem="delight"
            ecep:pos="vvn"
            ecep:reg="delighted"
            ecep:spe="delighted"
            ecep:syllab="3"
            ecep:pron="dɪˈlaɪtɪd">delighted</w>
         <c> </c>
         <w xml:id="o5155-705540"
            n="343-a-0280"
            ecep:lem="my"
            ecep:pos="po11"
            ecep:reg="my"
            ecep:spe="my"
            ecep:syllab="1"
            ecep:pron="maɪ">my</w>
         <c> </c>
         <w xml:id="o5155-705550"
            n="343-a-0290"
            ecep:lem="ear"
            ecep:pos="n1"
            ecep:reg="ear"
            ecep:spe="ear"
            ecep:syllab="1"
            ecep:pron="ɪə">ear</w>
         <pc xml:id="o5155-705560"
             n="343-a-0300"
             ecep:lem=","
             ecep:pos=","
             ecep:reg=","
             ecep:spe=",">,</pc>
      </l>
      <l xml:id="o5155-l37755">
         <w xml:id="o5155-705570"
            n="343-a-0310"
            ecep:lem="i"
            ecep:pos="pns11"
            ecep:reg="I"
            ecep:spe="I"
            ecep:syllab="1"
            ecep:pron="aɪ">I</w>
         <c> </c>
         <w xml:id="o5155-705580"
            n="343-a-0320"
            ecep:lem="shall"
            ecep:pos="vmd"
            ecep:reg="should"
            ecep:spe="should"
            ecep:syllab="1"
            ecep:pron="ʃʊd">should</w>
         <c> </c>
         <w xml:id="o5155-705590"
            n="343-a-0330"
            ecep:lem="wish"
            ecep:pos="vvi"
            ecep:reg="wish"
            ecep:spe="wish"
            ecep:syllab="1"
            ecep:pron="wɪʃ">wish</w>
         <pc xml:id="o5155-705600"
             n="343-a-0340"
             ecep:lem=","
             ecep:pos=","
             ecep:reg=","
             ecep:spe=",">,</pc>
         <c> </c>
         <w xml:id="o5155-705610"
            n="343-a-0350"
            ecep:lem="unaware"
            ecep:pos="av-j"
            ecep:reg="unawares"
            ecep:spe="unawares"
            ecep:syllab="3"
            ecep:pron="ˌʌnəˈweəz">unawares</w>
         <pc xml:id="o5155-705620"
             n="343-a-0360"
             ecep:lem=","
             ecep:pos=","
             ecep:reg=","
             ecep:spe=",">,</pc>
         <c> </c>
         <w xml:id="o5155-705630"
            n="343-a-0370"
            ecep:lem="that"
            ecep:pos="cst"
            ecep:reg="that"
            ecep:spe="that"
            ecep:syllab="1"
            ecep:pron="ðæt">that</w>
         <c> </c>
         <w xml:id="o5155-705640"
            n="343-a-0380"
            ecep:lem="my"
            ecep:pos="po11"
            ecep:reg="my"
            ecep:spe="my"
            ecep:syllab="1"
            ecep:pron="maɪ">my</w>
         <c> </c>
         <w xml:id="o5155-705650"
            n="343-a-0390"
            ecep:lem="Daphne"
            ecep:pos="np1"
            ecep:reg="Daphne"
            ecep:spe="Daphne"
            ecep:syllab="2"
            ecep:pron="ˈdæfni">Daphne</w>
         <c> </c>
         <w xml:id="o5155-705660"
            n="343-a-0400"
            ecep:lem="may"
            ecep:pos="vmd"
            ecep:reg="might"
            ecep:spe="might"
            ecep:syllab="1"
            ecep:pron="maɪt">might</w>
         <c> </c>
         <w xml:id="o5155-705670"
            n="343-a-0410"
            ecep:lem="hear"
            ecep:pos="vvi"
            ecep:reg="hear"
            ecep:spe="hear"
            ecep:syllab="1"
            ecep:pron="hɪə">hear</w>
      </l>
   </lg>
   <lg xml:id="o5155-s04495">
      <l xml:id="o5155-l37760">
         <w xml:id="o5155-705700"
            n="343-a-0420"
            ecep:lem="with"
            ecep:pos="p-acp"
            ecep:reg="With"
            ecep:spe="With"
            ecep:syllab="1"
            ecep:pron="wɪð">With</w>
         <c> </c>
         <w xml:id="o5155-705710"
            n="343-a-0430"
            ecep:lem="fair"
            ecep:pos="js"
            ecep:reg="fairest"
            ecep:spe="fairest"
            ecep:syllab="2"
            ecep:pron="feəɪst">fairest</w>
         <c> </c>
         <w xml:id="o5155-705720"
            n="343-a-0440"
            ecep:lem="idea"
            ecep:pos="n2"
            ecep:reg="ideas"
            ecep:spe="ideas"
            ecep:syllab="2"
            ecep:pron="aɪˈdɪəz">ideas</w>
         <c> </c>
         <w xml:id="o5155-705730"
            n="343-a-0450"
            ecep:lem="my"
            ecep:pos="po11"
            ecep:reg="my"
            ecep:spe="my"
            ecep:syllab="1"
            ecep:pron="maɪ">my</w>
         <c> </c>
         <w xml:id="o5155-705740"
            n="343-a-0460"
            ecep:lem="bosom"
            ecep:pos="n1"
            ecep:reg="bosom"
            ecep:spe="bosom"
            ecep:syllab="2"
            ecep:pron="ˈbʊzm">bosom</w>
         <c> </c>
         <w xml:id="o5155-705750"
            n="343-a-0470"
            ecep:lem="i"
            ecep:pos="pns11"
            ecep:reg="I"
            ecep:spe="I"
            ecep:syllab="1"
            ecep:pron="aɪ">I</w>
         <c> </c>
         <w xml:id="o5155-705760"
            n="343-a-0480"
            ecep:lem="store"
            ecep:pos="vvd"
            ecep:reg="stored"
            ecep:spe="stor'd"
            ecep:syllab="1"
            ecep:pron="stɔːd">stor'd</w>
         <pc xml:id="o5155-705770"
             n="343-a-0490"
             ecep:lem=";"
             ecep:pos=";"
             ecep:reg=";"
             ecep:spe=";">;</pc>
      </l>
      <l xml:id="o5155-l37765">
         <w xml:id="o5155-705780"
            n="343-a-0500"
            ecep:lem="allusion"
            ecep:pos="n2"
            ecep:reg="Allusions"
            ecep:spe="Allusions"
            ecep:syllab="3"
            ecep:pron="əˈluːʒnz">Allusions</w>
         <c> </c>
         <w xml:id="o5155-705790"
            n="343-a-0510"
            ecep:lem="to"
            ecep:pos="p-acp"
            ecep:reg="to"
            ecep:spe="to"
            ecep:syllab="1"
            ecep:pron="tuː">to</w>
         <c> </c>
         <w xml:id="o5155-705800"
            n="343-a-0520"
            ecep:lem="none"
            ecep:pos="pix"
            ecep:reg="none"
            ecep:spe="none"
            ecep:syllab="1"
            ecep:pron="nəʊn">none</w>
         <c> </c>
         <w xml:id="o5155-705810"
            n="343-a-0530"
            ecep:lem="but"
            ecep:pos="cc-acp"
            ecep:reg="but"
            ecep:spe="but"
            ecep:syllab="1"
            ecep:pron="bʌt">but</w>
         <c> </c>
         <w xml:id="o5155-705820"
            n="343-a-0540"
            ecep:lem="the"
            ecep:pos="dt"
            ecep:reg="the"
            ecep:spe="the"
            ecep:syllab="1"
            ecep:pron="ðiː">the</w>
         <c> </c>
         <w xml:id="o5155-705830"
            n="343-a-0550"
            ecep:lem="nymph"
            ecep:pos="n1"
            ecep:reg="nymph"
            ecep:spe="nymph"
            ecep:syllab="1"
            ecep:pron="nɪmf">nymph</w>
         <c> </c>
         <w xml:id="o5155-705840"
            n="343-a-0560"
            ecep:lem="i"
            ecep:pos="pns11"
            ecep:reg="I"
            ecep:spe="I"
            ecep:syllab="1"
            ecep:pron="aɪ">I</w>
         <c> </c>
         <w xml:id="o5155-705850"
            n="343-a-0570"
            ecep:lem="adore"
            ecep:pos="vvd"
            ecep:reg="adored"
            ecep:spe="ador'd"
            ecep:syllab="2"
            ecep:pron="əˈdɔːd">ador'd</w>
         <pc xml:id="o5155-705860"
             n="343-a-0580"
             ecep:lem=";"
             ecep:pos=";"
             ecep:reg=";"
             ecep:spe=";">;</pc>
      </l>
      <l xml:id="o5155-l37770">
         <w xml:id="o5155-705870"
            n="343-a-0590"
            ecep:lem="and"
            ecep:pos="cc"
            ecep:reg="And"
            ecep:spe="And"
            ecep:syllab="1"
            ecep:pron="ænd">And</w>
         <c> </c>
         <w xml:id="o5155-705880"
            n="343-a-0600"
            ecep:lem="the"
            ecep:pos="dt"
            ecep:reg="the"
            ecep:spe="the"
            ecep:syllab="1"
            ecep:pron="ðiː">the</w>
         <c> </c>
         <w xml:id="o5155-705890"
            n="343-a-0610"
            ecep:lem="more"
            ecep:pos="av-dc"
            ecep:reg="more"
            ecep:spe="more"
            ecep:syllab="1"
            ecep:pron="mɔː">more</w>
         <c> </c>
         <w xml:id="o5155-705900"
            n="343-a-0620"
            ecep:lem="i"
            ecep:pos="pns11"
            ecep:reg="I"
            ecep:spe="I"
            ecep:syllab="1"
            ecep:pron="aɪ">I</w>
         <c> </c>
         <w xml:id="o5155-705910"
            n="343-a-0630"
            ecep:lem="with"
            ecep:pos="p-acp"
            ecep:reg="with"
            ecep:spe="with"
            ecep:syllab="1"
            ecep:pron="wɪð">with</w>
         <c> </c>
         <w xml:id="o5155-705920"
            n="343-a-0640"
            ecep:lem="study"
            ecep:pos="vvi"
            ecep:reg="study"
            ecep:spe="study"
            ecep:syllab="2"
            ecep:pron="ˈstʌdi">study</w>
         <c> </c>
         <w xml:id="o5155-705930"
            n="343-a-0650"
            ecep:lem="my"
            ecep:pos="po11"
            ecep:reg="my"
            ecep:spe="my"
            ecep:syllab="1"
            ecep:pron="maɪ">my</w>
         <c> </c>
         <w xml:id="o5155-705940"
            n="343-a-0660"
            ecep:lem="fancy"
            ecep:pos="n1"
            ecep:reg="fancy"
            ecep:spe="fancy"
            ecep:syllab="2"
            ecep:pron="ˈfænsi">fancy</w>
         <c> </c>
         <w xml:id="o5155-705950"
            n="343-a-0670"
            ecep:lem="refine"
            ecep:pos="vvd"
            ecep:reg="refined"
            ecep:spe="refin'd"
            ecep:syllab="2"
            ecep:pron="rɪˈfaɪnd">refin'd</w>
         <pc xml:id="o5155-705960"
             n="343-a-0680"
             ecep:lem=","
             ecep:pos=","
             ecep:reg=","
             ecep:spe=",">,</pc>
      </l>
      <l xml:id="o5155-l37775">
         <w xml:id="o5155-705970"
            n="343-a-0690"
            ecep:lem="the"
            ecep:pos="dt"
            ecep:reg="The"
            ecep:spe="The"
            ecep:syllab="1"
            ecep:pron="ðiː">The</w>
         <c> </c>
         <w xml:id="o5155-705980"
            n="343-a-0700"
            ecep:lem="deep"
            ecep:pos="jc-jn"
            ecep:reg="deeper"
            ecep:spe="deeper"
            ecep:syllab="2"
            ecep:pron="diːpə">deeper</w>
         <c> </c>
         <w xml:id="o5155-705990"
            n="343-a-0710"
            ecep:lem="impression"
            ecep:pos="n2"
            ecep:reg="impressions"
            ecep:spe="impressions"
            ecep:syllab="3"
            ecep:pron="ɪmˈpreʃnz">impressions</w>
         <c> </c>
         <w xml:id="o5155-706000"
            n="343-a-0720"
            ecep:lem="she"
            ecep:pos="pns31"
            ecep:reg="she"
            ecep:spe="she"
            ecep:syllab="1"
            ecep:pron="ʃiː">she</w>
         <c> </c>
         <w xml:id="o5155-706010"
            n="343-a-0730"
            ecep:lem="make"
            ecep:pos="vvd"
            ecep:reg="made"
            ecep:spe="made"
            ecep:syllab="1"
            ecep:pron="meɪd">made</w>
         <c> </c>
         <w xml:id="o5155-706020"
            n="343-a-0740"
            ecep:lem="on"
            ecep:pos="p-acp"
            ecep:reg="on"
            ecep:spe="on"
            ecep:syllab="1"
            ecep:pron="ɒn">on</w>
         <c> </c>
         <w xml:id="o5155-706030"
            n="343-a-0750"
            ecep:lem="my"
            ecep:pos="po11"
            ecep:reg="my"
            ecep:spe="my"
            ecep:syllab="1"
            ecep:pron="maɪ">my</w>
         <c> </c>
         <w xml:id="o5155-706040"
            n="343-a-0760"
            ecep:lem="mind"
            ecep:pos="n1"
            ecep:reg="mind"
            ecep:spe="mind"
            ecep:syllab="1"
            ecep:pron="maɪnd">mind</w>
         <pc xml:id="o5155-706050"
             n="343-a-0770"
             unit="sentence"
             ecep:lem="."
             ecep:pos="."
             ecep:reg="."
             ecep:spe=".">.</pc>
      </l>
   </lg>
   <lg xml:id="o5155-s04500">
      <l xml:id="o5155-l37780">
         <w xml:id="o5155-706080"
            n="343-a-0780"
            ecep:lem="ah"
            ecep:pos="uh"
            ecep:reg="Ah"
            ecep:spe="Ah"
            ecep:syllab="1"
            ecep:pron="ɑː">Ah</w>
         <pc xml:id="o5155-706081"
             n="343-a-0781"
             ecep:lem="!"
             ecep:pos="!"
             ecep:reg="!"
             ecep:spe="!">!</pc>
         <c> </c>
         <w xml:id="o5155-706090"
            n="343-a-0790"
            ecep:lem="while"
            ecep:pos="cs"
            ecep:reg="while"
            ecep:spe="whilst"
            ecep:syllab="1"
            ecep:pron="waɪlst">whilst</w>
         <c> </c>
         <w xml:id="o5155-706100"
            n="343-a-0800"
            ecep:lem="i"
            ecep:pos="pns11"
            ecep:reg="I"
            ecep:spe="I"
            ecep:syllab="1"
            ecep:pron="aɪ">I</w>
         <c> </c>
         <w xml:id="o5155-706110"
            n="343-a-0810"
            ecep:lem="the"
            ecep:pos="dt"
            ecep:reg="the"
            ecep:spe="the"
            ecep:syllab="1"
            ecep:pron="ðiː">the</w>
         <c> </c>
         <w xml:id="o5155-706120"
            n="343-a-0820"
            ecep:lem="beauty"
            ecep:pos="n2"
            ecep:reg="beauties"
            ecep:spe="beauties"
            ecep:syllab="2"
            ecep:pron="ˈbjuːtiz">beauties</w>
         <c> </c>
         <w xml:id="o5155-706130"
            n="343-a-0830"
            ecep:lem="of"
            ecep:pos="pp-f"
            ecep:reg="of"
            ecep:spe="of"
            ecep:syllab="1"
            ecep:pron="ɒv">of</w>
         <c> </c>
         <w xml:id="o5155-706140"
            n="343-a-0840"
            ecep:lem="nature"
            ecep:pos="n1"
            ecep:reg="nature"
            ecep:spe="nature"
            ecep:syllab="2"
            ecep:pron="ˈneɪtʃə">nature</w>
         <c> </c>
         <w xml:id="o5155-706150"
            n="343-a-0850"
            ecep:lem="pursue"
            ecep:pos="vvi"
            ecep:reg="pursue"
            ecep:spe="pursue"
            ecep:syllab="2"
            ecep:pron="pəˈsjuː">pursue</w>
         <pc xml:id="o5155-706160"
             n="343-a-0860"
             ecep:lem=","
             ecep:pos=","
             ecep:reg=","
             ecep:spe=",">,</pc>
      </l>
      <l xml:id="o5155-l37785">
         <w xml:id="o5155-706170"
            n="343-a-0870"
            ecep:lem="i"
            ecep:pos="pns11"
            ecep:reg="I"
            ecep:spe="I"
            ecep:syllab="1"
            ecep:pron="aɪ">I</w>
         <c> </c>
         <w xml:id="o5155-706180"
            n="343-a-0880"
            ecep:lem="still"
            ecep:pos="av"
            ecep:reg="still"
            ecep:spe="still"
            ecep:syllab="1"
            ecep:pron="stɪl">still</w>
         <c> </c>
         <w xml:id="o5155-706190"
            n="343-a-0890"
            ecep:lem="must"
            ecep:pos="vmb"
            ecep:reg="must"
            ecep:spe="must"
            ecep:syllab="1"
            ecep:pron="mʌst">must</w>
         <c> </c>
         <w xml:id="o5155-706200"
            n="343-a-0900"
            ecep:lem="my"
            ecep:pos="po11"
            ecep:reg="my"
            ecep:spe="my"
            ecep:syllab="1"
            ecep:pron="maɪ">my</w>
         <c> </c>
         <w xml:id="o5155-706210"
            n="343-a-0910"
            ecep:lem="daphne"
            ecep:pos="npg1"
            ecep:reg="Daphne's"
            ecep:spe="Daphne's"
            ecep:syllab="2"
            ecep:pron="ˈdæfniz">Daphne's</w>
         <c> </c>
         <w xml:id="o5155-706220"
            n="343-a-0920"
            ecep:lem="fair"
            ecep:pos="j"
            ecep:reg="fair"
            ecep:spe="fair"
            ecep:syllab="1"
            ecep:pron="feə">fair</w>
         <c> </c>
         <w xml:id="o5155-706230"
            n="343-a-0930"
            ecep:lem="image"
            ecep:pos="n1"
            ecep:reg="image"
            ecep:spe="image"
            ecep:syllab="2"
            ecep:pron="ˈɪmɪdʒ">image</w>
         <c> </c>
         <w xml:id="o5155-706240"
            n="343-a-0940"
            ecep:lem="renew"
            ecep:pos="vvi"
            ecep:reg="renew"
            ecep:spe="renew"
            ecep:syllab="2"
            ecep:pron="rɪˈnjuː">renew</w>
         <pc xml:id="o5155-706250"
             n="343-a-0950"
             ecep:lem=":"
             ecep:pos=":"
             ecep:reg=":"
             ecep:spe=":">:</pc>
      </l>
      <l xml:id="o5155-l37790">
         <w xml:id="o5155-706260"
            n="343-a-0960"
            ecep:lem="the"
            ecep:pos="dt"
            ecep:reg="The"
            ecep:spe="The"
            ecep:syllab="1"
            ecep:pron="ðiː">The</w>
         <c> </c>
         <w xml:id="o5155-706270"
            n="343-a-0970"
            ecep:lem="grace"
            ecep:pos="n2"
            ecep:reg="Graces"
            ecep:spe="Graces"
            ecep:syllab="2"
            ecep:pron="greɪsɪz">Graces</w>
         <c> </c>
         <w xml:id="o5155-706280"
            n="343-a-0980"
            ecep:lem="have"
            ecep:pos="vhb"
            ecep:reg="have"
            ecep:spe="have"
            ecep:syllab="1"
            ecep:pron="hæv">have</w>
         <c> </c>
         <w xml:id="o5155-706290"
            n="343-a-0990"
            ecep:lem="choose"
            ecep:pos="vvn"
            ecep:reg="chosen"
            ecep:spe="chosen"
            ecep:syllab="2"
            ecep:pron="ˈtʃəʊzn">chosen</w>
         <c> </c>
         <w xml:id="o5155-706300"
            n="343-a-1000"
            ecep:lem="with"
            ecep:pos="p-acp"
            ecep:reg="with"
            ecep:spe="with"
            ecep:syllab="1"
            ecep:pron="wɪð">with</w>
         <c> </c>
         <w xml:id="o5155-706310"
            n="343-a-1010"
            ecep:lem="Daphne"
            ecep:pos="np1"
            ecep:reg="Daphne"
            ecep:spe="Daphne"
            ecep:syllab="2"
            ecep:pron="ˈdæfni">Daphne</w>
         <c> </c>
         <w xml:id="o5155-706320"
            n="343-a-1020"
            ecep:lem="to"
            ecep:pos="pc-acp"
            ecep:reg="to"
            ecep:spe="to"
            ecep:syllab="1"
            ecep:pron="tuː">to</w>
         <c> </c>
         <w xml:id="o5155-706330"
            n="343-a-1030"
            ecep:lem="rove"
            ecep:pos="vvi"
            ecep:reg="rove"
            ecep:spe="rove"
            ecep:syllab="1"
            ecep:pron="rəʊv">rove</w>
         <pc xml:id="o5155-706340"
             n="343-a-1040"
             ecep:lem=","
             ecep:pos=","
             ecep:reg=","
             ecep:spe=",">,</pc>
      </l>
      <l xml:id="o5155-l37795">
         <w xml:id="o5155-706350"
            n="343-a-1050"
            ecep:lem="and"
            ecep:pos="cc"
            ecep:reg="And"
            ecep:spe="And"
            ecep:syllab="1"
            ecep:pron="ænd">And</w>
         <c> </c>
         <w xml:id="o5155-706360"
            n="343-a-1060"
            ecep:lem="the"
            ecep:pos="dt"
            ecep:reg="the"
            ecep:spe="the"
            ecep:syllab="1"
            ecep:pron="ðiː">the</w>
         <c> </c>
         <w xml:id="o5155-706370"
            n="343-a-1070"
            ecep:lem="muse"
            ecep:pos="n2"
            ecep:reg="Muses"
            ecep:spe="Muses"
            ecep:syllab="2"
            ecep:pron="mjuːzɪz">Muses</w>
         <c> </c>
         <w xml:id="o5155-706380"
            n="343-a-1080"
            ecep:lem="be"
            ecep:pos="vbr"
            ecep:reg="are"
            ecep:spe="are"
            ecep:syllab="1"
            ecep:pron="ɑː">are</w>
         <c> </c>
         <w xml:id="o5155-706390"
            n="343-a-1090"
            ecep:lem="all"
            ecep:pos="d"
            ecep:reg="all"
            ecep:spe="all"
            ecep:syllab="1"
            ecep:pron="ɔːl">all</w>
         <c> </c>
         <w xml:id="o5155-706400"
            n="343-a-1100"
            ecep:lem="in"
            ecep:pos="p-acp"
            ecep:reg="in"
            ecep:spe="in"
            ecep:syllab="1"
            ecep:pron="ɪn">in</w>
         <c> </c>
         <w xml:id="o5155-706410"
            n="343-a-1110"
            ecep:lem="alliance"
            ecep:pos="n1"
            ecep:reg="alliance"
            ecep:spe="alliance"
            ecep:syllab="3"
            ecep:pron="əˈlaɪəns">alliance</w>
         <c> </c>
         <w xml:id="o5155-706420"
            n="343-a-1120"
            ecep:lem="with"
            ecep:pos="p-acp"
            ecep:reg="with"
            ecep:spe="with"
            ecep:syllab="1"
            ecep:pron="wɪð">with</w>
         <c> </c>
         <w xml:id="o5155-706430"
            n="343-a-1130"
            ecep:lem="love"
            ecep:pos="n1"
            ecep:reg="Love"
            ecep:spe="Love"
            ecep:syllab="1"
            ecep:pron="lʌv">Love</w>
         <pc xml:id="o5155-706440"
             n="343-a-1140"
             unit="sentence"
             ecep:lem="."
             ecep:pos="."
             ecep:reg="."
             ecep:spe=".">.</pc>
      </l>
   </lg>
</div>
