<?xml version="1.0" encoding="UTF-8"?>
<?xml-model href="../tei_all.rnc" type="application/relax-ng-compact-syntax"?>
<TEI xmlns="http://www.tei-c.org/ns/1.0">
   <teiHeader>
      <fileDesc>
         <titleStmt>
            <title corresp="#txt_LennCh1730_w0030">In Answer to Consolatory Verses wrote by a Friend.</title>
            <author corresp="authors.xml#aut_LennCh1730">Charlotte Lennox (née Ramsay)</author>
            <respStmt>
               <name xml:id="AH">Alexander Huber</name>
               <resp>Editor</resp>
            </respStmt>
            <funder>
               <name type="institution" xml:id="BOD">Bodleian Libraries, University of Oxford</name>
               <address>
                  <addrLine>Broad Street</addrLine>
                  <addrLine>Oxford OX1 3BG</addrLine>
                  <addrLine>UK</addrLine>
               </address>
            </funder>
         </titleStmt>
         <publicationStmt>
            <publisher xml:id="ECPA">Eighteenth-Century Poetry Archive</publisher>
            <address>
               <addrLine>Taylor Institution Library</addrLine>
               <addrLine>St Giles'</addrLine>
               <addrLine>Oxford OX1 3NA</addrLine>
               <addrLine>UK</addrLine>
               <addrLine>
                  <email>info@eighteenthcenturypoetry.org</email>
               </addrLine>
               <addrLine>
                  <ref target="https://www.eighteenthcenturypoetry.org/">https://www.eighteenthcenturypoetry.org/</ref>
               </addrLine>
            </address>
            <pubPlace>Oxford</pubPlace>
            <availability status="restricted">
               <licence target="http://creativecommons.org/licenses/by-sa/3.0/">This work is licensed under a Creative Commons Attribution-ShareAlike 3.0 Unported License.</licence>
            </availability>
            <idno type="ESTC">T139692</idno>
            <idno type="TCP">K110146.000</idno>
         </publicationStmt>
         <sourceDesc>
            <bibl>
               <author>Lennox, Charlotte, ca. 1729-1804.</author>
               <title>Poems on Several Occasions. Written by a Young Lady.</title>
               <pubPlace>London</pubPlace>
               <publisher>printed for, and sold by S. Paterson</publisher>
               <date>1747</date>
               <biblScope>p. 85.</biblScope>
               <extent>[8],88p.; 8⁰.</extent>
            </bibl>
         </sourceDesc>
      </fileDesc>
      <encodingDesc>
         <projectDesc>
            <p>This e-text is part of the Works section of the Eighteenth-Century Poetry Archive (ECPA).</p>
            <p>XML created for the Eighteenth-Century Poetry Archive (ECPA).</p>
         </projectDesc>
         <editorialDecl>
            <p>The text has been typographically modernized, but without any silent modernization of
						spelling, capitalization, or punctuation. The source of the text is given and all editorial interventions
						have been recorded in textual notes. Based on the electronic text originally produced by the TCP project, this  text has been edited to conform to the recommendations found in Level 5 of the
						Best Practices for TEI in Libraries version 4.0.0.
					</p>
         </editorialDecl>
         <classDecl>
            <taxonomy xml:id="LCNAF">
               <bibl>Library of Congress Name Authority File (<abbr>LCNAF</abbr>)</bibl>
            </taxonomy>
         </classDecl>
         <tagsDecl>
            <rendition n="linegroups indented" xml:id="lgindent" scheme="css">text-indent: 1em;</rendition>
            <rendition n="linegroups vertically spaced" xml:id="lgvspace" scheme="css">margin-bottom: 1em;</rendition>
            <rendition n="aligned centrally" xml:id="align-center" scheme="css">text-align: center;</rendition>
            <rendition n="aligned right" xml:id="align-right" scheme="css">text-align: right;</rendition>
            <rendition n="aligned left" xml:id="align-left" scheme="css">text-align: left;</rendition>
            <rendition n="inline" xml:id="inline" scheme="css">display: inline</rendition>
            <rendition n="italic" xml:id="i" scheme="css">font-style: italic;</rendition>
            <rendition n="bold" xml:id="b" scheme="css">font-weight: bold;</rendition>
         </tagsDecl>
      </encodingDesc>
   </teiHeader>
   <text>
      <body>
         <div xmlns:ecep="http://www.eighteenthcenturypoetry.org/ns"
              xmlns:tei="http://www.tei-c.org/ns/1.0"
              ana="#iamb #pentameter #couplet #pair #heroiccouplet #answer"
              corresp="#txt_LennCh1730_w0030"
              decls="#semi-normalized"
              ecep:syllab="10"
              met="-+|-+|-+|-+|-+/"
              rendition="#lgvspace"
              rhyme="aa"
              subtype="eceptext"
              type="poem"
              xml:id="o5247-w0290">
            <link target="authors.xml#aut_LennCh1730" type="author"/>
            <head type="main">
               <w xml:id="o5247-101880"
                  n="90-a-0010"
                  ecep:lem="in"
                  ecep:pos="p-acp"
                  ecep:reg="In"
                  ecep:spe="In"
                  ecep:syllab="1"
                  ecep:pron="ɪn">In</w>
               <c> </c>
               <w xml:id="o5247-101890"
                  n="90-a-0020"
                  ecep:lem="answer"
                  ecep:pos="n1"
                  ecep:reg="Answer"
                  ecep:spe="Answer"
                  ecep:syllab="2"
                  ecep:pron="ˈɑːnsə">Answer</w>
               <c> </c>
               <w xml:id="o5247-101900"
                  n="90-a-0030"
                  ecep:lem="to"
                  ecep:pos="p-acp"
                  ecep:reg="to"
                  ecep:spe="to"
                  ecep:syllab="1"
                  ecep:pron="tuː">to</w>
               <c> </c>
               <w xml:id="o5247-101910"
                  n="90-a-0040"
                  ecep:lem="consolatory"
                  ecep:pos="j"
                  ecep:reg="Consolatory"
                  ecep:spe="Consolatory"
                  ecep:syllab="5"
                  ecep:pron="kənˈsɒlətri">Consolatory</w>
               <c> </c>
               <w xml:id="o5247-101920"
                  n="90-a-0050"
                  ecep:lem="verse"
                  ecep:pos="n2"
                  ecep:reg="Verses"
                  ecep:spe="Verses"
                  ecep:syllab="2"
                  ecep:pron="vɜːsɪz">Verses</w>
               <c> </c>
               <w xml:id="o5247-101930"
                  n="90-a-0060"
                  ecep:lem="write"
                  ecep:pos="vvd"
                  ecep:reg="wrote"
                  ecep:spe="wrote"
                  ecep:syllab="1"
                  ecep:pron="rəʊt">wrote</w>
               <c> </c>
               <w xml:id="o5247-101940"
                  n="90-a-0070"
                  ecep:lem="by"
                  ecep:pos="p-acp"
                  ecep:reg="by"
                  ecep:spe="by"
                  ecep:syllab="1"
                  ecep:pron="baɪ">by</w>
               <c> </c>
               <w xml:id="o5247-101950"
                  n="90-a-0080"
                  ecep:lem="a"
                  ecep:pos="dt"
                  ecep:reg="a"
                  ecep:spe="a"
                  ecep:syllab="1"
                  ecep:pron="ə">a</w>
               <c> </c>
               <w xml:id="o5247-101960"
                  n="90-a-0090"
                  ecep:lem="friend"
                  ecep:pos="n1"
                  ecep:reg="Friend"
                  ecep:spe="Friend"
                  ecep:syllab="1"
                  ecep:pron="frend">Friend</w>
               <pc xml:id="o5247-101970"
                   n="90-a-0100"
                   unit="sentence"
                   ecep:lem="."
                   ecep:pos="."
                   ecep:reg="."
                   ecep:spe=".">.</pc>
            </head>
            <lg xml:id="o5247-s00565">
               <l xml:id="o5247-l05495">
                  <w xml:id="o5247-102000"
                     n="90-a-0110"
                     ecep:lem="with"
                     ecep:pos="p-acp"
                     ecep:reg="WITH"
                     ecep:spe="WITH"
                     ecep:syllab="1"
                     ecep:pron="wɪð">WITH</w>
                  <c> </c>
                  <w xml:id="o5247-102010"
                     n="90-a-0120"
                     ecep:lem="ease"
                     ecep:pos="n1"
                     ecep:reg="Ease"
                     ecep:spe="Ease"
                     ecep:syllab="1"
                     ecep:pron="iːz">Ease</w>
                  <c> </c>
                  <w xml:id="o5247-102020"
                     n="90-a-0130"
                     ecep:lem="advice"
                     ecep:pos="n1"
                     ecep:reg="Advice"
                     ecep:spe="Advice"
                     ecep:syllab="2"
                     ecep:pron="ədˈvaɪs">Advice</w>
                  <c> </c>
                  <w xml:id="o5247-102030"
                     n="90-a-0140"
                     ecep:lem="to"
                     ecep:pos="p-acp"
                     ecep:reg="to"
                     ecep:spe="to"
                     ecep:syllab="1"
                     ecep:pron="tuː">to</w>
                  <c> </c>
                  <w xml:id="o5247-102040"
                     n="90-a-0150"
                     ecep:lem="virtuous"
                     ecep:pos="j"
                     ecep:reg="virtuous"
                     ecep:spe="virtuous"
                     ecep:syllab="2"
                     ecep:pron="ˈvɜːtʃuəs">virtuous</w>
                  <c> </c>
                  <w xml:id="o5247-102050"
                     n="90-a-0160"
                     ecep:lem="woe"
                     ecep:pos="n1"
                     ecep:reg="Woe"
                     ecep:spe="Woe"
                     ecep:syllab="1"
                     ecep:pron="wəʊ">Woe</w>
                  <c> </c>
                  <w xml:id="o5247-102060"
                     n="90-a-0170"
                     ecep:lem="we"
                     ecep:pos="pns12"
                     ecep:reg="we"
                     ecep:spe="we"
                     ecep:syllab="1"
                     ecep:pron="wiː">we</w>
                  <c> </c>
                  <w xml:id="o5247-102070"
                     n="90-a-0180"
                     ecep:lem="give"
                     ecep:pos="vvb"
                     ecep:reg="give"
                     ecep:spe="give"
                     ecep:syllab="1"
                     ecep:pron="gɪv">give</w>
                  <pc xml:id="o5247-102080"
                      n="90-a-0190"
                      ecep:lem=","
                      ecep:pos=","
                      ecep:reg=","
                      ecep:spe=",">,</pc>
               </l>
               <l xml:id="o5247-l05500">
                  <c> </c>
                  <w xml:id="o5247-102090"
                     n="90-a-0200"
                     ecep:lem="but"
                     ecep:pos="cc-acp"
                     ecep:reg="But"
                     ecep:spe="But"
                     ecep:syllab="1"
                     ecep:pron="bʌt">But</w>
                  <c> </c>
                  <w xml:id="o5247-102100"
                     n="90-a-0210"
                     ecep:lem="ah"
                     ecep:pos="uh"
                     ecep:reg="ah"
                     ecep:spe="ah"
                     ecep:syllab="1"
                     ecep:pron="ɑː">ah</w>
                  <pc xml:id="o5247-102110"
                      n="90-a-0220"
                      ecep:lem="!"
                      ecep:pos="!"
                      ecep:reg="!"
                      ecep:spe="!">!</pc>
                  <c> </c>
                  <w xml:id="o5247-102120"
                     n="90-a-0230"
                     ecep:lem="how"
                     ecep:pos="c-crq"
                     ecep:reg="how"
                     ecep:spe="how"
                     ecep:syllab="1"
                     ecep:pron="haʊ">how</w>
                  <c> </c>
                  <w xml:id="o5247-102130"
                     n="90-a-0240"
                     ecep:lem="few"
                     ecep:pos="d"
                     ecep:reg="few"
                     ecep:spe="few"
                     ecep:syllab="1"
                     ecep:pron="fjuː">few</w>
                  <c> </c>
                  <w xml:id="o5247-102140"
                     n="90-a-0250"
                     ecep:lem="by"
                     ecep:pos="p-acp"
                     ecep:reg="by"
                     ecep:spe="by"
                     ecep:syllab="1"
                     ecep:pron="baɪ">by</w>
                  <c> </c>
                  <hi>
                     <w xml:id="o5247-102150"
                        n="90-a-0260"
                        ecep:lem="stoic"
                        ecep:pos="jp"
                        ecep:reg="Stoic"
                        ecep:spe="Stoick"
                        ecep:syllab="1"
                        ecep:pron="stˈɔɪk">Stoick</w>
                  </hi>
                  <c> </c>
                  <w xml:id="o5247-102160"
                     n="90-a-0270"
                     ecep:lem="rule"
                     ecep:pos="n2"
                     ecep:reg="Rules"
                     ecep:spe="Rules"
                     ecep:syllab="1"
                     ecep:pron="ruːlz">Rules</w>
                  <c> </c>
                  <w xml:id="o5247-102170"
                     n="90-a-0280"
                     ecep:lem="can"
                     ecep:pos="vmb"
                     ecep:reg="can"
                     ecep:spe="can"
                     ecep:syllab="1"
                     ecep:pron="kæn">can</w>
                  <c> </c>
                  <w xml:id="o5247-102180"
                     n="90-a-0290"
                     ecep:lem="live"
                     ecep:pos="vvi"
                     ecep:reg="live"
                     ecep:spe="live"
                     ecep:syllab="1"
                     ecep:pron="lɪv">live</w>
                  <pc xml:id="o5247-102190"
                      n="90-a-0300"
                      unit="sentence"
                      ecep:lem="?"
                      ecep:pos="?"
                      ecep:reg="?"
                      ecep:spe="?">?</pc>
                  <c> </c>
               </l>
               <l xml:id="o5247-l05505">
                  <w xml:id="o5247-102200"
                     n="90-a-0310"
                     ecep:lem="virtue"
                     ecep:pos="n1"
                     ecep:reg="Virtue"
                     ecep:spe="Virtue"
                     ecep:syllab="2"
                     ecep:pron="ˈvɜːtʃuː">Virtue</w>
                  <c> </c>
                  <w xml:id="o5247-102210"
                     n="90-a-0320"
                     ecep:lem="distress"
                     ecep:pos="vvn"
                     ecep:reg="distressed"
                     ecep:spe="distrest"
                     ecep:syllab="2"
                     ecep:pron="dɪˈstrest">distrest</w>
                  <c> </c>
                  <w xml:id="o5247-102220"
                     n="90-a-0330"
                     ecep:lem="in"
                     ecep:pos="p-acp"
                     ecep:reg="in"
                     ecep:spe="in"
                     ecep:syllab="1"
                     ecep:pron="ɪn">in</w>
                  <c> </c>
                  <w xml:id="o5247-102230"
                     n="90-a-0340"
                     ecep:lem="melt"
                     ecep:pos="j-vvg"
                     ecep:reg="melting"
                     ecep:spe="melting"
                     ecep:syllab="2"
                     ecep:pron="meltɪŋ">melting</w>
                  <c> </c>
                  <w xml:id="o5247-102240"
                     n="90-a-0350"
                     ecep:lem="verse"
                     ecep:pos="n1"
                     ecep:reg="Verse"
                     ecep:spe="Verse"
                     ecep:syllab="1"
                     ecep:pron="vɜːs">Verse</w>
                  <c> </c>
                  <w xml:id="o5247-102250"
                     n="90-a-0360"
                     ecep:lem="appear"
                     ecep:pos="vvz"
                     ecep:reg="appears"
                     ecep:spe="appears"
                     ecep:syllab="2"
                     ecep:pron="əˈpɪəz">appears</w>
                  <pc xml:id="o5247-102260"
                      n="90-a-0370"
                      ecep:lem=";"
                      ecep:pos=";"
                      ecep:reg=";"
                      ecep:spe=";">;</pc>
               </l>
               <l xml:id="o5247-l05510">
                  <c> </c>
                  <w xml:id="o5247-102270"
                     n="90-a-0380"
                     ecep:lem="beauteous"
                     ecep:pos="j"
                     ecep:reg="Beauteous"
                     ecep:spe="Beauteous"
                     ecep:syllab="2"
                     ecep:pron="ˈbjuːtiəs">Beauteous</w>
                  <c> </c>
                  <w xml:id="o5247-102280"
                     n="90-a-0390"
                     ecep:lem="in"
                     ecep:pos="p-acp"
                     ecep:reg="in"
                     ecep:spe="in"
                     ecep:syllab="1"
                     ecep:pron="ɪn">in</w>
                  <c> </c>
                  <w xml:id="o5247-102290"
                     n="90-a-0400"
                     ecep:lem="misery"
                     ecep:pos="n1"
                     ecep:reg="Misery"
                     ecep:spe="Misery"
                     ecep:syllab="3"
                     ecep:pron="ˈmɪzri">Misery</w>
                  <pc xml:id="o5247-102300"
                      n="90-a-0410"
                      ecep:lem=","
                      ecep:pos=","
                      ecep:reg=","
                      ecep:spe=",">,</pc>
                  <c> </c>
                  <w xml:id="o5247-102310"
                     n="90-a-0420"
                     ecep:lem="and"
                     ecep:pos="cc"
                     ecep:reg="and"
                     ecep:spe="and"
                     ecep:syllab="1"
                     ecep:pron="ænd">and</w>
                  <c> </c>
                  <w xml:id="o5247-102320"
                     n="90-a-0430"
                     ecep:lem="adorn"
                     ecep:pos="vvd"
                     ecep:reg="adorned"
                     ecep:spe="adorn'd"
                     ecep:syllab="2"
                     ecep:pron="əˈdɔːnd">adorn'd</w>
                  <c> </c>
                  <w xml:id="o5247-102330"
                     n="90-a-0440"
                     ecep:lem="in"
                     ecep:pos="p-acp"
                     ecep:reg="in"
                     ecep:spe="in"
                     ecep:syllab="1"
                     ecep:pron="ɪn">in</w>
                  <c> </c>
                  <w xml:id="o5247-102340"
                     n="90-a-0450"
                     ecep:lem="tear"
                     ecep:pos="n2"
                     ecep:reg="Tears"
                     ecep:spe="Tears"
                     ecep:syllab="1"
                     ecep:pron="tɪəz">Tears</w>
                  <pc xml:id="o5247-102350"
                      n="90-a-0460"
                      unit="sentence"
                      ecep:lem="."
                      ecep:pos="."
                      ecep:reg="."
                      ecep:spe=".">.</pc>
                  <c> </c>
               </l>
               <l xml:id="o5247-l05515">
                  <w xml:id="o5247-102360"
                     n="90-a-0470"
                     ecep:lem="but"
                     ecep:pos="p-acp"
                     ecep:reg="But"
                     ecep:spe="But"
                     ecep:syllab="1"
                     ecep:pron="bʌt">But</w>
                  <c> </c>
                  <w xml:id="o5247-102370"
                     n="90-a-0480"
                     ecep:lem="in"
                     ecep:pos="p-acp"
                     ecep:reg="in"
                     ecep:spe="in"
                     ecep:syllab="1"
                     ecep:pron="ɪn">in</w>
                  <c> </c>
                  <w xml:id="o5247-102380"
                     n="90-a-0490"
                     ecep:lem="the"
                     ecep:pos="dt"
                     ecep:reg="the"
                     ecep:spe="the"
                     ecep:syllab="1"
                     ecep:pron="ðiː">the</w>
                  <c> </c>
                  <w xml:id="o5247-102390"
                     n="90-a-0500"
                     ecep:lem="world"
                     ecep:pos="n1"
                     ecep:reg="World"
                     ecep:spe="World"
                     ecep:syllab="1"
                     ecep:pron="wɜːld">World</w>
                  <c> </c>
                  <w xml:id="o5247-102400"
                     n="90-a-0510"
                     ecep:lem="it|be"
                     ecep:pos="pn31|vbz"
                     ecep:reg="it's"
                     ecep:spe="'tis"
                     ecep:syllab="1"
                     ecep:pron="tɪz">'tis</w>
                  <c> </c>
                  <w xml:id="o5247-102410"
                     n="90-a-0520"
                     ecep:lem="view"
                     ecep:pos="vvn"
                     ecep:reg="viewed"
                     ecep:spe="view'd"
                     ecep:syllab="1"
                     ecep:pron="vjuːd">view'd</w>
                  <c> </c>
                  <w xml:id="o5247-102420"
                     n="90-a-0530"
                     ecep:lem="with"
                     ecep:pos="p-acp"
                     ecep:reg="with"
                     ecep:spe="with"
                     ecep:syllab="1"
                     ecep:pron="wɪð">with</w>
                  <c> </c>
                  <w xml:id="o5247-102430"
                     n="90-a-0540"
                     ecep:lem="other"
                     ecep:pos="j-jn"
                     ecep:reg="other"
                     ecep:spe="other"
                     ecep:syllab="2"
                     ecep:pron="ˈʌðə">other</w>
                  <c> </c>
                  <w xml:id="o5247-102440"
                     n="90-a-0550"
                     ecep:lem="eye"
                     ecep:pos="n2"
                     ecep:reg="Eyes"
                     ecep:spe="Eyes"
                     ecep:syllab="1"
                     ecep:pron="aɪz">Eyes</w>
                  <pc xml:id="o5247-102450"
                      n="90-a-0560"
                      ecep:lem=";"
                      ecep:pos=";"
                      ecep:reg=";"
                      ecep:spe=";">;</pc>
               </l>
               <l xml:id="o5247-l05520">
                  <c> </c>
                  <w xml:id="o5247-102460"
                     n="90-a-0570"
                     ecep:lem="virtue"
                     ecep:pos="n1"
                     ecep:reg="Virtue"
                     ecep:spe="Virtue"
                     ecep:syllab="2"
                     ecep:pron="ˈvɜːtʃuː">Virtue</w>
                  <c> </c>
                  <w xml:id="o5247-102470"
                     n="90-a-0580"
                     ecep:lem="in"
                     ecep:pos="p-acp"
                     ecep:reg="in"
                     ecep:spe="in"
                     ecep:syllab="1"
                     ecep:pron="ɪn">in</w>
                  <c> </c>
                  <w xml:id="o5247-102480"
                     n="90-a-0590"
                     ecep:lem="rag"
                     ecep:pos="n2"
                     ecep:reg="Rags"
                     ecep:spe="Rags"
                     ecep:syllab="1"
                     ecep:pron="rægz">Rags</w>
                  <c> </c>
                  <w xml:id="o5247-102490"
                     n="90-a-0600"
                     ecep:lem="be"
                     ecep:pos="vbz"
                     ecep:reg="is"
                     ecep:spe="is"
                     ecep:syllab="1"
                     ecep:pron="ɪz">is</w>
                  <c> </c>
                  <w xml:id="o5247-102500"
                     n="90-a-0610"
                     ecep:lem="beauty"
                     ecep:pos="n1"
                     ecep:reg="Beauty"
                     ecep:spe="Beauty"
                     ecep:syllab="2"
                     ecep:pron="ˈbjuːti">Beauty</w>
                  <c> </c>
                  <w xml:id="o5247-102510"
                     n="90-a-0620"
                     ecep:lem="in"
                     ecep:pos="p-acp"
                     ecep:reg="in"
                     ecep:spe="in"
                     ecep:syllab="1"
                     ecep:pron="ɪn">in</w>
                  <c> </c>
                  <w xml:id="o5247-102520"
                     n="90-a-0630"
                     ecep:lem="disguise"
                     ecep:pos="n1"
                     ecep:reg="Disguise"
                     ecep:spe="Disguise"
                     ecep:syllab="2"
                     ecep:pron="dɪsˈgaɪz">Disguise</w>
                  <pc xml:id="o5247-102530"
                      n="90-a-0640"
                      ecep:lem=";"
                      ecep:pos=";"
                      ecep:reg=";"
                      ecep:spe=";">;</pc>
               </l>
               <l xml:id="o5247-l05525">
                  <c> </c>
                  <w xml:id="o5247-102540"
                     n="90-a-0650"
                     ecep:lem="and"
                     ecep:pos="cc"
                     ecep:reg="And"
                     ecep:spe="And"
                     ecep:syllab="1"
                     ecep:pron="ænd">And</w>
                  <c> </c>
                  <w xml:id="o5247-102550"
                     n="90-a-0660"
                     ecep:lem="can"
                     ecep:pos="vmb"
                     ecep:reg="can"
                     ecep:spe="can"
                     ecep:syllab="1"
                     ecep:pron="kæn">can</w>
                  <c> </c>
                  <w xml:id="o5247-102560"
                     n="90-a-0670"
                     ecep:lem="no"
                     ecep:pos="av-dx"
                     ecep:reg="no"
                     ecep:spe="no"
                     ecep:syllab="1"
                     ecep:pron="nəʊ">no</w>
                  <c> </c>
                  <w xml:id="o5247-102570"
                     n="90-a-0680"
                     ecep:lem="more"
                     ecep:pos="dc"
                     ecep:reg="more"
                     ecep:spe="more"
                     ecep:syllab="1"
                     ecep:pron="mɔː">more</w>
                  <c> </c>
                  <w xml:id="o5247-102580"
                     n="90-a-0690"
                     ecep:lem="contempt"
                     ecep:pos="n1"
                     ecep:reg="Contempt"
                     ecep:spe="Contempt"
                     ecep:syllab="2"
                     ecep:pron="kənˈtemt">Contempt</w>
                  <c> </c>
                  <w xml:id="o5247-102590"
                     n="90-a-0700"
                     ecep:lem="and"
                     ecep:pos="cc"
                     ecep:reg="and"
                     ecep:spe="and"
                     ecep:syllab="1"
                     ecep:pron="ænd">and</w>
                  <c> </c>
                  <w xml:id="o5247-102600"
                     n="90-a-0710"
                     ecep:lem="scorn"
                     ecep:pos="n1"
                     ecep:reg="Scorn"
                     ecep:spe="Scorn"
                     ecep:syllab="1"
                     ecep:pron="skɔːn">Scorn</w>
                  <c> </c>
                  <w xml:id="o5247-102610"
                     n="90-a-0720"
                     ecep:lem="disarm"
                     ecep:pos="vvi"
                     ecep:reg="disarm"
                     ecep:spe="disarm"
                     ecep:syllab="2"
                     ecep:pron="dɪˈsɑːm">disarm</w>
                  <pc xml:id="o5247-102620"
                      n="90-a-0730"
                      ecep:lem=","
                      ecep:pos=","
                      ecep:reg=","
                      ecep:spe=",">,</pc>
               </l>
               <l xml:id="o5247-l05530">
                  <c> </c>
                  <w xml:id="o5247-102630"
                     n="90-a-0740"
                     ecep:lem="then"
                     ecep:pos="av"
                     ecep:reg="Then"
                     ecep:spe="Then"
                     ecep:syllab="1"
                     ecep:pron="ðen">Then</w>
                  <c> </c>
                  <w xml:id="o5247-102640"
                     n="90-a-0750"
                     ecep:lem="a"
                     ecep:pos="dt"
                     ecep:reg="a"
                     ecep:spe="a"
                     ecep:syllab="1"
                     ecep:pron="ə">a</w>
                  <c> </c>
                  <w xml:id="o5247-102650"
                     n="90-a-0760"
                     ecep:lem="fair"
                     ecep:pos="j"
                     ecep:reg="fair"
                     ecep:spe="fair"
                     ecep:syllab="1"
                     ecep:pron="feə">fair</w>
                  <c> </c>
                  <w xml:id="o5247-102660"
                     n="90-a-0770"
                     ecep:lem="face"
                     ecep:pos="n1"
                     ecep:reg="Face"
                     ecep:spe="Face"
                     ecep:syllab="1"
                     ecep:pron="feɪs">Face</w>
                  <c> </c>
                  <w xml:id="o5247-102670"
                     n="90-a-0780"
                     ecep:lem="behind"
                     ecep:pos="p-acp"
                     ecep:reg="behind"
                     ecep:spe="behind"
                     ecep:syllab="2"
                     ecep:pron="bɪˈhaɪnd">behind</w>
                  <c> </c>
                  <w xml:id="o5247-102680"
                     n="90-a-0790"
                     ecep:lem="a"
                     ecep:pos="dt"
                     ecep:reg="a"
                     ecep:spe="a"
                     ecep:syllab="1"
                     ecep:pron="ə">a</w>
                  <c> </c>
                  <w xml:id="o5247-102690"
                     n="90-a-0800"
                     ecep:lem="masque"
                     ecep:pos="n1"
                     ecep:reg="Masque"
                     ecep:spe="Masque"
                     ecep:syllab="1"
                     ecep:pron="mɑːsk">Masque</w>
                  <c> </c>
                  <w xml:id="o5247-102700"
                     n="90-a-0810"
                     ecep:lem="can"
                     ecep:pos="vmb"
                     ecep:reg="can"
                     ecep:spe="can"
                     ecep:syllab="1"
                     ecep:pron="kæn">can</w>
                  <c> </c>
                  <w xml:id="o5247-102710"
                     n="90-a-0820"
                     ecep:lem="charm"
                     ecep:pos="vvi"
                     ecep:reg="charm"
                     ecep:spe="charm"
                     ecep:syllab="1"
                     ecep:pron="tʃɑːm">charm</w>
                  <pc xml:id="o5247-102720"
                      n="90-a-0830"
                      unit="sentence"
                      ecep:lem="."
                      ecep:pos="."
                      ecep:reg="."
                      ecep:spe=".">.</pc>
                  <c> </c>
               </l>
               <l xml:id="o5247-l05535">
                  <w xml:id="o5247-102730"
                     n="90-a-0840"
                     ecep:lem="whatever"
                     ecep:pos="r-crq"
                     ecep:reg="Whatever"
                     ecep:spe="Whatever"
                     ecep:syllab="3"
                     ecep:pron="wɒtˈevə">Whatever</w>
                  <c> </c>
                  <w xml:id="o5247-102740"
                     n="90-a-0850"
                     ecep:lem="gift"
                     ecep:pos="n2"
                     ecep:reg="Gifts"
                     ecep:spe="Gifts"
                     ecep:syllab="1"
                     ecep:pron="gɪfts">Gifts</w>
                  <c> </c>
                  <w xml:id="o5247-102750"
                     n="90-a-0860"
                     ecep:lem="we"
                     ecep:pos="pns12"
                     ecep:reg="we"
                     ecep:spe="we"
                     ecep:syllab="1"
                     ecep:pron="wiː">we</w>
                  <c> </c>
                  <w xml:id="o5247-102760"
                     n="90-a-0870"
                     ecep:lem="may"
                     ecep:pos="vmb"
                     ecep:reg="may"
                     ecep:spe="may"
                     ecep:syllab="1"
                     ecep:pron="meɪ">may</w>
                  <c> </c>
                  <w xml:id="o5247-102770"
                     n="90-a-0880"
                     ecep:lem="to"
                     ecep:pos="p-acp"
                     ecep:reg="to"
                     ecep:spe="to"
                     ecep:syllab="1"
                     ecep:pron="tuː">to</w>
                  <c> </c>
                  <w xml:id="o5247-102780"
                     n="90-a-0890"
                     ecep:lem="nature"
                     ecep:pos="n1"
                     ecep:reg="Nature"
                     ecep:spe="Nature"
                     ecep:syllab="2"
                     ecep:pron="ˈneɪtʃə">Nature</w>
                  <c> </c>
                  <w xml:id="o5247-102790"
                     n="90-a-0900"
                     ecep:lem="owe"
                     ecep:pos="vvb"
                     ecep:reg="owe"
                     ecep:spe="owe"
                     ecep:syllab="1"
                     ecep:pron="əʊ">owe</w>
                  <pc xml:id="o5247-102800"
                      n="90-a-0910"
                      ecep:lem=","
                      ecep:pos=","
                      ecep:reg=","
                      ecep:spe=",">,</pc>
               </l>
               <l xml:id="o5247-l05540">
                  <c> </c>
                  <w xml:id="o5247-102810"
                     n="90-a-0920"
                     ecep:lem="success"
                     ecep:pos="n1"
                     ecep:reg="Success"
                     ecep:spe="Success"
                     ecep:syllab="2"
                     ecep:pron="səkˈses">Success</w>
                  <c> </c>
                  <w xml:id="o5247-102820"
                     n="90-a-0930"
                     ecep:lem="be"
                     ecep:pos="vbz"
                     ecep:reg="is"
                     ecep:spe="is"
                     ecep:syllab="1"
                     ecep:pron="ɪz">is</w>
                  <c> </c>
                  <w xml:id="o5247-102830"
                     n="90-a-0940"
                     ecep:lem="all"
                     ecep:pos="d"
                     ecep:reg="all"
                     ecep:spe="all"
                     ecep:syllab="1"
                     ecep:pron="ɔːl">all</w>
                  <c> </c>
                  <w xml:id="o5247-102840"
                     n="90-a-0950"
                     ecep:lem="our"
                     ecep:pos="po12"
                     ecep:reg="our"
                     ecep:spe="our"
                     ecep:syllab="1"
                     ecep:pron="æə">our</w>
                  <c> </c>
                  <w xml:id="o5247-102850"
                     n="90-a-0960"
                     ecep:lem="merit"
                     ecep:pos="n1"
                     ecep:reg="Merit"
                     ecep:spe="Merit"
                     ecep:syllab="2"
                     ecep:pron="ˈmerɪt">Merit</w>
                  <c> </c>
                  <w xml:id="o5247-102860"
                     n="90-a-0970"
                     ecep:lem="here"
                     ecep:pos="av"
                     ecep:reg="here"
                     ecep:spe="here"
                     ecep:syllab="1"
                     ecep:pron="hɪə">here</w>
                  <c> </c>
                  <w xml:id="o5247-102870"
                     n="90-a-0980"
                     ecep:lem="below"
                     ecep:pos="a-acp"
                     ecep:reg="below"
                     ecep:spe="below"
                     ecep:syllab="2"
                     ecep:pron="bɪˈləʊ">below</w>
                  <pc xml:id="o5247-102880"
                      n="90-a-0990"
                      unit="sentence"
                      ecep:lem="."
                      ecep:pos="."
                      ecep:reg="."
                      ecep:spe=".">.</pc>
                  <c> </c>
               </l>
               <l xml:id="o5247-l05545">
                  <w xml:id="o5247-102890"
                     n="90-a-1000"
                     ecep:lem="by"
                     ecep:pos="p-acp"
                     ecep:reg="By"
                     ecep:spe="By"
                     ecep:syllab="1"
                     ecep:pron="baɪ">By</w>
                  <c> </c>
                  <w xml:id="o5247-102900"
                     n="90-a-1010"
                     ecep:lem="fortune"
                     ecep:pos="n1"
                     ecep:reg="Fortune"
                     ecep:spe="Fortune"
                     ecep:syllab="2"
                     ecep:pron="ˈfɔːtʃuːn">Fortune</w>
                  <c> </c>
                  <w xml:id="o5247-102910"
                     n="90-a-1020"
                     ecep:lem="favour"
                     ecep:pos="vvn"
                     ecep:reg="favoured"
                     ecep:spe="favour'd"
                     ecep:syllab="2"
                     ecep:pron="ˈfeɪvəd">favour'd</w>
                  <c> </c>
                  <w xml:id="o5247-102920"
                     n="90-a-1030"
                     ecep:lem="fool"
                     ecep:pos="n2"
                     ecep:reg="Fools"
                     ecep:spe="Fools"
                     ecep:syllab="1"
                     ecep:pron="fuːlz">Fools</w>
                  <c> </c>
                  <w xml:id="o5247-102930"
                     n="90-a-1040"
                     ecep:lem="may"
                     ecep:pos="vmb"
                     ecep:reg="may"
                     ecep:spe="may"
                     ecep:syllab="1"
                     ecep:pron="meɪ">may</w>
                  <c> </c>
                  <w xml:id="o5247-102940"
                     n="90-a-1050"
                     ecep:lem="rise"
                     ecep:pos="vvi"
                     ecep:reg="rise"
                     ecep:spe="rise"
                     ecep:syllab="1"
                     ecep:pron="raɪz">rise</w>
                  <c> </c>
                  <w xml:id="o5247-102950"
                     n="90-a-1060"
                     ecep:lem="to"
                     ecep:pos="p-acp"
                     ecep:reg="to"
                     ecep:spe="to"
                     ecep:syllab="1"
                     ecep:pron="tuː">to</w>
                  <c> </c>
                  <w xml:id="o5247-102960"
                     n="90-a-1070"
                     ecep:lem="fame"
                     ecep:pos="n1"
                     ecep:reg="Fame"
                     ecep:spe="Fame"
                     ecep:syllab="1"
                     ecep:pron="feɪm">Fame</w>
                  <pc xml:id="o5247-102970"
                      n="90-a-1080"
                      ecep:lem=";"
                      ecep:pos=";"
                      ecep:reg=";"
                      ecep:spe=";">;</pc>
               </l>
               <l xml:id="o5247-l05550">
                  <c> </c>
                  <w xml:id="o5247-102980"
                     n="90-a-1090"
                     ecep:lem="without"
                     ecep:pos="p-acp"
                     ecep:reg="Without"
                     ecep:spe="Without"
                     ecep:syllab="2"
                     ecep:pron="wɪˈðaʊt">Without</w>
                  <c> </c>
                  <w xml:id="o5247-102990"
                     n="90-a-1100"
                     ecep:lem="it"
                     ecep:pos="pn31"
                     ecep:reg="it"
                     ecep:spe="it"
                     ecep:syllab="1"
                     ecep:pron="ɪt">it</w>
                  <c> </c>
                  <w xml:id="o5247-103000"
                     n="90-a-1110"
                     ecep:lem="virtue"
                     ecep:pos="n1"
                     ecep:reg="Virtue"
                     ecep:spe="Virtue"
                     ecep:syllab="2"
                     ecep:pron="ˈvɜːtʃuː">Virtue</w>
                  <c> </c>
                  <w xml:id="o5247-103010"
                     n="90-a-1120"
                     ecep:lem="be"
                     ecep:pos="vbz"
                     ecep:reg="is"
                     ecep:spe="is"
                     ecep:syllab="1"
                     ecep:pron="ɪz">is</w>
                  <c> </c>
                  <w xml:id="o5247-103020"
                     n="90-a-1130"
                     ecep:lem="a"
                     ecep:pos="dt"
                     ecep:reg="an"
                     ecep:spe="an"
                     ecep:syllab="1"
                     ecep:pron="æn">an</w>
                  <c> </c>
                  <w xml:id="o5247-103030"
                     n="90-a-1140"
                     ecep:lem="empty"
                     ecep:pos="j"
                     ecep:reg="empty"
                     ecep:spe="empty"
                     ecep:syllab="2"
                     ecep:pron="ˈemti">empty</w>
                  <c> </c>
                  <w xml:id="o5247-103040"
                     n="90-a-1150"
                     ecep:lem="name"
                     ecep:pos="n1"
                     ecep:reg="Name"
                     ecep:spe="Name"
                     ecep:syllab="1"
                     ecep:pron="neɪm">Name</w>
                  <pc xml:id="o5247-103050"
                      n="90-a-1160"
                      unit="sentence"
                      ecep:lem="."
                      ecep:pos="."
                      ecep:reg="."
                      ecep:spe=".">.</pc>
                  <c> </c>
               </l>
            </lg>
         </div>
      </body>
   </text>
</TEI>
