<?xml version="1.0" encoding="UTF-8"?>
<div xmlns:ecep="http://www.eighteenthcenturypoetry.org/ns"
     xmlns="http://www.tei-c.org/ns/1.0"
     xmlns:tei="http://www.tei-c.org/ns/1.0"
     ana="#anapaest #trimeter #quatrain #intermittent #acephal #address"
     corresp="#txt_KellIs1759_w0011"
     decls="#semi-normalized"
     ecep:syllab="9.9.9.9"
     met="--+|--+|--+/ --+|--+|--+/ --+|--+|--+/ --+|--+|--+/"
     rendition="#lgvspace"
     rhyme="xaxa"
     subtype="eceptext"
     type="poem"
     xml:id="pik94-w0110">
   <link target="authors.xml#aut_KellIs1759" type="author"/>
   <head type="main">
      <w xml:id="pik94-068310"
         n="pik94/0035-a-0010"
         ecep:lem="to"
         ecep:pos="p-acp"
         ecep:reg="TO"
         ecep:spe="TO"
         ecep:syllab="1"
         ecep:pron="tuː">TO</w>
      <c> </c>
      <w xml:id="pik94-068320"
         n="pik94/0035-a-0020"
         ecep:lem="a"
         ecep:pos="dt"
         ecep:reg="A"
         ecep:spe="A"
         ecep:syllab="1"
         ecep:pron="ə">A</w>
      <c> </c>
      <w xml:id="pik94-068330"
         n="pik94/0035-a-0030"
         ecep:lem="wander"
         ecep:pos="j-vvg"
         ecep:reg="WANDERING"
         ecep:spe="WANDERING"
         ecep:syllab="3"
         ecep:pron="ˈwɒndrɪŋ">WANDERING</w>
      <c> </c>
      <w xml:id="pik94-068340"
         n="pik94/0035-a-0040"
         ecep:lem="husband"
         ecep:pos="n1"
         ecep:reg="HUSBAND"
         ecep:spe="HUSBAND"
         ecep:syllab="2"
         ecep:pron="ˈhʌzbənd">HUSBAND</w>
      <pc xml:id="pik94-068350"
          n="pik94/0035-a-0050"
          ecep:lem=","
          ecep:pos=","
          ecep:reg=","
          ecep:spe=",">,</pc>
      <c> </c>
      <w xml:id="pik94-068360"
         n="pik94/0035-a-0060"
         ecep:lem="from"
         ecep:pos="p-acp"
         ecep:reg="FROM"
         ecep:spe="FROM"
         ecep:syllab="1"
         ecep:pron="frɒm">FROM</w>
      <c> </c>
      <w xml:id="pik94-068370"
         n="pik94/0035-a-0070"
         ecep:lem="a"
         ecep:pos="dt"
         ecep:reg="A"
         ecep:spe="A"
         ecep:syllab="1"
         ecep:pron="ə">A</w>
      <c> </c>
      <w xml:id="pik94-068380"
         n="pik94/0035-a-0080"
         ecep:lem="desert"
         ecep:pos="vvn"
         ecep:reg="DESERTED"
         ecep:spe="DESERTED"
         ecep:syllab="3"
         ecep:pron="dɪˈzɜːtɪd">DESERTED</w>
      <c> </c>
      <w xml:id="pik94-068390"
         n="pik94/0035-a-0090"
         ecep:lem="wife"
         ecep:pos="n1"
         ecep:reg="WIFE"
         ecep:spe="WIFE"
         ecep:syllab="1"
         ecep:pron="waɪf">WIFE</w>
      <pc xml:id="pik94-068400"
          n="pik94/0035-a-0100"
          unit="sentence"
          ecep:lem="."
          ecep:pos="."
          ecep:reg="."
          ecep:spe=".">.</pc>
   </head>
   <lg xml:id="pik94-s00385">
      <l xml:id="pik94-l02820">
         <w xml:id="pik94-068430"
            n="pik94/0035-a-0110"
            ecep:lem="say"
            ecep:pos="vvb"
            ecep:reg="Say"
            ecep:spe="Say"
            ecep:syllab="1"
            ecep:pron="seɪ">Say</w>
         <pc xml:id="pik94-068440"
             n="pik94/0035-a-0120"
             ecep:lem=","
             ecep:pos=","
             ecep:reg=","
             ecep:spe=",">,</pc>
         <c> </c>
         <w xml:id="pik94-068450"
            n="pik94/0035-a-0130"
            ecep:lem="where"
            ecep:pos="q-crq"
            ecep:reg="where"
            ecep:spe="where"
            ecep:syllab="1"
            ecep:pron="weə">where</w>
         <c> </c>
         <w xml:id="pik94-068460"
            n="pik94/0035-a-0140"
            ecep:lem="be"
            ecep:pos="vbz"
            ecep:reg="is"
            ecep:spe="is"
            ecep:syllab="1"
            ecep:pron="ɪz">is</w>
         <c> </c>
         <w xml:id="pik94-068470"
            n="pik94/0035-a-0150"
            ecep:lem="that"
            ecep:pos="d"
            ecep:reg="that"
            ecep:spe="that"
            ecep:syllab="1"
            ecep:pron="ðæt">that</w>
         <c> </c>
         <w xml:id="pik94-068480"
            n="pik94/0035-a-0160"
            ecep:lem="charm"
            ecep:pos="j-vvg"
            ecep:reg="charming"
            ecep:spe="charming"
            ecep:syllab="2"
            ecep:pron="ˈtʃɑːmɪŋ">charming</w>
         <c> </c>
         <w xml:id="pik94-068490"
            n="pik94/0035-a-0170"
            ecep:lem="repose"
            ecep:pos="n1"
            ecep:reg="repose"
            ecep:spe="repose"
            ecep:syllab="2"
            ecep:pron="rɪˈpəʊz">repose</w>
      </l>
      <l xml:id="pik94-l02825">
         <c> </c>
         <w xml:id="pik94-068500"
            n="pik94/0035-a-0180"
            ecep:lem="that"
            ecep:pos="cst"
            ecep:reg="That"
            ecep:spe="That"
            ecep:syllab="1"
            ecep:pron="ðæt">That</w>
         <c> </c>
         <w xml:id="pik94-068510"
            n="pik94/0035-a-0190"
            ecep:lem="so"
            ecep:pos="av"
            ecep:reg="so"
            ecep:spe="so"
            ecep:syllab="1"
            ecep:pron="səʊ">so</w>
         <c> </c>
         <w xml:id="pik94-068520"
            n="pik94/0035-a-0200"
            ecep:lem="late"
            ecep:pos="av-j"
            ecep:reg="lately"
            ecep:spe="lately"
            ecep:syllab="2"
            ecep:pron="leɪtli">lately</w>
         <c> </c>
         <w xml:id="pik94-068530"
            n="pik94/0035-a-0210"
            ecep:lem="illumine"
            ecep:pos="vvn"
            ecep:reg="illumined"
            ecep:spe="illumin'd"
            ecep:syllab="3"
            ecep:pron="ɪˈljuːmɪnd">illumin'd</w>
         <c> </c>
         <w xml:id="pik94-068540"
            n="pik94/0035-a-0220"
            ecep:lem="my"
            ecep:pos="po11"
            ecep:reg="my"
            ecep:spe="my"
            ecep:syllab="1"
            ecep:pron="maɪ">my</w>
         <c> </c>
         <w xml:id="pik94-068550"
            n="pik94/0035-a-0230"
            ecep:lem="breast"
            ecep:pos="n1"
            ecep:reg="breast"
            ecep:spe="breast"
            ecep:syllab="1"
            ecep:pron="brest">breast</w>
         <pc xml:id="pik94-068560"
             n="pik94/0035-a-0240"
             ecep:lem=","
             ecep:pos=","
             ecep:reg=","
             ecep:spe=",">,</pc>
      </l>
      <l xml:id="pik94-l02830">
         <c> </c>
         <w xml:id="pik94-068570"
            n="pik94/0035-a-0250"
            ecep:lem="like"
            ecep:pos="av-j"
            ecep:reg="Like"
            ecep:spe="Like"
            ecep:syllab="1"
            ecep:pron="laɪk">Like</w>
         <c> </c>
         <w xml:id="pik94-068580"
            n="pik94/0035-a-0260"
            ecep:lem="the"
            ecep:pos="dt"
            ecep:reg="the"
            ecep:spe="the"
            ecep:syllab="1"
            ecep:pron="ðiː">the</w>
         <c> </c>
         <w xml:id="pik94-068590"
            n="pik94/0035-a-0270"
            ecep:lem="sun"
            ecep:pos="n1"
            ecep:reg="sun"
            ecep:spe="sun"
            ecep:syllab="1"
            ecep:pron="sʌn">sun</w>
         <c> </c>
         <w xml:id="pik94-068600"
            n="pik94/0035-a-0280"
            ecep:lem="that"
            ecep:pos="cst"
            ecep:reg="that"
            ecep:spe="that"
            ecep:syllab="1"
            ecep:pron="ðæt">that</w>
         <c> </c>
         <w xml:id="pik94-068610"
            n="pik94/0035-a-0290"
            ecep:lem="so"
            ecep:pos="av"
            ecep:reg="so"
            ecep:spe="so"
            ecep:syllab="1"
            ecep:pron="səʊ">so</w>
         <c> </c>
         <w xml:id="pik94-068620"
            n="pik94/0035-a-0300"
            ecep:lem="cheerful"
            ecep:pos="av-j"
            ecep:reg="cheerfully"
            ecep:spe="chearfully"
            ecep:syllab="3"
            ecep:pron="tʃˈiəfəlɪ">chearfully</w>
         <c> </c>
         <w xml:id="pik94-068630"
            n="pik94/0035-a-0310"
            ecep:lem="shine"
            ecep:pos="vvn"
            ecep:reg="shone"
            ecep:spe="shone"
            ecep:syllab="1"
            ecep:pron="ʃɒn">shone</w>
         <pc xml:id="pik94-068640"
             n="pik94/0035-a-0320"
             ecep:lem=","
             ecep:pos=","
             ecep:reg=","
             ecep:spe=",">,</pc>
      </l>
      <l xml:id="pik94-l02835">
         <c> </c>
         <w xml:id="pik94-068650"
            n="pik94/0035-a-0330"
            ecep:lem="and"
            ecep:pos="cc"
            ecep:reg="And"
            ecep:spe="And"
            ecep:syllab="1"
            ecep:pron="ænd">And</w>
         <c> </c>
         <w xml:id="pik94-068660"
            n="pik94/0035-a-0340"
            ecep:lem="at"
            ecep:pos="p-acp"
            ecep:reg="at"
            ecep:spe="at"
            ecep:syllab="1"
            ecep:pron="æt">at</w>
         <c> </c>
         <w xml:id="pik94-068670"
            n="pik94/0035-a-0350"
            ecep:lem="eve"
            ecep:pos="n1"
            ecep:reg="eve"
            ecep:spe="eve"
            ecep:syllab="1"
            ecep:pron="iːv">eve</w>
         <c> </c>
         <w xml:id="pik94-068680"
            n="pik94/0035-a-0360"
            ecep:lem="soothe"
            ecep:pos="vvd"
            ecep:reg="soothed"
            ecep:spe="sooth'd"
            ecep:syllab="1"
            ecep:pron="suːðd">sooth'd</w>
         <c> </c>
         <w xml:id="pik94-068690"
            n="pik94/0035-a-0370"
            ecep:lem="i"
            ecep:pos="pno11"
            ecep:reg="me"
            ecep:spe="me"
            ecep:syllab="1"
            ecep:pron="miː">me</w>
         <c> </c>
         <w xml:id="pik94-068700"
            n="pik94/0035-a-0380"
            ecep:lem="kind"
            ecep:pos="av-j"
            ecep:reg="kindly"
            ecep:spe="kindly"
            ecep:syllab="2"
            ecep:pron="ˈkaɪndli">kindly</w>
         <c> </c>
         <w xml:id="pik94-068710"
            n="pik94/0035-a-0390"
            ecep:lem="to"
            ecep:pos="pc-acp"
            ecep:reg="to"
            ecep:spe="to"
            ecep:syllab="1"
            ecep:pron="tuː">to</w>
         <c> </c>
         <w xml:id="pik94-068720"
            n="pik94/0035-a-0400"
            ecep:lem="rest"
            ecep:pos="vvi"
            ecep:reg="rest"
            ecep:spe="rest"
            ecep:syllab="1"
            ecep:pron="rest">rest</w>
         <pc xml:id="pik94-068730"
             n="pik94/0035-a-0410"
             unit="sentence"
             ecep:lem="?"
             ecep:pos="?"
             ecep:reg="?"
             ecep:spe="?">?</pc>
         <c> </c>
      </l>
   </lg>
   <lg xml:id="pik94-s00390">
      <l xml:id="pik94-l02840">
         <w xml:id="pik94-068760"
            n="pik94/0035-a-0420"
            ecep:lem="alas"
            ecep:pos="uh"
            ecep:reg="Alas"
            ecep:spe="Alas"
            ecep:syllab="2"
            ecep:pron="əˈlæs">Alas</w>
         <pc xml:id="pik94-068770"
             n="pik94/0035-a-0430"
             ecep:lem="!"
             ecep:pos="!"
             ecep:reg="!"
             ecep:spe="!">!</pc>
         <c> </c>
         <w xml:id="pik94-068780"
            n="pik94/0035-a-0440"
            ecep:lem="it"
            ecep:pos="pn31"
            ecep:reg="it"
            ecep:spe="it"
            ecep:syllab="1"
            ecep:pron="ɪt">it</w>
         <c> </c>
         <w xml:id="pik94-068790"
            n="pik94/0035-a-0450"
            ecep:lem="no"
            ecep:pos="av-dx"
            ecep:reg="no"
            ecep:spe="no"
            ecep:syllab="1"
            ecep:pron="nəʊ">no</w>
         <c> </c>
         <w xml:id="pik94-068800"
            n="pik94/0035-a-0460"
            ecep:lem="long"
            ecep:pos="jc"
            ecep:reg="longer"
            ecep:spe="longer"
            ecep:syllab="2"
            ecep:pron="lɒŋgə">longer</w>
         <c> </c>
         <w xml:id="pik94-068810"
            n="pik94/0035-a-0470"
            ecep:lem="be"
            ecep:pos="vbz"
            ecep:reg="is"
            ecep:spe="is"
            ecep:syllab="1"
            ecep:pron="ɪz">is</w>
         <c> </c>
         <w xml:id="pik94-068820"
            n="pik94/0035-a-0480"
            ecep:lem="i"
            ecep:pos="png11"
            ecep:reg="mine"
            ecep:spe="mine"
            ecep:syllab="1"
            ecep:pron="maɪn">mine</w>
         <pc xml:id="pik94-068830"
             n="pik94/0035-a-0490"
             ecep:lem=","
             ecep:pos=","
             ecep:reg=","
             ecep:spe=",">,</pc>
      </l>
      <l xml:id="pik94-l02845">
         <c> </c>
         <w xml:id="pik94-068840"
            n="pik94/0035-a-0500"
            ecep:lem="no"
            ecep:pos="av-dx"
            ecep:reg="No"
            ecep:spe="No"
            ecep:syllab="1"
            ecep:pron="nəʊ">No</w>
         <c> </c>
         <w xml:id="pik94-068850"
            n="pik94/0035-a-0510"
            ecep:lem="more"
            ecep:pos="dc"
            ecep:reg="more"
            ecep:spe="more"
            ecep:syllab="1"
            ecep:pron="mɔː">more</w>
         <c> </c>
         <w xml:id="pik94-068860"
            n="pik94/0035-a-0520"
            ecep:lem="on"
            ecep:pos="p-acp"
            ecep:reg="on"
            ecep:spe="on"
            ecep:syllab="1"
            ecep:pron="ɒn">on</w>
         <c> </c>
         <w xml:id="pik94-068870"
            n="pik94/0035-a-0530"
            ecep:lem="my"
            ecep:pos="po11"
            ecep:reg="my"
            ecep:spe="my"
            ecep:syllab="1"
            ecep:pron="maɪ">my</w>
         <c> </c>
         <w xml:id="pik94-068880"
            n="pik94/0035-a-0540"
            ecep:lem="morning"
            ecep:pos="n1"
            ecep:reg="morning"
            ecep:spe="morning"
            ecep:syllab="2"
            ecep:pron="ˈmɔːnɪŋ">morning</w>
         <c> </c>
         <w xml:id="pik94-068890"
            n="pik94/0035-a-0550"
            ecep:lem="it"
            ecep:pos="pn31"
            ecep:reg="it"
            ecep:spe="it"
            ecep:syllab="1"
            ecep:pron="ɪt">it</w>
         <c> </c>
         <w xml:id="pik94-068900"
            n="pik94/0035-a-0560"
            ecep:lem="beam"
            ecep:pos="vvz"
            ecep:reg="beams"
            ecep:spe="beams"
            ecep:syllab="1"
            ecep:pron="biːmz">beams</w>
         <pc xml:id="pik94-068910"
             n="pik94/0035-a-0570"
             ecep:lem=";"
             ecep:pos=";"
             ecep:reg=";"
             ecep:spe=";">;</pc>
      </l>
      <l xml:id="pik94-l02850">
         <c> </c>
         <w xml:id="pik94-068920"
            n="pik94/0035-a-0580"
            ecep:lem="despair"
            ecep:pos="vvb"
            ecep:reg="Despair"
            ecep:spe="Despair"
            ecep:syllab="2"
            ecep:pron="dɪˈspeə">Despair</w>
         <c> </c>
         <w xml:id="pik94-068930"
            n="pik94/0035-a-0590"
            ecep:lem="now"
            ecep:pos="av"
            ecep:reg="now"
            ecep:spe="now"
            ecep:syllab="1"
            ecep:pron="naʊ">now</w>
         <c> </c>
         <w xml:id="pik94-068940"
            n="pik94/0035-a-0600"
            ecep:lem="possess"
            ecep:pos="vvz"
            ecep:reg="possesses"
            ecep:spe="possesses"
            ecep:syllab="3"
            ecep:pron="pəˈzesɪz">possesses</w>
         <c> </c>
         <w xml:id="pik94-068950"
            n="pik94/0035-a-0610"
            ecep:lem="its"
            ecep:pos="po31"
            ecep:reg="its"
            ecep:spe="its"
            ecep:syllab="1"
            ecep:pron="ɪts">its</w>
         <c> </c>
         <w xml:id="pik94-068960"
            n="pik94/0035-a-0620"
            ecep:lem="place"
            ecep:pos="n1"
            ecep:reg="place"
            ecep:spe="place"
            ecep:syllab="1"
            ecep:pron="pleɪs">place</w>
         <pc xml:id="pik94-068970"
             n="pik94/0035-a-0630"
             ecep:lem=","
             ecep:pos=","
             ecep:reg=","
             ecep:spe=",">,</pc>
      </l>
      <l xml:id="pik94-l02855">
         <c> </c>
         <w xml:id="pik94-068980"
            n="pik94/0035-a-0640"
            ecep:lem="and"
            ecep:pos="cc"
            ecep:reg="And"
            ecep:spe="And"
            ecep:syllab="1"
            ecep:pron="ænd">And</w>
         <c> </c>
         <w xml:id="pik94-068990"
            n="pik94/0035-a-0650"
            ecep:lem="preside"
            ecep:pos="vvz"
            ecep:reg="presides"
            ecep:spe="presides"
            ecep:syllab="2"
            ecep:pron="prɪˈzaɪdz">presides</w>
         <c> </c>
         <w xml:id="pik94-069000"
            n="pik94/0035-a-0660"
            ecep:lem="even"
            ecep:pos="av-j"
            ecep:reg="even"
            ecep:spe="even"
            ecep:syllab="2"
            ecep:pron="ˈiːvn">even</w>
         <c> </c>
         <w xml:id="pik94-069010"
            n="pik94/0035-a-0670"
            ecep:lem="over"
            ecep:pos="p-acp"
            ecep:reg="over"
            ecep:spe="over"
            ecep:syllab="2"
            ecep:pron="ˈəʊvə">over</w>
         <c> </c>
         <w xml:id="pik94-069020"
            n="pik94/0035-a-0680"
            ecep:lem="my"
            ecep:pos="po11"
            ecep:reg="my"
            ecep:spe="my"
            ecep:syllab="1"
            ecep:pron="maɪ">my</w>
         <c> </c>
         <w xml:id="pik94-069030"
            n="pik94/0035-a-0690"
            ecep:lem="dream"
            ecep:pos="n2"
            ecep:reg="dreams"
            ecep:spe="dreams"
            ecep:syllab="1"
            ecep:pron="driːmz">dreams</w>
         <pc xml:id="pik94-069040"
             n="pik94/0035-a-0700"
             unit="sentence"
             ecep:lem="."
             ecep:pos="."
             ecep:reg="."
             ecep:spe=".">.</pc>
         <c> </c>
      </l>
   </lg>
   <lg xml:id="pik94-s00395">
      <l xml:id="pik94-l02860">
         <w xml:id="pik94-069070"
            n="pik94/0035-a-0710"
            ecep:lem="why"
            ecep:pos="q-crq"
            ecep:reg="Why"
            ecep:spe="Why"
            ecep:syllab="1"
            ecep:pron="waɪ">Why</w>
         <c> </c>
         <w xml:id="pik94-069080"
            n="pik94/0035-a-0720"
            ecep:lem="do"
            ecep:pos="vdd"
            ecep:reg="did"
            ecep:spe="did"
            ecep:syllab="1"
            ecep:pron="dɪd">did</w>
         <c> </c>
         <w xml:id="pik94-069090"
            n="pik94/0035-a-0730"
            ecep:lem="my"
            ecep:pos="po11"
            ecep:reg="my"
            ecep:spe="my"
            ecep:syllab="1"
            ecep:pron="maɪ">my</w>
         <c> </c>
         <w xml:id="pik94-069100"
            n="pik94/0035-a-0740"
            ecep:lem="fond"
            ecep:pos="j"
            ecep:reg="fond"
            ecep:spe="fond"
            ecep:syllab="1"
            ecep:pron="fɒnd">fond</w>
         <c> </c>
         <w xml:id="pik94-069110"
            n="pik94/0035-a-0750"
            ecep:lem="credulous"
            ecep:pos="j"
            ecep:reg="credulous"
            ecep:spe="credulous"
            ecep:syllab="3"
            ecep:pron="ˈkredʒələs">credulous</w>
         <c> </c>
         <w xml:id="pik94-069120"
            n="pik94/0035-a-0760"
            ecep:lem="heart"
            ecep:pos="n1"
            ecep:reg="heart"
            ecep:spe="heart"
            ecep:syllab="1"
            ecep:pron="hɑːt">heart</w>
      </l>
      <l xml:id="pik94-l02865">
         <c> </c>
         <w xml:id="pik94-069130"
            n="pik94/0035-a-0770"
            ecep:lem="give"
            ecep:pos="vvb"
            ecep:reg="Give"
            ecep:spe="Give"
            ecep:syllab="1"
            ecep:pron="gɪv">Give</w>
         <c> </c>
         <w xml:id="pik94-069140"
            n="pik94/0035-a-0780"
            ecep:lem="delusion"
            ecep:pos="n1"
            ecep:reg="delusion"
            ecep:spe="delusion"
            ecep:syllab="3"
            ecep:pron="dɪˈluːʒn">delusion</w>
         <c> </c>
         <w xml:id="pik94-069150"
            n="pik94/0035-a-0790"
            ecep:lem="such"
            ecep:pos="d"
            ecep:reg="such"
            ecep:spe="such"
            ecep:syllab="1"
            ecep:pron="sʌtʃ">such</w>
         <c> </c>
         <w xml:id="pik94-069160"
            n="pik94/0035-a-0800"
            ecep:lem="easy"
            ecep:pos="j"
            ecep:reg="easy"
            ecep:spe="easy"
            ecep:syllab="2"
            ecep:pron="ˈiːzi">easy</w>
         <c> </c>
         <w xml:id="pik94-069170"
            n="pik94/0035-a-0810"
            ecep:lem="belief"
            ecep:pos="n1"
            ecep:reg="belief"
            ecep:spe="belief"
            ecep:syllab="2"
            ecep:pron="bɪˈliːf">belief</w>
         <pc xml:id="pik94-069180"
             n="pik94/0035-a-0820"
             ecep:lem=";"
             ecep:pos=";"
             ecep:reg=";"
             ecep:spe=";">;</pc>
      </l>
      <l xml:id="pik94-l02870">
         <c> </c>
         <w xml:id="pik94-069190"
            n="pik94/0035-a-0830"
            ecep:lem="why"
            ecep:pos="q-crq"
            ecep:reg="Why"
            ecep:spe="Why"
            ecep:syllab="1"
            ecep:pron="waɪ">Why</w>
         <c> </c>
         <w xml:id="pik94-069200"
            n="pik94/0035-a-0840"
            ecep:lem="listen"
            ecep:pos="vvb"
            ecep:reg="listen"
            ecep:spe="listen"
            ecep:syllab="2"
            ecep:pron="ˈlɪsn">listen</w>
         <c> </c>
         <w xml:id="pik94-069210"
            n="pik94/0035-a-0850"
            ecep:lem="with"
            ecep:pos="p-acp"
            ecep:reg="with"
            ecep:spe="with"
            ecep:syllab="1"
            ecep:pron="wɪð">with</w>
         <c> </c>
         <w xml:id="pik94-069220"
            n="pik94/0035-a-0860"
            ecep:lem="rapture"
            ecep:pos="n1"
            ecep:reg="rapture"
            ecep:spe="rapture"
            ecep:syllab="2"
            ecep:pron="ˈræptʃə">rapture</w>
         <c> </c>
         <w xml:id="pik94-069230"
            n="pik94/0035-a-0870"
            ecep:lem="to"
            ecep:pos="p-acp"
            ecep:reg="to"
            ecep:spe="to"
            ecep:syllab="1"
            ecep:pron="tuː">to</w>
         <c> </c>
         <w xml:id="pik94-069240"
            n="pik94/0035-a-0880"
            ecep:lem="vow"
            ecep:pos="n2"
            ecep:reg="vows"
            ecep:spe="vows"
            ecep:syllab="1"
            ecep:pron="vaʊz">vows</w>
      </l>
      <l xml:id="pik94-l02875">
         <c> </c>
         <w xml:id="pik94-069250"
            n="pik94/0035-a-0890"
            ecep:lem="now"
            ecep:pos="av"
            ecep:reg="Now"
            ecep:spe="Now"
            ecep:syllab="1"
            ecep:pron="naʊ">Now</w>
         <c> </c>
         <w xml:id="pik94-069260"
            n="pik94/0035-a-0900"
            ecep:lem="forget"
            ecep:pos="vvn"
            ecep:reg="forgot"
            ecep:spe="forgot"
            ecep:syllab="2"
            ecep:pron="fəˈgɒt">forgot</w>
         <pc xml:id="pik94-069270"
             n="pik94/0035-a-0910"
             ecep:lem=","
             ecep:pos=","
             ecep:reg=","
             ecep:spe=",">,</pc>
         <c> </c>
         <w xml:id="pik94-069280"
            n="pik94/0035-a-0920"
            ecep:lem="and"
            ecep:pos="cc"
            ecep:reg="and"
            ecep:spe="and"
            ecep:syllab="1"
            ecep:pron="ænd">and</w>
         <c> </c>
         <w xml:id="pik94-069290"
            n="pik94/0035-a-0930"
            ecep:lem="devote"
            ecep:pos="vvb"
            ecep:reg="devote"
            ecep:spe="devote"
            ecep:syllab="2"
            ecep:pron="dɪˈvəʊt">devote</w>
         <c> </c>
         <w xml:id="pik94-069300"
            n="pik94/0035-a-0940"
            ecep:lem="i"
            ecep:pos="pno11"
            ecep:reg="me"
            ecep:spe="me"
            ecep:syllab="1"
            ecep:pron="miː">me</w>
         <c> </c>
         <w xml:id="pik94-069310"
            n="pik94/0035-a-0950"
            ecep:lem="to"
            ecep:pos="p-acp"
            ecep:reg="to"
            ecep:spe="to"
            ecep:syllab="1"
            ecep:pron="tuː">to</w>
         <c> </c>
         <w xml:id="pik94-069320"
            n="pik94/0035-a-0960"
            ecep:lem="grief"
            ecep:pos="n1"
            ecep:reg="grief"
            ecep:spe="grief"
            ecep:syllab="1"
            ecep:pron="griːf">grief</w>
         <pc xml:id="pik94-069330"
             n="pik94/0035-a-0970"
             unit="sentence"
             ecep:lem="?"
             ecep:pos="?"
             ecep:reg="?"
             ecep:spe="?">?</pc>
         <c> </c>
      </l>
   </lg>
   <lg xml:id="pik94-s00400">
      <l xml:id="pik94-l02880">
         <w xml:id="pik94-069360"
            n="pik94/0035-a-0980"
            ecep:lem="alas"
            ecep:pos="uh"
            ecep:reg="Alas"
            ecep:spe="Alas"
            ecep:syllab="2"
            ecep:pron="əˈlæs">Alas</w>
         <pc xml:id="pik94-069370"
             n="pik94/0035-a-0990"
             ecep:lem="!"
             ecep:pos="!"
             ecep:reg="!"
             ecep:spe="!">!</pc>
         <c> </c>
         <w xml:id="pik94-069380"
            n="pik94/0035-a-1000"
            ecep:lem="whensoever"
            ecep:pos="c-crq"
            ecep:reg="whensoever"
            ecep:spe="whensoe'er"
            ecep:syllab="3"
            ecep:pron="ˌwensəʊˈeː">whensoe'er</w>
         <c> </c>
         <w xml:id="pik94-069390"
            n="pik94/0035-a-1010"
            ecep:lem="i"
            ecep:pos="pns11"
            ecep:reg="I"
            ecep:spe="I"
            ecep:syllab="1"
            ecep:pron="aɪ">I</w>
         <c> </c>
         <w xml:id="pik94-069400"
            n="pik94/0035-a-1020"
            ecep:lem="attempt"
            ecep:pos="vvb"
            ecep:reg="attempt"
            ecep:spe="attempt"
            ecep:syllab="2"
            ecep:pron="əˈtemt">attempt</w>
      </l>
      <l xml:id="pik94-l02885">
         <c> </c>
         <w xml:id="pik94-069410"
            n="pik94/0035-a-1030"
            ecep:lem="a"
            ecep:pos="dt"
            ecep:reg="A"
            ecep:spe="A"
            ecep:syllab="1"
            ecep:pron="ə">A</w>
         <c> </c>
         <w xml:id="pik94-069420"
            n="pik94/0035-a-1040"
            ecep:lem="respite"
            ecep:pos="n1"
            ecep:reg="respite"
            ecep:spe="respite"
            ecep:syllab="2"
            ecep:pron="ˈrespaɪt">respite</w>
         <c> </c>
         <w xml:id="pik94-069430"
            n="pik94/0035-a-1050"
            ecep:lem="from"
            ecep:pos="p-acp"
            ecep:reg="from"
            ecep:spe="from"
            ecep:syllab="1"
            ecep:pron="frɒm">from</w>
         <c> </c>
         <w xml:id="pik94-069440"
            n="pik94/0035-a-1060"
            ecep:lem="anguish"
            ecep:pos="n1"
            ecep:reg="anguish"
            ecep:spe="anguish"
            ecep:syllab="2"
            ecep:pron="ˈæŋgwɪʃ">anguish</w>
         <c> </c>
         <w xml:id="pik94-069450"
            n="pik94/0035-a-1070"
            ecep:lem="to"
            ecep:pos="pc-acp"
            ecep:reg="to"
            ecep:spe="to"
            ecep:syllab="1"
            ecep:pron="tuː">to</w>
         <c> </c>
         <w xml:id="pik94-069460"
            n="pik94/0035-a-1080"
            ecep:lem="find"
            ecep:pos="vvi"
            ecep:reg="find"
            ecep:spe="find"
            ecep:syllab="1"
            ecep:pron="faɪnd">find</w>
         <pc xml:id="pik94-069470"
             n="pik94/0035-a-1090"
             ecep:lem=","
             ecep:pos=","
             ecep:reg=","
             ecep:spe=",">,</pc>
      </l>
      <l xml:id="pik94-l02890">
         <c> </c>
         <w xml:id="pik94-069480"
            n="pik94/0035-a-1100"
            ecep:lem="from"
            ecep:pos="p-acp"
            ecep:reg="From"
            ecep:spe="From"
            ecep:syllab="1"
            ecep:pron="frɒm">From</w>
         <c> </c>
         <w xml:id="pik94-069490"
            n="pik94/0035-a-1110"
            ecep:lem="the"
            ecep:pos="dt"
            ecep:reg="the"
            ecep:spe="the"
            ecep:syllab="1"
            ecep:pron="ðiː">the</w>
         <c> </c>
         <w xml:id="pik94-069500"
            n="pik94/0035-a-1120"
            ecep:lem="world"
            ecep:pos="n1"
            ecep:reg="world"
            ecep:spe="world"
            ecep:syllab="1"
            ecep:pron="wɜːld">world</w>
         <c> </c>
         <w xml:id="pik94-069510"
            n="pik94/0035-a-1130"
            ecep:lem="and"
            ecep:pos="cc"
            ecep:reg="and"
            ecep:spe="and"
            ecep:syllab="1"
            ecep:pron="ænd">and</w>
         <c> </c>
         <w xml:id="pik94-069520"
            n="pik94/0035-a-1140"
            ecep:lem="its"
            ecep:pos="po31"
            ecep:reg="its"
            ecep:spe="its"
            ecep:syllab="1"
            ecep:pron="ɪts">its</w>
         <c> </c>
         <w xml:id="pik94-069530"
            n="pik94/0035-a-1150"
            ecep:lem="scorn"
            ecep:pos="n1"
            ecep:reg="scorn"
            ecep:spe="scorn"
            ecep:syllab="1"
            ecep:pron="skɔːn">scorn</w>
         <c> </c>
         <w xml:id="pik94-069540"
            n="pik94/0035-a-1160"
            ecep:lem="i"
            ecep:pos="pns11"
            ecep:reg="I"
            ecep:spe="I"
            ecep:syllab="1"
            ecep:pron="aɪ">I</w>
         <c> </c>
         <w xml:id="pik94-069550"
            n="pik94/0035-a-1170"
            ecep:lem="retire"
            ecep:pos="vvb"
            ecep:reg="retire"
            ecep:spe="retire"
            ecep:syllab="3"
            ecep:pron="rɪˈtæə">retire</w>
         <pc xml:id="pik94-069560"
             n="pik94/0035-a-1180"
             ecep:lem=","
             ecep:pos=","
             ecep:reg=","
             ecep:spe=",">,</pc>
      </l>
      <l xml:id="pik94-l02895">
         <c> </c>
         <w xml:id="pik94-069570"
            n="pik94/0035-a-1190"
            ecep:lem="still"
            ecep:pos="av"
            ecep:reg="Still"
            ecep:spe="Still"
            ecep:syllab="1"
            ecep:pron="stɪl">Still</w>
         <pc xml:id="pik94-069580"
             n="pik94/0035-a-1200"
             ecep:lem=","
             ecep:pos=","
             ecep:reg=","
             ecep:spe=",">,</pc>
         <c> </c>
         <w xml:id="pik94-069590"
            n="pik94/0035-a-1210"
            ecep:lem="still"
            ecep:pos="av"
            ecep:reg="still"
            ecep:spe="still"
            ecep:syllab="1"
            ecep:pron="stɪl">still</w>
         <c> </c>
         <w xml:id="pik94-069600"
            n="pik94/0035-a-1220"
            ecep:lem="it"
            ecep:pos="pn31"
            ecep:reg="it"
            ecep:spe="it"
            ecep:syllab="1"
            ecep:pron="ɪt">it</w>
         <c> </c>
         <w xml:id="pik94-069610"
            n="pik94/0035-a-1230"
            ecep:lem="adhere"
            ecep:pos="vvz"
            ecep:reg="adheres"
            ecep:spe="adheres"
            ecep:syllab="2"
            ecep:pron="ədˈhɪəz">adheres</w>
         <c> </c>
         <w xml:id="pik94-069620"
            n="pik94/0035-a-1240"
            ecep:lem="to"
            ecep:pos="p-acp"
            ecep:reg="to"
            ecep:spe="to"
            ecep:syllab="1"
            ecep:pron="tuː">to</w>
         <c> </c>
         <w xml:id="pik94-069630"
            n="pik94/0035-a-1250"
            ecep:lem="my"
            ecep:pos="po11"
            ecep:reg="my"
            ecep:spe="my"
            ecep:syllab="1"
            ecep:pron="maɪ">my</w>
         <c> </c>
         <w xml:id="pik94-069640"
            n="pik94/0035-a-1260"
            ecep:lem="mind"
            ecep:pos="n1"
            ecep:reg="mind"
            ecep:spe="mind"
            ecep:syllab="1"
            ecep:pron="maɪnd">mind</w>
         <pc xml:id="pik94-069650"
             n="pik94/0035-a-1270"
             ecep:lem=";"
             ecep:pos=";"
             ecep:reg=";"
             ecep:spe=";">;</pc>
      </l>
   </lg>
   <lg xml:id="pik94-s00405">
      <l xml:id="pik94-l02900">
         <w xml:id="pik94-069680"
            n="pik94/0035-a-1280"
            ecep:lem="the"
            ecep:pos="dt"
            ecep:reg="The"
            ecep:spe="The"
            ecep:syllab="1"
            ecep:pron="ðiː">The</w>
         <c> </c>
         <w xml:id="pik94-069690"
            n="pik94/0035-a-1290"
            ecep:lem="admonish"
            ecep:pos="j-vvg"
            ecep:reg="admonishing"
            ecep:spe="admonishing"
            ecep:syllab="4"
            ecep:pron="ədˈmɒnɪʃɪŋ">admonishing</w>
         <c> </c>
         <w xml:id="pik94-069700"
            n="pik94/0035-a-1300"
            ecep:lem="spirit"
            ecep:pos="n1"
            ecep:reg="spirit"
            ecep:spe="spirit"
            ecep:syllab="2"
            ecep:pron="ˈspɪrɪt">spirit</w>
         <c> </c>
         <w xml:id="pik94-069710"
            n="pik94/0035-a-1310"
            ecep:lem="within"
            ecep:pos="p-acp"
            ecep:reg="within"
            ecep:spe="within"
            ecep:syllab="2"
            ecep:pron="wɪˈðɪn">within</w>
      </l>
      <l xml:id="pik94-l02905">
         <c> </c>
         <w xml:id="pik94-069720"
            n="pik94/0035-a-1320"
            ecep:lem="thy"
            ecep:pos="po21"
            ecep:reg="Thy"
            ecep:spe="Thy"
            ecep:syllab="1"
            ecep:pron="ðaɪ">Thy</w>
         <c> </c>
         <w xml:id="pik94-069730"
            n="pik94/0035-a-1330"
            ecep:lem="conscience"
            ecep:pos="n1"
            ecep:reg="conscience"
            ecep:spe="conscience"
            ecep:syllab="2"
            ecep:pron="ˈkɒnʃns">conscience</w>
         <c> </c>
         <w xml:id="pik94-069740"
            n="pik94/0035-a-1340"
            ecep:lem="must"
            ecep:pos="vmb"
            ecep:reg="must"
            ecep:spe="must"
            ecep:syllab="1"
            ecep:pron="mʌst">must</w>
         <c> </c>
         <w xml:id="pik94-069750"
            n="pik94/0035-a-1350"
            ecep:lem="whisper"
            ecep:pos="vvi"
            ecep:reg="whisper"
            ecep:spe="whisper"
            ecep:syllab="2"
            ecep:pron="ˈwɪspə">whisper</w>
         <pc xml:id="pik94-069760"
             n="pik94/0035-a-1360"
             ecep:lem=","
             ecep:pos=","
             ecep:reg=","
             ecep:spe=",">,</pc>
         <c> </c>
         <w xml:id="pik94-069770"
            n="pik94/0035-a-1370"
            ecep:lem="beware"
            ecep:pos="vvb"
            ecep:reg="beware"
            ecep:spe="beware"
            ecep:syllab="2"
            ecep:pron="bɪˈweə">beware</w>
         <pc xml:id="pik94-069780"
             n="pik94/0035-a-1380"
             unit="sentence"
             ecep:lem="!"
             ecep:pos="!"
             ecep:reg="!"
             ecep:spe="!">!</pc>
         <c> </c>
      </l>
      <pb facs="pik94/0036" n="28" rend="none"/>
      <l xml:id="pik94-l02910">
         <w xml:id="pik94-069790"
            n="pik94/0036-a-0010"
            ecep:lem="haste"
            ecep:pos="n1"
            ecep:reg="Haste"
            ecep:spe="Haste"
            ecep:syllab="1"
            ecep:pron="heɪst">Haste</w>
         <c> </c>
         <pc xml:id="pik94-069800"
             n="pik94/0036-a-0020"
             ecep:lem="—"
             ecep:pos="—"
             ecep:reg="—"
             ecep:spe="—">—</pc>
         <c> </c>
         <w xml:id="pik94-069810"
            n="pik94/0036-a-0030"
            ecep:lem="restore"
            ecep:pos="vvb"
            ecep:reg="restore"
            ecep:spe="restore"
            ecep:syllab="2"
            ecep:pron="rɪˈstɔː">restore</w>
         <c> </c>
         <w xml:id="pik94-069820"
            n="pik94/0036-a-0040"
            ecep:lem="a"
            ecep:pos="dt"
            ecep:reg="a"
            ecep:spe="a"
            ecep:syllab="1"
            ecep:pron="ə">a</w>
         <c> </c>
         <w xml:id="pik94-069830"
            n="pik94/0036-a-0050"
            ecep:lem="fond"
            ecep:pos="j"
            ecep:reg="fond"
            ecep:spe="fond"
            ecep:syllab="1"
            ecep:pron="fɒnd">fond</w>
         <c> </c>
         <w xml:id="pik94-069840"
            n="pik94/0036-a-0060"
            ecep:lem="wife"
            ecep:pos="n1"
            ecep:reg="wife"
            ecep:spe="wife"
            ecep:syllab="1"
            ecep:pron="waɪf">wife</w>
         <c> </c>
         <w xml:id="pik94-069850"
            n="pik94/0036-a-0070"
            ecep:lem="to"
            ecep:pos="pc-acp"
            ecep:reg="to"
            ecep:spe="to"
            ecep:syllab="1"
            ecep:pron="tuː">to</w>
         <c> </c>
         <w xml:id="pik94-069860"
            n="pik94/0036-a-0080"
            ecep:lem="delight"
            ecep:pos="vvi"
            ecep:reg="delight"
            ecep:spe="delight"
            ecep:syllab="2"
            ecep:pron="dɪˈlaɪt">delight</w>
         <pc xml:id="pik94-069870"
             n="pik94/0036-a-0090"
             ecep:lem=","
             ecep:pos=","
             ecep:reg=","
             ecep:spe=",">,</pc>
      </l>
      <l xml:id="pik94-l02915">
         <c> </c>
         <w xml:id="pik94-069880"
            n="pik94/0036-a-0100"
            ecep:lem="a"
            ecep:pos="dt"
            ecep:reg="A"
            ecep:spe="A"
            ecep:syllab="1"
            ecep:pron="ə">A</w>
         <c> </c>
         <w xml:id="pik94-069890"
            n="pik94/0036-a-0110"
            ecep:lem="mother"
            ecep:pos="n1"
            ecep:reg="mother"
            ecep:spe="mother"
            ecep:syllab="2"
            ecep:pron="ˈmʌðə">mother</w>
         <c> </c>
         <w xml:id="pik94-069900"
            n="pik94/0036-a-0120"
            ecep:lem="preserve"
            ecep:pos="vvi"
            ecep:reg="preserve"
            ecep:spe="preserve"
            ecep:syllab="2"
            ecep:pron="prɪˈzɜːv">preserve</w>
         <c> </c>
         <w xml:id="pik94-069910"
            n="pik94/0036-a-0130"
            ecep:lem="from"
            ecep:pos="p-acp"
            ecep:reg="from"
            ecep:spe="from"
            ecep:syllab="1"
            ecep:pron="frɒm">from</w>
         <c> </c>
         <w xml:id="pik94-069920"
            n="pik94/0036-a-0140"
            ecep:lem="despair"
            ecep:pos="n1"
            ecep:reg="despair"
            ecep:spe="despair"
            ecep:syllab="2"
            ecep:pron="dɪˈspeə">despair</w>
         <pc xml:id="pik94-069930"
             n="pik94/0036-a-0150"
             unit="sentence"
             ecep:lem="."
             ecep:pos="."
             ecep:reg="."
             ecep:spe=".">.</pc>
         <c> </c>
      </l>
   </lg>
   <lg xml:id="pik94-s00410">
      <l xml:id="pik94-l02920">
         <w xml:id="pik94-069960"
            n="pik94/0036-a-0160"
            ecep:lem="the"
            ecep:pos="dt"
            ecep:reg="The"
            ecep:spe="The"
            ecep:syllab="1"
            ecep:pron="ðiː">The</w>
         <c> </c>
         <w xml:id="pik94-069970"
            n="pik94/0036-a-0170"
            ecep:lem="soft"
            ecep:pos="j"
            ecep:reg="soft"
            ecep:spe="soft"
            ecep:syllab="1"
            ecep:pron="sɒft">soft</w>
         <c> </c>
         <w xml:id="pik94-069980"
            n="pik94/0036-a-0180"
            ecep:lem="southern"
            ecep:pos="j"
            ecep:reg="southern"
            ecep:spe="southern"
            ecep:syllab="2"
            ecep:pron="ˈsʌðən">southern</w>
         <c> </c>
         <w xml:id="pik94-069990"
            n="pik94/0036-a-0190"
            ecep:lem="gale"
            ecep:pos="n1"
            ecep:reg="gale"
            ecep:spe="gale"
            ecep:syllab="1"
            ecep:pron="geɪl">gale</w>
         <c> </c>
         <w xml:id="pik94-070000"
            n="pik94/0036-a-0200"
            ecep:lem="as"
            ecep:pos="c-acp"
            ecep:reg="as"
            ecep:spe="as"
            ecep:syllab="1"
            ecep:pron="æz">as</w>
         <c> </c>
         <w xml:id="pik94-070010"
            n="pik94/0036-a-0210"
            ecep:lem="it"
            ecep:pos="pn31"
            ecep:reg="it"
            ecep:spe="it"
            ecep:syllab="1"
            ecep:pron="ɪt">it</w>
         <c> </c>
         <w xml:id="pik94-070020"
            n="pik94/0036-a-0220"
            ecep:lem="blow"
            ecep:pos="vvz"
            ecep:reg="blows"
            ecep:spe="blows"
            ecep:syllab="1"
            ecep:pron="bləʊz">blows</w>
         <pc xml:id="pik94-070030"
             n="pik94/0036-a-0230"
             ecep:lem=","
             ecep:pos=","
             ecep:reg=","
             ecep:spe=",">,</pc>
      </l>
      <l xml:id="pik94-l02925">
         <c> </c>
         <w xml:id="pik94-070040"
            n="pik94/0036-a-0240"
            ecep:lem="appear"
            ecep:pos="vvz"
            ecep:reg="Appears"
            ecep:spe="Appears"
            ecep:syllab="2"
            ecep:pron="əˈpɪəz">Appears</w>
         <c> </c>
         <w xml:id="pik94-070050"
            n="pik94/0036-a-0250"
            ecep:lem="with"
            ecep:pos="p-acp"
            ecep:reg="with"
            ecep:spe="with"
            ecep:syllab="1"
            ecep:pron="wɪð">with</w>
         <c> </c>
         <w xml:id="pik94-070060"
            n="pik94/0036-a-0260"
            ecep:lem="my"
            ecep:pos="po11"
            ecep:reg="my"
            ecep:spe="my"
            ecep:syllab="1"
            ecep:pron="maɪ">my</w>
         <c> </c>
         <w xml:id="pik94-070070"
            n="pik94/0036-a-0270"
            ecep:lem="sorrow"
            ecep:pos="n2"
            ecep:reg="sorrows"
            ecep:spe="sorrows"
            ecep:syllab="2"
            ecep:pron="ˈsɒrəʊz">sorrows</w>
         <c> </c>
         <w xml:id="pik94-070080"
            n="pik94/0036-a-0280"
            ecep:lem="to"
            ecep:pos="pc-acp"
            ecep:reg="to"
            ecep:spe="to"
            ecep:syllab="1"
            ecep:pron="tuː">to</w>
         <c> </c>
         <w xml:id="pik94-070090"
            n="pik94/0036-a-0290"
            ecep:lem="mourn"
            ecep:pos="vvi"
            ecep:reg="mourn"
            ecep:spe="mourn"
            ecep:syllab="1"
            ecep:pron="mɔːn">mourn</w>
         <pc xml:id="pik94-070100"
             n="pik94/0036-a-0300"
             ecep:lem=";"
             ecep:pos=";"
             ecep:reg=";"
             ecep:spe=";">;</pc>
      </l>
      <l xml:id="pik94-l02930">
         <c> </c>
         <w xml:id="pik94-070110"
            n="pik94/0036-a-0310"
            ecep:lem="gentle"
            ecep:pos="j-jn"
            ecep:reg="Gentle"
            ecep:spe="Gentle"
            ecep:syllab="2"
            ecep:pron="ˈdʒentl">Gentle</w>
         <c> </c>
         <w xml:id="pik94-070120"
            n="pik94/0036-a-0320"
            ecep:lem="echo"
            ecep:pos="n1"
            ecep:reg="echo"
            ecep:spe="echo"
            ecep:syllab="2"
            ecep:pron="ˈekəʊ">echo</w>
         <c> </c>
         <w xml:id="pik94-070130"
            n="pik94/0036-a-0330"
            ecep:lem="with"
            ecep:pos="p-acp"
            ecep:reg="with"
            ecep:spe="with"
            ecep:syllab="1"
            ecep:pron="wɪð">with</w>
         <c> </c>
         <w xml:id="pik94-070140"
            n="pik94/0036-a-0340"
            ecep:lem="pity"
            ecep:pos="n1"
            ecep:reg="pity"
            ecep:spe="pity"
            ecep:syllab="2"
            ecep:pron="ˈpɪti">pity</w>
         <c> </c>
         <w xml:id="pik94-070150"
            n="pik94/0036-a-0350"
            ecep:lem="reply"
            ecep:pos="vvz"
            ecep:reg="replies"
            ecep:spe="replies"
            ecep:syllab="2"
            ecep:pron="rɪˈplaɪz">replies</w>
         <pc xml:id="pik94-070160"
             n="pik94/0036-a-0360"
             ecep:lem=","
             ecep:pos=","
             ecep:reg=","
             ecep:spe=",">,</pc>
      </l>
      <l xml:id="pik94-l02935">
         <c> </c>
         <pc xml:id="pik94-070170"
             n="pik94/0036-a-0370"
             ecep:lem="&#34;"
             ecep:pos="&#34;"
             ecep:reg="&#34;"
             ecep:spe="&#34;">"</pc>
         <w xml:id="pik94-070180"
            n="pik94/0036-a-0380"
            ecep:lem="Mary"
            ecep:pos="npg1"
            ecep:reg="Mary's"
            ecep:spe="Mary's"
            ecep:syllab="2"
            ecep:pron="ˈmeəriz">Mary's</w>
         <c> </c>
         <w xml:id="pik94-070190"
            n="pik94/0036-a-0390"
            ecep:lem="peace"
            ecep:pos="n1"
            ecep:reg="peace"
            ecep:spe="peace"
            ecep:syllab="1"
            ecep:pron="piːs">peace</w>
         <c> </c>
         <w xml:id="pik94-070200"
            n="pik94/0036-a-0400"
            ecep:lem="never"
            ecep:pos="av-x"
            ecep:reg="never"
            ecep:spe="ne'er"
            ecep:syllab="1"
            ecep:pron="neə">ne'er</w>
         <c> </c>
         <w xml:id="pik94-070210"
            n="pik94/0036-a-0410"
            ecep:lem="again"
            ecep:pos="av"
            ecep:reg="again"
            ecep:spe="again"
            ecep:syllab="2"
            ecep:pron="əˈgen">again</w>
         <c> </c>
         <w xml:id="pik94-070220"
            n="pik94/0036-a-0420"
            ecep:lem="can"
            ecep:pos="vmb"
            ecep:reg="can"
            ecep:spe="can"
            ecep:syllab="1"
            ecep:pron="kæn">can</w>
         <c> </c>
         <w xml:id="pik94-070230"
            n="pik94/0036-a-0430"
            ecep:lem="return"
            ecep:pos="vvi"
            ecep:reg="return"
            ecep:spe="return"
            ecep:syllab="2"
            ecep:pron="rɪˈtɜːn">return</w>
         <pc xml:id="pik94-070240"
             n="pik94/0036-a-0440"
             ecep:lem="."
             ecep:pos="."
             ecep:reg="."
             ecep:spe=".">.</pc>
         <pc xml:id="pik94-070250"
             n="pik94/0036-a-0450"
             unit="sentence"
             ecep:lem="&#34;"
             ecep:pos="&#34;"
             ecep:reg="&#34;"
             ecep:spe="&#34;">"</pc>
         <c> </c>
      </l>
   </lg>
   <lg xml:id="pik94-s00415">
      <l xml:id="pik94-l02940">
         <w xml:id="pik94-070280"
            n="pik94/0036-a-0460"
            ecep:lem="though"
            ecep:pos="c-acp"
            ecep:reg="Though"
            ecep:spe="Tho'"
            ecep:syllab="1"
            ecep:pron="ðəʊ">Tho'</w>
         <c> </c>
         <w xml:id="pik94-070290"
            n="pik94/0036-a-0470"
            ecep:lem="religion"
            ecep:pos="ng1"
            ecep:reg="religion's"
            ecep:spe="religion's"
            ecep:syllab="3"
            ecep:pron="rɪˈlɪdʒnz">religion's</w>
         <c> </c>
         <w xml:id="pik94-070300"
            n="pik94/0036-a-0480"
            ecep:lem="meek"
            ecep:pos="j"
            ecep:reg="meek"
            ecep:spe="meek"
            ecep:syllab="1"
            ecep:pron="miːk">meek</w>
         <c> </c>
         <w xml:id="pik94-070310"
            n="pik94/0036-a-0490"
            ecep:lem="aid"
            ecep:pos="n1"
            ecep:reg="aid"
            ecep:spe="aid"
            ecep:syllab="1"
            ecep:pron="eɪd">aid</w>
         <c> </c>
         <w xml:id="pik94-070320"
            n="pik94/0036-a-0500"
            ecep:lem="i"
            ecep:pos="pns11"
            ecep:reg="I"
            ecep:spe="I"
            ecep:syllab="1"
            ecep:pron="aɪ">I</w>
         <c> </c>
         <w xml:id="pik94-070330"
            n="pik94/0036-a-0510"
            ecep:lem="implore"
            ecep:pos="vvb"
            ecep:reg="implore"
            ecep:spe="implore"
            ecep:syllab="2"
            ecep:pron="ɪmˈplɔː">implore</w>
         <pc xml:id="pik94-070340"
             n="pik94/0036-a-0520"
             ecep:lem=","
             ecep:pos=","
             ecep:reg=","
             ecep:spe=",">,</pc>
      </l>
      <l xml:id="pik94-l02945">
         <c> </c>
         <w xml:id="pik94-070350"
            n="pik94/0036-a-0530"
            ecep:lem="yet"
            ecep:pos="av"
            ecep:reg="Yet"
            ecep:spe="Yet"
            ecep:syllab="1"
            ecep:pron="jet">Yet</w>
         <c> </c>
         <w xml:id="pik94-070360"
            n="pik94/0036-a-0540"
            ecep:lem="the"
            ecep:pos="dt"
            ecep:reg="the"
            ecep:spe="the"
            ecep:syllab="1"
            ecep:pron="ðiː">the</w>
         <c> </c>
         <w xml:id="pik94-070370"
            n="pik94/0036-a-0550"
            ecep:lem="soft"
            ecep:pos="js"
            ecep:reg="softest"
            ecep:spe="softest"
            ecep:syllab="2"
            ecep:pron="sɒftɪst">softest</w>
         <c> </c>
         <w xml:id="pik94-070380"
            n="pik94/0036-a-0560"
            ecep:lem="idea"
            ecep:pos="n2"
            ecep:reg="ideas"
            ecep:spe="ideas"
            ecep:syllab="2"
            ecep:pron="aɪˈdɪəz">ideas</w>
         <c> </c>
         <w xml:id="pik94-070390"
            n="pik94/0036-a-0570"
            ecep:lem="afire"
            ecep:pos="av"
            ecep:reg="afire"
            ecep:spe="afire"
            ecep:syllab="2"
            ecep:pron="əˈfæə">afire</w>
         <pc xml:id="pik94-070400"
             n="pik94/0036-a-0580"
             ecep:lem=";"
             ecep:pos=";"
             ecep:reg=";"
             ecep:spe=";">;</pc>
      </l>
      <l xml:id="pik94-l02950">
         <c> </c>
         <w xml:id="pik94-070410"
            n="pik94/0036-a-0590"
            ecep:lem="and"
            ecep:pos="cc"
            ecep:reg="And"
            ecep:spe="And"
            ecep:syllab="1"
            ecep:pron="ænd">And</w>
         <c> </c>
         <w xml:id="pik94-070420"
            n="pik94/0036-a-0600"
            ecep:lem="this"
            ecep:pos="d"
            ecep:reg="this"
            ecep:spe="this"
            ecep:syllab="1"
            ecep:pron="ðɪs">this</w>
         <c> </c>
         <w xml:id="pik94-070430"
            n="pik94/0036-a-0610"
            ecep:lem="heart"
            ecep:pos="n1"
            ecep:reg="heart"
            ecep:spe="heart"
            ecep:syllab="1"
            ecep:pron="hɑːt">heart</w>
         <pc xml:id="pik94-070440"
             n="pik94/0036-a-0620"
             ecep:lem=","
             ecep:pos=","
             ecep:reg=","
             ecep:spe=",">,</pc>
         <c> </c>
         <w xml:id="pik94-070450"
            n="pik94/0036-a-0630"
            ecep:lem="though"
            ecep:pos="c-acp"
            ecep:reg="though"
            ecep:spe="tho'"
            ecep:syllab="1"
            ecep:pron="ðəʊ">tho'</w>
         <c> </c>
         <w xml:id="pik94-070460"
            n="pik94/0036-a-0640"
            ecep:lem="disdain"
            ecep:pos="vvn"
            ecep:reg="disdained"
            ecep:spe="disdain'd"
            ecep:syllab="2"
            ecep:pron="dɪsˈdeɪnd">disdain'd</w>
         <pc xml:id="pik94-070470"
             n="pik94/0036-a-0650"
             ecep:lem=","
             ecep:pos=","
             ecep:reg=","
             ecep:spe=",">,</pc>
         <c> </c>
         <w xml:id="pik94-070480"
            n="pik94/0036-a-0660"
            ecep:lem="still"
            ecep:pos="av"
            ecep:reg="still"
            ecep:spe="still"
            ecep:syllab="1"
            ecep:pron="stɪl">still</w>
         <c> </c>
         <w xml:id="pik94-070490"
            n="pik94/0036-a-0670"
            ecep:lem="adore"
            ecep:pos="vvz"
            ecep:reg="adores"
            ecep:spe="adores"
            ecep:syllab="2"
            ecep:pron="əˈdɔːz">adores</w>
      </l>
      <l xml:id="pik94-l02955">
         <c> </c>
         <w xml:id="pik94-070500"
            n="pik94/0036-a-0680"
            ecep:lem="what"
            ecep:pos="q-crq"
            ecep:reg="What"
            ecep:spe="What"
            ecep:syllab="1"
            ecep:pron="wɒt">What</w>
         <c> </c>
         <w xml:id="pik94-070510"
            n="pik94/0036-a-0690"
            ecep:lem="my"
            ecep:pos="po11"
            ecep:reg="my"
            ecep:spe="my"
            ecep:syllab="1"
            ecep:pron="maɪ">my</w>
         <c> </c>
         <w xml:id="pik94-070520"
            n="pik94/0036-a-0700"
            ecep:lem="reason"
            ecep:pos="n1"
            ecep:reg="reason"
            ecep:spe="reason"
            ecep:syllab="2"
            ecep:pron="ˈriːzn">reason</w>
         <c> </c>
         <w xml:id="pik94-070530"
            n="pik94/0036-a-0710"
            ecep:lem="no"
            ecep:pos="av-dx"
            ecep:reg="no"
            ecep:spe="no"
            ecep:syllab="1"
            ecep:pron="nəʊ">no</w>
         <c> </c>
         <w xml:id="pik94-070540"
            n="pik94/0036-a-0720"
            ecep:lem="long"
            ecep:pos="av-jc"
            ecep:reg="longer"
            ecep:spe="longer"
            ecep:syllab="2"
            ecep:pron="lɒŋgə">longer</w>
         <c> </c>
         <w xml:id="pik94-070550"
            n="pik94/0036-a-0730"
            ecep:lem="can"
            ecep:pos="vmb"
            ecep:reg="can"
            ecep:spe="can"
            ecep:syllab="1"
            ecep:pron="kæn">can</w>
         <c> </c>
         <w xml:id="pik94-070560"
            n="pik94/0036-a-0740"
            ecep:lem="prize"
            ecep:pos="vvi"
            ecep:reg="prise"
            ecep:spe="prize"
            ecep:syllab="1"
            ecep:pron="praɪz">prize</w>
         <pc xml:id="pik94-070570"
             n="pik94/0036-a-0750"
             unit="sentence"
             ecep:lem="."
             ecep:pos="."
             ecep:reg="."
             ecep:spe=".">.</pc>
         <c> </c>
      </l>
   </lg>
   <lg xml:id="pik94-s00420">
      <l xml:id="pik94-l02960">
         <w xml:id="pik94-070600"
            n="pik94/0036-a-0760"
            ecep:lem="but"
            ecep:pos="p-acp"
            ecep:reg="But"
            ecep:spe="But"
            ecep:syllab="1"
            ecep:pron="bʌt">But</w>
         <c> </c>
         <w xml:id="pik94-070610"
            n="pik94/0036-a-0770"
            ecep:lem="alas"
            ecep:pos="uh"
            ecep:reg="alas"
            ecep:spe="alas"
            ecep:syllab="2"
            ecep:pron="əˈlæs">alas</w>
         <pc xml:id="pik94-070620"
             n="pik94/0036-a-0780"
             ecep:lem="!"
             ecep:pos="!"
             ecep:reg="!"
             ecep:spe="!">!</pc>
         <c> </c>
         <w xml:id="pik94-070630"
            n="pik94/0036-a-0790"
            ecep:lem="can"
            ecep:pos="vmd"
            ecep:reg="could"
            ecep:spe="could"
            ecep:syllab="1"
            ecep:pron="kʊd">could</w>
         <c> </c>
         <w xml:id="pik94-070640"
            n="pik94/0036-a-0800"
            ecep:lem="the"
            ecep:pos="dt"
            ecep:reg="the"
            ecep:spe="the"
            ecep:syllab="1"
            ecep:pron="ðiː">the</w>
         <c> </c>
         <w xml:id="pik94-070650"
            n="pik94/0036-a-0810"
            ecep:lem="error"
            ecep:pos="n1"
            ecep:reg="error"
            ecep:spe="error"
            ecep:syllab="2"
            ecep:pron="ˈerə">error</w>
         <c> </c>
         <w xml:id="pik94-070660"
            n="pik94/0036-a-0820"
            ecep:lem="be"
            ecep:pos="vbi"
            ecep:reg="be"
            ecep:spe="be"
            ecep:syllab="1"
            ecep:pron="biː">be</w>
         <c> </c>
         <w xml:id="pik94-070670"
            n="pik94/0036-a-0830"
            ecep:lem="i"
            ecep:pos="png11"
            ecep:reg="mine"
            ecep:spe="mine"
            ecep:syllab="1"
            ecep:pron="maɪn">mine</w>
         <pc xml:id="pik94-070680"
             n="pik94/0036-a-0840"
             unit="sentence"
             ecep:lem="?"
             ecep:pos="?"
             ecep:reg="?"
             ecep:spe="?">?</pc>
         <c> </c>
      </l>
      <l xml:id="pik94-l02965">
         <w xml:id="pik94-070690"
            n="pik94/0036-a-0850"
            ecep:lem="say"
            ecep:pos="vvb"
            ecep:reg="Say"
            ecep:spe="Say"
            ecep:syllab="1"
            ecep:pron="seɪ">Say</w>
         <pc xml:id="pik94-070700"
             n="pik94/0036-a-0860"
             ecep:lem=","
             ecep:pos=","
             ecep:reg=","
             ecep:spe=",">,</pc>
         <c> </c>
         <w xml:id="pik94-070710"
            n="pik94/0036-a-0870"
            ecep:lem="can"
            ecep:pos="vmd"
            ecep:reg="could"
            ecep:spe="could"
            ecep:syllab="1"
            ecep:pron="kʊd">could</w>
         <c> </c>
         <w xml:id="pik94-070720"
            n="pik94/0036-a-0880"
            ecep:lem="it"
            ecep:pos="pn31"
            ecep:reg="it"
            ecep:spe="it"
            ecep:syllab="1"
            ecep:pron="ɪt">it</w>
         <c> </c>
         <w xml:id="pik94-070730"
            n="pik94/0036-a-0890"
            ecep:lem="ever"
            ecep:pos="av"
            ecep:reg="ever"
            ecep:spe="e'er"
            ecep:syllab="1"
            ecep:pron="eə">e'er</w>
         <c> </c>
         <w xml:id="pik94-070740"
            n="pik94/0036-a-0900"
            ecep:lem="spring"
            ecep:pos="vvi"
            ecep:reg="spring"
            ecep:spe="spring"
            ecep:syllab="1"
            ecep:pron="sprɪŋ">spring</w>
         <c> </c>
         <w xml:id="pik94-070750"
            n="pik94/0036-a-0910"
            ecep:lem="from"
            ecep:pos="p-acp"
            ecep:reg="from"
            ecep:spe="from"
            ecep:syllab="1"
            ecep:pron="frɒm">from</w>
         <c> </c>
         <w xml:id="pik94-070760"
            n="pik94/0036-a-0920"
            ecep:lem="my"
            ecep:pos="po11"
            ecep:reg="my"
            ecep:spe="my"
            ecep:syllab="1"
            ecep:pron="maɪ">my</w>
         <c> </c>
         <w xml:id="pik94-070770"
            n="pik94/0036-a-0930"
            ecep:lem="mind"
            ecep:pos="n1"
            ecep:reg="mind"
            ecep:spe="mind"
            ecep:syllab="1"
            ecep:pron="maɪnd">mind</w>
         <pc xml:id="pik94-070780"
             n="pik94/0036-a-0940"
             ecep:lem=","
             ecep:pos=","
             ecep:reg=","
             ecep:spe=",">,</pc>
      </l>
      <l xml:id="pik94-l02970">
         <c> </c>
         <w xml:id="pik94-070790"
            n="pik94/0036-a-0950"
            ecep:lem="when"
            ecep:pos="c-crq"
            ecep:reg="When"
            ecep:spe="When"
            ecep:syllab="1"
            ecep:pron="wen">When</w>
         <c> </c>
         <w xml:id="pik94-070800"
            n="pik94/0036-a-0960"
            ecep:lem="so"
            ecep:pos="av"
            ecep:reg="so"
            ecep:spe="so"
            ecep:syllab="1"
            ecep:pron="səʊ">so</w>
         <c> </c>
         <w xml:id="pik94-070810"
            n="pik94/0036-a-0970"
            ecep:lem="fond"
            ecep:pos="av-j"
            ecep:reg="fondly"
            ecep:spe="fondly"
            ecep:syllab="2"
            ecep:pron="ˈfɒndli">fondly</w>
         <c> </c>
         <w xml:id="pik94-070820"
            n="pik94/0036-a-0980"
            ecep:lem="thou"
            ecep:pos="pns21"
            ecep:reg="thou"
            ecep:spe="thou"
            ecep:syllab="1"
            ecep:pron="θaʊ">thou</w>
         <c> </c>
         <w xml:id="pik94-070830"
            n="pik94/0036-a-0990"
            ecep:lem="often"
            ecep:pos="av"
            ecep:reg="often"
            ecep:spe="often"
            ecep:syllab="2"
            ecep:pron="ˈɒfn">often</w>
         <c> </c>
         <w xml:id="pik94-070840"
            n="pik94/0036-a-1000"
            ecep:lem="have"
            ecep:pos="vh2"
            ecep:reg="hast"
            ecep:spe="hast"
            ecep:syllab="1"
            ecep:pron="hæst">hast</w>
         <c> </c>
         <w xml:id="pik94-070850"
            n="pik94/0036-a-1010"
            ecep:lem="say"
            ecep:pos="vvn"
            ecep:reg="said"
            ecep:spe="said"
            ecep:syllab="1"
            ecep:pron="sed">said</w>
         <pc xml:id="pik94-070860"
             n="pik94/0036-a-1020"
             ecep:lem=","
             ecep:pos=","
             ecep:reg=","
             ecep:spe=",">,</pc>
      </l>
      <l xml:id="pik94-l02975">
         <c> </c>
         <w xml:id="pik94-070870"
            n="pik94/0036-a-1030"
            ecep:lem="Mary"
            ecep:pos="npg1"
            ecep:reg="Mary's"
            ecep:spe="Mary's"
            ecep:syllab="2"
            ecep:pron="ˈmeəriz">Mary's</w>
         <c> </c>
         <w xml:id="pik94-070880"
            n="pik94/0036-a-1040"
            ecep:lem="bosom"
            ecep:pos="n1"
            ecep:reg="bosom"
            ecep:spe="bosom"
            ecep:syllab="2"
            ecep:pron="ˈbʊzm">bosom</w>
         <c> </c>
         <w xml:id="pik94-070890"
            n="pik94/0036-a-1050"
            ecep:lem="be"
            ecep:pos="vbz"
            ecep:reg="is"
            ecep:spe="is"
            ecep:syllab="1"
            ecep:pron="ɪz">is</w>
         <c> </c>
         <w xml:id="pik94-070900"
            n="pik94/0036-a-1060"
            ecep:lem="chaste"
            ecep:pos="j"
            ecep:reg="chaste"
            ecep:spe="chaste"
            ecep:syllab="1"
            ecep:pron="tʃeɪst">chaste</w>
         <c> </c>
         <w xml:id="pik94-070910"
            n="pik94/0036-a-1070"
            ecep:lem="and"
            ecep:pos="cc"
            ecep:reg="and"
            ecep:spe="and"
            ecep:syllab="1"
            ecep:pron="ænd">and</w>
         <c> </c>
         <w xml:id="pik94-070920"
            n="pik94/0036-a-1080"
            ecep:lem="refine"
            ecep:pos="j-vvn"
            ecep:reg="refined"
            ecep:spe="refin'd"
            ecep:syllab="2"
            ecep:pron="rɪˈfaɪnd">refin'd</w>
         <pc xml:id="pik94-070930"
             n="pik94/0036-a-1090"
             unit="sentence"
             ecep:lem="?"
             ecep:pos="?"
             ecep:reg="?"
             ecep:spe="?">?</pc>
         <c> </c>
      </l>
   </lg>
   <lg xml:id="pik94-s00425">
      <l xml:id="pik94-l02980">
         <w xml:id="pik94-070960"
            n="pik94/0036-a-1100"
            ecep:lem="still"
            ecep:pos="j"
            ecep:reg="Still"
            ecep:spe="Still"
            ecep:syllab="1"
            ecep:pron="stɪl">Still</w>
         <c> </c>
         <w xml:id="pik94-070970"
            n="pik94/0036-a-1110"
            ecep:lem="triumph"
            ecep:pos="n1"
            ecep:reg="triumph"
            ecep:spe="triumph"
            ecep:syllab="2"
            ecep:pron="ˈtraɪəmf">triumph</w>
         <c> </c>
         <pc xml:id="pik94-070980"
             n="pik94/0036-a-1120"
             ecep:lem="—"
             ecep:pos="—"
             ecep:reg="—"
             ecep:spe="—">—</pc>
         <c> </c>
         <w xml:id="pik94-070990"
            n="pik94/0036-a-1130"
            ecep:lem="my"
            ecep:pos="po11"
            ecep:reg="my"
            ecep:spe="my"
            ecep:syllab="1"
            ecep:pron="maɪ">my</w>
         <c> </c>
         <w xml:id="pik94-071000"
            n="pik94/0036-a-1140"
            ecep:lem="wrong"
            ecep:pos="n2-jn"
            ecep:reg="wrongs"
            ecep:spe="wrongs"
            ecep:syllab="1"
            ecep:pron="rɒŋz">wrongs</w>
         <c> </c>
         <w xml:id="pik94-071010"
            n="pik94/0036-a-1150"
            ecep:lem="be"
            ecep:pos="vbr"
            ecep:reg="are"
            ecep:spe="are"
            ecep:syllab="1"
            ecep:pron="ɑː">are</w>
         <c> </c>
         <w xml:id="pik94-071020"
            n="pik94/0036-a-1160"
            ecep:lem="unknown"
            ecep:pos="j"
            ecep:reg="unknown"
            ecep:spe="unknown"
            ecep:syllab="2"
            ecep:pron="ʌnˈnəʊn">unknown</w>
         <pc xml:id="pik94-071030"
             n="pik94/0036-a-1170"
             ecep:lem=";"
             ecep:pos=";"
             ecep:reg=";"
             ecep:spe=";">;</pc>
      </l>
      <l xml:id="pik94-l02985">
         <c> </c>
         <w xml:id="pik94-071040"
            n="pik94/0036-a-1180"
            ecep:lem="oh"
            ecep:pos="uh"
            ecep:reg="O"
            ecep:spe="Oh"
            ecep:syllab="1"
            ecep:pron="əʊ">Oh</w>
         <pc xml:id="pik94-071045"
             n="pik94/0036-a-1180"
             ecep:lem="!"
             ecep:pos="!"
             ecep:reg="!"
             ecep:spe="!">!</pc>
         <c> </c>
         <w xml:id="pik94-071050"
            n="pik94/0036-a-1190"
            ecep:lem="torture"
            ecep:pos="n1"
            ecep:reg="torture"
            ecep:spe="torture"
            ecep:syllab="2"
            ecep:pron="ˈtɔːtʃə">torture</w>
         <c> </c>
         <w xml:id="pik94-071060"
            n="pik94/0036-a-1200"
            ecep:lem="be"
            ecep:pos="vbb"
            ecep:reg="be"
            ecep:spe="be"
            ecep:syllab="1"
            ecep:pron="biː">be</w>
         <c> </c>
         <w xml:id="pik94-071070"
            n="pik94/0036-a-1210"
            ecep:lem="hush"
            ecep:pos="vvn"
            ecep:reg="hushed"
            ecep:spe="hush'd"
            ecep:syllab="1"
            ecep:pron="hʌʃt">hush'd</w>
         <pc xml:id="pik94-071080"
             n="pik94/0036-a-1220"
             ecep:lem=","
             ecep:pos=","
             ecep:reg=","
             ecep:spe=",">,</pc>
         <c> </c>
         <w xml:id="pik94-071090"
            n="pik94/0036-a-1230"
            ecep:lem="be"
            ecep:pos="vbb"
            ecep:reg="be"
            ecep:spe="be"
            ecep:syllab="1"
            ecep:pron="biː">be</w>
         <c> </c>
         <w xml:id="pik94-071100"
            n="pik94/0036-a-1240"
            ecep:lem="repress"
            ecep:pos="vvn"
            ecep:reg="repressed"
            ecep:spe="represt"
            ecep:syllab="2"
            ecep:pron="rɪprˈest">represt</w>
         <pc xml:id="pik94-071110"
             n="pik94/0036-a-1250"
             ecep:lem=";"
             ecep:pos=";"
             ecep:reg=";"
             ecep:spe=";">;</pc>
      </l>
      <l xml:id="pik94-l02990">
         <c> </c>
         <w xml:id="pik94-071120"
            n="pik94/0036-a-1260"
            ecep:lem="to"
            ecep:pos="pc-acp"
            ecep:reg="To"
            ecep:spe="To"
            ecep:syllab="1"
            ecep:pron="tuː">To</w>
         <c> </c>
         <w xml:id="pik94-071130"
            n="pik94/0036-a-1270"
            ecep:lem="be"
            ecep:pos="vbi"
            ecep:reg="be"
            ecep:spe="be"
            ecep:syllab="1"
            ecep:pron="biː">be</w>
         <c> </c>
         <w xml:id="pik94-071140"
            n="pik94/0036-a-1280"
            ecep:lem="pity"
            ecep:pos="vvn"
            ecep:reg="pitied"
            ecep:spe="pitied"
            ecep:syllab="2"
            ecep:pron="ˈpɪtid">pitied</w>
         <c> </c>
         <w xml:id="pik94-071150"
            n="pik94/0036-a-1290"
            ecep:lem="i"
            ecep:pos="pns11"
            ecep:reg="I"
            ecep:spe="I"
            ecep:syllab="1"
            ecep:pron="aɪ">I</w>
         <c> </c>
         <w xml:id="pik94-071160"
            n="pik94/0036-a-1300"
            ecep:lem="yet"
            ecep:pos="av"
            ecep:reg="yet"
            ecep:spe="yet"
            ecep:syllab="1"
            ecep:pron="jet">yet</w>
         <c> </c>
         <w xml:id="pik94-071170"
            n="pik94/0036-a-1310"
            ecep:lem="be"
            ecep:pos="vbm"
            ecep:reg="am"
            ecep:spe="am"
            ecep:syllab="1"
            ecep:pron="æm">am</w>
         <c> </c>
         <w xml:id="pik94-071180"
            n="pik94/0036-a-1320"
            ecep:lem="too"
            ecep:pos="av"
            ecep:reg="too"
            ecep:spe="too"
            ecep:syllab="1"
            ecep:pron="tuː">too</w>
         <c> </c>
         <w xml:id="pik94-071190"
            n="pik94/0036-a-1330"
            ecep:lem="proud"
            ecep:pos="j"
            ecep:reg="proud"
            ecep:spe="proud"
            ecep:syllab="1"
            ecep:pron="praʊd">proud</w>
         <pc xml:id="pik94-071200"
             n="pik94/0036-a-1340"
             ecep:lem=","
             ecep:pos=","
             ecep:reg=","
             ecep:spe=",">,</pc>
      </l>
      <l xml:id="pik94-l02995">
         <c> </c>
         <w xml:id="pik94-071210"
            n="pik94/0036-a-1350"
            ecep:lem="and"
            ecep:pos="cc"
            ecep:reg="And"
            ecep:spe="And"
            ecep:syllab="1"
            ecep:pron="ænd">And</w>
         <c> </c>
         <w xml:id="pik94-071220"
            n="pik94/0036-a-1360"
            ecep:lem="thy"
            ecep:pos="po21"
            ecep:reg="thy"
            ecep:spe="thy"
            ecep:syllab="1"
            ecep:pron="ðaɪ">thy</w>
         <c> </c>
         <w xml:id="pik94-071230"
            n="pik94/0036-a-1370"
            ecep:lem="fame"
            ecep:pos="n1"
            ecep:reg="fame"
            ecep:spe="fame"
            ecep:syllab="1"
            ecep:pron="feɪm">fame</w>
         <c> </c>
         <w xml:id="pik94-071240"
            n="pik94/0036-a-1380"
            ecep:lem="be"
            ecep:pos="vbz"
            ecep:reg="is"
            ecep:spe="is"
            ecep:syllab="1"
            ecep:pron="ɪz">is</w>
         <c> </c>
         <w xml:id="pik94-071250"
            n="pik94/0036-a-1390"
            ecep:lem="still"
            ecep:pos="av"
            ecep:reg="still"
            ecep:spe="still"
            ecep:syllab="1"
            ecep:pron="stɪl">still</w>
         <c> </c>
         <w xml:id="pik94-071260"
            n="pik94/0036-a-1400"
            ecep:lem="dear"
            ecep:pos="j-jn"
            ecep:reg="dear"
            ecep:spe="dear"
            ecep:syllab="1"
            ecep:pron="dɪə">dear</w>
         <c> </c>
         <w xml:id="pik94-071270"
            n="pik94/0036-a-1410"
            ecep:lem="to"
            ecep:pos="p-acp"
            ecep:reg="to"
            ecep:spe="to"
            ecep:syllab="1"
            ecep:pron="tuː">to</w>
         <c> </c>
         <w xml:id="pik94-071280"
            n="pik94/0036-a-1420"
            ecep:lem="my"
            ecep:pos="po11"
            ecep:reg="my"
            ecep:spe="my"
            ecep:syllab="1"
            ecep:pron="maɪ">my</w>
         <c> </c>
         <w xml:id="pik94-071290"
            n="pik94/0036-a-1430"
            ecep:lem="breast"
            ecep:pos="n1"
            ecep:reg="breast"
            ecep:spe="breast"
            ecep:syllab="1"
            ecep:pron="brest">breast</w>
         <pc xml:id="pik94-071300"
             n="pik94/0036-a-1440"
             ecep:lem=";"
             ecep:pos=";"
             ecep:reg=";"
             ecep:spe=";">;</pc>
      </l>
   </lg>
   <lg xml:id="pik94-s00430">
      <l xml:id="pik94-l03000">
         <w xml:id="pik94-071330"
            n="pik94/0036-a-1450"
            ecep:lem="ever"
            ecep:pos="av"
            ecep:reg="Ever"
            ecep:spe="Ever"
            ecep:syllab="2"
            ecep:pron="ˈevə">Ever</w>
         <c> </c>
         <w xml:id="pik94-071340"
            n="pik94/0036-a-1460"
            ecep:lem="dear"
            ecep:pos="j-jn"
            ecep:reg="dear"
            ecep:spe="dear"
            ecep:syllab="1"
            ecep:pron="dɪə">dear</w>
         <pc xml:id="pik94-071350"
             n="pik94/0036-a-1470"
             ecep:lem="!"
             ecep:pos="!"
             ecep:reg="!"
             ecep:spe="!">!</pc>
         <c> </c>
         <w xml:id="pik94-071360"
            n="pik94/0036-a-1480"
            ecep:lem="yet"
            ecep:pos="av"
            ecep:reg="yet"
            ecep:spe="yet"
            ecep:syllab="1"
            ecep:pron="jet">yet</w>
         <c> </c>
         <w xml:id="pik94-071370"
            n="pik94/0036-a-1490"
            ecep:lem="be"
            ecep:pos="vbb"
            ecep:reg="be"
            ecep:spe="be"
            ecep:syllab="1"
            ecep:pron="biː">be</w>
         <c> </c>
         <w xml:id="pik94-071380"
            n="pik94/0036-a-1500"
            ecep:lem="warn"
            ecep:pos="vvn"
            ecep:reg="warned"
            ecep:spe="warn'd"
            ecep:syllab="1"
            ecep:pron="wɔːnd">warn'd</w>
         <c> </c>
         <w xml:id="pik94-071390"
            n="pik94/0036-a-1510"
            ecep:lem="by"
            ecep:pos="p-acp"
            ecep:reg="by"
            ecep:spe="by"
            ecep:syllab="1"
            ecep:pron="baɪ">by</w>
         <c> </c>
         <w xml:id="pik94-071400"
            n="pik94/0036-a-1520"
            ecep:lem="my"
            ecep:pos="po11"
            ecep:reg="my"
            ecep:spe="my"
            ecep:syllab="1"
            ecep:pron="maɪ">my</w>
         <c> </c>
         <w xml:id="pik94-071410"
            n="pik94/0036-a-1530"
            ecep:lem="love"
            ecep:pos="n1"
            ecep:reg="love"
            ecep:spe="love"
            ecep:syllab="1"
            ecep:pron="lʌv">love</w>
         <pc xml:id="pik94-071420"
             n="pik94/0036-a-1540"
             ecep:lem=";"
             ecep:pos=";"
             ecep:reg=";"
             ecep:spe=";">;</pc>
      </l>
      <l xml:id="pik94-l03005">
         <c> </c>
         <w xml:id="pik94-071430"
            n="pik94/0036-a-1550"
            ecep:lem="retribution"
            ecep:pos="ng1"
            ecep:reg="Retribution's"
            ecep:spe="Retribution's"
            ecep:syllab="4"
            ecep:pron="ˌretrɪˈbjuːʃnz">Retribution's</w>
         <c> </c>
         <w xml:id="pik94-071440"
            n="pik94/0036-a-1560"
            ecep:lem="bright"
            ecep:pos="j"
            ecep:reg="bright"
            ecep:spe="bright"
            ecep:syllab="1"
            ecep:pron="braɪt">bright</w>
         <c> </c>
         <w xml:id="pik94-071450"
            n="pik94/0036-a-1570"
            ecep:lem="morning"
            ecep:pos="n1"
            ecep:reg="morning"
            ecep:spe="morning"
            ecep:syllab="2"
            ecep:pron="ˈmɔːnɪŋ">morning</w>
         <c> </c>
         <w xml:id="pik94-071460"
            n="pik94/0036-a-1580"
            ecep:lem="will"
            ecep:pos="vmb"
            ecep:reg="will"
            ecep:spe="will"
            ecep:syllab="1"
            ecep:pron="wɪl">will</w>
         <c> </c>
         <w xml:id="pik94-071470"
            n="pik94/0036-a-1590"
            ecep:lem="rise"
            ecep:pos="vvi"
            ecep:reg="rise"
            ecep:spe="rise"
            ecep:syllab="1"
            ecep:pron="raɪz">rise</w>
         <pc xml:id="pik94-071480"
             n="pik94/0036-a-1600"
             ecep:lem=","
             ecep:pos=","
             ecep:reg=","
             ecep:spe=",">,</pc>
      </l>
      <l xml:id="pik94-l03010">
         <c> </c>
         <w xml:id="pik94-071490"
            n="pik94/0036-a-1610"
            ecep:lem="and"
            ecep:pos="cc"
            ecep:reg="And"
            ecep:spe="And"
            ecep:syllab="1"
            ecep:pron="ænd">And</w>
         <c> </c>
         <w xml:id="pik94-071500"
            n="pik94/0036-a-1620"
            ecep:lem="those"
            ecep:pos="d"
            ecep:reg="those"
            ecep:spe="those"
            ecep:syllab="1"
            ecep:pron="ðəʊz">those</w>
         <c> </c>
         <w xml:id="pik94-071510"
            n="pik94/0036-a-1630"
            ecep:lem="wrong"
            ecep:pos="n2-jn"
            ecep:reg="wrongs"
            ecep:spe="wrongs"
            ecep:syllab="1"
            ecep:pron="rɒŋz">wrongs</w>
         <pc xml:id="pik94-071520"
             n="pik94/0036-a-1640"
             ecep:lem=","
             ecep:pos=","
             ecep:reg=","
             ecep:spe=",">,</pc>
         <c> </c>
         <w xml:id="pik94-071530"
            n="pik94/0036-a-1650"
            ecep:lem="unremembered"
            ecep:pos="j"
            ecep:reg="unremembered"
            ecep:spe="unremember'd"
            ecep:syllab="4"
            ecep:pron="ˌʌnrɪˈmembəd">unremember'd</w>
         <c> </c>
         <w xml:id="pik94-071540"
            n="pik94/0036-a-1660"
            ecep:lem="by"
            ecep:pos="p-acp"
            ecep:reg="by"
            ecep:spe="by"
            ecep:syllab="1"
            ecep:pron="baɪ">by</w>
         <c> </c>
         <w xml:id="pik94-071550"
            n="pik94/0036-a-1670"
            ecep:lem="thou"
            ecep:pos="pno21"
            ecep:reg="thee"
            ecep:spe="thee"
            ecep:syllab="1"
            ecep:pron="ðiː">thee</w>
         <pc xml:id="pik94-071560"
             n="pik94/0036-a-1680"
             ecep:lem=","
             ecep:pos=","
             ecep:reg=","
             ecep:spe=",">,</pc>
      </l>
      <l xml:id="pik94-l03015">
         <c> </c>
         <w xml:id="pik94-071570"
            n="pik94/0036-a-1690"
            ecep:lem="some"
            ecep:pos="d"
            ecep:reg="Some"
            ecep:spe="Some"
            ecep:syllab="1"
            ecep:pron="sʌm">Some</w>
         <c> </c>
         <w xml:id="pik94-071580"
            n="pik94/0036-a-1700"
            ecep:lem="angel"
            ecep:pos="n1"
            ecep:reg="angel"
            ecep:spe="angel"
            ecep:syllab="2"
            ecep:pron="ˈeɪndʒl">angel</w>
         <c> </c>
         <w xml:id="pik94-071590"
            n="pik94/0036-a-1710"
            ecep:lem="will"
            ecep:pos="vmb"
            ecep:reg="will"
            ecep:spe="will"
            ecep:syllab="1"
            ecep:pron="wɪl">will</w>
         <c> </c>
         <w xml:id="pik94-071600"
            n="pik94/0036-a-1720"
            ecep:lem="waft"
            ecep:pos="vvi"
            ecep:reg="waft"
            ecep:spe="waft"
            ecep:syllab="1"
            ecep:pron="wɒft">waft</w>
         <c> </c>
         <w xml:id="pik94-071610"
            n="pik94/0036-a-1730"
            ecep:lem="to"
            ecep:pos="p-acp"
            ecep:reg="to"
            ecep:spe="to"
            ecep:syllab="1"
            ecep:pron="tuː">to</w>
         <c> </c>
         <w xml:id="pik94-071620"
            n="pik94/0036-a-1740"
            ecep:lem="the"
            ecep:pos="dt"
            ecep:reg="the"
            ecep:spe="the"
            ecep:syllab="1"
            ecep:pron="ðiː">the</w>
         <c> </c>
         <w xml:id="pik94-071630"
            n="pik94/0036-a-1750"
            ecep:lem="sky"
            ecep:pos="n2"
            ecep:reg="skies"
            ecep:spe="skies"
            ecep:syllab="1"
            ecep:pron="skaɪz">skies</w>
         <pc xml:id="pik94-071640"
             n="pik94/0036-a-1760"
             unit="sentence"
             ecep:lem="."
             ecep:pos="."
             ecep:reg="."
             ecep:spe=".">.</pc>
         <c> </c>
      </l>
      <pb facs="pik94/0037" n="29" rend="none"/>
   </lg>
   <lg xml:id="pik94-s00435">
      <l xml:id="pik94-l03020">
         <w xml:id="pik94-071670"
            n="pik94/0037-a-0010"
            ecep:lem="farewell"
            ecep:pos="uh-n"
            ecep:reg="Farewell"
            ecep:spe="Farewel"
            ecep:syllab="3"
            ecep:pron="ˌfeəˈwel">Farewel</w>
         <c> </c>
         <w xml:id="pik94-071680"
            n="pik94/0037-a-0020"
            ecep:lem="to"
            ecep:pos="p-acp"
            ecep:reg="to"
            ecep:spe="to"
            ecep:syllab="1"
            ecep:pron="tuː">to</w>
         <c> </c>
         <w xml:id="pik94-071690"
            n="pik94/0037-a-0030"
            ecep:lem="each"
            ecep:pos="d"
            ecep:reg="each"
            ecep:spe="each"
            ecep:syllab="1"
            ecep:pron="iːtʃ">each</w>
         <c> </c>
         <w xml:id="pik94-071700"
            n="pik94/0037-a-0040"
            ecep:lem="blessing"
            ecep:pos="n1"
            ecep:reg="blessing"
            ecep:spe="blessing"
            ecep:syllab="2"
            ecep:pron="ˈblesɪŋ">blessing</w>
         <c> </c>
         <w xml:id="pik94-071710"
            n="pik94/0037-a-0050"
            ecep:lem="below"
            ecep:pos="a-acp"
            ecep:reg="below"
            ecep:spe="below"
            ecep:syllab="2"
            ecep:pron="bɪˈləʊ">below</w>
         <pc xml:id="pik94-071720"
             n="pik94/0037-a-0060"
             ecep:lem=","
             ecep:pos=","
             ecep:reg=","
             ecep:spe=",">,</pc>
      </l>
      <l xml:id="pik94-l03025">
         <c> </c>
         <w xml:id="pik94-071730"
            n="pik94/0037-a-0070"
            ecep:lem="my"
            ecep:pos="po11"
            ecep:reg="My"
            ecep:spe="My"
            ecep:syllab="1"
            ecep:pron="maɪ">My</w>
         <c> </c>
         <w xml:id="pik94-071740"
            n="pik94/0037-a-0080"
            ecep:lem="moment"
            ecep:pos="n2"
            ecep:reg="moments"
            ecep:spe="moments"
            ecep:syllab="2"
            ecep:pron="ˈməʊmənts">moments</w>
         <c> </c>
         <w xml:id="pik94-071750"
            n="pik94/0037-a-0090"
            ecep:lem="to"
            ecep:pos="pc-acp"
            ecep:reg="to"
            ecep:spe="to"
            ecep:syllab="1"
            ecep:pron="tuː">to</w>
         <c> </c>
         <w xml:id="pik94-071760"
            n="pik94/0037-a-0100"
            ecep:lem="care"
            ecep:pos="vvi"
            ecep:reg="care"
            ecep:spe="care"
            ecep:syllab="1"
            ecep:pron="keə">care</w>
         <c> </c>
         <w xml:id="pik94-071770"
            n="pik94/0037-a-0110"
            ecep:lem="i"
            ecep:pos="pns11"
            ecep:reg="I"
            ecep:spe="I"
            ecep:syllab="1"
            ecep:pron="aɪ">I</w>
         <c> </c>
         <w xml:id="pik94-071780"
            n="pik94/0037-a-0120"
            ecep:lem="resign"
            ecep:pos="vvb"
            ecep:reg="resign"
            ecep:spe="resign"
            ecep:syllab="2"
            ecep:pron="rɪˈzaɪn">resign</w>
         <pc xml:id="pik94-071790"
             n="pik94/0037-a-0130"
             ecep:lem=";"
             ecep:pos=";"
             ecep:reg=";"
             ecep:spe=";">;</pc>
      </l>
      <l xml:id="pik94-l03030">
         <c> </c>
         <w xml:id="pik94-071800"
            n="pik94/0037-a-0140"
            ecep:lem="though"
            ecep:pos="c-acp"
            ecep:reg="Though"
            ecep:spe="Though"
            ecep:syllab="1"
            ecep:pron="ðəʊ">Though</w>
         <c> </c>
         <w xml:id="pik94-071810"
            n="pik94/0037-a-0150"
            ecep:lem="i"
            ecep:pos="pns11"
            ecep:reg="I"
            ecep:spe="I"
            ecep:syllab="1"
            ecep:pron="aɪ">I</w>
         <c> </c>
         <w xml:id="pik94-071820"
            n="pik94/0037-a-0160"
            ecep:lem="die"
            ecep:pos="vvb"
            ecep:reg="die"
            ecep:spe="die"
            ecep:syllab="1"
            ecep:pron="daɪ">die</w>
         <pc xml:id="pik94-071830"
             n="pik94/0037-a-0170"
             ecep:lem=","
             ecep:pos=","
             ecep:reg=","
             ecep:spe=",">,</pc>
         <c> </c>
         <w xml:id="pik94-071840"
            n="pik94/0037-a-0180"
            ecep:lem="may"
            ecep:pos="vmb"
            ecep:reg="may"
            ecep:spe="may"
            ecep:syllab="1"
            ecep:pron="meɪ">may</w>
         <c> </c>
         <w xml:id="pik94-071850"
            n="pik94/0037-a-0190"
            ecep:lem="thy"
            ecep:pos="po21"
            ecep:reg="thy"
            ecep:spe="thy"
            ecep:syllab="1"
            ecep:pron="ðaɪ">thy</w>
         <c> </c>
         <w xml:id="pik94-071860"
            n="pik94/0037-a-0200"
            ecep:lem="pleasure"
            ecep:pos="n1"
            ecep:reg="pleasure"
            ecep:spe="pleasure"
            ecep:syllab="2"
            ecep:pron="ˈpleʒə">pleasure</w>
         <c> </c>
         <w xml:id="pik94-071870"
            n="pik94/0037-a-0210"
            ecep:lem="increase"
            ecep:pos="vvi"
            ecep:reg="increase"
            ecep:spe="increase"
            ecep:syllab="2"
            ecep:pron="ˈɪnkriːs">increase</w>
         <pc xml:id="pik94-071880"
             n="pik94/0037-a-0220"
             unit="sentence"
             ecep:lem="!"
             ecep:pos="!"
             ecep:reg="!"
             ecep:spe="!">!</pc>
         <c> </c>
      </l>
      <l xml:id="pik94-l03035">
         <w xml:id="pik94-071890"
            n="pik94/0037-a-0230"
            ecep:lem="thy"
            ecep:pos="po21"
            ecep:reg="Thy"
            ecep:spe="Thy"
            ecep:syllab="1"
            ecep:pron="ðaɪ">Thy</w>
         <c> </c>
         <w xml:id="pik94-071900"
            n="pik94/0037-a-0240"
            ecep:lem="mary"
            ecep:pos="np1"
            ecep:reg="Mary"
            ecep:spe="Mary"
            ecep:syllab="2"
            ecep:pron="ˈmeəri">Mary</w>
         <c> </c>
         <w xml:id="pik94-071910"
            n="pik94/0037-a-0250"
            ecep:lem="will"
            ecep:pos="vmb"
            ecep:reg="will"
            ecep:spe="will"
            ecep:syllab="1"
            ecep:pron="wɪl">will</w>
         <c> </c>
         <w xml:id="pik94-071920"
            n="pik94/0037-a-0260"
            ecep:lem="never"
            ecep:pos="av-x"
            ecep:reg="never"
            ecep:spe="never"
            ecep:syllab="2"
            ecep:pron="ˈnevə">never</w>
         <c> </c>
         <w xml:id="pik94-071930"
            n="pik94/0037-a-0270"
            ecep:lem="repine"
            ecep:pos="vvi"
            ecep:reg="repine"
            ecep:spe="repine"
            ecep:syllab="2"
            ecep:pron="rɪˈpaɪn">repine</w>
         <pc xml:id="pik94-071940"
             n="pik94/0037-a-0280"
             ecep:lem=":"
             ecep:pos=":"
             ecep:reg=":"
             ecep:spe=":">:</pc>
      </l>
   </lg>
   <lg xml:id="pik94-s00440">
      <l xml:id="pik94-l03040">
         <w xml:id="pik94-071970"
            n="pik94/0037-a-0290"
            ecep:lem="to"
            ecep:pos="p-acp"
            ecep:reg="To"
            ecep:spe="To"
            ecep:syllab="1"
            ecep:pron="tuː">To</w>
         <c> </c>
         <w xml:id="pik94-071980"
            n="pik94/0037-a-0300"
            ecep:lem="the"
            ecep:pos="dt"
            ecep:reg="the"
            ecep:spe="the"
            ecep:syllab="1"
            ecep:pron="ðiː">the</w>
         <c> </c>
         <w xml:id="pik94-071990"
            n="pik94/0037-a-0310"
            ecep:lem="grave"
            ecep:pos="n1"
            ecep:reg="grave"
            ecep:spe="grave"
            ecep:syllab="1"
            ecep:pron="grɑːv">grave</w>
         <c> </c>
         <w xml:id="pik94-072000"
            n="pik94/0037-a-0320"
            ecep:lem="thy"
            ecep:pos="po21"
            ecep:reg="thy"
            ecep:spe="thy"
            ecep:syllab="1"
            ecep:pron="ðaɪ">thy</w>
         <c> </c>
         <w xml:id="pik94-072010"
            n="pik94/0037-a-0330"
            ecep:lem="fond"
            ecep:pos="j"
            ecep:reg="fond"
            ecep:spe="fond"
            ecep:syllab="1"
            ecep:pron="fɒnd">fond</w>
         <c> </c>
         <w xml:id="pik94-072020"
            n="pik94/0037-a-0340"
            ecep:lem="wife"
            ecep:pos="n1"
            ecep:reg="wife"
            ecep:spe="wife"
            ecep:syllab="1"
            ecep:pron="waɪf">wife</w>
         <c> </c>
         <w xml:id="pik94-072030"
            n="pik94/0037-a-0350"
            ecep:lem="will"
            ecep:pos="vmb"
            ecep:reg="will"
            ecep:spe="will"
            ecep:syllab="1"
            ecep:pron="wɪl">will</w>
         <c> </c>
         <w xml:id="pik94-072040"
            n="pik94/0037-a-0360"
            ecep:lem="retire"
            ecep:pos="vvi"
            ecep:reg="retire"
            ecep:spe="retire"
            ecep:syllab="3"
            ecep:pron="rɪˈtæə">retire</w>
         <pc xml:id="pik94-072050"
             n="pik94/0037-a-0370"
             ecep:lem=","
             ecep:pos=","
             ecep:reg=","
             ecep:spe=",">,</pc>
      </l>
      <l xml:id="pik94-l03045">
         <c> </c>
         <w xml:id="pik94-072060"
            n="pik94/0037-a-0380"
            ecep:lem="it"
            ecep:pos="pn31"
            ecep:reg="It"
            ecep:spe="It"
            ecep:syllab="1"
            ecep:pron="ɪt">It</w>
         <c> </c>
         <w xml:id="pik94-072070"
            n="pik94/0037-a-0390"
            ecep:lem="will"
            ecep:pos="vmb"
            ecep:reg="will"
            ecep:spe="will"
            ecep:syllab="1"
            ecep:pron="wɪl">will</w>
         <c> </c>
         <w xml:id="pik94-072080"
            n="pik94/0037-a-0400"
            ecep:lem="shelter"
            ecep:pos="vvi"
            ecep:reg="shelter"
            ecep:spe="shelter"
            ecep:syllab="2"
            ecep:pron="ˈʃeltə">shelter</w>
         <c> </c>
         <pc xml:id="pik94-072090"
             n="pik94/0037-a-0410"
             ecep:lem="—"
             ecep:pos="—"
             ecep:reg="—"
             ecep:spe="—">—</pc>
         <c> </c>
         <w xml:id="pik94-072100"
            n="pik94/0037-a-0420"
            ecep:lem="will"
            ecep:pos="vmb"
            ecep:reg="will"
            ecep:spe="will"
            ecep:syllab="1"
            ecep:pron="wɪl">will</w>
         <c> </c>
         <w xml:id="pik94-072110"
            n="pik94/0037-a-0430"
            ecep:lem="yield"
            ecep:pos="vvi"
            ecep:reg="yield"
            ecep:spe="yield"
            ecep:syllab="1"
            ecep:pron="jiːld">yield</w>
         <c> </c>
         <w xml:id="pik94-072120"
            n="pik94/0037-a-0440"
            ecep:lem="her"
            ecep:pos="po31"
            ecep:reg="her"
            ecep:spe="her"
            ecep:syllab="1"
            ecep:pron="hɜː">her</w>
         <c> </c>
         <w xml:id="pik94-072130"
            n="pik94/0037-a-0450"
            ecep:lem="repose"
            ecep:pos="n1"
            ecep:reg="repose"
            ecep:spe="repose"
            ecep:syllab="2"
            ecep:pron="rɪˈpəʊz">repose</w>
         <pc xml:id="pik94-072140"
             n="pik94/0037-a-0460"
             ecep:lem=";"
             ecep:pos=";"
             ecep:reg=";"
             ecep:spe=";">;</pc>
      </l>
      <l xml:id="pik94-l03050">
         <c> </c>
         <w xml:id="pik94-072150"
            n="pik94/0037-a-0470"
            ecep:lem="its"
            ecep:pos="po31"
            ecep:reg="Its"
            ecep:spe="Its"
            ecep:syllab="1"
            ecep:pron="ɪts">Its</w>
         <c> </c>
         <w xml:id="pik94-072160"
            n="pik94/0037-a-0480"
            ecep:lem="coldness"
            ecep:pos="n1"
            ecep:reg="coldness"
            ecep:spe="coldness"
            ecep:syllab="2"
            ecep:pron="kəʊldnəs">coldness</w>
         <c> </c>
         <w xml:id="pik94-072170"
            n="pik94/0037-a-0490"
            ecep:lem="will"
            ecep:pos="vmb"
            ecep:reg="will"
            ecep:spe="will"
            ecep:syllab="1"
            ecep:pron="wɪl">will</w>
         <c> </c>
         <w xml:id="pik94-072180"
            n="pik94/0037-a-0500"
            ecep:lem="chill"
            ecep:pos="vvi"
            ecep:reg="chill"
            ecep:spe="chill"
            ecep:syllab="1"
            ecep:pron="tʃɪl">chill</w>
         <c> </c>
         <w xml:id="pik94-072190"
            n="pik94/0037-a-0510"
            ecep:lem="her"
            ecep:pos="po31"
            ecep:reg="her"
            ecep:spe="her"
            ecep:syllab="1"
            ecep:pron="hɜː">her</w>
         <c> </c>
         <w xml:id="pik94-072200"
            n="pik94/0037-a-0520"
            ecep:lem="warm"
            ecep:pos="j"
            ecep:reg="warm"
            ecep:spe="warm"
            ecep:syllab="1"
            ecep:pron="wɔːm">warm</w>
         <c> </c>
         <w xml:id="pik94-072210"
            n="pik94/0037-a-0530"
            ecep:lem="heart"
            ecep:pos="n1"
            ecep:reg="heart"
            ecep:spe="heart"
            ecep:syllab="1"
            ecep:pron="hɑːt">heart</w>
         <pc xml:id="pik94-072220"
             n="pik94/0037-a-0540"
             ecep:lem=","
             ecep:pos=","
             ecep:reg=","
             ecep:spe=",">,</pc>
      </l>
      <l xml:id="pik94-l03055">
         <c> </c>
         <w xml:id="pik94-072230"
            n="pik94/0037-a-0550"
            ecep:lem="free"
            ecep:pos="j"
            ecep:reg="Free"
            ecep:spe="Free"
            ecep:syllab="1"
            ecep:pron="friː">Free</w>
         <c> </c>
         <w xml:id="pik94-072240"
            n="pik94/0037-a-0560"
            ecep:lem="thou"
            ecep:pos="pno21"
            ecep:reg="thee"
            ecep:spe="thee"
            ecep:syllab="1"
            ecep:pron="ðiː">thee</w>
         <c> </c>
         <pc xml:id="pik94-072250"
             n="pik94/0037-a-0570"
             ecep:lem="—"
             ecep:pos="—"
             ecep:reg="—"
             ecep:spe="—">—</pc>
         <c> </c>
         <w xml:id="pik94-072260"
            n="pik94/0037-a-0580"
            ecep:lem="and"
            ecep:pos="cc"
            ecep:reg="and"
            ecep:spe="and"
            ecep:syllab="1"
            ecep:pron="ænd">and</w>
         <c> </c>
         <w xml:id="pik94-072270"
            n="pik94/0037-a-0590"
            ecep:lem="her"
            ecep:pos="po31"
            ecep:reg="her"
            ecep:spe="her"
            ecep:syllab="1"
            ecep:pron="hɜː">her</w>
         <c> </c>
         <w xml:id="pik94-072280"
            n="pik94/0037-a-0600"
            ecep:lem="sorrow"
            ecep:pos="n2"
            ecep:reg="sorrows"
            ecep:spe="sorrows"
            ecep:syllab="2"
            ecep:pron="ˈsɒrəʊz">sorrows</w>
         <c> </c>
         <w xml:id="pik94-072290"
            n="pik94/0037-a-0610"
            ecep:lem="compose"
            ecep:pos="vvi"
            ecep:reg="compose"
            ecep:spe="compose"
            ecep:syllab="2"
            ecep:pron="kəmˈpəʊz">compose</w>
         <pc xml:id="pik94-072300"
             n="pik94/0037-a-0620"
             unit="sentence"
             ecep:lem="."
             ecep:pos="."
             ecep:reg="."
             ecep:spe=".">.</pc>
         <c> </c>
      </l>
   </lg>
</div>
