<?xml version="1.0" encoding="utf-8"?>
<!DOCTYPE div
  SYSTEM "about:legacy-compat">
<div xmlns:ecep="http://www.eighteenthcenturypoetry.org/ns"
     xmlns="http://www.tei-c.org/ns/1.0"
     xmlns:tei="http://www.tei-c.org/ns/1.0"
     ana="#iamb #tetrameter #couplet #pair #mockepitaph"
     corresp="#txt_JoneMa1707_w0026"
     decls="#semi-normalized"
     ecep:syllab="8"
     met="-+|-+|-+|-+/"
     rendition="#lgvspace"
     rhyme="aa"
     subtype="eceptext"
     type="poem"
     xml:id="pjo50-w0260">
   <link target="authors.xml#aut_JoneMa1707" type="author"/>
   <head type="main">
      <w xml:id="pjo50-302730"
         n="a-0010"
         ecep:lem="her"
         ecep:pos="po31"
         ecep:reg="Her"
         ecep:spe="Her"
         ecep:syllab="1"
         ecep:pron="hɜː">Her</w>
      <c> </c>
      <w xml:id="pjo50-302740"
         n="a-0020"
         ecep:lem="epitaph"
         ecep:pos="n1"
         ecep:reg="EPITAPH"
         ecep:spe="EPITAPH"
         ecep:syllab="3"
         ecep:pron="ˈepɪtɑːf">EPITAPH</w>
      <pc xml:id="pjo50-302750"
          n="a-0030"
          unit="sentence"
          ecep:lem="."
          ecep:pos="."
          ecep:reg="."
          ecep:spe=".">.</pc>
   </head>
   <head type="sub">
      <pc xml:id="pjo50-302780"
          n="a-0040"
          ecep:lem="("
          ecep:pos="("
          ecep:reg="("
          ecep:spe="(">(</pc>
      <w xml:id="pjo50-302790"
         n="a-0050"
         ecep:lem="which"
         ecep:pos="r-crq"
         ecep:reg="Which"
         ecep:spe="Which"
         ecep:syllab="1"
         ecep:pron="wɪtʃ">Which</w>
      <c> </c>
      <w xml:id="pjo50-302800"
         n="a-0060"
         ecep:lem="the"
         ecep:pos="dt"
         ecep:reg="the"
         ecep:spe="the"
         ecep:syllab="1"
         ecep:pron="ðiː">the</w>
      <c> </c>
      <w xml:id="pjo50-302810"
         n="a-0070"
         ecep:lem="author"
         ecep:pos="n1"
         ecep:reg="Author"
         ecep:spe="Author"
         ecep:syllab="2"
         ecep:pron="ˈɔːθə">Author</w>
      <c> </c>
      <w xml:id="pjo50-302820"
         n="a-0080"
         ecep:lem="hope"
         ecep:pos="n2"
         ecep:reg="hopes"
         ecep:spe="hopes"
         ecep:syllab="1"
         ecep:pron="həʊps">hopes</w>
      <c> </c>
      <w xml:id="pjo50-302830"
         n="a-0090"
         ecep:lem="will"
         ecep:pos="vmb"
         ecep:reg="will"
         ecep:spe="will"
         ecep:syllab="1"
         ecep:pron="wɪl">will</w>
      <c> </c>
      <w xml:id="pjo50-302840"
         n="a-0100"
         ecep:lem="live"
         ecep:pos="vvi"
         ecep:reg="live"
         ecep:spe="live"
         ecep:syllab="1"
         ecep:pron="lɪv">live</w>
      <c> </c>
      <w xml:id="pjo50-302850"
         n="a-0110"
         ecep:lem="as"
         ecep:pos="c-acp"
         ecep:reg="as"
         ecep:spe="as"
         ecep:syllab="1"
         ecep:pron="æz">as</w>
      <c> </c>
      <w xml:id="pjo50-302860"
         n="a-0120"
         ecep:lem="long"
         ecep:pos="av-j"
         ecep:reg="long"
         ecep:spe="long"
         ecep:syllab="1"
         ecep:pron="lɒŋ">long</w>
      <c> </c>
      <w xml:id="pjo50-302870"
         n="a-0130"
         ecep:lem="as"
         ecep:pos="c-acp"
         ecep:reg="as"
         ecep:spe="as"
         ecep:syllab="1"
         ecep:pron="æz">as</w>
      <c> </c>
      <w xml:id="pjo50-302880"
         n="a-0140"
         ecep:lem="she"
         ecep:pos="pns31"
         ecep:reg="she"
         ecep:spe="she"
         ecep:syllab="1"
         ecep:pron="ʃiː">she</w>
      <c> </c>
      <w xml:id="pjo50-302890"
         n="a-0150"
         ecep:lem="do"
         ecep:pos="vdz"
         ecep:reg="does"
         ecep:spe="does"
         ecep:syllab="1"
         ecep:pron="dʌz">does</w>
      <pc xml:id="pjo50-302900"
          n="a-0160"
          ecep:lem="."
          ecep:pos="."
          ecep:reg="."
          ecep:spe=".">.</pc>
      <pc xml:id="pjo50-302910"
          n="a-0170"
          unit="sentence"
          ecep:lem=")"
          ecep:pos=")"
          ecep:reg=")"
          ecep:spe=")">)</pc>
   </head>
   <lg xml:id="pjo50-s00865">
      <l n="1" xml:id="pjo50-l07470">
         <hi rendition="#sc">
            <w xml:id="pjo50-302940"
               n="a-0180"
               ecep:lem="here"
               ecep:pos="av"
               ecep:reg="Here"
               ecep:spe="Here"
               ecep:syllab="1"
               ecep:pron="hɪə">Here</w>
         </hi>
         <c> </c>
         <w xml:id="pjo50-302950"
            n="a-0190"
            ecep:lem="rest"
            ecep:pos="vvz"
            ecep:reg="rests"
            ecep:spe="rests"
            ecep:syllab="1"
            ecep:pron="rests">rests</w>
         <c> </c>
         <w xml:id="pjo50-302960"
            n="a-0200"
            ecep:lem="poor"
            ecep:pos="j"
            ecep:reg="poor"
            ecep:spe="poor"
            ecep:syllab="1"
            ecep:pron="pɔː">poor</w>
         <c> </c>
         <hi>
            <w xml:id="pjo50-302970.1"
               n="a-0210"
               rend="plain_apostrophe"
               ecep:lem="stella"
               ecep:pos="npg1"
               ecep:reg="Stella's"
               ecep:spe="Stella's"
               ecep:syllab="2"
               ecep:pron="ˈsteləz">Stella's</w>
         </hi>
         <c> </c>
         <w xml:id="pjo50-302980"
            n="a-0220"
            ecep:lem="restless"
            ecep:pos="j"
            ecep:reg="restless"
            ecep:spe="restless"
            ecep:syllab="2"
            ecep:pron="ˈrestləs">restless</w>
         <c> </c>
         <w xml:id="pjo50-302990"
            n="a-0230"
            ecep:lem="part"
            ecep:pos="n1"
            ecep:reg="part"
            ecep:spe="part"
            ecep:syllab="1"
            ecep:pron="pɑːt">part</w>
         <pc xml:id="pjo50-303000"
             n="a-0240"
             ecep:lem=":"
             ecep:pos=":"
             ecep:reg=":"
             ecep:spe=":">:</pc>
      </l>
      <l n="2" xml:id="pjo50-l07475">
         <c> </c>
         <w xml:id="pjo50-303010"
            n="a-0250"
            ecep:lem="a"
            ecep:pos="dt"
            ecep:reg="A"
            ecep:spe="A"
            ecep:syllab="1"
            ecep:pron="ə">A</w>
         <c> </c>
         <w xml:id="pjo50-303020"
            n="a-0260"
            ecep:lem="riddle"
            ecep:pos="n1"
            ecep:reg="riddle"
            ecep:spe="riddle"
            ecep:syllab="2"
            ecep:pron="ˈrɪdl">riddle</w>
         <pc xml:id="pjo50-303030"
             n="a-0270"
             ecep:lem="!"
             ecep:pos="!"
             ecep:reg="!"
             ecep:spe="!">!</pc>
         <c> </c>
         <w xml:id="pjo50-303040"
            n="a-0280"
            ecep:lem="but"
            ecep:pos="cc-acp"
            ecep:reg="but"
            ecep:spe="but"
            ecep:syllab="1"
            ecep:pron="bʌt">but</w>
         <c> </c>
         <w xml:id="pjo50-303050"
            n="a-0290"
            ecep:lem="i"
            ecep:pos="pns11"
            ecep:reg="I"
            ecep:spe="I"
            ecep:syllab="1"
            ecep:pron="aɪ">I</w>
         <c> </c>
         <w xml:id="pjo50-303060"
            n="a-0300"
            ecep:lem="love"
            ecep:pos="vvd"
            ecep:reg="loved"
            ecep:spe="lov'd"
            ecep:syllab="1"
            ecep:pron="ˈlʌvd">lov'd</w>
         <c> </c>
         <w xml:id="pjo50-303070"
            n="a-0310"
            ecep:lem="she"
            ecep:pos="pno31"
            ecep:reg="her"
            ecep:spe="her"
            ecep:syllab="1"
            ecep:pron="hɜː">her</w>
         <c> </c>
         <w xml:id="pjo50-303080"
            n="a-0320"
            ecep:lem="heart"
            ecep:pos="n1"
            ecep:reg="heart"
            ecep:spe="heart"
            ecep:syllab="1"
            ecep:pron="hɑːt">heart</w>
         <pc xml:id="pjo50-303090"
             n="a-0330"
             unit="sentence"
             ecep:lem="."
             ecep:pos="."
             ecep:reg="."
             ecep:spe=".">.</pc>
         <c> </c>
      </l>
      <l n="3" xml:id="pjo50-l07480">
         <w xml:id="pjo50-303100"
            n="a-0340"
            ecep:lem="through"
            ecep:pos="p-acp"
            ecep:reg="Through"
            ecep:spe="Thro'"
            ecep:syllab="1"
            ecep:pron="θruː">Thro'</w>
         <c> </c>
         <w xml:id="pjo50-303110"
            n="a-0350"
            ecep:lem="life"
            ecep:pos="n1"
            ecep:reg="life"
            ecep:spe="life"
            ecep:syllab="1"
            ecep:pron="laɪf">life</w>
         <c> </c>
         <w xml:id="pjo50-303120"
            n="a-0360"
            ecep:lem="she"
            ecep:pos="pns31"
            ecep:reg="she"
            ecep:spe="she"
            ecep:syllab="1"
            ecep:pron="ʃiː">she</w>
         <c> </c>
         <w xml:id="pjo50-303130"
            n="a-0370"
            ecep:lem="rush"
            ecep:pos="vvd"
            ecep:reg="rushed"
            ecep:spe="rush'd"
            ecep:syllab="1"
            ecep:pron="rʌʃt">rush'd</w>
         <c> </c>
         <w xml:id="pjo50-303140"
            n="a-0380"
            ecep:lem="a"
            ecep:pos="dt"
            ecep:reg="a"
            ecep:spe="a"
            ecep:syllab="1"
            ecep:pron="ə">a</w>
         <c> </c>
         <w xml:id="pjo50-303150"
            n="a-0390"
            ecep:lem="headlong"
            ecep:pos="j"
            ecep:reg="headlong"
            ecep:spe="headlong"
            ecep:syllab="2"
            ecep:pron="ˈhedlɒŋ">headlong</w>
         <c> </c>
         <w xml:id="pjo50-303160"
            n="a-0400"
            ecep:lem="wave"
            ecep:pos="n1"
            ecep:reg="wave"
            ecep:spe="wave"
            ecep:syllab="1"
            ecep:pron="weɪv">wave</w>
         <pc xml:id="pjo50-303170"
             n="a-0410"
             ecep:lem=","
             ecep:pos=","
             ecep:reg=","
             ecep:spe=",">,</pc>
      </l>
      <l n="4" xml:id="pjo50-l07485">
         <c> </c>
         <w xml:id="pjo50-303180"
            n="a-0420"
            ecep:lem="and"
            ecep:pos="cc"
            ecep:reg="And"
            ecep:spe="And"
            ecep:syllab="1"
            ecep:pron="ænd">And</w>
         <c> </c>
         <w xml:id="pjo50-303190"
            n="a-0430"
            ecep:lem="never"
            ecep:pos="av-x"
            ecep:reg="never"
            ecep:spe="never"
            ecep:syllab="2"
            ecep:pron="ˈnevə">never</w>
         <c> </c>
         <w xml:id="pjo50-303200"
            n="a-0440"
            ecep:lem="sleep"
            ecep:pos="vvn"
            ecep:reg="slept"
            ecep:spe="slept"
            ecep:syllab="1"
            ecep:pron="slept">slept</w>
         <pc xml:id="pjo50-303210"
             n="a-0450"
             ecep:lem=","
             ecep:pos=","
             ecep:reg=","
             ecep:spe=",">,</pc>
         <c> </c>
         <w xml:id="pjo50-303220"
            n="a-0460"
            ecep:lem="but"
            ecep:pos="cc-acp"
            ecep:reg="but"
            ecep:spe="but"
            ecep:syllab="1"
            ecep:pron="bʌt">but</w>
         <c> </c>
         <w xml:id="pjo50-303230"
            n="a-0470"
            ecep:lem="in"
            ecep:pos="p-acp"
            ecep:reg="in"
            ecep:spe="in"
            ecep:syllab="1"
            ecep:pron="ɪn">in</w>
         <c> </c>
         <w xml:id="pjo50-303240"
            n="a-0480"
            ecep:lem="her"
            ecep:pos="po31"
            ecep:reg="her"
            ecep:spe="her"
            ecep:syllab="1"
            ecep:pron="hɜː">her</w>
         <c> </c>
         <w xml:id="pjo50-303250"
            n="a-0490"
            ecep:lem="grave"
            ecep:pos="n1"
            ecep:reg="grave"
            ecep:spe="grave"
            ecep:syllab="1"
            ecep:pron="ˈgrɑːveɪ">grave</w>
         <pc xml:id="pjo50-303260"
             n="a-0500"
             unit="sentence"
             ecep:lem="."
             ecep:pos="."
             ecep:reg="."
             ecep:spe=".">.</pc>
         <c> </c>
      </l>
      <l n="5" xml:id="pjo50-l07490">
         <w xml:id="pjo50-303270"
            n="a-0510"
            ecep:lem="some"
            ecep:pos="d"
            ecep:reg="Some"
            ecep:spe="Some"
            ecep:syllab="1"
            ecep:pron="sʌm">Some</w>
         <c> </c>
         <w xml:id="pjo50-303280"
            n="a-0520"
            ecep:lem="wit"
            ecep:pos="n1"
            ecep:reg="wit"
            ecep:spe="wit"
            ecep:syllab="1"
            ecep:pron="wɪt">wit</w>
         <pc xml:id="pjo50-303290"
             n="a-0530"
             ecep:lem=","
             ecep:pos=","
             ecep:reg=","
             ecep:spe=",">,</pc>
         <c> </c>
         <w xml:id="pjo50-303300"
            n="a-0540"
            ecep:lem="i"
            ecep:pos="pns11"
            ecep:reg="I"
            ecep:spe="I"
            ecep:syllab="1"
            ecep:pron="aɪ">I</w>
         <c> </c>
         <w xml:id="pjo50-303310"
            n="a-0550"
            ecep:lem="think"
            ecep:pos="vvb"
            ecep:reg="think"
            ecep:spe="think"
            ecep:syllab="1"
            ecep:pron="θɪŋk">think</w>
         <pc xml:id="pjo50-303320"
             n="a-0560"
             ecep:lem=","
             ecep:pos=","
             ecep:reg=","
             ecep:spe=",">,</pc>
         <c> </c>
         <w xml:id="pjo50-303330"
            n="a-0570"
            ecep:lem="and"
            ecep:pos="cc"
            ecep:reg="and"
            ecep:spe="and"
            ecep:syllab="1"
            ecep:pron="ænd">and</w>
         <c> </c>
         <w xml:id="pjo50-303340"
            n="a-0580"
            ecep:lem="worth"
            ecep:pos="j"
            ecep:reg="worth"
            ecep:spe="worth"
            ecep:syllab="1"
            ecep:pron="wɜːθ">worth</w>
         <c> </c>
         <w xml:id="pjo50-303350"
            n="a-0590"
            ecep:lem="she"
            ecep:pos="pns31"
            ecep:reg="she"
            ecep:spe="she"
            ecep:syllab="1"
            ecep:pron="ʃiː">she</w>
         <c> </c>
         <w xml:id="pjo50-303360"
            n="a-0600"
            ecep:lem="have"
            ecep:pos="vhd"
            ecep:reg="had"
            ecep:spe="had"
            ecep:syllab="1"
            ecep:pron="hæd">had</w>
         <pc xml:id="pjo50-303370"
             n="a-0610"
             ecep:lem=":"
             ecep:pos=":"
             ecep:reg=":"
             ecep:spe=":">:</pc>
      </l>
      <l n="6" xml:id="pjo50-l07495">
         <c> </c>
         <w xml:id="pjo50-303380"
            n="a-0620"
            ecep:lem="no"
            ecep:pos="av-dx"
            ecep:reg="No"
            ecep:spe="No"
            ecep:syllab="1"
            ecep:pron="nəʊ">No</w>
         <c> </c>
         <w xml:id="pjo50-303390"
            n="a-0630"
            ecep:lem="saint"
            ecep:pos="n1"
            ecep:reg="saint"
            ecep:spe="saint"
            ecep:syllab="1"
            ecep:pron="seɪnt">saint</w>
         <c> </c>
         <w xml:id="pjo50-303400"
            n="a-0640"
            ecep:lem="indeed"
            ecep:pos="av"
            ecep:reg="indeed"
            ecep:spe="indeed"
            ecep:syllab="2"
            ecep:pron="ɪnˈdiːd">indeed</w>
         <pc xml:id="pjo50-303410"
             n="a-0650"
             ecep:lem=","
             ecep:pos=","
             ecep:reg=","
             ecep:spe=",">,</pc>
         <c> </c>
         <w xml:id="pjo50-303420"
            n="a-0660"
            ecep:lem="nor"
            ecep:pos="ccx"
            ecep:reg="nor"
            ecep:spe="nor"
            ecep:syllab="1"
            ecep:pron="nɔː">nor</w>
         <c> </c>
         <w xml:id="pjo50-303430"
            n="a-0670"
            ecep:lem="yet"
            ecep:pos="av"
            ecep:reg="yet"
            ecep:spe="yet"
            ecep:syllab="1"
            ecep:pron="jet">yet</w>
         <c> </c>
         <w xml:id="pjo50-303440"
            n="a-0680"
            ecep:lem="quite"
            ecep:pos="av"
            ecep:reg="quite"
            ecep:spe="quite"
            ecep:syllab="1"
            ecep:pron="kwaɪt">quite</w>
         <c> </c>
         <w xml:id="pjo50-303450"
            n="a-0690"
            ecep:lem="mad"
            ecep:pos="j"
            ecep:reg="mad"
            ecep:spe="mad"
            ecep:syllab="1"
            ecep:pron="mæd">mad</w>
         <pc xml:id="pjo50-303460"
             n="a-0700"
             ecep:lem=";"
             ecep:pos=";"
             ecep:reg=";"
             ecep:spe=";">;</pc>
      </l>
      <l n="7" xml:id="pjo50-l07500">
         <c> </c>
         <w xml:id="pjo50-303470"
            n="a-0710"
            ecep:lem="but"
            ecep:pos="cc-acp"
            ecep:reg="But"
            ecep:spe="But"
            ecep:syllab="1"
            ecep:pron="bʌt">But</w>
         <c> </c>
         <w xml:id="pjo50-303480"
            n="a-0720"
            ecep:lem="laugh"
            ecep:pos="vvd"
            ecep:reg="laughed"
            ecep:spe="laugh'd"
            ecep:syllab="1"
            ecep:pron="lɑːft">laugh'd</w>
         <pc xml:id="pjo50-303490"
             n="a-0730"
             ecep:lem=","
             ecep:pos=","
             ecep:reg=","
             ecep:spe=",">,</pc>
         <c> </c>
         <w xml:id="pjo50-303500"
            n="a-0740"
            ecep:lem="build"
            ecep:pos="vvn"
            ecep:reg="built"
            ecep:spe="built"
            ecep:syllab="1"
            ecep:pron="bɪlt">built</w>
         <c> </c>
         <w xml:id="pjo50-303510"
            n="a-0750"
            ecep:lem="castle"
            ecep:pos="n2"
            ecep:reg="castles"
            ecep:spe="castles"
            ecep:syllab="2"
            ecep:pron="ˈkɑːslz">castles</w>
         <pc xml:id="pjo50-303520"
             n="a-0760"
             ecep:lem=","
             ecep:pos=","
             ecep:reg=","
             ecep:spe=",">,</pc>
         <c> </c>
         <w xml:id="pjo50-303530"
            n="a-0770"
            ecep:lem="rhyme"
            ecep:pos="vvn"
            ecep:reg="rhymed"
            ecep:spe="rhym'd"
            ecep:syllab="1"
            ecep:pron="raɪmd">rhym'd</w>
         <c> </c>
         <w xml:id="pjo50-303540"
            n="a-0780"
            ecep:lem="and"
            ecep:pos="cc"
            ecep:reg="and"
            ecep:spe="and"
            ecep:syllab="1"
            ecep:pron="ænd">and</w>
         <c> </c>
         <w xml:id="pjo50-303550"
            n="a-0790"
            ecep:lem="sing"
            ecep:pos="vvn"
            ecep:reg="sung"
            ecep:spe="sung"
            ecep:syllab="1"
            ecep:pron="sʌŋ">sung</w>
         <pc xml:id="pjo50-303560"
             n="a-0800"
             ecep:lem=","
             ecep:pos=","
             ecep:reg=","
             ecep:spe=",">,</pc>
      </l>
      <l n="8" xml:id="pjo50-l07505">
         <c> </c>
         <pc xml:id="pjo50-303570"
             n="a-0810"
             ecep:lem="&#34;"
             ecep:pos="&#34;"
             ecep:reg="&#34;"
             ecep:spe="&#34;">"</pc>
         <w xml:id="pjo50-303580"
            n="a-0820"
            ecep:lem="be"
            ecep:pos="vbds"
            ecep:reg="Was"
            ecep:spe="Was"
            ecep:syllab="1"
            ecep:pron="wɒz">Was</w>
         <c> </c>
         <w xml:id="pjo50-303590"
            n="a-0830"
            ecep:lem="every"
            ecep:pos="d"
            ecep:reg="every"
            ecep:spe="ev'ry"
            ecep:syllab="2"
            ecep:pron="ˈevri">ev'ry</w>
         <c> </c>
         <w xml:id="pjo50-303600"
            n="a-0840"
            ecep:lem="thing"
            ecep:pos="n1"
            ecep:reg="thing"
            ecep:spe="thing"
            ecep:syllab="1"
            ecep:pron="θɪŋ">thing</w>
         <pc xml:id="pjo50-303610"
             n="a-0850"
             ecep:lem=","
             ecep:pos=","
             ecep:reg=","
             ecep:spe=",">,</pc>
         <c> </c>
         <w xml:id="pjo50-303620"
            n="a-0860"
            ecep:lem="but"
            ecep:pos="cc-acp"
            ecep:reg="but"
            ecep:spe="but"
            ecep:syllab="1"
            ecep:pron="bʌt">but</w>
         <c> </c>
         <w xml:id="pjo50-303630"
            n="a-0870"
            ecep:lem="nothing"
            ecep:pos="pix"
            ecep:reg="nothing"
            ecep:spe="nothing"
            ecep:syllab="2"
            ecep:pron="ˈnʌθɪŋ">nothing</w>
         <c> </c>
         <w xml:id="pjo50-303640"
            n="a-0880"
            ecep:lem="long"
            ecep:pos="j"
            ecep:reg="long"
            ecep:spe="long"
            ecep:syllab="1"
            ecep:pron="lɒŋ">long</w>
         <pc xml:id="pjo50-303650"
             n="a-0890"
             ecep:lem="."
             ecep:pos="."
             ecep:reg="."
             ecep:spe=".">.</pc>
         <pc xml:id="pjo50-303660"
             n="a-0900"
             unit="sentence"
             ecep:lem="&#34;"
             ecep:pos="&#34;"
             ecep:reg="&#34;"
             ecep:spe="&#34;">"</pc>
         <c> </c>
      </l>
      <l n="9" xml:id="pjo50-l07510">
         <w xml:id="pjo50-303670"
            n="a-0910"
            ecep:lem="some"
            ecep:pos="d"
            ecep:reg="Some"
            ecep:spe="Some"
            ecep:syllab="1"
            ecep:pron="sʌm">Some</w>
         <c> </c>
         <w xml:id="pjo50-303680"
            n="a-0920"
            ecep:lem="honest"
            ecep:pos="j"
            ecep:reg="honest"
            ecep:spe="honest"
            ecep:syllab="2"
            ecep:pron="ˈɒnɪst">honest</w>
         <c> </c>
         <w xml:id="pjo50-303690"
            n="a-0930"
            ecep:lem="truth"
            ecep:pos="n2"
            ecep:reg="truths"
            ecep:spe="truths"
            ecep:syllab="1"
            ecep:pron="truːðz">truths</w>
         <c> </c>
         <w xml:id="pjo50-303700"
            n="a-0940"
            ecep:lem="she"
            ecep:pos="pns31"
            ecep:reg="she"
            ecep:spe="she"
            ecep:syllab="1"
            ecep:pron="ʃiː">she</w>
         <c> </c>
         <w xml:id="pjo50-303710"
            n="a-0950"
            ecep:lem="will"
            ecep:pos="vmd"
            ecep:reg="would"
            ecep:spe="would"
            ecep:syllab="1"
            ecep:pron="wʊd">would</w>
         <c> </c>
         <w xml:id="pjo50-303720"
            n="a-0960"
            ecep:lem="let"
            ecep:pos="vvi"
            ecep:reg="let"
            ecep:spe="let"
            ecep:syllab="1"
            ecep:pron="let">let</w>
         <c> </c>
         <w xml:id="pjo50-303730"
            n="a-0970"
            ecep:lem="fall"
            ecep:pos="vvi"
            ecep:reg="fall"
            ecep:spe="fall"
            ecep:syllab="1"
            ecep:pron="fɔːl">fall</w>
         <pc xml:id="pjo50-303740"
             n="a-0980"
             ecep:lem=";"
             ecep:pos=";"
             ecep:reg=";"
             ecep:spe=";">;</pc>
      </l>
      <l n="10" xml:id="pjo50-l07515">
         <c> </c>
         <w xml:id="pjo50-303750"
            n="a-0990"
            ecep:lem="but"
            ecep:pos="cc-acp"
            ecep:reg="But"
            ecep:spe="But"
            ecep:syllab="1"
            ecep:pron="bʌt">But</w>
         <c> </c>
         <w xml:id="pjo50-303760"
            n="a-1000"
            ecep:lem="much"
            ecep:pos="d"
            ecep:reg="much"
            ecep:spe="much"
            ecep:syllab="1"
            ecep:pron="mʌtʃ">much</w>
         <c> </c>
         <w xml:id="pjo50-303770"
            n="a-1010"
            ecep:lem="too"
            ecep:pos="av"
            ecep:reg="too"
            ecep:spe="too"
            ecep:syllab="1"
            ecep:pron="tuː">too</w>
         <c> </c>
         <w xml:id="pjo50-303780"
            n="a-1020"
            ecep:lem="wise"
            ecep:pos="j"
            ecep:reg="wise"
            ecep:spe="wise"
            ecep:syllab="1"
            ecep:pron="waɪz">wise</w>
         <c> </c>
         <w xml:id="pjo50-303790"
            n="a-1030"
            ecep:lem="to"
            ecep:pos="pc-acp"
            ecep:reg="to"
            ecep:spe="to"
            ecep:syllab="1"
            ecep:pron="tuː">to</w>
         <c> </c>
         <w xml:id="pjo50-303800"
            n="a-1040"
            ecep:lem="tell"
            ecep:pos="vvi"
            ecep:reg="tell"
            ecep:spe="tell"
            ecep:syllab="1"
            ecep:pron="tel">tell</w>
         <c> </c>
         <w xml:id="pjo50-303810"
            n="a-1050"
            ecep:lem="you"
            ecep:pos="pn22"
            ecep:reg="you"
            ecep:spe="you"
            ecep:syllab="1"
            ecep:pron="juː">you</w>
         <c> </c>
         <w xml:id="pjo50-303820"
            n="a-1060"
            ecep:lem="all"
            ecep:pos="d"
            ecep:reg="all"
            ecep:spe="all"
            ecep:syllab="1"
            ecep:pron="ɔːl">all</w>
         <pc xml:id="pjo50-303830"
             n="a-1070"
             unit="sentence"
             ecep:lem="."
             ecep:pos="."
             ecep:reg="."
             ecep:spe=".">.</pc>
         <c> </c>
      </l>
   </lg>
   <lg xml:id="pjo50-s00870">
      <l n="11" rendition="#h_3" xml:id="pjo50-l07520">
         <w xml:id="pjo50-303860"
            n="a-1080"
            ecep:lem="from"
            ecep:pos="p-acp"
            ecep:reg="From"
            ecep:spe="From"
            ecep:syllab="1"
            ecep:pron="frɒm">From</w>
         <c> </c>
         <w xml:id="pjo50-303870"
            n="a-1090"
            ecep:lem="thought"
            ecep:pos="n1"
            ecep:reg="thought"
            ecep:spe="thought"
            ecep:syllab="1"
            ecep:pron="θɔːt">thought</w>
         <c> </c>
         <w xml:id="pjo50-303880"
            n="a-1100"
            ecep:lem="to"
            ecep:pos="p-acp"
            ecep:reg="to"
            ecep:spe="to"
            ecep:syllab="1"
            ecep:pron="tuː">to</w>
         <c> </c>
         <w xml:id="pjo50-303890"
            n="a-1110"
            ecep:lem="thought"
            ecep:pos="n1"
            ecep:reg="thought"
            ecep:spe="thought"
            ecep:syllab="1"
            ecep:pron="θɔːt">thought</w>
         <c> </c>
         <w xml:id="pjo50-303900"
            n="a-1120"
            ecep:lem="incessant"
            ecep:pos="j"
            ecep:reg="incessant"
            ecep:spe="incessant"
            ecep:syllab="3"
            ecep:pron="ɪnˈsesnt">incessant</w>
         <c> </c>
         <w xml:id="pjo50-303910"
            n="a-1130"
            ecep:lem="hurl"
            ecep:pos="vvn"
            ecep:reg="hurled"
            ecep:spe="hurl'd"
            ecep:syllab="1"
            ecep:pron="hɜːld">hurl'd</w>
         <pc xml:id="pjo50-303920"
             n="a-1140"
             ecep:lem=","
             ecep:pos=","
             ecep:reg=","
             ecep:spe=",">,</pc>
      </l>
      <l n="12" xml:id="pjo50-l07525">
         <c> </c>
         <w xml:id="pjo50-303930"
            n="a-1150"
            ecep:lem="her"
            ecep:pos="po31"
            ecep:reg="Her"
            ecep:spe="Her"
            ecep:syllab="1"
            ecep:pron="hɜː">Her</w>
         <c> </c>
         <w xml:id="pjo50-303940"
            n="a-1160"
            ecep:lem="scheme"
            ecep:pos="n1"
            ecep:reg="scheme"
            ecep:spe="scheme"
            ecep:syllab="1"
            ecep:pron="skiːm">scheme</w>
         <c> </c>
         <w xml:id="pjo50-303950"
            n="a-1170"
            ecep:lem="be"
            ecep:pos="vbds"
            ecep:reg="was"
            ecep:spe="was"
            ecep:syllab="1"
            ecep:pron="wɒz">was</w>
         <c> </c>
         <pc xml:id="pjo50-303960"
             n="a-1180"
             ecep:lem="—"
             ecep:pos="—"
             ecep:reg="—"
             ecep:spe="—">—</pc>
         <c> </c>
         <w xml:id="pjo50-303970"
            n="a-1190"
            ecep:lem="but"
            ecep:pos="cc-acp"
            ecep:reg="but"
            ecep:spe="but"
            ecep:syllab="1"
            ecep:pron="bʌt">but</w>
         <c> </c>
         <w xml:id="pjo50-303980"
            n="a-1200"
            ecep:lem="to"
            ecep:pos="pc-acp"
            ecep:reg="to"
            ecep:spe="to"
            ecep:syllab="1"
            ecep:pron="tuː">to</w>
         <c> </c>
         <w xml:id="pjo50-303990"
            n="a-1210"
            ecep:lem="rule"
            ecep:pos="vvi"
            ecep:reg="rule"
            ecep:spe="rule"
            ecep:syllab="1"
            ecep:pron="ruːl">rule</w>
         <c> </c>
         <w xml:id="pjo50-304000"
            n="a-1220"
            ecep:lem="the"
            ecep:pos="dt"
            ecep:reg="the"
            ecep:spe="the"
            ecep:syllab="1"
            ecep:pron="ðiː">the</w>
         <c> </c>
         <w xml:id="pjo50-304010"
            n="a-1230"
            ecep:lem="world"
            ecep:pos="n1"
            ecep:reg="world"
            ecep:spe="world"
            ecep:syllab="1"
            ecep:pron="wɜːld">world</w>
         <pc xml:id="pjo50-304020"
             n="a-1240"
             unit="sentence"
             ecep:lem="."
             ecep:pos="."
             ecep:reg="."
             ecep:spe=".">.</pc>
         <c> </c>
      </l>
      <l n="13" xml:id="pjo50-l07530">
         <w xml:id="pjo50-304030"
            n="a-1250"
            ecep:lem="at"
            ecep:pos="p-acp"
            ecep:reg="At"
            ecep:spe="At"
            ecep:syllab="1"
            ecep:pron="æt">At</w>
         <c> </c>
         <w xml:id="pjo50-304040"
            n="a-1260"
            ecep:lem="morn"
            ecep:pos="n1"
            ecep:reg="morn"
            ecep:spe="morn"
            ecep:syllab="1"
            ecep:pron="mɔːn">morn</w>
         <c> </c>
         <w xml:id="pjo50-304050"
            n="a-1270"
            ecep:lem="she"
            ecep:pos="pns31"
            ecep:reg="she"
            ecep:spe="she"
            ecep:syllab="1"
            ecep:pron="ʃiː">she</w>
         <c> </c>
         <w xml:id="pjo50-304060"
            n="a-1280"
            ecep:lem="win"
            ecep:pos="vvd"
            ecep:reg="won"
            ecep:spe="won"
            ecep:syllab="1"
            ecep:pron="wʌn">won</w>
         <c> </c>
         <w xml:id="pjo50-304070"
            n="a-1290"
            ecep:lem="it"
            ecep:pos="pn31"
            ecep:reg="it"
            ecep:spe="it"
            ecep:syllab="1"
            ecep:pron="ɪt">it</w>
         <c> </c>
         <w xml:id="pjo50-304080"
            n="a-1300"
            ecep:lem="with"
            ecep:pos="p-acp"
            ecep:reg="with"
            ecep:spe="with"
            ecep:syllab="1"
            ecep:pron="wɪð">with</w>
         <c> </c>
         <w xml:id="pjo50-304090"
            n="a-1310"
            ecep:lem="her"
            ecep:pos="po31"
            ecep:reg="her"
            ecep:spe="her"
            ecep:syllab="1"
            ecep:pron="hɜː">her</w>
         <c> </c>
         <w xml:id="pjo50-304100"
            n="a-1320"
            ecep:lem="eye"
            ecep:pos="n2"
            ecep:reg="eyes"
            ecep:spe="eyes"
            ecep:syllab="1"
            ecep:pron="aɪz">eyes</w>
         <pc xml:id="pjo50-304110"
             n="a-1330"
             ecep:lem=","
             ecep:pos=","
             ecep:reg=","
             ecep:spe=",">,</pc>
      </l>
      <l n="14" xml:id="pjo50-l07535">
         <c> </c>
         <w xml:id="pjo50-304120"
            n="a-1340"
            ecep:lem="at"
            ecep:pos="p-acp"
            ecep:reg="At"
            ecep:spe="At"
            ecep:syllab="1"
            ecep:pron="æt">At</w>
         <c> </c>
         <w xml:id="pjo50-304130"
            n="a-1350"
            ecep:lem="night"
            ecep:pos="n1"
            ecep:reg="night"
            ecep:spe="night"
            ecep:syllab="1"
            ecep:pron="naɪt">night</w>
         <pc xml:id="pjo50-304140"
             n="a-1360"
             ecep:lem=","
             ecep:pos=","
             ecep:reg=","
             ecep:spe=",">,</pc>
         <c> </c>
         <w xml:id="pjo50-304150"
            n="a-1370"
            ecep:lem="when"
            ecep:pos="c-crq"
            ecep:reg="when"
            ecep:spe="when"
            ecep:syllab="1"
            ecep:pron="wen">when</w>
         <c> </c>
         <w xml:id="pjo50-304160"
            n="a-1380"
            ecep:lem="beauty"
            ecep:pos="n1"
            ecep:reg="beauty"
            ecep:spe="beauty"
            ecep:syllab="2"
            ecep:pron="ˈbjuːti">beauty</w>
         <c> </c>
         <w xml:id="pjo50-304170"
            n="a-1390"
            ecep:lem="sicken"
            ecep:pos="vvg"
            ecep:reg="sickening"
            ecep:spe="sick'ning"
            ecep:syllab="2"
            ecep:pron="ˈsɪknɪŋ">sick'ning</w>
         <c> </c>
         <w xml:id="pjo50-304180"
            n="a-1400"
            ecep:lem="sigh"
            ecep:pos="n2"
            ecep:reg="sighs"
            ecep:spe="sighs"
            ecep:syllab="1"
            ecep:pron="saɪz">sighs</w>
         <pc xml:id="pjo50-304190"
             n="a-1410"
             ecep:lem=","
             ecep:pos=","
             ecep:reg=","
             ecep:spe=",">,</pc>
      </l>
      <l n="15" xml:id="pjo50-l07540">
         <c> </c>
         <w xml:id="pjo50-304200"
            n="a-1420"
            ecep:lem="like"
            ecep:pos="av-j"
            ecep:reg="Like"
            ecep:spe="Like"
            ecep:syllab="1"
            ecep:pron="laɪk">Like</w>
         <c> </c>
         <w xml:id="pjo50-304210"
            n="a-1430"
            ecep:lem="the"
            ecep:pos="dt"
            ecep:reg="the"
            ecep:spe="the"
            ecep:syllab="1"
            ecep:pron="ðiː">the</w>
         <c> </c>
         <w xml:id="pjo50-304220"
            n="a-1440"
            ecep:lem="mad"
            ecep:pos="j"
            ecep:reg="mad"
            ecep:spe="mad"
            ecep:syllab="1"
            ecep:pron="mæd">mad</w>
         <c> </c>
         <hi>
            <w xml:id="pjo50-304230"
               n="a-1450"
               ecep:lem="macedonian"
               ecep:pos="jp"
               ecep:reg="Macedonian"
               ecep:spe="Macedonian"
               ecep:syllab="5"
               ecep:pron="ˌmæsɪˈdəʊniən">Macedonian</w>
         </hi>
         <c> </c>
         <w xml:id="pjo50-304240"
            n="a-1460"
            ecep:lem="cry"
            ecep:pos="vvn"
            ecep:reg="cried"
            ecep:spe="cry'd"
            ecep:syllab="1"
            ecep:pron="kraɪd">cry'd</w>
         <pc xml:id="pjo50-304250"
             n="a-1470"
             ecep:lem=","
             ecep:pos=","
             ecep:reg=","
             ecep:spe=",">,</pc>
      </l>
      <l n="16" xml:id="pjo50-l07545">
         <c> </c>
         <w xml:id="pjo50-304260"
            n="a-1480"
            ecep:lem="what"
            ecep:pos="q-crq"
            ecep:reg="What"
            ecep:spe="What"
            ecep:syllab="1"
            ecep:pron="wɒt">What</w>
         <pc xml:id="pjo50-304270"
             n="a-1490"
             ecep:lem=","
             ecep:pos=","
             ecep:reg=","
             ecep:spe=",">,</pc>
         <c> </c>
         <w xml:id="pjo50-304280"
            n="a-1500"
            ecep:lem="no"
            ecep:pos="av-dx"
            ecep:reg="no"
            ecep:spe="no"
            ecep:syllab="1"
            ecep:pron="nəʊ">no</w>
         <c> </c>
         <w xml:id="pjo50-304290"
            n="a-1510"
            ecep:lem="more"
            ecep:pos="dc"
            ecep:reg="more"
            ecep:spe="more"
            ecep:syllab="1"
            ecep:pron="mɔː">more</w>
         <c> </c>
         <w xml:id="pjo50-304300"
            n="a-1520"
            ecep:lem="world"
            ecep:pos="n2"
            ecep:reg="worlds"
            ecep:spe="worlds"
            ecep:syllab="1"
            ecep:pron="wɜːldz">worlds</w>
         <pc xml:id="pjo50-304310"
             n="a-1530"
             ecep:lem=","
             ecep:pos=","
             ecep:reg=","
             ecep:spe=",">,</pc>
         <c> </c>
         <w xml:id="pjo50-304320"
            n="a-1540"
            ecep:lem="you"
            ecep:pos="pn22"
            ecep:reg="you"
            ecep:spe="ye"
            ecep:syllab="1"
            ecep:pron="jiː">ye</w>
         <c> </c>
         <w xml:id="pjo50-304330"
            n="a-1550"
            ecep:lem="god"
            ecep:pos="n2"
            ecep:reg="Gods"
            ecep:spe="Gods"
            ecep:syllab="1"
            ecep:pron="gɒdz">Gods</w>
         <pc xml:id="pjo50-304340"
             n="a-1560"
             ecep:lem="!"
             ecep:pos="!"
             ecep:reg="!"
             ecep:spe="!">!</pc>
         <c> </c>
         <pc xml:id="pjo50-304350"
             n="a-1570"
             ecep:lem="—"
             ecep:pos="—"
             ecep:reg="—"
             ecep:spe="—">—</pc>
         <c> </c>
         <w xml:id="pjo50-304360"
            n="a-1580"
            ecep:lem="and"
            ecep:pos="cc"
            ecep:reg="and"
            ecep:spe="and"
            ecep:syllab="1"
            ecep:pron="ænd">and</w>
         <c> </c>
         <w xml:id="pjo50-304370"
            n="a-1590"
            ecep:lem="die"
            ecep:pos="vvn"
            ecep:reg="died"
            ecep:spe="dy'd"
            ecep:syllab="1"
            ecep:pron="daɪd">dy'd</w>
         <pc xml:id="pjo50-304380"
             n="a-1600"
             unit="sentence"
             ecep:lem="."
             ecep:pos="."
             ecep:reg="."
             ecep:spe=".">.</pc>
         <c> </c>
      </l>
   </lg>
</div>
