<?xml version="1.0" encoding="utf-8"?>
<!DOCTYPE div
  SYSTEM "about:legacy-compat">
<div xmlns:tei="http://www.tei-c.org/ns/1.0"
     xmlns="http://www.tei-c.org/ns/1.0"
     xmlns:ecep="http://www.eighteenthcenturypoetry.org/ns"
     ana="#iamb #tetrameter #pentameter #fragment"
     corresp="#txt_GrayTh1716_wvsfr"
     ecep:syllab=""
     met="irregular"
     rendition="#lgvspace"
     rhyme=""
     subtype="eceptext"
     type="poem"
     xml:id="tgaen-wvsfr"
     decls="#semi-normalized">
   <link target="authors.xml#aut_GrayTh1716" type="author"/>
   <head subtype="supplied" type="main">
      <pc xml:id="tgaen-238440"
          n="a-1490"
          ecep:lem="["
          ecep:pos="["
          ecep:reg="["
          ecep:spe="[">[</pc>
      <w xml:id="tgaen-238450"
         n="a-1500"
         ecep:lem="verse"
         ecep:pos="n1"
         ecep:reg="Verse"
         ecep:spe="Verse"
         ecep:syllab="1"
         ecep:pron="vɜːs">Verse</w>
      <c> </c>
      <w xml:id="tgaen-238460"
         n="a-1510"
         ecep:lem="fragment"
         ecep:pos="n2"
         ecep:reg="Fragments"
         ecep:spe="Fragments"
         ecep:syllab="2"
         ecep:pron="ˌfrægˈments">Fragments</w>
      <pc xml:id="tgaen-238470"
          n="a-1520"
          unit="sentence"
          ecep:lem="]"
          ecep:pos="]"
          ecep:reg="]"
          ecep:spe="]">]</pc>
   </head>
   <lg xml:id="tgaen-s01275">
      <head>
         <w xml:id="tgaen-238510"
            n="a-1530"
            ecep:lem="gratitude"
            ecep:pos="n1"
            ecep:reg="Gratitude"
            ecep:spe="Gratitude"
            ecep:syllab="3"
            ecep:pron="ˈgrætɪtjuːd">Gratitude</w>
      </head>
      <l n="1" xml:id="tgaen-l11120">
         <w xml:id="tgaen-238530"
            n="a-1540"
            ecep:lem="the"
            ecep:pos="dt"
            ecep:reg="The"
            ecep:spe="The"
            ecep:syllab="1"
            ecep:pron="ðiː">The</w>
         <c> </c>
         <w xml:id="tgaen-238540"
            n="a-1550"
            ecep:lem="joy"
            ecep:pos="n1"
            ecep:reg="Joy"
            ecep:spe="Joy"
            ecep:syllab="1"
            ecep:pron="dʒɔɪ">Joy</w>
         <c> </c>
         <w xml:id="tgaen-238550"
            n="a-1560"
            ecep:lem="that"
            ecep:pos="cst"
            ecep:reg="that"
            ecep:spe="that"
            ecep:syllab="1"
            ecep:pron="ðæt">that</w>
         <c> </c>
         <w xml:id="tgaen-238560"
            n="a-1570"
            ecep:lem="tremble"
            ecep:pos="vvz"
            ecep:reg="trembles"
            ecep:spe="trembles"
            ecep:syllab="2"
            ecep:pron="ˈtremblz">trembles</w>
         <c> </c>
         <w xml:id="tgaen-238570"
            n="a-1580"
            ecep:lem="in"
            ecep:pos="p-acp"
            ecep:reg="in"
            ecep:spe="in"
            ecep:syllab="1"
            ecep:pron="ɪn">in</w>
         <c> </c>
         <w xml:id="tgaen-238580"
            n="a-1590"
            ecep:lem="her"
            ecep:pos="po31"
            ecep:reg="her"
            ecep:spe="her"
            ecep:syllab="1"
            ecep:pron="hɜː">her</w>
         <c> </c>
         <w xml:id="tgaen-238590"
            n="a-1600"
            ecep:lem="eye"
            ecep:pos="n1"
            ecep:reg="eye"
            ecep:spe="eye"
            ecep:syllab="1"
            ecep:pron="aɪ">eye</w>
      </l>
      <l n="2" xml:id="tgaen-l11125">
         <w xml:id="tgaen-238600"
            n="a-1610"
            ecep:lem="she"
            ecep:pos="pns31"
            ecep:reg="She"
            ecep:spe="She"
            ecep:syllab="1"
            ecep:pron="ʃiː">She</w>
         <c> </c>
         <w xml:id="tgaen-238610"
            n="a-1620"
            ecep:lem="bow"
            ecep:pos="vvz"
            ecep:reg="bows"
            ecep:spe="bows"
            ecep:syllab="1"
            ecep:pron="bəʊz">bows</w>
         <c> </c>
         <w xml:id="tgaen-238620"
            n="a-1630"
            ecep:lem="her"
            ecep:pos="po31"
            ecep:reg="her"
            ecep:spe="her"
            ecep:syllab="1"
            ecep:pron="hɜː">her</w>
         <c> </c>
         <w xml:id="tgaen-238630"
            n="a-1640"
            ecep:lem="meek"
            ecep:pos="j"
            ecep:reg="meek"
            ecep:spe="meek"
            ecep:syllab="1"
            ecep:pron="miːk">meek</w>
         <c> </c>
         <pc xml:id="tgaen-238640"
             n="a-1650"
             ecep:lem="and"
             ecep:pos="cc"
             ecep:reg="AND"
             ecep:spe="&amp;">&amp;</pc>
         <c> </c>
         <w xml:id="tgaen-238650"
            n="a-1660"
            ecep:lem="humble"
            ecep:pos="j"
            ecep:reg="humble"
            ecep:spe="humble"
            ecep:syllab="2"
            ecep:pron="ˈhʌmbl">humble</w>
         <c> </c>
         <w xml:id="tgaen-238660"
            n="a-1670"
            ecep:lem="head"
            ecep:pos="n1"
            ecep:reg="head"
            ecep:spe="head"
            ecep:syllab="1"
            ecep:pron="hed">head</w>
      </l>
      <l n="3" xml:id="tgaen-l11130">
         <pc xml:id="tgaen-238670"
             n="a-1680"
             ecep:lem="["
             ecep:pos="["
             ecep:reg="["
             ecep:spe="[">[</pc>
         <pc xml:id="tgaen-238680"
             n="a-1690"
             ecep:lem="..."
             ecep:pos="..."
             ecep:reg="..."
             ecep:spe="...">...</pc>
         <pc xml:id="tgaen-238690"
             n="a-1700"
             ecep:lem="]"
             ecep:pos="]"
             ecep:reg="]"
             ecep:spe="]">]</pc>
         <c> </c>
         <w xml:id="tgaen-238700"
            n="a-1710"
            ecep:lem="in"
            ecep:pos="p-acp"
            ecep:reg="in"
            ecep:spe="in"
            ecep:syllab="1"
            ecep:pron="ɪn">in</w>
         <c> </c>
         <w xml:id="tgaen-238710"
            n="a-1720"
            ecep:lem="silent"
            ecep:pos="j"
            ecep:reg="silent"
            ecep:spe="silent"
            ecep:syllab="2"
            ecep:pron="ˈsaɪlənt">silent</w>
         <c> </c>
         <w xml:id="tgaen-238720"
            n="a-1730"
            ecep:lem="praise"
            ecep:pos="n1"
            ecep:reg="praise"
            ecep:spe="praise"
            ecep:syllab="1"
            ecep:pron="preɪz">praise</w>
      </l>
      <l n="4" xml:id="tgaen-l11135">
         <pc xml:id="tgaen-238730"
             n="a-1740"
             ecep:lem="["
             ecep:pos="["
             ecep:reg="["
             ecep:spe="[">[</pc>
         <pc xml:id="tgaen-238740"
             n="a-1750"
             ecep:lem="..."
             ecep:pos="..."
             ecep:reg="..."
             ecep:spe="...">...</pc>
         <pc xml:id="tgaen-238750"
             n="a-1760"
             ecep:lem="]"
             ecep:pos="]"
             ecep:reg="]"
             ecep:spe="]">]</pc>
         <c> </c>
         <w xml:id="tgaen-238760"
            n="a-1770"
            ecep:lem="beyond"
            ecep:pos="p-acp"
            ecep:reg="beyond"
            ecep:spe="beyond"
            ecep:syllab="2"
            ecep:pron="biˈjɒnd">beyond</w>
         <c> </c>
         <w xml:id="tgaen-238770"
            n="a-1780"
            ecep:lem="the"
            ecep:pos="dt"
            ecep:reg="the"
            ecep:spe="the"
            ecep:syllab="1"
            ecep:pron="ðiː">the</w>
         <c> </c>
         <w xml:id="tgaen-238780"
            n="a-1790"
            ecep:lem="power"
            ecep:pos="n1"
            ecep:reg="power"
            ecep:spe="power"
            ecep:syllab="1"
            ecep:pron="ˈpaʊə">power</w>
         <c> </c>
         <w xml:id="tgaen-238790"
            n="a-1800"
            ecep:lem="of"
            ecep:pos="pp-f"
            ecep:reg="of"
            ecep:spe="of"
            ecep:syllab="1"
            ecep:pron="ɒv">of</w>
         <c> </c>
         <w xml:id="tgaen-238800"
            n="a-1810"
            ecep:lem="sound"
            ecep:pos="n1"
            ecep:reg="Sound"
            ecep:spe="Sound"
            ecep:syllab="1"
            ecep:pron="saʊnd">Sound</w>
         <pc xml:id="tgaen-238810"
             n="a-1820"
             unit="sentence"
             ecep:lem="."
             ecep:pos="."
             ecep:reg="."
             ecep:spe=".">.</pc>
      </l>
   </lg>
   <lg xml:id="tgaen-s01280">
      <head>
         <pc xml:id="tgaen-238850"
             n="a-1830"
             ecep:lem="("
             ecep:pos="("
             ecep:reg="("
             ecep:spe="(">(</pc>
         <w xml:id="tgaen-238860"
            n="a-1840"
            ecep:lem="mr."
            ecep:pos="n1"
            ecep:reg="Mr"
            ecep:spe="Mr"
            ecep:syllab="2"
            ecep:pron="ˈmɪstə">Mr</w>
         <c> </c>
         <w xml:id="tgaen-238870"
            n="a-1850"
            ecep:lem="pope"
            ecep:pos="np1"
            ecep:reg="Pope"
            ecep:spe="Pope"
            ecep:syllab="1"
            ecep:pron="pəʊp">Pope</w>
         <c> </c>
         <w xml:id="tgaen-238880"
            n="a-1860"
            ecep:lem="dead"
            ecep:pos="j"
            ecep:reg="dead"
            ecep:spe="dead"
            ecep:syllab="1"
            ecep:pron="ded">dead</w>
         <pc xml:id="tgaen-238890"
             n="a-1870"
             unit="sentence"
             ecep:lem=")"
             ecep:pos=")"
             ecep:reg=")"
             ecep:spe=")">)</pc>
      </head>
      <l n="1" xml:id="tgaen-l11140">
         <pc xml:id="tgaen-238910"
             n="a-1880"
             ecep:lem="["
             ecep:pos="["
             ecep:reg="["
             ecep:spe="[">[</pc>
         <pc xml:id="tgaen-238920"
             n="a-1890"
             ecep:lem="..."
             ecep:pos="..."
             ecep:reg="..."
             ecep:spe="...">...</pc>
         <pc xml:id="tgaen-238930"
             n="a-1900"
             ecep:lem="]"
             ecep:pos="]"
             ecep:reg="]"
             ecep:spe="]">]</pc>
         <c> </c>
         <w xml:id="tgaen-238940"
            n="a-1910"
            ecep:lem="and"
            ecep:pos="cc"
            ecep:reg="and"
            ecep:spe="and"
            ecep:syllab="1"
            ecep:pron="ænd">and</w>
         <c> </c>
         <w xml:id="tgaen-238950"
            n="a-1920"
            ecep:lem="smart"
            ecep:pos="j"
            ecep:reg="smart"
            ecep:spe="smart"
            ecep:syllab="1"
            ecep:pron="smɑːt">smart</w>
         <c> </c>
         <w xml:id="tgaen-238960"
            n="a-1930"
            ecep:lem="beneath"
            ecep:pos="p-acp"
            ecep:reg="beneath"
            ecep:spe="beneath"
            ecep:syllab="2"
            ecep:pron="biˈniːθ">beneath</w>
         <c> </c>
         <w xml:id="tgaen-238970"
            n="a-1940"
            ecep:lem="the"
            ecep:pos="dt"
            ecep:reg="the"
            ecep:spe="the"
            ecep:syllab="1"
            ecep:pron="ðiː">the</w>
         <c> </c>
         <w xml:id="tgaen-238980"
            n="a-1950"
            ecep:lem="visionary"
            ecep:pos="j"
            ecep:reg="visionary"
            ecep:spe="visionary"
            ecep:syllab="4"
            ecep:pron="ˈvɪʒnəri">visionary</w>
         <c> </c>
         <w xml:id="tgaen-238990"
            n="a-1960"
            ecep:lem="scourge"
            ecep:pos="n1"
            ecep:reg="scourge"
            ecep:spe="scourge"
            ecep:syllab="1"
            ecep:pron="skɜːdʒ">scourge</w>
      </l>
      <l n="2" xml:id="tgaen-l11145">
         <pc xml:id="tgaen-239000"
             n="a-0010"
             ecep:lem="—"
             ecep:pos="—"
             ecep:reg="—"
             ecep:spe="—">—</pc>
         <c> </c>
         <w xml:id="tgaen-239010"
            n="a-0020"
            ecep:lem="it|be"
            ecep:pos="pn31|vbz"
            ecep:reg="it's"
            ecep:spe="'tis"
            ecep:syllab="1"
            ecep:pron="tɪz">'tis</w>
         <c> </c>
         <w xml:id="tgaen-239020"
            n="a-0030"
            ecep:lem="ridicule"
            ecep:pos="n1"
            ecep:reg="Ridicule"
            ecep:spe="Ridicule"
            ecep:syllab="3"
            ecep:pron="ˈrɪdɪkjuːl">Ridicule</w>
         <c> </c>
         <pc xml:id="tgaen-239030"
             n="a-0040"
             ecep:lem="and"
             ecep:pos="cc"
             ecep:reg="AND"
             ecep:spe="&amp;">&amp;</pc>
         <c> </c>
         <w xml:id="tgaen-239040"
            n="a-0050"
            ecep:lem="not"
            ecep:pos="xx"
            ecep:reg="not"
            ecep:spe="not"
            ecep:syllab="1"
            ecep:pron="ˈdɪdnt">not</w>
         <c> </c>
         <w xml:id="tgaen-239050"
            n="a-0060"
            ecep:lem="reproach"
            ecep:pos="vvi"
            ecep:reg="reproach"
            ecep:spe="reproach"
            ecep:syllab="2"
            ecep:pron="riˈprəʊtʃ">reproach</w>
         <c> </c>
         <w xml:id="tgaen-239060"
            n="a-0070"
            ecep:lem="that"
            ecep:pos="cst"
            ecep:reg="that"
            ecep:spe="that"
            ecep:syllab="1"
            ecep:pron="ðæt">that</w>
         <c> </c>
         <w xml:id="tgaen-239070"
            n="a-0080"
            ecep:lem="wound"
            ecep:pos="vvz"
            ecep:reg="wounds"
            ecep:spe="wounds"
            ecep:syllab="1"
            ecep:pron="wuːndz">wounds</w>
      </l>
      <l n="3" xml:id="tgaen-l11150">
         <w xml:id="tgaen-239080"
            n="a-0090"
            ecep:lem="their"
            ecep:pos="po32"
            ecep:reg="Their"
            ecep:spe="Their"
            ecep:syllab="1"
            ecep:pron="ðeə">Their</w>
         <c> </c>
         <w xml:id="tgaen-239090"
            n="a-0100"
            ecep:lem="vanity"
            ecep:pos="n1"
            ecep:reg="vanity"
            ecep:spe="vanity"
            ecep:syllab="3"
            ecep:pron="ˈvænəti">vanity</w>
         <c> </c>
         <pc xml:id="tgaen-239100"
             n="a-0110"
             ecep:lem="and"
             ecep:pos="cc"
             ecep:reg="AND"
             ecep:spe="&amp;">&amp;</pc>
         <c> </c>
         <w xml:id="tgaen-239110"
            n="a-0120"
            ecep:lem="not"
            ecep:pos="xx"
            ecep:reg="not"
            ecep:spe="not"
            ecep:syllab="1"
            ecep:pron="ˈdɪdnt">not</w>
         <c> </c>
         <w xml:id="tgaen-239120"
            n="a-0130"
            ecep:lem="their"
            ecep:pos="po32"
            ecep:reg="their"
            ecep:spe="their"
            ecep:syllab="1"
            ecep:pron="ðeə">their</w>
         <c> </c>
         <w xml:id="tgaen-239130"
            n="a-0140"
            ecep:lem="conscience"
            ecep:pos="n1"
            ecep:reg="conscience"
            ecep:spe="conscience"
            ecep:syllab="2"
            ecep:pron="ˈkɒnʃns">conscience</w>
         <c> </c>
         <w xml:id="tgaen-239140"
            n="a-0150"
            ecep:lem="feel"
            ecep:pos="vvz"
            ecep:reg="feels"
            ecep:spe="feels"
            ecep:syllab="1"
            ecep:pron="fiːlz">feels</w>
      </l>
      <l n="4" xml:id="tgaen-l11155">
         <pc xml:id="tgaen-239150"
             n="a-0160"
             ecep:lem="["
             ecep:pos="["
             ecep:reg="["
             ecep:spe="[">[</pc>
         <pc xml:id="tgaen-239160"
             n="a-0170"
             ecep:lem="..."
             ecep:pos="..."
             ecep:reg="..."
             ecep:spe="...">...</pc>
         <pc xml:id="tgaen-239170"
             n="a-0180"
             unit="sentence"
             ecep:lem="]"
             ecep:pos="]"
             ecep:reg="]"
             ecep:spe="]">]</pc>
      </l>
      <l n="5" xml:id="tgaen-l11160">
         <w xml:id="tgaen-239180"
            n="a-0190"
            ecep:lem="a"
            ecep:pos="dt"
            ecep:reg="A"
            ecep:spe="A"
            ecep:syllab="1"
            ecep:pron="ə">A</w>
         <c> </c>
         <w xml:id="tgaen-239190"
            n="a-0200"
            ecep:lem="few"
            ecep:pos="d"
            ecep:reg="few"
            ecep:spe="few"
            ecep:syllab="1"
            ecep:pron="fjuː">few</w>
         <c> </c>
         <w xml:id="tgaen-239200"
            n="a-0210"
            ecep:lem="shall"
            ecep:pos="vmb"
            ecep:reg="shall"
            ecep:spe="shall"
            ecep:syllab="1"
            ecep:pron="ʃæl">shall</w>
         <c> </c>
         <pc xml:id="tgaen-239210"
             n="a-0220"
             ecep:lem="["
             ecep:pos="["
             ecep:reg="["
             ecep:spe="[">[</pc>
         <pc xml:id="tgaen-239220"
             n="a-0230"
             ecep:lem="..."
             ecep:pos="..."
             ecep:reg="..."
             ecep:spe="...">...</pc>
         <pc xml:id="tgaen-239230"
             n="a-0240"
             unit="sentence"
             ecep:lem="]"
             ecep:pos="]"
             ecep:reg="]"
             ecep:spe="]">]</pc>
      </l>
      <l n="6" xml:id="tgaen-l11165">
         <w xml:id="tgaen-239240"
            n="a-0250"
            ecep:lem="the"
            ecep:pos="dt"
            ecep:reg="The"
            ecep:spe="The"
            ecep:syllab="1"
            ecep:pron="ðiː">The</w>
         <c> </c>
         <w xml:id="tgaen-239250"
            n="a-0260"
            ecep:lem="cadence"
            ecep:pos="n1"
            ecep:reg="cadence"
            ecep:spe="cadence"
            ecep:syllab="2"
            ecep:pron="ˈkeɪdns">cadence</w>
         <c> </c>
         <w xml:id="tgaen-239260"
            n="a-0270"
            ecep:lem="of"
            ecep:pos="pp-f"
            ecep:reg="of"
            ecep:spe="of"
            ecep:syllab="1"
            ecep:pron="ɒv">of</w>
         <c> </c>
         <w xml:id="tgaen-239270"
            n="a-0280"
            ecep:lem="my"
            ecep:pos="po11"
            ecep:reg="my"
            ecep:spe="my"
            ecep:syllab="1"
            ecep:pron="maɪ">my</w>
         <c> </c>
         <w xml:id="tgaen-239280"
            n="a-0290"
            ecep:lem="song"
            ecep:pos="n1"
            ecep:reg="song"
            ecep:spe="song"
            ecep:syllab="1"
            ecep:pron="sɒŋ">song</w>
         <c> </c>
         <w xml:id="tgaen-239290"
            n="a-0300"
            ecep:lem="repeat"
            ecep:pos="vvi"
            ecep:reg="repeat"
            ecep:spe="repeat"
            ecep:syllab="2"
            ecep:pron="riˈpiːt">repeat</w>
      </l>
      <l n="7" xml:id="tgaen-l11170">
         <pc xml:id="tgaen-239300"
             n="a-0310"
             ecep:lem="and"
             ecep:pos="cc"
             ecep:reg="AND"
             ecep:spe="&amp;">&amp;</pc>
         <c> </c>
         <w xml:id="tgaen-239310"
            n="a-0320"
            ecep:lem="hail"
            ecep:pos="vvi"
            ecep:reg="hail"
            ecep:spe="hail"
            ecep:syllab="1"
            ecep:pron="heɪl">hail</w>
         <c> </c>
         <w xml:id="tgaen-239320"
            n="a-0330"
            ecep:lem="thou"
            ecep:pos="pno21"
            ecep:reg="thee"
            ecep:spe="thee"
            ecep:syllab="1"
            ecep:pron="ðiː">thee</w>
         <c> </c>
         <w xml:id="tgaen-239330"
            n="a-0340"
            ecep:lem="in"
            ecep:pos="p-acp"
            ecep:reg="in"
            ecep:spe="in"
            ecep:syllab="1"
            ecep:pron="ɪn">in</w>
         <c> </c>
         <w xml:id="tgaen-239340"
            n="a-0350"
            ecep:lem="my"
            ecep:pos="po11"
            ecep:reg="my"
            ecep:spe="my"
            ecep:syllab="1"
            ecep:pron="maɪ">my</w>
         <c> </c>
         <w xml:id="tgaen-239350"
            n="a-0360"
            ecep:lem="word"
            ecep:pos="n2"
            ecep:reg="words"
            ecep:spe="words"
            ecep:syllab="1"
            ecep:pron="wɜːdz">words</w>
         <pc xml:id="tgaen-239360"
             n="a-0370"
             unit="sentence"
             ecep:lem="."
             ecep:pos="."
             ecep:reg="."
             ecep:spe=".">.</pc>
      </l>
   </lg>
</div>
