<?xml version="1.0" encoding="UTF-8"?>
<?xml-model href="../tei_all.rnc" type="application/relax-ng-compact-syntax"?>
<TEI xmlns="http://www.tei-c.org/ns/1.0">
   <teiHeader>
      <fileDesc>
         <titleStmt>
            <title corresp="#txt_SmitCh1749_w0025">SONNET [24] XXIV. By the same.</title>
            <author corresp="authors.xml#aut_SmitCh1749">Charlotte Smith (née Turner)</author>
            <respStmt>
               <name xml:id="AH">Alexander Huber</name>
               <resp>Editor</resp>
            </respStmt>
            <funder>
               <name type="institution" xml:id="BOD">Bodleian Libraries, University of Oxford</name>
               <address>
                  <addrLine>Broad Street</addrLine>
                  <addrLine>Oxford OX1 3BG</addrLine>
                  <addrLine>UK</addrLine>
               </address>
            </funder>
         </titleStmt>
         <publicationStmt>
            <publisher xml:id="ECPA">Eighteenth-Century Poetry Archive</publisher>
            <address>
               <addrLine>Taylor Institution Library</addrLine>
               <addrLine>St Giles'</addrLine>
               <addrLine>Oxford OX1 3NA</addrLine>
               <addrLine>UK</addrLine>
               <addrLine>
                  <email>info@eighteenthcenturypoetry.org</email>
               </addrLine>
               <addrLine>
                  <ref target="https://www.eighteenthcenturypoetry.org/">https://www.eighteenthcenturypoetry.org/</ref>
               </addrLine>
            </address>
            <pubPlace>Oxford</pubPlace>
            <availability status="restricted">
               <licence target="http://creativecommons.org/licenses/by-sa/3.0/">This work is licensed under a Creative Commons Attribution-ShareAlike 3.0 Unported License.</licence>
            </availability>
            <idno type="TCP">N22357</idno>
         </publicationStmt>
         <sourceDesc>
            <bibl>
               <author>Smith, Charlotte Turner, 1749-1806.</author>
               <title>Elegiac sonnets, and other poems. By Charlotte Smith.</title>
               <edition>The first Worcester edition, from the sixth London edition, with additions.</edition>
               <pubPlace>Printed at Worcester [Mass.]</pubPlace>
               <publisher>by Isaiah Thomas, sold by him in Worcester, and by said Thomas and Andrews in Boston</publisher>
               <date>1795</date>
               <biblScope>p. 44.</biblScope>
               <extent>xix,[2],22-126,[2]p.,[5] leaves of plates: ill.; 15 cm. (12mo)</extent>
            </bibl>
         </sourceDesc>
      </fileDesc>
      <encodingDesc>
         <projectDesc>
            <p>This e-text is part of the Works section of the Eighteenth-Century Poetry Archive (ECPA).</p>
            <p>XML created for the Eighteenth-Century Poetry Archive (ECPA).</p>
         </projectDesc>
         <editorialDecl>
            <p>The text has been typographically modernized, but without any silent modernization of
						spelling, capitalization, or punctuation. The source of the text is given and all editorial interventions
						have been recorded in textual notes. Based on the electronic text originally produced by the TCP project, this  text has been edited to conform to the recommendations found in Level 5 of the
						Best Practices for TEI in Libraries version 4.0.0.
					</p>
         </editorialDecl>
         <classDecl>
            <taxonomy xml:id="LCNAF">
               <bibl>Library of Congress Name Authority File (<abbr>LCNAF</abbr>)</bibl>
            </taxonomy>
         </classDecl>
         <tagsDecl>
            <rendition n="linegroups indented" xml:id="lgindent" scheme="css">text-indent: 1em;</rendition>
            <rendition n="linegroups vertically spaced" xml:id="lgvspace" scheme="css">margin-bottom: 1em;</rendition>
            <rendition n="aligned centrally" xml:id="align-center" scheme="css">text-align: center;</rendition>
            <rendition n="aligned right" xml:id="align-right" scheme="css">text-align: right;</rendition>
            <rendition n="aligned left" xml:id="align-left" scheme="css">text-align: left;</rendition>
            <rendition n="inline" xml:id="inline" scheme="css">display: inline</rendition>
            <rendition n="italic" xml:id="i" scheme="css">font-style: italic;</rendition>
            <rendition n="bold" xml:id="b" scheme="css">font-weight: bold;</rendition>
         </tagsDecl>
      </encodingDesc>
   </teiHeader>
   <text>
      <body>
         <div xmlns:ecep="http://www.eighteenthcenturypoetry.org/ns"
              ana="#iamb #pentameter #sonnet"
              corresp="#txt_SmitCh1749_w0025"
              decls="#semi-normalized"
              ecep:syllab="10"
              met="-+|-+|-+|-+|-+/"
              n="24"
              rendition="#lgvspace"
              rhyme="ababcdcdefefgg"
              subtype="eceptext"
              type="sonnet"
              xml:id="n22cs-w0240">
            <link target="authors.xml#aut_SmitCh1749" type="author"/>
            <head type="main">
               <w xmlns:ecep="http://www.eighteenthcenturypoetry.org/ns"
                  xml:id="n22cs-067160"
                  n="0043-a-0010"
                  ecep:lem="sonnet"
                  ecep:pos="n1"
                  ecep:reg="SONNET"
                  ecep:spe="SONNET"
                  ecep:syllab="2"
                  ecep:pron="ˈsɒnɪt">SONNET</w>
               <c> </c>
               <pc xmlns:ecep="http://www.eighteenthcenturypoetry.org/ns"
                   xml:id="n22cs-067161"
                   ecep:lem="["
                   ecep:pos="["
                   ecep:reg="["
                   ecep:spe="[">[</pc>
               <w xmlns:ecep="http://www.eighteenthcenturypoetry.org/ns"
                  xml:id="n22cs-067162"
                  ecep:lem="24"
                  ecep:pos="crd"
                  ecep:reg="24"
                  ecep:spe="24"
                  ecep:syllab="1"
                  ecep:pron="twˈentifˈɔː">24</w>
               <pc xmlns:ecep="http://www.eighteenthcenturypoetry.org/ns"
                   xml:id="n22cs-067163"
                   ecep:lem="]"
                   ecep:pos="]"
                   ecep:reg="]"
                   ecep:spe="]">]</pc>
               <c> </c>
               <w xmlns:ecep="http://www.eighteenthcenturypoetry.org/ns"
                  xml:id="n22cs-067170"
                  n="0043-a-0020"
                  ecep:lem="xxiv"
                  ecep:pos="crd"
                  ecep:reg="XXIV"
                  ecep:spe="XXIV"
                  ecep:syllab="1"
                  ecep:pron="rˌəʊməntwˈentifˈɔː">XXIV</w>
               <pc xmlns:ecep="http://www.eighteenthcenturypoetry.org/ns"
                   xml:id="n22cs-067180"
                   n="0043-a-0030"
                   unit="sentence"
                   ecep:lem="."
                   ecep:pos="."
                   ecep:reg="."
                   ecep:spe=".">.</pc>
               <c> </c>
               <w xmlns:ecep="http://www.eighteenthcenturypoetry.org/ns"
                  xml:id="n22cs-067190"
                  n="0043-a-0040"
                  ecep:lem="by"
                  ecep:pos="p-acp"
                  ecep:reg="By"
                  ecep:spe="By"
                  ecep:syllab="1"
                  ecep:pron="baɪ">By</w>
               <c> </c>
               <w xmlns:ecep="http://www.eighteenthcenturypoetry.org/ns"
                  xml:id="n22cs-067200"
                  n="0043-a-0050"
                  ecep:lem="the"
                  ecep:pos="dt"
                  ecep:reg="the"
                  ecep:spe="the"
                  ecep:syllab="1"
                  ecep:pron="ðiː">the</w>
               <c> </c>
               <w xmlns:ecep="http://www.eighteenthcenturypoetry.org/ns"
                  xml:id="n22cs-067210"
                  n="0043-a-0060"
                  ecep:lem="same"
                  ecep:pos="d"
                  ecep:reg="same"
                  ecep:spe="same"
                  ecep:syllab="1"
                  ecep:pron="seɪm">same</w>
               <pc xmlns:ecep="http://www.eighteenthcenturypoetry.org/ns"
                   xml:id="n22cs-067220"
                   n="0043-a-0070"
                   unit="sentence"
                   ecep:lem="."
                   ecep:pos="."
                   ecep:reg="."
                   ecep:spe=".">.</pc>
            </head>
            <lg xml:id="n22cs-s00490">
               <l xml:id="n22cs-l01745">
                  <w xmlns:ecep="http://www.eighteenthcenturypoetry.org/ns"
                     xml:id="n22cs-067250"
                     n="0043-a-0080"
                     ecep:lem="make"
                     ecep:pos="vvi"
                     ecep:reg="MAKE"
                     ecep:spe="MAKE"
                     ecep:syllab="1"
                     ecep:pron="meɪk">MAKE</w>
                  <c> </c>
                  <w xmlns:ecep="http://www.eighteenthcenturypoetry.org/ns"
                     xml:id="n22cs-067260"
                     n="0043-a-0090"
                     ecep:lem="there"
                     ecep:pos="a-acp"
                     ecep:reg="there"
                     ecep:spe="there"
                     ecep:syllab="1"
                     ecep:pron="ðeə">there</w>
                  <c> </c>
                  <w xmlns:ecep="http://www.eighteenthcenturypoetry.org/ns"
                     xml:id="n22cs-067270"
                     n="0043-a-0100"
                     ecep:lem="my"
                     ecep:pos="po11"
                     ecep:reg="my"
                     ecep:spe="my"
                     ecep:syllab="1"
                     ecep:pron="maɪ">my</w>
                  <c> </c>
                  <w xmlns:ecep="http://www.eighteenthcenturypoetry.org/ns"
                     xml:id="n22cs-067280"
                     n="0043-a-0110"
                     ecep:lem="tomb"
                     ecep:pos="n1"
                     ecep:reg="tomb"
                     ecep:spe="tomb"
                     ecep:syllab="1"
                     ecep:pron="tuːm">tomb</w>
                  <c> </c>
                  <w xmlns:ecep="http://www.eighteenthcenturypoetry.org/ns"
                     xml:id="n22cs-067290"
                     n="0043-a-0120"
                     ecep:lem="beneath"
                     ecep:pos="p-acp"
                     ecep:reg="beneath"
                     ecep:spe="beneath"
                     ecep:syllab="2"
                     ecep:pron="bɪˈniːθ">beneath</w>
                  <c> </c>
                  <w xmlns:ecep="http://www.eighteenthcenturypoetry.org/ns"
                     xml:id="n22cs-067300"
                     n="0043-a-0130"
                     ecep:lem="the"
                     ecep:pos="dt"
                     ecep:reg="the"
                     ecep:spe="the"
                     ecep:syllab="1"
                     ecep:pron="ðiː">the</w>
                  <c> </c>
                  <w xmlns:ecep="http://www.eighteenthcenturypoetry.org/ns"
                     xml:id="n22cs-067310"
                     n="0043-a-0140"
                     ecep:lem="lime"
                     ecep:pos="n1"
                     ecep:reg="lime"
                     ecep:spe="lime"
                     ecep:syllab="1"
                     ecep:pron="laɪm">lime</w>
                  <c> </c>
                  <w xmlns:ecep="http://www.eighteenthcenturypoetry.org/ns"
                     xml:id="n22cs-067320"
                     n="0043-a-0150"
                     ecep:lem="trees"
                     ecep:pos="ng2"
                     ecep:reg="trees'"
                     ecep:spe="trees'"
                     ecep:syllab="1"
                     ecep:pron="triːz">trees'</w>
                  <c> </c>
                  <w xmlns:ecep="http://www.eighteenthcenturypoetry.org/ns"
                     xml:id="n22cs-067340"
                     n="0043-a-0170"
                     ecep:lem="shade"
                     ecep:pos="n1"
                     ecep:reg="shade"
                     ecep:spe="shade"
                     ecep:syllab="1"
                     ecep:pron="ʃeɪd">shade</w>
                  <pc xmlns:ecep="http://www.eighteenthcenturypoetry.org/ns"
                      xml:id="n22cs-067350"
                      n="0043-a-0180"
                      ecep:lem=","
                      ecep:pos=","
                      ecep:reg=","
                      ecep:spe=",">,</pc>
                  <note n="[*]" place="bottom" xml:id="n22cs-n00150">
                     <p xml:id="n22cs-s00495">
                        <label>
                           <w xmlns:ecep="http://www.eighteenthcenturypoetry.org/ns"
                              xml:id="n22cs-067390"
                              n="0043-a-0190"
                              ecep:lem="line"
                              ecep:pos="n1"
                              ecep:reg="LINE"
                              ecep:spe="LINE"
                              ecep:syllab="1"
                              ecep:pron="laɪn">LINE</w>
                           <c> </c>
                           <w xmlns:ecep="http://www.eighteenthcenturypoetry.org/ns"
                              xml:id="n22cs-067400"
                              n="0043-a-0200"
                              ecep:lem="1."
                              ecep:pos="crd"
                              ecep:reg="1."
                              ecep:spe="1."
                              ecep:syllab="1"
                              ecep:pron="wˈɒn">1.</w>
                           <pc unit="sentence" xml:id="n22cs-067400-eos" n="0043-a-0210"/>
                           <c> </c>
                        </label>
                        <q>
                           <p xml:id="n22cs-s00500">
                              <w xmlns:ecep="http://www.eighteenthcenturypoetry.org/ns"
                                 xml:id="n22cs-067440"
                                 n="0043-a-0220"
                                 ecep:lem="at"
                                 ecep:pos="p-acp"
                                 ecep:reg="At"
                                 ecep:spe="At"
                                 ecep:syllab="1"
                                 ecep:pron="æt">At</w>
                              <c> </c>
                              <w xmlns:ecep="http://www.eighteenthcenturypoetry.org/ns"
                                 xml:id="n22cs-067450"
                                 n="0043-a-0230"
                                 ecep:lem="the"
                                 ecep:pos="dt"
                                 ecep:reg="the"
                                 ecep:spe="the"
                                 ecep:syllab="1"
                                 ecep:pron="ðiː">the</w>
                              <c> </c>
                              <w xmlns:ecep="http://www.eighteenthcenturypoetry.org/ns"
                                 xml:id="n22cs-067460"
                                 n="0043-a-0240"
                                 ecep:lem="corner"
                                 ecep:pos="n1"
                                 ecep:reg="corner"
                                 ecep:spe="corner"
                                 ecep:syllab="2"
                                 ecep:pron="ˈkɔːnə">corner</w>
                              <c> </c>
                              <w xmlns:ecep="http://www.eighteenthcenturypoetry.org/ns"
                                 xml:id="n22cs-067470"
                                 n="0043-a-0250"
                                 ecep:lem="of"
                                 ecep:pos="pp-f"
                                 ecep:reg="of"
                                 ecep:spe="of"
                                 ecep:syllab="1"
                                 ecep:pron="ɒv">of</w>
                              <c> </c>
                              <w xmlns:ecep="http://www.eighteenthcenturypoetry.org/ns"
                                 xml:id="n22cs-067480"
                                 n="0043-a-0260"
                                 ecep:lem="the"
                                 ecep:pos="dt"
                                 ecep:reg="the"
                                 ecep:spe="the"
                                 ecep:syllab="1"
                                 ecep:pron="ðiː">the</w>
                              <c> </c>
                              <w xmlns:ecep="http://www.eighteenthcenturypoetry.org/ns"
                                 xml:id="n22cs-067490"
                                 n="0043-a-0270"
                                 ecep:lem="churchyard"
                                 ecep:pos="n1"
                                 ecep:reg="churchyard"
                                 ecep:spe="churchyard"
                                 ecep:syllab="2"
                                 ecep:pron="ˈtʃɜːtʃjɑːd">churchyard</w>
                              <c> </c>
                              <w xmlns:ecep="http://www.eighteenthcenturypoetry.org/ns"
                                 xml:id="n22cs-067500"
                                 n="0043-a-0280"
                                 ecep:lem="which"
                                 ecep:pos="r-crq"
                                 ecep:reg="which"
                                 ecep:spe="which"
                                 ecep:syllab="1"
                                 ecep:pron="wɪtʃ">which</w>
                              <c> </c>
                              <w xmlns:ecep="http://www.eighteenthcenturypoetry.org/ns"
                                 xml:id="n22cs-067510"
                                 n="0043-a-0290"
                                 ecep:lem="look"
                                 ecep:pos="vvz"
                                 ecep:reg="looks"
                                 ecep:spe="looks"
                                 ecep:syllab="1"
                                 ecep:pron="lʊks">looks</w>
                              <c> </c>
                              <w xmlns:ecep="http://www.eighteenthcenturypoetry.org/ns"
                                 xml:id="n22cs-067520"
                                 n="0043-a-0300"
                                 ecep:lem="towards"
                                 ecep:pos="p-acp"
                                 ecep:reg="towards"
                                 ecep:spe="towards"
                                 ecep:syllab="2"
                                 ecep:pron="təˈwɔːdz">towards</w>
                              <c> </c>
                              <w xmlns:ecep="http://www.eighteenthcenturypoetry.org/ns"
                                 xml:id="n22cs-067530"
                                 n="0043-a-0310"
                                 ecep:lem="the"
                                 ecep:pos="dt"
                                 ecep:reg="the"
                                 ecep:spe="the"
                                 ecep:syllab="1"
                                 ecep:pron="ðiː">the</w>
                              <c> </c>
                              <w xmlns:ecep="http://www.eighteenthcenturypoetry.org/ns"
                                 xml:id="n22cs-067540"
                                 n="0043-a-0320"
                                 ecep:lem="field"
                                 ecep:pos="n2"
                                 ecep:reg="fields"
                                 ecep:spe="fields"
                                 ecep:syllab="1"
                                 ecep:pron="ˈfiːldz">fields</w>
                              <pc xmlns:ecep="http://www.eighteenthcenturypoetry.org/ns"
                                  xml:id="n22cs-067550"
                                  n="0043-a-0330"
                                  ecep:lem=","
                                  ecep:pos=","
                                  ecep:reg=","
                                  ecep:spe=",">,</pc>
                              <c> </c>
                              <w xmlns:ecep="http://www.eighteenthcenturypoetry.org/ns"
                                 xml:id="n22cs-067560"
                                 n="0043-a-0340"
                                 ecep:lem="there"
                                 ecep:pos="pc-acp"
                                 ecep:reg="there"
                                 ecep:spe="there"
                                 ecep:syllab="1"
                                 ecep:pron="ðeə">there</w>
                              <c> </c>
                              <w xmlns:ecep="http://www.eighteenthcenturypoetry.org/ns"
                                 xml:id="n22cs-067570"
                                 n="0043-a-0350"
                                 ecep:lem="be"
                                 ecep:pos="vbr"
                                 ecep:reg="are"
                                 ecep:spe="are"
                                 ecep:syllab="1"
                                 ecep:pron="ɑː">are</w>
                              <c> </c>
                              <w xmlns:ecep="http://www.eighteenthcenturypoetry.org/ns"
                                 xml:id="n22cs-067580"
                                 n="0043-a-0360"
                                 ecep:lem="two"
                                 ecep:pos="crd"
                                 ecep:reg="two"
                                 ecep:spe="two"
                                 ecep:syllab="1"
                                 ecep:pron="tuː">two</w>
                              <c> </c>
                              <w xmlns:ecep="http://www.eighteenthcenturypoetry.org/ns"
                                 xml:id="n22cs-067590"
                                 n="0043-a-0370"
                                 ecep:lem="lime"
                                 ecep:pos="n1"
                                 ecep:reg="lime"
                                 ecep:spe="lime"
                                 ecep:syllab="1"
                                 ecep:pron="laɪm">lime</w>
                              <c> </c>
                              <w xmlns:ecep="http://www.eighteenthcenturypoetry.org/ns"
                                 xml:id="n22cs-067600"
                                 n="0043-a-0380"
                                 ecep:lem="tree"
                                 ecep:pos="n2"
                                 ecep:reg="trees"
                                 ecep:spe="trees"
                                 ecep:syllab="1"
                                 ecep:pron="triːz">trees</w>
                              <c> </c>
                              <pc xmlns:ecep="http://www.eighteenthcenturypoetry.org/ns"
                                  xml:id="n22cs-067610"
                                  n="0043-a-0390"
                                  ecep:lem="—"
                                  ecep:pos="—"
                                  ecep:reg="—"
                                  ecep:spe="—">—</pc>
                              <c> </c>
                              <w xmlns:ecep="http://www.eighteenthcenturypoetry.org/ns"
                                 xml:id="n22cs-067620"
                                 n="0043-a-0400"
                                 ecep:lem="it"
                                 ecep:pos="pn31"
                                 ecep:reg="it"
                                 ecep:spe="it"
                                 ecep:syllab="1"
                                 ecep:pron="ɪt">it</w>
                              <c> </c>
                              <w xmlns:ecep="http://www.eighteenthcenturypoetry.org/ns"
                                 xml:id="n22cs-067630"
                                 n="0043-a-0410"
                                 ecep:lem="be"
                                 ecep:pos="vbz"
                                 ecep:reg="is"
                                 ecep:spe="is"
                                 ecep:syllab="1"
                                 ecep:pron="ɪz">is</w>
                              <c> </c>
                              <w xmlns:ecep="http://www.eighteenthcenturypoetry.org/ns"
                                 xml:id="n22cs-067640"
                                 n="0043-a-0420"
                                 ecep:lem="there"
                                 ecep:pos="a-acp"
                                 ecep:reg="there"
                                 ecep:spe="there"
                                 ecep:syllab="1"
                                 ecep:pron="ðeə">there</w>
                              <c> </c>
                              <w xmlns:ecep="http://www.eighteenthcenturypoetry.org/ns"
                                 xml:id="n22cs-067650"
                                 n="0043-a-0430"
                                 ecep:lem="i"
                                 ecep:pos="pns11"
                                 ecep:reg="I"
                                 ecep:spe="I"
                                 ecep:syllab="1"
                                 ecep:pron="aɪ">I</w>
                              <c> </c>
                              <w xmlns:ecep="http://www.eighteenthcenturypoetry.org/ns"
                                 xml:id="n22cs-067660"
                                 n="0043-a-0440"
                                 ecep:lem="wish"
                                 ecep:pos="vvb"
                                 ecep:reg="wish"
                                 ecep:spe="wish"
                                 ecep:syllab="1"
                                 ecep:pron="wɪʃ">wish</w>
                              <c> </c>
                              <w xmlns:ecep="http://www.eighteenthcenturypoetry.org/ns"
                                 xml:id="n22cs-067670"
                                 n="0043-a-0450"
                                 ecep:lem="to"
                                 ecep:pos="pc-acp"
                                 ecep:reg="to"
                                 ecep:spe="to"
                                 ecep:syllab="1"
                                 ecep:pron="tuː">to</w>
                              <c> </c>
                              <w xmlns:ecep="http://www.eighteenthcenturypoetry.org/ns"
                                 xml:id="n22cs-067680"
                                 n="0043-a-0460"
                                 ecep:lem="rest"
                                 ecep:pos="vvi"
                                 ecep:reg="rest"
                                 ecep:spe="rest"
                                 ecep:syllab="1"
                                 ecep:pron="rest">rest</w>
                              <pc xmlns:ecep="http://www.eighteenthcenturypoetry.org/ns"
                                  xml:id="n22cs-067690"
                                  n="0043-a-0470"
                                  unit="sentence"
                                  ecep:lem="."
                                  ecep:pos="."
                                  ecep:reg="."
                                  ecep:spe=".">.</pc>
                           </p>
                           <bibl>
                              <hi>
                                 <w xmlns:ecep="http://www.eighteenthcenturypoetry.org/ns"
                                    xml:id="n22cs-067720"
                                    n="0043-a-0480"
                                    ecep:lem="sorrow"
                                    ecep:pos="n2"
                                    ecep:reg="Sorrows"
                                    ecep:spe="Sorrows"
                                    ecep:syllab="2"
                                    ecep:pron="ˈsɒrəʊz">Sorrows</w>
                                 <c> </c>
                                 <w xmlns:ecep="http://www.eighteenthcenturypoetry.org/ns"
                                    xml:id="n22cs-067730"
                                    n="0043-a-0490"
                                    ecep:lem="of"
                                    ecep:pos="pp-f"
                                    ecep:reg="of"
                                    ecep:spe="of"
                                    ecep:syllab="1"
                                    ecep:pron="ɒv">of</w>
                                 <c> </c>
                                 <w xmlns:ecep="http://www.eighteenthcenturypoetry.org/ns"
                                    xml:id="n22cs-067740"
                                    n="0043-a-0500"
                                    ecep:lem="Werter"
                                    ecep:pos="np1"
                                    ecep:reg="Werter"
                                    ecep:spe="Werter"
                                    ecep:syllab="2"
                                    ecep:pron="wˈɜːtə">Werter</w>
                                 <pc xmlns:ecep="http://www.eighteenthcenturypoetry.org/ns"
                                     xml:id="n22cs-067750"
                                     n="0043-a-0510"
                                     unit="sentence"
                                     ecep:lem="."
                                     ecep:pos="."
                                     ecep:reg="."
                                     ecep:spe=".">.</pc>
                                 <c> </c>
                                 <w xmlns:ecep="http://www.eighteenthcenturypoetry.org/ns"
                                    xml:id="n22cs-067760"
                                    n="0043-a-0520"
                                    ecep:lem="volume"
                                    ecep:pos="n1"
                                    ecep:reg="Volume"
                                    ecep:spe="Volume"
                                    ecep:syllab="2"
                                    ecep:pron="ˈvɒljuːm">Volume</w>
                                 <c> </c>
                                 <w xmlns:ecep="http://www.eighteenthcenturypoetry.org/ns"
                                    xml:id="n22cs-067770"
                                    n="0043-a-0530"
                                    ecep:lem="second"
                                    ecep:pos="ord"
                                    ecep:reg="Second"
                                    ecep:spe="Second"
                                    ecep:syllab="2"
                                    ecep:pron="ˈseknd">Second</w>
                                 <pc xmlns:ecep="http://www.eighteenthcenturypoetry.org/ns"
                                     xml:id="n22cs-067780"
                                     n="0043-a-0540"
                                     unit="sentence"
                                     ecep:lem="."
                                     ecep:pos="."
                                     ecep:reg="."
                                     ecep:spe=".">.</pc>
                                 <c> </c>
                              </hi>
                           </bibl>
                        </q>
                     </p>
                  </note>
                  <milestone n="1" type="tcpmilestone" unit="unspecified"/>
               </l>
               <l xml:id="n22cs-l01750">
                  <c> </c>
                  <w xmlns:ecep="http://www.eighteenthcenturypoetry.org/ns"
                     xml:id="n22cs-067800"
                     n="0043-a-0550"
                     ecep:lem="where"
                     ecep:pos="q-crq"
                     ecep:reg="Where"
                     ecep:spe="Where"
                     ecep:syllab="1"
                     ecep:pron="weə">Where</w>
                  <c> </c>
                  <w xmlns:ecep="http://www.eighteenthcenturypoetry.org/ns"
                     xml:id="n22cs-067810"
                     n="0043-a-0560"
                     ecep:lem="grass"
                     ecep:pos="n1"
                     ecep:reg="grass"
                     ecep:spe="grass"
                     ecep:syllab="1"
                     ecep:pron="grɑːs">grass</w>
                  <c> </c>
                  <w xmlns:ecep="http://www.eighteenthcenturypoetry.org/ns"
                     xml:id="n22cs-067820"
                     n="0043-a-0570"
                     ecep:lem="and"
                     ecep:pos="cc"
                     ecep:reg="and"
                     ecep:spe="and"
                     ecep:syllab="1"
                     ecep:pron="ænd">and</w>
                  <c> </c>
                  <w xmlns:ecep="http://www.eighteenthcenturypoetry.org/ns"
                     xml:id="n22cs-067830"
                     n="0043-a-0580"
                     ecep:lem="flower"
                     ecep:pos="n2"
                     ecep:reg="flowers"
                     ecep:spe="flow'rs"
                     ecep:syllab="1"
                     ecep:pron="flæəz">flow'rs</w>
                  <pc xmlns:ecep="http://www.eighteenthcenturypoetry.org/ns"
                      xml:id="n22cs-067840"
                      n="0043-a-0590"
                      ecep:lem=","
                      ecep:pos=","
                      ecep:reg=","
                      ecep:spe=",">,</pc>
                  <c> </c>
                  <w xmlns:ecep="http://www.eighteenthcenturypoetry.org/ns"
                     xml:id="n22cs-067850"
                     n="0043-a-0600"
                     ecep:lem="in"
                     ecep:pos="p-acp"
                     ecep:reg="in"
                     ecep:spe="in"
                     ecep:syllab="1"
                     ecep:pron="ɪn">in</w>
                  <c> </c>
                  <w xmlns:ecep="http://www.eighteenthcenturypoetry.org/ns"
                     xml:id="n22cs-067860"
                     n="0043-a-0610"
                     ecep:lem="wild"
                     ecep:pos="j"
                     ecep:reg="wild"
                     ecep:spe="wild"
                     ecep:syllab="1"
                     ecep:pron="waɪld">wild</w>
                  <c> </c>
                  <w xmlns:ecep="http://www.eighteenthcenturypoetry.org/ns"
                     xml:id="n22cs-067870"
                     n="0043-a-0620"
                     ecep:lem="luxuriance"
                     ecep:pos="n1"
                     ecep:reg="luxuriance"
                     ecep:spe="luxuriance"
                     ecep:syllab="4"
                     ecep:pron="lʌgˈʒʊəriəns">luxuriance</w>
                  <c> </c>
                  <w xmlns:ecep="http://www.eighteenthcenturypoetry.org/ns"
                     xml:id="n22cs-067880"
                     n="0043-a-0630"
                     ecep:lem="wave"
                     ecep:pos="n1"
                     ecep:reg="wave"
                     ecep:spe="wave"
                     ecep:syllab="1"
                     ecep:pron="weɪv">wave</w>
                  <pc xmlns:ecep="http://www.eighteenthcenturypoetry.org/ns"
                      xml:id="n22cs-067890"
                      n="0043-a-0640"
                      ecep:lem=";"
                      ecep:pos=";"
                      ecep:reg=";"
                      ecep:spe=";">;</pc>
               </l>
               <l xml:id="n22cs-l01755">
                  <c> </c>
                  <w xmlns:ecep="http://www.eighteenthcenturypoetry.org/ns"
                     xml:id="n22cs-067900"
                     n="0043-a-0650"
                     ecep:lem="let"
                     ecep:pos="vvb"
                     ecep:reg="Let"
                     ecep:spe="Let"
                     ecep:syllab="1"
                     ecep:pron="let">Let</w>
                  <c> </c>
                  <w xmlns:ecep="http://www.eighteenthcenturypoetry.org/ns"
                     xml:id="n22cs-067910"
                     n="0043-a-0660"
                     ecep:lem="no"
                     ecep:pos="dx"
                     ecep:reg="no"
                     ecep:spe="no"
                     ecep:syllab="1"
                     ecep:pron="nəʊ">no</w>
                  <c> </c>
                  <w xmlns:ecep="http://www.eighteenthcenturypoetry.org/ns"
                     xml:id="n22cs-067920"
                     n="0043-a-0670"
                     ecep:lem="memorial"
                     ecep:pos="j-jn"
                     ecep:reg="memorial"
                     ecep:spe="memorial"
                     ecep:syllab="4"
                     ecep:pron="məˈmɔːriəl">memorial</w>
                  <c> </c>
                  <w xmlns:ecep="http://www.eighteenthcenturypoetry.org/ns"
                     xml:id="n22cs-067930"
                     n="0043-a-0680"
                     ecep:lem="mark"
                     ecep:pos="n1"
                     ecep:reg="mark"
                     ecep:spe="mark"
                     ecep:syllab="1"
                     ecep:pron="mɑːk">mark</w>
                  <c> </c>
                  <w xmlns:ecep="http://www.eighteenthcenturypoetry.org/ns"
                     xml:id="n22cs-067940"
                     n="0043-a-0690"
                     ecep:lem="where"
                     ecep:pos="c-crq"
                     ecep:reg="where"
                     ecep:spe="where"
                     ecep:syllab="1"
                     ecep:pron="weə">where</w>
                  <c> </c>
                  <w xmlns:ecep="http://www.eighteenthcenturypoetry.org/ns"
                     xml:id="n22cs-067950"
                     n="0043-a-0700"
                     ecep:lem="i"
                     ecep:pos="pns11"
                     ecep:reg="I"
                     ecep:spe="I"
                     ecep:syllab="1"
                     ecep:pron="aɪ">I</w>
                  <c> </c>
                  <w xmlns:ecep="http://www.eighteenthcenturypoetry.org/ns"
                     xml:id="n22cs-067960"
                     n="0043-a-0710"
                     ecep:lem="be"
                     ecep:pos="vbm"
                     ecep:reg="am"
                     ecep:spe="am"
                     ecep:syllab="1"
                     ecep:pron="æm">am</w>
                  <c> </c>
                  <w xmlns:ecep="http://www.eighteenthcenturypoetry.org/ns"
                     xml:id="n22cs-067970"
                     n="0043-a-0720"
                     ecep:lem="lay"
                     ecep:pos="vvn"
                     ecep:reg="laid"
                     ecep:spe="laid"
                     ecep:syllab="1"
                     ecep:pron="leɪd">laid</w>
                  <pc xmlns:ecep="http://www.eighteenthcenturypoetry.org/ns"
                      xml:id="n22cs-067980"
                      n="0043-a-0730"
                      ecep:lem=","
                      ecep:pos=","
                      ecep:reg=","
                      ecep:spe=",">,</pc>
               </l>
               <l xml:id="n22cs-l01760">
                  <c> </c>
                  <w xmlns:ecep="http://www.eighteenthcenturypoetry.org/ns"
                     xml:id="n22cs-067990"
                     n="0043-a-0740"
                     ecep:lem="or"
                     ecep:pos="cc"
                     ecep:reg="Or"
                     ecep:spe="Or"
                     ecep:syllab="1"
                     ecep:pron="ɔː">Or</w>
                  <c> </c>
                  <w xmlns:ecep="http://www.eighteenthcenturypoetry.org/ns"
                     xml:id="n22cs-068000"
                     n="0043-a-0750"
                     ecep:lem="point"
                     ecep:pos="n1"
                     ecep:reg="point"
                     ecep:spe="point"
                     ecep:syllab="1"
                     ecep:pron="pɔɪnt">point</w>
                  <c> </c>
                  <w xmlns:ecep="http://www.eighteenthcenturypoetry.org/ns"
                     xml:id="n22cs-068010"
                     n="0043-a-0760"
                     ecep:lem="to"
                     ecep:pos="p-acp"
                     ecep:reg="to"
                     ecep:spe="to"
                     ecep:syllab="1"
                     ecep:pron="tuː">to</w>
                  <c> </c>
                  <w xmlns:ecep="http://www.eighteenthcenturypoetry.org/ns"
                     xml:id="n22cs-068020"
                     n="0043-a-0770"
                     ecep:lem="common"
                     ecep:pos="j"
                     ecep:reg="common"
                     ecep:spe="common"
                     ecep:syllab="2"
                     ecep:pron="ˈkɒmən">common</w>
                  <c> </c>
                  <w xmlns:ecep="http://www.eighteenthcenturypoetry.org/ns"
                     xml:id="n22cs-068030"
                     n="0043-a-0780"
                     ecep:lem="eye"
                     ecep:pos="n2"
                     ecep:reg="eyes"
                     ecep:spe="eyes"
                     ecep:syllab="1"
                     ecep:pron="aɪz">eyes</w>
                  <c> </c>
                  <w xmlns:ecep="http://www.eighteenthcenturypoetry.org/ns"
                     xml:id="n22cs-068040"
                     n="0043-a-0790"
                     ecep:lem="the"
                     ecep:pos="dt"
                     ecep:reg="the"
                     ecep:spe="the"
                     ecep:syllab="1"
                     ecep:pron="ðiː">the</w>
                  <c> </c>
                  <w xmlns:ecep="http://www.eighteenthcenturypoetry.org/ns"
                     xml:id="n22cs-068050"
                     n="0043-a-0800"
                     ecep:lem="lover"
                     ecep:pos="ng1"
                     ecep:reg="lover's"
                     ecep:spe="lover's"
                     ecep:syllab="2"
                     ecep:pron="ˈlʌvəz">lover's</w>
                  <c> </c>
                  <w xmlns:ecep="http://www.eighteenthcenturypoetry.org/ns"
                     xml:id="n22cs-068060"
                     n="0043-a-0810"
                     ecep:lem="grave"
                     ecep:pos="n1"
                     ecep:reg="grave"
                     ecep:spe="grave"
                     ecep:syllab="1"
                     ecep:pron="grɑːv">grave</w>
                  <pc xmlns:ecep="http://www.eighteenthcenturypoetry.org/ns"
                      xml:id="n22cs-068070"
                      n="0043-a-0820"
                      unit="sentence"
                      ecep:lem="!"
                      ecep:pos="!"
                      ecep:reg="!"
                      ecep:spe="!">!</pc>
                  <c> </c>
               </l>
               <l xml:id="n22cs-l01765">
                  <w xmlns:ecep="http://www.eighteenthcenturypoetry.org/ns"
                     xml:id="n22cs-068080"
                     n="0043-a-0830"
                     ecep:lem="but"
                     ecep:pos="p-acp"
                     ecep:reg="But"
                     ecep:spe="But"
                     ecep:syllab="1"
                     ecep:pron="bʌt">But</w>
                  <c> </c>
                  <w xmlns:ecep="http://www.eighteenthcenturypoetry.org/ns"
                     xml:id="n22cs-068090"
                     n="0043-a-0840"
                     ecep:lem="oft"
                     ecep:pos="av"
                     ecep:reg="oft"
                     ecep:spe="oft"
                     ecep:syllab="1"
                     ecep:pron="ɒft">oft</w>
                  <c> </c>
                  <w xmlns:ecep="http://www.eighteenthcenturypoetry.org/ns"
                     xml:id="n22cs-068100"
                     n="0043-a-0850"
                     ecep:lem="at"
                     ecep:pos="p-acp"
                     ecep:reg="at"
                     ecep:spe="at"
                     ecep:syllab="1"
                     ecep:pron="æt">at</w>
                  <c> </c>
                  <w xmlns:ecep="http://www.eighteenthcenturypoetry.org/ns"
                     xml:id="n22cs-068110"
                     n="0043-a-0860"
                     ecep:lem="twilight"
                     ecep:pos="n1"
                     ecep:reg="twilight"
                     ecep:spe="twilight"
                     ecep:syllab="2"
                     ecep:pron="ˈtwaɪlaɪt">twilight</w>
                  <c> </c>
                  <w xmlns:ecep="http://www.eighteenthcenturypoetry.org/ns"
                     xml:id="n22cs-068120"
                     n="0043-a-0870"
                     ecep:lem="morn"
                     ecep:pos="n1"
                     ecep:reg="morn"
                     ecep:spe="morn"
                     ecep:syllab="1"
                     ecep:pron="mɔːn">morn</w>
                  <pc xmlns:ecep="http://www.eighteenthcenturypoetry.org/ns"
                      xml:id="n22cs-068130"
                      n="0043-a-0880"
                      ecep:lem=","
                      ecep:pos=","
                      ecep:reg=","
                      ecep:spe=",">,</pc>
                  <c> </c>
                  <w xmlns:ecep="http://www.eighteenthcenturypoetry.org/ns"
                     xml:id="n22cs-068140"
                     n="0043-a-0890"
                     ecep:lem="or"
                     ecep:pos="cc"
                     ecep:reg="or"
                     ecep:spe="or"
                     ecep:syllab="1"
                     ecep:pron="ɔː">or</w>
                  <c> </c>
                  <w xmlns:ecep="http://www.eighteenthcenturypoetry.org/ns"
                     xml:id="n22cs-068150"
                     n="0043-a-0900"
                     ecep:lem="close"
                     ecep:pos="vvg"
                     ecep:reg="closing"
                     ecep:spe="closing"
                     ecep:syllab="2"
                     ecep:pron="kləʊzɪŋ">closing</w>
                  <c> </c>
                  <w xmlns:ecep="http://www.eighteenthcenturypoetry.org/ns"
                     xml:id="n22cs-068160"
                     n="0043-a-0910"
                     ecep:lem="day"
                     ecep:pos="n1"
                     ecep:reg="day"
                     ecep:spe="day"
                     ecep:syllab="1"
                     ecep:pron="deɪ">day</w>
                  <pc xmlns:ecep="http://www.eighteenthcenturypoetry.org/ns"
                      xml:id="n22cs-068170"
                      n="0043-a-0920"
                      ecep:lem=","
                      ecep:pos=","
                      ecep:reg=","
                      ecep:spe=",">,</pc>
               </l>
               <l xml:id="n22cs-l01770">
                  <c> </c>
                  <w xmlns:ecep="http://www.eighteenthcenturypoetry.org/ns"
                     xml:id="n22cs-068180"
                     n="0043-a-0930"
                     ecep:lem="the"
                     ecep:pos="dt"
                     ecep:reg="The"
                     ecep:spe="The"
                     ecep:syllab="1"
                     ecep:pron="ðiː">The</w>
                  <c> </c>
                  <w xmlns:ecep="http://www.eighteenthcenturypoetry.org/ns"
                     xml:id="n22cs-068190"
                     n="0043-a-0940"
                     ecep:lem="faithful"
                     ecep:pos="j"
                     ecep:reg="faithful"
                     ecep:spe="faithful"
                     ecep:syllab="2"
                     ecep:pron="ˈfeɪθfl">faithful</w>
                  <c> </c>
                  <w xmlns:ecep="http://www.eighteenthcenturypoetry.org/ns"
                     xml:id="n22cs-068200"
                     n="0043-a-0950"
                     ecep:lem="friend"
                     ecep:pos="n1"
                     ecep:reg="friend"
                     ecep:spe="friend"
                     ecep:syllab="1"
                     ecep:pron="frend">friend</w>
                  <pc xmlns:ecep="http://www.eighteenthcenturypoetry.org/ns"
                      xml:id="n22cs-068210"
                      n="0043-a-0960"
                      ecep:lem=","
                      ecep:pos=","
                      ecep:reg=","
                      ecep:spe=",">,</pc>
                  <c> </c>
                  <w xmlns:ecep="http://www.eighteenthcenturypoetry.org/ns"
                     xml:id="n22cs-068220"
                     n="0043-a-0970"
                     ecep:lem="with"
                     ecep:pos="p-acp"
                     ecep:reg="with"
                     ecep:spe="with"
                     ecep:syllab="1"
                     ecep:pron="wɪð">with</w>
                  <c> </c>
                  <w xmlns:ecep="http://www.eighteenthcenturypoetry.org/ns"
                     xml:id="n22cs-068230"
                     n="0043-a-0980"
                     ecep:lem="falter"
                     ecep:pos="j-vvg"
                     ecep:reg="faltering"
                     ecep:spe="fault'ring"
                     ecep:syllab="2"
                     ecep:pron="fˈɒltrɪŋ">fault'ring</w>
                  <c> </c>
                  <w xmlns:ecep="http://www.eighteenthcenturypoetry.org/ns"
                     xml:id="n22cs-068240"
                     n="0043-a-0990"
                     ecep:lem="step"
                     ecep:pos="n1"
                     ecep:reg="step"
                     ecep:spe="step"
                     ecep:syllab="1"
                     ecep:pron="step">step</w>
                  <c> </c>
                  <w xmlns:ecep="http://www.eighteenthcenturypoetry.org/ns"
                     xml:id="n22cs-068250"
                     n="0043-a-1000"
                     ecep:lem="shall"
                     ecep:pos="vmb"
                     ecep:reg="shall"
                     ecep:spe="shall"
                     ecep:syllab="1"
                     ecep:pron="ʃæl">shall</w>
                  <c> </c>
                  <w xmlns:ecep="http://www.eighteenthcenturypoetry.org/ns"
                     xml:id="n22cs-068260"
                     n="0043-a-1010"
                     ecep:lem="glide"
                     ecep:pos="vvi"
                     ecep:reg="glide"
                     ecep:spe="glide"
                     ecep:syllab="1"
                     ecep:pron="glaɪd">glide</w>
                  <pc xmlns:ecep="http://www.eighteenthcenturypoetry.org/ns"
                      xml:id="n22cs-068270"
                      n="0043-a-1020"
                      ecep:lem=","
                      ecep:pos=","
                      ecep:reg=","
                      ecep:spe=",">,</pc>
               </l>
               <l xml:id="n22cs-l01775">
                  <c> </c>
                  <w xmlns:ecep="http://www.eighteenthcenturypoetry.org/ns"
                     xml:id="n22cs-068280"
                     n="0043-a-1030"
                     ecep:lem="tribute"
                     ecep:pos="n2"
                     ecep:reg="Tributes"
                     ecep:spe="Tributes"
                     ecep:syllab="2"
                     ecep:pron="ˈtrɪbjuːts">Tributes</w>
                  <c> </c>
                  <w xmlns:ecep="http://www.eighteenthcenturypoetry.org/ns"
                     xml:id="n22cs-068290"
                     n="0043-a-1040"
                     ecep:lem="of"
                     ecep:pos="pp-f"
                     ecep:reg="of"
                     ecep:spe="of"
                     ecep:syllab="1"
                     ecep:pron="ɒv">of</w>
                  <c> </c>
                  <w xmlns:ecep="http://www.eighteenthcenturypoetry.org/ns"
                     xml:id="n22cs-068300"
                     n="0043-a-1050"
                     ecep:lem="fond"
                     ecep:pos="j"
                     ecep:reg="fond"
                     ecep:spe="fond"
                     ecep:syllab="1"
                     ecep:pron="fɒnd">fond</w>
                  <c> </c>
                  <w xmlns:ecep="http://www.eighteenthcenturypoetry.org/ns"
                     xml:id="n22cs-068310"
                     n="0043-a-1060"
                     ecep:lem="regret"
                     ecep:pos="n1"
                     ecep:reg="regret"
                     ecep:spe="regret"
                     ecep:syllab="2"
                     ecep:pron="rɪˈgret">regret</w>
                  <c> </c>
                  <w xmlns:ecep="http://www.eighteenthcenturypoetry.org/ns"
                     xml:id="n22cs-068320"
                     n="0043-a-1070"
                     ecep:lem="by"
                     ecep:pos="p-acp"
                     ecep:reg="by"
                     ecep:spe="by"
                     ecep:syllab="1"
                     ecep:pron="baɪ">by</w>
                  <c> </c>
                  <w xmlns:ecep="http://www.eighteenthcenturypoetry.org/ns"
                     xml:id="n22cs-068330"
                     n="0043-a-1080"
                     ecep:lem="stealth"
                     ecep:pos="n1"
                     ecep:reg="stealth"
                     ecep:spe="stealth"
                     ecep:syllab="1"
                     ecep:pron="stelθ">stealth</w>
                  <c> </c>
                  <w xmlns:ecep="http://www.eighteenthcenturypoetry.org/ns"
                     xml:id="n22cs-068340"
                     n="0043-a-1090"
                     ecep:lem="to"
                     ecep:pos="pc-acp"
                     ecep:reg="to"
                     ecep:spe="to"
                     ecep:syllab="1"
                     ecep:pron="tuː">to</w>
                  <c> </c>
                  <w xmlns:ecep="http://www.eighteenthcenturypoetry.org/ns"
                     xml:id="n22cs-068350"
                     n="0043-a-1100"
                     ecep:lem="pay"
                     ecep:pos="vvi"
                     ecep:reg="pay"
                     ecep:spe="pay"
                     ecep:syllab="1"
                     ecep:pron="peɪ">pay</w>
                  <pc xmlns:ecep="http://www.eighteenthcenturypoetry.org/ns"
                      xml:id="n22cs-068360"
                      n="0043-a-1110"
                      ecep:lem=","
                      ecep:pos=","
                      ecep:reg=","
                      ecep:spe=",">,</pc>
               </l>
               <l xml:id="n22cs-l01780">
                  <c> </c>
                  <w xmlns:ecep="http://www.eighteenthcenturypoetry.org/ns"
                     xml:id="n22cs-068370"
                     n="0043-a-1120"
                     ecep:lem="and"
                     ecep:pos="cc"
                     ecep:reg="And"
                     ecep:spe="And"
                     ecep:syllab="1"
                     ecep:pron="ænd">And</w>
                  <c> </c>
                  <w xmlns:ecep="http://www.eighteenthcenturypoetry.org/ns"
                     xml:id="n22cs-068380"
                     n="0043-a-1130"
                     ecep:lem="sigh"
                     ecep:pos="vvi"
                     ecep:reg="sigh"
                     ecep:spe="sigh"
                     ecep:syllab="1"
                     ecep:pron="saɪ">sigh</w>
                  <c> </c>
                  <w xmlns:ecep="http://www.eighteenthcenturypoetry.org/ns"
                     xml:id="n22cs-068390"
                     n="0043-a-1140"
                     ecep:lem="over"
                     ecep:pos="p-acp"
                     ecep:reg="over"
                     ecep:spe="o'er"
                     ecep:syllab="1"
                     ecep:pron="ˈɔːə">o'er</w>
                  <c> </c>
                  <w xmlns:ecep="http://www.eighteenthcenturypoetry.org/ns"
                     xml:id="n22cs-068400"
                     n="0043-a-1150"
                     ecep:lem="the"
                     ecep:pos="dt"
                     ecep:reg="the"
                     ecep:spe="the"
                     ecep:syllab="1"
                     ecep:pron="ðiː">the</w>
                  <c> </c>
                  <w xmlns:ecep="http://www.eighteenthcenturypoetry.org/ns"
                     xml:id="n22cs-068410"
                     n="0043-a-1160"
                     ecep:lem="unhappy"
                     ecep:pos="j"
                     ecep:reg="unhappy"
                     ecep:spe="unhappy"
                     ecep:syllab="3"
                     ecep:pron="ʌnˈhæpi">unhappy</w>
                  <c> </c>
                  <w xmlns:ecep="http://www.eighteenthcenturypoetry.org/ns"
                     xml:id="n22cs-068420"
                     n="0043-a-1170"
                     ecep:lem="suicide"
                     ecep:pos="n1"
                     ecep:reg="suicide"
                     ecep:spe="suicide"
                     ecep:syllab="3"
                     ecep:pron="ˈsuːɪsaɪd">suicide</w>
                  <pc xmlns:ecep="http://www.eighteenthcenturypoetry.org/ns"
                      xml:id="n22cs-068430"
                      n="0043-a-1180"
                      unit="sentence"
                      ecep:lem="!"
                      ecep:pos="!"
                      ecep:reg="!"
                      ecep:spe="!">!</pc>
                  <c> </c>
               </l>
               <l xml:id="n22cs-l01785">
                  <w xmlns:ecep="http://www.eighteenthcenturypoetry.org/ns"
                     xml:id="n22cs-068440"
                     n="0043-a-1190"
                     ecep:lem="and"
                     ecep:pos="cc"
                     ecep:reg="And"
                     ecep:spe="And"
                     ecep:syllab="1"
                     ecep:pron="ænd">And</w>
                  <c> </c>
                  <w xmlns:ecep="http://www.eighteenthcenturypoetry.org/ns"
                     xml:id="n22cs-068450"
                     n="0043-a-1200"
                     ecep:lem="sometime"
                     ecep:pos="av"
                     ecep:reg="sometime"
                     ecep:spe="sometimes"
                     ecep:syllab="2"
                     ecep:pron="ˈsʌmtaɪmz">sometimes</w>
                  <pc xmlns:ecep="http://www.eighteenthcenturypoetry.org/ns"
                      xml:id="n22cs-068460"
                      n="0043-a-1210"
                      ecep:lem=","
                      ecep:pos=","
                      ecep:reg=","
                      ecep:spe=",">,</pc>
                  <c> </c>
                  <w xmlns:ecep="http://www.eighteenthcenturypoetry.org/ns"
                     xml:id="n22cs-068470"
                     n="0043-a-1220"
                     ecep:lem="when"
                     ecep:pos="c-crq"
                     ecep:reg="when"
                     ecep:spe="when"
                     ecep:syllab="1"
                     ecep:pron="wen">when</w>
                  <c> </c>
                  <w xmlns:ecep="http://www.eighteenthcenturypoetry.org/ns"
                     xml:id="n22cs-068480"
                     n="0043-a-1230"
                     ecep:lem="the"
                     ecep:pos="dt"
                     ecep:reg="the"
                     ecep:spe="the"
                     ecep:syllab="1"
                     ecep:pron="ðiː">the</w>
                  <c> </c>
                  <w xmlns:ecep="http://www.eighteenthcenturypoetry.org/ns"
                     xml:id="n22cs-068490"
                     n="0043-a-1240"
                     ecep:lem="sun"
                     ecep:pos="n1"
                     ecep:reg="Sun"
                     ecep:spe="Sun"
                     ecep:syllab="1"
                     ecep:pron="sʌn">Sun</w>
                  <c> </c>
                  <w xmlns:ecep="http://www.eighteenthcenturypoetry.org/ns"
                     xml:id="n22cs-068500"
                     n="0043-a-1250"
                     ecep:lem="with"
                     ecep:pos="p-acp"
                     ecep:reg="with"
                     ecep:spe="with"
                     ecep:syllab="1"
                     ecep:pron="wɪð">with</w>
                  <c> </c>
                  <w xmlns:ecep="http://www.eighteenthcenturypoetry.org/ns"
                     xml:id="n22cs-068510"
                     n="0043-a-1260"
                     ecep:lem="part"
                     ecep:pos="j-vvg"
                     ecep:reg="parting"
                     ecep:spe="parting"
                     ecep:syllab="2"
                     ecep:pron="ˈpɑːtɪŋ">parting</w>
                  <c> </c>
                  <w xmlns:ecep="http://www.eighteenthcenturypoetry.org/ns"
                     xml:id="n22cs-068520"
                     n="0043-a-1270"
                     ecep:lem="ray"
                     ecep:pos="n2"
                     ecep:reg="rays"
                     ecep:spe="rays"
                     ecep:syllab="1"
                     ecep:pron="reɪz">rays</w>
               </l>
               <l xml:id="n22cs-l01790">
                  <c> </c>
                  <w xmlns:ecep="http://www.eighteenthcenturypoetry.org/ns"
                     xml:id="n22cs-068530"
                     n="0043-a-1280"
                     ecep:lem="gild"
                     ecep:pos="vvz"
                     ecep:reg="Gilds"
                     ecep:spe="Gilds"
                     ecep:syllab="1"
                     ecep:pron="gɪldz">Gilds</w>
                  <c> </c>
                  <w xmlns:ecep="http://www.eighteenthcenturypoetry.org/ns"
                     xml:id="n22cs-068540"
                     n="0043-a-1290"
                     ecep:lem="the"
                     ecep:pos="dt"
                     ecep:reg="the"
                     ecep:spe="the"
                     ecep:syllab="1"
                     ecep:pron="ðiː">the</w>
                  <c> </c>
                  <w xmlns:ecep="http://www.eighteenthcenturypoetry.org/ns"
                     xml:id="n22cs-068550"
                     n="0043-a-1300"
                     ecep:lem="long"
                     ecep:pos="j"
                     ecep:reg="long"
                     ecep:spe="long"
                     ecep:syllab="1"
                     ecep:pron="lɒŋ">long</w>
                  <c> </c>
                  <w xmlns:ecep="http://www.eighteenthcenturypoetry.org/ns"
                     xml:id="n22cs-068560"
                     n="0043-a-1310"
                     ecep:lem="grass"
                     ecep:pos="n1"
                     ecep:reg="grass"
                     ecep:spe="grass"
                     ecep:syllab="1"
                     ecep:pron="grɑːs">grass</w>
                  <c> </c>
                  <w xmlns:ecep="http://www.eighteenthcenturypoetry.org/ns"
                     xml:id="n22cs-068570"
                     n="0043-a-1320"
                     ecep:lem="that"
                     ecep:pos="cst"
                     ecep:reg="that"
                     ecep:spe="that"
                     ecep:syllab="1"
                     ecep:pron="ðæt">that</w>
                  <c> </c>
                  <w xmlns:ecep="http://www.eighteenthcenturypoetry.org/ns"
                     xml:id="n22cs-068580"
                     n="0043-a-1330"
                     ecep:lem="hide"
                     ecep:pos="vvz"
                     ecep:reg="hides"
                     ecep:spe="hides"
                     ecep:syllab="1"
                     ecep:pron="haɪdz">hides</w>
                  <c> </c>
                  <w xmlns:ecep="http://www.eighteenthcenturypoetry.org/ns"
                     xml:id="n22cs-068590"
                     n="0043-a-1340"
                     ecep:lem="my"
                     ecep:pos="po11"
                     ecep:reg="my"
                     ecep:spe="my"
                     ecep:syllab="1"
                     ecep:pron="maɪ">my</w>
                  <c> </c>
                  <w xmlns:ecep="http://www.eighteenthcenturypoetry.org/ns"
                     xml:id="n22cs-068600"
                     n="0043-a-1350"
                     ecep:lem="silent"
                     ecep:pos="j"
                     ecep:reg="silent"
                     ecep:spe="silent"
                     ecep:syllab="2"
                     ecep:pron="ˈsaɪlənt">silent</w>
                  <c> </c>
                  <w xmlns:ecep="http://www.eighteenthcenturypoetry.org/ns"
                     xml:id="n22cs-068610"
                     n="0043-a-1360"
                     ecep:lem="bed"
                     ecep:pos="n1"
                     ecep:reg="bed"
                     ecep:spe="bed"
                     ecep:syllab="1"
                     ecep:pron="bed">bed</w>
                  <pc xmlns:ecep="http://www.eighteenthcenturypoetry.org/ns"
                      xml:id="n22cs-068620"
                      n="0043-a-1370"
                      ecep:lem=","
                      ecep:pos=","
                      ecep:reg=","
                      ecep:spe=",">,</pc>
               </l>
               <l xml:id="n22cs-l01795">
                  <c> </c>
                  <w xmlns:ecep="http://www.eighteenthcenturypoetry.org/ns"
                     xml:id="n22cs-068630"
                     n="0043-a-1380"
                     ecep:lem="the"
                     ecep:pos="dt"
                     ecep:reg="The"
                     ecep:spe="The"
                     ecep:syllab="1"
                     ecep:pron="ðiː">The</w>
                  <c> </c>
                  <w xmlns:ecep="http://www.eighteenthcenturypoetry.org/ns"
                     xml:id="n22cs-068640"
                     n="0043-a-1390"
                     ecep:lem="tear"
                     ecep:pos="n1"
                     ecep:reg="tear"
                     ecep:spe="tear"
                     ecep:syllab="1"
                     ecep:pron="tɪə">tear</w>
                  <c> </c>
                  <w xmlns:ecep="http://www.eighteenthcenturypoetry.org/ns"
                     xml:id="n22cs-068650"
                     n="0043-a-1400"
                     ecep:lem="shall"
                     ecep:pos="vmb"
                     ecep:reg="shall"
                     ecep:spe="shall"
                     ecep:syllab="1"
                     ecep:pron="ʃæl">shall</w>
                  <c> </c>
                  <w xmlns:ecep="http://www.eighteenthcenturypoetry.org/ns"
                     xml:id="n22cs-068660"
                     n="0043-a-1410"
                     ecep:lem="tremble"
                     ecep:pos="vvi"
                     ecep:reg="tremble"
                     ecep:spe="tremble"
                     ecep:syllab="2"
                     ecep:pron="ˈtrembl">tremble</w>
                  <c> </c>
                  <w xmlns:ecep="http://www.eighteenthcenturypoetry.org/ns"
                     xml:id="n22cs-068670"
                     n="0043-a-1420"
                     ecep:lem="in"
                     ecep:pos="p-acp"
                     ecep:reg="in"
                     ecep:spe="in"
                     ecep:syllab="1"
                     ecep:pron="ɪn">in</w>
                  <c> </c>
                  <w xmlns:ecep="http://www.eighteenthcenturypoetry.org/ns"
                     xml:id="n22cs-068680"
                     n="0043-a-1430"
                     ecep:lem="my"
                     ecep:pos="po11"
                     ecep:reg="my"
                     ecep:spe="my"
                     ecep:syllab="1"
                     ecep:pron="maɪ">my</w>
                  <c> </c>
                  <w xmlns:ecep="http://www.eighteenthcenturypoetry.org/ns"
                     xml:id="n22cs-068690"
                     n="0043-a-1440"
                     ecep:lem="charlotte"
                     ecep:pos="npg1"
                     ecep:reg="CHARLOTTE's"
                     ecep:spe="CHARLOTTE's"
                     ecep:syllab="2"
                     ecep:pron="ˈʃɑːlətz">CHARLOTTE's</w>
                  <c> </c>
                  <w xmlns:ecep="http://www.eighteenthcenturypoetry.org/ns"
                     xml:id="n22cs-068700"
                     n="0043-a-1450"
                     ecep:lem="eye"
                     ecep:pos="n2"
                     ecep:reg="eyes"
                     ecep:spe="eyes"
                     ecep:syllab="1"
                     ecep:pron="aɪz">eyes</w>
                  <pc xmlns:ecep="http://www.eighteenthcenturypoetry.org/ns"
                      xml:id="n22cs-068710"
                      n="0043-a-1460"
                      ecep:lem=";"
                      ecep:pos=";"
                      ecep:reg=";"
                      ecep:spe=";">;</pc>
               </l>
               <l xml:id="n22cs-l01800">
                  <c> </c>
                  <w xmlns:ecep="http://www.eighteenthcenturypoetry.org/ns"
                     xml:id="n22cs-068720"
                     n="0043-a-1470"
                     ecep:lem="dear"
                     ecep:pos="j-jn"
                     ecep:reg="Dear"
                     ecep:spe="Dear"
                     ecep:syllab="1"
                     ecep:pron="dɪə">Dear</w>
                  <pc xmlns:ecep="http://www.eighteenthcenturypoetry.org/ns"
                      xml:id="n22cs-068730"
                      n="0043-a-1480"
                      ecep:lem=","
                      ecep:pos=","
                      ecep:reg=","
                      ecep:spe=",">,</pc>
                  <c> </c>
                  <w xmlns:ecep="http://www.eighteenthcenturypoetry.org/ns"
                     xml:id="n22cs-068740"
                     n="0043-a-1490"
                     ecep:lem="precious"
                     ecep:pos="j"
                     ecep:reg="precious"
                     ecep:spe="precious"
                     ecep:syllab="2"
                     ecep:pron="ˈpreʃəs">precious</w>
                  <c> </c>
                  <w xmlns:ecep="http://www.eighteenthcenturypoetry.org/ns"
                     xml:id="n22cs-068750"
                     n="0043-a-1500"
                     ecep:lem="drop"
                     ecep:pos="n2"
                     ecep:reg="drops"
                     ecep:spe="drops"
                     ecep:syllab="1"
                     ecep:pron="drɒps">drops</w>
                  <pc xmlns:ecep="http://www.eighteenthcenturypoetry.org/ns"
                      xml:id="n22cs-068760"
                      n="0043-a-1510"
                      ecep:lem="!"
                      ecep:pos="!"
                      ecep:reg="!"
                      ecep:spe="!">!</pc>
                  <c> </c>
                  <w xmlns:ecep="http://www.eighteenthcenturypoetry.org/ns"
                     xml:id="n22cs-068770"
                     n="0043-a-1520"
                     ecep:lem="they"
                     ecep:pos="pns32"
                     ecep:reg="they"
                     ecep:spe="they"
                     ecep:syllab="1"
                     ecep:pron="ðeɪ">they</w>
                  <c> </c>
                  <w xmlns:ecep="http://www.eighteenthcenturypoetry.org/ns"
                     xml:id="n22cs-068780"
                     n="0043-a-1530"
                     ecep:lem="shall"
                     ecep:pos="vmb"
                     ecep:reg="shall"
                     ecep:spe="shall"
                     ecep:syllab="1"
                     ecep:pron="ʃæl">shall</w>
                  <c> </c>
                  <w xmlns:ecep="http://www.eighteenthcenturypoetry.org/ns"
                     xml:id="n22cs-068790"
                     n="0043-a-1540"
                     ecep:lem="embalm"
                     ecep:pos="vvi"
                     ecep:reg="embalm"
                     ecep:spe="embalm"
                     ecep:syllab="2"
                     ecep:pron="ɪmˈbɑːm">embalm</w>
                  <c> </c>
                  <w xmlns:ecep="http://www.eighteenthcenturypoetry.org/ns"
                     xml:id="n22cs-068800"
                     n="0043-a-1550"
                     ecep:lem="the"
                     ecep:pos="dt"
                     ecep:reg="the"
                     ecep:spe="the"
                     ecep:syllab="1"
                     ecep:pron="ðiː">the</w>
                  <c> </c>
                  <w xmlns:ecep="http://www.eighteenthcenturypoetry.org/ns"
                     xml:id="n22cs-068810"
                     n="0043-a-1560"
                     ecep:lem="dead"
                     ecep:pos="j"
                     ecep:reg="dead"
                     ecep:spe="dead"
                     ecep:syllab="1"
                     ecep:pron="ded">dead</w>
                  <pc xmlns:ecep="http://www.eighteenthcenturypoetry.org/ns"
                      xml:id="n22cs-068820"
                      n="0043-a-1570"
                      ecep:lem=";"
                      ecep:pos=";"
                      ecep:reg=";"
                      ecep:spe=";">;</pc>
               </l>
               <l xml:id="n22cs-l01805">
                  <c> </c>
                  <w xmlns:ecep="http://www.eighteenthcenturypoetry.org/ns"
                     xml:id="n22cs-068830"
                     n="0043-a-1580"
                     ecep:lem="yes"
                     ecep:pos="uh"
                     ecep:reg="Yes"
                     ecep:spe="Yes"
                     ecep:syllab="1"
                     ecep:pron="jes">Yes</w>
                  <pc xmlns:ecep="http://www.eighteenthcenturypoetry.org/ns"
                      xml:id="n22cs-068840"
                      n="0043-a-1590"
                      unit="sentence"
                      ecep:lem="!"
                      ecep:pos="!"
                      ecep:reg="!"
                      ecep:spe="!">!</pc>
                  <c> </c>
                  <w xmlns:ecep="http://www.eighteenthcenturypoetry.org/ns"
                     xml:id="n22cs-068850"
                     n="0043-a-1600"
                     ecep:lem="Charlotte"
                     ecep:pos="np1"
                     ecep:reg="CHARLOTTE"
                     ecep:spe="CHARLOTTE"
                     ecep:syllab="2"
                     ecep:pron="ˈʃɑːlət">CHARLOTTE</w>
                  <c> </c>
                  <w xmlns:ecep="http://www.eighteenthcenturypoetry.org/ns"
                     xml:id="n22cs-068860"
                     n="0043-a-1610"
                     ecep:lem="over"
                     ecep:pos="p-acp"
                     ecep:reg="over"
                     ecep:spe="o'er"
                     ecep:syllab="1"
                     ecep:pron="ˈɔːə">o'er</w>
                  <c> </c>
                  <w xmlns:ecep="http://www.eighteenthcenturypoetry.org/ns"
                     xml:id="n22cs-068870"
                     n="0043-a-1620"
                     ecep:lem="the"
                     ecep:pos="dt"
                     ecep:reg="the"
                     ecep:spe="the"
                     ecep:syllab="1"
                     ecep:pron="ðiː">the</w>
                  <c> </c>
                  <w xmlns:ecep="http://www.eighteenthcenturypoetry.org/ns"
                     xml:id="n22cs-068880"
                     n="0043-a-1630"
                     ecep:lem="mournful"
                     ecep:pos="j"
                     ecep:reg="mournful"
                     ecep:spe="mournful"
                     ecep:syllab="2"
                     ecep:pron="ˈmɔːnfl">mournful</w>
                  <c> </c>
                  <w xmlns:ecep="http://www.eighteenthcenturypoetry.org/ns"
                     xml:id="n22cs-068890"
                     n="0043-a-1640"
                     ecep:lem="spot"
                     ecep:pos="n1"
                     ecep:reg="spot"
                     ecep:spe="spot"
                     ecep:syllab="1"
                     ecep:pron="spɒt">spot</w>
                  <c> </c>
                  <w xmlns:ecep="http://www.eighteenthcenturypoetry.org/ns"
                     xml:id="n22cs-068900"
                     n="0043-a-1650"
                     ecep:lem="shall"
                     ecep:pos="vmb"
                     ecep:reg="shall"
                     ecep:spe="shall"
                     ecep:syllab="1"
                     ecep:pron="ʃæl">shall</w>
                  <c> </c>
                  <w xmlns:ecep="http://www.eighteenthcenturypoetry.org/ns"
                     xml:id="n22cs-068910"
                     n="0043-a-1660"
                     ecep:lem="weep"
                     ecep:pos="vvi"
                     ecep:reg="weep"
                     ecep:spe="weep"
                     ecep:syllab="1"
                     ecep:pron="wiːp">weep</w>
                  <pc xmlns:ecep="http://www.eighteenthcenturypoetry.org/ns"
                      xml:id="n22cs-068920"
                      n="0043-a-1670"
                      ecep:lem=","
                      ecep:pos=","
                      ecep:reg=","
                      ecep:spe=",">,</pc>
               </l>
               <l xml:id="n22cs-l01810">
                  <c> </c>
                  <w xmlns:ecep="http://www.eighteenthcenturypoetry.org/ns"
                     xml:id="n22cs-068930"
                     n="0043-a-1680"
                     ecep:lem="where"
                     ecep:pos="c-crq"
                     ecep:reg="Where"
                     ecep:spe="Where"
                     ecep:syllab="1"
                     ecep:pron="weə">Where</w>
                  <c> </c>
                  <w xmlns:ecep="http://www.eighteenthcenturypoetry.org/ns"
                     xml:id="n22cs-068940"
                     n="0043-a-1690"
                     ecep:lem="her"
                     ecep:pos="po31"
                     ecep:reg="her"
                     ecep:spe="her"
                     ecep:syllab="1"
                     ecep:pron="hɜː">her</w>
                  <c> </c>
                  <w xmlns:ecep="http://www.eighteenthcenturypoetry.org/ns"
                     xml:id="n22cs-068950"
                     n="0043-a-1700"
                     ecep:lem="poor"
                     ecep:pos="j"
                     ecep:reg="poor"
                     ecep:spe="poor"
                     ecep:syllab="1"
                     ecep:pron="pɔː">poor</w>
                  <c> </c>
                  <w xmlns:ecep="http://www.eighteenthcenturypoetry.org/ns"
                     xml:id="n22cs-068960"
                     n="0043-a-1710"
                     ecep:lem="Werter"
                     ecep:pos="np1"
                     ecep:reg="WERTER"
                     ecep:spe="WERTER"
                     ecep:syllab="2"
                     ecep:pron="wˈɜːtə">WERTER</w>
                  <pc xmlns:ecep="http://www.eighteenthcenturypoetry.org/ns"
                      xml:id="n22cs-068970"
                      n="0043-a-1720"
                      ecep:lem=","
                      ecep:pos=","
                      ecep:reg=","
                      ecep:spe=",">,</pc>
                  <c> </c>
                  <w xmlns:ecep="http://www.eighteenthcenturypoetry.org/ns"
                     xml:id="n22cs-068980"
                     n="0043-a-1730"
                     ecep:lem="and"
                     ecep:pos="cc"
                     ecep:reg="and"
                     ecep:spe="and"
                     ecep:syllab="1"
                     ecep:pron="ænd">and</w>
                  <c> </c>
                  <w xmlns:ecep="http://www.eighteenthcenturypoetry.org/ns"
                     xml:id="n22cs-068990"
                     n="0043-a-1740"
                     ecep:lem="his"
                     ecep:pos="po31"
                     ecep:reg="his"
                     ecep:spe="his"
                     ecep:syllab="1"
                     ecep:pron="hɪz">his</w>
                  <c> </c>
                  <w xmlns:ecep="http://www.eighteenthcenturypoetry.org/ns"
                     xml:id="n22cs-069000"
                     n="0043-a-1750"
                     ecep:lem="sorrow"
                     ecep:pos="n2"
                     ecep:reg="sorrows"
                     ecep:spe="sorrows"
                     ecep:syllab="2"
                     ecep:pron="ˈsɒrəʊz">sorrows</w>
                  <c> </c>
                  <pc xmlns:ecep="http://www.eighteenthcenturypoetry.org/ns"
                      xml:id="n22cs-069010"
                      n="0043-a-1760"
                      ecep:lem="—"
                      ecep:pos="—"
                      ecep:reg="—"
                      ecep:spe="—">—</pc>
                  <c> </c>
                  <w xmlns:ecep="http://www.eighteenthcenturypoetry.org/ns"
                     xml:id="n22cs-069020"
                     n="0043-a-1770"
                     ecep:lem="sleep"
                     ecep:pos="n1"
                     ecep:reg="sleep"
                     ecep:spe="sleep"
                     ecep:syllab="1"
                     ecep:pron="sliːp">sleep</w>
                  <pc xmlns:ecep="http://www.eighteenthcenturypoetry.org/ns"
                      xml:id="n22cs-069030"
                      n="0043-a-1780"
                      unit="sentence"
                      ecep:lem="."
                      ecep:pos="."
                      ecep:reg="."
                      ecep:spe=".">.</pc>
                  <c> </c>
               </l>
            </lg>
         </div>
      </body>
   </text>
</TEI>
