<?xml version="1.0" encoding="utf-8"?>
<!DOCTYPE div
  SYSTEM "about:legacy-compat">
<div xmlns:ecep="http://www.eighteenthcenturypoetry.org/ns"
     xmlns="http://www.tei-c.org/ns/1.0"
     xmlns:tei="http://www.tei-c.org/ns/1.0"
     ana="#iamb #pentameter #sonnet"
     corresp="#txt_ChapHe1727_w0001"
     decls="#semi-normalized"
     ecep:syllab="10"
     met="-+|-+|-+|-+|-+/"
     rendition="#lgindent"
     rhyme="abbacddceffegg"
     subtype="eceptext"
     type="sonnet"
     xml:id="o4986-w0750">
   <link target="authors.xml#aut_ChapHe1727" type="author"/>
   <link target="26899" type="DMI"/>
   <head type="main">
      <w xml:id="o4986-579830"
         n="277-a-0010"
         ecep:lem="sonnet"
         ecep:pos="n1"
         ecep:reg="SONNET"
         ecep:spe="SONNET"
         ecep:syllab="2"
         ecep:pron="ˈsɒnɪt">SONNET</w>
      <c> </c>
      <w xml:id="o4986-579840"
         n="277-a-0020"
         ecep:lem="to"
         ecep:pos="p-acp"
         ecep:reg="TO"
         ecep:spe="TO"
         ecep:syllab="1"
         ecep:pron="tuː">TO</w>
      <c> </c>
      <w xml:id="o4986-579850"
         n="277-a-0030"
         ecep:lem="a"
         ecep:pos="dt"
         ecep:reg="A"
         ecep:spe="A"
         ecep:syllab="1"
         ecep:pron="ə">A</w>
      <c> </c>
      <w xml:id="o4986-579860"
         n="277-a-0040"
         ecep:lem="robin-red-breast"
         ecep:pos="n1"
         ecep:reg="ROBIN-RED-BREAST"
         ecep:spe="ROBIN-RED-BREAST"
         ecep:syllab="4"
         ecep:pron="ˈrɒbɪnˌredˌbrest">ROBIN-RED-BREAST</w>
      <pc xml:id="o4986-579870"
          n="277-a-0050"
          unit="sentence"
          ecep:lem="."
          ecep:pos="."
          ecep:reg="."
          ecep:spe=".">.</pc>
   </head>
   <byline>
      <w xml:id="o4986-579900"
         n="277-a-0060"
         ecep:lem="by"
         ecep:pos="p-acp"
         ecep:reg="BY"
         ecep:spe="BY"
         ecep:syllab="1"
         ecep:pron="baɪ">BY</w>
      <c> </c>
      <w xml:id="o4986-579910"
         n="277-a-0070"
         ecep:lem="miss"
         ecep:pos="n1"
         ecep:reg="MISS"
         ecep:spe="MISS"
         ecep:syllab="1"
         ecep:pron="mɪs">MISS</w>
      <c> </c>
      <w xml:id="o4986-579920"
         n="277-a-0080"
         ecep:lem="m—o."
         ecep:pos="n1"
         ecep:reg="M—O."
         ecep:spe="M—O."
         ecep:syllab="1"
         ecep:pron="ˈemˈəʊ">M—O.</w>
      <pc unit="sentence" xml:id="o4986-579940-eos" n="277-a-0110"/>
   </byline>
   <lg xml:id="o4986-s03875">
      <l xml:id="o4986-l31590">
         <w xml:id="o4986-579970"
            n="277-a-0120"
            ecep:lem="dear"
            ecep:pos="j-jn"
            ecep:reg="DEAR"
            ecep:spe="DEAR"
            ecep:syllab="1"
            ecep:pron="dɪə">DEAR</w>
         <pc xml:id="o4986-579980"
             n="277-a-0130"
             ecep:lem=","
             ecep:pos=","
             ecep:reg=","
             ecep:spe=",">,</pc>
         <c> </c>
         <w xml:id="o4986-579990"
            n="277-a-0140"
            ecep:lem="social"
            ecep:pos="j"
            ecep:reg="social"
            ecep:spe="social"
            ecep:syllab="2"
            ecep:pron="ˈsəʊʃl">social</w>
         <c> </c>
         <w xml:id="o4986-580000"
            n="277-a-0150"
            ecep:lem="bird"
            ecep:pos="n1"
            ecep:reg="bird"
            ecep:spe="bird"
            ecep:syllab="1"
            ecep:pron="bɜːd">bird</w>
         <pc xml:id="o4986-580010"
             n="277-a-0160"
             ecep:lem=","
             ecep:pos=","
             ecep:reg=","
             ecep:spe=",">,</pc>
         <c> </c>
         <w xml:id="o4986-580020"
            n="277-a-0170"
            ecep:lem="that"
            ecep:pos="cst"
            ecep:reg="that"
            ecep:spe="that"
            ecep:syllab="1"
            ecep:pron="ðæt">that</w>
         <c> </c>
         <w xml:id="o4986-580030"
            n="277-a-0180"
            ecep:lem="oft"
            ecep:pos="av"
            ecep:reg="oft"
            ecep:spe="oft"
            ecep:syllab="1"
            ecep:pron="ɒft">oft</w>
         <c> </c>
         <w xml:id="o4986-580040"
            n="277-a-0190"
            ecep:lem="with"
            ecep:pos="p-acp"
            ecep:reg="with"
            ecep:spe="with"
            ecep:syllab="1"
            ecep:pron="wɪð">with</w>
         <c> </c>
         <w xml:id="o4986-580050"
            n="277-a-0200"
            ecep:lem="fearless"
            ecep:pos="j"
            ecep:reg="fearless"
            ecep:spe="fearless"
            ecep:syllab="2"
            ecep:pron="ˈfɪələs">fearless</w>
         <c> </c>
         <w xml:id="o4986-580060"
            n="277-a-0210"
            ecep:lem="love"
            ecep:pos="n1"
            ecep:reg="love"
            ecep:spe="love"
            ecep:syllab="1"
            ecep:pron="lʌv">love</w>
      </l>
      <l xml:id="o4986-l31595">
         <c> </c>
         <w xml:id="o4986-580070"
            n="277-a-0220"
            ecep:lem="give"
            ecep:pos="vv2"
            ecep:reg="Givest"
            ecep:spe="Giv'st"
            ecep:syllab="1"
            ecep:pron="dʒˈɪvst">Giv'st</w>
         <c> </c>
         <w xml:id="o4986-580080"
            n="277-a-0230"
            ecep:lem="thy"
            ecep:pos="po21"
            ecep:reg="thy"
            ecep:spe="thy"
            ecep:syllab="1"
            ecep:pron="ðaɪ">thy</w>
         <c> </c>
         <w xml:id="o4986-580090"
            n="277-a-0240"
            ecep:lem="soft"
            ecep:pos="j"
            ecep:reg="soft"
            ecep:spe="soft"
            ecep:syllab="1"
            ecep:pron="sɒft">soft</w>
         <c> </c>
         <w xml:id="o4986-580100"
            n="277-a-0250"
            ecep:lem="form"
            ecep:pos="n1"
            ecep:reg="form"
            ecep:spe="form"
            ecep:syllab="1"
            ecep:pron="fɔːm">form</w>
         <c> </c>
         <w xml:id="o4986-580110"
            n="277-a-0260"
            ecep:lem="to"
            ecep:pos="p-acp"
            ecep:reg="to"
            ecep:spe="to"
            ecep:syllab="1"
            ecep:pron="tuː">to</w>
         <c> </c>
         <w xml:id="o4986-580120"
            n="277-a-0270"
            ecep:lem="man"
            ecep:pos="ng1"
            ecep:reg="man's"
            ecep:spe="man's"
            ecep:syllab="1"
            ecep:pron="ˈmænz">man's</w>
         <c> </c>
         <w xml:id="o4986-580130"
            n="277-a-0280"
            ecep:lem="protective"
            ecep:pos="j"
            ecep:reg="protective"
            ecep:spe="protective"
            ecep:syllab="3"
            ecep:pron="prəˈtektɪv">protective</w>
         <c> </c>
         <w xml:id="o4986-580140"
            n="277-a-0290"
            ecep:lem="care"
            ecep:pos="n1"
            ecep:reg="care"
            ecep:spe="care"
            ecep:syllab="1"
            ecep:pron="keə">care</w>
         <pc xml:id="o4986-580150"
             n="277-a-0300"
             ecep:lem=","
             ecep:pos=","
             ecep:reg=","
             ecep:spe=",">,</pc>
      </l>
      <l xml:id="o4986-l31600">
         <c> </c>
         <w xml:id="o4986-580160"
            n="277-a-0310"
            ecep:lem="please"
            ecep:pos="vvn"
            ecep:reg="Pleased"
            ecep:spe="Pleas'd"
            ecep:syllab="1"
            ecep:pron="pliːzd">Pleas'd</w>
         <pc xml:id="o4986-580170"
             n="277-a-0320"
             ecep:lem=","
             ecep:pos=","
             ecep:reg=","
             ecep:spe=",">,</pc>
         <c> </c>
         <w xml:id="o4986-580180"
            n="277-a-0330"
            ecep:lem="when"
            ecep:pos="c-crq"
            ecep:reg="when"
            ecep:spe="when"
            ecep:syllab="1"
            ecep:pron="wen">when</w>
         <c> </c>
         <w xml:id="o4986-580190"
            n="277-a-0340"
            ecep:lem="rude"
            ecep:pos="j"
            ecep:reg="rude"
            ecep:spe="rude"
            ecep:syllab="1"
            ecep:pron="ruːd">rude</w>
         <c> </c>
         <w xml:id="o4986-580200"
            n="277-a-0350"
            ecep:lem="tempest"
            ecep:pos="n2"
            ecep:reg="tempests"
            ecep:spe="tempests"
            ecep:syllab="2"
            ecep:pron="ˈtempɪsts">tempests</w>
         <c> </c>
         <w xml:id="o4986-580210"
            n="277-a-0360"
            ecep:lem="vex"
            ecep:pos="vvi"
            ecep:reg="vex"
            ecep:spe="vex"
            ecep:syllab="1"
            ecep:pron="veks">vex</w>
         <c> </c>
         <w xml:id="o4986-580220"
            n="277-a-0370"
            ecep:lem="the"
            ecep:pos="dt"
            ecep:reg="the"
            ecep:spe="the"
            ecep:syllab="1"
            ecep:pron="ðiː">the</w>
         <c> </c>
         <w xml:id="o4986-580230"
            n="277-a-0380"
            ecep:lem="ruffle"
            ecep:pos="j-vvn"
            ecep:reg="ruffled"
            ecep:spe="ruffled"
            ecep:syllab="2"
            ecep:pron="ˈrʌfld">ruffled</w>
         <c> </c>
         <w xml:id="o4986-580240"
            n="277-a-0390"
            ecep:lem="air"
            ecep:pos="n1"
            ecep:reg="air"
            ecep:spe="air"
            ecep:syllab="1"
            ecep:pron="eə">air</w>
         <pc xml:id="o4986-580250"
             n="277-a-0400"
             ecep:lem=","
             ecep:pos=","
             ecep:reg=","
             ecep:spe=",">,</pc>
      </l>
      <l xml:id="o4986-l31605">
         <c> </c>
         <w xml:id="o4986-580260"
            n="277-a-0410"
            ecep:lem="for"
            ecep:pos="p-acp"
            ecep:reg="For"
            ecep:spe="For"
            ecep:syllab="1"
            ecep:pron="fɔː">For</w>
         <c> </c>
         <w xml:id="o4986-580270"
            n="277-a-0420"
            ecep:lem="the"
            ecep:pos="dt"
            ecep:reg="the"
            ecep:spe="the"
            ecep:syllab="1"
            ecep:pron="ðiː">the</w>
         <c> </c>
         <w xml:id="o4986-580280"
            n="277-a-0430"
            ecep:lem="warm"
            ecep:pos="j"
            ecep:reg="warm"
            ecep:spe="warm"
            ecep:syllab="1"
            ecep:pron="wɔːm">warm</w>
         <c> </c>
         <w xml:id="o4986-580290"
            n="277-a-0440"
            ecep:lem="roof"
            ecep:pos="n1"
            ecep:reg="roof"
            ecep:spe="roof"
            ecep:syllab="1"
            ecep:pron="ruːf">roof</w>
         <c> </c>
         <w xml:id="o4986-580300"
            n="277-a-0450"
            ecep:lem="to"
            ecep:pos="pc-acp"
            ecep:reg="to"
            ecep:spe="to"
            ecep:syllab="1"
            ecep:pron="tuː">to</w>
         <c> </c>
         <w xml:id="o4986-580310"
            n="277-a-0460"
            ecep:lem="leave"
            ecep:pos="vvi"
            ecep:reg="leave"
            ecep:spe="leave"
            ecep:syllab="1"
            ecep:pron="liːv">leave</w>
         <c> </c>
         <w xml:id="o4986-580320"
            n="277-a-0470"
            ecep:lem="the"
            ecep:pos="dt"
            ecep:reg="the"
            ecep:spe="the"
            ecep:syllab="1"
            ecep:pron="ðiː">the</w>
         <c> </c>
         <w xml:id="o4986-580330"
            n="277-a-0480"
            ecep:lem="naked"
            ecep:pos="j"
            ecep:reg="naked"
            ecep:spe="naked"
            ecep:syllab="2"
            ecep:pron="ˈneɪkɪd">naked</w>
         <c> </c>
         <w xml:id="o4986-580340"
            n="277-a-0490"
            ecep:lem="grove"
            ecep:pos="n1"
            ecep:reg="grove"
            ecep:spe="grove"
            ecep:syllab="1"
            ecep:pron="grəʊv">grove</w>
         <pc xml:id="o4986-580350"
             n="277-a-0500"
             unit="sentence"
             ecep:lem="."
             ecep:pos="."
             ecep:reg="."
             ecep:spe=".">.</pc>
         <c> </c>
      </l>
   </lg>
   <lg xml:id="o4986-s03880">
      <l xml:id="o4986-l31610">
         <w xml:id="o4986-580380"
            n="277-a-0510"
            ecep:lem="kind"
            ecep:pos="js"
            ecep:reg="Kindest"
            ecep:spe="Kindest"
            ecep:syllab="2"
            ecep:pron="kaɪndɪst">Kindest</w>
         <pc xml:id="o4986-580390"
             n="277-a-0520"
             ecep:lem=","
             ecep:pos=","
             ecep:reg=","
             ecep:spe=",">,</pc>
         <c> </c>
         <w xml:id="o4986-580400"
            n="277-a-0530"
            ecep:lem="and"
            ecep:pos="cc"
            ecep:reg="and"
            ecep:spe="and"
            ecep:syllab="1"
            ecep:pron="ænd">and</w>
         <c> </c>
         <w xml:id="o4986-580410"
            n="277-a-0540"
            ecep:lem="last"
            ecep:pos="ord"
            ecep:reg="last"
            ecep:spe="last"
            ecep:syllab="1"
            ecep:pron="lɑːst">last</w>
         <c> </c>
         <w xml:id="o4986-580420"
            n="277-a-0550"
            ecep:lem="of"
            ecep:pos="pp-f"
            ecep:reg="of"
            ecep:spe="of"
            ecep:syllab="1"
            ecep:pron="ɒv">of</w>
         <c> </c>
         <w xml:id="o4986-580430"
            n="277-a-0560"
            ecep:lem="summer"
            ecep:pos="ng1"
            ecep:reg="Summer's"
            ecep:spe="Summer's"
            ecep:syllab="2"
            ecep:pron="ˈsʌməz">Summer's</w>
         <c> </c>
         <w xml:id="o4986-580440"
            n="277-a-0570"
            ecep:lem="tuneful"
            ecep:pos="j"
            ecep:reg="tuneful"
            ecep:spe="tuneful"
            ecep:syllab="2"
            ecep:pron="ˈtjuːnfl">tuneful</w>
         <c> </c>
         <w xml:id="o4986-580450"
            n="277-a-0580"
            ecep:lem="train"
            ecep:pos="n1"
            ecep:reg="train"
            ecep:spe="train"
            ecep:syllab="1"
            ecep:pron="treɪn">train</w>
         <pc xml:id="o4986-580460"
             n="277-a-0590"
             ecep:lem=","
             ecep:pos=","
             ecep:reg=","
             ecep:spe=",">,</pc>
      </l>
      <l xml:id="o4986-l31615">
         <c> </c>
         <w xml:id="o4986-580470"
            n="277-a-0600"
            ecep:lem="ah"
            ecep:pos="uh"
            ecep:reg="Ah"
            ecep:spe="Ah"
            ecep:syllab="1"
            ecep:pron="ɑː">Ah</w>
         <pc xml:id="o4986-580475"
             n="277-a-0605"
             ecep:lem="!"
             ecep:pos="!"
             ecep:reg="!"
             ecep:spe="!">!</pc>
         <c> </c>
         <w xml:id="o4986-580480"
            n="277-a-0610"
            ecep:lem="do"
            ecep:pos="vdb"
            ecep:reg="do"
            ecep:spe="do"
            ecep:syllab="1"
            ecep:pron="duː">do</w>
         <c> </c>
         <w xml:id="o4986-580490"
            n="277-a-0620"
            ecep:lem="not"
            ecep:pos="xx"
            ecep:reg="not"
            ecep:spe="not"
            ecep:syllab="1"
            ecep:pron="ˈdɪdnt">not</w>
         <c> </c>
         <w xml:id="o4986-580500"
            n="277-a-0630"
            ecep:lem="yet"
            ecep:pos="av"
            ecep:reg="yet"
            ecep:spe="yet"
            ecep:syllab="1"
            ecep:pron="jet">yet</w>
         <c> </c>
         <w xml:id="o4986-580510"
            n="277-a-0640"
            ecep:lem="give"
            ecep:pos="vvi"
            ecep:reg="give"
            ecep:spe="give"
            ecep:syllab="1"
            ecep:pron="gɪv">give</w>
         <c> </c>
         <w xml:id="o4986-580520"
            n="277-a-0650"
            ecep:lem="over"
            ecep:pos="p-acp"
            ecep:reg="over"
            ecep:spe="o'er"
            ecep:syllab="1"
            ecep:pron="ˈɔːə">o'er</w>
         <c> </c>
         <w xml:id="o4986-580530"
            n="277-a-0660"
            ecep:lem="thy"
            ecep:pos="po21"
            ecep:reg="thy"
            ecep:spe="thy"
            ecep:syllab="1"
            ecep:pron="ðaɪ">thy</w>
         <c> </c>
         <w xml:id="o4986-580540"
            n="277-a-0670"
            ecep:lem="plaintive"
            ecep:pos="j"
            ecep:reg="plaintive"
            ecep:spe="plaintive"
            ecep:syllab="2"
            ecep:pron="ˈpleɪntɪv">plaintive</w>
         <c> </c>
         <w xml:id="o4986-580550"
            n="277-a-0680"
            ecep:lem="lay"
            ecep:pos="n-jn"
            ecep:reg="lay"
            ecep:spe="lay"
            ecep:syllab="1"
            ecep:pron="leɪ">lay</w>
         <pc xml:id="o4986-580560"
             n="277-a-0690"
             ecep:lem=","
             ecep:pos=","
             ecep:reg=","
             ecep:spe=",">,</pc>
      </l>
      <l xml:id="o4986-l31620">
         <c> </c>
         <w xml:id="o4986-580570"
            n="277-a-0700"
            ecep:lem="but"
            ecep:pos="cc-acp"
            ecep:reg="But"
            ecep:spe="But"
            ecep:syllab="1"
            ecep:pron="bʌt">But</w>
         <c> </c>
         <w xml:id="o4986-580580"
            n="277-a-0710"
            ecep:lem="charm"
            ecep:pos="n1"
            ecep:reg="charm"
            ecep:spe="charm"
            ecep:syllab="1"
            ecep:pron="tʃɑːm">charm</w>
         <c> </c>
         <w xml:id="o4986-580590"
            n="277-a-0720"
            ecep:lem="mild"
            ecep:pos="j"
            ecep:reg="mild"
            ecep:spe="mild"
            ecep:syllab="1"
            ecep:pron="maɪld">mild</w>
         <c> </c>
         <w xml:id="o4986-580600"
            n="277-a-0730"
            ecep:lem="zephyr"
            ecep:pos="n1"
            ecep:reg="Zephyr"
            ecep:spe="Zephyr"
            ecep:syllab="2"
            ecep:pron="ˈzefə">Zephyr</w>
         <c> </c>
         <w xml:id="o4986-580610"
            n="277-a-0740"
            ecep:lem="to"
            ecep:pos="p-acp"
            ecep:reg="to"
            ecep:spe="to"
            ecep:syllab="1"
            ecep:pron="tuː">to</w>
         <c> </c>
         <w xml:id="o4986-580620"
            n="277-a-0750"
            ecep:lem="a"
            ecep:pos="dt"
            ecep:reg="a"
            ecep:spe="a"
            ecep:syllab="1"
            ecep:pron="ə">a</w>
         <c> </c>
         <w xml:id="o4986-580630"
            n="277-a-0760"
            ecep:lem="long"
            ecep:pos="jc"
            ecep:reg="longer"
            ecep:spe="longer"
            ecep:syllab="2"
            ecep:pron="ˈlɒŋgə">longer</w>
         <c> </c>
         <w xml:id="o4986-580640"
            n="277-a-0770"
            ecep:lem="stay"
            ecep:pos="n1"
            ecep:reg="stay"
            ecep:spe="stay"
            ecep:syllab="1"
            ecep:pron="steɪ">stay</w>
         <pc xml:id="o4986-580650"
             n="277-a-0780"
             ecep:lem=","
             ecep:pos=","
             ecep:reg=","
             ecep:spe=",">,</pc>
      </l>
      <l xml:id="o4986-l31625">
         <c> </c>
         <w xml:id="o4986-580660"
            n="277-a-0790"
            ecep:lem="and"
            ecep:pos="cc"
            ecep:reg="And"
            ecep:spe="And"
            ecep:syllab="1"
            ecep:pron="ænd">And</w>
         <c> </c>
         <w xml:id="o4986-580670"
            n="277-a-0800"
            ecep:lem="oft"
            ecep:pos="av"
            ecep:reg="oft"
            ecep:spe="oft"
            ecep:syllab="1"
            ecep:pron="ɒft">oft</w>
         <c> </c>
         <w xml:id="o4986-580680"
            n="277-a-0810"
            ecep:lem="renew"
            ecep:pos="vvb"
            ecep:reg="renew"
            ecep:spe="renew"
            ecep:syllab="2"
            ecep:pron="riˈnjuː">renew</w>
         <c> </c>
         <w xml:id="o4986-580690"
            n="277-a-0820"
            ecep:lem="thy"
            ecep:pos="po21"
            ecep:reg="thy"
            ecep:spe="thy"
            ecep:syllab="1"
            ecep:pron="ðaɪ">thy</w>
         <c> </c>
         <w xml:id="o4986-580700"
            n="277-a-0830"
            ecep:lem="sweetly-parting"
            ecep:pos="j"
            ecep:reg="sweetly-parting"
            ecep:spe="sweetly-parting"
            ecep:syllab="4"
            ecep:pron="ˈswiːtliˌˈpɑːtɪŋ">sweetly-parting</w>
         <c> </c>
         <w xml:id="o4986-580710"
            n="277-a-0840"
            ecep:lem="strain"
            ecep:pos="n1"
            ecep:reg="strain"
            ecep:spe="strain"
            ecep:syllab="1"
            ecep:pron="streɪn">strain</w>
         <pc xml:id="o4986-580720"
             n="277-a-0850"
             unit="sentence"
             ecep:lem="."
             ecep:pos="."
             ecep:reg="."
             ecep:spe=".">.</pc>
         <c> </c>
      </l>
   </lg>
   <lg xml:id="o4986-s03885">
      <l xml:id="o4986-l31630">
         <w xml:id="o4986-580750"
            n="277-a-0860"
            ecep:lem="so"
            ecep:pos="av"
            ecep:reg="So"
            ecep:spe="So"
            ecep:syllab="1"
            ecep:pron="səʊ">So</w>
         <c> </c>
         <w xml:id="o4986-580760"
            n="277-a-0870"
            ecep:lem="when"
            ecep:pos="c-crq"
            ecep:reg="when"
            ecep:spe="when"
            ecep:syllab="1"
            ecep:pron="wen">when</w>
         <c> </c>
         <w xml:id="o4986-580770"
            n="277-a-0880"
            ecep:lem="rough"
            ecep:pos="j"
            ecep:reg="rough"
            ecep:spe="rough"
            ecep:syllab="1"
            ecep:pron="rʌf">rough</w>
         <c> </c>
         <w xml:id="o4986-580780"
            n="277-a-0890"
            ecep:lem="winter"
            ecep:pos="n1"
            ecep:reg="Winter"
            ecep:spe="Winter"
            ecep:syllab="2"
            ecep:pron="ˈwɪntə">Winter</w>
         <c> </c>
         <w xml:id="o4986-580790"
            n="277-a-0900"
            ecep:lem="frown"
            ecep:pos="n2"
            ecep:reg="frowns"
            ecep:spe="frowns"
            ecep:syllab="1"
            ecep:pron="fraʊnz">frowns</w>
         <c> </c>
         <w xml:id="o4986-580800"
            n="277-a-0910"
            ecep:lem="with"
            ecep:pos="p-acp"
            ecep:reg="with"
            ecep:spe="with"
            ecep:syllab="1"
            ecep:pron="wɪð">with</w>
         <c> </c>
         <w xml:id="o4986-580810"
            n="277-a-0920"
            ecep:lem="brow"
            ecep:pos="n1"
            ecep:reg="brow"
            ecep:spe="brow"
            ecep:syllab="1"
            ecep:pron="braʊ">brow</w>
         <c> </c>
         <w xml:id="o4986-580820"
            n="277-a-0930"
            ecep:lem="severe"
            ecep:pos="j"
            ecep:reg="severe"
            ecep:spe="severe"
            ecep:syllab="2"
            ecep:pron="sɪˈvɪə">severe</w>
         <pc xml:id="o4986-580830"
             n="277-a-0940"
             ecep:lem=","
             ecep:pos=","
             ecep:reg=","
             ecep:spe=",">,</pc>
      </l>
      <l xml:id="o4986-l31635">
         <c> </c>
         <w xml:id="o4986-580840"
            n="277-a-0950"
            ecep:lem="and"
            ecep:pos="cc"
            ecep:reg="And"
            ecep:spe="And"
            ecep:syllab="1"
            ecep:pron="ænd">And</w>
         <c> </c>
         <w xml:id="o4986-580850"
            n="277-a-0960"
            ecep:lem="chill"
            ecep:pos="j-vvg"
            ecep:reg="chilling"
            ecep:spe="chilling"
            ecep:syllab="2"
            ecep:pron="ˈtʃɪlɪŋ">chilling</w>
         <c> </c>
         <w xml:id="o4986-580860"
            n="277-a-0970"
            ecep:lem="blast"
            ecep:pos="n2"
            ecep:reg="blasts"
            ecep:spe="blasts"
            ecep:syllab="1"
            ecep:pron="blɑːsts">blasts</w>
         <c> </c>
         <w xml:id="o4986-580870"
            n="277-a-0980"
            ecep:lem="shall"
            ecep:pos="vmb"
            ecep:reg="shall"
            ecep:spe="shall"
            ecep:syllab="1"
            ecep:pron="ʃæl">shall</w>
         <c> </c>
         <w xml:id="o4986-580880"
            n="277-a-0990"
            ecep:lem="strip"
            ecep:pos="vvi"
            ecep:reg="strip"
            ecep:spe="strip"
            ecep:syllab="1"
            ecep:pron="strɪp">strip</w>
         <c> </c>
         <w xml:id="o4986-580890"
            n="277-a-1000"
            ecep:lem="the"
            ecep:pos="dt"
            ecep:reg="the"
            ecep:spe="the"
            ecep:syllab="1"
            ecep:pron="ðiː">the</w>
         <c> </c>
         <w xml:id="o4986-580900"
            n="277-a-1010"
            ecep:lem="shelter"
            ecep:pos="j-vvg"
            ecep:reg="sheltering"
            ecep:spe="sheltering"
            ecep:syllab="3"
            ecep:pron="ˈʃeltərɪŋ">sheltering</w>
         <c> </c>
         <w xml:id="o4986-580910"
            n="277-a-1020"
            ecep:lem="tree"
            ecep:pos="n2"
            ecep:reg="trees"
            ecep:spe="trees"
            ecep:syllab="1"
            ecep:pron="triːz">trees</w>
         <pc xml:id="o4986-580920"
             n="277-a-1030"
             ecep:lem=";"
             ecep:pos=";"
             ecep:reg=";"
             ecep:spe=";">;</pc>
      </l>
      <l xml:id="o4986-l31640">
         <c> </c>
         <w xml:id="o4986-580930"
            n="277-a-1040"
            ecep:lem="when"
            ecep:pos="c-crq"
            ecep:reg="When"
            ecep:spe="When"
            ecep:syllab="1"
            ecep:pron="wen">When</w>
         <c> </c>
         <w xml:id="o4986-580940"
            n="277-a-1050"
            ecep:lem="meager"
            ecep:pos="j"
            ecep:reg="meagre"
            ecep:spe="meagre"
            ecep:syllab="2"
            ecep:pron="ˈmiːgə">meagre</w>
         <c> </c>
         <w xml:id="o4986-580950"
            n="277-a-1060"
            ecep:lem="want"
            ecep:pos="n1"
            ecep:reg="Want"
            ecep:spe="Want"
            ecep:syllab="1"
            ecep:pron="wɒnt">Want</w>
         <c> </c>
         <w xml:id="o4986-580960"
            n="277-a-1070"
            ecep:lem="that"
            ecep:pos="cst"
            ecep:reg="that"
            ecep:spe="that"
            ecep:syllab="1"
            ecep:pron="ðæt">that</w>
         <c> </c>
         <w xml:id="o4986-580970"
            n="277-a-1080"
            ecep:lem="shiver"
            ecep:pos="j-vvg"
            ecep:reg="shivering"
            ecep:spe="shivering"
            ecep:syllab="3"
            ecep:pron="ˈʃɪvərɪŋ">shivering</w>
         <c> </c>
         <w xml:id="o4986-580980"
            n="277-a-1090"
            ecep:lem="frame"
            ecep:pos="n1"
            ecep:reg="frame"
            ecep:spe="frame"
            ecep:syllab="1"
            ecep:pron="freɪm">frame</w>
         <c> </c>
         <w xml:id="o4986-580990"
            n="277-a-1100"
            ecep:lem="shall"
            ecep:pos="vmb"
            ecep:reg="shall"
            ecep:spe="shall"
            ecep:syllab="1"
            ecep:pron="ʃæl">shall</w>
         <c> </c>
         <w xml:id="o4986-581000"
            n="277-a-1110"
            ecep:lem="seize"
            ecep:pos="vvi"
            ecep:reg="seize"
            ecep:spe="seize"
            ecep:syllab="1"
            ecep:pron="siːz">seize</w>
         <pc xml:id="o4986-581010"
             n="277-a-1120"
             ecep:lem=","
             ecep:pos=","
             ecep:reg=","
             ecep:spe=",">,</pc>
      </l>
      <l xml:id="o4986-l31645">
         <c> </c>
         <w xml:id="o4986-581020"
            n="277-a-1130"
            ecep:lem="and"
            ecep:pos="cc"
            ecep:reg="And"
            ecep:spe="And"
            ecep:syllab="1"
            ecep:pron="ænd">And</w>
         <c> </c>
         <w xml:id="o4986-581030"
            n="277-a-1140"
            ecep:lem="death"
            ecep:pos="n1"
            ecep:reg="Death"
            ecep:spe="Death"
            ecep:syllab="1"
            ecep:pron="deθ">Death</w>
         <pc xml:id="o4986-581040"
             n="277-a-1150"
             ecep:lem=","
             ecep:pos=","
             ecep:reg=","
             ecep:spe=",">,</pc>
         <c> </c>
         <w xml:id="o4986-581050"
            n="277-a-1160"
            ecep:lem="with"
            ecep:pos="p-acp"
            ecep:reg="with"
            ecep:spe="with"
            ecep:syllab="1"
            ecep:pron="wɪð">with</w>
         <c> </c>
         <w xml:id="o4986-581060"
            n="277-a-1170"
            ecep:lem="dart"
            ecep:pos="n1"
            ecep:reg="dart"
            ecep:spe="dart"
            ecep:syllab="1"
            ecep:pron="dɑːt">dart</w>
         <c> </c>
         <w xml:id="o4986-581070"
            n="277-a-1180"
            ecep:lem="uplift"
            ecep:pos="vvn"
            ecep:reg="uplifted"
            ecep:spe="uplifted"
            ecep:syllab="3"
            ecep:pron="ˌʌpˈlɪftɪd">uplifted</w>
         <pc xml:id="o4986-581080"
             n="277-a-1190"
             ecep:lem=","
             ecep:pos=","
             ecep:reg=","
             ecep:spe=",">,</pc>
         <c> </c>
         <w xml:id="o4986-581090"
            n="277-a-1200"
            ecep:lem="hover"
            ecep:pos="vvb"
            ecep:reg="hover"
            ecep:spe="hover"
            ecep:syllab="2"
            ecep:pron="ˈhɒvə">hover</w>
         <c> </c>
         <w xml:id="o4986-581100"
            n="277-a-1210"
            ecep:lem="near"
            ecep:pos="av-j"
            ecep:reg="near"
            ecep:spe="near"
            ecep:syllab="1"
            ecep:pron="nɪə">near</w>
         <pc xml:id="o4986-581110"
             n="277-a-1220"
             ecep:lem=";"
             ecep:pos=";"
             ecep:reg=";"
             ecep:spe=";">;</pc>
      </l>
      <l xml:id="o4986-l31650">
         <c> </c>
         <w xml:id="o4986-581120"
            n="277-a-1230"
            ecep:lem="my"
            ecep:pos="po11"
            ecep:reg="My"
            ecep:spe="My"
            ecep:syllab="1"
            ecep:pron="maɪ">My</w>
         <c> </c>
         <w xml:id="o4986-581130"
            n="277-a-1240"
            ecep:lem="grateful"
            ecep:pos="j"
            ecep:reg="grateful"
            ecep:spe="grateful"
            ecep:syllab="2"
            ecep:pron="ˈgreɪtfl">grateful</w>
         <c> </c>
         <w xml:id="o4986-581140"
            n="277-a-1250"
            ecep:lem="hand"
            ecep:pos="n1"
            ecep:reg="hand"
            ecep:spe="hand"
            ecep:syllab="1"
            ecep:pron="hænd">hand</w>
         <c> </c>
         <w xml:id="o4986-581150"
            n="277-a-1260"
            ecep:lem="the"
            ecep:pos="dt"
            ecep:reg="the"
            ecep:spe="the"
            ecep:syllab="1"
            ecep:pron="ðiː">the</w>
         <c> </c>
         <w xml:id="o4986-581160"
            n="277-a-1270"
            ecep:lem="liberal"
            ecep:pos="j"
            ecep:reg="liberal"
            ecep:spe="liberal"
            ecep:syllab="3"
            ecep:pron="ˈlɪbrəl">liberal</w>
         <c> </c>
         <w xml:id="o4986-581170"
            n="277-a-1280"
            ecep:lem="crumb"
            ecep:pos="n2"
            ecep:reg="crumbs"
            ecep:spe="crumbs"
            ecep:syllab="1"
            ecep:pron="krʌmz">crumbs</w>
         <c> </c>
         <w xml:id="o4986-581180"
            n="277-a-1290"
            ecep:lem="shall"
            ecep:pos="vmb"
            ecep:reg="shall"
            ecep:spe="shall"
            ecep:syllab="1"
            ecep:pron="ʃæl">shall</w>
         <c> </c>
         <w xml:id="o4986-581190"
            n="277-a-1300"
            ecep:lem="give"
            ecep:pos="vvi"
            ecep:reg="give"
            ecep:spe="give"
            ecep:syllab="1"
            ecep:pron="gɪv">give</w>
         <pc xml:id="o4986-581200"
             n="277-a-1310"
             ecep:lem=","
             ecep:pos=","
             ecep:reg=","
             ecep:spe=",">,</pc>
      </l>
      <l xml:id="o4986-l31655">
         <c> </c>
         <w xml:id="o4986-581210"
            n="277-a-1320"
            ecep:lem="my"
            ecep:pos="po11"
            ecep:reg="My"
            ecep:spe="My"
            ecep:syllab="1"
            ecep:pron="maɪ">My</w>
         <c> </c>
         <w xml:id="o4986-581220"
            n="277-a-1330"
            ecep:lem="bosom"
            ecep:pos="n1"
            ecep:reg="bosom"
            ecep:spe="bosom"
            ecep:syllab="2"
            ecep:pron="ˈbʊzəm">bosom</w>
         <c> </c>
         <w xml:id="o4986-581230"
            n="277-a-1340"
            ecep:lem="warm"
            ecep:pos="vvi"
            ecep:reg="warm"
            ecep:spe="warm"
            ecep:syllab="1"
            ecep:pron="wɔːm">warm</w>
         <c> </c>
         <w xml:id="o4986-581240"
            n="277-a-1350"
            ecep:lem="thou"
            ecep:pos="pno21"
            ecep:reg="thee"
            ecep:spe="thee"
            ecep:syllab="1"
            ecep:pron="ðiː">thee</w>
         <pc xml:id="o4986-581250"
             n="277-a-1360"
             ecep:lem=","
             ecep:pos=","
             ecep:reg=","
             ecep:spe=",">,</pc>
         <c> </c>
         <w xml:id="o4986-581260"
            n="277-a-1370"
            ecep:lem="and"
            ecep:pos="cc"
            ecep:reg="and"
            ecep:spe="and"
            ecep:syllab="1"
            ecep:pron="ænd">and</w>
         <c> </c>
         <w xml:id="o4986-581270"
            n="277-a-1380"
            ecep:lem="my"
            ecep:pos="po11"
            ecep:reg="my"
            ecep:spe="my"
            ecep:syllab="1"
            ecep:pron="maɪ">my</w>
         <c> </c>
         <w xml:id="o4986-581280"
            n="277-a-1390"
            ecep:lem="kiss"
            ecep:pos="n1"
            ecep:reg="kiss"
            ecep:spe="kiss"
            ecep:syllab="1"
            ecep:pron="kɪs">kiss</w>
         <c> </c>
         <w xml:id="o4986-581290"
            n="277-a-1400"
            ecep:lem="revive"
            ecep:pos="vvi"
            ecep:reg="revive"
            ecep:spe="revive"
            ecep:syllab="2"
            ecep:pron="riˈvaɪv">revive</w>
         <pc xml:id="o4986-581300"
             n="277-a-1410"
             unit="sentence"
             ecep:lem="."
             ecep:pos="."
             ecep:reg="."
             ecep:spe=".">.</pc>
         <c> </c>
      </l>
   </lg>
</div>
