<?xml version="1.0" encoding="UTF-8"?>
<div xmlns:ecep="http://www.eighteenthcenturypoetry.org/ns"
     xmlns="http://www.tei-c.org/ns/1.0"
     xmlns:tei="http://www.tei-c.org/ns/1.0"
     ana="#iamb #tetrameter #quatrain #cross #song"
     corresp="#txt_WattIs1674_w0083"
     decls="#semi-normalized"
     ecep:syllab="8.8.8.8"
     met="-+|-+|-+|-+/ -+|-+|-+|-+/ -+|-+|-+|-+/ -+|-+|-+|-+/"
     n="13"
     rendition="#lgvspace"
     rhyme="abab"
     subtype="eceptext"
     type="song"
     xml:id="o5454-w0130">
   <link target="authors.xml#aut_WattIs1674" type="author"/>
   <head type="main">
      <w xml:id="o5454-044950"
         n="29-a-0010"
         ecep:lem="song"
         ecep:pos="n1"
         ecep:reg="SONG"
         ecep:spe="SONG"
         ecep:syllab="1"
         ecep:pron="sɒŋ">SONG</w>
      <c> </c>
      <w xml:id="o5454-044960"
         n="29-a-0020"
         ecep:lem="xiii"
         ecep:pos="crd"
         ecep:reg="XIII"
         ecep:spe="XIII"
         ecep:syllab="1"
         ecep:pron="rˌəʊmənθˈɜːtiːn">XIII</w>
      <pc xml:id="o5454-044970"
          n="29-a-0030"
          unit="sentence"
          ecep:lem="."
          ecep:pos="."
          ecep:reg="."
          ecep:spe=".">.</pc>
   </head>
   <head type="sub">
      <w xml:id="o5454-045000"
         n="29-a-0040"
         ecep:lem="the"
         ecep:pos="dt"
         ecep:reg="The"
         ecep:spe="The"
         ecep:syllab="1"
         ecep:pron="ðiː">The</w>
      <c> </c>
      <w xml:id="o5454-045010"
         n="29-a-0050"
         ecep:lem="danger"
         ecep:pos="n1"
         ecep:reg="Danger"
         ecep:spe="Danger"
         ecep:syllab="2"
         ecep:pron="ˈdeɪndʒə">Danger</w>
      <c> </c>
      <w xml:id="o5454-045020"
         n="29-a-0060"
         ecep:lem="of"
         ecep:pos="pp-f"
         ecep:reg="of"
         ecep:spe="of"
         ecep:syllab="1"
         ecep:pron="ɒv">of</w>
      <c> </c>
      <w xml:id="o5454-045030"
         n="29-a-0070"
         ecep:lem="delay"
         ecep:pos="n1"
         ecep:reg="Delay"
         ecep:spe="Delay"
         ecep:syllab="2"
         ecep:pron="dɪˈleɪ">Delay</w>
      <pc xml:id="o5454-045040"
          n="29-a-0080"
          unit="sentence"
          ecep:lem="."
          ecep:pos="."
          ecep:reg="."
          ecep:spe=".">.</pc>
   </head>
   <lg n="1" xml:id="o5454-s00445">
      <head>
         <w xml:id="o5454-045080"
            n="29-a-0090"
            ecep:lem="i"
            ecep:pos="pns11"
            ecep:reg="I"
            ecep:spe="I."
            ecep:syllab="1"
            ecep:pron="ˈaɪ">I.</w>
         <pc unit="sentence" xml:id="o5454-045080-eos" n="29-a-0100"/>
      </head>
      <l xml:id="o5454-l01485">
         <w xml:id="o5454-045100"
            n="29-a-0110"
            ecep:lem="why"
            ecep:pos="uh-crq"
            ecep:reg="WHY"
            ecep:spe="WHY"
            ecep:syllab="1"
            ecep:pron="waɪ">WHY</w>
         <c> </c>
         <w xml:id="o5454-045110"
            n="29-a-0120"
            ecep:lem="shall"
            ecep:pos="vmd"
            ecep:reg="should"
            ecep:spe="should"
            ecep:syllab="1"
            ecep:pron="ʃʊd">should</w>
         <c> </c>
         <w xml:id="o5454-045120"
            n="29-a-0130"
            ecep:lem="i"
            ecep:pos="pns11"
            ecep:reg="I"
            ecep:spe="I"
            ecep:syllab="1"
            ecep:pron="aɪ">I</w>
         <c> </c>
         <w xml:id="o5454-045130"
            n="29-a-0140"
            ecep:lem="say"
            ecep:pos="vvi"
            ecep:reg="say"
            ecep:spe="say"
            ecep:syllab="1"
            ecep:pron="seɪ">say</w>
         <pc xml:id="o5454-045140"
             n="29-a-0150"
             ecep:lem=","
             ecep:pos=","
             ecep:reg=","
             ecep:spe=",">,</pc>
         <c> </c>
         <pc xml:id="o5454-045150"
             n="29-a-0160"
             ecep:lem="&#34;"
             ecep:pos="&#34;"
             ecep:reg="&#34;"
             ecep:spe="&#34;">"</pc>
         <w xml:id="o5454-045160"
            n="29-a-0170"
            ecep:lem="it|be"
            ecep:pos="pn31|vbz"
            ecep:reg="It's"
            ecep:spe="'Tis"
            ecep:syllab="1"
            ecep:pron="tɪz">'Tis</w>
         <c> </c>
         <w xml:id="o5454-045170"
            n="29-a-0180"
            ecep:lem="yet"
            ecep:pos="av"
            ecep:reg="yet"
            ecep:spe="yet"
            ecep:syllab="1"
            ecep:pron="jet">yet</w>
         <c> </c>
         <w xml:id="o5454-045180"
            n="29-a-0190"
            ecep:lem="too"
            ecep:pos="av"
            ecep:reg="too"
            ecep:spe="too"
            ecep:syllab="1"
            ecep:pron="tuː">too</w>
         <c> </c>
         <w xml:id="o5454-045190"
            n="29-a-0200"
            ecep:lem="soon"
            ecep:pos="av"
            ecep:reg="soon"
            ecep:spe="soon"
            ecep:syllab="1"
            ecep:pron="suːn">soon</w>
      </l>
      <l xml:id="o5454-l01490">
         <pc xml:id="o5454-045200"
             n="29-a-0210"
             ecep:lem="&#34;"
             ecep:pos="&#34;"
             ecep:reg="&#34;"
             ecep:spe="&#34;">"</pc>
         <c> </c>
         <w xml:id="o5454-045210"
            n="29-a-0220"
            ecep:lem="to"
            ecep:pos="pc-acp"
            ecep:reg="To"
            ecep:spe="To"
            ecep:syllab="1"
            ecep:pron="tuː">To</w>
         <c> </c>
         <w xml:id="o5454-045220"
            n="29-a-0230"
            ecep:lem="seek"
            ecep:pos="vvi"
            ecep:reg="seek"
            ecep:spe="seek"
            ecep:syllab="1"
            ecep:pron="siːk">seek</w>
         <c> </c>
         <w xml:id="o5454-045230"
            n="29-a-0240"
            ecep:lem="for"
            ecep:pos="p-acp"
            ecep:reg="for"
            ecep:spe="for"
            ecep:syllab="1"
            ecep:pron="fɔː">for</w>
         <c> </c>
         <w xml:id="o5454-045240"
            n="29-a-0250"
            ecep:lem="heaven"
            ecep:pos="n1"
            ecep:reg="Heaven"
            ecep:spe="Heaven"
            ecep:syllab="1"
            ecep:pron="ˈhevn">Heaven</w>
         <pc xml:id="o5454-045250"
             n="29-a-0260"
             ecep:lem=","
             ecep:pos=","
             ecep:reg=","
             ecep:spe=",">,</pc>
         <c> </c>
         <w xml:id="o5454-045260"
            n="29-a-0270"
            ecep:lem="or"
            ecep:pos="cc"
            ecep:reg="or"
            ecep:spe="or"
            ecep:syllab="1"
            ecep:pron="ɔː">or</w>
         <c> </c>
         <w xml:id="o5454-045270"
            n="29-a-0280"
            ecep:lem="think"
            ecep:pos="vvb"
            ecep:reg="think"
            ecep:spe="think"
            ecep:syllab="1"
            ecep:pron="θɪŋk">think</w>
         <c> </c>
         <w xml:id="o5454-045280"
            n="29-a-0290"
            ecep:lem="of"
            ecep:pos="pp-f"
            ecep:reg="of"
            ecep:spe="of"
            ecep:syllab="1"
            ecep:pron="ɒv">of</w>
         <c> </c>
         <w xml:id="o5454-045290"
            n="29-a-0300"
            ecep:lem="death"
            ecep:pos="n1"
            ecep:reg="Death"
            ecep:spe="Death"
            ecep:syllab="1"
            ecep:pron="deθ">Death</w>
         <pc xml:id="o5454-045300"
             n="29-a-0310"
             ecep:lem="?"
             ecep:pos="?"
             ecep:reg="?"
             ecep:spe="?">?</pc>
         <c> </c>
         <pc xml:id="o5454-045310"
             n="29-a-0320"
             unit="sentence"
             ecep:lem="&#34;"
             ecep:pos="&#34;"
             ecep:reg="&#34;"
             ecep:spe="&#34;">"</pc>
         <c> </c>
      </l>
      <l xml:id="o5454-l01495">
         <w xml:id="o5454-045320"
            n="29-a-0330"
            ecep:lem="a"
            ecep:pos="dt"
            ecep:reg="A"
            ecep:spe="A"
            ecep:syllab="1"
            ecep:pron="ə">A</w>
         <c> </c>
         <w xml:id="o5454-045330"
            n="29-a-0340"
            ecep:lem="flower"
            ecep:pos="n1"
            ecep:reg="Flower"
            ecep:spe="Flow'r"
            ecep:syllab="1"
            ecep:pron="flæə">Flow'r</w>
         <c> </c>
         <w xml:id="o5454-045340"
            n="29-a-0350"
            ecep:lem="may"
            ecep:pos="vmb"
            ecep:reg="may"
            ecep:spe="may"
            ecep:syllab="1"
            ecep:pron="meɪ">may</w>
         <c> </c>
         <w xml:id="o5454-045350"
            n="29-a-0360"
            ecep:lem="fade"
            ecep:pos="vvi"
            ecep:reg="fade"
            ecep:spe="fade"
            ecep:syllab="1"
            ecep:pron="feɪd">fade</w>
         <c> </c>
         <w xml:id="o5454-045360"
            n="29-a-0370"
            ecep:lem="before"
            ecep:pos="p-acp"
            ecep:reg="before"
            ecep:spe="before"
            ecep:syllab="2"
            ecep:pron="bɪˈfɔː">before</w>
         <c> </c>
         <w xml:id="o5454-045370"
            n="29-a-0380"
            ecep:lem="it|be"
            ecep:pos="pn31|vbz"
            ecep:reg="it's"
            ecep:spe="'tis"
            ecep:syllab="1"
            ecep:pron="tɪz">'tis</w>
         <c> </c>
         <w xml:id="o5454-045380"
            n="29-a-0390"
            ecep:lem="noon"
            ecep:pos="n1"
            ecep:reg="Noon"
            ecep:spe="Noon"
            ecep:syllab="1"
            ecep:pron="nuːn">Noon</w>
         <pc xml:id="o5454-045390"
             n="29-a-0400"
             ecep:lem=","
             ecep:pos=","
             ecep:reg=","
             ecep:spe=",">,</pc>
      </l>
      <l xml:id="o5454-l01500">
         <c> </c>
         <w xml:id="o5454-045400"
            n="29-a-0410"
            ecep:lem="and"
            ecep:pos="cc"
            ecep:reg="And"
            ecep:spe="And"
            ecep:syllab="1"
            ecep:pron="ænd">And</w>
         <c> </c>
         <w xml:id="o5454-045410"
            n="29-a-0420"
            ecep:lem="i"
            ecep:pos="pns11"
            ecep:reg="I"
            ecep:spe="I"
            ecep:syllab="1"
            ecep:pron="aɪ">I</w>
         <c> </c>
         <w xml:id="o5454-045420"
            n="29-a-0430"
            ecep:lem="this"
            ecep:pos="d"
            ecep:reg="this"
            ecep:spe="this"
            ecep:syllab="1"
            ecep:pron="ðɪs">this</w>
         <c> </c>
         <w xml:id="o5454-045430"
            n="29-a-0440"
            ecep:lem="day"
            ecep:pos="n1"
            ecep:reg="Day"
            ecep:spe="Day"
            ecep:syllab="1"
            ecep:pron="deɪ">Day</w>
         <c> </c>
         <w xml:id="o5454-045440"
            n="29-a-0450"
            ecep:lem="may"
            ecep:pos="vmb"
            ecep:reg="may"
            ecep:spe="may"
            ecep:syllab="1"
            ecep:pron="meɪ">may</w>
         <c> </c>
         <w xml:id="o5454-045450"
            n="29-a-0460"
            ecep:lem="lose"
            ecep:pos="vvi"
            ecep:reg="lose"
            ecep:spe="lose"
            ecep:syllab="1"
            ecep:pron="luːz">lose</w>
         <c> </c>
         <w xml:id="o5454-045460"
            n="29-a-0470"
            ecep:lem="my"
            ecep:pos="po11"
            ecep:reg="my"
            ecep:spe="my"
            ecep:syllab="1"
            ecep:pron="maɪ">my</w>
         <c> </c>
         <w xml:id="o5454-045470"
            n="29-a-0480"
            ecep:lem="breath"
            ecep:pos="n1"
            ecep:reg="Breath"
            ecep:spe="Breath"
            ecep:syllab="1"
            ecep:pron="breθ">Breath</w>
         <pc xml:id="o5454-045480"
             n="29-a-0490"
             unit="sentence"
             ecep:lem="."
             ecep:pos="."
             ecep:reg="."
             ecep:spe=".">.</pc>
         <c> </c>
      </l>
   </lg>
   <lg n="2" xml:id="o5454-s00450">
      <head>
         <w xml:id="o5454-045520"
            n="29-a-0500"
            ecep:lem="ii"
            ecep:pos="crd"
            ecep:reg="II"
            ecep:spe="II"
            ecep:syllab="1"
            ecep:pron="rˌəʊməntˈuː">II</w>
         <pc xml:id="o5454-045530"
             n="29-a-0510"
             unit="sentence"
             ecep:lem="."
             ecep:pos="."
             ecep:reg="."
             ecep:spe=".">.</pc>
      </head>
      <l xml:id="o5454-l01505">
         <w xml:id="o5454-045550"
            n="29-a-0520"
            ecep:lem="if"
            ecep:pos="cs"
            ecep:reg="If"
            ecep:spe="If"
            ecep:syllab="1"
            ecep:pron="ɪf">If</w>
         <c> </c>
         <w xml:id="o5454-045560"
            n="29-a-0530"
            ecep:lem="this"
            ecep:pos="d"
            ecep:reg="this"
            ecep:spe="this"
            ecep:syllab="1"
            ecep:pron="ðɪs">this</w>
         <c> </c>
         <w xml:id="o5454-045570"
            n="29-a-0540"
            ecep:lem="rebellious"
            ecep:pos="j"
            ecep:reg="rebellious"
            ecep:spe="rebellious"
            ecep:syllab="3"
            ecep:pron="rɪˈbeliəs">rebellious</w>
         <c> </c>
         <w xml:id="o5454-045580"
            n="29-a-0550"
            ecep:lem="heart"
            ecep:pos="n1"
            ecep:reg="Heart"
            ecep:spe="Heart"
            ecep:syllab="1"
            ecep:pron="hɑːt">Heart</w>
         <c> </c>
         <w xml:id="o5454-045590"
            n="29-a-0560"
            ecep:lem="of"
            ecep:pos="pp-f"
            ecep:reg="of"
            ecep:spe="of"
            ecep:syllab="1"
            ecep:pron="ɒv">of</w>
         <c> </c>
         <w xml:id="o5454-045600"
            n="29-a-0570"
            ecep:lem="i"
            ecep:pos="png11"
            ecep:reg="mine"
            ecep:spe="mine"
            ecep:syllab="1"
            ecep:pron="maɪn">mine</w>
      </l>
      <l xml:id="o5454-l01510">
         <c> </c>
         <w xml:id="o5454-045610"
            n="29-a-0580"
            ecep:lem="despise"
            ecep:pos="vvb"
            ecep:reg="Despise"
            ecep:spe="Despise"
            ecep:syllab="2"
            ecep:pron="dɪˈspaɪz">Despise</w>
         <c> </c>
         <w xml:id="o5454-045620"
            n="29-a-0590"
            ecep:lem="the"
            ecep:pos="dt"
            ecep:reg="the"
            ecep:spe="the"
            ecep:syllab="1"
            ecep:pron="ðiː">the</w>
         <c> </c>
         <w xml:id="o5454-045630"
            n="29-a-0600"
            ecep:lem="gracious"
            ecep:pos="j"
            ecep:reg="gracious"
            ecep:spe="gracious"
            ecep:syllab="2"
            ecep:pron="ˈgreɪʃəs">gracious</w>
         <c> </c>
         <w xml:id="o5454-045640"
            n="29-a-0610"
            ecep:lem="call"
            ecep:pos="n2"
            ecep:reg="Calls"
            ecep:spe="Calls"
            ecep:syllab="1"
            ecep:pron="kɔːlz">Calls</w>
         <c> </c>
         <w xml:id="o5454-045650"
            n="29-a-0620"
            ecep:lem="of"
            ecep:pos="pp-f"
            ecep:reg="of"
            ecep:spe="of"
            ecep:syllab="1"
            ecep:pron="ɒv">of</w>
         <c> </c>
         <w xml:id="o5454-045660"
            n="29-a-0630"
            ecep:lem="heaven"
            ecep:pos="n1"
            ecep:reg="Heaven"
            ecep:spe="Heav'n"
            ecep:syllab="1"
            ecep:pron="ˈhevn">Heav'n</w>
         <pc xml:id="o5454-045670"
             n="29-a-0640"
             ecep:lem=","
             ecep:pos=","
             ecep:reg=","
             ecep:spe=",">,</pc>
      </l>
      <l xml:id="o5454-l01515">
         <c> </c>
         <w xml:id="o5454-045680"
            n="29-a-0650"
            ecep:lem="i"
            ecep:pos="pns11"
            ecep:reg="I"
            ecep:spe="I"
            ecep:syllab="1"
            ecep:pron="aɪ">I</w>
         <c> </c>
         <w xml:id="o5454-045690"
            n="29-a-0660"
            ecep:lem="may"
            ecep:pos="vmb"
            ecep:reg="may"
            ecep:spe="may"
            ecep:syllab="1"
            ecep:pron="meɪ">may</w>
         <c> </c>
         <w xml:id="o5454-045700"
            n="29-a-0670"
            ecep:lem="be"
            ecep:pos="vbi"
            ecep:reg="be"
            ecep:spe="be"
            ecep:syllab="1"
            ecep:pron="biː">be</w>
         <c> </c>
         <w xml:id="o5454-045710"
            n="29-a-0680"
            ecep:lem="harden"
            ecep:pos="vvn"
            ecep:reg="hardened"
            ecep:spe="harden'd"
            ecep:syllab="2"
            ecep:pron="ˈhɑːdnd">harden'd</w>
         <c> </c>
         <w xml:id="o5454-045720"
            n="29-a-0690"
            ecep:lem="in"
            ecep:pos="p-acp"
            ecep:reg="in"
            ecep:spe="in"
            ecep:syllab="1"
            ecep:pron="ɪn">in</w>
         <c> </c>
         <w xml:id="o5454-045730"
            n="29-a-0700"
            ecep:lem="my"
            ecep:pos="po11"
            ecep:reg="my"
            ecep:spe="my"
            ecep:syllab="1"
            ecep:pron="maɪ">my</w>
         <c> </c>
         <w xml:id="o5454-045740"
            n="29-a-0710"
            ecep:lem="sin"
            ecep:pos="n1"
            ecep:reg="Sin"
            ecep:spe="Sin"
            ecep:syllab="1"
            ecep:pron="sɪn">Sin</w>
         <pc xml:id="o5454-045750"
             n="29-a-0720"
             ecep:lem=","
             ecep:pos=","
             ecep:reg=","
             ecep:spe=",">,</pc>
      </l>
      <l xml:id="o5454-l01520">
         <c> </c>
         <w xml:id="o5454-045760"
            n="29-a-0730"
            ecep:lem="and"
            ecep:pos="cc"
            ecep:reg="And"
            ecep:spe="And"
            ecep:syllab="1"
            ecep:pron="ænd">And</w>
         <c> </c>
         <w xml:id="o5454-045770"
            n="29-a-0740"
            ecep:lem="never"
            ecep:pos="av-x"
            ecep:reg="never"
            ecep:spe="never"
            ecep:syllab="2"
            ecep:pron="ˈnevə">never</w>
         <c> </c>
         <w xml:id="o5454-045780"
            n="29-a-0750"
            ecep:lem="have"
            ecep:pos="vhi"
            ecep:reg="have"
            ecep:spe="have"
            ecep:syllab="1"
            ecep:pron="hæv">have</w>
         <c> </c>
         <w xml:id="o5454-045790"
            n="29-a-0760"
            ecep:lem="repentance"
            ecep:pos="n1"
            ecep:reg="Repentance"
            ecep:spe="Repentance"
            ecep:syllab="3"
            ecep:pron="rɪˈpentəns">Repentance</w>
         <c> </c>
         <w xml:id="o5454-045800"
            n="29-a-0770"
            ecep:lem="give"
            ecep:pos="vvn"
            ecep:reg="given"
            ecep:spe="giv'n"
            ecep:syllab="1"
            ecep:pron="gɪvn">giv'n</w>
         <pc xml:id="o5454-045810"
             n="29-a-0780"
             unit="sentence"
             ecep:lem="."
             ecep:pos="."
             ecep:reg="."
             ecep:spe=".">.</pc>
         <c> </c>
      </l>
   </lg>
   <lg n="3" xml:id="o5454-s00455">
      <head>
         <w xml:id="o5454-045850"
            n="29-a-0790"
            ecep:lem="iii"
            ecep:pos="crd"
            ecep:reg="III"
            ecep:spe="III"
            ecep:syllab="1"
            ecep:pron="rˌəʊmənθrˈiː">III</w>
         <pc xml:id="o5454-045860"
             n="29-a-0800"
             unit="sentence"
             ecep:lem="."
             ecep:pos="."
             ecep:reg="."
             ecep:spe=".">.</pc>
      </head>
      <l xml:id="o5454-l01525">
         <w xml:id="o5454-045880"
            n="29-a-0810"
            ecep:lem="what"
            ecep:pos="q-crq"
            ecep:reg="What"
            ecep:spe="What"
            ecep:syllab="1"
            ecep:pron="wɒt">What</w>
         <c> </c>
         <w xml:id="o5454-045890"
            n="29-a-0820"
            ecep:lem="if"
            ecep:pos="cs"
            ecep:reg="if"
            ecep:spe="if"
            ecep:syllab="1"
            ecep:pron="ɪf">if</w>
         <c> </c>
         <w xml:id="o5454-045900"
            n="29-a-0830"
            ecep:lem="the"
            ecep:pos="dt"
            ecep:reg="the"
            ecep:spe="the"
            ecep:syllab="1"
            ecep:pron="ðiː">the</w>
         <c> </c>
         <w xml:id="o5454-045910"
            n="29-a-0840"
            ecep:lem="lord"
            ecep:pos="n1"
            ecep:reg="LORD"
            ecep:spe="LORD"
            ecep:syllab="1"
            ecep:pron="lɔːd">LORD</w>
         <c> </c>
         <w xml:id="o5454-045920"
            n="29-a-0850"
            ecep:lem="grow"
            ecep:pos="vvb"
            ecep:reg="grow"
            ecep:spe="grow"
            ecep:syllab="1"
            ecep:pron="grəʊ">grow</w>
         <c> </c>
         <w xml:id="o5454-045930"
            n="29-a-0860"
            ecep:lem="wrath"
            ecep:pos="n1"
            ecep:reg="wrath"
            ecep:spe="wrath"
            ecep:syllab="1"
            ecep:pron="rɒθ">wrath</w>
         <c> </c>
         <w xml:id="o5454-045940"
            n="29-a-0870"
            ecep:lem="and"
            ecep:pos="cc"
            ecep:reg="and"
            ecep:spe="and"
            ecep:syllab="1"
            ecep:pron="ænd">and</w>
         <c> </c>
         <w xml:id="o5454-045950"
            n="29-a-0880"
            ecep:lem="swear"
            ecep:pos="vvi"
            ecep:reg="swear"
            ecep:spe="swear"
            ecep:syllab="1"
            ecep:pron="sweə">swear</w>
         <pc xml:id="o5454-045960"
             n="29-a-0890"
             ecep:lem=","
             ecep:pos=","
             ecep:reg=","
             ecep:spe=",">,</pc>
      </l>
      <l xml:id="o5454-l01530">
         <c> </c>
         <w xml:id="o5454-045970"
            n="29-a-0900"
            ecep:lem="while"
            ecep:pos="cs"
            ecep:reg="While"
            ecep:spe="While"
            ecep:syllab="1"
            ecep:pron="ˈwaɪl">While</w>
         <c> </c>
         <w xml:id="o5454-045980"
            n="29-a-0910"
            ecep:lem="i"
            ecep:pos="pns11"
            ecep:reg="I"
            ecep:spe="I"
            ecep:syllab="1"
            ecep:pron="aɪ">I</w>
         <c> </c>
         <w xml:id="o5454-045990"
            n="29-a-0920"
            ecep:lem="refuse"
            ecep:pos="vvb"
            ecep:reg="refuse"
            ecep:spe="refuse"
            ecep:syllab="2"
            ecep:pron="ˈrefjuːs">refuse</w>
         <c> </c>
         <w xml:id="o5454-046000"
            n="29-a-0930"
            ecep:lem="to"
            ecep:pos="pc-acp"
            ecep:reg="to"
            ecep:spe="to"
            ecep:syllab="1"
            ecep:pron="tuː">to</w>
         <c> </c>
         <w xml:id="o5454-046010"
            n="29-a-0940"
            ecep:lem="read"
            ecep:pos="vvi"
            ecep:reg="read"
            ecep:spe="read"
            ecep:syllab="1"
            ecep:pron="riːd">read</w>
         <c> </c>
         <w xml:id="o5454-046020"
            n="29-a-0950"
            ecep:lem="and"
            ecep:pos="cc"
            ecep:reg="and"
            ecep:spe="and"
            ecep:syllab="1"
            ecep:pron="ænd">and</w>
         <c> </c>
         <w xml:id="o5454-046030"
            n="29-a-0960"
            ecep:lem="pray"
            ecep:pos="vvi"
            ecep:reg="pray"
            ecep:spe="pray"
            ecep:syllab="1"
            ecep:pron="preɪ">pray</w>
         <pc xml:id="o5454-046040"
             n="29-a-0970"
             ecep:lem=","
             ecep:pos=","
             ecep:reg=","
             ecep:spe=",">,</pc>
      </l>
      <l xml:id="o5454-l01535">
         <c> </c>
         <w xml:id="o5454-046050"
            n="29-a-0980"
            ecep:lem="that"
            ecep:pos="cst"
            ecep:reg="That"
            ecep:spe="That"
            ecep:syllab="1"
            ecep:pron="ðæt">That</w>
         <c> </c>
         <w xml:id="o5454-046060"
            n="29-a-0990"
            ecep:lem="he|will"
            ecep:pos="pns31|vmb"
            ecep:reg="he'll"
            ecep:spe="he'll"
            ecep:syllab="1"
            ecep:pron="hiːl">he'll</w>
         <c> </c>
         <w xml:id="o5454-046070"
            n="29-a-1000"
            ecep:lem="refuse"
            ecep:pos="vvi"
            ecep:reg="refuse"
            ecep:spe="refuse"
            ecep:syllab="2"
            ecep:pron="ˈrefjuːs">refuse</w>
         <c> </c>
         <w xml:id="o5454-046080"
            n="29-a-1010"
            ecep:lem="to"
            ecep:pos="pc-acp"
            ecep:reg="to"
            ecep:spe="to"
            ecep:syllab="1"
            ecep:pron="tuː">to</w>
         <c> </c>
         <w xml:id="o5454-046090"
            n="29-a-1020"
            ecep:lem="lend"
            ecep:pos="vvi"
            ecep:reg="lend"
            ecep:spe="lend"
            ecep:syllab="1"
            ecep:pron="lend">lend</w>
         <c> </c>
         <w xml:id="o5454-046100"
            n="29-a-1030"
            ecep:lem="a"
            ecep:pos="dt"
            ecep:reg="an"
            ecep:spe="an"
            ecep:syllab="1"
            ecep:pron="æn">an</w>
         <c> </c>
         <w xml:id="o5454-046110"
            n="29-a-1040"
            ecep:lem="ear"
            ecep:pos="n1"
            ecep:reg="Ear"
            ecep:spe="Ear"
            ecep:syllab="1"
            ecep:pron="ɪə">Ear</w>
      </l>
      <l xml:id="o5454-l01540">
         <c> </c>
         <w xml:id="o5454-046120"
            n="29-a-1050"
            ecep:lem="to"
            ecep:pos="p-acp"
            ecep:reg="To"
            ecep:spe="To"
            ecep:syllab="1"
            ecep:pron="tuː">To</w>
         <c> </c>
         <w xml:id="o5454-046130"
            n="29-a-1060"
            ecep:lem="all"
            ecep:pos="d"
            ecep:reg="all"
            ecep:spe="all"
            ecep:syllab="1"
            ecep:pron="ɔːl">all</w>
         <c> </c>
         <w xml:id="o5454-046140"
            n="29-a-1070"
            ecep:lem="my"
            ecep:pos="po11"
            ecep:reg="my"
            ecep:spe="my"
            ecep:syllab="1"
            ecep:pron="maɪ">my</w>
         <c> </c>
         <w xml:id="o5454-046150"
            n="29-a-1080"
            ecep:lem="groan"
            ecep:pos="n2"
            ecep:reg="Groans"
            ecep:spe="Grones"
            ecep:syllab="2"
            ecep:pron="grˈəʊnz">Grones</w>
         <c> </c>
         <w xml:id="o5454-046160"
            n="29-a-1090"
            ecep:lem="another"
            ecep:pos="j-jn"
            ecep:reg="another"
            ecep:spe="another"
            ecep:syllab="3"
            ecep:pron="əˈnʌðə">another</w>
         <c> </c>
         <w xml:id="o5454-046170"
            n="29-a-1100"
            ecep:lem="day"
            ecep:pos="n1"
            ecep:reg="Day"
            ecep:spe="Day"
            ecep:syllab="1"
            ecep:pron="deɪ">Day</w>
         <pc xml:id="o5454-046180"
             n="29-a-1110"
             unit="sentence"
             ecep:lem="?"
             ecep:pos="?"
             ecep:reg="?"
             ecep:spe="?">?</pc>
         <c> </c>
      </l>
   </lg>
   <lg n="4" xml:id="o5454-s00460">
      <head>
         <w xml:id="o5454-046220"
            n="29-a-1120"
            ecep:lem="iv"
            ecep:pos="crd"
            ecep:reg="IV"
            ecep:spe="IV"
            ecep:syllab="1"
            ecep:pron="rˌəʊmənfˈɔː">IV</w>
         <pc xml:id="o5454-046230"
             n="29-a-1130"
             unit="sentence"
             ecep:lem="."
             ecep:pos="."
             ecep:reg="."
             ecep:spe=".">.</pc>
      </head>
      <l xml:id="o5454-l01545">
         <w xml:id="o5454-046250"
            n="29-a-1140"
            ecep:lem="what"
            ecep:pos="q-crq"
            ecep:reg="What"
            ecep:spe="What"
            ecep:syllab="1"
            ecep:pron="wɒt">What</w>
         <c> </c>
         <w xml:id="o5454-046260"
            n="29-a-1150"
            ecep:lem="if"
            ecep:pos="cs"
            ecep:reg="if"
            ecep:spe="if"
            ecep:syllab="1"
            ecep:pron="ɪf">if</w>
         <c> </c>
         <w xml:id="o5454-046270"
            n="29-a-1160"
            ecep:lem="his"
            ecep:pos="po31"
            ecep:reg="his"
            ecep:spe="his"
            ecep:syllab="1"
            ecep:pron="hɪz">his</w>
         <c> </c>
         <w xml:id="o5454-046280"
            n="29-a-1170"
            ecep:lem="dreadful"
            ecep:pos="j"
            ecep:reg="dreadful"
            ecep:spe="dreadful"
            ecep:syllab="2"
            ecep:pron="ˈdredfl">dreadful</w>
         <c> </c>
         <w xml:id="o5454-046290"
            n="29-a-1180"
            ecep:lem="anger"
            ecep:pos="n1"
            ecep:reg="Anger"
            ecep:spe="Anger"
            ecep:syllab="2"
            ecep:pron="ˈæŋgə">Anger</w>
         <c> </c>
         <w xml:id="o5454-046300"
            n="29-a-1190"
            ecep:lem="burn"
            ecep:pos="vvi"
            ecep:reg="burn"
            ecep:spe="burn"
            ecep:syllab="1"
            ecep:pron="bɜːn">burn</w>
         <pc xml:id="o5454-046310"
             n="29-a-1200"
             ecep:lem=","
             ecep:pos=","
             ecep:reg=","
             ecep:spe=",">,</pc>
      </l>
      <l xml:id="o5454-l01550">
         <c> </c>
         <w xml:id="o5454-046320"
            n="29-a-1210"
            ecep:lem="while"
            ecep:pos="cs"
            ecep:reg="While"
            ecep:spe="While"
            ecep:syllab="1"
            ecep:pron="ˈwaɪl">While</w>
         <c> </c>
         <w xml:id="o5454-046330"
            n="29-a-1220"
            ecep:lem="i"
            ecep:pos="pns11"
            ecep:reg="I"
            ecep:spe="I"
            ecep:syllab="1"
            ecep:pron="aɪ">I</w>
         <c> </c>
         <w xml:id="o5454-046340"
            n="29-a-1230"
            ecep:lem="refuse"
            ecep:pos="vvb"
            ecep:reg="refuse"
            ecep:spe="refuse"
            ecep:syllab="2"
            ecep:pron="ˈrefjuːs">refuse</w>
         <c> </c>
         <w xml:id="o5454-046350"
            n="29-a-1240"
            ecep:lem="his"
            ecep:pos="po31"
            ecep:reg="his"
            ecep:spe="his"
            ecep:syllab="1"
            ecep:pron="hɪz">his</w>
         <c> </c>
         <w xml:id="o5454-046360"
            n="29-a-1250"
            ecep:lem="offer"
            ecep:pos="j-vvn"
            ecep:reg="offered"
            ecep:spe="offer'd"
            ecep:syllab="2"
            ecep:pron="ˈɒfəd">offer'd</w>
         <c> </c>
         <w xml:id="o5454-046370"
            n="29-a-1260"
            ecep:lem="grace"
            ecep:pos="n1"
            ecep:reg="Grace"
            ecep:spe="Grace"
            ecep:syllab="1"
            ecep:pron="greɪs">Grace</w>
         <pc xml:id="o5454-046380"
             n="29-a-1270"
             ecep:lem=","
             ecep:pos=","
             ecep:reg=","
             ecep:spe=",">,</pc>
      </l>
      <l xml:id="o5454-l01555">
         <c> </c>
         <w xml:id="o5454-046390"
            n="29-a-1280"
            ecep:lem="and"
            ecep:pos="cc"
            ecep:reg="And"
            ecep:spe="And"
            ecep:syllab="1"
            ecep:pron="ænd">And</w>
         <c> </c>
         <w xml:id="o5454-046400"
            n="29-a-1290"
            ecep:lem="all"
            ecep:pos="d"
            ecep:reg="all"
            ecep:spe="all"
            ecep:syllab="1"
            ecep:pron="ɔːl">all</w>
         <c> </c>
         <w xml:id="o5454-046410"
            n="29-a-1300"
            ecep:lem="his"
            ecep:pos="po31"
            ecep:reg="his"
            ecep:spe="his"
            ecep:syllab="1"
            ecep:pron="hɪz">his</w>
         <c> </c>
         <w xml:id="o5454-046420"
            n="29-a-1310"
            ecep:lem="love"
            ecep:pos="n1"
            ecep:reg="Love"
            ecep:spe="Love"
            ecep:syllab="1"
            ecep:pron="lʌv">Love</w>
         <c> </c>
         <w xml:id="o5454-046430"
            n="29-a-1320"
            ecep:lem="to"
            ecep:pos="p-acp"
            ecep:reg="to"
            ecep:spe="to"
            ecep:syllab="1"
            ecep:pron="tuː">to</w>
         <c> </c>
         <w xml:id="o5454-046440"
            n="29-a-1330"
            ecep:lem="fury"
            ecep:pos="n1"
            ecep:reg="Fury"
            ecep:spe="Fury"
            ecep:syllab="2"
            ecep:pron="ˈfjʊəri">Fury</w>
         <c> </c>
         <w xml:id="o5454-046450"
            n="29-a-1340"
            ecep:lem="turn"
            ecep:pos="vvi"
            ecep:reg="turn"
            ecep:spe="turn"
            ecep:syllab="1"
            ecep:pron="tɜːn">turn</w>
         <pc xml:id="o5454-046460"
             n="29-a-1350"
             ecep:lem=","
             ecep:pos=","
             ecep:reg=","
             ecep:spe=",">,</pc>
      </l>
      <l xml:id="o5454-l01560">
         <c> </c>
         <w xml:id="o5454-046470"
            n="29-a-1360"
            ecep:lem="and"
            ecep:pos="cc"
            ecep:reg="And"
            ecep:spe="And"
            ecep:syllab="1"
            ecep:pron="ænd">And</w>
         <c> </c>
         <w xml:id="o5454-046480"
            n="29-a-1370"
            ecep:lem="strike"
            ecep:pos="vvb"
            ecep:reg="strike"
            ecep:spe="strike"
            ecep:syllab="1"
            ecep:pron="straɪk">strike</w>
         <c> </c>
         <w xml:id="o5454-046490"
            n="29-a-1380"
            ecep:lem="i"
            ecep:pos="pno11"
            ecep:reg="me"
            ecep:spe="me"
            ecep:syllab="1"
            ecep:pron="miː">me</w>
         <c> </c>
         <w xml:id="o5454-046500"
            n="29-a-1390"
            ecep:lem="dead"
            ecep:pos="j"
            ecep:reg="dead"
            ecep:spe="dead"
            ecep:syllab="1"
            ecep:pron="ded">dead</w>
         <c> </c>
         <w xml:id="o5454-046510"
            n="29-a-1400"
            ecep:lem="upon"
            ecep:pos="p-acp"
            ecep:reg="upon"
            ecep:spe="upon"
            ecep:syllab="2"
            ecep:pron="əˈpɒn">upon</w>
         <c> </c>
         <w xml:id="o5454-046520"
            n="29-a-1410"
            ecep:lem="the"
            ecep:pos="dt"
            ecep:reg="the"
            ecep:spe="the"
            ecep:syllab="1"
            ecep:pron="ðiː">the</w>
         <c> </c>
         <w xml:id="o5454-046530"
            n="29-a-1420"
            ecep:lem="place"
            ecep:pos="n1"
            ecep:reg="Place"
            ecep:spe="Place"
            ecep:syllab="1"
            ecep:pron="pleɪs">Place</w>
         <pc xml:id="o5454-046540"
             n="29-a-1430"
             unit="sentence"
             ecep:lem="?"
             ecep:pos="?"
             ecep:reg="?"
             ecep:spe="?">?</pc>
         <c> </c>
      </l>
   </lg>
   <pb facs="30" n="20" rend="none"/>
   <lg n="5" xml:id="o5454-s00465">
      <head>
         <w xml:id="o5454-046580"
            n="30-a-0010"
            ecep:lem="v."
            ecep:pos="crd"
            ecep:reg="V"
            ecep:spe="V."
            ecep:syllab="1"
            ecep:pron="viː">V.</w>
         <pc unit="sentence" xml:id="o5454-046580-eos" n="30-a-0020"/>
      </head>
      <l xml:id="o5454-l01565">
         <w xml:id="o5454-046600"
            n="30-a-0030"
            ecep:lem="it|be"
            ecep:pos="pn31|vbz"
            ecep:reg="It's"
            ecep:spe="'Tis"
            ecep:syllab="1"
            ecep:pron="tɪz">'Tis</w>
         <c> </c>
         <w xml:id="o5454-046610"
            n="30-a-0040"
            ecep:lem="dangerous"
            ecep:pos="j"
            ecep:reg="dangerous"
            ecep:spe="dang'rous"
            ecep:syllab="2"
            ecep:pron="ˈdeɪndʒrəs">dang'rous</w>
         <c> </c>
         <w xml:id="o5454-046620"
            n="30-a-0050"
            ecep:lem="to"
            ecep:pos="pc-acp"
            ecep:reg="to"
            ecep:spe="to"
            ecep:syllab="1"
            ecep:pron="tuː">to</w>
         <c> </c>
         <w xml:id="o5454-046630"
            n="30-a-0060"
            ecep:lem="provoke"
            ecep:pos="vvi"
            ecep:reg="provoke"
            ecep:spe="provoke"
            ecep:syllab="2"
            ecep:pron="prəˈvəʊk">provoke</w>
         <c> </c>
         <w xml:id="o5454-046640"
            n="30-a-0070"
            ecep:lem="a"
            ecep:pos="dt"
            ecep:reg="a"
            ecep:spe="a"
            ecep:syllab="1"
            ecep:pron="ə">a</w>
         <c> </c>
         <w xml:id="o5454-046650"
            n="30-a-0080"
            ecep:lem="god"
            ecep:pos="n1"
            ecep:reg="GOD"
            ecep:spe="GOD"
            ecep:syllab="1"
            ecep:pron="gɒd">GOD</w>
         <pc xml:id="o5454-046660"
             n="30-a-0090"
             unit="sentence"
             ecep:lem="!"
             ecep:pos="!"
             ecep:reg="!"
             ecep:spe="!">!</pc>
         <c> </c>
      </l>
      <l xml:id="o5454-l01570">
         <w xml:id="o5454-046670"
            n="30-a-0100"
            ecep:lem="his"
            ecep:pos="po31"
            ecep:reg="His"
            ecep:spe="His"
            ecep:syllab="1"
            ecep:pron="hɪz">His</w>
         <c> </c>
         <w xml:id="o5454-046680"
            n="30-a-0110"
            ecep:lem="power"
            ecep:pos="n1"
            ecep:reg="Power"
            ecep:spe="Pow'r"
            ecep:syllab="1"
            ecep:pron="ˈpaʊə">Pow'r</w>
         <c> </c>
         <w xml:id="o5454-046690"
            n="30-a-0120"
            ecep:lem="and"
            ecep:pos="cc"
            ecep:reg="and"
            ecep:spe="and"
            ecep:syllab="1"
            ecep:pron="ænd">and</w>
         <c> </c>
         <w xml:id="o5454-046700"
            n="30-a-0130"
            ecep:lem="vengeance"
            ecep:pos="n1"
            ecep:reg="Vengeance"
            ecep:spe="Veng'ance"
            ecep:syllab="2"
            ecep:pron="vˈeŋəns">Veng'ance</w>
         <c> </c>
         <w xml:id="o5454-046710"
            n="30-a-0140"
            ecep:lem="none"
            ecep:pos="pix"
            ecep:reg="none"
            ecep:spe="none"
            ecep:syllab="1"
            ecep:pron="nəʊn">none</w>
         <c> </c>
         <w xml:id="o5454-046720"
            n="30-a-0150"
            ecep:lem="can"
            ecep:pos="vmb"
            ecep:reg="can"
            ecep:spe="can"
            ecep:syllab="1"
            ecep:pron="kæn">can</w>
         <c> </c>
         <w xml:id="o5454-046730"
            n="30-a-0160"
            ecep:lem="tell"
            ecep:pos="vvi"
            ecep:reg="tell"
            ecep:spe="tell"
            ecep:syllab="1"
            ecep:pron="tel">tell</w>
         <pc xml:id="o5454-046740"
             n="30-a-0170"
             ecep:lem=";"
             ecep:pos=";"
             ecep:reg=";"
             ecep:spe=";">;</pc>
      </l>
      <l xml:id="o5454-l01575">
         <c> </c>
         <w xml:id="o5454-046750"
            n="30-a-0180"
            ecep:lem="one"
            ecep:pos="crd"
            ecep:reg="One"
            ecep:spe="One"
            ecep:syllab="1"
            ecep:pron="wʌn">One</w>
         <c> </c>
         <w xml:id="o5454-046760"
            n="30-a-0190"
            ecep:lem="stroke"
            ecep:pos="n1"
            ecep:reg="Stroke"
            ecep:spe="Stroke"
            ecep:syllab="1"
            ecep:pron="strəʊk">Stroke</w>
         <c> </c>
         <w xml:id="o5454-046770"
            n="30-a-0200"
            ecep:lem="of"
            ecep:pos="pp-f"
            ecep:reg="of"
            ecep:spe="of"
            ecep:syllab="1"
            ecep:pron="ɒv">of</w>
         <c> </c>
         <w xml:id="o5454-046780"
            n="30-a-0210"
            ecep:lem="his"
            ecep:pos="po31"
            ecep:reg="his"
            ecep:spe="his"
            ecep:syllab="1"
            ecep:pron="hɪz">his</w>
         <c> </c>
         <w xml:id="o5454-046790"
            n="30-a-0220"
            ecep:lem="almighty"
            ecep:pos="j-jn"
            ecep:reg="Almighty"
            ecep:spe="Almighty"
            ecep:syllab="3"
            ecep:pron="ɔːlˈmaɪti">Almighty</w>
         <c> </c>
         <w xml:id="o5454-046800"
            n="30-a-0230"
            ecep:lem="rod"
            ecep:pos="n1"
            ecep:reg="Rod"
            ecep:spe="Rod"
            ecep:syllab="1"
            ecep:pron="rɒd">Rod</w>
      </l>
      <l xml:id="o5454-l01580">
         <c> </c>
         <w xml:id="o5454-046810"
            n="30-a-0240"
            ecep:lem="shall"
            ecep:pos="vmb"
            ecep:reg="Shall"
            ecep:spe="Shall"
            ecep:syllab="1"
            ecep:pron="ʃæl">Shall</w>
         <c> </c>
         <w xml:id="o5454-046820"
            n="30-a-0250"
            ecep:lem="send"
            ecep:pos="vvi"
            ecep:reg="send"
            ecep:spe="send"
            ecep:syllab="1"
            ecep:pron="send">send</w>
         <c> </c>
         <w xml:id="o5454-046830"
            n="30-a-0260"
            ecep:lem="young"
            ecep:pos="j"
            ecep:reg="young"
            ecep:spe="young"
            ecep:syllab="1"
            ecep:pron="jʌŋ">young</w>
         <c> </c>
         <w xml:id="o5454-046840"
            n="30-a-0270"
            ecep:lem="sinner"
            ecep:pos="n2"
            ecep:reg="Sinners"
            ecep:spe="Sinners"
            ecep:syllab="2"
            ecep:pron="ˈsɪnəz">Sinners</w>
         <c> </c>
         <w xml:id="o5454-046850"
            n="30-a-0280"
            ecep:lem="quick"
            ecep:pos="j"
            ecep:reg="quick"
            ecep:spe="quick"
            ecep:syllab="1"
            ecep:pron="kwɪk">quick</w>
         <c> </c>
         <w xml:id="o5454-046860"
            n="30-a-0290"
            ecep:lem="to"
            ecep:pos="p-acp"
            ecep:reg="to"
            ecep:spe="to"
            ecep:syllab="1"
            ecep:pron="tuː">to</w>
         <c> </c>
         <w xml:id="o5454-046870"
            n="30-a-0300"
            ecep:lem="hell"
            ecep:pos="n1"
            ecep:reg="Hell"
            ecep:spe="Hell"
            ecep:syllab="1"
            ecep:pron="hel">Hell</w>
         <pc xml:id="o5454-046880"
             n="30-a-0310"
             unit="sentence"
             ecep:lem="."
             ecep:pos="."
             ecep:reg="."
             ecep:spe=".">.</pc>
         <c> </c>
      </l>
   </lg>
   <lg n="6" xml:id="o5454-s00470">
      <head>
         <w xml:id="o5454-046920"
            n="30-a-0320"
            ecep:lem="vi"
            ecep:pos="crd"
            ecep:reg="VI"
            ecep:spe="VI"
            ecep:syllab="1"
            ecep:pron="ˈvaɪ">VI</w>
         <pc xml:id="o5454-046930"
             n="30-a-0330"
             unit="sentence"
             ecep:lem="."
             ecep:pos="."
             ecep:reg="."
             ecep:spe=".">.</pc>
      </head>
      <l xml:id="o5454-l01585">
         <w xml:id="o5454-046950"
            n="30-a-0340"
            ecep:lem="then"
            ecep:pos="av"
            ecep:reg="Then"
            ecep:spe="Then"
            ecep:syllab="1"
            ecep:pron="ðen">Then</w>
         <c> </c>
         <w xml:id="o5454-046960"
            n="30-a-0350"
            ecep:lem="it|will"
            ecep:pos="pn31|vmb"
            ecep:reg="it'll"
            ecep:spe="'twill"
            ecep:syllab="1"
            ecep:pron="twɪl">'twill</w>
         <c> </c>
         <w xml:id="o5454-046970"
            n="30-a-0360"
            ecep:lem="for"
            ecep:pos="c-acp"
            ecep:reg="for"
            ecep:spe="for"
            ecep:syllab="1"
            ecep:pron="fɔː">for</w>
         <c> </c>
         <w xml:id="o5454-046980"
            n="30-a-0370"
            ecep:lem="ever"
            ecep:pos="av"
            ecep:reg="ever"
            ecep:spe="ever"
            ecep:syllab="2"
            ecep:pron="ˈevə">ever</w>
         <c> </c>
         <w xml:id="o5454-046990"
            n="30-a-0380"
            ecep:lem="be"
            ecep:pos="vbi"
            ecep:reg="be"
            ecep:spe="be"
            ecep:syllab="1"
            ecep:pron="biː">be</w>
         <c> </c>
         <w xml:id="o5454-047000"
            n="30-a-0390"
            ecep:lem="in"
            ecep:pos="p-acp"
            ecep:reg="in"
            ecep:spe="in"
            ecep:syllab="1"
            ecep:pron="ɪn">in</w>
         <c> </c>
         <w xml:id="o5454-047010"
            n="30-a-0400"
            ecep:lem="vain"
            ecep:pos="j"
            ecep:reg="vain"
            ecep:spe="vain"
            ecep:syllab="1"
            ecep:pron="veɪn">vain</w>
         <pc xml:id="o5454-047020"
             n="30-a-0410"
             ecep:lem=","
             ecep:pos=","
             ecep:reg=","
             ecep:spe=",">,</pc>
      </l>
      <l xml:id="o5454-l01590">
         <c> </c>
         <w xml:id="o5454-047030"
            n="30-a-0420"
            ecep:lem="to"
            ecep:pos="pc-acp"
            ecep:reg="To"
            ecep:spe="To"
            ecep:syllab="1"
            ecep:pron="tuː">To</w>
         <c> </c>
         <w xml:id="o5454-047040"
            n="30-a-0430"
            ecep:lem="cry"
            ecep:pos="vvi"
            ecep:reg="cry"
            ecep:spe="cry"
            ecep:syllab="1"
            ecep:pron="kraɪ">cry</w>
         <c> </c>
         <w xml:id="o5454-047050"
            n="30-a-0440"
            ecep:lem="for"
            ecep:pos="p-acp"
            ecep:reg="for"
            ecep:spe="for"
            ecep:syllab="1"
            ecep:pron="fɔː">for</w>
         <c> </c>
         <w xml:id="o5454-047060"
            n="30-a-0450"
            ecep:lem="pardon"
            ecep:pos="n1"
            ecep:reg="Pardon"
            ecep:spe="Pardon"
            ecep:syllab="2"
            ecep:pron="ˈpɑːdn">Pardon</w>
         <c> </c>
         <w xml:id="o5454-047070"
            n="30-a-0460"
            ecep:lem="and"
            ecep:pos="cc"
            ecep:reg="and"
            ecep:spe="and"
            ecep:syllab="1"
            ecep:pron="ænd">and</w>
         <c> </c>
         <w xml:id="o5454-047080"
            n="30-a-0470"
            ecep:lem="for"
            ecep:pos="p-acp"
            ecep:reg="for"
            ecep:spe="for"
            ecep:syllab="1"
            ecep:pron="fɔː">for</w>
         <c> </c>
         <w xml:id="o5454-047090"
            n="30-a-0480"
            ecep:lem="grace"
            ecep:pos="n1"
            ecep:reg="Grace"
            ecep:spe="Grace"
            ecep:syllab="1"
            ecep:pron="greɪs">Grace</w>
         <pc xml:id="o5454-047100"
             n="30-a-0490"
             ecep:lem=":"
             ecep:pos=":"
             ecep:reg=":"
             ecep:spe=":">:</pc>
      </l>
      <l xml:id="o5454-l01595">
         <c> </c>
         <w xml:id="o5454-047110"
            n="30-a-0500"
            ecep:lem="to"
            ecep:pos="pc-acp"
            ecep:reg="To"
            ecep:spe="To"
            ecep:syllab="1"
            ecep:pron="tuː">To</w>
         <c> </c>
         <w xml:id="o5454-047120"
            n="30-a-0510"
            ecep:lem="wish"
            ecep:pos="vvi"
            ecep:reg="wish"
            ecep:spe="wish"
            ecep:syllab="1"
            ecep:pron="wɪʃ">wish</w>
         <c> </c>
         <w xml:id="o5454-047130"
            n="30-a-0520"
            ecep:lem="i"
            ecep:pos="pns11"
            ecep:reg="I"
            ecep:spe="I"
            ecep:syllab="1"
            ecep:pron="aɪ">I</w>
         <c> </c>
         <w xml:id="o5454-047140"
            n="30-a-0530"
            ecep:lem="have"
            ecep:pos="vhd"
            ecep:reg="had"
            ecep:spe="had"
            ecep:syllab="1"
            ecep:pron="hæd">had</w>
         <c> </c>
         <w xml:id="o5454-047150"
            n="30-a-0540"
            ecep:lem="my"
            ecep:pos="po11"
            ecep:reg="my"
            ecep:spe="my"
            ecep:syllab="1"
            ecep:pron="maɪ">my</w>
         <c> </c>
         <w xml:id="o5454-047160"
            n="30-a-0550"
            ecep:lem="time"
            ecep:pos="n1"
            ecep:reg="Time"
            ecep:spe="Time"
            ecep:syllab="1"
            ecep:pron="taɪm">Time</w>
         <c> </c>
         <w xml:id="o5454-047170"
            n="30-a-0560"
            ecep:lem="again"
            ecep:pos="av"
            ecep:reg="again"
            ecep:spe="again"
            ecep:syllab="2"
            ecep:pron="əˈgen">again</w>
         <pc xml:id="o5454-047180"
             n="30-a-0570"
             ecep:lem=","
             ecep:pos=","
             ecep:reg=","
             ecep:spe=",">,</pc>
      </l>
      <l xml:id="o5454-l01600">
         <c> </c>
         <w xml:id="o5454-047190"
            n="30-a-0580"
            ecep:lem="or"
            ecep:pos="cc"
            ecep:reg="Or"
            ecep:spe="Or"
            ecep:syllab="1"
            ecep:pron="ɔː">Or</w>
         <c> </c>
         <w xml:id="o5454-047200"
            n="30-a-0590"
            ecep:lem="hope"
            ecep:pos="vvb"
            ecep:reg="hope"
            ecep:spe="hope"
            ecep:syllab="1"
            ecep:pron="həʊp">hope</w>
         <c> </c>
         <w xml:id="o5454-047210"
            n="30-a-0600"
            ecep:lem="to"
            ecep:pos="pc-acp"
            ecep:reg="to"
            ecep:spe="to"
            ecep:syllab="1"
            ecep:pron="tuː">to</w>
         <c> </c>
         <w xml:id="o5454-047220"
            n="30-a-0610"
            ecep:lem="see"
            ecep:pos="vvi"
            ecep:reg="see"
            ecep:spe="see"
            ecep:syllab="1"
            ecep:pron="siː">see</w>
         <c> </c>
         <w xml:id="o5454-047230"
            n="30-a-0620"
            ecep:lem="my"
            ecep:pos="po11"
            ecep:reg="my"
            ecep:spe="my"
            ecep:syllab="1"
            ecep:pron="maɪ">my</w>
         <c> </c>
         <w xml:id="o5454-047240"
            n="30-a-0630"
            ecep:lem="maker"
            ecep:pos="ng1"
            ecep:reg="Maker's"
            ecep:spe="Maker's"
            ecep:syllab="2"
            ecep:pron="ˈmeɪkəz">Maker's</w>
         <c> </c>
         <w xml:id="o5454-047250"
            n="30-a-0640"
            ecep:lem="face"
            ecep:pos="n1"
            ecep:reg="Face"
            ecep:spe="Face"
            ecep:syllab="1"
            ecep:pron="feɪs">Face</w>
         <pc xml:id="o5454-047260"
             n="30-a-0650"
             unit="sentence"
             ecep:lem="."
             ecep:pos="."
             ecep:reg="."
             ecep:spe=".">.</pc>
         <c> </c>
      </l>
   </lg>
</div>
