<?xml version="1.0" encoding="utf-8"?>
<!DOCTYPE div
  SYSTEM "about:legacy-compat">
<div xmlns:ecep="http://www.eighteenthcenturypoetry.org/ns"
     xmlns="http://www.tei-c.org/ns/1.0"
     xmlns:tei="http://www.tei-c.org/ns/1.0"
     ana="#anapaest #trimeter #octet #cross #catalexis #pastoral"
     corresp="#txt_CowpWi1731_w0036"
     decls="#semi-normalized"
     ecep:syllab="9.9.9.9.9.9.9.9"
     met="--+|--+|--+/ --+|--+|--+/ --+|--+|--+/ --+|--+|--+/ --+|--+|--+/ --+|--+|--+/ --+|--+|--+/ --+|--+|--+/"
     rendition="#lgvspace"
     rhyme="ababcdcd"
     subtype="eceptext"
     type="poem"
     xml:id="o3794-w0360">
   <link target="authors.xml#aut_CowpWi1731" type="author"/>
   <head type="main">
      <w xml:id="o3794-588660"
         n="349-a-0010"
         ecep:lem="the"
         ecep:pos="dt"
         ecep:reg="THE"
         ecep:spe="THE"
         ecep:syllab="1"
         ecep:pron="ðiː">THE</w>
      <c> </c>
      <w xml:id="o3794-588670"
         n="349-a-0020"
         ecep:lem="winter"
         ecep:pos="n1"
         ecep:reg="WINTER"
         ecep:spe="WINTER"
         ecep:syllab="2"
         ecep:pron="ˈwɪntə">WINTER</w>
      <c> </c>
      <w xml:id="o3794-588680"
         n="349-a-0030"
         ecep:lem="nosegay"
         ecep:pos="n1"
         ecep:reg="NOSEGAY"
         ecep:spe="NOSEGAY"
         ecep:syllab="2"
         ecep:pron="ˈnəʊzgeɪ">NOSEGAY</w>
      <pc xml:id="o3794-588690"
          n="349-a-0040"
          unit="sentence"
          ecep:lem="."
          ecep:pos="."
          ecep:reg="."
          ecep:spe=".">.</pc>
   </head>
   <lg n="1" xml:id="o3794-s00775">
      <head>
         <w xml:id="o3794-588730"
            n="349-a-0050"
            ecep:lem="1."
            ecep:pos="crd"
            ecep:reg="1."
            ecep:spe="1."
            ecep:syllab="1"
            ecep:pron="wˈɒn">1.</w>
         <pc unit="sentence" xml:id="o3794-588730-eos" n="349-a-0060"/>
      </head>
      <l xml:id="o3794-l32930">
         <w xml:id="o3794-588750"
            n="349-a-0070"
            ecep:lem="what"
            ecep:pos="q-crq"
            ecep:reg="WHAT"
            ecep:spe="WHAT"
            ecep:syllab="1"
            ecep:pron="wɒt">WHAT</w>
         <c> </c>
         <w xml:id="o3794-588760"
            n="349-a-0080"
            ecep:lem="nature"
            ecep:pos="n1"
            ecep:reg="nature"
            ecep:spe="nature"
            ecep:syllab="2"
            ecep:pron="ˈneɪtʃə">nature</w>
         <pc xml:id="o3794-588770"
             n="349-a-0090"
             ecep:lem=","
             ecep:pos=","
             ecep:reg=","
             ecep:spe=",">,</pc>
         <c> </c>
         <w xml:id="o3794-588780"
            n="349-a-0100"
            ecep:lem="alas"
            ecep:pos="uh"
            ecep:reg="alas"
            ecep:spe="alas"
            ecep:syllab="2"
            ecep:pron="əˈlæs">alas</w>
         <pc xml:id="o3794-588790"
             n="349-a-0110"
             ecep:lem="!"
             ecep:pos="!"
             ecep:reg="!"
             ecep:spe="!">!</pc>
         <c> </c>
         <w xml:id="o3794-588800"
            n="349-a-0120"
            ecep:lem="have"
            ecep:pos="vhz"
            ecep:reg="has"
            ecep:spe="has"
            ecep:syllab="1"
            ecep:pron="hæz">has</w>
         <c> </c>
         <w xml:id="o3794-588810"
            n="349-a-0130"
            ecep:lem="deny"
            ecep:pos="vvn"
            ecep:reg="denied"
            ecep:spe="denied"
            ecep:syllab="2"
            ecep:pron="diˈnaɪd">denied</w>
      </l>
      <l xml:id="o3794-l32935">
         <c> </c>
         <w xml:id="o3794-588820"
            n="349-a-0140"
            ecep:lem="to"
            ecep:pos="p-acp"
            ecep:reg="To"
            ecep:spe="To"
            ecep:syllab="1"
            ecep:pron="tuː">To</w>
         <c> </c>
         <w xml:id="o3794-588830"
            n="349-a-0150"
            ecep:lem="the"
            ecep:pos="dt"
            ecep:reg="the"
            ecep:spe="the"
            ecep:syllab="1"
            ecep:pron="ðiː">the</w>
         <c> </c>
         <w xml:id="o3794-588840"
            n="349-a-0160"
            ecep:lem="delicate"
            ecep:pos="j"
            ecep:reg="delicate"
            ecep:spe="delicate"
            ecep:syllab="3"
            ecep:pron="ˈdelɪkət">delicate</w>
         <c> </c>
         <w xml:id="o3794-588850"
            n="349-a-0170"
            ecep:lem="growth"
            ecep:pos="n1"
            ecep:reg="growth"
            ecep:spe="growth"
            ecep:syllab="1"
            ecep:pron="grəʊθ">growth</w>
         <c> </c>
         <w xml:id="o3794-588860"
            n="349-a-0180"
            ecep:lem="of"
            ecep:pos="pp-f"
            ecep:reg="of"
            ecep:spe="of"
            ecep:syllab="1"
            ecep:pron="ɒv">of</w>
         <c> </c>
         <w xml:id="o3794-588870"
            n="349-a-0190"
            ecep:lem="our"
            ecep:pos="po12"
            ecep:reg="our"
            ecep:spe="our"
            ecep:syllab="1"
            ecep:pron="ˈaʊə">our</w>
         <c> </c>
         <w xml:id="o3794-588880"
            n="349-a-0200"
            ecep:lem="isle"
            ecep:pos="n1"
            ecep:reg="isle"
            ecep:spe="isle"
            ecep:syllab="1"
            ecep:pron="aɪl">isle</w>
         <pc xml:id="o3794-588890"
             n="349-a-0210"
             ecep:lem=","
             ecep:pos=","
             ecep:reg=","
             ecep:spe=",">,</pc>
      </l>
      <l xml:id="o3794-l32940">
         <c> </c>
         <w xml:id="o3794-588900"
            n="349-a-0220"
            ecep:lem="art"
            ecep:pos="n1"
            ecep:reg="Art"
            ecep:spe="Art"
            ecep:syllab="1"
            ecep:pron="ɑːt">Art</w>
         <c> </c>
         <w xml:id="o3794-588910"
            n="349-a-0230"
            ecep:lem="have"
            ecep:pos="vhz"
            ecep:reg="has"
            ecep:spe="has"
            ecep:syllab="1"
            ecep:pron="hæz">has</w>
         <c> </c>
         <w xml:id="o3794-588920"
            n="349-a-0240"
            ecep:lem="in"
            ecep:pos="p-acp"
            ecep:reg="in"
            ecep:spe="in"
            ecep:syllab="1"
            ecep:pron="ɪn">in</w>
         <c> </c>
         <w xml:id="o3794-588930"
            n="349-a-0250"
            ecep:lem="a"
            ecep:pos="dt"
            ecep:reg="a"
            ecep:spe="a"
            ecep:syllab="1"
            ecep:pron="ə">a</w>
         <c> </c>
         <w xml:id="o3794-588940"
            n="349-a-0260"
            ecep:lem="measure"
            ecep:pos="n1"
            ecep:reg="measure"
            ecep:spe="measure"
            ecep:syllab="2"
            ecep:pron="ˈmeʒə">measure</w>
         <c> </c>
         <w xml:id="o3794-588950"
            n="349-a-0270"
            ecep:lem="supply"
            ecep:pos="vvn"
            ecep:reg="supplied"
            ecep:spe="supplied"
            ecep:syllab="2"
            ecep:pron="səˈplaɪd">supplied</w>
         <pc xml:id="o3794-588960"
             n="349-a-0280"
             ecep:lem=","
             ecep:pos=","
             ecep:reg=","
             ecep:spe=",">,</pc>
      </l>
      <l xml:id="o3794-l32945">
         <c> </c>
         <w xml:id="o3794-588970"
            n="349-a-0290"
            ecep:lem="and"
            ecep:pos="cc"
            ecep:reg="And"
            ecep:spe="And"
            ecep:syllab="1"
            ecep:pron="ænd">And</w>
         <c> </c>
         <w xml:id="o3794-588980"
            n="349-a-0300"
            ecep:lem="winter"
            ecep:pos="n1"
            ecep:reg="winter"
            ecep:spe="winter"
            ecep:syllab="2"
            ecep:pron="ˈwɪntə">winter</w>
         <c> </c>
         <w xml:id="o3794-588990"
            n="349-a-0310"
            ecep:lem="be"
            ecep:pos="vbz"
            ecep:reg="is"
            ecep:spe="is"
            ecep:syllab="1"
            ecep:pron="ɪz">is</w>
         <c> </c>
         <w xml:id="o3794-589000"
            n="349-a-0320"
            ecep:lem="deck"
            ecep:pos="vvn"
            ecep:reg="decked"
            ecep:spe="deck'd"
            ecep:syllab="1"
            ecep:pron="dekt">deck'd</w>
         <c> </c>
         <w xml:id="o3794-589010"
            n="349-a-0330"
            ecep:lem="with"
            ecep:pos="p-acp"
            ecep:reg="with"
            ecep:spe="with"
            ecep:syllab="1"
            ecep:pron="wɪð">with</w>
         <c> </c>
         <w xml:id="o3794-589020"
            n="349-a-0340"
            ecep:lem="a"
            ecep:pos="dt"
            ecep:reg="a"
            ecep:spe="a"
            ecep:syllab="1"
            ecep:pron="ə">a</w>
         <c> </c>
         <w xml:id="o3794-589030"
            n="349-a-0350"
            ecep:lem="smile"
            ecep:pos="n1"
            ecep:reg="smile"
            ecep:spe="smile"
            ecep:syllab="1"
            ecep:pron="smaɪl">smile</w>
         <pc xml:id="o3794-589040"
             n="349-a-0360"
             unit="sentence"
             ecep:lem="."
             ecep:pos="."
             ecep:reg="."
             ecep:spe=".">.</pc>
         <c> </c>
      </l>
      <l xml:id="o3794-l32950">
         <w xml:id="o3794-589050"
            n="349-a-0370"
            ecep:lem="see"
            ecep:pos="vvb"
            ecep:reg="See"
            ecep:spe="See"
            ecep:syllab="1"
            ecep:pron="siː">See</w>
         <c> </c>
         <w xml:id="o3794-589060"
            n="349-a-0380"
            ecep:lem="mary"
            ecep:pos="np1"
            ecep:reg="Mary"
            ecep:spe="Mary"
            ecep:syllab="2"
            ecep:pron="ˈmeəri">Mary</w>
         <c> </c>
         <w xml:id="o3794-589070"
            n="349-a-0390"
            ecep:lem="what"
            ecep:pos="q-crq"
            ecep:reg="what"
            ecep:spe="what"
            ecep:syllab="1"
            ecep:pron="wɒt">what</w>
         <c> </c>
         <w xml:id="o3794-589080"
            n="349-a-0400"
            ecep:lem="beauty"
            ecep:pos="n2"
            ecep:reg="beauties"
            ecep:spe="beauties"
            ecep:syllab="2"
            ecep:pron="ˈbjuːtiz">beauties</w>
         <c> </c>
         <w xml:id="o3794-589090"
            n="349-a-0410"
            ecep:lem="i"
            ecep:pos="pns11"
            ecep:reg="I"
            ecep:spe="I"
            ecep:syllab="1"
            ecep:pron="aɪ">I</w>
         <c> </c>
         <w xml:id="o3794-589100"
            n="349-a-0420"
            ecep:lem="bring"
            ecep:pos="vvb"
            ecep:reg="bring"
            ecep:spe="bring"
            ecep:syllab="1"
            ecep:pron="brɪŋ">bring</w>
      </l>
      <l xml:id="o3794-l32955">
         <c> </c>
         <w xml:id="o3794-589110"
            n="349-a-0430"
            ecep:lem="from"
            ecep:pos="p-acp"
            ecep:reg="From"
            ecep:spe="From"
            ecep:syllab="1"
            ecep:pron="frɒm">From</w>
         <c> </c>
         <w xml:id="o3794-589120"
            n="349-a-0440"
            ecep:lem="the"
            ecep:pos="dt"
            ecep:reg="the"
            ecep:spe="the"
            ecep:syllab="1"
            ecep:pron="ðiː">the</w>
         <c> </c>
         <w xml:id="o3794-589130"
            n="349-a-0450"
            ecep:lem="shelter"
            ecep:pos="n1"
            ecep:reg="shelter"
            ecep:spe="shelter"
            ecep:syllab="2"
            ecep:pron="ˈʃeltə">shelter</w>
         <c> </c>
         <w xml:id="o3794-589140"
            n="349-a-0460"
            ecep:lem="of"
            ecep:pos="pp-f"
            ecep:reg="of"
            ecep:spe="of"
            ecep:syllab="1"
            ecep:pron="ɒv">of</w>
         <c> </c>
         <w xml:id="o3794-589150"
            n="349-a-0470"
            ecep:lem="that"
            ecep:pos="cst"
            ecep:reg="that"
            ecep:spe="that"
            ecep:syllab="1"
            ecep:pron="ðæt">that</w>
         <c> </c>
         <w xml:id="o3794-589160"
            n="349-a-0480"
            ecep:lem="sunny"
            ecep:pos="j"
            ecep:reg="sunny"
            ecep:spe="sunny"
            ecep:syllab="2"
            ecep:pron="ˈsʌni">sunny</w>
         <c> </c>
         <w xml:id="o3794-589170"
            n="349-a-0490"
            ecep:lem="shed"
            ecep:pos="n1"
            ecep:reg="shed"
            ecep:spe="shed"
            ecep:syllab="1"
            ecep:pron="ʃed">shed</w>
         <pc xml:id="o3794-589180"
             n="349-a-0500"
             ecep:lem=","
             ecep:pos=","
             ecep:reg=","
             ecep:spe=",">,</pc>
      </l>
      <l xml:id="o3794-l32960">
         <c> </c>
         <w xml:id="o3794-589190"
            n="349-a-0510"
            ecep:lem="where"
            ecep:pos="q-crq"
            ecep:reg="Where"
            ecep:spe="Where"
            ecep:syllab="1"
            ecep:pron="weə">Where</w>
         <c> </c>
         <w xml:id="o3794-589200"
            n="349-a-0520"
            ecep:lem="the"
            ecep:pos="dt"
            ecep:reg="the"
            ecep:spe="the"
            ecep:syllab="1"
            ecep:pron="ðiː">the</w>
         <c> </c>
         <w xml:id="o3794-589210"
            n="349-a-0530"
            ecep:lem="flower"
            ecep:pos="n2"
            ecep:reg="flowers"
            ecep:spe="flow'rs"
            ecep:syllab="1"
            ecep:pron="ˈflaʊəz">flow'rs</w>
         <c> </c>
         <w xml:id="o3794-589220"
            n="349-a-0540"
            ecep:lem="have"
            ecep:pos="vhb"
            ecep:reg="have"
            ecep:spe="have"
            ecep:syllab="1"
            ecep:pron="hæv">have</w>
         <c> </c>
         <w xml:id="o3794-589230"
            n="349-a-0550"
            ecep:lem="the"
            ecep:pos="dt"
            ecep:reg="the"
            ecep:spe="the"
            ecep:syllab="1"
            ecep:pron="ðiː">the</w>
         <c> </c>
         <w xml:id="o3794-589240"
            n="349-a-0560"
            ecep:lem="charm"
            ecep:pos="n2"
            ecep:reg="charms"
            ecep:spe="charms"
            ecep:syllab="1"
            ecep:pron="tʃɑːmz">charms</w>
         <c> </c>
         <w xml:id="o3794-589250"
            n="349-a-0570"
            ecep:lem="of"
            ecep:pos="pp-f"
            ecep:reg="of"
            ecep:spe="of"
            ecep:syllab="1"
            ecep:pron="ɒv">of</w>
         <c> </c>
         <w xml:id="o3794-589260"
            n="349-a-0580"
            ecep:lem="the"
            ecep:pos="dt"
            ecep:reg="the"
            ecep:spe="the"
            ecep:syllab="1"
            ecep:pron="ðiː">the</w>
         <c> </c>
         <w xml:id="o3794-589270"
            n="349-a-0590"
            ecep:lem="spring"
            ecep:pos="n1"
            ecep:reg="spring"
            ecep:spe="spring"
            ecep:syllab="1"
            ecep:pron="sprɪŋ">spring</w>
         <pc xml:id="o3794-589280"
             n="349-a-0600"
             ecep:lem=","
             ecep:pos=","
             ecep:reg=","
             ecep:spe=",">,</pc>
      </l>
      <l xml:id="o3794-l32965">
         <c> </c>
         <w xml:id="o3794-589290"
            n="349-a-0610"
            ecep:lem="though"
            ecep:pos="c-acp"
            ecep:reg="Though"
            ecep:spe="Though"
            ecep:syllab="1"
            ecep:pron="ðəʊ">Though</w>
         <c> </c>
         <w xml:id="o3794-589300"
            n="349-a-0620"
            ecep:lem="abroad"
            ecep:pos="av"
            ecep:reg="abroad"
            ecep:spe="abroad"
            ecep:syllab="2"
            ecep:pron="əˈbrɔːd">abroad</w>
         <c> </c>
         <w xml:id="o3794-589310"
            n="349-a-0630"
            ecep:lem="they"
            ecep:pos="pns32"
            ecep:reg="they"
            ecep:spe="they"
            ecep:syllab="1"
            ecep:pron="ðeɪ">they</w>
         <c> </c>
         <w xml:id="o3794-589320"
            n="349-a-0640"
            ecep:lem="be"
            ecep:pos="vbr"
            ecep:reg="are"
            ecep:spe="are"
            ecep:syllab="1"
            ecep:pron="ɑː">are</w>
         <c> </c>
         <w xml:id="o3794-589330"
            n="349-a-0650"
            ecep:lem="freeze"
            ecep:pos="vvn"
            ecep:reg="frozen"
            ecep:spe="frozen"
            ecep:syllab="2"
            ecep:pron="ˈfrəʊzn">frozen</w>
         <c> </c>
         <w xml:id="o3794-589340"
            n="349-a-0660"
            ecep:lem="and"
            ecep:pos="cc"
            ecep:reg="and"
            ecep:spe="and"
            ecep:syllab="1"
            ecep:pron="ænd">and</w>
         <c> </c>
         <w xml:id="o3794-589350"
            n="349-a-0670"
            ecep:lem="dead"
            ecep:pos="j"
            ecep:reg="dead"
            ecep:spe="dead"
            ecep:syllab="1"
            ecep:pron="ded">dead</w>
         <pc xml:id="o3794-589360"
             n="349-a-0680"
             unit="sentence"
             ecep:lem="."
             ecep:pos="."
             ecep:reg="."
             ecep:spe=".">.</pc>
         <c> </c>
      </l>
   </lg>
   <lg n="2" xml:id="o3794-s00780">
      <head>
         <w xml:id="o3794-589400"
            n="349-a-0690"
            ecep:lem="2."
            ecep:pos="crd"
            ecep:reg="2."
            ecep:spe="2."
            ecep:syllab="1"
            ecep:pron="tˈuː">2.</w>
         <pc unit="sentence" xml:id="o3794-589400-eos" n="349-a-0700"/>
      </head>
      <l xml:id="o3794-l32970">
         <w xml:id="o3794-589420"
            n="349-a-0710"
            ecep:lem="it|be"
            ecep:pos="pn31|vbz"
            ecep:reg="It's"
            ecep:spe="'Tis"
            ecep:syllab="1"
            ecep:pron="tɪz">'Tis</w>
         <c> </c>
         <w xml:id="o3794-589430"
            n="349-a-0720"
            ecep:lem="a"
            ecep:pos="dt"
            ecep:reg="a"
            ecep:spe="a"
            ecep:syllab="1"
            ecep:pron="ə">a</w>
         <c> </c>
         <w xml:id="o3794-589440"
            n="349-a-0730"
            ecep:lem="bower"
            ecep:pos="n1"
            ecep:reg="bower"
            ecep:spe="bow'r"
            ecep:syllab="1"
            ecep:pron="ˈbaʊə">bow'r</w>
         <c> </c>
         <w xml:id="o3794-589450"
            n="349-a-0740"
            ecep:lem="of"
            ecep:pos="pp-f"
            ecep:reg="of"
            ecep:spe="of"
            ecep:syllab="1"
            ecep:pron="ɒv">of</w>
         <c> </c>
         <w xml:id="o3794-589460"
            n="349-a-0750"
            ecep:lem="arcadian"
            ecep:pos="jp"
            ecep:reg="Arcadian"
            ecep:spe="Arcadian"
            ecep:syllab="4"
            ecep:pron="ɑːˈkeɪdiən">Arcadian</w>
         <c> </c>
         <w xml:id="o3794-589470"
            n="349-a-0760"
            ecep:lem="sweet"
            ecep:pos="n2-j"
            ecep:reg="sweets"
            ecep:spe="sweets"
            ecep:syllab="1"
            ecep:pron="swiːts">sweets</w>
         <pc xml:id="o3794-589480"
             n="349-a-0770"
             ecep:lem=","
             ecep:pos=","
             ecep:reg=","
             ecep:spe=",">,</pc>
      </l>
      <l xml:id="o3794-l32975">
         <c> </c>
         <w xml:id="o3794-589490"
            n="349-a-0780"
            ecep:lem="where"
            ecep:pos="c-crq"
            ecep:reg="Where"
            ecep:spe="Where"
            ecep:syllab="1"
            ecep:pron="weə">Where</w>
         <c> </c>
         <w xml:id="o3794-589500"
            n="349-a-0790"
            ecep:lem="Flora"
            ecep:pos="np1"
            ecep:reg="Flora"
            ecep:spe="Flora"
            ecep:syllab="2"
            ecep:pron="ˈflɔːrə">Flora</w>
         <c> </c>
         <w xml:id="o3794-589510"
            n="349-a-0800"
            ecep:lem="be"
            ecep:pos="vbz"
            ecep:reg="is"
            ecep:spe="is"
            ecep:syllab="1"
            ecep:pron="ɪz">is</w>
         <c> </c>
         <w xml:id="o3794-589520"
            n="349-a-0810"
            ecep:lem="still"
            ecep:pos="av"
            ecep:reg="still"
            ecep:spe="still"
            ecep:syllab="1"
            ecep:pron="stɪl">still</w>
         <c> </c>
         <w xml:id="o3794-589530"
            n="349-a-0820"
            ecep:lem="in"
            ecep:pos="p-acp"
            ecep:reg="in"
            ecep:spe="in"
            ecep:syllab="1"
            ecep:pron="ɪn">in</w>
         <c> </c>
         <w xml:id="o3794-589540"
            n="349-a-0830"
            ecep:lem="her"
            ecep:pos="po31"
            ecep:reg="her"
            ecep:spe="her"
            ecep:syllab="1"
            ecep:pron="hɜː">her</w>
         <c> </c>
         <w xml:id="o3794-589550"
            n="349-a-0840"
            ecep:lem="prime"
            ecep:pos="n-jn"
            ecep:reg="prime"
            ecep:spe="prime"
            ecep:syllab="1"
            ecep:pron="praɪm">prime</w>
         <pc xml:id="o3794-589560"
             n="349-a-0850"
             ecep:lem=","
             ecep:pos=","
             ecep:reg=","
             ecep:spe=",">,</pc>
      </l>
      <l xml:id="o3794-l32980">
         <c> </c>
         <w xml:id="o3794-589570"
            n="349-a-0860"
            ecep:lem="a"
            ecep:pos="dt"
            ecep:reg="A"
            ecep:spe="A"
            ecep:syllab="1"
            ecep:pron="ə">A</w>
         <c> </c>
         <w xml:id="o3794-589580"
            n="349-a-0870"
            ecep:lem="fortress"
            ecep:pos="n1"
            ecep:reg="fortress"
            ecep:spe="fortress"
            ecep:syllab="2"
            ecep:pron="ˈfɔːtrəs">fortress</w>
         <c> </c>
         <w xml:id="o3794-589590"
            n="349-a-0880"
            ecep:lem="to"
            ecep:pos="p-acp"
            ecep:reg="to"
            ecep:spe="to"
            ecep:syllab="1"
            ecep:pron="tuː">to</w>
         <c> </c>
         <w xml:id="o3794-589600"
            n="349-a-0890"
            ecep:lem="which"
            ecep:pos="r-crq"
            ecep:reg="which"
            ecep:spe="which"
            ecep:syllab="1"
            ecep:pron="wɪtʃ">which</w>
         <c> </c>
         <w xml:id="o3794-589610"
            n="349-a-0900"
            ecep:lem="she"
            ecep:pos="pns31"
            ecep:reg="she"
            ecep:spe="she"
            ecep:syllab="1"
            ecep:pron="ʃiː">she</w>
         <c> </c>
         <w xml:id="o3794-589620"
            n="349-a-0910"
            ecep:lem="retreat"
            ecep:pos="vvz"
            ecep:reg="retreats"
            ecep:spe="retreats"
            ecep:syllab="2"
            ecep:pron="riˈtriːts">retreats</w>
         <pc xml:id="o3794-589630"
             n="349-a-0920"
             ecep:lem=","
             ecep:pos=","
             ecep:reg=","
             ecep:spe=",">,</pc>
      </l>
      <l xml:id="o3794-l32985">
         <c> </c>
         <w xml:id="o3794-589640"
            n="349-a-0930"
            ecep:lem="from"
            ecep:pos="p-acp"
            ecep:reg="From"
            ecep:spe="From"
            ecep:syllab="1"
            ecep:pron="frɒm">From</w>
         <c> </c>
         <w xml:id="o3794-589650"
            n="349-a-0940"
            ecep:lem="the"
            ecep:pos="dt"
            ecep:reg="the"
            ecep:spe="the"
            ecep:syllab="1"
            ecep:pron="ðiː">the</w>
         <c> </c>
         <w xml:id="o3794-589660"
            n="349-a-0950"
            ecep:lem="cruel"
            ecep:pos="j"
            ecep:reg="cruel"
            ecep:spe="cruel"
            ecep:syllab="2"
            ecep:pron="ˈkruːəl">cruel</w>
         <c> </c>
         <w xml:id="o3794-589670"
            n="349-a-0960"
            ecep:lem="assault"
            ecep:pos="n2"
            ecep:reg="assaults"
            ecep:spe="assaults"
            ecep:syllab="2"
            ecep:pron="əˈsɔːlts">assaults</w>
         <c> </c>
         <w xml:id="o3794-589680"
            n="349-a-0970"
            ecep:lem="of"
            ecep:pos="pp-f"
            ecep:reg="of"
            ecep:spe="of"
            ecep:syllab="1"
            ecep:pron="ɒv">of</w>
         <c> </c>
         <w xml:id="o3794-589690"
            n="349-a-0980"
            ecep:lem="the"
            ecep:pos="dt"
            ecep:reg="the"
            ecep:spe="the"
            ecep:syllab="1"
            ecep:pron="ðiː">the</w>
         <c> </c>
         <w xml:id="o3794-589700"
            n="349-a-0990"
            ecep:lem="clime"
            ecep:pos="n1"
            ecep:reg="clime"
            ecep:spe="clime"
            ecep:syllab="1"
            ecep:pron="klaɪm">clime</w>
         <pc xml:id="o3794-589710"
             n="349-a-1000"
             unit="sentence"
             ecep:lem="."
             ecep:pos="."
             ecep:reg="."
             ecep:spe=".">.</pc>
         <c> </c>
      </l>
      <l xml:id="o3794-l32990">
         <w xml:id="o3794-589720"
            n="349-a-1010"
            ecep:lem="while"
            ecep:pos="cs"
            ecep:reg="While"
            ecep:spe="While"
            ecep:syllab="1"
            ecep:pron="waɪl">While</w>
         <c> </c>
         <w xml:id="o3794-589730"
            n="349-a-1020"
            ecep:lem="earth"
            ecep:pos="n1"
            ecep:reg="earth"
            ecep:spe="earth"
            ecep:syllab="1"
            ecep:pron="ɜːθ">earth</w>
         <c> </c>
         <w xml:id="o3794-589740"
            n="349-a-1030"
            ecep:lem="wear"
            ecep:pos="vvz"
            ecep:reg="wears"
            ecep:spe="wears"
            ecep:syllab="1"
            ecep:pron="weəz">wears</w>
         <c> </c>
         <w xml:id="o3794-589750"
            n="349-a-1040"
            ecep:lem="a"
            ecep:pos="dt"
            ecep:reg="a"
            ecep:spe="a"
            ecep:syllab="1"
            ecep:pron="ə">a</w>
         <c> </c>
         <w xml:id="o3794-589760"
            n="349-a-1050"
            ecep:lem="mantle"
            ecep:pos="n1"
            ecep:reg="mantle"
            ecep:spe="mantle"
            ecep:syllab="2"
            ecep:pron="ˈmæntl">mantle</w>
         <c> </c>
         <w xml:id="o3794-589770"
            n="349-a-1060"
            ecep:lem="of"
            ecep:pos="pp-f"
            ecep:reg="of"
            ecep:spe="of"
            ecep:syllab="1"
            ecep:pron="ɒv">of</w>
         <c> </c>
         <w xml:id="o3794-589780"
            n="349-a-1070"
            ecep:lem="snow"
            ecep:pos="n1"
            ecep:reg="snow"
            ecep:spe="snow"
            ecep:syllab="1"
            ecep:pron="snəʊ">snow</w>
         <pc xml:id="o3794-589790"
             n="349-a-1080"
             ecep:lem=","
             ecep:pos=","
             ecep:reg=","
             ecep:spe=",">,</pc>
      </l>
      <l xml:id="o3794-l32995">
         <c> </c>
         <w xml:id="o3794-589800"
            n="349-a-1090"
            ecep:lem="these"
            ecep:pos="d"
            ecep:reg="These"
            ecep:spe="These"
            ecep:syllab="1"
            ecep:pron="ðiːz">These</w>
         <c> </c>
         <w xml:id="o3794-589810"
            n="349-a-1100"
            ecep:lem="pink"
            ecep:pos="n2-jn"
            ecep:reg="pinks"
            ecep:spe="pinks"
            ecep:syllab="1"
            ecep:pron="pɪŋks">pinks</w>
         <c> </c>
         <w xml:id="o3794-589820"
            n="349-a-1110"
            ecep:lem="be"
            ecep:pos="vbr"
            ecep:reg="are"
            ecep:spe="are"
            ecep:syllab="1"
            ecep:pron="ɑː">are</w>
         <c> </c>
         <w xml:id="o3794-589830"
            n="349-a-1120"
            ecep:lem="as"
            ecep:pos="p-acp"
            ecep:reg="as"
            ecep:spe="as"
            ecep:syllab="1"
            ecep:pron="æz">as</w>
         <c> </c>
         <w xml:id="o3794-589840"
            n="349-a-1130"
            ecep:lem="fresh"
            ecep:pos="j"
            ecep:reg="fresh"
            ecep:spe="fresh"
            ecep:syllab="1"
            ecep:pron="freʃ">fresh</w>
         <c> </c>
         <w xml:id="o3794-589850"
            n="349-a-1140"
            ecep:lem="and"
            ecep:pos="cc"
            ecep:reg="and"
            ecep:spe="and"
            ecep:syllab="1"
            ecep:pron="ænd">and</w>
         <c> </c>
         <w xml:id="o3794-589860"
            n="349-a-1150"
            ecep:lem="as"
            ecep:pos="a-acp"
            ecep:reg="as"
            ecep:spe="as"
            ecep:syllab="1"
            ecep:pron="æz">as</w>
         <c> </c>
         <w xml:id="o3794-589870"
            n="349-a-1160"
            ecep:lem="gay"
            ecep:pos="j"
            ecep:reg="gay"
            ecep:spe="gay"
            ecep:syllab="1"
            ecep:pron="geɪ">gay</w>
         <pc xml:id="o3794-589880"
             n="349-a-1170"
             ecep:lem=","
             ecep:pos=","
             ecep:reg=","
             ecep:spe=",">,</pc>
      </l>
      <l xml:id="o3794-l33000">
         <c> </c>
         <w xml:id="o3794-589890"
            n="349-a-1180"
            ecep:lem="as"
            ecep:pos="c-acp"
            ecep:reg="As"
            ecep:spe="As"
            ecep:syllab="1"
            ecep:pron="æz">As</w>
         <c> </c>
         <w xml:id="o3794-589900"
            n="349-a-1190"
            ecep:lem="the"
            ecep:pos="dt"
            ecep:reg="the"
            ecep:spe="the"
            ecep:syllab="1"
            ecep:pron="ðiː">the</w>
         <c> </c>
         <w xml:id="o3794-589910"
            n="349-a-1200"
            ecep:lem="fair"
            ecep:pos="js"
            ecep:reg="fairest"
            ecep:spe="fairest"
            ecep:syllab="2"
            ecep:pron="ˈfeərɪst">fairest</w>
         <c> </c>
         <w xml:id="o3794-589920"
            n="349-a-1210"
            ecep:lem="and"
            ecep:pos="cc"
            ecep:reg="and"
            ecep:spe="and"
            ecep:syllab="1"
            ecep:pron="ænd">and</w>
         <c> </c>
         <w xml:id="o3794-589930"
            n="349-a-1220"
            ecep:lem="sweet"
            ecep:pos="js"
            ecep:reg="sweetest"
            ecep:spe="sweetest"
            ecep:syllab="2"
            ecep:pron="ˈswiːtɪst">sweetest</w>
         <c> </c>
         <w xml:id="o3794-589940"
            n="349-a-1230"
            ecep:lem="that"
            ecep:pos="cst"
            ecep:reg="that"
            ecep:spe="that"
            ecep:syllab="1"
            ecep:pron="ðæt">that</w>
         <c> </c>
         <w xml:id="o3794-589950"
            n="349-a-1240"
            ecep:lem="blow"
            ecep:pos="n1"
            ecep:reg="blow"
            ecep:spe="blow"
            ecep:syllab="1"
            ecep:pron="bləʊ">blow</w>
         <pc xml:id="o3794-589960"
             n="349-a-1250"
             ecep:lem=","
             ecep:pos=","
             ecep:reg=","
             ecep:spe=",">,</pc>
      </l>
      <l xml:id="o3794-l33005">
         <c> </c>
         <w xml:id="o3794-589970"
            n="349-a-1260"
            ecep:lem="on"
            ecep:pos="p-acp"
            ecep:reg="On"
            ecep:spe="On"
            ecep:syllab="1"
            ecep:pron="ɒn">On</w>
         <c> </c>
         <w xml:id="o3794-589980"
            n="349-a-1270"
            ecep:lem="the"
            ecep:pos="dt"
            ecep:reg="the"
            ecep:spe="the"
            ecep:syllab="1"
            ecep:pron="ðiː">the</w>
         <c> </c>
         <w xml:id="o3794-589990"
            n="349-a-1280"
            ecep:lem="beautiful"
            ecep:pos="j"
            ecep:reg="beautiful"
            ecep:spe="beautiful"
            ecep:syllab="3"
            ecep:pron="ˈbjuːtəfl">beautiful</w>
         <c> </c>
         <w xml:id="o3794-590000"
            n="349-a-1290"
            ecep:lem="bosom"
            ecep:pos="n1"
            ecep:reg="bosom"
            ecep:spe="bosom"
            ecep:syllab="2"
            ecep:pron="ˈbʊzəm">bosom</w>
         <c> </c>
         <w xml:id="o3794-590010"
            n="349-a-1300"
            ecep:lem="of"
            ecep:pos="pp-f"
            ecep:reg="of"
            ecep:spe="of"
            ecep:syllab="1"
            ecep:pron="ɒv">of</w>
         <c> </c>
         <w xml:id="o3794-590020"
            n="349-a-1310"
            ecep:lem="may"
            ecep:pos="vmb"
            ecep:reg="May"
            ecep:spe="May"
            ecep:syllab="1"
            ecep:pron="meɪ">May</w>
         <pc xml:id="o3794-590030"
             n="349-a-1320"
             unit="sentence"
             ecep:lem="."
             ecep:pos="."
             ecep:reg="."
             ecep:spe=".">.</pc>
         <c> </c>
      </l>
   </lg>
   <pb facs="350" n="347" rend="none"/>
   <lg n="3" xml:id="o3794-s00785">
      <head>
         <w xml:id="o3794-590070"
            n="350-a-0010"
            ecep:lem="3."
            ecep:pos="crd"
            ecep:reg="3."
            ecep:spe="3."
            ecep:syllab="1"
            ecep:pron="θrˈiː">3.</w>
         <pc unit="sentence" xml:id="o3794-590070-eos" n="350-a-0020"/>
      </head>
      <l xml:id="o3794-l33010">
         <w xml:id="o3794-590090"
            n="350-a-0030"
            ecep:lem="see"
            ecep:pos="vvb"
            ecep:reg="See"
            ecep:spe="See"
            ecep:syllab="1"
            ecep:pron="siː">See</w>
         <c> </c>
         <w xml:id="o3794-590100"
            n="350-a-0040"
            ecep:lem="how"
            ecep:pos="c-crq"
            ecep:reg="how"
            ecep:spe="how"
            ecep:syllab="1"
            ecep:pron="haʊ">how</w>
         <c> </c>
         <w xml:id="o3794-590110"
            n="350-a-0050"
            ecep:lem="they"
            ecep:pos="pns32"
            ecep:reg="they"
            ecep:spe="they"
            ecep:syllab="1"
            ecep:pron="ðeɪ">they</w>
         <c> </c>
         <w xml:id="o3794-590120"
            n="350-a-0060"
            ecep:lem="have"
            ecep:pos="vhb"
            ecep:reg="have"
            ecep:spe="have"
            ecep:syllab="1"
            ecep:pron="hæv">have</w>
         <c> </c>
         <w xml:id="o3794-590130"
            n="350-a-0070"
            ecep:lem="safe"
            ecep:pos="av-j"
            ecep:reg="safely"
            ecep:spe="safely"
            ecep:syllab="2"
            ecep:pron="ˈseɪfli">safely</w>
         <c> </c>
         <w xml:id="o3794-590140"
            n="350-a-0080"
            ecep:lem="survive"
            ecep:pos="vvn"
            ecep:reg="survived"
            ecep:spe="surviv'd"
            ecep:syllab="2"
            ecep:pron="səˈvaɪvd">surviv'd</w>
      </l>
      <l xml:id="o3794-l33015">
         <c> </c>
         <w xml:id="o3794-590150"
            n="350-a-0090"
            ecep:lem="the"
            ecep:pos="dt"
            ecep:reg="The"
            ecep:spe="The"
            ecep:syllab="1"
            ecep:pron="ðiː">The</w>
         <c> </c>
         <w xml:id="o3794-590160"
            n="350-a-0100"
            ecep:lem="frown"
            ecep:pos="n2"
            ecep:reg="frowns"
            ecep:spe="frowns"
            ecep:syllab="1"
            ecep:pron="fraʊnz">frowns</w>
         <c> </c>
         <w xml:id="o3794-590170"
            n="350-a-0110"
            ecep:lem="of"
            ecep:pos="pp-f"
            ecep:reg="of"
            ecep:spe="of"
            ecep:syllab="1"
            ecep:pron="ɒv">of</w>
         <c> </c>
         <w xml:id="o3794-590180"
            n="350-a-0120"
            ecep:lem="a"
            ecep:pos="dt"
            ecep:reg="a"
            ecep:spe="a"
            ecep:syllab="1"
            ecep:pron="ə">a</w>
         <c> </c>
         <w xml:id="o3794-590190"
            n="350-a-0130"
            ecep:lem="sky"
            ecep:pos="n1"
            ecep:reg="sky"
            ecep:spe="sky"
            ecep:syllab="1"
            ecep:pron="skaɪ">sky</w>
         <c> </c>
         <w xml:id="o3794-590200"
            n="350-a-0140"
            ecep:lem="so"
            ecep:pos="av"
            ecep:reg="so"
            ecep:spe="so"
            ecep:syllab="1"
            ecep:pron="səʊ">so</w>
         <c> </c>
         <w xml:id="o3794-590210"
            n="350-a-0150"
            ecep:lem="severe"
            ecep:pos="j"
            ecep:reg="severe"
            ecep:spe="severe"
            ecep:syllab="2"
            ecep:pron="sɪˈvɪə">severe</w>
         <pc xml:id="o3794-590220"
             n="350-a-0160"
             ecep:lem=","
             ecep:pos=","
             ecep:reg=","
             ecep:spe=",">,</pc>
      </l>
      <l xml:id="o3794-l33020">
         <c> </c>
         <w xml:id="o3794-590230"
            n="350-a-0170"
            ecep:lem="such"
            ecep:pos="d"
            ecep:reg="Such"
            ecep:spe="Such"
            ecep:syllab="1"
            ecep:pron="sʌtʃ">Such</w>
         <c> </c>
         <w xml:id="o3794-590240"
            n="350-a-0180"
            ecep:lem="Mary"
            ecep:pos="npg1"
            ecep:reg="Mary's"
            ecep:spe="Mary's"
            ecep:syllab="2"
            ecep:pron="ˈmeəriz">Mary's</w>
         <c> </c>
         <w xml:id="o3794-590250"
            n="350-a-0190"
            ecep:lem="true"
            ecep:pos="j"
            ecep:reg="true"
            ecep:spe="true"
            ecep:syllab="1"
            ecep:pron="truː">true</w>
         <c> </c>
         <w xml:id="o3794-590260"
            n="350-a-0200"
            ecep:lem="love"
            ecep:pos="n1"
            ecep:reg="love"
            ecep:spe="love"
            ecep:syllab="1"
            ecep:pron="lʌv">love</w>
         <c> </c>
         <w xml:id="o3794-590270"
            n="350-a-0210"
            ecep:lem="that"
            ecep:pos="cst"
            ecep:reg="that"
            ecep:spe="that"
            ecep:syllab="1"
            ecep:pron="ðæt">that</w>
         <c> </c>
         <w xml:id="o3794-590280"
            n="350-a-0220"
            ecep:lem="have"
            ecep:pos="vhz"
            ecep:reg="has"
            ecep:spe="has"
            ecep:syllab="1"
            ecep:pron="hæz">has</w>
         <c> </c>
         <w xml:id="o3794-590290"
            n="350-a-0230"
            ecep:lem="live"
            ecep:pos="vvn"
            ecep:reg="lived"
            ecep:spe="liv'd"
            ecep:syllab="1"
            ecep:pron="lɪvd">liv'd</w>
      </l>
      <l xml:id="o3794-l33025">
         <c> </c>
         <w xml:id="o3794-590300"
            n="350-a-0240"
            ecep:lem="through"
            ecep:pos="p-acp"
            ecep:reg="Through"
            ecep:spe="Through"
            ecep:syllab="1"
            ecep:pron="θruː">Through</w>
         <c> </c>
         <w xml:id="o3794-590310"
            n="350-a-0250"
            ecep:lem="many"
            ecep:pos="d"
            ecep:reg="many"
            ecep:spe="many"
            ecep:syllab="1"
            ecep:pron="ˈmeni">many</w>
         <c> </c>
         <w xml:id="o3794-590320"
            n="350-a-0260"
            ecep:lem="a"
            ecep:pos="dt"
            ecep:reg="a"
            ecep:spe="a"
            ecep:syllab="1"
            ecep:pron="ə">a</w>
         <c> </c>
         <w xml:id="o3794-590330"
            n="350-a-0270"
            ecep:lem="turbulent"
            ecep:pos="j"
            ecep:reg="turbulent"
            ecep:spe="turbulent"
            ecep:syllab="3"
            ecep:pron="ˈtɜːbjʊlənt">turbulent</w>
         <c> </c>
         <w xml:id="o3794-590340"
            n="350-a-0280"
            ecep:lem="year"
            ecep:pos="n1"
            ecep:reg="year"
            ecep:spe="year"
            ecep:syllab="1"
            ecep:pron="jɪə">year</w>
         <pc xml:id="o3794-590350"
             n="350-a-0290"
             unit="sentence"
             ecep:lem="."
             ecep:pos="."
             ecep:reg="."
             ecep:spe=".">.</pc>
         <c> </c>
      </l>
      <l xml:id="o3794-l33030">
         <w xml:id="o3794-590360"
            n="350-a-0300"
            ecep:lem="the"
            ecep:pos="dt"
            ecep:reg="The"
            ecep:spe="The"
            ecep:syllab="1"
            ecep:pron="ðiː">The</w>
         <c> </c>
         <w xml:id="o3794-590370"
            n="350-a-0310"
            ecep:lem="charm"
            ecep:pos="n2"
            ecep:reg="charms"
            ecep:spe="charms"
            ecep:syllab="1"
            ecep:pron="tʃɑːmz">charms</w>
         <c> </c>
         <w xml:id="o3794-590380"
            n="350-a-0320"
            ecep:lem="of"
            ecep:pos="pp-f"
            ecep:reg="of"
            ecep:spe="of"
            ecep:syllab="1"
            ecep:pron="ɒv">of</w>
         <c> </c>
         <w xml:id="o3794-590390"
            n="350-a-0330"
            ecep:lem="the"
            ecep:pos="dt"
            ecep:reg="the"
            ecep:spe="the"
            ecep:syllab="1"
            ecep:pron="ðiː">the</w>
         <c> </c>
         <w xml:id="o3794-590400"
            n="350-a-0340"
            ecep:lem="late"
            ecep:pos="j"
            ecep:reg="late"
            ecep:spe="late"
            ecep:syllab="1"
            ecep:pron="leɪt">late</w>
         <c> </c>
         <w xml:id="o3794-590410"
            n="350-a-0350"
            ecep:lem="blow"
            ecep:pos="j-vvg"
            ecep:reg="blowing"
            ecep:spe="blowing"
            ecep:syllab="2"
            ecep:pron="ˈbləʊɪŋ">blowing</w>
         <c> </c>
         <w xml:id="o3794-590420"
            n="350-a-0360"
            ecep:lem="rose"
            ecep:pos="n1"
            ecep:reg="rose"
            ecep:spe="rose"
            ecep:syllab="1"
            ecep:pron="rəʊz">rose</w>
         <pc xml:id="o3794-590430"
             n="350-a-0370"
             ecep:lem=","
             ecep:pos=","
             ecep:reg=","
             ecep:spe=",">,</pc>
      </l>
      <l xml:id="o3794-l33035">
         <c> </c>
         <w xml:id="o3794-590440"
            n="350-a-0380"
            ecep:lem="seem"
            ecep:pos="vvb"
            ecep:reg="Seem"
            ecep:spe="Seem"
            ecep:syllab="1"
            ecep:pron="siːm">Seem</w>
         <c> </c>
         <w xml:id="o3794-590450"
            n="350-a-0390"
            ecep:lem="grace"
            ecep:pos="vvn"
            ecep:reg="graced"
            ecep:spe="grac'd"
            ecep:syllab="1"
            ecep:pron="greɪst">grac'd</w>
         <c> </c>
         <w xml:id="o3794-590460"
            n="350-a-0400"
            ecep:lem="with"
            ecep:pos="p-acp"
            ecep:reg="with"
            ecep:spe="with"
            ecep:syllab="1"
            ecep:pron="wɪð">with</w>
         <c> </c>
         <w xml:id="o3794-590470"
            n="350-a-0410"
            ecep:lem="a"
            ecep:pos="dt"
            ecep:reg="a"
            ecep:spe="a"
            ecep:syllab="1"
            ecep:pron="ə">a</w>
         <c> </c>
         <w xml:id="o3794-590480"
            n="350-a-0420"
            ecep:lem="lively"
            ecep:pos="jc"
            ecep:reg="livelier"
            ecep:spe="livelier"
            ecep:syllab="3"
            ecep:pron="ˈlaɪvliə">livelier</w>
         <c> </c>
         <w xml:id="o3794-590490"
            n="350-a-0430"
            ecep:lem="hue"
            ecep:pos="n1"
            ecep:reg="hue"
            ecep:spe="hue"
            ecep:syllab="1"
            ecep:pron="hjuː">hue</w>
         <pc xml:id="o3794-590500"
             n="350-a-0440"
             ecep:lem=","
             ecep:pos=","
             ecep:reg=","
             ecep:spe=",">,</pc>
      </l>
      <l xml:id="o3794-l33040">
         <c> </c>
         <w xml:id="o3794-590510"
            n="350-a-0450"
            ecep:lem="and"
            ecep:pos="cc"
            ecep:reg="And"
            ecep:spe="And"
            ecep:syllab="1"
            ecep:pron="ænd">And</w>
         <c> </c>
         <w xml:id="o3794-590520"
            n="350-a-0460"
            ecep:lem="the"
            ecep:pos="dt"
            ecep:reg="the"
            ecep:spe="the"
            ecep:syllab="1"
            ecep:pron="ðiː">the</w>
         <c> </c>
         <w xml:id="o3794-590530"
            n="350-a-0470"
            ecep:lem="winter"
            ecep:pos="n1"
            ecep:reg="winter"
            ecep:spe="winter"
            ecep:syllab="2"
            ecep:pron="ˈwɪntə">winter</w>
         <c> </c>
         <w xml:id="o3794-590540"
            n="350-a-0480"
            ecep:lem="of"
            ecep:pos="pp-f"
            ecep:reg="of"
            ecep:spe="of"
            ecep:syllab="1"
            ecep:pron="ɒv">of</w>
         <c> </c>
         <w xml:id="o3794-590550"
            n="350-a-0490"
            ecep:lem="sorrow"
            ecep:pos="n1"
            ecep:reg="sorrow"
            ecep:spe="sorrow"
            ecep:syllab="2"
            ecep:pron="ˈsɒrəʊ">sorrow</w>
         <c> </c>
         <w xml:id="o3794-590560"
            n="350-a-0500"
            ecep:lem="best"
            ecep:pos="av-js"
            ecep:reg="best"
            ecep:spe="best"
            ecep:syllab="1"
            ecep:pron="best">best</w>
         <c> </c>
         <w xml:id="o3794-590570"
            n="350-a-0510"
            ecep:lem="show"
            ecep:pos="vvz"
            ecep:reg="shows"
            ecep:spe="shows"
            ecep:syllab="1"
            ecep:pron="ʃəʊz">shows</w>
      </l>
      <l xml:id="o3794-l33045">
         <c> </c>
         <w xml:id="o3794-590580"
            n="350-a-0520"
            ecep:lem="the"
            ecep:pos="dt"
            ecep:reg="The"
            ecep:spe="The"
            ecep:syllab="1"
            ecep:pron="ðiː">The</w>
         <c> </c>
         <w xml:id="o3794-590590"
            n="350-a-0530"
            ecep:lem="truth"
            ecep:pos="n1"
            ecep:reg="truth"
            ecep:spe="truth"
            ecep:syllab="1"
            ecep:pron="truːθ">truth</w>
         <c> </c>
         <w xml:id="o3794-590600"
            n="350-a-0540"
            ecep:lem="of"
            ecep:pos="pp-f"
            ecep:reg="of"
            ecep:spe="of"
            ecep:syllab="1"
            ecep:pron="ɒv">of</w>
         <c> </c>
         <w xml:id="o3794-590610"
            n="350-a-0550"
            ecep:lem="a"
            ecep:pos="dt"
            ecep:reg="a"
            ecep:spe="a"
            ecep:syllab="1"
            ecep:pron="ə">a</w>
         <c> </c>
         <w xml:id="o3794-590620"
            n="350-a-0560"
            ecep:lem="friend"
            ecep:pos="n1"
            ecep:reg="friend"
            ecep:spe="friend"
            ecep:syllab="1"
            ecep:pron="frend">friend</w>
         <pc xml:id="o3794-590630"
             n="350-a-0570"
             ecep:lem=","
             ecep:pos=","
             ecep:reg=","
             ecep:spe=",">,</pc>
         <c> </c>
         <w xml:id="o3794-590640"
            n="350-a-0580"
            ecep:lem="such"
            ecep:pos="d"
            ecep:reg="such"
            ecep:spe="such"
            ecep:syllab="1"
            ecep:pron="sʌtʃ">such</w>
         <c> </c>
         <w xml:id="o3794-590650"
            n="350-a-0590"
            ecep:lem="as"
            ecep:pos="c-acp"
            ecep:reg="as"
            ecep:spe="as"
            ecep:syllab="1"
            ecep:pron="æz">as</w>
         <c> </c>
         <w xml:id="o3794-590660"
            n="350-a-0600"
            ecep:lem="you"
            ecep:pos="pn22"
            ecep:reg="you"
            ecep:spe="you"
            ecep:syllab="1"
            ecep:pron="juː">you</w>
         <pc xml:id="o3794-590670"
             n="350-a-0610"
             unit="sentence"
             ecep:lem="."
             ecep:pos="."
             ecep:reg="."
             ecep:spe=".">.</pc>
         <c> </c>
      </l>
   </lg>
</div>
