<?xml version="1.0" encoding="utf-8"?>
<!DOCTYPE div
  SYSTEM "about:legacy-compat">
<div xmlns:ecep="http://www.eighteenthcenturypoetry.org/ns"
     xmlns="http://www.tei-c.org/ns/1.0"
     xmlns:tei="http://www.tei-c.org/ns/1.0"
     ana="#iamb #tetrameter #trimeter #quatrain #cross #address"
     corresp="#txt_CarmRe1790_w0023"
     decls="#semi-normalized"
     ecep:syllab="8.6.8.6"
     met="-+|-+|-+|-+/ -+|-+|-+/ -+|-+|-+|-+/ -+|-+|-+/"
     rendition="#lgvspace"
     rhyme="abab"
     subtype="eceptext"
     type="poem"
     xml:id="prc90-w0230">
   <link target="authors.xml#aut_CarmRe1790" type="author"/>
   <head type="main">
      <w xml:id="prc90-098680"
         n="prc90/0075-a-0010"
         ecep:lem="on"
         ecep:pos="p-acp"
         ecep:reg="ON"
         ecep:spe="ON"
         ecep:syllab="1"
         ecep:pron="ɒn">ON</w>
      <c> </c>
      <w xml:id="prc90-098690"
         n="prc90/0075-a-0020"
         ecep:lem="a"
         ecep:pos="dt"
         ecep:reg="A"
         ecep:spe="A"
         ecep:syllab="1"
         ecep:pron="ə">A</w>
      <c> </c>
      <w xml:id="prc90-098700"
         n="prc90/0075-a-0030"
         ecep:lem="young"
         ecep:pos="j"
         ecep:reg="YOUNG"
         ecep:spe="YOUNG"
         ecep:syllab="1"
         ecep:pron="jʌŋ">YOUNG</w>
      <c> </c>
      <w xml:id="prc90-098710"
         n="prc90/0075-a-0040"
         ecep:lem="lady"
         ecep:pos="n1"
         ecep:reg="LADY"
         ecep:spe="LADY"
         ecep:syllab="2"
         ecep:pron="ˈleɪdi">LADY</w>
   </head>
   <lg xml:id="prc90-s00785">
      <l xml:id="prc90-l03660">
         <w xml:id="prc90-098740"
            n="prc90/0075-a-0050"
            ecep:lem="sweet"
            ecep:pos="j"
            ecep:reg="Sweet"
            ecep:spe="Sweet"
            ecep:syllab="1"
            ecep:pron="swiːt">Sweet</w>
         <c> </c>
         <w xml:id="prc90-098750"
            n="prc90/0075-a-0060"
            ecep:lem="lovely"
            ecep:pos="j"
            ecep:reg="lovely"
            ecep:spe="lovely"
            ecep:syllab="2"
            ecep:pron="ˈlʌvli">lovely</w>
         <c> </c>
         <w xml:id="prc90-098760"
            n="prc90/0075-a-0070"
            ecep:lem="maid"
            ecep:pos="n1"
            ecep:reg="maid"
            ecep:spe="maid"
            ecep:syllab="1"
            ecep:pron="meɪd">maid</w>
         <pc xml:id="prc90-098770"
             n="prc90/0075-a-0080"
             ecep:lem=","
             ecep:pos=","
             ecep:reg=","
             ecep:spe=",">,</pc>
         <c> </c>
         <w xml:id="prc90-098780"
            n="prc90/0075-a-0090"
            ecep:lem="what"
            ecep:pos="q-crq"
            ecep:reg="what"
            ecep:spe="what"
            ecep:syllab="1"
            ecep:pron="wɒt">what</w>
         <c> </c>
         <w xml:id="prc90-098790"
            n="prc90/0075-a-0100"
            ecep:lem="shall"
            ecep:pos="vmb"
            ecep:reg="shall"
            ecep:spe="shall"
            ecep:syllab="1"
            ecep:pron="ʃæl">shall</w>
         <c> </c>
         <w xml:id="prc90-098800"
            n="prc90/0075-a-0110"
            ecep:lem="i"
            ecep:pos="pns11"
            ecep:reg="I"
            ecep:spe="I"
            ecep:syllab="1"
            ecep:pron="aɪ">I</w>
         <c> </c>
         <w xml:id="prc90-098810"
            n="prc90/0075-a-0120"
            ecep:lem="say"
            ecep:pos="vvi"
            ecep:reg="say"
            ecep:spe="say"
            ecep:syllab="1"
            ecep:pron="seɪ">say</w>
         <pc xml:id="prc90-098820"
             n="prc90/0075-a-0130"
             ecep:lem=","
             ecep:pos=","
             ecep:reg=","
             ecep:spe=",">,</pc>
      </l>
      <l xml:id="prc90-l03665">
         <c> </c>
         <w xml:id="prc90-098830"
            n="prc90/0075-a-0140"
            ecep:lem="or"
            ecep:pos="cc"
            ecep:reg="Or"
            ecep:spe="Or"
            ecep:syllab="1"
            ecep:pron="ɔː">Or</w>
         <c> </c>
         <w xml:id="prc90-098840"
            n="prc90/0075-a-0150"
            ecep:lem="how"
            ecep:pos="q-crq"
            ecep:reg="how"
            ecep:spe="how"
            ecep:syllab="1"
            ecep:pron="haʊ">how</w>
         <c> </c>
         <w xml:id="prc90-098850"
            n="prc90/0075-a-0160"
            ecep:lem="describe"
            ecep:pos="vvb"
            ecep:reg="describe"
            ecep:spe="describe"
            ecep:syllab="2"
            ecep:pron="dɪˈskraɪb">describe</w>
         <c> </c>
         <w xml:id="prc90-098860"
            n="prc90/0075-a-0170"
            ecep:lem="thy"
            ecep:pos="po21"
            ecep:reg="thy"
            ecep:spe="thy"
            ecep:syllab="1"
            ecep:pron="ðaɪ">thy</w>
         <c> </c>
         <w xml:id="prc90-098870"
            n="prc90/0075-a-0180"
            ecep:lem="charm"
            ecep:pos="n2"
            ecep:reg="charms"
            ecep:spe="charms"
            ecep:syllab="1"
            ecep:pron="tʃɑːmz">charms</w>
         <pc xml:id="prc90-098880"
             n="prc90/0075-a-0190"
             ecep:lem=";"
             ecep:pos=";"
             ecep:reg=";"
             ecep:spe=";">;</pc>
      </l>
      <l xml:id="prc90-l03670">
         <c> </c>
         <w xml:id="prc90-098890"
            n="prc90/0075-a-0200"
            ecep:lem="who"
            ecep:pos="r-crq"
            ecep:reg="Whose"
            ecep:spe="Whose"
            ecep:syllab="1"
            ecep:pron="huːz">Whose</w>
         <c> </c>
         <w xml:id="prc90-098900"
            n="prc90/0075-a-0210"
            ecep:lem="look"
            ecep:pos="n1"
            ecep:reg="look"
            ecep:spe="look"
            ecep:syllab="1"
            ecep:pron="lʊk">look</w>
         <pc xml:id="prc90-098910"
             n="prc90/0075-a-0220"
             ecep:lem=","
             ecep:pos=","
             ecep:reg=","
             ecep:spe=",">,</pc>
         <c> </c>
         <w xml:id="prc90-098920"
            n="prc90/0075-a-0230"
            ecep:lem="like"
            ecep:pos="vvb"
            ecep:reg="like"
            ecep:spe="like"
            ecep:syllab="1"
            ecep:pron="laɪk">like</w>
         <c> </c>
         <w xml:id="prc90-098930"
            n="prc90/0075-a-0240"
            ecep:lem="Phoebus"
            ecep:pos="np1"
            ecep:reg="Phoebus"
            ecep:spe="Phoebus"
            ecep:syllab="2"
            ecep:pron="ˈfiːbəs">Phoebus</w>
         <pc xml:id="prc90-098940"
             n="prc90/0075-a-0250"
             ecep:lem="'"
             ecep:pos="'"
             ecep:reg="'"
             ecep:spe="'">'</pc>
         <c> </c>
         <w xml:id="prc90-098950"
            n="prc90/0075-a-0260"
            ecep:lem="cheer"
            ecep:pos="vvg"
            ecep:reg="cheering"
            ecep:spe="cheering"
            ecep:syllab="2"
            ecep:pron="tʃɪəɪŋ">cheering</w>
         <c> </c>
         <w xml:id="prc90-098960"
            n="prc90/0075-a-0270"
            ecep:lem="ray"
            ecep:pos="n1"
            ecep:reg="ray"
            ecep:spe="ray"
            ecep:syllab="1"
            ecep:pron="reɪ">ray</w>
         <pc xml:id="prc90-098970"
             n="prc90/0075-a-0280"
             ecep:lem=","
             ecep:pos=","
             ecep:reg=","
             ecep:spe=",">,</pc>
      </l>
      <l xml:id="prc90-l03675">
         <c> </c>
         <w xml:id="prc90-098980"
            n="prc90/0075-a-0290"
            ecep:lem="each"
            ecep:pos="d"
            ecep:reg="Each"
            ecep:spe="Each"
            ecep:syllab="1"
            ecep:pron="iːtʃ">Each</w>
         <c> </c>
         <w xml:id="prc90-098990"
            n="prc90/0075-a-0300"
            ecep:lem="chilly"
            ecep:pos="j"
            ecep:reg="chilly"
            ecep:spe="chilly"
            ecep:syllab="2"
            ecep:pron="ˈtʃɪli">chilly</w>
         <c> </c>
         <w xml:id="prc90-099000"
            n="prc90/0075-a-0310"
            ecep:lem="bosom"
            ecep:pos="n1"
            ecep:reg="bosom"
            ecep:spe="bosom"
            ecep:syllab="2"
            ecep:pron="ˈbʊzm">bosom</w>
         <c> </c>
         <w xml:id="prc90-099010"
            n="prc90/0075-a-0320"
            ecep:lem="warm"
            ecep:pos="vvz"
            ecep:reg="warms"
            ecep:spe="warms"
            ecep:syllab="1"
            ecep:pron="wɔːmz">warms</w>
         <pc xml:id="prc90-099020"
             n="prc90/0075-a-0330"
             unit="sentence"
             ecep:lem="."
             ecep:pos="."
             ecep:reg="."
             ecep:spe=".">.</pc>
         <c> </c>
      </l>
   </lg>
   <lg xml:id="prc90-s00790">
      <l xml:id="prc90-l03680">
         <w xml:id="prc90-099050"
            n="prc90/0075-a-0340"
            ecep:lem="can"
            ecep:pos="vmb"
            ecep:reg="Can"
            ecep:spe="Can"
            ecep:syllab="1"
            ecep:pron="kæn">Can</w>
         <c> </c>
         <w xml:id="prc90-099060"
            n="prc90/0075-a-0350"
            ecep:lem="we"
            ecep:pos="pns12"
            ecep:reg="we"
            ecep:spe="we"
            ecep:syllab="1"
            ecep:pron="wiː">we</w>
         <c> </c>
         <w xml:id="prc90-099070"
            n="prc90/0075-a-0360"
            ecep:lem="behold"
            ecep:pos="vvi"
            ecep:reg="behold"
            ecep:spe="behold"
            ecep:syllab="2"
            ecep:pron="bɪˈhəʊld">behold</w>
         <c> </c>
         <w xml:id="prc90-099080"
            n="prc90/0075-a-0370"
            ecep:lem="that"
            ecep:pos="d"
            ecep:reg="that"
            ecep:spe="that"
            ecep:syllab="1"
            ecep:pron="ðæt">that</w>
         <c> </c>
         <w xml:id="prc90-099090"
            n="prc90/0075-a-0380"
            ecep:lem="gentle"
            ecep:pos="j-jn"
            ecep:reg="gentle"
            ecep:spe="gentle"
            ecep:syllab="2"
            ecep:pron="ˈdʒentl">gentle</w>
         <c> </c>
         <w xml:id="prc90-099100"
            n="prc90/0075-a-0390"
            ecep:lem="face"
            ecep:pos="n1"
            ecep:reg="face"
            ecep:spe="face"
            ecep:syllab="1"
            ecep:pron="feɪs">face</w>
         <pc xml:id="prc90-099110"
             n="prc90/0075-a-0400"
             ecep:lem=","
             ecep:pos=","
             ecep:reg=","
             ecep:spe=",">,</pc>
      </l>
      <l xml:id="prc90-l03685">
         <c> </c>
         <w xml:id="prc90-099120"
            n="prc90/0075-a-0410"
            ecep:lem="and"
            ecep:pos="cc"
            ecep:reg="And"
            ecep:spe="And"
            ecep:syllab="1"
            ecep:pron="ænd">And</w>
         <c> </c>
         <w xml:id="prc90-099130"
            n="prc90/0075-a-0420"
            ecep:lem="no"
            ecep:pos="dx"
            ecep:reg="no"
            ecep:spe="no"
            ecep:syllab="1"
            ecep:pron="nəʊ">no</w>
         <c> </c>
         <w xml:id="prc90-099140"
            n="prc90/0075-a-0430"
            ecep:lem="emotion"
            ecep:pos="n2"
            ecep:reg="emotions"
            ecep:spe="emotions"
            ecep:syllab="3"
            ecep:pron="ɪˈməʊʃnz">emotions</w>
         <c> </c>
         <w xml:id="prc90-099150"
            n="prc90/0075-a-0440"
            ecep:lem="feel"
            ecep:pos="vvi"
            ecep:reg="feel"
            ecep:spe="feel"
            ecep:syllab="1"
            ecep:pron="fiːl">feel</w>
         <pc xml:id="prc90-099160"
             n="prc90/0075-a-0450"
             unit="sentence"
             ecep:lem="?"
             ecep:pos="?"
             ecep:reg="?"
             ecep:spe="?">?</pc>
         <c> </c>
      </l>
      <l xml:id="prc90-l03690">
         <w xml:id="prc90-099170"
            n="prc90/0075-a-0460"
            ecep:lem="who"
            ecep:pos="r-crq"
            ecep:reg="Who"
            ecep:spe="Who"
            ecep:syllab="1"
            ecep:pron="huː">Who</w>
         <c> </c>
         <w xml:id="prc90-099180"
            n="prc90/0075-a-0470"
            ecep:lem="cold"
            ecep:pos="av-jn"
            ecep:reg="coldly"
            ecep:spe="coldly"
            ecep:syllab="2"
            ecep:pron="kəʊldli">coldly</w>
         <c> </c>
         <w xml:id="prc90-099190"
            n="prc90/0075-a-0480"
            ecep:lem="view"
            ecep:pos="vvz"
            ecep:reg="views"
            ecep:spe="views"
            ecep:syllab="1"
            ecep:pron="vjuːz">views</w>
         <c> </c>
         <w xml:id="prc90-099200"
            n="prc90/0075-a-0490"
            ecep:lem="such"
            ecep:pos="d"
            ecep:reg="such"
            ecep:spe="such"
            ecep:syllab="1"
            ecep:pron="sʌtʃ">such</w>
         <c> </c>
         <w xml:id="prc90-099210"
            n="prc90/0075-a-0500"
            ecep:lem="ease"
            ecep:pos="n1"
            ecep:reg="ease"
            ecep:spe="ease"
            ecep:syllab="1"
            ecep:pron="iːz">ease</w>
         <c> </c>
         <w xml:id="prc90-099220"
            n="prc90/0075-a-0510"
            ecep:lem="and"
            ecep:pos="cc"
            ecep:reg="and"
            ecep:spe="and"
            ecep:syllab="1"
            ecep:pron="ænd">and</w>
         <c> </c>
         <w xml:id="prc90-099230"
            n="prc90/0075-a-0520"
            ecep:lem="grace"
            ecep:pos="n1"
            ecep:reg="grace"
            ecep:spe="grace"
            ecep:syllab="1"
            ecep:pron="greɪs">grace</w>
      </l>
      <l xml:id="prc90-l03695">
         <c> </c>
         <w xml:id="prc90-099240"
            n="prc90/0075-a-0530"
            ecep:lem="must"
            ecep:pos="vmb"
            ecep:reg="Must"
            ecep:spe="Must"
            ecep:syllab="1"
            ecep:pron="mʌst">Must</w>
         <c> </c>
         <w xml:id="prc90-099250"
            n="prc90/0075-a-0540"
            ecep:lem="have"
            ecep:pos="vhi"
            ecep:reg="have"
            ecep:spe="have"
            ecep:syllab="1"
            ecep:pron="hæv">have</w>
         <c> </c>
         <w xml:id="prc90-099260"
            n="prc90/0075-a-0550"
            ecep:lem="a"
            ecep:pos="dt"
            ecep:reg="a"
            ecep:spe="a"
            ecep:syllab="1"
            ecep:pron="ə">a</w>
         <c> </c>
         <w xml:id="prc90-099270"
            n="prc90/0075-a-0560"
            ecep:lem="heart"
            ecep:pos="n1"
            ecep:reg="heart"
            ecep:spe="heart"
            ecep:syllab="1"
            ecep:pron="hɑːt">heart</w>
         <c> </c>
         <w xml:id="prc90-099280"
            n="prc90/0075-a-0570"
            ecep:lem="of"
            ecep:pos="pp-f"
            ecep:reg="of"
            ecep:spe="of"
            ecep:syllab="1"
            ecep:pron="ɒv">of</w>
         <c> </c>
         <w xml:id="prc90-099290"
            n="prc90/0075-a-0580"
            ecep:lem="steel"
            ecep:pos="n1"
            ecep:reg="steel"
            ecep:spe="steel"
            ecep:syllab="1"
            ecep:pron="stiːl">steel</w>
         <pc xml:id="prc90-099300"
             n="prc90/0075-a-0590"
             unit="sentence"
             ecep:lem="."
             ecep:pos="."
             ecep:reg="."
             ecep:spe=".">.</pc>
         <c> </c>
      </l>
   </lg>
   <lg xml:id="prc90-s00795">
      <l xml:id="prc90-l03700">
         <w xml:id="prc90-099330"
            n="prc90/0075-a-0600"
            ecep:lem="in"
            ecep:pos="p-acp"
            ecep:reg="In"
            ecep:spe="In"
            ecep:syllab="1"
            ecep:pron="ɪn">In</w>
         <c> </c>
         <w xml:id="prc90-099340"
            n="prc90/0075-a-0610"
            ecep:lem="sickness"
            ecep:pos="n1"
            ecep:reg="sickness"
            ecep:spe="sickness"
            ecep:syllab="2"
            ecep:pron="ˈsɪknəs">sickness</w>
         <c> </c>
         <w xml:id="prc90-099350"
            n="prc90/0075-a-0620"
            ecep:lem="see"
            ecep:pos="vvi"
            ecep:reg="see"
            ecep:spe="see"
            ecep:syllab="1"
            ecep:pron="siː">see</w>
         <c> </c>
         <w xml:id="prc90-099360"
            n="prc90/0075-a-0630"
            ecep:lem="she"
            ecep:pos="pno31"
            ecep:reg="her"
            ecep:spe="her"
            ecep:syllab="1"
            ecep:pron="hɜː">her</w>
         <c> </c>
         <w xml:id="prc90-099370"
            n="prc90/0075-a-0640"
            ecep:lem="sweet"
            ecep:pos="av-j"
            ecep:reg="sweetly"
            ecep:spe="sweetly"
            ecep:syllab="2"
            ecep:pron="swiːtli">sweetly</w>
         <c> </c>
         <w xml:id="prc90-099380"
            n="prc90/0075-a-0650"
            ecep:lem="smile"
            ecep:pos="n1"
            ecep:reg="smile"
            ecep:spe="smile"
            ecep:syllab="1"
            ecep:pron="smaɪl">smile</w>
         <pc xml:id="prc90-099390"
             n="prc90/0075-a-0660"
             ecep:lem=","
             ecep:pos=","
             ecep:reg=","
             ecep:spe=",">,</pc>
      </l>
      <l xml:id="prc90-l03705">
         <c> </c>
         <w xml:id="prc90-099400"
            n="prc90/0075-a-0670"
            ecep:lem="to"
            ecep:pos="pc-acp"
            ecep:reg="To"
            ecep:spe="To"
            ecep:syllab="1"
            ecep:pron="tuː">To</w>
         <c> </c>
         <w xml:id="prc90-099410"
            n="prc90/0075-a-0680"
            ecep:lem="cheer"
            ecep:pos="vvi"
            ecep:reg="cheer"
            ecep:spe="cheer"
            ecep:syllab="1"
            ecep:pron="tʃɪə">cheer</w>
         <c> </c>
         <w xml:id="prc90-099420"
            n="prc90/0075-a-0690"
            ecep:lem="each"
            ecep:pos="d"
            ecep:reg="each"
            ecep:spe="each"
            ecep:syllab="1"
            ecep:pron="iːtʃ">each</w>
         <c> </c>
         <w xml:id="prc90-099430"
            n="prc90/0075-a-0700"
            ecep:lem="anxious"
            ecep:pos="j"
            ecep:reg="anxious"
            ecep:spe="anxious"
            ecep:syllab="2"
            ecep:pron="ˈæŋʃəs">anxious</w>
         <c> </c>
         <w xml:id="prc90-099440"
            n="prc90/0075-a-0710"
            ecep:lem="friend"
            ecep:pos="n1"
            ecep:reg="friend"
            ecep:spe="friend"
            ecep:syllab="1"
            ecep:pron="frend">friend</w>
         <pc xml:id="prc90-099450"
             n="prc90/0075-a-0720"
             ecep:lem=";"
             ecep:pos=";"
             ecep:reg=";"
             ecep:spe=";">;</pc>
      </l>
      <l xml:id="prc90-l03710">
         <c> </c>
         <w xml:id="prc90-099460"
            n="prc90/0075-a-0730"
            ecep:lem="o"
            ecep:pos="uh"
            ecep:reg="OH"
            ecep:spe="O"
            ecep:syllab="1"
            ecep:pron="əʊ">O</w>
         <pc xml:id="prc90-099465"
             n="prc90/0075-a-0730"
             ecep:lem="!"
             ecep:pos="!"
             ecep:reg="!"
             ecep:spe="!">!</pc>
         <c> </c>
         <w xml:id="prc90-099470"
            n="prc90/0075-a-0740"
            ecep:lem="bounteous"
            ecep:pos="j"
            ecep:reg="bounteous"
            ecep:spe="bounteous"
            ecep:syllab="2"
            ecep:pron="ˈbaʊntiəs">bounteous</w>
         <c> </c>
         <w xml:id="prc90-099480"
            n="prc90/0075-a-0750"
            ecep:lem="heaven"
            ecep:pos="n1"
            ecep:reg="heaven"
            ecep:spe="heaven"
            ecep:syllab="1"
            ecep:pron="ˈhevn">heaven</w>
         <pc xml:id="prc90-099490"
             n="prc90/0075-a-0760"
             ecep:lem=","
             ecep:pos=","
             ecep:reg=","
             ecep:spe=",">,</pc>
         <c> </c>
         <w xml:id="prc90-099500"
            n="prc90/0075-a-0770"
            ecep:lem="our"
            ecep:pos="po12"
            ecep:reg="our"
            ecep:spe="our"
            ecep:syllab="1"
            ecep:pron="æə">our</w>
         <c> </c>
         <w xml:id="prc90-099510"
            n="prc90/0075-a-0780"
            ecep:lem="fear"
            ecep:pos="n2"
            ecep:reg="fears"
            ecep:spe="fears"
            ecep:syllab="1"
            ecep:pron="fɪəz">fears</w>
         <c> </c>
         <w xml:id="prc90-099520"
            n="prc90/0075-a-0790"
            ecep:lem="beguile"
            ecep:pos="vvi"
            ecep:reg="beguile"
            ecep:spe="beguile"
            ecep:syllab="2"
            ecep:pron="bɪˈgaɪl">beguile</w>
         <pc xml:id="prc90-099530"
             n="prc90/0075-a-0800"
             ecep:lem=","
             ecep:pos=","
             ecep:reg=","
             ecep:spe=",">,</pc>
      </l>
      <l xml:id="prc90-l03715">
         <c> </c>
         <w xml:id="prc90-099540"
            n="prc90/0075-a-0810"
            ecep:lem="and"
            ecep:pos="cc"
            ecep:reg="And"
            ecep:spe="And"
            ecep:syllab="1"
            ecep:pron="ænd">And</w>
         <c> </c>
         <w xml:id="prc90-099550"
            n="prc90/0075-a-0820"
            ecep:lem="quick"
            ecep:pos="j"
            ecep:reg="quick"
            ecep:spe="quick"
            ecep:syllab="1"
            ecep:pron="kwɪk">quick</w>
         <c> </c>
         <w xml:id="prc90-099560"
            n="prc90/0075-a-0830"
            ecep:lem="assistance"
            ecep:pos="n1"
            ecep:reg="assistance"
            ecep:spe="assistance"
            ecep:syllab="3"
            ecep:pron="əˈsɪstəns">assistance</w>
         <c> </c>
         <w xml:id="prc90-099570"
            n="prc90/0075-a-0840"
            ecep:lem="lend"
            ecep:pos="vvi"
            ecep:reg="lend"
            ecep:spe="lend"
            ecep:syllab="1"
            ecep:pron="lend">lend</w>
         <pc xml:id="prc90-099580"
             n="prc90/0075-a-0850"
             unit="sentence"
             ecep:lem="."
             ecep:pos="."
             ecep:reg="."
             ecep:spe=".">.</pc>
         <c> </c>
      </l>
   </lg>
   <lg xml:id="prc90-s00800">
      <l xml:id="prc90-l03720">
         <w xml:id="prc90-099610"
            n="prc90/0075-a-0860"
            ecep:lem="in"
            ecep:pos="p-acp"
            ecep:reg="In"
            ecep:spe="In"
            ecep:syllab="1"
            ecep:pron="ɪn">In</w>
         <c> </c>
         <w xml:id="prc90-099620"
            n="prc90/0075-a-0870"
            ecep:lem="bloom"
            ecep:pos="j-vvg"
            ecep:reg="blooming"
            ecep:spe="blooming"
            ecep:syllab="2"
            ecep:pron="bluːmɪŋ">blooming</w>
         <c> </c>
         <w xml:id="prc90-099630"
            n="prc90/0075-a-0880"
            ecep:lem="charm"
            ecep:pos="n2"
            ecep:reg="charms"
            ecep:spe="charms"
            ecep:syllab="1"
            ecep:pron="tʃɑːmz">charms</w>
         <pc xml:id="prc90-099640"
             n="prc90/0075-a-0890"
             ecep:lem=","
             ecep:pos=","
             ecep:reg=","
             ecep:spe=",">,</pc>
         <c> </c>
         <w xml:id="prc90-099650"
            n="prc90/0075-a-0900"
            ecep:lem="and"
            ecep:pos="cc"
            ecep:reg="and"
            ecep:spe="and"
            ecep:syllab="1"
            ecep:pron="ænd">and</w>
         <c> </c>
         <w xml:id="prc90-099660"
            n="prc90/0075-a-0910"
            ecep:lem="youthful"
            ecep:pos="j"
            ecep:reg="youthful"
            ecep:spe="youthful"
            ecep:syllab="2"
            ecep:pron="ˈjuːθfl">youthful</w>
         <c> </c>
         <w xml:id="prc90-099670"
            n="prc90/0075-a-0920"
            ecep:lem="prime"
            ecep:pos="n-jn"
            ecep:reg="prime"
            ecep:spe="prime"
            ecep:syllab="1"
            ecep:pron="praɪm">prime</w>
         <pc xml:id="prc90-099680"
             n="prc90/0075-a-0930"
             ecep:lem=","
             ecep:pos=","
             ecep:reg=","
             ecep:spe=",">,</pc>
      </l>
      <l xml:id="prc90-l03725">
         <c> </c>
         <w xml:id="prc90-099690"
            n="prc90/0075-a-0940"
            ecep:lem="how"
            ecep:pos="c-crq"
            ecep:reg="How"
            ecep:spe="How"
            ecep:syllab="1"
            ecep:pron="haʊ">How</w>
         <c> </c>
         <w xml:id="prc90-099700"
            n="prc90/0075-a-0950"
            ecep:lem="calm"
            ecep:pos="av-jn"
            ecep:reg="calmly"
            ecep:spe="calmly"
            ecep:syllab="2"
            ecep:pron="kɑːmli">calmly</w>
         <c> </c>
         <w xml:id="prc90-099710"
            n="prc90/0075-a-0960"
            ecep:lem="do"
            ecep:pos="vdz"
            ecep:reg="does"
            ecep:spe="does"
            ecep:syllab="1"
            ecep:pron="dʌz">does</w>
         <c> </c>
         <w xml:id="prc90-099720"
            n="prc90/0075-a-0970"
            ecep:lem="she"
            ecep:pos="pns31"
            ecep:reg="she"
            ecep:spe="she"
            ecep:syllab="1"
            ecep:pron="ʃiː">she</w>
         <c> </c>
         <w xml:id="prc90-099730"
            n="prc90/0075-a-0980"
            ecep:lem="bear"
            ecep:pos="vvi"
            ecep:reg="bear"
            ecep:spe="bear"
            ecep:syllab="1"
            ecep:pron="beə">bear</w>
      </l>
      <l xml:id="prc90-l03730">
         <c> </c>
         <w xml:id="prc90-099740"
            n="prc90/0075-a-0990"
            ecep:lem="a"
            ecep:pos="dt"
            ecep:reg="A"
            ecep:spe="A"
            ecep:syllab="1"
            ecep:pron="ə">A</w>
         <c> </c>
         <w xml:id="prc90-099750"
            n="prc90/0075-a-1000"
            ecep:lem="pain"
            ecep:pos="n1"
            ecep:reg="pain"
            ecep:spe="pain"
            ecep:syllab="1"
            ecep:pron="peɪn">pain</w>
         <pc xml:id="prc90-099760"
             n="prc90/0075-a-1010"
             ecep:lem=","
             ecep:pos=","
             ecep:reg=","
             ecep:spe=",">,</pc>
         <c> </c>
         <w xml:id="prc90-099770"
            n="prc90/0075-a-1020"
            ecep:lem="which"
            ecep:pos="r-crq"
            ecep:reg="which"
            ecep:spe="which"
            ecep:syllab="1"
            ecep:pron="wɪtʃ">which</w>
         <c> </c>
         <w xml:id="prc90-099780"
            n="prc90/0075-a-1030"
            ecep:lem="may"
            ecep:pos="vmd"
            ecep:reg="might"
            ecep:spe="might"
            ecep:syllab="1"
            ecep:pron="maɪt">might</w>
         <c> </c>
         <w xml:id="prc90-099790"
            n="prc90/0075-a-1040"
            ecep:lem="embitter"
            ecep:pos="vvi"
            ecep:reg="embitter"
            ecep:spe="embitter"
            ecep:syllab="3"
            ecep:pron="ɪmˈbɪtə">embitter</w>
         <c> </c>
         <w xml:id="prc90-099800"
            n="prc90/0075-a-1050"
            ecep:lem="time"
            ecep:pos="n1"
            ecep:reg="time"
            ecep:spe="time"
            ecep:syllab="1"
            ecep:pron="taɪm">time</w>
         <pc xml:id="prc90-099810"
             n="prc90/0075-a-1060"
             ecep:lem=","
             ecep:pos=","
             ecep:reg=","
             ecep:spe=",">,</pc>
      </l>
      <l xml:id="prc90-l03735">
         <c> </c>
         <w xml:id="prc90-099820"
            n="prc90/0075-a-1070"
            ecep:lem="and"
            ecep:pos="cc"
            ecep:reg="And"
            ecep:spe="And"
            ecep:syllab="1"
            ecep:pron="ænd">And</w>
         <c> </c>
         <w xml:id="prc90-099830"
            n="prc90/0075-a-1080"
            ecep:lem="drive"
            ecep:pos="vvi"
            ecep:reg="drive"
            ecep:spe="drive"
            ecep:syllab="1"
            ecep:pron="draɪv">drive</w>
         <c> </c>
         <w xml:id="prc90-099840"
            n="prc90/0075-a-1090"
            ecep:lem="she"
            ecep:pos="pno31"
            ecep:reg="her"
            ecep:spe="her"
            ecep:syllab="1"
            ecep:pron="hɜː">her</w>
         <c> </c>
         <w xml:id="prc90-099850"
            n="prc90/0075-a-1100"
            ecep:lem="to"
            ecep:pos="pc-acp"
            ecep:reg="to"
            ecep:spe="to"
            ecep:syllab="1"
            ecep:pron="tuː">to</w>
         <c> </c>
         <w xml:id="prc90-099860"
            n="prc90/0075-a-1110"
            ecep:lem="despair"
            ecep:pos="vvi"
            ecep:reg="despair"
            ecep:spe="despair"
            ecep:syllab="2"
            ecep:pron="dɪˈspeə">despair</w>
         <pc xml:id="prc90-099870"
             n="prc90/0075-a-1120"
             unit="sentence"
             ecep:lem="."
             ecep:pos="."
             ecep:reg="."
             ecep:spe=".">.</pc>
         <c> </c>
      </l>
      <pb facs="prc90/0076" n="58" rend="none"/>
   </lg>
   <lg xml:id="prc90-s00805">
      <l xml:id="prc90-l03740">
         <w xml:id="prc90-099900"
            n="prc90/0076-a-0010"
            ecep:lem="there|be"
            ecep:pos="pc-acp|vbz"
            ecep:reg="There's"
            ecep:spe="There's"
            ecep:syllab="1"
            ecep:pron="ðeəz">There's</w>
         <c> </c>
         <w xml:id="prc90-099910"
            n="prc90/0076-a-0020"
            ecep:lem="angel"
            ecep:pos="n1"
            ecep:reg="angel"
            ecep:spe="angel"
            ecep:syllab="2"
            ecep:pron="ˈeɪndʒl">angel</w>
         <c> </c>
         <w xml:id="prc90-099920"
            n="prc90/0076-a-0030"
            ecep:lem="meekness"
            ecep:pos="n1"
            ecep:reg="meekness"
            ecep:spe="meekness"
            ecep:syllab="2"
            ecep:pron="miːknəs">meekness</w>
         <c> </c>
         <w xml:id="prc90-099930"
            n="prc90/0076-a-0040"
            ecep:lem="in"
            ecep:pos="p-acp"
            ecep:reg="in"
            ecep:spe="in"
            ecep:syllab="1"
            ecep:pron="ɪn">in</w>
         <c> </c>
         <w xml:id="prc90-099940"
            n="prc90/0076-a-0050"
            ecep:lem="her"
            ecep:pos="po31"
            ecep:reg="her"
            ecep:spe="her"
            ecep:syllab="1"
            ecep:pron="hɜː">her</w>
         <c> </c>
         <w xml:id="prc90-099950"
            n="prc90/0076-a-0060"
            ecep:lem="breast"
            ecep:pos="n1"
            ecep:reg="breast"
            ecep:spe="breast"
            ecep:syllab="1"
            ecep:pron="brest">breast</w>
         <pc xml:id="prc90-099960"
             n="prc90/0076-a-0070"
             ecep:lem=","
             ecep:pos=","
             ecep:reg=","
             ecep:spe=",">,</pc>
      </l>
      <l xml:id="prc90-l03745">
         <c> </c>
         <w xml:id="prc90-099970"
            n="prc90/0076-a-0080"
            ecep:lem="or"
            ecep:pos="cc"
            ecep:reg="Or"
            ecep:spe="Or"
            ecep:syllab="1"
            ecep:pron="ɔː">Or</w>
         <c> </c>
         <w xml:id="prc90-099980"
            n="prc90/0076-a-0090"
            ecep:lem="we"
            ecep:pos="pns12"
            ecep:reg="we"
            ecep:spe="we"
            ecep:syllab="1"
            ecep:pron="wiː">we</w>
         <c> </c>
         <w xml:id="prc90-099990"
            n="prc90/0076-a-0100"
            ecep:lem="can"
            ecep:pos="vmd"
            ecep:reg="could"
            ecep:spe="could"
            ecep:syllab="1"
            ecep:pron="kʊd">could</w>
         <c> </c>
         <w xml:id="prc90-100000"
            n="prc90/0076-a-0110"
            ecep:lem="never"
            ecep:pos="av-x"
            ecep:reg="never"
            ecep:spe="never"
            ecep:syllab="2"
            ecep:pron="ˈnevə">never</w>
         <c> </c>
         <w xml:id="prc90-100010"
            n="prc90/0076-a-0120"
            ecep:lem="find"
            ecep:pos="vvi"
            ecep:reg="find"
            ecep:spe="find"
            ecep:syllab="1"
            ecep:pron="faɪnd">find</w>
         <pc xml:id="prc90-100020"
             n="prc90/0076-a-0130"
             ecep:lem=","
             ecep:pos=","
             ecep:reg=","
             ecep:spe=",">,</pc>
      </l>
      <l xml:id="prc90-l03750">
         <c> </c>
         <w xml:id="prc90-100030"
            n="prc90/0076-a-0140"
            ecep:lem="in"
            ecep:pos="p-acp"
            ecep:reg="In"
            ecep:spe="In"
            ecep:syllab="1"
            ecep:pron="ɪn">In</w>
         <c> </c>
         <w xml:id="prc90-100040"
            n="prc90/0076-a-0150"
            ecep:lem="one"
            ecep:pos="crd"
            ecep:reg="one"
            ecep:spe="one"
            ecep:syllab="1"
            ecep:pron="wʌn">one</w>
         <c> </c>
         <w xml:id="prc90-100050"
            n="prc90/0076-a-0160"
            ecep:lem="fair"
            ecep:pos="j"
            ecep:reg="fair"
            ecep:spe="fair"
            ecep:syllab="1"
            ecep:pron="feə">fair</w>
         <c> </c>
         <w xml:id="prc90-100060"
            n="prc90/0076-a-0170"
            ecep:lem="female"
            ecep:pos="n-jn"
            ecep:reg="female"
            ecep:spe="female"
            ecep:syllab="2"
            ecep:pron="ˈfiːmeɪl">female</w>
         <pc xml:id="prc90-100070"
             n="prc90/0076-a-0180"
             ecep:lem=","
             ecep:pos=","
             ecep:reg=","
             ecep:spe=",">,</pc>
         <c> </c>
         <w xml:id="prc90-100080"
            n="prc90/0076-a-0190"
            ecep:lem="so"
            ecep:pos="av"
            ecep:reg="so"
            ecep:spe="so"
            ecep:syllab="1"
            ecep:pron="səʊ">so</w>
         <c> </c>
         <w xml:id="prc90-100090"
            n="prc90/0076-a-0200"
            ecep:lem="distress"
            ecep:pos="vvn"
            ecep:reg="distressed"
            ecep:spe="distrest"
            ecep:syllab="2"
            ecep:pron="dɪˈstrest">distrest</w>
         <pc xml:id="prc90-100100"
             n="prc90/0076-a-0210"
             ecep:lem=","
             ecep:pos=","
             ecep:reg=","
             ecep:spe=",">,</pc>
      </l>
      <l xml:id="prc90-l03755">
         <c> </c>
         <w xml:id="prc90-100110"
            n="prc90/0076-a-0220"
            ecep:lem="such"
            ecep:pos="d"
            ecep:reg="Such"
            ecep:spe="Such"
            ecep:syllab="1"
            ecep:pron="sʌtʃ">Such</w>
         <c> </c>
         <w xml:id="prc90-100120"
            n="prc90/0076-a-0230"
            ecep:lem="happy"
            ecep:pos="j"
            ecep:reg="happy"
            ecep:spe="happy"
            ecep:syllab="2"
            ecep:pron="ˈhæpi">happy</w>
         <c> </c>
         <w xml:id="prc90-100130"
            n="prc90/0076-a-0240"
            ecep:lem="strength"
            ecep:pos="n1"
            ecep:reg="strength"
            ecep:spe="strength"
            ecep:syllab="1"
            ecep:pron="streŋθ">strength</w>
         <c> </c>
         <w xml:id="prc90-100140"
            n="prc90/0076-a-0250"
            ecep:lem="of"
            ecep:pos="pp-f"
            ecep:reg="of"
            ecep:spe="of"
            ecep:syllab="1"
            ecep:pron="ɒv">of</w>
         <c> </c>
         <w xml:id="prc90-100150"
            n="prc90/0076-a-0260"
            ecep:lem="mind"
            ecep:pos="n1"
            ecep:reg="mind"
            ecep:spe="mind"
            ecep:syllab="1"
            ecep:pron="maɪnd">mind</w>
         <pc xml:id="prc90-100160"
             n="prc90/0076-a-0270"
             unit="sentence"
             ecep:lem="."
             ecep:pos="."
             ecep:reg="."
             ecep:spe=".">.</pc>
         <c> </c>
      </l>
   </lg>
</div>
