<?xml version="1.0" encoding="UTF-8"?>
<div xmlns:ecep="http://www.eighteenthcenturypoetry.org/ns"
     xmlns="http://www.tei-c.org/ns/1.0"
     xmlns:tei="http://www.tei-c.org/ns/1.0"
     ana="#trochee #tetrameter #pair #couplet #acatalexis #address"
     corresp="#txt_BerkGe1763_w0014"
     decls="#semi-normalized"
     ecep:syllab="8"
     met="+-|+-|+-|+-/"
     rendition="#lgvspace"
     rhyme="aa"
     subtype="eceptext"
     type="poem"
     xml:id="o5280-w0130">
   <link target="authors.xml#aut_BerkGe1763" type="author"/>
   <head type="main">
      <w xml:id="o5280-2150900"
         n="675-a-0010"
         ecep:lem="to"
         ecep:pos="p-acp"
         ecep:reg="TO"
         ecep:spe="TO"
         ecep:syllab="1"
         ecep:pron="tuː">TO</w>
      <c> </c>
      <w xml:id="o5280-2150910"
         n="675-a-0020"
         ecep:lem="Miranda"
         ecep:pos="np1"
         ecep:reg="MIRANDA"
         ecep:spe="MIRANDA"
         ecep:syllab="3"
         ecep:pron="mɪˈrændə">MIRANDA</w>
      <note n="*" place="bottom" xml:id="o5280-n01365">
         <w xml:id="o5280-2150940"
            n="675-a-0030"
            ecep:lem="this"
            ecep:pos="d"
            ecep:reg="This"
            ecep:spe="This"
            ecep:syllab="1"
            ecep:pron="ðɪs">This</w>
         <c> </c>
         <w xml:id="o5280-2150950"
            n="675-a-0040"
            ecep:lem="excellent"
            ecep:pos="j"
            ecep:reg="excellent"
            ecep:spe="excellent"
            ecep:syllab="3"
            ecep:pron="ˈekslnt">excellent</w>
         <c> </c>
         <w xml:id="o5280-2150960"
            n="675-a-0050"
            ecep:lem="lady"
            ecep:pos="n1"
            ecep:reg="Lady"
            ecep:spe="Lady"
            ecep:syllab="2"
            ecep:pron="ˈleɪdi">Lady</w>
         <c> </c>
         <w xml:id="o5280-2150970"
            n="675-a-0060"
            ecep:lem="be"
            ecep:pos="vbz"
            ecep:reg="is"
            ecep:spe="is"
            ecep:syllab="1"
            ecep:pron="ɪz">is</w>
         <c> </c>
         <w xml:id="o5280-2150980"
            n="675-a-0070"
            ecep:lem="late"
            ecep:pos="av-j"
            ecep:reg="lately"
            ecep:spe="lately"
            ecep:syllab="2"
            ecep:pron="leɪtli">lately</w>
         <c> </c>
         <w xml:id="o5280-2150990"
            n="675-a-0080"
            ecep:lem="become"
            ecep:pos="vvn"
            ecep:reg="become"
            ecep:spe="become"
            ecep:syllab="2"
            ecep:pron="bɪˈkʌm">become</w>
         <c> </c>
         <w xml:id="o5280-2151000"
            n="675-a-0090"
            ecep:lem="a"
            ecep:pos="dt"
            ecep:reg="a"
            ecep:spe="a"
            ecep:syllab="1"
            ecep:pron="ə">a</w>
         <c> </c>
         <w xml:id="o5280-2151010"
            n="675-a-0100"
            ecep:lem="widow"
            ecep:pos="n1"
            ecep:reg="widow"
            ecep:spe="widow"
            ecep:syllab="2"
            ecep:pron="ˈwɪdəʊ">widow</w>
         <pc xml:id="o5280-2151020"
             n="675-a-0110"
             ecep:lem=","
             ecep:pos=","
             ecep:reg=","
             ecep:spe=",">,</pc>
         <c> </c>
         <w xml:id="o5280-2151030"
            n="675-a-0120"
            ecep:lem="in"
            ecep:pos="p-acp"
            ecep:reg="in"
            ecep:spe="in"
            ecep:syllab="1"
            ecep:pron="ɪn">in</w>
         <c> </c>
         <w xml:id="o5280-2151040"
            n="675-a-0130"
            ecep:lem="the"
            ecep:pos="dt"
            ecep:reg="the"
            ecep:spe="the"
            ecep:syllab="1"
            ecep:pron="ðiː">the</w>
         <c> </c>
         <w xml:id="o5280-2151050"
            n="675-a-0140"
            ecep:lem="east"
            ecep:pos="n-jn"
            ecep:reg="East"
            ecep:spe="East"
            ecep:syllab="1"
            ecep:pron="iːst">East</w>
         <c> </c>
         <w xml:id="o5280-2151060"
            n="675-a-0150"
            ecep:lem="Indies"
            ecep:pos="np2"
            ecep:reg="Indies"
            ecep:spe="Indies"
            ecep:syllab="2"
            ecep:pron="ˈɪndiz">Indies</w>
         <pc xml:id="o5280-2151070"
             n="675-a-0160"
             ecep:lem=","
             ecep:pos=","
             ecep:reg=","
             ecep:spe=",">,</pc>
         <c> </c>
         <w xml:id="o5280-2151080"
            n="675-a-0170"
            ecep:lem="by"
            ecep:pos="p-acp"
            ecep:reg="by"
            ecep:spe="by"
            ecep:syllab="1"
            ecep:pron="baɪ">by</w>
         <c> </c>
         <w xml:id="o5280-2151090"
            n="675-a-0180"
            ecep:lem="the"
            ecep:pos="dt"
            ecep:reg="the"
            ecep:spe="the"
            ecep:syllab="1"
            ecep:pron="ðiː">the</w>
         <c> </c>
         <w xml:id="o5280-2151100"
            n="675-a-0190"
            ecep:lem="death"
            ecep:pos="n1"
            ecep:reg="death"
            ecep:spe="death"
            ecep:syllab="1"
            ecep:pron="deθ">death</w>
         <c> </c>
         <w xml:id="o5280-2151110"
            n="675-a-0200"
            ecep:lem="of"
            ecep:pos="pp-f"
            ecep:reg="of"
            ecep:spe="of"
            ecep:syllab="1"
            ecep:pron="ɒv">of</w>
         <c> </c>
         <w xml:id="o5280-2151120"
            n="675-a-0210"
            ecep:lem="colonel"
            ecep:pos="n1"
            ecep:reg="Colonel"
            ecep:spe="Colonel"
            ecep:syllab="2"
            ecep:pron="ˈkɜːnl">Colonel</w>
         <c> </c>
         <pc xml:id="o5280-2151130"
             n="675-a-0220"
             ecep:lem="—"
             ecep:pos="—"
             ecep:reg="—"
             ecep:spe="—">—</pc>
         <pc xml:id="o5280-2151140"
             n="675-a-0230"
             unit="sentence"
             ecep:lem="."
             ecep:pos="."
             ecep:reg="."
             ecep:spe=".">.</pc>
      </note>
      <pc xml:id="o5280-2150920"
          n="675-a-0240"
          unit="sentence"
          ecep:lem="."
          ecep:pos="."
          ecep:reg="."
          ecep:spe=".">.</pc>
   </head>
   <lg xml:id="o5280-s00125">
      <l xml:id="o5280-l02355">
         <w xml:id="o5280-2151170"
            n="675-a-0250"
            ecep:lem="love"
            ecep:pos="ng1"
            ecep:reg="LOVE's"
            ecep:spe="LOVE's"
            ecep:syllab="1"
            ecep:pron="ˈlʌvz">LOVE's</w>
         <c> </c>
         <w xml:id="o5280-2151180"
            n="675-a-0260"
            ecep:lem="gay"
            ecep:pos="j"
            ecep:reg="gay"
            ecep:spe="gay"
            ecep:syllab="1"
            ecep:pron="geɪ">gay</w>
         <c> </c>
         <w xml:id="o5280-2151190"
            n="675-a-0270"
            ecep:lem="queen"
            ecep:pos="n1"
            ecep:reg="Queen"
            ecep:spe="Queen"
            ecep:syllab="1"
            ecep:pron="kwiːn">Queen</w>
         <pc xml:id="o5280-2151200"
             n="675-a-0280"
             ecep:lem=","
             ecep:pos=","
             ecep:reg=","
             ecep:spe=",">,</pc>
         <c> </c>
         <w xml:id="o5280-2151210"
            n="675-a-0290"
            ecep:lem="who"
            ecep:pos="r-crq"
            ecep:reg="who"
            ecep:spe="who"
            ecep:syllab="1"
            ecep:pron="huː">who</w>
         <c> </c>
         <w xml:id="o5280-2151220"
            n="675-a-0300"
            ecep:lem="reign"
            ecep:pos="vvz"
            ecep:reg="reigns"
            ecep:spe="reigns"
            ecep:syllab="1"
            ecep:pron="reɪnz">reigns</w>
         <c> </c>
         <w xml:id="o5280-2151230"
            n="675-a-0310"
            ecep:lem="on"
            ecep:pos="p-acp"
            ecep:reg="on"
            ecep:spe="on"
            ecep:syllab="1"
            ecep:pron="ɒn">on</w>
         <c> </c>
         <w xml:id="o5280-2151240"
            n="675-a-0320"
            ecep:lem="earth"
            ecep:pos="n1"
            ecep:reg="earth"
            ecep:spe="earth"
            ecep:syllab="1"
            ecep:pron="ɜːθ">earth</w>
         <pc xml:id="o5280-2151250"
             n="675-a-0330"
             ecep:lem=","
             ecep:pos=","
             ecep:reg=","
             ecep:spe=",">,</pc>
      </l>
      <l xml:id="o5280-l02360">
         <c> </c>
         <w xml:id="o5280-2151260"
            n="675-a-0340"
            ecep:lem="smile"
            ecep:pos="vvd"
            ecep:reg="Smiled"
            ecep:spe="Smil'd"
            ecep:syllab="1"
            ecep:pron="smaɪld">Smil'd</w>
         <pc xml:id="o5280-2151270"
             n="675-a-0350"
             ecep:lem=","
             ecep:pos=","
             ecep:reg=","
             ecep:spe=",">,</pc>
         <c> </c>
         <w xml:id="o5280-2151280"
            n="675-a-0360"
            ecep:lem="Miranda"
            ecep:pos="np1"
            ecep:reg="Miranda"
            ecep:spe="Miranda"
            ecep:syllab="3"
            ecep:pron="mɪˈrændə">Miranda</w>
         <pc xml:id="o5280-2151290"
             n="675-a-0370"
             ecep:lem=","
             ecep:pos=","
             ecep:reg=","
             ecep:spe=",">,</pc>
         <c> </c>
         <w xml:id="o5280-2151300"
            n="675-a-0380"
            ecep:lem="at"
            ecep:pos="p-acp"
            ecep:reg="at"
            ecep:spe="at"
            ecep:syllab="1"
            ecep:pron="æt">at</w>
         <c> </c>
         <w xml:id="o5280-2151310"
            n="675-a-0390"
            ecep:lem="thy"
            ecep:pos="po21"
            ecep:reg="thy"
            ecep:spe="thy"
            ecep:syllab="1"
            ecep:pron="ðaɪ">thy</w>
         <c> </c>
         <w xml:id="o5280-2151320"
            n="675-a-0400"
            ecep:lem="birth"
            ecep:pos="n1"
            ecep:reg="birth"
            ecep:spe="birth"
            ecep:syllab="1"
            ecep:pron="bɜːθ">birth</w>
         <pc xml:id="o5280-2151330"
             n="675-a-0410"
             ecep:lem=";"
             ecep:pos=";"
             ecep:reg=";"
             ecep:spe=";">;</pc>
      </l>
      <l xml:id="o5280-l02365">
         <c> </c>
         <w xml:id="o5280-2151340"
            n="675-a-0420"
            ecep:lem="please"
            ecep:pos="vvn"
            ecep:reg="Pleased"
            ecep:spe="Pleas'd"
            ecep:syllab="1"
            ecep:pron="pliːzd">Pleas'd</w>
         <pc xml:id="o5280-2151350"
             n="675-a-0430"
             ecep:lem=","
             ecep:pos=","
             ecep:reg=","
             ecep:spe=",">,</pc>
         <c> </c>
         <w xml:id="o5280-2151360"
            n="675-a-0440"
            ecep:lem="she"
            ecep:pos="pns31"
            ecep:reg="she"
            ecep:spe="she"
            ecep:syllab="1"
            ecep:pron="ʃiː">she</w>
         <c> </c>
         <w xml:id="o5280-2151370"
            n="675-a-0450"
            ecep:lem="bid"
            ecep:pos="vvd"
            ecep:reg="bid"
            ecep:spe="bid"
            ecep:syllab="1"
            ecep:pron="bɪd">bid</w>
         <c> </c>
         <w xml:id="o5280-2151380"
            n="675-a-0460"
            ecep:lem="thy"
            ecep:pos="po21"
            ecep:reg="thy"
            ecep:spe="thy"
            ecep:syllab="1"
            ecep:pron="ðaɪ">thy</w>
         <c> </c>
         <w xml:id="o5280-2151390"
            n="675-a-0470"
            ecep:lem="angel"
            ecep:pos="n1"
            ecep:reg="angel"
            ecep:spe="angel"
            ecep:syllab="2"
            ecep:pron="ˈeɪndʒl">angel</w>
         <c> </c>
         <w xml:id="o5280-2151400"
            n="675-a-0480"
            ecep:lem="face"
            ecep:pos="n1"
            ecep:reg="face"
            ecep:spe="face"
            ecep:syllab="1"
            ecep:pron="feɪs">face</w>
      </l>
      <l xml:id="o5280-l02370">
         <c> </c>
         <w xml:id="o5280-2151410"
            n="675-a-0490"
            ecep:lem="beam"
            ecep:pos="n1"
            ecep:reg="Beam"
            ecep:spe="Beam"
            ecep:syllab="1"
            ecep:pron="biːm">Beam</w>
         <c> </c>
         <w xml:id="o5280-2151420"
            n="675-a-0500"
            ecep:lem="with"
            ecep:pos="p-acp"
            ecep:reg="with"
            ecep:spe="with"
            ecep:syllab="1"
            ecep:pron="wɪð">with</w>
         <c> </c>
         <w xml:id="o5280-2151430"
            n="675-a-0510"
            ecep:lem="each"
            ecep:pos="d"
            ecep:reg="each"
            ecep:spe="each"
            ecep:syllab="1"
            ecep:pron="iːtʃ">each</w>
         <c> </c>
         <w xml:id="o5280-2151440"
            n="675-a-0520"
            ecep:lem="bewitch"
            ecep:pos="j-vvg"
            ecep:reg="bewitching"
            ecep:spe="bewitching"
            ecep:syllab="3"
            ecep:pron="bɪˈwɪtʃɪŋ">bewitching</w>
         <c> </c>
         <w xml:id="o5280-2151450"
            n="675-a-0530"
            ecep:lem="grace"
            ecep:pos="n1"
            ecep:reg="grace"
            ecep:spe="grace"
            ecep:syllab="1"
            ecep:pron="greɪs">grace</w>
         <pc xml:id="o5280-2151460"
             n="675-a-0540"
             ecep:lem=";"
             ecep:pos=";"
             ecep:reg=";"
             ecep:spe=";">;</pc>
      </l>
      <l xml:id="o5280-l02375">
         <c> </c>
         <w xml:id="o5280-2151470"
            n="675-a-0550"
            ecep:lem="round"
            ecep:pos="av-j"
            ecep:reg="Round"
            ecep:spe="Round"
            ecep:syllab="1"
            ecep:pron="raʊnd">Round</w>
         <c> </c>
         <w xml:id="o5280-2151480"
            n="675-a-0560"
            ecep:lem="your"
            ecep:pos="po22"
            ecep:reg="your"
            ecep:spe="your"
            ecep:syllab="1"
            ecep:pron="jɔː">your</w>
         <c> </c>
         <w xml:id="o5280-2151490"
            n="675-a-0570"
            ecep:lem="waist"
            ecep:pos="n1"
            ecep:reg="waist"
            ecep:spe="waist"
            ecep:syllab="1"
            ecep:pron="weɪst">waist</w>
         <c> </c>
         <w xml:id="o5280-2151500"
            n="675-a-0580"
            ecep:lem="her"
            ecep:pos="po31"
            ecep:reg="her"
            ecep:spe="her"
            ecep:syllab="1"
            ecep:pron="hɜː">her</w>
         <c> </c>
         <w xml:id="o5280-2151510"
            n="675-a-0590"
            ecep:lem="zone"
            ecep:pos="n1"
            ecep:reg="zone"
            ecep:spe="zone"
            ecep:syllab="1"
            ecep:pron="zəʊn">zone</w>
         <c> </c>
         <w xml:id="o5280-2151520"
            n="675-a-0600"
            ecep:lem="she"
            ecep:pos="pns31"
            ecep:reg="she"
            ecep:spe="she"
            ecep:syllab="1"
            ecep:pron="ʃiː">she</w>
         <c> </c>
         <w xml:id="o5280-2151530"
            n="675-a-0610"
            ecep:lem="throw"
            ecep:pos="vvd"
            ecep:reg="threw"
            ecep:spe="threw"
            ecep:syllab="1"
            ecep:pron="θruː">threw</w>
         <pc xml:id="o5280-2151540"
             n="675-a-0620"
             ecep:lem=","
             ecep:pos=","
             ecep:reg=","
             ecep:spe=",">,</pc>
      </l>
      <l xml:id="o5280-l02380">
         <c> </c>
         <w xml:id="o5280-2151550"
            n="675-a-0630"
            ecep:lem="charm"
            ecep:pos="n2"
            ecep:reg="Charms"
            ecep:spe="Charms"
            ecep:syllab="1"
            ecep:pron="tʃɑːmz">Charms</w>
         <c> </c>
         <w xml:id="o5280-2151560"
            n="675-a-0640"
            ecep:lem="divine"
            ecep:pos="vvb"
            ecep:reg="divine"
            ecep:spe="divine"
            ecep:syllab="2"
            ecep:pron="dɪˈvaɪn">divine</w>
         <c> </c>
         <w xml:id="o5280-2151570"
            n="675-a-0650"
            ecep:lem="thus"
            ecep:pos="av"
            ecep:reg="thus"
            ecep:spe="thus"
            ecep:syllab="1"
            ecep:pron="ðʌs">thus</w>
         <c> </c>
         <w xml:id="o5280-2151580"
            n="675-a-0660"
            ecep:lem="give"
            ecep:pos="vvg"
            ecep:reg="giving"
            ecep:spe="giving"
            ecep:syllab="2"
            ecep:pron="gɪvɪŋ">giving</w>
         <c> </c>
         <w xml:id="o5280-2151590"
            n="675-a-0670"
            ecep:lem="you"
            ecep:pos="pn22"
            ecep:reg="you"
            ecep:spe="you"
            ecep:syllab="1"
            ecep:pron="juː">you</w>
         <pc xml:id="o5280-2151600"
             n="675-a-0680"
             ecep:lem=";"
             ecep:pos=";"
             ecep:reg=";"
             ecep:spe=";">;</pc>
      </l>
      <l xml:id="o5280-l02385">
         <c> </c>
         <w xml:id="o5280-2151610"
            n="675-a-0690"
            ecep:lem="Cupid"
            ecep:pos="np1"
            ecep:reg="Cupid"
            ecep:spe="Cupid"
            ecep:syllab="2"
            ecep:pron="ˈkjuːpɪd">Cupid</w>
         <c> </c>
         <w xml:id="o5280-2151620"
            n="675-a-0700"
            ecep:lem="kneel"
            ecep:pos="vvd"
            ecep:reg="knelt"
            ecep:spe="knelt"
            ecep:syllab="1"
            ecep:pron="nelt">knelt</w>
         <pc xml:id="o5280-2151630"
             n="675-a-0710"
             ecep:lem=","
             ecep:pos=","
             ecep:reg=","
             ecep:spe=",">,</pc>
         <c> </c>
         <w xml:id="o5280-2151640"
            n="675-a-0720"
            ecep:lem="and"
            ecep:pos="cc"
            ecep:reg="and"
            ecep:spe="and"
            ecep:syllab="1"
            ecep:pron="ænd">and</w>
         <pc xml:id="o5280-2151650"
             n="675-a-0730"
             ecep:lem=","
             ecep:pos=","
             ecep:reg=","
             ecep:spe=",">,</pc>
         <c> </c>
         <w xml:id="o5280-2151660"
            n="675-a-0740"
            ecep:lem="lout"
            ecep:pos="vvg"
            ecep:reg="louting"
            ecep:spe="lowting"
            ecep:syllab="2"
            ecep:pron="lˈəʊtɪŋ">lowting</w>
         <c> </c>
         <w xml:id="o5280-2151670"
            n="675-a-0750"
            ecep:lem="low"
            ecep:pos="j"
            ecep:reg="low"
            ecep:spe="low"
            ecep:syllab="1"
            ecep:pron="ləʊ">low</w>
         <pc xml:id="o5280-2151680"
             n="675-a-0760"
             ecep:lem=","
             ecep:pos=","
             ecep:reg=","
             ecep:spe=",">,</pc>
      </l>
      <l xml:id="o5280-l02390">
         <c> </c>
         <w xml:id="o5280-2151690"
            n="675-a-0770"
            ecep:lem="to"
            ecep:pos="p-acp"
            ecep:reg="To"
            ecep:spe="To"
            ecep:syllab="1"
            ecep:pron="tuː">To</w>
         <c> </c>
         <w xml:id="o5280-2151700"
            n="675-a-0780"
            ecep:lem="your"
            ecep:pos="po22"
            ecep:reg="your"
            ecep:spe="your"
            ecep:syllab="1"
            ecep:pron="jɔː">your</w>
         <c> </c>
         <w xml:id="o5280-2151710"
            n="675-a-0790"
            ecep:lem="sway"
            ecep:pos="n1"
            ecep:reg="sway"
            ecep:spe="sway"
            ecep:syllab="1"
            ecep:pron="sweɪ">sway</w>
         <c> </c>
         <w xml:id="o5280-2151720"
            n="675-a-0800"
            ecep:lem="resign"
            ecep:pos="vvd"
            ecep:reg="resigned"
            ecep:spe="resign'd"
            ecep:syllab="2"
            ecep:pron="rɪˈzaɪnd">resign'd</w>
         <c> </c>
         <w xml:id="o5280-2151730"
            n="675-a-0810"
            ecep:lem="his"
            ecep:pos="po31"
            ecep:reg="his"
            ecep:spe="his"
            ecep:syllab="1"
            ecep:pron="hɪz">his</w>
         <c> </c>
         <w xml:id="o5280-2151740"
            n="675-a-0820"
            ecep:lem="bow"
            ecep:pos="n1"
            ecep:reg="bow"
            ecep:spe="bow"
            ecep:syllab="1"
            ecep:pron="bəʊ">bow</w>
         <pc xml:id="o5280-2151750"
             n="675-a-0830"
             ecep:lem=";"
             ecep:pos=";"
             ecep:reg=";"
             ecep:spe=";">;</pc>
      </l>
      <l xml:id="o5280-l02395">
         <c> </c>
         <w xml:id="o5280-2151760"
            n="675-a-0840"
            ecep:lem="Jove"
            ecep:pos="np1"
            ecep:reg="Jove"
            ecep:spe="Jove"
            ecep:syllab="1"
            ecep:pron="ˈdʒəʊv">Jove</w>
         <pc xml:id="o5280-2151770"
             n="675-a-0850"
             ecep:lem=","
             ecep:pos=","
             ecep:reg=","
             ecep:spe=",">,</pc>
         <c> </c>
         <w xml:id="o5280-2151780"
            n="675-a-0860"
            ecep:lem="who"
            ecep:pos="r-crq"
            ecep:reg="who"
            ecep:spe="who"
            ecep:syllab="1"
            ecep:pron="huː">who</w>
         <c> </c>
         <w xml:id="o5280-2151790"
            n="675-a-0870"
            ecep:lem="see"
            ecep:pos="vvd"
            ecep:reg="saw"
            ecep:spe="saw"
            ecep:syllab="1"
            ecep:pron="sɔː">saw</w>
         <c> </c>
         <w xml:id="o5280-2151800"
            n="675-a-0880"
            ecep:lem="the"
            ecep:pos="dt"
            ecep:reg="the"
            ecep:spe="the"
            ecep:syllab="1"
            ecep:pron="ðiː">the</w>
         <c> </c>
         <w xml:id="o5280-2151810"
            n="675-a-0890"
            ecep:lem="temple"
            ecep:pos="n1"
            ecep:reg="temple"
            ecep:spe="temple"
            ecep:syllab="2"
            ecep:pron="ˈtempl">temple</w>
         <c> </c>
         <w xml:id="o5280-2151820"
            n="675-a-0900"
            ecep:lem="fair"
            ecep:pos="j"
            ecep:reg="fair"
            ecep:spe="fair"
            ecep:syllab="1"
            ecep:pron="feə">fair</w>
         <pc xml:id="o5280-2151830"
             n="675-a-0910"
             ecep:lem=","
             ecep:pos=","
             ecep:reg=","
             ecep:spe=",">,</pc>
      </l>
      <l xml:id="o5280-l02400">
         <c> </c>
         <w xml:id="o5280-2151840"
            n="675-a-0920"
            ecep:lem="throne"
            ecep:pos="vvn"
            ecep:reg="Throned"
            ecep:spe="Thron'd"
            ecep:syllab="1"
            ecep:pron="θrəʊnd">Thron'd</w>
         <c> </c>
         <w xml:id="o5280-2151850"
            n="675-a-0930"
            ecep:lem="each"
            ecep:pos="d"
            ecep:reg="each"
            ecep:spe="each"
            ecep:syllab="1"
            ecep:pron="iːtʃ">each</w>
         <c> </c>
         <w xml:id="o5280-2151860"
            n="675-a-0940"
            ecep:lem="human"
            ecep:pos="j"
            ecep:reg="human"
            ecep:spe="human"
            ecep:syllab="2"
            ecep:pron="ˈhjuːmən">human</w>
         <c> </c>
         <w xml:id="o5280-2151870"
            n="675-a-0950"
            ecep:lem="virtue"
            ecep:pos="n1"
            ecep:reg="virtue"
            ecep:spe="virtue"
            ecep:syllab="2"
            ecep:pron="ˈvɜːtʃuː">virtue</w>
         <c> </c>
         <w xml:id="o5280-2151880"
            n="675-a-0960"
            ecep:lem="there"
            ecep:pos="a-acp"
            ecep:reg="there"
            ecep:spe="there"
            ecep:syllab="1"
            ecep:pron="ðeə">there</w>
         <pc xml:id="o5280-2151890"
             n="675-a-0970"
             ecep:lem=";"
             ecep:pos=";"
             ecep:reg=";"
             ecep:spe=";">;</pc>
      </l>
      <l xml:id="o5280-l02405">
         <c> </c>
         <w xml:id="o5280-2151900"
            n="675-a-0980"
            ecep:lem="Pallas"
            ecep:pos="np1"
            ecep:reg="Pallas"
            ecep:spe="Pallas"
            ecep:syllab="2"
            ecep:pron="pˈæləz">Pallas</w>
         <c> </c>
         <w xml:id="o5280-2151910"
            n="675-a-0990"
            ecep:lem="then"
            ecep:pos="av"
            ecep:reg="then"
            ecep:spe="then"
            ecep:syllab="1"
            ecep:pron="ðen">then</w>
         <pc xml:id="o5280-2151920"
             n="675-a-1000"
             ecep:lem=","
             ecep:pos=","
             ecep:reg=","
             ecep:spe=",">,</pc>
         <c> </c>
         <w xml:id="o5280-2151930"
            n="675-a-1010"
            ecep:lem="the"
            ecep:pos="dt"
            ecep:reg="the"
            ecep:spe="the"
            ecep:syllab="1"
            ecep:pron="ðiː">the</w>
         <c> </c>
         <w xml:id="o5280-2151940"
            n="675-a-1020"
            ecep:lem="work"
            ecep:pos="n1"
            ecep:reg="work"
            ecep:spe="work"
            ecep:syllab="1"
            ecep:pron="wɜːk">work</w>
         <c> </c>
         <w xml:id="o5280-2151950"
            n="675-a-1030"
            ecep:lem="to"
            ecep:pos="pc-acp"
            ecep:reg="to"
            ecep:spe="to"
            ecep:syllab="1"
            ecep:pron="tuː">to</w>
         <c> </c>
         <w xml:id="o5280-2151960"
            n="675-a-1040"
            ecep:lem="crown"
            ecep:pos="vvi"
            ecep:reg="crown"
            ecep:spe="crown"
            ecep:syllab="1"
            ecep:pron="kraʊn">crown</w>
         <pc xml:id="o5280-2151970"
             n="675-a-1050"
             ecep:lem=","
             ecep:pos=","
             ecep:reg=","
             ecep:spe=",">,</pc>
      </l>
      <l xml:id="o5280-l02410">
         <c> </c>
         <w xml:id="o5280-2151980"
            n="675-a-1060"
            ecep:lem="make"
            ecep:pos="vvn"
            ecep:reg="Made"
            ecep:spe="Made"
            ecep:syllab="1"
            ecep:pron="meɪd">Made</w>
         <c> </c>
         <w xml:id="o5280-2151990"
            n="675-a-1070"
            ecep:lem="she"
            ecep:pos="pno31"
            ecep:reg="her"
            ecep:spe="her"
            ecep:syllab="1"
            ecep:pron="hɜː">her</w>
         <c> </c>
         <w xml:id="o5280-2152000"
            n="675-a-1080"
            ecep:lem="aegis"
            ecep:pos="fw-la"
            ecep:reg="Aegis"
            ecep:spe="Aegis"
            ecep:syllab="2"
            ecep:pron="ˈiːdʒɪs">Aegis</w>
         <c> </c>
         <w xml:id="o5280-2152010"
            n="675-a-1090"
            ecep:lem="all"
            ecep:pos="d"
            ecep:reg="all"
            ecep:spe="all"
            ecep:syllab="1"
            ecep:pron="ɔːl">all</w>
         <c> </c>
         <w xml:id="o5280-2152020"
            n="675-a-1100"
            ecep:lem="your"
            ecep:pos="po22"
            ecep:reg="your"
            ecep:spe="your"
            ecep:syllab="1"
            ecep:pron="jɔː">your</w>
         <c> </c>
         <w xml:id="o5280-2152030"
            n="675-a-1110"
            ecep:lem="own"
            ecep:pos="d"
            ecep:reg="own"
            ecep:spe="own"
            ecep:syllab="1"
            ecep:pron="əʊn">own</w>
         <pc xml:id="o5280-2152040"
             n="675-a-1120"
             unit="sentence"
             ecep:lem="."
             ecep:pos="."
             ecep:reg="."
             ecep:spe=".">.</pc>
         <c> </c>
      </l>
   </lg>
</div>
