<?xml version="1.0" encoding="utf-8"?>
<!DOCTYPE div
  SYSTEM "about:legacy-compat">
<div xmlns:ecep="http://www.eighteenthcenturypoetry.org/ns"
     xmlns="http://www.tei-c.org/ns/1.0"
     xmlns:tei="http://www.tei-c.org/ns/1.0"
     ana="#iamb #tetrameter #couplet #pair #address"
     corresp="#txt_LennCh1730_w0010"
     decls="#semi-normalized"
     ecep:syllab="8"
     met="-+|-+|-+|-+/"
     rendition="#lgvspace"
     rhyme="aa"
     subtype="eceptext"
     type="poem"
     xml:id="o5247-w0090">
   <link target="authors.xml#aut_LennCh1730" type="author"/>
   <head type="main">
      <w xml:id="o5247-036710"
         n="33-a-0010"
         ecep:lem="to"
         ecep:pos="p-acp"
         ecep:reg="To"
         ecep:spe="To"
         ecep:syllab="1"
         ecep:pron="tuː">To</w>
      <c> </c>
      <hi>
         <w xml:id="o5247-036720"
            n="33-a-0020"
            ecep:lem="Aurelia"
            ecep:pos="np1"
            ecep:reg="AURELIA"
            ecep:spe="AURELIA"
            ecep:syllab="4"
            ecep:pron="ɔːˈriːlɪə">AURELIA</w>
         <pc xml:id="o5247-036730"
             n="33-a-0030"
             ecep:lem=","
             ecep:pos=","
             ecep:reg=","
             ecep:spe=",">,</pc>
      </hi>
      <c> </c>
      <w xml:id="o5247-036740"
         n="33-a-0040"
         ecep:lem="on"
         ecep:pos="p-acp"
         ecep:reg="on"
         ecep:spe="on"
         ecep:syllab="1"
         ecep:pron="ɒn">on</w>
      <c> </c>
      <w xml:id="o5247-036750"
         n="33-a-0050"
         ecep:lem="her"
         ecep:pos="po31"
         ecep:reg="her"
         ecep:spe="her"
         ecep:syllab="1"
         ecep:pron="hɜː">her</w>
      <c> </c>
      <w xml:id="o5247-036760"
         n="33-a-0060"
         ecep:lem="attempt"
         ecep:pos="vvg"
         ecep:reg="attempting"
         ecep:spe="attempting"
         ecep:syllab="3"
         ecep:pron="əˈtemtɪŋ">at<lb rend="hidden" type="hyphenInWord"/>tempting</w>
      <c> </c>
      <w xml:id="o5247-036780"
         n="33-a-0080"
         ecep:lem="to"
         ecep:pos="pc-acp"
         ecep:reg="to"
         ecep:spe="to"
         ecep:syllab="1"
         ecep:pron="tuː">to</w>
      <c> </c>
      <w xml:id="o5247-036790"
         n="33-a-0090"
         ecep:lem="write"
         ecep:pos="vvi"
         ecep:reg="write"
         ecep:spe="write"
         ecep:syllab="1"
         ecep:pron="raɪt">write</w>
      <c> </c>
      <w xml:id="o5247-036800"
         n="33-a-0100"
         ecep:lem="verse"
         ecep:pos="n2"
         ecep:reg="Verses"
         ecep:spe="Verses"
         ecep:syllab="2"
         ecep:pron="vɜːsɪz">Verses</w>
      <pc xml:id="o5247-036810"
          n="33-a-0110"
          unit="sentence"
          ecep:lem="."
          ecep:pos="."
          ecep:reg="."
          ecep:spe=".">.</pc>
   </head>
   <lg xml:id="o5247-s00205">
      <l xml:id="o5247-l01820">
         <w xml:id="o5247-036840"
            n="33-a-0120"
            ecep:lem="long"
            ecep:pos="j"
            ecep:reg="LONG"
            ecep:spe="LONG"
            ecep:syllab="1"
            ecep:pron="lɒŋ">LONG</w>
         <c> </c>
         <w xml:id="o5247-036850"
            n="33-a-0130"
            ecep:lem="have"
            ecep:pos="vhd"
            ecep:reg="had"
            ecep:spe="had"
            ecep:syllab="1"
            ecep:pron="hæd">had</w>
         <c> </c>
         <hi>
            <w xml:id="o5247-036860"
               n="33-a-0140"
               ecep:lem="Aurelia"
               ecep:pos="np1"
               ecep:reg="Aurelia"
               ecep:spe="Aurelia"
               ecep:syllab="4"
               ecep:pron="ɔːˈriːlɪə">Aurelia</w>
         </hi>
         <c> </c>
         <w xml:id="o5247-036870"
            n="33-a-0150"
            ecep:lem="vain"
            ecep:pos="av-j"
            ecep:reg="vainly"
            ecep:spe="vainly"
            ecep:syllab="2"
            ecep:pron="veɪnli">vainly</w>
         <c> </c>
         <w xml:id="o5247-036880"
            n="33-a-0160"
            ecep:lem="strive"
            ecep:pos="vvd"
            ecep:reg="strove"
            ecep:spe="strove"
            ecep:syllab="1"
            ecep:pron="strəʊv">strove</w>
      </l>
      <l xml:id="o5247-l01825">
         <c> </c>
         <w xml:id="o5247-036890"
            n="33-a-0170"
            ecep:lem="to"
            ecep:pos="pc-acp"
            ecep:reg="To"
            ecep:spe="To"
            ecep:syllab="1"
            ecep:pron="tuː">To</w>
         <c> </c>
         <w xml:id="o5247-036900"
            n="33-a-0180"
            ecep:lem="write"
            ecep:pos="vvi"
            ecep:reg="write"
            ecep:spe="write"
            ecep:syllab="1"
            ecep:pron="raɪt">write</w>
         <c> </c>
         <w xml:id="o5247-036910"
            n="33-a-0190"
            ecep:lem="in"
            ecep:pos="p-acp"
            ecep:reg="in"
            ecep:spe="in"
            ecep:syllab="1"
            ecep:pron="ɪn">in</w>
         <c> </c>
         <w xml:id="o5247-036920"
            n="33-a-0200"
            ecep:lem="melt"
            ecep:pos="j-vvg"
            ecep:reg="melting"
            ecep:spe="melting"
            ecep:syllab="2"
            ecep:pron="meltɪŋ">melting</w>
         <c> </c>
         <w xml:id="o5247-036930"
            n="33-a-0210"
            ecep:lem="strain"
            ecep:pos="n2"
            ecep:reg="Strains"
            ecep:spe="Strains"
            ecep:syllab="1"
            ecep:pron="streɪnz">Strains</w>
         <c> </c>
         <w xml:id="o5247-036940"
            n="33-a-0220"
            ecep:lem="of"
            ecep:pos="pp-f"
            ecep:reg="of"
            ecep:spe="of"
            ecep:syllab="1"
            ecep:pron="ɒv">of</w>
         <c> </c>
         <w xml:id="o5247-036950"
            n="33-a-0230"
            ecep:lem="love"
            ecep:pos="n1"
            ecep:reg="Love"
            ecep:spe="Love"
            ecep:syllab="1"
            ecep:pron="lʌv">Love</w>
         <pc xml:id="o5247-036960"
             n="33-a-0240"
             ecep:lem=";"
             ecep:pos=";"
             ecep:reg=";"
             ecep:spe=";">;</pc>
      </l>
      <l xml:id="o5247-l01830">
         <c> </c>
         <w xml:id="o5247-036970"
            n="33-a-0250"
            ecep:lem="ambitious"
            ecep:pos="j"
            ecep:reg="Ambitious"
            ecep:spe="Ambitious"
            ecep:syllab="3"
            ecep:pron="æmˈbɪʃəs">Ambitious</w>
         <c> </c>
         <w xml:id="o5247-036980"
            n="33-a-0260"
            ecep:lem="of"
            ecep:pos="pp-f"
            ecep:reg="of"
            ecep:spe="of"
            ecep:syllab="1"
            ecep:pron="ɒv">of</w>
         <c> </c>
         <w xml:id="o5247-036990"
            n="33-a-0270"
            ecep:lem="a"
            ecep:pos="dt"
            ecep:reg="a"
            ecep:spe="a"
            ecep:syllab="1"
            ecep:pron="ə">a</w>
         <c> </c>
         <w xml:id="o5247-037000"
            n="33-a-0280"
            ecep:lem="poet"
            ecep:pos="ng1"
            ecep:reg="Poet's"
            ecep:spe="Poet's"
            ecep:syllab="2"
            ecep:pron="ˈpəʊɪts">Poet's</w>
         <c> </c>
         <w xml:id="o5247-037010"
            n="33-a-0290"
            ecep:lem="name"
            ecep:pos="n1"
            ecep:reg="Name"
            ecep:spe="Name"
            ecep:syllab="1"
            ecep:pron="neɪm">Name</w>
         <pc xml:id="o5247-037020"
             n="33-a-0300"
             ecep:lem=","
             ecep:pos=","
             ecep:reg=","
             ecep:spe=",">,</pc>
      </l>
      <l xml:id="o5247-l01835">
         <c> </c>
         <w xml:id="o5247-037030"
            n="33-a-0310"
            ecep:lem="she"
            ecep:pos="pns31"
            ecep:reg="She"
            ecep:spe="She"
            ecep:syllab="1"
            ecep:pron="ʃiː">She</w>
         <c> </c>
         <w xml:id="o5247-037040"
            n="33-a-0320"
            ecep:lem="weep"
            ecep:pos="vvd"
            ecep:reg="wept"
            ecep:spe="wept"
            ecep:syllab="1"
            ecep:pron="wept">wept</w>
         <pc xml:id="o5247-037050"
             n="33-a-0330"
             ecep:lem=","
             ecep:pos=","
             ecep:reg=","
             ecep:spe=",">,</pc>
         <c> </c>
         <w xml:id="o5247-037060"
            n="33-a-0340"
            ecep:lem="she"
            ecep:pos="pns31"
            ecep:reg="she"
            ecep:spe="she"
            ecep:syllab="1"
            ecep:pron="ʃiː">she</w>
         <c> </c>
         <w xml:id="o5247-037070"
            n="33-a-0350"
            ecep:lem="sigh"
            ecep:pos="vvd"
            ecep:reg="sighed"
            ecep:spe="sigh'd"
            ecep:syllab="1"
            ecep:pron="saɪd">sigh'd</w>
         <pc xml:id="o5247-037080"
             n="33-a-0360"
             ecep:lem=","
             ecep:pos=","
             ecep:reg=","
             ecep:spe=",">,</pc>
         <c> </c>
         <w xml:id="o5247-037090"
            n="33-a-0370"
            ecep:lem="she"
            ecep:pos="pns31"
            ecep:reg="she"
            ecep:spe="she"
            ecep:syllab="1"
            ecep:pron="ʃiː">she</w>
         <c> </c>
         <w xml:id="o5247-037100"
            n="33-a-0380"
            ecep:lem="long"
            ecep:pos="vvd"
            ecep:reg="longed"
            ecep:spe="long'd"
            ecep:syllab="1"
            ecep:pron="lɒŋd">long'd</w>
         <c> </c>
         <w xml:id="o5247-037110"
            n="33-a-0390"
            ecep:lem="for"
            ecep:pos="p-acp"
            ecep:reg="for"
            ecep:spe="for"
            ecep:syllab="1"
            ecep:pron="fɔː">for</w>
         <c> </c>
         <w xml:id="o5247-037120"
            n="33-a-0400"
            ecep:lem="fame"
            ecep:pos="n1"
            ecep:reg="Fame"
            ecep:spe="Fame"
            ecep:syllab="1"
            ecep:pron="feɪm">Fame</w>
         <pc xml:id="o5247-037130"
             n="33-a-0410"
             ecep:lem=";"
             ecep:pos=";"
             ecep:reg=";"
             ecep:spe=";">;</pc>
      </l>
      <l xml:id="o5247-l01840">
         <c> </c>
         <w xml:id="o5247-037140"
            n="33-a-0420"
            ecep:lem="while"
            ecep:pos="cs"
            ecep:reg="While"
            ecep:spe="While"
            ecep:syllab="1"
            ecep:pron="ˈwaɪl">While</w>
         <c> </c>
         <w xml:id="o5247-037150"
            n="33-a-0430"
            ecep:lem="of"
            ecep:pos="pp-f"
            ecep:reg="of"
            ecep:spe="of"
            ecep:syllab="1"
            ecep:pron="ɒv">of</w>
         <c> </c>
         <w xml:id="o5247-037160"
            n="33-a-0440"
            ecep:lem="the"
            ecep:pos="dt"
            ecep:reg="the"
            ecep:spe="the"
            ecep:syllab="1"
            ecep:pron="ðiː">the</w>
         <c> </c>
         <w xml:id="o5247-037170"
            n="33-a-0450"
            ecep:lem="great"
            ecep:pos="j"
            ecep:reg="great"
            ecep:spe="great"
            ecep:syllab="1"
            ecep:pron="greɪt">great</w>
         <c> </c>
         <w xml:id="o5247-037180"
            n="33-a-0460"
            ecep:lem="design"
            ecep:pos="n1"
            ecep:reg="Design"
            ecep:spe="Design"
            ecep:syllab="2"
            ecep:pron="dɪˈzaɪn">Design</w>
         <c> </c>
         <w xml:id="o5247-037190"
            n="33-a-0470"
            ecep:lem="possess"
            ecep:pos="vvd"
            ecep:reg="possessed"
            ecep:spe="possest"
            ecep:syllab="2"
            ecep:pron="pəˈzest">possest</w>
      </l>
      <l xml:id="o5247-l01845">
         <c> </c>
         <w xml:id="o5247-037200"
            n="33-a-0480"
            ecep:lem="she"
            ecep:pos="pns31"
            ecep:reg="She"
            ecep:spe="She"
            ecep:syllab="1"
            ecep:pron="ʃiː">She</w>
         <c> </c>
         <w xml:id="o5247-037210"
            n="33-a-0490"
            ecep:lem="thus"
            ecep:pos="av"
            ecep:reg="thus"
            ecep:spe="thus"
            ecep:syllab="1"
            ecep:pron="ðʌs">thus</w>
         <c> </c>
         <w xml:id="o5247-037220"
            n="33-a-0500"
            ecep:lem="the"
            ecep:pos="dt"
            ecep:reg="the"
            ecep:spe="the"
            ecep:syllab="1"
            ecep:pron="ðiː">the</w>
         <c> </c>
         <hi>
            <w xml:id="o5247-037230"
               n="33-a-0510"
               ecep:lem="delian"
               ecep:pos="jp"
               ecep:reg="Delian"
               ecep:spe="Delian"
               ecep:syllab="3"
               ecep:pron="diːljən">Delian</w>
         </hi>
         <c> </c>
         <w xml:id="o5247-037240"
            n="33-a-0520"
            ecep:lem="god"
            ecep:pos="n1"
            ecep:reg="God"
            ecep:spe="God"
            ecep:syllab="1"
            ecep:pron="gɒd">God</w>
         <c> </c>
         <w xml:id="o5247-037250"
            n="33-a-0530"
            ecep:lem="address"
            ecep:pos="vvd"
            ecep:reg="addressed"
            ecep:spe="addrest"
            ecep:syllab="2"
            ecep:pron="əˈdrest">addrest</w>
         <pc xml:id="o5247-037260"
             n="33-a-0540"
             ecep:lem=":"
             ecep:pos=":"
             ecep:reg=":"
             ecep:spe=":">:</pc>
      </l>
      <l xml:id="o5247-l01850">
         <c> </c>
         <w xml:id="o5247-037270"
            n="33-a-0550"
            ecep:lem="bright"
            ecep:pos="js"
            ecep:reg="Brightest"
            ecep:spe="Brightest"
            ecep:syllab="2"
            ecep:pron="braɪtɪst">Brightest</w>
         <c> </c>
         <w xml:id="o5247-037280"
            n="33-a-0560"
            ecep:lem="of"
            ecep:pos="pp-f"
            ecep:reg="of"
            ecep:spe="of"
            ecep:syllab="1"
            ecep:pron="ɒv">of</w>
         <c> </c>
         <w xml:id="o5247-037290"
            n="33-a-0570"
            ecep:lem="heavenly"
            ecep:pos="j"
            ecep:reg="heavenly"
            ecep:spe="heavenly"
            ecep:syllab="2"
            ecep:pron="ˈhevnli">heavenly</w>
         <c> </c>
         <w xml:id="o5247-037300"
            n="33-a-0580"
            ecep:lem="power"
            ecep:pos="n2"
            ecep:reg="Powers"
            ecep:spe="Powers"
            ecep:syllab="1"
            ecep:pron="ˈpaʊəz">Powers</w>
         <c> </c>
         <w xml:id="o5247-037310"
            n="33-a-0590"
            ecep:lem="above"
            ecep:pos="a-acp"
            ecep:reg="above"
            ecep:spe="above"
            ecep:syllab="2"
            ecep:pron="əˈbʌv">above</w>
         <pc xml:id="o5247-037320"
             n="33-a-0600"
             ecep:lem=","
             ecep:pos=","
             ecep:reg=","
             ecep:spe=",">,</pc>
      </l>
      <l xml:id="o5247-l01855">
         <c> </c>
         <w xml:id="o5247-037330"
            n="33-a-0610"
            ecep:lem="immortal"
            ecep:pos="j"
            ecep:reg="Immortal"
            ecep:spe="Immortal"
            ecep:syllab="3"
            ecep:pron="ɪˈmɔːtl">Immortal</w>
         <c> </c>
         <w xml:id="o5247-037340"
            n="33-a-0620"
            ecep:lem="son"
            ecep:pos="n1"
            ecep:reg="Son"
            ecep:spe="Son"
            ecep:syllab="1"
            ecep:pron="sʌn">Son</w>
         <c> </c>
         <w xml:id="o5247-037350"
            n="33-a-0630"
            ecep:lem="of"
            ecep:pos="pp-f"
            ecep:reg="of"
            ecep:spe="of"
            ecep:syllab="1"
            ecep:pron="ɒv">of</w>
         <c> </c>
         <w xml:id="o5247-037360"
            n="33-a-0640"
            ecep:lem="thunder"
            ecep:pos="j-vvg"
            ecep:reg="thundering"
            ecep:spe="thund'ring"
            ecep:syllab="2"
            ecep:pron="ˈθʌndrɪŋ">thund'ring</w>
         <c> </c>
         <hi>
            <w xml:id="o5247-037370"
               n="33-a-0650"
               ecep:lem="Jove"
               ecep:pos="np1"
               ecep:reg="Jove"
               ecep:spe="Jove"
               ecep:syllab="1"
               ecep:pron="ˈdʒəʊv">Jove</w>
         </hi>
         <pc xml:id="o5247-037380"
             n="33-a-0660"
             ecep:lem=";"
             ecep:pos=";"
             ecep:reg=";"
             ecep:spe=";">;</pc>
      </l>
      <l xml:id="o5247-l01860">
         <c> </c>
         <w xml:id="o5247-037390"
            n="33-a-0670"
            ecep:lem="oh"
            ecep:pos="uh"
            ecep:reg="O"
            ecep:spe="Oh"
            ecep:syllab="1"
            ecep:pron="əʊ">Oh</w>
         <c> </c>
         <w xml:id="o5247-037400"
            n="33-a-0680"
            ecep:lem="glorious"
            ecep:pos="j"
            ecep:reg="glorious"
            ecep:spe="glorious"
            ecep:syllab="2"
            ecep:pron="ˈglɔːriəs">glorious</w>
         <c> </c>
         <w xml:id="o5247-037410"
            n="33-a-0690"
            ecep:lem="deity"
            ecep:pos="n1"
            ecep:reg="Deity"
            ecep:spe="Deity"
            ecep:syllab="3"
            ecep:pron="ˈdeɪɪti">Deity</w>
         <c> </c>
         <w xml:id="o5247-037420"
            n="33-a-0700"
            ecep:lem="impart"
            ecep:pos="vvi"
            ecep:reg="impart"
            ecep:spe="impart"
            ecep:syllab="2"
            ecep:pron="ɪmˈpɑːt">impart</w>
      </l>
      <l xml:id="o5247-l01865">
         <c> </c>
         <w xml:id="o5247-037430"
            n="33-a-0710"
            ecep:lem="to"
            ecep:pos="p-acp"
            ecep:reg="To"
            ecep:spe="To"
            ecep:syllab="1"
            ecep:pron="tuː">To</w>
         <c> </c>
         <w xml:id="o5247-037440"
            n="33-a-0720"
            ecep:lem="i"
            ecep:pos="pno11"
            ecep:reg="me"
            ecep:spe="me"
            ecep:syllab="1"
            ecep:pron="miː">me</w>
         <c> </c>
         <w xml:id="o5247-037450"
            n="33-a-0730"
            ecep:lem="the"
            ecep:pos="dt"
            ecep:reg="the"
            ecep:spe="the"
            ecep:syllab="1"
            ecep:pron="ðiː">the</w>
         <c> </c>
         <w xml:id="o5247-037460"
            n="33-a-0740"
            ecep:lem="soft"
            ecep:pos="j"
            ecep:reg="soft"
            ecep:spe="soft"
            ecep:syllab="1"
            ecep:pron="sɒft">soft</w>
         <c> </c>
         <w xml:id="o5247-037470"
            n="33-a-0750"
            ecep:lem="poetic"
            ecep:pos="j"
            ecep:reg="poetic"
            ecep:spe="poetic"
            ecep:syllab="3"
            ecep:pron="pəʊˈetɪk">poetic</w>
         <c> </c>
         <w xml:id="o5247-037480"
            n="33-a-0760"
            ecep:lem="art"
            ecep:pos="n1"
            ecep:reg="Art"
            ecep:spe="Art"
            ecep:syllab="1"
            ecep:pron="ɑːt">Art</w>
         <pc xml:id="o5247-037490"
             n="33-a-0770"
             ecep:lem=";"
             ecep:pos=";"
             ecep:reg=";"
             ecep:spe=";">;</pc>
      </l>
      <l xml:id="o5247-l01870">
         <c> </c>
         <w xml:id="o5247-037500"
            n="33-a-0780"
            ecep:lem="vouchsafe"
            ecep:pos="vvb"
            ecep:reg="Vouchsafe"
            ecep:spe="Vouchsafe"
            ecep:syllab="2"
            ecep:pron="ˌvaʊtʃˈseɪf">Vouchsafe</w>
         <c> </c>
         <w xml:id="o5247-037510"
            n="33-a-0790"
            ecep:lem="to"
            ecep:pos="p-acp"
            ecep:reg="to"
            ecep:spe="to"
            ecep:syllab="1"
            ecep:pron="tuː">to</w>
         <c> </c>
         <w xml:id="o5247-037520"
            n="33-a-0800"
            ecep:lem="i"
            ecep:pos="pno11"
            ecep:reg="me"
            ecep:spe="me"
            ecep:syllab="1"
            ecep:pron="miː">me</w>
         <c> </c>
         <w xml:id="o5247-037530"
            n="33-a-0810"
            ecep:lem="thy"
            ecep:pos="po21"
            ecep:reg="thy"
            ecep:spe="thy"
            ecep:syllab="1"
            ecep:pron="ðaɪ">thy</w>
         <c> </c>
         <w xml:id="o5247-037540"
            n="33-a-0820"
            ecep:lem="sacred"
            ecep:pos="j"
            ecep:reg="sacred"
            ecep:spe="sacred"
            ecep:syllab="1"
            ecep:pron="ˈseɪkrɪd">sacred</w>
         <c> </c>
         <w xml:id="o5247-037550"
            n="33-a-0830"
            ecep:lem="fire"
            ecep:pos="n1"
            ecep:reg="Fire"
            ecep:spe="Fire"
            ecep:syllab="1"
            ecep:pron="fæə">Fire</w>
         <pc xml:id="o5247-037560"
             n="33-a-0840"
             ecep:lem=","
             ecep:pos=","
             ecep:reg=","
             ecep:spe=",">,</pc>
      </l>
      <l xml:id="o5247-l01875">
         <c> </c>
         <w xml:id="o5247-037570"
            n="33-a-0850"
            ecep:lem="and"
            ecep:pos="cc"
            ecep:reg="And"
            ecep:spe="And"
            ecep:syllab="1"
            ecep:pron="ænd">And</w>
         <c> </c>
         <w xml:id="o5247-037580"
            n="33-a-0860"
            ecep:lem="with"
            ecep:pos="p-acp"
            ecep:reg="with"
            ecep:spe="with"
            ecep:syllab="1"
            ecep:pron="wɪð">with</w>
         <c> </c>
         <w xml:id="o5247-037590"
            n="33-a-0870"
            ecep:lem="thyself"
            ecep:pos="px21"
            ecep:reg="thyself"
            ecep:spe="thyself"
            ecep:syllab="2"
            ecep:pron="ðaɪˈself">thyself</w>
         <c> </c>
         <w xml:id="o5247-037600"
            n="33-a-0880"
            ecep:lem="my"
            ecep:pos="po11"
            ecep:reg="my"
            ecep:spe="my"
            ecep:syllab="1"
            ecep:pron="maɪ">my</w>
         <c> </c>
         <w xml:id="o5247-037610"
            n="33-a-0890"
            ecep:lem="soul"
            ecep:pos="n1"
            ecep:reg="Soul"
            ecep:spe="Soul"
            ecep:syllab="1"
            ecep:pron="səʊl">Soul</w>
         <c> </c>
         <w xml:id="o5247-037620"
            n="33-a-0900"
            ecep:lem="inspire"
            ecep:pos="vvi"
            ecep:reg="inspire"
            ecep:spe="inspire"
            ecep:syllab="2"
            ecep:pron="ɪnˈspæə">inspire</w>
         <pc xml:id="o5247-037630"
             n="33-a-0910"
             unit="sentence"
             ecep:lem="."
             ecep:pos="."
             ecep:reg="."
             ecep:spe=".">.</pc>
         <c> </c>
      </l>
      <pb facs="34" n="29" rend="none"/>
      <l xml:id="o5247-l01880">
         <w xml:id="o5247-037640"
            n="34-a-0010"
            ecep:lem="she"
            ecep:pos="pns31"
            ecep:reg="She"
            ecep:spe="She"
            ecep:syllab="1"
            ecep:pron="ʃiː">She</w>
         <c> </c>
         <w xml:id="o5247-037650"
            n="34-a-0020"
            ecep:lem="speak"
            ecep:pos="vvd"
            ecep:reg="spoke"
            ecep:spe="spake"
            ecep:syllab="1"
            ecep:pron="speɪk">spake</w>
         <c> </c>
         <pc xml:id="o5247-037660"
             n="34-a-0030"
             ecep:lem="—"
             ecep:pos="—"
             ecep:reg="—"
             ecep:spe="—">—</pc>
         <c> </c>
         <w xml:id="o5247-037670"
            n="34-a-0040"
            ecep:lem="the"
            ecep:pos="dt"
            ecep:reg="the"
            ecep:spe="the"
            ecep:syllab="1"
            ecep:pron="ðiː">the</w>
         <c> </c>
         <w xml:id="o5247-037680"
            n="34-a-0050"
            ecep:lem="god"
            ecep:pos="n1"
            ecep:reg="God"
            ecep:spe="God"
            ecep:syllab="1"
            ecep:pron="gɒd">God</w>
         <c> </c>
         <w xml:id="o5247-037690"
            n="34-a-0060"
            ecep:lem="indulgent"
            ecep:pos="j"
            ecep:reg="indulgent"
            ecep:spe="indulgent"
            ecep:syllab="3"
            ecep:pron="ɪnˈdʌldʒənt">indulgent</w>
         <c> </c>
         <w xml:id="o5247-037700"
            n="34-a-0070"
            ecep:lem="hear"
            ecep:pos="vvz"
            ecep:reg="hears"
            ecep:spe="hears"
            ecep:syllab="1"
            ecep:pron="hɪəz">hears</w>
      </l>
      <l xml:id="o5247-l01885">
         <c> </c>
         <w xml:id="o5247-037710"
            n="34-a-0080"
            ecep:lem="the"
            ecep:pos="dt"
            ecep:reg="The"
            ecep:spe="The"
            ecep:syllab="1"
            ecep:pron="ðiː">The</w>
         <c> </c>
         <w xml:id="o5247-037720"
            n="34-a-0090"
            ecep:lem="beauteous"
            ecep:pos="j"
            ecep:reg="beauteous"
            ecep:spe="beauteous"
            ecep:syllab="2"
            ecep:pron="ˈbjuːtiəs">beauteous</w>
         <c> </c>
         <w xml:id="o5247-037730"
            n="34-a-0100"
            ecep:lem="maid"
            ecep:pos="n1"
            ecep:reg="Maid"
            ecep:spe="Maid"
            ecep:syllab="1"
            ecep:pron="meɪd">Maid</w>
         <pc xml:id="o5247-037740"
             n="34-a-0110"
             ecep:lem=","
             ecep:pos=","
             ecep:reg=","
             ecep:spe=",">,</pc>
         <c> </c>
         <w xml:id="o5247-037750"
            n="34-a-0120"
            ecep:lem="and"
            ecep:pos="cc"
            ecep:reg="and"
            ecep:spe="and"
            ecep:syllab="1"
            ecep:pron="ænd">and</w>
         <c> </c>
         <w xml:id="o5247-037760"
            n="34-a-0130"
            ecep:lem="grant"
            ecep:pos="vvz"
            ecep:reg="grants"
            ecep:spe="grants"
            ecep:syllab="1"
            ecep:pron="grɑːnts">grants</w>
         <c> </c>
         <w xml:id="o5247-037770"
            n="34-a-0140"
            ecep:lem="her"
            ecep:pos="po31"
            ecep:reg="her"
            ecep:spe="her"
            ecep:syllab="1"
            ecep:pron="hɜː">her</w>
         <c> </c>
         <w xml:id="o5247-037780"
            n="34-a-0150"
            ecep:lem="prayer"
            ecep:pos="n2"
            ecep:reg="Prayers"
            ecep:spe="Prayers"
            ecep:syllab="2"
            ecep:pron="ˈpreɪəz">Prayers</w>
         <pc xml:id="o5247-037790"
             n="34-a-0160"
             unit="sentence"
             ecep:lem="."
             ecep:pos="."
             ecep:reg="."
             ecep:spe=".">.</pc>
         <c> </c>
      </l>
      <l xml:id="o5247-l01890">
         <w xml:id="o5247-037800"
            n="34-a-0170"
            ecep:lem="on"
            ecep:pos="p-acp"
            ecep:reg="On"
            ecep:spe="On"
            ecep:syllab="1"
            ecep:pron="ɒn">On</w>
         <c> </c>
         <hi>
            <w xml:id="o5247-037810"
               n="34-a-0180"
               ecep:lem="Clio"
               ecep:pos="np1"
               ecep:reg="Clio"
               ecep:spe="Clio"
               ecep:syllab="2"
               ecep:pron="ˈkliːəʊ">Clio</w>
         </hi>
         <c> </c>
         <w xml:id="o5247-037820"
            n="34-a-0190"
            ecep:lem="turn"
            ecep:pos="vvz"
            ecep:reg="turns"
            ecep:spe="turns"
            ecep:syllab="1"
            ecep:pron="tɜːnz">turns</w>
         <c> </c>
         <w xml:id="o5247-037830"
            n="34-a-0200"
            ecep:lem="his"
            ecep:pos="po31"
            ecep:reg="his"
            ecep:spe="his"
            ecep:syllab="1"
            ecep:pron="hɪz">his</w>
         <c> </c>
         <w xml:id="o5247-037840"
            n="34-a-0210"
            ecep:lem="radiant"
            ecep:pos="j"
            ecep:reg="radiant"
            ecep:spe="radiant"
            ecep:syllab="3"
            ecep:pron="ˈreɪdiənt">radiant</w>
         <c> </c>
         <w xml:id="o5247-037850"
            n="34-a-0220"
            ecep:lem="eye"
            ecep:pos="n2"
            ecep:reg="Eyes"
            ecep:spe="Eyes"
            ecep:syllab="1"
            ecep:pron="aɪz">Eyes</w>
         <pc xml:id="o5247-037860"
             n="34-a-0230"
             ecep:lem=","
             ecep:pos=","
             ecep:reg=","
             ecep:spe=",">,</pc>
      </l>
      <l xml:id="o5247-l01895">
         <c> </c>
         <w xml:id="o5247-037870"
            n="34-a-0240"
            ecep:lem="and"
            ecep:pos="cc"
            ecep:reg="And"
            ecep:spe="And"
            ecep:syllab="1"
            ecep:pron="ænd">And</w>
         <c> </c>
         <w xml:id="o5247-037880"
            n="34-a-0250"
            ecep:lem="to"
            ecep:pos="p-acp"
            ecep:reg="to"
            ecep:spe="to"
            ecep:syllab="1"
            ecep:pron="tuː">to</w>
         <c> </c>
         <w xml:id="o5247-037890"
            n="34-a-0260"
            ecep:lem="the"
            ecep:pos="dt"
            ecep:reg="the"
            ecep:spe="the"
            ecep:syllab="1"
            ecep:pron="ðiː">the</w>
         <c> </c>
         <w xml:id="o5247-037900"
            n="34-a-0270"
            ecep:lem="tuneful"
            ecep:pos="j"
            ecep:reg="tuneful"
            ecep:spe="tuneful"
            ecep:syllab="2"
            ecep:pron="ˈtʃuːnfl">tuneful</w>
         <c> </c>
         <w xml:id="o5247-037910"
            n="34-a-0280"
            ecep:lem="goddess"
            ecep:pos="n1"
            ecep:reg="Goddess"
            ecep:spe="Goddess"
            ecep:syllab="2"
            ecep:pron="ˈgɒdes">Goddess</w>
         <c> </c>
         <w xml:id="o5247-037920"
            n="34-a-0290"
            ecep:lem="cry"
            ecep:pos="vvz"
            ecep:reg="cries"
            ecep:spe="cries"
            ecep:syllab="1"
            ecep:pron="kraɪz">cries</w>
         <pc xml:id="o5247-037930"
             n="34-a-0300"
             ecep:lem=","
             ecep:pos=","
             ecep:reg=","
             ecep:spe=",">,</pc>
      </l>
      <l xml:id="o5247-l01900">
         <c> </c>
         <w xml:id="o5247-037940"
            n="34-a-0310"
            ecep:lem="fly"
            ecep:pos="vvb"
            ecep:reg="Fly"
            ecep:spe="Fly"
            ecep:syllab="1"
            ecep:pron="flaɪ">Fly</w>
         <c> </c>
         <w xml:id="o5247-037950"
            n="34-a-0320"
            ecep:lem="hence"
            ecep:pos="av"
            ecep:reg="hence"
            ecep:spe="hence"
            ecep:syllab="1"
            ecep:pron="hens">hence</w>
         <c> </c>
         <w xml:id="o5247-037960"
            n="34-a-0330"
            ecep:lem="to"
            ecep:pos="p-acp"
            ecep:reg="to"
            ecep:spe="to"
            ecep:syllab="1"
            ecep:pron="tuː">to</w>
         <c> </c>
         <w xml:id="o5247-037970"
            n="34-a-0340"
            ecep:lem="fair"
            ecep:pos="j"
            ecep:reg="fair"
            ecep:spe="fair"
            ecep:syllab="1"
            ecep:pron="feə">fair</w>
         <c> </c>
         <hi>
            <w xml:id="o5247-037980.1"
               n="34-a-0350"
               rend="plain_apostrophe"
               ecep:lem="aurelia"
               ecep:pos="npg1"
               ecep:reg="Aurelia's"
               ecep:spe="Aurelia's"
               ecep:syllab="4"
               ecep:pron="ɔːˈriːlɪəz">Aurelia's</w>
         </hi>
         <c> </c>
         <w xml:id="o5247-037990"
            n="34-a-0360"
            ecep:lem="aid"
            ecep:pos="n1"
            ecep:reg="Aid"
            ecep:spe="Aid"
            ecep:syllab="1"
            ecep:pron="eɪd">Aid</w>
         <pc xml:id="o5247-038000"
             n="34-a-0370"
             ecep:lem=","
             ecep:pos=","
             ecep:reg=","
             ecep:spe=",">,</pc>
      </l>
      <l xml:id="o5247-l01905">
         <c> </c>
         <w xml:id="o5247-038010"
            n="34-a-0380"
            ecep:lem="in"
            ecep:pos="p-acp"
            ecep:reg="In"
            ecep:spe="In"
            ecep:syllab="1"
            ecep:pron="ɪn">In</w>
         <c> </c>
         <w xml:id="o5247-038020"
            n="34-a-0390"
            ecep:lem="heavenly"
            ecep:pos="j"
            ecep:reg="heavenly"
            ecep:spe="heavenly"
            ecep:syllab="2"
            ecep:pron="ˈhevnli">heavenly</w>
         <c> </c>
         <w xml:id="o5247-038030"
            n="34-a-0400"
            ecep:lem="strain"
            ecep:pos="n2"
            ecep:reg="Strains"
            ecep:spe="Strains"
            ecep:syllab="1"
            ecep:pron="streɪnz">Strains</w>
         <c> </c>
         <w xml:id="o5247-038040"
            n="34-a-0410"
            ecep:lem="instruct"
            ecep:pos="vvi"
            ecep:reg="instruct"
            ecep:spe="instruct"
            ecep:syllab="2"
            ecep:pron="ɪnˈstrʌkt">instruct</w>
         <c> </c>
         <w xml:id="o5247-038050"
            n="34-a-0420"
            ecep:lem="the"
            ecep:pos="dt"
            ecep:reg="the"
            ecep:spe="the"
            ecep:syllab="1"
            ecep:pron="ðiː">the</w>
         <c> </c>
         <w xml:id="o5247-038060"
            n="34-a-0430"
            ecep:lem="maid"
            ecep:pos="n1"
            ecep:reg="Maid"
            ecep:spe="Maid"
            ecep:syllab="1"
            ecep:pron="meɪd">Maid</w>
         <pc xml:id="o5247-038070"
             n="34-a-0440"
             ecep:lem=":"
             ecep:pos=":"
             ecep:reg=":"
             ecep:spe=":">:</pc>
      </l>
      <l ana="#triplet" rhyme="aaa" xml:id="o5247-l01910">
         <c> </c>
         <w xml:id="o5247-038080"
            n="34-a-0450"
            ecep:lem="the"
            ecep:pos="dt"
            ecep:reg="The"
            ecep:spe="The"
            ecep:syllab="1"
            ecep:pron="ðiː">The</w>
         <c> </c>
         <w xml:id="o5247-038090"
            n="34-a-0460"
            ecep:lem="muse"
            ecep:pos="n1"
            ecep:reg="Muse"
            ecep:spe="Muse"
            ecep:syllab="1"
            ecep:pron="mjuːz">Muse</w>
         <c> </c>
         <w xml:id="o5247-038100"
            n="34-a-0470"
            ecep:lem="obey"
            ecep:pos="vvz"
            ecep:reg="obeys"
            ecep:spe="obeys"
            ecep:syllab="2"
            ecep:pron="əˈbeɪz">obeys</w>
         <c> </c>
         <w xml:id="o5247-038110"
            n="34-a-0480"
            ecep:lem="the"
            ecep:pos="dt"
            ecep:reg="the"
            ecep:spe="the"
            ecep:syllab="1"
            ecep:pron="ðiː">the</w>
         <c> </c>
         <w xml:id="o5247-038120"
            n="34-a-0490"
            ecep:lem="God"
            ecep:pos="npg1"
            ecep:reg="God's"
            ecep:spe="God's"
            ecep:syllab="1"
            ecep:pron="ˈgɒdz">God's</w>
         <c> </c>
         <w xml:id="o5247-038130"
            n="34-a-0500"
            ecep:lem="command"
            ecep:pos="n2"
            ecep:reg="Commands"
            ecep:spe="Commands"
            ecep:syllab="2"
            ecep:pron="kəˈmɑːndz">Commands</w>
      </l>
      <l ana="#triplet" rhyme="aaa" xml:id="o5247-l01915">
         <c> </c>
         <w xml:id="o5247-038140"
            n="34-a-0510"
            ecep:lem="with"
            ecep:pos="p-acp"
            ecep:reg="With"
            ecep:spe="With"
            ecep:syllab="1"
            ecep:pron="wɪð">With</w>
         <c> </c>
         <w xml:id="o5247-038150"
            n="34-a-0520"
            ecep:lem="joy"
            ecep:pos="n1"
            ecep:reg="Joy"
            ecep:spe="Joy"
            ecep:syllab="1"
            ecep:pron="dʒɔɪ">Joy</w>
         <pc xml:id="o5247-038160"
             n="34-a-0530"
             ecep:lem=","
             ecep:pos=","
             ecep:reg=","
             ecep:spe=",">,</pc>
         <c> </c>
         <w xml:id="o5247-038170"
            n="34-a-0540"
            ecep:lem="and"
            ecep:pos="cc"
            ecep:reg="and"
            ecep:spe="and"
            ecep:syllab="1"
            ecep:pron="ænd">and</w>
         <c> </c>
         <w xml:id="o5247-038180"
            n="34-a-0550"
            ecep:lem="swift"
            ecep:pos="j"
            ecep:reg="swift"
            ecep:spe="swift"
            ecep:syllab="1"
            ecep:pron="swɪft">swift</w>
         <c> </c>
         <w xml:id="o5247-038190"
            n="34-a-0560"
            ecep:lem="as"
            ecep:pos="c-acp"
            ecep:reg="as"
            ecep:spe="as"
            ecep:syllab="1"
            ecep:pron="æz">as</w>
         <c> </c>
         <w xml:id="o5247-038200"
            n="34-a-0570"
            ecep:lem="thought"
            ecep:pos="n1"
            ecep:reg="Thought"
            ecep:spe="Thought"
            ecep:syllab="1"
            ecep:pron="θɔːt">Thought</w>
         <c> </c>
         <w xml:id="o5247-038210"
            n="34-a-0580"
            ecep:lem="descend"
            ecep:pos="vvz"
            ecep:reg="descends"
            ecep:spe="descends"
            ecep:syllab="2"
            ecep:pron="dɪˈsendz">descends</w>
         <pc xml:id="o5247-038220"
             n="34-a-0590"
             ecep:lem=","
             ecep:pos=","
             ecep:reg=","
             ecep:spe=",">,</pc>
      </l>
      <l ana="#triplet" rhyme="aaa" xml:id="o5247-l01920">
         <c> </c>
         <w xml:id="o5247-038230"
            n="34-a-0600"
            ecep:lem="and"
            ecep:pos="cc"
            ecep:reg="And"
            ecep:spe="And"
            ecep:syllab="1"
            ecep:pron="ænd">And</w>
         <c> </c>
         <w xml:id="o5247-038240"
            n="34-a-0610"
            ecep:lem="at"
            ecep:pos="p-acp"
            ecep:reg="at"
            ecep:spe="at"
            ecep:syllab="1"
            ecep:pron="æt">at</w>
         <c> </c>
         <hi>
            <w xml:id="o5247-038250.1"
               n="34-a-0620"
               rend="plain_apostrophe"
               ecep:lem="aurelia"
               ecep:pos="npg1"
               ecep:reg="Aurelia's"
               ecep:spe="Aurelia's"
               ecep:syllab="4"
               ecep:pron="ɔːˈriːlɪəz">Aurelia's</w>
         </hi>
         <c> </c>
         <w xml:id="o5247-038260"
            n="34-a-0630"
            ecep:lem="side"
            ecep:pos="n1"
            ecep:reg="Side"
            ecep:spe="Side"
            ecep:syllab="1"
            ecep:pron="saɪd">Side</w>
         <c> </c>
         <w xml:id="o5247-038270"
            n="34-a-0640"
            ecep:lem="attend"
            ecep:pos="vvz"
            ecep:reg="attends"
            ecep:spe="attends"
            ecep:syllab="2"
            ecep:pron="əˈtendz">attends</w>
         <pc xml:id="o5247-038280"
             n="34-a-0650"
             unit="sentence"
             ecep:lem="."
             ecep:pos="."
             ecep:reg="."
             ecep:spe=".">.</pc>
         <c> </c>
      </l>
      <l xml:id="o5247-l01925">
         <w xml:id="o5247-038290"
            n="34-a-0660"
            ecep:lem="conscious"
            ecep:pos="j"
            ecep:reg="Conscious"
            ecep:spe="Conscious"
            ecep:syllab="2"
            ecep:pron="ˈkɒnʃəs">Conscious</w>
         <c> </c>
         <w xml:id="o5247-038300"
            n="34-a-0670"
            ecep:lem="of"
            ecep:pos="pp-f"
            ecep:reg="of"
            ecep:spe="of"
            ecep:syllab="1"
            ecep:pron="ɒv">of</w>
         <c> </c>
         <w xml:id="o5247-038310"
            n="34-a-0680"
            ecep:lem="her"
            ecep:pos="po31"
            ecep:reg="her"
            ecep:spe="her"
            ecep:syllab="1"
            ecep:pron="hɜː">her</w>
         <c> </c>
         <w xml:id="o5247-038320"
            n="34-a-0690"
            ecep:lem="new"
            ecep:pos="j"
            ecep:reg="new"
            ecep:spe="new"
            ecep:syllab="1"
            ecep:pron="njuː">new</w>
         <c> </c>
         <w xml:id="o5247-038330"
            n="34-a-0700"
            ecep:lem="power"
            ecep:pos="n1"
            ecep:reg="Power"
            ecep:spe="Power"
            ecep:syllab="1"
            ecep:pron="ˈpaʊə">Power</w>
         <pc xml:id="o5247-038340"
             n="34-a-0710"
             ecep:lem=","
             ecep:pos=","
             ecep:reg=","
             ecep:spe=",">,</pc>
         <c> </c>
         <w xml:id="o5247-038350"
            n="34-a-0720"
            ecep:lem="the"
            ecep:pos="dt"
            ecep:reg="the"
            ecep:spe="the"
            ecep:syllab="1"
            ecep:pron="ðiː">the</w>
         <c> </c>
         <w xml:id="o5247-038360"
            n="34-a-0730"
            ecep:lem="maid"
            ecep:pos="n1"
            ecep:reg="Maid"
            ecep:spe="Maid"
            ecep:syllab="1"
            ecep:pron="meɪd">Maid</w>
      </l>
      <l xml:id="o5247-l01930">
         <c> </c>
         <w xml:id="o5247-038370"
            n="34-a-0740"
            ecep:lem="with"
            ecep:pos="p-acp"
            ecep:reg="With"
            ecep:spe="With"
            ecep:syllab="1"
            ecep:pron="wɪð">With</w>
         <c> </c>
         <w xml:id="o5247-038380"
            n="34-a-0750"
            ecep:lem="thanks"
            ecep:pos="n2"
            ecep:reg="Thanks"
            ecep:spe="Thanks"
            ecep:syllab="1"
            ecep:pron="θæŋks">Thanks</w>
         <c> </c>
         <w xml:id="o5247-038390"
            n="34-a-0760"
            ecep:lem="the"
            ecep:pos="dt"
            ecep:reg="the"
            ecep:spe="the"
            ecep:syllab="1"
            ecep:pron="ðiː">the</w>
         <c> </c>
         <w xml:id="o5247-038400"
            n="34-a-0770"
            ecep:lem="glorious"
            ecep:pos="j"
            ecep:reg="glorious"
            ecep:spe="glorious"
            ecep:syllab="2"
            ecep:pron="ˈglɔːriəs">glorious</w>
         <c> </c>
         <w xml:id="o5247-038410"
            n="34-a-0780"
            ecep:lem="gift"
            ecep:pos="n1"
            ecep:reg="Gift"
            ecep:spe="Gift"
            ecep:syllab="1"
            ecep:pron="gɪft">Gift</w>
         <c> </c>
         <w xml:id="o5247-038420"
            n="34-a-0790"
            ecep:lem="repay"
            ecep:pos="vvd"
            ecep:reg="repaid"
            ecep:spe="repay'd"
            ecep:syllab="2"
            ecep:pron="rɪˈpeɪd">repay'd</w>
         <pc xml:id="o5247-038430"
             n="34-a-0800"
             ecep:lem=":"
             ecep:pos=":"
             ecep:reg=":"
             ecep:spe=":">:</pc>
      </l>
      <l xml:id="o5247-l01935">
         <c> </c>
         <w xml:id="o5247-038440"
            n="34-a-0810"
            ecep:lem="now"
            ecep:pos="av"
            ecep:reg="Now"
            ecep:spe="Now"
            ecep:syllab="1"
            ecep:pron="naʊ">Now</w>
         <c> </c>
         <hi>
            <w xml:id="o5247-038450.1"
               n="34-a-0820"
               rend="plain_apostrophe"
               ecep:lem="Waller"
               ecep:pos="npg1"
               ecep:reg="Waller's"
               ecep:spe="Waller's"
               ecep:syllab="2"
               ecep:pron="ˈwɒləz">Waller's</w>
         </hi>
         <c> </c>
         <w xml:id="o5247-038460"
            n="34-a-0830"
            ecep:lem="sweetness"
            ecep:pos="n1"
            ecep:reg="Sweetness"
            ecep:spe="Sweetness"
            ecep:syllab="2"
            ecep:pron="swiːtnəs">Sweetness</w>
         <pc xml:id="o5247-038470"
             n="34-a-0840"
             ecep:lem=","
             ecep:pos=","
             ecep:reg=","
             ecep:spe=",">,</pc>
         <c> </c>
         <hi>
            <w xml:id="o5247-038480.1"
               n="34-a-0850"
               rend="plain_apostrophe"
               ecep:lem="granville"
               ecep:pos="npg1"
               ecep:reg="Granville's"
               ecep:spe="Granville's"
               ecep:syllab="2"
               ecep:pron="ˈgrænvɪlz">Granville's</w>
         </hi>
         <c> </c>
         <w xml:id="o5247-038490"
            n="34-a-0860"
            ecep:lem="fire"
            ecep:pos="n1"
            ecep:reg="Fire"
            ecep:spe="Fire"
            ecep:syllab="1"
            ecep:pron="fæə">Fire</w>
         <pc xml:id="o5247-038500"
             n="34-a-0870"
             ecep:lem=","
             ecep:pos=","
             ecep:reg=","
             ecep:spe=",">,</pc>
      </l>
      <l xml:id="o5247-l01940">
         <c> </c>
         <w xml:id="o5247-038510"
            n="34-a-0880"
            ecep:lem="at"
            ecep:pos="p-acp"
            ecep:reg="At"
            ecep:spe="At"
            ecep:syllab="1"
            ecep:pron="æt">At</w>
         <c> </c>
         <w xml:id="o5247-038520"
            n="34-a-0890"
            ecep:lem="once"
            ecep:pos="a-acp"
            ecep:reg="once"
            ecep:spe="once"
            ecep:syllab="1"
            ecep:pron="wʌns">once</w>
         <c> </c>
         <w xml:id="o5247-038530"
            n="34-a-0900"
            ecep:lem="her"
            ecep:pos="po31"
            ecep:reg="her"
            ecep:spe="her"
            ecep:syllab="1"
            ecep:pron="hɜː">her</w>
         <c> </c>
         <w xml:id="o5247-038540"
            n="34-a-0910"
            ecep:lem="tuneful"
            ecep:pos="j"
            ecep:reg="tuneful"
            ecep:spe="tuneful"
            ecep:syllab="2"
            ecep:pron="ˈtʃuːnfl">tuneful</w>
         <c> </c>
         <w xml:id="o5247-038550"
            n="34-a-0920"
            ecep:lem="breast"
            ecep:pos="n1"
            ecep:reg="Breast"
            ecep:spe="Breast"
            ecep:syllab="1"
            ecep:pron="brest">Breast</w>
         <c> </c>
         <w xml:id="o5247-038560"
            n="34-a-0930"
            ecep:lem="inspire"
            ecep:pos="vvi"
            ecep:reg="inspire"
            ecep:spe="inspire"
            ecep:syllab="2"
            ecep:pron="ɪnˈspæə">inspire</w>
         <pc xml:id="o5247-038570"
             n="34-a-0940"
             ecep:lem=":"
             ecep:pos=":"
             ecep:reg=":"
             ecep:spe=":">:</pc>
      </l>
      <l xml:id="o5247-l01945">
         <c> </c>
         <w xml:id="o5247-038580"
            n="34-a-0950"
            ecep:lem="no"
            ecep:pos="uh-x"
            ecep:reg="No"
            ecep:spe="No"
            ecep:syllab="1"
            ecep:pron="nəʊ">No</w>
         <c> </c>
         <w xml:id="o5247-038590"
            n="34-a-0960"
            ecep:lem="more"
            ecep:pos="av-dc"
            ecep:reg="more"
            ecep:spe="more"
            ecep:syllab="1"
            ecep:pron="mɔː">more</w>
         <c> </c>
         <w xml:id="o5247-038600"
            n="34-a-0970"
            ecep:lem="she"
            ecep:pos="pns31"
            ecep:reg="she"
            ecep:spe="she"
            ecep:syllab="1"
            ecep:pron="ʃiː">she</w>
         <c> </c>
         <w xml:id="o5247-038610"
            n="34-a-0980"
            ecep:lem="vain"
            ecep:pos="av-j"
            ecep:reg="vainly"
            ecep:spe="vainly"
            ecep:syllab="2"
            ecep:pron="veɪnli">vainly</w>
         <c> </c>
         <w xml:id="o5247-038620"
            n="34-a-0990"
            ecep:lem="strive"
            ecep:pos="vvz"
            ecep:reg="strives"
            ecep:spe="strives"
            ecep:syllab="1"
            ecep:pron="straɪvz">strives</w>
         <c> </c>
         <w xml:id="o5247-038630"
            n="34-a-1000"
            ecep:lem="to"
            ecep:pos="pc-acp"
            ecep:reg="to"
            ecep:spe="to"
            ecep:syllab="1"
            ecep:pron="tuː">to</w>
         <c> </c>
         <w xml:id="o5247-038640"
            n="34-a-1010"
            ecep:lem="please"
            ecep:pos="vvi"
            ecep:reg="please"
            ecep:spe="please"
            ecep:syllab="1"
            ecep:pron="pliːz">please</w>
         <pc xml:id="o5247-038650"
             n="34-a-1020"
             ecep:lem=","
             ecep:pos=","
             ecep:reg=","
             ecep:spe=",">,</pc>
      </l>
      <l xml:id="o5247-l01950">
         <c> </c>
         <w xml:id="o5247-038660"
            n="34-a-1030"
            ecep:lem="the"
            ecep:pos="dt"
            ecep:reg="The"
            ecep:spe="The"
            ecep:syllab="1"
            ecep:pron="ðiː">The</w>
         <c> </c>
         <w xml:id="o5247-038670"
            n="34-a-1040"
            ecep:lem="ready"
            ecep:pos="j"
            ecep:reg="ready"
            ecep:spe="ready"
            ecep:syllab="2"
            ecep:pron="ˈredi">ready</w>
         <c> </c>
         <w xml:id="o5247-038680"
            n="34-a-1050"
            ecep:lem="number"
            ecep:pos="n2"
            ecep:reg="Numbers"
            ecep:spe="Numbers"
            ecep:syllab="2"
            ecep:pron="ˈnʌmbəz">Numbers</w>
         <c> </c>
         <w xml:id="o5247-038690"
            n="34-a-1060"
            ecep:lem="flow"
            ecep:pos="vvb"
            ecep:reg="flow"
            ecep:spe="flow"
            ecep:syllab="1"
            ecep:pron="fləʊ">flow</w>
         <c> </c>
         <w xml:id="o5247-038700"
            n="34-a-1070"
            ecep:lem="with"
            ecep:pos="p-acp"
            ecep:reg="with"
            ecep:spe="with"
            ecep:syllab="1"
            ecep:pron="wɪð">with</w>
         <c> </c>
         <w xml:id="o5247-038710"
            n="34-a-1080"
            ecep:lem="ease"
            ecep:pos="n1"
            ecep:reg="ease"
            ecep:spe="ease"
            ecep:syllab="1"
            ecep:pron="iːz">ease</w>
         <pc xml:id="o5247-038720"
             n="34-a-1090"
             ecep:lem=":"
             ecep:pos=":"
             ecep:reg=":"
             ecep:spe=":">:</pc>
      </l>
      <l xml:id="o5247-l01955">
         <c> </c>
         <w xml:id="o5247-038730"
            n="34-a-1100"
            ecep:lem="all"
            ecep:pos="d"
            ecep:reg="All"
            ecep:spe="All"
            ecep:syllab="1"
            ecep:pron="ɔːl">All</w>
         <c> </c>
         <w xml:id="o5247-038740"
            n="34-a-1110"
            ecep:lem="soft"
            ecep:pos="j"
            ecep:reg="soft"
            ecep:spe="soft"
            ecep:syllab="1"
            ecep:pron="sɒft">soft</w>
         <pc xml:id="o5247-038750"
             n="34-a-1120"
             ecep:lem=","
             ecep:pos=","
             ecep:reg=","
             ecep:spe=",">,</pc>
         <c> </c>
         <w xml:id="o5247-038760"
            n="34-a-1130"
            ecep:lem="harmonious"
            ecep:pos="j"
            ecep:reg="harmonious"
            ecep:spe="harmonious"
            ecep:syllab="4"
            ecep:pron="hɑːˈməʊniəs">harmonious</w>
         <c> </c>
         <w xml:id="o5247-038770"
            n="34-a-1140"
            ecep:lem="and"
            ecep:pos="cc"
            ecep:reg="and"
            ecep:spe="and"
            ecep:syllab="1"
            ecep:pron="ænd">and</w>
         <c> </c>
         <w xml:id="o5247-038780"
            n="34-a-1150"
            ecep:lem="divine"
            ecep:pos="j-jn"
            ecep:reg="divine"
            ecep:spe="divine"
            ecep:syllab="2"
            ecep:pron="dɪˈvaɪn">divine</w>
         <pc xml:id="o5247-038790"
             n="34-a-1160"
             ecep:lem=";"
             ecep:pos=";"
             ecep:reg=";"
             ecep:spe=";">;</pc>
      </l>
      <l xml:id="o5247-l01960">
         <c> </c>
         <w xml:id="o5247-038800"
            n="34-a-1170"
            ecep:lem="Apollo"
            ecep:pos="np1"
            ecep:reg="Apollo"
            ecep:spe="Apollo"
            ecep:syllab="3"
            ecep:pron="əˈpɒləʊ">Apollo</w>
         <c> </c>
         <w xml:id="o5247-038810"
            n="34-a-1180"
            ecep:lem="shine"
            ecep:pos="vvz"
            ecep:reg="shines"
            ecep:spe="shines"
            ecep:syllab="1"
            ecep:pron="ʃaɪnz">shines</w>
         <c> </c>
         <w xml:id="o5247-038820"
            n="34-a-1190"
            ecep:lem="in"
            ecep:pos="p-acp"
            ecep:reg="in"
            ecep:spe="in"
            ecep:syllab="1"
            ecep:pron="ɪn">in</w>
         <c> </c>
         <w xml:id="o5247-038830"
            n="34-a-1200"
            ecep:lem="every"
            ecep:pos="d"
            ecep:reg="every"
            ecep:spe="every"
            ecep:syllab="2"
            ecep:pron="ˈevri">every</w>
         <c> </c>
         <w xml:id="o5247-038840"
            n="34-a-1210"
            ecep:lem="line"
            ecep:pos="n1"
            ecep:reg="Line"
            ecep:spe="Line"
            ecep:syllab="1"
            ecep:pron="laɪn">Line</w>
         <pc xml:id="o5247-038850"
             n="34-a-1220"
             unit="sentence"
             ecep:lem="."
             ecep:pos="."
             ecep:reg="."
             ecep:spe=".">.</pc>
         <c> </c>
      </l>
      <l xml:id="o5247-l01965">
         <w xml:id="o5247-038860"
            n="34-a-1230"
            ecep:lem="the"
            ecep:pos="dt"
            ecep:reg="The"
            ecep:spe="The"
            ecep:syllab="1"
            ecep:pron="ðiː">The</w>
         <c> </c>
         <hi>
            <w xml:id="o5247-038870"
               n="34-a-1240"
               ecep:lem="delian"
               ecep:pos="jp"
               ecep:reg="Delian"
               ecep:spe="Delian"
               ecep:syllab="3"
               ecep:pron="diːljən">Delian</w>
         </hi>
         <c> </c>
         <w xml:id="o5247-038880"
            n="34-a-1250"
            ecep:lem="god"
            ecep:pos="n1"
            ecep:reg="God"
            ecep:spe="God"
            ecep:syllab="1"
            ecep:pron="gɒd">God</w>
         <c> </c>
         <w xml:id="o5247-038890"
            n="34-a-1260"
            ecep:lem="with"
            ecep:pos="p-acp"
            ecep:reg="with"
            ecep:spe="with"
            ecep:syllab="1"
            ecep:pron="wɪð">with</w>
         <c> </c>
         <w xml:id="o5247-038900"
            n="34-a-1270"
            ecep:lem="rapture"
            ecep:pos="n1"
            ecep:reg="Rapture"
            ecep:spe="Rapture"
            ecep:syllab="2"
            ecep:pron="ˈræptʃə">Rapture</w>
         <c> </c>
         <w xml:id="o5247-038910"
            n="34-a-1280"
            ecep:lem="fill"
            ecep:pos="vvn"
            ecep:reg="filled"
            ecep:spe="fill'd"
            ecep:syllab="1"
            ecep:pron="fɪld">fill'd</w>
         <pc xml:id="o5247-038920"
             n="34-a-1290"
             ecep:lem=","
             ecep:pos=","
             ecep:reg=","
             ecep:spe=",">,</pc>
      </l>
      <l xml:id="o5247-l01970">
         <c> </c>
         <w xml:id="o5247-038930"
            n="34-a-1300"
            ecep:lem="upon"
            ecep:pos="p-acp"
            ecep:reg="Upon"
            ecep:spe="Upon"
            ecep:syllab="2"
            ecep:pron="əˈpɒn">Upon</w>
         <c> </c>
         <w xml:id="o5247-038940"
            n="34-a-1310"
            ecep:lem="his"
            ecep:pos="po31"
            ecep:reg="his"
            ecep:spe="his"
            ecep:syllab="1"
            ecep:pron="hɪz">his</w>
         <c> </c>
         <w xml:id="o5247-038950"
            n="34-a-1320"
            ecep:lem="lovely"
            ecep:pos="j"
            ecep:reg="lovely"
            ecep:spe="lovely"
            ecep:syllab="2"
            ecep:pron="ˈlʌvli">lovely</w>
         <c> </c>
         <w xml:id="o5247-038960"
            n="34-a-1330"
            ecep:lem="pupil"
            ecep:pos="n1"
            ecep:reg="Pupil"
            ecep:spe="Pupil"
            ecep:syllab="2"
            ecep:pron="ˈpjuːpl">Pupil</w>
         <c> </c>
         <w xml:id="o5247-038970"
            n="34-a-1340"
            ecep:lem="smile"
            ecep:pos="vvn"
            ecep:reg="smiled"
            ecep:spe="smil'd"
            ecep:syllab="1"
            ecep:pron="smaɪld">smil'd</w>
         <pc xml:id="o5247-038980"
             n="34-a-1350"
             unit="sentence"
             ecep:lem="."
             ecep:pos="."
             ecep:reg="."
             ecep:spe=".">.</pc>
         <c> </c>
      </l>
      <pb facs="35" n="30" rend="none"/>
      <l xml:id="o5247-l01975">
         <hi>
            <w xml:id="o5247-038990"
               n="35-a-0010"
               ecep:lem="Daphne"
               ecep:pos="np1"
               ecep:reg="Daphne"
               ecep:spe="Daphne"
               ecep:syllab="2"
               ecep:pron="ˈdæfni">Daphne</w>
            <pc xml:id="o5247-039000"
                n="35-a-0020"
                ecep:lem=","
                ecep:pos=","
                ecep:reg=","
                ecep:spe=",">,</pc>
         </hi>
         <c> </c>
         <w xml:id="o5247-039010"
            n="35-a-0030"
            ecep:lem="his"
            ecep:pos="po31"
            ecep:reg="his"
            ecep:spe="his"
            ecep:syllab="1"
            ecep:pron="hɪz">his</w>
         <c> </c>
         <w xml:id="o5247-039020"
            n="35-a-0040"
            ecep:lem="once-loved"
            ecep:pos="j"
            ecep:reg="once-loved"
            ecep:spe="once-lov'd"
            ecep:syllab="2"
            ecep:pron="wʌnsˌˈlʌvd">once-lov'd</w>
         <c> </c>
         <w xml:id="o5247-039030"
            n="35-a-0050"
            ecep:lem="charm"
            ecep:pos="j-vvg"
            ecep:reg="charming"
            ecep:spe="charming"
            ecep:syllab="2"
            ecep:pron="ˈtʃɑːmɪŋ">charming</w>
         <c> </c>
         <w xml:id="o5247-039040"
            n="35-a-0060"
            ecep:lem="care"
            ecep:pos="n1"
            ecep:reg="Care"
            ecep:spe="Care"
            ecep:syllab="1"
            ecep:pron="keə">Care</w>
         <pc xml:id="o5247-039050"
             n="35-a-0070"
             ecep:lem=","
             ecep:pos=","
             ecep:reg=","
             ecep:spe=",">,</pc>
      </l>
      <l xml:id="o5247-l01980">
         <c> </c>
         <w xml:id="o5247-039060"
            n="35-a-0080"
            ecep:lem="appear"
            ecep:pos="vvd"
            ecep:reg="Appeared"
            ecep:spe="Appear'd"
            ecep:syllab="2"
            ecep:pron="əˈpɪəd">Appear'd</w>
         <c> </c>
         <w xml:id="o5247-039070"
            n="35-a-0090"
            ecep:lem="to"
            ecep:pos="p-acp"
            ecep:reg="to"
            ecep:spe="to"
            ecep:syllab="1"
            ecep:pron="tuː">to</w>
         <c> </c>
         <w xml:id="o5247-039080"
            n="35-a-0100"
            ecep:lem="he"
            ecep:pos="pno31"
            ecep:reg="him"
            ecep:spe="him"
            ecep:syllab="1"
            ecep:pron="hɪm">him</w>
         <c> </c>
         <w xml:id="o5247-039090"
            n="35-a-0110"
            ecep:lem="not"
            ecep:pos="xx"
            ecep:reg="not"
            ecep:spe="not"
            ecep:syllab="1"
            ecep:pron="nɒt">not</w>
         <c> </c>
         <w xml:id="o5247-039100"
            n="35-a-0120"
            ecep:lem="half"
            ecep:pos="j-jn"
            ecep:reg="half"
            ecep:spe="half"
            ecep:syllab="1"
            ecep:pron="hɑːf">half</w>
         <c> </c>
         <w xml:id="o5247-039110"
            n="35-a-0130"
            ecep:lem="so"
            ecep:pos="av"
            ecep:reg="so"
            ecep:spe="so"
            ecep:syllab="1"
            ecep:pron="səʊ">so</w>
         <c> </c>
         <w xml:id="o5247-039120"
            n="35-a-0140"
            ecep:lem="fair"
            ecep:pos="j"
            ecep:reg="fair"
            ecep:spe="fair"
            ecep:syllab="1"
            ecep:pron="feə">fair</w>
         <pc xml:id="o5247-039130"
             n="35-a-0150"
             ecep:lem=":"
             ecep:pos=":"
             ecep:reg=":"
             ecep:spe=":">:</pc>
      </l>
      <l xml:id="o5247-l01985">
         <c> </c>
         <w xml:id="o5247-039140"
            n="35-a-0160"
            ecep:lem="for"
            ecep:pos="c-acp"
            ecep:reg="For"
            ecep:spe="For"
            ecep:syllab="1"
            ecep:pron="fɔː">For</w>
         <c> </c>
         <w xml:id="o5247-039150"
            n="35-a-0170"
            ecep:lem="the"
            ecep:pos="dt"
            ecep:reg="the"
            ecep:spe="the"
            ecep:syllab="1"
            ecep:pron="ðiː">the</w>
         <c> </c>
         <w xml:id="o5247-039160"
            n="35-a-0180"
            ecep:lem="lose"
            ecep:pos="j-vvn"
            ecep:reg="lost"
            ecep:spe="lost"
            ecep:syllab="1"
            ecep:pron="lɒst">lost</w>
         <c> </c>
         <w xml:id="o5247-039170"
            n="35-a-0190"
            ecep:lem="nymph"
            ecep:pos="n1"
            ecep:reg="Nymph"
            ecep:spe="Nymph"
            ecep:syllab="1"
            ecep:pron="nɪmf">Nymph</w>
         <c> </c>
         <w xml:id="o5247-039180"
            n="35-a-0200"
            ecep:lem="he"
            ecep:pos="pns31"
            ecep:reg="he"
            ecep:spe="he"
            ecep:syllab="1"
            ecep:pron="hiː">he</w>
         <c> </c>
         <w xml:id="o5247-039190"
            n="35-a-0210"
            ecep:lem="mourn"
            ecep:pos="vvz"
            ecep:reg="mourns"
            ecep:spe="mourns"
            ecep:syllab="1"
            ecep:pron="mɔːnz">mourns</w>
         <c> </c>
         <w xml:id="o5247-039200"
            n="35-a-0220"
            ecep:lem="no"
            ecep:pos="av-dx"
            ecep:reg="no"
            ecep:spe="no"
            ecep:syllab="1"
            ecep:pron="nəʊ">no</w>
         <c> </c>
         <w xml:id="o5247-039210"
            n="35-a-0230"
            ecep:lem="more"
            ecep:pos="av-dc"
            ecep:reg="more"
            ecep:spe="more"
            ecep:syllab="1"
            ecep:pron="mɔː">more</w>
         <pc xml:id="o5247-039220"
             n="35-a-0240"
             ecep:lem=";"
             ecep:pos=";"
             ecep:reg=";"
             ecep:spe=";">;</pc>
      </l>
      <l xml:id="o5247-l01990">
         <c> </c>
         <w xml:id="o5247-039230"
            n="35-a-0250"
            ecep:lem="nor"
            ecep:pos="ccx"
            ecep:reg="Nor"
            ecep:spe="Nor"
            ecep:syllab="1"
            ecep:pron="nɔː">Nor</w>
         <c> </c>
         <w xml:id="o5247-039240"
            n="35-a-0260"
            ecep:lem="in"
            ecep:pos="p-acp"
            ecep:reg="in"
            ecep:spe="in"
            ecep:syllab="1"
            ecep:pron="ɪn">in</w>
         <c> </c>
         <w xml:id="o5247-039250"
            n="35-a-0270"
            ecep:lem="his"
            ecep:pos="po31"
            ecep:reg="his"
            ecep:spe="his"
            ecep:syllab="1"
            ecep:pron="hɪz">his</w>
         <c> </c>
         <w xml:id="o5247-039260"
            n="35-a-0280"
            ecep:lem="song"
            ecep:pos="n2"
            ecep:reg="Songs"
            ecep:spe="Songs"
            ecep:syllab="1"
            ecep:pron="sɒŋz">Songs</w>
         <c> </c>
         <w xml:id="o5247-039270"
            n="35-a-0290"
            ecep:lem="her"
            ecep:pos="po31"
            ecep:reg="her"
            ecep:spe="her"
            ecep:syllab="1"
            ecep:pron="hɜː">her</w>
         <c> </c>
         <w xml:id="o5247-039280"
            n="35-a-0300"
            ecep:lem="loss"
            ecep:pos="n1"
            ecep:reg="Loss"
            ecep:spe="Loss"
            ecep:syllab="1"
            ecep:pron="lɒs">Loss</w>
         <c> </c>
         <w xml:id="o5247-039290"
            n="35-a-0310"
            ecep:lem="deplore"
            ecep:pos="vvi"
            ecep:reg="deplore"
            ecep:spe="deplore"
            ecep:syllab="2"
            ecep:pron="dɪˈplɔː">deplore</w>
         <pc xml:id="o5247-039300"
             n="35-a-0320"
             ecep:lem=";"
             ecep:pos=";"
             ecep:reg=";"
             ecep:spe=";">;</pc>
      </l>
      <l xml:id="o5247-l01995">
         <c> </c>
         <w xml:id="o5247-039310"
            n="35-a-0330"
            ecep:lem="but"
            ecep:pos="cc-acp"
            ecep:reg="But"
            ecep:spe="But"
            ecep:syllab="1"
            ecep:pron="bʌt">But</w>
         <c> </c>
         <w xml:id="o5247-039320"
            n="35-a-0340"
            ecep:lem="from"
            ecep:pos="p-acp"
            ecep:reg="from"
            ecep:spe="from"
            ecep:syllab="1"
            ecep:pron="frɒm">from</w>
         <c> </c>
         <w xml:id="o5247-039330"
            n="35-a-0350"
            ecep:lem="the"
            ecep:pos="dt"
            ecep:reg="the"
            ecep:spe="the"
            ecep:syllab="1"
            ecep:pron="ðiː">the</w>
         <c> </c>
         <w xml:id="o5247-039340"
            n="35-a-0360"
            ecep:lem="slight"
            ecep:pos="j-vvn"
            ecep:reg="slighted"
            ecep:spe="slighted"
            ecep:syllab="2"
            ecep:pron="slaɪtɪd">slighted</w>
         <c> </c>
         <w xml:id="o5247-039350"
            n="35-a-0370"
            ecep:lem="tree"
            ecep:pos="n1"
            ecep:reg="Tree"
            ecep:spe="Tree"
            ecep:syllab="1"
            ecep:pron="triː">Tree</w>
         <c> </c>
         <w xml:id="o5247-039360"
            n="35-a-0380"
            ecep:lem="he"
            ecep:pos="pns31"
            ecep:reg="he"
            ecep:spe="he"
            ecep:syllab="1"
            ecep:pron="hiː">he</w>
         <c> </c>
         <w xml:id="o5247-039370"
            n="35-a-0390"
            ecep:lem="tear"
            ecep:pos="vvz"
            ecep:reg="tears"
            ecep:spe="tears"
            ecep:syllab="1"
            ecep:pron="teəz">tears</w>
      </l>
      <l xml:id="o5247-l02000">
         <c> </c>
         <w xml:id="o5247-039380"
            n="35-a-0400"
            ecep:lem="it|be"
            ecep:pos="pn31|vbz"
            ecep:reg="It's"
            ecep:spe="It's"
            ecep:syllab="1"
            ecep:pron="ɪts">It's</w>
         <c> </c>
         <w xml:id="o5247-039390"
            n="35-a-0410"
            ecep:lem="leaf"
            ecep:pos="n2"
            ecep:reg="Leaves"
            ecep:spe="Leaves"
            ecep:syllab="1"
            ecep:pron="liːvz">Leaves</w>
         <pc xml:id="o5247-039400"
             n="35-a-0420"
             ecep:lem=","
             ecep:pos=","
             ecep:reg=","
             ecep:spe=",">,</pc>
         <c> </c>
         <w xml:id="o5247-039410"
            n="35-a-0430"
            ecep:lem="to"
            ecep:pos="p-acp"
            ecep:reg="to"
            ecep:spe="to"
            ecep:syllab="1"
            ecep:pron="tuː">to</w>
         <c> </c>
         <w xml:id="o5247-039420"
            n="35-a-0440"
            ecep:lem="deck"
            ecep:pos="n1"
            ecep:reg="deck"
            ecep:spe="deck"
            ecep:syllab="1"
            ecep:pron="dek">deck</w>
         <c> </c>
         <hi>
            <w xml:id="o5247-039430.1"
               n="35-a-0450"
               rend="plain_apostrophe"
               ecep:lem="aurelia"
               ecep:pos="npg1"
               ecep:reg="Aurelia's"
               ecep:spe="Aurelia's"
               ecep:syllab="4"
               ecep:pron="ɔːˈriːlɪəz">Aurelia's</w>
         </hi>
         <c> </c>
         <w xml:id="o5247-039440"
            n="35-a-0460"
            ecep:lem="hair"
            ecep:pos="n2"
            ecep:reg="Hairs"
            ecep:spe="Hairs"
            ecep:syllab="1"
            ecep:pron="heəz">Hairs</w>
         <pc xml:id="o5247-039450"
             n="35-a-0470"
             unit="sentence"
             ecep:lem="."
             ecep:pos="."
             ecep:reg="."
             ecep:spe=".">.</pc>
         <c> </c>
      </l>
      <l xml:id="o5247-l02005">
         <w xml:id="o5247-039460"
            n="35-a-0480"
            ecep:lem="a"
            ecep:pos="dt"
            ecep:reg="A"
            ecep:spe="A"
            ecep:syllab="1"
            ecep:pron="ə">A</w>
         <c> </c>
         <w xml:id="o5247-039470"
            n="35-a-0490"
            ecep:lem="poet"
            ecep:pos="n1"
            ecep:reg="Poet"
            ecep:spe="Poet"
            ecep:syllab="2"
            ecep:pron="ˈpəʊɪt">Poet</w>
         <c> </c>
         <w xml:id="o5247-039480"
            n="35-a-0500"
            ecep:lem="now"
            ecep:pos="av"
            ecep:reg="now"
            ecep:spe="now"
            ecep:syllab="1"
            ecep:pron="naʊ">now</w>
         <c> </c>
         <w xml:id="o5247-039490"
            n="35-a-0510"
            ecep:lem="by"
            ecep:pos="p-acp"
            ecep:reg="by"
            ecep:spe="by"
            ecep:syllab="1"
            ecep:pron="baɪ">by</w>
         <c> </c>
         <w xml:id="o5247-039500"
            n="35-a-0520"
            ecep:lem="all"
            ecep:pos="d"
            ecep:reg="all"
            ecep:spe="all"
            ecep:syllab="1"
            ecep:pron="ɔːl">all</w>
         <c> </c>
         <w xml:id="o5247-039510"
            n="35-a-0530"
            ecep:lem="she|be"
            ecep:pos="pns31|vbz"
            ecep:reg="she's"
            ecep:spe="she's"
            ecep:syllab="1"
            ecep:pron="ʃiːz">she's</w>
         <c> </c>
         <w xml:id="o5247-039520"
            n="35-a-0540"
            ecep:lem="own"
            ecep:pos="vvd"
            ecep:reg="owned"
            ecep:spe="own'd"
            ecep:syllab="1"
            ecep:pron="əʊnd">own'd</w>
         <pc xml:id="o5247-039530"
             n="35-a-0550"
             ecep:lem=","
             ecep:pos=","
             ecep:reg=","
             ecep:spe=",">,</pc>
      </l>
      <l xml:id="o5247-l02010">
         <c> </c>
         <w xml:id="o5247-039540"
            n="35-a-0560"
            ecep:lem="and"
            ecep:pos="cc"
            ecep:reg="And"
            ecep:spe="And"
            ecep:syllab="1"
            ecep:pron="ænd">And</w>
         <c> </c>
         <w xml:id="o5247-039550"
            n="35-a-0570"
            ecep:lem="with"
            ecep:pos="p-acp"
            ecep:reg="with"
            ecep:spe="with"
            ecep:syllab="1"
            ecep:pron="wɪð">with</w>
         <c> </c>
         <w xml:id="o5247-039560"
            n="35-a-0580"
            ecep:lem="immortal"
            ecep:pos="j"
            ecep:reg="immortal"
            ecep:spe="immortal"
            ecep:syllab="3"
            ecep:pron="ɪˈmɔːtl">immortal</w>
         <c> </c>
         <w xml:id="o5247-039570"
            n="35-a-0590"
            ecep:lem="honour"
            ecep:pos="n1"
            ecep:reg="Honour"
            ecep:spe="Honour"
            ecep:syllab="2"
            ecep:pron="ˈɒnə">Honour</w>
         <c> </c>
         <w xml:id="o5247-039580"
            n="35-a-0600"
            ecep:lem="crown"
            ecep:pos="vvn"
            ecep:reg="crowned"
            ecep:spe="crown'd"
            ecep:syllab="1"
            ecep:pron="kraʊnd">crown'd</w>
         <pc xml:id="o5247-039590"
             n="35-a-0610"
             unit="sentence"
             ecep:lem="."
             ecep:pos="."
             ecep:reg="."
             ecep:spe=".">.</pc>
         <c> </c>
      </l>
   </lg>
</div>
