<?xml version="1.0" encoding="utf-8"?>
<!DOCTYPE div
  SYSTEM "about:legacy-compat">
<div xmlns:ecep="http://www.eighteenthcenturypoetry.org/ns"
     xmlns="http://www.tei-c.org/ns/1.0"
     xmlns:tei="http://www.tei-c.org/ns/1.0"
     ana="#iamb #tetrameter #couplet #pair #address"
     corresp="#txt_BarbMa1685_w0052"
     decls="#semi-normalized"
     ecep:syllab="8"
     met="-+|-+|-+|-+/"
     rendition="#lgvspace"
     rhyme="aa"
     subtype="eceptext"
     type="poem"
     xml:id="pba35-w0540">
   <link target="authors.xml#aut_BarbMa1685" type="author"/>
   <link target="11553" type="DMI"/>
   <head type="main">
      <w xml:id="pba35-147740"
         n="a-0010"
         ecep:lem="to"
         ecep:pos="p-acp"
         ecep:reg="To"
         ecep:spe="To"
         ecep:syllab="1"
         ecep:pron="tuː">To</w>
      <c> </c>
      <w xml:id="pba35-147750"
         n="a-0020"
         ecep:lem="her"
         ecep:pos="po31"
         ecep:reg="her"
         ecep:spe="her"
         ecep:syllab="1"
         ecep:pron="hɜː">her</w>
      <c> </c>
      <w xml:id="pba35-147760"
         n="a-0030"
         ecep:lem="grace"
         ecep:pos="n1"
         ecep:reg="Grace"
         ecep:spe="Grace"
         ecep:syllab="1"
         ecep:pron="greɪs">Grace</w>
      <c> </c>
      <w xml:id="pba35-147770"
         n="a-0040"
         ecep:lem="the"
         ecep:pos="dt"
         ecep:reg="the"
         ecep:spe="the"
         ecep:syllab="1"
         ecep:pron="ðiː">the</w>
      <c> </c>
      <w xml:id="pba35-147780"
         n="a-0050"
         ecep:lem="Dutchess"
         ecep:pos="np1"
         ecep:reg="Dutchess"
         ecep:spe="Dutchess"
         ecep:syllab="2"
         ecep:pron="dˈʌtʃes">Dutchess</w>
      <c> </c>
      <w xml:id="pba35-147790"
         n="a-0060"
         ecep:lem="of"
         ecep:pos="pp-f"
         ecep:reg="of"
         ecep:spe="of"
         ecep:syllab="1"
         ecep:pron="ɒv">of</w>
      <c> </c>
      <w xml:id="pba35-147800"
         n="a-0070"
         ecep:lem="Manchester"
         ecep:pos="np1"
         ecep:reg="Manchester"
         ecep:spe="Manchester"
         ecep:syllab="3"
         ecep:pron="ˈmæntʃɪstə">Manchester</w>
      <note place="bottom"
            n="[ed.]"
            resp="#AH"
            xml:id="app_BarbMa1685_w0052_n1">Isabella Montagu, daughter of John Montagu, 2nd Duke of Montagu, and his wife Lady Mary Churchill, 
									married William Montagu, 2nd Duke of Manchester, on 16 April 1723.
								</note>
      <pc xml:id="pba35-147810"
          n="a-0080"
          ecep:lem=","
          ecep:pos=","
          ecep:reg=","
          ecep:spe=",">,</pc>
      <c> </c>
      <w xml:id="pba35-147820"
         n="a-0090"
         ecep:lem="and"
         ecep:pos="cc"
         ecep:reg="and"
         ecep:spe="and"
         ecep:syllab="1"
         ecep:pron="ænd">and</w>
      <c> </c>
      <w xml:id="pba35-147830"
         n="a-0100"
         ecep:lem="lady"
         ecep:pos="n1"
         ecep:reg="Lady"
         ecep:spe="Lady"
         ecep:syllab="2"
         ecep:pron="ˈleɪdi">Lady</w>
      <c> </c>
      <w xml:id="pba35-147840"
         n="a-0110"
         ecep:lem="Diana"
         ecep:pos="np1"
         ecep:reg="Diana"
         ecep:spe="Diana"
         ecep:syllab="3"
         ecep:pron="daɪˈænə">Diana</w>
      <c> </c>
      <w xml:id="pba35-147850"
         n="a-0120"
         ecep:lem="spencer"
         ecep:pos="np1"
         ecep:reg="Spencer"
         ecep:spe="Spencer"
         ecep:syllab="2"
         ecep:pron="ˈspensə">Spencer</w>
      <pc xml:id="pba35-147860"
          n="a-0130"
          ecep:lem=","
          ecep:pos=","
          ecep:reg=","
          ecep:spe=",">,</pc>
      <c> </c>
      <w xml:id="pba35-147870"
         n="a-0140"
         ecep:lem="now"
         ecep:pos="av"
         ecep:reg="now"
         ecep:spe="now"
         ecep:syllab="1"
         ecep:pron="naʊ">now</w>
      <c> </c>
      <w xml:id="pba35-147880"
         n="a-0150"
         ecep:lem="Dutchess"
         ecep:pos="np1"
         ecep:reg="Dutchess"
         ecep:spe="Dutchess"
         ecep:syllab="2"
         ecep:pron="dˈʌtʃes">Dutchess</w>
      <c> </c>
      <w xml:id="pba35-147890"
         n="a-0160"
         ecep:lem="of"
         ecep:pos="pp-f"
         ecep:reg="of"
         ecep:spe="of"
         ecep:syllab="1"
         ecep:pron="ɒv">of</w>
      <c> </c>
      <w xml:id="pba35-147900"
         n="a-0170"
         ecep:lem="Bedford"
         ecep:pos="np1"
         ecep:reg="Bedford"
         ecep:spe="Bedford"
         ecep:syllab="2"
         ecep:pron="ˈbedfəd">Bedford</w>
      <note place="bottom"
            n="[ed.]"
            resp="#AH"
            xml:id="app_BarbMa1685_w0052_n2">Lady Diana Spencer, youngest daughter of Charles Spencer third Earl of Sunderland and his wife Lady Anne Churchill, 
									married John Russell, 4th Duke of Bedford, in October 1731.
								</note>
      <pc xml:id="pba35-147910"
          n="a-0180"
          unit="sentence"
          ecep:lem="."
          ecep:pos="."
          ecep:reg="."
          ecep:spe=".">.</pc>
   </head>
   <head type="sub">
      <w xml:id="pba35-147940"
         n="a-0190"
         ecep:lem="the"
         ecep:pos="dt"
         ecep:reg="The"
         ecep:spe="The"
         ecep:syllab="1"
         ecep:pron="ðiː">The</w>
      <c> </c>
      <w xml:id="pba35-147950"
         n="a-0200"
         ecep:lem="humble"
         ecep:pos="j"
         ecep:reg="humble"
         ecep:spe="humble"
         ecep:syllab="2"
         ecep:pron="ˈhʌmbl">humble</w>
      <c> </c>
      <w xml:id="pba35-147960"
         n="a-0210"
         ecep:lem="petition"
         ecep:pos="n1"
         ecep:reg="Petition"
         ecep:spe="Petition"
         ecep:syllab="3"
         ecep:pron="pəˈtɪʃn">Petition</w>
      <c> </c>
      <w xml:id="pba35-147970"
         n="a-0220"
         ecep:lem="of"
         ecep:pos="pp-f"
         ecep:reg="of"
         ecep:spe="of"
         ecep:syllab="1"
         ecep:pron="ɒv">of</w>
      <c> </c>
      <w xml:id="pba35-147980"
         n="a-0230"
         ecep:lem="little"
         ecep:pos="j"
         ecep:reg="little"
         ecep:spe="little"
         ecep:syllab="2"
         ecep:pron="ˈlɪtl">little</w>
      <c> </c>
      <w xml:id="pba35-147990"
         n="a-0240"
         ecep:lem="Jemmy"
         ecep:pos="np1"
         ecep:reg="Jemmy"
         ecep:spe="Jemmy"
         ecep:syllab="2"
         ecep:pron="ˈdʒemi">Jemmy</w>
      <c> </c>
      <w xml:id="pba35-148000"
         n="a-0250"
         ecep:lem="pen"
         ecep:pos="n1"
         ecep:reg="Pen"
         ecep:spe="Pen"
         ecep:syllab="1"
         ecep:pron="pen">Pen</w>
      <pc xml:id="pba35-148010"
          n="a-0260"
          ecep:lem=","
          ecep:pos=","
          ecep:reg=","
          ecep:spe=",">,</pc>
      <c> </c>
      <w xml:id="pba35-148020"
         n="a-0270"
         ecep:lem="at"
         ecep:pos="p-acp"
         ecep:reg="at"
         ecep:spe="at"
         ecep:syllab="1"
         ecep:pron="æt">at</w>
      <c> </c>
      <w xml:id="pba35-148030"
         n="a-0280"
         ecep:lem="tunbridge-well"
         ecep:pos="n2"
         ecep:reg="Tunbridge-Wells"
         ecep:spe="Tunbridge-Wells"
         ecep:syllab="3"
         ecep:pron="ˈtʌnbrɪdʒˌwelz">Tunbridge-Wells</w>
      <pc xml:id="pba35-148040"
          n="a-0290"
          unit="sentence"
          ecep:lem="."
          ecep:pos="."
          ecep:reg="."
          ecep:spe=".">.</pc>
   </head>
   <lg xml:id="pba35-s00960">
      <l n="1" xml:id="pba35-l07585">
         <hi rendition="#sc">
            <w xml:id="pba35-148070"
               n="a-0300"
               ecep:lem="madam"
               ecep:pos="n1"
               ecep:reg="Madam"
               ecep:spe="Madam"
               ecep:syllab="2"
               ecep:pron="ˈmædəm">Madam</w>
         </hi>
         <pc xml:id="pba35-148080"
             n="a-0310"
             ecep:lem=","
             ecep:pos=","
             ecep:reg=","
             ecep:spe=",">,</pc>
         <c> </c>
         <w xml:id="pba35-148090"
            n="a-0320"
            ecep:lem="i"
            ecep:pos="pns11"
            ecep:reg="I"
            ecep:spe="I"
            ecep:syllab="1"
            ecep:pron="aɪ">I</w>
         <c> </c>
         <w xml:id="pba35-148100"
            n="a-0330"
            ecep:lem="hear"
            ecep:pos="vvb"
            ecep:reg="hear"
            ecep:spe="hear"
            ecep:syllab="1"
            ecep:pron="hɪə">hear</w>
         <pc xml:id="pba35-148110"
             n="a-0340"
             ecep:lem=","
             ecep:pos=","
             ecep:reg=","
             ecep:spe=",">,</pc>
         <c> </c>
         <w xml:id="pba35-148120"
            n="a-0350"
            ecep:lem="and"
            ecep:pos="cc"
            ecep:reg="and"
            ecep:spe="and"
            ecep:syllab="1"
            ecep:pron="ænd">and</w>
         <c> </c>
         <w xml:id="pba35-148130"
            n="a-0360"
            ecep:lem="hear"
            ecep:pos="vvi"
            ecep:reg="hear"
            ecep:spe="hear"
            ecep:syllab="1"
            ecep:pron="hɪə">hear</w>
         <c> </c>
         <w xml:id="pba35-148140"
            n="a-0370"
            ecep:lem="with"
            ecep:pos="p-acp"
            ecep:reg="with"
            ecep:spe="with"
            ecep:syllab="1"
            ecep:pron="wɪð">with</w>
         <c> </c>
         <w xml:id="pba35-148150"
            n="a-0380"
            ecep:lem="sorrow"
            ecep:pos="n1"
            ecep:reg="Sorrow"
            ecep:spe="Sorrow"
            ecep:syllab="2"
            ecep:pron="ˈsɒrəʊ">Sorrow</w>
         <pc xml:id="pba35-148160"
             n="a-0390"
             ecep:lem=","
             ecep:pos=","
             ecep:reg=","
             ecep:spe=",">,</pc>
      </l>
      <l n="2" xml:id="pba35-l07590">
         <c> </c>
         <w xml:id="pba35-148170"
            n="a-0400"
            ecep:lem="that"
            ecep:pos="cst"
            ecep:reg="That"
            ecep:spe="That"
            ecep:syllab="1"
            ecep:pron="ðæt">That</w>
         <c> </c>
         <w xml:id="pba35-148180"
            n="a-0410"
            ecep:lem="we|be"
            ecep:pos="pns12|vbb"
            ecep:reg="we're"
            ecep:spe="we're"
            ecep:syllab="1"
            ecep:pron="wɪə">we're</w>
         <c> </c>
         <w xml:id="pba35-148190"
            n="a-0420"
            ecep:lem="to"
            ecep:pos="pc-acp"
            ecep:reg="to"
            ecep:spe="to"
            ecep:syllab="1"
            ecep:pron="tuː">to</w>
         <c> </c>
         <w xml:id="pba35-148200"
            n="a-0430"
            ecep:lem="lose"
            ecep:pos="vvi"
            ecep:reg="lose"
            ecep:spe="lose"
            ecep:syllab="1"
            ecep:pron="luːz">lose</w>
         <c> </c>
         <w xml:id="pba35-148210"
            n="a-0440"
            ecep:lem="your"
            ecep:pos="po22"
            ecep:reg="Your"
            ecep:spe="Your"
            ecep:syllab="1"
            ecep:pron="jɔː">Your</w>
         <c> </c>
         <w xml:id="pba35-148220"
            n="a-0450"
            ecep:lem="grace"
            ecep:pos="n1"
            ecep:reg="Grace"
            ecep:spe="Grace"
            ecep:syllab="1"
            ecep:pron="greɪs">Grace</w>
         <c> </c>
         <w xml:id="pba35-148230"
            n="a-0460"
            ecep:lem="tomorrow"
            ecep:pos="av-an"
            ecep:reg="Tomorrow"
            ecep:spe="To-morrow"
            ecep:syllab="3"
            ecep:pron="təˈmɒrəʊ">To-morrow</w>
         <pc xml:id="pba35-148240"
             n="a-0470"
             ecep:lem=";"
             ecep:pos=";"
             ecep:reg=";"
             ecep:spe=";">;</pc>
      </l>
      <l n="3" xml:id="pba35-l07595">
         <c> </c>
         <w xml:id="pba35-148250"
            n="a-0480"
            ecep:lem="nor"
            ecep:pos="ccx"
            ecep:reg="Nor"
            ecep:spe="Nor"
            ecep:syllab="1"
            ecep:pron="nɔː">Nor</w>
         <c> </c>
         <w xml:id="pba35-148260"
            n="a-0490"
            ecep:lem="you"
            ecep:pos="pn22"
            ecep:reg="you"
            ecep:spe="you"
            ecep:syllab="1"
            ecep:pron="juː">you</w>
         <c> </c>
         <w xml:id="pba35-148270"
            n="a-0500"
            ecep:lem="alone"
            ecep:pos="j"
            ecep:reg="alone"
            ecep:spe="alone"
            ecep:syllab="2"
            ecep:pron="əˈləʊn">alone</w>
         <pc xml:id="pba35-148280"
             n="a-0510"
             ecep:lem=","
             ecep:pos=","
             ecep:reg=","
             ecep:spe=",">,</pc>
         <c> </c>
         <w xml:id="pba35-148290"
            n="a-0520"
            ecep:lem="but"
            ecep:pos="cc-acp"
            ecep:reg="but"
            ecep:spe="but"
            ecep:syllab="1"
            ecep:pron="bʌt">but</w>
         <c> </c>
         <w xml:id="pba35-148300"
            n="a-0530"
            ecep:lem="lady"
            ecep:pos="n1"
            ecep:reg="Lady"
            ecep:spe="Lady"
            ecep:syllab="2"
            ecep:pron="ˈleɪdi">Lady</w>
         <c> </c>
         <hi>
            <w xml:id="pba35-148310"
               n="a-0540"
               ecep:lem="di"
               ecep:pos="crd"
               ecep:reg="Di"
               ecep:spe="Di"
               ecep:syllab="1"
               ecep:pron="ˈdaɪ">Di</w>
            <pc xml:id="pba35-148320"
                n="a-0550"
                unit="sentence"
                ecep:lem="."
                ecep:pos="."
                ecep:reg="."
                ecep:spe=".">.</pc>
            <c> </c>
         </hi>
      </l>
      <l n="4" xml:id="pba35-l07600">
         <w xml:id="pba35-148330"
            n="a-0560"
            ecep:lem="where"
            ecep:pos="q-crq"
            ecep:reg="Where"
            ecep:spe="Where"
            ecep:syllab="1"
            ecep:pron="weə">Where</w>
         <pc xml:id="pba35-148340"
             n="a-0570"
             ecep:lem=","
             ecep:pos=","
             ecep:reg=","
             ecep:spe=",">,</pc>
         <c> </c>
         <w xml:id="pba35-148350"
            n="a-0580"
            ecep:lem="thus"
            ecep:pos="av"
            ecep:reg="thus"
            ecep:spe="thus"
            ecep:syllab="1"
            ecep:pron="ðʌs">thus</w>
         <c> </c>
         <w xml:id="pba35-148360"
            n="a-0590"
            ecep:lem="desert"
            ecep:pos="vvn"
            ecep:reg="deserted"
            ecep:spe="deserted"
            ecep:syllab="3"
            ecep:pron="diˈzɜːtɪd">deserted</w>
         <pc xml:id="pba35-148370"
             n="a-0600"
             ecep:lem=","
             ecep:pos=","
             ecep:reg=","
             ecep:spe=",">,</pc>
         <c> </c>
         <w xml:id="pba35-148380"
            n="a-0610"
            ecep:lem="shall"
            ecep:pos="vmb"
            ecep:reg="shall"
            ecep:spe="shall"
            ecep:syllab="1"
            ecep:pron="ʃæl">shall</w>
         <c> </c>
         <w xml:id="pba35-148390"
            n="a-0620"
            ecep:lem="i"
            ecep:pos="pns11"
            ecep:reg="I"
            ecep:spe="I"
            ecep:syllab="1"
            ecep:pron="aɪ">I</w>
         <c> </c>
         <w xml:id="pba35-148400"
            n="a-0630"
            ecep:lem="fly"
            ecep:pos="vvi"
            ecep:reg="fly"
            ecep:spe="fly"
            ecep:syllab="1"
            ecep:pron="flaɪ">fly</w>
         <pc xml:id="pba35-148410"
             n="a-0640"
             unit="sentence"
             ecep:lem="?"
             ecep:pos="?"
             ecep:reg="?"
             ecep:spe="?">?</pc>
         <c> </c>
      </l>
      <l n="5" xml:id="pba35-l07605">
         <w xml:id="pba35-148420"
            n="a-0650"
            ecep:lem="be"
            ecep:pos="vbm"
            ecep:reg="Am"
            ecep:spe="Am"
            ecep:syllab="1"
            ecep:pron="æm">Am</w>
         <c> </c>
         <w xml:id="pba35-148430"
            n="a-0660"
            ecep:lem="i"
            ecep:pos="pns11"
            ecep:reg="I"
            ecep:spe="I"
            ecep:syllab="1"
            ecep:pron="aɪ">I</w>
         <c> </c>
         <w xml:id="pba35-148440"
            n="a-0670"
            ecep:lem="condemn"
            ecep:pos="vvn"
            ecep:reg="condemned"
            ecep:spe="condemn'd"
            ecep:syllab="2"
            ecep:pron="kənˈdemd">condemn'd</w>
         <c> </c>
         <w xml:id="pba35-148450"
            n="a-0680"
            ecep:lem="to"
            ecep:pos="pc-acp"
            ecep:reg="to"
            ecep:spe="to"
            ecep:syllab="1"
            ecep:pron="tuː">to</w>
         <c> </c>
         <w xml:id="pba35-148460"
            n="a-0690"
            ecep:lem="live"
            ecep:pos="vvi"
            ecep:reg="live"
            ecep:spe="live"
            ecep:syllab="1"
            ecep:pron="lɪv">live</w>
         <c> </c>
         <w xml:id="pba35-148470"
            n="a-0700"
            ecep:lem="in"
            ecep:pos="p-acp"
            ecep:reg="in"
            ecep:spe="in"
            ecep:syllab="1"
            ecep:pron="ɪn">in</w>
         <c> </c>
         <w xml:id="pba35-148480"
            n="a-0710"
            ecep:lem="pain"
            ecep:pos="n1"
            ecep:reg="Pain"
            ecep:spe="Pain"
            ecep:syllab="1"
            ecep:pron="peɪn">Pain</w>
         <pc xml:id="pba35-148490"
             n="a-0720"
             ecep:lem=","
             ecep:pos=","
             ecep:reg=","
             ecep:spe=",">,</pc>
      </l>
      <l n="6" xml:id="pba35-l07610">
         <c> </c>
         <w xml:id="pba35-148500"
            n="a-0730"
            ecep:lem="till"
            ecep:pos="c-acp"
            ecep:reg="Till"
            ecep:spe="Till"
            ecep:syllab="1"
            ecep:pron="tɪl">Till</w>
         <c> </c>
         <w xml:id="pba35-148510"
            n="a-0740"
            ecep:lem="distant"
            ecep:pos="j"
            ecep:reg="distant"
            ecep:spe="distant"
            ecep:syllab="2"
            ecep:pron="ˈdɪstənt">distant</w>
         <c> </c>
         <w xml:id="pba35-148520"
            n="a-0750"
            ecep:lem="autumn"
            ecep:pos="n1"
            ecep:reg="Autumn"
            ecep:spe="Autumn"
            ecep:syllab="2"
            ecep:pron="ˈɔːtəm">Autumn</w>
         <c> </c>
         <w xml:id="pba35-148530"
            n="a-0760"
            ecep:lem="come"
            ecep:pos="vvz"
            ecep:reg="comes"
            ecep:spe="comes"
            ecep:syllab="1"
            ecep:pron="kʌmz">comes</w>
         <c> </c>
         <w xml:id="pba35-148540"
            n="a-0770"
            ecep:lem="again"
            ecep:pos="av"
            ecep:reg="again"
            ecep:spe="again"
            ecep:syllab="2"
            ecep:pron="əˈgen">again</w>
         <pc xml:id="pba35-148550"
             n="a-0780"
             unit="sentence"
             ecep:lem="?"
             ecep:pos="?"
             ecep:reg="?"
             ecep:spe="?">?</pc>
         <c> </c>
      </l>
      <l n="7" xml:id="pba35-l07615">
         <w xml:id="pba35-148560"
            n="a-0790"
            ecep:lem="till"
            ecep:pos="p-acp"
            ecep:reg="Till"
            ecep:spe="Till"
            ecep:syllab="1"
            ecep:pron="tɪl">Till</w>
         <c> </c>
         <w xml:id="pba35-148570"
            n="a-0800"
            ecep:lem="time"
            ecep:pos="n1"
            ecep:reg="Time"
            ecep:spe="Time"
            ecep:syllab="1"
            ecep:pron="taɪm">Time</w>
         <pc xml:id="pba35-148580"
             n="a-0810"
             ecep:lem=","
             ecep:pos=","
             ecep:reg=","
             ecep:spe=",">,</pc>
         <c> </c>
         <w xml:id="pba35-148590"
            n="a-0820"
            ecep:lem="in"
            ecep:pos="p-acp"
            ecep:reg="in"
            ecep:spe="in"
            ecep:syllab="1"
            ecep:pron="ɪn">in</w>
         <c> </c>
         <w xml:id="pba35-148600"
            n="a-0830"
            ecep:lem="pity"
            ecep:pos="n1"
            ecep:reg="Pity"
            ecep:spe="Pity"
            ecep:syllab="2"
            ecep:pron="ˈpɪti">Pity</w>
         <c> </c>
         <w xml:id="pba35-148610"
            n="a-0840"
            ecep:lem="to"
            ecep:pos="p-acp"
            ecep:reg="to"
            ecep:spe="to"
            ecep:syllab="1"
            ecep:pron="tuː">to</w>
         <c> </c>
         <w xml:id="pba35-148620"
            n="a-0850"
            ecep:lem="my"
            ecep:pos="po11"
            ecep:reg="my"
            ecep:spe="my"
            ecep:syllab="1"
            ecep:pron="maɪ">my</w>
         <c> </c>
         <w xml:id="pba35-148630"
            n="a-0860"
            ecep:lem="grief"
            ecep:pos="n1"
            ecep:reg="Grief"
            ecep:spe="Grief"
            ecep:syllab="1"
            ecep:pron="griːf">Grief</w>
         <pc xml:id="pba35-148640"
             n="a-0870"
             ecep:lem=","
             ecep:pos=","
             ecep:reg=","
             ecep:spe=",">,</pc>
      </l>
      <l n="8" xml:id="pba35-l07620">
         <c> </c>
         <w xml:id="pba35-148650"
            n="a-0880"
            ecep:lem="shall"
            ecep:pos="vmb"
            ecep:reg="Shall"
            ecep:spe="Shall"
            ecep:syllab="1"
            ecep:pron="ʃæl">Shall</w>
         <c> </c>
         <w xml:id="pba35-148660"
            n="a-0890"
            ecep:lem="bring"
            ecep:pos="vvi"
            ecep:reg="bring"
            ecep:spe="bring"
            ecep:syllab="1"
            ecep:pron="brɪŋ">bring</w>
         <c> </c>
         <w xml:id="pba35-148670"
            n="a-0900"
            ecep:lem="you"
            ecep:pos="pn22"
            ecep:reg="you"
            ecep:spe="you"
            ecep:syllab="1"
            ecep:pron="juː">you</w>
         <c> </c>
         <w xml:id="pba35-148680"
            n="a-0910"
            ecep:lem="back"
            ecep:pos="av"
            ecep:reg="back"
            ecep:spe="back"
            ecep:syllab="1"
            ecep:pron="bæk">back</w>
         <c> </c>
         <w xml:id="pba35-148690"
            n="a-0920"
            ecep:lem="to"
            ecep:pos="p-acp"
            ecep:reg="to"
            ecep:spe="to"
            ecep:syllab="1"
            ecep:pron="tuː">to</w>
         <c> </c>
         <w xml:id="pba35-148700"
            n="a-0930"
            ecep:lem="my"
            ecep:pos="po11"
            ecep:reg="my"
            ecep:spe="my"
            ecep:syllab="1"
            ecep:pron="maɪ">my</w>
         <c> </c>
         <w xml:id="pba35-148710"
            n="a-0940"
            ecep:lem="relief"
            ecep:pos="n1"
            ecep:reg="Relief"
            ecep:spe="Relief"
            ecep:syllab="2"
            ecep:pron="riˈliːf">Relief</w>
         <pc xml:id="pba35-148720"
             n="a-0950"
             unit="sentence"
             ecep:lem="?"
             ecep:pos="?"
             ecep:reg="?"
             ecep:spe="?">?</pc>
         <c> </c>
      </l>
      <pb n="123" rend="none"/>
   </lg>
   <lg xml:id="pba35-s00965">
      <l n="9" xml:id="pba35-l07625">
         <hi rendition="#sc">
            <w xml:id="pba35-148750"
               n="a-0010"
               ecep:lem="do"
               ecep:pos="vdb"
               ecep:reg="Do"
               ecep:spe="Do"
               ecep:syllab="1"
               ecep:pron="duː">Do</w>
         </hi>
         <c> </c>
         <w xml:id="pba35-148760"
            n="a-0020"
            ecep:lem="not"
            ecep:pos="xx"
            ecep:reg="not"
            ecep:spe="not"
            ecep:syllab="1"
            ecep:pron="ˈdɪdnt">not</w>
         <pc xml:id="pba35-148770"
             n="a-0030"
             ecep:lem=","
             ecep:pos=","
             ecep:reg=","
             ecep:spe=",">,</pc>
         <c> </c>
         <w xml:id="pba35-148780"
            n="a-0040"
            ecep:lem="relentless"
            ecep:pos="j"
            ecep:reg="relentless"
            ecep:spe="relentless"
            ecep:syllab="3"
            ecep:pron="riˈlentləs">relentless</w>
         <pc xml:id="pba35-148790"
             n="a-0050"
             ecep:lem=","
             ecep:pos=","
             ecep:reg=","
             ecep:spe=",">,</pc>
         <c> </c>
         <w xml:id="pba35-148800"
            n="a-0060"
            ecep:lem="let"
            ecep:pos="vvb"
            ecep:reg="let"
            ecep:spe="let"
            ecep:syllab="1"
            ecep:pron="let">let</w>
         <c> </c>
         <w xml:id="pba35-148810"
            n="a-0070"
            ecep:lem="i"
            ecep:pos="pno11"
            ecep:reg="me"
            ecep:spe="me"
            ecep:syllab="1"
            ecep:pron="miː">me</w>
         <c> </c>
         <w xml:id="pba35-148820"
            n="a-0080"
            ecep:lem="moan"
            ecep:pos="vvi"
            ecep:reg="moan"
            ecep:spe="moan"
            ecep:syllab="1"
            ecep:pron="məʊn">moan</w>
         <pc xml:id="pba35-148830"
             n="a-0090"
             ecep:lem=";"
             ecep:pos=";"
             ecep:reg=";"
             ecep:spe=";">;</pc>
      </l>
      <l n="10" xml:id="pba35-l07630">
         <c> </c>
         <w xml:id="pba35-148840"
            n="a-0100"
            ecep:lem="o"
            ecep:pos="uh"
            ecep:reg="OH"
            ecep:spe="O"
            ecep:syllab="1"
            ecep:pron="əʊ">O</w>
         <c> </c>
         <w xml:id="pba35-148850"
            n="a-0110"
            ecep:lem="take"
            ecep:pos="vvb"
            ecep:reg="take"
            ecep:spe="take"
            ecep:syllab="1"
            ecep:pron="teɪk">take</w>
         <c> </c>
         <w xml:id="pba35-148860"
            n="a-0120"
            ecep:lem="i"
            ecep:pos="pno11"
            ecep:reg="me"
            ecep:spe="me"
            ecep:syllab="1"
            ecep:pron="miː">me</w>
         <pc xml:id="pba35-148870"
             n="a-0130"
             ecep:lem=","
             ecep:pos=","
             ecep:reg=","
             ecep:spe=",">,</pc>
         <c> </c>
         <w xml:id="pba35-148880"
            n="a-0140"
            ecep:lem="lady"
            ecep:pos="n2"
            ecep:reg="Ladies"
            ecep:spe="Ladies"
            ecep:syllab="2"
            ecep:pron="ˈleɪdiz">Ladies</w>
         <pc xml:id="pba35-148890"
             n="a-0150"
             ecep:lem=","
             ecep:pos=","
             ecep:reg=","
             ecep:spe=",">,</pc>
         <c> </c>
         <w xml:id="pba35-148900"
            n="a-0160"
            ecep:lem="as"
            ecep:pos="c-acp"
            ecep:reg="as"
            ecep:spe="as"
            ecep:syllab="1"
            ecep:pron="æz">as</w>
         <c> </c>
         <w xml:id="pba35-148910"
            n="a-0170"
            ecep:lem="your"
            ecep:pos="po22"
            ecep:reg="your"
            ecep:spe="your"
            ecep:syllab="1"
            ecep:pron="jɔː">your</w>
         <c> </c>
         <w xml:id="pba35-148920"
            n="a-0180"
            ecep:lem="own"
            ecep:pos="d"
            ecep:reg="own"
            ecep:spe="own"
            ecep:syllab="1"
            ecep:pron="əʊn">own</w>
         <pc xml:id="pba35-148930"
             n="a-0190"
             unit="sentence"
             ecep:lem="!"
             ecep:pos="!"
             ecep:reg="!"
             ecep:spe="!">!</pc>
         <c> </c>
      </l>
      <l n="11" xml:id="pba35-l07635">
         <w xml:id="pba35-148940"
            n="a-0200"
            ecep:lem="though"
            ecep:pos="c-acp"
            ecep:reg="Though"
            ecep:spe="Tho'"
            ecep:syllab="1"
            ecep:pron="ðəʊ">Tho'</w>
         <c> </c>
         <w xml:id="pba35-148950"
            n="a-0210"
            ecep:lem="thousand"
            ecep:pos="crd"
            ecep:reg="Thousands"
            ecep:spe="Thousands"
            ecep:syllab="2"
            ecep:pron="ˈθaʊzndz">Thousands</w>
         <c> </c>
         <w xml:id="pba35-148960"
            n="a-0220"
            ecep:lem="have"
            ecep:pos="vhi"
            ecep:reg="have"
            ecep:spe="have"
            ecep:syllab="1"
            ecep:pron="hæv">have</w>
         <c> </c>
         <w xml:id="pba35-148970"
            n="a-0230"
            ecep:lem="your"
            ecep:pos="po22"
            ecep:reg="your"
            ecep:spe="your"
            ecep:syllab="1"
            ecep:pron="jɔː">your</w>
         <c> </c>
         <w xml:id="pba35-148980"
            n="a-0240"
            ecep:lem="rigour"
            ecep:pos="n1"
            ecep:reg="Rigour"
            ecep:spe="Rigour"
            ecep:syllab="2"
            ecep:pron="ˈrɪgə">Rigour</w>
         <c> </c>
         <w xml:id="pba35-148990"
            n="a-0250"
            ecep:lem="feel"
            ecep:pos="vvd"
            ecep:reg="felt"
            ecep:spe="felt"
            ecep:syllab="1"
            ecep:pron="felt">felt</w>
         <pc xml:id="pba35-149000"
             n="a-0260"
             ecep:lem=","
             ecep:pos=","
             ecep:reg=","
             ecep:spe=",">,</pc>
      </l>
      <l n="12" xml:id="pba35-l07640">
         <c> </c>
         <w xml:id="pba35-149010"
            n="a-0270"
            ecep:lem="let"
            ecep:pos="vvb"
            ecep:reg="Let"
            ecep:spe="Let"
            ecep:syllab="1"
            ecep:pron="let">Let</w>
         <c> </c>
         <w xml:id="pba35-149020"
            n="a-0280"
            ecep:lem="i"
            ecep:pos="pno11"
            ecep:reg="me"
            ecep:spe="me"
            ecep:syllab="1"
            ecep:pron="miː">me</w>
         <c> </c>
         <w xml:id="pba35-149030"
            n="a-0290"
            ecep:lem="your"
            ecep:pos="po22"
            ecep:reg="your"
            ecep:spe="your"
            ecep:syllab="1"
            ecep:pron="jɔː">your</w>
         <c> </c>
         <w xml:id="pba35-149040"
            n="a-0300"
            ecep:lem="lovely"
            ecep:pos="j"
            ecep:reg="lovely"
            ecep:spe="lovely"
            ecep:syllab="2"
            ecep:pron="ˈlʌvli">lovely</w>
         <c> </c>
         <w xml:id="pba35-149050"
            n="a-0310"
            ecep:lem="bosom"
            ecep:pos="n2"
            ecep:reg="Bosoms"
            ecep:spe="Bosoms"
            ecep:syllab="2"
            ecep:pron="ˈbʊzəmz">Bosoms</w>
         <c> </c>
         <w xml:id="pba35-149060"
            n="a-0320"
            ecep:lem="melt"
            ecep:pos="vvi"
            ecep:reg="melt"
            ecep:spe="melt"
            ecep:syllab="1"
            ecep:pron="melt">melt</w>
         <pc xml:id="pba35-149070"
             n="a-0330"
             ecep:lem=":"
             ecep:pos=":"
             ecep:reg=":"
             ecep:spe=":">:</pc>
      </l>
      <l n="13" xml:id="pba35-l07645">
         <c> </c>
         <w xml:id="pba35-149080"
            n="a-0340"
            ecep:lem="since"
            ecep:pos="c-acp"
            ecep:reg="Since"
            ecep:spe="Since"
            ecep:syllab="1"
            ecep:pron="sɪns">Since</w>
         <c> </c>
         <w xml:id="pba35-149090"
            n="a-0350"
            ecep:lem="you"
            ecep:pos="pn22"
            ecep:reg="you"
            ecep:spe="you"
            ecep:syllab="1"
            ecep:pron="juː">you</w>
         <c> </c>
         <w xml:id="pba35-149100"
            n="a-0360"
            ecep:lem="to"
            ecep:pos="pc-acp"
            ecep:reg="to"
            ecep:spe="to"
            ecep:syllab="1"
            ecep:pron="tuː">to</w>
         <c> </c>
         <w xml:id="pba35-149110"
            n="a-0370"
            ecep:lem="win"
            ecep:pos="vvi"
            ecep:reg="win"
            ecep:spe="win"
            ecep:syllab="1"
            ecep:pron="wɪn">win</w>
         <c> </c>
         <w xml:id="pba35-149120"
            n="a-0380"
            ecep:lem="my"
            ecep:pos="po11"
            ecep:reg="my"
            ecep:spe="my"
            ecep:syllab="1"
            ecep:pron="maɪ">my</w>
         <c> </c>
         <w xml:id="pba35-149130"
            n="a-0390"
            ecep:lem="heart"
            ecep:pos="n1"
            ecep:reg="Heart"
            ecep:spe="Heart"
            ecep:syllab="1"
            ecep:pron="hɑːt">Heart</w>
         <c> </c>
         <w xml:id="pba35-149140"
            n="a-0400"
            ecep:lem="have"
            ecep:pos="vhb"
            ecep:reg="have"
            ecep:spe="have"
            ecep:syllab="1"
            ecep:pron="hæv">have</w>
         <c> </c>
         <w xml:id="pba35-149150"
            n="a-0410"
            ecep:lem="deign"
            ecep:pos="vvn"
            ecep:reg="deigned"
            ecep:spe="deign'd"
            ecep:syllab="1"
            ecep:pron="deɪnd">deign'd</w>
         <pc xml:id="pba35-149160"
             n="a-0420"
             ecep:lem=","
             ecep:pos=","
             ecep:reg=","
             ecep:spe=",">,</pc>
      </l>
      <l n="14" xml:id="pba35-l07650">
         <c> </c>
         <w xml:id="pba35-149170"
            n="a-0430"
            ecep:lem="quit"
            ecep:pos="vvb"
            ecep:reg="Quit"
            ecep:spe="Quit"
            ecep:syllab="1"
            ecep:pron="kwɪt">Quit</w>
         <c> </c>
         <w xml:id="pba35-149180"
            n="a-0440"
            ecep:lem="not"
            ecep:pos="xx"
            ecep:reg="not"
            ecep:spe="not"
            ecep:syllab="1"
            ecep:pron="ˈdɪdnt">not</w>
         <c> </c>
         <w xml:id="pba35-149190"
            n="a-0450"
            ecep:lem="the"
            ecep:pos="dt"
            ecep:reg="the"
            ecep:spe="the"
            ecep:syllab="1"
            ecep:pron="ðiː">the</w>
         <c> </c>
         <w xml:id="pba35-149200"
            n="a-0460"
            ecep:lem="conquest"
            ecep:pos="n1"
            ecep:reg="Conquest"
            ecep:spe="Conquest"
            ecep:syllab="2"
            ecep:pron="ˈkɒŋkwest">Conquest</w>
         <c> </c>
         <w xml:id="pba35-149210"
            n="a-0470"
            ecep:lem="you"
            ecep:pos="pn22"
            ecep:reg="you"
            ecep:spe="you"
            ecep:syllab="1"
            ecep:pron="juː">you</w>
         <c> </c>
         <w xml:id="pba35-149220"
            n="a-0480"
            ecep:lem="have"
            ecep:pos="vhb"
            ecep:reg="have"
            ecep:spe="have"
            ecep:syllab="1"
            ecep:pron="hæv">have</w>
         <c> </c>
         <w xml:id="pba35-149230"
            n="a-0490"
            ecep:lem="gain"
            ecep:pos="vvn"
            ecep:reg="gained"
            ecep:spe="gain'd"
            ecep:syllab="1"
            ecep:pron="geɪnd">gain'd</w>
         <pc xml:id="pba35-149240"
             n="a-0500"
             ecep:lem=":"
             ecep:pos=":"
             ecep:reg=":"
             ecep:spe=":">:</pc>
      </l>
      <l n="15" xml:id="pba35-l07655">
         <c> </c>
         <w xml:id="pba35-149250"
            n="a-0510"
            ecep:lem="nor"
            ecep:pos="ccx"
            ecep:reg="Nor"
            ecep:spe="Nor"
            ecep:syllab="1"
            ecep:pron="nɔː">Nor</w>
         <c> </c>
         <hi rendition="#sc">
            <w xml:id="pba35-149260"
               n="a-0520"
               ecep:lem="marlbro"
               ecep:pos="npg1"
               ecep:reg="Marlbro's"
               ecep:spe="Marlbro's"
               ecep:syllab="2"
               ecep:pron="ˈmɔːlbrəz">Marlbro's</w>
         </hi>
         <c> </c>
         <w xml:id="pba35-149270"
            n="a-0530"
            ecep:lem="glorious"
            ecep:pos="j"
            ecep:reg="glorious"
            ecep:spe="glorious"
            ecep:syllab="2"
            ecep:pron="ˈglɔːriəs">glorious</w>
         <c> </c>
         <w xml:id="pba35-149280"
            n="a-0540"
            ecep:lem="footstep"
            ecep:pos="n2"
            ecep:reg="Footsteps"
            ecep:spe="Footsteps"
            ecep:syllab="2"
            ecep:pron="ˈfʊtsteps">Footsteps</w>
         <c> </c>
         <w xml:id="pba35-149290"
            n="a-0550"
            ecep:lem="shun"
            ecep:pos="vvb"
            ecep:reg="shun"
            ecep:spe="shun"
            ecep:syllab="1"
            ecep:pron="ʃʌn">shun</w>
         <pc xml:id="pba35-149300"
             n="a-0560"
             ecep:lem=";"
             ecep:pos=";"
             ecep:reg=";"
             ecep:spe=";">;</pc>
      </l>
      <l n="16" xml:id="pba35-l07660">
         <c> </c>
         <w xml:id="pba35-149310"
            n="a-0570"
            ecep:lem="he"
            ecep:pos="pns31"
            ecep:reg="He"
            ecep:spe="He"
            ecep:syllab="1"
            ecep:pron="hiː">He</w>
         <c> </c>
         <w xml:id="pba35-149320"
            n="a-0580"
            ecep:lem="always"
            ecep:pos="av"
            ecep:reg="always"
            ecep:spe="always"
            ecep:syllab="2"
            ecep:pron="ˈɔːlweɪz">always</w>
         <c> </c>
         <w xml:id="pba35-149330"
            n="a-0590"
            ecep:lem="keep"
            ecep:pos="vvd"
            ecep:reg="kept"
            ecep:spe="kept"
            ecep:syllab="1"
            ecep:pron="kept">kept</w>
         <c> </c>
         <w xml:id="pba35-149340"
            n="a-0600"
            ecep:lem="the"
            ecep:pos="dt"
            ecep:reg="the"
            ecep:spe="the"
            ecep:syllab="1"
            ecep:pron="ðiː">the</w>
         <c> </c>
         <w xml:id="pba35-149350"
            n="a-0610"
            ecep:lem="field"
            ecep:pos="n1"
            ecep:reg="Field"
            ecep:spe="Field"
            ecep:syllab="1"
            ecep:pron="fiːld">Field</w>
         <c> </c>
         <w xml:id="pba35-149360"
            n="a-0620"
            ecep:lem="he"
            ecep:pos="pns31"
            ecep:reg="he"
            ecep:spe="he"
            ecep:syllab="1"
            ecep:pron="hiː">he</w>
         <c> </c>
         <w xml:id="pba35-149370"
            n="a-0630"
            ecep:lem="win"
            ecep:pos="vvd"
            ecep:reg="won"
            ecep:spe="won"
            ecep:syllab="1"
            ecep:pron="wʌn">won</w>
         <pc xml:id="pba35-149380"
             n="a-0640"
             unit="sentence"
             ecep:lem="."
             ecep:pos="."
             ecep:reg="."
             ecep:spe=".">.</pc>
         <c> </c>
      </l>
   </lg>
   <trailer>
      <hi>
         <w xml:id="pba35-149410"
            n="a-0650"
            ecep:lem="write"
            ecep:pos="vvn"
            ecep:reg="Written"
            ecep:spe="Written"
            ecep:syllab="2"
            ecep:pron="ˈrɪtn">Written</w>
         <c> </c>
         <w xml:id="pba35-149420"
            n="a-0660"
            ecep:lem="at"
            ecep:pos="p-acp"
            ecep:reg="at"
            ecep:spe="at"
            ecep:syllab="1"
            ecep:pron="æt">at</w>
         <c> </c>
         <w xml:id="pba35-149430"
            n="a-0670"
            ecep:lem="tunbridge-well"
            ecep:pos="n2"
            ecep:reg="Tunbridge-Wells"
            ecep:spe="Tunbridge-Wells"
            ecep:syllab="3"
            ecep:pron="ˈtʌnbrɪdʒˌwelz">Tunbridge-Wells</w>
         <pc xml:id="pba35-149440"
             n="a-0680"
             ecep:lem=","
             ecep:pos=","
             ecep:reg=","
             ecep:spe=",">,</pc>
         <c> </c>
         <w xml:id="pba35-149450"
            n="a-0690"
            ecep:lem="august"
            ecep:pos="j"
            ecep:reg="August"
            ecep:spe="August"
            ecep:syllab="2"
            ecep:pron="ˌɔːˈgʌst">August</w>
         <pc xml:id="pba35-149460"
             n="a-0700"
             ecep:lem=","
             ecep:pos=","
             ecep:reg=","
             ecep:spe=",">,</pc>
         <c> </c>
         <w xml:id="pba35-149470"
            n="a-0710"
            ecep:lem="1730"
            ecep:pos="crd"
            ecep:reg="1730"
            ecep:spe="1730"
            ecep:syllab="1"
            ecep:pron="wˈɒnθˈaʊzəndsˈevənhˈʌndrədənθˈɜːti">1730</w>
         <pc xml:id="pba35-149480"
             n="a-0720"
             unit="sentence"
             ecep:lem="."
             ecep:pos="."
             ecep:reg="."
             ecep:spe=".">.</pc>
         <c> </c>
      </hi>
   </trailer>
</div>
