<?xml version="1.0" encoding="utf-8"?>
<!DOCTYPE div
  SYSTEM "about:legacy-compat">
<div xmlns:ecep="http://www.eighteenthcenturypoetry.org/ns"
     xmlns="http://www.tei-c.org/ns/1.0"
     xmlns:tei="http://www.tei-c.org/ns/1.0"
     ana="#iamb #pentameter #sonnet"
     corresp="#txt_SmitCh1749_w0036"
     decls="#semi-normalized"
     ecep:syllab="10"
     met="-+|-+|-+|-+|-+/"
     n="35"
     rendition="#lgvspace"
     rhyme="ababcdcdefefgg"
     subtype="eceptext"
     type="sonnet"
     xml:id="n22cs-w0350">
   <link target="authors.xml#aut_SmitCh1749" type="author"/>
   <head type="main">
      <w xml:id="n22cs-089000"
         n="0055-a-0010"
         ecep:lem="sonnet"
         ecep:pos="n1"
         ecep:reg="SONNET"
         ecep:spe="SONNET"
         ecep:syllab="2"
         ecep:pron="ˈsɒnɪt">SONNET</w>
      <c> </c>
      <supplied>35</supplied>
      <c> </c>
      <w xml:id="n22cs-089010"
         n="0055-a-0020"
         ecep:lem="XXXV."
         ecep:pos="np1"
         ecep:reg="XXXV."
         ecep:spe="XXXV."
         ecep:syllab="1"
         ecep:pron="rˌəʊmənθˈɜːtifˈaɪv">XXXV.</w>
      <c> </c>
      <hi>
         <w xml:id="n22cs-089020"
            n="0055-a-0030"
            ecep:lem="to"
            ecep:pos="p-acp"
            ecep:reg="To"
            ecep:spe="To"
            ecep:syllab="1"
            ecep:pron="tuː">To</w>
         <c> </c>
         <w xml:id="n22cs-089030"
            n="0055-a-0040"
            ecep:lem="fortitude"
            ecep:pos="n1"
            ecep:reg="Fortitude"
            ecep:spe="Fortitude"
            ecep:syllab="3"
            ecep:pron="ˈfɔːtɪtʃuːd">Fortitude</w>
         <pc xml:id="n22cs-089040"
             n="0055-a-0050"
             unit="sentence"
             ecep:lem="."
             ecep:pos="."
             ecep:reg="."
             ecep:spe=".">.</pc>
         <c> </c>
      </hi>
   </head>
   <lg xml:id="n22cs-s00655">
      <l xml:id="n22cs-l02580">
         <w xml:id="n22cs-089070"
            n="0055-a-0060"
            ecep:lem="nymph"
            ecep:pos="n1"
            ecep:reg="NYMPH"
            ecep:spe="NYMPH"
            ecep:syllab="1"
            ecep:pron="nɪmf">NYMPH</w>
         <c> </c>
         <w xml:id="n22cs-089080"
            n="0055-a-0070"
            ecep:lem="of"
            ecep:pos="pp-f"
            ecep:reg="of"
            ecep:spe="of"
            ecep:syllab="1"
            ecep:pron="ɒv">of</w>
         <c> </c>
         <w xml:id="n22cs-089090"
            n="0055-a-0080"
            ecep:lem="the"
            ecep:pos="dt"
            ecep:reg="the"
            ecep:spe="the"
            ecep:syllab="1"
            ecep:pron="ðiː">the</w>
         <c> </c>
         <w xml:id="n22cs-089100"
            n="0055-a-0090"
            ecep:lem="rock"
            ecep:pos="n1"
            ecep:reg="rock"
            ecep:spe="rock"
            ecep:syllab="1"
            ecep:pron="rɒk">rock</w>
         <pc xml:id="n22cs-089110"
             n="0055-a-0100"
             ecep:lem="!"
             ecep:pos="!"
             ecep:reg="!"
             ecep:spe="!">!</pc>
         <c> </c>
         <w xml:id="n22cs-089120"
            n="0055-a-0110"
            ecep:lem="who"
            ecep:pos="q-crq"
            ecep:reg="whose"
            ecep:spe="whose"
            ecep:syllab="1"
            ecep:pron="huːz">whose</w>
         <c> </c>
         <w xml:id="n22cs-089130"
            n="0055-a-0120"
            ecep:lem="dauntless"
            ecep:pos="j"
            ecep:reg="dauntless"
            ecep:spe="dauntless"
            ecep:syllab="2"
            ecep:pron="ˈdɔːntləs">dauntless</w>
         <c> </c>
         <w xml:id="n22cs-089140"
            n="0055-a-0130"
            ecep:lem="spirit"
            ecep:pos="n1"
            ecep:reg="spirit"
            ecep:spe="spirit"
            ecep:syllab="2"
            ecep:pron="ˈspɪrɪt">spirit</w>
         <c> </c>
         <w xml:id="n22cs-089150"
            n="0055-a-0140"
            ecep:lem="brave"
            ecep:pos="n2-j"
            ecep:reg="braves"
            ecep:spe="braves"
            ecep:syllab="1"
            ecep:pron="breɪvz">braves</w>
      </l>
      <l xml:id="n22cs-l02585">
         <c> </c>
         <w xml:id="n22cs-089160"
            n="0055-a-0150"
            ecep:lem="the"
            ecep:pos="dt"
            ecep:reg="The"
            ecep:spe="The"
            ecep:syllab="1"
            ecep:pron="ðiː">The</w>
         <c> </c>
         <w xml:id="n22cs-089170"
            n="0055-a-0160"
            ecep:lem="beat"
            ecep:pos="j-vvg"
            ecep:reg="beating"
            ecep:spe="beating"
            ecep:syllab="2"
            ecep:pron="biːtɪŋ">beating</w>
         <c> </c>
         <w xml:id="n22cs-089180"
            n="0055-a-0170"
            ecep:lem="storm"
            ecep:pos="n1"
            ecep:reg="storm"
            ecep:spe="storm"
            ecep:syllab="1"
            ecep:pron="stɔːm">storm</w>
         <pc xml:id="n22cs-089190"
             n="0055-a-0180"
             ecep:lem=","
             ecep:pos=","
             ecep:reg=","
             ecep:spe=",">,</pc>
         <c> </c>
         <w xml:id="n22cs-089200"
            n="0055-a-0190"
            ecep:lem="and"
            ecep:pos="cc"
            ecep:reg="and"
            ecep:spe="and"
            ecep:syllab="1"
            ecep:pron="ænd">and</w>
         <c> </c>
         <w xml:id="n22cs-089210"
            n="0055-a-0200"
            ecep:lem="bitter"
            ecep:pos="j"
            ecep:reg="bitter"
            ecep:spe="bitter"
            ecep:syllab="2"
            ecep:pron="ˈbɪtə">bitter</w>
         <c> </c>
         <w xml:id="n22cs-089220"
            n="0055-a-0210"
            ecep:lem="wind"
            ecep:pos="n2"
            ecep:reg="winds"
            ecep:spe="winds"
            ecep:syllab="1"
            ecep:pron="wɪndz">winds</w>
         <c> </c>
         <w xml:id="n22cs-089230"
            n="0055-a-0220"
            ecep:lem="that"
            ecep:pos="cst"
            ecep:reg="that"
            ecep:spe="that"
            ecep:syllab="1"
            ecep:pron="ðæt">that</w>
         <c> </c>
         <w xml:id="n22cs-089240"
            n="0055-a-0230"
            ecep:lem="howl"
            ecep:pos="vvb"
            ecep:reg="howl"
            ecep:spe="howl"
            ecep:syllab="1"
            ecep:pron="haʊl">howl</w>
      </l>
      <l xml:id="n22cs-l02590">
         <c> </c>
         <w xml:id="n22cs-089250"
            n="0055-a-0240"
            ecep:lem="round"
            ecep:pos="av-j"
            ecep:reg="Round"
            ecep:spe="Round"
            ecep:syllab="1"
            ecep:pron="raʊnd">Round</w>
         <c> </c>
         <w xml:id="n22cs-089260"
            n="0055-a-0250"
            ecep:lem="thy"
            ecep:pos="po21"
            ecep:reg="thy"
            ecep:spe="thy"
            ecep:syllab="1"
            ecep:pron="ðaɪ">thy</w>
         <c> </c>
         <w xml:id="n22cs-089270"
            n="0055-a-0260"
            ecep:lem="cold"
            ecep:pos="n-jn"
            ecep:reg="cold"
            ecep:spe="cold"
            ecep:syllab="1"
            ecep:pron="kəʊld">cold</w>
         <c> </c>
         <w xml:id="n22cs-089280"
            n="0055-a-0270"
            ecep:lem="breast"
            ecep:pos="n1"
            ecep:reg="breast"
            ecep:spe="breast"
            ecep:syllab="1"
            ecep:pron="brest">breast</w>
         <pc xml:id="n22cs-089290"
             n="0055-a-0280"
             ecep:lem=";"
             ecep:pos=";"
             ecep:reg=";"
             ecep:spe=";">;</pc>
         <c> </c>
         <w xml:id="n22cs-089300"
            n="0055-a-0290"
            ecep:lem="and"
            ecep:pos="cc"
            ecep:reg="and"
            ecep:spe="and"
            ecep:syllab="1"
            ecep:pron="ænd">and</w>
         <c> </c>
         <w xml:id="n22cs-089310"
            n="0055-a-0300"
            ecep:lem="hear"
            ecep:pos="vv2"
            ecep:reg="hearest"
            ecep:spe="hear'st"
            ecep:syllab="1"
            ecep:pron="hɪəst">hear'st</w>
         <c> </c>
         <w xml:id="n22cs-089320"
            n="0055-a-0310"
            ecep:lem="the"
            ecep:pos="dt"
            ecep:reg="the"
            ecep:spe="the"
            ecep:syllab="1"
            ecep:pron="ðiː">the</w>
         <c> </c>
         <w xml:id="n22cs-089330"
            n="0055-a-0320"
            ecep:lem="burst"
            ecep:pos="j-vvg"
            ecep:reg="bursting"
            ecep:spe="bursting"
            ecep:syllab="2"
            ecep:pron="bɜːstɪŋ">bursting</w>
         <c> </c>
         <w xml:id="n22cs-089340"
            n="0055-a-0330"
            ecep:lem="wave"
            ecep:pos="n2"
            ecep:reg="waves"
            ecep:spe="waves"
            ecep:syllab="1"
            ecep:pron="weɪvz">waves</w>
         <pc xml:id="n22cs-089350"
             n="0055-a-0340"
             ecep:lem=","
             ecep:pos=","
             ecep:reg=","
             ecep:spe=",">,</pc>
      </l>
      <l xml:id="n22cs-l02595">
         <c> </c>
         <w xml:id="n22cs-089360"
            n="0055-a-0350"
            ecep:lem="and"
            ecep:pos="cc"
            ecep:reg="And"
            ecep:spe="And"
            ecep:syllab="1"
            ecep:pron="ænd">And</w>
         <c> </c>
         <w xml:id="n22cs-089370"
            n="0055-a-0360"
            ecep:lem="the"
            ecep:pos="dt"
            ecep:reg="the"
            ecep:spe="the"
            ecep:syllab="1"
            ecep:pron="ðiː">the</w>
         <c> </c>
         <w xml:id="n22cs-089380"
            n="0055-a-0370"
            ecep:lem="deep"
            ecep:pos="j-jn"
            ecep:reg="deep"
            ecep:spe="deep"
            ecep:syllab="1"
            ecep:pron="diːp">deep</w>
         <c> </c>
         <w xml:id="n22cs-089390"
            n="0055-a-0380"
            ecep:lem="thunder"
            ecep:pos="n1"
            ecep:reg="thunder"
            ecep:spe="thunder"
            ecep:syllab="2"
            ecep:pron="ˈθʌndə">thunder</w>
         <c> </c>
         <w xml:id="n22cs-089400"
            n="0055-a-0390"
            ecep:lem="with"
            ecep:pos="p-acp"
            ecep:reg="with"
            ecep:spe="with"
            ecep:syllab="1"
            ecep:pron="wɪð">with</w>
         <c> </c>
         <w xml:id="n22cs-089410"
            n="0055-a-0400"
            ecep:lem="unshaken"
            ecep:pos="j"
            ecep:reg="unshaken"
            ecep:spe="unshaken"
            ecep:syllab="3"
            ecep:pron="ʌnˈʃeɪkn">unshaken</w>
         <c> </c>
         <w xml:id="n22cs-089420"
            n="0055-a-0410"
            ecep:lem="soul"
            ecep:pos="n1"
            ecep:reg="soul"
            ecep:spe="soul"
            ecep:syllab="1"
            ecep:pron="səʊl">soul</w>
         <pc xml:id="n22cs-089430"
             n="0055-a-0420"
             ecep:lem=";"
             ecep:pos=";"
             ecep:reg=";"
             ecep:spe=";">;</pc>
      </l>
      <l xml:id="n22cs-l02600">
         <c> </c>
         <w xml:id="n22cs-089440"
            n="0055-a-0430"
            ecep:lem="oh"
            ecep:pos="uh"
            ecep:reg="O"
            ecep:spe="Oh"
            ecep:syllab="1"
            ecep:pron="əʊ">Oh</w>
         <c> </c>
         <w xml:id="n22cs-089450"
            n="0055-a-0440"
            ecep:lem="come"
            ecep:pos="vvb"
            ecep:reg="come"
            ecep:spe="come"
            ecep:syllab="1"
            ecep:pron="kʌm">come</w>
         <pc xml:id="n22cs-089460"
             n="0055-a-0450"
             ecep:lem="!"
             ecep:pos="!"
             ecep:reg="!"
             ecep:spe="!">!</pc>
         <c> </c>
         <w xml:id="n22cs-089470"
            n="0055-a-0460"
            ecep:lem="and"
            ecep:pos="cc"
            ecep:reg="and"
            ecep:spe="and"
            ecep:syllab="1"
            ecep:pron="ænd">and</w>
         <c> </c>
         <w xml:id="n22cs-089480"
            n="0055-a-0470"
            ecep:lem="show"
            ecep:pos="vvb"
            ecep:reg="show"
            ecep:spe="shew"
            ecep:syllab="1"
            ecep:pron="ʃəʊ">shew</w>
         <c> </c>
         <w xml:id="n22cs-089490"
            n="0055-a-0480"
            ecep:lem="how"
            ecep:pos="c-crq"
            ecep:reg="how"
            ecep:spe="how"
            ecep:syllab="1"
            ecep:pron="haʊ">how</w>
         <c> </c>
         <w xml:id="n22cs-089500"
            n="0055-a-0490"
            ecep:lem="vain"
            ecep:pos="j"
            ecep:reg="vain"
            ecep:spe="vain"
            ecep:syllab="1"
            ecep:pron="veɪn">vain</w>
         <c> </c>
         <w xml:id="n22cs-089510"
            n="0055-a-0500"
            ecep:lem="the"
            ecep:pos="dt"
            ecep:reg="the"
            ecep:spe="the"
            ecep:syllab="1"
            ecep:pron="ðiː">the</w>
         <c> </c>
         <w xml:id="n22cs-089520"
            n="0055-a-0510"
            ecep:lem="care"
            ecep:pos="n2"
            ecep:reg="cares"
            ecep:spe="cares"
            ecep:syllab="1"
            ecep:pron="keəz">cares</w>
         <c> </c>
         <w xml:id="n22cs-089530"
            n="0055-a-0520"
            ecep:lem="that"
            ecep:pos="cst"
            ecep:reg="that"
            ecep:spe="that"
            ecep:syllab="1"
            ecep:pron="ðæt">that</w>
         <c> </c>
         <w xml:id="n22cs-089540"
            n="0055-a-0530"
            ecep:lem="press"
            ecep:pos="vvb"
            ecep:reg="press"
            ecep:spe="press"
            ecep:syllab="1"
            ecep:pron="pres">press</w>
      </l>
      <l xml:id="n22cs-l02605">
         <c> </c>
         <w xml:id="n22cs-089550"
            n="0055-a-0540"
            ecep:lem="on"
            ecep:pos="p-acp"
            ecep:reg="On"
            ecep:spe="On"
            ecep:syllab="1"
            ecep:pron="ɒn">On</w>
         <c> </c>
         <w xml:id="n22cs-089560"
            n="0055-a-0550"
            ecep:lem="my"
            ecep:pos="po11"
            ecep:reg="my"
            ecep:spe="my"
            ecep:syllab="1"
            ecep:pron="maɪ">my</w>
         <c> </c>
         <w xml:id="n22cs-089570"
            n="0055-a-0560"
            ecep:lem="weak"
            ecep:pos="j"
            ecep:reg="weak"
            ecep:spe="weak"
            ecep:syllab="1"
            ecep:pron="wiːk">weak</w>
         <c> </c>
         <w xml:id="n22cs-089580"
            n="0055-a-0570"
            ecep:lem="bosom"
            ecep:pos="n1"
            ecep:reg="bosom"
            ecep:spe="bosom"
            ecep:syllab="2"
            ecep:pron="ˈbʊzm">bosom</w>
         <c> </c>
         <pc xml:id="n22cs-089590"
             n="0055-a-0580"
             ecep:lem="—"
             ecep:pos="—"
             ecep:reg="—"
             ecep:spe="—">—</pc>
         <c> </c>
         <w xml:id="n22cs-089600"
            n="0055-a-0590"
            ecep:lem="and"
            ecep:pos="cc"
            ecep:reg="and"
            ecep:spe="and"
            ecep:syllab="1"
            ecep:pron="ænd">and</w>
         <c> </c>
         <w xml:id="n22cs-089610"
            n="0055-a-0600"
            ecep:lem="how"
            ecep:pos="q-crq"
            ecep:reg="how"
            ecep:spe="how"
            ecep:syllab="1"
            ecep:pron="haʊ">how</w>
         <c> </c>
         <w xml:id="n22cs-089620"
            n="0055-a-0610"
            ecep:lem="little"
            ecep:pos="j"
            ecep:reg="little"
            ecep:spe="little"
            ecep:syllab="2"
            ecep:pron="ˈlɪtl">little</w>
         <c> </c>
         <w xml:id="n22cs-089630"
            n="0055-a-0620"
            ecep:lem="worth"
            ecep:pos="n1"
            ecep:reg="worth"
            ecep:spe="worth"
            ecep:syllab="1"
            ecep:pron="wɜːθ">worth</w>
      </l>
      <l xml:id="n22cs-l02610">
         <c> </c>
         <w xml:id="n22cs-089640"
            n="0055-a-0630"
            ecep:lem="be"
            ecep:pos="vbz"
            ecep:reg="Is"
            ecep:spe="Is"
            ecep:syllab="1"
            ecep:pron="ɪz">Is</w>
         <c> </c>
         <w xml:id="n22cs-089650"
            n="0055-a-0640"
            ecep:lem="the"
            ecep:pos="dt"
            ecep:reg="the"
            ecep:spe="the"
            ecep:syllab="1"
            ecep:pron="ðiː">the</w>
         <c> </c>
         <w xml:id="n22cs-089660"
            n="0055-a-0650"
            ecep:lem="false"
            ecep:pos="j"
            ecep:reg="false"
            ecep:spe="false"
            ecep:syllab="1"
            ecep:pron="fɔːls">false</w>
         <c> </c>
         <w xml:id="n22cs-089670"
            n="0055-a-0660"
            ecep:lem="fleet"
            ecep:pos="j-vvg"
            ecep:reg="fleeting"
            ecep:spe="fleeting"
            ecep:syllab="2"
            ecep:pron="ˈfliːtɪŋ">fleeting</w>
         <c> </c>
         <w xml:id="n22cs-089680"
            n="0055-a-0670"
            ecep:lem="meteor"
            ecep:pos="n1"
            ecep:reg="meteor"
            ecep:spe="meteor"
            ecep:syllab="3"
            ecep:pron="ˈmiːtiə">meteor</w>
         <pc xml:id="n22cs-089690"
             n="0055-a-0680"
             ecep:lem=","
             ecep:pos=","
             ecep:reg=","
             ecep:spe=",">,</pc>
         <c> </c>
         <w xml:id="n22cs-089700"
            n="0055-a-0690"
            ecep:lem="happiness"
            ecep:pos="n1"
            ecep:reg="Happiness"
            ecep:spe="Happiness"
            ecep:syllab="3"
            ecep:pron="ˈhæpɪnəs">Happiness</w>
         <pc xml:id="n22cs-089710"
             n="0055-a-0700"
             ecep:lem=","
             ecep:pos=","
             ecep:reg=","
             ecep:spe=",">,</pc>
      </l>
      <l xml:id="n22cs-l02615">
         <c> </c>
         <w xml:id="n22cs-089720"
            n="0055-a-0710"
            ecep:lem="that"
            ecep:pos="cst"
            ecep:reg="That"
            ecep:spe="That"
            ecep:syllab="1"
            ecep:pron="ðæt">That</w>
         <c> </c>
         <w xml:id="n22cs-089730"
            n="0055-a-0720"
            ecep:lem="still"
            ecep:pos="av"
            ecep:reg="still"
            ecep:spe="still"
            ecep:syllab="1"
            ecep:pron="stɪl">still</w>
         <c> </c>
         <w xml:id="n22cs-089740"
            n="0055-a-0730"
            ecep:lem="mislead"
            ecep:pos="vvz"
            ecep:reg="misleads"
            ecep:spe="misleads"
            ecep:syllab="2"
            ecep:pron="mɪˈsliːdz">misleads</w>
         <c> </c>
         <w xml:id="n22cs-089750"
            n="0055-a-0740"
            ecep:lem="the"
            ecep:pos="dt"
            ecep:reg="the"
            ecep:spe="the"
            ecep:syllab="1"
            ecep:pron="ðiː">the</w>
         <c> </c>
         <w xml:id="n22cs-089760"
            n="0055-a-0750"
            ecep:lem="wanderer"
            ecep:pos="n2"
            ecep:reg="wanderers"
            ecep:spe="wand'rers"
            ecep:syllab="2"
            ecep:pron="wˈɒndrəz">wand'rers</w>
         <c> </c>
         <w xml:id="n22cs-089770"
            n="0055-a-0760"
            ecep:lem="of"
            ecep:pos="pp-f"
            ecep:reg="of"
            ecep:spe="of"
            ecep:syllab="1"
            ecep:pron="ɒv">of</w>
         <c> </c>
         <w xml:id="n22cs-089780"
            n="0055-a-0770"
            ecep:lem="the"
            ecep:pos="dt"
            ecep:reg="the"
            ecep:spe="the"
            ecep:syllab="1"
            ecep:pron="ðiː">the</w>
         <c> </c>
         <w xml:id="n22cs-089790"
            n="0055-a-0780"
            ecep:lem="earth"
            ecep:pos="n1"
            ecep:reg="earth"
            ecep:spe="earth"
            ecep:syllab="1"
            ecep:pron="ɜːθ">earth</w>
         <pc xml:id="n22cs-089800"
             n="0055-a-0790"
             unit="sentence"
             ecep:lem="!"
             ecep:pos="!"
             ecep:reg="!"
             ecep:spe="!">!</pc>
         <c> </c>
      </l>
      <l xml:id="n22cs-l02620">
         <w xml:id="n22cs-089810"
            n="0055-a-0800"
            ecep:lem="strengthen"
            ecep:pos="j-vvn"
            ecep:reg="Strengthened"
            ecep:spe="Strengthen'd"
            ecep:syllab="2"
            ecep:pron="ˈstreŋθnd">Strengthen'd</w>
         <c> </c>
         <w xml:id="n22cs-089820"
            n="0055-a-0810"
            ecep:lem="by"
            ecep:pos="p-acp"
            ecep:reg="by"
            ecep:spe="by"
            ecep:syllab="1"
            ecep:pron="baɪ">by</w>
         <c> </c>
         <w xml:id="n22cs-089830"
            n="0055-a-0820"
            ecep:lem="thou"
            ecep:pos="pno21"
            ecep:reg="thee"
            ecep:spe="thee"
            ecep:syllab="1"
            ecep:pron="ðiː">thee</w>
         <pc xml:id="n22cs-089840"
             n="0055-a-0830"
             ecep:lem=","
             ecep:pos=","
             ecep:reg=","
             ecep:spe=",">,</pc>
         <c> </c>
         <w xml:id="n22cs-089850"
            n="0055-a-0840"
            ecep:lem="this"
            ecep:pos="d"
            ecep:reg="this"
            ecep:spe="this"
            ecep:syllab="1"
            ecep:pron="ðɪs">this</w>
         <c> </c>
         <w xml:id="n22cs-089860"
            n="0055-a-0850"
            ecep:lem="heart"
            ecep:pos="n1"
            ecep:reg="heart"
            ecep:spe="heart"
            ecep:syllab="1"
            ecep:pron="hɑːt">heart</w>
         <c> </c>
         <w xml:id="n22cs-089870"
            n="0055-a-0860"
            ecep:lem="shall"
            ecep:pos="vmb"
            ecep:reg="shall"
            ecep:spe="shall"
            ecep:syllab="1"
            ecep:pron="ʃæl">shall</w>
         <c> </c>
         <w xml:id="n22cs-089880"
            n="0055-a-0870"
            ecep:lem="cease"
            ecep:pos="vvi"
            ecep:reg="cease"
            ecep:spe="cease"
            ecep:syllab="1"
            ecep:pron="siːs">cease</w>
         <c> </c>
         <w xml:id="n22cs-089890"
            n="0055-a-0880"
            ecep:lem="to"
            ecep:pos="pc-acp"
            ecep:reg="to"
            ecep:spe="to"
            ecep:syllab="1"
            ecep:pron="tuː">to</w>
         <c> </c>
         <w xml:id="n22cs-089900"
            n="0055-a-0890"
            ecep:lem="melt"
            ecep:pos="vvi"
            ecep:reg="melt"
            ecep:spe="melt"
            ecep:syllab="1"
            ecep:pron="melt">melt</w>
      </l>
      <l xml:id="n22cs-l02625">
         <c> </c>
         <w xml:id="n22cs-089910"
            n="0055-a-0900"
            ecep:lem="over"
            ecep:pos="p-acp"
            ecep:reg="Over"
            ecep:spe="O'er"
            ecep:syllab="1"
            ecep:pron="ˈɔːə">O'er</w>
         <c> </c>
         <w xml:id="n22cs-089920"
            n="0055-a-0910"
            ecep:lem="ill"
            ecep:pos="n2-jn"
            ecep:reg="ills"
            ecep:spe="ills"
            ecep:syllab="1"
            ecep:pron="ɪlz">ills</w>
         <c> </c>
         <w xml:id="n22cs-089930"
            n="0055-a-0920"
            ecep:lem="that"
            ecep:pos="cst"
            ecep:reg="that"
            ecep:spe="that"
            ecep:syllab="1"
            ecep:pron="ðæt">that</w>
         <c> </c>
         <w xml:id="n22cs-089940"
            n="0055-a-0930"
            ecep:lem="poor"
            ecep:pos="j"
            ecep:reg="poor"
            ecep:spe="poor"
            ecep:syllab="1"
            ecep:pron="pɔː">poor</w>
         <c> </c>
         <w xml:id="n22cs-089950"
            n="0055-a-0940"
            ecep:lem="humanity"
            ecep:pos="n1"
            ecep:reg="Humanity"
            ecep:spe="Humanity"
            ecep:syllab="4"
            ecep:pron="hjuːˈmænəti">Humanity</w>
         <c> </c>
         <w xml:id="n22cs-089960"
            n="0055-a-0950"
            ecep:lem="must"
            ecep:pos="vmb"
            ecep:reg="must"
            ecep:spe="must"
            ecep:syllab="1"
            ecep:pron="mʌst">must</w>
         <c> </c>
         <w xml:id="n22cs-089970"
            n="0055-a-0960"
            ecep:lem="bear"
            ecep:pos="vvi"
            ecep:reg="bear"
            ecep:spe="bear"
            ecep:syllab="1"
            ecep:pron="beə">bear</w>
         <pc xml:id="n22cs-089980"
             n="0055-a-0970"
             ecep:lem=";"
             ecep:pos=";"
             ecep:reg=";"
             ecep:spe=";">;</pc>
      </l>
      <l xml:id="n22cs-l02630">
         <c> </c>
         <w xml:id="n22cs-089990"
            n="0055-a-0980"
            ecep:lem="nor"
            ecep:pos="ccx"
            ecep:reg="Nor"
            ecep:spe="Nor"
            ecep:syllab="1"
            ecep:pron="nɔː">Nor</w>
         <c> </c>
         <w xml:id="n22cs-090000"
            n="0055-a-0990"
            ecep:lem="friend"
            ecep:pos="n2"
            ecep:reg="friends"
            ecep:spe="friends"
            ecep:syllab="1"
            ecep:pron="frendz">friends</w>
         <c> </c>
         <w xml:id="n22cs-090010"
            n="0055-a-1000"
            ecep:lem="estrange"
            ecep:pos="vvn"
            ecep:reg="estranged"
            ecep:spe="estrang'd"
            ecep:syllab="2"
            ecep:pron="ɪˈstreɪndʒd">estrang'd</w>
         <pc xml:id="n22cs-090020"
             n="0055-a-1010"
             ecep:lem=","
             ecep:pos=","
             ecep:reg=","
             ecep:spe=",">,</pc>
         <c> </c>
         <w xml:id="n22cs-090030"
            n="0055-a-1020"
            ecep:lem="or"
            ecep:pos="cc"
            ecep:reg="or"
            ecep:spe="or"
            ecep:syllab="1"
            ecep:pron="ɔː">or</w>
         <c> </c>
         <w xml:id="n22cs-090040"
            n="0055-a-1030"
            ecep:lem="tie"
            ecep:pos="n2"
            ecep:reg="ties"
            ecep:spe="ties"
            ecep:syllab="1"
            ecep:pron="taɪz">ties</w>
         <c> </c>
         <w xml:id="n22cs-090050"
            n="0055-a-1040"
            ecep:lem="dissolve"
            ecep:pos="vvn"
            ecep:reg="dissolved"
            ecep:spe="dissolv'd"
            ecep:syllab="2"
            ecep:pron="dɪˈzɒlvd">dissolv'd</w>
         <c> </c>
         <w xml:id="n22cs-090060"
            n="0055-a-1050"
            ecep:lem="be"
            ecep:pos="vbi"
            ecep:reg="be"
            ecep:spe="be"
            ecep:syllab="1"
            ecep:pron="biː">be</w>
         <c> </c>
         <w xml:id="n22cs-090070"
            n="0055-a-1060"
            ecep:lem="feel"
            ecep:pos="vvn"
            ecep:reg="felt"
            ecep:spe="felt"
            ecep:syllab="1"
            ecep:pron="felt">felt</w>
      </l>
      <l xml:id="n22cs-l02635">
         <c> </c>
         <w xml:id="n22cs-090080"
            n="0055-a-1070"
            ecep:lem="to"
            ecep:pos="pc-acp"
            ecep:reg="To"
            ecep:spe="To"
            ecep:syllab="1"
            ecep:pron="tuː">To</w>
         <c> </c>
         <w xml:id="n22cs-090090"
            n="0055-a-1080"
            ecep:lem="leave"
            ecep:pos="vvi"
            ecep:reg="leave"
            ecep:spe="leave"
            ecep:syllab="1"
            ecep:pron="liːv">leave</w>
         <c> </c>
         <w xml:id="n22cs-090100"
            n="0055-a-1090"
            ecep:lem="regret"
            ecep:pos="n1"
            ecep:reg="regret"
            ecep:spe="regret"
            ecep:syllab="2"
            ecep:pron="rɪˈgret">regret</w>
         <pc xml:id="n22cs-090110"
             n="0055-a-1100"
             ecep:lem=","
             ecep:pos=","
             ecep:reg=","
             ecep:spe=",">,</pc>
         <c> </c>
         <w xml:id="n22cs-090120"
            n="0055-a-1110"
            ecep:lem="and"
            ecep:pos="cc"
            ecep:reg="and"
            ecep:spe="and"
            ecep:syllab="1"
            ecep:pron="ænd">and</w>
         <c> </c>
         <w xml:id="n22cs-090130"
            n="0055-a-1120"
            ecep:lem="fruitless"
            ecep:pos="j"
            ecep:reg="fruitless"
            ecep:spe="fruitless"
            ecep:syllab="2"
            ecep:pron="ˈfruːtləs">fruitless</w>
         <c> </c>
         <w xml:id="n22cs-090140"
            n="0055-a-1130"
            ecep:lem="anguish"
            ecep:pos="n1"
            ecep:reg="anguish"
            ecep:spe="anguish"
            ecep:syllab="2"
            ecep:pron="ˈæŋgwɪʃ">anguish</w>
         <c> </c>
         <w xml:id="n22cs-090150"
            n="0055-a-1140"
            ecep:lem="there"
            ecep:pos="a-acp"
            ecep:reg="there"
            ecep:spe="there"
            ecep:syllab="1"
            ecep:pron="ðeə">there</w>
         <pc xml:id="n22cs-090160"
             n="0055-a-1150"
             ecep:lem=":"
             ecep:pos=":"
             ecep:reg=":"
             ecep:spe=":">:</pc>
      </l>
      <l xml:id="n22cs-l02640">
         <c> </c>
         <w xml:id="n22cs-090170"
            n="0055-a-1160"
            ecep:lem="and"
            ecep:pos="cc"
            ecep:reg="And"
            ecep:spe="And"
            ecep:syllab="1"
            ecep:pron="ænd">And</w>
         <c> </c>
         <w xml:id="n22cs-090180"
            n="0055-a-1170"
            ecep:lem="when"
            ecep:pos="c-crq"
            ecep:reg="when"
            ecep:spe="when"
            ecep:syllab="1"
            ecep:pron="wen">when</w>
         <c> </c>
         <w xml:id="n22cs-090190"
            n="0055-a-1180"
            ecep:lem="at"
            ecep:pos="p-acp"
            ecep:reg="at"
            ecep:spe="at"
            ecep:syllab="1"
            ecep:pron="æt">at</w>
         <c> </c>
         <w xml:id="n22cs-090200"
            n="0055-a-1190"
            ecep:lem="length"
            ecep:pos="n1"
            ecep:reg="length"
            ecep:spe="length"
            ecep:syllab="1"
            ecep:pron="leŋθ">length</w>
         <c> </c>
         <w xml:id="n22cs-090210"
            n="0055-a-1200"
            ecep:lem="it"
            ecep:pos="pn31"
            ecep:reg="it"
            ecep:spe="it"
            ecep:syllab="1"
            ecep:pron="ɪt">it</w>
         <c> </c>
         <w xml:id="n22cs-090220"
            n="0055-a-1210"
            ecep:lem="heave"
            ecep:pos="vvz"
            ecep:reg="heaves"
            ecep:spe="heaves"
            ecep:syllab="1"
            ecep:pron="hiːvz">heaves</w>
         <c> </c>
         <w xml:id="n22cs-090230"
            n="0055-a-1220"
            ecep:lem="its"
            ecep:pos="po31"
            ecep:reg="its"
            ecep:spe="its"
            ecep:syllab="1"
            ecep:pron="ɪts">its</w>
         <c> </c>
         <w xml:id="n22cs-090240"
            n="0055-a-1230"
            ecep:lem="late"
            ecep:pos="js"
            ecep:reg="latest"
            ecep:spe="latest"
            ecep:syllab="2"
            ecep:pron="leɪtɪst">latest</w>
         <c> </c>
         <w xml:id="n22cs-090250"
            n="0055-a-1240"
            ecep:lem="sigh"
            ecep:pos="n1"
            ecep:reg="sigh"
            ecep:spe="sigh"
            ecep:syllab="1"
            ecep:pron="saɪ">sigh</w>
         <pc xml:id="n22cs-090260"
             n="0055-a-1250"
             ecep:lem=","
             ecep:pos=","
             ecep:reg=","
             ecep:spe=",">,</pc>
      </l>
      <l xml:id="n22cs-l02645">
         <c> </c>
         <w xml:id="n22cs-090270"
            n="0055-a-1260"
            ecep:lem="thou"
            ecep:pos="pns21"
            ecep:reg="Thou"
            ecep:spe="Thou"
            ecep:syllab="1"
            ecep:pron="θaʊ">Thou</w>
         <pc xml:id="n22cs-090280"
             n="0055-a-1270"
             ecep:lem=","
             ecep:pos=","
             ecep:reg=","
             ecep:spe=",">,</pc>
         <c> </c>
         <w xml:id="n22cs-090290"
            n="0055-a-1280"
            ecep:lem="and"
            ecep:pos="cc"
            ecep:reg="and"
            ecep:spe="and"
            ecep:syllab="1"
            ecep:pron="ænd">and</w>
         <c> </c>
         <w xml:id="n22cs-090300"
            n="0055-a-1290"
            ecep:lem="mild"
            ecep:pos="j"
            ecep:reg="mild"
            ecep:spe="mild"
            ecep:syllab="1"
            ecep:pron="maɪld">mild</w>
         <c> </c>
         <w xml:id="n22cs-090310"
            n="0055-a-1300"
            ecep:lem="hope"
            ecep:pos="n1"
            ecep:reg="Hope"
            ecep:spe="Hope"
            ecep:syllab="1"
            ecep:pron="həʊp">Hope</w>
         <pc xml:id="n22cs-090320"
             n="0055-a-1310"
             ecep:lem=","
             ecep:pos=","
             ecep:reg=","
             ecep:spe=",">,</pc>
         <c> </c>
         <w xml:id="n22cs-090330"
            n="0055-a-1320"
            ecep:lem="shall"
            ecep:pos="vmb"
            ecep:reg="shall"
            ecep:spe="shall"
            ecep:syllab="1"
            ecep:pron="ʃæl">shall</w>
         <c> </c>
         <w xml:id="n22cs-090340"
            n="0055-a-1330"
            ecep:lem="teach"
            ecep:pos="vvi"
            ecep:reg="teach"
            ecep:spe="teach"
            ecep:syllab="1"
            ecep:pron="tiːtʃ">teach</w>
         <c> </c>
         <w xml:id="n22cs-090350"
            n="0055-a-1340"
            ecep:lem="i"
            ecep:pos="pno11"
            ecep:reg="me"
            ecep:spe="me"
            ecep:syllab="1"
            ecep:pron="miː">me</w>
         <c> </c>
         <w xml:id="n22cs-090360"
            n="0055-a-1350"
            ecep:lem="how"
            ecep:pos="c-crq"
            ecep:reg="how"
            ecep:spe="how"
            ecep:syllab="1"
            ecep:pron="haʊ">how</w>
         <c> </c>
         <w xml:id="n22cs-090370"
            n="0055-a-1360"
            ecep:lem="to"
            ecep:pos="pc-acp"
            ecep:reg="to"
            ecep:spe="to"
            ecep:syllab="1"
            ecep:pron="tuː">to</w>
         <c> </c>
         <w xml:id="n22cs-090380"
            n="0055-a-1370"
            ecep:lem="die"
            ecep:pos="vvi"
            ecep:reg="die"
            ecep:spe="die"
            ecep:syllab="1"
            ecep:pron="daɪ">die</w>
         <pc xml:id="n22cs-090390"
             n="0055-a-1380"
             unit="sentence"
             ecep:lem="!"
             ecep:pos="!"
             ecep:reg="!"
             ecep:spe="!">!</pc>
         <c> </c>
      </l>
   </lg>
</div>
