<?xml version="1.0" encoding="UTF-8"?>
<?xml-model href="../tei_all.rnc" type="application/relax-ng-compact-syntax"?>
<TEI xmlns="http://www.tei-c.org/ns/1.0">
   <teiHeader>
      <fileDesc>
         <titleStmt>
            <title corresp="#txt_BarbAn1743_w0015">SONG III.</title>
            <author corresp="authors.xml#aut_BarbAn1743">Anna Laetitia Barbauld  (née Aikin)</author>
            <respStmt>
               <name xml:id="AH">Alexander Huber</name>
               <resp>Editor</resp>
            </respStmt>
            <funder>
               <name type="institution" xml:id="BOD">Bodleian Libraries, University of Oxford</name>
               <address>
                  <addrLine>Broad Street</addrLine>
                  <addrLine>Oxford OX1 3BG</addrLine>
                  <addrLine>UK</addrLine>
               </address>
            </funder>
         </titleStmt>
         <publicationStmt>
            <publisher xml:id="ECPA">Eighteenth-Century Poetry Archive</publisher>
            <address>
               <addrLine>Taylor Institution Library</addrLine>
               <addrLine>St Giles'</addrLine>
               <addrLine>Oxford OX1 3NA</addrLine>
               <addrLine>UK</addrLine>
               <addrLine>
                  <email>info@eighteenthcenturypoetry.org</email>
               </addrLine>
               <addrLine>
                  <ref target="https://www.eighteenthcenturypoetry.org/">https://www.eighteenthcenturypoetry.org/</ref>
               </addrLine>
            </address>
            <pubPlace>Oxford</pubPlace>
            <availability status="restricted">
               <licence target="http://creativecommons.org/licenses/by-sa/3.0/">This work is licensed under a Creative Commons Attribution-ShareAlike 3.0 Unported License.</licence>
            </availability>
            <idno type="ESTC">T236</idno>
            <idno type="TCP">K019955.000</idno>
         </publicationStmt>
         <sourceDesc>
            <bibl>
               <author>Barbauld, Mrs. (Anna Letitia), 1743-1825.</author>
               <title>Poems.</title>
               <pubPlace>London</pubPlace>
               <publisher>printed for Joseph Johnson</publisher>
               <date>1773</date>
               <biblScope>pp. 72-73.</biblScope>
               <extent>vi,138p. ; 4⁰.</extent>
            </bibl>
         </sourceDesc>
      </fileDesc>
      <encodingDesc>
         <projectDesc>
            <p>This e-text is part of the Works section of the Eighteenth-Century Poetry Archive (ECPA).</p>
            <p>XML created for the Eighteenth-Century Poetry Archive (ECPA).</p>
         </projectDesc>
         <editorialDecl>
            <p>The text has been typographically modernized, but without any silent modernization of
						spelling, capitalization, or punctuation. The source of the text is given and all editorial interventions
						have been recorded in textual notes. Based on the electronic text originally produced by the TCP project, this  text has been edited to conform to the recommendations found in Level 5 of the
						Best Practices for TEI in Libraries version 4.0.0.
					</p>
         </editorialDecl>
         <classDecl>
            <taxonomy xml:id="LCNAF">
               <bibl>Library of Congress Name Authority File (<abbr>LCNAF</abbr>)</bibl>
            </taxonomy>
         </classDecl>
         <tagsDecl>
            <rendition n="linegroups indented" xml:id="lgindent" scheme="css">text-indent: 1em;</rendition>
            <rendition n="linegroups vertically spaced" xml:id="lgvspace" scheme="css">margin-bottom: 1em;</rendition>
            <rendition n="aligned centrally" xml:id="align-center" scheme="css">text-align: center;</rendition>
            <rendition n="aligned right" xml:id="align-right" scheme="css">text-align: right;</rendition>
            <rendition n="aligned left" xml:id="align-left" scheme="css">text-align: left;</rendition>
            <rendition n="inline" xml:id="inline" scheme="css">display: inline</rendition>
            <rendition n="italic" xml:id="i" scheme="css">font-style: italic;</rendition>
            <rendition n="bold" xml:id="b" scheme="css">font-weight: bold;</rendition>
         </tagsDecl>
      </encodingDesc>
   </teiHeader>
   <text>
      <body>
         <div xmlns:ecep="http://www.eighteenthcenturypoetry.org/ns"
              ana="#trochee #tetrameter #trimeter #quatrain #cross #dialogue #song"
              corresp="#txt_BarbAn1743_w0015"
              decls="#semi-normalized"
              ecep:syllab="8.6.8.6"
              met="+-|+-|+-|+-/ +-|+-|+-/ +-|+-|+-|+-/ +-|+-|+-/"
              n="3"
              rendition="#lgvspace"
              rhyme="abab"
              subtype="eceptext"
              type="song"
              xml:id="o3555-w0150">
            <link target="authors.xml#aut_BarbAn1743" type="author"/>
            <head type="main">
               <w xmlns:ecep="http://www.eighteenthcenturypoetry.org/ns"
                  xml:id="o3555-093920"
                  n="76-a-0010"
                  ecep:lem="song"
                  ecep:pos="n1"
                  ecep:reg="SONG"
                  ecep:spe="SONG"
                  ecep:syllab="1"
                  ecep:pron="sɒŋ">SONG</w>
               <c> </c>
               <w xmlns:ecep="http://www.eighteenthcenturypoetry.org/ns"
                  xml:id="o3555-093930"
                  n="76-a-0020"
                  ecep:lem="iii"
                  ecep:pos="crd"
                  ecep:reg="III"
                  ecep:spe="III"
                  ecep:syllab="1"
                  ecep:pron="rˌəʊmənθrˈiː">III</w>
               <pc xmlns:ecep="http://www.eighteenthcenturypoetry.org/ns"
                   xml:id="o3555-093940"
                   n="76-a-0030"
                   unit="sentence"
                   ecep:lem="."
                   ecep:pos="."
                   ecep:reg="."
                   ecep:spe=".">.</pc>
            </head>
            <sp xml:id="o3555-s00485">
               <speaker>
                  <w xmlns:ecep="http://www.eighteenthcenturypoetry.org/ns"
                     xml:id="o3555-093980"
                     n="76-a-0040"
                     ecep:lem="Sylvia"
                     ecep:pos="np1"
                     ecep:reg="SYLVIA"
                     ecep:spe="SYLVIA"
                     ecep:syllab="3"
                     ecep:pron="ˈsɪlvɪə">SYLVIA</w>
                  <pc xmlns:ecep="http://www.eighteenthcenturypoetry.org/ns"
                      xml:id="o3555-093990"
                      n="76-a-0050"
                      unit="sentence"
                      ecep:lem="."
                      ecep:pos="."
                      ecep:reg="."
                      ecep:spe=".">.</pc>
               </speaker>
               <l xml:id="o3555-l05240">
                  <w xmlns:ecep="http://www.eighteenthcenturypoetry.org/ns"
                     xml:id="o3555-094010"
                     n="76-a-0060"
                     ecep:lem="leave"
                     ecep:pos="n1"
                     ecep:reg="LEAVE"
                     ecep:spe="LEAVE"
                     ecep:syllab="1"
                     ecep:pron="liːv">LEAVE</w>
                  <c> </c>
                  <w xmlns:ecep="http://www.eighteenthcenturypoetry.org/ns"
                     xml:id="o3555-094020"
                     n="76-a-0070"
                     ecep:lem="i"
                     ecep:pos="pno11"
                     ecep:reg="me"
                     ecep:spe="me"
                     ecep:syllab="1"
                     ecep:pron="miː">me</w>
                  <pc xmlns:ecep="http://www.eighteenthcenturypoetry.org/ns"
                      xml:id="o3555-094030"
                      n="76-a-0080"
                      ecep:lem=","
                      ecep:pos=","
                      ecep:reg=","
                      ecep:spe=",">,</pc>
                  <c> </c>
                  <w xmlns:ecep="http://www.eighteenthcenturypoetry.org/ns"
                     xml:id="o3555-094040"
                     n="76-a-0090"
                     ecep:lem="simple"
                     ecep:pos="j"
                     ecep:reg="simple"
                     ecep:spe="simple"
                     ecep:syllab="2"
                     ecep:pron="ˈsɪmpl">simple</w>
                  <c> </c>
                  <w xmlns:ecep="http://www.eighteenthcenturypoetry.org/ns"
                     xml:id="o3555-094050"
                     n="76-a-0100"
                     ecep:lem="shepherd"
                     ecep:pos="n1"
                     ecep:reg="shepherd"
                     ecep:spe="shepherd"
                     ecep:syllab="2"
                     ecep:pron="ˈʃepəd">shepherd</w>
                  <pc xmlns:ecep="http://www.eighteenthcenturypoetry.org/ns"
                      xml:id="o3555-094060"
                      n="76-a-0110"
                      ecep:lem=","
                      ecep:pos=","
                      ecep:reg=","
                      ecep:spe=",">,</pc>
                  <c> </c>
                  <w xmlns:ecep="http://www.eighteenthcenturypoetry.org/ns"
                     xml:id="o3555-094070"
                     n="76-a-0120"
                     ecep:lem="leave"
                     ecep:pos="vvb"
                     ecep:reg="leave"
                     ecep:spe="leave"
                     ecep:syllab="1"
                     ecep:pron="liːv">leave</w>
                  <c> </c>
                  <w xmlns:ecep="http://www.eighteenthcenturypoetry.org/ns"
                     xml:id="o3555-094080"
                     n="76-a-0130"
                     ecep:lem="i"
                     ecep:pos="pno11"
                     ecep:reg="me"
                     ecep:spe="me"
                     ecep:syllab="1"
                     ecep:pron="miː">me</w>
                  <pc xmlns:ecep="http://www.eighteenthcenturypoetry.org/ns"
                      xml:id="o3555-094090"
                      n="76-a-0140"
                      ecep:lem=";"
                      ecep:pos=";"
                      ecep:reg=";"
                      ecep:spe=";">;</pc>
               </l>
               <l xml:id="o3555-l05245">
                  <c> </c>
                  <w xmlns:ecep="http://www.eighteenthcenturypoetry.org/ns"
                     xml:id="o3555-094100"
                     n="76-a-0150"
                     ecep:lem="drag"
                     ecep:pos="vvb"
                     ecep:reg="Drag"
                     ecep:spe="Drag"
                     ecep:syllab="1"
                     ecep:pron="dræg">Drag</w>
                  <c> </c>
                  <w xmlns:ecep="http://www.eighteenthcenturypoetry.org/ns"
                     xml:id="o3555-094110"
                     n="76-a-0160"
                     ecep:lem="no"
                     ecep:pos="av-dx"
                     ecep:reg="no"
                     ecep:spe="no"
                     ecep:syllab="1"
                     ecep:pron="nəʊ">no</w>
                  <c> </c>
                  <w xmlns:ecep="http://www.eighteenthcenturypoetry.org/ns"
                     xml:id="o3555-094120"
                     n="76-a-0170"
                     ecep:lem="more"
                     ecep:pos="av-dc"
                     ecep:reg="more"
                     ecep:spe="more"
                     ecep:syllab="1"
                     ecep:pron="mɔː">more</w>
                  <c> </c>
                  <w xmlns:ecep="http://www.eighteenthcenturypoetry.org/ns"
                     xml:id="o3555-094130"
                     n="76-a-0180"
                     ecep:lem="a"
                     ecep:pos="dt"
                     ecep:reg="a"
                     ecep:spe="a"
                     ecep:syllab="1"
                     ecep:pron="ə">a</w>
                  <c> </c>
                  <w xmlns:ecep="http://www.eighteenthcenturypoetry.org/ns"
                     xml:id="o3555-094140"
                     n="76-a-0190"
                     ecep:lem="hopeless"
                     ecep:pos="j"
                     ecep:reg="hopeless"
                     ecep:spe="hopeless"
                     ecep:syllab="2"
                     ecep:pron="ˈhəʊpləs">hopeless</w>
                  <c> </c>
                  <w xmlns:ecep="http://www.eighteenthcenturypoetry.org/ns"
                     xml:id="o3555-094150"
                     n="76-a-0200"
                     ecep:lem="chain"
                     ecep:pos="n1"
                     ecep:reg="chain"
                     ecep:spe="chain"
                     ecep:syllab="1"
                     ecep:pron="tʃeɪn">chain</w>
                  <pc xmlns:ecep="http://www.eighteenthcenturypoetry.org/ns"
                      xml:id="o3555-094160"
                      n="76-a-0210"
                      ecep:lem=":"
                      ecep:pos=":"
                      ecep:reg=":"
                      ecep:spe=":">:</pc>
               </l>
               <l xml:id="o3555-l05250">
                  <c> </c>
                  <w xmlns:ecep="http://www.eighteenthcenturypoetry.org/ns"
                     xml:id="o3555-094170"
                     n="76-a-0220"
                     ecep:lem="i"
                     ecep:pos="pns11"
                     ecep:reg="I"
                     ecep:spe="I"
                     ecep:syllab="1"
                     ecep:pron="aɪ">I</w>
                  <c> </c>
                  <w xmlns:ecep="http://www.eighteenthcenturypoetry.org/ns"
                     xml:id="o3555-094180"
                     n="76-a-0230"
                     ecep:lem="can"
                     ecep:pos="vmbx"
                     ecep:reg="cannot"
                     ecep:spe="cannot"
                     ecep:syllab="2"
                     ecep:pron="ˈkænɒt">cannot</w>
                  <c> </c>
                  <w xmlns:ecep="http://www.eighteenthcenturypoetry.org/ns"
                     xml:id="o3555-094190"
                     n="76-a-0240"
                     ecep:lem="like"
                     ecep:pos="vvi"
                     ecep:reg="like"
                     ecep:spe="like"
                     ecep:syllab="1"
                     ecep:pron="laɪk">like</w>
                  <pc xmlns:ecep="http://www.eighteenthcenturypoetry.org/ns"
                      xml:id="o3555-094200"
                      n="76-a-0250"
                      ecep:lem=","
                      ecep:pos=","
                      ecep:reg=","
                      ecep:spe=",">,</pc>
                  <c> </c>
                  <w xmlns:ecep="http://www.eighteenthcenturypoetry.org/ns"
                     xml:id="o3555-094210"
                     n="76-a-0260"
                     ecep:lem="nor"
                     ecep:pos="ccx"
                     ecep:reg="nor"
                     ecep:spe="nor"
                     ecep:syllab="1"
                     ecep:pron="nɔː">nor</w>
                  <c> </c>
                  <w xmlns:ecep="http://www.eighteenthcenturypoetry.org/ns"
                     xml:id="o3555-094220"
                     n="76-a-0270"
                     ecep:lem="will"
                     ecep:pos="vmd"
                     ecep:reg="would"
                     ecep:spe="would"
                     ecep:syllab="1"
                     ecep:pron="wʊd">would</w>
                  <c> </c>
                  <w xmlns:ecep="http://www.eighteenthcenturypoetry.org/ns"
                     xml:id="o3555-094230"
                     n="76-a-0280"
                     ecep:lem="deceive"
                     ecep:pos="vvi"
                     ecep:reg="deceive"
                     ecep:spe="deceive"
                     ecep:syllab="2"
                     ecep:pron="dɪˈsiːv">deceive</w>
                  <c> </c>
                  <w xmlns:ecep="http://www.eighteenthcenturypoetry.org/ns"
                     xml:id="o3555-094240"
                     n="76-a-0290"
                     ecep:lem="thou"
                     ecep:pos="pno21"
                     ecep:reg="thee"
                     ecep:spe="thee"
                     ecep:syllab="1"
                     ecep:pron="ðiː">thee</w>
                  <pc xmlns:ecep="http://www.eighteenthcenturypoetry.org/ns"
                      xml:id="o3555-094250"
                      n="76-a-0300"
                      ecep:lem=";"
                      ecep:pos=";"
                      ecep:reg=";"
                      ecep:spe=";">;</pc>
               </l>
               <l xml:id="o3555-l05255">
                  <c> </c>
                  <w xmlns:ecep="http://www.eighteenthcenturypoetry.org/ns"
                     xml:id="o3555-094260"
                     n="76-a-0310"
                     ecep:lem="love"
                     ecep:pos="vvb"
                     ecep:reg="Love"
                     ecep:spe="Love"
                     ecep:syllab="1"
                     ecep:pron="lʌv">Love</w>
                  <c> </c>
                  <w xmlns:ecep="http://www.eighteenthcenturypoetry.org/ns"
                     xml:id="o3555-094270"
                     n="76-a-0320"
                     ecep:lem="the"
                     ecep:pos="dt"
                     ecep:reg="the"
                     ecep:spe="the"
                     ecep:syllab="1"
                     ecep:pron="ðiː">the</w>
                  <c> </c>
                  <w xmlns:ecep="http://www.eighteenthcenturypoetry.org/ns"
                     xml:id="o3555-094280"
                     n="76-a-0330"
                     ecep:lem="maid"
                     ecep:pos="n1"
                     ecep:reg="maid"
                     ecep:spe="maid"
                     ecep:syllab="1"
                     ecep:pron="meɪd">maid</w>
                  <c> </c>
                  <w xmlns:ecep="http://www.eighteenthcenturypoetry.org/ns"
                     xml:id="o3555-094290"
                     n="76-a-0340"
                     ecep:lem="that"
                     ecep:pos="cst"
                     ecep:reg="that"
                     ecep:spe="that"
                     ecep:syllab="1"
                     ecep:pron="ðæt">that</w>
                  <c> </c>
                  <w xmlns:ecep="http://www.eighteenthcenturypoetry.org/ns"
                     xml:id="o3555-094300"
                     n="76-a-0350"
                     ecep:lem="love"
                     ecep:pos="vvz"
                     ecep:reg="loves"
                     ecep:spe="loves"
                     ecep:syllab="1"
                     ecep:pron="lʌvz">loves</w>
                  <c> </c>
                  <w xmlns:ecep="http://www.eighteenthcenturypoetry.org/ns"
                     xml:id="o3555-094310"
                     n="76-a-0360"
                     ecep:lem="again"
                     ecep:pos="av"
                     ecep:reg="again"
                     ecep:spe="again"
                     ecep:syllab="2"
                     ecep:pron="əˈgen">again</w>
                  <pc xmlns:ecep="http://www.eighteenthcenturypoetry.org/ns"
                      xml:id="o3555-094320"
                      n="76-a-0370"
                      unit="sentence"
                      ecep:lem="."
                      ecep:pos="."
                      ecep:reg="."
                      ecep:spe=".">.</pc>
                  <c> </c>
               </l>
            </sp>
            <sp xml:id="o3555-s00490">
               <speaker>
                  <w xmlns:ecep="http://www.eighteenthcenturypoetry.org/ns"
                     xml:id="o3555-094360"
                     n="76-a-0380"
                     ecep:lem="corin"
                     ecep:pos="np1"
                     ecep:reg="CORIN"
                     ecep:spe="CORIN"
                     ecep:syllab="2"
                     ecep:pron="kˈɒrɪn">CORIN</w>
                  <pc xmlns:ecep="http://www.eighteenthcenturypoetry.org/ns"
                      xml:id="o3555-094370"
                      n="76-a-0390"
                      unit="sentence"
                      ecep:lem="."
                      ecep:pos="."
                      ecep:reg="."
                      ecep:spe=".">.</pc>
               </speaker>
               <l xml:id="o3555-l05260">
                  <w xmlns:ecep="http://www.eighteenthcenturypoetry.org/ns"
                     xml:id="o3555-094390"
                     n="76-a-0400"
                     ecep:lem="though"
                     ecep:pos="c-acp"
                     ecep:reg="Though"
                     ecep:spe="Tho'"
                     ecep:syllab="1"
                     ecep:pron="ðəʊ">Tho'</w>
                  <c> </c>
                  <w xmlns:ecep="http://www.eighteenthcenturypoetry.org/ns"
                     xml:id="o3555-094400"
                     n="76-a-0410"
                     ecep:lem="more"
                     ecep:pos="av-dc"
                     ecep:reg="more"
                     ecep:spe="more"
                     ecep:syllab="1"
                     ecep:pron="mɔː">more</w>
                  <c> </c>
                  <w xmlns:ecep="http://www.eighteenthcenturypoetry.org/ns"
                     xml:id="o3555-094410"
                     n="76-a-0420"
                     ecep:lem="gentle"
                     ecep:pos="j-jn"
                     ecep:reg="gentle"
                     ecep:spe="gentle"
                     ecep:syllab="2"
                     ecep:pron="ˈdʒentl">gentle</w>
                  <c> </c>
                  <w xmlns:ecep="http://www.eighteenthcenturypoetry.org/ns"
                     xml:id="o3555-094420"
                     n="76-a-0430"
                     ecep:lem="nymph"
                     ecep:pos="n2"
                     ecep:reg="nymphs"
                     ecep:spe="nymphs"
                     ecep:syllab="1"
                     ecep:pron="nɪmfs">nymphs</w>
                  <c> </c>
                  <w xmlns:ecep="http://www.eighteenthcenturypoetry.org/ns"
                     xml:id="o3555-094430"
                     n="76-a-0440"
                     ecep:lem="surround"
                     ecep:pos="vvb"
                     ecep:reg="surround"
                     ecep:spe="surround"
                     ecep:syllab="2"
                     ecep:pron="səˈraʊnd">surround</w>
                  <c> </c>
                  <w xmlns:ecep="http://www.eighteenthcenturypoetry.org/ns"
                     xml:id="o3555-094440"
                     n="76-a-0450"
                     ecep:lem="i"
                     ecep:pos="pno11"
                     ecep:reg="me"
                     ecep:spe="me"
                     ecep:syllab="1"
                     ecep:pron="miː">me</w>
                  <pc xmlns:ecep="http://www.eighteenthcenturypoetry.org/ns"
                      xml:id="o3555-094450"
                      n="76-a-0460"
                      ecep:lem=","
                      ecep:pos=","
                      ecep:reg=","
                      ecep:spe=",">,</pc>
               </l>
               <l xml:id="o3555-l05265">
                  <c> </c>
                  <w xmlns:ecep="http://www.eighteenthcenturypoetry.org/ns"
                     xml:id="o3555-094460"
                     n="76-a-0470"
                     ecep:lem="kind"
                     ecep:pos="av-j"
                     ecep:reg="Kindly"
                     ecep:spe="Kindly"
                     ecep:syllab="2"
                     ecep:pron="ˈkaɪndli">Kindly</w>
                  <c> </c>
                  <w xmlns:ecep="http://www.eighteenthcenturypoetry.org/ns"
                     xml:id="o3555-094470"
                     n="76-a-0480"
                     ecep:lem="pity"
                     ecep:pos="vvg"
                     ecep:reg="pitying"
                     ecep:spe="pitying"
                     ecep:syllab="3"
                     ecep:pron="ˈpɪtiɪŋ">pitying</w>
                  <c> </c>
                  <w xmlns:ecep="http://www.eighteenthcenturypoetry.org/ns"
                     xml:id="o3555-094480"
                     n="76-a-0490"
                     ecep:lem="what"
                     ecep:pos="r-crq"
                     ecep:reg="what"
                     ecep:spe="what"
                     ecep:syllab="1"
                     ecep:pron="wɒt">what</w>
                  <c> </c>
                  <w xmlns:ecep="http://www.eighteenthcenturypoetry.org/ns"
                     xml:id="o3555-094490"
                     n="76-a-0500"
                     ecep:lem="i"
                     ecep:pos="pns11"
                     ecep:reg="I"
                     ecep:spe="I"
                     ecep:syllab="1"
                     ecep:pron="aɪ">I</w>
                  <c> </c>
                  <w xmlns:ecep="http://www.eighteenthcenturypoetry.org/ns"
                     xml:id="o3555-094500"
                     n="76-a-0510"
                     ecep:lem="feel"
                     ecep:pos="vvb"
                     ecep:reg="feel"
                     ecep:spe="feel"
                     ecep:syllab="1"
                     ecep:pron="fiːl">feel</w>
                  <pc xmlns:ecep="http://www.eighteenthcenturypoetry.org/ns"
                      xml:id="o3555-094510"
                      n="76-a-0520"
                      ecep:lem=","
                      ecep:pos=","
                      ecep:reg=","
                      ecep:spe=",">,</pc>
               </l>
               <l xml:id="o3555-l05270">
                  <c> </c>
                  <w xmlns:ecep="http://www.eighteenthcenturypoetry.org/ns"
                     xml:id="o3555-094520"
                     n="76-a-0530"
                     ecep:lem="only"
                     ecep:pos="av-j"
                     ecep:reg="Only"
                     ecep:spe="Only"
                     ecep:syllab="2"
                     ecep:pron="ˈəʊnli">Only</w>
                  <c> </c>
                  <w xmlns:ecep="http://www.eighteenthcenturypoetry.org/ns"
                     xml:id="o3555-094530"
                     n="76-a-0540"
                     ecep:lem="you"
                     ecep:pos="pn22"
                     ecep:reg="you"
                     ecep:spe="you"
                     ecep:syllab="1"
                     ecep:pron="juː">you</w>
                  <c> </c>
                  <w xmlns:ecep="http://www.eighteenthcenturypoetry.org/ns"
                     xml:id="o3555-094540"
                     n="76-a-0550"
                     ecep:lem="have"
                     ecep:pos="vhb"
                     ecep:reg="have"
                     ecep:spe="have"
                     ecep:syllab="1"
                     ecep:pron="hæv">have</w>
                  <c> </c>
                  <w xmlns:ecep="http://www.eighteenthcenturypoetry.org/ns"
                     xml:id="o3555-094550"
                     n="76-a-0560"
                     ecep:lem="power"
                     ecep:pos="n1"
                     ecep:reg="power"
                     ecep:spe="power"
                     ecep:syllab="1"
                     ecep:pron="ˈpaʊə">power</w>
                  <c> </c>
                  <w xmlns:ecep="http://www.eighteenthcenturypoetry.org/ns"
                     xml:id="o3555-094560"
                     n="76-a-0570"
                     ecep:lem="to"
                     ecep:pos="pc-acp"
                     ecep:reg="to"
                     ecep:spe="to"
                     ecep:syllab="1"
                     ecep:pron="tuː">to</w>
                  <c> </c>
                  <w xmlns:ecep="http://www.eighteenthcenturypoetry.org/ns"
                     xml:id="o3555-094570"
                     n="76-a-0580"
                     ecep:lem="wound"
                     ecep:pos="vvi"
                     ecep:reg="wound"
                     ecep:spe="wound"
                     ecep:syllab="1"
                     ecep:pron="waʊnd">wound</w>
                  <c> </c>
                  <w xmlns:ecep="http://www.eighteenthcenturypoetry.org/ns"
                     xml:id="o3555-094580"
                     n="76-a-0590"
                     ecep:lem="i"
                     ecep:pos="pno11"
                     ecep:reg="me"
                     ecep:spe="me"
                     ecep:syllab="1"
                     ecep:pron="miː">me</w>
                  <pc xmlns:ecep="http://www.eighteenthcenturypoetry.org/ns"
                      xml:id="o3555-094590"
                      n="76-a-0600"
                      ecep:lem=";"
                      ecep:pos=";"
                      ecep:reg=";"
                      ecep:spe=";">;</pc>
               </l>
               <l xml:id="o3555-l05275">
                  <c> </c>
                  <w xmlns:ecep="http://www.eighteenthcenturypoetry.org/ns"
                     xml:id="o3555-094600"
                     n="76-a-0610"
                     ecep:lem="Sylvia"
                     ecep:pos="np1"
                     ecep:reg="SYLVIA"
                     ecep:spe="SYLVIA"
                     ecep:syllab="3"
                     ecep:pron="ˈsɪlvɪə">SYLVIA</w>
                  <pc xmlns:ecep="http://www.eighteenthcenturypoetry.org/ns"
                      xml:id="o3555-094610"
                      n="76-a-0620"
                      ecep:lem=","
                      ecep:pos=","
                      ecep:reg=","
                      ecep:spe=",">,</pc>
                  <c> </c>
                  <w xmlns:ecep="http://www.eighteenthcenturypoetry.org/ns"
                     xml:id="o3555-094620"
                     n="76-a-0630"
                     ecep:lem="only"
                     ecep:pos="av-j"
                     ecep:reg="only"
                     ecep:spe="only"
                     ecep:syllab="2"
                     ecep:pron="ˈəʊnli">only</w>
                  <c> </c>
                  <w xmlns:ecep="http://www.eighteenthcenturypoetry.org/ns"
                     xml:id="o3555-094630"
                     n="76-a-0640"
                     ecep:lem="you"
                     ecep:pos="pn22"
                     ecep:reg="you"
                     ecep:spe="you"
                     ecep:syllab="1"
                     ecep:pron="juː">you</w>
                  <c> </c>
                  <w xmlns:ecep="http://www.eighteenthcenturypoetry.org/ns"
                     xml:id="o3555-094640"
                     n="76-a-0650"
                     ecep:lem="can"
                     ecep:pos="vmb"
                     ecep:reg="can"
                     ecep:spe="can"
                     ecep:syllab="1"
                     ecep:pron="kæn">can</w>
                  <c> </c>
                  <w xmlns:ecep="http://www.eighteenthcenturypoetry.org/ns"
                     xml:id="o3555-094650"
                     n="76-a-0660"
                     ecep:lem="heal"
                     ecep:pos="vvi"
                     ecep:reg="heal"
                     ecep:spe="heal"
                     ecep:syllab="1"
                     ecep:pron="hiːl">heal</w>
                  <pc xmlns:ecep="http://www.eighteenthcenturypoetry.org/ns"
                      xml:id="o3555-094660"
                      n="76-a-0670"
                      unit="sentence"
                      ecep:lem="."
                      ecep:pos="."
                      ecep:reg="."
                      ecep:spe=".">.</pc>
                  <c> </c>
               </l>
            </sp>
            <sp xml:id="o3555-s00495">
               <speaker>
                  <w xmlns:ecep="http://www.eighteenthcenturypoetry.org/ns"
                     xml:id="o3555-094700"
                     n="76-a-0680"
                     ecep:lem="Sylvia"
                     ecep:pos="np1"
                     ecep:reg="SYLVIA"
                     ecep:spe="SYLVIA"
                     ecep:syllab="3"
                     ecep:pron="ˈsɪlvɪə">SYLVIA</w>
                  <pc xmlns:ecep="http://www.eighteenthcenturypoetry.org/ns"
                      xml:id="o3555-094710"
                      n="76-a-0690"
                      unit="sentence"
                      ecep:lem="."
                      ecep:pos="."
                      ecep:reg="."
                      ecep:spe=".">.</pc>
               </speaker>
               <l xml:id="o3555-l05280">
                  <w xmlns:ecep="http://www.eighteenthcenturypoetry.org/ns"
                     xml:id="o3555-094730"
                     n="76-a-0700"
                     ecep:lem="corin"
                     ecep:pos="np1"
                     ecep:reg="CORIN"
                     ecep:spe="CORIN"
                     ecep:syllab="2"
                     ecep:pron="kˈɒrɪn">CORIN</w>
                  <pc xmlns:ecep="http://www.eighteenthcenturypoetry.org/ns"
                      xml:id="o3555-094740"
                      n="76-a-0710"
                      ecep:lem=","
                      ecep:pos=","
                      ecep:reg=","
                      ecep:spe=",">,</pc>
                  <c> </c>
                  <w xmlns:ecep="http://www.eighteenthcenturypoetry.org/ns"
                     xml:id="o3555-094750"
                     n="76-a-0720"
                     ecep:lem="cease"
                     ecep:pos="vvb"
                     ecep:reg="cease"
                     ecep:spe="cease"
                     ecep:syllab="1"
                     ecep:pron="siːs">cease</w>
                  <c> </c>
                  <w xmlns:ecep="http://www.eighteenthcenturypoetry.org/ns"
                     xml:id="o3555-094760"
                     n="76-a-0730"
                     ecep:lem="this"
                     ecep:pos="d"
                     ecep:reg="this"
                     ecep:spe="this"
                     ecep:syllab="1"
                     ecep:pron="ðɪs">this</w>
                  <c> </c>
                  <w xmlns:ecep="http://www.eighteenthcenturypoetry.org/ns"
                     xml:id="o3555-094770"
                     n="76-a-0740"
                     ecep:lem="idle"
                     ecep:pos="j"
                     ecep:reg="idle"
                     ecep:spe="idle"
                     ecep:syllab="2"
                     ecep:pron="ˈaɪdl">idle</w>
                  <c> </c>
                  <w xmlns:ecep="http://www.eighteenthcenturypoetry.org/ns"
                     xml:id="o3555-094780"
                     n="76-a-0750"
                     ecep:lem="tease"
                     ecep:pos="n-vvg"
                     ecep:reg="teasing"
                     ecep:spe="teazing"
                     ecep:syllab="2"
                     ecep:pron="tˈiːzɪŋ">teazing</w>
                  <pc xmlns:ecep="http://www.eighteenthcenturypoetry.org/ns"
                      xml:id="o3555-094790"
                      n="76-a-0760"
                      ecep:lem=";"
                      ecep:pos=";"
                      ecep:reg=";"
                      ecep:spe=";">;</pc>
               </l>
               <l xml:id="o3555-l05285">
                  <c> </c>
                  <w xmlns:ecep="http://www.eighteenthcenturypoetry.org/ns"
                     xml:id="o3555-094800"
                     n="76-a-0770"
                     ecep:lem="love"
                     ecep:pos="n1"
                     ecep:reg="Love"
                     ecep:spe="Love"
                     ecep:syllab="1"
                     ecep:pron="lʌv">Love</w>
                  <c> </c>
                  <w xmlns:ecep="http://www.eighteenthcenturypoetry.org/ns"
                     xml:id="o3555-094810"
                     n="76-a-0780"
                     ecep:lem="that|be"
                     ecep:pos="d|vbz"
                     ecep:reg="that's"
                     ecep:spe="that's"
                     ecep:syllab="1"
                     ecep:pron="ðæts">that's</w>
                  <c> </c>
                  <w xmlns:ecep="http://www.eighteenthcenturypoetry.org/ns"
                     xml:id="o3555-094820"
                     n="76-a-0790"
                     ecep:lem="force"
                     ecep:pos="vvn"
                     ecep:reg="forced"
                     ecep:spe="forc'd"
                     ecep:syllab="1"
                     ecep:pron="fɔːst">forc'd</w>
                  <c> </c>
                  <w xmlns:ecep="http://www.eighteenthcenturypoetry.org/ns"
                     xml:id="o3555-094830"
                     n="76-a-0800"
                     ecep:lem="be"
                     ecep:pos="vbz"
                     ecep:reg="is"
                     ecep:spe="is"
                     ecep:syllab="1"
                     ecep:pron="ɪz">is</w>
                  <c> </c>
                  <w xmlns:ecep="http://www.eighteenthcenturypoetry.org/ns"
                     xml:id="o3555-094840"
                     n="76-a-0810"
                     ecep:lem="harsh"
                     ecep:pos="j"
                     ecep:reg="harsh"
                     ecep:spe="harsh"
                     ecep:syllab="1"
                     ecep:pron="hɑːʃ">harsh</w>
                  <c> </c>
                  <w xmlns:ecep="http://www.eighteenthcenturypoetry.org/ns"
                     xml:id="o3555-094850"
                     n="76-a-0820"
                     ecep:lem="and"
                     ecep:pos="cc"
                     ecep:reg="and"
                     ecep:spe="and"
                     ecep:syllab="1"
                     ecep:pron="ænd">and</w>
                  <c> </c>
                  <w xmlns:ecep="http://www.eighteenthcenturypoetry.org/ns"
                     xml:id="o3555-094860"
                     n="76-a-0830"
                     ecep:lem="sour"
                     ecep:pos="j"
                     ecep:reg="sour"
                     ecep:spe="sour"
                     ecep:syllab="2"
                     ecep:pron="ˈsaʊə">sour</w>
                  <pc xmlns:ecep="http://www.eighteenthcenturypoetry.org/ns"
                      xml:id="o3555-094870"
                      n="76-a-0840"
                      ecep:lem=":"
                      ecep:pos=":"
                      ecep:reg=":"
                      ecep:spe=":">:</pc>
               </l>
               <l xml:id="o3555-l05290">
                  <c> </c>
                  <w xmlns:ecep="http://www.eighteenthcenturypoetry.org/ns"
                     xml:id="o3555-094880"
                     n="76-a-0850"
                     ecep:lem="if"
                     ecep:pos="cs"
                     ecep:reg="If"
                     ecep:spe="If"
                     ecep:syllab="1"
                     ecep:pron="ɪf">If</w>
                  <c> </c>
                  <w xmlns:ecep="http://www.eighteenthcenturypoetry.org/ns"
                     xml:id="o3555-094890"
                     n="76-a-0860"
                     ecep:lem="the"
                     ecep:pos="dt"
                     ecep:reg="the"
                     ecep:spe="the"
                     ecep:syllab="1"
                     ecep:pron="ðiː">the</w>
                  <c> </c>
                  <w xmlns:ecep="http://www.eighteenthcenturypoetry.org/ns"
                     xml:id="o3555-094900"
                     n="76-a-0870"
                     ecep:lem="lover"
                     ecep:pos="n1"
                     ecep:reg="lover"
                     ecep:spe="lover"
                     ecep:syllab="2"
                     ecep:pron="ˈlʌvə">lover</w>
                  <c> </c>
                  <w xmlns:ecep="http://www.eighteenthcenturypoetry.org/ns"
                     xml:id="o3555-094910"
                     n="76-a-0880"
                     ecep:lem="be"
                     ecep:pos="vbi"
                     ecep:reg="be"
                     ecep:spe="be"
                     ecep:syllab="1"
                     ecep:pron="biː">be</w>
                  <c> </c>
                  <w xmlns:ecep="http://www.eighteenthcenturypoetry.org/ns"
                     xml:id="o3555-094920"
                     n="76-a-0890"
                     ecep:lem="displease"
                     ecep:pos="vvg"
                     ecep:reg="displeasing"
                     ecep:spe="displeasing"
                     ecep:syllab="3"
                     ecep:pron="dɪˈspliːzɪŋ">displeasing</w>
                  <pc xmlns:ecep="http://www.eighteenthcenturypoetry.org/ns"
                      xml:id="o3555-094930"
                      n="76-a-0900"
                      ecep:lem=","
                      ecep:pos=","
                      ecep:reg=","
                      ecep:spe=",">,</pc>
               </l>
               <l xml:id="o3555-l05295">
                  <c> </c>
                  <w xmlns:ecep="http://www.eighteenthcenturypoetry.org/ns"
                     xml:id="o3555-094940"
                     n="76-a-0910"
                     ecep:lem="to"
                     ecep:pos="pc-acp"
                     ecep:reg="To"
                     ecep:spe="To"
                     ecep:syllab="1"
                     ecep:pron="tuː">To</w>
                  <c> </c>
                  <w xmlns:ecep="http://www.eighteenthcenturypoetry.org/ns"
                     xml:id="o3555-094950"
                     n="76-a-0920"
                     ecep:lem="persist"
                     ecep:pos="vvi"
                     ecep:reg="persist"
                     ecep:spe="persist"
                     ecep:syllab="2"
                     ecep:pron="pəˈsɪst">persist</w>
                  <c> </c>
                  <w xmlns:ecep="http://www.eighteenthcenturypoetry.org/ns"
                     xml:id="o3555-094960"
                     n="76-a-0930"
                     ecep:lem="disgust"
                     ecep:pos="vvz"
                     ecep:reg="disgusts"
                     ecep:spe="disgusts"
                     ecep:syllab="2"
                     ecep:pron="dɪsˈgʌsts">disgusts</w>
                  <c> </c>
                  <w xmlns:ecep="http://www.eighteenthcenturypoetry.org/ns"
                     xml:id="o3555-094970"
                     n="76-a-0940"
                     ecep:lem="the"
                     ecep:pos="dt"
                     ecep:reg="the"
                     ecep:spe="the"
                     ecep:syllab="1"
                     ecep:pron="ðiː">the</w>
                  <c> </c>
                  <w xmlns:ecep="http://www.eighteenthcenturypoetry.org/ns"
                     xml:id="o3555-094980"
                     n="76-a-0950"
                     ecep:lem="more"
                     ecep:pos="av-dc"
                     ecep:reg="more"
                     ecep:spe="more"
                     ecep:syllab="1"
                     ecep:pron="mɔː">more</w>
                  <pc xmlns:ecep="http://www.eighteenthcenturypoetry.org/ns"
                      xml:id="o3555-094990"
                      n="76-a-0960"
                      unit="sentence"
                      ecep:lem="."
                      ecep:pos="."
                      ecep:reg="."
                      ecep:spe=".">.</pc>
                  <c> </c>
               </l>
            </sp>
            <pb facs="o3555/0085" n="73" rend="none"/>
            <sp xml:id="o3555-s00500">
               <speaker>
                  <w xmlns:ecep="http://www.eighteenthcenturypoetry.org/ns"
                     xml:id="o3555-095030"
                     n="77-a-0010"
                     ecep:lem="corin"
                     ecep:pos="np1"
                     ecep:reg="CORIN"
                     ecep:spe="CORIN"
                     ecep:syllab="2"
                     ecep:pron="kˈɒrɪn">CORIN</w>
                  <pc xmlns:ecep="http://www.eighteenthcenturypoetry.org/ns"
                      xml:id="o3555-095040"
                      n="77-a-0020"
                      unit="sentence"
                      ecep:lem="."
                      ecep:pos="."
                      ecep:reg="."
                      ecep:spe=".">.</pc>
               </speaker>
               <l xml:id="o3555-l05300">
                  <w xmlns:ecep="http://www.eighteenthcenturypoetry.org/ns"
                     xml:id="o3555-095060"
                     n="77-a-0030"
                     ecep:lem="it|be"
                     ecep:pos="pn31|vbz"
                     ecep:reg="It's"
                     ecep:spe="'Tis"
                     ecep:syllab="1"
                     ecep:pron="tɪz">'Tis</w>
                  <c> </c>
                  <w xmlns:ecep="http://www.eighteenthcenturypoetry.org/ns"
                     xml:id="o3555-095070"
                     n="77-a-0040"
                     ecep:lem="in"
                     ecep:pos="p-acp"
                     ecep:reg="in"
                     ecep:spe="in"
                     ecep:syllab="1"
                     ecep:pron="ɪn">in</w>
                  <c> </c>
                  <w xmlns:ecep="http://www.eighteenthcenturypoetry.org/ns"
                     xml:id="o3555-095080"
                     n="77-a-0050"
                     ecep:lem="vain"
                     ecep:pos="j"
                     ecep:reg="vain"
                     ecep:spe="vain"
                     ecep:syllab="1"
                     ecep:pron="veɪn">vain</w>
                  <pc xmlns:ecep="http://www.eighteenthcenturypoetry.org/ns"
                      xml:id="o3555-095090"
                      n="77-a-0060"
                      ecep:lem=","
                      ecep:pos=","
                      ecep:reg=","
                      ecep:spe=",">,</pc>
                  <c> </c>
                  <w xmlns:ecep="http://www.eighteenthcenturypoetry.org/ns"
                     xml:id="o3555-095100"
                     n="77-a-0070"
                     ecep:lem="in"
                     ecep:pos="p-acp"
                     ecep:reg="in"
                     ecep:spe="in"
                     ecep:syllab="1"
                     ecep:pron="ɪn">in</w>
                  <c> </c>
                  <w xmlns:ecep="http://www.eighteenthcenturypoetry.org/ns"
                     xml:id="o3555-095110"
                     n="77-a-0080"
                     ecep:lem="vain"
                     ecep:pos="j"
                     ecep:reg="vain"
                     ecep:spe="vain"
                     ecep:syllab="1"
                     ecep:pron="veɪn">vain</w>
                  <c> </c>
                  <w xmlns:ecep="http://www.eighteenthcenturypoetry.org/ns"
                     xml:id="o3555-095120"
                     n="77-a-0090"
                     ecep:lem="to"
                     ecep:pos="pc-acp"
                     ecep:reg="to"
                     ecep:spe="to"
                     ecep:syllab="1"
                     ecep:pron="tuː">to</w>
                  <c> </c>
                  <w xmlns:ecep="http://www.eighteenthcenturypoetry.org/ns"
                     xml:id="o3555-095130"
                     n="77-a-0100"
                     ecep:lem="fly"
                     ecep:pos="vvi"
                     ecep:reg="fly"
                     ecep:spe="fly"
                     ecep:syllab="1"
                     ecep:pron="flaɪ">fly</w>
                  <c> </c>
                  <w xmlns:ecep="http://www.eighteenthcenturypoetry.org/ns"
                     xml:id="o3555-095140"
                     n="77-a-0110"
                     ecep:lem="i"
                     ecep:pos="pno11"
                     ecep:reg="me"
                     ecep:spe="me"
                     ecep:syllab="1"
                     ecep:pron="miː">me</w>
                  <pc xmlns:ecep="http://www.eighteenthcenturypoetry.org/ns"
                      xml:id="o3555-095150"
                      n="77-a-0120"
                      ecep:lem=","
                      ecep:pos=","
                      ecep:reg=","
                      ecep:spe=",">,</pc>
               </l>
               <l xml:id="o3555-l05305">
                  <c> </c>
                  <w xmlns:ecep="http://www.eighteenthcenturypoetry.org/ns"
                     xml:id="o3555-095160"
                     n="77-a-0130"
                     ecep:lem="Sylvia"
                     ecep:pos="np1"
                     ecep:reg="SYLVIA"
                     ecep:spe="SYLVIA"
                     ecep:syllab="3"
                     ecep:pron="ˈsɪlvɪə">SYLVIA</w>
                  <pc xmlns:ecep="http://www.eighteenthcenturypoetry.org/ns"
                      xml:id="o3555-095170"
                      n="77-a-0140"
                      ecep:lem=","
                      ecep:pos=","
                      ecep:reg=","
                      ecep:spe=",">,</pc>
                  <c> </c>
                  <w xmlns:ecep="http://www.eighteenthcenturypoetry.org/ns"
                     xml:id="o3555-095180"
                     n="77-a-0150"
                     ecep:lem="i"
                     ecep:pos="pns11"
                     ecep:reg="I"
                     ecep:spe="I"
                     ecep:syllab="1"
                     ecep:pron="aɪ">I</w>
                  <c> </c>
                  <w xmlns:ecep="http://www.eighteenthcenturypoetry.org/ns"
                     xml:id="o3555-095190"
                     n="77-a-0160"
                     ecep:lem="will"
                     ecep:pos="vmb"
                     ecep:reg="will"
                     ecep:spe="will"
                     ecep:syllab="1"
                     ecep:pron="wɪl">will</w>
                  <c> </c>
                  <w xmlns:ecep="http://www.eighteenthcenturypoetry.org/ns"
                     xml:id="o3555-095200"
                     n="77-a-0170"
                     ecep:lem="still"
                     ecep:pos="av"
                     ecep:reg="still"
                     ecep:spe="still"
                     ecep:syllab="1"
                     ecep:pron="stɪl">still</w>
                  <c> </c>
                  <w xmlns:ecep="http://www.eighteenthcenturypoetry.org/ns"
                     xml:id="o3555-095210"
                     n="77-a-0180"
                     ecep:lem="pursue"
                     ecep:pos="vvi"
                     ecep:reg="pursue"
                     ecep:spe="pursue"
                     ecep:syllab="2"
                     ecep:pron="pəˈsjuː">pursue</w>
                  <pc xmlns:ecep="http://www.eighteenthcenturypoetry.org/ns"
                      xml:id="o3555-095220"
                      n="77-a-0190"
                      ecep:lem=";"
                      ecep:pos=";"
                      ecep:reg=";"
                      ecep:spe=";">;</pc>
               </l>
               <l xml:id="o3555-l05310">
                  <c> </c>
                  <w xmlns:ecep="http://www.eighteenthcenturypoetry.org/ns"
                     xml:id="o3555-095230"
                     n="77-a-0200"
                     ecep:lem="twenty"
                     ecep:pos="crd"
                     ecep:reg="Twenty"
                     ecep:spe="Twenty"
                     ecep:syllab="2"
                     ecep:pron="ˈtwenti">Twenty</w>
                  <c> </c>
                  <w xmlns:ecep="http://www.eighteenthcenturypoetry.org/ns"
                     xml:id="o3555-095240"
                     n="77-a-0210"
                     ecep:lem="thousand"
                     ecep:pos="crd"
                     ecep:reg="thousand"
                     ecep:spe="thousand"
                     ecep:syllab="2"
                     ecep:pron="ˈθaʊznd">thousand</w>
                  <c> </c>
                  <w xmlns:ecep="http://www.eighteenthcenturypoetry.org/ns"
                     xml:id="o3555-095250"
                     n="77-a-0220"
                     ecep:lem="time"
                     ecep:pos="n2"
                     ecep:reg="times"
                     ecep:spe="times"
                     ecep:syllab="1"
                     ecep:pron="taɪmz">times</w>
                  <c> </c>
                  <w xmlns:ecep="http://www.eighteenthcenturypoetry.org/ns"
                     xml:id="o3555-095260"
                     n="77-a-0230"
                     ecep:lem="deny"
                     ecep:pos="vvb"
                     ecep:reg="deny"
                     ecep:spe="deny"
                     ecep:syllab="2"
                     ecep:pron="dɪˈnaɪ">deny</w>
                  <c> </c>
                  <w xmlns:ecep="http://www.eighteenthcenturypoetry.org/ns"
                     xml:id="o3555-095270"
                     n="77-a-0240"
                     ecep:lem="i"
                     ecep:pos="pno11"
                     ecep:reg="me"
                     ecep:spe="me"
                     ecep:syllab="1"
                     ecep:pron="miː">me</w>
                  <pc xmlns:ecep="http://www.eighteenthcenturypoetry.org/ns"
                      xml:id="o3555-095280"
                      n="77-a-0250"
                      ecep:lem=","
                      ecep:pos=","
                      ecep:reg=","
                      ecep:spe=",">,</pc>
               </l>
               <l xml:id="o3555-l05315">
                  <c> </c>
                  <w xmlns:ecep="http://www.eighteenthcenturypoetry.org/ns"
                     xml:id="o3555-095290"
                     n="77-a-0260"
                     ecep:lem="i"
                     ecep:pos="pns11"
                     ecep:reg="I"
                     ecep:spe="I"
                     ecep:syllab="1"
                     ecep:pron="aɪ">I</w>
                  <c> </c>
                  <w xmlns:ecep="http://www.eighteenthcenturypoetry.org/ns"
                     xml:id="o3555-095300"
                     n="77-a-0270"
                     ecep:lem="will"
                     ecep:pos="vmb"
                     ecep:reg="will"
                     ecep:spe="will"
                     ecep:syllab="1"
                     ecep:pron="wɪl">will</w>
                  <c> </c>
                  <w xmlns:ecep="http://www.eighteenthcenturypoetry.org/ns"
                     xml:id="o3555-095310"
                     n="77-a-0280"
                     ecep:lem="kneel"
                     ecep:pos="vvi"
                     ecep:reg="kneel"
                     ecep:spe="kneel"
                     ecep:syllab="1"
                     ecep:pron="niːl">kneel</w>
                  <c> </c>
                  <w xmlns:ecep="http://www.eighteenthcenturypoetry.org/ns"
                     xml:id="o3555-095320"
                     n="77-a-0290"
                     ecep:lem="and"
                     ecep:pos="cc"
                     ecep:reg="and"
                     ecep:spe="and"
                     ecep:syllab="1"
                     ecep:pron="ænd">and</w>
                  <c> </c>
                  <w xmlns:ecep="http://www.eighteenthcenturypoetry.org/ns"
                     xml:id="o3555-095330"
                     n="77-a-0300"
                     ecep:lem="weep"
                     ecep:pos="vvi"
                     ecep:reg="weep"
                     ecep:spe="weep"
                     ecep:syllab="1"
                     ecep:pron="wiːp">weep</w>
                  <c> </c>
                  <w xmlns:ecep="http://www.eighteenthcenturypoetry.org/ns"
                     xml:id="o3555-095340"
                     n="77-a-0310"
                     ecep:lem="anew"
                     ecep:pos="av"
                     ecep:reg="anew"
                     ecep:spe="anew"
                     ecep:syllab="2"
                     ecep:pron="əˈnjuː">anew</w>
                  <pc xmlns:ecep="http://www.eighteenthcenturypoetry.org/ns"
                      xml:id="o3555-095350"
                      n="77-a-0320"
                      unit="sentence"
                      ecep:lem="."
                      ecep:pos="."
                      ecep:reg="."
                      ecep:spe=".">.</pc>
                  <c> </c>
               </l>
            </sp>
            <sp xml:id="o3555-s00505">
               <speaker>
                  <w xmlns:ecep="http://www.eighteenthcenturypoetry.org/ns"
                     xml:id="o3555-095390"
                     n="77-a-0330"
                     ecep:lem="Sylvia"
                     ecep:pos="np1"
                     ecep:reg="SYLVIA"
                     ecep:spe="SYLVIA"
                     ecep:syllab="3"
                     ecep:pron="ˈsɪlvɪə">SYLVIA</w>
                  <pc xmlns:ecep="http://www.eighteenthcenturypoetry.org/ns"
                      xml:id="o3555-095400"
                      n="77-a-0340"
                      unit="sentence"
                      ecep:lem="."
                      ecep:pos="."
                      ecep:reg="."
                      ecep:spe=".">.</pc>
               </speaker>
               <l xml:id="o3555-l05320">
                  <w xmlns:ecep="http://www.eighteenthcenturypoetry.org/ns"
                     xml:id="o3555-095420"
                     n="77-a-0350"
                     ecep:lem="Cupid"
                     ecep:pos="np1"
                     ecep:reg="CUPID"
                     ecep:spe="CUPID"
                     ecep:syllab="2"
                     ecep:pron="ˈkjuːpɪd">CUPID</w>
                  <c> </c>
                  <w xmlns:ecep="http://www.eighteenthcenturypoetry.org/ns"
                     xml:id="o3555-095430"
                     n="77-a-0360"
                     ecep:lem="never"
                     ecep:pos="av-x"
                     ecep:reg="never"
                     ecep:spe="ne'er"
                     ecep:syllab="1"
                     ecep:pron="neə">ne'er</w>
                  <c> </c>
                  <w xmlns:ecep="http://www.eighteenthcenturypoetry.org/ns"
                     xml:id="o3555-095440"
                     n="77-a-0370"
                     ecep:lem="shall"
                     ecep:pos="vmb"
                     ecep:reg="shall"
                     ecep:spe="shall"
                     ecep:syllab="1"
                     ecep:pron="ʃæl">shall</w>
                  <c> </c>
                  <w xmlns:ecep="http://www.eighteenthcenturypoetry.org/ns"
                     xml:id="o3555-095450"
                     n="77-a-0380"
                     ecep:lem="make"
                     ecep:pos="vvi"
                     ecep:reg="make"
                     ecep:spe="make"
                     ecep:syllab="1"
                     ecep:pron="meɪk">make</w>
                  <c> </c>
                  <w xmlns:ecep="http://www.eighteenthcenturypoetry.org/ns"
                     xml:id="o3555-095460"
                     n="77-a-0390"
                     ecep:lem="i"
                     ecep:pos="pno11"
                     ecep:reg="me"
                     ecep:spe="me"
                     ecep:syllab="1"
                     ecep:pron="miː">me</w>
                  <c> </c>
                  <w xmlns:ecep="http://www.eighteenthcenturypoetry.org/ns"
                     xml:id="o3555-095470"
                     n="77-a-0400"
                     ecep:lem="languish"
                     ecep:pos="vvi"
                     ecep:reg="languish"
                     ecep:spe="languish"
                     ecep:syllab="2"
                     ecep:pron="ˈlæŋgwɪʃ">languish</w>
                  <pc xmlns:ecep="http://www.eighteenthcenturypoetry.org/ns"
                      xml:id="o3555-095480"
                      n="77-a-0410"
                      ecep:lem=","
                      ecep:pos=","
                      ecep:reg=","
                      ecep:spe=",">,</pc>
               </l>
               <l xml:id="o3555-l05325">
                  <c> </c>
                  <w xmlns:ecep="http://www.eighteenthcenturypoetry.org/ns"
                     xml:id="o3555-095490"
                     n="77-a-0420"
                     ecep:lem="i"
                     ecep:pos="pns11"
                     ecep:reg="I"
                     ecep:spe="I"
                     ecep:syllab="1"
                     ecep:pron="aɪ">I</w>
                  <c> </c>
                  <w xmlns:ecep="http://www.eighteenthcenturypoetry.org/ns"
                     xml:id="o3555-095500"
                     n="77-a-0430"
                     ecep:lem="be"
                     ecep:pos="vbds"
                     ecep:reg="was"
                     ecep:spe="was"
                     ecep:syllab="1"
                     ecep:pron="wɒz">was</w>
                  <c> </c>
                  <w xmlns:ecep="http://www.eighteenthcenturypoetry.org/ns"
                     xml:id="o3555-095510"
                     n="77-a-0440"
                     ecep:lem="bear"
                     ecep:pos="vvn"
                     ecep:reg="born"
                     ecep:spe="born"
                     ecep:syllab="1"
                     ecep:pron="bɔːn">born</w>
                  <c> </c>
                  <w xmlns:ecep="http://www.eighteenthcenturypoetry.org/ns"
                     xml:id="o3555-095520"
                     n="77-a-0450"
                     ecep:lem="averse"
                     ecep:pos="j"
                     ecep:reg="averse"
                     ecep:spe="averse"
                     ecep:syllab="2"
                     ecep:pron="əˈvɜːs">averse</w>
                  <c> </c>
                  <w xmlns:ecep="http://www.eighteenthcenturypoetry.org/ns"
                     xml:id="o3555-095530"
                     n="77-a-0460"
                     ecep:lem="to"
                     ecep:pos="pc-acp"
                     ecep:reg="to"
                     ecep:spe="to"
                     ecep:syllab="1"
                     ecep:pron="tuː">to</w>
                  <c> </c>
                  <w xmlns:ecep="http://www.eighteenthcenturypoetry.org/ns"
                     xml:id="o3555-095540"
                     n="77-a-0470"
                     ecep:lem="love"
                     ecep:pos="vvi"
                     ecep:reg="love"
                     ecep:spe="love"
                     ecep:syllab="1"
                     ecep:pron="lʌv">love</w>
                  <pc xmlns:ecep="http://www.eighteenthcenturypoetry.org/ns"
                      xml:id="o3555-095550"
                      n="77-a-0480"
                      ecep:lem=";"
                      ecep:pos=";"
                      ecep:reg=";"
                      ecep:spe=";">;</pc>
               </l>
               <l xml:id="o3555-l05330">
                  <c> </c>
                  <w xmlns:ecep="http://www.eighteenthcenturypoetry.org/ns"
                     xml:id="o3555-095560"
                     n="77-a-0490"
                     ecep:lem="lovers"
                     ecep:pos="ng2"
                     ecep:reg="Lovers'"
                     ecep:spe="Lovers'"
                     ecep:syllab="2"
                     ecep:pron="ˈlʌvəz">Lovers'</w>
                  <c> </c>
                  <w xmlns:ecep="http://www.eighteenthcenturypoetry.org/ns"
                     xml:id="o3555-095580"
                     n="77-a-0510"
                     ecep:lem="sigh"
                     ecep:pos="n2"
                     ecep:reg="sighs"
                     ecep:spe="sighs"
                     ecep:syllab="1"
                     ecep:pron="saɪz">sighs</w>
                  <pc xmlns:ecep="http://www.eighteenthcenturypoetry.org/ns"
                      xml:id="o3555-095590"
                      n="77-a-0520"
                      ecep:lem=","
                      ecep:pos=","
                      ecep:reg=","
                      ecep:spe=",">,</pc>
                  <c> </c>
                  <w xmlns:ecep="http://www.eighteenthcenturypoetry.org/ns"
                     xml:id="o3555-095600"
                     n="77-a-0530"
                     ecep:lem="and"
                     ecep:pos="cc"
                     ecep:reg="and"
                     ecep:spe="and"
                     ecep:syllab="1"
                     ecep:pron="ænd">and</w>
                  <c> </c>
                  <w xmlns:ecep="http://www.eighteenthcenturypoetry.org/ns"
                     xml:id="o3555-095610"
                     n="77-a-0540"
                     ecep:lem="tear"
                     ecep:pos="n2"
                     ecep:reg="tears"
                     ecep:spe="tears"
                     ecep:syllab="1"
                     ecep:pron="tɪəz">tears</w>
                  <pc xmlns:ecep="http://www.eighteenthcenturypoetry.org/ns"
                      xml:id="o3555-095620"
                      n="77-a-0550"
                      ecep:lem=","
                      ecep:pos=","
                      ecep:reg=","
                      ecep:spe=",">,</pc>
                  <c> </c>
                  <w xmlns:ecep="http://www.eighteenthcenturypoetry.org/ns"
                     xml:id="o3555-095630"
                     n="77-a-0560"
                     ecep:lem="and"
                     ecep:pos="cc"
                     ecep:reg="and"
                     ecep:spe="and"
                     ecep:syllab="1"
                     ecep:pron="ænd">and</w>
                  <c> </c>
                  <w xmlns:ecep="http://www.eighteenthcenturypoetry.org/ns"
                     xml:id="o3555-095640"
                     n="77-a-0570"
                     ecep:lem="anguish"
                     ecep:pos="n1"
                     ecep:reg="anguish"
                     ecep:spe="anguish"
                     ecep:syllab="2"
                     ecep:pron="ˈæŋgwɪʃ">anguish</w>
                  <pc xmlns:ecep="http://www.eighteenthcenturypoetry.org/ns"
                      xml:id="o3555-095650"
                      n="77-a-0580"
                      ecep:lem=","
                      ecep:pos=","
                      ecep:reg=","
                      ecep:spe=",">,</pc>
               </l>
               <l xml:id="o3555-l05335">
                  <c> </c>
                  <w xmlns:ecep="http://www.eighteenthcenturypoetry.org/ns"
                     xml:id="o3555-095660"
                     n="77-a-0590"
                     ecep:lem="mirth"
                     ecep:pos="n1"
                     ecep:reg="Mirth"
                     ecep:spe="Mirth"
                     ecep:syllab="1"
                     ecep:pron="mɜːθ">Mirth</w>
                  <c> </c>
                  <w xmlns:ecep="http://www.eighteenthcenturypoetry.org/ns"
                     xml:id="o3555-095670"
                     n="77-a-0600"
                     ecep:lem="and"
                     ecep:pos="cc"
                     ecep:reg="and"
                     ecep:spe="and"
                     ecep:syllab="1"
                     ecep:pron="ænd">and</w>
                  <c> </c>
                  <w xmlns:ecep="http://www.eighteenthcenturypoetry.org/ns"
                     xml:id="o3555-095680"
                     n="77-a-0610"
                     ecep:lem="pastime"
                     ecep:pos="n1"
                     ecep:reg="pastime"
                     ecep:spe="pastime"
                     ecep:syllab="2"
                     ecep:pron="ˈpɑːstaɪm">pastime</w>
                  <c> </c>
                  <w xmlns:ecep="http://www.eighteenthcenturypoetry.org/ns"
                     xml:id="o3555-095690"
                     n="77-a-0620"
                     ecep:lem="to"
                     ecep:pos="p-acp"
                     ecep:reg="to"
                     ecep:spe="to"
                     ecep:syllab="1"
                     ecep:pron="tuː">to</w>
                  <c> </c>
                  <w xmlns:ecep="http://www.eighteenthcenturypoetry.org/ns"
                     xml:id="o3555-095700"
                     n="77-a-0630"
                     ecep:lem="i"
                     ecep:pos="pno11"
                     ecep:reg="me"
                     ecep:spe="me"
                     ecep:syllab="1"
                     ecep:pron="miː">me</w>
                  <c> </c>
                  <w xmlns:ecep="http://www.eighteenthcenturypoetry.org/ns"
                     xml:id="o3555-095710"
                     n="77-a-0640"
                     ecep:lem="prove"
                     ecep:pos="vvi"
                     ecep:reg="prove"
                     ecep:spe="prove"
                     ecep:syllab="1"
                     ecep:pron="pruːv">prove</w>
                  <pc xmlns:ecep="http://www.eighteenthcenturypoetry.org/ns"
                      xml:id="o3555-095720"
                      n="77-a-0650"
                      unit="sentence"
                      ecep:lem="."
                      ecep:pos="."
                      ecep:reg="."
                      ecep:spe=".">.</pc>
                  <c> </c>
               </l>
            </sp>
            <sp xml:id="o3555-s00510">
               <speaker>
                  <w xmlns:ecep="http://www.eighteenthcenturypoetry.org/ns"
                     xml:id="o3555-095760"
                     n="77-a-0660"
                     ecep:lem="corin"
                     ecep:pos="np1"
                     ecep:reg="CORIN"
                     ecep:spe="CORIN"
                     ecep:syllab="2"
                     ecep:pron="kˈɒrɪn">CORIN</w>
                  <pc xmlns:ecep="http://www.eighteenthcenturypoetry.org/ns"
                      xml:id="o3555-095770"
                      n="77-a-0670"
                      unit="sentence"
                      ecep:lem="."
                      ecep:pos="."
                      ecep:reg="."
                      ecep:spe=".">.</pc>
               </speaker>
               <l xml:id="o3555-l05340">
                  <w xmlns:ecep="http://www.eighteenthcenturypoetry.org/ns"
                     xml:id="o3555-095790"
                     n="77-a-0680"
                     ecep:lem="still"
                     ecep:pos="j"
                     ecep:reg="Still"
                     ecep:spe="Still"
                     ecep:syllab="1"
                     ecep:pron="stɪl">Still</w>
                  <c> </c>
                  <w xmlns:ecep="http://www.eighteenthcenturypoetry.org/ns"
                     xml:id="o3555-095800"
                     n="77-a-0690"
                     ecep:lem="i"
                     ecep:pos="pns11"
                     ecep:reg="I"
                     ecep:spe="I"
                     ecep:syllab="1"
                     ecep:pron="aɪ">I</w>
                  <c> </c>
                  <w xmlns:ecep="http://www.eighteenthcenturypoetry.org/ns"
                     xml:id="o3555-095810"
                     n="77-a-0700"
                     ecep:lem="vow"
                     ecep:pos="vvb"
                     ecep:reg="vow"
                     ecep:spe="vow"
                     ecep:syllab="1"
                     ecep:pron="vaʊ">vow</w>
                  <c> </c>
                  <w xmlns:ecep="http://www.eighteenthcenturypoetry.org/ns"
                     xml:id="o3555-095820"
                     n="77-a-0710"
                     ecep:lem="with"
                     ecep:pos="p-acp"
                     ecep:reg="with"
                     ecep:spe="with"
                     ecep:syllab="1"
                     ecep:pron="wɪð">with</w>
                  <c> </c>
                  <w xmlns:ecep="http://www.eighteenthcenturypoetry.org/ns"
                     xml:id="o3555-095830"
                     n="77-a-0720"
                     ecep:lem="patient"
                     ecep:pos="j"
                     ecep:reg="patient"
                     ecep:spe="patient"
                     ecep:syllab="2"
                     ecep:pron="ˈpeɪʃnt">patient</w>
                  <c> </c>
                  <w xmlns:ecep="http://www.eighteenthcenturypoetry.org/ns"
                     xml:id="o3555-095840"
                     n="77-a-0730"
                     ecep:lem="duty"
                     ecep:pos="n1"
                     ecep:reg="duty"
                     ecep:spe="duty"
                     ecep:syllab="2"
                     ecep:pron="ˈdʒuːti">duty</w>
               </l>
               <l xml:id="o3555-l05345">
                  <c> </c>
                  <w xmlns:ecep="http://www.eighteenthcenturypoetry.org/ns"
                     xml:id="o3555-095850"
                     n="77-a-0740"
                     ecep:lem="thus"
                     ecep:pos="av"
                     ecep:reg="Thus"
                     ecep:spe="Thus"
                     ecep:syllab="1"
                     ecep:pron="ðʌs">Thus</w>
                  <c> </c>
                  <w xmlns:ecep="http://www.eighteenthcenturypoetry.org/ns"
                     xml:id="o3555-095860"
                     n="77-a-0750"
                     ecep:lem="to"
                     ecep:pos="pc-acp"
                     ecep:reg="to"
                     ecep:spe="to"
                     ecep:syllab="1"
                     ecep:pron="tuː">to</w>
                  <c> </c>
                  <w xmlns:ecep="http://www.eighteenthcenturypoetry.org/ns"
                     xml:id="o3555-095870"
                     n="77-a-0760"
                     ecep:lem="meet"
                     ecep:pos="vvi"
                     ecep:reg="meet"
                     ecep:spe="meet"
                     ecep:syllab="1"
                     ecep:pron="miːt">meet</w>
                  <c> </c>
                  <w xmlns:ecep="http://www.eighteenthcenturypoetry.org/ns"
                     xml:id="o3555-095880"
                     n="77-a-0770"
                     ecep:lem="your"
                     ecep:pos="po22"
                     ecep:reg="your"
                     ecep:spe="your"
                     ecep:syllab="1"
                     ecep:pron="jɔː">your</w>
                  <c> </c>
                  <w xmlns:ecep="http://www.eighteenthcenturypoetry.org/ns"
                     xml:id="o3555-095890"
                     n="77-a-0780"
                     ecep:lem="proud"
                     ecep:pos="js"
                     ecep:reg="proudest"
                     ecep:spe="proudest"
                     ecep:syllab="2"
                     ecep:pron="praʊdɪst">proudest</w>
                  <c> </c>
                  <w xmlns:ecep="http://www.eighteenthcenturypoetry.org/ns"
                     xml:id="o3555-095900"
                     n="77-a-0790"
                     ecep:lem="scorn"
                     ecep:pos="n1"
                     ecep:reg="scorn"
                     ecep:spe="scorn"
                     ecep:syllab="1"
                     ecep:pron="skɔːn">scorn</w>
                  <pc xmlns:ecep="http://www.eighteenthcenturypoetry.org/ns"
                      xml:id="o3555-095910"
                      n="77-a-0800"
                      ecep:lem=";"
                      ecep:pos=";"
                      ecep:reg=";"
                      ecep:spe=";">;</pc>
               </l>
               <l xml:id="o3555-l05350">
                  <c> </c>
                  <w xmlns:ecep="http://www.eighteenthcenturypoetry.org/ns"
                     xml:id="o3555-095920"
                     n="77-a-0810"
                     ecep:lem="you"
                     ecep:pos="pn22"
                     ecep:reg="You"
                     ecep:spe="You"
                     ecep:syllab="1"
                     ecep:pron="juː">You</w>
                  <c> </c>
                  <w xmlns:ecep="http://www.eighteenthcenturypoetry.org/ns"
                     xml:id="o3555-095930"
                     n="77-a-0820"
                     ecep:lem="for"
                     ecep:pos="p-acp"
                     ecep:reg="for"
                     ecep:spe="for"
                     ecep:syllab="1"
                     ecep:pron="fɔː">for</w>
                  <c> </c>
                  <w xmlns:ecep="http://www.eighteenthcenturypoetry.org/ns"
                     xml:id="o3555-095940"
                     n="77-a-0830"
                     ecep:lem="unrelenting"
                     ecep:pos="j"
                     ecep:reg="unrelenting"
                     ecep:spe="unrelenting"
                     ecep:syllab="4"
                     ecep:pron="ˌʌnrɪˈlentɪŋ">unrelenting</w>
                  <c> </c>
                  <w xmlns:ecep="http://www.eighteenthcenturypoetry.org/ns"
                     xml:id="o3555-095950"
                     n="77-a-0840"
                     ecep:lem="beauty"
                     ecep:pos="n1"
                     ecep:reg="beauty"
                     ecep:spe="beauty"
                     ecep:syllab="2"
                     ecep:pron="ˈbjuːti">beauty</w>
                  <pc xmlns:ecep="http://www.eighteenthcenturypoetry.org/ns"
                      xml:id="o3555-095960"
                      n="77-a-0850"
                      ecep:lem=","
                      ecep:pos=","
                      ecep:reg=","
                      ecep:spe=",">,</pc>
               </l>
               <l xml:id="o3555-l05355">
                  <c> </c>
                  <w xmlns:ecep="http://www.eighteenthcenturypoetry.org/ns"
                     xml:id="o3555-095970"
                     n="77-a-0860"
                     ecep:lem="i"
                     ecep:pos="pns11"
                     ecep:reg="I"
                     ecep:spe="I"
                     ecep:syllab="1"
                     ecep:pron="aɪ">I</w>
                  <c> </c>
                  <w xmlns:ecep="http://www.eighteenthcenturypoetry.org/ns"
                     xml:id="o3555-095980"
                     n="77-a-0870"
                     ecep:lem="for"
                     ecep:pos="p-acp"
                     ecep:reg="for"
                     ecep:spe="for"
                     ecep:syllab="1"
                     ecep:pron="fɔː">for</w>
                  <c> </c>
                  <w xmlns:ecep="http://www.eighteenthcenturypoetry.org/ns"
                     xml:id="o3555-095990"
                     n="77-a-0880"
                     ecep:lem="constant"
                     ecep:pos="j"
                     ecep:reg="constant"
                     ecep:spe="constant"
                     ecep:syllab="2"
                     ecep:pron="ˈkɒnstənt">constant</w>
                  <c> </c>
                  <w xmlns:ecep="http://www.eighteenthcenturypoetry.org/ns"
                     xml:id="o3555-096000"
                     n="77-a-0890"
                     ecep:lem="love"
                     ecep:pos="n1"
                     ecep:reg="love"
                     ecep:spe="love"
                     ecep:syllab="1"
                     ecep:pron="lʌv">love</w>
                  <c> </c>
                  <w xmlns:ecep="http://www.eighteenthcenturypoetry.org/ns"
                     xml:id="o3555-096010"
                     n="77-a-0900"
                     ecep:lem="be"
                     ecep:pos="vbds"
                     ecep:reg="was"
                     ecep:spe="was"
                     ecep:syllab="1"
                     ecep:pron="wɒz">was</w>
                  <c> </c>
                  <w xmlns:ecep="http://www.eighteenthcenturypoetry.org/ns"
                     xml:id="o3555-096020"
                     n="77-a-0910"
                     ecep:lem="bear"
                     ecep:pos="vvn"
                     ecep:reg="born"
                     ecep:spe="born"
                     ecep:syllab="1"
                     ecep:pron="bɔːn">born</w>
                  <pc xmlns:ecep="http://www.eighteenthcenturypoetry.org/ns"
                      xml:id="o3555-096030"
                      n="77-a-0920"
                      unit="sentence"
                      ecep:lem="."
                      ecep:pos="."
                      ecep:reg="."
                      ecep:spe=".">.</pc>
                  <c> </c>
               </l>
            </sp>
            <lg xml:id="o3555-s00515">
               <l xml:id="o3555-l05360">
                  <w xmlns:ecep="http://www.eighteenthcenturypoetry.org/ns"
                     xml:id="o3555-096060"
                     n="77-a-0930"
                     ecep:lem="but"
                     ecep:pos="p-acp"
                     ecep:reg="But"
                     ecep:spe="But"
                     ecep:syllab="1"
                     ecep:pron="bʌt">But</w>
                  <c> </c>
                  <w xmlns:ecep="http://www.eighteenthcenturypoetry.org/ns"
                     xml:id="o3555-096070"
                     n="77-a-0940"
                     ecep:lem="the"
                     ecep:pos="dt"
                     ecep:reg="the"
                     ecep:spe="the"
                     ecep:syllab="1"
                     ecep:pron="ðiː">the</w>
                  <c> </c>
                  <w xmlns:ecep="http://www.eighteenthcenturypoetry.org/ns"
                     xml:id="o3555-096080"
                     n="77-a-0950"
                     ecep:lem="fate"
                     ecep:pos="n2"
                     ecep:reg="fates"
                     ecep:spe="fates"
                     ecep:syllab="1"
                     ecep:pron="feɪts">fates</w>
                  <c> </c>
                  <w xmlns:ecep="http://www.eighteenthcenturypoetry.org/ns"
                     xml:id="o3555-096090"
                     n="77-a-0960"
                     ecep:lem="have"
                     ecep:pos="vhd"
                     ecep:reg="had"
                     ecep:spe="had"
                     ecep:syllab="1"
                     ecep:pron="hæd">had</w>
                  <c> </c>
                  <w xmlns:ecep="http://www.eighteenthcenturypoetry.org/ns"
                     xml:id="o3555-096100"
                     n="77-a-0970"
                     ecep:lem="not"
                     ecep:pos="xx"
                     ecep:reg="not"
                     ecep:spe="not"
                     ecep:syllab="1"
                     ecep:pron="nɒt">not</w>
                  <c> </c>
                  <w xmlns:ecep="http://www.eighteenthcenturypoetry.org/ns"
                     xml:id="o3555-096110"
                     n="77-a-0980"
                     ecep:lem="consent"
                     ecep:pos="vvn"
                     ecep:reg="consented"
                     ecep:spe="consented"
                     ecep:syllab="3"
                     ecep:pron="kənˈsentɪd">consented</w>
                  <pc xmlns:ecep="http://www.eighteenthcenturypoetry.org/ns"
                      xml:id="o3555-096120"
                      n="77-a-0990"
                      ecep:lem=","
                      ecep:pos=","
                      ecep:reg=","
                      ecep:spe=",">,</pc>
               </l>
               <l xml:id="o3555-l05365">
                  <c> </c>
                  <w xmlns:ecep="http://www.eighteenthcenturypoetry.org/ns"
                     xml:id="o3555-096130"
                     n="77-a-1000"
                     ecep:lem="since"
                     ecep:pos="c-acp"
                     ecep:reg="Since"
                     ecep:spe="Since"
                     ecep:syllab="1"
                     ecep:pron="sɪns">Since</w>
                  <c> </c>
                  <w xmlns:ecep="http://www.eighteenthcenturypoetry.org/ns"
                     xml:id="o3555-096140"
                     n="77-a-1010"
                     ecep:lem="they"
                     ecep:pos="pns32"
                     ecep:reg="they"
                     ecep:spe="they"
                     ecep:syllab="1"
                     ecep:pron="ðeɪ">they</w>
                  <c> </c>
                  <w xmlns:ecep="http://www.eighteenthcenturypoetry.org/ns"
                     xml:id="o3555-096150"
                     n="77-a-1020"
                     ecep:lem="both"
                     ecep:pos="d"
                     ecep:reg="both"
                     ecep:spe="both"
                     ecep:syllab="1"
                     ecep:pron="bəʊθ">both</w>
                  <c> </c>
                  <w xmlns:ecep="http://www.eighteenthcenturypoetry.org/ns"
                     xml:id="o3555-096160"
                     n="77-a-1030"
                     ecep:lem="do"
                     ecep:pos="vdd"
                     ecep:reg="did"
                     ecep:spe="did"
                     ecep:syllab="1"
                     ecep:pron="dɪd">did</w>
                  <c> </c>
                  <w xmlns:ecep="http://www.eighteenthcenturypoetry.org/ns"
                     xml:id="o3555-096170"
                     n="77-a-1040"
                     ecep:lem="fickle"
                     ecep:pos="j"
                     ecep:reg="fickle"
                     ecep:spe="fickle"
                     ecep:syllab="2"
                     ecep:pron="ˈfɪkl">fickle</w>
                  <c> </c>
                  <w xmlns:ecep="http://www.eighteenthcenturypoetry.org/ns"
                     xml:id="o3555-096180"
                     n="77-a-1050"
                     ecep:lem="prove"
                     ecep:pos="vvi"
                     ecep:reg="prove"
                     ecep:spe="prove"
                     ecep:syllab="1"
                     ecep:pron="pruːv">prove</w>
                  <pc xmlns:ecep="http://www.eighteenthcenturypoetry.org/ns"
                      xml:id="o3555-096190"
                      n="77-a-1060"
                      ecep:lem=";"
                      ecep:pos=";"
                      ecep:reg=";"
                      ecep:spe=";">;</pc>
               </l>
               <l xml:id="o3555-l05370">
                  <c> </c>
                  <w xmlns:ecep="http://www.eighteenthcenturypoetry.org/ns"
                     xml:id="o3555-096200"
                     n="77-a-1070"
                     ecep:lem="of"
                     ecep:pos="pp-f"
                     ecep:reg="Of"
                     ecep:spe="Of"
                     ecep:syllab="1"
                     ecep:pron="ɒv">Of</w>
                  <c> </c>
                  <w xmlns:ecep="http://www.eighteenthcenturypoetry.org/ns"
                     xml:id="o3555-096210"
                     n="77-a-1080"
                     ecep:lem="her"
                     ecep:pos="po31"
                     ecep:reg="her"
                     ecep:spe="her"
                     ecep:syllab="1"
                     ecep:pron="hɜː">her</w>
                  <c> </c>
                  <w xmlns:ecep="http://www.eighteenthcenturypoetry.org/ns"
                     xml:id="o3555-096220"
                     n="77-a-1090"
                     ecep:lem="scorn"
                     ecep:pos="n1"
                     ecep:reg="scorn"
                     ecep:spe="scorn"
                     ecep:syllab="1"
                     ecep:pron="skɔːn">scorn</w>
                  <c> </c>
                  <w xmlns:ecep="http://www.eighteenthcenturypoetry.org/ns"
                     xml:id="o3555-096230"
                     n="77-a-1100"
                     ecep:lem="the"
                     ecep:pos="dt"
                     ecep:reg="the"
                     ecep:spe="the"
                     ecep:syllab="1"
                     ecep:pron="ðiː">the</w>
                  <c> </c>
                  <w xmlns:ecep="http://www.eighteenthcenturypoetry.org/ns"
                     xml:id="o3555-096240"
                     n="77-a-1110"
                     ecep:lem="maid"
                     ecep:pos="n1"
                     ecep:reg="maid"
                     ecep:spe="maid"
                     ecep:syllab="1"
                     ecep:pron="meɪd">maid</w>
                  <c> </c>
                  <w xmlns:ecep="http://www.eighteenthcenturypoetry.org/ns"
                     xml:id="o3555-096250"
                     n="77-a-1120"
                     ecep:lem="repent"
                     ecep:pos="vvd"
                     ecep:reg="repented"
                     ecep:spe="repented"
                     ecep:syllab="3"
                     ecep:pron="rɪˈpentɪd">repented</w>
                  <pc xmlns:ecep="http://www.eighteenthcenturypoetry.org/ns"
                      xml:id="o3555-096260"
                      n="77-a-1130"
                      ecep:lem=","
                      ecep:pos=","
                      ecep:reg=","
                      ecep:spe=",">,</pc>
               </l>
               <l xml:id="o3555-l05375">
                  <c> </c>
                  <w xmlns:ecep="http://www.eighteenthcenturypoetry.org/ns"
                     xml:id="o3555-096270"
                     n="77-a-1140"
                     ecep:lem="and"
                     ecep:pos="cc"
                     ecep:reg="And"
                     ecep:spe="And"
                     ecep:syllab="1"
                     ecep:pron="ænd">And</w>
                  <c> </c>
                  <w xmlns:ecep="http://www.eighteenthcenturypoetry.org/ns"
                     xml:id="o3555-096280"
                     n="77-a-1150"
                     ecep:lem="the"
                     ecep:pos="dt"
                     ecep:reg="the"
                     ecep:spe="the"
                     ecep:syllab="1"
                     ecep:pron="ðiː">the</w>
                  <c> </c>
                  <w xmlns:ecep="http://www.eighteenthcenturypoetry.org/ns"
                     xml:id="o3555-096290"
                     n="77-a-1160"
                     ecep:lem="shepherd"
                     ecep:pos="n1"
                     ecep:reg="shepherd"
                     ecep:spe="shepherd"
                     ecep:syllab="2"
                     ecep:pron="ˈʃepəd">shepherd</w>
                  <c> </c>
                  <w xmlns:ecep="http://www.eighteenthcenturypoetry.org/ns"
                     xml:id="o3555-096300"
                     n="77-a-1170"
                     ecep:lem="of"
                     ecep:pos="pp-f"
                     ecep:reg="of"
                     ecep:spe="of"
                     ecep:syllab="1"
                     ecep:pron="ɒv">of</w>
                  <c> </c>
                  <w xmlns:ecep="http://www.eighteenthcenturypoetry.org/ns"
                     xml:id="o3555-096310"
                     n="77-a-1180"
                     ecep:lem="his"
                     ecep:pos="po31"
                     ecep:reg="his"
                     ecep:spe="his"
                     ecep:syllab="1"
                     ecep:pron="hɪz">his</w>
                  <c> </c>
                  <w xmlns:ecep="http://www.eighteenthcenturypoetry.org/ns"
                     xml:id="o3555-096320"
                     n="77-a-1190"
                     ecep:lem="love"
                     ecep:pos="n1"
                     ecep:reg="love"
                     ecep:spe="love"
                     ecep:syllab="1"
                     ecep:pron="lʌv">love</w>
                  <pc xmlns:ecep="http://www.eighteenthcenturypoetry.org/ns"
                      xml:id="o3555-096330"
                      n="77-a-1200"
                      unit="sentence"
                      ecep:lem="."
                      ecep:pos="."
                      ecep:reg="."
                      ecep:spe=".">.</pc>
                  <c> </c>
               </l>
            </lg>
         </div>
      </body>
   </text>
</TEI>
