<?xml version="1.0" encoding="utf-8"?>
<!DOCTYPE div
  SYSTEM "about:legacy-compat">
<div xmlns:tei="http://www.tei-c.org/ns/1.0"
     xmlns="http://www.tei-c.org/ns/1.0"
     xmlns:ecep="http://www.eighteenthcenturypoetry.org/ns"
     ana="#iamb #tetrameter #catalexis #quatrain #cross"
     corresp="#txt_ShenWi1714_w0043"
     ecep:syllab="8.7.8.7"
     met="-+|-+|-+|-+/          -+|-+|-+|-/         -+|-+|-+|-+/          -+|-+|-+|-/"
     rendition="#lgvspace"
     rhyme="abab"
     subtype="eceptext"
     type="poem"
     xml:id="o5156-w0240"
     decls="#semi-normalized">
   <link target="authors.xml#aut_ShenWi1714" type="author"/>
   <link target="27248" type="DMI"/>
   <head type="main">
      <w xml:id="o5156-112150"
         n="59-a-1130"
         ecep:lem="upon"
         ecep:pos="p-acp"
         ecep:reg="Upon"
         ecep:spe="Upon"
         ecep:syllab="2"
         ecep:pron="əˈpɒn">Upon</w>
      <c> </c>
      <w xml:id="o5156-112160"
         n="59-a-1140"
         ecep:lem="riddle"
         ecep:pos="n2"
         ecep:reg="RIDDLES"
         ecep:spe="RIDDLES"
         ecep:syllab="2"
         ecep:pron="ˈrɪdlz">RIDDLES</w>
      <pc xml:id="o5156-112170"
          n="59-a-1150"
          unit="sentence"
          ecep:lem="."
          ecep:pos="."
          ecep:reg="."
          ecep:spe=".">.</pc>
   </head>
   <lg xml:id="o5156-s01155">
      <l xml:id="o5156-l06490">
         <w xml:id="o5156-112200"
            n="59-a-1160"
            ecep:lem="have"
            ecep:pos="vhi"
            ecep:reg="HAVE"
            ecep:spe="HAVE"
            ecep:syllab="1"
            ecep:pron="hæv">HAVE</w>
         <c> </c>
         <w xml:id="o5156-112210"
            n="59-a-1170"
            ecep:lem="you"
            ecep:pos="pn22"
            ecep:reg="you"
            ecep:spe="you"
            ecep:syllab="1"
            ecep:pron="juː">you</w>
         <c> </c>
         <w xml:id="o5156-112220"
            n="59-a-1180"
            ecep:lem="not"
            ecep:pos="xx"
            ecep:reg="not"
            ecep:spe="not"
            ecep:syllab="1"
            ecep:pron="ˈdɪdnt">not</w>
         <c> </c>
         <w xml:id="o5156-112230"
            n="59-a-1190"
            ecep:lem="know"
            ecep:pos="vvn"
            ecep:reg="known"
            ecep:spe="known"
            ecep:syllab="1"
            ecep:pron="nəʊn">known</w>
         <c> </c>
         <w xml:id="o5156-112240"
            n="59-a-1200"
            ecep:lem="a"
            ecep:pos="dt"
            ecep:reg="a"
            ecep:spe="a"
            ecep:syllab="1"
            ecep:pron="ə">a</w>
         <c> </c>
         <w xml:id="o5156-112250"
            n="59-a-1210"
            ecep:lem="small"
            ecep:pos="j"
            ecep:reg="small"
            ecep:spe="small"
            ecep:syllab="1"
            ecep:pron="smɔːl">small</w>
         <c> </c>
         <w xml:id="o5156-112260"
            n="59-a-1220"
            ecep:lem="machine"
            ecep:pos="n1"
            ecep:reg="machine"
            ecep:spe="machine"
            ecep:syllab="2"
            ecep:pron="məˈʃiːn">machine</w>
      </l>
      <l xml:id="o5156-l06495">
         <w xml:id="o5156-112270"
            n="59-a-1230"
            ecep:lem="which"
            ecep:pos="r-crq"
            ecep:reg="Which"
            ecep:spe="Which"
            ecep:syllab="1"
            ecep:pron="wɪtʃ">Which</w>
         <c> </c>
         <w xml:id="o5156-112280"
            n="59-a-1240"
            ecep:lem="brazen"
            ecep:pos="j"
            ecep:reg="brazen"
            ecep:spe="brazen"
            ecep:syllab="2"
            ecep:pron="ˈbreɪzn">brazen</w>
         <c> </c>
         <w xml:id="o5156-112290"
            n="59-a-1250"
            ecep:lem="ring"
            ecep:pos="n2"
            ecep:reg="rings"
            ecep:spe="rings"
            ecep:syllab="1"
            ecep:pron="rɪŋz">rings</w>
         <c> </c>
         <w xml:id="o5156-112300"
            n="59-a-1260"
            ecep:lem="environ"
            ecep:pos="vvb"
            ecep:reg="environ"
            ecep:spe="environ"
            ecep:syllab="3"
            ecep:pron="ɪnˈvaɪrən">environ</w>
         <pc xml:id="o5156-112310"
             n="59-a-1270"
             ecep:lem=","
             ecep:pos=","
             ecep:reg=","
             ecep:spe=",">,</pc>
      </l>
      <l xml:id="o5156-l06500">
         <w xml:id="o5156-112320"
            n="59-a-1280"
            ecep:lem="in"
            ecep:pos="p-acp"
            ecep:reg="In"
            ecep:spe="In"
            ecep:syllab="1"
            ecep:pron="ɪn">In</w>
         <c> </c>
         <w xml:id="o5156-112330"
            n="59-a-1290"
            ecep:lem="many"
            ecep:pos="d"
            ecep:reg="many"
            ecep:spe="many"
            ecep:syllab="1"
            ecep:pron="ˈmeni">many</w>
         <c> </c>
         <w xml:id="o5156-112340"
            n="59-a-1300"
            ecep:lem="a"
            ecep:pos="dt"
            ecep:reg="a"
            ecep:spe="a"
            ecep:syllab="1"
            ecep:pron="ə">a</w>
         <c> </c>
         <w xml:id="o5156-112350"
            n="59-a-1310"
            ecep:lem="country"
            ecep:pos="n1"
            ecep:reg="country"
            ecep:spe="country"
            ecep:syllab="2"
            ecep:pron="ˈkʌntri">country</w>
         <c> </c>
         <w xml:id="o5156-112360"
            n="59-a-1320"
            ecep:lem="chimney"
            ecep:pos="n1"
            ecep:reg="chimney"
            ecep:spe="chimney"
            ecep:syllab="2"
            ecep:pron="ˈtʃɪmni">chimney</w>
         <c> </c>
         <w xml:id="o5156-112370"
            n="59-a-1330"
            ecep:lem="see"
            ecep:pos="vvn"
            ecep:reg="seen"
            ecep:spe="seen"
            ecep:syllab="1"
            ecep:pron="siːn">seen</w>
         <pc xml:id="o5156-112380"
             n="59-a-1340"
             ecep:lem=","
             ecep:pos=","
             ecep:reg=","
             ecep:spe=",">,</pc>
      </l>
      <l xml:id="o5156-l06505">
         <w xml:id="o5156-112390"
            n="59-a-1350"
            ecep:lem="cleped"
            ecep:pos="j"
            ecep:reg="Cleped"
            ecep:spe="Y-clep'd"
            ecep:syllab="2"
            ecep:pron="waɪˌklept">Y-clep'd</w>
         <c> </c>
         <w xml:id="o5156-112400"
            n="59-a-1360"
            ecep:lem="a"
            ecep:pos="dt"
            ecep:reg="a"
            ecep:spe="a"
            ecep:syllab="1"
            ecep:pron="ə">a</w>
         <c> </c>
         <w xml:id="o5156-112410"
            n="59-a-1370"
            ecep:lem="tarring-iron"
            ecep:pos="n1"
            ecep:reg="tarring-iron"
            ecep:spe="tarring-iron"
            ecep:syllab="4"
            ecep:pron="ˈtɑːrɪŋˌˈaɪən">tarring-iron</w>
         <pc xml:id="o5156-112420"
             n="59-a-1380"
             unit="sentence"
             ecep:lem="?"
             ecep:pos="?"
             ecep:reg="?"
             ecep:spe="?">?</pc>
      </l>
   </lg>
   <lg xml:id="o5156-s01160">
      <l xml:id="o5156-l06510">
         <w xml:id="o5156-112450"
            n="59-a-1390"
            ecep:lem="its"
            ecep:pos="po31"
            ecep:reg="Its"
            ecep:spe="Its"
            ecep:syllab="1"
            ecep:pron="ɪts">Its</w>
         <c> </c>
         <w xml:id="o5156-112460"
            n="59-a-1400"
            ecep:lem="puzzle"
            ecep:pos="j-vvg"
            ecep:reg="puzzling"
            ecep:spe="puzzling"
            ecep:syllab="3"
            ecep:pron="ˈpʌzlɪŋ">puzzling</w>
         <c> </c>
         <w xml:id="o5156-112470"
            n="59-a-1410"
            ecep:lem="nature"
            ecep:pos="n1"
            ecep:reg="nature"
            ecep:spe="nature"
            ecep:syllab="2"
            ecep:pron="ˈneɪtʃə">nature</w>
         <c> </c>
         <w xml:id="o5156-112480"
            n="59-a-1420"
            ecep:lem="to"
            ecep:pos="pc-acp"
            ecep:reg="to"
            ecep:spe="to"
            ecep:syllab="1"
            ecep:pron="tuː">to</w>
         <c> </c>
         <w xml:id="o5156-112490"
            n="59-a-1430"
            ecep:lem="display"
            ecep:pos="vvi"
            ecep:reg="display"
            ecep:spe="display"
            ecep:syllab="2"
            ecep:pron="dɪˈspleɪ">display</w>
      </l>
      <l xml:id="o5156-l06515">
         <w xml:id="o5156-112500"
            n="59-a-1440"
            ecep:lem="each"
            ecep:pos="d"
            ecep:reg="Each"
            ecep:spe="Each"
            ecep:syllab="1"
            ecep:pron="iːtʃ">Each</w>
         <c> </c>
         <w xml:id="o5156-112510"
            n="59-a-1450"
            ecep:lem="idle"
            ecep:pos="j"
            ecep:reg="idle"
            ecep:spe="idle"
            ecep:syllab="2"
            ecep:pron="ˈaɪdl">idle</w>
         <c> </c>
         <w xml:id="o5156-112520"
            n="59-a-1460"
            ecep:lem="clown"
            ecep:pos="n1"
            ecep:reg="clown"
            ecep:spe="clown"
            ecep:syllab="1"
            ecep:pron="klaʊn">clown</w>
         <c> </c>
         <w xml:id="o5156-112530"
            n="59-a-1470"
            ecep:lem="may"
            ecep:pos="vmb"
            ecep:reg="may"
            ecep:spe="may"
            ecep:syllab="1"
            ecep:pron="meɪ">may</w>
         <c> </c>
         <w xml:id="o5156-112540"
            n="59-a-1480"
            ecep:lem="try"
            ecep:pos="vvi"
            ecep:reg="try"
            ecep:spe="try"
            ecep:syllab="1"
            ecep:pron="traɪ">try</w>
         <pc xml:id="o5156-112550"
             n="59-a-1490"
             ecep:lem=","
             ecep:pos=","
             ecep:reg=","
             ecep:spe=",">,</pc>
         <c> </c>
         <w xml:id="o5156-112560"
            n="59-a-1500"
            ecep:lem="sir"
            ecep:pos="n1"
            ecep:reg="Sir"
            ecep:spe="Sir"
            ecep:syllab="1"
            ecep:pron="sɜː">Sir</w>
         <pc xml:id="o5156-112570"
             n="59-a-1510"
             ecep:lem=","
             ecep:pos=","
             ecep:reg=","
             ecep:spe=",">,</pc>
      </l>
      <l xml:id="o5156-l06520">
         <w xml:id="o5156-112580"
            n="59-a-1520"
            ecep:lem="though"
            ecep:pos="c-acp"
            ecep:reg="Though"
            ecep:spe="Tho"
            ecep:syllab="1"
            ecep:pron="ðəʊ">Tho</w>
         <pc xml:id="o5156-112590"
             n="59-a-1530"
             ecep:lem=","
             ecep:pos=","
             ecep:reg=","
             ecep:spe=",">,</pc>
         <c> </c>
         <w xml:id="o5156-112600"
            n="59-a-1540"
            ecep:lem="when"
            ecep:pos="c-crq"
            ecep:reg="when"
            ecep:spe="when"
            ecep:syllab="1"
            ecep:pron="wen">when</w>
         <c> </c>
         <w xml:id="o5156-112610"
            n="59-a-1550"
            ecep:lem="he"
            ecep:pos="pns31"
            ecep:reg="he"
            ecep:spe="he"
            ecep:syllab="1"
            ecep:pron="hiː">he</w>
         <c> </c>
         <w xml:id="o5156-112620"
            n="59-a-1560"
            ecep:lem="have"
            ecep:pos="vhz"
            ecep:reg="has"
            ecep:spe="has"
            ecep:syllab="1"
            ecep:pron="hæz">has</w>
         <c> </c>
         <w xml:id="o5156-112630"
            n="59-a-1570"
            ecep:lem="acquire"
            ecep:pos="vvn"
            ecep:reg="acquired"
            ecep:spe="acquir'd"
            ecep:syllab="2"
            ecep:pron="əˈkwaɪəd">acquir'd</w>
         <c> </c>
         <w xml:id="o5156-112640"
            n="59-a-1580"
            ecep:lem="the"
            ecep:pos="dt"
            ecep:reg="the"
            ecep:spe="the"
            ecep:syllab="1"
            ecep:pron="ðiː">the</w>
         <c> </c>
         <w xml:id="o5156-112650"
            n="59-a-1590"
            ecep:lem="way"
            ecep:pos="n1"
            ecep:reg="way"
            ecep:spe="way"
            ecep:syllab="1"
            ecep:pron="weɪ">way</w>
         <pc xml:id="o5156-112660"
             n="59-a-1600"
             ecep:lem=","
             ecep:pos=","
             ecep:reg=","
             ecep:spe=",">,</pc>
      </l>
      <l xml:id="o5156-l06525">
         <w xml:id="o5156-112670"
            n="59-a-1610"
            ecep:lem="he|be"
            ecep:pos="pns31|vbz"
            ecep:reg="He's"
            ecep:spe="He's"
            ecep:syllab="1"
            ecep:pron="hiːz">He's</w>
         <c> </c>
         <w xml:id="o5156-112680"
            n="59-a-1620"
            ecep:lem="not"
            ecep:pos="xx"
            ecep:reg="not"
            ecep:spe="not"
            ecep:syllab="1"
            ecep:pron="ˈdɪdnt">not</w>
         <c> </c>
         <w xml:id="o5156-112690"
            n="59-a-1630"
            ecep:lem="a"
            ecep:pos="dt"
            ecep:reg="a"
            ecep:spe="a"
            ecep:syllab="1"
            ecep:pron="ə">a</w>
         <c> </c>
         <w xml:id="o5156-112700"
            n="59-a-1640"
            ecep:lem="jot"
            ecep:pos="n1"
            ecep:reg="jot"
            ecep:spe="jot"
            ecep:syllab="1"
            ecep:pron="dʒɒt">jot</w>
         <c> </c>
         <w xml:id="o5156-112710"
            n="59-a-1650"
            ecep:lem="the"
            ecep:pos="dt"
            ecep:reg="the"
            ecep:spe="the"
            ecep:syllab="1"
            ecep:pron="ðiː">the</w>
         <c> </c>
         <w xml:id="o5156-112720"
            n="59-a-1660"
            ecep:lem="wise"
            ecep:pos="jc"
            ecep:reg="wiser"
            ecep:spe="wiser"
            ecep:syllab="2"
            ecep:pron="ˈwaɪzə">wiser</w>
         <pc xml:id="o5156-112730"
             n="59-a-1670"
             unit="sentence"
             ecep:lem="."
             ecep:pos="."
             ecep:reg="."
             ecep:spe=".">.</pc>
      </l>
   </lg>
   <pb facs="o5156/0063_L" n="58" rend="none"/>
   <lg xml:id="o5156-s01165">
      <l xml:id="o5156-l06530">
         <w xml:id="o5156-112760"
            n="60-a-0010"
            ecep:lem="it|be"
            ecep:pos="pn31|vbz"
            ecep:reg="It's"
            ecep:spe="'Tis"
            ecep:syllab="1"
            ecep:pron="tɪz">'Tis</w>
         <c> </c>
         <w xml:id="o5156-112770"
            n="60-a-0020"
            ecep:lem="thus"
            ecep:pos="av"
            ecep:reg="thus"
            ecep:spe="thus"
            ecep:syllab="1"
            ecep:pron="ðʌs">thus</w>
         <c> </c>
         <w xml:id="o5156-112780"
            n="60-a-0030"
            ecep:lem="with"
            ecep:pos="p-acp"
            ecep:reg="with"
            ecep:spe="with"
            ecep:syllab="1"
            ecep:pron="wɪð">with</w>
         <c> </c>
         <w xml:id="o5156-112790"
            n="60-a-0040"
            ecep:lem="he"
            ecep:pos="pno31"
            ecep:reg="him"
            ecep:spe="him"
            ecep:syllab="1"
            ecep:pron="hɪm">him</w>
         <pc xml:id="o5156-112800"
             n="60-a-0050"
             ecep:lem=","
             ecep:pos=","
             ecep:reg=","
             ecep:spe=",">,</pc>
         <c> </c>
         <w xml:id="o5156-112810"
            n="60-a-0060"
            ecep:lem="who"
            ecep:pos="r-crq"
            ecep:reg="who"
            ecep:spe="who"
            ecep:syllab="1"
            ecep:pron="huː">who</w>
         <c> </c>
         <w xml:id="o5156-112820"
            n="60-a-0070"
            ecep:lem="fond"
            ecep:pos="j"
            ecep:reg="fond"
            ecep:spe="fond"
            ecep:syllab="1"
            ecep:pron="fɒnd">fond</w>
         <c> </c>
         <w xml:id="o5156-112830"
            n="60-a-0080"
            ecep:lem="of"
            ecep:pos="pp-f"
            ecep:reg="of"
            ecep:spe="of"
            ecep:syllab="1"
            ecep:pron="ɒv">of</w>
         <c> </c>
         <w xml:id="o5156-112840"
            n="60-a-0090"
            ecep:lem="rhime"
            ecep:pos="n1"
            ecep:reg="rhime"
            ecep:spe="rhime"
            ecep:syllab="1"
            ecep:pron="raɪm">rhime</w>
      </l>
      <l xml:id="o5156-l06535">
         <w xml:id="o5156-112850"
            n="60-a-0100"
            ecep:lem="in"
            ecep:pos="p-acp"
            ecep:reg="In"
            ecep:spe="In"
            ecep:syllab="1"
            ecep:pron="ɪn">In</w>
         <c> </c>
         <w xml:id="o5156-112860"
            n="60-a-0110"
            ecep:lem="wit"
            ecep:pos="ng1"
            ecep:reg="Wit's"
            ecep:spe="Wit's"
            ecep:syllab="1"
            ecep:pron="ˈwɪts">Wit's</w>
         <c> </c>
         <w xml:id="o5156-112870"
            n="60-a-0120"
            ecep:lem="low"
            ecep:pos="j"
            ecep:reg="low"
            ecep:spe="low"
            ecep:syllab="1"
            ecep:pron="ləʊ">low</w>
         <c> </c>
         <w xml:id="o5156-112880"
            n="60-a-0130"
            ecep:lem="species"
            ecep:pos="n1"
            ecep:reg="species"
            ecep:spe="species"
            ecep:syllab="2"
            ecep:pron="ˈspiːʃiːz">species</w>
         <c> </c>
         <w xml:id="o5156-112890"
            n="60-a-0140"
            ecep:lem="piddle"
            ecep:pos="vvz"
            ecep:reg="piddles"
            ecep:spe="piddles"
            ecep:syllab="2"
            ecep:pron="ˈpɪdlz">piddles</w>
         <pc xml:id="o5156-112900"
             n="60-a-0150"
             ecep:lem=";"
             ecep:pos=";"
             ecep:reg=";"
             ecep:spe=";">;</pc>
      </l>
      <l xml:id="o5156-l06540">
         <w xml:id="o5156-112910"
            n="60-a-0160"
            ecep:lem="and"
            ecep:pos="cc"
            ecep:reg="And"
            ecep:spe="And"
            ecep:syllab="1"
            ecep:pron="ænd">And</w>
         <c> </c>
         <w xml:id="o5156-112920"
            n="60-a-0170"
            ecep:lem="tire"
            ecep:pos="vvz"
            ecep:reg="tyres"
            ecep:spe="tires"
            ecep:syllab="2"
            ecep:pron="ˈtaɪəz">tires</w>
         <c> </c>
         <w xml:id="o5156-112930"
            n="60-a-0180"
            ecep:lem="his"
            ecep:pos="po31"
            ecep:reg="his"
            ecep:spe="his"
            ecep:syllab="1"
            ecep:pron="hɪz">his</w>
         <c> </c>
         <w xml:id="o5156-112940"
            n="60-a-0190"
            ecep:lem="thought"
            ecep:pos="n2"
            ecep:reg="thoughts"
            ecep:spe="thoughts"
            ecep:syllab="1"
            ecep:pron="θɔːts">thoughts</w>
         <pc xml:id="o5156-112950"
             n="60-a-0200"
             ecep:lem=","
             ecep:pos=","
             ecep:reg=","
             ecep:spe=",">,</pc>
         <c> </c>
         <w xml:id="o5156-112960"
            n="60-a-0210"
            ecep:lem="and"
            ecep:pos="cc"
            ecep:reg="and"
            ecep:spe="and"
            ecep:syllab="1"
            ecep:pron="ænd">and</w>
         <c> </c>
         <w xml:id="o5156-112970"
            n="60-a-0220"
            ecep:lem="waste"
            ecep:pos="vvz"
            ecep:reg="wastes"
            ecep:spe="wastes"
            ecep:syllab="1"
            ecep:pron="weɪsts">wastes</w>
         <c> </c>
         <w xml:id="o5156-112980"
            n="60-a-0230"
            ecep:lem="his"
            ecep:pos="po31"
            ecep:reg="his"
            ecep:spe="his"
            ecep:syllab="1"
            ecep:pron="hɪz">his</w>
         <c> </c>
         <w xml:id="o5156-112990"
            n="60-a-0240"
            ecep:lem="time"
            ecep:pos="n1"
            ecep:reg="time"
            ecep:spe="time"
            ecep:syllab="1"
            ecep:pron="taɪm">time</w>
      </l>
      <l xml:id="o5156-l06545">
         <w xml:id="o5156-113000"
            n="60-a-0250"
            ecep:lem="in"
            ecep:pos="p-acp"
            ecep:reg="In"
            ecep:spe="In"
            ecep:syllab="1"
            ecep:pron="ɪn">In</w>
         <c> </c>
         <w xml:id="o5156-113010"
            n="60-a-0260"
            ecep:lem="explicate"
            ecep:pos="j-vvg"
            ecep:reg="explicating"
            ecep:spe="explicating"
            ecep:syllab="4"
            ecep:pron="ˈeksplɪkeɪtɪŋ">explicating</w>
         <c> </c>
         <w xml:id="o5156-113020"
            n="60-a-0270"
            ecep:lem="riddle"
            ecep:pos="n2"
            ecep:reg="riddles"
            ecep:spe="riddles"
            ecep:syllab="2"
            ecep:pron="ˈrɪdlz">riddles</w>
         <pc xml:id="o5156-113030"
             n="60-a-0280"
             unit="sentence"
             ecep:lem="."
             ecep:pos="."
             ecep:reg="."
             ecep:spe=".">.</pc>
      </l>
   </lg>
   <lg xml:id="o5156-s01170">
      <l xml:id="o5156-l06550">
         <w xml:id="o5156-113060"
            n="60-a-0290"
            ecep:lem="shall"
            ecep:pos="vmb"
            ecep:reg="Shall"
            ecep:spe="Shall"
            ecep:syllab="1"
            ecep:pron="ʃæl">Shall</w>
         <c> </c>
         <w xml:id="o5156-113070"
            n="60-a-0300"
            ecep:lem="idle"
            ecep:pos="j"
            ecep:reg="idle"
            ecep:spe="idle"
            ecep:syllab="2"
            ecep:pron="ˈaɪdl">idle</w>
         <c> </c>
         <w xml:id="o5156-113080"
            n="60-a-0310"
            ecep:lem="bard"
            ecep:pos="n2"
            ecep:reg="bards"
            ecep:spe="bards"
            ecep:syllab="1"
            ecep:pron="bɑːdz">bards</w>
         <pc xml:id="o5156-113090"
             n="60-a-0320"
             ecep:lem=","
             ecep:pos=","
             ecep:reg=","
             ecep:spe=",">,</pc>
         <c> </c>
         <w xml:id="o5156-113100"
            n="60-a-0330"
            ecep:lem="by"
            ecep:pos="p-acp"
            ecep:reg="by"
            ecep:spe="by"
            ecep:syllab="1"
            ecep:pron="baɪ">by</w>
         <c> </c>
         <w xml:id="o5156-113110"
            n="60-a-0340"
            ecep:lem="fancy"
            ecep:pos="n1"
            ecep:reg="fancy"
            ecep:spe="fancy"
            ecep:syllab="2"
            ecep:pron="ˈfænsi">fancy</w>
         <c> </c>
         <w xml:id="o5156-113120"
            n="60-a-0350"
            ecep:lem="lead"
            ecep:pos="vvn"
            ecep:reg="led"
            ecep:spe="led"
            ecep:syllab="1"
            ecep:pron="led">led</w>
         <pc xml:id="o5156-113130"
             n="60-a-0360"
             ecep:lem=","
             ecep:pos=","
             ecep:reg=","
             ecep:spe=",">,</pc>
      </l>
      <l xml:id="o5156-l06555">
         <pc xml:id="o5156-113140"
             n="60-a-0370"
             ecep:lem="("
             ecep:pos="("
             ecep:reg="("
             ecep:spe="(">(</pc>
         <w xml:id="o5156-113150"
            n="60-a-0380"
            ecep:lem="with"
            ecep:pos="p-acp"
            ecep:reg="With"
            ecep:spe="With"
            ecep:syllab="1"
            ecep:pron="wɪð">With</w>
         <c> </c>
         <w xml:id="o5156-113160"
            n="60-a-0390"
            ecep:lem="wrathful"
            ecep:pos="j"
            ecep:reg="wrathful"
            ecep:spe="wrathful"
            ecep:syllab="2"
            ecep:pron="ˈrɒθfl">wrathful</w>
         <c> </c>
         <w xml:id="o5156-113170"
            n="60-a-0400"
            ecep:lem="zeal"
            ecep:pos="n1"
            ecep:reg="zeal"
            ecep:spe="zeal"
            ecep:syllab="1"
            ecep:pron="ziːl">zeal</w>
         <c> </c>
         <w xml:id="o5156-113180"
            n="60-a-0410"
            ecep:lem="i"
            ecep:pos="pns11"
            ecep:reg="I"
            ecep:spe="I"
            ecep:syllab="1"
            ecep:pron="aɪ">I</w>
         <c> </c>
         <w xml:id="o5156-113190"
            n="60-a-0420"
            ecep:lem="speak"
            ecep:pos="vvb"
            ecep:reg="speak"
            ecep:spe="speak"
            ecep:syllab="1"
            ecep:pron="spiːk">speak</w>
         <c> </c>
         <w xml:id="o5156-113200"
            n="60-a-0430"
            ecep:lem="it"
            ecep:pos="pn31"
            ecep:reg="it"
            ecep:spe="it"
            ecep:syllab="1"
            ecep:pron="ɪt">it</w>
         <pc xml:id="o5156-113210"
             n="60-a-0440"
             ecep:lem=")"
             ecep:pos=")"
             ecep:reg=")"
             ecep:spe=")">)</pc>
      </l>
      <l xml:id="o5156-l06560">
         <w xml:id="o5156-113220"
            n="60-a-0450"
            ecep:lem="write"
            ecep:pos="vvb"
            ecep:reg="Write"
            ecep:spe="Write"
            ecep:syllab="1"
            ecep:pron="raɪt">Write</w>
         <c> </c>
         <w xml:id="o5156-113230"
            n="60-a-0460"
            ecep:lem="with"
            ecep:pos="p-acp"
            ecep:reg="with"
            ecep:spe="with"
            ecep:syllab="1"
            ecep:pron="wɪð">with</w>
         <c> </c>
         <w xml:id="o5156-113240"
            n="60-a-0470"
            ecep:lem="design"
            ecep:pos="n1"
            ecep:reg="design"
            ecep:spe="design"
            ecep:syllab="2"
            ecep:pron="diˈzaɪn">design</w>
         <c> </c>
         <w xml:id="o5156-113250"
            n="60-a-0480"
            ecep:lem="to"
            ecep:pos="pc-acp"
            ecep:reg="to"
            ecep:spe="to"
            ecep:syllab="1"
            ecep:pron="tuː">to</w>
         <c> </c>
         <w xml:id="o5156-113260"
            n="60-a-0490"
            ecep:lem="plague"
            ecep:pos="vvi"
            ecep:reg="plague"
            ecep:spe="plague"
            ecep:syllab="1"
            ecep:pron="pleɪg">plague</w>
         <c> </c>
         <w xml:id="o5156-113270"
            n="60-a-0500"
            ecep:lem="my"
            ecep:pos="po11"
            ecep:reg="my"
            ecep:spe="my"
            ecep:syllab="1"
            ecep:pron="maɪ">my</w>
         <c> </c>
         <w xml:id="o5156-113280"
            n="60-a-0510"
            ecep:lem="head"
            ecep:pos="n1"
            ecep:reg="head"
            ecep:spe="head"
            ecep:syllab="1"
            ecep:pron="hed">head</w>
         <pc xml:id="o5156-113290"
             n="60-a-0520"
             ecep:lem=","
             ecep:pos=","
             ecep:reg=","
             ecep:spe=",">,</pc>
      </l>
      <l xml:id="o5156-l06565">
         <w xml:id="o5156-113300"
            n="60-a-0530"
            ecep:lem="who"
            ecep:pos="q-crq"
            ecep:reg="Who"
            ecep:spe="Who"
            ecep:syllab="1"
            ecep:pron="huː">Who</w>
         <c> </c>
         <w xml:id="o5156-113310"
            n="60-a-0540"
            ecep:lem="have"
            ecep:pos="vhb"
            ecep:reg="have"
            ecep:spe="have"
            ecep:syllab="1"
            ecep:pron="hæv">have</w>
         <c> </c>
         <w xml:id="o5156-113320"
            n="60-a-0550"
            ecep:lem="no"
            ecep:pos="dx"
            ecep:reg="no"
            ecep:spe="no"
            ecep:syllab="1"
            ecep:pron="nəʊ">no</w>
         <c> </c>
         <w xml:id="o5156-113330"
            n="60-a-0560"
            ecep:lem="right"
            ecep:pos="j-jn"
            ecep:reg="right"
            ecep:spe="right"
            ecep:syllab="1"
            ecep:pron="raɪt">right</w>
         <c> </c>
         <w xml:id="o5156-113340"
            n="60-a-0570"
            ecep:lem="to"
            ecep:pos="pc-acp"
            ecep:reg="to"
            ecep:spe="to"
            ecep:syllab="1"
            ecep:pron="tuː">to</w>
         <c> </c>
         <w xml:id="o5156-113350"
            n="60-a-0580"
            ecep:lem="break"
            ecep:pos="vvi"
            ecep:reg="break"
            ecep:spe="break"
            ecep:syllab="1"
            ecep:pron="breɪk">break</w>
         <c> </c>
         <w xml:id="o5156-113360"
            n="60-a-0590"
            ecep:lem="it"
            ecep:pos="pn31"
            ecep:reg="it"
            ecep:spe="it"
            ecep:syllab="1"
            ecep:pron="ɪt">it</w>
         <pc xml:id="o5156-113370"
             n="60-a-0600"
             unit="sentence"
             ecep:lem="?"
             ecep:pos="?"
             ecep:reg="?"
             ecep:spe="?">?</pc>
      </l>
   </lg>
   <lg xml:id="o5156-s01175">
      <l xml:id="o5156-l06570">
         <w xml:id="o5156-113400"
            n="60-a-0610"
            ecep:lem="he"
            ecep:pos="pns31"
            ecep:reg="He"
            ecep:spe="He"
            ecep:syllab="1"
            ecep:pron="hiː">He</w>
         <c> </c>
         <w xml:id="o5156-113410"
            n="60-a-0620"
            ecep:lem="write"
            ecep:pos="vvz"
            ecep:reg="writes"
            ecep:spe="writes"
            ecep:syllab="1"
            ecep:pron="raɪts">writes</w>
         <c> </c>
         <w xml:id="o5156-113420"
            n="60-a-0630"
            ecep:lem="the"
            ecep:pos="dt"
            ecep:reg="the"
            ecep:spe="the"
            ecep:syllab="1"
            ecep:pron="ðiː">the</w>
         <c> </c>
         <w xml:id="o5156-113430"
            n="60-a-0640"
            ecep:lem="best"
            ecep:pos="js"
            ecep:reg="best"
            ecep:spe="best"
            ecep:syllab="1"
            ecep:pron="best">best</w>
         <pc xml:id="o5156-113440"
             n="60-a-0650"
             ecep:lem=","
             ecep:pos=","
             ecep:reg=","
             ecep:spe=",">,</pc>
         <c> </c>
         <w xml:id="o5156-113450"
            n="60-a-0660"
            ecep:lem="who"
            ecep:pos="r-crq"
            ecep:reg="who"
            ecep:spe="who"
            ecep:syllab="1"
            ecep:pron="huː">who</w>
         <pc xml:id="o5156-113460"
             n="60-a-0670"
             ecep:lem=","
             ecep:pos=","
             ecep:reg=","
             ecep:spe=",">,</pc>
         <c> </c>
         <w xml:id="o5156-113470"
            n="60-a-0680"
            ecep:lem="write"
            ecep:pos="vvg"
            ecep:reg="writing"
            ecep:spe="writing"
            ecep:syllab="2"
            ecep:pron="ˈraɪtɪŋ">writing</w>
         <pc xml:id="o5156-113480"
             n="60-a-0690"
             ecep:lem=","
             ecep:pos=","
             ecep:reg=","
             ecep:spe=",">,</pc>
         <c> </c>
         <w xml:id="o5156-113490"
            n="60-a-0700"
            ecep:lem="can"
            ecep:pos="vmb"
            ecep:reg="can"
            ecep:spe="can"
            ecep:syllab="1"
            ecep:pron="kæn">can</w>
      </l>
      <l xml:id="o5156-l06575">
         <w xml:id="o5156-113500"
            n="60-a-0710"
            ecep:lem="both"
            ecep:pos="d"
            ecep:reg="Both"
            ecep:spe="Both"
            ecep:syllab="1"
            ecep:pron="bəʊθ">Both</w>
         <c> </c>
         <w xml:id="o5156-113510"
            n="60-a-0720"
            ecep:lem="please"
            ecep:pos="vvi"
            ecep:reg="please"
            ecep:spe="please"
            ecep:syllab="1"
            ecep:pron="pliːz">please</w>
         <c> </c>
         <w xml:id="o5156-113520"
            n="60-a-0730"
            ecep:lem="and"
            ecep:pos="cc"
            ecep:reg="and"
            ecep:spe="and"
            ecep:syllab="1"
            ecep:pron="ænd">and</w>
         <c> </c>
         <w xml:id="o5156-113530"
            n="60-a-0740"
            ecep:lem="teach"
            ecep:pos="vvi"
            ecep:reg="teach"
            ecep:spe="teach"
            ecep:syllab="1"
            ecep:pron="tiːtʃ">teach</w>
         <c> </c>
         <w xml:id="o5156-113540"
            n="60-a-0750"
            ecep:lem="together"
            ecep:pos="av"
            ecep:reg="together"
            ecep:spe="together"
            ecep:syllab="3"
            ecep:pron="təˈgeðə">together</w>
         <pc xml:id="o5156-113550"
             n="60-a-0760"
             ecep:lem=":"
             ecep:pos=":"
             ecep:reg=":"
             ecep:spe=":">:</pc>
      </l>
      <l xml:id="o5156-l06580">
         <w xml:id="o5156-113560"
            n="60-a-0770"
            ecep:lem="but"
            ecep:pos="cc-acp"
            ecep:reg="But"
            ecep:spe="But"
            ecep:syllab="1"
            ecep:pron="bʌt">But</w>
         <c> </c>
         <w xml:id="o5156-113570"
            n="60-a-0780"
            ecep:lem="it|be"
            ecep:pos="pn31|vbz"
            ecep:reg="it's"
            ecep:spe="'tis"
            ecep:syllab="1"
            ecep:pron="tɪz">'tis</w>
         <c> </c>
         <w xml:id="o5156-113580"
            n="60-a-0790"
            ecep:lem="the"
            ecep:pos="dt"
            ecep:reg="the"
            ecep:spe="the"
            ecep:syllab="1"
            ecep:pron="ðiː">the</w>
         <c> </c>
         <w xml:id="o5156-113590"
            n="60-a-0800"
            ecep:lem="devil"
            ecep:pos="n1"
            ecep:reg="devil"
            ecep:spe="devil"
            ecep:syllab="2"
            ecep:pron="ˈdevl">devil</w>
         <c> </c>
         <w xml:id="o5156-113600"
            n="60-a-0810"
            ecep:lem="of"
            ecep:pos="pp-f"
            ecep:reg="of"
            ecep:spe="of"
            ecep:syllab="1"
            ecep:pron="ɒv">of</w>
         <c> </c>
         <w xml:id="o5156-113610"
            n="60-a-0820"
            ecep:lem="a"
            ecep:pos="dt"
            ecep:reg="a"
            ecep:spe="a"
            ecep:syllab="1"
            ecep:pron="ə">a</w>
         <c> </c>
         <w xml:id="o5156-113620"
            n="60-a-0830"
            ecep:lem="plan"
            ecep:pos="n1"
            ecep:reg="plan"
            ecep:spe="plan"
            ecep:syllab="1"
            ecep:pron="plæn">plan</w>
         <pc xml:id="o5156-113630"
             n="60-a-0840"
             ecep:lem=","
             ecep:pos=","
             ecep:reg=","
             ecep:spe=",">,</pc>
      </l>
      <l xml:id="o5156-l06585">
         <w xml:id="o5156-113640"
            n="60-a-0850"
            ecep:lem="that"
            ecep:pos="cst"
            ecep:reg="That"
            ecep:spe="That"
            ecep:syllab="1"
            ecep:pron="ðæt">That</w>
         <c> </c>
         <w xml:id="o5156-113650"
            n="60-a-0860"
            ecep:lem="can"
            ecep:pos="vmb"
            ecep:reg="can"
            ecep:spe="can"
            ecep:syllab="1"
            ecep:pron="kæn">can</w>
         <c> </c>
         <w xml:id="o5156-113660"
            n="60-a-0870"
            ecep:lem="accomplish"
            ecep:pos="vvi"
            ecep:reg="accomplish"
            ecep:spe="accomplish"
            ecep:syllab="3"
            ecep:pron="əˈkʌmplɪʃ">accomplish</w>
         <c> </c>
         <w xml:id="o5156-113670"
            n="60-a-0880"
            ecep:lem="neither"
            ecep:pos="av-dx"
            ecep:reg="neither"
            ecep:spe="neither"
            ecep:syllab="2"
            ecep:pron="ˈnaɪðə">neither</w>
         <pc xml:id="o5156-113680"
             n="60-a-0890"
             unit="sentence"
             ecep:lem="."
             ecep:pos="."
             ecep:reg="."
             ecep:spe=".">.</pc>
      </l>
   </lg>
   <lg xml:id="o5156-s01180">
      <l xml:id="o5156-l06590">
         <w xml:id="o5156-113710"
            n="60-a-0900"
            ecep:lem="you"
            ecep:pos="pn22"
            ecep:reg="You"
            ecep:spe="Ye"
            ecep:syllab="1"
            ecep:pron="jiː">Ye</w>
         <c> </c>
         <w xml:id="o5156-113720"
            n="60-a-0910"
            ecep:lem="reader"
            ecep:pos="n2"
            ecep:reg="readers"
            ecep:spe="readers"
            ecep:syllab="2"
            ecep:pron="ˈriːdəz">readers</w>
         <pc xml:id="o5156-113730"
             n="60-a-0920"
             ecep:lem=","
             ecep:pos=","
             ecep:reg=","
             ecep:spe=",">,</pc>
         <c> </c>
         <w xml:id="o5156-113740"
            n="60-a-0930"
            ecep:lem="hear"
            ecep:pos="vvb"
            ecep:reg="hear"
            ecep:spe="hear"
            ecep:syllab="1"
            ecep:pron="hɪə">hear</w>
         <pc xml:id="o5156-113750"
             n="60-a-0940"
             ecep:lem="!"
             ecep:pos="!"
             ecep:reg="!"
             ecep:spe="!">!</pc>
         <c> </c>
         <w xml:id="o5156-113760"
            n="60-a-0950"
            ecep:lem="you"
            ecep:pos="pn22"
            ecep:reg="you"
            ecep:spe="ye"
            ecep:syllab="1"
            ecep:pron="jiː">ye</w>
         <c> </c>
         <w xml:id="o5156-113770"
            n="60-a-0960"
            ecep:lem="writer"
            ecep:pos="n2"
            ecep:reg="writers"
            ecep:spe="writers"
            ecep:syllab="2"
            ecep:pron="ˈraɪtəz">writers</w>
         <c> </c>
         <w xml:id="o5156-113780"
            n="60-a-0970"
            ecep:lem="too"
            ecep:pos="av"
            ecep:reg="too"
            ecep:spe="too"
            ecep:syllab="1"
            ecep:pron="tuː">too</w>
         <pc xml:id="o5156-113790"
             n="60-a-0980"
             unit="sentence"
             ecep:lem="!"
             ecep:pos="!"
             ecep:reg="!"
             ecep:spe="!">!</pc>
      </l>
      <l xml:id="o5156-l06595">
         <w xml:id="o5156-113800"
            n="60-a-0990"
            ecep:lem="o"
            ecep:pos="uh"
            ecep:reg="OH"
            ecep:spe="O"
            ecep:syllab="1"
            ecep:pron="əʊ">O</w>
         <c> </c>
         <w xml:id="o5156-113810"
            n="60-a-1000"
            ecep:lem="spare"
            ecep:pos="vvb"
            ecep:reg="spare"
            ecep:spe="spare"
            ecep:syllab="1"
            ecep:pron="speə">spare</w>
         <c> </c>
         <w xml:id="o5156-113820"
            n="60-a-1010"
            ecep:lem="your"
            ecep:pos="po22"
            ecep:reg="your"
            ecep:spe="your"
            ecep:syllab="1"
            ecep:pron="jɔː">your</w>
         <c> </c>
         <w xml:id="o5156-113830"
            n="60-a-1020"
            ecep:lem="darkling"
            ecep:pos="j"
            ecep:reg="darkling"
            ecep:spe="darkling"
            ecep:syllab="2"
            ecep:pron="ˈdɑːklɪŋ">darkling</w>
         <c> </c>
         <w xml:id="o5156-113840"
            n="60-a-1030"
            ecep:lem="labour"
            ecep:pos="n2"
            ecep:reg="labours"
            ecep:spe="labours"
            ecep:syllab="2"
            ecep:pron="ˈleɪbəz">labours</w>
         <pc xml:id="o5156-113850"
             n="60-a-1040"
             unit="sentence"
             ecep:lem="!"
             ecep:pos="!"
             ecep:reg="!"
             ecep:spe="!">!</pc>
      </l>
      <l xml:id="o5156-l06600">
         <w xml:id="o5156-113860"
            n="60-a-1050"
            ecep:lem="for"
            ecep:pos="p-acp"
            ecep:reg="For"
            ecep:spe="For"
            ecep:syllab="1"
            ecep:pron="fɔː">For</w>
         <pc xml:id="o5156-113870"
             n="60-a-1060"
             ecep:lem=","
             ecep:pos=","
             ecep:reg=","
             ecep:spe=",">,</pc>
         <c> </c>
         <w xml:id="o5156-113880"
            n="60-a-1070"
            ecep:lem="though"
            ecep:pos="c-acp"
            ecep:reg="though"
            ecep:spe="tho'"
            ecep:syllab="1"
            ecep:pron="ðəʊ">tho'</w>
         <c> </c>
         <w xml:id="o5156-113890"
            n="60-a-1080"
            ecep:lem="they"
            ecep:pos="pns32"
            ecep:reg="they"
            ecep:spe="they"
            ecep:syllab="1"
            ecep:pron="ðeɪ">they</w>
         <c> </c>
         <w xml:id="o5156-113900"
            n="60-a-1090"
            ecep:lem="please"
            ecep:pos="vvb"
            ecep:reg="please"
            ecep:spe="please"
            ecep:syllab="1"
            ecep:pron="pliːz">please</w>
         <pc xml:id="o5156-113910"
             n="60-a-1100"
             ecep:lem=","
             ecep:pos=","
             ecep:reg=","
             ecep:spe=",">,</pc>
         <c> </c>
         <w xml:id="o5156-113920"
            n="60-a-1110"
            ecep:lem="not"
            ecep:pos="xx"
            ecep:reg="not"
            ecep:spe="not"
            ecep:syllab="1"
            ecep:pron="ˈdɪdnt">not</w>
         <c> </c>
         <w xml:id="o5156-113930"
            n="60-a-1120"
            ecep:lem="profit"
            ecep:pos="n1"
            ecep:reg="profit"
            ecep:spe="profit"
            ecep:syllab="2"
            ecep:pron="ˈprɒfɪt">profit</w>
         <pc xml:id="o5156-113940"
             n="60-a-1130"
             ecep:lem=","
             ecep:pos=","
             ecep:reg=","
             ecep:spe=",">,</pc>
         <c> </c>
         <w xml:id="o5156-113950"
            n="60-a-1140"
            ecep:lem="you"
            ecep:pos="pn22"
            ecep:reg="you"
            ecep:spe="you"
            ecep:syllab="1"
            ecep:pron="juː">you</w>
         <pc xml:id="o5156-113960"
             n="60-a-1150"
             ecep:lem=","
             ecep:pos=","
             ecep:reg=","
             ecep:spe=",">,</pc>
      </l>
      <l xml:id="o5156-l06605">
         <w xml:id="o5156-113970"
            n="60-a-1160"
            ecep:lem="they"
            ecep:pos="pns32"
            ecep:reg="They"
            ecep:spe="They"
            ecep:syllab="1"
            ecep:pron="ðeɪ">They</w>
         <c> </c>
         <w xml:id="o5156-113980"
            n="60-a-1170"
            ecep:lem="plague"
            ecep:pos="vvb"
            ecep:reg="plague"
            ecep:spe="plague"
            ecep:syllab="1"
            ecep:pron="pleɪg">plague</w>
         <c> </c>
         <w xml:id="o5156-113990"
            n="60-a-1180"
            ecep:lem="and"
            ecep:pos="cc"
            ecep:reg="and"
            ecep:spe="and"
            ecep:syllab="1"
            ecep:pron="ænd">and</w>
         <c> </c>
         <w xml:id="o5156-114000"
            n="60-a-1190"
            ecep:lem="hurt"
            ecep:pos="vvi"
            ecep:reg="hurt"
            ecep:spe="hurt"
            ecep:syllab="1"
            ecep:pron="hɜːt">hurt</w>
         <c> </c>
         <w xml:id="o5156-114010"
            n="60-a-1200"
            ecep:lem="your"
            ecep:pos="po22"
            ecep:reg="your"
            ecep:spe="your"
            ecep:syllab="1"
            ecep:pron="jɔː">your</w>
         <c> </c>
         <w xml:id="o5156-114020"
            n="60-a-1210"
            ecep:lem="neighbour"
            ecep:pos="n2"
            ecep:reg="neighbours"
            ecep:spe="neighbours"
            ecep:syllab="2"
            ecep:pron="ˈneɪbəz">neighbours</w>
         <pc xml:id="o5156-114030"
             n="60-a-1220"
             unit="sentence"
             ecep:lem="."
             ecep:pos="."
             ecep:reg="."
             ecep:spe=".">.</pc>
      </l>
   </lg>
   <lg xml:id="o5156-s01185">
      <l xml:id="o5156-l06610">
         <w xml:id="o5156-114060"
            n="60-a-1230"
            ecep:lem="go"
            ecep:pos="vvb"
            ecep:reg="Go"
            ecep:spe="Go"
            ecep:syllab="1"
            ecep:pron="gəʊ">Go</w>
         <c> </c>
         <w xml:id="o5156-114070"
            n="60-a-1240"
            ecep:lem="learn"
            ecep:pos="vvb"
            ecep:reg="learn"
            ecep:spe="learn"
            ecep:syllab="1"
            ecep:pron="lɜːn">learn</w>
         <c> </c>
         <w xml:id="o5156-114080"
            n="60-a-1250"
            ecep:lem="of"
            ecep:pos="pp-f"
            ecep:reg="of"
            ecep:spe="of"
            ecep:syllab="1"
            ecep:pron="ɒv">of</w>
         <c> </c>
         <w xml:id="o5156-114090"
            n="60-a-1260"
            ecep:lem="pope"
            ecep:pos="n1"
            ecep:reg="POPE"
            ecep:spe="POPE"
            ecep:syllab="1"
            ecep:pron="pəʊp">POPE</w>
         <pc xml:id="o5156-114100"
             n="60-a-1270"
             ecep:lem=";"
             ecep:pos=";"
             ecep:reg=";"
             ecep:spe=";">;</pc>
         <c> </c>
         <w xml:id="o5156-114110"
            n="60-a-1280"
            ecep:lem="then"
            ecep:pos="av"
            ecep:reg="then"
            ecep:spe="then"
            ecep:syllab="1"
            ecep:pron="ðen">then</w>
         <c> </c>
         <w xml:id="o5156-114120"
            n="60-a-1290"
            ecep:lem="judge"
            ecep:pos="vvb"
            ecep:reg="judge"
            ecep:spe="judge"
            ecep:syllab="1"
            ecep:pron="dʒʌdʒ">judge</w>
         <c> </c>
         <w xml:id="o5156-114130"
            n="60-a-1300"
            ecep:lem="aright"
            ecep:pos="av"
            ecep:reg="aright"
            ecep:spe="aright"
            ecep:syllab="2"
            ecep:pron="əˈraɪt">aright</w>
         <pc xml:id="o5156-114140"
             n="60-a-1310"
             ecep:lem=","
             ecep:pos=","
             ecep:reg=","
             ecep:spe=",">,</pc>
      </l>
      <l xml:id="o5156-l06615">
         <w xml:id="o5156-114150"
            n="60-a-1320"
            ecep:lem="which"
            ecep:pos="r-crq"
            ecep:reg="Which"
            ecep:spe="Which"
            ecep:syllab="1"
            ecep:pron="wɪtʃ">Which</w>
         <c> </c>
         <w xml:id="o5156-114160"
            n="60-a-1330"
            ecep:lem="way"
            ecep:pos="n1"
            ecep:reg="way"
            ecep:spe="way"
            ecep:syllab="1"
            ecep:pron="weɪ">way</w>
         <c> </c>
         <w xml:id="o5156-114170"
            n="60-a-1340"
            ecep:lem="to"
            ecep:pos="p-acp"
            ecep:reg="to"
            ecep:spe="to"
            ecep:syllab="1"
            ecep:pron="tuː">to</w>
         <c> </c>
         <w xml:id="o5156-114180"
            n="60-a-1350"
            ecep:lem="fame"
            ecep:pos="ng1"
            ecep:reg="Fame's"
            ecep:spe="Fame's"
            ecep:syllab="2"
            ecep:pron="feɪmz">Fame's</w>
         <c> </c>
         <w xml:id="o5156-114190"
            n="60-a-1360"
            ecep:lem="the"
            ecep:pos="dt"
            ecep:reg="the"
            ecep:spe="the"
            ecep:syllab="1"
            ecep:pron="ðiː">the</w>
         <c> </c>
         <w xml:id="o5156-114200"
            n="60-a-1370"
            ecep:lem="sure"
            ecep:pos="jc"
            ecep:reg="surer"
            ecep:spe="surer"
            ecep:syllab="2"
            ecep:pron="ˈʃɔːrə">surer</w>
         <pc xml:id="o5156-114210"
             n="60-a-1380"
             ecep:lem=";"
             ecep:pos=";"
             ecep:reg=";"
             ecep:spe=";">;</pc>
      </l>
      <l xml:id="o5156-l06620">
         <w xml:id="o5156-114220"
            n="60-a-1390"
            ecep:lem="to"
            ecep:pos="pc-acp"
            ecep:reg="To"
            ecep:spe="To"
            ecep:syllab="1"
            ecep:pron="tuː">To</w>
         <c> </c>
         <w xml:id="o5156-114230"
            n="60-a-1400"
            ecep:lem="put"
            ecep:pos="vvi"
            ecep:reg="put"
            ecep:spe="put"
            ecep:syllab="1"
            ecep:pron="pʊt">put</w>
         <c> </c>
         <w xml:id="o5156-114240"
            n="60-a-1410"
            ecep:lem="the"
            ecep:pos="dt"
            ecep:reg="the"
            ecep:spe="the"
            ecep:syllab="1"
            ecep:pron="ðiː">the</w>
         <c> </c>
         <w xml:id="o5156-114250"
            n="60-a-1420"
            ecep:lem="truth"
            ecep:pos="n1"
            ecep:reg="truth"
            ecep:spe="truth"
            ecep:syllab="1"
            ecep:pron="truːθ">truth</w>
         <c> </c>
         <w xml:id="o5156-114260"
            n="60-a-1430"
            ecep:lem="in"
            ecep:pos="p-acp"
            ecep:reg="in"
            ecep:spe="in"
            ecep:syllab="1"
            ecep:pron="ɪn">in</w>
         <c> </c>
         <w xml:id="o5156-114270"
            n="60-a-1440"
            ecep:lem="fair"
            ecep:pos="js"
            ecep:reg="fairest"
            ecep:spe="fairest"
            ecep:syllab="2"
            ecep:pron="ˈfeərɪst">fairest</w>
         <c> </c>
         <w xml:id="o5156-114280"
            n="60-a-1450"
            ecep:lem="light"
            ecep:pos="n1"
            ecep:reg="light"
            ecep:spe="light"
            ecep:syllab="1"
            ecep:pron="laɪt">light</w>
         <pc xml:id="o5156-114290"
             n="60-a-1460"
             ecep:lem=","
             ecep:pos=","
             ecep:reg=","
             ecep:spe=",">,</pc>
      </l>
      <l xml:id="o5156-l06625">
         <w xml:id="o5156-114300"
            n="60-a-1470"
            ecep:lem="or"
            ecep:pos="cc"
            ecep:reg="Or"
            ecep:spe="Or"
            ecep:syllab="1"
            ecep:pron="ɔː">Or</w>
         <c> </c>
         <w xml:id="o5156-114310"
            n="60-a-1480"
            ecep:lem="render"
            ecep:pos="vvi"
            ecep:reg="render"
            ecep:spe="render"
            ecep:syllab="2"
            ecep:pron="ˈrendə">render</w>
         <c> </c>
         <w xml:id="o5156-114320"
            n="60-a-1490"
            ecep:lem="it"
            ecep:pos="pn31"
            ecep:reg="it"
            ecep:spe="it"
            ecep:syllab="1"
            ecep:pron="ɪt">it</w>
         <c> </c>
         <w xml:id="o5156-114330"
            n="60-a-1500"
            ecep:lem="obscure"
            ecep:pos="jc"
            ecep:reg="obscurer"
            ecep:spe="obscurer"
            ecep:syllab="3"
            ecep:pron="əbˈskjʊərə">obscurer</w>
         <pc xml:id="o5156-114340"
             n="60-a-1510"
             unit="sentence"
             ecep:lem="."
             ecep:pos="."
             ecep:reg="."
             ecep:spe=".">.</pc>
      </l>
   </lg>
</div>
