<?xml version="1.0" encoding="UTF-8"?>
<div xmlns:ecep="http://www.eighteenthcenturypoetry.org/ns"
     xmlns="http://www.tei-c.org/ns/1.0"
     xmlns:tei="http://www.tei-c.org/ns/1.0"
     ana="#iamb #tetrameter #trimeter #quatrain #cross #address"
     corresp="#txt_ChanMa1687_w0010"
     decls="#semi-normalized"
     ecep:syllab="8.6.8.6"
     met="-+|-+|-+|-+/ -+|-+|-+/ -+|-+|-+|-+/ -+|-+|-+/"
     rendition="#lgvspace"
     rhyme="abab"
     subtype="eceptext"
     type="poem"
     xml:id="pmc36-w0100">
   <link target="authors.xml#aut_ChanMa1687" type="author"/>
   <head type="main">
      <w xml:id="pmc36-62660"
         n="pmc36/0062-a-0010"
         ecep:lem="to"
         ecep:pos="p-acp"
         ecep:reg="To"
         ecep:spe="To"
         ecep:syllab="1"
         ecep:pron="tuː">To</w>
      <c> </c>
      <w xml:id="pmc36-62670"
         n="pmc36/0062-a-0020"
         ecep:lem="mrs."
         ecep:pos="n1"
         ecep:reg="Mrs."
         ecep:spe="Mrs."
         ecep:syllab="2"
         ecep:pron="mɪsɪz">Mrs.</w>
      <c> </c>
      <hi rendition="#sc">
         <w xml:id="pmc36-62680"
            n="pmc36/0062-a-0030"
            ecep:lem="shale"
            ecep:pos="n2"
            ecep:reg="Shales"
            ecep:spe="Shales"
            ecep:syllab="1"
            ecep:pron="ʃeɪlz">Shales</w>
      </hi>
      <pc xml:id="pmc36-62690"
          n="pmc36/0062-a-0040"
          unit="sentence"
          ecep:lem="."
          ecep:pos="."
          ecep:reg="."
          ecep:spe=".">.</pc>
   </head>
   <lg xml:id="pmc36-s00355">
      <l n="1" xml:id="pmc36-l03435">
         <hi rendition="#sc">
            <w xml:id="pmc36-62720"
               n="pmc36/0062-a-0050"
               ecep:lem="i|will"
               ecep:pos="pns11|vmb"
               ecep:reg="I'll"
               ecep:spe="I'll"
               ecep:syllab="1"
               ecep:pron="ˈaɪl">I'll</w>
         </hi>
         <c> </c>
         <w xml:id="pmc36-62730"
            n="pmc36/0062-a-0060"
            ecep:lem="not"
            ecep:pos="xx"
            ecep:reg="not"
            ecep:spe="not"
            ecep:syllab="1"
            ecep:pron="nɒt">not</w>
         <c> </c>
         <w xml:id="pmc36-62740"
            n="pmc36/0062-a-0070"
            ecep:lem="fatigue"
            ecep:pos="vvi"
            ecep:reg="fatigue"
            ecep:spe="fatigue"
            ecep:syllab="2"
            ecep:pron="fəˈtiːg">fatigue</w>
         <c> </c>
         <hi rendition="#sc">
            <w xml:id="pmc36-62750.1"
               n="pmc36/0062-a-0080"
               rend="plain_apostrophe"
               ecep:lem="Belinda"
               ecep:pos="npg1"
               ecep:reg="Belinda's"
               ecep:spe="Belinda's"
               ecep:syllab="3"
               ecep:pron="bəˈlɪndəz">Belinda's</w>
         </hi>
         <c> </c>
         <w xml:id="pmc36-62760"
            n="pmc36/0062-a-0090"
            ecep:lem="ear"
            ecep:pos="n1"
            ecep:reg="Ear"
            ecep:spe="Ear"
            ecep:syllab="1"
            ecep:pron="ɪə">Ear</w>
      </l>
      <l n="2" rendition="#h_3" xml:id="pmc36-l03440">
         <c> </c>
         <w xml:id="pmc36-62770"
            n="pmc36/0062-a-0100"
            ecep:lem="with"
            ecep:pos="p-acp"
            ecep:reg="With"
            ecep:spe="With"
            ecep:syllab="1"
            ecep:pron="wɪð">With</w>
         <c> </c>
         <w xml:id="pmc36-62780"
            n="pmc36/0062-a-0110"
            ecep:lem="tell"
            ecep:pos="vvg"
            ecep:reg="telling"
            ecep:spe="telling"
            ecep:syllab="2"
            ecep:pron="telɪŋ">telling</w>
         <c> </c>
         <w xml:id="pmc36-62790"
            n="pmc36/0062-a-0120"
            ecep:lem="she"
            ecep:pos="pno31"
            ecep:reg="her"
            ecep:spe="her"
            ecep:syllab="1"
            ecep:pron="hɜː">her</w>
         <pc xml:id="pmc36-62800"
             n="pmc36/0062-a-0130"
             ecep:lem=","
             ecep:pos=","
             ecep:reg=","
             ecep:spe=",">,</pc>
         <c> </c>
         <pc xml:id="pmc36-62810"
             n="pmc36/0062-a-0140"
             ecep:lem="&#34;"
             ecep:pos="&#34;"
             ecep:reg="&#34;"
             ecep:spe="&#34;">"</pc>
         <w xml:id="pmc36-62820"
            n="pmc36/0062-a-0150"
            ecep:lem="she|be"
            ecep:pos="pns31|vbz"
            ecep:reg="She's"
            ecep:spe="She's"
            ecep:syllab="1"
            ecep:pron="ʃiːz">She's</w>
         <c> </c>
         <w xml:id="pmc36-62830"
            n="pmc36/0062-a-0160"
            ecep:lem="fair"
            ecep:pos="j"
            ecep:reg="fair"
            ecep:spe="fair"
            ecep:syllab="1"
            ecep:pron="feə">fair</w>
         <pc xml:id="pmc36-62840"
             n="pmc36/0062-a-0170"
             ecep:lem=";"
             ecep:pos=";"
             ecep:reg=";"
             ecep:spe=";">;</pc>
         <pc xml:id="pmc36-62850"
             n="pmc36/0062-a-0180"
             ecep:lem="&#34;"
             ecep:pos="&#34;"
             ecep:reg="&#34;"
             ecep:spe="&#34;">"</pc>
      </l>
      <l n="3" xml:id="pmc36-l03445">
         <c> </c>
         <w xml:id="pmc36-62860"
            n="pmc36/0062-a-0190"
            ecep:lem="those"
            ecep:pos="d"
            ecep:reg="Those"
            ecep:spe="Those"
            ecep:syllab="1"
            ecep:pron="ðəʊz">Those</w>
         <c> </c>
         <w xml:id="pmc36-62870"
            n="pmc36/0062-a-0200"
            ecep:lem="sound"
            ecep:pos="vvz"
            ecep:reg="Sounds"
            ecep:spe="Sounds"
            ecep:syllab="1"
            ecep:pron="saʊndz">Sounds</w>
         <c> </c>
         <w xml:id="pmc36-62880"
            n="pmc36/0062-a-0210"
            ecep:lem="so"
            ecep:pos="av"
            ecep:reg="so"
            ecep:spe="so"
            ecep:syllab="1"
            ecep:pron="səʊ">so</w>
         <c> </c>
         <w xml:id="pmc36-62890"
            n="pmc36/0062-a-0220"
            ecep:lem="often"
            ecep:pos="av"
            ecep:reg="often"
            ecep:spe="often"
            ecep:syllab="2"
            ecep:pron="ˈɒfn">often</w>
         <c> </c>
         <w xml:id="pmc36-62900"
            n="pmc36/0062-a-0230"
            ecep:lem="she"
            ecep:pos="pns31"
            ecep:reg="she"
            ecep:spe="she"
            ecep:syllab="1"
            ecep:pron="ʃiː">she</w>
         <c> </c>
         <w xml:id="pmc36-62910"
            n="pmc36/0062-a-0240"
            ecep:lem="must"
            ecep:pos="vmb"
            ecep:reg="must"
            ecep:spe="must"
            ecep:syllab="1"
            ecep:pron="mʌst">must</w>
         <c> </c>
         <w xml:id="pmc36-62920"
            n="pmc36/0062-a-0250"
            ecep:lem="hear"
            ecep:pos="vvi"
            ecep:reg="hear"
            ecep:spe="hear"
            ecep:syllab="1"
            ecep:pron="hɪə">hear</w>
      </l>
      <l n="4" rendition="#h_3" xml:id="pmc36-l03450">
         <c> </c>
         <w xml:id="pmc36-62930"
            n="pmc36/0062-a-0260"
            ecep:lem="of"
            ecep:pos="pp-f"
            ecep:reg="Of"
            ecep:spe="Of"
            ecep:syllab="1"
            ecep:pron="ɒv">Of</w>
         <c> </c>
         <w xml:id="pmc36-62940"
            n="pmc36/0062-a-0270"
            ecep:lem="shape"
            ecep:pos="n1"
            ecep:reg="Shape"
            ecep:spe="Shape"
            ecep:syllab="1"
            ecep:pron="ʃeɪp">Shape</w>
         <pc xml:id="pmc36-62950"
             n="pmc36/0062-a-0280"
             ecep:lem=","
             ecep:pos=","
             ecep:reg=","
             ecep:spe=",">,</pc>
         <c> </c>
         <w xml:id="pmc36-62960"
            n="pmc36/0062-a-0290"
            ecep:lem="and"
            ecep:pos="cc"
            ecep:reg="and"
            ecep:spe="and"
            ecep:syllab="1"
            ecep:pron="ænd">and</w>
         <c> </c>
         <w xml:id="pmc36-62970"
            n="pmc36/0062-a-0300"
            ecep:lem="face"
            ecep:pos="vvb"
            ecep:reg="Face"
            ecep:spe="Face"
            ecep:syllab="1"
            ecep:pron="feɪs">Face</w>
         <pc xml:id="pmc36-62980"
             n="pmc36/0062-a-0310"
             ecep:lem=","
             ecep:pos=","
             ecep:reg=","
             ecep:spe=",">,</pc>
         <c> </c>
         <w xml:id="pmc36-62990"
            n="pmc36/0062-a-0320"
            ecep:lem="and"
            ecep:pos="cc"
            ecep:reg="and"
            ecep:spe="and"
            ecep:syllab="1"
            ecep:pron="ænd">and</w>
         <c> </c>
         <w xml:id="pmc36-63000"
            n="pmc36/0062-a-0330"
            ecep:lem="air"
            ecep:pos="n1"
            ecep:reg="Air"
            ecep:spe="Air"
            ecep:syllab="1"
            ecep:pron="eə">Air</w>
         <pc xml:id="pmc36-63010"
             n="pmc36/0062-a-0340"
             unit="sentence"
             ecep:lem="."
             ecep:pos="."
             ecep:reg="."
             ecep:spe=".">.</pc>
         <c> </c>
      </l>
   </lg>
   <lg xml:id="pmc36-s00360">
      <l n="5" xml:id="pmc36-l03455">
         <w xml:id="pmc36-63040"
            n="pmc36/0062-a-0350"
            ecep:lem="of"
            ecep:pos="pns11"
            ecep:reg="Of"
            ecep:spe="Of"
            ecep:syllab="1"
            ecep:pron="ɒv">Of</w>
         <c> </c>
         <w xml:id="pmc36-63050"
            n="pmc36/0062-a-0360"
            ecep:lem="neck"
            ecep:pos="n1"
            ecep:reg="Neck"
            ecep:spe="Neck"
            ecep:syllab="1"
            ecep:pron="nek">Neck</w>
         <c> </c>
         <w xml:id="pmc36-63060"
            n="pmc36/0062-a-0370"
            ecep:lem="as"
            ecep:pos="c-acp"
            ecep:reg="as"
            ecep:spe="as"
            ecep:syllab="1"
            ecep:pron="æz">as</w>
         <c> </c>
         <w xml:id="pmc36-63070"
            n="pmc36/0062-a-0380"
            ecep:lem="white"
            ecep:pos="j-jn"
            ecep:reg="white"
            ecep:spe="white"
            ecep:syllab="1"
            ecep:pron="waɪt">white</w>
         <c> </c>
         <w xml:id="pmc36-63080"
            n="pmc36/0062-a-0390"
            ecep:lem="as"
            ecep:pos="c-acp"
            ecep:reg="as"
            ecep:spe="as"
            ecep:syllab="1"
            ecep:pron="æz">as</w>
         <c> </c>
         <w xml:id="pmc36-63090"
            n="pmc36/0062-a-0400"
            ecep:lem="fall"
            ecep:pos="vvg"
            ecep:reg="falling"
            ecep:spe="falling"
            ecep:syllab="2"
            ecep:pron="fɔːlɪŋ">falling</w>
         <c> </c>
         <w xml:id="pmc36-63100"
            n="pmc36/0062-a-0410"
            ecep:lem="snow"
            ecep:pos="n1"
            ecep:reg="Snow"
            ecep:spe="Snow"
            ecep:syllab="1"
            ecep:pron="snəʊ">Snow</w>
         <pc xml:id="pmc36-63110"
             n="pmc36/0062-a-0420"
             ecep:lem=","
             ecep:pos=","
             ecep:reg=","
             ecep:spe=",">,</pc>
      </l>
      <l n="6" rendition="#h_3" xml:id="pmc36-l03460">
         <c> </c>
         <w xml:id="pmc36-63120"
            n="pmc36/0062-a-0430"
            ecep:lem="and"
            ecep:pos="cc"
            ecep:reg="And"
            ecep:spe="And"
            ecep:syllab="1"
            ecep:pron="ænd">And</w>
         <c> </c>
         <w xml:id="pmc36-63130"
            n="pmc36/0062-a-0440"
            ecep:lem="eye"
            ecep:pos="n2"
            ecep:reg="Eyes"
            ecep:spe="Eyes"
            ecep:syllab="1"
            ecep:pron="aɪz">Eyes</w>
         <c> </c>
         <w xml:id="pmc36-63140"
            n="pmc36/0062-a-0450"
            ecep:lem="that"
            ecep:pos="cst"
            ecep:reg="that"
            ecep:spe="that"
            ecep:syllab="1"
            ecep:pron="ðæt">that</w>
         <c> </c>
         <w xml:id="pmc36-63150"
            n="pmc36/0062-a-0460"
            ecep:lem="love"
            ecep:pos="vvb"
            ecep:reg="Love"
            ecep:spe="Love"
            ecep:syllab="1"
            ecep:pron="lʌv">Love</w>
         <c> </c>
         <w xml:id="pmc36-63160"
            n="pmc36/0062-a-0470"
            ecep:lem="inspire"
            ecep:pos="vvi"
            ecep:reg="inspire"
            ecep:spe="inspire"
            ecep:syllab="2"
            ecep:pron="ɪnˈspæə">inspire</w>
         <pc xml:id="pmc36-63170"
             n="pmc36/0062-a-0480"
             ecep:lem=";"
             ecep:pos=";"
             ecep:reg=";"
             ecep:spe=";">;</pc>
      </l>
      <l n="7" xml:id="pmc36-l03465">
         <c> </c>
         <w xml:id="pmc36-63180"
            n="pmc36/0062-a-0490"
            ecep:lem="what"
            ecep:pos="r-crq"
            ecep:reg="What"
            ecep:spe="What"
            ecep:syllab="1"
            ecep:pron="wɒt">What</w>
         <c> </c>
         <w xml:id="pmc36-63190"
            n="pmc36/0062-a-0500"
            ecep:lem="her"
            ecep:pos="po31"
            ecep:reg="her"
            ecep:spe="her"
            ecep:syllab="1"
            ecep:pron="hɜː">her</w>
         <c> </c>
         <w xml:id="pmc36-63200"
            n="pmc36/0062-a-0510"
            ecep:lem="glass"
            ecep:pos="n1"
            ecep:reg="Glass"
            ecep:spe="Glass"
            ecep:syllab="1"
            ecep:pron="glɑːs">Glass</w>
         <c> </c>
         <w xml:id="pmc36-63210"
            n="pmc36/0062-a-0520"
            ecep:lem="tell"
            ecep:pos="vvz"
            ecep:reg="tells"
            ecep:spe="tells"
            ecep:syllab="1"
            ecep:pron="telz">tells</w>
         <c> </c>
         <w xml:id="pmc36-63220"
            n="pmc36/0062-a-0530"
            ecep:lem="she"
            ecep:pos="pno31"
            ecep:reg="her"
            ecep:spe="her"
            ecep:syllab="1"
            ecep:pron="hɜː">her</w>
         <pc xml:id="pmc36-63230"
             n="pmc36/0062-a-0540"
             ecep:lem=","
             ecep:pos=","
             ecep:reg=","
             ecep:spe=",">,</pc>
         <c> </c>
         <w xml:id="pmc36-63240"
            n="pmc36/0062-a-0550"
            ecep:lem="she"
            ecep:pos="pns31"
            ecep:reg="she"
            ecep:spe="she"
            ecep:syllab="1"
            ecep:pron="ʃiː">she</w>
         <c> </c>
         <w xml:id="pmc36-63250"
            n="pmc36/0062-a-0560"
            ecep:lem="must"
            ecep:pos="vmb"
            ecep:reg="must"
            ecep:spe="must"
            ecep:syllab="1"
            ecep:pron="mʌst">must</w>
         <c> </c>
         <w xml:id="pmc36-63260"
            n="pmc36/0062-a-0570"
            ecep:lem="know"
            ecep:pos="vvi"
            ecep:reg="know"
            ecep:spe="know"
            ecep:syllab="1"
            ecep:pron="nəʊ">know</w>
         <pc xml:id="pmc36-63270"
             n="pmc36/0062-a-0580"
             ecep:lem=","
             ecep:pos=","
             ecep:reg=","
             ecep:spe=",">,</pc>
      </l>
      <l n="8" rendition="#h_3" xml:id="pmc36-l03470">
         <c> </c>
         <w xml:id="pmc36-63280"
            n="pmc36/0062-a-0590"
            ecep:lem="and"
            ecep:pos="cc"
            ecep:reg="And"
            ecep:spe="And"
            ecep:syllab="1"
            ecep:pron="ænd">And</w>
         <c> </c>
         <w xml:id="pmc36-63290"
            n="pmc36/0062-a-0600"
            ecep:lem="repetition"
            ecep:pos="n2"
            ecep:reg="Repetitions"
            ecep:spe="Repetitions"
            ecep:syllab="4"
            ecep:pron="ˌrepɪˈtɪʃnz">Repetitions</w>
         <c> </c>
         <w xml:id="pmc36-63300"
            n="pmc36/0062-a-0610"
            ecep:lem="tire"
            ecep:pos="vvi"
            ecep:reg="tyre"
            ecep:spe="tire"
            ecep:syllab="2"
            ecep:pron="tæə">tire</w>
         <pc xml:id="pmc36-63310"
             n="pmc36/0062-a-0620"
             unit="sentence"
             ecep:lem="."
             ecep:pos="."
             ecep:reg="."
             ecep:spe=".">.</pc>
         <c> </c>
      </l>
   </lg>
   <lg xml:id="pmc36-s00365">
      <l n="9" xml:id="pmc36-l03475">
         <w xml:id="pmc36-63340"
            n="pmc36/0062-a-0630"
            ecep:lem="beside"
            ecep:pos="p-acp"
            ecep:reg="Besides"
            ecep:spe="Besides"
            ecep:syllab="2"
            ecep:pron="bɪˈsaɪdz">Besides</w>
         <pc xml:id="pmc36-63350"
             n="pmc36/0062-a-0640"
             ecep:lem=","
             ecep:pos=","
             ecep:reg=","
             ecep:spe=",">,</pc>
         <c> </c>
         <w xml:id="pmc36-63360"
            n="pmc36/0062-a-0650"
            ecep:lem="the"
            ecep:pos="dt"
            ecep:reg="the"
            ecep:spe="the"
            ecep:syllab="1"
            ecep:pron="ðiː">the</w>
         <c> </c>
         <w xml:id="pmc36-63370"
            n="pmc36/0062-a-0660"
            ecep:lem="nymph"
            ecep:pos="n1"
            ecep:reg="Nymph"
            ecep:spe="Nymph"
            ecep:syllab="1"
            ecep:pron="nɪmf">Nymph</w>
         <c> </c>
         <w xml:id="pmc36-63380"
            n="pmc36/0062-a-0670"
            ecep:lem="have"
            ecep:pos="vhz"
            ecep:reg="has"
            ecep:spe="has"
            ecep:syllab="1"
            ecep:pron="hæz">has</w>
         <c> </c>
         <w xml:id="pmc36-63390"
            n="pmc36/0062-a-0680"
            ecep:lem="too"
            ecep:pos="av"
            ecep:reg="too"
            ecep:spe="too"
            ecep:syllab="1"
            ecep:pron="tuː">too</w>
         <c> </c>
         <w xml:id="pmc36-63400"
            n="pmc36/0062-a-0690"
            ecep:lem="much"
            ecep:pos="d"
            ecep:reg="much"
            ecep:spe="much"
            ecep:syllab="1"
            ecep:pron="mʌtʃ">much</w>
         <c> </c>
         <w xml:id="pmc36-63410"
            n="pmc36/0062-a-0700"
            ecep:lem="sense"
            ecep:pos="n1"
            ecep:reg="Sense"
            ecep:spe="Sense"
            ecep:syllab="1"
            ecep:pron="sens">Sense</w>
         <pc xml:id="pmc36-63420"
             n="pmc36/0062-a-0710"
             ecep:lem=","
             ecep:pos=","
             ecep:reg=","
             ecep:spe=",">,</pc>
      </l>
      <l n="10" rendition="#h_3" xml:id="pmc36-l03480">
         <c> </c>
         <w xml:id="pmc36-63430"
            n="pmc36/0062-a-0720"
            ecep:lem="to"
            ecep:pos="pc-acp"
            ecep:reg="To"
            ecep:spe="To"
            ecep:syllab="1"
            ecep:pron="tuː">To</w>
         <c> </c>
         <w xml:id="pmc36-63440"
            n="pmc36/0062-a-0730"
            ecep:lem="pride"
            ecep:pos="vvi"
            ecep:reg="pride"
            ecep:spe="pride"
            ecep:syllab="1"
            ecep:pron="praɪd">pride</w>
         <c> </c>
         <w xml:id="pmc36-63450"
            n="pmc36/0062-a-0740"
            ecep:lem="in"
            ecep:pos="p-acp"
            ecep:reg="in"
            ecep:spe="in"
            ecep:syllab="1"
            ecep:pron="ɪn">in</w>
         <c> </c>
         <w xml:id="pmc36-63460"
            n="pmc36/0062-a-0750"
            ecep:lem="good"
            ecep:pos="j"
            ecep:reg="Good"
            ecep:spe="Good"
            ecep:syllab="1"
            ecep:pron="gʊd">Good</w>
         <c> </c>
         <w xml:id="pmc36-63470"
            n="pmc36/0062-a-0760"
            ecep:lem="so"
            ecep:pos="av"
            ecep:reg="so"
            ecep:spe="so"
            ecep:syllab="1"
            ecep:pron="səʊ">so</w>
         <c> </c>
         <w xml:id="pmc36-63480"
            n="pmc36/0062-a-0770"
            ecep:lem="frail"
            ecep:pos="j"
            ecep:reg="frail"
            ecep:spe="frail"
            ecep:syllab="1"
            ecep:pron="freɪl">frail</w>
         <pc xml:id="pmc36-63490"
             n="pmc36/0062-a-0780"
             ecep:lem=";"
             ecep:pos=";"
             ecep:reg=";"
             ecep:spe=";">;</pc>
      </l>
      <l n="11" xml:id="pmc36-l03485">
         <c> </c>
         <w xml:id="pmc36-63500"
            n="pmc36/0062-a-0790"
            ecep:lem="see"
            ecep:pos="vvz"
            ecep:reg="Sees"
            ecep:spe="Sees"
            ecep:syllab="1"
            ecep:pron="siːz">Sees</w>
         <c> </c>
         <w xml:id="pmc36-63510"
            n="pmc36/0062-a-0800"
            ecep:lem="beauty"
            ecep:pos="n1"
            ecep:reg="Beauty"
            ecep:spe="Beauty"
            ecep:syllab="2"
            ecep:pron="ˈbjuːti">Beauty</w>
         <c> </c>
         <w xml:id="pmc36-63520"
            n="pmc36/0062-a-0810"
            ecep:lem="round"
            ecep:pos="av-j"
            ecep:reg="round"
            ecep:spe="round"
            ecep:syllab="1"
            ecep:pron="raʊnd">round</w>
         <c> </c>
         <w xml:id="pmc36-63530"
            n="pmc36/0062-a-0820"
            ecep:lem="beset"
            ecep:pos="vvn"
            ecep:reg="beset"
            ecep:spe="beset"
            ecep:syllab="2"
            ecep:pron="bɪˈset">beset</w>
         <c> </c>
         <w xml:id="pmc36-63540"
            n="pmc36/0062-a-0830"
            ecep:lem="with"
            ecep:pos="p-acp"
            ecep:reg="with"
            ecep:spe="with"
            ecep:syllab="1"
            ecep:pron="wɪð">with</w>
         <c> </c>
         <w xml:id="pmc36-63550"
            n="pmc36/0062-a-0840"
            ecep:lem="harm"
            ecep:pos="n2"
            ecep:reg="Harms"
            ecep:spe="Harms"
            ecep:syllab="1"
            ecep:pron="hɑːmz">Harms</w>
         <pc xml:id="pmc36-63560"
             n="pmc36/0062-a-0850"
             ecep:lem=","
             ecep:pos=","
             ecep:reg=","
             ecep:spe=",">,</pc>
      </l>
      <l n="12" rendition="#h_3" xml:id="pmc36-l03490">
         <c> </c>
         <w xml:id="pmc36-63570"
            n="pmc36/0062-a-0860"
            ecep:lem="and"
            ecep:pos="cc"
            ecep:reg="And"
            ecep:spe="And"
            ecep:syllab="1"
            ecep:pron="ænd">And</w>
         <c> </c>
         <w xml:id="pmc36-63580"
            n="pmc36/0062-a-0870"
            ecep:lem="fear"
            ecep:pos="n2"
            ecep:reg="fears"
            ecep:spe="fears"
            ecep:syllab="1"
            ecep:pron="fɪəz">fears</w>
         <c> </c>
         <w xml:id="pmc36-63590"
            n="pmc36/0062-a-0880"
            ecep:lem="lest"
            ecep:pos="cs"
            ecep:reg="lest"
            ecep:spe="lest"
            ecep:syllab="1"
            ecep:pron="lest">lest</w>
         <c> </c>
         <w xml:id="pmc36-63600"
            n="pmc36/0062-a-0890"
            ecep:lem="some"
            ecep:pos="d"
            ecep:reg="some"
            ecep:spe="some"
            ecep:syllab="1"
            ecep:pron="sʌm">some</w>
         <c> </c>
         <w xml:id="pmc36-63610"
            n="pmc36/0062-a-0900"
            ecep:lem="prevail"
            ecep:pos="vvi"
            ecep:reg="prevail"
            ecep:spe="prevail"
            ecep:syllab="2"
            ecep:pron="prɪˈveɪl">prevail</w>
         <pc xml:id="pmc36-63620"
             n="pmc36/0062-a-0910"
             unit="sentence"
             ecep:lem="."
             ecep:pos="."
             ecep:reg="."
             ecep:spe=".">.</pc>
         <c> </c>
      </l>
      <pb facs="pmc36/0063" n="49" rend="none"/>
   </lg>
   <lg xml:id="pmc36-s00370">
      <l n="13" xml:id="pmc36-l03495">
         <w xml:id="pmc36-63650"
            n="pmc36/0063-a-0010"
            ecep:lem="lest"
            ecep:pos="cs"
            ecep:reg="Lest"
            ecep:spe="Lest"
            ecep:syllab="1"
            ecep:pron="lest">Lest</w>
         <c> </c>
         <w xml:id="pmc36-63660"
            n="pmc36/0063-a-0020"
            ecep:lem="flatter"
            ecep:pos="vvg"
            ecep:reg="flattering"
            ecep:spe="flatt'ring"
            ecep:syllab="2"
            ecep:pron="ˈflætrɪŋ">flatt'ring</w>
         <c> </c>
         <w xml:id="pmc36-63670"
            n="pmc36/0063-a-0030"
            ecep:lem="tongue"
            ecep:pos="n2"
            ecep:reg="Tongues"
            ecep:spe="Tongues"
            ecep:syllab="1"
            ecep:pron="tʌŋz">Tongues</w>
         <c> </c>
         <w xml:id="pmc36-63680"
            n="pmc36/0063-a-0040"
            ecep:lem="in"
            ecep:pos="p-acp"
            ecep:reg="in"
            ecep:spe="in"
            ecep:syllab="1"
            ecep:pron="ɪn">in</w>
         <c> </c>
         <w xml:id="pmc36-63690"
            n="pmc36/0063-a-0050"
            ecep:lem="fair"
            ecep:pos="j"
            ecep:reg="fair"
            ecep:spe="fair"
            ecep:syllab="1"
            ecep:pron="feə">fair</w>
         <c> </c>
         <w xml:id="pmc36-63700"
            n="pmc36/0063-a-0060"
            ecep:lem="disguise"
            ecep:pos="n1"
            ecep:reg="Disguise"
            ecep:spe="Disguise"
            ecep:syllab="2"
            ecep:pron="dɪsˈgaɪz">Disguise</w>
      </l>
      <l n="14" rendition="#h_3" xml:id="pmc36-l03500">
         <c> </c>
         <w xml:id="pmc36-63710"
            n="pmc36/0063-a-0070"
            ecep:lem="shall"
            ecep:pos="vmd"
            ecep:reg="Should"
            ecep:spe="Should"
            ecep:syllab="1"
            ecep:pron="ʃʊd">Should</w>
         <c> </c>
         <w xml:id="pmc36-63720"
            n="pmc36/0063-a-0080"
            ecep:lem="vanity"
            ecep:pos="n1"
            ecep:reg="Vanity"
            ecep:spe="Vanity"
            ecep:syllab="3"
            ecep:pron="ˈvænəti">Vanity</w>
         <c> </c>
         <w xml:id="pmc36-63730"
            n="pmc36/0063-a-0090"
            ecep:lem="instil"
            ecep:pos="vvi"
            ecep:reg="instil"
            ecep:spe="instil"
            ecep:syllab="2"
            ecep:pron="ɪnˈstɪl">instil</w>
         <pc xml:id="pmc36-63740"
             n="pmc36/0063-a-0100"
             ecep:lem=";"
             ecep:pos=";"
             ecep:reg=";"
             ecep:spe=";">;</pc>
      </l>
      <l n="15" xml:id="pmc36-l03505">
         <c> </c>
         <w xml:id="pmc36-63750"
            n="pmc36/0063-a-0110"
            ecep:lem="observe"
            ecep:pos="vvz"
            ecep:reg="Observes"
            ecep:spe="Observes"
            ecep:syllab="2"
            ecep:pron="əbˈzɜːvz">Observes</w>
         <c> </c>
         <w xml:id="pmc36-63760"
            n="pmc36/0063-a-0120"
            ecep:lem="herself"
            ecep:pos="px31"
            ecep:reg="herself"
            ecep:spe="herself"
            ecep:syllab="2"
            ecep:pron="həˈself">herself</w>
         <c> </c>
         <w xml:id="pmc36-63770"
            n="pmc36/0063-a-0130"
            ecep:lem="with"
            ecep:pos="p-acp"
            ecep:reg="with"
            ecep:spe="with"
            ecep:syllab="1"
            ecep:pron="wɪð">with</w>
         <c> </c>
         <w xml:id="pmc36-63780"
            n="pmc36/0063-a-0140"
            ecep:lem="watchful"
            ecep:pos="j"
            ecep:reg="watchful"
            ecep:spe="watchful"
            ecep:syllab="2"
            ecep:pron="ˈwɒtʃfl">watchful</w>
         <c> </c>
         <w xml:id="pmc36-63790"
            n="pmc36/0063-a-0150"
            ecep:lem="eye"
            ecep:pos="n2"
            ecep:reg="Eyes"
            ecep:spe="Eyes"
            ecep:syllab="1"
            ecep:pron="aɪz">Eyes</w>
         <pc xml:id="pmc36-63800"
             n="pmc36/0063-a-0160"
             ecep:lem=","
             ecep:pos=","
             ecep:reg=","
             ecep:spe=",">,</pc>
      </l>
      <l n="16" rendition="#h_3" xml:id="pmc36-l03510">
         <c> </c>
         <w xml:id="pmc36-63810"
            n="pmc36/0063-a-0170"
            ecep:lem="and"
            ecep:pos="cc"
            ecep:reg="And"
            ecep:spe="And"
            ecep:syllab="1"
            ecep:pron="ænd">And</w>
         <c> </c>
         <w xml:id="pmc36-63820"
            n="pmc36/0063-a-0180"
            ecep:lem="shun"
            ecep:pos="vvz"
            ecep:reg="shuns"
            ecep:spe="shuns"
            ecep:syllab="1"
            ecep:pron="ʃʌnz">shuns</w>
         <c> </c>
         <w xml:id="pmc36-63830"
            n="pmc36/0063-a-0190"
            ecep:lem="the"
            ecep:pos="dt"
            ecep:reg="the"
            ecep:spe="the"
            ecep:syllab="1"
            ecep:pron="ðiː">the</w>
         <c> </c>
         <w xml:id="pmc36-63840"
            n="pmc36/0063-a-0200"
            ecep:lem="baleful"
            ecep:pos="j"
            ecep:reg="baleful"
            ecep:spe="baleful"
            ecep:syllab="2"
            ecep:pron="ˈbeɪlfl">baleful</w>
         <c> </c>
         <w xml:id="pmc36-63850"
            n="pmc36/0063-a-0210"
            ecep:lem="ill"
            ecep:pos="j-jn"
            ecep:reg="Ill"
            ecep:spe="Ill"
            ecep:syllab="1"
            ecep:pron="ɪl">Ill</w>
         <pc xml:id="pmc36-63860"
             n="pmc36/0063-a-0220"
             ecep:lem=":"
             ecep:pos=":"
             ecep:reg=":"
             ecep:spe=":">:</pc>
      </l>
   </lg>
   <lg xml:id="pmc36-s00375">
      <l n="17" xml:id="pmc36-l03515">
         <w xml:id="pmc36-63890"
            n="pmc36/0063-a-0230"
            ecep:lem="bid"
            ecep:pos="vvz"
            ecep:reg="Bids"
            ecep:spe="Bids"
            ecep:syllab="1"
            ecep:pron="bɪdz">Bids</w>
         <c> </c>
         <w xml:id="pmc36-63900"
            n="pmc36/0063-a-0240"
            ecep:lem="caution"
            ecep:pos="n1"
            ecep:reg="Caution"
            ecep:spe="Caution"
            ecep:syllab="2"
            ecep:pron="ˈkɔːʃn">Caution</w>
         <c> </c>
         <w xml:id="pmc36-63910"
            n="pmc36/0063-a-0250"
            ecep:lem="wait"
            ecep:pos="vvi"
            ecep:reg="wait"
            ecep:spe="wait"
            ecep:syllab="1"
            ecep:pron="weɪt">wait</w>
         <c> </c>
         <w xml:id="pmc36-63920"
            n="pmc36/0063-a-0260"
            ecep:lem="on"
            ecep:pos="p-acp"
            ecep:reg="on"
            ecep:spe="on"
            ecep:syllab="1"
            ecep:pron="ɒn">on</w>
         <c> </c>
         <w xml:id="pmc36-63930"
            n="pmc36/0063-a-0270"
            ecep:lem="innocence"
            ecep:pos="n1"
            ecep:reg="Innocence"
            ecep:spe="Innocence"
            ecep:syllab="3"
            ecep:pron="ˈɪnəsns">Innocence</w>
         <pc xml:id="pmc36-63940"
             n="pmc36/0063-a-0280"
             ecep:lem=","
             ecep:pos=","
             ecep:reg=","
             ecep:spe=",">,</pc>
      </l>
      <l n="18" rendition="#h_3" xml:id="pmc36-l03520">
         <c> </c>
         <w xml:id="pmc36-63950"
            n="pmc36/0063-a-0290"
            ecep:lem="lest"
            ecep:pos="cs"
            ecep:reg="Lest"
            ecep:spe="Lest"
            ecep:syllab="1"
            ecep:pron="lest">Lest</w>
         <c> </c>
         <w xml:id="pmc36-63960"
            n="pmc36/0063-a-0300"
            ecep:lem="malice"
            ecep:pos="n1"
            ecep:reg="Malice"
            ecep:spe="Malice"
            ecep:syllab="2"
            ecep:pron="ˈmælɪs">Malice</w>
         <c> </c>
         <w xml:id="pmc36-63970"
            n="pmc36/0063-a-0310"
            ecep:lem="dare"
            ecep:pos="vvb"
            ecep:reg="dare"
            ecep:spe="dare"
            ecep:syllab="1"
            ecep:pron="deə">dare</w>
         <c> </c>
         <w xml:id="pmc36-63980"
            n="pmc36/0063-a-0320"
            ecep:lem="to"
            ecep:pos="pc-acp"
            ecep:reg="to"
            ecep:spe="to"
            ecep:syllab="1"
            ecep:pron="tuː">to</w>
         <c> </c>
         <w xml:id="pmc36-63990"
            n="pmc36/0063-a-0330"
            ecep:lem="blame"
            ecep:pos="vvi"
            ecep:reg="blame"
            ecep:spe="blame"
            ecep:syllab="1"
            ecep:pron="bleɪm">blame</w>
         <pc xml:id="pmc36-64000"
             n="pmc36/0063-a-0340"
             ecep:lem=";"
             ecep:pos=";"
             ecep:reg=";"
             ecep:spe=";">;</pc>
      </l>
      <l n="19" xml:id="pmc36-l03525">
         <c> </c>
         <w xml:id="pmc36-64010"
            n="pmc36/0063-a-0350"
            ecep:lem="or"
            ecep:pos="cc"
            ecep:reg="Or"
            ecep:spe="Or"
            ecep:syllab="1"
            ecep:pron="ɔː">Or</w>
         <c> </c>
         <w xml:id="pmc36-64020"
            n="pmc36/0063-a-0360"
            ecep:lem="envy"
            ecep:pos="vvb"
            ecep:reg="Envy"
            ecep:spe="Envy"
            ecep:syllab="2"
            ecep:pron="ˈenvi">Envy</w>
         <pc xml:id="pmc36-64030"
             n="pmc36/0063-a-0370"
             ecep:lem=","
             ecep:pos=","
             ecep:reg=","
             ecep:spe=",">,</pc>
         <c> </c>
         <w xml:id="pmc36-64040"
            n="pmc36/0063-a-0380"
            ecep:lem="with"
            ecep:pos="p-acp"
            ecep:reg="with"
            ecep:spe="with"
            ecep:syllab="1"
            ecep:pron="wɪð">with</w>
         <c> </c>
         <w xml:id="pmc36-64050"
            n="pmc36/0063-a-0390"
            ecep:lem="envenom"
            ecep:pos="j-vvn"
            ecep:reg="envenomed"
            ecep:spe="envenom'd"
            ecep:syllab="3"
            ecep:pron="ɪnˈvenəmd">envenom'd</w>
         <c> </c>
         <w xml:id="pmc36-64060"
            n="pmc36/0063-a-0400"
            ecep:lem="breath"
            ecep:pos="n1"
            ecep:reg="Breath"
            ecep:spe="Breath"
            ecep:syllab="1"
            ecep:pron="breθ">Breath</w>
         <pc xml:id="pmc36-64070"
             n="pmc36/0063-a-0410"
             ecep:lem=","
             ecep:pos=","
             ecep:reg=","
             ecep:spe=",">,</pc>
      </l>
      <l n="20" rendition="#h_3" xml:id="pmc36-l03530">
         <c> </c>
         <w xml:id="pmc36-64080"
            n="pmc36/0063-a-0420"
            ecep:lem="shall"
            ecep:pos="vmd"
            ecep:reg="Should"
            ecep:spe="Should"
            ecep:syllab="1"
            ecep:pron="ʃʊd">Should</w>
         <c> </c>
         <w xml:id="pmc36-64090"
            n="pmc36/0063-a-0430"
            ecep:lem="taint"
            ecep:pos="n1"
            ecep:reg="taint"
            ecep:spe="taint"
            ecep:syllab="1"
            ecep:pron="teɪnt">taint</w>
         <c> </c>
         <w xml:id="pmc36-64100"
            n="pmc36/0063-a-0440"
            ecep:lem="her"
            ecep:pos="po31"
            ecep:reg="her"
            ecep:spe="her"
            ecep:syllab="1"
            ecep:pron="hɜː">her</w>
         <c> </c>
         <w xml:id="pmc36-64110"
            n="pmc36/0063-a-0450"
            ecep:lem="lovely"
            ecep:pos="j"
            ecep:reg="lovely"
            ecep:spe="lovely"
            ecep:syllab="2"
            ecep:pron="ˈlʌvli">lovely</w>
         <c> </c>
         <w xml:id="pmc36-64120"
            n="pmc36/0063-a-0460"
            ecep:lem="name"
            ecep:pos="n1"
            ecep:reg="Name"
            ecep:spe="Name"
            ecep:syllab="1"
            ecep:pron="neɪm">Name</w>
         <pc xml:id="pmc36-64130"
             n="pmc36/0063-a-0470"
             unit="sentence"
             ecep:lem="."
             ecep:pos="."
             ecep:reg="."
             ecep:spe=".">.</pc>
         <c> </c>
      </l>
   </lg>
   <lg xml:id="pmc36-s00380">
      <l n="21" xml:id="pmc36-l03535">
         <w xml:id="pmc36-64160"
            n="pmc36/0063-a-0480"
            ecep:lem="she"
            ecep:pos="pns31"
            ecep:reg="She"
            ecep:spe="She"
            ecep:syllab="1"
            ecep:pron="ʃiː">She</w>
         <c> </c>
         <w xml:id="pmc36-64170"
            n="pmc36/0063-a-0490"
            ecep:lem="know"
            ecep:pos="vvz"
            ecep:reg="knows"
            ecep:spe="knows"
            ecep:syllab="1"
            ecep:pron="nəʊz">knows</w>
         <pc xml:id="pmc36-64180"
             n="pmc36/0063-a-0500"
             ecep:lem=","
             ecep:pos=","
             ecep:reg=","
             ecep:spe=",">,</pc>
         <c> </c>
         <w xml:id="pmc36-64190"
            n="pmc36/0063-a-0510"
            ecep:lem="that"
            ecep:pos="cst"
            ecep:reg="that"
            ecep:spe="that"
            ecep:syllab="1"
            ecep:pron="ðæt">that</w>
         <c> </c>
         <w xml:id="pmc36-64200"
            n="pmc36/0063-a-0520"
            ecep:lem="every"
            ecep:pos="d"
            ecep:reg="every"
            ecep:spe="ev'ry"
            ecep:syllab="2"
            ecep:pron="ˈevri">ev'ry</w>
         <c> </c>
         <w xml:id="pmc36-64210"
            n="pmc36/0063-a-0530"
            ecep:lem="hour"
            ecep:pos="n1"
            ecep:reg="Hour"
            ecep:spe="Hour"
            ecep:syllab="1"
            ecep:pron="æə">Hour</w>
         <c> </c>
         <w xml:id="pmc36-64220"
            n="pmc36/0063-a-0540"
            ecep:lem="that"
            ecep:pos="cst"
            ecep:reg="that"
            ecep:spe="that"
            ecep:syllab="1"
            ecep:pron="ðæt">that</w>
         <c> </c>
         <w xml:id="pmc36-64230"
            n="pmc36/0063-a-0550"
            ecep:lem="fly"
            ecep:pos="vvz"
            ecep:reg="flies"
            ecep:spe="flies"
            ecep:syllab="1"
            ecep:pron="flaɪz">flies</w>
         <pc xml:id="pmc36-64240"
             n="pmc36/0063-a-0560"
             ecep:lem=","
             ecep:pos=","
             ecep:reg=","
             ecep:spe=",">,</pc>
      </l>
      <l n="22" rendition="#h_3" xml:id="pmc36-l03540">
         <c> </c>
         <w xml:id="pmc36-64250"
            n="pmc36/0063-a-0570"
            ecep:lem="bring"
            ecep:pos="vvz"
            ecep:reg="Brings"
            ecep:spe="Brings"
            ecep:syllab="1"
            ecep:pron="brɪŋz">Brings</w>
         <c> </c>
         <w xml:id="pmc36-64260"
            n="pmc36/0063-a-0580"
            ecep:lem="age"
            ecep:pos="n1"
            ecep:reg="Age"
            ecep:spe="Age"
            ecep:syllab="1"
            ecep:pron="eɪdʒ">Age</w>
         <c> </c>
         <w xml:id="pmc36-64270"
            n="pmc36/0063-a-0590"
            ecep:lem="upon"
            ecep:pos="p-acp"
            ecep:reg="upon"
            ecep:spe="upon"
            ecep:syllab="2"
            ecep:pron="əˈpɒn">upon</w>
         <c> </c>
         <w xml:id="pmc36-64280"
            n="pmc36/0063-a-0600"
            ecep:lem="its"
            ecep:pos="po31"
            ecep:reg="its"
            ecep:spe="its"
            ecep:syllab="1"
            ecep:pron="ɪts">its</w>
         <c> </c>
         <w xml:id="pmc36-64290"
            n="pmc36/0063-a-0610"
            ecep:lem="wing"
            ecep:pos="n1"
            ecep:reg="Wing"
            ecep:spe="Wing"
            ecep:syllab="1"
            ecep:pron="wɪŋ">Wing</w>
         <pc xml:id="pmc36-64300"
             n="pmc36/0063-a-0620"
             ecep:lem=":"
             ecep:pos=":"
             ecep:reg=":"
             ecep:spe=":">:</pc>
      </l>
      <l n="23" xml:id="pmc36-l03545">
         <c> </c>
         <w xml:id="pmc36-64310"
            n="pmc36/0063-a-0630"
            ecep:lem="and"
            ecep:pos="cc"
            ecep:reg="And"
            ecep:spe="And"
            ecep:syllab="1"
            ecep:pron="ænd">And</w>
         <c> </c>
         <w xml:id="pmc36-64320"
            n="pmc36/0063-a-0640"
            ecep:lem="that"
            ecep:pos="cst"
            ecep:reg="that"
            ecep:spe="that"
            ecep:syllab="1"
            ecep:pron="ðæt">that</w>
         <c> </c>
         <w xml:id="pmc36-64330"
            n="pmc36/0063-a-0650"
            ecep:lem="ungrateful"
            ecep:pos="j"
            ecep:reg="ungrateful"
            ecep:spe="ungrateful"
            ecep:syllab="3"
            ecep:pron="ʌnˈgreɪtfl">ungrateful</w>
         <c> </c>
         <w xml:id="pmc36-64340"
            n="pmc36/0063-a-0660"
            ecep:lem="word"
            ecep:pos="n1"
            ecep:reg="Word"
            ecep:spe="Word"
            ecep:syllab="1"
            ecep:pron="wɜːd">Word</w>
         <pc xml:id="pmc36-64350"
             n="pmc36/0063-a-0670"
             ecep:lem=","
             ecep:pos=","
             ecep:reg=","
             ecep:spe=",">,</pc>
         <c> </c>
         <hi>
            <w xml:id="pmc36-64360"
               n="pmc36/0063-a-0680"
               ecep:lem="she"
               ecep:pos="pns31"
               ecep:reg="She"
               ecep:spe="She"
               ecep:syllab="1"
               ecep:pron="ʃiː">She</w>
            <c> </c>
            <w xml:id="pmc36-64370"
               n="pmc36/0063-a-0690"
               ecep:lem="be"
               ecep:pos="vbds"
               ecep:reg="was"
               ecep:spe="was"
               ecep:syllab="1"
               ecep:pron="wɒz">was</w>
            <pc xml:id="pmc36-64380"
                n="pmc36/0063-a-0700"
                unit="sentence"
                ecep:lem="!"
                ecep:pos="!"
                ecep:reg="!"
                ecep:spe="!">!</pc>
            <c> </c>
         </hi>
      </l>
      <l n="24" rendition="#h_3" xml:id="pmc36-l03550">
         <w xml:id="pmc36-64390"
            n="pmc36/0063-a-0710"
            ecep:lem="have"
            ecep:pos="vhz"
            ecep:reg="Has"
            ecep:spe="Has"
            ecep:syllab="1"
            ecep:pron="hæz">Has</w>
         <c> </c>
         <w xml:id="pmc36-64400"
            n="pmc36/0063-a-0720"
            ecep:lem="venom"
            ecep:pos="n1"
            ecep:reg="Venom"
            ecep:spe="Venom"
            ecep:syllab="2"
            ecep:pron="ˈvenəm">Venom</w>
         <c> </c>
         <w xml:id="pmc36-64410"
            n="pmc36/0063-a-0730"
            ecep:lem="in"
            ecep:pos="p-acp"
            ecep:reg="in"
            ecep:spe="in"
            ecep:syllab="1"
            ecep:pron="ɪn">in</w>
         <c> </c>
         <w xml:id="pmc36-64420"
            n="pmc36/0063-a-0740"
            ecep:lem="its"
            ecep:pos="po31"
            ecep:reg="its"
            ecep:spe="its"
            ecep:syllab="1"
            ecep:pron="ɪts">its</w>
         <c> </c>
         <w xml:id="pmc36-64430"
            n="pmc36/0063-a-0750"
            ecep:lem="sting"
            ecep:pos="n1"
            ecep:reg="Sting"
            ecep:spe="Sting"
            ecep:syllab="1"
            ecep:pron="stɪŋ">Sting</w>
         <pc xml:id="pmc36-64440"
             n="pmc36/0063-a-0760"
             unit="sentence"
             ecep:lem="."
             ecep:pos="."
             ecep:reg="."
             ecep:spe=".">.</pc>
         <c> </c>
      </l>
   </lg>
   <lg xml:id="pmc36-s00385">
      <l n="25" xml:id="pmc36-l03555">
         <w xml:id="pmc36-64470"
            n="pmc36/0063-a-0770"
            ecep:lem="she"
            ecep:pos="pns31"
            ecep:reg="She"
            ecep:spe="She"
            ecep:syllab="1"
            ecep:pron="ʃiː">She</w>
         <c> </c>
         <w xml:id="pmc36-64480"
            n="pmc36/0063-a-0780"
            ecep:lem="thank"
            ecep:pos="vvz"
            ecep:reg="thanks"
            ecep:spe="thanks"
            ecep:syllab="1"
            ecep:pron="θæŋks">thanks</w>
         <c> </c>
         <w xml:id="pmc36-64490"
            n="pmc36/0063-a-0790"
            ecep:lem="kind"
            ecep:pos="j"
            ecep:reg="kind"
            ecep:spe="kind"
            ecep:syllab="1"
            ecep:pron="kaɪnd">kind</w>
         <c> </c>
         <w xml:id="pmc36-64500"
            n="pmc36/0063-a-0800"
            ecep:lem="heaven"
            ecep:pos="n1"
            ecep:reg="Heaven"
            ecep:spe="Heav'n"
            ecep:syllab="1"
            ecep:pron="ˈhevn">Heav'n</w>
         <pc xml:id="pmc36-64510"
             n="pmc36/0063-a-0810"
             ecep:lem=","
             ecep:pos=","
             ecep:reg=","
             ecep:spe=",">,</pc>
         <c> </c>
         <w xml:id="pmc36-64520"
            n="pmc36/0063-a-0820"
            ecep:lem="that"
            ecep:pos="cst"
            ecep:reg="that"
            ecep:spe="that"
            ecep:syllab="1"
            ecep:pron="ðæt">that</w>
         <c> </c>
         <w xml:id="pmc36-64530"
            n="pmc36/0063-a-0830"
            ecep:lem="make"
            ecep:pos="vvd"
            ecep:reg="made"
            ecep:spe="made"
            ecep:syllab="1"
            ecep:pron="meɪd">made</w>
         <c> </c>
         <w xml:id="pmc36-64540"
            n="pmc36/0063-a-0840"
            ecep:lem="her"
            ecep:pos="po31"
            ecep:reg="her"
            ecep:spe="her"
            ecep:syllab="1"
            ecep:pron="hɜː">her</w>
         <c> </c>
         <w xml:id="pmc36-64550"
            n="pmc36/0063-a-0850"
            ecep:lem="fair"
            ecep:pos="j"
            ecep:reg="fair"
            ecep:spe="fair"
            ecep:syllab="1"
            ecep:pron="feə">fair</w>
         <pc xml:id="pmc36-64560"
             n="pmc36/0063-a-0860"
             ecep:lem=";"
             ecep:pos=";"
             ecep:reg=";"
             ecep:spe=";">;</pc>
      </l>
      <l n="26" rendition="#h_3" xml:id="pmc36-l03560">
         <c> </c>
         <w xml:id="pmc36-64570"
            n="pmc36/0063-a-0870"
            ecep:lem="and"
            ecep:pos="cc"
            ecep:reg="And"
            ecep:spe="And"
            ecep:syllab="1"
            ecep:pron="ænd">And</w>
         <c> </c>
         <w xml:id="pmc36-64580"
            n="pmc36/0063-a-0880"
            ecep:lem="know"
            ecep:pos="vvz"
            ecep:reg="knows"
            ecep:spe="knows"
            ecep:syllab="1"
            ecep:pron="nəʊz">knows</w>
         <c> </c>
         <w xml:id="pmc36-64590"
            n="pmc36/0063-a-0890"
            ecep:lem="that"
            ecep:pos="d"
            ecep:reg="that"
            ecep:spe="that"
            ecep:syllab="1"
            ecep:pron="ðæt">that</w>
         <c> </c>
         <w xml:id="pmc36-64600"
            n="pmc36/0063-a-0900"
            ecep:lem="heaven"
            ecep:pos="n1"
            ecep:reg="Heaven"
            ecep:spe="Heav'n"
            ecep:syllab="1"
            ecep:pron="ˈhevn">Heav'n</w>
         <c> </c>
         <w xml:id="pmc36-64610"
            n="pmc36/0063-a-0910"
            ecep:lem="design"
            ecep:pos="vvd"
            ecep:reg="designed"
            ecep:spe="design'd"
            ecep:syllab="2"
            ecep:pron="dɪˈzaɪnd">design'd</w>
         <pc xml:id="pmc36-64620"
             n="pmc36/0063-a-0920"
             ecep:lem=","
             ecep:pos=","
             ecep:reg=","
             ecep:spe=",">,</pc>
      </l>
      <l n="27" xml:id="pmc36-l03565">
         <c> </c>
         <w xml:id="pmc36-64630"
            n="pmc36/0063-a-0930"
            ecep:lem="that"
            ecep:pos="cst"
            ecep:reg="That"
            ecep:spe="That"
            ecep:syllab="1"
            ecep:pron="ðæt">That</w>
         <c> </c>
         <w xml:id="pmc36-64640"
            n="pmc36/0063-a-0940"
            ecep:lem="lovely"
            ecep:pos="j"
            ecep:reg="lovely"
            ecep:spe="lovely"
            ecep:syllab="2"
            ecep:pron="ˈlʌvli">lovely</w>
         <c> </c>
         <w xml:id="pmc36-64650"
            n="pmc36/0063-a-0950"
            ecep:lem="form"
            ecep:pos="n1"
            ecep:reg="Form"
            ecep:spe="Form"
            ecep:syllab="1"
            ecep:pron="fɔːm">Form</w>
         <c> </c>
         <w xml:id="pmc36-64660"
            n="pmc36/0063-a-0960"
            ecep:lem="she"
            ecep:pos="pns31"
            ecep:reg="she"
            ecep:spe="she"
            ecep:syllab="1"
            ecep:pron="ʃiː">she</w>
         <c> </c>
         <w xml:id="pmc36-64670"
            n="pmc36/0063-a-0970"
            ecep:lem="wear"
            ecep:pos="vvz"
            ecep:reg="wears"
            ecep:spe="wears"
            ecep:syllab="1"
            ecep:pron="weəz">wears</w>
         <pc xml:id="pmc36-64680"
             n="pmc36/0063-a-0980"
             ecep:lem=","
             ecep:pos=","
             ecep:reg=","
             ecep:spe=",">,</pc>
         <c> </c>
         <w xml:id="pmc36-64690"
            n="pmc36/0063-a-0990"
            ecep:lem="to"
            ecep:pos="pc-acp"
            ecep:reg="to"
            ecep:spe="to"
            ecep:syllab="1"
            ecep:pron="tuː">to</w>
         <c> </c>
         <w xml:id="pmc36-64700"
            n="pmc36/0063-a-1000"
            ecep:lem="grace"
            ecep:pos="vvi"
            ecep:reg="grace"
            ecep:spe="grace"
            ecep:syllab="1"
            ecep:pron="greɪs">grace</w>
      </l>
      <l n="28" rendition="#h_3" xml:id="pmc36-l03570">
         <c> </c>
         <w xml:id="pmc36-64710"
            n="pmc36/0063-a-1010"
            ecep:lem="the"
            ecep:pos="dt"
            ecep:reg="The"
            ecep:spe="The"
            ecep:syllab="1"
            ecep:pron="ðiː">The</w>
         <c> </c>
         <w xml:id="pmc36-64720"
            n="pmc36/0063-a-1020"
            ecep:lem="beauty"
            ecep:pos="n2"
            ecep:reg="Beauties"
            ecep:spe="Beauties"
            ecep:syllab="2"
            ecep:pron="ˈbjuːtiz">Beauties</w>
         <c> </c>
         <w xml:id="pmc36-64730"
            n="pmc36/0063-a-1030"
            ecep:lem="of"
            ecep:pos="pp-f"
            ecep:reg="of"
            ecep:spe="of"
            ecep:syllab="1"
            ecep:pron="ɒv">of</w>
         <c> </c>
         <w xml:id="pmc36-64740"
            n="pmc36/0063-a-1040"
            ecep:lem="her"
            ecep:pos="po31"
            ecep:reg="her"
            ecep:spe="her"
            ecep:syllab="1"
            ecep:pron="hɜː">her</w>
         <c> </c>
         <w xml:id="pmc36-64750"
            n="pmc36/0063-a-1050"
            ecep:lem="mind"
            ecep:pos="n1"
            ecep:reg="Mind"
            ecep:spe="Mind"
            ecep:syllab="1"
            ecep:pron="maɪnd">Mind</w>
         <pc xml:id="pmc36-64760"
             n="pmc36/0063-a-1060"
             unit="sentence"
             ecep:lem="."
             ecep:pos="."
             ecep:reg="."
             ecep:spe=".">.</pc>
         <c> </c>
      </l>
      <pb facs="pmc36/0064" n="50" rend="none"/>
   </lg>
   <lg xml:id="pmc36-s00390">
      <l n="29" xml:id="pmc36-l03575">
         <w xml:id="pmc36-64790"
            n="pmc36/0064-a-0010"
            ecep:lem="so"
            ecep:pos="av"
            ecep:reg="So"
            ecep:spe="So"
            ecep:syllab="1"
            ecep:pron="səʊ">So</w>
         <c> </c>
         <w xml:id="pmc36-64800"
            n="pmc36/0064-a-0020"
            ecep:lem="when"
            ecep:pos="c-crq"
            ecep:reg="when"
            ecep:spe="when"
            ecep:syllab="1"
            ecep:pron="wen">when</w>
         <c> </c>
         <w xml:id="pmc36-64810"
            n="pmc36/0064-a-0030"
            ecep:lem="the"
            ecep:pos="dt"
            ecep:reg="the"
            ecep:spe="the"
            ecep:syllab="1"
            ecep:pron="ðiː">the</w>
         <c> </c>
         <w xml:id="pmc36-64820"
            n="pmc36/0064-a-0040"
            ecep:lem="sparkle"
            ecep:pos="j-vvg"
            ecep:reg="sparkling"
            ecep:spe="sparkling"
            ecep:syllab="2"
            ecep:pron="ˈspɑːklɪŋ">sparkling</w>
         <c> </c>
         <w xml:id="pmc36-64830"
            n="pmc36/0064-a-0050"
            ecep:lem="brilliant"
            ecep:pos="ng1"
            ecep:reg="Brilliant's"
            ecep:spe="Brilliant's"
            ecep:syllab="3"
            ecep:pron="ˈbrɪliəntz">Brilliant's</w>
         <c> </c>
         <w xml:id="pmc36-64840"
            n="pmc36/0064-a-0060"
            ecep:lem="set"
            ecep:pos="n1"
            ecep:reg="set"
            ecep:spe="set"
            ecep:syllab="1"
            ecep:pron="set">set</w>
      </l>
      <l n="30" rendition="#h_3" xml:id="pmc36-l03580">
         <c> </c>
         <w xml:id="pmc36-64850"
            n="pmc36/0064-a-0070"
            ecep:lem="in"
            ecep:pos="p-acp"
            ecep:reg="In"
            ecep:spe="In"
            ecep:syllab="1"
            ecep:pron="ɪn">In</w>
         <c> </c>
         <w xml:id="pmc36-64860"
            n="pmc36/0064-a-0080"
            ecep:lem="silver"
            ecep:pos="n1"
            ecep:reg="Silver"
            ecep:spe="Silver"
            ecep:syllab="2"
            ecep:pron="ˈsɪlvə">Silver</w>
         <pc xml:id="pmc36-64870"
             n="pmc36/0064-a-0090"
             ecep:lem=","
             ecep:pos=","
             ecep:reg=","
             ecep:spe=",">,</pc>
         <c> </c>
         <w xml:id="pmc36-64880"
            n="pmc36/0064-a-0100"
            ecep:lem="shine"
            ecep:pos="vvg"
            ecep:reg="shining"
            ecep:spe="shining"
            ecep:syllab="2"
            ecep:pron="ʃaɪnɪŋ">shining</w>
         <c> </c>
         <w xml:id="pmc36-64890"
            n="pmc36/0064-a-0110"
            ecep:lem="oar"
            ecep:pos="n1"
            ecep:reg="Oar"
            ecep:spe="Oar"
            ecep:syllab="1"
            ecep:pron="ɔː">Oar</w>
         <pc xml:id="pmc36-64900"
             n="pmc36/0064-a-0120"
             ecep:lem=";"
             ecep:pos=";"
             ecep:reg=";"
             ecep:spe=";">;</pc>
      </l>
      <l n="31" xml:id="pmc36-l03585">
         <c> </c>
         <w xml:id="pmc36-64910"
            n="pmc36/0064-a-0130"
            ecep:lem="it"
            ecep:pos="pn31"
            ecep:reg="It"
            ecep:spe="It"
            ecep:syllab="1"
            ecep:pron="ɪt">It</w>
         <c> </c>
         <w xml:id="pmc36-64920"
            n="pmc36/0064-a-0140"
            ecep:lem="add"
            ecep:pos="vvz"
            ecep:reg="adds"
            ecep:spe="adds"
            ecep:syllab="1"
            ecep:pron="ædz">adds</w>
         <c> </c>
         <w xml:id="pmc36-64930"
            n="pmc36/0064-a-0150"
            ecep:lem="small"
            ecep:pos="j"
            ecep:reg="small"
            ecep:spe="small"
            ecep:syllab="1"
            ecep:pron="smɔːl">small</w>
         <c> </c>
         <w xml:id="pmc36-64940"
            n="pmc36/0064-a-0160"
            ecep:lem="value"
            ecep:pos="n1"
            ecep:reg="Value"
            ecep:spe="Value"
            ecep:syllab="2"
            ecep:pron="ˈvæljuː">Value</w>
         <c> </c>
         <w xml:id="pmc36-64950"
            n="pmc36/0064-a-0170"
            ecep:lem="to"
            ecep:pos="p-acp"
            ecep:reg="to"
            ecep:spe="to"
            ecep:syllab="1"
            ecep:pron="tuː">to</w>
         <c> </c>
         <w xml:id="pmc36-64960"
            n="pmc36/0064-a-0180"
            ecep:lem="the"
            ecep:pos="dt"
            ecep:reg="the"
            ecep:spe="the"
            ecep:syllab="1"
            ecep:pron="ðiː">the</w>
         <c> </c>
         <w xml:id="pmc36-64970"
            n="pmc36/0064-a-0190"
            ecep:lem="stone"
            ecep:pos="n1"
            ecep:reg="Stone"
            ecep:spe="Stone"
            ecep:syllab="1"
            ecep:pron="stəʊn">Stone</w>
         <pc xml:id="pmc36-64980"
             n="pmc36/0064-a-0200"
             ecep:lem=","
             ecep:pos=","
             ecep:reg=","
             ecep:spe=",">,</pc>
      </l>
      <l n="32" rendition="#h_3" xml:id="pmc36-l03590">
         <c> </c>
         <w xml:id="pmc36-64990"
            n="pmc36/0064-a-0210"
            ecep:lem="but"
            ecep:pos="cc-acp"
            ecep:reg="But"
            ecep:spe="But"
            ecep:syllab="1"
            ecep:pron="bʌt">But</w>
         <c> </c>
         <w xml:id="pmc36-65000"
            n="pmc36/0064-a-0220"
            ecep:lem="make"
            ecep:pos="vvz"
            ecep:reg="makes"
            ecep:spe="makes"
            ecep:syllab="1"
            ecep:pron="meɪks">makes</w>
         <c> </c>
         <w xml:id="pmc36-65010"
            n="pmc36/0064-a-0230"
            ecep:lem="it"
            ecep:pos="pn31"
            ecep:reg="it"
            ecep:spe="it"
            ecep:syllab="1"
            ecep:pron="ɪt">it</w>
         <c> </c>
         <w xml:id="pmc36-65020"
            n="pmc36/0064-a-0240"
            ecep:lem="please"
            ecep:pos="vvi"
            ecep:reg="please"
            ecep:spe="please"
            ecep:syllab="1"
            ecep:pron="pliːz">please</w>
         <c> </c>
         <w xml:id="pmc36-65030"
            n="pmc36/0064-a-0250"
            ecep:lem="the"
            ecep:pos="dt"
            ecep:reg="the"
            ecep:spe="the"
            ecep:syllab="1"
            ecep:pron="ðiː">the</w>
         <c> </c>
         <w xml:id="pmc36-65040"
            n="pmc36/0064-a-0260"
            ecep:lem="more"
            ecep:pos="av-dc"
            ecep:reg="more"
            ecep:spe="more"
            ecep:syllab="1"
            ecep:pron="mɔː">more</w>
         <pc xml:id="pmc36-65050"
             n="pmc36/0064-a-0270"
             unit="sentence"
             ecep:lem="."
             ecep:pos="."
             ecep:reg="."
             ecep:spe=".">.</pc>
         <c> </c>
      </l>
   </lg>
</div>
