<?xml version="1.0" encoding="UTF-8"?>
<?xml-model href="../tei_all.rnc" type="application/relax-ng-compact-syntax"?>
<TEI xmlns="http://www.tei-c.org/ns/1.0">
   <teiHeader>
      <fileDesc>
         <titleStmt>
            <title corresp="#txt_EgerSa1668_w0045">A SONG.</title>
            <author corresp="authors.xml#aut_EgerSa1668">Sarah Fyge Egerton</author>
            <respStmt>
               <name xml:id="AH">Alexander Huber</name>
               <resp>Editor</resp>
            </respStmt>
            <funder>
               <name type="institution" xml:id="BOD">Bodleian Libraries, University of Oxford</name>
               <address>
                  <addrLine>Broad Street</addrLine>
                  <addrLine>Oxford OX1 3BG</addrLine>
                  <addrLine>UK</addrLine>
               </address>
            </funder>
         </titleStmt>
         <publicationStmt>
            <publisher xml:id="ECPA">Eighteenth-Century Poetry Archive</publisher>
            <address>
               <addrLine>Taylor Institution Library</addrLine>
               <addrLine>St Giles'</addrLine>
               <addrLine>Oxford OX1 3NA</addrLine>
               <addrLine>UK</addrLine>
               <addrLine>
                  <email>info@eighteenthcenturypoetry.org</email>
               </addrLine>
               <addrLine>
                  <ref target="https://www.eighteenthcenturypoetry.org/">https://www.eighteenthcenturypoetry.org/</ref>
               </addrLine>
            </address>
            <pubPlace>Oxford</pubPlace>
            <availability status="restricted">
               <licence target="http://creativecommons.org/licenses/by-sa/3.0/">This work is licensed under a Creative Commons Attribution-ShareAlike 3.0 Unported License.</licence>
            </availability>
            <idno type="ESTC">T125148</idno>
         </publicationStmt>
         <sourceDesc>
            <bibl>
               <author>Egerton, Sarah Fyge, 1668-1723.</author>
               <title>Poems on Several Occasions, Together with a Pastoral. By Mrs. S. F. [poems only]</title>
               <pubPlace>London</pubPlace>
               <publisher>printed, and are to be sold by J. Nutt, near Stationers-Hall</publisher>
               <date>1703</date>
               <biblScope>p. 90.</biblScope>
               <extent>[20],117,[3],15,[1]p.; 8⁰.</extent>
            </bibl>
         </sourceDesc>
      </fileDesc>
      <encodingDesc>
         <projectDesc>
            <p>This e-text is part of the Works section of the Eighteenth-Century Poetry Archive (ECPA).</p>
            <p>XML created for the Eighteenth-Century Poetry Archive (ECPA).</p>
         </projectDesc>
         <editorialDecl>
            <p>Typography, spelling, capitalization, and punctuation have been cautiously modernized. The source of the text is given and all significant
						editorial interventions have been recorded in textual notes. This  text has been edited to conform to the recommendations found 
						in Level 5 of the
						Best Practices for TEI in Libraries version 4.0.0.
					</p>
         </editorialDecl>
         <classDecl>
            <taxonomy xml:id="LCNAF">
               <bibl>Library of Congress Name Authority File (<abbr>LCNAF</abbr>)</bibl>
            </taxonomy>
         </classDecl>
         <tagsDecl>
            <rendition n="linegroups indented" xml:id="lgindent" scheme="css">text-indent: 1em;</rendition>
            <rendition n="linegroups vertically spaced" xml:id="lgvspace" scheme="css">margin-bottom: 1em;</rendition>
            <rendition n="aligned centrally" xml:id="align-center" scheme="css">text-align: center;</rendition>
            <rendition n="aligned right" xml:id="align-right" scheme="css">text-align: right;</rendition>
            <rendition n="aligned left" xml:id="align-left" scheme="css">text-align: left;</rendition>
            <rendition n="inline" xml:id="inline" scheme="css">display: inline</rendition>
            <rendition n="italic" xml:id="i" scheme="css">font-style: italic;</rendition>
            <rendition n="bold" xml:id="b" scheme="css">font-weight: bold;</rendition>
         </tagsDecl>
      </encodingDesc>
   </teiHeader>
   <text>
      <body>
         <div xmlns:ecep="http://www.eighteenthcenturypoetry.org/ns"
              xmlns:tei="http://www.tei-c.org/ns/1.0"
              ana="#iamb #tetrameter #trimeter #ballad #intermittent #quatrain #song"
              corresp="#txt_EgerSa1668_w0045"
              decls="#semi-normalized"
              ecep:syllab="8.6.8.6"
              met="-+|-+|-+|-+/ -+|-+|-+/ -+|-+|-+|-+/ -+|-+|-+/"
              rendition="#lgvspace"
              rhyme="xaxa"
              subtype="eceptext"
              type="poem"
              xml:id="pse03-w0450">
            <link target="authors.xml#aut_EgerSa1668" type="author"/>
            <head type="main">
               <w xml:id="pse03-175620"
                  n="a-0200"
                  ecep:lem="a"
                  ecep:pos="dt"
                  ecep:reg="A"
                  ecep:spe="A"
                  ecep:syllab="1"
                  ecep:pron="ə">A</w>
               <c> </c>
               <w xml:id="pse03-175630"
                  n="a-0210"
                  ecep:lem="song"
                  ecep:pos="n1"
                  ecep:reg="SONG"
                  ecep:spe="SONG"
                  ecep:syllab="1"
                  ecep:pron="sɒŋ">SONG</w>
               <pc xml:id="pse03-175640"
                   n="a-0220"
                   unit="sentence"
                   ecep:lem="."
                   ecep:pos="."
                   ecep:reg="."
                   ecep:spe=".">.</pc>
            </head>
            <lg xml:id="pse03-s00375">
               <l n="1" xml:id="pse03-l09645">
                  <hi rendition="#sc">
                     <w xml:id="pse03-175670"
                        n="a-0230"
                        ecep:lem="a"
                        ecep:pos="dt"
                        ecep:reg="A"
                        ecep:spe="A"
                        ecep:syllab="1"
                        ecep:pron="ə">A</w>
                     <c> </c>
                     <w xml:id="pse03-175680"
                        n="a-0240"
                        ecep:lem="thousand"
                        ecep:pos="crd"
                        ecep:reg="thousand"
                        ecep:spe="thousand"
                        ecep:syllab="2"
                        ecep:pron="ˈθaʊznd">thousand</w>
                  </hi>
                  <c> </c>
                  <w xml:id="pse03-175690"
                     n="a-0250"
                     ecep:lem="gay"
                     ecep:pos="j"
                     ecep:reg="Gay"
                     ecep:spe="Gay"
                     ecep:syllab="1"
                     ecep:pron="geɪ">Gay</w>
                  <c> </c>
                  <w xml:id="pse03-175700"
                     n="a-0260"
                     ecep:lem="oblige"
                     ecep:pos="j-vvg"
                     ecep:reg="obliging"
                     ecep:spe="obliging"
                     ecep:syllab="3"
                     ecep:pron="əˈblaɪdʒɪŋ">obliging</w>
                  <c> </c>
                  <w xml:id="pse03-175710"
                     n="a-0270"
                     ecep:lem="youth"
                     ecep:pos="n2"
                     ecep:reg="Youths"
                     ecep:spe="Youths"
                     ecep:syllab="1"
                     ecep:pron="juːðz">Youths</w>
                  <pc xml:id="pse03-175720"
                      n="a-0280"
                      ecep:lem=","
                      ecep:pos=","
                      ecep:reg=","
                      ecep:spe=",">,</pc>
               </l>
               <l n="2" xml:id="pse03-l09650">
                  <c> </c>
                  <w xml:id="pse03-175730"
                     n="a-0290"
                     ecep:lem="i"
                     ecep:pos="pns11"
                     ecep:reg="I"
                     ecep:spe="I"
                     ecep:syllab="1"
                     ecep:pron="aɪ">I</w>
                  <c> </c>
                  <w xml:id="pse03-175740"
                     n="a-0300"
                     ecep:lem="unconcerned"
                     ecep:pos="j"
                     ecep:reg="unconcerned"
                     ecep:spe="unconcern'd"
                     ecep:syllab="3"
                     ecep:pron="ˌʌnkənˈsɜːnd">unconcern'd</w>
                  <c> </c>
                  <w xml:id="pse03-175750"
                     n="a-0310"
                     ecep:lem="can"
                     ecep:pos="vmb"
                     ecep:reg="can"
                     ecep:spe="can"
                     ecep:syllab="1"
                     ecep:pron="kæn">can</w>
                  <c> </c>
                  <w xml:id="pse03-175760"
                     n="a-0320"
                     ecep:lem="see"
                     ecep:pos="vvi"
                     ecep:reg="see"
                     ecep:spe="see"
                     ecep:syllab="1"
                     ecep:pron="siː">see</w>
                  <pc xml:id="pse03-175770"
                      n="a-0330"
                      ecep:lem=","
                      ecep:pos=","
                      ecep:reg=","
                      ecep:spe=",">,</pc>
               </l>
               <l n="3" xml:id="pse03-l09655">
                  <c> </c>
                  <w xml:id="pse03-175780"
                     n="a-0340"
                     ecep:lem="but"
                     ecep:pos="cc-acp"
                     ecep:reg="But"
                     ecep:spe="But"
                     ecep:syllab="1"
                     ecep:pron="bʌt">But</w>
                  <c> </c>
                  <w xml:id="pse03-175790"
                     n="a-0350"
                     ecep:lem="when"
                     ecep:pos="c-crq"
                     ecep:reg="when"
                     ecep:spe="when"
                     ecep:syllab="1"
                     ecep:pron="wen">when</w>
                  <c> </c>
                  <hi>
                     <w xml:id="pse03-175800"
                        n="a-0360"
                        ecep:lem="Exalis"
                        ecep:pos="np1"
                        ecep:reg="Exalis"
                        ecep:spe="Exalis"
                        ecep:syllab="3"
                        ecep:pron="egzˈɑːliz">Exalis</w>
                  </hi>
                  <c> </c>
                  <w xml:id="pse03-175810"
                     n="a-0370"
                     ecep:lem="do"
                     ecep:pos="vdz"
                     ecep:reg="does"
                     ecep:spe="doth"
                     ecep:syllab="1"
                     ecep:pron="dʌθ">doth</w>
                  <c> </c>
                  <w xml:id="pse03-175820"
                     n="a-0380"
                     ecep:lem="appear"
                     ecep:pos="vvi"
                     ecep:reg="appear"
                     ecep:spe="appear"
                     ecep:syllab="2"
                     ecep:pron="əˈpɪə">appear</w>
                  <pc xml:id="pse03-175830"
                      n="a-0390"
                      ecep:lem=";"
                      ecep:pos=";"
                      ecep:reg=";"
                      ecep:spe=";">;</pc>
               </l>
               <l n="4" xml:id="pse03-l09660">
                  <c> </c>
                  <w xml:id="pse03-175840"
                     n="a-0400"
                     ecep:lem="he"
                     ecep:pos="pns31"
                     ecep:reg="He"
                     ecep:spe="He"
                     ecep:syllab="1"
                     ecep:pron="hiː">He</w>
                  <c> </c>
                  <w xml:id="pse03-175850"
                     n="a-0410"
                     ecep:lem="shake"
                     ecep:pos="vvz"
                     ecep:reg="shakes"
                     ecep:spe="shakes"
                     ecep:syllab="1"
                     ecep:pron="ʃeɪks">shakes</w>
                  <c> </c>
                  <w xml:id="pse03-175860"
                     n="a-0420"
                     ecep:lem="my"
                     ecep:pos="po11"
                     ecep:reg="my"
                     ecep:spe="my"
                     ecep:syllab="1"
                     ecep:pron="maɪ">my</w>
                  <c> </c>
                  <w xml:id="pse03-175870"
                     n="a-0430"
                     ecep:lem="constancy"
                     ecep:pos="n1"
                     ecep:reg="Constancy"
                     ecep:spe="Constancy"
                     ecep:syllab="3"
                     ecep:pron="ˈkɒnstənsi">Constancy</w>
                  <pc xml:id="pse03-175880"
                      n="a-0440"
                      unit="sentence"
                      ecep:lem="."
                      ecep:pos="."
                      ecep:reg="."
                      ecep:spe=".">.</pc>
                  <c> </c>
               </l>
            </lg>
            <lg xml:id="pse03-s00380">
               <l n="5" rendition="#h_3" xml:id="pse03-l09665">
                  <w xml:id="pse03-175910"
                     n="a-0450"
                     ecep:lem="in"
                     ecep:pos="p-acp"
                     ecep:reg="In"
                     ecep:spe="In"
                     ecep:syllab="1"
                     ecep:pron="ɪn">In</w>
                  <c> </c>
                  <w xml:id="pse03-175920"
                     n="a-0460"
                     ecep:lem="spite"
                     ecep:pos="n1"
                     ecep:reg="spite"
                     ecep:spe="spite"
                     ecep:syllab="1"
                     ecep:pron="spaɪt">spite</w>
                  <c> </c>
                  <w xml:id="pse03-175930"
                     n="a-0470"
                     ecep:lem="of"
                     ecep:pos="pp-f"
                     ecep:reg="of"
                     ecep:spe="of"
                     ecep:syllab="1"
                     ecep:pron="ɒv">of</w>
                  <c> </c>
                  <w xml:id="pse03-175940"
                     n="a-0480"
                     ecep:lem="all"
                     ecep:pos="d"
                     ecep:reg="all"
                     ecep:spe="all"
                     ecep:syllab="1"
                     ecep:pron="ɔːl">all</w>
                  <c> </c>
                  <w xml:id="pse03-175950"
                     n="a-0490"
                     ecep:lem="my"
                     ecep:pos="po11"
                     ecep:reg="my"
                     ecep:spe="my"
                     ecep:syllab="1"
                     ecep:pron="maɪ">my</w>
                  <c> </c>
                  <w xml:id="pse03-175960"
                     n="a-0500"
                     ecep:lem="proud"
                     ecep:pos="j"
                     ecep:reg="Proud"
                     ecep:spe="Proud"
                     ecep:syllab="1"
                     ecep:pron="praʊd">Proud</w>
                  <c> </c>
                  <w xml:id="pse03-175970"
                     n="a-0510"
                     ecep:lem="resolve"
                     ecep:pos="vvz"
                     ecep:reg="Resolves"
                     ecep:spe="Resolves"
                     ecep:syllab="2"
                     ecep:pron="rɪˈzɒlvz">Resolves</w>
                  <pc xml:id="pse03-175980"
                      n="a-0520"
                      ecep:lem=","
                      ecep:pos=","
                      ecep:reg=","
                      ecep:spe=",">,</pc>
               </l>
               <l n="6" xml:id="pse03-l09670">
                  <c> </c>
                  <w xml:id="pse03-175990"
                     n="a-0530"
                     ecep:lem="i"
                     ecep:pos="pns11"
                     ecep:reg="I"
                     ecep:spe="I"
                     ecep:syllab="1"
                     ecep:pron="aɪ">I</w>
                  <c> </c>
                  <w xml:id="pse03-176000"
                     n="a-0540"
                     ecep:lem="soften"
                     ecep:pos="vvb"
                     ecep:reg="soften"
                     ecep:spe="soften"
                     ecep:syllab="2"
                     ecep:pron="ˈsɒfn">soften</w>
                  <c> </c>
                  <w xml:id="pse03-176010"
                     n="a-0550"
                     ecep:lem="at"
                     ecep:pos="p-acp"
                     ecep:reg="at"
                     ecep:spe="at"
                     ecep:syllab="1"
                     ecep:pron="æt">at</w>
                  <c> </c>
                  <w xml:id="pse03-176020"
                     n="a-0560"
                     ecep:lem="his"
                     ecep:pos="po31"
                     ecep:reg="his"
                     ecep:spe="his"
                     ecep:syllab="1"
                     ecep:pron="hɪz">his</w>
                  <c> </c>
                  <w xml:id="pse03-176030"
                     n="a-0570"
                     ecep:lem="charm"
                     ecep:pos="n2"
                     ecep:reg="Charms"
                     ecep:spe="Charms"
                     ecep:syllab="1"
                     ecep:pron="tʃɑːmz">Charms</w>
                  <pc xml:id="pse03-176040"
                      n="a-0580"
                      ecep:lem=","
                      ecep:pos=","
                      ecep:reg=","
                      ecep:spe=",">,</pc>
               </l>
               <l n="7" xml:id="pse03-l09675">
                  <c> </c>
                  <w xml:id="pse03-176050"
                     n="a-0590"
                     ecep:lem="and"
                     ecep:pos="cc"
                     ecep:reg="And"
                     ecep:spe="And"
                     ecep:syllab="1"
                     ecep:pron="ænd">And</w>
                  <c> </c>
                  <w xml:id="pse03-176060"
                     n="a-0600"
                     ecep:lem="almost"
                     ecep:pos="av"
                     ecep:reg="almost"
                     ecep:spe="almost"
                     ecep:syllab="2"
                     ecep:pron="ˈɔːlməʊst">almost</w>
                  <c> </c>
                  <w xml:id="pse03-176070"
                     n="a-0610"
                     ecep:lem="wish"
                     ecep:pos="vvb"
                     ecep:reg="wish"
                     ecep:spe="wish"
                     ecep:syllab="1"
                     ecep:pron="wɪʃ">wish</w>
                  <c> </c>
                  <w xml:id="pse03-176080"
                     n="a-0620"
                     ecep:lem="my"
                     ecep:pos="po11"
                     ecep:reg="my"
                     ecep:spe="my"
                     ecep:syllab="1"
                     ecep:pron="maɪ">my</w>
                  <c> </c>
                  <w xml:id="pse03-176090"
                     n="a-0630"
                     ecep:lem="self"
                     ecep:pos="n1"
                     ecep:reg="self"
                     ecep:spe="self"
                     ecep:syllab="1"
                     ecep:pron="self">self</w>
                  <c> </c>
                  <w xml:id="pse03-176100"
                     n="a-0640"
                     ecep:lem="to"
                     ecep:pos="pc-acp"
                     ecep:reg="to"
                     ecep:spe="to"
                     ecep:syllab="1"
                     ecep:pron="tuː">to</w>
                  <c> </c>
                  <w xml:id="pse03-176110"
                     n="a-0650"
                     ecep:lem="be"
                     ecep:pos="vbi"
                     ecep:reg="be"
                     ecep:spe="be"
                     ecep:syllab="1"
                     ecep:pron="biː">be</w>
                  <pc xml:id="pse03-176120"
                      n="a-0660"
                      ecep:lem=";"
                      ecep:pos=";"
                      ecep:reg=";"
                      ecep:spe=";">;</pc>
               </l>
               <l n="8" xml:id="pse03-l09680">
                  <c> </c>
                  <w xml:id="pse03-176130"
                     n="a-0670"
                     ecep:lem="in"
                     ecep:pos="p-acp"
                     ecep:reg="In"
                     ecep:spe="In"
                     ecep:syllab="1"
                     ecep:pron="ɪn">In</w>
                  <c> </c>
                  <w xml:id="pse03-176140"
                     n="a-0680"
                     ecep:lem="his"
                     ecep:pos="po31"
                     ecep:reg="his"
                     ecep:spe="his"
                     ecep:syllab="1"
                     ecep:pron="hɪz">his</w>
                  <c> </c>
                  <w xml:id="pse03-176150"
                     n="a-0690"
                     ecep:lem="regardless"
                     ecep:pos="j"
                     ecep:reg="regardless"
                     ecep:spe="regardless"
                     ecep:syllab="3"
                     ecep:pron="rɪˈgɑːdləs">regardless</w>
                  <c> </c>
                  <w xml:id="pse03-176160"
                     n="a-0700"
                     ecep:lem="arm"
                     ecep:pos="n2"
                     ecep:reg="Arms"
                     ecep:spe="Arms"
                     ecep:syllab="1"
                     ecep:pron="ɑːmz">Arms</w>
                  <pc unit="sentence"
                      xml:id="pse03-176160-eos"
                      n="a-0710"
                      ecep:lem="."
                      ecep:pos="."
                      ecep:reg="."
                      ecep:spe=".">.</pc>
                  <c> </c>
               </l>
            </lg>
            <lg xml:id="pse03-s00385">
               <l n="9" xml:id="pse03-l09685">
                  <w xml:id="pse03-176190"
                     n="a-0720"
                     ecep:lem="some"
                     ecep:pos="d"
                     ecep:reg="Some"
                     ecep:spe="Some"
                     ecep:syllab="1"
                     ecep:pron="sʌm">Some</w>
                  <c> </c>
                  <w xml:id="pse03-176200"
                     n="a-0730"
                     ecep:lem="mild"
                     ecep:pos="jc"
                     ecep:reg="milder"
                     ecep:spe="milder"
                     ecep:syllab="2"
                     ecep:pron="maɪldə">milder</w>
                  <c> </c>
                  <w xml:id="pse03-176210"
                     n="a-0740"
                     ecep:lem="power"
                     ecep:pos="n1"
                     ecep:reg="Power"
                     ecep:spe="Power"
                     ecep:syllab="1"
                     ecep:pron="ˈpaʊə">Power</w>
                  <pc xml:id="pse03-176220"
                      n="a-0750"
                      ecep:lem=","
                      ecep:pos=","
                      ecep:reg=","
                      ecep:spe=",">,</pc>
                  <c> </c>
                  <w xml:id="pse03-176230"
                     n="a-0760"
                     ecep:lem="reverse"
                     ecep:pos="n1"
                     ecep:reg="reverse"
                     ecep:spe="reverse"
                     ecep:syllab="2"
                     ecep:pron="rɪˈvɜːs">reverse</w>
                  <c> </c>
                  <w xml:id="pse03-176240"
                     n="a-0770"
                     ecep:lem="my"
                     ecep:pos="po11"
                     ecep:reg="my"
                     ecep:spe="my"
                     ecep:syllab="1"
                     ecep:pron="maɪ">my</w>
                  <c> </c>
                  <w xml:id="pse03-176250"
                     n="a-0780"
                     ecep:lem="fate"
                     ecep:pos="n1"
                     ecep:reg="Fate"
                     ecep:spe="Fate"
                     ecep:syllab="1"
                     ecep:pron="feɪt">Fate</w>
                  <pc xml:id="pse03-176260"
                      n="a-0790"
                      ecep:lem=","
                      ecep:pos=","
                      ecep:reg=","
                      ecep:spe=",">,</pc>
               </l>
               <l n="10" xml:id="pse03-l09690">
                  <c> </c>
                  <w xml:id="pse03-176270"
                     n="a-0800"
                     ecep:lem="he|be"
                     ecep:pos="pns31|vbz"
                     ecep:reg="He's"
                     ecep:spe="He's"
                     ecep:syllab="1"
                     ecep:pron="hiːz">He's</w>
                  <c> </c>
                  <w xml:id="pse03-176280"
                     n="a-0810"
                     ecep:lem="doom"
                     ecep:pos="vvn"
                     ecep:reg="doomed"
                     ecep:spe="doom'd"
                     ecep:syllab="1"
                     ecep:pron="duːmd">doom'd</w>
                  <c> </c>
                  <w xml:id="pse03-176290"
                     n="a-0820"
                     ecep:lem="to"
                     ecep:pos="p-acp"
                     ecep:reg="to"
                     ecep:spe="to"
                     ecep:syllab="1"
                     ecep:pron="tuː">to</w>
                  <c> </c>
                  <w xml:id="pse03-176300"
                     n="a-0830"
                     ecep:lem="love"
                     ecep:pos="n1"
                     ecep:reg="Love"
                     ecep:spe="Love"
                     ecep:syllab="1"
                     ecep:pron="lʌv">Love</w>
                  <c> </c>
                  <w xml:id="pse03-176310"
                     n="a-0840"
                     ecep:lem="elsewhere"
                     ecep:pos="av"
                     ecep:reg="elsewhere"
                     ecep:spe="elsewhere"
                     ecep:syllab="2"
                     ecep:pron="ˌelsˈweə">elsewhere</w>
                  <pc xml:id="pse03-176320"
                      n="a-0850"
                      ecep:lem=","
                      ecep:pos=","
                      ecep:reg=","
                      ecep:spe=",">,</pc>
               </l>
               <l n="11" xml:id="pse03-l09695">
                  <c> </c>
                  <w xml:id="pse03-176330"
                     n="a-0860"
                     ecep:lem="i"
                     ecep:pos="pns11"
                     ecep:reg="I"
                     ecep:spe="I"
                     ecep:syllab="1"
                     ecep:pron="aɪ">I</w>
                  <c> </c>
                  <w xml:id="pse03-176340"
                     n="a-0870"
                     ecep:lem="beg"
                     ecep:pos="vvb"
                     ecep:reg="beg"
                     ecep:spe="beg"
                     ecep:syllab="1"
                     ecep:pron="beg">beg</w>
                  <c> </c>
                  <w xml:id="pse03-176350"
                     n="a-0880"
                     ecep:lem="my"
                     ecep:pos="po11"
                     ecep:reg="my"
                     ecep:spe="my"
                     ecep:syllab="1"
                     ecep:pron="maɪ">my</w>
                  <c> </c>
                  <w xml:id="pse03-176360"
                     n="a-0890"
                     ecep:lem="passion"
                     ecep:pos="n1"
                     ecep:reg="Passion"
                     ecep:spe="Passion"
                     ecep:syllab="2"
                     ecep:pron="ˈpæʃn">Passion</w>
                  <c> </c>
                  <w xml:id="pse03-176370"
                     n="a-0900"
                     ecep:lem="you|will"
                     ecep:pos="pn22|vmd"
                     ecep:reg="you'd"
                     ecep:spe="you'd"
                     ecep:syllab="1"
                     ecep:pron="juːd">you'd</w>
                  <c> </c>
                  <w xml:id="pse03-176380"
                     n="a-0910"
                     ecep:lem="translate"
                     ecep:pos="vvi"
                     ecep:reg="Translate"
                     ecep:spe="Translate"
                     ecep:syllab="2"
                     ecep:pron="trænzˈleɪt">Translate</w>
                  <pc xml:id="pse03-176390"
                      n="a-0920"
                      ecep:lem=";"
                      ecep:pos=";"
                      ecep:reg=";"
                      ecep:spe=";">;</pc>
               </l>
               <l n="12" xml:id="pse03-l09700">
                  <c> </c>
                  <w xml:id="pse03-176400"
                     n="a-0930"
                     ecep:lem="i"
                     ecep:pos="pns11"
                     ecep:reg="I"
                     ecep:spe="I"
                     ecep:syllab="1"
                     ecep:pron="aɪ">I</w>
                  <c> </c>
                  <w xml:id="pse03-176410"
                     n="a-0940"
                     ecep:lem="will"
                     ecep:pos="vmd"
                     ecep:reg="would"
                     ecep:spe="would"
                     ecep:syllab="1"
                     ecep:pron="wʊd">would</w>
                  <c> </c>
                  <w xml:id="pse03-176420"
                     n="a-0950"
                     ecep:lem="not"
                     ecep:pos="xx"
                     ecep:reg="not"
                     ecep:spe="not"
                     ecep:syllab="1"
                     ecep:pron="nɒt">not</w>
                  <c> </c>
                  <w xml:id="pse03-176430"
                     n="a-0960"
                     ecep:lem="rob"
                     ecep:pos="vvi"
                     ecep:reg="rob"
                     ecep:spe="rob"
                     ecep:syllab="1"
                     ecep:pron="rɒb">rob</w>
                  <c> </c>
                  <w xml:id="pse03-176440"
                     n="a-0970"
                     ecep:lem="his"
                     ecep:pos="po31"
                     ecep:reg="his"
                     ecep:spe="his"
                     ecep:syllab="1"
                     ecep:pron="hɪz">his</w>
                  <c> </c>
                  <w xml:id="pse03-176450"
                     n="a-0980"
                     ecep:lem="fair"
                     ecep:pos="j"
                     ecep:reg="Fair"
                     ecep:spe="Fair"
                     ecep:syllab="1"
                     ecep:pron="feə">Fair</w>
                  <pc xml:id="pse03-176460"
                      n="a-0990"
                      unit="sentence"
                      ecep:lem="."
                      ecep:pos="."
                      ecep:reg="."
                      ecep:spe=".">.</pc>
                  <c> </c>
               </l>
            </lg>
            <lg xml:id="pse03-s00390">
               <l n="13" rendition="#h_3" xml:id="pse03-l09705">
                  <w xml:id="pse03-176490"
                     n="a-1000"
                     ecep:lem="let"
                     ecep:pos="vvb"
                     ecep:reg="Let"
                     ecep:spe="Let"
                     ecep:syllab="1"
                     ecep:pron="let">Let</w>
                  <c> </c>
                  <w xml:id="pse03-176500"
                     n="a-1010"
                     ecep:lem="he"
                     ecep:pos="pno31"
                     ecep:reg="him"
                     ecep:spe="him"
                     ecep:syllab="1"
                     ecep:pron="hɪm">him</w>
                  <c> </c>
                  <w xml:id="pse03-176510"
                     n="a-1020"
                     ecep:lem="pursue"
                     ecep:pos="vvi"
                     ecep:reg="pursue"
                     ecep:spe="persue"
                     ecep:syllab="2"
                     ecep:pron="pəsjˈuː">persue</w>
                  <c> </c>
                  <w xml:id="pse03-176520"
                     n="a-1030"
                     ecep:lem="his"
                     ecep:pos="po31"
                     ecep:reg="his"
                     ecep:spe="his"
                     ecep:syllab="1"
                     ecep:pron="hɪz">his</w>
                  <c> </c>
                  <w xml:id="pse03-176530"
                     n="a-1040"
                     ecep:lem="fond"
                     ecep:pos="j"
                     ecep:reg="fond"
                     ecep:spe="fond"
                     ecep:syllab="1"
                     ecep:pron="fɒnd">fond</w>
                  <c> </c>
                  <w xml:id="pse03-176540"
                     n="a-1050"
                     ecep:lem="amour"
                     ecep:pos="fw-fr"
                     ecep:reg="Amour"
                     ecep:spe="Amour"
                     ecep:syllab="2"
                     ecep:pron="əˈmʊə">Amour</w>
                  <pc xml:id="pse03-176550"
                      n="a-1060"
                      ecep:lem=","
                      ecep:pos=","
                      ecep:reg=","
                      ecep:spe=",">,</pc>
               </l>
               <l n="14" xml:id="pse03-l09710">
                  <c> </c>
                  <w xml:id="pse03-176560"
                     n="a-1070"
                     ecep:lem="grant"
                     ecep:pos="vvb"
                     ecep:reg="Grant"
                     ecep:spe="Grant"
                     ecep:syllab="1"
                     ecep:pron="grɑːnt">Grant</w>
                  <c> </c>
                  <w xml:id="pse03-176570"
                     n="a-1080"
                     ecep:lem="i"
                     ecep:pos="pns11"
                     ecep:reg="I"
                     ecep:spe="I"
                     ecep:syllab="1"
                     ecep:pron="aɪ">I</w>
                  <c> </c>
                  <w xml:id="pse03-176580"
                     n="a-1090"
                     ecep:lem="may"
                     ecep:pos="vmb"
                     ecep:reg="may"
                     ecep:spe="may"
                     ecep:syllab="1"
                     ecep:pron="meɪ">may</w>
                  <c> </c>
                  <w xml:id="pse03-176590"
                     n="a-1100"
                     ecep:lem="pity"
                     ecep:pos="vvi"
                     ecep:reg="pity"
                     ecep:spe="pity"
                     ecep:syllab="2"
                     ecep:pron="ˈpɪti">pity</w>
                  <c> </c>
                  <w xml:id="pse03-176600"
                     n="a-1110"
                     ecep:lem="those"
                     ecep:pos="d"
                     ecep:reg="those"
                     ecep:spe="those"
                     ecep:syllab="1"
                     ecep:pron="ðəʊz">those</w>
                  <pc xml:id="pse03-176610"
                      n="a-1120"
                      ecep:lem=","
                      ecep:pos=","
                      ecep:reg=","
                      ecep:spe=",">,</pc>
               </l>
               <l n="15" xml:id="pse03-l09715">
                  <c> </c>
                  <w xml:id="pse03-176620"
                     n="a-1130"
                     ecep:lem="who"
                     ecep:pos="q-crq"
                     ecep:reg="Who"
                     ecep:spe="Who"
                     ecep:syllab="1"
                     ecep:pron="huː">Who</w>
                  <c> </c>
                  <w xml:id="pse03-176630"
                     n="a-1140"
                     ecep:lem="sigh"
                     ecep:pos="n1"
                     ecep:reg="sigh"
                     ecep:spe="sigh"
                     ecep:syllab="1"
                     ecep:pron="saɪ">sigh</w>
                  <c> </c>
                  <w xml:id="pse03-176640"
                     n="a-1150"
                     ecep:lem="for"
                     ecep:pos="p-acp"
                     ecep:reg="for"
                     ecep:spe="for"
                     ecep:syllab="1"
                     ecep:pron="fɔː">for</w>
                  <c> </c>
                  <w xml:id="pse03-176650"
                     n="a-1160"
                     ecep:lem="i"
                     ecep:pos="pno11"
                     ecep:reg="me"
                     ecep:spe="me"
                     ecep:syllab="1"
                     ecep:pron="miː">me</w>
                  <c> </c>
                  <w xml:id="pse03-176660"
                     n="a-1170"
                     ecep:lem="and"
                     ecep:pos="cc"
                     ecep:reg="and"
                     ecep:spe="and"
                     ecep:syllab="1"
                     ecep:pron="ænd">and</w>
                  <c> </c>
                  <w xml:id="pse03-176670"
                     n="a-1180"
                     ecep:lem="make"
                     ecep:pos="vvb"
                     ecep:reg="make"
                     ecep:spe="make"
                     ecep:syllab="1"
                     ecep:pron="meɪk">make</w>
                  <c> </c>
                  <w xml:id="pse03-176680"
                     n="a-1190"
                     ecep:lem="he"
                     ecep:pos="pno31"
                     ecep:reg="him"
                     ecep:spe="him"
                     ecep:syllab="1"
                     ecep:pron="hɪm">him</w>
                  <c> </c>
                  <w xml:id="pse03-176690"
                     n="a-1200"
                     ecep:lem="kind"
                     ecep:pos="j"
                     ecep:reg="kind"
                     ecep:spe="kind"
                     ecep:syllab="1"
                     ecep:pron="kaɪnd">kind</w>
                  <pc xml:id="pse03-176700"
                      n="a-1210"
                      ecep:lem=";"
                      ecep:pos=";"
                      ecep:reg=";"
                      ecep:spe=";">;</pc>
               </l>
               <l n="16" xml:id="pse03-l09720">
                  <c> </c>
                  <w xml:id="pse03-176710"
                     n="a-1220"
                     ecep:lem="unto"
                     ecep:pos="p-acp"
                     ecep:reg="Unto"
                     ecep:spe="Unto"
                     ecep:syllab="2"
                     ecep:pron="ˈʌntuː">Unto</w>
                  <c> </c>
                  <w xml:id="pse03-176720"
                     n="a-1230"
                     ecep:lem="the"
                     ecep:pos="dt"
                     ecep:reg="the"
                     ecep:spe="the"
                     ecep:syllab="1"
                     ecep:pron="ðiː">the</w>
                  <c> </c>
                  <w xml:id="pse03-176730"
                     n="a-1240"
                     ecep:lem="nymph"
                     ecep:pos="n1"
                     ecep:reg="Nymph"
                     ecep:spe="Nymph"
                     ecep:syllab="1"
                     ecep:pron="nɪmf">Nymph</w>
                  <c> </c>
                  <w xml:id="pse03-176740"
                     n="a-1250"
                     ecep:lem="he|be"
                     ecep:pos="pns31|vbz"
                     ecep:reg="he's"
                     ecep:spe="he's"
                     ecep:syllab="1"
                     ecep:pron="hiːz">he's</w>
                  <c> </c>
                  <w xml:id="pse03-176750"
                     n="a-1260"
                     ecep:lem="choose"
                     ecep:pos="vvi"
                     ecep:reg="chose"
                     ecep:spe="chose"
                     ecep:syllab="1"
                     ecep:pron="tʃəʊz">chose</w>
                  <pc xml:id="pse03-176760"
                      n="a-1270"
                      unit="sentence"
                      ecep:lem="."
                      ecep:pos="."
                      ecep:reg="."
                      ecep:spe=".">.</pc>
                  <c> </c>
               </l>
            </lg>
         </div>
      </body>
   </text>
</TEI>
