<?xml version="1.0" encoding="UTF-8"?>
<?xml-model href="../tei_all.rnc" type="application/relax-ng-compact-syntax"?>
<TEI xmlns="http://www.tei-c.org/ns/1.0">
   <teiHeader>
      <fileDesc>
         <titleStmt>
            <title corresp="#txt_ChatTh1752_w0034">SENTIMENT. 1769.</title>
            <author corresp="authors.xml#aut_ChatTh1752">Thomas Chatterton</author>
            <respStmt>
               <name xml:id="AH">Alexander Huber</name>
               <resp>Editor</resp>
            </respStmt>
            <funder>
               <name type="institution" xml:id="BOD">Bodleian Libraries, University of Oxford</name>
               <address>
                  <addrLine>Broad Street</addrLine>
                  <addrLine>Oxford OX1 3BG</addrLine>
                  <addrLine>UK</addrLine>
               </address>
            </funder>
         </titleStmt>
         <publicationStmt>
            <publisher xml:id="ECPA">Eighteenth-Century Poetry Archive</publisher>
            <address>
               <addrLine>Taylor Institution Library</addrLine>
               <addrLine>St Giles'</addrLine>
               <addrLine>Oxford OX1 3NA</addrLine>
               <addrLine>UK</addrLine>
               <addrLine>
                  <email>info@eighteenthcenturypoetry.org</email>
               </addrLine>
               <addrLine>
                  <ref target="https://www.eighteenthcenturypoetry.org/">https://www.eighteenthcenturypoetry.org/</ref>
               </addrLine>
            </address>
            <pubPlace>Oxford</pubPlace>
            <availability status="restricted">
               <licence target="http://creativecommons.org/licenses/by-sa/3.0/">This work is licensed under a Creative Commons Attribution-ShareAlike 3.0 Unported License.</licence>
            </availability>
            <idno type="ESTC">T48948</idno>
            <idno type="TCP">K045459.000</idno>
         </publicationStmt>
         <sourceDesc>
            <bibl>
               <author>Chatterton, Thomas, 1752-1770.</author>
               <title>A Supplement to the Miscellanies of Thomas Chatterton</title>
               <pubPlace>London</pubPlace>
               <publisher>printed for T. Becket, in Pall-Mall; Bookseller to His Royal Highness the Prince of Wales, and Their Royal Highnesses the Princes. MDCCLXXXIV.</publisher>
               <date>1784</date>
               <biblScope>p. 34.</biblScope>
               <extent>[6],ii,88p.; 8⁰.</extent>
            </bibl>
         </sourceDesc>
      </fileDesc>
      <encodingDesc>
         <projectDesc>
            <p>This e-text is part of the Works section of the Eighteenth-Century Poetry Archive (ECPA).</p>
            <p>XML created for the Eighteenth-Century Poetry Archive (ECPA).</p>
         </projectDesc>
         <editorialDecl>
            <p>The text has been typographically modernized, but without any silent modernization of
						spelling, capitalization, or punctuation. The source of the text is given and all editorial interventions
						have been recorded in textual notes. Based on the electronic text originally produced by the TCP project, this  text has been edited to conform to the recommendations found in Level 5 of the
						Best Practices for TEI in Libraries version 4.0.0.
					</p>
         </editorialDecl>
         <classDecl>
            <taxonomy xml:id="LCNAF">
               <bibl>Library of Congress Name Authority File (<abbr>LCNAF</abbr>)</bibl>
            </taxonomy>
         </classDecl>
         <tagsDecl>
            <rendition n="linegroups indented" xml:id="lgindent" scheme="css">text-indent: 1em;</rendition>
            <rendition n="linegroups vertically spaced" xml:id="lgvspace" scheme="css">margin-bottom: 1em;</rendition>
            <rendition n="aligned centrally" xml:id="align-center" scheme="css">text-align: center;</rendition>
            <rendition n="aligned right" xml:id="align-right" scheme="css">text-align: right;</rendition>
            <rendition n="aligned left" xml:id="align-left" scheme="css">text-align: left;</rendition>
            <rendition n="inline" xml:id="inline" scheme="css">display: inline</rendition>
            <rendition n="italic" xml:id="i" scheme="css">font-style: italic;</rendition>
            <rendition n="bold" xml:id="b" scheme="css">font-weight: bold;</rendition>
         </tagsDecl>
      </encodingDesc>
   </teiHeader>
   <text>
      <body>
         <div xmlns:ecep="http://www.eighteenthcenturypoetry.org/ns"
              ana="#iamb #pentameter #blankverse"
              corresp="#txt_ChatTh1752_w0034"
              decls="#semi-normalized"
              ecep:syllab="10"
              met="-+|-+|-+|-+|-+/"
              rendition="#lgvspace"
              rhyme=""
              subtype="eceptext"
              type="poem"
              xml:id="o4198-w0130">
            <link target="authors.xml#aut_ChatTh1752" type="author"/>
            <head type="main">
               <w xmlns:ecep="http://www.eighteenthcenturypoetry.org/ns"
                  xml:id="o4198-050030"
                  n="39-a-0010"
                  ecep:lem="sentiment"
                  ecep:pos="n1"
                  ecep:reg="SENTIMENT"
                  ecep:spe="SENTIMENT"
                  ecep:syllab="3"
                  ecep:pron="ˈsentɪmənt">SENTIMENT</w>
               <pc xmlns:ecep="http://www.eighteenthcenturypoetry.org/ns"
                   xml:id="o4198-050040"
                   n="39-a-0020"
                   unit="sentence"
                   ecep:lem="."
                   ecep:pos="."
                   ecep:reg="."
                   ecep:spe=".">.</pc>
            </head>
            <head type="sub">
               <date>
                  <w xmlns:ecep="http://www.eighteenthcenturypoetry.org/ns"
                     xml:id="o4198-050070"
                     n="39-a-0030"
                     ecep:lem="1769."
                     ecep:pos="crd"
                     ecep:reg="1769."
                     ecep:spe="1769."
                     ecep:syllab="1"
                     ecep:pron="wˈɒnθˈaʊzəndsˈevənhˈʌndrədənsˈɪkstinˈaɪn">1769.</w>
                  <pc unit="sentence" xml:id="o4198-050070-eos" n="39-a-0040"/>
               </date>
            </head>
            <lg xml:id="o4198-s00235">
               <l xml:id="o4198-l02480">
                  <w xmlns:ecep="http://www.eighteenthcenturypoetry.org/ns"
                     xml:id="o4198-050100"
                     n="39-a-0050"
                     ecep:lem="since"
                     ecep:pos="p-acp"
                     ecep:reg="SINCE"
                     ecep:spe="SINCE"
                     ecep:syllab="1"
                     ecep:pron="sɪns">SINCE</w>
                  <c> </c>
                  <w xmlns:ecep="http://www.eighteenthcenturypoetry.org/ns"
                     xml:id="o4198-050110"
                     n="39-a-0060"
                     ecep:lem="we"
                     ecep:pos="pns12"
                     ecep:reg="we"
                     ecep:spe="we"
                     ecep:syllab="1"
                     ecep:pron="wiː">we</w>
                  <c> </c>
                  <w xmlns:ecep="http://www.eighteenthcenturypoetry.org/ns"
                     xml:id="o4198-050120"
                     n="39-a-0070"
                     ecep:lem="can"
                     ecep:pos="vmb"
                     ecep:reg="can"
                     ecep:spe="can"
                     ecep:syllab="1"
                     ecep:pron="kæn">can</w>
                  <c> </c>
                  <w xmlns:ecep="http://www.eighteenthcenturypoetry.org/ns"
                     xml:id="o4198-050130"
                     n="39-a-0080"
                     ecep:lem="die"
                     ecep:pos="vvi"
                     ecep:reg="die"
                     ecep:spe="die"
                     ecep:syllab="1"
                     ecep:pron="daɪ">die</w>
                  <c> </c>
                  <w xmlns:ecep="http://www.eighteenthcenturypoetry.org/ns"
                     xml:id="o4198-050140"
                     n="39-a-0090"
                     ecep:lem="but"
                     ecep:pos="cc-acp"
                     ecep:reg="but"
                     ecep:spe="but"
                     ecep:syllab="1"
                     ecep:pron="bʌt">but</w>
                  <c> </c>
                  <w xmlns:ecep="http://www.eighteenthcenturypoetry.org/ns"
                     xml:id="o4198-050150"
                     n="39-a-0100"
                     ecep:lem="once"
                     ecep:pos="a-acp"
                     ecep:reg="once"
                     ecep:spe="once"
                     ecep:syllab="1"
                     ecep:pron="wʌns">once</w>
                  <pc xmlns:ecep="http://www.eighteenthcenturypoetry.org/ns"
                      xml:id="o4198-050160"
                      n="39-a-0110"
                      ecep:lem=","
                      ecep:pos=","
                      ecep:reg=","
                      ecep:spe=",">,</pc>
                  <c> </c>
                  <w xmlns:ecep="http://www.eighteenthcenturypoetry.org/ns"
                     xml:id="o4198-050170"
                     n="39-a-0120"
                     ecep:lem="what"
                     ecep:pos="r-crq"
                     ecep:reg="what"
                     ecep:spe="what"
                     ecep:syllab="1"
                     ecep:pron="wɒt">what</w>
                  <c> </c>
                  <w xmlns:ecep="http://www.eighteenthcenturypoetry.org/ns"
                     xml:id="o4198-050180"
                     n="39-a-0130"
                     ecep:lem="matter"
                     ecep:pos="vvz"
                     ecep:reg="matters"
                     ecep:spe="matters"
                     ecep:syllab="2"
                     ecep:pron="ˈmætəz">matters</w>
                  <c> </c>
                  <w xmlns:ecep="http://www.eighteenthcenturypoetry.org/ns"
                     xml:id="o4198-050190"
                     n="39-a-0140"
                     ecep:lem="it"
                     ecep:pos="pn31"
                     ecep:reg="it"
                     ecep:spe="it"
                     ecep:syllab="1"
                     ecep:pron="ɪt">it</w>
                  <pc xmlns:ecep="http://www.eighteenthcenturypoetry.org/ns"
                      xml:id="o4198-050200"
                      n="39-a-0150"
                      ecep:lem=","
                      ecep:pos=","
                      ecep:reg=","
                      ecep:spe=",">,</pc>
               </l>
               <l xml:id="o4198-l02485">
                  <c> </c>
                  <w xmlns:ecep="http://www.eighteenthcenturypoetry.org/ns"
                     xml:id="o4198-050210"
                     n="39-a-0160"
                     ecep:lem="if"
                     ecep:pos="cs"
                     ecep:reg="If"
                     ecep:spe="If"
                     ecep:syllab="1"
                     ecep:pron="ɪf">If</w>
                  <c> </c>
                  <w xmlns:ecep="http://www.eighteenthcenturypoetry.org/ns"
                     xml:id="o4198-050220"
                     n="39-a-0170"
                     ecep:lem="rope"
                     ecep:pos="n1"
                     ecep:reg="rope"
                     ecep:spe="rope"
                     ecep:syllab="1"
                     ecep:pron="rəʊp">rope</w>
                  <c> </c>
                  <w xmlns:ecep="http://www.eighteenthcenturypoetry.org/ns"
                     xml:id="o4198-050230"
                     n="39-a-0180"
                     ecep:lem="or"
                     ecep:pos="cc"
                     ecep:reg="or"
                     ecep:spe="or"
                     ecep:syllab="1"
                     ecep:pron="ɔː">or</w>
                  <c> </c>
                  <w xmlns:ecep="http://www.eighteenthcenturypoetry.org/ns"
                     xml:id="o4198-050240"
                     n="39-a-0190"
                     ecep:lem="garter"
                     ecep:pos="n1"
                     ecep:reg="garter"
                     ecep:spe="garter"
                     ecep:syllab="2"
                     ecep:pron="ˈgɑːtə">garter</w>
                  <pc xmlns:ecep="http://www.eighteenthcenturypoetry.org/ns"
                      xml:id="o4198-050250"
                      n="39-a-0200"
                      ecep:lem=","
                      ecep:pos=","
                      ecep:reg=","
                      ecep:spe=",">,</pc>
                  <c> </c>
                  <w xmlns:ecep="http://www.eighteenthcenturypoetry.org/ns"
                     xml:id="o4198-050260"
                     n="39-a-0210"
                     ecep:lem="poison"
                     ecep:pos="n1"
                     ecep:reg="poison"
                     ecep:spe="poison"
                     ecep:syllab="2"
                     ecep:pron="ˈpɔɪzn">poison</w>
                  <pc xmlns:ecep="http://www.eighteenthcenturypoetry.org/ns"
                      xml:id="o4198-050270"
                      n="39-a-0220"
                      ecep:lem=","
                      ecep:pos=","
                      ecep:reg=","
                      ecep:spe=",">,</pc>
                  <c> </c>
                  <w xmlns:ecep="http://www.eighteenthcenturypoetry.org/ns"
                     xml:id="o4198-050280"
                     n="39-a-0230"
                     ecep:lem="pistol"
                     ecep:pos="n1"
                     ecep:reg="pistol"
                     ecep:spe="pistol"
                     ecep:syllab="2"
                     ecep:pron="ˈpɪstl">pistol</w>
                  <pc xmlns:ecep="http://www.eighteenthcenturypoetry.org/ns"
                      xml:id="o4198-050290"
                      n="39-a-0240"
                      ecep:lem=","
                      ecep:pos=","
                      ecep:reg=","
                      ecep:spe=",">,</pc>
                  <c> </c>
                  <w xmlns:ecep="http://www.eighteenthcenturypoetry.org/ns"
                     xml:id="o4198-050300"
                     n="39-a-0250"
                     ecep:lem="sword"
                     ecep:pos="n1"
                     ecep:reg="sword"
                     ecep:spe="sword"
                     ecep:syllab="1"
                     ecep:pron="sɔːd">sword</w>
                  <pc xmlns:ecep="http://www.eighteenthcenturypoetry.org/ns"
                      xml:id="o4198-050310"
                      n="39-a-0260"
                      ecep:lem=","
                      ecep:pos=","
                      ecep:reg=","
                      ecep:spe=",">,</pc>
               </l>
               <l xml:id="o4198-l02490">
                  <c> </c>
                  <w xmlns:ecep="http://www.eighteenthcenturypoetry.org/ns"
                     xml:id="o4198-050320"
                     n="39-a-0270"
                     ecep:lem="slow-wasting"
                     ecep:pos="j"
                     ecep:reg="Slow-wasting"
                     ecep:spe="Slow-wasting"
                     ecep:syllab="3"
                     ecep:pron="sləʊˌweɪstɪŋ">Slow-wasting</w>
                  <c> </c>
                  <w xmlns:ecep="http://www.eighteenthcenturypoetry.org/ns"
                     xml:id="o4198-050330"
                     n="39-a-0280"
                     ecep:lem="sickness"
                     ecep:pos="n1"
                     ecep:reg="sickness"
                     ecep:spe="sickness"
                     ecep:syllab="2"
                     ecep:pron="ˈsɪknəs">sickness</w>
                  <c> </c>
                  <w xmlns:ecep="http://www.eighteenthcenturypoetry.org/ns"
                     xml:id="o4198-050340"
                     n="39-a-0290"
                     ecep:lem="or"
                     ecep:pos="cc"
                     ecep:reg="or"
                     ecep:spe="or"
                     ecep:syllab="1"
                     ecep:pron="ɔː">or</w>
                  <c> </c>
                  <w xmlns:ecep="http://www.eighteenthcenturypoetry.org/ns"
                     xml:id="o4198-050350"
                     n="39-a-0300"
                     ecep:lem="the"
                     ecep:pos="dt"
                     ecep:reg="the"
                     ecep:spe="the"
                     ecep:syllab="1"
                     ecep:pron="ðiː">the</w>
                  <c> </c>
                  <w xmlns:ecep="http://www.eighteenthcenturypoetry.org/ns"
                     xml:id="o4198-050360"
                     n="39-a-0310"
                     ecep:lem="sudden"
                     ecep:pos="j"
                     ecep:reg="sudden"
                     ecep:spe="sudden"
                     ecep:syllab="2"
                     ecep:pron="ˈsʌdn">sudden</w>
                  <c> </c>
                  <w xmlns:ecep="http://www.eighteenthcenturypoetry.org/ns"
                     xml:id="o4198-050370"
                     n="39-a-0320"
                     ecep:lem="burst"
                     ecep:pos="n1"
                     ecep:reg="burst"
                     ecep:spe="burst"
                     ecep:syllab="1"
                     ecep:pron="bɜːst">burst</w>
               </l>
               <l xml:id="o4198-l02495">
                  <c> </c>
                  <w xmlns:ecep="http://www.eighteenthcenturypoetry.org/ns"
                     xml:id="o4198-050380"
                     n="39-a-0330"
                     ecep:lem="of"
                     ecep:pos="pp-f"
                     ecep:reg="Of"
                     ecep:spe="Of"
                     ecep:syllab="1"
                     ecep:pron="ɒv">Of</w>
                  <c> </c>
                  <w xmlns:ecep="http://www.eighteenthcenturypoetry.org/ns"
                     xml:id="o4198-050390"
                     n="39-a-0340"
                     ecep:lem="valve"
                     ecep:pos="n1"
                     ecep:reg="valve"
                     ecep:spe="valve"
                     ecep:syllab="1"
                     ecep:pron="vælv">valve</w>
                  <c> </c>
                  <w xmlns:ecep="http://www.eighteenthcenturypoetry.org/ns"
                     xml:id="o4198-050400"
                     n="39-a-0350"
                     ecep:lem="arterial"
                     ecep:pos="j"
                     ecep:reg="arterial"
                     ecep:spe="arterial"
                     ecep:syllab="4"
                     ecep:pron="ɑːˈtɪəriəl">arterial</w>
                  <c> </c>
                  <w xmlns:ecep="http://www.eighteenthcenturypoetry.org/ns"
                     xml:id="o4198-050410"
                     n="39-a-0360"
                     ecep:lem="in"
                     ecep:pos="p-acp"
                     ecep:reg="in"
                     ecep:spe="in"
                     ecep:syllab="1"
                     ecep:pron="ɪn">in</w>
                  <c> </c>
                  <w xmlns:ecep="http://www.eighteenthcenturypoetry.org/ns"
                     xml:id="o4198-050420"
                     n="39-a-0370"
                     ecep:lem="the"
                     ecep:pos="dt"
                     ecep:reg="the"
                     ecep:spe="the"
                     ecep:syllab="1"
                     ecep:pron="ðiː">the</w>
                  <c> </c>
                  <w xmlns:ecep="http://www.eighteenthcenturypoetry.org/ns"
                     xml:id="o4198-050430"
                     n="39-a-0380"
                     ecep:lem="noble"
                     ecep:pos="j"
                     ecep:reg="noble"
                     ecep:spe="noble"
                     ecep:syllab="2"
                     ecep:pron="ˈnəʊbl">noble</w>
                  <c> </c>
                  <w xmlns:ecep="http://www.eighteenthcenturypoetry.org/ns"
                     xml:id="o4198-050440"
                     n="39-a-0390"
                     ecep:lem="part"
                     ecep:pos="n2"
                     ecep:reg="parts"
                     ecep:spe="parts"
                     ecep:syllab="1"
                     ecep:pron="pɑːts">parts</w>
                  <pc xmlns:ecep="http://www.eighteenthcenturypoetry.org/ns"
                      xml:id="o4198-050450"
                      n="39-a-0400"
                      ecep:lem=","
                      ecep:pos=","
                      ecep:reg=","
                      ecep:spe=",">,</pc>
               </l>
               <l xml:id="o4198-l02500">
                  <c> </c>
                  <w xmlns:ecep="http://www.eighteenthcenturypoetry.org/ns"
                     xml:id="o4198-050460"
                     n="39-a-0410"
                     ecep:lem="curtail"
                     ecep:pos="vvb"
                     ecep:reg="Curtail"
                     ecep:spe="Curtail"
                     ecep:syllab="2"
                     ecep:pron="kɜːˈteɪl">Curtail</w>
                  <c> </c>
                  <w xmlns:ecep="http://www.eighteenthcenturypoetry.org/ns"
                     xml:id="o4198-050470"
                     n="39-a-0420"
                     ecep:lem="the"
                     ecep:pos="dt"
                     ecep:reg="the"
                     ecep:spe="the"
                     ecep:syllab="1"
                     ecep:pron="ðiː">the</w>
                  <c> </c>
                  <w xmlns:ecep="http://www.eighteenthcenturypoetry.org/ns"
                     xml:id="o4198-050480"
                     n="39-a-0430"
                     ecep:lem="misery"
                     ecep:pos="n2"
                     ecep:reg="miseries"
                     ecep:spe="miseries"
                     ecep:syllab="3"
                     ecep:pron="ˈmɪzriz">miseries</w>
                  <c> </c>
                  <w xmlns:ecep="http://www.eighteenthcenturypoetry.org/ns"
                     xml:id="o4198-050490"
                     n="39-a-0440"
                     ecep:lem="of"
                     ecep:pos="pp-f"
                     ecep:reg="of"
                     ecep:spe="of"
                     ecep:syllab="1"
                     ecep:pron="ɒv">of</w>
                  <c> </c>
                  <w xmlns:ecep="http://www.eighteenthcenturypoetry.org/ns"
                     xml:id="o4198-050500"
                     n="39-a-0450"
                     ecep:lem="human"
                     ecep:pos="j"
                     ecep:reg="human"
                     ecep:spe="human"
                     ecep:syllab="2"
                     ecep:pron="ˈhjuːmən">human</w>
                  <c> </c>
                  <w xmlns:ecep="http://www.eighteenthcenturypoetry.org/ns"
                     xml:id="o4198-050510"
                     n="39-a-0460"
                     ecep:lem="life"
                     ecep:pos="n1"
                     ecep:reg="life"
                     ecep:spe="life"
                     ecep:syllab="1"
                     ecep:pron="laɪf">life</w>
                  <pc xmlns:ecep="http://www.eighteenthcenturypoetry.org/ns"
                      xml:id="o4198-050520"
                      n="39-a-0470"
                      unit="sentence"
                      ecep:lem="?"
                      ecep:pos="?"
                      ecep:reg="?"
                      ecep:spe="?">?</pc>
                  <c> </c>
               </l>
               <l xml:id="o4198-l02505">
                  <w xmlns:ecep="http://www.eighteenthcenturypoetry.org/ns"
                     xml:id="o4198-050530"
                     n="39-a-0480"
                     ecep:lem="though"
                     ecep:pos="c-acp"
                     ecep:reg="Though"
                     ecep:spe="Tho'"
                     ecep:syllab="1"
                     ecep:pron="ðəʊ">Tho'</w>
                  <c> </c>
                  <w xmlns:ecep="http://www.eighteenthcenturypoetry.org/ns"
                     xml:id="o4198-050540"
                     n="39-a-0490"
                     ecep:lem="vary"
                     ecep:pos="vvd"
                     ecep:reg="varied"
                     ecep:spe="varied"
                     ecep:syllab="2"
                     ecep:pron="ˈveərɪd">varied</w>
                  <c> </c>
                  <w xmlns:ecep="http://www.eighteenthcenturypoetry.org/ns"
                     xml:id="o4198-050550"
                     n="39-a-0500"
                     ecep:lem="be"
                     ecep:pos="vbz"
                     ecep:reg="is"
                     ecep:spe="is"
                     ecep:syllab="1"
                     ecep:pron="ɪz">is</w>
                  <c> </c>
                  <w xmlns:ecep="http://www.eighteenthcenturypoetry.org/ns"
                     xml:id="o4198-050560"
                     n="39-a-0510"
                     ecep:lem="the"
                     ecep:pos="dt"
                     ecep:reg="the"
                     ecep:spe="the"
                     ecep:syllab="1"
                     ecep:pron="ðiː">the</w>
                  <c> </c>
                  <w xmlns:ecep="http://www.eighteenthcenturypoetry.org/ns"
                     xml:id="o4198-050570"
                     n="39-a-0520"
                     ecep:lem="cause"
                     ecep:pos="n1"
                     ecep:reg="Cause"
                     ecep:spe="Cause"
                     ecep:syllab="1"
                     ecep:pron="kɔːz">Cause</w>
                  <pc xmlns:ecep="http://www.eighteenthcenturypoetry.org/ns"
                      xml:id="o4198-050580"
                      n="39-a-0530"
                      ecep:lem=","
                      ecep:pos=","
                      ecep:reg=","
                      ecep:spe=",">,</pc>
                  <c> </c>
                  <w xmlns:ecep="http://www.eighteenthcenturypoetry.org/ns"
                     xml:id="o4198-050590"
                     n="39-a-0540"
                     ecep:lem="the"
                     ecep:pos="dt"
                     ecep:reg="the"
                     ecep:spe="the"
                     ecep:syllab="1"
                     ecep:pron="ðiː">the</w>
                  <c> </c>
                  <w xmlns:ecep="http://www.eighteenthcenturypoetry.org/ns"
                     xml:id="o4198-050600"
                     n="39-a-0550"
                     ecep:lem="effect"
                     ecep:pos="ng1"
                     ecep:reg="Effect's"
                     ecep:spe="Effect's"
                     ecep:syllab="2"
                     ecep:pron="ɪˈfektz">Effect's</w>
                  <c> </c>
                  <w xmlns:ecep="http://www.eighteenthcenturypoetry.org/ns"
                     xml:id="o4198-050610"
                     n="39-a-0560"
                     ecep:lem="the"
                     ecep:pos="dt"
                     ecep:reg="the"
                     ecep:spe="the"
                     ecep:syllab="1"
                     ecep:pron="ðiː">the</w>
                  <c> </c>
                  <w xmlns:ecep="http://www.eighteenthcenturypoetry.org/ns"
                     xml:id="o4198-050620"
                     n="39-a-0570"
                     ecep:lem="same"
                     ecep:pos="d"
                     ecep:reg="same"
                     ecep:spe="same"
                     ecep:syllab="1"
                     ecep:pron="seɪm">same</w>
                  <pc xmlns:ecep="http://www.eighteenthcenturypoetry.org/ns"
                      xml:id="o4198-050630"
                      n="39-a-0580"
                      ecep:lem=";"
                      ecep:pos=";"
                      ecep:reg=";"
                      ecep:spe=";">;</pc>
               </l>
               <l xml:id="o4198-l02510">
                  <c> </c>
                  <w xmlns:ecep="http://www.eighteenthcenturypoetry.org/ns"
                     xml:id="o4198-050640"
                     n="39-a-0590"
                     ecep:lem="all"
                     ecep:pos="d"
                     ecep:reg="All"
                     ecep:spe="All"
                     ecep:syllab="1"
                     ecep:pron="ɔːl">All</w>
                  <c> </c>
                  <w xmlns:ecep="http://www.eighteenthcenturypoetry.org/ns"
                     xml:id="o4198-050650"
                     n="39-a-0600"
                     ecep:lem="to"
                     ecep:pos="p-acp"
                     ecep:reg="to"
                     ecep:spe="to"
                     ecep:syllab="1"
                     ecep:pron="tuː">to</w>
                  <c> </c>
                  <w xmlns:ecep="http://www.eighteenthcenturypoetry.org/ns"
                     xml:id="o4198-050660"
                     n="39-a-0610"
                     ecep:lem="one"
                     ecep:pos="crd"
                     ecep:reg="one"
                     ecep:spe="one"
                     ecep:syllab="1"
                     ecep:pron="wʌn">one</w>
                  <c> </c>
                  <w xmlns:ecep="http://www.eighteenthcenturypoetry.org/ns"
                     xml:id="o4198-050670"
                     n="39-a-0620"
                     ecep:lem="common"
                     ecep:pos="j"
                     ecep:reg="common"
                     ecep:spe="common"
                     ecep:syllab="2"
                     ecep:pron="ˈkɒmən">common</w>
                  <c> </c>
                  <w xmlns:ecep="http://www.eighteenthcenturypoetry.org/ns"
                     xml:id="o4198-050680"
                     n="39-a-0630"
                     ecep:lem="dissolution"
                     ecep:pos="n1"
                     ecep:reg="Dissolution"
                     ecep:spe="Dissolution"
                     ecep:syllab="4"
                     ecep:pron="ˌdɪsəˈluːʃn">Dissolution</w>
                  <c> </c>
                  <w xmlns:ecep="http://www.eighteenthcenturypoetry.org/ns"
                     xml:id="o4198-050690"
                     n="39-a-0640"
                     ecep:lem="tend"
                     ecep:pos="vvz"
                     ecep:reg="tends"
                     ecep:spe="tends"
                     ecep:syllab="1"
                     ecep:pron="tendz">tends</w>
                  <pc xmlns:ecep="http://www.eighteenthcenturypoetry.org/ns"
                      xml:id="o4198-050700"
                      n="39-a-0650"
                      unit="sentence"
                      ecep:lem="."
                      ecep:pos="."
                      ecep:reg="."
                      ecep:spe=".">.</pc>
                  <c> </c>
               </l>
            </lg>
         </div>
      </body>
   </text>
</TEI>
