<?xml version="1.0" encoding="utf-8"?>
<!DOCTYPE div
  SYSTEM "about:legacy-compat">
<div xmlns:tei="http://www.tei-c.org/ns/1.0"
     xmlns="http://www.tei-c.org/ns/1.0"
     xmlns:ecep="http://www.eighteenthcenturypoetry.org/ns"
     ana="#anapaest #tetrameter #couplet #catalexis #comic #pair"
     corresp="#txt_MoorEd1712_w0002"
     ecep:syllab="12"
     met="--+|--+|--+|--+/"
     rendition="#lgindent"
     rhyme="aa"
     subtype="eceptext"
     type="poem"
     xml:id="o5155-w0560"
     decls="#semi-normalized">
   <link target="authors.xml#aut_MoorEd1712" type="author"/>
   <link target="25838" type="DMI"/>
   <head type="main">
      <w xml:id="o5155-553210"
         n="262-a-0010"
         ecep:lem="to"
         ecep:pos="p-acp"
         ecep:reg="To"
         ecep:spe="To"
         ecep:syllab="1"
         ecep:pron="tuː">To</w>
      <c> </c>
      <w xml:id="o5155-553220"
         n="262-a-0020"
         ecep:lem="the"
         ecep:pos="dt"
         ecep:reg="the"
         ecep:spe="the"
         ecep:syllab="1"
         ecep:pron="ðiː">the</w>
      <c> </c>
      <w xml:id="o5155-553230"
         n="262-a-0030"
         ecep:lem="right"
         ecep:pos="j-jn"
         ecep:reg="Right"
         ecep:spe="Right"
         ecep:syllab="1"
         ecep:pron="raɪt">Right</w>
      <c> </c>
      <w xml:id="o5155-553240"
         n="262-a-0040"
         ecep:lem="Hon."
         ecep:pos="np1"
         ecep:reg="Hon."
         ecep:spe="Hon."
         ecep:syllab="1"
         ecep:pron="ˈɒnrəbl">Hon.</w>
      <c> </c>
      <w xml:id="o5155-553250"
         n="262-a-0050"
         ecep:lem="HENRY"
         ecep:pos="np1"
         ecep:reg="HENRY"
         ecep:spe="HENRY"
         ecep:syllab="2"
         ecep:pron="ˈhenri">HENRY</w>
      <c> </c>
      <w xml:id="o5155-553260"
         n="262-a-0060"
         ecep:lem="Pelham"
         ecep:pos="np1"
         ecep:reg="PELHAM"
         ecep:spe="PELHAM"
         ecep:syllab="2"
         ecep:pron="ˈpeləm">PELHAM</w>
      <pc xml:id="o5155-553270"
          n="262-a-0070"
          ecep:lem=","
          ecep:pos=","
          ecep:reg=","
          ecep:spe=",">,</pc>
      <abbr>
         <c> </c>
         <w xml:id="o5155-553280"
            n="262-a-0080"
            ecep:lem="ESQ"
            ecep:pos="np1"
            ecep:reg="Esq"
            ecep:spe="Esq"
            ecep:syllab="1"
            ecep:pron="ˈesk">Esq</w>
         <pc xml:id="o5155-553290"
             n="262-a-0090"
             ecep:lem=";"
             ecep:pos=";"
             ecep:reg=";"
             ecep:spe=";">;</pc>
      </abbr>
   </head>
   <head type="sub">
      <w xml:id="o5155-553320"
         n="262-a-0100"
         ecep:lem="the"
         ecep:pos="dt"
         ecep:reg="THE"
         ecep:spe="THE"
         ecep:syllab="1"
         ecep:pron="ðiː">THE</w>
      <c> </c>
      <w xml:id="o5155-553330"
         n="262-a-0110"
         ecep:lem="humble"
         ecep:pos="j"
         ecep:reg="humble"
         ecep:spe="humble"
         ecep:syllab="2"
         ecep:pron="ˈhʌmbl">humble</w>
      <c> </c>
      <w xml:id="o5155-553340"
         n="262-a-0120"
         ecep:lem="petition"
         ecep:pos="n1"
         ecep:reg="Petition"
         ecep:spe="Petition"
         ecep:syllab="3"
         ecep:pron="pəˈtɪʃn">Petition</w>
      <c> </c>
      <w xml:id="o5155-553350"
         n="262-a-0130"
         ecep:lem="of"
         ecep:pos="pp-f"
         ecep:reg="of"
         ecep:spe="of"
         ecep:syllab="1"
         ecep:pron="ɒv">of</w>
      <c> </c>
      <w xml:id="o5155-553360"
         n="262-a-0140"
         ecep:lem="the"
         ecep:pos="dt"
         ecep:reg="the"
         ecep:spe="the"
         ecep:syllab="1"
         ecep:pron="ðiː">the</w>
      <c> </c>
      <w xml:id="o5155-553370"
         n="262-a-0150"
         ecep:lem="worshipful"
         ecep:pos="j"
         ecep:reg="worshipful"
         ecep:spe="worshipful"
         ecep:syllab="3"
         ecep:pron="ˈwɜːʃɪpfl">worshipful</w>
      <c> </c>
      <w xml:id="o5155-553380"
         n="262-a-0160"
         ecep:lem="company"
         ecep:pos="n1"
         ecep:reg="company"
         ecep:spe="company"
         ecep:syllab="3"
         ecep:pron="ˈkʌmpəni">company</w>
      <c> </c>
      <w xml:id="o5155-553390"
         n="262-a-0170"
         ecep:lem="poet"
         ecep:pos="n2"
         ecep:reg="Poets"
         ecep:spe="Poets"
         ecep:syllab="2"
         ecep:pron="ˈpəʊɪts">Poets</w>
      <c> </c>
      <w xml:id="o5155-553400"
         n="262-a-0180"
         ecep:lem="and"
         ecep:pos="cc"
         ecep:reg="and"
         ecep:spe="and"
         ecep:syllab="1"
         ecep:pron="ænd">and</w>
      <c> </c>
      <w xml:id="o5155-553410"
         n="262-a-0190"
         ecep:lem="news-writer"
         ecep:pos="n2"
         ecep:reg="News-writers"
         ecep:spe="News-writers"
         ecep:syllab="3"
         ecep:pron="njuːzˌˈraɪtəz">News-writers</w>
      <pc xml:id="o5155-553420"
          n="262-a-0200"
          ecep:lem=","
          ecep:pos=","
          ecep:reg=","
          ecep:spe=",">,</pc>
   </head>
   <opener>
      <w xml:id="o5155-553450"
         n="262-a-0210"
         ecep:lem="show"
         ecep:pos="vvz"
         ecep:reg="SHOWS"
         ecep:spe="SHEWETH"
         ecep:syllab="2"
         ecep:pron="ʃˈəʊəθ">SHEWETH</w>
      <pc xml:id="o5155-553460"
          n="262-a-0220"
          ecep:lem=","
          ecep:pos=","
          ecep:reg=","
          ecep:spe=",">,</pc>
   </opener>
   <lg xml:id="o5155-s02965">
      <l xml:id="o5155-l29290">
         <w xml:id="o5155-553490"
            n="262-a-0230"
            ecep:lem="that"
            ecep:pos="cst"
            ecep:reg="THAT"
            ecep:spe="THAT"
            ecep:syllab="1"
            ecep:pron="ðæt">THAT</w>
         <c> </c>
         <w xml:id="o5155-553500"
            n="262-a-0240"
            ecep:lem="your"
            ecep:pos="po22"
            ecep:reg="your"
            ecep:spe="your"
            ecep:syllab="1"
            ecep:pron="jɔː">your</w>
         <c> </c>
         <w xml:id="o5155-553510"
            n="262-a-0250"
            ecep:lem="honour"
            ecep:pos="ng1"
            ecep:reg="honour's"
            ecep:spe="honour's"
            ecep:syllab="2"
            ecep:pron="ˈɒnəz">honour's</w>
         <c> </c>
         <w xml:id="o5155-553520"
            n="262-a-0260"
            ecep:lem="petitioner"
            ecep:pos="n2"
            ecep:reg="petitioners"
            ecep:spe="petitioners"
            ecep:syllab="4"
            ecep:pron="pəˈtɪʃnəz">petitioners</w>
         <c> </c>
         <pc xml:id="o5155-553530"
             n="262-a-0270"
             ecep:lem="("
             ecep:pos="("
             ecep:reg="("
             ecep:spe="(">(</pc>
         <w xml:id="o5155-553540"
            n="262-a-0280"
            ecep:lem="dealer"
            ecep:pos="n2"
            ecep:reg="dealers"
            ecep:spe="dealers"
            ecep:syllab="2"
            ecep:pron="ˈdiːləz">dealers</w>
         <c> </c>
         <w xml:id="o5155-553550"
            n="262-a-0290"
            ecep:lem="in"
            ecep:pos="p-acp"
            ecep:reg="in"
            ecep:spe="in"
            ecep:syllab="1"
            ecep:pron="ɪn">in</w>
         <c> </c>
         <w xml:id="o5155-553560"
            n="262-a-0300"
            ecep:lem="rhyme"
            ecep:pos="n1"
            ecep:reg="rhyme"
            ecep:spe="rhyme"
            ecep:syllab="1"
            ecep:pron="raɪm">rhyme</w>
         <pc xml:id="o5155-553570"
             n="262-a-0310"
             ecep:lem=";"
             ecep:pos=";"
             ecep:reg=";"
             ecep:spe=";">;</pc>
      </l>
      <l xml:id="o5155-l29295">
         <w xml:id="o5155-553580"
            n="262-a-0320"
            ecep:lem="and"
            ecep:pos="cc"
            ecep:reg="And"
            ecep:spe="And"
            ecep:syllab="1"
            ecep:pron="ænd">And</w>
         <c> </c>
         <w xml:id="o5155-553590"
            n="262-a-0330"
            ecep:lem="writer"
            ecep:pos="n2"
            ecep:reg="writers"
            ecep:spe="writers"
            ecep:syllab="2"
            ecep:pron="ˈraɪtəz">writers</w>
         <c> </c>
         <w xml:id="o5155-553600"
            n="262-a-0340"
            ecep:lem="of"
            ecep:pos="pp-f"
            ecep:reg="of"
            ecep:spe="of"
            ecep:syllab="1"
            ecep:pron="ɒv">of</w>
         <c> </c>
         <w xml:id="o5155-553610"
            n="262-a-0350"
            ecep:lem="scandal"
            ecep:pos="n1"
            ecep:reg="scandal"
            ecep:spe="scandal"
            ecep:syllab="2"
            ecep:pron="ˈskændl">scandal</w>
         <pc xml:id="o5155-553620"
             n="262-a-0360"
             ecep:lem=","
             ecep:pos=","
             ecep:reg=","
             ecep:spe=",">,</pc>
         <c> </c>
         <w xml:id="o5155-553630"
            n="262-a-0370"
            ecep:lem="for"
            ecep:pos="p-acp"
            ecep:reg="for"
            ecep:spe="for"
            ecep:syllab="1"
            ecep:pron="fɔː">for</w>
         <c> </c>
         <w xml:id="o5155-553640"
            n="262-a-0380"
            ecep:lem="mend"
            ecep:pos="vvg"
            ecep:reg="mending"
            ecep:spe="mending"
            ecep:syllab="2"
            ecep:pron="ˈmendɪŋ">mending</w>
         <c> </c>
         <w xml:id="o5155-553650"
            n="262-a-0390"
            ecep:lem="the"
            ecep:pos="dt"
            ecep:reg="the"
            ecep:spe="the"
            ecep:syllab="1"
            ecep:pron="ðiː">the</w>
         <c> </c>
         <w xml:id="o5155-553660"
            n="262-a-0400"
            ecep:lem="time"
            ecep:pos="n2"
            ecep:reg="times"
            ecep:spe="times"
            ecep:syllab="1"
            ecep:pron="taɪmz">times</w>
         <pc xml:id="o5155-553670"
             n="262-a-0410"
             ecep:lem=")"
             ecep:pos=")"
             ecep:reg=")"
             ecep:spe=")">)</pc>
      </l>
      <l xml:id="o5155-l29300">
         <w xml:id="o5155-553680"
            n="262-a-0420"
            ecep:lem="by"
            ecep:pos="p-acp"
            ecep:reg="By"
            ecep:spe="By"
            ecep:syllab="1"
            ecep:pron="baɪ">By</w>
         <c> </c>
         <w xml:id="o5155-553690"
            n="262-a-0430"
            ecep:lem="loss"
            ecep:pos="n2"
            ecep:reg="losses"
            ecep:spe="losses"
            ecep:syllab="2"
            ecep:pron="ˈlɒsɪz">losses</w>
         <c> </c>
         <w xml:id="o5155-553700"
            n="262-a-0440"
            ecep:lem="in"
            ecep:pos="p-acp"
            ecep:reg="in"
            ecep:spe="in"
            ecep:syllab="1"
            ecep:pron="ɪn">in</w>
         <c> </c>
         <w xml:id="o5155-553710"
            n="262-a-0450"
            ecep:lem="business"
            ecep:pos="n1"
            ecep:reg="business"
            ecep:spe="bus'ness"
            ecep:syllab="2"
            ecep:pron="ˈbɪznəs">bus'ness</w>
         <pc xml:id="o5155-553720"
             n="262-a-0460"
             ecep:lem=","
             ecep:pos=","
             ecep:reg=","
             ecep:spe=",">,</pc>
         <c> </c>
         <w xml:id="o5155-553730"
            n="262-a-0470"
            ecep:lem="and"
            ecep:pos="cc"
            ecep:reg="and"
            ecep:spe="and"
            ecep:syllab="1"
            ecep:pron="ænd">and</w>
         <c> </c>
         <w xml:id="o5155-553740"
            n="262-a-0480"
            ecep:lem="England"
            ecep:pos="npg1"
            ecep:reg="England's"
            ecep:spe="England's"
            ecep:syllab="2"
            ecep:pron="ˈɪŋgləndz">England's</w>
         <c> </c>
         <w xml:id="o5155-553750"
            n="262-a-0490"
            ecep:lem="welldoing"
            ecep:pos="j"
            ecep:reg="welldoing"
            ecep:spe="well-doing"
            ecep:syllab="2"
            ecep:pron="ˈwelˌduːɪŋ">well-doing</w>
         <pc xml:id="o5155-553760"
             n="262-a-0500"
             ecep:lem=","
             ecep:pos=","
             ecep:reg=","
             ecep:spe=",">,</pc>
      </l>
      <l xml:id="o5155-l29305">
         <w xml:id="o5155-553770"
            n="262-a-0510"
            ecep:lem="be"
            ecep:pos="vbb"
            ecep:reg="Are"
            ecep:spe="Are"
            ecep:syllab="1"
            ecep:pron="ɑː">Are</w>
         <c> </c>
         <w xml:id="o5155-553780"
            n="262-a-0520"
            ecep:lem="sink"
            ecep:pos="vvn"
            ecep:reg="sunk"
            ecep:spe="sunk"
            ecep:syllab="1"
            ecep:pron="sʌŋk">sunk</w>
         <c> </c>
         <w xml:id="o5155-553790"
            n="262-a-0530"
            ecep:lem="in"
            ecep:pos="p-acp"
            ecep:reg="in"
            ecep:spe="in"
            ecep:syllab="1"
            ecep:pron="ɪn">in</w>
         <c> </c>
         <w xml:id="o5155-553800"
            n="262-a-0540"
            ecep:lem="their"
            ecep:pos="po32"
            ecep:reg="their"
            ecep:spe="their"
            ecep:syllab="1"
            ecep:pron="ðeə">their</w>
         <c> </c>
         <w xml:id="o5155-553810"
            n="262-a-0550"
            ecep:lem="credit"
            ecep:pos="n1"
            ecep:reg="credit"
            ecep:spe="credit"
            ecep:syllab="2"
            ecep:pron="ˈkredɪt">credit</w>
         <pc xml:id="o5155-553820"
             n="262-a-0560"
             ecep:lem=","
             ecep:pos=","
             ecep:reg=","
             ecep:spe=",">,</pc>
         <c> </c>
         <w xml:id="o5155-553830"
            n="262-a-0570"
            ecep:lem="and"
            ecep:pos="cc"
            ecep:reg="and"
            ecep:spe="and"
            ecep:syllab="1"
            ecep:pron="ænd">and</w>
         <c> </c>
         <w xml:id="o5155-553840"
            n="262-a-0580"
            ecep:lem="verge"
            ecep:pos="vvg"
            ecep:reg="verging"
            ecep:spe="verging"
            ecep:syllab="2"
            ecep:pron="ˈvɜːdʒɪŋ">verging</w>
         <c> </c>
         <w xml:id="o5155-553850"
            n="262-a-0590"
            ecep:lem="on"
            ecep:pos="p-acp"
            ecep:reg="on"
            ecep:spe="on"
            ecep:syllab="1"
            ecep:pron="ɒn">on</w>
         <c> </c>
         <w xml:id="o5155-553860"
            n="262-a-0600"
            ecep:lem="ruin"
            ecep:pos="n1"
            ecep:reg="ruin"
            ecep:spe="ruin"
            ecep:syllab="2"
            ecep:pron="ˈruːɪn">ruin</w>
         <pc xml:id="o5155-553870"
             n="262-a-0610"
             unit="sentence"
             ecep:lem="."
             ecep:pos="."
             ecep:reg="."
             ecep:spe=".">.</pc>
      </l>
   </lg>
   <lg xml:id="o5155-s02970">
      <l xml:id="o5155-l29310">
         <w xml:id="o5155-553900"
            n="262-a-0620"
            ecep:lem="that"
            ecep:pos="cst"
            ecep:reg="That"
            ecep:spe="That"
            ecep:syllab="1"
            ecep:pron="ðæt">That</w>
         <c> </c>
         <w xml:id="o5155-553910"
            n="262-a-0630"
            ecep:lem="these"
            ecep:pos="d"
            ecep:reg="these"
            ecep:spe="these"
            ecep:syllab="1"
            ecep:pron="ðiːz">these</w>
         <pc xml:id="o5155-553920"
             n="262-a-0640"
             ecep:lem=","
             ecep:pos=","
             ecep:reg=","
             ecep:spe=",">,</pc>
         <c> </c>
         <w xml:id="o5155-553930"
            n="262-a-0650"
            ecep:lem="their"
            ecep:pos="po32"
            ecep:reg="their"
            ecep:spe="their"
            ecep:syllab="1"
            ecep:pron="ðeə">their</w>
         <c> </c>
         <w xml:id="o5155-553940"
            n="262-a-0660"
            ecep:lem="misfortune"
            ecep:pos="n2"
            ecep:reg="misfortunes"
            ecep:spe="misfortunes"
            ecep:syllab="3"
            ecep:pron="mɪsˈfɔːtʃənz">misfortunes</w>
         <pc xml:id="o5155-553950"
             n="262-a-0670"
             ecep:lem=","
             ecep:pos=","
             ecep:reg=","
             ecep:spe=",">,</pc>
         <c> </c>
         <w xml:id="o5155-553960"
            n="262-a-0680"
            ecep:lem="they"
            ecep:pos="pns32"
            ecep:reg="they"
            ecep:spe="they"
            ecep:syllab="1"
            ecep:pron="ðeɪ">they</w>
         <c> </c>
         <w xml:id="o5155-553970"
            n="262-a-0690"
            ecep:lem="humble"
            ecep:pos="av-j"
            ecep:reg="humbly"
            ecep:spe="humbly"
            ecep:syllab="2"
            ecep:pron="ˈhʌmbli">humbly</w>
         <c> </c>
         <w xml:id="o5155-553980"
            n="262-a-0700"
            ecep:lem="conceive"
            ecep:pos="vvi"
            ecep:reg="conceive"
            ecep:spe="conceive"
            ecep:syllab="2"
            ecep:pron="kənˈsiːv">conceive</w>
         <pc xml:id="o5155-553990"
             n="262-a-0710"
             ecep:lem=","
             ecep:pos=","
             ecep:reg=","
             ecep:spe=",">,</pc>
      </l>
      <l xml:id="o5155-l29315">
         <w xml:id="o5155-554000"
            n="262-a-0720"
            ecep:lem="arise"
            ecep:pos="vvb"
            ecep:reg="Arise"
            ecep:spe="Arise"
            ecep:syllab="2"
            ecep:pron="əˈraɪz">Arise</w>
         <c> </c>
         <w xml:id="o5155-554010"
            n="262-a-0730"
            ecep:lem="not"
            ecep:pos="xx"
            ecep:reg="not"
            ecep:spe="not"
            ecep:syllab="1"
            ecep:pron="ˈdɪdnt">not</w>
         <c> </c>
         <w xml:id="o5155-554020"
            n="262-a-0740"
            ecep:lem="from"
            ecep:pos="p-acp"
            ecep:reg="from"
            ecep:spe="from"
            ecep:syllab="1"
            ecep:pron="frɒm">from</w>
         <c> </c>
         <w xml:id="o5155-554030"
            n="262-a-0750"
            ecep:lem="dullness"
            ecep:pos="n1"
            ecep:reg="dullness"
            ecep:spe="dulness"
            ecep:syllab="2"
            ecep:pron="ˈdʌlnəs">dulness</w>
         <pc xml:id="o5155-554040"
             n="262-a-0760"
             ecep:lem=","
             ecep:pos=","
             ecep:reg=","
             ecep:spe=",">,</pc>
         <c> </c>
         <w xml:id="o5155-554050"
            n="262-a-0770"
            ecep:lem="as"
            ecep:pos="c-acp"
            ecep:reg="as"
            ecep:spe="as"
            ecep:syllab="1"
            ecep:pron="æz">as</w>
         <c> </c>
         <w xml:id="o5155-554060"
            n="262-a-0780"
            ecep:lem="some"
            ecep:pos="d"
            ecep:reg="some"
            ecep:spe="some"
            ecep:syllab="1"
            ecep:pron="sʌm">some</w>
         <c> </c>
         <w xml:id="o5155-554070"
            n="262-a-0790"
            ecep:lem="folk"
            ecep:pos="n2"
            ecep:reg="folks"
            ecep:spe="folks"
            ecep:syllab="1"
            ecep:pron="fəʊks">folks</w>
         <c> </c>
         <w xml:id="o5155-554080"
            n="262-a-0800"
            ecep:lem="believe"
            ecep:pos="vvb"
            ecep:reg="believe"
            ecep:spe="believe"
            ecep:syllab="2"
            ecep:pron="biˈliːv">believe</w>
         <pc xml:id="o5155-554090"
             n="262-a-0810"
             ecep:lem=","
             ecep:pos=","
             ecep:reg=","
             ecep:spe=",">,</pc>
      </l>
      <l xml:id="o5155-l29320">
         <w xml:id="o5155-554100"
            n="262-a-0820"
            ecep:lem="but"
            ecep:pos="cc-acp"
            ecep:reg="But"
            ecep:spe="But"
            ecep:syllab="1"
            ecep:pron="bʌt">But</w>
         <c> </c>
         <w xml:id="o5155-554110"
            n="262-a-0830"
            ecep:lem="from"
            ecep:pos="p-acp"
            ecep:reg="from"
            ecep:spe="from"
            ecep:syllab="1"
            ecep:pron="frɒm">from</w>
         <c> </c>
         <w xml:id="o5155-554120"
            n="262-a-0840"
            ecep:lem="rub"
            ecep:pos="n2"
            ecep:reg="rubs"
            ecep:spe="rubs"
            ecep:syllab="1"
            ecep:pron="rʌbz">rubs</w>
         <c> </c>
         <w xml:id="o5155-554130"
            n="262-a-0850"
            ecep:lem="in"
            ecep:pos="p-acp"
            ecep:reg="in"
            ecep:spe="in"
            ecep:syllab="1"
            ecep:pron="ɪn">in</w>
         <c> </c>
         <w xml:id="o5155-554140"
            n="262-a-0860"
            ecep:lem="their"
            ecep:pos="po32"
            ecep:reg="their"
            ecep:spe="their"
            ecep:syllab="1"
            ecep:pron="ðeə">their</w>
         <c> </c>
         <w xml:id="o5155-554150"
            n="262-a-0870"
            ecep:lem="way"
            ecep:pos="n1"
            ecep:reg="way"
            ecep:spe="way"
            ecep:syllab="1"
            ecep:pron="weɪ">way</w>
         <pc xml:id="o5155-554160"
             n="262-a-0880"
             ecep:lem=","
             ecep:pos=","
             ecep:reg=","
             ecep:spe=",">,</pc>
         <c> </c>
         <w xml:id="o5155-554170"
            n="262-a-0890"
            ecep:lem="that"
            ecep:pos="cst"
            ecep:reg="that"
            ecep:spe="that"
            ecep:syllab="1"
            ecep:pron="ðæt">that</w>
         <c> </c>
         <w xml:id="o5155-554180"
            n="262-a-0900"
            ecep:lem="your"
            ecep:pos="po22"
            ecep:reg="your"
            ecep:spe="your"
            ecep:syllab="1"
            ecep:pron="jɔː">your</w>
         <c> </c>
         <w xml:id="o5155-554190"
            n="262-a-0910"
            ecep:lem="honour"
            ecep:pos="n1"
            ecep:reg="honour"
            ecep:spe="honour"
            ecep:syllab="2"
            ecep:pron="ˈɒnə">honour</w>
         <c> </c>
         <w xml:id="o5155-554200"
            n="262-a-0920"
            ecep:lem="have"
            ecep:pos="vhz"
            ecep:reg="has"
            ecep:spe="has"
            ecep:syllab="1"
            ecep:pron="hæz">has</w>
         <c> </c>
         <w xml:id="o5155-554210"
            n="262-a-0930"
            ecep:lem="lay"
            ecep:pos="vvn"
            ecep:reg="laid"
            ecep:spe="laid"
            ecep:syllab="1"
            ecep:pron="leɪd">laid</w>
         <pc xml:id="o5155-554220"
             n="262-a-0940"
             ecep:lem=","
             ecep:pos=","
             ecep:reg=","
             ecep:spe=",">,</pc>
      </l>
      <l xml:id="o5155-l29325">
         <w xml:id="o5155-554230"
            n="262-a-0950"
            ecep:lem="and"
            ecep:pos="cc"
            ecep:reg="And"
            ecep:spe="And"
            ecep:syllab="1"
            ecep:pron="ænd">And</w>
         <c> </c>
         <w xml:id="o5155-554240"
            n="262-a-0960"
            ecep:lem="want"
            ecep:pos="vvb"
            ecep:reg="want"
            ecep:spe="want"
            ecep:syllab="1"
            ecep:pron="wɒnt">want</w>
         <c> </c>
         <w xml:id="o5155-554250"
            n="262-a-0970"
            ecep:lem="of"
            ecep:pos="pp-f"
            ecep:reg="of"
            ecep:spe="of"
            ecep:syllab="1"
            ecep:pron="ɒv">of</w>
         <c> </c>
         <w xml:id="o5155-554260"
            n="262-a-0980"
            ecep:lem="material"
            ecep:pos="n2-jn"
            ecep:reg="materials"
            ecep:spe="materials"
            ecep:syllab="4"
            ecep:pron="məˈtɪəriəlz">materials</w>
         <c> </c>
         <w xml:id="o5155-554270"
            n="262-a-0990"
            ecep:lem="to"
            ecep:pos="pc-acp"
            ecep:reg="to"
            ecep:spe="to"
            ecep:syllab="1"
            ecep:pron="tuː">to</w>
         <c> </c>
         <w xml:id="o5155-554280"
            n="262-a-1000"
            ecep:lem="carry"
            ecep:pos="vvi"
            ecep:reg="carry"
            ecep:spe="carry"
            ecep:syllab="2"
            ecep:pron="ˈkæri">carry</w>
         <c> </c>
         <w xml:id="o5155-554290"
            n="262-a-1010"
            ecep:lem="on"
            ecep:pos="p-acp"
            ecep:reg="on"
            ecep:spe="on"
            ecep:syllab="1"
            ecep:pron="ɒn">on</w>
         <c> </c>
         <w xml:id="o5155-554300"
            n="262-a-1020"
            ecep:lem="trade"
            ecep:pos="n1"
            ecep:reg="trade"
            ecep:spe="trade"
            ecep:syllab="1"
            ecep:pron="treɪd">trade</w>
         <pc xml:id="o5155-554310"
             n="262-a-1030"
             unit="sentence"
             ecep:lem="."
             ecep:pos="."
             ecep:reg="."
             ecep:spe=".">.</pc>
      </l>
   </lg>
   <lg xml:id="o5155-s02975">
      <l xml:id="o5155-l29330">
         <w xml:id="o5155-554340"
            n="262-a-1040"
            ecep:lem="that"
            ecep:pos="cst"
            ecep:reg="That"
            ecep:spe="That"
            ecep:syllab="1"
            ecep:pron="ðæt">That</w>
         <c> </c>
         <w xml:id="o5155-554350"
            n="262-a-1050"
            ecep:lem="they"
            ecep:pos="pns32"
            ecep:reg="they"
            ecep:spe="they"
            ecep:syllab="1"
            ecep:pron="ðeɪ">they</w>
         <c> </c>
         <w xml:id="o5155-554360"
            n="262-a-1060"
            ecep:lem="always"
            ecep:pos="av"
            ecep:reg="always"
            ecep:spe="always"
            ecep:syllab="2"
            ecep:pron="ˈɔːlweɪz">always</w>
         <c> </c>
         <w xml:id="o5155-554370"
            n="262-a-1070"
            ecep:lem="have"
            ecep:pos="vhd"
            ecep:reg="had"
            ecep:spe="had"
            ecep:syllab="1"
            ecep:pron="hæd">had</w>
         <c> </c>
         <w xml:id="o5155-554380"
            n="262-a-1080"
            ecep:lem="form"
            ecep:pos="vvn"
            ecep:reg="formed"
            ecep:spe="form'd"
            ecep:syllab="1"
            ecep:pron="fɔːmd">form'd</w>
         <c> </c>
         <w xml:id="o5155-554390"
            n="262-a-1090"
            ecep:lem="high"
            ecep:pos="j"
            ecep:reg="high"
            ecep:spe="high"
            ecep:syllab="1"
            ecep:pron="haɪ">high</w>
         <c> </c>
         <w xml:id="o5155-554400"
            n="262-a-1100"
            ecep:lem="conceit"
            ecep:pos="n2"
            ecep:reg="conceits"
            ecep:spe="conceits"
            ecep:syllab="2"
            ecep:pron="kənˈsiːts">conceits</w>
         <c> </c>
         <w xml:id="o5155-554410"
            n="262-a-1110"
            ecep:lem="of"
            ecep:pos="pp-f"
            ecep:reg="of"
            ecep:spe="of"
            ecep:syllab="1"
            ecep:pron="ɒv">of</w>
         <c> </c>
         <w xml:id="o5155-554420"
            n="262-a-1120"
            ecep:lem="their"
            ecep:pos="po32"
            ecep:reg="their"
            ecep:spe="their"
            ecep:syllab="1"
            ecep:pron="ðeə">their</w>
         <c> </c>
         <w xml:id="o5155-554430"
            n="262-a-1130"
            ecep:lem="use"
            ecep:pos="n1"
            ecep:reg="use"
            ecep:spe="use"
            ecep:syllab="1"
            ecep:pron="juːz">use</w>
         <pc xml:id="o5155-554440"
             n="262-a-1140"
             ecep:lem=","
             ecep:pos=","
             ecep:reg=","
             ecep:spe=",">,</pc>
      </l>
      <l xml:id="o5155-l29335">
         <w xml:id="o5155-554450"
            n="262-a-1150"
            ecep:lem="and"
            ecep:pos="cc"
            ecep:reg="And"
            ecep:spe="And"
            ecep:syllab="1"
            ecep:pron="ænd">And</w>
         <c> </c>
         <w xml:id="o5155-554460"
            n="262-a-1160"
            ecep:lem="mean"
            ecep:pos="vvd"
            ecep:reg="meant"
            ecep:spe="meant"
            ecep:syllab="1"
            ecep:pron="ment">meant</w>
         <c> </c>
         <w xml:id="o5155-554470"
            n="262-a-1170"
            ecep:lem="their"
            ecep:pos="po32"
            ecep:reg="their"
            ecep:spe="their"
            ecep:syllab="1"
            ecep:pron="ðeə">their</w>
         <c> </c>
         <w xml:id="o5155-554480"
            n="262-a-1180"
            ecep:lem="last"
            ecep:pos="ord"
            ecep:reg="last"
            ecep:spe="last"
            ecep:syllab="1"
            ecep:pron="lɑːst">last</w>
         <c> </c>
         <w xml:id="o5155-554490"
            n="262-a-1190"
            ecep:lem="breath"
            ecep:pos="n1"
            ecep:reg="breath"
            ecep:spe="breath"
            ecep:syllab="1"
            ecep:pron="breθ">breath</w>
         <c> </c>
         <w xml:id="o5155-554500"
            n="262-a-1200"
            ecep:lem="shall"
            ecep:pos="vmd"
            ecep:reg="should"
            ecep:spe="should"
            ecep:syllab="1"
            ecep:pron="ʃʊd">should</w>
         <c> </c>
         <w xml:id="o5155-554510"
            n="262-a-1210"
            ecep:lem="go"
            ecep:pos="vvi"
            ecep:reg="go"
            ecep:spe="go"
            ecep:syllab="1"
            ecep:pron="gəʊ">go</w>
         <c> </c>
         <w xml:id="o5155-554520"
            n="262-a-1220"
            ecep:lem="out"
            ecep:pos="av"
            ecep:reg="out"
            ecep:spe="out"
            ecep:syllab="1"
            ecep:pron="aʊt">out</w>
         <c> </c>
         <w xml:id="o5155-554530"
            n="262-a-1230"
            ecep:lem="in"
            ecep:pos="p-acp"
            ecep:reg="in"
            ecep:spe="in"
            ecep:syllab="1"
            ecep:pron="ɪn">in</w>
         <c> </c>
         <w xml:id="o5155-554540"
            n="262-a-1240"
            ecep:lem="abuse"
            ecep:pos="n1"
            ecep:reg="abuse"
            ecep:spe="abuse"
            ecep:syllab="2"
            ecep:pron="əˈbjuːz">abuse</w>
         <pc xml:id="o5155-554550"
             n="262-a-1250"
             ecep:lem=";"
             ecep:pos=";"
             ecep:reg=";"
             ecep:spe=";">;</pc>
      </l>
      <l xml:id="o5155-l29340">
         <w xml:id="o5155-554560"
            n="262-a-1260"
            ecep:lem="but"
            ecep:pos="cc-acp"
            ecep:reg="But"
            ecep:spe="But"
            ecep:syllab="1"
            ecep:pron="bʌt">But</w>
         <c> </c>
         <w xml:id="o5155-554570"
            n="262-a-1270"
            ecep:lem="now"
            ecep:pos="av"
            ecep:reg="now"
            ecep:spe="now"
            ecep:syllab="1"
            ecep:pron="naʊ">now</w>
         <c> </c>
         <pc xml:id="o5155-554580"
             n="262-a-1280"
             ecep:lem="("
             ecep:pos="("
             ecep:reg="("
             ecep:spe="(">(</pc>
         <w xml:id="o5155-554590"
            n="262-a-1290"
            ecep:lem="and"
            ecep:pos="cc"
            ecep:reg="and"
            ecep:spe="and"
            ecep:syllab="1"
            ecep:pron="ænd">and</w>
         <c> </c>
         <w xml:id="o5155-554600"
            n="262-a-1300"
            ecep:lem="they"
            ecep:pos="pns32"
            ecep:reg="they"
            ecep:spe="they"
            ecep:syllab="1"
            ecep:pron="ðeɪ">they</w>
         <c> </c>
         <w xml:id="o5155-554610"
            n="262-a-1310"
            ecep:lem="speak"
            ecep:pos="vvb"
            ecep:reg="speak"
            ecep:spe="speak"
            ecep:syllab="1"
            ecep:pron="spiːk">speak</w>
         <c> </c>
         <w xml:id="o5155-554620"
            n="262-a-1320"
            ecep:lem="it"
            ecep:pos="pn31"
            ecep:reg="it"
            ecep:spe="it"
            ecep:syllab="1"
            ecep:pron="ɪt">it</w>
         <c> </c>
         <w xml:id="o5155-554630"
            n="262-a-1330"
            ecep:lem="with"
            ecep:pos="p-acp"
            ecep:reg="with"
            ecep:spe="with"
            ecep:syllab="1"
            ecep:pron="wɪð">with</w>
         <c> </c>
         <w xml:id="o5155-554640"
            n="262-a-1340"
            ecep:lem="sorrow"
            ecep:pos="n1"
            ecep:reg="sorrow"
            ecep:spe="sorrow"
            ecep:syllab="2"
            ecep:pron="ˈsɒrəʊ">sorrow</w>
         <c> </c>
         <w xml:id="o5155-554650"
            n="262-a-1350"
            ecep:lem="and"
            ecep:pos="cc"
            ecep:reg="and"
            ecep:spe="and"
            ecep:syllab="1"
            ecep:pron="ænd">and</w>
         <c> </c>
         <w xml:id="o5155-554660"
            n="262-a-1360"
            ecep:lem="tear"
            ecep:pos="n2"
            ecep:reg="tears"
            ecep:spe="tears"
            ecep:syllab="1"
            ecep:pron="tɪəz">tears</w>
         <pc xml:id="o5155-554670"
             n="262-a-1370"
             ecep:lem=")"
             ecep:pos=")"
             ecep:reg=")"
             ecep:spe=")">)</pc>
      </l>
      <l xml:id="o5155-l29345">
         <w xml:id="o5155-554680"
            n="262-a-1380"
            ecep:lem="since"
            ecep:pos="p-acp"
            ecep:reg="Since"
            ecep:spe="Since"
            ecep:syllab="1"
            ecep:pron="sɪns">Since</w>
         <c> </c>
         <w xml:id="o5155-554690"
            n="262-a-1390"
            ecep:lem="your"
            ecep:pos="po22"
            ecep:reg="your"
            ecep:spe="your"
            ecep:syllab="1"
            ecep:pron="jɔː">your</w>
         <c> </c>
         <w xml:id="o5155-554700"
            n="262-a-1400"
            ecep:lem="honour"
            ecep:pos="n1"
            ecep:reg="honour"
            ecep:spe="honour"
            ecep:syllab="2"
            ecep:pron="ˈɒnə">honour</w>
         <c> </c>
         <w xml:id="o5155-554710"
            n="262-a-1410"
            ecep:lem="have"
            ecep:pos="vhz"
            ecep:reg="has"
            ecep:spe="has"
            ecep:syllab="1"
            ecep:pron="hæz">has</w>
         <c> </c>
         <w xml:id="o5155-554720"
            n="262-a-1420"
            ecep:lem="sit"
            ecep:pos="vvn"
            ecep:reg="sat"
            ecep:spe="sate"
            ecep:syllab="1"
            ecep:pron="seɪt">sate</w>
         <c> </c>
         <w xml:id="o5155-554730"
            n="262-a-1430"
            ecep:lem="at"
            ecep:pos="p-acp"
            ecep:reg="at"
            ecep:spe="at"
            ecep:syllab="1"
            ecep:pron="æt">at</w>
         <c> </c>
         <w xml:id="o5155-554740"
            n="262-a-1440"
            ecep:lem="the"
            ecep:pos="dt"
            ecep:reg="the"
            ecep:spe="the"
            ecep:syllab="1"
            ecep:pron="ðiː">the</w>
         <c> </c>
         <w xml:id="o5155-554750"
            n="262-a-1450"
            ecep:lem="helm"
            ecep:pos="n1"
            ecep:reg="helm"
            ecep:spe="helm"
            ecep:syllab="1"
            ecep:pron="helm">helm</w>
         <c> </c>
         <w xml:id="o5155-554760"
            n="262-a-1460"
            ecep:lem="of"
            ecep:pos="pp-f"
            ecep:reg="of"
            ecep:spe="of"
            ecep:syllab="1"
            ecep:pron="ɒv">of</w>
         <c> </c>
         <w xml:id="o5155-554770"
            n="262-a-1470"
            ecep:lem="affair"
            ecep:pos="n2"
            ecep:reg="affairs"
            ecep:spe="affairs"
            ecep:syllab="2"
            ecep:pron="əˈfeəz">affairs</w>
         <pc xml:id="o5155-554780"
             n="262-a-1480"
             ecep:lem=","
             ecep:pos=","
             ecep:reg=","
             ecep:spe=",">,</pc>
      </l>
      <l xml:id="o5155-l29350">
         <w xml:id="o5155-554790"
            n="262-a-1490"
            ecep:lem="no"
            ecep:pos="dx"
            ecep:reg="No"
            ecep:spe="No"
            ecep:syllab="1"
            ecep:pron="nəʊ">No</w>
         <c> </c>
         <w xml:id="o5155-554800"
            n="262-a-1500"
            ecep:lem="party"
            ecep:pos="n1"
            ecep:reg="party"
            ecep:spe="party"
            ecep:syllab="2"
            ecep:pron="ˈpɑːti">party</w>
         <c> </c>
         <w xml:id="o5155-554810"
            n="262-a-1510"
            ecep:lem="will"
            ecep:pos="vmb"
            ecep:reg="will"
            ecep:spe="will"
            ecep:syllab="1"
            ecep:pron="wɪl">will</w>
         <c> </c>
         <w xml:id="o5155-554820"
            n="262-a-1520"
            ecep:lem="join"
            ecep:pos="vvi"
            ecep:reg="join"
            ecep:spe="join"
            ecep:syllab="1"
            ecep:pron="dʒɔɪn">join</w>
         <c> </c>
         <w xml:id="o5155-554830"
            n="262-a-1530"
            ecep:lem="they"
            ecep:pos="pno32"
            ecep:reg="them"
            ecep:spe="'em"
            ecep:syllab="1"
            ecep:pron="əm">'em</w>
         <pc xml:id="o5155-554840"
             n="262-a-1540"
             ecep:lem=","
             ecep:pos=","
             ecep:reg=","
             ecep:spe=",">,</pc>
         <c> </c>
         <w xml:id="o5155-554850"
            n="262-a-1550"
            ecep:lem="no"
            ecep:pos="dx"
            ecep:reg="no"
            ecep:spe="no"
            ecep:syllab="1"
            ecep:pron="nəʊ">no</w>
         <c> </c>
         <w xml:id="o5155-554860"
            n="262-a-1560"
            ecep:lem="faction"
            ecep:pos="n1"
            ecep:reg="faction"
            ecep:spe="faction"
            ecep:syllab="2"
            ecep:pron="ˈfækʃn">faction</w>
         <c> </c>
         <w xml:id="o5155-554870"
            n="262-a-1570"
            ecep:lem="invite"
            ecep:pos="vvi"
            ecep:reg="invite"
            ecep:spe="invite"
            ecep:syllab="2"
            ecep:pron="ˈɪnvaɪt">invite</w>
      </l>
      <l xml:id="o5155-l29355">
         <w xml:id="o5155-554880"
            n="262-a-1580"
            ecep:lem="to"
            ecep:pos="pc-acp"
            ecep:reg="To"
            ecep:spe="To"
            ecep:syllab="1"
            ecep:pron="tuː">To</w>
         <c> </c>
         <w xml:id="o5155-554890"
            n="262-a-1590"
            ecep:lem="heed"
            ecep:pos="vvi"
            ecep:reg="heed"
            ecep:spe="heed"
            ecep:syllab="1"
            ecep:pron="hiːd">heed</w>
         <c> </c>
         <w xml:id="o5155-554900"
            n="262-a-1600"
            ecep:lem="what"
            ecep:pos="r-crq"
            ecep:reg="what"
            ecep:spe="what"
            ecep:syllab="1"
            ecep:pron="wɒt">what</w>
         <c> </c>
         <w xml:id="o5155-554910"
            n="262-a-1610"
            ecep:lem="they"
            ecep:pos="pns32"
            ecep:reg="they"
            ecep:spe="they"
            ecep:syllab="1"
            ecep:pron="ðeɪ">they</w>
         <c> </c>
         <w xml:id="o5155-554920"
            n="262-a-1620"
            ecep:lem="say"
            ecep:pos="vvb"
            ecep:reg="say"
            ecep:spe="say"
            ecep:syllab="1"
            ecep:pron="seɪ">say</w>
         <pc xml:id="o5155-554930"
             n="262-a-1630"
             ecep:lem=","
             ecep:pos=","
             ecep:reg=","
             ecep:spe=",">,</pc>
         <c> </c>
         <w xml:id="o5155-554940"
            n="262-a-1640"
            ecep:lem="or"
            ecep:pos="cc"
            ecep:reg="or"
            ecep:spe="or"
            ecep:syllab="1"
            ecep:pron="ɔː">or</w>
         <c> </c>
         <w xml:id="o5155-554950"
            n="262-a-1650"
            ecep:lem="to"
            ecep:pos="pc-acp"
            ecep:reg="to"
            ecep:spe="to"
            ecep:syllab="1"
            ecep:pron="tuː">to</w>
         <c> </c>
         <w xml:id="o5155-554960"
            n="262-a-1660"
            ecep:lem="read"
            ecep:pos="vvi"
            ecep:reg="read"
            ecep:spe="read"
            ecep:syllab="1"
            ecep:pron="riːd">read</w>
         <c> </c>
         <w xml:id="o5155-554970"
            n="262-a-1670"
            ecep:lem="what"
            ecep:pos="r-crq"
            ecep:reg="what"
            ecep:spe="what"
            ecep:syllab="1"
            ecep:pron="wɒt">what</w>
         <c> </c>
         <w xml:id="o5155-554980"
            n="262-a-1680"
            ecep:lem="they"
            ecep:pos="pns32"
            ecep:reg="they"
            ecep:spe="they"
            ecep:syllab="1"
            ecep:pron="ðeɪ">they</w>
         <c> </c>
         <w xml:id="o5155-554990"
            n="262-a-1690"
            ecep:lem="write"
            ecep:pos="vvb"
            ecep:reg="write"
            ecep:spe="write"
            ecep:syllab="1"
            ecep:pron="raɪt">write</w>
         <pc xml:id="o5155-555000"
             n="262-a-1700"
             ecep:lem=";"
             ecep:pos=";"
             ecep:reg=";"
             ecep:spe=";">;</pc>
      </l>
      <l xml:id="o5155-l29360">
         <w xml:id="o5155-555010"
            n="262-a-1710"
            ecep:lem="sedition"
            ecep:pos="n1"
            ecep:reg="Sedition"
            ecep:spe="Sedition"
            ecep:syllab="3"
            ecep:pron="sɪˈdɪʃn">Sedition</w>
         <pc xml:id="o5155-555020"
             n="262-a-1720"
             ecep:lem=","
             ecep:pos=","
             ecep:reg=","
             ecep:spe=",">,</pc>
         <c> </c>
         <w xml:id="o5155-555030"
            n="262-a-1730"
            ecep:lem="and"
            ecep:pos="cc"
            ecep:reg="and"
            ecep:spe="and"
            ecep:syllab="1"
            ecep:pron="ænd">and</w>
         <c> </c>
         <w xml:id="o5155-555040"
            n="262-a-1740"
            ecep:lem="tumult"
            ecep:pos="n1"
            ecep:reg="Tumult"
            ecep:spe="Tumult"
            ecep:syllab="2"
            ecep:pron="ˈtjuːmʌlt">Tumult</w>
         <pc xml:id="o5155-555050"
             n="262-a-1750"
             ecep:lem=","
             ecep:pos=","
             ecep:reg=","
             ecep:spe=",">,</pc>
         <c> </c>
         <w xml:id="o5155-555060"
            n="262-a-1760"
            ecep:lem="and"
            ecep:pos="cc"
            ecep:reg="and"
            ecep:spe="and"
            ecep:syllab="1"
            ecep:pron="ænd">and</w>
         <c> </c>
         <w xml:id="o5155-555070"
            n="262-a-1770"
            ecep:lem="discord"
            ecep:pos="n1"
            ecep:reg="Discord"
            ecep:spe="Discord"
            ecep:syllab="2"
            ecep:pron="ˈdɪskɔːd">Discord</w>
         <c> </c>
         <w xml:id="o5155-555080"
            n="262-a-1780"
            ecep:lem="be"
            ecep:pos="vbr"
            ecep:reg="are"
            ecep:spe="are"
            ecep:syllab="1"
            ecep:pron="ɑː">are</w>
         <c> </c>
         <w xml:id="o5155-555090"
            n="262-a-1790"
            ecep:lem="flee"
            ecep:pos="vvn"
            ecep:reg="fled"
            ecep:spe="fled"
            ecep:syllab="1"
            ecep:pron="fled">fled</w>
         <pc xml:id="o5155-555100"
             n="262-a-1800"
             ecep:lem=","
             ecep:pos=","
             ecep:reg=","
             ecep:spe=",">,</pc>
      </l>
      <l xml:id="o5155-l29365">
         <w xml:id="o5155-555110"
            n="262-a-1810"
            ecep:lem="and"
            ecep:pos="cc"
            ecep:reg="And"
            ecep:spe="And"
            ecep:syllab="1"
            ecep:pron="ænd">And</w>
         <c> </c>
         <w xml:id="o5155-555120"
            n="262-a-1820"
            ecep:lem="slander"
            ecep:pos="vvi"
            ecep:reg="Slander"
            ecep:spe="Slander"
            ecep:syllab="2"
            ecep:pron="ˈslɑːndə">Slander</w>
         <c> </c>
         <w xml:id="o5155-555130"
            n="262-a-1830"
            ecep:lem="scarce"
            ecep:pos="av-j"
            ecep:reg="scarce"
            ecep:spe="scarce"
            ecep:syllab="1"
            ecep:pron="skeəs">scarce</w>
         <c> </c>
         <w xml:id="o5155-555140"
            n="262-a-1840"
            ecep:lem="venture"
            ecep:pos="vvz"
            ecep:reg="ventures"
            ecep:spe="ventures"
            ecep:syllab="2"
            ecep:pron="ˈventʃəz">ventures</w>
         <c> </c>
         <w xml:id="o5155-555150"
            n="262-a-1850"
            ecep:lem="to"
            ecep:pos="pc-acp"
            ecep:reg="to"
            ecep:spe="to"
            ecep:syllab="1"
            ecep:pron="tuː">to</w>
         <c> </c>
         <w xml:id="o5155-555160"
            n="262-a-1860"
            ecep:lem="lift"
            ecep:pos="vvi"
            ecep:reg="lift"
            ecep:spe="lift"
            ecep:syllab="1"
            ecep:pron="lɪft">lift</w>
         <c> </c>
         <w xml:id="o5155-555170"
            n="262-a-1870"
            ecep:lem="up"
            ecep:pos="a-acp"
            ecep:reg="up"
            ecep:spe="up"
            ecep:syllab="1"
            ecep:pron="ʌp">up</w>
         <c> </c>
         <w xml:id="o5155-555180"
            n="262-a-1880"
            ecep:lem="her"
            ecep:pos="po31"
            ecep:reg="her"
            ecep:spe="her"
            ecep:syllab="1"
            ecep:pron="hɜː">her</w>
         <c> </c>
         <w xml:id="o5155-555190"
            n="262-a-1890"
            ecep:lem="head"
            ecep:pos="n1"
            ecep:reg="head"
            ecep:spe="head"
            ecep:syllab="1"
            ecep:pron="hed">head</w>
         <c> </c>
         <pc xml:id="o5155-555200"
             n="262-a-1900"
             ecep:lem="—"
             ecep:pos="—"
             ecep:reg="—"
             ecep:spe="—">—</pc>
      </l>
      <l xml:id="o5155-l29370">
         <w xml:id="o5155-555210"
            n="262-a-1910"
            ecep:lem="in"
            ecep:pos="p-acp"
            ecep:reg="In"
            ecep:spe="In"
            ecep:syllab="1"
            ecep:pron="ɪn">In</w>
         <c> </c>
         <w xml:id="o5155-555220"
            n="262-a-1920"
            ecep:lem="short"
            ecep:pos="j"
            ecep:reg="short"
            ecep:spe="short"
            ecep:syllab="1"
            ecep:pron="ʃɔːt">short</w>
         <pc xml:id="o5155-555230"
             n="262-a-1930"
             ecep:lem=","
             ecep:pos=","
             ecep:reg=","
             ecep:spe=",">,</pc>
         <c> </c>
         <w xml:id="o5155-555240"
            n="262-a-1940"
            ecep:lem="public"
            ecep:pos="j"
            ecep:reg="public"
            ecep:spe="publick"
            ecep:syllab="2"
            ecep:pron="ˈpʌblɪk">publick</w>
         <c> </c>
         <w xml:id="o5155-555250"
            n="262-a-1950"
            ecep:lem="business"
            ecep:pos="n1"
            ecep:reg="business"
            ecep:spe="bus'ness"
            ecep:syllab="2"
            ecep:pron="ˈbɪznəs">bus'ness</w>
         <c> </c>
         <w xml:id="o5155-555260"
            n="262-a-1960"
            ecep:lem="be"
            ecep:pos="vbz"
            ecep:reg="is"
            ecep:spe="is"
            ecep:syllab="1"
            ecep:pron="ɪz">is</w>
         <c> </c>
         <w xml:id="o5155-555270"
            n="262-a-1970"
            ecep:lem="so"
            ecep:pos="av"
            ecep:reg="so"
            ecep:spe="so"
            ecep:syllab="1"
            ecep:pron="səʊ">so</w>
         <c> </c>
         <w xml:id="o5155-555280"
            n="262-a-1980"
            ecep:lem="carry"
            ecep:pos="vvn"
            ecep:reg="carried"
            ecep:spe="carry'd"
            ecep:syllab="2"
            ecep:pron="ˈkærid">carry'd</w>
         <c> </c>
         <w xml:id="o5155-555290"
            n="262-a-1990"
            ecep:lem="on"
            ecep:pos="a-acp"
            ecep:reg="on"
            ecep:spe="on"
            ecep:syllab="1"
            ecep:pron="ɒn">on</w>
         <pc xml:id="o5155-555300"
             n="262-a-2000"
             ecep:lem=","
             ecep:pos=","
             ecep:reg=","
             ecep:spe=",">,</pc>
      </l>
      <l xml:id="o5155-l29375">
         <w xml:id="o5155-555310"
            n="262-a-2010"
            ecep:lem="that"
            ecep:pos="cst"
            ecep:reg="That"
            ecep:spe="That"
            ecep:syllab="1"
            ecep:pron="ðæt">That</w>
         <c> </c>
         <w xml:id="o5155-555320"
            n="262-a-2020"
            ecep:lem="their"
            ecep:pos="po32"
            ecep:reg="their"
            ecep:spe="their"
            ecep:syllab="1"
            ecep:pron="ðeə">their</w>
         <c> </c>
         <w xml:id="o5155-555330"
            n="262-a-2030"
            ecep:lem="country"
            ecep:pos="n1"
            ecep:reg="country"
            ecep:spe="country"
            ecep:syllab="2"
            ecep:pron="ˈkʌntri">country</w>
         <c> </c>
         <w xml:id="o5155-555340"
            n="262-a-2040"
            ecep:lem="be"
            ecep:pos="vbz"
            ecep:reg="is"
            ecep:spe="is"
            ecep:syllab="1"
            ecep:pron="ɪz">is</w>
         <c> </c>
         <w xml:id="o5155-555350"
            n="262-a-2050"
            ecep:lem="save"
            ecep:pos="vvd"
            ecep:reg="saved"
            ecep:spe="sav'd"
            ecep:syllab="1"
            ecep:pron="seɪvd">sav'd</w>
         <pc xml:id="o5155-555360"
             n="262-a-2060"
             ecep:lem=","
             ecep:pos=","
             ecep:reg=","
             ecep:spe=",">,</pc>
         <c> </c>
         <w xml:id="o5155-555370"
            n="262-a-2070"
            ecep:lem="and"
            ecep:pos="cc"
            ecep:reg="and"
            ecep:spe="and"
            ecep:syllab="1"
            ecep:pron="ænd">and</w>
         <c> </c>
         <w xml:id="o5155-555380"
            n="262-a-2080"
            ecep:lem="the"
            ecep:pos="dt"
            ecep:reg="the"
            ecep:spe="the"
            ecep:syllab="1"
            ecep:pron="ðiː">the</w>
         <c> </c>
         <w xml:id="o5155-555390"
            n="262-a-2090"
            ecep:lem="patriot"
            ecep:pos="n2"
            ecep:reg="patriots"
            ecep:spe="patriots"
            ecep:syllab="3"
            ecep:pron="ˈpætriəts">patriots</w>
         <c> </c>
         <w xml:id="o5155-555400"
            n="262-a-2100"
            ecep:lem="undo"
            ecep:pos="vvn"
            ecep:reg="undone"
            ecep:spe="undone"
            ecep:syllab="2"
            ecep:pron="ˌʌnˈdʌn">undone</w>
         <pc xml:id="o5155-555410"
             n="262-a-2110"
             unit="sentence"
             ecep:lem="."
             ecep:pos="."
             ecep:reg="."
             ecep:spe=".">.</pc>
      </l>
   </lg>
   <pb facs="o5155/0266_R" n="261" rend="none"/>
   <lg xml:id="o5155-s02980">
      <l xml:id="o5155-l29380">
         <w xml:id="o5155-555440"
            n="263-a-0010"
            ecep:lem="to"
            ecep:pos="p-acp"
            ecep:reg="To"
            ecep:spe="To"
            ecep:syllab="1"
            ecep:pron="tuː">To</w>
         <c> </c>
         <w xml:id="o5155-555450"
            n="263-a-0020"
            ecep:lem="perplex"
            ecep:pos="vvi"
            ecep:reg="perplex"
            ecep:spe="perplex"
            ecep:syllab="2"
            ecep:pron="pəˈpleks">perplex</w>
         <c> </c>
         <w xml:id="o5155-555460"
            n="263-a-0030"
            ecep:lem="they"
            ecep:pos="pno32"
            ecep:reg="them"
            ecep:spe="'em"
            ecep:syllab="1"
            ecep:pron="əm">'em</w>
         <c> </c>
         <w xml:id="o5155-555470"
            n="263-a-0040"
            ecep:lem="still"
            ecep:pos="av"
            ecep:reg="still"
            ecep:spe="still"
            ecep:syllab="1"
            ecep:pron="stɪl">still</w>
         <c> </c>
         <w xml:id="o5155-555480"
            n="263-a-0050"
            ecep:lem="more"
            ecep:pos="av-dc"
            ecep:reg="more"
            ecep:spe="more"
            ecep:syllab="1"
            ecep:pron="mɔː">more</w>
         <pc xml:id="o5155-555490"
             n="263-a-0060"
             ecep:lem=","
             ecep:pos=","
             ecep:reg=","
             ecep:spe=",">,</pc>
         <c> </c>
         <w xml:id="o5155-555500"
            n="263-a-0070"
            ecep:lem="and"
            ecep:pos="cc"
            ecep:reg="and"
            ecep:spe="and"
            ecep:syllab="1"
            ecep:pron="ænd">and</w>
         <c> </c>
         <w xml:id="o5155-555510"
            n="263-a-0080"
            ecep:lem="sure"
            ecep:pos="j"
            ecep:reg="sure"
            ecep:spe="sure"
            ecep:syllab="1"
            ecep:pron="ʃɔː">sure</w>
         <c> </c>
         <w xml:id="o5155-555520"
            n="263-a-0090"
            ecep:lem="famine"
            ecep:pos="n1"
            ecep:reg="famine"
            ecep:spe="famine"
            ecep:syllab="2"
            ecep:pron="ˈfæmɪn">famine</w>
         <c> </c>
         <w xml:id="o5155-555530"
            n="263-a-0100"
            ecep:lem="to"
            ecep:pos="pc-acp"
            ecep:reg="to"
            ecep:spe="to"
            ecep:syllab="1"
            ecep:pron="tuː">to</w>
         <c> </c>
         <w xml:id="o5155-555540"
            n="263-a-0110"
            ecep:lem="bring"
            ecep:pos="vvi"
            ecep:reg="bring"
            ecep:spe="bring"
            ecep:syllab="1"
            ecep:pron="brɪŋ">bring</w>
      </l>
      <l xml:id="o5155-l29385">
         <pc xml:id="o5155-555550"
             n="263-a-0120"
             ecep:lem="("
             ecep:pos="("
             ecep:reg="("
             ecep:spe="(">(</pc>
         <w xml:id="o5155-555560"
            n="263-a-0130"
            ecep:lem="now"
            ecep:pos="av"
            ecep:reg="Now"
            ecep:spe="Now"
            ecep:syllab="1"
            ecep:pron="naʊ">Now</w>
         <c> </c>
         <w xml:id="o5155-555570"
            n="263-a-0140"
            ecep:lem="satire"
            ecep:pos="n1"
            ecep:reg="satire"
            ecep:spe="satire"
            ecep:syllab="3"
            ecep:pron="ˈsætaɪə">satire</w>
         <c> </c>
         <w xml:id="o5155-555580"
            n="263-a-0150"
            ecep:lem="have"
            ecep:pos="vhz"
            ecep:reg="has"
            ecep:spe="has"
            ecep:syllab="1"
            ecep:pron="hæz">has</w>
         <c> </c>
         <w xml:id="o5155-555590"
            n="263-a-0160"
            ecep:lem="lose"
            ecep:pos="vvn"
            ecep:reg="lost"
            ecep:spe="lost"
            ecep:syllab="1"
            ecep:pron="lɒst">lost</w>
         <c> </c>
         <w xml:id="o5155-555600"
            n="263-a-0170"
            ecep:lem="both"
            ecep:pos="d"
            ecep:reg="both"
            ecep:spe="both"
            ecep:syllab="1"
            ecep:pron="bəʊθ">both</w>
         <c> </c>
         <w xml:id="o5155-555610"
            n="263-a-0180"
            ecep:lem="its"
            ecep:pos="po31"
            ecep:reg="its"
            ecep:spe="its"
            ecep:syllab="1"
            ecep:pron="ɪts">its</w>
         <c> </c>
         <w xml:id="o5155-555620"
            n="263-a-0190"
            ecep:lem="truth"
            ecep:pos="n1"
            ecep:reg="truth"
            ecep:spe="truth"
            ecep:syllab="1"
            ecep:pron="truːθ">truth</w>
         <c> </c>
         <w xml:id="o5155-555630"
            n="263-a-0200"
            ecep:lem="and"
            ecep:pos="cc"
            ecep:reg="and"
            ecep:spe="and"
            ecep:syllab="1"
            ecep:pron="ænd">and</w>
         <c> </c>
         <w xml:id="o5155-555640"
            n="263-a-0210"
            ecep:lem="its"
            ecep:pos="po31"
            ecep:reg="its"
            ecep:spe="its"
            ecep:syllab="1"
            ecep:pron="ɪts">its</w>
         <c> </c>
         <w xml:id="o5155-555650"
            n="263-a-0220"
            ecep:lem="sting"
            ecep:pos="n1"
            ecep:reg="sting"
            ecep:spe="sting"
            ecep:syllab="1"
            ecep:pron="stɪŋ">sting</w>
         <pc xml:id="o5155-555660"
             n="263-a-0230"
             ecep:lem=")"
             ecep:pos=")"
             ecep:reg=")"
             ecep:spe=")">)</pc>
      </l>
      <l xml:id="o5155-l29390">
         <w xml:id="o5155-555670"
            n="263-a-0240"
            ecep:lem="if"
            ecep:pos="cs"
            ecep:reg="If"
            ecep:spe="If"
            ecep:syllab="1"
            ecep:pron="ɪf">If</w>
         <pc xml:id="o5155-555680"
             n="263-a-0250"
             ecep:lem=","
             ecep:pos=","
             ecep:reg=","
             ecep:spe=",">,</pc>
         <c> </c>
         <w xml:id="o5155-555690"
            n="263-a-0260"
            ecep:lem="in"
            ecep:pos="p-acp"
            ecep:reg="in"
            ecep:spe="in"
            ecep:syllab="1"
            ecep:pron="ɪn">in</w>
         <c> </c>
         <w xml:id="o5155-555700"
            n="263-a-0270"
            ecep:lem="spite"
            ecep:pos="n1"
            ecep:reg="spite"
            ecep:spe="spite"
            ecep:syllab="1"
            ecep:pron="spaɪt">spite</w>
         <c> </c>
         <w xml:id="o5155-555710"
            n="263-a-0280"
            ecep:lem="of"
            ecep:pos="pp-f"
            ecep:reg="of"
            ecep:spe="of"
            ecep:syllab="1"
            ecep:pron="ɒv">of</w>
         <c> </c>
         <w xml:id="o5155-555720"
            n="263-a-0290"
            ecep:lem="their"
            ecep:pos="po32"
            ecep:reg="their"
            ecep:spe="their"
            ecep:syllab="1"
            ecep:pron="ðeə">their</w>
         <c> </c>
         <w xml:id="o5155-555730"
            n="263-a-0300"
            ecep:lem="nature"
            ecep:pos="n2"
            ecep:reg="natures"
            ecep:spe="natures"
            ecep:syllab="2"
            ecep:pron="ˈneɪtʃəz">natures</w>
         <pc xml:id="o5155-555740"
             n="263-a-0310"
             ecep:lem=","
             ecep:pos=","
             ecep:reg=","
             ecep:spe=",">,</pc>
         <c> </c>
         <w xml:id="o5155-555750"
            n="263-a-0320"
            ecep:lem="they"
            ecep:pos="pns32"
            ecep:reg="they"
            ecep:spe="they"
            ecep:syllab="1"
            ecep:pron="ðeɪ">they</w>
         <c> </c>
         <w xml:id="o5155-555760"
            n="263-a-0330"
            ecep:lem="bungle"
            ecep:pos="vvb"
            ecep:reg="bungle"
            ecep:spe="bungle"
            ecep:syllab="2"
            ecep:pron="ˈbʌŋgl">bungle</w>
         <c> </c>
         <w xml:id="o5155-555770"
            n="263-a-0340"
            ecep:lem="at"
            ecep:pos="p-acp"
            ecep:reg="at"
            ecep:spe="at"
            ecep:syllab="1"
            ecep:pron="æt">at</w>
         <c> </c>
         <w xml:id="o5155-555780"
            n="263-a-0350"
            ecep:lem="praise"
            ecep:pos="n1"
            ecep:reg="praise"
            ecep:spe="praise"
            ecep:syllab="1"
            ecep:pron="preɪz">praise</w>
         <pc xml:id="o5155-555790"
             n="263-a-0360"
             ecep:lem=","
             ecep:pos=","
             ecep:reg=","
             ecep:spe=",">,</pc>
      </l>
      <l xml:id="o5155-l29395">
         <w xml:id="o5155-555800"
            n="263-a-0370"
            ecep:lem="your"
            ecep:pos="po22"
            ecep:reg="Your"
            ecep:spe="Your"
            ecep:syllab="1"
            ecep:pron="jɔː">Your</w>
         <c> </c>
         <w xml:id="o5155-555810"
            n="263-a-0380"
            ecep:lem="honour"
            ecep:pos="n1"
            ecep:reg="honour"
            ecep:spe="honour"
            ecep:syllab="2"
            ecep:pron="ˈɒnə">honour</w>
         <c> </c>
         <w xml:id="o5155-555820"
            n="263-a-0390"
            ecep:lem="regard"
            ecep:pos="vvz"
            ecep:reg="regards"
            ecep:spe="regards"
            ecep:syllab="2"
            ecep:pron="riˈgɑːdz">regards</w>
         <c> </c>
         <w xml:id="o5155-555830"
            n="263-a-0400"
            ecep:lem="not"
            ecep:pos="xx"
            ecep:reg="not"
            ecep:spe="not"
            ecep:syllab="1"
            ecep:pron="ˈdɪdnt">not</w>
         <pc xml:id="o5155-555840"
             n="263-a-0410"
             ecep:lem=","
             ecep:pos=","
             ecep:reg=","
             ecep:spe=",">,</pc>
         <c> </c>
         <w xml:id="o5155-555850"
            n="263-a-0420"
            ecep:lem="and"
            ecep:pos="cc"
            ecep:reg="and"
            ecep:spe="and"
            ecep:syllab="1"
            ecep:pron="ænd">and</w>
         <c> </c>
         <w xml:id="o5155-555860"
            n="263-a-0430"
            ecep:lem="nobody"
            ecep:pos="pix"
            ecep:reg="nobody"
            ecep:spe="nobody"
            ecep:syllab="3"
            ecep:pron="ˈnəʊbədi">nobody</w>
         <c> </c>
         <w xml:id="o5155-555870"
            n="263-a-0440"
            ecep:lem="pay"
            ecep:pos="vvz"
            ecep:reg="pays"
            ecep:spe="pays"
            ecep:syllab="1"
            ecep:pron="peɪz">pays</w>
         <pc xml:id="o5155-555880"
             n="263-a-0450"
             unit="sentence"
             ecep:lem="."
             ecep:pos="."
             ecep:reg="."
             ecep:spe=".">.</pc>
      </l>
   </lg>
   <lg xml:id="o5155-s02985">
      <l xml:id="o5155-l29400">
         <w xml:id="o5155-555910"
            n="263-a-0460"
            ecep:lem="your"
            ecep:pos="po22"
            ecep:reg="YOUR"
            ecep:spe="YOUR"
            ecep:syllab="1"
            ecep:pron="jɔː">YOUR</w>
         <c> </c>
         <w xml:id="o5155-555920"
            n="263-a-0470"
            ecep:lem="petitioner"
            ecep:pos="n2"
            ecep:reg="Petitioners"
            ecep:spe="Petitioners"
            ecep:syllab="4"
            ecep:pron="pəˈtɪʃnəz">Petitioners</w>
         <c> </c>
         <w xml:id="o5155-555930"
            n="263-a-0480"
            ecep:lem="therefore"
            ecep:pos="av"
            ecep:reg="therefore"
            ecep:spe="therefore"
            ecep:syllab="2"
            ecep:pron="ˈðeəfɔː">therefore</w>
         <c> </c>
         <w xml:id="o5155-555940"
            n="263-a-0490"
            ecep:lem="most"
            ecep:pos="av-ds"
            ecep:reg="most"
            ecep:spe="most"
            ecep:syllab="1"
            ecep:pron="məʊst">most</w>
         <c> </c>
         <w xml:id="o5155-555950"
            n="263-a-0500"
            ecep:lem="humble"
            ecep:pos="av-j"
            ecep:reg="humbly"
            ecep:spe="humbly"
            ecep:syllab="2"
            ecep:pron="ˈhʌmbli">humbly</w>
         <c> </c>
         <w xml:id="o5155-555960"
            n="263-a-0510"
            ecep:lem="entreat"
            ecep:pos="vvb"
            ecep:reg="entreat"
            ecep:spe="entreat"
            ecep:syllab="2"
            ecep:pron="ɪnˈtriːt">entreat</w>
      </l>
      <l xml:id="o5155-l29405">
         <pc xml:id="o5155-555970"
             n="263-a-0520"
             ecep:lem="("
             ecep:pos="("
             ecep:reg="("
             ecep:spe="(">(</pc>
         <w xml:id="o5155-555980"
            n="263-a-0530"
            ecep:lem="as"
            ecep:pos="c-acp"
            ecep:reg="As"
            ecep:spe="As"
            ecep:syllab="1"
            ecep:pron="æz">As</w>
         <c> </c>
         <w xml:id="o5155-555990"
            n="263-a-0540"
            ecep:lem="time"
            ecep:pos="n2"
            ecep:reg="times"
            ecep:spe="times"
            ecep:syllab="1"
            ecep:pron="taɪmz">times</w>
         <c> </c>
         <w xml:id="o5155-556000"
            n="263-a-0550"
            ecep:lem="will"
            ecep:pos="vmb"
            ecep:reg="will"
            ecep:spe="will"
            ecep:syllab="1"
            ecep:pron="wɪl">will</w>
         <c> </c>
         <w xml:id="o5155-556010"
            n="263-a-0560"
            ecep:lem="allow"
            ecep:pos="vvi"
            ecep:reg="allow"
            ecep:spe="allow"
            ecep:syllab="2"
            ecep:pron="əˈlaʊ">allow</w>
         <pc xml:id="o5155-556020"
             n="263-a-0570"
             ecep:lem=","
             ecep:pos=","
             ecep:reg=","
             ecep:spe=",">,</pc>
         <c> </c>
         <w xml:id="o5155-556030"
            n="263-a-0580"
            ecep:lem="and"
            ecep:pos="cc"
            ecep:reg="and"
            ecep:spe="and"
            ecep:syllab="1"
            ecep:pron="ænd">and</w>
         <c> </c>
         <w xml:id="o5155-556040"
            n="263-a-0590"
            ecep:lem="your"
            ecep:pos="po22"
            ecep:reg="your"
            ecep:spe="your"
            ecep:syllab="1"
            ecep:pron="jɔː">your</w>
         <c> </c>
         <w xml:id="o5155-556050"
            n="263-a-0600"
            ecep:lem="honour"
            ecep:pos="n1"
            ecep:reg="honour"
            ecep:spe="honour"
            ecep:syllab="2"
            ecep:pron="ˈɒnə">honour</w>
         <c> </c>
         <w xml:id="o5155-556060"
            n="263-a-0610"
            ecep:lem="think"
            ecep:pos="vvz"
            ecep:reg="thinks"
            ecep:spe="thinks"
            ecep:syllab="1"
            ecep:pron="θɪŋks">thinks</w>
         <c> </c>
         <w xml:id="o5155-556070"
            n="263-a-0620"
            ecep:lem="meet"
            ecep:pos="n1"
            ecep:reg="meet"
            ecep:spe="meet"
            ecep:syllab="1"
            ecep:pron="miːt">meet</w>
         <pc xml:id="o5155-556080"
             n="263-a-0630"
             ecep:lem=")"
             ecep:pos=")"
             ecep:reg=")"
             ecep:spe=")">)</pc>
      </l>
      <l xml:id="o5155-l29410">
         <w xml:id="o5155-556090"
            n="263-a-0640"
            ecep:lem="that"
            ecep:pos="d"
            ecep:reg="That"
            ecep:spe="That"
            ecep:syllab="1"
            ecep:pron="ðæt">That</w>
         <c> </c>
         <w xml:id="o5155-556100"
            n="263-a-0650"
            ecep:lem="measure"
            ecep:pos="n2"
            ecep:reg="measures"
            ecep:spe="measures"
            ecep:syllab="2"
            ecep:pron="ˈmeʒəz">measures</w>
         <c> </c>
         <w xml:id="o5155-556110"
            n="263-a-0660"
            ecep:lem="be"
            ecep:pos="vbi"
            ecep:reg="be"
            ecep:spe="be"
            ecep:syllab="1"
            ecep:pron="biː">be</w>
         <c> </c>
         <w xml:id="o5155-556120"
            n="263-a-0670"
            ecep:lem="change"
            ecep:pos="vvn"
            ecep:reg="changed"
            ecep:spe="chang'd"
            ecep:syllab="1"
            ecep:pron="tʃeɪndʒd">chang'd</w>
         <pc xml:id="o5155-556130"
             n="263-a-0680"
             ecep:lem=","
             ecep:pos=","
             ecep:reg=","
             ecep:spe=",">,</pc>
         <c> </c>
         <w xml:id="o5155-556140"
            n="263-a-0690"
            ecep:lem="and"
            ecep:pos="cc"
            ecep:reg="and"
            ecep:spe="and"
            ecep:syllab="1"
            ecep:pron="ænd">and</w>
         <c> </c>
         <w xml:id="o5155-556150"
            n="263-a-0700"
            ecep:lem="some"
            ecep:pos="d"
            ecep:reg="some"
            ecep:spe="some"
            ecep:syllab="1"
            ecep:pron="sʌm">some</w>
         <c> </c>
         <w xml:id="o5155-556160"
            n="263-a-0710"
            ecep:lem="cause"
            ecep:pos="n1"
            ecep:reg="cause"
            ecep:spe="cause"
            ecep:syllab="1"
            ecep:pron="kɔːz">cause</w>
         <c> </c>
         <w xml:id="o5155-556170"
            n="263-a-0720"
            ecep:lem="of"
            ecep:pos="pp-f"
            ecep:reg="of"
            ecep:spe="of"
            ecep:syllab="1"
            ecep:pron="ɒv">of</w>
         <c> </c>
         <w xml:id="o5155-556180"
            n="263-a-0730"
            ecep:lem="complaint"
            ecep:pos="n1"
            ecep:reg="complaint"
            ecep:spe="complaint"
            ecep:syllab="2"
            ecep:pron="kəmˈpleɪnt">complaint</w>
      </l>
      <l xml:id="o5155-l29415">
         <w xml:id="o5155-556190"
            n="263-a-0740"
            ecep:lem="be"
            ecep:pos="vbb"
            ecep:reg="Be"
            ecep:spe="Be"
            ecep:syllab="1"
            ecep:pron="biː">Be</w>
         <c> </c>
         <w xml:id="o5155-556200"
            n="263-a-0750"
            ecep:lem="immediate"
            ecep:pos="av-j"
            ecep:reg="immediately"
            ecep:spe="immediately"
            ecep:syllab="5"
            ecep:pron="ɪˈmiːdiətli">immediately</w>
         <c> </c>
         <w xml:id="o5155-556210"
            n="263-a-0760"
            ecep:lem="furnish"
            ecep:pos="vvn"
            ecep:reg="furnished"
            ecep:spe="furnish'd"
            ecep:syllab="2"
            ecep:pron="ˈfɜːnɪʃt">furnish'd</w>
         <pc xml:id="o5155-556220"
             n="263-a-0770"
             ecep:lem=","
             ecep:pos=","
             ecep:reg=","
             ecep:spe=",">,</pc>
         <c> </c>
         <w xml:id="o5155-556230"
            n="263-a-0780"
            ecep:lem="to"
            ecep:pos="pc-acp"
            ecep:reg="to"
            ecep:spe="to"
            ecep:syllab="1"
            ecep:pron="tuː">to</w>
         <c> </c>
         <w xml:id="o5155-556240"
            n="263-a-0790"
            ecep:lem="end"
            ecep:pos="vvi"
            ecep:reg="end"
            ecep:spe="end"
            ecep:syllab="1"
            ecep:pron="end">end</w>
         <c> </c>
         <w xml:id="o5155-556250"
            n="263-a-0800"
            ecep:lem="their"
            ecep:pos="po32"
            ecep:reg="their"
            ecep:spe="their"
            ecep:syllab="1"
            ecep:pron="ðeə">their</w>
         <c> </c>
         <w xml:id="o5155-556260"
            n="263-a-0810"
            ecep:lem="restraint"
            ecep:pos="n1"
            ecep:reg="restraint"
            ecep:spe="restraint"
            ecep:syllab="2"
            ecep:pron="rɪiˈstreɪnt">restraint</w>
         <pc xml:id="o5155-556270"
             n="263-a-0820"
             ecep:lem=";"
             ecep:pos=";"
             ecep:reg=";"
             ecep:spe=";">;</pc>
      </l>
      <l xml:id="o5155-l29420">
         <w xml:id="o5155-556280"
            n="263-a-0830"
            ecep:lem="their"
            ecep:pos="po32"
            ecep:reg="Their"
            ecep:spe="Their"
            ecep:syllab="1"
            ecep:pron="ðeə">Their</w>
         <c> </c>
         <w xml:id="o5155-556290"
            n="263-a-0840"
            ecep:lem="credit"
            ecep:pos="n1"
            ecep:reg="credit"
            ecep:spe="credit"
            ecep:syllab="2"
            ecep:pron="ˈkredɪt">credit</w>
         <c> </c>
         <w xml:id="o5155-556300"
            n="263-a-0850"
            ecep:lem="thereby"
            ecep:pos="av"
            ecep:reg="thereby"
            ecep:spe="thereby"
            ecep:syllab="2"
            ecep:pron="ˌðeəˈbaɪ">thereby</w>
         <pc xml:id="o5155-556310"
             n="263-a-0860"
             ecep:lem=","
             ecep:pos=","
             ecep:reg=","
             ecep:spe=",">,</pc>
         <c> </c>
         <w xml:id="o5155-556320"
            n="263-a-0870"
            ecep:lem="and"
            ecep:pos="cc"
            ecep:reg="and"
            ecep:spe="and"
            ecep:syllab="1"
            ecep:pron="ænd">and</w>
         <c> </c>
         <w xml:id="o5155-556330"
            n="263-a-0880"
            ecep:lem="their"
            ecep:pos="po32"
            ecep:reg="their"
            ecep:spe="their"
            ecep:syllab="1"
            ecep:pron="ðeə">their</w>
         <c> </c>
         <w xml:id="o5155-556340"
            n="263-a-0890"
            ecep:lem="trade"
            ecep:pos="n1"
            ecep:reg="trade"
            ecep:spe="trade"
            ecep:syllab="1"
            ecep:pron="treɪd">trade</w>
         <c> </c>
         <w xml:id="o5155-556350"
            n="263-a-0900"
            ecep:lem="to"
            ecep:pos="pc-acp"
            ecep:reg="to"
            ecep:spe="to"
            ecep:syllab="1"
            ecep:pron="tuː">to</w>
         <c> </c>
         <w xml:id="o5155-556360"
            n="263-a-0910"
            ecep:lem="retrieve"
            ecep:pos="vvi"
            ecep:reg="retrieve"
            ecep:spe="retrieve"
            ecep:syllab="2"
            ecep:pron="riˈtriːv">retrieve</w>
         <pc xml:id="o5155-556370"
             n="263-a-0920"
             ecep:lem=","
             ecep:pos=","
             ecep:reg=","
             ecep:spe=",">,</pc>
      </l>
      <l xml:id="o5155-l29425">
         <w xml:id="o5155-556380"
            n="263-a-0930"
            ecep:lem="that"
            ecep:pos="cst"
            ecep:reg="That"
            ecep:spe="That"
            ecep:syllab="1"
            ecep:pron="ðæt">That</w>
         <c> </c>
         <w xml:id="o5155-556390"
            n="263-a-0940"
            ecep:lem="again"
            ecep:pos="av"
            ecep:reg="again"
            ecep:spe="again"
            ecep:syllab="2"
            ecep:pron="əˈgen">again</w>
         <c> </c>
         <w xml:id="o5155-556400"
            n="263-a-0950"
            ecep:lem="they"
            ecep:pos="pns32"
            ecep:reg="they"
            ecep:spe="they"
            ecep:syllab="1"
            ecep:pron="ðeɪ">they</w>
         <c> </c>
         <w xml:id="o5155-556410"
            n="263-a-0960"
            ecep:lem="may"
            ecep:pos="vmb"
            ecep:reg="may"
            ecep:spe="may"
            ecep:syllab="1"
            ecep:pron="meɪ">may</w>
         <c> </c>
         <w xml:id="o5155-556420"
            n="263-a-0970"
            ecep:lem="rail"
            ecep:pos="vvi"
            ecep:reg="rail"
            ecep:spe="rail"
            ecep:syllab="1"
            ecep:pron="reɪl">rail</w>
         <pc xml:id="o5155-556430"
             n="263-a-0980"
             ecep:lem=","
             ecep:pos=","
             ecep:reg=","
             ecep:spe=",">,</pc>
         <c> </c>
         <w xml:id="o5155-556440"
            n="263-a-0990"
            ecep:lem="and"
            ecep:pos="cc"
            ecep:reg="and"
            ecep:spe="and"
            ecep:syllab="1"
            ecep:pron="ænd">and</w>
         <c> </c>
         <w xml:id="o5155-556450"
            n="263-a-1000"
            ecep:lem="the"
            ecep:pos="dt"
            ecep:reg="the"
            ecep:spe="the"
            ecep:syllab="1"
            ecep:pron="ðiː">the</w>
         <c> </c>
         <w xml:id="o5155-556460"
            n="263-a-1010"
            ecep:lem="nation"
            ecep:pos="n1"
            ecep:reg="nation"
            ecep:spe="nation"
            ecep:syllab="2"
            ecep:pron="ˈneɪʃn">nation</w>
         <c> </c>
         <w xml:id="o5155-556470"
            n="263-a-1020"
            ecep:lem="believe"
            ecep:pos="vvi"
            ecep:reg="believe"
            ecep:spe="believe"
            ecep:syllab="2"
            ecep:pron="biˈliːv">believe</w>
         <pc xml:id="o5155-556480"
             n="263-a-1030"
             unit="sentence"
             ecep:lem="."
             ecep:pos="."
             ecep:reg="."
             ecep:spe=".">.</pc>
      </l>
   </lg>
   <lg xml:id="o5155-s02990">
      <l xml:id="o5155-l29430">
         <w xml:id="o5155-556510"
            n="263-a-1040"
            ecep:lem="or"
            ecep:pos="cc"
            ecep:reg="Or"
            ecep:spe="Or"
            ecep:syllab="1"
            ecep:pron="ɔː">Or</w>
         <c> </c>
         <w xml:id="o5155-556520"
            n="263-a-1050"
            ecep:lem="else"
            ecep:pos="av"
            ecep:reg="else"
            ecep:spe="else"
            ecep:syllab="1"
            ecep:pron="els">else</w>
         <c> </c>
         <pc xml:id="o5155-556530"
             n="263-a-1060"
             ecep:lem="("
             ecep:pos="("
             ecep:reg="("
             ecep:spe="(">(</pc>
         <w xml:id="o5155-556540"
            n="263-a-1070"
            ecep:lem="if"
            ecep:pos="cs"
            ecep:reg="if"
            ecep:spe="if"
            ecep:syllab="1"
            ecep:pron="ɪf">if</w>
         <c> </c>
         <w xml:id="o5155-556550"
            n="263-a-1080"
            ecep:lem="your"
            ecep:pos="po22"
            ecep:reg="your"
            ecep:spe="your"
            ecep:syllab="1"
            ecep:pron="jɔː">your</w>
         <c> </c>
         <w xml:id="o5155-556560"
            n="263-a-1090"
            ecep:lem="wisdom"
            ecep:pos="n1"
            ecep:reg="wisdom"
            ecep:spe="wisdom"
            ecep:syllab="2"
            ecep:pron="ˈwɪzdəm">wisdom</w>
         <c> </c>
         <w xml:id="o5155-556570"
            n="263-a-1100"
            ecep:lem="shall"
            ecep:pos="vmb"
            ecep:reg="shall"
            ecep:spe="shall"
            ecep:syllab="1"
            ecep:pron="ʃæl">shall</w>
         <c> </c>
         <w xml:id="o5155-556580"
            n="263-a-1110"
            ecep:lem="deem"
            ecep:pos="vvi"
            ecep:reg="deem"
            ecep:spe="deem"
            ecep:syllab="1"
            ecep:pron="diːm">deem</w>
         <c> </c>
         <w xml:id="o5155-556590"
            n="263-a-1120"
            ecep:lem="it"
            ecep:pos="pn31"
            ecep:reg="it"
            ecep:spe="it"
            ecep:syllab="1"
            ecep:pron="ɪt">it</w>
         <c> </c>
         <w xml:id="o5155-556600"
            n="263-a-1130"
            ecep:lem="all"
            ecep:pos="d"
            ecep:reg="all"
            ecep:spe="all"
            ecep:syllab="1"
            ecep:pron="ɔːl">all</w>
         <c> </c>
         <w xml:id="o5155-556610"
            n="263-a-1140"
            ecep:lem="one"
            ecep:pos="crd"
            ecep:reg="one"
            ecep:spe="one"
            ecep:syllab="1"
            ecep:pron="wʌn">one</w>
         <pc xml:id="o5155-556620"
             n="263-a-1150"
             ecep:lem=")"
             ecep:pos=")"
             ecep:reg=")"
             ecep:spe=")">)</pc>
      </l>
      <l xml:id="o5155-l29435">
         <w xml:id="o5155-556630"
            n="263-a-1160"
            ecep:lem="now"
            ecep:pos="av"
            ecep:reg="Now"
            ecep:spe="Now"
            ecep:syllab="1"
            ecep:pron="naʊ">Now</w>
         <c> </c>
         <w xml:id="o5155-556640"
            n="263-a-1170"
            ecep:lem="the"
            ecep:pos="dt"
            ecep:reg="the"
            ecep:spe="the"
            ecep:syllab="1"
            ecep:pron="ðiː">the</w>
         <c> </c>
         <w xml:id="o5155-556650"
            n="263-a-1180"
            ecep:lem="parliament"
            ecep:pos="n1|vbz"
            ecep:reg="parliament's"
            ecep:spe="parliament's"
            ecep:syllab="3"
            ecep:pron="ˈpɑːlɪmənts">parliament's</w>
         <c> </c>
         <w xml:id="o5155-556660"
            n="263-a-1190"
            ecep:lem="rise"
            ecep:pos="vvg"
            ecep:reg="rising"
            ecep:spe="rising"
            ecep:syllab="2"
            ecep:pron="ˈraɪzɪŋ">rising</w>
         <pc xml:id="o5155-556670"
             n="263-a-1200"
             ecep:lem=","
             ecep:pos=","
             ecep:reg=","
             ecep:spe=",">,</pc>
         <c> </c>
         <w xml:id="o5155-556680"
            n="263-a-1210"
            ecep:lem="and"
            ecep:pos="cc"
            ecep:reg="and"
            ecep:spe="and"
            ecep:syllab="1"
            ecep:pron="ænd">and</w>
         <c> </c>
         <w xml:id="o5155-556690"
            n="263-a-1220"
            ecep:lem="business"
            ecep:pos="n1"
            ecep:reg="business"
            ecep:spe="bus'ness"
            ecep:syllab="2"
            ecep:pron="ˈbɪznəs">bus'ness</w>
         <c> </c>
         <w xml:id="o5155-556700"
            n="263-a-1230"
            ecep:lem="be"
            ecep:pos="vbz"
            ecep:reg="is"
            ecep:spe="is"
            ecep:syllab="1"
            ecep:pron="ɪz">is</w>
         <c> </c>
         <w xml:id="o5155-556710"
            n="263-a-1240"
            ecep:lem="do"
            ecep:pos="vdn"
            ecep:reg="done"
            ecep:spe="done"
            ecep:syllab="1"
            ecep:pron="dʌn">done</w>
         <pc xml:id="o5155-556720"
             n="263-a-1250"
             ecep:lem=","
             ecep:pos=","
             ecep:reg=","
             ecep:spe=",">,</pc>
      </l>
      <l xml:id="o5155-l29440">
         <w xml:id="o5155-556730"
            n="263-a-1260"
            ecep:lem="that"
            ecep:pos="cst"
            ecep:reg="That"
            ecep:spe="That"
            ecep:syllab="1"
            ecep:pron="ðæt">That</w>
         <c> </c>
         <w xml:id="o5155-556740"
            n="263-a-1270"
            ecep:lem="your"
            ecep:pos="po22"
            ecep:reg="your"
            ecep:spe="your"
            ecep:syllab="1"
            ecep:pron="jɔː">your</w>
         <c> </c>
         <w xml:id="o5155-556750"
            n="263-a-1280"
            ecep:lem="honour"
            ecep:pos="n1"
            ecep:reg="honour"
            ecep:spe="honour"
            ecep:syllab="2"
            ecep:pron="ˈɒnə">honour</w>
         <c> </c>
         <w xml:id="o5155-556760"
            n="263-a-1290"
            ecep:lem="will"
            ecep:pos="vmd"
            ecep:reg="would"
            ecep:spe="would"
            ecep:syllab="1"
            ecep:pron="wʊd">would</w>
         <c> </c>
         <w xml:id="o5155-556770"
            n="263-a-1300"
            ecep:lem="please"
            ecep:pos="vvi"
            ecep:reg="please"
            ecep:spe="please"
            ecep:syllab="1"
            ecep:pron="pliːz">please</w>
         <pc xml:id="o5155-556780"
             n="263-a-1310"
             ecep:lem=","
             ecep:pos=","
             ecep:reg=","
             ecep:spe=",">,</pc>
         <c> </c>
         <w xml:id="o5155-556790"
            n="263-a-1320"
            ecep:lem="at"
            ecep:pos="p-acp"
            ecep:reg="at"
            ecep:spe="at"
            ecep:syllab="1"
            ecep:pron="æt">at</w>
         <c> </c>
         <w xml:id="o5155-556800"
            n="263-a-1330"
            ecep:lem="this"
            ecep:pos="d"
            ecep:reg="this"
            ecep:spe="this"
            ecep:syllab="1"
            ecep:pron="ðɪs">this</w>
         <c> </c>
         <w xml:id="o5155-556810"
            n="263-a-1340"
            ecep:lem="dangerous"
            ecep:pos="j"
            ecep:reg="dangerous"
            ecep:spe="dangerous"
            ecep:syllab="3"
            ecep:pron="ˈdeɪndʒərəs">dangerous</w>
         <c> </c>
         <w xml:id="o5155-556820"
            n="263-a-1350"
            ecep:lem="crisis"
            ecep:pos="n1"
            ecep:reg="crisis"
            ecep:spe="crisis"
            ecep:syllab="2"
            ecep:pron="ˈkraɪsɪs">crisis</w>
         <pc xml:id="o5155-556830"
             n="263-a-1360"
             ecep:lem=","
             ecep:pos=","
             ecep:reg=","
             ecep:spe=",">,</pc>
      </l>
      <l xml:id="o5155-l29445">
         <w xml:id="o5155-556840"
            n="263-a-1370"
            ecep:lem="to"
            ecep:pos="pc-acp"
            ecep:reg="To"
            ecep:spe="To"
            ecep:syllab="1"
            ecep:pron="tuː">To</w>
         <c> </c>
         <w xml:id="o5155-556850"
            n="263-a-1380"
            ecep:lem="take"
            ecep:pos="vvi"
            ecep:reg="take"
            ecep:spe="take"
            ecep:syllab="1"
            ecep:pron="teɪk">take</w>
         <c> </c>
         <w xml:id="o5155-556860"
            n="263-a-1390"
            ecep:lem="to"
            ecep:pos="p-acp"
            ecep:reg="to"
            ecep:spe="to"
            ecep:syllab="1"
            ecep:pron="tuː">to</w>
         <c> </c>
         <w xml:id="o5155-556870"
            n="263-a-1400"
            ecep:lem="your"
            ecep:pos="po22"
            ecep:reg="your"
            ecep:spe="your"
            ecep:syllab="1"
            ecep:pron="jɔː">your</w>
         <c> </c>
         <w xml:id="o5155-556880"
            n="263-a-1410"
            ecep:lem="bosom"
            ecep:pos="n1"
            ecep:reg="bosom"
            ecep:spe="bosom"
            ecep:syllab="2"
            ecep:pron="ˈbʊzəm">bosom</w>
         <c> </c>
         <w xml:id="o5155-556890"
            n="263-a-1420"
            ecep:lem="a"
            ecep:pos="dt"
            ecep:reg="a"
            ecep:spe="a"
            ecep:syllab="1"
            ecep:pron="ə">a</w>
         <c> </c>
         <w xml:id="o5155-556900"
            n="263-a-1430"
            ecep:lem="few"
            ecep:pos="d"
            ecep:reg="few"
            ecep:spe="few"
            ecep:syllab="1"
            ecep:pron="fjuː">few</w>
         <c> </c>
         <w xml:id="o5155-556910"
            n="263-a-1440"
            ecep:lem="private"
            ecep:pos="j-jn"
            ecep:reg="private"
            ecep:spe="private"
            ecep:syllab="2"
            ecep:pron="ˈpraɪvət">private</w>
         <c> </c>
         <w xml:id="o5155-556920"
            n="263-a-1450"
            ecep:lem="vice"
            ecep:pos="n2"
            ecep:reg="vices"
            ecep:spe="vices"
            ecep:syllab="2"
            ecep:pron="ˈvaɪsɪz">vices</w>
         <pc xml:id="o5155-556930"
             n="263-a-1460"
             ecep:lem=","
             ecep:pos=","
             ecep:reg=","
             ecep:spe=",">,</pc>
      </l>
      <l xml:id="o5155-l29450">
         <w xml:id="o5155-556940"
            n="263-a-1470"
            ecep:lem="by"
            ecep:pos="p-acp"
            ecep:reg="By"
            ecep:spe="By"
            ecep:syllab="1"
            ecep:pron="baɪ">By</w>
         <c> </c>
         <w xml:id="o5155-556950"
            n="263-a-1480"
            ecep:lem="which"
            ecep:pos="r-crq"
            ecep:reg="which"
            ecep:spe="which"
            ecep:syllab="1"
            ecep:pron="wɪtʃ">which</w>
         <c> </c>
         <w xml:id="o5155-556960"
            n="263-a-1490"
            ecep:lem="your"
            ecep:pos="po22"
            ecep:reg="your"
            ecep:spe="your"
            ecep:syllab="1"
            ecep:pron="jɔː">your</w>
         <c> </c>
         <w xml:id="o5155-556970"
            n="263-a-1500"
            ecep:lem="petitioner"
            ecep:pos="n2"
            ecep:reg="petitioners"
            ecep:spe="petitioners"
            ecep:syllab="4"
            ecep:pron="pəˈtɪʃnəz">petitioners</w>
         <pc xml:id="o5155-556980"
             n="263-a-1510"
             ecep:lem=","
             ecep:pos=","
             ecep:reg=","
             ecep:spe=",">,</pc>
         <c> </c>
         <w xml:id="o5155-556990"
            n="263-a-1520"
            ecep:lem="haply"
            ecep:pos="av"
            ecep:reg="haply"
            ecep:spe="haply"
            ecep:syllab="2"
            ecep:pron="ˈhæpli">haply</w>
         <pc xml:id="o5155-557000"
             n="263-a-1530"
             ecep:lem=","
             ecep:pos=","
             ecep:reg=","
             ecep:spe=",">,</pc>
         <c> </c>
         <w xml:id="o5155-557010"
            n="263-a-1540"
            ecep:lem="may"
            ecep:pos="vmd"
            ecep:reg="might"
            ecep:spe="might"
            ecep:syllab="1"
            ecep:pron="maɪt">might</w>
         <c> </c>
         <w xml:id="o5155-557020"
            n="263-a-1550"
            ecep:lem="thrive"
            ecep:pos="vvi"
            ecep:reg="thrive"
            ecep:spe="thrive"
            ecep:syllab="1"
            ecep:pron="θraɪv">thrive</w>
         <pc xml:id="o5155-557030"
             n="263-a-1560"
             ecep:lem=","
             ecep:pos=","
             ecep:reg=","
             ecep:spe=",">,</pc>
      </l>
      <l xml:id="o5155-l29455">
         <w xml:id="o5155-557040"
            n="263-a-1570"
            ecep:lem="and"
            ecep:pos="cc"
            ecep:reg="And"
            ecep:spe="And"
            ecep:syllab="1"
            ecep:pron="ænd">And</w>
         <c> </c>
         <w xml:id="o5155-557050"
            n="263-a-1580"
            ecep:lem="keep"
            ecep:pos="vvi"
            ecep:reg="keep"
            ecep:spe="keep"
            ecep:syllab="1"
            ecep:pron="kiːp">keep</w>
         <c> </c>
         <w xml:id="o5155-557060"
            n="263-a-1590"
            ecep:lem="both"
            ecep:pos="d"
            ecep:reg="both"
            ecep:spe="both"
            ecep:syllab="1"
            ecep:pron="bəʊθ">both</w>
         <c> </c>
         <w xml:id="o5155-557070"
            n="263-a-1600"
            ecep:lem="themselves"
            ecep:pos="px32"
            ecep:reg="themselves"
            ecep:spe="themselves"
            ecep:syllab="2"
            ecep:pron="ðəmˈselvz">themselves</w>
         <c> </c>
         <w xml:id="o5155-557080"
            n="263-a-1610"
            ecep:lem="and"
            ecep:pos="cc"
            ecep:reg="and"
            ecep:spe="and"
            ecep:syllab="1"
            ecep:pron="ænd">and</w>
         <c> </c>
         <w xml:id="o5155-557090"
            n="263-a-1620"
            ecep:lem="contention"
            ecep:pos="n1"
            ecep:reg="contention"
            ecep:spe="contention"
            ecep:syllab="3"
            ecep:pron="kənˈtenʃn">contention</w>
         <c> </c>
         <w xml:id="o5155-557100"
            n="263-a-1630"
            ecep:lem="alive"
            ecep:pos="j"
            ecep:reg="alive"
            ecep:spe="alive"
            ecep:syllab="2"
            ecep:pron="əˈlaɪv">alive</w>
         <pc xml:id="o5155-557110"
             n="263-a-1640"
             unit="sentence"
             ecep:lem="."
             ecep:pos="."
             ecep:reg="."
             ecep:spe=".">.</pc>
      </l>
   </lg>
   <lg xml:id="o5155-s02995">
      <l xml:id="o5155-l29460">
         <w xml:id="o5155-557140"
            n="263-a-1650"
            ecep:lem="in"
            ecep:pos="p-acp"
            ecep:reg="In"
            ecep:spe="In"
            ecep:syllab="1"
            ecep:pron="ɪn">In</w>
         <c> </c>
         <w xml:id="o5155-557150"
            n="263-a-1660"
            ecep:lem="compassion"
            ecep:pos="n1"
            ecep:reg="compassion"
            ecep:spe="compassion"
            ecep:syllab="3"
            ecep:pron="kəmˈpæʃn">compassion</w>
         <pc xml:id="o5155-557160"
             n="263-a-1670"
             ecep:lem=","
             ecep:pos=","
             ecep:reg=","
             ecep:spe=",">,</pc>
         <c> </c>
         <w xml:id="o5155-557170"
            n="263-a-1680"
            ecep:lem="good"
            ecep:pos="j"
            ecep:reg="good"
            ecep:spe="good"
            ecep:syllab="1"
            ecep:pron="gʊd">good</w>
         <c> </c>
         <w xml:id="o5155-557180"
            n="263-a-1690"
            ecep:lem="sir"
            ecep:pos="n1"
            ecep:reg="Sir"
            ecep:spe="Sir"
            ecep:syllab="1"
            ecep:pron="sɜː">Sir</w>
         <pc xml:id="o5155-557190"
             n="263-a-1700"
             ecep:lem="!"
             ecep:pos="!"
             ecep:reg="!"
             ecep:spe="!">!</pc>
         <c> </c>
         <w xml:id="o5155-557200"
            n="263-a-1710"
            ecep:lem="give"
            ecep:pos="vvb"
            ecep:reg="give"
            ecep:spe="give"
            ecep:syllab="1"
            ecep:pron="gɪv">give</w>
         <c> </c>
         <w xml:id="o5155-557210"
            n="263-a-1720"
            ecep:lem="they"
            ecep:pos="pno32"
            ecep:reg="them"
            ecep:spe="'em"
            ecep:syllab="1"
            ecep:pron="əm">'em</w>
         <c> </c>
         <w xml:id="o5155-557220"
            n="263-a-1730"
            ecep:lem="something"
            ecep:pos="pi"
            ecep:reg="something"
            ecep:spe="something"
            ecep:syllab="2"
            ecep:pron="ˈsʌmθɪŋ">something</w>
         <c> </c>
         <w xml:id="o5155-557230"
            n="263-a-1740"
            ecep:lem="to"
            ecep:pos="p-acp"
            ecep:reg="to"
            ecep:spe="to"
            ecep:syllab="1"
            ecep:pron="tuː">to</w>
         <c> </c>
         <w xml:id="o5155-557240"
            n="263-a-1750"
            ecep:lem="say"
            ecep:pos="vvi"
            ecep:reg="say"
            ecep:spe="say"
            ecep:syllab="1"
            ecep:pron="seɪ">say</w>
         <pc xml:id="o5155-557250"
             n="263-a-1760"
             ecep:lem=","
             ecep:pos=","
             ecep:reg=","
             ecep:spe=",">,</pc>
      </l>
      <l xml:id="o5155-l29465">
         <w xml:id="o5155-557260"
            n="263-a-1770"
            ecep:lem="and"
            ecep:pos="cc"
            ecep:reg="And"
            ecep:spe="And"
            ecep:syllab="1"
            ecep:pron="ænd">And</w>
         <c> </c>
         <w xml:id="o5155-557270"
            n="263-a-1780"
            ecep:lem="your"
            ecep:pos="po22"
            ecep:reg="your"
            ecep:spe="your"
            ecep:syllab="1"
            ecep:pron="jɔː">your</w>
         <c> </c>
         <w xml:id="o5155-557280"
            n="263-a-1790"
            ecep:lem="honour"
            ecep:pos="ng1"
            ecep:reg="honour's"
            ecep:spe="honour's"
            ecep:syllab="2"
            ecep:pron="ˈɒnəz">honour's</w>
         <c> </c>
         <w xml:id="o5155-557290"
            n="263-a-1800"
            ecep:lem="petitioner"
            ecep:pos="n2"
            ecep:reg="petitioners"
            ecep:spe="petitioners"
            ecep:syllab="4"
            ecep:pron="pəˈtɪʃnəz">petitioners</w>
         <c> </c>
         <w xml:id="o5155-557300"
            n="263-a-1810"
            ecep:lem="ever"
            ecep:pos="av"
            ecep:reg="ever"
            ecep:spe="ever"
            ecep:syllab="2"
            ecep:pron="ˈevə">ever</w>
         <c> </c>
         <w xml:id="o5155-557310"
            n="263-a-1820"
            ecep:lem="shall"
            ecep:pos="vmb"
            ecep:reg="shall"
            ecep:spe="shall"
            ecep:syllab="1"
            ecep:pron="ʃæl">shall</w>
         <c> </c>
         <w xml:id="o5155-557320"
            n="263-a-1830"
            ecep:lem="pray"
            ecep:pos="vvi"
            ecep:reg="pray"
            ecep:spe="pray"
            ecep:syllab="1"
            ecep:pron="preɪ">pray</w>
         <pc xml:id="o5155-557330"
             n="263-a-1840"
             unit="sentence"
             ecep:lem="."
             ecep:pos="."
             ecep:reg="."
             ecep:spe=".">.</pc>
      </l>
   </lg>
</div>
