<?xml version="1.0" encoding="UTF-8"?>
<?xml-model href="../tei_all.rnc" type="application/relax-ng-compact-syntax"?>
<TEI xmlns="http://www.tei-c.org/ns/1.0">
   <teiHeader>
      <fileDesc>
         <titleStmt>
            <title corresp="#txt_BarbMa1685_w0093">To a Gentleman, who shew'd a fine Poem as his own.</title>
            <author corresp="authors.xml#aut_BarbMa1685">Mary Barber</author>
            <respStmt>
               <name xml:id="AH">Alexander Huber</name>
               <resp>Editor</resp>
            </respStmt>
            <funder>
               <name type="institution" xml:id="BOD">Bodleian Libraries, University of Oxford</name>
               <address>
                  <addrLine>Broad Street</addrLine>
                  <addrLine>Oxford OX1 3BG</addrLine>
                  <addrLine>UK</addrLine>
               </address>
            </funder>
         </titleStmt>
         <publicationStmt>
            <publisher xml:id="ECPA">Eighteenth-Century Poetry Archive</publisher>
            <address>
               <addrLine>Taylor Institution Library</addrLine>
               <addrLine>St Giles'</addrLine>
               <addrLine>Oxford OX1 3NA</addrLine>
               <addrLine>UK</addrLine>
               <addrLine>
                  <email>info@eighteenthcenturypoetry.org</email>
               </addrLine>
               <addrLine>
                  <ref target="https://www.eighteenthcenturypoetry.org/">https://www.eighteenthcenturypoetry.org/</ref>
               </addrLine>
            </address>
            <pubPlace>Oxford</pubPlace>
            <availability status="restricted">
               <licence target="http://creativecommons.org/licenses/by-sa/3.0/">This work is licensed under a Creative Commons Attribution-ShareAlike 3.0 Unported License.</licence>
            </availability>
            <idno type="ESTC">T42622</idno>
            <idno type="DMI">519</idno>
            <idno type="FOXON">p. 45</idno>
         </publicationStmt>
         <sourceDesc>
            <bibl>
               <author>Barber, Mary, ca. 1690-1757.</author>
               <title>Poems on Several Occasions [poems only].</title>
               <pubPlace>London</pubPlace>
               <publisher>Printed for C. Rivington, at the Bible and Crown in St. Paul's Church-Yard</publisher>
               <date>1734</date>
               <biblScope>p. 224.</biblScope>
               <extent>xlviii,283,[7]p.; 8⁰.</extent>
            </bibl>
         </sourceDesc>
      </fileDesc>
      <encodingDesc>
         <projectDesc>
            <p>This e-text is part of the Works section of the Eighteenth-Century Poetry Archive (ECPA).</p>
            <p>XML created for the Eighteenth-Century Poetry Archive (ECPA).</p>
         </projectDesc>
         <editorialDecl>
            <p>Typography, spelling, capitalization, and punctuation have been cautiously modernized. The source of the text is given and all significant
						editorial interventions have been recorded in textual notes. This  text has been edited to conform to the recommendations found 
						in Level 5 of the
						Best Practices for TEI in Libraries version 4.0.0.
					</p>
         </editorialDecl>
         <classDecl>
            <taxonomy xml:id="LCNAF">
               <bibl>Library of Congress Name Authority File (<abbr>LCNAF</abbr>)</bibl>
            </taxonomy>
         </classDecl>
         <tagsDecl>
            <rendition n="linegroups indented" xml:id="lgindent" scheme="css">text-indent: 1em;</rendition>
            <rendition n="linegroups vertically spaced" xml:id="lgvspace" scheme="css">margin-bottom: 1em;</rendition>
            <rendition n="aligned centrally" xml:id="align-center" scheme="css">text-align: center;</rendition>
            <rendition n="aligned right" xml:id="align-right" scheme="css">text-align: right;</rendition>
            <rendition n="aligned left" xml:id="align-left" scheme="css">text-align: left;</rendition>
            <rendition n="inline" xml:id="inline" scheme="css">display: inline</rendition>
            <rendition n="italic" xml:id="i" scheme="css">font-style: italic;</rendition>
            <rendition n="bold" xml:id="b" scheme="css">font-weight: bold;</rendition>
         </tagsDecl>
      </encodingDesc>
   </teiHeader>
   <text>
      <body>
         <div xmlns:ecep="http://www.eighteenthcenturypoetry.org/ns"
              ana="#iamb #tetrameter #couplet #pair #address #satire"
              corresp="#txt_BarbMa1685_w0093"
              decls="#semi-normalized"
              ecep:syllab="8"
              met="-+|-+|-+|-+/"
              rendition="#lgvspace"
              rhyme="aa"
              subtype="eceptext"
              type="poem"
              xml:id="pba35-w1020">
            <link target="authors.xml#aut_BarbMa1685" type="author"/>
            <link target="11603" type="DMI"/>
            <head type="main">
               <w xmlns:ecep="http://www.eighteenthcenturypoetry.org/ns"
                  xml:id="pba35-268820"
                  n="a-0010"
                  ecep:lem="to"
                  ecep:pos="p-acp"
                  ecep:reg="To"
                  ecep:spe="To"
                  ecep:syllab="1"
                  ecep:pron="tuː">To</w>
               <c> </c>
               <w xmlns:ecep="http://www.eighteenthcenturypoetry.org/ns"
                  xml:id="pba35-268830"
                  n="a-0020"
                  ecep:lem="a"
                  ecep:pos="dt"
                  ecep:reg="a"
                  ecep:spe="a"
                  ecep:syllab="1"
                  ecep:pron="ə">a</w>
               <c> </c>
               <w xmlns:ecep="http://www.eighteenthcenturypoetry.org/ns"
                  xml:id="pba35-268840"
                  n="a-0030"
                  ecep:lem="gentleman"
                  ecep:pos="n1"
                  ecep:reg="Gentleman"
                  ecep:spe="Gentleman"
                  ecep:syllab="3"
                  ecep:pron="ˈdʒentlmən">Gentleman</w>
               <pc xmlns:ecep="http://www.eighteenthcenturypoetry.org/ns"
                   xml:id="pba35-268850"
                   n="a-0040"
                   ecep:lem=","
                   ecep:pos=","
                   ecep:reg=","
                   ecep:spe=",">,</pc>
               <c> </c>
               <w xmlns:ecep="http://www.eighteenthcenturypoetry.org/ns"
                  xml:id="pba35-268860"
                  n="a-0050"
                  ecep:lem="who"
                  ecep:pos="r-crq"
                  ecep:reg="who"
                  ecep:spe="who"
                  ecep:syllab="1"
                  ecep:pron="huː">who</w>
               <c> </c>
               <w xmlns:ecep="http://www.eighteenthcenturypoetry.org/ns"
                  xml:id="pba35-268870"
                  n="a-0060"
                  ecep:lem="show"
                  ecep:pos="vvd"
                  ecep:reg="showed"
                  ecep:spe="shew'd"
                  ecep:syllab="1"
                  ecep:pron="ʃəʊd">shew'd</w>
               <c> </c>
               <w xmlns:ecep="http://www.eighteenthcenturypoetry.org/ns"
                  xml:id="pba35-268880"
                  n="a-0070"
                  ecep:lem="a"
                  ecep:pos="dt"
                  ecep:reg="a"
                  ecep:spe="a"
                  ecep:syllab="1"
                  ecep:pron="ə">a</w>
               <c> </c>
               <w xmlns:ecep="http://www.eighteenthcenturypoetry.org/ns"
                  xml:id="pba35-268890"
                  n="a-0080"
                  ecep:lem="fine"
                  ecep:pos="j"
                  ecep:reg="fine"
                  ecep:spe="fine"
                  ecep:syllab="1"
                  ecep:pron="faɪn">fine</w>
               <c> </c>
               <w xmlns:ecep="http://www.eighteenthcenturypoetry.org/ns"
                  xml:id="pba35-268900"
                  n="a-0090"
                  ecep:lem="poem"
                  ecep:pos="n1"
                  ecep:reg="Poem"
                  ecep:spe="Poem"
                  ecep:syllab="2"
                  ecep:pron="ˈpəʊɪm">Poem</w>
               <c> </c>
               <w xmlns:ecep="http://www.eighteenthcenturypoetry.org/ns"
                  xml:id="pba35-268910"
                  n="a-0100"
                  ecep:lem="as"
                  ecep:pos="p-acp"
                  ecep:reg="as"
                  ecep:spe="as"
                  ecep:syllab="1"
                  ecep:pron="æz">as</w>
               <c> </c>
               <w xmlns:ecep="http://www.eighteenthcenturypoetry.org/ns"
                  xml:id="pba35-268920"
                  n="a-0110"
                  ecep:lem="his"
                  ecep:pos="po31"
                  ecep:reg="his"
                  ecep:spe="his"
                  ecep:syllab="1"
                  ecep:pron="hɪz">his</w>
               <c> </c>
               <w xmlns:ecep="http://www.eighteenthcenturypoetry.org/ns"
                  xml:id="pba35-268930"
                  n="a-0120"
                  ecep:lem="own"
                  ecep:pos="d"
                  ecep:reg="own"
                  ecep:spe="own"
                  ecep:syllab="1"
                  ecep:pron="əʊn">own</w>
               <pc xmlns:ecep="http://www.eighteenthcenturypoetry.org/ns"
                   xml:id="pba35-268940"
                   n="a-0130"
                   unit="sentence"
                   ecep:lem="."
                   ecep:pos="."
                   ecep:reg="."
                   ecep:spe=".">.</pc>
            </head>
            <lg xml:id="pba35-s01670">
               <l n="1" xml:id="pba35-l13690">
                  <hi rendition="#sc">
                     <w xmlns:ecep="http://www.eighteenthcenturypoetry.org/ns"
                        xml:id="pba35-268970"
                        n="a-0140"
                        ecep:lem="no"
                        ecep:pos="av-dx"
                        ecep:reg="No"
                        ecep:spe="No"
                        ecep:syllab="1"
                        ecep:pron="nəʊ">No</w>
                  </hi>
                  <c> </c>
                  <w xmlns:ecep="http://www.eighteenthcenturypoetry.org/ns"
                     xml:id="pba35-268980"
                     n="a-0150"
                     ecep:lem="more"
                     ecep:pos="dc"
                     ecep:reg="more"
                     ecep:spe="more"
                     ecep:syllab="1"
                     ecep:pron="mɔː">more</w>
                  <c> </c>
                  <w xmlns:ecep="http://www.eighteenthcenturypoetry.org/ns"
                     xml:id="pba35-268990"
                     n="a-0160"
                     ecep:lem="at"
                     ecep:pos="p-acp"
                     ecep:reg="at"
                     ecep:spe="at"
                     ecep:syllab="1"
                     ecep:pron="æt">at</w>
                  <c> </c>
                  <w xmlns:ecep="http://www.eighteenthcenturypoetry.org/ns"
                     xml:id="pba35-269000"
                     n="a-0170"
                     ecep:lem="critic"
                     ecep:pos="n2"
                     ecep:reg="Critics"
                     ecep:spe="Criticks"
                     ecep:syllab="2"
                     ecep:pron="ˈkrɪtɪks">Criticks</w>
                  <pc xmlns:ecep="http://www.eighteenthcenturypoetry.org/ns"
                      xml:id="pba35-269010"
                      n="a-0180"
                      ecep:lem=","
                      ecep:pos=","
                      ecep:reg=","
                      ecep:spe=",">,</pc>
                  <c> </c>
                  <hi>
                     <w xmlns:ecep="http://www.eighteenthcenturypoetry.org/ns"
                        xml:id="pba35-269020"
                        n="a-0190"
                        ecep:lem="Ned"
                        ecep:pos="np1"
                        ecep:reg="Ned"
                        ecep:spe="Ned"
                        ecep:syllab="1"
                        ecep:pron="ned">Ned</w>
                  </hi>
                  <pc xmlns:ecep="http://www.eighteenthcenturypoetry.org/ns"
                      xml:id="pba35-269030"
                      n="a-0200"
                      ecep:lem=","
                      ecep:pos=","
                      ecep:reg=","
                      ecep:spe=",">,</pc>
                  <c> </c>
                  <w xmlns:ecep="http://www.eighteenthcenturypoetry.org/ns"
                     xml:id="pba35-269040"
                     n="a-0210"
                     ecep:lem="repine"
                     ecep:pos="vvb"
                     ecep:reg="repine"
                     ecep:spe="repine"
                     ecep:syllab="2"
                     ecep:pron="rɪˈpaɪn">repine</w>
                  <pc xmlns:ecep="http://www.eighteenthcenturypoetry.org/ns"
                      xml:id="pba35-269050"
                      n="a-0220"
                      ecep:lem=","
                      ecep:pos=","
                      ecep:reg=","
                      ecep:spe=",">,</pc>
               </l>
               <l n="2" xml:id="pba35-l13695">
                  <c> </c>
                  <w xmlns:ecep="http://www.eighteenthcenturypoetry.org/ns"
                     xml:id="pba35-269060"
                     n="a-0230"
                     ecep:lem="who"
                     ecep:pos="q-crq"
                     ecep:reg="Who"
                     ecep:spe="Who"
                     ecep:syllab="1"
                     ecep:pron="huː">Who</w>
                  <c> </c>
                  <w xmlns:ecep="http://www.eighteenthcenturypoetry.org/ns"
                     xml:id="pba35-269070"
                     n="a-0240"
                     ecep:lem="say"
                     ecep:pos="vvb"
                     ecep:reg="say"
                     ecep:spe="say"
                     ecep:syllab="1"
                     ecep:pron="seɪ">say</w>
                  <c> </c>
                  <w xmlns:ecep="http://www.eighteenthcenturypoetry.org/ns"
                     xml:id="pba35-269080"
                     n="a-0250"
                     ecep:lem="those"
                     ecep:pos="d"
                     ecep:reg="those"
                     ecep:spe="those"
                     ecep:syllab="1"
                     ecep:pron="ðəʊz">those</w>
                  <c> </c>
                  <w xmlns:ecep="http://www.eighteenthcenturypoetry.org/ns"
                     xml:id="pba35-269090"
                     n="a-0260"
                     ecep:lem="number"
                     ecep:pos="n2"
                     ecep:reg="Numbers"
                     ecep:spe="Numbers"
                     ecep:syllab="2"
                     ecep:pron="ˈnʌmbəz">Numbers</w>
                  <c> </c>
                  <w xmlns:ecep="http://www.eighteenthcenturypoetry.org/ns"
                     xml:id="pba35-269100"
                     n="a-0270"
                     ecep:lem="be"
                     ecep:pos="vbr"
                     ecep:reg="are"
                     ecep:spe="are"
                     ecep:syllab="1"
                     ecep:pron="ɑː">are</w>
                  <c> </c>
                  <w xmlns:ecep="http://www.eighteenthcenturypoetry.org/ns"
                     xml:id="pba35-269110"
                     n="a-0280"
                     ecep:lem="not"
                     ecep:pos="xx"
                     ecep:reg="not"
                     ecep:spe="not"
                     ecep:syllab="1"
                     ecep:pron="nɒt">not</w>
                  <c> </c>
                  <w xmlns:ecep="http://www.eighteenthcenturypoetry.org/ns"
                     xml:id="pba35-269120"
                     n="a-0290"
                     ecep:lem="thy"
                     ecep:pos="po21"
                     ecep:reg="thine"
                     ecep:spe="thine"
                     ecep:syllab="1"
                     ecep:pron="ðaɪn">thine</w>
                  <pc xmlns:ecep="http://www.eighteenthcenturypoetry.org/ns"
                      xml:id="pba35-269130"
                      n="a-0300"
                      unit="sentence"
                      ecep:lem="."
                      ecep:pos="."
                      ecep:reg="."
                      ecep:spe=".">.</pc>
                  <c> </c>
               </l>
               <l n="3" xml:id="pba35-l13700">
                  <w xmlns:ecep="http://www.eighteenthcenturypoetry.org/ns"
                     xml:id="pba35-269140"
                     n="a-0310"
                     ecep:lem="i"
                     ecep:pos="pns11"
                     ecep:reg="I"
                     ecep:spe="I"
                     ecep:syllab="1"
                     ecep:pron="aɪ">I</w>
                  <c> </c>
                  <w xmlns:ecep="http://www.eighteenthcenturypoetry.org/ns"
                     xml:id="pba35-269150"
                     n="a-0320"
                     ecep:lem="own"
                     ecep:pos="vvb"
                     ecep:reg="own"
                     ecep:spe="own"
                     ecep:syllab="1"
                     ecep:pron="əʊn">own</w>
                  <c> </c>
                  <w xmlns:ecep="http://www.eighteenthcenturypoetry.org/ns"
                     xml:id="pba35-269160"
                     n="a-0330"
                     ecep:lem="i"
                     ecep:pos="pns11"
                     ecep:reg="I"
                     ecep:spe="I"
                     ecep:syllab="1"
                     ecep:pron="aɪ">I</w>
                  <c> </c>
                  <w xmlns:ecep="http://www.eighteenthcenturypoetry.org/ns"
                     xml:id="pba35-269170"
                     n="a-0340"
                     ecep:lem="be"
                     ecep:pos="vbds"
                     ecep:reg="was"
                     ecep:spe="was"
                     ecep:syllab="1"
                     ecep:pron="wɒz">was</w>
                  <c> </c>
                  <w xmlns:ecep="http://www.eighteenthcenturypoetry.org/ns"
                     xml:id="pba35-269180"
                     n="a-0350"
                     ecep:lem="suspicious"
                     ecep:pos="j"
                     ecep:reg="suspicious"
                     ecep:spe="suspicious"
                     ecep:syllab="3"
                     ecep:pron="səˈspɪʃəs">suspicious</w>
                  <c> </c>
                  <w xmlns:ecep="http://www.eighteenthcenturypoetry.org/ns"
                     xml:id="pba35-269190"
                     n="a-0360"
                     ecep:lem="too"
                     ecep:pos="av"
                     ecep:reg="too"
                     ecep:spe="too"
                     ecep:syllab="1"
                     ecep:pron="tuː">too</w>
                  <pc xmlns:ecep="http://www.eighteenthcenturypoetry.org/ns"
                      xml:id="pba35-269200"
                      n="a-0370"
                      ecep:lem=","
                      ecep:pos=","
                      ecep:reg=","
                      ecep:spe=",">,</pc>
               </l>
               <l n="4" xml:id="pba35-l13705">
                  <c> </c>
                  <w xmlns:ecep="http://www.eighteenthcenturypoetry.org/ns"
                     xml:id="pba35-269210"
                     n="a-0380"
                     ecep:lem="and"
                     ecep:pos="cc"
                     ecep:reg="And"
                     ecep:spe="And"
                     ecep:syllab="1"
                     ecep:pron="ænd">And</w>
                  <c> </c>
                  <w xmlns:ecep="http://www.eighteenthcenturypoetry.org/ns"
                     xml:id="pba35-269220"
                     n="a-0390"
                     ecep:lem="think"
                     ecep:pos="vvd"
                     ecep:reg="thought"
                     ecep:spe="thought"
                     ecep:syllab="1"
                     ecep:pron="θɔːt">thought</w>
                  <c> </c>
                  <w xmlns:ecep="http://www.eighteenthcenturypoetry.org/ns"
                     xml:id="pba35-269230"
                     n="a-0400"
                     ecep:lem="the"
                     ecep:pos="dt"
                     ecep:reg="the"
                     ecep:spe="the"
                     ecep:syllab="1"
                     ecep:pron="ðiː">the</w>
                  <c> </c>
                  <w xmlns:ecep="http://www.eighteenthcenturypoetry.org/ns"
                     xml:id="pba35-269240"
                     n="a-0410"
                     ecep:lem="verse"
                     ecep:pos="n1"
                     ecep:reg="Verse"
                     ecep:spe="Verse"
                     ecep:syllab="1"
                     ecep:pron="vɜːs">Verse</w>
                  <c> </c>
                  <w xmlns:ecep="http://www.eighteenthcenturypoetry.org/ns"
                     xml:id="pba35-269250"
                     n="a-0420"
                     ecep:lem="too"
                     ecep:pos="av"
                     ecep:reg="too"
                     ecep:spe="too"
                     ecep:syllab="1"
                     ecep:pron="tuː">too</w>
                  <c> </c>
                  <w xmlns:ecep="http://www.eighteenthcenturypoetry.org/ns"
                     xml:id="pba35-269260"
                     n="a-0430"
                     ecep:lem="good"
                     ecep:pos="j"
                     ecep:reg="good"
                     ecep:spe="good"
                     ecep:syllab="1"
                     ecep:pron="gʊd">good</w>
                  <c> </c>
                  <w xmlns:ecep="http://www.eighteenthcenturypoetry.org/ns"
                     xml:id="pba35-269270"
                     n="a-0440"
                     ecep:lem="for"
                     ecep:pos="p-acp"
                     ecep:reg="for"
                     ecep:spe="for"
                     ecep:syllab="1"
                     ecep:pron="fɔː">for</w>
                  <c> </c>
                  <hi>
                     <w xmlns:ecep="http://www.eighteenthcenturypoetry.org/ns"
                        xml:id="pba35-269280"
                        n="a-0450"
                        ecep:lem="you"
                        ecep:pos="pn22"
                        ecep:reg="You"
                        ecep:spe="You"
                        ecep:syllab="1"
                        ecep:pron="juː">You</w>
                  </hi>
                  <pc xmlns:ecep="http://www.eighteenthcenturypoetry.org/ns"
                      xml:id="pba35-269290"
                      n="a-0460"
                      ecep:lem=":"
                      ecep:pos=":"
                      ecep:reg=":"
                      ecep:spe=":">:</pc>
               </l>
               <l n="5" xml:id="pba35-l13710">
                  <c> </c>
                  <w xmlns:ecep="http://www.eighteenthcenturypoetry.org/ns"
                     xml:id="pba35-269300"
                     n="a-0470"
                     ecep:lem="but"
                     ecep:pos="cc-acp"
                     ecep:reg="But"
                     ecep:spe="But"
                     ecep:syllab="1"
                     ecep:pron="bʌt">But</w>
                  <c> </c>
                  <w xmlns:ecep="http://www.eighteenthcenturypoetry.org/ns"
                     xml:id="pba35-269310"
                     n="a-0480"
                     ecep:lem="since"
                     ecep:pos="c-acp"
                     ecep:reg="since"
                     ecep:spe="since"
                     ecep:syllab="1"
                     ecep:pron="sɪns">since</w>
                  <c> </c>
                  <hi>
                     <w xmlns:ecep="http://www.eighteenthcenturypoetry.org/ns"
                        xml:id="pba35-269320"
                        n="a-0490"
                        ecep:lem="you"
                        ecep:pos="pn22"
                        ecep:reg="you"
                        ecep:spe="you"
                        ecep:syllab="1"
                        ecep:pron="juː">you</w>
                     <c> </c>
                     <w xmlns:ecep="http://www.eighteenthcenturypoetry.org/ns"
                        xml:id="pba35-269330"
                        n="a-0500"
                        ecep:lem="say"
                        ecep:pos="vvb"
                        ecep:reg="say"
                        ecep:spe="say"
                        ecep:syllab="1"
                        ecep:pron="seɪ">say</w>
                  </hi>
                  <c> </c>
                  <w xmlns:ecep="http://www.eighteenthcenturypoetry.org/ns"
                     xml:id="pba35-269340"
                     n="a-0510"
                     ecep:lem="those"
                     ecep:pos="d"
                     ecep:reg="those"
                     ecep:spe="those"
                     ecep:syllab="1"
                     ecep:pron="ðəʊz">those</w>
                  <c> </c>
                  <w xmlns:ecep="http://www.eighteenthcenturypoetry.org/ns"
                     xml:id="pba35-269350"
                     n="a-0520"
                     ecep:lem="line"
                     ecep:pos="n2"
                     ecep:reg="Lines"
                     ecep:spe="Lines"
                     ecep:syllab="1"
                     ecep:pron="laɪnz">Lines</w>
                  <c> </c>
                  <w xmlns:ecep="http://www.eighteenthcenturypoetry.org/ns"
                     xml:id="pba35-269360"
                     n="a-0530"
                     ecep:lem="you"
                     ecep:pos="pn22"
                     ecep:reg="you"
                     ecep:spe="you"
                     ecep:syllab="1"
                     ecep:pron="juː">you</w>
                  <c> </c>
                  <w xmlns:ecep="http://www.eighteenthcenturypoetry.org/ns"
                     xml:id="pba35-269370"
                     n="a-0540"
                     ecep:lem="write"
                     ecep:pos="vvd"
                     ecep:reg="writ"
                     ecep:spe="writ"
                     ecep:syllab="1"
                     ecep:pron="rɪt">writ</w>
                  <pc xmlns:ecep="http://www.eighteenthcenturypoetry.org/ns"
                      xml:id="pba35-269380"
                      n="a-0550"
                      ecep:lem=","
                      ecep:pos=","
                      ecep:reg=","
                      ecep:spe=",">,</pc>
               </l>
               <l n="6" xml:id="pba35-l13715">
                  <c> </c>
                  <w xmlns:ecep="http://www.eighteenthcenturypoetry.org/ns"
                     xml:id="pba35-269390"
                     n="a-0560"
                     ecep:lem="the"
                     ecep:pos="dt"
                     ecep:reg="The"
                     ecep:spe="The"
                     ecep:syllab="1"
                     ecep:pron="ðiː">The</w>
                  <c> </c>
                  <w xmlns:ecep="http://www.eighteenthcenturypoetry.org/ns"
                     xml:id="pba35-269400"
                     n="a-0570"
                     ecep:lem="proof"
                     ecep:pos="n1"
                     ecep:reg="Proof"
                     ecep:spe="Proof"
                     ecep:syllab="1"
                     ecep:pron="pruːf">Proof</w>
                  <c> </c>
                  <w xmlns:ecep="http://www.eighteenthcenturypoetry.org/ns"
                     xml:id="pba35-269410"
                     n="a-0580"
                     ecep:lem="be"
                     ecep:pos="vbz"
                     ecep:reg="is"
                     ecep:spe="is"
                     ecep:syllab="1"
                     ecep:pron="ɪz">is</w>
                  <c> </c>
                  <w xmlns:ecep="http://www.eighteenthcenturypoetry.org/ns"
                     xml:id="pba35-269420"
                     n="a-0590"
                     ecep:lem="full"
                     ecep:pos="j"
                     ecep:reg="full"
                     ecep:spe="full"
                     ecep:syllab="1"
                     ecep:pron="fʊl">full</w>
                  <pc xmlns:ecep="http://www.eighteenthcenturypoetry.org/ns"
                      xml:id="pba35-269430"
                      n="a-0600"
                      ecep:lem=","
                      ecep:pos=","
                      ecep:reg=","
                      ecep:spe=",">,</pc>
                  <c> </c>
                  <w xmlns:ecep="http://www.eighteenthcenturypoetry.org/ns"
                     xml:id="pba35-269440"
                     n="a-0610"
                     ecep:lem="and"
                     ecep:pos="cc"
                     ecep:reg="and"
                     ecep:spe="and"
                     ecep:syllab="1"
                     ecep:pron="ænd">and</w>
                  <c> </c>
                  <w xmlns:ecep="http://www.eighteenthcenturypoetry.org/ns"
                     xml:id="pba35-269450"
                     n="a-0620"
                     ecep:lem="i"
                     ecep:pos="pns11"
                     ecep:reg="I"
                     ecep:spe="I"
                     ecep:syllab="1"
                     ecep:pron="aɪ">I</w>
                  <c> </c>
                  <w xmlns:ecep="http://www.eighteenthcenturypoetry.org/ns"
                     xml:id="pba35-269460"
                     n="a-0630"
                     ecep:lem="submit"
                     ecep:pos="vvb"
                     ecep:reg="submit"
                     ecep:spe="submit"
                     ecep:syllab="2"
                     ecep:pron="səbˈmɪt">submit</w>
                  <pc xmlns:ecep="http://www.eighteenthcenturypoetry.org/ns"
                      xml:id="pba35-269470"
                      n="a-0640"
                      unit="sentence"
                      ecep:lem="."
                      ecep:pos="."
                      ecep:reg="."
                      ecep:spe=".">.</pc>
                  <c> </c>
               </l>
            </lg>
            <lg xml:id="pba35-s01675">
               <l n="7" xml:id="pba35-l13720">
                  <w xmlns:ecep="http://www.eighteenthcenturypoetry.org/ns"
                     xml:id="pba35-269500"
                     n="a-0650"
                     ecep:lem="so"
                     ecep:pos="av"
                     ecep:reg="So"
                     ecep:spe="So"
                     ecep:syllab="1"
                     ecep:pron="səʊ">So</w>
                  <pc xmlns:ecep="http://www.eighteenthcenturypoetry.org/ns"
                      xml:id="pba35-269510"
                      n="a-0660"
                      ecep:lem=","
                      ecep:pos=","
                      ecep:reg=","
                      ecep:spe=",">,</pc>
                  <c> </c>
                  <w xmlns:ecep="http://www.eighteenthcenturypoetry.org/ns"
                     xml:id="pba35-269520"
                     n="a-0670"
                     ecep:lem="if"
                     ecep:pos="cs"
                     ecep:reg="if"
                     ecep:spe="if"
                     ecep:syllab="1"
                     ecep:pron="ɪf">if</w>
                  <c> </c>
                  <hi>
                     <w xmlns:ecep="http://www.eighteenthcenturypoetry.org/ns"
                        xml:id="pba35-269530"
                        n="a-0680"
                        ecep:lem="thaumantia"
                        ecep:pos="np1"
                        ecep:reg="Thaumantia"
                        ecep:spe="Thaumantia"
                        ecep:syllab="3"
                        ecep:pron="θˈɔːmænʃə">Thaumantia</w>
                  </hi>
                  <c> </c>
                  <w xmlns:ecep="http://www.eighteenthcenturypoetry.org/ns"
                     xml:id="pba35-269540"
                     n="a-0690"
                     ecep:lem="shall"
                     ecep:pos="vmd"
                     ecep:reg="should"
                     ecep:spe="should"
                     ecep:syllab="1"
                     ecep:pron="ʃʊd">should</w>
                  <c> </c>
                  <w xmlns:ecep="http://www.eighteenthcenturypoetry.org/ns"
                     xml:id="pba35-269550"
                     n="a-0700"
                     ecep:lem="profess"
                     ecep:pos="vvi"
                     ecep:reg="profess"
                     ecep:spe="profess"
                     ecep:syllab="2"
                     ecep:pron="prəˈfes">profess</w>
                  <pc xmlns:ecep="http://www.eighteenthcenturypoetry.org/ns"
                      xml:id="pba35-269560"
                      n="a-0710"
                      ecep:lem=","
                      ecep:pos=","
                      ecep:reg=","
                      ecep:spe=",">,</pc>
               </l>
               <l n="8" xml:id="pba35-l13725">
                  <c> </c>
                  <w xmlns:ecep="http://www.eighteenthcenturypoetry.org/ns"
                     xml:id="pba35-269570"
                     n="a-0720"
                     ecep:lem="she"
                     ecep:pos="pns31"
                     ecep:reg="She"
                     ecep:spe="She"
                     ecep:syllab="1"
                     ecep:pron="ʃiː">She</w>
                  <c> </c>
                  <w xmlns:ecep="http://www.eighteenthcenturypoetry.org/ns"
                     xml:id="pba35-269580"
                     n="a-0730"
                     ecep:lem="owe"
                     ecep:pos="vvz"
                     ecep:reg="owes"
                     ecep:spe="owes"
                     ecep:syllab="1"
                     ecep:pron="əʊz">owes</w>
                  <c> </c>
                  <w xmlns:ecep="http://www.eighteenthcenturypoetry.org/ns"
                     xml:id="pba35-269590"
                     n="a-0740"
                     ecep:lem="herself"
                     ecep:pos="px31"
                     ecep:reg="Herself"
                     ecep:spe="Herself"
                     ecep:syllab="2"
                     ecep:pron="həˈself">Herself</w>
                  <c> </c>
                  <w xmlns:ecep="http://www.eighteenthcenturypoetry.org/ns"
                     xml:id="pba35-269600"
                     n="a-0750"
                     ecep:lem="her"
                     ecep:pos="po31"
                     ecep:reg="her"
                     ecep:spe="her"
                     ecep:syllab="1"
                     ecep:pron="hɜː">her</w>
                  <c> </c>
                  <w xmlns:ecep="http://www.eighteenthcenturypoetry.org/ns"
                     xml:id="pba35-269610"
                     n="a-0760"
                     ecep:lem="glorious"
                     ecep:pos="j"
                     ecep:reg="glorious"
                     ecep:spe="glorious"
                     ecep:syllab="2"
                     ecep:pron="ˈglɔːriəs">glorious</w>
                  <c> </c>
                  <w xmlns:ecep="http://www.eighteenthcenturypoetry.org/ns"
                     xml:id="pba35-269620"
                     n="a-0770"
                     ecep:lem="dress"
                     ecep:pos="n1"
                     ecep:reg="Dress"
                     ecep:spe="Dress"
                     ecep:syllab="1"
                     ecep:pron="dres">Dress</w>
                  <pc xmlns:ecep="http://www.eighteenthcenturypoetry.org/ns"
                      xml:id="pba35-269630"
                      n="a-0780"
                      ecep:lem=";"
                      ecep:pos=";"
                      ecep:reg=";"
                      ecep:spe=";">;</pc>
               </l>
               <l n="9" xml:id="pba35-l13730">
                  <c> </c>
                  <w xmlns:ecep="http://www.eighteenthcenturypoetry.org/ns"
                     xml:id="pba35-269640"
                     n="a-0790"
                     ecep:lem="and"
                     ecep:pos="cc"
                     ecep:reg="And"
                     ecep:spe="And"
                     ecep:syllab="1"
                     ecep:pron="ænd">And</w>
                  <c> </c>
                  <hi>
                     <w xmlns:ecep="http://www.eighteenthcenturypoetry.org/ns"
                        xml:id="pba35-269650"
                        n="a-0800"
                        ecep:lem="Cynthia"
                        ecep:pos="np1"
                        ecep:reg="Cynthia"
                        ecep:spe="Cynthia"
                        ecep:syllab="3"
                        ecep:pron="ˈsɪnθiə">Cynthia</w>
                  </hi>
                  <pc xmlns:ecep="http://www.eighteenthcenturypoetry.org/ns"
                      xml:id="pba35-269660"
                      n="a-0810"
                      ecep:lem=","
                      ecep:pos=","
                      ecep:reg=","
                      ecep:spe=",">,</pc>
                  <c> </c>
                  <w xmlns:ecep="http://www.eighteenthcenturypoetry.org/ns"
                     xml:id="pba35-269670"
                     n="a-0820"
                     ecep:lem="empress"
                     ecep:pos="n1"
                     ecep:reg="Empress"
                     ecep:spe="Empress"
                     ecep:syllab="2"
                     ecep:pron="ˈemprəs">Empress</w>
                  <c> </c>
                  <w xmlns:ecep="http://www.eighteenthcenturypoetry.org/ns"
                     xml:id="pba35-269680"
                     n="a-0830"
                     ecep:lem="of"
                     ecep:pos="pp-f"
                     ecep:reg="of"
                     ecep:spe="of"
                     ecep:syllab="1"
                     ecep:pron="ɒv">of</w>
                  <c> </c>
                  <w xmlns:ecep="http://www.eighteenthcenturypoetry.org/ns"
                     xml:id="pba35-269690"
                     n="a-0840"
                     ecep:lem="the"
                     ecep:pos="dt"
                     ecep:reg="the"
                     ecep:spe="the"
                     ecep:syllab="1"
                     ecep:pron="ðiː">the</w>
                  <c> </c>
                  <w xmlns:ecep="http://www.eighteenthcenturypoetry.org/ns"
                     xml:id="pba35-269700"
                     n="a-0850"
                     ecep:lem="night"
                     ecep:pos="n1"
                     ecep:reg="Night"
                     ecep:spe="Night"
                     ecep:syllab="1"
                     ecep:pron="naɪt">Night</w>
                  <pc xmlns:ecep="http://www.eighteenthcenturypoetry.org/ns"
                      xml:id="pba35-269710"
                      n="a-0860"
                      ecep:lem=","
                      ecep:pos=","
                      ecep:reg=","
                      ecep:spe=",">,</pc>
               </l>
               <l n="10" xml:id="pba35-l13735">
                  <c> </c>
                  <w xmlns:ecep="http://www.eighteenthcenturypoetry.org/ns"
                     xml:id="pba35-269720"
                     n="a-0870"
                     ecep:lem="declare"
                     ecep:pos="vvb"
                     ecep:reg="Declare"
                     ecep:spe="Declare"
                     ecep:syllab="2"
                     ecep:pron="dɪˈkleə">Declare</w>
                  <c> </c>
                  <w xmlns:ecep="http://www.eighteenthcenturypoetry.org/ns"
                     xml:id="pba35-269730"
                     n="a-0880"
                     ecep:lem="she"
                     ecep:pos="pns31"
                     ecep:reg="she"
                     ecep:spe="she"
                     ecep:syllab="1"
                     ecep:pron="ʃiː">she</w>
                  <c> </c>
                  <w xmlns:ecep="http://www.eighteenthcenturypoetry.org/ns"
                     xml:id="pba35-269740"
                     n="a-0890"
                     ecep:lem="shine"
                     ecep:pos="vvz"
                     ecep:reg="shines"
                     ecep:spe="shines"
                     ecep:syllab="1"
                     ecep:pron="ʃaɪnz">shines</w>
                  <c> </c>
                  <w xmlns:ecep="http://www.eighteenthcenturypoetry.org/ns"
                     xml:id="pba35-269750"
                     n="a-0900"
                     ecep:lem="by"
                     ecep:pos="p-acp"
                     ecep:reg="by"
                     ecep:spe="by"
                     ecep:syllab="1"
                     ecep:pron="baɪ">by</w>
                  <c> </c>
                  <w xmlns:ecep="http://www.eighteenthcenturypoetry.org/ns"
                     xml:id="pba35-269760"
                     n="a-0910"
                     ecep:lem="native"
                     ecep:pos="j-jn"
                     ecep:reg="native"
                     ecep:spe="native"
                     ecep:syllab="2"
                     ecep:pron="ˈneɪtɪv">native</w>
                  <c> </c>
                  <w xmlns:ecep="http://www.eighteenthcenturypoetry.org/ns"
                     xml:id="pba35-269770"
                     n="a-0920"
                     ecep:lem="light"
                     ecep:pos="n1"
                     ecep:reg="Light"
                     ecep:spe="Light"
                     ecep:syllab="1"
                     ecep:pron="laɪt">Light</w>
                  <pc xmlns:ecep="http://www.eighteenthcenturypoetry.org/ns"
                      xml:id="pba35-269780"
                      n="a-0930"
                      ecep:lem=";"
                      ecep:pos=";"
                      ecep:reg=";"
                      ecep:spe=";">;</pc>
               </l>
               <l n="11" xml:id="pba35-l13740">
                  <c> </c>
                  <pc xmlns:ecep="http://www.eighteenthcenturypoetry.org/ns"
                      xml:id="pba35-269790"
                      n="a-0940"
                      ecep:lem="("
                      ecep:pos="("
                      ecep:reg="("
                      ecep:spe="(">(</pc>
                  <w xmlns:ecep="http://www.eighteenthcenturypoetry.org/ns"
                     xml:id="pba35-269800"
                     n="a-0950"
                     ecep:lem="though"
                     ecep:pos="c-acp"
                     ecep:reg="Though"
                     ecep:spe="Tho'"
                     ecep:syllab="1"
                     ecep:pron="ðəʊ">Tho'</w>
                  <c> </c>
                  <w xmlns:ecep="http://www.eighteenthcenturypoetry.org/ns"
                     xml:id="pba35-269810"
                     n="a-0960"
                     ecep:lem="envious"
                     ecep:pos="j"
                     ecep:reg="envious"
                     ecep:spe="envious"
                     ecep:syllab="2"
                     ecep:pron="ˈenviəs">envious</w>
                  <c> </c>
                  <w xmlns:ecep="http://www.eighteenthcenturypoetry.org/ns"
                     xml:id="pba35-269820"
                     n="a-0970"
                     ecep:lem="critic"
                     ecep:pos="n2"
                     ecep:reg="Critics"
                     ecep:spe="Criticks"
                     ecep:syllab="2"
                     ecep:pron="ˈkrɪtɪks">Criticks</w>
                  <c> </c>
                  <w xmlns:ecep="http://www.eighteenthcenturypoetry.org/ns"
                     xml:id="pba35-269830"
                     n="a-0980"
                     ecep:lem="vent"
                     ecep:pos="vvb"
                     ecep:reg="vent"
                     ecep:spe="vent"
                     ecep:syllab="1"
                     ecep:pron="vent">vent</w>
                  <c> </c>
                  <w xmlns:ecep="http://www.eighteenthcenturypoetry.org/ns"
                     xml:id="pba35-269840"
                     n="a-0990"
                     ecep:lem="their"
                     ecep:pos="po32"
                     ecep:reg="their"
                     ecep:spe="their"
                     ecep:syllab="1"
                     ecep:pron="ðeə">their</w>
                  <c> </c>
                  <w xmlns:ecep="http://www.eighteenthcenturypoetry.org/ns"
                     xml:id="pba35-269850"
                     n="a-1000"
                     ecep:lem="Gall"
                     ecep:pos="np1"
                     ecep:reg="Gall"
                     ecep:spe="Gall"
                     ecep:syllab="1"
                     ecep:pron="gɔːl">Gall</w>
                  <pc xmlns:ecep="http://www.eighteenthcenturypoetry.org/ns"
                      xml:id="pba35-269860"
                      n="a-1010"
                      ecep:lem=","
                      ecep:pos=","
                      ecep:reg=","
                      ecep:spe=",">,</pc>
                  <pc xmlns:ecep="http://www.eighteenthcenturypoetry.org/ns"
                      xml:id="pba35-269870"
                      n="a-1020"
                      ecep:lem=")"
                      ecep:pos=")"
                      ecep:reg=")"
                      ecep:spe=")">)</pc>
               </l>
               <l n="12" xml:id="pba35-l13745">
                  <c> </c>
                  <hi>
                     <w xmlns:ecep="http://www.eighteenthcenturypoetry.org/ns"
                        xml:id="pba35-269880"
                        n="a-1030"
                        ecep:lem="i|will"
                        ecep:pos="pns11|vmd"
                        ecep:reg="I'd"
                        ecep:spe="I'd"
                        ecep:syllab="1"
                        ecep:pron="ˈaɪd">I'd</w>
                     <c> </c>
                     <w xmlns:ecep="http://www.eighteenthcenturypoetry.org/ns"
                        xml:id="pba35-269890"
                        n="a-1040"
                        ecep:lem="equal"
                        ecep:pos="av-jn"
                        ecep:reg="equally"
                        ecep:spe="equally"
                        ecep:syllab="3"
                        ecep:pron="ˈiːkwəli">equally</w>
                     <c> </c>
                     <w xmlns:ecep="http://www.eighteenthcenturypoetry.org/ns"
                        xml:id="pba35-269900"
                        n="a-1050"
                        ecep:lem="believe"
                        ecep:pos="vvb"
                        ecep:reg="believe"
                        ecep:spe="believe"
                        ecep:syllab="2"
                        ecep:pron="bɪˈliːv">believe</w>
                     <c> </c>
                     <w xmlns:ecep="http://www.eighteenthcenturypoetry.org/ns"
                        xml:id="pba35-269910"
                        n="a-1060"
                        ecep:lem="you"
                        ecep:pos="pn22"
                        ecep:reg="you"
                        ecep:spe="you"
                        ecep:syllab="1"
                        ecep:pron="juː">you</w>
                     <c> </c>
                     <w xmlns:ecep="http://www.eighteenthcenturypoetry.org/ns"
                        xml:id="pba35-269920"
                        n="a-1070"
                        ecep:lem="all"
                        ecep:pos="d"
                        ecep:reg="all"
                        ecep:spe="all"
                        ecep:syllab="1"
                        ecep:pron="ɔːl">all</w>
                     <pc xmlns:ecep="http://www.eighteenthcenturypoetry.org/ns"
                         xml:id="pba35-269930"
                         n="a-1080"
                         unit="sentence"
                         ecep:lem="."
                         ecep:pos="."
                         ecep:reg="."
                         ecep:spe=".">.</pc>
                     <c> </c>
                  </hi>
               </l>
            </lg>
         </div>
      </body>
   </text>
</TEI>
