<?xml version="1.0" encoding="UTF-8"?>
<div xmlns:ecep="http://www.eighteenthcenturypoetry.org/ns"
     xmlns="http://www.tei-c.org/ns/1.0"
     xmlns:tei="http://www.tei-c.org/ns/1.0"
     ana="#iamb #pentameter #quatrain #heroicquatrain #cross #address"
     corresp="#txt_ChatTh1752_w0030"
     decls="#semi-normalized"
     ecep:syllab="10.10.10.10"
     met="-+|-+|-+|-+|-+/ -+|-+|-+|-+|-+/ -+|-+|-+|-+|-+/ -+|-+|-+|-+|-+/"
     rendition="#lgvspace"
     rhyme="abab"
     subtype="eceptext"
     type="poem"
     xml:id="o4198-w0090">
   <link target="authors.xml#aut_ChatTh1752" type="author"/>
   <head type="main">
      <w xml:id="o4198-021990"
         n="21-a-0010"
         ecep:lem="to"
         ecep:pos="p-acp"
         ecep:reg="TO"
         ecep:spe="TO"
         ecep:syllab="1"
         ecep:pron="tuː">TO</w>
      <c> </c>
      <w xml:id="o4198-022000"
         n="21-a-0020"
         ecep:lem="miss"
         ecep:pos="n1"
         ecep:reg="MISS"
         ecep:spe="MISS"
         ecep:syllab="1"
         ecep:pron="mɪs">MISS</w>
      <c> </c>
      <w xml:id="o4198-022010"
         n="21-a-0030"
         ecep:lem="h—l—d"
         ecep:pos="vvn"
         ecep:reg="H—L—D"
         ecep:spe="H—L—D"
         ecep:syllab="1"
         ecep:pron="ˈeɪtʃˈeldˈiː">H—L—D</w>
      <pc unit="sentence"
          xml:id="o4198-022050-eos"
          n="21-a-0080"
          ecep:lem="."
          ecep:pos="."
          ecep:reg="."
          ecep:spe=".">.</pc>
      <c> </c>
      <w xml:id="o4198-022060"
         n="21-a-0090"
         ecep:lem="with"
         ecep:pos="p-acp"
         ecep:reg="WITH"
         ecep:spe="WITH"
         ecep:syllab="1"
         ecep:pron="wɪð">WITH</w>
      <c> </c>
      <w xml:id="o4198-022070"
         n="21-a-0100"
         ecep:lem="a"
         ecep:pos="dt"
         ecep:reg="A"
         ecep:spe="A"
         ecep:syllab="1"
         ecep:pron="ə">A</w>
      <c> </c>
      <w xml:id="o4198-022080"
         n="21-a-0110"
         ecep:lem="present"
         ecep:pos="j"
         ecep:reg="PRESENT"
         ecep:spe="PRESENT"
         ecep:syllab="2"
         ecep:pron="ˈpreznt">PRESENT</w>
      <pc xml:id="o4198-022090"
          n="21-a-0120"
          unit="sentence"
          ecep:lem="."
          ecep:pos="."
          ecep:reg="."
          ecep:spe=".">.</pc>
   </head>
   <head type="sub">
      <date>
         <w xml:id="o4198-022120"
            n="21-a-0130"
            ecep:lem="1768."
            ecep:pos="crd"
            ecep:reg="1768."
            ecep:spe="1768."
            ecep:syllab="1"
            ecep:pron="wˈɒnθˈaʊzəndsˈevənhˈʌndrədənsˈɪkstiˈeɪt">1768.</w>
         <pc unit="sentence" xml:id="o4198-022120-eos" n="21-a-0140"/>
      </date>
   </head>
   <lg xml:id="o4198-s00095">
      <l xml:id="o4198-l00930">
         <w xml:id="o4198-022150"
            n="21-a-0150"
            ecep:lem="accept"
            ecep:pos="vvb"
            ecep:reg="ACCEPT"
            ecep:spe="ACCEPT"
            ecep:syllab="2"
            ecep:pron="əkˈsept">ACCEPT</w>
         <pc xml:id="o4198-022160"
             n="21-a-0160"
             ecep:lem=","
             ecep:pos=","
             ecep:reg=","
             ecep:spe=",">,</pc>
         <c> </c>
         <w xml:id="o4198-022170"
            n="21-a-0170"
            ecep:lem="fair"
            ecep:pos="j"
            ecep:reg="fair"
            ecep:spe="fair"
            ecep:syllab="1"
            ecep:pron="feə">fair</w>
         <c> </c>
         <w xml:id="o4198-022180"
            n="21-a-0180"
            ecep:lem="nymph"
            ecep:pos="n1"
            ecep:reg="Nymph"
            ecep:spe="Nymph"
            ecep:syllab="1"
            ecep:pron="nɪmf">Nymph</w>
         <pc xml:id="o4198-022190"
             n="21-a-0190"
             ecep:lem=","
             ecep:pos=","
             ecep:reg=","
             ecep:spe=",">,</pc>
         <c> </c>
         <w xml:id="o4198-022200"
            n="21-a-0200"
            ecep:lem="this"
            ecep:pos="d"
            ecep:reg="this"
            ecep:spe="this"
            ecep:syllab="1"
            ecep:pron="ðɪs">this</w>
         <c> </c>
         <w xml:id="o4198-022210"
            n="21-a-0210"
            ecep:lem="token"
            ecep:pos="n1"
            ecep:reg="token"
            ecep:spe="token"
            ecep:syllab="2"
            ecep:pron="ˈtəʊkn">token</w>
         <c> </c>
         <w xml:id="o4198-022220"
            n="21-a-0220"
            ecep:lem="of"
            ecep:pos="pp-f"
            ecep:reg="of"
            ecep:spe="of"
            ecep:syllab="1"
            ecep:pron="ɒv">of</w>
         <c> </c>
         <w xml:id="o4198-022230"
            n="21-a-0230"
            ecep:lem="my"
            ecep:pos="po11"
            ecep:reg="my"
            ecep:spe="my"
            ecep:syllab="1"
            ecep:pron="maɪ">my</w>
         <c> </c>
         <w xml:id="o4198-022240"
            n="21-a-0240"
            ecep:lem="love"
            ecep:pos="n1"
            ecep:reg="love"
            ecep:spe="love"
            ecep:syllab="1"
            ecep:pron="lʌv">love</w>
         <pc xml:id="o4198-022250"
             n="21-a-0250"
             ecep:lem=","
             ecep:pos=","
             ecep:reg=","
             ecep:spe=",">,</pc>
      </l>
      <l rendition="#h_3" xml:id="o4198-l00935">
         <c> </c>
         <w xml:id="o4198-022260"
            n="21-a-0260"
            ecep:lem="nor"
            ecep:pos="ccx"
            ecep:reg="Nor"
            ecep:spe="Nor"
            ecep:syllab="1"
            ecep:pron="nɔː">Nor</w>
         <c> </c>
         <w xml:id="o4198-022270"
            n="21-a-0270"
            ecep:lem="look"
            ecep:pos="vvb"
            ecep:reg="look"
            ecep:spe="look"
            ecep:syllab="1"
            ecep:pron="lʊk">look</w>
         <c> </c>
         <w xml:id="o4198-022280"
            n="21-a-0280"
            ecep:lem="disdainful"
            ecep:pos="j"
            ecep:reg="disdainful"
            ecep:spe="disdainful"
            ecep:syllab="3"
            ecep:pron="dɪsˈdeɪnfl">disdainful</w>
         <c> </c>
         <w xml:id="o4198-022290"
            n="21-a-0290"
            ecep:lem="on"
            ecep:pos="p-acp"
            ecep:reg="on"
            ecep:spe="on"
            ecep:syllab="1"
            ecep:pron="ɒn">on</w>
         <c> </c>
         <w xml:id="o4198-022300"
            n="21-a-0300"
            ecep:lem="the"
            ecep:pos="dt"
            ecep:reg="the"
            ecep:spe="the"
            ecep:syllab="1"
            ecep:pron="ðiː">the</w>
         <c> </c>
         <w xml:id="o4198-022310"
            n="21-a-0310"
            ecep:lem="prostrate"
            ecep:pos="j"
            ecep:reg="prostrate"
            ecep:spe="prostrate"
            ecep:syllab="2"
            ecep:pron="ˈprɒstreɪt">prostrate</w>
         <c> </c>
         <w xml:id="o4198-022320"
            n="21-a-0320"
            ecep:lem="Swain"
            ecep:pos="np1"
            ecep:reg="Swain"
            ecep:spe="Swain"
            ecep:syllab="1"
            ecep:pron="sweɪn">Swain</w>
         <pc xml:id="o4198-022330"
             n="21-a-0330"
             ecep:lem=";"
             ecep:pos=";"
             ecep:reg=";"
             ecep:spe=";">;</pc>
      </l>
      <l xml:id="o4198-l00940">
         <c> </c>
         <w xml:id="o4198-022340"
            n="21-a-0340"
            ecep:lem="by"
            ecep:pos="p-acp"
            ecep:reg="By"
            ecep:spe="By"
            ecep:syllab="1"
            ecep:pron="baɪ">By</w>
         <c> </c>
         <w xml:id="o4198-022350"
            n="21-a-0350"
            ecep:lem="every"
            ecep:pos="d"
            ecep:reg="every"
            ecep:spe="ev'ry"
            ecep:syllab="2"
            ecep:pron="ˈevri">ev'ry</w>
         <c> </c>
         <w xml:id="o4198-022360"
            n="21-a-0360"
            ecep:lem="sacred"
            ecep:pos="j"
            ecep:reg="sacred"
            ecep:spe="sacred"
            ecep:syllab="1"
            ecep:pron="ˈseɪkrɪd">sacred</w>
         <c> </c>
         <w xml:id="o4198-022370"
            n="21-a-0370"
            ecep:lem="oath"
            ecep:pos="n1"
            ecep:reg="oath"
            ecep:spe="oath"
            ecep:syllab="1"
            ecep:pron="əʊθ">oath</w>
         <pc xml:id="o4198-022380"
             n="21-a-0380"
             ecep:lem=";"
             ecep:pos=";"
             ecep:reg=";"
             ecep:spe=";">;</pc>
         <c> </c>
         <w xml:id="o4198-022390"
            n="21-a-0390"
            ecep:lem="i|will"
            ecep:pos="pns11|vmb"
            ecep:reg="I'll"
            ecep:spe="I'll"
            ecep:syllab="1"
            ecep:pron="ˈaɪl">I'll</w>
         <c> </c>
         <w xml:id="o4198-022400"
            n="21-a-0400"
            ecep:lem="constant"
            ecep:pos="j"
            ecep:reg="constant"
            ecep:spe="constant"
            ecep:syllab="2"
            ecep:pron="ˈkɒnstənt">constant</w>
         <c> </c>
         <w xml:id="o4198-022410"
            n="21-a-0410"
            ecep:lem="prove"
            ecep:pos="vvi"
            ecep:reg="prove"
            ecep:spe="prove"
            ecep:syllab="1"
            ecep:pron="pruːv">prove</w>
         <pc xml:id="o4198-022420"
             n="21-a-0420"
             ecep:lem=","
             ecep:pos=","
             ecep:reg=","
             ecep:spe=",">,</pc>
      </l>
      <l rendition="#h_3" xml:id="o4198-l00945">
         <c> </c>
         <w xml:id="o4198-022430"
            n="21-a-0430"
            ecep:lem="and"
            ecep:pos="cc"
            ecep:reg="And"
            ecep:spe="And"
            ecep:syllab="1"
            ecep:pron="ænd">And</w>
         <c> </c>
         <w xml:id="o4198-022440"
            n="21-a-0440"
            ecep:lem="act"
            ecep:pos="vvi"
            ecep:reg="act"
            ecep:spe="act"
            ecep:syllab="1"
            ecep:pron="ækt">act</w>
         <c> </c>
         <w xml:id="o4198-022450"
            n="21-a-0450"
            ecep:lem="as"
            ecep:pos="c-acp"
            ecep:reg="as"
            ecep:spe="as"
            ecep:syllab="1"
            ecep:pron="æz">as</w>
         <c> </c>
         <w xml:id="o4198-022460"
            n="21-a-0460"
            ecep:lem="worthy"
            ecep:pos="j-jn"
            ecep:reg="worthy"
            ecep:spe="worthy"
            ecep:syllab="2"
            ecep:pron="ˈwɜːði">worthy</w>
         <c> </c>
         <w xml:id="o4198-022470"
            n="21-a-0470"
            ecep:lem="for"
            ecep:pos="c-acp"
            ecep:reg="for"
            ecep:spe="for"
            ecep:syllab="1"
            ecep:pron="fɔː">for</w>
         <c> </c>
         <w xml:id="o4198-022480"
            n="21-a-0480"
            ecep:lem="to"
            ecep:pos="pc-acp"
            ecep:reg="to"
            ecep:spe="to"
            ecep:syllab="1"
            ecep:pron="tuː">to</w>
         <c> </c>
         <w xml:id="o4198-022490"
            n="21-a-0490"
            ecep:lem="wear"
            ecep:pos="vvi"
            ecep:reg="wear"
            ecep:spe="wear"
            ecep:syllab="1"
            ecep:pron="weə">wear</w>
         <c> </c>
         <w xml:id="o4198-022500"
            n="21-a-0500"
            ecep:lem="your"
            ecep:pos="po22"
            ecep:reg="your"
            ecep:spe="your"
            ecep:syllab="1"
            ecep:pron="jɔː">your</w>
         <c> </c>
         <w xml:id="o4198-022510"
            n="21-a-0510"
            ecep:lem="chain"
            ecep:pos="n1"
            ecep:reg="chain"
            ecep:spe="chain"
            ecep:syllab="1"
            ecep:pron="tʃeɪn">chain</w>
         <pc xml:id="o4198-022520"
             n="21-a-0520"
             unit="sentence"
             ecep:lem="."
             ecep:pos="."
             ecep:reg="."
             ecep:spe=".">.</pc>
         <c> </c>
      </l>
   </lg>
   <lg xml:id="o4198-s00100">
      <l xml:id="o4198-l00950">
         <w xml:id="o4198-022550"
            n="21-a-0530"
            ecep:lem="not"
            ecep:pos="xx"
            ecep:reg="Not"
            ecep:spe="Not"
            ecep:syllab="1"
            ecep:pron="nɒt">Not</w>
         <c> </c>
         <w xml:id="o4198-022560"
            n="21-a-0540"
            ecep:lem="with"
            ecep:pos="p-acp"
            ecep:reg="with"
            ecep:spe="with"
            ecep:syllab="1"
            ecep:pron="wɪð">with</w>
         <c> </c>
         <w xml:id="o4198-022570"
            n="21-a-0550"
            ecep:lem="more"
            ecep:pos="av-dc"
            ecep:reg="more"
            ecep:spe="more"
            ecep:syllab="1"
            ecep:pron="mɔː">more</w>
         <c> </c>
         <w xml:id="o4198-022580"
            n="21-a-0560"
            ecep:lem="constant"
            ecep:pos="j"
            ecep:reg="constant"
            ecep:spe="constant"
            ecep:syllab="2"
            ecep:pron="ˈkɒnstənt">constant</w>
         <c> </c>
         <w xml:id="o4198-022590"
            n="21-a-0570"
            ecep:lem="ardour"
            ecep:pos="n1"
            ecep:reg="ardour"
            ecep:spe="ardour"
            ecep:syllab="2"
            ecep:pron="ˈɑːdə">ardour</w>
         <c> </c>
         <w xml:id="o4198-022600"
            n="21-a-0580"
            ecep:lem="shall"
            ecep:pos="vmb"
            ecep:reg="shall"
            ecep:spe="shall"
            ecep:syllab="1"
            ecep:pron="ʃæl">shall</w>
         <c> </c>
         <w xml:id="o4198-022610"
            n="21-a-0590"
            ecep:lem="the"
            ecep:pos="dt"
            ecep:reg="the"
            ecep:spe="the"
            ecep:syllab="1"
            ecep:pron="ðiː">the</w>
         <c> </c>
         <w xml:id="o4198-022620"
            n="21-a-0600"
            ecep:lem="sun"
            ecep:pos="n1"
            ecep:reg="sun"
            ecep:spe="sun"
            ecep:syllab="1"
            ecep:pron="sʌn">sun</w>
      </l>
      <l rendition="#h_3" xml:id="o4198-l00955">
         <c> </c>
         <w xml:id="o4198-022630"
            n="21-a-0610"
            ecep:lem="chase"
            ecep:pos="n1"
            ecep:reg="Chase"
            ecep:spe="Chase"
            ecep:syllab="1"
            ecep:pron="tʃeɪs">Chase</w>
         <c> </c>
         <w xml:id="o4198-022640"
            n="21-a-0620"
            ecep:lem="the"
            ecep:pos="dt"
            ecep:reg="the"
            ecep:spe="the"
            ecep:syllab="1"
            ecep:pron="ðiː">the</w>
         <c> </c>
         <w xml:id="o4198-022650"
            n="21-a-0630"
            ecep:lem="faint"
            ecep:pos="j"
            ecep:reg="faint"
            ecep:spe="faint"
            ecep:syllab="1"
            ecep:pron="feɪnt">faint</w>
         <c> </c>
         <w xml:id="o4198-022660"
            n="21-a-0640"
            ecep:lem="shadow"
            ecep:pos="n2"
            ecep:reg="shadows"
            ecep:spe="shadows"
            ecep:syllab="2"
            ecep:pron="ˈʃædəʊz">shadows</w>
         <c> </c>
         <w xml:id="o4198-022670"
            n="21-a-0650"
            ecep:lem="of"
            ecep:pos="pp-f"
            ecep:reg="of"
            ecep:spe="of"
            ecep:syllab="1"
            ecep:pron="ɒv">of</w>
         <c> </c>
         <w xml:id="o4198-022680"
            n="21-a-0660"
            ecep:lem="the"
            ecep:pos="dt"
            ecep:reg="the"
            ecep:spe="the"
            ecep:syllab="1"
            ecep:pron="ðiː">the</w>
         <c> </c>
         <w xml:id="o4198-022690"
            n="21-a-0670"
            ecep:lem="night"
            ecep:pos="n1"
            ecep:reg="night"
            ecep:spe="night"
            ecep:syllab="1"
            ecep:pron="naɪt">night</w>
         <c> </c>
         <w xml:id="o4198-022700"
            n="21-a-0680"
            ecep:lem="away"
            ecep:pos="av"
            ecep:reg="away"
            ecep:spe="away"
            ecep:syllab="2"
            ecep:pron="əˈweɪ">away</w>
         <pc xml:id="o4198-022710"
             n="21-a-0690"
             ecep:lem=";"
             ecep:pos=";"
             ecep:reg=";"
             ecep:spe=";">;</pc>
      </l>
      <l xml:id="o4198-l00960">
         <c> </c>
         <w xml:id="o4198-022720"
            n="21-a-0700"
            ecep:lem="nor"
            ecep:pos="ccx"
            ecep:reg="Nor"
            ecep:spe="Nor"
            ecep:syllab="1"
            ecep:pron="nɔː">Nor</w>
         <c> </c>
         <w xml:id="o4198-022730"
            n="21-a-0710"
            ecep:lem="shall"
            ecep:pos="vmb"
            ecep:reg="shall"
            ecep:spe="shall"
            ecep:syllab="1"
            ecep:pron="ʃæl">shall</w>
         <c> </c>
         <w xml:id="o4198-022740"
            n="21-a-0720"
            ecep:lem="he"
            ecep:pos="pns31"
            ecep:reg="he"
            ecep:spe="he"
            ecep:syllab="1"
            ecep:pron="hiː">he</w>
         <c> </c>
         <w xml:id="o4198-022750"
            n="21-a-0730"
            ecep:lem="on"
            ecep:pos="p-acp"
            ecep:reg="on"
            ecep:spe="on"
            ecep:syllab="1"
            ecep:pron="ɒn">on</w>
         <c> </c>
         <w xml:id="o4198-022760"
            n="21-a-0740"
            ecep:lem="his"
            ecep:pos="po31"
            ecep:reg="his"
            ecep:spe="his"
            ecep:syllab="1"
            ecep:pron="hɪz">his</w>
         <c> </c>
         <w xml:id="o4198-022770"
            n="21-a-0750"
            ecep:lem="course"
            ecep:pos="n1"
            ecep:reg="course"
            ecep:spe="course"
            ecep:syllab="1"
            ecep:pron="kɔːs">course</w>
         <c> </c>
         <w xml:id="o4198-022780"
            n="21-a-0760"
            ecep:lem="more"
            ecep:pos="av-dc"
            ecep:reg="more"
            ecep:spe="more"
            ecep:syllab="1"
            ecep:pron="mɔː">more</w>
         <c> </c>
         <w xml:id="o4198-022790"
            n="21-a-0770"
            ecep:lem="constant"
            ecep:pos="j"
            ecep:reg="constant"
            ecep:spe="constant"
            ecep:syllab="2"
            ecep:pron="ˈkɒnstənt">constant</w>
         <c> </c>
         <w xml:id="o4198-022800"
            n="21-a-0780"
            ecep:lem="run"
            ecep:pos="n1"
            ecep:reg="run"
            ecep:spe="run"
            ecep:syllab="1"
            ecep:pron="rʌn">run</w>
         <pc xml:id="o4198-022810"
             n="21-a-0790"
             ecep:lem=","
             ecep:pos=","
             ecep:reg=","
             ecep:spe=",">,</pc>
      </l>
      <l rendition="#h_3" xml:id="o4198-l00965">
         <c> </c>
         <w xml:id="o4198-022820"
            n="21-a-0800"
            ecep:lem="and"
            ecep:pos="cc"
            ecep:reg="And"
            ecep:spe="And"
            ecep:syllab="1"
            ecep:pron="ænd">And</w>
         <c> </c>
         <w xml:id="o4198-022830"
            n="21-a-0810"
            ecep:lem="cheer"
            ecep:pos="vvi"
            ecep:reg="cheer"
            ecep:spe="cheer"
            ecep:syllab="1"
            ecep:pron="tʃɪə">cheer</w>
         <c> </c>
         <w xml:id="o4198-022840"
            n="21-a-0820"
            ecep:lem="the"
            ecep:pos="dt"
            ecep:reg="the"
            ecep:spe="the"
            ecep:syllab="1"
            ecep:pron="ðiː">the</w>
         <c> </c>
         <w xml:id="o4198-022850"
            n="21-a-0830"
            ecep:lem="universe"
            ecep:pos="n1"
            ecep:reg="universe"
            ecep:spe="universe"
            ecep:syllab="3"
            ecep:pron="ˈjuːnɪvɜːs">universe</w>
         <c> </c>
         <w xml:id="o4198-022860"
            n="21-a-0840"
            ecep:lem="with"
            ecep:pos="p-acp"
            ecep:reg="with"
            ecep:spe="with"
            ecep:syllab="1"
            ecep:pron="wɪð">with</w>
         <c> </c>
         <w xml:id="o4198-022870"
            n="21-a-0850"
            ecep:lem="come"
            ecep:pos="vvg"
            ecep:reg="coming"
            ecep:spe="coming"
            ecep:syllab="2"
            ecep:pron="kʌmɪŋ">coming</w>
         <c> </c>
         <w xml:id="o4198-022880"
            n="21-a-0860"
            ecep:lem="day"
            ecep:pos="n1"
            ecep:reg="day"
            ecep:spe="day"
            ecep:syllab="1"
            ecep:pron="deɪ">day</w>
         <pc xml:id="o4198-022890"
             n="21-a-0870"
             ecep:lem=","
             ecep:pos=","
             ecep:reg=","
             ecep:spe=",">,</pc>
      </l>
   </lg>
   <lg xml:id="o4198-s00105">
      <l xml:id="o4198-l00970">
         <w xml:id="o4198-022920"
            n="21-a-0880"
            ecep:lem="than"
            ecep:pos="cs"
            ecep:reg="Than"
            ecep:spe="Than"
            ecep:syllab="1"
            ecep:pron="ðæn">Than</w>
         <c> </c>
         <w xml:id="o4198-022930"
            n="21-a-0890"
            ecep:lem="i"
            ecep:pos="pns11"
            ecep:reg="I"
            ecep:spe="I"
            ecep:syllab="1"
            ecep:pron="aɪ">I</w>
         <c> </c>
         <w xml:id="o4198-022940"
            n="21-a-0900"
            ecep:lem="in"
            ecep:pos="p-acp"
            ecep:reg="in"
            ecep:spe="in"
            ecep:syllab="1"
            ecep:pron="ɪn">in</w>
         <c> </c>
         <w xml:id="o4198-022950"
            n="21-a-0910"
            ecep:lem="please"
            ecep:pos="vvg"
            ecep:reg="pleasing"
            ecep:spe="pleasing"
            ecep:syllab="2"
            ecep:pron="pliːzɪŋ">pleasing</w>
         <c> </c>
         <w xml:id="o4198-022960"
            n="21-a-0920"
            ecep:lem="chain"
            ecep:pos="n2"
            ecep:reg="chains"
            ecep:spe="chains"
            ecep:syllab="1"
            ecep:pron="tʃeɪnz">chains</w>
         <c> </c>
         <w xml:id="o4198-022970"
            n="21-a-0930"
            ecep:lem="of"
            ecep:pos="pp-f"
            ecep:reg="of"
            ecep:spe="of"
            ecep:syllab="1"
            ecep:pron="ɒv">of</w>
         <c> </c>
         <w xml:id="o4198-022980"
            n="21-a-0940"
            ecep:lem="conquest"
            ecep:pos="n1"
            ecep:reg="conquest"
            ecep:spe="conquest"
            ecep:syllab="2"
            ecep:pron="ˈkɒŋkwest">conquest</w>
         <c> </c>
         <w xml:id="o4198-022990"
            n="21-a-0950"
            ecep:lem="bind"
            ecep:pos="vvn"
            ecep:reg="bound"
            ecep:spe="bound"
            ecep:syllab="1"
            ecep:pron="baʊnd">bound</w>
         <pc xml:id="o4198-023000"
             n="21-a-0960"
             ecep:lem=","
             ecep:pos=","
             ecep:reg=","
             ecep:spe=",">,</pc>
      </l>
      <l rendition="#h_3" xml:id="o4198-l00975">
         <c> </c>
         <w xml:id="o4198-023010"
            n="21-a-0970"
            ecep:lem="adore"
            ecep:pos="vvb"
            ecep:reg="Adore"
            ecep:spe="Adore"
            ecep:syllab="2"
            ecep:pron="əˈdɔː">Adore</w>
         <c> </c>
         <w xml:id="o4198-023020"
            n="21-a-0980"
            ecep:lem="the"
            ecep:pos="dt"
            ecep:reg="the"
            ecep:spe="the"
            ecep:syllab="1"
            ecep:pron="ðiː">the</w>
         <c> </c>
         <w xml:id="o4198-023030"
            n="21-a-0990"
            ecep:lem="charm"
            ecep:pos="j-vvg"
            ecep:reg="charming"
            ecep:spe="charming"
            ecep:syllab="2"
            ecep:pron="ˈtʃɑːmɪŋ">charming</w>
         <c> </c>
         <w xml:id="o4198-023040"
            n="21-a-1000"
            ecep:lem="author"
            ecep:pos="n1"
            ecep:reg="Author"
            ecep:spe="Author"
            ecep:syllab="2"
            ecep:pron="ˈɔːθə">Author</w>
         <c> </c>
         <w xml:id="o4198-023050"
            n="21-a-1010"
            ecep:lem="of"
            ecep:pos="pp-f"
            ecep:reg="of"
            ecep:spe="of"
            ecep:syllab="1"
            ecep:pron="ɒv">of</w>
         <c> </c>
         <w xml:id="o4198-023060"
            n="21-a-1020"
            ecep:lem="my"
            ecep:pos="po11"
            ecep:reg="my"
            ecep:spe="my"
            ecep:syllab="1"
            ecep:pron="maɪ">my</w>
         <c> </c>
         <w xml:id="o4198-023070"
            n="21-a-1030"
            ecep:lem="smart"
            ecep:pos="j"
            ecep:reg="smart"
            ecep:spe="smart"
            ecep:syllab="1"
            ecep:pron="smɑːt">smart</w>
         <pc xml:id="o4198-023080"
             n="21-a-1040"
             ecep:lem=";"
             ecep:pos=";"
             ecep:reg=";"
             ecep:spe=";">;</pc>
         <c> </c>
         <pc xml:id="o4198-023090"
             n="21-a-1050"
             ecep:lem="—"
             ecep:pos="—"
             ecep:reg="—"
             ecep:spe="—">—</pc>
      </l>
      <l xml:id="o4198-l00980">
         <c> </c>
         <w xml:id="o4198-023100"
            n="21-a-1060"
            ecep:lem="for"
            ecep:pos="p-acp"
            ecep:reg="For"
            ecep:spe="For"
            ecep:syllab="1"
            ecep:pron="fɔː">For</w>
         <c> </c>
         <w xml:id="o4198-023110"
            n="21-a-1070"
            ecep:lem="ever"
            ecep:pos="av"
            ecep:reg="ever"
            ecep:spe="ever"
            ecep:syllab="2"
            ecep:pron="ˈevə">ever</w>
         <c> </c>
         <w xml:id="o4198-023120"
            n="21-a-1080"
            ecep:lem="will"
            ecep:pos="vmb"
            ecep:reg="will"
            ecep:spe="will"
            ecep:syllab="1"
            ecep:pron="wɪl">will</w>
         <c> </c>
         <w xml:id="o4198-023130"
            n="21-a-1090"
            ecep:lem="i"
            ecep:pos="pns11"
            ecep:reg="I"
            ecep:spe="I"
            ecep:syllab="1"
            ecep:pron="aɪ">I</w>
         <c> </c>
         <w xml:id="o4198-023140"
            n="21-a-1100"
            ecep:lem="thy"
            ecep:pos="po21"
            ecep:reg="thy"
            ecep:spe="thy"
            ecep:syllab="1"
            ecep:pron="ðaɪ">thy</w>
         <c> </c>
         <w xml:id="o4198-023150"
            n="21-a-1110"
            ecep:lem="sweet"
            ecep:pos="j"
            ecep:reg="sweet"
            ecep:spe="sweet"
            ecep:syllab="1"
            ecep:pron="swiːt">sweet</w>
         <c> </c>
         <w xml:id="o4198-023160"
            n="21-a-1120"
            ecep:lem="charm"
            ecep:pos="n2"
            ecep:reg="charms"
            ecep:spe="charms"
            ecep:syllab="1"
            ecep:pron="tʃɑːmz">charms</w>
         <c> </c>
         <w xml:id="o4198-023170"
            n="21-a-1130"
            ecep:lem="resound"
            ecep:pos="vvb"
            ecep:reg="resound"
            ecep:spe="resound"
            ecep:syllab="2"
            ecep:pron="rɪˈzaʊnd">resound</w>
         <pc xml:id="o4198-023180"
             n="21-a-1140"
             ecep:lem=","
             ecep:pos=","
             ecep:reg=","
             ecep:spe=",">,</pc>
      </l>
      <l rendition="#h_3" xml:id="o4198-l00985">
         <c> </c>
         <w xml:id="o4198-023190"
            n="21-a-1150"
            ecep:lem="and"
            ecep:pos="cc"
            ecep:reg="And"
            ecep:spe="And"
            ecep:syllab="1"
            ecep:pron="ænd">And</w>
         <c> </c>
         <w xml:id="o4198-023200"
            n="21-a-1160"
            ecep:lem="paint"
            ecep:pos="vvi"
            ecep:reg="paint"
            ecep:spe="paint"
            ecep:syllab="1"
            ecep:pron="peɪnt">paint</w>
         <c> </c>
         <w xml:id="o4198-023210"
            n="21-a-1170"
            ecep:lem="the"
            ecep:pos="dt"
            ecep:reg="the"
            ecep:spe="the"
            ecep:syllab="1"
            ecep:pron="ðiː">the</w>
         <c> </c>
         <w xml:id="o4198-023220"
            n="21-a-1180"
            ecep:lem="fair"
            ecep:pos="j"
            ecep:reg="fair"
            ecep:spe="fair"
            ecep:syllab="1"
            ecep:pron="feə">fair</w>
         <c> </c>
         <w xml:id="o4198-023230"
            n="21-a-1190"
            ecep:lem="possessor"
            ecep:pos="n1"
            ecep:reg="Possessor"
            ecep:spe="Possessor"
            ecep:syllab="3"
            ecep:pron="pəˈzesə">Possessor</w>
         <c> </c>
         <w xml:id="o4198-023240"
            n="21-a-1200"
            ecep:lem="of"
            ecep:pos="pp-f"
            ecep:reg="of"
            ecep:spe="of"
            ecep:syllab="1"
            ecep:pron="ɒv">of</w>
         <c> </c>
         <w xml:id="o4198-023250"
            n="21-a-1210"
            ecep:lem="my"
            ecep:pos="po11"
            ecep:reg="my"
            ecep:spe="my"
            ecep:syllab="1"
            ecep:pron="maɪ">my</w>
         <c> </c>
         <w xml:id="o4198-023260"
            n="21-a-1220"
            ecep:lem="heart"
            ecep:pos="n1"
            ecep:reg="heart"
            ecep:spe="heart"
            ecep:syllab="1"
            ecep:pron="hɑːt">heart</w>
         <pc xml:id="o4198-023270"
             n="21-a-1230"
             unit="sentence"
             ecep:lem="."
             ecep:pos="."
             ecep:reg="."
             ecep:spe=".">.</pc>
         <c> </c>
      </l>
   </lg>
</div>
