<?xml version="1.0" encoding="utf-8"?>
<!DOCTYPE div
  SYSTEM "about:legacy-compat">
<div xmlns:ecep="http://www.eighteenthcenturypoetry.org/ns"
     xmlns="http://www.tei-c.org/ns/1.0"
     xmlns:tei="http://www.tei-c.org/ns/1.0"
     ana="#iamb #tetrameter #couplet #pair #ode"
     corresp="#txt_SmolTo1721_w0002"
     decls="#semi-normalized"
     ecep:syllab="8"
     met="-+|-+|-+|-+/"
     rendition="#lgindent"
     rhyme="aa"
     subtype="eceptext"
     type="ode"
     xml:id="o4987-w0520">
   <link target="authors.xml#aut_SmolTo1721" type="author"/>
   <link target="32655" type="DMI"/>
   <head type="main">
      <w xml:id="o4987-273590"
         n="136-a-0780"
         ecep:lem="ode"
         ecep:pos="n1"
         ecep:reg="ODE"
         ecep:spe="ODE"
         ecep:syllab="1"
         ecep:pron="əʊd">ODE</w>
      <c> </c>
      <w xml:id="o4987-273600"
         n="136-a-0790"
         ecep:lem="to"
         ecep:pos="p-acp"
         ecep:reg="TO"
         ecep:spe="TO"
         ecep:syllab="1"
         ecep:pron="tuː">TO</w>
      <c> </c>
      <w xml:id="o4987-273610"
         n="136-a-0800"
         ecep:lem="sleep"
         ecep:pos="n1"
         ecep:reg="SLEEP"
         ecep:spe="SLEEP"
         ecep:syllab="1"
         ecep:pron="sliːp">SLEEP</w>
      <pc xml:id="o4987-273620"
          n="136-a-0810"
          unit="sentence"
          ecep:lem="."
          ecep:pos="."
          ecep:reg="."
          ecep:spe=".">.</pc>
   </head>
   <byline>
      <w xml:id="o4987-273650"
         n="136-a-0820"
         ecep:lem="by"
         ecep:pos="p-acp"
         ecep:reg="BY"
         ecep:spe="BY"
         ecep:syllab="1"
         ecep:pron="baɪ">BY</w>
      <c> </c>
      <w xml:id="o4987-273660"
         n="136-a-0830"
         ecep:lem="to"
         ecep:pos="p-acp"
         ecep:reg="TO"
         ecep:spe="T—"
         ecep:syllab="1"
         ecep:pron="tˈiː">T—</w>
      <c> </c>
      <w xml:id="o4987-273680"
         n="136-a-0850"
         ecep:lem="s"
         ecep:pos="zz"
         ecep:reg="S"
         ecep:spe="S—"
         ecep:syllab="1"
         ecep:pron="ˈes">S—</w>
      <pc xml:id="o4987-273700"
          n="136-a-0870"
          ecep:lem=","
          ecep:pos=","
          ecep:reg=","
          ecep:spe=",">,</pc>
      <c> </c>
      <w xml:id="o4987-273710"
         n="136-a-0880"
         ecep:lem="m."
         ecep:pos="sy"
         ecep:reg="M."
         ecep:spe="M."
         ecep:syllab="1"
         ecep:pron="ˈem">M.</w>
      <pc unit="sentence" xml:id="o4987-273710-eos" n="136-a-0890"/>
      <c> </c>
      <w xml:id="o4987-273720"
         n="136-a-0900"
         ecep:lem="d."
         ecep:pos="crd"
         ecep:reg="D"
         ecep:spe="D."
         ecep:syllab="1"
         ecep:pron="dˈiː">D.</w>
      <pc unit="sentence" xml:id="o4987-273720-eos" n="136-a-0910"/>
   </byline>
   <lg xml:id="o4987-s02040">
      <l xml:id="o4987-l14640">
         <w xml:id="o4987-273750"
            n="136-a-0920"
            ecep:lem="soft"
            ecep:pos="j"
            ecep:reg="SOFT"
            ecep:spe="SOFT"
            ecep:syllab="1"
            ecep:pron="sɒft">SOFT</w>
         <c> </c>
         <w xml:id="o4987-273760"
            n="136-a-0930"
            ecep:lem="sleep"
            ecep:pos="n1"
            ecep:reg="Sleep"
            ecep:spe="Sleep"
            ecep:syllab="1"
            ecep:pron="sliːp">Sleep</w>
         <pc xml:id="o4987-273770"
             n="136-a-0940"
             ecep:lem=","
             ecep:pos=","
             ecep:reg=","
             ecep:spe=",">,</pc>
         <c> </c>
         <w xml:id="o4987-273780"
            n="136-a-0950"
            ecep:lem="profound"
            ecep:pos="av-j"
            ecep:reg="profoundly"
            ecep:spe="profoundly"
            ecep:syllab="3"
            ecep:pron="prəˈfaʊndlɪ">profoundly</w>
         <c> </c>
         <w xml:id="o4987-273790"
            n="136-a-0960"
            ecep:lem="please"
            ecep:pos="j-vvg"
            ecep:reg="pleasing"
            ecep:spe="pleasing"
            ecep:syllab="2"
            ecep:pron="ˈpliːzɪŋ">pleasing</w>
         <c> </c>
         <w xml:id="o4987-273800"
            n="136-a-0970"
            ecep:lem="power"
            ecep:pos="n1"
            ecep:reg="power"
            ecep:spe="power"
            ecep:syllab="2"
            ecep:pron="ˈpaʊə">power</w>
         <pc xml:id="o4987-273810"
             n="136-a-0980"
             ecep:lem=","
             ecep:pos=","
             ecep:reg=","
             ecep:spe=",">,</pc>
      </l>
      <l xml:id="o4987-l14645">
         <c> </c>
         <w xml:id="o4987-273820"
            n="136-a-0990"
            ecep:lem="sweet"
            ecep:pos="j"
            ecep:reg="Sweet"
            ecep:spe="Sweet"
            ecep:syllab="1"
            ecep:pron="swiːt">Sweet</w>
         <c> </c>
         <w xml:id="o4987-273830"
            n="136-a-1000"
            ecep:lem="patron"
            ecep:pos="n1"
            ecep:reg="patron"
            ecep:spe="patron"
            ecep:syllab="2"
            ecep:pron="ˈpeɪtrən">patron</w>
         <c> </c>
         <w xml:id="o4987-273840"
            n="136-a-1010"
            ecep:lem="of"
            ecep:pos="pp-f"
            ecep:reg="of"
            ecep:spe="of"
            ecep:syllab="1"
            ecep:pron="ɒv">of</w>
         <c> </c>
         <w xml:id="o4987-273850"
            n="136-a-1020"
            ecep:lem="the"
            ecep:pos="dt"
            ecep:reg="the"
            ecep:spe="the"
            ecep:syllab="1"
            ecep:pron="ðə">the</w>
         <c> </c>
         <w xml:id="o4987-273860"
            n="136-a-1030"
            ecep:lem="peaceful"
            ecep:pos="j"
            ecep:reg="peaceful"
            ecep:spe="peaceful"
            ecep:syllab="2"
            ecep:pron="ˈpiːsfʊl">peaceful</w>
         <c> </c>
         <w xml:id="o4987-273870"
            n="136-a-1040"
            ecep:lem="hour"
            ecep:pos="n1"
            ecep:reg="hour"
            ecep:spe="hour"
            ecep:syllab="2"
            ecep:pron="aʊə">hour</w>
         <pc xml:id="o4987-273880"
             n="136-a-1050"
             ecep:lem=","
             ecep:pos=","
             ecep:reg=","
             ecep:spe=",">,</pc>
      </l>
      <l xml:id="o4987-l14650">
         <c> </c>
         <w xml:id="o4987-273890"
            n="136-a-1060"
            ecep:lem="o"
            ecep:pos="uh"
            ecep:reg="OH"
            ecep:spe="O"
            ecep:syllab="1"
            ecep:pron="əʊ">O</w>
         <c> </c>
         <w xml:id="o4987-273900"
            n="136-a-1070"
            ecep:lem="listen"
            ecep:pos="vvb"
            ecep:reg="listen"
            ecep:spe="listen"
            ecep:syllab="2"
            ecep:pron="ˈlɪsn">listen</w>
         <c> </c>
         <w xml:id="o4987-273910"
            n="136-a-1080"
            ecep:lem="from"
            ecep:pos="p-acp"
            ecep:reg="from"
            ecep:spe="from"
            ecep:syllab="1"
            ecep:pron="frɒm">from</w>
         <c> </c>
         <w xml:id="o4987-273920"
            n="136-a-1090"
            ecep:lem="thy"
            ecep:pos="po21"
            ecep:reg="thy"
            ecep:spe="thy"
            ecep:syllab="1"
            ecep:pron="ðaɪ">thy</w>
         <c> </c>
         <w xml:id="o4987-273930"
            n="136-a-1100"
            ecep:lem="calm"
            ecep:pos="j-jn"
            ecep:reg="calm"
            ecep:spe="calm"
            ecep:syllab="1"
            ecep:pron="kɑːm">calm</w>
         <c> </c>
         <w xml:id="o4987-273940"
            n="136-a-1110"
            ecep:lem="abode"
            ecep:pos="n1"
            ecep:reg="abode"
            ecep:spe="abode"
            ecep:syllab="2"
            ecep:pron="əˈbəʊd">abode</w>
         <pc xml:id="o4987-273950"
             n="136-a-1120"
             ecep:lem=","
             ecep:pos=","
             ecep:reg=","
             ecep:spe=",">,</pc>
      </l>
      <l xml:id="o4987-l14655">
         <c> </c>
         <w xml:id="o4987-273960"
            n="136-a-1130"
            ecep:lem="and"
            ecep:pos="cc"
            ecep:reg="And"
            ecep:spe="And"
            ecep:syllab="1"
            ecep:pron="ænd">And</w>
         <c> </c>
         <w xml:id="o4987-273970"
            n="136-a-1140"
            ecep:lem="hither"
            ecep:pos="av"
            ecep:reg="hither"
            ecep:spe="hither"
            ecep:syllab="2"
            ecep:pron="ˈhɪðə">hither</w>
         <c> </c>
         <w xml:id="o4987-273980"
            n="136-a-1150"
            ecep:lem="wave"
            ecep:pos="vvb"
            ecep:reg="wave"
            ecep:spe="wave"
            ecep:syllab="1"
            ecep:pron="weɪv">wave</w>
         <c> </c>
         <w xml:id="o4987-273990"
            n="136-a-1160"
            ecep:lem="thy"
            ecep:pos="po21"
            ecep:reg="thy"
            ecep:spe="thy"
            ecep:syllab="1"
            ecep:pron="ðaɪ">thy</w>
         <c> </c>
         <w xml:id="o4987-274000"
            n="136-a-1170"
            ecep:lem="magic"
            ecep:pos="j-jn"
            ecep:reg="magic"
            ecep:spe="magic"
            ecep:syllab="2"
            ecep:pron="ˈmædʒɪk">magic</w>
         <c> </c>
         <w xml:id="o4987-274010"
            n="136-a-1180"
            ecep:lem="rod"
            ecep:pos="n1"
            ecep:reg="rod"
            ecep:spe="rod"
            ecep:syllab="1"
            ecep:pron="rɒd">rod</w>
         <pc xml:id="o4987-274020"
             n="136-a-1190"
             ecep:lem=";"
             ecep:pos=";"
             ecep:reg=";"
             ecep:spe=";">;</pc>
      </l>
      <l xml:id="o4987-l14660">
         <c> </c>
         <w xml:id="o4987-274030"
            n="136-a-1200"
            ecep:lem="extend"
            ecep:pos="vvb"
            ecep:reg="Extend"
            ecep:spe="Extend"
            ecep:syllab="2"
            ecep:pron="ɪkˈstend">Extend</w>
         <c> </c>
         <w xml:id="o4987-274040"
            n="136-a-1210"
            ecep:lem="thy"
            ecep:pos="po21"
            ecep:reg="thy"
            ecep:spe="thy"
            ecep:syllab="1"
            ecep:pron="ðaɪ">thy</w>
         <c> </c>
         <w xml:id="o4987-274050"
            n="136-a-1220"
            ecep:lem="silent"
            ecep:pos="j"
            ecep:reg="silent"
            ecep:spe="silent"
            ecep:syllab="2"
            ecep:pron="ˈsaɪlənt">silent</w>
         <pc xml:id="o4987-274060"
             n="136-a-1230"
             ecep:lem=","
             ecep:pos=","
             ecep:reg=","
             ecep:spe=",">,</pc>
         <c> </c>
         <w xml:id="o4987-274070"
            n="136-a-1240"
            ecep:lem="soothe"
            ecep:pos="vvg"
            ecep:reg="soothing"
            ecep:spe="soothing"
            ecep:syllab="2"
            ecep:pron="ˈsuːðɪŋ">soothing</w>
         <c> </c>
         <w xml:id="o4987-274080"
            n="136-a-1250"
            ecep:lem="sway"
            ecep:pos="n1"
            ecep:reg="sway"
            ecep:spe="sway"
            ecep:syllab="1"
            ecep:pron="sweɪ">sway</w>
         <pc xml:id="o4987-274090"
             n="136-a-1260"
             ecep:lem=","
             ecep:pos=","
             ecep:reg=","
             ecep:spe=",">,</pc>
      </l>
      <l xml:id="o4987-l14665">
         <c> </c>
         <w xml:id="o4987-274100"
            n="136-a-1270"
            ecep:lem="and"
            ecep:pos="cc"
            ecep:reg="And"
            ecep:spe="And"
            ecep:syllab="1"
            ecep:pron="ænd">And</w>
         <c> </c>
         <w xml:id="o4987-274110"
            n="136-a-1280"
            ecep:lem="charm"
            ecep:pos="vvi"
            ecep:reg="charm"
            ecep:spe="charm"
            ecep:syllab="1"
            ecep:pron="tʃɑːm">charm</w>
         <c> </c>
         <w xml:id="o4987-274120"
            n="136-a-1290"
            ecep:lem="the"
            ecep:pos="dt"
            ecep:reg="the"
            ecep:spe="the"
            ecep:syllab="1"
            ecep:pron="ðə">the</w>
         <c> </c>
         <w xml:id="o4987-274130"
            n="136-a-1300"
            ecep:lem="canker"
            ecep:pos="n1"
            ecep:reg="canker"
            ecep:spe="canker"
            ecep:syllab="2"
            ecep:pron="ˈkæŋkə">canker</w>
         <c> </c>
         <w xml:id="o4987-274140"
            n="136-a-1310"
            ecep:lem="care"
            ecep:pos="vvb"
            ecep:reg="Care"
            ecep:spe="Care"
            ecep:syllab="1"
            ecep:pron="keə">Care</w>
         <c> </c>
         <w xml:id="o4987-274150"
            n="136-a-1320"
            ecep:lem="away"
            ecep:pos="av"
            ecep:reg="away"
            ecep:spe="away"
            ecep:syllab="2"
            ecep:pron="əˈweɪ">away</w>
         <pc xml:id="o4987-274160"
             n="136-a-1330"
             unit="sentence"
             ecep:lem="."
             ecep:pos="."
             ecep:reg="."
             ecep:spe=".">.</pc>
         <c> </c>
      </l>
      <l xml:id="o4987-l14670">
         <w xml:id="o4987-274170"
            n="136-a-1340"
            ecep:lem="whether"
            ecep:pos="cs"
            ecep:reg="Whether"
            ecep:spe="Whether"
            ecep:syllab="2"
            ecep:pron="ˈweðə">Whether</w>
         <c> </c>
         <w xml:id="o4987-274180"
            n="136-a-1350"
            ecep:lem="thou"
            ecep:pos="pns21"
            ecep:reg="thou"
            ecep:spe="thou"
            ecep:syllab="1"
            ecep:pron="ðaʊ">thou</w>
         <c> </c>
         <w xml:id="o4987-274190"
            n="136-a-1360"
            ecep:lem="love"
            ecep:pos="vv2"
            ecep:reg="lovest"
            ecep:spe="lov'st"
            ecep:syllab="1"
            ecep:pron="lˈʌvst">lov'st</w>
         <c> </c>
         <w xml:id="o4987-274200"
            n="136-a-1370"
            ecep:lem="to"
            ecep:pos="pc-acp"
            ecep:reg="to"
            ecep:spe="to"
            ecep:syllab="1"
            ecep:pron="tuː">to</w>
         <c> </c>
         <w xml:id="o4987-274210"
            n="136-a-1380"
            ecep:lem="glide"
            ecep:pos="vvi"
            ecep:reg="glide"
            ecep:spe="glide"
            ecep:syllab="1"
            ecep:pron="glaɪd">glide</w>
         <c> </c>
         <w xml:id="o4987-274220"
            n="136-a-1390"
            ecep:lem="along"
            ecep:pos="a-acp"
            ecep:reg="along"
            ecep:spe="along"
            ecep:syllab="2"
            ecep:pron="əˈlɒŋ">along</w>
         <pc xml:id="o4987-274230"
             n="136-a-1400"
             ecep:lem=","
             ecep:pos=","
             ecep:reg=","
             ecep:spe=",">,</pc>
      </l>
      <l xml:id="o4987-l14675">
         <c> </c>
         <w xml:id="o4987-274240"
            n="136-a-1410"
            ecep:lem="attend"
            ecep:pos="vvn"
            ecep:reg="Attended"
            ecep:spe="Attended"
            ecep:syllab="3"
            ecep:pron="əˈtendɪd">Attended</w>
         <c> </c>
         <w xml:id="o4987-274250"
            n="136-a-1420"
            ecep:lem="by"
            ecep:pos="p-acp"
            ecep:reg="by"
            ecep:spe="by"
            ecep:syllab="1"
            ecep:pron="baɪ">by</w>
         <c> </c>
         <w xml:id="o4987-274260"
            n="136-a-1430"
            ecep:lem="a"
            ecep:pos="dt"
            ecep:reg="an"
            ecep:spe="an"
            ecep:syllab="1"
            ecep:pron="æn">an</w>
         <c> </c>
         <w xml:id="o4987-274270"
            n="136-a-1440"
            ecep:lem="airy"
            ecep:pos="j"
            ecep:reg="airy"
            ecep:spe="airy"
            ecep:syllab="2"
            ecep:pron="ˈeərɪ">airy</w>
         <c> </c>
         <w xml:id="o4987-274280"
            n="136-a-1450"
            ecep:lem="throng"
            ecep:pos="n1"
            ecep:reg="throng"
            ecep:spe="throng"
            ecep:syllab="1"
            ecep:pron="θrɒŋ">throng</w>
      </l>
      <l xml:id="o4987-l14680">
         <c> </c>
         <w xml:id="o4987-274290"
            n="136-a-1460"
            ecep:lem="of"
            ecep:pos="pp-f"
            ecep:reg="Of"
            ecep:spe="Of"
            ecep:syllab="1"
            ecep:pron="ɒv">Of</w>
         <c> </c>
         <w xml:id="o4987-274300"
            n="136-a-1470"
            ecep:lem="gentle"
            ecep:pos="j-jn"
            ecep:reg="gentle"
            ecep:spe="gentle"
            ecep:syllab="2"
            ecep:pron="ˈdʒentl">gentle</w>
         <c> </c>
         <w xml:id="o4987-274310"
            n="136-a-1480"
            ecep:lem="dream"
            ecep:pos="n2"
            ecep:reg="dreams"
            ecep:spe="dreams"
            ecep:syllab="1"
            ecep:pron="driːmz">dreams</w>
         <c> </c>
         <w xml:id="o4987-274320"
            n="136-a-1490"
            ecep:lem="and"
            ecep:pos="cc"
            ecep:reg="and"
            ecep:spe="and"
            ecep:syllab="1"
            ecep:pron="ænd">and</w>
         <c> </c>
         <w xml:id="o4987-274330"
            n="136-a-1500"
            ecep:lem="smile"
            ecep:pos="n2"
            ecep:reg="smiles"
            ecep:spe="smiles"
            ecep:syllab="1"
            ecep:pron="smaɪlz">smiles</w>
         <c> </c>
         <w xml:id="o4987-274340"
            n="136-a-1510"
            ecep:lem="of"
            ecep:pos="pp-f"
            ecep:reg="of"
            ecep:spe="of"
            ecep:syllab="1"
            ecep:pron="ɒv">of</w>
         <c> </c>
         <w xml:id="o4987-274350"
            n="136-a-1520"
            ecep:lem="joy"
            ecep:pos="n1"
            ecep:reg="joy"
            ecep:spe="joy"
            ecep:syllab="1"
            ecep:pron="dʒɔɪ">joy</w>
         <pc xml:id="o4987-274360"
             n="136-a-1530"
             ecep:lem=","
             ecep:pos=","
             ecep:reg=","
             ecep:spe=",">,</pc>
      </l>
      <l xml:id="o4987-l14685">
         <c> </c>
         <w xml:id="o4987-274370"
            n="136-a-1540"
            ecep:lem="such"
            ecep:pos="d"
            ecep:reg="Such"
            ecep:spe="Such"
            ecep:syllab="1"
            ecep:pron="sʌtʃ">Such</w>
         <c> </c>
         <w xml:id="o4987-274380"
            n="136-a-1550"
            ecep:lem="as"
            ecep:pos="c-acp"
            ecep:reg="as"
            ecep:spe="as"
            ecep:syllab="1"
            ecep:pron="æz">as</w>
         <c> </c>
         <w xml:id="o4987-274390"
            n="136-a-1560"
            ecep:lem="adorn"
            ecep:pos="vvb"
            ecep:reg="adorn"
            ecep:spe="adorn"
            ecep:syllab="2"
            ecep:pron="əˈdɔːn">adorn</w>
         <c> </c>
         <w xml:id="o4987-274400"
            n="136-a-1570"
            ecep:lem="the"
            ecep:pos="dt"
            ecep:reg="the"
            ecep:spe="the"
            ecep:syllab="1"
            ecep:pron="ðə">the</w>
         <c> </c>
         <w xml:id="o4987-274410"
            n="136-a-1580"
            ecep:lem="wanton"
            ecep:pos="j-jn"
            ecep:reg="wanton"
            ecep:spe="wanton"
            ecep:syllab="2"
            ecep:pron="ˈwɒntən">wanton</w>
         <c> </c>
         <w xml:id="o4987-274420"
            n="136-a-1590"
            ecep:lem="boy"
            ecep:pos="n1"
            ecep:reg="boy"
            ecep:spe="boy"
            ecep:syllab="1"
            ecep:pron="bɔɪ">boy</w>
         <pc xml:id="o4987-274430"
             n="136-a-1600"
             ecep:lem=";"
             ecep:pos=";"
             ecep:reg=";"
             ecep:spe=";">;</pc>
      </l>
      <l xml:id="o4987-l14690">
         <c> </c>
         <w xml:id="o4987-274440"
            n="136-a-1610"
            ecep:lem="or"
            ecep:pos="cc"
            ecep:reg="Or"
            ecep:spe="Or"
            ecep:syllab="1"
            ecep:pron="ɔː">Or</w>
         <c> </c>
         <w xml:id="o4987-274450"
            n="136-a-1620"
            ecep:lem="to"
            ecep:pos="p-acp"
            ecep:reg="to"
            ecep:spe="to"
            ecep:syllab="1"
            ecep:pron="tuː">to</w>
         <c> </c>
         <w xml:id="o4987-274460"
            n="136-a-1630"
            ecep:lem="the"
            ecep:pos="dt"
            ecep:reg="the"
            ecep:spe="the"
            ecep:syllab="1"
            ecep:pron="ðə">the</w>
         <c> </c>
         <w xml:id="o4987-274470"
            n="136-a-1640"
            ecep:lem="monarch"
            ecep:pos="ng1"
            ecep:reg="monarch's"
            ecep:spe="monarch's"
            ecep:syllab="2"
            ecep:pron="ˈmɒnəkz">monarch's</w>
         <c> </c>
         <w xml:id="o4987-274480"
            n="136-a-1650"
            ecep:lem="fancy"
            ecep:pos="n1"
            ecep:reg="fancy"
            ecep:spe="fancy"
            ecep:syllab="2"
            ecep:pron="ˈfænsɪ">fancy</w>
         <c> </c>
         <w xml:id="o4987-274490"
            n="136-a-1660"
            ecep:lem="bring"
            ecep:pos="vvi"
            ecep:reg="bring"
            ecep:spe="bring"
            ecep:syllab="1"
            ecep:pron="brɪŋ">bring</w>
      </l>
      <l xml:id="o4987-l14695">
         <c> </c>
         <w xml:id="o4987-274500"
            n="136-a-1670"
            ecep:lem="delight"
            ecep:pos="n2"
            ecep:reg="Delights"
            ecep:spe="Delights"
            ecep:syllab="2"
            ecep:pron="diˈlaɪts">Delights</w>
         <c> </c>
         <w xml:id="o4987-274510"
            n="136-a-1680"
            ecep:lem="that"
            ecep:pos="d"
            ecep:reg="that"
            ecep:spe="that"
            ecep:syllab="1"
            ecep:pron="ðæt">that</w>
         <c> </c>
         <w xml:id="o4987-274520"
            n="136-a-1690"
            ecep:lem="better"
            ecep:pos="jc"
            ecep:reg="better"
            ecep:spe="better"
            ecep:syllab="2"
            ecep:pron="ˈbetə">better</w>
         <c> </c>
         <w xml:id="o4987-274530"
            n="136-a-1700"
            ecep:lem="suit"
            ecep:pos="n1"
            ecep:reg="suit"
            ecep:spe="suit"
            ecep:syllab="1"
            ecep:pron="suːt">suit</w>
         <c> </c>
         <w xml:id="o4987-274540"
            n="136-a-1710"
            ecep:lem="a"
            ecep:pos="dt"
            ecep:reg="a"
            ecep:spe="a"
            ecep:syllab="1"
            ecep:pron="ə">a</w>
         <c> </c>
         <w xml:id="o4987-274550"
            n="136-a-1720"
            ecep:lem="king"
            ecep:pos="n1"
            ecep:reg="king"
            ecep:spe="king"
            ecep:syllab="1"
            ecep:pron="kɪŋ">king</w>
         <pc xml:id="o4987-274560"
             n="136-a-1730"
             ecep:lem=";"
             ecep:pos=";"
             ecep:reg=";"
             ecep:spe=";">;</pc>
      </l>
      <pb facs="137" n="139" rend="none"/>
      <l xml:id="o4987-l14700">
         <c> </c>
         <w xml:id="o4987-274570"
            n="137-a-0010"
            ecep:lem="the"
            ecep:pos="dt"
            ecep:reg="The"
            ecep:spe="The"
            ecep:syllab="1"
            ecep:pron="ðə">The</w>
         <c> </c>
         <w xml:id="o4987-274580"
            n="137-a-0020"
            ecep:lem="glitter"
            ecep:pos="j-vvg"
            ecep:reg="glittering"
            ecep:spe="glittering"
            ecep:syllab="3"
            ecep:pron="ˈglɪtərɪŋ">glittering</w>
         <c> </c>
         <w xml:id="o4987-274590"
            n="137-a-0030"
            ecep:lem="host"
            ecep:pos="n1"
            ecep:reg="host"
            ecep:spe="host"
            ecep:syllab="1"
            ecep:pron="həʊst">host</w>
         <pc xml:id="o4987-274600"
             n="137-a-0040"
             ecep:lem=","
             ecep:pos=","
             ecep:reg=","
             ecep:spe=",">,</pc>
         <c> </c>
         <w xml:id="o4987-274610"
            n="137-a-0050"
            ecep:lem="the"
            ecep:pos="dt"
            ecep:reg="the"
            ecep:spe="the"
            ecep:syllab="1"
            ecep:pron="ðə">the</w>
         <c> </c>
         <w xml:id="o4987-274620"
            n="137-a-0060"
            ecep:lem="groan"
            ecep:pos="j-vvg"
            ecep:reg="groaning"
            ecep:spe="groaning"
            ecep:syllab="2"
            ecep:pron="ˈgrəʊnɪŋ">groaning</w>
         <c> </c>
         <w xml:id="o4987-274630"
            n="137-a-0070"
            ecep:lem="plain"
            ecep:pos="n1"
            ecep:reg="plain"
            ecep:spe="plain"
            ecep:syllab="1"
            ecep:pron="pleɪn">plain</w>
         <pc xml:id="o4987-274640"
             n="137-a-0080"
             ecep:lem=","
             ecep:pos=","
             ecep:reg=","
             ecep:spe=",">,</pc>
      </l>
      <l xml:id="o4987-l14705">
         <c> </c>
         <w xml:id="o4987-274650"
            n="137-a-0090"
            ecep:lem="the"
            ecep:pos="dt"
            ecep:reg="The"
            ecep:spe="The"
            ecep:syllab="1"
            ecep:pron="ðə">The</w>
         <c> </c>
         <w xml:id="o4987-274660"
            n="137-a-0100"
            ecep:lem="clang"
            ecep:pos="n1"
            ecep:reg="clang"
            ecep:spe="clang"
            ecep:syllab="1"
            ecep:pron="klæŋ">clang</w>
         <c> </c>
         <w xml:id="o4987-274670"
            n="137-a-0110"
            ecep:lem="of"
            ecep:pos="pp-f"
            ecep:reg="of"
            ecep:spe="of"
            ecep:syllab="1"
            ecep:pron="ɒv">of</w>
         <c> </c>
         <w xml:id="o4987-274680"
            n="137-a-0120"
            ecep:lem="arm"
            ecep:pos="n2"
            ecep:reg="arms"
            ecep:spe="arms"
            ecep:syllab="1"
            ecep:pron="ɑːmz">arms</w>
         <pc xml:id="o4987-274690"
             n="137-a-0130"
             ecep:lem=","
             ecep:pos=","
             ecep:reg=","
             ecep:spe=",">,</pc>
         <c> </c>
         <w xml:id="o4987-274700"
            n="137-a-0140"
            ecep:lem="and"
            ecep:pos="cc"
            ecep:reg="and"
            ecep:spe="and"
            ecep:syllab="1"
            ecep:pron="ænd">and</w>
         <c> </c>
         <w xml:id="o4987-274710"
            n="137-a-0150"
            ecep:lem="victor"
            ecep:pos="ng1"
            ecep:reg="victor's"
            ecep:spe="victor's"
            ecep:syllab="2"
            ecep:pron="ˈvɪktəz">victor's</w>
         <c> </c>
         <w xml:id="o4987-274720"
            n="137-a-0160"
            ecep:lem="train"
            ecep:pos="n1"
            ecep:reg="train"
            ecep:spe="train"
            ecep:syllab="1"
            ecep:pron="treɪn">train</w>
         <pc xml:id="o4987-274730"
             n="137-a-0170"
             ecep:lem=":"
             ecep:pos=":"
             ecep:reg=":"
             ecep:spe=":">:</pc>
      </l>
      <l xml:id="o4987-l14710">
         <c> </c>
         <w xml:id="o4987-274740"
            n="137-a-0180"
            ecep:lem="or"
            ecep:pos="cc"
            ecep:reg="Or"
            ecep:spe="Or"
            ecep:syllab="1"
            ecep:pron="ɔː">Or</w>
         <c> </c>
         <w xml:id="o4987-274750"
            n="137-a-0190"
            ecep:lem="shall"
            ecep:pos="vmd"
            ecep:reg="should"
            ecep:spe="should"
            ecep:syllab="1"
            ecep:pron="ʃʊd">should</w>
         <c> </c>
         <w xml:id="o4987-274760"
            n="137-a-0200"
            ecep:lem="a"
            ecep:pos="dt"
            ecep:reg="a"
            ecep:spe="a"
            ecep:syllab="1"
            ecep:pron="ə">a</w>
         <c> </c>
         <w xml:id="o4987-274770"
            n="137-a-0210"
            ecep:lem="mild"
            ecep:pos="jc"
            ecep:reg="milder"
            ecep:spe="milder"
            ecep:syllab="2"
            ecep:pron="ˈmaɪldə">milder</w>
         <c> </c>
         <w xml:id="o4987-274780"
            n="137-a-0220"
            ecep:lem="vision"
            ecep:pos="n1"
            ecep:reg="vision"
            ecep:spe="vision"
            ecep:syllab="2"
            ecep:pron="ˈvɪʒən">vision</w>
         <c> </c>
         <w xml:id="o4987-274790"
            n="137-a-0230"
            ecep:lem="please"
            ecep:pos="vvb"
            ecep:reg="please"
            ecep:spe="please"
            ecep:syllab="1"
            ecep:pron="pliːz">please</w>
         <pc xml:id="o4987-274800"
             n="137-a-0240"
             ecep:lem=","
             ecep:pos=","
             ecep:reg=","
             ecep:spe=",">,</pc>
      </l>
      <l xml:id="o4987-l14715">
         <c> </c>
         <w xml:id="o4987-274810"
            n="137-a-0250"
            ecep:lem="present"
            ecep:pos="vvb"
            ecep:reg="Present"
            ecep:spe="Present"
            ecep:syllab="2"
            ecep:pron="ˈpreznt">Present</w>
         <c> </c>
         <w xml:id="o4987-274820"
            n="137-a-0260"
            ecep:lem="the"
            ecep:pos="dt"
            ecep:reg="the"
            ecep:spe="the"
            ecep:syllab="1"
            ecep:pron="ðə">the</w>
         <c> </c>
         <w xml:id="o4987-274830"
            n="137-a-0270"
            ecep:lem="happy"
            ecep:pos="j"
            ecep:reg="happy"
            ecep:spe="happy"
            ecep:syllab="2"
            ecep:pron="ˈhæpɪ">happy</w>
         <c> </c>
         <w xml:id="o4987-274840"
            n="137-a-0280"
            ecep:lem="scene"
            ecep:pos="n2"
            ecep:reg="scenes"
            ecep:spe="scenes"
            ecep:syllab="1"
            ecep:pron="siːnz">scenes</w>
         <c> </c>
         <w xml:id="o4987-274850"
            n="137-a-0290"
            ecep:lem="of"
            ecep:pos="pp-f"
            ecep:reg="of"
            ecep:spe="of"
            ecep:syllab="1"
            ecep:pron="ɒv">of</w>
         <c> </c>
         <w xml:id="o4987-274860"
            n="137-a-0300"
            ecep:lem="peace"
            ecep:pos="n1"
            ecep:reg="Peace"
            ecep:spe="Peace"
            ecep:syllab="1"
            ecep:pron="piːs">Peace</w>
         <pc xml:id="o4987-274870"
             n="137-a-0310"
             ecep:lem=";"
             ecep:pos=";"
             ecep:reg=";"
             ecep:spe=";">;</pc>
      </l>
      <l xml:id="o4987-l14720">
         <c> </c>
         <w xml:id="o4987-274880"
            n="137-a-0320"
            ecep:lem="plump"
            ecep:pos="j"
            ecep:reg="Plump"
            ecep:spe="Plump"
            ecep:syllab="1"
            ecep:pron="plʌmp">Plump</w>
         <c> </c>
         <w xml:id="o4987-274890"
            n="137-a-0330"
            ecep:lem="autumn"
            ecep:pos="n1"
            ecep:reg="Autumn"
            ecep:spe="Autumn"
            ecep:syllab="2"
            ecep:pron="ˈɔːtəm">Autumn</w>
         <c> </c>
         <w xml:id="o4987-274900"
            n="137-a-0340"
            ecep:lem="blush"
            ecep:pos="vvg"
            ecep:reg="blushing"
            ecep:spe="blushing"
            ecep:syllab="2"
            ecep:pron="ˈblʌʃɪŋ">blushing</w>
         <c> </c>
         <w xml:id="o4987-274910"
            n="137-a-0350"
            ecep:lem="all"
            ecep:pos="d"
            ecep:reg="all"
            ecep:spe="all"
            ecep:syllab="1"
            ecep:pron="ɔːl">all</w>
         <c> </c>
         <w xml:id="o4987-274920"
            n="137-a-0360"
            ecep:lem="around"
            ecep:pos="a-acp"
            ecep:reg="around"
            ecep:spe="around"
            ecep:syllab="2"
            ecep:pron="əˈraʊnd">around</w>
         <pc xml:id="o4987-274930"
             n="137-a-0370"
             ecep:lem=","
             ecep:pos=","
             ecep:reg=","
             ecep:spe=",">,</pc>
      </l>
      <l xml:id="o4987-l14725">
         <c> </c>
         <w xml:id="o4987-274940"
            n="137-a-0380"
            ecep:lem="rich"
            ecep:pos="j"
            ecep:reg="Rich"
            ecep:spe="Rich"
            ecep:syllab="1"
            ecep:pron="rɪtʃ">Rich</w>
         <c> </c>
         <w xml:id="o4987-274950"
            n="137-a-0390"
            ecep:lem="industry"
            ecep:pos="n1"
            ecep:reg="Industry"
            ecep:spe="Industry"
            ecep:syllab="3"
            ecep:pron="ˈɪndəstrɪ">Industry</w>
         <c> </c>
         <w xml:id="o4987-274960"
            n="137-a-0400"
            ecep:lem="with"
            ecep:pos="p-acp"
            ecep:reg="with"
            ecep:spe="with"
            ecep:syllab="1"
            ecep:pron="wɪð">with</w>
         <c> </c>
         <w xml:id="o4987-274970"
            n="137-a-0410"
            ecep:lem="toil"
            ecep:pos="n1"
            ecep:reg="Toil"
            ecep:spe="Toil"
            ecep:syllab="1"
            ecep:pron="tɔɪl">Toil</w>
         <c> </c>
         <w xml:id="o4987-274980"
            n="137-a-0420"
            ecep:lem="embrown"
            ecep:pos="vvn"
            ecep:reg="embrowned"
            ecep:spe="embrown'd"
            ecep:syllab="2"
            ecep:pron="ɪmˈbraʊnd">embrown'd</w>
         <pc xml:id="o4987-274990"
             n="137-a-0430"
             ecep:lem=";"
             ecep:pos=";"
             ecep:reg=";"
             ecep:spe=";">;</pc>
      </l>
      <l xml:id="o4987-l14730">
         <c> </c>
         <w xml:id="o4987-275000"
            n="137-a-0440"
            ecep:lem="content"
            ecep:pos="j"
            ecep:reg="Content"
            ecep:spe="Content"
            ecep:syllab="2"
            ecep:pron="ˈkɒntent">Content</w>
         <c> </c>
         <w xml:id="o4987-275010"
            n="137-a-0450"
            ecep:lem="with"
            ecep:pos="p-acp"
            ecep:reg="with"
            ecep:spe="with"
            ecep:syllab="1"
            ecep:pron="wɪð">with</w>
         <c> </c>
         <w xml:id="o4987-275020"
            n="137-a-0460"
            ecep:lem="brow"
            ecep:pos="n1"
            ecep:reg="brow"
            ecep:spe="brow"
            ecep:syllab="1"
            ecep:pron="braʊ">brow</w>
         <c> </c>
         <w xml:id="o4987-275030"
            n="137-a-0470"
            ecep:lem="serene"
            ecep:pos="av-j"
            ecep:reg="serenely"
            ecep:spe="serenely"
            ecep:syllab="4"
            ecep:pron="sɪˈriːnlɪ">serenely</w>
         <c> </c>
         <w xml:id="o4987-275040"
            n="137-a-0480"
            ecep:lem="gay"
            ecep:pos="j"
            ecep:reg="gay"
            ecep:spe="gay"
            ecep:syllab="1"
            ecep:pron="geɪ">gay</w>
         <pc xml:id="o4987-275050"
             n="137-a-0490"
             ecep:lem=","
             ecep:pos=","
             ecep:reg=","
             ecep:spe=",">,</pc>
      </l>
      <l xml:id="o4987-l14735">
         <c> </c>
         <w xml:id="o4987-275060"
            n="137-a-0500"
            ecep:lem="and"
            ecep:pos="cc"
            ecep:reg="And"
            ecep:spe="And"
            ecep:syllab="1"
            ecep:pron="ænd">And</w>
         <c> </c>
         <w xml:id="o4987-275070"
            n="137-a-0510"
            ecep:lem="genial"
            ecep:pos="j"
            ecep:reg="genial"
            ecep:spe="genial"
            ecep:syllab="2"
            ecep:pron="ˈdʒiːnjəl">genial</w>
         <c> </c>
         <w xml:id="o4987-275080"
            n="137-a-0520"
            ecep:lem="art"
            ecep:pos="ng1"
            ecep:reg="Art's"
            ecep:spe="Art's"
            ecep:syllab="1"
            ecep:pron="ˈɑːts">Art's</w>
         <c> </c>
         <w xml:id="o4987-275090"
            n="137-a-0530"
            ecep:lem="refulgent"
            ecep:pos="j"
            ecep:reg="refulgent"
            ecep:spe="refulgent"
            ecep:syllab="3"
            ecep:pron="rɪˈfʌldʒənt">refulgent</w>
         <c> </c>
         <w xml:id="o4987-275100"
            n="137-a-0540"
            ecep:lem="ray"
            ecep:pos="n1"
            ecep:reg="ray"
            ecep:spe="ray"
            ecep:syllab="1"
            ecep:pron="reɪ">ray</w>
         <pc xml:id="o4987-275110"
             n="137-a-0550"
             unit="sentence"
             ecep:lem="."
             ecep:pos="."
             ecep:reg="."
             ecep:spe=".">.</pc>
         <c> </c>
      </l>
   </lg>
</div>
