<?xml version="1.0" encoding="UTF-8"?>
<div xmlns:tei="http://www.tei-c.org/ns/1.0"
     xmlns="http://www.tei-c.org/ns/1.0"
     xmlns:ecep="http://www.eighteenthcenturypoetry.org/ns"
     ana="#iamb #pentameter #blankverse #inscription"
     corresp="#txt_AkenMa1721_w0007"
     ecep:syllab="10"
     met="-+|-+|-+|-+|-+/"
     n="4"
     rendition="#lgvspace"
     rhyme=""
     subtype="eceptext"
     type="inscription"
     xml:id="o5157-w0043"
     decls="#semi-normalized">
   <link target="authors.xml#aut_AkenMa1721" type="author"/>
   <link target="27807" type="DMI"/>
   <head type="main">
      <seg resp="#AH">[Inscription] <c> </c>
      </seg>
      <w xml:id="o5157-066230"
         n="34-a-0910"
         ecep:lem="iv"
         ecep:pos="crd"
         ecep:reg="IV"
         ecep:spe="IV"
         ecep:syllab="1"
         ecep:pron="rˌəʊmənfˈɔː">IV</w>
      <pc xml:id="o5157-066240"
          n="34-a-0920"
          unit="sentence"
          ecep:lem="."
          ecep:pos="."
          ecep:reg="."
          ecep:spe=".">.</pc>
   </head>
   <lg>
      <l xml:id="o5157-l03575">
         <w xml:id="o5157-066260"
            n="34-a-0930"
            ecep:lem="o"
            ecep:pos="uh"
            ecep:reg="OH"
            ecep:spe="O"
            ecep:syllab="1"
            ecep:pron="əʊ">O</w>
         <c> </c>
         <w xml:id="o5157-066270"
            n="34-a-0940"
            ecep:lem="youth"
            ecep:pos="n2"
            ecep:reg="YOUTHS"
            ecep:spe="YOUTHS"
            ecep:syllab="1"
            ecep:pron="juːðz">YOUTHS</w>
         <c> </c>
         <w xml:id="o5157-066280"
            n="34-a-0950"
            ecep:lem="and"
            ecep:pos="cc"
            ecep:reg="and"
            ecep:spe="and"
            ecep:syllab="1"
            ecep:pron="ænd">and</w>
         <c> </c>
         <w xml:id="o5157-066290"
            n="34-a-0960"
            ecep:lem="virgin"
            ecep:pos="n2"
            ecep:reg="virgins"
            ecep:spe="virgins"
            ecep:syllab="2"
            ecep:pron="ˈvɜːdʒɪnz">virgins</w>
         <pc xml:id="o5157-066300"
             n="34-a-0970"
             ecep:lem=":"
             ecep:pos=":"
             ecep:reg=":"
             ecep:spe=":">:</pc>
         <c> </c>
         <w xml:id="o5157-066310"
            n="34-a-0980"
            ecep:lem="o"
            ecep:pos="uh"
            ecep:reg="OH"
            ecep:spe="O"
            ecep:syllab="1"
            ecep:pron="əʊ">O</w>
         <c> </c>
         <w xml:id="o5157-066320"
            n="34-a-0990"
            ecep:lem="decline"
            ecep:pos="j-vvg"
            ecep:reg="declining"
            ecep:spe="declining"
            ecep:syllab="3"
            ecep:pron="dɪˈklaɪnɪŋ">declining</w>
         <c> </c>
         <w xml:id="o5157-066330"
            n="34-a-1000"
            ecep:lem="eld"
            ecep:pos="n1"
            ecep:reg="eld"
            ecep:spe="eld"
            ecep:syllab="1"
            ecep:pron="eld">eld</w>
         <pc xml:id="o5157-066340"
             n="34-a-1010"
             ecep:lem=":"
             ecep:pos=":"
             ecep:reg=":"
             ecep:spe=":">:</pc>
      </l>
      <l xml:id="o5157-l03580">
         <w xml:id="o5157-066350"
            n="34-a-1020"
            ecep:lem="o"
            ecep:pos="uh"
            ecep:reg="OH"
            ecep:spe="O"
            ecep:syllab="1"
            ecep:pron="əʊ">O</w>
         <c> </c>
         <w xml:id="o5157-066360"
            n="34-a-1030"
            ecep:lem="pale"
            ecep:pos="j"
            ecep:reg="pale"
            ecep:spe="pale"
            ecep:syllab="1"
            ecep:pron="peɪl">pale</w>
         <c> </c>
         <w xml:id="o5157-066370"
            n="34-a-1040"
            ecep:lem="misfortune"
            ecep:pos="ng1"
            ecep:reg="misfortune's"
            ecep:spe="misfortune's"
            ecep:syllab="4"
            ecep:pron="mɪsˈfɔːtʃuːnz">misfortune's</w>
         <c> </c>
         <w xml:id="o5157-066380"
            n="34-a-1050"
            ecep:lem="slave"
            ecep:pos="n2"
            ecep:reg="slaves"
            ecep:spe="slaves"
            ecep:syllab="1"
            ecep:pron="sleɪvz">slaves</w>
         <pc xml:id="o5157-066390"
             n="34-a-1060"
             ecep:lem=":"
             ecep:pos=":"
             ecep:reg=":"
             ecep:spe=":">:</pc>
         <c> </c>
         <w xml:id="o5157-066400"
            n="34-a-1070"
            ecep:lem="o"
            ecep:pos="uh"
            ecep:reg="OH"
            ecep:spe="O"
            ecep:syllab="1"
            ecep:pron="əʊ">O</w>
         <c> </c>
         <w xml:id="o5157-066410"
            n="34-a-1080"
            ecep:lem="you"
            ecep:pos="pn22"
            ecep:reg="you"
            ecep:spe="ye"
            ecep:syllab="1"
            ecep:pron="jiː">ye</w>
         <c> </c>
         <w xml:id="o5157-066420"
            n="34-a-1090"
            ecep:lem="who"
            ecep:pos="r-crq"
            ecep:reg="who"
            ecep:spe="who"
            ecep:syllab="1"
            ecep:pron="huː">who</w>
         <c> </c>
         <w xml:id="o5157-066430"
            n="34-a-1100"
            ecep:lem="dwell"
            ecep:pos="vvb"
            ecep:reg="dwell"
            ecep:spe="dwell"
            ecep:syllab="1"
            ecep:pron="dwel">dwell</w>
      </l>
      <l xml:id="o5157-l03585">
         <w xml:id="o5157-066440"
            n="34-a-1110"
            ecep:lem="unknown"
            ecep:pos="j"
            ecep:reg="Unknown"
            ecep:spe="Unknown"
            ecep:syllab="2"
            ecep:pron="ʌnˈnəʊn">Unknown</w>
         <c> </c>
         <w xml:id="o5157-066450"
            n="34-a-1120"
            ecep:lem="with"
            ecep:pos="p-acp"
            ecep:reg="with"
            ecep:spe="with"
            ecep:syllab="1"
            ecep:pron="wɪð">with</w>
         <c> </c>
         <w xml:id="o5157-066460"
            n="34-a-1130"
            ecep:lem="humble"
            ecep:pos="j"
            ecep:reg="humble"
            ecep:spe="humble"
            ecep:syllab="2"
            ecep:pron="ˈhʌmbl">humble</w>
         <c> </c>
         <w xml:id="o5157-066470"
            n="34-a-1140"
            ecep:lem="quiet"
            ecep:pos="j-jn"
            ecep:reg="quiet"
            ecep:spe="quiet"
            ecep:syllab="2"
            ecep:pron="kwæət">quiet</w>
         <pc xml:id="o5157-066480"
             n="34-a-1150"
             ecep:lem=";"
             ecep:pos=";"
             ecep:reg=";"
             ecep:spe=";">;</pc>
         <c> </c>
         <w xml:id="o5157-066490"
            n="34-a-1160"
            ecep:lem="you"
            ecep:pos="pn22"
            ecep:reg="you"
            ecep:spe="ye"
            ecep:syllab="1"
            ecep:pron="jiː">ye</w>
         <c> </c>
         <w xml:id="o5157-066500"
            n="34-a-1170"
            ecep:lem="who"
            ecep:pos="r-crq"
            ecep:reg="who"
            ecep:spe="who"
            ecep:syllab="1"
            ecep:pron="huː">who</w>
         <c> </c>
         <w xml:id="o5157-066510"
            n="34-a-1180"
            ecep:lem="wait"
            ecep:pos="vvb"
            ecep:reg="wait"
            ecep:spe="wait"
            ecep:syllab="1"
            ecep:pron="weɪt">wait</w>
      </l>
      <l xml:id="o5157-l03590">
         <w xml:id="o5157-066520"
            n="34-a-1190"
            ecep:lem="in"
            ecep:pos="p-acp"
            ecep:reg="In"
            ecep:spe="In"
            ecep:syllab="1"
            ecep:pron="ɪn">In</w>
         <c> </c>
         <w xml:id="o5157-066530"
            n="34-a-1200"
            ecep:lem="court"
            ecep:pos="n2"
            ecep:reg="courts"
            ecep:spe="courts"
            ecep:syllab="1"
            ecep:pron="kɔːts">courts</w>
         <pc xml:id="o5157-066540"
             n="34-a-1210"
             ecep:lem=","
             ecep:pos=","
             ecep:reg=","
             ecep:spe=",">,</pc>
         <c> </c>
         <w xml:id="o5157-066550"
            n="34-a-1220"
            ecep:lem="or"
            ecep:pos="cc"
            ecep:reg="or"
            ecep:spe="or"
            ecep:syllab="1"
            ecep:pron="ɔː">or</w>
         <c> </c>
         <w xml:id="o5157-066560"
            n="34-a-1230"
            ecep:lem="fill"
            ecep:pos="vvi"
            ecep:reg="fill"
            ecep:spe="fill"
            ecep:syllab="1"
            ecep:pron="fɪl">fill</w>
         <c> </c>
         <w xml:id="o5157-066570"
            n="34-a-1240"
            ecep:lem="the"
            ecep:pos="dt"
            ecep:reg="the"
            ecep:spe="the"
            ecep:syllab="1"
            ecep:pron="ðiː">the</w>
         <c> </c>
         <w xml:id="o5157-066580"
            n="34-a-1250"
            ecep:lem="golden"
            ecep:pos="j"
            ecep:reg="golden"
            ecep:spe="golden"
            ecep:syllab="2"
            ecep:pron="ˈgəʊldn">golden</w>
         <c> </c>
         <w xml:id="o5157-066590"
            n="34-a-1260"
            ecep:lem="seat"
            ecep:pos="n1"
            ecep:reg="seat"
            ecep:spe="seat"
            ecep:syllab="1"
            ecep:pron="siːt">seat</w>
         <c> </c>
         <w xml:id="o5157-066600"
            n="34-a-1270"
            ecep:lem="of"
            ecep:pos="pp-f"
            ecep:reg="of"
            ecep:spe="of"
            ecep:syllab="1"
            ecep:pron="ɒv">of</w>
         <c> </c>
         <w xml:id="o5157-066610"
            n="34-a-1280"
            ecep:lem="king"
            ecep:pos="n2"
            ecep:reg="kings"
            ecep:spe="kings"
            ecep:syllab="1"
            ecep:pron="kɪŋz">kings</w>
         <pc xml:id="o5157-066620"
             n="34-a-1290"
             ecep:lem=":"
             ecep:pos=":"
             ecep:reg=":"
             ecep:spe=":">:</pc>
      </l>
      <l xml:id="o5157-l03595">
         <w xml:id="o5157-066630"
            n="34-a-1300"
            ecep:lem="o"
            ecep:pos="uh"
            ecep:reg="OH"
            ecep:spe="O"
            ecep:syllab="1"
            ecep:pron="əʊ">O</w>
         <c> </c>
         <w xml:id="o5157-066640"
            n="34-a-1310"
            ecep:lem="son"
            ecep:pos="n2"
            ecep:reg="sons"
            ecep:spe="sons"
            ecep:syllab="1"
            ecep:pron="sʌnz">sons</w>
         <c> </c>
         <w xml:id="o5157-066650"
            n="34-a-1320"
            ecep:lem="of"
            ecep:pos="pp-f"
            ecep:reg="of"
            ecep:spe="of"
            ecep:syllab="1"
            ecep:pron="ɒv">of</w>
         <c> </c>
         <w xml:id="o5157-066660"
            n="34-a-1330"
            ecep:lem="sport"
            ecep:pos="n1"
            ecep:reg="sport"
            ecep:spe="sport"
            ecep:syllab="1"
            ecep:pron="spɔːt">sport</w>
         <c> </c>
         <w xml:id="o5157-066670"
            n="34-a-1340"
            ecep:lem="and"
            ecep:pos="cc"
            ecep:reg="and"
            ecep:spe="and"
            ecep:syllab="1"
            ecep:pron="ænd">and</w>
         <c> </c>
         <w xml:id="o5157-066680"
            n="34-a-1350"
            ecep:lem="pleasure"
            ecep:pos="n1"
            ecep:reg="pleasure"
            ecep:spe="pleasure"
            ecep:syllab="2"
            ecep:pron="ˈpleʒə">pleasure</w>
         <pc xml:id="o5157-066690"
             n="34-a-1360"
             ecep:lem=":"
             ecep:pos=":"
             ecep:reg=":"
             ecep:spe=":">:</pc>
         <c> </c>
         <w xml:id="o5157-066700"
            n="34-a-1370"
            ecep:lem="o"
            ecep:pos="uh"
            ecep:reg="OH"
            ecep:spe="O"
            ecep:syllab="1"
            ecep:pron="əʊ">O</w>
         <c> </c>
         <w xml:id="o5157-066710"
            n="34-a-1380"
            ecep:lem="thou"
            ecep:pos="pns21"
            ecep:reg="thou"
            ecep:spe="thou"
            ecep:syllab="1"
            ecep:pron="θaʊ">thou</w>
         <c> </c>
         <w xml:id="o5157-066720"
            n="34-a-1390"
            ecep:lem="wretch"
            ecep:pos="n1"
            ecep:reg="wretch"
            ecep:spe="wretch"
            ecep:syllab="1"
            ecep:pron="retʃ">wretch</w>
      </l>
      <l xml:id="o5157-l03600">
         <w xml:id="o5157-066730"
            n="34-a-1400"
            ecep:lem="that"
            ecep:pos="cst"
            ecep:reg="That"
            ecep:spe="That"
            ecep:syllab="1"
            ecep:pron="ðæt">That</w>
         <c> </c>
         <w xml:id="o5157-066740"
            n="34-a-1410"
            ecep:lem="weep"
            ecep:pos="vv2"
            ecep:reg="weepest"
            ecep:spe="weep'st"
            ecep:syllab="1"
            ecep:pron="ˈwiːpst">weep'st</w>
         <c> </c>
         <w xml:id="o5157-066750"
            n="34-a-1420"
            ecep:lem="for"
            ecep:pos="p-acp"
            ecep:reg="for"
            ecep:spe="for"
            ecep:syllab="1"
            ecep:pron="fɔː">for</w>
         <c> </c>
         <w xml:id="o5157-066760"
            n="34-a-1430"
            ecep:lem="jealous"
            ecep:pos="j"
            ecep:reg="jealous"
            ecep:spe="jealous"
            ecep:syllab="2"
            ecep:pron="ˈdʒeləs">jealous</w>
         <c> </c>
         <w xml:id="o5157-066770"
            n="34-a-1440"
            ecep:lem="love"
            ecep:pos="n1"
            ecep:reg="love"
            ecep:spe="love"
            ecep:syllab="1"
            ecep:pron="lʌv">love</w>
         <pc xml:id="o5157-066780"
             n="34-a-1450"
             ecep:lem=","
             ecep:pos=","
             ecep:reg=","
             ecep:spe=",">,</pc>
         <c> </c>
         <w xml:id="o5157-066790"
            n="34-a-1460"
            ecep:lem="or"
            ecep:pos="cc"
            ecep:reg="or"
            ecep:spe="or"
            ecep:syllab="1"
            ecep:pron="ɔː">or</w>
         <c> </c>
         <w xml:id="o5157-066800"
            n="34-a-1470"
            ecep:lem="the"
            ecep:pos="dt"
            ecep:reg="the"
            ecep:spe="the"
            ecep:syllab="1"
            ecep:pron="ðiː">the</w>
         <c> </c>
         <w xml:id="o5157-066810"
            n="34-a-1480"
            ecep:lem="sore"
            ecep:pos="j"
            ecep:reg="sore"
            ecep:spe="sore"
            ecep:syllab="1"
            ecep:pron="sɔː">sore</w>
         <c> </c>
         <w xml:id="o5157-066820"
            n="34-a-1490"
            ecep:lem="wound"
            ecep:pos="n2"
            ecep:reg="wounds"
            ecep:spe="wounds"
            ecep:syllab="1"
            ecep:pron="wuːndz">wounds</w>
      </l>
      <l xml:id="o5157-l03605">
         <w xml:id="o5157-066830"
            n="34-a-1500"
            ecep:lem="of"
            ecep:pos="pp-f"
            ecep:reg="Of"
            ecep:spe="Of"
            ecep:syllab="1"
            ecep:pron="ɒv">Of</w>
         <c> </c>
         <w xml:id="o5157-066840"
            n="34-a-1510"
            ecep:lem="conscious"
            ecep:pos="j"
            ecep:reg="conscious"
            ecep:spe="conscious"
            ecep:syllab="2"
            ecep:pron="ˈkɒnʃəs">conscious</w>
         <c> </c>
         <w xml:id="o5157-066850"
            n="34-a-1520"
            ecep:lem="guilt"
            ecep:pos="n1"
            ecep:reg="guilt"
            ecep:spe="guilt"
            ecep:syllab="1"
            ecep:pron="gɪlt">guilt</w>
         <pc xml:id="o5157-066860"
             n="34-a-1530"
             ecep:lem=","
             ecep:pos=","
             ecep:reg=","
             ecep:spe=",">,</pc>
         <c> </c>
         <w xml:id="o5157-066870"
            n="34-a-1540"
            ecep:lem="or"
            ecep:pos="cc"
            ecep:reg="or"
            ecep:spe="or"
            ecep:syllab="1"
            ecep:pron="ɔː">or</w>
         <c> </c>
         <w xml:id="o5157-066880"
            n="34-a-1550"
            ecep:lem="death"
            ecep:pos="ng1"
            ecep:reg="death's"
            ecep:spe="death's"
            ecep:syllab="1"
            ecep:pron="ˈdeθs">death's</w>
         <c> </c>
         <w xml:id="o5157-066890"
            n="34-a-1560"
            ecep:lem="rapacious"
            ecep:pos="j"
            ecep:reg="rapacious"
            ecep:spe="rapacious"
            ecep:syllab="3"
            ecep:pron="rəˈpeɪʃəs">rapacious</w>
         <c> </c>
         <w xml:id="o5157-066900"
            n="34-a-1570"
            ecep:lem="hand"
            ecep:pos="n1"
            ecep:reg="hand"
            ecep:spe="hand"
            ecep:syllab="1"
            ecep:pron="hænd">hand</w>
      </l>
      <l xml:id="o5157-l03610">
         <w xml:id="o5157-066910"
            n="34-a-1580"
            ecep:lem="which"
            ecep:pos="r-crq"
            ecep:reg="Which"
            ecep:spe="Which"
            ecep:syllab="1"
            ecep:pron="wɪtʃ">Which</w>
         <c> </c>
         <w xml:id="o5157-066920"
            n="34-a-1590"
            ecep:lem="leave"
            ecep:pos="vvd"
            ecep:reg="left"
            ecep:spe="left"
            ecep:syllab="1"
            ecep:pron="left">left</w>
         <c> </c>
         <w xml:id="o5157-066930"
            n="34-a-1600"
            ecep:lem="thou"
            ecep:pos="pno21"
            ecep:reg="thee"
            ecep:spe="thee"
            ecep:syllab="1"
            ecep:pron="ðiː">thee</w>
         <c> </c>
         <w xml:id="o5157-066940"
            n="34-a-1610"
            ecep:lem="void"
            ecep:pos="j"
            ecep:reg="void"
            ecep:spe="void"
            ecep:syllab="1"
            ecep:pron="vɔɪd">void</w>
         <c> </c>
         <w xml:id="o5157-066950"
            n="34-a-1620"
            ecep:lem="of"
            ecep:pos="pp-f"
            ecep:reg="of"
            ecep:spe="of"
            ecep:syllab="1"
            ecep:pron="ɒv">of</w>
         <c> </c>
         <w xml:id="o5157-066960"
            n="34-a-1630"
            ecep:lem="hope"
            ecep:pos="n1"
            ecep:reg="hope"
            ecep:spe="hope"
            ecep:syllab="1"
            ecep:pron="həʊp">hope</w>
         <pc xml:id="o5157-066970"
             n="34-a-1640"
             ecep:lem=":"
             ecep:pos=":"
             ecep:reg=":"
             ecep:spe=":">:</pc>
         <c> </c>
         <w xml:id="o5157-066980"
            n="34-a-1650"
            ecep:lem="o"
            ecep:pos="uh"
            ecep:reg="OH"
            ecep:spe="O"
            ecep:syllab="1"
            ecep:pron="əʊ">O</w>
         <c> </c>
         <w xml:id="o5157-066990"
            n="34-a-1660"
            ecep:lem="you"
            ecep:pos="pn22"
            ecep:reg="you"
            ecep:spe="ye"
            ecep:syllab="1"
            ecep:pron="jiː">ye</w>
         <c> </c>
         <w xml:id="o5157-067000"
            n="34-a-1670"
            ecep:lem="who"
            ecep:pos="r-crq"
            ecep:reg="who"
            ecep:spe="who"
            ecep:syllab="1"
            ecep:pron="huː">who</w>
         <c> </c>
         <w xml:id="o5157-067010"
            n="34-a-1680"
            ecep:lem="roam"
            ecep:pos="vvb"
            ecep:reg="roam"
            ecep:spe="roam"
            ecep:syllab="1"
            ecep:pron="rəʊm">roam</w>
      </l>
      <l xml:id="o5157-l03615">
         <w xml:id="o5157-067020"
            n="34-a-1690"
            ecep:lem="in"
            ecep:pos="p-acp"
            ecep:reg="In"
            ecep:spe="In"
            ecep:syllab="1"
            ecep:pron="ɪn">In</w>
         <c> </c>
         <w xml:id="o5157-067030"
            n="34-a-1700"
            ecep:lem="exile"
            ecep:pos="n1"
            ecep:reg="exile"
            ecep:spe="exile"
            ecep:syllab="2"
            ecep:pron="ˈeksaɪl">exile</w>
         <pc xml:id="o5157-067040"
             n="34-a-1710"
             ecep:lem=";"
             ecep:pos=";"
             ecep:reg=";"
             ecep:spe=";">;</pc>
         <c> </c>
         <w xml:id="o5157-067050"
            n="34-a-1720"
            ecep:lem="the"
            ecep:pos="dt"
            ecep:reg="you"
            ecep:spe="ye"
            ecep:syllab="1"
            ecep:pron="jiː">ye</w>
         <c> </c>
         <w xml:id="o5157-067060"
            n="34-a-1730"
            ecep:lem="who"
            ecep:pos="r-crq"
            ecep:reg="who"
            ecep:spe="who"
            ecep:syllab="1"
            ecep:pron="huː">who</w>
         <c> </c>
         <w xml:id="o5157-067070"
            n="34-a-1740"
            ecep:lem="through"
            ecep:pos="p-acp"
            ecep:reg="through"
            ecep:spe="through"
            ecep:syllab="1"
            ecep:pron="θruː">through</w>
         <c> </c>
         <w xml:id="o5157-067080"
            n="34-a-1750"
            ecep:lem="the"
            ecep:pos="dt"
            ecep:reg="the"
            ecep:spe="the"
            ecep:syllab="1"
            ecep:pron="ðiː">the</w>
         <c> </c>
         <w xml:id="o5157-067090"
            n="34-a-1760"
            ecep:lem="embattle"
            ecep:pos="j-vvn"
            ecep:reg="embattled"
            ecep:spe="embattled"
            ecep:syllab="3"
            ecep:pron="ɪmˈbætld">embattled</w>
         <c> </c>
         <w xml:id="o5157-067100"
            n="34-a-1770"
            ecep:lem="field"
            ecep:pos="n1"
            ecep:reg="field"
            ecep:spe="field"
            ecep:syllab="1"
            ecep:pron="ˈfiːld">field</w>
      </l>
      <l xml:id="o5157-l03620">
         <w xml:id="o5157-067110"
            n="34-a-1780"
            ecep:lem="seek"
            ecep:pos="vvb"
            ecep:reg="Seek"
            ecep:spe="Seek"
            ecep:syllab="1"
            ecep:pron="siːk">Seek</w>
         <c> </c>
         <w xml:id="o5157-067120"
            n="34-a-1790"
            ecep:lem="bright"
            ecep:pos="j"
            ecep:reg="bright"
            ecep:spe="bright"
            ecep:syllab="1"
            ecep:pron="braɪt">bright</w>
         <c> </c>
         <w xml:id="o5157-067130"
            n="34-a-1800"
            ecep:lem="renown"
            ecep:pos="n1"
            ecep:reg="renown"
            ecep:spe="renown"
            ecep:syllab="2"
            ecep:pron="rɪˈnaʊn">renown</w>
         <pc xml:id="o5157-067140"
             n="34-a-1810"
             ecep:lem=";"
             ecep:pos=";"
             ecep:reg=";"
             ecep:spe=";">;</pc>
         <c> </c>
         <w xml:id="o5157-067150"
            n="34-a-1820"
            ecep:lem="or"
            ecep:pos="cc"
            ecep:reg="or"
            ecep:spe="or"
            ecep:syllab="1"
            ecep:pron="ɔː">or</w>
         <c> </c>
         <w xml:id="o5157-067160"
            n="34-a-1830"
            ecep:lem="who"
            ecep:pos="r-crq"
            ecep:reg="who"
            ecep:spe="who"
            ecep:syllab="1"
            ecep:pron="huː">who</w>
         <c> </c>
         <w xml:id="o5157-067170"
            n="34-a-1840"
            ecep:lem="for"
            ecep:pos="p-acp"
            ecep:reg="for"
            ecep:spe="for"
            ecep:syllab="1"
            ecep:pron="fɔː">for</w>
         <c> </c>
         <w xml:id="o5157-067180"
            n="34-a-1850"
            ecep:lem="noble"
            ecep:pos="jc"
            ecep:reg="nobler"
            ecep:spe="nobler"
            ecep:syllab="2"
            ecep:pron="ˈnəʊblə">nobler</w>
         <c> </c>
         <w xml:id="o5157-067190"
            n="34-a-1860"
            ecep:lem="palm"
            ecep:pos="n2"
            ecep:reg="palms"
            ecep:spe="palms"
            ecep:syllab="1"
            ecep:pron="pɑːmz">palms</w>
      </l>
      <l xml:id="o5157-l03625">
         <w xml:id="o5157-067200"
            n="34-a-1870"
            ecep:lem="contend"
            ecep:pos="vvi"
            ecep:reg="Contend"
            ecep:spe="Contend"
            ecep:syllab="2"
            ecep:pron="kənˈtend">Contend</w>
         <pc xml:id="o5157-067210"
             n="34-a-1880"
             ecep:lem=","
             ecep:pos=","
             ecep:reg=","
             ecep:spe=",">,</pc>
         <c> </c>
         <w xml:id="o5157-067220"
            n="34-a-1890"
            ecep:lem="the"
            ecep:pos="dt"
            ecep:reg="the"
            ecep:spe="the"
            ecep:syllab="1"
            ecep:pron="ðiː">the</w>
         <c> </c>
         <w xml:id="o5157-067230"
            n="34-a-1900"
            ecep:lem="leader"
            ecep:pos="n2"
            ecep:reg="leaders"
            ecep:spe="leaders"
            ecep:syllab="2"
            ecep:pron="ˈliːdəz">leaders</w>
         <c> </c>
         <w xml:id="o5157-067240"
            n="34-a-1910"
            ecep:lem="of"
            ecep:pos="pp-f"
            ecep:reg="of"
            ecep:spe="of"
            ecep:syllab="1"
            ecep:pron="ɒv">of</w>
         <c> </c>
         <w xml:id="o5157-067250"
            n="34-a-1920"
            ecep:lem="a"
            ecep:pos="dt"
            ecep:reg="a"
            ecep:spe="a"
            ecep:syllab="1"
            ecep:pron="ə">a</w>
         <c> </c>
         <w xml:id="o5157-067260"
            n="34-a-1930"
            ecep:lem="public"
            ecep:pos="j"
            ecep:reg="public"
            ecep:spe="public"
            ecep:syllab="2"
            ecep:pron="ˈpʌblɪk">public</w>
         <c> </c>
         <w xml:id="o5157-067270"
            n="34-a-1940"
            ecep:lem="cause"
            ecep:pos="n1"
            ecep:reg="cause"
            ecep:spe="cause"
            ecep:syllab="1"
            ecep:pron="kɔːz">cause</w>
         <pc xml:id="o5157-067280"
             n="34-a-1950"
             ecep:lem=";"
             ecep:pos=";"
             ecep:reg=";"
             ecep:spe=";">;</pc>
      </l>
      <l xml:id="o5157-l03630">
         <w xml:id="o5157-067290"
            n="34-a-1960"
            ecep:lem="approach"
            ecep:pos="vvb"
            ecep:reg="Approach"
            ecep:spe="Approach"
            ecep:syllab="2"
            ecep:pron="əˈprəʊtʃ">Approach</w>
         <pc xml:id="o5157-067300"
             n="34-a-1970"
             ecep:lem=":"
             ecep:pos=":"
             ecep:reg=":"
             ecep:spe=":">:</pc>
         <c> </c>
         <w xml:id="o5157-067310"
            n="34-a-1980"
            ecep:lem="behold"
            ecep:pos="vvb"
            ecep:reg="behold"
            ecep:spe="behold"
            ecep:syllab="2"
            ecep:pron="bɪˈhəʊld">behold</w>
         <c> </c>
         <w xml:id="o5157-067320"
            n="34-a-1990"
            ecep:lem="this"
            ecep:pos="d"
            ecep:reg="this"
            ecep:spe="this"
            ecep:syllab="1"
            ecep:pron="ðɪs">this</w>
         <c> </c>
         <w xml:id="o5157-067330"
            n="34-a-2000"
            ecep:lem="marble"
            ecep:pos="n1"
            ecep:reg="marble"
            ecep:spe="marble"
            ecep:syllab="2"
            ecep:pron="ˈmɑːbl">marble</w>
         <pc xml:id="o5157-067340"
             n="34-a-2010"
             unit="sentence"
             ecep:lem="."
             ecep:pos="."
             ecep:reg="."
             ecep:spe=".">.</pc>
         <c> </c>
         <w xml:id="o5157-067350"
            n="34-a-2020"
            ecep:lem="know"
            ecep:pos="vvb"
            ecep:reg="Know"
            ecep:spe="Know"
            ecep:syllab="1"
            ecep:pron="nəʊ">Know</w>
         <c> </c>
         <w xml:id="o5157-067360"
            n="34-a-2030"
            ecep:lem="you"
            ecep:pos="pn22"
            ecep:reg="you"
            ecep:spe="ye"
            ecep:syllab="1"
            ecep:pron="jiː">ye</w>
         <c> </c>
         <w xml:id="o5157-067370"
            n="34-a-2040"
            ecep:lem="not"
            ecep:pos="xx"
            ecep:reg="not"
            ecep:spe="not"
            ecep:syllab="1"
            ecep:pron="nɒt">not</w>
      </l>
      <l xml:id="o5157-l03635">
         <w xml:id="o5157-067380"
            n="34-a-2050"
            ecep:lem="the"
            ecep:pos="dt"
            ecep:reg="The"
            ecep:spe="The"
            ecep:syllab="1"
            ecep:pron="ðiː">The</w>
         <c> </c>
         <w xml:id="o5157-067390"
            n="34-a-2060"
            ecep:lem="feature"
            ecep:pos="n2"
            ecep:reg="features"
            ecep:spe="features"
            ecep:syllab="2"
            ecep:pron="ˈfiːtʃəz">features</w>
         <pc xml:id="o5157-067400"
             n="34-a-2070"
             unit="sentence"
             ecep:lem="?"
             ecep:pos="?"
             ecep:reg="?"
             ecep:spe="?">?</pc>
         <c> </c>
         <w xml:id="o5157-067410"
            n="34-a-2080"
            ecep:lem="have"
            ecep:pos="vhz"
            ecep:reg="Hath"
            ecep:spe="Hath"
            ecep:syllab="1"
            ecep:pron="hæθ">Hath</w>
         <c> </c>
         <w xml:id="o5157-067420"
            n="34-a-2090"
            ecep:lem="not"
            ecep:pos="xx"
            ecep:reg="not"
            ecep:spe="not"
            ecep:syllab="1"
            ecep:pron="nɒt">not</w>
         <c> </c>
         <w xml:id="o5157-067430"
            n="34-a-2100"
            ecep:lem="oft"
            ecep:pos="av"
            ecep:reg="oft"
            ecep:spe="oft"
            ecep:syllab="1"
            ecep:pron="ɒft">oft</w>
         <c> </c>
         <w xml:id="o5157-067440"
            n="34-a-2110"
            ecep:lem="his"
            ecep:pos="po31"
            ecep:reg="his"
            ecep:spe="his"
            ecep:syllab="1"
            ecep:pron="hɪz">his</w>
         <c> </c>
         <w xml:id="o5157-067450"
            n="34-a-2120"
            ecep:lem="faithful"
            ecep:pos="j"
            ecep:reg="faithful"
            ecep:spe="faithful"
            ecep:syllab="2"
            ecep:pron="ˈfeɪθfl">faithful</w>
         <c> </c>
         <w xml:id="o5157-067460"
            n="34-a-2130"
            ecep:lem="tongue"
            ecep:pos="n1"
            ecep:reg="tongue"
            ecep:spe="tongue"
            ecep:syllab="1"
            ecep:pron="tʌŋ">tongue</w>
      </l>
      <pb facs="o5157/0038_R" n="33" rend="none"/>
      <l xml:id="o5157-l03640">
         <w xml:id="o5157-067470"
            n="35-a-0010"
            ecep:lem="tell"
            ecep:pos="vvd"
            ecep:reg="Told"
            ecep:spe="Told"
            ecep:syllab="1"
            ecep:pron="təʊld">Told</w>
         <c> </c>
         <w xml:id="o5157-067480"
            n="35-a-0020"
            ecep:lem="you"
            ecep:pos="pn22"
            ecep:reg="you"
            ecep:spe="you"
            ecep:syllab="1"
            ecep:pron="juː">you</w>
         <c> </c>
         <w xml:id="o5157-067490"
            n="35-a-0030"
            ecep:lem="the"
            ecep:pos="dt"
            ecep:reg="the"
            ecep:spe="the"
            ecep:syllab="1"
            ecep:pron="ðiː">the</w>
         <c> </c>
         <w xml:id="o5157-067500"
            n="35-a-0040"
            ecep:lem="fashion"
            ecep:pos="n1"
            ecep:reg="fashion"
            ecep:spe="fashion"
            ecep:syllab="2"
            ecep:pron="ˈfæʃn">fashion</w>
         <c> </c>
         <w xml:id="o5157-067510"
            n="35-a-0050"
            ecep:lem="of"
            ecep:pos="pp-f"
            ecep:reg="of"
            ecep:spe="of"
            ecep:syllab="1"
            ecep:pron="ɒv">of</w>
         <c> </c>
         <w xml:id="o5157-067520"
            n="35-a-0060"
            ecep:lem="your"
            ecep:pos="po22"
            ecep:reg="your"
            ecep:spe="your"
            ecep:syllab="1"
            ecep:pron="jɔː">your</w>
         <c> </c>
         <w xml:id="o5157-067530"
            n="35-a-0070"
            ecep:lem="own"
            ecep:pos="d"
            ecep:reg="own"
            ecep:spe="own"
            ecep:syllab="1"
            ecep:pron="əʊn">own</w>
         <c> </c>
         <w xml:id="o5157-067540"
            n="35-a-0080"
            ecep:lem="estate"
            ecep:pos="n1"
            ecep:reg="estate"
            ecep:spe="estate"
            ecep:syllab="2"
            ecep:pron="ɪˈsteɪt">estate</w>
         <pc xml:id="o5157-067550"
             n="35-a-0090"
             ecep:lem=","
             ecep:pos=","
             ecep:reg=","
             ecep:spe=",">,</pc>
      </l>
      <l xml:id="o5157-l03645">
         <w xml:id="o5157-067560"
            n="35-a-0100"
            ecep:lem="the"
            ecep:pos="dt"
            ecep:reg="The"
            ecep:spe="The"
            ecep:syllab="1"
            ecep:pron="ðiː">The</w>
         <c> </c>
         <w xml:id="o5157-067570"
            n="35-a-0110"
            ecep:lem="secret"
            ecep:pos="n2-jn"
            ecep:reg="secrets"
            ecep:spe="secrets"
            ecep:syllab="2"
            ecep:pron="ˈsiːkrəts">secrets</w>
         <c> </c>
         <w xml:id="o5157-067580"
            n="35-a-0120"
            ecep:lem="of"
            ecep:pos="pp-f"
            ecep:reg="of"
            ecep:spe="of"
            ecep:syllab="1"
            ecep:pron="ɒv">of</w>
         <c> </c>
         <w xml:id="o5157-067590"
            n="35-a-0130"
            ecep:lem="your"
            ecep:pos="po22"
            ecep:reg="your"
            ecep:spe="your"
            ecep:syllab="1"
            ecep:pron="jɔː">your</w>
         <c> </c>
         <w xml:id="o5157-067600"
            n="35-a-0140"
            ecep:lem="bosom"
            ecep:pos="n1"
            ecep:reg="bosom"
            ecep:spe="bosom"
            ecep:syllab="2"
            ecep:pron="ˈbʊzm">bosom</w>
         <pc xml:id="o5157-067610"
             n="35-a-0150"
             unit="sentence"
             ecep:lem="?"
             ecep:pos="?"
             ecep:reg="?"
             ecep:spe="?">?</pc>
         <c> </c>
         <w xml:id="o5157-067620"
            n="35-a-0160"
            ecep:lem="here"
            ecep:pos="av"
            ecep:reg="Here"
            ecep:spe="Here"
            ecep:syllab="1"
            ecep:pron="hɪə">Here</w>
         <c> </c>
         <w xml:id="o5157-067630"
            n="35-a-0170"
            ecep:lem="then"
            ecep:pos="av"
            ecep:reg="then"
            ecep:spe="then"
            ecep:syllab="1"
            ecep:pron="ðen">then</w>
         <pc xml:id="o5157-067640"
             n="35-a-0180"
             ecep:lem=","
             ecep:pos=","
             ecep:reg=","
             ecep:spe=",">,</pc>
         <c> </c>
         <w xml:id="o5157-067650"
            n="35-a-0190"
            ecep:lem="round"
            ecep:pos="av-j"
            ecep:reg="round"
            ecep:spe="round"
            ecep:syllab="1"
            ecep:pron="raʊnd">round</w>
      </l>
      <l xml:id="o5157-l03650">
         <w xml:id="o5157-067660"
            n="35-a-0200"
            ecep:lem="his"
            ecep:pos="po31"
            ecep:reg="His"
            ecep:spe="His"
            ecep:syllab="1"
            ecep:pron="hɪz">His</w>
         <c> </c>
         <w xml:id="o5157-067670"
            n="35-a-0210"
            ecep:lem="monument"
            ecep:pos="n1"
            ecep:reg="monument"
            ecep:spe="monument"
            ecep:syllab="3"
            ecep:pron="ˈmɒnjəmənt">monument</w>
         <c> </c>
         <w xml:id="o5157-067680"
            n="35-a-0220"
            ecep:lem="with"
            ecep:pos="p-acp"
            ecep:reg="with"
            ecep:spe="with"
            ecep:syllab="1"
            ecep:pron="wɪð">with</w>
         <c> </c>
         <w xml:id="o5157-067690"
            n="35-a-0230"
            ecep:lem="reverence"
            ecep:pos="n1"
            ecep:reg="reverence"
            ecep:spe="reverence"
            ecep:syllab="3"
            ecep:pron="ˈrevrns">reverence</w>
         <c> </c>
         <w xml:id="o5157-067700"
            n="35-a-0240"
            ecep:lem="while"
            ecep:pos="cs"
            ecep:reg="while"
            ecep:spe="while"
            ecep:syllab="1"
            ecep:pron="ˈwaɪl">while</w>
         <c> </c>
         <w xml:id="o5157-067710"
            n="35-a-0250"
            ecep:lem="you"
            ecep:pos="pn22"
            ecep:reg="you"
            ecep:spe="ye"
            ecep:syllab="1"
            ecep:pron="jiː">ye</w>
         <c> </c>
         <w xml:id="o5157-067720"
            n="35-a-0260"
            ecep:lem="stand"
            ecep:pos="vvb"
            ecep:reg="stand"
            ecep:spe="stand"
            ecep:syllab="1"
            ecep:pron="stænd">stand</w>
         <pc xml:id="o5157-067730"
             n="35-a-0270"
             ecep:lem=","
             ecep:pos=","
             ecep:reg=","
             ecep:spe=",">,</pc>
      </l>
      <l xml:id="o5157-l03655">
         <w xml:id="o5157-067740"
            n="35-a-0280"
            ecep:lem="say"
            ecep:pos="vvb"
            ecep:reg="Say"
            ecep:spe="Say"
            ecep:syllab="1"
            ecep:pron="seɪ">Say</w>
         <c> </c>
         <w xml:id="o5157-067750"
            n="35-a-0290"
            ecep:lem="to"
            ecep:pos="p-acp"
            ecep:reg="to"
            ecep:spe="to"
            ecep:syllab="1"
            ecep:pron="tuː">to</w>
         <c> </c>
         <w xml:id="o5157-067760"
            n="35-a-0300"
            ecep:lem="each"
            ecep:pos="d"
            ecep:reg="each"
            ecep:spe="each"
            ecep:syllab="1"
            ecep:pron="iːtʃ">each</w>
         <c> </c>
         <w xml:id="o5157-067770"
            n="35-a-0310"
            ecep:lem="other"
            ecep:pos="n-jn"
            ecep:reg="other"
            ecep:spe="other"
            ecep:syllab="2"
            ecep:pron="ˈʌðə">other</w>
         <pc xml:id="o5157-067780"
             n="35-a-0320"
             ecep:lem=":"
             ecep:pos=":"
             ecep:reg=":"
             ecep:spe=":">:</pc>
         <c> </c>
         <pc xml:id="o5157-067790"
             n="35-a-0330"
             ecep:lem="&#34;"
             ecep:pos="&#34;"
             ecep:reg="&#34;"
             ecep:spe="&#34;">"</pc>
         <w xml:id="o5157-067800"
            n="35-a-0340"
            ecep:lem="thy"
            ecep:pos="po21"
            ecep:reg="Thy"
            ecep:spe="Thi"
            ecep:syllab="1"
            ecep:pron="θˈaɪ">Thi</w>
         <c> </c>
         <w xml:id="o5157-067810"
            n="35-a-0350"
            ecep:lem="be"
            ecep:pos="vbds"
            ecep:reg="was"
            ecep:spe="was"
            ecep:syllab="1"
            ecep:pron="wɒz">was</w>
         <c> </c>
         <w xml:id="o5157-067820"
            n="35-a-0360"
            ecep:lem="shakespeare"
            ecep:pos="npg1"
            ecep:reg="Shakespear's"
            ecep:spe="Shakespear's"
            ecep:syllab="3"
            ecep:pron="ˈʃeɪkspiːəz">Shakespear's</w>
         <c> </c>
         <w xml:id="o5157-067830"
            n="35-a-0370"
            ecep:lem="form"
            ecep:pos="n1"
            ecep:reg="form"
            ecep:spe="form"
            ecep:syllab="1"
            ecep:pron="fɔːm">form</w>
         <pc xml:id="o5157-067840"
             n="35-a-0380"
             ecep:lem=";"
             ecep:pos=";"
             ecep:reg=";"
             ecep:spe=";">;</pc>
      </l>
      <l xml:id="o5157-l03660">
         <pc xml:id="o5157-067850"
             n="35-a-0390"
             ecep:lem="&#34;"
             ecep:pos="&#34;"
             ecep:reg="&#34;"
             ecep:spe="&#34;">"</pc>
         <w xml:id="o5157-067860"
            n="35-a-0400"
            ecep:lem="who"
            ecep:pos="q-crq"
            ecep:reg="Who"
            ecep:spe="Who"
            ecep:syllab="1"
            ecep:pron="huː">Who</w>
         <c> </c>
         <w xml:id="o5157-067870"
            n="35-a-0410"
            ecep:lem="walk"
            ecep:pos="vvd"
            ecep:reg="walked"
            ecep:spe="walk'd"
            ecep:syllab="1"
            ecep:pron="wɔːkt">walk'd</w>
         <c> </c>
         <w xml:id="o5157-067880"
            n="35-a-0420"
            ecep:lem="in"
            ecep:pos="p-acp"
            ecep:reg="in"
            ecep:spe="in"
            ecep:syllab="1"
            ecep:pron="ɪn">in</w>
         <c> </c>
         <w xml:id="o5157-067890"
            n="35-a-0430"
            ecep:lem="every"
            ecep:pos="d"
            ecep:reg="every"
            ecep:spe="every"
            ecep:syllab="2"
            ecep:pron="ˈevri">every</w>
         <c> </c>
         <w xml:id="o5157-067900"
            n="35-a-0440"
            ecep:lem="path"
            ecep:pos="n1"
            ecep:reg="path"
            ecep:spe="path"
            ecep:syllab="1"
            ecep:pron="pɑːθ">path</w>
         <c> </c>
         <w xml:id="o5157-067910"
            n="35-a-0450"
            ecep:lem="of"
            ecep:pos="pp-f"
            ecep:reg="of"
            ecep:spe="of"
            ecep:syllab="1"
            ecep:pron="ɒv">of</w>
         <c> </c>
         <w xml:id="o5157-067920"
            n="35-a-0460"
            ecep:lem="human"
            ecep:pos="j"
            ecep:reg="human"
            ecep:spe="human"
            ecep:syllab="2"
            ecep:pron="ˈhjuːmən">human</w>
         <c> </c>
         <w xml:id="o5157-067930"
            n="35-a-0470"
            ecep:lem="life"
            ecep:pos="n1"
            ecep:reg="life"
            ecep:spe="life"
            ecep:syllab="1"
            ecep:pron="laɪf">life</w>
         <pc xml:id="o5157-067940"
             n="35-a-0480"
             ecep:lem=","
             ecep:pos=","
             ecep:reg=","
             ecep:spe=",">,</pc>
      </l>
      <l xml:id="o5157-l03665">
         <pc xml:id="o5157-067950"
             n="35-a-0490"
             ecep:lem="&#34;"
             ecep:pos="&#34;"
             ecep:reg="&#34;"
             ecep:spe="&#34;">"</pc>
         <w xml:id="o5157-067960"
            n="35-a-0500"
            ecep:lem="feel"
            ecep:pos="vvn"
            ecep:reg="Felt"
            ecep:spe="Felt"
            ecep:syllab="1"
            ecep:pron="felt">Felt</w>
         <c> </c>
         <w xml:id="o5157-067970"
            n="35-a-0510"
            ecep:lem="every"
            ecep:pos="d"
            ecep:reg="every"
            ecep:spe="every"
            ecep:syllab="2"
            ecep:pron="ˈevri">every</w>
         <c> </c>
         <w xml:id="o5157-067980"
            n="35-a-0520"
            ecep:lem="passion"
            ecep:pos="n1"
            ecep:reg="passion"
            ecep:spe="passion"
            ecep:syllab="2"
            ecep:pron="ˈpæʃn">passion</w>
         <pc xml:id="o5157-067990"
             n="35-a-0530"
             ecep:lem=";"
             ecep:pos=";"
             ecep:reg=";"
             ecep:spe=";">;</pc>
         <c> </c>
         <w xml:id="o5157-068000"
            n="35-a-0540"
            ecep:lem="and"
            ecep:pos="cc"
            ecep:reg="and"
            ecep:spe="and"
            ecep:syllab="1"
            ecep:pron="ænd">and</w>
         <c> </c>
         <w xml:id="o5157-068010"
            n="35-a-0550"
            ecep:lem="to"
            ecep:pos="p-acp"
            ecep:reg="to"
            ecep:spe="to"
            ecep:syllab="1"
            ecep:pron="tuː">to</w>
         <c> </c>
         <w xml:id="o5157-068020"
            n="35-a-0560"
            ecep:lem="all"
            ecep:pos="d"
            ecep:reg="all"
            ecep:spe="all"
            ecep:syllab="1"
            ecep:pron="ɔːl">all</w>
         <c> </c>
         <w xml:id="o5157-068030"
            n="35-a-0570"
            ecep:lem="mankind"
            ecep:pos="n1"
            ecep:reg="mankind"
            ecep:spe="mankind"
            ecep:syllab="2"
            ecep:pron="mænˈkaɪnd">mankind</w>
      </l>
      <l xml:id="o5157-l03670">
         <pc xml:id="o5157-068040"
             n="35-a-0580"
             ecep:lem="&#34;"
             ecep:pos="&#34;"
             ecep:reg="&#34;"
             ecep:spe="&#34;">"</pc>
         <w xml:id="o5157-068050"
            n="35-a-0590"
            ecep:lem="do"
            ecep:pos="vdz"
            ecep:reg="Does"
            ecep:spe="Doth"
            ecep:syllab="1"
            ecep:pron="dʌθ">Doth</w>
         <c> </c>
         <w xml:id="o5157-068060"
            n="35-a-0600"
            ecep:lem="now"
            ecep:pos="av"
            ecep:reg="now"
            ecep:spe="now"
            ecep:syllab="1"
            ecep:pron="naʊ">now</w>
         <pc xml:id="o5157-068070"
             n="35-a-0610"
             ecep:lem=","
             ecep:pos=","
             ecep:reg=","
             ecep:spe=",">,</pc>
         <c> </c>
         <w xml:id="o5157-068080"
            n="35-a-0620"
            ecep:lem="will"
            ecep:pos="vmb"
            ecep:reg="will"
            ecep:spe="will"
            ecep:syllab="1"
            ecep:pron="wɪl">will</w>
         <c> </c>
         <w xml:id="o5157-068090"
            n="35-a-0630"
            ecep:lem="ever"
            ecep:pos="av"
            ecep:reg="ever"
            ecep:spe="ever"
            ecep:syllab="2"
            ecep:pron="ˈevə">ever</w>
         <c> </c>
         <w xml:id="o5157-068100"
            n="35-a-0640"
            ecep:lem="that"
            ecep:pos="d"
            ecep:reg="that"
            ecep:spe="that"
            ecep:syllab="1"
            ecep:pron="ðæt">that</w>
         <c> </c>
         <w xml:id="o5157-068110"
            n="35-a-0650"
            ecep:lem="experience"
            ecep:pos="n1"
            ecep:reg="experience"
            ecep:spe="experience"
            ecep:syllab="4"
            ecep:pron="ɪkˈspɪəriəns">experience</w>
         <c> </c>
         <w xml:id="o5157-068120"
            n="35-a-0660"
            ecep:lem="yield"
            ecep:pos="vvi"
            ecep:reg="yield"
            ecep:spe="yield"
            ecep:syllab="1"
            ecep:pron="jiːld">yield</w>
      </l>
      <l xml:id="o5157-l03675">
         <pc xml:id="o5157-068130"
             n="35-a-0670"
             ecep:lem="&#34;"
             ecep:pos="&#34;"
             ecep:reg="&#34;"
             ecep:spe="&#34;">"</pc>
         <w xml:id="o5157-068140"
            n="35-a-0680"
            ecep:lem="which"
            ecep:pos="r-crq"
            ecep:reg="Which"
            ecep:spe="Which"
            ecep:syllab="1"
            ecep:pron="wɪtʃ">Which</w>
         <c> </c>
         <w xml:id="o5157-068150"
            n="35-a-0690"
            ecep:lem="his"
            ecep:pos="po31"
            ecep:reg="his"
            ecep:spe="his"
            ecep:syllab="1"
            ecep:pron="hɪz">his</w>
         <c> </c>
         <w xml:id="o5157-068160"
            n="35-a-0700"
            ecep:lem="own"
            ecep:pos="d"
            ecep:reg="own"
            ecep:spe="own"
            ecep:syllab="1"
            ecep:pron="əʊn">own</w>
         <c> </c>
         <w xml:id="o5157-068170"
            n="35-a-0710"
            ecep:lem="genius"
            ecep:pos="n1"
            ecep:reg="genius"
            ecep:spe="genius"
            ecep:syllab="2"
            ecep:pron="ˈdʒiːniəs">genius</w>
         <c> </c>
         <w xml:id="o5157-068180"
            n="35-a-0720"
            ecep:lem="only"
            ecep:pos="av-j"
            ecep:reg="only"
            ecep:spe="only"
            ecep:syllab="2"
            ecep:pron="ˈəʊnli">only</w>
         <c> </c>
         <w xml:id="o5157-068190"
            n="35-a-0730"
            ecep:lem="can"
            ecep:pos="vmd"
            ecep:reg="could"
            ecep:spe="could"
            ecep:syllab="1"
            ecep:pron="kʊd">could</w>
         <c> </c>
         <w xml:id="o5157-068200"
            n="35-a-0740"
            ecep:lem="acquire"
            ecep:pos="vvi"
            ecep:reg="acquire"
            ecep:spe="acquire"
            ecep:syllab="3"
            ecep:pron="əˈkwæə">acquire</w>
         <pc xml:id="o5157-068210"
             n="35-a-0750"
             ecep:lem="."
             ecep:pos="."
             ecep:reg="."
             ecep:spe=".">.</pc>
         <pc xml:id="o5157-068220"
             n="35-a-0760"
             unit="sentence"
             ecep:lem="&#34;"
             ecep:pos="&#34;"
             ecep:reg="&#34;"
             ecep:spe="&#34;">"</pc>
      </l>
   </lg>
</div>
