<?xml version="1.0" encoding="utf-8"?>
<!DOCTYPE div
  SYSTEM "about:legacy-compat">
<div xmlns:tei="http://www.tei-c.org/ns/1.0"
     xmlns="http://www.tei-c.org/ns/1.0"
     xmlns:ecep="http://www.eighteenthcenturypoetry.org/ns"
     ana="#iamb #tetrameter #hymn #pair"
     corresp="#txt_ThomJa1700_w0001"
     ecep:syllab="8.8"
     met="-+|-+|-+|-+/         -+|-+|-+|-+/"
     rendition="#lgindent"
     rhyme="aa"
     subtype="eceptext"
     type="hymn"
     xml:id="o5154-w0020"
     decls="#semi-normalized">
   <link target="authors.xml#aut_ThomJa1700" type="author"/>
   <link target="15502" type="DMI"/>
   <head type="main">
      <w xml:id="o5154-002230"
         n="4-a-0610"
         ecep:lem="hymn"
         ecep:pos="n1"
         ecep:reg="HYMN"
         ecep:spe="HYMN"
         ecep:syllab="1"
         ecep:pron="hɪm">HYMN</w>
      <c> </c>
      <w xml:id="o5154-002240"
         n="4-a-0620"
         ecep:lem="on"
         ecep:pos="p-acp"
         ecep:reg="on"
         ecep:spe="on"
         ecep:syllab="1"
         ecep:pron="ɒn">on</w>
      <c> </c>
      <w xml:id="o5154-002250"
         n="4-a-0630"
         ecep:lem="solitude"
         ecep:pos="n1"
         ecep:reg="SOLITUDE"
         ecep:spe="SOLITUDE"
         ecep:syllab="3"
         ecep:pron="ˈsɒlətjuːd">SOLITUDE</w>
      <pc xml:id="o5154-002260"
          n="4-a-0640"
          unit="sentence"
          ecep:lem="."
          ecep:pos="."
          ecep:reg="."
          ecep:spe=".">.</pc>
   </head>
   <byline>
      <w xml:id="o5154-002290"
         n="4-a-0650"
         ecep:lem="by"
         ecep:pos="p-acp"
         ecep:reg="By"
         ecep:spe="By"
         ecep:syllab="1"
         ecep:pron="baɪ">By</w>
      <c> </c>
      <w xml:id="o5154-002300"
         n="4-a-0660"
         ecep:lem="the"
         ecep:pos="dt"
         ecep:reg="the"
         ecep:spe="the"
         ecep:syllab="1"
         ecep:pron="ðiː">the</w>
      <c> </c>
      <w xml:id="o5154-002310"
         n="4-a-0670"
         ecep:lem="late"
         ecep:pos="j"
         ecep:reg="late"
         ecep:spe="late"
         ecep:syllab="1"
         ecep:pron="leɪt">late</w>
      <c> </c>
      <w xml:id="o5154-002320"
         n="4-a-0680"
         ecep:lem="JAMES"
         ecep:pos="np1"
         ecep:reg="JAMES"
         ecep:spe="JAMES"
         ecep:syllab="1"
         ecep:pron="ˈdʒeɪmz">JAMES</w>
      <c> </c>
      <w xml:id="o5154-002330"
         n="4-a-0690"
         ecep:lem="Thomson"
         ecep:pos="np1"
         ecep:reg="THOMSON"
         ecep:spe="THOMSON"
         ecep:syllab="2"
         ecep:pron="tˈɒmsən">THOMSON</w>
      <pc xml:id="o5154-002340"
          n="4-a-0700"
          ecep:lem=","
          ecep:pos=","
          ecep:reg=","
          ecep:spe=",">,</pc>
      <abbr>
         <c> </c>
         <w xml:id="o5154-002350"
            n="4-a-0710"
            ecep:lem="ESQ"
            ecep:pos="np1"
            ecep:reg="Esq"
            ecep:spe="Esq"
            ecep:syllab="1"
            ecep:pron="ˈesk">Esq</w>
         <pc xml:id="o5154-002360"
             n="4-a-0720"
             ecep:lem=";"
             ecep:pos=";"
             ecep:reg=";"
             ecep:spe=";">;</pc>
      </abbr>
      <c> </c>
      <w xml:id="o5154-002370"
         n="4-a-0730"
         ecep:lem="author"
         ecep:pos="n1"
         ecep:reg="Author"
         ecep:spe="Author"
         ecep:syllab="2"
         ecep:pron="ˈɔːθə">Author</w>
      <c> </c>
      <w xml:id="o5154-002380"
         n="4-a-0740"
         ecep:lem="of"
         ecep:pos="pp-f"
         ecep:reg="of"
         ecep:spe="of"
         ecep:syllab="1"
         ecep:pron="ɒv">of</w>
      <c> </c>
      <w xml:id="o5154-002390"
         n="4-a-0750"
         ecep:lem="the"
         ecep:pos="dt"
         ecep:reg="the"
         ecep:spe="the"
         ecep:syllab="1"
         ecep:pron="ðiː">the</w>
      <c> </c>
      <w xml:id="o5154-002400"
         n="4-a-0760"
         ecep:lem="season"
         ecep:pos="n2"
         ecep:reg="Seasons"
         ecep:spe="Seasons"
         ecep:syllab="2"
         ecep:pron="ˈsiːznz">Seasons</w>
      <pc xml:id="o5154-002410"
          n="4-a-0770"
          unit="sentence"
          ecep:lem="."
          ecep:pos="."
          ecep:reg="."
          ecep:spe=".">.</pc>
   </byline>
   <lg xml:id="o5154-s00010">
      <l xml:id="o5154-l00075">
         <w xml:id="o5154-002440"
            n="4-a-0780"
            ecep:lem="hail"
            ecep:pos="uh-v"
            ecep:reg="HAIL"
            ecep:spe="HAIL"
            ecep:syllab="1"
            ecep:pron="heɪl">HAIL</w>
         <pc xml:id="o5154-002450"
             n="4-a-0790"
             ecep:lem=","
             ecep:pos=","
             ecep:reg=","
             ecep:spe=",">,</pc>
         <c> </c>
         <w xml:id="o5154-002460"
            n="4-a-0800"
            ecep:lem="ever-pleasing"
            ecep:pos="j"
            ecep:reg="ever-pleasing"
            ecep:spe="ever-pleasing"
            ecep:syllab="4"
            ecep:pron="ˈevəˌˈpliːzɪŋ">ever-pleasing</w>
         <c> </c>
         <w xml:id="o5154-002470"
            n="4-a-0810"
            ecep:lem="solitude"
            ecep:pos="n1"
            ecep:reg="Solitude"
            ecep:spe="Solitude"
            ecep:syllab="3"
            ecep:pron="ˈsɒlətjuːd">Solitude</w>
         <pc xml:id="o5154-002480"
             n="4-a-0820"
             unit="sentence"
             ecep:lem="!"
             ecep:pos="!"
             ecep:reg="!"
             ecep:spe="!">!</pc>
      </l>
      <l xml:id="o5154-l00080">
         <w xml:id="o5154-002490"
            n="4-a-0830"
            ecep:lem="companion"
            ecep:pos="n1"
            ecep:reg="Companion"
            ecep:spe="Companion"
            ecep:syllab="3"
            ecep:pron="kəmˈpænjən">Companion</w>
         <c> </c>
         <w xml:id="o5154-002500"
            n="4-a-0840"
            ecep:lem="of"
            ecep:pos="pp-f"
            ecep:reg="of"
            ecep:spe="of"
            ecep:syllab="1"
            ecep:pron="ɒv">of</w>
         <c> </c>
         <w xml:id="o5154-002510"
            n="4-a-0850"
            ecep:lem="the"
            ecep:pos="dt"
            ecep:reg="the"
            ecep:spe="the"
            ecep:syllab="1"
            ecep:pron="ðiː">the</w>
         <c> </c>
         <w xml:id="o5154-002520"
            n="4-a-0860"
            ecep:lem="wise"
            ecep:pos="j"
            ecep:reg="wise"
            ecep:spe="wise"
            ecep:syllab="1"
            ecep:pron="waɪz">wise</w>
         <c> </c>
         <w xml:id="o5154-002530"
            n="4-a-0870"
            ecep:lem="and"
            ecep:pos="cc"
            ecep:reg="and"
            ecep:spe="and"
            ecep:syllab="1"
            ecep:pron="ænd">and</w>
         <c> </c>
         <w xml:id="o5154-002540"
            n="4-a-0880"
            ecep:lem="good"
            ecep:pos="j"
            ecep:reg="good"
            ecep:spe="good"
            ecep:syllab="1"
            ecep:pron="gʊd">good</w>
         <pc xml:id="o5154-002550"
             n="4-a-0890"
             unit="sentence"
             ecep:lem="!"
             ecep:pos="!"
             ecep:reg="!"
             ecep:spe="!">!</pc>
      </l>
      <l xml:id="o5154-l00085">
         <w xml:id="o5154-002560"
            n="4-a-0900"
            ecep:lem="but"
            ecep:pos="p-acp"
            ecep:reg="But"
            ecep:spe="But"
            ecep:syllab="1"
            ecep:pron="bʌt">But</w>
         <pc xml:id="o5154-002570"
             n="4-a-0910"
             ecep:lem=","
             ecep:pos=","
             ecep:reg=","
             ecep:spe=",">,</pc>
         <c> </c>
         <w xml:id="o5154-002580"
            n="4-a-0920"
            ecep:lem="from"
            ecep:pos="p-acp"
            ecep:reg="from"
            ecep:spe="from"
            ecep:syllab="1"
            ecep:pron="frɒm">from</w>
         <c> </c>
         <w xml:id="o5154-002590"
            n="4-a-0930"
            ecep:lem="who"
            ecep:pos="r-crq"
            ecep:reg="whose"
            ecep:spe="whose"
            ecep:syllab="1"
            ecep:pron="huːz">whose</w>
         <c> </c>
         <w xml:id="o5154-002600"
            n="4-a-0940"
            ecep:lem="holy"
            ecep:pos="j"
            ecep:reg="holy"
            ecep:spe="holy"
            ecep:syllab="2"
            ecep:pron="ˈhəʊli">holy</w>
         <pc xml:id="o5154-002610"
             n="4-a-0950"
             ecep:lem=","
             ecep:pos=","
             ecep:reg=","
             ecep:spe=",">,</pc>
         <c> </c>
         <w xml:id="o5154-002620"
            n="4-a-0960"
            ecep:lem="pierce"
            ecep:pos="j-vvg"
            ecep:reg="piercing"
            ecep:spe="piercing"
            ecep:syllab="2"
            ecep:pron="ˈpɪəsɪŋ">piercing</w>
         <c> </c>
         <w xml:id="o5154-002630"
            n="4-a-0970"
            ecep:lem="eye"
            ecep:pos="n1"
            ecep:reg="eye"
            ecep:spe="eye"
            ecep:syllab="1"
            ecep:pron="aɪ">eye</w>
         <pc xml:id="o5154-002640"
             n="4-a-0980"
             ecep:lem=","
             ecep:pos=","
             ecep:reg=","
             ecep:spe=",">,</pc>
      </l>
      <l xml:id="o5154-l00090">
         <w xml:id="o5154-002650"
            n="4-a-0990"
            ecep:lem="the"
            ecep:pos="dt"
            ecep:reg="The"
            ecep:spe="The"
            ecep:syllab="1"
            ecep:pron="ðiː">The</w>
         <c> </c>
         <w xml:id="o5154-002660"
            n="4-a-1000"
            ecep:lem="herd"
            ecep:pos="n1"
            ecep:reg="herd"
            ecep:spe="herd"
            ecep:syllab="1"
            ecep:pron="hɜːd">herd</w>
         <c> </c>
         <w xml:id="o5154-002670"
            n="4-a-1010"
            ecep:lem="of"
            ecep:pos="pp-f"
            ecep:reg="of"
            ecep:spe="of"
            ecep:syllab="1"
            ecep:pron="ɒv">of</w>
         <c> </c>
         <w xml:id="o5154-002680"
            n="4-a-1020"
            ecep:lem="fool"
            ecep:pos="n2"
            ecep:reg="fools"
            ecep:spe="fools"
            ecep:syllab="1"
            ecep:pron="fuːlz">fools</w>
         <pc xml:id="o5154-002690"
             n="4-a-1030"
             ecep:lem=","
             ecep:pos=","
             ecep:reg=","
             ecep:spe=",">,</pc>
         <c> </c>
         <w xml:id="o5154-002700"
            n="4-a-1040"
            ecep:lem="and"
            ecep:pos="cc"
            ecep:reg="and"
            ecep:spe="and"
            ecep:syllab="1"
            ecep:pron="ænd">and</w>
         <c> </c>
         <w xml:id="o5154-002710"
            n="4-a-1050"
            ecep:lem="villain"
            ecep:pos="n2"
            ecep:reg="villains"
            ecep:spe="villains"
            ecep:syllab="2"
            ecep:pron="ˈvɪlənz">villains</w>
         <c> </c>
         <w xml:id="o5154-002720"
            n="4-a-1060"
            ecep:lem="fly"
            ecep:pos="vvb"
            ecep:reg="fly"
            ecep:spe="fly"
            ecep:syllab="1"
            ecep:pron="flaɪ">fly</w>
         <pc xml:id="o5154-002730"
             n="4-a-1070"
             unit="sentence"
             ecep:lem="."
             ecep:pos="."
             ecep:reg="."
             ecep:spe=".">.</pc>
      </l>
   </lg>
   <lg xml:id="o5154-s00015">
      <l xml:id="o5154-l00095">
         <w xml:id="o5154-002760"
            n="4-a-1080"
            ecep:lem="oh"
            ecep:pos="uh"
            ecep:reg="O"
            ecep:spe="Oh"
            ecep:syllab="1"
            ecep:pron="əʊ">Oh</w>
         <pc xml:id="o5154-002761"
             n="4-a-1081"
             ecep:lem="!"
             ecep:pos="!"
             ecep:reg="!"
             ecep:spe="!">!</pc>
         <c> </c>
         <w xml:id="o5154-002770"
            n="4-a-1090"
            ecep:lem="how"
            ecep:pos="c-crq"
            ecep:reg="how"
            ecep:spe="how"
            ecep:syllab="1"
            ecep:pron="haʊ">how</w>
         <c> </c>
         <w xml:id="o5154-002780"
            n="4-a-1100"
            ecep:lem="i"
            ecep:pos="pns11"
            ecep:reg="I"
            ecep:spe="I"
            ecep:syllab="1"
            ecep:pron="aɪ">I</w>
         <c> </c>
         <w xml:id="o5154-002790"
            n="4-a-1110"
            ecep:lem="love"
            ecep:pos="vvb"
            ecep:reg="love"
            ecep:spe="love"
            ecep:syllab="1"
            ecep:pron="lʌv">love</w>
         <c> </c>
         <w xml:id="o5154-002800"
            n="4-a-1120"
            ecep:lem="with"
            ecep:pos="p-acp"
            ecep:reg="with"
            ecep:spe="with"
            ecep:syllab="1"
            ecep:pron="wɪð">with</w>
         <c> </c>
         <w xml:id="o5154-002810"
            n="4-a-1130"
            ecep:lem="thou"
            ecep:pos="pno21"
            ecep:reg="thee"
            ecep:spe="thee"
            ecep:syllab="1"
            ecep:pron="ðiː">thee</w>
         <c> </c>
         <w xml:id="o5154-002820"
            n="4-a-1140"
            ecep:lem="to"
            ecep:pos="pc-acp"
            ecep:reg="to"
            ecep:spe="to"
            ecep:syllab="1"
            ecep:pron="tuː">to</w>
         <c> </c>
         <w xml:id="o5154-002830"
            n="4-a-1150"
            ecep:lem="walk"
            ecep:pos="vvi"
            ecep:reg="walk"
            ecep:spe="walk"
            ecep:syllab="1"
            ecep:pron="wɔːk">walk</w>
         <pc xml:id="o5154-002840"
             n="4-a-1160"
             unit="sentence"
             ecep:lem="!"
             ecep:pos="!"
             ecep:reg="!"
             ecep:spe="!">!</pc>
      </l>
      <l xml:id="o5154-l00100">
         <w xml:id="o5154-002850"
            n="4-a-1170"
            ecep:lem="and"
            ecep:pos="cc"
            ecep:reg="And"
            ecep:spe="And"
            ecep:syllab="1"
            ecep:pron="ænd">And</w>
         <c> </c>
         <w xml:id="o5154-002860"
            n="4-a-1180"
            ecep:lem="listen"
            ecep:pos="vvb"
            ecep:reg="listen"
            ecep:spe="listen"
            ecep:syllab="2"
            ecep:pron="ˈlɪsn">listen</w>
         <c> </c>
         <w xml:id="o5154-002870"
            n="4-a-1190"
            ecep:lem="to"
            ecep:pos="p-acp"
            ecep:reg="to"
            ecep:spe="to"
            ecep:syllab="1"
            ecep:pron="tuː">to</w>
         <c> </c>
         <w xml:id="o5154-002880"
            n="4-a-1200"
            ecep:lem="thy"
            ecep:pos="po21"
            ecep:reg="thy"
            ecep:spe="thy"
            ecep:syllab="1"
            ecep:pron="ðaɪ">thy</w>
         <c> </c>
         <w xml:id="o5154-002890"
            n="4-a-1210"
            ecep:lem="whisper"
            ecep:pos="j-vvn"
            ecep:reg="whispered"
            ecep:spe="whisper'd"
            ecep:syllab="2"
            ecep:pron="ˈwɪspəd">whisper'd</w>
         <c> </c>
         <w xml:id="o5154-002900"
            n="4-a-1220"
            ecep:lem="talk"
            ecep:pos="n1"
            ecep:reg="talk"
            ecep:spe="talk"
            ecep:syllab="1"
            ecep:pron="tɔːk">talk</w>
         <pc xml:id="o5154-002910"
             n="4-a-1230"
             ecep:lem=";"
             ecep:pos=";"
             ecep:reg=";"
             ecep:spe=";">;</pc>
      </l>
      <l xml:id="o5154-l00105">
         <w xml:id="o5154-002920"
            n="4-a-1240"
            ecep:lem="which"
            ecep:pos="r-crq"
            ecep:reg="Which"
            ecep:spe="Which"
            ecep:syllab="1"
            ecep:pron="wɪtʃ">Which</w>
         <c> </c>
         <w xml:id="o5154-002930"
            n="4-a-1250"
            ecep:lem="innocence"
            ecep:pos="n1"
            ecep:reg="innocence"
            ecep:spe="innocence"
            ecep:syllab="3"
            ecep:pron="ˈɪnəsəns">innocence</w>
         <pc xml:id="o5154-002940"
             n="4-a-1260"
             ecep:lem=","
             ecep:pos=","
             ecep:reg=","
             ecep:spe=",">,</pc>
         <c> </c>
         <w xml:id="o5154-002950"
            n="4-a-1270"
            ecep:lem="and"
            ecep:pos="cc"
            ecep:reg="and"
            ecep:spe="and"
            ecep:syllab="1"
            ecep:pron="ænd">and</w>
         <c> </c>
         <w xml:id="o5154-002960"
            n="4-a-1280"
            ecep:lem="truth"
            ecep:pos="n1"
            ecep:reg="truth"
            ecep:spe="truth"
            ecep:syllab="1"
            ecep:pron="truːθ">truth</w>
         <c> </c>
         <w xml:id="o5154-002970"
            n="4-a-1290"
            ecep:lem="impart"
            ecep:pos="vvz"
            ecep:reg="imparts"
            ecep:spe="imparts"
            ecep:syllab="2"
            ecep:pron="ɪmˈpɑːts">imparts</w>
         <pc xml:id="o5154-002980"
             n="4-a-1300"
             ecep:lem=","
             ecep:pos=","
             ecep:reg=","
             ecep:spe=",">,</pc>
      </l>
      <l xml:id="o5154-l00110">
         <w xml:id="o5154-002990"
            n="4-a-1310"
            ecep:lem="and"
            ecep:pos="cc"
            ecep:reg="And"
            ecep:spe="And"
            ecep:syllab="1"
            ecep:pron="ænd">And</w>
         <c> </c>
         <w xml:id="o5154-003000"
            n="4-a-1320"
            ecep:lem="melt"
            ecep:pos="vvz"
            ecep:reg="melts"
            ecep:spe="melts"
            ecep:syllab="1"
            ecep:pron="melts">melts</w>
         <c> </c>
         <w xml:id="o5154-003010"
            n="4-a-1330"
            ecep:lem="the"
            ecep:pos="dt"
            ecep:reg="the"
            ecep:spe="the"
            ecep:syllab="1"
            ecep:pron="ðiː">the</w>
         <c> </c>
         <w xml:id="o5154-003020"
            n="4-a-1340"
            ecep:lem="most"
            ecep:pos="av-ds"
            ecep:reg="most"
            ecep:spe="most"
            ecep:syllab="1"
            ecep:pron="məʊst">most</w>
         <c> </c>
         <w xml:id="o5154-003030"
            n="4-a-1350"
            ecep:lem="obdurate"
            ecep:pos="j"
            ecep:reg="obdurate"
            ecep:spe="obdurate"
            ecep:syllab="3"
            ecep:pron="ˈɒbdjʊrət">obdurate</w>
         <c> </c>
         <w xml:id="o5154-003040"
            n="4-a-1360"
            ecep:lem="heart"
            ecep:pos="n2"
            ecep:reg="hearts"
            ecep:spe="hearts"
            ecep:syllab="1"
            ecep:pron="hɑːts">hearts</w>
         <pc xml:id="o5154-003050"
             n="4-a-1370"
             unit="sentence"
             ecep:lem="."
             ecep:pos="."
             ecep:reg="."
             ecep:spe=".">.</pc>
      </l>
   </lg>
   <lg xml:id="o5154-s00020">
      <l xml:id="o5154-l00115">
         <w xml:id="o5154-003080"
            n="4-a-1380"
            ecep:lem="a"
            ecep:pos="dt"
            ecep:reg="A"
            ecep:spe="A"
            ecep:syllab="1"
            ecep:pron="ə">A</w>
         <c> </c>
         <w xml:id="o5154-003090"
            n="4-a-1390"
            ecep:lem="thousand"
            ecep:pos="crd"
            ecep:reg="thousand"
            ecep:spe="thousand"
            ecep:syllab="2"
            ecep:pron="ˈθaʊznd">thousand</w>
         <c> </c>
         <w xml:id="o5154-003100"
            n="4-a-1400"
            ecep:lem="shape"
            ecep:pos="n2"
            ecep:reg="shapes"
            ecep:spe="shapes"
            ecep:syllab="1"
            ecep:pron="ʃeɪps">shapes</w>
         <c> </c>
         <w xml:id="o5154-003110"
            n="4-a-1410"
            ecep:lem="you"
            ecep:pos="pn22"
            ecep:reg="you"
            ecep:spe="you"
            ecep:syllab="1"
            ecep:pron="juː">you</w>
         <c> </c>
         <w xml:id="o5154-003120"
            n="4-a-1420"
            ecep:lem="wear"
            ecep:pos="vvb"
            ecep:reg="wear"
            ecep:spe="wear"
            ecep:syllab="1"
            ecep:pron="weə">wear</w>
         <c> </c>
         <w xml:id="o5154-003130"
            n="4-a-1430"
            ecep:lem="with"
            ecep:pos="p-acp"
            ecep:reg="with"
            ecep:spe="with"
            ecep:syllab="1"
            ecep:pron="wɪð">with</w>
         <c> </c>
         <w xml:id="o5154-003140"
            n="4-a-1440"
            ecep:lem="ease"
            ecep:pos="n1"
            ecep:reg="ease"
            ecep:spe="ease"
            ecep:syllab="1"
            ecep:pron="iːz">ease</w>
         <pc xml:id="o5154-003150"
             n="4-a-1450"
             ecep:lem=","
             ecep:pos=","
             ecep:reg=","
             ecep:spe=",">,</pc>
      </l>
      <l xml:id="o5154-l00120">
         <w xml:id="o5154-003160"
            n="4-a-1460"
            ecep:lem="and"
            ecep:pos="cc"
            ecep:reg="And"
            ecep:spe="And"
            ecep:syllab="1"
            ecep:pron="ænd">And</w>
         <c> </c>
         <w xml:id="o5154-003170"
            n="4-a-1470"
            ecep:lem="still"
            ecep:pos="av"
            ecep:reg="still"
            ecep:spe="still"
            ecep:syllab="1"
            ecep:pron="stɪl">still</w>
         <c> </c>
         <w xml:id="o5154-003180"
            n="4-a-1480"
            ecep:lem="in"
            ecep:pos="p-acp"
            ecep:reg="in"
            ecep:spe="in"
            ecep:syllab="1"
            ecep:pron="ɪn">in</w>
         <c> </c>
         <w xml:id="o5154-003190"
            n="4-a-1490"
            ecep:lem="every"
            ecep:pos="d"
            ecep:reg="every"
            ecep:spe="every"
            ecep:syllab="2"
            ecep:pron="ˈevri">every</w>
         <c> </c>
         <w xml:id="o5154-003200"
            n="4-a-1500"
            ecep:lem="shape"
            ecep:pos="n1"
            ecep:reg="shape"
            ecep:spe="shape"
            ecep:syllab="1"
            ecep:pron="ʃeɪp">shape</w>
         <c> </c>
         <w xml:id="o5154-003210"
            n="4-a-1510"
            ecep:lem="you"
            ecep:pos="pn22"
            ecep:reg="you"
            ecep:spe="you"
            ecep:syllab="1"
            ecep:pron="juː">you</w>
         <c> </c>
         <w xml:id="o5154-003220"
            n="4-a-1520"
            ecep:lem="please"
            ecep:pos="vvb"
            ecep:reg="please"
            ecep:spe="please"
            ecep:syllab="1"
            ecep:pron="pliːz">please</w>
         <pc xml:id="o5154-003230"
             n="4-a-1530"
             ecep:lem=";"
             ecep:pos=";"
             ecep:reg=";"
             ecep:spe=";">;</pc>
      </l>
      <l xml:id="o5154-l00125">
         <w xml:id="o5154-003240"
            n="4-a-1540"
            ecep:lem="now"
            ecep:pos="av"
            ecep:reg="Now"
            ecep:spe="Now"
            ecep:syllab="1"
            ecep:pron="naʊ">Now</w>
         <c> </c>
         <w xml:id="o5154-003250"
            n="4-a-1550"
            ecep:lem="rapt"
            ecep:pos="j"
            ecep:reg="rapt"
            ecep:spe="rapt"
            ecep:syllab="1"
            ecep:pron="ræpt">rapt</w>
         <c> </c>
         <w xml:id="o5154-003260"
            n="4-a-1560"
            ecep:lem="in"
            ecep:pos="p-acp"
            ecep:reg="in"
            ecep:spe="in"
            ecep:syllab="1"
            ecep:pron="ɪn">in</w>
         <c> </c>
         <w xml:id="o5154-003270"
            n="4-a-1570"
            ecep:lem="some"
            ecep:pos="d"
            ecep:reg="some"
            ecep:spe="some"
            ecep:syllab="1"
            ecep:pron="sʌm">some</w>
         <c> </c>
         <w xml:id="o5154-003280"
            n="4-a-1580"
            ecep:lem="mysterious"
            ecep:pos="j"
            ecep:reg="mysterious"
            ecep:spe="mysterious"
            ecep:syllab="4"
            ecep:pron="mɪˈstɪəriəs">mysterious</w>
         <c> </c>
         <w xml:id="o5154-003290"
            n="4-a-1590"
            ecep:lem="dream"
            ecep:pos="n1"
            ecep:reg="dream"
            ecep:spe="dream"
            ecep:syllab="1"
            ecep:pron="driːm">dream</w>
         <pc xml:id="o5154-003300"
             n="4-a-1600"
             ecep:lem=","
             ecep:pos=","
             ecep:reg=","
             ecep:spe=",">,</pc>
      </l>
      <l xml:id="o5154-l00130">
         <w xml:id="o5154-003310"
            n="4-a-1610"
            ecep:lem="a"
            ecep:pos="dt"
            ecep:reg="A"
            ecep:spe="A"
            ecep:syllab="1"
            ecep:pron="ə">A</w>
         <c> </c>
         <w xml:id="o5154-003320"
            n="4-a-1620"
            ecep:lem="lone"
            ecep:pos="j"
            ecep:reg="lone"
            ecep:spe="lone"
            ecep:syllab="1"
            ecep:pron="ləʊn">lone</w>
         <c> </c>
         <w xml:id="o5154-003330"
            n="4-a-1630"
            ecep:lem="philosopher"
            ecep:pos="n1"
            ecep:reg="philosopher"
            ecep:spe="philosopher"
            ecep:syllab="4"
            ecep:pron="fəˈlɒsəfə">philosopher</w>
         <c> </c>
         <w xml:id="o5154-003340"
            n="4-a-1640"
            ecep:lem="you"
            ecep:pos="pn22"
            ecep:reg="you"
            ecep:spe="you"
            ecep:syllab="1"
            ecep:pron="juː">you</w>
         <c> </c>
         <w xml:id="o5154-003350"
            n="4-a-1650"
            ecep:lem="seem"
            ecep:pos="vvb"
            ecep:reg="seem"
            ecep:spe="seem"
            ecep:syllab="1"
            ecep:pron="siːm">seem</w>
         <pc xml:id="o5154-003360"
             n="4-a-1660"
             ecep:lem=";"
             ecep:pos=";"
             ecep:reg=";"
             ecep:spe=";">;</pc>
      </l>
      <l ana="#triplet" rhyme="aaa" xml:id="o5154-l00135">
         <w xml:id="o5154-003370"
            n="4-a-1670"
            ecep:lem="now"
            ecep:pos="av"
            ecep:reg="Now"
            ecep:spe="Now"
            ecep:syllab="1"
            ecep:pron="naʊ">Now</w>
         <c> </c>
         <w xml:id="o5154-003380"
            n="4-a-1680"
            ecep:lem="quick"
            ecep:pos="j"
            ecep:reg="quick"
            ecep:spe="quick"
            ecep:syllab="1"
            ecep:pron="kwɪk">quick</w>
         <c> </c>
         <w xml:id="o5154-003390"
            n="4-a-1690"
            ecep:lem="from"
            ecep:pos="p-acp"
            ecep:reg="from"
            ecep:spe="from"
            ecep:syllab="1"
            ecep:pron="frɒm">from</w>
         <c> </c>
         <w xml:id="o5154-003400"
            n="4-a-1700"
            ecep:lem="hill"
            ecep:pos="n1"
            ecep:reg="hill"
            ecep:spe="hill"
            ecep:syllab="1"
            ecep:pron="hɪl">hill</w>
         <c> </c>
         <w xml:id="o5154-003410"
            n="4-a-1710"
            ecep:lem="to"
            ecep:pos="p-acp"
            ecep:reg="to"
            ecep:spe="to"
            ecep:syllab="1"
            ecep:pron="tuː">to</w>
         <c> </c>
         <w xml:id="o5154-003420"
            n="4-a-1720"
            ecep:lem="vale"
            ecep:pos="n1"
            ecep:reg="vale"
            ecep:spe="vale"
            ecep:syllab="1"
            ecep:pron="ˈvɑːleɪ">vale</w>
         <c> </c>
         <w xml:id="o5154-003430"
            n="4-a-1730"
            ecep:lem="you"
            ecep:pos="pn22"
            ecep:reg="you"
            ecep:spe="you"
            ecep:syllab="1"
            ecep:pron="juː">you</w>
         <c> </c>
         <w xml:id="o5154-003440"
            n="4-a-1740"
            ecep:lem="fly"
            ecep:pos="vvb"
            ecep:reg="fly"
            ecep:spe="fly"
            ecep:syllab="1"
            ecep:pron="flaɪ">fly</w>
         <pc xml:id="o5154-003450"
             n="4-a-1750"
             ecep:lem=","
             ecep:pos=","
             ecep:reg=","
             ecep:spe=",">,</pc>
      </l>
      <l ana="#triplet" rhyme="aaa" xml:id="o5154-l00140">
         <w xml:id="o5154-003460"
            n="4-a-1760"
            ecep:lem="and"
            ecep:pos="cc"
            ecep:reg="And"
            ecep:spe="And"
            ecep:syllab="1"
            ecep:pron="ænd">And</w>
         <c> </c>
         <w xml:id="o5154-003470"
            n="4-a-1770"
            ecep:lem="now"
            ecep:pos="av"
            ecep:reg="now"
            ecep:spe="now"
            ecep:syllab="1"
            ecep:pron="naʊ">now</w>
         <c> </c>
         <w xml:id="o5154-003480"
            n="4-a-1780"
            ecep:lem="you"
            ecep:pos="pn22"
            ecep:reg="you"
            ecep:spe="you"
            ecep:syllab="1"
            ecep:pron="juː">you</w>
         <c> </c>
         <w xml:id="o5154-003490"
            n="4-a-1790"
            ecep:lem="sweep"
            ecep:pos="vvb"
            ecep:reg="sweep"
            ecep:spe="sweep"
            ecep:syllab="1"
            ecep:pron="swiːp">sweep</w>
         <c> </c>
         <w xml:id="o5154-003500"
            n="4-a-1800"
            ecep:lem="the"
            ecep:pos="dt"
            ecep:reg="the"
            ecep:spe="the"
            ecep:syllab="1"
            ecep:pron="ðiː">the</w>
         <c> </c>
         <w xml:id="o5154-003510"
            n="4-a-1810"
            ecep:lem="vault"
            ecep:pos="j-vvn"
            ecep:reg="vaulted"
            ecep:spe="vaulted"
            ecep:syllab="2"
            ecep:pron="ˈvɔːltɪd">vaulted</w>
         <c> </c>
         <w xml:id="o5154-003520"
            n="4-a-1820"
            ecep:lem="sky"
            ecep:pos="n1"
            ecep:reg="sky"
            ecep:spe="sky"
            ecep:syllab="1"
            ecep:pron="skaɪ">sky</w>
         <pc xml:id="o5154-003530"
             n="4-a-1830"
             ecep:lem=","
             ecep:pos=","
             ecep:reg=","
             ecep:spe=",">,</pc>
      </l>
      <l ana="#triplet" rhyme="aaa" xml:id="o5154-l00145">
         <w xml:id="o5154-003540"
            n="4-a-1840"
            ecep:lem="and"
            ecep:pos="cc"
            ecep:reg="And"
            ecep:spe="And"
            ecep:syllab="1"
            ecep:pron="ænd">And</w>
         <c> </c>
         <w xml:id="o5154-003550"
            n="4-a-1850"
            ecep:lem="nature"
            ecep:pos="n1"
            ecep:reg="nature"
            ecep:spe="nature"
            ecep:syllab="2"
            ecep:pron="ˈneɪtʃə">nature</w>
         <c> </c>
         <w xml:id="o5154-003560"
            n="4-a-1860"
            ecep:lem="triumph"
            ecep:pos="n2"
            ecep:reg="triumphs"
            ecep:spe="triumphs"
            ecep:syllab="2"
            ecep:pron="ˈtraɪəmfs">triumphs</w>
         <c> </c>
         <w xml:id="o5154-003570"
            n="4-a-1870"
            ecep:lem="in"
            ecep:pos="p-acp"
            ecep:reg="in"
            ecep:spe="in"
            ecep:syllab="1"
            ecep:pron="ɪn">in</w>
         <c> </c>
         <w xml:id="o5154-003580"
            n="4-a-1880"
            ecep:lem="your"
            ecep:pos="po22"
            ecep:reg="your"
            ecep:spe="your"
            ecep:syllab="1"
            ecep:pron="jɔː">your</w>
         <c> </c>
         <w xml:id="o5154-003590"
            n="4-a-1890"
            ecep:lem="eye"
            ecep:pos="n1"
            ecep:reg="eye"
            ecep:spe="eye"
            ecep:syllab="1"
            ecep:pron="aɪ">eye</w>
         <pc xml:id="o5154-003600"
             n="4-a-1900"
             ecep:lem=":"
             ecep:pos=":"
             ecep:reg=":"
             ecep:spe=":">:</pc>
      </l>
      <l xml:id="o5154-l00150">
         <w xml:id="o5154-003610"
            n="4-a-1910"
            ecep:lem="then"
            ecep:pos="av"
            ecep:reg="Then"
            ecep:spe="Then"
            ecep:syllab="1"
            ecep:pron="ðen">Then</w>
         <c> </c>
         <w xml:id="o5154-003620"
            n="4-a-1920"
            ecep:lem="strait"
            ecep:pos="n1"
            ecep:reg="strait"
            ecep:spe="strait"
            ecep:syllab="1"
            ecep:pron="streɪt">strait</w>
         <c> </c>
         <w xml:id="o5154-003630"
            n="4-a-1930"
            ecep:lem="again"
            ecep:pos="av"
            ecep:reg="again"
            ecep:spe="again"
            ecep:syllab="2"
            ecep:pron="əˈgen">again</w>
         <c> </c>
         <w xml:id="o5154-003640"
            n="4-a-1940"
            ecep:lem="you"
            ecep:pos="pn22"
            ecep:reg="you"
            ecep:spe="you"
            ecep:syllab="1"
            ecep:pron="juː">you</w>
         <c> </c>
         <w xml:id="o5154-003650"
            n="4-a-1950"
            ecep:lem="court"
            ecep:pos="vvb"
            ecep:reg="court"
            ecep:spe="court"
            ecep:syllab="1"
            ecep:pron="kɔːt">court</w>
         <c> </c>
         <w xml:id="o5154-003660"
            n="4-a-1960"
            ecep:lem="the"
            ecep:pos="dt"
            ecep:reg="the"
            ecep:spe="the"
            ecep:syllab="1"
            ecep:pron="ðiː">the</w>
         <c> </c>
         <w xml:id="o5154-003670"
            n="4-a-1970"
            ecep:lem="shade"
            ecep:pos="n1"
            ecep:reg="shade"
            ecep:spe="shade"
            ecep:syllab="1"
            ecep:pron="ʃeɪd">shade</w>
         <pc xml:id="o5154-003680"
             n="4-a-1980"
             ecep:lem=","
             ecep:pos=","
             ecep:reg=","
             ecep:spe=",">,</pc>
      </l>
      <l xml:id="o5154-l00155">
         <w xml:id="o5154-003690"
            n="4-a-1990"
            ecep:lem="and"
            ecep:pos="cc"
            ecep:reg="And"
            ecep:spe="And"
            ecep:syllab="1"
            ecep:pron="ænd">And</w>
         <c> </c>
         <w xml:id="o5154-003700"
            n="4-a-2000"
            ecep:lem="pine"
            ecep:pos="vvg"
            ecep:reg="pining"
            ecep:spe="pining"
            ecep:syllab="2"
            ecep:pron="ˈpaɪnɪŋ">pining</w>
         <c> </c>
         <w xml:id="o5154-003710"
            n="4-a-2010"
            ecep:lem="hang"
            ecep:pos="vvb"
            ecep:reg="hang"
            ecep:spe="hang"
            ecep:syllab="1"
            ecep:pron="hæŋ">hang</w>
         <c> </c>
         <w xml:id="o5154-003720"
            n="4-a-2020"
            ecep:lem="the"
            ecep:pos="dt"
            ecep:reg="the"
            ecep:spe="the"
            ecep:syllab="1"
            ecep:pron="ðiː">the</w>
         <c> </c>
         <w xml:id="o5154-003730"
            n="4-a-2030"
            ecep:lem="pensive"
            ecep:pos="j"
            ecep:reg="pensive"
            ecep:spe="pensive"
            ecep:syllab="2"
            ecep:pron="ˈpensɪv">pensive</w>
         <c> </c>
         <w xml:id="o5154-003740"
            n="4-a-2040"
            ecep:lem="head"
            ecep:pos="n1"
            ecep:reg="head"
            ecep:spe="head"
            ecep:syllab="1"
            ecep:pron="hed">head</w>
         <pc xml:id="o5154-003750"
             n="4-a-2050"
             unit="sentence"
             ecep:lem="."
             ecep:pos="."
             ecep:reg="."
             ecep:spe=".">.</pc>
      </l>
      <pb facs="o5154/0008_R" n="3" rend="none"/>
      <l xml:id="o5154-l00160">
         <w xml:id="o5154-003760"
            n="5-a-0010"
            ecep:lem="a"
            ecep:pos="dt"
            ecep:reg="A"
            ecep:spe="A"
            ecep:syllab="1"
            ecep:pron="ə">A</w>
         <c> </c>
         <w xml:id="o5154-003770"
            n="5-a-0020"
            ecep:lem="shepherd"
            ecep:pos="n1"
            ecep:reg="shepherd"
            ecep:spe="shepherd"
            ecep:syllab="2"
            ecep:pron="ˈʃepəd">shepherd</w>
         <c> </c>
         <w xml:id="o5154-003780"
            n="5-a-0030"
            ecep:lem="next"
            ecep:pos="ord"
            ecep:reg="next"
            ecep:spe="next"
            ecep:syllab="1"
            ecep:pron="nekst">next</w>
         <c> </c>
         <w xml:id="o5154-003790"
            n="5-a-0040"
            ecep:lem="you"
            ecep:pos="pn22"
            ecep:reg="you"
            ecep:spe="you"
            ecep:syllab="1"
            ecep:pron="juː">you</w>
         <c> </c>
         <w xml:id="o5154-003800"
            n="5-a-0050"
            ecep:lem="haunt"
            ecep:pos="vvb"
            ecep:reg="haunt"
            ecep:spe="haunt"
            ecep:syllab="1"
            ecep:pron="hɔːnt">haunt</w>
         <c> </c>
         <w xml:id="o5154-003810"
            n="5-a-0060"
            ecep:lem="the"
            ecep:pos="dt"
            ecep:reg="the"
            ecep:spe="the"
            ecep:syllab="1"
            ecep:pron="ðiː">the</w>
         <c> </c>
         <w xml:id="o5154-003820"
            n="5-a-0070"
            ecep:lem="plain"
            ecep:pos="j"
            ecep:reg="plain"
            ecep:spe="plain"
            ecep:syllab="1"
            ecep:pron="pleɪn">plain</w>
         <pc xml:id="o5154-003830"
             n="5-a-0080"
             ecep:lem=","
             ecep:pos=","
             ecep:reg=","
             ecep:spe=",">,</pc>
      </l>
      <l xml:id="o5154-l00165">
         <w xml:id="o5154-003840"
            n="5-a-0090"
            ecep:lem="and"
            ecep:pos="cc"
            ecep:reg="And"
            ecep:spe="And"
            ecep:syllab="1"
            ecep:pron="ænd">And</w>
         <c> </c>
         <w xml:id="o5154-003850"
            n="5-a-0100"
            ecep:lem="warble"
            ecep:pos="n1"
            ecep:reg="warble"
            ecep:spe="warble"
            ecep:syllab="2"
            ecep:pron="ˈwɔːbl">warble</w>
         <c> </c>
         <w xml:id="o5154-003860"
            n="5-a-0110"
            ecep:lem="forth"
            ecep:pos="av"
            ecep:reg="forth"
            ecep:spe="forth"
            ecep:syllab="1"
            ecep:pron="fɔːθ">forth</w>
         <c> </c>
         <w xml:id="o5154-003870"
            n="5-a-0120"
            ecep:lem="your"
            ecep:pos="po22"
            ecep:reg="your"
            ecep:spe="your"
            ecep:syllab="1"
            ecep:pron="jɔː">your</w>
         <c> </c>
         <w xml:id="o5154-003880"
            n="5-a-0130"
            ecep:lem="oaten"
            ecep:pos="j"
            ecep:reg="oaten"
            ecep:spe="oaten"
            ecep:syllab="2"
            ecep:pron="ˈəʊtn">oaten</w>
         <c> </c>
         <w xml:id="o5154-003890"
            n="5-a-0140"
            ecep:lem="strain"
            ecep:pos="n1"
            ecep:reg="strain"
            ecep:spe="strain"
            ecep:syllab="1"
            ecep:pron="streɪn">strain</w>
         <pc xml:id="o5154-003900"
             n="5-a-0150"
             unit="sentence"
             ecep:lem="."
             ecep:pos="."
             ecep:reg="."
             ecep:spe=".">.</pc>
      </l>
      <l xml:id="o5154-l00170">
         <w xml:id="o5154-003910"
            n="5-a-0160"
            ecep:lem="a"
            ecep:pos="dt"
            ecep:reg="A"
            ecep:spe="A"
            ecep:syllab="1"
            ecep:pron="ə">A</w>
         <c> </c>
         <w xml:id="o5154-003920"
            n="5-a-0170"
            ecep:lem="lover"
            ecep:pos="n1"
            ecep:reg="lover"
            ecep:spe="lover"
            ecep:syllab="2"
            ecep:pron="ˈlʌvə">lover</w>
         <c> </c>
         <w xml:id="o5154-003930"
            n="5-a-0180"
            ecep:lem="now"
            ecep:pos="av"
            ecep:reg="now"
            ecep:spe="now"
            ecep:syllab="1"
            ecep:pron="naʊ">now</w>
         <c> </c>
         <w xml:id="o5154-003940"
            n="5-a-0190"
            ecep:lem="with"
            ecep:pos="p-acp"
            ecep:reg="with"
            ecep:spe="with"
            ecep:syllab="1"
            ecep:pron="wɪð">with</w>
         <c> </c>
         <w xml:id="o5154-003950"
            n="5-a-0200"
            ecep:lem="all"
            ecep:pos="d"
            ecep:reg="all"
            ecep:spe="all"
            ecep:syllab="1"
            ecep:pron="ɔːl">all</w>
         <c> </c>
         <w xml:id="o5154-003960"
            n="5-a-0210"
            ecep:lem="the"
            ecep:pos="dt"
            ecep:reg="the"
            ecep:spe="the"
            ecep:syllab="1"
            ecep:pron="ðiː">the</w>
         <c> </c>
         <w xml:id="o5154-003970"
            n="5-a-0220"
            ecep:lem="grace"
            ecep:pos="n1"
            ecep:reg="grace"
            ecep:spe="grace"
            ecep:syllab="1"
            ecep:pron="greɪs">grace</w>
      </l>
      <l xml:id="o5154-l00175">
         <w xml:id="o5154-003980"
            n="5-a-0230"
            ecep:lem="of"
            ecep:pos="pp-f"
            ecep:reg="Of"
            ecep:spe="Of"
            ecep:syllab="1"
            ecep:pron="ɒv">Of</w>
         <c> </c>
         <w xml:id="o5154-003990"
            n="5-a-0240"
            ecep:lem="that"
            ecep:pos="cst"
            ecep:reg="that"
            ecep:spe="that"
            ecep:syllab="1"
            ecep:pron="ðæt">that</w>
         <c> </c>
         <w xml:id="o5154-004000"
            n="5-a-0250"
            ecep:lem="sweet"
            ecep:pos="j"
            ecep:reg="sweet"
            ecep:spe="sweet"
            ecep:syllab="1"
            ecep:pron="swiːt">sweet</w>
         <c> </c>
         <w xml:id="o5154-004010"
            n="5-a-0260"
            ecep:lem="passion"
            ecep:pos="n1"
            ecep:reg="passion"
            ecep:spe="passion"
            ecep:syllab="2"
            ecep:pron="ˈpæʃn">passion</w>
         <c> </c>
         <w xml:id="o5154-004020"
            n="5-a-0270"
            ecep:lem="in"
            ecep:pos="p-acp"
            ecep:reg="in"
            ecep:spe="in"
            ecep:syllab="1"
            ecep:pron="ɪn">in</w>
         <c> </c>
         <w xml:id="o5154-004030"
            n="5-a-0280"
            ecep:lem="your"
            ecep:pos="po22"
            ecep:reg="your"
            ecep:spe="your"
            ecep:syllab="1"
            ecep:pron="jɔː">your</w>
         <c> </c>
         <w xml:id="o5154-004040"
            n="5-a-0290"
            ecep:lem="face"
            ecep:pos="n1"
            ecep:reg="face"
            ecep:spe="face"
            ecep:syllab="1"
            ecep:pron="feɪs">face</w>
         <pc xml:id="o5154-004050"
             n="5-a-0300"
             unit="sentence"
             ecep:lem="!"
             ecep:pos="!"
             ecep:reg="!"
             ecep:spe="!">!</pc>
      </l>
      <l xml:id="o5154-l00180">
         <w xml:id="o5154-004060"
            n="5-a-0310"
            ecep:lem="then"
            ecep:pos="av"
            ecep:reg="Then"
            ecep:spe="Then"
            ecep:syllab="1"
            ecep:pron="ðen">Then</w>
         <pc xml:id="o5154-004070"
             n="5-a-0320"
             ecep:lem=","
             ecep:pos=","
             ecep:reg=","
             ecep:spe=",">,</pc>
         <c> </c>
         <w xml:id="o5154-004080"
            n="5-a-0330"
            ecep:lem="soft-divided"
            ecep:pos="j"
            ecep:reg="soft-divided"
            ecep:spe="soft-divided"
            ecep:syllab="4"
            ecep:pron="sɒftˌdɪˈvaɪdɪd">soft-divided</w>
         <pc xml:id="o5154-004090"
             n="5-a-0340"
             ecep:lem=","
             ecep:pos=","
             ecep:reg=","
             ecep:spe=",">,</pc>
         <c> </c>
         <w xml:id="o5154-004100"
            n="5-a-0350"
            ecep:lem="you"
            ecep:pos="pn22"
            ecep:reg="you"
            ecep:spe="you"
            ecep:syllab="1"
            ecep:pron="juː">you</w>
         <c> </c>
         <w xml:id="o5154-004110"
            n="5-a-0360"
            ecep:lem="assume"
            ecep:pos="vvb"
            ecep:reg="assume"
            ecep:spe="assume"
            ecep:syllab="2"
            ecep:pron="əˈsjuːm">assume</w>
      </l>
      <l xml:id="o5154-l00185">
         <w xml:id="o5154-004120"
            n="5-a-0370"
            ecep:lem="the"
            ecep:pos="dt"
            ecep:reg="The"
            ecep:spe="The"
            ecep:syllab="1"
            ecep:pron="ðiː">The</w>
         <c> </c>
         <w xml:id="o5154-004130"
            n="5-a-0380"
            ecep:lem="gentle-looking"
            ecep:pos="j"
            ecep:reg="gentle-looking"
            ecep:spe="gentle-looking"
            ecep:syllab="4"
            ecep:pron="ˈdʒentlˌˈlʊkɪŋ">gentle-looking</w>
         <c> </c>
         <w xml:id="o5154-004140"
            n="5-a-0390"
            ecep:lem="h—d's"
            ecep:pos="ng1"
            ecep:reg="H—d's"
            ecep:spe="H—d's"
            ecep:syllab="1"
            ecep:pron="ˈeɪtʃdˈiːz">H—d's</w>
         <c> </c>
         <w xml:id="o5154-004170"
            n="5-a-0420"
            ecep:lem="bloom"
            ecep:pos="n1"
            ecep:reg="bloom"
            ecep:spe="bloom"
            ecep:syllab="1"
            ecep:pron="bluːm">bloom</w>
         <pc xml:id="o5154-004180"
             n="5-a-0430"
             ecep:lem=","
             ecep:pos=","
             ecep:reg=","
             ecep:spe=",">,</pc>
      </l>
      <l xml:id="o5154-l00190">
         <w xml:id="o5154-004190"
            n="5-a-0440"
            ecep:lem="as"
            ecep:pos="c-acp"
            ecep:reg="As"
            ecep:spe="As"
            ecep:syllab="1"
            ecep:pron="æz">As</w>
         <pc xml:id="o5154-004200"
             n="5-a-0450"
             ecep:lem=","
             ecep:pos=","
             ecep:reg=","
             ecep:spe=",">,</pc>
         <c> </c>
         <w xml:id="o5154-004210"
            n="5-a-0460"
            ecep:lem="with"
            ecep:pos="p-acp"
            ecep:reg="with"
            ecep:spe="with"
            ecep:syllab="1"
            ecep:pron="wɪð">with</w>
         <c> </c>
         <w xml:id="o5154-004220"
            n="5-a-0470"
            ecep:lem="her"
            ecep:pos="po31"
            ecep:reg="her"
            ecep:spe="her"
            ecep:syllab="1"
            ecep:pron="hɜː">her</w>
         <c> </c>
         <w xml:id="o5154-004230"
            n="5-a-0480"
            ecep:lem="Philomela"
            ecep:pos="np1"
            ecep:reg="PHILOMELA"
            ecep:spe="PHILOMELA"
            ecep:syllab="4"
            ecep:pron="fˈɪləʊmlə">PHILOMELA</w>
         <pc xml:id="o5154-004240"
             n="5-a-0490"
             ecep:lem=","
             ecep:pos=","
             ecep:reg=","
             ecep:spe=",">,</pc>
         <c> </c>
         <w xml:id="o5154-004250"
            n="5-a-0500"
            ecep:lem="she"
            ecep:pos="pns31"
            ecep:reg="she"
            ecep:spe="she"
            ecep:syllab="1"
            ecep:pron="ʃiː">she</w>
         <pc xml:id="o5154-004260"
             n="5-a-0510"
             ecep:lem=","
             ecep:pos=","
             ecep:reg=","
             ecep:spe=",">,</pc>
      </l>
      <l xml:id="o5154-l00195">
         <pc xml:id="o5154-004270"
             n="5-a-0520"
             ecep:lem="("
             ecep:pos="("
             ecep:reg="("
             ecep:spe="(">(</pc>
         <w xml:id="o5154-004280"
            n="5-a-0530"
            ecep:lem="her"
            ecep:pos="po31"
            ecep:reg="Her"
            ecep:spe="Her"
            ecep:syllab="1"
            ecep:pron="hɜː">Her</w>
         <c> </c>
         <w xml:id="o5154-004290"
            n="5-a-0540"
            ecep:lem="Philomela"
            ecep:pos="np1"
            ecep:reg="PHILOMELA"
            ecep:spe="PHILOMELA"
            ecep:syllab="4"
            ecep:pron="fˈɪləʊmlə">PHILOMELA</w>
         <c> </c>
         <w xml:id="o5154-004300"
            n="5-a-0550"
            ecep:lem="fond"
            ecep:pos="j"
            ecep:reg="fond"
            ecep:spe="fond"
            ecep:syllab="1"
            ecep:pron="fɒnd">fond</w>
         <c> </c>
         <w xml:id="o5154-004310"
            n="5-a-0560"
            ecep:lem="of"
            ecep:pos="pp-f"
            ecep:reg="of"
            ecep:spe="of"
            ecep:syllab="1"
            ecep:pron="ɒv">of</w>
         <c> </c>
         <w xml:id="o5154-004320"
            n="5-a-0570"
            ecep:lem="thou"
            ecep:pos="pno21"
            ecep:reg="thee"
            ecep:spe="thee"
            ecep:syllab="1"
            ecep:pron="ðiː">thee</w>
         <pc xml:id="o5154-004330"
             n="5-a-0580"
             ecep:lem=")"
             ecep:pos=")"
             ecep:reg=")"
             ecep:spe=")">)</pc>
      </l>
      <l xml:id="o5154-l00200">
         <w xml:id="o5154-004340"
            n="5-a-0590"
            ecep:lem="amid"
            ecep:pos="p-acp"
            ecep:reg="Amid"
            ecep:spe="Amid"
            ecep:syllab="2"
            ecep:pron="əˈmɪd">Amid</w>
         <c> </c>
         <w xml:id="o5154-004350"
            n="5-a-0600"
            ecep:lem="the"
            ecep:pos="dt"
            ecep:reg="the"
            ecep:spe="the"
            ecep:syllab="1"
            ecep:pron="ðiː">the</w>
         <c> </c>
         <w xml:id="o5154-004360"
            n="5-a-0610"
            ecep:lem="long"
            ecep:pos="j"
            ecep:reg="long"
            ecep:spe="long"
            ecep:syllab="1"
            ecep:pron="lɒŋ">long</w>
         <c> </c>
         <w xml:id="o5154-004370"
            n="5-a-0620"
            ecep:lem="withdraw"
            ecep:pos="j-vvg"
            ecep:reg="withdrawing"
            ecep:spe="withdrawing"
            ecep:syllab="3"
            ecep:pron="wɪðˈdrɔːɪŋ">withdrawing</w>
         <c> </c>
         <w xml:id="o5154-004380"
            n="5-a-0630"
            ecep:lem="vale"
            ecep:pos="n1"
            ecep:reg="vale"
            ecep:spe="vale"
            ecep:syllab="1"
            ecep:pron="ˈvɑːleɪ">vale</w>
         <pc xml:id="o5154-004390"
             n="5-a-0640"
             ecep:lem=","
             ecep:pos=","
             ecep:reg=","
             ecep:spe=",">,</pc>
      </l>
      <l xml:id="o5154-l00205">
         <w xml:id="o5154-004400"
            n="5-a-0650"
            ecep:lem="awake"
            ecep:pos="vvz"
            ecep:reg="Awakes"
            ecep:spe="Awakes"
            ecep:syllab="2"
            ecep:pron="əˈweɪks">Awakes</w>
         <c> </c>
         <w xml:id="o5154-004410"
            n="5-a-0660"
            ecep:lem="the"
            ecep:pos="dt"
            ecep:reg="the"
            ecep:spe="the"
            ecep:syllab="1"
            ecep:pron="ðiː">the</w>
         <c> </c>
         <w xml:id="o5154-004420"
            n="5-a-0670"
            ecep:lem="rival"
            ecep:pos="j-vvn"
            ecep:reg="rivalled"
            ecep:spe="rival'd"
            ecep:syllab="2"
            ecep:pron="ˈraɪvld">rival'd</w>
         <c> </c>
         <w xml:id="o5154-004430"
            n="5-a-0680"
            ecep:lem="nightingale"
            ecep:pos="n1"
            ecep:reg="nightingale"
            ecep:spe="nightingale"
            ecep:syllab="3"
            ecep:pron="ˈnaɪtɪŋgeɪl">nightingale</w>
         <pc xml:id="o5154-004440"
             n="5-a-0690"
             unit="sentence"
             ecep:lem="."
             ecep:pos="."
             ecep:reg="."
             ecep:spe=".">.</pc>
      </l>
      <l xml:id="o5154-l00210">
         <w xml:id="o5154-004450"
            n="5-a-0700"
            ecep:lem="a"
            ecep:pos="dt"
            ecep:reg="A"
            ecep:spe="A"
            ecep:syllab="1"
            ecep:pron="ə">A</w>
         <c> </c>
         <w xml:id="o5154-004460"
            n="5-a-0710"
            ecep:lem="thousand"
            ecep:pos="crd"
            ecep:reg="thousand"
            ecep:spe="thousand"
            ecep:syllab="2"
            ecep:pron="ˈθaʊznd">thousand</w>
         <c> </c>
         <w xml:id="o5154-004470"
            n="5-a-0720"
            ecep:lem="shape"
            ecep:pos="n2"
            ecep:reg="shapes"
            ecep:spe="shapes"
            ecep:syllab="1"
            ecep:pron="ʃeɪps">shapes</w>
         <c> </c>
         <w xml:id="o5154-004480"
            n="5-a-0730"
            ecep:lem="you"
            ecep:pos="pn22"
            ecep:reg="you"
            ecep:spe="you"
            ecep:syllab="1"
            ecep:pron="juː">you</w>
         <c> </c>
         <w xml:id="o5154-004490"
            n="5-a-0740"
            ecep:lem="wear"
            ecep:pos="vvb"
            ecep:reg="wear"
            ecep:spe="wear"
            ecep:syllab="1"
            ecep:pron="weə">wear</w>
         <c> </c>
         <w xml:id="o5154-004500"
            n="5-a-0750"
            ecep:lem="with"
            ecep:pos="p-acp"
            ecep:reg="with"
            ecep:spe="with"
            ecep:syllab="1"
            ecep:pron="wɪð">with</w>
         <c> </c>
         <w xml:id="o5154-004510"
            n="5-a-0760"
            ecep:lem="ease"
            ecep:pos="n1"
            ecep:reg="ease"
            ecep:spe="ease"
            ecep:syllab="1"
            ecep:pron="iːz">ease</w>
         <pc xml:id="o5154-004520"
             n="5-a-0770"
             ecep:lem=","
             ecep:pos=","
             ecep:reg=","
             ecep:spe=",">,</pc>
      </l>
      <l xml:id="o5154-l00215">
         <w xml:id="o5154-004530"
            n="5-a-0780"
            ecep:lem="and"
            ecep:pos="cc"
            ecep:reg="And"
            ecep:spe="And"
            ecep:syllab="1"
            ecep:pron="ænd">And</w>
         <c> </c>
         <w xml:id="o5154-004540"
            n="5-a-0790"
            ecep:lem="still"
            ecep:pos="av"
            ecep:reg="still"
            ecep:spe="still"
            ecep:syllab="1"
            ecep:pron="stɪl">still</w>
         <c> </c>
         <w xml:id="o5154-004550"
            n="5-a-0800"
            ecep:lem="in"
            ecep:pos="p-acp"
            ecep:reg="in"
            ecep:spe="in"
            ecep:syllab="1"
            ecep:pron="ɪn">in</w>
         <c> </c>
         <w xml:id="o5154-004560"
            n="5-a-0810"
            ecep:lem="every"
            ecep:pos="d"
            ecep:reg="every"
            ecep:spe="every"
            ecep:syllab="2"
            ecep:pron="ˈevri">every</w>
         <c> </c>
         <w xml:id="o5154-004570"
            n="5-a-0820"
            ecep:lem="shape"
            ecep:pos="n1"
            ecep:reg="shape"
            ecep:spe="shape"
            ecep:syllab="1"
            ecep:pron="ʃeɪp">shape</w>
         <c> </c>
         <w xml:id="o5154-004580"
            n="5-a-0830"
            ecep:lem="you"
            ecep:pos="pn22"
            ecep:reg="you"
            ecep:spe="you"
            ecep:syllab="1"
            ecep:pron="juː">you</w>
         <c> </c>
         <w xml:id="o5154-004590"
            n="5-a-0840"
            ecep:lem="please"
            ecep:pos="vvb"
            ecep:reg="please"
            ecep:spe="please"
            ecep:syllab="1"
            ecep:pron="pliːz">please</w>
         <pc xml:id="o5154-004600"
             n="5-a-0850"
             ecep:lem=","
             ecep:pos=","
             ecep:reg=","
             ecep:spe=",">,</pc>
      </l>
   </lg>
   <lg xml:id="o5154-s00025">
      <l xml:id="o5154-l00220">
         <w xml:id="o5154-004630"
            n="5-a-0860"
            ecep:lem="thy"
            ecep:pos="po21"
            ecep:reg="Thine"
            ecep:spe="Thine"
            ecep:syllab="1"
            ecep:pron="ðaɪn">Thine</w>
         <c> </c>
         <w xml:id="o5154-004640"
            n="5-a-0870"
            ecep:lem="be"
            ecep:pos="vbz"
            ecep:reg="is"
            ecep:spe="is"
            ecep:syllab="1"
            ecep:pron="ɪz">is</w>
         <c> </c>
         <w xml:id="o5154-004650"
            n="5-a-0880"
            ecep:lem="the"
            ecep:pos="dt"
            ecep:reg="the"
            ecep:spe="th'"
            ecep:syllab="0"
            ecep:pron="ð">th'</w>
         <c> </c>
         <w xml:id="o5154-004660"
            n="5-a-0890"
            ecep:lem="unbounded"
            ecep:pos="j-vvn"
            ecep:reg="unbounded"
            ecep:spe="unbounded"
            ecep:syllab="3"
            ecep:pron="ˌʌnˈbaʊndɪd">unbounded</w>
         <c> </c>
         <w xml:id="o5154-004670"
            n="5-a-0900"
            ecep:lem="breath"
            ecep:pos="n1"
            ecep:reg="breath"
            ecep:spe="breath"
            ecep:syllab="1"
            ecep:pron="breθ">breath</w>
         <c> </c>
         <w xml:id="o5154-004680"
            n="5-a-0910"
            ecep:lem="of"
            ecep:pos="pp-f"
            ecep:reg="of"
            ecep:spe="of"
            ecep:syllab="1"
            ecep:pron="ɒv">of</w>
         <c> </c>
         <w xml:id="o5154-004690"
            n="5-a-0920"
            ecep:lem="morn"
            ecep:pos="n1"
            ecep:reg="morn"
            ecep:spe="morn"
            ecep:syllab="1"
            ecep:pron="mɔːn">morn</w>
         <pc xml:id="o5154-004700"
             n="5-a-0930"
             ecep:lem=","
             ecep:pos=","
             ecep:reg=","
             ecep:spe=",">,</pc>
      </l>
      <l xml:id="o5154-l00225">
         <w xml:id="o5154-004710"
            n="5-a-0940"
            ecep:lem="just"
            ecep:pos="av-j"
            ecep:reg="Just"
            ecep:spe="Just"
            ecep:syllab="1"
            ecep:pron="dʒʌst">Just</w>
         <c> </c>
         <w xml:id="o5154-004720"
            n="5-a-0950"
            ecep:lem="as"
            ecep:pos="c-acp"
            ecep:reg="as"
            ecep:spe="as"
            ecep:syllab="1"
            ecep:pron="æz">as</w>
         <c> </c>
         <w xml:id="o5154-004730"
            n="5-a-0960"
            ecep:lem="the"
            ecep:pos="dt"
            ecep:reg="the"
            ecep:spe="the"
            ecep:syllab="1"
            ecep:pron="ðiː">the</w>
         <c> </c>
         <w xml:id="o5154-004740"
            n="5-a-0970"
            ecep:lem="dew-bent"
            ecep:pos="j"
            ecep:reg="dew-bent"
            ecep:spe="dew-bent"
            ecep:syllab="2"
            ecep:pron="djuːˌbent">dew-bent</w>
         <c> </c>
         <w xml:id="o5154-004750"
            n="5-a-0980"
            ecep:lem="rose"
            ecep:pos="n1"
            ecep:reg="rose"
            ecep:spe="rose"
            ecep:syllab="1"
            ecep:pron="rəʊz">rose</w>
         <c> </c>
         <w xml:id="o5154-004760"
            n="5-a-0990"
            ecep:lem="be"
            ecep:pos="vbz"
            ecep:reg="is"
            ecep:spe="is"
            ecep:syllab="1"
            ecep:pron="ɪz">is</w>
         <c> </c>
         <w xml:id="o5154-004770"
            n="5-a-1000"
            ecep:lem="bear"
            ecep:pos="vvn"
            ecep:reg="born"
            ecep:spe="born"
            ecep:syllab="1"
            ecep:pron="bɔːn">born</w>
         <pc xml:id="o5154-004780"
             n="5-a-1010"
             ecep:lem=";"
             ecep:pos=";"
             ecep:reg=";"
             ecep:spe=";">;</pc>
      </l>
      <l xml:id="o5154-l00230">
         <w xml:id="o5154-004790"
            n="5-a-1020"
            ecep:lem="and"
            ecep:pos="cc"
            ecep:reg="And"
            ecep:spe="And"
            ecep:syllab="1"
            ecep:pron="ænd">And</w>
         <c> </c>
         <w xml:id="o5154-004800"
            n="5-a-1030"
            ecep:lem="while"
            ecep:pos="cs"
            ecep:reg="while"
            ecep:spe="while"
            ecep:syllab="1"
            ecep:pron="waɪl">while</w>
         <c> </c>
         <w xml:id="o5154-004810"
            n="5-a-1040"
            ecep:lem="meridian"
            ecep:pos="n1"
            ecep:reg="meridian"
            ecep:spe="meridian"
            ecep:syllab="4"
            ecep:pron="məˈrɪdiən">meridian</w>
         <c> </c>
         <w xml:id="o5154-004820"
            n="5-a-1050"
            ecep:lem="fervour"
            ecep:pos="n2"
            ecep:reg="fervours"
            ecep:spe="fervors"
            ecep:syllab="2"
            ecep:pron="ˈfɜːvəz">fervors</w>
         <c> </c>
         <w xml:id="o5154-004830"
            n="5-a-1060"
            ecep:lem="beat"
            ecep:pos="vvi"
            ecep:reg="beat"
            ecep:spe="beat"
            ecep:syllab="1"
            ecep:pron="biːt">beat</w>
         <pc xml:id="o5154-004840"
             n="5-a-1070"
             ecep:lem=","
             ecep:pos=","
             ecep:reg=","
             ecep:spe=",">,</pc>
      </l>
      <l xml:id="o5154-l00235">
         <w xml:id="o5154-004850"
            n="5-a-1080"
            ecep:lem="thy"
            ecep:pos="po21"
            ecep:reg="Thine"
            ecep:spe="Thine"
            ecep:syllab="1"
            ecep:pron="ðaɪn">Thine</w>
         <c> </c>
         <w xml:id="o5154-004860"
            n="5-a-1090"
            ecep:lem="be"
            ecep:pos="vbz"
            ecep:reg="is"
            ecep:spe="is"
            ecep:syllab="1"
            ecep:pron="ɪz">is</w>
         <c> </c>
         <w xml:id="o5154-004870"
            n="5-a-1100"
            ecep:lem="the"
            ecep:pos="dt"
            ecep:reg="the"
            ecep:spe="the"
            ecep:syllab="1"
            ecep:pron="ðiː">the</w>
         <c> </c>
         <w xml:id="o5154-004880"
            n="5-a-1110"
            ecep:lem="woodland"
            ecep:pos="ng1"
            ecep:reg="woodland's"
            ecep:spe="woodland's"
            ecep:syllab="2"
            ecep:pron="ˈwʊdləndz">woodland's</w>
         <c> </c>
         <w xml:id="o5154-004890"
            n="5-a-1120"
            ecep:lem="dumb"
            ecep:pos="j"
            ecep:reg="dumb"
            ecep:spe="dumb"
            ecep:syllab="1"
            ecep:pron="dʌm">dumb</w>
         <c> </c>
         <w xml:id="o5154-004900"
            n="5-a-1130"
            ecep:lem="retreat"
            ecep:pos="n1"
            ecep:reg="retreat"
            ecep:spe="retreat"
            ecep:syllab="2"
            ecep:pron="riˈtriːt">retreat</w>
         <pc xml:id="o5154-004910"
             n="5-a-1140"
             ecep:lem=";"
             ecep:pos=";"
             ecep:reg=";"
             ecep:spe=";">;</pc>
      </l>
      <l xml:id="o5154-l00240">
         <w xml:id="o5154-004920"
            n="5-a-1150"
            ecep:lem="but"
            ecep:pos="cc-acp"
            ecep:reg="But"
            ecep:spe="But"
            ecep:syllab="1"
            ecep:pron="bʌt">But</w>
         <c> </c>
         <w xml:id="o5154-004930"
            n="5-a-1160"
            ecep:lem="chief"
            ecep:pos="j-jn"
            ecep:reg="chief"
            ecep:spe="chief"
            ecep:syllab="1"
            ecep:pron="tʃiːf">chief</w>
         <pc xml:id="o5154-004940"
             n="5-a-1170"
             ecep:lem=","
             ecep:pos=","
             ecep:reg=","
             ecep:spe=",">,</pc>
         <c> </c>
         <w xml:id="o5154-004950"
            n="5-a-1180"
            ecep:lem="when"
            ecep:pos="c-crq"
            ecep:reg="when"
            ecep:spe="when"
            ecep:syllab="1"
            ecep:pron="wen">when</w>
         <c> </c>
         <w xml:id="o5154-004960"
            n="5-a-1190"
            ecep:lem="evening"
            ecep:pos="n1"
            ecep:reg="evening"
            ecep:spe="evening"
            ecep:syllab="2"
            ecep:pron="ˈiːvnɪŋ">evening</w>
         <c> </c>
         <w xml:id="o5154-004970"
            n="5-a-1200"
            ecep:lem="scene"
            ecep:pos="n2"
            ecep:reg="scenes"
            ecep:spe="scenes"
            ecep:syllab="1"
            ecep:pron="siːnz">scenes</w>
         <c> </c>
         <w xml:id="o5154-004980"
            n="5-a-1210"
            ecep:lem="decay"
            ecep:pos="vvi"
            ecep:reg="decay"
            ecep:spe="decay"
            ecep:syllab="2"
            ecep:pron="diˈkeɪ">decay</w>
         <pc xml:id="o5154-004990"
             n="5-a-1220"
             ecep:lem=","
             ecep:pos=","
             ecep:reg=","
             ecep:spe=",">,</pc>
      </l>
      <l xml:id="o5154-l00245">
         <w xml:id="o5154-005000"
            n="5-a-1230"
            ecep:lem="and"
            ecep:pos="cc"
            ecep:reg="And"
            ecep:spe="And"
            ecep:syllab="1"
            ecep:pron="ænd">And</w>
         <c> </c>
         <w xml:id="o5154-005010"
            n="5-a-1240"
            ecep:lem="the"
            ecep:pos="dt"
            ecep:reg="the"
            ecep:spe="the"
            ecep:syllab="1"
            ecep:pron="ðiː">the</w>
         <c> </c>
         <w xml:id="o5154-005020"
            n="5-a-1250"
            ecep:lem="faint"
            ecep:pos="j"
            ecep:reg="faint"
            ecep:spe="faint"
            ecep:syllab="1"
            ecep:pron="feɪnt">faint</w>
         <c> </c>
         <w xml:id="o5154-005030"
            n="5-a-1260"
            ecep:lem="landskip"
            ecep:pos="n1"
            ecep:reg="landskip"
            ecep:spe="landskip"
            ecep:syllab="2"
            ecep:pron="lˈændskɪp">landskip</w>
         <c> </c>
         <w xml:id="o5154-005040"
            n="5-a-1270"
            ecep:lem="swim"
            ecep:pos="vvz"
            ecep:reg="swims"
            ecep:spe="swims"
            ecep:syllab="1"
            ecep:pron="swɪmz">swims</w>
         <c> </c>
         <w xml:id="o5154-005050"
            n="5-a-1280"
            ecep:lem="away"
            ecep:pos="av"
            ecep:reg="away"
            ecep:spe="away"
            ecep:syllab="2"
            ecep:pron="əˈweɪ">away</w>
         <pc xml:id="o5154-005060"
             n="5-a-1290"
             ecep:lem=","
             ecep:pos=","
             ecep:reg=","
             ecep:spe=",">,</pc>
      </l>
      <l xml:id="o5154-l00250">
         <w xml:id="o5154-005070"
            n="5-a-1300"
            ecep:lem="thy"
            ecep:pos="po21"
            ecep:reg="Thine"
            ecep:spe="Thine"
            ecep:syllab="1"
            ecep:pron="ðaɪn">Thine</w>
         <c> </c>
         <w xml:id="o5154-005080"
            n="5-a-1310"
            ecep:lem="be"
            ecep:pos="vbz"
            ecep:reg="is"
            ecep:spe="is"
            ecep:syllab="1"
            ecep:pron="ɪz">is</w>
         <c> </c>
         <w xml:id="o5154-005090"
            n="5-a-1320"
            ecep:lem="the"
            ecep:pos="dt"
            ecep:reg="the"
            ecep:spe="the"
            ecep:syllab="1"
            ecep:pron="ðiː">the</w>
         <c> </c>
         <w xml:id="o5154-005100"
            n="5-a-1330"
            ecep:lem="doubtful"
            ecep:pos="j"
            ecep:reg="doubtful"
            ecep:spe="doubtful"
            ecep:syllab="2"
            ecep:pron="ˈdaʊtfl">doubtful</w>
         <c> </c>
         <w xml:id="o5154-005110"
            n="5-a-1340"
            ecep:lem="dear"
            ecep:pos="n-jn"
            ecep:reg="dear"
            ecep:spe="dear"
            ecep:syllab="1"
            ecep:pron="dɪə">dear</w>
         <c> </c>
         <w xml:id="o5154-005120"
            n="5-a-1350"
            ecep:lem="decline"
            ecep:pos="vvi"
            ecep:reg="decline"
            ecep:spe="decline"
            ecep:syllab="2"
            ecep:pron="diˈklaɪn">decline</w>
         <pc xml:id="o5154-005130"
             n="5-a-1360"
             unit="sentence"
             ecep:lem="."
             ecep:pos="."
             ecep:reg="."
             ecep:spe=".">.</pc>
      </l>
      <l xml:id="o5154-l00255">
         <w xml:id="o5154-005140"
            n="5-a-1370"
            ecep:lem="and"
            ecep:pos="cc"
            ecep:reg="And"
            ecep:spe="And"
            ecep:syllab="1"
            ecep:pron="ænd">And</w>
         <c> </c>
         <w xml:id="o5154-005150"
            n="5-a-1380"
            ecep:lem="that"
            ecep:pos="d"
            ecep:reg="that"
            ecep:spe="that"
            ecep:syllab="1"
            ecep:pron="ðæt">that</w>
         <c> </c>
         <w xml:id="o5154-005160"
            n="5-a-1390"
            ecep:lem="best"
            ecep:pos="js"
            ecep:reg="best"
            ecep:spe="best"
            ecep:syllab="1"
            ecep:pron="best">best</w>
         <c> </c>
         <w xml:id="o5154-005170"
            n="5-a-1400"
            ecep:lem="hour"
            ecep:pos="n1"
            ecep:reg="hour"
            ecep:spe="hour"
            ecep:syllab="1"
            ecep:pron="ˈaʊə">hour</w>
         <c> </c>
         <w xml:id="o5154-005180"
            n="5-a-1410"
            ecep:lem="of"
            ecep:pos="pp-f"
            ecep:reg="of"
            ecep:spe="of"
            ecep:syllab="1"
            ecep:pron="ɒv">of</w>
         <c> </c>
         <w xml:id="o5154-005190"
            n="5-a-1420"
            ecep:lem="muse"
            ecep:pos="vvg"
            ecep:reg="musing"
            ecep:spe="musing"
            ecep:syllab="2"
            ecep:pron="ˈmjuːzɪŋ">musing</w>
         <c> </c>
         <w xml:id="o5154-005200"
            n="5-a-1430"
            ecep:lem="thy"
            ecep:pos="po21"
            ecep:reg="thine"
            ecep:spe="thine"
            ecep:syllab="1"
            ecep:pron="ðaɪn">thine</w>
         <pc xml:id="o5154-005210"
             n="5-a-1440"
             unit="sentence"
             ecep:lem="."
             ecep:pos="."
             ecep:reg="."
             ecep:spe=".">.</pc>
      </l>
   </lg>
   <lg xml:id="o5154-s00030">
      <l xml:id="o5154-l00260">
         <w xml:id="o5154-005240"
            n="5-a-1450"
            ecep:lem="descend"
            ecep:pos="vvg"
            ecep:reg="Descending"
            ecep:spe="Descending"
            ecep:syllab="3"
            ecep:pron="diˈsendɪŋ">Descending</w>
         <c> </c>
         <w xml:id="o5154-005250"
            n="5-a-1460"
            ecep:lem="angel"
            ecep:pos="n2"
            ecep:reg="angels"
            ecep:spe="angels"
            ecep:syllab="2"
            ecep:pron="ˈeɪndʒlz">angels</w>
         <c> </c>
         <w xml:id="o5154-005260"
            n="5-a-1470"
            ecep:lem="bless"
            ecep:pos="vvb"
            ecep:reg="bless"
            ecep:spe="bless"
            ecep:syllab="1"
            ecep:pron="bles">bless</w>
         <c> </c>
         <w xml:id="o5154-005270"
            n="5-a-1480"
            ecep:lem="thy"
            ecep:pos="po21"
            ecep:reg="thy"
            ecep:spe="thy"
            ecep:syllab="1"
            ecep:pron="ðaɪ">thy</w>
         <c> </c>
         <w xml:id="o5154-005280"
            n="5-a-1490"
            ecep:lem="train"
            ecep:pos="n1"
            ecep:reg="train"
            ecep:spe="train"
            ecep:syllab="1"
            ecep:pron="treɪn">train</w>
         <pc xml:id="o5154-005290"
             n="5-a-1500"
             ecep:lem=","
             ecep:pos=","
             ecep:reg=","
             ecep:spe=",">,</pc>
      </l>
      <l xml:id="o5154-l00265">
         <w xml:id="o5154-005300"
            n="5-a-1510"
            ecep:lem="the"
            ecep:pos="dt"
            ecep:reg="The"
            ecep:spe="The"
            ecep:syllab="1"
            ecep:pron="ðiː">The</w>
         <c> </c>
         <w xml:id="o5154-005310"
            n="5-a-1520"
            ecep:lem="virtue"
            ecep:pos="n2"
            ecep:reg="virtues"
            ecep:spe="virtues"
            ecep:syllab="2"
            ecep:pron="ˈvɜːtʃuːz">virtues</w>
         <c> </c>
         <w xml:id="o5154-005320"
            n="5-a-1530"
            ecep:lem="of"
            ecep:pos="pp-f"
            ecep:reg="of"
            ecep:spe="of"
            ecep:syllab="1"
            ecep:pron="ɒv">of</w>
         <c> </c>
         <w xml:id="o5154-005330"
            n="5-a-1540"
            ecep:lem="the"
            ecep:pos="dt"
            ecep:reg="the"
            ecep:spe="the"
            ecep:syllab="1"
            ecep:pron="ðiː">the</w>
         <c> </c>
         <w xml:id="o5154-005340"
            n="5-a-1550"
            ecep:lem="sage"
            ecep:pos="j-jn"
            ecep:reg="sage"
            ecep:spe="sage"
            ecep:syllab="1"
            ecep:pron="seɪdʒ">sage</w>
         <pc xml:id="o5154-005350"
             n="5-a-1560"
             ecep:lem=","
             ecep:pos=","
             ecep:reg=","
             ecep:spe=",">,</pc>
         <c> </c>
         <w xml:id="o5154-005360"
            n="5-a-1570"
            ecep:lem="and"
            ecep:pos="cc"
            ecep:reg="and"
            ecep:spe="and"
            ecep:syllab="1"
            ecep:pron="ænd">and</w>
         <c> </c>
         <w xml:id="o5154-005370"
            n="5-a-1580"
            ecep:lem="swain"
            ecep:pos="n1"
            ecep:reg="swain"
            ecep:spe="swain"
            ecep:syllab="1"
            ecep:pron="sweɪn">swain</w>
         <pc xml:id="o5154-005380"
             n="5-a-1590"
             ecep:lem=";"
             ecep:pos=";"
             ecep:reg=";"
             ecep:spe=";">;</pc>
      </l>
      <l xml:id="o5154-l00270">
         <w xml:id="o5154-005390"
            n="5-a-1600"
            ecep:lem="plain"
            ecep:pos="j"
            ecep:reg="Plain"
            ecep:spe="Plain"
            ecep:syllab="1"
            ecep:pron="pleɪn">Plain</w>
         <c> </c>
         <w xml:id="o5154-005400"
            n="5-a-1610"
            ecep:lem="innocence"
            ecep:pos="n1"
            ecep:reg="Innocence"
            ecep:spe="Innocence"
            ecep:syllab="3"
            ecep:pron="ˈɪnəsəns">Innocence</w>
         <c> </c>
         <w xml:id="o5154-005410"
            n="5-a-1620"
            ecep:lem="in"
            ecep:pos="p-acp"
            ecep:reg="in"
            ecep:spe="in"
            ecep:syllab="1"
            ecep:pron="ɪn">in</w>
         <c> </c>
         <w xml:id="o5154-005420"
            n="5-a-1630"
            ecep:lem="white"
            ecep:pos="j-jn"
            ecep:reg="white"
            ecep:spe="white"
            ecep:syllab="1"
            ecep:pron="waɪt">white</w>
         <c> </c>
         <w xml:id="o5154-005430"
            n="5-a-1640"
            ecep:lem="array"
            ecep:pos="j-vvn"
            ecep:reg="arrayed"
            ecep:spe="array'd"
            ecep:syllab="2"
            ecep:pron="əˈreɪd">array'd</w>
         <pc xml:id="o5154-005440"
             n="5-a-1650"
             ecep:lem=","
             ecep:pos=","
             ecep:reg=","
             ecep:spe=",">,</pc>
      </l>
      <l xml:id="o5154-l00275">
         <w xml:id="o5154-005450"
            n="5-a-1660"
            ecep:lem="and"
            ecep:pos="cc"
            ecep:reg="And"
            ecep:spe="And"
            ecep:syllab="1"
            ecep:pron="ænd">And</w>
         <c> </c>
         <w xml:id="o5154-005460"
            n="5-a-1670"
            ecep:lem="contemplation"
            ecep:pos="n1"
            ecep:reg="Contemplation"
            ecep:spe="Contemplation"
            ecep:syllab="4"
            ecep:pron="ˌkɒntəmˈpleɪʃn">Contemplation</w>
         <c> </c>
         <w xml:id="o5154-005470"
            n="5-a-1680"
            ecep:lem="rear"
            ecep:pos="vvz"
            ecep:reg="rears"
            ecep:spe="rears"
            ecep:syllab="1"
            ecep:pron="rɪəz">rears</w>
         <c> </c>
         <w xml:id="o5154-005480"
            n="5-a-1690"
            ecep:lem="the"
            ecep:pos="dt"
            ecep:reg="the"
            ecep:spe="the"
            ecep:syllab="1"
            ecep:pron="ðiː">the</w>
         <c> </c>
         <w xml:id="o5154-005490"
            n="5-a-1700"
            ecep:lem="head"
            ecep:pos="n1"
            ecep:reg="head"
            ecep:spe="head"
            ecep:syllab="1"
            ecep:pron="hed">head</w>
         <pc xml:id="o5154-005500"
             n="5-a-1710"
             ecep:lem=":"
             ecep:pos=":"
             ecep:reg=":"
             ecep:spe=":">:</pc>
      </l>
      <l xml:id="o5154-l00280">
         <w xml:id="o5154-005510"
            n="5-a-1720"
            ecep:lem="religion"
            ecep:pos="n1"
            ecep:reg="Religion"
            ecep:spe="Religion"
            ecep:syllab="3"
            ecep:pron="riˈlɪdʒən">Religion</w>
         <c> </c>
         <w xml:id="o5154-005520"
            n="5-a-1730"
            ecep:lem="with"
            ecep:pos="p-acp"
            ecep:reg="with"
            ecep:spe="with"
            ecep:syllab="1"
            ecep:pron="wɪð">with</w>
         <c> </c>
         <w xml:id="o5154-005530"
            n="5-a-1740"
            ecep:lem="her"
            ecep:pos="po31"
            ecep:reg="her"
            ecep:spe="her"
            ecep:syllab="1"
            ecep:pron="hɜː">her</w>
         <c> </c>
         <w xml:id="o5154-005540"
            n="5-a-1750"
            ecep:lem="awful"
            ecep:pos="j"
            ecep:reg="awful"
            ecep:spe="aweful"
            ecep:syllab="3"
            ecep:pron="ˈɔːfl">aweful</w>
         <c> </c>
         <w xml:id="o5154-005550"
            n="5-a-1760"
            ecep:lem="brow"
            ecep:pos="n1"
            ecep:reg="brow"
            ecep:spe="brow"
            ecep:syllab="1"
            ecep:pron="braʊ">brow</w>
         <pc xml:id="o5154-005560"
             n="5-a-1770"
             ecep:lem=","
             ecep:pos=","
             ecep:reg=","
             ecep:spe=",">,</pc>
      </l>
      <l xml:id="o5154-l00285">
         <w xml:id="o5154-005570"
            n="5-a-1780"
            ecep:lem="and"
            ecep:pos="cc"
            ecep:reg="And"
            ecep:spe="And"
            ecep:syllab="1"
            ecep:pron="ænd">And</w>
         <c> </c>
         <w xml:id="o5154-005580"
            n="5-a-1790"
            ecep:lem="rapt"
            ecep:pos="j"
            ecep:reg="rapt"
            ecep:spe="rapt"
            ecep:syllab="1"
            ecep:pron="ræpt">rapt</w>
         <c> </c>
         <w xml:id="o5154-005590"
            n="5-a-1800"
            ecep:lem="Urania"
            ecep:pos="np1"
            ecep:reg="URANIA"
            ecep:spe="URANIA"
            ecep:syllab="4"
            ecep:pron="jʊˈreɪnɪə">URANIA</w>
         <c> </c>
         <w xml:id="o5154-005600"
            n="5-a-1810"
            ecep:lem="wait"
            ecep:pos="vvz"
            ecep:reg="waits"
            ecep:spe="waits"
            ecep:syllab="1"
            ecep:pron="weɪts">waits</w>
         <c> </c>
         <w xml:id="o5154-005610"
            n="5-a-1820"
            ecep:lem="on"
            ecep:pos="p-acp"
            ecep:reg="on"
            ecep:spe="on"
            ecep:syllab="1"
            ecep:pron="ɒn">on</w>
         <c> </c>
         <w xml:id="o5154-005620"
            n="5-a-1830"
            ecep:lem="you"
            ecep:pos="pn22"
            ecep:reg="you"
            ecep:spe="you"
            ecep:syllab="1"
            ecep:pron="juː">you</w>
         <pc xml:id="o5154-005630"
             n="5-a-1840"
             unit="sentence"
             ecep:lem="."
             ecep:pos="."
             ecep:reg="."
             ecep:spe=".">.</pc>
      </l>
   </lg>
   <lg xml:id="o5154-s00035">
      <l xml:id="o5154-l00290">
         <w xml:id="o5154-005660"
            n="5-a-1850"
            ecep:lem="oh"
            ecep:pos="uh"
            ecep:reg="O"
            ecep:spe="Oh"
            ecep:syllab="1"
            ecep:pron="əʊ">Oh</w>
         <pc xml:id="o5154-005670"
             n="5-a-1860"
             ecep:lem=","
             ecep:pos=","
             ecep:reg=","
             ecep:spe=",">,</pc>
         <c> </c>
         <w xml:id="o5154-005680"
            n="5-a-1870"
            ecep:lem="let"
            ecep:pos="vvb"
            ecep:reg="let"
            ecep:spe="let"
            ecep:syllab="1"
            ecep:pron="let">let</w>
         <c> </c>
         <w xml:id="o5154-005690"
            n="5-a-1880"
            ecep:lem="i"
            ecep:pos="pno11"
            ecep:reg="me"
            ecep:spe="me"
            ecep:syllab="1"
            ecep:pron="miː">me</w>
         <c> </c>
         <w xml:id="o5154-005700"
            n="5-a-1890"
            ecep:lem="pierce"
            ecep:pos="vvi"
            ecep:reg="pierce"
            ecep:spe="pierce"
            ecep:syllab="1"
            ecep:pron="pɪəs">pierce</w>
         <c> </c>
         <w xml:id="o5154-005710"
            n="5-a-1900"
            ecep:lem="thy"
            ecep:pos="po21"
            ecep:reg="thy"
            ecep:spe="thy"
            ecep:syllab="1"
            ecep:pron="ðaɪ">thy</w>
         <c> </c>
         <w xml:id="o5154-005720"
            n="5-a-1910"
            ecep:lem="secret"
            ecep:pos="j-jn"
            ecep:reg="secret"
            ecep:spe="secret"
            ecep:syllab="2"
            ecep:pron="ˈsiːkrət">secret</w>
         <c> </c>
         <w xml:id="o5154-005730"
            n="5-a-1920"
            ecep:lem="cell"
            ecep:pos="n1"
            ecep:reg="cell"
            ecep:spe="cell"
            ecep:syllab="1"
            ecep:pron="sel">cell</w>
         <pc xml:id="o5154-005740"
             n="5-a-1930"
             unit="sentence"
             ecep:lem="!"
             ecep:pos="!"
             ecep:reg="!"
             ecep:spe="!">!</pc>
      </l>
      <l xml:id="o5154-l00295">
         <w xml:id="o5154-005750"
            n="5-a-1940"
            ecep:lem="and"
            ecep:pos="cc"
            ecep:reg="And"
            ecep:spe="And"
            ecep:syllab="1"
            ecep:pron="ænd">And</w>
         <c> </c>
         <w xml:id="o5154-005760"
            n="5-a-1950"
            ecep:lem="in"
            ecep:pos="p-acp"
            ecep:reg="in"
            ecep:spe="in"
            ecep:syllab="1"
            ecep:pron="ɪn">in</w>
         <c> </c>
         <w xml:id="o5154-005770"
            n="5-a-1960"
            ecep:lem="thy"
            ecep:pos="po21"
            ecep:reg="thy"
            ecep:spe="thy"
            ecep:syllab="1"
            ecep:pron="ðaɪ">thy</w>
         <c> </c>
         <w xml:id="o5154-005780"
            n="5-a-1970"
            ecep:lem="deep"
            ecep:pos="j-jn"
            ecep:reg="deep"
            ecep:spe="deep"
            ecep:syllab="1"
            ecep:pron="diːp">deep</w>
         <c> </c>
         <w xml:id="o5154-005790"
            n="5-a-1980"
            ecep:lem="recess"
            ecep:pos="n2"
            ecep:reg="recesses"
            ecep:spe="recesses"
            ecep:syllab="3"
            ecep:pron="riˈsesɪz">recesses</w>
         <c> </c>
         <w xml:id="o5154-005800"
            n="5-a-1990"
            ecep:lem="dwell"
            ecep:pos="vvi"
            ecep:reg="dwell"
            ecep:spe="dwell"
            ecep:syllab="1"
            ecep:pron="dwel">dwell</w>
         <pc xml:id="o5154-005810"
             n="5-a-2000"
             ecep:lem=":"
             ecep:pos=":"
             ecep:reg=":"
             ecep:spe=":">:</pc>
      </l>
      <pb facs="o5154/0009_L" n="4" rend="none"/>
      <l xml:id="o5154-l00300">
         <w xml:id="o5154-005820"
            n="6-a-0010"
            ecep:lem="for"
            ecep:pos="c-acp"
            ecep:reg="For"
            ecep:spe="For"
            ecep:syllab="1"
            ecep:pron="fɔː">For</w>
         <c> </c>
         <w xml:id="o5154-005830"
            n="6-a-0020"
            ecep:lem="ever"
            ecep:pos="av"
            ecep:reg="ever"
            ecep:spe="ever"
            ecep:syllab="2"
            ecep:pron="ˈevə">ever</w>
         <c> </c>
         <w xml:id="o5154-005840"
            n="6-a-0030"
            ecep:lem="with"
            ecep:pos="p-acp"
            ecep:reg="with"
            ecep:spe="with"
            ecep:syllab="1"
            ecep:pron="wɪð">with</w>
         <c> </c>
         <w xml:id="o5154-005850"
            n="6-a-0040"
            ecep:lem="thy"
            ecep:pos="po21"
            ecep:reg="thy"
            ecep:spe="thy"
            ecep:syllab="1"
            ecep:pron="ðaɪ">thy</w>
         <c> </c>
         <w xml:id="o5154-005860"
            n="6-a-0050"
            ecep:lem="rapture"
            ecep:pos="n2"
            ecep:reg="raptures"
            ecep:spe="raptures"
            ecep:syllab="3"
            ecep:pron="ˈræptʃəz">raptures</w>
         <c> </c>
         <w xml:id="o5154-005870"
            n="6-a-0060"
            ecep:lem="fire"
            ecep:pos="vvn"
            ecep:reg="fired"
            ecep:spe="fir'd"
            ecep:syllab="1"
            ecep:pron="ˈfaɪəd">fir'd</w>
         <pc xml:id="o5154-005880"
             n="6-a-0070"
             ecep:lem=","
             ecep:pos=","
             ecep:reg=","
             ecep:spe=",">,</pc>
      </l>
      <l xml:id="o5154-l00305">
         <w xml:id="o5154-005890"
            n="6-a-0080"
            ecep:lem="for"
            ecep:pos="c-acp"
            ecep:reg="For"
            ecep:spe="For"
            ecep:syllab="1"
            ecep:pron="fɔː">For</w>
         <c> </c>
         <w xml:id="o5154-005900"
            n="6-a-0090"
            ecep:lem="ever"
            ecep:pos="av"
            ecep:reg="ever"
            ecep:spe="ever"
            ecep:syllab="2"
            ecep:pron="ˈevə">ever</w>
         <c> </c>
         <w xml:id="o5154-005910"
            n="6-a-0100"
            ecep:lem="from"
            ecep:pos="p-acp"
            ecep:reg="from"
            ecep:spe="from"
            ecep:syllab="1"
            ecep:pron="frɒm">from</w>
         <c> </c>
         <w xml:id="o5154-005920"
            n="6-a-0110"
            ecep:lem="the"
            ecep:pos="dt"
            ecep:reg="the"
            ecep:spe="the"
            ecep:syllab="1"
            ecep:pron="ðiː">the</w>
         <c> </c>
         <w xml:id="o5154-005930"
            n="6-a-0120"
            ecep:lem="world"
            ecep:pos="n1"
            ecep:reg="world"
            ecep:spe="world"
            ecep:syllab="1"
            ecep:pron="wɜːld">world</w>
         <c> </c>
         <w xml:id="o5154-005940"
            n="6-a-0130"
            ecep:lem="retire"
            ecep:pos="vvd"
            ecep:reg="retired"
            ecep:spe="retir'd"
            ecep:syllab="2"
            ecep:pron="riˈtaɪəd">retir'd</w>
         <pc xml:id="o5154-005950"
             n="6-a-0140"
             ecep:lem=";"
             ecep:pos=";"
             ecep:reg=";"
             ecep:spe=";">;</pc>
      </l>
      <l xml:id="o5154-l00310">
         <w xml:id="o5154-005960"
            n="6-a-0150"
            ecep:lem="nor"
            ecep:pos="ccx"
            ecep:reg="Nor"
            ecep:spe="Nor"
            ecep:syllab="1"
            ecep:pron="nɔː">Nor</w>
         <c> </c>
         <w xml:id="o5154-005970"
            n="6-a-0160"
            ecep:lem="by"
            ecep:pos="p-acp"
            ecep:reg="by"
            ecep:spe="by"
            ecep:syllab="1"
            ecep:pron="baɪ">by</w>
         <c> </c>
         <w xml:id="o5154-005980"
            n="6-a-0170"
            ecep:lem="a"
            ecep:pos="dt"
            ecep:reg="a"
            ecep:spe="a"
            ecep:syllab="1"
            ecep:pron="ə">a</w>
         <c> </c>
         <w xml:id="o5154-005990"
            n="6-a-0180"
            ecep:lem="mortal"
            ecep:pos="j-jn"
            ecep:reg="mortal"
            ecep:spe="mortal"
            ecep:syllab="2"
            ecep:pron="ˈmɔːtl">mortal</w>
         <c> </c>
         <w xml:id="o5154-006000"
            n="6-a-0190"
            ecep:lem="see"
            ecep:pos="vvn"
            ecep:reg="seen"
            ecep:spe="seen"
            ecep:syllab="1"
            ecep:pron="siːn">seen</w>
         <pc xml:id="o5154-006010"
             n="6-a-0200"
             ecep:lem=","
             ecep:pos=","
             ecep:reg=","
             ecep:spe=",">,</pc>
         <c> </c>
         <w xml:id="o5154-006020"
            n="6-a-0210"
            ecep:lem="save"
            ecep:pos="vvb"
            ecep:reg="save"
            ecep:spe="save"
            ecep:syllab="1"
            ecep:pron="seɪv">save</w>
         <c> </c>
         <w xml:id="o5154-006030"
            n="6-a-0220"
            ecep:lem="he"
            ecep:pos="pns31"
            ecep:reg="he"
            ecep:spe="he"
            ecep:syllab="1"
            ecep:pron="hiː">he</w>
      </l>
      <l xml:id="o5154-l00315">
         <w xml:id="o5154-006040"
            n="6-a-0230"
            ecep:lem="a"
            ecep:pos="dt"
            ecep:reg="A"
            ecep:spe="A"
            ecep:syllab="1"
            ecep:pron="ə">A</w>
         <c> </c>
         <w xml:id="o5154-006050"
            n="6-a-0240"
            ecep:lem="Lycidas"
            ecep:pos="np1"
            ecep:reg="LYCIDAS"
            ecep:spe="LYCIDAS"
            ecep:syllab="3"
            ecep:pron="lˈaɪsɪdəz">LYCIDAS</w>
         <pc xml:id="o5154-006060"
             n="6-a-0250"
             ecep:lem=","
             ecep:pos=","
             ecep:reg=","
             ecep:spe=",">,</pc>
         <c> </c>
         <w xml:id="o5154-006070"
            n="6-a-0260"
            ecep:lem="or"
            ecep:pos="cc"
            ecep:reg="or"
            ecep:spe="or"
            ecep:syllab="1"
            ecep:pron="ɔː">or</w>
         <c> </c>
         <w xml:id="o5154-006080"
            n="6-a-0270"
            ecep:lem="Lycon"
            ecep:pos="np1"
            ecep:reg="LYCON"
            ecep:spe="LYCON"
            ecep:syllab="2"
            ecep:pron="lˈaɪkən">LYCON</w>
         <c> </c>
         <w xml:id="o5154-006090"
            n="6-a-0280"
            ecep:lem="be"
            ecep:pos="vbb"
            ecep:reg="be"
            ecep:spe="be"
            ecep:syllab="1"
            ecep:pron="biː">be</w>
         <pc xml:id="o5154-006100"
             n="6-a-0290"
             unit="sentence"
             ecep:lem="."
             ecep:pos="."
             ecep:reg="."
             ecep:spe=".">.</pc>
      </l>
   </lg>
</div>
