<?xml version="1.0" encoding="UTF-8"?>
<?xml-model href="../tei_all.rnc" type="application/relax-ng-compact-syntax"?>
<TEI xmlns="http://www.tei-c.org/ns/1.0">
   <teiHeader>
      <fileDesc>
         <titleStmt>
            <title corresp="#txt_CarmRe1790_w0035">A SONG</title>
            <author corresp="authors.xml#aut_CarmRe1790">Rebekah Carmichael (later Hay)</author>
            <respStmt>
               <name xml:id="AH">Alexander Huber</name>
               <resp>Editor</resp>
            </respStmt>
            <funder>
               <name type="institution" xml:id="BOD">Bodleian Libraries, University of Oxford</name>
               <address>
                  <addrLine>Broad Street</addrLine>
                  <addrLine>Oxford OX1 3BG</addrLine>
                  <addrLine>UK</addrLine>
               </address>
            </funder>
         </titleStmt>
         <publicationStmt>
            <publisher xml:id="ECPA">Eighteenth-Century Poetry Archive</publisher>
            <address>
               <addrLine>Taylor Institution Library</addrLine>
               <addrLine>St Giles'</addrLine>
               <addrLine>Oxford OX1 3NA</addrLine>
               <addrLine>UK</addrLine>
               <addrLine>
                  <email>info@eighteenthcenturypoetry.org</email>
               </addrLine>
               <addrLine>
                  <ref target="https://www.eighteenthcenturypoetry.org/">https://www.eighteenthcenturypoetry.org/</ref>
               </addrLine>
            </address>
            <pubPlace>Oxford</pubPlace>
            <availability status="restricted">
               <licence target="http://creativecommons.org/licenses/by-sa/3.0/">This work is licensed under a Creative Commons Attribution-ShareAlike 3.0 Unported License.</licence>
            </availability>
            <idno type="ESTC">T104666</idno>
         </publicationStmt>
         <sourceDesc>
            <bibl>
               <author>Carmichael, Miss (Rebekah) (fl. 1790-1806).</author>
               <title>Poems.</title>
               <pubPlace>Edinburgh</pubPlace>
               <publisher>Peter Hill</publisher>
               <date>1790</date>
               <biblScope>p. 81.</biblScope>
               <extent>92p.</extent>
            </bibl>
         </sourceDesc>
      </fileDesc>
      <encodingDesc>
         <projectDesc>
            <p>This e-text is part of the Works section of the Eighteenth-Century Poetry Archive (ECPA).</p>
            <p>XML created for the Eighteenth-Century Poetry Archive (ECPA).</p>
         </projectDesc>
         <editorialDecl>
            <p>Typography, spelling, capitalization, and punctuation have been cautiously modernized. The source of the text is given and all significant
						editorial interventions have been recorded in textual notes. This  text has been edited to conform to the recommendations found 
						in Level 5 of the
						Best Practices for TEI in Libraries version 4.0.0.
					</p>
         </editorialDecl>
         <classDecl>
            <taxonomy xml:id="LCNAF">
               <bibl>Library of Congress Name Authority File (<abbr>LCNAF</abbr>)</bibl>
            </taxonomy>
         </classDecl>
         <tagsDecl>
            <rendition n="linegroups indented" xml:id="lgindent" scheme="css">text-indent: 1em;</rendition>
            <rendition n="linegroups vertically spaced" xml:id="lgvspace" scheme="css">margin-bottom: 1em;</rendition>
            <rendition n="aligned centrally" xml:id="align-center" scheme="css">text-align: center;</rendition>
            <rendition n="aligned right" xml:id="align-right" scheme="css">text-align: right;</rendition>
            <rendition n="aligned left" xml:id="align-left" scheme="css">text-align: left;</rendition>
            <rendition n="inline" xml:id="inline" scheme="css">display: inline</rendition>
            <rendition n="italic" xml:id="i" scheme="css">font-style: italic;</rendition>
            <rendition n="bold" xml:id="b" scheme="css">font-weight: bold;</rendition>
         </tagsDecl>
      </encodingDesc>
   </teiHeader>
   <text>
      <body>
         <div xmlns:ecep="http://www.eighteenthcenturypoetry.org/ns"
              ana="#anapaest #tetrameter #quatrain #acephal #pair #song"
              corresp="#txt_CarmRe1790_w0035"
              decls="#semi-normalized"
              ecep:syllab="12.12.12.12"
              met="--+|--+|--+|--+ --+|--+|--+|--+ --+|--+|--+|--+ --+|--+|--+|--+"
              rendition="#lgvspace"
              rhyme="aabb"
              subtype="eceptext"
              type="poem"
              xml:id="prc90-w0350">
            <link target="authors.xml#aut_CarmRe1790" type="author"/>
            <head type="main">
               <w xmlns:ecep="http://www.eighteenthcenturypoetry.org/ns"
                  xml:id="prc90-125220"
                  n="prc90/0099-a-0010"
                  ecep:lem="a"
                  ecep:pos="dt"
                  ecep:reg="A"
                  ecep:spe="A"
                  ecep:syllab="1"
                  ecep:pron="ə">A</w>
               <c> </c>
               <w xmlns:ecep="http://www.eighteenthcenturypoetry.org/ns"
                  xml:id="prc90-125230"
                  n="prc90/0099-a-0020"
                  ecep:lem="song"
                  ecep:pos="n1"
                  ecep:reg="SONG"
                  ecep:spe="SONG"
                  ecep:syllab="1"
                  ecep:pron="sɒŋ">SONG</w>
            </head>
            <lg xml:id="prc90-s01145">
               <l xml:id="prc90-l05270">
                  <w xmlns:ecep="http://www.eighteenthcenturypoetry.org/ns"
                     xml:id="prc90-125260"
                     n="prc90/0099-a-0030"
                     ecep:lem="when"
                     ecep:pos="c-crq"
                     ecep:reg="When"
                     ecep:spe="When"
                     ecep:syllab="1"
                     ecep:pron="wen">When</w>
                  <c> </c>
                  <w xmlns:ecep="http://www.eighteenthcenturypoetry.org/ns"
                     xml:id="prc90-125270"
                     n="prc90/0099-a-0040"
                     ecep:lem="the"
                     ecep:pos="dt"
                     ecep:reg="the"
                     ecep:spe="the"
                     ecep:syllab="1"
                     ecep:pron="ðiː">the</w>
                  <c> </c>
                  <w xmlns:ecep="http://www.eighteenthcenturypoetry.org/ns"
                     xml:id="prc90-125280"
                     n="prc90/0099-a-0050"
                     ecep:lem="lovely"
                     ecep:pos="j"
                     ecep:reg="lovely"
                     ecep:spe="lovely"
                     ecep:syllab="2"
                     ecep:pron="ˈlʌvli">lovely</w>
                  <c> </c>
                  <w xmlns:ecep="http://www.eighteenthcenturypoetry.org/ns"
                     xml:id="prc90-125290"
                     n="prc90/0099-a-0060"
                     ecep:lem="young"
                     ecep:pos="j"
                     ecep:reg="young"
                     ecep:spe="young"
                     ecep:syllab="1"
                     ecep:pron="jʌŋ">young</w>
                  <c> </c>
                  <w xmlns:ecep="http://www.eighteenthcenturypoetry.org/ns"
                     xml:id="prc90-125300"
                     n="prc90/0099-a-0070"
                     ecep:lem="Edwin"
                     ecep:pos="np1"
                     ecep:reg="Edwin"
                     ecep:spe="Edwin"
                     ecep:syllab="2"
                     ecep:pron="ˈedwɪn">Edwin</w>
                  <c> </c>
                  <w xmlns:ecep="http://www.eighteenthcenturypoetry.org/ns"
                     xml:id="prc90-125310"
                     n="prc90/0099-a-0080"
                     ecep:lem="be"
                     ecep:pos="vbds"
                     ecep:reg="was"
                     ecep:spe="was"
                     ecep:syllab="1"
                     ecep:pron="wɒz">was</w>
                  <c> </c>
                  <w xmlns:ecep="http://www.eighteenthcenturypoetry.org/ns"
                     xml:id="prc90-125320"
                     n="prc90/0099-a-0090"
                     ecep:lem="lay"
                     ecep:pos="vvn"
                     ecep:reg="laid"
                     ecep:spe="laid"
                     ecep:syllab="1"
                     ecep:pron="leɪd">laid</w>
                  <c> </c>
                  <w xmlns:ecep="http://www.eighteenthcenturypoetry.org/ns"
                     xml:id="prc90-125330"
                     n="prc90/0099-a-0100"
                     ecep:lem="to"
                     ecep:pos="pc-acp"
                     ecep:reg="to"
                     ecep:spe="to"
                     ecep:syllab="1"
                     ecep:pron="tuː">to</w>
                  <c> </c>
                  <w xmlns:ecep="http://www.eighteenthcenturypoetry.org/ns"
                     xml:id="prc90-125340"
                     n="prc90/0099-a-0110"
                     ecep:lem="repose"
                     ecep:pos="vvi"
                     ecep:reg="repose"
                     ecep:spe="repose"
                     ecep:syllab="2"
                     ecep:pron="rɪˈpəʊz">repose</w>
                  <pc xmlns:ecep="http://www.eighteenthcenturypoetry.org/ns"
                      xml:id="prc90-125350"
                      n="prc90/0099-a-0120"
                      ecep:lem=","
                      ecep:pos=","
                      ecep:reg=","
                      ecep:spe=",">,</pc>
               </l>
               <l xml:id="prc90-l05275">
                  <c> </c>
                  <w xmlns:ecep="http://www.eighteenthcenturypoetry.org/ns"
                     xml:id="prc90-125360"
                     n="prc90/0099-a-0130"
                     ecep:lem="at"
                     ecep:pos="p-acp"
                     ecep:reg="At"
                     ecep:spe="At"
                     ecep:syllab="1"
                     ecep:pron="æt">At</w>
                  <c> </c>
                  <w xmlns:ecep="http://www.eighteenthcenturypoetry.org/ns"
                     xml:id="prc90-125370"
                     n="prc90/0099-a-0140"
                     ecep:lem="the"
                     ecep:pos="dt"
                     ecep:reg="the"
                     ecep:spe="the"
                     ecep:syllab="1"
                     ecep:pron="ðiː">the</w>
                  <c> </c>
                  <w xmlns:ecep="http://www.eighteenthcenturypoetry.org/ns"
                     xml:id="prc90-125380"
                     n="prc90/0099-a-0150"
                     ecep:lem="dawn"
                     ecep:pos="n1"
                     ecep:reg="dawn"
                     ecep:spe="dawn"
                     ecep:syllab="1"
                     ecep:pron="dɔːn">dawn</w>
                  <c> </c>
                  <w xmlns:ecep="http://www.eighteenthcenturypoetry.org/ns"
                     xml:id="prc90-125390"
                     n="prc90/0099-a-0160"
                     ecep:lem="of"
                     ecep:pos="pp-f"
                     ecep:reg="of"
                     ecep:spe="of"
                     ecep:syllab="1"
                     ecep:pron="ɒv">of</w>
                  <c> </c>
                  <w xmlns:ecep="http://www.eighteenthcenturypoetry.org/ns"
                     xml:id="prc90-125400"
                     n="prc90/0099-a-0170"
                     ecep:lem="the"
                     ecep:pos="dt"
                     ecep:reg="the"
                     ecep:spe="the"
                     ecep:syllab="1"
                     ecep:pron="ðiː">the</w>
                  <c> </c>
                  <w xmlns:ecep="http://www.eighteenthcenturypoetry.org/ns"
                     xml:id="prc90-125410"
                     n="prc90/0099-a-0180"
                     ecep:lem="day"
                     ecep:pos="n1"
                     ecep:reg="day"
                     ecep:spe="day"
                     ecep:syllab="1"
                     ecep:pron="deɪ">day</w>
                  <pc xmlns:ecep="http://www.eighteenthcenturypoetry.org/ns"
                      xml:id="prc90-125420"
                      n="prc90/0099-a-0190"
                      ecep:lem=","
                      ecep:pos=","
                      ecep:reg=","
                      ecep:spe=",">,</pc>
                  <c> </c>
                  <w xmlns:ecep="http://www.eighteenthcenturypoetry.org/ns"
                     xml:id="prc90-125430"
                     n="prc90/0099-a-0200"
                     ecep:lem="when"
                     ecep:pos="c-crq"
                     ecep:reg="when"
                     ecep:spe="when"
                     ecep:syllab="1"
                     ecep:pron="wen">when</w>
                  <c> </c>
                  <w xmlns:ecep="http://www.eighteenthcenturypoetry.org/ns"
                     xml:id="prc90-125440"
                     n="prc90/0099-a-0210"
                     ecep:lem="bright"
                     ecep:pos="j"
                     ecep:reg="bright"
                     ecep:spe="bright"
                     ecep:syllab="1"
                     ecep:pron="braɪt">bright</w>
                  <c> </c>
                  <w xmlns:ecep="http://www.eighteenthcenturypoetry.org/ns"
                     xml:id="prc90-125450"
                     n="prc90/0099-a-0220"
                     ecep:lem="Phoebus"
                     ecep:pos="np1"
                     ecep:reg="Phoebus"
                     ecep:spe="Phoebus"
                     ecep:syllab="2"
                     ecep:pron="ˈfiːbəs">Phoebus</w>
                  <c> </c>
                  <w xmlns:ecep="http://www.eighteenthcenturypoetry.org/ns"
                     xml:id="prc90-125460"
                     n="prc90/0099-a-0230"
                     ecep:lem="arise"
                     ecep:pos="vvd"
                     ecep:reg="arose"
                     ecep:spe="arose"
                     ecep:syllab="2"
                     ecep:pron="əˈrəʊz">arose</w>
                  <pc xmlns:ecep="http://www.eighteenthcenturypoetry.org/ns"
                      xml:id="prc90-125470"
                      n="prc90/0099-a-0240"
                      ecep:lem=","
                      ecep:pos=","
                      ecep:reg=","
                      ecep:spe=",">,</pc>
               </l>
               <l xml:id="prc90-l05280">
                  <c> </c>
                  <w xmlns:ecep="http://www.eighteenthcenturypoetry.org/ns"
                     xml:id="prc90-125480"
                     n="prc90/0099-a-0250"
                     ecep:lem="the"
                     ecep:pos="dt"
                     ecep:reg="The"
                     ecep:spe="The"
                     ecep:syllab="1"
                     ecep:pron="ðiː">The</w>
                  <c> </c>
                  <w xmlns:ecep="http://www.eighteenthcenturypoetry.org/ns"
                     xml:id="prc90-125490"
                     n="prc90/0099-a-0260"
                     ecep:lem="bay"
                     ecep:pos="n2"
                     ecep:reg="bays"
                     ecep:spe="bays"
                     ecep:syllab="1"
                     ecep:pron="beɪz">bays</w>
                  <c> </c>
                  <w xmlns:ecep="http://www.eighteenthcenturypoetry.org/ns"
                     xml:id="prc90-125500"
                     n="prc90/0099-a-0270"
                     ecep:lem="and"
                     ecep:pos="cc"
                     ecep:reg="and"
                     ecep:spe="and"
                     ecep:syllab="1"
                     ecep:pron="ænd">and</w>
                  <c> </c>
                  <w xmlns:ecep="http://www.eighteenthcenturypoetry.org/ns"
                     xml:id="prc90-125510"
                     n="prc90/0099-a-0280"
                     ecep:lem="the"
                     ecep:pos="dt"
                     ecep:reg="the"
                     ecep:spe="the"
                     ecep:syllab="1"
                     ecep:pron="ðiː">the</w>
                  <c> </c>
                  <w xmlns:ecep="http://www.eighteenthcenturypoetry.org/ns"
                     xml:id="prc90-125520"
                     n="prc90/0099-a-0290"
                     ecep:lem="laurel"
                     ecep:pos="n2"
                     ecep:reg="laurels"
                     ecep:spe="laurels"
                     ecep:syllab="2"
                     ecep:pron="ˈlɒrlz">laurels</w>
                  <c> </c>
                  <w xmlns:ecep="http://www.eighteenthcenturypoetry.org/ns"
                     xml:id="prc90-125530"
                     n="prc90/0099-a-0300"
                     ecep:lem="do"
                     ecep:pos="vdd"
                     ecep:reg="did"
                     ecep:spe="did"
                     ecep:syllab="1"
                     ecep:pron="dɪd">did</w>
                  <c> </c>
                  <w xmlns:ecep="http://www.eighteenthcenturypoetry.org/ns"
                     xml:id="prc90-125540"
                     n="prc90/0099-a-0310"
                     ecep:lem="serve"
                     ecep:pos="vvi"
                     ecep:reg="serve"
                     ecep:spe="serve"
                     ecep:syllab="1"
                     ecep:pron="sɜːv">serve</w>
                  <c> </c>
                  <w xmlns:ecep="http://www.eighteenthcenturypoetry.org/ns"
                     xml:id="prc90-125550"
                     n="prc90/0099-a-0320"
                     ecep:lem="for"
                     ecep:pos="p-acp"
                     ecep:reg="for"
                     ecep:spe="for"
                     ecep:syllab="1"
                     ecep:pron="fɔː">for</w>
                  <c> </c>
                  <w xmlns:ecep="http://www.eighteenthcenturypoetry.org/ns"
                     xml:id="prc90-125560"
                     n="prc90/0099-a-0330"
                     ecep:lem="a"
                     ecep:pos="dt"
                     ecep:reg="a"
                     ecep:spe="a"
                     ecep:syllab="1"
                     ecep:pron="ə">a</w>
                  <c> </c>
                  <w xmlns:ecep="http://www.eighteenthcenturypoetry.org/ns"
                     xml:id="prc90-125570"
                     n="prc90/0099-a-0340"
                     ecep:lem="shade"
                     ecep:pos="n1"
                     ecep:reg="shade"
                     ecep:spe="shade"
                     ecep:syllab="1"
                     ecep:pron="ʃeɪd">shade</w>
                  <pc xmlns:ecep="http://www.eighteenthcenturypoetry.org/ns"
                      xml:id="prc90-125580"
                      n="prc90/0099-a-0350"
                      ecep:lem=","
                      ecep:pos=","
                      ecep:reg=","
                      ecep:spe=",">,</pc>
               </l>
               <l xml:id="prc90-l05285">
                  <c> </c>
                  <w xmlns:ecep="http://www.eighteenthcenturypoetry.org/ns"
                     xml:id="prc90-125590"
                     n="prc90/0099-a-0360"
                     ecep:lem="and"
                     ecep:pos="cc"
                     ecep:reg="And"
                     ecep:spe="And"
                     ecep:syllab="1"
                     ecep:pron="ænd">And</w>
                  <c> </c>
                  <w xmlns:ecep="http://www.eighteenthcenturypoetry.org/ns"
                     xml:id="prc90-125600"
                     n="prc90/0099-a-0370"
                     ecep:lem="the"
                     ecep:pos="dt"
                     ecep:reg="the"
                     ecep:spe="the"
                     ecep:syllab="1"
                     ecep:pron="ðiː">the</w>
                  <c> </c>
                  <w xmlns:ecep="http://www.eighteenthcenturypoetry.org/ns"
                     xml:id="prc90-125610"
                     n="prc90/0099-a-0380"
                     ecep:lem="myrtle"
                     ecep:pos="n2"
                     ecep:reg="myrtles"
                     ecep:spe="myrtles"
                     ecep:syllab="2"
                     ecep:pron="ˈmɜːtlz">myrtles</w>
                  <c> </c>
                  <w xmlns:ecep="http://www.eighteenthcenturypoetry.org/ns"
                     xml:id="prc90-125620"
                     n="prc90/0099-a-0390"
                     ecep:lem="and"
                     ecep:pos="cc"
                     ecep:reg="and"
                     ecep:spe="and"
                     ecep:syllab="1"
                     ecep:pron="ænd">and</w>
                  <c> </c>
                  <w xmlns:ecep="http://www.eighteenthcenturypoetry.org/ns"
                     xml:id="prc90-125630"
                     n="prc90/0099-a-0400"
                     ecep:lem="willow"
                     ecep:pos="n2"
                     ecep:reg="willows"
                     ecep:spe="willows"
                     ecep:syllab="2"
                     ecep:pron="ˈwɪləʊz">willows</w>
                  <c> </c>
                  <w xmlns:ecep="http://www.eighteenthcenturypoetry.org/ns"
                     xml:id="prc90-125640"
                     n="prc90/0099-a-0410"
                     ecep:lem="support"
                     ecep:pos="vvn"
                     ecep:reg="supported"
                     ecep:spe="supported"
                     ecep:syllab="3"
                     ecep:pron="səˈpɔːtɪd">supported</w>
                  <c> </c>
                  <w xmlns:ecep="http://www.eighteenthcenturypoetry.org/ns"
                     xml:id="prc90-125650"
                     n="prc90/0099-a-0420"
                     ecep:lem="his"
                     ecep:pos="po31"
                     ecep:reg="his"
                     ecep:spe="his"
                     ecep:syllab="1"
                     ecep:pron="hɪz">his</w>
                  <c> </c>
                  <w xmlns:ecep="http://www.eighteenthcenturypoetry.org/ns"
                     xml:id="prc90-125660"
                     n="prc90/0099-a-0430"
                     ecep:lem="head"
                     ecep:pos="n1"
                     ecep:reg="head"
                     ecep:spe="head"
                     ecep:syllab="1"
                     ecep:pron="hed">head</w>
                  <pc xmlns:ecep="http://www.eighteenthcenturypoetry.org/ns"
                      xml:id="prc90-125670"
                      n="prc90/0099-a-0440"
                      unit="sentence"
                      ecep:lem="."
                      ecep:pos="."
                      ecep:reg="."
                      ecep:spe=".">.</pc>
                  <c> </c>
               </l>
            </lg>
            <lg xml:id="prc90-s01150">
               <l xml:id="prc90-l05290">
                  <w xmlns:ecep="http://www.eighteenthcenturypoetry.org/ns"
                     xml:id="prc90-125700"
                     n="prc90/0099-a-0450"
                     ecep:lem="the"
                     ecep:pos="dt"
                     ecep:reg="The"
                     ecep:spe="The"
                     ecep:syllab="1"
                     ecep:pron="ðiː">The</w>
                  <c> </c>
                  <w xmlns:ecep="http://www.eighteenthcenturypoetry.org/ns"
                     xml:id="prc90-125710"
                     n="prc90/0099-a-0460"
                     ecep:lem="lark"
                     ecep:pos="n1"
                     ecep:reg="lark"
                     ecep:spe="lark"
                     ecep:syllab="1"
                     ecep:pron="lɑːk">lark</w>
                  <c> </c>
                  <w xmlns:ecep="http://www.eighteenthcenturypoetry.org/ns"
                     xml:id="prc90-125720"
                     n="prc90/0099-a-0470"
                     ecep:lem="and"
                     ecep:pos="cc"
                     ecep:reg="and"
                     ecep:spe="and"
                     ecep:syllab="1"
                     ecep:pron="ænd">and</w>
                  <c> </c>
                  <w xmlns:ecep="http://www.eighteenthcenturypoetry.org/ns"
                     xml:id="prc90-125730"
                     n="prc90/0099-a-0480"
                     ecep:lem="the"
                     ecep:pos="dt"
                     ecep:reg="the"
                     ecep:spe="the"
                     ecep:syllab="1"
                     ecep:pron="ðiː">the</w>
                  <c> </c>
                  <w xmlns:ecep="http://www.eighteenthcenturypoetry.org/ns"
                     xml:id="prc90-125740"
                     n="prc90/0099-a-0490"
                     ecep:lem="linnet"
                     ecep:pos="n1"
                     ecep:reg="linnet"
                     ecep:spe="linnet"
                     ecep:syllab="2"
                     ecep:pron="ˈlɪnɪt">linnet</w>
                  <c> </c>
                  <w xmlns:ecep="http://www.eighteenthcenturypoetry.org/ns"
                     xml:id="prc90-125750"
                     n="prc90/0099-a-0500"
                     ecep:lem="arise"
                     ecep:pos="vvd"
                     ecep:reg="arose"
                     ecep:spe="arose"
                     ecep:syllab="2"
                     ecep:pron="əˈrəʊz">arose</w>
                  <c> </c>
                  <w xmlns:ecep="http://www.eighteenthcenturypoetry.org/ns"
                     xml:id="prc90-125760"
                     n="prc90/0099-a-0510"
                     ecep:lem="on"
                     ecep:pos="p-acp"
                     ecep:reg="on"
                     ecep:spe="on"
                     ecep:syllab="1"
                     ecep:pron="ɒn">on</w>
                  <c> </c>
                  <w xmlns:ecep="http://www.eighteenthcenturypoetry.org/ns"
                     xml:id="prc90-125770"
                     n="prc90/0099-a-0520"
                     ecep:lem="the"
                     ecep:pos="dt"
                     ecep:reg="the"
                     ecep:spe="the"
                     ecep:syllab="1"
                     ecep:pron="ðiː">the</w>
                  <c> </c>
                  <w xmlns:ecep="http://www.eighteenthcenturypoetry.org/ns"
                     xml:id="prc90-125780"
                     n="prc90/0099-a-0530"
                     ecep:lem="spray"
                     ecep:pos="n1"
                     ecep:reg="spray"
                     ecep:spe="spray"
                     ecep:syllab="1"
                     ecep:pron="spreɪ">spray</w>
                  <pc xmlns:ecep="http://www.eighteenthcenturypoetry.org/ns"
                      xml:id="prc90-125790"
                      n="prc90/0099-a-0540"
                      ecep:lem=","
                      ecep:pos=","
                      ecep:reg=","
                      ecep:spe=",">,</pc>
               </l>
               <l xml:id="prc90-l05295">
                  <c> </c>
                  <w xmlns:ecep="http://www.eighteenthcenturypoetry.org/ns"
                     xml:id="prc90-125800"
                     n="prc90/0099-a-0550"
                     ecep:lem="and"
                     ecep:pos="cc"
                     ecep:reg="And"
                     ecep:spe="And"
                     ecep:syllab="1"
                     ecep:pron="ænd">And</w>
                  <c> </c>
                  <w xmlns:ecep="http://www.eighteenthcenturypoetry.org/ns"
                     xml:id="prc90-125810"
                     n="prc90/0099-a-0560"
                     ecep:lem="the"
                     ecep:pos="dt"
                     ecep:reg="the"
                     ecep:spe="the"
                     ecep:syllab="1"
                     ecep:pron="ðiː">the</w>
                  <c> </c>
                  <w xmlns:ecep="http://www.eighteenthcenturypoetry.org/ns"
                     xml:id="prc90-125820"
                     n="prc90/0099-a-0570"
                     ecep:lem="lamb"
                     ecep:pos="n2"
                     ecep:reg="lambs"
                     ecep:spe="lambs"
                     ecep:syllab="1"
                     ecep:pron="læmz">lambs</w>
                  <c> </c>
                  <w xmlns:ecep="http://www.eighteenthcenturypoetry.org/ns"
                     xml:id="prc90-125830"
                     n="prc90/0099-a-0580"
                     ecep:lem="all"
                     ecep:pos="d"
                     ecep:reg="all"
                     ecep:spe="all"
                     ecep:syllab="1"
                     ecep:pron="ɔːl">all</w>
                  <c> </c>
                  <w xmlns:ecep="http://www.eighteenthcenturypoetry.org/ns"
                     xml:id="prc90-125840"
                     n="prc90/0099-a-0590"
                     ecep:lem="around"
                     ecep:pos="p-acp"
                     ecep:reg="around"
                     ecep:spe="around"
                     ecep:syllab="2"
                     ecep:pron="əˈraʊnd">around</w>
                  <c> </c>
                  <w xmlns:ecep="http://www.eighteenthcenturypoetry.org/ns"
                     xml:id="prc90-125850"
                     n="prc90/0099-a-0600"
                     ecep:lem="he"
                     ecep:pos="pno31"
                     ecep:reg="him"
                     ecep:spe="him"
                     ecep:syllab="1"
                     ecep:pron="hɪm">him</w>
                  <c> </c>
                  <w xmlns:ecep="http://www.eighteenthcenturypoetry.org/ns"
                     xml:id="prc90-125860"
                     n="prc90/0099-a-0610"
                     ecep:lem="do"
                     ecep:pos="vdd"
                     ecep:reg="did"
                     ecep:spe="did"
                     ecep:syllab="1"
                     ecep:pron="dɪd">did</w>
                  <c> </c>
                  <w xmlns:ecep="http://www.eighteenthcenturypoetry.org/ns"
                     xml:id="prc90-125870"
                     n="prc90/0099-a-0620"
                     ecep:lem="frolic"
                     ecep:pos="vvi"
                     ecep:reg="frolic"
                     ecep:spe="frolic"
                     ecep:syllab="2"
                     ecep:pron="ˈfrɒlɪk">frolic</w>
                  <c> </c>
                  <w xmlns:ecep="http://www.eighteenthcenturypoetry.org/ns"
                     xml:id="prc90-125880"
                     n="prc90/0099-a-0630"
                     ecep:lem="and"
                     ecep:pos="cc"
                     ecep:reg="and"
                     ecep:spe="and"
                     ecep:syllab="1"
                     ecep:pron="ænd">and</w>
                  <c> </c>
                  <w xmlns:ecep="http://www.eighteenthcenturypoetry.org/ns"
                     xml:id="prc90-125890"
                     n="prc90/0099-a-0640"
                     ecep:lem="play"
                     ecep:pos="vvi"
                     ecep:reg="play"
                     ecep:spe="play"
                     ecep:syllab="1"
                     ecep:pron="pleɪ">play</w>
                  <pc xmlns:ecep="http://www.eighteenthcenturypoetry.org/ns"
                      xml:id="prc90-125900"
                      n="prc90/0099-a-0650"
                      ecep:lem=";"
                      ecep:pos=";"
                      ecep:reg=";"
                      ecep:spe=";">;</pc>
               </l>
               <l xml:id="prc90-l05300">
                  <c> </c>
                  <w xmlns:ecep="http://www.eighteenthcenturypoetry.org/ns"
                     xml:id="prc90-125910"
                     n="prc90/0099-a-0660"
                     ecep:lem="even"
                     ecep:pos="av-j"
                     ecep:reg="Even"
                     ecep:spe="E'en"
                     ecep:syllab="1"
                     ecep:pron="iːn">E'en</w>
                  <c> </c>
                  <w xmlns:ecep="http://www.eighteenthcenturypoetry.org/ns"
                     xml:id="prc90-125920"
                     n="prc90/0099-a-0670"
                     ecep:lem="the"
                     ecep:pos="dt"
                     ecep:reg="the"
                     ecep:spe="the"
                     ecep:syllab="1"
                     ecep:pron="ðiː">the</w>
                  <c> </c>
                  <w xmlns:ecep="http://www.eighteenthcenturypoetry.org/ns"
                     xml:id="prc90-125930"
                     n="prc90/0099-a-0680"
                     ecep:lem="bee"
                     ecep:pos="n1"
                     ecep:reg="bee"
                     ecep:spe="bee"
                     ecep:syllab="1"
                     ecep:pron="biː">bee</w>
                  <c> </c>
                  <w xmlns:ecep="http://www.eighteenthcenturypoetry.org/ns"
                     xml:id="prc90-125940"
                     n="prc90/0099-a-0690"
                     ecep:lem="be"
                     ecep:pos="vbds"
                     ecep:reg="was"
                     ecep:spe="was"
                     ecep:syllab="1"
                     ecep:pron="wɒz">was</w>
                  <c> </c>
                  <w xmlns:ecep="http://www.eighteenthcenturypoetry.org/ns"
                     xml:id="prc90-125950"
                     n="prc90/0099-a-0700"
                     ecep:lem="entice"
                     ecep:pos="vvn"
                     ecep:reg="enticed"
                     ecep:spe="entic'd"
                     ecep:syllab="2"
                     ecep:pron="ɪnˈtaɪst">entic'd</w>
                  <c> </c>
                  <w xmlns:ecep="http://www.eighteenthcenturypoetry.org/ns"
                     xml:id="prc90-125960"
                     n="prc90/0099-a-0710"
                     ecep:lem="with"
                     ecep:pos="p-acp"
                     ecep:reg="with"
                     ecep:spe="with"
                     ecep:syllab="1"
                     ecep:pron="wɪð">with</w>
                  <c> </c>
                  <w xmlns:ecep="http://www.eighteenthcenturypoetry.org/ns"
                     xml:id="prc90-125970"
                     n="prc90/0099-a-0720"
                     ecep:lem="such"
                     ecep:pos="d"
                     ecep:reg="such"
                     ecep:spe="such"
                     ecep:syllab="1"
                     ecep:pron="sʌtʃ">such</w>
                  <c> </c>
                  <w xmlns:ecep="http://www.eighteenthcenturypoetry.org/ns"
                     xml:id="prc90-125980"
                     n="prc90/0099-a-0730"
                     ecep:lem="sweetness"
                     ecep:pos="n1"
                     ecep:reg="sweetness"
                     ecep:spe="sweetness"
                     ecep:syllab="2"
                     ecep:pron="swiːtnəs">sweetness</w>
                  <c> </c>
                  <w xmlns:ecep="http://www.eighteenthcenturypoetry.org/ns"
                     xml:id="prc90-125990"
                     n="prc90/0099-a-0740"
                     ecep:lem="and"
                     ecep:pos="cc"
                     ecep:reg="and"
                     ecep:spe="and"
                     ecep:syllab="1"
                     ecep:pron="ænd">and</w>
                  <c> </c>
                  <w xmlns:ecep="http://www.eighteenthcenturypoetry.org/ns"
                     xml:id="prc90-126000"
                     n="prc90/0099-a-0750"
                     ecep:lem="grace"
                     ecep:pos="n1"
                     ecep:reg="grace"
                     ecep:spe="grace"
                     ecep:syllab="1"
                     ecep:pron="greɪs">grace</w>
                  <pc xmlns:ecep="http://www.eighteenthcenturypoetry.org/ns"
                      xml:id="prc90-126010"
                      n="prc90/0099-a-0760"
                      ecep:lem=","
                      ecep:pos=","
                      ecep:reg=","
                      ecep:spe=",">,</pc>
               </l>
               <l xml:id="prc90-l05305">
                  <c> </c>
                  <w xmlns:ecep="http://www.eighteenthcenturypoetry.org/ns"
                     xml:id="prc90-126020"
                     n="prc90/0099-a-0770"
                     ecep:lem="and"
                     ecep:pos="cc"
                     ecep:reg="And"
                     ecep:spe="And"
                     ecep:syllab="1"
                     ecep:pron="ænd">And</w>
                  <pc xmlns:ecep="http://www.eighteenthcenturypoetry.org/ns"
                      xml:id="prc90-126030"
                      n="prc90/0099-a-0780"
                      ecep:lem=","
                      ecep:pos=","
                      ecep:reg=","
                      ecep:spe=",">,</pc>
                  <c> </c>
                  <w xmlns:ecep="http://www.eighteenthcenturypoetry.org/ns"
                     xml:id="prc90-126040"
                     n="prc90/0099-a-0790"
                     ecep:lem="in"
                     ecep:pos="p-acp"
                     ecep:reg="in"
                     ecep:spe="in"
                     ecep:syllab="1"
                     ecep:pron="ɪn">in</w>
                  <c> </c>
                  <w xmlns:ecep="http://www.eighteenthcenturypoetry.org/ns"
                     xml:id="prc90-126050"
                     n="prc90/0099-a-0800"
                     ecep:lem="quest"
                     ecep:pos="n1"
                     ecep:reg="quest"
                     ecep:spe="quest"
                     ecep:syllab="1"
                     ecep:pron="kwest">quest</w>
                  <c> </c>
                  <w xmlns:ecep="http://www.eighteenthcenturypoetry.org/ns"
                     xml:id="prc90-126060"
                     n="prc90/0099-a-0810"
                     ecep:lem="of"
                     ecep:pos="pp-f"
                     ecep:reg="of"
                     ecep:spe="of"
                     ecep:syllab="1"
                     ecep:pron="ɒv">of</w>
                  <c> </c>
                  <w xmlns:ecep="http://www.eighteenthcenturypoetry.org/ns"
                     xml:id="prc90-126070"
                     n="prc90/0099-a-0820"
                     ecep:lem="his"
                     ecep:pos="po31"
                     ecep:reg="his"
                     ecep:spe="his"
                     ecep:syllab="1"
                     ecep:pron="hɪz">his</w>
                  <c> </c>
                  <w xmlns:ecep="http://www.eighteenthcenturypoetry.org/ns"
                     xml:id="prc90-126080"
                     n="prc90/0099-a-0830"
                     ecep:lem="honey"
                     ecep:pos="n1"
                     ecep:reg="honey"
                     ecep:spe="honey"
                     ecep:syllab="2"
                     ecep:pron="ˈhʌni">honey</w>
                  <pc xmlns:ecep="http://www.eighteenthcenturypoetry.org/ns"
                      xml:id="prc90-126090"
                      n="prc90/0099-a-0840"
                      ecep:lem=","
                      ecep:pos=","
                      ecep:reg=","
                      ecep:spe=",">,</pc>
                  <c> </c>
                  <w xmlns:ecep="http://www.eighteenthcenturypoetry.org/ns"
                     xml:id="prc90-126100"
                     n="prc90/0099-a-0850"
                     ecep:lem="do"
                     ecep:pos="vdd"
                     ecep:reg="did"
                     ecep:spe="did"
                     ecep:syllab="1"
                     ecep:pron="dɪd">did</w>
                  <c> </c>
                  <w xmlns:ecep="http://www.eighteenthcenturypoetry.org/ns"
                     xml:id="prc90-126110"
                     n="prc90/0099-a-0860"
                     ecep:lem="light"
                     ecep:pos="vvi"
                     ecep:reg="light"
                     ecep:spe="light"
                     ecep:syllab="1"
                     ecep:pron="laɪt">light</w>
                  <c> </c>
                  <w xmlns:ecep="http://www.eighteenthcenturypoetry.org/ns"
                     xml:id="prc90-126120"
                     n="prc90/0099-a-0870"
                     ecep:lem="on"
                     ecep:pos="p-acp"
                     ecep:reg="on"
                     ecep:spe="on"
                     ecep:syllab="1"
                     ecep:pron="ɒn">on</w>
                  <c> </c>
                  <w xmlns:ecep="http://www.eighteenthcenturypoetry.org/ns"
                     xml:id="prc90-126130"
                     n="prc90/0099-a-0880"
                     ecep:lem="his"
                     ecep:pos="po31"
                     ecep:reg="his"
                     ecep:spe="his"
                     ecep:syllab="1"
                     ecep:pron="hɪz">his</w>
                  <c> </c>
                  <w xmlns:ecep="http://www.eighteenthcenturypoetry.org/ns"
                     xml:id="prc90-126140"
                     n="prc90/0099-a-0890"
                     ecep:lem="face"
                     ecep:pos="n1"
                     ecep:reg="face"
                     ecep:spe="face"
                     ecep:syllab="1"
                     ecep:pron="feɪs">face</w>
                  <pc xmlns:ecep="http://www.eighteenthcenturypoetry.org/ns"
                      xml:id="prc90-126150"
                      n="prc90/0099-a-0900"
                      unit="sentence"
                      ecep:lem="."
                      ecep:pos="."
                      ecep:reg="."
                      ecep:spe=".">.</pc>
                  <c> </c>
               </l>
            </lg>
         </div>
      </body>
   </text>
</TEI>
