<?xml version="1.0" encoding="UTF-8"?>
<div xmlns:ecep="http://www.eighteenthcenturypoetry.org/ns"
     xmlns="http://www.tei-c.org/ns/1.0"
     xmlns:tei="http://www.tei-c.org/ns/1.0"
     ana="#iamb #tetrameter #couplet #pair #fable"
     corresp="#txt_GayJoh1685_w0010"
     decls="#semi-normalized"
     ecep:syllab="8"
     met="-+|-+|-+|-+/"
     rendition="#lgvspace"
     rhyme="aa"
     subtype="eceptext"
     type="fable"
     xml:id="ojg27-w0100">
   <link target="authors.xml#aut_GayJoh1685" type="author"/>
   <figure type="block"/>
   <head type="main">
      <w xml:id="ojg27-045180"
         n="a-0010"
         ecep:lem="fable"
         ecep:pos="n1"
         ecep:reg="FABLE"
         ecep:spe="FABLE"
         ecep:syllab="2"
         ecep:pron="ˈfeɪbl">FABLE</w>
      <c> </c>
      <pc xml:id="ojg27-045190"
          n="a-0020"
          ecep:lem="["
          ecep:pos="["
          ecep:reg="["
          ecep:spe="[">[</pc>
      <w xml:id="ojg27-045200"
         n="a-0030"
         ecep:lem="09"
         ecep:pos="crd"
         ecep:reg="09"
         ecep:spe="09"
         ecep:syllab="1"
         ecep:pron="zˈiərəʊnˈaɪn">09</w>
      <pc xml:id="ojg27-045210"
          n="a-0040"
          ecep:lem="]"
          ecep:pos="]"
          ecep:reg="]"
          ecep:spe="]">]</pc>
      <c> </c>
      <w xml:id="ojg27-045220"
         n="a-0050"
         ecep:lem="ix"
         ecep:pos="crd"
         ecep:reg="IX"
         ecep:spe="IX"
         ecep:syllab="1"
         ecep:pron="rˌəʊmənnˈaɪn">IX</w>
      <pc xml:id="ojg27-045230"
          n="a-0060"
          unit="sentence"
          ecep:lem="."
          ecep:pos="."
          ecep:reg="."
          ecep:spe=".">.</pc>
   </head>
   <head type="sub">
      <hi>
         <w xml:id="ojg27-045260"
            n="a-0070"
            ecep:lem="the"
            ecep:pos="dt"
            ecep:reg="The"
            ecep:spe="The"
            ecep:syllab="1"
            ecep:pron="ðiː">The</w>
      </hi>
      <c> </c>
      <hi rendition="#sc">
         <w xml:id="ojg27-045270"
            n="a-0080"
            ecep:lem="bull"
            ecep:pos="n1"
            ecep:reg="Bull"
            ecep:spe="Bull"
            ecep:syllab="1"
            ecep:pron="bʊl">Bull</w>
      </hi>
      <c> </c>
      <hi>
         <w xml:id="ojg27-045280"
            n="a-0090"
            ecep:lem="and"
            ecep:pos="cc"
            ecep:reg="and"
            ecep:spe="and"
            ecep:syllab="1"
            ecep:pron="ænd">and</w>
         <c> </c>
         <w xml:id="ojg27-045290"
            n="a-0100"
            ecep:lem="the"
            ecep:pos="dt"
            ecep:reg="the"
            ecep:spe="the"
            ecep:syllab="1"
            ecep:pron="ðiː">the</w>
      </hi>
      <c> </c>
      <hi rendition="#sc">
         <w xml:id="ojg27-045300"
            n="a-0110"
            ecep:lem="mastiff"
            ecep:pos="n1"
            ecep:reg="Mastiff"
            ecep:spe="Mastiff"
            ecep:syllab="2"
            ecep:pron="ˈmæstɪf">Mastiff</w>
      </hi>
      <pc xml:id="ojg27-045310"
          n="a-0120"
          unit="sentence"
          ecep:lem="."
          ecep:pos="."
          ecep:reg="."
          ecep:spe=".">.</pc>
   </head>
   <lg xml:id="ojg27-s00335">
      <l n="1" xml:id="ojg27-l02335">
         <hi rendition="#sc">
            <w xml:id="ojg27-045340"
               n="a-0130"
               ecep:lem="seek"
               ecep:pos="vvb"
               ecep:reg="Seek"
               ecep:spe="Seek"
               ecep:syllab="1"
               ecep:pron="siːk">Seek</w>
         </hi>
         <c> </c>
         <w xml:id="ojg27-045350"
            n="a-0140"
            ecep:lem="you"
            ecep:pos="pn22"
            ecep:reg="you"
            ecep:spe="you"
            ecep:syllab="1"
            ecep:pron="juː">you</w>
         <c> </c>
         <w xml:id="ojg27-045360"
            n="a-0150"
            ecep:lem="to"
            ecep:pos="pc-acp"
            ecep:reg="to"
            ecep:spe="to"
            ecep:syllab="1"
            ecep:pron="tuː">to</w>
         <c> </c>
         <w xml:id="ojg27-045370"
            n="a-0160"
            ecep:lem="train"
            ecep:pos="vvi"
            ecep:reg="train"
            ecep:spe="train"
            ecep:syllab="1"
            ecep:pron="treɪn">train</w>
         <c> </c>
         <w xml:id="ojg27-045380"
            n="a-0170"
            ecep:lem="your"
            ecep:pos="po22"
            ecep:reg="your"
            ecep:spe="your"
            ecep:syllab="1"
            ecep:pron="jɔː">your</w>
         <c> </c>
         <w xml:id="ojg27-045390"
            n="a-0180"
            ecep:lem="favourite"
            ecep:pos="n1"
            ecep:reg="favourite"
            ecep:spe="fav'rite"
            ecep:syllab="2"
            ecep:pron="ˈfeɪvrɪt">fav'rite</w>
         <c> </c>
         <w xml:id="ojg27-045400"
            n="a-0190"
            ecep:lem="boy"
            ecep:pos="n1"
            ecep:reg="boy"
            ecep:spe="boy"
            ecep:syllab="1"
            ecep:pron="bɔɪ">boy</w>
         <pc xml:id="ojg27-045410"
             n="a-0200"
             unit="sentence"
             ecep:lem="?"
             ecep:pos="?"
             ecep:reg="?"
             ecep:spe="?">?</pc>
         <c> </c>
      </l>
      <l n="2" xml:id="ojg27-l02340">
         <w xml:id="ojg27-045420"
            n="a-0210"
            ecep:lem="each"
            ecep:pos="d"
            ecep:reg="Each"
            ecep:spe="Each"
            ecep:syllab="1"
            ecep:pron="iːtʃ">Each</w>
         <c> </c>
         <w xml:id="ojg27-045430"
            n="a-0220"
            ecep:lem="caution"
            ecep:pos="n1"
            ecep:reg="caution"
            ecep:spe="caution"
            ecep:syllab="2"
            ecep:pron="ˈkɔːʃn">caution</w>
         <pc xml:id="ojg27-045440"
             n="a-0230"
             ecep:lem=","
             ecep:pos=","
             ecep:reg=","
             ecep:spe=",">,</pc>
         <c> </c>
         <w xml:id="ojg27-045450"
            n="a-0240"
            ecep:lem="every"
            ecep:pos="d"
            ecep:reg="every"
            ecep:spe="ev'ry"
            ecep:syllab="2"
            ecep:pron="ˈevri">ev'ry</w>
         <c> </c>
         <w xml:id="ojg27-045460"
            n="a-0250"
            ecep:lem="care"
            ecep:pos="n1"
            ecep:reg="care"
            ecep:spe="care"
            ecep:syllab="1"
            ecep:pron="keə">care</w>
         <c> </c>
         <w xml:id="ojg27-045470"
            n="a-0260"
            ecep:lem="employ"
            ecep:pos="vvi"
            ecep:reg="employ"
            ecep:spe="employ"
            ecep:syllab="2"
            ecep:pron="ɪmˈplɔɪ">employ</w>
         <pc xml:id="ojg27-045480"
             n="a-0270"
             ecep:lem=","
             ecep:pos=","
             ecep:reg=","
             ecep:spe=",">,</pc>
      </l>
      <l n="3" xml:id="ojg27-l02345">
         <c> </c>
         <w xml:id="ojg27-045490"
            n="a-0280"
            ecep:lem="and"
            ecep:pos="cc"
            ecep:reg="And"
            ecep:spe="And"
            ecep:syllab="1"
            ecep:pron="ænd">And</w>
         <c> </c>
         <w xml:id="ojg27-045500"
            n="a-0290"
            ecep:lem="ere"
            ecep:pos="c-acp"
            ecep:reg="ere"
            ecep:spe="ere"
            ecep:syllab="1"
            ecep:pron="eə">ere</w>
         <c> </c>
         <w xml:id="ojg27-045510"
            n="a-0300"
            ecep:lem="you"
            ecep:pos="pn22"
            ecep:reg="you"
            ecep:spe="you"
            ecep:syllab="1"
            ecep:pron="juː">you</w>
         <c> </c>
         <w xml:id="ojg27-045520"
            n="a-0310"
            ecep:lem="venture"
            ecep:pos="vvb"
            ecep:reg="venture"
            ecep:spe="venture"
            ecep:syllab="2"
            ecep:pron="ˈventʃə">venture</w>
         <c> </c>
         <w xml:id="ojg27-045530"
            n="a-0320"
            ecep:lem="to"
            ecep:pos="pc-acp"
            ecep:reg="to"
            ecep:spe="to"
            ecep:syllab="1"
            ecep:pron="tuː">to</w>
         <c> </c>
         <w xml:id="ojg27-045540"
            n="a-0330"
            ecep:lem="confide"
            ecep:pos="vvi"
            ecep:reg="confide"
            ecep:spe="confide"
            ecep:syllab="2"
            ecep:pron="kənˈfaɪd">confide</w>
         <pc xml:id="ojg27-045550"
             n="a-0340"
             ecep:lem=","
             ecep:pos=","
             ecep:reg=","
             ecep:spe=",">,</pc>
      </l>
      <l n="4" xml:id="ojg27-l02350">
         <c> </c>
         <w xml:id="ojg27-045560"
            n="a-0350"
            ecep:lem="let"
            ecep:pos="vvb"
            ecep:reg="Let"
            ecep:spe="Let"
            ecep:syllab="1"
            ecep:pron="let">Let</w>
         <c> </c>
         <w xml:id="ojg27-045570"
            n="a-0360"
            ecep:lem="his"
            ecep:pos="po31"
            ecep:reg="his"
            ecep:spe="his"
            ecep:syllab="1"
            ecep:pron="hɪz">his</w>
         <c> </c>
         <w xml:id="ojg27-045580"
            n="a-0370"
            ecep:lem="preceptor"
            ecep:pos="ng1"
            ecep:reg="preceptor's"
            ecep:spe="preceptor's"
            ecep:syllab="3"
            ecep:pron="prɪˈseptəz">preceptor's</w>
         <c> </c>
         <w xml:id="ojg27-045590"
            n="a-0380"
            ecep:lem="heart"
            ecep:pos="n1"
            ecep:reg="heart"
            ecep:spe="heart"
            ecep:syllab="1"
            ecep:pron="hɑːt">heart</w>
         <c> </c>
         <w xml:id="ojg27-045600"
            n="a-0390"
            ecep:lem="be"
            ecep:pos="vbi"
            ecep:reg="be"
            ecep:spe="be"
            ecep:syllab="1"
            ecep:pron="biː">be</w>
         <c> </c>
         <w xml:id="ojg27-045610"
            n="a-0400"
            ecep:lem="try"
            ecep:pos="vvn"
            ecep:reg="tried"
            ecep:spe="try'd"
            ecep:syllab="1"
            ecep:pron="traɪd">try'd</w>
         <pc xml:id="ojg27-045620"
             n="a-0410"
             ecep:lem=";"
             ecep:pos=";"
             ecep:reg=";"
             ecep:spe=";">;</pc>
      </l>
      <l n="5" xml:id="ojg27-l02355">
         <c> </c>
         <w xml:id="ojg27-045630"
            n="a-0420"
            ecep:lem="weigh"
            ecep:pos="vvb"
            ecep:reg="Weigh"
            ecep:spe="Weigh"
            ecep:syllab="1"
            ecep:pron="weɪ">Weigh</w>
         <c> </c>
         <w xml:id="ojg27-045640"
            n="a-0430"
            ecep:lem="well"
            ecep:pos="av"
            ecep:reg="well"
            ecep:spe="well"
            ecep:syllab="1"
            ecep:pron="wel">well</w>
         <c> </c>
         <w xml:id="ojg27-045650"
            n="a-0440"
            ecep:lem="his"
            ecep:pos="po31"
            ecep:reg="his"
            ecep:spe="his"
            ecep:syllab="1"
            ecep:pron="hɪz">his</w>
         <c> </c>
         <w xml:id="ojg27-045660"
            n="a-0450"
            ecep:lem="manner"
            ecep:pos="n2"
            ecep:reg="manners"
            ecep:spe="manners"
            ecep:syllab="2"
            ecep:pron="ˈmænəz">manners</w>
         <pc xml:id="ojg27-045670"
             n="a-0460"
             ecep:lem=","
             ecep:pos=","
             ecep:reg=","
             ecep:spe=",">,</pc>
         <c> </c>
         <w xml:id="ojg27-045680"
            n="a-0470"
            ecep:lem="life"
            ecep:pos="n1"
            ecep:reg="life"
            ecep:spe="life"
            ecep:syllab="1"
            ecep:pron="laɪf">life</w>
         <pc xml:id="ojg27-045690"
             n="a-0480"
             ecep:lem=","
             ecep:pos=","
             ecep:reg=","
             ecep:spe=",">,</pc>
         <c> </c>
         <w xml:id="ojg27-045700"
            n="a-0490"
            ecep:lem="and"
            ecep:pos="cc"
            ecep:reg="and"
            ecep:spe="and"
            ecep:syllab="1"
            ecep:pron="ænd">and</w>
         <c> </c>
         <w xml:id="ojg27-045710"
            n="a-0500"
            ecep:lem="scope"
            ecep:pos="n1"
            ecep:reg="scope"
            ecep:spe="scope"
            ecep:syllab="1"
            ecep:pron="skəʊp">scope</w>
         <pc xml:id="ojg27-045720"
             n="a-0510"
             ecep:lem=","
             ecep:pos=","
             ecep:reg=","
             ecep:spe=",">,</pc>
      </l>
      <l n="6" xml:id="ojg27-l02360">
         <c> </c>
         <w xml:id="ojg27-045730"
            n="a-0520"
            ecep:lem="on"
            ecep:pos="p-acp"
            ecep:reg="On"
            ecep:spe="On"
            ecep:syllab="1"
            ecep:pron="ɒn">On</w>
         <c> </c>
         <w xml:id="ojg27-045740"
            n="a-0530"
            ecep:lem="these"
            ecep:pos="d"
            ecep:reg="these"
            ecep:spe="these"
            ecep:syllab="1"
            ecep:pron="ðiːz">these</w>
         <c> </c>
         <w xml:id="ojg27-045750"
            n="a-0540"
            ecep:lem="depend"
            ecep:pos="vvz"
            ecep:reg="depends"
            ecep:spe="depends"
            ecep:syllab="2"
            ecep:pron="dɪˈpendz">depends</w>
         <c> </c>
         <w xml:id="ojg27-045760"
            n="a-0550"
            ecep:lem="thy"
            ecep:pos="po21"
            ecep:reg="thy"
            ecep:spe="thy"
            ecep:syllab="1"
            ecep:pron="ðaɪ">thy</w>
         <c> </c>
         <w xml:id="ojg27-045770"
            n="a-0560"
            ecep:lem="future"
            ecep:pos="j-jn"
            ecep:reg="future"
            ecep:spe="future"
            ecep:syllab="2"
            ecep:pron="ˈfjuːtʃə">future</w>
         <c> </c>
         <w xml:id="ojg27-045780"
            n="a-0570"
            ecep:lem="hope"
            ecep:pos="n1"
            ecep:reg="hope"
            ecep:spe="hope"
            ecep:syllab="1"
            ecep:pron="həʊp">hope</w>
         <pc xml:id="ojg27-045790"
             n="a-0580"
             unit="sentence"
             ecep:lem="."
             ecep:pos="."
             ecep:reg="."
             ecep:spe=".">.</pc>
         <c> </c>
      </l>
   </lg>
   <pb n="30" rend="none"/>
   <lg xml:id="ojg27-s00340">
      <l n="7" rendition="#h_3" xml:id="ojg27-l02365">
         <w xml:id="ojg27-045820"
            n="a-0010"
            ecep:lem="as"
            ecep:pos="p-acp"
            ecep:reg="As"
            ecep:spe="As"
            ecep:syllab="1"
            ecep:pron="æz">As</w>
         <c> </c>
         <w xml:id="ojg27-045830"
            n="a-0020"
            ecep:lem="on"
            ecep:pos="p-acp"
            ecep:reg="on"
            ecep:spe="on"
            ecep:syllab="1"
            ecep:pron="ɒn">on</w>
         <c> </c>
         <w xml:id="ojg27-045840"
            n="a-0030"
            ecep:lem="a"
            ecep:pos="dt"
            ecep:reg="a"
            ecep:spe="a"
            ecep:syllab="1"
            ecep:pron="ə">a</w>
         <c> </c>
         <w xml:id="ojg27-045850"
            n="a-0040"
            ecep:lem="time"
            ecep:pos="n1"
            ecep:reg="time"
            ecep:spe="time"
            ecep:syllab="1"
            ecep:pron="taɪm">time</w>
         <pc xml:id="ojg27-045860"
             n="a-0050"
             ecep:lem=","
             ecep:pos=","
             ecep:reg=","
             ecep:spe=",">,</pc>
         <c> </c>
         <w xml:id="ojg27-045870"
            n="a-0060"
            ecep:lem="in"
            ecep:pos="p-acp"
            ecep:reg="in"
            ecep:spe="in"
            ecep:syllab="1"
            ecep:pron="ɪn">in</w>
         <c> </c>
         <w xml:id="ojg27-045880"
            n="a-0070"
            ecep:lem="peaceful"
            ecep:pos="j"
            ecep:reg="peaceful"
            ecep:spe="peaceful"
            ecep:syllab="2"
            ecep:pron="ˈpiːsfl">peaceful</w>
         <c> </c>
         <w xml:id="ojg27-045890"
            n="a-0080"
            ecep:lem="reign"
            ecep:pos="n1"
            ecep:reg="reign"
            ecep:spe="reign"
            ecep:syllab="1"
            ecep:pron="reɪn">reign</w>
         <pc xml:id="ojg27-045900"
             n="a-0090"
             ecep:lem=","
             ecep:pos=","
             ecep:reg=","
             ecep:spe=",">,</pc>
      </l>
      <l n="8" xml:id="ojg27-l02370">
         <c> </c>
         <w xml:id="ojg27-045910"
            n="a-0100"
            ecep:lem="a"
            ecep:pos="dt"
            ecep:reg="A"
            ecep:spe="A"
            ecep:syllab="1"
            ecep:pron="ə">A</w>
         <c> </c>
         <w xml:id="ojg27-045920"
            n="a-0110"
            ecep:lem="bull"
            ecep:pos="n1"
            ecep:reg="Bull"
            ecep:spe="Bull"
            ecep:syllab="1"
            ecep:pron="bʊl">Bull</w>
         <c> </c>
         <w xml:id="ojg27-045930"
            n="a-0120"
            ecep:lem="enjoy"
            ecep:pos="vvd"
            ecep:reg="enjoyed"
            ecep:spe="enjoy'd"
            ecep:syllab="2"
            ecep:pron="ɪnˈdʒɔɪd">enjoy'd</w>
         <c> </c>
         <w xml:id="ojg27-045940"
            n="a-0130"
            ecep:lem="the"
            ecep:pos="dt"
            ecep:reg="the"
            ecep:spe="the"
            ecep:syllab="1"
            ecep:pron="ðiː">the</w>
         <c> </c>
         <w xml:id="ojg27-045950"
            n="a-0140"
            ecep:lem="flowery"
            ecep:pos="j"
            ecep:reg="flowery"
            ecep:spe="flow'ry"
            ecep:syllab="2"
            ecep:pron="ˈflaʊri">flow'ry</w>
         <c> </c>
         <w xml:id="ojg27-045960"
            n="a-0150"
            ecep:lem="plain"
            ecep:pos="n1"
            ecep:reg="plain"
            ecep:spe="plain"
            ecep:syllab="1"
            ecep:pron="pleɪn">plain</w>
         <pc xml:id="ojg27-045970"
             n="a-0160"
             ecep:lem=","
             ecep:pos=","
             ecep:reg=","
             ecep:spe=",">,</pc>
      </l>
      <l n="9" xml:id="ojg27-l02375">
         <c> </c>
         <w xml:id="ojg27-045980"
            n="a-0170"
            ecep:lem="a"
            ecep:pos="dt"
            ecep:reg="A"
            ecep:spe="A"
            ecep:syllab="1"
            ecep:pron="ə">A</w>
         <c> </c>
         <w xml:id="ojg27-045990"
            n="a-0180"
            ecep:lem="mastiff"
            ecep:pos="n1"
            ecep:reg="Mastiff"
            ecep:spe="Mastiff"
            ecep:syllab="2"
            ecep:pron="ˈmæstɪf">Mastiff</w>
         <c> </c>
         <w xml:id="ojg27-046000"
            n="a-0190"
            ecep:lem="pass"
            ecep:pos="vvn"
            ecep:reg="passed"
            ecep:spe="pass'd"
            ecep:syllab="1"
            ecep:pron="pɑːst">pass'd</w>
         <pc xml:id="ojg27-046010"
             n="a-0200"
             ecep:lem=";"
             ecep:pos=";"
             ecep:reg=";"
             ecep:spe=";">;</pc>
         <c> </c>
         <w xml:id="ojg27-046020"
            n="a-0210"
            ecep:lem="inflame"
            ecep:pos="vvn"
            ecep:reg="inflamed"
            ecep:spe="inflam'd"
            ecep:syllab="2"
            ecep:pron="ɪnˈfleɪmd">inflam'd</w>
         <c> </c>
         <w xml:id="ojg27-046030"
            n="a-0220"
            ecep:lem="with"
            ecep:pos="p-acp"
            ecep:reg="with"
            ecep:spe="with"
            ecep:syllab="1"
            ecep:pron="wɪð">with</w>
         <c> </c>
         <w xml:id="ojg27-046040"
            n="a-0230"
            ecep:lem="ire"
            ecep:pos="n1"
            ecep:reg="ire"
            ecep:spe="ire"
            ecep:syllab="1"
            ecep:pron="æə">ire</w>
         <pc xml:id="ojg27-046050"
             n="a-0240"
             ecep:lem=","
             ecep:pos=","
             ecep:reg=","
             ecep:spe=",">,</pc>
      </l>
      <l n="10" xml:id="ojg27-l02380">
         <c> </c>
         <w xml:id="ojg27-046060"
            n="a-0250"
            ecep:lem="his"
            ecep:pos="po31"
            ecep:reg="His"
            ecep:spe="His"
            ecep:syllab="1"
            ecep:pron="hɪz">His</w>
         <c> </c>
         <w xml:id="ojg27-046070"
            n="a-0260"
            ecep:lem="eye-ball"
            ecep:pos="n2"
            ecep:reg="eyeballs"
            ecep:spe="eye-balls"
            ecep:syllab="2"
            ecep:pron="aɪˌbɔːlz">eye-balls</w>
         <c> </c>
         <w xml:id="ojg27-046080"
            n="a-0270"
            ecep:lem="shoot"
            ecep:pos="vvd"
            ecep:reg="shot"
            ecep:spe="shot"
            ecep:syllab="1"
            ecep:pron="ʃɒt">shot</w>
         <c> </c>
         <w xml:id="ojg27-046090"
            n="a-0280"
            ecep:lem="indignant"
            ecep:pos="j"
            ecep:reg="indignant"
            ecep:spe="indignant"
            ecep:syllab="3"
            ecep:pron="ɪnˈdɪgnənt">indignant</w>
         <c> </c>
         <w xml:id="ojg27-046100"
            n="a-0290"
            ecep:lem="fire"
            ecep:pos="n1"
            ecep:reg="fire"
            ecep:spe="fire"
            ecep:syllab="1"
            ecep:pron="fæə">fire</w>
         <pc xml:id="ojg27-046110"
             n="a-0300"
             ecep:lem=","
             ecep:pos=","
             ecep:reg=","
             ecep:spe=",">,</pc>
      </l>
      <l n="11" xml:id="ojg27-l02385">
         <c> </c>
         <w xml:id="ojg27-046120"
            n="a-0310"
            ecep:lem="he"
            ecep:pos="pns31"
            ecep:reg="He"
            ecep:spe="He"
            ecep:syllab="1"
            ecep:pron="hiː">He</w>
         <c> </c>
         <w xml:id="ojg27-046130"
            n="a-0320"
            ecep:lem="foam"
            ecep:pos="vvd"
            ecep:reg="foamed"
            ecep:spe="foam'd"
            ecep:syllab="1"
            ecep:pron="fəʊmd">foam'd</w>
         <pc xml:id="ojg27-046140"
             n="a-0330"
             ecep:lem=","
             ecep:pos=","
             ecep:reg=","
             ecep:spe=",">,</pc>
         <c> </c>
         <w xml:id="ojg27-046150"
            n="a-0340"
            ecep:lem="he"
            ecep:pos="pns31"
            ecep:reg="he"
            ecep:spe="he"
            ecep:syllab="1"
            ecep:pron="hiː">he</w>
         <c> </c>
         <w xml:id="ojg27-046160"
            n="a-0350"
            ecep:lem="rage"
            ecep:pos="vvd"
            ecep:reg="raged"
            ecep:spe="rag'd"
            ecep:syllab="1"
            ecep:pron="reɪdʒd">rag'd</w>
         <c> </c>
         <w xml:id="ojg27-046170"
            n="a-0360"
            ecep:lem="with"
            ecep:pos="p-acp"
            ecep:reg="with"
            ecep:spe="with"
            ecep:syllab="1"
            ecep:pron="wɪð">with</w>
         <c> </c>
         <w xml:id="ojg27-046180"
            n="a-0370"
            ecep:lem="thirst"
            ecep:pos="n1"
            ecep:reg="thirst"
            ecep:spe="thirst"
            ecep:syllab="1"
            ecep:pron="θɜːst">thirst</w>
         <c> </c>
         <w xml:id="ojg27-046190"
            n="a-0380"
            ecep:lem="of"
            ecep:pos="pp-f"
            ecep:reg="of"
            ecep:spe="of"
            ecep:syllab="1"
            ecep:pron="ɒv">of</w>
         <c> </c>
         <w xml:id="ojg27-046200"
            n="a-0390"
            ecep:lem="blood"
            ecep:pos="n1"
            ecep:reg="blood"
            ecep:spe="blood"
            ecep:syllab="1"
            ecep:pron="blʌd">blood</w>
         <pc xml:id="ojg27-046210"
             n="a-0400"
             unit="sentence"
             ecep:lem="."
             ecep:pos="."
             ecep:reg="."
             ecep:spe=".">.</pc>
         <c> </c>
      </l>
   </lg>
   <lg xml:id="ojg27-s00345">
      <l n="12" rendition="#h_3" xml:id="ojg27-l02390">
         <w xml:id="ojg27-046240"
            n="a-0410"
            ecep:lem="spurn"
            ecep:pos="vvg"
            ecep:reg="Spurning"
            ecep:spe="Spurning"
            ecep:syllab="2"
            ecep:pron="spɜːnɪŋ">Spurning</w>
         <c> </c>
         <w xml:id="ojg27-046250"
            n="a-0420"
            ecep:lem="the"
            ecep:pos="dt"
            ecep:reg="the"
            ecep:spe="the"
            ecep:syllab="1"
            ecep:pron="ðiː">the</w>
         <c> </c>
         <w xml:id="ojg27-046260"
            n="a-0430"
            ecep:lem="ground"
            ecep:pos="n1"
            ecep:reg="ground"
            ecep:spe="ground"
            ecep:syllab="1"
            ecep:pron="graʊnd">ground</w>
         <c> </c>
         <w xml:id="ojg27-046270"
            n="a-0440"
            ecep:lem="the"
            ecep:pos="dt"
            ecep:reg="the"
            ecep:spe="the"
            ecep:syllab="1"
            ecep:pron="ðiː">the</w>
         <c> </c>
         <w xml:id="ojg27-046280"
            n="a-0450"
            ecep:lem="monarch"
            ecep:pos="n1"
            ecep:reg="monarch"
            ecep:spe="monarch"
            ecep:syllab="2"
            ecep:pron="ˈmɒnək">monarch</w>
         <c> </c>
         <w xml:id="ojg27-046290"
            n="a-0460"
            ecep:lem="stand"
            ecep:pos="vvd"
            ecep:reg="stood"
            ecep:spe="stood"
            ecep:syllab="1"
            ecep:pron="stʊd">stood</w>
         <pc xml:id="ojg27-046300"
             n="a-0470"
             ecep:lem=","
             ecep:pos=","
             ecep:reg=","
             ecep:spe=",">,</pc>
      </l>
      <l n="13" xml:id="ojg27-l02395">
         <c> </c>
         <w xml:id="ojg27-046310"
            n="a-0480"
            ecep:lem="and"
            ecep:pos="cc"
            ecep:reg="And"
            ecep:spe="And"
            ecep:syllab="1"
            ecep:pron="ænd">And</w>
         <c> </c>
         <w xml:id="ojg27-046320"
            n="a-0490"
            ecep:lem="roar"
            ecep:pos="vvd"
            ecep:reg="roared"
            ecep:spe="roar'd"
            ecep:syllab="1"
            ecep:pron="rɔːd">roar'd</w>
         <c> </c>
         <w xml:id="ojg27-046330"
            n="a-0500"
            ecep:lem="aloud"
            ecep:pos="av"
            ecep:reg="aloud"
            ecep:spe="aloud"
            ecep:syllab="2"
            ecep:pron="əˈlaʊd">aloud</w>
         <pc xml:id="ojg27-046340"
             n="a-0510"
             unit="sentence"
             ecep:lem="."
             ecep:pos="."
             ecep:reg="."
             ecep:spe=".">.</pc>
         <c> </c>
         <w xml:id="ojg27-046350"
            n="a-0520"
            ecep:lem="suspend"
            ecep:pos="vvb"
            ecep:reg="Suspend"
            ecep:spe="Suspend"
            ecep:syllab="2"
            ecep:pron="səˈspend">Suspend</w>
         <c> </c>
         <w xml:id="ojg27-046360"
            n="a-0530"
            ecep:lem="the"
            ecep:pos="dt"
            ecep:reg="the"
            ecep:spe="the"
            ecep:syllab="1"
            ecep:pron="ðiː">the</w>
         <c> </c>
         <w xml:id="ojg27-046370"
            n="a-0540"
            ecep:lem="fight"
            ecep:pos="n1"
            ecep:reg="fight"
            ecep:spe="fight"
            ecep:syllab="1"
            ecep:pron="faɪt">fight</w>
         <pc xml:id="ojg27-046380"
             n="a-0550"
             ecep:lem=","
             ecep:pos=","
             ecep:reg=","
             ecep:spe=",">,</pc>
      </l>
      <l n="14" xml:id="ojg27-l02400">
         <c> </c>
         <w xml:id="ojg27-046390"
            n="a-0560"
            ecep:lem="in"
            ecep:pos="p-acp"
            ecep:reg="In"
            ecep:spe="In"
            ecep:syllab="1"
            ecep:pron="ɪn">In</w>
         <c> </c>
         <w xml:id="ojg27-046400"
            n="a-0570"
            ecep:lem="a"
            ecep:pos="dt"
            ecep:reg="a"
            ecep:spe="a"
            ecep:syllab="1"
            ecep:pron="ə">a</w>
         <c> </c>
         <w xml:id="ojg27-046410"
            n="a-0580"
            ecep:lem="whole"
            ecep:pos="j-jn"
            ecep:reg="whole"
            ecep:spe="whole"
            ecep:syllab="1"
            ecep:pron="həʊl">whole</w>
         <c> </c>
         <w xml:id="ojg27-046420"
            n="a-0590"
            ecep:lem="skin"
            ecep:pos="n1"
            ecep:reg="skin"
            ecep:spe="skin"
            ecep:syllab="1"
            ecep:pron="skɪn">skin</w>
         <pc xml:id="ojg27-046430"
             n="a-0600"
             ecep:lem=","
             ecep:pos=","
             ecep:reg=","
             ecep:spe=",">,</pc>
         <c> </c>
         <w xml:id="ojg27-046440"
            n="a-0610"
            ecep:lem="go"
            ecep:pos="vvb"
            ecep:reg="go"
            ecep:spe="go"
            ecep:syllab="1"
            ecep:pron="gəʊ">go</w>
         <pc xml:id="ojg27-046450"
             n="a-0620"
             ecep:lem=","
             ecep:pos=","
             ecep:reg=","
             ecep:spe=",">,</pc>
         <c> </c>
         <w xml:id="ojg27-046460"
            n="a-0630"
            ecep:lem="sleep"
            ecep:pos="vvb"
            ecep:reg="sleep"
            ecep:spe="sleep"
            ecep:syllab="1"
            ecep:pron="sliːp">sleep</w>
         <c> </c>
         <w xml:id="ojg27-046470"
            n="a-0640"
            ecep:lem="tonight"
            ecep:pos="av-an"
            ecep:reg="tonight"
            ecep:spe="to-night"
            ecep:syllab="2"
            ecep:pron="təˈnaɪt">to-night</w>
         <pc xml:id="ojg27-046480"
             n="a-0650"
             ecep:lem=";"
             ecep:pos=";"
             ecep:reg=";"
             ecep:spe=";">;</pc>
      </l>
      <l n="15" xml:id="ojg27-l02405">
         <c> </c>
         <w xml:id="ojg27-046490"
            n="a-0660"
            ecep:lem="or"
            ecep:pos="cc"
            ecep:reg="Or"
            ecep:spe="Or"
            ecep:syllab="1"
            ecep:pron="ɔː">Or</w>
         <c> </c>
         <w xml:id="ojg27-046500"
            n="a-0670"
            ecep:lem="tell"
            ecep:pos="vvb"
            ecep:reg="tell"
            ecep:spe="tell"
            ecep:syllab="1"
            ecep:pron="tel">tell</w>
         <c> </c>
         <w xml:id="ojg27-046510"
            n="a-0680"
            ecep:lem="i"
            ecep:pos="pno11"
            ecep:reg="me"
            ecep:spe="me"
            ecep:syllab="1"
            ecep:pron="miː">me</w>
         <pc xml:id="ojg27-046520"
             n="a-0690"
             ecep:lem=","
             ecep:pos=","
             ecep:reg=","
             ecep:spe=",">,</pc>
         <c> </c>
         <w xml:id="ojg27-046530"
            n="a-0700"
            ecep:lem="ere"
            ecep:pos="c-acp"
            ecep:reg="ere"
            ecep:spe="ere"
            ecep:syllab="1"
            ecep:pron="eə">ere</w>
         <c> </c>
         <w xml:id="ojg27-046540"
            n="a-0710"
            ecep:lem="the"
            ecep:pos="dt"
            ecep:reg="the"
            ecep:spe="the"
            ecep:syllab="1"
            ecep:pron="ðiː">the</w>
         <c> </c>
         <w xml:id="ojg27-046550"
            n="a-0720"
            ecep:lem="battle"
            ecep:pos="n1"
            ecep:reg="battle"
            ecep:spe="battel"
            ecep:syllab="2"
            ecep:pron="ˈbætl">battel</w>
         <c> </c>
         <w xml:id="ojg27-046560"
            n="a-0730"
            ecep:lem="rage"
            ecep:pos="n1"
            ecep:reg="rage"
            ecep:spe="rage"
            ecep:syllab="1"
            ecep:pron="reɪdʒ">rage</w>
         <pc xml:id="ojg27-046570"
             n="a-0740"
             ecep:lem=","
             ecep:pos=","
             ecep:reg=","
             ecep:spe=",">,</pc>
      </l>
      <l n="16" xml:id="ojg27-l02410">
         <c> </c>
         <w xml:id="ojg27-046580"
            n="a-0750"
            ecep:lem="what"
            ecep:pos="q-crq"
            ecep:reg="What"
            ecep:spe="What"
            ecep:syllab="1"
            ecep:pron="wɒt">What</w>
         <c> </c>
         <w xml:id="ojg27-046590"
            n="a-0760"
            ecep:lem="wrong"
            ecep:pos="n2-jn"
            ecep:reg="wrongs"
            ecep:spe="wrongs"
            ecep:syllab="1"
            ecep:pron="rɒŋz">wrongs</w>
         <c> </c>
         <w xml:id="ojg27-046600"
            n="a-0770"
            ecep:lem="provoke"
            ecep:pos="vvi"
            ecep:reg="provoke"
            ecep:spe="provoke"
            ecep:syllab="2"
            ecep:pron="prəˈvəʊk">provoke</w>
         <c> </c>
         <w xml:id="ojg27-046610"
            n="a-0780"
            ecep:lem="thou"
            ecep:pos="pno21"
            ecep:reg="thee"
            ecep:spe="thee"
            ecep:syllab="1"
            ecep:pron="ðiː">thee</w>
         <c> </c>
         <w xml:id="ojg27-046620"
            n="a-0790"
            ecep:lem="to"
            ecep:pos="pc-acp"
            ecep:reg="to"
            ecep:spe="to"
            ecep:syllab="1"
            ecep:pron="tuː">to</w>
         <c> </c>
         <w xml:id="ojg27-046630"
            n="a-0800"
            ecep:lem="engage"
            ecep:pos="vvi"
            ecep:reg="engage"
            ecep:spe="engage"
            ecep:syllab="2"
            ecep:pron="ɪnˈgeɪdʒ">engage</w>
         <pc xml:id="ojg27-046640"
             n="a-0810"
             unit="sentence"
             ecep:lem="?"
             ecep:pos="?"
             ecep:reg="?"
             ecep:spe="?">?</pc>
         <c> </c>
      </l>
      <l n="17" xml:id="ojg27-l02415">
         <w xml:id="ojg27-046650"
            n="a-0820"
            ecep:lem="be"
            ecep:pos="vbz"
            ecep:reg="Is"
            ecep:spe="Is"
            ecep:syllab="1"
            ecep:pron="ɪz">Is</w>
         <c> </c>
         <w xml:id="ojg27-046660"
            n="a-0830"
            ecep:lem="it"
            ecep:pos="pn31"
            ecep:reg="it"
            ecep:spe="it"
            ecep:syllab="1"
            ecep:pron="ɪt">it</w>
         <c> </c>
         <w xml:id="ojg27-046670"
            n="a-0840"
            ecep:lem="ambition"
            ecep:pos="n1"
            ecep:reg="ambition"
            ecep:spe="ambition"
            ecep:syllab="3"
            ecep:pron="æmˈbɪʃn">ambition</w>
         <c> </c>
         <w xml:id="ojg27-046680"
            n="a-0850"
            ecep:lem="fire"
            ecep:pos="vvz"
            ecep:reg="fires"
            ecep:spe="fires"
            ecep:syllab="1"
            ecep:pron="fæəz">fires</w>
         <c> </c>
         <w xml:id="ojg27-046690"
            n="a-0860"
            ecep:lem="thy"
            ecep:pos="po21"
            ecep:reg="thy"
            ecep:spe="thy"
            ecep:syllab="1"
            ecep:pron="ðaɪ">thy</w>
         <c> </c>
         <w xml:id="ojg27-046700"
            n="a-0870"
            ecep:lem="breast"
            ecep:pos="n1"
            ecep:reg="breast"
            ecep:spe="breast"
            ecep:syllab="1"
            ecep:pron="brest">breast</w>
         <pc xml:id="ojg27-046710"
             n="a-0880"
             ecep:lem=","
             ecep:pos=","
             ecep:reg=","
             ecep:spe=",">,</pc>
      </l>
      <l n="18" xml:id="ojg27-l02420">
         <c> </c>
         <w xml:id="ojg27-046720"
            n="a-0890"
            ecep:lem="or"
            ecep:pos="cc"
            ecep:reg="Or"
            ecep:spe="Or"
            ecep:syllab="1"
            ecep:pron="ɔː">Or</w>
         <c> </c>
         <w xml:id="ojg27-046730"
            n="a-0900"
            ecep:lem="avarice"
            ecep:pos="n1"
            ecep:reg="avarice"
            ecep:spe="avarice"
            ecep:syllab="3"
            ecep:pron="ˈævrɪs">avarice</w>
         <c> </c>
         <w xml:id="ojg27-046740"
            n="a-0910"
            ecep:lem="that"
            ecep:pos="cst"
            ecep:reg="that"
            ecep:spe="that"
            ecep:syllab="1"
            ecep:pron="ðæt">that</w>
         <c> </c>
         <w xml:id="ojg27-046750"
            n="a-0920"
            ecep:lem="never"
            ecep:pos="av-x"
            ecep:reg="never"
            ecep:spe="ne'er"
            ecep:syllab="1"
            ecep:pron="neə">ne'er</w>
         <c> </c>
         <w xml:id="ojg27-046760"
            n="a-0930"
            ecep:lem="can"
            ecep:pos="vmb"
            ecep:reg="can"
            ecep:spe="can"
            ecep:syllab="1"
            ecep:pron="kæn">can</w>
         <c> </c>
         <w xml:id="ojg27-046770"
            n="a-0940"
            ecep:lem="rest"
            ecep:pos="vvi"
            ecep:reg="rest"
            ecep:spe="rest"
            ecep:syllab="1"
            ecep:pron="rest">rest</w>
         <pc xml:id="ojg27-046780"
             n="a-0950"
             unit="sentence"
             ecep:lem="?"
             ecep:pos="?"
             ecep:reg="?"
             ecep:spe="?">?</pc>
         <c> </c>
      </l>
      <l n="19" xml:id="ojg27-l02425">
         <w xml:id="ojg27-046790"
            n="a-0960"
            ecep:lem="from"
            ecep:pos="p-acp"
            ecep:reg="From"
            ecep:spe="From"
            ecep:syllab="1"
            ecep:pron="frɒm">From</w>
         <c> </c>
         <w xml:id="ojg27-046800"
            n="a-0970"
            ecep:lem="these"
            ecep:pos="d"
            ecep:reg="these"
            ecep:spe="these"
            ecep:syllab="1"
            ecep:pron="ðiːz">these</w>
         <c> </c>
         <w xml:id="ojg27-046810"
            n="a-0980"
            ecep:lem="alone"
            ecep:pos="av-j"
            ecep:reg="alone"
            ecep:spe="alone"
            ecep:syllab="2"
            ecep:pron="əˈləʊn">alone</w>
         <c> </c>
         <w xml:id="ojg27-046820"
            n="a-0990"
            ecep:lem="unjust"
            ecep:pos="av-j"
            ecep:reg="unjustly"
            ecep:spe="unjustly"
            ecep:syllab="3"
            ecep:pron="ʌnˈdʒʌstli">unjustly</w>
         <c> </c>
         <w xml:id="ojg27-046830"
            n="a-1000"
            ecep:lem="spring"
            ecep:pos="vvz"
            ecep:reg="springs"
            ecep:spe="springs"
            ecep:syllab="1"
            ecep:pron="sprɪŋz">springs</w>
      </l>
      <l n="20" xml:id="ojg27-l02430">
         <c> </c>
         <w xml:id="ojg27-046840"
            n="a-1010"
            ecep:lem="the"
            ecep:pos="dt"
            ecep:reg="The"
            ecep:spe="The"
            ecep:syllab="1"
            ecep:pron="ðiː">The</w>
         <c> </c>
         <w xml:id="ojg27-046850"
            n="a-1020"
            ecep:lem="world-destroying"
            ecep:pos="j"
            ecep:reg="world-destroying"
            ecep:spe="world-destroying"
            ecep:syllab="3"
            ecep:pron="wɜːldˌdɪˈstrɔɪɪŋ">world-destroying</w>
         <c> </c>
         <w xml:id="ojg27-046860"
            n="a-1030"
            ecep:lem="wrath"
            ecep:pos="n1"
            ecep:reg="wrath"
            ecep:spe="wrath"
            ecep:syllab="1"
            ecep:pron="rɒθ">wrath</w>
         <c> </c>
         <w xml:id="ojg27-046870"
            n="a-1040"
            ecep:lem="of"
            ecep:pos="pp-f"
            ecep:reg="of"
            ecep:spe="of"
            ecep:syllab="1"
            ecep:pron="ɒv">of</w>
         <c> </c>
         <w xml:id="ojg27-046880"
            n="a-1050"
            ecep:lem="king"
            ecep:pos="n2"
            ecep:reg="Kings"
            ecep:spe="Kings"
            ecep:syllab="1"
            ecep:pron="kɪŋz">Kings</w>
         <pc xml:id="ojg27-046890"
             n="a-1060"
             unit="sentence"
             ecep:lem="."
             ecep:pos="."
             ecep:reg="."
             ecep:spe=".">.</pc>
         <c> </c>
      </l>
   </lg>
   <lg xml:id="ojg27-s00350">
      <l n="21" rendition="#h_3" xml:id="ojg27-l02435">
         <w xml:id="ojg27-046920"
            n="a-1070"
            ecep:lem="the"
            ecep:pos="dt"
            ecep:reg="The"
            ecep:spe="The"
            ecep:syllab="1"
            ecep:pron="ðiː">The</w>
         <c> </c>
         <w xml:id="ojg27-046930"
            n="a-1080"
            ecep:lem="surly"
            ecep:pos="j"
            ecep:reg="surly"
            ecep:spe="surly"
            ecep:syllab="2"
            ecep:pron="ˈsɜːli">surly</w>
         <c> </c>
         <w xml:id="ojg27-046940"
            n="a-1090"
            ecep:lem="mastiff"
            ecep:pos="n1"
            ecep:reg="Mastiff"
            ecep:spe="Mastiff"
            ecep:syllab="2"
            ecep:pron="ˈmæstɪf">Mastiff</w>
         <c> </c>
         <w xml:id="ojg27-046950"
            n="a-1100"
            ecep:lem="thus"
            ecep:pos="av"
            ecep:reg="thus"
            ecep:spe="thus"
            ecep:syllab="1"
            ecep:pron="ðʌs">thus</w>
         <c> </c>
         <w xml:id="ojg27-046960"
            n="a-1110"
            ecep:lem="return"
            ecep:pos="vvz"
            ecep:reg="returns"
            ecep:spe="returns"
            ecep:syllab="2"
            ecep:pron="rɪˈtɜːnz">returns</w>
         <pc xml:id="ojg27-046970"
             n="a-1120"
             unit="sentence"
             ecep:lem="."
             ecep:pos="."
             ecep:reg="."
             ecep:spe=".">.</pc>
         <c> </c>
      </l>
      <l n="22" xml:id="ojg27-l02440">
         <w xml:id="ojg27-046980"
            n="a-1130"
            ecep:lem="within"
            ecep:pos="p-acp"
            ecep:reg="Within"
            ecep:spe="Within"
            ecep:syllab="2"
            ecep:pron="wɪˈðɪn">Within</w>
         <c> </c>
         <w xml:id="ojg27-046990"
            n="a-1140"
            ecep:lem="my"
            ecep:pos="po11"
            ecep:reg="my"
            ecep:spe="my"
            ecep:syllab="1"
            ecep:pron="maɪ">my</w>
         <c> </c>
         <w xml:id="ojg27-047000"
            n="a-1150"
            ecep:lem="bosom"
            ecep:pos="n1"
            ecep:reg="bosom"
            ecep:spe="bosom"
            ecep:syllab="2"
            ecep:pron="ˈbʊzm">bosom</w>
         <c> </c>
         <w xml:id="ojg27-047010"
            n="a-1160"
            ecep:lem="glory"
            ecep:pos="n1"
            ecep:reg="glory"
            ecep:spe="glory"
            ecep:syllab="2"
            ecep:pron="ˈglɔːri">glory</w>
         <c> </c>
         <w xml:id="ojg27-047020"
            n="a-1170"
            ecep:lem="burn"
            ecep:pos="vvz"
            ecep:reg="burns"
            ecep:spe="burns"
            ecep:syllab="1"
            ecep:pron="bɜːnz">burns</w>
         <pc xml:id="ojg27-047030"
             n="a-1180"
             unit="sentence"
             ecep:lem="."
             ecep:pos="."
             ecep:reg="."
             ecep:spe=".">.</pc>
         <c> </c>
      </l>
      <l n="23" xml:id="ojg27-l02445">
         <w xml:id="ojg27-047040"
            n="a-1190"
            ecep:lem="like"
            ecep:pos="j"
            ecep:reg="Like"
            ecep:spe="Like"
            ecep:syllab="1"
            ecep:pron="laɪk">Like</w>
         <c> </c>
         <w xml:id="ojg27-047050"
            n="a-1200"
            ecep:lem="hero"
            ecep:pos="n2"
            ecep:reg="heroes"
            ecep:spe="heroes"
            ecep:syllab="2"
            ecep:pron="ˈhɪərəʊz">heroes</w>
         <c> </c>
         <w xml:id="ojg27-047060"
            n="a-1210"
            ecep:lem="of"
            ecep:pos="pp-f"
            ecep:reg="of"
            ecep:spe="of"
            ecep:syllab="1"
            ecep:pron="ɒv">of</w>
         <c> </c>
         <w xml:id="ojg27-047070"
            n="a-1220"
            ecep:lem="eternal"
            ecep:pos="j"
            ecep:reg="eternal"
            ecep:spe="eternal"
            ecep:syllab="3"
            ecep:pron="ɪˈtɜːnl">eternal</w>
         <c> </c>
         <w xml:id="ojg27-047080"
            n="a-1230"
            ecep:lem="name"
            ecep:pos="n1"
            ecep:reg="name"
            ecep:spe="name"
            ecep:syllab="1"
            ecep:pron="neɪm">name</w>
         <pc xml:id="ojg27-047090"
             n="a-1240"
             ecep:lem=","
             ecep:pos=","
             ecep:reg=","
             ecep:spe=",">,</pc>
      </l>
      <l n="24" xml:id="ojg27-l02450">
         <c> </c>
         <w xml:id="ojg27-047100"
            n="a-1250"
            ecep:lem="who"
            ecep:pos="r-crq"
            ecep:reg="Whom"
            ecep:spe="Whom"
            ecep:syllab="1"
            ecep:pron="huːm">Whom</w>
         <c> </c>
         <w xml:id="ojg27-047110"
            n="a-1260"
            ecep:lem="poet"
            ecep:pos="n2"
            ecep:reg="poets"
            ecep:spe="poets"
            ecep:syllab="2"
            ecep:pron="ˈpəʊɪts">poets</w>
         <c> </c>
         <w xml:id="ojg27-047120"
            n="a-1270"
            ecep:lem="sing"
            ecep:pos="vvb"
            ecep:reg="sing"
            ecep:spe="sing"
            ecep:syllab="1"
            ecep:pron="sɪŋ">sing</w>
         <pc xml:id="ojg27-047130"
             n="a-1280"
             ecep:lem=","
             ecep:pos=","
             ecep:reg=","
             ecep:spe=",">,</pc>
         <c> </c>
         <w xml:id="ojg27-047140"
            n="a-1290"
            ecep:lem="i"
            ecep:pos="pns11"
            ecep:reg="I"
            ecep:spe="I"
            ecep:syllab="1"
            ecep:pron="aɪ">I</w>
         <c> </c>
         <w xml:id="ojg27-047150"
            n="a-1300"
            ecep:lem="fight"
            ecep:pos="vvb"
            ecep:reg="fight"
            ecep:spe="fight"
            ecep:syllab="1"
            ecep:pron="faɪt">fight</w>
         <c> </c>
         <w xml:id="ojg27-047160"
            n="a-1310"
            ecep:lem="for"
            ecep:pos="p-acp"
            ecep:reg="for"
            ecep:spe="for"
            ecep:syllab="1"
            ecep:pron="fɔː">for</w>
         <c> </c>
         <w xml:id="ojg27-047170"
            n="a-1320"
            ecep:lem="fame"
            ecep:pos="n1"
            ecep:reg="fame"
            ecep:spe="fame"
            ecep:syllab="1"
            ecep:pron="feɪm">fame</w>
         <pc xml:id="ojg27-047180"
             n="a-1330"
             ecep:lem=":"
             ecep:pos=":"
             ecep:reg=":"
             ecep:spe=":">:</pc>
      </l>
      <l n="25" xml:id="ojg27-l02455">
         <c> </c>
         <w xml:id="ojg27-047190"
            n="a-1340"
            ecep:lem="the"
            ecep:pos="dt"
            ecep:reg="The"
            ecep:spe="The"
            ecep:syllab="1"
            ecep:pron="ðiː">The</w>
         <c> </c>
         <w xml:id="ojg27-047200"
            n="a-1350"
            ecep:lem="butcher"
            ecep:pos="n1|vbz"
            ecep:reg="butcher's"
            ecep:spe="butcher's"
            ecep:syllab="2"
            ecep:pron="ˈbʊtʃəz">butcher's</w>
         <c> </c>
         <w xml:id="ojg27-047210"
            n="a-1360"
            ecep:lem="spirit-stirring"
            ecep:pos="j"
            ecep:reg="spirit-stirring"
            ecep:spe="spirit-stirring"
            ecep:syllab="4"
            ecep:pron="ˈspɪrɪtˌstɜːɪŋ">spirit-stirring</w>
         <c> </c>
         <w xml:id="ojg27-047220"
            n="a-1370"
            ecep:lem="mind"
            ecep:pos="n1"
            ecep:reg="mind"
            ecep:spe="mind"
            ecep:syllab="1"
            ecep:pron="maɪnd">mind</w>
      </l>
      <l n="26" xml:id="ojg27-l02460">
         <c> </c>
         <w xml:id="ojg27-047230"
            n="a-1380"
            ecep:lem="to"
            ecep:pos="p-acp"
            ecep:reg="To"
            ecep:spe="To"
            ecep:syllab="1"
            ecep:pron="tuː">To</w>
         <c> </c>
         <w xml:id="ojg27-047240"
            n="a-1390"
            ecep:lem="daily"
            ecep:pos="j"
            ecep:reg="daily"
            ecep:spe="daily"
            ecep:syllab="2"
            ecep:pron="ˈdeɪli">daily</w>
         <c> </c>
         <w xml:id="ojg27-047250"
            n="a-1400"
            ecep:lem="war"
            ecep:pos="n1"
            ecep:reg="war"
            ecep:spe="war"
            ecep:syllab="1"
            ecep:pron="wɔː">war</w>
         <c> </c>
         <w xml:id="ojg27-047260"
            n="a-1410"
            ecep:lem="my"
            ecep:pos="po11"
            ecep:reg="my"
            ecep:spe="my"
            ecep:syllab="1"
            ecep:pron="maɪ">my</w>
         <c> </c>
         <w xml:id="ojg27-047270"
            n="a-1420"
            ecep:lem="youth"
            ecep:pos="n1"
            ecep:reg="youth"
            ecep:spe="youth"
            ecep:syllab="1"
            ecep:pron="juːθ">youth</w>
         <c> </c>
         <w xml:id="ojg27-047280"
            n="a-1430"
            ecep:lem="incline"
            ecep:pos="vvd"
            ecep:reg="inclined"
            ecep:spe="inclin'd"
            ecep:syllab="2"
            ecep:pron="ɪnˈklaɪnd">inclin'd</w>
         <pc xml:id="ojg27-047290"
             n="a-1440"
             ecep:lem=","
             ecep:pos=","
             ecep:reg=","
             ecep:spe=",">,</pc>
      </l>
      <pb n="31" rend="none"/>
      <l n="27" xml:id="ojg27-l02465">
         <c> </c>
         <w xml:id="ojg27-047300"
            n="a-0010"
            ecep:lem="he"
            ecep:pos="pns31"
            ecep:reg="He"
            ecep:spe="He"
            ecep:syllab="1"
            ecep:pron="hiː">He</w>
         <c> </c>
         <w xml:id="ojg27-047310"
            n="a-0020"
            ecep:lem="train"
            ecep:pos="vvd"
            ecep:reg="trained"
            ecep:spe="train'd"
            ecep:syllab="1"
            ecep:pron="treɪnd">train'd</w>
         <c> </c>
         <w xml:id="ojg27-047320"
            n="a-0030"
            ecep:lem="i"
            ecep:pos="pno11"
            ecep:reg="me"
            ecep:spe="me"
            ecep:syllab="1"
            ecep:pron="miː">me</w>
         <c> </c>
         <w xml:id="ojg27-047330"
            n="a-0040"
            ecep:lem="to"
            ecep:pos="p-acp"
            ecep:reg="to"
            ecep:spe="to"
            ecep:syllab="1"
            ecep:pron="tuː">to</w>
         <c> </c>
         <w xml:id="ojg27-047340"
            n="a-0050"
            ecep:lem="heroic"
            ecep:pos="j"
            ecep:reg="heroic"
            ecep:spe="heroic"
            ecep:syllab="3"
            ecep:pron="hɪˈrəʊɪk">heroic</w>
         <c> </c>
         <w xml:id="ojg27-047350"
            n="a-0060"
            ecep:lem="deed"
            ecep:pos="n1"
            ecep:reg="deed"
            ecep:spe="deed"
            ecep:syllab="1"
            ecep:pron="diːd">deed</w>
         <pc xml:id="ojg27-047360"
             n="a-0070"
             ecep:lem=","
             ecep:pos=","
             ecep:reg=","
             ecep:spe=",">,</pc>
      </l>
      <l n="28" xml:id="ojg27-l02470">
         <c> </c>
         <w xml:id="ojg27-047370"
            n="a-0080"
            ecep:lem="teach"
            ecep:pos="vvd"
            ecep:reg="Taught"
            ecep:spe="Taught"
            ecep:syllab="1"
            ecep:pron="tɔːt">Taught</w>
         <c> </c>
         <w xml:id="ojg27-047380"
            n="a-0090"
            ecep:lem="i"
            ecep:pos="pno11"
            ecep:reg="me"
            ecep:spe="me"
            ecep:syllab="1"
            ecep:pron="miː">me</w>
         <c> </c>
         <w xml:id="ojg27-047390"
            n="a-0100"
            ecep:lem="to"
            ecep:pos="pc-acp"
            ecep:reg="to"
            ecep:spe="to"
            ecep:syllab="1"
            ecep:pron="tuː">to</w>
         <c> </c>
         <w xml:id="ojg27-047400"
            n="a-0110"
            ecep:lem="conquer"
            ecep:pos="vvi"
            ecep:reg="conquer"
            ecep:spe="conquer"
            ecep:syllab="2"
            ecep:pron="ˈkɒŋkə">conquer</w>
         <c> </c>
         <w xml:id="ojg27-047410"
            n="a-0120"
            ecep:lem="or"
            ecep:pos="cc"
            ecep:reg="or"
            ecep:spe="or"
            ecep:syllab="1"
            ecep:pron="ɔː">or</w>
         <c> </c>
         <w xml:id="ojg27-047420"
            n="a-0130"
            ecep:lem="to"
            ecep:pos="pc-acp"
            ecep:reg="to"
            ecep:spe="to"
            ecep:syllab="1"
            ecep:pron="tuː">to</w>
         <c> </c>
         <w xml:id="ojg27-047430"
            n="a-0140"
            ecep:lem="bleed"
            ecep:pos="vvi"
            ecep:reg="bleed"
            ecep:spe="bleed"
            ecep:syllab="1"
            ecep:pron="bliːd">bleed</w>
         <pc xml:id="ojg27-047440"
             n="a-0150"
             unit="sentence"
             ecep:lem="."
             ecep:pos="."
             ecep:reg="."
             ecep:spe=".">.</pc>
         <c> </c>
      </l>
   </lg>
   <lg xml:id="ojg27-s00355">
      <l n="29" rendition="#h_3" xml:id="ojg27-l02475">
         <w xml:id="ojg27-047470"
            n="a-0160"
            ecep:lem="curse"
            ecep:pos="j-vvn"
            ecep:reg="Cursed"
            ecep:spe="Curst"
            ecep:syllab="1"
            ecep:pron="kɜːst">Curst</w>
         <c> </c>
         <w xml:id="ojg27-047480"
            n="a-0170"
            ecep:lem="dog"
            ecep:pos="n1"
            ecep:reg="dog"
            ecep:spe="dog"
            ecep:syllab="1"
            ecep:pron="dɒg">dog</w>
         <pc xml:id="ojg27-047490"
             n="a-0180"
             ecep:lem=","
             ecep:pos=","
             ecep:reg=","
             ecep:spe=",">,</pc>
         <c> </c>
         <w xml:id="ojg27-047500"
            n="a-0190"
            ecep:lem="the"
            ecep:pos="dt"
            ecep:reg="the"
            ecep:spe="the"
            ecep:syllab="1"
            ecep:pron="ðiː">the</w>
         <c> </c>
         <w xml:id="ojg27-047510"
            n="a-0200"
            ecep:lem="bull"
            ecep:pos="n1"
            ecep:reg="Bull"
            ecep:spe="Bull"
            ecep:syllab="1"
            ecep:pron="bʊl">Bull</w>
         <c> </c>
         <w xml:id="ojg27-047520"
            n="a-0210"
            ecep:lem="reply"
            ecep:pos="vvd"
            ecep:reg="replied"
            ecep:spe="reply'd"
            ecep:syllab="2"
            ecep:pron="rɪˈplaɪd">reply'd</w>
         <pc xml:id="ojg27-047530"
             n="a-0220"
             ecep:lem=","
             ecep:pos=","
             ecep:reg=","
             ecep:spe=",">,</pc>
         <c> </c>
         <w xml:id="ojg27-047540"
            n="a-0230"
            ecep:lem="no"
            ecep:pos="av-dx"
            ecep:reg="no"
            ecep:spe="no"
            ecep:syllab="1"
            ecep:pron="nəʊ">no</w>
         <c> </c>
         <w xml:id="ojg27-047550"
            n="a-0240"
            ecep:lem="more"
            ecep:pos="av-dc"
            ecep:reg="more"
            ecep:spe="more"
            ecep:syllab="1"
            ecep:pron="mɔː">more</w>
      </l>
      <l n="30" xml:id="ojg27-l02480">
         <c> </c>
         <w xml:id="ojg27-047560"
            n="a-0250"
            ecep:lem="i"
            ecep:pos="pns11"
            ecep:reg="I"
            ecep:spe="I"
            ecep:syllab="1"
            ecep:pron="aɪ">I</w>
         <c> </c>
         <w xml:id="ojg27-047570"
            n="a-0260"
            ecep:lem="wonder"
            ecep:pos="vvb"
            ecep:reg="wonder"
            ecep:spe="wonder"
            ecep:syllab="2"
            ecep:pron="ˈwʌndə">wonder</w>
         <c> </c>
         <w xml:id="ojg27-047580"
            n="a-0270"
            ecep:lem="at"
            ecep:pos="p-acp"
            ecep:reg="at"
            ecep:spe="at"
            ecep:syllab="1"
            ecep:pron="æt">at</w>
         <c> </c>
         <w xml:id="ojg27-047590"
            n="a-0280"
            ecep:lem="thy"
            ecep:pos="po21"
            ecep:reg="thy"
            ecep:spe="thy"
            ecep:syllab="1"
            ecep:pron="ðaɪ">thy</w>
         <c> </c>
         <w xml:id="ojg27-047600"
            n="a-0290"
            ecep:lem="thirst"
            ecep:pos="n1"
            ecep:reg="thirst"
            ecep:spe="thirst"
            ecep:syllab="1"
            ecep:pron="θɜːst">thirst</w>
         <c> </c>
         <w xml:id="ojg27-047610"
            n="a-0300"
            ecep:lem="of"
            ecep:pos="pp-f"
            ecep:reg="of"
            ecep:spe="of"
            ecep:syllab="1"
            ecep:pron="ɒv">of</w>
         <c> </c>
         <w xml:id="ojg27-047620"
            n="a-0310"
            ecep:lem="gore"
            ecep:pos="n1"
            ecep:reg="gore"
            ecep:spe="gore"
            ecep:syllab="1"
            ecep:pron="gɔː">gore</w>
         <pc xml:id="ojg27-047630"
             n="a-0320"
             ecep:lem=","
             ecep:pos=","
             ecep:reg=","
             ecep:spe=",">,</pc>
      </l>
      <l n="31" xml:id="ojg27-l02485">
         <c> </c>
         <w xml:id="ojg27-047640"
            n="a-0330"
            ecep:lem="for"
            ecep:pos="c-acp"
            ecep:reg="For"
            ecep:spe="For"
            ecep:syllab="1"
            ecep:pron="fɔː">For</w>
         <c> </c>
         <w xml:id="ojg27-047650"
            n="a-0340"
            ecep:lem="thou"
            ecep:pos="pns21"
            ecep:reg="thou"
            ecep:spe="thou"
            ecep:syllab="1"
            ecep:pron="θaʊ">thou</w>
         <c> </c>
         <pc xml:id="ojg27-047660"
             n="a-0350"
             ecep:lem="("
             ecep:pos="("
             ecep:reg="("
             ecep:spe="(">(</pc>
         <w xml:id="ojg27-047670"
            n="a-0360"
            ecep:lem="beneath"
            ecep:pos="p-acp"
            ecep:reg="beneath"
            ecep:spe="beneath"
            ecep:syllab="2"
            ecep:pron="bɪˈniːθ">beneath</w>
         <c> </c>
         <w xml:id="ojg27-047680"
            n="a-0370"
            ecep:lem="a"
            ecep:pos="dt"
            ecep:reg="a"
            ecep:spe="a"
            ecep:syllab="1"
            ecep:pron="ə">a</w>
         <c> </c>
         <w xml:id="ojg27-047690"
            n="a-0380"
            ecep:lem="butcher"
            ecep:pos="n1"
            ecep:reg="butcher"
            ecep:spe="butcher"
            ecep:syllab="2"
            ecep:pron="ˈbʊtʃə">butcher</w>
         <c> </c>
         <w xml:id="ojg27-047700"
            n="a-0390"
            ecep:lem="train"
            ecep:pos="vvd"
            ecep:reg="trained"
            ecep:spe="train'd"
            ecep:syllab="1"
            ecep:pron="treɪnd">train'd</w>
         <pc xml:id="ojg27-047710"
             n="a-0400"
             ecep:lem=","
             ecep:pos=","
             ecep:reg=","
             ecep:spe=",">,</pc>
      </l>
      <l n="32" xml:id="ojg27-l02490">
         <c> </c>
         <w xml:id="ojg27-047720"
            n="a-0410"
            ecep:lem="who"
            ecep:pos="r-crq"
            ecep:reg="Whose"
            ecep:spe="Whose"
            ecep:syllab="1"
            ecep:pron="huːz">Whose</w>
         <c> </c>
         <w xml:id="ojg27-047730"
            n="a-0420"
            ecep:lem="hand"
            ecep:pos="n2"
            ecep:reg="hands"
            ecep:spe="hands"
            ecep:syllab="1"
            ecep:pron="hændz">hands</w>
         <c> </c>
         <w xml:id="ojg27-047740"
            n="a-0430"
            ecep:lem="with"
            ecep:pos="p-acp"
            ecep:reg="with"
            ecep:spe="with"
            ecep:syllab="1"
            ecep:pron="wɪð">with</w>
         <c> </c>
         <w xml:id="ojg27-047750"
            n="a-0440"
            ecep:lem="cruelty"
            ecep:pos="n1"
            ecep:reg="cruelty"
            ecep:spe="cruelty"
            ecep:syllab="3"
            ecep:pron="ˈkruːəlti">cruelty</w>
         <c> </c>
         <w xml:id="ojg27-047760"
            n="a-0450"
            ecep:lem="be"
            ecep:pos="vbb"
            ecep:reg="are"
            ecep:spe="are"
            ecep:syllab="1"
            ecep:pron="ɑː">are</w>
         <c> </c>
         <w xml:id="ojg27-047770"
            n="a-0460"
            ecep:lem="stain"
            ecep:pos="vvn"
            ecep:reg="stained"
            ecep:spe="stain'd"
            ecep:syllab="1"
            ecep:pron="steɪnd">stain'd</w>
         <pc xml:id="ojg27-047780"
             n="a-0470"
             ecep:lem=","
             ecep:pos=","
             ecep:reg=","
             ecep:spe=",">,</pc>
      </l>
      <l n="33" xml:id="ojg27-l02495">
         <c> </c>
         <w xml:id="ojg27-047790"
            n="a-0480"
            ecep:lem="his"
            ecep:pos="po31"
            ecep:reg="His"
            ecep:spe="His"
            ecep:syllab="1"
            ecep:pron="hɪz">His</w>
         <c> </c>
         <w xml:id="ojg27-047800"
            n="a-0490"
            ecep:lem="daily"
            ecep:pos="j"
            ecep:reg="daily"
            ecep:spe="daily"
            ecep:syllab="2"
            ecep:pron="ˈdeɪli">daily</w>
         <c> </c>
         <w xml:id="ojg27-047810"
            n="a-0500"
            ecep:lem="murder"
            ecep:pos="n2"
            ecep:reg="murders"
            ecep:spe="murders"
            ecep:syllab="2"
            ecep:pron="ˈmɜːdəz">murders</w>
         <c> </c>
         <w xml:id="ojg27-047820"
            n="a-0510"
            ecep:lem="in"
            ecep:pos="p-acp"
            ecep:reg="in"
            ecep:spe="in"
            ecep:syllab="1"
            ecep:pron="ɪn">in</w>
         <c> </c>
         <w xml:id="ojg27-047830"
            n="a-0520"
            ecep:lem="thy"
            ecep:pos="po21"
            ecep:reg="thy"
            ecep:spe="thy"
            ecep:syllab="1"
            ecep:pron="ðaɪ">thy</w>
         <c> </c>
         <w xml:id="ojg27-047840"
            n="a-0530"
            ecep:lem="view"
            ecep:pos="n1"
            ecep:reg="view"
            ecep:spe="view"
            ecep:syllab="1"
            ecep:pron="vjuː">view</w>
         <pc xml:id="ojg27-047850"
             n="a-0540"
             ecep:lem=","
             ecep:pos=","
             ecep:reg=","
             ecep:spe=",">,</pc>
         <pc xml:id="ojg27-047860"
             n="a-0550"
             ecep:lem=")"
             ecep:pos=")"
             ecep:reg=")"
             ecep:spe=")">)</pc>
      </l>
      <l n="34" xml:id="ojg27-l02500">
         <c> </c>
         <w xml:id="ojg27-047870"
            n="a-0560"
            ecep:lem="must"
            ecep:pos="vmb"
            ecep:reg="Must"
            ecep:spe="Must"
            ecep:syllab="1"
            ecep:pron="mʌst">Must</w>
         <pc xml:id="ojg27-047880"
             n="a-0570"
             ecep:lem=","
             ecep:pos=","
             ecep:reg=","
             ecep:spe=",">,</pc>
         <c> </c>
         <w xml:id="ojg27-047890"
            n="a-0580"
            ecep:lem="like"
            ecep:pos="vvb"
            ecep:reg="like"
            ecep:spe="like"
            ecep:syllab="1"
            ecep:pron="laɪk">like</w>
         <c> </c>
         <w xml:id="ojg27-047900"
            n="a-0590"
            ecep:lem="thy"
            ecep:pos="po21"
            ecep:reg="thy"
            ecep:spe="thy"
            ecep:syllab="1"
            ecep:pron="ðaɪ">thy</w>
         <c> </c>
         <w xml:id="ojg27-047910"
            n="a-0600"
            ecep:lem="tutor"
            ecep:pos="n1"
            ecep:reg="tutor"
            ecep:spe="tutor"
            ecep:syllab="2"
            ecep:pron="ˈtʃuːtə">tutor</w>
         <pc xml:id="ojg27-047920"
             n="a-0610"
             ecep:lem=","
             ecep:pos=","
             ecep:reg=","
             ecep:spe=",">,</pc>
         <c> </c>
         <w xml:id="ojg27-047930"
            n="a-0620"
            ecep:lem="blood"
            ecep:pos="n1"
            ecep:reg="blood"
            ecep:spe="blood"
            ecep:syllab="1"
            ecep:pron="blʌd">blood</w>
         <c> </c>
         <w xml:id="ojg27-047940"
            n="a-0630"
            ecep:lem="pursue"
            ecep:pos="vvi"
            ecep:reg="pursue"
            ecep:spe="pursue"
            ecep:syllab="2"
            ecep:pron="pəˈsjuː">pursue</w>
         <pc xml:id="ojg27-047950"
             n="a-0640"
             unit="sentence"
             ecep:lem="."
             ecep:pos="."
             ecep:reg="."
             ecep:spe=".">.</pc>
         <c> </c>
      </l>
      <l n="35" xml:id="ojg27-l02505">
         <w xml:id="ojg27-047960"
            n="a-0650"
            ecep:lem="take"
            ecep:pos="vvb"
            ecep:reg="Take"
            ecep:spe="Take"
            ecep:syllab="1"
            ecep:pron="teɪk">Take</w>
         <c> </c>
         <w xml:id="ojg27-047970"
            n="a-0660"
            ecep:lem="then"
            ecep:pos="av"
            ecep:reg="then"
            ecep:spe="then"
            ecep:syllab="1"
            ecep:pron="ðen">then</w>
         <c> </c>
         <w xml:id="ojg27-047980"
            n="a-0670"
            ecep:lem="thy"
            ecep:pos="po21"
            ecep:reg="thy"
            ecep:spe="thy"
            ecep:syllab="1"
            ecep:pron="ðaɪ">thy</w>
         <c> </c>
         <w xml:id="ojg27-047990"
            n="a-0680"
            ecep:lem="fate"
            ecep:pos="n1"
            ecep:reg="fate"
            ecep:spe="fate"
            ecep:syllab="1"
            ecep:pron="feɪt">fate</w>
         <pc xml:id="ojg27-048000"
             n="a-0690"
             unit="sentence"
             ecep:lem="."
             ecep:pos="."
             ecep:reg="."
             ecep:spe=".">.</pc>
         <c> </c>
         <w xml:id="ojg27-048010"
            n="a-0700"
            ecep:lem="with"
            ecep:pos="p-acp"
            ecep:reg="With"
            ecep:spe="With"
            ecep:syllab="1"
            ecep:pron="wɪð">With</w>
         <c> </c>
         <w xml:id="ojg27-048020"
            n="a-0710"
            ecep:lem="gore"
            ecep:pos="j-vvg"
            ecep:reg="goring"
            ecep:spe="goring"
            ecep:syllab="2"
            ecep:pron="gɔːɪŋ">goring</w>
         <c> </c>
         <w xml:id="ojg27-048030"
            n="a-0720"
            ecep:lem="wound"
            ecep:pos="n1"
            ecep:reg="wound"
            ecep:spe="wound"
            ecep:syllab="1"
            ecep:pron="wuːnd">wound</w>
      </l>
      <l n="36" xml:id="ojg27-l02510">
         <c> </c>
         <w xml:id="ojg27-048040"
            n="a-0730"
            ecep:lem="at"
            ecep:pos="p-acp"
            ecep:reg="At"
            ecep:spe="At"
            ecep:syllab="1"
            ecep:pron="æt">At</w>
         <c> </c>
         <w xml:id="ojg27-048050"
            n="a-0740"
            ecep:lem="once"
            ecep:pos="a-acp"
            ecep:reg="once"
            ecep:spe="once"
            ecep:syllab="1"
            ecep:pron="wʌns">once</w>
         <c> </c>
         <w xml:id="ojg27-048060"
            n="a-0750"
            ecep:lem="he"
            ecep:pos="pns31"
            ecep:reg="he"
            ecep:spe="he"
            ecep:syllab="1"
            ecep:pron="hiː">he</w>
         <c> </c>
         <w xml:id="ojg27-048070"
            n="a-0760"
            ecep:lem="lift"
            ecep:pos="vvz"
            ecep:reg="lifts"
            ecep:spe="lifts"
            ecep:syllab="1"
            ecep:pron="lɪfts">lifts</w>
         <c> </c>
         <w xml:id="ojg27-048080"
            n="a-0770"
            ecep:lem="he"
            ecep:pos="pno31"
            ecep:reg="him"
            ecep:spe="him"
            ecep:syllab="1"
            ecep:pron="hɪm">him</w>
         <c> </c>
         <w xml:id="ojg27-048090"
            n="a-0780"
            ecep:lem="from"
            ecep:pos="p-acp"
            ecep:reg="from"
            ecep:spe="from"
            ecep:syllab="1"
            ecep:pron="frɒm">from</w>
         <c> </c>
         <w xml:id="ojg27-048100"
            n="a-0790"
            ecep:lem="the"
            ecep:pos="dt"
            ecep:reg="the"
            ecep:spe="the"
            ecep:syllab="1"
            ecep:pron="ðiː">the</w>
         <c> </c>
         <w xml:id="ojg27-048110"
            n="a-0800"
            ecep:lem="ground"
            ecep:pos="n1"
            ecep:reg="ground"
            ecep:spe="ground"
            ecep:syllab="1"
            ecep:pron="graʊnd">ground</w>
         <pc xml:id="ojg27-048120"
             n="a-0810"
             ecep:lem=","
             ecep:pos=","
             ecep:reg=","
             ecep:spe=",">,</pc>
      </l>
      <l n="37" xml:id="ojg27-l02515">
         <c> </c>
         <w xml:id="ojg27-048130"
            n="a-0820"
            ecep:lem="aloft"
            ecep:pos="av"
            ecep:reg="Aloft"
            ecep:spe="Aloft"
            ecep:syllab="2"
            ecep:pron="əˈlɒft">Aloft</w>
         <c> </c>
         <w xml:id="ojg27-048140"
            n="a-0830"
            ecep:lem="the"
            ecep:pos="dt"
            ecep:reg="the"
            ecep:spe="the"
            ecep:syllab="1"
            ecep:pron="ðiː">the</w>
         <c> </c>
         <w xml:id="ojg27-048150"
            n="a-0840"
            ecep:lem="sprawl"
            ecep:pos="j-vvg"
            ecep:reg="sprawling"
            ecep:spe="sprawling"
            ecep:syllab="2"
            ecep:pron="sprɔːlɪŋ">sprawling</w>
         <c> </c>
         <w xml:id="ojg27-048160"
            n="a-0850"
            ecep:lem="hero"
            ecep:pos="n1"
            ecep:reg="hero"
            ecep:spe="hero"
            ecep:syllab="2"
            ecep:pron="ˈhɪərəʊ">hero</w>
         <c> </c>
         <w xml:id="ojg27-048170"
            n="a-0860"
            ecep:lem="fly"
            ecep:pos="vvz"
            ecep:reg="flys"
            ecep:spe="flys"
            ecep:syllab="1"
            ecep:pron="flaɪz">flys</w>
         <pc xml:id="ojg27-048180"
             n="a-0870"
             ecep:lem=","
             ecep:pos=","
             ecep:reg=","
             ecep:spe=",">,</pc>
      </l>
      <l n="38" xml:id="ojg27-l02520">
         <c> </c>
         <w xml:id="ojg27-048190"
            n="a-0880"
            ecep:lem="mangle"
            ecep:pos="vvd"
            ecep:reg="Mangled"
            ecep:spe="Mangled"
            ecep:syllab="2"
            ecep:pron="ˈmæŋgld">Mangled</w>
         <c> </c>
         <w xml:id="ojg27-048200"
            n="a-0890"
            ecep:lem="he"
            ecep:pos="pns31"
            ecep:reg="he"
            ecep:spe="he"
            ecep:syllab="1"
            ecep:pron="hiː">he</w>
         <c> </c>
         <w xml:id="ojg27-048210"
            n="a-0900"
            ecep:lem="fall"
            ecep:pos="vvz"
            ecep:reg="falls"
            ecep:spe="falls"
            ecep:syllab="1"
            ecep:pron="fɔːlz">falls</w>
         <pc xml:id="ojg27-048220"
             n="a-0910"
             ecep:lem=","
             ecep:pos=","
             ecep:reg=","
             ecep:spe=",">,</pc>
         <c> </c>
         <w xml:id="ojg27-048230"
            n="a-0920"
            ecep:lem="he"
            ecep:pos="pns31"
            ecep:reg="he"
            ecep:spe="he"
            ecep:syllab="1"
            ecep:pron="hiː">he</w>
         <c> </c>
         <w xml:id="ojg27-048240"
            n="a-0930"
            ecep:lem="howl"
            ecep:pos="vvz"
            ecep:reg="howls"
            ecep:spe="howls"
            ecep:syllab="1"
            ecep:pron="haʊlz">howls</w>
         <c> </c>
         <w xml:id="ojg27-048250"
            n="a-0940"
            ecep:lem="and"
            ecep:pos="cc"
            ecep:reg="and"
            ecep:spe="and"
            ecep:syllab="1"
            ecep:pron="ænd">and</w>
         <c> </c>
         <w xml:id="ojg27-048260"
            n="a-0950"
            ecep:lem="dye"
            ecep:pos="n2"
            ecep:reg="dies"
            ecep:spe="dyes"
            ecep:syllab="1"
            ecep:pron="daɪz">dyes</w>
         <pc xml:id="ojg27-048270"
             n="a-0960"
             unit="sentence"
             ecep:lem="."
             ecep:pos="."
             ecep:reg="."
             ecep:spe=".">.</pc>
         <c> </c>
      </l>
   </lg>
</div>
