<?xml version="1.0" encoding="utf-8"?>
<!DOCTYPE div
  SYSTEM "about:legacy-compat">
<div xmlns:ecep="http://www.eighteenthcenturypoetry.org/ns"
     xmlns="http://www.tei-c.org/ns/1.0"
     xmlns:tei="http://www.tei-c.org/ns/1.0"
     ana="#iamb #tetrameter #quatrain #cross #inscription"
     corresp="#txt_BrowJo1715_w0004"
     decls="#semi-normalized"
     ecep:syllab="8.8.8.8"
     met="-+|-+|-+|-+/ -+|-+|-+|-+/ -+|-+|-+|-+/ -+|-+|-+|-+/"
     rendition="#lgvspace"
     rhyme="abab"
     subtype="eceptext"
     type="inscription"
     xml:id="o4985-w0210">
   <link target="authors.xml#aut_BrowJo1715" type="author"/>
   <link target="32500" type="DMI"/>
   <head type="main">
      <w xml:id="o4985-250810"
         n="117-a-1080"
         ecep:lem="a"
         ecep:pos="dt"
         ecep:reg="AN"
         ecep:spe="AN"
         ecep:syllab="1"
         ecep:pron="æn">AN</w>
      <c> </c>
      <w xml:id="o4985-250820"
         n="117-a-1090"
         ecep:lem="inscription"
         ecep:pos="n1"
         ecep:reg="INSCRIPTION"
         ecep:spe="INSCRIPTION"
         ecep:syllab="3"
         ecep:pron="ɪnˈskrɪpʃn">INSCRIPTION</w>
      <c> </c>
      <w xml:id="o4985-250830"
         n="117-a-1100"
         ecep:lem="write"
         ecep:pos="vvn"
         ecep:reg="WRITTEN"
         ecep:spe="WRITTEN"
         ecep:syllab="2"
         ecep:pron="ˈrɪtn">WRITTEN</w>
      <c> </c>
      <w xml:id="o4985-250840"
         n="117-a-1110"
         ecep:lem="at"
         ecep:pos="p-acp"
         ecep:reg="AT"
         ecep:spe="AT"
         ecep:syllab="1"
         ecep:pron="æt">AT</w>
      <c> </c>
      <w xml:id="o4985-250850"
         n="117-a-1120"
         ecep:lem="a"
         ecep:pos="dt"
         ecep:reg="A"
         ecep:spe="A"
         ecep:syllab="1"
         ecep:pron="ə">A</w>
      <c> </c>
      <w xml:id="o4985-250860"
         n="117-a-1130"
         ecep:lem="favourite"
         ecep:pos="n1"
         ecep:reg="FAVOURITE"
         ecep:spe="FAVOURITE"
         ecep:syllab="2"
         ecep:pron="ˈfeɪvrɪt">FAVOURITE</w>
      <c> </c>
      <w xml:id="o4985-250870"
         n="117-a-1140"
         ecep:lem="retirement"
         ecep:pos="n1"
         ecep:reg="RETIREMENT"
         ecep:spe="RETIREMENT"
         ecep:syllab="4"
         ecep:pron="rɪˈtæəmənt">RETIREMENT</w>
      <c> </c>
      <w xml:id="o4985-250880"
         n="117-a-1150"
         ecep:lem="in"
         ecep:pos="p-acp"
         ecep:reg="IN"
         ecep:spe="IN"
         ecep:syllab="1"
         ecep:pron="ɪn">IN</w>
      <c> </c>
      <w xml:id="o4985-250890"
         n="117-a-1160"
         ecep:lem="may"
         ecep:pos="vmb"
         ecep:reg="MAY"
         ecep:spe="MAY"
         ecep:syllab="1"
         ecep:pron="meɪ">MAY</w>
      <c> </c>
      <w xml:id="o4985-250900"
         n="117-a-1170"
         ecep:lem="mdcclviii"
         ecep:pos="crd"
         ecep:reg="MDCCLVIII"
         ecep:spe="MDCCLVIII"
         ecep:syllab="3"
         ecep:pron="ˌemdˌiːsˈiːsˌiːˈelvˈɪɪˌaɪ">MDCCLVIII</w>
      <pc xml:id="o4985-250910"
          n="117-a-1180"
          unit="sentence"
          ecep:lem="."
          ecep:pos="."
          ecep:reg="."
          ecep:spe=".">.</pc>
   </head>
   <byline>
      <w xml:id="o4985-250940"
         n="117-a-1190"
         ecep:lem="by"
         ecep:pos="p-acp"
         ecep:reg="BY"
         ecep:spe="BY"
         ecep:syllab="1"
         ecep:pron="baɪ">BY</w>
      <c> </c>
      <w xml:id="o4985-250950"
         n="117-a-1200"
         ecep:lem="the"
         ecep:pos="dt"
         ecep:reg="THE"
         ecep:spe="THE"
         ecep:syllab="1"
         ecep:pron="ðiː">THE</w>
      <c> </c>
      <w xml:id="o4985-250960"
         n="117-a-1210"
         ecep:lem="same"
         ecep:pos="d"
         ecep:reg="SAME"
         ecep:spe="SAME"
         ecep:syllab="1"
         ecep:pron="seɪm">SAME</w>
      <pc xml:id="o4985-250970"
          n="117-a-1220"
          unit="sentence"
          ecep:lem="."
          ecep:pos="."
          ecep:reg="."
          ecep:spe=".">.</pc>
   </byline>
   <lg xml:id="o4985-s01215">
      <l xml:id="o4985-l13400">
         <w xml:id="o4985-251000"
            n="117-a-1230"
            ecep:lem="what"
            ecep:pos="q-crq"
            ecep:reg="WHAT"
            ecep:spe="WHAT"
            ecep:syllab="1"
            ecep:pron="wɒt">WHAT</w>
         <c> </c>
         <w xml:id="o4985-251010"
            n="117-a-1240"
            ecep:lem="though"
            ecep:pos="c-acp"
            ecep:reg="though"
            ecep:spe="tho'"
            ecep:syllab="1"
            ecep:pron="ðəʊ">tho'</w>
         <c> </c>
         <w xml:id="o4985-251020"
            n="117-a-1250"
            ecep:lem="nor"
            ecep:pos="ccx"
            ecep:reg="nor"
            ecep:spe="nor"
            ecep:syllab="1"
            ecep:pron="nɔː">nor</w>
         <c> </c>
         <w xml:id="o4985-251030"
            n="117-a-1260"
            ecep:lem="glitter"
            ecep:pos="j-vvg"
            ecep:reg="glittering"
            ecep:spe="glittering"
            ecep:syllab="3"
            ecep:pron="ˈglɪtrɪŋ">glittering</w>
         <c> </c>
         <w xml:id="o4985-251040"
            n="117-a-1270"
            ecep:lem="turret"
            ecep:pos="n1"
            ecep:reg="turret"
            ecep:spe="turret"
            ecep:syllab="2"
            ecep:pron="ˈtʌrɪt">turret</w>
         <c> </c>
         <w xml:id="o4985-251050"
            n="117-a-1280"
            ecep:lem="rise"
            ecep:pos="vvi"
            ecep:reg="rise"
            ecep:spe="rise"
            ecep:syllab="1"
            ecep:pron="raɪz">rise</w>
         <pc xml:id="o4985-251060"
             n="117-a-1290"
             ecep:lem=","
             ecep:pos=","
             ecep:reg=","
             ecep:spe=",">,</pc>
      </l>
      <l xml:id="o4985-l13405">
         <c> </c>
         <w xml:id="o4985-251070"
            n="117-a-1300"
            ecep:lem="nor"
            ecep:pos="ccx"
            ecep:reg="Nor"
            ecep:spe="Nor"
            ecep:syllab="1"
            ecep:pron="nɔː">Nor</w>
         <c> </c>
         <w xml:id="o4985-251080"
            n="117-a-1310"
            ecep:lem="splendour"
            ecep:pos="n1"
            ecep:reg="Splendour"
            ecep:spe="Splendor"
            ecep:syllab="2"
            ecep:pron="ˈsplendə">Splendor</w>
         <c> </c>
         <w xml:id="o4985-251090"
            n="117-a-1320"
            ecep:lem="gild"
            ecep:pos="vvb"
            ecep:reg="gild"
            ecep:spe="gild"
            ecep:syllab="1"
            ecep:pron="gɪld">gild</w>
         <c> </c>
         <w xml:id="o4985-251100"
            n="117-a-1330"
            ecep:lem="these"
            ecep:pos="d"
            ecep:reg="these"
            ecep:spe="these"
            ecep:syllab="1"
            ecep:pron="ðiːz">these</w>
         <c> </c>
         <w xml:id="o4985-251110"
            n="117-a-1340"
            ecep:lem="mild"
            ecep:pos="j"
            ecep:reg="mild"
            ecep:spe="mild"
            ecep:syllab="1"
            ecep:pron="maɪld">mild</w>
         <c> </c>
         <w xml:id="o4985-251120"
            n="117-a-1350"
            ecep:lem="retreat"
            ecep:pos="n2"
            ecep:reg="retreats"
            ecep:spe="retreats"
            ecep:syllab="2"
            ecep:pron="rɪˈtriːts">retreats</w>
         <pc xml:id="o4985-251130"
             n="117-a-1360"
             unit="sentence"
             ecep:lem="?"
             ecep:pos="?"
             ecep:reg="?"
             ecep:spe="?">?</pc>
         <c> </c>
      </l>
      <l xml:id="o4985-l13410">
         <w xml:id="o4985-251140"
            n="117-a-1370"
            ecep:lem="yet"
            ecep:pos="av"
            ecep:reg="Yet"
            ecep:spe="Yet"
            ecep:syllab="1"
            ecep:pron="jet">Yet</w>
         <c> </c>
         <w xml:id="o4985-251150"
            n="117-a-1380"
            ecep:lem="nature"
            ecep:pos="n1"
            ecep:reg="Nature"
            ecep:spe="Nature"
            ecep:syllab="2"
            ecep:pron="ˈneɪtʃə">Nature</w>
         <c> </c>
         <w xml:id="o4985-251160"
            n="117-a-1390"
            ecep:lem="here"
            ecep:pos="av"
            ecep:reg="here"
            ecep:spe="here"
            ecep:syllab="1"
            ecep:pron="hɪə">here</w>
         <pc xml:id="o4985-251170"
             n="117-a-1400"
             ecep:lem=","
             ecep:pos=","
             ecep:reg=","
             ecep:spe=",">,</pc>
         <c> </c>
         <w xml:id="o4985-251180"
            n="117-a-1410"
            ecep:lem="in"
            ecep:pos="p-acp"
            ecep:reg="in"
            ecep:spe="in"
            ecep:syllab="1"
            ecep:pron="ɪn">in</w>
         <c> </c>
         <w xml:id="o4985-251190"
            n="117-a-1420"
            ecep:lem="modest"
            ecep:pos="j"
            ecep:reg="modest"
            ecep:spe="modest"
            ecep:syllab="2"
            ecep:pron="ˈmɒdɪst">modest</w>
         <c> </c>
         <w xml:id="o4985-251200"
            n="117-a-1430"
            ecep:lem="guise"
            ecep:pos="n1"
            ecep:reg="guise"
            ecep:spe="guise"
            ecep:syllab="1"
            ecep:pron="gaɪz">guise</w>
         <pc xml:id="o4985-251210"
             n="117-a-1440"
             ecep:lem=","
             ecep:pos=","
             ecep:reg=","
             ecep:spe=",">,</pc>
      </l>
      <l xml:id="o4985-l13415">
         <c> </c>
         <w xml:id="o4985-251220"
            n="117-a-1450"
            ecep:lem="display"
            ecep:pos="vvz"
            ecep:reg="Displays"
            ecep:spe="Displays"
            ecep:syllab="2"
            ecep:pron="dɪˈspleɪz">Displays</w>
         <c> </c>
         <w xml:id="o4985-251230"
            n="117-a-1460"
            ecep:lem="her"
            ecep:pos="po31"
            ecep:reg="her"
            ecep:spe="her"
            ecep:syllab="1"
            ecep:pron="hɜː">her</w>
         <c> </c>
         <w xml:id="o4985-251240"
            n="117-a-1470"
            ecep:lem="unambitious"
            ecep:pos="j"
            ecep:reg="unambitious"
            ecep:spe="unambitious"
            ecep:syllab="4"
            ecep:pron="ˌʌnæmˈbɪʃəs">unambitious</w>
         <c> </c>
         <w xml:id="o4985-251250"
            n="117-a-1480"
            ecep:lem="sweet"
            ecep:pos="n2-j"
            ecep:reg="sweets"
            ecep:spe="sweets"
            ecep:syllab="1"
            ecep:pron="swiːts">sweets</w>
         <pc xml:id="o4985-251260"
             n="117-a-1490"
             ecep:lem=":"
             ecep:pos=":"
             ecep:reg=":"
             ecep:spe=":">:</pc>
      </l>
   </lg>
   <pb facs="o4985/0121" n="116" rend="none"/>
   <lg xml:id="o4985-s01220">
      <l xml:id="o4985-l13420">
         <w xml:id="o4985-251290"
            n="118-a-0010"
            ecep:lem="along"
            ecep:pos="p-acp"
            ecep:reg="Along"
            ecep:spe="Along"
            ecep:syllab="2"
            ecep:pron="əˈlɒŋ">Along</w>
         <c> </c>
         <w xml:id="o4985-251300"
            n="118-a-0020"
            ecep:lem="each"
            ecep:pos="d"
            ecep:reg="each"
            ecep:spe="each"
            ecep:syllab="1"
            ecep:pron="iːtʃ">each</w>
         <c> </c>
         <w xml:id="o4985-251310"
            n="118-a-0030"
            ecep:lem="gentle"
            ecep:pos="j-jn"
            ecep:reg="gentle"
            ecep:spe="gentle"
            ecep:syllab="2"
            ecep:pron="ˈdʒentl">gentle</w>
         <c> </c>
         <w xml:id="o4985-251320"
            n="118-a-0040"
            ecep:lem="swell"
            ecep:pos="j-vvg"
            ecep:reg="swelling"
            ecep:spe="swelling"
            ecep:syllab="2"
            ecep:pron="swelɪŋ">swelling</w>
         <c> </c>
         <w xml:id="o4985-251330"
            n="118-a-0050"
            ecep:lem="lawn"
            ecep:pos="n1"
            ecep:reg="lawn"
            ecep:spe="lawn"
            ecep:syllab="1"
            ecep:pron="lɔːn">lawn</w>
      </l>
      <l xml:id="o4985-l13425">
         <c> </c>
         <w xml:id="o4985-251340"
            n="118-a-0060"
            ecep:lem="she"
            ecep:pos="pns31"
            ecep:reg="She"
            ecep:spe="She"
            ecep:syllab="1"
            ecep:pron="ʃiː">She</w>
         <c> </c>
         <w xml:id="o4985-251350"
            n="118-a-0070"
            ecep:lem="stray"
            ecep:pos="vvz"
            ecep:reg="strays"
            ecep:spe="strays"
            ecep:syllab="1"
            ecep:pron="streɪz">strays</w>
         <pc xml:id="o4985-251360"
             n="118-a-0080"
             ecep:lem=","
             ecep:pos=","
             ecep:reg=","
             ecep:spe=",">,</pc>
         <c> </c>
         <w xml:id="o4985-251370"
            n="118-a-0090"
            ecep:lem="with"
            ecep:pos="p-acp"
            ecep:reg="with"
            ecep:spe="with"
            ecep:syllab="1"
            ecep:pron="wɪð">with</w>
         <c> </c>
         <w xml:id="o4985-251380"
            n="118-a-0100"
            ecep:lem="rustic"
            ecep:pos="j-jn"
            ecep:reg="rustic"
            ecep:spe="rustic"
            ecep:syllab="2"
            ecep:pron="ˈrʌstɪk">rustic</w>
         <c> </c>
         <w xml:id="o4985-251390"
            n="118-a-0110"
            ecep:lem="garland"
            ecep:pos="n2"
            ecep:reg="garlands"
            ecep:spe="garlands"
            ecep:syllab="2"
            ecep:pron="ˈgɑːləndz">garlands</w>
         <c> </c>
         <w xml:id="o4985-251400"
            n="118-a-0120"
            ecep:lem="crown"
            ecep:pos="vvn"
            ecep:reg="crowned"
            ecep:spe="crown'd"
            ecep:syllab="1"
            ecep:pron="kraʊnd">crown'd</w>
         <pc xml:id="o4985-251410"
             n="118-a-0130"
             ecep:lem=";"
             ecep:pos=";"
             ecep:reg=";"
             ecep:spe=";">;</pc>
      </l>
      <l xml:id="o4985-l13430">
         <c> </c>
         <w xml:id="o4985-251420"
            n="118-a-0140"
            ecep:lem="and"
            ecep:pos="cc"
            ecep:reg="And"
            ecep:spe="And"
            ecep:syllab="1"
            ecep:pron="ænd">And</w>
         <c> </c>
         <w xml:id="o4985-251430"
            n="118-a-0150"
            ecep:lem="wake"
            ecep:pos="vvz"
            ecep:reg="wakes"
            ecep:spe="wakes"
            ecep:syllab="1"
            ecep:pron="weɪks">wakes</w>
         <c> </c>
         <w xml:id="o4985-251440"
            n="118-a-0160"
            ecep:lem="the"
            ecep:pos="dt"
            ecep:reg="the"
            ecep:spe="the"
            ecep:syllab="1"
            ecep:pron="ðiː">the</w>
         <c> </c>
         <w xml:id="o4985-251450"
            n="118-a-0170"
            ecep:lem="flower"
            ecep:pos="n2"
            ecep:reg="flowers"
            ecep:spe="flowers"
            ecep:syllab="1"
            ecep:pron="flæəz">flowers</w>
         <c> </c>
         <w xml:id="o4985-251460"
            n="118-a-0180"
            ecep:lem="at"
            ecep:pos="p-acp"
            ecep:reg="at"
            ecep:spe="at"
            ecep:syllab="1"
            ecep:pron="æt">at</w>
         <c> </c>
         <w xml:id="o4985-251470"
            n="118-a-0190"
            ecep:lem="early"
            ecep:pos="j"
            ecep:reg="early"
            ecep:spe="early"
            ecep:syllab="2"
            ecep:pron="ˈɜːli">early</w>
         <c> </c>
         <w xml:id="o4985-251480"
            n="118-a-0200"
            ecep:lem="dawn"
            ecep:pos="n1"
            ecep:reg="dawn"
            ecep:spe="dawn"
            ecep:syllab="1"
            ecep:pron="dɔːn">dawn</w>
         <pc xml:id="o4985-251490"
             n="118-a-0210"
             ecep:lem=","
             ecep:pos=","
             ecep:reg=","
             ecep:spe=",">,</pc>
      </l>
      <l xml:id="o4985-l13435">
         <c> </c>
         <w xml:id="o4985-251500"
            n="118-a-0220"
            ecep:lem="to"
            ecep:pos="pc-acp"
            ecep:reg="To"
            ecep:spe="To"
            ecep:syllab="1"
            ecep:pron="tuː">To</w>
         <c> </c>
         <w xml:id="o4985-251510"
            n="118-a-0230"
            ecep:lem="fling"
            ecep:pos="vvi"
            ecep:reg="fling"
            ecep:spe="fling"
            ecep:syllab="1"
            ecep:pron="flɪŋ">fling</w>
         <c> </c>
         <w xml:id="o4985-251520"
            n="118-a-0240"
            ecep:lem="their"
            ecep:pos="po32"
            ecep:reg="their"
            ecep:spe="their"
            ecep:syllab="1"
            ecep:pron="ðeə">their</w>
         <c> </c>
         <w xml:id="o4985-251530"
            n="118-a-0250"
            ecep:lem="bosom"
            ecep:pos="j-vvn"
            ecep:reg="bosomed"
            ecep:spe="bosom'd"
            ecep:syllab="2"
            ecep:pron="ˈbʊzmd">bosom'd</w>
         <c> </c>
         <w xml:id="o4985-251540"
            n="118-a-0260"
            ecep:lem="fragrance"
            ecep:pos="n1"
            ecep:reg="fragrance"
            ecep:spe="fragrance"
            ecep:syllab="2"
            ecep:pron="ˈfreɪgrəns">fragrance</w>
         <c> </c>
         <w xml:id="o4985-251550"
            n="118-a-0270"
            ecep:lem="round"
            ecep:pos="av-j"
            ecep:reg="round"
            ecep:spe="round"
            ecep:syllab="1"
            ecep:pron="raʊnd">round</w>
         <pc xml:id="o4985-251560"
             n="118-a-0280"
             unit="sentence"
             ecep:lem="."
             ecep:pos="."
             ecep:reg="."
             ecep:spe=".">.</pc>
         <c> </c>
      </l>
   </lg>
   <lg xml:id="o4985-s01225">
      <l xml:id="o4985-l13440">
         <w xml:id="o4985-251590"
            n="118-a-0290"
            ecep:lem="here"
            ecep:pos="av"
            ecep:reg="Here"
            ecep:spe="Here"
            ecep:syllab="1"
            ecep:pron="hɪə">Here</w>
         <c> </c>
         <w xml:id="o4985-251600"
            n="118-a-0300"
            ecep:lem="teach"
            ecep:pos="vvb"
            ecep:reg="teach"
            ecep:spe="teach"
            ecep:syllab="1"
            ecep:pron="tiːtʃ">teach</w>
         <c> </c>
         <w xml:id="o4985-251610"
            n="118-a-0310"
            ecep:lem="thy"
            ecep:pos="po21"
            ecep:reg="thy"
            ecep:spe="thy"
            ecep:syllab="1"
            ecep:pron="ðaɪ">thy</w>
         <c> </c>
         <w xml:id="o4985-251620"
            n="118-a-0320"
            ecep:lem="votary"
            ecep:pos="n1"
            ecep:reg="votary"
            ecep:spe="votary"
            ecep:syllab="3"
            ecep:pron="ˈvəʊtri">votary</w>
         <pc xml:id="o4985-251630"
             n="118-a-0330"
             ecep:lem=","
             ecep:pos=","
             ecep:reg=","
             ecep:spe=",">,</pc>
         <c> </c>
         <w xml:id="o4985-251640"
            n="118-a-0340"
            ecep:lem="blameless"
            ecep:pos="j"
            ecep:reg="blameless"
            ecep:spe="blameless"
            ecep:syllab="2"
            ecep:pron="ˈbleɪmləs">blameless</w>
         <c> </c>
         <w xml:id="o4985-251650"
            n="118-a-0350"
            ecep:lem="guide"
            ecep:pos="n1"
            ecep:reg="guide"
            ecep:spe="guide"
            ecep:syllab="1"
            ecep:pron="gaɪd">guide</w>
         <pc xml:id="o4985-251660"
             n="118-a-0360"
             ecep:lem=","
             ecep:pos=","
             ecep:reg=","
             ecep:spe=",">,</pc>
      </l>
      <l xml:id="o4985-l13445">
         <c> </c>
         <w xml:id="o4985-251670"
            n="118-a-0370"
            ecep:lem="to"
            ecep:pos="pc-acp"
            ecep:reg="To"
            ecep:spe="To"
            ecep:syllab="1"
            ecep:pron="tuː">To</w>
         <c> </c>
         <w xml:id="o4985-251680"
            n="118-a-0380"
            ecep:lem="trace"
            ecep:pos="vvi"
            ecep:reg="trace"
            ecep:spe="trace"
            ecep:syllab="1"
            ecep:pron="treɪs">trace</w>
         <c> </c>
         <w xml:id="o4985-251690"
            n="118-a-0390"
            ecep:lem="thy"
            ecep:pos="po21"
            ecep:reg="thy"
            ecep:spe="thy"
            ecep:syllab="1"
            ecep:pron="ðaɪ">thy</w>
         <c> </c>
         <w xml:id="o4985-251700"
            n="118-a-0400"
            ecep:lem="step"
            ecep:pos="n1"
            ecep:reg="step"
            ecep:spe="step"
            ecep:syllab="1"
            ecep:pron="step">step</w>
         <c> </c>
         <w xml:id="o4985-251710"
            n="118-a-0410"
            ecep:lem="serene"
            ecep:pos="j"
            ecep:reg="serene"
            ecep:spe="serene"
            ecep:syllab="2"
            ecep:pron="sɪˈriːn">serene</w>
         <c> </c>
         <w xml:id="o4985-251720"
            n="118-a-0420"
            ecep:lem="and"
            ecep:pos="cc"
            ecep:reg="and"
            ecep:spe="and"
            ecep:syllab="1"
            ecep:pron="ænd">and</w>
         <c> </c>
         <w xml:id="o4985-251730"
            n="118-a-0430"
            ecep:lem="free"
            ecep:pos="j"
            ecep:reg="free"
            ecep:spe="free"
            ecep:syllab="1"
            ecep:pron="friː">free</w>
         <pc xml:id="o4985-251740"
             n="118-a-0440"
             ecep:lem=";"
             ecep:pos=";"
             ecep:reg=";"
             ecep:spe=";">;</pc>
      </l>
      <l xml:id="o4985-l13450">
         <c> </c>
         <w xml:id="o4985-251750"
            n="118-a-0450"
            ecep:lem="to"
            ecep:pos="pc-acp"
            ecep:reg="To"
            ecep:spe="To"
            ecep:syllab="1"
            ecep:pron="tuː">To</w>
         <c> </c>
         <w xml:id="o4985-251760"
            n="118-a-0460"
            ecep:lem="shun"
            ecep:pos="vvi"
            ecep:reg="shun"
            ecep:spe="shun"
            ecep:syllab="1"
            ecep:pron="ʃʌn">shun</w>
         <c> </c>
         <w xml:id="o4985-251770"
            n="118-a-0470"
            ecep:lem="the"
            ecep:pos="dt"
            ecep:reg="the"
            ecep:spe="the"
            ecep:syllab="1"
            ecep:pron="ðiː">the</w>
         <c> </c>
         <w xml:id="o4985-251780"
            n="118-a-0480"
            ecep:lem="toilsome"
            ecep:pos="j"
            ecep:reg="toilsome"
            ecep:spe="toilsome"
            ecep:syllab="2"
            ecep:pron="ˈtɔɪlsəm">toilsome</w>
         <c> </c>
         <w xml:id="o4985-251790"
            n="118-a-0490"
            ecep:lem="height"
            ecep:pos="n2"
            ecep:reg="heights"
            ecep:spe="heights"
            ecep:syllab="1"
            ecep:pron="haɪts">heights</w>
         <c> </c>
         <w xml:id="o4985-251800"
            n="118-a-0500"
            ecep:lem="of"
            ecep:pos="pp-f"
            ecep:reg="of"
            ecep:spe="of"
            ecep:syllab="1"
            ecep:pron="ɒv">of</w>
         <c> </c>
         <w xml:id="o4985-251810"
            n="118-a-0510"
            ecep:lem="pride"
            ecep:pos="n1"
            ecep:reg="Pride"
            ecep:spe="Pride"
            ecep:syllab="1"
            ecep:pron="praɪd">Pride</w>
         <pc xml:id="o4985-251820"
             n="118-a-0520"
             ecep:lem=","
             ecep:pos=","
             ecep:reg=","
             ecep:spe=",">,</pc>
      </l>
      <l xml:id="o4985-l13455">
         <c> </c>
         <w xml:id="o4985-251830"
            n="118-a-0530"
            ecep:lem="through"
            ecep:pos="p-acp"
            ecep:reg="Through"
            ecep:spe="Thro'"
            ecep:syllab="1"
            ecep:pron="θruː">Thro'</w>
         <c> </c>
         <w xml:id="o4985-251840"
            n="118-a-0540"
            ecep:lem="these"
            ecep:pos="d"
            ecep:reg="these"
            ecep:spe="these"
            ecep:syllab="1"
            ecep:pron="ðiːz">these</w>
         <c> </c>
         <w xml:id="o4985-251850"
            n="118-a-0550"
            ecep:lem="calm"
            ecep:pos="j-jn"
            ecep:reg="calm"
            ecep:spe="calm"
            ecep:syllab="1"
            ecep:pron="kɑːm">calm</w>
         <c> </c>
         <w xml:id="o4985-251860"
            n="118-a-0560"
            ecep:lem="scene"
            ecep:pos="n2"
            ecep:reg="scenes"
            ecep:spe="scenes"
            ecep:syllab="1"
            ecep:pron="siːnz">scenes</w>
         <c> </c>
         <w xml:id="o4985-251870"
            n="118-a-0570"
            ecep:lem="to"
            ecep:pos="pc-acp"
            ecep:reg="to"
            ecep:spe="to"
            ecep:syllab="1"
            ecep:pron="tuː">to</w>
         <c> </c>
         <w xml:id="o4985-251880"
            n="118-a-0580"
            ecep:lem="follow"
            ecep:pos="vvi"
            ecep:reg="follow"
            ecep:spe="follow"
            ecep:syllab="2"
            ecep:pron="ˈfɒləʊ">follow</w>
         <c> </c>
         <w xml:id="o4985-251890"
            n="118-a-0590"
            ecep:lem="thou"
            ecep:pos="pno21"
            ecep:reg="thee"
            ecep:spe="thee"
            ecep:syllab="1"
            ecep:pron="ðiː">thee</w>
         <pc xml:id="o4985-251900"
             n="118-a-0600"
             unit="sentence"
             ecep:lem="."
             ecep:pos="."
             ecep:reg="."
             ecep:spe=".">.</pc>
         <c> </c>
      </l>
   </lg>
   <lg xml:id="o4985-s01230">
      <l xml:id="o4985-l13460">
         <w xml:id="o4985-251930"
            n="118-a-0610"
            ecep:lem="his"
            ecep:pos="po31"
            ecep:reg="His"
            ecep:spe="His"
            ecep:syllab="1"
            ecep:pron="hɪz">His</w>
         <c> </c>
         <w xml:id="o4985-251940"
            n="118-a-0620"
            ecep:lem="silent"
            ecep:pos="j"
            ecep:reg="silent"
            ecep:spe="silent"
            ecep:syllab="2"
            ecep:pron="ˈsaɪlənt">silent</w>
         <c> </c>
         <w xml:id="o4985-251950"
            n="118-a-0630"
            ecep:lem="walk"
            ecep:pos="n1"
            ecep:reg="walk"
            ecep:spe="walk"
            ecep:syllab="1"
            ecep:pron="wɔːk">walk</w>
         <c> </c>
         <w xml:id="o4985-251960"
            n="118-a-0640"
            ecep:lem="do"
            ecep:pos="vdb"
            ecep:reg="do"
            ecep:spe="do"
            ecep:syllab="1"
            ecep:pron="duː">do</w>
         <c> </c>
         <w xml:id="o4985-251970"
            n="118-a-0650"
            ecep:lem="thou"
            ecep:pos="pns21"
            ecep:reg="thou"
            ecep:spe="thou"
            ecep:syllab="1"
            ecep:pron="θaʊ">thou</w>
         <c> </c>
         <w xml:id="o4985-251980"
            n="118-a-0660"
            ecep:lem="adorn"
            ecep:pos="vvi"
            ecep:reg="adorn"
            ecep:spe="adorn"
            ecep:syllab="2"
            ecep:pron="əˈdɔːn">adorn</w>
         <pc xml:id="o4985-251990"
             n="118-a-0670"
             ecep:lem=","
             ecep:pos=","
             ecep:reg=","
             ecep:spe=",">,</pc>
      </l>
      <l xml:id="o4985-l13465">
         <c> </c>
         <w xml:id="o4985-252000"
            n="118-a-0680"
            ecep:lem="over"
            ecep:pos="p-acp"
            ecep:reg="Over"
            ecep:spe="O'er"
            ecep:syllab="1"
            ecep:pron="ˈɔːə">O'er</w>
         <c> </c>
         <w xml:id="o4985-252010"
            n="118-a-0690"
            ecep:lem="these"
            ecep:pos="d"
            ecep:reg="these"
            ecep:spe="these"
            ecep:syllab="1"
            ecep:pron="ðiːz">these</w>
         <c> </c>
         <w xml:id="o4985-252020"
            n="118-a-0700"
            ecep:lem="green"
            ecep:pos="j-jn"
            ecep:reg="green"
            ecep:spe="green"
            ecep:syllab="1"
            ecep:pron="griːn">green</w>
         <c> </c>
         <w xml:id="o4985-252030"
            n="118-a-0710"
            ecep:lem="slope"
            ecep:pos="n2"
            ecep:reg="slopes"
            ecep:spe="slopes"
            ecep:syllab="1"
            ecep:pron="sləʊps">slopes</w>
         <pc xml:id="o4985-252040"
             n="118-a-0720"
             ecep:lem=","
             ecep:pos=","
             ecep:reg=","
             ecep:spe=",">,</pc>
         <c> </c>
         <w xml:id="o4985-252050"
            n="118-a-0730"
            ecep:lem="from"
            ecep:pos="p-acp"
            ecep:reg="from"
            ecep:spe="from"
            ecep:syllab="1"
            ecep:pron="frɒm">from</w>
         <c> </c>
         <w xml:id="o4985-252060"
            n="118-a-0740"
            ecep:lem="tumult"
            ecep:pos="n1"
            ecep:reg="tumult"
            ecep:spe="tumult"
            ecep:syllab="2"
            ecep:pron="ˈtʃuːmʌlt">tumult</w>
         <c> </c>
         <w xml:id="o4985-252070"
            n="118-a-0750"
            ecep:lem="far"
            ecep:pos="av-j"
            ecep:reg="far"
            ecep:spe="far"
            ecep:syllab="1"
            ecep:pron="fɑː">far</w>
         <pc xml:id="o4985-252080"
             n="118-a-0760"
             ecep:lem=";"
             ecep:pos=";"
             ecep:reg=";"
             ecep:spe=";">;</pc>
      </l>
      <l xml:id="o4985-l13470">
         <c> </c>
         <w xml:id="o4985-252090"
            n="118-a-0770"
            ecep:lem="whether"
            ecep:pos="cs"
            ecep:reg="Whether"
            ecep:spe="Whether"
            ecep:syllab="2"
            ecep:pron="ˈweðə">Whether</w>
         <c> </c>
         <w xml:id="o4985-252100"
            n="118-a-0780"
            ecep:lem="he"
            ecep:pos="pns31"
            ecep:reg="he"
            ecep:spe="he"
            ecep:syllab="1"
            ecep:pron="hiː">he</w>
         <c> </c>
         <w xml:id="o4985-252110"
            n="118-a-0790"
            ecep:lem="greet"
            ecep:pos="vvb"
            ecep:reg="greet"
            ecep:spe="greet"
            ecep:syllab="1"
            ecep:pron="griːt">greet</w>
         <c> </c>
         <w xml:id="o4985-252120"
            n="118-a-0800"
            ecep:lem="the"
            ecep:pos="dt"
            ecep:reg="the"
            ecep:spe="the"
            ecep:syllab="1"
            ecep:pron="ðiː">the</w>
         <c> </c>
         <w xml:id="o4985-252130"
            n="118-a-0810"
            ecep:lem="blush"
            ecep:pos="j-vvg"
            ecep:reg="blushing"
            ecep:spe="blushing"
            ecep:syllab="2"
            ecep:pron="blʌʃɪŋ">blushing</w>
         <c> </c>
         <w xml:id="o4985-252140"
            n="118-a-0820"
            ecep:lem="morn"
            ecep:pos="n1"
            ecep:reg="morn"
            ecep:spe="morn"
            ecep:syllab="1"
            ecep:pron="mɔːn">morn</w>
         <pc xml:id="o4985-252150"
             n="118-a-0830"
             ecep:lem=","
             ecep:pos=","
             ecep:reg=","
             ecep:spe=",">,</pc>
      </l>
      <l xml:id="o4985-l13475">
         <c> </c>
         <w xml:id="o4985-252160"
            n="118-a-0840"
            ecep:lem="or"
            ecep:pos="cc"
            ecep:reg="Or"
            ecep:spe="Or"
            ecep:syllab="1"
            ecep:pron="ɔː">Or</w>
         <c> </c>
         <w xml:id="o4985-252170"
            n="118-a-0850"
            ecep:lem="welcome"
            ecep:pos="vvi"
            ecep:reg="welcome"
            ecep:spe="welcome"
            ecep:syllab="2"
            ecep:pron="ˈwelkəm">welcome</w>
         <c> </c>
         <w xml:id="o4985-252180"
            n="118-a-0860"
            ecep:lem="up"
            ecep:pos="p-acp"
            ecep:reg="up"
            ecep:spe="up"
            ecep:syllab="1"
            ecep:pron="ʌp">up</w>
         <c> </c>
         <w xml:id="o4985-252190"
            n="118-a-0870"
            ecep:lem="you"
            ecep:pos="pn22"
            ecep:reg="you"
            ecep:spe="you"
            ecep:syllab="1"
            ecep:pron="juː">you</w>
         <c> </c>
         <w xml:id="o4985-252200"
            n="118-a-0880"
            ecep:lem="evening"
            ecep:pos="n1"
            ecep:reg="evening"
            ecep:spe="evening"
            ecep:syllab="2"
            ecep:pron="ˈiːvnɪŋ">evening</w>
         <c> </c>
         <w xml:id="o4985-252210"
            n="118-a-0890"
            ecep:lem="star"
            ecep:pos="n1"
            ecep:reg="star"
            ecep:spe="star"
            ecep:syllab="1"
            ecep:pron="stɑː">star</w>
         <pc xml:id="o4985-252220"
             n="118-a-0900"
             ecep:lem=":"
             ecep:pos=":"
             ecep:reg=":"
             ecep:spe=":">:</pc>
      </l>
   </lg>
   <lg xml:id="o4985-s01235">
      <l xml:id="o4985-l13480">
         <w xml:id="o4985-252250"
            n="118-a-0910"
            ecep:lem="intent"
            ecep:pos="n1"
            ecep:reg="Intent"
            ecep:spe="Intent"
            ecep:syllab="2"
            ecep:pron="ɪnˈtent">Intent</w>
         <pc xml:id="o4985-252260"
             n="118-a-0920"
             ecep:lem=","
             ecep:pos=","
             ecep:reg=","
             ecep:spe=",">,</pc>
         <c> </c>
         <w xml:id="o4985-252270"
            n="118-a-0930"
            ecep:lem="while"
            ecep:pos="cs"
            ecep:reg="while"
            ecep:spe="while"
            ecep:syllab="1"
            ecep:pron="ˈwaɪl">while</w>
         <c> </c>
         <w xml:id="o4985-252280"
            n="118-a-0940"
            ecep:lem="through"
            ecep:pos="p-acp"
            ecep:reg="through"
            ecep:spe="thro'"
            ecep:syllab="1"
            ecep:pron="θruː">thro'</w>
         <c> </c>
         <w xml:id="o4985-252290"
            n="118-a-0950"
            ecep:lem="these"
            ecep:pos="d"
            ecep:reg="these"
            ecep:spe="these"
            ecep:syllab="1"
            ecep:pron="ðiːz">these</w>
         <c> </c>
         <w xml:id="o4985-252300"
            n="118-a-0960"
            ecep:lem="tuft"
            ecep:pos="j-vvn"
            ecep:reg="tufted"
            ecep:spe="tufted"
            ecep:syllab="2"
            ecep:pron="tʌftɪd">tufted</w>
         <c> </c>
         <w xml:id="o4985-252310"
            n="118-a-0970"
            ecep:lem="bower"
            ecep:pos="n2"
            ecep:reg="bowers"
            ecep:spe="bowers"
            ecep:syllab="2"
            ecep:pron="ˈbaʊəz">bowers</w>
      </l>
      <l xml:id="o4985-l13485">
         <c> </c>
         <w xml:id="o4985-252320"
            n="118-a-0980"
            ecep:lem="thy"
            ecep:pos="po21"
            ecep:reg="Thy"
            ecep:spe="Thy"
            ecep:syllab="1"
            ecep:pron="ðaɪ">Thy</w>
         <c> </c>
         <w xml:id="o4985-252330"
            n="118-a-0990"
            ecep:lem="generous"
            ecep:pos="j"
            ecep:reg="generous"
            ecep:spe="generous"
            ecep:syllab="2"
            ecep:pron="ˈdʒenrəs">generous</w>
         <c> </c>
         <w xml:id="o4985-252340"
            n="118-a-1000"
            ecep:lem="whisper"
            ecep:pos="n2"
            ecep:reg="whispers"
            ecep:spe="whispers"
            ecep:syllab="2"
            ecep:pron="ˈwɪspəz">whispers</w>
         <c> </c>
         <w xml:id="o4985-252350"
            n="118-a-1010"
            ecep:lem="charm"
            ecep:pos="vvi"
            ecep:reg="charm"
            ecep:spe="charm"
            ecep:syllab="1"
            ecep:pron="tʃɑːm">charm</w>
         <c> </c>
         <w xml:id="o4985-252360"
            n="118-a-1020"
            ecep:lem="his"
            ecep:pos="po31"
            ecep:reg="his"
            ecep:spe="his"
            ecep:syllab="1"
            ecep:pron="hɪz">his</w>
         <c> </c>
         <w xml:id="o4985-252370"
            n="118-a-1030"
            ecep:lem="ear"
            ecep:pos="n1"
            ecep:reg="ear"
            ecep:spe="ear"
            ecep:syllab="1"
            ecep:pron="ɪə">ear</w>
         <pc xml:id="o4985-252380"
             n="118-a-1040"
             ecep:lem=","
             ecep:pos=","
             ecep:reg=","
             ecep:spe=",">,</pc>
      </l>
      <l xml:id="o4985-l13490">
         <c> </c>
         <w xml:id="o4985-252390"
            n="118-a-1050"
            ecep:lem="to"
            ecep:pos="pc-acp"
            ecep:reg="To"
            ecep:spe="To"
            ecep:syllab="1"
            ecep:pron="tuː">To</w>
         <c> </c>
         <w xml:id="o4985-252400"
            n="118-a-1060"
            ecep:lem="hail"
            ecep:pos="vvi"
            ecep:reg="hail"
            ecep:spe="hail"
            ecep:syllab="1"
            ecep:pron="heɪl">hail</w>
         <c> </c>
         <w xml:id="o4985-252410"
            n="118-a-1070"
            ecep:lem="from"
            ecep:pos="p-acp"
            ecep:reg="from"
            ecep:spe="from"
            ecep:syllab="1"
            ecep:pron="frɒm">from</w>
         <c> </c>
         <w xml:id="o4985-252420"
            n="118-a-1080"
            ecep:lem="heaven"
            ecep:pos="n1"
            ecep:reg="heaven"
            ecep:spe="heaven"
            ecep:syllab="1"
            ecep:pron="ˈhevn">heaven</w>
         <c> </c>
         <w xml:id="o4985-252430"
            n="118-a-1090"
            ecep:lem="thy"
            ecep:pos="po21"
            ecep:reg="thy"
            ecep:spe="thy"
            ecep:syllab="1"
            ecep:pron="ðaɪ">thy</w>
         <c> </c>
         <w xml:id="o4985-252440"
            n="118-a-1100"
            ecep:lem="kindred"
            ecep:pos="n1"
            ecep:reg="kindred"
            ecep:spe="kindred"
            ecep:syllab="2"
            ecep:pron="ˈkɪndrəd">kindred</w>
         <c> </c>
         <w xml:id="o4985-252450"
            n="118-a-1110"
            ecep:lem="power"
            ecep:pos="n2"
            ecep:reg="powers"
            ecep:spe="powers"
            ecep:syllab="1"
            ecep:pron="ˈpaʊəz">powers</w>
         <pc xml:id="o4985-252460"
             n="118-a-1120"
             ecep:lem=","
             ecep:pos=","
             ecep:reg=","
             ecep:spe=",">,</pc>
      </l>
      <l xml:id="o4985-l13495">
         <c> </c>
         <w xml:id="o4985-252470"
            n="118-a-1130"
            ecep:lem="and"
            ecep:pos="cc"
            ecep:reg="And"
            ecep:spe="And"
            ecep:syllab="1"
            ecep:pron="ænd">And</w>
         <c> </c>
         <w xml:id="o4985-252480"
            n="118-a-1140"
            ecep:lem="meet"
            ecep:pos="vvi"
            ecep:reg="meet"
            ecep:spe="meet"
            ecep:syllab="1"
            ecep:pron="miːt">meet</w>
         <c> </c>
         <w xml:id="o4985-252490"
            n="118-a-1150"
            ecep:lem="fair"
            ecep:pos="j"
            ecep:reg="fair"
            ecep:spe="fair"
            ecep:syllab="1"
            ecep:pron="feə">fair</w>
         <c> </c>
         <w xml:id="o4985-252500"
            n="118-a-1160"
            ecep:lem="peace"
            ecep:pos="n1"
            ecep:reg="Peace"
            ecep:spe="Peace"
            ecep:syllab="1"
            ecep:pron="piːs">Peace</w>
         <c> </c>
         <w xml:id="o4985-252510"
            n="118-a-1170"
            ecep:lem="and"
            ecep:pos="cc"
            ecep:reg="and"
            ecep:spe="and"
            ecep:syllab="1"
            ecep:pron="ænd">and</w>
         <c> </c>
         <w xml:id="o4985-252520"
            n="118-a-1180"
            ecep:lem="freedom"
            ecep:pos="n1"
            ecep:reg="Freedom"
            ecep:spe="Freedom"
            ecep:syllab="2"
            ecep:pron="ˈfriːdəm">Freedom</w>
         <c> </c>
         <w xml:id="o4985-252530"
            n="118-a-1190"
            ecep:lem="here"
            ecep:pos="av"
            ecep:reg="here"
            ecep:spe="here"
            ecep:syllab="1"
            ecep:pron="hɪə">here</w>
         <pc xml:id="o4985-252540"
             n="118-a-1200"
             unit="sentence"
             ecep:lem="."
             ecep:pos="."
             ecep:reg="."
             ecep:spe=".">.</pc>
         <c> </c>
      </l>
   </lg>
   <lg xml:id="o4985-s01240">
      <l xml:id="o4985-l13500">
         <w xml:id="o4985-252570"
            n="118-a-1210"
            ecep:lem="yet"
            ecep:pos="av"
            ecep:reg="Yet"
            ecep:spe="Yet"
            ecep:syllab="1"
            ecep:pron="jet">Yet</w>
         <c> </c>
         <w xml:id="o4985-252580"
            n="118-a-1220"
            ecep:lem="prompt"
            ecep:pos="j"
            ecep:reg="prompt"
            ecep:spe="prompt"
            ecep:syllab="1"
            ecep:pron="prɒmt">prompt</w>
         <c> </c>
         <w xml:id="o4985-252590"
            n="118-a-1230"
            ecep:lem="to"
            ecep:pos="pc-acp"
            ecep:reg="to"
            ecep:spe="to"
            ecep:syllab="1"
            ecep:pron="tuː">to</w>
         <c> </c>
         <w xml:id="o4985-252600"
            n="118-a-1240"
            ecep:lem="stay"
            ecep:pos="vvi"
            ecep:reg="stay"
            ecep:spe="stay"
            ecep:syllab="1"
            ecep:pron="steɪ">stay</w>
         <c> </c>
         <w xml:id="o4985-252610"
            n="118-a-1250"
            ecep:lem="his"
            ecep:pos="po31"
            ecep:reg="his"
            ecep:spe="his"
            ecep:syllab="1"
            ecep:pron="hɪz">his</w>
         <c> </c>
         <w xml:id="o4985-252620"
            n="118-a-1260"
            ecep:lem="country"
            ecep:pos="ng1"
            ecep:reg="country's"
            ecep:spe="country's"
            ecep:syllab="2"
            ecep:pron="ˈkʌntriz">country's</w>
         <c> </c>
         <w xml:id="o4985-252630"
            n="118-a-1270"
            ecep:lem="fall"
            ecep:pos="n1"
            ecep:reg="fall"
            ecep:spe="fall"
            ecep:syllab="1"
            ecep:pron="fɔːl">fall</w>
         <pc xml:id="o4985-252640"
             n="118-a-1280"
             ecep:lem=","
             ecep:pos=","
             ecep:reg=","
             ecep:spe=",">,</pc>
      </l>
      <l xml:id="o4985-l13505">
         <c> </c>
         <w xml:id="o4985-252650"
            n="118-a-1290"
            ecep:lem="the"
            ecep:pos="dt"
            ecep:reg="The"
            ecep:spe="The"
            ecep:syllab="1"
            ecep:pron="ðiː">The</w>
         <c> </c>
         <w xml:id="o4985-252660"
            n="118-a-1300"
            ecep:lem="stormy"
            ecep:pos="j"
            ecep:reg="stormy"
            ecep:spe="stormy"
            ecep:syllab="2"
            ecep:pron="ˈstɔːmi">stormy</w>
         <c> </c>
         <w xml:id="o4985-252670"
            n="118-a-1310"
            ecep:lem="city"
            ecep:pos="ng1"
            ecep:reg="city's"
            ecep:spe="city's"
            ecep:syllab="2"
            ecep:pron="ˈsɪtiz">city's</w>
         <c> </c>
         <w xml:id="o4985-252680"
            n="118-a-1320"
            ecep:lem="war"
            ecep:pos="n1"
            ecep:reg="war"
            ecep:spe="war"
            ecep:syllab="1"
            ecep:pron="wɔː">war</w>
         <c> </c>
         <w xml:id="o4985-252690"
            n="118-a-1330"
            ecep:lem="he|will"
            ecep:pos="pns31|vmb"
            ecep:reg="he'll"
            ecep:spe="he'll"
            ecep:syllab="1"
            ecep:pron="hiːl">he'll</w>
         <c> </c>
         <w xml:id="o4985-252700"
            n="118-a-1340"
            ecep:lem="join"
            ecep:pos="vvi"
            ecep:reg="join"
            ecep:spe="join"
            ecep:syllab="1"
            ecep:pron="dʒɔɪn">join</w>
         <pc xml:id="o4985-252710"
             n="118-a-1350"
             ecep:lem=","
             ecep:pos=","
             ecep:reg=","
             ecep:spe=",">,</pc>
      </l>
      <l xml:id="o4985-l13510">
         <c> </c>
         <w xml:id="o4985-252720"
            n="118-a-1360"
            ecep:lem="when"
            ecep:pos="c-crq"
            ecep:reg="When"
            ecep:spe="When"
            ecep:syllab="1"
            ecep:pron="wen">When</w>
         <c> </c>
         <w xml:id="o4985-252730"
            n="118-a-1370"
            ecep:lem="thou"
            ecep:pos="pns21"
            ecep:reg="thou"
            ecep:spe="thou"
            ecep:syllab="1"
            ecep:pron="θaʊ">thou</w>
         <pc xml:id="o4985-252740"
             n="118-a-1380"
             ecep:lem=","
             ecep:pos=","
             ecep:reg=","
             ecep:spe=",">,</pc>
         <c> </c>
         <w xml:id="o4985-252750"
            n="118-a-1390"
            ecep:lem="and"
            ecep:pos="cc"
            ecep:reg="and"
            ecep:spe="and"
            ecep:syllab="1"
            ecep:pron="ænd">and</w>
         <c> </c>
         <w xml:id="o4985-252760"
            n="118-a-1400"
            ecep:lem="truth"
            ecep:pos="n1"
            ecep:reg="Truth"
            ecep:spe="Truth"
            ecep:syllab="1"
            ecep:pron="truːθ">Truth</w>
         <pc xml:id="o4985-252770"
             n="118-a-1410"
             ecep:lem=","
             ecep:pos=","
             ecep:reg=","
             ecep:spe=",">,</pc>
         <c> </c>
         <w xml:id="o4985-252780"
            n="118-a-1420"
            ecep:lem="and"
            ecep:pos="cc"
            ecep:reg="and"
            ecep:spe="and"
            ecep:syllab="1"
            ecep:pron="ænd">and</w>
         <c> </c>
         <w xml:id="o4985-252790"
            n="118-a-1430"
            ecep:lem="freedom"
            ecep:pos="n1"
            ecep:reg="Freedom"
            ecep:spe="Freedom"
            ecep:syllab="2"
            ecep:pron="ˈfriːdəm">Freedom</w>
         <c> </c>
         <w xml:id="o4985-252800"
            n="118-a-1440"
            ecep:lem="call"
            ecep:pos="vvb"
            ecep:reg="call"
            ecep:spe="call"
            ecep:syllab="1"
            ecep:pron="kɔːl">call</w>
         <pc xml:id="o4985-252810"
             n="118-a-1450"
             ecep:lem=":"
             ecep:pos=":"
             ecep:reg=":"
             ecep:spe=":">:</pc>
      </l>
      <l xml:id="o4985-l13515">
         <c> </c>
         <w xml:id="o4985-252820"
            n="118-a-1460"
            ecep:lem="for"
            ecep:pos="p-acp"
            ecep:reg="For"
            ecep:spe="For"
            ecep:syllab="1"
            ecep:pron="fɔː">For</w>
         <c> </c>
         <w xml:id="o4985-252830"
            n="118-a-1470"
            ecep:lem="freedom"
            ecep:pos="ng1"
            ecep:reg="Freedom's"
            ecep:spe="Freedom's"
            ecep:syllab="2"
            ecep:pron="ˈfriːdəmz">Freedom's</w>
         <c> </c>
         <w xml:id="o4985-252840"
            n="118-a-1480"
            ecep:lem="voice"
            ecep:pos="n1"
            ecep:reg="voice"
            ecep:spe="voice"
            ecep:syllab="1"
            ecep:pron="vɔɪs">voice</w>
         <pc xml:id="o4985-252850"
             n="118-a-1490"
             ecep:lem=","
             ecep:pos=","
             ecep:reg=","
             ecep:spe=",">,</pc>
         <c> </c>
         <w xml:id="o4985-252860"
            n="118-a-1500"
            ecep:lem="and"
            ecep:pos="cc"
            ecep:reg="and"
            ecep:spe="and"
            ecep:syllab="1"
            ecep:pron="ænd">and</w>
         <c> </c>
         <w xml:id="o4985-252870"
            n="118-a-1510"
            ecep:lem="truth|be"
            ecep:pos="n1|vbz"
            ecep:reg="Truth's"
            ecep:spe="Truth's"
            ecep:syllab="1"
            ecep:pron="truːθz">Truth's</w>
         <pc xml:id="o4985-252880"
             n="118-a-1520"
             ecep:lem=","
             ecep:pos=","
             ecep:reg=","
             ecep:spe=",">,</pc>
         <c> </c>
         <w xml:id="o4985-252890"
            n="118-a-1530"
            ecep:lem="be"
            ecep:pos="vbb"
            ecep:reg="are"
            ecep:spe="are"
            ecep:syllab="1"
            ecep:pron="ɑː">are</w>
         <c> </c>
         <w xml:id="o4985-252900"
            n="118-a-1540"
            ecep:lem="thy"
            ecep:pos="po21"
            ecep:reg="thine"
            ecep:spe="thine"
            ecep:syllab="1"
            ecep:pron="ðaɪn">thine</w>
         <pc xml:id="o4985-252910"
             n="118-a-1550"
             unit="sentence"
             ecep:lem="."
             ecep:pos="."
             ecep:reg="."
             ecep:spe=".">.</pc>
         <c> </c>
      </l>
   </lg>
</div>
