<?xml version="1.0" encoding="UTF-8"?>
<div xmlns:ecep="http://www.eighteenthcenturypoetry.org/ns"
     xmlns="http://www.tei-c.org/ns/1.0"
     xmlns:tei="http://www.tei-c.org/ns/1.0"
     ana="#iamb #ode"
     corresp="#txt_HandEl1746_w0044"
     decls="#semi-normalized"
     ecep:syllab=""
     met="irregular"
     rendition="#lgvspace"
     subtype="eceptext"
     type="poem"
     xml:id="peh89-w0440">
   <link target="authors.xml#aut_HandEl1746" type="author"/>
   <head type="main">
      <w xml:id="peh89-307190"
         n="peh89/0166-a-0010"
         ecep:lem="critical"
         ecep:pos="j"
         ecep:reg="CRITICAL"
         ecep:spe="CRITICAL"
         ecep:syllab="3"
         ecep:pron="ˈkrɪtɪkl">CRITICAL</w>
      <c> </c>
      <w xml:id="peh89-307200"
         n="peh89/0166-a-0020"
         ecep:lem="fragment"
         ecep:pos="n2"
         ecep:reg="FRAGMENTS"
         ecep:spe="FRAGMENTS"
         ecep:syllab="2"
         ecep:pron="ˈfrægmənts">FRAGMENTS</w>
      <pc xml:id="peh89-307210"
          n="peh89/0166-a-0030"
          ecep:lem=","
          ecep:pos=","
          ecep:reg=","
          ecep:spe=",">,</pc>
      <c> </c>
      <w xml:id="peh89-307220"
         n="peh89/0166-a-0040"
         ecep:lem="on"
         ecep:pos="p-acp"
         ecep:reg="ON"
         ecep:spe="ON"
         ecep:syllab="1"
         ecep:pron="ɒn">ON</w>
      <c> </c>
      <w xml:id="peh89-307230"
         n="peh89/0166-a-0050"
         ecep:lem="some"
         ecep:pos="d"
         ecep:reg="SOME"
         ecep:spe="SOME"
         ecep:syllab="1"
         ecep:pron="sʌm">SOME</w>
      <c> </c>
      <w xml:id="peh89-307240"
         n="peh89/0166-a-0060"
         ecep:lem="of"
         ecep:pos="pp-f"
         ecep:reg="OF"
         ecep:spe="OF"
         ecep:syllab="1"
         ecep:pron="ɒv">OF</w>
      <c> </c>
      <w xml:id="peh89-307250"
         n="peh89/0166-a-0070"
         ecep:lem="the"
         ecep:pos="dt"
         ecep:reg="THE"
         ecep:spe="THE"
         ecep:syllab="1"
         ecep:pron="ðiː">THE</w>
      <c> </c>
      <w xml:id="peh89-307260"
         n="peh89/0166-a-0080"
         ecep:lem="english"
         ecep:pos="jp"
         ecep:reg="ENGLISH"
         ecep:spe="ENGLISH"
         ecep:syllab="2"
         ecep:pron="ˈɪŋglɪʃ">ENGLISH</w>
      <c> </c>
      <w xml:id="peh89-307270"
         n="peh89/0166-a-0090"
         ecep:lem="poet"
         ecep:pos="n2"
         ecep:reg="POETS"
         ecep:spe="POETS"
         ecep:syllab="2"
         ecep:pron="ˈpəʊɪts">POETS</w>
      <pc xml:id="peh89-307280"
          n="peh89/0166-a-0100"
          unit="sentence"
          ecep:lem="."
          ecep:pos="."
          ecep:reg="."
          ecep:spe=".">.</pc>
   </head>
   <lg rhyme="" xml:id="peh89-s01090">
      <l n="1" xml:id="peh89-l11955">
         <hi rendition="#sc">
            <w xml:id="peh89-307310"
               n="peh89/0166-a-0110"
               ecep:lem="Milton"
               ecep:pos="np1"
               ecep:reg="Milton"
               ecep:spe="Milton"
               ecep:syllab="2"
               ecep:pron="ˈmɪltən">Milton</w>
         </hi>
         <pc xml:id="peh89-307320"
             n="peh89/0166-a-0120"
             ecep:lem=","
             ecep:pos=","
             ecep:reg=","
             ecep:spe=",">,</pc>
         <c> </c>
         <w xml:id="peh89-307330"
            n="peh89/0166-a-0130"
            ecep:lem="in"
            ecep:pos="p-acp"
            ecep:reg="in"
            ecep:spe="in"
            ecep:syllab="1"
            ecep:pron="ɪn">in</w>
         <c> </c>
         <w xml:id="peh89-307340"
            n="peh89/0166-a-0140"
            ecep:lem="ponderous"
            ecep:pos="j"
            ecep:reg="ponderous"
            ecep:spe="pond'rous"
            ecep:syllab="2"
            ecep:pron="ˈpɒndrəs">pond'rous</w>
         <c> </c>
         <w xml:id="peh89-307350"
            n="peh89/0166-a-0150"
            ecep:lem="verse"
            ecep:pos="n1"
            ecep:reg="verse"
            ecep:spe="verse"
            ecep:syllab="1"
            ecep:pron="vɜːs">verse</w>
         <pc xml:id="peh89-307360"
             n="peh89/0166-a-0160"
             ecep:lem=","
             ecep:pos=","
             ecep:reg=","
             ecep:spe=",">,</pc>
         <c> </c>
         <w xml:id="peh89-307370"
            n="peh89/0166-a-0170"
            ecep:lem="move"
            ecep:pos="vvz"
            ecep:reg="moves"
            ecep:spe="moves"
            ecep:syllab="1"
            ecep:pron="muːvz">moves</w>
         <c> </c>
         <w xml:id="peh89-307380"
            n="peh89/0166-a-0180"
            ecep:lem="great"
            ecep:pos="av-j"
            ecep:reg="greatly"
            ecep:spe="greatly"
            ecep:syllab="2"
            ecep:pron="ˈgreɪtli">greatly</w>
         <c> </c>
         <w xml:id="peh89-307390"
            n="peh89/0166-a-0190"
            ecep:lem="on"
            ecep:pos="a-acp"
            ecep:reg="on"
            ecep:spe="on"
            ecep:syllab="1"
            ecep:pron="ɒn">on</w>
         <pc xml:id="peh89-307400"
             n="peh89/0166-a-0200"
             ecep:lem=","
             ecep:pos=","
             ecep:reg=","
             ecep:spe=",">,</pc>
      </l>
      <l n="2" xml:id="peh89-l11960">
         <c> </c>
         <w xml:id="peh89-307410"
            n="peh89/0166-a-0210"
            ecep:lem="wield"
            ecep:pos="vvg"
            ecep:reg="Wielding"
            ecep:spe="Wielding"
            ecep:syllab="2"
            ecep:pron="wiːldɪŋ">Wielding</w>
         <c> </c>
         <w xml:id="peh89-307420"
            n="peh89/0166-a-0220"
            ecep:lem="his"
            ecep:pos="po31"
            ecep:reg="his"
            ecep:spe="his"
            ecep:syllab="1"
            ecep:pron="hɪz">his</w>
         <c> </c>
         <w xml:id="peh89-307430"
            n="peh89/0166-a-0230"
            ecep:lem="massy"
            ecep:pos="j"
            ecep:reg="massy"
            ecep:spe="massy"
            ecep:syllab="2"
            ecep:pron="ˈmæsi">massy</w>
         <c> </c>
         <w xml:id="peh89-307440"
            n="peh89/0166-a-0240"
            ecep:lem="theme"
            ecep:pos="n1"
            ecep:reg="theme"
            ecep:spe="theme"
            ecep:syllab="1"
            ecep:pron="θiːm">theme</w>
         <pc xml:id="peh89-307450"
             n="peh89/0166-a-0250"
             ecep:lem=";"
             ecep:pos=";"
             ecep:reg=";"
             ecep:spe=";">;</pc>
         <c> </c>
         <w xml:id="peh89-307460"
            n="peh89/0166-a-0260"
            ecep:lem="with"
            ecep:pos="p-acp"
            ecep:reg="with"
            ecep:spe="with"
            ecep:syllab="1"
            ecep:pron="wɪð">with</w>
         <c> </c>
         <w xml:id="peh89-307470"
            n="peh89/0166-a-0270"
            ecep:lem="wondrous"
            ecep:pos="j"
            ecep:reg="wondrous"
            ecep:spe="wond'rous"
            ecep:syllab="2"
            ecep:pron="ˈwʌndrəs">wond'rous</w>
         <c> </c>
         <w xml:id="peh89-307480"
            n="peh89/0166-a-0280"
            ecep:lem="strength"
            ecep:pos="n1"
            ecep:reg="strength"
            ecep:spe="strength"
            ecep:syllab="1"
            ecep:pron="streŋθ">strength</w>
      </l>
      <l n="3" xml:id="peh89-l11965">
         <c> </c>
         <w xml:id="peh89-307490"
            n="peh89/0166-a-0290"
            ecep:lem="he"
            ecep:pos="pns31"
            ecep:reg="He"
            ecep:spe="He"
            ecep:syllab="1"
            ecep:pron="hiː">He</w>
         <c> </c>
         <w xml:id="peh89-307500"
            n="peh89/0166-a-0300"
            ecep:lem="labour"
            ecep:pos="vvz"
            ecep:reg="labours"
            ecep:spe="labours"
            ecep:syllab="2"
            ecep:pron="ˈleɪbəz">labours</w>
         <c> </c>
         <w xml:id="peh89-307510"
            n="peh89/0166-a-0310"
            ecep:lem="forward"
            ecep:pos="av-j"
            ecep:reg="forward"
            ecep:spe="forward"
            ecep:syllab="2"
            ecep:pron="ˈfɔːwəd">forward</w>
         <pc xml:id="peh89-307520"
             n="peh89/0166-a-0320"
             unit="sentence"
             ecep:lem="."
             ecep:pos="."
             ecep:reg="."
             ecep:spe=".">.</pc>
         <c> </c>
      </l>
   </lg>
   <lg rhyme="" xml:id="peh89-s01095">
      <l n="4" rendition="#h_9" xml:id="peh89-l11970">
         <hi rendition="#sc">
            <w xml:id="peh89-307550"
               n="peh89/0166-a-0330"
               ecep:lem="Shakespear"
               ecep:pos="np1"
               ecep:reg="Shakespear"
               ecep:spe="Shakespear"
               ecep:syllab="3"
               ecep:pron="ˈʃeɪkspiːə">Shakespear</w>
         </hi>
         <c> </c>
         <w xml:id="peh89-307560"
            n="peh89/0166-a-0340"
            ecep:lem="gentle"
            ecep:pos="av-jn"
            ecep:reg="gently"
            ecep:spe="gently"
            ecep:syllab="2"
            ecep:pron="ˈdʒentli">gently</w>
         <c> </c>
         <w xml:id="peh89-307570"
            n="peh89/0166-a-0350"
            ecep:lem="glide"
            ecep:pos="vvz"
            ecep:reg="glides"
            ecep:spe="glides"
            ecep:syllab="1"
            ecep:pron="glaɪdz">glides</w>
         <pc xml:id="peh89-307580"
             n="peh89/0166-a-0360"
             ecep:lem=","
             ecep:pos=","
             ecep:reg=","
             ecep:spe=",">,</pc>
      </l>
      <l n="5" xml:id="peh89-l11975">
         <c> </c>
         <w xml:id="peh89-307590"
            n="peh89/0166-a-0370"
            ecep:lem="and"
            ecep:pos="cc"
            ecep:reg="And"
            ecep:spe="And"
            ecep:syllab="1"
            ecep:pron="ænd">And</w>
         <pc xml:id="peh89-307600"
             n="peh89/0166-a-0380"
             ecep:lem=","
             ecep:pos=","
             ecep:reg=","
             ecep:spe=",">,</pc>
         <c> </c>
         <w xml:id="peh89-307610"
            n="peh89/0166-a-0390"
            ecep:lem="like"
            ecep:pos="av-j"
            ecep:reg="like"
            ecep:spe="like"
            ecep:syllab="1"
            ecep:pron="laɪk">like</w>
         <c> </c>
         <w xml:id="peh89-307620"
            n="peh89/0166-a-0400"
            ecep:lem="a"
            ecep:pos="dt"
            ecep:reg="a"
            ecep:spe="a"
            ecep:syllab="1"
            ecep:pron="ə">a</w>
         <c> </c>
         <w xml:id="peh89-307630"
            n="peh89/0166-a-0410"
            ecep:lem="polish"
            ecep:pos="j-vvn"
            ecep:reg="polished"
            ecep:spe="polish'd"
            ecep:syllab="2"
            ecep:pron="ˈpɒlɪʃt">polish'd</w>
         <c> </c>
         <w xml:id="peh89-307640"
            n="peh89/0166-a-0420"
            ecep:lem="mirror"
            ecep:pos="n1"
            ecep:reg="mirror"
            ecep:spe="mirror"
            ecep:syllab="2"
            ecep:pron="ˈmɪrə">mirror</w>
         <pc xml:id="peh89-307650"
             n="peh89/0166-a-0430"
             ecep:lem=","
             ecep:pos=","
             ecep:reg=","
             ecep:spe=",">,</pc>
         <c> </c>
         <w xml:id="peh89-307660"
            n="peh89/0166-a-0440"
            ecep:lem="as"
            ecep:pos="c-acp"
            ecep:reg="as"
            ecep:spe="as"
            ecep:syllab="1"
            ecep:pron="æz">as</w>
         <c> </c>
         <w xml:id="peh89-307670"
            n="peh89/0166-a-0450"
            ecep:lem="he"
            ecep:pos="pns31"
            ecep:reg="he"
            ecep:spe="he"
            ecep:syllab="1"
            ecep:pron="hiː">he</w>
         <c> </c>
         <w xml:id="peh89-307680"
            n="peh89/0166-a-0460"
            ecep:lem="pass"
            ecep:pos="vvz"
            ecep:reg="passes"
            ecep:spe="passes"
            ecep:syllab="2"
            ecep:pron="pɑːsɪz">passes</w>
      </l>
      <l n="6" xml:id="peh89-l11980">
         <c> </c>
         <w xml:id="peh89-307690"
            n="peh89/0166-a-0470"
            ecep:lem="reflect"
            ecep:pos="vvz"
            ecep:reg="Reflects"
            ecep:spe="Reflects"
            ecep:syllab="2"
            ecep:pron="rɪˈflekts">Reflects</w>
         <c> </c>
         <w xml:id="peh89-307700"
            n="peh89/0166-a-0480"
            ecep:lem="all"
            ecep:pos="d"
            ecep:reg="all"
            ecep:spe="all"
            ecep:syllab="1"
            ecep:pron="ɔːl">all</w>
         <c> </c>
         <w xml:id="peh89-307710"
            n="peh89/0166-a-0490"
            ecep:lem="nature"
            ecep:pos="n1"
            ecep:reg="nature"
            ecep:spe="nature"
            ecep:syllab="2"
            ecep:pron="ˈneɪtʃə">nature</w>
         <pc xml:id="peh89-307720"
             n="peh89/0166-a-0500"
             unit="sentence"
             ecep:lem="."
             ecep:pos="."
             ecep:reg="."
             ecep:spe=".">.</pc>
         <c> </c>
      </l>
   </lg>
   <lg rhyme="" xml:id="peh89-s01100">
      <l n="7" rendition="#h_6" xml:id="peh89-l11985">
         <hi rendition="#sc">
            <w xml:id="peh89-307750"
               n="peh89/0166-a-0510"
               ecep:lem="young"
               ecep:pos="j"
               ecep:reg="Young"
               ecep:spe="Young"
               ecep:syllab="1"
               ecep:pron="jʌŋ">Young</w>
         </hi>
         <pc xml:id="peh89-307760"
             n="peh89/0166-a-0520"
             ecep:lem=","
             ecep:pos=","
             ecep:reg=","
             ecep:spe=",">,</pc>
         <c> </c>
         <w xml:id="peh89-307770"
            n="peh89/0166-a-0530"
            ecep:lem="in"
            ecep:pos="p-acp"
            ecep:reg="in"
            ecep:spe="in"
            ecep:syllab="1"
            ecep:pron="ɪn">in</w>
         <c> </c>
         <w xml:id="peh89-307780"
            n="peh89/0166-a-0540"
            ecep:lem="thought"
            ecep:pos="n1"
            ecep:reg="thought"
            ecep:spe="thought"
            ecep:syllab="1"
            ecep:pron="θɔːt">thought</w>
         <c> </c>
         <w xml:id="peh89-307790"
            n="peh89/0166-a-0550"
            ecep:lem="profound"
            ecep:pos="j"
            ecep:reg="profound"
            ecep:spe="profound"
            ecep:syllab="2"
            ecep:pron="prəˈfaʊnd">profound</w>
         <pc xml:id="peh89-307800"
             n="peh89/0166-a-0560"
             ecep:lem=","
             ecep:pos=","
             ecep:reg=","
             ecep:spe=",">,</pc>
      </l>
      <l n="8" xml:id="peh89-l11990">
         <c> </c>
         <w xml:id="peh89-307810"
            n="peh89/0166-a-0570"
            ecep:lem="muse"
            ecep:pos="n2"
            ecep:reg="Muses"
            ecep:spe="Muses"
            ecep:syllab="2"
            ecep:pron="mjuːzɪz">Muses</w>
         <pc xml:id="peh89-307820"
             n="peh89/0166-a-0580"
             ecep:lem=","
             ecep:pos=","
             ecep:reg=","
             ecep:spe=",">,</pc>
         <c> </c>
         <w xml:id="peh89-307830"
            n="peh89/0166-a-0590"
            ecep:lem="contemplate"
            ecep:pos="vvz"
            ecep:reg="contemplates"
            ecep:spe="contemplates"
            ecep:syllab="3"
            ecep:pron="ˈkɒntəmpleɪts">contemplates</w>
         <pc xml:id="peh89-307840"
             n="peh89/0166-a-0600"
             ecep:lem=","
             ecep:pos=","
             ecep:reg=","
             ecep:spe=",">,</pc>
         <c> </c>
         <w xml:id="peh89-307850"
            n="peh89/0166-a-0610"
            ecep:lem="see"
            ecep:pos="vvz"
            ecep:reg="sees"
            ecep:spe="sees"
            ecep:syllab="1"
            ecep:pron="siːz">sees</w>
         <pc xml:id="peh89-307860"
             n="peh89/0166-a-0620"
             ecep:lem=","
             ecep:pos=","
             ecep:reg=","
             ecep:spe=",">,</pc>
         <c> </c>
         <w xml:id="peh89-307870"
            n="peh89/0166-a-0630"
            ecep:lem="and"
            ecep:pos="cc"
            ecep:reg="and"
            ecep:spe="and"
            ecep:syllab="1"
            ecep:pron="ænd">and</w>
         <c> </c>
         <w xml:id="peh89-307880"
            n="peh89/0166-a-0640"
            ecep:lem="feel"
            ecep:pos="vvz"
            ecep:reg="feels"
            ecep:spe="feels"
            ecep:syllab="1"
            ecep:pron="fiːlz">feels</w>
         <c> </c>
         <w xml:id="peh89-307890"
            n="peh89/0166-a-0650"
            ecep:lem="the"
            ecep:pos="dt"
            ecep:reg="the"
            ecep:spe="the"
            ecep:syllab="1"
            ecep:pron="ðiː">the</w>
         <c> </c>
         <w xml:id="peh89-307900"
            n="peh89/0166-a-0660"
            ecep:lem="woe"
            ecep:pos="n2"
            ecep:reg="woes"
            ecep:spe="woes"
            ecep:syllab="1"
            ecep:pron="wəʊz">woes</w>
      </l>
      <l n="9" xml:id="peh89-l11995">
         <c> </c>
         <w xml:id="peh89-307910"
            n="peh89/0166-a-0670"
            ecep:lem="that"
            ecep:pos="cst"
            ecep:reg="That"
            ecep:spe="That"
            ecep:syllab="1"
            ecep:pron="ðæt">That</w>
         <c> </c>
         <w xml:id="peh89-307920"
            n="peh89/0166-a-0680"
            ecep:lem="clog"
            ecep:pos="vvb"
            ecep:reg="clog"
            ecep:spe="clog"
            ecep:syllab="1"
            ecep:pron="klɒg">clog</w>
         <c> </c>
         <w xml:id="peh89-307930"
            n="peh89/0166-a-0690"
            ecep:lem="the"
            ecep:pos="dt"
            ecep:reg="the"
            ecep:spe="the"
            ecep:syllab="1"
            ecep:pron="ðiː">the</w>
         <c> </c>
         <w xml:id="peh89-307940"
            n="peh89/0166-a-0700"
            ecep:lem="soul"
            ecep:pos="n1"
            ecep:reg="soul"
            ecep:spe="soul"
            ecep:syllab="1"
            ecep:pron="səʊl">soul</w>
         <pc xml:id="peh89-307950"
             n="peh89/0166-a-0710"
             ecep:lem=";"
             ecep:pos=";"
             ecep:reg=";"
             ecep:spe=";">;</pc>
         <c> </c>
         <w xml:id="peh89-307960"
            n="peh89/0166-a-0720"
            ecep:lem="yet"
            ecep:pos="av"
            ecep:reg="yet"
            ecep:spe="yet"
            ecep:syllab="1"
            ecep:pron="jet">yet</w>
         <c> </c>
         <w xml:id="peh89-307970"
            n="peh89/0166-a-0730"
            ecep:lem="with"
            ecep:pos="p-acp"
            ecep:reg="with"
            ecep:spe="with"
            ecep:syllab="1"
            ecep:pron="wɪð">with</w>
         <c> </c>
         <w xml:id="peh89-307980"
            n="peh89/0166-a-0740"
            ecep:lem="aspire"
            ecep:pos="j-vvg"
            ecep:reg="aspiring"
            ecep:spe="aspiring"
            ecep:syllab="3"
            ecep:pron="əˈspæəɪŋ">aspiring</w>
         <c> </c>
         <w xml:id="peh89-307990"
            n="peh89/0166-a-0750"
            ecep:lem="wing"
            ecep:pos="n1"
            ecep:reg="wing"
            ecep:spe="wing"
            ecep:syllab="1"
            ecep:pron="wɪŋ">wing</w>
      </l>
      <l n="10" xml:id="peh89-l12000">
         <c> </c>
         <w xml:id="peh89-308000"
            n="peh89/0166-a-0760"
            ecep:lem="behold"
            ecep:pos="vvb"
            ecep:reg="Behold"
            ecep:spe="Behold"
            ecep:syllab="2"
            ecep:pron="bɪˈhəʊld">Behold</w>
         <c> </c>
         <w xml:id="peh89-308010"
            n="peh89/0166-a-0770"
            ecep:lem="he"
            ecep:pos="pno31"
            ecep:reg="him"
            ecep:spe="him"
            ecep:syllab="1"
            ecep:pron="hɪm">him</w>
         <c> </c>
         <pc xml:id="peh89-308020"
             n="peh89/0166-a-0780"
             ecep:lem="'"
             ecep:pos="'"
             ecep:reg="'"
             ecep:spe="'">'</pc>
         <w xml:id="peh89-308030"
            n="peh89/0166-a-0790"
            ecep:lem="rise"
            ecep:pos="vvi"
            ecep:reg="rise"
            ecep:spe="rise"
            ecep:syllab="1"
            ecep:pron="raɪz">rise</w>
         <c> </c>
         <w xml:id="peh89-308040"
            n="peh89/0166-a-0800"
            ecep:lem="majestical"
            ecep:pos="av-j"
            ecep:reg="majestically"
            ecep:spe="majestically"
            ecep:syllab="5"
            ecep:pron="məˈdʒestɪkli">majestically</w>
         <c> </c>
         <w xml:id="peh89-308050"
            n="peh89/0166-a-0810"
            ecep:lem="slow"
            ecep:pos="j"
            ecep:reg="slow"
            ecep:spe="slow"
            ecep:syllab="1"
            ecep:pron="sləʊ">slow</w>
         <pc xml:id="peh89-308060"
             n="peh89/0166-a-0820"
             ecep:lem=","
             ecep:pos=","
             ecep:reg=","
             ecep:spe=",">,</pc>
      </l>
      <l n="11" xml:id="peh89-l12005">
         <c> </c>
         <w xml:id="peh89-308070"
            n="peh89/0166-a-0830"
            ecep:lem="and"
            ecep:pos="cc"
            ecep:reg="And"
            ecep:spe="And"
            ecep:syllab="1"
            ecep:pron="ænd">And</w>
         <c> </c>
         <w xml:id="peh89-308080"
            n="peh89/0166-a-0840"
            ecep:lem="like"
            ecep:pos="av-j"
            ecep:reg="like"
            ecep:spe="like"
            ecep:syllab="1"
            ecep:pron="laɪk">like</w>
         <c> </c>
         <w xml:id="peh89-308090"
            n="peh89/0166-a-0850"
            ecep:lem="a"
            ecep:pos="dt"
            ecep:reg="an"
            ecep:spe="an"
            ecep:syllab="1"
            ecep:pron="æn">an</w>
         <c> </c>
         <w xml:id="peh89-308100"
            n="peh89/0166-a-0860"
            ecep:lem="eagle"
            ecep:pos="n1"
            ecep:reg="eagle"
            ecep:spe="eagle"
            ecep:syllab="2"
            ecep:pron="ˈiːgl">eagle</w>
         <c> </c>
         <w xml:id="peh89-308110"
            n="peh89/0166-a-0870"
            ecep:lem="soar"
            ecep:pos="vvb"
            ecep:reg="soar"
            ecep:spe="soar"
            ecep:syllab="1"
            ecep:pron="sɔː">soar</w>
         <pc xml:id="peh89-308120"
             n="peh89/0166-a-0880"
             ecep:lem=","
             ecep:pos=","
             ecep:reg=","
             ecep:spe=",">,</pc>
         <c> </c>
         <w xml:id="peh89-308130"
            n="peh89/0166-a-0890"
            ecep:lem="and"
            ecep:pos="cc"
            ecep:reg="and"
            ecep:spe="and"
            ecep:syllab="1"
            ecep:pron="ænd">and</w>
         <c> </c>
         <w xml:id="peh89-308140"
            n="peh89/0166-a-0900"
            ecep:lem="soar"
            ecep:pos="vvb"
            ecep:reg="soar"
            ecep:spe="soar"
            ecep:syllab="1"
            ecep:pron="sɔː">soar</w>
         <c> </c>
         <w xml:id="peh89-308150"
            n="peh89/0166-a-0910"
            ecep:lem="aloft"
            ecep:pos="av"
            ecep:reg="alost"
            ecep:spe="alost"
            ecep:syllab="2"
            ecep:pron="ʌlˈɒst">alost</w>
         <pc xml:id="peh89-308160"
             n="peh89/0166-a-0920"
             ecep:lem=":"
             ecep:pos=":"
             ecep:reg=":"
             ecep:spe=":">:</pc>
      </l>
   </lg>
   <lg rhyme="aa" xml:id="peh89-s01105">
      <l n="12" rendition="#h_3" xml:id="peh89-l12010">
         <w xml:id="peh89-308190"
            n="peh89/0166-a-0930"
            ecep:lem="but"
            ecep:pos="cc-acp"
            ecep:reg="But"
            ecep:spe="But"
            ecep:syllab="1"
            ecep:pron="bʌt">But</w>
         <c> </c>
         <hi rendition="#sc">
            <w xml:id="peh89-308200"
               n="peh89/0166-a-0940"
               ecep:lem="swift"
               ecep:pos="j"
               ecep:reg="Swift"
               ecep:spe="Swift"
               ecep:syllab="1"
               ecep:pron="swɪft">Swift</w>
         </hi>
         <c> </c>
         <w xml:id="peh89-308210"
            n="peh89/0166-a-0950"
            ecep:lem="delight"
            ecep:pos="n2"
            ecep:reg="delights"
            ecep:spe="delights"
            ecep:syllab="2"
            ecep:pron="dɪˈlaɪts">delights</w>
         <c> </c>
         <w xml:id="peh89-308220"
            n="peh89/0166-a-0960"
            ecep:lem="as"
            ecep:pos="c-acp"
            ecep:reg="as"
            ecep:spe="as"
            ecep:syllab="1"
            ecep:pron="æz">as</w>
         <c> </c>
         <w xml:id="peh89-308230"
            n="peh89/0166-a-0970"
            ecep:lem="much"
            ecep:pos="d"
            ecep:reg="much"
            ecep:spe="much"
            ecep:syllab="1"
            ecep:pron="mʌtʃ">much</w>
         <c> </c>
         <w xml:id="peh89-308240"
            n="peh89/0166-a-0980"
            ecep:lem="to"
            ecep:pos="p-acp"
            ecep:reg="to"
            ecep:spe="to"
            ecep:syllab="1"
            ecep:pron="tuː">to</w>
         <c> </c>
         <w xml:id="peh89-308250"
            n="peh89/0166-a-0990"
            ecep:lem="rout"
            ecep:pos="n1"
            ecep:reg="rout"
            ecep:spe="rout"
            ecep:syllab="1"
            ecep:pron="raʊt">rout</w>
      </l>
      <l n="13" rendition="#h_3" xml:id="peh89-l12015">
         <c> </c>
         <w xml:id="peh89-308260"
            n="peh89/0166-a-1000"
            ecep:lem="in|the"
            ecep:pos="p-acp|pn31"
            ecep:reg="I'th'"
            ecep:spe="I'th'"
            ecep:syllab="1"
            ecep:pron="ˈaɪθ">I'th'</w>
         <c> </c>
         <w xml:id="peh89-308270"
            n="peh89/0166-a-1010"
            ecep:lem="dirt"
            ecep:pos="n1"
            ecep:reg="dirt"
            ecep:spe="dirt"
            ecep:syllab="1"
            ecep:pron="dɜːt">dirt</w>
         <pc xml:id="peh89-308280"
             n="peh89/0166-a-1020"
             ecep:lem=","
             ecep:pos=","
             ecep:reg=","
             ecep:spe=",">,</pc>
         <c> </c>
         <w xml:id="peh89-308290"
            n="peh89/0166-a-1030"
            ecep:lem="and"
            ecep:pos="cc"
            ecep:reg="and"
            ecep:spe="and"
            ecep:syllab="1"
            ecep:pron="ænd">and</w>
         <c> </c>
         <w xml:id="peh89-308300"
            n="peh89/0166-a-1040"
            ecep:lem="then"
            ecep:pos="av"
            ecep:reg="then"
            ecep:spe="then"
            ecep:syllab="1"
            ecep:pron="ðen">then</w>
         <c> </c>
         <w xml:id="peh89-308310"
            n="peh89/0166-a-1050"
            ecep:lem="to"
            ecep:pos="p-acp"
            ecep:reg="to"
            ecep:spe="to"
            ecep:syllab="1"
            ecep:pron="tuː">to</w>
         <c> </c>
         <w xml:id="peh89-308320"
            n="peh89/0166-a-1060"
            ecep:lem="throw"
            ecep:pos="vvn"
            ecep:reg="throwed"
            ecep:spe="throw't"
            ecep:syllab="1"
            ecep:pron="θrˈəʊt">throw't</w>
         <c> </c>
         <w xml:id="peh89-308330"
            n="peh89/0166-a-1070"
            ecep:lem="about"
            ecep:pos="a-acp"
            ecep:reg="about"
            ecep:spe="about"
            ecep:syllab="2"
            ecep:pron="əˈbaʊt">about</w>
         <pc xml:id="peh89-308340"
             n="peh89/0166-a-1080"
             unit="sentence"
             ecep:lem="."
             ecep:pos="."
             ecep:reg="."
             ecep:spe=".">.</pc>
         <c> </c>
      </l>
   </lg>
   <lg rhyme="aa" xml:id="peh89-s01110">
      <l n="14" xml:id="peh89-l12020">
         <hi rendition="#sc">
            <w xml:id="peh89-308370"
               n="peh89/0166-a-1090"
               ecep:lem="pope"
               ecep:pos="np1"
               ecep:reg="Pope"
               ecep:spe="Pope"
               ecep:syllab="1"
               ecep:pron="pəʊp">Pope</w>
         </hi>
         <c> </c>
         <w xml:id="peh89-308380"
            n="peh89/0166-a-1100"
            ecep:lem="sing"
            ecep:pos="vvz"
            ecep:reg="sings"
            ecep:spe="sings"
            ecep:syllab="1"
            ecep:pron="sɪŋz">sings</w>
         <c> </c>
         <w xml:id="peh89-308390"
            n="peh89/0166-a-1110"
            ecep:lem="a"
            ecep:pos="dt"
            ecep:reg="a"
            ecep:spe="a"
            ecep:syllab="1"
            ecep:pron="ə">a</w>
         <c> </c>
         <w xml:id="peh89-308400"
            n="peh89/0166-a-1120"
            ecep:lem="soft"
            ecep:pos="j"
            ecep:reg="soft"
            ecep:spe="soft"
            ecep:syllab="1"
            ecep:pron="sɒft">soft</w>
         <c> </c>
         <w xml:id="peh89-308410"
            n="peh89/0166-a-1130"
            ecep:lem="and"
            ecep:pos="cc"
            ecep:reg="and"
            ecep:spe="and"
            ecep:syllab="1"
            ecep:pron="ænd">and</w>
         <c> </c>
         <w xml:id="peh89-308420"
            n="peh89/0166-a-1140"
            ecep:lem="sweet"
            ecep:pos="j"
            ecep:reg="sweet"
            ecep:spe="sweet"
            ecep:syllab="1"
            ecep:pron="swiːt">sweet</w>
         <c> </c>
         <w xml:id="peh89-308430"
            n="peh89/0166-a-1150"
            ecep:lem="harmonious"
            ecep:pos="j"
            ecep:reg="harmonious"
            ecep:spe="harmonious"
            ecep:syllab="4"
            ecep:pron="hɑːˈməʊniəs">harmonious</w>
         <c> </c>
         <w xml:id="peh89-308440"
            n="peh89/0166-a-1160"
            ecep:lem="lay"
            ecep:pos="n-jn"
            ecep:reg="lay"
            ecep:spe="lay"
            ecep:syllab="1"
            ecep:pron="leɪ">lay</w>
         <pc xml:id="peh89-308450"
             n="peh89/0166-a-1170"
             ecep:lem=","
             ecep:pos=","
             ecep:reg=","
             ecep:spe=",">,</pc>
      </l>
      <l n="15" xml:id="peh89-l12025">
         <c> </c>
         <w xml:id="peh89-308460"
            n="peh89/0166-a-1180"
            ecep:lem="so"
            ecep:pos="av"
            ecep:reg="So"
            ecep:spe="So"
            ecep:syllab="1"
            ecep:pron="səʊ">So</w>
         <c> </c>
         <w xml:id="peh89-308470"
            n="peh89/0166-a-1190"
            ecep:lem="mellow"
            ecep:pos="j"
            ecep:reg="mellow"
            ecep:spe="mellow"
            ecep:syllab="2"
            ecep:pron="ˈmeləʊ">mellow</w>
         <c> </c>
         <w xml:id="peh89-308480"
            n="peh89/0166-a-1200"
            ecep:lem="flute"
            ecep:pos="n2"
            ecep:reg="flutes"
            ecep:spe="flutes"
            ecep:syllab="1"
            ecep:pron="fluːts">flutes</w>
         <c> </c>
         <w xml:id="peh89-308490"
            n="peh89/0166-a-1210"
            ecep:lem="in"
            ecep:pos="p-acp"
            ecep:reg="in"
            ecep:spe="in"
            ecep:syllab="1"
            ecep:pron="ɪn">in</w>
         <c> </c>
         <w xml:id="peh89-308500"
            n="peh89/0166-a-1220"
            ecep:lem="pleasant"
            ecep:pos="j"
            ecep:reg="pleasant"
            ecep:spe="pleasant"
            ecep:syllab="2"
            ecep:pron="ˈpleznt">pleasant</w>
         <c> </c>
         <w xml:id="peh89-308510"
            n="peh89/0166-a-1230"
            ecep:lem="concert"
            ecep:pos="n1"
            ecep:reg="concert"
            ecep:spe="concert"
            ecep:syllab="2"
            ecep:pron="ˈkɒnsɜːt">concert</w>
         <c> </c>
         <w xml:id="peh89-308520"
            n="peh89/0166-a-1240"
            ecep:lem="play"
            ecep:pos="vvi"
            ecep:reg="play"
            ecep:spe="play"
            ecep:syllab="1"
            ecep:pron="pleɪ">play</w>
         <pc xml:id="peh89-308530"
             n="peh89/0166-a-1250"
             unit="sentence"
             ecep:lem="."
             ecep:pos="."
             ecep:reg="."
             ecep:spe=".">.</pc>
         <c> </c>
      </l>
      <pb facs="peh89/0167" n="127" rend="none"/>
   </lg>
   <lg rhyme="aa" xml:id="peh89-s01115">
      <l n="16" rendition="#h_3" xml:id="peh89-l12030">
         <hi rendition="#sc">
            <w xml:id="peh89-308560"
               n="peh89/0167-a-0010"
               ecep:lem="Matt."
               ecep:pos="np1"
               ecep:reg="Matt."
               ecep:spe="Matt."
               ecep:syllab="1"
               ecep:pron="mˈæt">Matt.</w>
            <c> </c>
            <w xml:id="peh89-308570"
               n="peh89/0167-a-0020"
               ecep:lem="prior"
               ecep:pos="j-jn"
               ecep:reg="Prior"
               ecep:spe="Prior"
               ecep:syllab="2"
               ecep:pron="praɪə">Prior</w>
         </hi>
         <pc xml:id="peh89-308580"
             n="peh89/0167-a-0030"
             ecep:lem=","
             ecep:pos=","
             ecep:reg=","
             ecep:spe=",">,</pc>
         <c> </c>
         <w xml:id="peh89-308590"
            n="peh89/0167-a-0040"
            ecep:lem="like"
            ecep:pos="av-j"
            ecep:reg="like"
            ecep:spe="like"
            ecep:syllab="1"
            ecep:pron="laɪk">like</w>
         <c> </c>
         <w xml:id="peh89-308600"
            n="peh89/0167-a-0050"
            ecep:lem="a"
            ecep:pos="dt"
            ecep:reg="an"
            ecep:spe="an"
            ecep:syllab="1"
            ecep:pron="æn">an</w>
         <c> </c>
         <w xml:id="peh89-308610"
            n="peh89/0167-a-0060"
            ecep:lem="easy"
            ecep:pos="j"
            ecep:reg="easy"
            ecep:spe="easy"
            ecep:syllab="2"
            ecep:pron="ˈiːzi">easy</w>
         <c> </c>
         <w xml:id="peh89-308620"
            n="peh89/0167-a-0070"
            ecep:lem="horse"
            ecep:pos="n1"
            ecep:reg="horse"
            ecep:spe="horse"
            ecep:syllab="1"
            ecep:pron="hɔːs">horse</w>
         <pc xml:id="peh89-308630"
             n="peh89/0167-a-0080"
             ecep:lem=","
             ecep:pos=","
             ecep:reg=","
             ecep:spe=",">,</pc>
      </l>
      <l n="17" rendition="#h_3" xml:id="peh89-l12035">
         <c> </c>
         <w xml:id="peh89-308640"
            n="peh89/0167-a-0090"
            ecep:lem="keep"
            ecep:pos="vvz"
            ecep:reg="Keeps"
            ecep:spe="Keeps"
            ecep:syllab="1"
            ecep:pron="kiːps">Keeps</w>
         <c> </c>
         <w xml:id="peh89-308650"
            n="peh89/0167-a-0100"
            ecep:lem="amble"
            ecep:pos="vvg"
            ecep:reg="ambling"
            ecep:spe="ambling"
            ecep:syllab="3"
            ecep:pron="ˈæmblɪŋ">ambling</w>
         <c> </c>
         <w xml:id="peh89-308660"
            n="peh89/0167-a-0110"
            ecep:lem="on"
            ecep:pos="a-acp"
            ecep:reg="on"
            ecep:spe="on"
            ecep:syllab="1"
            ecep:pron="ɒn">on</w>
         <pc xml:id="peh89-308670"
             n="peh89/0167-a-0120"
             ecep:lem=","
             ecep:pos=","
             ecep:reg=","
             ecep:spe=",">,</pc>
         <c> </c>
         <w xml:id="peh89-308680"
            n="peh89/0167-a-0130"
            ecep:lem="never"
            ecep:pos="av-x"
            ecep:reg="never"
            ecep:spe="ne'er"
            ecep:syllab="1"
            ecep:pron="neə">ne'er</w>
         <c> </c>
         <w xml:id="peh89-308690"
            n="peh89/0167-a-0140"
            ecep:lem="out"
            ecep:pos="av"
            ecep:reg="out"
            ecep:spe="out"
            ecep:syllab="1"
            ecep:pron="aʊt">out</w>
         <c> </c>
         <w xml:id="peh89-308700"
            n="peh89/0167-a-0150"
            ecep:lem="of"
            ecep:pos="pp-f"
            ecep:reg="of"
            ecep:spe="of"
            ecep:syllab="1"
            ecep:pron="ɒv">of</w>
         <c> </c>
         <w xml:id="peh89-308710"
            n="peh89/0167-a-0160"
            ecep:lem="course"
            ecep:pos="n1"
            ecep:reg="course"
            ecep:spe="course"
            ecep:syllab="1"
            ecep:pron="kɔːs">course</w>
         <pc xml:id="peh89-308720"
             n="peh89/0167-a-0170"
             ecep:lem=":"
             ecep:pos=":"
             ecep:reg=":"
             ecep:spe=":">:</pc>
      </l>
   </lg>
   <lg rhyme="aabbcc" xml:id="peh89-s01120">
      <l n="18" xml:id="peh89-l12040">
         <w xml:id="peh89-308750"
            n="peh89/0167-a-0180"
            ecep:lem="but"
            ecep:pos="cc-acp"
            ecep:reg="But"
            ecep:spe="But"
            ecep:syllab="1"
            ecep:pron="bʌt">But</w>
         <c> </c>
         <w xml:id="peh89-308760"
            n="peh89/0167-a-0190"
            ecep:lem="trot"
            ecep:pos="vvg"
            ecep:reg="trotting"
            ecep:spe="trotting"
            ecep:syllab="2"
            ecep:pron="trɒtɪŋ">trotting</w>
         <c> </c>
         <hi rendition="#sc">
            <w xml:id="peh89-308770"
               n="peh89/0167-a-0200"
               ecep:lem="Butler"
               ecep:pos="np1"
               ecep:reg="Butler"
               ecep:spe="Butler"
               ecep:syllab="2"
               ecep:pron="ˈbʌtlə">Butler</w>
         </hi>
         <c> </c>
         <w xml:id="peh89-308780"
            n="peh89/0167-a-0210"
            ecep:lem="beat"
            ecep:pos="vvz"
            ecep:reg="beats"
            ecep:spe="beats"
            ecep:syllab="1"
            ecep:pron="biːts">beats</w>
         <c> </c>
         <w xml:id="peh89-308790"
            n="peh89/0167-a-0220"
            ecep:lem="he"
            ecep:pos="pno31"
            ecep:reg="him"
            ecep:spe="him"
            ecep:syllab="1"
            ecep:pron="hɪm">him</w>
         <c> </c>
         <w xml:id="peh89-308800"
            n="peh89/0167-a-0230"
            ecep:lem="hollow"
            ecep:pos="j-jn"
            ecep:reg="hollow"
            ecep:spe="hollow"
            ecep:syllab="2"
            ecep:pron="ˈhɒləʊ">hollow</w>
         <pc xml:id="peh89-308810"
             n="peh89/0167-a-0240"
             ecep:lem=","
             ecep:pos=","
             ecep:reg=","
             ecep:spe=",">,</pc>
      </l>
      <l n="19" xml:id="peh89-l12045">
         <c> </c>
         <w xml:id="peh89-308820"
            n="peh89/0167-a-0250"
            ecep:lem="he"
            ecep:pos="pns31"
            ecep:reg="He"
            ecep:spe="He"
            ecep:syllab="1"
            ecep:pron="hiː">He</w>
         <c> </c>
         <w xml:id="peh89-308830"
            n="peh89/0167-a-0260"
            ecep:lem="lead"
            ecep:pos="vvz"
            ecep:reg="leads"
            ecep:spe="leads"
            ecep:syllab="1"
            ecep:pron="liːdz">leads</w>
         <c> </c>
         <w xml:id="peh89-308840"
            n="peh89/0167-a-0270"
            ecep:lem="a"
            ecep:pos="dt"
            ecep:reg="a"
            ecep:spe="a"
            ecep:syllab="1"
            ecep:pron="ə">a</w>
         <c> </c>
         <w xml:id="peh89-308850"
            n="peh89/0167-a-0280"
            ecep:lem="way"
            ecep:pos="n1"
            ecep:reg="way"
            ecep:spe="way"
            ecep:syllab="1"
            ecep:pron="weɪ">way</w>
         <c> </c>
         <w xml:id="peh89-308860"
            n="peh89/0167-a-0290"
            ecep:lem="that"
            ecep:pos="cst"
            ecep:reg="that"
            ecep:spe="that"
            ecep:syllab="1"
            ecep:pron="ðæt">that</w>
         <c> </c>
         <w xml:id="peh89-308870"
            n="peh89/0167-a-0300"
            ecep:lem="none"
            ecep:pos="pix"
            ecep:reg="none"
            ecep:spe="none"
            ecep:syllab="1"
            ecep:pron="nəʊn">none</w>
         <c> </c>
         <w xml:id="peh89-308880"
            n="peh89/0167-a-0310"
            ecep:lem="can"
            ecep:pos="vmb"
            ecep:reg="can"
            ecep:spe="can"
            ecep:syllab="1"
            ecep:pron="kæn">can</w>
         <c> </c>
         <w xml:id="peh89-308890"
            n="peh89/0167-a-0320"
            ecep:lem="follow"
            ecep:pos="vvi"
            ecep:reg="follow"
            ecep:spe="follow"
            ecep:syllab="2"
            ecep:pron="ˈfɒləʊ">follow</w>
         <pc xml:id="peh89-308900"
             n="peh89/0167-a-0330"
             ecep:lem=";"
             ecep:pos=";"
             ecep:reg=";"
             ecep:spe=";">;</pc>
      </l>
      <l n="20" xml:id="peh89-l12050">
         <c> </c>
         <w xml:id="peh89-308910"
            n="peh89/0167-a-0340"
            ecep:lem="he"
            ecep:pos="pns31"
            ecep:reg="He"
            ecep:spe="He"
            ecep:syllab="1"
            ecep:pron="hiː">He</w>
         <c> </c>
         <w xml:id="peh89-308920"
            n="peh89/0167-a-0350"
            ecep:lem="dash"
            ecep:pos="vvz"
            ecep:reg="dashes"
            ecep:spe="dashes"
            ecep:syllab="2"
            ecep:pron="dæʃɪz">dashes</w>
         <c> </c>
         <w xml:id="peh89-308930"
            n="peh89/0167-a-0360"
            ecep:lem="on"
            ecep:pos="a-acp"
            ecep:reg="on"
            ecep:spe="on"
            ecep:syllab="1"
            ecep:pron="ɒn">on</w>
         <c> </c>
         <w xml:id="peh89-308940"
            n="peh89/0167-a-0370"
            ecep:lem="through"
            ecep:pos="p-acp"
            ecep:reg="through"
            ecep:spe="through"
            ecep:syllab="1"
            ecep:pron="θruː">through</w>
         <c> </c>
         <w xml:id="peh89-308950"
            n="peh89/0167-a-0380"
            ecep:lem="thick"
            ecep:pos="j"
            ecep:reg="thick"
            ecep:spe="thick"
            ecep:syllab="1"
            ecep:pron="θɪk">thick</w>
         <c> </c>
         <w xml:id="peh89-308960"
            n="peh89/0167-a-0390"
            ecep:lem="and"
            ecep:pos="cc"
            ecep:reg="and"
            ecep:spe="and"
            ecep:syllab="1"
            ecep:pron="ænd">and</w>
         <c> </c>
         <w xml:id="peh89-308970"
            n="peh89/0167-a-0400"
            ecep:lem="thin"
            ecep:pos="j"
            ecep:reg="thin"
            ecep:spe="thin"
            ecep:syllab="1"
            ecep:pron="θɪn">thin</w>
         <pc xml:id="peh89-308980"
             n="peh89/0167-a-0410"
             ecep:lem=","
             ecep:pos=","
             ecep:reg=","
             ecep:spe=",">,</pc>
      </l>
      <l n="21" xml:id="peh89-l12055">
         <c> </c>
         <w xml:id="peh89-308990"
            n="peh89/0167-a-0420"
            ecep:lem="nor"
            ecep:pos="ccx"
            ecep:reg="Nor"
            ecep:spe="Nor"
            ecep:syllab="1"
            ecep:pron="nɔː">Nor</w>
         <c> </c>
         <w xml:id="peh89-309000"
            n="peh89/0167-a-0430"
            ecep:lem="for"
            ecep:pos="p-acp"
            ecep:reg="for"
            ecep:spe="for"
            ecep:syllab="1"
            ecep:pron="fɔː">for</w>
         <c> </c>
         <w xml:id="peh89-309010"
            n="peh89/0167-a-0440"
            ecep:lem="the"
            ecep:pos="dt"
            ecep:reg="the"
            ecep:spe="the"
            ecep:syllab="1"
            ecep:pron="ðiː">the</w>
         <c> </c>
         <w xml:id="peh89-309020"
            n="peh89/0167-a-0450"
            ecep:lem="critic"
            ecep:pos="n2"
            ecep:reg="critics"
            ecep:spe="criticks"
            ecep:syllab="2"
            ecep:pron="ˈkrɪtɪks">criticks</w>
         <c> </c>
         <w xml:id="peh89-309030"
            n="peh89/0167-a-0460"
            ecep:lem="care"
            ecep:pos="vvz"
            ecep:reg="cares"
            ecep:spe="cares"
            ecep:syllab="1"
            ecep:pron="keəz">cares</w>
         <c> </c>
         <w xml:id="peh89-309040"
            n="peh89/0167-a-0470"
            ecep:lem="a"
            ecep:pos="dt"
            ecep:reg="a"
            ecep:spe="a"
            ecep:syllab="1"
            ecep:pron="ə">a</w>
         <c> </c>
         <w xml:id="peh89-309050"
            n="peh89/0167-a-0480"
            ecep:lem="pin"
            ecep:pos="n1"
            ecep:reg="pin"
            ecep:spe="pin"
            ecep:syllab="1"
            ecep:pron="pɪn">pin</w>
         <pc xml:id="peh89-309060"
             n="peh89/0167-a-0490"
             ecep:lem=";"
             ecep:pos=";"
             ecep:reg=";"
             ecep:spe=";">;</pc>
      </l>
      <l n="22" xml:id="peh89-l12060">
         <c> </c>
         <w xml:id="peh89-309070"
            n="peh89/0167-a-0500"
            ecep:lem="from"
            ecep:pos="p-acp"
            ecep:reg="From"
            ecep:spe="From"
            ecep:syllab="1"
            ecep:pron="frɒm">From</w>
         <c> </c>
         <w xml:id="peh89-309080"
            n="peh89/0167-a-0510"
            ecep:lem="censure"
            ecep:pos="n1"
            ecep:reg="censure"
            ecep:spe="censure"
            ecep:syllab="2"
            ecep:pron="ˈsenʃə">censure</w>
         <c> </c>
         <w xml:id="peh89-309090"
            n="peh89/0167-a-0520"
            ecep:lem="he|be"
            ecep:pos="pns31|vbz"
            ecep:reg="he's"
            ecep:spe="he's"
            ecep:syllab="1"
            ecep:pron="hiːz">he's</w>
         <c> </c>
         <w xml:id="peh89-309100"
            n="peh89/0167-a-0530"
            ecep:lem="receive"
            ecep:pos="vvn"
            ecep:reg="received"
            ecep:spe="receiv'd"
            ecep:syllab="2"
            ecep:pron="rɪˈsiːvd">receiv'd</w>
         <c> </c>
         <w xml:id="peh89-309110"
            n="peh89/0167-a-0540"
            ecep:lem="acquittal"
            ecep:pos="n1"
            ecep:reg="acquittal"
            ecep:spe="acquittal"
            ecep:syllab="3"
            ecep:pron="əˈkwɪtl">acquittal</w>
         <pc xml:id="peh89-309120"
             n="peh89/0167-a-0550"
             ecep:lem=","
             ecep:pos=","
             ecep:reg=","
             ecep:spe=",">,</pc>
      </l>
      <l n="23" xml:id="peh89-l12065">
         <c> </c>
         <w xml:id="peh89-309130"
            n="peh89/0167-a-0560"
            ecep:lem="and"
            ecep:pos="cc"
            ecep:reg="And"
            ecep:spe="And"
            ecep:syllab="1"
            ecep:pron="ænd">And</w>
         <c> </c>
         <w xml:id="peh89-309140"
            n="peh89/0167-a-0570"
            ecep:lem="grammar"
            ecep:pos="n1"
            ecep:reg="grammar"
            ecep:spe="grammar"
            ecep:syllab="2"
            ecep:pron="ˈgræmə">grammar</w>
         <pc xml:id="peh89-309150"
             n="peh89/0167-a-0580"
             ecep:lem=","
             ecep:pos=","
             ecep:reg=","
             ecep:spe=",">,</pc>
         <c> </c>
         <w xml:id="peh89-309160"
            n="peh89/0167-a-0590"
            ecep:lem="metre"
            ecep:pos="n1"
            ecep:reg="metre"
            ecep:spe="metre"
            ecep:syllab="2"
            ecep:pron="ˈmiːtə">metre</w>
         <pc xml:id="peh89-309170"
             n="peh89/0167-a-0600"
             ecep:lem=","
             ecep:pos=","
             ecep:reg=","
             ecep:spe=",">,</pc>
         <c> </c>
         <w xml:id="peh89-309180"
            n="peh89/0167-a-0610"
            ecep:lem="rhyme"
            ecep:pos="n1"
            ecep:reg="rhyme"
            ecep:spe="rhyme"
            ecep:syllab="1"
            ecep:pron="raɪm">rhyme</w>
         <c> </c>
         <w xml:id="peh89-309190"
            n="peh89/0167-a-0620"
            ecep:lem="submit"
            ecep:pos="vvb"
            ecep:reg="submit"
            ecep:spe="submit"
            ecep:syllab="2"
            ecep:pron="səbˈmɪt">submit</w>
         <c> </c>
         <w xml:id="peh89-309200"
            n="peh89/0167-a-0630"
            ecep:lem="all"
            ecep:pos="d"
            ecep:reg="all"
            ecep:spe="all"
            ecep:syllab="1"
            ecep:pron="ɔːl">all</w>
         <pc xml:id="peh89-309210"
             n="peh89/0167-a-0640"
             unit="sentence"
             ecep:lem="."
             ecep:pos="."
             ecep:reg="."
             ecep:spe=".">.</pc>
         <c> </c>
      </l>
   </lg>
</div>
