<?xml version="1.0" encoding="UTF-8"?>
<?xml-model href="../tei_all.rnc" type="application/relax-ng-compact-syntax"?>
<TEI xmlns="http://www.tei-c.org/ns/1.0">
   <teiHeader>
      <fileDesc>
         <titleStmt>
            <title corresp="#txt_CowpWi1731_w0033">[Translation] 3. THE CRICKET.</title>
            <author corresp="authors.xml#aut_BourVi1694">Vincent Bourne</author>
            <author corresp="authors.xml#aut_CowpWi1731">William Cowper</author>
            <respStmt>
               <name xml:id="AH">Alexander Huber</name>
               <resp>Editor</resp>
            </respStmt>
            <funder>
               <name type="institution" xml:id="BOD">Bodleian Libraries, University of Oxford</name>
               <address>
                  <addrLine>Broad Street</addrLine>
                  <addrLine>Oxford OX1 3BG</addrLine>
                  <addrLine>UK</addrLine>
               </address>
            </funder>
         </titleStmt>
         <publicationStmt>
            <publisher xml:id="ECPA">Eighteenth-Century Poetry Archive</publisher>
            <address>
               <addrLine>Taylor Institution Library</addrLine>
               <addrLine>St Giles'</addrLine>
               <addrLine>Oxford OX1 3NA</addrLine>
               <addrLine>UK</addrLine>
               <addrLine>
                  <email>info@eighteenthcenturypoetry.org</email>
               </addrLine>
               <addrLine>
                  <ref target="https://www.eighteenthcenturypoetry.org/">https://www.eighteenthcenturypoetry.org/</ref>
               </addrLine>
            </address>
            <pubPlace>Oxford</pubPlace>
            <availability status="restricted">
               <licence target="http://creativecommons.org/licenses/by-sa/3.0/">This work is licensed under a Creative Commons Attribution-ShareAlike 3.0 Unported License.</licence>
            </availability>
            <idno type="ESTC">T14895</idno>
            <idno type="TCP">K027775.000</idno>
         </publicationStmt>
         <sourceDesc>
            <bibl>
               <author>Cowper, William, 1731-1800.</author>
               <title>Poems: by William Cowper, of the Inner Temple, Esq.</title>
               <pubPlace>London</pubPlace>
               <publisher>printed for J. Johnson</publisher>
               <date>1782</date>
               <biblScope>pp. 339-341.</biblScope>
               <extent>[4],367,[1]p. ; 8⁰.</extent>
            </bibl>
         </sourceDesc>
      </fileDesc>
      <encodingDesc>
         <projectDesc>
            <p>This e-text is part of the Works section of the Eighteenth-Century Poetry Archive (ECPA).</p>
            <p>XML created for the Eighteenth-Century Poetry Archive (ECPA).</p>
         </projectDesc>
         <editorialDecl>
            <p>The text has been typographically modernized, but without any silent modernization of
						spelling, capitalization, or punctuation. The source of the text is given and all editorial interventions
						have been recorded in textual notes. Based on the electronic text originally produced by the TCP project, this  text has been edited to conform to the recommendations found in Level 5 of the
						Best Practices for TEI in Libraries version 4.0.0.
					</p>
         </editorialDecl>
         <classDecl>
            <taxonomy xml:id="LCNAF">
               <bibl>Library of Congress Name Authority File (<abbr>LCNAF</abbr>)</bibl>
            </taxonomy>
         </classDecl>
         <tagsDecl>
            <rendition n="linegroups indented" xml:id="lgindent" scheme="css">text-indent: 1em;</rendition>
            <rendition n="linegroups vertically spaced" xml:id="lgvspace" scheme="css">margin-bottom: 1em;</rendition>
            <rendition n="aligned centrally" xml:id="align-center" scheme="css">text-align: center;</rendition>
            <rendition n="aligned right" xml:id="align-right" scheme="css">text-align: right;</rendition>
            <rendition n="aligned left" xml:id="align-left" scheme="css">text-align: left;</rendition>
            <rendition n="inline" xml:id="inline" scheme="css">display: inline</rendition>
            <rendition n="italic" xml:id="i" scheme="css">font-style: italic;</rendition>
            <rendition n="bold" xml:id="b" scheme="css">font-weight: bold;</rendition>
         </tagsDecl>
      </encodingDesc>
   </teiHeader>
   <text>
      <body>
         <div xmlns:ecep="http://www.eighteenthcenturypoetry.org/ns"
              xmlns:tei="http://www.tei-c.org/ns/1.0"
              ana="#trochee #tetrameter #octet #pair #translation"
              corresp="#txt_CowpWi1731_w0033"
              decls="#semi-normalized"
              ecep:syllab="7"
              met="+-|+-|+-|+/"
              rendition="#lgvspace"
              rhyme="aa"
              subtype="eceptext"
              type="translation"
              xml:id="o3794-w0330">
            <link target="authors.xml#aut_BourVi1694" type="author"/>
            <link target="authors.xml#aut_CowpWi1731"
                  type="author"
                  subtype="translator"/>
            <head type="main">
               <pc xml:id="o3794-580710"
                   n="342-a-0470"
                   ecep:lem="["
                   ecep:pos="["
                   ecep:reg="["
                   ecep:spe="[">[</pc>
               <w xml:id="o3794-580720"
                  n="342-a-0480"
                  ecep:lem="translation"
                  ecep:pos="n1"
                  ecep:reg="Translation"
                  ecep:spe="Translation"
                  ecep:syllab="3"
                  ecep:pron="trænzˈleɪʃn">Translation</w>
               <pc xml:id="o3794-580730"
                   n="342-a-0490"
                   ecep:lem="]"
                   ecep:pos="]"
                   ecep:reg="]"
                   ecep:spe="]">]</pc>
               <c> </c>
               <w xml:id="o3794-580740"
                  n="342-a-0500"
                  ecep:lem="3."
                  ecep:pos="crd"
                  ecep:reg="3."
                  ecep:spe="3."
                  ecep:syllab="1"
                  ecep:pron="θrˈiː">3.</w>
               <pc unit="sentence" xml:id="o3794-580740-eos" n="342-a-0510"/>
               <c> </c>
               <w xml:id="o3794-580750"
                  n="342-a-0520"
                  ecep:lem="the"
                  ecep:pos="dt"
                  ecep:reg="THE"
                  ecep:spe="THE"
                  ecep:syllab="1"
                  ecep:pron="ðiː">THE</w>
               <c> </c>
               <w xml:id="o3794-580760"
                  n="342-a-0530"
                  ecep:lem="cricket"
                  ecep:pos="n1"
                  ecep:reg="CRICKET"
                  ecep:spe="CRICKET"
                  ecep:syllab="2"
                  ecep:pron="ˈkrɪkɪt">CRICKET</w>
               <pc xml:id="o3794-580770"
                   n="342-a-0540"
                   unit="sentence"
                   ecep:lem="."
                   ecep:pos="."
                   ecep:reg="."
                   ecep:spe=".">.</pc>
            </head>
            <lg n="1" xml:id="o3794-s00690">
               <head>
                  <w xml:id="o3794-580810"
                     n="342-a-0550"
                     ecep:lem="1."
                     ecep:pos="crd"
                     ecep:reg="1."
                     ecep:spe="1."
                     ecep:syllab="1"
                     ecep:pron="wˈɒn">1.</w>
                  <pc unit="sentence" xml:id="o3794-580810-eos" n="342-a-0560"/>
               </head>
               <l xml:id="o3794-l32440">
                  <w xml:id="o3794-580830"
                     n="342-a-0570"
                     ecep:lem="little"
                     ecep:pos="j"
                     ecep:reg="LITTLE"
                     ecep:spe="LITTLE"
                     ecep:syllab="2"
                     ecep:pron="ˈlɪtl">LITTLE</w>
                  <c> </c>
                  <w xml:id="o3794-580840"
                     n="342-a-0580"
                     ecep:lem="inmate"
                     ecep:pos="n1"
                     ecep:reg="inmate"
                     ecep:spe="inmate"
                     ecep:syllab="2"
                     ecep:pron="ˈɪnmeɪt">inmate</w>
                  <pc xml:id="o3794-580850"
                      n="342-a-0590"
                      ecep:lem=","
                      ecep:pos=","
                      ecep:reg=","
                      ecep:spe=",">,</pc>
                  <c> </c>
                  <w xml:id="o3794-580860"
                     n="342-a-0600"
                     ecep:lem="full"
                     ecep:pos="j"
                     ecep:reg="full"
                     ecep:spe="full"
                     ecep:syllab="1"
                     ecep:pron="fʊl">full</w>
                  <c> </c>
                  <w xml:id="o3794-580870"
                     n="342-a-0610"
                     ecep:lem="of"
                     ecep:pos="pp-f"
                     ecep:reg="of"
                     ecep:spe="of"
                     ecep:syllab="1"
                     ecep:pron="ɒv">of</w>
                  <c> </c>
                  <w xml:id="o3794-580880"
                     n="342-a-0620"
                     ecep:lem="mirth"
                     ecep:pos="n1"
                     ecep:reg="mirth"
                     ecep:spe="mirth"
                     ecep:syllab="1"
                     ecep:pron="mɜːθ">mirth</w>
                  <pc xml:id="o3794-580890"
                      n="342-a-0630"
                      ecep:lem=","
                      ecep:pos=","
                      ecep:reg=","
                      ecep:spe=",">,</pc>
               </l>
               <l xml:id="o3794-l32445">
                  <c> </c>
                  <w xml:id="o3794-580900"
                     n="342-a-0640"
                     ecep:lem="chirp"
                     ecep:pos="vvg"
                     ecep:reg="Chirping"
                     ecep:spe="Chirping"
                     ecep:syllab="2"
                     ecep:pron="tʃɜːpɪŋ">Chirping</w>
                  <c> </c>
                  <w xml:id="o3794-580910"
                     n="342-a-0650"
                     ecep:lem="on"
                     ecep:pos="p-acp"
                     ecep:reg="on"
                     ecep:spe="on"
                     ecep:syllab="1"
                     ecep:pron="ɒn">on</w>
                  <c> </c>
                  <w xml:id="o3794-580920"
                     n="342-a-0660"
                     ecep:lem="my"
                     ecep:pos="po11"
                     ecep:reg="my"
                     ecep:spe="my"
                     ecep:syllab="1"
                     ecep:pron="maɪ">my</w>
                  <c> </c>
                  <w xml:id="o3794-580930"
                     n="342-a-0670"
                     ecep:lem="kitchen"
                     ecep:pos="n1"
                     ecep:reg="kitchen"
                     ecep:spe="kitchen"
                     ecep:syllab="2"
                     ecep:pron="ˈkɪtʃɪn">kitchen</w>
                  <c> </c>
                  <w xml:id="o3794-580940"
                     n="342-a-0680"
                     ecep:lem="hearth"
                     ecep:pos="n1"
                     ecep:reg="hearth"
                     ecep:spe="hearth"
                     ecep:syllab="1"
                     ecep:pron="hɑːθ">hearth</w>
                  <pc xml:id="o3794-580950"
                      n="342-a-0690"
                      ecep:lem=";"
                      ecep:pos=";"
                      ecep:reg=";"
                      ecep:spe=";">;</pc>
               </l>
               <l xml:id="o3794-l32450">
                  <c> </c>
                  <w xml:id="o3794-580960"
                     n="342-a-0700"
                     ecep:lem="wheresoever"
                     ecep:pos="c-crq"
                     ecep:reg="Wheresoever"
                     ecep:spe="Wheresoe'er"
                     ecep:syllab="3"
                     ecep:pron="ˌweəsəʊˈeə">Wheresoe'er</w>
                  <c> </c>
                  <w xml:id="o3794-580970"
                     n="342-a-0710"
                     ecep:lem="by"
                     ecep:pos="p-acp"
                     ecep:reg="be"
                     ecep:spe="be"
                     ecep:syllab="1"
                     ecep:pron="biː">be</w>
                  <c> </c>
                  <w xml:id="o3794-580980"
                     n="342-a-0720"
                     ecep:lem="thy"
                     ecep:pos="po21"
                     ecep:reg="thine"
                     ecep:spe="thine"
                     ecep:syllab="1"
                     ecep:pron="ðaɪn">thine</w>
                  <c> </c>
                  <w xml:id="o3794-580990"
                     n="342-a-0730"
                     ecep:lem="abode"
                     ecep:pos="n1"
                     ecep:reg="abode"
                     ecep:spe="abode"
                     ecep:syllab="2"
                     ecep:pron="əˈbəʊd">abode</w>
                  <pc xml:id="o3794-581000"
                      n="342-a-0740"
                      ecep:lem=","
                      ecep:pos=","
                      ecep:reg=","
                      ecep:spe=",">,</pc>
               </l>
               <l xml:id="o3794-l32455">
                  <c> </c>
                  <w xml:id="o3794-581010"
                     n="342-a-0750"
                     ecep:lem="always"
                     ecep:pos="av"
                     ecep:reg="Always"
                     ecep:spe="Always"
                     ecep:syllab="2"
                     ecep:pron="ˈɔːlweɪz">Always</w>
                  <c> </c>
                  <w xml:id="o3794-581020"
                     n="342-a-0760"
                     ecep:lem="harbinger"
                     ecep:pos="n1"
                     ecep:reg="harbinger"
                     ecep:spe="harbinger"
                     ecep:syllab="3"
                     ecep:pron="ˈhɑːbɪndʒə">harbinger</w>
                  <c> </c>
                  <w xml:id="o3794-581030"
                     n="342-a-0770"
                     ecep:lem="of"
                     ecep:pos="pp-f"
                     ecep:reg="of"
                     ecep:spe="of"
                     ecep:syllab="1"
                     ecep:pron="ɒv">of</w>
                  <c> </c>
                  <w xml:id="o3794-581040"
                     n="342-a-0780"
                     ecep:lem="good"
                     ecep:pos="j"
                     ecep:reg="good"
                     ecep:spe="good"
                     ecep:syllab="1"
                     ecep:pron="gʊd">good</w>
                  <pc xml:id="o3794-581050"
                      n="342-a-0790"
                      ecep:lem=","
                      ecep:pos=","
                      ecep:reg=","
                      ecep:spe=",">,</pc>
               </l>
               <l xml:id="o3794-l32460">
                  <c> </c>
                  <w xml:id="o3794-581060"
                     n="342-a-0800"
                     ecep:lem="pay"
                     ecep:pos="vvb"
                     ecep:reg="Pay"
                     ecep:spe="Pay"
                     ecep:syllab="1"
                     ecep:pron="peɪ">Pay</w>
                  <c> </c>
                  <w xml:id="o3794-581070"
                     n="342-a-0810"
                     ecep:lem="i"
                     ecep:pos="pno11"
                     ecep:reg="me"
                     ecep:spe="me"
                     ecep:syllab="1"
                     ecep:pron="miː">me</w>
                  <c> </c>
                  <w xml:id="o3794-581080"
                     n="342-a-0820"
                     ecep:lem="for"
                     ecep:pos="p-acp"
                     ecep:reg="for"
                     ecep:spe="for"
                     ecep:syllab="1"
                     ecep:pron="fɔː">for</w>
                  <c> </c>
                  <w xml:id="o3794-581090"
                     n="342-a-0830"
                     ecep:lem="thy"
                     ecep:pos="po21"
                     ecep:reg="thy"
                     ecep:spe="thy"
                     ecep:syllab="1"
                     ecep:pron="ðaɪ">thy</w>
                  <c> </c>
                  <w xml:id="o3794-581100"
                     n="342-a-0840"
                     ecep:lem="warm"
                     ecep:pos="j"
                     ecep:reg="warm"
                     ecep:spe="warm"
                     ecep:syllab="1"
                     ecep:pron="wɔːm">warm</w>
                  <c> </c>
                  <w xml:id="o3794-581110"
                     n="342-a-0850"
                     ecep:lem="retreat"
                     ecep:pos="n1"
                     ecep:reg="retreat"
                     ecep:spe="retreat"
                     ecep:syllab="2"
                     ecep:pron="rɪˈtriːt">retreat</w>
                  <pc xml:id="o3794-581120"
                      n="342-a-0860"
                      ecep:lem=","
                      ecep:pos=","
                      ecep:reg=","
                      ecep:spe=",">,</pc>
               </l>
               <l xml:id="o3794-l32465">
                  <c> </c>
                  <w xml:id="o3794-581130"
                     n="342-a-0870"
                     ecep:lem="with"
                     ecep:pos="p-acp"
                     ecep:reg="With"
                     ecep:spe="With"
                     ecep:syllab="1"
                     ecep:pron="wɪð">With</w>
                  <c> </c>
                  <w xml:id="o3794-581140"
                     n="342-a-0880"
                     ecep:lem="a"
                     ecep:pos="dt"
                     ecep:reg="a"
                     ecep:spe="a"
                     ecep:syllab="1"
                     ecep:pron="ə">a</w>
                  <c> </c>
                  <w xml:id="o3794-581150"
                     n="342-a-0890"
                     ecep:lem="song"
                     ecep:pos="n1"
                     ecep:reg="song"
                     ecep:spe="song"
                     ecep:syllab="1"
                     ecep:pron="sɒŋ">song</w>
                  <c> </c>
                  <w xml:id="o3794-581160"
                     n="342-a-0900"
                     ecep:lem="more"
                     ecep:pos="av-dc"
                     ecep:reg="more"
                     ecep:spe="more"
                     ecep:syllab="1"
                     ecep:pron="mɔː">more</w>
                  <c> </c>
                  <w xml:id="o3794-581170"
                     n="342-a-0910"
                     ecep:lem="soft"
                     ecep:pos="j"
                     ecep:reg="soft"
                     ecep:spe="soft"
                     ecep:syllab="1"
                     ecep:pron="sɒft">soft</w>
                  <c> </c>
                  <w xml:id="o3794-581180"
                     n="342-a-0920"
                     ecep:lem="and"
                     ecep:pos="cc"
                     ecep:reg="and"
                     ecep:spe="and"
                     ecep:syllab="1"
                     ecep:pron="ænd">and</w>
                  <c> </c>
                  <w xml:id="o3794-581190"
                     n="342-a-0930"
                     ecep:lem="sweet"
                     ecep:pos="j"
                     ecep:reg="sweet"
                     ecep:spe="sweet"
                     ecep:syllab="1"
                     ecep:pron="swiːt">sweet</w>
                  <pc xml:id="o3794-581200"
                      n="342-a-0940"
                      ecep:lem=","
                      ecep:pos=","
                      ecep:reg=","
                      ecep:spe=",">,</pc>
               </l>
               <l xml:id="o3794-l32470">
                  <c> </c>
                  <w xml:id="o3794-581210"
                     n="342-a-0950"
                     ecep:lem="in"
                     ecep:pos="p-acp"
                     ecep:reg="In"
                     ecep:spe="In"
                     ecep:syllab="1"
                     ecep:pron="ɪn">In</w>
                  <c> </c>
                  <w xml:id="o3794-581220"
                     n="342-a-0960"
                     ecep:lem="return"
                     ecep:pos="n1"
                     ecep:reg="return"
                     ecep:spe="return"
                     ecep:syllab="2"
                     ecep:pron="rɪˈtɜːn">return</w>
                  <c> </c>
                  <w xml:id="o3794-581230"
                     n="342-a-0970"
                     ecep:lem="thou"
                     ecep:pos="pns21"
                     ecep:reg="thou"
                     ecep:spe="thou"
                     ecep:syllab="1"
                     ecep:pron="θaʊ">thou</w>
                  <c> </c>
                  <w xml:id="o3794-581240"
                     n="342-a-0980"
                     ecep:lem="shall"
                     ecep:pos="vm2"
                     ecep:reg="shalt"
                     ecep:spe="shalt"
                     ecep:syllab="1"
                     ecep:pron="ʃælt">shalt</w>
                  <c> </c>
                  <w xml:id="o3794-581250"
                     n="342-a-0990"
                     ecep:lem="receive"
                     ecep:pos="vvi"
                     ecep:reg="receive"
                     ecep:spe="receive"
                     ecep:syllab="2"
                     ecep:pron="rɪˈsiːv">receive</w>
               </l>
               <l xml:id="o3794-l32475">
                  <c> </c>
                  <w xml:id="o3794-581260"
                     n="342-a-1000"
                     ecep:lem="such"
                     ecep:pos="d"
                     ecep:reg="Such"
                     ecep:spe="Such"
                     ecep:syllab="1"
                     ecep:pron="sʌtʃ">Such</w>
                  <c> </c>
                  <w xml:id="o3794-581270"
                     n="342-a-1010"
                     ecep:lem="a"
                     ecep:pos="dt"
                     ecep:reg="a"
                     ecep:spe="a"
                     ecep:syllab="1"
                     ecep:pron="ə">a</w>
                  <c> </c>
                  <w xml:id="o3794-581280"
                     n="342-a-1020"
                     ecep:lem="strain"
                     ecep:pos="n1"
                     ecep:reg="strain"
                     ecep:spe="strain"
                     ecep:syllab="1"
                     ecep:pron="streɪn">strain</w>
                  <c> </c>
                  <w xml:id="o3794-581290"
                     n="342-a-1030"
                     ecep:lem="as"
                     ecep:pos="c-acp"
                     ecep:reg="as"
                     ecep:spe="as"
                     ecep:syllab="1"
                     ecep:pron="æz">as</w>
                  <c> </c>
                  <w xml:id="o3794-581300"
                     n="342-a-1040"
                     ecep:lem="i"
                     ecep:pos="pns11"
                     ecep:reg="I"
                     ecep:spe="I"
                     ecep:syllab="1"
                     ecep:pron="aɪ">I</w>
                  <c> </c>
                  <w xml:id="o3794-581310"
                     n="342-a-1050"
                     ecep:lem="can"
                     ecep:pos="vmb"
                     ecep:reg="can"
                     ecep:spe="can"
                     ecep:syllab="1"
                     ecep:pron="kæn">can</w>
                  <c> </c>
                  <w xml:id="o3794-581320"
                     n="342-a-1060"
                     ecep:lem="give"
                     ecep:pos="vvi"
                     ecep:reg="give"
                     ecep:spe="give"
                     ecep:syllab="1"
                     ecep:pron="gɪv">give</w>
                  <pc xml:id="o3794-581330"
                      n="342-a-1070"
                      unit="sentence"
                      ecep:lem="."
                      ecep:pos="."
                      ecep:reg="."
                      ecep:spe=".">.</pc>
                  <c> </c>
               </l>
            </lg>
            <pb facs="o3794/0349" n="340" rend="none"/>
            <lg n="2" xml:id="o3794-s00695">
               <head>
                  <w xml:id="o3794-581370"
                     n="343-a-0010"
                     ecep:lem="2."
                     ecep:pos="crd"
                     ecep:reg="2."
                     ecep:spe="2."
                     ecep:syllab="1"
                     ecep:pron="tˈuː">2.</w>
                  <pc unit="sentence" xml:id="o3794-581370-eos" n="343-a-0020"/>
               </head>
               <l xml:id="o3794-l32480">
                  <w xml:id="o3794-581390"
                     n="343-a-0030"
                     ecep:lem="thus"
                     ecep:pos="av"
                     ecep:reg="Thus"
                     ecep:spe="Thus"
                     ecep:syllab="1"
                     ecep:pron="ðʌs">Thus</w>
                  <c> </c>
                  <w xml:id="o3794-581400"
                     n="343-a-0040"
                     ecep:lem="thy"
                     ecep:pos="po21"
                     ecep:reg="thy"
                     ecep:spe="thy"
                     ecep:syllab="1"
                     ecep:pron="ðaɪ">thy</w>
                  <c> </c>
                  <w xml:id="o3794-581410"
                     n="343-a-0050"
                     ecep:lem="praise"
                     ecep:pos="n1"
                     ecep:reg="praise"
                     ecep:spe="praise"
                     ecep:syllab="1"
                     ecep:pron="preɪz">praise</w>
                  <c> </c>
                  <w xml:id="o3794-581420"
                     n="343-a-0060"
                     ecep:lem="shall"
                     ecep:pos="vmb"
                     ecep:reg="shall"
                     ecep:spe="shall"
                     ecep:syllab="1"
                     ecep:pron="ʃæl">shall</w>
                  <c> </c>
                  <w xml:id="o3794-581430"
                     n="343-a-0070"
                     ecep:lem="be"
                     ecep:pos="vbi"
                     ecep:reg="be"
                     ecep:spe="be"
                     ecep:syllab="1"
                     ecep:pron="biː">be</w>
                  <c> </c>
                  <w xml:id="o3794-581440"
                     n="343-a-0080"
                     ecep:lem="express"
                     ecep:pos="vvn"
                     ecep:reg="expressed"
                     ecep:spe="exprest"
                     ecep:syllab="2"
                     ecep:pron="ɪkˈsprest">exprest</w>
                  <pc xml:id="o3794-581450"
                      n="343-a-0090"
                      ecep:lem=","
                      ecep:pos=","
                      ecep:reg=","
                      ecep:spe=",">,</pc>
               </l>
               <l xml:id="o3794-l32485">
                  <c> </c>
                  <w xml:id="o3794-581460"
                     n="343-a-0100"
                     ecep:lem="inoffensive"
                     ecep:pos="j"
                     ecep:reg="Inoffensive"
                     ecep:spe="Inoffensive"
                     ecep:syllab="4"
                     ecep:pron="ˌɪnəˈfensɪv">Inoffensive</w>
                  <pc xml:id="o3794-581470"
                      n="343-a-0110"
                      ecep:lem=","
                      ecep:pos=","
                      ecep:reg=","
                      ecep:spe=",">,</pc>
                  <c> </c>
                  <w xml:id="o3794-581480"
                     n="343-a-0120"
                     ecep:lem="welcome"
                     ecep:pos="j-jn"
                     ecep:reg="welcome"
                     ecep:spe="welcome"
                     ecep:syllab="2"
                     ecep:pron="ˈwelkəm">welcome</w>
                  <c> </c>
                  <w xml:id="o3794-581490"
                     n="343-a-0130"
                     ecep:lem="guest"
                     ecep:pos="n1"
                     ecep:reg="guest"
                     ecep:spe="guest"
                     ecep:syllab="1"
                     ecep:pron="gest">guest</w>
                  <pc xml:id="o3794-581500"
                      n="343-a-0140"
                      unit="sentence"
                      ecep:lem="!"
                      ecep:pos="!"
                      ecep:reg="!"
                      ecep:spe="!">!</pc>
                  <c> </c>
               </l>
               <l xml:id="o3794-l32490">
                  <w xml:id="o3794-581510"
                     n="343-a-0150"
                     ecep:lem="while"
                     ecep:pos="cs"
                     ecep:reg="While"
                     ecep:spe="While"
                     ecep:syllab="1"
                     ecep:pron="ˈwaɪl">While</w>
                  <c> </c>
                  <w xml:id="o3794-581520"
                     n="343-a-0160"
                     ecep:lem="the"
                     ecep:pos="dt"
                     ecep:reg="the"
                     ecep:spe="the"
                     ecep:syllab="1"
                     ecep:pron="ðiː">the</w>
                  <c> </c>
                  <w xml:id="o3794-581530"
                     n="343-a-0170"
                     ecep:lem="rat"
                     ecep:pos="n1"
                     ecep:reg="rat"
                     ecep:spe="rat"
                     ecep:syllab="1"
                     ecep:pron="ræt">rat</w>
                  <c> </c>
                  <w xml:id="o3794-581540"
                     n="343-a-0180"
                     ecep:lem="be"
                     ecep:pos="vbz"
                     ecep:reg="is"
                     ecep:spe="is"
                     ecep:syllab="1"
                     ecep:pron="ɪz">is</w>
                  <c> </c>
                  <w xml:id="o3794-581550"
                     n="343-a-0190"
                     ecep:lem="on"
                     ecep:pos="p-acp"
                     ecep:reg="on"
                     ecep:spe="on"
                     ecep:syllab="1"
                     ecep:pron="ɒn">on</w>
                  <c> </c>
                  <w xml:id="o3794-581560"
                     n="343-a-0200"
                     ecep:lem="the"
                     ecep:pos="dt"
                     ecep:reg="the"
                     ecep:spe="the"
                     ecep:syllab="1"
                     ecep:pron="ðiː">the</w>
                  <c> </c>
                  <w xml:id="o3794-581570"
                     n="343-a-0210"
                     ecep:lem="scout"
                     ecep:pos="n1"
                     ecep:reg="scout"
                     ecep:spe="scout"
                     ecep:syllab="1"
                     ecep:pron="skaʊt">scout</w>
                  <pc xml:id="o3794-581580"
                      n="343-a-0220"
                      ecep:lem=","
                      ecep:pos=","
                      ecep:reg=","
                      ecep:spe=",">,</pc>
               </l>
               <l xml:id="o3794-l32495">
                  <c> </c>
                  <w xml:id="o3794-581590"
                     n="343-a-0230"
                     ecep:lem="and"
                     ecep:pos="cc"
                     ecep:reg="And"
                     ecep:spe="And"
                     ecep:syllab="1"
                     ecep:pron="ænd">And</w>
                  <c> </c>
                  <w xml:id="o3794-581600"
                     n="343-a-0240"
                     ecep:lem="the"
                     ecep:pos="dt"
                     ecep:reg="the"
                     ecep:spe="the"
                     ecep:syllab="1"
                     ecep:pron="ðiː">the</w>
                  <c> </c>
                  <w xml:id="o3794-581610"
                     n="343-a-0250"
                     ecep:lem="mouse"
                     ecep:pos="n1"
                     ecep:reg="mouse"
                     ecep:spe="mouse"
                     ecep:syllab="1"
                     ecep:pron="maʊs">mouse</w>
                  <c> </c>
                  <w xml:id="o3794-581620"
                     n="343-a-0260"
                     ecep:lem="with"
                     ecep:pos="p-acp"
                     ecep:reg="with"
                     ecep:spe="with"
                     ecep:syllab="1"
                     ecep:pron="wɪð">with</w>
                  <c> </c>
                  <w xml:id="o3794-581630"
                     n="343-a-0270"
                     ecep:lem="curious"
                     ecep:pos="j"
                     ecep:reg="curious"
                     ecep:spe="curious"
                     ecep:syllab="3"
                     ecep:pron="ˈkjʊəriəs">curious</w>
                  <c> </c>
                  <w xml:id="o3794-581640"
                     n="343-a-0280"
                     ecep:lem="snout"
                     ecep:pos="n1"
                     ecep:reg="snout"
                     ecep:spe="snout"
                     ecep:syllab="1"
                     ecep:pron="snaʊt">snout</w>
                  <pc xml:id="o3794-581650"
                      n="343-a-0290"
                      ecep:lem=","
                      ecep:pos=","
                      ecep:reg=","
                      ecep:spe=",">,</pc>
               </l>
               <l xml:id="o3794-l32500">
                  <c> </c>
                  <w xml:id="o3794-581660"
                     n="343-a-0300"
                     ecep:lem="with"
                     ecep:pos="p-acp"
                     ecep:reg="With"
                     ecep:spe="With"
                     ecep:syllab="1"
                     ecep:pron="wɪð">With</w>
                  <c> </c>
                  <w xml:id="o3794-581670"
                     n="343-a-0310"
                     ecep:lem="what"
                     ecep:pos="r-crq"
                     ecep:reg="what"
                     ecep:spe="what"
                     ecep:syllab="1"
                     ecep:pron="wɒt">what</w>
                  <c> </c>
                  <w xml:id="o3794-581680"
                     n="343-a-0320"
                     ecep:lem="vermin"
                     ecep:pos="n1"
                     ecep:reg="vermin"
                     ecep:spe="vermin"
                     ecep:syllab="2"
                     ecep:pron="ˈvɜːmɪn">vermin</w>
                  <c> </c>
                  <w xml:id="o3794-581690"
                     n="343-a-0330"
                     ecep:lem="else"
                     ecep:pos="av"
                     ecep:reg="else"
                     ecep:spe="else"
                     ecep:syllab="1"
                     ecep:pron="els">else</w>
                  <c> </c>
                  <w xml:id="o3794-581700"
                     n="343-a-0340"
                     ecep:lem="infest"
                     ecep:pos="vvb"
                     ecep:reg="infest"
                     ecep:spe="infest"
                     ecep:syllab="2"
                     ecep:pron="ɪnˈfest">infest</w>
               </l>
               <l xml:id="o3794-l32505">
                  <c> </c>
                  <w xml:id="o3794-581710"
                     n="343-a-0350"
                     ecep:lem="every"
                     ecep:pos="d"
                     ecep:reg="Every"
                     ecep:spe="Every"
                     ecep:syllab="2"
                     ecep:pron="ˈevri">Every</w>
                  <c> </c>
                  <w xml:id="o3794-581720"
                     n="343-a-0360"
                     ecep:lem="dish"
                     ecep:pos="n1"
                     ecep:reg="dish"
                     ecep:spe="dish"
                     ecep:syllab="1"
                     ecep:pron="dɪʃ">dish</w>
                  <c> </c>
                  <w xml:id="o3794-581730"
                     n="343-a-0370"
                     ecep:lem="and"
                     ecep:pos="cc"
                     ecep:reg="and"
                     ecep:spe="and"
                     ecep:syllab="1"
                     ecep:pron="ænd">and</w>
                  <c> </c>
                  <w xml:id="o3794-581740"
                     n="343-a-0380"
                     ecep:lem="spoil"
                     ecep:pos="vvi"
                     ecep:reg="spoil"
                     ecep:spe="spoil"
                     ecep:syllab="1"
                     ecep:pron="spɔɪl">spoil</w>
                  <c> </c>
                  <w xml:id="o3794-581750"
                     n="343-a-0390"
                     ecep:lem="the"
                     ecep:pos="dt"
                     ecep:reg="the"
                     ecep:spe="the"
                     ecep:syllab="1"
                     ecep:pron="ðiː">the</w>
                  <c> </c>
                  <w xml:id="o3794-581760"
                     n="343-a-0400"
                     ecep:lem="best"
                     ecep:pos="js"
                     ecep:reg="best"
                     ecep:spe="best"
                     ecep:syllab="1"
                     ecep:pron="best">best</w>
                  <pc xml:id="o3794-581770"
                      n="343-a-0410"
                      ecep:lem=";"
                      ecep:pos=";"
                      ecep:reg=";"
                      ecep:spe=";">;</pc>
               </l>
               <l xml:id="o3794-l32510">
                  <c> </c>
                  <w xml:id="o3794-581780"
                     n="343-a-0420"
                     ecep:lem="frisk"
                     ecep:pos="vvg"
                     ecep:reg="Frisking"
                     ecep:spe="Frisking"
                     ecep:syllab="1"
                     ecep:pron="frɪskɪŋ">Frisking</w>
                  <c> </c>
                  <w xml:id="o3794-581790"
                     n="343-a-0430"
                     ecep:lem="thus"
                     ecep:pos="av"
                     ecep:reg="thus"
                     ecep:spe="thus"
                     ecep:syllab="1"
                     ecep:pron="ðʌs">thus</w>
                  <c> </c>
                  <w xml:id="o3794-581800"
                     n="343-a-0440"
                     ecep:lem="before"
                     ecep:pos="p-acp"
                     ecep:reg="before"
                     ecep:spe="before"
                     ecep:syllab="2"
                     ecep:pron="bɪˈfɔː">before</w>
                  <c> </c>
                  <w xml:id="o3794-581810"
                     n="343-a-0450"
                     ecep:lem="the"
                     ecep:pos="dt"
                     ecep:reg="the"
                     ecep:spe="the"
                     ecep:syllab="1"
                     ecep:pron="ðiː">the</w>
                  <c> </c>
                  <w xml:id="o3794-581820"
                     n="343-a-0460"
                     ecep:lem="fire"
                     ecep:pos="n1"
                     ecep:reg="fire"
                     ecep:spe="fire"
                     ecep:syllab="1"
                     ecep:pron="fæə">fire</w>
                  <pc xml:id="o3794-581830"
                      n="343-a-0470"
                      ecep:lem=","
                      ecep:pos=","
                      ecep:reg=","
                      ecep:spe=",">,</pc>
               </l>
               <l xml:id="o3794-l32515">
                  <c> </c>
                  <w xml:id="o3794-581840"
                     n="343-a-0480"
                     ecep:lem="thou"
                     ecep:pos="pns21"
                     ecep:reg="Thou"
                     ecep:spe="Thou"
                     ecep:syllab="1"
                     ecep:pron="θaʊ">Thou</w>
                  <c> </c>
                  <w xml:id="o3794-581850"
                     n="343-a-0490"
                     ecep:lem="have"
                     ecep:pos="vh2"
                     ecep:reg="hast"
                     ecep:spe="hast"
                     ecep:syllab="1"
                     ecep:pron="hæst">hast</w>
                  <c> </c>
                  <w xml:id="o3794-581860"
                     n="343-a-0500"
                     ecep:lem="all"
                     ecep:pos="d"
                     ecep:reg="all"
                     ecep:spe="all"
                     ecep:syllab="1"
                     ecep:pron="ɔːl">all</w>
                  <c> </c>
                  <w xml:id="o3794-581870"
                     n="343-a-0510"
                     ecep:lem="thy"
                     ecep:pos="po21"
                     ecep:reg="thine"
                     ecep:spe="thine"
                     ecep:syllab="1"
                     ecep:pron="ðaɪn">thine</w>
                  <c> </c>
                  <w xml:id="o3794-581880"
                     n="343-a-0520"
                     ecep:lem="heart"
                     ecep:pos="ng1"
                     ecep:reg="heart's"
                     ecep:spe="heart's"
                     ecep:syllab="1"
                     ecep:pron="ˈhɑːts">heart's</w>
                  <c> </c>
                  <w xml:id="o3794-581890"
                     n="343-a-0530"
                     ecep:lem="desire"
                     ecep:pos="n1"
                     ecep:reg="desire"
                     ecep:spe="desire"
                     ecep:syllab="2"
                     ecep:pron="dɪˈzæə">desire</w>
                  <pc xml:id="o3794-581900"
                      n="343-a-0540"
                      unit="sentence"
                      ecep:lem="."
                      ecep:pos="."
                      ecep:reg="."
                      ecep:spe=".">.</pc>
                  <c> </c>
               </l>
            </lg>
            <lg n="3" xml:id="o3794-s00700">
               <head>
                  <w xml:id="o3794-581940"
                     n="343-a-0550"
                     ecep:lem="3."
                     ecep:pos="crd"
                     ecep:reg="3."
                     ecep:spe="3."
                     ecep:syllab="1"
                     ecep:pron="θrˈiː">3.</w>
                  <pc unit="sentence" xml:id="o3794-581940-eos" n="343-a-0560"/>
               </head>
               <l xml:id="o3794-l32520">
                  <w xml:id="o3794-581960"
                     n="343-a-0570"
                     ecep:lem="though"
                     ecep:pos="c-acp"
                     ecep:reg="Though"
                     ecep:spe="Though"
                     ecep:syllab="1"
                     ecep:pron="ðəʊ">Though</w>
                  <c> </c>
                  <w xml:id="o3794-581970"
                     n="343-a-0580"
                     ecep:lem="in"
                     ecep:pos="p-acp"
                     ecep:reg="in"
                     ecep:spe="in"
                     ecep:syllab="1"
                     ecep:pron="ɪn">in</w>
                  <c> </c>
                  <w xml:id="o3794-581980"
                     n="343-a-0590"
                     ecep:lem="voice"
                     ecep:pos="n1"
                     ecep:reg="voice"
                     ecep:spe="voice"
                     ecep:syllab="1"
                     ecep:pron="vɔɪs">voice</w>
                  <c> </c>
                  <w xml:id="o3794-581990"
                     n="343-a-0600"
                     ecep:lem="and"
                     ecep:pos="cc"
                     ecep:reg="and"
                     ecep:spe="and"
                     ecep:syllab="1"
                     ecep:pron="ænd">and</w>
                  <c> </c>
                  <w xml:id="o3794-582000"
                     n="343-a-0610"
                     ecep:lem="shape"
                     ecep:pos="n1"
                     ecep:reg="shape"
                     ecep:spe="shape"
                     ecep:syllab="1"
                     ecep:pron="ʃeɪp">shape</w>
                  <c> </c>
                  <w xml:id="o3794-582010"
                     n="343-a-0620"
                     ecep:lem="they"
                     ecep:pos="pns32"
                     ecep:reg="they"
                     ecep:spe="they"
                     ecep:syllab="1"
                     ecep:pron="ðeɪ">they</w>
                  <c> </c>
                  <w xml:id="o3794-582020"
                     n="343-a-0630"
                     ecep:lem="be"
                     ecep:pos="vbb"
                     ecep:reg="be"
                     ecep:spe="be"
                     ecep:syllab="1"
                     ecep:pron="biː">be</w>
               </l>
               <l xml:id="o3794-l32525">
                  <c> </c>
                  <w xml:id="o3794-582030"
                     n="343-a-0640"
                     ecep:lem="form"
                     ecep:pos="vvn"
                     ecep:reg="Formed"
                     ecep:spe="Form'd"
                     ecep:syllab="1"
                     ecep:pron="fɔːmd">Form'd</w>
                  <c> </c>
                  <w xml:id="o3794-582040"
                     n="343-a-0650"
                     ecep:lem="as"
                     ecep:pos="c-acp"
                     ecep:reg="as"
                     ecep:spe="as"
                     ecep:syllab="1"
                     ecep:pron="æz">as</w>
                  <c> </c>
                  <w xml:id="o3794-582050"
                     n="343-a-0660"
                     ecep:lem="if"
                     ecep:pos="cs"
                     ecep:reg="if"
                     ecep:spe="if"
                     ecep:syllab="1"
                     ecep:pron="ɪf">if</w>
                  <c> </c>
                  <w xml:id="o3794-582060"
                     n="343-a-0670"
                     ecep:lem="akin"
                     ecep:pos="j"
                     ecep:reg="akin"
                     ecep:spe="akin"
                     ecep:syllab="2"
                     ecep:pron="əˈkɪn">akin</w>
                  <c> </c>
                  <w xml:id="o3794-582070"
                     n="343-a-0680"
                     ecep:lem="to"
                     ecep:pos="p-acp"
                     ecep:reg="to"
                     ecep:spe="to"
                     ecep:syllab="1"
                     ecep:pron="tuː">to</w>
                  <c> </c>
                  <w xml:id="o3794-582080"
                     n="343-a-0690"
                     ecep:lem="thou"
                     ecep:pos="pno21"
                     ecep:reg="thee"
                     ecep:spe="thee"
                     ecep:syllab="1"
                     ecep:pron="ðiː">thee</w>
                  <pc xml:id="o3794-582090"
                      n="343-a-0700"
                      ecep:lem=","
                      ecep:pos=","
                      ecep:reg=","
                      ecep:spe=",">,</pc>
               </l>
               <l xml:id="o3794-l32530">
                  <c> </c>
                  <w xml:id="o3794-582100"
                     n="343-a-0710"
                     ecep:lem="thou"
                     ecep:pos="pns21"
                     ecep:reg="Thou"
                     ecep:spe="Thou"
                     ecep:syllab="1"
                     ecep:pron="θaʊ">Thou</w>
                  <c> </c>
                  <w xml:id="o3794-582110"
                     n="343-a-0720"
                     ecep:lem="surpass"
                     ecep:pos="vv2"
                     ecep:reg="surpassest"
                     ecep:spe="surpassest"
                     ecep:syllab="3"
                     ecep:pron="səpˈæsəst">surpassest</w>
                  <pc xml:id="o3794-582120"
                      n="343-a-0730"
                      ecep:lem=","
                      ecep:pos=","
                      ecep:reg=","
                      ecep:spe=",">,</pc>
                  <c> </c>
                  <w xml:id="o3794-582130"
                     n="343-a-0740"
                     ecep:lem="happy"
                     ecep:pos="jc"
                     ecep:reg="happier"
                     ecep:spe="happier"
                     ecep:syllab="2"
                     ecep:pron="ˈhæpiə">happier</w>
                  <c> </c>
                  <w xml:id="o3794-582140"
                     n="343-a-0750"
                     ecep:lem="far"
                     ecep:pos="av-j"
                     ecep:reg="far"
                     ecep:spe="far"
                     ecep:syllab="1"
                     ecep:pron="fɑː">far</w>
                  <pc xml:id="o3794-582150"
                      n="343-a-0760"
                      ecep:lem=","
                      ecep:pos=","
                      ecep:reg=","
                      ecep:spe=",">,</pc>
               </l>
               <l xml:id="o3794-l32535">
                  <c> </c>
                  <w xml:id="o3794-582160"
                     n="343-a-0770"
                     ecep:lem="happy"
                     ecep:pos="js"
                     ecep:reg="Happiest"
                     ecep:spe="Happiest"
                     ecep:syllab="2"
                     ecep:pron="ˈhæpiɪst">Happiest</w>
                  <c> </c>
                  <w xml:id="o3794-582170"
                     n="343-a-0780"
                     ecep:lem="grasshopper"
                     ecep:pos="n2"
                     ecep:reg="grasshoppers"
                     ecep:spe="grasshoppers"
                     ecep:syllab="3"
                     ecep:pron="ˈgrɑːsˌhɒpəz">grasshoppers</w>
                  <c> </c>
                  <w xml:id="o3794-582180"
                     n="343-a-0790"
                     ecep:lem="that"
                     ecep:pos="cst"
                     ecep:reg="that"
                     ecep:spe="that"
                     ecep:syllab="1"
                     ecep:pron="ðæt">that</w>
                  <c> </c>
                  <w xml:id="o3794-582190"
                     n="343-a-0800"
                     ecep:lem="be"
                     ecep:pos="vbr"
                     ecep:reg="are"
                     ecep:spe="are"
                     ecep:syllab="1"
                     ecep:pron="ɑː">are</w>
                  <pc xml:id="o3794-582200"
                      n="343-a-0810"
                      ecep:lem=","
                      ecep:pos=","
                      ecep:reg=","
                      ecep:spe=",">,</pc>
               </l>
               <l xml:id="o3794-l32540">
                  <c> </c>
                  <w xml:id="o3794-582210"
                     n="343-a-0820"
                     ecep:lem="they"
                     ecep:pos="png32"
                     ecep:reg="Theirs"
                     ecep:spe="Theirs"
                     ecep:syllab="1"
                     ecep:pron="ðeəz">Theirs</w>
                  <c> </c>
                  <w xml:id="o3794-582220"
                     n="343-a-0830"
                     ecep:lem="be"
                     ecep:pos="vbz"
                     ecep:reg="is"
                     ecep:spe="is"
                     ecep:syllab="1"
                     ecep:pron="ɪz">is</w>
                  <c> </c>
                  <w xml:id="o3794-582230"
                     n="343-a-0840"
                     ecep:lem="but"
                     ecep:pos="cc-acp"
                     ecep:reg="but"
                     ecep:spe="but"
                     ecep:syllab="1"
                     ecep:pron="bʌt">but</w>
                  <c> </c>
                  <w xml:id="o3794-582240"
                     n="343-a-0850"
                     ecep:lem="a"
                     ecep:pos="dt"
                     ecep:reg="a"
                     ecep:spe="a"
                     ecep:syllab="1"
                     ecep:pron="ə">a</w>
                  <c> </c>
                  <w xml:id="o3794-582250"
                     n="343-a-0860"
                     ecep:lem="summer"
                     ecep:pos="ng1"
                     ecep:reg="summer's"
                     ecep:spe="summer's"
                     ecep:syllab="2"
                     ecep:pron="ˈsʌməz">summer's</w>
                  <c> </c>
                  <w xml:id="o3794-582260"
                     n="343-a-0870"
                     ecep:lem="song"
                     ecep:pos="n1"
                     ecep:reg="song"
                     ecep:spe="song"
                     ecep:syllab="1"
                     ecep:pron="sɒŋ">song</w>
                  <pc xml:id="o3794-582270"
                      n="343-a-0880"
                      ecep:lem=","
                      ecep:pos=","
                      ecep:reg=","
                      ecep:spe=",">,</pc>
               </l>
               <l xml:id="o3794-l32545">
                  <c> </c>
                  <w xml:id="o3794-582280"
                     n="343-a-0890"
                     ecep:lem="thy"
                     ecep:pos="po21"
                     ecep:reg="Thine"
                     ecep:spe="Thine"
                     ecep:syllab="1"
                     ecep:pron="ðaɪn">Thine</w>
                  <c> </c>
                  <w xml:id="o3794-582290"
                     n="343-a-0900"
                     ecep:lem="endure"
                     ecep:pos="vvz"
                     ecep:reg="endures"
                     ecep:spe="endures"
                     ecep:syllab="2"
                     ecep:pron="ɪnˈdʒʊəz">endures</w>
                  <c> </c>
                  <w xml:id="o3794-582300"
                     n="343-a-0910"
                     ecep:lem="the"
                     ecep:pos="dt"
                     ecep:reg="the"
                     ecep:spe="the"
                     ecep:syllab="1"
                     ecep:pron="ðiː">the</w>
                  <c> </c>
                  <w xml:id="o3794-582310"
                     n="343-a-0920"
                     ecep:lem="winter"
                     ecep:pos="n1"
                     ecep:reg="winter"
                     ecep:spe="winter"
                     ecep:syllab="2"
                     ecep:pron="ˈwɪntə">winter</w>
                  <c> </c>
                  <w xml:id="o3794-582320"
                     n="343-a-0930"
                     ecep:lem="long"
                     ecep:pos="av-j"
                     ecep:reg="long"
                     ecep:spe="long"
                     ecep:syllab="1"
                     ecep:pron="lɒŋ">long</w>
                  <pc xml:id="o3794-582330"
                      n="343-a-0940"
                      ecep:lem=","
                      ecep:pos=","
                      ecep:reg=","
                      ecep:spe=",">,</pc>
               </l>
               <l xml:id="o3794-l32550">
                  <c> </c>
                  <w xml:id="o3794-582340"
                     n="343-a-0950"
                     ecep:lem="unimpaired"
                     ecep:pos="j"
                     ecep:reg="Unimpaired"
                     ecep:spe="Unimpair'd"
                     ecep:syllab="3"
                     ecep:pron="ˌʌnɪmˈpeəd">Unimpair'd</w>
                  <c> </c>
                  <w xml:id="o3794-582350"
                     n="343-a-0960"
                     ecep:lem="and"
                     ecep:pos="cc"
                     ecep:reg="and"
                     ecep:spe="and"
                     ecep:syllab="1"
                     ecep:pron="ænd">and</w>
                  <c> </c>
                  <w xml:id="o3794-582360"
                     n="343-a-0970"
                     ecep:lem="shrill"
                     ecep:pos="j"
                     ecep:reg="shrill"
                     ecep:spe="shrill"
                     ecep:syllab="1"
                     ecep:pron="ʃrɪl">shrill</w>
                  <c> </c>
                  <w xml:id="o3794-582370"
                     n="343-a-0980"
                     ecep:lem="and"
                     ecep:pos="cc"
                     ecep:reg="and"
                     ecep:spe="and"
                     ecep:syllab="1"
                     ecep:pron="ænd">and</w>
                  <c> </c>
                  <w xml:id="o3794-582380"
                     n="343-a-0990"
                     ecep:lem="clear"
                     ecep:pos="j"
                     ecep:reg="clear"
                     ecep:spe="clear"
                     ecep:syllab="1"
                     ecep:pron="klɪə">clear</w>
                  <pc xml:id="o3794-582390"
                      n="343-a-1000"
                      ecep:lem=","
                      ecep:pos=","
                      ecep:reg=","
                      ecep:spe=",">,</pc>
               </l>
               <l xml:id="o3794-l32555">
                  <c> </c>
                  <w xml:id="o3794-582400"
                     n="343-a-1010"
                     ecep:lem="melody"
                     ecep:pos="n1"
                     ecep:reg="Melody"
                     ecep:spe="Melody"
                     ecep:syllab="3"
                     ecep:pron="ˈmelədi">Melody</w>
                  <c> </c>
                  <w xml:id="o3794-582410"
                     n="343-a-1020"
                     ecep:lem="throughout"
                     ecep:pos="p-acp"
                     ecep:reg="throughout"
                     ecep:spe="throughout"
                     ecep:syllab="2"
                     ecep:pron="θruˈaʊt">throughout</w>
                  <c> </c>
                  <w xml:id="o3794-582420"
                     n="343-a-1030"
                     ecep:lem="the"
                     ecep:pos="dt"
                     ecep:reg="the"
                     ecep:spe="the"
                     ecep:syllab="1"
                     ecep:pron="ðiː">the</w>
                  <c> </c>
                  <w xml:id="o3794-582430"
                     n="343-a-1040"
                     ecep:lem="year"
                     ecep:pos="n1"
                     ecep:reg="year"
                     ecep:spe="year"
                     ecep:syllab="1"
                     ecep:pron="jɪə">year</w>
                  <pc xml:id="o3794-582440"
                      n="343-a-1050"
                      unit="sentence"
                      ecep:lem="."
                      ecep:pos="."
                      ecep:reg="."
                      ecep:spe=".">.</pc>
                  <c> </c>
               </l>
            </lg>
            <pb facs="o3794/0350" n="341" rend="none"/>
            <lg n="4" xml:id="o3794-s00705">
               <head>
                  <w xml:id="o3794-582480"
                     n="344-a-0010"
                     ecep:lem="4."
                     ecep:pos="crd"
                     ecep:reg="4."
                     ecep:spe="4."
                     ecep:syllab="1"
                     ecep:pron="fˈɔː">4.</w>
                  <pc unit="sentence" xml:id="o3794-582480-eos" n="344-a-0020"/>
               </head>
               <l xml:id="o3794-l32560">
                  <w xml:id="o3794-582500"
                     n="344-a-0030"
                     ecep:lem="neither"
                     ecep:pos="dx"
                     ecep:reg="Neither"
                     ecep:spe="Neither"
                     ecep:syllab="2"
                     ecep:pron="ˈnaɪðə">Neither</w>
                  <c> </c>
                  <w xml:id="o3794-582510"
                     n="344-a-0040"
                     ecep:lem="night"
                     ecep:pos="n1"
                     ecep:reg="night"
                     ecep:spe="night"
                     ecep:syllab="1"
                     ecep:pron="naɪt">night</w>
                  <c> </c>
                  <w xml:id="o3794-582520"
                     n="344-a-0050"
                     ecep:lem="nor"
                     ecep:pos="ccx"
                     ecep:reg="nor"
                     ecep:spe="nor"
                     ecep:syllab="1"
                     ecep:pron="nɔː">nor</w>
                  <c> </c>
                  <w xml:id="o3794-582530"
                     n="344-a-0060"
                     ecep:lem="dawn"
                     ecep:pos="n1"
                     ecep:reg="dawn"
                     ecep:spe="dawn"
                     ecep:syllab="1"
                     ecep:pron="dɔːn">dawn</w>
                  <c> </c>
                  <w xml:id="o3794-582540"
                     n="344-a-0070"
                     ecep:lem="of"
                     ecep:pos="pp-f"
                     ecep:reg="of"
                     ecep:spe="of"
                     ecep:syllab="1"
                     ecep:pron="ɒv">of</w>
                  <c> </c>
                  <w xml:id="o3794-582550"
                     n="344-a-0080"
                     ecep:lem="day"
                     ecep:pos="n1"
                     ecep:reg="day"
                     ecep:spe="day"
                     ecep:syllab="1"
                     ecep:pron="deɪ">day</w>
                  <pc xml:id="o3794-582560"
                      n="344-a-0090"
                      ecep:lem=","
                      ecep:pos=","
                      ecep:reg=","
                      ecep:spe=",">,</pc>
               </l>
               <l xml:id="o3794-l32565">
                  <c> </c>
                  <w xml:id="o3794-582570"
                     n="344-a-0100"
                     ecep:lem="put"
                     ecep:pos="vvz"
                     ecep:reg="Puts"
                     ecep:spe="Puts"
                     ecep:syllab="1"
                     ecep:pron="pʊts">Puts</w>
                  <c> </c>
                  <w xml:id="o3794-582580"
                     n="344-a-0110"
                     ecep:lem="a"
                     ecep:pos="dt"
                     ecep:reg="a"
                     ecep:spe="a"
                     ecep:syllab="1"
                     ecep:pron="ə">a</w>
                  <c> </c>
                  <w xml:id="o3794-582590"
                     n="344-a-0120"
                     ecep:lem="period"
                     ecep:pos="n1"
                     ecep:reg="period"
                     ecep:spe="period"
                     ecep:syllab="3"
                     ecep:pron="ˈpɪəriəd">period</w>
                  <c> </c>
                  <w xml:id="o3794-582600"
                     n="344-a-0130"
                     ecep:lem="to"
                     ecep:pos="p-acp"
                     ecep:reg="to"
                     ecep:spe="to"
                     ecep:syllab="1"
                     ecep:pron="tuː">to</w>
                  <c> </c>
                  <w xml:id="o3794-582610"
                     n="344-a-0140"
                     ecep:lem="thy"
                     ecep:pos="po21"
                     ecep:reg="thy"
                     ecep:spe="thy"
                     ecep:syllab="1"
                     ecep:pron="ðaɪ">thy</w>
                  <c> </c>
                  <w xml:id="o3794-582620"
                     n="344-a-0150"
                     ecep:lem="play"
                     ecep:pos="n1"
                     ecep:reg="play"
                     ecep:spe="play"
                     ecep:syllab="1"
                     ecep:pron="pleɪ">play</w>
                  <pc xml:id="o3794-582630"
                      n="344-a-0160"
                      ecep:lem=","
                      ecep:pos=","
                      ecep:reg=","
                      ecep:spe=",">,</pc>
               </l>
               <l xml:id="o3794-l32570">
                  <c> </c>
                  <w xml:id="o3794-582640"
                     n="344-a-0170"
                     ecep:lem="sing"
                     ecep:pos="vvb"
                     ecep:reg="Sing"
                     ecep:spe="Sing"
                     ecep:syllab="1"
                     ecep:pron="sɪŋ">Sing</w>
                  <c> </c>
                  <w xml:id="o3794-582650"
                     n="344-a-0180"
                     ecep:lem="then"
                     ecep:pos="av"
                     ecep:reg="then"
                     ecep:spe="then"
                     ecep:syllab="1"
                     ecep:pron="ðen">then</w>
                  <c> </c>
                  <pc xml:id="o3794-582660"
                      n="344-a-0190"
                      ecep:lem="—"
                      ecep:pos="—"
                      ecep:reg="—"
                      ecep:spe="—">—</pc>
                  <c> </c>
                  <w xml:id="o3794-582670"
                     n="344-a-0200"
                     ecep:lem="and"
                     ecep:pos="cc"
                     ecep:reg="and"
                     ecep:spe="and"
                     ecep:syllab="1"
                     ecep:pron="ænd">and</w>
                  <c> </c>
                  <w xml:id="o3794-582680"
                     n="344-a-0210"
                     ecep:lem="extend"
                     ecep:pos="vvb"
                     ecep:reg="extend"
                     ecep:spe="extend"
                     ecep:syllab="2"
                     ecep:pron="ɪkˈstend">extend</w>
                  <c> </c>
                  <w xml:id="o3794-582690"
                     n="344-a-0220"
                     ecep:lem="thy"
                     ecep:pos="po21"
                     ecep:reg="thy"
                     ecep:spe="thy"
                     ecep:syllab="1"
                     ecep:pron="ðaɪ">thy</w>
                  <c> </c>
                  <w xml:id="o3794-582700"
                     n="344-a-0230"
                     ecep:lem="span"
                     ecep:pos="n1"
                     ecep:reg="span"
                     ecep:spe="span"
                     ecep:syllab="1"
                     ecep:pron="spæn">span</w>
               </l>
               <l xml:id="o3794-l32575">
                  <c> </c>
                  <w xml:id="o3794-582710"
                     n="344-a-0240"
                     ecep:lem="far"
                     ecep:pos="av-j"
                     ecep:reg="Far"
                     ecep:spe="Far"
                     ecep:syllab="1"
                     ecep:pron="fɑː">Far</w>
                  <c> </c>
                  <w xml:id="o3794-582720"
                     n="344-a-0250"
                     ecep:lem="beyond"
                     ecep:pos="p-acp"
                     ecep:reg="beyond"
                     ecep:spe="beyond"
                     ecep:syllab="2"
                     ecep:pron="biˈɒnd">beyond</w>
                  <c> </c>
                  <w xml:id="o3794-582730"
                     n="344-a-0260"
                     ecep:lem="the"
                     ecep:pos="dt"
                     ecep:reg="the"
                     ecep:spe="the"
                     ecep:syllab="1"
                     ecep:pron="ðiː">the</w>
                  <c> </c>
                  <w xml:id="o3794-582740"
                     n="344-a-0270"
                     ecep:lem="date"
                     ecep:pos="n1"
                     ecep:reg="date"
                     ecep:spe="date"
                     ecep:syllab="1"
                     ecep:pron="deɪt">date</w>
                  <c> </c>
                  <w xml:id="o3794-582750"
                     n="344-a-0280"
                     ecep:lem="of"
                     ecep:pos="pp-f"
                     ecep:reg="of"
                     ecep:spe="of"
                     ecep:syllab="1"
                     ecep:pron="ɒv">of</w>
                  <c> </c>
                  <w xml:id="o3794-582760"
                     n="344-a-0290"
                     ecep:lem="man"
                     ecep:pos="n1"
                     ecep:reg="man"
                     ecep:spe="man"
                     ecep:syllab="1"
                     ecep:pron="mæn">man</w>
                  <c> </c>
                  <pc xml:id="o3794-582770"
                      n="344-a-0300"
                      ecep:lem="—"
                      ecep:pos="—"
                      ecep:reg="—"
                      ecep:spe="—">—</pc>
               </l>
               <l xml:id="o3794-l32580">
                  <c> </c>
                  <w xml:id="o3794-582780"
                     n="344-a-0310"
                     ecep:lem="wretched"
                     ecep:pos="j"
                     ecep:reg="Wretched"
                     ecep:spe="Wretched"
                     ecep:syllab="2"
                     ecep:pron="ˈretʃɪd">Wretched</w>
                  <c> </c>
                  <w xml:id="o3794-582790"
                     n="344-a-0320"
                     ecep:lem="man"
                     ecep:pos="n1"
                     ecep:reg="man"
                     ecep:spe="man"
                     ecep:syllab="1"
                     ecep:pron="mæn">man</w>
                  <pc xml:id="o3794-582800"
                      n="344-a-0330"
                      ecep:lem=","
                      ecep:pos=","
                      ecep:reg=","
                      ecep:spe=",">,</pc>
                  <c> </c>
                  <w xml:id="o3794-582810"
                     n="344-a-0340"
                     ecep:lem="who"
                     ecep:pos="r-crq"
                     ecep:reg="whose"
                     ecep:spe="whose"
                     ecep:syllab="1"
                     ecep:pron="huːz">whose</w>
                  <c> </c>
                  <w xml:id="o3794-582820"
                     n="344-a-0350"
                     ecep:lem="year"
                     ecep:pos="n2"
                     ecep:reg="years"
                     ecep:spe="years"
                     ecep:syllab="1"
                     ecep:pron="jɪəz">years</w>
                  <c> </c>
                  <w xml:id="o3794-582830"
                     n="344-a-0360"
                     ecep:lem="be"
                     ecep:pos="vbr"
                     ecep:reg="are"
                     ecep:spe="are"
                     ecep:syllab="1"
                     ecep:pron="ɑː">are</w>
                  <c> </c>
                  <w xml:id="o3794-582840"
                     n="344-a-0370"
                     ecep:lem="spend"
                     ecep:pos="vvn"
                     ecep:reg="spent"
                     ecep:spe="spent"
                     ecep:syllab="1"
                     ecep:pron="spent">spent</w>
               </l>
               <l xml:id="o3794-l32585">
                  <c> </c>
                  <w xml:id="o3794-582850"
                     n="344-a-0380"
                     ecep:lem="in"
                     ecep:pos="p-acp"
                     ecep:reg="In"
                     ecep:spe="In"
                     ecep:syllab="1"
                     ecep:pron="ɪn">In</w>
                  <c> </c>
                  <w xml:id="o3794-582860"
                     n="344-a-0390"
                     ecep:lem="repine"
                     ecep:pos="j-vvg"
                     ecep:reg="repining"
                     ecep:spe="repining"
                     ecep:syllab="3"
                     ecep:pron="rɪˈpaɪnɪŋ">repining</w>
                  <c> </c>
                  <w xml:id="o3794-582870"
                     n="344-a-0400"
                     ecep:lem="discontent"
                     ecep:pos="n1"
                     ecep:reg="discontent"
                     ecep:spe="discontent"
                     ecep:syllab="3"
                     ecep:pron="ˌdɪskənˈtent">discontent</w>
                  <pc xml:id="o3794-582880"
                      n="344-a-0410"
                      ecep:lem=";"
                      ecep:pos=";"
                      ecep:reg=";"
                      ecep:spe=";">;</pc>
               </l>
               <l xml:id="o3794-l32590">
                  <c> </c>
                  <w xml:id="o3794-582890"
                     n="344-a-0420"
                     ecep:lem="live"
                     ecep:pos="vvz"
                     ecep:reg="Lives"
                     ecep:spe="Lives"
                     ecep:syllab="1"
                     ecep:pron="lɪvz">Lives</w>
                  <c> </c>
                  <w xml:id="o3794-582900"
                     n="344-a-0430"
                     ecep:lem="not"
                     ecep:pos="xx"
                     ecep:reg="not"
                     ecep:spe="not"
                     ecep:syllab="1"
                     ecep:pron="nɒt">not</w>
                  <pc xml:id="o3794-582910"
                      n="344-a-0440"
                      ecep:lem=","
                      ecep:pos=","
                      ecep:reg=","
                      ecep:spe=",">,</pc>
                  <c> </c>
                  <w xml:id="o3794-582920"
                     n="344-a-0450"
                     ecep:lem="aged"
                     ecep:pos="j"
                     ecep:reg="aged"
                     ecep:spe="aged"
                     ecep:syllab="2"
                     ecep:pron="ˈeɪdʒɪd">aged</w>
                  <c> </c>
                  <w xml:id="o3794-582930"
                     n="344-a-0460"
                     ecep:lem="though"
                     ecep:pos="c-acp"
                     ecep:reg="though"
                     ecep:spe="tho'"
                     ecep:syllab="1"
                     ecep:pron="ðəʊ">tho'</w>
                  <c> </c>
                  <w xml:id="o3794-582940"
                     n="344-a-0470"
                     ecep:lem="he"
                     ecep:pos="pns31"
                     ecep:reg="he"
                     ecep:spe="he"
                     ecep:syllab="1"
                     ecep:pron="hiː">he</w>
                  <c> </c>
                  <w xml:id="o3794-582950"
                     n="344-a-0480"
                     ecep:lem="be"
                     ecep:pos="vbb"
                     ecep:reg="be"
                     ecep:spe="be"
                     ecep:syllab="1"
                     ecep:pron="biː">be</w>
                  <pc xml:id="o3794-582960"
                      n="344-a-0490"
                      ecep:lem=","
                      ecep:pos=","
                      ecep:reg=","
                      ecep:spe=",">,</pc>
               </l>
               <l xml:id="o3794-l32595">
                  <c> </c>
                  <w xml:id="o3794-582970"
                     n="344-a-0500"
                     ecep:lem="half"
                     ecep:pos="j-jn"
                     ecep:reg="Half"
                     ecep:spe="Half"
                     ecep:syllab="1"
                     ecep:pron="hɑːf">Half</w>
                  <c> </c>
                  <w xml:id="o3794-582980"
                     n="344-a-0510"
                     ecep:lem="a"
                     ecep:pos="dt"
                     ecep:reg="a"
                     ecep:spe="a"
                     ecep:syllab="1"
                     ecep:pron="ə">a</w>
                  <c> </c>
                  <w xml:id="o3794-582990"
                     n="344-a-0520"
                     ecep:lem="span"
                     ecep:pos="n1"
                     ecep:reg="span"
                     ecep:spe="span"
                     ecep:syllab="1"
                     ecep:pron="spæn">span</w>
                  <c> </c>
                  <w xml:id="o3794-583000"
                     n="344-a-0530"
                     ecep:lem="compare"
                     ecep:pos="vvn"
                     ecep:reg="compared"
                     ecep:spe="compar'd"
                     ecep:syllab="2"
                     ecep:pron="kəmˈpeəd">compar'd</w>
                  <c> </c>
                  <w xml:id="o3794-583010"
                     n="344-a-0540"
                     ecep:lem="with"
                     ecep:pos="p-acp"
                     ecep:reg="with"
                     ecep:spe="with"
                     ecep:syllab="1"
                     ecep:pron="wɪð">with</w>
                  <c> </c>
                  <w xml:id="o3794-583020"
                     n="344-a-0550"
                     ecep:lem="thou"
                     ecep:pos="pno21"
                     ecep:reg="thee"
                     ecep:spe="thee"
                     ecep:syllab="1"
                     ecep:pron="ðiː">thee</w>
                  <pc xml:id="o3794-583030"
                      n="344-a-0560"
                      unit="sentence"
                      ecep:lem="."
                      ecep:pos="."
                      ecep:reg="."
                      ecep:spe=".">.</pc>
                  <c> </c>
               </l>
            </lg>
         </div>
      </body>
   </text>
</TEI>
