<?xml version="1.0" encoding="utf-8"?>
<!DOCTYPE div
  SYSTEM "about:legacy-compat">
<div xmlns:ecep="http://www.eighteenthcenturypoetry.org/ns"
     xmlns="http://www.tei-c.org/ns/1.0"
     xmlns:tei="http://www.tei-c.org/ns/1.0"
     ana="#iamb #tetrameter #trimeter #cross #quatrain #imitation #translation #paraphrase"
     corresp="#txt_MerrJa1720_w0014"
     decls="#semi-normalized"
     ecep:syllab="8.6.8.6"
     met="-+|-+|-+|-+/ -+|-+|-+/ -+|-+|-+|-+/ -+|-+|-+/"
     rendition="#lgvspace"
     rhyme="abab"
     subtype="eceptext"
     type="poem"
     xml:id="o4984-w0270">
   <link target="authors.xml#aut_MerrJa1720" type="author"/>
   <link target="32286" type="DMI"/>
   <head type="main">
      <w xml:id="o4984-335880"
         n="153-a-0780"
         ecep:lem="verse"
         ecep:pos="n2"
         ecep:reg="VERSES"
         ecep:spe="VERSES"
         ecep:syllab="2"
         ecep:pron="ˈvɜːsɪz">VERSES</w>
      <c> </c>
      <w xml:id="o4984-335890"
         n="153-a-0790"
         ecep:lem="write"
         ecep:pos="vvn"
         ecep:reg="WRITTEN"
         ecep:spe="WRITTEN"
         ecep:syllab="2"
         ecep:pron="ˈrɪtn">WRITTEN</w>
      <c> </c>
      <w xml:id="o4984-335900"
         n="153-a-0800"
         ecep:lem="original"
         ecep:pos="av-jn"
         ecep:reg="ORIGINALLY"
         ecep:spe="ORIGINALLY"
         ecep:syllab="5"
         ecep:pron="əˈrɪdʒnəli">ORIGINALLY</w>
      <c> </c>
      <w xml:id="o4984-335910"
         n="153-a-0810"
         ecep:lem="in"
         ecep:pos="p-acp"
         ecep:reg="IN"
         ecep:spe="IN"
         ecep:syllab="1"
         ecep:pron="ɪn">IN</w>
      <c> </c>
      <w xml:id="o4984-335920"
         n="153-a-0820"
         ecep:lem="the"
         ecep:pos="dt"
         ecep:reg="THE"
         ecep:spe="THE"
         ecep:syllab="1"
         ecep:pron="ðiː">THE</w>
      <c> </c>
      <w xml:id="o4984-335930"
         n="153-a-0830"
         ecep:lem="persic"
         ecep:pos="jp"
         ecep:reg="PERSIC"
         ecep:spe="PERSIC"
         ecep:syllab="2"
         ecep:pron="pˈɜːzɪk">PERSIC</w>
      <c> </c>
      <w xml:id="o4984-335940"
         n="153-a-0840"
         ecep:lem="language"
         ecep:pos="n1"
         ecep:reg="LANGUAGE"
         ecep:spe="LANGUAGE"
         ecep:syllab="2"
         ecep:pron="ˈlæŋgwɪdʒ">LANGUAGE</w>
      <pc xml:id="o4984-335950"
          n="153-a-0850"
          unit="sentence"
          ecep:lem="."
          ecep:pos="."
          ecep:reg="."
          ecep:spe=".">.</pc>
   </head>
   <byline>
      <w xml:id="o4984-335980"
         n="153-a-0860"
         ecep:lem="by"
         ecep:pos="p-acp"
         ecep:reg="BY"
         ecep:spe="BY"
         ecep:syllab="1"
         ecep:pron="baɪ">BY</w>
      <c> </c>
      <w xml:id="o4984-335990"
         n="153-a-0870"
         ecep:lem="the"
         ecep:pos="dt"
         ecep:reg="THE"
         ecep:spe="THE"
         ecep:syllab="1"
         ecep:pron="ðiː">THE</w>
      <c> </c>
      <w xml:id="o4984-336000"
         n="153-a-0880"
         ecep:lem="same"
         ecep:pos="d"
         ecep:reg="SAME"
         ecep:spe="SAME"
         ecep:syllab="1"
         ecep:pron="seɪm">SAME</w>
      <pc xml:id="o4984-336010"
          n="153-a-0890"
          unit="sentence"
          ecep:lem="."
          ecep:pos="."
          ecep:reg="."
          ecep:spe=".">.</pc>
   </byline>
   <lg xml:id="o4984-s01780">
      <l xml:id="o4984-l16605">
         <w xml:id="o4984-336040"
            n="153-a-0900"
            ecep:lem="if"
            ecep:pos="cs"
            ecep:reg="IF"
            ecep:spe="IF"
            ecep:syllab="1"
            ecep:pron="ɪf">IF</w>
         <c> </c>
         <w xml:id="o4984-336050"
            n="153-a-0910"
            ecep:lem="mortal"
            ecep:pos="j-jn"
            ecep:reg="mortal"
            ecep:spe="mortal"
            ecep:syllab="2"
            ecep:pron="ˈmɔːtl">mortal</w>
         <c> </c>
         <w xml:id="o4984-336060"
            n="153-a-0920"
            ecep:lem="hand"
            ecep:pos="n2"
            ecep:reg="hands"
            ecep:spe="hands"
            ecep:syllab="1"
            ecep:pron="hændz">hands</w>
         <c> </c>
         <w xml:id="o4984-336070"
            n="153-a-0930"
            ecep:lem="thy"
            ecep:pos="po21"
            ecep:reg="thy"
            ecep:spe="thy"
            ecep:syllab="1"
            ecep:pron="ðaɪ">thy</w>
         <c> </c>
         <w xml:id="o4984-336080"
            n="153-a-0940"
            ecep:lem="peace"
            ecep:pos="n1"
            ecep:reg="peace"
            ecep:spe="peace"
            ecep:syllab="1"
            ecep:pron="piːs">peace</w>
         <c> </c>
         <w xml:id="o4984-336090"
            n="153-a-0950"
            ecep:lem="destroy"
            ecep:pos="vvi"
            ecep:reg="destroy"
            ecep:spe="destroy"
            ecep:syllab="2"
            ecep:pron="diˈstrɔɪ">destroy</w>
         <pc xml:id="o4984-336100"
             n="153-a-0960"
             ecep:lem=","
             ecep:pos=","
             ecep:reg=","
             ecep:spe=",">,</pc>
      </l>
      <l xml:id="o4984-l16610">
         <c> </c>
         <w xml:id="o4984-336110"
            n="153-a-0970"
            ecep:lem="or"
            ecep:pos="cc"
            ecep:reg="Or"
            ecep:spe="Or"
            ecep:syllab="1"
            ecep:pron="ɔː">Or</w>
         <c> </c>
         <w xml:id="o4984-336120"
            n="153-a-0980"
            ecep:lem="friendship"
            ecep:pos="ng1"
            ecep:reg="friendship's"
            ecep:spe="friendship's"
            ecep:syllab="2"
            ecep:pron="ˈfrendʃɪpz">friendship's</w>
         <c> </c>
         <w xml:id="o4984-336130"
            n="153-a-0990"
            ecep:lem="gift"
            ecep:pos="n2"
            ecep:reg="gifts"
            ecep:spe="gifts"
            ecep:syllab="1"
            ecep:pron="gɪfts">gifts</w>
         <c> </c>
         <w xml:id="o4984-336140"
            n="153-a-1000"
            ecep:lem="bestow"
            ecep:pos="vvi"
            ecep:reg="bestow"
            ecep:spe="bestow"
            ecep:syllab="2"
            ecep:pron="biˈstəʊ">bestow</w>
         <pc xml:id="o4984-336150"
             n="153-a-1010"
             ecep:lem=","
             ecep:pos=","
             ecep:reg=","
             ecep:spe=",">,</pc>
      </l>
      <l xml:id="o4984-l16615">
         <c> </c>
         <w xml:id="o4984-336160"
            n="153-a-1020"
            ecep:lem="will"
            ecep:pos="vm2"
            ecep:reg="Wilt"
            ecep:spe="Wilt"
            ecep:syllab="1"
            ecep:pron="wɪlt">Wilt</w>
         <c> </c>
         <w xml:id="o4984-336170"
            n="153-a-1030"
            ecep:lem="thou"
            ecep:pos="pns21"
            ecep:reg="thou"
            ecep:spe="thou"
            ecep:syllab="1"
            ecep:pron="θaʊ">thou</w>
         <c> </c>
         <w xml:id="o4984-336180"
            n="153-a-1040"
            ecep:lem="to"
            ecep:pos="p-acp"
            ecep:reg="to"
            ecep:spe="to"
            ecep:syllab="1"
            ecep:pron="tuː">to</w>
         <c> </c>
         <w xml:id="o4984-336190"
            n="153-a-1050"
            ecep:lem="man"
            ecep:pos="n1"
            ecep:reg="Man"
            ecep:spe="Man"
            ecep:syllab="1"
            ecep:pron="mæn">Man</w>
         <c> </c>
         <w xml:id="o4984-336200"
            n="153-a-1060"
            ecep:lem="ascribe"
            ecep:pos="vvb"
            ecep:reg="ascribe"
            ecep:spe="ascribe"
            ecep:syllab="2"
            ecep:pron="əˈskraɪb">ascribe</w>
         <c> </c>
         <w xml:id="o4984-336210"
            n="153-a-1070"
            ecep:lem="thy"
            ecep:pos="po21"
            ecep:reg="thy"
            ecep:spe="thy"
            ecep:syllab="1"
            ecep:pron="ðaɪ">thy</w>
         <c> </c>
         <w xml:id="o4984-336220"
            n="153-a-1080"
            ecep:lem="joy"
            ecep:pos="n1"
            ecep:reg="joy"
            ecep:spe="joy"
            ecep:syllab="1"
            ecep:pron="dʒɔɪ">joy</w>
         <pc xml:id="o4984-336230"
             n="153-a-1090"
             unit="sentence"
             ecep:lem="?"
             ecep:pos="?"
             ecep:reg="?"
             ecep:spe="?">?</pc>
         <c> </c>
      </l>
      <l xml:id="o4984-l16620">
         <w xml:id="o4984-336240"
            n="153-a-1100"
            ecep:lem="to"
            ecep:pos="p-acp"
            ecep:reg="To"
            ecep:spe="To"
            ecep:syllab="1"
            ecep:pron="tuː">To</w>
         <c> </c>
         <w xml:id="o4984-336250"
            n="153-a-1110"
            ecep:lem="man"
            ecep:pos="n1"
            ecep:reg="Man"
            ecep:spe="Man"
            ecep:syllab="1"
            ecep:pron="mæn">Man</w>
         <c> </c>
         <w xml:id="o4984-336260"
            n="153-a-1120"
            ecep:lem="impute"
            ecep:pos="vvb"
            ecep:reg="impute"
            ecep:spe="impute"
            ecep:syllab="2"
            ecep:pron="ɪmˈpjuːt">impute</w>
         <c> </c>
         <w xml:id="o4984-336270"
            n="153-a-1130"
            ecep:lem="thy"
            ecep:pos="po21"
            ecep:reg="thy"
            ecep:spe="thy"
            ecep:syllab="1"
            ecep:pron="ðaɪ">thy</w>
         <c> </c>
         <w xml:id="o4984-336280"
            n="153-a-1140"
            ecep:lem="woe"
            ecep:pos="n1"
            ecep:reg="woe"
            ecep:spe="woe"
            ecep:syllab="1"
            ecep:pron="wəʊ">woe</w>
         <pc xml:id="o4984-336290"
             n="153-a-1150"
             unit="sentence"
             ecep:lem="?"
             ecep:pos="?"
             ecep:reg="?"
             ecep:spe="?">?</pc>
         <c> </c>
      </l>
   </lg>
   <pb facs="154" n="148" rend="none"/>
   <lg xml:id="o4984-s01785">
      <l xml:id="o4984-l16625">
         <w xml:id="o4984-336320"
            n="154-a-0010"
            ecep:lem="it|be"
            ecep:pos="pn31|vbz"
            ecep:reg="It's"
            ecep:spe="'Tis"
            ecep:syllab="1"
            ecep:pron="tɪz">'Tis</w>
         <c> </c>
         <w xml:id="o4984-336330"
            n="154-a-0020"
            ecep:lem="god"
            ecep:pos="n1"
            ecep:reg="God"
            ecep:spe="God"
            ecep:syllab="1"
            ecep:pron="gɒd">God</w>
         <pc xml:id="o4984-336340"
             n="154-a-0030"
             ecep:lem=","
             ecep:pos=","
             ecep:reg=","
             ecep:spe=",">,</pc>
         <c> </c>
         <w xml:id="o4984-336350"
            n="154-a-0040"
            ecep:lem="who"
            ecep:pos="r-crq"
            ecep:reg="whose"
            ecep:spe="whose"
            ecep:syllab="1"
            ecep:pron="huːz">whose</w>
         <c> </c>
         <w xml:id="o4984-336360"
            n="154-a-0050"
            ecep:lem="thought"
            ecep:pos="n2"
            ecep:reg="thoughts"
            ecep:spe="thoughts"
            ecep:syllab="1"
            ecep:pron="θɔːts">thoughts</w>
         <c> </c>
         <w xml:id="o4984-336370"
            n="154-a-0060"
            ecep:lem="to"
            ecep:pos="p-acp"
            ecep:reg="to"
            ecep:spe="to"
            ecep:syllab="1"
            ecep:pron="tuː">to</w>
         <c> </c>
         <w xml:id="o4984-336380"
            n="154-a-0070"
            ecep:lem="various"
            ecep:pos="j"
            ecep:reg="various"
            ecep:spe="various"
            ecep:syllab="2"
            ecep:pron="ˈveəriəs">various</w>
         <c> </c>
         <w xml:id="o4984-336390"
            n="154-a-0080"
            ecep:lem="end"
            ecep:pos="n2"
            ecep:reg="ends"
            ecep:spe="ends"
            ecep:syllab="1"
            ecep:pron="endz">ends</w>
      </l>
      <l xml:id="o4984-l16630">
         <c> </c>
         <w xml:id="o4984-336400"
            n="154-a-0090"
            ecep:lem="the"
            ecep:pos="dt"
            ecep:reg="The"
            ecep:spe="The"
            ecep:syllab="1"
            ecep:pron="ðiː">The</w>
         <c> </c>
         <w xml:id="o4984-336410"
            n="154-a-0100"
            ecep:lem="human"
            ecep:pos="j"
            ecep:reg="human"
            ecep:spe="human"
            ecep:syllab="2"
            ecep:pron="ˈhjuːmən">human</w>
         <c> </c>
         <w xml:id="o4984-336420"
            n="154-a-0110"
            ecep:lem="lot"
            ecep:pos="n1"
            ecep:reg="lot"
            ecep:spe="lot"
            ecep:syllab="1"
            ecep:pron="lɒt">lot</w>
         <c> </c>
         <w xml:id="o4984-336430"
            n="154-a-0120"
            ecep:lem="dispose"
            ecep:pos="vvi"
            ecep:reg="dispose"
            ecep:spe="dispose"
            ecep:syllab="2"
            ecep:pron="dɪˈspəʊz">dispose</w>
         <pc xml:id="o4984-336440"
             n="154-a-0130"
             ecep:lem=","
             ecep:pos=","
             ecep:reg=","
             ecep:spe=",">,</pc>
      </l>
      <l xml:id="o4984-l16635">
         <c> </c>
         <w xml:id="o4984-336450"
            n="154-a-0140"
            ecep:lem="around"
            ecep:pos="a-acp"
            ecep:reg="Around"
            ecep:spe="Around"
            ecep:syllab="2"
            ecep:pron="əˈraʊnd">Around</w>
         <c> </c>
         <w xml:id="o4984-336460"
            n="154-a-0150"
            ecep:lem="thou"
            ecep:pos="pno21"
            ecep:reg="thee"
            ecep:spe="thee"
            ecep:syllab="1"
            ecep:pron="ðiː">thee</w>
         <c> </c>
         <w xml:id="o4984-336470"
            n="154-a-0160"
            ecep:lem="plant"
            ecep:pos="vvb"
            ecep:reg="plant"
            ecep:spe="plant"
            ecep:syllab="1"
            ecep:pron="plɑːnt">plant</w>
         <c> </c>
         <w xml:id="o4984-336480"
            n="154-a-0170"
            ecep:lem="assist"
            ecep:pos="n-vvg"
            ecep:reg="assisting"
            ecep:spe="assisting"
            ecep:syllab="3"
            ecep:pron="əˈsɪstɪŋ">assisting</w>
         <c> </c>
         <w xml:id="o4984-336490"
            n="154-a-0180"
            ecep:lem="friend"
            ecep:pos="n2"
            ecep:reg="friends"
            ecep:spe="friends"
            ecep:syllab="1"
            ecep:pron="frendz">friends</w>
         <pc xml:id="o4984-336500"
             n="154-a-0190"
             ecep:lem=","
             ecep:pos=","
             ecep:reg=","
             ecep:spe=",">,</pc>
      </l>
      <l xml:id="o4984-l16640">
         <c> </c>
         <w xml:id="o4984-336510"
            n="154-a-0200"
            ecep:lem="or"
            ecep:pos="cc"
            ecep:reg="Or"
            ecep:spe="Or"
            ecep:syllab="1"
            ecep:pron="ɔː">Or</w>
         <c> </c>
         <w xml:id="o4984-336520"
            n="154-a-0210"
            ecep:lem="heap"
            ecep:pos="vvb"
            ecep:reg="heap"
            ecep:spe="heap"
            ecep:syllab="1"
            ecep:pron="hiːp">heap</w>
         <c> </c>
         <w xml:id="o4984-336530"
            n="154-a-0220"
            ecep:lem="avenge"
            ecep:pos="j-vvg"
            ecep:reg="avenging"
            ecep:spe="avenging"
            ecep:syllab="3"
            ecep:pron="əˈvendʒɪŋ">avenging</w>
         <c> </c>
         <w xml:id="o4984-336540"
            n="154-a-0230"
            ecep:lem="foe"
            ecep:pos="n2"
            ecep:reg="Foes"
            ecep:spe="Foes"
            ecep:syllab="1"
            ecep:pron="fəʊz">Foes</w>
         <pc xml:id="o4984-336550"
             n="154-a-0240"
             unit="sentence"
             ecep:lem="."
             ecep:pos="."
             ecep:reg="."
             ecep:spe=".">.</pc>
         <c> </c>
      </l>
   </lg>
   <lg xml:id="o4984-s01790">
      <l xml:id="o4984-l16645">
         <w xml:id="o4984-336580"
            n="154-a-0250"
            ecep:lem="not"
            ecep:pos="xx"
            ecep:reg="Not"
            ecep:spe="Not"
            ecep:syllab="1"
            ecep:pron="ˈdɪdnt">Not</w>
         <c> </c>
         <w xml:id="o4984-336590"
            n="154-a-0260"
            ecep:lem="from"
            ecep:pos="p-acp"
            ecep:reg="from"
            ecep:spe="from"
            ecep:syllab="1"
            ecep:pron="frɒm">from</w>
         <c> </c>
         <w xml:id="o4984-336600"
            n="154-a-0270"
            ecep:lem="the"
            ecep:pos="dt"
            ecep:reg="the"
            ecep:spe="the"
            ecep:syllab="1"
            ecep:pron="ðiː">the</w>
         <c> </c>
         <w xml:id="o4984-336610"
            n="154-a-0280"
            ecep:lem="bow"
            ecep:pos="n1"
            ecep:reg="Bow"
            ecep:spe="Bow"
            ecep:syllab="1"
            ecep:pron="bəʊ">Bow</w>
         <c> </c>
         <w xml:id="o4984-336620"
            n="154-a-0290"
            ecep:lem="the"
            ecep:pos="dt"
            ecep:reg="the"
            ecep:spe="the"
            ecep:syllab="1"
            ecep:pron="ðiː">the</w>
         <c> </c>
         <w xml:id="o4984-336630"
            n="154-a-0300"
            ecep:lem="death"
            ecep:pos="n2"
            ecep:reg="deaths"
            ecep:spe="deaths"
            ecep:syllab="1"
            ecep:pron="deθs">deaths</w>
         <c> </c>
         <w xml:id="o4984-336640"
            n="154-a-0310"
            ecep:lem="proceed"
            ecep:pos="vvb"
            ecep:reg="proceed"
            ecep:spe="proceed"
            ecep:syllab="2"
            ecep:pron="prəˈsiːd">proceed</w>
         <pc xml:id="o4984-336650"
             n="154-a-0320"
             ecep:lem=","
             ecep:pos=","
             ecep:reg=","
             ecep:spe=",">,</pc>
      </l>
      <l xml:id="o4984-l16650">
         <c> </c>
         <w xml:id="o4984-336660"
            n="154-a-0330"
            ecep:lem="but"
            ecep:pos="cc-acp"
            ecep:reg="But"
            ecep:spe="But"
            ecep:syllab="1"
            ecep:pron="bʌt">But</w>
         <c> </c>
         <w xml:id="o4984-336670"
            n="154-a-0340"
            ecep:lem="from"
            ecep:pos="p-acp"
            ecep:reg="from"
            ecep:spe="from"
            ecep:syllab="1"
            ecep:pron="frɒm">from</w>
         <c> </c>
         <w xml:id="o4984-336680"
            n="154-a-0350"
            ecep:lem="the"
            ecep:pos="dt"
            ecep:reg="the"
            ecep:spe="the"
            ecep:syllab="1"
            ecep:pron="ðiː">the</w>
         <c> </c>
         <w xml:id="o4984-336690"
            n="154-a-0360"
            ecep:lem="archer"
            ecep:pos="ng1"
            ecep:reg="Archer's"
            ecep:spe="Archer's"
            ecep:syllab="2"
            ecep:pron="ˈɑːtʃəz">Archer's</w>
         <c> </c>
         <w xml:id="o4984-336700"
            n="154-a-0370"
            ecep:lem="skill"
            ecep:pos="n1"
            ecep:reg="skill"
            ecep:spe="skill"
            ecep:syllab="1"
            ecep:pron="skɪl">skill</w>
         <pc xml:id="o4984-336710"
             n="154-a-0380"
             ecep:lem=";"
             ecep:pos=";"
             ecep:reg=";"
             ecep:spe=";">;</pc>
      </l>
      <l xml:id="o4984-l16655">
         <c> </c>
         <w xml:id="o4984-336720"
            n="154-a-0390"
            ecep:lem="who"
            ecep:pos="q-crq"
            ecep:reg="Who"
            ecep:spe="Who"
            ecep:syllab="1"
            ecep:pron="huː">Who</w>
         <c> </c>
         <w xml:id="o4984-336730"
            n="154-a-0400"
            ecep:lem="lend"
            ecep:pos="vvz"
            ecep:reg="lends"
            ecep:spe="lends"
            ecep:syllab="1"
            ecep:pron="lendz">lends</w>
         <c> </c>
         <w xml:id="o4984-336740"
            n="154-a-0410"
            ecep:lem="the"
            ecep:pos="dt"
            ecep:reg="the"
            ecep:spe="the"
            ecep:syllab="1"
            ecep:pron="ðiː">the</w>
         <c> </c>
         <w xml:id="o4984-336750"
            n="154-a-0420"
            ecep:lem="thirsty"
            ecep:pos="j"
            ecep:reg="thirsty"
            ecep:spe="thirsty"
            ecep:syllab="2"
            ecep:pron="ˈθɜːsti">thirsty</w>
         <c> </c>
         <w xml:id="o4984-336760"
            n="154-a-0430"
            ecep:lem="shaft"
            ecep:pos="n1"
            ecep:reg="shaft"
            ecep:spe="shaft"
            ecep:syllab="1"
            ecep:pron="ʃɑːft">shaft</w>
         <c> </c>
         <w xml:id="o4984-336770"
            n="154-a-0440"
            ecep:lem="its"
            ecep:pos="po31"
            ecep:reg="its"
            ecep:spe="its"
            ecep:syllab="1"
            ecep:pron="ɪts">its</w>
         <c> </c>
         <w xml:id="o4984-336780"
            n="154-a-0450"
            ecep:lem="speed"
            ecep:pos="n1"
            ecep:reg="speed"
            ecep:spe="speed"
            ecep:syllab="1"
            ecep:pron="spiːd">speed</w>
         <pc xml:id="o4984-336790"
             n="154-a-0460"
             ecep:lem=","
             ecep:pos=","
             ecep:reg=","
             ecep:spe=",">,</pc>
      </l>
      <l xml:id="o4984-l16660">
         <c> </c>
         <w xml:id="o4984-336800"
            n="154-a-0470"
            ecep:lem="and"
            ecep:pos="cc"
            ecep:reg="And"
            ecep:spe="And"
            ecep:syllab="1"
            ecep:pron="ænd">And</w>
         <c> </c>
         <w xml:id="o4984-336810"
            n="154-a-0480"
            ecep:lem="give"
            ecep:pos="vvz"
            ecep:reg="gives"
            ecep:spe="gives"
            ecep:syllab="1"
            ecep:pron="gɪvz">gives</w>
         <c> </c>
         <w xml:id="o4984-336820"
            n="154-a-0490"
            ecep:lem="it"
            ecep:pos="pn31"
            ecep:reg="it"
            ecep:spe="it"
            ecep:syllab="1"
            ecep:pron="ɪt">it</w>
         <c> </c>
         <w xml:id="o4984-336830"
            n="154-a-0500"
            ecep:lem="strength"
            ecep:pos="n1"
            ecep:reg="strength"
            ecep:spe="strength"
            ecep:syllab="1"
            ecep:pron="streŋθ">strength</w>
         <c> </c>
         <w xml:id="o4984-336840"
            n="154-a-0510"
            ecep:lem="to"
            ecep:pos="pc-acp"
            ecep:reg="to"
            ecep:spe="to"
            ecep:syllab="1"
            ecep:pron="tuː">to</w>
         <c> </c>
         <w xml:id="o4984-336850"
            n="154-a-0520"
            ecep:lem="kill"
            ecep:pos="vvi"
            ecep:reg="kill"
            ecep:spe="kill"
            ecep:syllab="1"
            ecep:pron="kɪl">kill</w>
         <pc xml:id="o4984-336860"
             n="154-a-0530"
             unit="sentence"
             ecep:lem="."
             ecep:pos="."
             ecep:reg="."
             ecep:spe=".">.</pc>
         <c> </c>
      </l>
   </lg>
</div>
