<?xml version="1.0" encoding="UTF-8"?>
<?xml-model href="../tei_all.rnc" type="application/relax-ng-compact-syntax"?>
<TEI xmlns="http://www.tei-c.org/ns/1.0">
   <teiHeader>
      <fileDesc>
         <titleStmt>
            <title corresp="#txt_DodiGe1691_w0003">VERSES SENT BY LORD MELCOMBE TO DR. YOUNG, NOT LONG BEFORE HIS LORDSHIP'S DEATH.</title>
            <author corresp="authors.xml#aut_DodiGe1691">George Bubb Dodington, Baron Melcombe</author>
            <respStmt>
               <name xml:id="AH">Alexander Huber</name>
               <resp>Editor</resp>
            </respStmt>
            <funder>
               <name type="institution" xml:id="BOD">Bodleian Libraries, University of Oxford</name>
               <address>
                  <addrLine>Broad Street</addrLine>
                  <addrLine>Oxford OX1 3BG</addrLine>
                  <addrLine>UK</addrLine>
               </address>
            </funder>
         </titleStmt>
         <publicationStmt>
            <publisher xml:id="ECPA">Eighteenth-Century Poetry Archive</publisher>
            <address>
               <addrLine>Taylor Institution Library</addrLine>
               <addrLine>St Giles'</addrLine>
               <addrLine>Oxford OX1 3NA</addrLine>
               <addrLine>UK</addrLine>
               <addrLine>
                  <email>info@eighteenthcenturypoetry.org</email>
               </addrLine>
               <addrLine>
                  <ref target="https://www.eighteenthcenturypoetry.org/">https://www.eighteenthcenturypoetry.org/</ref>
               </addrLine>
            </address>
            <pubPlace>Oxford</pubPlace>
            <availability status="restricted">
               <licence target="http://creativecommons.org/licenses/by-sa/3.0/">This work is licensed under a Creative Commons Attribution-ShareAlike 3.0 Unported License.</licence>
            </availability>
            <idno type="ESTC">T116245</idno>
            <idno type="DMI">1122</idno>
            <idno type="TCP">K093079.001</idno>
         </publicationStmt>
         <sourceDesc>
            <bibl>
               <author>Pearch, G.</author>
               <title>A collection of poems in four volumes. By several hands. Vol. I.</title>
               <edition>[The second edition].</edition>
               <pubPlace>London</pubPlace>
               <publisher>printed for G. Pearch</publisher>
               <date>1770</date>
               <biblScope>p. 311.</biblScope>
               <extent>4v. ; 8⁰.</extent>
            </bibl>
         </sourceDesc>
      </fileDesc>
      <encodingDesc>
         <projectDesc>
            <p>This e-text is part of the Works section of the Eighteenth-Century Poetry Archive (ECPA).</p>
            <p>XML created for the Eighteenth-Century Poetry Archive (ECPA).</p>
         </projectDesc>
         <editorialDecl>
            <p>The text has been typographically modernized, but without any silent modernization of
						spelling, capitalization, or punctuation. The source of the text is given and all editorial interventions
						have been recorded in textual notes. Based on the electronic text originally produced by the TCP project, this  text has been edited to conform to the recommendations found in Level 5 of the
						Best Practices for TEI in Libraries version 4.0.0.
					</p>
         </editorialDecl>
         <classDecl>
            <taxonomy xml:id="LCNAF">
               <bibl>Library of Congress Name Authority File (<abbr>LCNAF</abbr>)</bibl>
            </taxonomy>
         </classDecl>
         <tagsDecl>
            <rendition n="linegroups indented" xml:id="lgindent" scheme="css">text-indent: 1em;</rendition>
            <rendition n="linegroups vertically spaced" xml:id="lgvspace" scheme="css">margin-bottom: 1em;</rendition>
            <rendition n="aligned centrally" xml:id="align-center" scheme="css">text-align: center;</rendition>
            <rendition n="aligned right" xml:id="align-right" scheme="css">text-align: right;</rendition>
            <rendition n="aligned left" xml:id="align-left" scheme="css">text-align: left;</rendition>
            <rendition n="inline" xml:id="inline" scheme="css">display: inline</rendition>
            <rendition n="italic" xml:id="i" scheme="css">font-style: italic;</rendition>
            <rendition n="bold" xml:id="b" scheme="css">font-weight: bold;</rendition>
         </tagsDecl>
      </encodingDesc>
   </teiHeader>
   <text>
      <body>
         <div xmlns:ecep="http://www.eighteenthcenturypoetry.org/ns"
              ana="#trochee #tetrameter #couplet #catalexis"
              corresp="#txt_DodiGe1691_w0003"
              decls="#semi-normalized"
              ecep:syllab="7"
              met="+-|+-|+-|+/"
              rendition="#lgindent"
              rhyme="aa"
              subtype="eceptext"
              type="poem"
              xml:id="o4984-w0680">
            <link target="authors.xml#aut_DodiGe1691" type="author"/>
            <link target="30382" type="DMI"/>
            <head type="main">
               <w xmlns:ecep="http://www.eighteenthcenturypoetry.org/ns"
                  xml:id="o4984-677310"
                  n="317-a-0010"
                  ecep:lem="verse"
                  ecep:pos="n2"
                  ecep:reg="VERSES"
                  ecep:spe="VERSES"
                  ecep:syllab="2"
                  ecep:pron="vɜːsɪz">VERSES</w>
               <c> </c>
               <w xmlns:ecep="http://www.eighteenthcenturypoetry.org/ns"
                  xml:id="o4984-677320"
                  n="317-a-0020"
                  ecep:lem="send"
                  ecep:pos="vvn"
                  ecep:reg="SENT"
                  ecep:spe="SENT"
                  ecep:syllab="1"
                  ecep:pron="sent">SENT</w>
               <c> </c>
               <w xmlns:ecep="http://www.eighteenthcenturypoetry.org/ns"
                  xml:id="o4984-677330"
                  n="317-a-0030"
                  ecep:lem="by"
                  ecep:pos="p-acp"
                  ecep:reg="BY"
                  ecep:spe="BY"
                  ecep:syllab="1"
                  ecep:pron="baɪ">BY</w>
               <c> </c>
               <w xmlns:ecep="http://www.eighteenthcenturypoetry.org/ns"
                  xml:id="o4984-677340"
                  n="317-a-0040"
                  ecep:lem="lord"
                  ecep:pos="n1"
                  ecep:reg="LORD"
                  ecep:spe="LORD"
                  ecep:syllab="1"
                  ecep:pron="lɔːd">LORD</w>
               <c> </c>
               <w xmlns:ecep="http://www.eighteenthcenturypoetry.org/ns"
                  xml:id="o4984-677350"
                  n="317-a-0050"
                  ecep:lem="Melcombe"
                  ecep:pos="np1"
                  ecep:reg="MELCOMBE"
                  ecep:spe="MELCOMBE"
                  ecep:syllab="2"
                  ecep:pron="mˈelkuːm">MELCOMBE</w>
               <c> </c>
               <w xmlns:ecep="http://www.eighteenthcenturypoetry.org/ns"
                  xml:id="o4984-677360"
                  n="317-a-0060"
                  ecep:lem="to"
                  ecep:pos="p-acp"
                  ecep:reg="TO"
                  ecep:spe="TO"
                  ecep:syllab="1"
                  ecep:pron="tuː">TO</w>
               <c> </c>
               <w xmlns:ecep="http://www.eighteenthcenturypoetry.org/ns"
                  xml:id="o4984-677370"
                  n="317-a-0070"
                  ecep:lem="dr."
                  ecep:pos="n1"
                  ecep:reg="DR."
                  ecep:spe="DR."
                  ecep:syllab="2"
                  ecep:pron="dˈɒktə">DR.</w>
               <pc unit="sentence" xml:id="o4984-677370-eos" n="317-a-0080"/>
               <c> </c>
               <w xmlns:ecep="http://www.eighteenthcenturypoetry.org/ns"
                  xml:id="o4984-677380"
                  n="317-a-0090"
                  ecep:lem="young"
                  ecep:pos="j"
                  ecep:reg="YOUNG"
                  ecep:spe="YOUNG"
                  ecep:syllab="1"
                  ecep:pron="jʌŋ">YOUNG</w>
               <pc xmlns:ecep="http://www.eighteenthcenturypoetry.org/ns"
                   xml:id="o4984-677390"
                   n="317-a-0100"
                   ecep:lem=","
                   ecep:pos=","
                   ecep:reg=","
                   ecep:spe=",">,</pc>
               <c> </c>
               <w xmlns:ecep="http://www.eighteenthcenturypoetry.org/ns"
                  xml:id="o4984-677400"
                  n="317-a-0110"
                  ecep:lem="not"
                  ecep:pos="xx"
                  ecep:reg="NOT"
                  ecep:spe="NOT"
                  ecep:syllab="1"
                  ecep:pron="nɒt">NOT</w>
               <c> </c>
               <w xmlns:ecep="http://www.eighteenthcenturypoetry.org/ns"
                  xml:id="o4984-677410"
                  n="317-a-0120"
                  ecep:lem="long"
                  ecep:pos="j"
                  ecep:reg="LONG"
                  ecep:spe="LONG"
                  ecep:syllab="1"
                  ecep:pron="lɒŋ">LONG</w>
               <c> </c>
               <w xmlns:ecep="http://www.eighteenthcenturypoetry.org/ns"
                  xml:id="o4984-677420"
                  n="317-a-0130"
                  ecep:lem="before"
                  ecep:pos="p-acp"
                  ecep:reg="BEFORE"
                  ecep:spe="BEFORE"
                  ecep:syllab="2"
                  ecep:pron="bɪˈfɔː">BEFORE</w>
               <c> </c>
               <w xmlns:ecep="http://www.eighteenthcenturypoetry.org/ns"
                  xml:id="o4984-677430"
                  n="317-a-0140"
                  ecep:lem="his"
                  ecep:pos="po31"
                  ecep:reg="HIS"
                  ecep:spe="HIS"
                  ecep:syllab="1"
                  ecep:pron="hɪz">HIS</w>
               <c> </c>
               <w xmlns:ecep="http://www.eighteenthcenturypoetry.org/ns"
                  xml:id="o4984-677440"
                  n="317-a-0150"
                  ecep:lem="lordship"
                  ecep:pos="ng1"
                  ecep:reg="LORDSHIP'S"
                  ecep:spe="LORDSHIP'S"
                  ecep:syllab="2"
                  ecep:pron="ˈlɔːdʃɪps">LORDSHIP'S</w>
               <c> </c>
               <w xmlns:ecep="http://www.eighteenthcenturypoetry.org/ns"
                  xml:id="o4984-677450"
                  n="317-a-0160"
                  ecep:lem="death"
                  ecep:pos="n1"
                  ecep:reg="DEATH"
                  ecep:spe="DEATH"
                  ecep:syllab="1"
                  ecep:pron="deθ">DEATH</w>
               <pc xmlns:ecep="http://www.eighteenthcenturypoetry.org/ns"
                   xml:id="o4984-677460"
                   n="317-a-0170"
                   unit="sentence"
                   ecep:lem="."
                   ecep:pos="."
                   ecep:reg="."
                   ecep:spe=".">.</pc>
            </head>
            <lg xml:id="o4984-s03830">
               <l xml:id="o4984-l36160">
                  <w xmlns:ecep="http://www.eighteenthcenturypoetry.org/ns"
                     xml:id="o4984-677490"
                     n="317-a-0180"
                     ecep:lem="kind"
                     ecep:pos="j"
                     ecep:reg="KIND"
                     ecep:spe="KIND"
                     ecep:syllab="1"
                     ecep:pron="kaɪnd">KIND</w>
                  <c> </c>
                  <w xmlns:ecep="http://www.eighteenthcenturypoetry.org/ns"
                     xml:id="o4984-677500"
                     n="317-a-0190"
                     ecep:lem="companion"
                     ecep:pos="n1"
                     ecep:reg="companion"
                     ecep:spe="companion"
                     ecep:syllab="3"
                     ecep:pron="kəmˈpænjən">companion</w>
                  <c> </c>
                  <w xmlns:ecep="http://www.eighteenthcenturypoetry.org/ns"
                     xml:id="o4984-677510"
                     n="317-a-0200"
                     ecep:lem="of"
                     ecep:pos="pp-f"
                     ecep:reg="of"
                     ecep:spe="of"
                     ecep:syllab="1"
                     ecep:pron="ɒv">of</w>
                  <c> </c>
                  <w xmlns:ecep="http://www.eighteenthcenturypoetry.org/ns"
                     xml:id="o4984-677520"
                     n="317-a-0210"
                     ecep:lem="my"
                     ecep:pos="po11"
                     ecep:reg="my"
                     ecep:spe="my"
                     ecep:syllab="1"
                     ecep:pron="maɪ">my</w>
                  <c> </c>
                  <w xmlns:ecep="http://www.eighteenthcenturypoetry.org/ns"
                     xml:id="o4984-677530"
                     n="317-a-0220"
                     ecep:lem="youth"
                     ecep:pos="n1"
                     ecep:reg="youth"
                     ecep:spe="youth"
                     ecep:syllab="1"
                     ecep:pron="juːθ">youth</w>
                  <pc xmlns:ecep="http://www.eighteenthcenturypoetry.org/ns"
                      xml:id="o4984-677540"
                      n="317-a-0230"
                      ecep:lem=","
                      ecep:pos=","
                      ecep:reg=","
                      ecep:spe=",">,</pc>
               </l>
               <l xml:id="o4984-l36165">
                  <c> </c>
                  <w xmlns:ecep="http://www.eighteenthcenturypoetry.org/ns"
                     xml:id="o4984-677550"
                     n="317-a-0240"
                     ecep:lem="love"
                     ecep:pos="vvn"
                     ecep:reg="Loved"
                     ecep:spe="Lov'd"
                     ecep:syllab="1"
                     ecep:pron="ˈlʌvd">Lov'd</w>
                  <c> </c>
                  <w xmlns:ecep="http://www.eighteenthcenturypoetry.org/ns"
                     xml:id="o4984-677560"
                     n="317-a-0250"
                     ecep:lem="for"
                     ecep:pos="p-acp"
                     ecep:reg="for"
                     ecep:spe="for"
                     ecep:syllab="1"
                     ecep:pron="fɔː">for</w>
                  <c> </c>
                  <w xmlns:ecep="http://www.eighteenthcenturypoetry.org/ns"
                     xml:id="o4984-677570"
                     n="317-a-0260"
                     ecep:lem="genius"
                     ecep:pos="n1"
                     ecep:reg="genius"
                     ecep:spe="genius"
                     ecep:syllab="2"
                     ecep:pron="ˈdʒiːniəs">genius</w>
                  <pc xmlns:ecep="http://www.eighteenthcenturypoetry.org/ns"
                      xml:id="o4984-677580"
                      n="317-a-0270"
                      ecep:lem=","
                      ecep:pos=","
                      ecep:reg=","
                      ecep:spe=",">,</pc>
                  <c> </c>
                  <w xmlns:ecep="http://www.eighteenthcenturypoetry.org/ns"
                     xml:id="o4984-677590"
                     n="317-a-0280"
                     ecep:lem="worth"
                     ecep:pos="j"
                     ecep:reg="worth"
                     ecep:spe="worth"
                     ecep:syllab="1"
                     ecep:pron="wɜːθ">worth</w>
                  <pc xmlns:ecep="http://www.eighteenthcenturypoetry.org/ns"
                      xml:id="o4984-677600"
                      n="317-a-0290"
                      ecep:lem=","
                      ecep:pos=","
                      ecep:reg=","
                      ecep:spe=",">,</pc>
                  <c> </c>
                  <w xmlns:ecep="http://www.eighteenthcenturypoetry.org/ns"
                     xml:id="o4984-677610"
                     n="317-a-0300"
                     ecep:lem="and"
                     ecep:pos="cc"
                     ecep:reg="and"
                     ecep:spe="and"
                     ecep:syllab="1"
                     ecep:pron="ænd">and</w>
                  <c> </c>
                  <w xmlns:ecep="http://www.eighteenthcenturypoetry.org/ns"
                     xml:id="o4984-677620"
                     n="317-a-0310"
                     ecep:lem="truth"
                     ecep:pos="n1"
                     ecep:reg="truth"
                     ecep:spe="truth"
                     ecep:syllab="1"
                     ecep:pron="truːθ">truth</w>
                  <pc xmlns:ecep="http://www.eighteenthcenturypoetry.org/ns"
                      xml:id="o4984-677630"
                      n="317-a-0320"
                      unit="sentence"
                      ecep:lem="!"
                      ecep:pos="!"
                      ecep:reg="!"
                      ecep:spe="!">!</pc>
                  <c> </c>
               </l>
               <l xml:id="o4984-l36170">
                  <w xmlns:ecep="http://www.eighteenthcenturypoetry.org/ns"
                     xml:id="o4984-677640"
                     n="317-a-0330"
                     ecep:lem="take"
                     ecep:pos="vvb"
                     ecep:reg="Take"
                     ecep:spe="Take"
                     ecep:syllab="1"
                     ecep:pron="teɪk">Take</w>
                  <c> </c>
                  <w xmlns:ecep="http://www.eighteenthcenturypoetry.org/ns"
                     xml:id="o4984-677650"
                     n="317-a-0340"
                     ecep:lem="what"
                     ecep:pos="r-crq"
                     ecep:reg="what"
                     ecep:spe="what"
                     ecep:syllab="1"
                     ecep:pron="wɒt">what</w>
                  <c> </c>
                  <w xmlns:ecep="http://www.eighteenthcenturypoetry.org/ns"
                     xml:id="o4984-677660"
                     n="317-a-0350"
                     ecep:lem="friendship"
                     ecep:pos="n1"
                     ecep:reg="friendship"
                     ecep:spe="friendship"
                     ecep:syllab="2"
                     ecep:pron="ˈfrenʃɪp">friendship</w>
                  <c> </c>
                  <w xmlns:ecep="http://www.eighteenthcenturypoetry.org/ns"
                     xml:id="o4984-677670"
                     n="317-a-0360"
                     ecep:lem="can"
                     ecep:pos="vmb"
                     ecep:reg="can"
                     ecep:spe="can"
                     ecep:syllab="1"
                     ecep:pron="kæn">can</w>
                  <c> </c>
                  <w xmlns:ecep="http://www.eighteenthcenturypoetry.org/ns"
                     xml:id="o4984-677680"
                     n="317-a-0370"
                     ecep:lem="impart"
                     ecep:pos="vvi"
                     ecep:reg="impart"
                     ecep:spe="impart"
                     ecep:syllab="2"
                     ecep:pron="ɪmˈpɑːt">impart</w>
                  <pc xmlns:ecep="http://www.eighteenthcenturypoetry.org/ns"
                      xml:id="o4984-677690"
                      n="317-a-0380"
                      ecep:lem=","
                      ecep:pos=","
                      ecep:reg=","
                      ecep:spe=",">,</pc>
               </l>
               <l xml:id="o4984-l36175">
                  <c> </c>
                  <w xmlns:ecep="http://www.eighteenthcenturypoetry.org/ns"
                     xml:id="o4984-677700"
                     n="317-a-0390"
                     ecep:lem="tribute"
                     ecep:pos="n1"
                     ecep:reg="Tribute"
                     ecep:spe="Tribute"
                     ecep:syllab="2"
                     ecep:pron="ˈtrɪbjuːt">Tribute</w>
                  <c> </c>
                  <w xmlns:ecep="http://www.eighteenthcenturypoetry.org/ns"
                     xml:id="o4984-677710"
                     n="317-a-0400"
                     ecep:lem="of"
                     ecep:pos="pp-f"
                     ecep:reg="of"
                     ecep:spe="of"
                     ecep:syllab="1"
                     ecep:pron="ɒv">of</w>
                  <c> </c>
                  <w xmlns:ecep="http://www.eighteenthcenturypoetry.org/ns"
                     xml:id="o4984-677720"
                     n="317-a-0410"
                     ecep:lem="a"
                     ecep:pos="dt"
                     ecep:reg="a"
                     ecep:spe="a"
                     ecep:syllab="1"
                     ecep:pron="ə">a</w>
                  <c> </c>
                  <w xmlns:ecep="http://www.eighteenthcenturypoetry.org/ns"
                     xml:id="o4984-677730"
                     n="317-a-0420"
                     ecep:lem="feeling"
                     ecep:pos="n1"
                     ecep:reg="feeling"
                     ecep:spe="feeling"
                     ecep:syllab="2"
                     ecep:pron="ˈfiːlɪŋ">feeling</w>
                  <c> </c>
                  <w xmlns:ecep="http://www.eighteenthcenturypoetry.org/ns"
                     xml:id="o4984-677740"
                     n="317-a-0430"
                     ecep:lem="heart"
                     ecep:pos="n1"
                     ecep:reg="heart"
                     ecep:spe="heart"
                     ecep:syllab="1"
                     ecep:pron="hɑːt">heart</w>
                  <pc xmlns:ecep="http://www.eighteenthcenturypoetry.org/ns"
                      xml:id="o4984-677750"
                      n="317-a-0440"
                      ecep:lem=";"
                      ecep:pos=";"
                      ecep:reg=";"
                      ecep:spe=";">;</pc>
               </l>
               <l xml:id="o4984-l36180">
                  <c> </c>
                  <w xmlns:ecep="http://www.eighteenthcenturypoetry.org/ns"
                     xml:id="o4984-677760"
                     n="317-a-0450"
                     ecep:lem="take"
                     ecep:pos="vvb"
                     ecep:reg="Take"
                     ecep:spe="Take"
                     ecep:syllab="1"
                     ecep:pron="teɪk">Take</w>
                  <c> </c>
                  <w xmlns:ecep="http://www.eighteenthcenturypoetry.org/ns"
                     xml:id="o4984-677770"
                     n="317-a-0460"
                     ecep:lem="the"
                     ecep:pos="dt"
                     ecep:reg="the"
                     ecep:spe="the"
                     ecep:syllab="1"
                     ecep:pron="ðiː">the</w>
                  <c> </c>
                  <w xmlns:ecep="http://www.eighteenthcenturypoetry.org/ns"
                     xml:id="o4984-677780"
                     n="317-a-0470"
                     ecep:lem="muse"
                     ecep:pos="ng1"
                     ecep:reg="muse's"
                     ecep:spe="muse's"
                     ecep:syllab="2"
                     ecep:pron="mjuːzz">muse's</w>
                  <c> </c>
                  <w xmlns:ecep="http://www.eighteenthcenturypoetry.org/ns"
                     xml:id="o4984-677790"
                     n="317-a-0480"
                     ecep:lem="late"
                     ecep:pos="js"
                     ecep:reg="latest"
                     ecep:spe="latest"
                     ecep:syllab="2"
                     ecep:pron="leɪtɪst">latest</w>
                  <c> </c>
                  <w xmlns:ecep="http://www.eighteenthcenturypoetry.org/ns"
                     xml:id="o4984-677800"
                     n="317-a-0490"
                     ecep:lem="spark"
                     ecep:pos="n1"
                     ecep:reg="spark"
                     ecep:spe="spark"
                     ecep:syllab="1"
                     ecep:pron="spɑːk">spark</w>
                  <pc xmlns:ecep="http://www.eighteenthcenturypoetry.org/ns"
                      xml:id="o4984-677810"
                      n="317-a-0500"
                      ecep:lem=","
                      ecep:pos=","
                      ecep:reg=","
                      ecep:spe=",">,</pc>
               </l>
               <l xml:id="o4984-l36185">
                  <c> </c>
                  <w xmlns:ecep="http://www.eighteenthcenturypoetry.org/ns"
                     xml:id="o4984-677820"
                     n="317-a-0510"
                     ecep:lem="ere"
                     ecep:pos="c-acp"
                     ecep:reg="Ere"
                     ecep:spe="Ere"
                     ecep:syllab="1"
                     ecep:pron="eə">Ere</w>
                  <c> </c>
                  <w xmlns:ecep="http://www.eighteenthcenturypoetry.org/ns"
                     xml:id="o4984-677830"
                     n="317-a-0520"
                     ecep:lem="we"
                     ecep:pos="pns12"
                     ecep:reg="we"
                     ecep:spe="we"
                     ecep:syllab="1"
                     ecep:pron="wiː">we</w>
                  <c> </c>
                  <w xmlns:ecep="http://www.eighteenthcenturypoetry.org/ns"
                     xml:id="o4984-677840"
                     n="317-a-0530"
                     ecep:lem="drop"
                     ecep:pos="vvb"
                     ecep:reg="drop"
                     ecep:spe="drop"
                     ecep:syllab="1"
                     ecep:pron="drɒp">drop</w>
                  <c> </c>
                  <w xmlns:ecep="http://www.eighteenthcenturypoetry.org/ns"
                     xml:id="o4984-677850"
                     n="317-a-0540"
                     ecep:lem="into"
                     ecep:pos="p-acp"
                     ecep:reg="into"
                     ecep:spe="into"
                     ecep:syllab="2"
                     ecep:pron="ˈɪntə">into</w>
                  <c> </c>
                  <w xmlns:ecep="http://www.eighteenthcenturypoetry.org/ns"
                     xml:id="o4984-677860"
                     n="317-a-0550"
                     ecep:lem="the"
                     ecep:pos="dt"
                     ecep:reg="the"
                     ecep:spe="the"
                     ecep:syllab="1"
                     ecep:pron="ðiː">the</w>
                  <c> </c>
                  <w xmlns:ecep="http://www.eighteenthcenturypoetry.org/ns"
                     xml:id="o4984-677870"
                     n="317-a-0560"
                     ecep:lem="dark"
                     ecep:pos="j"
                     ecep:reg="dark"
                     ecep:spe="dark"
                     ecep:syllab="1"
                     ecep:pron="dɑːk">dark</w>
                  <pc xmlns:ecep="http://www.eighteenthcenturypoetry.org/ns"
                      xml:id="o4984-677880"
                      n="317-a-0570"
                      unit="sentence"
                      ecep:lem="."
                      ecep:pos="."
                      ecep:reg="."
                      ecep:spe=".">.</pc>
                  <c> </c>
               </l>
               <l xml:id="o4984-l36190">
                  <w xmlns:ecep="http://www.eighteenthcenturypoetry.org/ns"
                     xml:id="o4984-677890"
                     n="317-a-0580"
                     ecep:lem="he"
                     ecep:pos="pns31"
                     ecep:reg="He"
                     ecep:spe="He"
                     ecep:syllab="1"
                     ecep:pron="hiː">He</w>
                  <pc xmlns:ecep="http://www.eighteenthcenturypoetry.org/ns"
                      xml:id="o4984-677900"
                      n="317-a-0590"
                      ecep:lem=","
                      ecep:pos=","
                      ecep:reg=","
                      ecep:spe=",">,</pc>
                  <c> </c>
                  <w xmlns:ecep="http://www.eighteenthcenturypoetry.org/ns"
                     xml:id="o4984-677910"
                     n="317-a-0600"
                     ecep:lem="who"
                     ecep:pos="r-crq"
                     ecep:reg="who"
                     ecep:spe="who"
                     ecep:syllab="1"
                     ecep:pron="huː">who</w>
                  <c> </c>
                  <w xmlns:ecep="http://www.eighteenthcenturypoetry.org/ns"
                     xml:id="o4984-677920"
                     n="317-a-0610"
                     ecep:lem="part"
                     ecep:pos="n2"
                     ecep:reg="parts"
                     ecep:spe="parts"
                     ecep:syllab="1"
                     ecep:pron="pɑːts">parts</w>
                  <c> </c>
                  <w xmlns:ecep="http://www.eighteenthcenturypoetry.org/ns"
                     xml:id="o4984-677930"
                     n="317-a-0620"
                     ecep:lem="and"
                     ecep:pos="cc"
                     ecep:reg="and"
                     ecep:spe="and"
                     ecep:syllab="1"
                     ecep:pron="ænd">and</w>
                  <c> </c>
                  <w xmlns:ecep="http://www.eighteenthcenturypoetry.org/ns"
                     xml:id="o4984-677940"
                     n="317-a-0630"
                     ecep:lem="virtue"
                     ecep:pos="n1"
                     ecep:reg="virtue"
                     ecep:spe="virtue"
                     ecep:syllab="2"
                     ecep:pron="ˈvɜːtʃuː">virtue</w>
                  <c> </c>
                  <w xmlns:ecep="http://www.eighteenthcenturypoetry.org/ns"
                     xml:id="o4984-677950"
                     n="317-a-0640"
                     ecep:lem="give"
                     ecep:pos="vvd"
                     ecep:reg="gave"
                     ecep:spe="gave"
                     ecep:syllab="1"
                     ecep:pron="geɪv">gave</w>
                  <pc xmlns:ecep="http://www.eighteenthcenturypoetry.org/ns"
                      xml:id="o4984-677960"
                      n="317-a-0650"
                      ecep:lem=","
                      ecep:pos=","
                      ecep:reg=","
                      ecep:spe=",">,</pc>
               </l>
               <l xml:id="o4984-l36195">
                  <c> </c>
                  <w xmlns:ecep="http://www.eighteenthcenturypoetry.org/ns"
                     xml:id="o4984-677970"
                     n="317-a-0660"
                     ecep:lem="bid"
                     ecep:pos="vvd"
                     ecep:reg="Bade"
                     ecep:spe="Bade"
                     ecep:syllab="1"
                     ecep:pron="bæd">Bade</w>
                  <c> </c>
                  <w xmlns:ecep="http://www.eighteenthcenturypoetry.org/ns"
                     xml:id="o4984-677980"
                     n="317-a-0670"
                     ecep:lem="thou"
                     ecep:pos="pno21"
                     ecep:reg="thee"
                     ecep:spe="thee"
                     ecep:syllab="1"
                     ecep:pron="ðiː">thee</w>
                  <c> </c>
                  <w xmlns:ecep="http://www.eighteenthcenturypoetry.org/ns"
                     xml:id="o4984-677990"
                     n="317-a-0680"
                     ecep:lem="look"
                     ecep:pos="vvi"
                     ecep:reg="look"
                     ecep:spe="look"
                     ecep:syllab="1"
                     ecep:pron="lʊk">look</w>
                  <c> </c>
                  <w xmlns:ecep="http://www.eighteenthcenturypoetry.org/ns"
                     xml:id="o4984-678000"
                     n="317-a-0690"
                     ecep:lem="beyond"
                     ecep:pos="p-acp"
                     ecep:reg="beyond"
                     ecep:spe="beyond"
                     ecep:syllab="2"
                     ecep:pron="biˈɒnd">beyond</w>
                  <c> </c>
                  <w xmlns:ecep="http://www.eighteenthcenturypoetry.org/ns"
                     xml:id="o4984-678010"
                     n="317-a-0700"
                     ecep:lem="the"
                     ecep:pos="dt"
                     ecep:reg="the"
                     ecep:spe="the"
                     ecep:syllab="1"
                     ecep:pron="ðiː">the</w>
                  <c> </c>
                  <w xmlns:ecep="http://www.eighteenthcenturypoetry.org/ns"
                     xml:id="o4984-678020"
                     n="317-a-0710"
                     ecep:lem="grave"
                     ecep:pos="n1"
                     ecep:reg="grave"
                     ecep:spe="grave"
                     ecep:syllab="1"
                     ecep:pron="grɑːv">grave</w>
                  <pc xmlns:ecep="http://www.eighteenthcenturypoetry.org/ns"
                      xml:id="o4984-678030"
                      n="317-a-0720"
                      ecep:lem=":"
                      ecep:pos=":"
                      ecep:reg=":"
                      ecep:spe=":">:</pc>
               </l>
               <l xml:id="o4984-l36200">
                  <c> </c>
                  <w xmlns:ecep="http://www.eighteenthcenturypoetry.org/ns"
                     xml:id="o4984-678040"
                     n="317-a-0730"
                     ecep:lem="genius"
                     ecep:pos="n1"
                     ecep:reg="Genius"
                     ecep:spe="Genius"
                     ecep:syllab="2"
                     ecep:pron="ˈdʒiːniəs">Genius</w>
                  <c> </c>
                  <w xmlns:ecep="http://www.eighteenthcenturypoetry.org/ns"
                     xml:id="o4984-678050"
                     n="317-a-0740"
                     ecep:lem="soar"
                     ecep:pos="vvz"
                     ecep:reg="soars"
                     ecep:spe="soars"
                     ecep:syllab="1"
                     ecep:pron="sɔːz">soars</w>
                  <pc xmlns:ecep="http://www.eighteenthcenturypoetry.org/ns"
                      xml:id="o4984-678060"
                      n="317-a-0750"
                      ecep:lem=","
                      ecep:pos=","
                      ecep:reg=","
                      ecep:spe=",">,</pc>
                  <c> </c>
                  <w xmlns:ecep="http://www.eighteenthcenturypoetry.org/ns"
                     xml:id="o4984-678070"
                     n="317-a-0760"
                     ecep:lem="and"
                     ecep:pos="cc"
                     ecep:reg="and"
                     ecep:spe="and"
                     ecep:syllab="1"
                     ecep:pron="ænd">and</w>
                  <c> </c>
                  <w xmlns:ecep="http://www.eighteenthcenturypoetry.org/ns"
                     xml:id="o4984-678080"
                     n="317-a-0770"
                     ecep:lem="virtue"
                     ecep:pos="n1"
                     ecep:reg="virtue"
                     ecep:spe="virtue"
                     ecep:syllab="2"
                     ecep:pron="ˈvɜːtʃuː">virtue</w>
                  <c> </c>
                  <w xmlns:ecep="http://www.eighteenthcenturypoetry.org/ns"
                     xml:id="o4984-678090"
                     n="317-a-0780"
                     ecep:lem="guide"
                     ecep:pos="vvz"
                     ecep:reg="guides"
                     ecep:spe="guides"
                     ecep:syllab="1"
                     ecep:pron="gaɪdz">guides</w>
                  <pc xmlns:ecep="http://www.eighteenthcenturypoetry.org/ns"
                      xml:id="o4984-678100"
                      n="317-a-0790"
                      ecep:lem=","
                      ecep:pos=","
                      ecep:reg=","
                      ecep:spe=",">,</pc>
               </l>
               <l xml:id="o4984-l36205">
                  <c> </c>
                  <w xmlns:ecep="http://www.eighteenthcenturypoetry.org/ns"
                     xml:id="o4984-678110"
                     n="317-a-0800"
                     ecep:lem="where"
                     ecep:pos="q-crq"
                     ecep:reg="Where"
                     ecep:spe="Where"
                     ecep:syllab="1"
                     ecep:pron="weə">Where</w>
                  <c> </c>
                  <w xmlns:ecep="http://www.eighteenthcenturypoetry.org/ns"
                     xml:id="o4984-678120"
                     n="317-a-0810"
                     ecep:lem="the"
                     ecep:pos="dt"
                     ecep:reg="the"
                     ecep:spe="the"
                     ecep:syllab="1"
                     ecep:pron="ðiː">the</w>
                  <c> </c>
                  <w xmlns:ecep="http://www.eighteenthcenturypoetry.org/ns"
                     xml:id="o4984-678130"
                     n="317-a-0820"
                     ecep:lem="love"
                     ecep:pos="n1"
                     ecep:reg="love"
                     ecep:spe="love"
                     ecep:syllab="1"
                     ecep:pron="lʌv">love</w>
                  <c> </c>
                  <w xmlns:ecep="http://www.eighteenthcenturypoetry.org/ns"
                     xml:id="o4984-678140"
                     n="317-a-0830"
                     ecep:lem="of"
                     ecep:pos="pp-f"
                     ecep:reg="of"
                     ecep:spe="of"
                     ecep:syllab="1"
                     ecep:pron="ɒv">of</w>
                  <c> </c>
                  <w xmlns:ecep="http://www.eighteenthcenturypoetry.org/ns"
                     xml:id="o4984-678150"
                     n="317-a-0840"
                     ecep:lem="god"
                     ecep:pos="n1"
                     ecep:reg="God"
                     ecep:spe="God"
                     ecep:syllab="1"
                     ecep:pron="gɒd">God</w>
                  <c> </c>
                  <w xmlns:ecep="http://www.eighteenthcenturypoetry.org/ns"
                     xml:id="o4984-678160"
                     n="317-a-0850"
                     ecep:lem="preside"
                     ecep:pos="vvz"
                     ecep:reg="presides"
                     ecep:spe="presides"
                     ecep:syllab="2"
                     ecep:pron="prɪˈzaɪdz">presides</w>
                  <pc xmlns:ecep="http://www.eighteenthcenturypoetry.org/ns"
                      xml:id="o4984-678170"
                      n="317-a-0860"
                      unit="sentence"
                      ecep:lem="."
                      ecep:pos="."
                      ecep:reg="."
                      ecep:spe=".">.</pc>
                  <c> </c>
               </l>
               <l xml:id="o4984-l36210">
                  <w xmlns:ecep="http://www.eighteenthcenturypoetry.org/ns"
                     xml:id="o4984-678180"
                     n="317-a-0870"
                     ecep:lem="there|be"
                     ecep:pos="pc-acp|vbz"
                     ecep:reg="There's"
                     ecep:spe="There's"
                     ecep:syllab="1"
                     ecep:pron="ðeəz">There's</w>
                  <c> </c>
                  <w xmlns:ecep="http://www.eighteenthcenturypoetry.org/ns"
                     xml:id="o4984-678190"
                     n="317-a-0880"
                     ecep:lem="a"
                     ecep:pos="dt"
                     ecep:reg="a"
                     ecep:spe="a"
                     ecep:syllab="1"
                     ecep:pron="ə">a</w>
                  <c> </c>
                  <w xmlns:ecep="http://www.eighteenthcenturypoetry.org/ns"
                     xml:id="o4984-678200"
                     n="317-a-0890"
                     ecep:lem="gulph"
                     ecep:pos="n1"
                     ecep:reg="gulf"
                     ecep:spe="gulph"
                     ecep:syllab="1"
                     ecep:pron="gʌlf">gulph</w>
                  <c> </c>
                  <w xmlns:ecep="http://www.eighteenthcenturypoetry.org/ns"
                     xml:id="o4984-678210"
                     n="317-a-0900"
                     ecep:lem="betwixt"
                     ecep:pos="p-acp"
                     ecep:reg="betwixt"
                     ecep:spe="'twixt"
                     ecep:syllab="1"
                     ecep:pron="twɪkst">'twixt</w>
                  <c> </c>
                  <w xmlns:ecep="http://www.eighteenthcenturypoetry.org/ns"
                     xml:id="o4984-678220"
                     n="317-a-0910"
                     ecep:lem="we"
                     ecep:pos="pno12"
                     ecep:reg="us"
                     ecep:spe="us"
                     ecep:syllab="1"
                     ecep:pron="ʌs">us</w>
                  <c> </c>
                  <w xmlns:ecep="http://www.eighteenthcenturypoetry.org/ns"
                     xml:id="o4984-678230"
                     n="317-a-0920"
                     ecep:lem="and"
                     ecep:pos="cc"
                     ecep:reg="and"
                     ecep:spe="and"
                     ecep:syllab="1"
                     ecep:pron="ænd">and</w>
                  <c> </c>
                  <w xmlns:ecep="http://www.eighteenthcenturypoetry.org/ns"
                     xml:id="o4984-678240"
                     n="317-a-0930"
                     ecep:lem="god"
                     ecep:pos="n1"
                     ecep:reg="God"
                     ecep:spe="God"
                     ecep:syllab="1"
                     ecep:pron="gɒd">God</w>
                  <pc xmlns:ecep="http://www.eighteenthcenturypoetry.org/ns"
                      xml:id="o4984-678250"
                      n="317-a-0940"
                      ecep:lem=";"
                      ecep:pos=";"
                      ecep:reg=";"
                      ecep:spe=";">;</pc>
               </l>
               <l xml:id="o4984-l36215">
                  <c> </c>
                  <w xmlns:ecep="http://www.eighteenthcenturypoetry.org/ns"
                     xml:id="o4984-678260"
                     n="317-a-0950"
                     ecep:lem="let"
                     ecep:pos="vvb"
                     ecep:reg="Let"
                     ecep:spe="Let"
                     ecep:syllab="1"
                     ecep:pron="let">Let</w>
                  <c> </c>
                  <w xmlns:ecep="http://www.eighteenthcenturypoetry.org/ns"
                     xml:id="o4984-678270"
                     n="317-a-0960"
                     ecep:lem="the"
                     ecep:pos="dt"
                     ecep:reg="the"
                     ecep:spe="the"
                     ecep:syllab="1"
                     ecep:pron="ðiː">the</w>
                  <c> </c>
                  <w xmlns:ecep="http://www.eighteenthcenturypoetry.org/ns"
                     xml:id="o4984-678280"
                     n="317-a-0970"
                     ecep:lem="gloomy"
                     ecep:pos="j"
                     ecep:reg="gloomy"
                     ecep:spe="gloomy"
                     ecep:syllab="2"
                     ecep:pron="ˈgluːmi">gloomy</w>
                  <c> </c>
                  <w xmlns:ecep="http://www.eighteenthcenturypoetry.org/ns"
                     xml:id="o4984-678290"
                     n="317-a-0980"
                     ecep:lem="path"
                     ecep:pos="n1"
                     ecep:reg="path"
                     ecep:spe="path"
                     ecep:syllab="1"
                     ecep:pron="pɑːθ">path</w>
                  <c> </c>
                  <w xmlns:ecep="http://www.eighteenthcenturypoetry.org/ns"
                     xml:id="o4984-678300"
                     n="317-a-0990"
                     ecep:lem="be"
                     ecep:pos="vbi"
                     ecep:reg="be"
                     ecep:spe="be"
                     ecep:syllab="1"
                     ecep:pron="biː">be</w>
                  <c> </c>
                  <w xmlns:ecep="http://www.eighteenthcenturypoetry.org/ns"
                     xml:id="o4984-678310"
                     n="317-a-1000"
                     ecep:lem="tread"
                     ecep:pos="vvn"
                     ecep:reg="trod"
                     ecep:spe="trod"
                     ecep:syllab="1"
                     ecep:pron="trɒd">trod</w>
                  <pc xmlns:ecep="http://www.eighteenthcenturypoetry.org/ns"
                      xml:id="o4984-678320"
                      n="317-a-1010"
                      ecep:lem=":"
                      ecep:pos=":"
                      ecep:reg=":"
                      ecep:spe=":">:</pc>
               </l>
               <l xml:id="o4984-l36220">
                  <c> </c>
                  <w xmlns:ecep="http://www.eighteenthcenturypoetry.org/ns"
                     xml:id="o4984-678330"
                     n="317-a-1020"
                     ecep:lem="why"
                     ecep:pos="q-crq"
                     ecep:reg="Why"
                     ecep:spe="Why"
                     ecep:syllab="1"
                     ecep:pron="waɪ">Why</w>
                  <c> </c>
                  <w xmlns:ecep="http://www.eighteenthcenturypoetry.org/ns"
                     xml:id="o4984-678340"
                     n="317-a-1030"
                     ecep:lem="stand"
                     ecep:pos="vvb"
                     ecep:reg="stand"
                     ecep:spe="stand"
                     ecep:syllab="1"
                     ecep:pron="stænd">stand</w>
                  <c> </c>
                  <w xmlns:ecep="http://www.eighteenthcenturypoetry.org/ns"
                     xml:id="o4984-678350"
                     n="317-a-1040"
                     ecep:lem="shiver"
                     ecep:pos="j-vvg"
                     ecep:reg="shivering"
                     ecep:spe="shivering"
                     ecep:syllab="3"
                     ecep:pron="ˈʃɪvrɪŋ">shivering</w>
                  <c> </c>
                  <w xmlns:ecep="http://www.eighteenthcenturypoetry.org/ns"
                     xml:id="o4984-678360"
                     n="317-a-1050"
                     ecep:lem="on"
                     ecep:pos="p-acp"
                     ecep:reg="on"
                     ecep:spe="on"
                     ecep:syllab="1"
                     ecep:pron="ɒn">on</w>
                  <c> </c>
                  <w xmlns:ecep="http://www.eighteenthcenturypoetry.org/ns"
                     xml:id="o4984-678370"
                     n="317-a-1060"
                     ecep:lem="the"
                     ecep:pos="dt"
                     ecep:reg="the"
                     ecep:spe="the"
                     ecep:syllab="1"
                     ecep:pron="ðiː">the</w>
                  <c> </c>
                  <w xmlns:ecep="http://www.eighteenthcenturypoetry.org/ns"
                     xml:id="o4984-678380"
                     n="317-a-1070"
                     ecep:lem="shore"
                     ecep:pos="n1"
                     ecep:reg="shore"
                     ecep:spe="shore"
                     ecep:syllab="1"
                     ecep:pron="ʃɔː">shore</w>
                  <pc xmlns:ecep="http://www.eighteenthcenturypoetry.org/ns"
                      xml:id="o4984-678390"
                      n="317-a-1080"
                      ecep:lem=";"
                      ecep:pos=";"
                      ecep:reg=";"
                      ecep:spe=";">;</pc>
               </l>
               <l xml:id="o4984-l36225">
                  <c> </c>
                  <w xmlns:ecep="http://www.eighteenthcenturypoetry.org/ns"
                     xml:id="o4984-678400"
                     n="317-a-1090"
                     ecep:lem="why"
                     ecep:pos="q-crq"
                     ecep:reg="Why"
                     ecep:spe="Why"
                     ecep:syllab="1"
                     ecep:pron="waɪ">Why</w>
                  <c> </c>
                  <w xmlns:ecep="http://www.eighteenthcenturypoetry.org/ns"
                     xml:id="o4984-678410"
                     n="317-a-1100"
                     ecep:lem="not"
                     ecep:pos="xx"
                     ecep:reg="not"
                     ecep:spe="not"
                     ecep:syllab="1"
                     ecep:pron="nɒt">not</w>
                  <c> </c>
                  <w xmlns:ecep="http://www.eighteenthcenturypoetry.org/ns"
                     xml:id="o4984-678420"
                     n="317-a-1110"
                     ecep:lem="bold"
                     ecep:pos="av-j"
                     ecep:reg="boldly"
                     ecep:spe="boldly"
                     ecep:syllab="2"
                     ecep:pron="bəʊldli">boldly</w>
                  <c> </c>
                  <w xmlns:ecep="http://www.eighteenthcenturypoetry.org/ns"
                     xml:id="o4984-678430"
                     n="317-a-1120"
                     ecep:lem="venture"
                     ecep:pos="vvi"
                     ecep:reg="venture"
                     ecep:spe="venture"
                     ecep:syllab="2"
                     ecep:pron="ˈventʃə">venture</w>
                  <c> </c>
                  <w xmlns:ecep="http://www.eighteenthcenturypoetry.org/ns"
                     xml:id="o4984-678440"
                     n="317-a-1130"
                     ecep:lem="over"
                     ecep:pos="a-acp"
                     ecep:reg="over"
                     ecep:spe="o'er"
                     ecep:syllab="1"
                     ecep:pron="ˈɔːə">o'er</w>
                  <pc xmlns:ecep="http://www.eighteenthcenturypoetry.org/ns"
                      xml:id="o4984-678450"
                      n="317-a-1140"
                      ecep:lem=";"
                      ecep:pos=";"
                      ecep:reg=";"
                      ecep:spe=";">;</pc>
               </l>
               <l xml:id="o4984-l36230">
                  <c> </c>
                  <w xmlns:ecep="http://www.eighteenthcenturypoetry.org/ns"
                     xml:id="o4984-678460"
                     n="317-a-1150"
                     ecep:lem="where"
                     ecep:pos="q-crq"
                     ecep:reg="Where"
                     ecep:spe="Where"
                     ecep:syllab="1"
                     ecep:pron="weə">Where</w>
                  <c> </c>
                  <w xmlns:ecep="http://www.eighteenthcenturypoetry.org/ns"
                     xml:id="o4984-678470"
                     n="317-a-1160"
                     ecep:lem="unerring"
                     ecep:pos="j"
                     ecep:reg="unerring"
                     ecep:spe="unerring"
                     ecep:syllab="3"
                     ecep:pron="ʌnˈɜːrɪŋ">unerring</w>
                  <c> </c>
                  <w xmlns:ecep="http://www.eighteenthcenturypoetry.org/ns"
                     xml:id="o4984-678480"
                     n="317-a-1170"
                     ecep:lem="virtue"
                     ecep:pos="n1"
                     ecep:reg="virtue"
                     ecep:spe="virtue"
                     ecep:syllab="2"
                     ecep:pron="ˈvɜːtʃuː">virtue</w>
                  <c> </c>
                  <w xmlns:ecep="http://www.eighteenthcenturypoetry.org/ns"
                     xml:id="o4984-678490"
                     n="317-a-1180"
                     ecep:lem="guide"
                     ecep:pos="vvz"
                     ecep:reg="guides"
                     ecep:spe="guides"
                     ecep:syllab="1"
                     ecep:pron="gaɪdz">guides</w>
               </l>
               <l xml:id="o4984-l36235">
                  <c> </c>
                  <w xmlns:ecep="http://www.eighteenthcenturypoetry.org/ns"
                     xml:id="o4984-678500"
                     n="317-a-1190"
                     ecep:lem="let"
                     ecep:pos="vvb"
                     ecep:reg="Let"
                     ecep:spe="Let"
                     ecep:syllab="1"
                     ecep:pron="let">Let</w>
                  <c> </c>
                  <w xmlns:ecep="http://www.eighteenthcenturypoetry.org/ns"
                     xml:id="o4984-678510"
                     n="317-a-1200"
                     ecep:lem="we"
                     ecep:pos="pno12"
                     ecep:reg="us"
                     ecep:spe="us"
                     ecep:syllab="1"
                     ecep:pron="ʌs">us</w>
                  <c> </c>
                  <w xmlns:ecep="http://www.eighteenthcenturypoetry.org/ns"
                     xml:id="o4984-678520"
                     n="317-a-1210"
                     ecep:lem="brave"
                     ecep:pos="vvi"
                     ecep:reg="brave"
                     ecep:spe="brave"
                     ecep:syllab="1"
                     ecep:pron="breɪv">brave</w>
                  <c> </c>
                  <w xmlns:ecep="http://www.eighteenthcenturypoetry.org/ns"
                     xml:id="o4984-678530"
                     n="317-a-1220"
                     ecep:lem="the"
                     ecep:pos="dt"
                     ecep:reg="the"
                     ecep:spe="the"
                     ecep:syllab="1"
                     ecep:pron="ðiː">the</w>
                  <c> </c>
                  <w xmlns:ecep="http://www.eighteenthcenturypoetry.org/ns"
                     xml:id="o4984-678540"
                     n="317-a-1230"
                     ecep:lem="wind"
                     ecep:pos="n2"
                     ecep:reg="winds"
                     ecep:spe="winds"
                     ecep:syllab="1"
                     ecep:pron="wɪndz">winds</w>
                  <c> </c>
                  <w xmlns:ecep="http://www.eighteenthcenturypoetry.org/ns"
                     xml:id="o4984-678550"
                     n="317-a-1240"
                     ecep:lem="and"
                     ecep:pos="cc"
                     ecep:reg="and"
                     ecep:spe="and"
                     ecep:syllab="1"
                     ecep:pron="ænd">and</w>
                  <c> </c>
                  <w xmlns:ecep="http://www.eighteenthcenturypoetry.org/ns"
                     xml:id="o4984-678560"
                     n="317-a-1250"
                     ecep:lem="tide"
                     ecep:pos="n2"
                     ecep:reg="tides"
                     ecep:spe="tides"
                     ecep:syllab="1"
                     ecep:pron="taɪdz">tides</w>
                  <pc xmlns:ecep="http://www.eighteenthcenturypoetry.org/ns"
                      xml:id="o4984-678570"
                      n="317-a-1260"
                      ecep:lem=":"
                      ecep:pos=":"
                      ecep:reg=":"
                      ecep:spe=":">:</pc>
               </l>
               <l xml:id="o4984-l36240">
                  <c> </c>
                  <w xmlns:ecep="http://www.eighteenthcenturypoetry.org/ns"
                     xml:id="o4984-678580"
                     n="317-a-1270"
                     ecep:lem="safe"
                     ecep:pos="av-j"
                     ecep:reg="Safe"
                     ecep:spe="Safe"
                     ecep:syllab="1"
                     ecep:pron="seɪf">Safe</w>
                  <pc xmlns:ecep="http://www.eighteenthcenturypoetry.org/ns"
                      xml:id="o4984-678590"
                      n="317-a-1280"
                      ecep:lem=","
                      ecep:pos=","
                      ecep:reg=","
                      ecep:spe=",">,</pc>
                  <c> </c>
                  <w xmlns:ecep="http://www.eighteenthcenturypoetry.org/ns"
                     xml:id="o4984-678600"
                     n="317-a-1290"
                     ecep:lem="through"
                     ecep:pos="p-acp"
                     ecep:reg="through"
                     ecep:spe="thro'"
                     ecep:syllab="1"
                     ecep:pron="θruː">thro'</w>
                  <c> </c>
                  <w xmlns:ecep="http://www.eighteenthcenturypoetry.org/ns"
                     xml:id="o4984-678610"
                     n="317-a-1300"
                     ecep:lem="sea"
                     ecep:pos="n2"
                     ecep:reg="seas"
                     ecep:spe="seas"
                     ecep:syllab="1"
                     ecep:pron="siːz">seas</w>
                  <c> </c>
                  <w xmlns:ecep="http://www.eighteenthcenturypoetry.org/ns"
                     xml:id="o4984-678620"
                     n="317-a-1310"
                     ecep:lem="of"
                     ecep:pos="pp-f"
                     ecep:reg="of"
                     ecep:spe="of"
                     ecep:syllab="1"
                     ecep:pron="ɒv">of</w>
                  <c> </c>
                  <w xmlns:ecep="http://www.eighteenthcenturypoetry.org/ns"
                     xml:id="o4984-678630"
                     n="317-a-1320"
                     ecep:lem="doubt"
                     ecep:pos="n2"
                     ecep:reg="doubts"
                     ecep:spe="doubts"
                     ecep:syllab="1"
                     ecep:pron="daʊts">doubts</w>
                  <c> </c>
                  <w xmlns:ecep="http://www.eighteenthcenturypoetry.org/ns"
                     xml:id="o4984-678640"
                     n="317-a-1330"
                     ecep:lem="and"
                     ecep:pos="cc"
                     ecep:reg="and"
                     ecep:spe="and"
                     ecep:syllab="1"
                     ecep:pron="ænd">and</w>
                  <c> </c>
                  <w xmlns:ecep="http://www.eighteenthcenturypoetry.org/ns"
                     xml:id="o4984-678650"
                     n="317-a-1340"
                     ecep:lem="fear"
                     ecep:pos="n2"
                     ecep:reg="fears"
                     ecep:spe="fears"
                     ecep:syllab="1"
                     ecep:pron="fɪəz">fears</w>
                  <pc xmlns:ecep="http://www.eighteenthcenturypoetry.org/ns"
                      xml:id="o4984-678660"
                      n="317-a-1350"
                      ecep:lem=","
                      ecep:pos=","
                      ecep:reg=","
                      ecep:spe=",">,</pc>
               </l>
               <l xml:id="o4984-l36245">
                  <c> </c>
                  <w xmlns:ecep="http://www.eighteenthcenturypoetry.org/ns"
                     xml:id="o4984-678670"
                     n="317-a-1360"
                     ecep:lem="ride"
                     ecep:pos="vvz"
                     ecep:reg="Rides"
                     ecep:spe="Rides"
                     ecep:syllab="1"
                     ecep:pron="raɪdz">Rides</w>
                  <c> </c>
                  <w xmlns:ecep="http://www.eighteenthcenturypoetry.org/ns"
                     xml:id="o4984-678680"
                     n="317-a-1370"
                     ecep:lem="the"
                     ecep:pos="dt"
                     ecep:reg="the"
                     ecep:spe="the"
                     ecep:syllab="1"
                     ecep:pron="ðiː">the</w>
                  <c> </c>
                  <w xmlns:ecep="http://www.eighteenthcenturypoetry.org/ns"
                     xml:id="o4984-678690"
                     n="317-a-1380"
                     ecep:lem="bark"
                     ecep:pos="n1"
                     ecep:reg="bark"
                     ecep:spe="bark"
                     ecep:syllab="1"
                     ecep:pron="bɑːk">bark</w>
                  <c> </c>
                  <w xmlns:ecep="http://www.eighteenthcenturypoetry.org/ns"
                     xml:id="o4984-678700"
                     n="317-a-1390"
                     ecep:lem="which"
                     ecep:pos="r-crq"
                     ecep:reg="which"
                     ecep:spe="which"
                     ecep:syllab="1"
                     ecep:pron="wɪtʃ">which</w>
                  <c> </c>
                  <w xmlns:ecep="http://www.eighteenthcenturypoetry.org/ns"
                     xml:id="o4984-678710"
                     n="317-a-1400"
                     ecep:lem="virtue"
                     ecep:pos="n1"
                     ecep:reg="virtue"
                     ecep:spe="virtue"
                     ecep:syllab="2"
                     ecep:pron="ˈvɜːtʃuː">virtue</w>
                  <c> </c>
                  <w xmlns:ecep="http://www.eighteenthcenturypoetry.org/ns"
                     xml:id="o4984-678720"
                     n="317-a-1410"
                     ecep:lem="steer"
                     ecep:pos="vvz"
                     ecep:reg="steers"
                     ecep:spe="steers"
                     ecep:syllab="1"
                     ecep:pron="stɪəz">steers</w>
                  <pc xmlns:ecep="http://www.eighteenthcenturypoetry.org/ns"
                      xml:id="o4984-678730"
                      n="317-a-1420"
                      unit="sentence"
                      ecep:lem="."
                      ecep:pos="."
                      ecep:reg="."
                      ecep:spe=".">.</pc>
                  <c> </c>
               </l>
            </lg>
         </div>
      </body>
   </text>
</TEI>
