<?xml version="1.0" encoding="utf-8"?>
<!DOCTYPE div
  SYSTEM "about:legacy-compat">
<div xmlns:ecep="http://www.eighteenthcenturypoetry.org/ns"
     xmlns="http://www.tei-c.org/ns/1.0"
     xmlns:tei="http://www.tei-c.org/ns/1.0"
     ana="#iamb #tetrameter #couplet #panegyric"
     corresp="#txt_BarbMa1685_w0076"
     decls="#semi-normalized"
     ecep:syllab="8"
     met="-+|-+|-+|-+/"
     rendition="#lgvspace"
     rhyme="aa"
     subtype="eceptext"
     type="poem"
     xml:id="pba35-w0810">
   <link target="authors.xml#aut_BarbMa1685" type="author"/>
   <link target="11578" type="DMI"/>
   <head type="main">
      <w xml:id="pba35-196140"
         n="a-0010"
         ecep:lem="to"
         ecep:pos="p-acp"
         ecep:reg="To"
         ecep:spe="To"
         ecep:syllab="1"
         ecep:pron="tuː">To</w>
      <c> </c>
      <w xml:id="pba35-196150"
         n="a-0020"
         ecep:lem="mrs."
         ecep:pos="n1"
         ecep:reg="Mrs."
         ecep:spe="Mrs."
         ecep:syllab="2"
         ecep:pron="mɪsɪz">Mrs.</w>
      <c> </c>
      <w xml:id="pba35-196160"
         n="a-0030"
         ecep:lem="Putland"
         ecep:pos="np1"
         ecep:reg="Putland"
         ecep:spe="Putland"
         ecep:syllab="2"
         ecep:pron="pˈʌtlənd">Putland</w>
      <note place="bottom"
            n="[ed.]"
            resp="#AH"
            xml:id="app_BarbMa1685_w0076_n1">"The wife of John Putland, stepson of Dr Richard Helsham".
									(Tucker [1992], 222)
								</note>
      <pc xml:id="pba35-196170"
          n="a-0040"
          unit="sentence"
          ecep:lem="."
          ecep:pos="."
          ecep:reg="."
          ecep:spe=".">.</pc>
   </head>
   <lg xml:id="pba35-s01290">
      <l n="1" xml:id="pba35-l10040">
         <hi rendition="#sc">
            <w xml:id="pba35-196200"
               n="a-0050"
               ecep:lem="uncommon"
               ecep:pos="av-j"
               ecep:reg="Uncommon"
               ecep:spe="Uncommon"
               ecep:syllab="3"
               ecep:pron="ʌnˈkɒmən">Uncommon</w>
         </hi>
         <c> </c>
         <w xml:id="pba35-196210"
            n="a-0060"
            ecep:lem="charm"
            ecep:pos="n2"
            ecep:reg="Charms"
            ecep:spe="Charms"
            ecep:syllab="1"
            ecep:pron="tʃɑːmz">Charms</w>
         <pc xml:id="pba35-196220"
             n="a-0070"
             ecep:lem=","
             ecep:pos=","
             ecep:reg=","
             ecep:spe=",">,</pc>
         <c> </c>
         <w xml:id="pba35-196230"
            n="a-0080"
            ecep:lem="i"
            ecep:pos="pns11"
            ecep:reg="I"
            ecep:spe="I"
            ecep:syllab="1"
            ecep:pron="aɪ">I</w>
         <c> </c>
         <w xml:id="pba35-196240"
            n="a-0090"
            ecep:lem="plain"
            ecep:pos="av-j"
            ecep:reg="plainly"
            ecep:spe="plainly"
            ecep:syllab="2"
            ecep:pron="pleɪnli">plainly</w>
         <c> </c>
         <w xml:id="pba35-196250"
            n="a-0100"
            ecep:lem="see"
            ecep:pos="vvb"
            ecep:reg="see"
            ecep:spe="see"
            ecep:syllab="1"
            ecep:pron="siː">see</w>
         <pc xml:id="pba35-196260"
             n="a-0110"
             ecep:lem=","
             ecep:pos=","
             ecep:reg=","
             ecep:spe=",">,</pc>
      </l>
      <l n="2" xml:id="pba35-l10045">
         <c> </c>
         <w xml:id="pba35-196270"
            n="a-0120"
            ecep:lem="complete"
            ecep:pos="j"
            ecep:reg="Complete"
            ecep:spe="Compleat"
            ecep:syllab="2"
            ecep:pron="kəmˈpliːt">Compleat</w>
         <c> </c>
         <w xml:id="pba35-196280"
            n="a-0130"
            ecep:lem="the"
            ecep:pos="dt"
            ecep:reg="the"
            ecep:spe="the"
            ecep:syllab="1"
            ecep:pron="ðiː">the</w>
         <c> </c>
         <w xml:id="pba35-196290"
            n="a-0140"
            ecep:lem="fair"
            ecep:pos="j"
            ecep:reg="Fair"
            ecep:spe="Fair"
            ecep:syllab="1"
            ecep:pron="feə">Fair</w>
         <c> </c>
         <w xml:id="pba35-196300"
            n="a-0150"
            ecep:lem="for"
            ecep:pos="c-acp"
            ecep:reg="for"
            ecep:spe="for"
            ecep:syllab="1"
            ecep:pron="fɔː">for</w>
         <c> </c>
         <w xml:id="pba35-196310"
            n="a-0160"
            ecep:lem="tyranny"
            ecep:pos="n1"
            ecep:reg="Tyranny"
            ecep:spe="Tyranny"
            ecep:syllab="3"
            ecep:pron="ˈtɪrni">Tyranny</w>
         <pc xml:id="pba35-196320"
             n="a-0170"
             unit="sentence"
             ecep:lem="."
             ecep:pos="."
             ecep:reg="."
             ecep:spe=".">.</pc>
         <c> </c>
      </l>
      <l n="3" xml:id="pba35-l10050">
         <w xml:id="pba35-196330"
            n="a-0180"
            ecep:lem="then"
            ecep:pos="av"
            ecep:reg="Then"
            ecep:spe="Then"
            ecep:syllab="1"
            ecep:pron="ðen">Then</w>
         <pc xml:id="pba35-196340"
             n="a-0190"
             ecep:lem=","
             ecep:pos=","
             ecep:reg=","
             ecep:spe=",">,</pc>
         <c> </c>
         <w xml:id="pba35-196350"
            n="a-0200"
            ecep:lem="lest"
            ecep:pos="cs"
            ecep:reg="lest"
            ecep:spe="lest"
            ecep:syllab="1"
            ecep:pron="lest">lest</w>
         <c> </c>
         <w xml:id="pba35-196360"
            n="a-0210"
            ecep:lem="your"
            ecep:pos="po22"
            ecep:reg="your"
            ecep:spe="your"
            ecep:syllab="1"
            ecep:pron="jɔː">your</w>
         <c> </c>
         <w xml:id="pba35-196370"
            n="a-0220"
            ecep:lem="form"
            ecep:pos="n1"
            ecep:reg="Form"
            ecep:spe="Form"
            ecep:syllab="1"
            ecep:pron="fɔːm">Form</w>
         <c> </c>
         <w xml:id="pba35-196380"
            n="a-0230"
            ecep:lem="shall"
            ecep:pos="vmd"
            ecep:reg="should"
            ecep:spe="should"
            ecep:syllab="1"
            ecep:pron="ʃʊd">should</w>
         <c> </c>
         <w xml:id="pba35-196390"
            n="a-0240"
            ecep:lem="make"
            ecep:pos="vvi"
            ecep:reg="make"
            ecep:spe="make"
            ecep:syllab="1"
            ecep:pron="meɪk">make</w>
         <c> </c>
         <w xml:id="pba35-196400"
            n="a-0250"
            ecep:lem="you"
            ecep:pos="pn22"
            ecep:reg="you"
            ecep:spe="you"
            ecep:syllab="1"
            ecep:pron="juː">you</w>
         <c> </c>
         <w xml:id="pba35-196410"
            n="a-0260"
            ecep:lem="vain"
            ecep:pos="j"
            ecep:reg="vain"
            ecep:spe="vain"
            ecep:syllab="1"
            ecep:pron="veɪn">vain</w>
      </l>
      <l n="4" xml:id="pba35-l10055">
         <c> </c>
         <w xml:id="pba35-196420"
            n="a-0270"
            ecep:lem="of"
            ecep:pos="pp-f"
            ecep:reg="Of"
            ecep:spe="Of"
            ecep:syllab="1"
            ecep:pron="ɒv">Of</w>
         <c> </c>
         <w xml:id="pba35-196430"
            n="a-0280"
            ecep:lem="conquest"
            ecep:pos="n1"
            ecep:reg="Conquest"
            ecep:spe="Conquest"
            ecep:syllab="2"
            ecep:pron="ˈkɒŋkwest">Conquest</w>
         <pc xml:id="pba35-196440"
             n="a-0290"
             ecep:lem=","
             ecep:pos=","
             ecep:reg=","
             ecep:spe=",">,</pc>
         <c> </c>
         <w xml:id="pba35-196450"
            n="a-0300"
            ecep:lem="and"
            ecep:pos="cc"
            ecep:reg="and"
            ecep:spe="and"
            ecep:syllab="1"
            ecep:pron="ænd">and</w>
         <c> </c>
         <w xml:id="pba35-196460"
            n="a-0310"
            ecep:lem="of"
            ecep:pos="pp-f"
            ecep:reg="of"
            ecep:spe="of"
            ecep:syllab="1"
            ecep:pron="ɒv">of</w>
         <c> </c>
         <w xml:id="pba35-196470"
            n="a-0320"
            ecep:lem="give"
            ecep:pos="vvg"
            ecep:reg="giving"
            ecep:spe="giving"
            ecep:syllab="2"
            ecep:pron="gɪvɪŋ">giving</w>
         <c> </c>
         <w xml:id="pba35-196480"
            n="a-0330"
            ecep:lem="pain"
            ecep:pos="n1"
            ecep:reg="Pain"
            ecep:spe="Pain"
            ecep:syllab="1"
            ecep:pron="peɪn">Pain</w>
         <pc xml:id="pba35-196490"
             n="a-0340"
             ecep:lem=","
             ecep:pos=","
             ecep:reg=","
             ecep:spe=",">,</pc>
      </l>
      <l n="5" xml:id="pba35-l10060">
         <c> </c>
         <w xml:id="pba35-196500"
            n="a-0350"
            ecep:lem="those"
            ecep:pos="d"
            ecep:reg="Those"
            ecep:spe="Those"
            ecep:syllab="1"
            ecep:pron="ðəʊz">Those</w>
         <pc xml:id="pba35-196510"
             n="a-0360"
             ecep:lem=","
             ecep:pos=","
             ecep:reg=","
             ecep:spe=",">,</pc>
         <c> </c>
         <w xml:id="pba35-196520"
            n="a-0370"
            ecep:lem="who"
            ecep:pos="r-crq"
            ecep:reg="whom"
            ecep:spe="whom"
            ecep:syllab="1"
            ecep:pron="huːm">whom</w>
         <c> </c>
         <w xml:id="pba35-196530"
            n="a-0380"
            ecep:lem="your"
            ecep:pos="po22"
            ecep:reg="your"
            ecep:spe="your"
            ecep:syllab="1"
            ecep:pron="jɔː">your</w>
         <c> </c>
         <w xml:id="pba35-196540"
            n="a-0390"
            ecep:lem="beauty"
            ecep:pos="n2"
            ecep:reg="Beauties"
            ecep:spe="Beauties"
            ecep:syllab="2"
            ecep:pron="ˈbjuːtiz">Beauties</w>
         <c> </c>
         <w xml:id="pba35-196550"
            n="a-0400"
            ecep:lem="have"
            ecep:pos="vhb"
            ecep:reg="have"
            ecep:spe="have"
            ecep:syllab="1"
            ecep:pron="hæv">have</w>
         <c> </c>
         <w xml:id="pba35-196560"
            n="a-0410"
            ecep:lem="enslave"
            ecep:pos="vvn"
            ecep:reg="enslaved"
            ecep:spe="enslav'd"
            ecep:syllab="2"
            ecep:pron="ɪnˈsleɪvd">enslav'd</w>
         <pc xml:id="pba35-196570"
             n="a-0420"
             ecep:lem=","
             ecep:pos=","
             ecep:reg=","
             ecep:spe=",">,</pc>
      </l>
      <l n="6" xml:id="pba35-l10065">
         <c> </c>
         <w xml:id="pba35-196580"
            n="a-0430"
            ecep:lem="by"
            ecep:pos="p-acp"
            ecep:reg="By"
            ecep:spe="By"
            ecep:syllab="1"
            ecep:pron="baɪ">By</w>
         <c> </c>
         <w xml:id="pba35-196590"
            n="a-0440"
            ecep:lem="i"
            ecep:pos="pno11"
            ecep:reg="me"
            ecep:spe="me"
            ecep:syllab="1"
            ecep:pron="miː">me</w>
         <c> </c>
         <w xml:id="pba35-196600"
            n="a-0450"
            ecep:lem="shall"
            ecep:pos="vmb"
            ecep:reg="shall"
            ecep:spe="shall"
            ecep:syllab="1"
            ecep:pron="ʃæl">shall</w>
         <c> </c>
         <w xml:id="pba35-196610"
            n="a-0460"
            ecep:lem="now"
            ecep:pos="av"
            ecep:reg="now"
            ecep:spe="now"
            ecep:syllab="1"
            ecep:pron="naʊ">now</w>
         <c> </c>
         <w xml:id="pba35-196620"
            n="a-0470"
            ecep:lem="be"
            ecep:pos="vbi"
            ecep:reg="be"
            ecep:spe="be"
            ecep:syllab="1"
            ecep:pron="biː">be</w>
         <c> </c>
         <w xml:id="pba35-196630"
            n="a-0480"
            ecep:lem="undeceived"
            ecep:pos="j"
            ecep:reg="undeceived"
            ecep:spe="undeceiv'd"
            ecep:syllab="3"
            ecep:pron="ˌʌndɪˈsiːvd">undeceiv'd</w>
         <pc xml:id="pba35-196640"
             n="a-0490"
             unit="sentence"
             ecep:lem="."
             ecep:pos="."
             ecep:reg="."
             ecep:spe=".">.</pc>
         <c> </c>
      </l>
   </lg>
   <lg xml:id="pba35-s01295">
      <l n="7" xml:id="pba35-l10070">
         <hi rendition="#sc">
            <w xml:id="pba35-196670"
               n="a-0500"
               ecep:lem="long"
               ecep:pos="j"
               ecep:reg="Long"
               ecep:spe="Long"
               ecep:syllab="1"
               ecep:pron="lɒŋ">Long</w>
         </hi>
         <c> </c>
         <w xml:id="pba35-196680"
            n="a-0510"
            ecep:lem="be"
            ecep:pos="vbds"
            ecep:reg="was"
            ecep:spe="was"
            ecep:syllab="1"
            ecep:pron="wɒz">was</w>
         <c> </c>
         <w xml:id="pba35-196690"
            n="a-0520"
            ecep:lem="i"
            ecep:pos="pns11"
            ecep:reg="I"
            ecep:spe="I"
            ecep:syllab="1"
            ecep:pron="aɪ">I</w>
         <c> </c>
         <w xml:id="pba35-196700"
            n="a-0530"
            ecep:lem="fool"
            ecep:pos="n1"
            ecep:reg="Fool"
            ecep:spe="Fool"
            ecep:syllab="1"
            ecep:pron="fuːl">Fool</w>
         <c> </c>
         <w xml:id="pba35-196710"
            n="a-0540"
            ecep:lem="enough"
            ecep:pos="av-d"
            ecep:reg="enough"
            ecep:spe="enough"
            ecep:syllab="2"
            ecep:pron="ɪˈnʌf">enough</w>
         <c> </c>
         <w xml:id="pba35-196720"
            n="a-0550"
            ecep:lem="to"
            ecep:pos="pc-acp"
            ecep:reg="to"
            ecep:spe="to"
            ecep:syllab="1"
            ecep:pron="tuː">to</w>
         <c> </c>
         <w xml:id="pba35-196730"
            n="a-0560"
            ecep:lem="view"
            ecep:pos="vvi"
            ecep:reg="view"
            ecep:spe="view"
            ecep:syllab="1"
            ecep:pron="vjuː">view</w>
      </l>
      <l n="8" xml:id="pba35-l10075">
         <c> </c>
         <w xml:id="pba35-196740"
            n="a-0570"
            ecep:lem="thy"
            ecep:pos="po21"
            ecep:reg="Thy"
            ecep:spe="Thy"
            ecep:syllab="1"
            ecep:pron="ðaɪ">Thy</w>
         <c> </c>
         <w xml:id="pba35-196750"
            n="a-0580"
            ecep:lem="rapturous"
            ecep:pos="j"
            ecep:reg="rapturous"
            ecep:spe="rapt'rous"
            ecep:syllab="2"
            ecep:pron="rˈæptrəs">rapt'rous</w>
         <c> </c>
         <w xml:id="pba35-196760"
            n="a-0590"
            ecep:lem="shape"
            ecep:pos="n1"
            ecep:reg="Shape"
            ecep:spe="Shape"
            ecep:syllab="1"
            ecep:pron="ʃeɪp">Shape</w>
         <pc xml:id="pba35-196770"
             n="a-0600"
             ecep:lem=","
             ecep:pos=","
             ecep:reg=","
             ecep:spe=",">,</pc>
         <c> </c>
         <w xml:id="pba35-196780"
            n="a-0610"
            ecep:lem="and"
            ecep:pos="cc"
            ecep:reg="and"
            ecep:spe="and"
            ecep:syllab="1"
            ecep:pron="ænd">and</w>
         <c> </c>
         <w xml:id="pba35-196790"
            n="a-0620"
            ecep:lem="think"
            ecep:pos="vvd"
            ecep:reg="thought"
            ecep:spe="thought"
            ecep:syllab="1"
            ecep:pron="θɔːt">thought</w>
         <c> </c>
         <w xml:id="pba35-196800"
            n="a-0630"
            ecep:lem="it"
            ecep:pos="pn31"
            ecep:reg="it"
            ecep:spe="it"
            ecep:syllab="1"
            ecep:pron="ɪt">it</w>
         <c> </c>
         <w xml:id="pba35-196810"
            n="a-0640"
            ecep:lem="new"
            ecep:pos="j"
            ecep:reg="new"
            ecep:spe="new"
            ecep:syllab="1"
            ecep:pron="njuː">new</w>
         <pc xml:id="pba35-196820"
             n="a-0650"
             ecep:lem=";"
             ecep:pos=";"
             ecep:reg=";"
             ecep:spe=";">;</pc>
      </l>
      <l n="9" xml:id="pba35-l10080">
         <c> </c>
         <w xml:id="pba35-196830"
            n="a-0660"
            ecep:lem="till"
            ecep:pos="c-acp"
            ecep:reg="Till"
            ecep:spe="Till"
            ecep:syllab="1"
            ecep:pron="tɪl">Till</w>
         <c> </c>
         <w xml:id="pba35-196840"
            n="a-0670"
            ecep:lem="late"
            ecep:pos="av-j"
            ecep:reg="lately"
            ecep:spe="lately"
            ecep:syllab="2"
            ecep:pron="leɪtli">lately</w>
         <c> </c>
         <w xml:id="pba35-196850"
            n="a-0680"
            ecep:lem="read"
            ecep:pos="vvg"
            ecep:reg="reading"
            ecep:spe="reading"
            ecep:syllab="2"
            ecep:pron="ˈriːdɪŋ">reading</w>
         <c> </c>
         <hi rendition="#sc">
            <w xml:id="pba35-196860"
               n="a-0690"
               ecep:lem="Waller"
               ecep:pos="np1"
               ecep:reg="Waller"
               ecep:spe="Waller"
               ecep:syllab="2"
               ecep:pron="ˈwɒlə">Waller</w>
         </hi>
         <c> </c>
         <w xml:id="pba35-196870"
            n="a-0700"
            ecep:lem="over"
            ecep:pos="a-acp"
            ecep:reg="over"
            ecep:spe="o'er"
            ecep:syllab="1"
            ecep:pron="ˈɔːə">o'er</w>
         <pc xml:id="pba35-196880"
             n="a-0710"
             ecep:lem=","
             ecep:pos=","
             ecep:reg=","
             ecep:spe=",">,</pc>
      </l>
      <l n="10" xml:id="pba35-l10085">
         <c> </c>
         <w xml:id="pba35-196890"
            n="a-0720"
            ecep:lem="i"
            ecep:pos="pns11"
            ecep:reg="I"
            ecep:spe="I"
            ecep:syllab="1"
            ecep:pron="aɪ">I</w>
         <c> </c>
         <w xml:id="pba35-196900"
            n="a-0730"
            ecep:lem="find"
            ecep:pos="vvd"
            ecep:reg="found"
            ecep:spe="found"
            ecep:syllab="1"
            ecep:pron="faʊnd">found</w>
         <c> </c>
         <w xml:id="pba35-196910"
            n="a-0740"
            ecep:lem="it|be"
            ecep:pos="pn31|vbds"
            ecep:reg="'twas"
            ecep:spe="'twas"
            ecep:syllab="1"
            ecep:pron="twɒz">'twas</w>
         <c> </c>
         <hi rendition="#sc">
            <w xml:id="pba35-196920"
               n="a-0750"
               ecep:lem="amoret"
               ecep:pos="npg1"
               ecep:reg="Amoret's"
               ecep:spe="Amoret's"
               ecep:syllab="3"
               ecep:pron="ˌæməˈretz">Amoret's</w>
         </hi>
         <c> </c>
         <w xml:id="pba35-196930"
            n="a-0760"
            ecep:lem="before"
            ecep:pos="a-acp"
            ecep:reg="before"
            ecep:spe="before"
            ecep:syllab="2"
            ecep:pron="bɪˈfɔː">before</w>
         <pc xml:id="pba35-196940"
             n="a-0770"
             unit="sentence"
             ecep:lem="."
             ecep:pos="."
             ecep:reg="."
             ecep:spe=".">.</pc>
         <c> </c>
      </l>
   </lg>
</div>
