<?xml version="1.0" encoding="utf-8"?>
<!DOCTYPE div
  SYSTEM "about:legacy-compat">
<div xmlns:ecep="http://www.eighteenthcenturypoetry.org/ns"
     xmlns="http://www.tei-c.org/ns/1.0"
     xmlns:tei="http://www.tei-c.org/ns/1.0"
     ana="#iamb #pentameter #sestet #pair #occasional"
     corresp="#txt_BarbAn1743_w0009"
     decls="#semi-normalized"
     ecep:syllab="10"
     met="-+|-+|-+|-+|-+/"
     rendition="#lgvspace"
     rhyme="aabbcc"
     subtype="eceptext"
     type="poem"
     xml:id="o3555-w0090">
   <link target="authors.xml#aut_BarbAn1743" type="author"/>
   <head type="main">
      <w xml:id="o3555-073200"
         n="56-a-0010"
         ecep:lem="on"
         ecep:pos="p-acp"
         ecep:reg="On"
         ecep:spe="On"
         ecep:syllab="1"
         ecep:pron="ɒn">On</w>
      <c> </c>
      <w xml:id="o3555-073210"
         n="56-a-0020"
         ecep:lem="a"
         ecep:pos="dt"
         ecep:reg="a"
         ecep:spe="a"
         ecep:syllab="1"
         ecep:pron="ə">a</w>
      <c> </c>
      <w xml:id="o3555-073220"
         n="56-a-0030"
         ecep:lem="lady"
         ecep:pos="ng1"
         ecep:reg="LADY's"
         ecep:spe="LADY's"
         ecep:syllab="2"
         ecep:pron="ˈleɪdiz">LADY's</w>
      <c> </c>
      <w xml:id="o3555-073230"
         n="56-a-0040"
         ecep:lem="write"
         ecep:pos="vvg"
         ecep:reg="WRITING"
         ecep:spe="WRITING"
         ecep:syllab="2"
         ecep:pron="ˈraɪtɪŋ">WRITING</w>
      <pc xml:id="o3555-073240"
          n="56-a-0050"
          unit="sentence"
          ecep:lem="."
          ecep:pos="."
          ecep:reg="."
          ecep:spe=".">.</pc>
   </head>
   <lg xml:id="o3555-s00320">
      <l xml:id="o3555-l03930">
         <w xml:id="o3555-073270"
            n="56-a-0060"
            ecep:lem="her"
            ecep:pos="po31"
            ecep:reg="HER"
            ecep:spe="HER"
            ecep:syllab="1"
            ecep:pron="hɜː">HER</w>
         <c> </c>
         <w xml:id="o3555-073280"
            n="56-a-0070"
            ecep:lem="even"
            ecep:pos="j"
            ecep:reg="even"
            ecep:spe="even"
            ecep:syllab="2"
            ecep:pron="ˈiːvn">even</w>
         <c> </c>
         <w xml:id="o3555-073290"
            n="56-a-0080"
            ecep:lem="line"
            ecep:pos="n2"
            ecep:reg="lines"
            ecep:spe="lines"
            ecep:syllab="1"
            ecep:pron="laɪnz">lines</w>
         <c> </c>
         <w xml:id="o3555-073300"
            n="56-a-0090"
            ecep:lem="her"
            ecep:pos="po31"
            ecep:reg="her"
            ecep:spe="her"
            ecep:syllab="1"
            ecep:pron="hɜː">her</w>
         <c> </c>
         <w xml:id="o3555-073310"
            n="56-a-0100"
            ecep:lem="steady"
            ecep:pos="j"
            ecep:reg="steady"
            ecep:spe="steady"
            ecep:syllab="2"
            ecep:pron="ˈstedi">steady</w>
         <c> </c>
         <w xml:id="o3555-073320"
            n="56-a-0110"
            ecep:lem="temper"
            ecep:pos="n1"
            ecep:reg="temper"
            ecep:spe="temper"
            ecep:syllab="2"
            ecep:pron="ˈtempə">temper</w>
         <c> </c>
         <w xml:id="o3555-073330"
            n="56-a-0120"
            ecep:lem="show"
            ecep:pos="vvi"
            ecep:reg="show"
            ecep:spe="show"
            ecep:syllab="1"
            ecep:pron="ʃəʊ">show</w>
         <pc xml:id="o3555-073340"
             n="56-a-0130"
             ecep:lem=";"
             ecep:pos=";"
             ecep:reg=";"
             ecep:spe=";">;</pc>
      </l>
      <l xml:id="o3555-l03935">
         <c> </c>
         <w xml:id="o3555-073350"
            n="56-a-0140"
            ecep:lem="neat"
            ecep:pos="j"
            ecep:reg="Neat"
            ecep:spe="Neat"
            ecep:syllab="1"
            ecep:pron="niːt">Neat</w>
         <c> </c>
         <w xml:id="o3555-073360"
            n="56-a-0150"
            ecep:lem="as"
            ecep:pos="c-acp"
            ecep:reg="as"
            ecep:spe="as"
            ecep:syllab="1"
            ecep:pron="æz">as</w>
         <c> </c>
         <w xml:id="o3555-073370"
            n="56-a-0160"
            ecep:lem="her"
            ecep:pos="po31"
            ecep:reg="her"
            ecep:spe="her"
            ecep:syllab="1"
            ecep:pron="hɜː">her</w>
         <c> </c>
         <w xml:id="o3555-073380"
            n="56-a-0170"
            ecep:lem="dress"
            ecep:pos="n1"
            ecep:reg="dress"
            ecep:spe="dress"
            ecep:syllab="1"
            ecep:pron="dres">dress</w>
         <pc xml:id="o3555-073390"
             n="56-a-0180"
             ecep:lem=","
             ecep:pos=","
             ecep:reg=","
             ecep:spe=",">,</pc>
         <c> </c>
         <w xml:id="o3555-073400"
            n="56-a-0190"
            ecep:lem="and"
            ecep:pos="cc"
            ecep:reg="and"
            ecep:spe="and"
            ecep:syllab="1"
            ecep:pron="ænd">and</w>
         <c> </c>
         <w xml:id="o3555-073410"
            n="56-a-0200"
            ecep:lem="polish"
            ecep:pos="vvd"
            ecep:reg="polished"
            ecep:spe="polish'd"
            ecep:syllab="2"
            ecep:pron="ˈpɒlɪʃt">polish'd</w>
         <c> </c>
         <w xml:id="o3555-073420"
            n="56-a-0210"
            ecep:lem="as"
            ecep:pos="a-acp"
            ecep:reg="as"
            ecep:spe="as"
            ecep:syllab="1"
            ecep:pron="æz">as</w>
         <c> </c>
         <w xml:id="o3555-073430"
            n="56-a-0220"
            ecep:lem="her"
            ecep:pos="po31"
            ecep:reg="her"
            ecep:spe="her"
            ecep:syllab="1"
            ecep:pron="hɜː">her</w>
         <c> </c>
         <w xml:id="o3555-073440"
            n="56-a-0230"
            ecep:lem="brow"
            ecep:pos="n1"
            ecep:reg="brow"
            ecep:spe="brow"
            ecep:syllab="1"
            ecep:pron="braʊ">brow</w>
         <pc xml:id="o3555-073450"
             n="56-a-0240"
             ecep:lem=";"
             ecep:pos=";"
             ecep:reg=";"
             ecep:spe=";">;</pc>
      </l>
      <l xml:id="o3555-l03940">
         <c> </c>
         <w xml:id="o3555-073460"
            n="56-a-0250"
            ecep:lem="strong"
            ecep:pos="j"
            ecep:reg="Strong"
            ecep:spe="Strong"
            ecep:syllab="1"
            ecep:pron="strɒŋ">Strong</w>
         <c> </c>
         <w xml:id="o3555-073470"
            n="56-a-0260"
            ecep:lem="as"
            ecep:pos="c-acp"
            ecep:reg="as"
            ecep:spe="as"
            ecep:syllab="1"
            ecep:pron="æz">as</w>
         <c> </c>
         <w xml:id="o3555-073480"
            n="56-a-0270"
            ecep:lem="her"
            ecep:pos="po31"
            ecep:reg="her"
            ecep:spe="her"
            ecep:syllab="1"
            ecep:pron="hɜː">her</w>
         <c> </c>
         <w xml:id="o3555-073490"
            n="56-a-0280"
            ecep:lem="judgement"
            ecep:pos="n1"
            ecep:reg="judgement"
            ecep:spe="judgment"
            ecep:syllab="2"
            ecep:pron="ˈdʒʌdʒmənt">judgment</w>
         <pc xml:id="o3555-073500"
             n="56-a-0290"
             ecep:lem=","
             ecep:pos=","
             ecep:reg=","
             ecep:spe=",">,</pc>
         <c> </c>
         <w xml:id="o3555-073510"
            n="56-a-0300"
            ecep:lem="easy"
            ecep:pos="j"
            ecep:reg="easy"
            ecep:spe="easy"
            ecep:syllab="2"
            ecep:pron="ˈiːzi">easy</w>
         <c> </c>
         <w xml:id="o3555-073520"
            n="56-a-0310"
            ecep:lem="as"
            ecep:pos="c-acp"
            ecep:reg="as"
            ecep:spe="as"
            ecep:syllab="1"
            ecep:pron="æz">as</w>
         <c> </c>
         <w xml:id="o3555-073530"
            n="56-a-0320"
            ecep:lem="her"
            ecep:pos="po31"
            ecep:reg="her"
            ecep:spe="her"
            ecep:syllab="1"
            ecep:pron="hɜː">her</w>
         <c> </c>
         <w xml:id="o3555-073540"
            n="56-a-0330"
            ecep:lem="air"
            ecep:pos="n1"
            ecep:reg="air"
            ecep:spe="air"
            ecep:syllab="1"
            ecep:pron="eə">air</w>
         <pc xml:id="o3555-073550"
             n="56-a-0340"
             ecep:lem=";"
             ecep:pos=";"
             ecep:reg=";"
             ecep:spe=";">;</pc>
      </l>
      <l xml:id="o3555-l03945">
         <c> </c>
         <w xml:id="o3555-073560"
            n="56-a-0350"
            ecep:lem="correct"
            ecep:pos="j"
            ecep:reg="Correct"
            ecep:spe="Correct"
            ecep:syllab="2"
            ecep:pron="kəˈrekt">Correct</w>
         <c> </c>
         <w xml:id="o3555-073570"
            n="56-a-0360"
            ecep:lem="though"
            ecep:pos="c-acp"
            ecep:reg="though"
            ecep:spe="though"
            ecep:syllab="1"
            ecep:pron="ðəʊ">though</w>
         <c> </c>
         <w xml:id="o3555-073580"
            n="56-a-0370"
            ecep:lem="free"
            ecep:pos="j"
            ecep:reg="free"
            ecep:spe="free"
            ecep:syllab="1"
            ecep:pron="friː">free</w>
         <pc xml:id="o3555-073590"
             n="56-a-0380"
             ecep:lem=","
             ecep:pos=","
             ecep:reg=","
             ecep:spe=",">,</pc>
         <c> </c>
         <w xml:id="o3555-073600"
            n="56-a-0390"
            ecep:lem="and"
            ecep:pos="cc"
            ecep:reg="and"
            ecep:spe="and"
            ecep:syllab="1"
            ecep:pron="ænd">and</w>
         <c> </c>
         <w xml:id="o3555-073610"
            n="56-a-0400"
            ecep:lem="regular"
            ecep:pos="j"
            ecep:reg="regular"
            ecep:spe="regular"
            ecep:syllab="3"
            ecep:pron="ˈregjələ">regular</w>
         <c> </c>
         <w xml:id="o3555-073620"
            n="56-a-0410"
            ecep:lem="though"
            ecep:pos="c-acp"
            ecep:reg="though"
            ecep:spe="though"
            ecep:syllab="1"
            ecep:pron="ðəʊ">though</w>
         <c> </c>
         <w xml:id="o3555-073630"
            n="56-a-0420"
            ecep:lem="fair"
            ecep:pos="j"
            ecep:reg="fair"
            ecep:spe="fair"
            ecep:syllab="1"
            ecep:pron="feə">fair</w>
         <pc xml:id="o3555-073640"
             n="56-a-0430"
             ecep:lem=":"
             ecep:pos=":"
             ecep:reg=":"
             ecep:spe=":">:</pc>
      </l>
      <l xml:id="o3555-l03950">
         <c> </c>
         <w xml:id="o3555-073650"
            n="56-a-0440"
            ecep:lem="and"
            ecep:pos="cc"
            ecep:reg="And"
            ecep:spe="And"
            ecep:syllab="1"
            ecep:pron="ænd">And</w>
         <c> </c>
         <w xml:id="o3555-073660"
            n="56-a-0450"
            ecep:lem="the"
            ecep:pos="dt"
            ecep:reg="the"
            ecep:spe="the"
            ecep:syllab="1"
            ecep:pron="ðiː">the</w>
         <c> </c>
         <w xml:id="o3555-073670"
            n="56-a-0460"
            ecep:lem="same"
            ecep:pos="d"
            ecep:reg="same"
            ecep:spe="same"
            ecep:syllab="1"
            ecep:pron="seɪm">same</w>
         <c> </c>
         <w xml:id="o3555-073680"
            n="56-a-0470"
            ecep:lem="grace"
            ecep:pos="n2"
            ecep:reg="graces"
            ecep:spe="graces"
            ecep:syllab="2"
            ecep:pron="greɪsɪz">graces</w>
         <c> </c>
         <w xml:id="o3555-073690"
            n="56-a-0480"
            ecep:lem="over"
            ecep:pos="p-acp"
            ecep:reg="over"
            ecep:spe="o'er"
            ecep:syllab="1"
            ecep:pron="ˈɔːə">o'er</w>
         <c> </c>
         <w xml:id="o3555-073700"
            n="56-a-0490"
            ecep:lem="her"
            ecep:pos="po31"
            ecep:reg="her"
            ecep:spe="her"
            ecep:syllab="1"
            ecep:pron="hɜː">her</w>
         <c> </c>
         <w xml:id="o3555-073710"
            n="56-a-0500"
            ecep:lem="pen"
            ecep:pos="n1"
            ecep:reg="pen"
            ecep:spe="pen"
            ecep:syllab="1"
            ecep:pron="pen">pen</w>
         <c> </c>
         <w xml:id="o3555-073720"
            n="56-a-0510"
            ecep:lem="preside"
            ecep:pos="vvi"
            ecep:reg="preside"
            ecep:spe="preside"
            ecep:syllab="2"
            ecep:pron="prɪˈzaɪd">preside</w>
      </l>
      <l xml:id="o3555-l03955">
         <c> </c>
         <w xml:id="o3555-073730"
            n="56-a-0520"
            ecep:lem="that"
            ecep:pos="d"
            ecep:reg="That"
            ecep:spe="That"
            ecep:syllab="1"
            ecep:pron="ðæt">That</w>
         <c> </c>
         <w xml:id="o3555-073740"
            n="56-a-0530"
            ecep:lem="form"
            ecep:pos="n1"
            ecep:reg="form"
            ecep:spe="form"
            ecep:syllab="1"
            ecep:pron="fɔːm">form</w>
         <c> </c>
         <w xml:id="o3555-073750"
            n="56-a-0540"
            ecep:lem="her"
            ecep:pos="po31"
            ecep:reg="her"
            ecep:spe="her"
            ecep:syllab="1"
            ecep:pron="hɜː">her</w>
         <c> </c>
         <w xml:id="o3555-073760"
            n="56-a-0550"
            ecep:lem="manner"
            ecep:pos="n2"
            ecep:reg="manners"
            ecep:spe="manners"
            ecep:syllab="2"
            ecep:pron="ˈmænəz">manners</w>
         <c> </c>
         <w xml:id="o3555-073770"
            n="56-a-0560"
            ecep:lem="and"
            ecep:pos="cc"
            ecep:reg="and"
            ecep:spe="and"
            ecep:syllab="1"
            ecep:pron="ænd">and</w>
         <c> </c>
         <w xml:id="o3555-073780"
            n="56-a-0570"
            ecep:lem="her"
            ecep:pos="po31"
            ecep:reg="her"
            ecep:spe="her"
            ecep:syllab="1"
            ecep:pron="hɜː">her</w>
         <c> </c>
         <w xml:id="o3555-073790"
            n="56-a-0580"
            ecep:lem="footstep"
            ecep:pos="n2"
            ecep:reg="footsteps"
            ecep:spe="footsteps"
            ecep:syllab="2"
            ecep:pron="ˈfʊtsteps">footsteps</w>
         <c> </c>
         <w xml:id="o3555-073800"
            n="56-a-0590"
            ecep:lem="guide"
            ecep:pos="vvi"
            ecep:reg="guide"
            ecep:spe="guide"
            ecep:syllab="1"
            ecep:pron="gaɪd">guide</w>
         <pc xml:id="o3555-073810"
             n="56-a-0600"
             unit="sentence"
             ecep:lem="."
             ecep:pos="."
             ecep:reg="."
             ecep:spe=".">.</pc>
         <c> </c>
      </l>
   </lg>
</div>
