<?xml version="1.0" encoding="UTF-8"?>
<?xml-model href="../tei_all.rnc" type="application/relax-ng-compact-syntax"?>
<TEI xmlns="http://www.tei-c.org/ns/1.0">
   <teiHeader>
      <fileDesc>
         <titleStmt>
            <title corresp="#txt_WattIs1674_w0008">THE Love of CHRIST ON His CROSS AND On His THRONE.</title>
            <author corresp="authors.xml#aut_WattIs1674">Isaac Watts</author>
            <respStmt>
               <name xml:id="AH">Alexander Huber</name>
               <resp>Editor</resp>
            </respStmt>
            <funder>
               <name type="institution" xml:id="BOD">Bodleian Libraries, University of Oxford</name>
               <address>
                  <addrLine>Broad Street</addrLine>
                  <addrLine>Oxford OX1 3BG</addrLine>
                  <addrLine>UK</addrLine>
               </address>
            </funder>
         </titleStmt>
         <publicationStmt>
            <publisher xml:id="ECPA">Eighteenth-Century Poetry Archive</publisher>
            <address>
               <addrLine>Taylor Institution Library</addrLine>
               <addrLine>St Giles'</addrLine>
               <addrLine>Oxford OX1 3NA</addrLine>
               <addrLine>UK</addrLine>
               <addrLine>
                  <email>info@eighteenthcenturypoetry.org</email>
               </addrLine>
               <addrLine>
                  <ref target="https://www.eighteenthcenturypoetry.org/">https://www.eighteenthcenturypoetry.org/</ref>
               </addrLine>
            </address>
            <pubPlace>Oxford</pubPlace>
            <availability status="restricted">
               <licence target="http://creativecommons.org/licenses/by-sa/3.0/">This work is licensed under a Creative Commons Attribution-ShareAlike 3.0 Unported License.</licence>
            </availability>
            <idno type="ESTC">T82397</idno>
            <idno type="TCP">K067329.000</idno>
         </publicationStmt>
         <sourceDesc>
            <bibl>
               <author>Watts, Isaac, 1674-1748.</author>
               <title>Horæ lyricæ: Poems, chiefly of the lyric kind. In two books. ... By I. Watts.</title>
               <pubPlace>London</pubPlace>
               <publisher>Printed by S. and D. Bridge, for John Lawrence at the Sign of the Angel in the Poultrey. MDCCVI.</publisher>
               <date>1706</date>
               <biblScope>pp. 25-26.</biblScope>
               <extent>[20],267,[1]p.; 8⁰.</extent>
            </bibl>
         </sourceDesc>
      </fileDesc>
      <encodingDesc>
         <projectDesc>
            <p>This e-text is part of the Works section of the Eighteenth-Century Poetry Archive (ECPA).</p>
            <p>XML created for the Eighteenth-Century Poetry Archive (ECPA).</p>
         </projectDesc>
         <editorialDecl>
            <p>The text has been typographically modernized, but without any silent modernization of
						spelling, capitalization, or punctuation. The source of the text is given and all editorial interventions
						have been recorded in textual notes. Based on the electronic text originally produced by the TCP project, this  text has been edited to conform to the recommendations found in Level 5 of the
						Best Practices for TEI in Libraries version 4.0.0.
					</p>
         </editorialDecl>
         <classDecl>
            <taxonomy xml:id="LCNAF">
               <bibl>Library of Congress Name Authority File (<abbr>LCNAF</abbr>)</bibl>
            </taxonomy>
         </classDecl>
         <tagsDecl>
            <rendition n="linegroups indented" xml:id="lgindent" scheme="css">text-indent: 1em;</rendition>
            <rendition n="linegroups vertically spaced" xml:id="lgvspace" scheme="css">margin-bottom: 1em;</rendition>
            <rendition n="aligned centrally" xml:id="align-center" scheme="css">text-align: center;</rendition>
            <rendition n="aligned right" xml:id="align-right" scheme="css">text-align: right;</rendition>
            <rendition n="aligned left" xml:id="align-left" scheme="css">text-align: left;</rendition>
            <rendition n="inline" xml:id="inline" scheme="css">display: inline</rendition>
            <rendition n="italic" xml:id="i" scheme="css">font-style: italic;</rendition>
            <rendition n="bold" xml:id="b" scheme="css">font-weight: bold;</rendition>
         </tagsDecl>
      </encodingDesc>
   </teiHeader>
   <text>
      <body>
         <div xmlns:ecep="http://www.eighteenthcenturypoetry.org/ns"
              ana="#iamb #tetrameter #quatrain #cross #hymn"
              corresp="#txt_WattIs1674_w0008"
              decls="#semi-normalized"
              ecep:syllab="8.8.8.8"
              met="-+|-+|-+|-+/ -+|-+|-+|-+/ -+|-+|-+|-+/ -+|-+|-+|-+/"
              rendition="#lgvspace"
              rhyme="abab"
              subtype="eceptext"
              type="poem"
              xml:id="o4672-w0080">
            <link target="authors.xml#aut_WattIs1674" type="author"/>
            <head type="main">
               <w xmlns:ecep="http://www.eighteenthcenturypoetry.org/ns"
                  xml:id="o4672-066890"
                  n="o4672/0044-a-0010"
                  ecep:lem="the"
                  ecep:pos="dt"
                  ecep:reg="THE"
                  ecep:spe="THE"
                  ecep:syllab="1"
                  ecep:pron="ðiː">THE</w>
               <c> </c>
               <w xmlns:ecep="http://www.eighteenthcenturypoetry.org/ns"
                  xml:id="o4672-066900"
                  n="o4672/0044-a-0020"
                  ecep:lem="love"
                  ecep:pos="n1"
                  ecep:reg="Love"
                  ecep:spe="Love"
                  ecep:syllab="1"
                  ecep:pron="lʌv">Love</w>
               <c> </c>
               <w xmlns:ecep="http://www.eighteenthcenturypoetry.org/ns"
                  xml:id="o4672-066910"
                  n="o4672/0044-a-0030"
                  ecep:lem="of"
                  ecep:pos="pp-f"
                  ecep:reg="of"
                  ecep:spe="of"
                  ecep:syllab="1"
                  ecep:pron="ɒv">of</w>
               <c> </c>
               <w xmlns:ecep="http://www.eighteenthcenturypoetry.org/ns"
                  xml:id="o4672-066920"
                  n="o4672/0044-a-0040"
                  ecep:lem="Christ"
                  ecep:pos="np1"
                  ecep:reg="CHRIST"
                  ecep:spe="CHRIST"
                  ecep:syllab="1"
                  ecep:pron="ˈkraɪst">CHRIST</w>
               <c> </c>
               <w xmlns:ecep="http://www.eighteenthcenturypoetry.org/ns"
                  xml:id="o4672-066930"
                  n="o4672/0044-a-0050"
                  ecep:lem="on"
                  ecep:pos="p-acp"
                  ecep:reg="ON"
                  ecep:spe="ON"
                  ecep:syllab="1"
                  ecep:pron="ɒn">ON</w>
               <c> </c>
               <w xmlns:ecep="http://www.eighteenthcenturypoetry.org/ns"
                  xml:id="o4672-066940"
                  n="o4672/0044-a-0060"
                  ecep:lem="his"
                  ecep:pos="po31"
                  ecep:reg="His"
                  ecep:spe="His"
                  ecep:syllab="1"
                  ecep:pron="hɪz">His</w>
               <c> </c>
               <w xmlns:ecep="http://www.eighteenthcenturypoetry.org/ns"
                  xml:id="o4672-066950"
                  n="o4672/0044-a-0070"
                  ecep:lem="cross"
                  ecep:pos="n1"
                  ecep:reg="CROSS"
                  ecep:spe="CROSS"
                  ecep:syllab="1"
                  ecep:pron="krɒs">CROSS</w>
               <c> </c>
               <w xmlns:ecep="http://www.eighteenthcenturypoetry.org/ns"
                  xml:id="o4672-066960"
                  n="o4672/0044-a-0080"
                  ecep:lem="and"
                  ecep:pos="cc"
                  ecep:reg="AND"
                  ecep:spe="AND"
                  ecep:syllab="1"
                  ecep:pron="ænd">AND</w>
               <c> </c>
               <w xmlns:ecep="http://www.eighteenthcenturypoetry.org/ns"
                  xml:id="o4672-066970"
                  n="o4672/0044-a-0090"
                  ecep:lem="on"
                  ecep:pos="p-acp"
                  ecep:reg="On"
                  ecep:spe="On"
                  ecep:syllab="1"
                  ecep:pron="ɒn">On</w>
               <c> </c>
               <w xmlns:ecep="http://www.eighteenthcenturypoetry.org/ns"
                  xml:id="o4672-066980"
                  n="o4672/0044-a-0100"
                  ecep:lem="his"
                  ecep:pos="po31"
                  ecep:reg="His"
                  ecep:spe="His"
                  ecep:syllab="1"
                  ecep:pron="hɪz">His</w>
               <c> </c>
               <w xmlns:ecep="http://www.eighteenthcenturypoetry.org/ns"
                  xml:id="o4672-066990"
                  n="o4672/0044-a-0110"
                  ecep:lem="throne"
                  ecep:pos="n1"
                  ecep:reg="THRONE"
                  ecep:spe="THRONE"
                  ecep:syllab="1"
                  ecep:pron="θrəʊn">THRONE</w>
               <pc xmlns:ecep="http://www.eighteenthcenturypoetry.org/ns"
                   xml:id="o4672-067000"
                   n="o4672/0044-a-0120"
                   unit="sentence"
                   ecep:lem="."
                   ecep:pos="."
                   ecep:reg="."
                   ecep:spe=".">.</pc>
            </head>
            <lg n="1" xml:id="o4672-s00475">
               <head>
                  <w xmlns:ecep="http://www.eighteenthcenturypoetry.org/ns"
                     xml:id="o4672-067040"
                     n="o4672/0044-a-0130"
                     ecep:lem="i"
                     ecep:pos="pns11"
                     ecep:reg="I"
                     ecep:spe="I."
                     ecep:syllab="1"
                     ecep:pron="ˈaɪ">I.</w>
                  <pc unit="sentence" xml:id="o4672-067040-eos" n="o4672/0044-a-0140"/>
               </head>
               <l xml:id="o4672-l01580">
                  <w xmlns:ecep="http://www.eighteenthcenturypoetry.org/ns"
                     xml:id="o4672-067060"
                     n="o4672/0044-a-0150"
                     ecep:lem="now"
                     ecep:pos="av"
                     ecep:reg="NOW"
                     ecep:spe="NOW"
                     ecep:syllab="1"
                     ecep:pron="naʊ">NOW</w>
                  <c> </c>
                  <w xmlns:ecep="http://www.eighteenthcenturypoetry.org/ns"
                     xml:id="o4672-067070"
                     n="o4672/0044-a-0160"
                     ecep:lem="let"
                     ecep:pos="vvb"
                     ecep:reg="let"
                     ecep:spe="let"
                     ecep:syllab="1"
                     ecep:pron="let">let</w>
                  <c> </c>
                  <w xmlns:ecep="http://www.eighteenthcenturypoetry.org/ns"
                     xml:id="o4672-067080"
                     n="o4672/0044-a-0170"
                     ecep:lem="my"
                     ecep:pos="po11"
                     ecep:reg="my"
                     ecep:spe="my"
                     ecep:syllab="1"
                     ecep:pron="maɪ">my</w>
                  <c> </c>
                  <w xmlns:ecep="http://www.eighteenthcenturypoetry.org/ns"
                     xml:id="o4672-067090"
                     n="o4672/0044-a-0180"
                     ecep:lem="faith"
                     ecep:pos="n1"
                     ecep:reg="Faith"
                     ecep:spe="Faith"
                     ecep:syllab="1"
                     ecep:pron="feɪθ">Faith</w>
                  <c> </c>
                  <w xmlns:ecep="http://www.eighteenthcenturypoetry.org/ns"
                     xml:id="o4672-067100"
                     n="o4672/0044-a-0190"
                     ecep:lem="grow"
                     ecep:pos="vvb"
                     ecep:reg="grow"
                     ecep:spe="grow"
                     ecep:syllab="1"
                     ecep:pron="grəʊ">grow</w>
                  <c> </c>
                  <w xmlns:ecep="http://www.eighteenthcenturypoetry.org/ns"
                     xml:id="o4672-067110"
                     n="o4672/0044-a-0200"
                     ecep:lem="strong"
                     ecep:pos="j"
                     ecep:reg="strong"
                     ecep:spe="strong"
                     ecep:syllab="1"
                     ecep:pron="strɒŋ">strong</w>
                  <c> </c>
                  <w xmlns:ecep="http://www.eighteenthcenturypoetry.org/ns"
                     xml:id="o4672-067120"
                     n="o4672/0044-a-0210"
                     ecep:lem="and"
                     ecep:pos="cc"
                     ecep:reg="and"
                     ecep:spe="and"
                     ecep:syllab="1"
                     ecep:pron="ænd">and</w>
                  <c> </c>
                  <w xmlns:ecep="http://www.eighteenthcenturypoetry.org/ns"
                     xml:id="o4672-067130"
                     n="o4672/0044-a-0220"
                     ecep:lem="rise"
                     ecep:pos="vvi"
                     ecep:reg="rise"
                     ecep:spe="rise"
                     ecep:syllab="1"
                     ecep:pron="raɪz">rise</w>
                  <pc xmlns:ecep="http://www.eighteenthcenturypoetry.org/ns"
                      xml:id="o4672-067140"
                      n="o4672/0044-a-0230"
                      ecep:lem=","
                      ecep:pos=","
                      ecep:reg=","
                      ecep:spe=",">,</pc>
               </l>
               <l xml:id="o4672-l01585">
                  <c> </c>
                  <w xmlns:ecep="http://www.eighteenthcenturypoetry.org/ns"
                     xml:id="o4672-067150"
                     n="o4672/0044-a-0240"
                     ecep:lem="and"
                     ecep:pos="cc"
                     ecep:reg="And"
                     ecep:spe="And"
                     ecep:syllab="1"
                     ecep:pron="ænd">And</w>
                  <c> </c>
                  <w xmlns:ecep="http://www.eighteenthcenturypoetry.org/ns"
                     xml:id="o4672-067160"
                     n="o4672/0044-a-0250"
                     ecep:lem="view"
                     ecep:pos="vvi"
                     ecep:reg="view"
                     ecep:spe="view"
                     ecep:syllab="1"
                     ecep:pron="vjuː">view</w>
                  <c> </c>
                  <w xmlns:ecep="http://www.eighteenthcenturypoetry.org/ns"
                     xml:id="o4672-067170"
                     n="o4672/0044-a-0260"
                     ecep:lem="my"
                     ecep:pos="po11"
                     ecep:reg="my"
                     ecep:spe="my"
                     ecep:syllab="1"
                     ecep:pron="maɪ">my</w>
                  <c> </c>
                  <w xmlns:ecep="http://www.eighteenthcenturypoetry.org/ns"
                     xml:id="o4672-067180"
                     n="o4672/0044-a-0270"
                     ecep:lem="lord"
                     ecep:pos="n1"
                     ecep:reg="Lord"
                     ecep:spe="Lord"
                     ecep:syllab="1"
                     ecep:pron="lɔːd">Lord</w>
                  <c> </c>
                  <w xmlns:ecep="http://www.eighteenthcenturypoetry.org/ns"
                     xml:id="o4672-067190"
                     n="o4672/0044-a-0280"
                     ecep:lem="in"
                     ecep:pos="p-acp"
                     ecep:reg="in"
                     ecep:spe="in"
                     ecep:syllab="1"
                     ecep:pron="ɪn">in</w>
                  <c> </c>
                  <w xmlns:ecep="http://www.eighteenthcenturypoetry.org/ns"
                     xml:id="o4672-067200"
                     n="o4672/0044-a-0290"
                     ecep:lem="all"
                     ecep:pos="d"
                     ecep:reg="all"
                     ecep:spe="all"
                     ecep:syllab="1"
                     ecep:pron="ɔːl">all</w>
                  <c> </c>
                  <w xmlns:ecep="http://www.eighteenthcenturypoetry.org/ns"
                     xml:id="o4672-067210"
                     n="o4672/0044-a-0300"
                     ecep:lem="his"
                     ecep:pos="po31"
                     ecep:reg="his"
                     ecep:spe="his"
                     ecep:syllab="1"
                     ecep:pron="hɪz">his</w>
                  <c> </c>
                  <w xmlns:ecep="http://www.eighteenthcenturypoetry.org/ns"
                     xml:id="o4672-067220"
                     n="o4672/0044-a-0310"
                     ecep:lem="love"
                     ecep:pos="n1"
                     ecep:reg="Love"
                     ecep:spe="Love"
                     ecep:syllab="1"
                     ecep:pron="lʌv">Love</w>
                  <pc xmlns:ecep="http://www.eighteenthcenturypoetry.org/ns"
                      xml:id="o4672-067230"
                      n="o4672/0044-a-0320"
                      ecep:lem=";"
                      ecep:pos=";"
                      ecep:reg=";"
                      ecep:spe=";">;</pc>
               </l>
               <l xml:id="o4672-l01590">
                  <c> </c>
                  <w xmlns:ecep="http://www.eighteenthcenturypoetry.org/ns"
                     xml:id="o4672-067240"
                     n="o4672/0044-a-0330"
                     ecep:lem="look"
                     ecep:pos="vvb"
                     ecep:reg="Look"
                     ecep:spe="Look"
                     ecep:syllab="1"
                     ecep:pron="lʊk">Look</w>
                  <c> </c>
                  <w xmlns:ecep="http://www.eighteenthcenturypoetry.org/ns"
                     xml:id="o4672-067250"
                     n="o4672/0044-a-0340"
                     ecep:lem="back"
                     ecep:pos="av"
                     ecep:reg="back"
                     ecep:spe="back"
                     ecep:syllab="1"
                     ecep:pron="bæk">back</w>
                  <c> </c>
                  <w xmlns:ecep="http://www.eighteenthcenturypoetry.org/ns"
                     xml:id="o4672-067260"
                     n="o4672/0044-a-0350"
                     ecep:lem="to"
                     ecep:pos="pc-acp"
                     ecep:reg="to"
                     ecep:spe="to"
                     ecep:syllab="1"
                     ecep:pron="tuː">to</w>
                  <c> </c>
                  <w xmlns:ecep="http://www.eighteenthcenturypoetry.org/ns"
                     xml:id="o4672-067270"
                     n="o4672/0044-a-0360"
                     ecep:lem="hear"
                     ecep:pos="vvi"
                     ecep:reg="hear"
                     ecep:spe="hear"
                     ecep:syllab="1"
                     ecep:pron="hɪə">hear</w>
                  <c> </c>
                  <w xmlns:ecep="http://www.eighteenthcenturypoetry.org/ns"
                     xml:id="o4672-067280"
                     n="o4672/0044-a-0370"
                     ecep:lem="his"
                     ecep:pos="po31"
                     ecep:reg="his"
                     ecep:spe="his"
                     ecep:syllab="1"
                     ecep:pron="hɪz">his</w>
                  <c> </c>
                  <w xmlns:ecep="http://www.eighteenthcenturypoetry.org/ns"
                     xml:id="o4672-067290"
                     n="o4672/0044-a-0380"
                     ecep:lem="die"
                     ecep:pos="vvg"
                     ecep:reg="Dying"
                     ecep:spe="Dying"
                     ecep:syllab="2"
                     ecep:pron="ˈdaɪɪŋ">Dying</w>
                  <c> </c>
                  <w xmlns:ecep="http://www.eighteenthcenturypoetry.org/ns"
                     xml:id="o4672-067300"
                     n="o4672/0044-a-0390"
                     ecep:lem="cry"
                     ecep:pos="n2"
                     ecep:reg="Cries"
                     ecep:spe="Cries"
                     ecep:syllab="1"
                     ecep:pron="kraɪz">Cries</w>
                  <pc xmlns:ecep="http://www.eighteenthcenturypoetry.org/ns"
                      xml:id="o4672-067310"
                      n="o4672/0044-a-0400"
                      ecep:lem=","
                      ecep:pos=","
                      ecep:reg=","
                      ecep:spe=",">,</pc>
               </l>
               <l xml:id="o4672-l01595">
                  <c> </c>
                  <w xmlns:ecep="http://www.eighteenthcenturypoetry.org/ns"
                     xml:id="o4672-067320"
                     n="o4672/0044-a-0410"
                     ecep:lem="then"
                     ecep:pos="av"
                     ecep:reg="Then"
                     ecep:spe="Then"
                     ecep:syllab="1"
                     ecep:pron="ðen">Then</w>
                  <c> </c>
                  <w xmlns:ecep="http://www.eighteenthcenturypoetry.org/ns"
                     xml:id="o4672-067330"
                     n="o4672/0044-a-0420"
                     ecep:lem="mount"
                     ecep:pos="vvb"
                     ecep:reg="mount"
                     ecep:spe="mount"
                     ecep:syllab="1"
                     ecep:pron="maʊnt">mount</w>
                  <c> </c>
                  <w xmlns:ecep="http://www.eighteenthcenturypoetry.org/ns"
                     xml:id="o4672-067340"
                     n="o4672/0044-a-0430"
                     ecep:lem="and"
                     ecep:pos="cc"
                     ecep:reg="and"
                     ecep:spe="and"
                     ecep:syllab="1"
                     ecep:pron="ænd">and</w>
                  <c> </c>
                  <w xmlns:ecep="http://www.eighteenthcenturypoetry.org/ns"
                     xml:id="o4672-067350"
                     n="o4672/0044-a-0440"
                     ecep:lem="see"
                     ecep:pos="vvi"
                     ecep:reg="see"
                     ecep:spe="see"
                     ecep:syllab="1"
                     ecep:pron="siː">see</w>
                  <c> </c>
                  <w xmlns:ecep="http://www.eighteenthcenturypoetry.org/ns"
                     xml:id="o4672-067360"
                     n="o4672/0044-a-0450"
                     ecep:lem="his"
                     ecep:pos="po31"
                     ecep:reg="his"
                     ecep:spe="his"
                     ecep:syllab="1"
                     ecep:pron="hɪz">his</w>
                  <c> </c>
                  <w xmlns:ecep="http://www.eighteenthcenturypoetry.org/ns"
                     xml:id="o4672-067370"
                     n="o4672/0044-a-0460"
                     ecep:lem="throne"
                     ecep:pos="n1"
                     ecep:reg="Throne"
                     ecep:spe="Throne"
                     ecep:syllab="1"
                     ecep:pron="θrəʊn">Throne</w>
                  <c> </c>
                  <w xmlns:ecep="http://www.eighteenthcenturypoetry.org/ns"
                     xml:id="o4672-067380"
                     n="o4672/0044-a-0470"
                     ecep:lem="above"
                     ecep:pos="a-acp"
                     ecep:reg="above"
                     ecep:spe="above"
                     ecep:syllab="2"
                     ecep:pron="əˈbʌv">above</w>
                  <pc xmlns:ecep="http://www.eighteenthcenturypoetry.org/ns"
                      xml:id="o4672-067390"
                      n="o4672/0044-a-0480"
                      unit="sentence"
                      ecep:lem="."
                      ecep:pos="."
                      ecep:reg="."
                      ecep:spe=".">.</pc>
                  <c> </c>
               </l>
            </lg>
            <lg n="2" xml:id="o4672-s00480">
               <head>
                  <w xmlns:ecep="http://www.eighteenthcenturypoetry.org/ns"
                     xml:id="o4672-067430"
                     n="o4672/0044-a-0490"
                     ecep:lem="ii"
                     ecep:pos="crd"
                     ecep:reg="II"
                     ecep:spe="II"
                     ecep:syllab="1"
                     ecep:pron="rˌəʊməntˈuː">II</w>
                  <pc xmlns:ecep="http://www.eighteenthcenturypoetry.org/ns"
                      xml:id="o4672-067440"
                      n="o4672/0044-a-0500"
                      unit="sentence"
                      ecep:lem="."
                      ecep:pos="."
                      ecep:reg="."
                      ecep:spe=".">.</pc>
               </head>
               <l xml:id="o4672-l01600">
                  <w xmlns:ecep="http://www.eighteenthcenturypoetry.org/ns"
                     xml:id="o4672-067460"
                     n="o4672/0044-a-0510"
                     ecep:lem="see"
                     ecep:pos="vvb"
                     ecep:reg="See"
                     ecep:spe="See"
                     ecep:syllab="1"
                     ecep:pron="siː">See</w>
                  <c> </c>
                  <w xmlns:ecep="http://www.eighteenthcenturypoetry.org/ns"
                     xml:id="o4672-067470"
                     n="o4672/0044-a-0520"
                     ecep:lem="where"
                     ecep:pos="c-crq"
                     ecep:reg="where"
                     ecep:spe="where"
                     ecep:syllab="1"
                     ecep:pron="weə">where</w>
                  <c> </c>
                  <w xmlns:ecep="http://www.eighteenthcenturypoetry.org/ns"
                     xml:id="o4672-067480"
                     n="o4672/0044-a-0530"
                     ecep:lem="he"
                     ecep:pos="pns31"
                     ecep:reg="he"
                     ecep:spe="he"
                     ecep:syllab="1"
                     ecep:pron="hiː">he</w>
                  <c> </c>
                  <w xmlns:ecep="http://www.eighteenthcenturypoetry.org/ns"
                     xml:id="o4672-067490"
                     n="o4672/0044-a-0540"
                     ecep:lem="languish"
                     ecep:pos="vvd"
                     ecep:reg="Languished"
                     ecep:spe="Languish'd"
                     ecep:syllab="2"
                     ecep:pron="ˈlæŋgwɪʃt">Languish'd</w>
                  <c> </c>
                  <w xmlns:ecep="http://www.eighteenthcenturypoetry.org/ns"
                     xml:id="o4672-067500"
                     n="o4672/0044-a-0550"
                     ecep:lem="on"
                     ecep:pos="p-acp"
                     ecep:reg="on"
                     ecep:spe="on"
                     ecep:syllab="1"
                     ecep:pron="ɒn">on</w>
                  <c> </c>
                  <w xmlns:ecep="http://www.eighteenthcenturypoetry.org/ns"
                     xml:id="o4672-067510"
                     n="o4672/0044-a-0560"
                     ecep:lem="the"
                     ecep:pos="dt"
                     ecep:reg="the"
                     ecep:spe="the"
                     ecep:syllab="1"
                     ecep:pron="ðiː">the</w>
                  <c> </c>
                  <w xmlns:ecep="http://www.eighteenthcenturypoetry.org/ns"
                     xml:id="o4672-067520"
                     n="o4672/0044-a-0570"
                     ecep:lem="cross"
                     ecep:pos="n1"
                     ecep:reg="Cross"
                     ecep:spe="Cross"
                     ecep:syllab="1"
                     ecep:pron="krɒs">Cross</w>
                  <pc xmlns:ecep="http://www.eighteenthcenturypoetry.org/ns"
                      xml:id="o4672-067530"
                      n="o4672/0044-a-0580"
                      ecep:lem=";"
                      ecep:pos=";"
                      ecep:reg=";"
                      ecep:spe=";">;</pc>
               </l>
               <l xml:id="o4672-l01605">
                  <c> </c>
                  <w xmlns:ecep="http://www.eighteenthcenturypoetry.org/ns"
                     xml:id="o4672-067540"
                     n="o4672/0044-a-0590"
                     ecep:lem="beneath"
                     ecep:pos="p-acp"
                     ecep:reg="Beneath"
                     ecep:spe="Beneath"
                     ecep:syllab="2"
                     ecep:pron="bɪˈniːθ">Beneath</w>
                  <c> </c>
                  <w xmlns:ecep="http://www.eighteenthcenturypoetry.org/ns"
                     xml:id="o4672-067550"
                     n="o4672/0044-a-0600"
                     ecep:lem="my"
                     ecep:pos="po11"
                     ecep:reg="my"
                     ecep:spe="my"
                     ecep:syllab="1"
                     ecep:pron="maɪ">my</w>
                  <c> </c>
                  <w xmlns:ecep="http://www.eighteenthcenturypoetry.org/ns"
                     xml:id="o4672-067560"
                     n="o4672/0044-a-0610"
                     ecep:lem="sin"
                     ecep:pos="n2"
                     ecep:reg="Sins"
                     ecep:spe="Sins"
                     ecep:syllab="1"
                     ecep:pron="sɪnz">Sins</w>
                  <c> </c>
                  <w xmlns:ecep="http://www.eighteenthcenturypoetry.org/ns"
                     xml:id="o4672-067570"
                     n="o4672/0044-a-0620"
                     ecep:lem="he"
                     ecep:pos="pns31"
                     ecep:reg="he"
                     ecep:spe="he"
                     ecep:syllab="1"
                     ecep:pron="hiː">he</w>
                  <c> </c>
                  <w xmlns:ecep="http://www.eighteenthcenturypoetry.org/ns"
                     xml:id="o4672-067580"
                     n="o4672/0044-a-0630"
                     ecep:lem="groan"
                     ecep:pos="vvd"
                     ecep:reg="groaned"
                     ecep:spe="groan'd"
                     ecep:syllab="1"
                     ecep:pron="grəʊnd">groan'd</w>
                  <c> </c>
                  <w xmlns:ecep="http://www.eighteenthcenturypoetry.org/ns"
                     xml:id="o4672-067590"
                     n="o4672/0044-a-0640"
                     ecep:lem="and"
                     ecep:pos="cc"
                     ecep:reg="and"
                     ecep:spe="and"
                     ecep:syllab="1"
                     ecep:pron="ænd">and</w>
                  <c> </c>
                  <w xmlns:ecep="http://www.eighteenthcenturypoetry.org/ns"
                     xml:id="o4672-067600"
                     n="o4672/0044-a-0650"
                     ecep:lem="die"
                     ecep:pos="vvn"
                     ecep:reg="died"
                     ecep:spe="dy'd"
                     ecep:syllab="1"
                     ecep:pron="daɪd">dy'd</w>
                  <pc xmlns:ecep="http://www.eighteenthcenturypoetry.org/ns"
                      xml:id="o4672-067610"
                      n="o4672/0044-a-0660"
                      ecep:lem=";"
                      ecep:pos=";"
                      ecep:reg=";"
                      ecep:spe=";">;</pc>
               </l>
               <l xml:id="o4672-l01610">
                  <c> </c>
                  <w xmlns:ecep="http://www.eighteenthcenturypoetry.org/ns"
                     xml:id="o4672-067620"
                     n="o4672/0044-a-0670"
                     ecep:lem="see"
                     ecep:pos="vvb"
                     ecep:reg="See"
                     ecep:spe="See"
                     ecep:syllab="1"
                     ecep:pron="siː">See</w>
                  <c> </c>
                  <w xmlns:ecep="http://www.eighteenthcenturypoetry.org/ns"
                     xml:id="o4672-067630"
                     n="o4672/0044-a-0680"
                     ecep:lem="where"
                     ecep:pos="c-crq"
                     ecep:reg="where"
                     ecep:spe="where"
                     ecep:syllab="1"
                     ecep:pron="weə">where</w>
                  <c> </c>
                  <w xmlns:ecep="http://www.eighteenthcenturypoetry.org/ns"
                     xml:id="o4672-067640"
                     n="o4672/0044-a-0690"
                     ecep:lem="he"
                     ecep:pos="pns31"
                     ecep:reg="he"
                     ecep:spe="he"
                     ecep:syllab="1"
                     ecep:pron="hiː">he</w>
                  <c> </c>
                  <w xmlns:ecep="http://www.eighteenthcenturypoetry.org/ns"
                     xml:id="o4672-067650"
                     n="o4672/0044-a-0700"
                     ecep:lem="fit"
                     ecep:pos="vvz"
                     ecep:reg="fits"
                     ecep:spe="fits"
                     ecep:syllab="1"
                     ecep:pron="fɪts">fits</w>
                  <c> </c>
                  <w xmlns:ecep="http://www.eighteenthcenturypoetry.org/ns"
                     xml:id="o4672-067660"
                     n="o4672/0044-a-0710"
                     ecep:lem="to"
                     ecep:pos="pc-acp"
                     ecep:reg="to"
                     ecep:spe="to"
                     ecep:syllab="1"
                     ecep:pron="tuː">to</w>
                  <c> </c>
                  <w xmlns:ecep="http://www.eighteenthcenturypoetry.org/ns"
                     xml:id="o4672-067670"
                     n="o4672/0044-a-0720"
                     ecep:lem="plead"
                     ecep:pos="vvi"
                     ecep:reg="plead"
                     ecep:spe="plead"
                     ecep:syllab="1"
                     ecep:pron="pliːd">plead</w>
                  <c> </c>
                  <w xmlns:ecep="http://www.eighteenthcenturypoetry.org/ns"
                     xml:id="o4672-067680"
                     n="o4672/0044-a-0730"
                     ecep:lem="my"
                     ecep:pos="po11"
                     ecep:reg="my"
                     ecep:spe="my"
                     ecep:syllab="1"
                     ecep:pron="maɪ">my</w>
                  <c> </c>
                  <w xmlns:ecep="http://www.eighteenthcenturypoetry.org/ns"
                     xml:id="o4672-067690"
                     n="o4672/0044-a-0740"
                     ecep:lem="cause"
                     ecep:pos="n1"
                     ecep:reg="Cause"
                     ecep:spe="Cause"
                     ecep:syllab="1"
                     ecep:pron="kɔːz">Cause</w>
               </l>
               <l xml:id="o4672-l01615">
                  <c> </c>
                  <w xmlns:ecep="http://www.eighteenthcenturypoetry.org/ns"
                     xml:id="o4672-067700"
                     n="o4672/0044-a-0750"
                     ecep:lem="by"
                     ecep:pos="p-acp"
                     ecep:reg="By"
                     ecep:spe="By"
                     ecep:syllab="1"
                     ecep:pron="baɪ">By</w>
                  <c> </c>
                  <w xmlns:ecep="http://www.eighteenthcenturypoetry.org/ns"
                     xml:id="o4672-067710"
                     n="o4672/0044-a-0760"
                     ecep:lem="his"
                     ecep:pos="po31"
                     ecep:reg="his"
                     ecep:spe="his"
                     ecep:syllab="1"
                     ecep:pron="hɪz">his</w>
                  <c> </c>
                  <w xmlns:ecep="http://www.eighteenthcenturypoetry.org/ns"
                     xml:id="o4672-067720"
                     n="o4672/0044-a-0770"
                     ecep:lem="almighty"
                     ecep:pos="j-jn"
                     ecep:reg="Almighty"
                     ecep:spe="Almighty"
                     ecep:syllab="3"
                     ecep:pron="ɔːlˈmaɪti">Almighty</w>
                  <c> </c>
                  <w xmlns:ecep="http://www.eighteenthcenturypoetry.org/ns"
                     xml:id="o4672-067730"
                     n="o4672/0044-a-0780"
                     ecep:lem="father"
                     ecep:pos="ng1"
                     ecep:reg="Father's"
                     ecep:spe="Father's"
                     ecep:syllab="2"
                     ecep:pron="ˈfɑːðəz">Father's</w>
                  <c> </c>
                  <w xmlns:ecep="http://www.eighteenthcenturypoetry.org/ns"
                     xml:id="o4672-067740"
                     n="o4672/0044-a-0790"
                     ecep:lem="side"
                     ecep:pos="n1"
                     ecep:reg="Side"
                     ecep:spe="Side"
                     ecep:syllab="1"
                     ecep:pron="saɪd">Side</w>
                  <pc xmlns:ecep="http://www.eighteenthcenturypoetry.org/ns"
                      xml:id="o4672-067750"
                      n="o4672/0044-a-0800"
                      unit="sentence"
                      ecep:lem="."
                      ecep:pos="."
                      ecep:reg="."
                      ecep:spe=".">.</pc>
                  <c> </c>
               </l>
            </lg>
            <pb facs="o4672/0045" n="26" rend="none"/>
            <lg n="3" xml:id="o4672-s00485">
               <head>
                  <w xmlns:ecep="http://www.eighteenthcenturypoetry.org/ns"
                     xml:id="o4672-067790"
                     n="o4672/0045-a-0010"
                     ecep:lem="iii"
                     ecep:pos="crd"
                     ecep:reg="III"
                     ecep:spe="III"
                     ecep:syllab="1"
                     ecep:pron="rˌəʊmənθrˈiː">III</w>
                  <pc xmlns:ecep="http://www.eighteenthcenturypoetry.org/ns"
                      xml:id="o4672-067800"
                      n="o4672/0045-a-0020"
                      unit="sentence"
                      ecep:lem="."
                      ecep:pos="."
                      ecep:reg="."
                      ecep:spe=".">.</pc>
               </head>
               <l xml:id="o4672-l01620">
                  <w xmlns:ecep="http://www.eighteenthcenturypoetry.org/ns"
                     xml:id="o4672-067820"
                     n="o4672/0045-a-0030"
                     ecep:lem="if"
                     ecep:pos="cs"
                     ecep:reg="If"
                     ecep:spe="If"
                     ecep:syllab="1"
                     ecep:pron="ɪf">If</w>
                  <c> </c>
                  <w xmlns:ecep="http://www.eighteenthcenturypoetry.org/ns"
                     xml:id="o4672-067830"
                     n="o4672/0045-a-0040"
                     ecep:lem="i"
                     ecep:pos="pns11"
                     ecep:reg="I"
                     ecep:spe="I"
                     ecep:syllab="1"
                     ecep:pron="aɪ">I</w>
                  <c> </c>
                  <w xmlns:ecep="http://www.eighteenthcenturypoetry.org/ns"
                     xml:id="o4672-067840"
                     n="o4672/0045-a-0050"
                     ecep:lem="behold"
                     ecep:pos="vvb"
                     ecep:reg="behold"
                     ecep:spe="behold"
                     ecep:syllab="2"
                     ecep:pron="bɪˈhəʊld">behold</w>
                  <c> </c>
                  <w xmlns:ecep="http://www.eighteenthcenturypoetry.org/ns"
                     xml:id="o4672-067850"
                     n="o4672/0045-a-0060"
                     ecep:lem="his"
                     ecep:pos="po31"
                     ecep:reg="his"
                     ecep:spe="his"
                     ecep:syllab="1"
                     ecep:pron="hɪz">his</w>
                  <c> </c>
                  <w xmlns:ecep="http://www.eighteenthcenturypoetry.org/ns"
                     xml:id="o4672-067860"
                     n="o4672/0045-a-0070"
                     ecep:lem="bleed"
                     ecep:pos="j-vvg"
                     ecep:reg="Bleeding"
                     ecep:spe="Bleeding"
                     ecep:syllab="2"
                     ecep:pron="bliːdɪŋ">Bleeding</w>
                  <c> </c>
                  <w xmlns:ecep="http://www.eighteenthcenturypoetry.org/ns"
                     xml:id="o4672-067870"
                     n="o4672/0045-a-0080"
                     ecep:lem="heart"
                     ecep:pos="n1"
                     ecep:reg="Heart"
                     ecep:spe="Heart"
                     ecep:syllab="1"
                     ecep:pron="hɑːt">Heart</w>
                  <pc xmlns:ecep="http://www.eighteenthcenturypoetry.org/ns"
                      xml:id="o4672-067880"
                      n="o4672/0045-a-0090"
                      ecep:lem=","
                      ecep:pos=","
                      ecep:reg=","
                      ecep:spe=",">,</pc>
               </l>
               <l xml:id="o4672-l01625">
                  <c> </c>
                  <w xmlns:ecep="http://www.eighteenthcenturypoetry.org/ns"
                     xml:id="o4672-067890"
                     n="o4672/0045-a-0100"
                     ecep:lem="there"
                     ecep:pos="pc-acp"
                     ecep:reg="There"
                     ecep:spe="There"
                     ecep:syllab="1"
                     ecep:pron="ðeə">There</w>
                  <c> </c>
                  <w xmlns:ecep="http://www.eighteenthcenturypoetry.org/ns"
                     xml:id="o4672-067900"
                     n="o4672/0045-a-0110"
                     ecep:lem="love"
                     ecep:pos="n1"
                     ecep:reg="Love"
                     ecep:spe="Love"
                     ecep:syllab="1"
                     ecep:pron="lʌv">Love</w>
                  <c> </c>
                  <w xmlns:ecep="http://www.eighteenthcenturypoetry.org/ns"
                     xml:id="o4672-067910"
                     n="o4672/0045-a-0120"
                     ecep:lem="in"
                     ecep:pos="p-acp"
                     ecep:reg="in"
                     ecep:spe="in"
                     ecep:syllab="1"
                     ecep:pron="ɪn">in</w>
                  <c> </c>
                  <w xmlns:ecep="http://www.eighteenthcenturypoetry.org/ns"
                     xml:id="o4672-067920"
                     n="o4672/0045-a-0130"
                     ecep:lem="flood"
                     ecep:pos="n2"
                     ecep:reg="Floods"
                     ecep:spe="Floods"
                     ecep:syllab="1"
                     ecep:pron="flʌdz">Floods</w>
                  <c> </c>
                  <w xmlns:ecep="http://www.eighteenthcenturypoetry.org/ns"
                     xml:id="o4672-067930"
                     n="o4672/0045-a-0140"
                     ecep:lem="of"
                     ecep:pos="pp-f"
                     ecep:reg="of"
                     ecep:spe="of"
                     ecep:syllab="1"
                     ecep:pron="ɒv">of</w>
                  <c> </c>
                  <w xmlns:ecep="http://www.eighteenthcenturypoetry.org/ns"
                     xml:id="o4672-067940"
                     n="o4672/0045-a-0150"
                     ecep:lem="sorrow"
                     ecep:pos="n1"
                     ecep:reg="Sorrow"
                     ecep:spe="Sorrow"
                     ecep:syllab="2"
                     ecep:pron="ˈsɒrəʊ">Sorrow</w>
                  <c> </c>
                  <w xmlns:ecep="http://www.eighteenthcenturypoetry.org/ns"
                     xml:id="o4672-067950"
                     n="o4672/0045-a-0160"
                     ecep:lem="reign"
                     ecep:pos="vvz"
                     ecep:reg="reigns"
                     ecep:spe="reigns"
                     ecep:syllab="1"
                     ecep:pron="reɪnz">reigns</w>
                  <pc xmlns:ecep="http://www.eighteenthcenturypoetry.org/ns"
                      xml:id="o4672-067960"
                      n="o4672/0045-a-0170"
                      ecep:lem=","
                      ecep:pos=","
                      ecep:reg=","
                      ecep:spe=",">,</pc>
               </l>
               <l xml:id="o4672-l01630">
                  <c> </c>
                  <w xmlns:ecep="http://www.eighteenthcenturypoetry.org/ns"
                     xml:id="o4672-067970"
                     n="o4672/0045-a-0180"
                     ecep:lem="he"
                     ecep:pos="pns31"
                     ecep:reg="He"
                     ecep:spe="He"
                     ecep:syllab="1"
                     ecep:pron="hiː">He</w>
                  <c> </c>
                  <w xmlns:ecep="http://www.eighteenthcenturypoetry.org/ns"
                     xml:id="o4672-067980"
                     n="o4672/0045-a-0190"
                     ecep:lem="triumph"
                     ecep:pos="n2"
                     ecep:reg="triumphs"
                     ecep:spe="triumphs"
                     ecep:syllab="2"
                     ecep:pron="ˈtraɪəmfs">triumphs</w>
                  <c> </c>
                  <w xmlns:ecep="http://www.eighteenthcenturypoetry.org/ns"
                     xml:id="o4672-067990"
                     n="o4672/0045-a-0200"
                     ecep:lem="over"
                     ecep:pos="p-acp"
                     ecep:reg="over"
                     ecep:spe="o're"
                     ecep:syllab="1"
                     ecep:pron="əʊrˈiː">o're</w>
                  <c> </c>
                  <w xmlns:ecep="http://www.eighteenthcenturypoetry.org/ns"
                     xml:id="o4672-068000"
                     n="o4672/0045-a-0210"
                     ecep:lem="the"
                     ecep:pos="dt"
                     ecep:reg="the"
                     ecep:spe="the"
                     ecep:syllab="1"
                     ecep:pron="ðiː">the</w>
                  <c> </c>
                  <w xmlns:ecep="http://www.eighteenthcenturypoetry.org/ns"
                     xml:id="o4672-068010"
                     n="o4672/0045-a-0220"
                     ecep:lem="kill"
                     ecep:pos="vvg"
                     ecep:reg="Killing"
                     ecep:spe="Killing"
                     ecep:syllab="2"
                     ecep:pron="kɪlɪŋ">Killing</w>
                  <c> </c>
                  <w xmlns:ecep="http://www.eighteenthcenturypoetry.org/ns"
                     xml:id="o4672-068020"
                     n="o4672/0045-a-0230"
                     ecep:lem="smart"
                     ecep:pos="j"
                     ecep:reg="Smart"
                     ecep:spe="Smart"
                     ecep:syllab="1"
                     ecep:pron="smɑːt">Smart</w>
                  <pc xmlns:ecep="http://www.eighteenthcenturypoetry.org/ns"
                      xml:id="o4672-068030"
                      n="o4672/0045-a-0240"
                      ecep:lem=","
                      ecep:pos=","
                      ecep:reg=","
                      ecep:spe=",">,</pc>
               </l>
               <l xml:id="o4672-l01635">
                  <c> </c>
                  <w xmlns:ecep="http://www.eighteenthcenturypoetry.org/ns"
                     xml:id="o4672-068040"
                     n="o4672/0045-a-0250"
                     ecep:lem="and"
                     ecep:pos="cc"
                     ecep:reg="And"
                     ecep:spe="And"
                     ecep:syllab="1"
                     ecep:pron="ænd">And</w>
                  <c> </c>
                  <w xmlns:ecep="http://www.eighteenthcenturypoetry.org/ns"
                     xml:id="o4672-068050"
                     n="o4672/0045-a-0260"
                     ecep:lem="buy"
                     ecep:pos="vvz"
                     ecep:reg="buys"
                     ecep:spe="buys"
                     ecep:syllab="1"
                     ecep:pron="baɪz">buys</w>
                  <c> </c>
                  <w xmlns:ecep="http://www.eighteenthcenturypoetry.org/ns"
                     xml:id="o4672-068060"
                     n="o4672/0045-a-0270"
                     ecep:lem="my"
                     ecep:pos="po11"
                     ecep:reg="my"
                     ecep:spe="my"
                     ecep:syllab="1"
                     ecep:pron="maɪ">my</w>
                  <c> </c>
                  <w xmlns:ecep="http://www.eighteenthcenturypoetry.org/ns"
                     xml:id="o4672-068070"
                     n="o4672/0045-a-0280"
                     ecep:lem="pleasure"
                     ecep:pos="n1"
                     ecep:reg="Pleasure"
                     ecep:spe="Pleasure"
                     ecep:syllab="2"
                     ecep:pron="ˈpleʒə">Pleasure</w>
                  <c> </c>
                  <w xmlns:ecep="http://www.eighteenthcenturypoetry.org/ns"
                     xml:id="o4672-068080"
                     n="o4672/0045-a-0290"
                     ecep:lem="with"
                     ecep:pos="p-acp"
                     ecep:reg="with"
                     ecep:spe="with"
                     ecep:syllab="1"
                     ecep:pron="wɪð">with</w>
                  <c> </c>
                  <w xmlns:ecep="http://www.eighteenthcenturypoetry.org/ns"
                     xml:id="o4672-068090"
                     n="o4672/0045-a-0300"
                     ecep:lem="his"
                     ecep:pos="po31"
                     ecep:reg="his"
                     ecep:spe="his"
                     ecep:syllab="1"
                     ecep:pron="hɪz">his</w>
                  <c> </c>
                  <w xmlns:ecep="http://www.eighteenthcenturypoetry.org/ns"
                     xml:id="o4672-068100"
                     n="o4672/0045-a-0310"
                     ecep:lem="pain"
                     ecep:pos="n2"
                     ecep:reg="Pains"
                     ecep:spe="Pains"
                     ecep:syllab="1"
                     ecep:pron="peɪnz">Pains</w>
                  <pc xmlns:ecep="http://www.eighteenthcenturypoetry.org/ns"
                      xml:id="o4672-068110"
                      n="o4672/0045-a-0320"
                      unit="sentence"
                      ecep:lem="."
                      ecep:pos="."
                      ecep:reg="."
                      ecep:spe=".">.</pc>
                  <c> </c>
               </l>
            </lg>
            <lg n="4" xml:id="o4672-s00490">
               <head>
                  <w xmlns:ecep="http://www.eighteenthcenturypoetry.org/ns"
                     xml:id="o4672-068150"
                     n="o4672/0045-a-0330"
                     ecep:lem="iv"
                     ecep:pos="crd"
                     ecep:reg="IV"
                     ecep:spe="IV"
                     ecep:syllab="1"
                     ecep:pron="rˌəʊmənfˈɔː">IV</w>
                  <pc xmlns:ecep="http://www.eighteenthcenturypoetry.org/ns"
                      xml:id="o4672-068160"
                      n="o4672/0045-a-0340"
                      unit="sentence"
                      ecep:lem="."
                      ecep:pos="."
                      ecep:reg="."
                      ecep:spe=".">.</pc>
               </head>
               <l xml:id="o4672-l01640">
                  <w xmlns:ecep="http://www.eighteenthcenturypoetry.org/ns"
                     xml:id="o4672-068180"
                     n="o4672/0045-a-0350"
                     ecep:lem="or"
                     ecep:pos="cc"
                     ecep:reg="Or"
                     ecep:spe="Or"
                     ecep:syllab="1"
                     ecep:pron="ɔː">Or</w>
                  <c> </c>
                  <w xmlns:ecep="http://www.eighteenthcenturypoetry.org/ns"
                     xml:id="o4672-068190"
                     n="o4672/0045-a-0360"
                     ecep:lem="if"
                     ecep:pos="cs"
                     ecep:reg="if"
                     ecep:spe="if"
                     ecep:syllab="1"
                     ecep:pron="ɪf">if</w>
                  <c> </c>
                  <w xmlns:ecep="http://www.eighteenthcenturypoetry.org/ns"
                     xml:id="o4672-068200"
                     n="o4672/0045-a-0370"
                     ecep:lem="i"
                     ecep:pos="pns11"
                     ecep:reg="I"
                     ecep:spe="I"
                     ecep:syllab="1"
                     ecep:pron="aɪ">I</w>
                  <c> </c>
                  <w xmlns:ecep="http://www.eighteenthcenturypoetry.org/ns"
                     xml:id="o4672-068210"
                     n="o4672/0045-a-0380"
                     ecep:lem="climb"
                     ecep:pos="vvb"
                     ecep:reg="climb"
                     ecep:spe="climb"
                     ecep:syllab="1"
                     ecep:pron="klaɪm">climb</w>
                  <c> </c>
                  <w xmlns:ecep="http://www.eighteenthcenturypoetry.org/ns"
                     xml:id="o4672-068220"
                     n="o4672/0045-a-0390"
                     ecep:lem="the"
                     ecep:pos="dt"
                     ecep:reg="the"
                     ecep:spe="th'"
                     ecep:syllab="0"
                     ecep:pron="ð">th'</w>
                  <c> </c>
                  <w xmlns:ecep="http://www.eighteenthcenturypoetry.org/ns"
                     xml:id="o4672-068230"
                     n="o4672/0045-a-0400"
                     ecep:lem="eternal"
                     ecep:pos="j"
                     ecep:reg="Eternal"
                     ecep:spe="Eternal"
                     ecep:syllab="3"
                     ecep:pron="ɪˈtɜːnl">Eternal</w>
                  <c> </c>
                  <w xmlns:ecep="http://www.eighteenthcenturypoetry.org/ns"
                     xml:id="o4672-068240"
                     n="o4672/0045-a-0410"
                     ecep:lem="hill"
                     ecep:pos="n2"
                     ecep:reg="Hills"
                     ecep:spe="Hills"
                     ecep:syllab="1"
                     ecep:pron="hɪlz">Hills</w>
               </l>
               <l xml:id="o4672-l01645">
                  <c> </c>
                  <w xmlns:ecep="http://www.eighteenthcenturypoetry.org/ns"
                     xml:id="o4672-068250"
                     n="o4672/0045-a-0420"
                     ecep:lem="where"
                     ecep:pos="c-crq"
                     ecep:reg="Where"
                     ecep:spe="Where"
                     ecep:syllab="1"
                     ecep:pron="weə">Where</w>
                  <c> </c>
                  <w xmlns:ecep="http://www.eighteenthcenturypoetry.org/ns"
                     xml:id="o4672-068260"
                     n="o4672/0045-a-0430"
                     ecep:lem="the"
                     ecep:pos="dt"
                     ecep:reg="the"
                     ecep:spe="the"
                     ecep:syllab="1"
                     ecep:pron="ðiː">the</w>
                  <c> </c>
                  <w xmlns:ecep="http://www.eighteenthcenturypoetry.org/ns"
                     xml:id="o4672-068270"
                     n="o4672/0045-a-0440"
                     ecep:lem="dear"
                     ecep:pos="j-jn"
                     ecep:reg="dear"
                     ecep:spe="dear"
                     ecep:syllab="1"
                     ecep:pron="dɪə">dear</w>
                  <c> </c>
                  <w xmlns:ecep="http://www.eighteenthcenturypoetry.org/ns"
                     xml:id="o4672-068280"
                     n="o4672/0045-a-0450"
                     ecep:lem="conqueror"
                     ecep:pos="n1"
                     ecep:reg="Conqueror"
                     ecep:spe="Conqueror"
                     ecep:syllab="2"
                     ecep:pron="ˈkɒŋkrə">Conqueror</w>
                  <c> </c>
                  <w xmlns:ecep="http://www.eighteenthcenturypoetry.org/ns"
                     xml:id="o4672-068290"
                     n="o4672/0045-a-0460"
                     ecep:lem="sit"
                     ecep:pos="vvz"
                     ecep:reg="sits"
                     ecep:spe="sits"
                     ecep:syllab="1"
                     ecep:pron="sɪts">sits</w>
                  <c> </c>
                  <w xmlns:ecep="http://www.eighteenthcenturypoetry.org/ns"
                     xml:id="o4672-068300"
                     n="o4672/0045-a-0470"
                     ecep:lem="enthrone"
                     ecep:pos="vvn"
                     ecep:reg="enthroned"
                     ecep:spe="enthron'd"
                     ecep:syllab="2"
                     ecep:pron="ɪnˈθrəʊnd">enthron'd</w>
                  <pc xmlns:ecep="http://www.eighteenthcenturypoetry.org/ns"
                      xml:id="o4672-068310"
                      n="o4672/0045-a-0480"
                      ecep:lem=","
                      ecep:pos=","
                      ecep:reg=","
                      ecep:spe=",">,</pc>
               </l>
               <l xml:id="o4672-l01650">
                  <c> </c>
                  <w xmlns:ecep="http://www.eighteenthcenturypoetry.org/ns"
                     xml:id="o4672-068320"
                     n="o4672/0045-a-0490"
                     ecep:lem="still"
                     ecep:pos="av"
                     ecep:reg="Still"
                     ecep:spe="Still"
                     ecep:syllab="1"
                     ecep:pron="stɪl">Still</w>
                  <c> </c>
                  <w xmlns:ecep="http://www.eighteenthcenturypoetry.org/ns"
                     xml:id="o4672-068330"
                     n="o4672/0045-a-0500"
                     ecep:lem="in"
                     ecep:pos="p-acp"
                     ecep:reg="in"
                     ecep:spe="in"
                     ecep:syllab="1"
                     ecep:pron="ɪn">in</w>
                  <c> </c>
                  <w xmlns:ecep="http://www.eighteenthcenturypoetry.org/ns"
                     xml:id="o4672-068340"
                     n="o4672/0045-a-0510"
                     ecep:lem="his"
                     ecep:pos="po31"
                     ecep:reg="his"
                     ecep:spe="his"
                     ecep:syllab="1"
                     ecep:pron="hɪz">his</w>
                  <c> </c>
                  <w xmlns:ecep="http://www.eighteenthcenturypoetry.org/ns"
                     xml:id="o4672-068350"
                     n="o4672/0045-a-0520"
                     ecep:lem="heart"
                     ecep:pos="n1"
                     ecep:reg="Heart"
                     ecep:spe="Heart"
                     ecep:syllab="1"
                     ecep:pron="hɑːt">Heart</w>
                  <c> </c>
                  <w xmlns:ecep="http://www.eighteenthcenturypoetry.org/ns"
                     xml:id="o4672-068360"
                     n="o4672/0045-a-0530"
                     ecep:lem="compassion"
                     ecep:pos="n1"
                     ecep:reg="Compassion"
                     ecep:spe="Compassion"
                     ecep:syllab="3"
                     ecep:pron="kəmˈpæʃn">Compassion</w>
                  <c> </c>
                  <w xmlns:ecep="http://www.eighteenthcenturypoetry.org/ns"
                     xml:id="o4672-068370"
                     n="o4672/0045-a-0540"
                     ecep:lem="dwell"
                     ecep:pos="vvz"
                     ecep:reg="dwells"
                     ecep:spe="dwells"
                     ecep:syllab="1"
                     ecep:pron="dwelz">dwells</w>
               </l>
               <l xml:id="o4672-l01655">
                  <c> </c>
                  <w xmlns:ecep="http://www.eighteenthcenturypoetry.org/ns"
                     xml:id="o4672-068380"
                     n="o4672/0045-a-0550"
                     ecep:lem="near"
                     ecep:pos="av-j"
                     ecep:reg="Near"
                     ecep:spe="Near"
                     ecep:syllab="1"
                     ecep:pron="nɪə">Near</w>
                  <c> </c>
                  <w xmlns:ecep="http://www.eighteenthcenturypoetry.org/ns"
                     xml:id="o4672-068390"
                     n="o4672/0045-a-0560"
                     ecep:lem="the"
                     ecep:pos="dt"
                     ecep:reg="the"
                     ecep:spe="the"
                     ecep:syllab="1"
                     ecep:pron="ðiː">the</w>
                  <c> </c>
                  <w xmlns:ecep="http://www.eighteenthcenturypoetry.org/ns"
                     xml:id="o4672-068400"
                     n="o4672/0045-a-0570"
                     ecep:lem="memorial"
                     ecep:pos="n2-jn"
                     ecep:reg="Memorials"
                     ecep:spe="Memorials"
                     ecep:syllab="4"
                     ecep:pron="məˈmɔːriəlz">Memorials</w>
                  <c> </c>
                  <w xmlns:ecep="http://www.eighteenthcenturypoetry.org/ns"
                     xml:id="o4672-068410"
                     n="o4672/0045-a-0580"
                     ecep:lem="of"
                     ecep:pos="pp-f"
                     ecep:reg="of"
                     ecep:spe="of"
                     ecep:syllab="1"
                     ecep:pron="ɒv">of</w>
                  <c> </c>
                  <w xmlns:ecep="http://www.eighteenthcenturypoetry.org/ns"
                     xml:id="o4672-068420"
                     n="o4672/0045-a-0590"
                     ecep:lem="his"
                     ecep:pos="po31"
                     ecep:reg="his"
                     ecep:spe="his"
                     ecep:syllab="1"
                     ecep:pron="hɪz">his</w>
                  <c> </c>
                  <w xmlns:ecep="http://www.eighteenthcenturypoetry.org/ns"
                     xml:id="o4672-068430"
                     n="o4672/0045-a-0600"
                     ecep:lem="wound"
                     ecep:pos="n1"
                     ecep:reg="Wound"
                     ecep:spe="Wound"
                     ecep:syllab="1"
                     ecep:pron="wuːnd">Wound</w>
                  <pc xmlns:ecep="http://www.eighteenthcenturypoetry.org/ns"
                      xml:id="o4672-068440"
                      n="o4672/0045-a-0610"
                      unit="sentence"
                      ecep:lem="."
                      ecep:pos="."
                      ecep:reg="."
                      ecep:spe=".">.</pc>
                  <c> </c>
               </l>
            </lg>
            <lg n="5" xml:id="o4672-s00495">
               <head>
                  <w xmlns:ecep="http://www.eighteenthcenturypoetry.org/ns"
                     xml:id="o4672-068480"
                     n="o4672/0045-a-0620"
                     ecep:lem="v."
                     ecep:pos="crd"
                     ecep:reg="V"
                     ecep:spe="V."
                     ecep:syllab="1"
                     ecep:pron="viː">V.</w>
                  <pc unit="sentence" xml:id="o4672-068480-eos" n="o4672/0045-a-0630"/>
               </head>
               <l xml:id="o4672-l01660">
                  <w xmlns:ecep="http://www.eighteenthcenturypoetry.org/ns"
                     xml:id="o4672-068500"
                     n="o4672/0045-a-0640"
                     ecep:lem="how"
                     ecep:pos="q-crq"
                     ecep:reg="How"
                     ecep:spe="How"
                     ecep:syllab="1"
                     ecep:pron="haʊ">How</w>
                  <c> </c>
                  <w xmlns:ecep="http://www.eighteenthcenturypoetry.org/ns"
                     xml:id="o4672-068510"
                     n="o4672/0045-a-0650"
                     ecep:lem="shall"
                     ecep:pos="vmb"
                     ecep:reg="shall"
                     ecep:spe="shall"
                     ecep:syllab="1"
                     ecep:pron="ʃæl">shall</w>
                  <c> </c>
                  <w xmlns:ecep="http://www.eighteenthcenturypoetry.org/ns"
                     xml:id="o4672-068520"
                     n="o4672/0045-a-0660"
                     ecep:lem="a"
                     ecep:pos="dt"
                     ecep:reg="a"
                     ecep:spe="a"
                     ecep:syllab="1"
                     ecep:pron="ə">a</w>
                  <c> </c>
                  <w xmlns:ecep="http://www.eighteenthcenturypoetry.org/ns"
                     xml:id="o4672-068530"
                     n="o4672/0045-a-0670"
                     ecep:lem="pardon"
                     ecep:pos="j-vvn"
                     ecep:reg="pardoned"
                     ecep:spe="pardon'd"
                     ecep:syllab="2"
                     ecep:pron="ˈpɑːdnd">pardon'd</w>
                  <c> </c>
                  <w xmlns:ecep="http://www.eighteenthcenturypoetry.org/ns"
                     xml:id="o4672-068540"
                     n="o4672/0045-a-0680"
                     ecep:lem="rebel"
                     ecep:pos="n1"
                     ecep:reg="Rebel"
                     ecep:spe="Rebel"
                     ecep:syllab="2"
                     ecep:pron="ˈrebl">Rebel</w>
                  <c> </c>
                  <w xmlns:ecep="http://www.eighteenthcenturypoetry.org/ns"
                     xml:id="o4672-068550"
                     n="o4672/0045-a-0690"
                     ecep:lem="show"
                     ecep:pos="vvi"
                     ecep:reg="show"
                     ecep:spe="show"
                     ecep:syllab="1"
                     ecep:pron="ʃəʊ">show</w>
               </l>
               <l xml:id="o4672-l01665">
                  <c> </c>
                  <w xmlns:ecep="http://www.eighteenthcenturypoetry.org/ns"
                     xml:id="o4672-068560"
                     n="o4672/0045-a-0700"
                     ecep:lem="how"
                     ecep:pos="c-crq"
                     ecep:reg="How"
                     ecep:spe="How"
                     ecep:syllab="1"
                     ecep:pron="haʊ">How</w>
                  <c> </c>
                  <w xmlns:ecep="http://www.eighteenthcenturypoetry.org/ns"
                     xml:id="o4672-068570"
                     n="o4672/0045-a-0710"
                     ecep:lem="much"
                     ecep:pos="av-d"
                     ecep:reg="much"
                     ecep:spe="much"
                     ecep:syllab="1"
                     ecep:pron="mʌtʃ">much</w>
                  <c> </c>
                  <w xmlns:ecep="http://www.eighteenthcenturypoetry.org/ns"
                     xml:id="o4672-068580"
                     n="o4672/0045-a-0720"
                     ecep:lem="i"
                     ecep:pos="pns11"
                     ecep:reg="I"
                     ecep:spe="I"
                     ecep:syllab="1"
                     ecep:pron="aɪ">I</w>
                  <c> </c>
                  <w xmlns:ecep="http://www.eighteenthcenturypoetry.org/ns"
                     xml:id="o4672-068590"
                     n="o4672/0045-a-0730"
                     ecep:lem="love"
                     ecep:pos="vvb"
                     ecep:reg="Love"
                     ecep:spe="Love"
                     ecep:syllab="1"
                     ecep:pron="lʌv">Love</w>
                  <c> </c>
                  <w xmlns:ecep="http://www.eighteenthcenturypoetry.org/ns"
                     xml:id="o4672-068600"
                     n="o4672/0045-a-0740"
                     ecep:lem="my"
                     ecep:pos="po11"
                     ecep:reg="my"
                     ecep:spe="my"
                     ecep:syllab="1"
                     ecep:pron="maɪ">my</w>
                  <c> </c>
                  <w xmlns:ecep="http://www.eighteenthcenturypoetry.org/ns"
                     xml:id="o4672-068610"
                     n="o4672/0045-a-0750"
                     ecep:lem="die"
                     ecep:pos="vvg"
                     ecep:reg="Dying"
                     ecep:spe="Dying"
                     ecep:syllab="2"
                     ecep:pron="ˈdaɪɪŋ">Dying</w>
                  <c> </c>
                  <w xmlns:ecep="http://www.eighteenthcenturypoetry.org/ns"
                     xml:id="o4672-068620"
                     n="o4672/0045-a-0760"
                     ecep:lem="god"
                     ecep:pos="n1"
                     ecep:reg="God"
                     ecep:spe="God"
                     ecep:syllab="1"
                     ecep:pron="gɒd">God</w>
                  <pc xmlns:ecep="http://www.eighteenthcenturypoetry.org/ns"
                      xml:id="o4672-068630"
                      n="o4672/0045-a-0770"
                      unit="sentence"
                      ecep:lem="?"
                      ecep:pos="?"
                      ecep:reg="?"
                      ecep:spe="?">?</pc>
                  <c> </c>
               </l>
               <l xml:id="o4672-l01670">
                  <w xmlns:ecep="http://www.eighteenthcenturypoetry.org/ns"
                     xml:id="o4672-068640"
                     n="o4672/0045-a-0780"
                     ecep:lem="lord"
                     ecep:pos="n1"
                     ecep:reg="Lord"
                     ecep:spe="Lord"
                     ecep:syllab="1"
                     ecep:pron="lɔːd">Lord</w>
                  <pc xmlns:ecep="http://www.eighteenthcenturypoetry.org/ns"
                      xml:id="o4672-068650"
                      n="o4672/0045-a-0790"
                      ecep:lem=","
                      ecep:pos=","
                      ecep:reg=","
                      ecep:spe=",">,</pc>
                  <c> </c>
                  <w xmlns:ecep="http://www.eighteenthcenturypoetry.org/ns"
                     xml:id="o4672-068660"
                     n="o4672/0045-a-0800"
                     ecep:lem="here"
                     ecep:pos="av"
                     ecep:reg="here"
                     ecep:spe="here"
                     ecep:syllab="1"
                     ecep:pron="hɪə">here</w>
                  <c> </c>
                  <w xmlns:ecep="http://www.eighteenthcenturypoetry.org/ns"
                     xml:id="o4672-068670"
                     n="o4672/0045-a-0810"
                     ecep:lem="i"
                     ecep:pos="pns11"
                     ecep:reg="I"
                     ecep:spe="I"
                     ecep:syllab="1"
                     ecep:pron="aɪ">I</w>
                  <c> </c>
                  <w xmlns:ecep="http://www.eighteenthcenturypoetry.org/ns"
                     xml:id="o4672-068680"
                     n="o4672/0045-a-0820"
                     ecep:lem="banish"
                     ecep:pos="vvb"
                     ecep:reg="banish"
                     ecep:spe="banish"
                     ecep:syllab="2"
                     ecep:pron="ˈbænɪʃ">banish</w>
                  <c> </c>
                  <w xmlns:ecep="http://www.eighteenthcenturypoetry.org/ns"
                     xml:id="o4672-068690"
                     n="o4672/0045-a-0830"
                     ecep:lem="every"
                     ecep:pos="d"
                     ecep:reg="every"
                     ecep:spe="every"
                     ecep:syllab="2"
                     ecep:pron="ˈevri">every</w>
                  <c> </c>
                  <w xmlns:ecep="http://www.eighteenthcenturypoetry.org/ns"
                     xml:id="o4672-068700"
                     n="o4672/0045-a-0840"
                     ecep:lem="foe"
                     ecep:pos="n1"
                     ecep:reg="Foe"
                     ecep:spe="Foe"
                     ecep:syllab="1"
                     ecep:pron="fəʊ">Foe</w>
                  <pc xmlns:ecep="http://www.eighteenthcenturypoetry.org/ns"
                      xml:id="o4672-068710"
                      n="o4672/0045-a-0850"
                      ecep:lem=","
                      ecep:pos=","
                      ecep:reg=","
                      ecep:spe=",">,</pc>
               </l>
               <l xml:id="o4672-l01675">
                  <c> </c>
                  <w xmlns:ecep="http://www.eighteenthcenturypoetry.org/ns"
                     xml:id="o4672-068720"
                     n="o4672/0045-a-0860"
                     ecep:lem="i"
                     ecep:pos="pns11"
                     ecep:reg="I"
                     ecep:spe="I"
                     ecep:syllab="1"
                     ecep:pron="aɪ">I</w>
                  <c> </c>
                  <w xmlns:ecep="http://www.eighteenthcenturypoetry.org/ns"
                     xml:id="o4672-068730"
                     n="o4672/0045-a-0870"
                     ecep:lem="hate"
                     ecep:pos="vvb"
                     ecep:reg="hate"
                     ecep:spe="hate"
                     ecep:syllab="1"
                     ecep:pron="heɪt">hate</w>
                  <c> </c>
                  <w xmlns:ecep="http://www.eighteenthcenturypoetry.org/ns"
                     xml:id="o4672-068740"
                     n="o4672/0045-a-0880"
                     ecep:lem="the"
                     ecep:pos="dt"
                     ecep:reg="the"
                     ecep:spe="the"
                     ecep:syllab="1"
                     ecep:pron="ðiː">the</w>
                  <c> </c>
                  <w xmlns:ecep="http://www.eighteenthcenturypoetry.org/ns"
                     xml:id="o4672-068750"
                     n="o4672/0045-a-0890"
                     ecep:lem="sin"
                     ecep:pos="n2"
                     ecep:reg="Sins"
                     ecep:spe="Sins"
                     ecep:syllab="1"
                     ecep:pron="sɪnz">Sins</w>
                  <c> </c>
                  <w xmlns:ecep="http://www.eighteenthcenturypoetry.org/ns"
                     xml:id="o4672-068760"
                     n="o4672/0045-a-0900"
                     ecep:lem="that"
                     ecep:pos="cst"
                     ecep:reg="that"
                     ecep:spe="that"
                     ecep:syllab="1"
                     ecep:pron="ðæt">that</w>
                  <c> </c>
                  <w xmlns:ecep="http://www.eighteenthcenturypoetry.org/ns"
                     xml:id="o4672-068770"
                     n="o4672/0045-a-0910"
                     ecep:lem="cost"
                     ecep:pos="vvd"
                     ecep:reg="Cost"
                     ecep:spe="Cost"
                     ecep:syllab="1"
                     ecep:pron="kɒst">Cost</w>
                  <c> </c>
                  <w xmlns:ecep="http://www.eighteenthcenturypoetry.org/ns"
                     xml:id="o4672-068780"
                     n="o4672/0045-a-0920"
                     ecep:lem="thy"
                     ecep:pos="po21"
                     ecep:reg="thy"
                     ecep:spe="thy"
                     ecep:syllab="1"
                     ecep:pron="ðaɪ">thy</w>
                  <c> </c>
                  <w xmlns:ecep="http://www.eighteenthcenturypoetry.org/ns"
                     xml:id="o4672-068790"
                     n="o4672/0045-a-0930"
                     ecep:lem="blood"
                     ecep:pos="n1"
                     ecep:reg="Blood"
                     ecep:spe="Blood"
                     ecep:syllab="1"
                     ecep:pron="blʌd">Blood</w>
                  <pc xmlns:ecep="http://www.eighteenthcenturypoetry.org/ns"
                      xml:id="o4672-068800"
                      n="o4672/0045-a-0940"
                      unit="sentence"
                      ecep:lem="."
                      ecep:pos="."
                      ecep:reg="."
                      ecep:spe=".">.</pc>
                  <c> </c>
               </l>
            </lg>
            <lg n="6" xml:id="o4672-s00500">
               <head>
                  <w xmlns:ecep="http://www.eighteenthcenturypoetry.org/ns"
                     xml:id="o4672-068840"
                     n="o4672/0045-a-0950"
                     ecep:lem="vi"
                     ecep:pos="crd"
                     ecep:reg="VI"
                     ecep:spe="VI"
                     ecep:syllab="1"
                     ecep:pron="ˈvaɪ">VI</w>
                  <pc xmlns:ecep="http://www.eighteenthcenturypoetry.org/ns"
                      xml:id="o4672-068850"
                      n="o4672/0045-a-0960"
                      unit="sentence"
                      ecep:lem="."
                      ecep:pos="."
                      ecep:reg="."
                      ecep:spe=".">.</pc>
               </head>
               <l xml:id="o4672-l01680">
                  <w xmlns:ecep="http://www.eighteenthcenturypoetry.org/ns"
                     xml:id="o4672-068870"
                     n="o4672/0045-a-0970"
                     ecep:lem="i"
                     ecep:pos="pns11"
                     ecep:reg="I"
                     ecep:spe="I"
                     ecep:syllab="1"
                     ecep:pron="aɪ">I</w>
                  <c> </c>
                  <w xmlns:ecep="http://www.eighteenthcenturypoetry.org/ns"
                     xml:id="o4672-068880"
                     n="o4672/0045-a-0980"
                     ecep:lem="hold"
                     ecep:pos="vvb"
                     ecep:reg="hold"
                     ecep:spe="hold"
                     ecep:syllab="1"
                     ecep:pron="həʊld">hold</w>
                  <c> </c>
                  <w xmlns:ecep="http://www.eighteenthcenturypoetry.org/ns"
                     xml:id="o4672-068890"
                     n="o4672/0045-a-0990"
                     ecep:lem="no"
                     ecep:pos="av-dx"
                     ecep:reg="no"
                     ecep:spe="no"
                     ecep:syllab="1"
                     ecep:pron="nəʊ">no</w>
                  <c> </c>
                  <w xmlns:ecep="http://www.eighteenthcenturypoetry.org/ns"
                     xml:id="o4672-068900"
                     n="o4672/0045-a-1000"
                     ecep:lem="more"
                     ecep:pos="dc"
                     ecep:reg="more"
                     ecep:spe="more"
                     ecep:syllab="1"
                     ecep:pron="mɔː">more</w>
                  <c> </c>
                  <w xmlns:ecep="http://www.eighteenthcenturypoetry.org/ns"
                     xml:id="o4672-068910"
                     n="o4672/0045-a-1010"
                     ecep:lem="commerce"
                     ecep:pos="n1"
                     ecep:reg="Commerce"
                     ecep:spe="Commerce"
                     ecep:syllab="2"
                     ecep:pron="ˈkɒmɜːs">Commerce</w>
                  <c> </c>
                  <w xmlns:ecep="http://www.eighteenthcenturypoetry.org/ns"
                     xml:id="o4672-068920"
                     n="o4672/0045-a-1020"
                     ecep:lem="with"
                     ecep:pos="p-acp"
                     ecep:reg="with"
                     ecep:spe="with"
                     ecep:syllab="1"
                     ecep:pron="wɪð">with</w>
                  <c> </c>
                  <w xmlns:ecep="http://www.eighteenthcenturypoetry.org/ns"
                     xml:id="o4672-068930"
                     n="o4672/0045-a-1030"
                     ecep:lem="hell"
                     ecep:pos="n1"
                     ecep:reg="Hell"
                     ecep:spe="Hell"
                     ecep:syllab="1"
                     ecep:pron="hel">Hell</w>
                  <pc xmlns:ecep="http://www.eighteenthcenturypoetry.org/ns"
                      xml:id="o4672-068940"
                      n="o4672/0045-a-1040"
                      ecep:lem=","
                      ecep:pos=","
                      ecep:reg=","
                      ecep:spe=",">,</pc>
               </l>
               <l xml:id="o4672-l01685">
                  <c> </c>
                  <w xmlns:ecep="http://www.eighteenthcenturypoetry.org/ns"
                     xml:id="o4672-068950"
                     n="o4672/0045-a-1050"
                     ecep:lem="my"
                     ecep:pos="po11"
                     ecep:reg="My"
                     ecep:spe="My"
                     ecep:syllab="1"
                     ecep:pron="maɪ">My</w>
                  <c> </c>
                  <w xmlns:ecep="http://www.eighteenthcenturypoetry.org/ns"
                     xml:id="o4672-068960"
                     n="o4672/0045-a-1060"
                     ecep:lem="dear"
                     ecep:pos="js-jn"
                     ecep:reg="dearest"
                     ecep:spe="dearest"
                     ecep:syllab="2"
                     ecep:pron="dɪəɪst">dearest</w>
                  <c> </c>
                  <w xmlns:ecep="http://www.eighteenthcenturypoetry.org/ns"
                     xml:id="o4672-068970"
                     n="o4672/0045-a-1070"
                     ecep:lem="lust"
                     ecep:pos="n2"
                     ecep:reg="Lusts"
                     ecep:spe="Lusts"
                     ecep:syllab="1"
                     ecep:pron="lʌsts">Lusts</w>
                  <c> </c>
                  <w xmlns:ecep="http://www.eighteenthcenturypoetry.org/ns"
                     xml:id="o4672-068980"
                     n="o4672/0045-a-1080"
                     ecep:lem="shall"
                     ecep:pos="vmb"
                     ecep:reg="shall"
                     ecep:spe="shall"
                     ecep:syllab="1"
                     ecep:pron="ʃæl">shall</w>
                  <c> </c>
                  <w xmlns:ecep="http://www.eighteenthcenturypoetry.org/ns"
                     xml:id="o4672-068990"
                     n="o4672/0045-a-1090"
                     ecep:lem="all"
                     ecep:pos="d"
                     ecep:reg="all"
                     ecep:spe="all"
                     ecep:syllab="1"
                     ecep:pron="ɔːl">all</w>
                  <c> </c>
                  <w xmlns:ecep="http://www.eighteenthcenturypoetry.org/ns"
                     xml:id="o4672-069000"
                     n="o4672/0045-a-1100"
                     ecep:lem="depart"
                     ecep:pos="vvi"
                     ecep:reg="depart"
                     ecep:spe="depart"
                     ecep:syllab="2"
                     ecep:pron="dɪˈpɑːt">depart</w>
                  <pc xmlns:ecep="http://www.eighteenthcenturypoetry.org/ns"
                      xml:id="o4672-069010"
                      n="o4672/0045-a-1110"
                      ecep:lem=";"
                      ecep:pos=";"
                      ecep:reg=";"
                      ecep:spe=";">;</pc>
               </l>
               <l xml:id="o4672-l01690">
                  <c> </c>
                  <w xmlns:ecep="http://www.eighteenthcenturypoetry.org/ns"
                     xml:id="o4672-069020"
                     n="o4672/0045-a-1120"
                     ecep:lem="but"
                     ecep:pos="cc-acp"
                     ecep:reg="But"
                     ecep:spe="But"
                     ecep:syllab="1"
                     ecep:pron="bʌt">But</w>
                  <c> </c>
                  <w xmlns:ecep="http://www.eighteenthcenturypoetry.org/ns"
                     xml:id="o4672-069030"
                     n="o4672/0045-a-1130"
                     ecep:lem="let"
                     ecep:pos="vvb"
                     ecep:reg="let"
                     ecep:spe="let"
                     ecep:syllab="1"
                     ecep:pron="let">let</w>
                  <c> </c>
                  <w xmlns:ecep="http://www.eighteenthcenturypoetry.org/ns"
                     xml:id="o4672-069040"
                     n="o4672/0045-a-1140"
                     ecep:lem="thy"
                     ecep:pos="po21"
                     ecep:reg="thine"
                     ecep:spe="thine"
                     ecep:syllab="1"
                     ecep:pron="ðaɪn">thine</w>
                  <c> </c>
                  <w xmlns:ecep="http://www.eighteenthcenturypoetry.org/ns"
                     xml:id="o4672-069050"
                     n="o4672/0045-a-1150"
                     ecep:lem="image"
                     ecep:pos="n1"
                     ecep:reg="Image"
                     ecep:spe="Image"
                     ecep:syllab="2"
                     ecep:pron="ˈɪmɪdʒ">Image</w>
                  <c> </c>
                  <w xmlns:ecep="http://www.eighteenthcenturypoetry.org/ns"
                     xml:id="o4672-069060"
                     n="o4672/0045-a-1160"
                     ecep:lem="ever"
                     ecep:pos="av"
                     ecep:reg="ever"
                     ecep:spe="ever"
                     ecep:syllab="2"
                     ecep:pron="ˈevə">ever</w>
                  <c> </c>
                  <w xmlns:ecep="http://www.eighteenthcenturypoetry.org/ns"
                     xml:id="o4672-069070"
                     n="o4672/0045-a-1170"
                     ecep:lem="dwell"
                     ecep:pos="vvi"
                     ecep:reg="dwell"
                     ecep:spe="dwell"
                     ecep:syllab="1"
                     ecep:pron="dwel">dwell</w>
               </l>
               <l xml:id="o4672-l01695">
                  <c> </c>
                  <w xmlns:ecep="http://www.eighteenthcenturypoetry.org/ns"
                     xml:id="o4672-069080"
                     n="o4672/0045-a-1180"
                     ecep:lem="stamp"
                     ecep:pos="vvn"
                     ecep:reg="Stamped"
                     ecep:spe="Stampt"
                     ecep:syllab="1"
                     ecep:pron="stˈæmpt">Stampt</w>
                  <c> </c>
                  <w xmlns:ecep="http://www.eighteenthcenturypoetry.org/ns"
                     xml:id="o4672-069090"
                     n="o4672/0045-a-1190"
                     ecep:lem="as"
                     ecep:pos="p-acp"
                     ecep:reg="as"
                     ecep:spe="as"
                     ecep:syllab="1"
                     ecep:pron="æz">as</w>
                  <c> </c>
                  <w xmlns:ecep="http://www.eighteenthcenturypoetry.org/ns"
                     xml:id="o4672-069100"
                     n="o4672/0045-a-1200"
                     ecep:lem="a"
                     ecep:pos="dt"
                     ecep:reg="a"
                     ecep:spe="a"
                     ecep:syllab="1"
                     ecep:pron="ə">a</w>
                  <c> </c>
                  <w xmlns:ecep="http://www.eighteenthcenturypoetry.org/ns"
                     xml:id="o4672-069110"
                     n="o4672/0045-a-1210"
                     ecep:lem="seal"
                     ecep:pos="vvb"
                     ecep:reg="Seal"
                     ecep:spe="Seal"
                     ecep:syllab="1"
                     ecep:pron="siːl">Seal</w>
                  <c> </c>
                  <w xmlns:ecep="http://www.eighteenthcenturypoetry.org/ns"
                     xml:id="o4672-069120"
                     n="o4672/0045-a-1220"
                     ecep:lem="upon"
                     ecep:pos="p-acp"
                     ecep:reg="upon"
                     ecep:spe="upon"
                     ecep:syllab="2"
                     ecep:pron="əˈpɒn">upon</w>
                  <c> </c>
                  <w xmlns:ecep="http://www.eighteenthcenturypoetry.org/ns"
                     xml:id="o4672-069130"
                     n="o4672/0045-a-1230"
                     ecep:lem="my"
                     ecep:pos="po11"
                     ecep:reg="my"
                     ecep:spe="my"
                     ecep:syllab="1"
                     ecep:pron="maɪ">my</w>
                  <c> </c>
                  <w xmlns:ecep="http://www.eighteenthcenturypoetry.org/ns"
                     xml:id="o4672-069140"
                     n="o4672/0045-a-1240"
                     ecep:lem="heart"
                     ecep:pos="n1"
                     ecep:reg="Heart"
                     ecep:spe="Heart"
                     ecep:syllab="1"
                     ecep:pron="hɑːt">Heart</w>
                  <pc xmlns:ecep="http://www.eighteenthcenturypoetry.org/ns"
                      xml:id="o4672-069150"
                      n="o4672/0045-a-1250"
                      unit="sentence"
                      ecep:lem="."
                      ecep:pos="."
                      ecep:reg="."
                      ecep:spe=".">.</pc>
                  <c> </c>
               </l>
            </lg>
         </div>
      </body>
   </text>
</TEI>
