<?xml version="1.0" encoding="UTF-8"?>
<?xml-model href="../tei_all.rnc" type="application/relax-ng-compact-syntax"?>
<TEI xmlns="http://www.tei-c.org/ns/1.0">
   <teiHeader>
      <fileDesc>
         <titleStmt>
            <title corresp="#txt_BarbMa1685_w0044">An Apology for my Son to his Master, for not bringing an Exercise on the Coronation Day.</title>
            <author corresp="authors.xml#aut_BarbMa1685">Mary Barber</author>
            <respStmt>
               <name xml:id="AH">Alexander Huber</name>
               <resp>Editor</resp>
            </respStmt>
            <funder>
               <name type="institution" xml:id="BOD">Bodleian Libraries, University of Oxford</name>
               <address>
                  <addrLine>Broad Street</addrLine>
                  <addrLine>Oxford OX1 3BG</addrLine>
                  <addrLine>UK</addrLine>
               </address>
            </funder>
         </titleStmt>
         <publicationStmt>
            <publisher xml:id="ECPA">Eighteenth-Century Poetry Archive</publisher>
            <address>
               <addrLine>Taylor Institution Library</addrLine>
               <addrLine>St Giles'</addrLine>
               <addrLine>Oxford OX1 3NA</addrLine>
               <addrLine>UK</addrLine>
               <addrLine>
                  <email>info@eighteenthcenturypoetry.org</email>
               </addrLine>
               <addrLine>
                  <ref target="https://www.eighteenthcenturypoetry.org/">https://www.eighteenthcenturypoetry.org/</ref>
               </addrLine>
            </address>
            <pubPlace>Oxford</pubPlace>
            <availability status="restricted">
               <licence target="http://creativecommons.org/licenses/by-sa/3.0/">This work is licensed under a Creative Commons Attribution-ShareAlike 3.0 Unported License.</licence>
            </availability>
            <idno type="ESTC">T42622</idno>
            <idno type="DMI">519</idno>
            <idno type="FOXON">p. 45</idno>
         </publicationStmt>
         <sourceDesc>
            <bibl>
               <author>Barber, Mary, ca. 1690-1757.</author>
               <title>Poems on Several Occasions [poems only].</title>
               <pubPlace>London</pubPlace>
               <publisher>Printed for C. Rivington, at the Bible and Crown in St. Paul's Church-Yard</publisher>
               <date>1734</date>
               <biblScope>pp. 97-98.</biblScope>
               <extent>xlviii,283,[7]p.; 8⁰.</extent>
            </bibl>
         </sourceDesc>
      </fileDesc>
      <encodingDesc>
         <projectDesc>
            <p>This e-text is part of the Works section of the Eighteenth-Century Poetry Archive (ECPA).</p>
            <p>XML created for the Eighteenth-Century Poetry Archive (ECPA).</p>
         </projectDesc>
         <editorialDecl>
            <p>Typography, spelling, capitalization, and punctuation have been cautiously modernized. The source of the text is given and all significant
						editorial interventions have been recorded in textual notes. This  text has been edited to conform to the recommendations found 
						in Level 5 of the
						Best Practices for TEI in Libraries version 4.0.0.
					</p>
         </editorialDecl>
         <classDecl>
            <taxonomy xml:id="LCNAF">
               <bibl>Library of Congress Name Authority File (<abbr>LCNAF</abbr>)</bibl>
            </taxonomy>
         </classDecl>
         <tagsDecl>
            <rendition n="linegroups indented" xml:id="lgindent" scheme="css">text-indent: 1em;</rendition>
            <rendition n="linegroups vertically spaced" xml:id="lgvspace" scheme="css">margin-bottom: 1em;</rendition>
            <rendition n="aligned centrally" xml:id="align-center" scheme="css">text-align: center;</rendition>
            <rendition n="aligned right" xml:id="align-right" scheme="css">text-align: right;</rendition>
            <rendition n="aligned left" xml:id="align-left" scheme="css">text-align: left;</rendition>
            <rendition n="inline" xml:id="inline" scheme="css">display: inline</rendition>
            <rendition n="italic" xml:id="i" scheme="css">font-style: italic;</rendition>
            <rendition n="bold" xml:id="b" scheme="css">font-weight: bold;</rendition>
         </tagsDecl>
      </encodingDesc>
   </teiHeader>
   <text>
      <body>
         <div xmlns:ecep="http://www.eighteenthcenturypoetry.org/ns"
              xmlns:tei="http://www.tei-c.org/ns/1.0"
              ana="#iamb #tetrameter #couplet #pair #occasional #apology"
              corresp="#txt_BarbMa1685_w0044"
              decls="#semi-normalized"
              ecep:syllab="8"
              met="-+|-+|-+|-+/"
              rendition="#lgvspace"
              rhyme="aa"
              subtype="eceptext"
              type="poem"
              xml:id="pba35-w0460">
            <link target="authors.xml#aut_BarbMa1685" type="author"/>
            <link target="11543" type="DMI"/>
            <head type="main">
               <w xml:id="pba35-125260"
                  n="a-0010"
                  ecep:lem="a"
                  ecep:pos="dt"
                  ecep:reg="An"
                  ecep:spe="An"
                  ecep:syllab="1"
                  ecep:pron="æn">An</w>
               <c> </c>
               <w xml:id="pba35-125270"
                  n="a-0020"
                  ecep:lem="apology"
                  ecep:pos="n1"
                  ecep:reg="Apology"
                  ecep:spe="Apology"
                  ecep:syllab="4"
                  ecep:pron="əˈpɒlədʒi">Apology</w>
               <c> </c>
               <w xml:id="pba35-125280"
                  n="a-0030"
                  ecep:lem="for"
                  ecep:pos="p-acp"
                  ecep:reg="for"
                  ecep:spe="for"
                  ecep:syllab="1"
                  ecep:pron="fɔː">for</w>
               <c> </c>
               <rs ref="authors.xml#aut_BarbCo1714" type="name">
                  <w xml:id="pba35-125290"
                     n="a-0040"
                     ecep:lem="my"
                     ecep:pos="po11"
                     ecep:reg="my"
                     ecep:spe="my"
                     ecep:syllab="1"
                     ecep:pron="maɪ">my</w>
                  <c> </c>
                  <w xml:id="pba35-125300"
                     n="a-0050"
                     ecep:lem="son"
                     ecep:pos="n1"
                     ecep:reg="Son"
                     ecep:spe="Son"
                     ecep:syllab="1"
                     ecep:pron="sʌn">Son</w>
               </rs>
               <c> </c>
               <w xml:id="pba35-125310"
                  n="a-0060"
                  ecep:lem="to"
                  ecep:pos="p-acp"
                  ecep:reg="to"
                  ecep:spe="to"
                  ecep:syllab="1"
                  ecep:pron="tuː">to</w>
               <c> </c>
               <w xml:id="pba35-125320"
                  n="a-0070"
                  ecep:lem="his"
                  ecep:pos="po31"
                  ecep:reg="his"
                  ecep:spe="his"
                  ecep:syllab="1"
                  ecep:pron="hɪz">his</w>
               <c> </c>
               <w xml:id="pba35-125330"
                  n="a-0080"
                  ecep:lem="master"
                  ecep:pos="n1"
                  ecep:reg="Master"
                  ecep:spe="Master"
                  ecep:syllab="2"
                  ecep:pron="ˈmɑːstə">Master</w>
               <pc xml:id="pba35-125340"
                   n="a-0090"
                   ecep:lem=","
                   ecep:pos=","
                   ecep:reg=","
                   ecep:spe=",">,</pc>
               <c> </c>
               <w xml:id="pba35-125350"
                  n="a-0100"
                  ecep:lem="for"
                  ecep:pos="c-acp"
                  ecep:reg="for"
                  ecep:spe="for"
                  ecep:syllab="1"
                  ecep:pron="fɔː">for</w>
               <c> </c>
               <w xml:id="pba35-125360"
                  n="a-0110"
                  ecep:lem="not"
                  ecep:pos="xx"
                  ecep:reg="not"
                  ecep:spe="not"
                  ecep:syllab="1"
                  ecep:pron="nɒt">not</w>
               <c> </c>
               <w xml:id="pba35-125370"
                  n="a-0120"
                  ecep:lem="bring"
                  ecep:pos="vvg"
                  ecep:reg="bringing"
                  ecep:spe="bringing"
                  ecep:syllab="2"
                  ecep:pron="brɪŋɪŋ">bringing</w>
               <c> </c>
               <w xml:id="pba35-125380"
                  n="a-0130"
                  ecep:lem="a"
                  ecep:pos="dt"
                  ecep:reg="an"
                  ecep:spe="an"
                  ecep:syllab="1"
                  ecep:pron="æn">an</w>
               <c> </c>
               <w xml:id="pba35-125390"
                  n="a-0140"
                  ecep:lem="exercise"
                  ecep:pos="n1"
                  ecep:reg="Exercise"
                  ecep:spe="Exercise"
                  ecep:syllab="3"
                  ecep:pron="ˈeksəsaɪz">Exercise</w>
               <c> </c>
               <w xml:id="pba35-125400"
                  n="a-0150"
                  ecep:lem="on"
                  ecep:pos="p-acp"
                  ecep:reg="on"
                  ecep:spe="on"
                  ecep:syllab="1"
                  ecep:pron="ɒn">on</w>
               <c> </c>
               <w xml:id="pba35-125410"
                  n="a-0160"
                  ecep:lem="the"
                  ecep:pos="dt"
                  ecep:reg="the"
                  ecep:spe="the"
                  ecep:syllab="1"
                  ecep:pron="ðiː">the</w>
               <c> </c>
               <w xml:id="pba35-125420"
                  n="a-0170"
                  ecep:lem="coronation"
                  ecep:pos="n1"
                  ecep:reg="Coronation"
                  ecep:spe="Coronation"
                  ecep:syllab="4"
                  ecep:pron="ˌkɒrəˈneɪʃn">Coronation</w>
               <c> </c>
               <w xml:id="pba35-125430"
                  n="a-0180"
                  ecep:lem="day"
                  ecep:pos="n1"
                  ecep:reg="Day"
                  ecep:spe="Day"
                  ecep:syllab="1"
                  ecep:pron="deɪ">Day</w>
               <note place="bottom"
                     n="[ed.]"
                     resp="#AH"
                     xml:id="app_BarbMa1685_w0044_n1">"George II was crowned on 11 October 1727." 
									(Tucker [1992], 215)
								</note>
               <pc xml:id="pba35-125440"
                   n="a-0190"
                   unit="sentence"
                   ecep:lem="."
                   ecep:pos="."
                   ecep:reg="."
                   ecep:spe=".">.</pc>
            </head>
            <lg xml:id="pba35-s00750">
               <l n="1" xml:id="pba35-l06255">
                  <hi rendition="#sc">
                     <w xml:id="pba35-125470"
                        n="a-0200"
                        ecep:lem="why"
                        ecep:pos="q-crq"
                        ecep:reg="Why"
                        ecep:spe="Why"
                        ecep:syllab="1"
                        ecep:pron="waɪ">Why</w>
                  </hi>
                  <c> </c>
                  <w xml:id="pba35-125480"
                     n="a-0210"
                     ecep:lem="be"
                     ecep:pos="vbr"
                     ecep:reg="are"
                     ecep:spe="are"
                     ecep:syllab="1"
                     ecep:pron="ɑː">are</w>
                  <c> </c>
                  <w xml:id="pba35-125490"
                     n="a-0220"
                     ecep:lem="we"
                     ecep:pos="pns12"
                     ecep:reg="we"
                     ecep:spe="we"
                     ecep:syllab="1"
                     ecep:pron="wiː">we</w>
                  <c> </c>
                  <w xml:id="pba35-125500"
                     n="a-0230"
                     ecep:lem="scholar"
                     ecep:pos="n2"
                     ecep:reg="Scholars"
                     ecep:spe="Scholars"
                     ecep:syllab="2"
                     ecep:pron="ˈskɒləz">Scholars</w>
                  <c> </c>
                  <w xml:id="pba35-125510"
                     n="a-0240"
                     ecep:lem="plague"
                     ecep:pos="vvd"
                     ecep:reg="plagued"
                     ecep:spe="plagu'd"
                     ecep:syllab="2"
                     ecep:pron="pleɪgd">plagu'd</w>
                  <c> </c>
                  <w xml:id="pba35-125520"
                     n="a-0250"
                     ecep:lem="to"
                     ecep:pos="pc-acp"
                     ecep:reg="to"
                     ecep:spe="to"
                     ecep:syllab="1"
                     ecep:pron="tuː">to</w>
                  <c> </c>
                  <w xml:id="pba35-125530"
                     n="a-0260"
                     ecep:lem="write"
                     ecep:pos="vvi"
                     ecep:reg="write"
                     ecep:spe="write"
                     ecep:syllab="1"
                     ecep:pron="raɪt">write</w>
                  <pc xml:id="pba35-125540"
                      n="a-0270"
                      ecep:lem=","
                      ecep:pos=","
                      ecep:reg=","
                      ecep:spe=",">,</pc>
               </l>
               <l n="2" xml:id="pba35-l06260">
                  <c> </c>
                  <w xml:id="pba35-125550"
                     n="a-0280"
                     ecep:lem="on"
                     ecep:pos="p-acp"
                     ecep:reg="On"
                     ecep:spe="On"
                     ecep:syllab="1"
                     ecep:pron="ɒn">On</w>
                  <c> </c>
                  <w xml:id="pba35-125560"
                     n="a-0290"
                     ecep:lem="day"
                     ecep:pos="n2"
                     ecep:reg="Days"
                     ecep:spe="Days"
                     ecep:syllab="1"
                     ecep:pron="deɪz">Days</w>
                  <c> </c>
                  <w xml:id="pba35-125570"
                     n="a-0300"
                     ecep:lem="devote"
                     ecep:pos="vvn"
                     ecep:reg="devoted"
                     ecep:spe="devoted"
                     ecep:syllab="3"
                     ecep:pron="dɪˈvəʊtɪd">devoted</w>
                  <c> </c>
                  <w xml:id="pba35-125580"
                     n="a-0310"
                     ecep:lem="to"
                     ecep:pos="p-acp"
                     ecep:reg="to"
                     ecep:spe="to"
                     ecep:syllab="1"
                     ecep:pron="tuː">to</w>
                  <c> </c>
                  <w xml:id="pba35-125590"
                     n="a-0320"
                     ecep:lem="delight"
                     ecep:pos="n1"
                     ecep:reg="Delight"
                     ecep:spe="Delight"
                     ecep:syllab="2"
                     ecep:pron="dɪˈlaɪt">Delight</w>
                  <pc xml:id="pba35-125600"
                      n="a-0330"
                      unit="sentence"
                      ecep:lem="?"
                      ecep:pos="?"
                      ecep:reg="?"
                      ecep:spe="?">?</pc>
                  <c> </c>
               </l>
               <l n="3" xml:id="pba35-l06265">
                  <w xml:id="pba35-125610"
                     n="a-0340"
                     ecep:lem="in"
                     ecep:pos="p-acp"
                     ecep:reg="In"
                     ecep:spe="In"
                     ecep:syllab="1"
                     ecep:pron="ɪn">In</w>
                  <c> </c>
                  <w xml:id="pba35-125620"
                     n="a-0350"
                     ecep:lem="honour"
                     ecep:pos="n1"
                     ecep:reg="Honour"
                     ecep:spe="Honour"
                     ecep:syllab="2"
                     ecep:pron="ˈɒnə">Honour</w>
                  <c> </c>
                  <w xml:id="pba35-125630"
                     n="a-0360"
                     ecep:lem="of"
                     ecep:pos="pp-f"
                     ecep:reg="of"
                     ecep:spe="of"
                     ecep:syllab="1"
                     ecep:pron="ɒv">of</w>
                  <c> </c>
                  <w xml:id="pba35-125640"
                     n="a-0370"
                     ecep:lem="the"
                     ecep:pos="dt"
                     ecep:reg="the"
                     ecep:spe="the"
                     ecep:syllab="1"
                     ecep:pron="ðiː">the</w>
                  <c> </c>
                  <hi rendition="#sc">
                     <w xml:id="pba35-125650"
                        n="a-0380"
                        ecep:lem="king"
                        ecep:pos="n1"
                        ecep:reg="King"
                        ecep:spe="King"
                        ecep:syllab="1"
                        ecep:pron="kɪŋ">King</w>
                  </hi>
                  <pc xml:id="pba35-125660"
                      n="a-0390"
                      ecep:lem=","
                      ecep:pos=","
                      ecep:reg=","
                      ecep:spe=",">,</pc>
                  <c> </c>
                  <w xml:id="pba35-125670"
                     n="a-0400"
                     ecep:lem="i|will"
                     ecep:pos="pns11|vmd"
                     ecep:reg="I'd"
                     ecep:spe="I'd"
                     ecep:syllab="1"
                     ecep:pron="ˈaɪd">I'd</w>
                  <c> </c>
                  <w xml:id="pba35-125680"
                     n="a-0410"
                     ecep:lem="play"
                     ecep:pos="vvi"
                     ecep:reg="play"
                     ecep:spe="play"
                     ecep:syllab="1"
                     ecep:pron="pleɪ">play</w>
               </l>
               <l n="4" xml:id="pba35-l06270">
                  <c> </c>
                  <w xml:id="pba35-125690"
                     n="a-0420"
                     ecep:lem="upon"
                     ecep:pos="p-acp"
                     ecep:reg="Upon"
                     ecep:spe="Upon"
                     ecep:syllab="2"
                     ecep:pron="əˈpɒn">Upon</w>
                  <c> </c>
                  <w xml:id="pba35-125700"
                     n="a-0430"
                     ecep:lem="his"
                     ecep:pos="po31"
                     ecep:reg="his"
                     ecep:spe="his"
                     ecep:syllab="1"
                     ecep:pron="hɪz">his</w>
                  <c> </c>
                  <w xml:id="pba35-125710"
                     n="a-0440"
                     ecep:lem="coronation"
                     ecep:pos="n1"
                     ecep:reg="Coronation"
                     ecep:spe="Coronation"
                     ecep:syllab="4"
                     ecep:pron="ˌkɒrəˈneɪʃn">Coronation</w>
                  <c> </c>
                  <w xml:id="pba35-125720"
                     n="a-0450"
                     ecep:lem="day"
                     ecep:pos="n1"
                     ecep:reg="Day"
                     ecep:spe="Day"
                     ecep:syllab="1"
                     ecep:pron="deɪ">Day</w>
                  <pc xml:id="pba35-125730"
                      n="a-0460"
                      ecep:lem=":"
                      ecep:pos=":"
                      ecep:reg=":"
                      ecep:spe=":">:</pc>
               </l>
               <l n="5" xml:id="pba35-l06275">
                  <c> </c>
                  <w xml:id="pba35-125740"
                     n="a-0470"
                     ecep:lem="but"
                     ecep:pos="cc-acp"
                     ecep:reg="But"
                     ecep:spe="But"
                     ecep:syllab="1"
                     ecep:pron="bʌt">But</w>
                  <c> </c>
                  <w xml:id="pba35-125750"
                     n="a-0480"
                     ecep:lem="as"
                     ecep:pos="c-acp"
                     ecep:reg="as"
                     ecep:spe="as"
                     ecep:syllab="1"
                     ecep:pron="æz">as</w>
                  <c> </c>
                  <w xml:id="pba35-125760"
                     n="a-0490"
                     ecep:lem="for"
                     ecep:pos="p-acp"
                     ecep:reg="for"
                     ecep:spe="for"
                     ecep:syllab="1"
                     ecep:pron="fɔː">for</w>
                  <c> </c>
                  <w xml:id="pba35-125770"
                     n="a-0500"
                     ecep:lem="loyalty"
                     ecep:pos="n1"
                     ecep:reg="Loyalty"
                     ecep:spe="Loyalty"
                     ecep:syllab="3"
                     ecep:pron="ˈlɔɪəlti">Loyalty</w>
                  <c> </c>
                  <w xml:id="pba35-125780"
                     n="a-0510"
                     ecep:lem="in"
                     ecep:pos="p-acp"
                     ecep:reg="in"
                     ecep:spe="in"
                     ecep:syllab="1"
                     ecep:pron="ɪn">in</w>
                  <c> </c>
                  <w xml:id="pba35-125790"
                     n="a-0520"
                     ecep:lem="rhyme"
                     ecep:pos="n1"
                     ecep:reg="Rhyme"
                     ecep:spe="Rhyme"
                     ecep:syllab="1"
                     ecep:pron="raɪm">Rhyme</w>
                  <pc xml:id="pba35-125800"
                      n="a-0530"
                      ecep:lem=","
                      ecep:pos=","
                      ecep:reg=","
                      ecep:spe=",">,</pc>
               </l>
               <l n="6" xml:id="pba35-l06280">
                  <c> </c>
                  <w xml:id="pba35-125810"
                     n="a-0540"
                     ecep:lem="defer"
                     ecep:pos="vvb"
                     ecep:reg="Defer"
                     ecep:spe="Defer"
                     ecep:syllab="2"
                     ecep:pron="dɪˈfɜː">Defer</w>
                  <c> </c>
                  <w xml:id="pba35-125820"
                     n="a-0550"
                     ecep:lem="that"
                     ecep:pos="d"
                     ecep:reg="that"
                     ecep:spe="that"
                     ecep:syllab="1"
                     ecep:pron="ðæt">that</w>
                  <c> </c>
                  <w xml:id="pba35-125830"
                     n="a-0560"
                     ecep:lem="to"
                     ecep:pos="p-acp"
                     ecep:reg="to"
                     ecep:spe="to"
                     ecep:syllab="1"
                     ecep:pron="tuː">to</w>
                  <c> </c>
                  <w xml:id="pba35-125840"
                     n="a-0570"
                     ecep:lem="another"
                     ecep:pos="j-jn"
                     ecep:reg="another"
                     ecep:spe="another"
                     ecep:syllab="3"
                     ecep:pron="əˈnʌðə">another</w>
                  <c> </c>
                  <w xml:id="pba35-125850"
                     n="a-0580"
                     ecep:lem="time"
                     ecep:pos="n1"
                     ecep:reg="Time"
                     ecep:spe="Time"
                     ecep:syllab="1"
                     ecep:pron="taɪm">Time</w>
                  <pc xml:id="pba35-125860"
                      n="a-0590"
                      unit="sentence"
                      ecep:lem="."
                      ecep:pos="."
                      ecep:reg="."
                      ecep:spe=".">.</pc>
                  <c> </c>
               </l>
            </lg>
            <lg xml:id="pba35-s00755">
               <l n="7" xml:id="pba35-l06285">
                  <hi rendition="#sc">
                     <w xml:id="pba35-125890"
                        n="a-0600"
                        ecep:lem="now"
                        ecep:pos="av"
                        ecep:reg="Now"
                        ecep:spe="Now"
                        ecep:syllab="1"
                        ecep:pron="naʊ">Now</w>
                  </hi>
                  <c> </c>
                  <w xml:id="pba35-125900"
                     n="a-0610"
                     ecep:lem="to"
                     ecep:pos="pc-acp"
                     ecep:reg="to"
                     ecep:spe="to"
                     ecep:syllab="1"
                     ecep:pron="tuː">to</w>
                  <c> </c>
                  <w xml:id="pba35-125910"
                     n="a-0620"
                     ecep:lem="excuse"
                     ecep:pos="vvi"
                     ecep:reg="excuse"
                     ecep:spe="excuse"
                     ecep:syllab="2"
                     ecep:pron="ɪkˈskjuːz">excuse</w>
                  <c> </c>
                  <w xml:id="pba35-125920"
                     n="a-0630"
                     ecep:lem="this"
                     ecep:pos="d"
                     ecep:reg="this"
                     ecep:spe="this"
                     ecep:syllab="1"
                     ecep:pron="ðɪs">this</w>
                  <c> </c>
                  <w xml:id="pba35-125930"
                     n="a-0640"
                     ecep:lem="to"
                     ecep:pos="p-acp"
                     ecep:reg="to"
                     ecep:spe="to"
                     ecep:syllab="1"
                     ecep:pron="tuː">to</w>
                  <c> </c>
                  <w xml:id="pba35-125940"
                     n="a-0650"
                     ecep:lem="my"
                     ecep:pos="po11"
                     ecep:reg="my"
                     ecep:spe="my"
                     ecep:syllab="1"
                     ecep:pron="maɪ">my</w>
                  <c> </c>
                  <w xml:id="pba35-125950"
                     n="a-0660"
                     ecep:lem="master"
                     ecep:pos="n1"
                     ecep:reg="Master"
                     ecep:spe="Master"
                     ecep:syllab="2"
                     ecep:pron="ˈmɑːstə">Master</w>
                  <c> </c>
                  <pc xml:id="pba35-125960"
                      n="a-0670"
                      ecep:lem="—"
                      ecep:pos="—"
                      ecep:reg="—"
                      ecep:spe="—">—</pc>
               </l>
               <l n="8" xml:id="pba35-l06290">
                  <c> </c>
                  <pc xml:id="pba35-125970"
                      n="a-0680"
                      ecep:lem="("
                      ecep:pos="("
                      ecep:reg="("
                      ecep:spe="(">(</pc>
                  <w xml:id="pba35-125980"
                     n="a-0690"
                     ecep:lem="this"
                     ecep:pos="d"
                     ecep:reg="This"
                     ecep:spe="This"
                     ecep:syllab="1"
                     ecep:pron="ðɪs">This</w>
                  <c> </c>
                  <w xml:id="pba35-125990"
                     n="a-0700"
                     ecep:lem="want"
                     ecep:pos="vvb"
                     ecep:reg="Want"
                     ecep:spe="Want"
                     ecep:syllab="1"
                     ecep:pron="wɒnt">Want</w>
                  <c> </c>
                  <w xml:id="pba35-126000"
                     n="a-0710"
                     ecep:lem="of"
                     ecep:pos="pp-f"
                     ecep:reg="of"
                     ecep:spe="of"
                     ecep:syllab="1"
                     ecep:pron="ɒv">of</w>
                  <c> </c>
                  <w xml:id="pba35-126010"
                     n="a-0720"
                     ecep:lem="rhyme"
                     ecep:pos="ng1"
                     ecep:reg="Rhyme's"
                     ecep:spe="Rhyme's"
                     ecep:syllab="1"
                     ecep:pron="raɪmz">Rhyme's</w>
                  <c> </c>
                  <w xml:id="pba35-126020"
                     n="a-0730"
                     ecep:lem="a"
                     ecep:pos="av"
                     ecep:reg="a"
                     ecep:spe="a"
                     ecep:syllab="1"
                     ecep:pron="ə">a</w>
                  <c> </c>
                  <w xml:id="pba35-126030"
                     n="a-0740"
                     ecep:lem="sad"
                     ecep:pos="j"
                     ecep:reg="sad"
                     ecep:spe="sad"
                     ecep:syllab="1"
                     ecep:pron="sæd">sad</w>
                  <c> </c>
                  <w xml:id="pba35-126040"
                     n="a-0750"
                     ecep:lem="disaster"
                     ecep:pos="n1"
                     ecep:reg="Disaster"
                     ecep:spe="Disaster"
                     ecep:syllab="3"
                     ecep:pron="dɪˈzɑːstə">Disaster</w>
                  <pc xml:id="pba35-126050"
                      n="a-0760"
                      ecep:lem=")"
                      ecep:pos=")"
                      ecep:reg=")"
                      ecep:spe=")">)</pc>
               </l>
               <l n="9" xml:id="pba35-l06295">
                  <c> </c>
                  <w xml:id="pba35-126060"
                     n="a-0770"
                     ecep:lem="sir"
                     ecep:pos="n1"
                     ecep:reg="Sir"
                     ecep:spe="Sir"
                     ecep:syllab="1"
                     ecep:pron="sɜː">Sir</w>
                  <pc xml:id="pba35-126070"
                      n="a-0780"
                      ecep:lem=","
                      ecep:pos=","
                      ecep:reg=","
                      ecep:spe=",">,</pc>
                  <c> </c>
                  <w xml:id="pba35-126080"
                     n="a-0790"
                     ecep:lem="we"
                     ecep:pos="pns12"
                     ecep:reg="we"
                     ecep:spe="we"
                     ecep:syllab="1"
                     ecep:pron="wiː">we</w>
                  <c> </c>
                  <w xml:id="pba35-126090"
                     n="a-0800"
                     ecep:lem="confess"
                     ecep:pos="vvb"
                     ecep:reg="confess"
                     ecep:spe="confess"
                     ecep:syllab="2"
                     ecep:pron="kənˈfes">confess</w>
                  <c> </c>
                  <w xml:id="pba35-126100"
                     n="a-0810"
                     ecep:lem="you"
                     ecep:pos="pn22"
                     ecep:reg="you"
                     ecep:spe="you"
                     ecep:syllab="1"
                     ecep:pron="juː">you</w>
                  <c> </c>
                  <w xml:id="pba35-126110"
                     n="a-0820"
                     ecep:lem="take"
                     ecep:pos="vvb"
                     ecep:reg="take"
                     ecep:spe="take"
                     ecep:syllab="1"
                     ecep:pron="teɪk">take</w>
                  <c> </c>
                  <w xml:id="pba35-126120"
                     n="a-0830"
                     ecep:lem="great"
                     ecep:pos="j"
                     ecep:reg="great"
                     ecep:spe="great"
                     ecep:syllab="1"
                     ecep:pron="greɪt">great</w>
                  <c> </c>
                  <w xml:id="pba35-126130"
                     n="a-0840"
                     ecep:lem="pain"
                     ecep:pos="n2"
                     ecep:reg="Pains"
                     ecep:spe="Pains"
                     ecep:syllab="1"
                     ecep:pron="peɪnz">Pains</w>
                  <pc xml:id="pba35-126140"
                      n="a-0850"
                      ecep:lem=","
                      ecep:pos=","
                      ecep:reg=","
                      ecep:spe=",">,</pc>
               </l>
               <l n="10" xml:id="pba35-l06300">
                  <c> </c>
                  <w xml:id="pba35-126150"
                     n="a-0860"
                     ecep:lem="and"
                     ecep:pos="cc"
                     ecep:reg="And"
                     ecep:spe="And"
                     ecep:syllab="1"
                     ecep:pron="ænd">And</w>
                  <c> </c>
                  <w xml:id="pba35-126160"
                     n="a-0870"
                     ecep:lem="break"
                     ecep:pos="vvb"
                     ecep:reg="break"
                     ecep:spe="break"
                     ecep:syllab="1"
                     ecep:pron="breɪk">break</w>
                  <c> </c>
                  <w xml:id="pba35-126170"
                     n="a-0880"
                     ecep:lem="your"
                     ecep:pos="po22"
                     ecep:reg="your"
                     ecep:spe="your"
                     ecep:syllab="1"
                     ecep:pron="jɔː">your</w>
                  <c> </c>
                  <w xml:id="pba35-126180"
                     n="a-0890"
                     ecep:lem="own"
                     ecep:pos="d"
                     ecep:reg="own"
                     ecep:spe="own"
                     ecep:syllab="1"
                     ecep:pron="əʊn">own</w>
                  <pc xml:id="pba35-126190"
                      n="a-0900"
                      ecep:lem=","
                      ecep:pos=","
                      ecep:reg=","
                      ecep:spe=",">,</pc>
                  <c> </c>
                  <w xml:id="pba35-126200"
                     n="a-0910"
                     ecep:lem="to"
                     ecep:pos="pc-acp"
                     ecep:reg="to"
                     ecep:spe="to"
                     ecep:syllab="1"
                     ecep:pron="tuː">to</w>
                  <c> </c>
                  <w xml:id="pba35-126210"
                     n="a-0920"
                     ecep:lem="mend"
                     ecep:pos="vvi"
                     ecep:reg="mend"
                     ecep:spe="mend"
                     ecep:syllab="1"
                     ecep:pron="mend">mend</w>
                  <c> </c>
                  <w xml:id="pba35-126220"
                     n="a-0930"
                     ecep:lem="our"
                     ecep:pos="po12"
                     ecep:reg="our"
                     ecep:spe="our"
                     ecep:syllab="1"
                     ecep:pron="æə">our</w>
                  <c> </c>
                  <w xml:id="pba35-126230"
                     n="a-0940"
                     ecep:lem="brain"
                     ecep:pos="n2"
                     ecep:reg="Brains"
                     ecep:spe="Brains"
                     ecep:syllab="1"
                     ecep:pron="breɪnz">Brains</w>
                  <pc xml:id="pba35-126240"
                      n="a-0950"
                      unit="sentence"
                      ecep:lem="."
                      ecep:pos="."
                      ecep:reg="."
                      ecep:spe=".">.</pc>
                  <c> </c>
               </l>
               <l n="11" xml:id="pba35-l06305">
                  <w xml:id="pba35-126250"
                     n="a-0960"
                     ecep:lem="you"
                     ecep:pos="pn22"
                     ecep:reg="You"
                     ecep:spe="You"
                     ecep:syllab="1"
                     ecep:pron="juː">You</w>
                  <c> </c>
                  <w xml:id="pba35-126260"
                     n="a-0970"
                     ecep:lem="strive"
                     ecep:pos="vvb"
                     ecep:reg="strive"
                     ecep:spe="strive"
                     ecep:syllab="1"
                     ecep:pron="straɪv">strive</w>
                  <c> </c>
                  <w xml:id="pba35-126270"
                     n="a-0980"
                     ecep:lem="to"
                     ecep:pos="pc-acp"
                     ecep:reg="to"
                     ecep:spe="to"
                     ecep:syllab="1"
                     ecep:pron="tuː">to</w>
                  <c> </c>
                  <w xml:id="pba35-126280"
                     n="a-0990"
                     ecep:lem="make"
                     ecep:pos="vvi"
                     ecep:reg="make"
                     ecep:spe="make"
                     ecep:syllab="1"
                     ecep:pron="meɪk">make</w>
                  <c> </c>
                  <w xml:id="pba35-126290"
                     n="a-1000"
                     ecep:lem="we"
                     ecep:pos="pno12"
                     ecep:reg="us"
                     ecep:spe="us"
                     ecep:syllab="1"
                     ecep:pron="ʌs">us</w>
                  <c> </c>
                  <w xml:id="pba35-126300"
                     n="a-1010"
                     ecep:lem="learn"
                     ecep:pos="vvn"
                     ecep:reg="learnt"
                     ecep:spe="learn'd"
                     ecep:syllab="1"
                     ecep:pron="ˈlɜːnɪd">learn'd</w>
                  <pc xml:id="pba35-126310"
                      n="a-1020"
                      ecep:lem=","
                      ecep:pos=","
                      ecep:reg=","
                      ecep:spe=",">,</pc>
                  <c> </c>
                  <w xml:id="pba35-126320"
                     n="a-1030"
                     ecep:lem="and"
                     ecep:pos="cc"
                     ecep:reg="and"
                     ecep:spe="and"
                     ecep:syllab="1"
                     ecep:pron="ænd">and</w>
                  <c> </c>
                  <w xml:id="pba35-126330"
                     n="a-1040"
                     ecep:lem="wise"
                     ecep:pos="j"
                     ecep:reg="wise"
                     ecep:spe="wise"
                     ecep:syllab="1"
                     ecep:pron="waɪz">wise</w>
                  <pc xml:id="pba35-126340"
                      n="a-1050"
                      ecep:lem=";"
                      ecep:pos=";"
                      ecep:reg=";"
                      ecep:spe=";">;</pc>
               </l>
               <l n="12" xml:id="pba35-l06310">
                  <c> </c>
                  <w xml:id="pba35-126350"
                     n="a-1060"
                     ecep:lem="but"
                     ecep:pos="cc-acp"
                     ecep:reg="But"
                     ecep:spe="But"
                     ecep:syllab="1"
                     ecep:pron="bʌt">But</w>
                  <c> </c>
                  <w xml:id="pba35-126360"
                     n="a-1070"
                     ecep:lem="to"
                     ecep:pos="p-acp"
                     ecep:reg="to"
                     ecep:spe="to"
                     ecep:syllab="1"
                     ecep:pron="tuː">to</w>
                  <c> </c>
                  <w xml:id="pba35-126370"
                     n="a-1080"
                     ecep:lem="what"
                     ecep:pos="q-crq"
                     ecep:reg="what"
                     ecep:spe="what"
                     ecep:syllab="1"
                     ecep:pron="wɒt">what</w>
                  <c> </c>
                  <w xml:id="pba35-126380"
                     n="a-1090"
                     ecep:lem="end"
                     ecep:pos="n1"
                     ecep:reg="End"
                     ecep:spe="End"
                     ecep:syllab="1"
                     ecep:pron="end">End</w>
                  <pc xml:id="pba35-126390"
                      n="a-1100"
                      ecep:lem="?"
                      ecep:pos="?"
                      ecep:reg="?"
                      ecep:spe="?">?</pc>
                  <c> </c>
                  <pc xml:id="pba35-126400"
                      n="a-1110"
                      ecep:lem="—"
                      ecep:pos="—"
                      ecep:reg="—"
                      ecep:spe="—">—</pc>
                  <c> </c>
                  <w xml:id="pba35-126410"
                     n="a-1120"
                     ecep:lem="we"
                     ecep:pos="pns12"
                     ecep:reg="We"
                     ecep:spe="We"
                     ecep:syllab="1"
                     ecep:pron="wiː">We</w>
                  <c> </c>
                  <w xml:id="pba35-126420"
                     n="a-1130"
                     ecep:lem="shall"
                     ecep:pos="vmb"
                     ecep:reg="shall"
                     ecep:spe="shall"
                     ecep:syllab="1"
                     ecep:pron="ʃæl">shall</w>
                  <c> </c>
                  <w xml:id="pba35-126430"
                     n="a-1140"
                     ecep:lem="not"
                     ecep:pos="xx"
                     ecep:reg="not"
                     ecep:spe="not"
                     ecep:syllab="1"
                     ecep:pron="nɒt">not</w>
                  <c> </c>
                  <w xml:id="pba35-126440"
                     n="a-1150"
                     ecep:lem="rise"
                     ecep:pos="vvi"
                     ecep:reg="rise"
                     ecep:spe="rise"
                     ecep:syllab="1"
                     ecep:pron="raɪz">rise</w>
                  <pc xml:id="pba35-126450"
                      n="a-1160"
                      ecep:lem=":"
                      ecep:pos=":"
                      ecep:reg=":"
                      ecep:spe=":">:</pc>
               </l>
               <pb facs="pba35/0152" n="98" rend="none"/>
               <l n="13" xml:id="pba35-l06315">
                  <c> </c>
                  <w xml:id="pba35-126460"
                     n="a-0010"
                     ecep:lem="in"
                     ecep:pos="p-acp"
                     ecep:reg="In"
                     ecep:spe="In"
                     ecep:syllab="1"
                     ecep:pron="ɪn">In</w>
                  <c> </c>
                  <w xml:id="pba35-126470"
                     n="a-0020"
                     ecep:lem="vain"
                     ecep:pos="j"
                     ecep:reg="vain"
                     ecep:spe="vain"
                     ecep:syllab="1"
                     ecep:pron="veɪn">vain</w>
                  <c> </c>
                  <w xml:id="pba35-126480"
                     n="a-0030"
                     ecep:lem="shall"
                     ecep:pos="vmd"
                     ecep:reg="should"
                     ecep:spe="should"
                     ecep:syllab="1"
                     ecep:pron="ʃʊd">should</w>
                  <c> </c>
                  <w xml:id="pba35-126490"
                     n="a-0040"
                     ecep:lem="at"
                     ecep:pos="p-acp"
                     ecep:reg="at"
                     ecep:spe="at"
                     ecep:syllab="1"
                     ecep:pron="æt">at</w>
                  <c> </c>
                  <w xml:id="pba35-126500"
                     n="a-0050"
                     ecep:lem="preferment"
                     ecep:pos="n1"
                     ecep:reg="Preferment"
                     ecep:spe="Preferment"
                     ecep:syllab="3"
                     ecep:pron="prɪˈfɜːmənt">Preferment</w>
                  <c> </c>
                  <w xml:id="pba35-126510"
                     n="a-0060"
                     ecep:lem="aim"
                     ecep:pos="n1"
                     ecep:reg="aim"
                     ecep:spe="aim"
                     ecep:syllab="1"
                     ecep:pron="eɪm">aim</w>
                  <pc xml:id="pba35-126520"
                      n="a-0070"
                      ecep:lem=","
                      ecep:pos=","
                      ecep:reg=","
                      ecep:spe=",">,</pc>
               </l>
               <l n="14" xml:id="pba35-l06320">
                  <c> </c>
                  <w xml:id="pba35-126530"
                     n="a-0080"
                     ecep:lem="while"
                     ecep:pos="cs"
                     ecep:reg="While"
                     ecep:spe="Whilst"
                     ecep:syllab="1"
                     ecep:pron="waɪlst">Whilst</w>
                  <c> </c>
                  <w xml:id="pba35-126540"
                     n="a-0090"
                     ecep:lem="stranger"
                     ecep:pos="n2"
                     ecep:reg="Strangers"
                     ecep:spe="Strangers"
                     ecep:syllab="2"
                     ecep:pron="ˈstreɪndʒəz">Strangers</w>
                  <c> </c>
                  <w xml:id="pba35-126550"
                     n="a-0100"
                     ecep:lem="make"
                     ecep:pos="vvb"
                     ecep:reg="make"
                     ecep:spe="make"
                     ecep:syllab="1"
                     ecep:pron="meɪk">make</w>
                  <c> </c>
                  <w xml:id="pba35-126560"
                     n="a-0110"
                     ecep:lem="their"
                     ecep:pos="po32"
                     ecep:reg="their"
                     ecep:spe="their"
                     ecep:syllab="1"
                     ecep:pron="ðeə">their</w>
                  <c> </c>
                  <w xml:id="pba35-126570"
                     n="a-0120"
                     ecep:lem="happy"
                     ecep:pos="jc"
                     ecep:reg="happier"
                     ecep:spe="happier"
                     ecep:syllab="2"
                     ecep:pron="ˈhæpiə">happier</w>
                  <c> </c>
                  <w xml:id="pba35-126580"
                     n="a-0130"
                     ecep:lem="claim"
                     ecep:pos="n1"
                     ecep:reg="Claim"
                     ecep:spe="Claim"
                     ecep:syllab="1"
                     ecep:pron="kleɪm">Claim</w>
                  <pc xml:id="pba35-126590"
                      n="a-0140"
                      unit="sentence"
                      ecep:lem="."
                      ecep:pos="."
                      ecep:reg="."
                      ecep:spe=".">.</pc>
                  <c> </c>
               </l>
               <l n="15" xml:id="pba35-l06325">
                  <w xml:id="pba35-126600"
                     n="a-0150"
                     ecep:lem="why"
                     ecep:pos="q-crq"
                     ecep:reg="Why"
                     ecep:spe="Why"
                     ecep:syllab="1"
                     ecep:pron="waɪ">Why</w>
                  <c> </c>
                  <w xml:id="pba35-126610"
                     n="a-0160"
                     ecep:lem="shall"
                     ecep:pos="vmd"
                     ecep:reg="should"
                     ecep:spe="should"
                     ecep:syllab="1"
                     ecep:pron="ʃʊd">should</w>
                  <c> </c>
                  <w xml:id="pba35-126620"
                     n="a-0170"
                     ecep:lem="we"
                     ecep:pos="pns12"
                     ecep:reg="we"
                     ecep:spe="we"
                     ecep:syllab="1"
                     ecep:pron="wiː">we</w>
                  <c> </c>
                  <w xml:id="pba35-126630"
                     n="a-0180"
                     ecep:lem="labour"
                     ecep:pos="vvi"
                     ecep:reg="labour"
                     ecep:spe="labour"
                     ecep:syllab="2"
                     ecep:pron="ˈleɪbə">labour</w>
                  <c> </c>
                  <w xml:id="pba35-126640"
                     n="a-0190"
                     ecep:lem="to"
                     ecep:pos="pc-acp"
                     ecep:reg="to"
                     ecep:spe="to"
                     ecep:syllab="1"
                     ecep:pron="tuː">to</w>
                  <c> </c>
                  <w xml:id="pba35-126650"
                     n="a-0200"
                     ecep:lem="excel"
                     ecep:pos="vvi"
                     ecep:reg="excel"
                     ecep:spe="excel"
                     ecep:syllab="2"
                     ecep:pron="ɪkˈsel">excel</w>
                  <pc xml:id="pba35-126660"
                      n="a-0210"
                      ecep:lem=","
                      ecep:pos=","
                      ecep:reg=","
                      ecep:spe=",">,</pc>
               </l>
               <l n="16" xml:id="pba35-l06330">
                  <c> </c>
                  <w xml:id="pba35-126670"
                     n="a-0220"
                     ecep:lem="doom"
                     ecep:pos="vvn"
                     ecep:reg="Doomed"
                     ecep:spe="Doom'd"
                     ecep:syllab="1"
                     ecep:pron="duːmd">Doom'd</w>
                  <c> </c>
                  <w xml:id="pba35-126680"
                     n="a-0230"
                     ecep:lem="in"
                     ecep:pos="p-acp"
                     ecep:reg="in"
                     ecep:spe="in"
                     ecep:syllab="1"
                     ecep:pron="ɪn">in</w>
                  <c> </c>
                  <w xml:id="pba35-126690"
                     n="a-0240"
                     ecep:lem="obscurity"
                     ecep:pos="n1"
                     ecep:reg="Obscurity"
                     ecep:spe="Obscurity"
                     ecep:syllab="4"
                     ecep:pron="əbˈskjʊərəti">Obscurity</w>
                  <c> </c>
                  <w xml:id="pba35-126700"
                     n="a-0250"
                     ecep:lem="to"
                     ecep:pos="pc-acp"
                     ecep:reg="to"
                     ecep:spe="to"
                     ecep:syllab="1"
                     ecep:pron="tuː">to</w>
                  <c> </c>
                  <w xml:id="pba35-126710"
                     n="a-0260"
                     ecep:lem="dwell"
                     ecep:pos="vvi"
                     ecep:reg="dwell"
                     ecep:spe="dwell"
                     ecep:syllab="1"
                     ecep:pron="dwel">dwell</w>
                  <pc xml:id="pba35-126720"
                      n="a-0270"
                      unit="sentence"
                      ecep:lem="?"
                      ecep:pos="?"
                      ecep:reg="?"
                      ecep:spe="?">?</pc>
                  <c> </c>
               </l>
               <l n="17" xml:id="pba35-l06335">
                  <w xml:id="pba35-126730"
                     n="a-0280"
                     ecep:lem="then"
                     ecep:pos="av"
                     ecep:reg="Then"
                     ecep:spe="Then"
                     ecep:syllab="1"
                     ecep:pron="ðen">Then</w>
                  <pc xml:id="pba35-126740"
                      n="a-0290"
                      ecep:lem=","
                      ecep:pos=","
                      ecep:reg=","
                      ecep:spe=",">,</pc>
                  <c> </c>
                  <w xml:id="pba35-126750"
                     n="a-0300"
                     ecep:lem="since"
                     ecep:pos="c-acp"
                     ecep:reg="since"
                     ecep:spe="since"
                     ecep:syllab="1"
                     ecep:pron="sɪns">since</w>
                  <c> </c>
                  <w xml:id="pba35-126760"
                     n="a-0310"
                     ecep:lem="our"
                     ecep:pos="po12"
                     ecep:reg="our"
                     ecep:spe="our"
                     ecep:syllab="1"
                     ecep:pron="æə">our</w>
                  <c> </c>
                  <w xml:id="pba35-126770"
                     n="a-0320"
                     ecep:lem="welfare"
                     ecep:pos="n1"
                     ecep:reg="Welfare"
                     ecep:spe="Welfare"
                     ecep:syllab="2"
                     ecep:pron="ˈwelfeə">Welfare</w>
                  <c> </c>
                  <w xml:id="pba35-126780"
                     n="a-0330"
                     ecep:lem="give"
                     ecep:pos="vvz"
                     ecep:reg="gives"
                     ecep:spe="gives"
                     ecep:syllab="1"
                     ecep:pron="gɪvz">gives</w>
                  <c> </c>
                  <w xml:id="pba35-126790"
                     n="a-0340"
                     ecep:lem="you"
                     ecep:pos="pn22"
                     ecep:reg="you"
                     ecep:spe="you"
                     ecep:syllab="1"
                     ecep:pron="juː">you</w>
                  <c> </c>
                  <w xml:id="pba35-126800"
                     n="a-0350"
                     ecep:lem="pain"
                     ecep:pos="n1"
                     ecep:reg="Pain"
                     ecep:spe="Pain"
                     ecep:syllab="1"
                     ecep:pron="peɪn">Pain</w>
                  <pc xml:id="pba35-126810"
                      n="a-0360"
                      ecep:lem=","
                      ecep:pos=","
                      ecep:reg=","
                      ecep:spe=",">,</pc>
               </l>
               <l n="18" xml:id="pba35-l06340">
                  <c> </c>
                  <pc xml:id="pba35-126820"
                      n="a-0370"
                      ecep:lem="("
                      ecep:pos="("
                      ecep:reg="("
                      ecep:spe="(">(</pc>
                  <w xml:id="pba35-126830"
                     n="a-0380"
                     ecep:lem="and"
                     ecep:pos="cc"
                     ecep:reg="And"
                     ecep:spe="And"
                     ecep:syllab="1"
                     ecep:pron="ænd">And</w>
                  <c> </c>
                  <w xml:id="pba35-126840"
                     n="a-0390"
                     ecep:lem="yet"
                     ecep:pos="av"
                     ecep:reg="yet"
                     ecep:spe="yet"
                     ecep:syllab="1"
                     ecep:pron="jet">yet</w>
                  <c> </c>
                  <w xml:id="pba35-126850"
                     n="a-0400"
                     ecep:lem="your"
                     ecep:pos="po22"
                     ecep:reg="your"
                     ecep:spe="your"
                     ecep:syllab="1"
                     ecep:pron="jɔː">your</w>
                  <c> </c>
                  <w xml:id="pba35-126860"
                     n="a-0410"
                     ecep:lem="toil"
                     ecep:pos="n1"
                     ecep:reg="Toil"
                     ecep:spe="Toil"
                     ecep:syllab="1"
                     ecep:pron="tɔɪl">Toil</w>
                  <c> </c>
                  <w xml:id="pba35-126870"
                     n="a-0420"
                     ecep:lem="may"
                     ecep:pos="vmb"
                     ecep:reg="may"
                     ecep:spe="may"
                     ecep:syllab="1"
                     ecep:pron="meɪ">may</w>
                  <c> </c>
                  <w xml:id="pba35-126880"
                     n="a-0430"
                     ecep:lem="prove"
                     ecep:pos="vvi"
                     ecep:reg="prove"
                     ecep:spe="prove"
                     ecep:syllab="1"
                     ecep:pron="pruːv">prove</w>
                  <c> </c>
                  <w xml:id="pba35-126890"
                     n="a-0440"
                     ecep:lem="in"
                     ecep:pos="p-acp"
                     ecep:reg="in"
                     ecep:spe="in"
                     ecep:syllab="1"
                     ecep:pron="ɪn">in</w>
                  <c> </c>
                  <w xml:id="pba35-126900"
                     n="a-0450"
                     ecep:lem="vain"
                     ecep:pos="j"
                     ecep:reg="vain"
                     ecep:spe="vain"
                     ecep:syllab="1"
                     ecep:pron="veɪn">vain</w>
                  <pc xml:id="pba35-126910"
                      n="a-0460"
                      ecep:lem=")"
                      ecep:pos=")"
                      ecep:reg=")"
                      ecep:spe=")">)</pc>
               </l>
               <l n="19" xml:id="pba35-l06345">
                  <c> </c>
                  <w xml:id="pba35-126920"
                     n="a-0470"
                     ecep:lem="i"
                     ecep:pos="pns11"
                     ecep:reg="I"
                     ecep:spe="I"
                     ecep:syllab="1"
                     ecep:pron="aɪ">I</w>
                  <c> </c>
                  <w xml:id="pba35-126930"
                     n="a-0480"
                     ecep:lem="wish"
                     ecep:pos="vvb"
                     ecep:reg="wish"
                     ecep:spe="wish"
                     ecep:syllab="1"
                     ecep:pron="wɪʃ">wish</w>
                  <pc xml:id="pba35-126940"
                      n="a-0490"
                      ecep:lem=","
                      ecep:pos=","
                      ecep:reg=","
                      ecep:spe=",">,</pc>
                  <c> </c>
                  <w xml:id="pba35-126950"
                     n="a-0500"
                     ecep:lem="for"
                     ecep:pos="p-acp"
                     ecep:reg="for"
                     ecep:spe="for"
                     ecep:syllab="1"
                     ecep:pron="fɔː">for</w>
                  <c> </c>
                  <w xml:id="pba35-126960"
                     n="a-0510"
                     ecep:lem="your"
                     ecep:pos="po22"
                     ecep:reg="your"
                     ecep:spe="your"
                     ecep:syllab="1"
                     ecep:pron="jɔː">your</w>
                  <pc xml:id="pba35-126970"
                      n="a-0520"
                      ecep:lem=","
                      ecep:pos=","
                      ecep:reg=","
                      ecep:spe=",">,</pc>
                  <c> </c>
                  <w xml:id="pba35-126980"
                     n="a-0530"
                     ecep:lem="and"
                     ecep:pos="cc"
                     ecep:reg="and"
                     ecep:spe="and"
                     ecep:syllab="1"
                     ecep:pron="ænd">and</w>
                  <c> </c>
                  <w xml:id="pba35-126990"
                     n="a-0540"
                     ecep:lem="for"
                     ecep:pos="p-acp"
                     ecep:reg="for"
                     ecep:spe="for"
                     ecep:syllab="1"
                     ecep:pron="fɔː">for</w>
                  <c> </c>
                  <w xml:id="pba35-127000"
                     n="a-0550"
                     ecep:lem="our"
                     ecep:pos="po12"
                     ecep:reg="our"
                     ecep:spe="our"
                     ecep:syllab="1"
                     ecep:pron="æə">our</w>
                  <c> </c>
                  <w xml:id="pba35-127010"
                     n="a-0560"
                     ecep:lem="ease"
                     ecep:pos="n1"
                     ecep:reg="Ease"
                     ecep:spe="Ease"
                     ecep:syllab="1"
                     ecep:pron="iːz">Ease</w>
                  <pc xml:id="pba35-127020"
                      n="a-0570"
                      ecep:lem=","
                      ecep:pos=","
                      ecep:reg=","
                      ecep:spe=",">,</pc>
               </l>
               <l n="20" xml:id="pba35-l06350">
                  <c> </c>
                  <w xml:id="pba35-127030"
                     n="a-0580"
                     ecep:lem="that"
                     ecep:pos="cst"
                     ecep:reg="That"
                     ecep:spe="That"
                     ecep:syllab="1"
                     ecep:pron="ðæt">That</w>
                  <c> </c>
                  <w xml:id="pba35-127040"
                     n="a-0590"
                     ecep:lem="all"
                     ecep:pos="d"
                     ecep:reg="all"
                     ecep:spe="all"
                     ecep:syllab="1"
                     ecep:pron="ɔːl">all</w>
                  <c> </c>
                  <w xml:id="pba35-127050"
                     n="a-0600"
                     ecep:lem="be"
                     ecep:pos="vbdr"
                     ecep:reg="were"
                     ecep:spe="were"
                     ecep:syllab="1"
                     ecep:pron="wɜː">were</w>
                  <c> </c>
                  <w xml:id="pba35-127060"
                     n="a-0610"
                     ecep:lem="coronation"
                     ecep:pos="n1"
                     ecep:reg="Coronation"
                     ecep:spe="Coronation"
                     ecep:syllab="4"
                     ecep:pron="ˌkɒrəˈneɪʃn">Coronation</w>
                  <c> </c>
                  <w xml:id="pba35-127070"
                     n="a-0620"
                     ecep:lem="day"
                     ecep:pos="n2"
                     ecep:reg="Days"
                     ecep:spe="Days"
                     ecep:syllab="1"
                     ecep:pron="deɪz">Days</w>
                  <pc xml:id="pba35-127080"
                      n="a-0630"
                      unit="sentence"
                      ecep:lem="."
                      ecep:pos="."
                      ecep:reg="."
                      ecep:spe=".">.</pc>
                  <c> </c>
               </l>
            </lg>
         </div>
      </body>
   </text>
</TEI>
