<?xml version="1.0" encoding="UTF-8"?>
<div xmlns:ecep="http://www.eighteenthcenturypoetry.org/ns"
     xmlns="http://www.tei-c.org/ns/1.0"
     xmlns:tei="http://www.tei-c.org/ns/1.0"
     ana="#iamb #tetrameter #trimeter #quatrain #cross #imitation"
     corresp="#txt_ParnTh1679_w0017"
     decls="#semi-normalized"
     ecep:syllab="8.6.8.6"
     met="-+|-+|-+|-+/ -+|-+|-+/ -+|-+|-+|-+/ -+|-+|-+/"
     rendition="#lgvspace"
     rhyme="abab"
     subtype="eceptext"
     type="poem"
     xml:id="o4106-w0160">
   <link target="authors.xml#aut_ParnTh1679" type="author"/>
   <head type="main">
      <w xml:id="o4106-185240"
         n="153-a-0010"
         ecep:lem="a"
         ecep:pos="dt"
         ecep:reg="An"
         ecep:spe="An"
         ecep:syllab="1"
         ecep:pron="æn">An</w>
      <c> </c>
      <w xml:id="o4106-185250"
         n="153-a-0020"
         ecep:lem="imitation"
         ecep:pos="n1"
         ecep:reg="Imitation"
         ecep:spe="Imitation"
         ecep:syllab="4"
         ecep:pron="ˌɪmɪˈteɪʃn">Imitation</w>
      <c> </c>
      <w xml:id="o4106-185260"
         n="153-a-0030"
         ecep:lem="of"
         ecep:pos="pp-f"
         ecep:reg="of"
         ecep:spe="of"
         ecep:syllab="1"
         ecep:pron="ɒv">of</w>
      <c> </c>
      <w xml:id="o4106-185270"
         n="153-a-0040"
         ecep:lem="some"
         ecep:pos="d"
         ecep:reg="some"
         ecep:spe="some"
         ecep:syllab="1"
         ecep:pron="sʌm">some</w>
      <c> </c>
      <hi>
         <w xml:id="o4106-185280"
            n="153-a-0050"
            ecep:lem="french"
            ecep:pos="jp"
            ecep:reg="FRENCH"
            ecep:spe="FRENCH"
            ecep:syllab="1"
            ecep:pron="ˈfrentʃ">FRENCH</w>
      </hi>
      <c> </c>
      <w xml:id="o4106-185290"
         n="153-a-0060"
         ecep:lem="verse"
         ecep:pos="n2"
         ecep:reg="Verses"
         ecep:spe="Verses"
         ecep:syllab="2"
         ecep:pron="vɜːsɪz">Verses</w>
      <pc xml:id="o4106-185300"
          n="153-a-0070"
          unit="sentence"
          ecep:lem="."
          ecep:pos="."
          ecep:reg="."
          ecep:spe=".">.</pc>
   </head>
   <lg xml:id="o4106-s01170">
      <l xml:id="o4106-l10005">
         <w xml:id="o4106-185330"
            n="153-a-0080"
            ecep:lem="relentless"
            ecep:pos="j"
            ecep:reg="RElentless"
            ecep:spe="RElentless"
            ecep:syllab="3"
            ecep:pron="rɪˈlentləs">RElentless</w>
         <c> </c>
         <hi>
            <w xml:id="o4106-185340"
               n="153-a-0090"
               ecep:lem="time"
               ecep:pos="n1"
               ecep:reg="Time"
               ecep:spe="Time"
               ecep:syllab="1"
               ecep:pron="taɪm">Time</w>
            <pc xml:id="o4106-185350"
                n="153-a-0100"
                ecep:lem="!"
                ecep:pos="!"
                ecep:reg="!"
                ecep:spe="!">!</pc>
         </hi>
         <c> </c>
         <w xml:id="o4106-185360"
            n="153-a-0110"
            ecep:lem="destroy"
            ecep:pos="vvg"
            ecep:reg="destroying"
            ecep:spe="destroying"
            ecep:syllab="3"
            ecep:pron="dɪˈstrɔɪɪŋ">destroying</w>
         <c> </c>
         <w xml:id="o4106-185370"
            n="153-a-0120"
            ecep:lem="power"
            ecep:pos="n1"
            ecep:reg="Power"
            ecep:spe="Pow'r"
            ecep:syllab="1"
            ecep:pron="ˈpaʊə">Pow'r</w>
      </l>
      <l xml:id="o4106-l10010">
         <c> </c>
         <w xml:id="o4106-185380"
            n="153-a-0130"
            ecep:lem="who"
            ecep:pos="r-crq"
            ecep:reg="Whom"
            ecep:spe="Whom"
            ecep:syllab="1"
            ecep:pron="huːm">Whom</w>
         <c> </c>
         <w xml:id="o4106-185390"
            n="153-a-0140"
            ecep:lem="stone"
            ecep:pos="n1"
            ecep:reg="Stone"
            ecep:spe="Stone"
            ecep:syllab="1"
            ecep:pron="stəʊn">Stone</w>
         <c> </c>
         <w xml:id="o4106-185400"
            n="153-a-0150"
            ecep:lem="and"
            ecep:pos="cc"
            ecep:reg="and"
            ecep:spe="and"
            ecep:syllab="1"
            ecep:pron="ænd">and</w>
         <c> </c>
         <w xml:id="o4106-185410"
            n="153-a-0160"
            ecep:lem="brass"
            ecep:pos="n1"
            ecep:reg="Brass"
            ecep:spe="Brass"
            ecep:syllab="1"
            ecep:pron="brɑːs">Brass</w>
         <c> </c>
         <w xml:id="o4106-185420"
            n="153-a-0170"
            ecep:lem="obey"
            ecep:pos="vvi"
            ecep:reg="obey"
            ecep:spe="obey"
            ecep:syllab="2"
            ecep:pron="əˈbeɪ">obey</w>
         <pc xml:id="o4106-185430"
             n="153-a-0180"
             ecep:lem=","
             ecep:pos=","
             ecep:reg=","
             ecep:spe=",">,</pc>
      </l>
      <l xml:id="o4106-l10015">
         <c> </c>
         <w xml:id="o4106-185440"
            n="153-a-0190"
            ecep:lem="who"
            ecep:pos="q-crq"
            ecep:reg="Who"
            ecep:spe="Who"
            ecep:syllab="1"
            ecep:pron="huː">Who</w>
         <c> </c>
         <w xml:id="o4106-185450"
            n="153-a-0200"
            ecep:lem="give"
            ecep:pos="vv2"
            ecep:reg="givest"
            ecep:spe="giv'st"
            ecep:syllab="1"
            ecep:pron="dʒˈɪvst">giv'st</w>
         <c> </c>
         <w xml:id="o4106-185460"
            n="153-a-0210"
            ecep:lem="to"
            ecep:pos="p-acp"
            ecep:reg="to"
            ecep:spe="to"
            ecep:syllab="1"
            ecep:pron="tuː">to</w>
         <c> </c>
         <w xml:id="o4106-185470"
            n="153-a-0220"
            ecep:lem="every"
            ecep:pos="d"
            ecep:reg="every"
            ecep:spe="ev'ry"
            ecep:syllab="2"
            ecep:pron="ˈevri">ev'ry</w>
         <c> </c>
         <w xml:id="o4106-185480"
            n="153-a-0230"
            ecep:lem="fly"
            ecep:pos="j-vvg"
            ecep:reg="flying"
            ecep:spe="flying"
            ecep:syllab="2"
            ecep:pron="flaɪɪŋ">flying</w>
         <c> </c>
         <w xml:id="o4106-185490"
            n="153-a-0240"
            ecep:lem="hour"
            ecep:pos="n1"
            ecep:reg="Hour"
            ecep:spe="Hour"
            ecep:syllab="1"
            ecep:pron="æə">Hour</w>
      </l>
      <l xml:id="o4106-l10020">
         <c> </c>
         <w xml:id="o4106-185500"
            n="153-a-0250"
            ecep:lem="to"
            ecep:pos="pc-acp"
            ecep:reg="To"
            ecep:spe="To"
            ecep:syllab="1"
            ecep:pron="tuː">To</w>
         <c> </c>
         <w xml:id="o4106-185510"
            n="153-a-0260"
            ecep:lem="work"
            ecep:pos="vvi"
            ecep:reg="work"
            ecep:spe="work"
            ecep:syllab="1"
            ecep:pron="wɜːk">work</w>
         <c> </c>
         <w xml:id="o4106-185520"
            n="153-a-0270"
            ecep:lem="some"
            ecep:pos="d"
            ecep:reg="some"
            ecep:spe="some"
            ecep:syllab="1"
            ecep:pron="sʌm">some</w>
         <c> </c>
         <w xml:id="o4106-185530"
            n="153-a-0280"
            ecep:lem="new"
            ecep:pos="j"
            ecep:reg="new"
            ecep:spe="new"
            ecep:syllab="1"
            ecep:pron="njuː">new</w>
         <c> </c>
         <w xml:id="o4106-185540"
            n="153-a-0290"
            ecep:lem="decay"
            ecep:pos="n1"
            ecep:reg="Decay"
            ecep:spe="Decay"
            ecep:syllab="2"
            ecep:pron="dɪˈkeɪ">Decay</w>
         <pc xml:id="o4106-185550"
             n="153-a-0300"
             ecep:lem=";"
             ecep:pos=";"
             ecep:reg=";"
             ecep:spe=";">;</pc>
      </l>
      <l xml:id="o4106-l10025">
         <c> </c>
         <w xml:id="o4106-185560"
            n="153-a-0310"
            ecep:lem="unheard"
            ecep:pos="j"
            ecep:reg="Unheard"
            ecep:spe="Unheard"
            ecep:syllab="2"
            ecep:pron="ʌnˈhɜːd">Unheard</w>
         <pc xml:id="o4106-185570"
             n="153-a-0320"
             ecep:lem=","
             ecep:pos=","
             ecep:reg=","
             ecep:spe=",">,</pc>
         <c> </c>
         <w xml:id="o4106-185580"
            n="153-a-0330"
            ecep:lem="unheeded"
            ecep:pos="j"
            ecep:reg="unheeded"
            ecep:spe="unheeded"
            ecep:syllab="3"
            ecep:pron="ʌnˈhiːdɪd">unheeded</w>
         <pc xml:id="o4106-185590"
             n="153-a-0340"
             ecep:lem=","
             ecep:pos=","
             ecep:reg=","
             ecep:spe=",">,</pc>
         <c> </c>
         <w xml:id="o4106-185600"
            n="153-a-0350"
            ecep:lem="and"
            ecep:pos="cc"
            ecep:reg="and"
            ecep:spe="and"
            ecep:syllab="1"
            ecep:pron="ænd">and</w>
         <c> </c>
         <w xml:id="o4106-185610"
            n="153-a-0360"
            ecep:lem="unseen"
            ecep:pos="j"
            ecep:reg="unseen"
            ecep:spe="unseen"
            ecep:syllab="2"
            ecep:pron="ʌnˈsiːn">unseen</w>
         <pc xml:id="o4106-185620"
             n="153-a-0370"
             ecep:lem=","
             ecep:pos=","
             ecep:reg=","
             ecep:spe=",">,</pc>
      </l>
      <l xml:id="o4106-l10030">
         <c> </c>
         <w xml:id="o4106-185630"
            n="153-a-0380"
            ecep:lem="thy"
            ecep:pos="po21"
            ecep:reg="Thy"
            ecep:spe="Thy"
            ecep:syllab="1"
            ecep:pron="ðaɪ">Thy</w>
         <c> </c>
         <w xml:id="o4106-185640"
            n="153-a-0390"
            ecep:lem="secret"
            ecep:pos="j-jn"
            ecep:reg="secret"
            ecep:spe="secret"
            ecep:syllab="2"
            ecep:pron="ˈsiːkrət">secret</w>
         <c> </c>
         <w xml:id="o4106-185650"
            n="153-a-0400"
            ecep:lem="Saps"
            ecep:pos="np1"
            ecep:reg="Saps"
            ecep:spe="Saps"
            ecep:syllab="1"
            ecep:pron="sæps">Saps</w>
         <c> </c>
         <w xml:id="o4106-185660"
            n="153-a-0410"
            ecep:lem="prevail"
            ecep:pos="vvi"
            ecep:reg="prevail"
            ecep:spe="prevail"
            ecep:syllab="2"
            ecep:pron="prɪˈveɪl">prevail</w>
         <pc xml:id="o4106-185670"
             n="153-a-0420"
             ecep:lem=","
             ecep:pos=","
             ecep:reg=","
             ecep:spe=",">,</pc>
      </l>
      <l xml:id="o4106-l10035">
         <c> </c>
         <w xml:id="o4106-185680"
            n="153-a-0430"
            ecep:lem="and"
            ecep:pos="cc"
            ecep:reg="And"
            ecep:spe="And"
            ecep:syllab="1"
            ecep:pron="ænd">And</w>
         <c> </c>
         <w xml:id="o4106-185690"
            n="153-a-0440"
            ecep:lem="ruin"
            ecep:pos="vvi"
            ecep:reg="ruin"
            ecep:spe="ruin"
            ecep:syllab="2"
            ecep:pron="ˈruːɪn">ruin</w>
         <c> </c>
         <w xml:id="o4106-185700"
            n="153-a-0450"
            ecep:lem="man"
            ecep:pos="n1"
            ecep:reg="Man"
            ecep:spe="Man"
            ecep:syllab="1"
            ecep:pron="mæn">Man</w>
         <pc xml:id="o4106-185710"
             n="153-a-0460"
             ecep:lem=","
             ecep:pos=","
             ecep:reg=","
             ecep:spe=",">,</pc>
         <c> </c>
         <w xml:id="o4106-185720"
            n="153-a-0470"
            ecep:lem="a"
            ecep:pos="dt"
            ecep:reg="a"
            ecep:spe="a"
            ecep:syllab="1"
            ecep:pron="ə">a</w>
         <c> </c>
         <w xml:id="o4106-185730"
            n="153-a-0480"
            ecep:lem="nice"
            ecep:pos="j"
            ecep:reg="nice"
            ecep:spe="nice"
            ecep:syllab="1"
            ecep:pron="naɪs">nice</w>
         <c> </c>
         <w xml:id="o4106-185740"
            n="153-a-0490"
            ecep:lem="machine"
            ecep:pos="n1"
            ecep:reg="Machine"
            ecep:spe="Machine"
            ecep:syllab="2"
            ecep:pron="məˈʃiːn">Machine</w>
      </l>
      <l xml:id="o4106-l10040">
         <c> </c>
         <w xml:id="o4106-185750"
            n="153-a-0500"
            ecep:lem="by"
            ecep:pos="p-acp"
            ecep:reg="By"
            ecep:spe="By"
            ecep:syllab="1"
            ecep:pron="baɪ">By</w>
         <c> </c>
         <w xml:id="o4106-185760"
            n="153-a-0510"
            ecep:lem="nature"
            ecep:pos="n1"
            ecep:reg="Nature"
            ecep:spe="Nature"
            ecep:syllab="2"
            ecep:pron="ˈneɪtʃə">Nature</w>
         <c> </c>
         <w xml:id="o4106-185770"
            n="153-a-0520"
            ecep:lem="form"
            ecep:pos="vvd"
            ecep:reg="formed"
            ecep:spe="form'd"
            ecep:syllab="1"
            ecep:pron="fɔːmd">form'd</w>
         <c> </c>
         <w xml:id="o4106-185780"
            n="153-a-0530"
            ecep:lem="to"
            ecep:pos="pc-acp"
            ecep:reg="to"
            ecep:spe="to"
            ecep:syllab="1"
            ecep:pron="tuː">to</w>
         <c> </c>
         <w xml:id="o4106-185790"
            n="153-a-0540"
            ecep:lem="fail"
            ecep:pos="vvi"
            ecep:reg="fail"
            ecep:spe="fail"
            ecep:syllab="1"
            ecep:pron="feɪl">fail</w>
         <pc xml:id="o4106-185800"
             n="153-a-0550"
             unit="sentence"
             ecep:lem="."
             ecep:pos="."
             ecep:reg="."
             ecep:spe=".">.</pc>
         <c> </c>
      </l>
      <l xml:id="o4106-l10045">
         <w xml:id="o4106-185810"
            n="153-a-0560"
            ecep:lem="my"
            ecep:pos="po11"
            ecep:reg="My"
            ecep:spe="My"
            ecep:syllab="1"
            ecep:pron="maɪ">My</w>
         <c> </c>
         <w xml:id="o4106-185820"
            n="153-a-0570"
            ecep:lem="change"
            ecep:pos="n1"
            ecep:reg="Change"
            ecep:spe="Change"
            ecep:syllab="1"
            ecep:pron="tʃeɪndʒ">Change</w>
         <c> </c>
         <w xml:id="o4106-185830"
            n="153-a-0580"
            ecep:lem="arrive"
            ecep:pos="vvz"
            ecep:reg="arrives"
            ecep:spe="arrives"
            ecep:syllab="2"
            ecep:pron="əˈraɪvz">arrives</w>
         <pc xml:id="o4106-185840"
             n="153-a-0590"
             ecep:lem=";"
             ecep:pos=";"
             ecep:reg=";"
             ecep:spe=";">;</pc>
         <c> </c>
         <w xml:id="o4106-185850"
            n="153-a-0600"
            ecep:lem="the"
            ecep:pos="dt"
            ecep:reg="the"
            ecep:spe="the"
            ecep:syllab="1"
            ecep:pron="ðiː">the</w>
         <c> </c>
         <w xml:id="o4106-185860"
            n="153-a-0610"
            ecep:lem="change"
            ecep:pos="n1"
            ecep:reg="Change"
            ecep:spe="Change"
            ecep:syllab="1"
            ecep:pron="tʃeɪndʒ">Change</w>
         <c> </c>
         <w xml:id="o4106-185870"
            n="153-a-0620"
            ecep:lem="i"
            ecep:pos="pns11"
            ecep:reg="I"
            ecep:spe="I"
            ecep:syllab="1"
            ecep:pron="aɪ">I</w>
         <c> </c>
         <w xml:id="o4106-185880"
            n="153-a-0630"
            ecep:lem="meet"
            ecep:pos="vvb"
            ecep:reg="meet"
            ecep:spe="meet"
            ecep:syllab="1"
            ecep:pron="miːt">meet</w>
         <pc xml:id="o4106-185890"
             n="153-a-0640"
             ecep:lem=","
             ecep:pos=","
             ecep:reg=","
             ecep:spe=",">,</pc>
      </l>
      <l xml:id="o4106-l10050">
         <c> </c>
         <w xml:id="o4106-185900"
            n="153-a-0650"
            ecep:lem="before"
            ecep:pos="c-acp"
            ecep:reg="Before"
            ecep:spe="Before"
            ecep:syllab="2"
            ecep:pron="bɪˈfɔː">Before</w>
         <c> </c>
         <w xml:id="o4106-185910"
            n="153-a-0660"
            ecep:lem="i"
            ecep:pos="pns11"
            ecep:reg="I"
            ecep:spe="I"
            ecep:syllab="1"
            ecep:pron="aɪ">I</w>
         <c> </c>
         <w xml:id="o4106-185920"
            n="153-a-0670"
            ecep:lem="think"
            ecep:pos="vvd"
            ecep:reg="thought"
            ecep:spe="thought"
            ecep:syllab="1"
            ecep:pron="θɔːt">thought</w>
         <c> </c>
         <w xml:id="o4106-185930"
            n="153-a-0680"
            ecep:lem="it"
            ecep:pos="pn31"
            ecep:reg="it"
            ecep:spe="it"
            ecep:syllab="1"
            ecep:pron="ɪt">it</w>
         <c> </c>
         <w xml:id="o4106-185940"
            n="153-a-0690"
            ecep:lem="nigh"
            ecep:pos="av-j"
            ecep:reg="nigh"
            ecep:spe="nigh"
            ecep:syllab="1"
            ecep:pron="naɪ">nigh</w>
         <pc xml:id="o4106-185950"
             n="153-a-0700"
             unit="sentence"
             ecep:lem="."
             ecep:pos="."
             ecep:reg="."
             ecep:spe=".">.</pc>
         <c> </c>
      </l>
      <l xml:id="o4106-l10055">
         <w xml:id="o4106-185960"
            n="153-a-0710"
            ecep:lem="my"
            ecep:pos="po11"
            ecep:reg="My"
            ecep:spe="My"
            ecep:syllab="1"
            ecep:pron="maɪ">My</w>
         <c> </c>
         <hi>
            <w xml:id="o4106-185970"
               n="153-a-0720"
               ecep:lem="spring"
               ecep:pos="n1"
               ecep:reg="Spring"
               ecep:spe="Spring"
               ecep:syllab="1"
               ecep:pron="sprɪŋ">Spring</w>
            <pc xml:id="o4106-185980"
                n="153-a-0730"
                ecep:lem=","
                ecep:pos=","
                ecep:reg=","
                ecep:spe=",">,</pc>
         </hi>
         <c> </c>
         <w xml:id="o4106-185990"
            n="153-a-0740"
            ecep:lem="my"
            ecep:pos="po11"
            ecep:reg="my"
            ecep:spe="my"
            ecep:syllab="1"
            ecep:pron="maɪ">my</w>
         <c> </c>
         <w xml:id="o4106-186000"
            n="153-a-0750"
            ecep:lem="year"
            ecep:pos="n2"
            ecep:reg="Years"
            ecep:spe="Years"
            ecep:syllab="1"
            ecep:pron="jɪəz">Years</w>
         <c> </c>
         <w xml:id="o4106-186010"
            n="153-a-0760"
            ecep:lem="of"
            ecep:pos="pp-f"
            ecep:reg="of"
            ecep:spe="of"
            ecep:syllab="1"
            ecep:pron="ɒv">of</w>
         <c> </c>
         <w xml:id="o4106-186020"
            n="153-a-0770"
            ecep:lem="pleasure"
            ecep:pos="n1"
            ecep:reg="Pleasure"
            ecep:spe="Pleasure"
            ecep:syllab="2"
            ecep:pron="ˈpleʒə">Pleasure</w>
         <c> </c>
         <w xml:id="o4106-186030"
            n="153-a-0780"
            ecep:lem="fleet"
            ecep:pos="np1-n"
            ecep:reg="fleet"
            ecep:spe="fleet"
            ecep:syllab="1"
            ecep:pron="fliːt">fleet</w>
         <pc xml:id="o4106-186040"
             n="153-a-0790"
             ecep:lem=","
             ecep:pos=","
             ecep:reg=","
             ecep:spe=",">,</pc>
      </l>
      <l xml:id="o4106-l10060">
         <c> </c>
         <w xml:id="o4106-186050"
            n="153-a-0800"
            ecep:lem="and"
            ecep:pos="cc"
            ecep:reg="And"
            ecep:spe="And"
            ecep:syllab="1"
            ecep:pron="ænd">And</w>
         <c> </c>
         <w xml:id="o4106-186060"
            n="153-a-0810"
            ecep:lem="all"
            ecep:pos="d"
            ecep:reg="all"
            ecep:spe="all"
            ecep:syllab="1"
            ecep:pron="ɔːl">all</w>
         <c> </c>
         <w xml:id="o4106-186070"
            n="153-a-0820"
            ecep:lem="their"
            ecep:pos="po32"
            ecep:reg="their"
            ecep:spe="their"
            ecep:syllab="1"
            ecep:pron="ðeə">their</w>
         <c> </c>
         <w xml:id="o4106-186080"
            n="153-a-0830"
            ecep:lem="beauty"
            ecep:pos="n2"
            ecep:reg="Beauties"
            ecep:spe="Beauties"
            ecep:syllab="2"
            ecep:pron="ˈbjuːtiz">Beauties</w>
         <c> </c>
         <w xml:id="o4106-186090"
            n="153-a-0840"
            ecep:lem="die"
            ecep:pos="vvi"
            ecep:reg="die"
            ecep:spe="dye"
            ecep:syllab="1"
            ecep:pron="daɪ">dye</w>
         <pc xml:id="o4106-186100"
             n="153-a-0850"
             unit="sentence"
             ecep:lem="."
             ecep:pos="."
             ecep:reg="."
             ecep:spe=".">.</pc>
         <c> </c>
      </l>
      <pb facs="o4106/0160" n="149" rend="none"/>
      <l xml:id="o4106-l10065">
         <w xml:id="o4106-186110"
            n="154-a-0010"
            ecep:lem="in"
            ecep:pos="p-acp"
            ecep:reg="In"
            ecep:spe="In"
            ecep:syllab="1"
            ecep:pron="ɪn">In</w>
         <c> </c>
         <hi>
            <w xml:id="o4106-186120"
               n="154-a-0020"
               ecep:lem="age"
               ecep:pos="n1"
               ecep:reg="Age"
               ecep:spe="Age"
               ecep:syllab="1"
               ecep:pron="eɪdʒ">Age</w>
         </hi>
         <c> </c>
         <w xml:id="o4106-186130"
            n="154-a-0030"
            ecep:lem="i"
            ecep:pos="pns11"
            ecep:reg="I"
            ecep:spe="I"
            ecep:syllab="1"
            ecep:pron="aɪ">I</w>
         <c> </c>
         <w xml:id="o4106-186140"
            n="154-a-0040"
            ecep:lem="search"
            ecep:pos="vvb"
            ecep:reg="search"
            ecep:spe="search"
            ecep:syllab="1"
            ecep:pron="sɜːtʃ">search</w>
         <pc xml:id="o4106-186150"
             n="154-a-0050"
             ecep:lem=","
             ecep:pos=","
             ecep:reg=","
             ecep:spe=",">,</pc>
         <c> </c>
         <w xml:id="o4106-186160"
            n="154-a-0060"
            ecep:lem="and"
            ecep:pos="cc"
            ecep:reg="and"
            ecep:spe="and"
            ecep:syllab="1"
            ecep:pron="ænd">and</w>
         <c> </c>
         <w xml:id="o4106-186170"
            n="154-a-0070"
            ecep:lem="only"
            ecep:pos="av-j"
            ecep:reg="only"
            ecep:spe="only"
            ecep:syllab="2"
            ecep:pron="ˈəʊnli">only</w>
         <c> </c>
         <w xml:id="o4106-186180"
            n="154-a-0080"
            ecep:lem="find"
            ecep:pos="vvi"
            ecep:reg="find"
            ecep:spe="find"
            ecep:syllab="1"
            ecep:pron="faɪnd">find</w>
      </l>
      <l xml:id="o4106-l10070">
         <c> </c>
         <w xml:id="o4106-186190"
            n="154-a-0090"
            ecep:lem="a"
            ecep:pos="dt"
            ecep:reg="A"
            ecep:spe="A"
            ecep:syllab="1"
            ecep:pron="ə">A</w>
         <c> </c>
         <w xml:id="o4106-186200"
            n="154-a-0100"
            ecep:lem="poor"
            ecep:pos="j"
            ecep:reg="poor"
            ecep:spe="poor"
            ecep:syllab="1"
            ecep:pron="pɔː">poor</w>
         <c> </c>
         <w xml:id="o4106-186210"
            n="154-a-0110"
            ecep:lem="unfruitful"
            ecep:pos="j"
            ecep:reg="unfruitful"
            ecep:spe="unfruitful"
            ecep:syllab="3"
            ecep:pron="ʌnˈfruːtfl">unfruitful</w>
         <c> </c>
         <w xml:id="o4106-186220"
            n="154-a-0120"
            ecep:lem="gain"
            ecep:pos="n1"
            ecep:reg="Gain"
            ecep:spe="Gain"
            ecep:syllab="1"
            ecep:pron="geɪn">Gain</w>
         <pc xml:id="o4106-186230"
             n="154-a-0130"
             ecep:lem=","
             ecep:pos=","
             ecep:reg=","
             ecep:spe=",">,</pc>
      </l>
      <l xml:id="o4106-l10075">
         <c> </c>
         <w xml:id="o4106-186240"
            n="154-a-0140"
            ecep:lem="grave"
            ecep:pos="n1"
            ecep:reg="Grave"
            ecep:spe="Grave"
            ecep:syllab="1"
            ecep:pron="grɑːv">Grave</w>
         <c> </c>
         <hi>
            <w xml:id="o4106-186250"
               n="154-a-0150"
               ecep:lem="wisdom"
               ecep:pos="n1"
               ecep:reg="Wisdom"
               ecep:spe="Wisdom"
               ecep:syllab="2"
               ecep:pron="ˈwɪzdəm">Wisdom</w>
         </hi>
         <c> </c>
         <w xml:id="o4106-186260"
            n="154-a-0160"
            ecep:lem="stalk"
            ecep:pos="vvg"
            ecep:reg="stalking"
            ecep:spe="stalking"
            ecep:syllab="2"
            ecep:pron="stɔːkɪŋ">stalking</w>
         <c> </c>
         <w xml:id="o4106-186270"
            n="154-a-0170"
            ecep:lem="slow"
            ecep:pos="j"
            ecep:reg="slow"
            ecep:spe="slow"
            ecep:syllab="1"
            ecep:pron="sləʊ">slow</w>
         <c> </c>
         <w xml:id="o4106-186280"
            n="154-a-0180"
            ecep:lem="behind"
            ecep:pos="p-acp"
            ecep:reg="behind"
            ecep:spe="behind"
            ecep:syllab="2"
            ecep:pron="bɪˈhaɪnd">behind</w>
         <pc xml:id="o4106-186290"
             n="154-a-0190"
             ecep:lem=","
             ecep:pos=","
             ecep:reg=","
             ecep:spe=",">,</pc>
      </l>
      <l xml:id="o4106-l10080">
         <c> </c>
         <w xml:id="o4106-186300"
            n="154-a-0200"
            ecep:lem="oppress"
            ecep:pos="vvn"
            ecep:reg="Oppressed"
            ecep:spe="Oppress'd"
            ecep:syllab="2"
            ecep:pron="əˈprest">Oppress'd</w>
         <c> </c>
         <w xml:id="o4106-186310"
            n="154-a-0210"
            ecep:lem="with"
            ecep:pos="p-acp"
            ecep:reg="with"
            ecep:spe="with"
            ecep:syllab="1"
            ecep:pron="wɪð">with</w>
         <c> </c>
         <w xml:id="o4106-186320"
            n="154-a-0220"
            ecep:lem="load"
            ecep:pos="n2"
            ecep:reg="loads"
            ecep:spe="loads"
            ecep:syllab="1"
            ecep:pron="ləʊdz">loads</w>
         <c> </c>
         <w xml:id="o4106-186330"
            n="154-a-0230"
            ecep:lem="of"
            ecep:pos="pp-f"
            ecep:reg="of"
            ecep:spe="of"
            ecep:syllab="1"
            ecep:pron="ɒv">of</w>
         <c> </c>
         <w xml:id="o4106-186340"
            n="154-a-0240"
            ecep:lem="pain"
            ecep:pos="n1"
            ecep:reg="Pain"
            ecep:spe="Pain"
            ecep:syllab="1"
            ecep:pron="peɪn">Pain</w>
         <pc xml:id="o4106-186350"
             n="154-a-0250"
             unit="sentence"
             ecep:lem="."
             ecep:pos="."
             ecep:reg="."
             ecep:spe=".">.</pc>
         <c> </c>
      </l>
      <l xml:id="o4106-l10085">
         <w xml:id="o4106-186360"
            n="154-a-0260"
            ecep:lem="my"
            ecep:pos="po11"
            ecep:reg="My"
            ecep:spe="My"
            ecep:syllab="1"
            ecep:pron="maɪ">My</w>
         <c> </c>
         <w xml:id="o4106-186370"
            n="154-a-0270"
            ecep:lem="ignorance"
            ecep:pos="n1"
            ecep:reg="Ignorance"
            ecep:spe="Ignorance"
            ecep:syllab="3"
            ecep:pron="ˈɪgnrns">Ignorance</w>
         <c> </c>
         <w xml:id="o4106-186380"
            n="154-a-0280"
            ecep:lem="can"
            ecep:pos="vmd"
            ecep:reg="could"
            ecep:spe="cou'd"
            ecep:syllab="1"
            ecep:pron="kʊd">cou'd</w>
         <c> </c>
         <w xml:id="o4106-186390"
            n="154-a-0290"
            ecep:lem="once"
            ecep:pos="a-acp"
            ecep:reg="once"
            ecep:spe="once"
            ecep:syllab="1"
            ecep:pron="wʌns">once</w>
         <c> </c>
         <w xml:id="o4106-186400"
            n="154-a-0300"
            ecep:lem="beguile"
            ecep:pos="vvi"
            ecep:reg="beguile"
            ecep:spe="beguile"
            ecep:syllab="2"
            ecep:pron="bɪˈgaɪl">beguile</w>
         <pc xml:id="o4106-186410"
             n="154-a-0310"
             ecep:lem=","
             ecep:pos=","
             ecep:reg=","
             ecep:spe=",">,</pc>
      </l>
      <l xml:id="o4106-l10090">
         <c> </c>
         <w xml:id="o4106-186420"
            n="154-a-0320"
            ecep:lem="and"
            ecep:pos="cc"
            ecep:reg="And"
            ecep:spe="And"
            ecep:syllab="1"
            ecep:pron="ænd">And</w>
         <c> </c>
         <w xml:id="o4106-186430"
            n="154-a-0330"
            ecep:lem="fancy"
            ecep:pos="j-vvn"
            ecep:reg="fancied"
            ecep:spe="fancy'd"
            ecep:syllab="2"
            ecep:pron="ˈfænsid">fancy'd</w>
         <c> </c>
         <w xml:id="o4106-186440"
            n="154-a-0340"
            ecep:lem="joy"
            ecep:pos="n2"
            ecep:reg="Joys"
            ecep:spe="Joys"
            ecep:syllab="1"
            ecep:pron="dʒɔɪz">Joys</w>
         <c> </c>
         <w xml:id="o4106-186450"
            n="154-a-0350"
            ecep:lem="inspire"
            ecep:pos="vvi"
            ecep:reg="inspire"
            ecep:spe="inspire"
            ecep:syllab="2"
            ecep:pron="ɪnˈspæə">inspire</w>
         <pc xml:id="o4106-186460"
             n="154-a-0360"
             ecep:lem=";"
             ecep:pos=";"
             ecep:reg=";"
             ecep:spe=";">;</pc>
      </l>
      <l xml:id="o4106-l10095">
         <c> </c>
         <w xml:id="o4106-186470"
            n="154-a-0370"
            ecep:lem="my"
            ecep:pos="po11"
            ecep:reg="My"
            ecep:spe="My"
            ecep:syllab="1"
            ecep:pron="maɪ">My</w>
         <c> </c>
         <w xml:id="o4106-186480"
            n="154-a-0380"
            ecep:lem="error"
            ecep:pos="n2"
            ecep:reg="Errors"
            ecep:spe="Errors"
            ecep:syllab="2"
            ecep:pron="ˈerəz">Errors</w>
         <c> </c>
         <w xml:id="o4106-186490"
            n="154-a-0390"
            ecep:lem="cherish"
            ecep:pos="vvd"
            ecep:reg="cherished"
            ecep:spe="cherish'd"
            ecep:syllab="2"
            ecep:pron="ˈtʃerɪʃt">cherish'd</w>
         <c> </c>
         <hi>
            <w xml:id="o4106-186500"
               n="154-a-0400"
               ecep:lem="hope"
               ecep:pos="n1"
               ecep:reg="Hope"
               ecep:spe="Hope"
               ecep:syllab="1"
               ecep:pron="həʊp">Hope</w>
         </hi>
         <c> </c>
         <w xml:id="o4106-186510"
            n="154-a-0410"
            ecep:lem="to"
            ecep:pos="pc-acp"
            ecep:reg="to"
            ecep:spe="to"
            ecep:syllab="1"
            ecep:pron="tuː">to</w>
         <c> </c>
         <w xml:id="o4106-186520"
            n="154-a-0420"
            ecep:lem="smile"
            ecep:pos="vvi"
            ecep:reg="smile"
            ecep:spe="smile"
            ecep:syllab="1"
            ecep:pron="smaɪl">smile</w>
      </l>
      <l xml:id="o4106-l10100">
         <c> </c>
         <w xml:id="o4106-186530"
            n="154-a-0430"
            ecep:lem="on"
            ecep:pos="p-acp"
            ecep:reg="On"
            ecep:spe="On"
            ecep:syllab="1"
            ecep:pron="ɒn">On</w>
         <c> </c>
         <w xml:id="o4106-186540"
            n="154-a-0440"
            ecep:lem="newly-born"
            ecep:pos="j"
            ecep:reg="newly-born"
            ecep:spe="newly-born"
            ecep:syllab="3"
            ecep:pron="njuːliˌbɔːn">newly-born</w>
         <c> </c>
         <hi>
            <w xml:id="o4106-186550"
               n="154-a-0450"
               ecep:lem="desire"
               ecep:pos="n1"
               ecep:reg="Desire"
               ecep:spe="Desire"
               ecep:syllab="2"
               ecep:pron="dɪˈzæə">Desire</w>
            <pc xml:id="o4106-186560"
                n="154-a-0460"
                unit="sentence"
                ecep:lem="."
                ecep:pos="."
                ecep:reg="."
                ecep:spe=".">.</pc>
            <c> </c>
         </hi>
      </l>
      <l xml:id="o4106-l10105">
         <w xml:id="o4106-186570"
            n="154-a-0470"
            ecep:lem="but"
            ecep:pos="p-acp"
            ecep:reg="But"
            ecep:spe="But"
            ecep:syllab="1"
            ecep:pron="bʌt">But</w>
         <c> </c>
         <w xml:id="o4106-186580"
            n="154-a-0480"
            ecep:lem="now"
            ecep:pos="av"
            ecep:reg="now"
            ecep:spe="now"
            ecep:syllab="1"
            ecep:pron="naʊ">now</w>
         <c> </c>
         <w xml:id="o4106-186590"
            n="154-a-0490"
            ecep:lem="experience"
            ecep:pos="n1"
            ecep:reg="Experience"
            ecep:spe="Experience"
            ecep:syllab="4"
            ecep:pron="ɪkˈspɪəriəns">Experience</w>
         <c> </c>
         <w xml:id="o4106-186600"
            n="154-a-0500"
            ecep:lem="show"
            ecep:pos="vvz"
            ecep:reg="shows"
            ecep:spe="shews"
            ecep:syllab="1"
            ecep:pron="ʃəʊz">shews</w>
         <pc xml:id="o4106-186610"
             n="154-a-0510"
             ecep:lem=","
             ecep:pos=","
             ecep:reg=","
             ecep:spe=",">,</pc>
         <c> </c>
         <w xml:id="o4106-186620"
            n="154-a-0520"
            ecep:lem="the"
            ecep:pos="dt"
            ecep:reg="the"
            ecep:spe="the"
            ecep:syllab="1"
            ecep:pron="ðiː">the</w>
         <c> </c>
         <w xml:id="o4106-186630"
            n="154-a-0530"
            ecep:lem="bliss"
            ecep:pos="n1"
            ecep:reg="Bliss"
            ecep:spe="Bliss"
            ecep:syllab="1"
            ecep:pron="blɪs">Bliss</w>
      </l>
      <l xml:id="o4106-l10110">
         <c> </c>
         <w xml:id="o4106-186640"
            n="154-a-0540"
            ecep:lem="for"
            ecep:pos="p-acp"
            ecep:reg="For"
            ecep:spe="For"
            ecep:syllab="1"
            ecep:pron="fɔː">For</w>
         <c> </c>
         <w xml:id="o4106-186650"
            n="154-a-0550"
            ecep:lem="which"
            ecep:pos="r-crq"
            ecep:reg="which"
            ecep:spe="which"
            ecep:syllab="1"
            ecep:pron="wɪtʃ">which</w>
         <c> </c>
         <w xml:id="o4106-186660"
            n="154-a-0560"
            ecep:lem="i"
            ecep:pos="pns11"
            ecep:reg="I"
            ecep:spe="I"
            ecep:syllab="1"
            ecep:pron="aɪ">I</w>
         <c> </c>
         <w xml:id="o4106-186670"
            n="154-a-0570"
            ecep:lem="fond"
            ecep:pos="av-j"
            ecep:reg="fondly"
            ecep:spe="fondly"
            ecep:syllab="2"
            ecep:pron="ˈfɒndli">fondly</w>
         <c> </c>
         <w xml:id="o4106-186680"
            n="154-a-0580"
            ecep:lem="seek"
            ecep:pos="vvd"
            ecep:reg="sought"
            ecep:spe="sought"
            ecep:syllab="1"
            ecep:pron="sɔːt">sought</w>
         <pc xml:id="o4106-186690"
             n="154-a-0590"
             ecep:lem=","
             ecep:pos=","
             ecep:reg=","
             ecep:spe=",">,</pc>
      </l>
      <l xml:id="o4106-l10115">
         <c> </c>
         <w xml:id="o4106-186700"
            n="154-a-0600"
            ecep:lem="not"
            ecep:pos="xx"
            ecep:reg="Not"
            ecep:spe="Not"
            ecep:syllab="1"
            ecep:pron="nɒt">Not</w>
         <c> </c>
         <w xml:id="o4106-186710"
            n="154-a-0610"
            ecep:lem="worth"
            ecep:pos="j"
            ecep:reg="worth"
            ecep:spe="worth"
            ecep:syllab="1"
            ecep:pron="wɜːθ">worth</w>
         <c> </c>
         <w xml:id="o4106-186720"
            n="154-a-0620"
            ecep:lem="the"
            ecep:pos="dt"
            ecep:reg="the"
            ecep:spe="the"
            ecep:syllab="1"
            ecep:pron="ðiː">the</w>
         <c> </c>
         <w xml:id="o4106-186730"
            n="154-a-0630"
            ecep:lem="long"
            ecep:pos="j"
            ecep:reg="long"
            ecep:spe="long"
            ecep:syllab="1"
            ecep:pron="lɒŋ">long</w>
         <c> </c>
         <w xml:id="o4106-186740"
            n="154-a-0640"
            ecep:lem="impatient"
            ecep:pos="j"
            ecep:reg="impatient"
            ecep:spe="impatient"
            ecep:syllab="3"
            ecep:pron="ɪmˈpeɪʃnt">impatient</w>
         <c> </c>
         <w xml:id="o4106-186750"
            n="154-a-0650"
            ecep:lem="wish"
            ecep:pos="vvb"
            ecep:reg="Wish"
            ecep:spe="Wish"
            ecep:syllab="1"
            ecep:pron="wɪʃ">Wish</w>
         <pc xml:id="o4106-186760"
             n="154-a-0660"
             ecep:lem=","
             ecep:pos=","
             ecep:reg=","
             ecep:spe=",">,</pc>
      </l>
      <l xml:id="o4106-l10120">
         <c> </c>
         <w xml:id="o4106-186770"
            n="154-a-0670"
            ecep:lem="and"
            ecep:pos="cc"
            ecep:reg="And"
            ecep:spe="And"
            ecep:syllab="1"
            ecep:pron="ænd">And</w>
         <c> </c>
         <w xml:id="o4106-186780"
            n="154-a-0680"
            ecep:lem="ardour"
            ecep:pos="n1"
            ecep:reg="Ardour"
            ecep:spe="Ardour"
            ecep:syllab="2"
            ecep:pron="ˈɑːdə">Ardour</w>
         <c> </c>
         <w xml:id="o4106-186790"
            n="154-a-0690"
            ecep:lem="of"
            ecep:pos="pp-f"
            ecep:reg="of"
            ecep:spe="of"
            ecep:syllab="1"
            ecep:pron="ɒv">of</w>
         <c> </c>
         <w xml:id="o4106-186800"
            n="154-a-0700"
            ecep:lem="the"
            ecep:pos="dt"
            ecep:reg="the"
            ecep:spe="the"
            ecep:syllab="1"
            ecep:pron="ðiː">the</w>
         <c> </c>
         <w xml:id="o4106-186810"
            n="154-a-0710"
            ecep:lem="thought"
            ecep:pos="n1"
            ecep:reg="Thought"
            ecep:spe="Thought"
            ecep:syllab="1"
            ecep:pron="θɔːt">Thought</w>
         <pc xml:id="o4106-186820"
             n="154-a-0720"
             unit="sentence"
             ecep:lem="."
             ecep:pos="."
             ecep:reg="."
             ecep:spe=".">.</pc>
         <c> </c>
      </l>
      <l xml:id="o4106-l10125">
         <w xml:id="o4106-186830"
            n="154-a-0730"
            ecep:lem="my"
            ecep:pos="po11"
            ecep:reg="My"
            ecep:spe="My"
            ecep:syllab="1"
            ecep:pron="maɪ">My</w>
         <c> </c>
         <w xml:id="o4106-186840"
            n="154-a-0740"
            ecep:lem="youth"
            ecep:pos="n1"
            ecep:reg="Youth"
            ecep:spe="Youth"
            ecep:syllab="1"
            ecep:pron="juːθ">Youth</w>
         <c> </c>
         <w xml:id="o4106-186850"
            n="154-a-0750"
            ecep:lem="meet"
            ecep:pos="vvd"
            ecep:reg="met"
            ecep:spe="met"
            ecep:syllab="1"
            ecep:pron="met">met</w>
         <c> </c>
         <hi>
            <w xml:id="o4106-186860"
               n="154-a-0760"
               ecep:lem="fortune"
               ecep:pos="n1"
               ecep:reg="Fortune"
               ecep:spe="Fortune"
               ecep:syllab="2"
               ecep:pron="ˈfɔːtʃuːn">Fortune</w>
         </hi>
         <c> </c>
         <w xml:id="o4106-186870"
            n="154-a-0770"
            ecep:lem="fair"
            ecep:pos="j"
            ecep:reg="fair"
            ecep:spe="fair"
            ecep:syllab="1"
            ecep:pron="feə">fair</w>
         <c> </c>
         <w xml:id="o4106-186880"
            n="154-a-0780"
            ecep:lem="array"
            ecep:pos="vvn"
            ecep:reg="arrayed"
            ecep:spe="array'd"
            ecep:syllab="2"
            ecep:pron="əˈreɪd">array'd</w>
         <pc xml:id="o4106-186890"
             n="154-a-0790"
             ecep:lem=","
             ecep:pos=","
             ecep:reg=","
             ecep:spe=",">,</pc>
      </l>
      <l xml:id="o4106-l10130">
         <c> </c>
         <pc xml:id="o4106-186900"
             n="154-a-0800"
             ecep:lem="("
             ecep:pos="("
             ecep:reg="("
             ecep:spe="(">(</pc>
         <w xml:id="o4106-186910"
            n="154-a-0810"
            ecep:lem="in"
            ecep:pos="p-acp"
            ecep:reg="In"
            ecep:spe="In"
            ecep:syllab="1"
            ecep:pron="ɪn">In</w>
         <c> </c>
         <w xml:id="o4106-186920"
            n="154-a-0820"
            ecep:lem="all"
            ecep:pos="d"
            ecep:reg="all"
            ecep:spe="all"
            ecep:syllab="1"
            ecep:pron="ɔːl">all</w>
         <c> </c>
         <w xml:id="o4106-186930"
            n="154-a-0830"
            ecep:lem="her"
            ecep:pos="po31"
            ecep:reg="her"
            ecep:spe="her"
            ecep:syllab="1"
            ecep:pron="hɜː">her</w>
         <c> </c>
         <w xml:id="o4106-186940"
            n="154-a-0840"
            ecep:lem="pomp"
            ecep:pos="n1"
            ecep:reg="Pomp"
            ecep:spe="Pomp"
            ecep:syllab="1"
            ecep:pron="pɒmp">Pomp</w>
         <c> </c>
         <w xml:id="o4106-186950"
            n="154-a-0850"
            ecep:lem="she"
            ecep:pos="pns31"
            ecep:reg="she"
            ecep:spe="she"
            ecep:syllab="1"
            ecep:pron="ʃiː">she</w>
         <c> </c>
         <w xml:id="o4106-186960"
            n="154-a-0860"
            ecep:lem="shine"
            ecep:pos="vvd"
            ecep:reg="shone"
            ecep:spe="shone"
            ecep:syllab="1"
            ecep:pron="ʃɒn">shone</w>
         <pc xml:id="o4106-186970"
             n="154-a-0870"
             ecep:lem=")"
             ecep:pos=")"
             ecep:reg=")"
             ecep:spe=")">)</pc>
      </l>
      <l xml:id="o4106-l10135">
         <c> </c>
         <w xml:id="o4106-186980"
            n="154-a-0880"
            ecep:lem="and"
            ecep:pos="cc"
            ecep:reg="And"
            ecep:spe="And"
            ecep:syllab="1"
            ecep:pron="ænd">And</w>
         <c> </c>
         <w xml:id="o4106-186990"
            n="154-a-0890"
            ecep:lem="may"
            ecep:pos="vmd"
            ecep:reg="might"
            ecep:spe="might"
            ecep:syllab="1"
            ecep:pron="maɪt">might</w>
         <pc xml:id="o4106-187000"
             n="154-a-0900"
             ecep:lem=","
             ecep:pos=","
             ecep:reg=","
             ecep:spe=",">,</pc>
         <c> </c>
         <w xml:id="o4106-187010"
            n="154-a-0910"
            ecep:lem="perhaps"
            ecep:pos="av"
            ecep:reg="perhaps"
            ecep:spe="perhaps"
            ecep:syllab="2"
            ecep:pron="pəˈhæps">perhaps</w>
         <pc xml:id="o4106-187020"
             n="154-a-0920"
             ecep:lem=","
             ecep:pos=","
             ecep:reg=","
             ecep:spe=",">,</pc>
         <c> </c>
         <w xml:id="o4106-187030"
            n="154-a-0930"
            ecep:lem="have"
            ecep:pos="vhb"
            ecep:reg="have"
            ecep:spe="have"
            ecep:syllab="1"
            ecep:pron="hæv">have</w>
         <c> </c>
         <w xml:id="o4106-187040"
            n="154-a-0940"
            ecep:lem="well"
            ecep:pos="av"
            ecep:reg="well"
            ecep:spe="well"
            ecep:syllab="1"
            ecep:pron="wel">well</w>
         <c> </c>
         <w xml:id="o4106-187050"
            n="154-a-0950"
            ecep:lem="essay"
            ecep:pos="vvn"
            ecep:reg="essayed"
            ecep:spe="essay'd"
            ecep:syllab="2"
            ecep:pron="esˈeɪd">essay'd</w>
      </l>
      <l xml:id="o4106-l10140">
         <c> </c>
         <w xml:id="o4106-187060"
            n="154-a-0960"
            ecep:lem="to"
            ecep:pos="pc-acp"
            ecep:reg="To"
            ecep:spe="To"
            ecep:syllab="1"
            ecep:pron="tuː">To</w>
         <c> </c>
         <w xml:id="o4106-187070"
            n="154-a-0970"
            ecep:lem="make"
            ecep:pos="vvi"
            ecep:reg="make"
            ecep:spe="make"
            ecep:syllab="1"
            ecep:pron="meɪk">make</w>
         <c> </c>
         <w xml:id="o4106-187080"
            n="154-a-0980"
            ecep:lem="her"
            ecep:pos="po31"
            ecep:reg="her"
            ecep:spe="her"
            ecep:syllab="1"
            ecep:pron="hɜː">her</w>
         <c> </c>
         <w xml:id="o4106-187090"
            n="154-a-0990"
            ecep:lem="gift"
            ecep:pos="n2"
            ecep:reg="Gifts"
            ecep:spe="Gifts"
            ecep:syllab="1"
            ecep:pron="gɪfts">Gifts</w>
         <c> </c>
         <w xml:id="o4106-187100"
            n="154-a-1000"
            ecep:lem="my"
            ecep:pos="po11"
            ecep:reg="my"
            ecep:spe="my"
            ecep:syllab="1"
            ecep:pron="maɪ">my</w>
         <c> </c>
         <w xml:id="o4106-187110"
            n="154-a-1010"
            ecep:lem="own"
            ecep:pos="d"
            ecep:reg="own"
            ecep:spe="own"
            ecep:syllab="1"
            ecep:pron="əʊn">own</w>
         <pc xml:id="o4106-187120"
             n="154-a-1020"
             ecep:lem=":"
             ecep:pos=":"
             ecep:reg=":"
             ecep:spe=":">:</pc>
      </l>
      <l xml:id="o4106-l10145">
         <c> </c>
         <w xml:id="o4106-187130"
            n="154-a-1030"
            ecep:lem="but"
            ecep:pos="cc-acp"
            ecep:reg="But"
            ecep:spe="But"
            ecep:syllab="1"
            ecep:pron="bʌt">But</w>
         <c> </c>
         <w xml:id="o4106-187140"
            n="154-a-1040"
            ecep:lem="when"
            ecep:pos="c-crq"
            ecep:reg="when"
            ecep:spe="when"
            ecep:syllab="1"
            ecep:pron="wen">when</w>
         <c> </c>
         <w xml:id="o4106-187150"
            n="154-a-1050"
            ecep:lem="i"
            ecep:pos="pns11"
            ecep:reg="I"
            ecep:spe="I"
            ecep:syllab="1"
            ecep:pron="aɪ">I</w>
         <c> </c>
         <w xml:id="o4106-187160"
            n="154-a-1060"
            ecep:lem="see"
            ecep:pos="vvd"
            ecep:reg="saw"
            ecep:spe="saw"
            ecep:syllab="1"
            ecep:pron="sɔː">saw</w>
         <c> </c>
         <w xml:id="o4106-187170"
            n="154-a-1070"
            ecep:lem="the"
            ecep:pos="dt"
            ecep:reg="the"
            ecep:spe="the"
            ecep:syllab="1"
            ecep:pron="ðiː">the</w>
         <c> </c>
         <w xml:id="o4106-187180"
            n="154-a-1080"
            ecep:lem="blessing"
            ecep:pos="n2"
            ecep:reg="Blessings"
            ecep:spe="Blessings"
            ecep:syllab="2"
            ecep:pron="ˈblesɪŋz">Blessings</w>
         <c> </c>
         <w xml:id="o4106-187190"
            n="154-a-1090"
            ecep:lem="shower"
            ecep:pos="n1"
            ecep:reg="shower"
            ecep:spe="show'r"
            ecep:syllab="1"
            ecep:pron="ˈʃaʊə">show'r</w>
      </l>
      <l xml:id="o4106-l10150">
         <c> </c>
         <w xml:id="o4106-187200"
            n="154-a-1100"
            ecep:lem="on"
            ecep:pos="p-acp"
            ecep:reg="On"
            ecep:spe="On"
            ecep:syllab="1"
            ecep:pron="ɒn">On</w>
         <c> </c>
         <w xml:id="o4106-187210"
            n="154-a-1110"
            ecep:lem="some"
            ecep:pos="d"
            ecep:reg="some"
            ecep:spe="some"
            ecep:syllab="1"
            ecep:pron="sʌm">some</w>
         <c> </c>
         <w xml:id="o4106-187220"
            n="154-a-1120"
            ecep:lem="unworthy"
            ecep:pos="j"
            ecep:reg="unworthy"
            ecep:spe="unworthy"
            ecep:syllab="3"
            ecep:pron="ʌnˈwɜːði">unworthy</w>
         <c> </c>
         <w xml:id="o4106-187230"
            n="154-a-1130"
            ecep:lem="mind"
            ecep:pos="n1"
            ecep:reg="Mind"
            ecep:spe="Mind"
            ecep:syllab="1"
            ecep:pron="maɪnd">Mind</w>
         <pc xml:id="o4106-187240"
             n="154-a-1140"
             ecep:lem=","
             ecep:pos=","
             ecep:reg=","
             ecep:spe=",">,</pc>
      </l>
      <pb facs="o4106/0161" n="150" rend="none"/>
      <l xml:id="o4106-l10155">
         <c> </c>
         <w xml:id="o4106-187250"
            n="155-a-0010"
            ecep:lem="i"
            ecep:pos="pns11"
            ecep:reg="I"
            ecep:spe="I"
            ecep:syllab="1"
            ecep:pron="aɪ">I</w>
         <c> </c>
         <w xml:id="o4106-187260"
            n="155-a-0020"
            ecep:lem="leave"
            ecep:pos="vvd"
            ecep:reg="left"
            ecep:spe="left"
            ecep:syllab="1"
            ecep:pron="left">left</w>
         <c> </c>
         <w xml:id="o4106-187270"
            n="155-a-0030"
            ecep:lem="the"
            ecep:pos="dt"
            ecep:reg="the"
            ecep:spe="the"
            ecep:syllab="1"
            ecep:pron="ðiː">the</w>
         <c> </c>
         <w xml:id="o4106-187280"
            n="155-a-0040"
            ecep:lem="chace"
            ecep:pos="n1"
            ecep:reg="Chase"
            ecep:spe="Chace"
            ecep:syllab="1"
            ecep:pron="ˈtʃeɪs">Chace</w>
         <pc xml:id="o4106-187290"
             n="155-a-0050"
             ecep:lem=","
             ecep:pos=","
             ecep:reg=","
             ecep:spe=",">,</pc>
         <c> </c>
         <w xml:id="o4106-187300"
            n="155-a-0060"
            ecep:lem="and"
            ecep:pos="cc"
            ecep:reg="and"
            ecep:spe="and"
            ecep:syllab="1"
            ecep:pron="ænd">and</w>
         <c> </c>
         <w xml:id="o4106-187310"
            n="155-a-0070"
            ecep:lem="own"
            ecep:pos="vvd"
            ecep:reg="owned"
            ecep:spe="own'd"
            ecep:syllab="1"
            ecep:pron="əʊnd">own'd</w>
         <c> </c>
         <w xml:id="o4106-187320"
            n="155-a-0080"
            ecep:lem="he"
            ecep:pos="pns31"
            ecep:reg="he"
            ecep:spe="he"
            ecep:syllab="1"
            ecep:pron="hiː">he</w>
         <c> </c>
         <hi>
            <w xml:id="o4106-187330"
               n="155-a-0090"
               ecep:lem="power"
               ecep:pos="n1"
               ecep:reg="Power"
               ecep:spe="Pow'r"
               ecep:syllab="1"
               ecep:pron="ˈpaʊə">Pow'r</w>
         </hi>
      </l>
      <l xml:id="o4106-l10160">
         <c> </c>
         <w xml:id="o4106-187340"
            n="155-a-0100"
            ecep:lem="be"
            ecep:pos="vbds"
            ecep:reg="Was"
            ecep:spe="Was"
            ecep:syllab="1"
            ecep:pron="wɒz">Was</w>
         <c> </c>
         <w xml:id="o4106-187350"
            n="155-a-0110"
            ecep:lem="just"
            ecep:pos="av-j"
            ecep:reg="justly"
            ecep:spe="justly"
            ecep:syllab="2"
            ecep:pron="dʒʌstli">justly</w>
         <c> </c>
         <w xml:id="o4106-187360"
            n="155-a-0120"
            ecep:lem="paint"
            ecep:pos="vvn"
            ecep:reg="painted"
            ecep:spe="painted"
            ecep:syllab="2"
            ecep:pron="peɪntɪd">painted</w>
         <c> </c>
         <w xml:id="o4106-187370"
            n="155-a-0130"
            ecep:lem="blind"
            ecep:pos="j"
            ecep:reg="blind"
            ecep:spe="blind"
            ecep:syllab="1"
            ecep:pron="blaɪnd">blind</w>
         <pc xml:id="o4106-187380"
             n="155-a-0140"
             unit="sentence"
             ecep:lem="."
             ecep:pos="."
             ecep:reg="."
             ecep:spe=".">.</pc>
         <c> </c>
      </l>
      <l xml:id="o4106-l10165">
         <w xml:id="o4106-187390"
            n="155-a-0150"
            ecep:lem="i"
            ecep:pos="pns11"
            ecep:reg="I"
            ecep:spe="I"
            ecep:syllab="1"
            ecep:pron="aɪ">I</w>
         <c> </c>
         <w xml:id="o4106-187400"
            n="155-a-0160"
            ecep:lem="pass"
            ecep:pos="vvd"
            ecep:reg="passed"
            ecep:spe="pass'd"
            ecep:syllab="1"
            ecep:pron="pɑːst">pass'd</w>
         <c> </c>
         <w xml:id="o4106-187410"
            n="155-a-0170"
            ecep:lem="the"
            ecep:pos="dt"
            ecep:reg="the"
            ecep:spe="the"
            ecep:syllab="1"
            ecep:pron="ðiː">the</w>
         <c> </c>
         <w xml:id="o4106-187420"
            n="155-a-0180"
            ecep:lem="glory"
            ecep:pos="n2"
            ecep:reg="Glories"
            ecep:spe="Glories"
            ecep:syllab="2"
            ecep:pron="ˈglɔːriz">Glories</w>
         <c> </c>
         <w xml:id="o4106-187430"
            n="155-a-0190"
            ecep:lem="which"
            ecep:pos="r-crq"
            ecep:reg="which"
            ecep:spe="which"
            ecep:syllab="1"
            ecep:pron="wɪtʃ">which</w>
         <c> </c>
         <w xml:id="o4106-187440"
            n="155-a-0200"
            ecep:lem="adorn"
            ecep:pos="vvb"
            ecep:reg="adorn"
            ecep:spe="adorn"
            ecep:syllab="2"
            ecep:pron="əˈdɔːn">adorn</w>
      </l>
      <l xml:id="o4106-l10170">
         <c> </c>
         <w xml:id="o4106-187450"
            n="155-a-0210"
            ecep:lem="the"
            ecep:pos="dt"
            ecep:reg="The"
            ecep:spe="The"
            ecep:syllab="1"
            ecep:pron="ðiː">The</w>
         <c> </c>
         <w xml:id="o4106-187460"
            n="155-a-0220"
            ecep:lem="splendid"
            ecep:pos="j"
            ecep:reg="splendid"
            ecep:spe="splendid"
            ecep:syllab="2"
            ecep:pron="ˈsplendɪd">splendid</w>
         <c> </c>
         <w xml:id="o4106-187470"
            n="155-a-0230"
            ecep:lem="court"
            ecep:pos="n2"
            ecep:reg="Courts"
            ecep:spe="Courts"
            ecep:syllab="1"
            ecep:pron="kɔːts">Courts</w>
         <c> </c>
         <w xml:id="o4106-187480"
            n="155-a-0240"
            ecep:lem="of"
            ecep:pos="pp-f"
            ecep:reg="of"
            ecep:spe="of"
            ecep:syllab="1"
            ecep:pron="ɒv">of</w>
         <c> </c>
         <w xml:id="o4106-187490"
            n="155-a-0250"
            ecep:lem="king"
            ecep:pos="n2"
            ecep:reg="Kings"
            ecep:spe="Kings"
            ecep:syllab="1"
            ecep:pron="kɪŋz">Kings</w>
         <pc xml:id="o4106-187500"
             n="155-a-0260"
             ecep:lem=","
             ecep:pos=","
             ecep:reg=","
             ecep:spe=",">,</pc>
      </l>
      <l xml:id="o4106-l10175">
         <c> </c>
         <w xml:id="o4106-187510"
            n="155-a-0270"
            ecep:lem="and"
            ecep:pos="cc"
            ecep:reg="And"
            ecep:spe="And"
            ecep:syllab="1"
            ecep:pron="ænd">And</w>
         <c> </c>
         <w xml:id="o4106-187520"
            n="155-a-0280"
            ecep:lem="while"
            ecep:pos="cs"
            ecep:reg="while"
            ecep:spe="while"
            ecep:syllab="1"
            ecep:pron="ˈwaɪl">while</w>
         <c> </c>
         <w xml:id="o4106-187530"
            n="155-a-0290"
            ecep:lem="the"
            ecep:pos="dt"
            ecep:reg="the"
            ecep:spe="the"
            ecep:syllab="1"
            ecep:pron="ðiː">the</w>
         <c> </c>
         <w xml:id="o4106-187540"
            n="155-a-0300"
            ecep:lem="person"
            ecep:pos="n2"
            ecep:reg="Persons"
            ecep:spe="Persons"
            ecep:syllab="2"
            ecep:pron="ˈpɜːsnz">Persons</w>
         <c> </c>
         <w xml:id="o4106-187550"
            n="155-a-0310"
            ecep:lem="move"
            ecep:pos="vvd"
            ecep:reg="moved"
            ecep:spe="mov'd"
            ecep:syllab="1"
            ecep:pron="muːvd">mov'd</w>
         <c> </c>
         <w xml:id="o4106-187560"
            n="155-a-0320"
            ecep:lem="my"
            ecep:pos="po11"
            ecep:reg="my"
            ecep:spe="my"
            ecep:syllab="1"
            ecep:pron="maɪ">my</w>
         <c> </c>
         <w xml:id="o4106-187570"
            n="155-a-0330"
            ecep:lem="scorn"
            ecep:pos="n1"
            ecep:reg="Scorn"
            ecep:spe="Scorn"
            ecep:syllab="1"
            ecep:pron="skɔːn">Scorn</w>
         <pc xml:id="o4106-187580"
             n="155-a-0340"
             ecep:lem=","
             ecep:pos=","
             ecep:reg=","
             ecep:spe=",">,</pc>
      </l>
      <l xml:id="o4106-l10180">
         <c> </c>
         <w xml:id="o4106-187590"
            n="155-a-0350"
            ecep:lem="i"
            ecep:pos="pns11"
            ecep:reg="I"
            ecep:spe="I"
            ecep:syllab="1"
            ecep:pron="aɪ">I</w>
         <c> </c>
         <w xml:id="o4106-187600"
            n="155-a-0360"
            ecep:lem="rise"
            ecep:pos="vvd"
            ecep:reg="rose"
            ecep:spe="rose"
            ecep:syllab="1"
            ecep:pron="rəʊz">rose</w>
         <c> </c>
         <w xml:id="o4106-187610"
            n="155-a-0370"
            ecep:lem="to"
            ecep:pos="pc-acp"
            ecep:reg="to"
            ecep:spe="to"
            ecep:syllab="1"
            ecep:pron="tuː">to</w>
         <c> </c>
         <w xml:id="o4106-187620"
            n="155-a-0380"
            ecep:lem="scorn"
            ecep:pos="vvi"
            ecep:reg="scorn"
            ecep:spe="scorn"
            ecep:syllab="1"
            ecep:pron="skɔːn">scorn</w>
         <c> </c>
         <w xml:id="o4106-187630"
            n="155-a-0390"
            ecep:lem="the"
            ecep:pos="dt"
            ecep:reg="the"
            ecep:spe="the"
            ecep:syllab="1"
            ecep:pron="ðiː">the</w>
         <c> </c>
         <w xml:id="o4106-187640"
            n="155-a-0400"
            ecep:lem="thing"
            ecep:pos="n2"
            ecep:reg="Things"
            ecep:spe="Things"
            ecep:syllab="1"
            ecep:pron="θɪŋz">Things</w>
         <pc xml:id="o4106-187650"
             n="155-a-0410"
             unit="sentence"
             ecep:lem="."
             ecep:pos="."
             ecep:reg="."
             ecep:spe=".">.</pc>
         <c> </c>
      </l>
      <l xml:id="o4106-l10185">
         <w xml:id="o4106-187660"
            n="155-a-0420"
            ecep:lem="my"
            ecep:pos="po11"
            ecep:reg="My"
            ecep:spe="My"
            ecep:syllab="1"
            ecep:pron="maɪ">My</w>
         <c> </c>
         <w xml:id="o4106-187670"
            n="155-a-0430"
            ecep:lem="manhood"
            ecep:pos="n1"
            ecep:reg="Manhood"
            ecep:spe="Manhood"
            ecep:syllab="2"
            ecep:pron="ˈmænhʊd">Manhood</w>
         <c> </c>
         <w xml:id="o4106-187680"
            n="155-a-0440"
            ecep:lem="feel"
            ecep:pos="vvd"
            ecep:reg="felt"
            ecep:spe="felt"
            ecep:syllab="1"
            ecep:pron="felt">felt</w>
         <c> </c>
         <w xml:id="o4106-187690"
            n="155-a-0450"
            ecep:lem="a"
            ecep:pos="dt"
            ecep:reg="a"
            ecep:spe="a"
            ecep:syllab="1"
            ecep:pron="ə">a</w>
         <c> </c>
         <w xml:id="o4106-187700"
            n="155-a-0460"
            ecep:lem="vigorous"
            ecep:pos="j"
            ecep:reg="vigorous"
            ecep:spe="vig'rous"
            ecep:syllab="2"
            ecep:pron="ˈvɪgrəs">vig'rous</w>
         <c> </c>
         <w xml:id="o4106-187710"
            n="155-a-0470"
            ecep:lem="fire"
            ecep:pos="n1"
            ecep:reg="Fire"
            ecep:spe="Fire"
            ecep:syllab="1"
            ecep:pron="fæə">Fire</w>
      </l>
      <l xml:id="o4106-l10190">
         <c> </c>
         <w xml:id="o4106-187720"
            n="155-a-0480"
            ecep:lem="by"
            ecep:pos="p-acp"
            ecep:reg="By"
            ecep:spe="By"
            ecep:syllab="1"
            ecep:pron="baɪ">By</w>
         <c> </c>
         <w xml:id="o4106-187730"
            n="155-a-0490"
            ecep:lem="love"
            ecep:pos="np1-n"
            ecep:reg="Love"
            ecep:spe="Love"
            ecep:syllab="1"
            ecep:pron="lʌv">Love</w>
         <c> </c>
         <w xml:id="o4106-187740"
            n="155-a-0500"
            ecep:lem="increase"
            ecep:pos="vvd"
            ecep:reg="increased"
            ecep:spe="encreas'd"
            ecep:syllab="2"
            ecep:pron="enkrˈiːzd">encreas'd</w>
         <c> </c>
         <w xml:id="o4106-187750"
            n="155-a-0510"
            ecep:lem="the"
            ecep:pos="dt"
            ecep:reg="the"
            ecep:spe="the"
            ecep:syllab="1"
            ecep:pron="ðiː">the</w>
         <c> </c>
         <w xml:id="o4106-187760"
            n="155-a-0520"
            ecep:lem="more"
            ecep:pos="av-dc"
            ecep:reg="more"
            ecep:spe="more"
            ecep:syllab="1"
            ecep:pron="mɔː">more</w>
         <pc xml:id="o4106-187770"
             n="155-a-0530"
             ecep:lem=";"
             ecep:pos=";"
             ecep:reg=";"
             ecep:spe=";">;</pc>
      </l>
      <l xml:id="o4106-l10195">
         <c> </c>
         <w xml:id="o4106-187780"
            n="155-a-0540"
            ecep:lem="but"
            ecep:pos="cc-acp"
            ecep:reg="But"
            ecep:spe="But"
            ecep:syllab="1"
            ecep:pron="bʌt">But</w>
         <c> </c>
         <w xml:id="o4106-187790"
            n="155-a-0550"
            ecep:lem="year"
            ecep:pos="n2"
            ecep:reg="Years"
            ecep:spe="Years"
            ecep:syllab="1"
            ecep:pron="jɪəz">Years</w>
         <c> </c>
         <w xml:id="o4106-187800"
            n="155-a-0560"
            ecep:lem="with"
            ecep:pos="p-acp"
            ecep:reg="with"
            ecep:spe="with"
            ecep:syllab="1"
            ecep:pron="wɪð">with</w>
         <c> </c>
         <w xml:id="o4106-187810"
            n="155-a-0570"
            ecep:lem="come"
            ecep:pos="vvg"
            ecep:reg="coming"
            ecep:spe="coming"
            ecep:syllab="2"
            ecep:pron="kʌmɪŋ">coming</w>
         <c> </c>
         <w xml:id="o4106-187820"
            n="155-a-0580"
            ecep:lem="year"
            ecep:pos="n2"
            ecep:reg="Years"
            ecep:spe="Years"
            ecep:syllab="1"
            ecep:pron="jɪəz">Years</w>
         <c> </c>
         <w xml:id="o4106-187830"
            n="155-a-0590"
            ecep:lem="conspire"
            ecep:pos="vvb"
            ecep:reg="conspire"
            ecep:spe="conspire"
            ecep:syllab="2"
            ecep:pron="kənˈspaɪə">conspire</w>
      </l>
      <l xml:id="o4106-l10200">
         <c> </c>
         <w xml:id="o4106-187840"
            n="155-a-0600"
            ecep:lem="to"
            ecep:pos="pc-acp"
            ecep:reg="To"
            ecep:spe="To"
            ecep:syllab="1"
            ecep:pron="tuː">To</w>
         <c> </c>
         <w xml:id="o4106-187850"
            n="155-a-0610"
            ecep:lem="break"
            ecep:pos="vvi"
            ecep:reg="break"
            ecep:spe="break"
            ecep:syllab="1"
            ecep:pron="breɪk">break</w>
         <c> </c>
         <w xml:id="o4106-187860"
            n="155-a-0620"
            ecep:lem="the"
            ecep:pos="dt"
            ecep:reg="the"
            ecep:spe="the"
            ecep:syllab="1"
            ecep:pron="ðiː">the</w>
         <c> </c>
         <w xml:id="o4106-187870"
            n="155-a-0630"
            ecep:lem="chain"
            ecep:pos="n2"
            ecep:reg="Chains"
            ecep:spe="Chains"
            ecep:syllab="1"
            ecep:pron="tʃeɪnz">Chains</w>
         <c> </c>
         <w xml:id="o4106-187880"
            n="155-a-0640"
            ecep:lem="i"
            ecep:pos="pns11"
            ecep:reg="I"
            ecep:spe="I"
            ecep:syllab="1"
            ecep:pron="aɪ">I</w>
         <c> </c>
         <w xml:id="o4106-187890"
            n="155-a-0650"
            ecep:lem="wear"
            ecep:pos="vvd"
            ecep:reg="wore"
            ecep:spe="wore"
            ecep:syllab="1"
            ecep:pron="wɔː">wore</w>
         <pc xml:id="o4106-187900"
             n="155-a-0660"
             unit="sentence"
             ecep:lem="."
             ecep:pos="."
             ecep:reg="."
             ecep:spe=".">.</pc>
         <c> </c>
      </l>
      <l xml:id="o4106-l10205">
         <w xml:id="o4106-187910"
            n="155-a-0670"
            ecep:lem="in"
            ecep:pos="p-acp"
            ecep:reg="In"
            ecep:spe="In"
            ecep:syllab="1"
            ecep:pron="ɪn">In</w>
         <c> </c>
         <w xml:id="o4106-187920"
            n="155-a-0680"
            ecep:lem="weakness"
            ecep:pos="n1"
            ecep:reg="Weakness"
            ecep:spe="Weakness"
            ecep:syllab="2"
            ecep:pron="ˈwiːknəs">Weakness</w>
         <c> </c>
         <w xml:id="o4106-187930"
            n="155-a-0690"
            ecep:lem="safe"
            ecep:pos="j"
            ecep:reg="safe"
            ecep:spe="safe"
            ecep:syllab="1"
            ecep:pron="seɪf">safe</w>
         <pc xml:id="o4106-187940"
             n="155-a-0700"
             ecep:lem=","
             ecep:pos=","
             ecep:reg=","
             ecep:spe=",">,</pc>
         <c> </c>
         <w xml:id="o4106-187950"
            n="155-a-0710"
            ecep:lem="the"
            ecep:pos="dt"
            ecep:reg="the"
            ecep:spe="the"
            ecep:syllab="1"
            ecep:pron="ðiː">the</w>
         <c> </c>
         <hi>
            <w xml:id="o4106-187960"
               n="155-a-0720"
               ecep:lem="sex"
               ecep:pos="n1"
               ecep:reg="Sex"
               ecep:spe="Sex"
               ecep:syllab="1"
               ecep:pron="seks">Sex</w>
         </hi>
         <c> </c>
         <w xml:id="o4106-187970"
            n="155-a-0730"
            ecep:lem="i"
            ecep:pos="pns11"
            ecep:reg="I"
            ecep:spe="I"
            ecep:syllab="1"
            ecep:pron="aɪ">I</w>
         <c> </c>
         <w xml:id="o4106-187980"
            n="155-a-0740"
            ecep:lem="see"
            ecep:pos="vvb"
            ecep:reg="see"
            ecep:spe="see"
            ecep:syllab="1"
            ecep:pron="siː">see</w>
      </l>
      <l xml:id="o4106-l10210">
         <c> </c>
         <w xml:id="o4106-187990"
            n="155-a-0750"
            ecep:lem="with"
            ecep:pos="p-acp"
            ecep:reg="With"
            ecep:spe="With"
            ecep:syllab="1"
            ecep:pron="wɪð">With</w>
         <c> </c>
         <w xml:id="o4106-188000"
            n="155-a-0760"
            ecep:lem="idle"
            ecep:pos="j"
            ecep:reg="idle"
            ecep:spe="idle"
            ecep:syllab="2"
            ecep:pron="ˈaɪdl">idle</w>
         <c> </c>
         <w xml:id="o4106-188010"
            n="155-a-0770"
            ecep:lem="lustre"
            ecep:pos="n1"
            ecep:reg="Lustre"
            ecep:spe="Lustre"
            ecep:syllab="2"
            ecep:pron="ˈlʌstə">Lustre</w>
         <c> </c>
         <w xml:id="o4106-188020"
            n="155-a-0780"
            ecep:lem="shine"
            ecep:pos="vvi"
            ecep:reg="shine"
            ecep:spe="shine"
            ecep:syllab="1"
            ecep:pron="ʃaɪn">shine</w>
         <pc xml:id="o4106-188030"
             n="155-a-0790"
             ecep:lem=";"
             ecep:pos=";"
             ecep:reg=";"
             ecep:spe=";">;</pc>
      </l>
      <l xml:id="o4106-l10215">
         <c> </c>
         <w xml:id="o4106-188040"
            n="155-a-0800"
            ecep:lem="for"
            ecep:pos="p-acp"
            ecep:reg="For"
            ecep:spe="For"
            ecep:syllab="1"
            ecep:pron="fɔː">For</w>
         <c> </c>
         <w xml:id="o4106-188050"
            n="155-a-0810"
            ecep:lem="what"
            ecep:pos="r-crq"
            ecep:reg="what"
            ecep:spe="what"
            ecep:syllab="1"
            ecep:pron="wɒt">what</w>
         <c> </c>
         <w xml:id="o4106-188060"
            n="155-a-0820"
            ecep:lem="be"
            ecep:pos="vbb"
            ecep:reg="are"
            ecep:spe="are"
            ecep:syllab="1"
            ecep:pron="ɑː">are</w>
         <c> </c>
         <w xml:id="o4106-188070"
            n="155-a-0830"
            ecep:lem="all"
            ecep:pos="d"
            ecep:reg="all"
            ecep:spe="all"
            ecep:syllab="1"
            ecep:pron="ɔːl">all</w>
         <c> </c>
         <w xml:id="o4106-188080"
            n="155-a-0840"
            ecep:lem="their"
            ecep:pos="po32"
            ecep:reg="their"
            ecep:spe="their"
            ecep:syllab="1"
            ecep:pron="ðeə">their</w>
         <c> </c>
         <w xml:id="o4106-188090"
            n="155-a-0850"
            ecep:lem="joy"
            ecep:pos="n2"
            ecep:reg="Joys"
            ecep:spe="Joys"
            ecep:syllab="1"
            ecep:pron="dʒɔɪz">Joys</w>
         <c> </c>
         <w xml:id="o4106-188100"
            n="155-a-0860"
            ecep:lem="to"
            ecep:pos="p-acp"
            ecep:reg="to"
            ecep:spe="to"
            ecep:syllab="1"
            ecep:pron="tuː">to</w>
         <c> </c>
         <w xml:id="o4106-188110"
            n="155-a-0870"
            ecep:lem="i"
            ecep:pos="pno11"
            ecep:reg="me"
            ecep:spe="me"
            ecep:syllab="1"
            ecep:pron="miː">me</w>
         <pc xml:id="o4106-188120"
             n="155-a-0880"
             ecep:lem=","
             ecep:pos=","
             ecep:reg=","
             ecep:spe=",">,</pc>
      </l>
      <l xml:id="o4106-l10220">
         <c> </c>
         <w xml:id="o4106-188130"
            n="155-a-0890"
            ecep:lem="which"
            ecep:pos="r-crq"
            ecep:reg="Which"
            ecep:spe="Which"
            ecep:syllab="1"
            ecep:pron="wɪtʃ">Which</w>
         <c> </c>
         <w xml:id="o4106-188140"
            n="155-a-0900"
            ecep:lem="can"
            ecep:pos="vmbx"
            ecep:reg="cannot"
            ecep:spe="cannot"
            ecep:syllab="2"
            ecep:pron="ˈkænɒt">cannot</w>
         <c> </c>
         <w xml:id="o4106-188150"
            n="155-a-0910"
            ecep:lem="now"
            ecep:pos="av"
            ecep:reg="now"
            ecep:spe="now"
            ecep:syllab="1"
            ecep:pron="naʊ">now</w>
         <c> </c>
         <w xml:id="o4106-188160"
            n="155-a-0920"
            ecep:lem="be"
            ecep:pos="vbb"
            ecep:reg="be"
            ecep:spe="be"
            ecep:syllab="1"
            ecep:pron="biː">be</w>
         <c> </c>
         <w xml:id="o4106-188170"
            n="155-a-0930"
            ecep:lem="i"
            ecep:pos="png11"
            ecep:reg="mine"
            ecep:spe="mine"
            ecep:syllab="1"
            ecep:pron="maɪn">mine</w>
         <pc xml:id="o4106-188180"
             n="155-a-0940"
             unit="sentence"
             ecep:lem="?"
             ecep:pos="?"
             ecep:reg="?"
             ecep:spe="?">?</pc>
         <c> </c>
      </l>
      <l xml:id="o4106-l10225">
         <w xml:id="o4106-188190"
            n="155-a-0950"
            ecep:lem="but"
            ecep:pos="p-acp"
            ecep:reg="But"
            ecep:spe="But"
            ecep:syllab="1"
            ecep:pron="bʌt">But</w>
         <c> </c>
         <w xml:id="o4106-188200"
            n="155-a-0960"
            ecep:lem="hold"
            ecep:pos="n1"
            ecep:reg="hold"
            ecep:spe="hold"
            ecep:syllab="1"
            ecep:pron="həʊld">hold</w>
         <c> </c>
         <pc xml:id="o4106-188210"
             n="155-a-0970"
             ecep:lem="—"
             ecep:pos="—"
             ecep:reg="—"
             ecep:spe="—">—</pc>
         <c> </c>
         <w xml:id="o4106-188220"
            n="155-a-0980"
            ecep:lem="i"
            ecep:pos="pns11"
            ecep:reg="I"
            ecep:spe="I"
            ecep:syllab="1"
            ecep:pron="aɪ">I</w>
         <c> </c>
         <w xml:id="o4106-188230"
            n="155-a-0990"
            ecep:lem="feel"
            ecep:pos="vvb"
            ecep:reg="feel"
            ecep:spe="feel"
            ecep:syllab="1"
            ecep:pron="fiːl">feel</w>
         <c> </c>
         <w xml:id="o4106-188240"
            n="155-a-1000"
            ecep:lem="my"
            ecep:pos="po11"
            ecep:reg="my"
            ecep:spe="my"
            ecep:syllab="1"
            ecep:pron="maɪ">my</w>
         <c> </c>
         <hi>
            <w xml:id="o4106-188250"
               n="155-a-1010"
               ecep:lem="gout"
               ecep:pos="n1"
               ecep:reg="Gout"
               ecep:spe="Gout"
               ecep:syllab="1"
               ecep:pron="gaʊt">Gout</w>
         </hi>
         <c> </c>
         <w xml:id="o4106-188260"
            n="155-a-1020"
            ecep:lem="decrease"
            ecep:pos="vvi"
            ecep:reg="decrease"
            ecep:spe="decrease"
            ecep:syllab="2"
            ecep:pron="ˈdiːkriːs">decrease</w>
         <pc xml:id="o4106-188270"
             n="155-a-1030"
             ecep:lem=","
             ecep:pos=","
             ecep:reg=","
             ecep:spe=",">,</pc>
      </l>
      <l xml:id="o4106-l10230">
         <c> </c>
         <w xml:id="o4106-188280"
            n="155-a-1040"
            ecep:lem="my"
            ecep:pos="po11"
            ecep:reg="My"
            ecep:spe="My"
            ecep:syllab="1"
            ecep:pron="maɪ">My</w>
         <c> </c>
         <w xml:id="o4106-188290"
            n="155-a-1050"
            ecep:lem="trouble"
            ecep:pos="n2"
            ecep:reg="Troubles"
            ecep:spe="Troubles"
            ecep:syllab="2"
            ecep:pron="ˈtrʌblz">Troubles</w>
         <c> </c>
         <w xml:id="o4106-188300"
            n="155-a-1060"
            ecep:lem="lay"
            ecep:pos="vvn"
            ecep:reg="laid"
            ecep:spe="laid"
            ecep:syllab="1"
            ecep:pron="leɪd">laid</w>
         <c> </c>
         <w xml:id="o4106-188310"
            n="155-a-1070"
            ecep:lem="to"
            ecep:pos="p-acp"
            ecep:reg="to"
            ecep:spe="to"
            ecep:syllab="1"
            ecep:pron="tuː">to</w>
         <c> </c>
         <w xml:id="o4106-188320"
            n="155-a-1080"
            ecep:lem="rest"
            ecep:pos="n1"
            ecep:reg="rest"
            ecep:spe="rest"
            ecep:syllab="1"
            ecep:pron="rest">rest</w>
         <pc xml:id="o4106-188330"
             n="155-a-1090"
             ecep:lem=","
             ecep:pos=","
             ecep:reg=","
             ecep:spe=",">,</pc>
      </l>
      <l xml:id="o4106-l10235">
         <c> </c>
         <w xml:id="o4106-188340"
            n="155-a-1100"
            ecep:lem="and"
            ecep:pos="cc"
            ecep:reg="And"
            ecep:spe="And"
            ecep:syllab="1"
            ecep:pron="ænd">And</w>
         <c> </c>
         <w xml:id="o4106-188350"
            n="155-a-1110"
            ecep:lem="truth"
            ecep:pos="n2"
            ecep:reg="Truths"
            ecep:spe="Truths"
            ecep:syllab="1"
            ecep:pron="truːðz">Truths</w>
         <c> </c>
         <w xml:id="o4106-188360"
            n="155-a-1120"
            ecep:lem="which"
            ecep:pos="r-crq"
            ecep:reg="which"
            ecep:spe="which"
            ecep:syllab="1"
            ecep:pron="wɪtʃ">which</w>
         <c> </c>
         <w xml:id="o4106-188370"
            n="155-a-1130"
            ecep:lem="will"
            ecep:pos="vmd"
            ecep:reg="would"
            ecep:spe="wou'd"
            ecep:syllab="1"
            ecep:pron="wʊd">wou'd</w>
         <c> </c>
         <w xml:id="o4106-188380"
            n="155-a-1140"
            ecep:lem="disturb"
            ecep:pos="vvi"
            ecep:reg="disturb"
            ecep:spe="disturb"
            ecep:syllab="2"
            ecep:pron="dɪˈstɜːb">disturb</w>
         <c> </c>
         <w xml:id="o4106-188390"
            n="155-a-1150"
            ecep:lem="my"
            ecep:pos="po11"
            ecep:reg="my"
            ecep:spe="my"
            ecep:syllab="1"
            ecep:pron="maɪ">my</w>
         <c> </c>
         <w xml:id="o4106-188400"
            n="155-a-1160"
            ecep:lem="peace"
            ecep:pos="n1"
            ecep:reg="Peace"
            ecep:spe="Peace"
            ecep:syllab="1"
            ecep:pron="piːs">Peace</w>
      </l>
      <l xml:id="o4106-l10240">
         <c> </c>
         <w xml:id="o4106-188410"
            n="155-a-1170"
            ecep:lem="be"
            ecep:pos="vbb"
            ecep:reg="Are"
            ecep:spe="Are"
            ecep:syllab="1"
            ecep:pron="ɑː">Are</w>
         <c> </c>
         <w xml:id="o4106-188420"
            n="155-a-1180"
            ecep:lem="painful"
            ecep:pos="j"
            ecep:reg="painful"
            ecep:spe="painful"
            ecep:syllab="2"
            ecep:pron="ˈpeɪnfl">painful</w>
         <c> </c>
         <w xml:id="o4106-188430"
            n="155-a-1190"
            ecep:lem="truth"
            ecep:pos="n2"
            ecep:reg="Truths"
            ecep:spe="Truths"
            ecep:syllab="1"
            ecep:pron="truːðz">Truths</w>
         <c> </c>
         <w xml:id="o4106-188440"
            n="155-a-1200"
            ecep:lem="at"
            ecep:pos="p-acp"
            ecep:reg="at"
            ecep:spe="at"
            ecep:syllab="1"
            ecep:pron="æt">at</w>
         <c> </c>
         <w xml:id="o4106-188450"
            n="155-a-1210"
            ecep:lem="best"
            ecep:pos="js"
            ecep:reg="best"
            ecep:spe="best"
            ecep:syllab="1"
            ecep:pron="best">best</w>
         <pc xml:id="o4106-188460"
             n="155-a-1220"
             unit="sentence"
             ecep:lem="."
             ecep:pos="."
             ecep:reg="."
             ecep:spe=".">.</pc>
         <c> </c>
      </l>
      <pb facs="o4106/0162" n="151" rend="none"/>
      <l xml:id="o4106-l10245">
         <w xml:id="o4106-188470"
            n="156-a-0010"
            ecep:lem="vain"
            ecep:pos="av-j"
            ecep:reg="Vainly"
            ecep:spe="Vainly"
            ecep:syllab="2"
            ecep:pron="veɪnli">Vainly</w>
         <c> </c>
         <w xml:id="o4106-188480"
            n="156-a-0020"
            ecep:lem="the"
            ecep:pos="dt"
            ecep:reg="the"
            ecep:spe="the"
            ecep:syllab="1"
            ecep:pron="ðiː">the</w>
         <c> </c>
         <w xml:id="o4106-188490"
            n="156-a-0030"
            ecep:lem="time"
            ecep:pos="n1"
            ecep:reg="Time"
            ecep:spe="Time"
            ecep:syllab="1"
            ecep:pron="taɪm">Time</w>
         <c> </c>
         <w xml:id="o4106-188500"
            n="156-a-0040"
            ecep:lem="i"
            ecep:pos="pns11"
            ecep:reg="I"
            ecep:spe="I"
            ecep:syllab="1"
            ecep:pron="aɪ">I</w>
         <c> </c>
         <w xml:id="o4106-188510"
            n="156-a-0050"
            ecep:lem="have"
            ecep:pos="vhb"
            ecep:reg="have"
            ecep:spe="have"
            ecep:syllab="1"
            ecep:pron="hæv">have</w>
         <c> </c>
         <w xml:id="o4106-188520"
            n="156-a-0060"
            ecep:lem="to"
            ecep:pos="pc-acp"
            ecep:reg="to"
            ecep:spe="to"
            ecep:syllab="1"
            ecep:pron="tuː">to</w>
         <c> </c>
         <w xml:id="o4106-188530"
            n="156-a-0070"
            ecep:lem="roll"
            ecep:pos="vvi"
            ecep:reg="roll"
            ecep:spe="roll"
            ecep:syllab="1"
            ecep:pron="rəʊl">roll</w>
      </l>
      <l xml:id="o4106-l10250">
         <c> </c>
         <w xml:id="o4106-188540"
            n="156-a-0080"
            ecep:lem="in"
            ecep:pos="p-acp"
            ecep:reg="In"
            ecep:spe="In"
            ecep:syllab="1"
            ecep:pron="ɪn">In</w>
         <c> </c>
         <w xml:id="o4106-188550"
            n="156-a-0090"
            ecep:lem="sad"
            ecep:pos="j"
            ecep:reg="sad"
            ecep:spe="sad"
            ecep:syllab="1"
            ecep:pron="sæd">sad</w>
         <c> </c>
         <w xml:id="o4106-188560"
            n="156-a-0100"
            ecep:lem="reflection"
            ecep:pos="n1"
            ecep:reg="Reflection"
            ecep:spe="Reflection"
            ecep:syllab="3"
            ecep:pron="rɪˈflekʃn">Reflection</w>
         <c> </c>
         <w xml:id="o4106-188570"
            n="156-a-0110"
            ecep:lem="fly"
            ecep:pos="vvz"
            ecep:reg="flies"
            ecep:spe="flies"
            ecep:syllab="1"
            ecep:pron="flaɪz">flies</w>
         <pc xml:id="o4106-188580"
             n="156-a-0120"
             ecep:lem=";"
             ecep:pos=";"
             ecep:reg=";"
             ecep:spe=";">;</pc>
      </l>
      <l xml:id="o4106-l10255">
         <c> </c>
         <w xml:id="o4106-188590"
            n="156-a-0130"
            ecep:lem="you"
            ecep:pos="pn22"
            ecep:reg="You"
            ecep:spe="Ye"
            ecep:syllab="1"
            ecep:pron="jiː">Ye</w>
         <c> </c>
         <w xml:id="o4106-188600"
            n="156-a-0140"
            ecep:lem="fondle"
            ecep:pos="vvg"
            ecep:reg="fondling"
            ecep:spe="fondling"
            ecep:syllab="3"
            ecep:pron="ˈfɒndɪŋ">fondling</w>
         <c> </c>
         <w xml:id="o4106-188610"
            n="156-a-0150"
            ecep:lem="passion"
            ecep:pos="n2"
            ecep:reg="Passions"
            ecep:spe="Passions"
            ecep:syllab="2"
            ecep:pron="ˈpæʃnz">Passions</w>
         <c> </c>
         <w xml:id="o4106-188620"
            n="156-a-0160"
            ecep:lem="of"
            ecep:pos="pp-f"
            ecep:reg="of"
            ecep:spe="of"
            ecep:syllab="1"
            ecep:pron="ɒv">of</w>
         <c> </c>
         <w xml:id="o4106-188630"
            n="156-a-0170"
            ecep:lem="my"
            ecep:pos="po11"
            ecep:reg="my"
            ecep:spe="my"
            ecep:syllab="1"
            ecep:pron="maɪ">my</w>
         <c> </c>
         <w xml:id="o4106-188640"
            n="156-a-0180"
            ecep:lem="soul"
            ecep:pos="n1"
            ecep:reg="Soul"
            ecep:spe="Soul"
            ecep:syllab="1"
            ecep:pron="səʊl">Soul</w>
         <pc xml:id="o4106-188650"
             n="156-a-0190"
             unit="sentence"
             ecep:lem="!"
             ecep:pos="!"
             ecep:reg="!"
             ecep:spe="!">!</pc>
         <c> </c>
      </l>
      <l xml:id="o4106-l10260">
         <w xml:id="o4106-188660"
            n="156-a-0200"
            ecep:lem="you"
            ecep:pos="pn22"
            ecep:reg="You"
            ecep:spe="Ye"
            ecep:syllab="1"
            ecep:pron="jiː">Ye</w>
         <c> </c>
         <w xml:id="o4106-188670"
            n="156-a-0210"
            ecep:lem="sweet"
            ecep:pos="j"
            ecep:reg="sweet"
            ecep:spe="sweet"
            ecep:syllab="1"
            ecep:pron="swiːt">sweet</w>
         <c> </c>
         <w xml:id="o4106-188680"
            n="156-a-0220"
            ecep:lem="deceit"
            ecep:pos="n2"
            ecep:reg="Deceits"
            ecep:spe="Deceits"
            ecep:syllab="2"
            ecep:pron="dɪˈsiːts">Deceits</w>
         <pc xml:id="o4106-188690"
             n="156-a-0230"
             ecep:lem="!"
             ecep:pos="!"
             ecep:reg="!"
             ecep:spe="!">!</pc>
         <c> </c>
         <w xml:id="o4106-188700"
            n="156-a-0240"
            ecep:lem="arise"
            ecep:pos="vvb"
            ecep:reg="arise"
            ecep:spe="arise"
            ecep:syllab="2"
            ecep:pron="əˈraɪz">arise</w>
         <pc xml:id="o4106-188710"
             n="156-a-0250"
             unit="sentence"
             ecep:lem="."
             ecep:pos="."
             ecep:reg="."
             ecep:spe=".">.</pc>
         <c> </c>
      </l>
      <l xml:id="o4106-l10265">
         <w xml:id="o4106-188720"
            n="156-a-0260"
            ecep:lem="i"
            ecep:pos="pns11"
            ecep:reg="I"
            ecep:spe="I"
            ecep:syllab="1"
            ecep:pron="aɪ">I</w>
         <c> </c>
         <w xml:id="o4106-188730"
            n="156-a-0270"
            ecep:lem="wise"
            ecep:pos="av-j"
            ecep:reg="wisely"
            ecep:spe="wisely"
            ecep:syllab="2"
            ecep:pron="waɪzli">wisely</w>
         <c> </c>
         <w xml:id="o4106-188740"
            n="156-a-0280"
            ecep:lem="change"
            ecep:pos="vvi"
            ecep:reg="change"
            ecep:spe="change"
            ecep:syllab="1"
            ecep:pron="tʃeɪndʒ">change</w>
         <c> </c>
         <w xml:id="o4106-188750"
            n="156-a-0290"
            ecep:lem="the"
            ecep:pos="dt"
            ecep:reg="the"
            ecep:spe="the"
            ecep:syllab="1"
            ecep:pron="ðiː">the</w>
         <c> </c>
         <w xml:id="o4106-188760"
            n="156-a-0300"
            ecep:lem="scene"
            ecep:pos="n1"
            ecep:reg="Scene"
            ecep:spe="Scene"
            ecep:syllab="1"
            ecep:pron="siːn">Scene</w>
         <c> </c>
         <w xml:id="o4106-188770"
            n="156-a-0310"
            ecep:lem="within"
            ecep:pos="a-acp"
            ecep:reg="within"
            ecep:spe="within"
            ecep:syllab="2"
            ecep:pron="wɪˈðɪn">within</w>
         <pc xml:id="o4106-188780"
             n="156-a-0320"
             ecep:lem=";"
             ecep:pos=";"
             ecep:reg=";"
             ecep:spe=";">;</pc>
      </l>
      <l xml:id="o4106-l10270">
         <c> </c>
         <w xml:id="o4106-188790"
            n="156-a-0330"
            ecep:lem="to"
            ecep:pos="p-acp"
            ecep:reg="To"
            ecep:spe="To"
            ecep:syllab="1"
            ecep:pron="tuː">To</w>
         <c> </c>
         <w xml:id="o4106-188800"
            n="156-a-0340"
            ecep:lem="thing"
            ecep:pos="n2"
            ecep:reg="Things"
            ecep:spe="Things"
            ecep:syllab="1"
            ecep:pron="θɪŋz">Things</w>
         <c> </c>
         <w xml:id="o4106-188810"
            n="156-a-0350"
            ecep:lem="that"
            ecep:pos="cst"
            ecep:reg="that"
            ecep:spe="that"
            ecep:syllab="1"
            ecep:pron="ðæt">that</w>
         <c> </c>
         <w xml:id="o4106-188820"
            n="156-a-0360"
            ecep:lem="use"
            ecep:pos="vvd"
            ecep:reg="used"
            ecep:spe="us'd"
            ecep:syllab="1"
            ecep:pron="juːzd">us'd</w>
         <c> </c>
         <w xml:id="o4106-188830"
            n="156-a-0370"
            ecep:lem="to"
            ecep:pos="pc-acp"
            ecep:reg="to"
            ecep:spe="to"
            ecep:syllab="1"
            ecep:pron="tuː">to</w>
         <c> </c>
         <w xml:id="o4106-188840"
            n="156-a-0380"
            ecep:lem="please"
            ecep:pos="vvi"
            ecep:reg="please"
            ecep:spe="please"
            ecep:syllab="1"
            ecep:pron="pliːz">please</w>
         <pc xml:id="o4106-188850"
             n="156-a-0390"
             ecep:lem=";"
             ecep:pos=";"
             ecep:reg=";"
             ecep:spe=";">;</pc>
      </l>
      <l xml:id="o4106-l10275">
         <c> </c>
         <w xml:id="o4106-188860"
            n="156-a-0400"
            ecep:lem="in"
            ecep:pos="p-acp"
            ecep:reg="In"
            ecep:spe="In"
            ecep:syllab="1"
            ecep:pron="ɪn">In</w>
         <c> </c>
         <hi>
            <w xml:id="o4106-188870"
               n="156-a-0410"
               ecep:lem="pain"
               ecep:pos="n1"
               ecep:reg="Pain"
               ecep:spe="Pain"
               ecep:syllab="1"
               ecep:pron="peɪn">Pain</w>
            <pc xml:id="o4106-188880"
                n="156-a-0420"
                ecep:lem=","
                ecep:pos=","
                ecep:reg=","
                ecep:spe=",">,</pc>
            <c> </c>
            <w xml:id="o4106-188890"
               n="156-a-0430"
               ecep:lem="philosophy"
               ecep:pos="n1"
               ecep:reg="Philosophy"
               ecep:spe="Philosophy"
               ecep:syllab="4"
               ecep:pron="fɪˈlɒsəfi">Philosophy</w>
         </hi>
         <c> </c>
         <w xml:id="o4106-188900"
            n="156-a-0440"
            ecep:lem="be"
            ecep:pos="vbz"
            ecep:reg="is"
            ecep:spe="is"
            ecep:syllab="1"
            ecep:pron="ɪz">is</w>
         <c> </c>
         <hi>
            <w xml:id="o4106-188910"
               n="156-a-0450"
               ecep:lem="spleen"
               ecep:pos="n1"
               ecep:reg="Spleen"
               ecep:spe="Spleen"
               ecep:syllab="1"
               ecep:pron="spliːn">Spleen</w>
            <pc xml:id="o4106-188920"
                n="156-a-0460"
                ecep:lem=","
                ecep:pos=","
                ecep:reg=","
                ecep:spe=",">,</pc>
         </hi>
      </l>
      <l xml:id="o4106-l10280">
         <c> </c>
         <w xml:id="o4106-188930"
            n="156-a-0470"
            ecep:lem="in"
            ecep:pos="p-acp"
            ecep:reg="In"
            ecep:spe="In"
            ecep:syllab="1"
            ecep:pron="ɪn">In</w>
         <c> </c>
         <hi>
            <w xml:id="o4106-188940"
               n="156-a-0480"
               ecep:lem="health"
               ecep:pos="n1"
               ecep:reg="Health"
               ecep:spe="Health"
               ecep:syllab="1"
               ecep:pron="helθ">Health</w>
            <pc xml:id="o4106-188950"
                n="156-a-0490"
                ecep:lem=","
                ecep:pos=","
                ecep:reg=","
                ecep:spe=",">,</pc>
         </hi>
         <c> </c>
         <w xml:id="o4106-188960"
            n="156-a-0500"
            ecep:lem="it|be"
            ecep:pos="pn31|vbz"
            ecep:reg="it's"
            ecep:spe="'tis"
            ecep:syllab="1"
            ecep:pron="tɪz">'tis</w>
         <c> </c>
         <w xml:id="o4106-188970"
            n="156-a-0510"
            ecep:lem="only"
            ecep:pos="j"
            ecep:reg="only"
            ecep:spe="only"
            ecep:syllab="2"
            ecep:pron="ˈəʊnli">only</w>
         <c> </c>
         <hi>
            <w xml:id="o4106-188980"
               n="156-a-0520"
               ecep:lem="ease"
               ecep:pos="n1"
               ecep:reg="Ease"
               ecep:spe="Ease"
               ecep:syllab="1"
               ecep:pron="iːz">Ease</w>
            <pc xml:id="o4106-188990"
                n="156-a-0530"
                unit="sentence"
                ecep:lem="."
                ecep:pos="."
                ecep:reg="."
                ecep:spe=".">.</pc>
            <c> </c>
         </hi>
      </l>
   </lg>
</div>
