<?xml version="1.0" encoding="utf-8"?>
<!DOCTYPE div
  SYSTEM "about:legacy-compat">
<div xmlns:ecep="http://www.eighteenthcenturypoetry.org/ns"
     xmlns="http://www.tei-c.org/ns/1.0"
     xmlns:tei="http://www.tei-c.org/ns/1.0"
     ana="#iamb #tetrameter #trimeter #hymn"
     corresp="#txt_WattIs1674_w0028"
     decls="#semi-normalized"
     ecep:syllab=""
     met="irregular"
     rendition="#lgvspace"
     rhyme="irregular"
     subtype="eceptext"
     type="poem"
     xml:id="o4672-w0280">
   <link target="authors.xml#aut_WattIs1674" type="author"/>
   <head type="main">
      <w xml:id="o4672-136230"
         n="o4672/0101-a-0010"
         ecep:lem="wish"
         ecep:pos="vvg"
         ecep:reg="Wishing"
         ecep:spe="Wishing"
         ecep:syllab="2"
         ecep:pron="wɪʃɪŋ">Wishing</w>
      <c> </c>
      <w xml:id="o4672-136240"
         n="o4672/0101-a-0020"
         ecep:lem="he"
         ecep:pos="pno31"
         ecep:reg="him"
         ecep:spe="him"
         ecep:syllab="1"
         ecep:pron="hɪm">him</w>
      <c> </c>
      <w xml:id="o4672-136250"
         n="o4672/0101-a-0030"
         ecep:lem="ever"
         ecep:pos="av"
         ecep:reg="ever"
         ecep:spe="ever"
         ecep:syllab="2"
         ecep:pron="ˈevə">ever</w>
      <c> </c>
      <w xml:id="o4672-136260"
         n="o4672/0101-a-0040"
         ecep:lem="with"
         ecep:pos="p-acp"
         ecep:reg="with"
         ecep:spe="with"
         ecep:syllab="1"
         ecep:pron="wɪð">with</w>
      <c> </c>
      <w xml:id="o4672-136270"
         n="o4672/0101-a-0050"
         ecep:lem="i"
         ecep:pos="pno11"
         ecep:reg="me"
         ecep:spe="me"
         ecep:syllab="1"
         ecep:pron="miː">me</w>
      <pc xml:id="o4672-136280"
          n="o4672/0101-a-0060"
          unit="sentence"
          ecep:lem="."
          ecep:pos="."
          ecep:reg="."
          ecep:spe=".">.</pc>
   </head>
   <lg n="1" xml:id="o4672-s01360">
      <head>
         <w xml:id="o4672-136320"
            n="o4672/0101-a-0070"
            ecep:lem="i"
            ecep:pos="pns11"
            ecep:reg="I"
            ecep:spe="I."
            ecep:syllab="1"
            ecep:pron="ˈaɪ">I.</w>
         <pc unit="sentence" xml:id="o4672-136320-eos" n="o4672/0101-a-0080"/>
      </head>
      <l xml:id="o4672-l05345">
         <w xml:id="o4672-136340"
            n="o4672/0101-a-0090"
            ecep:lem="now"
            ecep:pos="av"
            ecep:reg="NOW"
            ecep:spe="NOW"
            ecep:syllab="1"
            ecep:pron="naʊ">NOW</w>
         <c> </c>
         <w xml:id="o4672-136350"
            n="o4672/0101-a-0100"
            ecep:lem="be"
            ecep:pos="vbb"
            ecep:reg="be"
            ecep:spe="be"
            ecep:syllab="1"
            ecep:pron="biː">be</w>
         <c> </c>
         <w xml:id="o4672-136360"
            n="o4672/0101-a-0110"
            ecep:lem="that"
            ecep:pos="d"
            ecep:reg="that"
            ecep:spe="that"
            ecep:syllab="1"
            ecep:pron="ðæt">that</w>
         <c> </c>
         <w xml:id="o4672-136370"
            n="o4672/0101-a-0120"
            ecep:lem="smile"
            ecep:pos="j-vvg"
            ecep:reg="smiling"
            ecep:spe="smiling"
            ecep:syllab="2"
            ecep:pron="smaɪlɪŋ">smiling</w>
         <c> </c>
         <w xml:id="o4672-136380"
            n="o4672/0101-a-0130"
            ecep:lem="moment"
            ecep:pos="n1"
            ecep:reg="Moment"
            ecep:spe="Moment"
            ecep:syllab="2"
            ecep:pron="ˈməʊmənt">Moment</w>
         <c> </c>
         <w xml:id="o4672-136390"
            n="o4672/0101-a-0140"
            ecep:lem="bless"
            ecep:pos="vvn"
            ecep:reg="blessed"
            ecep:spe="blest"
            ecep:syllab="1"
            ecep:pron="blest">blest</w>
      </l>
      <l xml:id="o4672-l05350">
         <c> </c>
         <w xml:id="o4672-136400"
            n="o4672/0101-a-0150"
            ecep:lem="when"
            ecep:pos="c-crq"
            ecep:reg="When"
            ecep:spe="When"
            ecep:syllab="1"
            ecep:pron="wen">When</w>
         <c> </c>
         <w xml:id="o4672-136410"
            n="o4672/0101-a-0160"
            ecep:lem="first"
            ecep:pos="ord"
            ecep:reg="First"
            ecep:spe="First"
            ecep:syllab="1"
            ecep:pron="ˈfɜːst">First</w>
         <c> </c>
         <w xml:id="o4672-136420"
            n="o4672/0101-a-0170"
            ecep:lem="i"
            ecep:pos="pns11"
            ecep:reg="I"
            ecep:spe="I"
            ecep:syllab="1"
            ecep:pron="aɪ">I</w>
         <c> </c>
         <w xml:id="o4672-136430"
            n="o4672/0101-a-0180"
            ecep:lem="see"
            ecep:pos="vvd"
            ecep:reg="saw"
            ecep:spe="saw"
            ecep:syllab="1"
            ecep:pron="sɔː">saw</w>
         <c> </c>
         <w xml:id="o4672-136440"
            n="o4672/0101-a-0190"
            ecep:lem="my"
            ecep:pos="po11"
            ecep:reg="my"
            ecep:spe="my"
            ecep:syllab="1"
            ecep:pron="maɪ">my</w>
         <c> </c>
         <w xml:id="o4672-136450"
            n="o4672/0101-a-0200"
            ecep:lem="love"
            ecep:pos="n1"
            ecep:reg="Love"
            ecep:spe="Love"
            ecep:syllab="1"
            ecep:pron="lʌv">Love</w>
         <pc xml:id="o4672-136460"
             n="o4672/0101-a-0210"
             ecep:lem=","
             ecep:pos=","
             ecep:reg=","
             ecep:spe=",">,</pc>
      </l>
      <l xml:id="o4672-l05355">
         <c> </c>
         <hi>
            <w xml:id="o4672-136470"
               n="o4672/0101-a-0220"
               ecep:lem="Jesus"
               ecep:pos="np1"
               ecep:reg="Jesus"
               ecep:spe="Jesus"
               ecep:syllab="2"
               ecep:pron="ˈdʒiːzəs">Jesus</w>
            <pc xml:id="o4672-136480"
                n="o4672/0101-a-0230"
                ecep:lem=","
                ecep:pos=","
                ecep:reg=","
                ecep:spe=",">,</pc>
         </hi>
         <c> </c>
         <w xml:id="o4672-136490"
            n="o4672/0101-a-0240"
            ecep:lem="the"
            ecep:pos="dt"
            ecep:reg="the"
            ecep:spe="the"
            ecep:syllab="1"
            ecep:pron="ðiː">the</w>
         <c> </c>
         <w xml:id="o4672-136500"
            n="o4672/0101-a-0250"
            ecep:lem="fair"
            ecep:pos="js"
            ecep:reg="Fairest"
            ecep:spe="Fairest"
            ecep:syllab="2"
            ecep:pron="feəɪst">Fairest</w>
         <c> </c>
         <w xml:id="o4672-136510"
            n="o4672/0101-a-0260"
            ecep:lem="and"
            ecep:pos="cc"
            ecep:reg="and"
            ecep:spe="and"
            ecep:syllab="1"
            ecep:pron="ænd">and</w>
         <c> </c>
         <w xml:id="o4672-136520"
            n="o4672/0101-a-0270"
            ecep:lem="the"
            ecep:pos="dt"
            ecep:reg="the"
            ecep:spe="the"
            ecep:syllab="1"
            ecep:pron="ðiː">the</w>
         <c> </c>
         <w xml:id="o4672-136530"
            n="o4672/0101-a-0280"
            ecep:lem="best"
            ecep:pos="js"
            ecep:reg="Best"
            ecep:spe="Best"
            ecep:syllab="1"
            ecep:pron="best">Best</w>
      </l>
      <l xml:id="o4672-l05360">
         <c> </c>
         <w xml:id="o4672-136540"
            n="o4672/0101-a-0290"
            ecep:lem="of"
            ecep:pos="pp-f"
            ecep:reg="Of"
            ecep:spe="Of"
            ecep:syllab="1"
            ecep:pron="ɒv">Of</w>
         <c> </c>
         <w xml:id="o4672-136550"
            n="o4672/0101-a-0300"
            ecep:lem="all"
            ecep:pos="d"
            ecep:reg="all"
            ecep:spe="all"
            ecep:syllab="1"
            ecep:pron="ɔːl">all</w>
         <c> </c>
         <w xml:id="o4672-136560"
            n="o4672/0101-a-0310"
            ecep:lem="the"
            ecep:pos="dt"
            ecep:reg="the"
            ecep:spe="the"
            ecep:syllab="1"
            ecep:pron="ðiː">the</w>
         <c> </c>
         <w xml:id="o4672-136570"
            n="o4672/0101-a-0320"
            ecep:lem="form"
            ecep:pos="n2"
            ecep:reg="Forms"
            ecep:spe="Forms"
            ecep:syllab="1"
            ecep:pron="fɔːmz">Forms</w>
         <c> </c>
         <w xml:id="o4672-136580"
            n="o4672/0101-a-0330"
            ecep:lem="above"
            ecep:pos="a-acp"
            ecep:reg="above"
            ecep:spe="above"
            ecep:syllab="2"
            ecep:pron="əˈbʌv">above</w>
         <pc xml:id="o4672-136590"
             n="o4672/0101-a-0340"
             unit="sentence"
             ecep:lem="."
             ecep:pos="."
             ecep:reg="."
             ecep:spe=".">.</pc>
         <c> </c>
      </l>
      <l xml:id="o4672-l05365">
         <w xml:id="o4672-136600"
            n="o4672/0101-a-0350"
            ecep:lem="a"
            ecep:pos="dt"
            ecep:reg="A"
            ecep:spe="A"
            ecep:syllab="1"
            ecep:pron="ə">A</w>
         <c> </c>
         <w xml:id="o4672-136610"
            n="o4672/0101-a-0360"
            ecep:lem="thousand"
            ecep:pos="crd"
            ecep:reg="thousand"
            ecep:spe="thousand"
            ecep:syllab="2"
            ecep:pron="ˈθaʊznd">thousand</w>
         <c> </c>
         <w xml:id="o4672-136620"
            n="o4672/0101-a-0370"
            ecep:lem="grace"
            ecep:pos="n2"
            ecep:reg="Graces"
            ecep:spe="Graces"
            ecep:syllab="2"
            ecep:pron="greɪsɪz">Graces</w>
         <c> </c>
         <w xml:id="o4672-136630"
            n="o4672/0101-a-0380"
            ecep:lem="ever"
            ecep:pos="av"
            ecep:reg="ever"
            ecep:spe="ever"
            ecep:syllab="2"
            ecep:pron="ˈevə">ever</w>
         <c> </c>
         <w xml:id="o4672-136640"
            n="o4672/0101-a-0390"
            ecep:lem="rise"
            ecep:pos="vvi"
            ecep:reg="rise"
            ecep:spe="rise"
            ecep:syllab="1"
            ecep:pron="raɪz">rise</w>
      </l>
      <l xml:id="o4672-l05370">
         <c> </c>
         <w xml:id="o4672-136650"
            n="o4672/0101-a-0400"
            ecep:lem="and"
            ecep:pos="cc"
            ecep:reg="And"
            ecep:spe="And"
            ecep:syllab="1"
            ecep:pron="ænd">And</w>
         <c> </c>
         <w xml:id="o4672-136660"
            n="o4672/0101-a-0410"
            ecep:lem="bloom"
            ecep:pos="n1"
            ecep:reg="bloom"
            ecep:spe="bloom"
            ecep:syllab="1"
            ecep:pron="bluːm">bloom</w>
         <c> </c>
         <w xml:id="o4672-136670"
            n="o4672/0101-a-0420"
            ecep:lem="upon"
            ecep:pos="p-acp"
            ecep:reg="upon"
            ecep:spe="upon"
            ecep:syllab="2"
            ecep:pron="əˈpɒn">upon</w>
         <c> </c>
         <w xml:id="o4672-136680"
            n="o4672/0101-a-0430"
            ecep:lem="his"
            ecep:pos="po31"
            ecep:reg="his"
            ecep:spe="his"
            ecep:syllab="1"
            ecep:pron="hɪz">his</w>
         <c> </c>
         <w xml:id="o4672-136690"
            n="o4672/0101-a-0440"
            ecep:lem="face"
            ecep:pos="n1"
            ecep:reg="Face"
            ecep:spe="Face"
            ecep:syllab="1"
            ecep:pron="feɪs">Face</w>
         <pc xml:id="o4672-136700"
             n="o4672/0101-a-0450"
             ecep:lem=","
             ecep:pos=","
             ecep:reg=","
             ecep:spe=",">,</pc>
      </l>
      <l xml:id="o4672-l05375">
         <c> </c>
         <w xml:id="o4672-136710"
            n="o4672/0101-a-0460"
            ecep:lem="a"
            ecep:pos="dt"
            ecep:reg="A"
            ecep:spe="A"
            ecep:syllab="1"
            ecep:pron="ə">A</w>
         <c> </c>
         <w xml:id="o4672-136720"
            n="o4672/0101-a-0470"
            ecep:lem="thousand"
            ecep:pos="crd"
            ecep:reg="thousand"
            ecep:spe="thousand"
            ecep:syllab="2"
            ecep:pron="ˈθaʊznd">thousand</w>
         <c> </c>
         <w xml:id="o4672-136730"
            n="o4672/0101-a-0480"
            ecep:lem="arrow"
            ecep:pos="n2"
            ecep:reg="Arrows"
            ecep:spe="Arrows"
            ecep:syllab="2"
            ecep:pron="ˈærəʊz">Arrows</w>
         <c> </c>
         <w xml:id="o4672-136740"
            n="o4672/0101-a-0490"
            ecep:lem="from"
            ecep:pos="p-acp"
            ecep:reg="from"
            ecep:spe="from"
            ecep:syllab="1"
            ecep:pron="frɒm">from</w>
         <c> </c>
         <w xml:id="o4672-136750"
            n="o4672/0101-a-0500"
            ecep:lem="his"
            ecep:pos="po31"
            ecep:reg="his"
            ecep:spe="his"
            ecep:syllab="1"
            ecep:pron="hɪz">his</w>
         <c> </c>
         <w xml:id="o4672-136760"
            n="o4672/0101-a-0510"
            ecep:lem="eye"
            ecep:pos="n2"
            ecep:reg="Eyes"
            ecep:spe="Eyes"
            ecep:syllab="1"
            ecep:pron="aɪz">Eyes</w>
      </l>
      <l xml:id="o4672-l05380">
         <c> </c>
         <w xml:id="o4672-136770"
            n="o4672/0101-a-0520"
            ecep:lem="shoot"
            ecep:pos="vvb"
            ecep:reg="Shoot"
            ecep:spe="Shoot"
            ecep:syllab="1"
            ecep:pron="ʃuːt">Shoot</w>
         <c> </c>
         <w xml:id="o4672-136780"
            n="o4672/0101-a-0530"
            ecep:lem="through"
            ecep:pos="p-acp"
            ecep:reg="through"
            ecep:spe="thro'"
            ecep:syllab="1"
            ecep:pron="θruː">thro'</w>
         <c> </c>
         <w xml:id="o4672-136790"
            n="o4672/0101-a-0540"
            ecep:lem="my"
            ecep:pos="po11"
            ecep:reg="my"
            ecep:spe="my"
            ecep:syllab="1"
            ecep:pron="maɪ">my</w>
         <c> </c>
         <w xml:id="o4672-136800"
            n="o4672/0101-a-0550"
            ecep:lem="heart"
            ecep:pos="n1"
            ecep:reg="Heart"
            ecep:spe="Heart"
            ecep:syllab="1"
            ecep:pron="hɑːt">Heart</w>
         <c> </c>
         <w xml:id="o4672-136810"
            n="o4672/0101-a-0560"
            ecep:lem="with"
            ecep:pos="p-acp"
            ecep:reg="with"
            ecep:spe="with"
            ecep:syllab="1"
            ecep:pron="wɪð">with</w>
         <c> </c>
         <w xml:id="o4672-136820"
            n="o4672/0101-a-0570"
            ecep:lem="sweet"
            ecep:pos="j"
            ecep:reg="sweet"
            ecep:spe="sweet"
            ecep:syllab="1"
            ecep:pron="swiːt">sweet</w>
         <c> </c>
         <w xml:id="o4672-136830"
            n="o4672/0101-a-0580"
            ecep:lem="surprise"
            ecep:pos="n1"
            ecep:reg="Surprise"
            ecep:spe="Surprize"
            ecep:syllab="2"
            ecep:pron="səˈpraɪz">Surprize</w>
         <pc xml:id="o4672-136840"
             n="o4672/0101-a-0590"
             ecep:lem=","
             ecep:pos=","
             ecep:reg=","
             ecep:spe=",">,</pc>
      </l>
      <l xml:id="o4672-l05385">
         <c> </c>
         <w xml:id="o4672-136850"
            n="o4672/0101-a-0600"
            ecep:lem="and"
            ecep:pos="cc"
            ecep:reg="And"
            ecep:spe="And"
            ecep:syllab="1"
            ecep:pron="ænd">And</w>
         <c> </c>
         <w xml:id="o4672-136860"
            n="o4672/0101-a-0610"
            ecep:lem="stand"
            ecep:pos="vvb"
            ecep:reg="stand"
            ecep:spe="stand"
            ecep:syllab="1"
            ecep:pron="stænd">stand</w>
         <c> </c>
         <w xml:id="o4672-136870"
            n="o4672/0101-a-0620"
            ecep:lem="to"
            ecep:pos="pc-acp"
            ecep:reg="to"
            ecep:spe="to"
            ecep:syllab="1"
            ecep:pron="tuː">to</w>
         <c> </c>
         <w xml:id="o4672-136880"
            n="o4672/0101-a-0630"
            ecep:lem="guard"
            ecep:pos="vvi"
            ecep:reg="guard"
            ecep:spe="guard"
            ecep:syllab="1"
            ecep:pron="gɑːd">guard</w>
         <c> </c>
         <w xml:id="o4672-136890"
            n="o4672/0101-a-0640"
            ecep:lem="the"
            ecep:pos="dt"
            ecep:reg="the"
            ecep:spe="the"
            ecep:syllab="1"
            ecep:pron="ðiː">the</w>
         <c> </c>
         <w xml:id="o4672-136900"
            n="o4672/0101-a-0650"
            ecep:lem="place"
            ecep:pos="n1"
            ecep:reg="Place"
            ecep:spe="Place"
            ecep:syllab="1"
            ecep:pron="pleɪs">Place</w>
         <pc xml:id="o4672-136910"
             n="o4672/0101-a-0660"
             unit="sentence"
             ecep:lem="."
             ecep:pos="."
             ecep:reg="."
             ecep:spe=".">.</pc>
         <c> </c>
      </l>
   </lg>
   <lg n="2" xml:id="o4672-s01365">
      <head>
         <w xml:id="o4672-136950"
            n="o4672/0101-a-0670"
            ecep:lem="ii"
            ecep:pos="crd"
            ecep:reg="II"
            ecep:spe="II"
            ecep:syllab="1"
            ecep:pron="rˌəʊməntˈuː">II</w>
         <pc xml:id="o4672-136960"
             n="o4672/0101-a-0680"
             unit="sentence"
             ecep:lem="."
             ecep:pos="."
             ecep:reg="."
             ecep:spe=".">.</pc>
      </head>
      <l xml:id="o4672-l05390">
         <w xml:id="o4672-136980"
            n="o4672/0101-a-0690"
            ecep:lem="all"
            ecep:pos="av-d"
            ecep:reg="All"
            ecep:spe="All"
            ecep:syllab="1"
            ecep:pron="ɔːl">All</w>
         <c> </c>
         <w xml:id="o4672-136990"
            n="o4672/0101-a-0700"
            ecep:lem="nature"
            ecep:pos="n2"
            ecep:reg="Natures"
            ecep:spe="Natures"
            ecep:syllab="2"
            ecep:pron="ˈneɪtʃəz">Natures</w>
         <c> </c>
         <w xml:id="o4672-137000"
            n="o4672/0101-a-0710"
            ecep:lem="be"
            ecep:pos="vb2r"
            ecep:reg="Art"
            ecep:spe="Art"
            ecep:syllab="1"
            ecep:pron="ɑːt">Art</w>
         <c> </c>
         <w xml:id="o4672-137010"
            n="o4672/0101-a-0720"
            ecep:lem="shall"
            ecep:pos="vmb"
            ecep:reg="shall"
            ecep:spe="shall"
            ecep:syllab="1"
            ecep:pron="ʃæl">shall</w>
         <c> </c>
         <w xml:id="o4672-137020"
            n="o4672/0101-a-0730"
            ecep:lem="never"
            ecep:pos="av-x"
            ecep:reg="never"
            ecep:spe="never"
            ecep:syllab="2"
            ecep:pron="ˈnevə">never</w>
         <c> </c>
         <w xml:id="o4672-137030"
            n="o4672/0101-a-0740"
            ecep:lem="cure"
            ecep:pos="vvi"
            ecep:reg="cure"
            ecep:spe="cure"
            ecep:syllab="1"
            ecep:pron="kjʊə">cure</w>
      </l>
      <l xml:id="o4672-l05395">
         <c> </c>
         <w xml:id="o4672-137040"
            n="o4672/0101-a-0750"
            ecep:lem="the"
            ecep:pos="dt"
            ecep:reg="The"
            ecep:spe="The"
            ecep:syllab="1"
            ecep:pron="ðiː">The</w>
         <c> </c>
         <w xml:id="o4672-137050"
            n="o4672/0101-a-0760"
            ecep:lem="heavenly"
            ecep:pos="j"
            ecep:reg="Heavenly"
            ecep:spe="Heavenly"
            ecep:syllab="2"
            ecep:pron="ˈhevnli">Heavenly</w>
         <c> </c>
         <w xml:id="o4672-137060"
            n="o4672/0101-a-0770"
            ecep:lem="pain"
            ecep:pos="n2"
            ecep:reg="Pains"
            ecep:spe="Pains"
            ecep:syllab="1"
            ecep:pron="peɪnz">Pains</w>
         <c> </c>
         <w xml:id="o4672-137070"
            n="o4672/0101-a-0780"
            ecep:lem="i"
            ecep:pos="pns11"
            ecep:reg="I"
            ecep:spe="I"
            ecep:syllab="1"
            ecep:pron="aɪ">I</w>
         <c> </c>
         <w xml:id="o4672-137080"
            n="o4672/0101-a-0790"
            ecep:lem="find"
            ecep:pos="vvd"
            ecep:reg="found"
            ecep:spe="found"
            ecep:syllab="1"
            ecep:pron="faʊnd">found</w>
         <pc xml:id="o4672-137090"
             n="o4672/0101-a-0800"
             ecep:lem=","
             ecep:pos=","
             ecep:reg=","
             ecep:spe=",">,</pc>
      </l>
      <l xml:id="o4672-l05400">
         <c> </c>
         <w xml:id="o4672-137100"
            n="o4672/0101-a-0810"
            ecep:lem="and"
            ecep:pos="cc"
            ecep:reg="And"
            ecep:spe="And"
            ecep:syllab="1"
            ecep:pron="ænd">And</w>
         <c> </c>
         <w xml:id="o4672-137110"
            n="o4672/0101-a-0820"
            ecep:lem="it|be"
            ecep:pos="pn31|vbz"
            ecep:reg="it's"
            ecep:spe="'tis"
            ecep:syllab="1"
            ecep:pron="tɪz">'tis</w>
         <c> </c>
         <w xml:id="o4672-137120"
            n="o4672/0101-a-0830"
            ecep:lem="beyond"
            ecep:pos="p-acp"
            ecep:reg="beyond"
            ecep:spe="beyond"
            ecep:syllab="2"
            ecep:pron="biˈɒnd">beyond</w>
         <c> </c>
         <w xml:id="o4672-137130"
            n="o4672/0101-a-0840"
            ecep:lem="all"
            ecep:pos="d"
            ecep:reg="all"
            ecep:spe="all"
            ecep:syllab="1"
            ecep:pron="ɔːl">all</w>
         <c> </c>
         <w xml:id="o4672-137140"
            n="o4672/0101-a-0850"
            ecep:lem="beauty"
            ecep:pos="n2"
            ecep:reg="Beauties"
            ecep:spe="Beauties"
            ecep:syllab="2"
            ecep:pron="ˈbjuːtiz">Beauties</w>
         <c> </c>
         <w xml:id="o4672-137150"
            n="o4672/0101-a-0860"
            ecep:lem="power"
            ecep:pos="n1"
            ecep:reg="Power"
            ecep:spe="Power"
            ecep:syllab="1"
            ecep:pron="ˈpaʊə">Power</w>
      </l>
      <l xml:id="o4672-l05405">
         <c> </c>
         <w xml:id="o4672-137160"
            n="o4672/0101-a-0870"
            ecep:lem="to"
            ecep:pos="pc-acp"
            ecep:reg="To"
            ecep:spe="To"
            ecep:syllab="1"
            ecep:pron="tuː">To</w>
         <c> </c>
         <w xml:id="o4672-137170"
            n="o4672/0101-a-0880"
            ecep:lem="make"
            ecep:pos="vvi"
            ecep:reg="make"
            ecep:spe="make"
            ecep:syllab="1"
            ecep:pron="meɪk">make</w>
         <c> </c>
         <w xml:id="o4672-137180"
            n="o4672/0101-a-0890"
            ecep:lem="another"
            ecep:pos="j-jn"
            ecep:reg="another"
            ecep:spe="another"
            ecep:syllab="3"
            ecep:pron="əˈnʌðə">another</w>
         <c> </c>
         <w xml:id="o4672-137190"
            n="o4672/0101-a-0900"
            ecep:lem="wound"
            ecep:pos="n1"
            ecep:reg="Wound"
            ecep:spe="Wound"
            ecep:syllab="1"
            ecep:pron="wuːnd">Wound</w>
         <pc xml:id="o4672-137200"
             n="o4672/0101-a-0910"
             ecep:lem=":"
             ecep:pos=":"
             ecep:reg=":"
             ecep:spe=":">:</pc>
      </l>
      <l xml:id="o4672-l05410">
         <c> </c>
         <w xml:id="o4672-137210"
            n="o4672/0101-a-0920"
            ecep:lem="earthly"
            ecep:pos="j"
            ecep:reg="Earthly"
            ecep:spe="Earthly"
            ecep:syllab="2"
            ecep:pron="ˈɜːθli">Earthly</w>
         <c> </c>
         <w xml:id="o4672-137220"
            n="o4672/0101-a-0930"
            ecep:lem="beauty"
            ecep:pos="n2"
            ecep:reg="Beauties"
            ecep:spe="Beauties"
            ecep:syllab="2"
            ecep:pron="ˈbjuːtiz">Beauties</w>
         <c> </c>
         <w xml:id="o4672-137230"
            n="o4672/0101-a-0940"
            ecep:lem="grow"
            ecep:pos="vvb"
            ecep:reg="grow"
            ecep:spe="grow"
            ecep:syllab="1"
            ecep:pron="grəʊ">grow</w>
         <c> </c>
         <w xml:id="o4672-137240"
            n="o4672/0101-a-0950"
            ecep:lem="and"
            ecep:pos="cc"
            ecep:reg="and"
            ecep:spe="and"
            ecep:syllab="1"
            ecep:pron="ænd">and</w>
         <c> </c>
         <w xml:id="o4672-137250"
            n="o4672/0101-a-0960"
            ecep:lem="fade"
            ecep:pos="vvi"
            ecep:reg="fade"
            ecep:spe="fade"
            ecep:syllab="1"
            ecep:pron="feɪd">fade</w>
         <pc xml:id="o4672-137260"
             n="o4672/0101-a-0970"
             ecep:lem=","
             ecep:pos=","
             ecep:reg=","
             ecep:spe=",">,</pc>
      </l>
      <l xml:id="o4672-l05415">
         <c> </c>
         <w xml:id="o4672-137270"
            n="o4672/0101-a-0980"
            ecep:lem="nature"
            ecep:pos="n1"
            ecep:reg="Nature"
            ecep:spe="Nature"
            ecep:syllab="2"
            ecep:pron="ˈneɪtʃə">Nature</w>
         <c> </c>
         <w xml:id="o4672-137280"
            n="o4672/0101-a-0990"
            ecep:lem="may"
            ecep:pos="vmb"
            ecep:reg="may"
            ecep:spe="may"
            ecep:syllab="1"
            ecep:pron="meɪ">may</w>
         <c> </c>
         <w xml:id="o4672-137290"
            n="o4672/0101-a-1000"
            ecep:lem="heal"
            ecep:pos="vvi"
            ecep:reg="heal"
            ecep:spe="heal"
            ecep:syllab="1"
            ecep:pron="hiːl">heal</w>
         <c> </c>
         <w xml:id="o4672-137300"
            n="o4672/0101-a-1010"
            ecep:lem="the"
            ecep:pos="dt"
            ecep:reg="the"
            ecep:spe="the"
            ecep:syllab="1"
            ecep:pron="ðiː">the</w>
         <c> </c>
         <w xml:id="o4672-137310"
            n="o4672/0101-a-1020"
            ecep:lem="wound"
            ecep:pos="n2"
            ecep:reg="Wounds"
            ecep:spe="Wounds"
            ecep:syllab="1"
            ecep:pron="wuːndz">Wounds</w>
         <c> </c>
         <w xml:id="o4672-137320"
            n="o4672/0101-a-1030"
            ecep:lem="she"
            ecep:pos="pns31"
            ecep:reg="She"
            ecep:spe="She"
            ecep:syllab="1"
            ecep:pron="ʃiː">She</w>
         <c> </c>
         <w xml:id="o4672-137330"
            n="o4672/0101-a-1040"
            ecep:lem="make"
            ecep:pos="vvd"
            ecep:reg="made"
            ecep:spe="made"
            ecep:syllab="1"
            ecep:pron="meɪd">made</w>
         <pc xml:id="o4672-137340"
             n="o4672/0101-a-1050"
             ecep:lem=","
             ecep:pos=","
             ecep:reg=","
             ecep:spe=",">,</pc>
      </l>
      <l xml:id="o4672-l05420">
         <c> </c>
         <w xml:id="o4672-137350"
            n="o4672/0101-a-1060"
            ecep:lem="but"
            ecep:pos="cc-acp"
            ecep:reg="But"
            ecep:spe="But"
            ecep:syllab="1"
            ecep:pron="bʌt">But</w>
         <c> </c>
         <w xml:id="o4672-137360"
            n="o4672/0101-a-1070"
            ecep:lem="charm"
            ecep:pos="n2"
            ecep:reg="Charms"
            ecep:spe="Charms"
            ecep:syllab="1"
            ecep:pron="tʃɑːmz">Charms</w>
         <c> </c>
         <w xml:id="o4672-137370"
            n="o4672/0101-a-1080"
            ecep:lem="so"
            ecep:pos="av"
            ecep:reg="so"
            ecep:spe="so"
            ecep:syllab="1"
            ecep:pron="səʊ">so</w>
         <c> </c>
         <w xml:id="o4672-137380"
            n="o4672/0101-a-1090"
            ecep:lem="much"
            ecep:pos="d"
            ecep:reg="much"
            ecep:spe="much"
            ecep:syllab="1"
            ecep:pron="mʌtʃ">much</w>
         <c> </c>
         <w xml:id="o4672-137390"
            n="o4672/0101-a-1100"
            ecep:lem="divine"
            ecep:pos="j-jn"
            ecep:reg="Divine"
            ecep:spe="Divine"
            ecep:syllab="2"
            ecep:pron="dɪˈvaɪn">Divine</w>
      </l>
      <pb facs="o4672/0102" n="83" rend="none"/>
      <l xml:id="o4672-l05425">
         <c> </c>
         <w xml:id="o4672-137400"
            n="o4672/0102-a-0010"
            ecep:lem="hold"
            ecep:pos="vvb"
            ecep:reg="Hold"
            ecep:spe="Hold"
            ecep:syllab="1"
            ecep:pron="həʊld">Hold</w>
         <c> </c>
         <w xml:id="o4672-137410"
            n="o4672/0102-a-0020"
            ecep:lem="a"
            ecep:pos="dt"
            ecep:reg="a"
            ecep:spe="a"
            ecep:syllab="1"
            ecep:pron="ə">a</w>
         <c> </c>
         <w xml:id="o4672-137420"
            n="o4672/0102-a-0030"
            ecep:lem="long"
            ecep:pos="j"
            ecep:reg="long"
            ecep:spe="long"
            ecep:syllab="1"
            ecep:pron="lɒŋ">long</w>
         <c> </c>
         <w xml:id="o4672-137430"
            n="o4672/0102-a-0040"
            ecep:lem="empire"
            ecep:pos="n1"
            ecep:reg="Empire"
            ecep:spe="Empire"
            ecep:syllab="1"
            ecep:pron="ˈempæə">Empire</w>
         <c> </c>
         <w xml:id="o4672-137440"
            n="o4672/0102-a-0050"
            ecep:lem="of"
            ecep:pos="pp-f"
            ecep:reg="of"
            ecep:spe="of"
            ecep:syllab="1"
            ecep:pron="ɒv">of</w>
         <c> </c>
         <w xml:id="o4672-137450"
            n="o4672/0102-a-0060"
            ecep:lem="the"
            ecep:pos="dt"
            ecep:reg="the"
            ecep:spe="the"
            ecep:syllab="1"
            ecep:pron="ðiː">the</w>
         <c> </c>
         <w xml:id="o4672-137460"
            n="o4672/0102-a-0070"
            ecep:lem="heart"
            ecep:pos="n1"
            ecep:reg="Heart"
            ecep:spe="Heart"
            ecep:syllab="1"
            ecep:pron="hɑːt">Heart</w>
         <pc xml:id="o4672-137470"
             n="o4672/0102-a-0080"
             ecep:lem=","
             ecep:pos=","
             ecep:reg=","
             ecep:spe=",">,</pc>
      </l>
      <l xml:id="o4672-l05430">
         <c> </c>
         <w xml:id="o4672-137480"
            n="o4672/0102-a-0090"
            ecep:lem="what"
            ecep:pos="q-crq"
            ecep:reg="What"
            ecep:spe="What"
            ecep:syllab="1"
            ecep:pron="wɒt">What</w>
         <c> </c>
         <w xml:id="o4672-137490"
            n="o4672/0102-a-0100"
            ecep:lem="heaven"
            ecep:pos="n1"
            ecep:reg="Heaven"
            ecep:spe="Heaven"
            ecep:syllab="1"
            ecep:pron="ˈhevn">Heaven</w>
         <c> </c>
         <w xml:id="o4672-137500"
            n="o4672/0102-a-0110"
            ecep:lem="have"
            ecep:pos="vhz"
            ecep:reg="has"
            ecep:spe="has"
            ecep:syllab="1"
            ecep:pron="hæz">has</w>
         <c> </c>
         <w xml:id="o4672-137510"
            n="o4672/0102-a-0120"
            ecep:lem="join"
            ecep:pos="vvn"
            ecep:reg="joined"
            ecep:spe="joyn'd"
            ecep:syllab="1"
            ecep:pron="dʒˈɔɪnd">joyn'd</w>
         <c> </c>
         <w xml:id="o4672-137520"
            n="o4672/0102-a-0130"
            ecep:lem="shall"
            ecep:pos="vmb"
            ecep:reg="shall"
            ecep:spe="shall"
            ecep:syllab="1"
            ecep:pron="ʃæl">shall</w>
         <c> </c>
         <w xml:id="o4672-137530"
            n="o4672/0102-a-0140"
            ecep:lem="never"
            ecep:pos="av-x"
            ecep:reg="never"
            ecep:spe="never"
            ecep:syllab="2"
            ecep:pron="ˈnevə">never</w>
         <c> </c>
         <w xml:id="o4672-137540"
            n="o4672/0102-a-0150"
            ecep:lem="part"
            ecep:pos="vvi"
            ecep:reg="part"
            ecep:spe="part"
            ecep:syllab="1"
            ecep:pron="pɑːt">part</w>
         <pc xml:id="o4672-137550"
             n="o4672/0102-a-0160"
             ecep:lem=","
             ecep:pos=","
             ecep:reg=","
             ecep:spe=",">,</pc>
      </l>
      <l xml:id="o4672-l05435">
         <c> </c>
         <w xml:id="o4672-137560"
            n="o4672/0102-a-0170"
            ecep:lem="and"
            ecep:pos="cc"
            ecep:reg="And"
            ecep:spe="And"
            ecep:syllab="1"
            ecep:pron="ænd">And</w>
         <c> </c>
         <hi>
            <w xml:id="o4672-137570"
               n="o4672/0102-a-0180"
               ecep:lem="Jesus"
               ecep:pos="np1"
               ecep:reg="Jesus"
               ecep:spe="Jesus"
               ecep:syllab="2"
               ecep:pron="ˈdʒiːzəs">Jesus</w>
         </hi>
         <c> </c>
         <w xml:id="o4672-137580"
            n="o4672/0102-a-0190"
            ecep:lem="must"
            ecep:pos="vmb"
            ecep:reg="must"
            ecep:spe="must"
            ecep:syllab="1"
            ecep:pron="mʌst">must</w>
         <c> </c>
         <w xml:id="o4672-137590"
            n="o4672/0102-a-0200"
            ecep:lem="be"
            ecep:pos="vbi"
            ecep:reg="be"
            ecep:spe="be"
            ecep:syllab="1"
            ecep:pron="biː">be</w>
         <c> </c>
         <w xml:id="o4672-137600"
            n="o4672/0102-a-0210"
            ecep:lem="i"
            ecep:pos="png11"
            ecep:reg="mine"
            ecep:spe="mine"
            ecep:syllab="1"
            ecep:pron="maɪn">mine</w>
         <pc xml:id="o4672-137610"
             n="o4672/0102-a-0220"
             unit="sentence"
             ecep:lem="."
             ecep:pos="."
             ecep:reg="."
             ecep:spe=".">.</pc>
         <c> </c>
      </l>
   </lg>
   <lg n="3" xml:id="o4672-s01370">
      <head>
         <w xml:id="o4672-137650"
            n="o4672/0102-a-0230"
            ecep:lem="iii"
            ecep:pos="crd"
            ecep:reg="III"
            ecep:spe="III"
            ecep:syllab="1"
            ecep:pron="rˌəʊmənθrˈiː">III</w>
         <pc xml:id="o4672-137660"
             n="o4672/0102-a-0240"
             unit="sentence"
             ecep:lem="."
             ecep:pos="."
             ecep:reg="."
             ecep:spe=".">.</pc>
      </head>
      <l xml:id="o4672-l05440">
         <w xml:id="o4672-137680"
            n="o4672/0102-a-0250"
            ecep:lem="in"
            ecep:pos="p-acp"
            ecep:reg="In"
            ecep:spe="In"
            ecep:syllab="1"
            ecep:pron="ɪn">In</w>
         <c> </c>
         <w xml:id="o4672-137690"
            n="o4672/0102-a-0260"
            ecep:lem="vain"
            ecep:pos="j"
            ecep:reg="vain"
            ecep:spe="vain"
            ecep:syllab="1"
            ecep:pron="veɪn">vain</w>
         <c> </c>
         <w xml:id="o4672-137700"
            n="o4672/0102-a-0270"
            ecep:lem="the"
            ecep:pos="dt"
            ecep:reg="the"
            ecep:spe="the"
            ecep:syllab="1"
            ecep:pron="ðiː">the</w>
         <c> </c>
         <w xml:id="o4672-137710"
            n="o4672/0102-a-0280"
            ecep:lem="envious"
            ecep:pos="j"
            ecep:reg="envious"
            ecep:spe="envious"
            ecep:syllab="2"
            ecep:pron="ˈenviəs">envious</w>
         <c> </c>
         <w xml:id="o4672-137720"
            n="o4672/0102-a-0290"
            ecep:lem="shade"
            ecep:pos="n2"
            ecep:reg="Shades"
            ecep:spe="Shades"
            ecep:syllab="1"
            ecep:pron="ʃeɪdz">Shades</w>
         <c> </c>
         <w xml:id="o4672-137730"
            n="o4672/0102-a-0300"
            ecep:lem="of"
            ecep:pos="pp-f"
            ecep:reg="of"
            ecep:spe="of"
            ecep:syllab="1"
            ecep:pron="ɒv">of</w>
         <c> </c>
         <w xml:id="o4672-137740"
            n="o4672/0102-a-0310"
            ecep:lem="night"
            ecep:pos="n1"
            ecep:reg="Night"
            ecep:spe="Night"
            ecep:syllab="1"
            ecep:pron="naɪt">Night</w>
         <pc xml:id="o4672-137750"
             n="o4672/0102-a-0320"
             ecep:lem=","
             ecep:pos=","
             ecep:reg=","
             ecep:spe=",">,</pc>
      </l>
      <l xml:id="o4672-l05445">
         <c> </c>
         <w xml:id="o4672-137760"
            n="o4672/0102-a-0330"
            ecep:lem="or"
            ecep:pos="cc"
            ecep:reg="Or"
            ecep:spe="Or"
            ecep:syllab="1"
            ecep:pron="ɔː">Or</w>
         <c> </c>
         <w xml:id="o4672-137770"
            n="o4672/0102-a-0340"
            ecep:lem="flattery"
            ecep:pos="n2"
            ecep:reg="Flatteries"
            ecep:spe="Flatteries"
            ecep:syllab="3"
            ecep:pron="ˈflætriz">Flatteries</w>
         <c> </c>
         <w xml:id="o4672-137780"
            n="o4672/0102-a-0350"
            ecep:lem="of"
            ecep:pos="pp-f"
            ecep:reg="of"
            ecep:spe="of"
            ecep:syllab="1"
            ecep:pron="ɒv">of</w>
         <c> </c>
         <w xml:id="o4672-137790"
            n="o4672/0102-a-0360"
            ecep:lem="the"
            ecep:pos="dt"
            ecep:reg="the"
            ecep:spe="the"
            ecep:syllab="1"
            ecep:pron="ðiː">the</w>
         <c> </c>
         <w xml:id="o4672-137800"
            n="o4672/0102-a-0370"
            ecep:lem="day"
            ecep:pos="n1"
            ecep:reg="Day"
            ecep:spe="Day"
            ecep:syllab="1"
            ecep:pron="deɪ">Day</w>
      </l>
      <l xml:id="o4672-l05450">
         <c> </c>
         <w xml:id="o4672-137810"
            n="o4672/0102-a-0380"
            ecep:lem="will"
            ecep:pos="vmd"
            ecep:reg="Would"
            ecep:spe="Would"
            ecep:syllab="1"
            ecep:pron="wʊd">Would</w>
         <c> </c>
         <w xml:id="o4672-137820"
            n="o4672/0102-a-0390"
            ecep:lem="vail"
            ecep:pos="vvi"
            ecep:reg="vail"
            ecep:spe="vail"
            ecep:syllab="1"
            ecep:pron="veɪl">vail</w>
         <c> </c>
         <w xml:id="o4672-137830"
            n="o4672/0102-a-0400"
            ecep:lem="his"
            ecep:pos="po31"
            ecep:reg="his"
            ecep:spe="his"
            ecep:syllab="1"
            ecep:pron="hɪz">his</w>
         <c> </c>
         <w xml:id="o4672-137840"
            n="o4672/0102-a-0410"
            ecep:lem="image"
            ecep:pos="n1"
            ecep:reg="Image"
            ecep:spe="Image"
            ecep:syllab="2"
            ecep:pron="ˈɪmɪdʒ">Image</w>
         <c> </c>
         <w xml:id="o4672-137850"
            n="o4672/0102-a-0420"
            ecep:lem="from"
            ecep:pos="p-acp"
            ecep:reg="from"
            ecep:spe="from"
            ecep:syllab="1"
            ecep:pron="frɒm">from</w>
         <c> </c>
         <w xml:id="o4672-137860"
            n="o4672/0102-a-0430"
            ecep:lem="my"
            ecep:pos="po11"
            ecep:reg="my"
            ecep:spe="my"
            ecep:syllab="1"
            ecep:pron="maɪ">my</w>
         <c> </c>
         <w xml:id="o4672-137870"
            n="o4672/0102-a-0440"
            ecep:lem="sight"
            ecep:pos="n1"
            ecep:reg="Sight"
            ecep:spe="Sight"
            ecep:syllab="1"
            ecep:pron="saɪt">Sight</w>
         <pc xml:id="o4672-137880"
             n="o4672/0102-a-0450"
             ecep:lem=","
             ecep:pos=","
             ecep:reg=","
             ecep:spe=",">,</pc>
      </l>
      <l xml:id="o4672-l05455">
         <c> </c>
         <w xml:id="o4672-137890"
            n="o4672/0102-a-0460"
            ecep:lem="or"
            ecep:pos="cc"
            ecep:reg="Or"
            ecep:spe="Or"
            ecep:syllab="1"
            ecep:pron="ɔː">Or</w>
         <c> </c>
         <w xml:id="o4672-137900"
            n="o4672/0102-a-0470"
            ecep:lem="tempt"
            ecep:pos="vvi"
            ecep:reg="tempt"
            ecep:spe="tempt"
            ecep:syllab="1"
            ecep:pron="tempt">tempt</w>
         <c> </c>
         <w xml:id="o4672-137910"
            n="o4672/0102-a-0480"
            ecep:lem="my"
            ecep:pos="po11"
            ecep:reg="my"
            ecep:spe="my"
            ecep:syllab="1"
            ecep:pron="maɪ">my</w>
         <c> </c>
         <w xml:id="o4672-137920"
            n="o4672/0102-a-0490"
            ecep:lem="soul"
            ecep:pos="n1"
            ecep:reg="Soul"
            ecep:spe="Soul"
            ecep:syllab="1"
            ecep:pron="səʊl">Soul</w>
         <c> </c>
         <w xml:id="o4672-137930"
            n="o4672/0102-a-0500"
            ecep:lem="away"
            ecep:pos="av"
            ecep:reg="away"
            ecep:spe="away"
            ecep:syllab="2"
            ecep:pron="əˈweɪ">away</w>
         <pc xml:id="o4672-137940"
             n="o4672/0102-a-0510"
             ecep:lem=";"
             ecep:pos=";"
             ecep:reg=";"
             ecep:spe=";">;</pc>
      </l>
      <l xml:id="o4672-l05460">
         <c> </c>
         <hi>
            <w xml:id="o4672-137950"
               n="o4672/0102-a-0520"
               ecep:lem="Jesus"
               ecep:pos="np1"
               ecep:reg="Jesus"
               ecep:spe="Jesus"
               ecep:syllab="2"
               ecep:pron="ˈdʒiːzəs">Jesus</w>
         </hi>
         <c> </c>
         <w xml:id="o4672-137960"
            n="o4672/0102-a-0530"
            ecep:lem="be"
            ecep:pos="vbz"
            ecep:reg="is"
            ecep:spe="is"
            ecep:syllab="1"
            ecep:pron="ɪz">is</w>
         <c> </c>
         <w xml:id="o4672-137970"
            n="o4672/0102-a-0540"
            ecep:lem="all"
            ecep:pos="d"
            ecep:reg="all"
            ecep:spe="all"
            ecep:syllab="1"
            ecep:pron="ɔːl">all</w>
         <c> </c>
         <w xml:id="o4672-137980"
            n="o4672/0102-a-0550"
            ecep:lem="my"
            ecep:pos="po11"
            ecep:reg="my"
            ecep:spe="my"
            ecep:syllab="1"
            ecep:pron="maɪ">my</w>
         <c> </c>
         <w xml:id="o4672-137990"
            n="o4672/0102-a-0560"
            ecep:lem="wake"
            ecep:pos="vvg"
            ecep:reg="Waking"
            ecep:spe="Waking"
            ecep:syllab="2"
            ecep:pron="weɪkɪŋ">Waking</w>
         <c> </c>
         <w xml:id="o4672-138000"
            n="o4672/0102-a-0570"
            ecep:lem="theme"
            ecep:pos="n1"
            ecep:reg="Theme"
            ecep:spe="Theme"
            ecep:syllab="1"
            ecep:pron="θiːm">Theme</w>
         <pc xml:id="o4672-138010"
             n="o4672/0102-a-0580"
             ecep:lem=","
             ecep:pos=","
             ecep:reg=","
             ecep:spe=",">,</pc>
      </l>
      <l xml:id="o4672-l05465">
         <c> </c>
         <w xml:id="o4672-138020"
            n="o4672/0102-a-0590"
            ecep:lem="his"
            ecep:pos="po31"
            ecep:reg="His"
            ecep:spe="His"
            ecep:syllab="1"
            ecep:pron="hɪz">His</w>
         <c> </c>
         <w xml:id="o4672-138030"
            n="o4672/0102-a-0600"
            ecep:lem="lovely"
            ecep:pos="j"
            ecep:reg="Lovely"
            ecep:spe="Lovely"
            ecep:syllab="2"
            ecep:pron="ˈlʌvli">Lovely</w>
         <c> </c>
         <w xml:id="o4672-138040"
            n="o4672/0102-a-0610"
            ecep:lem="form"
            ecep:pos="n1"
            ecep:reg="Form"
            ecep:spe="Form"
            ecep:syllab="1"
            ecep:pron="fɔːm">Form</w>
         <c> </c>
         <w xml:id="o4672-138050"
            n="o4672/0102-a-0620"
            ecep:lem="meet"
            ecep:pos="vvz"
            ecep:reg="meets"
            ecep:spe="meets"
            ecep:syllab="1"
            ecep:pron="miːts">meets</w>
         <c> </c>
         <w xml:id="o4672-138060"
            n="o4672/0102-a-0630"
            ecep:lem="every"
            ecep:pos="d"
            ecep:reg="every"
            ecep:spe="every"
            ecep:syllab="2"
            ecep:pron="ˈevri">every</w>
         <c> </c>
         <w xml:id="o4672-138070"
            n="o4672/0102-a-0640"
            ecep:lem="dream"
            ecep:pos="n1"
            ecep:reg="Dream"
            ecep:spe="Dream"
            ecep:syllab="1"
            ecep:pron="driːm">Dream</w>
         <pc xml:id="o4672-138080"
             n="o4672/0102-a-0650"
             ecep:lem=","
             ecep:pos=","
             ecep:reg=","
             ecep:spe=",">,</pc>
      </l>
      <l xml:id="o4672-l05470">
         <c> </c>
         <w xml:id="o4672-138090"
            n="o4672/0102-a-0660"
            ecep:lem="and"
            ecep:pos="cc"
            ecep:reg="And"
            ecep:spe="And"
            ecep:syllab="1"
            ecep:pron="ænd">And</w>
         <c> </c>
         <w xml:id="o4672-138100"
            n="o4672/0102-a-0670"
            ecep:lem="know"
            ecep:pos="vvz"
            ecep:reg="knows"
            ecep:spe="knows"
            ecep:syllab="1"
            ecep:pron="nəʊz">knows</w>
         <c> </c>
         <w xml:id="o4672-138110"
            n="o4672/0102-a-0680"
            ecep:lem="not"
            ecep:pos="xx"
            ecep:reg="not"
            ecep:spe="not"
            ecep:syllab="1"
            ecep:pron="nɒt">not</w>
         <c> </c>
         <w xml:id="o4672-138120"
            n="o4672/0102-a-0690"
            ecep:lem="to"
            ecep:pos="pc-acp"
            ecep:reg="to"
            ecep:spe="to"
            ecep:syllab="1"
            ecep:pron="tuː">to</w>
         <c> </c>
         <w xml:id="o4672-138130"
            n="o4672/0102-a-0700"
            ecep:lem="depart"
            ecep:pos="vvi"
            ecep:reg="depart"
            ecep:spe="depart"
            ecep:syllab="2"
            ecep:pron="dɪˈpɑːt">depart</w>
         <pc xml:id="o4672-138140"
             n="o4672/0102-a-0710"
             ecep:lem=":"
             ecep:pos=":"
             ecep:reg=":"
             ecep:spe=":">:</pc>
      </l>
      <l xml:id="o4672-l05475">
         <c> </c>
         <w xml:id="o4672-138150"
            n="o4672/0102-a-0720"
            ecep:lem="the"
            ecep:pos="dt"
            ecep:reg="The"
            ecep:spe="The"
            ecep:syllab="1"
            ecep:pron="ðiː">The</w>
         <c> </c>
         <w xml:id="o4672-138160"
            n="o4672/0102-a-0730"
            ecep:lem="passion"
            ecep:pos="n1"
            ecep:reg="Passion"
            ecep:spe="Passion"
            ecep:syllab="2"
            ecep:pron="ˈpæʃn">Passion</w>
         <c> </c>
         <w xml:id="o4672-138170"
            n="o4672/0102-a-0740"
            ecep:lem="reign"
            ecep:pos="vvz"
            ecep:reg="reigns"
            ecep:spe="reigns"
            ecep:syllab="1"
            ecep:pron="reɪnz">reigns</w>
      </l>
      <l xml:id="o4672-l05480">
         <c> </c>
         <w xml:id="o4672-138180"
            n="o4672/0102-a-0750"
            ecep:lem="through"
            ecep:pos="p-acp"
            ecep:reg="Through"
            ecep:spe="Thro'"
            ecep:syllab="1"
            ecep:pron="θruː">Thro'</w>
         <c> </c>
         <w xml:id="o4672-138190"
            n="o4672/0102-a-0760"
            ecep:lem="all"
            ecep:pos="d"
            ecep:reg="all"
            ecep:spe="all"
            ecep:syllab="1"
            ecep:pron="ɔːl">all</w>
         <c> </c>
         <w xml:id="o4672-138200"
            n="o4672/0102-a-0770"
            ecep:lem="my"
            ecep:pos="po11"
            ecep:reg="my"
            ecep:spe="my"
            ecep:syllab="1"
            ecep:pron="maɪ">my</w>
         <c> </c>
         <w xml:id="o4672-138210"
            n="o4672/0102-a-0780"
            ecep:lem="vein"
            ecep:pos="n2"
            ecep:reg="Veins"
            ecep:spe="Veins"
            ecep:syllab="1"
            ecep:pron="veɪnz">Veins</w>
         <pc xml:id="o4672-138220"
             n="o4672/0102-a-0790"
             ecep:lem=","
             ecep:pos=","
             ecep:reg=","
             ecep:spe=",">,</pc>
      </l>
      <l xml:id="o4672-l05485">
         <c> </c>
         <w xml:id="o4672-138230"
            n="o4672/0102-a-0800"
            ecep:lem="and"
            ecep:pos="cc"
            ecep:reg="And"
            ecep:spe="And"
            ecep:syllab="1"
            ecep:pron="ænd">And</w>
         <c> </c>
         <w xml:id="o4672-138240"
            n="o4672/0102-a-0810"
            ecep:lem="float"
            ecep:pos="vvg"
            ecep:reg="floating"
            ecep:spe="floating"
            ecep:syllab="2"
            ecep:pron="fləʊtɪŋ">floating</w>
         <c> </c>
         <w xml:id="o4672-138250"
            n="o4672/0102-a-0820"
            ecep:lem="round"
            ecep:pos="av-j"
            ecep:reg="round"
            ecep:spe="round"
            ecep:syllab="1"
            ecep:pron="raʊnd">round</w>
         <c> </c>
         <w xml:id="o4672-138260"
            n="o4672/0102-a-0830"
            ecep:lem="the"
            ecep:pos="dt"
            ecep:reg="the"
            ecep:spe="the"
            ecep:syllab="1"
            ecep:pron="ðiː">the</w>
         <c> </c>
         <w xml:id="o4672-138270"
            n="o4672/0102-a-0840"
            ecep:lem="crimson"
            ecep:pos="j-jn"
            ecep:reg="Crimson"
            ecep:spe="Crimson"
            ecep:syllab="2"
            ecep:pron="ˈkrɪmzn">Crimson</w>
         <c> </c>
         <w xml:id="o4672-138280"
            n="o4672/0102-a-0850"
            ecep:lem="stream"
            ecep:pos="n1"
            ecep:reg="Stream"
            ecep:spe="Stream"
            ecep:syllab="1"
            ecep:pron="striːm">Stream</w>
      </l>
      <l xml:id="o4672-l05490">
         <c> </c>
         <w xml:id="o4672-138290"
            n="o4672/0102-a-0860"
            ecep:lem="still"
            ecep:pos="av"
            ecep:reg="Still"
            ecep:spe="Still"
            ecep:syllab="1"
            ecep:pron="stɪl">Still</w>
         <c> </c>
         <w xml:id="o4672-138300"
            n="o4672/0102-a-0870"
            ecep:lem="find"
            ecep:pos="vvz"
            ecep:reg="finds"
            ecep:spe="finds"
            ecep:syllab="1"
            ecep:pron="faɪndz">finds</w>
         <c> </c>
         <w xml:id="o4672-138310"
            n="o4672/0102-a-0880"
            ecep:lem="he"
            ecep:pos="pno31"
            ecep:reg="him"
            ecep:spe="him"
            ecep:syllab="1"
            ecep:pron="hɪm">him</w>
         <c> </c>
         <w xml:id="o4672-138320"
            n="o4672/0102-a-0890"
            ecep:lem="at"
            ecep:pos="p-acp"
            ecep:reg="at"
            ecep:spe="at"
            ecep:syllab="1"
            ecep:pron="æt">at</w>
         <c> </c>
         <w xml:id="o4672-138330"
            n="o4672/0102-a-0900"
            ecep:lem="my"
            ecep:pos="po11"
            ecep:reg="my"
            ecep:spe="my"
            ecep:syllab="1"
            ecep:pron="maɪ">my</w>
         <c> </c>
         <w xml:id="o4672-138340"
            n="o4672/0102-a-0910"
            ecep:lem="heart"
            ecep:pos="n1"
            ecep:reg="Heart"
            ecep:spe="Heart"
            ecep:syllab="1"
            ecep:pron="hɑːt">Heart</w>
         <pc xml:id="o4672-138350"
             n="o4672/0102-a-0920"
             unit="sentence"
             ecep:lem="."
             ecep:pos="."
             ecep:reg="."
             ecep:spe=".">.</pc>
         <c> </c>
      </l>
   </lg>
   <lg n="4" xml:id="o4672-s01375">
      <head>
         <w xml:id="o4672-138390"
            n="o4672/0102-a-0930"
            ecep:lem="iv"
            ecep:pos="crd"
            ecep:reg="IV"
            ecep:spe="IV"
            ecep:syllab="1"
            ecep:pron="rˌəʊmənfˈɔː">IV</w>
         <pc xml:id="o4672-138400"
             n="o4672/0102-a-0940"
             unit="sentence"
             ecep:lem="."
             ecep:pos="."
             ecep:reg="."
             ecep:spe=".">.</pc>
      </head>
      <l xml:id="o4672-l05495">
         <w xml:id="o4672-138420"
            n="o4672/0102-a-0950"
            ecep:lem="dwell"
            ecep:pos="vvb"
            ecep:reg="Dwell"
            ecep:spe="Dwell"
            ecep:syllab="1"
            ecep:pron="dwel">Dwell</w>
         <c> </c>
         <w xml:id="o4672-138430"
            n="o4672/0102-a-0960"
            ecep:lem="there"
            ecep:pos="a-acp"
            ecep:reg="there"
            ecep:spe="there"
            ecep:syllab="1"
            ecep:pron="ðeə">there</w>
         <pc xml:id="o4672-138440"
             n="o4672/0102-a-0970"
             ecep:lem=","
             ecep:pos=","
             ecep:reg=","
             ecep:spe=",">,</pc>
         <c> </c>
         <w xml:id="o4672-138450"
            n="o4672/0102-a-0980"
            ecep:lem="for"
            ecep:pos="c-acp"
            ecep:reg="for"
            ecep:spe="for"
            ecep:syllab="1"
            ecep:pron="fɔː">for</w>
         <c> </c>
         <w xml:id="o4672-138460"
            n="o4672/0102-a-0990"
            ecep:lem="ever"
            ecep:pos="av"
            ecep:reg="ever"
            ecep:spe="ever"
            ecep:syllab="2"
            ecep:pron="ˈevə">ever</w>
         <c> </c>
         <w xml:id="o4672-138470"
            n="o4672/0102-a-1000"
            ecep:lem="dwell"
            ecep:pos="vvi"
            ecep:reg="dwell"
            ecep:spe="dwell"
            ecep:syllab="1"
            ecep:pron="dwel">dwell</w>
         <pc xml:id="o4672-138480"
             n="o4672/0102-a-1010"
             ecep:lem=","
             ecep:pos=","
             ecep:reg=","
             ecep:spe=",">,</pc>
         <c> </c>
         <w xml:id="o4672-138490"
            n="o4672/0102-a-1020"
            ecep:lem="my"
            ecep:pos="po11"
            ecep:reg="my"
            ecep:spe="my"
            ecep:syllab="1"
            ecep:pron="maɪ">my</w>
         <c> </c>
         <w xml:id="o4672-138500"
            n="o4672/0102-a-1030"
            ecep:lem="love"
            ecep:pos="n1"
            ecep:reg="Love"
            ecep:spe="Love"
            ecep:syllab="1"
            ecep:pron="lʌv">Love</w>
         <pc xml:id="o4672-138510"
             n="o4672/0102-a-1040"
             ecep:lem=";"
             ecep:pos=";"
             ecep:reg=";"
             ecep:spe=";">;</pc>
      </l>
      <l xml:id="o4672-l05500">
         <c> </c>
         <w xml:id="o4672-138520"
            n="o4672/0102-a-1050"
            ecep:lem="here"
            ecep:pos="av"
            ecep:reg="Here"
            ecep:spe="Here"
            ecep:syllab="1"
            ecep:pron="hɪə">Here</w>
         <c> </c>
         <w xml:id="o4672-138530"
            n="o4672/0102-a-1060"
            ecep:lem="i"
            ecep:pos="pns11"
            ecep:reg="I"
            ecep:spe="I"
            ecep:syllab="1"
            ecep:pron="aɪ">I</w>
         <c> </c>
         <w xml:id="o4672-138540"
            n="o4672/0102-a-1070"
            ecep:lem="confine"
            ecep:pos="vvb"
            ecep:reg="confine"
            ecep:spe="confine"
            ecep:syllab="2"
            ecep:pron="ˈkɒnfaɪn">confine</w>
         <c> </c>
         <w xml:id="o4672-138550"
            n="o4672/0102-a-1080"
            ecep:lem="my"
            ecep:pos="po11"
            ecep:reg="my"
            ecep:spe="my"
            ecep:syllab="1"
            ecep:pron="maɪ">my</w>
         <c> </c>
         <w xml:id="o4672-138560"
            n="o4672/0102-a-1090"
            ecep:lem="sense"
            ecep:pos="n1"
            ecep:reg="Sense"
            ecep:spe="Sence"
            ecep:syllab="1"
            ecep:pron="sˈens">Sence</w>
         <pc xml:id="o4672-138570"
             n="o4672/0102-a-1100"
             ecep:lem=","
             ecep:pos=","
             ecep:reg=","
             ecep:spe=",">,</pc>
      </l>
      <l xml:id="o4672-l05505">
         <c> </c>
         <w xml:id="o4672-138580"
            n="o4672/0102-a-1110"
            ecep:lem="nor"
            ecep:pos="ccx"
            ecep:reg="Nor"
            ecep:spe="Nor"
            ecep:syllab="1"
            ecep:pron="nɔː">Nor</w>
         <c> </c>
         <w xml:id="o4672-138590"
            n="o4672/0102-a-1120"
            ecep:lem="dare"
            ecep:pos="vvb"
            ecep:reg="dare"
            ecep:spe="dare"
            ecep:syllab="1"
            ecep:pron="deə">dare</w>
         <c> </c>
         <w xml:id="o4672-138600"
            n="o4672/0102-a-1130"
            ecep:lem="my"
            ecep:pos="po11"
            ecep:reg="my"
            ecep:spe="my"
            ecep:syllab="1"
            ecep:pron="maɪ">my</w>
         <c> </c>
         <w xml:id="o4672-138610"
            n="o4672/0102-a-1140"
            ecep:lem="wild"
            ecep:pos="js"
            ecep:reg="Wildest"
            ecep:spe="Wildest"
            ecep:syllab="2"
            ecep:pron="waɪldɪst">Wildest</w>
         <c> </c>
         <w xml:id="o4672-138620"
            n="o4672/0102-a-1150"
            ecep:lem="wish"
            ecep:pos="n2"
            ecep:reg="Wishes"
            ecep:spe="Wishes"
            ecep:syllab="2"
            ecep:pron="wɪʃɪz">Wishes</w>
         <c> </c>
         <w xml:id="o4672-138630"
            n="o4672/0102-a-1160"
            ecep:lem="rove"
            ecep:pos="vvb"
            ecep:reg="rove"
            ecep:spe="rove"
            ecep:syllab="1"
            ecep:pron="rəʊv">rove</w>
         <pc xml:id="o4672-138640"
             n="o4672/0102-a-1170"
             ecep:lem=","
             ecep:pos=","
             ecep:reg=","
             ecep:spe=",">,</pc>
      </l>
      <l xml:id="o4672-l05510">
         <c> </c>
         <w xml:id="o4672-138650"
            n="o4672/0102-a-1180"
            ecep:lem="nor"
            ecep:pos="ccx"
            ecep:reg="Nor"
            ecep:spe="Nor"
            ecep:syllab="1"
            ecep:pron="nɔː">Nor</w>
         <c> </c>
         <w xml:id="o4672-138660"
            n="o4672/0102-a-1190"
            ecep:lem="stir"
            ecep:pos="vvi"
            ecep:reg="stir"
            ecep:spe="stir"
            ecep:syllab="1"
            ecep:pron="stɜː">stir</w>
         <c> </c>
         <w xml:id="o4672-138670"
            n="o4672/0102-a-1200"
            ecep:lem="a"
            ecep:pos="dt"
            ecep:reg="a"
            ecep:spe="a"
            ecep:syllab="1"
            ecep:pron="ə">a</w>
         <c> </c>
         <w xml:id="o4672-138680"
            n="o4672/0102-a-1210"
            ecep:lem="thought"
            ecep:pos="n1"
            ecep:reg="Thought"
            ecep:spe="Thought"
            ecep:syllab="1"
            ecep:pron="θɔːt">Thought</w>
         <c> </c>
         <w xml:id="o4672-138690"
            n="o4672/0102-a-1220"
            ecep:lem="from"
            ecep:pos="p-acp"
            ecep:reg="from"
            ecep:spe="from"
            ecep:syllab="1"
            ecep:pron="frɒm">from</w>
         <c> </c>
         <w xml:id="o4672-138700"
            n="o4672/0102-a-1230"
            ecep:lem="thence"
            ecep:pos="av"
            ecep:reg="thence"
            ecep:spe="thence"
            ecep:syllab="1"
            ecep:pron="ðens">thence</w>
         <pc xml:id="o4672-138710"
             n="o4672/0102-a-1240"
             unit="sentence"
             ecep:lem="."
             ecep:pos="."
             ecep:reg="."
             ecep:spe=".">.</pc>
         <c> </c>
      </l>
      <l xml:id="o4672-l05515">
         <w xml:id="o4672-138720"
            n="o4672/0102-a-1250"
            ecep:lem="let"
            ecep:pos="vvb"
            ecep:reg="Let"
            ecep:spe="Let"
            ecep:syllab="1"
            ecep:pron="let">Let</w>
         <c> </c>
         <w xml:id="o4672-138730"
            n="o4672/0102-a-1260"
            ecep:lem="i"
            ecep:pos="pno11"
            ecep:reg="me"
            ecep:spe="me"
            ecep:syllab="1"
            ecep:pron="miː">me</w>
         <c> </c>
         <w xml:id="o4672-138740"
            n="o4672/0102-a-1270"
            ecep:lem="be"
            ecep:pos="vbi"
            ecep:reg="be"
            ecep:spe="be"
            ecep:syllab="1"
            ecep:pron="biː">be</w>
         <c> </c>
         <w xml:id="o4672-138750"
            n="o4672/0102-a-1280"
            ecep:lem="lose"
            ecep:pos="vvn"
            ecep:reg="lost"
            ecep:spe="lost"
            ecep:syllab="1"
            ecep:pron="lɒst">lost</w>
         <c> </c>
         <w xml:id="o4672-138760"
            n="o4672/0102-a-1290"
            ecep:lem="in"
            ecep:pos="p-acp"
            ecep:reg="in"
            ecep:spe="in"
            ecep:syllab="1"
            ecep:pron="ɪn">in</w>
         <c> </c>
         <w xml:id="o4672-138770"
            n="o4672/0102-a-1300"
            ecep:lem="thy"
            ecep:pos="po21"
            ecep:reg="thine"
            ecep:spe="thine"
            ecep:syllab="1"
            ecep:pron="ðaɪn">thine</w>
         <c> </c>
         <w xml:id="o4672-138780"
            n="o4672/0102-a-1310"
            ecep:lem="embrace"
            ecep:pos="n1"
            ecep:reg="Embrace"
            ecep:spe="Embrace"
            ecep:syllab="2"
            ecep:pron="ɪmˈbreɪs">Embrace</w>
      </l>
      <l xml:id="o4672-l05520">
         <c> </c>
         <w xml:id="o4672-138790"
            n="o4672/0102-a-1320"
            ecep:lem="as"
            ecep:pos="c-acp"
            ecep:reg="As"
            ecep:spe="As"
            ecep:syllab="1"
            ecep:pron="æz">As</w>
         <c> </c>
         <w xml:id="o4672-138800"
            n="o4672/0102-a-1330"
            ecep:lem="river"
            ecep:pos="n2"
            ecep:reg="Rivers"
            ecep:spe="Rivers"
            ecep:syllab="2"
            ecep:pron="ˈrɪvəz">Rivers</w>
         <c> </c>
         <w xml:id="o4672-138810"
            n="o4672/0102-a-1340"
            ecep:lem="in"
            ecep:pos="p-acp"
            ecep:reg="in"
            ecep:spe="in"
            ecep:syllab="1"
            ecep:pron="ɪn">in</w>
         <c> </c>
         <w xml:id="o4672-138820"
            n="o4672/0102-a-1350"
            ecep:lem="the"
            ecep:pos="dt"
            ecep:reg="the"
            ecep:spe="the"
            ecep:syllab="1"
            ecep:pron="ðiː">the</w>
         <c> </c>
         <w xml:id="o4672-138830"
            n="o4672/0102-a-1360"
            ecep:lem="sea"
            ecep:pos="n1"
            ecep:reg="Sea"
            ecep:spe="Sea"
            ecep:syllab="1"
            ecep:pron="siː">Sea</w>
         <pc xml:id="o4672-138840"
             n="o4672/0102-a-1370"
             ecep:lem=";"
             ecep:pos=";"
             ecep:reg=";"
             ecep:spe=";">;</pc>
      </l>
      <pb facs="o4672/0103" n="84" rend="none"/>
      <l xml:id="o4672-l05525">
         <c> </c>
         <w xml:id="o4672-138850"
            n="o4672/0103-a-0010"
            ecep:lem="or"
            ecep:pos="cc"
            ecep:reg="Or"
            ecep:spe="Or"
            ecep:syllab="1"
            ecep:pron="ɔː">Or</w>
         <c> </c>
         <w xml:id="o4672-138860"
            n="o4672/0103-a-0020"
            ecep:lem="live"
            ecep:pos="vvb"
            ecep:reg="live"
            ecep:spe="live"
            ecep:syllab="1"
            ecep:pron="lɪv">live</w>
         <c> </c>
         <w xml:id="o4672-138870"
            n="o4672/0103-a-0030"
            ecep:lem="eternity"
            ecep:pos="n1"
            ecep:reg="Eternity"
            ecep:spe="Eternity"
            ecep:syllab="4"
            ecep:pron="ɪˈtɜːnəti">Eternity</w>
         <c> </c>
         <w xml:id="o4672-138880"
            n="o4672/0103-a-0040"
            ecep:lem="of"
            ecep:pos="pp-f"
            ecep:reg="of"
            ecep:spe="of"
            ecep:syllab="1"
            ecep:pron="ɒv">of</w>
         <c> </c>
         <w xml:id="o4672-138890"
            n="o4672/0103-a-0050"
            ecep:lem="day"
            ecep:pos="n2"
            ecep:reg="Days"
            ecep:spe="Days"
            ecep:syllab="1"
            ecep:pron="deɪz">Days</w>
      </l>
      <l xml:id="o4672-l05530">
         <c> </c>
         <w xml:id="o4672-138900"
            n="o4672/0103-a-0060"
            ecep:lem="to"
            ecep:pos="pc-acp"
            ecep:reg="To"
            ecep:spe="To"
            ecep:syllab="1"
            ecep:pron="tuː">To</w>
         <c> </c>
         <w xml:id="o4672-138910"
            n="o4672/0103-a-0070"
            ecep:lem="spend"
            ecep:pos="vvi"
            ecep:reg="spend"
            ecep:spe="spend"
            ecep:syllab="1"
            ecep:pron="spend">spend</w>
         <c> </c>
         <w xml:id="o4672-138920"
            n="o4672/0103-a-0080"
            ecep:lem="they"
            ecep:pos="pno32"
            ecep:reg="them"
            ecep:spe="them"
            ecep:syllab="1"
            ecep:pron="ðem">them</w>
         <c> </c>
         <w xml:id="o4672-138930"
            n="o4672/0103-a-0090"
            ecep:lem="all"
            ecep:pos="d"
            ecep:reg="all"
            ecep:spe="all"
            ecep:syllab="1"
            ecep:pron="ɔːl">all</w>
         <c> </c>
         <w xml:id="o4672-138940"
            n="o4672/0103-a-0100"
            ecep:lem="with"
            ecep:pos="p-acp"
            ecep:reg="with"
            ecep:spe="with"
            ecep:syllab="1"
            ecep:pron="wɪð">with</w>
         <c> </c>
         <w xml:id="o4672-138950"
            n="o4672/0103-a-0110"
            ecep:lem="thou"
            ecep:pos="pno21"
            ecep:reg="thee"
            ecep:spe="thee"
            ecep:syllab="1"
            ecep:pron="ðiː">thee</w>
         <pc xml:id="o4672-138960"
             n="o4672/0103-a-0120"
             unit="sentence"
             ecep:lem="."
             ecep:pos="."
             ecep:reg="."
             ecep:spe=".">.</pc>
         <c> </c>
      </l>
      <l xml:id="o4672-l05535">
         <w xml:id="o4672-138970"
            n="o4672/0103-a-0130"
            ecep:lem="still"
            ecep:pos="j"
            ecep:reg="Still"
            ecep:spe="Still"
            ecep:syllab="1"
            ecep:pron="stɪl">Still</w>
         <c> </c>
         <w xml:id="o4672-138980"
            n="o4672/0103-a-0140"
            ecep:lem="i"
            ecep:pos="pns11"
            ecep:reg="I"
            ecep:spe="I"
            ecep:syllab="1"
            ecep:pron="aɪ">I</w>
         <c> </c>
         <w xml:id="o4672-138990"
            n="o4672/0103-a-0150"
            ecep:lem="will"
            ecep:pos="vmd"
            ecep:reg="would"
            ecep:spe="would"
            ecep:syllab="1"
            ecep:pron="wʊd">would</w>
         <c> </c>
         <w xml:id="o4672-139000"
            n="o4672/0103-a-0160"
            ecep:lem="lie"
            ecep:pos="vvi"
            ecep:reg="lie"
            ecep:spe="lie"
            ecep:syllab="1"
            ecep:pron="laɪ">lie</w>
         <c> </c>
         <w xml:id="o4672-139010"
            n="o4672/0103-a-0170"
            ecep:lem="in"
            ecep:pos="p-acp"
            ecep:reg="in"
            ecep:spe="in"
            ecep:syllab="1"
            ecep:pron="ɪn">in</w>
         <c> </c>
         <w xml:id="o4672-139020"
            n="o4672/0103-a-0180"
            ecep:lem="those"
            ecep:pos="d"
            ecep:reg="those"
            ecep:spe="those"
            ecep:syllab="1"
            ecep:pron="ðəʊz">those</w>
         <c> </c>
         <w xml:id="o4672-139030"
            n="o4672/0103-a-0190"
            ecep:lem="dear"
            ecep:pos="j-jn"
            ecep:reg="dear"
            ecep:spe="dear"
            ecep:syllab="1"
            ecep:pron="dɪə">dear</w>
         <c> </c>
         <w xml:id="o4672-139040"
            n="o4672/0103-a-0200"
            ecep:lem="arm"
            ecep:pos="n2"
            ecep:reg="Arms"
            ecep:spe="Arms"
            ecep:syllab="1"
            ecep:pron="ɑːmz">Arms</w>
      </l>
      <l xml:id="o4672-l05540">
         <c> </c>
         <w xml:id="o4672-139050"
            n="o4672/0103-a-0210"
            ecep:lem="dissolve"
            ecep:pos="vvg"
            ecep:reg="Dissolving"
            ecep:spe="Dissolving"
            ecep:syllab="3"
            ecep:pron="dɪˈzɒlvɪŋ">Dissolving</w>
         <c> </c>
         <w xml:id="o4672-139060"
            n="o4672/0103-a-0220"
            ecep:lem="still"
            ecep:pos="av"
            ecep:reg="still"
            ecep:spe="still"
            ecep:syllab="1"
            ecep:pron="stɪl">still</w>
         <c> </c>
         <w xml:id="o4672-139070"
            n="o4672/0103-a-0230"
            ecep:lem="among"
            ecep:pos="p-acp"
            ecep:reg="among"
            ecep:spe="among"
            ecep:syllab="2"
            ecep:pron="əˈmʌŋ">among</w>
         <c> </c>
         <w xml:id="o4672-139080"
            n="o4672/0103-a-0240"
            ecep:lem="thy"
            ecep:pos="po21"
            ecep:reg="thy"
            ecep:spe="thy"
            ecep:syllab="1"
            ecep:pron="ðaɪ">thy</w>
         <c> </c>
         <w xml:id="o4672-139090"
            n="o4672/0103-a-0250"
            ecep:lem="charm"
            ecep:pos="n2"
            ecep:reg="Charms"
            ecep:spe="Charms"
            ecep:syllab="1"
            ecep:pron="tʃɑːmz">Charms</w>
         <pc xml:id="o4672-139100"
             n="o4672/0103-a-0260"
             ecep:lem=","
             ecep:pos=","
             ecep:reg=","
             ecep:spe=",">,</pc>
      </l>
      <l xml:id="o4672-l05545">
         <c> </c>
         <w xml:id="o4672-139110"
            n="o4672/0103-a-0270"
            ecep:lem="and"
            ecep:pos="cc"
            ecep:reg="And"
            ecep:spe="And"
            ecep:syllab="1"
            ecep:pron="ænd">And</w>
         <c> </c>
         <w xml:id="o4672-139120"
            n="o4672/0103-a-0280"
            ecep:lem="as"
            ecep:pos="c-acp"
            ecep:reg="as"
            ecep:spe="as"
            ecep:syllab="1"
            ecep:pron="æz">as</w>
         <c> </c>
         <w xml:id="o4672-139130"
            n="o4672/0103-a-0290"
            ecep:lem="the"
            ecep:pos="dt"
            ecep:reg="the"
            ecep:spe="the"
            ecep:syllab="1"
            ecep:pron="ðiː">the</w>
         <c> </c>
         <w xml:id="o4672-139140"
            n="o4672/0103-a-0300"
            ecep:lem="moment"
            ecep:pos="n2"
            ecep:reg="Moments"
            ecep:spe="Moments"
            ecep:syllab="2"
            ecep:pron="ˈməʊmənts">Moments</w>
         <c> </c>
         <w xml:id="o4672-139150"
            n="o4672/0103-a-0310"
            ecep:lem="fly"
            ecep:pos="vvb"
            ecep:reg="fly"
            ecep:spe="fly"
            ecep:syllab="1"
            ecep:pron="flaɪ">fly</w>
         <pc xml:id="o4672-139160"
             n="o4672/0103-a-0320"
             ecep:lem=","
             ecep:pos=","
             ecep:reg=","
             ecep:spe=",">,</pc>
      </l>
      <l xml:id="o4672-l05550">
         <c> </c>
         <w xml:id="o4672-139170"
            n="o4672/0103-a-0330"
            ecep:lem="i'de"
            ecep:pos="np1"
            ecep:reg="I'de"
            ecep:spe="I'de"
            ecep:syllab="1"
            ecep:pron="aɪdˈe">I'de</w>
         <c> </c>
         <w xml:id="o4672-139180"
            n="o4672/0103-a-0340"
            ecep:lem="breathe"
            ecep:pos="vvb"
            ecep:reg="Breathe"
            ecep:spe="Breathe"
            ecep:syllab="1"
            ecep:pron="briːð">Breathe</w>
         <c> </c>
         <w xml:id="o4672-139190"
            n="o4672/0103-a-0350"
            ecep:lem="away"
            ecep:pos="av"
            ecep:reg="away"
            ecep:spe="away"
            ecep:syllab="2"
            ecep:pron="əˈweɪ">away</w>
         <c> </c>
         <w xml:id="o4672-139200"
            n="o4672/0103-a-0360"
            ecep:lem="successive"
            ecep:pos="j"
            ecep:reg="successive"
            ecep:spe="successive"
            ecep:syllab="3"
            ecep:pron="səkˈsesɪv">successive</w>
         <c> </c>
         <w xml:id="o4672-139210"
            n="o4672/0103-a-0370"
            ecep:lem="soul"
            ecep:pos="n2"
            ecep:reg="Souls"
            ecep:spe="Souls"
            ecep:syllab="1"
            ecep:pron="səʊlz">Souls</w>
         <pc xml:id="o4672-139220"
             n="o4672/0103-a-0380"
             ecep:lem=","
             ecep:pos=","
             ecep:reg=","
             ecep:spe=",">,</pc>
      </l>
      <l xml:id="o4672-l05555">
         <c> </c>
         <w xml:id="o4672-139230"
            n="o4672/0103-a-0390"
            ecep:lem="so"
            ecep:pos="av"
            ecep:reg="So"
            ecep:spe="So"
            ecep:syllab="1"
            ecep:pron="səʊ">So</w>
         <c> </c>
         <w xml:id="o4672-139240"
            n="o4672/0103-a-0400"
            ecep:lem="billow"
            ecep:pos="n1"
            ecep:reg="Billow"
            ecep:spe="Billow"
            ecep:syllab="2"
            ecep:pron="ˈbɪləʊ">Billow</w>
         <c> </c>
         <w xml:id="o4672-139250"
            n="o4672/0103-a-0410"
            ecep:lem="after"
            ecep:pos="p-acp"
            ecep:reg="after"
            ecep:spe="after"
            ecep:syllab="2"
            ecep:pron="ˈɑːftə">after</w>
         <c> </c>
         <w xml:id="o4672-139260"
            n="o4672/0103-a-0420"
            ecep:lem="billow"
            ecep:pos="n1"
            ecep:reg="Billow"
            ecep:spe="Billow"
            ecep:syllab="2"
            ecep:pron="ˈbɪləʊ">Billow</w>
         <c> </c>
         <w xml:id="o4672-139270"
            n="o4672/0103-a-0430"
            ecep:lem="roll"
            ecep:pos="vvz"
            ecep:reg="rolls"
            ecep:spe="rolls"
            ecep:syllab="1"
            ecep:pron="rəʊlz">rolls</w>
      </l>
      <l xml:id="o4672-l05560">
         <c> </c>
         <w xml:id="o4672-139280"
            n="o4672/0103-a-0440"
            ecep:lem="to"
            ecep:pos="pc-acp"
            ecep:reg="To"
            ecep:spe="To"
            ecep:syllab="1"
            ecep:pron="tuː">To</w>
         <c> </c>
         <w xml:id="o4672-139290"
            n="o4672/0103-a-0450"
            ecep:lem="kiss"
            ecep:pos="vvi"
            ecep:reg="kiss"
            ecep:spe="kiss"
            ecep:syllab="1"
            ecep:pron="kɪs">kiss</w>
         <c> </c>
         <w xml:id="o4672-139300"
            n="o4672/0103-a-0460"
            ecep:lem="the"
            ecep:pos="dt"
            ecep:reg="the"
            ecep:spe="the"
            ecep:syllab="1"
            ecep:pron="ðiː">the</w>
         <c> </c>
         <w xml:id="o4672-139310"
            n="o4672/0103-a-0470"
            ecep:lem="shore"
            ecep:pos="n1"
            ecep:reg="Shore"
            ecep:spe="Shoar"
            ecep:syllab="1"
            ecep:pron="ʃˈɔː">Shoar</w>
         <pc xml:id="o4672-139320"
             n="o4672/0103-a-0480"
             ecep:lem=","
             ecep:pos=","
             ecep:reg=","
             ecep:spe=",">,</pc>
         <c> </c>
         <w xml:id="o4672-139330"
            n="o4672/0103-a-0490"
            ecep:lem="and"
            ecep:pos="cc"
            ecep:reg="and"
            ecep:spe="and"
            ecep:syllab="1"
            ecep:pron="ænd">and</w>
         <c> </c>
         <w xml:id="o4672-139340"
            n="o4672/0103-a-0500"
            ecep:lem="die"
            ecep:pos="vvi"
            ecep:reg="Die"
            ecep:spe="Dye"
            ecep:syllab="1"
            ecep:pron="daɪ">Dye</w>
         <pc xml:id="o4672-139350"
             n="o4672/0103-a-0510"
             unit="sentence"
             ecep:lem="."
             ecep:pos="."
             ecep:reg="."
             ecep:spe=".">.</pc>
         <c> </c>
      </l>
   </lg>
</div>
