<?xml version="1.0" encoding="utf-8"?>
<!DOCTYPE div
  SYSTEM "about:legacy-compat">
<div xmlns:tei="http://www.tei-c.org/ns/1.0"
     xmlns="http://www.tei-c.org/ns/1.0"
     xmlns:ecep="http://www.eighteenthcenturypoetry.org/ns"
     ana="#iamb #tetrameter #sestet"
     corresp="#txt_LuxbLa1699_w0003"
     ecep:syllab="8.8.8.8.8.8"
     met="-+|-+|-+|-+/         -+|-+|-+|-+/         -+|-+|-+|-+/         -+|-+|-+|-+/         -+|-+|-+|-+/         -+|-+|-+|-+/"
     rendition="#lgvspace"
     rhyme="ababcc"
     subtype="eceptext"
     type="poem"
     xml:id="o5155-w0780"
     decls="#semi-normalized">
   <link target="authors.xml#aut_LuxbLa1699" type="author"/>
   <link target="26691" type="DMI"/>
   <head type="main">
      <w xml:id="o5155-647990"
         n="311-a-0300"
         ecep:lem="write"
         ecep:pos="vvn"
         ecep:reg="Written"
         ecep:spe="Written"
         ecep:syllab="2"
         ecep:pron="ˈrɪtn">Written</w>
      <c> </c>
      <w xml:id="o5155-648000"
         n="311-a-0310"
         ecep:lem="to"
         ecep:pos="p-acp"
         ecep:reg="to"
         ecep:spe="to"
         ecep:syllab="1"
         ecep:pron="tuː">to</w>
      <c> </c>
      <w xml:id="o5155-648010"
         n="311-a-0320"
         ecep:lem="a"
         ecep:pos="dt"
         ecep:reg="a"
         ecep:spe="a"
         ecep:syllab="1"
         ecep:pron="ə">a</w>
      <c> </c>
      <w xml:id="o5155-648020"
         n="311-a-0330"
         ecep:lem="near"
         ecep:pos="j"
         ecep:reg="near"
         ecep:spe="near"
         ecep:syllab="1"
         ecep:pron="nɪə">near</w>
      <c> </c>
      <w xml:id="o5155-648030"
         n="311-a-0340"
         ecep:lem="neighbour"
         ecep:pos="n1"
         ecep:reg="Neighbour"
         ecep:spe="Neighbour"
         ecep:syllab="1"
         ecep:pron="ˈneɪbə">Neighbour</w>
      <c> </c>
      <w xml:id="o5155-648040"
         n="311-a-0350"
         ecep:lem="in"
         ecep:pos="p-acp"
         ecep:reg="in"
         ecep:spe="in"
         ecep:syllab="1"
         ecep:pron="ɪn">in</w>
      <c> </c>
      <w xml:id="o5155-648050"
         n="311-a-0360"
         ecep:lem="a"
         ecep:pos="dt"
         ecep:reg="a"
         ecep:spe="a"
         ecep:syllab="1"
         ecep:pron="ə">a</w>
      <c> </c>
      <w xml:id="o5155-648060"
         n="311-a-0370"
         ecep:lem="tempestuous"
         ecep:pos="j"
         ecep:reg="tempestuous"
         ecep:spe="tempestuous"
         ecep:syllab="4"
         ecep:pron="temˈpestjʊəs">tempestuous</w>
      <c> </c>
      <w xml:id="o5155-648070"
         n="311-a-0380"
         ecep:lem="night"
         ecep:pos="n1"
         ecep:reg="Night"
         ecep:spe="Night"
         ecep:syllab="1"
         ecep:pron="naɪt">Night</w>
      <pc xml:id="o5155-648080"
          n="311-a-0390"
          ecep:lem=","
          ecep:pos=","
          ecep:reg=","
          ecep:spe=",">,</pc>
      <c> </c>
      <w xml:id="o5155-648090"
         n="311-a-0400"
         ecep:lem="1748."
         ecep:pos="crd"
         ecep:reg="1748."
         ecep:spe="1748."
         ecep:syllab="1"
         ecep:pron="wˈɒnθˈaʊzəndsˈevənhˈʌndrədənfˈɔːtiˈeɪt">1748.</w>
      <pc unit="sentence" xml:id="o5155-648090-eos" n="311-a-0410"/>
   </head>
   <byline>
      <w xml:id="o5155-648120"
         n="311-a-0420"
         ecep:lem="by"
         ecep:pos="p-acp"
         ecep:reg="By"
         ecep:spe="By"
         ecep:syllab="1"
         ecep:pron="baɪ">By</w>
      <c> </c>
      <w xml:id="o5155-648130"
         n="311-a-0430"
         ecep:lem="the"
         ecep:pos="dt"
         ecep:reg="the"
         ecep:spe="the"
         ecep:syllab="1"
         ecep:pron="ðə">the</w>
      <c> </c>
      <w xml:id="o5155-648140"
         n="311-a-0440"
         ecep:lem="same"
         ecep:pos="d"
         ecep:reg="Same"
         ecep:spe="Same"
         ecep:syllab="1"
         ecep:pron="seɪm">Same</w>
      <pc xml:id="o5155-648150"
          n="311-a-0450"
          unit="sentence"
          ecep:lem="."
          ecep:pos="."
          ecep:reg="."
          ecep:spe=".">.</pc>
   </byline>
   <lg n="1" xml:id="o5155-s03800">
      <head>
         <w xml:id="o5155-648190"
            n="311-a-0460"
            ecep:lem="i"
            ecep:pos="pns11"
            ecep:reg="I"
            ecep:spe="I."
            ecep:syllab="1"
            ecep:pron="ˈaɪ">I.</w>
         <pc unit="sentence" xml:id="o5155-648190-eos" n="311-a-0470"/>
      </head>
      <l xml:id="o5155-l34510">
         <w xml:id="o5155-648210"
            n="311-a-0480"
            ecep:lem="you"
            ecep:pos="pn22"
            ecep:reg="YOU"
            ecep:spe="YOU"
            ecep:syllab="1"
            ecep:pron="juː">YOU</w>
         <c> </c>
         <w xml:id="o5155-648220"
            n="311-a-0490"
            ecep:lem="bid"
            ecep:pos="vvb"
            ecep:reg="bid"
            ecep:spe="bid"
            ecep:syllab="1"
            ecep:pron="bɪd">bid</w>
         <c> </c>
         <w xml:id="o5155-648230"
            n="311-a-0500"
            ecep:lem="my"
            ecep:pos="po11"
            ecep:reg="my"
            ecep:spe="my"
            ecep:syllab="1"
            ecep:pron="maɪ">my</w>
         <c> </c>
         <w xml:id="o5155-648240"
            n="311-a-0510"
            ecep:lem="muse"
            ecep:pos="n1"
            ecep:reg="Muse"
            ecep:spe="Muse"
            ecep:syllab="1"
            ecep:pron="mjuːz">Muse</w>
         <c> </c>
         <w xml:id="o5155-648250"
            n="311-a-0520"
            ecep:lem="not"
            ecep:pos="xx"
            ecep:reg="not"
            ecep:spe="not"
            ecep:syllab="1"
            ecep:pron="nɒt">not</w>
         <c> </c>
         <w xml:id="o5155-648260"
            n="311-a-0530"
            ecep:lem="cease"
            ecep:pos="vvi"
            ecep:reg="cease"
            ecep:spe="cease"
            ecep:syllab="1"
            ecep:pron="siːs">cease</w>
         <c> </c>
         <w xml:id="o5155-648270"
            n="311-a-0540"
            ecep:lem="to"
            ecep:pos="pc-acp"
            ecep:reg="to"
            ecep:spe="to"
            ecep:syllab="1"
            ecep:pron="tuː">to</w>
         <c> </c>
         <w xml:id="o5155-648280"
            n="311-a-0550"
            ecep:lem="sing"
            ecep:pos="vvi"
            ecep:reg="sing"
            ecep:spe="sing"
            ecep:syllab="1"
            ecep:pron="sɪŋ">sing</w>
         <pc xml:id="o5155-648290"
             n="311-a-0560"
             ecep:lem=","
             ecep:pos=","
             ecep:reg=","
             ecep:spe=",">,</pc>
      </l>
      <l xml:id="o5155-l34515">
         <w xml:id="o5155-648300"
            n="311-a-0570"
            ecep:lem="you"
            ecep:pos="pn22"
            ecep:reg="You"
            ecep:spe="You"
            ecep:syllab="1"
            ecep:pron="juː">You</w>
         <c> </c>
         <w xml:id="o5155-648310"
            n="311-a-0580"
            ecep:lem="bid"
            ecep:pos="vvb"
            ecep:reg="bid"
            ecep:spe="bid"
            ecep:syllab="1"
            ecep:pron="bɪd">bid</w>
         <c> </c>
         <w xml:id="o5155-648320"
            n="311-a-0590"
            ecep:lem="my"
            ecep:pos="po11"
            ecep:reg="my"
            ecep:spe="my"
            ecep:syllab="1"
            ecep:pron="maɪ">my</w>
         <c> </c>
         <w xml:id="o5155-648330"
            n="311-a-0600"
            ecep:lem="ink"
            ecep:pos="n1"
            ecep:reg="ink"
            ecep:spe="ink"
            ecep:syllab="1"
            ecep:pron="ɪŋk">ink</w>
         <c> </c>
         <w xml:id="o5155-648340"
            n="311-a-0610"
            ecep:lem="not"
            ecep:pos="xx"
            ecep:reg="not"
            ecep:spe="not"
            ecep:syllab="1"
            ecep:pron="nɒt">not</w>
         <c> </c>
         <w xml:id="o5155-648350"
            n="311-a-0620"
            ecep:lem="cease"
            ecep:pos="vvi"
            ecep:reg="cease"
            ecep:spe="cease"
            ecep:syllab="1"
            ecep:pron="siːs">cease</w>
         <c> </c>
         <w xml:id="o5155-648360"
            n="311-a-0630"
            ecep:lem="to"
            ecep:pos="pc-acp"
            ecep:reg="to"
            ecep:spe="to"
            ecep:syllab="1"
            ecep:pron="tuː">to</w>
         <c> </c>
         <w xml:id="o5155-648370"
            n="311-a-0640"
            ecep:lem="flow"
            ecep:pos="vvi"
            ecep:reg="flow"
            ecep:spe="flow"
            ecep:syllab="1"
            ecep:pron="fləʊ">flow</w>
         <pc xml:id="o5155-648380"
             n="311-a-0650"
             ecep:lem=";"
             ecep:pos=";"
             ecep:reg=";"
             ecep:spe=";">;</pc>
      </l>
      <l xml:id="o5155-l34520">
         <w xml:id="o5155-648390"
            n="311-a-0660"
            ecep:lem="then"
            ecep:pos="av"
            ecep:reg="Then"
            ecep:spe="Then"
            ecep:syllab="1"
            ecep:pron="ðen">Then</w>
         <c> </c>
         <w xml:id="o5155-648400"
            n="311-a-0670"
            ecep:lem="say"
            ecep:pos="vvb"
            ecep:reg="say"
            ecep:spe="say"
            ecep:syllab="1"
            ecep:pron="seɪ">say</w>
         <c> </c>
         <w xml:id="o5155-648410"
            n="311-a-0680"
            ecep:lem="it"
            ecep:pos="pn31"
            ecep:reg="it"
            ecep:spe="it"
            ecep:syllab="1"
            ecep:pron="ɪt">it</w>
         <c> </c>
         <w xml:id="o5155-648420"
            n="311-a-0690"
            ecep:lem="ever"
            ecep:pos="av"
            ecep:reg="ever"
            ecep:spe="ever"
            ecep:syllab="2"
            ecep:pron="ˈevə">ever</w>
         <c> </c>
         <w xml:id="o5155-648430"
            n="311-a-0700"
            ecep:lem="shall"
            ecep:pos="vmb"
            ecep:reg="shall"
            ecep:spe="shall"
            ecep:syllab="1"
            ecep:pron="ʃæl">shall</w>
         <c> </c>
         <w xml:id="o5155-648440"
            n="311-a-0710"
            ecep:lem="be"
            ecep:pos="vbi"
            ecep:reg="be"
            ecep:spe="be"
            ecep:syllab="1"
            ecep:pron="biː">be</w>
         <c> </c>
         <w xml:id="o5155-648450"
            n="311-a-0720"
            ecep:lem="spring"
            ecep:pos="n1"
            ecep:reg="spring"
            ecep:spe="spring"
            ecep:syllab="1"
            ecep:pron="sprɪŋ">spring</w>
         <pc xml:id="o5155-648460"
             n="311-a-0730"
             ecep:lem=","
             ecep:pos=","
             ecep:reg=","
             ecep:spe=",">,</pc>
      </l>
      <l xml:id="o5155-l34525">
         <w xml:id="o5155-648470"
            n="311-a-0740"
            ecep:lem="and"
            ecep:pos="cc"
            ecep:reg="And"
            ecep:spe="And"
            ecep:syllab="1"
            ecep:pron="ænd">And</w>
         <c> </c>
         <w xml:id="o5155-648480"
            n="311-a-0750"
            ecep:lem="boisterous"
            ecep:pos="j"
            ecep:reg="boisterous"
            ecep:spe="boisterous"
            ecep:syllab="3"
            ecep:pron="ˈbɔɪstərəs">boisterous</w>
         <c> </c>
         <w xml:id="o5155-648490"
            n="311-a-0760"
            ecep:lem="wind"
            ecep:pos="n2"
            ecep:reg="winds"
            ecep:spe="winds"
            ecep:syllab="1"
            ecep:pron="wɪndz">winds</w>
         <c> </c>
         <w xml:id="o5155-648500"
            n="311-a-0770"
            ecep:lem="shall"
            ecep:pos="vmb"
            ecep:reg="shall"
            ecep:spe="shall"
            ecep:syllab="1"
            ecep:pron="ʃæl">shall</w>
         <c> </c>
         <w xml:id="o5155-648510"
            n="311-a-0780"
            ecep:lem="never"
            ecep:pos="av-x"
            ecep:reg="never"
            ecep:spe="never"
            ecep:syllab="2"
            ecep:pron="ˈnevə">never</w>
         <c> </c>
         <w xml:id="o5155-648520"
            n="311-a-0790"
            ecep:lem="blow"
            ecep:pos="vvi"
            ecep:reg="blow"
            ecep:spe="blow"
            ecep:syllab="1"
            ecep:pron="bləʊ">blow</w>
         <pc xml:id="o5155-648530"
             n="311-a-0800"
             ecep:lem=":"
             ecep:pos=":"
             ecep:reg=":"
             ecep:spe=":">:</pc>
      </l>
      <l xml:id="o5155-l34530">
         <w xml:id="o5155-648540"
            n="311-a-0810"
            ecep:lem="when"
            ecep:pos="c-crq"
            ecep:reg="When"
            ecep:spe="When"
            ecep:syllab="1"
            ecep:pron="wen">When</w>
         <c> </c>
         <w xml:id="o5155-648550"
            n="311-a-0820"
            ecep:lem="you"
            ecep:pos="pn22"
            ecep:reg="you"
            ecep:spe="you"
            ecep:syllab="1"
            ecep:pron="juː">you</w>
         <c> </c>
         <w xml:id="o5155-648560"
            n="311-a-0830"
            ecep:lem="such"
            ecep:pos="d"
            ecep:reg="such"
            ecep:spe="such"
            ecep:syllab="1"
            ecep:pron="sʌtʃ">such</w>
         <c> </c>
         <w xml:id="o5155-648570"
            n="311-a-0840"
            ecep:lem="miracle"
            ecep:pos="n2"
            ecep:reg="miracles"
            ecep:spe="miracles"
            ecep:syllab="3"
            ecep:pron="ˈmɪrəklz">miracles</w>
         <c> </c>
         <w xml:id="o5155-648580"
            n="311-a-0850"
            ecep:lem="can"
            ecep:pos="vmb"
            ecep:reg="can"
            ecep:spe="can"
            ecep:syllab="1"
            ecep:pron="kæn">can</w>
         <c> </c>
         <w xml:id="o5155-648590"
            n="311-a-0860"
            ecep:lem="prove"
            ecep:pos="vvi"
            ecep:reg="prove"
            ecep:spe="prove"
            ecep:syllab="1"
            ecep:pron="pruːv">prove</w>
         <pc xml:id="o5155-648600"
             n="311-a-0870"
             ecep:lem=","
             ecep:pos=","
             ecep:reg=","
             ecep:spe=",">,</pc>
      </l>
      <l xml:id="o5155-l34535">
         <w xml:id="o5155-648610"
            n="311-a-0880"
            ecep:lem="i|will"
            ecep:pos="pns11|vmb"
            ecep:reg="I'll"
            ecep:spe="I'll"
            ecep:syllab="1"
            ecep:pron="ˈaɪl">I'll</w>
         <c> </c>
         <w xml:id="o5155-648620"
            n="311-a-0890"
            ecep:lem="sing"
            ecep:pos="vvi"
            ecep:reg="sing"
            ecep:spe="sing"
            ecep:syllab="1"
            ecep:pron="sɪŋ">sing</w>
         <c> </c>
         <w xml:id="o5155-648630"
            n="311-a-0900"
            ecep:lem="of"
            ecep:pos="pp-f"
            ecep:reg="of"
            ecep:spe="of"
            ecep:syllab="1"
            ecep:pron="ɒv">of</w>
         <c> </c>
         <w xml:id="o5155-648640"
            n="311-a-0910"
            ecep:lem="friendship"
            ecep:pos="n1"
            ecep:reg="friendship"
            ecep:spe="friendship"
            ecep:syllab="2"
            ecep:pron="ˈfrendʃɪp">friendship</w>
         <pc xml:id="o5155-648650"
             n="311-a-0920"
             ecep:lem=","
             ecep:pos=","
             ecep:reg=","
             ecep:spe=",">,</pc>
         <c> </c>
         <w xml:id="o5155-648660"
            n="311-a-0930"
            ecep:lem="or"
            ecep:pos="cc"
            ecep:reg="or"
            ecep:spe="or"
            ecep:syllab="1"
            ecep:pron="ɔː">or</w>
         <c> </c>
         <w xml:id="o5155-648670"
            n="311-a-0940"
            ecep:lem="of"
            ecep:pos="pp-f"
            ecep:reg="of"
            ecep:spe="of"
            ecep:syllab="1"
            ecep:pron="ɒv">of</w>
         <c> </c>
         <w xml:id="o5155-648680"
            n="311-a-0950"
            ecep:lem="love"
            ecep:pos="n1"
            ecep:reg="love"
            ecep:spe="love"
            ecep:syllab="1"
            ecep:pron="lʌv">love</w>
         <pc xml:id="o5155-648690"
             n="311-a-0960"
             unit="sentence"
             ecep:lem="."
             ecep:pos="."
             ecep:reg="."
             ecep:spe=".">.</pc>
      </l>
   </lg>
   <lg n="2" xml:id="o5155-s03805">
      <head>
         <w xml:id="o5155-648730"
            n="311-a-0970"
            ecep:lem="ii"
            ecep:pos="crd"
            ecep:reg="II"
            ecep:spe="II"
            ecep:syllab="1"
            ecep:pron="rˌəʊməntˈuː">II</w>
         <pc xml:id="o5155-648740"
             n="311-a-0980"
             unit="sentence"
             ecep:lem="."
             ecep:pos="."
             ecep:reg="."
             ecep:spe=".">.</pc>
      </head>
      <l xml:id="o5155-l34540">
         <w xml:id="o5155-648760"
            n="311-a-0990"
            ecep:lem="but"
            ecep:pos="p-acp"
            ecep:reg="But"
            ecep:spe="But"
            ecep:syllab="1"
            ecep:pron="bʌt">But</w>
         <c> </c>
         <w xml:id="o5155-648770"
            n="311-a-1000"
            ecep:lem="now"
            ecep:pos="av"
            ecep:reg="now"
            ecep:spe="now"
            ecep:syllab="1"
            ecep:pron="naʊ">now</w>
         <pc xml:id="o5155-648780"
             n="311-a-1010"
             ecep:lem=","
             ecep:pos=","
             ecep:reg=","
             ecep:spe=",">,</pc>
         <c> </c>
         <w xml:id="o5155-648790"
            n="311-a-1020"
            ecep:lem="alone"
            ecep:pos="j"
            ecep:reg="alone"
            ecep:spe="alone"
            ecep:syllab="2"
            ecep:pron="əˈləʊn">alone</w>
         <pc xml:id="o5155-648800"
             n="311-a-1030"
             ecep:lem=","
             ecep:pos=","
             ecep:reg=","
             ecep:spe=",">,</pc>
         <c> </c>
         <w xml:id="o5155-648810"
            n="311-a-1040"
            ecep:lem="by"
            ecep:pos="p-acp"
            ecep:reg="by"
            ecep:spe="by"
            ecep:syllab="1"
            ecep:pron="baɪ">by</w>
         <c> </c>
         <w xml:id="o5155-648820"
            n="311-a-1050"
            ecep:lem="storm"
            ecep:pos="n2"
            ecep:reg="storms"
            ecep:spe="storms"
            ecep:syllab="1"
            ecep:pron="stɔːmz">storms</w>
         <c> </c>
         <w xml:id="o5155-648830"
            n="311-a-1060"
            ecep:lem="oppress"
            ecep:pos="vvn"
            ecep:reg="oppressed"
            ecep:spe="opprest"
            ecep:syllab="2"
            ecep:pron="əˈprest">opprest</w>
         <pc xml:id="o5155-648840"
             n="311-a-1070"
             ecep:lem=","
             ecep:pos=","
             ecep:reg=","
             ecep:spe=",">,</pc>
      </l>
      <l xml:id="o5155-l34545">
         <w xml:id="o5155-648850"
            n="311-a-1080"
            ecep:lem="which"
            ecep:pos="r-crq"
            ecep:reg="Which"
            ecep:spe="Which"
            ecep:syllab="1"
            ecep:pron="wɪtʃ">Which</w>
         <c> </c>
         <w xml:id="o5155-648860"
            n="311-a-1090"
            ecep:lem="harsh"
            ecep:pos="av-j"
            ecep:reg="harshly"
            ecep:spe="harshly"
            ecep:syllab="2"
            ecep:pron="ˈhɑːʃlɪ">harshly</w>
         <c> </c>
         <w xml:id="o5155-648870"
            n="311-a-1100"
            ecep:lem="in"
            ecep:pos="p-acp"
            ecep:reg="in"
            ecep:spe="in"
            ecep:syllab="1"
            ecep:pron="ɪn">in</w>
         <c> </c>
         <w xml:id="o5155-648880"
            n="311-a-1110"
            ecep:lem="my"
            ecep:pos="po11"
            ecep:reg="my"
            ecep:spe="my"
            ecep:syllab="1"
            ecep:pron="maɪ">my</w>
         <c> </c>
         <w xml:id="o5155-648890"
            n="311-a-1120"
            ecep:lem="ear"
            ecep:pos="n2"
            ecep:reg="ears"
            ecep:spe="ears"
            ecep:syllab="1"
            ecep:pron="ɪəz">ears</w>
         <c> </c>
         <w xml:id="o5155-648900"
            n="311-a-1130"
            ecep:lem="resound"
            ecep:pos="vvb"
            ecep:reg="resound"
            ecep:spe="resound"
            ecep:syllab="2"
            ecep:pron="rɪˈzaʊnd">resound</w>
         <pc xml:id="o5155-648910"
             n="311-a-1140"
             ecep:lem=";"
             ecep:pos=";"
             ecep:reg=";"
             ecep:spe=";">;</pc>
      </l>
      <l xml:id="o5155-l34550">
         <w xml:id="o5155-648920"
            n="311-a-1150"
            ecep:lem="no"
            ecep:pos="uh-x"
            ecep:reg="No"
            ecep:spe="No"
            ecep:syllab="1"
            ecep:pron="nəʊ">No</w>
         <c> </c>
         <w xml:id="o5155-648930"
            n="311-a-1160"
            ecep:lem="cheerful"
            ecep:pos="j"
            ecep:reg="cheerful"
            ecep:spe="cheerful"
            ecep:syllab="2"
            ecep:pron="ˈtʃɪəfʊl">cheerful</w>
         <c> </c>
         <w xml:id="o5155-648940"
            n="311-a-1170"
            ecep:lem="voice"
            ecep:pos="n1"
            ecep:reg="voice"
            ecep:spe="voice"
            ecep:syllab="1"
            ecep:pron="vɔɪs">voice</w>
         <c> </c>
         <w xml:id="o5155-648950"
            n="311-a-1180"
            ecep:lem="with"
            ecep:pos="p-acp"
            ecep:reg="with"
            ecep:spe="with"
            ecep:syllab="1"
            ecep:pron="wɪð">with</w>
         <c> </c>
         <w xml:id="o5155-648960"
            n="311-a-1190"
            ecep:lem="witty"
            ecep:pos="j"
            ecep:reg="witty"
            ecep:spe="witty"
            ecep:syllab="2"
            ecep:pron="ˈwɪtɪ">witty</w>
         <c> </c>
         <w xml:id="o5155-648970"
            n="311-a-1200"
            ecep:lem="jest"
            ecep:pos="n1"
            ecep:reg="jest"
            ecep:spe="jest"
            ecep:syllab="1"
            ecep:pron="dʒest">jest</w>
         <pc xml:id="o5155-648980"
             n="311-a-1210"
             ecep:lem=","
             ecep:pos=","
             ecep:reg=","
             ecep:spe=",">,</pc>
      </l>
      <l xml:id="o5155-l34555">
         <w xml:id="o5155-648990"
            n="311-a-1220"
            ecep:lem="no"
            ecep:pos="uh-x"
            ecep:reg="No"
            ecep:spe="No"
            ecep:syllab="1"
            ecep:pron="nəʊ">No</w>
         <c> </c>
         <w xml:id="o5155-649000"
            n="311-a-1230"
            ecep:lem="jocund"
            ecep:pos="j"
            ecep:reg="jocund"
            ecep:spe="jocund"
            ecep:syllab="2"
            ecep:pron="ˈdʒɒkənd">jocund</w>
         <c> </c>
         <w xml:id="o5155-649010"
            n="311-a-1240"
            ecep:lem="pipe"
            ecep:pos="n1"
            ecep:reg="pipe"
            ecep:spe="pipe"
            ecep:syllab="1"
            ecep:pron="paɪp">pipe</w>
         <c> </c>
         <w xml:id="o5155-649020"
            n="311-a-1250"
            ecep:lem="to"
            ecep:pos="pc-acp"
            ecep:reg="to"
            ecep:spe="to"
            ecep:syllab="1"
            ecep:pron="tuː">to</w>
         <c> </c>
         <w xml:id="o5155-649030"
            n="311-a-1260"
            ecep:lem="still"
            ecep:pos="vvi"
            ecep:reg="still"
            ecep:spe="still"
            ecep:syllab="1"
            ecep:pron="stɪl">still</w>
         <c> </c>
         <w xml:id="o5155-649040"
            n="311-a-1270"
            ecep:lem="the"
            ecep:pos="dt"
            ecep:reg="the"
            ecep:spe="the"
            ecep:syllab="1"
            ecep:pron="ðə">the</w>
         <c> </c>
         <w xml:id="o5155-649050"
            n="311-a-1280"
            ecep:lem="sound"
            ecep:pos="n1"
            ecep:reg="sound"
            ecep:spe="sound"
            ecep:syllab="1"
            ecep:pron="saʊnd">sound</w>
         <pc xml:id="o5155-649060"
             n="311-a-1290"
             ecep:lem=";"
             ecep:pos=";"
             ecep:reg=";"
             ecep:spe=";">;</pc>
      </l>
      <l xml:id="o5155-l34560">
         <w xml:id="o5155-649070"
            n="311-a-1300"
            ecep:lem="untrained"
            ecep:pos="j"
            ecep:reg="Untrained"
            ecep:spe="Untrain'd"
            ecep:syllab="2"
            ecep:pron="ʌnˈtreɪnd">Untrain'd</w>
         <c> </c>
         <w xml:id="o5155-649080"
            n="311-a-1310"
            ecep:lem="beside"
            ecep:pos="p-acp"
            ecep:reg="beside"
            ecep:spe="beside"
            ecep:syllab="2"
            ecep:pron="bɪˈsaɪd">beside</w>
         <c> </c>
         <w xml:id="o5155-649090"
            n="311-a-1320"
            ecep:lem="in"
            ecep:pos="p-acp"
            ecep:reg="in"
            ecep:spe="in"
            ecep:syllab="1"
            ecep:pron="ɪn">in</w>
         <c> </c>
         <w xml:id="o5155-649100"
            n="311-a-1330"
            ecep:lem="verse-like"
            ecep:pos="j"
            ecep:reg="verse-like"
            ecep:spe="verse-like"
            ecep:syllab="3"
            ecep:pron="vɜːsˌlaɪk">verse-like</w>
         <c> </c>
         <w xml:id="o5155-649110"
            n="311-a-1340"
            ecep:lem="art"
            ecep:pos="n1"
            ecep:reg="art"
            ecep:spe="art"
            ecep:syllab="1"
            ecep:pron="ɑːt">art</w>
         <pc xml:id="o5155-649120"
             n="311-a-1350"
             ecep:lem=","
             ecep:pos=","
             ecep:reg=","
             ecep:spe=",">,</pc>
      </l>
      <l xml:id="o5155-l34565">
         <w xml:id="o5155-649130"
            n="311-a-1360"
            ecep:lem="how"
            ecep:pos="q-crq"
            ecep:reg="How"
            ecep:spe="How"
            ecep:syllab="1"
            ecep:pron="haʊ">How</w>
         <c> </c>
         <w xml:id="o5155-649140"
            n="311-a-1370"
            ecep:lem="shall"
            ecep:pos="vmb"
            ecep:reg="shall"
            ecep:spe="shall"
            ecep:syllab="1"
            ecep:pron="ʃæl">shall</w>
         <c> </c>
         <w xml:id="o5155-649150"
            n="311-a-1380"
            ecep:lem="my"
            ecep:pos="po11"
            ecep:reg="my"
            ecep:spe="my"
            ecep:syllab="1"
            ecep:pron="maɪ">my</w>
         <c> </c>
         <w xml:id="o5155-649160"
            n="311-a-1390"
            ecep:lem="pen"
            ecep:pos="n1"
            ecep:reg="pen"
            ecep:spe="pen"
            ecep:syllab="1"
            ecep:pron="pen">pen</w>
         <c> </c>
         <w xml:id="o5155-649170"
            n="311-a-1400"
            ecep:lem="express"
            ecep:pos="vvi"
            ecep:reg="express"
            ecep:spe="express"
            ecep:syllab="2"
            ecep:pron="ɪkˈspres">express</w>
         <c> </c>
         <w xml:id="o5155-649180"
            n="311-a-1410"
            ecep:lem="my"
            ecep:pos="po11"
            ecep:reg="my"
            ecep:spe="my"
            ecep:syllab="1"
            ecep:pron="maɪ">my</w>
         <c> </c>
         <w xml:id="o5155-649190"
            n="311-a-1420"
            ecep:lem="heart"
            ecep:pos="n1"
            ecep:reg="heart"
            ecep:spe="heart"
            ecep:syllab="1"
            ecep:pron="hɑːt">heart</w>
         <pc xml:id="o5155-649200"
             n="311-a-1430"
             unit="sentence"
             ecep:lem="?"
             ecep:pos="?"
             ecep:reg="?"
             ecep:spe="?">?</pc>
      </l>
   </lg>
   <pb facs="o5155/0315_L" n="310" rend="none"/>
   <lg n="3" xml:id="o5155-s03810">
      <head>
         <w xml:id="o5155-649240"
            n="312-a-0010"
            ecep:lem="iii"
            ecep:pos="crd"
            ecep:reg="III"
            ecep:spe="III"
            ecep:syllab="1"
            ecep:pron="rˌəʊmənθrˈiː">III</w>
         <pc xml:id="o5155-649250"
             n="312-a-0020"
             unit="sentence"
             ecep:lem="."
             ecep:pos="."
             ecep:reg="."
             ecep:spe=".">.</pc>
      </head>
      <l xml:id="o5155-l34570">
         <w xml:id="o5155-649270"
            n="312-a-0030"
            ecep:lem="in"
            ecep:pos="p-acp"
            ecep:reg="In"
            ecep:spe="In"
            ecep:syllab="1"
            ecep:pron="ɪn">In</w>
         <c> </c>
         <w xml:id="o5155-649280"
            n="312-a-0040"
            ecep:lem="vain"
            ecep:pos="j"
            ecep:reg="vain"
            ecep:spe="vain"
            ecep:syllab="1"
            ecep:pron="veɪn">vain</w>
         <c> </c>
         <w xml:id="o5155-649290"
            n="312-a-0050"
            ecep:lem="i"
            ecep:pos="pns11"
            ecep:reg="I"
            ecep:spe="I"
            ecep:syllab="1"
            ecep:pron="aɪ">I</w>
         <c> </c>
         <w xml:id="o5155-649300"
            n="312-a-0060"
            ecep:lem="call"
            ecep:pos="vvb"
            ecep:reg="call"
            ecep:spe="call"
            ecep:syllab="1"
            ecep:pron="kɔːl">call</w>
         <c> </c>
         <w xml:id="o5155-649310"
            n="312-a-0070"
            ecep:lem="the"
            ecep:pos="dt"
            ecep:reg="the"
            ecep:spe="th'"
            ecep:syllab="0"
            ecep:pron="ð">th'</w>
         <c> </c>
         <w xml:id="o5155-649320"
            n="312-a-0080"
            ecep:lem="harmonious"
            ecep:pos="j"
            ecep:reg="harmonious"
            ecep:spe="harmonious"
            ecep:syllab="4"
            ecep:pron="hɑːˈməʊnɪəs">harmonious</w>
         <c> </c>
         <w xml:id="o5155-649330"
            n="312-a-0090"
            ecep:lem="nine"
            ecep:pos="crd"
            ecep:reg="Nine"
            ecep:spe="Nine"
            ecep:syllab="1"
            ecep:pron="naɪn">Nine</w>
         <pc xml:id="o5155-649340"
             n="312-a-0100"
             ecep:lem=","
             ecep:pos=","
             ecep:reg=","
             ecep:spe=",">,</pc>
      </l>
      <l xml:id="o5155-l34575">
         <w xml:id="o5155-649350"
            n="312-a-0110"
            ecep:lem="in"
            ecep:pos="p-acp"
            ecep:reg="In"
            ecep:spe="In"
            ecep:syllab="1"
            ecep:pron="ɪn">In</w>
         <c> </c>
         <w xml:id="o5155-649360"
            n="312-a-0120"
            ecep:lem="vain"
            ecep:pos="j"
            ecep:reg="vain"
            ecep:spe="vain"
            ecep:syllab="1"
            ecep:pron="veɪn">vain</w>
         <c> </c>
         <w xml:id="o5155-649370"
            n="312-a-0130"
            ecep:lem="implore"
            ecep:pos="vvi"
            ecep:reg="implore"
            ecep:spe="implore"
            ecep:syllab="2"
            ecep:pron="ɪmˈplɔː">implore</w>
         <c> </c>
         <w xml:id="o5155-649380"
            n="312-a-0140"
            ecep:lem="apollo"
            ecep:pos="npg1"
            ecep:reg="Apollo's"
            ecep:spe="Apollo's"
            ecep:syllab="3"
            ecep:pron="əˈpɒləʊz">Apollo's</w>
         <c> </c>
         <w xml:id="o5155-649390"
            n="312-a-0150"
            ecep:lem="aid"
            ecep:pos="n1"
            ecep:reg="aid"
            ecep:spe="aid"
            ecep:syllab="1"
            ecep:pron="eɪd">aid</w>
         <pc xml:id="o5155-649400"
             n="312-a-0160"
             ecep:lem=";"
             ecep:pos=";"
             ecep:reg=";"
             ecep:spe=";">;</pc>
      </l>
      <l xml:id="o5155-l34580">
         <w xml:id="o5155-649410"
            n="312-a-0170"
            ecep:lem="obdurate"
            ecep:pos="j"
            ecep:reg="Obdurate"
            ecep:spe="Obdurate"
            ecep:syllab="3"
            ecep:pron="ˈɒbdjʊrɪt">Obdurate</w>
         <pc xml:id="o5155-649420"
             n="312-a-0180"
             ecep:lem=","
             ecep:pos=","
             ecep:reg=","
             ecep:spe=",">,</pc>
         <c> </c>
         <w xml:id="o5155-649430"
            n="312-a-0190"
            ecep:lem="they"
            ecep:pos="pns32"
            ecep:reg="they"
            ecep:spe="they"
            ecep:syllab="1"
            ecep:pron="ðeɪ">they</w>
         <c> </c>
         <w xml:id="o5155-649440"
            n="312-a-0200"
            ecep:lem="refuse"
            ecep:pos="vvb"
            ecep:reg="refuse"
            ecep:spe="refuse"
            ecep:syllab="2"
            ecep:pron="rɪˈfjuːz">refuse</w>
         <c> </c>
         <w xml:id="o5155-649450"
            n="312-a-0210"
            ecep:lem="a"
            ecep:pos="dt"
            ecep:reg="a"
            ecep:spe="a"
            ecep:syllab="1"
            ecep:pron="ə">a</w>
         <c> </c>
         <w xml:id="o5155-649460"
            n="312-a-0220"
            ecep:lem="line"
            ecep:pos="n1"
            ecep:reg="line"
            ecep:spe="line"
            ecep:syllab="1"
            ecep:pron="laɪn">line</w>
         <pc xml:id="o5155-649470"
             n="312-a-0230"
             ecep:lem=","
             ecep:pos=","
             ecep:reg=","
             ecep:spe=",">,</pc>
      </l>
      <l xml:id="o5155-l34585">
         <w xml:id="o5155-649480"
            n="312-a-0240"
            ecep:lem="while"
            ecep:pos="cs"
            ecep:reg="While"
            ecep:spe="While"
            ecep:syllab="1"
            ecep:pron="waɪl">While</w>
         <c> </c>
         <w xml:id="o5155-649490"
            n="312-a-0250"
            ecep:lem="spleen"
            ecep:pos="n1"
            ecep:reg="spleen"
            ecep:spe="spleen"
            ecep:syllab="1"
            ecep:pron="spliːn">spleen</w>
         <c> </c>
         <w xml:id="o5155-649500"
            n="312-a-0260"
            ecep:lem="and"
            ecep:pos="cc"
            ecep:reg="and"
            ecep:spe="and"
            ecep:syllab="1"
            ecep:pron="ænd">and</w>
         <c> </c>
         <w xml:id="o5155-649510"
            n="312-a-0270"
            ecep:lem="care"
            ecep:pos="vvi"
            ecep:reg="care"
            ecep:spe="care"
            ecep:syllab="1"
            ecep:pron="keə">care</w>
         <c> </c>
         <w xml:id="o5155-649520"
            n="312-a-0280"
            ecep:lem="my"
            ecep:pos="po11"
            ecep:reg="my"
            ecep:spe="my"
            ecep:syllab="1"
            ecep:pron="maɪ">my</w>
         <c> </c>
         <w xml:id="o5155-649530"
            n="312-a-0290"
            ecep:lem="rest"
            ecep:pos="n1"
            ecep:reg="rest"
            ecep:spe="rest"
            ecep:syllab="1"
            ecep:pron="rest">rest</w>
         <c> </c>
         <w xml:id="o5155-649540"
            n="312-a-0300"
            ecep:lem="invade"
            ecep:pos="vvi"
            ecep:reg="invade"
            ecep:spe="invade"
            ecep:syllab="2"
            ecep:pron="ɪnˈveɪd">invade</w>
         <pc xml:id="o5155-649550"
             n="312-a-0310"
             ecep:lem=","
             ecep:pos=","
             ecep:reg=","
             ecep:spe=",">,</pc>
      </l>
      <l xml:id="o5155-l34590">
         <w xml:id="o5155-649560"
            n="312-a-0320"
            ecep:lem="say"
            ecep:pos="vvb"
            ecep:reg="Say"
            ecep:spe="Say"
            ecep:syllab="1"
            ecep:pron="seɪ">Say</w>
         <pc xml:id="o5155-649570"
             n="312-a-0330"
             ecep:lem=","
             ecep:pos=","
             ecep:reg=","
             ecep:spe=",">,</pc>
         <c> </c>
         <w xml:id="o5155-649580"
            n="312-a-0340"
            ecep:lem="shall"
            ecep:pos="vmb"
            ecep:reg="shall"
            ecep:spe="shall"
            ecep:syllab="1"
            ecep:pron="ʃæl">shall</w>
         <c> </c>
         <w xml:id="o5155-649590"
            n="312-a-0350"
            ecep:lem="we"
            ecep:pos="pns12"
            ecep:reg="we"
            ecep:spe="we"
            ecep:syllab="1"
            ecep:pron="wiː">we</w>
         <c> </c>
         <w xml:id="o5155-649600"
            n="312-a-0360"
            ecep:lem="Morpheus"
            ecep:pos="np1"
            ecep:reg="Morpheus"
            ecep:spe="Morpheus"
            ecep:syllab="2"
            ecep:pron="ˈmɔːfiəs">Morpheus</w>
         <c> </c>
         <w xml:id="o5155-649610"
            n="312-a-0370"
            ecep:lem="next"
            ecep:pos="ord"
            ecep:reg="next"
            ecep:spe="next"
            ecep:syllab="1"
            ecep:pron="nekst">next</w>
         <c> </c>
         <w xml:id="o5155-649620"
            n="312-a-0380"
            ecep:lem="implore"
            ecep:pos="vvb"
            ecep:reg="implore"
            ecep:spe="implore"
            ecep:syllab="2"
            ecep:pron="ɪmˈplɔː">implore</w>
         <pc xml:id="o5155-649630"
             n="312-a-0390"
             ecep:lem=","
             ecep:pos=","
             ecep:reg=","
             ecep:spe=",">,</pc>
      </l>
      <l xml:id="o5155-l34595">
         <w xml:id="o5155-649640"
            n="312-a-0400"
            ecep:lem="and"
            ecep:pos="cc"
            ecep:reg="And"
            ecep:spe="And"
            ecep:syllab="1"
            ecep:pron="ænd">And</w>
         <c> </c>
         <w xml:id="o5155-649650"
            n="312-a-0410"
            ecep:lem="try"
            ecep:pos="vvb"
            ecep:reg="try"
            ecep:spe="try"
            ecep:syllab="1"
            ecep:pron="traɪ">try</w>
         <c> </c>
         <w xml:id="o5155-649660"
            n="312-a-0420"
            ecep:lem="if"
            ecep:pos="cs"
            ecep:reg="if"
            ecep:spe="if"
            ecep:syllab="1"
            ecep:pron="ɪf">if</w>
         <c> </c>
         <w xml:id="o5155-649670"
            n="312-a-0430"
            ecep:lem="dream"
            ecep:pos="n2"
            ecep:reg="dreams"
            ecep:spe="dreams"
            ecep:syllab="1"
            ecep:pron="driːmz">dreams</w>
         <c> </c>
         <w xml:id="o5155-649680"
            n="312-a-0440"
            ecep:lem="befriend"
            ecep:pos="vvb"
            ecep:reg="befriend"
            ecep:spe="befriend"
            ecep:syllab="2"
            ecep:pron="bɪˈfrend">befriend</w>
         <c> </c>
         <w xml:id="o5155-649690"
            n="312-a-0450"
            ecep:lem="we"
            ecep:pos="pno12"
            ecep:reg="us"
            ecep:spe="us"
            ecep:syllab="2"
            ecep:pron="ʌs">us</w>
         <c> </c>
         <w xml:id="o5155-649700"
            n="312-a-0460"
            ecep:lem="more"
            ecep:pos="dc"
            ecep:reg="more"
            ecep:spe="more"
            ecep:syllab="1"
            ecep:pron="mɔː">more</w>
         <pc xml:id="o5155-649710"
             n="312-a-0470"
             unit="sentence"
             ecep:lem="?"
             ecep:pos="?"
             ecep:reg="?"
             ecep:spe="?">?</pc>
      </l>
   </lg>
   <lg n="4" xml:id="o5155-s03815">
      <head>
         <w xml:id="o5155-649750"
            n="312-a-0480"
            ecep:lem="iv"
            ecep:pos="crd"
            ecep:reg="IV"
            ecep:spe="IV"
            ecep:syllab="1"
            ecep:pron="rˌəʊmənfˈɔː">IV</w>
         <pc xml:id="o5155-649760"
             n="312-a-0490"
             unit="sentence"
             ecep:lem="."
             ecep:pos="."
             ecep:reg="."
             ecep:spe=".">.</pc>
      </head>
      <l xml:id="o5155-l34600">
         <w xml:id="o5155-649780"
            n="312-a-0500"
            ecep:lem="wise"
            ecep:pos="av-j"
            ecep:reg="Wisely"
            ecep:spe="Wisely"
            ecep:syllab="2"
            ecep:pron="ˈwaɪzlɪ">Wisely</w>
         <c> </c>
         <w xml:id="o5155-649790"
            n="312-a-0510"
            ecep:lem="at"
            ecep:pos="p-acp"
            ecep:reg="at"
            ecep:spe="at"
            ecep:syllab="1"
            ecep:pron="æt">at</w>
         <c> </c>
         <w xml:id="o5155-649800"
            n="312-a-0520"
            ecep:lem="least"
            ecep:pos="ds"
            ecep:reg="least"
            ecep:spe="least"
            ecep:syllab="1"
            ecep:pron="liːst">least</w>
         <c> </c>
         <w xml:id="o5155-649810"
            n="312-a-0530"
            ecep:lem="he|will"
            ecep:pos="pns31|vmb"
            ecep:reg="he'll"
            ecep:spe="he'll"
            ecep:syllab="1"
            ecep:pron="hiːl">he'll</w>
         <c> </c>
         <w xml:id="o5155-649820"
            n="312-a-0540"
            ecep:lem="stop"
            ecep:pos="vvi"
            ecep:reg="stop"
            ecep:spe="stop"
            ecep:syllab="1"
            ecep:pron="stɒp">stop</w>
         <c> </c>
         <w xml:id="o5155-649830"
            n="312-a-0550"
            ecep:lem="my"
            ecep:pos="po11"
            ecep:reg="my"
            ecep:spe="my"
            ecep:syllab="1"
            ecep:pron="maɪ">my</w>
         <c> </c>
         <w xml:id="o5155-649840"
            n="312-a-0560"
            ecep:lem="pen"
            ecep:pos="n1"
            ecep:reg="pen"
            ecep:spe="pen"
            ecep:syllab="1"
            ecep:pron="pen">pen</w>
         <pc xml:id="o5155-649850"
             n="312-a-0570"
             ecep:lem=","
             ecep:pos=","
             ecep:reg=","
             ecep:spe=",">,</pc>
      </l>
      <l xml:id="o5155-l34605">
         <w xml:id="o5155-649860"
            n="312-a-0580"
            ecep:lem="and"
            ecep:pos="cc"
            ecep:reg="And"
            ecep:spe="And"
            ecep:syllab="1"
            ecep:pron="ænd">And</w>
         <c> </c>
         <w xml:id="o5155-649870"
            n="312-a-0590"
            ecep:lem="with"
            ecep:pos="p-acp"
            ecep:reg="with"
            ecep:spe="with"
            ecep:syllab="1"
            ecep:pron="wɪð">with</w>
         <c> </c>
         <w xml:id="o5155-649880"
            n="312-a-0600"
            ecep:lem="his"
            ecep:pos="po31"
            ecep:reg="his"
            ecep:spe="his"
            ecep:syllab="1"
            ecep:pron="hɪz">his</w>
         <c> </c>
         <w xml:id="o5155-649890"
            n="312-a-0610"
            ecep:lem="poppy"
            ecep:pos="n2"
            ecep:reg="poppies"
            ecep:spe="poppies"
            ecep:syllab="2"
            ecep:pron="ˈpɒpiz">poppies</w>
         <c> </c>
         <w xml:id="o5155-649900"
            n="312-a-0620"
            ecep:lem="crown"
            ecep:pos="vvi"
            ecep:reg="crown"
            ecep:spe="crown"
            ecep:syllab="1"
            ecep:pron="kraʊn">crown</w>
         <c> </c>
         <w xml:id="o5155-649910"
            n="312-a-0630"
            ecep:lem="my"
            ecep:pos="po11"
            ecep:reg="my"
            ecep:spe="my"
            ecep:syllab="1"
            ecep:pron="maɪ">my</w>
         <c> </c>
         <w xml:id="o5155-649920"
            n="312-a-0640"
            ecep:lem="brow"
            ecep:pos="n1"
            ecep:reg="brow"
            ecep:spe="brow"
            ecep:syllab="1"
            ecep:pron="braʊ">brow</w>
         <pc xml:id="o5155-649930"
             n="312-a-0650"
             ecep:lem=":"
             ecep:pos=":"
             ecep:reg=":"
             ecep:spe=":">:</pc>
      </l>
      <l xml:id="o5155-l34610">
         <w xml:id="o5155-649940"
            n="312-a-0660"
            ecep:lem="better"
            ecep:pos="j"
            ecep:reg="Better"
            ecep:spe="Better"
            ecep:syllab="2"
            ecep:pron="ˈbetə">Better</w>
         <c> </c>
         <w xml:id="o5155-649950"
            n="312-a-0670"
            ecep:lem="by"
            ecep:pos="p-acp"
            ecep:reg="by"
            ecep:spe="by"
            ecep:syllab="1"
            ecep:pron="baɪ">by</w>
         <c> </c>
         <w xml:id="o5155-649960"
            n="312-a-0680"
            ecep:lem="far"
            ecep:pos="av-j"
            ecep:reg="far"
            ecep:spe="far"
            ecep:syllab="1"
            ecep:pron="fɑː">far</w>
         <c> </c>
         <w xml:id="o5155-649970"
            n="312-a-0690"
            ecep:lem="in"
            ecep:pos="p-acp"
            ecep:reg="in"
            ecep:spe="in"
            ecep:syllab="1"
            ecep:pron="ɪn">in</w>
         <c> </c>
         <w xml:id="o5155-649980"
            n="312-a-0700"
            ecep:lem="lonesome"
            ecep:pos="j"
            ecep:reg="lonesome"
            ecep:spe="lonesome"
            ecep:syllab="2"
            ecep:pron="ˈləʊnsəm">lonesome</w>
         <c> </c>
         <w xml:id="o5155-649990"
            n="312-a-0710"
            ecep:lem="den"
            ecep:pos="n1"
            ecep:reg="den"
            ecep:spe="den"
            ecep:syllab="1"
            ecep:pron="den">den</w>
      </l>
      <l xml:id="o5155-l34615">
         <w xml:id="o5155-650000"
            n="312-a-0720"
            ecep:lem="to"
            ecep:pos="pc-acp"
            ecep:reg="To"
            ecep:spe="To"
            ecep:syllab="1"
            ecep:pron="tuː">To</w>
         <c> </c>
         <w xml:id="o5155-650010"
            n="312-a-0730"
            ecep:lem="sleep"
            ecep:pos="vvi"
            ecep:reg="sleep"
            ecep:spe="sleep"
            ecep:syllab="1"
            ecep:pron="sliːp">sleep</w>
         <c> </c>
         <w xml:id="o5155-650020"
            n="312-a-0740"
            ecep:lem="unheard"
            ecep:pos="j"
            ecep:reg="unheard"
            ecep:spe="unheard"
            ecep:syllab="2"
            ecep:pron="ʌnˈhɜːd">unheard</w>
         <c> </c>
         <w xml:id="o5155-650030"
            n="312-a-0750"
            ecep:lem="of"
            ecep:pos="pp-f"
            ecep:reg="of"
            ecep:spe="of"
            ecep:syllab="1"
            ecep:pron="ɒv">of</w>
         <c> </c>
         <pc xml:id="o5155-650040"
             n="312-a-0760"
             ecep:lem="—"
             ecep:pos="—"
             ecep:reg="—"
             ecep:spe="—">—</pc>
         <c> </c>
         <w xml:id="o5155-650050"
            n="312-a-0770"
            ecep:lem="than"
            ecep:pos="cs"
            ecep:reg="than"
            ecep:spe="than"
            ecep:syllab="1"
            ecep:pron="ðæn">than</w>
         <c> </c>
         <w xml:id="o5155-650060"
            n="312-a-0780"
            ecep:lem="to"
            ecep:pos="pc-acp"
            ecep:reg="to"
            ecep:spe="to"
            ecep:syllab="1"
            ecep:pron="tuː">to</w>
         <c> </c>
         <w xml:id="o5155-650070"
            n="312-a-0790"
            ecep:lem="glow"
            ecep:pos="vvi"
            ecep:reg="glow"
            ecep:spe="glow"
            ecep:syllab="1"
            ecep:pron="gləʊ">glow</w>
      </l>
      <l xml:id="o5155-l34620">
         <w xml:id="o5155-650080"
            n="312-a-0800"
            ecep:lem="with"
            ecep:pos="p-acp"
            ecep:reg="With"
            ecep:spe="With"
            ecep:syllab="1"
            ecep:pron="wɪð">With</w>
         <c> </c>
         <w xml:id="o5155-650090"
            n="312-a-0810"
            ecep:lem="treacherous"
            ecep:pos="j"
            ecep:reg="treacherous"
            ecep:spe="treach'rous"
            ecep:syllab="2"
            ecep:pron="ˈtretʃrəs">treach'rous</w>
         <c> </c>
         <w xml:id="o5155-650100"
            n="312-a-0820"
            ecep:lem="wildfire"
            ecep:pos="n1"
            ecep:reg="wildfire"
            ecep:spe="wildfire"
            ecep:syllab="3"
            ecep:pron="ˈwaɪldˌfaɪə">wildfire</w>
         <c> </c>
         <w xml:id="o5155-650110"
            n="312-a-0830"
            ecep:lem="of"
            ecep:pos="pp-f"
            ecep:reg="of"
            ecep:spe="of"
            ecep:syllab="1"
            ecep:pron="ɒv">of</w>
         <c> </c>
         <w xml:id="o5155-650120"
            n="312-a-0840"
            ecep:lem="the"
            ecep:pos="dt"
            ecep:reg="the"
            ecep:spe="the"
            ecep:syllab="1"
            ecep:pron="ðə">the</w>
         <c> </c>
         <w xml:id="o5155-650130"
            n="312-a-0850"
            ecep:lem="brain"
            ecep:pos="n1"
            ecep:reg="brain"
            ecep:spe="brain"
            ecep:syllab="1"
            ecep:pron="breɪn">brain</w>
         <pc xml:id="o5155-650140"
             n="312-a-0860"
             ecep:lem=","
             ecep:pos=","
             ecep:reg=","
             ecep:spe=",">,</pc>
      </l>
      <l xml:id="o5155-l34625">
         <w xml:id="o5155-650150"
            n="312-a-0870"
            ecep:lem="the"
            ecep:pos="dt"
            ecep:reg="The"
            ecep:spe="Th'"
            ecep:syllab="0"
            ecep:pron="ð">Th'</w>
         <c> </c>
         <w xml:id="o5155-650160"
            n="312-a-0880"
            ecep:lem="intoxicate"
            ecep:pos="j-vvn"
            ecep:reg="intoxicated"
            ecep:spe="intoxicated"
            ecep:syllab="5"
            ecep:pron="ɪnˈtɒksɪkeɪtɪd">intoxicated</w>
         <c> </c>
         <w xml:id="o5155-650170"
            n="312-a-0890"
            ecep:lem="poet"
            ecep:pos="ng1"
            ecep:reg="poet's"
            ecep:spe="poet's"
            ecep:syllab="2"
            ecep:pron="ˈpəʊɪts">poet's</w>
         <c> </c>
         <w xml:id="o5155-650180"
            n="312-a-0900"
            ecep:lem="bane"
            ecep:pos="n1"
            ecep:reg="bane"
            ecep:spe="bane"
            ecep:syllab="1"
            ecep:pron="beɪn">bane</w>
         <pc xml:id="o5155-650190"
             n="312-a-0910"
             unit="sentence"
             ecep:lem="."
             ecep:pos="."
             ecep:reg="."
             ecep:spe=".">.</pc>
      </l>
   </lg>
</div>
