<?xml version="1.0" encoding="utf-8"?>
<!DOCTYPE div
  SYSTEM "about:legacy-compat">
<div xmlns:ecep="http://www.eighteenthcenturypoetry.org/ns"
     xmlns="http://www.tei-c.org/ns/1.0"
     xmlns:tei="http://www.tei-c.org/ns/1.0"
     ana="#iamb #pentameter #heptameter #pair #sestet"
     corresp="#txt_RoweEl1674_w0007"
     decls="#semi-normalized"
     ecep:syllab="10.10.10.10.10.14"
     met="-+|-+|-+|-+|-+/ -+|-+|-+|-+|-+/ -+|-+|-+|-+|-+/ -+|-+|-+|-+|-+/ -+|-+|-+|-+|-+/ -+|-+|-+|-+|-+|-+|-+/"
     rendition="#lgvspace"
     rhyme="aabbcc"
     subtype="eceptext"
     type="poem"
     xml:id="oar96-w0060">
   <link target="authors.xml#aut_RoweEl1674" type="author"/>
   <head type="main">
      <w xml:id="oar96-034870"
         n="19-a-0470"
         ecep:lem="the"
         ecep:pos="dt"
         ecep:reg="THE"
         ecep:spe="THE"
         ecep:syllab="1"
         ecep:pron="ðiː">THE</w>
      <c> </c>
      <w xml:id="oar96-034880"
         n="19-a-0480"
         ecep:lem="expostulation"
         ecep:pos="n1"
         ecep:reg="Expostulation"
         ecep:spe="Expostulation"
         ecep:syllab="5"
         ecep:pron="ɪkˌspɒstʃəˈleɪʃn">Expostulation</w>
      <pc xml:id="oar96-034890"
          n="19-a-0490"
          unit="sentence"
          ecep:lem="."
          ecep:pos="."
          ecep:reg="."
          ecep:spe=".">.</pc>
   </head>
   <lg n="1" xml:id="oar96-s00130">
      <head>
         <w xml:id="oar96-034930"
            n="19-a-0500"
            ecep:lem="i"
            ecep:pos="pns11"
            ecep:reg="I"
            ecep:spe="I."
            ecep:syllab="1"
            ecep:pron="ˈaɪ">I.</w>
         <pc unit="sentence" xml:id="oar96-034930-eos" n="19-a-0510"/>
      </head>
      <l xml:id="oar96-l00950">
         <w xml:id="oar96-034950"
            n="19-a-0520"
            ecep:lem="how"
            ecep:pos="c-crq"
            ecep:reg="HOw"
            ecep:spe="HOw"
            ecep:syllab="1"
            ecep:pron="haʊ">HOw</w>
         <c> </c>
         <w xml:id="oar96-034960"
            n="19-a-0530"
            ecep:lem="long"
            ecep:pos="j"
            ecep:reg="long"
            ecep:spe="long"
            ecep:syllab="1"
            ecep:pron="lɒŋ">long</w>
         <pc xml:id="oar96-034970"
             n="19-a-0540"
             ecep:lem=","
             ecep:pos=","
             ecep:reg=","
             ecep:spe=",">,</pc>
         <c> </c>
         <w xml:id="oar96-034980"
            n="19-a-0550"
            ecep:lem="great"
            ecep:pos="j"
            ecep:reg="great"
            ecep:spe="great"
            ecep:syllab="1"
            ecep:pron="greɪt">great</w>
         <c> </c>
         <w xml:id="oar96-034990"
            n="19-a-0560"
            ecep:lem="god"
            ecep:pos="n1"
            ecep:reg="God"
            ecep:spe="God"
            ecep:syllab="1"
            ecep:pron="gɒd">God</w>
         <pc xml:id="oar96-035000"
             n="19-a-0570"
             ecep:lem=","
             ecep:pos=","
             ecep:reg=","
             ecep:spe=",">,</pc>
         <c> </c>
         <w xml:id="oar96-035010"
            n="19-a-0580"
            ecep:lem="a"
            ecep:pos="dt"
            ecep:reg="a"
            ecep:spe="a"
            ecep:syllab="1"
            ecep:pron="ə">a</w>
         <c> </c>
         <hi>
            <w xml:id="oar96-035020"
               n="19-a-0590"
               ecep:lem="wretched"
               ecep:pos="j"
               ecep:reg="wretched"
               ecep:spe="wretched"
               ecep:syllab="2"
               ecep:pron="ˈretʃɪd">wretched</w>
            <c> </c>
            <w xml:id="oar96-035030"
               n="19-a-0600"
               ecep:lem="captive"
               ecep:pos="n-jn"
               ecep:reg="captive"
               ecep:spe="captive"
               ecep:syllab="2"
               ecep:pron="ˈkæptɪv">captive</w>
         </hi>
         <c> </c>
         <w xml:id="oar96-035040"
            n="19-a-0610"
            ecep:lem="here"
            ecep:pos="av"
            ecep:reg="here"
            ecep:spe="here"
            ecep:syllab="1"
            ecep:pron="hɪə">here</w>
         <pc xml:id="oar96-035050"
             n="19-a-0620"
             ecep:lem=","
             ecep:pos=","
             ecep:reg=","
             ecep:spe=",">,</pc>
      </l>
      <l xml:id="oar96-l00955">
         <c> </c>
         <w xml:id="oar96-035060"
            n="19-a-0630"
            ecep:lem="must"
            ecep:pos="vmb"
            ecep:reg="Must"
            ecep:spe="Must"
            ecep:syllab="1"
            ecep:pron="mʌst">Must</w>
         <c> </c>
         <w xml:id="oar96-035070"
            n="19-a-0640"
            ecep:lem="i"
            ecep:pos="pns11"
            ecep:reg="I"
            ecep:spe="I"
            ecep:syllab="1"
            ecep:pron="aɪ">I</w>
         <c> </c>
         <w xml:id="oar96-035080"
            n="19-a-0650"
            ecep:lem="these"
            ecep:pos="d"
            ecep:reg="these"
            ecep:spe="these"
            ecep:syllab="1"
            ecep:pron="ðiːz">these</w>
         <c> </c>
         <w xml:id="oar96-035090"
            n="19-a-0660"
            ecep:lem="hate"
            ecep:pos="vvd"
            ecep:reg="hated"
            ecep:spe="hated"
            ecep:syllab="2"
            ecep:pron="heɪtɪd">hated</w>
         <c> </c>
         <w xml:id="oar96-035100"
            n="19-a-0670"
            ecep:lem="mark"
            ecep:pos="n2"
            ecep:reg="marks"
            ecep:spe="marks"
            ecep:syllab="1"
            ecep:pron="mɑːks">marks</w>
         <c> </c>
         <w xml:id="oar96-035110"
            n="19-a-0680"
            ecep:lem="of"
            ecep:pos="pp-f"
            ecep:reg="of"
            ecep:spe="of"
            ecep:syllab="1"
            ecep:pron="ɒv">of</w>
         <c> </c>
         <w xml:id="oar96-035120"
            n="19-a-0690"
            ecep:lem="bondage"
            ecep:pos="n1"
            ecep:reg="bondage"
            ecep:spe="bondage"
            ecep:syllab="2"
            ecep:pron="ˈbɒndɪdʒ">bondage</w>
         <c> </c>
         <w xml:id="oar96-035130"
            n="19-a-0700"
            ecep:lem="wear"
            ecep:pos="vvi"
            ecep:reg="wear"
            ecep:spe="wear"
            ecep:syllab="1"
            ecep:pron="weə">wear</w>
         <pc xml:id="oar96-035140"
             n="19-a-0710"
             unit="sentence"
             ecep:lem="?"
             ecep:pos="?"
             ecep:reg="?"
             ecep:spe="?">?</pc>
         <c> </c>
      </l>
      <l xml:id="oar96-l00960">
         <w xml:id="oar96-035150"
            n="19-a-0720"
            ecep:lem="how"
            ecep:pos="q-crq"
            ecep:reg="How"
            ecep:spe="How"
            ecep:syllab="1"
            ecep:pron="haʊ">How</w>
         <c> </c>
         <w xml:id="oar96-035160"
            n="19-a-0730"
            ecep:lem="long"
            ecep:pos="av-j"
            ecep:reg="long"
            ecep:spe="long"
            ecep:syllab="1"
            ecep:pron="lɒŋ">long</w>
         <c> </c>
         <w xml:id="oar96-035170"
            n="19-a-0740"
            ecep:lem="shall"
            ecep:pos="vmb"
            ecep:reg="shall"
            ecep:spe="shall"
            ecep:syllab="1"
            ecep:pron="ʃæl">shall</w>
         <c> </c>
         <w xml:id="oar96-035180"
            n="19-a-0750"
            ecep:lem="these"
            ecep:pos="d"
            ecep:reg="these"
            ecep:spe="these"
            ecep:syllab="1"
            ecep:pron="ðiːz">these</w>
         <c> </c>
         <hi>
            <w xml:id="oar96-035190"
               n="19-a-0760"
               ecep:lem="uneasy"
               ecep:pos="j"
               ecep:reg="uneasy"
               ecep:spe="uneasy"
               ecep:syllab="3"
               ecep:pron="ʌnˈiːzi">uneasy</w>
            <c> </c>
            <w xml:id="oar96-035200"
               n="19-a-0770"
               ecep:lem="chain"
               ecep:pos="n2"
               ecep:reg="chains"
               ecep:spe="chains"
               ecep:syllab="1"
               ecep:pron="tʃeɪnz">chains</w>
         </hi>
         <c> </c>
         <w xml:id="oar96-035210"
            n="19-a-0780"
            ecep:lem="control"
            ecep:pos="vvb"
            ecep:reg="control"
            ecep:spe="controul"
            ecep:syllab="2"
            ecep:pron="kənˈtrəʊl">controul</w>
      </l>
      <l xml:id="oar96-l00965">
         <c> </c>
         <w xml:id="oar96-035220"
            n="19-a-0790"
            ecep:lem="the"
            ecep:pos="dt"
            ecep:reg="The"
            ecep:spe="The"
            ecep:syllab="1"
            ecep:pron="ðiː">The</w>
         <c> </c>
         <w xml:id="oar96-035230"
            n="19-a-0800"
            ecep:lem="will"
            ecep:pos="j-vvg"
            ecep:reg="willing"
            ecep:spe="willing"
            ecep:syllab="2"
            ecep:pron="ˈwɪlɪŋ">willing</w>
         <c> </c>
         <w xml:id="oar96-035240"
            n="19-a-0810"
            ecep:lem="flight"
            ecep:pos="n2"
            ecep:reg="flights"
            ecep:spe="flights"
            ecep:syllab="1"
            ecep:pron="flaɪts">flights</w>
         <c> </c>
         <w xml:id="oar96-035250"
            n="19-a-0820"
            ecep:lem="of"
            ecep:pos="pp-f"
            ecep:reg="of"
            ecep:spe="of"
            ecep:syllab="1"
            ecep:pron="ɒv">of</w>
         <c> </c>
         <w xml:id="oar96-035260"
            n="19-a-0830"
            ecep:lem="my"
            ecep:pos="po11"
            ecep:reg="my"
            ecep:spe="my"
            ecep:syllab="1"
            ecep:pron="maɪ">my</w>
         <c> </c>
         <w xml:id="oar96-035270"
            n="19-a-0840"
            ecep:lem="impatient"
            ecep:pos="j"
            ecep:reg="impatient"
            ecep:spe="impatient"
            ecep:syllab="3"
            ecep:pron="ɪmˈpeɪʃnt">impatient</w>
         <c> </c>
         <w xml:id="oar96-035280"
            n="19-a-0850"
            ecep:lem="soul"
            ecep:pos="n1"
            ecep:reg="Soul"
            ecep:spe="Soul"
            ecep:syllab="1"
            ecep:pron="səʊl">Soul</w>
         <pc xml:id="oar96-035290"
             n="19-a-0860"
             unit="sentence"
             ecep:lem="?"
             ecep:pos="?"
             ecep:reg="?"
             ecep:spe="?">?</pc>
         <c> </c>
      </l>
      <pb facs="oar96/0040" n="13" rend="none"/>
      <l xml:id="oar96-l00970">
         <w xml:id="oar96-035300"
            n="19-b-0010"
            ecep:lem="how"
            ecep:pos="q-crq"
            ecep:reg="How"
            ecep:spe="How"
            ecep:syllab="1"
            ecep:pron="haʊ">How</w>
         <c> </c>
         <w xml:id="oar96-035310"
            n="19-b-0020"
            ecep:lem="long"
            ecep:pos="av-j"
            ecep:reg="long"
            ecep:spe="long"
            ecep:syllab="1"
            ecep:pron="lɒŋ">long</w>
         <c> </c>
         <w xml:id="oar96-035320"
            n="19-b-0030"
            ecep:lem="shall"
            ecep:pos="vmb"
            ecep:reg="shall"
            ecep:spe="shall"
            ecep:syllab="1"
            ecep:pron="ʃæl">shall</w>
         <c> </c>
         <w xml:id="oar96-035330"
            n="19-b-0040"
            ecep:lem="she"
            ecep:pos="pno31"
            ecep:reg="her"
            ecep:spe="her"
            ecep:syllab="1"
            ecep:pron="hɜː">her</w>
         <c> </c>
         <hi>
            <w xml:id="oar96-035340"
               n="19-b-0050"
               ecep:lem="most"
               ecep:pos="av-ds"
               ecep:reg="most"
               ecep:spe="most"
               ecep:syllab="1"
               ecep:pron="məʊst">most</w>
            <c> </c>
            <w xml:id="oar96-035350"
               n="19-b-0060"
               ecep:lem="pure"
               ecep:pos="j"
               ecep:reg="pure"
               ecep:spe="pure"
               ecep:syllab="1"
               ecep:pron="pjʊə">pure</w>
            <c> </c>
            <w xml:id="oar96-035360"
               n="19-b-0070"
               ecep:lem="intelligence"
               ecep:pos="n1"
               ecep:reg="intelligence"
               ecep:spe="intelligence"
               ecep:syllab="4"
               ecep:pron="ɪnˈtelɪdʒns">intelligence</w>
         </hi>
      </l>
      <l xml:id="oar96-l00975">
         <c> </c>
         <w xml:id="oar96-035370"
            n="19-b-0080"
            ecep:lem="be"
            ecep:pos="vbb"
            ecep:reg="Be"
            ecep:spe="Be"
            ecep:syllab="1"
            ecep:pron="biː">Be</w>
         <c> </c>
         <w xml:id="oar96-035380"
            n="19-b-0090"
            ecep:lem="strain"
            ecep:pos="vvn"
            ecep:reg="strained"
            ecep:spe="strain'd"
            ecep:syllab="1"
            ecep:pron="streɪnd">strain'd</w>
         <c> </c>
         <w xml:id="oar96-035390"
            n="19-b-0100"
            ecep:lem="through"
            ecep:pos="p-acp"
            ecep:reg="through"
            ecep:spe="through"
            ecep:syllab="1"
            ecep:pron="θruː">through</w>
         <c> </c>
         <w xml:id="oar96-035400"
            n="19-b-0110"
            ecep:lem="a"
            ecep:pos="dt"
            ecep:reg="an"
            ecep:spe="an"
            ecep:syllab="1"
            ecep:pron="æn">an</w>
         <c> </c>
         <w xml:id="oar96-035410"
            n="19-b-0120"
            ecep:lem="infectious"
            ecep:pos="j"
            ecep:reg="infectious"
            ecep:spe="infectious"
            ecep:syllab="3"
            ecep:pron="ɪnˈfekʃəs">infectious</w>
         <c> </c>
         <w xml:id="oar96-035420"
            n="19-b-0130"
            ecep:lem="screen"
            ecep:pos="n1"
            ecep:reg="screen"
            ecep:spe="screen"
            ecep:syllab="1"
            ecep:pron="skriːn">screen</w>
         <c> </c>
         <w xml:id="oar96-035430"
            n="19-b-0140"
            ecep:lem="of"
            ecep:pos="pp-f"
            ecep:reg="of"
            ecep:spe="of"
            ecep:syllab="1"
            ecep:pron="ɒv">of</w>
         <c> </c>
         <w xml:id="oar96-035440"
            n="19-b-0150"
            ecep:lem="gross"
            ecep:pos="j"
            ecep:reg="gross"
            ecep:spe="gross"
            ecep:syllab="1"
            ecep:pron="grəʊs">gross</w>
         <pc xml:id="oar96-035450"
             n="19-b-0160"
             ecep:lem=","
             ecep:pos=","
             ecep:reg=","
             ecep:spe=",">,</pc>
         <c> </c>
         <w xml:id="oar96-035460"
            n="19-b-0170"
            ecep:lem="corrupt"
            ecep:pos="j-vvn"
            ecep:reg="corrupted"
            ecep:spe="corrupted"
            ecep:syllab="3"
            ecep:pron="kəˈrʌptɪd">corrupted</w>
         <c> </c>
         <w xml:id="oar96-035470"
            n="19-b-0180"
            ecep:lem="fence"
            ecep:pos="vvb"
            ecep:reg="sense"
            ecep:spe="sence"
            ecep:syllab="1"
            ecep:pron="sˈens">sence</w>
         <pc xml:id="oar96-035480"
             n="19-b-0190"
             unit="sentence"
             ecep:lem="?"
             ecep:pos="?"
             ecep:reg="?"
             ecep:spe="?">?</pc>
         <c> </c>
      </l>
   </lg>
   <lg n="2" xml:id="oar96-s00135">
      <head>
         <w xml:id="oar96-035520"
            n="19-b-0200"
            ecep:lem="ii"
            ecep:pos="crd"
            ecep:reg="II"
            ecep:spe="II"
            ecep:syllab="1"
            ecep:pron="rˌəʊməntˈuː">II</w>
         <pc xml:id="oar96-035530"
             n="19-b-0210"
             unit="sentence"
             ecep:lem="."
             ecep:pos="."
             ecep:reg="."
             ecep:spe=".">.</pc>
      </head>
      <l xml:id="oar96-l00980">
         <w xml:id="oar96-035550"
            n="19-b-0220"
            ecep:lem="when"
            ecep:pos="c-crq"
            ecep:reg="When"
            ecep:spe="When"
            ecep:syllab="1"
            ecep:pron="wen">When</w>
         <c> </c>
         <w xml:id="oar96-035560"
            n="19-b-0230"
            ecep:lem="shall"
            ecep:pos="vmb"
            ecep:reg="shall"
            ecep:spe="shall"
            ecep:syllab="1"
            ecep:pron="ʃæl">shall</w>
         <c> </c>
         <w xml:id="oar96-035570"
            n="19-b-0240"
            ecep:lem="i"
            ecep:pos="pns11"
            ecep:reg="I"
            ecep:spe="I"
            ecep:syllab="1"
            ecep:pron="aɪ">I</w>
         <c> </c>
         <w xml:id="oar96-035580"
            n="19-b-0250"
            ecep:lem="leave"
            ecep:pos="vvi"
            ecep:reg="leave"
            ecep:spe="leave"
            ecep:syllab="1"
            ecep:pron="liːv">leave</w>
         <c> </c>
         <w xml:id="oar96-035590"
            n="19-b-0260"
            ecep:lem="this"
            ecep:pos="d"
            ecep:reg="this"
            ecep:spe="this"
            ecep:syllab="1"
            ecep:pron="ðɪs">this</w>
         <c> </c>
         <hi>
            <w xml:id="oar96-035600"
               n="19-b-0270"
               ecep:lem="darksome"
               ecep:pos="j"
               ecep:reg="darksome"
               ecep:spe="darksome"
               ecep:syllab="2"
               ecep:pron="ˈdɑːksəm">darksome</w>
            <c> </c>
            <w xml:id="oar96-035610"
               n="19-b-0280"
               ecep:lem="house"
               ecep:pos="n1"
               ecep:reg="house"
               ecep:spe="house"
               ecep:syllab="1"
               ecep:pron="haʊz">house</w>
         </hi>
         <c> </c>
         <w xml:id="oar96-035620"
            n="19-b-0290"
            ecep:lem="of"
            ecep:pos="pp-f"
            ecep:reg="of"
            ecep:spe="of"
            ecep:syllab="1"
            ecep:pron="ɒv">of</w>
         <c> </c>
         <w xml:id="oar96-035630"
            n="19-b-0300"
            ecep:lem="clay"
            ecep:pos="n1"
            ecep:reg="clay"
            ecep:spe="clay"
            ecep:syllab="1"
            ecep:pron="kleɪ">clay</w>
         <pc xml:id="oar96-035640"
             n="19-b-0310"
             ecep:lem=";"
             ecep:pos=";"
             ecep:reg=";"
             ecep:spe=";">;</pc>
      </l>
      <l xml:id="oar96-l00985">
         <c> </c>
         <w xml:id="oar96-035650"
            n="19-b-0320"
            ecep:lem="and"
            ecep:pos="cc"
            ecep:reg="And"
            ecep:spe="And"
            ecep:syllab="1"
            ecep:pron="ænd">And</w>
         <c> </c>
         <w xml:id="oar96-035660"
            n="19-b-0330"
            ecep:lem="to"
            ecep:pos="p-acp"
            ecep:reg="to"
            ecep:spe="to"
            ecep:syllab="1"
            ecep:pron="tuː">to</w>
         <c> </c>
         <w xml:id="oar96-035670"
            n="19-b-0340"
            ecep:lem="a"
            ecep:pos="dt"
            ecep:reg="a"
            ecep:spe="a"
            ecep:syllab="1"
            ecep:pron="ə">a</w>
         <c> </c>
         <w xml:id="oar96-035680"
            n="19-b-0350"
            ecep:lem="bright"
            ecep:pos="jc"
            ecep:reg="brighter"
            ecep:spe="brighter"
            ecep:syllab="2"
            ecep:pron="braɪtə">brighter</w>
         <c> </c>
         <w xml:id="oar96-035690"
            n="19-b-0360"
            ecep:lem="mansion"
            ecep:pos="n1"
            ecep:reg="mansion"
            ecep:spe="mansion"
            ecep:syllab="2"
            ecep:pron="ˈmænʃn">mansion</w>
         <c> </c>
         <w xml:id="oar96-035700"
            n="19-b-0370"
            ecep:lem="wing"
            ecep:pos="vvb"
            ecep:reg="wing"
            ecep:spe="wing"
            ecep:syllab="1"
            ecep:pron="wɪŋ">wing</w>
         <c> </c>
         <w xml:id="oar96-035710"
            n="19-b-0380"
            ecep:lem="away"
            ecep:pos="av"
            ecep:reg="away"
            ecep:spe="away"
            ecep:syllab="2"
            ecep:pron="əˈweɪ">away</w>
         <pc xml:id="oar96-035720"
             n="19-b-0390"
             unit="sentence"
             ecep:lem="?"
             ecep:pos="?"
             ecep:reg="?"
             ecep:spe="?">?</pc>
         <c> </c>
      </l>
      <l xml:id="oar96-l00990">
         <w xml:id="oar96-035730"
            n="19-b-0400"
            ecep:lem="there|be"
            ecep:pos="pc-acp|vbz"
            ecep:reg="There's"
            ecep:spe="There's"
            ecep:syllab="1"
            ecep:pron="ðeəz">There's</w>
         <c> </c>
         <w xml:id="oar96-035740"
            n="19-b-0410"
            ecep:lem="nothing"
            ecep:pos="pix"
            ecep:reg="nothing"
            ecep:spe="nothing"
            ecep:syllab="2"
            ecep:pron="ˈnʌθɪŋ">nothing</w>
         <c> </c>
         <w xml:id="oar96-035750"
            n="19-b-0420"
            ecep:lem="here"
            ecep:pos="av"
            ecep:reg="here"
            ecep:spe="here"
            ecep:syllab="1"
            ecep:pron="hɪə">here</w>
         <c> </c>
         <w xml:id="oar96-035760"
            n="19-b-0430"
            ecep:lem="my"
            ecep:pos="po11"
            ecep:reg="my"
            ecep:spe="my"
            ecep:syllab="1"
            ecep:pron="maɪ">my</w>
         <c> </c>
         <w xml:id="oar96-035770"
            n="19-b-0440"
            ecep:lem="thought"
            ecep:pos="n2"
            ecep:reg="thoughts"
            ecep:spe="thoughts"
            ecep:syllab="1"
            ecep:pron="θɔːts">thoughts</w>
         <c> </c>
         <w xml:id="oar96-035780"
            n="19-b-0450"
            ecep:lem="to"
            ecep:pos="pc-acp"
            ecep:reg="to"
            ecep:spe="to"
            ecep:syllab="1"
            ecep:pron="tuː">to</w>
         <c> </c>
         <w xml:id="oar96-035790"
            n="19-b-0460"
            ecep:lem="entertain"
            ecep:pos="vvi"
            ecep:reg="entertain"
            ecep:spe="entertain"
            ecep:syllab="3"
            ecep:pron="ˌentəˈteɪn">entertain</w>
         <pc xml:id="oar96-035800"
             n="19-b-0470"
             ecep:lem=","
             ecep:pos=","
             ecep:reg=","
             ecep:spe=",">,</pc>
      </l>
      <l xml:id="oar96-l00995">
         <c> </c>
         <hi>
            <w xml:id="oar96-035810"
               n="19-b-0480"
               ecep:lem="but"
               ecep:pos="cc-acp"
               ecep:reg="But"
               ecep:spe="But"
               ecep:syllab="1"
               ecep:pron="bʌt">But</w>
            <c> </c>
            <w xml:id="oar96-035820"
               n="19-b-0490"
               ecep:lem="one"
               ecep:pos="pi"
               ecep:reg="one"
               ecep:spe="one"
               ecep:syllab="1"
               ecep:pron="wʌn">one</w>
            <c> </c>
            <w xml:id="oar96-035830"
               n="19-b-0500"
               ecep:lem="tire"
               ecep:pos="vvn"
               ecep:reg="Tyred"
               ecep:spe="Tyr'd"
               ecep:syllab="1"
               ecep:pron="ˈtaɪəd">Tyr'd</w>
            <c> </c>
            <w xml:id="oar96-035840"
               n="19-b-0510"
               ecep:lem="revolution"
               ecep:pos="n1"
               ecep:reg="revolution"
               ecep:spe="revolution"
               ecep:syllab="4"
               ecep:pron="ˌrevlˈuːʃn">revolution</w>
            <c> </c>
            <w xml:id="oar96-035850"
               n="19-b-0520"
               ecep:lem="over"
               ecep:pos="p-acp"
               ecep:reg="over"
               ecep:spe="o're"
               ecep:syllab="1"
               ecep:pron="əʊrˈiː">o're</w>
            <c> </c>
            <w xml:id="oar96-035860"
               n="19-b-0530"
               ecep:lem="again"
               ecep:pos="av"
               ecep:reg="again"
               ecep:spe="again"
               ecep:syllab="2"
               ecep:pron="əˈgen">again</w>
            <pc xml:id="oar96-035870"
                n="19-b-0540"
                ecep:lem=":"
                ecep:pos=":"
                ecep:reg=":"
                ecep:spe=":">:</pc>
         </hi>
      </l>
      <l xml:id="oar96-l01000">
         <c> </c>
         <w xml:id="oar96-035880"
            n="19-b-0550"
            ecep:lem="the"
            ecep:pos="dt"
            ecep:reg="The"
            ecep:spe="The"
            ecep:syllab="1"
            ecep:pron="ðiː">The</w>
         <c> </c>
         <w xml:id="oar96-035890"
            n="19-b-0560"
            ecep:lem="sun"
            ecep:pos="n1"
            ecep:reg="Sun"
            ecep:spe="Sun"
            ecep:syllab="1"
            ecep:pron="sʌn">Sun</w>
         <c> </c>
         <w xml:id="oar96-035900"
            n="19-b-0570"
            ecep:lem="and"
            ecep:pos="cc"
            ecep:reg="and"
            ecep:spe="and"
            ecep:syllab="1"
            ecep:pron="ænd">and</w>
         <c> </c>
         <w xml:id="oar96-035910"
            n="19-b-0580"
            ecep:lem="star"
            ecep:pos="n2"
            ecep:reg="Stars"
            ecep:spe="Stars"
            ecep:syllab="1"
            ecep:pron="stɑːz">Stars</w>
         <c> </c>
         <w xml:id="oar96-035920"
            n="19-b-0590"
            ecep:lem="observe"
            ecep:pos="vvb"
            ecep:reg="observe"
            ecep:spe="observe"
            ecep:syllab="2"
            ecep:pron="əbˈzɜːv">observe</w>
         <c> </c>
         <w xml:id="oar96-035930"
            n="19-b-0600"
            ecep:lem="their"
            ecep:pos="po32"
            ecep:reg="their"
            ecep:spe="their"
            ecep:syllab="1"
            ecep:pron="ðeə">their</w>
         <c> </c>
         <w xml:id="oar96-035940"
            n="19-b-0610"
            ecep:lem="wonted"
            ecep:pos="j"
            ecep:reg="wonted"
            ecep:spe="wonted"
            ecep:syllab="2"
            ecep:pron="wəʊntɪd">wonted</w>
         <c> </c>
         <w xml:id="oar96-035950"
            n="19-b-0620"
            ecep:lem="round"
            ecep:pos="n1"
            ecep:reg="round"
            ecep:spe="round"
            ecep:syllab="1"
            ecep:pron="raʊnd">round</w>
         <pc xml:id="oar96-035960"
             n="19-b-0630"
             ecep:lem=","
             ecep:pos=","
             ecep:reg=","
             ecep:spe=",">,</pc>
      </l>
      <l xml:id="oar96-l01005">
         <c> </c>
         <w xml:id="oar96-035970"
            n="19-b-0640"
            ecep:lem="the"
            ecep:pos="dt"
            ecep:reg="The"
            ecep:spe="The"
            ecep:syllab="1"
            ecep:pron="ðiː">The</w>
         <c> </c>
         <w xml:id="oar96-035980"
            n="19-b-0650"
            ecep:lem="stream"
            ecep:pos="n2"
            ecep:reg="streams"
            ecep:spe="streams"
            ecep:syllab="1"
            ecep:pron="striːmz">streams</w>
         <c> </c>
         <w xml:id="oar96-035990"
            n="19-b-0660"
            ecep:lem="their"
            ecep:pos="po32"
            ecep:reg="their"
            ecep:spe="their"
            ecep:syllab="1"
            ecep:pron="ðeə">their</w>
         <c> </c>
         <w xml:id="oar96-036000"
            n="19-b-0670"
            ecep:lem="former"
            ecep:pos="j"
            ecep:reg="former"
            ecep:spe="former"
            ecep:syllab="2"
            ecep:pron="ˈfɔːmə">former</w>
         <c> </c>
         <w xml:id="oar96-036010"
            n="19-b-0680"
            ecep:lem="course"
            ecep:pos="n2"
            ecep:reg="courses"
            ecep:spe="courses"
            ecep:syllab="2"
            ecep:pron="kɔːsɪz">courses</w>
         <c> </c>
         <w xml:id="oar96-036020"
            n="19-b-0690"
            ecep:lem="keep"
            ecep:pos="vvi"
            ecep:reg="keep"
            ecep:spe="keep"
            ecep:syllab="1"
            ecep:pron="kiːp">keep</w>
         <pc xml:id="oar96-036030"
             n="19-b-0700"
             ecep:lem=":"
             ecep:pos=":"
             ecep:reg=":"
             ecep:spe=":">:</pc>
         <c> </c>
         <hi>
            <w xml:id="oar96-036040"
               n="19-b-0710"
               ecep:lem="no"
               ecep:pos="uh-x"
               ecep:reg="No"
               ecep:spe="No"
               ecep:syllab="1"
               ecep:pron="nəʊ">No</w>
            <c> </c>
            <w xml:id="oar96-036050"
               n="19-b-0720"
               ecep:lem="novelty"
               ecep:pos="n1"
               ecep:reg="Novelty"
               ecep:spe="Novelty"
               ecep:syllab="3"
               ecep:pron="ˈnɒvlti">Novelty</w>
            <c> </c>
            <w xml:id="oar96-036060"
               n="19-b-0730"
               ecep:lem="be"
               ecep:pos="vbz"
               ecep:reg="is"
               ecep:spe="is"
               ecep:syllab="1"
               ecep:pron="ɪz">is</w>
            <c> </c>
            <w xml:id="oar96-036070"
               n="19-b-0740"
               ecep:lem="find"
               ecep:pos="vvn"
               ecep:reg="found"
               ecep:spe="found"
               ecep:syllab="1"
               ecep:pron="faʊnd">found</w>
            <pc xml:id="oar96-036080"
                n="19-b-0750"
                unit="sentence"
                ecep:lem="."
                ecep:pos="."
                ecep:reg="."
                ecep:spe=".">.</pc>
            <c> </c>
         </hi>
      </l>
   </lg>
   <lg n="3" xml:id="oar96-s00140">
      <head>
         <w xml:id="oar96-036120"
            n="19-b-0760"
            ecep:lem="iii"
            ecep:pos="crd"
            ecep:reg="III"
            ecep:spe="III"
            ecep:syllab="1"
            ecep:pron="rˌəʊmənθrˈiː">III</w>
         <pc xml:id="oar96-036130"
             n="19-b-0770"
             unit="sentence"
             ecep:lem="."
             ecep:pos="."
             ecep:reg="."
             ecep:spe=".">.</pc>
      </head>
      <l xml:id="oar96-l01010">
         <w xml:id="oar96-036150"
            n="19-b-0780"
            ecep:lem="the"
            ecep:pos="dt"
            ecep:reg="The"
            ecep:spe="The"
            ecep:syllab="1"
            ecep:pron="ðiː">The</w>
         <c> </c>
         <w xml:id="oar96-036160"
            n="19-b-0790"
            ecep:lem="same"
            ecep:pos="d"
            ecep:reg="same"
            ecep:spe="same"
            ecep:syllab="1"
            ecep:pron="seɪm">same</w>
         <c> </c>
         <w xml:id="oar96-036170"
            n="19-b-0800"
            ecep:lem="curse"
            ecep:pos="j-vvn"
            ecep:reg="cursed"
            ecep:spe="curst"
            ecep:syllab="1"
            ecep:pron="kɜːst">curst</w>
         <c> </c>
         <w xml:id="oar96-036180"
            n="19-b-0810"
            ecep:lem="act"
            ecep:pos="n2"
            ecep:reg="acts"
            ecep:spe="acts"
            ecep:syllab="1"
            ecep:pron="ækts">acts</w>
         <c> </c>
         <w xml:id="oar96-036190"
            n="19-b-0820"
            ecep:lem="of"
            ecep:pos="pp-f"
            ecep:reg="of"
            ecep:spe="of"
            ecep:syllab="1"
            ecep:pron="ɒv">of</w>
         <c> </c>
         <hi>
            <w xml:id="oar96-036200"
               n="19-b-0830"
               ecep:lem="false"
               ecep:pos="j"
               ecep:reg="false"
               ecep:spe="false"
               ecep:syllab="1"
               ecep:pron="fɔːls">false</w>
            <c> </c>
            <w xml:id="oar96-036210"
               n="19-b-0840"
               ecep:lem="fruition"
               ecep:pos="n1"
               ecep:reg="fruition"
               ecep:spe="fruition"
               ecep:syllab="3"
               ecep:pron="fruˈɪʃn">fruition</w>
         </hi>
         <c> </c>
         <w xml:id="oar96-036220"
            n="19-b-0850"
            ecep:lem="over"
            ecep:pos="p-acp"
            ecep:reg="over"
            ecep:spe="o're"
            ecep:syllab="1"
            ecep:pron="əʊrˈiː">o're</w>
         <pc xml:id="oar96-036230"
             n="19-b-0860"
             ecep:lem=","
             ecep:pos=","
             ecep:reg=","
             ecep:spe=",">,</pc>
      </l>
      <l xml:id="oar96-l01015">
         <c> </c>
         <w xml:id="oar96-036240"
            n="19-b-0870"
            ecep:lem="the"
            ecep:pos="dt"
            ecep:reg="The"
            ecep:spe="The"
            ecep:syllab="1"
            ecep:pron="ðiː">The</w>
         <c> </c>
         <w xml:id="oar96-036250"
            n="19-b-0880"
            ecep:lem="same"
            ecep:pos="d"
            ecep:reg="same"
            ecep:spe="same"
            ecep:syllab="1"
            ecep:pron="seɪm">same</w>
         <c> </c>
         <w xml:id="oar96-036260"
            n="19-b-0890"
            ecep:lem="wild"
            ecep:pos="j"
            ecep:reg="wild"
            ecep:spe="wild"
            ecep:syllab="1"
            ecep:pron="waɪld">wild</w>
         <c> </c>
         <w xml:id="oar96-036270"
            n="19-b-0900"
            ecep:lem="hope"
            ecep:pos="n2"
            ecep:reg="hopes"
            ecep:spe="hopes"
            ecep:syllab="1"
            ecep:pron="həʊps">hopes</w>
         <c> </c>
         <w xml:id="oar96-036280"
            n="19-b-0910"
            ecep:lem="and"
            ecep:pos="cc"
            ecep:reg="and"
            ecep:spe="and"
            ecep:syllab="1"
            ecep:pron="ænd">and</w>
         <c> </c>
         <w xml:id="oar96-036290"
            n="19-b-0920"
            ecep:lem="wish"
            ecep:pos="vvz"
            ecep:reg="wishes"
            ecep:spe="wishes"
            ecep:syllab="2"
            ecep:pron="wɪʃɪz">wishes</w>
         <c> </c>
         <w xml:id="oar96-036300"
            n="19-b-0930"
            ecep:lem="as"
            ecep:pos="a-acp"
            ecep:reg="as"
            ecep:spe="as"
            ecep:syllab="1"
            ecep:pron="æz">as</w>
         <c> </c>
         <w xml:id="oar96-036310"
            n="19-b-0940"
            ecep:lem="before"
            ecep:pos="a-acp"
            ecep:reg="before"
            ecep:spe="before"
            ecep:syllab="2"
            ecep:pron="bɪˈfɔː">before</w>
         <pc xml:id="oar96-036320"
             n="19-b-0950"
             ecep:lem=";"
             ecep:pos=";"
             ecep:reg=";"
             ecep:spe=";">;</pc>
      </l>
      <l xml:id="oar96-l01020">
         <c> </c>
         <w xml:id="oar96-036330"
            n="19-b-0960"
            ecep:lem="do"
            ecep:pos="vdb"
            ecep:reg="Do"
            ecep:spe="Do"
            ecep:syllab="1"
            ecep:pron="duː">Do</w>
         <c> </c>
         <w xml:id="oar96-036340"
            n="19-b-0970"
            ecep:lem="man"
            ecep:pos="n2"
            ecep:reg="men"
            ecep:spe="men"
            ecep:syllab="1"
            ecep:pron="men">men</w>
         <c> </c>
         <w xml:id="oar96-036350"
            n="19-b-0980"
            ecep:lem="for"
            ecep:pos="p-acp"
            ecep:reg="for"
            ecep:spe="for"
            ecep:syllab="1"
            ecep:pron="fɔː">for</w>
         <c> </c>
         <w xml:id="oar96-036360"
            n="19-b-0990"
            ecep:lem="this"
            ecep:pos="d"
            ecep:reg="this"
            ecep:spe="this"
            ecep:syllab="1"
            ecep:pron="ðɪs">this</w>
         <c> </c>
         <w xml:id="oar96-036370"
            n="19-b-1000"
            ecep:lem="so"
            ecep:pos="av"
            ecep:reg="so"
            ecep:spe="so"
            ecep:syllab="1"
            ecep:pron="səʊ">so</w>
         <c> </c>
         <w xml:id="oar96-036380"
            n="19-b-1010"
            ecep:lem="fond"
            ecep:pos="av-j"
            ecep:reg="fondly"
            ecep:spe="fondly"
            ecep:syllab="2"
            ecep:pron="ˈfɒndli">fondly</w>
         <c> </c>
         <w xml:id="oar96-036390"
            n="19-b-1020"
            ecep:lem="life"
            ecep:pos="n1"
            ecep:reg="life"
            ecep:spe="life"
            ecep:syllab="1"
            ecep:pron="laɪf">life</w>
         <c> </c>
         <w xml:id="oar96-036400"
            n="19-b-1030"
            ecep:lem="caress"
            ecep:pos="n1"
            ecep:reg="caress"
            ecep:spe="caress"
            ecep:syllab="2"
            ecep:pron="kəˈres">caress</w>
         <pc xml:id="oar96-036410"
             n="19-b-1040"
             ecep:lem=","
             ecep:pos=","
             ecep:reg=","
             ecep:spe=",">,</pc>
      </l>
      <l xml:id="oar96-l01025">
         <c> </c>
         <pc xml:id="oar96-036420"
             n="19-b-1050"
             ecep:lem="("
             ecep:pos="("
             ecep:reg="("
             ecep:spe="(">(</pc>
         <w xml:id="oar96-036430"
            n="19-b-1060"
            ecep:lem="that"
            ecep:pos="cst"
            ecep:reg="That"
            ecep:spe="That"
            ecep:syllab="1"
            ecep:pron="ðæt">That</w>
         <c> </c>
         <w xml:id="oar96-036440"
            n="19-b-1070"
            ecep:lem="airy"
            ecep:pos="j"
            ecep:reg="airy"
            ecep:spe="airy"
            ecep:syllab="2"
            ecep:pron="ˈeəri">airy</w>
         <c> </c>
         <w xml:id="oar96-036450"
            n="19-b-1080"
            ecep:lem="huff"
            ecep:pos="n1"
            ecep:reg="huss"
            ecep:spe="huss"
            ecep:syllab="1"
            ecep:pron="hʌs">huss</w>
         <c> </c>
         <w xml:id="oar96-036460"
            n="19-b-1090"
            ecep:lem="of"
            ecep:pos="pp-f"
            ecep:reg="of"
            ecep:spe="of"
            ecep:syllab="1"
            ecep:pron="ɒv">of</w>
         <c> </c>
         <w xml:id="oar96-036470"
            n="19-b-1100"
            ecep:lem="splendid"
            ecep:pos="j"
            ecep:reg="splendid"
            ecep:spe="splendid"
            ecep:syllab="2"
            ecep:pron="ˈsplendɪd">splendid</w>
         <c> </c>
         <w xml:id="oar96-036480"
            n="19-b-1110"
            ecep:lem="emptiness"
            ecep:pos="n1"
            ecep:reg="emptiness"
            ecep:spe="emptiness"
            ecep:syllab="3"
            ecep:pron="ˈemtɪnəs">emptiness</w>
         <pc xml:id="oar96-036490"
             n="19-b-1120"
             ecep:lem="?"
             ecep:pos="?"
             ecep:reg="?"
             ecep:spe="?">?</pc>
         <pc xml:id="oar96-036500"
             n="19-b-1130"
             unit="sentence"
             ecep:lem=")"
             ecep:pos=")"
             ecep:reg=")"
             ecep:spe=")">)</pc>
         <c> </c>
      </l>
      <l xml:id="oar96-l01030">
         <w xml:id="oar96-036510"
            n="19-b-1140"
            ecep:lem="unthinking"
            ecep:pos="j"
            ecep:reg="Unthinking"
            ecep:spe="Unthinking"
            ecep:syllab="3"
            ecep:pron="ʌnˈθɪŋkɪŋ">Unthinking</w>
         <c> </c>
         <w xml:id="oar96-036520"
            n="19-b-1150"
            ecep:lem="sots"
            ecep:pos="fw-fr"
            ecep:reg="sots"
            ecep:spe="sots"
            ecep:syllab="1"
            ecep:pron="sɒts">sots</w>
         <pc xml:id="oar96-036530"
             n="19-b-1160"
             ecep:lem=":"
             ecep:pos=":"
             ecep:reg=":"
             ecep:spe=":">:</pc>
         <c> </c>
         <w xml:id="oar96-036540"
            n="19-b-1170"
            ecep:lem="kind"
            ecep:pos="j"
            ecep:reg="kind"
            ecep:spe="kind"
            ecep:syllab="1"
            ecep:pron="kaɪnd">kind</w>
         <c> </c>
         <w xml:id="oar96-036550"
            n="19-b-1180"
            ecep:lem="heaven"
            ecep:pos="n1"
            ecep:reg="Heaven"
            ecep:spe="Heaven"
            ecep:syllab="1"
            ecep:pron="ˈhevn">Heaven</w>
         <c> </c>
         <w xml:id="oar96-036560"
            n="19-b-1190"
            ecep:lem="let"
            ecep:pos="vvb"
            ecep:reg="let"
            ecep:spe="let"
            ecep:syllab="1"
            ecep:pron="let">let</w>
         <c> </c>
         <w xml:id="oar96-036570"
            n="19-b-1200"
            ecep:lem="i"
            ecep:pos="pno11"
            ecep:reg="me"
            ecep:spe="me"
            ecep:syllab="1"
            ecep:pron="miː">me</w>
         <c> </c>
         <w xml:id="oar96-036580"
            n="19-b-1210"
            ecep:lem="be"
            ecep:pos="vbi"
            ecep:reg="be"
            ecep:spe="be"
            ecep:syllab="1"
            ecep:pron="biː">be</w>
         <c> </c>
         <w xml:id="oar96-036590"
            n="19-b-1220"
            ecep:lem="go"
            ecep:pos="vvn"
            ecep:reg="gone"
            ecep:spe="gone"
            ecep:syllab="1"
            ecep:pron="gɒn">gone</w>
         <pc xml:id="oar96-036600"
             n="19-b-1230"
             ecep:lem=","
             ecep:pos=","
             ecep:reg=","
             ecep:spe=",">,</pc>
      </l>
      <l xml:id="oar96-l01035">
         <c> </c>
         <w xml:id="oar96-036610"
            n="19-b-1240"
            ecep:lem="i|be"
            ecep:pos="pns11|vbm"
            ecep:reg="I'm"
            ecep:spe="I'm"
            ecep:syllab="1"
            ecep:pron="ˈaɪm">I'm</w>
         <c> </c>
         <w xml:id="oar96-036620"
            n="19-b-1250"
            ecep:lem="tire"
            ecep:pos="vvn"
            ecep:reg="tyred"
            ecep:spe="tyr'd"
            ecep:syllab="1"
            ecep:pron="ˈtaɪəd">tyr'd</w>
         <pc xml:id="oar96-036630"
             n="19-b-1260"
             ecep:lem=","
             ecep:pos=","
             ecep:reg=","
             ecep:spe=",">,</pc>
         <c> </c>
         <w xml:id="oar96-036640"
            n="19-b-1270"
            ecep:lem="i|be"
            ecep:pos="pns11|vbm"
            ecep:reg="I'm"
            ecep:spe="I'm"
            ecep:syllab="1"
            ecep:pron="ˈaɪm">I'm</w>
         <c> </c>
         <w xml:id="oar96-036650"
            n="19-b-1280"
            ecep:lem="sick"
            ecep:pos="j"
            ecep:reg="sick"
            ecep:spe="sick"
            ecep:syllab="1"
            ecep:pron="sɪk">sick</w>
         <c> </c>
         <w xml:id="oar96-036660"
            n="19-b-1290"
            ecep:lem="of"
            ecep:pos="pp-f"
            ecep:reg="of"
            ecep:spe="of"
            ecep:syllab="1"
            ecep:pron="ɒv">of</w>
         <c> </c>
         <w xml:id="oar96-036670"
            n="19-b-1300"
            ecep:lem="this"
            ecep:pos="d"
            ecep:reg="this"
            ecep:spe="this"
            ecep:syllab="1"
            ecep:pron="ðɪs">this</w>
         <c> </c>
         <hi>
            <w xml:id="oar96-036680"
               n="19-b-1310"
               ecep:lem="dull"
               ecep:pos="j"
               ecep:reg="dull"
               ecep:spe="dull"
               ecep:syllab="1"
               ecep:pron="dʌl">dull</w>
            <c> </c>
            <w xml:id="oar96-036690"
               n="19-b-1320"
               ecep:lem="farce"
               ecep:pos="npg1"
               ecep:reg="Farce's"
               ecep:spe="Farce's"
               ecep:syllab="2"
               ecep:pron="fɑːsz">Farce's</w>
            <c> </c>
            <w xml:id="oar96-036700"
               n="19-b-1330"
               ecep:lem="repetition"
               ecep:pos="n1"
               ecep:reg="repetition"
               ecep:spe="repetition"
               ecep:syllab="4"
               ecep:pron="ˌrepɪˈtɪʃn">repetition</w>
            <pc xml:id="oar96-036710"
                n="19-b-1340"
                unit="sentence"
                ecep:lem="."
                ecep:pos="."
                ecep:reg="."
                ecep:spe=".">.</pc>
            <c> </c>
         </hi>
      </l>
   </lg>
</div>
