<?xml version="1.0" encoding="utf-8"?>
<!DOCTYPE div
  SYSTEM "about:legacy-compat">
<div xmlns:ecep="http://www.eighteenthcenturypoetry.org/ns"
     xmlns="http://www.tei-c.org/ns/1.0"
     xmlns:tei="http://www.tei-c.org/ns/1.0"
     ana="#iamb #tetrameter #cross #quatrain #song"
     corresp="#txt_BailJo1762_w0028"
     decls="#semi-normalized"
     ecep:syllab="8.8.8.8"
     met="-+|-+|-+|-+/ -+|-+|-+|-+/ -+|-+|-+|-+/ -+|-+|-+|-+/"
     rendition="#lgvspace"
     rhyme="abab"
     subtype="eceptext"
     type="poem"
     xml:id="bjb18-w0280">
   <link target="authors.xml#aut_BailJo1762" type="author"/>
   <head type="main">
      <w xml:id="bjb18-296310"
         n="a-0010"
         ecep:lem="the"
         ecep:pos="dt"
         ecep:reg="THE"
         ecep:spe="THE"
         ecep:syllab="1"
         ecep:pron="ðiː">THE</w>
      <c> </c>
      <w xml:id="bjb18-296320"
         n="a-0020"
         ecep:lem="merry"
         ecep:pos="j"
         ecep:reg="MERRY"
         ecep:spe="MERRY"
         ecep:syllab="2"
         ecep:pron="ˈmeri">MERRY</w>
      <c> </c>
      <w xml:id="bjb18-296330"
         n="a-0030"
         ecep:lem="bachelor"
         ecep:pos="n1"
         ecep:reg="BACHELOR"
         ecep:spe="BACHELOR"
         ecep:syllab="3"
         ecep:pron="ˈbætʃlə">BACHELOR</w>
      <pc xml:id="bjb18-296340"
          n="a-0040"
          ecep:lem=","
          ecep:pos=","
          ecep:reg=","
          ecep:spe=",">,</pc>
   </head>
   <head type="sub">
      <pc xml:id="bjb18-296370"
          n="a-0050"
          ecep:lem="("
          ecep:pos="("
          ecep:reg="("
          ecep:spe="(">(</pc>
      <w xml:id="bjb18-296380"
         n="a-0060"
         ecep:lem="found"
         ecep:pos="vvn"
         ecep:reg="FOUNDED"
         ecep:spe="FOUNDED"
         ecep:syllab="2"
         ecep:pron="faʊndɪd">FOUNDED</w>
      <c> </c>
      <w xml:id="bjb18-296390"
         n="a-0070"
         ecep:lem="on"
         ecep:pos="p-acp"
         ecep:reg="ON"
         ecep:spe="ON"
         ecep:syllab="1"
         ecep:pron="ɒn">ON</w>
      <c> </c>
      <w xml:id="bjb18-296400"
         n="a-0080"
         ecep:lem="the"
         ecep:pos="dt"
         ecep:reg="THE"
         ecep:spe="THE"
         ecep:syllab="1"
         ecep:pron="ðiː">THE</w>
      <c> </c>
      <w xml:id="bjb18-296410"
         n="a-0090"
         ecep:lem="old"
         ecep:pos="j"
         ecep:reg="OLD"
         ecep:spe="OLD"
         ecep:syllab="1"
         ecep:pron="əʊld">OLD</w>
      <c> </c>
      <w xml:id="bjb18-296420"
         n="a-0100"
         ecep:lem="scotch"
         ecep:pos="jp"
         ecep:reg="SCOTCH"
         ecep:spe="SCOTCH"
         ecep:syllab="1"
         ecep:pron="skɒtʃ">SCOTCH</w>
      <c> </c>
      <w xml:id="bjb18-296430"
         n="a-0110"
         ecep:lem="song"
         ecep:pos="n1"
         ecep:reg="SONG"
         ecep:spe="SONG"
         ecep:syllab="1"
         ecep:pron="sɒŋ">SONG</w>
      <c> </c>
      <w xml:id="bjb18-296440"
         n="a-0120"
         ecep:lem="of"
         ecep:pos="pp-f"
         ecep:reg="OF"
         ecep:spe="OF"
         ecep:syllab="1"
         ecep:pron="ɒv">OF</w>
      <c> </c>
      <pc xml:id="bjb18-296450"
          n="a-0130"
          ecep:lem="“"
          ecep:pos="“"
          ecep:reg="“"
          ecep:spe="“">“</pc>
      <w xml:id="bjb18-296460"
         n="a-0140"
         ecep:lem="Willie"
         ecep:pos="np1"
         ecep:reg="WILLIE"
         ecep:spe="WILLIE"
         ecep:syllab="2"
         ecep:pron="ˈwɪli">WILLIE</w>
      <c> </c>
      <w xml:id="bjb18-296470"
         n="a-0150"
         ecep:lem="be"
         ecep:pos="vbds"
         ecep:reg="WAS"
         ecep:spe="WAS"
         ecep:syllab="1"
         ecep:pron="wɒz">WAS</w>
      <c> </c>
      <w xml:id="bjb18-296480"
         n="a-0160"
         ecep:lem="a"
         ecep:pos="dt"
         ecep:reg="A"
         ecep:spe="A"
         ecep:syllab="1"
         ecep:pron="ə">A</w>
      <c> </c>
      <w xml:id="bjb18-296490"
         n="a-0170"
         ecep:lem="wanton"
         ecep:pos="j-jn"
         ecep:reg="WANTON"
         ecep:spe="WANTON"
         ecep:syllab="2"
         ecep:pron="ˈwɒntən">WANTON</w>
      <c> </c>
      <w xml:id="bjb18-296500"
         n="a-0180"
         ecep:lem="wag"
         ecep:pos="n1"
         ecep:reg="WAG"
         ecep:spe="WAG"
         ecep:syllab="1"
         ecep:pron="wæg">WAG</w>
      <pc xml:id="bjb18-296510"
          n="a-0190"
          unit="sentence"
          ecep:lem="."
          ecep:pos="."
          ecep:reg="."
          ecep:spe=".">.</pc>
      <pc xml:id="bjb18-296520"
          n="a-0200"
          ecep:lem="”"
          ecep:pos="”"
          ecep:reg="”"
          ecep:spe="”">”</pc>
      <pc xml:id="bjb18-296530"
          n="a-0210"
          unit="sentence"
          ecep:lem=")"
          ecep:pos=")"
          ecep:reg=")"
          ecep:spe=")">)</pc>
   </head>
   <lg xml:id="bjb18-s01575">
      <l xml:id="bjb18-l15410">
         <hi rendition="#sc">
            <w xml:id="bjb18-296560"
               n="a-0220"
               ecep:lem="Willie"
               ecep:pos="np1"
               ecep:reg="WILLIE"
               ecep:spe="WILLIE"
               ecep:syllab="2"
               ecep:pron="ˈwɪli">WILLIE</w>
         </hi>
         <c> </c>
         <w xml:id="bjb18-296570"
            n="a-0230"
            ecep:lem="be"
            ecep:pos="vbds"
            ecep:reg="was"
            ecep:spe="was"
            ecep:syllab="1"
            ecep:pron="wɒz">was</w>
         <c> </c>
         <w xml:id="bjb18-296580"
            n="a-0240"
            ecep:lem="a"
            ecep:pos="dt"
            ecep:reg="a"
            ecep:spe="a"
            ecep:syllab="1"
            ecep:pron="ə">a</w>
         <c> </c>
         <w xml:id="bjb18-296590"
            n="a-0250"
            ecep:lem="wanton"
            ecep:pos="j-jn"
            ecep:reg="wanton"
            ecep:spe="wanton"
            ecep:syllab="2"
            ecep:pron="ˈwɒntən">wanton</w>
         <c> </c>
         <w xml:id="bjb18-296600"
            n="a-0260"
            ecep:lem="wag"
            ecep:pos="n1"
            ecep:reg="wag"
            ecep:spe="wag"
            ecep:syllab="1"
            ecep:pron="wæg">wag</w>
         <pc xml:id="bjb18-296610"
             n="a-0270"
             ecep:lem=","
             ecep:pos=","
             ecep:reg=","
             ecep:spe=",">,</pc>
      </l>
      <l rendition="#h_3" xml:id="bjb18-l15415">
         <c> </c>
         <w xml:id="bjb18-296620"
            n="a-0280"
            ecep:lem="the"
            ecep:pos="dt"
            ecep:reg="The"
            ecep:spe="The"
            ecep:syllab="1"
            ecep:pron="ðiː">The</w>
         <c> </c>
         <w xml:id="bjb18-296630"
            n="a-0290"
            ecep:lem="blithe"
            ecep:pos="js"
            ecep:reg="blithest"
            ecep:spe="blithest"
            ecep:syllab="2"
            ecep:pron="blaɪðɪst">blithest</w>
         <c> </c>
         <w xml:id="bjb18-296640"
            n="a-0300"
            ecep:lem="lad"
            ecep:pos="n1"
            ecep:reg="lad"
            ecep:spe="lad"
            ecep:syllab="1"
            ecep:pron="læd">lad</w>
         <c> </c>
         <w xml:id="bjb18-296650"
            n="a-0310"
            ecep:lem="that"
            ecep:pos="cst"
            ecep:reg="that"
            ecep:spe="that"
            ecep:syllab="1"
            ecep:pron="ðæt">that</w>
         <c> </c>
         <w xml:id="bjb18-296660"
            n="a-0320"
            ecep:lem="ever"
            ecep:pos="av"
            ecep:reg="ever"
            ecep:spe="e'er"
            ecep:syllab="1"
            ecep:pron="eə">e'er</w>
         <c> </c>
         <w xml:id="bjb18-296670"
            n="a-0330"
            ecep:lem="i"
            ecep:pos="pns11"
            ecep:reg="I"
            ecep:spe="I"
            ecep:syllab="1"
            ecep:pron="aɪ">I</w>
         <c> </c>
         <w xml:id="bjb18-296680"
            n="a-0340"
            ecep:lem="see"
            ecep:pos="vvd"
            ecep:reg="saw"
            ecep:spe="saw"
            ecep:syllab="1"
            ecep:pron="sɔː">saw</w>
         <pc xml:id="bjb18-296690"
             n="a-0350"
             ecep:lem=";"
             ecep:pos=";"
             ecep:reg=";"
             ecep:spe=";">;</pc>
      </l>
      <l xml:id="bjb18-l15420">
         <c> </c>
         <w xml:id="bjb18-296700"
            n="a-0360"
            ecep:lem="of"
            ecep:pos="pp-f"
            ecep:reg="Of"
            ecep:spe="Of"
            ecep:syllab="1"
            ecep:pron="ɒv">Of</w>
         <c> </c>
         <w xml:id="bjb18-296710"
            n="a-0370"
            ecep:lem="field"
            ecep:pos="n1"
            ecep:reg="field"
            ecep:spe="field"
            ecep:syllab="1"
            ecep:pron="ˈfiːld">field</w>
         <c> </c>
         <w xml:id="bjb18-296720"
            n="a-0380"
            ecep:lem="and"
            ecep:pos="cc"
            ecep:reg="and"
            ecep:spe="and"
            ecep:syllab="1"
            ecep:pron="ænd">and</w>
         <c> </c>
         <w xml:id="bjb18-296730"
            n="a-0390"
            ecep:lem="floor"
            ecep:pos="n1"
            ecep:reg="floor"
            ecep:spe="floor"
            ecep:syllab="1"
            ecep:pron="flɔː">floor</w>
         <c> </c>
         <w xml:id="bjb18-296740"
            n="a-0400"
            ecep:lem="he"
            ecep:pos="pns31"
            ecep:reg="he"
            ecep:spe="he"
            ecep:syllab="1"
            ecep:pron="hiː">he</w>
         <c> </c>
         <w xml:id="bjb18-296750"
            n="a-0410"
            ecep:lem="be"
            ecep:pos="vbds"
            ecep:reg="was"
            ecep:spe="was"
            ecep:syllab="1"
            ecep:pron="wɒz">was</w>
         <c> </c>
         <w xml:id="bjb18-296760"
            n="a-0420"
            ecep:lem="the"
            ecep:pos="dt"
            ecep:reg="the"
            ecep:spe="the"
            ecep:syllab="1"
            ecep:pron="ðiː">the</w>
         <c> </c>
         <w xml:id="bjb18-296770"
            n="a-0430"
            ecep:lem="brag"
            ecep:pos="n1"
            ecep:reg="brag"
            ecep:spe="brag"
            ecep:syllab="1"
            ecep:pron="bræg">brag</w>
         <pc xml:id="bjb18-296780"
             n="a-0440"
             ecep:lem=","
             ecep:pos=","
             ecep:reg=","
             ecep:spe=",">,</pc>
      </l>
      <l rendition="#h_3" xml:id="bjb18-l15425">
         <c> </c>
         <w xml:id="bjb18-296790"
            n="a-0450"
            ecep:lem="and"
            ecep:pos="cc"
            ecep:reg="And"
            ecep:spe="And"
            ecep:syllab="1"
            ecep:pron="ænd">And</w>
         <c> </c>
         <w xml:id="bjb18-296800"
            n="a-0460"
            ecep:lem="carry"
            ecep:pos="vvd"
            ecep:reg="carried"
            ecep:spe="carried"
            ecep:syllab="2"
            ecep:pron="ˈkærid">carried</w>
         <c> </c>
         <w xml:id="bjb18-296810"
            n="a-0470"
            ecep:lem="all"
            ecep:pos="d"
            ecep:reg="of"
            ecep:spe="a'"
            ecep:syllab="1"
            ecep:pron="ə">a'</w>
         <c> </c>
         <w xml:id="bjb18-296820"
            n="a-0480"
            ecep:lem="the"
            ecep:pos="dt"
            ecep:reg="the"
            ecep:spe="the"
            ecep:syllab="1"
            ecep:pron="ðiː">the</w>
         <c> </c>
         <w xml:id="bjb18-296830"
            n="a-0490"
            ecep:lem="gree"
            ecep:pos="vvb"
            ecep:reg="gree"
            ecep:spe="gree"
            ecep:syllab="1"
            ecep:pron="griː">gree</w>
         <note n="*" place="bottom" xml:id="bjb18-n00065">
            <w xml:id="bjb18-296880"
               n="a-0500"
               ecep:lem="gree"
               ecep:pos="vvb"
               ecep:reg="Gree"
               ecep:spe="Gree"
               ecep:syllab="1"
               ecep:pron="griː">Gree</w>
            <pc xml:id="bjb18-296890"
                n="a-0510"
                ecep:lem=","
                ecep:pos=","
                ecep:reg=","
                ecep:spe=",">,</pc>
            <c> </c>
            <w xml:id="bjb18-296900"
               n="a-0520"
               ecep:lem="honour"
               ecep:pos="n1"
               ecep:reg="honour"
               ecep:spe="honour"
               ecep:syllab="2"
               ecep:pron="ˈɒnə">honour</w>
            <c> </c>
            <w xml:id="bjb18-296910"
               n="a-0530"
               ecep:lem="or"
               ecep:pos="cc"
               ecep:reg="or"
               ecep:spe="or"
               ecep:syllab="1"
               ecep:pron="ɔː">or</w>
            <c> </c>
            <w xml:id="bjb18-296920"
               n="a-0540"
               ecep:lem="preference"
               ecep:pos="n1"
               ecep:reg="preference"
               ecep:spe="preference"
               ecep:syllab="3"
               ecep:pron="ˈprefrns">preference</w>
            <pc xml:id="bjb18-296930"
                n="a-0550"
                unit="sentence"
                ecep:lem="."
                ecep:pos="."
                ecep:reg="."
                ecep:spe=".">.</pc>
         </note>
         <c> </c>
         <w xml:id="bjb18-296840"
            n="a-0560"
            ecep:lem="away"
            ecep:pos="av"
            ecep:reg="avua"
            ecep:spe="awa"
            ecep:syllab="2"
            ecep:pron="ʌwˈæ">awa</w>
         <pc xml:id="bjb18-296850"
             n="a-0570"
             ecep:lem="'"
             ecep:pos="'"
             ecep:reg="'"
             ecep:spe="'">'</pc>
         <pc xml:id="bjb18-296860"
             n="a-0580"
             unit="sentence"
             ecep:lem="."
             ecep:pos="."
             ecep:reg="."
             ecep:spe=".">.</pc>
         <c> </c>
      </l>
   </lg>
   <lg xml:id="bjb18-s01580">
      <l xml:id="bjb18-l15430">
         <w xml:id="bjb18-296960"
            n="a-0590"
            ecep:lem="and"
            ecep:pos="cc"
            ecep:reg="And"
            ecep:spe="And"
            ecep:syllab="1"
            ecep:pron="ænd">And</w>
         <c> </c>
         <w xml:id="bjb18-296970"
            n="a-0600"
            ecep:lem="be"
            ecep:pos="vbds"
            ecep:reg="was"
            ecep:spe="was"
            ecep:syllab="1"
            ecep:pron="wɒz">was</w>
         <c> </c>
         <w xml:id="bjb18-296980"
            n="a-0610"
            ecep:lem="not"
            ecep:pos="xx"
            ecep:reg="nam"
            ecep:spe="na"
            ecep:syllab="1"
            ecep:pron="nɑː">na</w>
         <pc xml:id="bjb18-296990"
             n="a-0620"
             ecep:lem="'"
             ecep:pos="'"
             ecep:reg="'"
             ecep:spe="'">'</pc>
         <c> </c>
         <w xml:id="bjb18-297000"
            n="a-0630"
            ecep:lem="Willie"
            ecep:pos="np1"
            ecep:reg="Willie"
            ecep:spe="Willie"
            ecep:syllab="2"
            ecep:pron="ˈwɪli">Willie</w>
         <c> </c>
         <w xml:id="bjb18-297010"
            n="a-0640"
            ecep:lem="stark"
            ecep:pos="j"
            ecep:reg="stark"
            ecep:spe="stark"
            ecep:syllab="1"
            ecep:pron="stɑːk">stark</w>
         <c> </c>
         <w xml:id="bjb18-297020"
            n="a-0650"
            ecep:lem="and"
            ecep:pos="cc"
            ecep:reg="and"
            ecep:spe="and"
            ecep:syllab="1"
            ecep:pron="ænd">and</w>
         <c> </c>
         <w xml:id="bjb18-297030"
            n="a-0660"
            ecep:lem="keen"
            ecep:pos="j"
            ecep:reg="keen"
            ecep:spe="keen"
            ecep:syllab="1"
            ecep:pron="kiːn">keen</w>
         <pc xml:id="bjb18-297040"
             n="a-0670"
             ecep:lem=","
             ecep:pos=","
             ecep:reg=","
             ecep:spe=",">,</pc>
      </l>
      <l rendition="#h_3" xml:id="bjb18-l15435">
         <c> </c>
         <w xml:id="bjb18-297050"
            n="a-0680"
            ecep:lem="when"
            ecep:pos="c-crq"
            ecep:reg="When"
            ecep:spe="When"
            ecep:syllab="1"
            ecep:pron="wen">When</w>
         <c> </c>
         <w xml:id="bjb18-297060"
            n="a-0690"
            ecep:lem="he"
            ecep:pos="pns31"
            ecep:reg="he"
            ecep:spe="he"
            ecep:syllab="1"
            ecep:pron="hiː">he</w>
         <c> </c>
         <w xml:id="bjb18-297070"
            n="a-0700"
            ecep:lem="go"
            ecep:pos="vvd"
            ecep:reg="gaed"
            ecep:spe="gaed"
            ecep:syllab="1"
            ecep:pron="gˈiːd">gaed</w>
         <c> </c>
         <w xml:id="bjb18-297080"
            n="a-0710"
            ecep:lem="to"
            ecep:pos="p-acp"
            ecep:reg="to"
            ecep:spe="to"
            ecep:syllab="1"
            ecep:pron="tuː">to</w>
         <c> </c>
         <w xml:id="bjb18-297090"
            n="a-0720"
            ecep:lem="the"
            ecep:pos="dt"
            ecep:reg="the"
            ecep:spe="the"
            ecep:syllab="1"
            ecep:pron="ðiː">the</w>
         <c> </c>
         <w xml:id="bjb18-297100"
            n="a-0730"
            ecep:lem="weapon-shaw"
            ecep:pos="n1"
            ecep:reg="weapon-shaw"
            ecep:spe="weapon-shaw"
            ecep:syllab="3"
            ecep:pron="ˈwepənˌʃɔː">weapon-shaw</w>
         <pc xml:id="bjb18-297110"
             n="a-0740"
             ecep:lem=";"
             ecep:pos=";"
             ecep:reg=";"
             ecep:spe=";">;</pc>
      </l>
      <l xml:id="bjb18-l15440">
         <c> </c>
         <w xml:id="bjb18-297120"
            n="a-0750"
            ecep:lem="he"
            ecep:pos="pns31"
            ecep:reg="He"
            ecep:spe="He"
            ecep:syllab="1"
            ecep:pron="hiː">He</w>
         <c> </c>
         <w xml:id="bjb18-297130"
            n="a-0760"
            ecep:lem="win"
            ecep:pos="vvd"
            ecep:reg="won"
            ecep:spe="won"
            ecep:syllab="1"
            ecep:pron="wʌn">won</w>
         <c> </c>
         <w xml:id="bjb18-297140"
            n="a-0770"
            ecep:lem="the"
            ecep:pos="dt"
            ecep:reg="the"
            ecep:spe="the"
            ecep:syllab="1"
            ecep:pron="ðiː">the</w>
         <c> </c>
         <w xml:id="bjb18-297150"
            n="a-0780"
            ecep:lem="prize"
            ecep:pos="n2"
            ecep:reg="prises"
            ecep:spe="prizes"
            ecep:syllab="2"
            ecep:pron="praɪzɪz">prizes</w>
         <c> </c>
         <w xml:id="bjb18-297160"
            n="a-0790"
            ecep:lem="on"
            ecep:pos="p-acp"
            ecep:reg="on"
            ecep:spe="on"
            ecep:syllab="1"
            ecep:pron="ɒn">on</w>
         <c> </c>
         <w xml:id="bjb18-297170"
            n="a-0800"
            ecep:lem="the"
            ecep:pos="dt"
            ecep:reg="the"
            ecep:spe="the"
            ecep:syllab="1"
            ecep:pron="ðiː">the</w>
         <c> </c>
         <w xml:id="bjb18-297180"
            n="a-0810"
            ecep:lem="green"
            ecep:pos="j-jn"
            ecep:reg="green"
            ecep:spe="green"
            ecep:syllab="1"
            ecep:pron="griːn">green</w>
         <pc xml:id="bjb18-297190"
             n="a-0820"
             ecep:lem=","
             ecep:pos=","
             ecep:reg=","
             ecep:spe=",">,</pc>
      </l>
      <l rendition="#h_3" xml:id="bjb18-l15445">
         <c> </c>
         <w xml:id="bjb18-297200"
            n="a-0830"
            ecep:lem="and"
            ecep:pos="cc"
            ecep:reg="And"
            ecep:spe="And"
            ecep:syllab="1"
            ecep:pron="ænd">And</w>
         <c> </c>
         <w xml:id="bjb18-297210"
            n="a-0840"
            ecep:lem="cheer"
            ecep:pos="vvd"
            ecep:reg="cheered"
            ecep:spe="cheered"
            ecep:syllab="1"
            ecep:pron="tʃɪəd">cheered</w>
         <c> </c>
         <w xml:id="bjb18-297220"
            n="a-0850"
            ecep:lem="the"
            ecep:pos="dt"
            ecep:reg="the"
            ecep:spe="the"
            ecep:syllab="1"
            ecep:pron="ðiː">the</w>
         <c> </c>
         <w xml:id="bjb18-297230"
            n="a-0860"
            ecep:lem="feaster"
            ecep:pos="n2"
            ecep:reg="feasters"
            ecep:spe="feasters"
            ecep:syllab="2"
            ecep:pron="fiːstəz">feasters</w>
         <c> </c>
         <w xml:id="bjb18-297240"
            n="a-0870"
            ecep:lem="in"
            ecep:pos="p-acp"
            ecep:reg="in"
            ecep:spe="in"
            ecep:syllab="1"
            ecep:pron="ɪn">in</w>
         <c> </c>
         <w xml:id="bjb18-297250"
            n="a-0880"
            ecep:lem="the"
            ecep:pos="dt"
            ecep:reg="the"
            ecep:spe="the"
            ecep:syllab="1"
            ecep:pron="ðiː">the</w>
         <c> </c>
         <w xml:id="bjb18-297260"
            n="a-0890"
            ecep:lem="hall"
            ecep:pos="n1"
            ecep:reg="have"
            ecep:spe="ha'"
            ecep:syllab="1"
            ecep:pron="ˈhekteə">ha'</w>
         <pc xml:id="bjb18-297270"
             n="a-0900"
             unit="sentence"
             ecep:lem="."
             ecep:pos="."
             ecep:reg="."
             ecep:spe=".">.</pc>
         <c> </c>
      </l>
   </lg>
   <lg xml:id="bjb18-s01585">
      <l xml:id="bjb18-l15450">
         <w xml:id="bjb18-297300"
            n="a-0910"
            ecep:lem="his"
            ecep:pos="po31"
            ecep:reg="His"
            ecep:spe="His"
            ecep:syllab="1"
            ecep:pron="hɪz">His</w>
         <c> </c>
         <w xml:id="bjb18-297310"
            n="a-0920"
            ecep:lem="head"
            ecep:pos="n1"
            ecep:reg="head"
            ecep:spe="head"
            ecep:syllab="1"
            ecep:pron="hed">head</w>
         <c> </c>
         <w xml:id="bjb18-297320"
            n="a-0930"
            ecep:lem="be"
            ecep:pos="vbds"
            ecep:reg="was"
            ecep:spe="was"
            ecep:syllab="1"
            ecep:pron="wɒz">was</w>
         <c> </c>
         <w xml:id="bjb18-297330"
            n="a-0940"
            ecep:lem="wise"
            ecep:pos="j"
            ecep:reg="wise"
            ecep:spe="wise"
            ecep:syllab="1"
            ecep:pron="waɪz">wise</w>
         <pc xml:id="bjb18-297340"
             n="a-0950"
             ecep:lem=","
             ecep:pos=","
             ecep:reg=","
             ecep:spe=",">,</pc>
         <c> </c>
         <w xml:id="bjb18-297350"
            n="a-0960"
            ecep:lem="his"
            ecep:pos="po31"
            ecep:reg="his"
            ecep:spe="his"
            ecep:syllab="1"
            ecep:pron="hɪz">his</w>
         <c> </c>
         <w xml:id="bjb18-297360"
            n="a-0970"
            ecep:lem="heart"
            ecep:pos="n1"
            ecep:reg="heart"
            ecep:spe="heart"
            ecep:syllab="1"
            ecep:pron="hɑːt">heart</w>
         <c> </c>
         <w xml:id="bjb18-297370"
            n="a-0980"
            ecep:lem="be"
            ecep:pos="vbds"
            ecep:reg="was"
            ecep:spe="was"
            ecep:syllab="1"
            ecep:pron="wɒz">was</w>
         <c> </c>
         <w xml:id="bjb18-297380"
            n="a-0990"
            ecep:lem="liel"
            ecep:pos="fw-mi"
            ecep:reg="liel"
            ecep:spe="liel"
            ecep:syllab="1"
            ecep:pron="lˈiːl">liel</w>
         <pc xml:id="bjb18-297390"
             n="a-1000"
             ecep:lem=","
             ecep:pos=","
             ecep:reg=","
             ecep:spe=",">,</pc>
      </l>
      <l rendition="#h_3" xml:id="bjb18-l15455">
         <c> </c>
         <w xml:id="bjb18-297400"
            n="a-1010"
            ecep:lem="his"
            ecep:pos="po31"
            ecep:reg="His"
            ecep:spe="His"
            ecep:syllab="1"
            ecep:pron="hɪz">His</w>
         <c> </c>
         <w xml:id="bjb18-297410"
            n="a-1020"
            ecep:lem="truth"
            ecep:pos="n1"
            ecep:reg="truth"
            ecep:spe="truth"
            ecep:syllab="1"
            ecep:pron="truːθ">truth</w>
         <c> </c>
         <w xml:id="bjb18-297420"
            n="a-1030"
            ecep:lem="be"
            ecep:pos="vbds"
            ecep:reg="was"
            ecep:spe="was"
            ecep:syllab="1"
            ecep:pron="wɒz">was</w>
         <c> </c>
         <w xml:id="bjb18-297430"
            n="a-1040"
            ecep:lem="fair"
            ecep:pos="j"
            ecep:reg="fair"
            ecep:spe="fair"
            ecep:syllab="1"
            ecep:pron="feə">fair</w>
         <c> </c>
         <w xml:id="bjb18-297440"
            n="a-1050"
            ecep:lem="without"
            ecep:pos="p-acp"
            ecep:reg="without"
            ecep:spe="without"
            ecep:syllab="2"
            ecep:pron="wɪˈðaʊt">without</w>
         <c> </c>
         <w xml:id="bjb18-297450"
            n="a-1060"
            ecep:lem="a"
            ecep:pos="dt"
            ecep:reg="a"
            ecep:spe="a"
            ecep:syllab="1"
            ecep:pron="ə">a</w>
         <c> </c>
         <w xml:id="bjb18-297460"
            n="a-1070"
            ecep:lem="flaw"
            ecep:pos="n1"
            ecep:reg="flaw"
            ecep:spe="flaw"
            ecep:syllab="1"
            ecep:pron="flɔː">flaw</w>
         <pc xml:id="bjb18-297470"
             n="a-1080"
             ecep:lem=";"
             ecep:pos=";"
             ecep:reg=";"
             ecep:spe=";">;</pc>
      </l>
      <l xml:id="bjb18-l15460">
         <c> </c>
         <w xml:id="bjb18-297480"
            n="a-1090"
            ecep:lem="and"
            ecep:pos="cc"
            ecep:reg="And"
            ecep:spe="And"
            ecep:syllab="1"
            ecep:pron="ænd">And</w>
         <c> </c>
         <w xml:id="bjb18-297490"
            n="a-1100"
            ecep:lem="aye"
            ecep:pos="uh"
            ecep:reg="aye"
            ecep:spe="aye"
            ecep:syllab="1"
            ecep:pron="eɪ">aye</w>
         <c> </c>
         <w xml:id="bjb18-297500"
            n="a-1110"
            ecep:lem="by"
            ecep:pos="p-acp"
            ecep:reg="by"
            ecep:spe="by"
            ecep:syllab="1"
            ecep:pron="baɪ">by</w>
         <c> </c>
         <w xml:id="bjb18-297510"
            n="a-1120"
            ecep:lem="every"
            ecep:pos="d"
            ecep:reg="every"
            ecep:spe="every"
            ecep:syllab="2"
            ecep:pron="ˈevri">every</w>
         <c> </c>
         <w xml:id="bjb18-297520"
            n="a-1130"
            ecep:lem="honest"
            ecep:pos="j"
            ecep:reg="honest"
            ecep:spe="honest"
            ecep:syllab="2"
            ecep:pron="ˈɒnɪst">honest</w>
         <c> </c>
         <w xml:id="bjb18-297530"
            n="a-1140"
            ecep:lem="chiel"
            ecep:pos="n1"
            ecep:reg="chiel"
            ecep:spe="chiel"
            ecep:syllab="1"
            ecep:pron="tʃiːl">chiel</w>
      </l>
      <l rendition="#h_3" xml:id="bjb18-l15465">
         <c> </c>
         <w xml:id="bjb18-297540"
            n="a-1150"
            ecep:lem="his"
            ecep:pos="po31"
            ecep:reg="His"
            ecep:spe="His"
            ecep:syllab="1"
            ecep:pron="hɪz">His</w>
         <c> </c>
         <w xml:id="bjb18-297550"
            n="a-1160"
            ecep:lem="word"
            ecep:pos="n1"
            ecep:reg="word"
            ecep:spe="word"
            ecep:syllab="1"
            ecep:pron="wɜːd">word</w>
         <c> </c>
         <w xml:id="bjb18-297560"
            n="a-1170"
            ecep:lem="be"
            ecep:pos="vbds"
            ecep:reg="was"
            ecep:spe="was"
            ecep:syllab="1"
            ecep:pron="wɒz">was</w>
         <c> </c>
         <w xml:id="bjb18-297570"
            n="a-1180"
            ecep:lem="hold"
            ecep:pos="vvn"
            ecep:reg="held"
            ecep:spe="holden"
            ecep:syllab="2"
            ecep:pron="ˈhəʊldən">holden</w>
         <c> </c>
         <w xml:id="bjb18-297580"
            n="a-1190"
            ecep:lem="as"
            ecep:pos="p-acp"
            ecep:reg="as"
            ecep:spe="as"
            ecep:syllab="1"
            ecep:pron="æz">as</w>
         <c> </c>
         <w xml:id="bjb18-297590"
            n="a-1200"
            ecep:lem="a"
            ecep:pos="dt"
            ecep:reg="a"
            ecep:spe="a"
            ecep:syllab="1"
            ecep:pron="ə">a</w>
         <c> </c>
         <w xml:id="bjb18-297600"
            n="a-1210"
            ecep:lem="law"
            ecep:pos="n1"
            ecep:reg="law"
            ecep:spe="law"
            ecep:syllab="1"
            ecep:pron="lɔː">law</w>
         <pc xml:id="bjb18-297610"
             n="a-1220"
             unit="sentence"
             ecep:lem="."
             ecep:pos="."
             ecep:reg="."
             ecep:spe=".">.</pc>
         <c> </c>
      </l>
   </lg>
   <pb facs="bjb18/0201" n="185" rend="none"/>
   <lg xml:id="bjb18-s01590">
      <l xml:id="bjb18-l15470">
         <w xml:id="bjb18-297640"
            n="a-0010"
            ecep:lem="and"
            ecep:pos="cc"
            ecep:reg="And"
            ecep:spe="And"
            ecep:syllab="1"
            ecep:pron="ænd">And</w>
         <c> </c>
         <w xml:id="bjb18-297650"
            n="a-0020"
            ecep:lem="be"
            ecep:pos="vbds"
            ecep:reg="was"
            ecep:spe="was"
            ecep:syllab="1"
            ecep:pron="wɒz">was</w>
         <c> </c>
         <w xml:id="bjb18-297660"
            n="a-0030"
            ecep:lem="not"
            ecep:pos="xx"
            ecep:reg="nam"
            ecep:spe="na"
            ecep:syllab="1"
            ecep:pron="nɑː">na</w>
         <pc xml:id="bjb18-297670"
             n="a-0040"
             ecep:lem="'"
             ecep:pos="'"
             ecep:reg="'"
             ecep:spe="'">'</pc>
         <c> </c>
         <w xml:id="bjb18-297680"
            n="a-0050"
            ecep:lem="Willie"
            ecep:pos="np1"
            ecep:reg="Willie"
            ecep:spe="Willie"
            ecep:syllab="2"
            ecep:pron="ˈwɪli">Willie</w>
         <c> </c>
         <w xml:id="bjb18-297690"
            n="a-0060"
            ecep:lem="still"
            ecep:pos="vvi"
            ecep:reg="still"
            ecep:spe="still"
            ecep:syllab="1"
            ecep:pron="stɪl">still</w>
         <c> </c>
         <w xml:id="bjb18-297700"
            n="a-0070"
            ecep:lem="our"
            ecep:pos="po12"
            ecep:reg="our"
            ecep:spe="our"
            ecep:syllab="1"
            ecep:pron="æə">our</w>
         <c> </c>
         <w xml:id="bjb18-297710"
            n="a-0080"
            ecep:lem="pride"
            ecep:pos="n1"
            ecep:reg="pride"
            ecep:spe="pride"
            ecep:syllab="1"
            ecep:pron="praɪd">pride</w>
      </l>
      <l rendition="#h_3" xml:id="bjb18-l15475">
         <c> </c>
         <w xml:id="bjb18-297720"
            n="a-0090"
            ecep:lem="when"
            ecep:pos="c-crq"
            ecep:reg="When"
            ecep:spe="When"
            ecep:syllab="1"
            ecep:pron="wen">When</w>
         <pc xml:id="bjb18-297730"
             n="a-0100"
             ecep:lem=","
             ecep:pos=","
             ecep:reg=","
             ecep:spe=",">,</pc>
         <c> </c>
         <w xml:id="bjb18-297740"
            n="a-0110"
            ecep:lem="in"
            ecep:pos="p-acp"
            ecep:reg="in"
            ecep:spe="in"
            ecep:syllab="1"
            ecep:pron="ɪn">in</w>
         <c> </c>
         <w xml:id="bjb18-297750"
            n="a-0120"
            ecep:lem="his"
            ecep:pos="po31"
            ecep:reg="his"
            ecep:spe="his"
            ecep:syllab="1"
            ecep:pron="hɪz">his</w>
         <c> </c>
         <w xml:id="bjb18-297760"
            n="a-0130"
            ecep:lem="gallant"
            ecep:pos="j-jn"
            ecep:reg="gallant"
            ecep:spe="gallant"
            ecep:syllab="2"
            ecep:pron="ˈgælənt">gallant</w>
         <c> </c>
         <w xml:id="bjb18-297770"
            n="a-0140"
            ecep:lem="gear"
            ecep:pos="n1"
            ecep:reg="gear"
            ecep:spe="gear"
            ecep:syllab="1"
            ecep:pron="gɪə">gear</w>
         <c> </c>
         <w xml:id="bjb18-297780"
            n="a-0150"
            ecep:lem="array"
            ecep:pos="vvn"
            ecep:reg="arrayed"
            ecep:spe="arrayed"
            ecep:syllab="2"
            ecep:pron="əˈreɪd">arrayed</w>
         <pc xml:id="bjb18-297790"
             n="a-0160"
             ecep:lem=","
             ecep:pos=","
             ecep:reg=","
             ecep:spe=",">,</pc>
      </l>
      <l xml:id="bjb18-l15480">
         <c> </c>
         <w xml:id="bjb18-297800"
            n="a-0170"
            ecep:lem="he"
            ecep:pos="pns31"
            ecep:reg="He"
            ecep:spe="He"
            ecep:syllab="1"
            ecep:pron="hiː">He</w>
         <c> </c>
         <w xml:id="bjb18-297810"
            n="a-0180"
            ecep:lem="win"
            ecep:pos="vvd"
            ecep:reg="won"
            ecep:spe="wan"
            ecep:syllab="1"
            ecep:pron="wɒn">wan</w>
         <c> </c>
         <w xml:id="bjb18-297820"
            n="a-0190"
            ecep:lem="the"
            ecep:pos="dt"
            ecep:reg="the"
            ecep:spe="the"
            ecep:syllab="1"
            ecep:pron="ðiː">the</w>
         <c> </c>
         <w xml:id="bjb18-297830"
            n="a-0200"
            ecep:lem="bruise"
            ecep:pos="n1"
            ecep:reg="bruise"
            ecep:spe="bruise"
            ecep:syllab="1"
            ecep:pron="bruːz">bruise</w>
         <note n="*" place="bottom" xml:id="bjb18-n00070">
            <w xml:id="bjb18-297900"
               n="a-0210"
               ecep:lem="bruise"
               ecep:pos="n1"
               ecep:reg="Bruise"
               ecep:spe="Bruise"
               ecep:syllab="1"
               ecep:pron="bruːz">Bruise</w>
            <pc xml:id="bjb18-297910"
                n="a-0220"
                ecep:lem=","
                ecep:pos=","
                ecep:reg=","
                ecep:spe=",">,</pc>
            <c> </c>
            <w xml:id="bjb18-297920"
               n="a-0230"
               ecep:lem="a"
               ecep:pos="dt"
               ecep:reg="a"
               ecep:spe="a"
               ecep:syllab="1"
               ecep:pron="ə">a</w>
            <c> </c>
            <w xml:id="bjb18-297930"
               n="a-0240"
               ecep:lem="race"
               ecep:pos="n1"
               ecep:reg="race"
               ecep:spe="race"
               ecep:syllab="1"
               ecep:pron="reɪs">race</w>
            <c> </c>
            <w xml:id="bjb18-297940"
               n="a-0250"
               ecep:lem="at"
               ecep:pos="p-acp"
               ecep:reg="at"
               ecep:spe="at"
               ecep:syllab="1"
               ecep:pron="æt">at</w>
            <c> </c>
            <w xml:id="bjb18-297950"
               n="a-0260"
               ecep:lem="a"
               ecep:pos="dt"
               ecep:reg="a"
               ecep:spe="a"
               ecep:syllab="1"
               ecep:pron="ə">a</w>
            <c> </c>
            <w xml:id="bjb18-297960"
               n="a-0270"
               ecep:lem="wedding"
               ecep:pos="n1"
               ecep:reg="wedding"
               ecep:spe="wedding"
               ecep:syllab="2"
               ecep:pron="ˈwedɪŋ">wedding</w>
            <pc xml:id="bjb18-297970"
                n="a-0280"
                ecep:lem=","
                ecep:pos=","
                ecep:reg=","
                ecep:spe=",">,</pc>
            <c> </c>
            <w xml:id="bjb18-297980"
               n="a-0290"
               ecep:lem="the"
               ecep:pos="dt"
               ecep:reg="the"
               ecep:spe="the"
               ecep:syllab="1"
               ecep:pron="ðiː">the</w>
            <c> </c>
            <w xml:id="bjb18-297990"
               n="a-0300"
               ecep:lem="winner"
               ecep:pos="n1"
               ecep:reg="winner"
               ecep:spe="winner"
               ecep:syllab="2"
               ecep:pron="ˈwɪnə">winner</w>
            <c> </c>
            <w xml:id="bjb18-298000"
               n="a-0310"
               ecep:lem="be"
               ecep:pos="vbg"
               ecep:reg="being"
               ecep:spe="being"
               ecep:syllab="2"
               ecep:pron="ˈbiːɪŋ">being</w>
            <c> </c>
            <w xml:id="bjb18-298010"
               n="a-0320"
               ecep:lem="reward"
               ecep:pos="vvn"
               ecep:reg="rewarded"
               ecep:spe="rewarded"
               ecep:syllab="3"
               ecep:pron="rɪˈwɔːdɪd">rewarded</w>
            <c> </c>
            <w xml:id="bjb18-298020"
               n="a-0330"
               ecep:lem="with"
               ecep:pos="p-acp"
               ecep:reg="with"
               ecep:spe="with"
               ecep:syllab="1"
               ecep:pron="wɪð">with</w>
            <c> </c>
            <w xml:id="bjb18-298030"
               n="a-0340"
               ecep:lem="the"
               ecep:pos="dt"
               ecep:reg="the"
               ecep:spe="the"
               ecep:syllab="1"
               ecep:pron="ðiː">the</w>
            <c> </c>
            <w xml:id="bjb18-298040"
               n="a-0350"
               ecep:lem="first"
               ecep:pos="ord"
               ecep:reg="first"
               ecep:spe="first"
               ecep:syllab="1"
               ecep:pron="ˈfɜːst">first</w>
            <c> </c>
            <w xml:id="bjb18-298050"
               n="a-0360"
               ecep:lem="kiss"
               ecep:pos="n1"
               ecep:reg="kiss"
               ecep:spe="kiss"
               ecep:syllab="1"
               ecep:pron="kɪs">kiss</w>
            <c> </c>
            <w xml:id="bjb18-298060"
               n="a-0370"
               ecep:lem="of"
               ecep:pos="pp-f"
               ecep:reg="of"
               ecep:spe="of"
               ecep:syllab="1"
               ecep:pron="ɒv">of</w>
            <c> </c>
            <w xml:id="bjb18-298070"
               n="a-0380"
               ecep:lem="the"
               ecep:pos="dt"
               ecep:reg="the"
               ecep:spe="the"
               ecep:syllab="1"
               ecep:pron="ðiː">the</w>
            <c> </c>
            <w xml:id="bjb18-298080"
               n="a-0390"
               ecep:lem="bride"
               ecep:pos="n1"
               ecep:reg="Bride"
               ecep:spe="Bride"
               ecep:syllab="1"
               ecep:pron="braɪd">Bride</w>
            <pc xml:id="bjb18-298090"
                n="a-0400"
                ecep:lem=","
                ecep:pos=","
                ecep:reg=","
                ecep:spe=",">,</pc>
            <c> </c>
            <w xml:id="bjb18-298100"
               n="a-0410"
               ecep:lem="and"
               ecep:pos="cc"
               ecep:reg="and"
               ecep:spe="and"
               ecep:syllab="1"
               ecep:pron="ænd">and</w>
            <c> </c>
            <w xml:id="bjb18-298110"
               n="a-0420"
               ecep:lem="the"
               ecep:pos="dt"
               ecep:reg="the"
               ecep:spe="the"
               ecep:syllab="1"
               ecep:pron="ðiː">the</w>
            <c> </c>
            <w xml:id="bjb18-298120"
               n="a-0430"
               ecep:lem="first"
               ecep:pos="ord"
               ecep:reg="first"
               ecep:spe="first"
               ecep:syllab="1"
               ecep:pron="ˈfɜːst">first</w>
            <c> </c>
            <w xml:id="bjb18-298130"
               n="a-0440"
               ecep:lem="ladle-pot"
               ecep:pos="n1"
               ecep:reg="ladle-pot"
               ecep:spe="ladle-pot"
               ecep:syllab="3"
               ecep:pron="ˈleɪdlˌpɒt">ladle-pot</w>
            <c> </c>
            <w xml:id="bjb18-298140"
               n="a-0450"
               ecep:lem="of"
               ecep:pos="pp-f"
               ecep:reg="of"
               ecep:spe="of"
               ecep:syllab="1"
               ecep:pron="ɒv">of</w>
            <c> </c>
            <w xml:id="bjb18-298150"
               n="a-0460"
               ecep:lem="broth"
               ecep:pos="n1"
               ecep:reg="broth"
               ecep:spe="broth"
               ecep:syllab="1"
               ecep:pron="brɒθ">broth</w>
            <pc xml:id="bjb18-298160"
                n="a-0470"
                unit="sentence"
                ecep:lem="."
                ecep:pos="."
                ecep:reg="."
                ecep:spe=".">.</pc>
         </note>
         <c> </c>
         <w xml:id="bjb18-297840"
            n="a-0480"
            ecep:lem="and"
            ecep:pos="cc"
            ecep:reg="and"
            ecep:spe="and"
            ecep:syllab="1"
            ecep:pron="ænd">and</w>
         <c> </c>
         <w xml:id="bjb18-297850"
            n="a-0490"
            ecep:lem="kiss"
            ecep:pos="vvd"
            ecep:reg="kissed"
            ecep:spe="kist"
            ecep:syllab="1"
            ecep:pron="kɪst">kist</w>
         <c> </c>
         <w xml:id="bjb18-297860"
            n="a-0500"
            ecep:lem="the"
            ecep:pos="dt"
            ecep:reg="the"
            ecep:spe="the"
            ecep:syllab="1"
            ecep:pron="ðiː">the</w>
         <c> </c>
         <w xml:id="bjb18-297870"
            n="a-0510"
            ecep:lem="bride"
            ecep:pos="n1"
            ecep:reg="bride"
            ecep:spe="bride"
            ecep:syllab="1"
            ecep:pron="braɪd">bride</w>
         <pc xml:id="bjb18-297880"
             n="a-0520"
             ecep:lem=","
             ecep:pos=","
             ecep:reg=","
             ecep:spe=",">,</pc>
      </l>
      <l rendition="#h_3" xml:id="bjb18-l15485">
         <c> </c>
         <w xml:id="bjb18-298170"
            n="a-0530"
            ecep:lem="while"
            ecep:pos="cs"
            ecep:reg="While"
            ecep:spe="While"
            ecep:syllab="1"
            ecep:pron="ˈwaɪl">While</w>
         <c> </c>
         <w xml:id="bjb18-298180"
            n="a-0540"
            ecep:lem="pipe"
            ecep:pos="n2"
            ecep:reg="pipes"
            ecep:spe="pipes"
            ecep:syllab="1"
            ecep:pron="paɪps">pipes</w>
         <c> </c>
         <w xml:id="bjb18-298190"
            n="a-0550"
            ecep:lem="the"
            ecep:pos="dt"
            ecep:reg="the"
            ecep:spe="the"
            ecep:syllab="1"
            ecep:pron="ðiː">the</w>
         <c> </c>
         <w xml:id="bjb18-298200"
            n="a-0560"
            ecep:lem="wed"
            ecep:pos="j-vvg"
            ecep:reg="wedding"
            ecep:spe="wedding"
            ecep:syllab="2"
            ecep:pron="ˈwedɪŋ">wedding</w>
         <c> </c>
         <w xml:id="bjb18-298210"
            n="a-0570"
            ecep:lem="welcome"
            ecep:pos="n-jn"
            ecep:reg="welcome"
            ecep:spe="welcome"
            ecep:syllab="2"
            ecep:pron="ˈwelkəm">welcome</w>
         <c> </c>
         <w xml:id="bjb18-298220"
            n="a-0580"
            ecep:lem="play"
            ecep:pos="vvn"
            ecep:reg="played"
            ecep:spe="played"
            ecep:syllab="1"
            ecep:pron="pleɪd">played</w>
         <pc xml:id="bjb18-298230"
             n="a-0590"
             unit="sentence"
             ecep:lem="."
             ecep:pos="."
             ecep:reg="."
             ecep:spe=".">.</pc>
         <c> </c>
      </l>
   </lg>
   <lg xml:id="bjb18-s01595">
      <l xml:id="bjb18-l15490">
         <w xml:id="bjb18-298260"
            n="a-0600"
            ecep:lem="and"
            ecep:pos="cc"
            ecep:reg="And"
            ecep:spe="And"
            ecep:syllab="1"
            ecep:pron="ænd">And</w>
         <c> </c>
         <w xml:id="bjb18-298270"
            n="a-0610"
            ecep:lem="aye"
            ecep:pos="uh"
            ecep:reg="aye"
            ecep:spe="aye"
            ecep:syllab="1"
            ecep:pron="eɪ">aye</w>
         <c> </c>
         <w xml:id="bjb18-298280"
            n="a-0620"
            ecep:lem="he"
            ecep:pos="pns31"
            ecep:reg="he"
            ecep:spe="he"
            ecep:syllab="1"
            ecep:pron="hiː">he</w>
         <c> </c>
         <w xml:id="bjb18-298290"
            n="a-0630"
            ecep:lem="lead"
            ecep:pos="vvd"
            ecep:reg="led"
            ecep:spe="led"
            ecep:syllab="1"
            ecep:pron="led">led</w>
         <c> </c>
         <w xml:id="bjb18-298300"
            n="a-0640"
            ecep:lem="the"
            ecep:pos="dt"
            ecep:reg="the"
            ecep:spe="the"
            ecep:syllab="1"
            ecep:pron="ðiː">the</w>
         <c> </c>
         <w xml:id="bjb18-298310"
            n="a-0650"
            ecep:lem="foremost"
            ecep:pos="js"
            ecep:reg="foremost"
            ecep:spe="foremost"
            ecep:syllab="2"
            ecep:pron="ˈfɔːməʊst">foremost</w>
         <c> </c>
         <w xml:id="bjb18-298320"
            n="a-0660"
            ecep:lem="dance"
            ecep:pos="n1"
            ecep:reg="dance"
            ecep:spe="dance"
            ecep:syllab="1"
            ecep:pron="dɑːns">dance</w>
         <pc xml:id="bjb18-298330"
             n="a-0670"
             ecep:lem=","
             ecep:pos=","
             ecep:reg=","
             ecep:spe=",">,</pc>
      </l>
      <l rendition="#h_3" xml:id="bjb18-l15495">
         <c> </c>
         <w xml:id="bjb18-298340"
            n="a-0680"
            ecep:lem="with"
            ecep:pos="p-acp"
            ecep:reg="With"
            ecep:spe="Wi'"
            ecep:syllab="1"
            ecep:pron="wˈaɪ">Wi'</w>
         <c> </c>
         <w xml:id="bjb18-298350"
            n="a-0690"
            ecep:lem="winsom"
            ecep:pos="j"
            ecep:reg="winsom"
            ecep:spe="winsom"
            ecep:syllab="2"
            ecep:pron="wˈɪnsəm">winsom</w>
         <c> </c>
         <w xml:id="bjb18-298360"
            n="a-0700"
            ecep:lem="maiden"
            ecep:pos="n2"
            ecep:reg="maidens"
            ecep:spe="maidens"
            ecep:syllab="2"
            ecep:pron="ˈmeɪdnz">maidens</w>
         <c> </c>
         <w xml:id="bjb18-298370"
            n="a-0710"
            ecep:lem="buskit"
            ecep:pos="vvb"
            ecep:reg="buskit"
            ecep:spe="buskit"
            ecep:syllab="2"
            ecep:pron="bˈʌskɪt">buskit</w>
         <c> </c>
         <w xml:id="bjb18-298380"
            n="a-0720"
            ecep:lem="braw"
            ecep:pos="j"
            ecep:reg="braw"
            ecep:spe="braw"
            ecep:syllab="1"
            ecep:pron="brɔː">braw</w>
         <pc xml:id="bjb18-298390"
             n="a-0730"
             ecep:lem=","
             ecep:pos=","
             ecep:reg=","
             ecep:spe=",">,</pc>
      </l>
      <l xml:id="bjb18-l15500">
         <c> </c>
         <w xml:id="bjb18-298400"
            n="a-0740"
            ecep:lem="and"
            ecep:pos="cc"
            ecep:reg="And"
            ecep:spe="And"
            ecep:syllab="1"
            ecep:pron="ænd">And</w>
         <c> </c>
         <w xml:id="bjb18-298410"
            n="a-0750"
            ecep:lem="give"
            ecep:pos="vvd"
            ecep:reg="gave"
            ecep:spe="gave"
            ecep:syllab="1"
            ecep:pron="geɪv">gave</w>
         <c> </c>
         <w xml:id="bjb18-298420"
            n="a-0760"
            ecep:lem="to"
            ecep:pos="p-acp"
            ecep:reg="to"
            ecep:spe="to"
            ecep:syllab="1"
            ecep:pron="tuː">to</w>
         <c> </c>
         <w xml:id="bjb18-298430"
            n="a-0770"
            ecep:lem="each"
            ecep:pos="d"
            ecep:reg="each"
            ecep:spe="each"
            ecep:syllab="1"
            ecep:pron="iːtʃ">each</w>
         <c> </c>
         <w xml:id="bjb18-298440"
            n="a-0780"
            ecep:lem="a"
            ecep:pos="dt"
            ecep:reg="a"
            ecep:spe="a"
            ecep:syllab="1"
            ecep:pron="ə">a</w>
         <c> </c>
         <w xml:id="bjb18-298450"
            n="a-0790"
            ecep:lem="merry"
            ecep:pos="j"
            ecep:reg="merry"
            ecep:spe="merry"
            ecep:syllab="2"
            ecep:pron="ˈmeri">merry</w>
         <c> </c>
         <w xml:id="bjb18-298460"
            n="a-0800"
            ecep:lem="glance"
            ecep:pos="n1"
            ecep:reg="glance"
            ecep:spe="glance"
            ecep:syllab="1"
            ecep:pron="glɑːns">glance</w>
      </l>
      <l rendition="#h_3" xml:id="bjb18-l15505">
         <c> </c>
         <w xml:id="bjb18-298470"
            n="a-0810"
            ecep:lem="that"
            ecep:pos="cst"
            ecep:reg="That"
            ecep:spe="That"
            ecep:syllab="1"
            ecep:pron="ðæt">That</w>
         <c> </c>
         <w xml:id="bjb18-298480"
            n="a-0820"
            ecep:lem="steal"
            ecep:pos="vvd"
            ecep:reg="stole"
            ecep:spe="stole"
            ecep:syllab="1"
            ecep:pron="stəʊl">stole</w>
         <pc xml:id="bjb18-298490"
             n="a-0830"
             ecep:lem=","
             ecep:pos=","
             ecep:reg=","
             ecep:spe=",">,</pc>
         <c> </c>
         <w xml:id="bjb18-298500"
            n="a-0840"
            ecep:lem="a"
            ecep:pos="dt"
            ecep:reg="a"
            ecep:spe="a"
            ecep:syllab="1"
            ecep:pron="ə">a</w>
         <c> </c>
         <w xml:id="bjb18-298510"
            n="a-0850"
            ecep:lem="while"
            ecep:pos="n1"
            ecep:reg="while"
            ecep:spe="while"
            ecep:syllab="1"
            ecep:pron="ˈwaɪl">while</w>
         <pc xml:id="bjb18-298520"
             n="a-0860"
             ecep:lem=","
             ecep:pos=","
             ecep:reg=","
             ecep:spe=",">,</pc>
         <c> </c>
         <w xml:id="bjb18-298530"
            n="a-0870"
            ecep:lem="her"
            ecep:pos="po31"
            ecep:reg="her"
            ecep:spe="her"
            ecep:syllab="1"
            ecep:pron="hɜː">her</w>
         <c> </c>
         <w xml:id="bjb18-298540"
            n="a-0880"
            ecep:lem="heart"
            ecep:pos="n1"
            ecep:reg="heart"
            ecep:spe="heart"
            ecep:syllab="1"
            ecep:pron="hɑːt">heart</w>
         <c> </c>
         <w xml:id="bjb18-298550"
            n="a-0890"
            ecep:lem="away"
            ecep:pos="av"
            ecep:reg="avua"
            ecep:spe="awa"
            ecep:syllab="2"
            ecep:pron="ʌwˈæ">awa</w>
         <pc xml:id="bjb18-298560"
             n="a-0900"
             ecep:lem="'"
             ecep:pos="'"
             ecep:reg="'"
             ecep:spe="'">'</pc>
         <c> </c>
         <pc xml:id="bjb18-298570"
             n="a-0910"
             unit="sentence"
             ecep:lem="."
             ecep:pos="."
             ecep:reg="."
             ecep:spe=".">.</pc>
         <c> </c>
      </l>
   </lg>
   <lg xml:id="bjb18-s01600">
      <l xml:id="bjb18-l15510">
         <w xml:id="bjb18-298600"
            n="a-0920"
            ecep:lem="the"
            ecep:pos="dt"
            ecep:reg="The"
            ecep:spe="The"
            ecep:syllab="1"
            ecep:pron="ðiː">The</w>
         <c> </c>
         <w xml:id="bjb18-298610"
            n="a-0930"
            ecep:lem="bride"
            ecep:pos="n1"
            ecep:reg="bride"
            ecep:spe="bride"
            ecep:syllab="1"
            ecep:pron="braɪd">bride</w>
         <c> </c>
         <w xml:id="bjb18-298620"
            n="a-0940"
            ecep:lem="forget"
            ecep:pos="vvd"
            ecep:reg="forgot"
            ecep:spe="forgot"
            ecep:syllab="2"
            ecep:pron="fəˈgɒt">forgot</w>
         <c> </c>
         <w xml:id="bjb18-298630"
            n="a-0950"
            ecep:lem="her"
            ecep:pos="po31"
            ecep:reg="her"
            ecep:spe="her"
            ecep:syllab="1"
            ecep:pron="hɜː">her</w>
         <c> </c>
         <w xml:id="bjb18-298640"
            n="a-0960"
            ecep:lem="simple"
            ecep:pos="j"
            ecep:reg="simple"
            ecep:spe="simple"
            ecep:syllab="2"
            ecep:pron="ˈsɪmpl">simple</w>
         <c> </c>
         <w xml:id="bjb18-298650"
            n="a-0970"
            ecep:lem="groom"
            ecep:pos="n1"
            ecep:reg="groom"
            ecep:spe="groom"
            ecep:syllab="1"
            ecep:pron="gruːm">groom</w>
         <pc xml:id="bjb18-298660"
             n="a-0980"
             ecep:lem=","
             ecep:pos=","
             ecep:reg=","
             ecep:spe=",">,</pc>
      </l>
      <l rendition="#h_3" xml:id="bjb18-l15515">
         <c> </c>
         <w xml:id="bjb18-298670"
            n="a-0990"
            ecep:lem="and"
            ecep:pos="cc"
            ecep:reg="And"
            ecep:spe="And"
            ecep:syllab="1"
            ecep:pron="ænd">And</w>
         <c> </c>
         <w xml:id="bjb18-298680"
            n="a-1000"
            ecep:lem="every"
            ecep:pos="d"
            ecep:reg="every"
            ecep:spe="every"
            ecep:syllab="2"
            ecep:pron="ˈevri">every</w>
         <c> </c>
         <w xml:id="bjb18-298690"
            n="a-1010"
            ecep:lem="lass"
            ecep:pos="n1"
            ecep:reg="lass"
            ecep:spe="lass"
            ecep:syllab="1"
            ecep:pron="læs">lass</w>
         <c> </c>
         <w xml:id="bjb18-298700"
            n="a-1020"
            ecep:lem="her"
            ecep:pos="po31"
            ecep:reg="her"
            ecep:spe="her"
            ecep:syllab="1"
            ecep:pron="hɜː">her</w>
         <c> </c>
         <w xml:id="bjb18-298710"
            n="a-1030"
            ecep:lem="tryst"
            ecep:pos="j-vvn"
            ecep:reg="trysted"
            ecep:spe="trysted"
            ecep:syllab="2"
            ecep:pron="trɪstɪd">trysted</w>
         <note n="+" place="bottom" xml:id="bjb18-n00075">
            <w xml:id="bjb18-298750"
               n="a-1040"
               ecep:lem="trist"
               ecep:pos="j-vvn"
               ecep:reg="Tristed"
               ecep:spe="Tristed"
               ecep:syllab="2"
               ecep:pron="trˈɪstɪd">Tristed</w>
            <pc xml:id="bjb18-298760"
                n="a-1050"
                ecep:lem=","
                ecep:pos=","
                ecep:reg=","
                ecep:spe=",">,</pc>
            <c> </c>
            <w xml:id="bjb18-298770"
               n="a-1060"
               ecep:lem="meet"
               ecep:pos="vvn"
               ecep:reg="met"
               ecep:spe="met"
               ecep:syllab="1"
               ecep:pron="met">met</w>
            <c> </c>
            <w xml:id="bjb18-298780"
               n="a-1070"
               ecep:lem="by"
               ecep:pos="p-acp"
               ecep:reg="by"
               ecep:spe="by"
               ecep:syllab="1"
               ecep:pron="baɪ">by</w>
            <c> </c>
            <w xml:id="bjb18-298790"
               n="a-1080"
               ecep:lem="appointment"
               ecep:pos="n1"
               ecep:reg="appointment"
               ecep:spe="appointment"
               ecep:syllab="3"
               ecep:pron="əˈpɔɪntmənt">appointment</w>
            <pc xml:id="bjb18-298800"
                n="a-1090"
                unit="sentence"
                ecep:lem="."
                ecep:pos="."
                ecep:reg="."
                ecep:spe=".">.</pc>
         </note>
         <c> </c>
         <w xml:id="bjb18-298720"
            n="a-1100"
            ecep:lem="Joe"
            ecep:pos="np1"
            ecep:reg="Joe"
            ecep:spe="Joe"
            ecep:syllab="1"
            ecep:pron="ˈdʒəʊ">Joe</w>
         <pc xml:id="bjb18-298730"
             n="a-1110"
             ecep:lem=";"
             ecep:pos=";"
             ecep:reg=";"
             ecep:spe=";">;</pc>
      </l>
      <l xml:id="bjb18-l15520">
         <c> </c>
         <w xml:id="bjb18-298810"
            n="a-1120"
            ecep:lem="yet"
            ecep:pos="av"
            ecep:reg="Yet"
            ecep:spe="Yet"
            ecep:syllab="1"
            ecep:pron="jet">Yet</w>
         <c> </c>
         <w xml:id="bjb18-298820"
            n="a-1130"
            ecep:lem="no"
            ecep:pos="dx"
            ecep:reg="nae"
            ecep:spe="nae"
            ecep:syllab="1"
            ecep:pron="neɪ">nae</w>
         <c> </c>
         <w xml:id="bjb18-298830"
            n="a-1140"
            ecep:lem="man"
            ecep:pos="ng1"
            ecep:reg="man's"
            ecep:spe="man's"
            ecep:syllab="1"
            ecep:pron="ˈmænz">man's</w>
         <c> </c>
         <w xml:id="bjb18-298840"
            n="a-1150"
            ecep:lem="brow"
            ecep:pos="n1"
            ecep:reg="brow"
            ecep:spe="brow"
            ecep:syllab="1"
            ecep:pron="braʊ">brow</w>
         <c> </c>
         <w xml:id="bjb18-298850"
            n="a-1160"
            ecep:lem="on"
            ecep:pos="p-acp"
            ecep:reg="on"
            ecep:spe="on"
            ecep:syllab="1"
            ecep:pron="ɒn">on</w>
         <c> </c>
         <w xml:id="bjb18-298860"
            n="a-1170"
            ecep:lem="will"
            ecep:pos="n1"
            ecep:reg="Will"
            ecep:spe="Will"
            ecep:syllab="1"
            ecep:pron="wɪl">Will</w>
         <c> </c>
         <w xml:id="bjb18-298870"
            n="a-1180"
            ecep:lem="can"
            ecep:pos="vmd"
            ecep:reg="could"
            ecep:spe="could"
            ecep:syllab="1"
            ecep:pron="kʊd">could</w>
         <c> </c>
         <w xml:id="bjb18-298880"
            n="a-1190"
            ecep:lem="gloom"
            ecep:pos="n1"
            ecep:reg="gloom"
            ecep:spe="gloom"
            ecep:syllab="1"
            ecep:pron="gluːm">gloom</w>
         <pc xml:id="bjb18-298890"
             n="a-1200"
             ecep:lem=","
             ecep:pos=","
             ecep:reg=","
             ecep:spe=",">,</pc>
      </l>
      <l rendition="#h_3" xml:id="bjb18-l15525">
         <c> </c>
         <w xml:id="bjb18-298900"
            n="a-1210"
            ecep:lem="they"
            ecep:pos="pns32"
            ecep:reg="They"
            ecep:spe="They"
            ecep:syllab="1"
            ecep:pron="ðeɪ">They</w>
         <c> </c>
         <w xml:id="bjb18-298910"
            n="a-1220"
            ecep:lem="like"
            ecep:pos="vvd"
            ecep:reg="liked"
            ecep:spe="liked"
            ecep:syllab="1"
            ecep:pron="laɪkt">liked</w>
         <c> </c>
         <w xml:id="bjb18-298920"
            n="a-1230"
            ecep:lem="his"
            ecep:pos="po31"
            ecep:reg="his"
            ecep:spe="his"
            ecep:syllab="1"
            ecep:pron="hɪz">his</w>
         <c> </c>
         <w xml:id="bjb18-298930"
            n="a-1240"
            ecep:lem="rouse"
            ecep:pos="j-vvg"
            ecep:reg="rousing"
            ecep:spe="rousing"
            ecep:syllab="2"
            ecep:pron="raʊzɪŋ">rousing</w>
         <c> </c>
         <w xml:id="bjb18-298940"
            n="a-1250"
            ecep:lem="blitheness"
            ecep:pos="n1"
            ecep:reg="blitheness"
            ecep:spe="blitheness"
            ecep:syllab="2"
            ecep:pron="blaɪðnəs">blitheness</w>
         <c> </c>
         <w xml:id="bjb18-298950"
            n="a-1260"
            ecep:lem="so"
            ecep:pos="av"
            ecep:reg="so"
            ecep:spe="so"
            ecep:syllab="1"
            ecep:pron="səʊ">so</w>
         <pc xml:id="bjb18-298960"
             n="a-1270"
             unit="sentence"
             ecep:lem="."
             ecep:pos="."
             ecep:reg="."
             ecep:spe=".">.</pc>
         <c> </c>
      </l>
   </lg>
   <pb facs="bjb18/0202" n="186" rend="none"/>
   <lg xml:id="bjb18-s01605">
      <l xml:id="bjb18-l15530">
         <w xml:id="bjb18-298990"
            n="a-0010"
            ecep:lem="our"
            ecep:pos="po12"
            ecep:reg="Our"
            ecep:spe="Our"
            ecep:syllab="1"
            ecep:pron="æə">Our</w>
         <c> </c>
         <w xml:id="bjb18-299000"
            n="a-0020"
            ecep:lem="good"
            ecep:pos="j"
            ecep:reg="good"
            ecep:spe="good"
            ecep:syllab="1"
            ecep:pron="gʊd">good</w>
         <c> </c>
         <w xml:id="bjb18-299010"
            n="a-0030"
            ecep:lem="mess"
            ecep:pos="n1"
            ecep:reg="Mess"
            ecep:spe="Mess"
            ecep:syllab="1"
            ecep:pron="mes">Mess</w>
         <c> </c>
         <w xml:id="bjb18-299020"
            n="a-0040"
            ecep:lem="John"
            ecep:pos="np1"
            ecep:reg="John"
            ecep:spe="John"
            ecep:syllab="1"
            ecep:pron="dʒɒn">John</w>
         <c> </c>
         <w xml:id="bjb18-299030"
            n="a-0050"
            ecep:lem="laugh"
            ecep:pos="vvd"
            ecep:reg="laughed"
            ecep:spe="laughed"
            ecep:syllab="1"
            ecep:pron="lɑːft">laughed</w>
         <c> </c>
         <w xml:id="bjb18-299040"
            n="a-0060"
            ecep:lem="with"
            ecep:pos="p-acp"
            ecep:reg="with"
            ecep:spe="wi'"
            ecep:syllab="1"
            ecep:pron="wˈaɪ">wi'</w>
         <c> </c>
         <w xml:id="bjb18-299050"
            n="a-0070"
            ecep:lem="the"
            ecep:pos="dt"
            ecep:reg="the"
            ecep:spe="the"
            ecep:syllab="1"
            ecep:pron="ðiː">the</w>
         <c> </c>
         <w xml:id="bjb18-299060"
            n="a-0080"
            ecep:lem="laive"
            ecep:pos="fw-mi"
            ecep:reg="laive"
            ecep:spe="laive"
            ecep:syllab="1"
            ecep:pron="lˈeɪv">laive</w>
         <pc xml:id="bjb18-299070"
             n="a-0090"
             ecep:lem=";"
             ecep:pos=";"
             ecep:reg=";"
             ecep:spe=";">;</pc>
      </l>
      <l rendition="#h_3" xml:id="bjb18-l15535">
         <c> </c>
         <w xml:id="bjb18-299080"
            n="a-0100"
            ecep:lem="the"
            ecep:pos="dt"
            ecep:reg="The"
            ecep:spe="The"
            ecep:syllab="1"
            ecep:pron="ðiː">The</w>
         <c> </c>
         <w xml:id="bjb18-299090"
            n="a-0110"
            ecep:lem="dominie"
            ecep:pos="fw-fr"
            ecep:reg="dominie"
            ecep:spe="dominie"
            ecep:syllab="3"
            ecep:pron="ˈdɒmɪni">dominie</w>
         <c> </c>
         <w xml:id="bjb18-299100"
            n="a-0120"
            ecep:lem="for"
            ecep:pos="p-acp"
            ecep:reg="for"
            ecep:spe="for"
            ecep:syllab="1"
            ecep:pron="fɔː">for</w>
         <c> </c>
         <w xml:id="bjb18-299110"
            n="a-0130"
            ecep:lem="all"
            ecep:pos="d"
            ecep:reg="of"
            ecep:spe="a'"
            ecep:syllab="1"
            ecep:pron="ə">a'</w>
         <c> </c>
         <w xml:id="bjb18-299120"
            n="a-0140"
            ecep:lem="his"
            ecep:pos="po31"
            ecep:reg="his"
            ecep:spe="his"
            ecep:syllab="1"
            ecep:pron="hɪz">his</w>
         <c> </c>
         <w xml:id="bjb18-299130"
            n="a-0150"
            ecep:lem="lair"
            ecep:pos="n1"
            ecep:reg="lair"
            ecep:spe="lair"
            ecep:syllab="1"
            ecep:pron="leə">lair</w>
      </l>
      <l xml:id="bjb18-l15540">
         <c> </c>
         <w xml:id="bjb18-299140"
            n="a-0160"
            ecep:lem="can"
            ecep:pos="vmd"
            ecep:reg="Could"
            ecep:spe="Could"
            ecep:syllab="1"
            ecep:pron="kʊd">Could</w>
         <c> </c>
         <w xml:id="bjb18-299150"
            n="a-0170"
            ecep:lem="scarce"
            ecep:pos="av-j"
            ecep:reg="scarcely"
            ecep:spe="scarcely"
            ecep:syllab="2"
            ecep:pron="skeəsli">scarcely</w>
         <c> </c>
         <w xml:id="bjb18-299160"
            n="a-0180"
            ecep:lem="like"
            ecep:pos="vvi"
            ecep:reg="like"
            ecep:spe="like"
            ecep:syllab="1"
            ecep:pron="laɪk">like</w>
         <c> </c>
         <w xml:id="bjb18-299170"
            n="a-0190"
            ecep:lem="himself"
            ecep:pos="px31"
            ecep:reg="himself"
            ecep:spe="himsell"
            ecep:syllab="2"
            ecep:pron="hˈɪmsel">himsell</w>
         <c> </c>
         <w xml:id="bjb18-299180"
            n="a-0200"
            ecep:lem="behave"
            ecep:pos="vvi"
            ecep:reg="behave"
            ecep:spe="behave"
            ecep:syllab="2"
            ecep:pron="bɪˈheɪv">behave</w>
         <pc xml:id="bjb18-299190"
             n="a-0210"
             ecep:lem=","
             ecep:pos=","
             ecep:reg=","
             ecep:spe=",">,</pc>
      </l>
      <l rendition="#h_3" xml:id="bjb18-l15545">
         <c> </c>
         <w xml:id="bjb18-299200"
            n="a-0220"
            ecep:lem="while"
            ecep:pos="cs"
            ecep:reg="While"
            ecep:spe="While"
            ecep:syllab="1"
            ecep:pron="ˈwaɪl">While</w>
         <c> </c>
         <w xml:id="bjb18-299210"
            n="a-0230"
            ecep:lem="all"
            ecep:pos="d"
            ecep:reg="of"
            ecep:spe="a'"
            ecep:syllab="1"
            ecep:pron="ə">a'</w>
         <c> </c>
         <w xml:id="bjb18-299220"
            n="a-0240"
            ecep:lem="be"
            ecep:pos="vbds"
            ecep:reg="was"
            ecep:spe="was"
            ecep:syllab="1"
            ecep:pron="wɒz">was</w>
         <c> </c>
         <w xml:id="bjb18-299230"
            n="a-0250"
            ecep:lem="glee"
            ecep:pos="n1"
            ecep:reg="glee"
            ecep:spe="glee"
            ecep:syllab="1"
            ecep:pron="gliː">glee</w>
         <c> </c>
         <w xml:id="bjb18-299240"
            n="a-0260"
            ecep:lem="and"
            ecep:pos="cc"
            ecep:reg="and"
            ecep:spe="and"
            ecep:syllab="1"
            ecep:pron="ænd">and</w>
         <c> </c>
         <w xml:id="bjb18-299250"
            n="a-0270"
            ecep:lem="revel"
            ecep:pos="vvi"
            ecep:reg="revel"
            ecep:spe="revel"
            ecep:syllab="2"
            ecep:pron="ˈrevl">revel</w>
         <c> </c>
         <w xml:id="bjb18-299260"
            n="a-0280"
            ecep:lem="there"
            ecep:pos="a-acp"
            ecep:reg="there"
            ecep:spe="there"
            ecep:syllab="1"
            ecep:pron="ðeə">there</w>
         <pc xml:id="bjb18-299270"
             n="a-0290"
             unit="sentence"
             ecep:lem="."
             ecep:pos="."
             ecep:reg="."
             ecep:spe=".">.</pc>
         <c> </c>
      </l>
   </lg>
   <lg xml:id="bjb18-s01610">
      <l xml:id="bjb18-l15550">
         <w xml:id="bjb18-299300"
            n="a-0300"
            ecep:lem="a"
            ecep:pos="dt"
            ecep:reg="A"
            ecep:spe="A"
            ecep:syllab="1"
            ecep:pron="ə">A</w>
         <c> </c>
         <w xml:id="bjb18-299310"
            n="a-0310"
            ecep:lem="joyous"
            ecep:pos="j"
            ecep:reg="joyous"
            ecep:spe="joyous"
            ecep:syllab="2"
            ecep:pron="ˈdʒɔɪəs">joyous</w>
         <c> </c>
         <w xml:id="bjb18-299320"
            n="a-0320"
            ecep:lem="sight"
            ecep:pos="n1"
            ecep:reg="sight"
            ecep:spe="sight"
            ecep:syllab="1"
            ecep:pron="saɪt">sight</w>
         <c> </c>
         <w xml:id="bjb18-299330"
            n="a-0330"
            ecep:lem="be"
            ecep:pos="vbds"
            ecep:reg="was"
            ecep:spe="was"
            ecep:syllab="1"
            ecep:pron="wɒz">was</w>
         <c> </c>
         <w xml:id="bjb18-299340"
            n="a-0340"
            ecep:lem="willie"
            ecep:pos="npg1"
            ecep:reg="Willie's"
            ecep:spe="Willie's"
            ecep:syllab="2"
            ecep:pron="ˈwɪliz">Willie's</w>
         <c> </c>
         <w xml:id="bjb18-299350"
            n="a-0350"
            ecep:lem="face"
            ecep:pos="n1"
            ecep:reg="face"
            ecep:spe="face"
            ecep:syllab="1"
            ecep:pron="feɪs">face</w>
         <pc xml:id="bjb18-299360"
             n="a-0360"
             ecep:lem=","
             ecep:pos=","
             ecep:reg=","
             ecep:spe=",">,</pc>
      </l>
      <l rendition="#h_3" xml:id="bjb18-l15555">
         <c> </c>
         <w xml:id="bjb18-299370"
            n="a-0370"
            ecep:lem="both"
            ecep:pos="d"
            ecep:reg="Baith"
            ecep:spe="Baith"
            ecep:syllab="1"
            ecep:pron="beɪθ">Baith</w>
         <c> </c>
         <w xml:id="bjb18-299380"
            n="a-0380"
            ecep:lem="far"
            ecep:pos="av-j"
            ecep:reg="far"
            ecep:spe="far"
            ecep:syllab="1"
            ecep:pron="fɑː">far</w>
         <c> </c>
         <w xml:id="bjb18-299390"
            n="a-0390"
            ecep:lem="and"
            ecep:pos="cc"
            ecep:reg="and"
            ecep:spe="and"
            ecep:syllab="1"
            ecep:pron="ænd">and</w>
         <c> </c>
         <w xml:id="bjb18-299400"
            n="a-0400"
            ecep:lem="near"
            ecep:pos="av-j"
            ecep:reg="near"
            ecep:spe="near"
            ecep:syllab="1"
            ecep:pron="nɪə">near</w>
         <c> </c>
         <w xml:id="bjb18-299410"
            n="a-0410"
            ecep:lem="in"
            ecep:pos="p-acp"
            ecep:reg="in"
            ecep:spe="in"
            ecep:syllab="1"
            ecep:pron="ɪn">in</w>
         <c> </c>
         <w xml:id="bjb18-299420"
            n="a-0420"
            ecep:lem="ilk"
            ecep:pos="d"
            ecep:reg="ilka"
            ecep:spe="ilka"
            ecep:syllab="2"
            ecep:pron="ˈɪlkə">ilka</w>
         <c> </c>
         <w xml:id="bjb18-299430"
            n="a-0430"
            ecep:lem="spot"
            ecep:pos="n1"
            ecep:reg="spot"
            ecep:spe="spot"
            ecep:syllab="1"
            ecep:pron="spɒt">spot</w>
         <pc xml:id="bjb18-299440"
             n="a-0440"
             ecep:lem=";"
             ecep:pos=";"
             ecep:reg=";"
             ecep:spe=";">;</pc>
      </l>
      <l xml:id="bjb18-l15560">
         <c> </c>
         <w xml:id="bjb18-299450"
            n="a-0450"
            ecep:lem="in"
            ecep:pos="p-acp"
            ecep:reg="In"
            ecep:spe="In"
            ecep:syllab="1"
            ecep:pron="ɪn">In</w>
         <c> </c>
         <w xml:id="bjb18-299460"
            n="a-0460"
            ecep:lem="have"
            ecep:pos="vhb"
            ecep:reg="have"
            ecep:spe="ha'"
            ecep:syllab="1"
            ecep:pron="ˈhekteə">ha'</w>
         <c> </c>
         <w xml:id="bjb18-299470"
            n="a-0470"
            ecep:lem="receive"
            ecep:pos="vvn"
            ecep:reg="received"
            ecep:spe="received"
            ecep:syllab="2"
            ecep:pron="rɪˈsiːvd">received</w>
         <c> </c>
         <w xml:id="bjb18-299480"
            n="a-0480"
            ecep:lem="with"
            ecep:pos="p-acp"
            ecep:reg="with"
            ecep:spe="wi'"
            ecep:syllab="1"
            ecep:pron="wˈaɪ">wi'</w>
         <c> </c>
         <w xml:id="bjb18-299490"
            n="a-0490"
            ecep:lem="kindly"
            ecep:pos="j"
            ecep:reg="kindly"
            ecep:spe="kindly"
            ecep:syllab="2"
            ecep:pron="ˈkaɪndli">kindly</w>
         <c> </c>
         <w xml:id="bjb18-299500"
            n="a-0500"
            ecep:lem="grace"
            ecep:pos="n1"
            ecep:reg="grace"
            ecep:spe="grace"
            ecep:syllab="1"
            ecep:pron="greɪs">grace</w>
         <pc xml:id="bjb18-299510"
             n="a-0510"
             ecep:lem=","
             ecep:pos=","
             ecep:reg=","
             ecep:spe=",">,</pc>
      </l>
      <l rendition="#h_3" xml:id="bjb18-l15565">
         <c> </c>
         <w xml:id="bjb18-299520"
            n="a-0520"
            ecep:lem="and"
            ecep:pos="cc"
            ecep:reg="And"
            ecep:spe="And"
            ecep:syllab="1"
            ecep:pron="ænd">And</w>
         <c> </c>
         <w xml:id="bjb18-299530"
            n="a-0530"
            ecep:lem="welcome"
            ecep:pos="vvn"
            ecep:reg="welcomed"
            ecep:spe="welcomed"
            ecep:syllab="2"
            ecep:pron="ˈwelkəmd">welcomed</w>
         <c> </c>
         <w xml:id="bjb18-299540"
            n="a-0540"
            ecep:lem="to"
            ecep:pos="p-acp"
            ecep:reg="to"
            ecep:spe="to"
            ecep:syllab="1"
            ecep:pron="tuː">to</w>
         <c> </c>
         <w xml:id="bjb18-299550"
            n="a-0550"
            ecep:lem="the"
            ecep:pos="dt"
            ecep:reg="the"
            ecep:spe="the"
            ecep:syllab="1"
            ecep:pron="ðiː">the</w>
         <c> </c>
         <w xml:id="bjb18-299560"
            n="a-0560"
            ecep:lem="lowly"
            ecep:pos="j"
            ecep:reg="lowly"
            ecep:spe="lowly"
            ecep:syllab="2"
            ecep:pron="ˈləʊli">lowly</w>
         <c> </c>
         <w xml:id="bjb18-299570"
            n="a-0570"
            ecep:lem="cot"
            ecep:pos="n1"
            ecep:reg="cot"
            ecep:spe="cot"
            ecep:syllab="1"
            ecep:pron="kɒt">cot</w>
         <pc xml:id="bjb18-299580"
             n="a-0580"
             unit="sentence"
             ecep:lem="."
             ecep:pos="."
             ecep:reg="."
             ecep:spe=".">.</pc>
         <c> </c>
      </l>
   </lg>
   <lg xml:id="bjb18-s01615">
      <l xml:id="bjb18-l15570">
         <w xml:id="bjb18-299610"
            n="a-0590"
            ecep:lem="the"
            ecep:pos="dt"
            ecep:reg="The"
            ecep:spe="The"
            ecep:syllab="1"
            ecep:pron="ðiː">The</w>
         <c> </c>
         <w xml:id="bjb18-299620"
            n="a-0600"
            ecep:lem="carlin"
            ecep:pos="n-jn"
            ecep:reg="carlin"
            ecep:spe="carlin"
            ecep:syllab="2"
            ecep:pron="ˈkɑːlɪn">carlin</w>
         <c> </c>
         <w xml:id="bjb18-299630"
            n="a-0610"
            ecep:lem="leave"
            ecep:pos="vvd"
            ecep:reg="left"
            ecep:spe="left"
            ecep:syllab="1"
            ecep:pron="left">left</w>
         <c> </c>
         <w xml:id="bjb18-299640"
            n="a-0620"
            ecep:lem="her"
            ecep:pos="po31"
            ecep:reg="her"
            ecep:spe="her"
            ecep:syllab="1"
            ecep:pron="hɜː">her</w>
         <c> </c>
         <w xml:id="bjb18-299650"
            n="a-0630"
            ecep:lem="housewife"
            ecep:pos="ng1"
            ecep:reg="housewife's"
            ecep:spe="housewife's"
            ecep:syllab="2"
            ecep:pron="ˈhaʊswaɪfs">housewife's</w>
         <c> </c>
         <w xml:id="bjb18-299660"
            n="a-0640"
            ecep:lem="wark"
            ecep:pos="n1"
            ecep:reg="work"
            ecep:spe="wark"
            ecep:syllab="1"
            ecep:pron="wɑːrk">wark</w>
         <pc xml:id="bjb18-299670"
             n="a-0650"
             ecep:lem=","
             ecep:pos=","
             ecep:reg=","
             ecep:spe=",">,</pc>
      </l>
      <l rendition="#h_3" xml:id="bjb18-l15575">
         <c> </c>
         <w xml:id="bjb18-299680"
            n="a-0660"
            ecep:lem="the"
            ecep:pos="dt"
            ecep:reg="The"
            ecep:spe="The"
            ecep:syllab="1"
            ecep:pron="ðiː">The</w>
         <c> </c>
         <w xml:id="bjb18-299690"
            n="a-0670"
            ecep:lem="bairny"
            ecep:pos="n2"
            ecep:reg="bairnies"
            ecep:spe="bairnies"
            ecep:syllab="2"
            ecep:pron="bˈeənɪz">bairnies</w>
         <c> </c>
         <w xml:id="bjb18-299700"
            n="a-0680"
            ecep:lem="shout"
            ecep:pos="vvd"
            ecep:reg="shouted"
            ecep:spe="shouted"
            ecep:syllab="2"
            ecep:pron="ʃaʊtɪd">shouted</w>
         <c> </c>
         <w xml:id="bjb18-299710"
            n="a-0690"
            ecep:lem="willie"
            ecep:pos="npg1"
            ecep:reg="Willie's"
            ecep:spe="Willie's"
            ecep:syllab="2"
            ecep:pron="ˈwɪliz">Willie's</w>
         <c> </c>
         <w xml:id="bjb18-299720"
            n="a-0700"
            ecep:lem="name"
            ecep:pos="n1"
            ecep:reg="name"
            ecep:spe="name"
            ecep:syllab="1"
            ecep:pron="neɪm">name</w>
         <pc xml:id="bjb18-299730"
             n="a-0710"
             ecep:lem=";"
             ecep:pos=";"
             ecep:reg=";"
             ecep:spe=";">;</pc>
      </l>
      <l xml:id="bjb18-l15580">
         <c> </c>
         <w xml:id="bjb18-299740"
            n="a-0720"
            ecep:lem="the"
            ecep:pos="dt"
            ecep:reg="The"
            ecep:spe="The"
            ecep:syllab="1"
            ecep:pron="ðiː">The</w>
         <c> </c>
         <w xml:id="bjb18-299750"
            n="a-0730"
            ecep:lem="colley"
            ecep:pos="n1"
            ecep:reg="colley"
            ecep:spe="colley"
            ecep:syllab="2"
            ecep:pron="kˈɒlɪ">colley</w>
         <c> </c>
         <w xml:id="bjb18-299760"
            n="a-0740"
            ecep:lem="too"
            ecep:pos="av"
            ecep:reg="too"
            ecep:spe="too"
            ecep:syllab="1"
            ecep:pron="tuː">too</w>
         <c> </c>
         <w xml:id="bjb18-299770"
            n="a-0750"
            ecep:lem="will"
            ecep:pos="vmd"
            ecep:reg="would"
            ecep:spe="would"
            ecep:syllab="1"
            ecep:pron="wʊd">would</w>
         <c> </c>
         <w xml:id="bjb18-299780"
            n="a-0760"
            ecep:lem="fidge"
            ecep:pos="n1"
            ecep:reg="fidge"
            ecep:spe="fidge"
            ecep:syllab="1"
            ecep:pron="fɪdʒ">fidge</w>
         <c> </c>
         <w xml:id="bjb18-299790"
            n="a-0770"
            ecep:lem="and"
            ecep:pos="cc"
            ecep:reg="and"
            ecep:spe="and"
            ecep:syllab="1"
            ecep:pron="ænd">and</w>
         <c> </c>
         <w xml:id="bjb18-299800"
            n="a-0780"
            ecep:lem="bark"
            ecep:pos="n1"
            ecep:reg="bark"
            ecep:spe="bark"
            ecep:syllab="1"
            ecep:pron="bɑːk">bark</w>
      </l>
      <l rendition="#h_3" xml:id="bjb18-l15585">
         <c> </c>
         <w xml:id="bjb18-299810"
            n="a-0790"
            ecep:lem="and"
            ecep:pos="cc"
            ecep:reg="And"
            ecep:spe="And"
            ecep:syllab="1"
            ecep:pron="ænd">And</w>
         <c> </c>
         <w xml:id="bjb18-299820"
            n="a-0800"
            ecep:lem="wag"
            ecep:pos="vvi"
            ecep:reg="wag"
            ecep:spe="wag"
            ecep:syllab="1"
            ecep:pron="wæg">wag</w>
         <c> </c>
         <w xml:id="bjb18-299830"
            n="a-0810"
            ecep:lem="his"
            ecep:pos="po31"
            ecep:reg="his"
            ecep:spe="his"
            ecep:syllab="1"
            ecep:pron="hɪz">his</w>
         <c> </c>
         <w xml:id="bjb18-299840"
            n="a-0820"
            ecep:lem="tail"
            ecep:pos="n1"
            ecep:reg="tail"
            ecep:spe="tail"
            ecep:syllab="1"
            ecep:pron="teɪl">tail</w>
         <c> </c>
         <w xml:id="bjb18-299850"
            n="a-0830"
            ecep:lem="when"
            ecep:pos="c-crq"
            ecep:reg="when"
            ecep:spe="when"
            ecep:syllab="1"
            ecep:pron="wen">when</w>
         <c> </c>
         <w xml:id="bjb18-299860"
            n="a-0840"
            ecep:lem="Willie"
            ecep:pos="np1"
            ecep:reg="Willie"
            ecep:spe="Willie"
            ecep:syllab="2"
            ecep:pron="ˈwɪli">Willie</w>
         <c> </c>
         <w xml:id="bjb18-299870"
            n="a-0850"
            ecep:lem="come"
            ecep:pos="vvd"
            ecep:reg="came"
            ecep:spe="came"
            ecep:syllab="1"
            ecep:pron="keɪm">came</w>
         <pc xml:id="bjb18-299880"
             n="a-0860"
             unit="sentence"
             ecep:lem="."
             ecep:pos="."
             ecep:reg="."
             ecep:spe=".">.</pc>
         <c> </c>
      </l>
   </lg>
   <lg xml:id="bjb18-s01620">
      <l xml:id="bjb18-l15590">
         <w xml:id="bjb18-299910"
            n="a-0870"
            ecep:lem="but"
            ecep:pos="p-acp"
            ecep:reg="But"
            ecep:spe="But"
            ecep:syllab="1"
            ecep:pron="bʌt">But</w>
         <c> </c>
         <w xml:id="bjb18-299920"
            n="a-0880"
            ecep:lem="Willie"
            ecep:pos="np1"
            ecep:reg="Willie"
            ecep:spe="Willie"
            ecep:syllab="2"
            ecep:pron="ˈwɪli">Willie</w>
         <c> </c>
         <w xml:id="bjb18-299930"
            n="a-0890"
            ecep:lem="now"
            ecep:pos="av"
            ecep:reg="now"
            ecep:spe="now"
            ecep:syllab="1"
            ecep:pron="naʊ">now</w>
         <c> </c>
         <w xml:id="bjb18-299940"
            n="a-0900"
            ecep:lem="have"
            ecep:pos="vhz"
            ecep:reg="has"
            ecep:spe="has"
            ecep:syllab="1"
            ecep:pron="hæz">has</w>
         <c> </c>
         <w xml:id="bjb18-299950"
            n="a-0910"
            ecep:lem="cross"
            ecep:pos="vvn"
            ecep:reg="crossed"
            ecep:spe="crossed"
            ecep:syllab="1"
            ecep:pron="krɒst">crossed</w>
         <c> </c>
         <w xml:id="bjb18-299960"
            n="a-0920"
            ecep:lem="the"
            ecep:pos="dt"
            ecep:reg="the"
            ecep:spe="the"
            ecep:syllab="1"
            ecep:pron="ðiː">the</w>
         <c> </c>
         <w xml:id="bjb18-299970"
            n="a-0930"
            ecep:lem="main"
            ecep:pos="j"
            ecep:reg="main"
            ecep:spe="main"
            ecep:syllab="1"
            ecep:pron="meɪn">main</w>
         <pc xml:id="bjb18-299980"
             n="a-0940"
             ecep:lem=","
             ecep:pos=","
             ecep:reg=","
             ecep:spe=",">,</pc>
      </l>
      <l rendition="#h_3" xml:id="bjb18-l15595">
         <c> </c>
         <w xml:id="bjb18-299990"
            n="a-0950"
            ecep:lem="and"
            ecep:pos="cc"
            ecep:reg="And"
            ecep:spe="And"
            ecep:syllab="1"
            ecep:pron="ænd">And</w>
         <c> </c>
         <w xml:id="bjb18-300000"
            n="a-0960"
            ecep:lem="he"
            ecep:pos="pns31"
            ecep:reg="he"
            ecep:spe="he"
            ecep:syllab="1"
            ecep:pron="hiː">he</w>
         <c> </c>
         <w xml:id="bjb18-300010"
            n="a-0970"
            ecep:lem="have"
            ecep:pos="vhz"
            ecep:reg="has"
            ecep:spe="has"
            ecep:syllab="1"
            ecep:pron="hæz">has</w>
         <c> </c>
         <w xml:id="bjb18-300020"
            n="a-0980"
            ecep:lem="be"
            ecep:pos="vbn"
            ecep:reg="been"
            ecep:spe="been"
            ecep:syllab="1"
            ecep:pron="biːn">been</w>
         <c> </c>
         <w xml:id="bjb18-300030"
            n="a-0990"
            ecep:lem="so"
            ecep:pos="av"
            ecep:reg="sae"
            ecep:spe="sae"
            ecep:syllab="1"
            ecep:pron="ˌeseɪˈiː">sae</w>
         <c> </c>
         <w xml:id="bjb18-300040"
            n="a-1000"
            ecep:lem="long"
            ecep:pos="av-j"
            ecep:reg="long"
            ecep:spe="lang"
            ecep:syllab="1"
            ecep:pron="læŋ">lang</w>
         <c> </c>
         <w xml:id="bjb18-300050"
            n="a-1010"
            ecep:lem="away"
            ecep:pos="av"
            ecep:reg="avua"
            ecep:spe="awa"
            ecep:syllab="2"
            ecep:pron="ʌwˈæ">awa</w>
         <pc xml:id="bjb18-300060"
             n="a-1020"
             ecep:lem="'"
             ecep:pos="'"
             ecep:reg="'"
             ecep:spe="'">'</pc>
         <c> </c>
         <pc xml:id="bjb18-300070"
             n="a-1030"
             unit="sentence"
             ecep:lem="!"
             ecep:pos="!"
             ecep:reg="!"
             ecep:spe="!">!</pc>
         <c> </c>
      </l>
      <l xml:id="bjb18-l15600">
         <w xml:id="bjb18-300080"
            n="a-1040"
            ecep:lem="oh"
            ecep:pos="uh"
            ecep:reg="O"
            ecep:spe="Oh"
            ecep:syllab="1"
            ecep:pron="əʊ">Oh</w>
         <pc xml:id="bjb18-300085"
             n="a-1040"
             ecep:lem="!"
             ecep:pos="!"
             ecep:reg="!"
             ecep:spe="!">!</pc>
         <c> </c>
         <w xml:id="bjb18-300090"
            n="a-1050"
            ecep:lem="will"
            ecep:pos="vmd"
            ecep:reg="would"
            ecep:spe="would"
            ecep:syllab="1"
            ecep:pron="wʊd">would</w>
         <c> </c>
         <w xml:id="bjb18-300100"
            n="a-1060"
            ecep:lem="he"
            ecep:pos="pns31"
            ecep:reg="he"
            ecep:spe="he"
            ecep:syllab="1"
            ecep:pron="hiː">he</w>
         <c> </c>
         <w xml:id="bjb18-300110"
            n="a-1070"
            ecep:lem="be"
            ecep:pos="vbdr"
            ecep:reg="were"
            ecep:spe="were"
            ecep:syllab="1"
            ecep:pron="wɜː">were</w>
         <c> </c>
         <w xml:id="bjb18-300120"
            n="a-1080"
            ecep:lem="return"
            ecep:pos="vvn"
            ecep:reg="returned"
            ecep:spe="returned"
            ecep:syllab="2"
            ecep:pron="rɪˈtɜːnd">returned</w>
         <c> </c>
         <w xml:id="bjb18-300130"
            n="a-1090"
            ecep:lem="again"
            ecep:pos="av"
            ecep:reg="again"
            ecep:spe="again"
            ecep:syllab="2"
            ecep:pron="əˈgen">again</w>
      </l>
      <l rendition="#h_3" xml:id="bjb18-l15605">
         <c> </c>
         <w xml:id="bjb18-300140"
            n="a-1100"
            ecep:lem="to"
            ecep:pos="pc-acp"
            ecep:reg="To"
            ecep:spe="To"
            ecep:syllab="1"
            ecep:pron="tuː">To</w>
         <c> </c>
         <w xml:id="bjb18-300150"
            n="a-1110"
            ecep:lem="drive"
            ecep:pos="vvi"
            ecep:reg="drive"
            ecep:spe="drive"
            ecep:syllab="1"
            ecep:pron="draɪv">drive</w>
         <c> </c>
         <w xml:id="bjb18-300160"
            n="a-1120"
            ecep:lem="the"
            ecep:pos="dt"
            ecep:reg="the"
            ecep:spe="the"
            ecep:syllab="1"
            ecep:pron="ðiː">the</w>
         <c> </c>
         <w xml:id="bjb18-300170"
            n="a-1130"
            ecep:lem="dourness"
            ecep:pos="n1"
            ecep:reg="dourness"
            ecep:spe="dourness"
            ecep:syllab="2"
            ecep:pron="dʊənəs">dourness</w>
         <note n="*" place="bottom" xml:id="bjb18-n00080">
            <w xml:id="bjb18-300230"
               n="a-1140"
               ecep:lem="doufness"
               ecep:pos="n1"
               ecep:reg="Doufness"
               ecep:spe="Doufness"
               ecep:syllab="2"
               ecep:pron="dˈuːfnəs">Doufness</w>
            <pc xml:id="bjb18-300240"
                n="a-1150"
                ecep:lem=","
                ecep:pos=","
                ecep:reg=","
                ecep:spe=",">,</pc>
            <c> </c>
            <w xml:id="bjb18-300250"
               n="a-1160"
               ecep:lem="dullness"
               ecep:pos="n1"
               ecep:reg="dullness"
               ecep:spe="dullness"
               ecep:syllab="2"
               ecep:pron="dʌlnəs">dullness</w>
            <pc xml:id="bjb18-300260"
                n="a-1170"
                unit="sentence"
                ecep:lem="."
                ecep:pos="."
                ecep:reg="."
                ecep:spe=".">.</pc>
         </note>
         <c> </c>
         <w xml:id="bjb18-300180"
            n="a-1180"
            ecep:lem="from"
            ecep:pos="p-acp"
            ecep:reg="frae"
            ecep:spe="frae"
            ecep:syllab="1"
            ecep:pron="freɪ">frae</w>
         <c> </c>
         <w xml:id="bjb18-300190"
            n="a-1190"
            ecep:lem="we"
            ecep:pos="pno12"
            ecep:reg="us"
            ecep:spe="us"
            ecep:syllab="1"
            ecep:pron="ʌs">us</w>
         <c> </c>
         <w xml:id="bjb18-300200"
            n="a-1200"
            ecep:lem="all"
            ecep:pos="d"
            ecep:reg="of"
            ecep:spe="a'"
            ecep:syllab="1"
            ecep:pron="ə">a'</w>
         <pc xml:id="bjb18-300210"
             n="a-1210"
             unit="sentence"
             ecep:lem="!"
             ecep:pos="!"
             ecep:reg="!"
             ecep:spe="!">!</pc>
         <c> </c>
      </l>
   </lg>
</div>
